Stock,Date,MS Fair Value,MS,Tips Target,Tips Stars,Stars,Current Price,Fair Value,Valid Fair Value,Low Price,High Price,"3 Mths
Target","3 Mths
Target %",Intrinsic Value Basic,Intrinsic Value Basic %,Intrinsic Value Adjusted,Intrinsic Value Adjusted %,🙈 Symbol,"🙈 Google
Symbol",Score,Analyst Target Price,Tip Ranks Difference
NYSE:AA,23 Jun 2026,$55.51,3,$78.71,7,3.22,$45.26,22.65%,,,,$45.86,1.33%,$79.52,75.69%,$85.49,88.89%,AA,NYSE:AA,0.212,$62.98,24.98%
NASDAQ:AAL,28 Jul 2025,$12.45,3,$13.73,1,0.91,$15.27,-18.46%,,,,$14.41,-5.63%,$0.00,-100.00%,$0.00,-100.00%,AAL,NASDAQ:AAL,-0.786,$19.08,-28.04%
NASDAQ:AAOI,30 Jan 2026,$36.44,3,$38.25,6,5.00,$94.32,-61.37%,,,,$0.00,-100.00%,$75.07,-20.41%,$77.43,-17.91%,AAOI,NASDAQ:AAOI,-1.000,$157.30,-75.68%
NASDAQ:AAON,22 Jan 2026,$81.94,2,$119.00,4,2.41,$89.06,-7.99%,,,,$94.07,5.63%,$93.65,5.16%,$87.41,-1.85%,AAON,NASDAQ:AAON,-0.153,$151.33,-21.36%
NASDAQ:AAPL,19 Jan 2026,$237.95,2,$299.69,8,1.10,$308.91,-22.97%,,,,$334.49,8.28%,$443.44,43.55%,$458.60,48.46%,AAPL,NASDAQ:AAPL,-0.654,$319.72,-6.26%
NYSE:AAT,22 Apr 2026,$25.97,5,$19.00,3,3.95,$23.59,-19.46%,,,,$24.79,5.09%,$9.03,-61.70%,$29.44,24.81%,AAT,NYSE:AAT,0.621,$23.50,-19.15%
NASDAQ:ABCB,12 Oct 2025,$69.25,3,$77.00,6,,$87.21,-20.59%,,,,,-100.00%,-$2.00,-102.29%,-$2.00,-102.29%,ABCB,NYSE:ABCB,-2.000,,
NYSE:ABCB,19 Nov 2025,$73.43,3,,,2.68,$87.21,-15.80%,,,,$89.89,3.07%,$0.00,-100.00%,$0.00,-100.00%,ABCB,NYSE:ABCB,0.040,$94.17,
NYSE:ABEV,19 Mar 2026,$3.23,4,$3.12,5,3.39,$3.11,0.32%,,,,$3.23,3.86%,$4.44,42.74%,$5.31,70.68%,ABEV,NYSE:ABEV,0.357,$3.36,-7.14%
NYSE:ABM,30 Aug 2025,$55.78,4,$58.40,6,2.61,$47.91,16.43%,,,,$50.55,5.51%,$5.20,-89.16%,$24.88,-48.08%,ABM,NYSE:ABM,0.004,$52.43,11.39%
NYSE:ABT,11 Dec 2025,$121.58,3,$147.38,6,2.48,$105.70,15.02%,,,,$108.39,2.54%,$0.00,-100.00%,$0.00,-100.00%,ABT,NYSE:ABT,-0.056,$118.42,24.46%
NYSE:ACCO,28 Apr 2026,$4.93,5,$7.00,6,3.64,$4.22,16.93%,,,,$4.51,6.87%,-$8.05,-290.65%,$1.42,-66.44%,ACCO,NYSE:ACCO,0.396,$7.67,-8.74%
NYSE:ACEL,18 Sep 2025,$12.91,4,$15.00,7,4.45,$12.02,7.38%,,,,$0.00,-100.00%,$14.20,18.11%,$22.98,91.22%,ACEL,NYSE:ACEL,-1.000,$15.50,-3.23%
NASDAQ:ACGL,29 Aug 2025,$97.27,4,$108.00,5,3.58,$100.53,-3.24%,,,,$108.73,8.16%,$214.89,113.76%,$220.97,119.80%,ACGL,NASDAQ:ACGL,0.436,$110.61,-2.36%
NYSE:ACI,21 May 2026,$24.29,3,$22.00,6,2.98,$11.58,89.98%,,,,$12.55,8.38%,$0.00,-100.00%,$0.00,-100.00%,ACI,NYSE:ACI,0.128,$14.81,48.55%
NASDAQ:ACIW,10 Feb 2026,$52.10,5,$63.33,2,3.81,$57.33,-9.12%,,,,$0.00,-100.00%,$79.68,38.99%,$97.14,69.43%,ACIW,NASDAQ:ACIW,-1.000,$66.67,-5.01%
NASDAQ:ACLS,27 May 2026,$130.64,2,$167.25,8,4.51,$130.38,0.20%,,,,$0.00,-100.00%,$131.61,0.94%,$137.09,5.15%,ACLS,NASDAQ:ACLS,-1.000,$169.67,-1.43%
NASDAQ:ACMR,5 Feb 2026,$52.94,2,$43.25,9,4.51,$78.47,-44.88%,,,,$0.00,-100.00%,$93.83,19.58%,$97.20,23.87%,ACMR,NASDAQ:ACMR,-1.000,$102.14,-57.66%
NYSE:ACN,24 May 2026,$244.46,3,$254.70,8,2.71,$165.92,47.34%,,,,$179.33,8.08%,$414.20,149.64%,$459.71,177.07%,ACN,NYSE:ACN,0.054,$178.89,42.38%
NYSE:ACVA,18 Sep 2025,$10.72,3,,,4.30,$7.49,43.15%,,,,$0.00,-100.00%,$18.00,140.37%,$20.49,173.63%,ACVA,NYSE:ACVA,-1.000,$9.43,
NYSE:ADC,19 Sep 2025,$79.26,4,$81.90,8,,$77.80,1.88%,,,,,-100.00%,-$2.00,-102.57%,-$2.00,-102.57%,ADC,NYSE:ADC,-2.000,,
NASDAQ:ADEA,5 Feb 2026,$20.67,3,,,,$26.65,-22.42%,,,,,-100.00%,-$2.00,-107.50%,-$2.00,-107.50%,ADEA,NASDAQ:ADEA,-2.000,,
NASDAQ:ADI,4 Jan 2026,$270.08,3,$290.50,7,2.90,$367.41,-26.49%,,,,$375.60,2.23%,$391.68,6.60%,$431.73,17.51%,ADI,NASDAQ:ADI,0.101,$457.73,-36.53%
NASDAQ:ADIL,11 Jul 2025,$0.51,3,,,,$3.34,-84.64%,,,,,-100.00%,-$2.00,-159.88%,-$2.00,-159.88%,ADIL,NASDAQ:ADIL,-2.000,,
NASDAQ:ADP,27 Jan 2026,$279.90,4,$288.80,7,2.62,$266.46,5.04%,,,,$285.11,7.00%,$449.74,68.78%,$516.45,93.82%,ADP,NASDAQ:ADP,0.037,$256.87,12.43%
NASDAQ:ADTN,10 Feb 2026,$10.14,3,$12.50,8,2.69,$8.51,19.16%,,,,$8.31,-2.35%,$3.53,-58.49%,$15.48,81.89%,ADTN,NASDAQ:ADTN,-0.027,$18.50,-32.43%
NYSE:AEM,24 Oct 2025,$79.48,1,,,2.52,$145.27,-45.29%,,,,$141.57,-2.55%,$227.19,56.39%,$282.33,94.35%,AEM,NYSE:AEM,-0.103,$216.12,
NASDAQ:AEMD,4 Dec 2025,$7.60,3,,,,$0.66,1051.52%,,,,,-100.00%,-$2.00,-403.03%,-$2.00,-403.03%,AEMD,NASDAQ:AEMD,-2.000,,
NASDAQ:AEP,18 Sep 2025,$104.71,2,,,3.21,$127.85,-18.10%,,,,$137.23,7.34%,$43.41,-66.05%,$68.54,-46.39%,AEP,NASDAQ:AEP,0.264,$145.67,
NYSE:AER,5 Mar 2026,$119.70,1,,,,$150.90,-20.68%,,,,,-100.00%,-$2.00,-101.33%,-$2.00,-101.33%,AER,NYSE:AER,-2.000,,
NYSE:AES,11 Jul 2025,$13.47,3,,,3.37,$14.68,-8.28%,,,,$15.24,3.81%,-$57.01,-488.37%,-$32.00,-317.96%,AES,NYSE:AES,0.361,$15.00,
NASDAQ:AFYA,30 Jun 2026,$16.79,3,$21.00,2,2.56,$14.27,17.69%,,,,$14.51,1.68%,$96.13,573.68%,$117.65,724.49%,AFYA,NASDAQ:AFYA,-0.035,$16.75,25.37%
NYSE:AG,12 Aug 2025,$7.66,3,,,1.31,$15.03,-49.07%,,,,$14.80,-1.53%,$30.26,101.35%,$36.02,139.65%,AG,NYSE:AG,-0.641,$24.25,
NYSE:AGI,24 Oct 2025,$19.15,2,,,1.78,$27.83,-31.19%,,,,$28.09,0.93%,$34.16,22.76%,$41.55,49.29%,AGI,NYSE:AGI,-0.432,$47.50,
NYSE:AGM,11 Nov 2025,$179.75,4,$219.00,5,2.61,$227.60,-21.02%,,,,$219.89,-3.39%,"-$2,808.75",-1334.07%,"-$2,827.20",-1342.18%,AGM,NYSE:AGM,0.033,$219.67,-0.31%
NASDAQ:AGNC,23 Dec 2025,$10.87,3,$10.31,9,3.48,$10.66,-3.28%,,,,$11.37,6.66%,$0.00,-100.00%,$0.00,-100.00%,AGNC,NASDAQ:AGNC,0.406,$11.06,-6.78%
NYSE:AGO,3 Jan 2025,$100.22,4,$105.33,1,2.78,$82.72,21.16%,,,,$87.49,5.77%,$182.96,121.18%,$182.91,121.12%,AGO,NYSE:AGO,0.080,$91.67,14.90%
NYSE:AGRO,27 Aug 2025,$9.55,4,$9.40,1,3.14,$9.97,-5.72%,,,,$10.32,3.51%,$13.22,32.60%,$29.60,196.93%,AGRO,NYSE:AGRO,0.184,$13.58,-30.78%
NASDAQ:AHCO,3 Dec 2025,$13.94,3,$13.67,6,4.55,$10.80,26.57%,,,,$0.00,-100.00%,$12.53,16.00%,$27.27,152.49%,AHCO,NASDAQ:AHCO,-1.000,$14.14,-3.32%
NYSE:AIG,17 Jul 2025,$84.76,3,$90.60,5,3.04,$78.58,7.86%,,,,$82.68,5.22%,-$125.02,-259.10%,-$61.06,-177.70%,AIG,NYSE:AIG,0.192,$88.55,2.32%
NASDAQ:AIMD,29 Jan 2026,$2.10,3,,,,$1.33,58.20%,,,,,-100.00%,-$2.00,-250.38%,-$2.00,-250.38%,AIMD,NASDAQ:AIMD,-2.000,,
NYSE:AIN,15 Aug 2025,$77.61,3,$66.80,4,3.24,$74.51,-10.35%,,,,$77.54,4.07%,$107.76,44.62%,$78.27,5.04%,AIN,NYSE:AIN,0.356,$58.67,13.86%
NASDAQ:AIP,5 Feb 2026,$16.04,3,$20.50,7,1.03,$29.88,-46.32%,,,,$26.28,-12.05%,$26.00,-12.99%,$27.20,-8.96%,AIP,NASDAQ:AIP,-0.737,$38.20,-46.34%
NASDAQ:AIRS,23 Aug 2025,$6.69,3,$5.00,5,4.50,$4.81,3.95%,,,,$0.00,-100.00%,$5.63,17.01%,$7.43,54.53%,AIRS,NASDAQ:AIRS,-1.000,$6.25,-20.00%
NYSE:AIV,30 Jul 2026,$2.92,3,,2,4.80,$2.69,8.55%,8.55%,$2.92,$7.00,$2.82,4.83%,-$2.35,-187.44%,$3.58,32.92%,AIV,NYSE:AIV,0.910,$7.00,
NYSE:AIZ,29 Aug 2025,$221.82,3,$239.50,10,2.86,$279.19,-20.55%,,,,$289.99,3.87%,-$12.40,-104.44%,$74.42,-73.34%,AIZ,NYSE:AIZ,0.126,$293.00,-18.26%
NASDAQ:AKAM,11 Feb 2026,$114.28,5,$103.73,9,4.93,$115.18,-9.94%,,,,$0.00,-100.00%,$102.69,-10.85%,$150.73,30.87%,AKAM,NASDAQ:AKAM,-1.000,$159.74,-35.06%
NYSE:AL,2 Jan 2026,$58.27,3,$66.50,5,,#N/A,#N/A,,,,,#N/A,-$2.00,#N/A,-$2.00,#N/A,AL,NYSE:AL,-2.000,,
NASDAQ:ALAB,27 Jan 2026,$140.56,1,$194.64,5,2.77,$311.23,-54.84%,,,,$0.00,-100.00%,$267.62,-14.01%,$268.57,-13.71%,ALAB,NASDAQ:ALAB,-1.000,$297.01,-34.47%
NYSE:ALC,27 Aug 2025,$81.45,1,,,2.29,$68.94,18.15%,,,,$69.53,0.86%,$91.80,33.16%,$130.09,88.71%,ALC,NYSE:ALC,-0.175,$87.32,
NYSE:ALEX,18 Nov 2025,$16.62,4,$21.00,5,,#N/A,#N/A,,,,$0.00,#N/A,$20.77,#N/A,$26.25,#N/A,ALEX,NYSE:ALEX,-1.000,$21.00,0.00%
NASDAQ:ALGM,19 Jan 2026,$25.92,2,$39.14,8,4.81,$41.50,-37.55%,,,,$0.00,-100.00%,$45.65,10.00%,$50.48,21.63%,ALGM,NASDAQ:ALGM,-1.000,$56.55,-30.79%
NYSE:ALIT,11 Feb 2026,$3.53,3,$3.67,5,2.50,$16.98,-79.18%,,,,$19.60,15.43%,$44.32,161.01%,$303.49,1687.36%,ALIT,NYSE:ALIT,-0.111,$44.00,-91.66%
NYSE:ALL,28 Apr 2026,$199.62,2,$248.30,5,2.59,$264.08,-24.41%,,,,$281.60,6.63%,$559.29,111.79%,$582.44,120.55%,ALL,NYSE:ALL,0.026,$254.68,-2.51%
NYSE:ALLE,24 Oct 2025,$165.38,3,,,2.10,$157.40,5.07%,,,,$158.14,0.47%,$261.57,66.18%,$288.83,83.50%,ALLE,NYSE:ALLE,-0.219,$169.82,
NYSE:ALLY,29 Jun 2026,$48.35,3,$53.00,9,3.11,$43.33,11.59%,,,,$45.39,4.75%,$0.00,-100.00%,$0.00,-100.00%,ALLY,NYSE:ALLY,0.196,$53.88,-1.63%
NASDAQ:ALNT,4 Feb 2026,$50.47,2,,,1.54,$87.46,-42.29%,,,,$78.49,-10.26%,$82.50,-5.68%,$103.54,18.39%,ALNT,NASDAQ:ALNT,-0.423,$76.80,
NASDAQ:ALRM,11 Feb 2026,$60.94,3,$85.00,1,3.48,$54.75,11.31%,,,,$0.00,-100.00%,$115.83,111.56%,$132.66,142.30%,ALRM,NASDAQ:ALRM,-1.000,$60.00,41.67%
NASDAQ:ALRS,27 Oct 2025,$24.54,3,$25.63,7,2.50,$33.27,-26.25%,,,,$33.34,0.21%,-$115.56,-447.33%,-$110.38,-431.76%,ALRS,NASDAQ:ALRS,-0.007,$31.00,-17.32%
NYSE:ALSN,22 Sep 2025,$99.81,4,$98.14,3,2.90,$114.54,-14.32%,,,,$122.59,7.03%,$91.46,-20.15%,$123.86,8.14%,ALSN,NYSE:ALSN,0.112,$137.30,-28.52%
NASDAQ:ALT,23 Dec 2025,$9.35,5,$13.00,2,5.00,$2.84,229.23%,,,,$0.00,-100.00%,$2.17,-23.59%,$2.18,-23.29%,ALT,NASDAQ:ALT,-1.000,$17.22,-24.51%
NASDAQ:ALTS,12 Aug 2025,$5.33,2,,,,#N/A,#N/A,,,,,#N/A,-$2.00,#N/A,-$2.00,#N/A,ALTS,NASDAQ:ALTS,-2.000,,
NASDAQ:ALVO,23 Aug 2025,$8.66,3,,,5.00,$4.12,110.24%,,,,$0.00,-100.00%,$0.32,-92.12%,$1.33,-67.73%,ALVO,NASDAQ:ALVO,-1.000,$6.50,
NASDAQ:AMAL,2 Oct 2025,$30.65,3,,1,2.85,$49.38,-37.93%,,,,$50.97,3.22%,$0.00,-100.00%,$0.00,-100.00%,AMAL,NASDAQ:AMAL,0.116,$53.50,
NYSE:AMBP,29 Aug 2025,$5.14,4,,6,3.65,$4.73,8.65%,,,,$5.33,12.68%,$6.31,33.43%,$13.67,189.01%,AMBP,NYSE:AMBP,0.469,$5.15,
NYSE:AMBQ,29 Jan 2026,$40.84,3,,,4.42,$63.59,-35.78%,,,,$0.00,-100.00%,$0.00,-100.00%,$0.00,-100.00%,AMBQ,NYSE:AMBQ,-1.000,$81.67,
NYSE:AMCR,21 May 2026,$52.70,5,$46.80,4,3.48,$44.88,4.28%,,,,$47.49,5.82%,$29.45,-34.39%,$22.83,-49.14%,AMCR,NYSE:AMCR,0.398,$48.36,-3.23%
NASDAQ:AMD,28 Jan 2026,$229.36,2,$286.66,9,4.04,$476.15,-51.83%,,,,$0.00,-100.00%,$517.86,8.76%,$548.81,15.26%,AMD,NASDAQ:AMD,-1.000,$575.49,-50.19%
NYSE:AME,19 Nov 2025,$189.82,2,$220.17,2,2.22,$241.71,-21.47%,,,,$236.32,-2.23%,$336.00,39.01%,$365.73,51.31%,AME,NYSE:AME,-0.165,$263.39,-16.41%
NASDAQ:AMPG,9 Feb 2026,$2.53,3,$9.00,7,5.00,$4.65,-45.63%,,,,$0.00,-100.00%,$3.73,-19.82%,$3.84,-17.47%,AMPG,NASDAQ:AMPG,-1.000,$7.00,28.57%
NASDAQ:AMPL,5 Feb 2026,$11.31,4,$15.17,4,4.40,$8.88,27.36%,,,,$0.00,-100.00%,$10.74,20.92%,$11.15,25.54%,AMPL,NASDAQ:AMPL,-1.000,$11.36,33.54%
NYSE:AMPY,20 Mar 2026,$8.49,3,$7.25,8,5.00,$3.91,85.42%,,,,$0.00,-100.00%,$5.84,49.47%,$22.62,478.41%,AMPY,NYSE:AMPY,-1.000,$8.75,-17.14%
NASDAQ:AMSC,29 Oct 2025,$40.66,2,,,5.00,$29.37,38.44%,,,,$0.00,-100.00%,$32.83,11.76%,$36.06,22.79%,AMSC,NASDAQ:AMSC,-1.000,$62.50,
NASDAQ:AMSF,26 Aug 2025,$45.99,3,,,4.25,$29.04,58.35%,,,,$32.21,10.92%,$0.00,-100.00%,$0.00,-100.00%,AMSF,NASDAQ:AMSF,0.710,$35.00,
NYSE:AMTB,19 Nov 2025,$19.34,3,$21.00,4,1.90,$29.60,-34.66%,,,,$29.42,-0.61%,$0.00,-100.00%,$0.00,-100.00%,AMTB,NYSE:AMTB,-0.279,$28.50,-26.32%
NASDAQ:AMTX,4 Sep 2025,$3.19,3,,5,5.00,$1.51,110.99%,,,,$0.00,-100.00%,-$0.04,-102.48%,-$4.52,-399.61%,AMTX,NASDAQ:AMTX,-1.000,$13.88,
NASDAQ:AMWD,30 Aug 2025,$86.63,3,,6,,#N/A,#N/A,,,,,#N/A,-$2.00,#N/A,-$2.00,#N/A,AMWD,NASDAQ:AMWD,-2.000,,
NYSE:AMX,23 Jun 2026,$26.38,3,$28.60,8,2.54,$25.35,4.05%,,,,$24.97,-1.50%,$35.97,41.90%,$72.74,186.93%,AMX,NYSE:AMX,-0.038,$29.31,-2.42%
NYSE:ANF,21 Sep 2025,$118.40,3,,1,3.48,$99.54,18.95%,,,,$0.00,-100.00%,$286.57,187.90%,$137.70,38.34%,ANF,NYSE:ANF,-1.000,$109.09,
NYSE:AON,29 Aug 2025,$347.01,2,,,2.05,$360.55,-3.76%,,,,$365.01,1.24%,$320.07,-11.23%,$379.83,5.35%,AON,NYSE:AON,-0.241,$393.11,
NYSE:AORT,11 Dec 2025,$47.98,3,$51.71,4,5.00,$26.83,78.83%,,,,$0.00,-100.00%,$27.29,1.70%,$33.45,24.68%,AORT,NYSE:AORT,-1.000,$42.00,23.12%
NYSE:AOS,14 Jan 2026,$71.54,4,$76.86,8,2.69,$60.13,18.98%,,,,$64.61,7.45%,$119.64,98.97%,$133.45,121.94%,AOS,NYSE:AOS,0.022,$70.55,8.94%
NASDAQ:AOSL,5 Feb 2026,$36.47,3,$24.33,6,5.00,$31.74,-23.35%,,,,$0.00,-100.00%,$33.87,6.71%,$55.37,74.45%,AOSL,NASDAQ:AOSL,-1.000,$47.00,-48.23%
NASDAQ:APA,12 Aug 2025,$28.49,3,,7,3.56,$37.32,-23.67%,,,,$37.83,1.37%,$16.77,-55.05%,$82.15,120.12%,APA,NASDAQ:APA,0.425,$41.62,
NYSE:APAM,25 Feb 2026,$47.32,4,$45.00,6,3.32,$39.24,14.68%,,,,$43.50,10.86%,$184.52,370.24%,$186.68,375.75%,APAM,NYSE:APAM,0.355,$37.00,21.62%
NYSE:APD,30 Aug 2025,$296.29,3,,8,2.76,$294.89,0.47%,,,,$300.49,1.90%,$161.27,-45.31%,$207.81,-29.53%,APD,NYSE:APD,0.060,$337.05,
NASDAQ:APEI,15 Oct 2025,$34.52,3,,,0.56,$48.51,-28.84%,,,,$48.14,-0.76%,$192.98,297.81%,$205.05,322.70%,APEI,NASDAQ:APEI,-0.946,$62.17,
NYSE:APH,22 Jan 2026,$121.05,1,$163.27,10,2.26,$160.70,-24.67%,,,,$150.90,-6.10%,$0.00,-100.00%,$0.00,-100.00%,APH,NYSE:APH,-0.170,$189.39,-13.79%
NASDAQ:API,24 Aug 2025,$3.05,3,,,,$4.00,-23.88%,,,,,-100.00%,-$2.00,-150.00%,-$2.00,-150.00%,API,NASDAQ:API,-2.000,,
NASDAQ:APOG,5 May 2025,$66.39,5,,2,3.08,$39.60,67.65%,,,,$42.88,8.28%,$28.43,-28.21%,$51.47,29.98%,APOG,NASDAQ:APOG,0.212,$44.00,
NYSE:AQN,26 Aug 2025,$6.14,4,,8,2.22,$5.84,5.20%,,,,$5.99,2.57%,-$4.61,-178.96%,-$4.14,-170.91%,AQN,NYSE:AQN,-0.181,$6.75,
NYSE:AR,20 Aug 2025,$31.31,3,,,4.68,$36.14,-13.37%,,,,$0.00,-100.00%,$97.07,168.60%,$122.59,239.21%,AR,NYSE:AR,-1.000,$48.25,
NASDAQ:ARAI,10 Feb 2026,$3.71,3,,,,$0.24,1447.04%,,,,,-100.00%,-$2.00,-933.33%,-$2.00,-933.33%,ARAI,NASDAQ:ARAI,-2.000,,
NASDAQ:ARAY,11 Dec 2025,$1.27,4,$4.00,4,,$0.27,370.37%,,,,,-100.00%,-$2.00,-840.74%,-$2.00,-840.74%,ARAY,NASDAQ:ARAY,-2.000,,
NASDAQ:ARCC,30 Mar 2026,$19.78,3,$20.83,9,3.71,$18.76,5.41%,,,,$19.73,5.17%,$13.98,-25.45%,$14.87,-20.73%,ARCC,NASDAQ:ARCC,0.494,$20.73,0.48%
NYSE:ARCO,29 Aug 2025,$10.31,3,,9,2.61,$8.17,26.16%,,,,$8.35,2.20%,-$3.97,-148.60%,$5.44,-33.41%,ARCO,NYSE:ARCO,-0.057,$11.32,
NASDAQ:ARHS,7 Jul 2025,$13.03,3,,4,4.07,$7.41,75.80%,,,,$0.00,-100.00%,$6.53,-11.90%,$17.34,134.00%,ARHS,NASDAQ:ARHS,-1.000,$9.00,
NASDAQ:ARKO,26 Aug 2025,$6.50,3,,,2.66,$7.99,-18.59%,,,,$8.15,2.00%,-$8.36,-204.66%,-$7.63,-195.50%,ARKO,NASDAQ:ARKO,0.008,$9.50,
NASDAQ:ARLP,29 Jun 2026,$24.48,1,,,3.08,$25.95,-5.66%,,,,$26.90,3.66%,"$17,917.20",68945.09%,"$17,922.54",68965.65%,ARLP,NASDAQ:ARLP,0.191,$31.17,
NASDAQ:ARM,19 Jan 2026,$90.86,2,$170.59,1,,$239.69,-62.09%,,,,,-100.00%,-$2.00,-100.83%,-$2.00,-100.83%,ARM,NASDAQ:ARM,-2.000,,
NASDAQ:AROW,2 Oct 2025,$52.81,3,$48.67,4,3.02,$39.84,22.16%,,,,$41.14,3.26%,$0.00,-100.00%,$0.00,-100.00%,AROW,NASDAQ:AROW,0.204,$41.00,18.71%
NYSE:ARX,13 Nov 2025,$14.59,3,,,5.00,$11.88,22.82%,,,,$0.00,-100.00%,$0.00,-100.00%,$0.00,-100.00%,ARX,NYSE:ARX,-1.000,$19.11,
NYSE:ASB,10 Apr 2025,$23.54,5,,6,3.05,$30.88,-23.77%,,,,$31.67,2.56%,$0.00,-100.00%,$0.00,-100.00%,ASB,NYSE:ASB,0.199,$33.89,
NYSE:ASGN,20 Feb 2026,$71.47,3,$56.80,5,,#N/A,#N/A,,,,,#N/A,-$2.00,#N/A,-$2.00,#N/A,ASGN,NYSE:ASGN,-2.000,,
NYSE:ASH,14 May 2025,$83.18,3,,4,2.39,$72.61,14.56%,,,,$70.65,-2.70%,$57.19,-21.24%,$112.31,54.68%,ASH,NYSE:ASH,-0.068,$71.09,
NASDAQ:ASML,30 Aug 2025,$871.20,3,,10,3.23,"$1,629.00",-46.52%,,,,"$1,657.48",1.75%,"$2,032.09",24.74%,"$2,079.55",27.66%,ASML,NASDAQ:ASML,0.236,"$2,116.28",
NASDAQ:ASPI,19 Nov 2025,$6.33,3,$13.00,3,,$4.00,58.34%,,,,,-100.00%,-$2.00,-150.00%,-$2.00,-150.00%,ASPI,NASDAQ:ASPI,-2.000,,
NYSE:ASR,10 Jul 2025,$344.93,4,,7,3.48,$275.62,25.15%,,,,$283.69,2.93%,-$567.77,-306.00%,$893.38,224.13%,ASR,NYSE:ASR,0.351,$355.09,
NASDAQ:ASTS,29 Jan 2026,$76.75,2,$91.68,6,4.75,$58.98,30.13%,,,,$0.00,-100.00%,$46.53,-21.11%,$47.06,-20.20%,ASTS,NASDAQ:ASTS,-1.000,$79.61,15.16%
NYSE:ASX,19 Jan 2026,$16.81,2,,,2.93,$35.17,-52.20%,,,,$34.24,-2.64%,$20.66,-41.27%,$22.70,-35.46%,ASX,NYSE:ASX,0.123,$42.47,
NASDAQ:ATEC,11 Dec 2025,$16.73,3,$23.17,2,5.00,$9.52,75.74%,,,,$0.00,-100.00%,$6.55,-31.19%,$8.53,-10.39%,ATEC,NASDAQ:ATEC,-1.000,$15.86,46.09%
NYSE:ATEN,20 Jan 2026,$18.80,3,$23.25,7,2.62,$29.57,-36.42%,,,,$29.20,-1.25%,$33.27,12.50%,$27.74,-6.19%,ATEN,NYSE:ATEN,-0.014,$35.60,-34.69%
NYSE:ATGE,15 Oct 2025,$131.23,2,,,,#N/A,#N/A,,,,,#N/A,-$2.00,#N/A,-$2.00,#N/A,ATGE,NYSE:ATGE,-2.000,,
NYSE:ATI,30 Aug 2025,$63.00,2,,7,3.34,$187.44,-66.39%,,,,$0.00,-100.00%,$186.79,-0.35%,$205.59,9.68%,ATI,NYSE:ATI,-1.000,$200.33,
NASDAQ:ATOM,10 Feb 2026,$5.03,3,,1,5.00,$5.16,-2.44%,,,,$0.00,-100.00%,$3.79,-26.55%,$3.87,-25.05%,ATOM,NASDAQ:ATOM,-1.000,$10.00,
NYSE:ATS,31 Oct 2025,$26.18,3,,,4.42,$27.24,-3.89%,,,,$0.00,-100.00%,$37.68,38.32%,$50.71,86.15%,ATS,NYSE:ATS,-1.000,$35.00,
NYSE:AU,20 Aug 2025,$29.75,2,,,3.47,$79.32,-62.49%,,,,$82.06,3.45%,$224.41,182.92%,$229.02,188.73%,AU,NYSE:AU,0.318,$114.12,
NYSE:AUB,20 Jan 2026,$40.52,3,$42.50,6,2.75,$42.43,-4.50%,,,,$43.85,3.35%,$0.00,-100.00%,$0.00,-100.00%,AUB,NYSE:AUB,0.067,$47.00,-9.57%
NASDAQ:AUDC,26 Mar 2026,$12.39,3,$12.50,5,2.53,$9.58,29.32%,,,,$9.40,-1.88%,$19.88,107.53%,$21.48,124.18%,AUDC,NASDAQ:AUDC,-0.076,$12.50,0.00%
NASDAQ:AUR,5 Feb 2026,$5.15,3,,,5.00,$6.45,-20.22%,,,,$0.00,-100.00%,$5.03,-22.08%,$5.06,-21.50%,AUR,NASDAQ:AUR,-1.000,$11.22,
NYSE:AVB,18 Sep 2025,$217.02,5,,7,2.88,$185.61,16.92%,,,,$196.48,5.86%,$0.00,-100.00%,$0.00,-100.00%,AVB,NYSE:AVB,0.128,$201.33,
NASDAQ:AVGO,26 May 2026,$447.08,3,$478.56,9,2.25,$389.28,14.85%,,,,$372.67,-4.27%,$488.88,25.59%,$518.77,33.26%,AVGO,NASDAQ:AVGO,-0.212,$527.00,-9.19%
NYSE:AVNS,11 Dec 2025,$18.52,3,,5,,$24.99,-25.89%,,,,,-100.00%,-$2.00,-108.00%,-$2.00,-108.00%,AVNS,NYSE:AVNS,-2.000,,
NASDAQ:AVNW,23 Jul 2026,$28.01,3,$32.00,7,5.00,$20.48,36.77%,36.77%,$28.01,$32.00,$0.00,-100.00%,$56.30,174.92%,$62.09,203.20%,AVNW,NASDAQ:AVNW,-1.000,$31.62,1.20%
NASDAQ:AVT,30 Aug 2025,$60.84,5,,1,2.95,$88.84,-31.52%,,,,$88.39,-0.51%,$67.28,-24.27%,$83.28,-6.26%,AVT,NASDAQ:AVT,0.175,$89.50,
NASDAQ:AVTX,23 Dec 2025,$33.36,4,$37.40,3,5.00,$18.25,82.79%,,,,$0.00,-100.00%,$17.20,-5.73%,$17.21,-5.67%,AVTX,NASDAQ:AVTX,-1.000,$44.69,-16.31%
NYSE:AVY,30 Aug 2025,$186.52,3,,1,2.54,$169.73,9.89%,,,,$167.65,-1.23%,$149.65,-11.83%,$194.53,14.61%,AVY,NYSE:AVY,-0.045,$199.60,
NYSE:AX,19 Nov 2025,$76.16,3,$103.25,5,,$101.41,-24.90%,,,,,-100.00%,-$2.00,-101.97%,-$2.00,-101.97%,AX,NYSE:AX,-2.000,,
NYSE:B,24 Oct 2025,$29.72,2,,,3.10,$36.73,-19.09%,,,,$38.01,3.48%,$90.12,145.35%,$109.73,198.74%,B,NYSE:B,0.155,$52.87,
NYSE:BA,9 Apr 2025,$179.31,5,,9,1.09,$216.14,-17.04%,,,,$208.14,-3.70%,$111.25,-48.53%,$95.19,-55.96%,BA,NYSE:BA,-0.706,$270.08,
NYSE:BABA,20 Aug 2025,$133.65,4,,7,1.63,$122.25,9.33%,,,,$113.77,-6.94%,$248.54,103.31%,$522.40,327.32%,BABA,NYSE:BABA,-0.498,$189.48,
NYSE:BAC,14 Aug 2025,$45.19,3,,6,3.17,$61.95,-27.06%,,,,$64.07,3.42%,$0.00,-100.00%,$0.00,-100.00%,BAC,NYSE:BAC,0.251,$68.43,
NYSE:BALL,20 Aug 2025,$67.98,3,,6,2.61,$64.90,4.75%,,,,$68.57,5.65%,$113.15,74.34%,$153.06,135.84%,BALL,NYSE:BALL,0.006,$71.14,
NYSE:BANC,19 Nov 2025,$18.77,3,$20.69,3,2.97,$19.15,-1.98%,,,,$20.58,7.47%,-$167.78,-976.14%,-$160.17,-936.41%,BANC,NYSE:BANC,0.140,$23.14,-10.59%
NASDAQ:BANF,1 Jun 2026,$118.00,3,$125.00,2,2.95,$112.82,4.59%,,,,$118.06,4.64%,$0.00,-100.00%,$0.00,-100.00%,BANF,NASDAQ:BANF,0.153,$125.00,0.00%
NASDAQ:BANR,19 Nov 2025,$63.81,3,$71.50,3,3.16,$70.41,-9.37%,,,,$72.30,2.68%,$0.00,-100.00%,$0.00,-100.00%,BANR,NASDAQ:BANR,0.252,$76.17,-6.13%
NYSE:BAP,27 May 2026,$279.24,2,,,,$400.58,-30.29%,,,,,-100.00%,-$2.00,-100.50%,-$2.00,-100.50%,BAP,NYSE:BAP,-2.000,,
NYSE:BB,18 Aug 2025,$3.38,3,,6,3.71,$8.50,-60.26%,,,,$0.00,-100.00%,$7.33,-13.76%,$7.78,-8.45%,BB,NYSE:BB,-1.000,$9.71,
NYSE:BBAI,9 Feb 2026,$4.92,3,$6.33,2,5.00,$2.79,76.34%,,,,$0.00,-100.00%,$2.91,4.37%,$2.92,4.66%,BBAI,NYSE:BBAI,-1.000,$5.00,26.60%
NYSE:BBD,1 Jun 2026,$3.72,3,,5,#ERROR!,$3.61,3.10%,,,,$3.74,3.60%,$77.86,2056.86%,$82.40,2182.61%,BBD,NYSE:BBD,0.576,$4.40,
NASDAQ:BBNX,11 Dec 2025,$41.35,4,,,,$12.83,222.29%,,,,,-100.00%,-$2.00,-115.59%,-$2.00,-115.59%,BBNX,NASDAQ:BBNX,-2.000,,
NYSE:BBT,19 Nov 2025,$27.72,3,,,3.04,$31.51,-12.03%,,,,$30.92,-1.87%,$0.00,-100.00%,$0.00,-100.00%,BBT,NYSE:BBT,0.203,$33.67,
NYSE:BBVA,9 Sep 2025,$17.20,3,,9,3.87,$27.95,-38.45%,,,,$27.15,-2.86%,-$0.57,-102.04%,-$22.62,-180.93%,BBVA,NYSE:BBVA,0.618,$23.79,
NYSE:BBW,15 Aug 2025,$41.34,2,,8,3.01,$33.92,21.88%,,,,$36.55,7.75%,$87.96,159.32%,$107.23,216.13%,BBW,NYSE:BBW,0.114,$61.25,
NYSE:BBWI,24 Mar 2026,$46.95,3,$23.83,5,3.51,$20.12,18.44%,,,,$21.00,4.37%,$31.44,56.26%,$43.60,116.71%,BBWI,NYSE:BBWI,0.371,$25.20,-5.44%
NYSE:BBY,30 Aug 2025,$87.98,3,,5,3.51,$86.26,1.99%,,,,$93.94,8.90%,$88.24,2.29%,$125.32,45.28%,BBY,NYSE:BBY,0.443,$79.15,
NYSE:BCH,19 Nov 2025,$33.72,2,,,3.74,$41.35,-18.45%,,,,$42.74,3.36%,$21.49,-48.02%,$24.49,-40.79%,BCH,NYSE:BCH,0.542,$38.55,
NYSE:BCS,19 Aug 2025,$17.24,2,,,2.79,$27.50,-37.30%,,,,$27.04,-1.67%,-$42.92,-256.08%,-$42.92,-256.08%,BCS,NYSE:BCS,0.091,$29.19,
NYSE:BCSF,25 Feb 2026,$14.48,3,$15.00,6,3.45,$12.42,16.60%,,,,$13.21,6.36%,$6.74,-45.73%,$6.68,-46.18%,BCSF,NYSE:BCSF,0.373,$13.83,8.46%
NYSE:BDC,27 Jan 2026,$129.16,4,$147.50,3,,$124.05,4.12%,,,,,-100.00%,-$2.00,-101.61%,-$2.00,-101.61%,BDC,NYSE:BDC,-2.000,,
NASDAQ:BELFA,26 Jan 2026,$136.39,2,,,1.38,$223.13,-38.87%,,,,$193.70,-13.19%,$277.86,24.53%,$391.90,75.64%,BELFA,NASDAQ:BELFA,-0.611,$322.00,
NASDAQ:BELFB,26 Jan 2026,$149.36,2,,,1.09,$271.97,-45.08%,,,,$233.34,-14.20%,$255.61,-6.02%,$275.53,1.31%,BELFB,NASDAQ:BELFB,-0.687,$320.56,
NYSE:BF.A,24 May 2026,$36.21,3,,,2.57,$29.22,23.92%,,,,$30.58,4.65%,$62.64,114.36%,$68.10,133.05%,BF.A,NYSE:BF.A,0.028,,
NYSE:BF.B,26 Mar 2026,$32.79,5,,,2.78,$28.73,14.14%,,,,$29.90,4.07%,$47.91,66.76%,$51.08,77.79%,BF.B,NYSE:BF.B,0.108,$27.67,
NYSE:BFAM,1 Sep 2025,$119.95,3,,8,4.10,$74.54,60.91%,,,,$0.00,-100.00%,$139.32,86.91%,$168.89,126.58%,BFAM,NYSE:BFAM,-1.000,$91.00,
NASDAQ:BFC,21 Oct 2025,$117.45,3,$137.00,6,3.06,$152.74,-23.10%,,,,$156.34,2.36%,$0.00,-100.00%,$0.00,-100.00%,BFC,NASDAQ:BFC,0.210,$163.00,-15.95%
NYSE:BFLY,16 Dec 2025,$4.29,3,$4.25,7,2.96,$7.11,-40.23%,,,,$0.00,-100.00%,$7.82,9.95%,$8.14,14.46%,BFLY,NYSE:BFLY,-1.000,$7.06,-39.80%
NYSE:BFS,23 Dec 2025,$44.26,3,,5,3.85,$34.07,29.91%,,,,$37.02,8.66%,-$14.56,-142.74%,$9.80,-71.23%,BFS,NYSE:BFS,0.516,$43.50,
NASDAQ:BFST,27 May 2026,$30.53,3,$33.00,3,2.91,$31.82,-4.04%,,,,$32.95,3.55%,$0.00,-100.00%,$0.00,-100.00%,BFST,NASDAQ:BFST,0.140,$34.70,-4.90%
NYSEAMERICAN:BHB,10 Oct 2025,$29.37,1,,,,$39.71,-26.04%,,,,,-100.00%,-$2.00,-105.04%,-$2.00,-105.04%,BHB,NYSEAMERICAN:BHB,-2.000,,
NYSE:BHE,2 Feb 2026,$52.61,3,$56.00,6,2.69,$79.77,-34.05%,,,,$77.82,-2.44%,$88.89,11.43%,$101.78,27.59%,BHE,NYSE:BHE,0.065,$78.00,-28.21%
NYSE:BHP,11 Dec 2025,$58.46,3,$49.75,6,,$84.49,-41.12%,,,,,-100.00%,-$2.00,-102.37%,-$2.00,-102.37%,BHP,NYSE:BHP,-2.000,,
NASDAQ:BHRB,19 Nov 2025,$66.02,3,$72.00,5,2.74,$73.25,-9.87%,,,,$75.59,3.19%,$0.00,-100.00%,$0.00,-100.00%,BHRB,NASDAQ:BHRB,0.070,$77.75,-7.40%
NYSE:BIO,11 Dec 2025,$345.93,4,$357.50,4,2.56,$325.48,6.28%,,,,$0.00,-100.00%,$395.83,21.61%,$489.30,50.33%,BIO,NYSE:BIO,-1.000,$297.00,20.37%
NYSE:BIRK,8 Mar 2026,$48.62,3,$58.44,5,0.69,$38.72,25.57%,,,,$39.96,3.20%,$34.04,-12.08%,$47.04,21.50%,BIRK,NYSE:BIRK,-0.901,$51.68,13.08%
NYSE:BJ,20 Aug 2025,$90.76,0,,1,3.17,$97.78,-7.18%,,,,$0.00,-100.00%,$91.07,-6.86%,$77.43,-20.81%,BJ,NYSE:BJ,-1.000,$101.10,
NYSE:BKD,30 Aug 2025,$9.20,4,,6,1.02,$14.60,-36.98%,,,,$14.58,-0.14%,-$6.09,-141.71%,$4.41,-69.78%,BKD,NYSE:BKD,-0.757,$19.58,
NYSE:BKE,13 Apr 2026,$50.82,3,$53.00,5,3.23,$43.77,16.10%,,,,$46.61,6.49%,$68.63,56.80%,$73.51,67.95%,BKE,NYSE:BKE,0.286,$47.00,12.77%
NASDAQ:BKR,30 Jun 2026,$56.35,3,$74.62,6,2.81,$60.49,-6.85%,,,,$61.51,1.69%,$54.20,-10.40%,$71.76,18.63%,BKR,NASDAQ:BKR,0.077,$70.32,6.11%
NYSEAMERICAN:BKTI,10 Feb 2026,$81.00,,,8,,$80.00,1.25%,,,,,-100.00%,-$2.00,-102.50%,-$2.00,-102.50%,BKTI,NYSEAMERICAN:BKTI,-2.000,,
NYSE:BKU,19 Nov 2025,$43.87,3,,,2.72,$46.65,-5.96%,,,,$47.68,2.21%,$0.00,-100.00%,$0.00,-100.00%,BKU,NYSE:BKU,0.055,$50.73,
NASDAQ:BL,29 Jan 2026,$60.96,4,$59.00,6,4.60,$31.40,87.90%,,,,$0.00,-100.00%,$54.83,74.62%,$65.44,108.42%,BL,NASDAQ:BL,-1.000,$41.45,42.34%
NYSE:BLD,30 Aug 2025,$467.93,3,,3,,#N/A,#N/A,,,,,#N/A,-$2.00,#N/A,-$2.00,#N/A,BLD,NYSE:BLD,-2.000,,
NASDAQ:BLDP,29 Oct 2025,$3.68,3,$2.20,5,5.00,$2.67,-17.60%,,,,$0.00,-100.00%,$3.78,41.76%,$3.97,48.51%,BLDP,NASDAQ:BLDP,-1.000,$4.44,-50.45%
NYSE:BLK,27 Aug 2025,"$1,027.97",2,,,2.11,"$1,090.39",-5.73%,,,,"$1,089.01",-0.13%,$0.00,-100.00%,$0.00,-100.00%,BLK,NYSE:BLK,-0.242,"$1,313.50",
NASDAQ:BLKB,19 Nov 2025,$76.27,3,$75.00,4,3.61,$42.80,75.23%,,,,$0.00,-100.00%,$55.50,29.67%,$79.31,85.30%,BLKB,NASDAQ:BLKB,-1.000,$48.00,56.25%
NYSE:BLND,27 Jan 2026,$3.86,3,$4.19,7,5.00,$1.78,116.87%,,,,$0.00,-100.00%,$1.43,-19.49%,$1.72,-3.25%,BLND,NYSE:BLND,-1.000,$3.58,17.04%
NASDAQ:BLNK,23 Dec 2025,$0.94,3,,6,,$0.52,80.77%,,,,,-100.00%,-$2.00,-484.62%,-$2.00,-484.62%,BLNK,NASDAQ:BLNK,-2.000,,
NYSE:BLSH,13 Nov 2025,$55.70,3,,,5.00,$21.79,155.60%,,,,$0.00,-100.00%,$0.00,-100.00%,$0.00,-100.00%,BLSH,NYSE:BLSH,-1.000,$42.61,
NYSE:BLX,19 Nov 2025,$40.42,3,,,3.66,$58.55,-30.96%,,,,$63.20,7.94%,-$146.06,-349.46%,-$145.76,-348.95%,BLX,NYSE:BLX,0.470,$64.65,
NASDAQ:BLZE,27 Jan 2026,$6.36,3,$9.00,6,0.73,$13.72,-53.63%,,,,$11.04,-19.53%,$11.33,-17.41%,$15.71,14.53%,BLZE,NASDAQ:BLZE,-0.831,$15.17,-40.67%
NYSE:BMI,28 Jan 2026,$175.41,3,$204.00,3,1.99,$134.35,30.56%,,,,$129.99,-3.25%,$179.13,33.33%,$186.87,39.09%,BMI,NYSE:BMI,-0.285,$155.44,31.24%
NASDAQ:BMRC,19 Nov 2025,$27.20,3,$29.50,7,2.85,$29.16,-6.72%,,,,$29.89,2.50%,-$138.80,-576.01%,-$136.02,-566.44%,BMRC,NASDAQ:BMRC,0.123,$30.40,-2.96%
NYSE:BN,26 Aug 2024,$55.96,2,,,2.13,$42.53,31.58%,,,,$41.53,-2.35%,-$91.35,-314.80%,-$57.98,-236.32%,BN,NYSE:BN,-0.250,$54.20,
NYSE:BNS,19 Aug 2025,$55.34,3,,,3.54,$87.77,-36.95%,,,,$90.77,3.42%,-$119.21,-235.82%,-$102.67,-216.97%,BNS,NYSE:BNS,0.444,$86.09,
NYSE:BOH,16 Apr 2026,$78.42,3,$83.80,3,3.65,$79.90,-1.85%,,,,$82.88,3.73%,$0.00,-100.00%,$0.00,-100.00%,BOH,NYSE:BOH,0.465,$87.67,-4.41%
NASDAQ:BOKF,1 Jun 2026,$132.35,3,$139.00,2,Loading...,$141.29,-6.33%,,,,$146.29,3.54%,$0.00,-100.00%,$0.00,-100.00%,BOKF,NASDAQ:BOKF,0.246,$149.50,-7.02%
NYSE:BOW,19 Sep 2025,$29.01,3,,,3.58,$30.59,-5.17%,,,,$0.00,-100.00%,$75.82,147.87%,$76.79,151.04%,BOW,NYSE:BOW,-1.000,$34.14,
NYSE:BP,18 Aug 2025,$39.40,4,,9,3.52,$45.22,-12.86%,,,,$44.80,-0.93%,$23.70,-47.60%,$44.33,-1.98%,BP,NYSE:BP,0.419,$47.32,
NASDAQ:BPOP,19 Nov 2025,$104.09,2,,,2.99,$175.21,-40.59%,,,,$178.53,1.89%,$0.00,-100.00%,$0.00,-100.00%,BPOP,NASDAQ:BPOP,0.170,$194.30,
NYSE:BR,29 Jan 2026,$214.91,4,$265.40,4,2.38,$153.95,39.60%,,,,$159.05,3.31%,$274.36,78.21%,$330.59,114.74%,BR,NYSE:BR,-0.151,$206.50,28.52%
NYSEAMERICAN:BRBS,19 Nov 2025,$4.10,,,6,,$3.51,16.81%,,,,,-100.00%,-$2.00,-156.98%,-$2.00,-156.98%,BRBS,NYSEAMERICAN:BRBS,-2.000,,
NASDAQ:BRKR,11 Dec 2025,$76.60,3,$47.88,3,1.97,$62.84,-23.81%,,,,$61.34,-2.39%,$53.65,-14.62%,$72.32,15.08%,BRKR,NASDAQ:BRKR,-0.247,$59.75,-19.87%
NYSE:BROS,14 Jan 2026,$57.62,2,$76.64,9,4.04,$65.83,-12.47%,,,,$0.00,-100.00%,$59.13,-10.18%,$70.09,6.47%,BROS,NYSE:BROS,-1.000,$79.58,-3.69%
NYSE:BSAC,19 Nov 2025,$26.95,3,,,,$34.61,-22.13%,,,,,-100.00%,-$2.00,-105.78%,-$2.00,-105.78%,BSAC,NYSE:BSAC,-2.000,,
NYSE:BSBR,13 Oct 2025,$5.76,3,,5,3.70,$5.67,1.59%,,,,$5.41,-4.59%,$72.00,1169.83%,$74.26,1209.71%,BSBR,NYSE:BSBR,0.462,$6.92,
NASDAQ:BSRR,27 May 2026,$37.81,3,$36.50,6,2.96,$40.76,-10.45%,,,,$42.44,4.12%,$0.00,-100.00%,$0.00,-100.00%,BSRR,NASDAQ:BSRR,0.169,$43.25,-15.61%
NASDAQ:BSVN,2 Oct 2025,$44.09,3,$53.50,5,2.92,$50.28,-12.31%,,,,$51.74,2.90%,$0.00,-100.00%,$0.00,-100.00%,BSVN,NASDAQ:BSVN,0.133,$57.33,-6.68%
NYSE:BSX,11 Dec 2025,$90.36,2,$126.57,10,5.00,$46.73,93.37%,,,,$0.00,-100.00%,$45.66,-2.29%,$61.29,31.15%,BSX,NYSE:BSX,-1.000,$72.31,75.04%
NASDAQ:BSY,11 Feb 2026,$40.46,5,$48.60,7,0.93,$35.44,14.16%,,,,$35.31,-0.37%,$69.29,95.52%,$72.97,105.91%,BSY,NASDAQ:BSY,-0.779,$44.80,8.48%
NASDAQ:BTCS,23 Dec 2025,$3.00,3,$7.00,7,,$1.03,191.26%,,,,,-100.00%,-$2.00,-294.17%,-$2.00,-294.17%,BTCS,NASDAQ:BTCS,-2.000,,
NASDAQ:BTDR,19 Aug 2025,$10.25,2,,,5.00,$10.52,-2.58%,,,,$0.00,-100.00%,-$15.64,-248.65%,-$14.97,-242.34%,BTDR,NASDAQ:BTDR,-1.000,$22.64,
NYSE:BTI,17 Mar 2026,$55.65,2,,7,,$60.65,-8.25%,,,,,-100.00%,-$2.00,-103.30%,-$2.00,-103.30%,BTI,NYSE:BTI,-2.000,,
NASDAQ:BTOG,18 Aug 2025,$0.57,3,,,,$0.71,-20.14%,,,,,-100.00%,-$2.00,-381.69%,-$2.00,-381.69%,BTOG,NASDAQ:BTOG,-2.000,,
NASDAQ:BULL,2 Sep 2025,$18.16,3,,,,$7.06,157.25%,,,,,-100.00%,-$2.00,-128.33%,-$2.00,-128.33%,BULL,NASDAQ:BULL,-2.000,,
NYSE:BUR,28 Oct 2025,$12.88,3,$21.32,4,2.52,$4.12,212.62%,,,,$4.17,1.21%,$17.45,323.66%,$17.29,319.74%,BUR,NYSE:BUR,-0.103,$8.67,145.91%
NYSE:BURL,25 Jul 2023,$199.81,4,,,2.98,$368.48,-45.77%,,,,$0.00,-100.00%,$400.13,8.59%,$416.10,12.92%,BURL,NYSE:BURL,-1.000,$367.07,
NASDAQ:BUSE,27 May 2026,$28.96,3,$29.33,8,3.12,$30.86,-6.16%,,,,$32.04,3.82%,$0.00,-100.00%,$0.00,-100.00%,BUSE,NASDAQ:BUSE,0.254,$30.57,-4.06%
NASDAQ:BVFL,29 Oct 2025,$15.68,3,,4,,$20.54,-23.66%,,,,,-100.00%,-$2.00,-109.74%,-$2.00,-109.74%,BVFL,NASDAQ:BVFL,-2.000,,
NASDAQ:BWFG,9 Oct 2025,$39.87,3,,,2.92,$68.15,-41.50%,,,,$69.46,1.92%,$0.00,-100.00%,$0.00,-100.00%,BWFG,NASDAQ:BWFG,0.165,$67.50,
NYSE:BXP,14 Jan 2026,$81.17,5,$77.89,2,2.97,$70.12,11.08%,,,,$76.48,9.07%,$16.40,-76.62%,$10.57,-84.93%,BXP,NYSE:BXP,0.182,$72.40,7.58%
NYSE:BXSL,19 Aug 2025,$31.13,3,,7,3.75,$23.10,34.77%,,,,$24.12,4.42%,-$3.52,-115.25%,$15.51,-32.85%,BXSL,NYSE:BXSL,0.518,$24.55,
NYSE:BY,28 Apr 2026,$33.91,3,$36.00,7,2.84,$39.27,-13.64%,,,,$40.14,2.22%,$0.00,-100.00%,$0.00,-100.00%,BY,NYSE:BY,0.112,$42.20,-14.69%
NYSE:BZH,31 Dec 2025,$31.99,3,$25.00,1,1.89,$32.10,-22.12%,,,,$0.00,-100.00%,$175.05,445.33%,$140.78,338.56%,BZH,NYSE:BZH,-1.000,$25.00,0.00%
NYSE:C,12 Aug 2025,$86.32,3,,,3.17,$132.45,-34.83%,,,,$135.37,2.20%,$0.00,-100.00%,$0.00,-100.00%,C,NYSE:C,0.237,$155.30,
NYSE:CAAP,15 Aug 2025,$22.01,3,,9,4.29,$25.77,-14.60%,,,,$0.00,-100.00%,$52.14,102.31%,$77.53,200.87%,CAAP,NYSE:CAAP,-1.000,$32.43,
NASDAQ:CAC,14 Oct 2025,$41.96,3,$44.00,3,2.51,$57.89,-27.52%,,,,$57.23,-1.14%,-$240.36,-515.20%,-$230.68,-498.48%,CAC,NASDAQ:CAC,-0.002,$53.25,-17.37%
NYSE:CADE,14 Oct 2025,$37.02,3,,,,#N/A,#N/A,,,,,#N/A,-$2.00,#N/A,-$2.00,#N/A,CADE,NYSE:CADE,-2.000,,
NYSE:CAL,21 Sep 2025,$26.47,3,,1,3.18,$12.84,106.15%,,,,$13.50,5.14%,$9.99,-22.21%,$22.13,72.35%,CAL,NYSE:CAL,0.207,$17.00,
NASDAQ:CALM,11 Jul 2025,$93.94,3,,6,2.98,$87.78,7.02%,,,,$97.23,10.77%,$221.19,151.99%,$128.78,46.71%,CALM,NASDAQ:CALM,0.195,$86.75,
NYSE:CALX,29 Jan 2026,$45.47,2,$82.00,6,5.00,$35.90,26.67%,,,,$0.00,-100.00%,$45.94,27.97%,$50.54,40.77%,CALX,NYSE:CALX,-1.000,$62.33,31.56%
NASDAQ:CAMT,24 Oct 2024,$87.99,4,,,5.00,$132.46,-33.57%,,,,$0.00,-100.00%,$120.19,-9.27%,$120.19,-9.27%,CAMT,NASDAQ:CAMT,-1.000,$187.58,
NYSE:CANG,24 Aug 2025,$4.01,3,,7,,$1.40,186.21%,,,,,-100.00%,-$2.00,-242.86%,-$2.00,-242.86%,CANG,NYSE:CANG,-2.000,,
NASDAQ:CAR,11 Mar 2024,$159.62,3,,,3.05,$137.44,16.13%,,,,$0.00,-100.00%,"-$1,471.02",-1170.30%,-$741.94,-639.83%,CAR,NASDAQ:CAR,-1.000,$138.86,
NASDAQ:CARE,19 Nov 2025,$18.50,3,$22.00,5,2.60,$34.58,-46.50%,,,,$0.00,-100.00%,$0.00,-100.00%,$0.00,-100.00%,CARE,NASDAQ:CARE,-1.000,$31.83,-30.88%
NYSE:CARR,24 Dec 2025,$35.78,3,$48.75,5,3.11,$61.81,-42.11%,,,,$64.04,3.61%,$58.42,-5.49%,$51.50,-16.68%,CARR,NYSE:CARR,0.195,$77.28,-36.92%
NASDAQ:CASH,19 Nov 2025,$71.98,3,$88.00,2,1.14,$88.24,-18.43%,,,,$86.82,-1.61%,$0.00,-100.00%,$0.00,-100.00%,CASH,NASDAQ:CASH,-0.660,$101.00,-12.87%
NYSEAMERICAN:CATX,11 Dec 2025,$2.54,1,$11.92,8,,$2.91,-12.71%,,,,,-100.00%,-$2.00,-168.73%,-$2.00,-168.73%,CATX,NYSEAMERICAN:CATX,-2.000,,
NASDAQ:CATY,27 May 2026,$59.45,3,$53.67,6,2.75,$63.19,-15.07%,,,,$64.80,2.55%,$0.00,-100.00%,$0.00,-100.00%,CATY,NASDAQ:CATY,0.081,$64.80,-17.18%
NYSE:CAVA,11 Nov 2025,$63.28,3,$72.31,6,5.00,$65.23,-2.99%,,,,$0.00,-100.00%,$68.57,5.12%,$78.90,20.96%,CAVA,NYSE:CAVA,-1.000,$91.92,-21.33%
NYSE:CB,18 Sep 2025,$273.39,3,,,2.67,$350.68,-22.04%,,,,$371.89,6.05%,$0.00,-100.00%,$0.00,-100.00%,CB,NYSE:CB,0.044,$365.26,
NASDAQ:CBLL,11 Dec 2025,$36.55,3,$25.00,6,5.00,$17.69,41.32%,,,,$0.00,-100.00%,$15.28,-13.60%,$15.35,-13.23%,CBLL,NASDAQ:CBLL,-1.000,$26.86,-6.92%
NASDAQ:CBNK,23 Dec 2025,$29.70,3,$34.00,3,2.70,$37.33,-20.44%,,,,$38.99,4.45%,$0.00,-100.00%,$0.00,-100.00%,CBNK,NASDAQ:CBNK,0.058,$38.50,-11.69%
BATS:CBOE,18 Sep 2025,$214.25,2,,,2.42,$310.23,-30.94%,,,,$298.46,-3.79%,$328.90,6.02%,$347.98,12.17%,CBOE,BATS:CBOE,-0.061,$312.43,
NYSE:CBU,27 Oct 2025,$62.61,3,$63.00,3,3.05,$64.81,-3.39%,,,,$66.73,2.96%,-$149.18,-330.18%,-$137.63,-312.36%,CBU,NYSE:CBU,0.206,$69.50,-9.35%
NYSE:CBZ,7 Jan 2025,$77.57,3,,,2.03,$55.08,40.83%,,,,$0.00,-100.00%,$84.09,52.66%,$103.31,87.57%,CBZ,NYSE:CBZ,-1.000,$44.40,
NASDAQ:CCB,19 Nov 2025,$95.54,3,$127.50,8,5.00,$40.99,133.08%,,,,$0.00,-100.00%,-$55.40,-235.15%,-$50.78,-223.89%,CCB,NASDAQ:CCB,-1.000,$103.75,22.89%
NASDAQ:CCBG,19 Nov 2025,$38.91,3,$47.00,7,2.76,$51.87,-24.99%,,,,$54.04,4.18%,$0.00,-100.00%,$0.00,-100.00%,CCBG,NASDAQ:CCBG,0.094,$51.67,-9.04%
NYSE:CCI,19 Sep 2025,$108.34,5,,6,3.69,$76.30,42.00%,,,,$82.31,7.88%,$0.00,-100.00%,$0.00,-100.00%,CCI,NYSE:CCI,0.450,$95.47,
NYSE:CCK,29 Aug 2025,$107.03,3,,5,2.25,$117.85,-9.18%,,,,$117.16,-0.59%,$0.00,-100.00%,$0.00,-100.00%,CCK,NYSE:CCK,-0.169,$136.57,
NYSE:CCL,23 Jul 2026,$30.88,5,$35.19,7,4.39,$27.81,11.04%,11.04%,$30.88,$35.55,$0.00,-100.00%,$57.72,107.56%,$84.20,202.77%,CCL,NYSE:CCL,-1.000,$35.55,-1.01%
NASDAQ:CCNE,30 Mar 2026,$32.74,3,$35.00,5,2.82,$35.10,-6.72%,,,,$36.50,3.99%,$0.00,-100.00%,$0.00,-100.00%,CCNE,NASDAQ:CCNE,0.107,$37.25,-6.04%
NASDAQ:CCOI,6 Nov 2025,$50.57,3,$44.20,5,3.91,$13.50,227.41%,,,,$13.28,-1.63%,-$20.17,-249.38%,-$24.41,-280.78%,CCOI,NASDAQ:CCOI,0.515,$21.27,107.80%
NASDAQ:CCSI,11 Feb 2026,$30.28,4,$37.00,3,3.39,$36.40,-16.81%,,,,$0.00,-100.00%,$135.91,273.37%,$153.49,321.67%,CCSI,NASDAQ:CCSI,-1.000,$39.25,-5.73%
NYSE:CDE,28 Apr 2026,$9.27,2,$26.86,9,5.00,$14.91,-37.81%,,,,$0.00,-100.00%,$21.82,46.35%,$26.42,77.17%,CDE,NYSE:CDE,-1.000,$24.84,8.13%
NASDAQ:CDNS,19 Jan 2026,$321.30,3,$376.64,6,3.94,$340.02,-5.51%,,,,$0.00,-100.00%,$456.67,34.31%,$482.81,41.99%,CDNS,NASDAQ:CDNS,-1.000,$403.67,-6.70%
NYSE:CDP,18 Feb 2026,$33.25,3,$35.60,7,2.47,$37.96,-12.41%,,,,$38.34,1.00%,$34.90,-8.05%,$48.55,27.89%,CDP,NYSE:CDP,-0.033,$37.25,-4.43%
NASDAQ:CDW,18 May 2026,$131.51,3,$138.83,9,2.31,$147.81,-11.03%,,,,$145.37,-1.65%,$124.12,-16.03%,$146.74,-0.72%,CDW,NASDAQ:CDW,-0.114,$152.56,-9.00%
NYSE:CE,28 Mar 2025,$111.30,3,,9,3.16,$44.72,148.88%,,,,$45.68,2.15%,-$69.97,-256.47%,$25.64,-42.66%,CE,NYSE:CE,0.182,$67.50,
NASDAQ:CEG,23 Dec 2025,$300.57,2,$409.82,9,1.45,$262.75,14.39%,,,,$255.06,-2.93%,$181.19,-31.04%,$116.10,-55.81%,CEG,NASDAQ:CEG,-0.567,$356.86,14.84%
NASDAQ:CELC,29 Nov 2024,$21.98,3,,,5.00,$86.38,-74.56%,,,,$0.00,-100.00%,$73.33,-15.11%,$73.34,-15.10%,CELC,NASDAQ:CELC,-1.000,$163.54,
NASDAQ:CENT,9 Apr 2026,$50.35,5,$50.00,5,3.52,$43.05,16.14%,,,,$0.00,-100.00%,"$1,284.87",2884.59%,"$1,435.21",3233.83%,CENT,NASDAQ:CENT,-1.000,$47.50,5.26%
NASDAQ:CENTA,16 Jul 2026,$43.82,5,,,3.90,$37.91,15.59%,15.59%,$43.82,$44.75,$0.00,-100.00%,$272.13,617.83%,$300.40,692.41%,CENTA,NASDAQ:CENTA,-1.000,$44.75,
NASDAQ:CENX,20 Aug 2025,$23.49,3,,9,5.00,$44.77,-47.53%,,,,$0.00,-100.00%,$48.51,8.36%,$40.10,-10.43%,CENX,NASDAQ:CENX,-1.000,$74.00,
NYSE:CEPU,16 Dec 2025,$17.50,3,$17.50,9,,$15.26,14.68%,,,,,-100.00%,-$2.00,-113.11%,-$2.00,-113.11%,CEPU,NYSE:CEPU,-2.000,,
NASDAQ:CERS,11 Dec 2025,$2.70,4,$4.50,4,1.03,$2.15,25.41%,,,,$2.79,29.77%,$2.41,12.16%,$2.51,16.80%,CERS,NASDAQ:CERS,-0.767,$4.67,-3.64%
NASDAQ:CEVA,10 Feb 2026,$35.04,4,$36.00,5,1.13,$32.65,7.32%,,,,$29.41,-9.92%,$32.55,-0.30%,$33.31,2.01%,CEVA,NASDAQ:CEVA,-0.718,$50.00,-28.00%
NASDAQ:CFFN,1 Jun 2026,$8.16,3,$8.25,6,3.56,$8.84,-7.75%,,,,$9.05,2.38%,-$51.90,-687.10%,-$51.14,-678.47%,CFFN,NASDAQ:CFFN,0.451,$8.83,-6.57%
NYSE:CFG,27 May 2026,$59.16,3,$72.63,6,2.59,$71.65,-17.43%,,,,$72.35,0.98%,$0.00,-100.00%,$0.00,-100.00%,CFG,NYSE:CFG,-0.008,$80.47,-9.74%
NASDAQ:CFLT,27 Jan 2026,$37.00,3,$29.10,1,,#N/A,#N/A,,,,,#N/A,-$2.00,#N/A,-$2.00,#N/A,CFLT,NASDAQ:CFLT,-2.000,,
NYSE:CFR,19 Nov 2025,$122.52,3,$139.13,7,2.42,$166.34,-26.34%,,,,$167.09,0.45%,-$475.36,-385.78%,-$459.08,-375.99%,CFR,NYSE:CFR,-0.047,$159.00,-12.50%
NASDAQ:CG,19 Nov 2025,$51.54,3,$66.70,6,2.53,$46.02,11.99%,,,,$45.27,-1.63%,$23.69,-48.52%,$29.08,-36.81%,CG,NASDAQ:CG,-0.053,$55.59,19.99%
NYSE:CGAU,15 Aug 2025,$8.68,4,,7,2.33,$17.19,-49.49%,,,,$16.08,-6.46%,$19.18,11.56%,$25.62,49.06%,CGAU,NYSE:CGAU,-0.175,$23.25,
NASDAQ:CGNX,29 Jan 2026,$39.12,3,$45.64,9,2.82,$65.24,-40.03%,,,,$61.47,-5.78%,$65.82,0.89%,$67.52,3.50%,CGNX,NASDAQ:CGNX,0.078,$77.60,-41.19%
NASDAQ:CHCO,27 May 2026,$129.27,3,$130.00,4,2.78,$145.11,-10.91%,,,,$149.01,2.69%,-$85.50,-158.92%,-$75.02,-151.70%,CHCO,NASDAQ:CHCO,0.109,$139.80,-7.01%
NYSE:CHCT,24 Aug 2025,$20.57,3,,8,3.77,$18.31,12.36%,,,,$19.71,7.65%,$10.32,-43.65%,$24.95,36.26%,CHCT,NYSE:CHCT,0.530,$19.25,
NYSE:CHD,20 Feb 2024,$80.10,1,,,2.78,$98.81,-18.94%,,,,$103.48,4.73%,$125.34,26.85%,$133.44,35.05%,CHD,NYSE:CHD,0.090,$103.84,
NASDAQ:CHDN,18 Sep 2025,$128.82,3,$132.71,9,1.87,$84.30,52.81%,,,,$88.11,4.52%,$107.33,27.31%,$139.11,65.01%,CHDN,NASDAQ:CHDN,-0.389,$135.58,-2.12%
NYSE:CHE,3 Jul 2024,$512.61,3,,,1.47,$532.25,-3.69%,,,,$523.04,-1.73%,$763.46,43.44%,$825.78,55.15%,CHE,NYSE:CHE,-0.457,$474.00,
NASDAQ:CHEF,3 Sep 2025,$48.50,2,,,,$115.35,-57.95%,,,,,-100.00%,-$2.00,-101.73%,-$2.00,-101.73%,CHEF,NASDAQ:CHEF,-2.000,,
NYSE:CHGG,20 Aug 2025,$2.28,3,,5,1.82,$0.98,132.65%,,,,$1.01,3.06%,$2.60,165.35%,$9.83,903.35%,CHGG,NYSE:CHGG,-0.413,$2.79,
NYSE:CHH,23 Dec 2025,$119.50,3,$100.00,4,,$111.49,-10.31%,,,,,-100.00%,-$2.00,-101.79%,-$2.00,-101.79%,CHH,NYSE:CHH,-2.000,,
NASDAQ:CHKP,26 Mar 2026,$188.31,3,$200.68,7,3.85,$127.13,48.12%,,,,$0.00,-100.00%,$369.93,190.98%,$382.53,200.90%,CHKP,NASDAQ:CHKP,-1.000,$148.68,34.97%
NASDAQ:CHRD,23 Aug 2024,$167.62,3,,,3.34,$140.38,19.40%,,,,$140.12,-0.19%,$197.92,40.99%,$527.07,275.46%,CHRD,NASDAQ:CHRD,0.311,$165.67,
NYSE:CHT,17 Jun 2024,$40.37,3,,,3.30,$42.61,-5.26%,,,,$44.55,4.55%,$59.50,39.63%,$87.50,105.35%,CHT,NYSE:CHT,0.305,$48.08,
NASDAQ:CHX,23 Aug 2024,$37.87,4,,,,#N/A,#N/A,,,,$0.00,#N/A,$0.00,#N/A,$0.00,#N/A,CHX,NASDAQ:CHX,-2.000,$40.80,
NYSE:CIB,6 Oct 2025,$49.03,3,,,3.63,$92.52,-47.00%,,,,$94.60,2.25%,-$621.61,-771.87%,-$581.89,-728.93%,CIB,NYSE:CIB,0.531,$72.22,
NYSE:CIEN,23 Dec 2025,$134.99,1,$248.93,10,5.00,$377.05,-64.20%,,,,$0.00,-100.00%,$410.55,8.89%,$439.77,16.63%,CIEN,NYSE:CIEN,-1.000,$565.71,-56.00%
NASDAQ:CIFR,4 Aug 2025,$6.62,3,$7.06,3,5.00,$22.32,-70.35%,,,,$0.00,-100.00%,$2.33,-89.56%,$3.08,-86.19%,CIFR,NASDAQ:CIFR,-1.000,$32.79,-78.47%
NYSE:CIG,26 Jun 2026,$2.37,4,,5,,$2.19,8.22%,,,,,-100.00%,-$2.00,-191.32%,-$2.00,-191.32%,CIG,NYSE:CIG,-2.000,,
NASDAQ:CINF,19 Sep 2025,$146.60,2,$165.40,6,3.16,$177.68,-17.49%,,,,$185.61,4.46%,$318.63,79.33%,$336.10,89.16%,CINF,NASDAQ:CINF,0.258,$189.17,-12.57%
NYSE:CINT,10 Jun 2026,$5.65,3,$6.94,7,,$3.35,68.77%,,,,,-100.00%,-$2.00,-159.70%,-$2.00,-159.70%,CINT,NYSE:CINT,-2.000,,
NASDAQ:CISS,16 Feb 2026,$2.33,3,,,,$0.12,1844.00%,,,,,-100.00%,-$2.00,-1766.67%,-$2.00,-1766.67%,CISS,NASDAQ:CISS,-2.000,,
NYSE:CL,18 Aug 2025,$84.33,3,$97.40,5,2.99,$91.30,-7.64%,,,,$95.74,4.86%,$128.46,40.70%,$141.74,55.25%,CL,NYSE:CL,0.180,$97.65,-0.26%
NASDAQ:CLBK,8 Oct 2025,$15.20,3,,,2.00,$10.81,40.61%,,,,$0.00,-100.00%,-$79.58,-836.18%,-$78.12,-822.69%,CLBK,NASDAQ:CLBK,-1.000,$8.64,
NYSE:CLF,17 Aug 2025,$12.62,3,$10.78,6,3.10,$11.52,-6.42%,,,,$0.00,-100.00%,$25.85,124.38%,$30.17,161.88%,CLF,NYSE:CLF,-1.000,$11.75,-8.26%
NYSE:CLH,9 Apr 2025,$216.05,5,$271.56,9,#ERROR!,$312.88,-30.95%,,,,$0.00,-100.00%,$346.85,10.86%,$295.93,-5.42%,CLH,NYSE:CLH,-1.000,$332.07,-18.22%
NASDAQ:CLMB,26 Jan 2026,$137.18,3,$136.00,4,,$26.81,407.27%,,,,,-100.00%,-$2.00,-107.46%,-$2.00,-107.46%,CLMB,NASDAQ:CLMB,-2.000,,
NASDAQ:CLPT,11 Dec 2025,$12.35,3,$29.00,6,5.00,$14.94,-17.34%,,,,$0.00,-100.00%,$11.44,-23.43%,$11.57,-22.57%,CLPT,NASDAQ:CLPT,-1.000,$28.33,2.36%
NYSE:CLS,19 Jan 2026,$187.07,1,$376.73,10,4.76,$331.44,-43.56%,,,,$0.00,-100.00%,$371.29,12.02%,$396.23,19.55%,CLS,NYSE:CLS,-1.000,$448.00,-15.91%
NYSE:CLVT,2 Feb 2026,$5.35,3,$3.87,4,4.31,$1.98,95.45%,,,,$0.00,-100.00%,-$2.14,-208.04%,$8.23,315.73%,CLVT,NYSE:CLVT,-1.000,$2.50,54.80%
NYSE:CLW,26 Dec 2024,$20.46,,$37.00,5,2.28,$21.03,-2.71%,,,,$0.00,-100.00%,$66.20,214.78%,$31.61,50.33%,CLW,NYSE:CLW,-1.000,$18.00,105.56%
NYSE:CLX,13 Apr 2026,$137.41,5,$115.33,4,3.20,$95.53,20.73%,,,,$102.80,7.61%,$158.45,65.86%,$181.42,89.91%,CLX,NYSE:CLX,0.272,$102.35,12.68%
NYSE:CM,10 Sep 2025,$68.57,2,,,2.40,$118.55,-42.16%,,,,$117.46,-0.92%,$19.31,-83.71%,$35.41,-70.13%,CM,NYSE:CM,-0.050,$110.23,
NYSE:CMA,19 Nov 2025,$78.08,3,$79.46,6,,#N/A,#N/A,,,,,#N/A,-$2.00,#N/A,-$2.00,#N/A,CMA,NYSE:CMA,-2.000,,
NYSE:CMC,27 Feb 2026,$67.56,3,,,3.12,$68.72,-1.69%,,,,$72.39,5.34%,$56.06,-18.42%,$91.08,32.53%,CMC,NYSE:CMC,0.215,$80.09,
NYSEAMERICAN:CMCL,28 Oct 2025,$29.76,1,$48.00,8,,$18.39,61.83%,,,,,-100.00%,-$2.00,-110.88%,-$2.00,-110.88%,CMCL,NYSEAMERICAN:CMCL,-2.000,,
NASDAQ:CME,24 Oct 2025,$252.85,2,,,2.16,$267.79,-5.58%,,,,$261.87,-2.21%,-$16.46,-106.15%,-$1.14,-100.43%,CME,NASDAQ:CME,-0.186,$283.93,
NYSE:CMI,19 Nov 2025,$437.53,2,$508.60,4,2.81,$634.20,-31.01%,,,,$645.94,1.85%,$535.43,-15.57%,$628.19,-0.95%,CMI,NYSE:CMI,0.074,$754.86,-32.62%
NASDAQ:CMPR,23 Aug 2025,$95.87,3,$72.00,5,0.64,$98.70,-27.05%,,,,$94.61,-4.14%,$185.27,87.71%,$191.63,94.15%,CMPR,NASDAQ:CMPR,-0.878,$111.50,-35.43%
NYSE:CMRE,23 Dec 2025,$17.94,5,$12.00,6,3.28,$15.58,-22.98%,,,,$15.97,2.50%,$13.53,-13.18%,$24.71,58.59%,CMRE,NYSE:CMRE,0.247,$21.00,-42.86%
NASDAQ:CNDT,29 Jan 2026,$2.60,3,$7.00,3,5.00,$1.57,65.47%,,,,$0.00,-100.00%,$0.59,-62.35%,-$0.29,-118.18%,CNDT,NASDAQ:CNDT,-1.000,$5.00,40.00%
NYSE:CNH,18 Aug 2025,$16.66,5,$14.39,4,2.27,$10.25,40.39%,,,,$10.81,5.46%,$1.30,-87.33%,-$9.67,-194.35%,CNH,NYSE:CNH,-0.191,$13.28,8.36%
NYSE:CNM,15 Aug 2025,$59.25,2,,,4.85,$43.97,34.76%,,,,$0.00,-100.00%,$51.13,16.29%,$67.65,53.86%,CNM,NYSE:CNM,-1.000,$60.27,
NYSE:CNMD,11 Dec 2025,$60.78,3,$53.00,2,2.08,$46.30,14.47%,,,,$43.11,-6.89%,$27.85,-39.84%,$39.20,-15.34%,CNMD,NYSE:CNMD,-0.175,$39.00,35.90%
NYSE:CNO,20 Oct 2023,$30.57,5,,,2.87,$55.09,-44.52%,,,,$54.74,-0.64%,$0.00,-100.00%,$0.00,-100.00%,CNO,NYSE:CNO,0.158,$51.75,
NASDAQ:CNOB,19 Nov 2025,$25.36,3,,,3.30,$32.94,-23.01%,,,,$34.09,3.49%,$0.00,-100.00%,$0.00,-100.00%,CNOB,NASDAQ:CNOB,0.311,$36.50,
NASDAQ:CNXC,28 Jan 2026,$61.95,4,,,2.51,$24.60,151.81%,,,,$25.68,4.39%,$62.69,154.84%,$195.23,693.63%,CNXC,NASDAQ:CNXC,-0.106,$35.25,
NYSE:COF,18 Aug 2025,$1.55,4,$1.15,4,2.50,$209.01,-99.45%,,,,$210.52,0.72%,-$249.66,-219.45%,-$162.33,-177.67%,COF,NYSE:COF,-0.072,$256.73,-99.55%
NASDAQ:COFS,1 Jun 2026,$34.09,3,$34.00,7,2.84,$34.03,-0.09%,,,,$35.24,3.56%,$0.00,-100.00%,$0.00,-100.00%,COFS,NASDAQ:COFS,0.116,$36.00,-5.56%
NYSE:COHR,15 Aug 2025,$108.88,2,$111.93,7,5.00,$262.89,-58.58%,,,,$0.00,-100.00%,$213.38,-18.83%,$242.24,-7.86%,COHR,NYSE:COHR,-1.000,$391.45,-71.41%
NASDAQ:COHU,4 Feb 2026,$30.91,3,$32.33,9,4.67,$47.99,-35.59%,,,,$0.00,-100.00%,$42.75,-10.93%,$51.74,7.82%,COHU,NASDAQ:COHU,-1.000,$64.00,-49.48%
NASDAQ:COLB,27 May 2026,$30.60,3,$31.75,6,4.10,$31.27,-2.14%,,,,$32.47,3.84%,$0.00,-100.00%,$0.00,-100.00%,COLB,NASDAQ:COLB,0.667,$34.14,-7.00%
NASDAQ:COLM,6 Feb 2026,$85.03,3,$62.40,6,2.96,$59.38,5.09%,,,,$65.23,9.85%,$328.77,453.68%,$255.91,330.97%,COLM,NASDAQ:COLM,0.141,$70.83,-11.90%
NASDAQ:COMM,27 Jan 2026,$19.58,1,,,,#N/A,#N/A,,,,,#N/A,-$2.00,#N/A,-$2.00,#N/A,COMM,NASDAQ:COMM,-2.000,,
NYSE:COP,2 Jul 2026,$119.17,5,$146.53,7,2.90,$120.48,-1.09%,,,,$121.21,0.61%,$120.75,0.22%,$210.76,74.93%,COP,NYSE:COP,0.117,$141.00,3.92%
NASDAQ:CORZ,22 Jan 2026,$21.48,3,$27.60,7,5.00,$20.72,3.66%,,,,$0.00,-100.00%,$6.91,-66.66%,$9.04,-56.36%,CORZ,NASDAQ:CORZ,-1.000,$33.36,-17.27%
NYSE:COTY,18 Aug 2025,$8.16,3,$6.34,4,3.69,$2.75,130.55%,,,,$0.00,-100.00%,$5.57,102.40%,$10.71,289.30%,COTY,NYSE:COTY,-1.000,$3.13,102.56%
NYSE:CP,13 Nov 2024,$75.90,3,,,1.93,$88.89,-14.61%,,,,$90.84,2.19%,$81.47,-8.35%,$100.82,13.42%,CP,NYSE:CP,-0.296,$97.36,
NYSE:CPF,16 Apr 2026,$32.84,3,$37.00,6,2.48,$39.40,-16.66%,,,,$39.75,0.89%,$0.00,-100.00%,$0.00,-100.00%,CPF,NYSE:CPF,-0.043,$41.67,-11.21%
NYSE:CPRI,26 Mar 2026,$38.69,5,$26.00,5,0.60,$15.93,63.21%,,,,$14.78,-7.22%,$42.68,167.93%,$39.53,148.12%,CPRI,NYSE:CPRI,-0.956,$24.97,4.12%
NASDAQ:CPRT,22 Sep 2025,$50.82,4,$55.60,4,4.92,$29.12,74.52%,,,,$0.00,-100.00%,$66.96,129.95%,$71.10,144.16%,CPRT,NASDAQ:CPRT,-1.000,$40.30,37.97%
NASDAQ:CPSH,27 Jan 2026,$4.29,2,,,5.00,$3.92,9.50%,,,,$0.00,-100.00%,$4.83,23.21%,$5.18,32.19%,CPSH,NASDAQ:CPSH,-1.000,$5.50,
NYSE:CPT,18 Sep 2025,$121.77,4,$121.40,1,2.41,$110.81,9.56%,,,,$116.53,5.16%,$107.95,-2.58%,$124.14,12.03%,CPT,NYSE:CPT,-0.072,$116.12,4.55%
NYSE:CR,13 Nov 2025,$172.71,2,$220.67,6,,$213.46,-19.09%,,,,,-100.00%,-$2.00,-100.94%,-$2.00,-100.94%,CR,NYSE:CR,-2.000,,
NASDAQ:CRAI,20 Aug 2024,$164.05,3,,,2.89,$179.03,-8.37%,,,,$197.67,10.41%,$485.97,171.45%,$485.06,170.94%,CRAI,NASDAQ:CRAI,0.063,$252.50,
NASDAQ:CRCT,11 Feb 2026,$6.18,5,$3.67,3,3.17,$4.69,-21.75%,,,,$4.94,5.33%,$33.39,611.91%,$40.38,760.94%,CRCT,NASDAQ:CRCT,0.327,$3.62,1.38%
NASDAQ:CRDO,15 Dec 2025,$162.57,3,$223.89,7,4.75,$206.99,-21.46%,,,,$0.00,-100.00%,$223.18,7.82%,$226.97,9.65%,CRDO,NASDAQ:CRDO,-1.000,$279.29,-19.84%
NASDAQ:CRESY,11 Jul 2025,$10.53,3,,,2.15,$11.21,-6.09%,,,,$11.21,0.00%,$8.60,-23.30%,$10.94,-2.44%,CRESY,NASDAQ:CRESY,-0.265,$15.51,
NYSE:CRGY,20 Aug 2025,$15.13,3,,,3.45,$11.47,31.92%,,,,$11.34,-1.13%,$4.48,-60.98%,$5.19,-54.77%,CRGY,NYSE:CRGY,0.316,$15.80,
NYSE:CRH,30 Mar 2026,$109.97,3,,,,$95.01,15.75%,,,,,-100.00%,-$2.00,-102.11%,-$2.00,-102.11%,CRH,NYSE:CRH,-2.000,,
NASDAQ:CRML,4 Dec 2025,$6.88,3,$14.00,6,,$5.49,25.26%,,,,,-100.00%,-$2.00,-136.43%,-$2.00,-136.43%,CRML,NASDAQ:CRML,-2.000,,
NASDAQ:CROX,26 Jul 2024,$132.28,3,,,3.14,$128.01,3.34%,,,,$0.00,-100.00%,$350.59,173.88%,$368.37,187.76%,CROX,NASDAQ:CROX,-1.000,$131.67,
NASDAQ:CRTO,6 Nov 2025,$38.27,3,$35.00,2,3.83,$21.82,60.40%,,,,$0.00,-100.00%,$32.36,48.31%,$60.40,176.82%,CRTO,NASDAQ:CRTO,-1.000,$25.45,37.52%
NASDAQ:CRUS,6 Feb 2026,$143.98,4,$143.60,10,5.00,$129.35,11.02%,,,,$0.00,-100.00%,$331.63,156.38%,$348.98,169.80%,CRUS,NASDAQ:CRUS,-1.000,$181.75,-20.99%
NASDAQ:CRWD,13 Sep 2024,$299.53,4,,,3.06,$190.86,56.94%,,,,$0.00,-100.00%,$194.27,1.79%,$197.35,3.40%,CRWD,NASDAQ:CRWD,-1.000,$193.13,
NASDAQ:CRWV,11 Feb 2026,$83.61,3,,,5.00,$71.77,16.49%,,,,$0.00,-100.00%,$0.00,-100.00%,$0.00,-100.00%,CRWV,NASDAQ:CRWV,-1.000,$138.03,
NASDAQ:CSIQ,9 Feb 2026,$19.05,3,$21.51,6,,$15.08,26.32%,,,,,-100.00%,-$2.00,-113.26%,-$2.00,-113.26%,CSIQ,NASDAQ:CSIQ,-2.000,,
NYSE:CSL,20 Jan 2026,$384.54,3,$400.00,8,2.42,$359.92,6.84%,,,,$324.22,-9.92%,$511.27,42.05%,$527.80,46.64%,CSL,NYSE:CSL,-0.084,$403.29,-0.82%
NASDAQ:CSTL,23 Aug 2024,$38.33,3,,,5.00,$28.00,36.89%,,,,$0.00,-100.00%,$37.86,35.23%,$43.55,55.53%,CSTL,NASDAQ:CSTL,-1.000,$42.78,
NYSE:CSTM,25 Jun 2026,$27.88,2,,,0.93,$27.78,0.36%,,,,$26.98,-2.88%,-$4.37,-115.74%,$35.86,29.08%,CSTM,NYSE:CSTM,-0.793,$37.10,
NASDAQ:CSW,3 Sep 2025,$247.77,1,,,,$318.93,-22.31%,,,,,-100.00%,-$2.00,-100.63%,-$2.00,-100.63%,CSW,NYSE:CSW,-2.000,,
NASDAQ:CTBI,19 Nov 2025,$57.46,3,$61.00,6,2.38,$78.45,-26.76%,,,,$78.53,0.10%,$0.00,-100.00%,$0.00,-100.00%,CTBI,NASDAQ:CTBI,-0.085,$81.33,-25.00%
NASDAQ:CTKB,11 Dec 2025,$6.69,3,$5.83,7,4.74,$4.22,38.15%,,,,$0.00,-100.00%,$6.58,55.93%,$6.78,60.67%,CTKB,NASDAQ:CTKB,-1.000,$5.69,2.46%
NASDAQ:CTLP,21 Jan 2026,$11.18,3,,5,,#N/A,#N/A,,,,,#N/A,-$2.00,#N/A,-$2.00,#N/A,CTLP,NASDAQ:CTLP,-2.000,,
NYSEAMERICAN:CTM,2 Feb 2026,$3.50,1,$3.50,3,,$0.72,386.11%,,,,,-100.00%,-$2.00,-377.78%,-$2.00,-377.78%,CTM,NYSEAMERICAN:CTM,-2.000,,
NYSE:CTRA,2 Nov 2025,$26.29,4,$32.29,7,,#N/A,#N/A,,,,$0.00,#N/A,$41.22,#N/A,$71.51,#N/A,CTRA,NYSE:CTRA,-1.000,$37.77,-14.51%
NYSE:CTS,2 Feb 2026,$52.59,3,,6,1.65,$64.12,-17.98%,,,,$61.38,-4.27%,$88.45,37.95%,$108.54,69.27%,CTS,NYSE:CTS,-0.380,$58.00,
NASDAQ:CTSH,4 Feb 2026,$83.87,4,,,,$55.35,51.53%,,,,,-100.00%,-$2.00,-103.61%,-$2.00,-103.61%,CTSH,NASDAQ:CTSH,-2.000,,
NYSE:CUBI,19 Nov 2025,$67.11,3,$85.43,9,3.97,$78.68,-14.71%,,,,$0.00,-100.00%,$0.00,-100.00%,$0.00,-100.00%,CUBI,NYSE:CUBI,-1.000,$93.91,-9.03%
NASDAQ:CURI,23 Dec 2025,$4.18,3,$6.33,10,3.10,$2.44,71.31%,,,,$2.60,6.56%,$2.96,21.27%,$5.56,127.86%,CURI,NASDAQ:CURI,0.157,$5.33,18.76%
NASDAQ:CVBF,25 Jun 2026,$20.88,3,,,2.67,$22.37,-6.66%,,,,$23.38,4.51%,$0.00,-100.00%,$0.00,-100.00%,CVBF,NASDAQ:CVBF,0.030,$24.67,
NYSE:CVE,19 Jun 2026,$26.66,3,$32.60,8,2.31,$30.19,-11.69%,,,,$29.00,-3.94%,$44.54,47.52%,$84.19,178.85%,CVE,NYSE:CVE,-0.149,$35.86,-9.09%
NYSE:CVI,23 Aug 2024,$33.80,3,,,2.56,$35.62,-5.12%,,,,$36.02,1.12%,$21.68,-39.13%,$62.24,74.74%,CVI,NYSE:CVI,0.043,$29.40,
NASDAQ:CVLT,26 Jan 2026,$137.85,3,$174.58,8,4.89,$117.80,17.02%,,,,$0.00,-100.00%,$239.67,103.45%,$242.90,106.20%,CVLT,NASDAQ:CVLT,-1.000,$162.40,7.50%
NASDAQ:CVRX,4 Dec 2025,$11.33,4,$12.67,7,5.00,$5.18,118.75%,,,,$0.00,-100.00%,$1.08,-79.16%,$1.14,-77.95%,CVRX,NASDAQ:CVRX,-1.000,$11.17,13.43%
NYSE:CVS,16 Oct 2025,$91.02,5,$86.60,8,2.82,$104.43,-17.07%,,,,$112.00,7.25%,$67.41,-35.45%,$99.70,-4.52%,CVS,NYSE:CVS,0.105,$112.19,-22.81%
NYSE:CVX,20 Aug 2025,$174.36,4,$171.33,9,,$196.83,-12.96%,,,,,-100.00%,-$2.00,-101.02%,-$2.00,-101.02%,CVX,NYSE:CVX,-2.000,,
NYSE:CW,17 May 2024,$250.04,2,,,1.61,$724.00,-65.46%,,,,$670.61,-7.37%,$930.97,28.59%,$676.88,-6.51%,CW,NYSE:CW,-0.449,$822.17,
NYSE:CWAN,26 Jan 2026,$25.43,3,$27.15,4,,#N/A,#N/A,,,,,#N/A,-$2.00,#N/A,-$2.00,#N/A,CWAN,NYSE:CWAN,-2.000,,
NASDAQ:CWCO,13 Nov 2025,$34.36,3,,8,2.75,$29.20,17.67%,,,,$29.73,1.82%,$55.84,91.24%,$63.87,118.72%,CWCO,NASDAQ:CWCO,0.000,$43.00,
NYSE:CWH,19 Sep 2025,$21.04,3,$19.56,7,3.34,$6.19,215.99%,,,,$6.37,2.91%,$41.55,571.18%,$58.71,848.45%,CWH,NYSE:CWH,0.261,$13.00,50.46%
NYSE:CX,19 Jun 2025,$8.65,3,$7.31,8,1.94,$11.82,-38.16%,,,,$11.71,-0.93%,$10.55,-10.72%,$17.71,49.85%,CX,NYSE:CX,-0.323,$14.63,-50.03%
NASDAQ:CXAI,4 Feb 2026,$0.59,3,,,,$0.12,393.33%,,,,,-100.00%,-$2.00,-1766.67%,-$2.00,-1766.67%,CXAI,NASDAQ:CXAI,-2.000,,
NYSE:CXT,11 Nov 2025,$76.10,5,$74.00,8,2.39,$51.95,42.44%,,,,$51.80,-0.29%,$65.15,25.41%,$31.57,-39.22%,CXT,NYSE:CXT,-0.133,$66.83,10.73%
NYSE:CYD,15 Dec 2025,$33.36,3,,7,3.12,$47.16,-29.26%,,,,$47.70,1.15%,$0.00,-100.00%,$0.00,-100.00%,CYD,NYSE:CYD,0.164,$67.67,
NYSE:DAC,5 Mar 2026,$126.35,3,,,2.89,$141.63,-10.79%,,,,$143.88,1.59%,$164.43,16.10%,$349.97,147.10%,DAC,NYSE:DAC,0.129,$157.00,
NYSE:DAL,18 Sep 2025,$41.35,2,,,3.21,$87.44,-52.71%,,,,$90.51,3.51%,$37.62,-56.97%,$130.92,49.73%,DAL,NYSE:DAL,0.249,$105.52,
NYSE:DAVA,9 Feb 2026,$13.03,3,$10.00,3,5.00,$2.99,234.45%,,,,$0.00,-100.00%,$20.61,589.22%,$5.93,98.38%,DAVA,NYSE:DAVA,-1.000,$5.45,83.49%
NASDAQ:DAVE,11 Feb 2026,$175.69,3,$312.50,9,3.21,$372.69,-52.86%,,,,$0.00,-100.00%,$692.43,85.79%,$699.78,87.77%,DAVE,NASDAQ:DAVE,-1.000,$388.55,-19.57%
NYSE:DB,2 Apr 2026,$30.42,3,$41.60,10,3.20,$36.70,-17.11%,,,,$37.02,0.87%,$448.73,1122.71%,$522.61,1324.01%,DB,NYSE:DB,0.261,$41.45,0.36%
NYSE:DBI,4 Feb 2026,$8.49,3,$6.25,2,3.26,$6.04,3.48%,,,,$6.52,7.95%,$4.25,-29.59%,$18.26,202.27%,DBI,NYSE:DBI,0.251,$7.75,-19.35%
NASDAQ:DBX,11 Feb 2026,$25.55,3,,,2.02,$32.56,-21.53%,,,,$0.00,-100.00%,$60.36,85.38%,$70.05,115.13%,DBX,NASDAQ:DBX,-1.000,$26.17,
NYSE:DCI,6 Nov 2025,$76.88,2,,,2.61,$94.24,-18.42%,,,,$96.49,2.39%,$144.96,53.82%,$158.77,68.47%,DCI,NYSE:DCI,0.022,$96.80,
NASDAQ:DCOM,2 Oct 2025,$31.72,3,$36.00,5,,#N/A,#N/A,,,,,#N/A,-$2.00,#N/A,-$2.00,#N/A,DCOM,NASDAQ:DCOM,-2.000,,
NASDAQ:DCTH,11 Dec 2025,$11.63,3,$24.00,6,5.00,$12.22,-4.82%,,,,$0.00,-100.00%,$12.01,-1.76%,$12.18,-0.33%,DCTH,NASDAQ:DCTH,-1.000,$21.55,11.37%
NYSE:DD,16 Jul 2026,$150.29,4,$165.80,8,4.73,$137.00,9.70%,9.70%,$150.29,$169.63,$149.79,9.34%,$138.46,1.07%,$205.91,50.30%,DD,NYSE:DD,0.915,$169.63,-2.26%
NYSE:DDD,19 Nov 2025,$2.85,3,$3.63,6,5.00,$2.64,7.95%,,,,$0.00,-100.00%,$0.03,-98.76%,$2.70,2.40%,DDD,NYSE:DDD,-1.000,$4.00,-9.25%
NASDAQ:DDOG,18 Aug 2025,$131.92,3,$161.38,8,3.01,$267.97,-50.77%,,,,$0.00,-100.00%,$302.99,13.07%,$305.66,14.06%,DDOG,NASDAQ:DDOG,-1.000,$268.55,-39.91%
NYSE:DDS,21 May 2024,$424.51,3,,,3.10,$588.34,-27.85%,,,,$609.78,3.64%,"$1,518.85",158.16%,"$1,665.94",183.16%,DDS,NYSE:DDS,0.266,$537.00,
NYSE:DEA,13 Nov 2025,$33.12,3,$23.30,4,3.59,$24.36,-4.35%,,,,$26.32,8.05%,-$3.48,-114.29%,$22.76,-6.57%,DEA,NYSE:DEA,0.463,$24.36,-4.35%
NYSE:DECK,13 Apr 2026,$122.67,3,$124.47,2,4.34,$96.88,26.62%,,,,$0.00,-100.00%,$0.00,-100.00%,$0.00,-100.00%,DECK,NYSE:DECK,-1.000,$122.81,1.35%
NYSE:DEO,20 Mar 2026,$109.50,3,$107.50,8,,$88.06,22.08%,,,,,-100.00%,-$2.00,-102.27%,-$2.00,-102.27%,DEO,NYSE:DEO,-2.000,,
NASDAQ:DFDV,3 Jun 2025,$23.65,3,,,5.00,$2.56,823.91%,,,,$0.00,-100.00%,-$9.57,-473.66%,-$9.52,-472.01%,DFDV,NASDAQ:DFDV,-1.000,$5.85,
NYSE:DFH,26 Mar 2025,$30.22,3,$32.00,4,5.00,$12.79,136.29%,,,,$0.00,-100.00%,$75.36,489.20%,$83.55,553.28%,DFH,NYSE:DFH,-1.000,$18.00,77.78%
NASDAQ:DGII,29 Jan 2026,$43.01,3,$48.80,7,3.18,$69.72,-38.31%,,,,$0.00,-100.00%,$125.56,80.10%,$144.80,107.68%,DGII,NASDAQ:DGII,-1.000,$72.20,-32.41%
NYSE:DGX,29 Jul 2024,$148.07,3,,,2.78,$233.01,-36.45%,,,,$242.09,3.90%,$350.92,50.60%,$437.00,87.54%,DGX,NYSE:DGX,0.095,$242.38,
NYSE:DHI,29 May 2026,$164.34,5,$164.82,7,2.93,$143.06,14.88%,,,,$155.66,8.81%,$267.34,86.87%,$270.74,89.25%,DHI,NYSE:DHI,0.137,$164.17,0.40%
NYSE:DHR,13 Nov 2025,$244.54,3,$243.45,9,3.84,$194.98,24.86%,,,,$0.00,-100.00%,$216.86,11.22%,$252.45,29.48%,DHR,NYSE:DHR,-1.000,$227.61,6.96%
NASDAQ:DIOD,28 Jan 2026,$63.86,3,$58.67,7,5.00,$82.32,-28.73%,,,,$0.00,-100.00%,$98.61,19.79%,$128.54,56.15%,DIOD,NASDAQ:DIOD,-1.000,$129.50,-54.69%
NASDAQ:DJCO,11 Feb 2026,$662.32,3,,5,,$587.10,12.81%,,,,$0.00,-100.00%,$658.37,12.14%,$659.97,12.41%,DJCO,NASDAQ:DJCO,-1.000,,
NYSE:DKL,25 Jun 2026,$49.01,1,,,,$60.31,-18.74%,,,,,-100.00%,-$2.00,-103.32%,-$2.00,-103.32%,DKL,NYSE:DKL,-2.000,,
NASDAQ:DKNG,18 Aug 2025,$46.45,3,$54.69,7,5.00,$23.48,97.83%,,,,$0.00,-100.00%,$34.81,48.26%,$23.43,-0.21%,DKNG,NASDAQ:DKNG,-1.000,$34.78,57.25%
NYSE:DLX,17 Jul 2026,$28.09,3,,5,3.85,$25.87,8.58%,8.58%,$28.09,$32.67,$28.54,10.32%,$28.51,10.20%,$82.10,217.35%,DLX,NYSE:DLX,0.520,$32.67,
NASDAQ:DMLP,20 Sep 2025,$25.83,1,$25.30,1,3.62,$27.61,-8.37%,,,,$28.62,3.66%,$48.61,76.07%,$63.72,130.78%,DMLP,NASDAQ:DMLP,0.448,,
NASDAQ:DMRC,14 Jan 2026,$14.02,3,$10.00,2,5.00,$6.56,52.44%,,,,$0.00,-100.00%,$5.11,-22.04%,$4.98,-24.01%,DMRC,NASDAQ:DMRC,-1.000,$11.50,-13.04%
NYSEAMERICAN:DNN,31 Jul 2024,$1.76,0,,,,$2.81,-37.37%,,,,,-100.00%,-$2.00,-171.17%,-$2.00,-171.17%,DNN,NYSEAMERICAN:DNN,-2.000,,
NASDAQ:DNUT,22 Dec 2023,$17.24,4,,,3.08,$3.18,442.08%,,,,$3.39,6.60%,-$3.75,-218.03%,$8.65,171.99%,DNUT,NASDAQ:DNUT,0.164,$4.22,
NYSE:DOLE,6 Mar 2026,$17.35,3,$14.00,4,3.35,$14.14,-0.99%,,,,$14.84,4.95%,$12.58,-11.04%,$20.56,45.41%,DOLE,NYSE:DOLE,0.300,$17.69,-20.86%
NYSE:DOV,11 Nov 2025,$186.11,3,$210.90,7,2.83,$204.62,-9.05%,,,,$205.08,0.22%,$246.58,20.51%,$285.31,39.43%,DOV,NYSE:DOV,0.078,$247.06,-14.64%
NASDAQ:DOX,21 May 2026,$85.47,3,$74.50,10,3.13,$55.72,33.70%,,,,$58.25,4.54%,$69.81,25.29%,$89.80,61.16%,DOX,NASDAQ:DOX,0.170,$81.21,-8.26%
NASDAQ:DOYU,2 Apr 2025,$7.06,3,$9.75,9,,$4.62,52.73%,,,,,-100.00%,-$2.00,-143.29%,-$2.00,-143.29%,DOYU,NASDAQ:DOYU,-2.000,,
NASDAQ:DPZ,9 Apr 2025,$433.44,3,$487.39,9,2.36,$347.44,24.75%,,,,$351.68,1.22%,$518.71,49.29%,$559.85,61.14%,DPZ,NASDAQ:DPZ,-0.110,$386.74,26.03%
NYSE:DQ,9 Feb 2026,$22.12,3,$28.07,5,5.00,$12.17,81.76%,,,,$0.00,-100.00%,$59.81,391.45%,$115.18,846.42%,DQ,NYSE:DQ,-1.000,$25.88,8.46%
NYSE:DRD,28 Feb 2024,$9.55,4,,,,$20.42,-53.24%,,,,,-100.00%,-$2.00,-109.79%,-$2.00,-109.79%,DRD,NYSE:DRD,-2.000,,
NYSE:DRH,23 Dec 2025,$11.46,5,$9.65,3,,$13.24,-27.11%,,,,,-100.00%,-$2.00,-115.11%,-$2.00,-115.11%,DRH,NASDAQ:DRH,-2.000,,
NYSE:DRI,18 Sep 2025,$167.77,1,,,2.46,$203.58,-17.59%,,,,$207.73,2.04%,$272.54,33.87%,$345.66,69.79%,DRI,NYSE:DRI,-0.066,$228.54,
NASDAQ:DRVN,4 Apr 2025,$17.90,3,$19.91,7,3.96,$14.27,25.44%,,,,$0.00,-100.00%,$6.57,-53.96%,$16.39,14.87%,DRVN,NASDAQ:DRVN,-1.000,$17.01,17.05%
NYSE:DSX,5 Mar 2026,$3.21,4,,,3.15,$2.43,32.10%,,,,$2.23,-8.23%,$3.66,50.44%,$4.17,71.46%,DSX,NYSE:DSX,0.177,$3.80,
NYSE:DT,10 Feb 2026,$53.18,3,$54.08,8,3.37,$44.32,20.00%,,,,$0.00,-100.00%,$85.55,93.03%,$87.10,96.53%,DT,NYSE:DT,-1.000,$47.61,13.59%
NYSE:DUK,19 Sep 2025,$124.46,3,$130.90,7,2.14,$125.43,-0.77%,,,,$129.48,3.23%,-$29.81,-123.77%,$55.36,-55.86%,DUK,NYSE:DUK,-0.205,$138.84,-5.72%
NASDAQ:DUOL,8 Feb 2026,$234.17,3,$232.22,4,,$134.81,72.26%,,,,,-100.00%,-$2.00,-101.48%,-$2.00,-101.48%,DUOL,NASDAQ:DUOL,-2.000,,
NASDAQ:DVLT,14 Jan 2026,$1.31,3,,,5.00,$0.34,286.74%,,,,$0.00,-100.00%,$0.24,-29.98%,$0.38,12.43%,DVLT,NASDAQ:DVLT,-1.000,$3.00,
NYSE:DVN,27 Jan 2026,$43.47,4,$43.37,10,2.73,$45.13,-3.90%,,,,$45.28,0.33%,$50.62,12.15%,$78.09,73.03%,DVN,NYSE:DVN,0.008,$59.38,-26.96%
NASDAQ:DXCM,11 Dec 2025,$71.56,4,$85.74,7,3.16,$83.45,-14.25%,,,,$0.00,-100.00%,$139.16,66.76%,$150.38,80.20%,DXCM,NASDAQ:DXCM,-1.000,$86.16,-0.49%
NYSE:DY,23 Aug 2024,$143.30,1,,,0.68,$401.07,-64.27%,,,,$358.46,-10.62%,$594.22,48.16%,$313.10,-21.93%,DY,NYSE:DY,-0.918,$637.27,
NASDAQ:EA,2 Jan 2026,$198.31,3,,,2.12,$209.86,-5.50%,,,,$210.67,0.39%,$305.51,45.58%,$323.54,54.17%,EA,NASDAQ:EA,-0.186,$205.79,
NASDAQ:EBAY,22 Feb 2026,$73.85,1,$99.00,7,,$114.01,-35.22%,,,,,-100.00%,-$2.00,-101.75%,-$2.00,-101.75%,EBAY,NASDAQ:EBAY,-2.000,,
NASDAQ:EBC,1 Jun 2026,$20.59,3,$22.75,7,2.47,$22.96,-10.32%,,,,$23.32,1.57%,$0.00,-100.00%,$0.00,-100.00%,EBC,NASDAQ:EBC,-0.057,$25.12,-9.43%
NYSE:EBF,23 Jun 2026,$22.32,4,,,3.84,$21.80,2.39%,,,,$22.76,4.40%,$46.32,112.47%,$53.20,144.03%,EBF,NYSE:EBF,0.549,$24.00,
NYSE:EBS,5 Jan 2026,$13.61,3,$15.00,5,5.00,$7.22,88.55%,,,,$0.00,-100.00%,$37.03,412.92%,$45.32,527.66%,EBS,NYSE:EBS,-1.000,$12.00,25.00%
NYSE:ECO,5 Mar 2026,$47.32,2,,,3.67,$60.33,-21.56%,,,,$61.55,2.02%,$104.46,73.14%,$115.96,92.21%,ECO,NYSE:ECO,0.443,$75.00,
NASDAQ:ECPG,23 Jun 2026,$78.21,3,$113.33,10,4.02,$94.08,-16.87%,,,,$0.00,-100.00%,$116.36,23.68%,$138.24,46.93%,ECPG,NASDAQ:ECPG,-1.000,$113.33,0.00%
NASDAQ:ECX,10 Sep 2025,$1.94,4,,3,,$1.06,83.40%,,,,,-100.00%,-$2.00,-288.68%,-$2.00,-288.68%,ECX,NASDAQ:ECX,-2.000,,
NYSE:ED,16 Sep 2025,$102.44,3,$102.88,2,2.81,$108.85,-5.89%,,,,$116.30,6.84%,-$13.20,-112.12%,$32.84,-69.83%,ED,NYSE:ED,0.110,$111.85,-8.02%
NYSE:EDN,16 Dec 2025,$46.50,3,,5,,$26.83,73.31%,,,,,-100.00%,-$2.00,-107.45%,-$2.00,-107.45%,EDN,NYSE:EDN,-2.000,,
NYSE:EDU,19 Aug 2025,$59.25,3,,,1.44,$58.89,0.62%,,,,$52.51,-10.83%,$119.19,102.39%,$136.97,132.59%,EDU,NYSE:EDU,-0.538,$70.61,
NASDAQ:EEFT,11 Feb 2026,$105.16,3,$96.80,7,4.19,$71.33,35.71%,,,,$0.00,-100.00%,$277.25,288.68%,$311.37,336.52%,EEFT,NASDAQ:EEFT,-1.000,$88.33,9.59%
NYSE:EFX,10 May 2024,$252.67,3,,,2.20,$172.62,46.37%,,,,$186.85,8.24%,$241.94,40.16%,$348.24,101.74%,EFX,NYSE:EFX,-0.206,$210.52,
NASDAQ:EGAN,28 Jan 2026,$10.58,3,$15.17,6,5.00,$6.82,55.13%,,,,$0.00,-100.00%,$17.57,157.61%,$18.33,168.82%,EGAN,NASDAQ:EGAN,-1.000,$12.83,18.24%
NASDAQ:EGBN,23 Dec 2025,$22.58,3,$18.50,6,2.28,$27.75,-33.33%,,,,$28.10,1.26%,$0.00,-100.00%,$0.00,-100.00%,EGBN,NASDAQ:EGBN,-0.143,$30.70,-39.74%
NASDAQ:EGHT,22 Jan 2026,$2.71,3,$2.25,3,4.58,$1.90,18.42%,,,,$0.00,-100.00%,$1.61,-15.27%,$3.57,87.98%,EGHT,NASDAQ:EGHT,-1.000,$2.50,-10.00%
NYSE:EGY,26 Aug 2025,$6.31,3,,,3.91,$5.33,18.30%,,,,$5.47,2.63%,$11.11,108.53%,$21.74,307.84%,EGY,NYSE:EGY,0.516,$9.90,
NASDAQ:EH,3 Sep 2025,$17.27,3,,,5.00,$5.13,236.55%,,,,$0.00,-100.00%,$4.54,-11.46%,$4.60,-10.38%,EH,NASDAQ:EH,-1.000,$11.42,
NYSE:EHC,31 Dec 2025,$95.51,2,$145.00,8,2.25,$111.07,-14.01%,,,,$114.60,3.18%,$169.80,52.87%,$227.01,104.38%,EHC,NYSE:EHC,-0.190,$140.50,3.20%
NYSE:EIX,29 Jun 2026,$78.39,4,$76.14,4,3.97,$73.37,3.78%,,,,$83.26,13.48%,-$18.85,-125.70%,$2.57,-96.50%,EIX,NYSE:EIX,0.622,$76.46,-0.42%
NYSE:EL,18 Aug 2025,$118.27,3,$95.25,6,2.02,$83.90,13.53%,,,,$83.17,-0.87%,$86.99,3.68%,$128.58,53.26%,EL,NYSE:EL,-0.266,$95.85,-0.63%
NYSE:ELF,18 Aug 2025,$118.35,3,,,2.63,$82.89,42.77%,,,,$0.00,-100.00%,$118.76,43.27%,$133.85,61.47%,ELF,NYSE:ELF,-1.000,$76.69,
NYSE:ELME,27 Jul 2026,$2.49,4,,2,4.79,$1.61,54.66%,54.66%,$2.49,$18.00,$1.73,7.45%,$0.00,-100.00%,$0.00,-100.00%,ELME,NYSE:ELME,0.908,$18.00,
NYSE:ELP,13 Feb 2025,$6.84,3,$8.20,6,,#N/A,#N/A,,,,,#N/A,-$2.00,#N/A,-$2.00,#N/A,ELP,NYSE:ELP,-2.000,,
NYSE:ELS,19 Sep 2025,$70.10,5,$67.65,7,2.60,$65.07,3.96%,,,,$68.81,5.75%,$0.00,-100.00%,$0.00,-100.00%,ELS,NYSE:ELS,0.004,$70.55,-4.11%
NASDAQ:ELVR,11 Dec 2025,$44.92,3,,,,$52.56,-14.54%,,,,,-100.00%,-$2.00,-103.81%,-$2.00,-103.81%,ELVR,NASDAQ:ELVR,-2.000,,
NYSE:EME,23 Aug 2025,$518.72,1,$670.50,8,1.04,$797.43,-34.95%,,,,$660.47,-17.18%,"$1,026.90",28.78%,$671.24,-15.82%,EME,NYSE:EME,-0.724,$991.57,-32.38%
NYSE:EMR,19 Nov 2025,$120.30,2,$146.64,9,2.59,$149.82,-19.70%,,,,$147.27,-1.70%,$156.02,4.14%,$181.84,21.37%,EMR,NYSE:EMR,-0.001,$163.54,-10.33%
NYSE:ENB,19 Aug 2025,$43.53,2,,,3.51,$54.46,-20.07%,,,,$57.61,5.78%,-$9.39,-117.24%,$32.40,-40.50%,ENB,NYSE:ENB,0.432,$52.64,
NYSE:ENOV,11 Dec 2025,$37.01,3,$49.00,5,4.99,$29.15,26.98%,,,,$0.00,-100.00%,$9.70,-66.74%,$44.66,53.20%,ENOV,NYSE:ENOV,-1.000,$40.73,20.30%
NYSE:ENS,11 Mar 2026,$152.00,3,,,2.98,$186.05,-18.30%,,,,$187.71,0.89%,$354.73,90.66%,$406.34,118.40%,ENS,NYSE:ENS,0.114,$252.58,
NASDAQ:ENSG,3 Jul 2025,$137.40,2,,,0.43,$178.16,-22.88%,,,,$167.64,-5.90%,$256.93,44.21%,$291.21,63.46%,ENSG,NASDAQ:ENSG,-0.993,$219.00,
NASDAQ:ENTG,9 Feb 2026,$124.28,3,$123.14,3,1.91,$119.05,3.44%,,,,$107.26,-9.90%,$124.06,4.21%,$138.37,16.22%,ENTG,NASDAQ:ENTG,-0.371,$166.00,-25.82%
NASDAQ:ENVX,20 Aug 2025,$9.75,3,,,5.00,$4.09,138.31%,,,,$0.00,-100.00%,-$0.37,-109.05%,$0.10,-97.63%,ENVX,NASDAQ:ENVX,-1.000,$12.95,
NYSE:EOG,2 Jul 2026,$143.14,4,$155.08,6,3.11,$148.69,-3.73%,,,,$149.34,0.44%,$205.47,38.19%,$288.42,93.97%,EOG,NYSE:EOG,0.235,$157.89,-1.78%
NYSE:EPAC,11 Nov 2025,$44.87,3,$51.00,1,1.25,$35.74,25.56%,,,,$35.45,-0.81%,$75.39,110.93%,$80.73,125.89%,EPAC,NYSE:EPAC,-0.653,$48.00,6.25%
NYSE:EPAM,26 Mar 2026,$178.81,3,$199.40,8,4.41,$105.56,69.39%,,,,$0.00,-100.00%,$207.90,96.95%,$234.04,121.71%,EPAM,NYSE:EPAM,-1.000,$135.24,47.44%
NYSE:EQBK,16 Mar 2026,$41.43,3,$52.50,4,2.72,$50.68,-18.25%,,,,$52.41,3.41%,$0.00,-100.00%,$0.00,-100.00%,EQBK,NYSE:EQBK,0.056,$54.86,-4.30%
NYSE:EQNR,9 Sep 2025,$26.30,4,$25.60,9,3.45,$41.10,-37.71%,,,,$42.33,2.99%,$92.44,124.92%,$136.68,232.54%,EQNR,NYSE:EQNR,0.435,$34.74,-26.31%
NYSE:EQT,20 Aug 2025,$46.57,2,,,2.33,$53.29,-12.62%,,,,$52.10,-2.23%,$59.29,11.25%,$100.68,88.93%,EQT,NYSE:EQT,-0.157,$67.00,
NASDAQ:ERIC,27 May 2026,$11.70,1,$10.60,8,2.75,$9.81,8.05%,,,,$10.18,3.77%,$10.09,2.82%,$14.82,51.04%,ERIC,NASDAQ:ERIC,0.094,$9.67,9.62%
NASDAQ:ERII,4 Sep 2025,$16.86,3,$17.00,6,4.36,$8.65,94.92%,,,,$0.00,-100.00%,$31.74,266.99%,$33.09,282.52%,ERII,NASDAQ:ERII,-1.000,$11.00,54.55%
NYSE:ERO,2 Sep 2025,$21.17,3,$18.76,5,4.66,$26.91,-30.29%,,,,$0.00,-100.00%,$24.84,-7.71%,$46.90,74.27%,ERO,NYSE:ERO,-1.000,$35.87,-47.70%
NYSE:ESAB,23 Dec 2025,$119.83,3,$147.33,7,1.02,$86.53,38.48%,,,,$83.19,-3.86%,$76.51,-11.58%,$98.42,13.74%,ESAB,NYSE:ESAB,-0.768,$135.40,8.81%
NYSE:ESE,29 Jan 2026,$185.93,2,$275.00,4,0.82,$315.29,-41.03%,,,,$292.96,-7.08%,$381.11,20.88%,$347.47,10.21%,ESE,NYSE:ESE,-0.820,$385.00,-28.57%
NASDAQ:ESEA,5 Mar 2026,$65.04,3,,,4.11,$78.94,-17.61%,,,,$80.62,2.13%,$190.21,140.95%,$226.97,187.52%,ESEA,NASDAQ:ESEA,0.666,$88.67,
NASDAQ:ESLT,24 Oct 2025,$494.42,3,,,1.33,$808.65,-38.86%,,,,$764.20,-5.50%,$850.46,5.17%,$914.26,13.06%,ESLT,NASDAQ:ESLT,-0.553,$846.33,
NYSE:ESNT,23 Jun 2026,$59.83,4,$68.00,1,3.20,$65.96,-9.30%,,,,$70.20,6.43%,$131.83,99.86%,$132.36,100.67%,ESNT,NYSE:ESNT,0.277,$68.75,-1.09%
NASDAQ:ESQ,21 Oct 2025,$91.76,3,$110.00,5,1.84,$129.22,-28.99%,,,,$126.95,-1.76%,$0.00,-100.00%,$0.00,-100.00%,ESQ,NASDAQ:ESQ,-0.317,$130.00,-15.38%
NYSE:ESS,16 Sep 2025,$294.27,5,$293.97,7,2.85,$284.14,3.46%,,,,$303.44,6.79%,$429.71,51.23%,$587.81,106.87%,ESS,NYSE:ESS,0.120,$299.27,-1.77%
NASDAQ:ESTA,4 Dec 2025,$72.19,3,$71.75,6,3.15,$92.54,-22.47%,,,,$0.00,-100.00%,$76.11,-17.75%,$76.79,-17.02%,ESTA,NASDAQ:ESTA,-1.000,$95.33,-24.74%
NYSE:ESTC,19 Aug 2025,$94.39,3,$107.50,2,3.62,$65.79,43.47%,,,,$0.00,-100.00%,$118.45,80.04%,$120.05,82.47%,ESTC,NYSE:ESTC,-1.000,$74.00,45.27%
NYSE:ET,2 Jul 2026,$19.05,1,,,3.40,$20.36,-6.43%,,,,$21.06,3.44%,$11.35,-44.24%,$31.04,52.47%,ET,NYSE:ET,0.339,$23.90,
NYSE:ETD,11 Nov 2024,$36.07,4,,,3.18,$22.40,61.00%,,,,$24.49,9.33%,$35.83,59.97%,$41.75,86.40%,ETD,NYSE:ETD,0.266,$24.00,
NYSE:ETN,11 Nov 2025,$317.45,1,,,3.06,$415.20,-23.54%,,,,$394.72,-4.93%,$0.00,-100.00%,$0.00,-100.00%,ETN,NYSE:ETN,0.205,$455.79,
NYSE:ETR,24 Oct 2025,$79.12,1,,,2.37,$107.62,-26.48%,,,,$108.95,1.24%,-$0.02,-100.01%,$44.54,-58.62%,ETR,NYSE:ETR,-0.116,$124.31,
NASDAQ:EVCM,9 Feb 2026,$14.79,3,$12.00,3,2.54,$12.34,-2.76%,,,,$0.00,-100.00%,$15.97,29.43%,$20.68,67.63%,EVCM,NASDAQ:EVCM,-1.000,$11.21,7.05%
NYSE:EVTC,11 Feb 2026,$34.62,3,$30.50,4,1.61,$30.44,0.20%,,,,$31.24,2.63%,$22.18,-27.14%,$45.41,49.18%,EVTC,NYSE:EVTC,-0.430,$32.00,-4.69%
NYSE:EVTL,1 Sep 2025,$5.43,3,$11.60,5,1.25,$1.24,337.90%,,,,$1.19,-4.03%,-$1.69,-235.92%,-$1.62,-230.70%,EVTL,NYSE:EVTL,-0.668,$9.95,16.58%
NYSE:EW,11 Dec 2025,$87.08,3,$95.29,8,3.86,$86.07,1.17%,,,,$0.00,-100.00%,$0.00,-100.00%,$0.00,-100.00%,EW,NYSE:EW,-1.000,$100.96,-5.62%
NASDAQ:EWBC,18 Mar 2026,$117.29,3,,,2.76,$131.00,-10.47%,,,,$134.57,2.73%,$0.00,-100.00%,$0.00,-100.00%,EWBC,NASDAQ:EWBC,0.065,$146.69,
NASDAQ:EXC,28 Apr 2026,$47.55,3,$50.83,5,3.25,$45.82,3.77%,,,,$48.78,6.46%,-$33.77,-173.70%,-$16.66,-136.37%,EXC,NASDAQ:EXC,0.291,$49.56,2.56%
NASDAQ:EXE,22 Jan 2026,$97.25,3,$133.00,9,2.99,$94.03,3.43%,,,,$94.83,0.85%,$276.53,194.09%,$385.26,309.72%,EXE,NASDAQ:EXE,0.124,$124.24,7.05%
NASDAQ:EXFY,9 Feb 2026,$2.87,3,$5.00,2,1.10,$1.82,57.69%,,,,$0.00,-100.00%,$3.87,112.64%,$2.94,61.61%,EXFY,NASDAQ:EXFY,-1.000,$1.13,342.48%
NYSE:EXK,12 Aug 2025,$5.26,3,,,5.00,$7.52,-30.04%,,,,$0.00,-100.00%,$5.18,-31.08%,$6.16,-18.07%,EXK,NYSE:EXK,-1.000,$16.17,
NASDAQ:EXLS,24 Feb 2026,$44.69,5,$53.00,3,3.91,$33.93,31.71%,,,,$0.00,-100.00%,$63.94,88.46%,$36.90,8.74%,EXLS,NASDAQ:EXLS,-1.000,$40.12,32.10%
NYSE:EXP,23 Aug 2025,$240.86,4,$230.75,1,1.83,$204.94,12.59%,,,,$206.98,1.00%,$257.62,25.70%,$204.70,-0.12%,EXP,NYSE:EXP,-0.344,$226.22,2.00%
NASDAQ:EXPE,4 Mar 2026,$219.55,3,$275.04,6,1.48,$294.74,-25.51%,,,,$290.54,-1.42%,"$2,042.48",592.98%,"$2,172.97",637.25%,EXPE,NASDAQ:EXPE,-0.471,$289.31,-4.93%
NYSE:EXR,12 Oct 2025,$164.54,3,$156.20,5,2.85,$148.04,5.51%,,,,$161.85,9.33%,$183.13,23.70%,$229.84,55.26%,EXR,NYSE:EXR,0.123,$156.65,-0.29%
NYSE:F,15 Dec 2025,$13.76,1,,1,3.97,$14.68,-6.27%,,,,$16.89,15.05%,-$10.91,-174.35%,-$23.39,-259.34%,F,NYSE:F,0.624,$15.20,
NASDAQ:FANG,20 Sep 2025,$163.23,3,$183.50,2,2.50,$202.95,-19.57%,,,,$198.62,-2.13%,$188.38,-7.18%,$351.98,73.43%,FANG,NASDAQ:FANG,-0.051,$230.36,-20.34%
NASDAQ:FAST,14 Jun 2024,$55.48,2,,,2.65,$47.71,16.29%,,,,$48.96,2.62%,$52.99,11.07%,$55.61,16.55%,FAST,NASDAQ:FAST,0.044,$47.84,
NYSE:FBIN,28 Apr 2026,$58.23,5,$48.75,6,3.07,$49.26,-1.04%,,,,$51.74,5.03%,$76.91,56.13%,$92.10,86.97%,FBIN,NYSE:FBIN,0.206,$54.85,-11.12%
NASDAQ:FBIZ,8 Oct 2025,$51.75,3,$58.00,7,2.75,$70.21,-26.29%,,,,$70.84,0.90%,-$350.05,-598.57%,-$342.70,-588.10%,FBIZ,NASDAQ:FBIZ,0.096,$67.20,-13.69%
NASDAQ:FBNC,7 Oct 2025,$47.21,3,,,2.81,$62.87,-24.91%,,,,$65.46,4.12%,-$153.93,-344.84%,-$150.49,-339.37%,FBNC,NASDAQ:FBNC,0.095,$68.60,
NYSE:FBP,27 May 2026,$27.08,3,$26.00,6,2.86,$28.93,-10.13%,,,,$29.95,3.53%,$0.00,-100.00%,$0.00,-100.00%,FBP,NYSE:FBP,0.123,$31.00,-16.13%
NYSE:FC,15 Oct 2025,$24.97,3,$32.00,4,5.00,$21.45,16.41%,,,,$0.00,-100.00%,$40.66,89.56%,$19.44,-9.35%,FC,NYSE:FC,-1.000,$31.00,3.23%
NASDAQ:FCBC,21 Oct 2025,$36.41,3,,5,3.81,$47.72,-23.70%,,,,$50.21,5.22%,$0.00,-100.00%,$0.00,-100.00%,FCBC,NASDAQ:FCBC,0.552,$50.00,
NASDAQ:FCCO,2 Oct 2025,$26.67,3,$30.00,7,2.81,$34.16,-21.94%,,,,$36.38,6.50%,$0.00,-100.00%,$0.00,-100.00%,FCCO,NASDAQ:FCCO,0.097,$37.33,-19.64%
NYSE:FCF,18 Nov 2025,$17.15,3,$19.00,3,2.47,$21.53,-20.34%,,,,$22.01,2.23%,-$33.30,-254.68%,-$32.03,-248.77%,FCF,NYSE:FCF,-0.035,$21.33,-10.92%
NYSE:FCN,13 Nov 2025,$198.73,3,$165.00,9,3.40,$159.38,3.53%,,,,$0.00,-100.00%,$531.28,233.34%,$558.32,250.31%,FCN,NYSE:FCN,-1.000,$172.00,-4.07%
NYSE:FCPT,4 Sep 2025,$29.64,4,$29.40,6,,$25.60,14.84%,,,,,-100.00%,-$2.00,-107.81%,-$2.00,-107.81%,FCPT,NYSE:FCPT,-2.000,,
NYSE:FDP,13 Nov 2025,$39.53,3,,4,,#N/A,#N/A,,,,,#N/A,-$2.00,#N/A,-$2.00,#N/A,FDP,NYSE:FDP,-2.000,,
NYSE:FE,19 Sep 2025,$47.44,4,$46.00,7,2.45,$48.31,-4.78%,,,,$49.67,2.82%,-$16.06,-133.25%,-$4.08,-108.45%,FE,NYSE:FE,-0.068,$53.00,-13.21%
NASDAQ:FELE,6 Nov 2025,$93.75,3,,,2.40,$104.72,-10.48%,,,,$105.74,0.97%,$159.78,52.58%,$166.43,58.93%,FELE,NASDAQ:FELE,-0.085,$113.25,
NYSE:FERG,8 Jul 2024,$169.94,2,,,2.73,$234.33,-27.48%,,,,$231.00,-1.42%,$336.41,43.56%,$362.15,54.55%,FERG,NYSE:FERG,0.039,$279.42,
NYSE:FF,15 May 2025,$5.93,5,,7,3.88,$4.95,19.80%,,,,$5.02,1.41%,$28.00,465.75%,$26.02,425.60%,FF,NYSE:FF,0.500,$14.00,
NASDAQ:FFAI,15 Dec 2025,$1.88,3,,,5.00,$5.93,-68.32%,,,,$0.00,-100.00%,-$247.98,-4281.82%,-$113.83,-2019.48%,FFAI,NASDAQ:FFAI,-1.000,$525.00,
NASDAQ:FFBC,20 Mar 2026,$29.92,3,$31.67,5,2.87,$33.83,-11.56%,,,,$34.66,2.45%,$0.00,-100.00%,$0.00,-100.00%,FFBC,NASDAQ:FFBC,0.117,$37.57,-15.70%
NASDAQ:FFIC,27 Oct 2025,$16.10,4,$15.00,5,,#N/A,#N/A,,,,,#N/A,-$2.00,#N/A,-$2.00,#N/A,FFIC,NASDAQ:FFIC,-2.000,,
NASDAQ:FFIN,19 Nov 2025,$32.29,3,$37.50,5,2.87,$35.14,-8.11%,,,,$36.13,2.82%,$0.00,-100.00%,$0.00,-100.00%,FFIN,NASDAQ:FFIN,0.128,$37.00,1.35%
NYSE:FFWM,18 Nov 2025,$6.01,3,$6.38,5,,#N/A,#N/A,,,,,#N/A,-$2.00,#N/A,-$2.00,#N/A,FFWM,NYSE:FFWM,-2.000,,
NASDAQ:FHB,16 Apr 2026,$28.27,3,$26.67,2,3.39,$27.79,-4.03%,,,,$29.13,4.82%,$0.00,-100.00%,$0.00,-100.00%,FHB,NASDAQ:FHB,0.348,$30.78,-13.35%
NYSE:FHN,28 May 2026,$23.86,3,$26.61,3,2.45,$25.64,-6.93%,,,,$25.91,1.05%,$0.00,-100.00%,$0.00,-100.00%,FHN,NYSE:FHN,-0.064,$27.95,-4.79%
NASDAQ:FIBK,27 May 2026,$35.12,3,$36.60,3,4.23,$38.02,-7.63%,,,,$39.79,4.66%,$0.00,-100.00%,$0.00,-100.00%,FIBK,NASDAQ:FIBK,0.747,$37.88,-3.38%
NYSE:FIG,29 Jan 2026,$46.89,3,$51.00,5,4.25,$24.32,92.79%,,,,$0.00,-100.00%,$0.00,-100.00%,$0.00,-100.00%,FIG,NYSE:FIG,-1.000,$30.40,67.76%
NYSE:FINV,24 Oct 2025,$5.94,3,,6,2.63,$4.85,22.47%,,,,$4.99,2.89%,$27.75,472.21%,$27.99,477.21%,FINV,NYSE:FINV,-0.052,$7.28,
NYSE:FIS,11 Feb 2026,$71.87,3,,,2.49,$44.77,60.53%,,,,$45.38,1.36%,$79.60,77.79%,$139.35,211.27%,FIS,NYSE:FIS,-0.083,$56.55,
NASDAQ:FISI,20 Oct 2025,$28.36,3,$30.00,5,2.94,$41.46,-31.60%,,,,$43.11,3.98%,$0.00,-100.00%,$0.00,-100.00%,FISI,NASDAQ:FISI,0.171,$41.50,-27.71%
NASDAQ:FITB,27 May 2026,$50.92,3,$57.17,9,3.19,#N/A,#N/A,,,,$59.37,#N/A,$0.00,#N/A,$0.00,#N/A,FITB,NASDAQ:FITB,0.276,$62.75,-8.89%
NYSE:FIX,23 Aug 2025,$534.79,1,$736.60,8,1.31,"$1,729.69",-69.08%,,,,"$1,481.65",-14.34%,"$1,873.92",8.34%,"$1,914.40",10.68%,FIX,NYSE:FIX,-0.613,"$2,210.86",-66.68%
NASDAQ:FIZZ,17 Mar 2026,$41.05,3,$35.00,2,3.21,$31.64,10.62%,,,,$0.00,-100.00%,$59.91,89.35%,$64.05,102.44%,FIZZ,NASDAQ:FIZZ,-1.000,$33.00,6.06%
NASDAQ:FLEX,5 Feb 2026,$63.22,2,$73.75,6,1.28,$113.75,-44.42%,,,,$98.66,-13.27%,$95.36,-16.16%,$114.77,0.90%,FLEX,NASDAQ:FLEX,-0.654,$170.70,-56.80%
NYSE:FLG,21 Oct 2025,$10.62,3,$13.90,6,0.37,$14.22,-25.32%,,,,$12.41,-12.73%,$0.00,-100.00%,$0.00,-100.00%,FLG,NYSE:FLG,-0.999,$16.21,-14.25%
NYSE:FLR,20 Aug 2025,$51.95,5,,5,3.23,$50.17,3.55%,,,,$0.00,-100.00%,$67.02,33.59%,$73.00,45.51%,FLR,NYSE:FLR,-1.000,$52.44,
NYSE:FLS,23 Aug 2024,$48.32,3,,,2.79,$75.99,-36.41%,,,,$74.88,-1.46%,$118.00,55.28%,$124.31,63.59%,FLS,NYSE:FLS,0.069,$88.50,
NYSE:FLUT,18 Sep 2025,$272.62,3,,,5.00,$104.47,160.95%,,,,$0.00,-100.00%,$67.50,-35.39%,$184.98,77.06%,FLUT,NYSE:FLUT,-1.000,$157.48,
NASDAQ:FMBH,28 Apr 2026,$47.14,3,,,2.69,$52.09,-9.51%,,,,$54.23,4.11%,$0.00,-100.00%,$0.00,-100.00%,FMBH,NASDAQ:FMBH,0.046,$55.50,
NASDAQ:FMNB,18 Mar 2026,$14.01,3,$14.50,6,3.12,$15.86,-11.65%,,,,$16.46,3.78%,$0.00,-100.00%,$0.00,-100.00%,FMNB,NASDAQ:FMNB,0.236,$17.00,-14.71%
NYSE:FMS,16 Mar 2026,$34.95,5,$26.00,2,2.29,$25.66,1.33%,,,,$25.03,-2.46%,$4.51,-82.44%,$68.75,167.92%,FMS,NYSE:FMS,-0.113,$25.55,1.76%
NYSE:FMX,19 Mar 2026,$123.52,3,$128.33,8,3.26,$127.99,-3.50%,,,,$130.10,1.65%,$130.43,1.91%,$146.05,14.11%,FMX,NYSE:FMX,0.311,$130.56,-1.71%
NYSE:FN,11 Dec 2025,$411.82,2,$533.80,8,,$435.41,-5.42%,,,,,-100.00%,-$2.00,-100.46%,-$2.00,-100.46%,FN,NYSE:FN,-2.000,,
NYSE:FNB,30 Mar 2026,$17.16,3,$19.63,9,3.26,$18.90,-9.21%,,,,$19.68,4.13%,$0.00,-100.00%,$0.00,-100.00%,FNB,NYSE:FNB,0.292,$20.94,-6.26%
NYSE:FNF,10 Apr 2025,$64.78,4,$70.33,4,2.78,$51.59,25.56%,,,,$55.72,8.01%,-$162.84,-415.64%,-$132.94,-357.69%,FNF,NYSE:FNF,0.058,$61.40,14.54%
NASDAQ:FOSL,29 Aug 2025,$4.98,5,$5.00,7,5.00,$4.95,0.62%,,,,$0.00,-100.00%,$6.94,40.14%,$8.14,64.39%,FOSL,NASDAQ:FOSL,-1.000,$7.00,-28.57%
NASDAQ:FRHC,27 Aug 2025,$170.00,3,,,,$151.27,12.38%,,,,,-100.00%,-$2.00,-101.32%,-$2.00,-101.32%,FRHC,NASDAQ:FRHC,-2.000,,
NYSE:FRO,23 Jun 2026,$33.92,2,$43.67,8,4.31,$39.37,-13.83%,,,,$41.34,5.00%,$40.67,3.30%,$63.19,60.51%,FRO,NYSE:FRO,0.754,$44.25,-1.31%
NASDAQ:FRSH,27 Jan 2026,$14.36,3,$18.75,5,3.62,$11.36,26.40%,,,,$0.00,-100.00%,$22.59,98.87%,$24.07,111.87%,FRSH,NASDAQ:FRSH,-1.000,$12.77,46.83%
NYSE:FRT,23 Dec 2025,$100.99,1,,,3.23,$124.09,-18.62%,,,,$129.52,4.38%,$150.33,21.15%,$224.93,81.26%,FRT,NYSE:FRT,0.291,$131.14,
NASDAQ:FSBC,27 May 2026,$39.25,3,$44.83,7,3.05,$47.19,-16.83%,,,,$49.00,3.84%,-$132.88,-381.59%,-$131.28,-378.19%,FSBC,NASDAQ:FSBC,0.204,$51.00,-12.10%
NASDAQ:FSLR,11 Feb 2026,$209.76,2,,,0.83,$211.03,-0.60%,,,,$193.59,-8.26%,$559.80,165.27%,$634.38,200.61%,FSLR,NASDAQ:FSLR,-0.813,$256.36,
NYSE:FSLY,19 Jan 2026,$10.88,4,$11.30,4,,$22.66,-51.99%,,,,,-100.00%,-$2.00,-108.83%,-$2.00,-108.83%,FSLY,NASDAQ:FSLY,-2.000,,
NYSE:FSM,14 Aug 2025,$6.09,3,$7.46,7,5.00,$8.43,-27.75%,,,,$0.00,-100.00%,$32.51,285.70%,$40.59,381.48%,FSM,NYSE:FSM,-1.000,$13.50,-44.74%
NASDAQ:FSTR,4 Oct 2024,$28.19,4,,,0.63,$41.13,-31.46%,,,,$39.08,-4.98%,$86.92,111.32%,$111.53,171.17%,FSTR,NASDAQ:FSTR,-0.846,$40.00,
NASDAQ:FTAI,19 Aug 2025,$88.62,1,,,2.85,$206.00,-56.98%,,,,$214.22,3.99%,$129.57,-37.10%,$135.49,-34.23%,FTAI,NASDAQ:FTAI,0.043,$390.60,
NASDAQ:FTDR,1 Jun 2026,$66.83,3,$74.50,7,3.21,$72.63,-7.99%,,,,$0.00,-100.00%,$156.13,114.97%,$174.26,139.93%,FTDR,NASDAQ:FTDR,-1.000,$75.75,-1.65%
NASDAQ:FTEL,15 Dec 2025,$1.46,3,,,,#N/A,#N/A,,,,,#N/A,-$2.00,#N/A,-$2.00,#N/A,FTEL,NASDAQ:FTEL,-2.000,,
NYSE:FTI,21 Jul 2025,$33.54,3,$37.80,10,1.87,$71.66,-53.19%,,,,$71.93,0.38%,$92.56,29.17%,$105.77,47.61%,FTI,NYSE:FTI,-0.316,$75.62,-50.01%
NYSE:FTK,29 Apr 2026,$14.15,3,$21.50,9,3.72,$23.54,-39.88%,,,,$0.00,-100.00%,$24.58,4.44%,$21.08,-10.44%,FTK,NYSE:FTK,-1.000,$26.92,-20.13%
NASDAQ:FTNT,4 Feb 2026,$100.54,5,$84.05,3,2.19,$161.95,-48.10%,,,,$0.00,-100.00%,$228.07,40.83%,$235.87,45.64%,FTNT,NASDAQ:FTNT,-1.000,$135.57,-38.00%
NASDAQ:FTRE,27 Jun 2025,$13.66,3,$5.97,1,2.50,$19.17,-68.86%,,,,$0.00,-100.00%,$42.38,121.07%,$44.78,133.59%,FTRE,NASDAQ:FTRE,-1.000,$17.25,-65.39%
NYSE:FTV,5 Feb 2026,$54.58,4,$55.50,8,1.43,$59.21,-7.82%,,,,$58.09,-1.89%,$72.87,23.07%,$87.68,48.09%,FTV,NYSE:FTV,-0.518,$64.23,-13.59%
NYSE:FUBO,4 Apr 2025,$4.27,3,$4.85,8,5.00,$8.85,-51.81%,,,,$0.00,-100.00%,$44.52,403.04%,$3.95,-55.32%,FUBO,NYSE:FUBO,-1.000,$17.00,-71.47%
NASDAQ:FUFU,19 Aug 2025,$4.77,4,$6.00,5,,$1.40,240.93%,,,,,-100.00%,-$2.00,-242.86%,-$2.00,-242.86%,FUFU,NASDAQ:FUFU,-2.000,,
NYSE:FUL,26 May 2026,$68.79,4,$73.00,6,3.05,$55.30,24.40%,,,,$58.05,4.97%,$83.73,51.41%,$140.40,153.90%,FUL,NYSE:FUL,0.150,$73.29,-0.40%
NASDAQ:FULT,18 Mar 2026,$21.38,4,$23.00,5,3.02,$24.33,-12.12%,,,,$25.18,3.49%,-$82.38,-438.61%,-$78.15,-421.20%,FULT,NASDAQ:FULT,0.202,$25.14,-8.51%
NASDAQ:FUNC,23 Dec 2025,$39.14,3,$42.00,6,2.88,$44.14,-11.33%,,,,$46.45,5.23%,$0.00,-100.00%,$0.00,-100.00%,FUNC,NASDAQ:FUNC,0.131,$47.25,-11.11%
NASDAQ:FUTU,27 Aug 2025,$135.45,1,,,,$105.12,28.85%,,,,,-100.00%,-$2.00,-101.90%,-$2.00,-101.90%,FUTU,NASDAQ:FUTU,-2.000,,
NYSE:G,18 May 2026,$44.63,3,$40.00,3,2.42,$35.17,13.73%,,,,$35.04,-0.37%,$89.28,153.86%,$98.20,179.22%,G,NYSE:G,-0.084,$39.27,1.86%
NASDAQ:GABC,27 May 2026,$45.62,3,$49.00,6,2.49,$50.88,-10.33%,,,,$51.29,0.81%,-$77.11,-251.56%,-$68.95,-235.52%,GABC,NASDAQ:GABC,-0.022,$50.20,-2.39%
NASDAQ:GAIN,10 Jun 2024,$15.26,3,,,4.12,$16.15,-5.52%,,,,$17.21,6.56%,$22.26,37.86%,$40.34,149.80%,GAIN,NASDAQ:GAIN,0.687,$16.83,
NASDAQ:GAMB,28 Oct 2025,$12.14,5,$13.00,5,,#N/A,#N/A,,,,,#N/A,-$2.00,#N/A,-$2.00,#N/A,GAMB,NASDAQ:GAMB,-2.000,,
NASDAQ:GAME,12 Oct 2025,$0.98,3,$1.75,5,,$0.34,188.47%,,,,,-100.00%,-$2.00,-688.24%,-$2.00,-688.24%,GAME,NASDAQ:GAME,-2.000,,
NASDAQ:GANX,23 Dec 2025,$5.20,3,$7.60,8,5.00,$1.68,209.23%,,,,$0.00,-100.00%,$0.83,-50.41%,$0.84,-50.10%,GANX,NASDAQ:GANX,-1.000,$7.20,5.56%
NYSE:GAP,16 Jul 2026,$29.07,5,$27.44,7,2.63,$20.09,36.59%,36.59%,$26.91,$29.07,$20.18,0.45%,$19.47,-3.07%,$37.83,88.31%,GAP,NYSE:GAP,-0.041,$26.91,1.97%
NASDAQ:GASS,5 Mar 2026,$9.44,3,,,5.00,$8.92,5.83%,,,,$0.00,-100.00%,$46.58,422.19%,$25.03,180.63%,GASS,NASDAQ:GASS,-1.000,$14.00,
NYSE:GBCI,21 Oct 2025,$45.69,3,$52.20,7,2.85,$49.29,-7.30%,,,,$50.33,2.11%,$0.00,-100.00%,$0.00,-100.00%,GBCI,NYSE:GBCI,0.102,$56.75,-8.02%
NYSE:GBX,6 Feb 2026,$68.91,3,$49.00,3,2.39,$49.25,-0.51%,,,,$51.09,3.74%,$78.22,58.83%,$122.50,148.73%,GBX,NYSE:GBX,-0.055,$45.33,8.10%
NASDAQ:GCT,11 Feb 2026,$42.86,3,$33.00,7,4.49,$43.74,-24.55%,,,,$0.00,-100.00%,$113.49,159.46%,$117.35,168.30%,GCT,NASDAQ:GCT,-1.000,$56.75,-41.85%
NYSE:GCTS,2 Feb 2026,$1.46,3,$3.50,7,5.00,$1.86,-21.51%,,,,$0.00,-100.00%,$0.04,-98.02%,$0.08,-95.69%,GCTS,NYSE:GCTS,-1.000,$3.70,-5.41%
NYSE:GDDY,11 Feb 2026,$143.01,3,$171.11,7,4.76,$82.74,72.85%,,,,$0.00,-100.00%,$277.59,235.50%,$290.42,251.01%,GDDY,NYSE:GDDY,-1.000,$111.93,52.87%
NASDAQ:GDS,16 Feb 2026,$38.86,1,$51.45,10,,$32.74,18.70%,,,,,-100.00%,-$2.00,-106.11%,-$2.00,-106.11%,GDS,NASDAQ:GDS,-2.000,,
NASDAQ:GDYN,27 Jan 2026,$17.06,3,$12.25,1,3.95,$6.89,77.79%,,,,$0.00,-100.00%,$12.72,84.56%,$16.54,140.03%,GDYN,NASDAQ:GDYN,-1.000,$8.20,49.39%
NYSE:GEF,5 Sep 2025,$73.44,5,$80.00,2,2.50,$86.55,-15.14%,,,,$88.67,2.45%,$147.32,70.21%,$305.82,253.34%,GEF,NYSE:GEF,0.003,$77.40,3.36%
NYSE:GES,15 Aug 2025,$28.70,3,$13.00,5,,#N/A,#N/A,,,,$0.00,#N/A,$45.58,#N/A,$56.30,#N/A,GES,NYSE:GES,-1.000,$16.75,-22.39%
NASDAQ:GFS,9 Feb 2026,$46.85,4,$39.80,4,5.00,$49.99,-20.38%,,,,$0.00,-100.00%,$58.05,16.12%,$81.15,62.34%,GFS,NASDAQ:GFS,-1.000,$81.00,-50.86%
NASDAQ:GGAL,11 Sep 2025,$34.39,3,$38.00,5,,$49.77,-30.90%,,,,,-100.00%,-$2.00,-104.02%,-$2.00,-104.02%,GGAL,NASDAQ:GGAL,-2.000,,
NYSE:GGB,4 Jan 2026,$3.55,3,$4.60,9,2.47,$4.96,-28.35%,,,,$4.88,-1.61%,$3.92,-21.03%,$9.73,96.22%,GGB,NYSE:GGB,-0.065,$5.58,-17.56%
NYSE:GGG,6 Nov 2025,$84.33,3,$93.50,1,2.43,$79.38,6.24%,,,,$81.83,3.09%,$124.34,56.64%,$130.79,64.77%,GGG,NYSE:GGG,-0.086,$91.29,2.42%
NYSE:GHC,15 Oct 2025,$995.96,4,,4,1.82,"$1,203.54",-17.25%,,,,"$1,223.64",1.67%,"$1,280.00",6.35%,"$2,444.83",103.14%,GHC,NYSE:GHC,-0.285,$990.00,
NYSE:GHM,28 Oct 2025,$48.90,2,,,4.82,$95.90,-49.01%,,,,$0.00,-100.00%,$103.21,7.62%,$111.71,16.49%,GHM,NYSE:GHM,-1.000,$130.75,
NYSE:GIB,19 Jan 2026,$107.59,5,$129.19,3,0.84,$73.15,47.08%,,,,$69.80,-4.58%,$153.15,109.37%,$194.46,165.84%,GIB,NYSE:GIB,-0.755,$71.56,80.53%
NYSE:GIS,27 Mar 2026,$54.42,5,$40.93,2,2.82,$35.75,14.49%,,,,$39.23,9.73%,$34.92,-2.31%,$48.20,34.81%,GIS,NYSE:GIS,0.107,$37.56,8.97%
NYSE:GKOS,11 Dec 2025,$119.46,3,$118.10,3,,$166.72,-29.16%,,,,,-100.00%,-$2.00,-101.20%,-$2.00,-101.20%,GKOS,NYSE:GKOS,-2.000,,
NASDAQ:GLDD,4 Nov 2025,$12.92,3,$14.00,7,,#N/A,#N/A,,,,$0.00,#N/A,$34.88,#N/A,$43.66,#N/A,GLDD,NASDAQ:GLDD,-1.000,$17.00,-17.65%
NYSE:GLOB,4 May 2026,$71.94,3,$63.17,7,5.00,$36.60,72.60%,,,,$0.00,-100.00%,$51.53,40.80%,$85.34,133.18%,GLOB,NYSE:GLOB,-1.000,$55.68,13.45%
NASDAQ:GLRE,13 Nov 2025,$15.68,4,,1,1.00,$16.65,-5.83%,,,,$0.00,-100.00%,$45.38,172.54%,$45.40,172.68%,GLRE,NASDAQ:GLRE,-1.000,$1.00,
NYSE:GLW,26 Jan 2026,$93.28,1,,,3.23,$138.25,-32.53%,,,,$133.68,-3.31%,$109.46,-20.82%,$136.74,-1.09%,GLW,NYSE:GLW,0.213,$215.47,
NYSE:GM,15 Dec 2025,$80.89,1,,1,2.18,$88.86,-8.97%,,,,$89.93,1.20%,$19.62,-77.92%,$155.63,75.14%,GM,NYSE:GM,-0.188,$98.65,
NYSE:GME,23 Aug 2024,$28.89,3,,,1.11,$21.72,33.01%,,,,$0.00,-100.00%,$58.77,170.56%,$59.38,173.40%,GME,NYSE:GME,-1.000,$13.50,
NYSE:GMED,11 Dec 2025,$101.94,3,$94.50,9,4.71,$78.79,19.94%,,,,$0.00,-100.00%,$169.62,115.28%,$209.51,165.91%,GMED,NYSE:GMED,-1.000,$105.75,-10.64%
NYSE:GMRE,23 Dec 2025,$53.07,3,$40.70,9,,#N/A,#N/A,,,,,#N/A,-$2.00,#N/A,-$2.00,#N/A,GMRE,NYSE:GMRE,-2.000,,
NASDAQ:GNLN,15 Jul 2025,$4.44,3,,,,$1.93,129.79%,,,,,-100.00%,-$2.00,-203.63%,-$2.00,-203.63%,GNLN,NASDAQ:GNLN,-2.000,,
NYSE:GNRC,11 Nov 2025,$159.25,3,$205.69,9,5.00,$197.11,-19.21%,,,,$0.00,-100.00%,$214.28,8.71%,$249.67,26.67%,GNRC,NYSE:GNRC,-1.000,$293.75,-29.98%
NYSEAMERICAN:GNS,18 Aug 2025,$0.99,,$1.00,3,,$0.15,560.00%,,,,,-100.00%,-$2.00,-1433.33%,-$2.00,-1433.33%,GNS,NYSEAMERICAN:GNS,-2.000,,
NYSE:GNTY,2 Oct 2025,$48.75,1,,,,#N/A,#N/A,,,,,#N/A,-$2.00,#N/A,-$2.00,#N/A,GNTY,NYSE:GNTY,-2.000,,
NASDAQ:GOOD,31 Aug 2025,$17.01,5,$15.00,5,3.65,$12.50,20.00%,,,,$13.39,7.12%,$13.72,9.73%,$32.12,156.94%,GOOD,NASDAQ:GOOD,0.466,$13.88,8.07%
NASDAQ:GOOG,27 Feb 2026,$301.88,3,,,2.06,$356.65,-15.36%,,,,$332.74,-6.70%,$493.58,38.39%,$546.35,53.19%,GOOG,NASDAQ:GOOG,-0.258,$421.79,
NASDAQ:GOOGL,17 Apr 2026,$309.14,3,$385.97,8,2.26,$356.13,-13.19%,,,,$334.86,-5.97%,$485.38,36.29%,$535.09,50.25%,GOOGL,NASDAQ:GOOGL,-0.173,$427.59,-9.73%
NYSEAMERICAN:GORO,20 Aug 2025,$0.83,,$1.25,5,,#N/A,#N/A,,,,,#N/A,-$2.00,#N/A,-$2.00,#N/A,GORO,NYSEAMERICAN:GORO,-2.000,,
NYSE:GOTU,3 Sep 2025,$6.27,3,,4,,$1.82,244.45%,,,,,-100.00%,-$2.00,-209.89%,-$2.00,-209.89%,GOTU,NYSE:GOTU,-2.000,,
NYSE:GPC,14 Sep 2023,$168.90,4,,,2.74,$124.37,35.80%,,,,$133.36,7.23%,$88.50,-28.84%,$125.18,0.65%,GPC,NYSE:GPC,0.061,$137.88,
NYSE:GPOR,22 Jan 2026,$170.96,3,$231.50,7,5.00,$161.37,5.94%,,,,$0.00,-100.00%,$364.46,125.85%,$525.91,225.91%,GPOR,NYSE:GPOR,-1.000,$231.08,0.18%
NYSE:GPRK,22 Sep 2025,$10.05,3,$7.75,2,3.59,$9.75,-20.51%,,,,$9.86,1.13%,$5.16,-47.10%,$22.57,131.53%,GPRK,NYSE:GPRK,0.440,$10.72,-27.71%
NASDAQ:GPRO,27 Jan 2026,$1.35,3,$1.30,5,5.00,$0.75,73.33%,,,,$0.00,-100.00%,$4.85,546.75%,$4.09,445.34%,GPRO,NASDAQ:GPRO,-1.000,$1.30,0.00%
NASDAQ:GRAB,3 Sep 2025,$4.97,3,$6.03,6,5.00,$3.50,42.00%,,,,$0.00,-100.00%,$4.86,38.91%,$3.44,-1.61%,GRAB,NASDAQ:GRAB,-1.000,$5.88,2.55%
NYSE:GRBK,27 Feb 2026,$85.87,4,,8,,$70.73,21.41%,,,,,-100.00%,-$2.00,-102.83%,-$2.00,-102.83%,GRBK,NYSE:GRBK,-2.000,,
NYSE:GRMN,2 Feb 2026,$214.19,3,$240.50,6,,$293.78,-27.09%,,,,,-100.00%,-$2.00,-100.68%,-$2.00,-100.68%,GRMN,NYSE:GRMN,-2.000,,
NYSE:GRND,27 Jan 2026,$13.86,3,$22.00,2,3.42,$17.34,-20.08%,,,,$0.00,-100.00%,$23.69,36.64%,$24.15,39.28%,GRND,NYSE:GRND,-1.000,$18.80,17.02%
NYSE:GS,24 Feb 2026,$814.68,2,,,3.21,"$1,018.38",-20.00%,,,,"$1,052.00",3.30%,$0.00,-100.00%,$0.00,-100.00%,GS,NYSE:GS,0.268,"$1,140.15",
NASDAQ:GSBC,27 May 2026,$73.74,3,$65.00,2,2.81,$80.31,-19.06%,,,,$83.24,3.65%,$0.00,-100.00%,$0.00,-100.00%,GSBC,NASDAQ:GSBC,0.126,$76.00,-14.47%
NASDAQ:GSIT,28 Jan 2026,$9.51,3,,7,5.00,$5.61,69.47%,,,,$0.00,-100.00%,$5.51,-1.83%,$5.55,-1.00%,GSIT,NASDAQ:GSIT,-1.000,$8.00,
NYSE:GSL,4 Mar 2026,$37.11,3,,5,3.85,$44.34,-16.30%,,,,$45.41,2.41%,$168.70,280.47%,$218.29,392.30%,GSL,NYSE:GSL,0.561,$48.00,
NASDAQ:GSM,15 Aug 2025,$7.64,3,$4.00,4,2.79,$3.18,25.79%,,,,$3.41,7.23%,$10.59,232.98%,$9.06,184.96%,GSM,NASDAQ:GSM,0.018,$6.00,-33.33%
NASDAQ:GT,20 Sep 2025,$10.53,4,$11.42,10,3.37,$6.95,51.51%,,,,$0.00,-100.00%,$77.78,1019.18%,$76.82,1005.35%,GT,NASDAQ:GT,-1.000,$7.46,53.08%
NYSE:GTES,12 May 2025,$25.10,5,$23.20,4,3.67,$27.98,-17.08%,,,,$0.00,-100.00%,$21.06,-24.73%,$35.16,25.67%,GTES,NYSE:GTES,-1.000,$31.73,-26.88%
NYSE:GTLS,23 Dec 2025,$198.45,3,$211.00,1,,#N/A,#N/A,,,,$0.00,#N/A,$234.32,#N/A,$329.24,#N/A,GTLS,NYSE:GTLS,-1.000,$204.43,3.21%
NASDAQ:GTM,30 Mar 2026,$9.68,3,,,5.00,$3.30,193.33%,,,,$0.00,-100.00%,$7.82,136.93%,$13.02,294.54%,GTM,NASDAQ:GTM,-1.000,$4.96,
NYSE:GTY,19 Sep 2025,$32.43,4,$32.00,4,3.86,$34.14,-6.27%,,,,$36.68,7.44%,$49.29,44.37%,$38.46,12.66%,GTY,NYSE:GTY,0.573,$35.71,-10.39%
NYSE:GVA,12 Jun 2025,$88.52,3,,,2.17,$120.97,-26.82%,,,,$116.26,-3.89%,$288.39,138.40%,$276.84,128.85%,GVA,NYSE:GVA,-0.258,$169.00,
NYSE:GWH,14 Jan 2026,$3.79,3,$3.50,3,,$0.75,366.67%,,,,,-100.00%,-$2.00,-366.67%,-$2.00,-366.67%,GWH,NYSE:GWH,-2.000,,
NYSE:GWW,23 Aug 2025,$866.00,2,,,3.08,"$1,382.22",-37.35%,,,,"$1,423.76",3.01%,"$1,793.99",29.79%,"$1,855.21",34.22%,GWW,NYSE:GWW,0.249,"$1,292.29",
NYSE:HAE,16 Dec 2025,$105.08,3,$86.29,9,3.06,$85.54,0.88%,,,,$0.00,-100.00%,$99.00,15.74%,$122.44,43.14%,HAE,NYSE:HAE,-1.000,$86.60,-0.36%
NASDAQ:HAFC,27 May 2026,$31.91,3,$32.83,5,3.14,$31.88,0.08%,,,,$32.78,2.82%,$0.00,-100.00%,$0.00,-100.00%,HAFC,NASDAQ:HAFC,0.247,$34.25,-4.15%
NYSE:HASI,27 Jan 2026,$36.24,3,$40.27,9,3.62,$37.87,-4.31%,,,,$40.09,5.86%,$5.15,-86.40%,$5.26,-86.12%,HASI,NYSE:HASI,0.409,$49.27,-18.27%
NASDAQ:HBAN,6 Apr 2026,$16.83,4,$19.75,9,3.24,$17.04,-1.23%,,,,$17.68,3.76%,$0.00,-100.00%,$0.00,-100.00%,HBAN,NASDAQ:HBAN,0.268,$20.15,-1.99%
NASDAQ:HBCP,1 Jun 2026,$67.68,3,$69.00,3,2.72,$71.34,-5.13%,,,,$73.03,2.37%,$0.00,-100.00%,$0.00,-100.00%,HBCP,NASDAQ:HBCP,0.071,$73.00,-5.48%
NYSE:HBM,2 Apr 2026,$15.01,2,$28.81,10,,$22.75,-34.00%,,,,,-100.00%,-$2.00,-108.79%,-$2.00,-108.79%,HBM,NYSE:HBM,-2.000,,
NASDAQ:HBNC,19 Nov 2025,$17.31,3,$19.83,9,2.52,$20.45,-15.35%,,,,$20.47,0.10%,-$50.57,-347.30%,-$47.51,-332.30%,HBNC,NASDAQ:HBNC,-0.034,$22.50,-11.87%
NASDAQ:HBT,2 Oct 2025,$24.23,3,$29.50,7,2.68,$35.84,-32.40%,,,,$37.43,4.44%,$0.00,-100.00%,$0.00,-100.00%,HBT,NASDAQ:HBT,0.044,$38.20,-22.77%
NYSE:HCA,13 Apr 2026,$417.60,2,$551.50,1,2.22,$402.59,3.73%,,,,$409.70,1.77%,$473.88,17.71%,$751.23,86.60%,HCA,NYSE:HCA,-0.174,$452.81,21.80%
NYSE:HCC,11 Dec 2025,$71.17,3,,,1.85,$79.41,-10.38%,,,,$76.80,-3.29%,$84.60,6.54%,$105.88,33.34%,HCC,NYSE:HCC,-0.379,$103.00,
NASDAQ:HCKT,16 Feb 2026,$21.62,3,$27.00,4,2.95,$10.72,101.69%,,,,$11.54,7.65%,$21.42,99.85%,$23.12,115.65%,HCKT,NASDAQ:HCKT,0.091,$17.67,52.80%
NASDAQ:HCSG,20 Dec 2023,$15.43,3,,,0.40,$23.30,-33.78%,,,,$21.62,-7.21%,$0.00,-100.00%,$0.00,-100.00%,HCSG,NASDAQ:HCSG,-0.988,$26.80,
NASDAQ:HCTI,11 Jul 2025,$0.04,3,,,,$1.10,-96.82%,,,,,-100.00%,-$2.00,-281.82%,-$2.00,-281.82%,HCTI,NASDAQ:HCTI,-2.000,,
NYSE:HDB,21 Oct 2025,$30.79,2,,,4.16,$23.93,28.68%,,,,$24.95,4.26%,$0.00,-100.00%,$0.00,-100.00%,HDB,NYSE:HDB,0.625,$33.95,
NYSE:HE,18 Nov 2025,$12.33,3,$11.13,7,2.93,$12.92,-13.85%,,,,$0.00,-100.00%,-$17.70,-237.00%,-$17.28,-233.75%,HE,NYSE:HE,-1.000,$12.75,-12.71%
NYSE:HEI,2 May 2025,$235.97,3,$274.82,7,0.71,$356.36,-33.78%,,,,$343.66,-3.56%,$593.50,66.54%,$659.30,85.01%,HEI,NYSE:HEI,-0.838,$386.53,-28.90%
NYSE:HEI.A,5 May 2025,$186.04,3,,,0.78,$257.28,-27.69%,,,,$249.52,-3.02%,$413.11,60.57%,$456.12,77.29%,HEI.A,NYSE:HEI.A,-0.842,$320.00,
NASDAQ:HELE,3 Nov 2023,$131.05,4,,,3.61,$27.63,374.29%,,,,$0.00,-100.00%,$23.64,-14.44%,-$13.38,-148.41%,HELE,NASDAQ:HELE,-1.000,$31.00,
NASDAQ:HFWA,19 Jun 2026,$30.72,3,$32.00,4,3.40,$29.73,3.33%,,,,$30.66,3.13%,$0.00,-100.00%,$0.00,-100.00%,HFWA,NASDAQ:HFWA,0.355,$33.00,-3.03%
NYSE:HG,9 Sep 2025,$24.44,3,$25.43,7,#ERROR!,$35.96,-32.03%,,,,,-100.00%,-$2.00,-105.56%,-$2.00,-105.56%,HG,NYSE:HG,-2.000,,
NYSE:HI,6 Nov 2025,$42.28,5,$32.00,7,,#N/A,#N/A,,,,,#N/A,-$2.00,#N/A,-$2.00,#N/A,HI,NYSE:HI,-2.000,,
NASDAQ:HIFS,10 Oct 2025,$271.84,3,,7,2.08,$285.18,-4.68%,,,,$286.33,0.40%,$0.00,-100.00%,$0.00,-100.00%,HIFS,NASDAQ:HIFS,-0.167,,
NYSE:HIMS,20 Aug 2025,$35.82,2,,,3.36,$27.77,29.00%,,,,$0.00,-100.00%,$26.08,-6.10%,$29.28,5.45%,HIMS,NYSE:HIMS,-1.000,$29.77,
NASDAQ:HIMX,16 Feb 2026,$9.25,5,,,2.50,$12.54,-26.23%,,,,$11.52,-8.13%,$13.38,6.72%,$14.69,17.16%,HIMX,NASDAQ:HIMX,-0.111,$23.70,
NYSE:HLIO,6 Nov 2025,$52.24,3,,,2.79,$77.91,-32.95%,,,,$78.48,0.73%,$80.92,3.86%,$99.06,27.15%,HLIO,NYSE:HLIO,0.077,$88.50,
NASDAQ:HLIT,5 Feb 2026,$11.73,3,$13.00,5,4.62,$11.55,1.60%,,,,$0.00,-100.00%,$21.07,82.41%,$22.29,93.02%,HLIT,NASDAQ:HLIT,-1.000,$15.29,-14.98%
NASDAQ:HLMN,25 Jul 2023,$11.24,3,,,,$7.87,42.86%,,,,,-100.00%,-$2.00,-125.41%,-$2.00,-125.41%,HLMN,NASDAQ:HLMN,-2.000,,
NYSE:HMC,26 Mar 2026,$30.58,5,,5,2.53,$30.11,1.57%,,,,$31.05,3.12%,$0.28,-99.08%,$139.83,364.39%,HMC,NYSE:HMC,-0.028,$32.90,
NYSE:HNI,8 Jan 2025,$45.54,2,,,3.04,$45.01,1.17%,,,,$44.68,-0.73%,$33.45,-25.68%,$44.64,-0.83%,HNI,NYSE:HNI,0.131,$69.00,
NASDAQ:HNRG,16 Dec 2024,$15.00,3,,8,0.55,$14.22,5.49%,,,,$12.93,-9.07%,$17.43,22.54%,$27.24,91.53%,HNRG,NASDAQ:HNRG,-0.979,$30.33,
NYSE:HOMB,2 Oct 2025,$27.30,2,$32.17,6,2.85,$31.07,-12.15%,,,,$32.29,3.93%,$0.00,-100.00%,$0.00,-100.00%,HOMB,NYSE:HOMB,0.121,$33.00,-2.52%
NASDAQ:HON,2 Jul 2026,,1,$446.29,9,3.45,$243.05,83.62%,,,,$252.93,4.07%,$159.44,-34.40%,$197.21,-18.86%,HON,NASDAQ:HON,0.384,$262.00,70.34%
NASDAQ:HONE,2 Oct 2025,$15.33,3,$13.00,2,,#N/A,#N/A,,,,,#N/A,-$2.00,#N/A,-$2.00,#N/A,HONE,NASDAQ:HONE,-2.000,,
NASDAQ:HOOD,2 Sep 2025,$86.65,2,$113.71,7,5.00,$86.56,0.10%,,,,$0.00,-100.00%,$115.57,33.52%,$117.01,35.18%,HOOD,NASDAQ:HOOD,-1.000,$121.86,-6.69%
NASDAQ:HOPE,2 Oct 2025,$14.53,4,$13.00,4,3.37,$14.01,-7.21%,,,,$14.58,4.07%,-$102.16,-829.19%,-$97.93,-798.99%,HOPE,NASDAQ:HOPE,0.360,$14.38,-9.60%
NYSE:HOV,26 Mar 2025,$163.07,3,$125.00,1,1.00,$123.90,0.89%,,,,$0.00,-100.00%,$553.00,346.33%,$573.62,362.97%,HOV,NYSE:HOV,-1.000,$74.00,68.92%
NASDAQ:HOVR,12 Dec 2024,$2.00,3,,6,5.00,$1.72,16.28%,,,,$0.00,-100.00%,$2.22,29.30%,$2.23,29.59%,HOVR,NASDAQ:HOVR,-1.000,$8.32,
NYSE:HP,22 Jan 2026,$39.81,4,$33.25,5,3.28,$34.57,-3.82%,,,,$35.35,2.26%,$37.94,9.74%,$80.77,133.64%,HP,NYSE:HP,0.283,$40.80,-18.50%
NYSE:HPE,12 Aug 2025,$26.45,3,,,3.17,$47.90,-44.79%,,,,$47.64,-0.54%,$46.72,-2.46%,$89.12,86.05%,HPE,NYSE:HPE,0.199,$64.34,
NASDAQ:HPK,22 Sep 2025,$12.06,3,$7.00,3,2.65,$7.15,-2.10%,,,,$6.99,-2.24%,-$0.94,-113.11%,$16.68,133.28%,HPK,NASDAQ:HPK,0.023,$7.88,-11.17%
NYSE:HPQ,30 Mar 2026,$24.72,3,$18.58,2,2.92,$27.27,-31.87%,,,,$29.73,9.02%,$18.22,-33.18%,$29.03,6.45%,HPQ,NYSE:HPQ,0.201,$22.98,-19.15%
NYSE:HRL,6 Nov 2024,$31.61,3,,,2.81,$25.01,26.37%,,,,$26.64,6.52%,$26.35,5.36%,$31.21,24.78%,HRL,NYSE:HRL,0.097,$26.88,
NASDAQ:HSAI,1 Sep 2025,$21.70,3,$27.74,9,,$16.90,28.40%,,,,,-100.00%,-$2.00,-111.83%,-$2.00,-111.83%,HSAI,NASDAQ:HSAI,-2.000,,
NYSE:HSBC,19 Aug 2025,$64.63,3,,,,$106.42,-39.27%,,,,,-100.00%,-$2.00,-101.88%,-$2.00,-101.88%,HSBC,NYSE:HSBC,-2.000,,
NASDAQ:HSIC,20 Aug 2025,$69.76,3,,,0.64,$85.75,-18.65%,,,,$82.06,-4.30%,$87.00,1.46%,$107.26,25.08%,HSIC,NASDAQ:HSIC,-0.858,$88.75,
NASDAQ:HSII,15 Dec 2025,$59.01,1,,1,,#N/A,#N/A,,,,,#N/A,-$2.00,#N/A,-$2.00,#N/A,HSII,NASDAQ:HSII,-2.000,,
NASDAQ:HST,20 Apr 2026,$19.63,3,$21.71,6,2.68,$25.13,-21.90%,,,,$25.92,3.14%,$40.28,60.30%,$58.63,133.31%,HST,NASDAQ:HST,0.060,$24.85,-12.64%
NYSE:HTB,19 Nov 2025,$38.55,3,,,1.53,$51.19,-24.69%,,,,$50.47,-1.41%,$0.00,-100.00%,$0.00,-100.00%,HTB,NYSE:HTB,-0.460,$52.94,
NASDAQ:HTBK,13 Apr 2026,$12.56,3,$15.00,6,,#N/A,#N/A,,,,,#N/A,-$2.00,#N/A,-$2.00,#N/A,HTBK,NASDAQ:HTBK,-2.000,,
NASDAQ:HTZ,22 Dec 2023,$16.71,3,,,5.00,$1.59,950.94%,,,,$0.00,-100.00%,-$72.64,-4668.34%,$23.56,1381.76%,HTZ,NASDAQ:HTZ,-1.000,$3.77,
NYSE:HUBS,8 Jul 2024,$562.84,3,,,3.75,$237.36,137.12%,,,,$0.00,-100.00%,$405.05,70.65%,$442.51,86.43%,HUBS,NYSE:HUBS,-1.000,$273.06,
NYSE:HUYA,26 Aug 2025,$4.89,4,$5.00,7,,$2.45,99.55%,,,,,-100.00%,-$2.00,-181.63%,-$2.00,-181.63%,HUYA,NYSE:HUYA,-2.000,,
NYSE:HVT,20 Mar 2026,$26.93,4,,4,3.14,$24.64,9.28%,,,,$26.75,8.56%,$39.20,59.09%,$50.68,105.67%,HVT,NYSE:HVT,0.218,$29.50,
NASDAQ:HWC,10 Oct 2025,$58.42,2,,,2.93,$77.00,-24.13%,,,,$79.22,2.88%,$0.00,-100.00%,$0.00,-100.00%,HWC,NASDAQ:HWC,0.151,$83.60,
NYSE:HWM,3 Sep 2025,$148.98,2,,,1.17,$282.26,-47.22%,,,,$270.68,-4.10%,$317.06,12.33%,$329.19,16.63%,HWM,NYSE:HWM,-0.636,$312.93,
NASDAQ:IART,11 Dec 2025,$22.26,3,$12.33,2,3.59,$16.65,-25.95%,,,,$0.00,-100.00%,-$4.53,-127.21%,$9.45,-43.24%,IART,NASDAQ:IART,-1.000,$18.62,-33.78%
NASDAQ:IBEX,30 Jan 2026,$37.25,3,$41.00,9,3.31,$35.34,5.40%,,,,$0.00,-100.00%,$59.32,67.84%,$83.61,136.59%,IBEX,NASDAQ:IBEX,-1.000,$37.50,9.33%
NASDAQ:IBKR,23 Aug 2025,$51.95,1,$67.92,10,1.65,$87.99,-40.96%,,,,$85.64,-2.67%,$0.00,-100.00%,$0.00,-100.00%,IBKR,NASDAQ:IBKR,-0.449,$106.97,-36.51%
NYSE:IBM,27 Jan 2026,$263.05,1,$321.27,10,2.85,$223.65,17.61%,,,,$235.22,5.17%,$423.85,89.52%,$509.31,127.73%,IBM,NYSE:IBM,0.112,$245.33,30.95%
NYSE:IBN,2 Oct 2025,$29.15,3,,3,1.77,$29.99,-2.80%,,,,$29.83,-0.53%,$162.06,440.38%,$165.98,453.45%,IBN,NYSE:IBN,-0.391,$35.83,
NASDAQ:IBOC,1 Jun 2026,$77.76,3,,4,2.98,$76.54,1.60%,,,,$79.35,3.67%,-$8.74,-111.42%,-$2.25,-102.93%,IBOC,NASDAQ:IBOC,0.163,$87.00,
NYSE:IBP,7 Jan 2025,$148.52,2,$231.00,6,2.17,$222.94,-33.38%,,,,$231.44,3.81%,$324.14,45.39%,$385.30,72.83%,IBP,NYSE:IBP,-0.181,$233.27,-0.97%
NYSE:ICE,24 Oct 2025,$156.00,3,,,2.76,$152.48,2.31%,,,,$157.87,3.53%,$23.87,-84.34%,$68.52,-55.07%,ICE,NYSE:ICE,0.051,$181.93,
NASDAQ:ICHR,2 Jan 2026,$31.56,3,$24.80,2,4.13,$75.27,-67.05%,,,,$0.00,-100.00%,$68.24,-9.33%,$78.61,4.44%,ICHR,NASDAQ:ICHR,-1.000,$92.29,-73.13%
NASDAQ:ICON,23 Jan 2026,$3.43,3,$2.00,,,$1.04,92.31%,,,,,-100.00%,-$2.00,-292.31%,-$2.00,-292.31%,ICON,NASDAQ:ICON,-2.000,,
NYSE:IDA,18 Sep 2025,$114.64,2,,,2.46,$142.91,-19.78%,,,,$146.10,2.23%,$6.49,-95.46%,$50.81,-64.45%,IDA,NYSE:IDA,-0.064,$158.60,
NASDAQ:IDCC,21 Jan 2026,$317.69,3,,,2.03,$304.83,4.22%,,,,$257.03,-15.68%,$279.19,-8.41%,$328.19,7.66%,IDCC,NASDAQ:IDCC,-0.318,$462.67,
NASDAQ:IEP,22 Nov 2023,$27.45,3,,,3.51,$7.79,252.32%,,,,$8.06,3.47%,$13.81,77.27%,$21.16,171.65%,IEP,NASDAQ:IEP,0.338,$12.00,
NASDAQ:IESC,23 Aug 2025,$257.92,2,,,,$744.54,-65.36%,,,,,-100.00%,-$2.00,-100.27%,-$2.00,-100.27%,IESC,NASDAQ:IESC,-2.000,,
NYSE:IEX,28 Oct 2025,$189.30,3,$194.86,8,2.20,$230.45,-17.86%,,,,$228.40,-0.89%,$253.29,9.91%,$280.55,21.74%,IEX,NYSE:IEX,-0.165,$239.43,-18.62%
NYSE:IFS,27 May 2026,$48.43,3,$61.50,9,3.17,$58.31,-16.94%,,,,$59.27,1.65%,$300.58,415.49%,$326.64,460.18%,IFS,NYSE:IFS,0.247,$65.26,-5.76%
NASDAQ:IGIC,23 Jun 2026,$24.69,3,,,,$27.91,-11.54%,,,,,-100.00%,-$2.00,-107.17%,-$2.00,-107.17%,IGIC,NASDAQ:IGIC,-2.000,,
NYSE:IHS,4 Mar 2026,$6.80,2,$8.50,7,3.03,$8.20,-17.07%,,,,$0.00,-100.00%,$19.84,142.01%,$29.60,260.93%,IHS,NYSE:IHS,-1.000,$8.25,3.03%
NASDAQ:III,5 Feb 2026,$5.27,3,$6.50,8,1.69,$4.16,26.76%,,,,$4.18,0.48%,$6.35,52.58%,$7.49,80.10%,III,NASDAQ:III,-0.471,$6.67,-2.55%
NASDAQ:IMKTA,19 Mar 2026,$96.09,3,,5,2.79,$90.01,6.75%,,,,$93.16,3.50%,$203.22,125.77%,$284.21,215.75%,IMKTA,NASDAQ:IMKTA,0.114,,
NASDAQ:IMMP,15 Dec 2025,$2.06,3,$12.00,7,,$0.38,442.74%,,,,,-100.00%,-$2.00,-626.32%,-$2.00,-626.32%,IMMP,NASDAQ:IMMP,-2.000,,
NYSEAMERICAN:IMO,24 Oct 2025,$89.93,1,,,,$129.57,-30.59%,,,,,-100.00%,-$2.00,-101.54%,-$2.00,-101.54%,IMO,NYSEAMERICAN:IMO,-2.000,,
NASDAQ:IMOS,28 Jan 2026,$41.27,3,,6,,$47.40,-12.92%,,,,,-100.00%,-$2.00,-104.22%,-$2.00,-104.22%,IMOS,NASDAQ:IMOS,-2.000,,
NASDAQ:IMPP,16 Feb 2026,$3.71,3,$6.00,7,2.96,$4.70,-20.99%,,,,$4.90,4.26%,$0.00,-100.00%,$0.00,-100.00%,IMPP,NASDAQ:IMPP,0.095,$9.00,-33.33%
NASDAQ:IMRN,15 Dec 2025,$1.93,4,,,,$1.09,77.19%,,,,,-100.00%,-$2.00,-283.49%,-$2.00,-283.49%,IMRN,NASDAQ:IMRN,-2.000,,
NASDAQ:IMXI,14 Feb 2026,$28.35,3,,3,4.75,$11.86,139.04%,,,,$0.00,-100.00%,$51.83,337.04%,$56.55,376.83%,IMXI,NASDAQ:IMXI,-1.000,$16.00,
NASDAQ:INDB,20 Mar 2026,$77.46,3,$86.67,6,2.81,$83.83,-7.60%,,,,$87.87,4.82%,$0.00,-100.00%,$0.00,-100.00%,INDB,NASDAQ:INDB,0.093,$92.71,-6.51%
NASDAQ:INDI,16 Feb 2026,$5.81,4,$8.00,5,5.00,$3.23,79.77%,,,,$0.00,-100.00%,$0.39,-87.97%,$1.05,-67.44%,INDI,NASDAQ:INDI,-1.000,$5.84,36.99%
NYSE:ING,27 Aug 2025,$23.00,3,,,4.10,$34.93,-34.15%,,,,$34.39,-1.55%,-$241.77,-792.17%,-$234.23,-770.57%,ING,NYSE:ING,0.697,$33.67,
NYSE:INGM,22 Feb 2026,$26.24,5,,,2.40,$28.21,-6.98%,,,,$29.97,6.24%,$31.43,11.42%,$29.23,3.62%,INGM,NYSE:INGM,-0.100,$32.58,
NASDAQ:INGN,11 Dec 2025,$9.54,4,$13.00,6,5.00,$6.45,47.97%,,,,$0.00,-100.00%,$5.48,-15.06%,$11.32,75.51%,INGN,NASDAQ:INGN,-1.000,$12.67,2.60%
NYSE:INGR,26 Aug 2025,$23.71,3,,,2.55,$99.46,-76.16%,,,,$102.83,3.39%,$310.51,212.20%,$346.95,248.84%,INGR,NYSE:INGR,-0.048,$121.17,
NASDAQ:INOD,26 Jan 2026,$55.24,3,,,5.00,$62.83,-12.08%,,,,$0.00,-100.00%,$102.41,63.00%,$105.61,68.09%,INOD,NASDAQ:INOD,-1.000,$122.75,
NASDAQ:INSG,5 Feb 2026,$12.35,3,,,5.00,$7.03,75.71%,,,,$0.00,-100.00%,$5.20,-26.08%,$10.58,50.55%,INSG,NASDAQ:INSG,-1.000,$21.25,
NYSE:INSP,4 Dec 2025,$192.39,3,$117.67,8,3.12,$50.21,134.36%,,,,$0.00,-100.00%,$59.73,18.96%,$67.76,34.95%,INSP,NYSE:INSP,-1.000,$51.43,128.80%
NASDAQ:INTA,22 Jan 2026,$50.05,3,$50.05,6,3.16,$32.69,53.10%,,,,$0.00,-100.00%,$54.45,66.57%,$57.79,76.77%,INTA,NASDAQ:INTA,-1.000,$33.71,48.47%
NASDAQ:INTC,19 Jan 2026,$31.91,1,$42.36,6,2.38,$90.20,-64.62%,,,,$82.68,-8.34%,$110.39,22.38%,$151.93,68.43%,INTC,NASDAQ:INTC,-0.136,$115.27,-63.25%
NASDAQ:INTR,24 Jun 2026,$6.34,4,$8.60,7,3.17,$5.60,13.21%,,,,$5.67,1.25%,-$26.84,-579.20%,-$24.21,-532.36%,INTR,NASDAQ:INTR,0.189,$9.33,-7.82%
NYSE:INVH,16 Sep 2025,$35.78,5,$35.79,1,3.02,$29.72,20.40%,,,,$30.81,3.67%,$40.21,35.31%,$61.50,106.94%,INVH,NYSE:INVH,0.187,$32.78,9.18%
NYSE:IONQ,23 Dec 2025,$39.58,3,$75.91,9,5.00,$36.44,8.62%,,,,$0.00,-100.00%,$27.29,-25.10%,$27.59,-24.28%,IONQ,NYSE:IONQ,-1.000,$68.41,10.96%
NYSE:IP,10 Jul 2025,$49.22,3,$190.70,,2.31,$40.83,#REF!,,,,$42.92,5.12%,$13.72,-66.40%,$60.33,47.76%,IP,NYSE:IP,-0.122,$43.64,336.98%
NASDAQ:IPGP,4 Feb 2026,$89.57,3,,,5.00,$85.06,5.30%,,,,$0.00,-100.00%,$117.95,38.66%,$129.59,52.36%,IPGP,NASDAQ:IPGP,-1.000,$131.93,
NASDAQ:IPWR,9 Feb 2026,$5.25,3,,4,,$3.70,41.89%,,,,,-100.00%,-$2.00,-154.05%,-$2.00,-154.05%,IPWR,NASDAQ:IPWR,-2.000,,
NASDAQ:IQ,29 Nov 2024,$3.18,3,,,4.06,$1.27,150.24%,,,,$0.00,-100.00%,-$4.75,-474.05%,-$0.40,-131.65%,IQ,NASDAQ:IQ,-1.000,$1.54,
NYSE:IR,11 Nov 2025,$79.48,3,$87.67,6,,$83.38,-4.68%,,,,,-100.00%,-$2.00,-102.40%,-$2.00,-102.40%,IR,NYSE:IR,-2.000,,
NASDAQ:IREN,11 Dec 2025,$45.06,3,$84.00,6,5.00,$36.80,22.45%,,,,$0.00,-100.00%,$17.77,-51.72%,$23.45,-36.28%,IREN,NASDAQ:IREN,-1.000,$81.73,2.78%
NYSE:IRM,19 Aug 2025,$97.43,3,$116.80,3,3.07,$122.32,-20.35%,,,,$127.81,4.49%,$48.08,-60.69%,$49.79,-59.30%,IRM,NYSE:IRM,0.214,$132.82,-12.06%
NASDAQ:IRMD,4 Dec 2025,$84.32,3,$99.00,8,2.31,$90.86,-7.20%,,,,$94.78,4.31%,$135.13,48.72%,$137.32,51.13%,IRMD,NASDAQ:IRMD,-0.174,$118.00,-16.10%
NYSE:IRS,13 Mar 2026,$17.95,5,$23.00,6,2.79,$15.19,18.17%,,,,$15.96,5.07%,"$2,138.62",13979.14%,"$2,139.59",13985.49%,IRS,NYSE:IRS,0.016,$21.33,7.83%
NASDAQ:IRTC,11 Dec 2025,$121.66,2,$220.38,6,5.00,$117.17,3.83%,,,,$0.00,-100.00%,$113.91,-2.78%,$120.31,2.68%,IRTC,NASDAQ:IRTC,-1.000,$177.07,24.46%
NASDAQ:ISRG,19 Jul 2024,$316.11,1,,,4.86,$353.33,-10.53%,,,,$0.00,-100.00%,$0.00,-100.00%,$0.00,-100.00%,ISRG,NASDAQ:ISRG,-1.000,$484.60,
NASDAQ:ISTR,1 Jun 2026,$27.26,3,$31.50,6,3.03,$30.12,-9.51%,,,,$30.94,2.72%,$0.00,-100.00%,$0.00,-100.00%,ISTR,NASDAQ:ISTR,0.183,$34.25,-8.03%
NYSE:IT,25 Feb 2026,$197.67,3,187,2,3.31,$151.02,26.27%,,,,$0.00,-100.00%,$286.04,89.40%,$312.97,107.24%,IT,NYSE:IT,-1.000,$160.38,16.60%
NYSE:ITGR,11 Dec 2025,$113.99,3,$91.50,2,2.17,$121.21,-24.51%,,,,$0.00,-100.00%,$57.68,-52.41%,$124.09,2.38%,ITGR,NYSE:ITGR,-1.000,$101.20,-9.58%
NASDAQ:ITIC,29 Jan 2025,$206.10,3,,7,2.87,$289.29,-28.76%,,,,$303.86,5.04%,$308.20,6.53%,$348.36,20.42%,ITIC,NASDAQ:ITIC,0.230,$39.00,
NASDAQ:ITRI,21 May 2026,$114.84,5,$126.20,4,4.42,$99.66,15.23%,,,,$0.00,-100.00%,$152.28,52.80%,$172.32,72.91%,ITRI,NASDAQ:ITRI,-1.000,$127.90,-1.33%
NASDAQ:ITRN,18 Feb 2026,$47.36,3,$50.00,8,2.93,$55.16,-14.13%,,,,$57.00,3.34%,$95.23,72.65%,$110.98,101.19%,ITRN,NASDAQ:ITRN,0.094,$73.50,-31.97%
NYSE:ITT,16 Feb 2026,$184.72,1,$225.86,10,2.26,$195.98,-5.74%,,,,$189.85,-3.13%,$148.10,-24.43%,$186.87,-4.65%,ITT,NYSE:ITT,-0.183,$245.00,-7.81%
NYSE:ITUB,10 Mar 2026,$7.88,3,$9.00,9,3.47,$8.46,-6.86%,,,,$8.52,0.71%,-$17.83,-310.78%,-$14.12,-266.88%,ITUB,NYSE:ITUB,0.400,$8.84,1.81%
NYSE:ITW,11 Nov 2025,$245.17,2,$257.11,6,2.42,$286.95,-14.56%,,,,$293.46,2.27%,$351.02,22.33%,$364.80,27.13%,ITW,NYSE:ITW,-0.052,$280.05,-8.19%
NYSE:IX,11 Dec 2025,$27.24,3,,5,2.61,$40.31,-32.42%,,,,$40.54,0.57%,$425.27,954.99%,$569.85,1313.67%,IX,NYSE:IX,0.033,$39.51,
NASDAQ:IXHL,11 Dec 2025,$0.76,3,,,,$2.94,-74.32%,,,,,-100.00%,-$2.00,-168.03%,-$2.00,-168.03%,IXHL,NASDAQ:IXHL,-2.000,,
NYSE:JBGS,23 Dec 2025,$16.92,3,$17.50,1,2.07,$14.05,20.45%,,,,$14.55,3.56%,-$34.64,-346.55%,-$7.63,-154.30%,JBGS,NYSE:JBGS,-0.226,$15.00,16.67%
NYSE:JBTM,28 Oct 2025,$114.25,3,,,0.63,$138.47,-17.49%,,,,$134.16,-3.11%,$182.50,31.80%,$263.33,90.17%,JBTM,NYSE:JBTM,-0.916,$178.75,
NYSE:JCI,4 Jan 2026,$97.19,1,$128.78,9,2.96,$146.66,-33.73%,,,,$149.98,2.26%,$163.20,11.28%,$182.05,24.13%,JCI,NYSE:JCI,0.166,$156.37,-17.64%
NASDAQ:JD,1 Apr 2026,$43.40,3,$34.69,3,1.67,$33.01,5.09%,,,,$31.95,-3.21%,$137.95,317.89%,$139.64,323.04%,JD,NASDAQ:JD,-0.435,$39.56,-12.31%
NYSE:JEF,23 Aug 2025,$58.78,3,,,2.86,$54.60,7.66%,,,,$57.98,6.19%,$0.00,-100.00%,$0.00,-100.00%,JEF,NYSE:JEF,0.111,$61.33,
NYSE:JELD,25 Oct 2024,$18.28,3,,,1.50,$1.42,1187.04%,,,,$1.11,-21.83%,-$18.09,-1374.16%,-$0.62,-143.62%,JELD,NYSE:JELD,-0.503,$1.65,
NASDAQ:JFIN,1 Sep 2025,$12.96,3,,7,,$2.16,499.95%,,,,,-100.00%,-$2.00,-192.59%,-$2.00,-192.59%,JFIN,NASDAQ:JFIN,-2.000,,
NYSE:JHX,22 Aug 2025,$30.58,3,$26.94,8,3.75,$26.29,2.47%,,,,$0.00,-100.00%,$18.50,-29.62%,$27.89,6.08%,JHX,NYSE:JHX,-1.000,$30.25,-10.94%
NYSE:JILL,3 Jan 2025,$36.04,3,$36.67,6,1.45,$18.22,97.79%,,,,$18.30,0.44%,$30.40,66.84%,$18.65,2.34%,JILL,NYSE:JILL,-0.456,$15.50,136.58%
NASDAQ:JJSF,31 Jan 2025,$136.25,3,$200.00,3,2.84,$76.50,78.10%,,,,$82.75,8.17%,$168.10,119.74%,$136.30,78.17%,JJSF,NASDAQ:JJSF,0.061,$100.50,99.00%
NASDAQ:JKHY,27 Jan 2026,$182.29,3,,,1.69,$154.04,18.34%,,,,$157.94,2.53%,$300.82,95.29%,$350.39,127.47%,JKHY,NASDAQ:JKHY,-0.429,$185.71,
NYSE:JKS,9 Feb 2026,$25.42,3,$23.33,6,3.13,$15.14,54.10%,,,,$15.52,2.51%,-$186.52,-1331.95%,-$186.52,-1331.95%,JKS,NYSE:JKS,0.170,$25.44,-8.29%
NYSE:JOBY,7 Jul 2025,$8.26,2,,,5.00,$7.15,15.47%,,,,$0.00,-100.00%,$5.29,-26.06%,$5.38,-24.74%,JOBY,NYSE:JOBY,-1.000,$11.01,
NYSE:JOE,4 Sep 2025,$58.64,3,,4,2.88,$62.24,-5.78%,,,,$63.85,2.59%,$94.46,51.76%,$108.30,74.00%,JOE,NYSE:JOE,0.236,$19.00,
NYSE:KAI,11 Nov 2025,$276.48,3,$360.00,2,2.25,$307.50,-10.09%,,,,$302.20,-1.72%,$327.79,6.60%,$373.64,21.51%,KAI,NYSE:KAI,-0.158,$342.00,5.26%
NASDAQ:KALU,23 Jun 2026,$168.39,3,$161.67,6,2.92,$159.68,1.25%,,,,$165.77,3.81%,$301.59,88.87%,$333.47,108.83%,KALU,NASDAQ:KALU,0.151,$169.25,-4.48%
NASDAQ:KARO,23 Aug 2025,$42.41,2,,,3.23,$64.24,-33.98%,,,,$67.51,5.09%,$121.81,89.61%,$124.61,93.97%,KARO,NASDAQ:KARO,0.271,$72.57,
NYSE:KB,19 Nov 2025,$83.35,3,,,3.16,$117.82,-29.26%,,,,$117.16,-0.56%,"-$1,127.69",-1057.13%,"-$1,099.78",-1033.44%,KB,NYSE:KB,0.180,$170.14,
NYSE:KBH,27 Apr 2026,$73.02,5,$56.73,6,2.59,$54.97,3.20%,,,,$59.25,7.79%,$114.56,108.41%,$120.32,118.88%,KBH,NYSE:KBH,0.004,$58.67,-3.31%
NYSE:KD,9 Feb 2026,$28.74,3,$34.00,5,3.13,$13.55,112.10%,,,,$0.00,-100.00%,$45.60,236.57%,$113.94,740.88%,KD,NYSE:KD,-1.000,$13.90,144.60%
NASDAQ:KDP,19 Jun 2026,$36.23,3,$31.83,9,2.67,$31.12,2.28%,,,,$32.03,2.92%,$9.16,-70.55%,$16.64,-46.52%,KDP,NASDAQ:KDP,0.025,$35.24,-9.68%
NYSE:KEP,27 Jul 2026,$13.39,4,,4,4.78,$11.95,12.05%,12.05%,$13.39,$16.00,$12.35,3.35%,"$1,517.52",12598.88%,"$5,656.39",47233.85%,KEP,NYSE:KEP,0.914,$16.00,
NYSE:KEY,20 Mar 2026,$21.47,3,$24.04,3,3.26,$22.59,-4.96%,,,,$23.21,2.74%,$0.00,-100.00%,$0.00,-100.00%,KEY,NYSE:KEY,0.280,$26.02,-7.61%
NYSE:KGC,14 Aug 2025,$8.59,1,,,2.16,$23.10,-62.81%,,,,$22.88,-0.95%,$64.67,179.94%,$80.38,247.96%,KGC,NYSE:KGC,-0.261,$36.01,
NASDAQ:KIDS,11 Dec 2025,$25.39,3,$24.00,6,4.19,$20.19,18.87%,,,,$0.00,-100.00%,$26.30,30.28%,$13.83,-31.50%,KIDS,NASDAQ:KIDS,-1.000,$25.00,-4.00%
NYSE:KIM,19 Sep 2025,$25.08,5,$24.84,7,3.20,$25.48,-2.51%,,,,$26.95,5.77%,$30.05,17.93%,$44.17,73.36%,KIM,NYSE:KIM,0.277,$26.82,-7.38%
NASDAQ:KLAC,4 Jan 2026,"$1,084.54",2,"$1,372.72",8,2.40,$182.82,493.23%,,,,$171.70,-6.08%,$194.60,6.45%,$199.40,9.07%,KLAC,NASDAQ:KLAC,-0.128,$234.04,486.53%
NYSE:KLC,14 Jan 2026,$8.03,3,$5.70,3,0.47,$5.35,6.54%,,,,$5.09,-4.86%,-$17.01,-418.03%,-$3.74,-169.94%,KLC,NYSE:KLC,-0.876,$4.24,34.43%
NASDAQ:KLIC,23 Aug 2025,$42.70,3,,,3.80,$89.20,-52.14%,,,,$91.94,3.07%,$89.31,0.12%,$92.63,3.85%,KLIC,NASDAQ:KLIC,0.529,$100.00,
NYSE:KMT,26 Aug 2025,$29.15,5,$22.25,5,3.12,$33.97,-34.50%,,,,$36.15,6.42%,$50.59,48.93%,$36.59,7.72%,KMT,NYSE:KMT,0.249,$34.86,-36.17%
NYSE:KN,2 Feb 2026,$24.86,3,,,3.98,$36.59,-32.06%,,,,$0.00,-100.00%,$45.30,23.79%,$51.08,39.61%,KN,NYSE:KN,-1.000,$43.75,
NYSE:KOF,16 Jun 2026,$111.51,3,$115.00,5,,$108.27,2.99%,,,,,-100.00%,-$2.00,-101.85%,-$2.00,-101.85%,KOF,NYSE:KOF,-2.000,,
NASDAQ:KOPN,16 Feb 2026,$2.24,3,,6,,$3.52,-36.25%,,,,,-100.00%,-$2.00,-156.82%,-$2.00,-156.82%,KOPN,NASDAQ:KOPN,-2.000,,
NYSE:KR,2 Jan 2026,$62.39,3,,,2.91,$57.74,8.05%,,,,$61.61,6.70%,$19.76,-65.77%,$90.72,57.13%,KR,NYSE:KR,0.110,$70.64,
NASDAQ:KRNT,6 Nov 2025,$18.46,3,$23.50,4,5.00,$15.22,21.29%,,,,$0.00,-100.00%,$15.50,1.82%,$18.20,19.55%,KRNT,NASDAQ:KRNT,-1.000,$23.38,0.51%
NASDAQ:KRT,16 Sep 2025,$27.50,4,$31.50,2,3.45,$40.24,-31.65%,,,,$42.79,6.34%,$58.05,44.25%,$76.10,89.11%,KRT,NASDAQ:KRT,0.421,$36.50,-13.70%
NASDAQ:KSPI,11 Feb 2026,$112.77,3,$92.50,6,3.23,$88.78,4.19%,,,,$91.31,2.85%,$39.44,-55.58%,$39.58,-55.42%,KSPI,NASDAQ:KSPI,0.282,$97.01,-4.65%
NYSE:KSS,25 Jul 2023,$47.54,3,,,2.92,$19.14,148.40%,,,,$19.67,2.77%,$93.79,390.02%,-$21.69,-213.33%,KSS,NYSE:KSS,0.182,$17.85,
NYSEAMERICAN:KULR,4 Feb 2026,,,$3.36,1,,$2.65,26.79%,,,,,-100.00%,-$2.00,-175.47%,-$2.00,-175.47%,KULR,NYSEAMERICAN:KULR,-2.000,,
NYSE:KVUE,14 Aug 2025,$22.53,4,$23.83,8,2.64,$19.24,17.10%,,,,$20.13,4.63%,$19.56,1.65%,$22.51,17.00%,KVUE,NYSE:KVUE,0.035,$19.83,20.17%
NYSE:KVYO,22 Jan 2026,$29.82,3,$42.31,7,5.00,$17.84,67.17%,,,,$0.00,-100.00%,$32.20,80.52%,$33.82,89.58%,KVYO,NYSE:KVYO,-1.000,$29.05,45.65%
NYSE:KWR,7 Dec 2023,$246.30,3,,,2.35,$160.52,53.44%,,,,$148.27,-7.63%,$216.41,34.82%,$164.62,2.55%,KWR,NYSE:KWR,-0.106,$173.43,
NASDAQ:LAB,11 Dec 2025,$2.34,3,$1.35,8,5.00,$0.87,55.17%,,,,$0.00,-100.00%,$0.66,-23.95%,$0.76,-12.61%,LAB,NASDAQ:LAB,-1.000,$1.55,-12.90%
NYSE:LAC,2 Sep 2025,$4.84,5,$4.00,4,5.00,$2.87,39.37%,,,,$0.00,-100.00%,-$0.90,-131.28%,-$0.89,-131.00%,LAC,NYSE:LAC,-1.000,$5.87,-31.86%
NYSE:LAD,6 Feb 2026,$430.33,5,$385.50,5,1.52,$385.42,0.02%,,,,$374.61,-2.80%,-$235.07,-160.99%,-$165.54,-142.95%,LAD,NYSE:LAD,-0.452,$376.19,2.47%
NASDAQ:LAKE,31 Dec 2025,$12.09,4,$18.50,6,,$11.40,6.05%,,,,,-100.00%,-$2.00,-117.54%,-$2.00,-117.54%,LAKE,NASDAQ:LAKE,-2.000,,
NASDAQ:LAMR,16 Sep 2025,$136.02,4,$129.00,9,3.20,$159.96,-19.35%,,,,$169.85,6.18%,$191.08,19.45%,$254.37,59.02%,LAMR,NASDAQ:LAMR,0.290,$158.60,-18.66%
NASDAQ:LASR,27 Jan 2026,$28.42,2,,,4.59,$68.80,-58.69%,,,,$0.00,-100.00%,$66.90,-2.77%,$69.33,0.77%,LASR,NASDAQ:LASR,-1.000,$90.71,
NASDAQ:LAUR,15 Oct 2025,$28.37,2,,,3.34,$38.31,-25.95%,,,,$0.00,-100.00%,$56.15,46.56%,$70.79,84.79%,LAUR,NASDAQ:LAUR,-1.000,$40.93,
NYSE:LB,26 Aug 2025,$40.37,2,,,1.70,$77.52,-47.93%,,,,$74.06,-4.46%,$120.70,55.70%,$128.03,65.16%,LB,NYSE:LB,-0.394,$82.57,
NYSE:LC,16 Mar 2026,$17.29,4,$24.00,6,,#N/A,#N/A,,,,$0.00,#N/A,-$118.69,#N/A,-$117.47,#N/A,LC,NYSE:LC,-1.000,$23.25,3.23%
NASDAQ:LCID,15 Dec 2025,$16.47,3,$17.00,3,3.62,$7.38,123.12%,,,,$0.00,-100.00%,-$26.71,-461.93%,-$24.65,-434.02%,LCID,NASDAQ:LCID,-1.000,$8.30,104.82%
NYSE:LDOS,17 Feb 2026,$176.70,3,$202.40,10,1.98,$115.60,52.85%,,,,$114.55,-0.91%,$184.37,59.49%,$222.53,92.50%,LDOS,NYSE:LDOS,-0.323,$150.67,34.33%
NASDAQ:LECO,31 May 2024,$190.67,3,,,2.38,$261.31,-27.03%,,,,$259.27,-0.78%,$306.11,17.14%,$335.93,28.55%,LECO,NASDAQ:LECO,-0.105,$297.00,
NYSE:LEN,21 Feb 2026,$150.73,5,$98.80,4,2.94,$82.35,19.98%,,,,$89.55,8.74%,$203.86,147.56%,$209.67,154.60%,LEN,NYSE:LEN,0.162,$87.00,13.56%
NYSE:LEN.B,19 Feb 2026,$140.83,5,,,3.42,$80.70,74.51%,,,,$88.39,9.53%,$908.90,1026.27%,$949.10,1076.08%,LEN.B,NYSE:LEN.B,0.370,,
NASDAQ:LENZ,15 May 2025,$26.93,3,$47.14,9,5.00,$5.30,408.17%,,,,$0.00,-100.00%,$0.13,-97.55%,$0.06,-98.88%,LENZ,NASDAQ:LENZ,-1.000,$32.00,47.31%
NYSEAMERICAN:LEU,23 Dec 2025,$221.63,3,$289.10,9,,$176.93,25.26%,,,,,-100.00%,-$2.00,-101.13%,-$2.00,-101.13%,LEU,NYSE:LEU,-2.000,,
NASDAQ:LFUS,30 Jan 2026,$287.28,3,$366.67,8,2.34,$442.13,-35.02%,,,,$409.72,-7.33%,$515.87,16.68%,$586.72,32.70%,LFUS,NASDAQ:LFUS,-0.112,$482.50,-24.01%
NASDAQ:LFVN,16 Sep 2025,$9.29,3,,,,$6.43,44.48%,,,,,-100.00%,-$2.00,-131.10%,-$2.00,-131.10%,LFVN,NASDAQ:LFVN,-2.000,,
NASDAQ:LFWD,4 Dec 2025,$1.24,3,$4.50,,,$7.22,-82.80%,,,,,-100.00%,-$2.00,-127.70%,-$2.00,-127.70%,LFWD,NASDAQ:LFWD,-2.000,,
NASDAQ:LGHL,1 Sep 2025,$2.89,3,,,,$0.92,214.35%,,,,,-100.00%,-$2.00,-317.39%,-$2.00,-317.39%,LGHL,NASDAQ:LGHL,-2.000,,
NASDAQ:LGIH,10 Apr 2026,$71.78,3,$38.00,3,5.00,$54.57,-30.36%,,,,$0.00,-100.00%,$26.12,-52.13%,$27.58,-49.45%,LGIH,NASDAQ:LGIH,-1.000,$93.00,-59.14%
NYSE:LH,19 May 2025,$246.54,3,$276.82,5,2.08,$309.20,-20.27%,,,,$308.76,-0.14%,$250.80,-18.89%,$331.92,7.35%,LH,NYSE:LH,-0.211,$312.35,-11.38%
NASDAQ:LI,15 Dec 2025,$17.08,1,,1,,$13.63,25.31%,,,,,-100.00%,-$2.00,-114.67%,-$2.00,-114.67%,LI,NASDAQ:LI,-2.000,,
NASDAQ:LIF,22 Jan 2026,$44.97,2,$89.23,1,3.94,$54.05,-16.81%,,,,$0.00,-100.00%,$63.41,17.32%,$66.57,23.16%,LIF,NASDAQ:LIF,-1.000,$64.21,38.97%
NYSE:LII,26 Aug 2025,$486.80,1,,,2.24,$415.88,17.05%,,,,$431.54,3.77%,$773.72,86.04%,$821.17,97.45%,LII,NYSE:LII,-0.222,$576.46,
NASDAQ:LIN,8 Jul 2024,$400.00,0,,,,$478.38,-16.38%,,,,,-100.00%,-$2.00,-100.42%,-$2.00,-100.42%,LIN,NASDAQ:LIN,-2.000,,
NASDAQ:LITE,2 Feb 2026,$174.97,1,,,5.00,$713.94,-75.49%,,,,$0.00,-100.00%,$624.20,-12.57%,$667.89,-6.45%,LITE,NASDAQ:LITE,-1.000,"$1,104.89",
NASDAQ:LIVN,11 Dec 2025,$69.34,3,$65.83,9,3.29,$80.14,-17.86%,,,,$0.00,-100.00%,$73.21,-8.65%,$87.36,9.01%,LIVN,NASDAQ:LIVN,-1.000,$84.80,-22.37%
NASDAQ:LKFN,19 Nov 2025,$61.67,3,,,2.65,$62.65,-1.56%,,,,$65.15,3.99%,$0.00,-100.00%,$0.00,-100.00%,LKFN,NASDAQ:LKFN,0.029,$66.50,
NASDAQ:LKQ,15 May 2025,$47.72,5,$53.00,8,2.82,$22.45,112.56%,,,,$27.23,21.29%,$31.05,38.30%,$6.21,-72.34%,LKQ,NASDAQ:LKQ,0.029,$39.50,34.18%
NYSE:LMT,23 Dec 2025,$488.93,3,$524.93,7,2.84,$582.74,-16.10%,,,,$597.81,2.59%,$0.00,-100.00%,$0.00,-100.00%,LMT,NYSE:LMT,0.113,$628.21,-16.44%
NYSE:LOB,18 Nov 2025,$45.74,3,$42.50,4,0.83,$42.80,-0.70%,,,,$41.41,-3.25%,$0.00,-100.00%,$0.00,-100.00%,LOB,NYSE:LOB,-0.780,$46.00,-7.61%
NYSE:LOMA,16 Dec 2025,$12.58,3,,7,4.40,$11.48,9.58%,,,,$0.00,-100.00%,$19.22,67.41%,$26.87,134.10%,LOMA,NYSE:LOMA,-1.000,$14.70,
NASDAQ:LOVE,30 Aug 2023,$33.25,3,,,5.00,$16.09,106.63%,,,,$0.00,-100.00%,$76.82,377.47%,$74.18,361.06%,LOVE,NASDAQ:LOVE,-1.000,$24.17,
NASDAQ:LPRO,23 Aug 2025,$2.92,3,$2.58,2,2.65,$3.14,-17.83%,,,,$0.00,-100.00%,$7.66,143.86%,$7.85,149.87%,LPRO,NASDAQ:LPRO,-1.000,$2.92,-11.64%
NASDAQ:LPTH,29 Jan 2026,$6.12,3,$12.67,8,0.86,$10.37,-40.98%,,,,$9.07,-12.54%,$10.45,0.79%,$10.51,1.35%,LPTH,NASDAQ:LPTH,-0.839,$15.97,-20.66%
NYSE:LPX,9 May 2025,$89.40,3,,,2.79,$72.43,23.42%,,,,$77.69,7.26%,$107.79,48.81%,$119.47,64.94%,LPX,NYSE:LPX,0.043,$93.31,
NASDAQ:LQDT,23 Dec 2025,$37.03,4,$41.00,3,3.64,$38.98,-5.00%,,,,$0.00,-100.00%,$68.88,76.69%,$72.24,85.33%,LQDT,NASDAQ:LQDT,-1.000,$44.00,-6.82%
NASDAQ:LRCX,17 Jul 2024,$725.21,1,,,2.81,$293.02,147.49%,,,,$278.00,-5.13%,$294.02,0.34%,$300.01,2.39%,LRCX,NASDAQ:LRCX,0.054,$372.32,
NASDAQ:LSCC,19 Jan 2026,$69.35,1,$83.73,10,3.97,$124.27,-44.19%,,,,$0.00,-100.00%,$124.02,-0.20%,$126.65,1.92%,LSCC,NASDAQ:LSCC,-1.000,$148.33,-43.55%
NYSE:LSPD,11 Sep 2025,$13.68,3,$15.02,6,3.31,$10.11,35.32%,,,,$0.00,-100.00%,$15.66,54.86%,$21.33,110.97%,LSPD,NYSE:LSPD,-1.000,$10.73,39.98%
NASDAQ:LTBR,25 Aug 2025,$13.94,3,,,,$8.24,69.15%,,,,,-100.00%,-$2.00,-124.27%,-$2.00,-124.27%,LTBR,NASDAQ:LTBR,-2.000,,
NYSE:LTH,15 Aug 2025,$22.60,2,,,3.16,$45.10,-49.88%,,,,$0.00,-100.00%,$33.17,-26.46%,$31.84,-29.39%,LTH,NYSE:LTH,-1.000,$46.57,
NASDAQ:LTRX,5 Feb 2026,$7.76,3,$7.88,9,5.00,$5.38,44.31%,,,,$0.00,-100.00%,$7.55,40.28%,$8.67,61.12%,LTRX,NASDAQ:LTRX,-1.000,$10.33,-23.72%
NYSE:LU,1 Sep 2025,$3.43,3,,4,1.55,$1.56,119.62%,,,,$1.50,-3.85%,$0.00,-100.00%,$0.00,-100.00%,LU,NYSE:LU,-0.535,$2.69,
NASDAQ:LUNG,4 Dec 2025,$3.40,3,$4.10,1,,$1.63,108.59%,,,,,-100.00%,-$2.00,-222.70%,-$2.00,-222.70%,LUNG,NASDAQ:LUNG,-2.000,,
NYSE:LUXE,26 Mar 2026,$9.82,3,,,3.50,$8.15,20.43%,,,,$0.00,-100.00%,$16.63,103.99%,$19.04,133.61%,LUXE,NYSE:LUXE,-1.000,$8.97,
NASDAQ:LWAY,27 Aug 2025,$25.66,2,,,0.69,$29.78,-13.83%,,,,$30.10,1.07%,$43.17,44.97%,$46.76,57.01%,LWAY,NASDAQ:LWAY,-0.861,$34.50,
NASDAQ:LX,9 Sep 2025,$5.80,3,,7,,$1.46,297.26%,,,,,-100.00%,-$2.00,-236.99%,-$2.00,-236.99%,LX,NASDAQ:LX,-2.000,,
NYSE:LXFR,11 Nov 2025,$12.33,3,,5,2.79,$17.03,-27.63%,,,,$17.60,3.35%,$25.23,48.14%,$28.51,67.40%,LXFR,NYSE:LXFR,0.073,$19.50,
NYSE:LXU,22 Jan 2026,$9.49,3,$10.38,3,0.89,$10.88,-12.78%,,,,$11.25,3.40%,$17.26,58.60%,$28.35,160.60%,LXU,NYSE:LXU,-0.797,$13.70,-24.23%
NYSE:LYG,10 Mar 2026,$4.90,3,,5,3.24,$6.17,-20.58%,,,,$6.13,-0.65%,-$53.04,-959.60%,-$57.36,-1029.70%,LYG,NYSE:LYG,0.305,$6.18,
NASDAQ:LYTS,5 Feb 2026,$23.01,3,$29.33,7,3.34,$23.39,-1.63%,,,,$24.30,3.89%,$18.46,-21.07%,$21.93,-6.23%,LYTS,NASDAQ:LYTS,0.285,$30.33,-3.30%
NYSE:LZM,28 Oct 2025,$7.28,3,$8.00,6,,$3.39,114.75%,,,,,-100.00%,-$2.00,-159.00%,-$2.00,-159.00%,LZM,NYSE:LZM,-2.000,,
NYSE:M,17 Nov 2023,$28.11,3,,,3.58,$24.82,13.27%,,,,$25.80,3.95%,$15.36,-38.11%,$34.30,38.21%,M,NYSE:M,0.478,$22.77,
NYSE:MAA,18 Sep 2025,$156.08,4,$158.89,4,2.32,$132.34,17.94%,,,,$137.56,3.94%,$102.61,-22.47%,$155.99,17.87%,MAA,NYSE:MAA,-0.118,$143.08,11.05%
NASDAQ:MAPS,9 Feb 2026,$1.32,3,,2,,#N/A,#N/A,,,,,#N/A,-$2.00,#N/A,-$2.00,#N/A,MAPS,NASDAQ:MAPS,-2.000,,
NASDAQ:MAR,23 Dec 2025,$276.62,2,$301.75,6,2.38,$372.83,-25.80%,,,,$380.31,2.01%,$365.00,-2.10%,$387.37,3.90%,MAR,NASDAQ:MAR,-0.084,$384.83,-21.59%
NYSE:MAS,9 Apr 2026,$74.88,5,$77.30,2,3.01,$71.48,4.76%,,,,$77.51,8.44%,$118.24,65.41%,$126.08,76.39%,MAS,NYSE:MAS,0.174,$81.82,-5.52%
NASDAQ:MASI,11 Dec 2025,$144.64,3,$188.40,8,,#N/A,#N/A,,,,,#N/A,-$2.00,#N/A,-$2.00,#N/A,MASI,NASDAQ:MASI,-2.000,,
NASDAQ:MASS,16 Dec 2025,$6.35,3,$8.00,6,4.87,$8.01,-20.72%,,,,$0.00,-100.00%,$7.19,-10.25%,$8.24,2.84%,MASS,NASDAQ:MASS,-1.000,$11.00,-27.27%
NASDAQ:MAT,18 May 2026,$22.83,3,$16.20,6,4.07,$15.09,7.36%,,,,$0.00,-100.00%,$85.21,464.70%,$86.19,471.20%,MAT,NASDAQ:MAT,-1.000,$18.31,-11.52%
NASDAQ:MATW,12 Jun 2025,$31.87,5,,6,2.65,$27.75,14.83%,,,,$28.70,3.42%,$19.59,-29.40%,$44.77,61.33%,MATW,NASDAQ:MATW,-0.040,$38.00,
NYSE:MATX,24 May 2026,$189.11,3,$213.00,6,2.76,$202.59,-6.65%,,,,$207.70,2.52%,$212.57,4.93%,$309.85,52.94%,MATX,NYSE:MATX,0.050,$241.67,-11.86%
NYSE:MAX,23 Aug 2025,$13.82,3,$15.83,3,3.59,$12.38,11.61%,,,,$0.00,-100.00%,$19.40,56.67%,$19.67,58.87%,MAX,NYSE:MAX,-1.000,$13.83,14.46%
NYSE:MBC,24 Dec 2024,$17.00,4,$23.00,4,3.55,$8.25,106.01%,,,,$0.00,-100.00%,$19.99,142.30%,$27.87,237.81%,MBC,NYSE:MBC,-1.000,$9.15,151.37%
NYSE:MBI,3 Jan 2025,$6.33,3,$6.75,2,5.00,$5.12,23.65%,,,,$0.00,-100.00%,-$64.90,-1367.54%,-$64.90,-1367.54%,MBI,NYSE:MBI,-1.000,$7.25,-6.90%
NASDAQ:MBIN,16 Mar 2026,$47.75,3,$48.50,4,2.81,$55.18,-13.46%,,,,$57.94,5.00%,-$226.40,-510.29%,-$225.72,-509.05%,MBIN,NASDAQ:MBIN,0.125,$53.50,-9.35%
NASDAQ:MBWM,24 Mar 2026,$55.58,3,$56.00,6,2.66,$60.08,-7.49%,,,,$62.83,4.58%,$0.00,-100.00%,$0.00,-100.00%,MBWM,NASDAQ:MBWM,0.039,$63.17,-11.35%
NYSE:MC,24 Oct 2025,$64.64,3,,,2.65,$67.08,-3.64%,,,,$69.22,3.19%,$202.25,201.51%,$204.58,204.97%,MC,NYSE:MC,0.030,$71.50,
NYSE:MCB,18 Nov 2025,$66.26,3,$88.00,4,0.56,$92.48,-28.35%,,,,$85.99,-7.02%,$0.00,-100.00%,$0.00,-100.00%,MCB,NYSE:MCB,-0.916,$106.00,-16.98%
NASDAQ:MCBS,24 Oct 2025,$30.06,3,$31.00,4,2.90,$35.38,-15.04%,,,,$36.86,4.18%,$0.00,-100.00%,$0.00,-100.00%,MCBS,NASDAQ:MCBS,0.139,$38.00,-18.42%
NYSE:MCD,18 Sep 2025,$295.53,3,$322.80,8,,$270.64,9.20%,,,,,-100.00%,-$2.00,-100.74%,-$2.00,-100.74%,MCD,NYSE:MCD,-2.000,,
NASDAQ:MCHP,27 Jan 2026,$69.09,2,$81.39,8,3.24,$74.29,-7.00%,,,,$77.47,4.28%,$77.11,3.80%,$90.03,21.19%,MCHP,NASDAQ:MCHP,0.217,$113.08,-28.02%
NYSE:MCK,23 Aug 2024,$496.23,2,,,1.08,$856.19,-42.04%,,,,$879.11,2.68%,"$1,894.51",121.27%,"$2,000.41",133.64%,MCK,NYSE:MCK,-0.675,$945.47,
NYSE:MCO,16 Sep 2025,$491.12,3,,,2.06,$478.38,2.66%,,,,$484.37,1.25%,$681.96,42.56%,$729.27,52.45%,MCO,NYSE:MCO,-0.253,$557.14,
NYSE:MD,2 May 2025,$17.20,4,$18.10,6,2.62,$26.51,-35.12%,,,,$0.00,-100.00%,$88.34,233.22%,$94.23,255.45%,MD,NYSE:MD,-1.000,$24.50,-26.12%
NYSE:MDT,14 Jan 2026,$99.63,3,$111.63,6,2.14,$85.39,16.68%,,,,$87.05,1.94%,$157.00,83.86%,$189.94,122.43%,MDT,NYSE:MDT,-0.214,$98.44,13.40%
NASDAQ:MDWD,1 Sep 2025,$18.47,3,$30.00,4,5.00,$14.12,30.81%,,,,$0.00,-100.00%,$10.56,-25.20%,$10.87,-23.01%,MDWD,NASDAQ:MDWD,-1.000,$30.17,-0.56%
NYSE:MED,23 Dec 2025,$14.30,3,,4,4.10,$9.83,45.52%,,,,$0.00,-100.00%,$72.76,640.19%,$32.27,228.24%,MED,NYSE:MED,-1.000,$12.00,
NYSE:MEI,19 Mar 2025,$11.38,3,$11.50,4,3.54,$13.99,-18.63%,,,,$15.13,8.15%,$15.18,8.49%,$18.21,30.16%,MEI,NYSE:MEI,0.355,$19.33,-40.51%
NASDAQ:MELI,29 Aug 2025,"$2,075.00",2,,,3.90,"$1,877.95",10.49%,,,,$0.00,-100.00%,"$2,928.19",55.92%,"$3,231.85",72.09%,MELI,NASDAQ:MELI,-1.000,"$2,214.88",
NASDAQ:MERC,9 Apr 2025,$9.51,3,$7.00,5,,$0.63,1011.11%,,,,,-100.00%,-$2.00,-417.46%,-$2.00,-417.46%,MERC,NASDAQ:MERC,-2.000,,
NASDAQ:MESO,11 Dec 2025,$18.44,3,,,,$14.17,30.13%,,,,,-100.00%,-$2.00,-114.11%,-$2.00,-114.11%,MESO,NASDAQ:MESO,-2.000,,
NASDAQ:META,19 Jul 2024,$436.35,2,,,1.51,$556.71,-21.62%,,,,$580.08,4.20%,$922.58,65.72%,"$1,093.99",96.51%,META,NASDAQ:META,-0.553,$824.68,
NASDAQ:METC,16 Jun 2025,$18.15,3,$13.00,2,3.65,$9.17,41.77%,,,,$10.22,11.45%,$16.61,81.19%,$31.78,246.53%,METC,NASDAQ:METC,0.401,$26.12,-50.23%
NYSE:MFG,19 Nov 2025,$6.09,2,,,2.94,$10.44,-41.67%,,,,$10.23,-2.01%,-$97.29,-1031.89%,-$96.96,-1028.69%,MFG,NYSE:MFG,0.173,$10.48,
NASDAQ:MGEE,29 Jan 2025,$79.73,3,$76.50,7,3.02,$79.53,-3.81%,,,,$84.29,5.99%,$64.73,-18.61%,$49.74,-37.45%,MGEE,NASDAQ:MGEE,0.214,$77.25,-0.97%
NASDAQ:MGNX,23 Dec 2025,$2.57,3,$3.00,2,5.00,$3.69,-30.23%,,,,$0.00,-100.00%,$21.42,480.44%,$14.55,294.21%,MGNX,NASDAQ:MGNX,-1.000,$6.75,-55.56%
NASDAQ:MGPI,19 Jun 2025,$49.20,3,$38.50,6,2.37,$17.70,117.51%,,,,$18.98,7.23%,$9.31,-47.38%,$24.04,35.80%,MGPI,NASDAQ:MGPI,-0.171,$27.40,40.51%
NYSE:MGY,27 Jan 2026,$27.84,4,$26.85,6,3.18,$25.71,4.43%,,,,$25.59,-0.47%,$33.07,28.62%,$51.49,100.29%,MGY,NYSE:MGY,0.220,$32.82,-18.19%
NYSE:MHO,18 Mar 2026,$159.41,5,$165.00,4,3.59,$146.13,9.09%,,,,$0.00,-100.00%,$300.12,105.38%,$306.66,109.85%,MHO,NYSE:MHO,-1.000,$163.33,1.02%
NASDAQ:MIDD,28 Apr 2026,$161.75,5,$180.00,6,4.08,$133.58,21.08%,,,,$140.21,4.96%,$154.10,15.36%,$183.97,37.72%,MIDD,NASDAQ:MIDD,0.628,$165.50,8.76%
NYSE:MIR,19 Nov 2025,$18.40,2,$31.83,9,5.00,$14.98,22.81%,,,,$0.00,-100.00%,$11.83,-21.01%,$20.53,37.08%,MIR,NYSE:MIR,-1.000,$27.40,16.17%
NASDAQ:MITK,27 Jan 2026,$157.37,5,$14.67,9,3.54,$16.70,-12.16%,,,,$0.00,-100.00%,$32.75,96.14%,$19.26,15.33%,MITK,NASDAQ:MITK,-1.000,$18.50,-20.70%
NYSE:MKC,23 Dec 2025,$74.06,5,$78.11,5,2.47,$50.90,45.51%,,,,$51.59,1.36%,$100.60,97.64%,$119.05,133.89%,MKC,NYSE:MKC,-0.079,$60.62,28.85%
NASDAQ:MKSI,30 Jan 2026,$186.47,1,$225.25,10,2.54,$297.45,-37.31%,,,,$280.42,-5.73%,$243.15,-18.25%,$327.09,9.96%,MKSI,NASDAQ:MKSI,-0.090,$412.31,-45.37%
NASDAQ:MKTX,23 Aug 2025,$211.29,4,$232.14,4,2.06,$162.30,30.19%,,,,$122.61,-24.45%,$278.71,71.72%,$316.59,95.06%,MKTX,NASDAQ:MKTX,-0.204,$153.73,51.01%
NASDAQ:MLKN,20 Sep 2024,$28.93,3,,,3.20,$22.52,28.47%,,,,$24.03,6.71%,$33.90,50.53%,$19.09,-15.24%,MLKN,NASDAQ:MLKN,0.202,$35.00,
NYSE:MNR,22 Jan 2026,$25.78,3,$20.00,7,3.68,$13.64,46.63%,,,,$13.90,1.91%,$20.55,50.63%,$41.40,203.51%,MNR,NYSE:MNR,0.430,$18.00,11.11%
NASDAQ:MNRO,6 Jun 2025,$30.40,3,$17.67,8,3.67,$12.25,44.24%,,,,$16.51,34.78%,-$10.55,-186.12%,$28.49,132.58%,MNRO,NASDAQ:MNRO,0.411,$23.38,-24.42%
NYSE:MNSO,1 Sep 2025,$24.84,3,$26.94,8,1.85,$13.00,91.05%,,,,$12.94,-0.46%,$43.17,232.05%,$43.17,232.05%,MNSO,NYSE:MNSO,-0.401,$19.94,35.11%
NYSE:MO,17 Mar 2026,$65.79,3,$68.00,4,3.55,$68.33,-3.71%,,,,$78.14,14.36%,$142.38,108.36%,$144.68,111.73%,MO,NYSE:MO,0.435,$70.64,-3.74%
NASDAQ:MOFG,2 Oct 2025,$33.83,3,$34.50,5,,#N/A,#N/A,,,,,#N/A,-$2.00,#N/A,-$2.00,#N/A,MOFG,NASDAQ:MOFG,-2.000,,
NYSE:MOS,23 Dec 2025,$27.76,5,$33.54,7,2.22,$22.12,25.48%,,,,$22.51,1.76%,$16.97,-23.28%,$0.06,-99.75%,MOS,NYSE:MOS,-0.200,$27.45,22.19%
NYSE:MOV,26 Mar 2026,$28.60,4,$30.75,7,3.24,$38.18,-25.10%,,,,$39.11,2.44%,$55.94,46.51%,$61.70,61.60%,MOV,NYSE:MOV,0.251,$47.50,-35.26%
NASDAQ:MPB,19 Mar 2026,$32.84,3,$37.00,7,2.65,$38.34,-14.35%,,,,$39.47,2.95%,$0.00,-100.00%,$0.00,-100.00%,MPB,NASDAQ:MPB,0.031,$40.33,-8.26%
NYSE:MPLX,16 Jun 2026,$55.67,1,,,3.76,$58.45,-4.76%,,,,$61.96,6.01%,$84.43,44.45%,$107.33,83.63%,MPLX,NYSE:MPLX,0.530,$60.86,
NYSEAMERICAN:MPTI,11 Feb 2026,$62.49,,,6,,$82.38,-24.14%,,,,,-100.00%,-$2.00,-102.43%,-$2.00,-102.43%,MPTI,NYSEAMERICAN:MPTI,-2.000,,
NASDAQ:MPWR,26 Jan 2026,$897.84,2,,,1.79,"$1,426.03",-37.04%,,,,"$1,243.15",-12.82%,"$1,491.08",4.56%,"$1,510.58",5.93%,MPWR,NASDAQ:MPWR,-0.394,"$1,776.92",
NASDAQ:MRAM,19 Jan 2026,$10.62,3,$10.50,8,,$14.53,-27.74%,,,,,-100.00%,-$2.00,-113.76%,-$2.00,-113.76%,MRAM,NASDAQ:MRAM,-2.000,,
NASDAQ:MRVL,15 Jan 2026,$93.91,4,$119.56,10,1.25,$187.56,-49.93%,,,,$161.46,-13.92%,$184.36,-1.71%,$203.23,8.36%,MRVL,NASDAQ:MRVL,-0.661,$256.91,-53.46%
NASDAQ:MRX,10 Sep 2025,$29.58,2,,,3.47,$64.92,-54.44%,,,,$66.25,2.05%,-$35.93,-155.34%,-$27.27,-142.01%,MRX,NASDAQ:MRX,0.382,$72.38,
NYSE:MS,27 Aug 2025,$131.18,2,,,3.40,$210.42,-37.66%,,,,$217.86,3.54%,$0.00,-100.00%,$0.00,-100.00%,MS,NYSE:MS,0.349,$236.38,
NYSE:MSB,1 Sep 2025,$30.89,1,,,2.54,$21.99,40.47%,,,,$22.64,2.96%,"$831,221.49",3779897.66%,"$831,221.49",3779897.66%,MSB,NYSE:MSB,-0.096,$33.00,
NASDAQ:MSBI,2 Oct 2025,$21.79,3,$20.67,3,3.85,$33.67,-38.61%,,,,$35.30,4.84%,$0.00,-100.00%,$0.00,-100.00%,MSBI,NASDAQ:MSBI,0.580,$33.25,-37.83%
NYSE:MSCI,24 Oct 2025,$568.24,3,,,2.68,$572.24,-0.70%,,,,$598.98,4.67%,$797.50,39.36%,$839.32,46.67%,MSCI,NYSE:MSCI,0.012,$692.06,
NASDAQ:MSFT,26 Jan 2026,$49.22,3,,,2.33,$464.72,-89.41%,,,,$392.91,-15.45%,$500.73,7.75%,$587.68,26.46%,MSFT,NASDAQ:MSFT,-0.142,$557.25,
NYSE:MSI,2 Feb 2026,$451.69,3,$462.25,8,2.82,$435.75,3.66%,,,,$449.49,3.15%,$506.54,16.25%,$560.78,28.69%,MSI,NYSE:MSI,0.085,$507.00,-8.83%
NASDAQ:MSTR,9 Feb 2026,$240.05,3,$361.73,4,5.00,$93.28,157.35%,,,,$0.00,-100.00%,-$37.97,-140.71%,-$36.44,-139.07%,MSTR,NASDAQ:MSTR,-1.000,$303.64,19.13%
NYSE:MT,29 Apr 2026,$53.35,2,$66.60,9,2.60,$70.14,-23.93%,,,,$68.46,-2.40%,$56.13,-19.97%,$89.26,27.26%,MT,NYSE:MT,0.021,$70.05,-4.93%
NYSE:MTB,20 Oct 2025,$182.98,3,$219.71,4,2.77,$246.29,-25.71%,,,,$257.35,4.49%,$0.00,-100.00%,$0.00,-100.00%,MTB,NYSE:MTB,0.089,$255.03,-13.85%
NYSE:MTDR,19 Aug 2025,$64.64,3,$62.88,4,3.15,$49.89,26.04%,,,,$50.08,0.38%,$7.15,-85.67%,$95.96,92.34%,MTDR,NYSE:MTDR,0.182,$69.37,-9.36%
NYSE:MTG,16 Jul 2024,$24.62,3,,,2.63,$30.04,-18.05%,,,,$31.54,4.99%,$65.93,119.47%,$66.30,120.70%,MTG,NYSE:MTG,0.046,$28.80,
NASDAQ:MTRX,23 Jan 2026,$15.94,3,,1,5.00,$11.60,37.38%,,,,$0.00,-100.00%,$42.29,264.55%,$45.30,290.52%,MTRX,NASDAQ:MTRX,-1.000,$20.00,
NASDAQ:MTSI,27 Jan 2026,$193.58,2,$204.75,8,5.00,$251.44,-23.01%,,,,$0.00,-100.00%,$252.24,0.32%,$260.27,3.51%,MTSI,NASDAQ:MTSI,-1.000,$400.92,-48.93%
NYSE:MTW,20 Sep 2024,$13.92,3,,,0.79,$13.85,0.51%,,,,$13.43,-3.03%,$4.86,-64.90%,$26.21,89.22%,MTW,NYSE:MTW,-0.726,$10.50,
NYSE:MTZ,4 Sep 2024,$99.99,3,,,5.00,$263.10,-61.99%,,,,$0.00,-100.00%,$223.40,-15.09%,$304.86,15.87%,MTZ,NYSE:MTZ,-1.000,$505.25,
NYSE:MUFG,21 Oct 2025,$13.65,3,,10,,$22.45,-39.20%,,,,,-100.00%,-$2.00,-108.91%,-$2.00,-108.91%,MUFG,NYSE:MUFG,-2.000,,
NYSE:MUX,20 Aug 2025,$12.92,3,$15.83,6,5.00,$17.29,-25.26%,,,,$0.00,-100.00%,$15.24,-11.84%,$16.00,-7.48%,MUX,NYSE:MUX,-1.000,$31.70,-50.06%
NASDAQ:MVIS,5 Feb 2026,$1.11,4,,1,5.00,$0.27,312.63%,,,,$0.00,-100.00%,-$0.31,-213.83%,-$0.26,-195.39%,MVIS,NASDAQ:MVIS,-1.000,$2.00,
NYSE:MWA,13 Nov 2025,$22.51,2,$27.20,1,2.47,$25.24,-10.83%,,,,$25.29,0.20%,$44.20,75.13%,$50.10,98.51%,MWA,NYSE:MWA,-0.087,$31.00,-12.26%
NYSE:MX,9 Feb 2026,$4.11,3,,3,,$3.26,26.07%,,,,,-100.00%,-$2.00,-161.35%,-$2.00,-161.35%,MX,NYSE:MX,-2.000,,
NASDAQ:MXCT,23 Dec 2025,$2.30,3,$6.84,,5.00,$1.05,118.67%,,,,$0.00,-100.00%,$0.19,-81.80%,$0.87,-16.79%,MXCT,NASDAQ:MXCT,-1.000,$4.11,66.42%
NASDAQ:MXL,19 Jan 2026,$27.04,4,$22.00,4,5.00,$66.82,-67.08%,,,,$0.00,-100.00%,$54.20,-18.88%,$59.55,-10.88%,MXL,NASDAQ:MXL,-1.000,$94.55,-76.73%
NYSEAMERICAN:MYO,16 Dec 2025,$1.00,1,,,,$1.01,-0.99%,,,,,-100.00%,-$2.00,-298.02%,-$2.00,-298.02%,MYO,NYSEAMERICAN:MYO,-2.000,,
NASDAQ:MYRG,25 Sep 2024,$129.33,3,,,0.83,$333.22,-61.19%,,,,$308.56,-7.40%,$530.30,59.15%,$604.81,81.50%,MYRG,NASDAQ:MYRG,-0.840,$445.50,
NYSE:NABL,5 Feb 2026,$8.30,3,$9.65,5,5.00,$4.68,77.27%,,,,$0.00,-100.00%,$5.74,22.75%,$8.63,84.49%,NABL,NYSE:NABL,-1.000,$6.85,40.88%
NYSEAMERICAN:NAK,3 Sep 2025,$1.18,,$2.50,4,,$1.40,-15.71%,,,,,-100.00%,-$2.00,-242.86%,-$2.00,-242.86%,NAK,NYSEAMERICAN:NAK,-2.000,,
NASDAQ:NAVI,23 Aug 2025,$18.59,4,$13.20,6,3.21,$8.39,57.33%,,,,$9.08,8.22%,-$394.53,-4802.40%,-$386.23,-4703.45%,NAVI,NASDAQ:NAVI,0.275,$9.06,45.70%
NASDAQ:NB,12 Aug 2025,$5.09,3,,,5.00,$4.26,19.39%,,,,$0.00,-100.00%,$6.00,40.82%,$6.00,40.84%,NB,NASDAQ:NB,-1.000,$11.72,
NASDAQ:NBBK,28 Nov 2025,$21.28,3,$22.00,9,3.54,$23.01,-7.52%,,,,$0.00,-100.00%,$0.00,-100.00%,$0.00,-100.00%,NBBK,NASDAQ:NBBK,-1.000,$25.50,-13.73%
NYSE:NBHC,6 Oct 2025,$47.71,4,$44.75,5,3.20,$43.19,3.61%,,,,$44.21,2.36%,$0.00,-100.00%,$0.00,-100.00%,NBHC,NYSE:NBHC,0.262,$48.50,-7.73%
NASDAQ:NBN,27 May 2026,$126.48,3,$130.50,8,0.46,$124.17,1.86%,,,,$115.68,-6.84%,-$302.60,-343.70%,-$296.56,-338.84%,NBN,NASDAQ:NBN,-0.958,$140.50,-7.12%
NASDAQ:NBTB,2 Oct 2025,$49.04,3,$50.67,4,2.45,$52.65,-6.86%,,,,$53.16,0.97%,$0.00,-100.00%,$0.00,-100.00%,NBTB,NASDAQ:NBTB,-0.040,$51.42,-1.46%
NASDAQ:NCNA,7 Jul 2025,$0.15,3,,,,$1.32,-89.02%,,,,,-100.00%,-$2.00,-251.52%,-$2.00,-251.52%,NCNA,NASDAQ:NCNA,-2.000,,
NASDAQ:NECB,2 Oct 2025,$25.63,3,$25.00,2,2.61,$26.70,-6.37%,,,,$27.26,2.10%,-$37.90,-241.96%,-$36.50,-236.70%,NECB,NASDAQ:NECB,0.000,$29.75,-15.97%
NYSE:NEM,21 Jul 2025,$58.12,3,$67.81,10,3.01,$93.71,-37.98%,,,,$95.03,1.41%,$174.77,86.50%,$323.88,245.62%,NEM,NYSE:NEM,0.122,$129.27,-47.54%
NASDAQ:NEO,2 Sep 2025,$7.13,3,$9.83,6,3.49,$15.29,-53.35%,,,,$0.00,-100.00%,$13.36,-12.63%,$14.02,-8.28%,NEO,NASDAQ:NEO,-1.000,$16.78,-41.42%
NYSE:NET,22 Jan 2026,$169.89,3,$246.25,6,2.70,$278.98,-39.10%,,,,$0.00,-100.00%,$268.18,-3.87%,$275.02,-1.42%,NET,NYSE:NET,-1.000,$262.26,-6.10%
NASDAQ:NEWT,19 Nov 2025,$11.21,4,$14.38,4,3.76,$14.83,-24.41%,,,,$15.53,4.72%,$0.00,-100.00%,$0.00,-100.00%,NEWT,NASDAQ:NEWT,0.500,$17.20,-16.40%
NASDAQ:NFLX,8 Jul 2024,$571.61,2,,,4.58,$71.71,697.11%,,,,$0.00,-100.00%,$92.70,29.27%,$161.89,125.75%,NFLX,NASDAQ:NFLX,-1.000,$94.33,
NYSE:NGG,19 Sep 2025,$70.94,3,$78.00,8,,$79.97,-11.30%,,,,,-100.00%,-$2.00,-102.50%,-$2.00,-102.50%,NGG,NYSE:NGG,-2.000,,
NYSE:NGL,22 Jan 2026,$10.10,1,,,0.74,$16.39,-38.38%,,,,$14.82,-9.58%,$10.63,-35.12%,$37.04,125.97%,NGL,NYSE:NGL,-0.716,$5.00,
NYSE:NGVC,20 Mar 2026,$44.77,3,,4,2.04,$32.06,39.63%,,,,$32.39,1.03%,$22.91,-28.55%,$46.16,43.97%,NGVC,NYSE:NGVC,-0.314,$46.33,
NYSE:NGVT,2 Oct 2025,$58.97,4,$60.67,7,0.71,$73.11,-19.34%,,,,$68.85,-5.83%,$92.07,25.93%,$57.38,-21.51%,NGVT,NYSE:NGVT,-0.868,$89.00,-31.83%
NYSE:NIC,2 Oct 2025,$118.87,3,$139.67,4,2.11,$170.92,-30.45%,,,,$171.13,0.12%,$0.00,-100.00%,$0.00,-100.00%,NIC,NYSE:NIC,-0.222,$191.80,-27.18%
NASDAQ:NICE,11 Feb 2026,$180.97,3,$158.57,6,4.35,$98.79,60.51%,,,,$0.00,-100.00%,$275.43,178.80%,$342.86,247.06%,NICE,NASDAQ:NICE,-1.000,$125.46,26.39%
NYSE:NIO,15 Dec 2025,$5.32,3,$6.36,6,,$4.88,9.04%,,,,,-100.00%,-$2.00,-140.98%,-$2.00,-140.98%,NIO,NYSE:NIO,-2.000,,
NASDAQ:NIU,15 Dec 2025,$4.01,4,,5,,$2.59,54.88%,,,,,-100.00%,-$2.00,-177.22%,-$2.00,-177.22%,NIU,NASDAQ:NIU,-2.000,,
NYSE:NKE,26 Mar 2026,$81.79,5,$73.31,3,3.14,$41.71,75.76%,,,,$44.63,7.00%,$63.95,53.33%,$70.40,68.80%,NKE,NYSE:NKE,0.212,$51.12,43.41%
NYSE:NLOP,23 Jul 2026,$12.12,3,,6,4.80,$11.70,3.55%,3.55%,$12.12,$46.00,$12.78,9.23%,$48.11,311.22%,$68.20,482.87%,NLOP,NYSE:NLOP,0.909,$46.00,
NASDAQ:NMFC,10 Jun 2024,$13.42,3,,,3.65,$6.89,94.78%,,,,$7.30,5.95%,$175.25,2443.51%,$194.64,2724.98%,NMFC,NASDAQ:NMFC,0.437,$8.54,
NASDAQ:NMIH,6 Mar 2024,$30.63,3,,,2.34,$44.30,-30.85%,,,,$44.22,-0.18%,"-$16,668.63",-37726.70%,"-$16,666.42",-37721.72%,NMIH,NASDAQ:NMIH,-0.109,$47.00,
NYSE:NMM,5 Mar 2026,$85.02,4,,,1.93,$80.76,5.27%,,,,$78.10,-3.29%,$46.60,-42.30%,$149.80,85.49%,NMM,NYSE:NMM,-0.308,$92.75,
NYSE:NMR,15 Oct 2025,$6.87,3,,7,3.50,$9.68,-29.03%,,,,$10.15,4.86%,"$3,270.57",33686.87%,"$3,480.78",35858.44%,NMR,NYSE:NMR,0.412,$10.20,
NASDAQ:NNE,28 Oct 2025,$34.69,3,,,5.00,$15.91,118.04%,,,,$0.00,-100.00%,$17.51,10.09%,$17.53,10.21%,NNE,NASDAQ:NNE,-1.000,$42.17,
NYSE:NNN,16 Sep 2025,$49.73,5,$44.93,5,2.99,$47.52,-5.45%,,,,$50.64,6.57%,$61.70,29.84%,$82.96,74.58%,NNN,NYSE:NNN,0.198,$46.63,-3.65%
NYSE:NOA,23 Jul 2026,$16.74,4,$18.93,7,3.21,$13.60,23.07%,23.07%,$16.74,$27.66,$13.96,2.65%,-$1.67,-112.26%,$19.55,43.73%,NOA,NYSE:NOA,0.204,$27.66,-31.56%
NYSE:NOG,19 Sep 2025,$38.23,3,$30.29,2,3.66,$21.15,43.22%,,,,$21.73,2.74%,$4.34,-79.48%,$94.89,348.65%,NOG,NYSE:NOG,0.404,$30.89,-1.94%
NYSE:NOK,28 Jan 2026,$6.27,3,$7.69,8,2.96,$9.14,-31.41%,,,,$9.07,-0.77%,$10.26,12.20%,$12.32,34.81%,NOK,NYSE:NOK,0.094,$15.02,-48.80%
NYSE:NOMD,27 Apr 2026,$15.76,3,$12.80,5,2.24,$11.90,7.56%,,,,$12.10,1.68%,-$9.07,-176.23%,-$1.12,-109.42%,NOMD,NYSE:NOMD,-0.164,$13.40,-4.48%
NYSE:NOTE,13 Nov 2025,$4.93,3,$6.00,4,,#N/A,#N/A,,,,,#N/A,-$2.00,#N/A,-$2.00,#N/A,NOTE,NYSE:NOTE,-2.000,,
NYSE:NOV,21 Jul 2025,$17.42,3,$15.75,4,2.88,$19.43,-18.94%,,,,$21.60,11.17%,$36.39,87.29%,$15.93,-18.03%,NOV,NYSE:NOV,0.122,$21.75,-27.59%
NASDAQ:NOVT,30 Jan 2026,$158.93,3,$138.00,6,4.14,$142.55,-3.19%,,,,$0.00,-100.00%,$180.45,26.59%,$195.90,37.42%,NOVT,NASDAQ:NOVT,-1.000,$175.00,-21.14%
NASDAQ:NPCE,11 Dec 2025,$17.05,3,$18.40,5,5.00,$12.89,32.31%,,,,$0.00,-100.00%,$10.79,-16.26%,$11.37,-11.78%,NPCE,NASDAQ:NPCE,-1.000,$20.22,-9.00%
NYSE:NPO,29 Oct 2025,$196.10,1,$245.00,5,2.50,$313.92,-37.53%,,,,$297.94,-5.09%,$304.28,-3.07%,$354.04,12.78%,NPO,NYSE:NPO,-0.054,$359.25,-31.80%
NYSE:NPWR,11 Nov 2025,$5.54,3,$4.00,3,5.00,$1.43,179.72%,,,,$0.00,-100.00%,-$1.24,-186.62%,$5.60,291.80%,NPWR,NYSE:NPWR,-1.000,$3.13,27.80%
NYSE:NRG,18 Sep 2025,$102.90,1,,,2.72,$134.29,-23.38%,,,,$124.24,-7.48%,$53.34,-60.28%,$105.29,-21.60%,NRG,NYSE:NRG,-0.012,$197.53,
NASDAQ:NRIM,27 May 2026,$24.39,3,,6,3.27,$26.51,-8.00%,,,,$27.67,4.38%,$0.00,-100.00%,$0.00,-100.00%,NRIM,NASDAQ:NRIM,0.292,$30.00,
NYSE:NSA,19 Aug 2025,$45.71,3,$33.59,2,,$43.41,-22.62%,,,,,-100.00%,-$2.00,-104.61%,-$2.00,-104.61%,NSA,NYSE:NSA,-2.000,,
NYSE:NSC,31 May 2024,$224.71,3,,,2.65,$335.48,-33.02%,,,,$344.39,2.66%,$304.78,-9.15%,$370.49,10.44%,NSC,NYSE:NSC,0.024,$363.72,
NASDAQ:NSIT,11 Feb 2026,$144.78,3,$100.00,6,2.17,$128.93,-22.44%,,,,$0.00,-100.00%,-$81.42,-163.15%,-$46.36,-135.96%,NSIT,NASDAQ:NSIT,-1.000,$107.50,-6.98%
NASDAQ:NTCT,19 Jan 2026,$29.00,3,$32.00,8,3.33,$40.67,-28.69%,,,,$0.00,-100.00%,$158.84,290.55%,$174.10,328.07%,NTCT,NASDAQ:NTCT,-1.000,$43.38,-26.23%
NASDAQ:NTGR,5 Feb 2026,$23.48,3,,,0.60,$24.16,-2.82%,,,,$21.67,-10.31%,$96.85,300.88%,$26.86,11.16%,NTGR,NASDAQ:NTGR,-0.953,$35.00,
NASDAQ:NTLA,20 Nov 2025,$23.74,3,$15.97,5,5.00,$10.68,49.53%,,,,$0.00,-100.00%,$3.69,-65.48%,$3.87,-63.79%,NTLA,NASDAQ:NTLA,-1.000,$26.17,-38.98%
NYSE:NU,21 Oct 2025,$17.44,3,$17.38,9,4.27,$14.33,21.28%,,,,$0.00,-100.00%,$27.71,93.35%,$27.98,95.27%,NU,NYSE:NU,-1.000,$17.98,-3.34%
NYSE:NUE,20 Aug 2024,$172.03,4,,,1.87,$257.29,-33.14%,,,,$255.58,-0.66%,$257.75,0.18%,$313.55,21.87%,NUE,NYSE:NUE,-0.314,$269.12,
NASDAQ:NVA,11 Dec 2025,$9.58,3,,7,#ERROR!,#N/A,#N/A,,,,,#N/A,-$2.00,#N/A,-$2.00,#N/A,NVA,NASDAQ:NVA,-2.000,,
NASDAQ:NVAX,23 Dec 2025,$9.60,3,$10.00,6,5.00,$7.32,31.17%,,,,$0.00,-100.00%,$33.84,362.30%,$35.99,391.63%,NVAX,NASDAQ:NVAX,-1.000,$14.11,-29.13%
NASDAQ:NVCR,11 Dec 2025,$13.87,3,$27.00,2,5.00,$14.84,-6.54%,,,,$0.00,-100.00%,$11.82,-20.36%,$12.41,-16.38%,NVCR,NASDAQ:NVCR,-1.000,$27.14,-0.52%
NASDAQ:NVDA,4 Jan 2026,$195.15,3,$262.79,8,5.00,$200.75,-2.79%,,,,$0.00,-100.00%,$307.92,53.39%,$310.46,54.65%,NVDA,NASDAQ:NVDA,-1.000,$302.83,-13.22%
NASDAQ:NVEC,19 Jan 2026,$71.83,4,,2,3.49,$116.27,-38.22%,,,,$120.64,3.76%,$151.89,30.63%,$153.50,32.02%,NVEC,NASDAQ:NVEC,0.490,$79.00,
NASDAQ:NVMI,24 Oct 2025,$305.31,3,$328.75,7,5.00,$390.87,-21.89%,,,,$0.00,-100.00%,$426.00,8.99%,$437.78,12.00%,NVMI,NASDAQ:NVMI,-1.000,$603.38,-45.52%
NYSE:NVO,20 Aug 2025,$67.89,3,$68.50,6,,$47.08,44.21%,,,,,-100.00%,-$2.00,-104.25%,-$2.00,-104.25%,NVO,NYSE:NVO,-2.000,,
NYSE:NVR,8 Jul 2024,"$6,194.00",2,,,3.51,"$6,147.05",0.76%,,,,$0.00,-100.00%,$0.00,-100.00%,$0.00,-100.00%,NVR,NYSE:NVR,-1.000,"$6,780.00",
NYSE:NVRI,31 May 2024,$10.35,3,,,2.73,$22.18,-53.36%,,,,$0.00,-100.00%,-$47.11,-312.39%,$22.89,3.21%,NVRI,NYSE:NVRI,-1.000,$21.00,
NYSE:NVST,20 Aug 2025,$24.25,4,$22.30,9,3.39,$27.31,-18.34%,,,,$0.00,-100.00%,$37.34,36.74%,$29.82,9.17%,NVST,NYSE:NVST,-1.000,$29.43,-24.23%
NYSE:NVT,19 Aug 2025,$88.41,3,,,2.93,$153.83,-42.52%,,,,$143.18,-6.92%,$139.02,-9.63%,$146.65,-4.66%,NVT,NYSE:NVT,0.114,$190.60,
NASDAQ:NVTS,5 Feb 2026,$8.26,3,$8.00,5,4.66,$10.86,-26.34%,,,,$0.00,-100.00%,$11.26,3.68%,$12.27,13.00%,NVTS,NASDAQ:NVTS,-1.000,$14.46,-44.67%
NASDAQ:NVX,11 Dec 2025,$1.56,3,,4,,$0.40,290.00%,,,,,-100.00%,-$2.00,-600.00%,-$2.00,-600.00%,NVX,NASDAQ:NVX,-2.000,,
NASDAQ:NWBI,18 Mar 2026,$14.02,3,$13.00,7,3.97,$15.74,-17.41%,,,,$16.53,5.02%,$0.00,-100.00%,$0.00,-100.00%,NWBI,NASDAQ:NWBI,0.641,$15.00,-13.33%
NYSE:NWG,27 May 2026,$16.57,3,$18.20,9,3.06,$18.94,-12.50%,,,,$18.27,-3.54%,-$115.29,-708.71%,-$113.25,-697.94%,NWG,NYSE:NWG,0.211,$20.48,-11.13%
NYSE:NWN,6 Feb 2026,$46.99,3,$53.50,7,3.73,$48.92,-3.95%,,,,$54.07,10.53%,-$70.48,-244.08%,$14.13,-71.12%,NWN,NYSE:NWN,0.488,$57.40,-6.79%
NYSE:NX,16 Aug 2025,$26.24,3,,1,2.92,$17.84,47.10%,,,,$19.62,9.98%,$2.96,-83.40%,$29.11,63.17%,NX,NYSE:NX,0.074,$27.25,
NYSE:NXE,24 Oct 2025,$8.68,3,,,5.00,$9.15,-5.14%,,,,$0.00,-100.00%,$8.39,-8.27%,$8.40,-8.20%,NXE,NYSE:NXE,-1.000,$18.97,
NASDAQ:NXPI,27 Jan 2026,$261.92,5,$258.76,9,3.60,$229.16,12.92%,,,,$264.32,15.34%,$296.81,29.52%,$326.72,42.57%,NXPI,NASDAQ:NXPI,0.386,$314.10,-17.62%
NYSE:NXRT,25 Aug 2025,$38.18,4,$36.33,3,3.43,$26.11,39.14%,,,,$27.93,6.97%,$22.67,-13.18%,$85.68,228.15%,NXRT,NYSE:NXRT,0.358,$30.20,20.30%
NASDAQ:NXTC,28 Oct 2025,$22.52,3,$20.00,,5.00,$4.14,383.09%,,,,$0.00,-100.00%,-$27.77,-770.72%,-$25.88,-725.12%,NXTC,NASDAQ:NXTC,-1.000,$20.00,0.00%
NYSE:O,23 Sep 2025,$70.69,5,$62.00,9,3.61,$63.87,-2.93%,,,,$68.25,6.86%,$80.46,25.97%,$124.62,95.11%,O,NYSE:O,0.457,$68.01,-8.84%
NYSE:OBK,10 Mar 2026,$48.92,3,$46.67,5,2.59,$54.73,-14.73%,,,,$56.19,2.67%,$0.00,-100.00%,$0.00,-100.00%,OBK,NYSE:OBK,0.005,$58.00,-19.53%
NASDAQ:OBT,2 Oct 2025,$34.16,3,$29.00,4,3.03,$38.25,-24.18%,,,,$40.00,4.58%,$0.00,-100.00%,$0.00,-100.00%,OBT,NASDAQ:OBT,0.205,$39.50,-26.58%
NYSE:OC,30 Sep 2024,$164.18,3,,,3.16,$138.90,18.20%,,,,$144.79,4.24%,$295.10,112.45%,$347.37,150.09%,OC,NYSE:OC,0.228,$164.57,
NASDAQ:OCC,10 Feb 2026,$3.85,3,,3,,$14.86,-74.06%,,,,,-100.00%,-$2.00,-113.46%,-$2.00,-113.46%,OCC,NASDAQ:OCC,-2.000,,
NYSE:OFG,27 May 2026,$53.57,3,$47.00,7,3.01,$52.86,-11.09%,,,,$54.00,2.16%,$0.00,-100.00%,$0.00,-100.00%,OFG,NYSE:OFG,0.193,$55.00,-14.55%
NYSE:OGE,22 Jan 2026,$43.01,2,$46.14,7,2.95,$47.35,-9.16%,,,,$50.77,7.22%,$13.95,-70.53%,$15.24,-67.81%,OGE,NYSE:OGE,0.164,$50.67,-8.94%
NYSE:OGS,19 Jun 2026,$79.20,3,$87.00,5,3.04,$77.65,2.00%,,,,$83.02,6.92%,$6.85,-91.17%,$87.48,12.66%,OGS,NYSE:OGS,0.178,$91.62,-5.04%
NYSE:OHI,23 Dec 2025,$49.04,5,$46.80,9,3.10,$50.63,-7.56%,,,,$53.07,4.82%,$79.41,56.85%,$97.94,93.45%,OHI,NYSE:OHI,0.243,$51.26,-8.70%
NYSE:OI,26 Mar 2026,$12.61,4,$18.00,6,0.74,$7.15,76.43%,,,,$6.99,-2.24%,-$1.96,-127.36%,$38.63,440.25%,OI,NYSE:OI,-0.893,$11.79,52.67%
NYSE:OKE,29 Apr 2026,$98.03,4,$92.57,10,3.60,$90.81,1.94%,,,,$94.02,3.53%,$33.75,-62.83%,$72.14,-20.56%,OKE,NYSE:OKE,0.455,$96.19,-3.76%
NASDAQ:OLED,24 Feb 2026,$147.14,3,$151.67,6,2.64,$80.16,83.56%,,,,$80.02,-0.17%,$167.35,108.77%,$180.35,124.98%,OLED,NASDAQ:OLED,-0.048,$125.89,20.48%
NASDAQ:OM,4 Dec 2025,$4.31,1,,1,,$4.57,-5.69%,,,,,-100.00%,-$2.00,-143.76%,-$2.00,-143.76%,OM,NASDAQ:OM,-2.000,,
NASDAQ:OMAB,1 Jun 2026,$112.42,4,$134.00,6,3.00,$106.90,5.16%,,,,$111.16,3.99%,$168.52,57.64%,$188.27,76.12%,OMAB,NASDAQ:OMAB,0.163,$124.65,7.50%
NASDAQ:ON,5 Feb 2026,$68.86,3,,,4.93,$81.61,-15.63%,,,,$0.00,-100.00%,$95.10,16.53%,$120.90,48.15%,ON,NASDAQ:ON,-1.000,$113.12,
NASDAQ:ONB,20 Mar 2026,$23.78,3,$27.78,4,3.06,$26.64,-10.73%,,,,$27.57,3.49%,$0.00,-100.00%,$0.00,-100.00%,ONB,NASDAQ:ONB,0.198,$29.82,-6.84%
NYSE:ONIT,26 Mar 2025,$40.67,4,$42.50,5,5.00,$36.66,10.94%,,,,$0.00,-100.00%,"-$1,117.99",-3149.63%,"-$1,104.21",-3112.04%,ONIT,NYSE:ONIT,-1.000,$54.00,-21.30%
NYSE:ONON,15 Aug 2025,$41.55,2,,,5.00,$36.24,14.65%,,,,$0.00,-100.00%,$41.80,15.33%,$51.31,41.59%,ONON,NYSE:ONON,-1.000,$51.57,
NYSE:ONTO,9 Feb 2026,$215.21,4,$201.67,8,5.00,$258.58,-22.01%,,,,$0.00,-100.00%,$242.13,-6.36%,$260.21,0.63%,ONTO,NYSE:ONTO,-1.000,$369.60,-45.44%
NYSEAMERICAN:OPTT,13 Nov 2025,$0.44,1,$1.50,5,,$0.18,144.44%,,,,,-100.00%,-$2.00,-1211.11%,-$2.00,-1211.11%,OPTT,NYSEAMERICAN:OPTT,-2.000,,
NYSE:OPY,16 Jun 2026,$115.64,4,,9,2.66,$106.64,8.44%,,,,$114.58,7.45%,$197.68,85.37%,$256.96,140.96%,OPY,NYSE:OPY,0.139,$37.00,
NYSE:ORI,28 Apr 2026,$42.27,3,$42.00,3,3.54,$43.21,-2.80%,,,,$45.95,6.34%,$0.00,-100.00%,$0.00,-100.00%,ORI,NYSE:ORI,0.438,$43.50,-3.45%
NASDAQ:ORKA,23 Aug 2025,$26.17,3,,,3.14,$96.51,-72.88%,,,,$93.97,-2.63%,$0.00,-100.00%,$0.00,-100.00%,ORKA,NASDAQ:ORKA,0.175,$148.17,
NASDAQ:ORRF,19 Nov 2025,$37.94,3,$40.50,8,2.78,$42.73,-11.21%,,,,$44.55,4.26%,$0.00,-100.00%,$0.00,-100.00%,ORRF,NASDAQ:ORRF,0.090,$45.25,-10.50%
NASDAQ:OSBC,28 Apr 2026,$22.52,3,$25.00,7,2.53,$25.29,-10.95%,,,,$25.39,0.40%,$0.00,-100.00%,$0.00,-100.00%,OSBC,NASDAQ:OSBC,-0.011,$25.50,-1.96%
NASDAQ:OSIS,27 Jan 2026,$261.70,2,$287.33,6,4.73,$221.39,18.21%,,,,$0.00,-100.00%,$176.51,-20.27%,$215.53,-2.65%,OSIS,NASDAQ:OSIS,-1.000,$298.14,-3.63%
NASDAQ:OSPN,10 Feb 2026,$17.74,3,,4,2.98,$15.48,14.58%,,,,$16.45,6.27%,$43.47,180.81%,$47.55,207.17%,OSPN,NASDAQ:OSPN,0.178,$16.25,
NYSEAMERICAN:OSTX,23 Dec 2025,$1.60,1,$11.50,1,,$1.52,5.26%,,,,,-100.00%,-$2.00,-231.58%,-$2.00,-231.58%,OSTX,NYSEAMERICAN:OSTX,-2.000,,
NASDAQ:OSW,29 Nov 2024,$17.98,3,,,,$25.76,-30.21%,,,,,-100.00%,-$2.00,-107.76%,-$2.00,-107.76%,OSW,NASDAQ:OSW,-2.000,,
NASDAQ:OTEX,19 Jan 2026,$32.75,3,$38.78,2,2.34,$25.34,29.23%,,,,$25.17,-0.67%,$69.71,175.11%,$109.87,333.60%,OTEX,NASDAQ:OTEX,-0.126,$29.00,33.72%
NYSE:OTIS,29 Oct 2025,$94.34,3,$105.25,6,3.42,$71.95,31.12%,,,,$75.45,4.86%,$76.20,5.91%,$83.07,15.45%,OTIS,NYSE:OTIS,0.322,$92.42,13.88%
NASDAQ:OUST,5 Feb 2026,$21.62,3,$37.00,8,4.68,$39.01,-44.57%,,,,$0.00,-100.00%,$28.33,-27.39%,$29.34,-24.80%,OUST,NASDAQ:OUST,-1.000,$52.14,-29.04%
NYSE:OVV,18 Aug 2025,$55.37,3,,,2.85,$62.46,-11.36%,,,,$64.14,2.69%,$0.00,-100.00%,$0.00,-100.00%,OVV,NYSE:OVV,0.102,$71.86,
NASDAQ:OXSQ,19 Aug 2025,$2.97,4,$2.50,4,3.56,$1.55,61.29%,,,,$1.48,-4.52%,$3.65,135.77%,"$1,771,782.92",114308475.51%,OXSQ,NASDAQ:OXSQ,0.419,$1.75,42.86%
NYSE:OXY,2 Jul 2026,$55.97,4,$64.21,8,3.02,$57.07,-1.92%,,,,$57.47,0.70%,$65.95,15.55%,$102.04,78.79%,OXY,NYSE:OXY,0.178,$64.52,-0.48%
NASDAQ:OZK,2 Oct 2025,$49.29,3,$59.63,8,2.87,$51.30,-3.92%,,,,$52.97,3.26%,$0.00,-100.00%,$0.00,-100.00%,OZK,NASDAQ:OZK,0.128,$54.22,9.98%
NYSE:PAC,13 Jun 2025,$210.00,3,$236.70,6,2.17,$217.35,-3.38%,,,,$218.18,0.38%,$290.18,33.51%,$371.90,71.11%,PAC,NYSE:PAC,-0.219,$267.91,-11.65%
NASDAQ:PACB,11 Dec 2025,$2.97,3,$2.30,5,5.00,$1.40,64.29%,,,,$0.00,-100.00%,-$2.49,-278.04%,$28.76,1954.57%,PACB,NASDAQ:PACB,-1.000,$2.46,-6.50%
NASDAQ:PANW,20 Aug 2025,$177.95,3,,,3.07,$331.83,-46.37%,,,,$0.00,-100.00%,$358.55,8.05%,$393.16,18.48%,PANW,NASDAQ:PANW,-1.000,$336.70,
NYSE:PAR,19 Aug 2025,$40.18,2,,,5.00,$16.95,137.02%,,,,$0.00,-100.00%,$7.58,-55.27%,$17.23,1.65%,PAR,NYSE:PAR,-1.000,$26.81,
NASDAQ:PAX,13 Nov 2025,$16.56,3,$16.00,6,3.80,$10.82,47.87%,,,,$11.37,5.08%,$29.23,170.13%,$30.46,181.48%,PAX,NASDAQ:PAX,0.469,$15.57,2.76%
NYSE:PAYC,26 Mar 2026,$152.82,3,$150.36,7,1.29,$163.96,-8.29%,,,,$162.09,-1.14%,$323.66,97.40%,$393.28,139.86%,PAYC,NYSE:PAYC,-0.541,$151.50,-0.75%
NASDAQ:PAYO,3 Sep 2025,$7.80,3,$10.50,7,0.62,$7.17,8.73%,,,,$6.95,-3.07%,-$11.48,-260.06%,-$8.82,-222.98%,PAYO,NASDAQ:PAYO,-0.863,$7.40,41.89%
NASDAQ:PAYS,11 Feb 2026,$3.74,3,$9.00,7,0.80,$8.96,-58.27%,,,,$8.86,-1.12%,$23.48,162.09%,$26.42,194.88%,PAYS,NASDAQ:PAYS,-0.803,$9.95,-9.55%
NASDAQ:PAYX,19 Aug 2025,$129.02,2,,,2.23,$116.84,10.42%,,,,$120.21,2.88%,$174.44,49.30%,$191.79,64.15%,PAYX,NASDAQ:PAYX,-0.125,$108.50,
NYSE:PB,19 Nov 2025,$75.08,4,$78.17,7,2.75,$74.87,0.28%,,,,$76.27,1.87%,-$153.61,-305.17%,-$150.16,-300.57%,PB,NYSE:PB,0.075,$79.62,-1.82%
NYSE:PBA,16 Sep 2025,$40.71,4,$41.47,8,3.03,$48.93,-16.80%,,,,$51.73,5.72%,$38.16,-22.02%,$49.13,0.41%,PBA,NYSE:PBA,0.222,$47.04,-11.84%
NYSE:PBI,19 Aug 2025,$11.44,3,$11.50,7,2.87,$17.53,-34.73%,,,,$18.43,5.13%,$5.08,-71.04%,$17.95,2.41%,PBI,NYSE:PBI,0.149,$17.14,-32.91%
NYSE:PBR,20 Jul 2026,$19.86,5,$22.55,6,3.59,$19.40,2.37%,2.37%,$19.86,$22.59,$19.23,-0.88%,$20.52,5.76%,$83.29,329.34%,PBR,NYSE:PBR,0.424,$22.59,-0.18%
NYSE:PBR.A,30 Jun 2026,$17.20,5,,,3.64,$17.15,0.29%,,,,$17.04,-0.64%,$43.51,153.69%,$142.41,730.37%,PBR.A,NYSE:PBR.A,0.419,$22.29,
NYSE:PCG,14 Jul 2026,$19.14,4,$23.57,4,1.58,$17.38,10.11%,10.11%,$19.14,$23.57,$17.60,1.27%,-$27.09,-255.86%,-$11.46,-165.92%,PCG,NYSE:PCG,-0.500,$22.91,2.88%
NYSE:PCOR,27 Jan 2026,$68.73,3,$87.91,7,4.03,$54.77,25.49%,,,,$0.00,-100.00%,$60.10,9.74%,$67.28,22.83%,PCOR,NYSE:PCOR,-1.000,$66.05,33.10%
NASDAQ:PDD,20 Aug 2025,$133.52,3,$124.92,5,4.56,$88.56,41.06%,,,,$0.00,-100.00%,$207.48,134.28%,$207.64,134.47%,PDD,NASDAQ:PDD,-1.000,$116.15,7.55%
NASDAQ:PDFS,27 Jan 2026,$35.52,3,$34.75,7,0.74,$46.09,-24.60%,,,,$39.91,-13.41%,$47.57,3.22%,$47.35,2.74%,PDFS,NASDAQ:PDFS,-0.881,$62.12,-44.06%
NYSE:PDM,14 Jul 2025,$11.58,4,$8.50,6,2.84,$9.69,-12.28%,,,,$10.32,6.50%,-$6.52,-167.28%,$10.23,5.62%,PDM,NYSE:PDM,0.117,$10.25,-17.07%
NYSE:PEB,23 Dec 2025,$17.33,3,$12.00,7,2.32,$19.10,-37.17%,,,,$19.36,1.36%,$24.47,28.10%,$48.40,153.42%,PEB,NYSE:PEB,-0.090,$18.08,-33.63%
NASDAQ:PEBO,16 Jan 2026,$32.08,3,$33.17,10,3.36,$41.66,-22.99%,,,,$43.40,4.18%,$0.00,-100.00%,$0.00,-100.00%,PEBO,NASDAQ:PEBO,0.356,$42.67,-22.26%
NASDAQ:PEGA,11 Feb 2026,$49.55,5,$72.00,9,0.51,$30.55,62.18%,,,,$27.24,-10.83%,$53.18,74.07%,$52.04,70.35%,PEGA,NASDAQ:PEGA,-0.994,$43.00,67.44%
NYSE:PEN,11 Dec 2025,$225.97,1,$307.92,10,3.63,$321.19,-29.65%,,,,$0.00,-100.00%,$429.19,33.62%,$437.24,36.13%,PEN,NYSE:PEN,-1.000,$361.58,-14.84%
NASDAQ:PFBC,27 May 2026,$99.21,3,$107.50,5,2.87,$104.44,-5.01%,,,,$107.54,2.97%,$0.00,-100.00%,$0.00,-100.00%,PFBC,NASDAQ:PFBC,0.125,$111.50,-3.59%
NYSE:PFE,26 Mar 2026,$30.96,5,$29.07,6,3.49,$25.01,16.23%,,,,$26.06,4.20%,$19.67,-21.36%,$30.84,23.32%,PFE,NYSE:PFE,0.384,$28.75,1.11%
NYSE:PFGC,4 Sep 2025,$88.60,1,,,3.39,$114.39,-22.55%,,,,$0.00,-100.00%,$144.09,25.96%,$194.58,70.10%,PFGC,NYSE:PFGC,-1.000,$123.31,
NASDAQ:PFIS,19 Mar 2026,$59.16,3,$56.00,6,2.97,$70.36,-20.41%,,,,$74.00,5.17%,$0.00,-100.00%,$0.00,-100.00%,PFIS,NASDAQ:PFIS,0.211,$63.00,-11.11%
NYSE:PFLT,20 Feb 2026,$9.26,3,$10.25,8,3.94,#N/A,#N/A,,,,$7.39,#N/A,$7.33,#N/A,$12.42,#N/A,PFLT,NYSE:PFLT,0.576,$10.08,1.69%
NYSE:PFS,18 Nov 2025,$20.08,3,$22.00,3,3.39,$24.68,-18.64%,,,,$24.93,1.01%,-$104.26,-522.45%,-$98.24,-498.04%,PFS,NYSE:PFS,0.364,$25.75,-14.56%
NASDAQ:PFSA,11 Dec 2025,$0.26,3,,,,$1.06,-75.06%,,,,,-100.00%,-$2.00,-288.68%,-$2.00,-288.68%,PFSA,NASDAQ:PFSA,-2.000,,
NYSE:PFSI,4 Oct 2024,$102.39,3,,,2.65,$75.41,35.78%,,,,$85.37,13.21%,$528.99,601.48%,$551.16,630.88%,PFSI,NYSE:PFSI,-0.038,$102.57,
NASDAQ:PGEN,23 Dec 2025,$3.53,3,$9.00,7,0.68,$6.27,-43.64%,,,,$5.05,-19.46%,$4.61,-26.51%,$4.64,-25.98%,PGEN,NASDAQ:PGEN,-0.919,$12.45,-27.71%
NYSE:PGR,18 Sep 2025,$210.79,1,,,3.77,$211.42,-0.30%,,,,$230.31,8.93%,$0.00,-100.00%,$0.00,-100.00%,PGR,NYSE:PGR,0.521,$232.33,
NYSE:PH,3 Jul 2024,$534.00,1,$759.92,6,2.66,$976.53,-45.32%,,,,$998.91,2.29%,"$1,284.56",31.54%,"$1,211.30",24.04%,PH,NYSE:PH,0.033,"$1,039.70",-26.91%
NYSE:PHG,11 Dec 2025,$35.54,3,,7,3.08,$26.30,35.15%,,,,$26.83,2.02%,$18.68,-28.99%,$35.52,35.05%,PHG,NYSE:PHG,0.177,$33.26,
NYSE:PHM,31 Mar 2026,$124.03,4,$141.83,3,2.07,$126.47,-1.93%,,,,$132.74,4.96%,$205.73,62.67%,$151.48,19.78%,PHM,NYSE:PHM,-0.237,$140.62,0.86%
NASDAQ:PI,27 Jan 2026,$144.68,2,$240.50,8,3.78,$151.36,-4.41%,,,,$0.00,-100.00%,$138.04,-8.80%,$145.96,-3.57%,PI,NASDAQ:PI,-1.000,$175.00,37.43%
NYSE:PIPR,29 Jun 2026,$77.12,3,$97.00,3,3.24,$75.80,1.74%,,,,$79.66,5.09%,$0.00,-100.00%,$0.00,-100.00%,PIPR,NYSE:PIPR,0.272,$88.12,10.08%
NYSE:PKST,14 Jan 2026,$15.34,4,$17.00,6,,#N/A,#N/A,,,,,#N/A,-$2.00,#N/A,-$2.00,#N/A,PKST,NYSE:PKST,-2.000,,
NYSE:PL,7 Jul 2025,$5.02,3,,,5.00,$20.48,-75.49%,,,,$0.00,-100.00%,$21.17,3.37%,$19.87,-2.97%,PL,NYSE:PL,-1.000,$40.10,
NASDAQ:PLAB,1 May 2026,$41.22,2,$47.00,6,4.99,$30.29,36.07%,,,,$0.00,-100.00%,$39.13,29.19%,$61.63,103.46%,PLAB,NASDAQ:PLAB,-1.000,$42.33,11.03%
NASDAQ:PLMR,16 Sep 2025,$107.46,3,,,4.13,$133.79,-19.68%,,,,$0.00,-100.00%,$164.80,23.18%,$165.30,23.55%,PLMR,NASDAQ:PLMR,-1.000,$164.00,
NYSE:PLNT,4 Sep 2025,$92.00,1,,,3.95,$55.91,64.54%,,,,$0.00,-100.00%,$109.12,95.17%,$142.64,155.12%,PLNT,NYSE:PLNT,-1.000,$66.53,
NYSE:PLOW,20 Sep 2024,$36.15,4,,,2.98,$44.13,-18.09%,,,,$45.44,2.97%,$269.09,509.77%,$355.31,705.14%,PLOW,NYSE:PLOW,0.136,$55.25,
NASDAQ:PLTR,14 Aug 2025,$120.98,1,,,5.00,$123.06,-1.69%,,,,$0.00,-100.00%,$140.78,14.40%,$140.94,14.53%,PLTR,NASDAQ:PLTR,-1.000,$182.20,
NASDAQ:PLUS,27 Oct 2025,$88.78,3,,6,4.01,$92.41,-3.93%,,,,$0.00,-100.00%,$274.21,196.73%,$288.04,211.69%,PLUS,NASDAQ:PLUS,-1.000,$111.00,
NASDAQ:PLXS,27 Jan 2026,$181.83,3,,,3.83,$251.34,-27.66%,,,,$0.00,-100.00%,$223.32,-11.15%,$260.57,3.67%,PLXS,NASDAQ:PLXS,-1.000,$293.25,
NYSE:PM,25 Aug 2025,$144.36,2,,,2.14,$190.82,-24.35%,,,,$200.01,4.82%,$341.80,79.12%,$363.26,90.37%,PM,NYSE:PM,-0.193,$201.47,
NASDAQ:PMTS,26 Aug 2025,$22.24,3,,,,$21.07,5.56%,,,,,-100.00%,-$2.00,-109.49%,-$2.00,-109.49%,PMTS,NASDAQ:PMTS,-2.000,,
NYSE:PNC,19 Nov 2025,$182.16,3,$223.09,8,2.79,$249.87,-27.10%,,,,$256.63,2.71%,$0.00,-100.00%,$0.00,-100.00%,PNC,NYSE:PNC,0.083,$277.52,-19.61%
NASDAQ:PNFP,28 Jul 2025,$101.11,3,$121.91,7,,$105.23,-3.91%,,,,,-100.00%,-$2.00,-101.90%,-$2.00,-101.90%,PNFP,NYSE:PNFP,-2.000,,
NYSE:PNNT,23 Jul 2026,,1,$5.00,4,4.79,$3.29,51.98%,51.98%,$5.00,$5.00,$3.65,10.94%,"-$12,282.42",-373425.78%,"-$12,274.53",-373186.02%,PNNT,NYSE:PNNT,0.908,$4.75,5.26%
NYSE:PNR,11 Nov 2025,$102.58,2,$124.75,7,2.67,$65.44,56.76%,,,,$68.52,4.71%,$145.74,122.70%,$156.95,139.84%,PNR,NYSE:PNR,0.004,$79.43,57.06%
NASDAQ:PODD,11 Dec 2025,$276.82,2,$381.12,9,5.00,$165.35,67.41%,,,,$0.00,-100.00%,$232.99,40.91%,$257.24,55.57%,PODD,NASDAQ:PODD,-1.000,$235.54,61.81%
NASDAQ:POET,5 Feb 2026,$6.44,3,,7,5.00,$6.99,-7.86%,,,,$0.00,-100.00%,$5.96,-14.75%,$6.00,-14.21%,POET,NASDAQ:POET,-1.000,$17.50,
NASDAQ:POOL,23 Aug 2025,$310.70,3,,,2.96,$185.71,67.30%,,,,$200.74,8.09%,$303.74,63.56%,$320.61,72.64%,POOL,NASDAQ:POOL,0.136,$224.00,
NYSE:POR,6 Feb 2026,$50.85,4,$49.60,7,3.65,$49.33,0.55%,,,,$52.82,7.07%,-$34.94,-170.84%,$14.35,-70.91%,POR,NYSE:POR,0.474,$53.00,-6.42%
NYSE:POST,2 Apr 2026,$109.06,5,$128.50,2,4.34,$91.41,19.31%,,,,$0.00,-100.00%,$15.39,-83.16%,$108.71,18.93%,POST,NYSE:POST,-1.000,$115.83,10.94%
NASDAQ:POWI,5 Feb 2026,$72.10,3,$52.50,5,2.71,$60.71,-13.52%,,,,$60.68,-0.05%,$68.32,12.53%,$73.22,20.61%,POWI,NASDAQ:POWI,0.016,$76.20,-31.10%
NASDAQ:PPC,19 Aug 2025,$43.27,2,,,2.94,$27.36,58.13%,,,,$30.57,11.73%,$69.83,155.22%,$24.70,-9.73%,PPC,NASDAQ:PPC,0.121,$33.56,
NASDAQ:PPIH,20 Apr 2026,$30.77,3,,7,4.63,$24.15,27.41%,,,,$0.00,-100.00%,$47.99,98.73%,$60.23,149.42%,PPIH,NASDAQ:PPIH,-1.000,$32.00,
NYSE:PR,11 Nov 2025,$15.75,5,$18.13,3,2.94,$21.31,-26.09%,,,,$21.27,-0.19%,$20.95,-1.69%,$50.64,137.62%,PR,NYSE:PR,0.134,$25.05,-27.62%
NYSE:PRA,11 Dec 2025,$26.77,3,,3,,#N/A,#N/A,,,,,#N/A,-$2.00,#N/A,-$2.00,#N/A,PRA,NYSE:PRA,-2.000,,
NASDAQ:PRCH,29 Jan 2026,$6.54,3,$18.17,8,,$14.45,-54.73%,,,,,-100.00%,-$2.00,-113.84%,-$2.00,-113.84%,PRCH,NASDAQ:PRCH,-2.000,,
NASDAQ:PRCT,11 Dec 2025,$43.52,3,$50.71,5,5.00,$18.62,133.73%,,,,$0.00,-100.00%,$15.28,-17.93%,$15.52,-16.63%,PRCT,NASDAQ:PRCT,-1.000,$28.45,78.24%
NASDAQ:PRDO,28 Apr 2026,$43.66,5,$42.00,8,2.89,$31.81,32.03%,,,,$35.37,11.19%,$111.10,249.25%,$120.45,278.67%,PRDO,NASDAQ:PRDO,0.068,$44.00,-4.55%
NASDAQ:PRGS,22 Jan 2026,$57.12,3,$59.75,7,1.53,$40.59,40.72%,,,,$39.92,-1.65%,$91.99,126.62%,$137.04,237.61%,PRGS,NASDAQ:PRGS,-0.527,$53.80,11.06%
NYSE:PRIM,23 Aug 2024,$53.96,3,,,1.47,$84.41,-36.08%,,,,$74.36,-11.91%,$161.29,91.08%,$178.62,111.61%,PRIM,NYSE:PRIM,-0.570,$127.50,
NYSEAMERICAN:PRK,7 Oct 2025,$164.00,1,,,,$208.15,-21.21%,,,,,-100.00%,-$2.00,-100.96%,-$2.00,-100.96%,PRK,NYSEAMERICAN:PRK,-2.000,,
NASDAQ:PROK,10 Jul 2025,$2.60,,$4.50,7,5.00,$1.54,68.83%,,,,$0.00,-100.00%,$0.10,-93.41%,$0.17,-89.06%,PROK,NASDAQ:PROK,-1.000,$6.25,-28.00%
NASDAQ:PRSO,29 Jan 2026,$1.15,4,$3.00,,,$0.65,76.57%,,,,,-100.00%,-$2.00,-407.69%,-$2.00,-407.69%,PRSO,NASDAQ:PRSO,-2.000,,
NASDAQ:PRTH,10 Feb 2026,$10.32,3,$13.00,1,5.00,$6.50,58.79%,,,,$0.00,-100.00%,-$11.83,-282.02%,-$1.14,-117.54%,PRTH,NASDAQ:PRTH,-1.000,$10.10,28.71%
NASDAQ:PSIX,28 Apr 2026,$74.87,3,$109.00,9,5.00,$27.61,171.17%,,,,$0.00,-100.00%,$64.57,133.87%,$69.29,150.96%,PSIX,NASDAQ:PSIX,-1.000,$70.37,54.90%
NYSE:PSN,16 Feb 2026,$83.99,5,$81.64,7,Loading...,$44.21,84.66%,,,,,-100.00%,-$2.00,-104.52%,-$2.00,-104.52%,PSN,NYSE:PSN,-2.000,,
NASDAQ:PSNY,29 Nov 2024,$1.30,3,,,4.08,$14.40,-90.97%,,,,$0.00,-100.00%,$0.00,-100.00%,$0.00,-100.00%,PSNY,NASDAQ:PSNY,-1.000,$17.50,
NYSE:PSTG,19 Aug 2025,$64.73,3,,,,#N/A,#N/A,,,,$0.00,#N/A,$94.91,#N/A,$102.76,#N/A,PSTG,NYSE:PSTG,-1.000,$91.21,
NYSE:PSX,26 Jun 2026,$162.80,2,$194.00,7,2.29,$211.68,-23.09%,,,,$208.41,-1.54%,$177.54,-16.13%,$232.02,9.61%,PSX,NYSE:PSX,-0.110,$205.47,-5.58%
NASDAQ:PTC,19 Jan 2026,$176.72,3,$218.00,6,4.34,$137.20,28.80%,,,,$0.00,-100.00%,$284.52,107.38%,$303.87,121.48%,PTC,NASDAQ:PTC,-1.000,$174.10,25.22%
NASDAQ:PTEN,21 Jul 2025,$10.35,3,$8.03,2,3.27,$10.48,-23.38%,,,,$9.99,-4.68%,$20.66,97.15%,$30.71,193.08%,PTEN,NASDAQ:PTEN,0.269,$13.00,-38.23%
NASDAQ:PTLO,14 Jan 2026,$9.61,3,$6.30,3,4.87,$4.57,37.86%,,,,$0.00,-100.00%,-$4.57,-199.90%,-$4.06,-188.82%,PTLO,NASDAQ:PTLO,-1.000,$6.28,0.32%
NASDAQ:PUBM,29 Jan 2026,$11.75,3,$12.92,7,3.12,$12.60,-6.71%,,,,$0.00,-100.00%,$27.68,119.68%,$41.33,227.98%,PUBM,NASDAQ:PUBM,-1.000,$12.89,0.23%
NYSE:PWR,23 Aug 2025,$272.00,1,,,0.71,$667.36,-59.24%,,,,$541.63,-18.84%,$540.80,-18.96%,$653.18,-2.13%,PWR,NYSE:PWR,-0.849,$756.01,
NASDAQ:PZZA,18 Sep 2025,$56.89,4,$48.40,9,2.60,$29.90,61.87%,,,,$30.47,1.91%,$17.12,-42.74%,$14.03,-53.06%,PZZA,NASDAQ:PZZA,-0.032,$36.90,31.17%
NYSE:Q,9 Feb 2026,$106.61,3,,,4.66,$131.18,-18.73%,,,,$0.00,-100.00%,$0.00,-100.00%,$0.00,-100.00%,Q,NYSE:Q,-1.000,$174.75,
NASDAQ:QCOM,27 Jan 2026,$171.89,4,$193.33,6,3.71,$147.61,16.45%,,,,$169.28,14.68%,$214.50,45.32%,$229.94,55.78%,QCOM,NASDAQ:QCOM,0.427,$220.57,-12.35%
NASDAQ:QCRH,28 Apr 2026,$93.80,3,$102.67,9,1.77,$102.95,-8.89%,,,,$102.38,-0.55%,$0.00,-100.00%,$0.00,-100.00%,QCRH,NASDAQ:QCRH,-0.362,$111.20,-7.67%
NASDAQ:QDEL,11 Dec 2025,$47.57,3,$27.75,6,4.11,$16.77,65.47%,,,,$0.00,-100.00%,-$8.24,-149.14%,$21.43,27.81%,QDEL,NASDAQ:QDEL,-1.000,$20.50,35.37%
NASDAQ:QFIN,9 Sep 2025,$29.99,3,$48.39,5,,$13.88,116.06%,,,,,-100.00%,-$2.00,-114.41%,-$2.00,-114.41%,QFIN,NASDAQ:QFIN,-2.000,,
NASDAQ:QLYS,10 Feb 2026,$147.47,5,$136.87,5,2.53,$144.75,-5.44%,,,,$0.00,-100.00%,$296.18,104.61%,$302.39,108.91%,QLYS,NASDAQ:QLYS,-1.000,$131.13,4.38%
NASDAQ:QRVO,19 Jan 2026,$81.21,3,$100.08,6,3.01,$90.57,-10.33%,,,,$0.00,-100.00%,$254.83,181.37%,$303.14,234.70%,QRVO,NASDAQ:QRVO,-1.000,$90.77,10.26%
NASDAQ:QSI,11 Dec 2025,$1.94,3,$2.83,2,5.00,$0.71,173.85%,,,,$0.00,-100.00%,-$0.40,-156.10%,-$0.34,-147.85%,QSI,NASDAQ:QSI,-1.000,$2.50,13.20%
NYSE:QSR,4 Mar 2026,$71.96,3,$79.11,9,2.80,$74.02,-2.78%,,,,$76.95,3.96%,$45.89,-38.00%,$54.31,-26.62%,QSR,NYSE:QSR,0.080,$85.04,-6.97%
NASDAQ:QTRX,16 Dec 2025,$12.46,3,$6.00,5,4.22,$3.48,72.41%,,,,$0.00,-100.00%,-$0.24,-106.96%,$3.35,-3.78%,QTRX,NASDAQ:QTRX,-1.000,$4.33,38.57%
NYSE:QUAD,19 Jun 2026,$7.33,3,$9.93,9,2.72,$10.39,-29.45%,,,,$10.17,-2.12%,$68.80,562.13%,$79.30,663.20%,QUAD,NYSE:QUAD,0.087,$9.93,0.00%
NASDAQ:QUIK,5 Feb 2026,$6.78,3,,,0.75,$13.11,-48.31%,,,,$11.30,-13.81%,$11.22,-14.40%,$16.99,29.63%,QUIK,NASDAQ:QUIK,-0.888,$23.67,
NYSE:QXO,19 Aug 2025,$30.22,3,$31.06,10,5.00,$13.30,127.20%,,,,$0.00,-100.00%,$12.22,-8.15%,$19.11,43.70%,QXO,NYSE:QXO,-1.000,$29.50,5.29%
NYSE:RACE,15 Dec 2025,$403.82,3,$465.44,6,2.96,$393.87,2.53%,,,,$398.70,1.23%,$652.61,65.69%,$729.97,85.33%,RACE,NYSE:RACE,0.155,$443.83,4.87%
NASDAQ:RAIL,28 Apr 2026,$11.16,4,,,,$7.97,40.08%,,,,,-100.00%,-$2.00,-125.09%,-$2.00,-125.09%,RAIL,NASDAQ:RAIL,-2.000,,
NYSE:RAMP,23 Jan 2026,$30.65,5,$42.20,7,3.36,$37.87,-19.07%,,,,$0.00,-100.00%,$84.82,123.98%,$87.64,131.42%,RAMP,NYSE:RAMP,-1.000,$40.58,3.99%
NASDAQ:RBB,1 Jun 2026,$24.58,3,$24.00,4,3.09,$26.37,-8.99%,,,,$27.69,5.01%,$0.00,-100.00%,$0.00,-100.00%,RBB,NASDAQ:RBB,0.224,$28.50,-15.79%
NYSE:RBC,23 Aug 2025,$337.00,1,,,0.39,$551.31,-38.87%,,,,$516.56,-6.30%,$637.84,15.70%,$706.81,28.21%,RBC,NYSE:RBC,-0.988,$620.00,
NASDAQ:RBCAA,20 Oct 2025,$70.90,3,,,2.83,$99.54,-28.77%,,,,$103.93,4.41%,$0.00,-100.00%,$0.00,-100.00%,RBCAA,NASDAQ:RBCAA,0.129,$98.00,
NYSE:RBLX,2 Jan 2026,$67.48,2,,,5.00,$35.60,89.55%,,,,$0.00,-100.00%,$73.01,105.09%,$77.13,116.65%,RBLX,NYSE:RBLX,-1.000,$66.13,
NYSE:RBOT,16 Dec 2025,$3.89,3,,,,#N/A,#N/A,,,,,#N/A,-$2.00,#N/A,-$2.00,#N/A,RBOT,NYSE:RBOT,-2.000,,
NYSE:RBRK,20 Aug 2025,$54.72,2,,,0.77,$72.36,-24.38%,,,,$69.39,-4.10%,$69.33,-4.18%,$72.35,-0.02%,RBRK,NYSE:RBRK,-0.862,$95.23,
NYSE:RC,1 Sep 2025,$5.36,3,$4.15,4,3.92,$1.43,190.21%,,,,$1.53,6.99%,$113.17,7813.97%,$113.79,7857.34%,RC,NYSE:RC,0.552,$1.80,130.56%
NASDAQ:RCEL,4 Dec 2025,$9.25,3,$8.38,1,5.00,$4.40,90.45%,,,,$0.00,-100.00%,-$1.24,-128.11%,-$1.13,-125.59%,RCEL,NASDAQ:RCEL,-1.000,$9.01,-6.99%
NASDAQ:RCKY,16 Apr 2026,$43.95,3,$53.00,8,2.22,$48.84,-10.00%,,,,$47.90,-1.92%,$0.00,-100.00%,$0.00,-100.00%,RCKY,NASDAQ:RCKY,-0.163,$53.00,0.00%
NYSE:RCL,8 Apr 2026,$279.75,3,$368.93,4,1.70,$318.30,-12.11%,,,,$316.38,-0.60%,$421.91,32.55%,$507.49,59.44%,RCL,NYSE:RCL,-0.393,$337.04,9.46%
NYSE:RDN,23 Jun 2026,$35.58,4,$45.33,8,2.78,$38.99,-8.76%,,,,$40.66,4.28%,$61.60,57.98%,$62.29,59.76%,RDN,NYSE:RDN,0.066,$45.00,0.73%
NYSE:RDW,21 Jul 2025,$13.29,2,,,5.00,$8.62,54.14%,,,,$0.00,-100.00%,$6.85,-20.48%,$7.73,-10.31%,RDW,NYSE:RDW,-1.000,$14.88,
NASDAQ:REG,21 Jul 2025,$72.09,1,,,2.87,$80.29,-10.21%,,,,$82.97,3.34%,$103.90,29.41%,$140.01,74.38%,REG,NASDAQ:REG,0.127,$86.28,
NYSEAMERICAN:REI,20 Aug 2025,$1.08,,$2.99,3,,$1.24,-12.90%,,,,,-100.00%,-$2.00,-261.29%,-$2.00,-261.29%,REI,NYSEAMERICAN:REI,-2.000,,
NASDAQ:REKR,9 Feb 2026,$1.09,3,$4.00,4,5.00,$0.62,75.23%,,,,$0.00,-100.00%,-$0.17,-127.33%,$0.26,-57.99%,REKR,NASDAQ:REKR,-1.000,$3.00,33.33%
NYSE:RELX,19 Aug 2025,$47.40,3,,,2.48,$35.42,33.82%,,,,$38.27,8.05%,$0.00,-100.00%,$0.00,-100.00%,RELX,NYSE:RELX,-0.121,$53.05,
NASDAQ:RELY,29 Jan 2026,$17.63,3,$20.20,4,4.44,$22.77,-22.55%,,,,$0.00,-100.00%,$40.01,75.71%,$43.12,89.36%,RELY,NASDAQ:RELY,-1.000,$29.33,-31.13%
NYSEAMERICAN:REPX,12 Feb 2026,,,$36.00,7,,$34.27,5.05%,,,,,-100.00%,-$2.00,-105.84%,-$2.00,-105.84%,REPX,NYSEAMERICAN:REPX,-2.000,,
NYSE:RES,30 Dec 2025,$6.58,4,$5.50,5,2.94,$5.61,-1.96%,,,,$5.47,-2.50%,$9.50,69.32%,$12.66,125.70%,RES,NYSE:RES,0.141,$6.44,-14.60%
NYSE:REVG,24 Oct 2024,$28.28,3,,,,#N/A,#N/A,,,,,#N/A,-$2.00,#N/A,-$2.00,#N/A,REVG,NYSE:REVG,-2.000,,
NASDAQ:REYN,28 Apr 2026,$27.91,5,$24.00,6,2.68,$24.94,-3.77%,,,,$26.49,6.21%,$25.45,2.04%,$35.79,43.51%,REYN,NASDAQ:REYN,0.046,$26.43,-9.19%
NYSE:REZI,17 Aug 2025,$32.83,3,$32.00,9,5.00,$34.30,-6.71%,,,,$0.00,-100.00%,$40.53,18.15%,$47.57,38.68%,REZI,NYSE:REZI,-1.000,$49.33,-35.13%
NYSE:RF,1 Jun 2026,$29.85,3,$30.31,3,3.51,$30.95,-3.55%,,,,$32.22,4.10%,$0.00,-100.00%,$0.00,-100.00%,RF,NYSE:RF,0.414,$32.90,-7.87%
NASDAQ:RGLD,16 Aug 2025,$142.50,1,,,2.65,$198.35,-28.16%,,,,$194.16,-2.11%,$374.05,88.58%,$439.20,121.43%,RGLD,NASDAQ:RGLD,-0.045,$301.17,
NASDAQ:RGNX,23 Dec 2025,$16.55,3,$28.57,9,5.00,$9.69,70.76%,,,,$0.00,-100.00%,$17.09,76.32%,$20.06,107.04%,RGNX,NASDAQ:RGNX,-1.000,$24.27,17.72%
NASDAQ:RGTI,28 Jul 2025,$11.56,2,,,5.00,$14.95,-22.66%,,,,$0.00,-100.00%,$12.66,-15.32%,$12.72,-14.93%,RGTI,NASDAQ:RGTI,-1.000,$30.07,
NYSE:RH,31 Jul 2024,$352.46,3,,,3.12,$165.52,112.94%,,,,$0.00,-100.00%,-$55.13,-133.31%,$47.69,-71.19%,RH,NYSE:RH,-1.000,$169.47,
NYSE:RHI,15 Dec 2025,$46.27,3,$29.57,5,3.56,$37.80,-21.77%,,,,$42.27,11.83%,$0.00,-100.00%,$0.00,-100.00%,RHI,NYSE:RHI,0.467,$35.00,-15.51%
NYSE:RIO,18 Aug 2025,$75.60,5,$64.00,8,,$96.85,-33.92%,,,,,-100.00%,-$2.00,-102.07%,-$2.00,-102.07%,RIO,NYSE:RIO,-2.000,,
NYSE:RITM,12 Aug 2025,$14.18,4,$14.06,8,3.78,$9.88,42.31%,,,,$10.39,5.16%,-$45.81,-563.66%,-$36.41,-468.56%,RITM,NYSE:RITM,0.474,$13.20,6.52%
NASDAQ:RIVN,15 Dec 2025,$17.90,3,$20.62,6,4.19,$15.22,17.63%,,,,$0.00,-100.00%,$21.96,44.27%,$27.96,83.69%,RIVN,NASDAQ:RIVN,-1.000,$18.85,9.39%
NYSE:RJF,18 Feb 2026,$166.94,3,$187.40,5,2.46,$175.98,-5.14%,,,,$175.65,-0.19%,$363.08,106.32%,$378.95,115.34%,RJF,NYSE:RJF,-0.051,$185.92,0.80%
NYSE:RKT,5 Mar 2025,$14.85,3,$13.29,3,4.17,$12.90,3.02%,,,,$15.11,17.13%,$51.19,296.79%,$57.74,347.58%,RKT,NYSE:RKT,0.631,$19.02,-30.13%
NYSE:RLJ,23 Dec 2025,$12.06,3,$8.20,7,,$12.25,-33.06%,,,,,-100.00%,-$2.00,-116.33%,-$2.00,-116.33%,RLJ,NYSE:RLJ,-2.000,,
NYSE:RLX,25 Aug 2025,$2.18,3,,,,$2.02,8.16%,,,,,-100.00%,-$2.00,-199.01%,-$2.00,-199.01%,RLX,NYSE:RLX,-2.000,,
NYSE:RM,19 Nov 2025,$39.22,3,,3,2.93,$32.27,21.54%,,,,$43.90,36.04%,$411.13,1174.03%,$444.30,1276.83%,RM,NYSE:RM,0.080,$48.00,
NASDAQ:RMBS,27 Jan 2026,$80.55,1,$113.50,10,5.00,$91.03,-11.52%,,,,$0.00,-100.00%,$0.00,-100.00%,$0.00,-100.00%,RMBS,NASDAQ:RMBS,-1.000,$147.50,-23.05%
NASDAQ:RMNI,11 Feb 2026,$3.40,3,$5.50,5,,$4.81,-29.29%,,,,,-100.00%,-$2.00,-141.58%,-$2.00,-141.58%,RMNI,NASDAQ:RMNI,-2.000,,
NASDAQ:RNAC,23 Dec 2025,$16.10,3,$34.67,9,5.00,$7.80,106.40%,,,,$0.00,-100.00%,$5.83,-25.26%,$6.55,-16.02%,RNAC,NASDAQ:RNAC,-1.000,$34.57,0.29%
NYSE:RNG,5 Feb 2026,$39.74,3,$31.25,4,0.24,$55.62,-43.82%,,,,$52.54,-5.54%,$156.82,181.95%,$196.04,252.46%,RNG,NYSE:RNG,-0.990,$46.43,-32.69%
NYSE:RNR,9 Sep 2025,$267.70,4,$269.36,7,1.73,$319.98,-16.34%,,,,$331.69,3.66%,$0.00,-100.00%,$0.00,-100.00%,RNR,NYSE:RNR,-0.383,$346.40,-22.24%
NYSE:RNST,19 Nov 2025,$35.55,3,$42.67,4,2.87,$43.57,-18.41%,,,,$44.66,2.50%,-$133.08,-405.45%,-$132.20,-403.43%,RNST,NYSE:RNST,0.128,$46.43,-8.10%
NASDAQ:ROAD,31 Dec 2025,$101.87,2,,,0.88,$103.35,-1.43%,,,,$98.67,-4.53%,$83.74,-18.97%,$144.10,39.43%,ROAD,NASDAQ:ROAD,-0.830,$145.00,
NYSE:ROG,10 Feb 2026,$105.63,3,$301.50,9,5.00,$123.47,-14.45%,,,,$0.00,-100.00%,$127.54,3.29%,$163.20,32.18%,ROG,NYSE:ROG,-1.000,$183.33,64.46%
NYSE:ROK,11 Nov 2025,$273.44,1,,,2.98,$480.08,-43.04%,,,,$479.13,-0.20%,$492.15,2.51%,$520.03,8.32%,ROK,NYSE:ROK,0.194,$474.58,
NASDAQ:ROP,2 May 2025,$525.02,3,$640.91,8,2.28,$391.97,33.94%,,,,$395.03,0.78%,$564.94,44.13%,$717.34,83.01%,ROP,NASDAQ:ROP,-0.148,$439.12,45.95%
NASDAQ:ROST,20 Jul 2026,$178.47,1,,,2.48,$251.07,-28.92%,-28.92%,$178.47,$256.00,$251.94,0.35%,$361.03,43.80%,$387.88,54.49%,ROST,NASDAQ:ROST,-0.033,$256.00,
NASDAQ:RPAY,2 Sep 2025,$8.53,3,$7.31,3,,$4.00,82.75%,,,,,-100.00%,-$2.00,-150.00%,-$2.00,-150.00%,RPAY,NASDAQ:RPAY,-2.000,,
NASDAQ:RPD,20 Jan 2026,$22.06,3,$18.18,7,2.25,$9.65,88.39%,,,,$0.00,-100.00%,$20.04,107.67%,$28.64,196.83%,RPD,NASDAQ:RPD,-1.000,$8.20,121.71%
NASDAQ:RR,19 Nov 2025,$2.75,3,$4.50,6,,$1.42,93.37%,,,,,-100.00%,-$2.00,-240.85%,-$2.00,-240.85%,RR,NASDAQ:RR,-2.000,,
NASDAQ:RRBI,1 Jun 2026,$84.03,3,$94.00,6,2.17,$100.55,-16.43%,,,,$102.28,1.72%,-$189.75,-288.71%,-$181.61,-280.62%,RRBI,NASDAQ:RRBI,-0.175,$103.00,-8.74%
NYSE:RRX,27 Jan 2026,$182.63,5,$180.29,6,3.23,$205.23,-12.15%,,,,$212.85,3.71%,$203.72,-0.74%,$160.69,-21.70%,RRX,NYSE:RRX,0.243,$260.00,-30.66%
NYSE:RS,24 Aug 2025,$278.17,3,$327.75,9,2.09,$406.10,-31.50%,,,,$405.24,-0.21%,$0.00,-100.00%,$0.00,-100.00%,RS,NYSE:RS,-0.201,$400.75,-18.22%
NYSE:RTX,18 Aug 2025,$145.60,2,$168.14,8,2.38,$215.22,-32.35%,,,,$217.66,1.13%,$306.47,42.40%,$359.50,67.04%,RTX,NYSE:RTX,-0.090,$229.82,-26.84%
NASDAQ:RUN,19 Jan 2026,$14.49,2,$23.86,8,1.07,$9.81,47.69%,,,,$9.18,-6.42%,-$72.05,-834.43%,-$21.51,-319.22%,RUN,NASDAQ:RUN,-0.746,$18.84,26.65%
NASDAQ:RXST,11 Dec 2025,$19.74,3,$9.80,1,4.71,$6.01,63.06%,,,,$0.00,-100.00%,$3.93,-34.55%,$4.70,-21.83%,RXST,NASDAQ:RXST,-1.000,$8.06,21.59%
NASDAQ:RXT,9 Feb 2026,$0.88,3,$1.35,4,3.93,$4.13,-78.78%,,,,$0.00,-100.00%,-$3.96,-195.91%,$0.53,-87.13%,RXT,NASDAQ:RXT,-1.000,$4.90,-72.45%
NYSE:RYI,24 Aug 2025,$26.20,3,$24.00,4,,#N/A,#N/A,,,,,#N/A,-$2.00,#N/A,-$2.00,#N/A,RYI,NYSE:RYI,-2.000,,
NASDAQ:SABR,11 Feb 2026,$2.46,3,$2.95,2,1.19,$1.85,32.73%,,,,$1.78,-3.78%,-$5.80,-413.35%,-$1.80,-197.31%,SABR,NASDAQ:SABR,-0.620,$1.99,48.24%
NYSE:SAM,20 Mar 2026,$295.72,5,$238.40,3,3.49,$183.20,30.13%,,,,$0.00,-100.00%,$565.58,208.72%,$641.48,250.15%,SAM,NYSE:SAM,-1.000,$201.00,18.61%
NYSE:SAN,11 Sep 2025,$7.72,2,,,2.89,$14.10,-45.23%,,,,$13.98,-0.85%,-$61.79,-538.21%,-$57.91,-510.73%,SAN,NYSE:SAN,0.159,$13.56,
NASDAQ:SANM,27 Jan 2026,$128.36,1,$180.00,9,5.00,$185.56,-30.83%,,,,$0.00,-100.00%,$181.23,-2.33%,$213.64,15.13%,SANM,NASDAQ:SANM,-1.000,$260.00,-30.77%
NYSE:SAP,19 Jan 2026,$252.69,3,$275.84,9,2.07,$183.62,37.62%,,,,$182.41,-0.66%,$352.47,91.96%,$373.92,103.64%,SAP,NYSE:SAP,-0.287,$242.92,13.55%
NASDAQ:SBCF,19 Nov 2025,$31.14,3,$34.17,5,2.92,$34.74,-10.36%,,,,$35.04,0.86%,$0.00,-100.00%,$0.00,-100.00%,SBCF,NASDAQ:SBCF,0.162,$34.83,-1.89%
NASDAQ:SBGI,23 Dec 2025,$15.71,3,$19.20,5,3.27,$13.74,14.33%,,,,$14.73,7.21%,-$58.60,-526.50%,$7.66,-44.27%,SBGI,NASDAQ:SBGI,0.257,$17.71,8.41%
NASDAQ:SBLK,16 Feb 2026,$23.85,3,,6,3.40,$28.75,-17.03%,,,,$28.97,0.77%,$51.06,77.59%,$64.97,125.99%,SBLK,NASDAQ:SBLK,0.355,$31.98,
NYSE:SBS,23 Jun 2026,$5.49,3,,1,2.95,$5.45,0.81%,,,,$5.59,2.57%,$4.11,-24.63%,$6.68,22.65%,SBS,NYSE:SBS,0.122,$6.84,
NASDAQ:SBSI,14 Oct 2025,$30.23,3,$34.50,3,,$32.51,-7.01%,,,,,-100.00%,-$2.00,-106.15%,-$2.00,-106.15%,SBSI,NYSE:SBSI,-2.000,,
NYSE:SBSI,1 Jun 2026,$34.46,3,$35.50,6,3.43,$32.51,5.99%,,,,$33.78,3.91%,-$188.07,-678.51%,-$189.06,-681.54%,SBSI,NYSE:SBSI,0.369,$35.67,-0.48%
NYSE:SCHW,24 Jun 2026,$96.20,3,$116.58,7,2.69,$105.24,-8.59%,,,,$108.39,2.99%,$0.00,-100.00%,$0.00,-100.00%,SCHW,NYSE:SCHW,0.022,$124.47,-6.34%
NASDAQ:SCNX,6 Jun 2025,$1.16,3,,,5.00,$0.38,204.74%,,,,$0.00,-100.00%,-$250.60,-66047.63%,-$250.53,-66028.34%,SCNX,NASDAQ:SCNX,-1.000,$1.50,
NYSE:SCS,28 Oct 2024,$12.86,3,,,,#N/A,#N/A,,,,,#N/A,-$2.00,#N/A,-$2.00,#N/A,SCS,NYSE:SCS,-2.000,,
NASDAQ:SCSC,19 Nov 2025,$53.05,5,$43.00,3,2.83,$56.62,-24.06%,,,,$0.00,-100.00%,$141.27,149.50%,$152.88,170.01%,SCSC,NASDAQ:SCSC,-1.000,$54.67,-21.35%
NYSE:SD,22 Jan 2026,$15.77,3,,5,3.03,$13.92,13.31%,,,,$13.96,0.29%,$26.70,91.83%,$25.18,80.92%,SD,NYSE:SD,0.196,$15.00,
NYSE:SE,19 Aug 2025,$134.13,1,,,,$106.74,25.66%,,,,,-100.00%,-$2.00,-101.87%,-$2.00,-101.87%,SE,NYSE:SE,-2.000,,
NASDAQ:SEIC,27 Aug 2025,$87.30,2,,,2.26,$102.98,-15.22%,,,,$103.31,0.32%,$167.20,62.36%,$156.74,52.20%,SEIC,NASDAQ:SEIC,-0.148,$111.43,
NYSE:SEM,27 Apr 2026,$23.31,5,$16.50,8,,#N/A,#N/A,,,,$0.00,#N/A,$14.75,#N/A,$29.15,#N/A,SEM,NYSE:SEM,-1.000,$16.62,-0.72%
NYSE:SEMR,5 Feb 2026,$14.95,4,,,,#N/A,#N/A,,,,,#N/A,-$2.00,#N/A,-$2.00,#N/A,SEMR,NYSE:SEMR,-2.000,,
NYSEAMERICAN:SENS,28 Oct 2025,$7.44,1,$2.69,1,,$5.03,-46.52%,,,,,-100.00%,-$2.00,-139.76%,-$2.00,-139.76%,SENS,NASDAQ:SENS,-2.000,,
NASDAQ:SENS,23 Dec 2025,$8.28,4,$18.92,6,5.00,$5.03,64.70%,,,,$0.00,-100.00%,$0.80,-84.18%,$0.85,-83.08%,SENS,NASDAQ:SENS,-1.000,$13.40,41.19%
NASDAQ:SERV,11 Nov 2025,$12.60,3,$20.50,2,5.00,$4.78,163.68%,,,,$0.00,-100.00%,$2.75,-42.57%,$2.89,-39.49%,SERV,NASDAQ:SERV,-1.000,$18.45,11.11%
NYSE:SF,29 Jun 2026,$83.09,3,$84.00,6,2.84,$82.91,0.22%,,,,$86.15,3.91%,$0.00,-100.00%,$0.00,-100.00%,SF,NYSE:SF,0.114,$89.00,-5.62%
NYSE:SFBS,16 Mar 2026,$84.39,4,$91.00,8,2.61,$89.50,-5.71%,,,,$91.46,2.19%,$0.00,-100.00%,$0.00,-100.00%,SFBS,NYSE:SFBS,0.008,$97.00,-6.19%
NASDAQ:SFM,19 Mar 2026,$146.44,3,$91.64,9,0.38,$87.16,5.14%,,,,$73.41,-15.78%,$141.49,62.33%,$198.55,127.80%,SFM,NASDAQ:SFM,-0.978,$92.50,-0.93%
NASDAQ:SFNC,2 Oct 2025,$20.10,3,$22.60,8,3.07,$23.59,-14.81%,,,,$24.09,2.12%,$0.00,-100.00%,$0.00,-100.00%,SFNC,NASDAQ:SFNC,0.218,$25.00,-9.60%
NASDAQ:SFST,13 Apr 2026,$53.20,3,$64.00,7,3.33,$62.40,-14.74%,,,,$0.00,-100.00%,$0.00,-100.00%,$0.00,-100.00%,SFST,NASDAQ:SFST,-1.000,$66.50,-3.76%
NYSE:SG,22 Sep 2025,$11.88,3,$14.64,2,1.34,$6.45,84.20%,,,,$6.27,-2.79%,$2.06,-68.07%,$9.30,44.15%,SG,NYSE:SG,-0.593,$8.00,83.00%
NYSE:SGHC,28 Oct 2025,$9.69,2,,,,$14.00,-30.82%,,,,,-100.00%,-$2.00,-114.29%,-$2.00,-114.29%,SGHC,NYSE:SGHC,-2.000,,
NASDAQ:SGHT,11 Dec 2025,$10.39,3,$6.67,5,5.00,$5.26,26.81%,,,,$0.00,-100.00%,$4.72,-10.18%,$4.89,-7.12%,SGHT,NASDAQ:SGHT,-1.000,$8.40,-20.60%
NASDAQ:SGML,12 Aug 2025,$7.24,3,,,1.27,$9.87,-26.64%,,,,$9.02,-8.61%,$11.31,14.59%,$12.16,23.17%,SGML,NASDAQ:SGML,-0.657,$20.62,
NASDAQ:SGRY,24 Aug 2025,$30.88,4,$30.70,8,4.05,$15.40,99.35%,,,,$0.00,-100.00%,-$0.68,-104.44%,-$2.98,-119.34%,SGRY,NASDAQ:SGRY,-1.000,$18.64,64.70%
NYSE:SHAK,19 Sep 2025,$85.64,2,$132.93,5,4.35,$62.75,36.48%,,,,$0.00,-100.00%,$50.40,-19.68%,$58.25,-7.17%,SHAK,NYSE:SHAK,-1.000,$79.70,66.79%
NASDAQ:SHBI,19 Mar 2026,$18.10,3,$20.50,6,2.52,$24.50,-26.13%,,,,$24.55,0.20%,$0.00,-100.00%,$0.00,-100.00%,SHBI,NASDAQ:SHBI,-0.023,$25.75,-20.39%
NYSE:SHG,19 Nov 2025,$55.13,3,,5,2.01,$69.93,-21.16%,,,,$68.61,-1.89%,$0.00,-100.00%,$0.00,-100.00%,SHG,NYSE:SHG,-0.330,$100.00,
NASDAQ:SHIP,16 Feb 2026,$10.93,3,$16.00,10,3.76,$17.49,-37.52%,,,,$16.93,-3.20%,$36.35,107.81%,$60.50,245.93%,SHIP,NASDAQ:SHIP,0.480,$22.00,-27.27%
NASDAQ:SHLS,9 Feb 2026,$7.09,2,$10.69,7,4.32,$8.74,-18.93%,,,,$0.00,-100.00%,$9.09,4.00%,$9.81,12.21%,SHLS,NASDAQ:SHLS,-1.000,$11.05,-3.26%
NASDAQ:SHOP,22 Jan 2026,$148.25,3,$180.62,6,4.33,$117.15,26.55%,,,,$0.00,-100.00%,$148.64,26.88%,$148.95,27.15%,SHOP,NASDAQ:SHOP,-1.000,$148.39,21.72%
NASDAQ:SHPH,28 Oct 2025,$5.16,3,,,,$3.80,35.68%,,,,$0.00,-100.00%,-$43.51,-1245.03%,-$42.32,-1213.68%,SHPH,NASDAQ:SHPH,-1.000,,
NYSE:SHW,15 May 2024,$256.70,1,,,2.64,$340.85,-24.69%,,,,$362.81,6.44%,$292.55,-14.17%,$341.66,0.24%,SHW,NYSE:SHW,0.017,$379.60,
NASDAQ:SIBN,11 Dec 2025,$22.76,3,$23.20,6,4.88,$17.76,28.15%,,,,$0.00,-100.00%,$17.08,-3.83%,$18.25,2.74%,SIBN,NASDAQ:SIBN,-1.000,$24.44,-5.07%
NYSE:SIG,27 Mar 2026,$92.19,3,$113.60,10,2.65,$92.90,-0.76%,,,,$101.93,9.72%,$296.54,219.20%,$291.33,213.59%,SIG,NYSE:SIG,0.005,$109.90,3.37%
NASDAQ:SILC,9 Feb 2026,$16.71,3,,4,5.00,$39.83,-58.06%,,,,$0.00,-100.00%,$38.55,-3.22%,$38.76,-2.69%,SILC,NASDAQ:SILC,-1.000,$60.00,
NASDAQ:SIMO,27 Jan 2026,$94.86,1,$119.17,10,2.27,$253.60,-62.59%,,,,$206.43,-18.60%,$252.69,-0.36%,$253.19,-0.16%,SIMO,NASDAQ:SIMO,-0.163,$298.20,-60.04%
NASDAQ:SIRI,5 May 2025,$31.75,3,$22.14,6,2.60,$29.62,-25.25%,,,,$33.17,11.99%,$9.90,-66.59%,$27.91,-5.77%,SIRI,NASDAQ:SIRI,0.025,$29.31,-24.46%
NYSE:SITC,20 Jul 2026,$6.31,5,$6.00,5,4.68,$4.28,40.19%,40.19%,$5.00,$6.31,$4.76,11.21%,$24.61,474.94%,$51.11,1094.05%,SITC,NYSE:SITC,0.910,$5.00,20.00%
NASDAQ:SITM,5 Feb 2026,$354.78,3,,,5.00,$535.20,-33.71%,,,,$0.00,-100.00%,$499.05,-6.76%,$518.56,-3.11%,SITM,NASDAQ:SITM,-1.000,$837.50,
NYSE:SJM,18 Aug 2025,$126.48,5,$113.93,4,2.83,$119.26,-4.47%,,,,$130.01,9.01%,$300.50,151.97%,$461.50,286.97%,SJM,NYSE:SJM,0.117,$123.94,-8.08%
NYSE:SKE,24 Oct 2025,$9.86,2,,,0.04,$26.58,-62.90%,,,,$23.57,-11.32%,$17.19,-35.31%,$17.25,-35.08%,SKE,NYSE:SKE,-0.983,,
NASDAQ:SKWD,26 Aug 2025,$42.11,3,,,3.44,$59.95,-29.75%,,,,$0.00,-100.00%,$117.84,96.56%,$117.94,96.74%,SKWD,NASDAQ:SKWD,-1.000,$65.18,
NYSE:SKY,31 Mar 2026,$97.81,5,$102.33,4,3.81,$79.61,22.86%,,,,$0.00,-100.00%,$114.38,43.67%,$122.59,53.99%,SKY,NYSE:SKY,-1.000,$92.50,10.63%
NASDAQ:SKYT,26 May 2026,$23.87,3,$35.00,8,3.39,$32.46,-26.45%,,,,$0.00,-100.00%,$35.29,8.71%,$48.67,49.94%,SKYT,NASDAQ:SKYT,-1.000,$35.00,0.00%
NASDAQ:SLAB,27 Jan 2026,$111.32,1,,,1.70,$217.50,-48.82%,,,,$216.86,-0.29%,$250.46,15.15%,$230.51,5.98%,SLAB,NASDAQ:SLAB,-0.385,$222.86,
NYSE:SLB,2 Jul 2026,$49.71,4,$63.13,9,2.62,$49.59,0.25%,,,,$49.66,0.14%,$0.00,-100.00%,$0.00,-100.00%,SLB,NYSE:SLB,-0.023,$62.00,1.82%
NYSE:SLGN,29 Aug 2025,$46.96,3,$59.57,7,2.58,$39.98,17.46%,,,,$41.09,2.78%,$150.91,277.47%,$157.01,292.71%,SLGN,NYSE:SLGN,-0.071,$54.77,8.76%
NASDAQ:SLM,23 Jul 2026,$29.41,3,$29.00,7,2.61,$26.00,11.54%,11.54%,$28.55,$29.41,$26.29,1.12%,$38.25,47.10%,-$4.60,-117.71%,SLM,NASDAQ:SLM,0.007,$28.55,1.58%
NYSE:SM,20 Sep 2025,$40.61,3,$36.25,6,2.71,$32.52,11.47%,,,,$32.38,-0.43%,-$11.98,-136.82%,$50.16,54.25%,SM,NYSE:SM,0.030,$38.40,-5.60%
NASDAQ:SMBK,7 Oct 2025,$38.18,3,$37.00,5,,$52.40,-29.39%,,,,,-100.00%,-$2.00,-103.82%,-$2.00,-103.82%,SMBK,NYSE:SMBK,-2.000,,
NYSE:SMFG,19 Aug 2025,$16.00,3,,,3.12,$25.88,-38.16%,,,,$26.02,0.54%,$200.43,674.48%,$200.65,675.32%,SMFG,NYSE:SMFG,0.226,$28.86,
NASDAQ:SMLR,11 Dec 2025,$21.60,3,$68.50,4,,#N/A,#N/A,,,,,#N/A,-$2.00,#N/A,-$2.00,#N/A,SMLR,NASDAQ:SMLR,-2.000,,
NYSE:SMR,14 Jan 2026,$19.90,3,$32.77,7,5.00,$8.42,136.35%,,,,$0.00,-100.00%,$6.10,-27.51%,$6.12,-27.35%,SMR,NYSE:SMR,-1.000,$14.57,124.91%
NYSE:SNDA,15 Nov 2024,$24.98,3,,,3.11,$40.36,-38.11%,,,,$0.00,-100.00%,$6.60,-83.66%,$16.78,-58.42%,SNDA,NYSE:SNDA,-1.000,$41.25,
NYSE:SNN,11 Dec 2025,$33.47,3,$35.75,3,,$31.56,6.05%,,,,,-100.00%,-$2.00,-106.34%,-$2.00,-106.34%,SNN,NYSE:SNN,-2.000,,
NASDAQ:SNSE,28 Oct 2025,$14.48,3,$30.00,,,#N/A,#N/A,,,,,#N/A,-$2.00,#N/A,-$2.00,#N/A,SNSE,NASDAQ:SNSE,-2.000,,
NYSE:SNV,18 Nov 2025,$47.73,3,$56.00,4,,#N/A,#N/A,,,,,#N/A,-$2.00,#N/A,-$2.00,#N/A,SNV,NYSE:SNV,-2.000,,
NYSE:SO,24 Oct 2025,$88.60,2,,,2.82,$94.54,-6.28%,,,,$99.42,5.16%,$10.51,-88.88%,$59.15,-37.43%,SO,NYSE:SO,0.104,$100.83,
NASDAQ:SOFI,7 Jul 2025,$14.49,2,,,4.32,$16.31,-11.16%,,,,$0.00,-100.00%,-$20.15,-223.56%,-$17.56,-207.68%,SOFI,NASDAQ:SOFI,-1.000,$20.63,
NYSE:SON,19 Nov 2025,$53.35,3,$52.43,10,2.61,$56.36,-6.97%,,,,$59.38,5.36%,$0.00,-100.00%,$0.00,-100.00%,SON,NYSE:SON,-0.003,$63.78,-17.80%
NASDAQ:SONO,22 Jan 2026,$16.57,3,$19.67,8,0.72,$14.66,13.05%,,,,$16.17,10.30%,$55.24,276.78%,$51.40,250.64%,SONO,NASDAQ:SONO,-0.883,$19.12,2.88%
NYSE:SONY,18 Feb 2026,$26.99,4,$32.00,8,1.61,$23.26,16.04%,,,,$22.92,-1.46%,$38.22,64.31%,$57.03,145.18%,SONY,NYSE:SONY,-0.478,$29.38,8.92%
NASDAQ:SOUN,28 Jul 2025,$8.77,2,,,5.00,$6.13,43.07%,,,,$0.00,-100.00%,$5.17,-15.65%,$5.30,-13.50%,SOUN,NASDAQ:SOUN,-1.000,$13.14,
NASDAQ:SPFI,19 Nov 2025,$37.17,3,$43.00,2,3.29,$44.84,-17.11%,,,,$46.78,4.33%,$0.00,-100.00%,$0.00,-100.00%,SPFI,NASDAQ:SPFI,0.301,$50.75,-15.27%
NYSE:SPGI,25 Jun 2026,$468.23,5,,,1.93,$411.93,13.67%,,,,$416.91,1.21%,$576.58,39.97%,$644.72,56.51%,SPGI,NYSE:SPGI,-0.334,$518.72,
NYSE:SPOT,19 May 2025,$495.00,2,$659.00,7,3.99,$499.94,-0.99%,,,,$0.00,-100.00%,$747.64,49.55%,$755.37,51.09%,SPOT,NYSE:SPOT,-1.000,$598.69,10.07%
NASDAQ:SPSC,10 Feb 2026,$142.13,3,$102.87,2,2.60,$73.39,40.17%,,,,$0.00,-100.00%,$152.06,107.20%,$178.39,143.08%,SPSC,NASDAQ:SPSC,-1.000,$67.45,52.51%
NASDAQ:SPWR,9 Feb 2026,$1.50,3,,,5.00,$0.30,400.00%,,,,$0.00,-100.00%,$0.00,-100.00%,$0.00,-100.00%,SPWR,NASDAQ:SPWR,-1.000,$4.70,
NYSE:SPXC,16 May 2025,$153.79,3,$180.00,7,4.21,$219.62,-29.97%,,,,$0.00,-100.00%,$313.98,42.97%,$353.27,60.85%,SPXC,NYSE:SPXC,-1.000,$272.92,-34.05%
NYSE:SQNS,4 Feb 2026,$12.48,3,$14.50,5,,$2.43,413.58%,,,,,-100.00%,-$2.00,-182.30%,-$2.00,-182.30%,SQNS,NYSE:SQNS,-2.000,,
NASDAQ:SRCE,19 Nov 2025,$63.63,3,,,2.72,$89.74,-29.10%,,,,$93.00,3.63%,-$99.24,-210.58%,-$92.78,-203.39%,SRCE,NASDAQ:SRCE,0.098,$80.33,
NASDAQ:SSB,9 Oct 2025,$96.36,3,,,,$105.09,-8.31%,,,,,-100.00%,-$2.00,-101.90%,-$2.00,-101.90%,SSB,NYSE:SSB,-2.000,,
NYSE:SSB,19 Nov 2025,$91.92,3,,,2.81,$105.09,-12.53%,,,,$108.68,3.42%,$0.00,-100.00%,$0.00,-100.00%,SSB,NYSE:SSB,0.084,$119.21,
NASDAQ:SSNC,22 Jan 2026,$86.73,3,$103.29,6,2.61,$77.05,12.56%,,,,$78.72,2.17%,$129.71,68.34%,$179.10,132.45%,SSNC,NASDAQ:SSNC,-0.017,$92.33,11.87%
NASDAQ:SSRM,19 Aug 2025,$11.31,2,,,5.00,$25.62,-55.85%,,,,$0.00,-100.00%,$69.77,172.32%,$82.74,222.95%,SSRM,NASDAQ:SSRM,-1.000,$41.40,
NYSE:ST,16 Feb 2026,$42.55,5,$38.40,4,,$46.29,-17.04%,,,,,-100.00%,-$2.00,-104.32%,-$2.00,-104.32%,ST,NYSE:ST,-2.000,,
NYSE:STAG,19 Aug 2025,$40.11,5,$38.25,9,2.56,$38.26,-0.03%,,,,$39.31,2.74%,$47.28,23.57%,$74.20,93.92%,STAG,NYSE:STAG,-0.019,$41.92,-8.75%
NASDAQ:STBA,27 May 2026,$47.60,3,$44.00,7,3.02,$52.15,-15.63%,,,,$54.66,4.81%,$0.00,-100.00%,$0.00,-100.00%,STBA,NASDAQ:STBA,0.218,$49.50,-11.11%
NYSE:STC,27 Jul 2026,$72.68,3,$79.00,7,4.72,$67.59,7.53%,7.53%,$72.68,$82.25,$75.06,11.05%,$0.00,-100.00%,$0.00,-100.00%,STC,NYSE:STC,0.914,$82.25,-3.95%
NYSE:STE,4 Dec 2025,$261.00,3,$290.00,2,1.61,$228.40,14.27%,,,,$229.91,0.66%,$364.18,59.45%,$587.77,157.34%,STE,NYSE:STE,-0.440,$252.57,14.82%
NYSE:STEL,19 Nov 2025,$31.12,3,$32.50,5,,#N/A,#N/A,,,,,#N/A,-$2.00,#N/A,-$2.00,#N/A,STEL,NYSE:STEL,-2.000,,
NASDAQ:STIM,4 Dec 2025,$1.24,3,,4,5.00,$1.98,-37.54%,,,,$0.00,-100.00%,-$0.15,-107.82%,$0.21,-89.49%,STIM,NASDAQ:STIM,-1.000,$4.50,
NASDAQ:STKL,24 Aug 2025,$6.28,3,$10.00,3,,#N/A,#N/A,,,,,#N/A,-$2.00,#N/A,-$2.00,#N/A,STKL,NASDAQ:STKL,-2.000,,
NYSE:STLA,15 Dec 2025,$15.78,3,$11.43,6,3.99,$5.76,98.44%,,,,$6.34,10.07%,$0.00,-100.00%,$0.00,-100.00%,STLA,NYSE:STLA,0.550,$8.89,28.57%
NASDAQ:STLD,20 Aug 2024,$128.16,3,,,2.19,$251.26,-49.00%,,,,$253.33,0.82%,$273.77,8.96%,$317.89,26.52%,STLD,NASDAQ:STLD,-0.178,$270.08,
NYSE:STM,5 Feb 2026,$31.81,3,,,3.20,$52.39,-39.28%,,,,$52.23,-0.31%,$49.98,-4.60%,$46.55,-11.14%,STM,NYSE:STM,0.206,$71.52,
NYSE:STN,23 Aug 2024,$76.85,2,,,1.71,$70.49,9.03%,,,,$70.17,-0.45%,$109.27,55.02%,$83.84,18.94%,STN,NYSE:STN,-0.447,$94.28,
NASDAQ:STNE,1 Dec 2025,$15.75,3,$21.00,6,4.16,$11.38,38.39%,,,,$11.59,1.85%,-$11.09,-197.45%,-$1.13,-109.93%,STNE,NASDAQ:STNE,0.625,$15.93,31.83%
NASDAQ:STRL,12 Jun 2025,$186.70,3,,,5.00,$596.77,-68.71%,,,,$0.00,-100.00%,$761.40,27.59%,$809.25,35.61%,STRL,NASDAQ:STRL,-1.000,$946.67,
NYSE:STT,22 Feb 2026,$119.80,2,$144.32,7,3.06,$184.16,-34.95%,,,,$187.68,1.91%,$0.00,-100.00%,$0.00,-100.00%,STT,NYSE:STT,0.210,$198.75,-27.39%
NYSE:STVN,16 Feb 2026,$17.21,3,$23.83,3,1.25,$19.85,-13.29%,,,,$19.78,-0.35%,-$9.12,-145.95%,$20.76,4.61%,STVN,NYSE:STVN,-0.630,$24.45,-2.54%
NYSE:SU,30 Jun 2026,$58.27,3,$71.58,9,2.59,$67.28,-13.39%,,,,$67.13,-0.22%,$75.54,12.28%,$117.13,74.10%,SU,NYSE:SU,0.015,$68.73,4.15%
NASDAQ:SUPN,23 Dec 2025,$50.64,3,$61.33,10,5.00,$44.63,13.46%,,,,$0.00,-100.00%,$94.31,111.31%,$117.26,162.75%,SUPN,NASDAQ:SUPN,-1.000,$63.50,-3.42%
NYSE:SUPV,19 Nov 2025,$12.63,4,$12.00,5,,$9.46,26.85%,,,,,-100.00%,-$2.00,-121.14%,-$2.00,-121.14%,SUPV,NYSE:SUPV,-2.000,,
NYSEAMERICAN:SVM,20 Aug 2025,$6.52,0,,1,,$9.36,-30.34%,,,,,-100.00%,-$2.00,-121.37%,-$2.00,-121.37%,SVM,NYSEAMERICAN:SVM,-2.000,,
NYSE:SW,22 Aug 2025,$50.29,5,$54.66,8,3.33,$45.97,9.40%,,,,$49.85,8.44%,$18.31,-60.17%,$25.90,-43.66%,SW,NYSE:SW,0.301,$55.57,-1.64%
NASDAQ:SWKS,27 Apr 2026,$82.45,5,$63.83,1,2.68,$62.28,2.49%,,,,$65.08,4.50%,$140.76,126.02%,$100.90,62.00%,SWKS,NASDAQ:SWKS,0.021,$72.31,-11.73%
NYSE:SXI,11 Nov 2025,$213.24,3,$264.25,5,2.73,$296.50,-28.08%,,,,$297.68,0.40%,$250.31,-15.58%,$279.81,-5.63%,SXI,NYSE:SXI,0.077,$299.80,-11.86%
NASDAQ:SYBT,13 Apr 2026,$73.37,3,$77.00,4,2.63,$85.10,-13.78%,,,,$90.69,6.57%,-$161.51,-289.79%,-$154.75,-281.85%,SYBT,NASDAQ:SYBT,0.051,$79.00,-2.53%
NYSE:SYF,19 Feb 2026,$71.94,3,$91.60,6,2.74,$75.79,-5.08%,,,,$78.76,3.92%,$0.00,-100.00%,$0.00,-100.00%,SYF,NYSE:SYF,0.046,$88.96,2.97%
NYSE:SYK,11 Dec 2025,$359.86,3,$434.53,3,1.70,$325.70,10.49%,,,,$343.48,5.46%,$383.67,17.80%,$434.84,33.51%,SYK,NYSE:SYK,-0.418,$387.04,12.27%
NASDAQ:SYM,19 Nov 2025,$41.10,2,$52.14,6,5.00,$43.05,-4.54%,,,,$0.00,-100.00%,$93.63,117.50%,$97.41,126.28%,SYM,NASDAQ:SYM,-1.000,$65.67,-20.60%
NASDAQ:SYNA,27 Jan 2026,$98.81,4,$93.33,9,4.69,$107.32,-13.04%,,,,$0.00,-100.00%,$98.47,-8.24%,$143.07,33.31%,SYNA,NASDAQ:SYNA,-1.000,$143.67,-35.04%
NYSE:SYY,23 Aug 2024,$74.21,3,,,2.85,$85.24,-12.94%,,,,$87.52,2.67%,$114.01,33.76%,$147.86,73.46%,SYY,NYSE:SYY,0.129,$87.64,
NYSE:TAK,19 Oct 2025,$15.76,5,$18.00,6,,$17.09,-7.78%,,,,,-100.00%,-$2.00,-111.70%,-$2.00,-111.70%,TAK,NYSE:TAK,-2.000,,
NYSE:TAL,20 Aug 2025,$11.69,3,$12.31,4,4.24,$12.50,-6.49%,,,,$0.00,-100.00%,$0.00,-100.00%,$0.00,-100.00%,TAL,NYSE:TAL,-1.000,$15.59,-21.04%
NASDAQ:TASK,30 Jan 2026,$15.02,3,$15.90,2,4.78,#N/A,#N/A,,,,$6.95,#N/A,$53.26,#N/A,$82.13,#N/A,TASK,NASDAQ:TASK,0.913,$9.50,67.37%
NASDAQ:TATT,24 Oct 2025,$40.25,3,,,5.00,$38.90,3.47%,,,,$0.00,-100.00%,$42.05,8.09%,$48.72,25.25%,TATT,NASDAQ:TATT,-1.000,$60.71,
NYSE:TBB,6 Nov 2025,$23.22,1,,1,,$22.69,2.34%,,,,,-100.00%,-$2.00,-108.81%,-$2.00,-108.81%,TBB,NYSE:TBB,-2.000,,
NYSE:TBBB,13 Jun 2025,$23.99,3,,,,$41.33,-41.96%,,,,,-100.00%,-$2.00,-104.84%,-$2.00,-104.84%,TBBB,NYSE:TBBB,-2.000,,
NASDAQ:TBBK,1 Jun 2026,$64.98,3,$66.00,4,3.49,$67.07,-3.11%,,,,$0.00,-100.00%,-$23.72,-135.37%,-$21.80,-132.50%,TBBK,NASDAQ:TBBK,-1.000,$73.67,-10.41%
NASDAQ:TBCH,27 Jan 2026,$17.12,3,$19.75,6,0.53,$12.25,39.75%,,,,$11.36,-7.27%,$69.90,470.62%,$77.12,529.58%,TBCH,NASDAQ:TBCH,-0.975,$16.40,20.43%
NYSE:TBN,11 Dec 2025,$26.01,3,$37.75,8,5.00,$33.25,-21.78%,,,,$0.00,-100.00%,$21.71,-34.71%,$21.73,-34.65%,TBN,NYSE:TBN,-1.000,$55.17,-31.58%
NASDAQ:TBRG,31 Dec 2025,$24.09,3,$21.00,5,,#N/A,#N/A,,,,,#N/A,-$2.00,#N/A,-$2.00,#N/A,TBRG,NASDAQ:TBRG,-2.000,,
NASDAQ:TCBI,27 May 2026,$96.83,3,$105.20,4,3.53,$98.85,-2.04%,,,,$0.00,-100.00%,-$412.60,-517.40%,-$398.53,-503.17%,TCBI,NASDAQ:TCBI,-1.000,$109.31,-3.76%
NASDAQ:TCBK,27 May 2026,$51.81,3,$63.00,3,2.76,$57.54,-9.96%,,,,$59.76,3.86%,$0.00,-100.00%,$0.00,-100.00%,TCBK,NASDAQ:TCBK,0.077,$61.17,2.99%
NYSE:TCBX,1 Jun 2026,$39.78,3,$45.00,5,0.67,$43.84,-9.25%,,,,$42.06,-4.06%,$0.00,-100.00%,$0.00,-100.00%,TCBX,NYSE:TCBX,-0.841,$44.75,0.56%
NASDAQ:TCMD,4 Dec 2025,$31.83,5,$26.67,8,0.69,$28.17,-5.32%,,,,$26.42,-6.21%,$51.11,81.44%,$34.18,21.33%,TCMD,NASDAQ:TCMD,-0.915,$39.50,-32.48%
NYSE:TD,19 Aug 2025,$67.13,3,$73.85,7,2.70,$119.92,-44.02%,,,,$122.06,1.78%,-$586.50,-589.07%,-$574.84,-579.35%,TD,NYSE:TD,0.082,$112.65,-34.44%
NYSE:TDC,11 Feb 2026,$35.11,5,$32.80,10,3.73,$30.99,5.84%,,,,$0.00,-100.00%,$264.80,754.48%,$282.44,811.38%,TDC,NYSE:TDC,-1.000,$35.50,-7.61%
NYSE:TDG,20 Sep 2024,"$1,185.75",2,"$1,509.83",4,3.65,"$1,254.38",-5.47%,,,,"$1,336.37",6.54%,$856.63,-31.71%,$977.37,-22.08%,TDG,NYSE:TDG,0.442,"$1,511.95",-0.14%
NYSE:TDOC,22 Aug 2025,$12.69,3,$9.06,7,3.94,$6.71,35.02%,,,,$0.00,-100.00%,$10.11,50.70%,$30.10,348.53%,TDOC,NYSE:TDOC,-1.000,$7.97,13.68%
NASDAQ:TEAM,11 Dec 2025,$216.58,3,$237.35,8,4.91,$101.02,114.40%,,,,$0.00,-100.00%,$204.04,101.97%,$213.01,110.86%,TEAM,NASDAQ:TEAM,-1.000,$139.70,69.90%
NYSE:TEL,19 Jan 2026,$189.61,1,$275.58,6,2.23,$205.69,-7.82%,,,,$207.46,0.86%,$409.99,99.33%,$467.05,127.06%,TEL,NYSE:TEL,-0.191,$249.55,10.43%
NYSE:TEN,29 Apr 2026,$34.19,3,$50.00,8,4.34,$40.12,-14.78%,,,,$41.62,3.74%,$91.79,128.78%,$103.19,157.19%,TEN,NYSE:TEN,0.761,$46.00,8.70%
NASDAQ:TENB,23 Dec 2025,$34.90,3,$37.75,7,3.42,$32.64,6.92%,,,,$0.00,-100.00%,$47.59,45.82%,$50.96,56.14%,TENB,NASDAQ:TENB,-1.000,$35.40,6.64%
NYSE:TEO,18 Sep 2025,$8.99,5,$9.60,3,3.11,$14.00,-35.79%,,,,$14.18,1.29%,$53.54,282.40%,$196.46,1303.31%,TEO,NYSE:TEO,0.226,$15.48,-37.98%
NASDAQ:TER,19 Jan 2026,$152.12,1,$213.18,7,2.31,$367.69,-58.63%,,,,$322.58,-12.27%,$392.84,6.84%,$406.38,10.52%,TER,NASDAQ:TER,-0.145,$432.38,-50.70%
NYSE:TFC,19 Nov 2025,$46.61,3,$49.70,7,3.38,$51.84,-10.08%,,,,$54.53,5.19%,$0.00,-100.00%,$0.00,-100.00%,TFC,NYSE:TFC,0.358,$54.86,-9.41%
NASDAQ:TFIN,2 Oct 2025,$64.43,3,$64.00,1,,$75.93,-15.71%,,,,,-100.00%,-$2.00,-102.63%,-$2.00,-102.63%,TFIN,NYSE:TFIN,-2.000,,
NYSE:TFIN,19 Nov 2025,$53.40,3,,,3.65,$75.93,-29.67%,,,,$0.00,-100.00%,-$142.52,-287.70%,"$1,062.38",1299.16%,TFIN,NYSE:TFIN,-1.000,$85.80,
NYSE:TFPM,16 Aug 2025,$20.81,1,,,2.08,$28.77,-27.66%,,,,$28.18,-2.05%,$52.87,83.76%,$53.51,86.00%,TFPM,NYSE:TFPM,-0.290,$39.00,
NASDAQ:TFSL,12 Oct 2025,$12.76,3,$13.50,4,,$18.41,-30.68%,,,,,-100.00%,-$2.00,-110.86%,-$2.00,-110.86%,TFSL,NASDAQ:TFSL,-2.000,,
NYSE:TGLS,23 Aug 2025,$69.51,3,,,1.56,$43.44,60.01%,,,,$44.31,2.00%,$50.07,15.26%,$37.69,-13.23%,TGLS,NYSE:TGLS,-0.511,$57.00,
NYSE:TGS,19 Nov 2025,$29.26,3,$13.33,7,4.35,$31.83,-58.12%,,,,$0.00,-100.00%,$46.24,45.26%,$86.58,171.99%,TGS,NYSE:TGS,-1.000,$40.43,-67.03%
NYSE:TGT,21 Sep 2025,$120.25,3,$103.27,3,2.86,$144.49,-28.53%,,,,$150.69,4.29%,$232.35,60.81%,$161.13,11.51%,TGT,NYSE:TGT,0.156,$133.99,-22.93%
NASDAQ:THFF,27 May 2026,$67.98,3,$70.00,5,2.78,$80.55,-15.60%,,,,$82.45,2.36%,-$253.50,-414.71%,-$234.10,-390.62%,THFF,NASDAQ:THFF,0.119,$74.50,-6.04%
NYSE:THO,29 Jul 2024,$143.00,5,,,2.85,$74.97,90.74%,,,,$81.41,8.59%,$161.47,115.38%,$211.55,182.17%,THO,NYSE:THO,0.086,$90.50,
NYSE:THR,19 Nov 2025,$40.68,4,$38.00,8,,#N/A,#N/A,,,,,#N/A,-$2.00,#N/A,-$2.00,#N/A,THR,NYSE:THR,-2.000,,
NASDAQ:THRY,11 Feb 2026,$8.29,3,$13.00,2,0.54,$4.05,104.60%,,,,$3.93,-2.96%,$11.55,185.18%,$2.56,-36.90%,THRY,NASDAQ:THRY,-0.927,$4.67,178.37%
NASDAQ:TIGR,24 Oct 2025,$10.39,3,$11.86,9,5.00,$4.90,112.04%,,,,$0.00,-100.00%,$62.43,1174.01%,$62.98,1185.23%,TIGR,NASDAQ:TIGR,-1.000,$7.68,54.43%
NASDAQ:TILE,13 Feb 2025,$17.99,3,$30.00,7,1.29,$34.26,-47.50%,,,,$33.01,-3.65%,$32.70,-4.54%,$44.16,28.88%,TILE,NASDAQ:TILE,-0.599,$40.50,-25.93%
NYSE:TJX,18 Aug 2025,$107.88,1,$144.77,9,2.57,$157.34,-31.44%,,,,$161.61,2.71%,$176.88,12.42%,$196.51,24.90%,TJX,NYSE:TJX,-0.017,$177.21,-18.31%
NASDAQ:TKLF,19 Oct 2025,$5.59,3,,,,$2.01,178.11%,,,,,-100.00%,-$2.00,-199.50%,-$2.00,-199.50%,TKLF,NASDAQ:TKLF,-2.000,,
NYSE:TKR,16 Jun 2026,$121.71,2,$138.67,6,3.30,$137.55,-11.52%,,,,$142.41,3.53%,$99.54,-27.63%,$132.19,-3.89%,TKR,NYSE:TKR,0.322,$144.91,-4.31%
NASDAQ:TLRY,14 Aug 2025,$1.31,3,,,5.00,$4.54,-71.21%,,,,$0.00,-100.00%,$6.36,40.09%,$9.22,103.01%,TLRY,NASDAQ:TLRY,-1.000,$9.05,
NASDAQ:TLSI,11 Dec 2025,$8.40,3,$11.60,9,5.00,$4.54,84.98%,,,,$0.00,-100.00%,$2.81,-38.08%,$2.84,-37.42%,TLSI,NASDAQ:TLSI,-1.000,$9.00,28.89%
NASDAQ:TLX,11 Dec 2025,$12.46,3,,,,$9.89,25.94%,,,,,-100.00%,-$2.00,-120.22%,-$2.00,-120.22%,TLX,NASDAQ:TLX,-2.000,,
NYSE:TM,15 Dec 2025,$215.08,5,,9,,$188.99,13.80%,,,,,-100.00%,-$2.00,-101.06%,-$2.00,-101.06%,TM,NYSE:TM,-2.000,,
NASDAQ:TMC,18 Aug 2025,$4.39,3,,,5.00,$3.56,23.26%,,,,$0.00,-100.00%,$2.99,-16.05%,$2.99,-16.00%,TMC,NASDAQ:TMC,-1.000,$10.83,
NASDAQ:TMCI,4 Dec 2025,$3.25,3,$5.47,4,3.42,$4.31,-24.65%,,,,$0.00,-100.00%,$4.77,10.76%,$5.86,36.08%,TMCI,NASDAQ:TMCI,-1.000,$4.67,17.13%
NASDAQ:TMDX,11 Dec 2025,$138.40,3,$147.00,8,5.00,$76.51,80.90%,,,,$0.00,-100.00%,$101.09,32.12%,$110.06,43.85%,TMDX,NASDAQ:TMDX,-1.000,$112.89,30.22%
NYSE:TME,12 Aug 2025,$23.93,3,$19.85,8,,$9.45,110.05%,,,,,-100.00%,-$2.00,-121.16%,-$2.00,-121.16%,TME,NYSE:TME,-2.000,,
NYSE:TMHC,15 Jun 2026,$82.94,4,$62.90,9,2.61,$72.45,-13.18%,,,,$0.00,-100.00%,$142.41,96.57%,$145.68,101.07%,TMHC,NYSE:TMHC,-1.000,$66.75,-5.77%
NYSEAMERICAN:TMP,2 Oct 2025,$65.36,1,,,,$99.84,-34.54%,,,,,-100.00%,-$2.00,-102.00%,-$2.00,-102.00%,TMP,NYSEAMERICAN:TMP,-2.000,,
NYSE:TNC,11 Nov 2025,$100.24,5,$105.00,4,3.11,$84.03,19.29%,,,,$90.31,7.47%,$106.35,26.57%,$127.99,52.31%,TNC,NYSE:TNC,0.226,$93.50,12.30%
NASDAQ:TNDM,11 Dec 2025,$20.68,3,$23.06,9,5.00,$19.50,6.06%,,,,$0.00,-100.00%,$7.33,-62.42%,$9.54,-51.05%,TNDM,NASDAQ:TNDM,-1.000,$29.08,-20.70%
NYSE:TNET,15 Dec 2025,$73.13,3,$65.50,7,2.70,$65.83,-0.50%,,,,$73.49,11.64%,$120.75,83.43%,$137.27,108.53%,TNET,NYSE:TNET,0.094,$57.60,13.72%
NASDAQ:TOI,15 Aug 2025,$3.94,3,$6.25,8,0.85,$4.86,-18.95%,,,,$4.64,-4.53%,$2.96,-39.05%,$3.23,-33.46%,TOI,NASDAQ:TOI,-0.845,$8.40,-25.60%
NYSE:TOL,1 Apr 2026,$149.13,5,$165.90,4,2.25,$145.89,2.22%,,,,$151.33,3.73%,$160.42,9.96%,$167.94,15.11%,TOL,NYSE:TOL,-0.169,$168.20,-1.37%
NYSE:TOST,22 Jan 2026,$36.30,3,$46.56,4,3.37,$32.27,12.48%,,,,$0.00,-100.00%,$43.57,35.02%,$44.60,38.22%,TOST,NYSE:TOST,-1.000,$34.65,34.37%
NASDAQ:TOWN,2 Oct 2025,$37.19,3,$41.00,5,3.42,$37.91,-1.91%,,,,$40.08,5.72%,$0.00,-100.00%,$0.00,-100.00%,TOWN,NASDAQ:TOWN,0.376,$39.75,3.14%
NYSE:TPB,18 Sep 2025,$86.86,3,,,0.99,$74.61,16.42%,,,,$74.95,0.46%,$117.25,57.15%,$118.30,58.56%,TPB,NYSE:TPB,-0.781,$123.00,
NYSE:TPC,24 Dec 2025,$68.65,1,,,4.76,$83.75,-18.03%,,,,$0.00,-100.00%,$141.17,68.56%,$152.50,82.09%,TPC,NYSE:TPC,-1.000,$113.25,
NYSE:TPH,16 Mar 2026,$59.96,5,$46.50,1,,#N/A,#N/A,,,,,#N/A,-$2.00,#N/A,-$2.00,#N/A,TPH,NYSE:TPH,-2.000,,
NYSE:TPL,9 Apr 2025,$774.67,2,,9,2.07,$402.58,92.43%,,,,$390.80,-2.93%,$531.47,32.02%,$544.20,35.18%,TPL,NYSE:TPL,-0.234,$443.50,
NYSE:TPR,26 Aug 2025,$73.71,2,,,2.01,$152.37,-51.62%,,,,$148.54,-2.51%,$169.88,11.49%,$174.13,14.28%,TPR,NYSE:TPR,-0.262,$167.15,
NASDAQ:TREE,11 Aug 2025,$78.94,3,$63.86,8,5.00,$31.86,100.44%,,,,$0.00,-100.00%,$41.20,29.31%,$45.36,42.38%,TREE,NASDAQ:TREE,-1.000,$63.83,0.05%
NYSE:TREX,9 Apr 2024,$83.55,2,,,4.10,$43.36,92.69%,,,,$0.00,-100.00%,$101.96,135.15%,$110.85,155.65%,TREX,NYSE:TREX,-1.000,$52.94,
NYSE:TRGP,1 Sep 2025,$152.25,2,$206.29,6,3.08,$270.37,-43.69%,,,,$274.84,1.65%,$233.15,-13.77%,$245.51,-9.20%,TRGP,NYSE:TRGP,0.214,$296.62,-30.45%
NASDAQ:TRI,26 Aug 2025,$160.83,2,,,2.76,$98.13,63.89%,,,,$110.06,12.16%,$149.47,52.32%,$185.82,89.36%,TRI,NASDAQ:TRI,0.045,$120.17,
NASDAQ:TRMB,29 Jan 2026,$71.27,3,$98.71,5,5.00,$56.58,25.97%,,,,$0.00,-100.00%,$82.75,46.25%,$91.49,61.70%,TRMB,NASDAQ:TRMB,-1.000,$81.27,21.46%
NASDAQ:TRMK,19 Nov 2025,$39.99,3,$42.50,4,2.94,$47.45,-15.72%,,,,$48.10,1.37%,-$205.23,-532.51%,-$194.34,-509.57%,TRMK,NASDAQ:TRMK,0.170,$47.65,-10.81%
NYSE:TRN,23 Aug 2025,$33.90,4,$29.00,3,,$31.24,-7.17%,,,,,-100.00%,-$2.00,-106.40%,-$2.00,-106.40%,TRN,NYSE:TRN,-2.000,,
NASDAQ:TROW,8 Jan 2026,$118.25,5,$113.60,7,3.06,$111.75,1.66%,,,,$124.17,11.11%,$375.21,235.76%,$399.90,257.85%,TROW,NASDAQ:TROW,0.228,$110.00,3.27%
NASDAQ:TRST,19 Nov 2025,$40.35,3,,3,2.44,$56.98,-29.19%,,,,$59.14,3.79%,$0.00,-100.00%,$0.00,-100.00%,TRST,NASDAQ:TRST,0.041,$26.00,
NYSE:TRV,18 Sep 2025,$253.19,2,,,2.79,$374.36,-32.37%,,,,$404.78,8.13%,$484.46,29.41%,$538.65,43.88%,TRV,NYSE:TRV,0.118,$357.83,
NASDAQ:TSAT,19 Jan 2026,$24.33,2,,1,1.00,$37.26,-34.70%,,,,$0.00,-100.00%,$24.31,-34.76%,$31.92,-14.34%,TSAT,NASDAQ:TSAT,-1.000,$19.04,
NASDAQ:TSCO,23 July 2026,$47.09,3,$39.00,4,3.08,$30.77,26.75%,26.75%,$35.52,$47.09,$32.42,5.36%,$34.21,11.18%,$43.67,41.92%,TSCO,NASDAQ:TSCO,0.202,$35.52,9.80%
NASDAQ:TSEM,9 Feb 2026,$95.60,2,$131.00,10,5.00,$219.67,-56.48%,,,,$0.00,-100.00%,$278.38,26.73%,$306.01,39.30%,TSEM,NASDAQ:TSEM,-1.000,$313.83,-58.26%
NASDAQ:TSLA,15 Dec 2025,$312.61,1,$386.42,7,0.54,$311.21,0.45%,,,,$284.81,-8.48%,$301.74,-3.04%,$297.05,-4.55%,TSLA,NASDAQ:TSLA,-0.957,$399.45,-3.26%
NYSE:TSN,26 Jun 2026,$58.80,4,$73.00,9,,$57.96,1.45%,,,,,-100.00%,-$2.00,-103.45%,-$2.00,-103.45%,TSN,NYSE:TSN,-2.000,,
NASDAQ:TSSI,4 Feb 2026,$12.86,4,$15.00,2,5.00,$9.92,29.64%,,,,$0.00,-100.00%,$27.19,174.04%,$27.94,181.66%,TSSI,NASDAQ:TSSI,-1.000,$18.00,-16.67%
NYSE:TT,31 Mar 2026,$379.88,2,$480.38,10,,$454.95,-16.50%,,,,,-100.00%,-$2.00,-100.44%,-$2.00,-100.44%,TT,NYSE:TT,-2.000,,
NYSE:TTC,3 Apr 2024,$80.79,2,,,3.08,$91.87,-12.06%,,,,$96.49,5.03%,$157.55,71.49%,$172.32,87.57%,TTC,NYSE:TTC,0.192,$109.25,
NASDAQ:TTGT,30 Jan 2026,$10.74,3,,,5.00,$4.49,139.15%,,,,$0.00,-100.00%,$5.70,27.02%,$2.12,-52.71%,TTGT,NASDAQ:TTGT,-1.000,$10.67,
NASDAQ:TTMI,5 Feb 2026,$83.36,2,$100.00,7,5.00,$115.44,-27.79%,,,,$0.00,-100.00%,$97.43,-15.60%,$115.12,-0.28%,TTMI,NASDAQ:TTMI,-1.000,$212.00,-52.83%
NASDAQ:TTWO,12 Oct 2025,$173.47,1,,,0.72,$242.92,-28.59%,,,,$240.40,-1.04%,$252.21,3.82%,$343.18,41.27%,TTWO,NASDAQ:TTWO,-0.852,$284.14,
NYSE:TUYA,19 Aug 2025,$2.34,3,,,,$1.68,39.46%,,,,,-100.00%,-$2.00,-219.05%,-$2.00,-219.05%,TUYA,NYSE:TUYA,-2.000,,
NYSE:TV,3 Oct 2025,$2.63,3,$4.70,6,2.08,$2.80,-6.02%,,,,$2.77,-1.07%,$68.82,2357.81%,$188.20,6621.37%,TV,NYSE:TV,-0.289,$3.80,23.68%
NYSE:TWI,20 Sep 2024,$12.61,3,,,5.00,$7.22,74.61%,,,,$0.00,-100.00%,$14.97,107.34%,$21.12,192.56%,TWI,NYSE:TWI,-1.000,$11.75,
NYSE:TWLO,27 Jan 2026,$126.44,3,$147.11,8,3.31,$197.35,-35.93%,,,,$0.00,-100.00%,$227.99,15.53%,$240.41,21.82%,TWLO,NYSE:TWLO,-1.000,$209.76,-29.87%
NASDAQ:TXN,19 Jan 2026,$191.02,3,,,3.25,$275.74,-30.72%,,,,$288.25,4.54%,$332.48,20.58%,$354.71,28.64%,TXN,NASDAQ:TXN,0.277,$320.03,
NASDAQ:TXRH,18 Sep 2025,$146.40,1,,,2.50,$205.44,-28.74%,,,,$206.64,0.58%,$346.57,68.70%,$402.13,95.74%,TXRH,NASDAQ:TXRH,-0.015,$200.35,
NYSE:TYL,24 Aug 2025,$541.31,3,$682.54,7,5.00,$309.60,74.84%,,,,$0.00,-100.00%,$484.51,56.49%,$550.37,77.77%,TYL,NYSE:TYL,-1.000,$435.36,56.78%
NYSE:UA,23 Dec 2025,$10.78,3,$7.50,4,5.00,$6.49,15.56%,,,,$0.00,-100.00%,$28.10,333.00%,$36.25,458.57%,UA,NYSE:UA,-1.000,$14.00,-46.43%
NYSE:UAA,23 Dec 2025,$11.22,3,$5.58,3,2.72,$6.65,-16.09%,,,,$0.00,-100.00%,$29.84,348.79%,$38.49,478.77%,UAA,NYSE:UAA,-1.000,$6.28,-11.15%
NYSEAMERICAN:UAMY,3 Jul 2025,$7.55,1,$4.94,7,,#N/A,#N/A,,,,,#N/A,-$2.00,#N/A,-$2.00,#N/A,UAMY,NYSEAMERICAN:UAMY,-2.000,,
NYSE:UBER,3 Feb 2026,$84.31,3,$111.26,7,5.00,$70.36,19.83%,,,,$0.00,-100.00%,$111.91,59.06%,$116.71,65.87%,UBER,NYSE:UBER,-1.000,$103.89,7.09%
NYSE:UBS,19 Aug 2025,$37.97,3,,,2.41,$52.74,-28.01%,,,,$52.48,-0.49%,$17.74,-66.37%,-$7.26,-113.76%,UBS,NYSE:UBS,-0.062,$52.20,
NASDAQ:UBSI,27 May 2026,$44.17,3,$47.00,7,2.86,$48.45,-8.83%,,,,$50.20,3.61%,$0.00,-100.00%,$0.00,-100.00%,UBSI,NASDAQ:UBSI,0.131,$50.00,-6.00%
NASDAQ:UCB,21 Oct 2025,$31.41,3,$35.00,5,,$35.44,-11.37%,,,,,-100.00%,-$2.00,-105.64%,-$2.00,-105.64%,UCB,NYSE:UCB,-2.000,,
NYSE:UCB,19 Nov 2025,$31.12,3,$35.33,7,3.21,$35.44,-12.19%,,,,$36.56,3.16%,$0.00,-100.00%,$0.00,-100.00%,UCB,NYSE:UCB,0.272,$38.92,-9.22%
NASDAQ:UDMY,20 Aug 2025,$10.79,4,$10.00,5,,#N/A,#N/A,,,,,#N/A,-$2.00,#N/A,-$2.00,#N/A,UDMY,NASDAQ:UDMY,-2.000,,
NYSE:UDR,10 Sep 2025,$42.82,4,$44.23,9,2.83,$38.16,12.21%,,,,$40.47,6.05%,$0.00,-100.00%,$0.00,-100.00%,UDR,NYSE:UDR,0.100,$42.00,5.31%
NASDAQ:UFPI,31 Jan 2025,$119.95,3,$155.00,3,2.93,$86.74,38.29%,,,,$92.32,6.43%,$207.83,139.60%,$233.68,169.40%,UFPI,NASDAQ:UFPI,0.127,$103.00,50.49%
NASDAQ:UFPT,4 Dec 2025,$299.56,3,,5,4.37,$254.78,17.58%,,,,$0.00,-100.00%,$256.06,0.50%,$296.62,16.42%,UFPT,NASDAQ:UFPT,-1.000,$324.50,
NYSE:UGP,20 Aug 2025,$4.45,3,$4.00,5,#ERROR!,$6.50,-38.46%,,,,$6.30,-3.08%,$7.45,14.58%,$12.12,86.48%,UGP,NYSE:UGP,-0.112,$6.43,-37.79%
NYSE:UI,26 Jan 2026,$379.66,1,,,1.41,$556.52,-31.78%,,,,$515.95,-7.29%,$694.88,24.86%,$699.98,25.78%,UI,NYSE:UI,-0.597,$826.00,
NYSE:UIS,29 Jan 2026,$4.30,3,$4.00,5,5.00,$2.87,39.37%,,,,$0.00,-100.00%,$2.61,-9.15%,-$10.60,-469.28%,UIS,NYSE:UIS,-1.000,$5.75,-30.43%
NYSE:UL,10 Sep 2025,$66.09,3,$67.00,6,,$63.41,4.22%,,,,,-100.00%,-$2.00,-103.15%,-$2.00,-103.15%,UL,NYSE:UL,-2.000,,
NYSE:ULS,19 Aug 2025,$55.15,1,,,2.22,$91.64,-39.82%,,,,$91.65,0.01%,$193.36,111.00%,$232.87,154.12%,ULS,NYSE:ULS,-0.188,$108.95,
NASDAQ:UMBF,27 May 2026,$132.22,3,$147.00,9,2.61,$145.73,-9.27%,,,,$151.91,4.24%,-$409.60,-381.07%,-$382.98,-362.80%,UMBF,NASDAQ:UMBF,0.009,$157.00,-6.37%
NYSE:UMC,19 Jan 2026,$9.15,3,,,3.95,$19.03,-51.92%,,,,$18.83,-1.05%,$32.16,69.01%,$54.36,185.64%,UMC,NYSE:UMC,0.655,$16.25,
NYSE:UNFI,24 Mar 2026,$78.83,5,$44.00,7,2.86,$50.83,-13.44%,,,,$0.00,-100.00%,$1.41,-97.22%,$64.75,27.38%,UNFI,NYSE:UNFI,-1.000,$49.38,-10.90%
NYSE:UNM,17 Feb 2025,$69.73,2,$100.00,7,2.89,$86.11,-19.03%,,,,$86.55,0.51%,-$167.66,-294.70%,-$160.03,-285.84%,UNM,NYSE:UNM,0.110,$102.23,-2.18%
NYSE:UNP,21 May 2024,$230.08,3,,,2.75,$292.13,-21.24%,,,,$300.05,2.71%,$322.67,10.46%,$361.20,23.64%,UNP,NYSE:UNP,0.061,$328.29,
NASDAQ:UPBD,5 Feb 2026,$31.13,3,$29.00,6,4.13,$19.39,49.56%,,,,$22.18,14.39%,$135.74,600.05%,$539.24,2681.03%,UPBD,NASDAQ:UPBD,0.615,$28.64,1.26%
NASDAQ:URBN,4 Apr 2026,$63.30,3,$87.71,9,3.81,$74.18,-14.67%,,,,$0.00,-100.00%,$159.58,115.13%,$143.70,93.72%,URBN,NASDAQ:URBN,-1.000,$86.15,1.81%
NYSE:URI,9 Apr 2025,$683.12,5,$774.77,6,2.27,"$1,079.26",-36.70%,,,,"$1,065.99",-1.23%,"$1,588.82",47.21%,"$2,432.35",125.37%,URI,NYSE:URI,-0.162,"$1,261.88",-38.60%
NASDAQ:UROY,18 Aug 2025,$3.73,4,$3.44,6,4.60,$3.40,1.18%,,,,$0.00,-100.00%,$4.82,41.73%,$4.83,41.98%,UROY,NASDAQ:UROY,-1.000,$4.49,-23.39%
NASDAQ:USAR,22 Jan 2026,$17.53,3,,,5.00,$14.95,17.26%,,,,$0.00,-100.00%,$18.23,21.97%,$20.24,35.41%,USAR,NASDAQ:USAR,-1.000,$37.50,
NYSE:USB,20 Mar 2026,$56.96,3,$64.06,8,3.05,$63.01,-9.60%,,,,$65.65,4.19%,$0.00,-100.00%,$0.00,-100.00%,USB,NYSE:USB,0.199,$70.25,-8.81%
NYSEAMERICAN:USBC,29 Jan 2026,$0.61,1,,,,$0.32,90.63%,,,,,-100.00%,-$2.00,-725.00%,-$2.00,-725.00%,USBC,NYSEAMERICAN:USBC,-2.000,,
NASDAQ:UTHR,23 Dec 2025,$479.02,3,$521.25,5,4.41,$517.71,-7.47%,,,,$0.00,-100.00%,$986.03,90.46%,"$1,015.13",96.08%,UTHR,NASDAQ:UTHR,-1.000,$663.23,-21.41%
NYSE:UTL,23 Jun 2026,$55.21,4,,,3.14,$53.94,2.35%,,,,$57.50,6.60%,$21.59,-59.97%,$105.26,95.15%,UTL,NYSE:UTL,0.255,$55.33,
NASDAQ:UVSP,19 Nov 2025,$30.95,3,$34.00,4,2.40,$44.24,-30.03%,,,,$45.10,1.94%,$0.00,-100.00%,$0.00,-100.00%,UVSP,NASDAQ:UVSP,-0.063,$43.33,-21.53%
NYSE:UVV,17 Mar 2026,$66.56,4,,2,3.75,$52.69,26.32%,,,,$57.56,9.24%,$207.75,294.28%,$231.03,338.47%,UVV,NYSE:UVV,0.446,$74.00,
NYSE:UWMC,26 Jun 2026,$3.01,4,$4.39,2,3.36,$1.82,65.38%,,,,$2.10,15.38%,-$26.58,-1560.18%,-$23.80,-1407.79%,UWMC,NYSE:UWMC,0.273,$3.98,10.30%
NYSE:V,7 Sep 2025,$315.05,2,$397.95,10,,$366.13,-13.95%,,,,,-100.00%,-$2.00,-100.55%,-$2.00,-100.55%,V,NYSE:V,-2.000,,
NYSE:VAL,30 Jun 2026,$84.57,3,$98.00,7,2.25,$79.19,6.80%,,,,$0.00,-100.00%,$102.69,29.68%,$62.66,-20.87%,VAL,NYSE:VAL,-1.000,$67.27,45.68%
NYSE:VALE,14 Jan 2026,$14.72,4,$14.34,10,3.57,$15.06,-4.78%,,,,$15.31,1.66%,$9.92,-34.15%,$16.64,10.47%,VALE,NYSE:VALE,0.425,$16.96,-15.45%
NASDAQ:VBNK,24 Aug 2025,$12.54,3,$12.24,3,1.77,$19.34,-36.71%,,,,$19.25,-0.47%,-$38.16,-297.29%,-$37.53,-294.04%,VBNK,NASDAQ:VBNK,-0.400,$24.00,-49.00%
NASDAQ:VECO,5 Sep 2025,$35.14,3,$26.33,4,1.26,$50.00,-47.34%,,,,$42.57,-14.86%,$41.35,-17.30%,$44.64,-10.71%,VECO,NASDAQ:VECO,-0.621,$60.33,-56.36%
NYSE:VFC,26 Aug 2025,$31.37,5,$14.25,6,2.78,$14.32,-0.49%,,,,$16.49,15.15%,$110.13,669.03%,$11.69,-18.39%,VFC,NYSE:VFC,0.014,$20.21,-29.49%
NASDAQ:VIAV,30 Jan 2026,$16.67,1,$25.06,2,0.85,$36.95,-54.87%,,,,$30.72,-16.86%,$31.69,-14.24%,$35.23,-4.66%,VIAV,NASDAQ:VIAV,-0.846,$64.57,-61.19%
NYSE:VICI,19 Jun 2026,$33.66,5,$34.09,9,3.22,$26.35,27.74%,,,,$27.90,5.88%,$51.42,95.15%,$51.48,95.37%,VICI,NYSE:VICI,0.241,$33.12,2.93%
NASDAQ:VICR,30 Jan 2026,$121.65,1,$187.50,8,5.00,$207.37,-41.34%,,,,$0.00,-100.00%,$0.00,-100.00%,$0.00,-100.00%,VICR,NASDAQ:VICR,-1.000,$386.25,-51.46%
NASDAQ:VISN,23 Jul 2026,$12.68,3,,,4.81,$11.74,7.99%,7.99%,$12.68,$17.33,$12.57,7.07%,$45.26,285.55%,$66.65,467.73%,VISN,NASDAQ:VISN,0.915,$17.33,
NYSE:VIST,13 Jun 2025,$50.56,3,$70.00,6,4.85,$70.45,-28.24%,,,,$0.00,-100.00%,$252.16,257.92%,$403.06,472.13%,VIST,NYSE:VIST,-1.000,$96.51,-27.47%
NYSE:VIV,17 Feb 2025,$11.28,3,$11.80,5,3.02,$12.92,-12.71%,,,,$13.34,3.25%,$36.62,183.44%,$75.06,480.94%,VIV,NYSE:VIV,0.175,$14.92,-20.91%
NASDAQ:VLGEA,17 Mar 2026,$43.63,3,,6,2.39,$43.94,-0.71%,,,,$43.88,-0.14%,$111.88,154.62%,$167.17,280.45%,VLGEA,NASDAQ:VLGEA,-0.046,,
NYSE:VLN,9 Feb 2026,$2.14,3,$3.33,6,5.00,$1.57,36.31%,,,,$0.00,-100.00%,$3.17,101.61%,$2.31,46.83%,VLN,NYSE:VLN,-1.000,$4.33,-23.09%
NYSE:VLO,29 Jun 2026,$198.17,1,$266.27,9,2.68,$312.90,-36.67%,,,,$315.34,0.78%,$369.24,18.01%,$476.17,52.18%,VLO,NYSE:VLO,0.076,$289.63,-8.07%
NYSE:VLRS,22 Aug 2025,$7.94,3,$7.67,4,3.96,$7.83,-2.04%,,,,$0.00,-100.00%,$103.57,1222.74%,$109.72,1301.31%,VLRS,NYSE:VLRS,-1.000,$9.34,-17.88%
NASDAQ:VLY,19 Nov 2025,$10.95,3,$13.73,9,3.40,$14.29,-23.36%,,,,$14.87,4.06%,$0.00,-100.00%,$0.00,-100.00%,VLY,NASDAQ:VLY,0.340,$16.67,-17.64%
NYSE:VMC,31 Dec 2025,$246.19,1,$331.22,9,,$268.57,-8.33%,,,,,-100.00%,-$2.00,-100.74%,-$2.00,-100.74%,VMC,NYSE:VMC,-2.000,,
NASDAQ:VNDA,13 Nov 2025,$5.38,3,$15.50,8,5.00,$5.10,5.45%,,,,$0.00,-100.00%,$5.94,16.54%,$7.74,51.81%,VNDA,NASDAQ:VNDA,-1.000,$14.12,9.77%
NASDAQ:VNET,9 Feb 2026,$7.43,1,$13.80,7,,$7.17,3.60%,,,,,-100.00%,-$2.00,-127.89%,-$2.00,-127.89%,VNET,NASDAQ:VNET,-2.000,,
NYSE:VNO,28 May 2026,$40.08,3,$31.60,8,2.86,$39.39,-19.78%,,,,$42.39,7.62%,$1.85,-95.29%,$35.21,-10.61%,VNO,NYSE:VNO,0.139,$38.85,-18.66%
NYSEAMERICAN:VNRX,11 Dec 2025,$0.32,1,$2.25,8,,$0.72,-55.56%,,,,,-100.00%,-$2.00,-377.78%,-$2.00,-377.78%,VNRX,NYSEAMERICAN:VNRX,-2.000,,
NYSE:VNT,11 Feb 2026,$45.33,3,$47.25,4,0.82,$32.13,41.08%,,,,$31.46,-2.09%,$30.32,-5.64%,$45.28,40.94%,VNT,NYSE:VNT,-0.821,$39.70,19.02%
NASDAQ:VRDN,19 May 2025,$24.97,4,$37.70,3,5.00,$18.92,31.98%,,,,$0.00,-100.00%,$14.42,-23.81%,$14.32,-24.30%,VRDN,NASDAQ:VRDN,-1.000,$36.12,4.37%
NASDAQ:VREX,16 Dec 2025,$15.01,4,$15.33,7,5.00,$11.19,34.14%,,,,$0.00,-100.00%,$14.78,32.10%,$20.79,85.81%,VREX,NASDAQ:VREX,-1.000,$18.00,-14.83%
NASDAQ:VRRM,30 Jan 2026,$22.14,4,$25.00,5,5.00,$5.29,318.51%,,,,$0.00,-100.00%,$2.03,-61.66%,$14.67,177.29%,VRRM,NASDAQ:VRRM,-1.000,$9.86,153.55%
NASDAQ:VSAT,30 Jan 2026,$27.54,2,$45.00,6,0.79,$76.93,-64.20%,,,,$68.54,-10.91%,$10.46,-86.41%,$137.22,78.37%,VSAT,NASDAQ:VSAT,-0.834,$94.14,-52.20%
NYSE:VSCO,12 Jun 2025,$36.51,5,$22.56,8,,#N/A,#N/A,,,,$0.00,#N/A,$246.78,#N/A,$274.17,#N/A,VSCO,NYSE:VSCO,-1.000,$64.44,-64.99%
NYSE:VSH,28 Jan 2026,$21.32,3,$16.00,5,3.45,$34.22,-53.24%,,,,$34.14,-0.23%,$24.77,-27.61%,$22.03,-35.63%,VSH,NYSE:VSH,0.403,$34.00,-52.94%
NYSE:VTEX,15 Dec 2025,$4.81,3,$6.10,1,0.54,$4.31,11.71%,,,,$4.10,-4.87%,$10.23,137.39%,$10.74,149.29%,VTEX,NYSE:VTEX,-0.982,$6.01,1.50%
NYSE:VTMX,15 Jun 2025,$34.66,3,$21.00,5,2.39,$34.49,-39.11%,,,,$34.90,1.19%,$27.43,-20.47%,$27.69,-19.71%,VTMX,NYSE:VTMX,-0.086,$36.90,-43.09%
NYSE:VTR,19 Sep 2025,$68.32,3,$76.83,9,,$93.51,-26.94%,,,,,-100.00%,-$2.00,-102.14%,-$2.00,-102.14%,VTR,NYSE:VTR,-2.000,,
NASDAQ:VVPR,9 Feb 2026,$2.07,3,,,,#N/A,#N/A,,,,,#N/A,-$2.00,#N/A,-$2.00,#N/A,VVPR,NASDAQ:VVPR,-2.000,,
NYSE:VVV,18 Sep 2025,$45.89,3,,,0.51,$38.41,19.48%,,,,$37.95,-1.20%,$23.63,-38.48%,$34.44,-10.33%,VVV,NYSE:VVV,-0.933,$43.33,
NYSE:VVX,11 Aug 2025,$66.16,5,$61.22,3,0.63,$90.24,-32.16%,,,,$83.12,-7.89%,$309.81,243.32%,$354.80,293.17%,VVX,NYSE:VVX,-0.837,$83.55,-26.73%
NYSE:VYX,25 Feb 2026,$13.06,5,$15.13,6,5.00,$8.27,57.88%,,,,$0.00,-100.00%,-$10.06,-221.63%,$11.95,44.56%,VYX,NYSE:VYX,-1.000,$12.12,24.83%
NYSEAMERICAN:VZLA,14 Aug 2025,$4.47,,$4.07,8,5.00,$3.14,29.62%,,,,$0.00,-100.00%,$3.23,2.81%,$3.23,2.85%,VZLA,NYSEAMERICAN:VZLA,-1.000,$6.60,-38.33%
NYSE:WAB,23 Aug 2025,$179.00,2,,,1.37,$290.86,-38.46%,,,,$290.46,-0.14%,$297.80,2.39%,$410.71,41.20%,WAB,NYSE:WAB,-0.552,$324.25,
NASDAQ:WABC,1 Jun 2026,$57.44,3,$58.00,4,2.71,$60.15,-4.51%,,,,$62.01,3.09%,$0.00,-100.00%,$0.00,-100.00%,WABC,NASDAQ:WABC,0.057,$64.00,-9.38%
NASDAQ:WAFD,27 May 2026,$37.31,3,$37.00,8,2.98,$36.77,0.63%,,,,$37.68,2.47%,$0.00,-100.00%,$0.00,-100.00%,WAFD,NASDAQ:WAFD,0.178,$39.00,-5.13%
NYSE:WAL,14 Jul 2026,$86.73,3,$90.38,7,3.08,$80.49,7.76%,7.76%,$86.73,$92.20,$85.24,5.90%,$0.00,-100.00%,$0.00,-100.00%,WAL,NYSE:WAL,0.203,$92.20,-1.97%
NASDAQ:WASH,27 May 2026,$34.83,3,$33.33,8,3.36,$38.98,-14.49%,,,,$40.69,4.39%,$0.00,-100.00%,$0.00,-100.00%,WASH,NASDAQ:WASH,0.366,$38.00,-12.29%
NYSE:WBS,10 Mar 2026,$76.23,3,$74.69,7,2.60,$77.22,-3.28%,,,,$77.96,0.96%,-$261.82,-439.06%,-$253.75,-428.61%,WBS,NYSE:WBS,0.028,$75.42,-0.97%
NYSE:WD,23 Dec 2025,$82.23,3,$84.00,6,2.97,$49.69,65.49%,,,,$52.70,6.06%,$278.81,461.10%,$346.81,597.96%,WD,NYSE:WD,0.106,$67.33,24.76%
NASDAQ:WDC,23 Aug 2024,$68.21,3,,,0.63,$544.84,-87.48%,,,,$443.52,-18.60%,$573.48,5.26%,$588.59,8.03%,WDC,NASDAQ:WDC,-0.898,$655.50,
NYSE:WDS,18 May 2026,$26.11,4,,6,3.20,$23.46,11.30%,,,,$23.92,1.96%,$0.00,-100.00%,$0.00,-100.00%,WDS,NYSE:WDS,0.279,,
NYSE:WEC,14 Jan 2026,$103.97,2,,,2.96,$109.42,-4.98%,,,,$116.68,6.63%,$66.62,-39.11%,$142.73,30.44%,WEC,NYSE:WEC,0.152,$123.75,
NYSE:WELL,18 Sep 2025,$151.80,2,,,3.10,$234.44,-35.25%,,,,$250.74,6.95%,$263.82,12.53%,$286.45,22.18%,WELL,NYSE:WELL,0.234,$245.77,
NASDAQ:WEN,9 Sep 2025,$16.85,3,$11.97,6,3.75,$7.36,62.64%,,,,$8.09,9.92%,-$4.55,-161.84%,$4.40,-40.23%,WEN,NASDAQ:WEN,0.523,$7.75,54.45%
NYSE:WF,19 Nov 2025,$51.73,3,,,2.69,$68.93,-24.95%,,,,$65.95,-4.32%,-$313.52,-554.83%,-$279.71,-505.79%,WF,NYSE:WF,-0.014,$93.10,
NYSE:WFC,14 Aug 2025,$71.42,3,$87.67,6,2.77,$86.45,-17.38%,,,,$88.49,2.36%,$0.00,-100.00%,$0.00,-100.00%,WFC,NYSE:WFC,0.062,$99.93,-12.27%
NYSE:WFG,24 Oct 2025,$81.03,3,$95.74,7,3.07,$64.85,24.95%,,,,$69.25,6.78%,$112.55,73.55%,$189.59,192.34%,WFG,NYSE:WFG,0.161,$85.17,12.41%
NASDAQ:WFRD,20 Jul 2026,$84.88,3,$121.00,10,3.30,$87.79,-3.31%,-3.31%,$84.88,$121.00,$88.62,0.95%,$175.38,99.77%,$241.78,175.41%,WFRD,NASDAQ:WFRD,0.258,$117.25,3.20%
NYSE:WGO,13 Sep 2024,$83.32,5,,,2.79,$30.28,175.15%,,,,$32.86,8.52%,$0.00,-100.00%,$0.00,-100.00%,WGO,NYSE:WGO,0.049,$38.00,
NYSE:WHD,18 Feb 2026,$69.67,3,$55.50,5,2.88,$65.01,-14.63%,,,,$55.22,-15.06%,$104.87,61.31%,$122.08,87.78%,WHD,NYSE:WHD,0.148,$63.89,-13.13%
NYSE:WIT,19 Jan 2026,$2.58,2,,7,4.55,$1.98,30.30%,,,,$2.17,9.60%,$169.99,8485.13%,$216.46,10832.09%,WIT,NYSE:WIT,0.914,$1.75,
NYSE:WK,10 Feb 2026,$82.53,4,$109.00,8,4.51,$59.80,38.01%,,,,$0.00,-100.00%,$65.42,9.40%,$67.91,13.56%,WK,NYSE:WK,-1.000,$77.80,40.10%
NYSE:WKC,16 Sep 2025,$32.51,4,$29.00,6,2.49,$39.86,-27.25%,,,,$39.78,-0.20%,-$0.81,-102.04%,$16.22,-59.31%,WKC,NYSE:WKC,-0.016,$37.67,-23.02%
NASDAQ:WKHS,12 Dec 2024,$1.13,,,4,,$3.05,-62.95%,,,,,-100.00%,-$2.00,-165.57%,-$2.00,-165.57%,WKHS,NASDAQ:WKHS,-2.000,,
NYSE:WMB,22 Jan 2026,$57.39,2,$71.00,9,,$71.54,-19.78%,,,,,-100.00%,-$2.00,-102.80%,-$2.00,-102.80%,WMB,NYSE:WMB,-2.000,,
NYSE:WMK,17 Mar 2026,$74.25,4,,4,2.48,$77.05,-3.63%,,,,$79.58,3.28%,$107.92,40.07%,$97.97,27.15%,WMK,NYSE:WMK,0.056,$31.00,
NYSE:WMS,5 May 2025,$162.55,3,$140.71,7,2.01,$138.48,1.61%,,,,$138.15,-0.24%,$188.26,35.95%,$148.23,7.04%,WMS,NYSE:WMS,-0.308,$182.20,-22.77%
NYSE:WOR,16 Dec 2024,$43.00,4,,4,2.90,$56.21,-23.50%,,,,$58.54,4.15%,$80.93,43.98%,$93.53,66.39%,WOR,NYSE:WOR,0.117,$65.60,
NYSE:WPM,19 Nov 2025,$65.01,2,$128.93,7,2.12,$109.03,-40.38%,,,,$106.97,-1.89%,$200.93,84.29%,$211.68,94.14%,WPM,NYSE:WPM,-0.281,$172.55,-25.28%
NYSE:WPP,9 Sep 2025,$37.50,3,,6,,$20.21,85.53%,,,,,-100.00%,-$2.00,-109.90%,-$2.00,-109.90%,WPP,NYSE:WPP,-2.000,,
NASDAQ:WRLD,19 Nov 2025,$145.37,3,,1,0.70,$179.81,-19.15%,,,,$179.93,0.07%,$0.00,-100.00%,$0.00,-100.00%,WRLD,NASDAQ:WRLD,-0.860,$210.00,
NASDAQ:WSBC,27 May 2026,$35.79,3,$39.75,9,3.10,$41.38,-13.51%,,,,$43.14,4.25%,$0.00,-100.00%,$0.00,-100.00%,WSBC,NASDAQ:WSBC,0.227,$44.25,-10.17%
NASDAQ:WSC,19 Aug 2025,$32.85,3,$33.40,7,1.83,$24.28,35.30%,,,,$24.02,-1.07%,$45.72,88.30%,$72.05,196.73%,WSC,NASDAQ:WSC,-0.362,$28.80,15.97%
NASDAQ:WSFS,27 May 2026,$70.81,3,$78.70,6,2.50,$80.20,-11.70%,,,,$81.38,1.47%,$0.00,-100.00%,$0.00,-100.00%,WSFS,NASDAQ:WSFS,-0.038,$86.42,-8.93%
NYSE:WSM,19 Aug 2025,$178.74,2,,,2.62,$228.66,-21.83%,,,,$240.78,5.30%,$267.35,16.92%,$289.89,26.78%,WSM,NYSE:WSM,0.043,$214.65,
NYSE:WSO,1 Jul 2024,$356.65,1,,,3.49,$309.30,15.31%,,,,$351.87,13.76%,$549.62,77.70%,$562.95,82.01%,WSO,NYSE:WSO,0.331,$428.70,
NYSE:WT,27 Aug 2025,$14.51,4,$13.88,8,2.56,$19.37,-28.34%,,,,$18.43,-4.85%,$20.52,5.91%,$21.27,9.79%,WT,NYSE:WT,-0.011,$20.56,-32.49%
NASDAQ:WTFC,28 Apr 2026,$145.18,3,$179.88,8,2.94,$159.54,-9.00%,,,,$164.99,3.42%,$0.00,-100.00%,$0.00,-100.00%,WTFC,NASDAQ:WTFC,0.145,$180.07,-0.11%
NYSE:WTS,19 Nov 2025,$243.48,2,$290.50,3,2.02,$345.79,-29.59%,,,,$336.65,-2.64%,$361.83,4.64%,$398.13,15.14%,WTS,NYSE:WTS,-0.243,$358.33,-18.93%
NASDAQ:WTW,3 Sep 2025,$319.57,3,,,2.24,$335.92,-4.87%,,,,$311.09,-7.39%,$392.53,16.85%,$172.81,-48.56%,WTW,NASDAQ:WTW,-0.142,$339.68,
NYSE:WU,9 Sep 2025,$14.43,3,$8.65,5,3.69,$6.36,36.01%,,,,$8.61,35.38%,-$0.85,-113.41%,$4.91,-22.80%,WU,NYSE:WU,0.433,$8.43,2.61%
NASDAQ:WULF,23 Dec 2025,$11.85,3,$21.73,10,1.49,$17.66,-32.87%,,,,$14.75,-16.48%,$3.25,-81.60%,$3.64,-79.39%,WULF,NASDAQ:WULF,-0.561,$37.94,-42.73%
NASDAQ:WVE,19 Aug 2025,$9.10,3,,,,$5.51,65.08%,,,,,-100.00%,-$2.00,-136.30%,-$2.00,-136.30%,WVE,NASDAQ:WVE,-2.000,,
NYSE:WWW,24 May 2026,$24.95,5,$22.50,8,2.14,$19.68,14.33%,,,,$20.38,3.56%,$53.16,170.14%,$58.57,197.60%,WWW,NYSE:WWW,-0.207,$21.70,3.69%
NASDAQ:XEL,18 Sep 2025,$67.13,2,,,2.96,$78.20,-14.16%,,,,$82.37,5.33%,-$18.45,-123.60%,$12.97,-83.42%,XEL,NASDAQ:XEL,0.142,$92.72,
NASDAQ:XGN,25 Aug 2025,$7.35,3,,,5.00,$4.53,62.33%,,,,$0.00,-100.00%,$6.60,45.60%,$7.42,63.81%,XGN,NASDAQ:XGN,-1.000,$8.57,
NASDAQ:XMTR,23 Dec 2025,$38.29,2,,,3.61,$85.72,-55.33%,,,,$0.00,-100.00%,$73.90,-13.79%,$77.33,-9.79%,XMTR,NASDAQ:XMTR,-1.000,$96.25,
NASDAQ:XNET,11 Feb 2026,$5.15,3,,5,5.00,$5.34,-3.52%,,,,$0.00,-100.00%,$27.90,422.55%,$36.51,583.74%,XNET,NASDAQ:XNET,-1.000,$12.00,
NYSE:XOM,23 Aug 2024,$132.36,4,,,2.71,$155.44,-14.85%,,,,$161.72,4.04%,$141.84,-8.75%,$206.80,33.04%,XOM,NYSE:XOM,0.052,$167.23,
NASDAQ:XP,26 Jun 2026,$17.06,3,$24.00,4,2.64,$17.06,0.00%,,,,$16.39,-3.93%,-$720.12,-4321.12%,-$717.99,-4308.64%,XP,NASDAQ:XP,-0.042,$23.39,2.61%
NASDAQ:XPEL,29 Nov 2024,$53.10,3,,,3.82,$44.37,19.68%,,,,$0.00,-100.00%,$79.42,78.99%,$50.27,13.30%,XPEL,NASDAQ:XPEL,-1.000,$51.67,
NYSE:XPEV,15 Dec 2025,$20.30,3,$29.67,6,,$13.00,56.18%,,,,,-100.00%,-$2.00,-115.38%,-$2.00,-115.38%,XPEV,NYSE:XPEV,-2.000,,
NYSE:XYF,9 Sep 2025,$13.63,3,,,,$4.94,175.85%,,,,,-100.00%,-$2.00,-140.49%,-$2.00,-140.49%,XYF,NYSE:XYF,-2.000,,
NYSE:XYL,11 Nov 2025,$146.77,2,,,2.18,$116.97,25.48%,,,,$121.99,4.29%,$114.43,-2.17%,$153.99,31.65%,XYL,NYSE:XYL,-0.229,$150.35,
NYSE:XYZ,11 Feb 2026,$75.58,3,,,3.74,$81.24,-6.96%,,,,$0.00,-100.00%,$150.10,84.76%,$137.52,69.28%,XYZ,NYSE:XYZ,-1.000,$93.22,
NYSE:YALA,11 Feb 2026,$6.10,3,,6,,$5.39,13.17%,,,,,-100.00%,-$2.00,-137.11%,-$2.00,-137.11%,YALA,NYSE:YALA,-2.000,,
NASDAQ:YB,11 Feb 2026,$20.18,3,,,,$13.44,50.13%,,,,,-100.00%,-$2.00,-114.88%,-$2.00,-114.88%,YB,NASDAQ:YB,-2.000,,
NYSE:YMM,11 Feb 2026,$11.83,4,$11.96,6,,$9.49,24.66%,,,,,-100.00%,-$2.00,-121.07%,-$2.00,-121.07%,YMM,NYSE:YMM,-2.000,,
NYSE:YPF,12 Feb 2026,$42.64,3,$39.40,2,2.07,$52.54,-25.01%,,,,$49.95,-4.93%,"$94,171.45",179137.63%,"$243,551.47",463454.39%,YPF,NYSE:YPF,-0.236,$57.91,-31.96%
NYSE:YUM,18 Sep 2025,$140.70,3,,,,$153.28,-8.21%,,,,,-100.00%,-$2.00,-101.30%,-$2.00,-101.30%,YUM,NYSE:YUM,-2.000,,
NASDAQ:YYGH,19 Aug 2025,$1.90,3,,,,$1.20,58.71%,,,,,-100.00%,-$2.00,-266.67%,-$2.00,-266.67%,YYGH,NASDAQ:YYGH,-2.000,,
NYSE:ZBH,11 Dec 2025,$110.32,5,$103.50,5,1.92,$93.93,10.19%,,,,$95.61,1.79%,$167.64,78.48%,$259.24,175.99%,ZBH,NYSE:ZBH,-0.290,$98.60,4.97%
NASDAQ:ZBRA,30 Jan 2026,$311.75,3,$319.75,8,3.66,$293.82,6.10%,,,,$0.00,-100.00%,$323.91,10.24%,$370.44,26.08%,ZBRA,NASDAQ:ZBRA,-1.000,$332.44,-3.82%
NASDAQ:ZD,23 Feb 2024,$75.69,3,,,2.65,$53.08,42.60%,,,,$0.00,-100.00%,$145.46,174.05%,$125.12,135.72%,ZD,NASDAQ:ZD,-1.000,$49.40,
NASDAQ:ZEUS,22 Aug 2025,$42.35,3,$38.00,3,,#N/A,#N/A,,,,$0.00,#N/A,$0.00,#N/A,$0.00,#N/A,ZEUS,NASDAQ:ZEUS,-1.000,$38.00,0.00%
NYSE:ZGN,23 Dec 2025,$14.49,4,$11.45,8,,$14.71,-22.16%,,,,,-100.00%,-$2.00,-113.60%,-$2.00,-113.60%,ZGN,NYSE:ZGN,-2.000,,
NYSE:ZH,3 Sep 2025,$6.32,4,,8,,$3.27,93.36%,,,,,-100.00%,-$2.00,-161.16%,-$2.00,-161.16%,ZH,NYSE:ZH,-2.000,,
NYSE:ZIM,19 Nov 2025,$20.23,4,$11.83,3,3.14,$25.19,-53.04%,,,,$25.49,1.19%,$77.72,208.52%,$181.20,619.35%,ZIM,NYSE:ZIM,0.264,$24.95,-52.59%
NASDAQ:ZION,12 Oct 2025,$55.40,3,,,3.05,$69.70,-20.52%,,,,$71.35,2.37%,$0.00,-100.00%,$0.00,-100.00%,ZION,NASDAQ:ZION,0.206,$74.81,
NASDAQ:LULU,30 Mar 2026,$260.18,3,$182.42,2,3.37,$118.87,53.46%,,,,$0.00,-100.00%,$178.11,49.84%,$258.63,117.58%,LULU,NASDAQ:LULU,-1.000,$127.73,42.82%
NYSE:LOW,26 Mar 2026,$245.53,4,$293.29,8,3.22,$207.81,18.15%,,,,$225.20,8.37%,$306.39,47.44%,$354.37,70.53%,LOW,NYSE:LOW,0.238,$263.73,11.21%
NYSE:OII,30 Jun 2026,$31.11,2,$38.00,10,1.95,$48.78,-36.22%,,,,$0.00,-100.00%,$0.00,-100.00%,$0.00,-100.00%,OII,NYSE:OII,-1.000,$38.50,-1.30%
NASDAQ:SPOK,10 Apr 2026,$17.65,5,$14.00,4,3.48,$10.90,28.44%,,,,$11.32,3.85%,$14.79,35.69%,$16.65,52.74%,SPOK,NASDAQ:SPOK,0.349,$14.00,0.00%
NYSE:HTGC,30 Mar 2026,$16.87,3,$19.25,4,3.37,$16.42,2.73%,,,,$16.69,1.64%,$29.43,79.25%,$29.75,81.15%,HTGC,NYSE:HTGC,0.326,$19.36,-0.57%
NASDAQ:RWAY,30 Mar 2026,$9.18,4,$8.00,6,3.52,$5.46,46.52%,,,,$5.75,5.31%,$6.25,14.47%,$4.45,-18.52%,RWAY,NASDAQ:RWAY,0.342,$8.29,-3.50%
NASDAQ:CCAP,30 Mar 2026,$15.59,3,$14.25,6,3.41,$10.93,30.38%,,,,$11.57,5.86%,$29.92,173.71%,$32.22,194.77%,CCAP,NASDAQ:CCAP,0.325,$13.86,2.81%
NASDAQ:CCEP,19 Mar 2026,$99.72,3,$108.12,7,,$109.46,-8.90%,,,,,-100.00%,-$2.00,-101.83%,-$2.00,-101.83%,CCEP,NASDAQ:CCEP,-2.000,,
NASDAQ:CIVB,19 Mar 2026,$24.05,3,$27.33,6,2.47,$29.06,-17.25%,,,,$29.45,1.34%,-$109.67,-477.38%,-$109.04,-475.21%,CIVB,NASDAQ:CIVB,-0.052,$31.00,-11.84%
NASDAQ:AUPH,1 Jun 2026,$13.51,3,$15.67,7,0.65,$14.88,-9.23%,,,,$14.47,-2.76%,$25.88,73.90%,$27.01,81.55%,AUPH,NASDAQ:AUPH,-0.875,$17.00,-7.82%
NASDAQ:CASS,24 Jun 2026,$50.17,3,,,2.21,$55.92,-10.28%,,,,$55.84,-0.14%,$0.00,-100.00%,$0.00,-100.00%,CASS,NASDAQ:CASS,-0.149,$55.00,
NASDAQ:EXEL,1 May 2026,$47.67,3,$46.00,6,2.91,$53.03,-13.26%,,,,$0.00,-100.00%,$115.30,117.43%,$117.13,120.88%,EXEL,NASDAQ:EXEL,-1.000,$52.07,-11.66%
NASDAQ:PBYI,1 Jun 2026,$5.88,3,$5.00,6,0.15,$7.93,-36.95%,,,,$7.30,-7.94%,$26.18,230.14%,$29.59,273.09%,PBYI,NASDAQ:PBYI,-0.987,$5.00,0.00%
NASDAQ:LEGH,29 Jun 2026,$32.03,4,$28.00,8,2.95,$26.26,6.63%,,,,$0.00,-100.00%,$32.77,24.79%,$33.79,28.67%,LEGH,NASDAQ:LEGH,-1.000,$26.00,7.69%
NYSE:UHS,30 Mar 2026,$213.24,5,$245.00,3,1.13,$168.44,26.60%,,,,$162.08,-3.78%,$252.22,49.74%,$443.89,163.53%,UHS,NYSE:UHS,-0.680,$204.24,19.96%
NYSE:EMA,30 Mar 2026,$47.50,2,,,0.45,$53.89,-11.86%,,,,$51.04,-5.29%,$9.67,-82.05%,$12.26,-77.24%,EMA,NYSE:EMA,-0.972,$63.50,
NYSE:NXDT,30 Mar 2026,$4.25,3,,,3.49,$4.52,-5.97%,,,,$5.54,22.57%,$0.17,-96.29%,$1.33,-70.68%,NXDT,NYSE:NXDT,0.396,,
NASDAQ:LOGI,30 Mar 2026,$102.94,4,$112.27,6,2.68,$102.48,0.45%,,,,$109.43,6.78%,$194.24,89.54%,$202.90,97.99%,LOGI,NASDAQ:LOGI,0.040,$111.20,0.96%
NASDAQ:ACAD,14 Jun 2026,$22.38,3,$32.18,7,4.37,$25.87,-13.48%,,,,$0.00,-100.00%,$33.20,28.35%,$34.07,31.71%,ACAD,NASDAQ:ACAD,-1.000,$32.95,-2.34%
NASDAQ:PDEX,31 Mar 2026,$63.00,4,,5,1.09,$58.57,7.57%,,,,$54.02,-7.77%,$77.99,33.15%,$85.31,45.66%,PDEX,NASDAQ:PDEX,-0.691,$70.00,
NYSE:HLF,10 Apr 2026,$16.11,3,$15.00,10,5.00,$12.42,20.77%,,,,$0.00,-100.00%,$19.52,57.18%,$30.66,146.86%,HLF,NYSE:HLF,-1.000,$18.33,-18.17%
NASDAQ:INVA,27 May 2026,$23.82,3,$34.50,8,5.00,$20.97,13.57%,,,,$0.00,-100.00%,$55.55,164.93%,$64.78,208.91%,INVA,NASDAQ:INVA,-1.000,$35.50,-2.82%
NYSE:MTH,31 Mar 2026,$81.04,5,$83.50,1,2.71,$70.20,15.44%,,,,$75.02,6.87%,$90.07,28.30%,$93.38,33.02%,MTH,NYSE:MTH,0.033,$81.62,2.30%
NYSE:CBT,29 Apr 2026,$98.58,5,$78.00,6,2.89,$88.02,-11.38%,,,,$93.85,6.62%,$90.76,3.11%,$125.90,43.03%,CBT,NYSE:CBT,0.144,$91.17,-14.45%
NASDAQ:JOYY,21 May 2026,$63.47,5,,,2.80,$73.57,-13.73%,,,,$76.85,4.46%,$163.24,121.89%,$190.11,158.41%,JOYY,NASDAQ:JOYY,0.094,$79.87,
NASDAQ:MU,22 Apr 2026,$420.62,3,$543.20,8,1.68,$823.03,-48.89%,,,,$737.52,-10.39%,"$1,385.48",68.34%,"$1,489.67",81.00%,MU,NASDAQ:MU,-0.475,"$1,507.38",-63.96%
NASDAQ:MDXG,22 Apr 2026,$5.83,3,$8.00,7,5.00,$4.13,41.26%,,,,$0.00,-100.00%,$6.09,47.40%,$6.68,61.86%,MDXG,NASDAQ:MDXG,-1.000,$6.60,21.21%
NASDAQ:RIGL,4 Apr 2026,$33.48,4,$45.67,9,0.59,$36.81,-9.05%,,,,$36.27,-1.47%,$45.37,23.26%,$46.97,27.59%,RIGL,NASDAQ:RIGL,-0.962,$55.20,-17.26%
NASDAQ:BKNG,15 Jun 2026,$206.77,5,$220.15,7,2.16,$192.90,7.19%,,,,$197.01,2.13%,$425.82,120.74%,$437.64,126.88%,BKNG,NASDAQ:BKNG,-0.211,$223.95,-1.70%
NASDAQ:RMR,15 Jun 2026,$22.56,4,$21.00,7,4.03,$19.04,10.29%,,,,$20.94,9.98%,$103.41,443.10%,$112.69,491.87%,RMR,NASDAQ:RMR,0.639,$20.75,1.20%
NYSE:REX,7 Apr 2026,$45.52,3,,,3.81,$43.04,5.77%,,,,$0.00,-100.00%,$94.91,120.51%,$104.63,143.09%,REX,NYSE:REX,-1.000,$50.00,
NYSE:WS,23 Apr 2026,$36.83,3,$38.00,7,2.72,$36.01,2.28%,,,,$38.56,7.08%,$44.82,24.46%,$55.40,53.84%,WS,NYSE:WS,0.013,$46.00,-17.39%
NYSE:ARDT,9 Apr 2026,$17.13,3,$12.47,4,3.65,$10.67,16.87%,,,,$0.00,-100.00%,$10.29,-3.59%,$23.61,121.26%,ARDT,NYSE:ARDT,-1.000,$12.05,3.49%
NASDAQ:BYRN,10 Apr 2026,$17.11,3,$20.50,4,0.78,$4.55,276.04%,,,,$4.01,-11.87%,$9.12,100.38%,$10.25,125.33%,BYRN,NASDAQ:BYRN,-0.874,$6.83,200.15%
NYSE:VTOL,30 Jun 2026,$44.08,3,$56.00,5,0.54,$45.32,-2.73%,,,,$42.25,-6.77%,$69.63,53.64%,$83.68,84.64%,VTOL,NYSE:VTOL,-0.973,$62.00,-9.68%
NYSE:YELP,10 Apr 2026,$41.52,3,$25.00,3,3.05,$26.43,-5.41%,,,,$0.00,-100.00%,$81.74,209.29%,$102.99,289.69%,YELP,NYSE:YELP,-1.000,$26.71,-6.40%
NYSE:EMN,29 Jul 2026,$92.37,5,$81.08,7,3.30,$69.95,15.91%,15.91%,$81.08,$92.37,$70.12,0.24%,$71.33,1.97%,$114.19,63.24%,EMN,NYSE:EMN,0.300,$81.13,-0.06%
NYSE:LEVI,24 Jun 2026,$25.35,4,$26.91,4,2.65,$24.52,3.38%,,,,$25.68,4.73%,$131.48,436.23%,$168.38,586.71%,LEVI,NYSE:LEVI,0.013,$28.20,-4.57%
NASDAQ:CWBC,14 Apr 2026,$22.95,3,$27.50,9,3.14,$25.03,-8.30%,,,,$26.26,4.91%,$0.00,-100.00%,$0.00,-100.00%,CWBC,NASDAQ:CWBC,0.220,$29.62,-7.16%
NASDAQ:NRDS,16 Apr 2026,$15.41,5,$14.75,5,0.59,$9.00,63.89%,,,,$9.14,1.56%,$65.63,629.27%,$85.10,845.60%,NRDS,NASDAQ:NRDS,-0.944,$12.00,22.92%
NYSE:LZB,29 Apr 2026,$50.16,5,$44.50,1,2.95,$39.38,13.00%,,,,$42.08,6.86%,$37.65,-4.38%,$70.25,78.39%,LZB,NYSE:LZB,0.142,$46.00,-3.26%
NASDAQ:UPWK,16 Apr 2026,$16.52,5,$21.22,4,4.79,$9.16,80.39%,,,,$0.00,-100.00%,$16.55,80.65%,$20.07,119.08%,UPWK,NASDAQ:UPWK,-1.000,$12.44,70.58%
NASDAQ:MTCH,16 Apr 2026,$41.38,5,$35.45,6,2.76,$39.41,-10.05%,,,,$40.99,4.01%,$75.92,92.63%,$88.41,124.32%,MTCH,NASDAQ:MTCH,0.084,$41.31,-14.19%
NASDAQ:REGN,29 Apr 2026,$775.92,3,$869.88,8,0.67,$762.63,1.74%,,,,$675.30,-11.45%,"$1,015.78",33.19%,"$1,070.18",40.33%,REGN,NASDAQ:REGN,-0.850,$819.25,6.18%
NASDAQ:INCY,1 Jun 2026,$81.23,2,$106.83,6,2.83,$119.52,-32.03%,,,,$0.00,-100.00%,$246.42,106.18%,$254.24,112.72%,INCY,NASDAQ:INCY,-1.000,$115.48,-7.49%
NYSE:LTC,29 Apr 2026,$40.57,4,$41.00,5,3.62,$40.24,0.83%,,,,$43.57,8.28%,$36.36,-9.65%,$45.51,13.09%,LTC,NYSE:LTC,0.470,$41.57,-1.37%
NYSE:ELV,8 May 2026,$512.46,3,$382.71,8,3.11,$375.84,1.83%,,,,$396.98,5.62%,$0.00,-100.00%,$0.00,-100.00%,ELV,NYSE:ELV,0.205,$449.10,-14.78%
NYSE:MOH,20 Apr 2026,$251.44,3,$142.77,6,3.35,$195.62,-27.02%,,,,$0.00,-100.00%,$677.36,246.26%,$707.87,261.86%,MOH,NYSE:MOH,-1.000,$209.12,-31.73%
NASDAQ:SAIC,29 Apr 2026,$138.59,5,$101.61,7,3.37,$117.13,-13.25%,,,,$124.18,6.02%,$211.94,80.95%,$273.63,133.61%,SAIC,NASDAQ:SAIC,0.359,$120.00,-15.33%
NYSE:CI,14 Jul 2026,$334.04,5,$343.67,10,2.93,$279.05,19.71%,19.71%,$334.04,$343.67,$308.65,10.61%,$75.04,-73.11%,$173.53,-37.81%,CI,NYSE:CI,0.121,$340.92,0.81%
NYSE:TX,29 Apr 2026,$44.92,3,$43.17,7,3.55,$49.24,-12.33%,,,,$50.91,3.39%,$50.03,1.61%,$68.45,39.01%,TX,NYSE:TX,0.426,$53.42,-19.19%
NASDAQ:FDUS,28 Apr 2026,$22.45,3,,,3.73,$19.74,13.73%,,,,$20.99,6.33%,$21.49,8.87%,$263.02,1232.42%,FDUS,NASDAQ:FDUS,0.506,$21.50,
NYSE:OPFI,28 Apr 2026,$13.04,3,$15.50,7,2.63,$9.37,39.19%,,,,$9.57,2.13%,$71.92,667.53%,$72.56,674.39%,OPFI,NYSE:OPFI,-0.052,$14.00,10.71%
NASDAQ:UAL,28 Apr 2026,$106.86,4,$130.71,5,4.68,$121.33,-11.93%,,,,$0.00,-100.00%,$235.79,94.34%,$256.88,111.72%,UAL,NASDAQ:UAL,-1.000,$162.15,-19.39%
NYSE:CNA,28 Apr 2026,$48.98,3,,6,3.62,$52.47,-6.66%,,,,$57.33,9.26%,$155.98,197.28%,$160.81,206.47%,CNA,NYSE:CNA,0.506,$45.00,
NASDAQ:JBSS,28 Apr 2026,$92.51,4,$109.00,8,,$82.76,11.78%,,,,,-100.00%,-$2.00,-102.42%,-$2.00,-102.42%,JBSS,NASDAQ:JBSS,-2.000,,
NYSE:HMN,28 Apr 2026,$54.29,4,$48.00,6,2.66,$52.11,-7.89%,,,,$53.98,3.59%,-$174.14,-434.17%,-$163.17,-413.12%,HMN,NYSE:HMN,0.054,$50.50,-4.95%
NYSE:ENVA,28 Apr 2026,$163.50,3,$198.33,8,3.45,$254.14,-35.66%,,,,$0.00,-100.00%,$0.00,-100.00%,$0.00,-100.00%,ENVA,NYSE:ENVA,-1.000,$277.14,-28.44%
NYSE:CF,28 Apr 2026,$121.68,3,$130.71,6,2.37,$125.19,-2.81%,,,,$126.64,1.16%,$172.34,37.66%,$230.31,83.97%,CF,NYSE:CF,-0.078,$125.25,4.36%
NYSE:KMPR,28 Apr 2026,$53.67,3,$54.67,2,2.58,$28.38,89.10%,,,,$30.68,8.10%,-$69.93,-346.41%,-$59.27,-308.83%,KMPR,NYSE:KMPR,-0.077,$51.00,7.20%
NYSE:RLI,28 Apr 2026,$66.40,5,$62.50,7,3.07,$61.24,2.06%,,,,$67.30,9.90%,$0.00,-100.00%,$0.00,-100.00%,RLI,NYSE:RLI,0.233,$60.50,3.31%
NASDAQ:MORN,28 Apr 2026,,,$280.00,7,1.66,$192.57,45.40%,,,,$193.55,0.51%,$237.79,23.48%,$324.66,68.60%,MORN,NASDAQ:MORN,-0.433,$226.00,23.89%
NASDAQ:GEHC,28 Apr 2026,$91.01,5,$94.25,9,3.83,$68.02,33.80%,,,,$0.00,-100.00%,$34.86,-48.75%,$47.90,-29.59%,GEHC,NASDAQ:GEHC,-1.000,$79.33,18.81%
NASDAQ:NTRS,28 Apr 2026,$135.85,2,$169.95,5,2.87,$182.19,-25.43%,,,,$184.99,1.54%,$0.00,-100.00%,$0.00,-100.00%,NTRS,NASDAQ:NTRS,0.140,$183.81,-7.54%
NYSE:WES,2 Jul 2026,$43.13,1,,,3.30,$46.57,-7.39%,,,,$48.91,5.02%,$51.80,11.23%,$75.79,62.74%,WES,NYSE:WES,0.338,$45.92,
NYSE:DHT,25 Jun 2026,$16.49,3,,,4.03,$18.57,-11.20%,,,,$19.58,5.44%,$32.83,76.77%,$44.09,137.43%,DHT,NYSE:DHT,0.636,$20.20,
NYSE:D,21 May 2026,$62.63,3,$66.64,8,2.91,$69.17,-9.46%,,,,$73.01,5.55%,-$44.81,-164.79%,-$15.61,-122.57%,D,NYSE:D,0.155,$71.00,-6.14%
NASDAQ:CBK,1 Jun 2026,$30.03,3,,,2.96,$34.24,-12.29%,,,,$0.00,-100.00%,$0.00,-100.00%,$0.00,-100.00%,CBK,NASDAQ:CBK,-1.000,$34.00,
NYSE:ELPC,12 May 2026,$11.13,3,$13.10,8,3.80,$11.73,-5.09%,,,,$11.99,2.22%,$4.96,-57.73%,$35.68,204.14%,ELPC,NYSE:ELPC,0.467,$16.93,-22.62%
NYSE:FDX,25 Jun 2026,$291.89,1,,,2.94,$307.40,-5.05%,,,,$318.87,3.73%,$463.55,50.80%,$720.49,134.38%,FDX,NYSE:FDX,0.141,$351.83,
NYSE:FBK,27 May 2026,$53.58,3,$64.25,5,2.35,$60.38,-11.26%,,,,$59.99,-0.65%,$0.00,-100.00%,$0.00,-100.00%,FBK,NYSE:FBK,-0.108,$66.09,-2.78%
NYSE:AXTA,23 Jul 2026,$40.33,5,$37.00,5,3.15,$35.81,3.32%,3.32%,$36.86,$40.33,$0.00,-100.00%,$24.38,-31.92%,$47.65,33.06%,AXTA,NYSE:AXTA,-1.000,$36.86,0.38%
NASDAQ:LOPE,26 Jun 2026,$168.79,5,$209.33,3,5.00,$145.34,16.13%,,,,$0.00,-100.00%,$435.60,199.71%,$460.72,217.00%,LOPE,NASDAQ:LOPE,-1.000,$205.00,2.11%
NASDAQ:PAA,29 Jun 2026,$21.85,1,,,3.67,$24.57,-11.07%,,,,$25.82,5.09%,$17.57,-28.48%,$31.11,26.60%,PAA,NASDAQ:PAA,0.501,$24.35,
NASDAQ:NKSH,27 May 2026,$35.84,3,,7,2.86,$40.60,-11.73%,,,,$42.07,3.62%,$0.00,-100.00%,$0.00,-100.00%,NKSH,NASDAQ:NKSH,0.106,$46.75,
NYSE:KRC,15 Jun 2026,$46.60,5,$37.20,5,2.76,$38.82,-4.17%,,,,$40.84,5.20%,$53.26,37.21%,$73.45,89.20%,KRC,NYSE:KRC,0.094,$38.64,-3.73%
NASDAQ:MRBK,27 May 2026,$18.24,3,$21.00,7,3.03,$19.64,-7.13%,,,,$21.20,7.94%,$0.00,-100.00%,$0.00,-100.00%,MRBK,NASDAQ:MRBK,0.176,$23.00,-8.70%
NYSE:TTE,20 Jul 2026,$86.21,5,$96.34,,3.64,$87.86,-1.88%,-1.88%,$86.21,$96.34,$89.75,2.15%,$0.00,-100.00%,$0.00,-100.00%,TTE,NYSE:TTE,0.465,$95.00,1.41%
NASDAQ:SMBC,27 May 2026,$70.66,3,$73.33,5,2.95,$77.41,-8.71%,,,,$80.99,4.62%,$0.00,-100.00%,$0.00,-100.00%,SMBC,NASDAQ:SMBC,0.169,$81.00,-9.47%
NYSE:EPD,30 Jun 2026,$36.66,1,,,3.58,$38.05,-3.65%,,,,$40.42,6.23%,$0.00,-100.00%,$0.00,-100.00%,EPD,NYSE:EPD,0.439,$41.15,
NASDAQ:SHOE,23 Jul 2026,$22.99,5,,,2.58,$15.20,51.27%,51.27%,$22.99,$22.99,$15.36,1.05%,$0.00,-100.00%,$0.00,-100.00%,SHOE,NASDAQ:SHOE,-0.074,$22.00,
NYSE:AD,16 Jul 2026,$35.29,3,,,4.77,$34.84,1.29%,1.29%,$35.29,$46.34,$37.90,8.78%,$20.33,-41.65%,$55.27,58.63%,AD,NYSE:AD,0.912,$46.34,
NASDAQ:SCVL,15 Jun 2026,$31.19,5,,,,$15.20,105.20%,,,,,-100.00%,-$2.00,-113.16%,-$2.00,-113.16%,SCVL,NASDAQ:SHOE,-2.000,,
NYSE:SBR,30 Jun 2026,$69.55,3,,6,3.51,$73.02,-4.75%,,,,$76.38,4.60%,$162.75,122.88%,$162.74,122.87%,SBR,NYSE:SBR,0.517,$32.50,
NYSE:MATV,23 Jul 2026,$12.14,5,,5,3.06,$8.73,39.05%,39.05%,$12.14,$21.00,$8.96,2.63%,$7.12,-18.49%,$11.93,36.60%,MATV,NYSE:MATV,0.138,$21.00,
NYSE:TK,30 Jun 2026,$11.24,3,,2,,$11.65,-3.51%,,,,,-100.00%,-$2.00,-117.17%,-$2.00,-117.17%,TK,NYSE:TK,-2.000,,
NYSE:AVA,29 Jun 2026,$41.07,3,$39.25,5,3.48,$40.45,-2.97%,,,,$43.45,7.42%,-$7.89,-119.50%,$46.03,13.79%,AVA,NYSE:AVA,0.404,$41.83,-6.17%
NYSE:TNK,16 Jun 2026,$68.85,3,$80.50,6,2.74,$79.37,-13.26%,,,,$80.32,1.20%,$211.02,165.86%,$243.33,206.57%,TNK,NYSE:TNK,0.058,$88.00,-8.52%
NASDAQ:BCML,16 Jun 2026,$34.03,3,$33.00,7,2.74,$30.18,9.34%,,,,$31.75,5.20%,$0.00,-100.00%,$0.00,-100.00%,BCML,NASDAQ:BCML,0.067,$32.67,1.01%
NYSE:CBL,23 Jun 2026,$47.75,3,$55.00,8,3.20,$58.71,-18.66%,,,,$61.83,5.31%,$63.68,8.46%,$89.03,51.64%,CBL,NYSE:CBL,0.282,$60.00,-8.33%
NASDAQ:JCAP,14 Jul 2026,$21.86,3,,,4.46,$20.11,8.69%,8.69%,$21.86,$26.00,$0.00,-100.00%,$0.00,-100.00%,$0.00,-100.00%,JCAP,NASDAQ:JCAP,-1.000,$26.00,
NYSE:BKH,16 Jun 2026,$76.81,4,$83.00,9,3.21,$71.21,7.87%,,,,$77.72,9.14%,$34.88,-51.02%,$57.68,-19.00%,BKH,NYSE:BKH,0.252,$85.00,-2.35%
NYSE:CPK,25 Jun 2026,$113.77,3,,,2.44,$132.78,-14.32%,,,,$138.29,4.15%,$65.94,-50.34%,$31.85,-76.01%,CPK,NYSE:CPK,-0.072,$148.00,
NYSE:HESM,30 Jun 2026,$37.34,1,,,3.42,$40.83,-8.55%,,,,$42.04,2.96%,$120.64,195.47%,$150.25,267.98%,HESM,NYSE:HESM,0.405,$37.33,
NYSE:SOBO,23 Jun 2026,$37.00,3,,,2.55,$37.10,-0.27%,,,,$38.35,3.37%,$36.75,-0.95%,$52.42,41.31%,SOBO,NYSE:SOBO,0.017,$34.08,
NYSE:AEE,16 Jun 2026,$106.67,3,$119.00,7,2.85,$109.61,-2.68%,,,,$114.97,4.89%,-$4.24,-103.87%,$39.40,-64.05%,AEE,NYSE:AEE,0.111,$121.44,-2.01%
NYSE:SUN,24 Jun 2026,$65.25,3,,,3.51,$76.69,-14.92%,,,,$80.33,4.75%,$40.79,-46.82%,$166.47,117.07%,SUN,NYSE:SUN,0.419,$80.00,
NYSE:RGA,25 Jun 2026,$194.90,3,,,3.18,$236.85,-17.71%,,,,$248.09,4.75%,$710.98,200.18%,$709.76,199.67%,RGA,NYSE:RGA,0.256,$261.78,
NYSE:MPC,16 Jun 2026,$210.97,1,$279.30,8,2.74,$316.47,-33.34%,,,,$321.36,1.55%,$174.86,-44.75%,$278.58,-11.97%,MPC,NYSE:MPC,0.094,$303.89,-8.09%
NYSE:ATO,16 Jun 2026,$164.62,3,,,2.82,$172.78,-4.72%,,,,$184.64,6.86%,$93.62,-45.82%,$162.60,-5.89%,ATO,NYSE:ATO,0.101,$188.92,
NYSE:OMF,23 Jun 2026,$58.80,3,,,3.20,$62.58,-6.05%,,,,$66.17,5.74%,$155.20,148.00%,$184.08,194.15%,OMF,NYSE:OMF,0.271,$68.21,
NYSE:SPG,25 Jun 2026,$192.49,3,$210.75,9,3.02,$229.37,-16.08%,,,,$243.62,6.21%,$267.15,16.47%,$370.57,61.56%,SPG,NYSE:SPG,0.212,$227.95,-7.55%
NYSE:HTH,16 Jun 2026,$40.96,3,$39.50,3,2.94,$39.44,0.15%,,,,$40.89,3.68%,$66.80,69.36%,$72.19,83.04%,HTH,NYSE:HTH,0.163,$41.33,-4.43%
NASDAQ:HTO,23 Jun 2026,$57.81,3,,,2.12,$61.33,-5.75%,,,,$63.48,3.51%,$0.00,-100.00%,$0.00,-100.00%,HTO,NASDAQ:HTO,-0.208,$65.43,
NYSE:MLI,17 Jun 2026,$127.13,2,,,1.85,$66.41,91.43%,,,,$65.23,-1.78%,$114.36,72.20%,$118.64,78.65%,MLI,NYSE:MLI,-0.349,$77.50,
NYSE:EG,17 Jun 2026,$338.53,3,,,3.16,$374.15,-9.52%,,,,$408.95,9.30%,$328.11,-12.31%,$280.86,-24.93%,EG,NYSE:EG,0.255,$400.80,
NYSE:SR,23 Jun 2026,$82.84,4,,,3.57,$79.86,3.73%,,,,$85.66,7.26%,$94.31,18.09%,$186.79,133.90%,SR,NYSE:SR,0.407,$96.40,
NYSE:BFH,19 Jun 2026,$90.04,3,$98.33,10,2.29,$108.07,-16.68%,,,,$107.87,-0.19%,$515.60,377.09%,$547.70,406.80%,BFH,NYSE:BFH,-0.126,$113.07,-13.04%
NASDAQ:SNY,23 Jul 2026,$57.39,5,$57.00,3,3.08,$43.08,32.31%,32.31%,$55.06,$57.39,$46.60,8.17%,$53.39,23.93%,$64.59,49.93%,SNY,NASDAQ:SNY,0.176,$55.06,3.52%
NASDAQ:TMUS,30 Jun 2026,$234.16,3,$254.24,7,2.96,$172.71,35.58%,,,,$187.38,8.49%,$319.06,84.74%,$530.02,206.89%,TMUS,NASDAQ:TMUS,0.093,$243.08,4.59%
NYSE:ES,23 Jun 2026,$73.60,4,$70.67,8,3.14,$71.59,-1.29%,,,,$77.76,8.62%,-$14.69,-120.51%,$119.03,66.27%,ES,NYSE:ES,0.256,$74.08,-4.60%
NASDAQ:TIGO,24 Jun 2026,$78.80,3,,,#ERROR!,$95.48,-17.47%,,,,$99.77,4.49%,$160.83,68.44%,$337.01,252.96%,TIGO,NASDAQ:TIGO,0.395,$87.80,
NASDAQ:EZPW,29 Jun 2026,$31.35,3,$41.00,9,0.51,$29.77,5.31%,,,,$27.21,-8.60%,$58.76,97.39%,$70.30,136.15%,EZPW,NASDAQ:EZPW,-0.988,$40.80,0.49%
NYSE:NRP,24 Jun 2026,$100.40,3,,,2.13,$98.06,2.39%,,,,$99.10,1.06%,$205.60,109.67%,$225.84,130.31%,NRP,NYSE:NRP,-0.182,$96.00,
NYSE:DINO,24 Jun 2026,$67.54,3,$72.58,9,,$91.47,-26.16%,,,,,-100.00%,-$2.00,-102.19%,-$2.00,-102.19%,DINO,NYSE:DINO,-2.000,,
NYSE:T,23 Jul 2026,$28.76,5,$27.54,10,2.72,$23.25,18.45%,18.45%,$27.54,$28.76,$25.06,7.78%,$20.56,-11.59%,$57.71,148.22%,T,NYSE:T,0.022,$28.71,-4.08%
NYSE:HAL,30 Jun 2026,$33.26,3,$45.07,7,3.68,$32.25,3.12%,,,,$32.94,2.14%,$42.79,32.69%,$56.41,74.91%,HAL,NYSE:HAL,0.422,$43.52,3.56%
NYSE:TS,30 Jun 2026,$56.32,3,$63.20,7,2.40,$57.33,-1.75%,,,,$56.46,-1.52%,$94.06,64.06%,$105.84,84.61%,TS,NYSE:TS,-0.094,$64.29,-1.70%
NYSE:TDW,30 Jun 2026,$68.88,3,,7,,$75.06,-8.23%,,,,,-100.00%,-$2.00,-102.66%,-$2.00,-102.66%,TDW,NYSE:TDW,-2.000,,
NYSE:FLOC,29 Jul 2026,$21.53,4,,,1.53,$20.45,5.28%,5.28%,$21.53,$31.22,$19.21,-6.06%,$64.17,213.81%,$113.61,455.55%,FLOC,NYSE:FLOC,-0.541,$31.22,
NYSE:CLB,21 Jul 2026,$13.82,5,$11.00,1,1.89,$10.64,3.38%,3.38%,$11.00,$15.50,$9.82,-7.71%,$16.04,50.78%,$9.45,-11.19%,CLB,NYSE:CLB,-0.384,$15.50,-29.03%
NASDAQ:SND,30 Jun 2026,$5.71,3,,6,3.88,$4.31,32.48%,,,,$4.43,2.78%,$4.32,0.29%,$16.01,271.52%,SND,NASDAQ:SND,0.657,$3.00,
NYSE:BWLP,26 Jun 2026,$17.09,3,,,4.01,$22.56,-24.25%,,,,$22.89,1.46%,$74.72,231.22%,$100.84,347.00%,BWLP,NYSE:BWLP,0.606,,
NYSE:RCI,14 Jul 2026,$41.33,5,$42.53,10,2.68,$33.85,22.10%,22.10%,$41.33,$42.53,$36.02,6.41%,$8.14,-75.97%,$142.37,320.58%,RCI,NYSE:RCI,0.004,$41.93,1.43%
NYSE:TIMB,30 Jun 2026,$23.56,4,$27.83,1,3.09,$19.17,22.88%,,,,$19.95,4.07%,$45.23,135.97%,$91.69,378.28%,TIMB,NYSE:TIMB,0.169,$25.39,9.61%
NYSE:UGI,2 Jul 2026,$38.21,4,$40.00,4,2.49,$36.12,5.78%,,,,$36.87,2.08%,$88.12,143.98%,$121.00,234.99%,UGI,NYSE:UGI,-0.068,$43.00,-6.98%
NYSE:WSR,2 Jul 2026,$19.20,3,$19.00,7,,#N/A,#N/A,,,,,#N/A,-$2.00,#N/A,-$2.00,#N/A,WSR,NYSE:WSR,-2.000,,
NYSE:BSM,2 Jul 2026,$13.68,1,,,3.03,$14.95,-8.49%,,,,$15.31,2.41%,$25.98,73.80%,$27.77,85.73%,BSM,NYSE:BSM,0.196,$16.00,
NASDAQ:STRS,17 Jul 2026,$26.82,4,,3,4.77,$19.60,36.84%,36.84%,$26.82,$26.82,$20.97,6.99%,-$11.83,-160.35%,-$10.01,-151.07%,STRS,NASDAQ:STRS,0.907,,
NYSE:USAC,,,,,,4.06,$26.16,-100.00%,,,,$27.15,3.78%,$28.66,9.57%,$67.11,156.53%,USAC,NYSE:USAC,0.643,$29.60,
NASDAQ:SWBI,,,,,,4.31,$14.55,-100.00%,,,,$15.45,6.19%,$58.34,300.94%,$65.08,347.28%,SWBI,NASDAQ:SWBI,0.740,$17.25,
NYSE:INN,,,,,,3.95,$6.88,-100.00%,,,,$7.43,7.99%,$0.55,-92.04%,$17.92,160.48%,INN,NYSE:INN,0.643,$6.19,
NYSE:NTST,,,,,,3.15,$21.45,-100.00%,,,,$22.66,5.64%,$17.91,-16.50%,$31.33,46.05%,NTST,NYSE:NTST,0.250,$23.13,
NYSE:NE,,,,,,3.35,$42.40,-100.00%,,,,$42.06,-0.80%,$52.28,23.29%,$52.16,23.02%,NE,NYSE:NE,0.322,$48.73,
NYSE:HUN,,,,,,3.92,$9.76,-100.00%,,,,$12.43,27.36%,$11.68,19.68%,$27.38,180.54%,HUN,NYSE:HUN,0.520,$13.58,
NYSE:DOW,,,,,,4.12,$30.29,-100.00%,,,,$31.81,5.02%,$27.06,-10.68%,$76.81,153.58%,DOW,NYSE:DOW,0.656,$35.69,
NYSE:TU,,,,,,3.83,$9.56,-100.00%,,,,$11.48,20.08%,$1.80,-81.19%,$12.29,28.53%,TU,NYSE:TU,0.478,$16.67,
NYSE:DKS,,,,,,3.26,$195.91,-100.00%,,,,$218.56,11.56%,$245.11,25.12%,"$5,749.28",2834.65%,DKS,NYSE:DKS,0.256,$250.14,
NYSE:GLP,,,,,,3.47,$49.47,-100.00%,,,,$51.18,3.46%,$41.89,-15.31%,$55.97,13.14%,GLP,NYSE:GLP,0.430,$45.00,
NYSE:UAN,,,,,,3.57,$128.99,-100.00%,,,,$126.62,-1.84%,$258.09,100.08%,$337.27,161.47%,UAN,NYSE:UAN,0.541,$9.50,
NYSE:BCE,,,,,,3.79,$21.68,-100.00%,,,,$22.55,4.01%,-$2.65,-112.23%,$65.02,199.89%,BCE,NYSE:BCE,0.496,$27.20,
NASDAQ:CMCSA,,,,,,3.98,$23.96,-100.00%,,,,$25.74,7.43%,$97.18,305.59%,$166.43,594.60%,CMCSA,NASDAQ:CMCSA,0.577,$30.09,
NYSE:CUBE,,,,,,3.11,$41.46,-100.00%,,,,$44.00,6.13%,$50.86,22.67%,$61.41,48.12%,CUBE,NYSE:CUBE,0.236,$43.81,
NYSE:XIFR,,,,,,3.00,$11.90,-100.00%,,,,$12.41,4.29%,-$37.33,-413.69%,-$16.46,-238.28%,XIFR,NYSE:XIFR,0.196,$12.18,
NASDAQ:RILY,,,,,,3.61,$7.16,-100.00%,,,,$7.05,-1.54%,$203.99,2749.05%,$214.44,2894.91%,RILY,NASDAQ:RILY,0.559,$1.50,
NYSE:BCC,,,,,,3.88,$76.38,-100.00%,,,,$81.92,7.25%,$149.29,95.45%,$180.82,136.73%,BCC,NYSE:BCC,0.547,$92.33,
NYSE:CC,,,,,,3.48,$16.61,-100.00%,,,,$17.61,6.02%,-$5.48,-132.98%,$31.68,90.76%,CC,NYSE:CC,0.326,$24.67,
NASDAQ:BBCP,,,,,,3.78,$9.73,-100.00%,,,,$10.46,7.50%,$7.36,-24.31%,$9.53,-2.01%,BBCP,NASDAQ:BBCP,0.497,$12.00,
NASDAQ:PAGP,,,,,,3.94,$26.33,-100.00%,,,,$27.78,5.51%,$0.02,-99.93%,$48.54,84.36%,PAGP,NASDAQ:PAGP,0.633,$24.64,
NYSE:AEO,,,,,,2.80,$17.18,-100.00%,,,,$18.26,6.29%,$59.36,245.52%,$56.24,227.33%,AEO,NYSE:AEO,0.079,$19.50,
NYSE:BEP,,,,,,3.28,$32.86,-100.00%,,,,$32.81,-0.15%,-$194.68,-692.46%,-$147.21,-548.00%,BEP,NYSE:BEP,0.305,$35.88,
NASDAQ:NWE,,,,,,3.53,$68.74,-100.00%,,,,$74.62,8.55%,-$6.56,-109.54%,-$0.83,-101.21%,NWE,NASDAQ:NWE,0.422,$73.08,
NYSE:PINE,,,,,,3.53,$20.18,-100.00%,,,,$22.17,9.86%,-$0.79,-103.93%,$13.08,-35.19%,PINE,NYSE:PINE,0.419,$21.55,
NYSE:LYB,,,,,,3.73,$62.08,-100.00%,,,,$62.96,1.42%,$110.00,77.18%,$161.22,159.70%,LYB,NYSE:LYB,0.509,$66.71,
NYSE:CODI,,,,,,3.94,$10.08,-100.00%,,,,$10.72,6.35%,-$13.55,-234.43%,$9.11,-9.66%,CODI,NYSE:CODI,0.558,$12.83,
NYSE:KEN,,,,,,3.39,$67.37,-100.00%,,,,$69.04,2.48%,$76.68,13.81%,$81.19,20.51%,KEN,NYSE:KEN,0.461,$29.85,
NYSE:SPH,,,,,,3.80,$18.66,-100.00%,,,,$19.55,4.77%,$74.53,299.39%,$90.86,386.93%,SPH,NYSE:SPH,0.577,$17.00,
NASDAQ:VNOM,,,,,,3.94,$44.61,-100.00%,,,,$44.70,0.20%,$74.83,67.74%,$122.15,173.82%,VNOM,NASDAQ:VNOM,0.557,$56.67,
NYSE:ENR,,,,,,3.14,$20.97,-100.00%,,,,$22.31,6.39%,$12.25,-41.58%,-$17.92,-185.46%,ENR,NYSE:ENR,0.257,$21.67,
NYSE:PII,,,,,,2.72,$67.08,-100.00%,,,,$73.35,9.35%,$122.93,83.26%,$169.44,152.60%,PII,NYSE:PII,0.069,$68.80,
NYSE:BIP,,,,,,3.37,$41.76,-100.00%,,,,$43.95,5.24%,-$109.77,-362.87%,-$0.29,-100.69%,BIP,NYSE:BIP,0.351,$44.36,
NYSE:CWEN,,,,,,3.77,$31.73,-100.00%,,,,$32.93,3.78%,$11.46,-63.88%,$83.69,163.74%,CWEN,NYSE:CWEN,0.460,$43.67,
NYSE:OLN,,,,,,2.99,$18.51,-100.00%,,,,$22.73,22.80%,$44.39,139.80%,$4.81,-74.00%,OLN,NYSE:OLN,0.106,$26.07,
NYSE:CTO,,,,,,2.99,$21.97,-100.00%,,,,$23.17,5.46%,$6.31,-71.26%,$29.96,36.37%,CTO,NYSE:CTO,0.179,$23.60,
NYSE:MMM,,,,,,2.63,$176.28,-100.00%,,,,$185.08,4.99%,$192.79,9.37%,$173.39,-1.64%,MMM,NYSE:MMM,0.027,$181.85,
NYSE:BWMX,,,,,,4.16,$17.02,-100.00%,,,,$18.15,6.64%,$42.73,151.04%,$49.20,189.10%,BWMX,NYSE:BWMX,0.625,$29.03,
NASDAQ:WDFC,,,,,,3.26,$227.14,-100.00%,,,,$233.63,2.86%,$349.51,53.87%,$365.59,60.96%,WDFC,NASDAQ:WDFC,0.270,$271.67,
NYSE:KRP,,,,,,3.88,$14.97,-100.00%,,,,$15.38,2.74%,$24.13,61.16%,$35.67,138.29%,KRP,NYSE:KRP,0.529,$19.00,
NYSE:BEPC,,,,,,3.42,$33.35,-100.00%,,,,$33.42,0.21%,-$323.97,-1071.42%,-$263.10,-888.90%,BEPC,NYSE:BEPC,0.324,$42.40,
NYSE:SXC,,,,,,3.55,$8.48,-100.00%,,,,$9.71,14.50%,$27.48,224.07%,$53.32,528.81%,SXC,NYSE:SXC,0.419,$9.50,
NYSE:OUT,,,,,,3.78,$31.87,-100.00%,,,,$34.29,7.59%,$26.56,-16.67%,$40.87,28.24%,OUT,NYSE:OUT,0.517,$36.33,
NYSE:FLNG,,,,,,3.53,$31.21,-100.00%,,,,$32.47,4.04%,$16.25,-47.92%,$30.13,-3.47%,FLNG,NYSE:FLNG,0.475,$25.88,
NYSE:NAT,,,,,,4.00,$6.53,-100.00%,,,,$6.76,3.52%,$8.89,36.17%,$11.48,75.77%,NAT,NYSE:NAT,0.663,$6.00,
NYSE:KGS,,,,,,3.66,$58.71,-100.00%,,,,$60.63,3.27%,$54.40,-7.35%,$43.60,-25.73%,KGS,NYSE:KGS,0.404,$83.53,
NYSE:GRNT,,,,,,3.87,$4.75,-100.00%,,,,$4.90,3.16%,$4.14,-12.85%,$15.73,231.23%,GRNT,NYSE:GRNT,0.496,$7.60,
NYSE:TSM,,,,,,3.03,$404.25,-100.00%,,,,$398.75,-1.36%,$488.51,20.84%,$567.69,40.43%,TSM,NYSE:TSM,0.138,$540.20,
NASDAQ:FEIM,,,,,,2.50,$57.97,-100.00%,,,,$58.12,0.26%,$0.00,-100.00%,$0.00,-100.00%,FEIM,NASDAQ:FEIM,-0.110,$81.00,
NYSE:INSW,,,,,,3.59,$96.18,-100.00%,,,,$98.55,2.46%,$137.28,42.73%,$168.77,75.47%,INSW,NYSE:INSW,0.471,$93.00,
NASDAQ:CSCO,,,,,,2.64,$115.99,-100.00%,,,,$119.09,2.67%,$133.15,14.79%,$140.12,20.80%,CSCO,NASDAQ:CSCO,0.014,$130.23,
NASDAQ:GLPI,,,,,,3.86,$44.79,-100.00%,,,,$47.59,6.25%,$55.88,24.75%,$71.71,60.10%,GLPI,NASDAQ:GLPI,0.534,$54.13,
NYSE:LPL,23 Jul 2026,$3.52,4,,2,1.74,$3.00,17.30%,17.30%,$3.52,$4.24,$2.76,-8.00%,-$2.89,-196.46%,$2.92,-2.79%,LPL,NYSE:LPL,-0.450,$4.24,
NYSE:TSLX,27 Jul 2026,$16.72,,$18.92,7,4.68,$17.16,-2.56%,-2.56%,$16.72,$19.70,$19.06,11.07%,"-$19,145.11",-111668.25%,"-$19,459.20",-113498.62%,TSLX,NYSE:TSLX,0.913,$19.70,-3.96%
NYSE:GNK,,,,,,4.67,$25.54,-100.00%,,,,$27.07,5.99%,"-$7,082.34",-27830.38%,"-$7,069.89",-27781.64%,GNK,NYSE:GNK,0.913,$28.75,
NYSE:TDS,,,,,,4.70,$33.58,-100.00%,,,,$36.13,7.59%,$100.97,200.69%,$45.10,34.32%,TDS,NYSE:TDS,0.867,$50.50,
NYSE:AXIA,,,,,,4.01,$10.47,-100.00%,,,,$10.53,0.57%,$5.89,-43.73%,$37.21,255.39%,AXIA,NYSE:AXIA,0.580,$13.77,
NASDAQ:BLMN,,,,,,3.89,$8.66,-100.00%,,,,$9.12,5.31%,-$2.31,-126.71%,$18.68,115.74%,BLMN,NASDAQ:BLMN,0.595,$8.70,
NYSE:CPA,,,,,,4.20,$141.22,-100.00%,,,,$145.91,3.32%,$384.49,172.26%,$74.09,-47.53%,CPA,NYSE:CPA,0.680,$175.13,
NYSE:AB,,,,,,3.57,$36.76,-100.00%,,,,$38.64,5.11%,$97.77,165.97%,$98.14,166.97%,AB,NYSE:AB,0.438,$39.00,
NASDAQ:PANL,,,,,,3.86,$7.61,-100.00%,,,,$7.82,2.76%,$2.27,-70.15%,$8.90,16.99%,PANL,NASDAQ:PANL,0.495,$10.85,
NASDAQ:BCBP,,,,,,3.83,$9.99,-100.00%,,,,$11.05,10.61%,-$129.23,-1393.63%,-$128.45,-1385.82%,BCBP,NASDAQ:BCBP,0.529,$11.75,
NYSE:SSTK,,,,,,4.11,$5.40,-100.00%,,,,$6.42,18.89%,-$1.50,-127.77%,$29.79,451.68%,SSTK,NYSE:SSTK,0.606,$28.85,
NASDAQ:EMBC,,,,,,3.87,$3.64,-100.00%,,,,$3.88,6.59%,$11.13,205.64%,$24.80,581.45%,EMBC,NASDAQ:EMBC,0.563,$4.00,
NYSE:OTF,,,,,,3.96,$9.94,-100.00%,,,,$10.45,5.13%,$0.00,-100.00%,$0.00,-100.00%,OTF,NYSE:OTF,0.547,$13.56,
NYSE:OGN,,,,,,#ERROR!,$13.55,-100.00%,,,,$14.07,3.84%,$40.00,195.17%,$31.03,128.98%,OGN,NYSE:OGN,0.636,$11.25,
NYSE:ARE,,,,,,3.03,$51.45,-100.00%,,,,$56.94,10.67%,-$14.88,-128.93%,$73.52,42.90%,ARE,NYSE:ARE,0.215,$51.00,
NASDAQ:CGBD,,,,,,3.95,$9.99,-100.00%,,,,$10.74,7.51%,$85.69,757.75%,$86.17,762.55%,CGBD,NASDAQ:CGBD,0.573,$12.29,
NASDAQ:ADAM,,,,,,3.97,$9.07,-100.00%,,,,$9.07,0.00%,$0.00,-100.00%,$0.00,-100.00%,ADAM,NASDAQ:ADAM,0.564,$11.88,
NYSE:EC,,,,,,3.54,$16.77,-100.00%,,,,$17.07,1.79%,"-$82,805.69",-493872.73%,"-$82,787.46",-493764.03%,EC,NYSE:EC,0.486,$13.38,
NASDAQ:TRIN,,,,,,4.00,#N/A,#N/A,,,,$18.40,#N/A,$6.17,#N/A,$8.85,#N/A,TRIN,NASDAQ:TRIN,0.598,$18.03,
NYSE:ARR,,,,,,4.10,$16.47,-100.00%,,,,$17.26,4.80%,-$60.21,-465.57%,-$59.78,-462.98%,ARR,NYSE:ARR,0.664,$18.38,
NYSE:ARI,,,,,,4.29,$6.62,-100.00%,,,,$7.07,6.80%,-$50.22,-858.64%,-$49.90,-853.72%,ARI,NYSE:ARI,0.684,$9.88,
NYSE:OLP,,,,,,3.73,$24.31,-100.00%,,,,$26.05,7.16%,$15.12,-37.80%,$28.99,19.25%,OLP,NYSE:OLP,0.505,$26.50,
NYSE:BDN,,,,,,3.62,$3.04,-100.00%,,,,$3.11,2.30%,-$8.43,-377.18%,$1.61,-47.14%,BDN,NYSE:BDN,0.480,$3.00,
NYSE:TRTX,,,,,,4.04,$7.97,-100.00%,,,,$8.72,9.41%,-$19.91,-349.83%,-$18.14,-327.63%,TRTX,NYSE:TRTX,0.603,$10.08,
NYSE:NSP,,,,,,3.18,$50.61,-100.00%,,,,$57.28,13.18%,$0.00,-100.00%,$0.00,-100.00%,NSP,NYSE:NSP,0.328,$39.50,
NYSE:MTN,,,,,,3.71,$149.38,-100.00%,,,,$165.65,10.89%,$89.66,-39.98%,$172.98,15.80%,MTN,NYSE:MTN,0.517,$148.50,
NYSE:FLO,,,,,,4.49,$7.02,-100.00%,,,,$8.10,15.38%,$9.34,33.08%,$18.35,161.41%,FLO,NYSE:FLO,0.799,$9.00,
NYSE:BGS,,,,,,3.80,$3.53,-100.00%,,,,$3.91,10.76%,-$8.77,-348.43%,$8.09,129.23%,BGS,NYSE:BGS,0.475,$4.80,
NYSE:ENIC,,,,,,3.60,$4.44,-100.00%,,,,$4.57,2.93%,$7.38,66.19%,$10.20,129.76%,ENIC,NYSE:ENIC,0.452,$4.72,
NYSE:E,,,,,,3.06,$55.56,-100.00%,,,,$55.29,-0.49%,$24.51,-55.89%,$28.30,-49.06%,E,NYSE:E,0.238,$52.88,
NYSE:UHT,,,,,,3.47,$43.42,-100.00%,,,,$46.86,7.92%,$0.00,-100.00%,$0.00,-100.00%,UHT,NYSE:UHT,0.418,$42.00,
NYSE:NEXA,,,,,,3.67,$12.85,-100.00%,,,,$12.83,-0.16%,$7.41,-42.36%,$42.77,232.85%,NEXA,NYSE:NEXA,0.461,$14.88,
NYSE:DX,,,,,,4.18,$12.71,-100.00%,,,,$13.46,5.90%,$0.00,-100.00%,$0.00,-100.00%,DX,NYSE:DX,0.687,$14.75,
NYSE:SCM,,,,,,4.09,$7.50,-100.00%,,,,$7.56,0.80%,$28.77,283.66%,"$10,539,845.63",140531175.04%,SCM,NYSE:SCM,0.603,$10.25,
NASDAQ:SEVN,,,,,,4.52,$7.54,-100.00%,,,,$8.49,12.60%,-$2.19,-128.99%,-$2.90,-138.44%,SEVN,NASDAQ:SEVN,0.804,$9.90,
NASDAQ:PLTK,,,,,,3.68,$3.99,-100.00%,,,,$4.21,5.51%,$0.14,-96.56%,$6.18,54.96%,PLTK,NASDAQ:PLTK,0.445,$5.05,
NYSE:KBDC,,,,,,3.76,$13.30,-100.00%,,,,$14.35,7.89%,$30.83,131.83%,$988.88,7335.18%,KBDC,NYSE:KBDC,0.508,$15.20,
NYSE:UPS,,,,,,3.90,$104.22,-100.00%,,,,$109.44,5.01%,$101.23,-2.87%,$151.74,45.60%,UPS,NYSE:UPS,0.580,$114.24,
NASDAQ:KRNY,,,,,,3.90,$9.59,-100.00%,,,,$10.07,5.01%,$0.00,-100.00%,$0.00,-100.00%,KRNY,NASDAQ:KRNY,0.580,$10.50,
NASDAQ:JACK,,,,,,3.56,$16.37,-100.00%,,,,$17.49,6.84%,-$72.41,-542.36%,-$60.86,-471.81%,JACK,NASDAQ:JACK,0.454,$16.12,
NYSE:PK,,,,,,3.77,$15.06,-100.00%,,,,$15.97,6.04%,$5.12,-66.01%,$7.00,-53.50%,PK,NYSE:PK,0.548,$14.66,
NYSE:BEN,,,,,,3.57,$33.86,-100.00%,,,,$34.34,1.42%,$40.35,19.16%,$10.32,-69.53%,BEN,NYSE:BEN,0.451,$34.45,
NASDAQ:WTBA,,,,,,3.62,$28.05,-100.00%,,,,$29.17,3.99%,-$149.12,-631.64%,-$142.87,-609.34%,WTBA,NASDAQ:WTBA,0.466,$29.00,
NASDAQ:REFI,,,,,,4.14,$9.76,-100.00%,,,,$10.50,7.58%,$12.13,24.29%,$30.59,213.40%,REFI,NASDAQ:REFI,0.618,$16.38,
NASDAQ:GNTX,27 Jul 2026,$34.91,5,$27.33,6,4.73,$23.36,16.99%,16.99%,$27.33,$34.91,$25.95,11.09%,$0.00,-100.00%,$0.00,-100.00%,GNTX,NASDAQ:GNTX,0.915,$28.89,-5.40%
NYSE:VZ,,,,,,3.80,$46.81,-100.00%,,,,$50.11,7.05%,$31.27,-33.19%,$77.17,64.86%,VZ,NYSE:VZ,0.533,$51.21,
NYSE:ORC,,,,,,4.03,$6.49,-100.00%,,,,$6.94,6.93%,$0.00,-100.00%,$0.00,-100.00%,ORC,NYSE:ORC,0.621,$7.50,
NASDAQ:SIGA,,,,,,4.06,$3.27,-100.00%,,,,$3.55,8.56%,$23.35,613.93%,$23.42,616.22%,SIGA,NASDAQ:SIGA,0.581,$17.53,
NYSE:BBDC,,,,,,3.72,$8.25,-100.00%,,,,$8.73,5.82%,$35.20,326.61%,$40.12,386.25%,BBDC,NYSE:BBDC,0.483,$9.62,
NYSE:NCDL,,,,,,3.44,$12.12,-100.00%,,,,$13.04,7.59%,-$5.03,-141.48%,-$4.81,-139.72%,NCDL,NYSE:NCDL,0.355,$14.35,
NYSE:DOC,,,,,,3.76,$21.83,-100.00%,,,,$23.66,8.38%,$18.71,-14.27%,$34.47,57.89%,DOC,NYSE:DOC,0.533,$22.39,
NYSE:VTS,,,,,,3.92,$15.60,-100.00%,,,,$16.00,2.56%,$34.32,120.03%,$73.12,368.75%,VTS,NYSE:VTS,0.521,$21.88,
NYSE:GNL,,,,,,3.84,$8.72,-100.00%,,,,$9.19,5.39%,$6.70,-23.16%,$18.50,112.15%,GNL,NYSE:GNL,0.537,$10.17,
NASDAQ:LBRDK,,,,,,3.27,$34.04,-100.00%,,,,$35.20,3.41%,$6.19,-81.82%,$14.53,-57.32%,LBRDK,NASDAQ:LBRDK,0.231,$48.50,
NYSE:AFG,,,,,,3.68,$141.72,-100.00%,,,,$150.04,5.87%,$0.00,-100.00%,$0.00,-100.00%,AFG,NYSE:AFG,0.493,$147.17,
NASDAQ:CZNC,,,,,,3.47,$25.39,-100.00%,,,,$26.14,2.95%,-$111.67,-539.81%,-$110.23,-534.16%,CZNC,NASDAQ:CZNC,0.423,$24.00,
NASDAQ:GLAD,,,,,,3.77,$18.67,-100.00%,,,,$20.10,7.66%,$40.32,115.96%,$42.10,125.48%,GLAD,NASDAQ:GLAD,0.504,$22.00,
NYSE:LPG,,,,,,3.94,$47.42,-100.00%,,,,$47.95,1.12%,$117.79,148.39%,$141.00,197.35%,LPG,NYSE:LPG,0.599,$51.00,
NASDAQ:OCSL,,,,,,3.86,$11.61,-100.00%,,,,$12.50,7.67%,$54.59,370.17%,$66.21,470.27%,OCSL,NASDAQ:OCSL,0.565,$12.43,
NASDAQ:FNLC,,,,,,3.87,$35.10,-100.00%,,,,$37.05,5.56%,$0.00,-100.00%,$0.00,-100.00%,FNLC,NASDAQ:FNLC,0.547,,
NYSE:CRI,,,,,,3.81,$38.57,-100.00%,,,,$40.26,4.38%,$172.28,346.67%,$41.67,8.03%,CRI,NYSE:CRI,0.536,$42.67,
