date,ticker,high,low,open,close,split_coefficient,volume
2026-08-07,NYSE:AIV,2.69,2.64,2.65,2.66,1.0,1039822
2026-08-10,NYSE:AIV,2.665,2.59,2.65,2.62,1.0,1254674
2026-08-11,NYSE:AIV,2.67,2.59,2.64,2.59,1.0,883857
2026-08-12,NYSE:AIV,2.63,2.59,2.63,2.61,1.0,756703
2026-08-13,NYSE:AIV,2.6277,2.595,2.6,2.61,1.0,819833
2026-08-14,NYSE:AIV,2.67,2.595,2.62,2.64,1.0,710771
2026-08-17,NYSE:AIV,2.625,2.59,2.62,2.62,1.0,864145
2026-08-18,NYSE:AIV,2.645,2.615,2.62,2.62,1.0,968127
2026-08-19,NYSE:AIV,2.65,2.61,2.62,2.63,1.0,656086
2026-08-20,NYSE:AIV,2.63,2.595,2.63,2.61,1.0,772389
2026-08-21,NYSE:AIV,2.64,2.61,2.64,2.62,1.0,504749
2026-08-24,NYSE:AIV,2.64,2.59,2.62,2.6,1.0,771515
2026-08-25,NYSE:AIV,2.605,2.57,2.58,2.58,1.0,481849
2026-08-26,NYSE:AIV,2.58,2.52,2.57,2.53,1.0,2230016
2026-08-27,NYSE:AIV,2.54,2.49,2.52,2.51,1.0,1067139
2026-08-28,NYSE:AIV,2.6,2.5,2.5,2.55,1.0,1702239
2026-08-31,NYSE:AIV,2.535,2.5,2.52,2.51,1.0,4891557
2026-09-01,NYSE:AIV,2.565,2.51,2.52,2.55,1.0,1299707
2026-09-02,NYSE:AIV,2.57,2.53,2.54,2.56,1.0,608647
2026-09-03,NYSE:AIV,2.58,2.53,2.56,2.54,1.0,512040
2026-09-04,NYSE:AIV,2.59,2.52,2.52,2.56,1.0,792190
2026-09-08,NYSE:AIV,2.555,2.48,2.55,2.48,1.0,1274098
2026-09-09,NYSE:AIV,2.5,2.46,2.48,2.46,1.0,1783403
2026-09-10,NYSE:AIV,2.46,2.42,2.455,2.43,1.0,2063066
2026-08-07,NYSE:ELME,1.6389,1.62,1.62,1.62,1.0,510141
2026-08-10,NYSE:ELME,1.6389,1.61,1.63,1.62,1.0,778033
2026-08-11,NYSE:ELME,1.63,1.61,1.61,1.62,1.0,343242
2026-08-12,NYSE:ELME,1.64,1.6129,1.64,1.62,1.0,274684
2026-08-13,NYSE:ELME,1.645,1.62,1.63,1.62,1.0,421427
2026-08-14,NYSE:ELME,1.64,1.62,1.64,1.62,1.0,208831
2026-08-17,NYSE:ELME,1.625,1.61,1.62,1.61,1.0,260400
2026-08-18,NYSE:ELME,1.62,1.61,1.62,1.61,1.0,175605
2026-08-19,NYSE:ELME,1.635,1.61,1.62,1.62,1.0,398517
2026-08-20,NYSE:ELME,1.63,1.61,1.61,1.62,1.0,267243
2026-08-21,NYSE:ELME,1.69,1.66,1.67,1.66,1.0,1276831
2026-08-24,NYSE:ELME,1.685,1.66,1.68,1.68,1.0,388038
2026-08-25,NYSE:ELME,1.69,1.66,1.69,1.69,1.0,758969
2026-08-26,NYSE:ELME,1.69,1.67,1.68,1.67,1.0,1216048
2026-08-27,NYSE:ELME,1.68,1.66,1.67,1.67,1.0,546459
2026-08-28,NYSE:ELME,1.68,1.66,1.66,1.68,1.0,546635
2026-08-31,NYSE:ELME,1.68,1.66,1.66,1.68,1.0,437373
2026-09-01,NYSE:ELME,1.71,1.67,1.69,1.68,1.0,922735
2026-09-02,NYSE:ELME,1.69,1.675,1.68,1.69,1.0,371673
2026-09-03,NYSE:ELME,1.69,1.675,1.69,1.68,1.0,282969
2026-09-04,NYSE:ELME,1.7,1.67,1.68,1.69,1.0,421129
2026-09-08,NYSE:ELME,1.69,1.67,1.67,1.68,1.0,715099
2026-09-09,NYSE:ELME,1.68,1.66,1.68,1.66,1.0,719793
2026-09-10,NYSE:ELME,1.67,1.66,1.67,1.66,1.0,372497
2026-08-07,NYSE:NLOP,11.8,11.5,11.55,11.57,1.0,105267
2026-08-10,NYSE:NLOP,11.64,11.385,11.56,11.48,1.0,113393
2026-08-11,NYSE:NLOP,11.68,11.4801,11.53,11.5,1.0,100211
2026-08-12,NYSE:NLOP,11.6394,11.46,11.57,11.57,1.0,129987
2026-08-13,NYSE:NLOP,11.74,11.6,11.61,11.66,1.0,90106
2026-08-14,NYSE:NLOP,11.72,11.53,11.69,11.59,1.0,85865
2026-08-17,NYSE:NLOP,11.69,11.38,11.58,11.42,1.0,84538
2026-08-18,NYSE:NLOP,11.64,11.3,11.33,11.48,1.0,113719
2026-08-19,NYSE:NLOP,11.59,11.3442,11.52,11.46,1.0,69761
2026-08-20,NYSE:NLOP,11.64,11.32,11.47,11.57,1.0,71012
2026-08-21,NYSE:NLOP,11.64,11.48,11.56,11.61,1.0,63548
2026-08-24,NYSE:NLOP,11.7572,11.45,11.63,11.53,1.0,71475
2026-08-25,NYSE:NLOP,11.67,11.49,11.5,11.61,1.0,94975
2026-08-26,NYSE:NLOP,11.7199,11.48,11.57,11.53,1.0,53768
2026-08-27,NYSE:NLOP,11.63,11.45,11.49,11.51,1.0,51399
2026-08-28,NYSE:NLOP,11.58,11.46,11.58,11.51,1.0,69838
2026-08-31,NYSE:NLOP,11.6919,11.31,11.47,11.42,1.0,94503
2026-09-01,NYSE:NLOP,11.4399,11.14,11.33,11.18,1.0,125245
2026-09-02,NYSE:NLOP,11.335,11.12,11.18,11.13,1.0,107151
2026-09-03,NYSE:NLOP,11.25,10.99,11.25,11.13,1.0,108128
2026-09-04,NYSE:NLOP,11.17,10.97,11.08,11.0,1.0,84570
2026-09-08,NYSE:NLOP,11.38,10.95,10.95,11.16,1.0,194913
2026-09-09,NYSE:NLOP,11.3,11.03,11.06,11.14,1.0,195956
2026-09-10,NYSE:NLOP,11.16,10.81,11.11,10.94,1.0,161359
2026-08-07,NYSE:AD,36.76,34.9,36.76,35.24,1.0,183603
2026-08-10,NYSE:AD,35.42,35.0,35.24,35.06,1.0,143939
2026-08-11,NYSE:AD,35.43,34.8,35.32,34.85,1.0,134562
2026-08-12,NYSE:AD,35.2,34.85,34.89,35.14,1.0,104010
2026-08-13,NYSE:AD,35.8299,34.81,35.39,35.7,1.0,131023
2026-08-14,NYSE:AD,36.235,35.7,35.94,35.98,1.0,143674
2026-08-17,NYSE:AD,35.965,35.3,35.65,35.36,1.0,106977
2026-08-18,NYSE:AD,36.0,35.0,35.58,35.05,1.0,116822
2026-08-19,NYSE:AD,36.17,34.71,34.85,35.29,1.0,215002
2026-08-20,NYSE:AD,35.91,34.65,34.91,35.54,1.0,255726
2026-08-21,NYSE:AD,36.09,35.32,35.94,35.66,1.0,229516
2026-08-24,NYSE:AD,35.68,35.21,35.48,35.59,1.0,185723
2026-08-25,NYSE:AD,36.1,35.39,35.58,35.86,1.0,174970
2026-08-26,NYSE:AD,36.0,35.31,35.7,35.66,1.0,229585
2026-08-27,NYSE:AD,35.69,34.82,35.63,35.49,1.0,179733
2026-08-28,NYSE:AD,36.48,35.49,35.49,36.0,1.0,209625
2026-08-31,NYSE:AD,37.2,35.91,35.91,36.66,1.0,154590
2026-09-01,NYSE:AD,37.4199,36.23,36.65,36.92,1.0,248296
2026-09-02,NYSE:AD,38.14,36.945,37.28,37.96,1.0,352088
2026-09-03,NYSE:AD,38.97,37.86,38.13,38.73,1.0,192855
2026-09-04,NYSE:AD,38.76,38.22,38.55,38.5,1.0,274550
2026-09-08,NYSE:AD,38.98,38.15,38.4,38.46,1.0,291665
2026-09-09,NYSE:AD,38.6,37.84,38.5,38.44,1.0,303507
2026-09-10,NYSE:AD,38.75,37.69,38.6,38.03,1.0,237743
2026-08-07,NASDAQ:VISN,10.96,10.18,10.2,10.94,1.0,16667708
2026-08-10,NASDAQ:VISN,11.47,10.68,10.785,11.42,1.0,12177931
2026-08-11,NASDAQ:VISN,11.725,11.26,11.4,11.7,1.0,12840381
2026-08-12,NASDAQ:VISN,11.966,11.5,11.75,11.58,1.0,6941804
2026-08-13,NASDAQ:VISN,11.9,11.255,11.79,11.35,1.0,5802834
2026-08-14,NASDAQ:VISN,11.54,11.3,11.475,11.53,1.0,5036173
2026-08-17,NASDAQ:VISN,11.765,11.51,11.52,11.66,1.0,7060310
2026-08-18,NASDAQ:VISN,11.59,11.18,11.48,11.38,1.0,9531822
2026-08-19,NASDAQ:VISN,11.47,11.105,11.39,11.2,1.0,11998195
2026-08-20,NASDAQ:VISN,11.355,11.125,11.18,11.31,1.0,7456243
2026-08-21,NASDAQ:VISN,11.35,11.065,11.35,11.21,1.0,6465849
2026-08-24,NASDAQ:VISN,11.18,10.82,11.11,10.84,1.0,8270759
2026-08-25,NASDAQ:VISN,11.07,10.755,10.96,11.04,1.0,5755331
2026-08-26,NASDAQ:VISN,11.09,10.895,10.98,11.05,1.0,13119433
2026-08-27,NASDAQ:VISN,11.7,11.33,11.61,11.63,1.0,7603070
2026-08-28,NASDAQ:VISN,6.85,6.0003,6.8,6.06,1.0,31223654
2026-08-31,NASDAQ:VISN,6.48,6.19,6.21,6.31,1.0,18644400
2026-09-01,NASDAQ:VISN,6.32,6.07,6.21,6.22,1.0,8443292
2026-09-02,NASDAQ:VISN,6.56,6.2,6.2,6.47,1.0,10137189
2026-09-03,NASDAQ:VISN,6.505,6.32,6.39,6.37,1.0,6648351
2026-09-04,NASDAQ:VISN,6.455,6.26,6.35,6.4,1.0,6258852
2026-09-08,NASDAQ:VISN,6.58,6.355,6.4,6.47,1.0,6266935
2026-09-09,NASDAQ:VISN,6.515,6.37,6.45,6.405,1.0,4955894
2026-09-10,NASDAQ:VISN,6.46,6.325,6.34,6.4,1.0,4323813
2026-08-07,NYSE:DD,146.2,141.79,144.8,142.47,1.0,1367037
2026-08-10,NYSE:DD,142.97,140.31,142.85,141.55,1.0,1337492
2026-08-11,NYSE:DD,146.35,141.34,141.34,144.49,1.0,1189990
2026-08-12,NYSE:DD,144.95,142.1501,144.45,144.37,1.0,1422671
2026-08-13,NYSE:DD,144.84,143.025,144.31,144.1,1.0,908183
2026-08-14,NYSE:DD,146.815,143.105,143.68,146.26,1.0,1108689
2026-08-17,NYSE:DD,146.5,142.71,145.93,143.07,1.0,1567724
2026-08-18,NYSE:DD,142.32,138.5,142.32,138.81,1.0,1291985
2026-08-19,NYSE:DD,141.0,138.9,140.41,139.68,1.0,969123
2026-08-20,NYSE:DD,140.54,138.45,138.51,138.46,1.0,983508
2026-08-21,NYSE:DD,141.0,138.24,139.92,138.33,1.0,1119143
2026-08-24,NYSE:DD,139.055,135.84,138.75,136.67,1.0,1013482
2026-08-25,NYSE:DD,137.71,135.07,137.55,136.04,1.0,1347241
2026-08-26,NYSE:DD,138.22,136.01,136.61,137.98,1.0,914960
2026-08-27,NYSE:DD,139.46,137.5,137.5,138.8,1.0,860257
2026-08-28,NYSE:DD,141.0,135.83,140.0,136.98,1.0,1055518
2026-08-31,NYSE:DD,136.56,133.68,136.5,134.59,1.0,1713230
2026-09-01,NYSE:DD,134.035,131.56,133.52,132.11,1.0,982965
2026-09-02,NYSE:DD,134.42,132.38,132.89,132.93,1.0,872120
2026-09-03,NYSE:DD,134.39,130.69,134.39,131.13,1.0,1656040
2026-09-04,NYSE:DD,132.14,129.17,130.36,131.59,1.0,1832674
2026-09-08,NYSE:DD,132.39,130.3,131.39,131.32,1.0,1212078
2026-09-09,NYSE:DD,131.595,127.75200000000001,130.73,127.92,1.0,1223142
2026-09-10,NYSE:DD,128.305,126.44,127.48,127.32,1.0,1073992
2026-08-07,NYSE:SITC,3.1899,3.1,3.12,3.15,1.0,801391
2026-08-10,NYSE:SITC,3.13,3.005,3.13,3.02,1.0,776615
2026-08-11,NYSE:SITC,3.04,2.96,3.04,2.96,1.0,1192379
2026-08-12,NYSE:SITC,3.02,2.96,2.99,2.98,1.0,779894
2026-08-13,NYSE:SITC,3.03,2.98,2.98,3.02,1.0,859669
2026-08-14,NYSE:SITC,3.03,2.95,3.0,2.96,1.0,746647
2026-08-17,NYSE:SITC,2.98,2.89,2.95,2.97,1.0,1008832
2026-08-18,NYSE:SITC,3.05,2.965,2.97,3.03,1.0,811950
2026-08-19,NYSE:SITC,3.08,3.01,3.03,3.03,1.0,681769
2026-08-20,NYSE:SITC,3.065,3.0009,3.05,3.02,1.0,569824
2026-08-21,NYSE:SITC,3.08,3.01,3.04,3.07,1.0,579676
2026-08-24,NYSE:SITC,3.11,3.02,3.08,3.07,1.0,965163
2026-08-25,NYSE:SITC,3.085,2.98,3.08,2.98,1.0,784061
2026-08-26,NYSE:SITC,3.055,2.955,2.98,3.03,1.0,952641
2026-08-27,NYSE:SITC,3.02,2.97,3.01,2.98,1.0,879856
2026-08-28,NYSE:SITC,3.045,2.945,3.03,2.99,1.0,1548453
2026-08-31,NYSE:SITC,3.005,2.93,2.99,2.95,1.0,1455847
2026-09-01,NYSE:SITC,3.02,2.9,2.95,2.9,1.0,1191644
2026-09-02,NYSE:SITC,2.99,2.9,2.9,2.93,1.0,635657
2026-09-03,NYSE:SITC,2.95,2.86,2.95,2.87,1.0,663942
2026-09-04,NYSE:SITC,2.9,2.82,2.86,2.87,1.0,647860
2026-09-08,NYSE:SITC,2.91,2.855,2.87,2.88,1.0,718815
2026-09-09,NYSE:SITC,2.885,2.805,2.87,2.81,1.0,857832
2026-08-07,NYSE:NAT,6.53,6.29,6.42,6.46,1.0,2090253
2026-08-10,NYSE:NAT,6.58,6.28,6.48,6.28,1.0,2159248
2026-08-11,NYSE:NAT,6.29,6.02,6.29,6.17,1.0,2714963
2026-08-12,NYSE:NAT,6.455,6.1901,6.21,6.44,1.0,2353238
2026-08-13,NYSE:NAT,6.68,6.45,6.46,6.61,1.0,2295195
2026-08-14,NYSE:NAT,6.82,6.64,6.65,6.71,1.0,2251871
2026-08-17,NYSE:NAT,6.85,6.68,6.75,6.82,1.0,2178951
2026-08-18,NYSE:NAT,6.94,6.765,6.84,6.93,1.0,2330566
2026-08-19,NYSE:NAT,7.1,6.945,7.0,7.02,1.0,2612951
2026-08-20,NYSE:NAT,7.075,6.9,6.99,6.99,1.0,2179573
2026-08-21,NYSE:NAT,7.195,6.93,7.04,6.97,1.0,3912787
2026-08-24,NYSE:NAT,7.085,6.91,6.91,7.0,1.0,3444510
2026-08-25,NYSE:NAT,6.98,6.81,6.95,6.9,1.0,1926566
2026-08-26,NYSE:NAT,6.76,6.41,6.71,6.52,1.0,4434744
2026-08-27,NYSE:NAT,7.0,6.46,6.55,6.76,1.0,7539466
2026-08-28,NYSE:NAT,6.985,6.69,6.9,6.77,1.0,4643141
2026-08-31,NYSE:NAT,6.9195,6.67,6.88,6.83,1.0,4372929
2026-09-01,NYSE:NAT,6.975,6.76,6.86,6.91,1.0,4880516
2026-09-02,NYSE:NAT,7.11,6.86,6.93,7.07,1.0,4824770
2026-09-03,NYSE:NAT,7.1995,6.995,7.13,7.1,1.0,3988698
2026-09-04,NYSE:NAT,7.345,7.02,7.1,7.25,1.0,4270825
2026-09-08,NYSE:NAT,7.335,7.14,7.32,7.14,1.0,3626768
2026-09-09,NYSE:NAT,7.34,7.1,7.2,7.27,1.0,4115580
2026-09-10,NYSE:NAT,7.265,7.0,7.01,7.21,1.0,5091481
2026-08-07,NASDAQ:TASK,7.7875,7.025,7.71,7.3,1.0,1271416
2026-08-10,NASDAQ:TASK,7.22,6.95,7.15,7.1,1.0,572747
2026-08-11,NASDAQ:TASK,7.1579999999999995,6.885,7.05,6.9,1.0,347317
2026-08-12,NASDAQ:TASK,6.925,6.57,6.84,6.92,1.0,501804
2026-08-13,NASDAQ:TASK,7.365,6.96,7.02,7.27,1.0,891241
2026-08-14,NASDAQ:TASK,7.55,7.29,7.32,7.5,1.0,630513
2026-08-17,NASDAQ:TASK,7.925,7.105,7.5,7.19,1.0,541183
2026-08-18,NASDAQ:TASK,7.51,7.165,7.22,7.38,1.0,729121
2026-08-19,NASDAQ:TASK,8.13,7.38,7.38,8.08,1.0,746580
2026-08-20,NASDAQ:TASK,8.08,7.68,7.96,7.76,1.0,425631
2026-08-21,NASDAQ:TASK,8.02,7.72,7.8,8.0,1.0,454903
2026-08-24,NASDAQ:TASK,8.04,7.815,7.99,7.83,1.0,246328
2026-08-25,NASDAQ:TASK,7.97,7.72,7.83,7.96,1.0,190710
2026-08-26,NASDAQ:TASK,7.93,7.7,7.9,7.75,1.0,247170
2026-08-27,NASDAQ:TASK,8.22,7.7704,7.78,8.21,1.0,362243
2026-08-28,NASDAQ:TASK,8.43,8.1,8.15,8.39,1.0,603829
2026-08-31,NASDAQ:TASK,8.43,8.18,8.3,8.25,1.0,482329
2026-09-01,NASDAQ:TASK,8.22,7.745,8.1,7.76,1.0,320903
2026-09-02,NASDAQ:TASK,8.125,7.78,7.78,8.06,1.0,595353
2026-09-03,NASDAQ:TASK,8.2899,7.91,8.05,8.08,1.0,327066
2026-09-04,NASDAQ:TASK,8.18,7.805,8.05,7.91,1.0,447948
2026-09-08,NASDAQ:TASK,7.915,7.545,7.9,7.65,1.0,352078
2026-09-09,NASDAQ:TASK,7.625,7.46,7.62,7.57,1.0,241862
2026-09-10,NASDAQ:TASK,7.77,7.48,7.48,7.64,1.0,365644
2026-08-07,NYSE:KREF,7.84,7.41,7.41,7.76,1.0,1152759
2026-08-10,NYSE:KREF,7.74,7.585,7.66,7.65,1.0,933927
2026-08-11,NYSE:KREF,7.7116,7.56,7.71,7.57,1.0,681150
2026-08-12,NYSE:KREF,7.7,7.54,7.6,7.66,1.0,479741
2026-08-13,NYSE:KREF,7.815,7.66,7.74,7.8,1.0,1049688
2026-08-14,NYSE:KREF,7.91,7.585,7.74,7.62,1.0,681694
2026-08-17,NYSE:KREF,7.62,7.435,7.59,7.47,1.0,602587
2026-08-18,NYSE:KREF,7.58,7.27,7.52,7.28,1.0,777450
2026-08-19,NYSE:KREF,7.627999999999999,7.39,7.39,7.51,1.0,439685
2026-08-20,NYSE:KREF,7.58,7.405,7.51,7.48,1.0,920163
2026-08-21,NYSE:KREF,7.63,7.48,7.54,7.58,1.0,439806
2026-08-24,NYSE:KREF,7.65,7.38,7.61,7.51,1.0,667157
2026-08-25,NYSE:KREF,7.67,7.48,7.58,7.6,1.0,669533
2026-08-26,NYSE:KREF,7.64,7.53,7.62,7.55,1.0,400488
2026-08-27,NYSE:KREF,7.705,7.52,7.52,7.61,1.0,478747
2026-08-28,NYSE:KREF,7.705,7.56,7.64,7.59,1.0,440655
2026-08-31,NYSE:KREF,7.655,7.5154,7.58,7.62,1.0,689381
2026-09-01,NYSE:KREF,7.54,7.35,7.53,7.45,1.0,627251
2026-09-02,NYSE:KREF,7.67,7.47,7.47,7.59,1.0,386348
2026-09-03,NYSE:KREF,7.7,7.5,7.69,7.56,1.0,377502
2026-09-04,NYSE:KREF,7.715,7.55,7.56,7.65,1.0,318531
2026-09-08,NYSE:KREF,7.65,7.45,7.65,7.46,1.0,439279
2026-09-09,NYSE:KREF,7.515,7.345,7.44,7.37,1.0,546854
2026-08-07,NASDAQ:IEP,7.69,7.405,7.69,7.455,1.0,1752407
2026-08-10,NASDAQ:IEP,7.5,7.4,7.5,7.43,1.0,1357142
2026-08-11,NASDAQ:IEP,7.59,7.43,7.45,7.58,1.0,1042774
2026-08-12,NASDAQ:IEP,7.62,7.48,7.6,7.5,1.0,1263263
2026-08-13,NASDAQ:IEP,7.57,7.48,7.56,7.5,1.0,1369809
2026-08-14,NASDAQ:IEP,7.5477,7.4,7.5,7.42,1.0,3355900
2026-08-17,NASDAQ:IEP,7.12,6.905,6.99,7.11,1.0,2864185
2026-08-18,NASDAQ:IEP,7.04,6.79,7.03,6.83,1.0,2640209
2026-08-19,NASDAQ:IEP,6.898,6.6,6.83,6.65,1.0,2067244
2026-08-20,NASDAQ:IEP,6.685,6.51,6.635,6.65,1.0,2446709
2026-08-21,NASDAQ:IEP,6.82,6.69,6.69,6.79,1.0,1394482
2026-08-24,NASDAQ:IEP,6.79,6.66,6.75,6.74,1.0,1576664
2026-08-25,NASDAQ:IEP,6.75,6.55,6.73,6.64,1.0,1521880
2026-08-26,NASDAQ:IEP,6.83,6.6,6.62,6.81,1.0,750013
2026-08-27,NASDAQ:IEP,6.87,6.71,6.8,6.73,1.0,589847
2026-08-28,NASDAQ:IEP,6.8,6.71,6.75,6.78,1.0,486473
2026-08-31,NASDAQ:IEP,6.815,6.715,6.75,6.8,1.0,591510
2026-09-01,NASDAQ:IEP,6.84,6.7436,6.78,6.81,1.0,490892
2026-09-02,NASDAQ:IEP,6.85,6.745,6.78,6.8,1.0,1076400
2026-09-03,NASDAQ:IEP,6.95,6.785,6.8,6.94,1.0,695927
2026-09-04,NASDAQ:IEP,6.94,6.81,6.92,6.82,1.0,510951
2026-09-08,NASDAQ:IEP,6.95,6.82,6.82,6.91,1.0,667233
2026-09-09,NASDAQ:IEP,6.938,6.8,6.92,6.83,1.0,684329
2026-09-10,NASDAQ:IEP,6.88,6.8,6.82,6.88,1.0,722073
2026-08-07,NYSE:BAP,396.02,385.44,392.82,386.93,1.0,210284
2026-08-10,NYSE:BAP,392.52,381.67,384.74,382.21,1.0,211098
2026-08-11,NYSE:BAP,389.0,374.69,385.0,377.0,1.0,306106
2026-08-12,NYSE:BAP,384.43,372.15,381.14,372.22,1.0,273796
2026-08-13,NYSE:BAP,379.435,370.555,373.73,375.14,1.0,339312
2026-08-14,NYSE:BAP,392.16,376.0,384.3,386.36,1.0,455399
2026-08-17,NYSE:BAP,392.39,375.51,385.23,378.28,1.0,440305
2026-08-18,NYSE:BAP,389.7,365.78,376.21,368.44,1.0,350435
2026-08-19,NYSE:BAP,380.37,365.58,371.98,368.98,1.0,258152
2026-08-20,NYSE:BAP,377.91,368.14,368.14,370.21,1.0,298474
2026-08-21,NYSE:BAP,379.83,373.72,375.09,378.97,1.0,192827
2026-08-24,NYSE:BAP,381.54,375.18,379.09,379.74,1.0,199264
2026-08-25,NYSE:BAP,383.69,375.21,381.54,383.3,1.0,214635
2026-08-26,NYSE:BAP,385.97,380.875,382.88,382.55,1.0,240569
2026-08-27,NYSE:BAP,383.01,372.09,380.99,373.2,1.0,310581
2026-08-28,NYSE:BAP,377.79,367.96,377.79,368.4,1.0,554801
2026-08-31,NYSE:BAP,373.47,365.65,372.48,366.38,1.0,389090
2026-09-01,NYSE:BAP,374.365,364.49,366.02,372.52,1.0,293933
2026-09-02,NYSE:BAP,383.805,372.52,374.93,379.56,1.0,278597
2026-09-03,NYSE:BAP,386.2,377.71,382.06,384.19,1.0,215159
2026-09-04,NYSE:BAP,385.255,380.1184,380.33,382.53,1.0,149367
2026-09-08,NYSE:BAP,385.29,375.59,383.87,377.24,1.0,580010
2026-09-09,NYSE:BAP,380.83,374.03,375.83,375.51,1.0,488364
2026-09-10,NYSE:BAP,379.92,371.72,373.85,379.55,1.0,537719
2026-08-07,NASDAQ:XRX,3.29,3.2,3.26,3.24,1.0,2614523
2026-08-10,NASDAQ:XRX,3.275,3.17,3.27,3.25,1.0,1932259
2026-08-11,NASDAQ:XRX,3.25,3.12,3.2,3.22,1.0,1651020
2026-08-12,NASDAQ:XRX,3.23,3.07,3.23,3.14,1.0,1729019
2026-08-13,NASDAQ:XRX,3.19,3.095,3.12,3.14,1.0,1264678
2026-08-14,NASDAQ:XRX,3.15,3.0811,3.15,3.1,1.0,1606767
2026-08-17,NASDAQ:XRX,3.08,2.91,3.06,2.95,1.0,3162566
2026-08-18,NASDAQ:XRX,3.09,2.96,3.0,2.97,1.0,1717581
2026-08-19,NASDAQ:XRX,3.02,2.815,2.98,2.85,1.0,1880104
2026-08-20,NASDAQ:XRX,2.875,2.81,2.85,2.84,1.0,1334560
2026-08-21,NASDAQ:XRX,2.995,2.85,2.86,2.9,1.0,1496366
2026-08-24,NASDAQ:XRX,2.89,2.815,2.86,2.85,1.0,1134045
2026-08-25,NASDAQ:XRX,2.965,2.78,2.88,2.95,1.0,1827187
2026-08-26,NASDAQ:XRX,3.02,2.89,2.94,2.98,1.0,1517275
2026-08-27,NASDAQ:XRX,3.08,2.96,2.98,2.97,1.0,1455950
2026-08-28,NASDAQ:XRX,3.195,2.9501,2.97,3.06,1.0,3118367
2026-08-31,NASDAQ:XRX,3.28,3.03,3.07,3.23,1.0,4319666
2026-09-01,NASDAQ:XRX,3.28,3.145,3.23,3.16,1.0,2844687
2026-09-02,NASDAQ:XRX,3.265,3.14,3.14,3.18,1.0,1685737
2026-09-03,NASDAQ:XRX,3.31,3.07,3.15,3.3,1.0,2308901
2026-09-04,NASDAQ:XRX,3.415,3.3,3.31,3.32,1.0,1975945
2026-09-08,NASDAQ:XRX,3.55,3.17,3.5,3.2,1.0,3603918
2026-09-09,NASDAQ:XRX,3.23,3.08,3.2,3.14,1.0,2770283
2026-09-10,NASDAQ:XRX,3.2,3.09,3.1,3.17,1.0,1592568
2026-08-07,NYSE:SAR,20.04,19.56,19.56,20.01,1.0,121765
2026-08-10,NYSE:SAR,20.05,19.525,20.05,19.73,1.0,99588
2026-08-11,NYSE:SAR,19.79,19.47,19.76,19.58,1.0,99224
2026-08-12,NYSE:SAR,19.8,19.35,19.76,19.38,1.0,67833
2026-08-13,NYSE:SAR,19.69,19.35,19.42,19.55,1.0,66139
2026-08-14,NYSE:SAR,19.6921,18.86,19.45,18.9,1.0,180728
2026-08-17,NYSE:SAR,19.2,18.42,18.9,18.71,1.0,201605
2026-08-18,NYSE:SAR,18.76,18.55,18.66,18.69,1.0,100180
2026-08-19,NYSE:SAR,18.8,18.59,18.8,18.8,1.0,93667
2026-08-20,NYSE:SAR,18.8,18.6,18.6,18.72,1.0,92049
2026-08-21,NYSE:SAR,18.8,18.34,18.8,18.43,1.0,110791
2026-08-24,NYSE:SAR,18.59,18.1,18.42,18.49,1.0,218235
2026-08-25,NYSE:SAR,18.5284,18.3,18.46,18.42,1.0,106119
2026-08-26,NYSE:SAR,18.5312,18.3,18.5,18.42,1.0,67937
2026-08-27,NYSE:SAR,18.53,18.26,18.4,18.33,1.0,109678
2026-08-28,NYSE:SAR,18.45,18.22,18.28,18.24,1.0,123898
2026-08-31,NYSE:SAR,18.555,18.2,18.2,18.5,1.0,139357
2026-09-01,NYSE:SAR,18.58,18.3,18.58,18.34,1.0,77198
2026-09-02,NYSE:SAR,18.5198,18.26,18.5,18.34,1.0,140110
2026-09-03,NYSE:SAR,18.3201,17.61,18.2,17.77,1.0,260807
2026-09-04,NYSE:SAR,17.77,17.45,17.77,17.64,1.0,297166
2026-09-08,NYSE:SAR,17.8,17.35,17.6,17.45,1.0,201367
2026-09-09,NYSE:SAR,17.52,17.2,17.45,17.37,1.0,185249
2026-09-10,NYSE:SAR,17.41,17.13,17.395,17.15,1.0,149890
2026-08-07,NASDAQ:TCPC,4.15,3.86,3.86,4.11,1.0,1829275
2026-08-10,NASDAQ:TCPC,4.05,3.87,4.05,3.94,1.0,946944
2026-08-11,NASDAQ:TCPC,3.965,3.84,3.94,3.9,1.0,798540
2026-08-12,NASDAQ:TCPC,4.01,3.845,3.9,4.0,1.0,429855
2026-08-13,NASDAQ:TCPC,4.245,4.0,4.0,4.21,1.0,903115
2026-08-14,NASDAQ:TCPC,4.21,4.07,4.2,4.08,1.0,646982
2026-08-17,NASDAQ:TCPC,4.09,4.0,4.09,4.08,1.0,501801
2026-08-18,NASDAQ:TCPC,4.105,4.02,4.032,4.08,1.0,673514
2026-08-19,NASDAQ:TCPC,4.23,4.09,4.18,4.09,1.0,1081518
2026-08-20,NASDAQ:TCPC,4.11,3.97,4.08,4.03,1.0,687107
2026-08-21,NASDAQ:TCPC,4.08,4.0,4.065,4.03,1.0,516264
2026-08-24,NASDAQ:TCPC,4.09,4.0,4.02,4.08,1.0,519238
2026-08-25,NASDAQ:TCPC,4.2,4.0528,4.07,4.18,1.0,1007256
2026-08-26,NASDAQ:TCPC,4.24,4.095,4.16,4.13,1.0,1002281
2026-08-27,NASDAQ:TCPC,4.185,4.1,4.12,4.13,1.0,703712
2026-08-28,NASDAQ:TCPC,4.1659,4.1,4.125,4.12,1.0,469472
2026-08-31,NASDAQ:TCPC,4.22,4.13,4.13,4.16,1.0,457339
2026-09-01,NASDAQ:TCPC,4.14,4.06,4.14,4.08,1.0,478468
2026-09-02,NASDAQ:TCPC,4.1149,4.06,4.1,4.08,1.0,319681
2026-09-03,NASDAQ:TCPC,4.135,4.01,4.06,4.06,1.0,487120
2026-09-04,NASDAQ:TCPC,4.12,4.01,4.05,4.07,1.0,397547
2026-09-08,NASDAQ:TCPC,4.08,4.02,4.04,4.07,1.0,674353
2026-09-09,NASDAQ:TCPC,4.08,3.995,4.08,4.03,1.0,1020881
2026-08-07,NYSE:BGS,3.52,3.42,3.48,3.52,1.0,2568107
2026-08-10,NYSE:BGS,3.49,3.35,3.49,3.4,1.0,3137630
2026-08-11,NYSE:BGS,3.5,3.365,3.38,3.41,1.0,2791341
2026-08-12,NYSE:BGS,3.63,3.405,3.46,3.58,1.0,5509662
2026-08-13,NYSE:BGS,3.71,3.565,3.6,3.68,1.0,2569833
2026-08-14,NYSE:BGS,3.7,3.58,3.68,3.62,1.0,1321979
2026-08-17,NYSE:BGS,3.6067,3.43,3.59,3.45,1.0,2415470
2026-08-18,NYSE:BGS,3.5,3.44,3.47,3.45,1.0,1287723
2026-08-19,NYSE:BGS,3.59,3.5,3.5,3.55,1.0,1284951
2026-08-20,NYSE:BGS,3.515,3.32,3.47,3.33,1.0,2982175
2026-08-21,NYSE:BGS,3.475,3.325,3.33,3.46,1.0,2550287
2026-08-24,NYSE:BGS,3.53,3.46,3.5,3.49,1.0,1323490
2026-08-25,NYSE:BGS,3.54,3.39,3.47,3.52,1.0,2182528
2026-08-26,NYSE:BGS,3.55,3.48,3.51,3.53,1.0,922512
2026-08-27,NYSE:BGS,3.51,3.43,3.48,3.47,1.0,1484276
2026-08-28,NYSE:BGS,3.545,3.48,3.5,3.52,1.0,1027292
2026-08-31,NYSE:BGS,3.5439,3.46,3.51,3.47,1.0,2189348
2026-09-01,NYSE:BGS,3.56,3.45,3.47,3.49,1.0,2170482
2026-09-02,NYSE:BGS,3.525,3.44,3.5,3.45,1.0,1630936
2026-09-03,NYSE:BGS,3.45,3.33,3.45,3.36,1.0,2255981
2026-09-04,NYSE:BGS,3.375,3.28,3.33,3.29,1.0,2179577
2026-09-08,NYSE:BGS,3.325,3.23,3.29,3.3,1.0,2234290
2026-09-09,NYSE:BGS,3.31,3.22,3.31,3.25,1.0,1755375
2026-09-10,NYSE:BGS,3.2675,3.18,3.24,3.22,1.0,1799766
2026-08-07,NASDAQ:CGBD,11.1,10.65,10.66,11.02,1.0,842383
2026-08-10,NASDAQ:CGBD,11.22,10.88,11.0,11.14,1.0,1019262
2026-08-11,NASDAQ:CGBD,11.33,11.07,11.15,11.17,1.0,712280
2026-08-12,NASDAQ:CGBD,11.24,10.9439,11.17,11.1,1.0,432869
2026-08-13,NASDAQ:CGBD,11.5,11.12,11.12,11.37,1.0,832447
2026-08-14,NASDAQ:CGBD,11.46,11.32,11.36,11.35,1.0,583220
2026-08-17,NASDAQ:CGBD,11.355,11.185,11.28,11.26,1.0,702232
2026-08-18,NASDAQ:CGBD,11.25,11.12,11.22,11.21,1.0,385930
2026-08-19,NASDAQ:CGBD,11.39,11.22,11.23,11.33,1.0,596953
2026-08-20,NASDAQ:CGBD,11.4,11.23,11.32,11.33,1.0,574570
2026-08-21,NASDAQ:CGBD,11.46,11.27,11.44,11.35,1.0,380279
2026-08-24,NASDAQ:CGBD,11.475,11.22,11.3,11.45,1.0,297915
2026-08-25,NASDAQ:CGBD,11.48,11.33,11.48,11.41,1.0,355567
2026-08-26,NASDAQ:CGBD,11.44,11.245,11.41,11.33,1.0,214194
2026-08-27,NASDAQ:CGBD,11.675,11.35,11.37,11.66,1.0,1576066
2026-08-28,NASDAQ:CGBD,11.91,11.6,11.6,11.78,1.0,668441
2026-08-31,NASDAQ:CGBD,12.1,11.75,11.78,11.98,1.0,719934
2026-09-01,NASDAQ:CGBD,11.95,11.55,11.91,11.55,1.0,583762
2026-09-02,NASDAQ:CGBD,11.735,11.5,11.59,11.56,1.0,348808
2026-09-03,NASDAQ:CGBD,11.6948,11.425,11.58,11.57,1.0,357744
2026-09-04,NASDAQ:CGBD,11.845,11.5,11.52,11.69,1.0,350666
2026-09-08,NASDAQ:CGBD,11.745,11.435,11.7,11.49,1.0,409763
2026-09-09,NASDAQ:CGBD,11.54,11.35,11.5,11.435,1.0,301548
2026-09-10,NASDAQ:CGBD,11.44,11.335,11.41,11.38,1.0,307001
2026-08-07,NYSE:BXMT,14.3,13.97,13.99,14.15,1.0,2654889
2026-08-10,NYSE:BXMT,14.24,13.905,14.05,14.17,1.0,2011052
2026-08-11,NYSE:BXMT,14.68,14.15,14.18,14.64,1.0,2333062
2026-08-12,NYSE:BXMT,14.835,14.27,14.7,14.28,1.0,3662541
2026-08-13,NYSE:BXMT,14.56,14.24,14.31,14.5,1.0,2415655
2026-08-14,NYSE:BXMT,14.73,14.37,14.51,14.48,1.0,2096515
2026-08-17,NYSE:BXMT,14.45,14.215,14.38,14.24,1.0,2591389
2026-08-18,NYSE:BXMT,14.4037,14.05,14.28,14.18,1.0,1540783
2026-08-19,NYSE:BXMT,14.7777,14.3,14.3,14.46,1.0,1833777
2026-08-20,NYSE:BXMT,14.53,14.255,14.41,14.35,1.0,1024963
2026-08-21,NYSE:BXMT,14.45,14.265,14.4,14.27,1.0,1656375
2026-08-24,NYSE:BXMT,14.425,14.1,14.25,14.12,1.0,2003417
2026-08-25,NYSE:BXMT,14.14,13.965,14.12,14.03,1.0,1540519
2026-08-26,NYSE:BXMT,14.03,13.875,14.03,13.92,1.0,2087918
2026-08-27,NYSE:BXMT,14.08,13.81,13.9,13.81,1.0,1870809
2026-08-28,NYSE:BXMT,13.8998,13.61,13.82,13.73,1.0,1814229
2026-08-31,NYSE:BXMT,13.94,13.62,13.67,13.9,1.0,2213559
2026-09-01,NYSE:BXMT,13.86,13.72,13.81,13.81,1.0,2109642
2026-09-02,NYSE:BXMT,14.07,13.81,13.86,14.02,1.0,1483468
2026-09-03,NYSE:BXMT,14.175,13.89,14.09,14.16,1.0,1441345
2026-09-04,NYSE:BXMT,14.27,14.01,14.02,14.2,1.0,1145351
2026-09-08,NYSE:BXMT,14.14,13.86,14.09,13.87,1.0,1589860
2026-09-09,NYSE:BXMT,14.0574,13.785,13.86,13.87,1.0,2059282
2026-09-10,NYSE:BXMT,13.9,13.44,13.85,13.485,1.0,2374557
2026-08-07,NYSE:FSK,12.54,11.85,11.85,12.44,1.0,4872390
2026-08-10,NYSE:FSK,12.31,12.07,12.26,12.19,1.0,2628199
2026-08-11,NYSE:FSK,12.31,12.06,12.17,12.25,1.0,1835190
2026-08-12,NYSE:FSK,12.27,12.065,12.25,12.17,1.0,1763456
2026-08-13,NYSE:FSK,12.71,12.215,12.24,12.64,1.0,2033108
2026-08-14,NYSE:FSK,12.62,12.35,12.58,12.36,1.0,1300921
2026-08-17,NYSE:FSK,12.32,11.96,12.28,12.01,1.0,1719544
2026-08-18,NYSE:FSK,12.05,11.9,11.99,11.91,1.0,1697919
2026-08-19,NYSE:FSK,12.11,11.965,12.0,12.06,1.0,2188517
2026-08-20,NYSE:FSK,12.13,11.78,12.06,11.91,1.0,1378451
2026-08-21,NYSE:FSK,12.085,11.87,11.98,11.91,1.0,1099897
2026-08-24,NYSE:FSK,12.115,11.88,11.93,12.05,1.0,1480290
2026-08-25,NYSE:FSK,12.07,11.93,12.02,12.05,1.0,1446029
2026-08-26,NYSE:FSK,12.215,11.9925,12.0,12.16,1.0,1557880
2026-08-27,NYSE:FSK,12.32,12.13,12.2,12.23,1.0,1406449
2026-08-28,NYSE:FSK,12.32,12.2,12.24,12.26,1.0,1208338
2026-08-31,NYSE:FSK,12.52,12.22,12.23,12.41,1.0,1774158
2026-09-01,NYSE:FSK,12.4,12.195,12.36,12.27,1.0,1357726
2026-09-02,NYSE:FSK,12.365,12.18,12.26,12.25,1.0,1074885
2026-09-03,NYSE:FSK,12.565,12.125,12.45,12.33,1.0,1341193
2026-09-04,NYSE:FSK,12.54,12.22,12.24,12.44,1.0,1261958
2026-09-08,NYSE:FSK,12.49,12.16,12.4,12.18,1.0,1507711
2026-09-09,NYSE:FSK,12.2,11.98,12.18,11.98,1.0,1651802
2026-09-10,NYSE:FSK,12.0341,11.86,11.99,11.89,1.0,1522472
2026-08-07,NASDAQ:SIGA,3.19,3.035,3.15,3.05,1.0,678828
2026-08-10,NASDAQ:SIGA,3.0810000000000004,2.86,3.07,2.93,1.0,1019763
2026-08-11,NASDAQ:SIGA,2.99,2.87,2.93,2.88,1.0,582334
2026-08-12,NASDAQ:SIGA,2.92,2.83,2.87,2.87,1.0,636597
2026-08-13,NASDAQ:SIGA,2.94,2.855,2.89,2.88,1.0,479913
2026-08-14,NASDAQ:SIGA,3.01,2.855,2.89,3.0,1.0,588162
2026-08-17,NASDAQ:SIGA,3.0,2.8811,3.0,2.93,1.0,766757
2026-08-18,NASDAQ:SIGA,3.0,2.88,2.92,2.99,1.0,457038
2026-08-19,NASDAQ:SIGA,3.12,2.97,2.99,3.11,1.0,898452
2026-08-20,NASDAQ:SIGA,3.1,2.93,3.1,2.97,1.0,582591
2026-08-21,NASDAQ:SIGA,3.09,2.95,2.99,3.04,1.0,1535996
2026-08-24,NASDAQ:SIGA,3.12,2.915,3.08,2.94,1.0,667090
2026-08-25,NASDAQ:SIGA,3.05,2.96,2.96,3.04,1.0,375047
2026-08-26,NASDAQ:SIGA,3.11,3.0,3.06,3.07,1.0,651123
2026-08-27,NASDAQ:SIGA,3.085,2.91,3.05,3.06,1.0,813649
2026-08-28,NASDAQ:SIGA,3.08,2.985,3.08,3.06,1.0,569084
2026-08-31,NASDAQ:SIGA,3.155,3.0,3.06,3.14,1.0,889211
2026-09-01,NASDAQ:SIGA,3.275,3.105,3.13,3.24,1.0,1077115
2026-09-02,NASDAQ:SIGA,3.26,3.18,3.24,3.21,1.0,663248
2026-09-03,NASDAQ:SIGA,3.28,3.155,3.22,3.23,1.0,830215
2026-09-04,NASDAQ:SIGA,3.32,3.095,3.2,3.29,1.0,899427
2026-09-08,NASDAQ:SIGA,3.275,3.14,3.245,3.2,1.0,786127
2026-09-09,NASDAQ:SIGA,3.25,3.04,3.2,3.08,1.0,582774
2026-09-10,NASDAQ:SIGA,3.07,3.0,3.07,3.02,1.0,550405
2026-08-07,NYSE:PINE,20.08,19.7501,19.82,19.98,1.0,89625
2026-08-10,NYSE:PINE,20.02,19.37,19.92,19.46,1.0,141587
2026-08-11,NYSE:PINE,19.61,19.3,19.44,19.61,1.0,96944
2026-08-12,NYSE:PINE,19.92,19.4761,19.51,19.62,1.0,90915
2026-08-13,NYSE:PINE,19.9647,19.595,19.65,19.68,1.0,94663
2026-08-14,NYSE:PINE,19.93,19.64,19.74,19.75,1.0,75517
2026-08-17,NYSE:PINE,19.675,19.4296,19.63,19.59,1.0,70162
2026-08-18,NYSE:PINE,19.7399,19.52,19.6,19.6,1.0,79593
2026-08-19,NYSE:PINE,19.81,19.55,19.6,19.81,1.0,123238
2026-08-20,NYSE:PINE,19.89,19.5599,19.66,19.63,1.0,88834
2026-08-21,NYSE:PINE,19.75,19.3591,19.75,19.55,1.0,109871
2026-08-24,NYSE:PINE,19.99,19.5115,19.56,19.95,1.0,204017
2026-08-25,NYSE:PINE,20.09,19.56,20.0,19.71,1.0,78743
2026-08-26,NYSE:PINE,19.82,19.505,19.71,19.69,1.0,89039
2026-08-27,NYSE:PINE,19.84,19.53,19.61,19.64,1.0,82207
2026-08-28,NYSE:PINE,19.95,19.46,19.95,19.53,1.0,72917
2026-08-31,NYSE:PINE,19.5053,19.23,19.46,19.46,1.0,105389
2026-09-01,NYSE:PINE,19.6,19.34,19.4,19.54,1.0,97210
2026-09-02,NYSE:PINE,19.685,19.35,19.61,19.45,1.0,101413
2026-09-03,NYSE:PINE,19.58,19.3073,19.5,19.48,1.0,74161
2026-09-04,NYSE:PINE,19.77,19.48,19.48,19.65,1.0,95189
2026-09-08,NYSE:PINE,19.7428,19.3301,19.58,19.43,1.0,92224
2026-09-09,NYSE:PINE,19.8448,18.79,19.36,18.93,1.0,314559
2026-09-10,NYSE:PINE,18.75,18.44,18.7,18.49,1.0,86329
2026-08-07,NASDAQ:REFI,10.3,10.055,10.1,10.27,1.0,281099
2026-08-10,NASDAQ:REFI,10.42,10.05,10.42,10.235,1.0,181146
2026-08-11,NASDAQ:REFI,10.36,10.1,10.11,10.23,1.0,166345
2026-08-12,NASDAQ:REFI,10.51,10.21,10.25,10.45,1.0,169254
2026-08-13,NASDAQ:REFI,10.49,10.26,10.41,10.3,1.0,167451
2026-08-14,NASDAQ:REFI,10.35,10.12,10.27,10.15,1.0,234602
2026-08-17,NASDAQ:REFI,10.4199,10.13,10.18,10.27,1.0,211366
2026-08-18,NASDAQ:REFI,10.45,10.27,10.27,10.37,1.0,184634
2026-08-19,NASDAQ:REFI,10.605,10.39,10.39,10.59,1.0,139165
2026-08-20,NASDAQ:REFI,10.93,10.57,10.88,10.61,1.0,222172
2026-08-21,NASDAQ:REFI,10.82,10.6,10.67,10.78,1.0,281478
2026-08-24,NASDAQ:REFI,10.87,10.75,10.82,10.79,1.0,119628
2026-08-25,NASDAQ:REFI,10.85,10.64,10.85,10.8,1.0,106082
2026-08-26,NASDAQ:REFI,10.87,10.6223,10.84,10.68,1.0,176228
2026-08-27,NASDAQ:REFI,10.77,10.67,10.7,10.67,1.0,95509
2026-08-28,NASDAQ:REFI,10.76,10.585,10.71,10.68,1.0,133421
2026-08-31,NASDAQ:REFI,10.94,10.6737,10.69,10.88,1.0,127507
2026-09-01,NASDAQ:REFI,10.9,10.76,10.83,10.79,1.0,116105
2026-09-02,NASDAQ:REFI,10.94,10.8,10.86,10.88,1.0,149044
2026-09-03,NASDAQ:REFI,10.96,10.8,10.96,10.86,1.0,235896
2026-09-04,NASDAQ:REFI,11.03,10.78,10.83,10.95,1.0,120431
2026-09-08,NASDAQ:REFI,10.98,10.78,10.95,10.83,1.0,113988
2026-09-09,NASDAQ:REFI,10.845,10.74,10.82,10.76,1.0,137751
2026-09-10,NASDAQ:REFI,10.8041,10.64,10.66,10.7,1.0,193289
2026-08-07,NASDAQ:SEVN,7.763,7.65,7.72,7.69,1.0,184455
2026-08-10,NASDAQ:SEVN,7.65,7.45,7.65,7.49,1.0,162733
2026-08-11,NASDAQ:SEVN,7.67,7.47,7.5,7.58,1.0,153290
2026-08-12,NASDAQ:SEVN,7.76,7.55,7.55,7.66,1.0,195156
2026-08-13,NASDAQ:SEVN,7.8,7.69,7.72,7.72,1.0,134114
2026-08-14,NASDAQ:SEVN,7.805,7.715,7.77,7.76,1.0,142947
2026-08-17,NASDAQ:SEVN,7.75,7.65,7.73,7.65,1.0,68889
2026-08-18,NASDAQ:SEVN,7.675,7.55,7.65,7.63,1.0,74610
2026-08-19,NASDAQ:SEVN,7.78,7.59,7.59,7.68,1.0,87824
2026-08-20,NASDAQ:SEVN,7.72,7.63,7.68,7.69,1.0,76250
2026-08-21,NASDAQ:SEVN,7.73,7.66,7.72,7.7,1.0,73161
2026-08-24,NASDAQ:SEVN,7.87,7.74,7.76,7.76,1.0,120659
2026-08-25,NASDAQ:SEVN,7.775,7.63,7.76,7.73,1.0,88834
2026-08-26,NASDAQ:SEVN,7.71,7.595,7.71,7.62,1.0,102931
2026-08-27,NASDAQ:SEVN,7.6677,7.555,7.6,7.6,1.0,151052
2026-08-28,NASDAQ:SEVN,7.67,7.56,7.6,7.58,1.0,109491
2026-08-31,NASDAQ:SEVN,7.66,7.54,7.55,7.57,1.0,209625
2026-09-01,NASDAQ:SEVN,7.59,7.455,7.56,7.48,1.0,199046
2026-09-02,NASDAQ:SEVN,7.54,7.415,7.54,7.42,1.0,161886
2026-09-03,NASDAQ:SEVN,7.575,7.42,7.49,7.51,1.0,147057
2026-09-04,NASDAQ:SEVN,7.61,7.495,7.5,7.54,1.0,92434
2026-09-08,NASDAQ:SEVN,7.5915,7.415,7.57,7.44,1.0,138835
2026-09-09,NASDAQ:SEVN,7.44,7.37,7.43,7.37,1.0,142360
2026-09-10,NASDAQ:SEVN,7.435,7.31,7.43,7.34,1.0,212804
2026-08-07,NYSE:ARR,16.875,16.61,16.61,16.68,1.0,4280758
2026-08-10,NYSE:ARR,16.7,16.39,16.7,16.54,1.0,4513304
2026-08-11,NYSE:ARR,16.755,16.51,16.55,16.67,1.0,4013134
2026-08-12,NYSE:ARR,16.7994,16.615,16.7,16.64,1.0,4714341
2026-08-13,NYSE:ARR,16.79,16.6729,16.72,16.72,1.0,3985647
2026-08-14,NYSE:ARR,16.87,16.725,16.75,16.74,1.0,4427835
2026-08-17,NYSE:ARR,16.5,16.37,16.425,16.46,1.0,3607578
2026-08-18,NYSE:ARR,16.5,16.3244,16.43,16.38,1.0,2872233
2026-08-19,NYSE:ARR,16.54,16.36,16.45,16.48,1.0,3155241
2026-08-20,NYSE:ARR,16.52,16.255,16.38,16.32,1.0,2720831
2026-08-21,NYSE:ARR,16.4328,16.28,16.41,16.34,1.0,2129162
2026-08-24,NYSE:ARR,16.39,16.235,16.34,16.38,1.0,2609651
2026-08-25,NYSE:ARR,16.44,16.28,16.4,16.4,1.0,2107036
2026-08-26,NYSE:ARR,16.43,16.2,16.43,16.22,1.0,2347604
2026-08-27,NYSE:ARR,16.44,16.16,16.17,16.41,1.0,2703963
2026-08-28,NYSE:ARR,16.5251,16.295,16.47,16.32,1.0,3594635
2026-08-31,NYSE:ARR,16.375,16.125,16.31,16.22,1.0,3231962
2026-09-01,NYSE:ARR,16.2,16.065,16.13,16.12,1.0,3327594
2026-09-02,NYSE:ARR,16.19,16.06,16.18,16.15,1.0,3256839
2026-09-03,NYSE:ARR,16.28,16.01,16.24,16.13,1.0,3685792
2026-09-04,NYSE:ARR,16.42,16.04,16.115,16.35,1.0,2949141
2026-09-08,NYSE:ARR,16.47,16.22,16.37,16.23,1.0,3396895
2026-09-09,NYSE:ARR,16.315,16.16,16.23,16.17,1.0,2610942
2026-09-10,NYSE:ARR,16.1628,15.77,16.09,15.835,1.0,5209653
2026-08-07,NYSE:NTST,21.13,20.64,21.03,20.69,1.0,1503403
2026-08-10,NYSE:NTST,20.69,19.995,20.69,20.03,1.0,1430531
2026-08-11,NYSE:NTST,20.23,19.78,20.01,19.89,1.0,1416892
2026-08-12,NYSE:NTST,20.58,19.89,19.89,20.53,1.0,1285641
2026-08-13,NYSE:NTST,20.825,20.51,20.51,20.61,1.0,689509
2026-08-14,NYSE:NTST,20.855,20.64,20.71,20.71,1.0,917463
2026-08-17,NYSE:NTST,20.59,20.32,20.56,20.43,1.0,840221
2026-08-18,NYSE:NTST,20.71,20.41,20.66,20.53,1.0,799557
2026-08-19,NYSE:NTST,20.68,20.43,20.68,20.53,1.0,18786156
2026-08-20,NYSE:NTST,20.765,20.47,20.47,20.61,1.0,681227
2026-08-21,NYSE:NTST,20.75,20.32,20.66,20.35,1.0,856642
2026-08-24,NYSE:NTST,20.87,20.36,20.51,20.8,1.0,1218367
2026-08-25,NYSE:NTST,20.89,20.5,20.89,20.61,1.0,1227496
2026-08-26,NYSE:NTST,20.82,20.51,20.67,20.75,1.0,739289
2026-08-27,NYSE:NTST,20.77,20.41,20.56,20.52,1.0,706503
2026-08-28,NYSE:NTST,20.655,20.46,20.53,20.47,1.0,625512
2026-08-31,NYSE:NTST,20.5,20.3,20.39,20.36,1.0,1088701
2026-09-01,NYSE:NTST,20.485,20.195,20.22,20.44,1.0,1009085
2026-09-02,NYSE:NTST,20.56,20.265,20.49,20.41,1.0,684518
2026-09-03,NYSE:NTST,20.535,20.23,20.5,20.43,1.0,880267
2026-09-04,NYSE:NTST,20.37,20.07,20.27,20.09,1.0,1128197
2026-09-08,NYSE:NTST,20.33,20.03,20.03,20.22,1.0,725535
2026-09-09,NYSE:NTST,20.25,19.95,20.21,20.04,1.0,854417
2026-09-10,NYSE:NTST,20.23,19.66,19.99,19.73,1.0,764329
2026-08-07,NASDAQ:STNE,11.12,10.555,11.12,10.6,1.0,3435162
2026-08-10,NASDAQ:STNE,10.63,10.35,10.61,10.37,1.0,2520072
2026-08-11,NASDAQ:STNE,10.39,9.95,10.37,9.96,1.0,3993942
2026-08-12,NASDAQ:STNE,10.02,9.785,9.95,10.0,1.0,5055556
2026-08-13,NASDAQ:STNE,10.33,9.94,10.09,10.23,1.0,7921629
2026-08-14,NASDAQ:STNE,9.98,9.38,9.89,9.55,1.0,11366249
2026-08-17,NASDAQ:STNE,9.74,9.18,9.63,9.27,1.0,7882479
2026-08-18,NASDAQ:STNE,9.31,9.08,9.26,9.12,1.0,5688041
2026-08-19,NASDAQ:STNE,9.54,9.21,9.26,9.47,1.0,6682110
2026-08-20,NASDAQ:STNE,9.5,9.15,9.45,9.16,1.0,4540465
2026-08-21,NASDAQ:STNE,9.495,9.185,9.23,9.36,1.0,3897088
2026-08-24,NASDAQ:STNE,9.825,9.1998,9.28,9.55,1.0,4937291
2026-08-25,NASDAQ:STNE,9.82,9.36,9.55,9.78,1.0,4509970
2026-08-26,NASDAQ:STNE,9.99,9.71,9.78,9.72,1.0,4567311
2026-08-27,NASDAQ:STNE,9.845,9.5,9.7,9.56,1.0,3990221
2026-08-28,NASDAQ:STNE,9.72,9.33,9.51,9.705,1.0,4291647
2026-08-31,NASDAQ:STNE,9.84,9.525,9.75,9.7,1.0,33439285
2026-09-01,NASDAQ:STNE,9.9,9.53,9.61,9.66,1.0,4676801
2026-09-02,NASDAQ:STNE,10.43,9.67,9.68,10.37,1.0,7269448
2026-09-03,NASDAQ:STNE,10.8,10.22,10.725,10.32,1.0,6521465
2026-09-04,NASDAQ:STNE,10.31,10.005,10.12,10.11,1.0,3834564
2026-09-08,NASDAQ:STNE,10.401,10.0,10.25,10.02,1.0,3951973
2026-09-09,NASDAQ:STNE,10.14,9.788,9.86,9.82,1.0,5123532
2026-09-10,NASDAQ:STNE,10.395,9.652,9.72,10.3,1.0,6180348
2026-08-07,NYSE:UAN,129.65,126.5,127.09,126.57,1.0,114522
2026-08-10,NYSE:UAN,119.9,116.65,117.78,117.01,1.0,66007
2026-08-11,NYSE:UAN,120.99,115.19,115.19,120.17,1.0,69910
2026-08-12,NYSE:UAN,121.0,119.06,120.4,119.53,1.0,33548
2026-08-13,NYSE:UAN,119.95,117.5368,118.79,118.83,1.0,42829
2026-08-14,NYSE:UAN,123.5,118.76,119.99,123.5,1.0,110370
2026-08-17,NYSE:UAN,126.49,121.815,123.74,122.29,1.0,72803
2026-08-18,NYSE:UAN,125.64,120.98,123.0,121.11,1.0,29094
2026-08-19,NYSE:UAN,122.78,120.7,121.5,122.27,1.0,23604
2026-08-20,NYSE:UAN,124.98,122.9132,122.93,124.49,1.0,43400
2026-08-21,NYSE:UAN,127.45,124.7,125.0,125.9,1.0,56283
2026-08-24,NYSE:UAN,127.0,124.0,125.89,125.07,1.0,52568
2026-08-25,NYSE:UAN,128.43,124.18,125.74,126.13,1.0,94005
2026-08-26,NYSE:UAN,127.0,125.87,126.5,126.23,1.0,26596
2026-08-27,NYSE:UAN,126.8,124.2809,126.0,126.28,1.0,29304
2026-08-28,NYSE:UAN,126.77,124.76,125.34,125.28,1.0,31295
2026-08-31,NYSE:UAN,127.5,125.385,126.42,126.4,1.0,52201
2026-09-01,NYSE:UAN,130.5,126.5,127.51,130.25,1.0,53819
2026-09-02,NYSE:UAN,134.29,130.0,130.8,133.93,1.0,38592
2026-09-03,NYSE:UAN,132.77,130.465,132.49,131.51,1.0,31110
2026-09-04,NYSE:UAN,131.9847,130.17,130.17,130.8,1.0,10204
2026-09-08,NYSE:UAN,133.47,131.0,131.0,132.9,1.0,18449
2026-09-09,NYSE:UAN,134.48,132.735,133.0,133.16,1.0,21978
2026-09-10,NYSE:UAN,136.82,134.4156,135.5,135.38,1.0,37551
2026-08-07,NASDAQ:TFSL,17.85,17.57,17.75,17.59,1.0,956952
2026-08-10,NASDAQ:TFSL,17.62,17.135,17.47,17.21,1.0,1007848
2026-08-11,NASDAQ:TFSL,17.41,17.15,17.21,17.24,1.0,1048160
2026-08-12,NASDAQ:TFSL,17.5,17.2,17.34,17.45,1.0,724638
2026-08-13,NASDAQ:TFSL,17.665,17.5,17.52,17.57,1.0,526576
2026-08-14,NASDAQ:TFSL,17.765,17.55,17.55,17.64,1.0,559475
2026-08-17,NASDAQ:TFSL,17.745,17.42,17.64,17.505,1.0,540124
2026-08-18,NASDAQ:TFSL,17.725,17.3,17.55,17.55,1.0,956252
2026-08-19,NASDAQ:TFSL,17.64,17.16,17.55,17.31,1.0,1179715
2026-08-20,NASDAQ:TFSL,17.545,17.25,17.25,17.5,1.0,750959
2026-08-21,NASDAQ:TFSL,17.73,17.38,17.59,17.64,1.0,757217
2026-08-24,NASDAQ:TFSL,17.83,17.595,17.66,17.65,1.0,1317555
2026-08-25,NASDAQ:TFSL,17.895,17.52,17.65,17.79,1.0,809378
2026-08-26,NASDAQ:TFSL,17.995,17.75,17.82,17.92,1.0,624292
2026-08-27,NASDAQ:TFSL,18.02,17.65,17.85,17.91,1.0,745848
2026-08-28,NASDAQ:TFSL,18.18,17.5,17.875,17.53,1.0,777046
2026-08-31,NASDAQ:TFSL,17.68,17.365,17.54,17.47,1.0,842083
2026-09-01,NASDAQ:TFSL,17.563,17.305,17.52,17.38,1.0,768187
2026-09-02,NASDAQ:TFSL,17.625,17.2539,17.43,17.47,1.0,623306
2026-09-03,NASDAQ:TFSL,17.67,17.43,17.47,17.5,1.0,625179
2026-09-04,NASDAQ:TFSL,17.69,17.42,17.48,17.57,1.0,592061
2026-09-08,NASDAQ:TFSL,17.55,17.1,17.51,17.39,1.0,971416
2026-09-09,NASDAQ:TFSL,17.23,16.9439,17.08,17.04,1.0,714672
2026-09-10,NASDAQ:TFSL,17.135,16.98,17.06,17.08,1.0,550662
2026-08-07,NYSE:BWMX,16.9,16.5001,16.62,16.72,1.0,66773
2026-08-10,NYSE:BWMX,16.67,16.0,16.52,16.13,1.0,123534
2026-08-11,NYSE:BWMX,16.69,15.95,15.95,16.3,1.0,71701
2026-08-12,NYSE:BWMX,16.44,16.1,16.33,16.35,1.0,49515
2026-08-13,NYSE:BWMX,16.62,16.28,16.49,16.41,1.0,42095
2026-08-14,NYSE:BWMX,16.69,16.28,16.48,16.45,1.0,118427
2026-08-17,NYSE:BWMX,16.45,15.51,16.45,15.93,1.0,187609
2026-08-18,NYSE:BWMX,16.45,15.9,15.9,16.19,1.0,79820
2026-08-19,NYSE:BWMX,16.4199,16.03,16.27,16.15,1.0,38029
2026-08-20,NYSE:BWMX,16.45,15.7962,16.02,15.92,1.0,43058
2026-08-21,NYSE:BWMX,16.11,15.8601,15.99,16.05,1.0,28181
2026-08-24,NYSE:BWMX,16.32,15.8005,16.02,16.14,1.0,79358
2026-08-25,NYSE:BWMX,16.29,15.83,16.11,16.28,1.0,28043
2026-08-26,NYSE:BWMX,16.48,16.1,16.28,16.15,1.0,43348
2026-08-27,NYSE:BWMX,16.3764,15.87,16.11,15.92,1.0,49786
2026-08-28,NYSE:BWMX,16.2,15.67,15.94,15.77,1.0,48044
2026-08-31,NYSE:BWMX,16.0128,15.78,15.89,15.88,1.0,32421
2026-09-01,NYSE:BWMX,16.0,15.7,15.9,15.87,1.0,51304
2026-09-02,NYSE:BWMX,15.75,15.1524,15.68,15.5,1.0,146289
2026-09-03,NYSE:BWMX,15.78,15.25,15.5,15.45,1.0,74722
2026-09-04,NYSE:BWMX,15.84,15.45,15.55,15.74,1.0,37936
2026-09-08,NYSE:BWMX,15.93,15.35,15.74,15.39,1.0,58895
2026-09-09,NYSE:BWMX,15.57,15.25,15.33,15.51,1.0,62191
2026-09-10,NYSE:BWMX,15.545,15.36,15.41,15.43,1.0,24305
2026-08-07,NYSE:LDI,0.98715,0.94,0.97,0.9518,1.0,3497439
2026-08-10,NYSE:LDI,0.95,0.8706,0.9485,0.8785,1.0,5456941
2026-08-11,NYSE:LDI,0.8995,0.8405,0.89,0.8526,1.0,3983682
2026-08-12,NYSE:LDI,0.8858,0.82545,0.8448,0.8799,1.0,1834598
2026-08-13,NYSE:LDI,0.9536,0.8779,0.89,0.9455,1.0,2436234
2026-08-14,NYSE:LDI,0.9435,0.8852,0.9371,0.8966,1.0,1403599
2026-08-17,NYSE:LDI,0.9399,0.8572,0.9072,0.8748,1.0,1714606
2026-08-18,NYSE:LDI,0.8899,0.8521,0.87,0.8581,1.0,807809
2026-08-19,NYSE:LDI,0.9288,0.8763,0.88,0.8763,1.0,1779188
2026-08-20,NYSE:LDI,0.8988,0.85,0.871,0.87,1.0,1238983
2026-08-21,NYSE:LDI,0.8979,0.8581,0.8671,0.8925,1.0,939377
2026-08-24,NYSE:LDI,0.9052,0.871,0.8748,0.8909999999999999,1.0,941164
2026-08-25,NYSE:LDI,0.9387,0.8909999999999999,0.9009999999999999,0.9238,1.0,2988869
2026-08-26,NYSE:LDI,0.93305,0.8727,0.922,0.8822,1.0,2044056
2026-08-27,NYSE:LDI,1.06,0.8836,0.93,0.9732,1.0,9122239
2026-08-28,NYSE:LDI,1.07,0.95,0.98,0.9604,1.0,4246819
2026-08-31,NYSE:LDI,0.97,0.91,0.95,0.9444,1.0,2894901
2026-09-01,NYSE:LDI,0.9435899999999999,0.8729,0.9297,0.8899,1.0,4594290
2026-09-02,NYSE:LDI,0.9146,0.8769,0.9,0.9024,1.0,3515443
2026-09-03,NYSE:LDI,0.97,0.9253,0.93,0.9399,1.0,3253671
2026-09-04,NYSE:LDI,0.968,0.9153,0.94,0.9424,1.0,3134856
2026-09-08,NYSE:LDI,0.96,0.7968,0.9399,0.8261,1.0,8210439
2026-09-09,NYSE:LDI,0.852,0.7701,0.852,0.7801,1.0,13909155
2026-09-10,NYSE:LDI,0.8874,0.75,0.768,0.8318,1.0,13072400
2026-08-07,NYSE:TEN,39.5,38.11,39.28,39.14,1.0,162200
2026-08-10,NYSE:TEN,39.34,38.31,39.22,38.31,1.0,186934
2026-08-11,NYSE:TEN,38.905,37.28,38.46,38.23,1.0,174971
2026-08-12,NYSE:TEN,39.35,38.19,38.19,39.31,1.0,198634
2026-08-13,NYSE:TEN,41.5,39.36,39.36,40.81,1.0,322384
2026-08-14,NYSE:TEN,42.0,40.8,40.81,41.45,1.0,246061
2026-08-17,NYSE:TEN,42.69,41.75,42.0,42.16,1.0,257611
2026-08-18,NYSE:TEN,42.22,41.55,42.22,42.03,1.0,175360
2026-08-19,NYSE:TEN,42.95,42.03,42.39,42.6,1.0,170492
2026-08-20,NYSE:TEN,42.77,41.78,42.64,42.32,1.0,140321
2026-08-21,NYSE:TEN,44.0,42.49,42.78,42.71,1.0,316384
2026-08-24,NYSE:TEN,42.82,42.18,42.38,42.63,1.0,230391
2026-08-25,NYSE:TEN,42.65,42.0,42.38,42.27,1.0,144357
2026-08-26,NYSE:TEN,41.828,40.02,41.75,40.25,1.0,329676
2026-08-27,NYSE:TEN,42.33,40.74,40.74,42.09,1.0,294180
2026-08-28,NYSE:TEN,42.93,42.0,42.135,42.52,1.0,148571
2026-08-31,NYSE:TEN,42.91,42.02,42.81,42.4,1.0,260474
2026-09-01,NYSE:TEN,43.21,42.14,42.9,42.82,1.0,193439
2026-09-02,NYSE:TEN,43.3,42.37,42.82,43.25,1.0,270798
2026-09-03,NYSE:TEN,44.0,42.83,43.5,43.28,1.0,349459
2026-09-04,NYSE:TEN,43.99,43.13,43.41,43.74,1.0,326384
2026-09-08,NYSE:TEN,44.1,43.07,44.1,43.52,1.0,301723
2026-09-09,NYSE:TEN,44.5095,43.605,44.17,44.32,1.0,309534
2026-09-10,NYSE:TEN,46.65,43.8,45.51,44.71,1.0,713433
2026-08-07,NYSE:MNR,13.185,12.85,12.95,12.96,1.0,522688
2026-08-10,NYSE:MNR,13.18,12.8,13.02,13.18,1.0,364635
2026-08-11,NYSE:MNR,13.26,13.06,13.18,13.15,1.0,196474
2026-08-12,NYSE:MNR,13.4,13.02,13.02,13.06,1.0,448879
2026-08-13,NYSE:MNR,13.18,12.96,13.03,12.98,1.0,520252
2026-08-14,NYSE:MNR,13.14,12.9,13.07,13.01,1.0,459802
2026-08-17,NYSE:MNR,12.89,12.51,12.79,12.69,1.0,386381
2026-08-18,NYSE:MNR,12.79,12.49,12.74,12.6,1.0,546149
2026-08-19,NYSE:MNR,12.79,12.615,12.7,12.63,1.0,441025
2026-08-20,NYSE:MNR,12.7789,12.56,12.72,12.61,1.0,222655
2026-08-21,NYSE:MNR,12.85,12.53,12.69,12.71,1.0,328875
2026-08-24,NYSE:MNR,12.7999,12.55,12.57,12.64,1.0,389527
2026-08-25,NYSE:MNR,12.685,12.52,12.64,12.52,1.0,285070
2026-08-26,NYSE:MNR,12.56,12.41,12.5,12.44,1.0,366461
2026-08-27,NYSE:MNR,12.61,12.3039,12.5,12.55,1.0,327776
2026-08-28,NYSE:MNR,12.7097,12.5,12.62,12.51,1.0,236026
2026-08-31,NYSE:MNR,12.61,12.4,12.4,12.5,1.0,459657
2026-09-01,NYSE:MNR,12.67,12.525,12.6,12.61,1.0,475047
2026-09-02,NYSE:MNR,12.795,12.585,12.64,12.7,1.0,287728
2026-09-03,NYSE:MNR,12.69,12.525,12.69,12.58,1.0,218762
2026-09-04,NYSE:MNR,12.67,12.45,12.67,12.57,1.0,280201
2026-09-08,NYSE:MNR,12.9,12.68,12.75,12.71,1.0,393751
2026-09-09,NYSE:MNR,12.89,12.6299,12.82,12.67,1.0,391117
2026-09-10,NYSE:MNR,12.88,12.51,12.82,12.57,1.0,396247
2026-08-07,NASDAQ:ADAM,9.915,9.54,9.54,9.82,1.0,781569
2026-08-10,NASDAQ:ADAM,9.82,9.58,9.81,9.79,1.0,699985
2026-08-11,NASDAQ:ADAM,10.36,9.925,9.94,10.23,1.0,1440294
2026-08-12,NASDAQ:ADAM,10.3,10.11,10.25,10.16,1.0,980175
2026-08-13,NASDAQ:ADAM,10.23,10.085,10.18,10.09,1.0,954795
2026-08-14,NASDAQ:ADAM,10.21,10.045,10.11,10.12,1.0,740381
2026-08-17,NASDAQ:ADAM,10.145,10.06,10.12,10.12,1.0,621010
2026-08-18,NASDAQ:ADAM,10.17,10.005,10.14,10.08,1.0,776004
2026-08-19,NASDAQ:ADAM,10.23,10.075,10.18,10.18,1.0,731216
2026-08-20,NASDAQ:ADAM,10.145,9.83,10.06,9.93,1.0,835515
2026-08-21,NASDAQ:ADAM,10.04,9.87,10.04,9.94,1.0,1329703
2026-08-24,NASDAQ:ADAM,9.975,9.785,9.9,9.86,1.0,705985
2026-08-25,NASDAQ:ADAM,9.95,9.75,9.92,9.84,1.0,612369
2026-08-26,NASDAQ:ADAM,9.84,9.71,9.84,9.77,1.0,486449
2026-08-27,NASDAQ:ADAM,9.915,9.74,9.77,9.84,1.0,745461
2026-08-28,NASDAQ:ADAM,9.956,9.78,9.88,9.8,1.0,834089
2026-08-31,NASDAQ:ADAM,9.85,9.65,9.85,9.74,1.0,796817
2026-09-01,NASDAQ:ADAM,9.72,9.55,9.63,9.61,1.0,536413
2026-09-02,NASDAQ:ADAM,9.655,9.57,9.61,9.61,1.0,580753
2026-09-03,NASDAQ:ADAM,9.75,9.605,9.74,9.7,1.0,587629
2026-09-04,NASDAQ:ADAM,9.81,9.64,9.66,9.75,1.0,510327
2026-09-08,NASDAQ:ADAM,9.78,9.685,9.75,9.71,1.0,564597
2026-09-09,NASDAQ:ADAM,9.73,9.56,9.73,9.56,1.0,650267
2026-09-10,NASDAQ:ADAM,9.56,9.13,9.5,9.15,1.0,1536978
2026-08-07,NYSE:IIPR,59.55,58.53,58.62,59.16,1.0,237915
2026-08-10,NYSE:IIPR,58.86,57.19,58.86,57.4,1.0,357008
2026-08-11,NYSE:IIPR,58.28,57.32,57.64,57.68,1.0,196871
2026-08-12,NYSE:IIPR,58.69,57.65,58.5,57.72,1.0,214287
2026-08-13,NYSE:IIPR,58.7,57.43,58.1,57.53,1.0,243766
2026-08-14,NYSE:IIPR,57.75,55.95,57.31,55.99,1.0,362681
2026-08-17,NYSE:IIPR,55.87,55.28,55.58,55.8,1.0,349867
2026-08-18,NYSE:IIPR,56.11,54.62,55.82,55.12,1.0,396933
2026-08-19,NYSE:IIPR,56.2,55.35,55.35,56.2,1.0,226110
2026-08-20,NYSE:IIPR,56.8,55.72,56.27,56.73,1.0,167841
2026-08-21,NYSE:IIPR,57.4241,56.37,56.99,56.71,1.0,199404
2026-08-24,NYSE:IIPR,57.7,55.88,56.78,56.8,1.0,418843
2026-08-25,NYSE:IIPR,57.67,56.68,57.13,57.63,1.0,472939
2026-08-26,NYSE:IIPR,57.96,56.91,57.61,57.04,1.0,180355
2026-08-27,NYSE:IIPR,57.33,56.36,57.0,56.42,1.0,312278
2026-08-28,NYSE:IIPR,57.128,56.31,56.72,56.31,1.0,324242
2026-08-31,NYSE:IIPR,57.35,55.95,56.18,56.92,1.0,550563
2026-09-01,NYSE:IIPR,57.3,55.85,56.34,56.17,1.0,412760
2026-09-02,NYSE:IIPR,57.105,56.0,56.4,56.83,1.0,270589
2026-09-03,NYSE:IIPR,57.72,56.61,57.59,56.8,1.0,272831
2026-09-04,NYSE:IIPR,57.5,56.28,56.4,57.2,1.0,333383
2026-09-08,NYSE:IIPR,57.5,56.85,57.25,57.21,1.0,301370
2026-09-09,NYSE:IIPR,57.33,56.67,57.15,56.97,1.0,220867
2026-09-10,NYSE:IIPR,57.5,55.4,56.97,55.6,1.0,271499
2026-08-07,NYSE:PNNT,3.73,3.625,3.65,3.69,1.0,473673
2026-08-10,NYSE:PNNT,3.76,3.66,3.68,3.71,1.0,1160220
2026-08-11,NYSE:PNNT,3.81,3.65,3.77,3.74,1.0,959009
2026-08-12,NYSE:PNNT,3.82,3.7,3.72,3.82,1.0,573324
2026-08-13,NYSE:PNNT,3.9,3.79,3.82,3.82,1.0,716143
2026-08-14,NYSE:PNNT,3.78,3.71,3.77,3.72,1.0,341399
2026-08-17,NYSE:PNNT,3.7,3.61,3.7,3.63,1.0,499628
2026-08-18,NYSE:PNNT,3.7,3.6,3.6,3.67,1.0,245849
2026-08-19,NYSE:PNNT,3.8,3.66,3.66,3.76,1.0,479580
2026-08-20,NYSE:PNNT,3.7654,3.66,3.73,3.68,1.0,414272
2026-08-21,NYSE:PNNT,3.75,3.68,3.7,3.73,1.0,180445
2026-08-24,NYSE:PNNT,3.78,3.73,3.74,3.77,1.0,189370
2026-08-25,NYSE:PNNT,3.825,3.77,3.78,3.81,1.0,454598
2026-08-26,NYSE:PNNT,3.855,3.75,3.8,3.76,1.0,459367
2026-08-27,NYSE:PNNT,3.79,3.72,3.77,3.74,1.0,401073
2026-08-28,NYSE:PNNT,3.78,3.7,3.74,3.7,1.0,312958
2026-08-31,NYSE:PNNT,3.835,3.69,3.69,3.75,1.0,953779
2026-09-01,NYSE:PNNT,3.78,3.68,3.75,3.73,1.0,1186809
2026-09-02,NYSE:PNNT,3.7753,3.67,3.73,3.7,1.0,543022
2026-09-03,NYSE:PNNT,3.8,3.685,3.78,3.74,1.0,456223
2026-09-04,NYSE:PNNT,3.75,3.695,3.73,3.74,1.0,603026
2026-09-08,NYSE:PNNT,3.7499,3.64,3.74,3.66,1.0,662617
2026-09-09,NYSE:PNNT,3.6875,3.58,3.68,3.59,1.0,385521
2026-09-10,NYSE:PNNT,3.6,3.54,3.6,3.54,1.0,352036
2026-08-07,NYSE:BDN,3.3,3.205,3.25,3.22,1.0,2347130
2026-08-10,NYSE:BDN,3.2089999999999996,3.065,3.2,3.08,1.0,1618754
2026-08-11,NYSE:BDN,3.13,3.075,3.08,3.1,1.0,1529230
2026-08-12,NYSE:BDN,3.1404,3.1,3.14,3.14,1.0,1137564
2026-08-13,NYSE:BDN,3.205,3.13,3.14,3.15,1.0,1860294
2026-08-14,NYSE:BDN,3.18,3.089,3.18,3.09,1.0,1182352
2026-08-17,NYSE:BDN,3.09,2.97,3.08,3.01,1.0,1714412
2026-08-18,NYSE:BDN,3.03,2.97,2.98,2.98,1.0,1034056
2026-08-19,NYSE:BDN,3.09,3.0,3.0,3.07,1.0,1419005
2026-08-20,NYSE:BDN,3.065,3.01,3.04,3.03,1.0,1065600
2026-08-21,NYSE:BDN,3.0541,3.01,3.03,3.03,1.0,698412
2026-08-24,NYSE:BDN,3.195,3.02,3.02,3.18,1.0,2418191
2026-08-25,NYSE:BDN,3.29,3.19,3.19,3.28,1.0,2434461
2026-08-26,NYSE:BDN,3.305,3.21,3.29,3.22,1.0,1760607
2026-08-27,NYSE:BDN,3.23,3.09,3.23,3.1,1.0,1236085
2026-08-28,NYSE:BDN,3.11,3.06,3.08,3.06,1.0,1453360
2026-08-31,NYSE:BDN,3.07,3.0,3.05,3.02,1.0,2503807
2026-09-01,NYSE:BDN,3.05,2.97,3.01,2.99,1.0,1461602
2026-09-02,NYSE:BDN,3.06,2.98,3.01,3.03,1.0,1442247
2026-09-03,NYSE:BDN,3.14,3.02,3.08,3.05,1.0,2060123
2026-09-04,NYSE:BDN,3.14,3.02,3.02,3.12,1.0,1820361
2026-09-08,NYSE:BDN,3.1,3.045,3.09,3.06,1.0,1977278
2026-09-09,NYSE:BDN,3.06,2.95,3.06,2.98,1.0,2149470
2026-09-10,NYSE:BDN,2.995,2.935,2.97,2.97,1.0,1408131
2026-08-07,NYSE:DX,13.05,12.85,12.88,12.95,1.0,5136973
2026-08-10,NYSE:DX,12.9,12.67,12.9,12.78,1.0,5340413
2026-08-11,NYSE:DX,12.96,12.74,12.79,12.93,1.0,3550303
2026-08-12,NYSE:DX,13.0899,12.95,12.99,12.97,1.0,5167408
2026-08-13,NYSE:DX,13.0689,13.0,13.05,13.02,1.0,4297382
2026-08-14,NYSE:DX,13.14,13.02,13.02,13.06,1.0,2973092
2026-08-17,NYSE:DX,13.12,13.019,13.09,13.07,1.0,4823852
2026-08-18,NYSE:DX,13.19,13.025,13.08,13.18,1.0,5242299
2026-08-19,NYSE:DX,13.4,13.235,13.25,13.33,1.0,7018683
2026-08-20,NYSE:DX,13.38,13.18,13.29,13.25,1.0,5616130
2026-08-21,NYSE:DX,13.1835,12.995,13.15,13.03,1.0,4667592
2026-08-24,NYSE:DX,13.1,12.94,13.03,13.05,1.0,5397417
2026-08-25,NYSE:DX,13.09,12.93,13.06,13.01,1.0,4281995
2026-08-26,NYSE:DX,13.02,12.87,13.02,12.88,1.0,3022543
2026-08-27,NYSE:DX,12.94,12.82,12.84,12.9,1.0,3593137
2026-08-28,NYSE:DX,12.98,12.87,12.95,12.91,1.0,3080043
2026-08-31,NYSE:DX,13.02,12.83,12.87,12.89,1.0,4977329
2026-09-01,NYSE:DX,12.88,12.71,12.84,12.74,1.0,4884066
2026-09-02,NYSE:DX,12.78,12.71,12.74,12.75,1.0,4919221
2026-09-03,NYSE:DX,12.88,12.73,12.85,12.83,1.0,4085587
2026-09-04,NYSE:DX,12.96,12.74,12.78,12.9,1.0,2861798
2026-09-08,NYSE:DX,13.015,12.88,12.9,12.89,1.0,4508958
2026-09-09,NYSE:DX,12.965,12.825,12.92,12.83,1.0,3244005
2026-09-10,NYSE:DX,12.77,12.5,12.77,12.56,1.0,7895734
2026-08-07,NYSE:BXP,70.04,68.72,69.39,69.71,1.0,911448
2026-08-10,NYSE:BXP,69.41,67.275,69.23,67.9,1.0,1216721
2026-08-11,NYSE:BXP,68.6,67.35,68.56,67.49,1.0,1379203
2026-08-12,NYSE:BXP,68.26,66.9409,67.85,67.95,1.0,881268
2026-08-13,NYSE:BXP,69.42,68.13,68.23,69.18,1.0,1084094
2026-08-14,NYSE:BXP,69.95,67.965,68.68,68.45,1.0,939806
2026-08-17,NYSE:BXP,68.12,66.64,67.85,66.69,1.0,1397054
2026-08-18,NYSE:BXP,67.135,66.165,66.92,66.19,1.0,1084612
2026-08-19,NYSE:BXP,68.77,66.69,66.92,67.22,1.0,1082839
2026-08-20,NYSE:BXP,68.155,66.75,67.06,67.78,1.0,872781
2026-08-21,NYSE:BXP,68.165,66.97,68.14,67.67,1.0,1670473
2026-08-24,NYSE:BXP,70.09,67.785,68.04,69.99,1.0,1520884
2026-08-25,NYSE:BXP,72.16,69.985,70.64,72.13,1.0,1330062
2026-08-26,NYSE:BXP,72.25,70.245,71.8,70.3,1.0,1301442
2026-08-27,NYSE:BXP,70.72,69.51,69.8,69.97,1.0,821221
2026-08-28,NYSE:BXP,70.72,69.29,70.43,69.32,1.0,858540
2026-08-31,NYSE:BXP,69.7,67.935,69.22,67.99,1.0,1319866
2026-09-01,NYSE:BXP,68.59,66.68,67.78,67.06,1.0,1358367
2026-09-02,NYSE:BXP,67.87,66.55,67.13,67.1,1.0,1146984
2026-09-03,NYSE:BXP,68.43,67.215,67.93,68.23,1.0,1037060
2026-09-04,NYSE:BXP,68.45,67.6,67.8,67.69,1.0,848363
2026-09-08,NYSE:BXP,68.02,65.68,67.3,65.74,1.0,1276445
2026-09-09,NYSE:BXP,65.875,64.05,65.81,64.29,1.0,1437153
2026-09-10,NYSE:BXP,64.74,63.19,64.74,63.73,1.0,1202759
2026-08-07,NYSE:OLP,24.38,23.98,24.06,24.16,1.0,76978
2026-08-10,NYSE:OLP,24.24,23.28,24.24,23.47,1.0,100842
2026-08-11,NYSE:OLP,23.84,23.35,23.44,23.59,1.0,96585
2026-08-12,NYSE:OLP,24.02,23.66,23.66,23.95,1.0,72119
2026-08-13,NYSE:OLP,24.66,24.09,24.09,24.62,1.0,92981
2026-08-14,NYSE:OLP,24.66,24.14,24.6,24.23,1.0,86111
2026-08-17,NYSE:OLP,24.28,23.81,24.15,24.25,1.0,86000
2026-08-18,NYSE:OLP,24.58,24.01,24.41,24.1,1.0,50681
2026-08-19,NYSE:OLP,24.6,24.09,24.09,24.42,1.0,58153
2026-08-20,NYSE:OLP,24.47,24.0701,24.23,24.41,1.0,42166
2026-08-21,NYSE:OLP,24.45,24.15,24.36,24.17,1.0,37841
2026-08-24,NYSE:OLP,24.605,24.25,24.33,24.53,1.0,58181
2026-08-25,NYSE:OLP,24.6638,24.33,24.63,24.57,1.0,29066
2026-08-26,NYSE:OLP,24.75,24.17,24.59,24.18,1.0,63535
2026-08-27,NYSE:OLP,24.23,23.9,24.15,24.13,1.0,74684
2026-08-28,NYSE:OLP,24.6838,24.11,24.21,24.16,1.0,38663
2026-08-31,NYSE:OLP,24.15,23.79,24.07,23.93,1.0,110551
2026-09-01,NYSE:OLP,24.1833,23.8,24.15,23.86,1.0,64649
2026-09-02,NYSE:OLP,24.08,23.715,23.98,23.84,1.0,78995
2026-09-03,NYSE:OLP,24.15,23.73,24.05,23.74,1.0,42675
2026-09-04,NYSE:OLP,24.19,23.74,23.76,23.92,1.0,41895
2026-09-08,NYSE:OLP,24.01,23.675,23.85,23.77,1.0,66746
2026-09-09,NYSE:OLP,23.8,23.33,23.76,23.49,1.0,63120
2026-09-10,NYSE:OLP,23.68,23.12,23.54,23.23,1.0,58186
2026-08-07,NYSE:PFLT,7.55,7.29,7.29,7.52,1.0,1011841
2026-08-10,NYSE:PFLT,7.48,7.3,7.48,7.4,1.0,1337400
2026-08-11,NYSE:PFLT,7.56,7.25,7.56,7.49,1.0,1331197
2026-08-12,NYSE:PFLT,7.587999999999999,7.43,7.55,7.48,1.0,883482
2026-08-13,NYSE:PFLT,7.64,7.48,7.5,7.58,1.0,1170026
2026-08-14,NYSE:PFLT,7.5,7.36,7.49,7.36,1.0,820973
2026-08-17,NYSE:PFLT,7.3472,7.225,7.32,7.26,1.0,1103756
2026-08-18,NYSE:PFLT,7.38,7.27,7.3,7.32,1.0,823028
2026-08-19,NYSE:PFLT,7.43,7.33,7.33,7.36,1.0,799864
2026-08-20,NYSE:PFLT,7.41,7.3009,7.37,7.37,1.0,706635
2026-08-21,NYSE:PFLT,7.43,7.34,7.37,7.37,1.0,717900
2026-08-24,NYSE:PFLT,7.47,7.34,7.37,7.46,1.0,720600
2026-08-25,NYSE:PFLT,7.48,7.3901,7.43,7.42,1.0,768871
2026-08-26,NYSE:PFLT,7.46,7.37,7.43,7.37,1.0,572587
2026-08-27,NYSE:PFLT,7.47,7.35,7.36,7.44,1.0,586758
2026-08-28,NYSE:PFLT,7.479,7.36,7.44,7.39,1.0,749331
2026-08-31,NYSE:PFLT,7.53,7.3285,7.33,7.49,1.0,870977
2026-09-01,NYSE:PFLT,7.49,7.37,7.45,7.39,1.0,869689
2026-09-02,NYSE:PFLT,7.48,7.38,7.44,7.43,1.0,570103
2026-09-03,NYSE:PFLT,7.54,7.34,7.5,7.43,1.0,756733
2026-09-04,NYSE:PFLT,7.455,7.3701,7.45,7.39,1.0,511067
2026-09-08,NYSE:PFLT,7.42,7.26,7.42,7.27,1.0,920442
2026-09-09,NYSE:PFLT,7.35,7.14,7.27,7.15,1.0,818329
2026-09-10,NYSE:PFLT,7.19,7.07,7.14,7.08,1.0,708999
2026-08-07,NASDAQ:DMLP,26.22,25.6168,25.83,26.08,1.0,94004
2026-08-10,NASDAQ:DMLP,26.7,26.08,26.12,26.53,1.0,167964
2026-08-11,NASDAQ:DMLP,27.205,26.6,26.7,27.18,1.0,176741
2026-08-12,NASDAQ:DMLP,27.61,27.11,27.26,27.49,1.0,154348
2026-08-13,NASDAQ:DMLP,27.7456,27.27,27.38,27.59,1.0,220009
2026-08-14,NASDAQ:DMLP,28.03,27.59,27.7,27.71,1.0,179726
2026-08-17,NASDAQ:DMLP,28.11,27.86,28.0,28.11,1.0,137634
2026-08-18,NASDAQ:DMLP,28.11,27.95,28.11,28.05,1.0,97677
2026-08-19,NASDAQ:DMLP,28.36,27.99,27.99,28.21,1.0,194084
2026-08-20,NASDAQ:DMLP,28.61,28.26,28.34,28.61,1.0,156717
2026-08-21,NASDAQ:DMLP,29.15,28.61,28.61,29.02,1.0,192138
2026-08-24,NASDAQ:DMLP,29.26,28.8311,29.04,29.2,1.0,144943
2026-08-25,NASDAQ:DMLP,29.1699,28.83,29.1,28.93,1.0,86424
2026-08-26,NASDAQ:DMLP,29.23,28.71,28.82,28.72,1.0,99845
2026-08-27,NASDAQ:DMLP,29.09,28.4213,28.72,28.71,1.0,103040
2026-08-28,NASDAQ:DMLP,28.91,28.36,28.36,28.65,1.0,78526
2026-08-31,NASDAQ:DMLP,29.07,28.68,29.07,28.91,1.0,78850
2026-09-01,NASDAQ:DMLP,29.26,28.945,29.24,29.2,1.0,82806
2026-09-02,NASDAQ:DMLP,29.6,29.0,29.24,29.29,1.0,98461
2026-09-03,NASDAQ:DMLP,29.48,29.155,29.48,29.25,1.0,73026
2026-09-04,NASDAQ:DMLP,29.4799,29.0,29.15,29.21,1.0,105192
2026-09-08,NASDAQ:DMLP,29.66,29.21,29.21,29.42,1.0,66709
2026-09-09,NASDAQ:DMLP,29.74,29.4052,29.55,29.66,1.0,62664
2026-09-10,NASDAQ:DMLP,29.74,29.349,29.74,29.65,1.0,45782
2026-08-07,NYSE:MFA,9.295,9.07,9.08,9.23,1.0,1597471
2026-08-10,NYSE:MFA,9.17,9.0,9.15,9.09,1.0,1469038
2026-08-11,NYSE:MFA,9.23,9.07,9.09,9.18,1.0,1008533
2026-08-12,NYSE:MFA,9.25,9.12,9.2,9.15,1.0,1202579
2026-08-13,NYSE:MFA,9.29,9.18,9.22,9.21,1.0,1180503
2026-08-14,NYSE:MFA,9.27,9.14,9.23,9.16,1.0,856360
2026-08-17,NYSE:MFA,9.17,9.09,9.1,9.11,1.0,931862
2026-08-18,NYSE:MFA,9.16,9.0,9.15,9.0,1.0,1170943
2026-08-19,NYSE:MFA,9.17,9.04,9.04,9.1,1.0,1127986
2026-08-20,NYSE:MFA,9.07,8.855,9.03,8.94,1.0,1690457
2026-08-21,NYSE:MFA,9.0,8.88,8.99,8.91,1.0,1506035
2026-08-24,NYSE:MFA,8.9791,8.89,8.94,8.94,1.0,1592028
2026-08-25,NYSE:MFA,8.97,8.805,8.94,8.84,1.0,1419115
2026-08-26,NYSE:MFA,8.87,8.775,8.86,8.8,1.0,1355265
2026-08-27,NYSE:MFA,8.88,8.775,8.79,8.86,1.0,1189272
2026-08-28,NYSE:MFA,8.92,8.815,8.9,8.83,1.0,1272177
2026-08-31,NYSE:MFA,8.89,8.76,8.8,8.82,1.0,1294127
2026-09-01,NYSE:MFA,8.79,8.63,8.77,8.68,1.0,1905619
2026-09-02,NYSE:MFA,8.84,8.6991,8.73,8.82,1.0,1219716
2026-09-03,NYSE:MFA,8.93,8.8,8.9,8.87,1.0,1580601
2026-09-04,NYSE:MFA,8.975,8.8,8.82,8.95,1.0,1123551
2026-09-08,NYSE:MFA,8.9909,8.86,8.95,8.86,1.0,1093906
2026-09-09,NYSE:MFA,8.88,8.75,8.82,8.75,1.0,1336214
2026-09-10,NYSE:MFA,8.79,8.555,8.765,8.565,1.0,2048319
2026-08-07,NYSE:BRSP,5.165,5.05,5.05,5.12,1.0,833015
2026-08-10,NYSE:BRSP,5.11,4.895,5.08,4.9,1.0,956426
2026-08-11,NYSE:BRSP,4.97,4.905,4.93,4.95,1.0,1198827
2026-08-12,NYSE:BRSP,5.02,4.94,4.97,4.96,1.0,842511
2026-08-13,NYSE:BRSP,5.01,4.94,4.99,4.97,1.0,1927685
2026-08-14,NYSE:BRSP,5.04,4.97,4.98,5.0,1.0,656506
2026-08-17,NYSE:BRSP,5.0,4.82,4.96,4.86,1.0,1030913
2026-08-18,NYSE:BRSP,4.89,4.8099,4.89,4.85,1.0,807124
2026-08-19,NYSE:BRSP,4.975,4.87,4.87,4.91,1.0,598778
2026-08-20,NYSE:BRSP,4.9,4.795,4.84,4.86,1.0,892672
2026-08-21,NYSE:BRSP,4.915,4.825,4.88,4.91,1.0,1108634
2026-08-24,NYSE:BRSP,4.92,4.87,4.88,4.91,1.0,952744
2026-08-25,NYSE:BRSP,4.91,4.855,4.91,4.87,1.0,619452
2026-08-26,NYSE:BRSP,4.91,4.78,4.88,4.79,1.0,801977
2026-08-27,NYSE:BRSP,4.815,4.76,4.78,4.78,1.0,836681
2026-08-28,NYSE:BRSP,4.81,4.75,4.78,4.75,1.0,774582
2026-08-31,NYSE:BRSP,4.76,4.6918,4.74,4.75,1.0,1377019
2026-09-01,NYSE:BRSP,4.73,4.625,4.73,4.64,1.0,979996
2026-09-02,NYSE:BRSP,4.69,4.63,4.66,4.69,1.0,1090589
2026-09-03,NYSE:BRSP,4.74,4.615,4.73,4.66,1.0,897007
2026-09-04,NYSE:BRSP,4.72,4.63,4.63,4.68,1.0,739326
2026-09-08,NYSE:BRSP,4.7241,4.61,4.67,4.63,1.0,980857
2026-09-09,NYSE:BRSP,4.647,4.545,4.62,4.56,1.0,1168414
2026-09-10,NYSE:BRSP,4.545,4.46,4.54,4.48,1.0,2373246
2026-08-07,NYSE:GNL,9.23,9.025,9.04,9.23,1.0,3177311
2026-08-10,NYSE:GNL,9.33,9.055,9.16,9.25,1.0,4712011
2026-08-11,NYSE:GNL,9.28,9.015,9.24,9.06,1.0,8442770
2026-08-12,NYSE:GNL,9.15,8.93,9.15,8.99,1.0,4731806
2026-08-13,NYSE:GNL,9.105,8.94,8.99,9.02,1.0,2470538
2026-08-14,NYSE:GNL,9.07,8.735,8.99,8.76,1.0,2896151
2026-08-17,NYSE:GNL,8.9,8.74,8.76,8.81,1.0,2343217
2026-08-18,NYSE:GNL,8.95,8.78,8.86,8.84,1.0,2116823
2026-08-19,NYSE:GNL,9.03,8.86,8.89,9.01,1.0,2353797
2026-08-20,NYSE:GNL,9.12,8.94,8.99,9.09,1.0,1719964
2026-08-21,NYSE:GNL,9.14,9.02,9.12,9.04,1.0,1463213
2026-08-24,NYSE:GNL,9.22,9.1,9.12,9.22,1.0,1458781
2026-08-25,NYSE:GNL,9.285,9.145,9.22,9.25,1.0,1508557
2026-08-26,NYSE:GNL,9.255,9.12,9.25,9.14,1.0,1283285
2026-08-27,NYSE:GNL,9.15,9.03,9.07,9.13,1.0,1261366
2026-08-28,NYSE:GNL,9.225,9.135,9.18,9.16,1.0,1205743
2026-08-31,NYSE:GNL,9.235,9.0554,9.14,9.18,1.0,2745706
2026-09-01,NYSE:GNL,9.325,9.07,9.18,9.13,1.0,2354258
2026-09-02,NYSE:GNL,9.215,9.1,9.15,9.15,1.0,1491173
2026-09-03,NYSE:GNL,9.22,9.1001,9.21,9.14,1.0,1124162
2026-09-04,NYSE:GNL,9.2282,9.08,9.08,9.12,1.0,1532872
2026-09-08,NYSE:GNL,9.16,9.08,9.08,9.1,1.0,1362827
2026-09-09,NYSE:GNL,9.13,9.04,9.11,9.09,1.0,1921439
2026-09-10,NYSE:GNL,9.125,9.045,9.12,9.07,1.0,1907133
2026-08-07,NYSE:MITT,7.1287,6.99,7.0,7.09,1.0,409520
2026-08-10,NYSE:MITT,6.54,5.93,6.54,6.32,1.0,1292962
2026-08-11,NYSE:MITT,6.82,6.33,6.34,6.73,1.0,594669
2026-08-12,NYSE:MITT,6.77,6.61,6.7,6.7,1.0,441941
2026-08-13,NYSE:MITT,6.805,6.685,6.79,6.72,1.0,298203
2026-08-14,NYSE:MITT,6.79,6.69,6.73,6.76,1.0,203601
2026-08-17,NYSE:MITT,6.79,6.66,6.75,6.75,1.0,238292
2026-08-18,NYSE:MITT,6.78,6.63,6.78,6.65,1.0,144364
2026-08-19,NYSE:MITT,6.775,6.665,6.7,6.68,1.0,186496
2026-08-20,NYSE:MITT,6.71,6.5316,6.65,6.71,1.0,326954
2026-08-21,NYSE:MITT,6.73,6.66,6.72,6.71,1.0,205305
2026-08-24,NYSE:MITT,6.75,6.65,6.71,6.73,1.0,198655
2026-08-25,NYSE:MITT,6.73,6.65,6.72,6.72,1.0,237916
2026-08-26,NYSE:MITT,6.7703,6.63,6.74,6.64,1.0,197904
2026-08-27,NYSE:MITT,6.72,6.63,6.65,6.66,1.0,220148
2026-08-28,NYSE:MITT,6.74,6.65,6.7,6.69,1.0,227390
2026-08-31,NYSE:MITT,6.7988,6.65,6.66,6.73,1.0,360572
2026-09-01,NYSE:MITT,6.72,6.61,6.72,6.64,1.0,301755
2026-09-02,NYSE:MITT,6.735,6.6404,6.66,6.72,1.0,206090
2026-09-03,NYSE:MITT,6.79,6.66,6.75,6.77,1.0,243092
2026-09-04,NYSE:MITT,6.82,6.76,6.77,6.8,1.0,157093
2026-09-08,NYSE:MITT,6.85,6.77,6.79,6.78,1.0,244915
2026-09-09,NYSE:MITT,6.82,6.665,6.78,6.68,1.0,283449
2026-09-10,NYSE:MITT,6.68,6.525,6.62,6.6,1.0,382146
2026-08-07,NYSE:AMBP,5.04,4.93,5.0,5.04,1.0,1314953
2026-08-10,NYSE:AMBP,5.03,4.9,5.03,4.97,1.0,1370295
2026-08-11,NYSE:AMBP,5.07,4.89,4.92,5.05,1.0,1575026
2026-08-12,NYSE:AMBP,5.12,5.0,5.05,5.06,1.0,1636367
2026-08-13,NYSE:AMBP,5.47,5.16,5.36,5.28,1.0,4273110
2026-08-14,NYSE:AMBP,5.305,5.17,5.2,5.23,1.0,1865554
2026-08-17,NYSE:AMBP,5.27,5.12,5.16,5.22,1.0,1718718
2026-08-18,NYSE:AMBP,5.23,5.08,5.22,5.08,1.0,2077937
2026-08-19,NYSE:AMBP,5.285,5.14,5.14,5.23,1.0,982859
2026-08-20,NYSE:AMBP,5.28,5.06,5.06,5.25,1.0,1449612
2026-08-21,NYSE:AMBP,5.38,5.285,5.29,5.36,1.0,1647029
2026-08-24,NYSE:AMBP,5.41,5.28,5.38,5.32,1.0,1956426
2026-08-25,NYSE:AMBP,5.3628,5.27,5.36,5.29,1.0,1148806
2026-08-26,NYSE:AMBP,5.33,5.215,5.33,5.23,1.0,1429999
2026-08-27,NYSE:AMBP,5.245,5.13,5.2,5.17,1.0,1313500
2026-08-28,NYSE:AMBP,5.22,5.0,5.21,5.14,1.0,1985165
2026-08-31,NYSE:AMBP,5.2,5.05,5.14,5.08,1.0,973841
2026-09-01,NYSE:AMBP,5.14,5.06,5.08,5.06,1.0,1067182
2026-09-02,NYSE:AMBP,5.2,5.07,5.11,5.08,1.0,2104231
2026-09-03,NYSE:AMBP,5.16,4.9809,5.13,5.1,1.0,1029252
2026-09-04,NYSE:AMBP,5.075,4.98,5.05,5.01,1.0,1495427
2026-09-08,NYSE:AMBP,4.98,4.915,4.94,4.93,1.0,1528565
2026-09-09,NYSE:AMBP,4.985,4.88,4.92,4.9,1.0,1813075
2026-09-10,NYSE:AMBP,4.865,4.73,4.865,4.81,1.0,1226467
2026-08-07,NASDAQ:MFIC,9.94,9.6,9.71,9.76,1.0,2010249
2026-08-10,NASDAQ:MFIC,9.7,9.45,9.69,9.68,1.0,590198
2026-08-11,NASDAQ:MFIC,9.805,9.62,9.68,9.76,1.0,476135
2026-08-12,NASDAQ:MFIC,9.75,9.57,9.71,9.65,1.0,467420
2026-08-13,NASDAQ:MFIC,9.875,9.68,9.68,9.85,1.0,440054
2026-08-14,NASDAQ:MFIC,9.83,9.71,9.81,9.75,1.0,407889
2026-08-17,NASDAQ:MFIC,9.8,9.6003,9.73,9.7,1.0,829100
2026-08-18,NASDAQ:MFIC,9.79,9.63,9.69,9.66,1.0,510486
2026-08-19,NASDAQ:MFIC,9.85,9.68,9.7,9.81,1.0,571436
2026-08-20,NASDAQ:MFIC,9.94,9.76,9.88,9.82,1.0,752096
2026-08-21,NASDAQ:MFIC,9.92,9.65,9.88,9.76,1.0,625803
2026-08-24,NASDAQ:MFIC,9.765,9.63,9.76,9.72,1.0,409661
2026-08-25,NASDAQ:MFIC,9.725,9.62,9.71,9.675,1.0,432885
2026-08-26,NASDAQ:MFIC,9.71,9.595,9.69,9.64,1.0,368701
2026-08-27,NASDAQ:MFIC,9.79,9.63,9.64,9.7,1.0,577179
2026-08-28,NASDAQ:MFIC,9.75,9.62,9.7,9.62,1.0,405408
2026-08-31,NASDAQ:MFIC,9.945,9.7,9.74,9.81,1.0,569094
2026-09-01,NASDAQ:MFIC,9.805,9.65,9.75,9.66,1.0,489922
2026-09-02,NASDAQ:MFIC,9.76,9.615,9.66,9.67,1.0,354784
2026-09-03,NASDAQ:MFIC,9.76,9.55,9.73,9.6,1.0,415457
2026-09-04,NASDAQ:MFIC,9.685,9.56,9.59,9.62,1.0,450896
2026-09-08,NASDAQ:MFIC,9.37,9.21,9.3,9.245,1.0,663152
2026-09-09,NASDAQ:MFIC,9.235,9.09,9.235,9.1,1.0,566040
2026-09-10,NASDAQ:MFIC,9.15,9.01,9.12,9.05,1.0,541128
2026-08-07,NYSE:FRO,40.3,38.55,39.86,39.74,1.0,1497235
2026-08-10,NYSE:FRO,39.91,38.37,39.85,38.45,1.0,1407504
2026-08-11,NYSE:FRO,38.5,37.291,38.3,38.14,1.0,1827398
2026-08-12,NYSE:FRO,39.645,38.2,38.25,39.57,1.0,2057926
2026-08-13,NYSE:FRO,41.2,39.8,39.8,40.52,1.0,2319715
2026-08-14,NYSE:FRO,41.52,40.49,40.74,41.21,1.0,1266486
2026-08-17,NYSE:FRO,42.52,41.56,41.96,42.18,1.0,1919232
2026-08-18,NYSE:FRO,43.89,41.98,42.46,43.5,1.0,2262248
2026-08-19,NYSE:FRO,45.17,43.9,44.9,44.45,1.0,2444759
2026-08-20,NYSE:FRO,44.09,43.45,43.81,43.56,1.0,1614227
2026-08-21,NYSE:FRO,45.005,43.08,43.67,43.67,1.0,1927465
2026-08-24,NYSE:FRO,44.2162,43.29,43.32,44.05,1.0,2455264
2026-08-25,NYSE:FRO,43.9,42.76,43.3,43.46,1.0,3176107
2026-08-26,NYSE:FRO,42.44,41.16,41.95,41.2,1.0,3480100
2026-08-27,NYSE:FRO,43.99,42.51,42.51,43.75,1.0,2839124
2026-08-28,NYSE:FRO,45.29,43.5701,44.4,44.19,1.0,3321389
2026-08-31,NYSE:FRO,44.875,43.42,44.85,43.78,1.0,2580214
2026-09-01,NYSE:FRO,45.16,43.86,44.39,44.32,1.0,2188490
2026-09-02,NYSE:FRO,45.585,43.94,44.17,45.42,1.0,1840815
2026-09-03,NYSE:FRO,45.95,44.73,45.61,45.42,1.0,2537247
2026-09-04,NYSE:FRO,47.04,45.68,45.86,46.12,1.0,3088344
2026-09-08,NYSE:FRO,47.215,45.945,47.05,46.62,1.0,2339237
2026-09-09,NYSE:FRO,47.67,46.36,46.95,47.21,1.0,2017561
2026-09-10,NYSE:FRO,48.705,47.1,47.31,48.4,1.0,4072217
2026-08-07,NYSE:MSDL,15.64,15.232000000000001,15.4,15.43,1.0,761492
2026-08-10,NYSE:MSDL,15.34,15.01,15.32,15.19,1.0,348407
2026-08-11,NYSE:MSDL,15.455,15.17,15.17,15.35,1.0,448944
2026-08-12,NYSE:MSDL,15.44,15.19,15.33,15.26,1.0,367843
2026-08-13,NYSE:MSDL,15.68,15.33,15.33,15.57,1.0,626295
2026-08-14,NYSE:MSDL,15.62,15.405,15.56,15.46,1.0,430415
2026-08-17,NYSE:MSDL,15.449000000000002,15.23,15.36,15.36,1.0,696989
2026-08-18,NYSE:MSDL,15.485,15.31,15.42,15.37,1.0,349747
2026-08-19,NYSE:MSDL,15.52,15.32,15.4,15.37,1.0,343603
2026-08-20,NYSE:MSDL,15.45,15.26,15.37,15.38,1.0,244705
2026-08-21,NYSE:MSDL,15.47,15.35,15.4,15.36,1.0,242888
2026-08-24,NYSE:MSDL,15.42,15.24,15.35,15.37,1.0,569981
2026-08-25,NYSE:MSDL,15.445,15.2903,15.43,15.38,1.0,571703
2026-08-26,NYSE:MSDL,15.4,15.23,15.35,15.26,1.0,274035
2026-08-27,NYSE:MSDL,15.43,15.28,15.29,15.32,1.0,444120
2026-08-28,NYSE:MSDL,15.39,15.18,15.25,15.18,1.0,267282
2026-08-31,NYSE:MSDL,15.455,15.11,15.15,15.35,1.0,391964
2026-09-01,NYSE:MSDL,15.4,15.215,15.34,15.25,1.0,339760
2026-09-02,NYSE:MSDL,15.36,15.2001,15.29,15.27,1.0,395350
2026-09-03,NYSE:MSDL,15.4,15.11,15.4,15.2,1.0,315441
2026-09-04,NYSE:MSDL,15.32,15.13,15.16,15.25,1.0,189371
2026-09-08,NYSE:MSDL,15.26,15.01,15.26,15.04,1.0,1237452
2026-09-09,NYSE:MSDL,15.14,14.75,15.0,14.77,1.0,395459
2026-09-10,NYSE:MSDL,14.84,14.555,14.75,14.635,1.0,289607
2026-08-07,NYSE:GRNT,5.0,4.745,4.83,4.88,1.0,1425826
2026-08-10,NYSE:GRNT,5.09,4.91,4.979,5.08,1.0,1051285
2026-08-11,NYSE:GRNT,5.23,5.06,5.07,5.18,1.0,695791
2026-08-12,NYSE:GRNT,5.145,5.07,5.13,5.11,1.0,613073
2026-08-13,NYSE:GRNT,5.07,4.98,5.07,5.04,1.0,694840
2026-08-14,NYSE:GRNT,5.21,5.1,5.15,5.11,1.0,667896
2026-08-17,NYSE:GRNT,5.275,5.11,5.16,5.26,1.0,1284635
2026-08-18,NYSE:GRNT,5.39,5.185,5.35,5.22,1.0,566060
2026-08-19,NYSE:GRNT,5.2799,5.17,5.24,5.18,1.0,686182
2026-08-20,NYSE:GRNT,5.305,5.12,5.24,5.18,1.0,780348
2026-08-21,NYSE:GRNT,5.17,5.081,5.16,5.11,1.0,758649
2026-08-24,NYSE:GRNT,5.12,4.97,5.05,5.05,1.0,870212
2026-08-25,NYSE:GRNT,5.06,4.91,4.94,5.05,1.0,1348206
2026-08-26,NYSE:GRNT,5.06,4.94,4.99,5.0,1.0,1478282
2026-08-27,NYSE:GRNT,5.08,4.955,4.98,5.04,1.0,1734215
2026-08-28,NYSE:GRNT,5.08,4.9397,4.97,5.06,1.0,1395360
2026-08-31,NYSE:GRNT,5.17,4.98,5.17,5.03,1.0,1100803
2026-09-01,NYSE:GRNT,5.11,5.0,5.11,5.06,1.0,2047927
2026-09-02,NYSE:GRNT,5.175,5.01,5.01,5.16,1.0,3152330
2026-09-03,NYSE:GRNT,5.15,5.03,5.15,5.08,1.0,2184259
2026-09-04,NYSE:GRNT,5.09,4.96,5.03,5.08,1.0,1196247
2026-09-08,NYSE:GRNT,5.19,5.03,5.13,5.1,1.0,2454111
2026-09-09,NYSE:GRNT,5.15,5.06,5.15,5.1,1.0,1839969
2026-09-10,NYSE:GRNT,5.18,5.02,5.18,5.1,1.0,1116095
2026-08-07,NYSE:CHT,42.69,42.33,42.44,42.52,1.0,197529
2026-08-10,NYSE:CHT,42.58,42.09,42.27,42.34,1.0,158351
2026-08-11,NYSE:CHT,42.42,42.25,42.4,42.39,1.0,117521
2026-08-12,NYSE:CHT,42.47,42.16,42.26,42.34,1.0,143975
2026-08-13,NYSE:CHT,42.41,42.1964,42.41,42.28,1.0,164978
2026-08-14,NYSE:CHT,42.64,42.28,42.28,42.58,1.0,206271
2026-08-17,NYSE:CHT,42.8855,42.36,42.47,42.49,1.0,211394
2026-08-18,NYSE:CHT,42.93,42.5434,42.8,42.9,1.0,189024
2026-08-19,NYSE:CHT,43.04,42.75,42.96,43.0,1.0,167981
2026-08-20,NYSE:CHT,43.435,42.815,43.06,43.36,1.0,229535
2026-08-21,NYSE:CHT,43.65,43.3,43.51,43.38,1.0,225887
2026-08-24,NYSE:CHT,43.63,43.075,43.51,43.17,1.0,179017
2026-08-25,NYSE:CHT,43.2,42.81,42.99,43.17,1.0,137560
2026-08-26,NYSE:CHT,43.08,42.81,43.08,42.91,1.0,169248
2026-08-27,NYSE:CHT,43.0617,42.51,42.69,42.98,1.0,193899
2026-08-28,NYSE:CHT,43.35,42.95,42.98,42.99,1.0,175945
2026-08-31,NYSE:CHT,43.26,42.85,43.0,43.21,1.0,232486
2026-09-01,NYSE:CHT,43.5,42.93,43.21,43.24,1.0,217850
2026-09-02,NYSE:CHT,43.6,43.32,43.51,43.48,1.0,183256
2026-09-03,NYSE:CHT,43.84,43.47,43.74,43.76,1.0,194231
2026-09-04,NYSE:CHT,43.88,43.4,43.4,43.82,1.0,130876
2026-09-08,NYSE:CHT,44.42,43.89,43.96,44.23,1.0,235471
2026-09-09,NYSE:CHT,44.635,44.0634,44.42,44.42,1.0,241533
2026-09-10,NYSE:CHT,44.74,44.31,44.7,44.53,1.0,241460
2026-08-07,NASDAQ:CCAP,11.96,11.7323,11.75,11.77,1.0,304339
2026-08-10,NASDAQ:CCAP,11.71,11.5,11.68,11.68,1.0,195122
2026-08-11,NASDAQ:CCAP,11.52,10.97,10.97,11.44,1.0,277308
2026-08-12,NASDAQ:CCAP,11.458,11.045,11.4,11.08,1.0,301062
2026-08-13,NASDAQ:CCAP,11.38,11.11,11.11,11.33,1.0,233458
2026-08-14,NASDAQ:CCAP,11.34,11.115,11.33,11.15,1.0,135721
2026-08-17,NASDAQ:CCAP,10.995,10.735,10.96,10.82,1.0,398074
2026-08-18,NASDAQ:CCAP,10.866,10.7609,10.84,10.82,1.0,141817
2026-08-19,NASDAQ:CCAP,11.04,10.77,10.82,10.81,1.0,172958
2026-08-20,NASDAQ:CCAP,10.865,10.65,10.76,10.68,1.0,201605
2026-08-21,NASDAQ:CCAP,10.76,10.59,10.7,10.71,1.0,224132
2026-08-24,NASDAQ:CCAP,10.79,10.58,10.74,10.75,1.0,226994
2026-08-25,NASDAQ:CCAP,10.8249,10.690999999999999,10.77,10.695,1.0,245869
2026-08-26,NASDAQ:CCAP,10.74,10.5,10.71,10.57,1.0,281559
2026-08-27,NASDAQ:CCAP,10.695,10.5,10.58,10.6,1.0,216305
2026-08-28,NASDAQ:CCAP,10.7399,10.53,10.65,10.54,1.0,151430
2026-08-31,NASDAQ:CCAP,10.705,10.42,10.42,10.62,1.0,274130
2026-09-01,NASDAQ:CCAP,10.64,10.47,10.6,10.48,1.0,284472
2026-09-02,NASDAQ:CCAP,10.58,10.38,10.47,10.4,1.0,301075
2026-09-03,NASDAQ:CCAP,10.64,10.26,10.42,10.45,1.0,211247
2026-09-04,NASDAQ:CCAP,10.505,10.3281,10.34,10.37,1.0,131491
2026-09-08,NASDAQ:CCAP,10.43,10.285,10.34,10.29,1.0,496044
2026-09-09,NASDAQ:CCAP,10.35,10.16,10.25,10.23,1.0,510132
2026-09-10,NASDAQ:CCAP,10.08,9.88,9.935,9.93,1.0,532272
2026-08-07,NYSE:ORC,6.5856,6.4631,6.47,6.56,1.0,4618315
2026-08-10,NYSE:ORC,6.54,6.42,6.53,6.5,1.0,4550415
2026-08-11,NYSE:ORC,6.6,6.47,6.5,6.57,1.0,3733951
2026-08-12,NYSE:ORC,6.66,6.591,6.6,6.62,1.0,3842685
2026-08-13,NYSE:ORC,6.67,6.61,6.65,6.63,1.0,2796744
2026-08-14,NYSE:ORC,6.71,6.62,6.64,6.65,1.0,2602868
2026-08-17,NYSE:ORC,6.7,6.63,6.65,6.67,1.0,3065500
2026-08-18,NYSE:ORC,6.685,6.63,6.67,6.67,1.0,2425309
2026-08-19,NYSE:ORC,6.81,6.6763,6.7,6.78,1.0,3751689
2026-08-20,NYSE:ORC,6.79,6.66,6.77,6.71,1.0,3481868
2026-08-21,NYSE:ORC,6.755,6.67,6.75,6.7,1.0,2306652
2026-08-24,NYSE:ORC,6.76,6.69,6.72,6.75,1.0,2707361
2026-08-25,NYSE:ORC,6.78,6.675,6.76,6.72,1.0,4758690
2026-08-26,NYSE:ORC,6.7296,6.61,6.725,6.67,1.0,4519981
2026-08-27,NYSE:ORC,6.75,6.66,6.68,6.74,1.0,4422152
2026-08-28,NYSE:ORC,6.78,6.67,6.72,6.69,1.0,7484593
2026-08-31,NYSE:ORC,6.64,6.53,6.56,6.59,1.0,4772023
2026-09-01,NYSE:ORC,6.5795,6.5,6.55,6.54,1.0,5228724
2026-09-02,NYSE:ORC,6.56,6.49,6.53,6.52,1.0,3907551
2026-09-03,NYSE:ORC,6.596,6.47,6.56,6.52,1.0,3696190
2026-09-04,NYSE:ORC,6.58,6.48,6.49,6.55,1.0,3675760
2026-09-08,NYSE:ORC,6.62,6.54,6.55,6.54,1.0,3656502
2026-09-09,NYSE:ORC,6.575,6.5,6.55,6.5,1.0,2399140
2026-09-10,NYSE:ORC,6.5291,6.33,6.5,6.35,1.0,5691888
2026-08-07,NYSE:TTE,86.0114,85.25,85.7,85.83,1.0,1325290
2026-08-10,NYSE:TTE,87.9975,86.06,86.16,87.96,1.0,1069981
2026-08-11,NYSE:TTE,88.66,87.81,88.0,87.95,1.0,797429
2026-08-12,NYSE:TTE,87.86,86.66,86.78,87.7,1.0,1019435
2026-08-13,NYSE:TTE,87.23,85.785,86.28,87.05,1.0,1184944
2026-08-14,NYSE:TTE,88.47,87.36,87.52,88.33,1.0,1294332
2026-08-17,NYSE:TTE,88.81,87.91,88.31,88.63,1.0,1425846
2026-08-18,NYSE:TTE,90.2,89.14,90.0,89.29,1.0,1072086
2026-08-19,NYSE:TTE,91.2248,89.765,90.78,90.07,1.0,1856608
2026-08-20,NYSE:TTE,92.16,90.75,91.82,90.9,1.0,1450405
2026-08-21,NYSE:TTE,90.9,89.87,90.83,89.89,1.0,971687
2026-08-24,NYSE:TTE,89.54,88.5525,88.83,89.35,1.0,1796260
2026-08-25,NYSE:TTE,88.98899999999999,88.0,88.4,88.8,1.0,2471573
2026-08-26,NYSE:TTE,88.255,86.82,87.15,87.13,1.0,1503369
2026-08-27,NYSE:TTE,87.52,86.0,87.31,86.33,1.0,1874927
2026-08-28,NYSE:TTE,87.2,86.19,86.91,86.35,1.0,1542814
2026-08-31,NYSE:TTE,88.72,87.53,88.12,88.31,1.0,1135684
2026-09-01,NYSE:TTE,90.55,89.44,89.84,90.35,1.0,1065344
2026-09-02,NYSE:TTE,90.9,89.55,89.74,90.22,1.0,2249634
2026-09-03,NYSE:TTE,91.045,89.15,90.51,89.25,1.0,3385589
2026-09-04,NYSE:TTE,88.99,87.51,88.59,88.59,1.0,2316379
2026-09-08,NYSE:TTE,90.7551,89.8,89.87,90.1,1.0,1302712
2026-09-09,NYSE:TTE,91.785,90.745,91.59,91.64,1.0,1097377
2026-09-10,NYSE:TTE,91.79,90.815,91.73,91.23,1.0,983135
2026-08-07,NYSE:FLNG,31.0,30.33,30.9,30.84,1.0,251874
2026-08-10,NYSE:FLNG,30.92,30.3,30.92,30.32,1.0,232425
2026-08-11,NYSE:FLNG,30.51,29.02,30.51,29.15,1.0,464413
2026-08-12,NYSE:FLNG,29.59,28.77,29.07,29.5,1.0,311450
2026-08-13,NYSE:FLNG,30.345,29.4503,29.5,30.31,1.0,441680
2026-08-14,NYSE:FLNG,30.93,30.35,30.35,30.8,1.0,220897
2026-08-17,NYSE:FLNG,31.025,30.63,30.7,30.88,1.0,248378
2026-08-18,NYSE:FLNG,31.2,30.81,31.2,31.1,1.0,276882
2026-08-19,NYSE:FLNG,33.26,31.5544,32.0,32.48,1.0,733031
2026-08-20,NYSE:FLNG,32.96,31.98,32.665,32.06,1.0,426360
2026-08-21,NYSE:FLNG,32.76,31.99,32.33,32.03,1.0,377631
2026-08-24,NYSE:FLNG,32.32,31.7,32.23,31.85,1.0,433640
2026-08-25,NYSE:FLNG,32.16,31.34,31.77,31.93,1.0,432020
2026-08-26,NYSE:FLNG,31.83,30.38,31.83,30.42,1.0,543837
2026-08-27,NYSE:FLNG,31.53,30.5,30.5,31.32,1.0,408927
2026-08-28,NYSE:FLNG,32.02,31.3568,31.57,31.48,1.0,368692
2026-08-31,NYSE:FLNG,31.895,31.16,31.77,31.66,1.0,639240
2026-09-01,NYSE:FLNG,32.1317,31.345,31.99,31.47,1.0,601310
2026-09-02,NYSE:FLNG,31.95,31.35,31.4,31.78,1.0,651868
2026-09-03,NYSE:FLNG,31.43,30.7211,31.19,31.24,1.0,464174
2026-09-04,NYSE:FLNG,31.615,31.17,31.24,31.51,1.0,449678
2026-09-08,NYSE:FLNG,31.53,30.9026,31.51,30.98,1.0,328542
2026-09-09,NYSE:FLNG,31.52,30.98,31.03,31.14,1.0,335976
2026-09-10,NYSE:FLNG,31.795,31.1,31.47,31.61,1.0,444819
2026-08-07,NYSE:SPH,18.06,17.41,17.6,17.71,1.0,151506
2026-08-10,NYSE:SPH,17.975,17.4237,17.66,17.51,1.0,643014
2026-08-11,NYSE:SPH,17.79,17.42,17.53,17.52,1.0,341698
2026-08-12,NYSE:SPH,17.8376,17.48,17.58,17.71,1.0,157541
2026-08-13,NYSE:SPH,17.85,17.53,17.79,17.56,1.0,273234
2026-08-14,NYSE:SPH,17.85,17.55,17.55,17.75,1.0,330329
2026-08-17,NYSE:SPH,17.79,17.41,17.74,17.49,1.0,181128
2026-08-18,NYSE:SPH,17.88,17.52,17.56,17.56,1.0,326232
2026-08-19,NYSE:SPH,17.84,17.545,17.66,17.79,1.0,190112
2026-08-20,NYSE:SPH,17.78,17.57,17.76,17.61,1.0,130361
2026-08-21,NYSE:SPH,17.7299,17.43,17.52,17.65,1.0,187460
2026-08-24,NYSE:SPH,17.755,17.52,17.52,17.75,1.0,171592
2026-08-25,NYSE:SPH,17.7458,17.5,17.63,17.63,1.0,161538
2026-08-26,NYSE:SPH,17.77,17.49,17.49,17.72,1.0,132116
2026-08-27,NYSE:SPH,17.72,17.46,17.72,17.57,1.0,145019
2026-08-28,NYSE:SPH,17.74,17.53,17.53,17.63,1.0,116707
2026-08-31,NYSE:SPH,17.71,17.55,17.71,17.61,1.0,218452
2026-09-01,NYSE:SPH,17.665,17.53,17.53,17.58,1.0,227462
2026-09-02,NYSE:SPH,17.8486,17.46,17.6,17.58,1.0,205234
2026-09-03,NYSE:SPH,17.64,17.45,17.55,17.52,1.0,123740
2026-09-04,NYSE:SPH,17.52,17.3638,17.44,17.52,1.0,117233
2026-09-08,NYSE:SPH,17.56,17.35,17.46,17.37,1.0,212087
2026-09-09,NYSE:SPH,17.523,17.36,17.42,17.42,1.0,215530
2026-09-10,NYSE:SPH,17.55,17.32,17.55,17.39,1.0,174326
2026-08-07,NYSE:CIM,12.16,11.88,11.9,11.97,1.0,840262
2026-08-10,NYSE:CIM,11.89,11.6,11.88,11.71,1.0,970156
2026-08-11,NYSE:CIM,11.97,11.75,11.8,11.9,1.0,677859
2026-08-12,NYSE:CIM,12.05,11.815,11.99,11.84,1.0,596321
2026-08-13,NYSE:CIM,12.02,11.855,11.97,11.86,1.0,873161
2026-08-14,NYSE:CIM,11.999,11.8,11.86,11.8,1.0,651374
2026-08-17,NYSE:CIM,11.84,11.7,11.8,11.74,1.0,611058
2026-08-18,NYSE:CIM,11.8075,11.66,11.7,11.73,1.0,552652
2026-08-19,NYSE:CIM,11.91,11.745,11.8,11.76,1.0,598925
2026-08-20,NYSE:CIM,11.7061,11.5,11.66,11.58,1.0,731503
2026-08-21,NYSE:CIM,11.61,11.505,11.61,11.52,1.0,627625
2026-08-24,NYSE:CIM,11.665,11.525,11.59,11.62,1.0,1143699
2026-08-25,NYSE:CIM,11.65,11.5,11.63,11.61,1.0,777965
2026-08-26,NYSE:CIM,11.63,11.43,11.63,11.48,1.0,654751
2026-08-27,NYSE:CIM,11.585,11.43,11.45,11.51,1.0,511372
2026-08-28,NYSE:CIM,11.64,11.495,11.57,11.5,1.0,723011
2026-08-31,NYSE:CIM,11.605,11.41,11.49,11.46,1.0,615503
2026-09-01,NYSE:CIM,11.45,11.3,11.45,11.3,1.0,958295
2026-09-02,NYSE:CIM,11.505,11.35,11.42,11.48,1.0,585855
2026-09-03,NYSE:CIM,11.62,11.45,11.59,11.57,1.0,1122377
2026-09-04,NYSE:CIM,11.685,11.51,11.51,11.64,1.0,651742
2026-09-08,NYSE:CIM,11.68,11.58,11.61,11.59,1.0,721764
2026-09-09,NYSE:CIM,11.635,11.49,11.56,11.5,1.0,935392
2026-09-10,NYSE:CIM,11.475,11.17,11.47,11.18,1.0,1913635
2026-08-07,NYSE:DHT,18.83,18.13,18.38,18.76,1.0,3122381
2026-08-10,NYSE:DHT,18.8559,18.285,18.76,18.33,1.0,2443893
2026-08-11,NYSE:DHT,18.4,17.76,18.32,18.2,1.0,3179872
2026-08-12,NYSE:DHT,18.87,18.15,18.15,18.72,1.0,4073677
2026-08-13,NYSE:DHT,19.42,18.81,18.81,19.2,1.0,2981097
2026-08-14,NYSE:DHT,19.71,19.23,19.39,19.52,1.0,3314007
2026-08-17,NYSE:DHT,18.915,18.27,18.42,18.9,1.0,3508872
2026-08-18,NYSE:DHT,19.39,18.8,18.94,19.31,1.0,2723364
2026-08-19,NYSE:DHT,20.08,19.36,19.56,19.99,1.0,4041012
2026-08-20,NYSE:DHT,20.03,19.535,19.8,19.8,1.0,3876829
2026-08-21,NYSE:DHT,20.62,19.72,20.0,19.82,1.0,4952837
2026-08-24,NYSE:DHT,19.86,19.425,19.63,19.72,1.0,2745519
2026-08-25,NYSE:DHT,19.79,19.115,19.62,19.17,1.0,3538256
2026-08-26,NYSE:DHT,19.0929,18.245,19.04,18.32,1.0,4958772
2026-08-27,NYSE:DHT,19.57,18.77,18.77,19.35,1.0,3160925
2026-08-28,NYSE:DHT,19.86,19.4,19.42,19.66,1.0,1973079
2026-08-31,NYSE:DHT,19.94,19.41,19.84,19.6,1.0,2341562
2026-09-01,NYSE:DHT,19.9249,19.45,19.66,19.69,1.0,2437469
2026-09-02,NYSE:DHT,20.1,19.545,19.66,20.07,1.0,2048214
2026-09-03,NYSE:DHT,20.465,19.91,20.21,20.19,1.0,4175441
2026-09-04,NYSE:DHT,21.09,20.18,20.18,20.87,1.0,5258744
2026-09-08,NYSE:DHT,21.15,20.57,21.06,20.82,1.0,2788109
2026-09-09,NYSE:DHT,21.285,20.69,21.0,21.2,1.0,2747960
2026-09-10,NYSE:DHT,21.59,21.07,21.41,21.43,1.0,3631546
2026-08-07,NYSE:CHCT,15.86,15.45,15.5,15.85,1.0,306698
2026-08-10,NYSE:CHCT,15.82,15.1,15.82,15.12,1.0,434441
2026-08-11,NYSE:CHCT,15.27,15.04,15.1,15.07,1.0,297998
2026-08-12,NYSE:CHCT,15.15,14.825,15.0,15.01,1.0,287730
2026-08-13,NYSE:CHCT,15.4,15.1,15.2,15.12,1.0,284177
2026-08-14,NYSE:CHCT,15.3491,15.05,15.08,15.08,1.0,276244
2026-08-17,NYSE:CHCT,15.07,14.48,15.06,14.67,1.0,468949
2026-08-18,NYSE:CHCT,14.99,14.73,14.9,14.79,1.0,426096
2026-08-19,NYSE:CHCT,14.847999999999999,14.3778,14.42,14.79,1.0,352444
2026-08-20,NYSE:CHCT,14.935,14.59,14.65,14.87,1.0,330878
2026-08-21,NYSE:CHCT,14.93,14.615,14.82,14.87,1.0,239999
2026-08-24,NYSE:CHCT,15.175,14.9,14.9,15.13,1.0,368467
2026-08-25,NYSE:CHCT,15.22,14.77,15.2,15.02,1.0,330075
2026-08-26,NYSE:CHCT,15.19,14.865,15.11,14.94,1.0,241611
2026-08-27,NYSE:CHCT,15.09,14.87,14.87,15.09,1.0,344472
2026-08-28,NYSE:CHCT,15.16,14.86,15.08,14.95,1.0,366635
2026-08-31,NYSE:CHCT,14.99,14.68,14.99,14.71,1.0,1462908
2026-09-01,NYSE:CHCT,15.005,14.7,14.7,14.89,1.0,321638
2026-09-02,NYSE:CHCT,14.97,14.806,14.85,14.9,1.0,252836
2026-09-03,NYSE:CHCT,15.0,14.82,14.98,14.9,1.0,182624
2026-09-04,NYSE:CHCT,15.11,14.85,14.85,15.0,1.0,213589
2026-09-08,NYSE:CHCT,14.98,14.76,14.93,14.78,1.0,305126
2026-09-09,NYSE:CHCT,14.845,14.43,14.78,14.49,1.0,349379
2026-08-07,NASDAQ:MIDD,135.16,133.0301,133.73,134.5,1.0,467113
2026-08-10,NASDAQ:MIDD,134.365,129.4,134.08,130.3,1.0,516585
2026-08-11,NASDAQ:MIDD,126.64,119.225,124.09,119.99,1.0,1330960
2026-08-12,NASDAQ:MIDD,120.095,115.8,118.69,118.95,1.0,1280875
2026-08-13,NASDAQ:MIDD,120.155,116.22,118.62,117.02,1.0,658918
2026-08-14,NASDAQ:MIDD,118.08,114.84,116.38,117.91,1.0,871856
2026-08-17,NASDAQ:MIDD,118.5917,114.28,116.86,114.88,1.0,1009495
2026-08-18,NASDAQ:MIDD,116.785,113.8,114.15,114.0,1.0,577917
2026-08-19,NASDAQ:MIDD,115.06,111.955,114.86,112.43,1.0,850303
2026-08-20,NASDAQ:MIDD,112.72,110.98,110.98,112.52,1.0,531452
2026-08-21,NASDAQ:MIDD,115.66,112.195,113.315,115.48,1.0,515514
2026-08-24,NASDAQ:MIDD,116.685,113.97,115.47,115.22,1.0,532816
2026-08-25,NASDAQ:MIDD,116.57,112.985,115.98,113.97,1.0,378113
2026-08-26,NASDAQ:MIDD,116.31,113.26,113.97,115.44,1.0,419723
2026-08-27,NASDAQ:MIDD,115.19,113.38,114.75,113.61,1.0,454251
2026-08-28,NASDAQ:MIDD,115.29,112.07,114.34,112.75,1.0,350492
2026-08-31,NASDAQ:MIDD,113.285,110.33,112.33,110.84,1.0,375270
2026-09-01,NASDAQ:MIDD,113.5,109.68,110.75,111.6,1.0,677519
2026-09-02,NASDAQ:MIDD,114.235,111.86,112.22,112.44,1.0,508854
2026-09-03,NASDAQ:MIDD,113.62,111.325,113.62,112.4,1.0,368282
2026-09-04,NASDAQ:MIDD,113.345,111.42,112.0,111.75,1.0,271122
2026-09-08,NASDAQ:MIDD,112.85,108.47,111.19,108.63,1.0,369847
2026-09-09,NASDAQ:MIDD,108.5,105.735,107.32,105.94,1.0,548997
2026-09-10,NASDAQ:MIDD,107.0,104.24,105.94,105.72,1.0,706141
2026-08-07,NYSE:OHI,48.72,48.34,48.51,48.46,1.0,1269467
2026-08-10,NYSE:OHI,48.26,47.165,48.26,47.39,1.0,1877938
2026-08-11,NYSE:OHI,47.35,45.53,47.18,45.57,1.0,2107807
2026-08-12,NYSE:OHI,46.14,45.435,45.45,45.87,1.0,1917474
2026-08-13,NYSE:OHI,46.605,45.9,46.23,46.01,1.0,1466097
2026-08-14,NYSE:OHI,46.7106,45.72,46.03,46.53,1.0,1788542
2026-08-17,NYSE:OHI,46.58,46.09,46.45,46.57,1.0,1859201
2026-08-18,NYSE:OHI,47.1,46.335,46.65,46.44,1.0,1604680
2026-08-19,NYSE:OHI,46.97,46.35,46.57,46.92,1.0,1169078
2026-08-20,NYSE:OHI,47.345,46.72,46.97,46.75,1.0,2620289
2026-08-21,NYSE:OHI,46.86,46.19,46.66,46.61,1.0,2439586
2026-08-24,NYSE:OHI,47.18,46.52,46.61,46.59,1.0,1216741
2026-08-25,NYSE:OHI,46.99,46.26,46.68,46.95,1.0,1474809
2026-08-26,NYSE:OHI,47.23,46.79,47.12,46.97,1.0,1072228
2026-08-27,NYSE:OHI,46.86,45.99,46.86,46.29,1.0,996847
2026-08-28,NYSE:OHI,46.4254,45.88,46.41,45.99,1.0,915728
2026-08-31,NYSE:OHI,46.0428,45.2423,45.78,45.72,1.0,1863300
2026-09-01,NYSE:OHI,46.95,45.8938,45.99,46.79,1.0,1792559
2026-09-02,NYSE:OHI,47.14,46.35,46.94,46.99,1.0,1908183
2026-09-03,NYSE:OHI,47.3133,46.715,47.29,47.04,1.0,1526931
2026-09-04,NYSE:OHI,47.28,46.3405,46.84,46.38,1.0,1446545
2026-09-08,NYSE:OHI,47.3,45.758,46.24,47.03,1.0,2266034
2026-09-09,NYSE:OHI,47.29,46.43,47.02,47.19,1.0,2358378
2026-09-10,NYSE:OHI,47.89,46.57,47.66,46.95,1.0,2609577
2026-08-07,NYSE:UWMC,1.315,1.17,1.27,1.28,1.0,37907523
2026-08-10,NYSE:UWMC,1.44,1.27,1.29,1.41,1.0,37626350
2026-08-11,NYSE:UWMC,1.55,1.39,1.39,1.53,1.0,29976691
2026-08-12,NYSE:UWMC,1.605,1.435,1.55,1.51,1.0,35784024
2026-08-13,NYSE:UWMC,1.67,1.52,1.53,1.63,1.0,22606943
2026-08-14,NYSE:UWMC,1.67,1.55,1.64,1.59,1.0,15386703
2026-08-17,NYSE:UWMC,1.5783,1.46,1.57,1.49,1.0,14308669
2026-08-18,NYSE:UWMC,1.5,1.42,1.48,1.44,1.0,9476951
2026-08-19,NYSE:UWMC,1.57,1.465,1.48,1.49,1.0,10494462
2026-08-20,NYSE:UWMC,1.48,1.415,1.48,1.42,1.0,10539495
2026-08-21,NYSE:UWMC,1.45,1.39,1.44,1.4,1.0,15438728
2026-08-24,NYSE:UWMC,1.45,1.35,1.42,1.42,1.0,10217856
2026-08-25,NYSE:UWMC,1.54,1.4,1.42,1.51,1.0,12578794
2026-08-26,NYSE:UWMC,1.505,1.43,1.5,1.46,1.0,10853034
2026-08-27,NYSE:UWMC,1.49,1.42,1.47,1.48,1.0,12020683
2026-08-28,NYSE:UWMC,1.55,1.45,1.5,1.49,1.0,12379923
2026-08-31,NYSE:UWMC,1.5,1.435,1.47,1.45,1.0,11001194
2026-09-01,NYSE:UWMC,1.49,1.3524,1.45,1.37,1.0,12511166
2026-09-02,NYSE:UWMC,1.48,1.36,1.37,1.45,1.0,11500098
2026-09-03,NYSE:UWMC,1.53,1.435,1.48,1.46,1.0,12402531
2026-09-04,NYSE:UWMC,1.49,1.44,1.44,1.47,1.0,7000639
2026-09-08,NYSE:UWMC,1.5,1.39,1.46,1.39,1.0,10621933
2026-09-09,NYSE:UWMC,1.409,1.36,1.39,1.37,1.0,7100225
2026-09-10,NYSE:UWMC,1.37,1.325,1.35,1.355,1.0,10308958
2026-08-07,NASDAQ:PSEC,2.34,2.21,2.21,2.33,1.0,6442468
2026-08-10,NASDAQ:PSEC,2.325,2.27,2.3,2.29,1.0,3109165
2026-08-11,NASDAQ:PSEC,2.315,2.28,2.29,2.28,1.0,2027360
2026-08-12,NASDAQ:PSEC,2.31,2.27,2.28,2.29,1.0,1833523
2026-08-13,NASDAQ:PSEC,2.36,2.28,2.28,2.35,1.0,4415417
2026-08-14,NASDAQ:PSEC,2.3689,2.295,2.35,2.3,1.0,2606637
2026-08-17,NASDAQ:PSEC,2.31,2.21,2.3,2.21,1.0,3473511
2026-08-18,NASDAQ:PSEC,2.25,2.21,2.21,2.25,1.0,2068768
2026-08-19,NASDAQ:PSEC,2.3,2.25,2.25,2.25,1.0,3953339
2026-08-20,NASDAQ:PSEC,2.32,2.245,2.255,2.28,1.0,4833986
2026-08-21,NASDAQ:PSEC,2.37,2.23,2.3,2.33,1.0,5978620
2026-08-24,NASDAQ:PSEC,2.35,2.29,2.34,2.32,1.0,4538871
2026-08-25,NASDAQ:PSEC,2.37,2.31,2.32,2.35,1.0,4535613
2026-08-26,NASDAQ:PSEC,2.36,2.29,2.35,2.31,1.0,4658841
2026-08-27,NASDAQ:PSEC,2.31,2.27,2.285,2.28,1.0,3831125
2026-08-28,NASDAQ:PSEC,2.3,2.24,2.29,2.25,1.0,4039935
2026-08-31,NASDAQ:PSEC,2.29,2.24,2.25,2.28,1.0,3276298
2026-09-01,NASDAQ:PSEC,2.28,2.21,2.27,2.21,1.0,3675888
2026-09-02,NASDAQ:PSEC,2.26,2.21,2.22,2.23,1.0,3043379
2026-09-03,NASDAQ:PSEC,2.25,2.17,2.245,2.19,1.0,4184437
2026-09-04,NASDAQ:PSEC,2.25,2.17,2.18,2.23,1.0,5382997
2026-09-08,NASDAQ:PSEC,2.23,2.19,2.22,2.19,1.0,3390634
2026-09-09,NASDAQ:PSEC,2.2,2.17,2.19,2.18,1.0,3602070
2026-09-10,NASDAQ:PSEC,2.21,2.17,2.19,2.18,1.0,2256418
2026-08-07,NYSE:BP,41.985,41.53,41.79,41.63,1.0,4080387
2026-08-10,NYSE:BP,43.01,41.88,41.94,42.88,1.0,8415591
2026-08-11,NYSE:BP,43.415,42.865,42.93,43.16,1.0,4767309
2026-08-12,NYSE:BP,43.11,42.45,42.505,42.93,1.0,5883895
2026-08-13,NYSE:BP,42.95,42.25,42.455,42.83,1.0,6208720
2026-08-14,NYSE:BP,42.77,42.265,42.52,42.53,1.0,6482074
2026-08-17,NYSE:BP,42.97,42.255,42.46,42.85,1.0,8913110
2026-08-18,NYSE:BP,43.6,43.17,43.455,43.41,1.0,9672158
2026-08-19,NYSE:BP,44.225,43.615,43.775,43.73,1.0,9399302
2026-08-20,NYSE:BP,45.44,44.74,44.85,45.14,1.0,10746502
2026-08-21,NYSE:BP,45.43,44.68,45.21,44.76,1.0,8914607
2026-08-24,NYSE:BP,44.375,43.5501,44.12,43.74,1.0,7544985
2026-08-25,NYSE:BP,43.55,42.8,43.46,42.86,1.0,7151490
2026-08-26,NYSE:BP,43.025,42.18,42.21,42.5,1.0,11526226
2026-08-27,NYSE:BP,42.64,41.865,42.54,42.34,1.0,11738608
2026-08-28,NYSE:BP,42.16,41.72,42.01,42.15,1.0,12326370
2026-08-31,NYSE:BP,43.35,42.41,42.89,42.87,1.0,13477792
2026-09-01,NYSE:BP,44.55,43.585,43.81,44.47,1.0,16493579
2026-09-02,NYSE:BP,44.22,43.525,43.61,43.93,1.0,7760982
2026-09-03,NYSE:BP,44.05,43.555,43.91,43.58,1.0,5811292
2026-09-04,NYSE:BP,44.005,42.94,43.76,43.81,1.0,7058978
2026-09-08,NYSE:BP,45.4,44.5,44.86,44.88,1.0,6122433
2026-09-09,NYSE:BP,45.885,44.91,45.795,45.68,1.0,11939757
2026-09-10,NYSE:BP,46.3,45.455,46.13,46.08,1.0,7515160
2026-08-07,NYSE:PEB,18.615,18.085,18.39,18.18,1.0,1581879
2026-08-10,NYSE:PEB,18.275,17.49,18.0,17.72,1.0,2121208
2026-08-11,NYSE:PEB,18.13,17.71,18.0,17.79,1.0,2368188
2026-08-12,NYSE:PEB,18.09,17.63,17.66,18.08,1.0,1482412
2026-08-13,NYSE:PEB,18.27,17.45,18.24,18.21,1.0,2959046
2026-08-14,NYSE:PEB,18.51,18.0775,18.17,18.25,1.0,1057560
2026-08-17,NYSE:PEB,18.185,17.89,18.08,18.14,1.0,1938835
2026-08-18,NYSE:PEB,18.41,17.96,18.14,18.3,1.0,1109763
2026-08-19,NYSE:PEB,18.69,18.23,18.23,18.39,1.0,1996923
2026-08-20,NYSE:PEB,18.59,18.12,18.16,18.56,1.0,995083
2026-08-21,NYSE:PEB,18.79,18.25,18.7,18.48,1.0,1449624
2026-08-24,NYSE:PEB,18.67,18.22,18.53,18.32,1.0,1903635
2026-08-25,NYSE:PEB,18.54,18.27,18.51,18.35,1.0,1505311
2026-08-26,NYSE:PEB,18.48,18.12,18.4,18.37,1.0,1181643
2026-08-27,NYSE:PEB,18.555,17.96,17.96,18.28,1.0,1353396
2026-08-28,NYSE:PEB,18.6,18.24,18.37,18.49,1.0,1379273
2026-08-31,NYSE:PEB,18.49,18.01,18.41,18.12,1.0,3015402
2026-09-01,NYSE:PEB,18.19,17.405,18.01,17.74,1.0,3320487
2026-09-02,NYSE:PEB,18.295,17.82,17.85,18.19,1.0,2276654
2026-09-03,NYSE:PEB,18.54,17.73,18.32,17.73,1.0,2473539
2026-09-04,NYSE:PEB,18.04,17.48,17.51,18.03,1.0,1196175
2026-09-08,NYSE:PEB,18.1,17.555,17.92,17.64,1.0,2977706
2026-09-09,NYSE:PEB,17.88,17.46,17.53,17.84,1.0,2143601
2026-09-10,NYSE:PEB,18.235,17.76,18.07,18.095,1.0,2428613
2026-08-07,NYSE:TDS,35.265,31.51,35.22,32.98,1.0,3333432
2026-08-10,NYSE:TDS,33.75,32.56,33.0,33.7,1.0,1508479
2026-08-11,NYSE:TDS,33.94,32.87,33.61,33.33,1.0,1003376
2026-08-12,NYSE:TDS,33.78,33.0,33.33,33.17,1.0,820028
2026-08-13,NYSE:TDS,35.205,33.335,33.43,35.04,1.0,1238779
2026-08-14,NYSE:TDS,35.405,34.53,34.53,35.21,1.0,701829
2026-08-17,NYSE:TDS,35.355,34.485,35.03,34.52,1.0,990274
2026-08-18,NYSE:TDS,34.815,33.98,34.55,34.17,1.0,572315
2026-08-19,NYSE:TDS,35.02,34.29,34.42,34.67,1.0,660107
2026-08-20,NYSE:TDS,35.39,34.25,34.275,34.71,1.0,503619
2026-08-21,NYSE:TDS,35.31,33.54,35.01,33.6,1.0,1374572
2026-08-24,NYSE:TDS,34.035,32.83,33.62,33.09,1.0,1201017
2026-08-25,NYSE:TDS,33.865,32.92,33.33,33.82,1.0,884459
2026-08-26,NYSE:TDS,34.3,33.19,33.67,33.28,1.0,704438
2026-08-27,NYSE:TDS,33.35,32.64,32.93,33.15,1.0,666346
2026-08-28,NYSE:TDS,33.72,33.205,33.41,33.65,1.0,545371
2026-08-31,NYSE:TDS,34.025,33.39,33.63,33.68,1.0,1532513
2026-09-01,NYSE:TDS,34.425,33.075,33.53,33.62,1.0,1066953
2026-09-02,NYSE:TDS,36.4299,34.12,34.12,35.87,1.0,1895233
2026-09-03,NYSE:TDS,38.04,36.26,36.27,37.82,1.0,1767151
2026-09-04,NYSE:TDS,38.22,37.43,37.44,37.83,1.0,1310418
2026-09-08,NYSE:TDS,38.41,37.6,37.75,37.93,1.0,2391931
2026-09-09,NYSE:TDS,38.39,37.39,38.39,37.89,1.0,1218500
2026-09-10,NYSE:TDS,37.9,37.02,37.8,37.44,1.0,1253722
2026-08-07,NYSE:PMT,9.74,9.45,9.48,9.65,1.0,1039674
2026-08-10,NYSE:PMT,9.575,9.315,9.54,9.38,1.0,1054812
2026-08-11,NYSE:PMT,9.555,9.375,9.42,9.45,1.0,1329607
2026-08-12,NYSE:PMT,9.61,9.415,9.51,9.48,1.0,948876
2026-08-13,NYSE:PMT,9.6101,9.465,9.53,9.49,1.0,1226422
2026-08-14,NYSE:PMT,9.635,9.45,9.49,9.45,1.0,901980
2026-08-17,NYSE:PMT,9.81,9.53,9.8,9.62,1.0,1300548
2026-08-18,NYSE:PMT,9.665,9.43,9.64,9.43,1.0,1422300
2026-08-19,NYSE:PMT,9.655,9.515,9.53,9.54,1.0,813649
2026-08-20,NYSE:PMT,9.4999,9.325,9.49,9.39,1.0,1068940
2026-08-21,NYSE:PMT,9.425,9.23,9.38,9.35,1.0,2687073
2026-08-24,NYSE:PMT,9.39,9.255,9.39,9.29,1.0,1519143
2026-08-25,NYSE:PMT,9.32,9.19,9.3,9.29,1.0,1143857
2026-08-26,NYSE:PMT,9.305,9.22,9.3,9.23,1.0,651594
2026-08-27,NYSE:PMT,9.35,9.17,9.2,9.33,1.0,858674
2026-08-28,NYSE:PMT,9.4201,9.33,9.37,9.34,1.0,664975
2026-08-31,NYSE:PMT,9.451,9.28,9.32,9.32,1.0,1040364
2026-09-01,NYSE:PMT,9.365,9.23,9.27,9.24,1.0,1370455
2026-09-02,NYSE:PMT,9.63,9.31,9.34,9.51,1.0,889128
2026-09-03,NYSE:PMT,9.65,9.48,9.6,9.63,1.0,1314566
2026-09-04,NYSE:PMT,9.715,9.57,9.57,9.64,1.0,813347
2026-09-08,NYSE:PMT,9.7,9.605,9.66,9.61,1.0,878883
2026-09-09,NYSE:PMT,9.61,9.42,9.6,9.42,1.0,1724736
2026-09-10,NYSE:PMT,9.4,9.17,9.36,9.175,1.0,1433987
2026-08-07,NASDAQ:CFFN,8.955,8.82,8.92,8.88,1.0,725884
2026-08-10,NASDAQ:CFFN,8.885,8.76,8.83,8.77,1.0,701984
2026-08-11,NASDAQ:CFFN,8.88,8.759,8.8,8.81,1.0,683069
2026-08-12,NASDAQ:CFFN,8.93,8.835,8.86,8.88,1.0,682789
2026-08-13,NASDAQ:CFFN,8.991,8.83,8.97,8.84,1.0,794983
2026-08-14,NASDAQ:CFFN,8.895,8.72,8.85,8.73,1.0,654123
2026-08-17,NASDAQ:CFFN,8.765,8.675,8.72,8.72,1.0,749354
2026-08-18,NASDAQ:CFFN,8.76,8.56,8.73,8.64,1.0,784806
2026-08-19,NASDAQ:CFFN,8.71,8.435,8.66,8.49,1.0,894923
2026-08-20,NASDAQ:CFFN,8.55,8.435,8.46,8.49,1.0,941742
2026-08-21,NASDAQ:CFFN,8.59,8.385,8.56,8.53,1.0,907346
2026-08-24,NASDAQ:CFFN,8.6,8.52,8.59,8.53,1.0,628532
2026-08-25,NASDAQ:CFFN,8.665,8.5,8.57,8.54,1.0,741616
2026-08-26,NASDAQ:CFFN,8.69,8.515,8.58,8.66,1.0,771210
2026-08-27,NASDAQ:CFFN,8.685,8.535,8.6,8.64,1.0,664226
2026-08-28,NASDAQ:CFFN,8.715,8.645,8.68,8.66,1.0,696811
2026-08-31,NASDAQ:CFFN,8.66,8.565,8.66,8.61,1.0,642215
2026-09-01,NASDAQ:CFFN,8.645,8.475,8.58,8.55,1.0,750952
2026-09-02,NASDAQ:CFFN,8.76,8.575,8.62,8.69,1.0,784953
2026-09-03,NASDAQ:CFFN,8.83,8.665,8.74,8.8,1.0,805135
2026-09-04,NASDAQ:CFFN,8.89,8.755,8.77,8.87,1.0,1091795
2026-09-08,NASDAQ:CFFN,8.86,8.765,8.84,8.8,1.0,695315
2026-09-09,NASDAQ:CFFN,8.825,8.6801,8.73,8.77,1.0,782235
2026-09-10,NASDAQ:CFFN,8.81,8.665,8.73,8.8,1.0,593265
2026-08-07,NYSE:LEVI,24.44,23.96,24.44,24.41,1.0,1053588
2026-08-10,NYSE:LEVI,24.43,23.57,24.35,23.61,1.0,2289980
2026-08-11,NYSE:LEVI,23.61,22.72,23.33,22.74,1.0,3556231
2026-08-12,NYSE:LEVI,22.89,22.25,22.7,22.44,1.0,2155647
2026-08-13,NYSE:LEVI,22.775,22.17,22.69,22.42,1.0,2125632
2026-08-14,NYSE:LEVI,22.64,22.14,22.35,22.55,1.0,2608753
2026-08-17,NYSE:LEVI,22.61,22.21,22.4,22.57,1.0,2504453
2026-08-18,NYSE:LEVI,22.645,22.0,22.44,22.01,1.0,2270460
2026-08-19,NYSE:LEVI,22.49,21.825,22.27,22.0,1.0,1779412
2026-08-20,NYSE:LEVI,21.79,21.175,21.75,21.23,1.0,2787631
2026-08-21,NYSE:LEVI,21.67,21.34,21.46,21.49,1.0,1648822
2026-08-24,NYSE:LEVI,21.94,21.55,21.59,21.72,1.0,1779303
2026-08-25,NYSE:LEVI,21.75,20.77,21.73,21.1,1.0,2471351
2026-08-26,NYSE:LEVI,21.445,21.01,21.19,21.43,1.0,1723030
2026-08-27,NYSE:LEVI,21.375,20.91,21.31,21.05,1.0,1799870
2026-08-28,NYSE:LEVI,21.57,21.23,21.37,21.29,1.0,1596833
2026-08-31,NYSE:LEVI,21.39,20.685,21.39,20.76,1.0,2221227
2026-09-01,NYSE:LEVI,20.68,20.25,20.4,20.36,1.0,2203933
2026-09-02,NYSE:LEVI,20.65,20.34,20.53,20.46,1.0,1390762
2026-09-03,NYSE:LEVI,20.78,20.31,20.64,20.7,1.0,1659152
2026-09-04,NYSE:LEVI,21.16,20.58,20.64,21.06,1.0,2177855
2026-09-08,NYSE:LEVI,21.54,20.6833,21.18,20.85,1.0,2995613
2026-09-09,NYSE:LEVI,20.805,20.18,20.79,20.35,1.0,2536452
2026-09-10,NYSE:LEVI,20.435,19.98,20.25,20.12,1.0,2134963
2026-08-07,NYSE:EFC,13.75,13.365,13.45,13.6,1.0,2231603
2026-08-10,NYSE:EFC,13.63,13.34,13.59,13.47,1.0,1350393
2026-08-11,NYSE:EFC,13.695,13.38,13.43,13.6,1.0,1323447
2026-08-12,NYSE:EFC,13.725,13.56,13.65,13.62,1.0,983005
2026-08-13,NYSE:EFC,13.72,13.62,13.65,13.68,1.0,821587
2026-08-14,NYSE:EFC,13.77,13.645,13.68,13.67,1.0,1023044
2026-08-17,NYSE:EFC,13.7426,13.545,13.62,13.59,1.0,755160
2026-08-18,NYSE:EFC,13.645,13.53,13.63,13.61,1.0,789034
2026-08-19,NYSE:EFC,13.82,13.67,13.75,13.71,1.0,1078545
2026-08-20,NYSE:EFC,13.7,13.54,13.67,13.62,1.0,812526
2026-08-21,NYSE:EFC,13.69,13.61,13.69,13.63,1.0,789527
2026-08-24,NYSE:EFC,13.67,13.57,13.64,13.62,1.0,850647
2026-08-25,NYSE:EFC,13.6783,13.55,13.65,13.58,1.0,979441
2026-08-26,NYSE:EFC,13.59,13.435,13.57,13.46,1.0,1012670
2026-08-27,NYSE:EFC,13.61,13.35,13.46,13.57,1.0,941375
2026-08-28,NYSE:EFC,13.6599,13.53,13.63,13.57,1.0,1036064
2026-08-31,NYSE:EFC,13.515,13.35,13.4,13.38,1.0,1314803
2026-09-01,NYSE:EFC,13.42,13.24,13.34,13.26,1.0,1234522
2026-09-02,NYSE:EFC,13.36,13.225,13.31,13.33,1.0,995242
2026-09-03,NYSE:EFC,13.46,13.265,13.42,13.35,1.0,851644
2026-09-04,NYSE:EFC,13.53,13.3,13.31,13.47,1.0,919067
2026-09-08,NYSE:EFC,13.5123,13.37,13.45,13.38,1.0,841563
2026-09-09,NYSE:EFC,13.405,13.26,13.36,13.26,1.0,1040629
2026-09-10,NYSE:EFC,13.26,12.98,13.25,13.04,1.0,1275045
2026-08-07,NYSE:TXO,13.79,13.25,13.44,13.75,1.0,311494
2026-08-10,NYSE:TXO,14.2,13.7244,13.8,14.02,1.0,236431
2026-08-11,NYSE:TXO,14.4,13.92,14.0,14.37,1.0,313731
2026-08-12,NYSE:TXO,14.605,14.12,14.12,14.44,1.0,252428
2026-08-13,NYSE:TXO,14.539000000000001,14.14,14.37,14.17,1.0,361072
2026-08-14,NYSE:TXO,14.22,13.79,13.97,13.81,1.0,313805
2026-08-17,NYSE:TXO,13.99,13.68,13.85,13.85,1.0,322043
2026-08-18,NYSE:TXO,14.0,13.71,14.0,13.77,1.0,300341
2026-08-19,NYSE:TXO,14.0,13.6601,13.75,13.9,1.0,107983
2026-08-20,NYSE:TXO,14.18,13.935,14.0,14.06,1.0,138679
2026-08-21,NYSE:TXO,14.31,14.06,14.19,14.24,1.0,182534
2026-08-24,NYSE:TXO,14.33,13.9,14.2,14.09,1.0,146228
2026-08-25,NYSE:TXO,14.35,13.91,13.91,13.99,1.0,84226
2026-08-26,NYSE:TXO,14.24,14.0,14.0,14.05,1.0,55951
2026-08-27,NYSE:TXO,14.755,14.045,14.08,14.64,1.0,168009
2026-08-28,NYSE:TXO,14.89,14.46,14.75,14.5,1.0,206423
2026-08-31,NYSE:TXO,14.74,14.44,14.58,14.48,1.0,139942
2026-09-01,NYSE:TXO,15.19,14.5,14.75,15.19,1.0,292220
2026-09-02,NYSE:TXO,15.1603,14.75,15.14,14.84,1.0,150261
2026-09-03,NYSE:TXO,15.0,14.71,14.92,14.99,1.0,154547
2026-09-04,NYSE:TXO,15.27,14.995,15.1,15.06,1.0,259588
2026-09-08,NYSE:TXO,15.35,14.97,15.25,15.09,1.0,166347
2026-09-09,NYSE:TXO,15.44,15.0709,15.28,15.38,1.0,145948
2026-09-10,NYSE:TXO,15.56,15.02,15.4,15.29,1.0,244421
2026-08-07,NASDAQ:GLPI,44.2,43.635,44.0,44.14,1.0,1402521
2026-08-10,NASDAQ:GLPI,43.81,42.63,43.81,42.81,1.0,2286668
2026-08-11,NASDAQ:GLPI,43.15,42.46,42.815,42.64,1.0,2043278
2026-08-12,NASDAQ:GLPI,43.15,42.5,42.57,43.1,1.0,2322396
2026-08-13,NASDAQ:GLPI,43.69,43.22,43.4,43.65,1.0,2437711
2026-08-14,NASDAQ:GLPI,43.825,43.43,43.6,43.57,1.0,1797112
2026-08-17,NASDAQ:GLPI,43.1,41.73,42.75,42.25,1.0,5859563
2026-08-18,NASDAQ:GLPI,42.74,42.04,42.6,42.08,1.0,2999384
2026-08-19,NASDAQ:GLPI,42.975,42.235,42.26,42.9,1.0,3019414
2026-08-20,NASDAQ:GLPI,44.18,42.95,43.09,43.71,1.0,4721705
2026-08-21,NASDAQ:GLPI,43.87,43.395,43.69,43.55,1.0,2708732
2026-08-24,NASDAQ:GLPI,44.56,43.69,43.78,43.93,1.0,3347674
2026-08-25,NASDAQ:GLPI,44.12,43.01,43.855,43.03,1.0,3049591
2026-08-26,NASDAQ:GLPI,43.05,42.55,43.01,42.57,1.0,2267317
2026-08-27,NASDAQ:GLPI,42.55,42.02,42.29,42.31,1.0,3486294
2026-08-28,NASDAQ:GLPI,42.725,42.222,42.585,42.56,1.0,2522153
2026-08-31,NASDAQ:GLPI,42.34,41.88,42.335,42.07,1.0,21740857
2026-09-01,NASDAQ:GLPI,42.51,41.685,42.37,41.8,1.0,4322747
2026-09-02,NASDAQ:GLPI,42.5,41.41,41.95,42.34,1.0,4179422
2026-09-03,NASDAQ:GLPI,42.66,41.89,42.5,42.36,1.0,3686287
2026-09-04,NASDAQ:GLPI,42.485,41.915,42.13,41.92,1.0,2552226
2026-09-08,NASDAQ:GLPI,42.0843,41.54,41.81,41.62,1.0,3419118
2026-09-09,NASDAQ:GLPI,41.64,41.235,41.62,41.5,1.0,2187444
2026-09-10,NASDAQ:GLPI,41.74,40.83,41.6,40.98,1.0,3872014
2026-08-07,NASDAQ:TRIN,18.085,17.639,17.68,18.05,1.0,1028951
2026-08-10,NASDAQ:TRIN,18.43,17.96,18.08,18.43,1.0,1191627
2026-08-11,NASDAQ:TRIN,18.4622,18.12,18.36,18.19,1.0,997155
2026-08-12,NASDAQ:TRIN,18.4,18.155,18.4,18.29,1.0,1198840
2026-08-13,NASDAQ:TRIN,18.565,18.25,18.32,18.43,1.0,1005146
2026-08-14,NASDAQ:TRIN,18.275,18.13,18.2,18.14,1.0,599184
2026-08-17,NASDAQ:TRIN,18.1057,17.835,18.0,17.92,1.0,1043673
2026-08-18,NASDAQ:TRIN,18.185,17.95,17.96,18.15,1.0,772458
2026-08-19,NASDAQ:TRIN,18.255,18.02,18.18,18.13,1.0,732418
2026-08-20,NASDAQ:TRIN,18.28,18.07,18.15,18.27,1.0,712419
2026-08-21,NASDAQ:TRIN,18.4749,18.17,18.39,18.35,1.0,568658
2026-08-24,NASDAQ:TRIN,18.745,18.27,18.35,18.61,1.0,1104487
2026-08-25,NASDAQ:TRIN,18.74,18.5142,18.66,18.7,1.0,685818
2026-08-26,NASDAQ:TRIN,18.81,18.6332,18.7,18.73,1.0,760511
2026-08-27,NASDAQ:TRIN,18.86,18.66,18.7,18.7,1.0,690096
2026-08-28,NASDAQ:TRIN,18.895,18.5,18.7,18.56,1.0,749210
2026-08-31,NASDAQ:TRIN,18.86,18.52,18.63,18.62,1.0,983460
2026-09-01,NASDAQ:TRIN,18.63,18.25,18.52,18.34,1.0,1044024
2026-09-02,NASDAQ:TRIN,18.7546,18.2661,18.33,18.43,1.0,728352
2026-09-03,NASDAQ:TRIN,18.65,18.26,18.62,18.35,1.0,932223
2026-09-04,NASDAQ:TRIN,18.3691,18.18,18.25,18.22,1.0,923755
2026-09-08,NASDAQ:TRIN,18.26,18.055,18.23,18.08,1.0,1494996
2026-09-09,NASDAQ:TRIN,18.1804,17.88,18.06,18.06,1.0,1009019
2026-09-10,NASDAQ:TRIN,17.92,17.725,17.92,17.82,1.0,893037
2026-08-07,NYSE:WIT,2.03,1.985,2.01,2.02,1.0,8205001
2026-08-10,NYSE:WIT,2.01,1.97,1.99,1.99,1.0,3142981
2026-08-11,NYSE:WIT,2.0,1.96,1.98,1.97,1.0,3196953
2026-08-12,NYSE:WIT,1.975,1.92,1.96,1.95,1.0,4735176
2026-08-13,NYSE:WIT,1.98,1.92,1.96,1.96,1.0,3803932
2026-08-14,NYSE:WIT,1.97,1.9311,1.97,1.94,1.0,2059356
2026-08-17,NYSE:WIT,1.945,1.9,1.93,1.91,1.0,3618175
2026-08-18,NYSE:WIT,1.93,1.89,1.89,1.91,1.0,5328389
2026-08-19,NYSE:WIT,1.97,1.9,1.9,1.95,1.0,8465216
2026-08-20,NYSE:WIT,1.96,1.89,1.94,1.91,1.0,4409470
2026-08-21,NYSE:WIT,1.9280000000000002,1.87,1.91,1.89,1.0,6190776
2026-08-24,NYSE:WIT,1.915,1.86,1.89,1.88,1.0,5637279
2026-08-25,NYSE:WIT,1.89,1.86,1.88,1.88,1.0,2407512
2026-08-26,NYSE:WIT,1.885,1.82,1.85,1.83,1.0,4667235
2026-08-27,NYSE:WIT,1.86,1.78,1.84,1.8,1.0,14679579
2026-08-28,NYSE:WIT,1.87,1.785,1.87,1.82,1.0,26074408
2026-08-31,NYSE:WIT,1.86,1.825,1.86,1.85,1.0,11502844
2026-09-01,NYSE:WIT,1.87,1.82,1.86,1.83,1.0,8575072
2026-09-02,NYSE:WIT,1.84,1.795,1.83,1.8,1.0,7375363
2026-09-03,NYSE:WIT,1.83,1.79,1.81,1.8,1.0,6340323
2026-09-04,NYSE:WIT,1.82,1.77,1.8,1.81,1.0,7807014
2026-09-08,NYSE:WIT,1.78,1.71,1.78,1.73,1.0,11822476
2026-09-09,NYSE:WIT,1.73,1.67,1.72,1.68,1.0,11735269
2026-09-10,NYSE:WIT,1.69,1.645,1.675,1.67,1.0,15759156
2026-08-07,NYSE:RC,1.8,1.56,1.56,1.71,1.0,2575015
2026-08-10,NYSE:RC,1.865,1.725,1.74,1.85,1.0,1954283
2026-08-11,NYSE:RC,1.895,1.79,1.85,1.79,1.0,1148410
2026-08-12,NYSE:RC,1.83,1.75,1.79,1.75,1.0,798889
2026-08-13,NYSE:RC,1.79,1.72,1.74,1.78,1.0,658053
2026-08-14,NYSE:RC,1.86,1.75,1.75,1.85,1.0,1332955
2026-08-17,NYSE:RC,1.85,1.685,1.82,1.7,1.0,1287764
2026-08-18,NYSE:RC,1.73,1.67,1.68,1.69,1.0,680187
2026-08-19,NYSE:RC,1.77,1.69,1.69,1.76,1.0,718862
2026-08-20,NYSE:RC,1.9,1.7115,1.76,1.9,1.0,1256993
2026-08-21,NYSE:RC,1.945,1.84,1.9,1.88,1.0,1127706
2026-08-24,NYSE:RC,1.89,1.8337,1.85,1.89,1.0,646081
2026-08-25,NYSE:RC,2.0,1.87,1.87,1.99,1.0,1139380
2026-08-26,NYSE:RC,1.99,1.825,1.97,1.84,1.0,1389825
2026-08-27,NYSE:RC,1.95,1.8,1.95,1.85,1.0,1475072
2026-08-28,NYSE:RC,1.89,1.795,1.82,1.83,1.0,977144
2026-08-31,NYSE:RC,1.84,1.75,1.81,1.77,1.0,870618
2026-09-01,NYSE:RC,1.76,1.69,1.76,1.69,1.0,879673
2026-09-02,NYSE:RC,1.77,1.69,1.69,1.75,1.0,861228
2026-09-03,NYSE:RC,1.7999,1.72,1.77,1.76,1.0,611285
2026-09-04,NYSE:RC,1.775,1.73,1.76,1.75,1.0,467790
2026-09-08,NYSE:RC,1.74,1.7,1.71,1.71,1.0,586955
2026-09-09,NYSE:RC,1.719,1.67,1.71,1.69,1.0,673987
2026-09-10,NYSE:RC,1.68,1.6309,1.67,1.66,1.0,558083
2026-08-07,NASDAQ:SPOK,11.54,11.265,11.32,11.52,1.0,98488
2026-08-10,NASDAQ:SPOK,11.595,11.22,11.54,11.33,1.0,134715
2026-08-11,NASDAQ:SPOK,11.5,11.31,11.38,11.44,1.0,174530
2026-08-12,NASDAQ:SPOK,11.385,10.98,11.31,10.98,1.0,188131
2026-08-13,NASDAQ:SPOK,11.105,10.82,11.0,11.0,1.0,161105
2026-08-14,NASDAQ:SPOK,11.07,10.92,11.04,10.96,1.0,174103
2026-08-17,NASDAQ:SPOK,11.025,10.83,11.01,10.99,1.0,263505
2026-08-18,NASDAQ:SPOK,11.16,10.925,11.03,10.97,1.0,224123
2026-08-19,NASDAQ:SPOK,10.71,10.48,10.69,10.48,1.0,176717
2026-08-20,NASDAQ:SPOK,10.56,10.4,10.46,10.44,1.0,204552
2026-08-21,NASDAQ:SPOK,10.53,10.28,10.47,10.31,1.0,304586
2026-08-24,NASDAQ:SPOK,10.7,10.33,10.33,10.62,1.0,154027
2026-08-25,NASDAQ:SPOK,10.61,10.47,10.61,10.575,1.0,133102
2026-08-26,NASDAQ:SPOK,10.6199,10.375,10.58,10.415,1.0,97022
2026-08-27,NASDAQ:SPOK,10.425,10.2901,10.4,10.36,1.0,127677
2026-08-28,NASDAQ:SPOK,10.65,10.36,10.42,10.65,1.0,155421
2026-08-31,NASDAQ:SPOK,10.75,10.49,10.65,10.51,1.0,159609
2026-09-01,NASDAQ:SPOK,10.6449,10.51,10.51,10.56,1.0,140721
2026-09-02,NASDAQ:SPOK,10.63,10.5106,10.62,10.56,1.0,91560
2026-09-03,NASDAQ:SPOK,10.68,10.53,10.61,10.68,1.0,96846
2026-09-04,NASDAQ:SPOK,10.79,10.63,10.7,10.71,1.0,87241
2026-09-08,NASDAQ:SPOK,10.715,10.57,10.7,10.64,1.0,118352
2026-09-09,NASDAQ:SPOK,10.685,10.52,10.65,10.57,1.0,135659
2026-09-10,NASDAQ:SPOK,10.725,10.57,10.57,10.63,1.0,136414
2026-08-07,NYSE:WFG,72.25,70.1,70.52,72.14,1.0,277847
2026-08-10,NYSE:WFG,72.24,70.55,72.1,71.24,1.0,215097
2026-08-11,NYSE:WFG,72.47,70.54,71.05,71.51,1.0,297682
2026-08-12,NYSE:WFG,72.12,68.595,72.12,70.18,1.0,144005
2026-08-13,NYSE:WFG,71.28,69.3,70.15,69.55,1.0,139721
2026-08-14,NYSE:WFG,70.82,68.705,69.82,70.76,1.0,316408
2026-08-17,NYSE:WFG,70.31,68.19,69.97,68.41,1.0,217829
2026-08-18,NYSE:WFG,68.84,67.09,68.84,67.25,1.0,162504
2026-08-19,NYSE:WFG,71.62,68.12,68.12,71.08,1.0,312348
2026-08-20,NYSE:WFG,70.6925,68.51,70.28,68.92,1.0,276275
2026-08-21,NYSE:WFG,70.175,68.77,69.19,69.75,1.0,148516
2026-08-24,NYSE:WFG,69.89,67.555,69.39,68.57,1.0,139958
2026-08-25,NYSE:WFG,69.4225,68.23,68.81,69.0,1.0,136831
2026-08-26,NYSE:WFG,69.71,67.68,69.71,67.81,1.0,142511
2026-08-27,NYSE:WFG,70.03,67.24,67.28,69.0,1.0,166073
2026-08-28,NYSE:WFG,70.38,67.5,69.66,67.67,1.0,195389
2026-08-31,NYSE:WFG,68.73,67.15,67.15,68.16,1.0,206787
2026-09-01,NYSE:WFG,67.93,65.56,67.81,66.34,1.0,382916
2026-09-02,NYSE:WFG,68.56,66.38,66.42,66.9,1.0,231231
2026-09-03,NYSE:WFG,68.075,66.29,67.85,67.01,1.0,145684
2026-09-04,NYSE:WFG,69.37,66.66,67.0,68.72,1.0,142595
2026-09-08,NYSE:WFG,69.19,67.99,68.69,68.32,1.0,133586
2026-09-09,NYSE:WFG,68.89,67.85,68.41,68.49,1.0,144905
2026-09-10,NYSE:WFG,68.955,67.415,68.0,67.43,1.0,268029
2026-08-07,NYSE:BBDC,9.295,9.13,9.2,9.22,1.0,1471806
2026-08-10,NYSE:BBDC,9.395,9.13,9.24,9.36,1.0,1411424
2026-08-11,NYSE:BBDC,9.4,9.275,9.4,9.31,1.0,438105
2026-08-12,NYSE:BBDC,9.31,9.1702,9.3,9.23,1.0,373500
2026-08-13,NYSE:BBDC,9.45,9.275,9.29,9.43,1.0,1041936
2026-08-14,NYSE:BBDC,9.415,9.26,9.32,9.31,1.0,593555
2026-08-17,NYSE:BBDC,9.45,9.26,9.35,9.39,1.0,988746
2026-08-18,NYSE:BBDC,9.515,9.3,9.3,9.39,1.0,1403856
2026-08-19,NYSE:BBDC,9.51,9.38,9.43,9.42,1.0,563025
2026-08-20,NYSE:BBDC,9.445,9.24,9.35,9.4,1.0,1107362
2026-08-21,NYSE:BBDC,9.43,9.32,9.42,9.34,1.0,799126
2026-08-24,NYSE:BBDC,9.455,9.3,9.38,9.45,1.0,530324
2026-08-25,NYSE:BBDC,9.468,9.365,9.45,9.45,1.0,696948
2026-08-26,NYSE:BBDC,9.45,9.29,9.45,9.35,1.0,667345
2026-08-27,NYSE:BBDC,9.395,9.3,9.35,9.38,1.0,766325
2026-08-28,NYSE:BBDC,9.405,9.3231,9.35,9.35,1.0,799294
2026-08-31,NYSE:BBDC,9.535,9.38,9.4,9.44,1.0,1061618
2026-09-01,NYSE:BBDC,9.49,9.29,9.42,9.3,1.0,1331869
2026-09-02,NYSE:BBDC,9.14,8.995,9.02,9.11,1.0,630900
2026-09-03,NYSE:BBDC,9.225,8.94,9.17,8.99,1.0,725999
2026-09-04,NYSE:BBDC,9.075,8.84,8.95,9.02,1.0,445268
2026-09-08,NYSE:BBDC,9.06,8.85,9.0,8.86,1.0,589185
2026-09-09,NYSE:BBDC,8.9456,8.75,8.86,8.75,1.0,694392
2026-09-10,NYSE:BBDC,8.775,8.69,8.74,8.71,1.0,598365
2026-08-07,NYSE:SHEL,89.13,88.33,88.99,88.5,1.0,4424768
2026-08-10,NYSE:SHEL,90.4,88.68,88.75,89.95,1.0,4866864
2026-08-11,NYSE:SHEL,90.975,90.12,90.25,90.5,1.0,3657745
2026-08-12,NYSE:SHEL,90.39,89.57,89.74,90.07,1.0,4385715
2026-08-13,NYSE:SHEL,90.065,88.931,89.38,89.92,1.0,3348542
2026-08-14,NYSE:SHEL,91.03,89.55,89.78,90.47,1.0,5024867
2026-08-17,NYSE:SHEL,91.635,90.43,90.68,91.62,1.0,4679652
2026-08-18,NYSE:SHEL,92.6,91.84,92.5,92.01,1.0,4382203
2026-08-19,NYSE:SHEL,93.65,92.62,93.0,92.77,1.0,4941771
2026-08-20,NYSE:SHEL,94.7,93.63,94.11,93.65,1.0,4924248
2026-08-21,NYSE:SHEL,94.02,93.07,93.87,93.33,1.0,3457393
2026-08-24,NYSE:SHEL,93.61,92.7,92.82,93.0,1.0,5658748
2026-08-25,NYSE:SHEL,92.71,91.97,92.38,92.22,1.0,5646216
2026-08-26,NYSE:SHEL,92.24,91.01,91.23,91.11,1.0,7935920
2026-08-27,NYSE:SHEL,91.35,90.05,91.23,90.7,1.0,6905773
2026-08-28,NYSE:SHEL,91.08,90.465,90.74,90.91,1.0,7603174
2026-08-31,NYSE:SHEL,92.55,91.02,92.04,91.45,1.0,6148075
2026-09-01,NYSE:SHEL,93.86,92.47,92.72,93.51,1.0,11105544
2026-09-02,NYSE:SHEL,93.6672,92.63,92.98,92.8,1.0,8167850
2026-09-03,NYSE:SHEL,93.43,92.24,92.56,92.33,1.0,5434486
2026-09-04,NYSE:SHEL,93.59,92.16,93.03,92.95,1.0,6849003
2026-09-08,NYSE:SHEL,95.805,94.421,94.85,95.32,1.0,7425064
2026-09-09,NYSE:SHEL,96.265,95.08,96.04,95.6,1.0,8384823
2026-09-10,NYSE:SHEL,96.99,95.66,96.81,95.96,1.0,6459160
2026-08-07,NASDAQ:FHB,27.725,27.325,27.48,27.49,1.0,1240476
2026-08-10,NASDAQ:FHB,27.51,27.05,27.32,27.27,1.0,1914689
2026-08-11,NASDAQ:FHB,27.65,27.28,27.3,27.47,1.0,1681617
2026-08-12,NASDAQ:FHB,27.72,27.41,27.51,27.63,1.0,1476492
2026-08-13,NASDAQ:FHB,27.99,27.755,27.85,27.86,1.0,1077229
2026-08-14,NASDAQ:FHB,27.99,27.6,27.84,27.66,1.0,1265441
2026-08-17,NASDAQ:FHB,27.59,27.365,27.43,27.52,1.0,1621434
2026-08-18,NASDAQ:FHB,27.6,27.115,27.6,27.22,1.0,1647816
2026-08-19,NASDAQ:FHB,27.38,26.69,27.29,26.77,1.0,2206526
2026-08-20,NASDAQ:FHB,26.825,26.57,26.74,26.61,1.0,1822807
2026-08-21,NASDAQ:FHB,26.84,26.315,26.79,26.32,1.0,1770541
2026-08-24,NASDAQ:FHB,26.52,26.0,26.37,26.04,1.0,2206130
2026-08-25,NASDAQ:FHB,26.24,25.625,26.06,25.78,1.0,1996320
2026-08-26,NASDAQ:FHB,26.05,25.76,25.87,25.96,1.0,1934197
2026-08-27,NASDAQ:FHB,25.885,25.54,25.85,25.82,1.0,1639916
2026-08-28,NASDAQ:FHB,26.03,25.715,25.835,25.79,1.0,1558599
2026-08-31,NASDAQ:FHB,25.95,25.505,25.8,25.61,1.0,1559727
2026-09-01,NASDAQ:FHB,25.73,25.2,25.55,25.25,1.0,2000682
2026-09-02,NASDAQ:FHB,26.01,25.3,25.3,25.75,1.0,1619589
2026-09-03,NASDAQ:FHB,26.07,25.78,25.79,26.0,1.0,1641929
2026-09-04,NASDAQ:FHB,26.18,25.86,25.97,26.07,1.0,1312158
2026-09-08,NASDAQ:FHB,26.16,25.79,25.99,25.81,1.0,1812544
2026-09-09,NASDAQ:FHB,25.785,25.32,25.68,25.61,1.0,1621457
2026-09-10,NASDAQ:FHB,25.71,25.28,25.58,25.67,1.0,1853449
2026-08-07,NYSE:CION,7.645,7.25,7.25,7.51,1.0,1361354
2026-08-10,NYSE:CION,7.5862,7.42,7.5,7.48,1.0,753298
2026-08-11,NYSE:CION,7.59,7.42,7.49,7.47,1.0,764411
2026-08-12,NYSE:CION,7.47,7.3101,7.47,7.43,1.0,720684
2026-08-13,NYSE:CION,7.7,7.51,7.54,7.68,1.0,554570
2026-08-14,NYSE:CION,7.6899,7.395,7.58,7.43,1.0,497860
2026-08-17,NYSE:CION,7.47,7.1909,7.4,7.21,1.0,412112
2026-08-18,NYSE:CION,7.445,7.2,7.22,7.32,1.0,382954
2026-08-19,NYSE:CION,7.445,7.31,7.32,7.32,1.0,363262
2026-08-20,NYSE:CION,7.36,7.175,7.29,7.3,1.0,328456
2026-08-21,NYSE:CION,7.415,7.265,7.32,7.33,1.0,292080
2026-08-24,NYSE:CION,7.44,7.27,7.34,7.38,1.0,255918
2026-08-25,NYSE:CION,7.63,7.35,7.42,7.51,1.0,466895
2026-08-26,NYSE:CION,7.49,7.315,7.44,7.34,1.0,603162
2026-08-27,NYSE:CION,7.4999,7.3,7.35,7.41,1.0,315115
2026-08-28,NYSE:CION,7.52,7.34,7.41,7.38,1.0,396706
2026-08-31,NYSE:CION,7.579,7.36,7.38,7.51,1.0,421935
2026-09-01,NYSE:CION,7.55,7.405,7.45,7.42,1.0,446373
2026-09-02,NYSE:CION,7.515,7.43,7.44,7.45,1.0,247504
2026-09-03,NYSE:CION,7.59,7.335,7.54,7.36,1.0,316917
2026-09-04,NYSE:CION,7.43,7.31,7.38,7.34,1.0,233844
2026-09-08,NYSE:CION,7.4,7.215,7.34,7.28,1.0,335083
2026-09-09,NYSE:CION,7.295,7.19,7.25,7.25,1.0,407200
2026-09-10,NYSE:CION,7.245,7.17,7.22,7.18,1.0,455361
2026-08-07,NYSE:BXSL,24.59,23.57,23.58,24.54,1.0,2090819
2026-08-10,NYSE:BXSL,24.44,24.05,24.44,24.31,1.0,1566860
2026-08-11,NYSE:BXSL,24.61,24.15,24.32,24.42,1.0,1372389
2026-08-12,NYSE:BXSL,24.54,24.16,24.44,24.41,1.0,1138404
2026-08-13,NYSE:BXSL,25.045,24.4,24.41,25.01,1.0,2076819
2026-08-14,NYSE:BXSL,25.07,24.68,25.0,24.68,1.0,2029973
2026-08-17,NYSE:BXSL,24.53,24.21,24.41,24.21,1.0,1403610
2026-08-18,NYSE:BXSL,24.45,24.18,24.21,24.35,1.0,1075374
2026-08-19,NYSE:BXSL,24.675,24.39,24.39,24.56,1.0,1264508
2026-08-20,NYSE:BXSL,24.76,24.5095,24.56,24.67,1.0,1054585
2026-08-21,NYSE:BXSL,24.93,24.645,24.77,24.76,1.0,1014220
2026-08-24,NYSE:BXSL,25.035,24.6,24.78,24.99,1.0,1509025
2026-08-25,NYSE:BXSL,24.9799,24.7301,24.95,24.83,1.0,1307067
2026-08-26,NYSE:BXSL,25.1,24.7716,24.83,24.93,1.0,1010275
2026-08-27,NYSE:BXSL,25.0,24.62,24.9,24.74,1.0,1258550
2026-08-28,NYSE:BXSL,24.96,24.7,24.7,24.75,1.0,1441120
2026-08-31,NYSE:BXSL,25.24,24.68,24.69,25.01,1.0,2146110
2026-09-01,NYSE:BXSL,25.17,24.68,24.96,24.68,1.0,1040484
2026-09-02,NYSE:BXSL,24.87,24.575,24.69,24.68,1.0,1035025
2026-09-03,NYSE:BXSL,24.99,24.37,24.78,24.67,1.0,892616
2026-09-04,NYSE:BXSL,24.96,24.53,24.54,24.72,1.0,963088
2026-09-08,NYSE:BXSL,24.9667,24.48,24.74,24.49,1.0,1510819
2026-09-09,NYSE:BXSL,24.55,24.28,24.47,24.42,1.0,1346648
2026-09-10,NYSE:BXSL,24.51,24.2,24.46,24.26,1.0,1743006
2026-08-07,NYSE:HR,20.28,19.94,20.27,19.97,1.0,4217304
2026-08-10,NYSE:HR,19.93,19.6,19.93,19.64,1.0,4210926
2026-08-11,NYSE:HR,19.48,19.125,19.39,19.15,1.0,3736689
2026-08-12,NYSE:HR,19.375,19.185,19.2,19.21,1.0,2696897
2026-08-13,NYSE:HR,19.455,19.2,19.27,19.21,1.0,3984058
2026-08-14,NYSE:HR,19.43,19.11,19.16,19.25,1.0,2686755
2026-08-17,NYSE:HR,19.27,19.02,19.02,19.15,1.0,2981097
2026-08-18,NYSE:HR,19.32,19.08,19.26,19.11,1.0,3229872
2026-08-19,NYSE:HR,19.35,19.15,19.28,19.32,1.0,2335606
2026-08-20,NYSE:HR,19.555,19.26,19.34,19.41,1.0,3031183
2026-08-21,NYSE:HR,19.56,19.31,19.51,19.39,1.0,1956830
2026-08-24,NYSE:HR,19.615,19.27,19.43,19.32,1.0,2277082
2026-08-25,NYSE:HR,19.43,19.21,19.35,19.39,1.0,3474314
2026-08-26,NYSE:HR,19.405,19.25,19.4,19.26,1.0,2166894
2026-08-27,NYSE:HR,19.205,19.07,19.17,19.13,1.0,2008523
2026-08-28,NYSE:HR,19.25,18.975,19.21,18.99,1.0,2148893
2026-08-31,NYSE:HR,19.055,18.7342,18.95,19.04,1.0,5557866
2026-09-01,NYSE:HR,19.46,19.03,19.09,19.36,1.0,3738266
2026-09-02,NYSE:HR,19.41,19.195,19.41,19.3,1.0,5127127
2026-09-03,NYSE:HR,19.63,19.175,19.4,19.27,1.0,2729307
2026-09-04,NYSE:HR,19.3912,19.12,19.18,19.12,1.0,1916307
2026-09-08,NYSE:HR,19.25,19.055,19.1,19.06,1.0,2693116
2026-09-09,NYSE:HR,19.075,18.73,19.02,18.91,1.0,3831321
2026-09-10,NYSE:HR,19.05,18.75,19.01,18.88,1.0,3493272
2026-08-07,NYSE:EARN,4.41,4.33,4.34,4.4,1.0,636015
2026-08-10,NYSE:EARN,4.39,4.33,4.39,4.36,1.0,217932
2026-08-11,NYSE:EARN,4.39,4.35,4.36,4.36,1.0,291485
2026-08-12,NYSE:EARN,4.37,4.32,4.37,4.35,1.0,308336
2026-08-13,NYSE:EARN,4.445,4.35,4.35,4.44,1.0,439878
2026-08-14,NYSE:EARN,4.4449,4.37,4.43,4.4,1.0,345884
2026-08-17,NYSE:EARN,4.41,4.36,4.38,4.41,1.0,357174
2026-08-18,NYSE:EARN,4.45,4.38,4.39,4.38,1.0,339592
2026-08-19,NYSE:EARN,4.43,4.37,4.37,4.41,1.0,329993
2026-08-20,NYSE:EARN,4.47,4.41,4.42,4.45,1.0,441288
2026-08-21,NYSE:EARN,4.48,4.41,4.48,4.41,1.0,261852
2026-08-24,NYSE:EARN,4.48,4.4,4.4,4.48,1.0,469820
2026-08-25,NYSE:EARN,4.4705,4.41,4.47,4.43,1.0,303577
2026-08-26,NYSE:EARN,4.49,4.43,4.49,4.45,1.0,269176
2026-08-27,NYSE:EARN,4.47,4.43,4.45,4.45,1.0,232616
2026-08-28,NYSE:EARN,4.5,4.425,4.48,4.44,1.0,777210
2026-08-31,NYSE:EARN,4.4,4.32,4.35,4.37,1.0,866554
2026-09-01,NYSE:EARN,4.4414,4.3,4.35,4.31,1.0,355549
2026-09-02,NYSE:EARN,4.4,4.32,4.33,4.4,1.0,258973
2026-09-03,NYSE:EARN,4.4110000000000005,4.34,4.4,4.38,1.0,272056
2026-09-04,NYSE:EARN,4.38,4.335,4.38,4.36,1.0,327741
2026-09-08,NYSE:EARN,4.3588,4.31,4.31,4.34,1.0,274278
2026-09-09,NYSE:EARN,4.35,4.32,4.34,4.32,1.0,160375
2026-09-10,NYSE:EARN,4.36,4.29,4.32,4.31,1.0,229530
2026-08-07,NYSE:ACRE,4.91,4.73,4.73,4.87,1.0,572702
2026-08-10,NYSE:ACRE,4.84,4.59,4.83,4.61,1.0,286330
2026-08-11,NYSE:ACRE,4.75,4.61,4.62,4.73,1.0,479477
2026-08-12,NYSE:ACRE,4.8262,4.685,4.73,4.7,1.0,329616
2026-08-13,NYSE:ACRE,4.795,4.71,4.77,4.76,1.0,352513
2026-08-14,NYSE:ACRE,4.8,4.71,4.74,4.72,1.0,187246
2026-08-17,NYSE:ACRE,4.77,4.62,4.7,4.62,1.0,392732
2026-08-18,NYSE:ACRE,4.6643,4.555,4.63,4.63,1.0,251528
2026-08-19,NYSE:ACRE,4.78,4.69,4.7,4.7,1.0,266467
2026-08-20,NYSE:ACRE,4.7277,4.625,4.65,4.71,1.0,214800
2026-08-21,NYSE:ACRE,4.79,4.7,4.74,4.77,1.0,311612
2026-08-24,NYSE:ACRE,4.79,4.69,4.75,4.73,1.0,491577
2026-08-25,NYSE:ACRE,4.75,4.67,4.72,4.73,1.0,304882
2026-08-26,NYSE:ACRE,4.73,4.625,4.73,4.63,1.0,194019
2026-08-27,NYSE:ACRE,4.69,4.62,4.65,4.63,1.0,178363
2026-08-28,NYSE:ACRE,4.69,4.62,4.66,4.65,1.0,291393
2026-08-31,NYSE:ACRE,4.6855,4.56,4.63,4.57,1.0,294361
2026-09-01,NYSE:ACRE,4.57,4.425,4.56,4.47,1.0,280267
2026-09-02,NYSE:ACRE,4.595,4.49,4.49,4.55,1.0,308113
2026-09-03,NYSE:ACRE,4.63,4.501,4.6,4.55,1.0,194601
2026-09-04,NYSE:ACRE,4.605,4.52,4.52,4.57,1.0,154199
2026-09-08,NYSE:ACRE,4.5877,4.48,4.53,4.49,1.0,226558
2026-09-09,NYSE:ACRE,4.495,4.42,4.46,4.45,1.0,280765
2026-09-10,NYSE:ACRE,4.4024,4.3434,4.4,4.375,1.0,223888
2026-08-07,NYSE:TK,11.3699,11.01,11.3,11.32,1.0,448729
2026-08-10,NYSE:TK,11.5,11.14,11.36,11.18,1.0,395761
2026-08-11,NYSE:TK,11.405,10.93,11.17,11.3,1.0,557200
2026-08-12,NYSE:TK,11.82,11.17,11.19,11.78,1.0,491826
2026-08-13,NYSE:TK,12.27,11.705,11.8,12.08,1.0,556998
2026-08-14,NYSE:TK,12.49,12.125,12.17,12.47,1.0,353655
2026-08-17,NYSE:TK,12.97,12.4763,12.5,12.85,1.0,644373
2026-08-18,NYSE:TK,13.0,12.7201,12.91,12.97,1.0,552309
2026-08-19,NYSE:TK,13.24,12.97,13.13,13.17,1.0,667345
2026-08-20,NYSE:TK,13.2699,12.9,13.02,13.18,1.0,439334
2026-08-21,NYSE:TK,13.7,13.14,13.31,13.24,1.0,867462
2026-08-24,NYSE:TK,13.5099,13.09,13.22,13.35,1.0,431969
2026-08-25,NYSE:TK,13.39,13.13,13.24,13.36,1.0,532398
2026-08-26,NYSE:TK,13.17,12.14,13.17,12.25,1.0,843662
2026-08-27,NYSE:TK,12.88,12.28,12.28,12.77,1.0,602206
2026-08-28,NYSE:TK,13.105,12.78,12.78,13.05,1.0,395632
2026-08-31,NYSE:TK,13.33,12.93,13.22,13.16,1.0,536206
2026-09-01,NYSE:TK,13.37,12.915999999999999,13.25,13.0,1.0,694222
2026-09-02,NYSE:TK,13.425,12.86,13.07,13.36,1.0,481030
2026-09-03,NYSE:TK,13.58,13.22,13.38,13.47,1.0,447005
2026-09-04,NYSE:TK,13.86,13.39,13.39,13.63,1.0,463988
2026-09-08,NYSE:TK,13.67,13.26,13.67,13.32,1.0,400415
2026-09-09,NYSE:TK,13.95,13.29,13.47,13.83,1.0,526628
2026-09-10,NYSE:TK,14.115,13.75,13.89,14.1,1.0,451834
2026-08-07,NYSE:MPT,4.725,4.58,4.61,4.7,1.0,5178171
2026-08-10,NYSE:MPT,4.53,4.01,4.5,4.15,1.0,28154896
2026-08-11,NYSE:MPT,4.2,4.01,4.16,4.02,1.0,16092742
2026-08-12,NYSE:MPT,4.08,3.99,4.04,4.05,1.0,8793925
2026-08-13,NYSE:MPT,4.23,4.03,4.03,4.2,1.0,10050603
2026-08-14,NYSE:MPT,4.24,4.13,4.2,4.18,1.0,7049765
2026-08-17,NYSE:MPT,4.165,4.04,4.14,4.05,1.0,6671504
2026-08-18,NYSE:MPT,4.065,3.96,4.04,4.02,1.0,8272688
2026-08-19,NYSE:MPT,4.195,4.03,4.03,4.16,1.0,8168292
2026-08-20,NYSE:MPT,4.18,4.07,4.15,4.08,1.0,6128440
2026-08-21,NYSE:MPT,4.17,4.05,4.08,4.12,1.0,6233616
2026-08-24,NYSE:MPT,4.16,4.06,4.1,4.12,1.0,6720400
2026-08-25,NYSE:MPT,4.165,4.06,4.13,4.11,1.0,8849340
2026-08-26,NYSE:MPT,4.145,4.08,4.08,4.08,1.0,3831377
2026-08-27,NYSE:MPT,4.09,4.02,4.08,4.03,1.0,6471716
2026-08-28,NYSE:MPT,4.13,4.04,4.05,4.09,1.0,5453367
2026-08-31,NYSE:MPT,4.095,3.935,4.085,3.97,1.0,12209825
2026-09-01,NYSE:MPT,4.085,3.8901,3.93,4.03,1.0,10752104
2026-09-02,NYSE:MPT,4.14,4.02,4.08,4.06,1.0,5947691
2026-09-03,NYSE:MPT,4.1,3.99,4.1,4.04,1.0,8872072
2026-09-04,NYSE:MPT,4.08,3.96,4.04,4.01,1.0,7246913
2026-09-08,NYSE:MPT,4.01,3.945,4.0,3.99,1.0,10380742
2026-09-09,NYSE:MPT,3.99,3.86,3.99,3.9,1.0,10333049
2026-09-10,NYSE:MPT,3.805,3.66,3.8,3.675,1.0,10692276
2026-08-07,NASDAQ:AGNC,10.93,10.65,10.65,10.84,1.0,18004025
2026-08-10,NASDAQ:AGNC,10.85,10.64,10.845,10.76,1.0,14080087
2026-08-11,NASDAQ:AGNC,10.89,10.7209,10.77,10.89,1.0,14345107
2026-08-12,NASDAQ:AGNC,11.02,10.87,10.95,10.88,1.0,16630305
2026-08-13,NASDAQ:AGNC,10.99,10.87,10.96,10.96,1.0,14084854
2026-08-14,NASDAQ:AGNC,11.08,10.94,10.98,10.96,1.0,12215143
2026-08-17,NASDAQ:AGNC,11.01,10.9,10.95,10.95,1.0,11619947
2026-08-18,NASDAQ:AGNC,10.97,10.89,10.955,10.92,1.0,11326219
2026-08-19,NASDAQ:AGNC,11.13,10.97,11.0,11.08,1.0,17359460
2026-08-20,NASDAQ:AGNC,11.1,10.89,11.03,10.92,1.0,12638791
2026-08-21,NASDAQ:AGNC,11.0,10.88,10.97,10.89,1.0,10216105
2026-08-24,NASDAQ:AGNC,11.0,10.84,10.91,10.98,1.0,14103323
2026-08-25,NASDAQ:AGNC,11.0301,10.88,11.015,10.91,1.0,13773035
2026-08-26,NASDAQ:AGNC,10.93,10.81,10.92,10.81,1.0,12299646
2026-08-27,NASDAQ:AGNC,10.96,10.79,10.82,10.94,1.0,12494435
2026-08-28,NASDAQ:AGNC,11.0,10.88,10.95,10.9,1.0,20394260
2026-08-31,NASDAQ:AGNC,10.8389,10.68,10.74,10.73,1.0,16710393
2026-09-01,NASDAQ:AGNC,10.74,10.58,10.65,10.6,1.0,16193152
2026-09-02,NASDAQ:AGNC,10.65,10.57,10.63,10.62,1.0,18853694
2026-09-03,NASDAQ:AGNC,10.76,10.575,10.7,10.66,1.0,15770280
2026-09-04,NASDAQ:AGNC,10.73,10.57,10.61,10.65,1.0,16562917
2026-09-08,NASDAQ:AGNC,10.865,10.67,10.752,10.68,1.0,37543618
2026-09-09,NASDAQ:AGNC,10.755,10.5,10.71,10.51,1.0,30217780
2026-09-10,NASDAQ:AGNC,10.54,10.17,10.525,10.19,1.0,37407199
2026-08-07,NYSE:BIP,39.63,38.68,39.28,39.04,1.0,554510
2026-08-10,NYSE:BIP,39.2,37.96,38.755,37.98,1.0,1065167
2026-08-11,NYSE:BIP,39.78,38.1,38.22,39.38,1.0,826497
2026-08-12,NYSE:BIP,40.15,39.35,39.35,39.45,1.0,587185
2026-08-13,NYSE:BIP,40.11,39.39,39.53,40.01,1.0,578901
2026-08-14,NYSE:BIP,40.51,39.46,39.99,39.74,1.0,296978
2026-08-17,NYSE:BIP,39.64,38.85,39.53,38.91,1.0,416865
2026-08-18,NYSE:BIP,39.26,38.32,39.26,38.32,1.0,892749
2026-08-19,NYSE:BIP,39.5,38.61,38.66,39.42,1.0,585811
2026-08-20,NYSE:BIP,39.69,38.75,39.44,38.94,1.0,750076
2026-08-21,NYSE:BIP,39.3794,38.72,39.0,38.95,1.0,755247
2026-08-24,NYSE:BIP,39.1538,38.365,38.7,38.56,1.0,654018
2026-08-25,NYSE:BIP,39.4,38.28,38.3,38.94,1.0,752492
2026-08-26,NYSE:BIP,39.06,38.68,39.0,38.85,1.0,589083
2026-08-27,NYSE:BIP,38.9236,38.59,38.75,38.88,1.0,516146
2026-08-28,NYSE:BIP,39.1,38.07,38.88,38.1,1.0,336450
2026-08-31,NYSE:BIP,37.91,37.26,37.57,37.8,1.0,631696
2026-09-01,NYSE:BIP,37.66,36.36,37.28,37.11,1.0,1496325
2026-09-02,NYSE:BIP,37.31,36.27,37.21,36.29,1.0,950545
2026-09-03,NYSE:BIP,36.915,35.92,36.32,36.84,1.0,1024908
2026-09-04,NYSE:BIP,37.27,36.43,36.43,37.13,1.0,493407
2026-09-08,NYSE:BIP,37.57,36.76,36.76,37.26,1.0,392782
2026-09-09,NYSE:BIP,37.205,36.45,37.07,36.64,1.0,584456
2026-09-10,NYSE:BIP,36.79,36.34,36.38,36.42,1.0,889341
2026-08-07,NYSE:TRTX,8.15,7.93,7.93,8.05,1.0,923255
2026-08-10,NYSE:TRTX,8.0368,7.89,8.0,7.92,1.0,894125
2026-08-11,NYSE:TRTX,8.055,7.91,7.94,8.0,1.0,914897
2026-08-12,NYSE:TRTX,8.12,7.91,8.05,7.95,1.0,1510813
2026-08-13,NYSE:TRTX,8.06,7.98,8.03,8.02,1.0,589273
2026-08-14,NYSE:TRTX,8.08,7.915,8.04,7.93,1.0,575710
2026-08-17,NYSE:TRTX,7.9625,7.91,7.93,7.94,1.0,605617
2026-08-18,NYSE:TRTX,7.995,7.82,7.99,7.9,1.0,661226
2026-08-19,NYSE:TRTX,8.079,7.915,7.96,7.92,1.0,1148717
2026-08-20,NYSE:TRTX,7.915,7.76,7.89,7.86,1.0,1246335
2026-08-21,NYSE:TRTX,7.9299,7.84,7.88,7.89,1.0,1009274
2026-08-24,NYSE:TRTX,7.955,7.805,7.93,7.82,1.0,975427
2026-08-25,NYSE:TRTX,7.88,7.71,7.86,7.8,1.0,1036341
2026-08-26,NYSE:TRTX,7.82,7.68,7.82,7.71,1.0,728133
2026-08-27,NYSE:TRTX,7.8,7.68,7.68,7.74,1.0,555790
2026-08-28,NYSE:TRTX,7.81,7.73,7.78,7.73,1.0,621618
2026-08-31,NYSE:TRTX,7.8017,7.715,7.74,7.73,1.0,626133
2026-09-01,NYSE:TRTX,7.765,7.65,7.73,7.68,1.0,705947
2026-09-02,NYSE:TRTX,7.83,7.71,7.74,7.8,1.0,533555
2026-09-03,NYSE:TRTX,7.9,7.765,7.87,7.85,1.0,592191
2026-09-04,NYSE:TRTX,7.925,7.8,7.8,7.89,1.0,488627
2026-09-08,NYSE:TRTX,7.88,7.72,7.84,7.72,1.0,578044
2026-09-09,NYSE:TRTX,7.76,7.65,7.71,7.65,1.0,589921
2026-09-10,NYSE:TRTX,7.67,7.47,7.64,7.48,1.0,969889
2026-08-07,NYSE:ORI,43.37,42.935,43.31,43.03,1.0,848804
2026-08-10,NYSE:ORI,43.05,42.11,42.81,42.47,1.0,1101065
2026-08-11,NYSE:ORI,42.71,42.05,42.2,42.43,1.0,1009083
2026-08-12,NYSE:ORI,42.72,42.07,42.08,42.47,1.0,973022
2026-08-13,NYSE:ORI,42.96,42.42,42.7,42.76,1.0,960213
2026-08-14,NYSE:ORI,42.925,42.585,42.77,42.85,1.0,746268
2026-08-17,NYSE:ORI,43.14,42.43,42.67,42.51,1.0,885241
2026-08-18,NYSE:ORI,43.12,42.37,42.93,42.37,1.0,1189899
2026-08-19,NYSE:ORI,42.585,41.75,42.54,41.88,1.0,1031455
2026-08-20,NYSE:ORI,42.245,41.61,41.73,41.8,1.0,890248
2026-08-21,NYSE:ORI,42.21,41.555,41.99,41.58,1.0,1095023
2026-08-24,NYSE:ORI,42.62,41.775,41.88,41.97,1.0,977083
2026-08-25,NYSE:ORI,42.13,41.46,41.97,42.11,1.0,1215431
2026-08-26,NYSE:ORI,42.59,42.13,42.18,42.45,1.0,820869
2026-08-27,NYSE:ORI,42.37,41.74,42.0,42.24,1.0,740210
2026-08-28,NYSE:ORI,42.555,41.935,42.42,42.07,1.0,801217
2026-08-31,NYSE:ORI,42.065,41.73,42.0,41.73,1.0,1746817
2026-09-01,NYSE:ORI,42.28,41.49,42.03,41.72,1.0,935231
2026-09-02,NYSE:ORI,42.32,41.88,41.99,42.09,1.0,995702
2026-09-03,NYSE:ORI,43.02,42.24,42.3,42.57,1.0,1094715
2026-09-04,NYSE:ORI,42.26,41.35,41.89,41.43,1.0,1388676
2026-09-08,NYSE:ORI,41.5895,40.63,40.94,40.77,1.0,1251865
2026-09-09,NYSE:ORI,40.92,40.25,40.6,40.83,1.0,1208943
2026-09-10,NYSE:ORI,41.29,40.655,40.89,40.82,1.0,1015630
2026-08-07,NYSE:ARI,6.785,6.7,6.7,6.76,1.0,1869149
2026-08-10,NYSE:ARI,6.76,6.65,6.73,6.65,1.0,2285115
2026-08-11,NYSE:ARI,6.81,6.65,6.75,6.72,1.0,2838663
2026-08-12,NYSE:ARI,6.965,6.77,6.77,6.9,1.0,9359038
2026-08-13,NYSE:ARI,6.995,6.87,6.87,6.91,1.0,3420652
2026-08-14,NYSE:ARI,6.95,6.8111,6.893,6.83,1.0,3285199
2026-08-17,NYSE:ARI,6.905,6.82,6.83,6.83,1.0,3567076
2026-08-18,NYSE:ARI,6.88,6.79,6.84,6.82,1.0,4502540
2026-08-19,NYSE:ARI,6.98,6.85,6.85,6.9,1.0,3107227
2026-08-20,NYSE:ARI,6.95,6.85,6.88,6.94,1.0,3560330
2026-08-21,NYSE:ARI,6.955,6.88,6.93,6.93,1.0,1470854
2026-08-24,NYSE:ARI,6.94,6.855,6.89,6.89,1.0,2625446
2026-08-25,NYSE:ARI,6.91,6.835,6.91,6.86,1.0,2529613
2026-08-26,NYSE:ARI,6.88,6.8,6.86,6.81,1.0,1974407
2026-08-27,NYSE:ARI,6.93,6.81,6.81,6.9,1.0,3048710
2026-08-28,NYSE:ARI,6.905,6.785,6.88,6.85,1.0,2007950
2026-08-31,NYSE:ARI,6.93,6.81,6.81,6.91,1.0,2593337
2026-09-01,NYSE:ARI,6.875,6.78,6.85,6.81,1.0,2042943
2026-09-02,NYSE:ARI,6.88,6.79,6.82,6.86,1.0,1546431
2026-09-03,NYSE:ARI,6.9,6.801,6.9,6.88,1.0,1816965
2026-09-04,NYSE:ARI,6.91,6.85,6.85,6.88,1.0,1062383
2026-09-08,NYSE:ARI,6.86,6.78,6.85,6.79,1.0,2909179
2026-09-09,NYSE:ARI,6.82,6.755,6.79,6.76,1.0,1661127
2026-09-10,NYSE:ARI,6.75,6.64,6.75,6.68,1.0,2389330
2026-08-07,NASDAQ:SLRC,13.195,12.9,12.96,13.1,1.0,397884
2026-08-10,NASDAQ:SLRC,13.07,12.8,13.07,12.97,1.0,256089
2026-08-11,NASDAQ:SLRC,12.98,12.78,12.85,12.94,1.0,398686
2026-08-12,NASDAQ:SLRC,12.94,12.81,12.93,12.83,1.0,249125
2026-08-13,NASDAQ:SLRC,13.12,12.87,12.87,13.04,1.0,381418
2026-08-14,NASDAQ:SLRC,13.13,12.88,13.04,12.89,1.0,209835
2026-08-17,NASDAQ:SLRC,12.89,12.64,12.89,12.67,1.0,322062
2026-08-18,NASDAQ:SLRC,12.74,12.625,12.67,12.65,1.0,243872
2026-08-19,NASDAQ:SLRC,12.8,12.665,12.7,12.73,1.0,253292
2026-08-20,NASDAQ:SLRC,12.8,12.56,12.66,12.58,1.0,601464
2026-08-21,NASDAQ:SLRC,12.675,12.47,12.6,12.63,1.0,424208
2026-08-24,NASDAQ:SLRC,12.73,12.55,12.64,12.71,1.0,425292
2026-08-25,NASDAQ:SLRC,12.68,12.57,12.67,12.6,1.0,283402
2026-08-26,NASDAQ:SLRC,12.66,12.475,12.59,12.51,1.0,275343
2026-08-27,NASDAQ:SLRC,12.57,12.365,12.48,12.48,1.0,307411
2026-08-28,NASDAQ:SLRC,12.6159,12.48,12.5,12.52,1.0,261733
2026-08-31,NASDAQ:SLRC,12.84,12.54,12.54,12.74,1.0,284755
2026-09-01,NASDAQ:SLRC,12.82,12.63,12.81,12.645,1.0,336298
2026-09-02,NASDAQ:SLRC,12.77,12.64,12.69,12.7,1.0,233804
2026-09-03,NASDAQ:SLRC,12.81,12.51,12.76,12.63,1.0,292636
2026-09-04,NASDAQ:SLRC,12.655,12.55,12.59,12.57,1.0,178593
2026-09-08,NASDAQ:SLRC,12.6,12.44,12.54,12.46,1.0,322012
2026-09-09,NASDAQ:SLRC,12.51,12.38,12.5,12.41,1.0,445359
2026-09-10,NASDAQ:SLRC,12.455,12.315,12.43,12.32,1.0,434747
2026-08-07,NYSE:KRP,15.39,14.9212,15.29,14.98,1.0,2352143
2026-08-10,NYSE:KRP,15.34,14.89,15.34,15.09,1.0,1466191
2026-08-11,NYSE:KRP,15.255,15.05,15.17,15.24,1.0,979088
2026-08-12,NYSE:KRP,15.35,15.08,15.32,15.2,1.0,1297816
2026-08-13,NYSE:KRP,15.1863,14.96,15.16,15.11,1.0,1391303
2026-08-14,NYSE:KRP,15.31,15.0,15.2,15.1,1.0,1556475
2026-08-17,NYSE:KRP,14.985,14.7477,14.85,14.97,1.0,855793
2026-08-18,NYSE:KRP,15.005,14.81,14.99,14.91,1.0,677569
2026-08-19,NYSE:KRP,15.06,14.91,14.97,15.04,1.0,712958
2026-08-20,NYSE:KRP,15.2461,15.055,15.1,15.17,1.0,820407
2026-08-21,NYSE:KRP,15.46,15.19,15.220999999999998,15.4,1.0,992559
2026-08-24,NYSE:KRP,15.65,15.27,15.5,15.46,1.0,1133187
2026-08-25,NYSE:KRP,15.6508,15.06,15.42,15.17,1.0,1163874
2026-08-26,NYSE:KRP,15.23,15.02,15.15,15.1,1.0,621998
2026-08-27,NYSE:KRP,15.23,14.975,15.15,15.23,1.0,615979
2026-08-28,NYSE:KRP,15.27,14.885,15.25,14.91,1.0,765636
2026-08-31,NYSE:KRP,15.2,14.87,15.19,14.95,1.0,933168
2026-09-01,NYSE:KRP,15.125,14.87,15.125,14.9,1.0,1453648
2026-09-02,NYSE:KRP,15.0268,14.86,14.87,14.94,1.0,940676
2026-09-03,NYSE:KRP,14.95,14.815,14.95,14.92,1.0,962386
2026-09-04,NYSE:KRP,14.89,14.735,14.84,14.88,1.0,831746
2026-09-08,NYSE:KRP,15.175,14.88,14.99,15.11,1.0,737137
2026-09-09,NYSE:KRP,15.28,15.12,15.15,15.17,1.0,915443
2026-09-10,NYSE:KRP,15.3,15.040999999999999,15.3,15.1,1.0,632877
2026-08-07,NYSE:STWD,16.48,15.91,15.92,16.45,1.0,7128965
2026-08-10,NYSE:STWD,16.745,16.28,16.32,16.65,1.0,6112288
2026-08-11,NYSE:STWD,16.87,16.545,16.65,16.66,1.0,3833772
2026-08-12,NYSE:STWD,16.73,16.41,16.65,16.46,1.0,4942446
2026-08-13,NYSE:STWD,16.5283,16.27,16.47,16.35,1.0,4637930
2026-08-14,NYSE:STWD,16.59,16.285,16.37,16.3,1.0,2860882
2026-08-17,NYSE:STWD,16.28,16.145,16.2,16.24,1.0,3809487
2026-08-18,NYSE:STWD,16.29,16.06,16.22,16.24,1.0,3128933
2026-08-19,NYSE:STWD,16.705,16.33,16.35,16.56,1.0,4617539
2026-08-20,NYSE:STWD,16.61,16.41,16.5,16.41,1.0,2791402
2026-08-21,NYSE:STWD,16.49,16.34,16.43,16.38,1.0,2988111
2026-08-24,NYSE:STWD,16.52,16.23,16.45,16.29,1.0,4389802
2026-08-25,NYSE:STWD,16.36,16.11,16.31,16.12,1.0,2662360
2026-08-26,NYSE:STWD,16.17,15.91,16.15,15.91,1.0,3357774
2026-08-27,NYSE:STWD,16.02,15.8,15.9,15.94,1.0,3054417
2026-08-28,NYSE:STWD,16.03,15.75,16.01,15.81,1.0,3732768
2026-08-31,NYSE:STWD,15.895,15.68,15.78,15.7,1.0,4540261
2026-09-01,NYSE:STWD,15.7,15.485,15.68,15.53,1.0,5288471
2026-09-02,NYSE:STWD,15.85,15.56,15.56,15.82,1.0,4076301
2026-09-03,NYSE:STWD,16.03,15.709000000000001,15.96,15.88,1.0,4108669
2026-09-04,NYSE:STWD,16.18,15.79,15.79,16.08,1.0,3829877
2026-09-08,NYSE:STWD,16.12,15.865,16.05,15.88,1.0,3563469
2026-09-09,NYSE:STWD,16.02,15.81,15.88,15.87,1.0,3852318
2026-09-10,NYSE:STWD,15.801,15.47,15.79,15.62,1.0,4632194
2026-08-07,NYSE:TWO,12.12,12.05,12.06,12.12,1.0,2995742
2026-08-10,NYSE:TWO,12.089,12.01,12.06,12.03,1.0,5390044
2026-08-11,NYSE:TWO,12.04,11.98,12.03,11.99,1.0,7739809
2026-08-12,NYSE:TWO,12.05,12.0,12.0,12.04,1.0,1466615
2026-08-13,NYSE:TWO,12.05,12.01,12.04,12.03,1.0,1796417
2026-08-14,NYSE:TWO,12.04,12.02,12.03,12.04,1.0,1264529
2026-08-17,NYSE:TWO,12.04,12.01,12.02,12.01,1.0,1056530
2026-08-18,NYSE:TWO,12.04,11.99,12.04,11.99,1.0,2024366
2026-08-19,NYSE:TWO,12.03,12.0,12.03,12.01,1.0,1478959
2026-08-20,NYSE:TWO,12.04,12.0,12.01,12.04,1.0,2141722
2026-08-21,NYSE:TWO,12.06,12.02,12.02,12.05,1.0,3599372
2026-08-24,NYSE:TWO,12.19,12.17,12.18,12.18,1.0,19390317
2026-08-07,NYSE:SCM,8.6285,8.3187,8.49,8.41,1.0,309514
2026-08-10,NYSE:SCM,8.5,8.2401,8.41,8.47,1.0,152401
2026-08-11,NYSE:SCM,8.97,8.5,8.5,8.8,1.0,285894
2026-08-12,NYSE:SCM,8.7991,8.51,8.74,8.76,1.0,162619
2026-08-13,NYSE:SCM,8.95,8.71,8.86,8.91,1.0,161228
2026-08-14,NYSE:SCM,8.84,8.64,8.84,8.78,1.0,191187
2026-08-17,NYSE:SCM,8.78,8.52,8.73,8.58,1.0,145519
2026-08-18,NYSE:SCM,8.69,8.53,8.58,8.58,1.0,98769
2026-08-19,NYSE:SCM,8.75,8.59,8.61,8.73,1.0,119926
2026-08-20,NYSE:SCM,8.74,8.58,8.68,8.64,1.0,70838
2026-08-21,NYSE:SCM,8.69,8.5906,8.66,8.65,1.0,42198
2026-08-24,NYSE:SCM,8.8,8.65,8.69,8.79,1.0,81243
2026-08-25,NYSE:SCM,8.83,8.62,8.75,8.66,1.0,114718
2026-08-26,NYSE:SCM,8.745,8.62,8.65,8.64,1.0,70099
2026-08-27,NYSE:SCM,8.76,8.5972,8.67,8.66,1.0,81765
2026-08-28,NYSE:SCM,8.82,8.635,8.69,8.73,1.0,141010
2026-08-31,NYSE:SCM,8.86,8.59,8.6,8.66,1.0,264108
2026-09-01,NYSE:SCM,8.8131,8.6,8.6,8.72,1.0,186077
2026-09-02,NYSE:SCM,8.8617,8.7,8.72,8.74,1.0,177022
2026-09-03,NYSE:SCM,8.87,8.66,8.8,8.7,1.0,148714
2026-09-04,NYSE:SCM,8.86,8.54,8.69,8.78,1.0,423868
2026-09-08,NYSE:SCM,8.85,8.37,8.77,8.4,1.0,202460
2026-09-09,NYSE:SCM,8.48,8.25,8.4,8.35,1.0,196025
2026-09-10,NYSE:SCM,8.365,8.09,8.34,8.19,1.0,94263
2026-08-07,NYSE:COLD,15.065,14.39,14.45,14.96,1.0,4183690
2026-08-10,NYSE:COLD,15.0,14.51,14.74,14.59,1.0,2891519
2026-08-11,NYSE:COLD,14.83,14.36,14.45,14.48,1.0,2597640
2026-08-12,NYSE:COLD,14.69,14.421,14.53,14.6,1.0,2907252
2026-08-13,NYSE:COLD,15.28,14.555,14.69,15.12,1.0,3137382
2026-08-14,NYSE:COLD,15.28,14.83,15.07,14.88,1.0,1818077
2026-08-17,NYSE:COLD,14.79,14.345,14.76,14.5,1.0,2622375
2026-08-18,NYSE:COLD,15.035,14.52,14.52,14.86,1.0,4640611
2026-08-19,NYSE:COLD,15.27,14.95,15.24,15.08,1.0,3841202
2026-08-20,NYSE:COLD,15.23,14.845,15.06,15.02,1.0,2199107
2026-08-21,NYSE:COLD,15.35,15.04,15.23,15.25,1.0,2095029
2026-08-24,NYSE:COLD,15.59,15.085,15.33,15.11,1.0,4857057
2026-08-25,NYSE:COLD,15.53,15.085,15.2,15.49,1.0,3843749
2026-08-26,NYSE:COLD,15.61,15.26,15.38,15.27,1.0,2971459
2026-08-27,NYSE:COLD,15.335,15.03,15.17,15.03,1.0,2202726
2026-08-28,NYSE:COLD,15.23,14.95,15.07,15.01,1.0,2208412
2026-08-31,NYSE:COLD,15.01,14.735,14.92,14.95,1.0,5518694
2026-09-01,NYSE:COLD,15.05,14.685,14.91,14.74,1.0,4141946
2026-09-02,NYSE:COLD,14.775,14.51,14.76,14.59,1.0,2996079
2026-09-03,NYSE:COLD,14.755,14.0,14.75,14.11,1.0,3769850
2026-09-04,NYSE:COLD,14.49,14.05,14.05,14.22,1.0,2155239
2026-09-08,NYSE:COLD,14.245,13.81,14.2,13.98,1.0,2882049
2026-09-09,NYSE:COLD,14.5978,13.66,14.03,13.67,1.0,2981144
2026-09-10,NYSE:COLD,14.16,13.5,13.66,14.12,1.0,4827009
2026-08-07,NYSE:LADR,9.825,9.53,9.56,9.76,1.0,1323291
2026-08-10,NYSE:LADR,9.755,9.52,9.71,9.63,1.0,1132357
2026-08-11,NYSE:LADR,9.95,9.67,9.68,9.92,1.0,1396490
2026-08-12,NYSE:LADR,9.99,9.845,9.89,9.86,1.0,1243249
2026-08-13,NYSE:LADR,10.08,9.88,9.93,10.04,1.0,1132204
2026-08-14,NYSE:LADR,10.59,9.94,10.04,9.98,1.0,806275
2026-08-17,NYSE:LADR,9.99,9.87,9.95,9.88,1.0,730218
2026-08-18,NYSE:LADR,9.98,9.84,9.98,9.91,1.0,1067933
2026-08-19,NYSE:LADR,10.24,9.99,10.0,10.1,1.0,1126541
2026-08-20,NYSE:LADR,10.14,9.955,10.05,9.98,1.0,795501
2026-08-21,NYSE:LADR,10.015,9.91,10.01,9.92,1.0,690031
2026-08-24,NYSE:LADR,10.045,9.96,9.96,10.02,1.0,709257
2026-08-25,NYSE:LADR,10.01,9.905,10.01,9.97,1.0,549395
2026-08-26,NYSE:LADR,10.02,9.85,10.01,9.86,1.0,670993
2026-08-27,NYSE:LADR,9.93,9.78,9.8,9.83,1.0,658026
2026-08-28,NYSE:LADR,9.89,9.795,9.85,9.82,1.0,665284
2026-08-31,NYSE:LADR,9.885,9.76,9.78,9.8,1.0,881951
2026-09-01,NYSE:LADR,9.83,9.64,9.78,9.69,1.0,1362441
2026-09-02,NYSE:LADR,9.875,9.71,9.74,9.81,1.0,944623
2026-09-03,NYSE:LADR,9.96,9.74,9.95,9.82,1.0,1274913
2026-09-04,NYSE:LADR,9.905,9.75,9.76,9.83,1.0,745503
2026-09-08,NYSE:LADR,9.83,9.71,9.78,9.78,1.0,899090
2026-09-09,NYSE:LADR,9.89,9.75,9.8,9.79,1.0,973491
2026-09-10,NYSE:LADR,9.9105,9.61,9.78,9.665,1.0,1092890
2026-08-07,NYSE:EBF,22.5,22.13,22.23,22.3,1.0,113261
2026-08-10,NYSE:EBF,22.35,21.97,22.16,22.07,1.0,120135
2026-08-11,NYSE:EBF,22.3,22.02,22.04,22.13,1.0,125475
2026-08-12,NYSE:EBF,22.2505,21.79,22.0,21.96,1.0,156955
2026-08-13,NYSE:EBF,22.22,21.83,22.12,22.08,1.0,127801
2026-08-14,NYSE:EBF,22.215,21.98,22.16,22.1,1.0,99493
2026-08-17,NYSE:EBF,22.56,22.0,22.0,22.32,1.0,243737
2026-08-18,NYSE:EBF,22.6,22.315,22.5,22.53,1.0,178601
2026-08-19,NYSE:EBF,22.94,22.26,22.56,22.35,1.0,227512
2026-08-20,NYSE:EBF,22.515,22.01,22.21,22.15,1.0,211537
2026-08-21,NYSE:EBF,22.28,21.54,22.19,21.57,1.0,350267
2026-08-24,NYSE:EBF,21.8899,21.4401,21.74,21.52,1.0,168612
2026-08-25,NYSE:EBF,21.5,21.22,21.44,21.45,1.0,116775
2026-08-26,NYSE:EBF,21.595,21.45,21.57,21.48,1.0,113189
2026-08-27,NYSE:EBF,21.51,21.28,21.39,21.47,1.0,144443
2026-08-28,NYSE:EBF,21.87,21.31,21.57,21.52,1.0,119981
2026-08-31,NYSE:EBF,21.58,21.27,21.51,21.34,1.0,135933
2026-09-01,NYSE:EBF,21.36,21.02,21.32,21.09,1.0,101453
2026-09-02,NYSE:EBF,21.23,21.0,21.14,21.09,1.0,160361
2026-09-03,NYSE:EBF,21.3699,20.89,21.23,21.3,1.0,133292
2026-09-04,NYSE:EBF,21.49,21.135,21.17,21.46,1.0,95235
2026-09-08,NYSE:EBF,21.435,21.136,21.28,21.27,1.0,204838
2026-09-09,NYSE:EBF,21.34,21.095,21.17,21.27,1.0,135094
2026-09-10,NYSE:EBF,21.305,20.84,21.25,21.155,1.0,135788
