Stock,Date,MS Fair Value,MS,Tips Target,Tips Stars,Stars,Current Price,Fair Value,Valid Fair Value,Low Price,High Price,"3 Mths
Target","3 Mths
Target %",Intrinsic Value Basic,Intrinsic Value Basic %,Intrinsic Value Adjusted,Intrinsic Value Adjusted %,🙈 Symbol,"🙈 Google
Symbol",Score,Analyst Target Price,Tip Ranks Difference
NYSE:AA,23 Jun 2026,$55.51,3,$78.71,7,0.97,$50.17,10.65%,,,,$47.98,-4.37%,$87.01,73.43%,$92.98,85.33%,AA,NYSE:AA,-0.759,$62.98,24.98%
NASDAQ:AAL,28 Jul 2025,$12.45,3,$13.73,1,1.04,$15.94,-21.89%,,,,$15.60,-2.13%,$0.00,-100.00%,$0.00,-100.00%,AAL,NASDAQ:AAL,-0.716,$19.03,-27.85%
NASDAQ:AAOI,30 Jan 2026,$36.44,3,$38.25,6,0.47,$135.63,-73.13%,,,,$125.37,-7.56%,$0.00,-100.00%,$0.00,-100.00%,AAOI,NASDAQ:AAOI,-0.948,$150.30,-74.55%
NASDAQ:AAON,22 Jan 2026,$81.94,2,$119.00,4,1.14,$94.83,-13.59%,,,,$89.16,-5.98%,$94.77,-0.07%,$88.51,-6.66%,AAON,NASDAQ:AAON,-0.716,$151.33,-21.36%
NASDAQ:AAPL,19 Jan 2026,$237.95,2,$299.69,8,0.78,$313.33,-24.06%,,,,$305.31,-2.56%,$0.00,-100.00%,$0.00,-100.00%,AAPL,NASDAQ:AAPL,-0.794,$320.89,-6.61%
NYSE:AAT,22 Apr 2026,$25.97,5,$19.00,3,1.96,$22.83,-16.78%,,,,$22.67,-0.70%,$0.00,-100.00%,$0.00,-100.00%,AAT,NYSE:AAT,-0.270,$23.50,-19.15%
NASDAQ:ABCB,12 Oct 2025,$69.25,3,$77.00,6,,$87.73,-21.06%,,,,,-100.00%,-$2.00,-102.28%,-$2.00,-102.28%,ABCB,NYSE:ABCB,-2.000,,
NYSE:ABCB,19 Nov 2025,$73.43,3,,,1.37,$87.73,-16.30%,,,,$87.17,-0.64%,$0.00,-100.00%,$0.00,-100.00%,ABCB,NYSE:ABCB,-0.542,$94.17,
NYSE:ABEV,19 Mar 2026,$3.23,4,$3.12,5,0.91,$3.00,4.00%,,,,$2.95,-1.67%,$5.40,79.87%,$6.45,115.09%,ABEV,NYSE:ABEV,-0.754,$3.33,-6.31%
NYSE:ABM,30 Aug 2025,$55.78,4,$58.40,6,1.41,$48.54,14.92%,,,,$47.89,-1.34%,$4.40,-90.93%,$24.12,-50.31%,ABM,NYSE:ABM,-0.526,$52.43,11.39%
NYSE:ABT,11 Dec 2025,$121.58,3,$147.38,6,1.04,$107.81,12.77%,,,,$104.88,-2.72%,$0.00,-100.00%,$0.00,-100.00%,ABT,NYSE:ABT,-0.694,$118.42,24.46%
NYSE:ACCO,28 Apr 2026,$4.93,5,$7.00,6,2.76,$4.41,11.90%,,,,$4.50,2.04%,$11.48,160.21%,$21.68,391.54%,ACCO,NYSE:ACCO,0.006,$7.67,-8.74%
NYSE:ACEL,18 Sep 2025,$12.91,4,$15.00,7,0.76,$12.16,6.14%,,,,$11.84,-2.63%,$0.00,-100.00%,$0.00,-100.00%,ACEL,NYSE:ACEL,-0.859,$15.50,-3.23%
NASDAQ:ACGL,29 Aug 2025,$97.27,4,$108.00,5,0.86,$98.48,-1.23%,,,,$95.84,-2.68%,$0.00,-100.00%,$0.00,-100.00%,ACGL,NASDAQ:ACGL,-0.779,$111.39,-3.04%
NYSE:ACI,21 May 2026,$24.29,3,$22.00,6,1.59,$12.01,83.18%,,,,$11.86,-1.25%,$0.00,-100.00%,$0.00,-100.00%,ACI,NYSE:ACI,-0.468,$14.19,55.04%
NASDAQ:ACIW,10 Feb 2026,$52.10,5,$63.33,2,0.64,$53.67,-2.93%,,,,$51.29,-4.43%,$0.00,-100.00%,$0.00,-100.00%,ACIW,NASDAQ:ACIW,-0.902,$66.67,-5.01%
NASDAQ:ACLS,27 May 2026,$130.64,2,$167.25,8,0.53,$140.27,-6.87%,,,,$131.49,-6.26%,$0.00,-100.00%,$0.00,-100.00%,ACLS,NASDAQ:ACLS,-0.943,$169.67,-1.43%
NASDAQ:ACMR,5 Feb 2026,$52.94,2,$43.25,9,0.56,$83.80,-48.39%,,,,$75.94,-9.38%,$0.00,-100.00%,$0.00,-100.00%,ACMR,NASDAQ:ACMR,-0.933,$102.14,-57.66%
NYSE:ACN,24 May 2026,$244.46,3,$254.70,8,1.46,$175.72,39.12%,,,,$170.39,-3.03%,$417.45,137.57%,$463.09,163.54%,ACN,NYSE:ACN,-0.489,$178.89,42.38%
NYSE:ACVA,18 Sep 2025,$10.72,3,,,0.79,$7.46,43.73%,,,,$7.17,-3.89%,$17.43,133.69%,$19.93,167.15%,ACVA,NYSE:ACVA,-0.842,$9.43,
NYSE:ADC,19 Sep 2025,$79.26,4,$81.90,8,1.54,$75.63,4.80%,,,,$75.41,-0.29%,$49.96,-33.94%,$80.89,6.96%,ADC,NYSE:ADC,-0.477,$84.86,-3.49%
NASDAQ:ADEA,5 Feb 2026,$20.67,3,,,0.83,$28.23,-26.77%,,,,$27.21,-3.61%,$0.00,-100.00%,$0.00,-100.00%,ADEA,NASDAQ:ADEA,-0.834,$37.00,
NASDAQ:ADI,4 Jan 2026,$270.08,3,$290.50,7,1.35,$389.93,-30.74%,,,,$383.31,-1.70%,$428.35,9.85%,$468.47,20.14%,ADI,NASDAQ:ADI,-0.573,$457.73,-36.53%
NASDAQ:ADIL,11 Jul 2025,$0.51,3,,,,$3.98,-87.11%,,,,,-100.00%,-$2.00,-150.25%,-$2.00,-150.25%,ADIL,NASDAQ:ADIL,-2.000,,
NASDAQ:ADP,27 Jan 2026,$279.90,4,$288.80,7,1.09,$271.32,3.16%,,,,$267.77,-1.31%,$340.59,25.53%,$362.54,33.62%,ADP,NASDAQ:ADP,-0.660,$286.67,0.74%
NASDAQ:ADTN,10 Feb 2026,$10.14,3,$12.50,8,1.21,$7.56,34.13%,,,,$7.32,-3.17%,$0.00,-100.00%,$0.00,-100.00%,ADTN,NASDAQ:ADTN,-0.685,$16.00,-21.88%
NYSE:AEM,24 Oct 2025,$79.48,1,,,1.30,$178.82,-55.55%,,,,$175.76,-1.71%,$325.30,81.91%,$379.13,112.02%,AEM,NYSE:AEM,-0.599,$214.98,
NASDAQ:AEMD,4 Dec 2025,$7.60,3,,,,$3.15,141.27%,,,,,-100.00%,-$2.00,-163.49%,-$2.00,-163.49%,AEMD,NASDAQ:AEMD,-2.000,,
NASDAQ:AEP,18 Sep 2025,$104.71,2,,,1.85,$125.73,-16.72%,,,,$124.73,-0.80%,$34.07,-72.90%,$59.51,-52.67%,AEP,NASDAQ:AEP,-0.344,$144.86,
NYSE:AER,5 Mar 2026,$119.70,1,,,1.24,$151.72,-21.10%,,,,$150.42,-0.86%,-$135.54,-189.33%,$135.90,-10.42%,AER,NYSE:AER,-0.623,$179.30,
NYSE:AES,11 Jul 2025,$13.47,3,,,1.26,$14.73,-8.59%,,,,$14.62,-0.75%,$0.00,-100.00%,$0.00,-100.00%,AES,NYSE:AES,-0.575,$15.00,
NASDAQ:AFYA,30 Jun 2026,$16.79,3,$21.00,2,1.20,$13.90,20.82%,,,,$13.41,-3.53%,$95.63,587.99%,$117.23,743.36%,AFYA,NASDAQ:AFYA,-0.648,$16.80,25.00%
NYSE:AG,12 Aug 2025,$7.66,3,,,0.59,$18.40,-58.40%,,,,$17.27,-6.14%,$0.00,-100.00%,$0.00,-100.00%,AG,NYSE:AG,-0.948,$24.75,
NYSE:AGI,24 Oct 2025,$19.15,2,,,0.81,$33.15,-42.23%,,,,$31.67,-4.46%,$37.68,13.66%,$45.73,37.95%,AGI,NYSE:AGI,-0.861,$46.25,
NYSE:AGM,11 Nov 2025,$179.75,4,$219.00,5,1.67,$235.54,-23.68%,,,,$235.24,-0.13%,"-$3,330.15",-1513.84%,"-$3,396.02",-1541.80%,AGM,NYSE:AGM,-0.412,$257.00,-14.79%
NASDAQ:AGNC,6 Aug 2026,$12.07,3,$11.25,6,2.15,$10.84,3.78%,3.78%,$11.06,$12.07,$10.75,-0.83%,$0.00,-100.00%,$0.00,-100.00%,AGNC,NASDAQ:AGNC,-0.180,$11.06,1.72%
NYSE:AGO,3 Jan 2025,$100.22,4,$105.33,1,1.12,$75.43,32.87%,,,,$74.25,-1.56%,$0.00,-100.00%,$0.00,-100.00%,AGO,NYSE:AGO,-0.684,$91.67,14.90%
NYSE:AGRO,27 Aug 2025,$9.55,4,$9.40,1,2.05,$9.45,-0.53%,,,,$9.30,-1.59%,$13.01,37.67%,$29.42,211.33%,AGRO,NYSE:AGRO,-0.311,$13.58,-30.78%
NASDAQ:AHCO,3 Dec 2025,$13.94,3,$13.67,6,0.67,$5.69,140.25%,,,,$5.47,-3.87%,$0.00,-100.00%,$0.00,-100.00%,AHCO,NASDAQ:AHCO,-0.926,$12.57,8.75%
NYSE:AIG,17 Jul 2025,$84.76,3,$90.60,5,1.33,$78.78,7.59%,,,,$77.52,-1.60%,$0.00,-100.00%,$0.00,-100.00%,AIG,NYSE:AIG,-0.571,$88.55,2.32%
NASDAQ:AIMD,29 Jan 2026,$2.10,3,,,,$1.50,40.27%,,,,,-100.00%,-$2.00,-233.33%,-$2.00,-233.33%,AIMD,NASDAQ:AIMD,-2.000,,
NYSE:AIN,15 Aug 2025,$77.61,3,$66.80,4,0.89,$62.71,6.52%,,,,$59.60,-4.96%,$0.00,-100.00%,$0.00,-100.00%,AIN,NYSE:AIN,-0.729,$60.25,10.87%
NASDAQ:AIP,5 Feb 2026,$16.04,3,$20.50,7,0.57,$29.78,-46.14%,,,,$28.35,-4.80%,$0.00,-100.00%,$0.00,-100.00%,AIP,NASDAQ:AIP,-0.947,$38.50,-46.75%
NASDAQ:AIRS,23 Aug 2025,$6.69,3,$5.00,5,0.88,$5.01,-0.20%,,,,$4.70,-6.19%,$6.28,25.41%,$8.09,61.50%,AIRS,NASDAQ:AIRS,-0.797,$6.25,-20.00%
NYSE:AIV,6 Aug 2026,$3.23,3,,3,4.49,$2.66,21.47%,21.47%,$3.23,$7.00,$2.81,5.64%,-$5.71,-314.61%,-$3.89,-246.32%,AIV,NYSE:AIV,0.774,$7.00,
NYSE:AIZ,29 Aug 2025,$221.82,3,$239.50,10,1.18,$289.55,-23.39%,,,,$286.70,-0.98%,$0.00,-100.00%,$0.00,-100.00%,AIZ,NYSE:AIZ,-0.625,$309.50,-22.62%
NASDAQ:AKAM,11 Feb 2026,$114.28,5,$103.73,9,0.64,$110.54,-6.16%,,,,$106.02,-4.09%,$0.00,-100.00%,$0.00,-100.00%,AKAM,NASDAQ:AKAM,-0.937,$158.21,-34.44%
NYSE:AL,2 Jan 2026,$58.27,3,$66.50,5,,,#DIV/0!,,,,,#DIV/0!,-$2.00,#DIV/0!,-$2.00,#DIV/0!,AL,NYSE:AL,-2.000,,
NASDAQ:ALAB,27 Jan 2026,$140.56,1,$194.64,5,0.51,$334.17,-57.94%,,,,$318.15,-4.79%,$0.00,-100.00%,$0.00,-100.00%,ALAB,NASDAQ:ALAB,-0.922,$354.38,-45.08%
NYSE:ALC,27 Aug 2025,$81.45,1,,,0.98,$71.81,13.42%,,,,$69.25,-3.56%,$94.09,31.02%,$132.51,84.53%,ALC,NYSE:ALC,-0.746,$87.32,
NYSE:ALEX,18 Nov 2025,$16.62,4,$21.00,5,3.04,$20.84,-20.26%,,,,$0.00,-100.00%,$20.80,-0.20%,$26.28,26.13%,ALEX,NYSE:ALEX,-1.000,$21.00,0.00%
NASDAQ:ALGM,19 Jan 2026,$25.92,2,$39.14,8,0.68,$43.77,-40.79%,,,,$41.57,-5.03%,$0.00,-100.00%,$0.00,-100.00%,ALGM,NASDAQ:ALGM,-0.884,$54.36,-28.00%
NYSE:ALIT,11 Feb 2026,$3.53,3,$3.67,5,1.23,$15.12,-76.62%,,,,$14.87,-1.65%,$0.00,-100.00%,$0.00,-100.00%,ALIT,NYSE:ALIT,-0.677,$44.00,-91.66%
NYSE:ALL,28 Apr 2026,$199.62,2,$248.30,5,0.85,$267.00,-25.24%,,,,$262.53,-1.67%,$0.00,-100.00%,$0.00,-100.00%,ALL,NYSE:ALL,-0.744,$254.68,-2.51%
NYSE:ALLE,24 Oct 2025,$165.38,3,,,1.02,$168.94,-2.11%,,,,$165.14,-2.25%,$272.53,61.32%,$299.88,77.51%,ALLE,NYSE:ALLE,-0.685,$173.00,
NYSE:ALLY,29 Jun 2026,$48.35,3,$53.00,9,1.79,$43.72,10.60%,,,,$43.64,-0.18%,$0.00,-100.00%,$0.00,-100.00%,ALLY,NYSE:ALLY,-0.387,$53.70,-1.30%
NASDAQ:ALNT,4 Feb 2026,$50.47,2,,,0.35,$112.81,-55.26%,,,,$106.70,-5.42%,$0.00,-100.00%,$0.00,-100.00%,ALNT,NASDAQ:ALNT,-0.905,$76.80,
NASDAQ:ALRM,11 Feb 2026,$60.94,3,$85.00,1,0.53,$57.53,5.93%,,,,$53.71,-6.64%,$0.00,-100.00%,$0.00,-100.00%,ALRM,NASDAQ:ALRM,-0.909,$60.00,41.67%
NASDAQ:ALRS,27 Oct 2025,$24.54,3,$25.63,7,1.39,$33.23,-26.16%,,,,$33.04,-0.57%,$0.00,-100.00%,$0.00,-100.00%,ALRS,NASDAQ:ALRS,-0.528,$35.40,-27.60%
NYSE:ALSN,22 Sep 2025,$99.81,4,$98.14,3,1.09,$118.88,-17.45%,,,,$114.32,-3.84%,$0.00,-100.00%,$0.00,-100.00%,ALSN,NYSE:ALSN,-0.683,$138.20,-28.99%
NASDAQ:ALT,23 Dec 2025,$9.35,5,$13.00,2,0.74,$3.08,203.57%,,,,$2.91,-5.52%,$2.33,-24.36%,$2.34,-24.08%,ALT,NASDAQ:ALT,-0.895,$17.22,-24.51%
NASDAQ:ALTS,12 Aug 2025,$5.33,2,,,,,#DIV/0!,,,,,#DIV/0!,-$2.00,#DIV/0!,-$2.00,#DIV/0!,ALTS,NASDAQ:ALTS,-2.000,,
NASDAQ:ALVO,23 Aug 2025,$8.66,3,,,0.82,$3.81,127.35%,,,,$3.64,-4.46%,$0.61,-83.92%,$1.62,-57.50%,ALVO,NASDAQ:ALVO,-0.856,$5.75,
NASDAQ:AMAL,2 Oct 2025,$30.65,3,,1,1.05,$49.80,-38.45%,,,,$49.16,-1.29%,$0.00,-100.00%,$0.00,-100.00%,AMAL,NASDAQ:AMAL,-0.681,$53.50,
NYSE:AMBP,29 Aug 2025,$5.14,4,,6,2.66,$5.04,1.96%,,,,$5.12,1.59%,$8.47,68.10%,$16.29,223.23%,AMBP,NYSE:AMBP,0.045,$5.15,
NYSE:AMBQ,29 Jan 2026,$40.84,3,,,0.54,$67.49,-39.49%,,,,$62.72,-7.07%,$0.00,-100.00%,$0.00,-100.00%,AMBQ,NYSE:AMBQ,-0.941,$81.67,
NYSE:AMCR,21 May 2026,$52.70,5,$46.80,4,1.26,$47.86,-2.21%,,,,$46.67,-2.49%,$31.54,-34.09%,$24.90,-47.98%,AMCR,NYSE:AMCR,-0.576,$48.36,-3.23%
NASDAQ:AMD,28 Jan 2026,$229.36,2,$286.66,9,0.59,$483.36,-52.55%,,,,$459.48,-4.94%,$0.00,-100.00%,$0.00,-100.00%,AMD,NASDAQ:AMD,-0.930,$608.23,-52.87%
NYSE:AME,19 Nov 2025,$189.82,2,$220.17,2,0.66,$253.66,-25.17%,,,,$245.73,-3.13%,$0.00,-100.00%,$0.00,-100.00%,AME,NYSE:AME,-0.852,$268.17,-17.90%
NASDAQ:AMPG,9 Feb 2026,$2.53,3,$9.00,7,0.66,$5.80,-56.41%,,,,$5.36,-7.59%,$4.92,-15.20%,$5.03,-13.32%,AMPG,NASDAQ:AMPG,-0.884,$7.00,28.57%
NASDAQ:AMPL,5 Feb 2026,$11.31,4,$15.17,4,0.45,$11.26,0.44%,,,,$10.41,-7.55%,$0.00,-100.00%,$0.00,-100.00%,AMPL,NASDAQ:AMPL,-0.935,$11.36,33.54%
NYSE:AMPY,20 Mar 2026,$8.49,3,$7.25,8,0.74,$4.03,79.90%,,,,$3.90,-3.23%,$0.00,-100.00%,$0.00,-100.00%,AMPY,NYSE:AMPY,-0.894,$8.75,-17.14%
NASDAQ:AMSC,29 Oct 2025,$40.66,2,,,0.65,$32.77,24.08%,,,,$30.16,-7.96%,$0.00,-100.00%,$0.00,-100.00%,AMSC,NASDAQ:AMSC,-0.933,$62.50,
NASDAQ:AMSF,26 Aug 2025,$45.99,3,,,2.39,$29.12,57.92%,,,,$29.32,0.69%,$0.00,-100.00%,$0.00,-100.00%,AMSF,NASDAQ:AMSF,-0.123,$35.67,
NYSE:AMTB,19 Nov 2025,$19.34,3,$21.00,4,0.81,$28.91,-33.10%,,,,$28.04,-3.01%,$0.00,-100.00%,$0.00,-100.00%,AMTB,NYSE:AMTB,-0.794,$31.88,-34.13%
NASDAQ:AMTX,4 Sep 2025,$3.19,3,,5,0.63,$1.72,85.23%,,,,$1.51,-12.21%,$0.00,-100.00%,$0.00,-100.00%,AMTX,NASDAQ:AMTX,-0.943,$13.88,
NASDAQ:AMWD,30 Aug 2025,$86.63,3,,6,,,#DIV/0!,,,,,#DIV/0!,-$2.00,#DIV/0!,-$2.00,#DIV/0!,AMWD,NASDAQ:AMWD,-2.000,,
NYSE:AMX,23 Jun 2026,$26.38,3,$28.60,8,2.03,$23.75,11.06%,,,,$23.88,0.55%,$34.94,47.10%,$71.80,202.31%,AMX,NYSE:AMX,-0.284,$29.44,-2.85%
NYSE:ANF,21 Sep 2025,$118.40,3,,1,0.70,$112.62,5.13%,,,,$106.07,-5.82%,$296.84,163.58%,$147.34,30.83%,ANF,NYSE:ANF,-0.814,$109.09,
NYSE:AON,29 Aug 2025,$347.01,2,,,0.96,$358.30,-3.15%,,,,$349.94,-2.33%,$322.22,-10.07%,$389.89,8.82%,AON,NYSE:AON,-0.735,$402.47,
NYSE:AORT,11 Dec 2025,$47.98,3,$51.71,4,0.63,$27.12,76.92%,,,,$25.71,-5.20%,$0.00,-100.00%,$0.00,-100.00%,AORT,NYSE:AORT,-0.943,$42.00,23.12%
NYSE:AOS,14 Jan 2026,$71.54,4,$76.86,8,1.10,$63.98,11.82%,,,,$62.03,-3.05%,$120.13,87.76%,$134.63,110.43%,AOS,NYSE:AOS,-0.664,$69.91,9.94%
NASDAQ:AOSL,5 Feb 2026,$36.47,3,$24.33,6,0.94,$36.08,-32.57%,,,,$33.51,-7.12%,$42.28,17.18%,$63.83,76.92%,AOSL,NASDAQ:AOSL,-0.782,$47.00,-48.23%
NASDAQ:APA,12 Aug 2025,$28.49,3,,7,1.38,$37.63,-24.30%,,,,$35.57,-5.47%,$0.00,-100.00%,$0.00,-100.00%,APA,NASDAQ:APA,-0.544,$41.62,
NYSE:APAM,25 Feb 2026,$47.32,4,$45.00,6,2.47,$42.55,5.76%,,,,$43.04,1.15%,$0.00,-100.00%,$0.00,-100.00%,APAM,NYSE:APAM,-0.012,$38.25,17.65%
NYSE:APD,30 Aug 2025,$296.29,3,,8,1.23,$303.44,-2.36%,,,,$293.94,-3.13%,$227.85,-24.91%,$315.94,4.12%,APD,NYSE:APD,-0.615,$343.26,
NASDAQ:APEI,15 Oct 2025,$34.52,3,,,1.13,$51.24,-32.63%,,,,$50.48,-1.48%,$193.42,277.48%,$205.52,301.10%,APEI,NASDAQ:APEI,-0.681,$62.17,
NYSE:APH,22 Jan 2026,$121.05,1,$163.27,10,1.40,$169.18,-28.45%,,,,$166.29,-1.71%,$210.74,24.56%,$227.98,34.76%,APH,NYSE:APH,-0.550,$198.06,-17.57%
NASDAQ:API,24 Aug 2025,$3.05,3,,,0.57,$4.46,-31.73%,,,,$3.99,-10.54%,$6.05,35.70%,$7.68,72.14%,API,NASDAQ:API,-0.947,$5.80,
NASDAQ:APOG,5 May 2025,$66.39,5,,2,1.62,$43.52,52.55%,,,,$43.13,-0.90%,$32.05,-26.34%,$55.14,26.71%,APOG,NASDAQ:APOG,-0.415,$44.00,
NYSE:AQN,26 Aug 2025,$6.14,4,,8,1.37,$5.74,7.03%,,,,$5.52,-3.83%,$0.00,-100.00%,$0.00,-100.00%,AQN,NYSE:AQN,-0.564,$6.75,
NYSE:AR,20 Aug 2025,$31.31,3,,,0.76,$34.71,-9.80%,,,,$33.69,-2.94%,$62.32,79.55%,$90.21,159.89%,AR,NYSE:AR,-0.882,$49.10,
NASDAQ:ARAI,10 Feb 2026,$3.71,3,,,,$0.27,1275.15%,,,,,-100.00%,-$2.00,-840.74%,-$2.00,-840.74%,ARAI,NASDAQ:ARAI,-2.000,,
NASDAQ:ARAY,11 Dec 2025,$1.27,4,$4.00,4,,$0.28,353.57%,,,,,-100.00%,-$2.00,-814.29%,-$2.00,-814.29%,ARAY,NASDAQ:ARAY,-2.000,,
NASDAQ:ARCC,30 Mar 2026,$19.78,3,$20.83,9,2.19,$20.01,-1.17%,,,,$19.74,-1.35%,$19.55,-2.28%,$20.76,3.77%,ARCC,NASDAQ:ARCC,-0.167,$20.62,1.02%
NYSE:ARCO,29 Aug 2025,$10.31,3,,9,1.66,$8.24,25.08%,,,,$8.18,-0.73%,-$3.96,-148.09%,$5.47,-33.58%,ARCO,NYSE:ARCO,-0.477,$11.29,
NASDAQ:ARHS,7 Jul 2025,$13.03,3,,4,1.04,$9.60,35.70%,,,,$9.15,-4.69%,$0.00,-100.00%,$0.00,-100.00%,ARHS,NASDAQ:ARHS,-0.657,$9.00,
NASDAQ:ARKO,26 Aug 2025,$6.50,3,,,1.02,$5.66,14.92%,,,,$5.49,-3.00%,$0.00,-100.00%,$0.00,-100.00%,ARKO,NASDAQ:ARKO,-0.771,$9.50,
NASDAQ:ARLP,29 Jun 2026,$24.48,1,,,2.15,$24.62,-0.57%,,,,$24.41,-0.85%,"$17,970.90",72893.09%,"$17,976.24",72914.77%,ARLP,NASDAQ:ARLP,-0.238,$31.17,
NASDAQ:ARM,19 Jan 2026,$90.86,2,$170.59,1,0.56,$282.57,-67.84%,,,,$267.55,-5.32%,$321.79,13.88%,$326.23,15.45%,ARM,NASDAQ:ARM,-0.886,$286.79,-40.52%
NASDAQ:AROW,2 Oct 2025,$52.81,3,$48.67,4,1.53,$39.40,23.53%,,,,$39.36,-0.10%,$0.00,-100.00%,$0.00,-100.00%,AROW,NASDAQ:AROW,-0.475,$43.33,12.32%
NYSE:ARX,13 Nov 2025,$14.59,3,,,0.65,$12.46,17.10%,,,,$11.68,-6.26%,$0.00,-100.00%,$0.00,-100.00%,ARX,NYSE:ARX,-0.932,$19.11,
NYSE:ASB,10 Apr 2025,$23.54,5,,6,1.84,$31.28,-24.75%,,,,$31.07,-0.67%,$0.00,-100.00%,$0.00,-100.00%,ASB,NYSE:ASB,-0.334,$34.00,
NYSE:ASGN,20 Feb 2026,$71.47,3,$56.80,5,,,#DIV/0!,,,,,#DIV/0!,-$2.00,#DIV/0!,-$2.00,#DIV/0!,ASGN,NYSE:ASGN,-2.000,,
NYSE:ASH,14 May 2025,$83.18,3,,4,1.05,$76.45,8.81%,,,,$71.17,-6.91%,$104.38,36.54%,$148.91,94.78%,ASH,NYSE:ASH,-0.673,$78.09,
NASDAQ:ASML,30 Aug 2025,$871.20,3,,10,1.76,"$1,740.99",-49.96%,,,,"$1,723.64",-1.00%,"$2,224.41",27.77%,"$2,272.03",30.50%,ASML,NASDAQ:ASML,-0.407,"$2,172.26",
NASDAQ:ASPI,19 Nov 2025,$6.33,3,$13.00,3,0.64,$4.43,42.97%,,,,$3.96,-10.61%,$3.11,-29.72%,$3.15,-28.97%,ASPI,NASDAQ:ASPI,-0.936,$13.00,0.00%
NYSE:ASR,10 Jul 2025,$344.93,4,,7,2.31,$276.68,24.67%,,,,$278.77,0.76%,-$561.84,-303.07%,$904.97,227.08%,ASR,NYSE:ASR,-0.164,$347.53,
NASDAQ:ASTS,29 Jan 2026,$76.75,2,$91.68,6,0.69,$71.94,6.69%,,,,$66.13,-8.08%,$65.43,-9.04%,$65.97,-8.30%,ASTS,NASDAQ:ASTS,-0.855,$80.48,13.92%
NYSE:ASX,19 Jan 2026,$16.81,2,,,1.91,$37.39,-55.04%,,,,$36.66,-1.95%,$29.79,-20.34%,$38.09,1.87%,ASX,NYSE:ASX,-0.347,$48.00,
NASDAQ:ATEC,11 Dec 2025,$16.73,3,$23.17,2,0.63,$9.31,79.70%,,,,$8.70,-6.55%,$0.00,-100.00%,$0.00,-100.00%,ATEC,NASDAQ:ATEC,-0.943,$15.71,47.49%
NYSE:ATEN,20 Jan 2026,$18.80,3,$23.25,7,0.72,$26.84,-29.96%,,,,$26.11,-2.72%,$0.00,-100.00%,$0.00,-100.00%,ATEN,NYSE:ATEN,-0.884,$35.60,-34.69%
NYSE:ATGE,15 Oct 2025,$131.23,2,,,,,#DIV/0!,,,,,#DIV/0!,-$2.00,#DIV/0!,-$2.00,#DIV/0!,ATGE,NYSE:ATGE,-2.000,,
NYSE:ATI,30 Aug 2025,$63.00,2,,7,0.39,$227.84,-72.35%,,,,$213.90,-6.12%,$0.00,-100.00%,$0.00,-100.00%,ATI,NYSE:ATI,-0.934,$200.33,
NASDAQ:ATOM,10 Feb 2026,$5.03,3,,1,0.66,$5.48,-8.13%,,,,$5.10,-6.93%,$0.00,-100.00%,$0.00,-100.00%,ATOM,NASDAQ:ATOM,-0.927,$10.00,
NYSE:ATS,31 Oct 2025,$26.18,3,,,0.68,$21.13,23.90%,,,,$19.71,-6.72%,$0.00,-100.00%,$0.00,-100.00%,ATS,NYSE:ATS,-0.922,$35.00,
NYSE:AU,20 Aug 2025,$29.75,2,,,1.49,$96.22,-69.08%,,,,$95.06,-1.21%,$243.26,152.82%,$247.87,157.61%,AU,NYSE:AU,-0.510,$113.12,
NYSE:AUB,20 Jan 2026,$40.52,3,$42.50,6,1.67,$41.78,-3.02%,,,,$40.85,-2.23%,$0.00,-100.00%,$0.00,-100.00%,AUB,NYSE:AUB,-0.421,$47.00,-9.57%
NASDAQ:AUDC,26 Mar 2026,$12.39,3,$12.50,5,1.37,$9.94,24.64%,,,,$9.81,-1.31%,$0.00,-100.00%,$0.00,-100.00%,AUDC,NASDAQ:AUDC,-0.583,$12.50,0.00%
NASDAQ:AUR,5 Feb 2026,$5.15,3,,,1.00,$7.06,-27.11%,,,,$6.80,-3.68%,$6.00,-15.03%,$6.04,-14.49%,AUR,NASDAQ:AUR,-0.776,$11.22,
NYSE:AVB,18 Sep 2025,$217.02,5,,7,1.46,$187.55,15.71%,,,,$185.28,-1.21%,$0.00,-100.00%,$0.00,-100.00%,AVB,NYSE:AVB,-0.499,$201.33,
NASDAQ:AVGO,26 May 2026,$447.08,3,$478.56,9,1.35,$427.76,4.52%,,,,$419.48,-1.94%,$546.81,27.83%,$576.80,34.84%,AVGO,NASDAQ:AVGO,-0.584,$527.88,-9.34%
NYSE:AVNS,11 Dec 2025,$18.52,3,,5,,$24.99,-25.89%,,,,,-100.00%,-$2.00,-108.00%,-$2.00,-108.00%,AVNS,NYSE:AVNS,-2.000,,
NASDAQ:AVNW,23 Jul 2026,$28.01,3,$32.00,7,0.88,$21.12,32.62%,32.62%,$28.01,$32.00,$20.42,-3.31%,$30.79,45.78%,$27.88,32.02%,AVNW,NASDAQ:AVNW,-0.830,$31.62,1.20%
NASDAQ:AVT,30 Aug 2025,$60.84,5,,1,0.84,$96.53,-36.97%,,,,$91.72,-4.98%,$0.00,-100.00%,$0.00,-100.00%,AVT,NASDAQ:AVT,-0.746,$89.50,
NASDAQ:AVTX,23 Dec 2025,$33.36,4,$37.40,3,0.68,$18.32,82.10%,,,,$17.30,-5.57%,$0.00,-100.00%,$0.00,-100.00%,AVTX,NASDAQ:AVTX,-0.922,$44.69,-16.31%
NYSE:AVY,30 Aug 2025,$186.52,3,,1,1.30,$177.18,5.27%,,,,$172.49,-2.65%,$387.42,118.66%,$461.60,160.53%,AVY,NYSE:AVY,-0.587,$201.80,
NYSE:AX,19 Nov 2025,$76.16,3,$103.25,5,0.68,$100.04,-23.87%,,,,$96.82,-3.22%,$0.00,-100.00%,$0.00,-100.00%,AX,NYSE:AX,-0.872,$118.43,-12.82%
NYSE:B,24 Oct 2025,$29.72,2,,,1.56,$43.68,-31.96%,,,,$43.16,-1.19%,$97.67,123.61%,$117.35,168.66%,B,NYSE:B,-0.486,$52.87,
NYSE:BA,9 Apr 2025,$179.31,5,,9,1.17,$234.42,-23.51%,,,,$228.99,-2.32%,$110.41,-52.90%,$90.68,-61.32%,BA,NYSE:BA,-0.649,$273.35,
NYSE:BABA,20 Aug 2025,$133.65,4,,7,0.84,$128.41,4.08%,,,,$123.23,-4.03%,$205.03,59.67%,$245.86,91.46%,BABA,NYSE:BABA,-0.848,$190.13,
NYSE:BAC,14 Aug 2025,$45.19,3,,6,1.46,$63.17,-28.47%,,,,$62.29,-1.39%,$0.00,-100.00%,$0.00,-100.00%,BAC,NYSE:BAC,-0.505,$68.77,
NYSE:BALL,20 Aug 2025,$67.98,3,,6,0.96,$63.45,7.14%,,,,$61.55,-2.99%,$0.00,-100.00%,$0.00,-100.00%,BALL,NYSE:BALL,-0.740,$72.57,
NYSE:BANC,19 Nov 2025,$18.77,3,$20.69,3,1.31,$18.73,0.21%,,,,$18.58,-0.80%,$0.00,-100.00%,$0.00,-100.00%,BANC,NYSE:BANC,-0.593,$22.27,-7.09%
NASDAQ:BANF,1 Jun 2026,$118.00,3,$125.00,2,1.31,$113.01,4.41%,,,,$111.76,-1.11%,$0.00,-100.00%,$0.00,-100.00%,BANF,NASDAQ:BANF,-0.576,$125.00,0.00%
NASDAQ:BANR,19 Nov 2025,$63.81,3,$71.50,3,1.81,$70.67,-9.71%,,,,$70.31,-0.51%,$0.00,-100.00%,$0.00,-100.00%,BANR,NASDAQ:BANR,-0.345,$76.17,-6.13%
NYSE:BAP,27 May 2026,$279.24,2,,,2.38,$386.93,-27.83%,,,,$396.12,2.38%,$353.74,-8.58%,$277.83,-28.20%,BAP,NYSE:BAP,-0.084,$404.51,
NYSE:BB,18 Aug 2025,$3.38,3,,6,0.68,$8.98,-62.38%,,,,$8.66,-3.56%,$8.49,-5.45%,$8.94,-0.41%,BB,NYSE:BB,-0.849,$9.71,
NYSE:BBAI,9 Feb 2026,$4.92,3,$6.33,2,0.56,$3.27,50.46%,,,,$2.94,-10.09%,$0.00,-100.00%,$0.00,-100.00%,BBAI,NYSE:BBAI,-0.933,$4.00,58.25%
NYSE:BBD,1 Jun 2026,$3.72,3,,5,0.82,$3.37,10.45%,,,,$3.28,-2.67%,$0.00,-100.00%,$0.00,-100.00%,BBD,NYSE:BBD,-0.839,$4.42,
NASDAQ:BBNX,11 Dec 2025,$41.35,4,,,0.73,$15.90,160.06%,,,,$13.72,-13.71%,$13.22,-16.85%,$13.35,-16.01%,BBNX,NASDAQ:BBNX,-0.866,$20.08,
NYSE:BBT,19 Nov 2025,$27.72,3,,,1.94,$31.51,-12.03%,,,,$31.49,-0.06%,$0.00,-100.00%,$0.00,-100.00%,BBT,NYSE:BBT,-0.293,$34.83,
NYSE:BBVA,9 Sep 2025,$17.20,3,,9,1.70,$28.35,-39.32%,,,,$28.40,0.18%,$0.00,-100.00%,$0.00,-100.00%,BBVA,NYSE:BBVA,-0.349,$24.53,
NYSE:BBW,15 Aug 2025,$41.34,2,,8,1.67,$36.86,12.16%,,,,$34.99,-5.07%,$89.48,142.75%,$108.81,195.20%,BBW,NYSE:BBW,-0.481,$61.25,
NYSE:BBWI,24 Mar 2026,$46.95,3,$23.83,5,1.83,$20.36,17.04%,,,,$19.94,-2.06%,$32.18,58.05%,$44.36,117.90%,BBWI,NYSE:BBWI,-0.372,$25.20,-5.44%
NYSE:BBY,30 Aug 2025,$87.98,3,,5,1.33,$82.00,7.29%,,,,$78.76,-3.95%,$80.14,-2.27%,$117.29,43.03%,BBY,NYSE:BBY,-0.537,$80.40,
NYSE:BCH,19 Nov 2025,$33.72,2,,,2.92,$41.42,-18.59%,,,,$43.55,5.14%,"-$77,599.66",-187448.30%,"-$77,599.07",-187446.85%,BCH,NYSE:BCH,0.177,$39.14,
NYSE:BCS,19 Aug 2025,$17.24,2,,,1.80,$27.93,-38.27%,,,,$27.93,0.00%,-$74.00,-364.96%,-$74.00,-364.96%,BCS,NYSE:BCS,-0.349,$30.09,
NYSE:BCSF,25 Feb 2026,$14.48,3,$15.00,6,2.26,$13.11,10.47%,,,,$13.01,-0.76%,$7.22,-44.93%,$7.16,-45.36%,BCSF,NYSE:BCSF,-0.142,$13.83,8.46%
NYSE:BDC,27 Jan 2026,$129.16,4,$147.50,3,0.79,$132.82,-2.76%,,,,$126.14,-5.03%,$164.40,23.78%,$199.08,49.89%,BDC,NYSE:BDC,-0.816,$152.75,-3.44%
NASDAQ:BELFA,26 Jan 2026,$136.39,2,,,1.36,$233.55,-41.60%,,,,$229.47,-1.75%,$563.31,141.20%,$682.95,192.42%,BELFA,NASDAQ:BELFA,-0.617,$333.33,
NASDAQ:BELFB,26 Jan 2026,$149.36,2,,,0.64,$291.59,-48.78%,,,,$281.04,-3.62%,$0.00,-100.00%,$0.00,-100.00%,BELFB,NASDAQ:BELFB,-0.876,$323.89,
NYSE:BF.A,24 May 2026,$36.21,3,,,1.31,$29.06,24.60%,,,,$28.60,-1.58%,$61.94,113.13%,$67.41,131.96%,BF.A,NYSE:BF.A,-0.476,,
NYSE:BF.B,26 Mar 2026,$32.79,5,,,1.40,$28.52,14.98%,,,,$28.07,-1.58%,$47.34,66.01%,$50.52,77.14%,BF.B,NYSE:BF.B,-0.506,$27.79,
NYSE:BFAM,1 Sep 2025,$119.95,3,,8,0.60,$73.38,63.46%,,,,$70.45,-3.99%,$0.00,-100.00%,$0.00,-100.00%,BFAM,NYSE:BFAM,-0.917,$89.44,
NASDAQ:BFC,21 Oct 2025,$117.45,3,$137.00,6,0.93,$153.42,-23.44%,,,,$151.17,-1.47%,$0.00,-100.00%,$0.00,-100.00%,BFC,NASDAQ:BFC,-0.732,$163.00,-15.95%
NYSE:BFLY,16 Dec 2025,$4.29,3,$4.25,7,0.67,$8.83,-51.87%,,,,$8.19,-7.25%,$0.00,-100.00%,$0.00,-100.00%,BFLY,NYSE:BFLY,-0.818,$8.06,-47.27%
NYSE:BFS,23 Dec 2025,$44.26,3,,5,1.99,$34.01,30.14%,,,,$32.92,-3.20%,$0.00,-100.00%,$0.00,-100.00%,BFS,NYSE:BFS,-0.312,$43.50,
NASDAQ:BFST,27 May 2026,$30.53,3,$33.00,3,1.32,$31.66,-3.56%,,,,$31.12,-1.71%,$0.00,-100.00%,$0.00,-100.00%,BFST,NASDAQ:BFST,-0.569,$34.70,-4.90%
NYSEAMERICAN:BHB,10 Oct 2025,$29.37,1,,,,$39.74,-26.09%,,,,,-100.00%,-$2.00,-105.03%,-$2.00,-105.03%,BHB,NYSEAMERICAN:BHB,-2.000,,
NYSE:BHE,2 Feb 2026,$52.61,3,$56.00,6,1.07,$82.36,-36.12%,,,,$80.06,-2.79%,$90.84,10.30%,$103.82,26.05%,BHE,NYSE:BHE,-0.668,$86.00,-34.88%
NYSE:BHP,11 Dec 2025,$58.46,3,$49.75,6,0.85,$90.41,-44.97%,,,,$88.26,-2.38%,$0.00,-100.00%,$0.00,-100.00%,BHP,NYSE:BHP,-0.716,$73.64,-32.44%
NASDAQ:BHRB,19 Nov 2025,$66.02,3,$72.00,5,1.39,$73.42,-10.08%,,,,$72.78,-0.87%,$0.00,-100.00%,$0.00,-100.00%,BHRB,NASDAQ:BHRB,-0.536,$80.00,-10.00%
NYSE:BIO,11 Dec 2025,$345.93,4,$357.50,4,0.56,$352.47,-1.86%,,,,$330.95,-6.11%,$0.00,-100.00%,$0.00,-100.00%,BIO,NYSE:BIO,-0.864,$321.00,11.37%
NYSE:BIRK,8 Mar 2026,$48.62,3,$58.44,5,0.87,$38.45,26.45%,,,,$36.24,-5.75%,$30.98,-19.43%,$44.02,14.50%,BIRK,NYSE:BIRK,-0.830,$52.67,10.96%
NYSE:BJ,20 Aug 2025,$90.76,0,,1,0.97,$96.48,-5.93%,,,,$95.12,-1.41%,$87.66,-9.14%,$73.96,-23.34%,BJ,NYSE:BJ,-0.717,$102.60,
NYSE:BKD,30 Aug 2025,$9.20,4,,6,1.30,$14.22,-35.30%,,,,$14.08,-0.98%,-$6.72,-147.25%,$3.81,-73.23%,BKD,NYSE:BKD,-0.639,$19.58,
NYSE:BKE,13 Apr 2026,$50.82,3,$53.00,5,2.03,$45.94,10.62%,,,,$45.47,-1.02%,$69.59,51.48%,$74.48,62.13%,BKE,NYSE:BKE,-0.238,$47.00,12.77%
NASDAQ:BKR,30 Jun 2026,$56.35,3,$74.62,6,1.86,$61.55,-8.46%,,,,$61.81,0.42%,$109.60,78.07%,$131.48,113.62%,BKR,NASDAQ:BKR,-0.341,$71.45,4.44%
NYSEAMERICAN:BKTI,10 Feb 2026,$81.00,,,8,,$77.72,4.22%,,,,,-100.00%,-$2.00,-102.57%,-$2.00,-102.57%,BKTI,NYSEAMERICAN:BKTI,-2.000,,
NYSE:BKU,19 Nov 2025,$43.87,3,,,1.33,$46.46,-5.57%,,,,$45.98,-1.03%,$0.00,-100.00%,$0.00,-100.00%,BKU,NYSE:BKU,-0.562,$50.36,
NASDAQ:BL,29 Jan 2026,$60.96,4,$59.00,6,0.61,$29.55,99.66%,,,,$28.32,-4.16%,$0.00,-100.00%,$0.00,-100.00%,BL,NASDAQ:BL,-0.932,$38.80,52.06%
NYSE:BLD,30 Aug 2025,$467.93,3,,3,,,#DIV/0!,,,,,#DIV/0!,-$2.00,#DIV/0!,-$2.00,#DIV/0!,BLD,NYSE:BLD,-2.000,,
NASDAQ:BLDP,29 Oct 2025,$3.68,3,$2.20,5,0.65,$2.62,-16.03%,,,,$2.41,-8.02%,$0.00,-100.00%,$0.00,-100.00%,BLDP,NASDAQ:BLDP,-0.933,$4.18,-47.37%
NYSE:BLK,27 Aug 2025,"$1,027.97",2,,,0.91,"$1,136.39",-9.54%,,,,"$1,111.60",-2.18%,$0.00,-100.00%,$0.00,-100.00%,BLK,NYSE:BLK,-0.763,"$1,313.50",
NASDAQ:BLKB,19 Nov 2025,$76.27,3,$75.00,4,0.55,$45.87,63.51%,,,,$43.94,-4.21%,$38.67,-15.71%,$62.89,37.11%,BLKB,NASDAQ:BLKB,-0.926,$53.40,40.45%
NYSE:BLND,27 Jan 2026,$3.86,3,$4.19,7,0.63,$1.63,136.83%,,,,$1.56,-4.29%,$0.00,-100.00%,$0.00,-100.00%,BLND,NYSE:BLND,-0.943,$3.48,20.40%
NASDAQ:BLNK,23 Dec 2025,$0.94,3,,6,0.65,$0.61,54.10%,,,,$0.51,-16.39%,$0.00,-100.00%,$0.00,-100.00%,BLNK,NASDAQ:BLNK,-0.933,$2.25,
NYSE:BLSH,13 Nov 2025,$55.70,3,,,0.69,$23.62,135.80%,,,,$22.28,-5.67%,$0.00,-100.00%,$0.00,-100.00%,BLSH,NYSE:BLSH,-0.915,$42.61,
NYSE:BLX,19 Nov 2025,$40.42,3,,,2.59,$56.99,-29.08%,,,,$57.13,0.25%,$0.00,-100.00%,$0.00,-100.00%,BLX,NYSE:BLX,-0.012,$64.65,
NASDAQ:BLZE,27 Jan 2026,$6.36,3,$9.00,6,0.54,$18.82,-66.19%,,,,$17.33,-7.92%,$0.00,-100.00%,$0.00,-100.00%,BLZE,NASDAQ:BLZE,-0.943,$22.83,-60.58%
NYSE:BMI,28 Jan 2026,$175.41,3,$204.00,3,0.70,$138.86,26.32%,,,,$133.33,-3.98%,$184.56,32.91%,$192.33,38.50%,BMI,NYSE:BMI,-0.847,$155.44,31.24%
NASDAQ:BMRC,19 Nov 2025,$27.20,3,$29.50,7,2.10,$28.37,-4.12%,,,,$28.59,0.78%,-$138.74,-589.04%,-$135.94,-579.18%,BMRC,NASDAQ:BMRC,-0.228,$31.80,-7.23%
NYSE:BN,26 Aug 2024,$55.96,2,,,1.34,$44.08,26.95%,,,,$43.68,-0.91%,-$88.87,-301.60%,-$55.40,-225.68%,BN,NYSE:BN,-0.588,$54.20,
NYSE:BNS,19 Aug 2025,$55.34,3,,,2.42,$88.85,-37.72%,,,,$89.28,0.48%,-$114.44,-228.80%,-$97.81,-210.08%,BNS,NYSE:BNS,-0.052,$86.56,
NYSE:BOH,16 Apr 2026,$78.42,3,$83.80,3,2.24,$79.28,-1.09%,,,,$79.27,-0.01%,$0.00,-100.00%,$0.00,-100.00%,BOH,NYSE:BOH,-0.161,$86.83,-3.49%
NASDAQ:BOKF,1 Jun 2026,$132.35,3,$139.00,2,1.64,$143.80,-7.96%,,,,$143.08,-0.50%,$0.00,-100.00%,$0.00,-100.00%,BOKF,NASDAQ:BOKF,-0.416,$150.75,-7.79%
NYSE:BOW,19 Sep 2025,$29.01,3,,,1.08,$33.45,-13.27%,,,,$33.12,-0.99%,$110.18,229.40%,$110.79,231.21%,BOW,NYSE:BOW,-0.653,$33.71,
NYSE:BP,18 Aug 2025,$39.40,4,,9,2.70,$41.63,-5.35%,,,,$42.67,2.50%,$0.00,-100.00%,$0.00,-100.00%,BP,NYSE:BP,0.036,$47.27,
NASDAQ:BPOP,19 Nov 2025,$104.09,2,,,1.61,$174.04,-40.19%,,,,$173.96,-0.05%,$0.00,-100.00%,$0.00,-100.00%,BPOP,NASDAQ:BPOP,-0.443,$195.30,
NYSE:BR,29 Jan 2026,$214.91,4,$265.40,4,0.73,$166.50,29.08%,,,,$159.59,-4.15%,$0.00,-100.00%,$0.00,-100.00%,BR,NYSE:BR,-0.865,$209.62,26.61%
NYSEAMERICAN:BRBS,19 Nov 2025,$4.10,,,6,,$3.70,10.81%,,,,,-100.00%,-$2.00,-154.05%,-$2.00,-154.05%,BRBS,NYSEAMERICAN:BRBS,-2.000,,
NASDAQ:BRKR,11 Dec 2025,$76.60,3,$47.88,3,0.70,$53.41,-10.35%,,,,$50.07,-6.25%,$0.00,-100.00%,$0.00,-100.00%,BRKR,NASDAQ:BRKR,-0.843,$58.92,-18.74%
NYSE:BROS,14 Jan 2026,$57.62,2,$76.64,9,0.70,$53.01,8.70%,,,,$50.58,-4.58%,$0.00,-100.00%,$0.00,-100.00%,BROS,NYSE:BROS,-0.912,$80.08,-4.30%
NYSE:BSAC,19 Nov 2025,$26.95,3,,,2.18,$35.16,-23.35%,,,,$35.42,0.74%,$0.00,-100.00%,$0.00,-100.00%,BSAC,NYSE:BSAC,-0.165,$34.99,
NYSE:BSBR,13 Oct 2025,$5.76,3,,5,1.32,$5.81,-0.86%,,,,$5.75,-1.03%,$0.00,-100.00%,$0.00,-100.00%,BSBR,NYSE:BSBR,-0.594,$7.10,
NASDAQ:BSRR,27 May 2026,$37.81,3,$36.50,6,1.93,$40.50,-9.88%,,,,$40.71,0.52%,$0.00,-100.00%,$0.00,-100.00%,BSRR,NASDAQ:BSRR,-0.287,$43.00,-15.12%
NASDAQ:BSVN,2 Oct 2025,$44.09,3,$53.50,5,1.79,$50.57,-12.81%,,,,$49.68,-1.76%,$0.00,-100.00%,$0.00,-100.00%,BSVN,NASDAQ:BSVN,-0.367,$57.33,-6.68%
NYSE:BSX,11 Dec 2025,$90.36,2,$126.57,10,0.63,$49.31,83.26%,,,,$47.53,-3.61%,$0.00,-100.00%,$0.00,-100.00%,BSX,NYSE:BSX,-0.912,$62.69,101.90%
NASDAQ:BSY,11 Feb 2026,$40.46,5,$48.60,7,0.74,$35.21,14.91%,,,,$34.05,-3.29%,$0.00,-100.00%,$0.00,-100.00%,BSY,NASDAQ:BSY,-0.865,$44.80,8.48%
NASDAQ:BTCS,23 Dec 2025,$3.00,3,$7.00,7,,$1.11,170.27%,,,,,-100.00%,-$2.00,-280.18%,-$2.00,-280.18%,BTCS,NASDAQ:BTCS,-2.000,,
NASDAQ:BTDR,19 Aug 2025,$10.25,2,,,0.69,$10.88,-5.80%,,,,$9.87,-9.28%,-$13.66,-225.58%,-$13.00,-219.48%,BTDR,NASDAQ:BTDR,-0.916,$22.89,
NYSE:BTI,17 Mar 2026,$55.65,2,,7,1.90,$59.33,-6.21%,,,,$59.58,0.42%,$0.00,-100.00%,$0.00,-100.00%,BTI,NYSE:BTI,-0.329,$70.20,
NASDAQ:BTOG,18 Aug 2025,$0.57,3,,,,$0.82,-30.85%,,,,,-100.00%,-$2.00,-343.90%,-$2.00,-343.90%,BTOG,NASDAQ:BTOG,-2.000,,
NASDAQ:BULL,2 Sep 2025,$18.16,3,,,0.64,$7.32,148.11%,,,,$6.97,-4.78%,$11.62,58.77%,$10.76,47.05%,BULL,NASDAQ:BULL,-0.936,$12.33,
NYSE:BUR,28 Oct 2025,$12.88,3,$21.32,4,1.19,$4.42,191.40%,,,,$4.17,-5.66%,$0.00,-100.00%,$0.00,-100.00%,BUR,NYSE:BUR,-0.694,$8.67,145.91%
NYSE:BURL,25 Jul 2023,$199.81,4,,,0.78,$368.96,-45.84%,,,,$360.27,-2.36%,$398.58,8.03%,$414.56,12.36%,BURL,NYSE:BURL,-0.789,$371.73,
NASDAQ:BUSE,27 May 2026,$28.96,3,$29.33,8,1.34,$30.98,-6.52%,,,,$30.59,-1.26%,$0.00,-100.00%,$0.00,-100.00%,BUSE,NASDAQ:BUSE,-0.553,$33.29,-11.90%
NASDAQ:BVFL,29 Oct 2025,$15.68,3,,4,,$21.43,-26.83%,,,,,-100.00%,-$2.00,-109.33%,-$2.00,-109.33%,BVFL,NASDAQ:BVFL,-2.000,,
NASDAQ:BWFG,9 Oct 2025,$39.87,3,,,0.95,$66.90,-40.40%,,,,$64.86,-3.05%,$0.00,-100.00%,$0.00,-100.00%,BWFG,NASDAQ:BWFG,-0.713,$67.50,
NYSE:BXP,14 Jan 2026,$81.17,5,$77.89,2,2.82,$69.71,11.73%,,,,$71.33,2.32%,$0.00,-100.00%,$0.00,-100.00%,BXP,NYSE:BXP,0.107,$74.20,4.97%
NYSE:BXSL,19 Aug 2025,$31.13,3,,7,2.38,$24.54,26.86%,,,,$23.87,-2.73%,$0.00,-100.00%,$0.00,-100.00%,BXSL,NYSE:BXSL,-0.077,$24.55,
NYSE:BY,28 Apr 2026,$33.91,3,$36.00,7,1.06,$38.83,-12.66%,,,,$38.23,-1.55%,$0.00,-100.00%,$0.00,-100.00%,BY,NYSE:BY,-0.689,$43.20,-16.67%
NYSE:BZH,31 Dec 2025,$31.99,3,$25.00,1,0.58,$33.18,-24.65%,,,,$32.36,-2.47%,$176.36,431.53%,$141.98,327.90%,BZH,NYSE:BZH,-0.819,$25.00,0.00%
NYSE:C,12 Aug 2025,$86.32,3,,,1.73,$135.00,-36.06%,,,,$132.85,-1.59%,$0.00,-100.00%,$0.00,-100.00%,C,NYSE:C,-0.395,$154.50,
NYSE:CAAP,15 Aug 2025,$22.01,3,,9,1.11,$25.08,-12.25%,,,,$24.61,-1.87%,$51.84,106.72%,$77.33,208.35%,CAAP,NYSE:CAAP,-0.707,$32.43,
NASDAQ:CAC,14 Oct 2025,$41.96,3,$44.00,3,1.55,$57.79,-27.39%,,,,$57.49,-0.52%,$0.00,-100.00%,$0.00,-100.00%,CAC,NASDAQ:CAC,-0.447,$58.25,-24.46%
NYSE:CADE,14 Oct 2025,$37.02,3,,,,,#DIV/0!,,,,,#DIV/0!,-$2.00,#DIV/0!,-$2.00,#DIV/0!,CADE,NYSE:CADE,-2.000,,
NYSE:CAL,21 Sep 2025,$26.47,3,,1,2.06,$14.50,82.55%,,,,$14.09,-2.83%,$11.67,-19.54%,$23.83,64.33%,CAL,NYSE:CAL,-0.255,$17.00,
NASDAQ:CALM,11 Jul 2025,$93.94,3,,6,1.66,$85.08,10.41%,,,,$84.34,-0.87%,$214.28,151.86%,$120.73,41.91%,CALM,NASDAQ:CALM,-0.403,$88.00,
NYSE:CALX,29 Jan 2026,$45.47,2,$82.00,6,0.64,$37.98,19.73%,,,,$36.42,-4.11%,$48.41,27.47%,$53.02,39.61%,CALX,NYSE:CALX,-0.940,$62.33,31.56%
NASDAQ:CAMT,24 Oct 2024,$87.99,4,,,0.61,$155.35,-43.36%,,,,$146.81,-5.50%,$148.57,-4.36%,$148.57,-4.36%,CAMT,NASDAQ:CAMT,-0.911,$187.58,
NYSE:CANG,24 Aug 2025,$4.01,3,,7,,$1.67,139.94%,,,,,-100.00%,-$2.00,-219.76%,-$2.00,-219.76%,CANG,NYSE:CANG,-2.000,,
NASDAQ:CAR,11 Mar 2024,$159.62,3,,,0.59,$142.18,12.26%,,,,$133.88,-5.84%,"-$1,540.10",-1183.20%,-$812.85,-671.71%,CAR,NASDAQ:CAR,-0.851,$129.14,
NASDAQ:CARE,19 Nov 2025,$18.50,3,$22.00,5,0.50,$33.00,-43.94%,,,,$31.73,-3.85%,$0.00,-100.00%,$0.00,-100.00%,CARE,NASDAQ:CARE,-0.919,$34.50,-36.23%
NYSE:CARR,24 Dec 2025,$35.78,3,$48.75,5,1.44,$64.01,-44.10%,,,,$63.20,-1.27%,$70.02,9.40%,$84.53,32.06%,CARR,NYSE:CARR,-0.542,$77.82,-37.36%
NASDAQ:CASH,19 Nov 2025,$71.98,3,$88.00,2,0.65,$86.85,-17.12%,,,,$84.50,-2.71%,$0.00,-100.00%,$0.00,-100.00%,CASH,NASDAQ:CASH,-0.879,$101.00,-12.87%
NYSEAMERICAN:CATX,11 Dec 2025,$2.54,1,$11.92,8,,$3.00,-15.33%,,,,,-100.00%,-$2.00,-166.67%,-$2.00,-166.67%,CATX,NYSEAMERICAN:CATX,-2.000,,
NASDAQ:CATY,27 May 2026,$59.45,3,$53.67,6,1.90,$63.41,-15.36%,,,,$63.22,-0.30%,$0.00,-100.00%,$0.00,-100.00%,CATY,NASDAQ:CATY,-0.296,$65.80,-18.43%
NYSE:CAVA,11 Nov 2025,$63.28,3,$72.31,6,0.81,$62.42,1.37%,,,,$60.01,-3.86%,$65.61,5.11%,$75.97,21.70%,CAVA,NYSE:CAVA,-0.862,$91.92,-21.33%
NYSE:CB,18 Sep 2025,$273.39,3,,,1.11,$350.31,-21.96%,,,,$345.30,-1.43%,$0.00,-100.00%,$0.00,-100.00%,CB,NYSE:CB,-0.652,$365.26,
NASDAQ:CBLL,11 Dec 2025,$36.55,3,$25.00,6,0.71,$18.81,32.91%,,,,$17.65,-6.17%,$16.36,-13.01%,$16.43,-12.66%,CBLL,NASDAQ:CBLL,-0.907,$26.86,-6.92%
NASDAQ:CBNK,23 Dec 2025,$29.70,3,$34.00,3,1.21,$37.78,-21.39%,,,,$37.11,-1.77%,$0.00,-100.00%,$0.00,-100.00%,CBNK,NASDAQ:CBNK,-0.618,$41.50,-18.07%
BATS:CBOE,18 Sep 2025,$214.25,2,,,0.99,$286.58,-25.24%,,,,$281.02,-1.94%,$0.00,-100.00%,$0.00,-100.00%,CBOE,BATS:CBOE,-0.715,$317.43,
NYSE:CBU,27 Oct 2025,$62.61,3,$63.00,3,2.01,$64.85,-3.45%,,,,$65.16,0.48%,$0.00,-100.00%,$0.00,-100.00%,CBU,NYSE:CBU,-0.258,$70.17,-10.22%
NYSE:CBZ,7 Jan 2025,$77.57,3,,,0.65,$54.50,42.33%,,,,$53.20,-2.39%,$105.78,94.09%,$124.02,127.56%,CBZ,NYSE:CBZ,-0.832,$51.67,
NASDAQ:CCB,19 Nov 2025,$95.54,3,$127.50,8,0.56,$45.34,110.72%,,,,$42.19,-6.95%,$0.00,-100.00%,$0.00,-100.00%,CCB,NASDAQ:CCB,-0.905,$49.50,157.58%
NASDAQ:CCBG,19 Nov 2025,$38.91,3,$47.00,7,1.19,$52.01,-25.19%,,,,$50.68,-2.56%,$0.00,-100.00%,$0.00,-100.00%,CCBG,NASDAQ:CCBG,-0.602,$51.67,-9.04%
NYSE:CCI,19 Sep 2025,$108.34,5,,6,1.51,$75.59,43.33%,,,,$74.55,-1.38%,$0.00,-100.00%,$0.00,-100.00%,CCI,NYSE:CCI,-0.523,$95.47,
NYSE:CCK,29 Aug 2025,$107.03,3,,5,0.89,$120.69,-11.32%,,,,$117.41,-2.72%,$0.00,-100.00%,$0.00,-100.00%,CCK,NYSE:CCK,-0.767,$136.57,
NYSE:CCL,23 Jul 2026,$30.88,5,$35.19,7,1.17,$28.99,6.52%,6.52%,$30.88,$35.55,$28.06,-3.21%,$59.07,103.74%,$85.61,195.32%,CCL,NYSE:CCL,-0.662,$35.55,-1.01%
NASDAQ:CCNE,30 Mar 2026,$32.74,3,$35.00,5,1.60,$34.61,-5.40%,,,,$34.50,-0.32%,$0.00,-100.00%,$0.00,-100.00%,CCNE,NASDAQ:CCNE,-0.441,$37.25,-6.04%
NASDAQ:CCOI,6 Nov 2025,$50.57,3,$44.20,5,1.09,$9.92,345.56%,,,,$8.88,-10.48%,$0.00,-100.00%,$0.00,-100.00%,CCOI,NASDAQ:CCOI,-0.736,$21.27,107.80%
NASDAQ:CCSI,11 Feb 2026,$30.28,4,$37.00,3,0.50,$35.14,-13.83%,,,,$32.08,-8.71%,$0.00,-100.00%,$0.00,-100.00%,CCSI,NASDAQ:CCSI,-0.937,$39.25,-5.73%
NYSE:CDE,28 Apr 2026,$9.27,2,$26.86,9,0.62,$17.39,-46.68%,,,,$15.99,-8.05%,$0.00,-100.00%,$0.00,-100.00%,CDE,NYSE:CDE,-0.947,$24.84,8.13%
NASDAQ:CDNS,19 Jan 2026,$321.30,3,$376.64,6,0.83,$339.24,-5.29%,,,,$329.38,-2.91%,$463.63,36.67%,$489.87,44.40%,CDNS,NASDAQ:CDNS,-0.806,$403.67,-6.70%
NYSE:CDP,18 Feb 2026,$33.25,3,$35.60,7,1.61,$37.14,-10.47%,,,,$37.11,-0.08%,$33.85,-8.87%,$47.51,27.93%,CDP,NYSE:CDP,-0.428,$38.88,-8.44%
NASDAQ:CDW,18 May 2026,$131.51,3,$138.83,9,0.51,$135.81,-3.17%,,,,$130.76,-3.72%,$0.00,-100.00%,$0.00,-100.00%,CDW,NASDAQ:CDW,-0.932,$152.56,-9.00%
NYSE:CE,28 Mar 2025,$111.30,3,,9,0.83,$43.89,153.59%,,,,$42.51,-3.14%,$0.00,-100.00%,$0.00,-100.00%,CE,NYSE:CE,-0.852,$67.50,
NASDAQ:CEG,23 Dec 2025,$300.57,2,$409.82,9,0.62,$269.89,11.37%,,,,$252.47,-6.45%,$0.00,-100.00%,$0.00,-100.00%,CEG,NASDAQ:CEG,-0.927,$351.24,16.68%
NASDAQ:CELC,29 Nov 2024,$21.98,3,,,0.75,$92.78,-76.31%,,,,$87.89,-5.27%,$82.85,-10.70%,$82.86,-10.70%,CELC,NASDAQ:CELC,-0.890,$163.54,
NASDAQ:CENT,9 Apr 2026,$50.35,5,$50.00,5,0.59,$44.74,11.76%,,,,$42.46,-5.10%,$0.00,-100.00%,$0.00,-100.00%,CENT,NASDAQ:CENT,-0.883,$47.50,5.26%
NASDAQ:CENTA,16 Jul 2026,$43.82,5,,,0.73,$39.06,12.19%,12.19%,$43.82,$44.75,$37.25,-4.63%,$0.00,-100.00%,$0.00,-100.00%,CENTA,NASDAQ:CENTA,-0.841,$44.75,
NASDAQ:CENX,20 Aug 2025,$23.49,3,,9,0.62,$51.23,-54.15%,,,,$45.69,-10.81%,$0.00,-100.00%,$0.00,-100.00%,CENX,NASDAQ:CENX,-0.948,$74.00,
NYSE:CEPU,16 Dec 2025,$17.50,3,$17.50,9,0.85,$13.98,25.18%,,,,$13.42,-4.01%,$26.22,87.55%,$16.98,21.48%,CEPU,NYSE:CEPU,-0.842,$24.01,-27.11%
NASDAQ:CERS,11 Dec 2025,$2.70,4,$4.50,4,0.81,$2.35,14.74%,,,,$2.24,-4.68%,$1.98,-15.92%,$2.07,-11.72%,CERS,NASDAQ:CERS,-0.862,$4.50,0.00%
NASDAQ:CEVA,10 Feb 2026,$35.04,4,$36.00,5,0.79,$38.67,-9.39%,,,,$36.10,-6.65%,$41.39,7.04%,$42.15,8.99%,CEVA,NASDAQ:CEVA,-0.848,$50.00,-28.00%
NASDAQ:CFFN,1 Jun 2026,$8.16,3,$8.25,6,2.74,$8.88,-8.16%,,,,$9.11,2.59%,$0.00,-100.00%,$0.00,-100.00%,CFFN,NASDAQ:CFFN,0.071,$9.50,-13.16%
NYSE:CFG,27 May 2026,$59.16,3,$72.63,6,1.96,$72.67,-18.59%,,,,$72.03,-0.88%,$0.00,-100.00%,$0.00,-100.00%,CFG,NYSE:CFG,-0.288,$80.59,-9.88%
NASDAQ:CFLT,27 Jan 2026,$37.00,3,$29.10,1,,,#DIV/0!,,,,,#DIV/0!,-$2.00,#DIV/0!,-$2.00,#DIV/0!,CFLT,NASDAQ:CFLT,-2.000,,
NYSE:CFR,19 Nov 2025,$122.52,3,$139.13,7,1.64,$164.50,-25.52%,,,,$162.67,-1.11%,-$418.64,-354.49%,-$496.15,-401.61%,CFR,NYSE:CFR,-0.411,$168.93,-17.64%
NASDAQ:CG,19 Nov 2025,$51.54,3,$66.70,6,0.88,$47.79,7.84%,,,,$47.00,-1.65%,$0.00,-100.00%,$0.00,-100.00%,CG,NASDAQ:CG,-0.777,$55.59,19.99%
NYSE:CGAU,15 Aug 2025,$8.68,4,,7,1.53,$21.24,-59.12%,,,,$20.87,-1.74%,$36.13,70.09%,$25.21,18.68%,CGAU,NYSE:CGAU,-0.475,$23.25,
NASDAQ:CGNX,29 Jan 2026,$39.12,3,$45.64,9,0.74,$66.89,-41.51%,,,,$65.36,-2.29%,$0.00,-100.00%,$0.00,-100.00%,CGNX,NASDAQ:CGNX,-0.838,$76.83,-40.60%
NASDAQ:CHCO,27 May 2026,$129.27,3,$130.00,4,1.11,$144.94,-10.81%,,,,$143.08,-1.28%,$0.00,-100.00%,$0.00,-100.00%,CHCO,NASDAQ:CHCO,-0.631,$139.80,-7.01%
NYSE:CHCT,24 Aug 2025,$20.57,3,,8,2.87,$15.85,29.80%,,,,$16.14,1.83%,$0.00,-100.00%,$0.00,-100.00%,CHCT,NYSE:CHCT,0.096,$19.25,
NYSE:CHD,20 Feb 2024,$80.10,1,,,0.89,$103.24,-22.42%,,,,$100.97,-2.20%,$0.00,-100.00%,$0.00,-100.00%,CHD,NYSE:CHD,-0.743,$105.37,
NASDAQ:CHDN,18 Sep 2025,$128.82,3,$132.71,9,0.89,$87.86,46.62%,,,,$84.65,-3.65%,$134.73,53.35%,$188.71,114.79%,CHDN,NASDAQ:CHDN,-0.826,$131.64,0.81%
NYSE:CHE,3 Jul 2024,$512.61,3,,,0.87,$552.72,-7.26%,,,,$537.31,-2.79%,$857.59,55.16%,$943.14,70.64%,CHE,NYSE:CHE,-0.746,$552.00,
NASDAQ:CHEF,3 Sep 2025,$48.50,2,,,0.66,$110.20,-55.99%,,,,$105.50,-4.26%,$0.00,-100.00%,$0.00,-100.00%,CHEF,NASDAQ:CHEF,-0.845,$113.56,
NYSE:CHGG,20 Aug 2025,$2.28,3,,5,1.87,$0.92,147.83%,,,,$0.84,-8.70%,$0.00,-100.00%,$0.00,-100.00%,CHGG,NYSE:CHGG,-0.392,$2.79,
NYSE:CHH,23 Dec 2025,$119.50,3,$100.00,4,0.78,$106.66,-6.24%,,,,$104.10,-2.40%,$0.00,-100.00%,$0.00,-100.00%,CHH,NYSE:CHH,-0.801,$113.33,-11.76%
NASDAQ:CHKP,26 Mar 2026,$188.31,3,$200.68,7,0.66,$127.82,47.32%,,,,$121.26,-5.13%,$203.19,58.97%,$215.84,68.86%,CHKP,NASDAQ:CHKP,-0.874,$146.32,37.15%
NASDAQ:CHRD,23 Aug 2024,$167.62,3,,,0.86,$131.35,27.61%,,,,$127.55,-2.89%,$0.00,-100.00%,$0.00,-100.00%,CHRD,NASDAQ:CHRD,-0.808,$165.67,
NYSE:CHT,17 Jun 2024,$40.37,3,,,1.25,$42.52,-5.06%,,,,$42.10,-0.99%,$58.86,38.43%,$86.96,104.51%,CHT,NYSE:CHT,-0.606,$48.08,
NASDAQ:CHX,23 Aug 2024,$37.87,4,,,,$25.81,46.71%,,,,$0.00,-100.00%,$0.00,-100.00%,$0.00,-100.00%,CHX,NASDAQ:CHX,-2.000,$40.80,
NYSE:CIB,6 Oct 2025,$49.03,3,,,1.67,$88.85,-44.81%,,,,$88.32,-0.60%,-$622.07,-800.14%,-$582.21,-755.28%,CIB,NYSE:CIB,-0.350,$72.17,
NYSE:CIEN,23 Dec 2025,$134.99,1,$248.93,10,1.06,$412.39,-67.27%,,,,$385.17,-6.60%,$484.23,17.42%,$513.55,24.53%,CIEN,NYSE:CIEN,-0.744,$565.71,-56.00%
NASDAQ:CIFR,4 Aug 2025,$6.62,3,$7.06,3,0.65,$17.18,-61.48%,,,,$16.34,-4.89%,$0.00,-100.00%,$0.00,-100.00%,CIFR,NASDAQ:CIFR,-0.932,$33.09,-78.66%
NYSE:CIG,26 Jun 2026,$2.37,4,,5,1.76,$2.10,12.86%,,,,$2.10,0.00%,-$11.58,-651.32%,-$8.58,-508.35%,CIG,NYSE:CIG,-0.355,$2.14,
NASDAQ:CINF,19 Sep 2025,$146.60,2,$165.40,6,1.44,$176.86,-17.11%,,,,$176.04,-0.46%,$316.29,78.83%,$333.95,88.82%,CINF,NASDAQ:CINF,-0.511,$192.67,-14.15%
NYSE:CINT,10 Jun 2026,$5.65,3,$6.94,7,,$3.56,58.82%,,,,,-100.00%,-$2.00,-156.18%,-$2.00,-156.18%,CINT,NYSE:CINT,-2.000,,
NASDAQ:CISS,16 Feb 2026,$2.33,3,,,,$0.09,2492.00%,,,,,-100.00%,-$2.00,-2322.22%,-$2.00,-2322.22%,CISS,NASDAQ:CISS,-2.000,,
NYSE:CL,18 Aug 2025,$84.33,3,$97.40,5,1.28,$93.27,-9.59%,,,,$91.26,-2.16%,$0.00,-100.00%,$0.00,-100.00%,CL,NYSE:CL,-0.579,$98.95,-1.57%
NASDAQ:CLBK,8 Oct 2025,$15.20,3,,,0.40,$10.84,40.22%,,,,$10.47,-3.41%,$0.00,-100.00%,$0.00,-100.00%,CLBK,NASDAQ:CLBK,-0.912,$8.64,
NYSE:CLF,17 Aug 2025,$12.62,3,$10.78,6,0.45,$12.26,-12.07%,,,,$11.57,-5.63%,-$8.52,-169.49%,$15.03,22.60%,CLF,NYSE:CLF,-0.926,$11.80,-8.64%
NYSE:CLH,9 Apr 2025,$216.05,5,$271.56,9,1.44,$308.17,-29.89%,,,,$305.67,-0.81%,$355.42,15.33%,$432.58,40.37%,CLH,NYSE:CLH,-0.531,$358.93,-24.34%
NASDAQ:CLMB,26 Jan 2026,$137.18,3,$136.00,4,1.27,$27.81,389.03%,,,,$26.97,-3.02%,$61.46,120.98%,$68.70,147.03%,CLMB,NASDAQ:CLMB,-0.604,$32.33,320.66%
NASDAQ:CLPT,11 Dec 2025,$12.35,3,$29.00,6,0.65,$14.21,-13.09%,,,,$13.43,-5.49%,$0.00,-100.00%,$0.00,-100.00%,CLPT,NASDAQ:CLPT,-0.933,$25.67,12.97%
NYSE:CLS,19 Jan 2026,$187.07,1,$376.73,10,0.62,$317.83,-41.14%,,,,$293.77,-7.57%,$339.21,6.73%,$364.23,14.60%,CLS,NYSE:CLS,-0.947,$477.12,-21.04%
NYSE:CLVT,2 Feb 2026,$5.35,3,$3.87,4,0.70,$1.82,112.64%,,,,$1.74,-4.40%,-$4.23,-332.41%,$6.22,241.70%,CLVT,NYSE:CLVT,-0.912,$2.97,30.30%
NYSE:CLW,26 Dec 2024,$20.46,,$37.00,5,1.18,$23.31,-12.23%,,,,$22.67,-2.75%,$134.41,476.61%,$208.65,795.10%,CLW,NYSE:CLW,-0.585,$20.75,78.31%
NYSE:CLX,13 Apr 2026,$137.41,5,$115.33,4,1.09,$105.15,9.68%,,,,$103.95,-1.14%,$0.00,-100.00%,$0.00,-100.00%,CLX,NYSE:CLX,-0.642,$101.71,13.39%
NYSE:CM,10 Sep 2025,$68.57,2,,,1.51,$118.70,-42.23%,,,,$117.63,-0.90%,$24.68,-79.21%,$40.84,-65.59%,CM,NYSE:CM,-0.447,$110.76,
NYSE:CMA,19 Nov 2025,$78.08,3,$79.46,6,,,#DIV/0!,,,,,#DIV/0!,-$2.00,#DIV/0!,-$2.00,#DIV/0!,CMA,NYSE:CMA,-2.000,,
NYSE:CMC,27 Feb 2026,$67.56,3,,,1.25,$75.13,-10.08%,,,,$72.90,-2.97%,$63.16,-15.93%,$98.25,30.77%,CMC,NYSE:CMC,-0.591,$80.09,
NYSEAMERICAN:CMCL,28 Oct 2025,$29.76,1,$48.00,8,,$21.75,36.83%,,,,,-100.00%,-$2.00,-109.20%,-$2.00,-109.20%,CMCL,NYSEAMERICAN:CMCL,-2.000,,
NASDAQ:CME,24 Oct 2025,$252.85,2,,,1.22,$263.66,-4.10%,,,,$260.79,-1.09%,-$17.62,-106.68%,-$2.24,-100.85%,CME,NASDAQ:CME,-0.609,$283.93,
NYSE:CMI,19 Nov 2025,$437.53,2,$508.60,4,1.19,$644.26,-32.09%,,,,$631.93,-1.91%,$0.00,-100.00%,$0.00,-100.00%,CMI,NYSE:CMI,-0.642,$754.86,-32.62%
NASDAQ:CMPR,23 Aug 2025,$95.87,3,$72.00,5,0.66,$95.35,-24.49%,,,,$92.40,-3.09%,$0.00,-100.00%,$0.00,-100.00%,CMPR,NASDAQ:CMPR,-0.873,$110.50,-34.84%
NYSE:CMRE,23 Dec 2025,$17.94,5,$12.00,6,1.67,$14.66,-18.14%,,,,$14.54,-0.82%,$31.62,115.71%,$34.68,136.57%,CMRE,NYSE:CMRE,-0.473,$20.00,-40.00%
NASDAQ:CNDT,29 Jan 2026,$2.60,3,$7.00,3,0.97,$1.70,52.82%,,,,$1.66,-2.35%,$0.68,-59.87%,-$0.20,-111.99%,CNDT,NASDAQ:CNDT,-0.793,$5.00,40.00%
NYSE:CNH,18 Aug 2025,$16.66,5,$14.39,4,0.95,$10.91,31.90%,,,,$10.67,-2.20%,$0.00,-100.00%,$0.00,-100.00%,CNH,NYSE:CNH,-0.761,$13.36,7.71%
NYSE:CNM,15 Aug 2025,$59.25,2,,,0.99,$46.55,27.29%,,,,$44.50,-4.40%,$55.40,19.00%,$71.97,54.62%,CNM,NYSE:CNM,-0.760,$60.27,
NYSE:CNMD,11 Dec 2025,$60.78,3,$53.00,2,0.76,$49.12,7.90%,,,,$47.70,-2.89%,$54.09,10.11%,$63.39,29.06%,CNMD,NYSE:CNMD,-0.778,$45.50,16.48%
NYSE:CNO,20 Oct 2023,$30.57,5,,,0.96,$55.16,-44.59%,,,,$54.13,-1.87%,$0.00,-100.00%,$0.00,-100.00%,CNO,NYSE:CNO,-0.695,$52.25,
NASDAQ:CNOB,19 Nov 2025,$25.36,3,,,1.67,$32.82,-22.73%,,,,$32.77,-0.15%,$0.00,-100.00%,$0.00,-100.00%,CNOB,NASDAQ:CNOB,-0.418,$36.50,
NASDAQ:CNXC,28 Jan 2026,$61.95,4,,,1.75,$25.72,140.85%,,,,$25.58,-0.54%,$62.29,142.19%,$195.17,658.83%,CNXC,NASDAQ:CNXC,-0.437,$35.25,
NYSE:COF,18 Aug 2025,$1.55,4,$1.15,4,1.22,$217.76,-99.47%,,,,$214.91,-1.31%,$131.32,-39.69%,$294.44,35.21%,COF,NYSE:COF,-0.632,$256.95,-99.55%
NASDAQ:COFS,1 Jun 2026,$34.09,3,$34.00,7,1.25,$34.08,-0.23%,,,,$33.78,-0.88%,$0.00,-100.00%,$0.00,-100.00%,COFS,NASDAQ:COFS,-0.595,$37.00,-8.11%
NYSE:COHR,15 Aug 2025,$108.88,2,$111.93,7,0.57,$379.13,-71.28%,,,,$343.43,-9.42%,$370.50,-2.28%,$399.43,5.35%,COHR,NYSE:COHR,-0.889,$391.45,-71.41%
NASDAQ:COHU,4 Feb 2026,$30.91,3,$32.33,9,0.82,$52.88,-41.55%,,,,$51.05,-3.46%,$55.09,4.17%,$66.16,25.12%,COHU,NASDAQ:COHU,-0.843,$70.88,-54.39%
NASDAQ:COLB,27 May 2026,$30.60,3,$31.75,6,1.61,$31.24,-2.05%,,,,$30.81,-1.38%,$0.00,-100.00%,$0.00,-100.00%,COLB,NASDAQ:COLB,-0.435,$34.00,-6.62%
NASDAQ:COLM,6 Feb 2026,$85.03,3,$62.40,6,1.40,$57.36,8.79%,,,,$56.12,-2.16%,$71.23,24.18%,$90.53,57.82%,COLM,NASDAQ:COLM,-0.560,$69.83,-10.64%
NASDAQ:COMM,27 Jan 2026,$19.58,1,,,,,#DIV/0!,,,,,#DIV/0!,-$2.00,#DIV/0!,-$2.00,#DIV/0!,COMM,NASDAQ:COMM,-2.000,,
NYSE:COP,2 Jul 2026,$119.17,5,$146.53,7,1.30,$117.61,1.32%,,,,$114.22,-2.88%,$0.00,-100.00%,$0.00,-100.00%,COP,NYSE:COP,-0.601,$141.20,3.77%
NASDAQ:CORZ,22 Jan 2026,$21.48,3,$27.60,7,0.96,$21.01,2.23%,,,,$20.08,-4.43%,$0.81,-96.15%,$4.42,-78.94%,CORZ,NASDAQ:CORZ,-0.797,$37.12,-25.65%
NYSE:COTY,18 Aug 2025,$8.16,3,$6.34,4,0.69,$2.82,124.82%,,,,$2.67,-5.32%,$5.69,101.61%,$10.84,284.30%,COTY,NYSE:COTY,-0.852,$3.13,102.56%
NYSE:CP,13 Nov 2024,$75.90,3,,,1.29,$91.62,-17.15%,,,,$89.65,-2.15%,$85.50,-6.68%,$101.66,10.95%,CP,NYSE:CP,-0.580,$99.62,
NYSE:CPF,16 Apr 2026,$32.84,3,$37.00,6,2.23,$38.90,-15.59%,,,,$38.99,0.23%,$0.00,-100.00%,$0.00,-100.00%,CPF,NYSE:CPF,-0.167,$43.00,-13.95%
NYSE:CPRI,26 Mar 2026,$38.69,5,$26.00,5,0.66,$15.31,69.82%,,,,$14.26,-6.86%,$0.00,-100.00%,$0.00,-100.00%,CPRI,NYSE:CPRI,-0.928,$24.16,7.62%
NASDAQ:CPRT,22 Sep 2025,$50.82,4,$55.60,4,0.86,$29.66,71.34%,,,,$28.10,-5.26%,$65.93,122.27%,$70.08,136.27%,CPRT,NASDAQ:CPRT,-0.831,$40.30,37.97%
NASDAQ:CPSH,27 Jan 2026,$4.29,2,,,0.55,$4.47,-3.98%,,,,$4.21,-5.82%,$0.00,-100.00%,$0.00,-100.00%,CPSH,NASDAQ:CPSH,-0.938,$5.50,
NYSE:CPT,18 Sep 2025,$121.77,4,$121.40,1,1.39,$111.93,8.46%,,,,$110.15,-1.59%,$0.00,-100.00%,$0.00,-100.00%,CPT,NYSE:CPT,-0.525,$117.28,3.51%
NYSE:CR,13 Nov 2025,$172.71,2,$220.67,6,1.16,$219.88,-21.45%,,,,$216.12,-1.71%,$310.16,41.06%,$339.37,54.34%,CR,NYSE:CR,-0.632,$235.50,-6.30%
NASDAQ:CRAI,20 Aug 2024,$164.05,3,,,0.81,$169.31,-3.11%,,,,$164.58,-2.79%,$0.00,-100.00%,$0.00,-100.00%,CRAI,NASDAQ:CRAI,-0.863,$252.50,
NASDAQ:CRCT,11 Feb 2026,$6.18,5,$3.67,3,1.26,$5.84,-37.16%,,,,$5.71,-2.23%,$0.00,-100.00%,$0.00,-100.00%,CRCT,NASDAQ:CRCT,-0.494,$3.82,-3.93%
NASDAQ:CRDO,15 Dec 2025,$162.57,3,$223.89,7,0.47,$249.89,-34.94%,,,,$222.03,-11.15%,$295.74,18.35%,$299.54,19.87%,CRDO,NASDAQ:CRDO,-0.950,$279.29,-19.84%
NASDAQ:CRESY,11 Jul 2025,$10.53,3,,,1.37,$10.90,-3.42%,,,,$10.69,-1.93%,$8.17,-25.02%,$10.52,-3.49%,CRESY,NASDAQ:CRESY,-0.613,$15.51,
NYSE:CRGY,20 Aug 2025,$15.13,3,,,1.34,$11.57,30.78%,,,,$11.10,-4.06%,$0.00,-100.00%,$0.00,-100.00%,CRGY,NYSE:CRGY,-0.623,$16.07,
NYSE:CRH,30 Mar 2026,$109.97,3,,,1.52,$100.48,9.44%,,,,$97.00,-3.46%,$101.91,1.43%,$155.44,54.69%,CRH,NYSE:CRH,-0.543,$138.65,
NASDAQ:CRML,4 Dec 2025,$6.88,3,$14.00,6,,$7.25,-5.15%,,,,,-100.00%,-$2.00,-127.59%,-$2.00,-127.59%,CRML,NASDAQ:CRML,-2.000,,
NASDAQ:CROX,26 Jul 2024,$132.28,3,,,0.61,$136.62,-3.18%,,,,$129.82,-4.98%,$303.67,122.28%,$319.63,133.95%,CROX,NASDAQ:CROX,-0.861,$135.75,
NASDAQ:CRTO,6 Nov 2025,$38.27,3,$35.00,2,0.58,$18.38,90.42%,,,,$16.86,-8.27%,$0.00,-100.00%,$0.00,-100.00%,CRTO,NASDAQ:CRTO,-0.937,$23.67,47.87%
NASDAQ:CRUS,6 Feb 2026,$143.98,4,$143.60,10,0.72,$124.92,14.95%,,,,$119.03,-4.72%,$0.00,-100.00%,$0.00,-100.00%,CRUS,NASDAQ:CRUS,-0.903,$181.75,-20.99%
NASDAQ:CRWD,13 Sep 2024,$299.53,4,,,0.69,$214.42,39.69%,,,,$204.38,-4.68%,$229.34,6.96%,$232.43,8.40%,CRWD,NASDAQ:CRWD,-0.805,$193.13,
NASDAQ:CRWV,11 Feb 2026,$83.61,3,,,0.77,$90.67,-7.79%,,,,$83.33,-8.10%,$0.00,-100.00%,$0.00,-100.00%,CRWV,NASDAQ:CRWV,-0.880,$137.94,
NASDAQ:CSIQ,9 Feb 2026,$19.05,3,$21.51,6,0.50,$15.91,19.73%,,,,$14.45,-9.18%,-$31.80,-299.86%,-$47.09,-395.99%,CSIQ,NASDAQ:CSIQ,-0.951,$18.64,15.40%
NYSE:CSL,20 Jan 2026,$384.54,3,$400.00,8,1.20,$387.49,-0.76%,,,,$378.02,-2.44%,$516.27,33.23%,$488.33,26.02%,CSL,NYSE:CSL,-0.616,$412.14,-2.95%
NASDAQ:CSTL,23 Aug 2024,$38.33,3,,,0.68,$32.03,19.66%,,,,$28.56,-10.83%,$0.00,-100.00%,$0.00,-100.00%,CSTL,NASDAQ:CSTL,-0.915,$44.00,
NYSE:CSTM,25 Jun 2026,$27.88,2,,,1.44,$29.44,-5.30%,,,,$28.77,-2.28%,$31.00,5.30%,$71.95,144.41%,CSTM,NYSE:CSTM,-0.557,$37.89,
NASDAQ:CSW,3 Sep 2025,$247.77,1,,,,$350.68,-29.35%,,,,,-100.00%,-$2.00,-100.57%,-$2.00,-100.57%,CSW,NYSE:CSW,-2.000,,
NASDAQ:CTBI,19 Nov 2025,$57.46,3,$61.00,6,1.17,$77.76,-26.11%,,,,$76.77,-1.27%,$0.00,-100.00%,$0.00,-100.00%,CTBI,NASDAQ:CTBI,-0.625,$81.33,-25.00%
NASDAQ:CTKB,11 Dec 2025,$6.69,3,$5.83,7,0.72,$4.20,38.81%,,,,$3.99,-5.00%,$0.00,-100.00%,$0.00,-100.00%,CTKB,NASDAQ:CTKB,-0.893,$5.69,2.46%
NASDAQ:CTLP,21 Jan 2026,$11.18,3,,5,,,#DIV/0!,,,,,#DIV/0!,-$2.00,#DIV/0!,-$2.00,#DIV/0!,CTLP,NASDAQ:CTLP,-2.000,,
NYSEAMERICAN:CTM,2 Feb 2026,$3.50,1,$3.50,3,,$0.62,464.52%,,,,,-100.00%,-$2.00,-422.58%,-$2.00,-422.58%,CTM,NYSEAMERICAN:CTM,-2.000,,
NYSE:CTRA,2 Nov 2025,$26.29,4,$32.29,7,3.45,$34.63,-24.08%,,,,$0.00,-100.00%,$41.25,19.12%,$71.61,106.78%,CTRA,NYSE:CTRA,-1.000,$37.77,-14.51%
NYSE:CTS,2 Feb 2026,$52.59,3,,6,1.56,$66.23,-20.59%,,,,$65.71,-0.79%,$69.37,4.74%,$89.54,35.19%,CTS,NYSE:CTS,-0.434,$65.00,
NASDAQ:CTSH,4 Feb 2026,$83.87,4,,,1.13,$57.67,45.43%,,,,$55.78,-3.28%,$87.30,51.38%,$80.86,40.21%,CTSH,NASDAQ:CTSH,-0.655,$63.94,
NYSE:CUBI,19 Nov 2025,$67.11,3,$85.43,9,0.84,$82.07,-18.23%,,,,$80.00,-2.52%,$0.00,-100.00%,$0.00,-100.00%,CUBI,NYSE:CUBI,-0.794,$94.00,-9.12%
NASDAQ:CURI,23 Dec 2025,$4.18,3,$6.33,10,,$2.71,54.24%,,,,,-100.00%,-$2.00,-173.80%,-$2.00,-173.80%,CURI,NASDAQ:CURI,-2.000,,
NASDAQ:CVBF,25 Jun 2026,$20.88,3,,,2.32,$22.66,-7.86%,,,,$22.72,0.26%,$0.00,-100.00%,$0.00,-100.00%,CVBF,NASDAQ:CVBF,-0.131,$25.50,
NYSE:CVE,19 Jun 2026,$26.66,3,$32.60,8,1.67,$28.25,-5.63%,,,,$27.78,-1.66%,$118.03,317.79%,$157.53,457.63%,CVE,NYSE:CVE,-0.458,$36.77,-11.34%
NYSE:CVI,23 Aug 2024,$33.80,3,,,1.21,$31.15,8.49%,,,,$29.65,-4.82%,$87.03,179.39%,$118.65,280.88%,CVI,NYSE:CVI,-0.583,$29.60,
NASDAQ:CVLT,26 Jan 2026,$137.85,3,$174.58,8,0.53,$135.27,1.91%,,,,$129.43,-4.32%,$235.75,74.28%,$238.78,76.52%,CVLT,NASDAQ:CVLT,-0.942,$161.15,8.33%
NASDAQ:CVRX,4 Dec 2025,$11.33,4,$12.67,7,0.68,$2.39,374.10%,,,,$2.21,-7.53%,$0.00,-100.00%,$0.00,-100.00%,CVRX,NASDAQ:CVRX,-0.921,$11.17,13.43%
NYSE:CVS,16 Oct 2025,$91.02,5,$86.60,8,1.41,$95.70,-9.51%,,,,$94.23,-1.54%,$0.00,-100.00%,$0.00,-100.00%,CVS,NYSE:CVS,-0.552,$114.88,-24.62%
NYSE:CVX,20 Aug 2025,$174.36,4,$171.33,9,1.41,$186.56,-8.16%,,,,$185.28,-0.69%,$0.00,-100.00%,$0.00,-100.00%,CVX,NYSE:CVX,-0.541,$216.75,-20.96%
NYSE:CW,17 May 2024,$250.04,2,,,0.72,$691.52,-63.84%,,,,$670.93,-2.98%,$0.00,-100.00%,$0.00,-100.00%,CW,NYSE:CW,-0.854,$822.17,
NYSE:CWAN,26 Jan 2026,$25.43,3,$27.15,4,,,#DIV/0!,,,,,#DIV/0!,-$2.00,#DIV/0!,-$2.00,#DIV/0!,CWAN,NYSE:CWAN,-2.000,,
NASDAQ:CWCO,13 Nov 2025,$34.36,3,,8,1.48,$30.49,12.69%,,,,$29.83,-2.16%,$56.93,86.72%,$64.98,113.14%,CWCO,NASDAQ:CWCO,-0.565,$43.00,
NYSE:CWH,19 Sep 2025,$21.04,3,$19.56,7,2.59,$6.32,209.49%,,,,$6.16,-2.53%,$177.90,2714.83%,$197.16,3019.60%,CWH,NYSE:CWH,-0.069,$10.60,84.53%
NYSE:CX,19 Jun 2025,$8.65,3,$7.31,8,1.46,$11.33,-35.48%,,,,$11.07,-2.29%,$10.19,-10.05%,$17.36,53.24%,CX,NYSE:CX,-0.552,$14.75,-50.44%
NASDAQ:CXAI,4 Feb 2026,$0.59,3,,,,$0.16,270.00%,,,,,-100.00%,-$2.00,-1350.00%,-$2.00,-1350.00%,CXAI,NASDAQ:CXAI,-2.000,,
NYSE:CXT,11 Nov 2025,$76.10,5,$74.00,8,0.80,$53.33,38.76%,,,,$50.94,-4.48%,$0.00,-100.00%,$0.00,-100.00%,CXT,NYSE:CXT,-0.835,$66.83,10.73%
NYSE:CYD,15 Dec 2025,$33.36,3,,7,1.14,$47.32,-29.50%,,,,$45.06,-4.78%,$0.00,-100.00%,$0.00,-100.00%,CYD,NYSE:CYD,-0.717,$67.32,
NYSE:DAC,5 Mar 2026,$126.35,3,,,0.95,$140.72,-10.21%,,,,$136.51,-2.99%,$0.00,-100.00%,$0.00,-100.00%,DAC,NYSE:DAC,-0.737,$157.00,
NYSE:DAL,18 Sep 2025,$41.35,2,,,1.60,$91.34,-54.73%,,,,$90.87,-0.51%,$42.82,-53.12%,$136.47,49.40%,DAL,NYSE:DAL,-0.457,$105.52,
NYSE:DAVA,9 Feb 2026,$13.03,3,$10.00,3,0.61,$2.95,238.98%,,,,$2.77,-6.10%,$20.50,594.99%,$5.77,95.63%,DAVA,NYSE:DAVA,-0.952,$5.51,81.49%
NASDAQ:DAVE,11 Feb 2026,$175.69,3,$312.50,9,0.62,$317.93,-44.74%,,,,$307.75,-3.20%,$0.00,-100.00%,$0.00,-100.00%,DAVE,NASDAQ:DAVE,-0.910,$391.27,-20.13%
NYSE:DB,2 Apr 2026,$30.42,3,$41.60,10,2.35,$38.06,-20.08%,,,,$38.35,0.76%,$440.46,1057.29%,$515.41,1254.20%,DB,NYSE:DB,-0.104,$40.50,2.72%
NYSE:DBI,4 Feb 2026,$8.49,3,$6.25,2,1.45,$6.55,-4.58%,,,,$6.43,-1.83%,$4.68,-28.52%,$18.71,185.66%,DBI,NYSE:DBI,-0.531,$7.75,-19.35%
NASDAQ:DBX,11 Feb 2026,$25.55,3,,,0.56,$34.81,-26.60%,,,,$33.22,-4.57%,$0.00,-100.00%,$0.00,-100.00%,DBX,NASDAQ:DBX,-0.830,$26.17,
NYSE:DCI,6 Nov 2025,$76.88,2,,,1.23,$98.61,-22.04%,,,,$96.93,-1.70%,$151.34,53.47%,$165.20,67.52%,DCI,NYSE:DCI,-0.581,$96.80,
NASDAQ:DCOM,2 Oct 2025,$31.72,3,$36.00,5,,,#DIV/0!,,,,,#DIV/0!,-$2.00,#DIV/0!,-$2.00,#DIV/0!,DCOM,NASDAQ:DCOM,-2.000,,
NASDAQ:DCTH,11 Dec 2025,$11.63,3,$24.00,6,0.62,$15.11,-23.02%,,,,$14.37,-4.90%,$0.00,-100.00%,$0.00,-100.00%,DCTH,NASDAQ:DCTH,-0.948,$23.55,1.91%
NYSE:DD,5 Aug 2026,$157.25,4,$165.80,8,3.51,$142.47,10.37%,10.37%,$157.25,$169.81,$150.17,5.40%,$0.00,-100.00%,$0.00,-100.00%,DD,NYSE:DD,0.383,$169.81,-2.36%
NYSE:DDD,19 Nov 2025,$2.85,3,$3.63,6,0.63,$3.69,-22.76%,,,,$3.35,-9.21%,$0.00,-100.00%,$0.00,-100.00%,DDD,NYSE:DDD,-0.943,$5.50,-34.00%
NASDAQ:DDOG,18 Aug 2025,$131.92,3,$161.38,8,0.51,$233.93,-43.61%,,,,$224.03,-4.23%,$0.00,-100.00%,$0.00,-100.00%,DDOG,NASDAQ:DDOG,-0.948,$276.07,-41.54%
NYSE:DDS,21 May 2024,$424.51,3,,,2.13,$612.14,-30.65%,,,,$616.22,0.67%,"$1,548.86",153.02%,"$1,696.21",177.09%,DDS,NYSE:DDS,-0.161,$537.00,
NYSE:DEA,13 Nov 2025,$33.12,3,$23.30,4,1.93,$24.96,-6.65%,,,,$24.91,-0.20%,$0.00,-100.00%,$0.00,-100.00%,DEA,NYSE:DEA,-0.274,$24.64,-5.44%
NYSE:DECK,13 Apr 2026,$122.67,3,$124.47,2,0.68,$97.46,25.87%,,,,$94.11,-3.44%,$0.00,-100.00%,$0.00,-100.00%,DECK,NYSE:DECK,-0.889,$122.81,1.35%
NYSE:DEO,20 Mar 2026,$109.50,3,$107.50,8,1.05,$96.35,11.57%,,,,$95.00,-1.40%,$0.00,-100.00%,$0.00,-100.00%,DEO,NYSE:DEO,-0.677,$101.43,5.98%
NASDAQ:DFDV,3 Jun 2025,$23.65,3,,,0.63,$2.89,718.41%,,,,$2.66,-7.96%,-$9.25,-420.00%,-$9.21,-418.54%,DFDV,NASDAQ:DFDV,-0.942,$5.85,
NYSE:DFH,26 Mar 2025,$30.22,3,$32.00,4,0.55,$15.03,101.07%,,,,$13.64,-9.25%,$0.00,-100.00%,$0.00,-100.00%,DFH,NYSE:DFH,-0.932,$18.00,77.78%
NASDAQ:DGII,29 Jan 2026,$43.01,3,$48.80,7,0.61,$81.70,-47.35%,,,,$78.09,-4.42%,$0.00,-100.00%,$0.00,-100.00%,DGII,NASDAQ:DGII,-0.837,$72.20,-32.41%
NYSE:DGX,29 Jul 2024,$148.07,3,,,1.28,$238.35,-37.88%,,,,$235.26,-1.30%,$354.73,48.83%,$441.11,85.07%,DGX,NYSE:DGX,-0.573,$245.87,
NYSE:DHI,29 May 2026,$164.34,5,$164.82,7,1.10,$151.08,8.78%,,,,$145.16,-3.92%,$178.92,18.43%,$182.82,21.01%,DHI,NYSE:DHI,-0.662,$162.92,1.17%
NYSE:DHR,13 Nov 2025,$244.54,3,$243.45,9,0.80,$204.76,18.90%,,,,$194.84,-4.84%,$225.25,10.01%,$260.92,27.43%,DHR,NYSE:DHR,-0.804,$227.96,6.80%
NASDAQ:DIOD,28 Jan 2026,$63.86,3,$58.67,7,0.64,$105.17,-44.21%,,,,$97.07,-7.70%,$0.00,-100.00%,$0.00,-100.00%,DIOD,NASDAQ:DIOD,-0.902,$129.50,-54.69%
NASDAQ:DJCO,11 Feb 2026,$662.32,3,,5,0.26,$564.69,17.29%,,,,$544.68,-3.54%,$623.64,10.44%,$625.24,10.72%,DJCO,NASDAQ:DJCO,-0.894,,
NYSE:DKL,25 Jun 2026,$49.01,1,,,1.46,$56.75,-13.64%,,,,$56.20,-0.97%,$0.00,-100.00%,$0.00,-100.00%,DKL,NYSE:DKL,-0.483,$56.00,
NASDAQ:DKNG,18 Aug 2025,$46.45,3,$54.69,7,0.64,$24.03,93.30%,,,,$21.09,-12.23%,$0.00,-100.00%,$0.00,-100.00%,DKNG,NASDAQ:DKNG,-0.938,$34.78,57.25%
NYSE:DLX,17 Jul 2026,$28.09,3,,5,1.17,$25.01,12.32%,12.32%,$28.09,$32.67,$24.55,-1.84%,$0.00,-100.00%,$0.00,-100.00%,DLX,NYSE:DLX,-0.682,$32.67,
NASDAQ:DMLP,20 Sep 2025,$25.83,1,$25.30,1,2.33,$26.08,-2.99%,,,,$25.94,-0.54%,$0.00,-100.00%,$0.00,-100.00%,DMLP,NASDAQ:DMLP,-0.066,,
NASDAQ:DMRC,14 Jan 2026,$14.02,3,$10.00,2,,$7.95,25.79%,,,,,-100.00%,-$2.00,-125.16%,-$2.00,-125.16%,DMRC,NASDAQ:DMRC,-2.000,,
NYSEAMERICAN:DNN,31 Jul 2024,$1.76,0,,,,$3.22,-45.34%,,,,,-100.00%,-$2.00,-162.11%,-$2.00,-162.11%,DNN,NYSEAMERICAN:DNN,-2.000,,
NASDAQ:DNUT,22 Dec 2023,$17.24,4,,,1.42,$3.34,416.11%,,,,$3.22,-3.59%,$0.00,-100.00%,$0.00,-100.00%,DNUT,NASDAQ:DNUT,-0.562,$4.22,
NYSE:DOLE,6 Mar 2026,$17.35,3,$14.00,4,1.65,$13.83,1.23%,,,,$13.69,-1.01%,$12.02,-13.06%,$20.02,44.75%,DOLE,NYSE:DOLE,-0.463,$17.69,-20.86%
NYSE:DOV,11 Nov 2025,$186.11,3,$210.90,7,1.43,$211.13,-11.85%,,,,$209.93,-0.57%,$259.93,23.11%,$298.77,41.51%,DOV,NYSE:DOV,-0.534,$247.56,-14.81%
NASDAQ:DOX,21 May 2026,$85.47,3,$74.50,10,1.42,$58.55,27.24%,,,,$58.04,-0.87%,$0.00,-100.00%,$0.00,-100.00%,DOX,NASDAQ:DOX,-0.588,$81.21,-8.26%
NASDAQ:DOYU,2 Apr 2025,$7.06,3,$9.75,9,,$4.71,49.81%,,,,,-100.00%,-$2.00,-142.46%,-$2.00,-142.46%,DOYU,NASDAQ:DOYU,-2.000,,
NASDAQ:DPZ,9 Apr 2025,$433.44,3,$487.39,9,0.91,$350.95,23.50%,,,,$344.76,-1.76%,$510.81,45.55%,$552.09,57.31%,DPZ,NASDAQ:DPZ,-0.752,$386.74,26.03%
NYSE:DQ,9 Feb 2026,$22.12,3,$28.07,5,0.61,$14.72,50.27%,,,,$13.50,-8.29%,$62.78,326.47%,$118.30,703.68%,DQ,NYSE:DQ,-0.951,$23.95,17.20%
NYSE:DRD,28 Feb 2024,$9.55,4,,,,$23.63,-59.59%,,,,,-100.00%,-$2.00,-108.46%,-$2.00,-108.46%,DRD,NYSE:DRD,-2.000,,
NYSE:DRH,23 Dec 2025,$11.46,5,$9.65,3,,$12.53,-22.98%,,,,,-100.00%,-$2.00,-115.96%,-$2.00,-115.96%,DRH,NASDAQ:DRH,-2.000,,
NYSE:DRI,18 Sep 2025,$167.77,1,,,1.78,$213.76,-21.52%,,,,$211.64,-0.99%,$274.89,28.60%,$348.56,63.06%,DRI,NYSE:DRI,-0.356,$228.54,
NASDAQ:DRVN,4 Apr 2025,$17.90,3,$19.91,7,0.71,$13.33,34.28%,,,,$12.54,-5.93%,$0.00,-100.00%,$0.00,-100.00%,DRVN,NASDAQ:DRVN,-0.877,$17.01,17.05%
NYSE:DSX,5 Mar 2026,$3.21,4,,,1.54,$2.42,32.64%,,,,$2.38,-1.65%,$0.00,-100.00%,$0.00,-100.00%,DSX,NYSE:DSX,-0.539,$3.80,
NYSE:DT,10 Feb 2026,$53.18,3,$54.08,8,0.48,$48.97,8.61%,,,,$47.29,-3.43%,$0.00,-100.00%,$0.00,-100.00%,DT,NYSE:DT,-0.913,$47.91,12.88%
NYSE:DUK,19 Sep 2025,$124.46,3,$130.90,7,1.40,$124.85,-0.31%,,,,$121.99,-2.29%,$0.00,-100.00%,$0.00,-100.00%,DUK,NYSE:DUK,-0.537,$138.42,-5.43%
NASDAQ:DUOL,8 Feb 2026,$234.17,3,$232.22,4,0.41,$130.90,77.40%,,,,$118.63,-9.37%,$0.00,-100.00%,$0.00,-100.00%,DUOL,NASDAQ:DUOL,-0.933,$120.79,92.25%
NASDAQ:DVLT,14 Jan 2026,$1.31,3,,,0.62,$0.31,324.16%,,,,$0.28,-9.68%,$0.22,-29.66%,$0.36,17.03%,DVLT,NASDAQ:DVLT,-0.946,$2.50,
NYSE:DVN,27 Jan 2026,$43.47,4,$43.37,10,1.43,$42.98,0.91%,,,,$42.20,-1.81%,$0.00,-100.00%,$0.00,-100.00%,DVN,NYSE:DVN,-0.584,$59.38,-26.96%
NASDAQ:DXCM,11 Dec 2025,$71.56,4,$85.74,7,0.82,$84.75,-15.56%,,,,$80.67,-4.81%,$110.80,30.74%,$122.54,44.59%,DXCM,NASDAQ:DXCM,-0.791,$93.44,-8.24%
NYSE:DY,23 Aug 2024,$143.30,1,,,1.11,$407.99,-64.88%,,,,$389.98,-4.41%,$631.63,54.82%,$349.31,-14.38%,DY,NYSE:DY,-0.728,$637.27,
NASDAQ:EA,2 Jan 2026,$198.31,3,,,1.55,$209.70,-5.43%,,,,$209.88,0.09%,$306.01,45.93%,$323.97,54.49%,EA,NASDAQ:EA,-0.440,$205.79,
NASDAQ:EBAY,22 Feb 2026,$73.85,1,$99.00,7,0.85,$111.98,-34.05%,,,,$108.83,-2.81%,$0.00,-100.00%,$0.00,-100.00%,EBAY,NASDAQ:EBAY,-0.751,$110.29,-10.24%
NASDAQ:EBC,1 Jun 2026,$20.59,3,$22.75,7,0.88,$22.84,-9.85%,,,,$22.46,-1.66%,$0.00,-100.00%,$0.00,-100.00%,EBC,NASDAQ:EBC,-0.764,$25.12,-9.43%
NYSE:EBF,23 Jun 2026,$22.32,4,,,2.47,$22.30,0.09%,,,,$22.44,0.63%,$51.66,131.67%,$58.24,161.17%,EBF,NYSE:EBF,-0.051,$24.00,
NYSE:EBS,5 Jan 2026,$13.61,3,$15.00,5,0.76,$4.84,181.27%,,,,$4.67,-3.51%,$0.00,-100.00%,$0.00,-100.00%,EBS,NYSE:EBS,-0.883,$12.00,25.00%
NYSE:ECO,5 Mar 2026,$47.32,2,,,2.01,$61.86,-23.50%,,,,$60.91,-1.54%,$0.00,-100.00%,$0.00,-100.00%,ECO,NYSE:ECO,-0.288,$75.00,
NASDAQ:ECPG,23 Jun 2026,$78.21,3,$113.33,10,0.71,$100.20,-21.95%,,,,$93.84,-6.35%,$0.00,-100.00%,$0.00,-100.00%,ECPG,NASDAQ:ECPG,-0.845,$113.33,0.00%
NASDAQ:ECX,10 Sep 2025,$1.94,4,,3,0.65,$1.10,76.73%,,,,$1.04,-5.45%,-$1.07,-197.28%,-$1.13,-202.30%,ECX,NASDAQ:ECX,-0.932,$3.23,
NYSE:ED,16 Sep 2025,$102.44,3,$102.88,2,1.52,$107.98,-5.13%,,,,$106.53,-1.34%,$0.00,-100.00%,$0.00,-100.00%,ED,NYSE:ED,-0.468,$111.85,-8.02%
NYSE:EDN,16 Dec 2025,$46.50,3,,5,0.74,$24.30,91.36%,,,,$23.33,-3.99%,-$95.66,-493.65%,$7.01,-71.15%,EDN,NYSE:EDN,-0.894,$40.00,
NYSE:EDU,19 Aug 2025,$59.25,3,,,0.83,$56.43,5.00%,,,,$54.47,-3.47%,$0.00,-100.00%,$0.00,-100.00%,EDU,NYSE:EDU,-0.828,$73.21,
NASDAQ:EEFT,11 Feb 2026,$105.16,3,$96.80,7,0.57,$72.08,34.30%,,,,$68.64,-4.77%,$0.00,-100.00%,$0.00,-100.00%,EEFT,NASDAQ:EEFT,-0.927,$87.50,10.63%
NYSE:EFX,10 May 2024,$252.67,3,,,0.75,$182.56,38.40%,,,,$172.77,-5.36%,$237.85,30.29%,$344.52,88.72%,EFX,NYSE:EFX,-0.835,$210.52,
NASDAQ:EGAN,28 Jan 2026,$10.58,3,$15.17,6,0.62,$7.33,44.34%,,,,$6.98,-4.77%,$18.16,147.70%,$18.92,158.16%,EGAN,NASDAQ:EGAN,-0.946,$12.83,18.24%
NASDAQ:EGBN,23 Dec 2025,$22.58,3,$18.50,6,1.03,$27.71,-33.24%,,,,$27.26,-1.62%,$0.00,-100.00%,$0.00,-100.00%,EGBN,NASDAQ:EGBN,-0.702,$30.70,-39.74%
NASDAQ:EGHT,22 Jan 2026,$2.71,3,$2.25,3,0.49,$2.30,-2.17%,,,,$2.17,-5.65%,$0.00,-100.00%,$0.00,-100.00%,EGHT,NASDAQ:EGHT,-0.933,$2.50,-10.00%
NYSE:EGY,26 Aug 2025,$6.31,3,,,1.88,$5.55,13.61%,,,,$5.46,-1.62%,$0.00,-100.00%,$0.00,-100.00%,EGY,NYSE:EGY,-0.388,$9.90,
NASDAQ:EH,3 Sep 2025,$17.27,3,,,0.67,$5.74,200.78%,,,,$5.22,-9.06%,$5.35,-6.85%,$5.40,-5.88%,EH,NASDAQ:EH,-0.923,$11.46,
NYSE:EHC,31 Dec 2025,$95.51,2,$145.00,8,0.85,$125.23,-23.73%,,,,$117.39,-6.26%,$0.00,-100.00%,$0.00,-100.00%,EHC,NYSE:EHC,-0.782,$140.50,3.20%
NYSE:EIX,29 Jun 2026,$78.39,4,$76.14,4,2.20,$68.62,10.96%,,,,$67.69,-1.36%,-$31.83,-146.38%,-$77.85,-213.45%,EIX,NYSE:EIX,-0.179,$76.54,-0.52%
NYSE:EL,18 Aug 2025,$118.27,3,$95.25,6,0.89,$88.35,7.81%,,,,$84.02,-4.90%,$91.37,3.42%,$133.07,50.61%,EL,NYSE:EL,-0.757,$95.85,-0.63%
NYSE:ELF,18 Aug 2025,$118.35,3,,,0.35,$98.49,20.16%,,,,$87.89,-10.76%,$0.00,-100.00%,$0.00,-100.00%,ELF,NYSE:ELF,-0.943,$82.12,
NYSE:ELME,4 Aug 2026,$2.41,4,,4,3.60,$1.62,48.91%,48.91%,$2.41,$18.00,$1.68,3.70%,$0.00,-100.00%,$0.00,-100.00%,ELME,NYSE:ELME,0.376,$18.00,
NYSE:ELP,13 Feb 2025,$6.84,3,$8.20,6,,,#DIV/0!,,,,,#DIV/0!,-$2.00,#DIV/0!,-$2.00,#DIV/0!,ELP,NYSE:ELP,-2.000,,
NYSE:ELS,19 Sep 2025,$70.10,5,$67.65,7,1.48,$65.17,3.81%,,,,$64.10,-1.64%,$0.00,-100.00%,$0.00,-100.00%,ELS,NYSE:ELS,-0.492,$70.71,-4.33%
NASDAQ:ELVR,11 Dec 2025,$44.92,3,,,,$60.34,-25.56%,,,,,-100.00%,-$2.00,-103.31%,-$2.00,-103.31%,ELVR,NASDAQ:ELVR,-2.000,,
NYSE:EME,23 Aug 2025,$518.72,1,$670.50,8,0.94,$816.90,-36.50%,,,,$788.60,-3.46%,"$1,095.30",34.08%,"$1,173.68",43.68%,EME,NYSE:EME,-0.778,"$1,044.14",-35.78%
NYSE:EMR,19 Nov 2025,$120.30,2,$146.64,9,0.95,$158.26,-23.98%,,,,$154.99,-2.07%,$0.00,-100.00%,$0.00,-100.00%,EMR,NYSE:EMR,-0.720,$165.77,-11.54%
NYSE:ENB,19 Aug 2025,$43.53,2,,,1.83,$51.28,-15.12%,,,,$51.37,0.18%,$0.00,-100.00%,$0.00,-100.00%,ENB,NYSE:ENB,-0.325,$52.41,
NYSE:ENOV,11 Dec 2025,$37.01,3,$49.00,5,0.68,$26.61,39.10%,,,,$23.85,-10.37%,$0.00,-100.00%,$0.00,-100.00%,ENOV,NYSE:ENOV,-0.918,$41.58,17.85%
NYSE:ENS,11 Mar 2026,$152.00,3,,,1.34,$191.72,-20.72%,,,,$185.20,-3.40%,$370.78,93.40%,$422.58,120.41%,ENS,NYSE:ENS,-0.607,$252.58,
NASDAQ:ENSG,3 Jul 2025,$137.40,2,,,0.88,$182.97,-24.91%,,,,$177.91,-2.77%,$258.47,41.27%,$292.88,60.07%,ENSG,NASDAQ:ENSG,-0.786,$220.00,
NASDAQ:ENTG,9 Feb 2026,$124.28,3,$123.14,3,0.46,$152.08,-19.03%,,,,$138.68,-8.81%,$0.00,-100.00%,$0.00,-100.00%,ENTG,NASDAQ:ENTG,-0.948,$163.64,-24.75%
NASDAQ:ENVX,20 Aug 2025,$9.75,3,,,0.78,$4.70,107.38%,,,,$4.15,-11.70%,$0.65,-86.19%,$1.12,-76.25%,ENVX,NASDAQ:ENVX,-0.874,$12.95,
NYSE:EOG,2 Jul 2026,$143.14,4,$155.08,6,1.54,$134.74,6.24%,,,,$133.30,-1.07%,$0.00,-100.00%,$0.00,-100.00%,EOG,NYSE:EOG,-0.489,$158.33,-2.05%
NYSE:EPAC,11 Nov 2025,$44.87,3,$51.00,1,1.17,$37.72,18.97%,,,,$36.95,-2.04%,$76.94,103.98%,$82.30,118.20%,EPAC,NYSE:EPAC,-0.676,$48.00,6.25%
NYSE:EPAM,26 Mar 2026,$178.81,3,$199.40,8,0.62,$97.43,83.52%,,,,$89.61,-8.03%,$0.00,-100.00%,$0.00,-100.00%,EPAM,NYSE:EPAM,-0.943,$133.94,48.87%
NYSE:EQBK,16 Mar 2026,$41.43,3,$52.50,4,1.30,$50.94,-18.67%,,,,$49.60,-2.63%,$0.00,-100.00%,$0.00,-100.00%,EQBK,NYSE:EQBK,-0.571,$54.86,-4.30%
NYSE:EQNR,9 Sep 2025,$26.30,4,$25.60,9,2.10,$38.92,-34.22%,,,,$39.20,0.72%,$90.64,132.88%,$134.97,246.78%,EQNR,NYSE:EQNR,-0.177,$34.74,-26.31%
NYSE:EQT,20 Aug 2025,$46.57,2,,,0.82,$51.69,-9.91%,,,,$50.16,-2.96%,$58.47,13.12%,$99.94,93.35%,EQT,NYSE:EQT,-0.837,$67.68,
NASDAQ:ERIC,27 May 2026,$11.70,1,$10.60,8,1.95,$10.15,4.43%,,,,$10.15,0.00%,$10.46,3.03%,$15.21,49.81%,ERIC,NASDAQ:ERIC,-0.257,$9.67,9.62%
NASDAQ:ERII,4 Sep 2025,$16.86,3,$17.00,6,0.67,$8.68,94.25%,,,,$8.32,-4.15%,$0.00,-100.00%,$0.00,-100.00%,ERII,NASDAQ:ERII,-0.895,$11.00,54.55%
NYSE:ERO,2 Sep 2025,$21.17,3,$18.76,5,0.44,$34.31,-45.32%,,,,$30.40,-11.40%,$0.00,-100.00%,$0.00,-100.00%,ERO,NYSE:ERO,-0.948,$35.87,-47.70%
NYSE:ESAB,23 Dec 2025,$119.83,3,$147.33,7,0.69,$91.86,30.45%,,,,$88.87,-3.25%,$0.00,-100.00%,$0.00,-100.00%,ESAB,NYSE:ESAB,-0.913,$135.40,8.81%
NYSE:ESE,29 Jan 2026,$185.93,2,$275.00,4,0.58,$305.72,-39.18%,,,,$284.35,-6.99%,$0.00,-100.00%,$0.00,-100.00%,ESE,NYSE:ESE,-0.931,$385.00,-28.57%
NASDAQ:ESEA,5 Mar 2026,$65.04,3,,,2.40,$75.29,-13.61%,,,,$75.58,0.39%,$189.79,152.08%,$226.62,201.00%,ESEA,NASDAQ:ESEA,-0.105,$88.67,
NASDAQ:ESLT,24 Oct 2025,$494.42,3,,,0.88,$859.14,-42.45%,,,,$834.49,-2.87%,$941.52,9.59%,"$1,005.54",17.04%,ESLT,NASDAQ:ESLT,-0.739,$846.33,
NYSE:ESNT,23 Jun 2026,$59.83,4,$68.00,1,1.51,$68.72,-12.94%,,,,$64.90,-5.56%,$0.00,-100.00%,$0.00,-100.00%,ESNT,NYSE:ESNT,-0.464,$68.71,-1.03%
NASDAQ:ESQ,21 Oct 2025,$91.76,3,$110.00,5,0.60,$131.38,-30.15%,,,,$126.15,-3.98%,$0.00,-100.00%,$0.00,-100.00%,ESQ,NASDAQ:ESQ,-0.866,$130.00,-15.38%
NYSE:ESS,16 Sep 2025,$294.27,5,$293.97,7,2.05,$288.10,2.04%,,,,$284.03,-1.41%,$308.89,7.21%,$398.78,38.42%,ESS,NYSE:ESS,-0.233,$302.59,-2.85%
NASDAQ:ESTA,4 Dec 2025,$72.19,3,$71.75,6,0.59,$77.42,-7.32%,,,,$73.12,-5.55%,$0.00,-100.00%,$0.00,-100.00%,ESTA,NASDAQ:ESTA,-0.927,$97.22,-26.20%
NYSE:ESTC,19 Aug 2025,$94.39,3,$107.50,2,1.11,$75.11,25.67%,,,,$65.95,-12.20%,$123.73,64.73%,$125.32,66.85%,ESTC,NYSE:ESTC,-0.638,$74.00,45.27%
NYSE:ET,2 Jul 2026,$19.05,1,,,2.42,$20.13,-5.37%,,,,$20.35,1.09%,$0.00,-100.00%,$0.00,-100.00%,ET,NYSE:ET,-0.098,$23.95,
NYSE:ETD,11 Nov 2024,$36.07,4,,,1.58,$23.71,52.11%,,,,$23.50,-0.89%,$47.96,102.29%,$49.42,108.44%,ETD,NYSE:ETD,-0.413,$22.00,
NYSE:ETN,11 Nov 2025,$317.45,1,,,0.78,$448.68,-29.25%,,,,$436.76,-2.66%,$0.00,-100.00%,$0.00,-100.00%,ETN,NYSE:ETN,-0.795,$464.59,
NYSE:ETR,24 Oct 2025,$79.12,1,,,1.59,$107.18,-26.18%,,,,$105.61,-1.46%,$0.00,-100.00%,$0.00,-100.00%,ETR,NYSE:ETR,-0.464,$124.21,
NASDAQ:EVCM,9 Feb 2026,$14.79,3,$12.00,3,0.60,$10.92,9.89%,,,,$9.96,-8.79%,$0.00,-100.00%,$0.00,-100.00%,EVCM,NASDAQ:EVCM,-0.869,$11.00,9.09%
NYSE:EVTC,11 Feb 2026,$34.62,3,$30.50,4,0.72,$29.85,2.18%,,,,$29.08,-2.58%,$0.00,-100.00%,$0.00,-100.00%,EVTC,NYSE:EVTC,-0.837,$33.00,-7.58%
NYSE:EVTL,1 Sep 2025,$5.43,3,$11.60,5,1.06,$1.36,299.26%,,,,$1.25,-8.09%,-$1.54,-212.95%,-$1.47,-208.19%,EVTL,NYSE:EVTL,-0.752,$9.27,25.13%
NYSE:EW,11 Dec 2025,$87.08,3,$95.29,8,0.58,$89.72,-2.94%,,,,$86.15,-3.98%,$0.00,-100.00%,$0.00,-100.00%,EW,NYSE:EW,-0.902,$100.96,-5.62%
NASDAQ:EWBC,18 Mar 2026,$117.29,3,,,1.28,$131.70,-10.94%,,,,$129.52,-1.66%,$0.00,-100.00%,$0.00,-100.00%,EWBC,NASDAQ:EWBC,-0.591,$147.19,
NASDAQ:EXC,28 Apr 2026,$47.55,3,$50.83,5,1.68,$45.61,4.25%,,,,$44.87,-1.62%,$0.00,-100.00%,$0.00,-100.00%,EXC,NASDAQ:EXC,-0.404,$49.44,2.81%
NASDAQ:EXE,22 Jan 2026,$97.25,3,$133.00,9,1.66,$92.84,4.75%,,,,$91.56,-1.38%,$114.84,23.69%,$230.07,147.81%,EXE,NASDAQ:EXE,-0.473,$126.04,5.52%
NASDAQ:EXFY,9 Feb 2026,$2.87,3,$5.00,2,0.22,$2.69,6.69%,,,,$2.07,-23.05%,$0.00,-100.00%,$0.00,-100.00%,EXFY,NASDAQ:EXFY,-0.948,$1.13,342.48%
NYSE:EXK,12 Aug 2025,$5.26,3,,,0.62,$9.54,-44.85%,,,,$8.87,-7.02%,$0.00,-100.00%,$0.00,-100.00%,EXK,NYSE:EXK,-0.948,$15.50,
NASDAQ:EXLS,24 Feb 2026,$44.69,5,$53.00,3,1.02,$34.89,28.09%,,,,$34.02,-2.49%,$60.82,74.31%,$67.28,92.83%,EXLS,NASDAQ:EXLS,-0.742,$44.38,19.42%
NYSE:EXP,23 Aug 2025,$240.86,4,$230.75,1,1.05,$214.29,7.68%,,,,$209.24,-2.36%,$0.00,-100.00%,$0.00,-100.00%,EXP,NYSE:EXP,-0.680,$226.78,1.75%
NASDAQ:EXPE,4 Mar 2026,$219.55,3,$275.04,6,0.61,$310.68,-29.33%,,,,$297.92,-4.11%,$0.00,-100.00%,$0.00,-100.00%,EXPE,NASDAQ:EXPE,-0.851,$293.71,-6.36%
NYSE:EXR,12 Oct 2025,$164.54,3,$156.20,5,1.58,$149.54,4.45%,,,,$148.98,-0.37%,$0.00,-100.00%,$0.00,-100.00%,EXR,NYSE:EXR,-0.441,$157.60,-0.89%
NYSE:F,15 Dec 2025,$13.76,1,,1,2.48,$13.98,-1.57%,,,,$13.94,-0.29%,-$19.61,-240.24%,$1.01,-92.81%,F,NYSE:F,-0.060,$15.78,
NASDAQ:FANG,20 Sep 2025,$163.23,3,$183.50,2,1.48,$188.04,-13.19%,,,,$184.31,-1.98%,$0.00,-100.00%,$0.00,-100.00%,FANG,NASDAQ:FANG,-0.527,$232.79,-21.17%
NASDAQ:FAST,14 Jun 2024,$55.48,2,,,1.38,$51.84,7.02%,,,,$50.12,-3.32%,$57.07,10.09%,$59.69,15.15%,FAST,NASDAQ:FAST,-0.502,$47.84,
NYSE:FBIN,28 Apr 2026,$58.23,5,$48.75,6,0.89,$50.78,-4.00%,,,,$49.42,-2.68%,$0.00,-100.00%,$0.00,-100.00%,FBIN,NYSE:FBIN,-0.756,$54.85,-11.12%
NASDAQ:FBIZ,8 Oct 2025,$51.75,3,$58.00,7,1.60,$71.12,-27.24%,,,,$70.27,-1.20%,-$75.57,-206.26%,-$67.94,-195.52%,FBIZ,NASDAQ:FBIZ,-0.437,$76.20,-23.88%
NASDAQ:FBNC,7 Oct 2025,$47.21,3,,,1.10,$64.67,-27.00%,,,,$63.13,-2.38%,$0.00,-100.00%,$0.00,-100.00%,FBNC,NASDAQ:FBNC,-0.659,$69.40,
NYSE:FBP,27 May 2026,$27.08,3,$26.00,6,2.00,$28.67,-9.31%,,,,$28.82,0.52%,$0.00,-100.00%,$0.00,-100.00%,FBP,NYSE:FBP,-0.264,$31.00,-16.13%
NYSE:FC,15 Oct 2025,$24.97,3,$32.00,4,1.12,$21.81,14.49%,,,,$20.94,-3.99%,$41.49,90.25%,$20.22,-7.28%,FC,NYSE:FC,-0.725,$31.00,3.23%
NASDAQ:FCBC,21 Oct 2025,$36.41,3,,5,1.62,$48.21,-24.48%,,,,$47.62,-1.22%,$0.00,-100.00%,$0.00,-100.00%,FCBC,NASDAQ:FCBC,-0.421,$50.00,
NASDAQ:FCCO,2 Oct 2025,$26.67,3,$30.00,7,1.02,$34.21,-22.05%,,,,$32.35,-5.44%,$0.00,-100.00%,$0.00,-100.00%,FCCO,NASDAQ:FCCO,-0.700,$37.33,-19.64%
NYSE:FCF,18 Nov 2025,$17.15,3,$19.00,3,1.65,$21.51,-20.27%,,,,$21.13,-1.77%,$0.00,-100.00%,$0.00,-100.00%,FCF,NYSE:FCF,-0.427,$24.08,-21.10%
NYSE:FCN,13 Nov 2025,$198.73,3,$165.00,9,0.72,$151.43,8.96%,,,,$145.44,-3.96%,$313.48,107.01%,$335.81,121.76%,FCN,NYSE:FCN,-0.848,$176.00,-6.25%
NYSE:FCPT,4 Sep 2025,$29.64,4,$29.40,6,1.91,$25.10,17.13%,,,,$25.10,0.00%,$0.00,-100.00%,$0.00,-100.00%,FCPT,NYSE:FCPT,-0.313,$28.22,4.18%
NYSE:FDP,13 Nov 2025,$39.53,3,,4,,,#DIV/0!,,,,,#DIV/0!,-$2.00,#DIV/0!,-$2.00,#DIV/0!,FDP,NYSE:FDP,-2.000,,
NYSE:FE,19 Sep 2025,$47.44,4,$46.00,7,1.76,$47.47,-3.10%,,,,$46.73,-1.56%,-$18.51,-138.99%,-$1.84,-103.88%,FE,NYSE:FE,-0.380,$53.23,-13.58%
NASDAQ:FELE,6 Nov 2025,$93.75,3,,,1.18,$109.46,-14.35%,,,,$108.32,-1.04%,$166.93,52.50%,$181.74,66.03%,FELE,NASDAQ:FELE,-0.628,$118.50,
NYSE:FERG,8 Jul 2024,$169.94,2,,,1.73,$256.69,-33.80%,,,,$254.90,-0.70%,$367.39,43.13%,$393.20,53.18%,FERG,NYSE:FERG,-0.385,$279.42,
NYSE:FF,15 May 2025,$5.93,5,,7,2.03,$5.09,16.50%,,,,$5.06,-0.59%,$28.50,459.87%,$26.50,420.67%,FF,NYSE:FF,-0.321,$14.00,
NASDAQ:FFAI,15 Dec 2025,$1.88,3,,,0.62,$4.10,-54.17%,,,,$3.85,-6.10%,-$248.54,-6161.93%,-$114.15,-2884.19%,FFAI,NASDAQ:FFAI,-0.947,$48.00,
NASDAQ:FFBC,20 Mar 2026,$29.92,3,$31.67,5,2.15,$33.66,-11.12%,,,,$33.68,0.06%,$0.00,-100.00%,$0.00,-100.00%,FFBC,NASDAQ:FFBC,-0.203,$37.57,-15.70%
NASDAQ:FFIC,27 Oct 2025,$16.10,4,$15.00,5,,,#DIV/0!,,,,,#DIV/0!,-$2.00,#DIV/0!,-$2.00,#DIV/0!,FFIC,NASDAQ:FFIC,-2.000,,
NASDAQ:FFIN,19 Nov 2025,$32.29,3,$37.50,5,1.46,$34.67,-6.86%,,,,$34.29,-1.10%,$0.00,-100.00%,$0.00,-100.00%,FFIN,NASDAQ:FFIN,-0.497,$37.00,1.35%
NYSE:FFWM,18 Nov 2025,$6.01,3,$6.38,5,,,#DIV/0!,,,,,#DIV/0!,-$2.00,#DIV/0!,-$2.00,#DIV/0!,FFWM,NYSE:FFWM,-2.000,,
NASDAQ:FHB,16 Apr 2026,$28.27,3,$26.67,2,2.22,$27.49,-2.98%,,,,$27.59,0.36%,$0.00,-100.00%,$0.00,-100.00%,FHB,NASDAQ:FHB,-0.172,$30.67,-13.04%
NYSE:FHN,28 May 2026,$23.86,3,$26.61,3,1.57,$25.46,-6.27%,,,,$25.16,-1.18%,$0.00,-100.00%,$0.00,-100.00%,FHN,NYSE:FHN,-0.459,$28.00,-4.96%
NASDAQ:FIBK,27 May 2026,$35.12,3,$36.60,3,2.73,$37.53,-6.42%,,,,$38.43,2.40%,$0.00,-100.00%,$0.00,-100.00%,FIBK,NASDAQ:FIBK,0.077,$37.75,-3.05%
NYSE:FIG,29 Jan 2026,$46.89,3,$51.00,5,0.57,$23.29,101.31%,,,,$22.34,-4.08%,$0.00,-100.00%,$0.00,-100.00%,FIG,NYSE:FIG,-0.948,$30.40,67.76%
NYSE:FINV,24 Oct 2025,$5.94,3,,6,1.91,$4.86,22.22%,,,,$4.84,-0.41%,$25.06,415.67%,$25.84,431.76%,FINV,NYSE:FINV,-0.372,$7.30,
NYSE:FIS,11 Feb 2026,$71.87,3,,,1.28,$42.77,68.04%,,,,$41.88,-2.08%,$0.00,-100.00%,$0.00,-100.00%,FIS,NYSE:FIS,-0.624,$54.27,
NASDAQ:FISI,20 Oct 2025,$28.36,3,$30.00,5,1.87,$41.65,-31.91%,,,,$41.21,-1.06%,$0.00,-100.00%,$0.00,-100.00%,FISI,NASDAQ:FISI,-0.322,$45.00,-33.33%
NASDAQ:FITB,27 May 2026,$50.92,3,$57.17,9,1.68,$56.96,-10.61%,,,,$56.90,-0.11%,$0.00,-100.00%,$0.00,-100.00%,FITB,NASDAQ:FITB,-0.410,$62.90,-9.11%
NYSE:FIX,23 Aug 2025,$534.79,1,$736.60,8,0.99,"$1,694.55",-68.44%,,,,"$1,634.29",-3.56%,"$3,268.06",92.86%,"$3,340.89",97.16%,FIX,NYSE:FIX,-0.762,"$2,210.86",-66.68%
NASDAQ:FIZZ,17 Mar 2026,$41.05,3,$35.00,2,2.16,$32.13,8.93%,,,,$32.01,-0.37%,$59.44,84.99%,$63.59,97.92%,FIZZ,NASDAQ:FIZZ,-0.182,$33.00,6.06%
NASDAQ:FLEX,5 Feb 2026,$63.22,2,$73.75,6,0.97,$121.35,-47.90%,,,,$117.89,-2.85%,$126.52,4.26%,$151.50,24.85%,FLEX,NASDAQ:FLEX,-0.772,$160.50,-54.05%
NYSE:FLG,21 Oct 2025,$10.62,3,$13.90,6,1.47,$13.95,-23.88%,,,,$13.91,-0.29%,$0.00,-100.00%,$0.00,-100.00%,FLG,NYSE:FLG,-0.515,$16.26,-14.51%
NYSE:FLR,20 Aug 2025,$51.95,5,,5,0.51,$57.00,-8.85%,,,,$52.17,-8.47%,$0.00,-100.00%,$0.00,-100.00%,FLR,NYSE:FLR,-0.887,$52.44,
NYSE:FLS,23 Aug 2024,$48.32,3,,,1.48,$79.95,-39.56%,,,,$78.35,-2.00%,$111.17,39.06%,$124.05,55.16%,FLS,NYSE:FLS,-0.502,$89.10,
NYSE:FLUT,18 Sep 2025,$272.62,3,,,0.68,$94.74,187.75%,,,,$88.88,-6.19%,$0.00,-100.00%,$0.00,-100.00%,FLUT,NYSE:FLUT,-0.922,$154.28,
NASDAQ:FMBH,28 Apr 2026,$47.14,3,,,1.22,$51.17,-7.88%,,,,$50.83,-0.66%,$0.00,-100.00%,$0.00,-100.00%,FMBH,NASDAQ:FMBH,-0.613,$56.50,
NASDAQ:FMNB,18 Mar 2026,$14.01,3,$14.50,6,2.25,$15.69,-10.69%,,,,$15.82,0.83%,$0.00,-100.00%,$0.00,-100.00%,FMNB,NASDAQ:FMNB,-0.151,$17.00,-14.71%
NYSE:FMS,16 Mar 2026,$34.95,5,$26.00,2,1.62,$24.27,7.13%,,,,$24.16,-0.45%,$0.00,-100.00%,$0.00,-100.00%,FMS,NYSE:FMS,-0.430,$25.83,0.66%
NYSE:FMX,19 Mar 2026,$123.52,3,$128.33,8,1.65,$122.46,0.86%,,,,$122.21,-0.20%,$0.00,-100.00%,$0.00,-100.00%,FMX,NYSE:FMX,-0.417,$133.09,-3.58%
NYSE:FN,11 Dec 2025,$411.82,2,$533.80,8,0.96,$562.38,-26.77%,,,,$545.63,-2.98%,$662.21,17.75%,$569.93,1.34%,FN,NYSE:FN,-0.774,$732.44,-27.12%
NYSE:FNB,30 Mar 2026,$17.16,3,$19.63,9,1.64,$18.97,-9.54%,,,,$18.80,-0.90%,$0.00,-100.00%,$0.00,-100.00%,FNB,NYSE:FNB,-0.429,$20.94,-6.26%
NYSE:FNF,10 Apr 2025,$64.78,4,$70.33,4,1.61,$50.18,29.09%,,,,$50.11,-0.14%,$0.00,-100.00%,$0.00,-100.00%,FNF,NYSE:FNF,-0.467,$61.40,14.54%
NASDAQ:FOSL,29 Aug 2025,$4.98,5,$5.00,7,0.83,$5.38,-7.42%,,,,$5.06,-5.95%,$7.94,47.64%,$9.14,69.97%,FOSL,NASDAQ:FOSL,-0.830,$7.00,-28.57%
NASDAQ:FRHC,27 Aug 2025,$170.00,3,,,,$148.98,14.11%,,,,,-100.00%,-$2.00,-101.34%,-$2.00,-101.34%,FRHC,NASDAQ:FRHC,-2.000,,
NYSE:FRO,23 Jun 2026,$33.92,2,$43.67,8,3.18,$39.74,-14.64%,,,,$41.22,3.72%,$41.33,4.00%,$63.93,60.87%,FRO,NYSE:FRO,0.254,$44.25,-1.31%
NASDAQ:FRSH,27 Jan 2026,$14.36,3,$18.75,5,0.60,$11.84,21.27%,,,,$11.34,-4.22%,$0.00,-100.00%,$0.00,-100.00%,FRSH,NASDAQ:FRSH,-0.883,$12.77,46.83%
NYSE:FRT,23 Dec 2025,$100.99,1,,,1.36,$118.69,-14.91%,,,,$115.93,-2.33%,$0.00,-100.00%,$0.00,-100.00%,FRT,NYSE:FRT,-0.555,$132.45,
NASDAQ:FSBC,27 May 2026,$39.25,3,$44.83,7,1.94,$46.08,-14.82%,,,,$45.08,-2.17%,-$113.69,-346.72%,-$112.26,-343.62%,FSBC,NASDAQ:FSBC,-0.296,$51.00,-12.10%
NASDAQ:FSLR,11 Feb 2026,$209.76,2,,,0.52,$250.05,-16.11%,,,,$240.37,-3.87%,$611.81,144.68%,$687.26,174.85%,FSLR,NASDAQ:FSLR,-0.907,$256.14,
NYSE:FSLY,19 Jan 2026,$10.88,4,$11.30,4,,$22.96,-52.62%,,,,,-100.00%,-$2.00,-108.71%,-$2.00,-108.71%,FSLY,NASDAQ:FSLY,-2.000,,
NYSE:FSM,14 Aug 2025,$6.09,3,$7.46,7,0.67,$10.39,-41.38%,,,,$9.78,-5.87%,$0.00,-100.00%,$0.00,-100.00%,FSM,NYSE:FSM,-0.922,$14.50,-48.55%
NASDAQ:FSTR,4 Oct 2024,$28.19,4,,,1.08,$41.27,-31.69%,,,,$40.65,-1.50%,$102.62,148.66%,$120.70,192.45%,FSTR,NASDAQ:FSTR,-0.647,$40.00,
NASDAQ:FTAI,19 Aug 2025,$88.62,1,,,1.78,$216.24,-59.02%,,,,$214.57,-0.77%,$148.61,-31.28%,$154.63,-28.49%,FTAI,NASDAQ:FTAI,-0.432,$364.00,
NASDAQ:FTDR,1 Jun 2026,$66.83,3,$74.50,7,0.52,$90.83,-26.42%,,,,$86.08,-5.23%,$0.00,-100.00%,$0.00,-100.00%,FTDR,NASDAQ:FTDR,-0.865,$75.75,-1.65%
NASDAQ:FTEL,15 Dec 2025,$1.46,3,,,,,#DIV/0!,,,,,#DIV/0!,-$2.00,#DIV/0!,-$2.00,#DIV/0!,FTEL,NASDAQ:FTEL,-2.000,,
NYSE:FTI,21 Jul 2025,$33.54,3,$37.80,10,1.01,$69.62,-51.82%,,,,$66.99,-3.78%,$112.89,62.16%,$125.69,80.53%,FTI,NYSE:FTI,-0.705,$75.67,-50.05%
NYSE:FTK,29 Apr 2026,$14.15,3,$21.50,9,0.32,$35.42,-60.04%,,,,$33.52,-5.36%,$0.00,-100.00%,$0.00,-100.00%,FTK,NYSE:FTK,-0.943,$27.58,-22.04%
NASDAQ:FTNT,4 Feb 2026,$100.54,5,$84.05,3,0.75,$159.64,-47.35%,,,,$155.71,-2.46%,$232.52,45.65%,$233.10,46.02%,FTNT,NASDAQ:FTNT,-0.800,$160.86,-47.75%
NASDAQ:FTRE,27 Jun 2025,$13.66,3,$5.97,1,0.71,$18.43,-67.61%,,,,$17.18,-6.78%,$35.14,90.67%,$37.00,100.74%,FTRE,NASDAQ:FTRE,-0.845,$20.55,-70.95%
NYSE:FTV,5 Feb 2026,$54.58,4,$55.50,8,1.28,$61.71,-11.56%,,,,$60.13,-2.56%,$79.31,28.52%,$94.14,52.56%,FTV,NYSE:FTV,-0.575,$64.31,-13.70%
NYSE:FUBO,4 Apr 2025,$4.27,3,$4.85,8,0.62,$9.26,-53.94%,,,,$8.64,-6.70%,$0.00,-100.00%,$0.00,-100.00%,FUBO,NYSE:FUBO,-0.948,$17.00,-71.47%
NASDAQ:FUFU,19 Aug 2025,$4.77,4,$6.00,5,,$1.30,267.15%,,,,,-100.00%,-$2.00,-253.85%,-$2.00,-253.85%,FUFU,NASDAQ:FUFU,-2.000,,
NYSE:FUL,26 May 2026,$68.79,4,$73.00,6,1.75,$61.07,12.65%,,,,$58.70,-3.88%,$89.32,46.26%,$146.19,139.39%,FUL,NYSE:FUL,-0.402,$73.29,-0.40%
NASDAQ:FULT,18 Mar 2026,$21.38,4,$23.00,5,1.73,$24.24,-11.80%,,,,$24.23,-0.04%,$0.00,-100.00%,$0.00,-100.00%,FULT,NASDAQ:FULT,-0.385,$26.29,-12.51%
NASDAQ:FUNC,23 Dec 2025,$39.14,3,$42.00,6,1.95,$44.74,-12.52%,,,,$44.57,-0.38%,$0.00,-100.00%,$0.00,-100.00%,FUNC,NASDAQ:FUNC,-0.292,$49.50,-15.15%
NASDAQ:FUTU,27 Aug 2025,$135.45,1,,,0.78,$109.02,24.24%,,,,$102.44,-6.04%,-$141.92,-230.17%,-$141.92,-230.17%,FUTU,NASDAQ:FUTU,-0.877,$155.66,
NYSE:G,18 May 2026,$44.63,3,$40.00,3,1.02,$34.29,16.65%,,,,$33.32,-2.83%,$0.00,-100.00%,$0.00,-100.00%,G,NYSE:G,-0.714,$39.27,1.86%
NASDAQ:GABC,27 May 2026,$45.62,3,$49.00,6,1.81,$50.50,-9.65%,,,,$50.09,-0.81%,$0.00,-100.00%,$0.00,-100.00%,GABC,NASDAQ:GABC,-0.356,$56.20,-12.81%
NASDAQ:GAIN,10 Jun 2024,$15.26,3,,,1.46,$16.59,-8.02%,,,,$16.08,-3.07%,$0.00,-100.00%,$0.00,-100.00%,GAIN,NASDAQ:GAIN,-0.489,$16.83,
NASDAQ:GAMB,28 Oct 2025,$12.14,5,$13.00,5,5.00,$1.84,559.89%,,,,$0.00,-100.00%,$8.45,359.12%,$1.13,-38.81%,GAMB,NASDAQ:GAMB,-1.000,$5.00,160.00%
NASDAQ:GAME,12 Oct 2025,$0.98,3,$1.75,5,,$0.36,172.44%,,,,,-100.00%,-$2.00,-655.56%,-$2.00,-655.56%,GAME,NASDAQ:GAME,-2.000,,
NASDAQ:GANX,23 Dec 2025,$5.20,3,$7.60,8,,$1.82,185.44%,,,,,-100.00%,-$2.00,-209.89%,-$2.00,-209.89%,GANX,NASDAQ:GANX,-2.000,,
NYSE:GAP,16 Jul 2026,$29.07,5,$27.44,7,1.67,$20.47,34.05%,34.05%,$26.80,$29.07,$20.00,-2.30%,$19.68,-3.84%,$38.09,86.06%,GAP,NYSE:GAP,-0.458,$26.80,2.39%
NASDAQ:GASS,5 Mar 2026,$9.44,3,,,1.10,$8.59,9.90%,,,,$8.32,-3.14%,$46.54,441.78%,$24.90,189.85%,GASS,NASDAQ:GASS,-0.733,$14.00,
NYSE:GBCI,21 Oct 2025,$45.69,3,$52.20,7,1.57,$48.75,-6.28%,,,,$48.00,-1.54%,$0.00,-100.00%,$0.00,-100.00%,GBCI,NYSE:GBCI,-0.473,$56.83,-8.15%
NYSE:GBX,6 Feb 2026,$68.91,3,$49.00,3,1.98,$47.22,3.77%,,,,$46.80,-0.89%,$75.17,59.19%,$119.59,153.26%,GBX,NYSE:GBX,-0.246,$45.33,8.10%
NASDAQ:GCT,11 Feb 2026,$42.86,3,$33.00,7,0.51,$53.25,-38.03%,,,,$49.47,-7.10%,$0.00,-100.00%,$0.00,-100.00%,GCT,NASDAQ:GCT,-0.921,$56.33,-41.42%
NYSE:GCTS,2 Feb 2026,$1.46,3,$3.50,7,0.77,$2.55,-42.75%,,,,$2.29,-10.20%,$0.86,-66.46%,$0.90,-64.78%,GCTS,NYSE:GCTS,-0.882,$3.70,-5.41%
NYSE:GDDY,11 Feb 2026,$143.01,3,$171.11,7,0.52,$91.07,57.04%,,,,$87.28,-4.16%,$259.74,185.21%,$268.17,194.46%,GDDY,NYSE:GDDY,-0.936,$104.80,63.27%
NASDAQ:GDS,16 Feb 2026,$38.86,1,$51.45,10,0.67,$31.98,21.52%,,,,$30.21,-5.53%,$9.27,-71.00%,$22.45,-29.79%,GDS,NASDAQ:GDS,-0.923,$52.10,-1.25%
NASDAQ:GDYN,27 Jan 2026,$17.06,3,$12.25,1,0.57,$7.58,61.61%,,,,$7.18,-5.28%,$0.00,-100.00%,$0.00,-100.00%,GDYN,NASDAQ:GDYN,-0.927,$9.20,33.15%
NYSE:GEF,5 Sep 2025,$73.44,5,$80.00,2,1.08,$88.68,-17.18%,,,,$86.17,-2.83%,$0.00,-100.00%,$0.00,-100.00%,GEF,NYSE:GEF,-0.648,$87.20,-8.26%
NYSE:GES,15 Aug 2025,$28.70,3,$13.00,5,2.98,$16.81,-22.67%,,,,$0.00,-100.00%,$45.74,172.10%,$56.48,235.99%,GES,NYSE:GES,-1.000,$16.75,-22.39%
NASDAQ:GFS,9 Feb 2026,$46.85,4,$39.80,4,0.65,$53.93,-26.20%,,,,$48.58,-9.92%,$0.00,-100.00%,$0.00,-100.00%,GFS,NASDAQ:GFS,-0.933,$79.86,-50.16%
NASDAQ:GGAL,11 Sep 2025,$34.39,3,$38.00,5,1.49,$46.18,-25.53%,,,,$45.39,-1.71%,-$98.90,-314.17%,-$95.19,-306.13%,GGAL,NASDAQ:GGAL,-0.562,$68.49,-44.52%
NYSE:GGB,4 Jan 2026,$3.55,3,$4.60,9,1.04,$4.94,-28.06%,,,,$4.84,-2.02%,$0.00,-100.00%,$0.00,-100.00%,GGB,NYSE:GGB,-0.701,$5.59,-17.71%
NYSE:GGG,6 Nov 2025,$84.33,3,$93.50,1,1.02,$83.54,0.95%,,,,$81.61,-2.31%,$126.77,51.75%,$133.23,59.49%,GGG,NYSE:GGG,-0.700,$91.29,2.42%
NYSE:GHC,15 Oct 2025,$995.96,4,,4,1.36,"$1,185.71",-16.00%,,,,"$1,173.50",-1.03%,"$1,839.40",55.13%,"$3,711.35",213.01%,GHC,NYSE:GHC,-0.491,$990.00,
NYSE:GHM,28 Oct 2025,$48.90,2,,,0.56,$111.68,-56.21%,,,,$98.81,-11.52%,$0.00,-100.00%,$0.00,-100.00%,GHM,NYSE:GHM,-0.921,$130.75,
NYSE:GIB,19 Jan 2026,$107.59,5,$129.19,3,0.72,$74.74,43.95%,,,,$72.05,-3.60%,$138.48,85.29%,$165.88,121.95%,GIB,NYSE:GIB,-0.830,$80.68,60.13%
NYSE:GIS,27 Mar 2026,$54.42,5,$40.93,2,1.44,$36.89,10.95%,,,,$35.81,-2.93%,$33.98,-7.88%,$47.29,28.19%,GIS,NYSE:GIS,-0.496,$37.56,8.97%
NYSE:GKOS,11 Dec 2025,$119.46,3,$118.10,3,0.83,$180.02,-34.40%,,,,$169.36,-5.92%,$187.59,4.20%,$197.77,9.86%,GKOS,NYSE:GKOS,-0.782,$193.62,-39.00%
NASDAQ:GLDD,4 Nov 2025,$12.92,3,$14.00,7,3.00,$17.00,-24.00%,,,,$0.00,-100.00%,$34.97,105.72%,$43.78,157.54%,GLDD,NASDAQ:GLDD,-1.000,$17.00,-17.65%
NYSE:GLOB,4 May 2026,$71.94,3,$63.17,7,0.77,$37.40,68.90%,,,,$35.67,-4.63%,$50.79,35.81%,$84.67,126.38%,GLOB,NYSE:GLOB,-0.879,$54.55,15.80%
NASDAQ:GLRE,13 Nov 2025,$15.68,4,,1,0.30,$15.51,1.10%,,,,$14.93,-3.74%,$0.00,-100.00%,$0.00,-100.00%,GLRE,NASDAQ:GLRE,-0.913,$1.00,
NYSE:GLW,26 Jan 2026,$93.28,1,,,1.00,$165.68,-43.70%,,,,$159.16,-3.94%,$234.38,41.46%,$263.96,59.32%,GLW,NYSE:GLW,-0.723,$191.40,
NYSE:GM,15 Dec 2025,$80.89,1,,1,1.40,$87.58,-7.64%,,,,$86.05,-1.75%,$18.16,-79.26%,$154.41,76.31%,GM,NYSE:GM,-0.542,$100.04,
NYSE:GME,23 Aug 2024,$28.89,3,,,0.33,$19.16,50.78%,,,,$18.39,-4.02%,$56.18,193.21%,$56.80,196.44%,GME,NYSE:GME,-0.921,$13.50,
NYSE:GMED,11 Dec 2025,$101.94,3,$94.50,9,0.61,$82.35,14.75%,,,,$76.23,-7.43%,$0.00,-100.00%,$0.00,-100.00%,GMED,NYSE:GMED,-0.919,$103.92,-9.06%
NYSE:GMRE,23 Dec 2025,$53.07,3,$40.70,9,,,#DIV/0!,,,,,#DIV/0!,-$2.00,#DIV/0!,-$2.00,#DIV/0!,GMRE,NYSE:GMRE,-2.000,,
NASDAQ:GNLN,15 Jul 2025,$4.44,3,,,,$1.95,127.44%,,,,,-100.00%,-$2.00,-202.56%,-$2.00,-202.56%,GNLN,NASDAQ:GNLN,-2.000,,
NYSE:GNRC,11 Nov 2025,$159.25,3,$205.69,9,0.65,$212.22,-24.96%,,,,$203.74,-4.00%,$247.97,16.85%,$252.66,19.06%,GNRC,NYSE:GNRC,-0.919,$283.88,-27.54%
NYSEAMERICAN:GNS,18 Aug 2025,$0.99,,$1.00,3,,$0.16,518.75%,,,,,-100.00%,-$2.00,-1350.00%,-$2.00,-1350.00%,GNS,NYSEAMERICAN:GNS,-2.000,,
NYSE:GNTY,2 Oct 2025,$48.75,1,,,,,#DIV/0!,,,,,#DIV/0!,-$2.00,#DIV/0!,-$2.00,#DIV/0!,GNTY,NYSE:GNTY,-2.000,,
NASDAQ:GOOD,31 Aug 2025,$17.01,5,$15.00,5,2.25,$12.95,15.83%,,,,$12.95,0.00%,$0.00,-100.00%,$0.00,-100.00%,GOOD,NASDAQ:GOOD,-0.150,$13.88,8.07%
NASDAQ:GOOG,27 Feb 2026,$301.88,3,,,1.37,$353.47,-14.60%,,,,$351.26,-0.63%,$511.98,44.85%,$564.94,59.83%,GOOG,NASDAQ:GOOG,-0.570,$421.79,
NASDAQ:GOOGL,17 Apr 2026,$309.14,3,$385.97,8,1.36,$354.30,-12.75%,,,,$352.13,-0.61%,$503.62,42.15%,$553.51,56.23%,GOOGL,NASDAQ:GOOGL,-0.576,$428.04,-9.83%
NYSEAMERICAN:GORO,20 Aug 2025,$0.83,,$1.25,5,,,#DIV/0!,,,,,#DIV/0!,-$2.00,#DIV/0!,-$2.00,#DIV/0!,GORO,NYSEAMERICAN:GORO,-2.000,,
NYSE:GOTU,3 Sep 2025,$6.27,3,,4,,$1.83,242.57%,,,,,-100.00%,-$2.00,-209.29%,-$2.00,-209.29%,GOTU,NYSE:GOTU,-2.000,,
NYSE:GPC,14 Sep 2023,$168.90,4,,,1.11,$135.63,24.53%,,,,$131.76,-2.85%,$94.30,-30.47%,$131.05,-3.38%,GPC,NYSE:GPC,-0.649,$140.38,
NYSE:GPOR,22 Jan 2026,$170.96,3,$231.50,7,0.61,$162.76,5.04%,,,,$149.94,-7.88%,$0.00,-100.00%,$0.00,-100.00%,GPOR,NYSE:GPOR,-0.949,$229.83,0.73%
NYSE:GPRK,22 Sep 2025,$10.05,3,$7.75,2,1.37,$9.43,-17.82%,,,,$9.21,-2.33%,$0.00,-100.00%,$0.00,-100.00%,GPRK,NYSE:GPRK,-0.557,$10.72,-27.71%
NASDAQ:GPRO,27 Jan 2026,$1.35,3,$1.30,5,0.83,$0.73,78.08%,,,,$0.68,-6.85%,$4.92,574.00%,$4.16,469.33%,GPRO,NASDAQ:GPRO,-0.854,$1.30,0.00%
NASDAQ:GRAB,3 Sep 2025,$4.97,3,$6.03,6,0.65,$3.66,35.79%,,,,$3.52,-3.83%,$0.00,-100.00%,$0.00,-100.00%,GRAB,NASDAQ:GRAB,-0.933,$5.85,3.08%
NYSE:GRBK,27 Feb 2026,$85.87,4,,8,0.94,$72.90,17.79%,,,,$71.07,-2.51%,$105.47,44.68%,$106.81,46.51%,GRBK,NYSE:GRBK,-0.682,$62.00,
NYSE:GRMN,2 Feb 2026,$214.19,3,$240.50,6,0.91,$310.89,-31.10%,,,,$299.85,-3.55%,$389.50,25.29%,$401.18,29.04%,GRMN,NYSE:GRMN,-0.709,$283.86,-15.28%
NYSE:GRND,27 Jan 2026,$13.86,3,$22.00,2,0.58,$16.58,-16.42%,,,,$14.70,-11.34%,$0.00,-100.00%,$0.00,-100.00%,GRND,NYSE:GRND,-0.906,$18.80,17.02%
NYSE:GS,24 Feb 2026,$814.68,2,,,1.79,"$1,039.61",-21.64%,,,,"$1,035.91",-0.36%,$0.00,-100.00%,$0.00,-100.00%,GS,NYSE:GS,-0.358,"$1,141.65",
NASDAQ:GSBC,27 May 2026,$73.74,3,$65.00,2,1.32,$80.65,-19.40%,,,,$80.08,-0.71%,$0.00,-100.00%,$0.00,-100.00%,GSBC,NASDAQ:GSBC,-0.535,$76.00,-14.47%
NASDAQ:GSIT,28 Jan 2026,$9.51,3,,7,0.51,$6.72,41.48%,,,,$6.34,-5.65%,$0.00,-100.00%,$0.00,-100.00%,GSIT,NASDAQ:GSIT,-0.948,$8.00,
NYSE:GSL,4 Mar 2026,$37.11,3,,5,1.56,$42.44,-12.55%,,,,$41.69,-1.77%,$0.00,-100.00%,$0.00,-100.00%,GSL,NYSE:GSL,-0.468,$48.00,
NASDAQ:GSM,15 Aug 2025,$7.64,3,$4.00,4,1.02,$4.49,-10.91%,,,,$4.11,-8.46%,$0.00,-100.00%,$0.00,-100.00%,GSM,NASDAQ:GSM,-0.755,$6.00,-33.33%
NASDAQ:GT,20 Sep 2025,$10.53,4,$11.42,10,0.54,$6.44,63.51%,,,,$6.20,-3.73%,$0.00,-100.00%,$0.00,-100.00%,GT,NASDAQ:GT,-0.926,$7.46,53.08%
NYSE:GTES,12 May 2025,$25.10,5,$23.20,4,0.51,$28.25,-17.88%,,,,$27.15,-3.89%,$0.00,-100.00%,$0.00,-100.00%,GTES,NYSE:GTES,-0.945,$33.00,-29.70%
NYSE:GTLS,23 Dec 2025,$198.45,3,$211.00,1,2.87,$209.90,-5.46%,,,,$0.00,-100.00%,$234.91,11.91%,$330.15,57.29%,GTLS,NYSE:GTLS,-1.000,$204.43,3.21%
NASDAQ:GTM,30 Mar 2026,$9.68,3,,,0.52,$4.18,131.58%,,,,$3.90,-6.70%,$0.00,-100.00%,$0.00,-100.00%,GTM,NASDAQ:GTM,-0.943,$4.96,
NYSE:GTY,19 Sep 2025,$32.43,4,$32.00,4,2.15,$33.39,-4.16%,,,,$33.13,-0.78%,$47.97,43.68%,$37.10,11.10%,GTY,NYSE:GTY,-0.198,$36.43,-12.16%
NYSE:GVA,12 Jun 2025,$88.52,3,,,1.40,$128.32,-31.02%,,,,$122.80,-4.30%,$78.68,-38.68%,$221.75,72.81%,GVA,NYSE:GVA,-0.588,$171.67,
NYSE:GWH,14 Jan 2026,$3.79,3,$3.50,3,,$0.64,446.88%,,,,,-100.00%,-$2.00,-412.50%,-$2.00,-412.50%,GWH,NYSE:GWH,-2.000,,
NYSE:GWW,23 Aug 2025,$866.00,2,,,0.63,"$1,277.55",-32.21%,,,,"$1,239.38",-2.99%,$0.00,-100.00%,$0.00,-100.00%,GWW,NYSE:GWW,-0.858,"$1,297.14",
NYSE:HAE,16 Dec 2025,$105.08,3,$86.29,9,0.44,$87.84,-1.76%,,,,$81.80,-6.88%,$0.00,-100.00%,$0.00,-100.00%,HAE,NYSE:HAE,-0.937,$87.90,-1.83%
NASDAQ:HAFC,27 May 2026,$31.91,3,$32.83,5,2.06,$31.91,-0.01%,,,,$32.13,0.69%,$0.00,-100.00%,$0.00,-100.00%,HAFC,NASDAQ:HAFC,-0.233,$34.25,-4.15%
NYSE:HASI,27 Jan 2026,$36.24,3,$40.27,9,1.60,$40.68,-10.92%,,,,$39.76,-2.26%,$0.00,-100.00%,$0.00,-100.00%,HASI,NYSE:HASI,-0.468,$49.27,-18.27%
NASDAQ:HBAN,6 Apr 2026,$16.83,4,$19.75,9,2.11,$17.55,-4.10%,,,,$17.34,-1.20%,$0.00,-100.00%,$0.00,-100.00%,HBAN,NASDAQ:HBAN,-0.227,$20.15,-1.99%
NASDAQ:HBCP,1 Jun 2026,$67.68,3,$69.00,3,1.51,$71.88,-5.84%,,,,$71.19,-0.96%,$0.00,-100.00%,$0.00,-100.00%,HBCP,NASDAQ:HBCP,-0.468,$73.00,-5.48%
NYSE:HBM,2 Apr 2026,$15.01,2,$28.81,10,0.91,$27.61,-45.62%,,,,$26.36,-4.53%,$35.21,27.54%,$46.06,66.81%,HBM,NYSE:HBM,-0.768,$32.60,-11.63%
NASDAQ:HBNC,19 Nov 2025,$17.31,3,$19.83,9,2.43,$20.42,-15.23%,,,,$20.52,0.49%,-$50.78,-348.66%,-$47.70,-333.60%,HBNC,NASDAQ:HBNC,-0.080,$22.90,-13.41%
NASDAQ:HBT,2 Oct 2025,$24.23,3,$29.50,7,1.32,$36.35,-33.35%,,,,$35.64,-1.95%,$0.00,-100.00%,$0.00,-100.00%,HBT,NASDAQ:HBT,-0.556,$38.20,-22.77%
NYSE:HCA,13 Apr 2026,$417.60,2,$551.50,1,0.87,$413.36,1.03%,,,,$395.32,-4.36%,$481.85,16.57%,$767.03,85.56%,HCA,NYSE:HCA,-0.769,$453.38,21.64%
NYSE:HCC,11 Dec 2025,$71.17,3,,,0.63,$91.97,-22.62%,,,,$85.45,-7.09%,$0.00,-100.00%,$0.00,-100.00%,HCC,NYSE:HCC,-0.880,$103.00,
NASDAQ:HCKT,16 Feb 2026,$21.62,3,$27.00,4,1.11,$11.53,87.52%,,,,$11.04,-4.25%,$0.00,-100.00%,$0.00,-100.00%,HCKT,NASDAQ:HCKT,-0.731,$17.67,52.80%
NASDAQ:HCSG,20 Dec 2023,$15.43,3,,,1.45,$22.23,-30.59%,,,,$21.99,-1.08%,$0.00,-100.00%,$0.00,-100.00%,HCSG,NASDAQ:HCSG,-0.534,$26.80,
NASDAQ:HCTI,11 Jul 2025,$0.04,3,,,,$1.25,-97.20%,,,,,-100.00%,-$2.00,-260.00%,-$2.00,-260.00%,HCTI,NASDAQ:HCTI,-2.000,,
NYSE:HDB,21 Oct 2025,$30.79,2,,,1.09,$23.63,30.32%,,,,$23.12,-2.16%,$0.00,-100.00%,$0.00,-100.00%,HDB,NYSE:HDB,-0.740,$33.95,
NYSE:HE,18 Nov 2025,$12.33,3,$11.13,7,0.78,$12.40,-10.24%,,,,$12.12,-2.26%,$0.00,-100.00%,$0.00,-100.00%,HE,NYSE:HE,-0.791,$12.75,-12.71%
NYSE:HEI,2 May 2025,$235.97,3,$274.82,7,1.04,$367.58,-35.80%,,,,$358.02,-2.60%,$606.97,65.13%,$673.01,83.09%,HEI,NYSE:HEI,-0.684,$386.53,-28.90%
NYSE:HEI.A,5 May 2025,$186.04,3,,,1.17,$266.31,-30.14%,,,,$260.14,-2.32%,$422.79,58.76%,$465.96,74.97%,HEI.A,NYSE:HEI.A,-0.659,$320.00,
NASDAQ:HELE,3 Nov 2023,$131.05,4,,,0.77,$29.77,340.20%,,,,$28.26,-5.07%,$25.47,-14.46%,-$11.68,-139.24%,HELE,NASDAQ:HELE,-0.798,$31.00,
NASDAQ:HFWA,19 Jun 2026,$30.72,3,$32.00,4,1.92,$29.50,4.14%,,,,$29.36,-0.47%,$0.00,-100.00%,$0.00,-100.00%,HFWA,NASDAQ:HFWA,-0.308,$33.00,-3.03%
NYSE:HG,9 Sep 2025,$24.44,3,$25.43,7,2.07,$35.91,-31.94%,,,,$35.41,-1.39%,$0.00,-100.00%,$0.00,-100.00%,HG,NYSE:HG,-0.212,$35.86,-29.09%
NYSE:HI,6 Nov 2025,$42.28,5,$32.00,7,,,#DIV/0!,,,,,#DIV/0!,-$2.00,#DIV/0!,-$2.00,#DIV/0!,HI,NYSE:HI,-2.000,,
NASDAQ:HIFS,10 Oct 2025,$271.84,3,,7,0.47,$301.57,-9.86%,,,,$291.42,-3.37%,$0.00,-100.00%,$0.00,-100.00%,HIFS,NASDAQ:HIFS,-0.810,,
NYSE:HIMS,20 Aug 2025,$35.82,2,,,0.54,$31.59,13.40%,,,,$29.02,-8.14%,$32.68,3.46%,$35.90,13.64%,HIMS,NYSE:HIMS,-0.878,$29.23,
NASDAQ:HIMX,16 Feb 2026,$9.25,5,,,1.05,$14.61,-36.68%,,,,$14.04,-3.90%,$0.00,-100.00%,$0.00,-100.00%,HIMX,NASDAQ:HIMX,-0.756,$23.70,
NYSE:HLIO,6 Nov 2025,$52.24,3,,,0.95,$83.39,-37.35%,,,,$80.67,-3.26%,$89.48,7.30%,$107.65,29.09%,HLIO,NYSE:HLIO,-0.726,$88.50,
NASDAQ:HLIT,5 Feb 2026,$11.73,3,$13.00,5,0.66,$11.84,-0.89%,,,,$11.33,-4.31%,$22.34,88.71%,$23.57,99.09%,HLIT,NASDAQ:HLIT,-0.904,$15.29,-14.98%
NASDAQ:HLMN,25 Jul 2023,$11.24,3,,,0.61,$9.22,21.94%,,,,$8.74,-5.21%,$0.00,-100.00%,$0.00,-100.00%,HLMN,NASDAQ:HLMN,-0.938,$12.29,
NYSE:HMC,26 Mar 2026,$30.58,5,,5,0.65,$31.82,-3.89%,,,,$30.86,-3.02%,$0.00,-100.00%,$0.00,-100.00%,HMC,NYSE:HMC,-0.852,$32.90,
NYSE:HNI,8 Jan 2025,$45.54,2,,,1.95,$49.70,-8.37%,,,,$48.22,-2.98%,$59.28,19.27%,$90.99,83.09%,HNI,NYSE:HNI,-0.354,$69.75,
NASDAQ:HNRG,16 Dec 2024,$15.00,3,,8,0.76,$14.76,1.63%,,,,$13.96,-5.42%,$18.50,25.37%,$28.33,91.94%,HNRG,NASDAQ:HNRG,-0.885,$30.33,
NYSE:HOMB,2 Oct 2025,$27.30,2,$32.17,6,1.69,$30.81,-11.40%,,,,$30.59,-0.71%,$0.00,-100.00%,$0.00,-100.00%,HOMB,NYSE:HOMB,-0.397,$33.00,-2.52%
NASDAQ:HON,2 Jul 2026,,1,$446.29,9,1.84,$246.21,81.26%,,,,$240.61,-2.27%,$164.61,-33.14%,$202.49,-17.76%,HON,NASDAQ:HON,-0.330,$263.11,69.62%
NASDAQ:HONE,2 Oct 2025,$15.33,3,$13.00,2,,,#DIV/0!,,,,,#DIV/0!,-$2.00,#DIV/0!,-$2.00,#DIV/0!,HONE,NASDAQ:HONE,-2.000,,
NASDAQ:HOOD,2 Sep 2025,$86.65,2,$113.71,7,0.62,$93.29,-7.12%,,,,$87.21,-6.52%,$77.98,-16.41%,$79.43,-14.85%,HOOD,NASDAQ:HOOD,-0.923,$119.82,-5.10%
NASDAQ:HOPE,2 Oct 2025,$14.53,4,$13.00,4,2.44,$13.99,-7.08%,,,,$14.11,0.86%,$0.00,-100.00%,$0.00,-100.00%,HOPE,NASDAQ:HOPE,-0.075,$15.50,-16.13%
NYSE:HOV,26 Mar 2025,$163.07,3,$125.00,1,0.46,$137.78,-9.28%,,,,$133.71,-2.95%,$559.44,306.04%,$580.10,321.03%,HOV,NYSE:HOV,-0.839,$74.00,68.92%
NASDAQ:HOVR,12 Dec 2024,$2.00,3,,6,0.62,$2.01,-0.50%,,,,$1.82,-9.45%,$2.64,31.53%,$2.65,31.78%,HOVR,NASDAQ:HOVR,-0.946,$8.37,
NYSE:HP,22 Jan 2026,$39.81,4,$33.25,5,1.23,$37.10,-10.38%,,,,$36.22,-2.37%,$0.00,-100.00%,$0.00,-100.00%,HP,NYSE:HP,-0.609,$40.80,-18.50%
NYSE:HPE,12 Aug 2025,$26.45,3,,,1.48,$53.22,-50.31%,,,,$50.52,-5.07%,$55.64,4.55%,$98.19,84.50%,HPE,NYSE:HPE,-0.527,$65.56,
NASDAQ:HPK,22 Sep 2025,$12.06,3,$7.00,3,1.57,$7.20,-2.78%,,,,$6.77,-5.97%,-$0.34,-104.78%,$17.30,140.34%,HPK,NASDAQ:HPK,-0.457,$7.88,-11.17%
NYSE:HPQ,30 Mar 2026,$24.72,3,$18.58,2,1.38,$30.05,-38.17%,,,,$28.08,-6.56%,$19.91,-33.74%,$30.74,2.29%,HPQ,NYSE:HPQ,-0.469,$22.98,-19.15%
NYSE:HRL,6 Nov 2024,$31.61,3,,,1.85,$25.02,26.32%,,,,$25.06,0.16%,$25.58,2.25%,$30.45,21.70%,HRL,NYSE:HRL,-0.329,$26.88,
NASDAQ:HSAI,1 Sep 2025,$21.70,3,$27.74,9,0.62,$19.22,12.90%,,,,$17.78,-7.49%,$19.30,0.42%,$19.30,0.42%,HSAI,NASDAQ:HSAI,-0.947,$29.94,-7.35%
NYSE:HSBC,19 Aug 2025,$64.63,3,,,1.95,$103.73,-37.69%,,,,$103.95,0.21%,$0.00,-100.00%,$0.00,-100.00%,HSBC,NYSE:HSBC,-0.272,$106.08,
NASDAQ:HSIC,20 Aug 2025,$69.76,3,,,0.54,$88.13,-20.85%,,,,$84.87,-3.70%,$0.00,-100.00%,$0.00,-100.00%,HSIC,NASDAQ:HSIC,-0.910,$95.31,
NASDAQ:HSII,15 Dec 2025,$59.01,1,,1,,,#DIV/0!,,,,,#DIV/0!,-$2.00,#DIV/0!,-$2.00,#DIV/0!,HSII,NASDAQ:HSII,-2.000,,
NASDAQ:HST,20 Apr 2026,$19.63,3,$21.71,6,1.17,$23.29,-15.73%,,,,$23.03,-1.12%,$0.00,-100.00%,$0.00,-100.00%,HST,NASDAQ:HST,-0.631,$24.95,-12.99%
NYSE:HTB,19 Nov 2025,$38.55,3,,,0.99,$50.80,-24.11%,,,,$50.12,-1.34%,$0.00,-100.00%,$0.00,-100.00%,HTB,NYSE:HTB,-0.703,$52.94,
NASDAQ:HTBK,13 Apr 2026,$12.56,3,$15.00,6,,,#DIV/0!,,,,,#DIV/0!,-$2.00,#DIV/0!,-$2.00,#DIV/0!,HTBK,NASDAQ:HTBK,-2.000,,
NASDAQ:HTZ,22 Dec 2023,$16.71,3,,,0.64,$2.27,636.12%,,,,$2.07,-8.81%,$0.00,-100.00%,$0.00,-100.00%,HTZ,NASDAQ:HTZ,-0.896,$2.77,
NYSE:HUBS,8 Jul 2024,$562.84,3,,,0.53,$210.45,167.44%,,,,$195.19,-7.25%,$0.00,-100.00%,$0.00,-100.00%,HUBS,NYSE:HUBS,-0.932,$244.69,
NYSE:HUYA,26 Aug 2025,$4.89,4,$5.00,7,1.65,$2.43,101.19%,,,,$2.42,-0.41%,-$0.32,-113.06%,-$0.32,-113.06%,HUYA,NYSE:HUYA,-0.488,$3.95,26.58%
NYSE:HVT,20 Mar 2026,$26.93,4,,4,1.21,$29.09,-7.44%,,,,$28.61,-1.65%,$0.00,-100.00%,$0.00,-100.00%,HVT,NYSE:HVT,-0.600,$29.50,
NASDAQ:HWC,10 Oct 2025,$58.42,2,,,1.48,$77.60,-24.72%,,,,$75.99,-2.07%,$0.00,-100.00%,$0.00,-100.00%,HWC,NASDAQ:HWC,-0.494,$83.80,
NYSE:HWM,3 Sep 2025,$148.98,2,,,0.53,$281.88,-47.15%,,,,$271.70,-3.61%,$0.00,-100.00%,$0.00,-100.00%,HWM,NYSE:HWM,-0.920,$312.93,
NASDAQ:IART,11 Dec 2025,$22.26,3,$12.33,2,0.92,$17.25,-28.52%,,,,$16.73,-3.01%,-$8.10,-146.95%,$13.15,-23.75%,IART,NASDAQ:IART,-0.755,$19.56,-36.96%
NASDAQ:IBEX,30 Jan 2026,$37.25,3,$41.00,9,0.92,$37.25,-0.00%,,,,$36.23,-2.74%,$60.16,61.50%,$84.54,126.96%,IBEX,NASDAQ:IBEX,-0.724,$37.50,9.33%
NASDAQ:IBKR,23 Aug 2025,$51.95,1,$67.92,10,1.23,$87.83,-40.85%,,,,$84.74,-3.52%,$0.00,-100.00%,$0.00,-100.00%,IBKR,NASDAQ:IBKR,-0.633,$106.30,-36.11%
NYSE:IBM,27 Jan 2026,$263.05,1,$321.27,10,1.52,$237.28,10.86%,,,,$232.71,-1.93%,$284.82,20.03%,$375.28,58.16%,IBM,NYSE:IBM,-0.463,$244.16,31.58%
NYSE:IBN,2 Oct 2025,$29.15,3,,3,1.11,$30.22,-3.54%,,,,$29.68,-1.79%,$163.29,440.35%,$167.23,453.37%,IBN,NYSE:IBN,-0.681,$35.83,
NASDAQ:IBOC,1 Jun 2026,$77.76,3,,4,0.89,$73.55,5.73%,,,,$71.14,-3.28%,$0.00,-100.00%,$0.00,-100.00%,IBOC,NASDAQ:IBOC,-0.778,$87.00,
NYSE:IBP,7 Jan 2025,$148.52,2,$231.00,6,0.48,$244.05,-39.15%,,,,$231.01,-5.34%,$0.00,-100.00%,$0.00,-100.00%,IBP,NYSE:IBP,-0.909,$233.27,-0.97%
NYSE:ICE,24 Oct 2025,$156.00,3,,,1.65,$150.30,3.79%,,,,$149.96,-0.23%,$87.14,-42.02%,$132.97,-11.53%,ICE,NYSE:ICE,-0.453,$185.79,
NASDAQ:ICHR,2 Jan 2026,$31.56,3,$24.80,2,0.67,$68.32,-63.70%,,,,$62.48,-8.55%,$0.00,-100.00%,$0.00,-100.00%,ICHR,NASDAQ:ICHR,-0.922,$95.86,-74.13%
NASDAQ:ICON,23 Jan 2026,$3.43,3,$2.00,,,$1.06,88.68%,,,,,-100.00%,-$2.00,-288.68%,-$2.00,-288.68%,ICON,NASDAQ:ICON,-2.000,,
NYSE:IDA,18 Sep 2025,$114.64,2,,,1.61,$141.84,-19.18%,,,,$139.07,-1.95%,$22.33,-84.26%,$65.22,-54.02%,IDA,NYSE:IDA,-0.442,$158.20,
NASDAQ:IDCC,21 Jan 2026,$317.69,3,,,0.94,$344.56,-7.80%,,,,$325.37,-5.57%,$0.00,-100.00%,$0.00,-100.00%,IDCC,NASDAQ:IDCC,-0.791,$462.67,
NASDAQ:IEP,22 Nov 2023,$27.45,3,,,3.57,$7.46,267.91%,,,,$7.89,5.76%,$0.00,-100.00%,$0.00,-100.00%,IEP,NASDAQ:IEP,0.364,$12.00,
NASDAQ:IESC,23 Aug 2025,$257.92,2,,,0.42,$762.71,-66.18%,,,,$730.84,-4.18%,$0.00,-100.00%,$0.00,-100.00%,IESC,NASDAQ:IESC,-0.929,$700.00,
NYSE:IEX,28 Oct 2025,$189.30,3,$194.86,8,1.01,$234.46,-19.26%,,,,$229.68,-2.04%,$294.53,25.62%,$322.02,37.35%,IEX,NYSE:IEX,-0.696,$249.14,-21.79%
NYSE:IFS,27 May 2026,$48.43,3,$61.50,9,1.81,$58.94,-17.83%,,,,$58.14,-1.36%,$304.65,416.88%,$330.79,461.24%,IFS,NYSE:IFS,-0.353,$65.43,-6.01%
NASDAQ:IGIC,23 Jun 2026,$24.69,3,,,1.76,$27.06,-8.76%,,,,$26.38,-2.51%,$0.00,-100.00%,$0.00,-100.00%,IGIC,NASDAQ:IGIC,-0.384,$31.00,
NYSE:IHS,4 Mar 2026,$6.80,2,$8.50,7,1.08,$8.35,-18.56%,,,,$8.16,-2.28%,$19.98,139.23%,$29.75,256.28%,IHS,NYSE:IHS,-0.650,$8.25,3.03%
NASDAQ:III,5 Feb 2026,$5.27,3,$6.50,8,1.02,$5.19,1.60%,,,,$4.77,-8.09%,$0.00,-100.00%,$0.00,-100.00%,III,NASDAQ:III,-0.743,$6.67,-2.55%
NASDAQ:IMKTA,19 Mar 2026,$96.09,3,,5,0.34,$88.11,9.06%,,,,$82.46,-6.41%,$0.00,-100.00%,$0.00,-100.00%,IMKTA,NASDAQ:IMKTA,-0.863,,
NASDAQ:IMMP,15 Dec 2025,$2.06,3,$12.00,7,,$0.39,428.82%,,,,,-100.00%,-$2.00,-612.82%,-$2.00,-612.82%,IMMP,NASDAQ:IMMP,-2.000,,
NYSEAMERICAN:IMO,24 Oct 2025,$89.93,1,,,,$124.95,-28.03%,,,,,-100.00%,-$2.00,-101.60%,-$2.00,-101.60%,IMO,NYSEAMERICAN:IMO,-2.000,,
NASDAQ:IMOS,28 Jan 2026,$41.27,3,,6,1.42,$52.54,-21.44%,,,,$52.10,-0.84%,$66.89,27.31%,$61.50,17.06%,IMOS,NASDAQ:IMOS,-0.412,$20.00,
NASDAQ:IMPP,16 Feb 2026,$3.71,3,$6.00,7,2.31,$4.61,-19.45%,,,,$4.55,-1.30%,$0.00,-100.00%,$0.00,-100.00%,IMPP,NASDAQ:IMPP,-0.197,$9.00,-33.33%
NASDAQ:IMRN,15 Dec 2025,$1.93,4,,,,$1.03,87.51%,,,,,-100.00%,-$2.00,-294.17%,-$2.00,-294.17%,IMRN,NASDAQ:IMRN,-2.000,,
NASDAQ:IMXI,14 Feb 2026,$28.35,3,,3,0.89,$12.19,132.57%,,,,$11.83,-2.95%,$51.20,320.05%,$55.93,358.82%,IMXI,NASDAQ:IMXI,-0.809,$16.00,
NASDAQ:INDB,20 Mar 2026,$77.46,3,$86.67,6,1.71,$83.73,-7.49%,,,,$83.58,-0.18%,$0.00,-100.00%,$0.00,-100.00%,INDB,NASDAQ:INDB,-0.398,$92.71,-6.51%
NASDAQ:INDI,16 Feb 2026,$5.81,4,$8.00,5,0.71,$4.04,43.73%,,,,$3.65,-9.65%,$0.00,-100.00%,$0.00,-100.00%,INDI,NASDAQ:INDI,-0.902,$5.59,43.11%
NYSE:ING,27 Aug 2025,$23.00,3,,,2.07,$35.68,-35.54%,,,,$35.86,0.50%,$0.00,-100.00%,$0.00,-100.00%,ING,NYSE:ING,-0.202,$33.83,
NYSE:INGM,22 Feb 2026,$26.24,5,,,0.81,$28.40,-7.61%,,,,$27.38,-3.59%,$0.00,-100.00%,$0.00,-100.00%,INGM,NYSE:INGM,-0.812,$33.17,
NASDAQ:INGN,11 Dec 2025,$9.54,4,$13.00,6,0.65,$6.05,57.75%,,,,$5.41,-10.58%,$0.00,-100.00%,$0.00,-100.00%,INGN,NASDAQ:INGN,-0.932,$12.67,2.60%
NYSE:INGR,26 Aug 2025,$23.71,3,,,1.30,$104.33,-77.28%,,,,$102.01,-2.22%,$0.00,-100.00%,$0.00,-100.00%,INGR,NYSE:INGR,-0.590,$120.83,
NASDAQ:INOD,26 Jan 2026,$55.24,3,,,0.64,$62.33,-11.37%,,,,$59.25,-4.94%,$0.00,-100.00%,$0.00,-100.00%,INOD,NASDAQ:INOD,-0.938,$122.75,
NASDAQ:INSG,5 Feb 2026,$12.35,3,,,0.70,$5.51,124.18%,,,,$4.80,-12.89%,$0.00,-100.00%,$0.00,-100.00%,INSG,NASDAQ:INSG,-0.912,$21.25,
NYSE:INSP,4 Dec 2025,$192.39,3,$117.67,8,0.46,$60.16,95.60%,,,,$56.26,-6.48%,$0.00,-100.00%,$0.00,-100.00%,INSP,NYSE:INSP,-0.930,$60.33,95.04%
NASDAQ:INTA,22 Jan 2026,$50.05,3,$50.05,6,0.49,$37.73,32.65%,,,,$35.23,-6.63%,$0.00,-100.00%,$0.00,-100.00%,INTA,NASDAQ:INTA,-0.921,$38.43,30.24%
NASDAQ:INTC,19 Jan 2026,$31.91,1,$42.36,6,1.41,$101.65,-68.61%,,,,$97.74,-3.85%,$130.35,28.24%,$172.04,69.25%,INTC,NASDAQ:INTC,-0.537,$115.17,-63.22%
NASDAQ:INTR,24 Jun 2026,$6.34,4,$8.60,7,0.65,$5.27,20.30%,,,,$5.04,-4.36%,$0.00,-100.00%,$0.00,-100.00%,INTR,NASDAQ:INTR,-0.932,$9.10,-5.49%
NYSE:INVH,16 Sep 2025,$35.78,5,$35.79,1,1.98,$30.37,17.82%,,,,$30.42,0.16%,$38.96,28.28%,$39.15,28.92%,INVH,NYSE:INVH,-0.273,$32.91,8.75%
NYSE:IONQ,23 Dec 2025,$39.58,3,$75.91,9,0.64,$44.43,-10.91%,,,,$38.54,-13.26%,$0.00,-100.00%,$0.00,-100.00%,IONQ,NYSE:IONQ,-0.938,$67.68,12.16%
NYSE:IP,10 Jul 2025,$49.22,3,$190.70,,1.14,$41.58,#REF!,,,,$39.68,-4.57%,$0.00,-100.00%,$0.00,-100.00%,IP,NYSE:IP,-0.659,$47.45,301.90%
NASDAQ:IPGP,4 Feb 2026,$89.57,3,,,0.72,$90.23,-0.73%,,,,$85.05,-5.74%,$0.00,-100.00%,$0.00,-100.00%,IPGP,NASDAQ:IPGP,-0.904,$131.93,
NASDAQ:IPWR,9 Feb 2026,$5.25,3,,4,,$4.52,16.15%,,,,,-100.00%,-$2.00,-144.25%,-$2.00,-144.25%,IPWR,NASDAQ:IPWR,-2.000,,
NASDAQ:IQ,29 Nov 2024,$3.18,3,,,0.65,$1.33,138.95%,,,,$1.25,-6.02%,-$4.65,-449.36%,-$0.30,-122.36%,IQ,NASDAQ:IQ,-0.880,$1.54,
NYSE:IR,11 Nov 2025,$79.48,3,$87.67,6,0.68,$86.97,-8.61%,,,,$84.82,-2.47%,$116.92,34.43%,$139.40,60.29%,IR,NYSE:IR,-0.850,$94.62,-7.35%
NASDAQ:IREN,11 Dec 2025,$45.06,3,$84.00,6,0.61,$41.23,9.29%,,,,$35.77,-13.24%,$29.69,-27.99%,$35.39,-14.17%,IREN,NASDAQ:IREN,-0.953,$81.73,2.78%
NYSE:IRM,19 Aug 2025,$97.43,3,$116.80,3,1.52,$121.15,-19.58%,,,,$120.45,-0.58%,$0.00,-100.00%,$0.00,-100.00%,IRM,NYSE:IRM,-0.479,$132.82,-12.06%
NASDAQ:IRMD,4 Dec 2025,$84.32,3,$99.00,8,0.96,$92.50,-8.84%,,,,$89.97,-2.74%,$0.00,-100.00%,$0.00,-100.00%,IRMD,NASDAQ:IRMD,-0.770,$118.00,-16.10%
NYSE:IRS,13 Mar 2026,$17.95,5,$23.00,6,1.33,$14.94,20.15%,,,,$14.53,-2.74%,"$2,138.64",14214.83%,"$2,139.59",14221.22%,IRS,NYSE:IRS,-0.629,$21.33,7.83%
NASDAQ:IRTC,11 Dec 2025,$121.66,2,$220.38,6,0.62,$127.84,-4.83%,,,,$118.88,-7.01%,$0.00,-100.00%,$0.00,-100.00%,IRTC,NASDAQ:IRTC,-0.943,$177.07,24.46%
NASDAQ:ISRG,19 Jul 2024,$316.11,1,,,0.77,$378.81,-16.55%,,,,$364.17,-3.86%,$0.00,-100.00%,$0.00,-100.00%,ISRG,NASDAQ:ISRG,-0.851,$477.25,
NASDAQ:ISTR,1 Jun 2026,$27.26,3,$31.50,6,1.35,$30.06,-9.33%,,,,$29.76,-1.00%,$0.00,-100.00%,$0.00,-100.00%,ISTR,NASDAQ:ISTR,-0.562,$34.25,-8.03%
NYSE:IT,25 Feb 2026,$197.67,3,187,2,0.44,$185.60,2.75%,,,,$177.99,-4.10%,$0.00,-100.00%,$0.00,-100.00%,IT,NYSE:IT,-0.919,$168.38,11.06%
NYSE:ITGR,11 Dec 2025,$113.99,3,$91.50,2,0.56,$125.27,-26.96%,,,,$121.86,-2.72%,$144.42,15.29%,$210.54,68.07%,ITGR,NYSE:ITGR,-0.872,$117.33,-22.01%
NASDAQ:ITIC,29 Jan 2025,$206.10,3,,7,0.84,$289.84,-28.89%,,,,$277.07,-4.41%,$0.00,-100.00%,$0.00,-100.00%,ITIC,NASDAQ:ITIC,-0.669,$39.00,
NASDAQ:ITRI,21 May 2026,$114.84,5,$126.20,4,0.88,$103.75,10.69%,,,,$100.64,-3.00%,$186.76,80.01%,$213.99,106.25%,ITRI,NASDAQ:ITRI,-0.800,$129.60,-2.62%
NASDAQ:ITRN,18 Feb 2026,$47.36,3,$50.00,8,1.65,$52.95,-10.55%,,,,$52.59,-0.68%,$93.96,77.45%,$109.76,107.29%,ITRN,NASDAQ:ITRN,-0.485,$73.50,-31.97%
NYSE:ITT,16 Feb 2026,$184.72,1,$225.86,10,0.59,$213.13,-13.33%,,,,$206.19,-3.26%,$0.00,-100.00%,$0.00,-100.00%,ITT,NYSE:ITT,-0.907,$245.00,-7.81%
NYSE:ITUB,10 Mar 2026,$7.88,3,$9.00,9,1.21,$7.94,-0.76%,,,,$7.87,-0.88%,$0.00,-100.00%,$0.00,-100.00%,ITUB,NYSE:ITUB,-0.622,$8.84,1.81%
NYSE:ITW,11 Nov 2025,$245.17,2,$257.11,6,1.36,$296.66,-17.36%,,,,$291.32,-1.80%,$355.16,19.72%,$369.49,24.55%,ITW,NYSE:ITW,-0.532,$298.48,-13.86%
NYSE:IX,11 Dec 2025,$27.24,3,,5,1.31,$40.09,-32.05%,,,,$39.72,-0.92%,$0.00,-100.00%,$0.00,-100.00%,IX,NYSE:IX,-0.549,$39.51,
NASDAQ:IXHL,11 Dec 2025,$0.76,3,,,,$3.16,-76.11%,,,,,-100.00%,-$2.00,-163.29%,-$2.00,-163.29%,IXHL,NASDAQ:IXHL,-2.000,,
NYSE:JBGS,23 Dec 2025,$16.92,3,$17.50,1,1.92,$12.16,39.17%,,,,$12.14,-0.16%,$0.00,-100.00%,$0.00,-100.00%,JBGS,NYSE:JBGS,-0.315,$14.00,25.00%
NYSE:JBTM,28 Oct 2025,$114.25,3,,,0.70,$123.12,-7.20%,,,,$117.10,-4.89%,$0.00,-100.00%,$0.00,-100.00%,JBTM,NYSE:JBTM,-0.912,$176.42,
NYSE:JCI,4 Jan 2026,$97.19,1,$128.78,9,1.51,$152.21,-36.15%,,,,$151.40,-0.53%,$259.66,70.60%,$278.00,82.64%,JCI,NYSE:JCI,-0.478,$162.21,-20.61%
NASDAQ:JD,1 Apr 2026,$43.40,3,$34.69,3,0.99,$32.97,5.22%,,,,$32.21,-2.31%,$90.55,174.65%,$96.57,192.89%,JD,NASDAQ:JD,-0.738,$39.71,-12.64%
NYSE:JEF,23 Aug 2025,$58.78,3,,,2.20,$56.62,3.82%,,,,$56.59,-0.05%,$0.00,-100.00%,$0.00,-100.00%,JEF,NYSE:JEF,-0.175,$61.33,
NYSE:JELD,25 Oct 2024,$18.28,3,,,1.20,$1.89,866.98%,,,,$1.78,-5.82%,$0.00,-100.00%,$0.00,-100.00%,JELD,NYSE:JELD,-0.606,$1.95,
NASDAQ:JFIN,1 Sep 2025,$12.96,3,,7,,$2.61,396.51%,,,,,-100.00%,-$2.00,-176.63%,-$2.00,-176.63%,JFIN,NASDAQ:JFIN,-2.000,,
NYSE:JHX,22 Aug 2025,$30.58,3,$26.94,8,0.74,$30.23,-10.88%,,,,$29.02,-4.00%,$0.00,-100.00%,$0.00,-100.00%,JHX,NYSE:JHX,-0.814,$31.29,-13.90%
NYSE:JILL,3 Jan 2025,$36.04,3,$36.67,6,0.84,$18.92,90.48%,,,,$18.26,-3.49%,$31.06,64.15%,$19.27,1.84%,JILL,NYSE:JILL,-0.719,$15.50,136.58%
NASDAQ:JJSF,31 Jan 2025,$136.25,3,$200.00,3,1.19,$91.91,48.24%,,,,$87.29,-5.03%,$0.00,-100.00%,$0.00,-100.00%,JJSF,NASDAQ:JJSF,-0.626,$100.50,99.00%
NASDAQ:JKHY,27 Jan 2026,$182.29,3,,,0.70,$155.95,16.89%,,,,$151.22,-3.03%,$296.16,89.91%,$345.91,121.81%,JKHY,NASDAQ:JKHY,-0.864,$185.71,
NYSE:JKS,9 Feb 2026,$25.42,3,$23.33,6,1.73,$17.01,37.15%,,,,$16.24,-4.53%,-$184.09,-1182.23%,-$184.09,-1182.23%,JKS,NYSE:JKS,-0.453,$25.44,-8.29%
NYSE:JOBY,7 Jul 2025,$8.26,2,,,0.56,$8.64,-4.44%,,,,$8.01,-7.29%,$0.00,-100.00%,$0.00,-100.00%,JOBY,NYSE:JOBY,-0.948,$11.01,
NYSE:JOE,4 Sep 2025,$58.64,3,,4,1.13,$67.35,-12.93%,,,,$66.96,-0.58%,$96.90,43.87%,$110.95,64.74%,JOE,NYSE:JOE,-0.542,$19.00,
NYSE:KAI,11 Nov 2025,$276.48,3,$360.00,2,0.59,$337.63,-18.11%,,,,$324.77,-3.81%,$0.00,-100.00%,$0.00,-100.00%,KAI,NYSE:KAI,-0.872,$342.00,5.26%
NASDAQ:KALU,23 Jun 2026,$168.39,3,$161.67,6,1.18,$184.75,-12.49%,,,,$170.91,-7.49%,$335.49,81.59%,$367.44,98.88%,KALU,NASDAQ:KALU,-0.590,$169.25,-4.48%
NASDAQ:KARO,23 Aug 2025,$42.41,2,,,1.25,$64.81,-34.56%,,,,$63.26,-2.39%,$122.40,88.86%,$125.20,93.18%,KARO,NASDAQ:KARO,-0.609,$74.43,
NYSE:KB,19 Nov 2025,$83.35,3,,,1.51,$124.01,-32.79%,,,,$122.18,-1.48%,"-$1,115.46",-999.49%,"-$1,087.46",-976.91%,KB,NYSE:KB,-0.550,$174.25,
NYSE:KBH,27 Apr 2026,$73.02,5,$56.73,6,1.28,$58.59,-3.17%,,,,$56.35,-3.82%,$114.69,95.74%,$120.45,105.58%,KBH,NYSE:KBH,-0.566,$58.67,-3.31%
NYSE:KD,9 Feb 2026,$28.74,3,$34.00,5,0.41,$14.02,104.99%,,,,$13.29,-5.21%,$0.00,-100.00%,$0.00,-100.00%,KD,NYSE:KD,-0.943,$13.60,150.00%
NASDAQ:KDP,19 Jun 2026,$36.23,3,$31.83,9,1.30,$30.01,6.06%,,,,$29.29,-2.40%,$0.00,-100.00%,$0.00,-100.00%,KDP,NASDAQ:KDP,-0.593,$35.24,-9.68%
NYSE:KEP,27 Jul 2026,$13.39,4,,4,1.36,$12.49,7.21%,7.21%,$13.39,$16.00,$12.32,-1.36%,"$1,519.54",12066.06%,"$5,660.57",45220.81%,KEP,NYSE:KEP,-0.591,$16.00,
NYSE:KEY,20 Mar 2026,$21.47,3,$24.04,3,2.06,$22.73,-5.55%,,,,$22.58,-0.66%,$0.00,-100.00%,$0.00,-100.00%,KEY,NYSE:KEY,-0.251,$26.02,-7.61%
NYSE:KGC,14 Aug 2025,$8.59,1,,,0.93,$27.64,-68.92%,,,,$26.56,-3.91%,$65.38,136.52%,$67.62,144.66%,KGC,NYSE:KGC,-0.788,$35.93,
NASDAQ:KIDS,11 Dec 2025,$25.39,3,$24.00,6,0.73,$22.77,5.40%,,,,$21.97,-3.51%,$0.00,-100.00%,$0.00,-100.00%,KIDS,NASDAQ:KIDS,-0.848,$26.67,-10.01%
NYSE:KIM,19 Sep 2025,$25.08,5,$24.84,7,1.49,$24.46,1.55%,,,,$24.14,-1.31%,$0.00,-100.00%,$0.00,-100.00%,KIM,NYSE:KIM,-0.491,$26.78,-7.24%
NASDAQ:KLAC,4 Jan 2026,"$1,084.54",2,"$1,372.72",8,0.92,$198.11,447.44%,,,,$192.12,-3.02%,$232.47,17.34%,$237.49,19.88%,KLAC,NASDAQ:KLAC,-0.762,$230.85,494.64%
NYSE:KLC,14 Jan 2026,$8.03,3,$5.70,3,0.37,$5.17,10.25%,,,,$4.88,-5.61%,-$17.29,-434.50%,-$3.99,-177.11%,KLC,NYSE:KLC,-0.927,$4.24,34.43%
NASDAQ:KLIC,23 Aug 2025,$42.70,3,,,1.33,$91.31,-53.24%,,,,$89.93,-1.51%,$0.00,-100.00%,$0.00,-100.00%,KLIC,NASDAQ:KLIC,-0.562,$100.00,
NYSE:KMT,26 Aug 2025,$29.15,5,$22.25,5,1.08,$33.13,-32.84%,,,,$32.62,-1.54%,$0.00,-100.00%,$0.00,-100.00%,KMT,NYSE:KMT,-0.667,$34.86,-36.17%
NYSE:KN,2 Feb 2026,$24.86,3,,,0.87,$39.08,-36.39%,,,,$38.22,-2.20%,$49.86,27.58%,$55.67,42.45%,KN,NYSE:KN,-0.771,$43.75,
NYSE:KOF,16 Jun 2026,$111.51,3,$115.00,5,1.89,$110.44,0.97%,,,,$110.63,0.17%,$231.45,109.58%,$301.48,172.98%,KOF,NYSE:KOF,-0.312,$119.43,-3.71%
NASDAQ:KOPN,16 Feb 2026,$2.24,3,,6,0.65,$4.27,-47.45%,,,,$4.00,-6.32%,$4.20,-1.73%,$4.21,-1.51%,KOPN,NASDAQ:KOPN,-0.931,$7.62,
NYSE:KR,2 Jan 2026,$62.39,3,,,1.72,$56.73,9.98%,,,,$56.27,-0.81%,$16.68,-70.60%,$87.77,54.72%,KR,NYSE:KR,-0.423,$70.64,
NASDAQ:KRNT,6 Nov 2025,$18.46,3,$23.50,4,0.71,$17.08,8.08%,,,,$16.31,-4.51%,$17.96,5.15%,$20.66,20.99%,KRNT,NASDAQ:KRNT,-0.901,$23.38,0.51%
NASDAQ:KRT,16 Sep 2025,$27.50,4,$31.50,2,1.00,$47.09,-41.59%,,,,$44.47,-5.56%,$0.00,-100.00%,$0.00,-100.00%,KRT,NASDAQ:KRT,-0.638,$36.50,-13.70%
NASDAQ:KSPI,11 Feb 2026,$112.77,3,$92.50,6,1.47,$90.30,2.44%,,,,$89.89,-0.45%,$42.68,-52.74%,$42.81,-52.59%,KSPI,NASDAQ:KSPI,-0.499,$98.30,-5.90%
NYSE:KSS,25 Jul 2023,$47.54,3,,,1.21,$19.30,146.34%,,,,$18.14,-6.01%,$94.46,389.43%,-$21.43,-211.01%,KSS,NYSE:KSS,-0.581,$17.85,
NYSEAMERICAN:KULR,4 Feb 2026,,,$3.36,1,,$2.92,15.07%,,,,,-100.00%,-$2.00,-168.49%,-$2.00,-168.49%,KULR,NYSEAMERICAN:KULR,-2.000,,
NYSE:KVUE,14 Aug 2025,$22.53,4,$23.83,8,1.65,$19.23,17.16%,,,,$18.90,-1.72%,$0.00,-100.00%,$0.00,-100.00%,KVUE,NYSE:KVUE,-0.406,$19.83,20.17%
NYSE:KVYO,22 Jan 2026,$29.82,3,$42.31,7,0.65,$16.62,79.44%,,,,$15.63,-5.96%,$0.00,-100.00%,$0.00,-100.00%,KVYO,NYSE:KVYO,-0.933,$27.95,51.38%
NYSE:KWR,7 Dec 2023,$246.30,3,,,0.71,$169.95,44.92%,,,,$164.01,-3.50%,$0.00,-100.00%,$0.00,-100.00%,KWR,NYSE:KWR,-0.839,$185.43,
NASDAQ:LAB,11 Dec 2025,$2.34,3,$1.35,8,0.75,$0.80,68.75%,,,,$0.76,-5.00%,$0.00,-100.00%,$0.00,-100.00%,LAB,NASDAQ:LAB,-0.889,$1.55,-12.90%
NYSE:LAC,2 Sep 2025,$4.84,5,$4.00,4,0.98,$3.23,23.84%,,,,$3.04,-5.88%,-$0.39,-112.04%,-$0.38,-111.79%,LAC,NYSE:LAC,-0.788,$5.71,-29.95%
NYSE:LAD,6 Feb 2026,$430.33,5,$385.50,5,1.05,$375.63,2.63%,,,,$366.84,-2.34%,-$338.98,-190.24%,-$243.84,-164.92%,LAD,NYSE:LAD,-0.705,$440.25,-12.44%
NASDAQ:LAKE,31 Dec 2025,$12.09,4,$18.50,6,,$12.03,0.50%,,,,,-100.00%,-$2.00,-116.63%,-$2.00,-116.63%,LAKE,NASDAQ:LAKE,-2.000,,
NASDAQ:LAMR,16 Sep 2025,$136.02,4,$129.00,9,1.10,$160.93,-19.84%,,,,$156.17,-2.96%,$0.00,-100.00%,$0.00,-100.00%,LAMR,NASDAQ:LAMR,-0.641,$158.60,-18.66%
NASDAQ:LASR,27 Jan 2026,$28.42,2,,,0.64,$56.16,-49.40%,,,,$54.07,-3.72%,$0.00,-100.00%,$0.00,-100.00%,LASR,NASDAQ:LASR,-0.937,$90.71,
NASDAQ:LAUR,15 Oct 2025,$28.37,2,,,0.88,$38.34,-26.00%,,,,$36.78,-4.07%,$0.00,-100.00%,$0.00,-100.00%,LAUR,NASDAQ:LAUR,-0.759,$41.21,
NYSE:LB,26 Aug 2025,$40.37,2,,,0.53,$75.40,-46.47%,,,,$71.83,-4.73%,$0.00,-100.00%,$0.00,-100.00%,LB,NYSE:LB,-0.919,$82.57,
NYSE:LC,16 Mar 2026,$17.29,4,$24.00,6,4.05,$19.21,-10.00%,,,,$0.00,-100.00%,$0.00,-100.00%,$0.00,-100.00%,LC,NYSE:LC,-1.000,$23.25,3.23%
NASDAQ:LCID,15 Dec 2025,$16.47,3,$17.00,3,0.54,$7.04,133.89%,,,,$6.65,-5.54%,$0.00,-100.00%,$0.00,-100.00%,LCID,NASDAQ:LCID,-0.932,$8.30,104.82%
NYSE:LDOS,17 Feb 2026,$176.70,3,$202.40,10,0.67,$137.57,28.44%,,,,$129.67,-5.74%,$0.00,-100.00%,$0.00,-100.00%,LDOS,NYSE:LDOS,-0.852,$147.33,37.38%
NASDAQ:LECO,31 May 2024,$190.67,3,,,1.64,$281.96,-32.38%,,,,$277.45,-1.60%,$472.47,67.57%,$503.63,78.62%,LECO,NASDAQ:LECO,-0.418,$298.80,
NYSE:LEN,21 Feb 2026,$150.73,5,$98.80,4,1.56,$88.18,12.04%,,,,$85.42,-3.13%,$207.80,135.65%,$213.61,142.24%,LEN,NYSE:LEN,-0.435,$87.00,13.56%
NYSE:LEN.B,19 Feb 2026,$140.83,5,,,1.45,$86.48,62.85%,,,,$84.01,-2.86%,$915.28,958.37%,$955.55,1004.94%,LEN.B,NYSE:LEN.B,-0.419,,
NASDAQ:LENZ,15 May 2025,$26.93,3,$47.14,9,0.68,$5.36,402.48%,,,,$5.04,-5.97%,$0.00,-100.00%,$0.00,-100.00%,LENZ,NASDAQ:LENZ,-0.922,$32.00,47.31%
NYSEAMERICAN:LEU,23 Dec 2025,$221.63,3,$289.10,9,,$191.37,15.81%,,,,,-100.00%,-$2.00,-101.05%,-$2.00,-101.05%,LEU,NYSE:LEU,-2.000,,
NASDAQ:LFUS,30 Jan 2026,$287.28,3,$366.67,8,0.77,$456.55,-37.08%,,,,$445.38,-2.45%,$669.05,46.54%,$623.33,36.53%,LFUS,NASDAQ:LFUS,-0.809,$488.75,-24.98%
NASDAQ:LFVN,16 Sep 2025,$9.29,3,,,,$6.76,37.43%,,,,,-100.00%,-$2.00,-129.59%,-$2.00,-129.59%,LFVN,NASDAQ:LFVN,-2.000,,
NASDAQ:LFWD,4 Dec 2025,$1.24,3,$4.50,,,$7.69,-83.85%,,,,,-100.00%,-$2.00,-126.01%,-$2.00,-126.01%,LFWD,NASDAQ:LFWD,-2.000,,
NASDAQ:LGHL,1 Sep 2025,$2.89,3,,,,$0.90,221.33%,,,,,-100.00%,-$2.00,-322.22%,-$2.00,-322.22%,LGHL,NASDAQ:LGHL,-2.000,,
NASDAQ:LGIH,10 Apr 2026,$71.78,3,$38.00,3,0.62,$60.04,-36.71%,,,,$57.13,-4.85%,$0.00,-100.00%,$0.00,-100.00%,LGIH,NASDAQ:LGIH,-0.948,$93.00,-59.14%
NYSE:LH,19 May 2025,$246.54,3,$276.82,5,0.57,$319.17,-22.76%,,,,$304.52,-4.59%,$0.00,-100.00%,$0.00,-100.00%,LH,NYSE:LH,-0.893,$335.00,-17.37%
NASDAQ:LI,15 Dec 2025,$17.08,1,,1,0.61,$12.95,31.89%,,,,$12.26,-5.33%,$112.85,771.46%,$119.25,820.86%,LI,NASDAQ:LI,-0.951,$18.16,
NASDAQ:LIF,22 Jan 2026,$44.97,2,$89.23,1,0.41,$63.20,-28.85%,,,,$58.49,-7.45%,$71.35,12.89%,$74.51,17.90%,LIF,NASDAQ:LIF,-0.954,$64.21,38.97%
NYSE:LII,26 Aug 2025,$486.80,1,,,0.95,$439.77,10.70%,,,,$428.57,-2.55%,$617.67,40.45%,$678.36,54.25%,LII,NYSE:LII,-0.745,$511.15,
NASDAQ:LIN,8 Jul 2024,$400.00,0,,,0.86,$489.98,-18.36%,,,,$478.30,-2.38%,$0.00,-100.00%,$0.00,-100.00%,LIN,NASDAQ:LIN,-0.778,$548.00,
NASDAQ:LITE,2 Feb 2026,$174.97,1,,,0.54,$890.17,-80.34%,,,,$827.98,-6.99%,$912.15,2.47%,$955.94,7.39%,LITE,NASDAQ:LITE,-0.948,"$1,104.89",
NASDAQ:LIVN,11 Dec 2025,$69.34,3,$65.83,9,0.65,$76.22,-13.63%,,,,$72.79,-4.50%,$0.00,-100.00%,$0.00,-100.00%,LIVN,NASDAQ:LIVN,-0.872,$84.80,-22.37%
NASDAQ:LKFN,19 Nov 2025,$61.67,3,,,1.65,$61.73,-0.10%,,,,$61.79,0.10%,$0.00,-100.00%,$0.00,-100.00%,LKFN,NASDAQ:LKFN,-0.417,$66.50,
NASDAQ:LKQ,15 May 2025,$47.72,5,$53.00,8,1.71,$24.86,91.95%,,,,$24.26,-2.41%,$6.06,-75.64%,$21.88,-11.99%,LKQ,NASDAQ:LKQ,-0.443,$32.50,63.08%
NYSE:LMT,23 Dec 2025,$488.93,3,$524.93,7,1.92,$587.95,-16.84%,,,,$580.39,-1.29%,$0.00,-100.00%,$0.00,-100.00%,LMT,NYSE:LMT,-0.295,$629.53,-16.62%
NYSE:LOB,18 Nov 2025,$45.74,3,$42.50,4,0.82,$42.60,-0.23%,,,,$40.79,-4.25%,$0.00,-100.00%,$0.00,-100.00%,LOB,NYSE:LOB,-0.785,$46.00,-7.61%
NYSE:LOMA,16 Dec 2025,$12.58,3,,7,1.43,$10.44,20.50%,,,,$10.16,-2.68%,$0.00,-100.00%,$0.00,-100.00%,LOMA,NYSE:LOMA,-0.587,$14.70,
NASDAQ:LOVE,30 Aug 2023,$33.25,3,,,1.11,$17.82,86.57%,,,,$16.99,-4.66%,$78.26,339.17%,$75.61,324.29%,LOVE,NASDAQ:LOVE,-0.720,$24.17,
NASDAQ:LPRO,23 Aug 2025,$2.92,3,$2.58,2,0.44,$3.14,-17.83%,,,,$3.04,-3.18%,$0.00,-100.00%,$0.00,-100.00%,LPRO,NASDAQ:LPRO,-0.921,$2.92,-11.64%
NASDAQ:LPTH,29 Jan 2026,$6.12,3,$12.67,8,0.56,$13.06,-53.14%,,,,$11.54,-11.64%,$14.13,8.16%,$14.18,8.60%,LPTH,NASDAQ:LPTH,-0.932,$15.97,-20.66%
NYSE:LPX,9 May 2025,$89.40,3,,,0.75,$78.51,13.87%,,,,$75.44,-3.91%,$0.00,-100.00%,$0.00,-100.00%,LPX,NYSE:LPX,-0.842,$93.31,
NASDAQ:LQDT,23 Dec 2025,$37.03,4,$41.00,3,0.44,$42.06,-11.95%,,,,$39.58,-5.90%,$0.00,-100.00%,$0.00,-100.00%,LQDT,NASDAQ:LQDT,-0.948,$44.00,-6.82%
NASDAQ:LRCX,17 Jul 2024,$725.21,1,,,1.25,$311.35,132.92%,,,,$301.77,-3.08%,$353.60,13.57%,$359.77,15.55%,LRCX,NASDAQ:LRCX,-0.620,$368.13,
NASDAQ:LSCC,19 Jan 2026,$69.35,1,$83.73,10,0.59,$130.03,-46.67%,,,,$125.38,-3.58%,$0.00,-100.00%,$0.00,-100.00%,LSCC,NASDAQ:LSCC,-0.930,$164.92,-49.23%
NYSE:LSPD,11 Sep 2025,$13.68,3,$15.02,6,0.48,$10.46,30.79%,,,,$9.91,-5.26%,$0.00,-100.00%,$0.00,-100.00%,LSPD,NYSE:LSPD,-0.926,$10.65,41.03%
NASDAQ:LTBR,25 Aug 2025,$13.94,3,,,0.48,$9.47,47.18%,,,,$8.62,-8.98%,$0.00,-100.00%,$0.00,-100.00%,LTBR,NASDAQ:LTBR,-0.943,$10.50,
NYSE:LTH,15 Aug 2025,$22.60,2,,,0.56,$43.81,-48.41%,,,,$41.21,-5.93%,$0.00,-100.00%,$0.00,-100.00%,LTH,NYSE:LTH,-0.937,$54.43,
NASDAQ:LTRX,5 Feb 2026,$7.76,3,$7.88,9,0.86,$5.97,30.05%,,,,$5.71,-4.36%,$8.54,43.00%,$9.66,61.83%,LTRX,NASDAQ:LTRX,-0.840,$10.33,-23.72%
NYSE:LU,1 Sep 2025,$3.43,3,,4,0.79,$1.50,128.40%,,,,$1.43,-4.67%,$0.00,-100.00%,$0.00,-100.00%,LU,NYSE:LU,-0.872,$2.77,
NASDAQ:LUNG,4 Dec 2025,$3.40,3,$4.10,1,0.70,$2.04,66.67%,,,,$1.94,-4.90%,$0.00,-100.00%,$0.00,-100.00%,LUNG,NASDAQ:LUNG,-0.911,$3.40,20.59%
NYSE:LUXE,26 Mar 2026,$9.82,3,,,0.53,$8.10,21.17%,,,,$7.66,-5.43%,$16.53,104.04%,$18.95,133.91%,LUXE,NYSE:LUXE,-0.923,$9.08,
NASDAQ:LWAY,27 Aug 2025,$25.66,2,,,1.17,$31.50,-18.54%,,,,$30.59,-2.89%,$43.33,37.55%,$46.92,48.96%,LWAY,NASDAQ:LWAY,-0.635,$34.50,
NASDAQ:LX,9 Sep 2025,$5.80,3,,7,1.86,$1.46,297.26%,,,,$1.42,-2.74%,$0.00,-100.00%,$0.00,-100.00%,LX,NASDAQ:LX,-0.394,$3.49,
NYSE:LXFR,11 Nov 2025,$12.33,3,,5,1.83,$17.10,-27.92%,,,,$17.14,0.23%,$24.91,45.69%,$17.98,5.14%,LXFR,NYSE:LXFR,-0.341,$18.75,
NYSE:LXU,22 Jan 2026,$9.49,3,$10.38,3,0.68,$9.62,-1.36%,,,,$9.10,-5.41%,$0.00,-100.00%,$0.00,-100.00%,LXU,NYSE:LXU,-0.922,$13.70,-24.23%
NYSE:LYG,10 Mar 2026,$4.90,3,,5,1.70,$6.28,-21.97%,,,,$6.26,-0.32%,-$65.90,-1149.32%,-$67.62,-1176.82%,LYG,NYSE:LYG,-0.385,$6.47,
NASDAQ:LYTS,5 Feb 2026,$23.01,3,$29.33,7,1.53,$25.17,-8.59%,,,,$24.69,-1.91%,$20.91,-16.91%,$24.39,-3.10%,LYTS,NASDAQ:LYTS,-0.500,$30.33,-3.30%
NYSE:LZM,28 Oct 2025,$7.28,3,$8.00,6,0.63,$4.12,76.70%,,,,$3.63,-11.89%,$0.00,-100.00%,$0.00,-100.00%,LZM,NYSE:LZM,-0.943,$8.63,-7.30%
NYSE:M,17 Nov 2023,$28.11,3,,,1.65,$25.40,10.69%,,,,$24.64,-2.99%,$16.05,-36.83%,$35.08,38.10%,M,NYSE:M,-0.379,$22.77,
NYSE:MAA,18 Sep 2025,$156.08,4,$158.89,4,1.44,$134.96,15.65%,,,,$132.08,-2.13%,$0.00,-100.00%,$0.00,-100.00%,MAA,NYSE:MAA,-0.508,$143.40,10.80%
NASDAQ:MAPS,9 Feb 2026,$1.32,3,,2,,,#DIV/0!,,,,,#DIV/0!,-$2.00,#DIV/0!,-$2.00,#DIV/0!,MAPS,NASDAQ:MAPS,-2.000,,
NASDAQ:MAR,23 Dec 2025,$276.62,2,$301.75,6,1.04,$353.91,-21.84%,,,,$349.78,-1.17%,$0.00,-100.00%,$0.00,-100.00%,MAR,NASDAQ:MAR,-0.690,$380.12,-20.62%
NYSE:MAS,9 Apr 2026,$74.88,5,$77.30,2,1.21,$77.51,-3.39%,,,,$75.22,-2.95%,$0.00,-100.00%,$0.00,-100.00%,MAS,NYSE:MAS,-0.605,$80.65,-4.15%
NASDAQ:MASI,11 Dec 2025,$144.64,3,$188.40,8,,,#DIV/0!,,,,,#DIV/0!,-$2.00,#DIV/0!,-$2.00,#DIV/0!,MASI,NASDAQ:MASI,-2.000,,
NASDAQ:MASS,16 Dec 2025,$6.35,3,$8.00,6,0.82,$8.88,-28.49%,,,,$8.13,-8.45%,$8.47,-4.62%,$9.52,7.22%,MASS,NASDAQ:MASS,-0.821,$11.00,-27.27%
NASDAQ:MAT,18 May 2026,$22.83,3,$16.20,6,0.59,$14.79,9.53%,,,,$13.90,-6.02%,$0.00,-100.00%,$0.00,-100.00%,MAT,NASDAQ:MAT,-0.926,$18.31,-11.52%
NASDAQ:MATW,12 Jun 2025,$31.87,5,,6,1.66,$23.70,34.46%,,,,$22.69,-4.26%,$0.00,-100.00%,$0.00,-100.00%,MATW,NASDAQ:MATW,-0.485,$38.00,
NYSE:MATX,24 May 2026,$189.11,3,$213.00,6,1.05,$206.77,-8.54%,,,,$201.98,-2.32%,$0.00,-100.00%,$0.00,-100.00%,MATX,NYSE:MATX,-0.725,$261.67,-18.60%
NYSE:MAX,23 Aug 2025,$13.82,3,$15.83,3,0.63,$13.40,3.11%,,,,$12.13,-9.48%,$41.70,211.18%,$42.38,216.30%,MAX,NYSE:MAX,-0.876,$14.83,6.74%
NYSE:MBC,24 Dec 2024,$17.00,4,$23.00,4,0.52,$9.37,81.39%,,,,$8.70,-7.15%,$0.00,-100.00%,$0.00,-100.00%,MBC,NYSE:MBC,-0.899,$9.15,151.37%
NYSE:MBI,3 Jan 2025,$6.33,3,$6.75,2,0.69,$5.11,23.89%,,,,$4.71,-7.83%,$0.00,-100.00%,$0.00,-100.00%,MBI,NYSE:MBI,-0.917,$7.25,-6.90%
NASDAQ:MBIN,16 Mar 2026,$47.75,3,$48.50,4,0.84,$54.25,-11.98%,,,,$52.89,-2.51%,$0.00,-100.00%,$0.00,-100.00%,MBIN,NASDAQ:MBIN,-0.769,$56.50,-14.16%
NASDAQ:MBWM,24 Mar 2026,$55.58,3,$56.00,6,1.54,$60.70,-8.43%,,,,$59.32,-2.27%,$0.00,-100.00%,$0.00,-100.00%,MBWM,NASDAQ:MBWM,-0.459,$63.17,-11.35%
NYSE:MC,24 Oct 2025,$64.64,3,,,1.44,$66.63,-2.99%,,,,$66.24,-0.59%,$237.08,255.81%,$240.65,261.18%,MC,NYSE:MC,-0.508,$71.30,
NYSE:MCB,18 Nov 2025,$66.26,3,$88.00,4,1.60,$92.86,-28.65%,,,,$92.27,-0.64%,$0.00,-100.00%,$0.00,-100.00%,MCB,NYSE:MCB,-0.453,$106.00,-16.98%
NASDAQ:MCBS,24 Oct 2025,$30.06,3,$31.00,4,2.08,$35.74,-15.89%,,,,$35.40,-0.95%,$0.00,-100.00%,$0.00,-100.00%,MCBS,NASDAQ:MCBS,-0.223,$38.00,-18.42%
NYSE:MCD,18 Sep 2025,$295.53,3,$322.80,8,0.87,$274.48,7.67%,,,,$268.77,-2.08%,$0.00,-100.00%,$0.00,-100.00%,MCD,NYSE:MCD,-0.782,$320.90,0.59%
NASDAQ:MCHP,27 Jan 2026,$69.09,2,$81.39,8,0.82,$84.69,-18.42%,,,,$78.89,-6.85%,$0.00,-100.00%,$0.00,-100.00%,MCHP,NASDAQ:MCHP,-0.845,$113.08,-28.02%
NYSE:MCK,23 Aug 2024,$496.23,2,,,0.72,$869.58,-42.93%,,,,$846.20,-2.69%,$0.00,-100.00%,$0.00,-100.00%,MCK,NYSE:MCK,-0.833,$947.13,
NYSE:MCO,16 Sep 2025,$491.12,3,,,0.95,$477.75,2.80%,,,,$466.47,-2.36%,$677.25,41.76%,$724.73,51.70%,MCO,NYSE:MCO,-0.750,$560.48,
NYSE:MD,2 May 2025,$17.20,4,$18.10,6,0.63,$27.08,-36.48%,,,,$25.84,-4.58%,$0.00,-100.00%,$0.00,-100.00%,MD,NYSE:MD,-0.832,$24.50,-26.12%
NYSE:MDT,14 Jan 2026,$99.63,3,$111.63,6,1.81,$87.16,14.31%,,,,$85.27,-2.17%,$156.99,80.12%,$190.04,118.03%,MDT,NYSE:MDT,-0.359,$98.44,13.40%
NASDAQ:MDWD,1 Sep 2025,$18.47,3,$30.00,4,0.63,$14.39,28.36%,,,,$13.71,-4.73%,$10.60,-26.33%,$10.91,-24.18%,MDWD,NASDAQ:MDWD,-0.941,$30.17,-0.56%
NYSE:MED,23 Dec 2025,$14.30,3,,4,0.53,$12.62,13.35%,,,,$11.85,-6.10%,$0.00,-100.00%,$0.00,-100.00%,MED,NYSE:MED,-0.886,$12.00,
NYSE:MEI,19 Mar 2025,$11.38,3,$11.50,4,1.03,$16.67,-31.71%,,,,$15.73,-5.64%,$18.99,13.90%,$22.01,32.06%,MEI,NYSE:MEI,-0.712,$19.33,-40.51%
NASDAQ:MELI,29 Aug 2025,"$2,075.00",2,,,0.56,"$1,820.69",13.97%,,,,"$1,736.52",-4.62%,$0.00,-100.00%,$0.00,-100.00%,MELI,NASDAQ:MELI,-0.932,"$2,214.88",
NASDAQ:MERC,9 Apr 2025,$9.51,3,$7.00,5,,$0.59,1086.44%,,,,,-100.00%,-$2.00,-438.98%,-$2.00,-438.98%,MERC,NASDAQ:MERC,-2.000,,
NASDAQ:MESO,11 Dec 2025,$18.44,3,,,0.63,$15.94,15.68%,,,,$15.11,-5.21%,$0.00,-100.00%,$0.00,-100.00%,MESO,NASDAQ:MESO,-0.943,$35.00,
NASDAQ:META,19 Jul 2024,$436.35,2,,,0.62,$592.10,-26.31%,,,,$566.42,-4.34%,$0.00,-100.00%,$0.00,-100.00%,META,NASDAQ:META,-0.921,$756.95,
NASDAQ:METC,16 Jun 2025,$18.15,3,$13.00,2,1.34,$10.24,26.95%,,,,$9.62,-6.05%,$0.00,-100.00%,$0.00,-100.00%,METC,NASDAQ:METC,-0.627,$24.62,-47.20%
NYSE:MFG,19 Nov 2025,$6.09,2,,,1.28,$10.71,-43.14%,,,,$10.62,-0.84%,$0.00,-100.00%,$0.00,-100.00%,MFG,NYSE:MFG,-0.560,$10.48,
NASDAQ:MGEE,29 Jan 2025,$79.73,3,$76.50,7,0.77,$81.54,-6.18%,,,,$78.69,-3.50%,$0.00,-100.00%,$0.00,-100.00%,MGEE,NASDAQ:MGEE,-0.780,$77.75,-1.61%
NASDAQ:MGNX,23 Dec 2025,$2.57,3,$3.00,2,0.96,$4.04,-36.27%,,,,$3.82,-5.45%,$21.84,440.65%,$14.95,270.14%,MGNX,NASDAQ:MGNX,-0.795,$6.75,-55.56%
NASDAQ:MGPI,19 Jun 2025,$49.20,3,$38.50,6,1.31,$17.53,119.62%,,,,$16.85,-3.88%,$0.00,-100.00%,$0.00,-100.00%,MGPI,NASDAQ:MGPI,-0.642,$28.00,37.50%
NYSE:MGY,27 Jan 2026,$27.84,4,$26.85,6,0.90,$25.08,7.06%,,,,$23.94,-4.55%,$0.00,-100.00%,$0.00,-100.00%,MGY,NYSE:MGY,-0.800,$32.76,-18.04%
NYSE:MHO,18 Mar 2026,$159.41,5,$165.00,4,0.59,$151.99,4.88%,,,,$142.90,-5.98%,$0.00,-100.00%,$0.00,-100.00%,MHO,NYSE:MHO,-0.900,$170.67,-3.32%
NASDAQ:MIDD,28 Apr 2026,$161.75,5,$180.00,6,2.49,$134.50,20.26%,,,,$134.70,0.15%,$155.75,15.80%,$185.69,38.06%,MIDD,NASDAQ:MIDD,-0.082,$168.43,6.87%
NYSE:MIR,19 Nov 2025,$18.40,2,$31.83,9,0.73,$15.71,17.10%,,,,$14.53,-7.51%,$19.74,25.68%,$27.85,77.29%,MIR,NYSE:MIR,-0.896,$24.80,28.35%
NASDAQ:MITK,27 Jan 2026,$157.37,5,$14.67,9,0.48,$18.49,-20.66%,,,,$16.67,-9.84%,$0.00,-100.00%,$0.00,-100.00%,MITK,NASDAQ:MITK,-0.920,$18.50,-20.70%
NYSE:MKC,23 Dec 2025,$74.06,5,$78.11,5,1.20,$52.96,39.85%,,,,$51.52,-2.72%,$101.87,92.36%,$120.39,127.32%,MKC,NYSE:MKC,-0.631,$60.62,28.85%
NASDAQ:MKSI,30 Jan 2026,$186.47,1,$225.25,10,0.69,$304.99,-38.86%,,,,$289.04,-5.23%,$0.00,-100.00%,$0.00,-100.00%,MKSI,NASDAQ:MKSI,-0.905,$410.77,-45.16%
NASDAQ:MKTX,23 Aug 2025,$211.29,4,$232.14,4,0.69,$162.53,30.00%,,,,$159.44,-1.90%,$0.00,-100.00%,$0.00,-100.00%,MKTX,NASDAQ:MKTX,-0.806,$148.22,56.62%
NASDAQ:MLKN,20 Sep 2024,$28.93,3,,,1.93,$24.49,18.14%,,,,$23.76,-2.98%,$35.65,45.55%,$20.76,-15.24%,MLKN,NASDAQ:MLKN,-0.365,$35.00,
NYSE:MNR,22 Jan 2026,$25.78,3,$20.00,7,3.23,$12.96,54.32%,,,,$13.47,3.94%,$0.00,-100.00%,$0.00,-100.00%,MNR,NYSE:MNR,0.214,$18.00,11.11%
NASDAQ:MNRO,6 Jun 2025,$30.40,3,$17.67,8,2.09,$12.73,38.81%,,,,$12.46,-2.12%,$5.31,-58.30%,$21.06,65.43%,MNRO,NASDAQ:MNRO,-0.293,$22.00,-19.68%
NYSE:MNSO,1 Sep 2025,$24.84,3,$26.94,8,1.14,$12.55,97.90%,,,,$12.24,-2.47%,$42.86,241.53%,$42.86,241.53%,MNSO,NYSE:MNSO,-0.718,$19.70,36.75%
NYSE:MO,17 Mar 2026,$65.79,3,$68.00,4,1.96,$68.35,-3.74%,,,,$67.60,-1.10%,$0.00,-100.00%,$0.00,-100.00%,MO,NYSE:MO,-0.270,$70.64,-3.74%
NASDAQ:MOFG,2 Oct 2025,$33.83,3,$34.50,5,,,#DIV/0!,,,,,#DIV/0!,-$2.00,#DIV/0!,-$2.00,#DIV/0!,MOFG,NASDAQ:MOFG,-2.000,,
NYSE:MOS,23 Dec 2025,$27.76,5,$33.54,7,1.27,$23.06,20.36%,,,,$22.70,-1.56%,$0.00,-100.00%,$0.00,-100.00%,MOS,NYSE:MOS,-0.614,$27.56,21.70%
NYSE:MOV,26 Mar 2026,$28.60,4,$30.75,7,1.44,$37.84,-24.43%,,,,$36.97,-2.30%,$56.09,48.22%,$61.85,63.46%,MOV,NYSE:MOV,-0.549,$47.50,-35.26%
NASDAQ:MPB,19 Mar 2026,$32.84,3,$37.00,7,1.37,$37.60,-12.66%,,,,$37.26,-0.90%,$0.00,-100.00%,$0.00,-100.00%,MPB,NASDAQ:MPB,-0.543,$40.33,-8.26%
NYSE:MPLX,16 Jun 2026,$55.67,1,,,2.46,$58.85,-5.40%,,,,$59.32,0.80%,$0.00,-100.00%,$0.00,-100.00%,MPLX,NYSE:MPLX,-0.049,$61.46,
NYSEAMERICAN:MPTI,11 Feb 2026,$62.49,,,6,,$88.04,-29.02%,,,,,-100.00%,-$2.00,-102.27%,-$2.00,-102.27%,MPTI,NYSEAMERICAN:MPTI,-2.000,,
NASDAQ:MPWR,26 Jan 2026,$897.84,2,,,0.62,"$1,401.54",-35.94%,,,,"$1,325.20",-5.45%,$0.00,-100.00%,$0.00,-100.00%,MPWR,NASDAQ:MPWR,-0.924,"$1,829.54",
NASDAQ:MRAM,19 Jan 2026,$10.62,3,$10.50,8,0.65,$16.64,-36.90%,,,,$15.00,-9.86%,$0.00,-100.00%,$0.00,-100.00%,MRAM,NASDAQ:MRAM,-0.933,$24.67,-57.44%
NASDAQ:MRVL,15 Jan 2026,$93.91,4,$119.56,10,0.78,$218.72,-57.06%,,,,$201.38,-7.93%,$239.75,9.62%,$258.67,18.27%,MRVL,NASDAQ:MRVL,-0.825,$256.91,-53.46%
NASDAQ:MRX,10 Sep 2025,$29.58,2,,,1.83,$60.81,-51.36%,,,,$60.75,-0.10%,-$37.27,-161.29%,-$28.59,-147.01%,MRX,NASDAQ:MRX,-0.364,$72.38,
NYSE:MS,27 Aug 2025,$131.18,2,,,1.75,$216.33,-39.36%,,,,$212.49,-1.78%,$0.00,-100.00%,$0.00,-100.00%,MS,NYSE:MS,-0.374,$236.62,
NYSE:MSB,1 Sep 2025,$30.89,1,,,0.90,$23.32,32.46%,,,,$22.54,-3.34%,"$831,635.73",3566090.93%,"$831,635.73",3566090.93%,MSB,NYSE:MSB,-0.823,$33.00,
NASDAQ:MSBI,2 Oct 2025,$21.79,3,$20.67,3,1.64,$33.49,-38.28%,,,,$33.36,-0.39%,$0.00,-100.00%,$0.00,-100.00%,MSBI,NASDAQ:MSBI,-0.402,$33.25,-37.83%
NYSE:MSCI,24 Oct 2025,$568.24,3,,,1.36,$563.17,0.90%,,,,$558.09,-0.90%,$778.77,38.28%,$820.73,45.73%,MSCI,NYSE:MSCI,-0.581,$692.06,
NASDAQ:MSFT,26 Jan 2026,$49.22,3,,,0.88,$499.99,-90.16%,,,,$490.87,-1.82%,$633.28,26.66%,$690.21,38.04%,MSFT,NASDAQ:MSFT,-0.772,$562.73,
NYSE:MSI,2 Feb 2026,$451.69,3,$462.25,8,0.56,$467.55,-3.39%,,,,$453.36,-3.03%,$0.00,-100.00%,$0.00,-100.00%,MSI,NYSE:MSI,-0.904,$507.00,-8.83%
NASDAQ:MSTR,9 Feb 2026,$240.05,3,$361.73,4,0.63,$100.01,140.03%,,,,$93.10,-6.91%,$0.00,-100.00%,$0.00,-100.00%,MSTR,NASDAQ:MSTR,-0.943,$257.50,40.48%
NYSE:MT,29 Apr 2026,$53.35,2,$66.60,9,0.78,$73.29,-27.20%,,,,$70.96,-3.18%,$0.00,-100.00%,$0.00,-100.00%,MT,NYSE:MT,-0.790,$74.03,-10.04%
NYSE:MTB,20 Oct 2025,$182.98,3,$219.71,4,1.59,$250.45,-26.94%,,,,$247.20,-1.30%,$0.00,-100.00%,$0.00,-100.00%,MTB,NYSE:MTB,-0.431,$255.97,-14.17%
NYSE:MTDR,19 Aug 2025,$64.64,3,$62.88,4,1.03,$49.06,28.17%,,,,$47.09,-4.02%,$0.00,-100.00%,$0.00,-100.00%,MTDR,NYSE:MTDR,-0.765,$68.63,-8.38%
NYSE:MTG,16 Jul 2024,$24.62,3,,,1.96,$30.48,-19.23%,,,,$30.19,-0.95%,$59.12,93.96%,$59.58,95.48%,MTG,NYSE:MTG,-0.268,$31.00,
NASDAQ:MTRX,23 Jan 2026,$15.94,3,,1,1.11,$11.91,33.81%,,,,$11.56,-2.94%,$43.18,262.56%,$46.20,287.89%,MTRX,NASDAQ:MTRX,-0.728,$20.00,
NASDAQ:MTSI,27 Jan 2026,$193.58,2,$204.75,8,0.62,$310.82,-37.72%,,,,$289.85,-6.75%,$0.00,-100.00%,$0.00,-100.00%,MTSI,NASDAQ:MTSI,-0.922,$400.92,-48.93%
NYSE:MTW,20 Sep 2024,$13.92,3,,,0.34,$18.81,-26.00%,,,,$16.66,-11.43%,$0.00,-100.00%,$0.00,-100.00%,MTW,NYSE:MTW,-0.891,$10.50,
NYSE:MTZ,4 Sep 2024,$99.99,3,,,0.95,$272.46,-63.30%,,,,$250.26,-8.15%,$310.05,13.80%,$316.12,16.03%,MTZ,NYSE:MTZ,-0.800,$427.21,
NYSE:MUFG,21 Oct 2025,$13.65,3,,10,1.20,$22.49,-39.31%,,,,$22.26,-1.02%,$0.00,-100.00%,$0.00,-100.00%,MUFG,NYSE:MUFG,-0.589,$21.59,
NYSE:MUX,20 Aug 2025,$12.92,3,$15.83,6,0.63,$19.19,-32.66%,,,,$18.07,-5.84%,$0.00,-100.00%,$0.00,-100.00%,MUX,NYSE:MUX,-0.942,$32.10,-50.69%
NASDAQ:MVIS,5 Feb 2026,$1.11,4,,1,0.26,$3.39,-67.14%,,,,$3.00,-11.50%,$0.00,-100.00%,$0.00,-100.00%,MVIS,NASDAQ:MVIS,-0.927,$2.00,
NYSE:MWA,13 Nov 2025,$22.51,2,$27.20,1,0.70,$26.65,-15.55%,,,,$25.94,-2.66%,$0.00,-100.00%,$0.00,-100.00%,MWA,NYSE:MWA,-0.859,$31.00,-12.26%
NYSE:MX,9 Feb 2026,$4.11,3,,3,0.45,$3.98,3.27%,,,,$3.77,-5.28%,$3.82,-4.00%,$5.86,47.12%,MX,NYSE:MX,-0.937,$4.00,
NASDAQ:MXCT,23 Dec 2025,$2.30,3,$6.84,,,$1.18,94.58%,,,,,-100.00%,-$2.00,-269.49%,-$2.00,-269.49%,MXCT,NASDAQ:MXCT,-2.000,,
NASDAQ:MXL,19 Jan 2026,$27.04,4,$22.00,4,0.57,$74.98,-70.66%,,,,$68.84,-8.19%,$71.94,-4.06%,$77.30,3.09%,MXL,NASDAQ:MXL,-0.940,$94.55,-76.73%
NYSEAMERICAN:MYO,16 Dec 2025,$1.00,1,,,,$1.42,-29.58%,,,,,-100.00%,-$2.00,-240.85%,-$2.00,-240.85%,MYO,NYSEAMERICAN:MYO,-2.000,,
NASDAQ:MYRG,25 Sep 2024,$129.33,3,,,0.71,$337.42,-61.67%,,,,$318.73,-5.54%,$443.77,31.52%,$496.87,47.26%,MYRG,NASDAQ:MYRG,-0.874,$423.33,
NYSE:NABL,5 Feb 2026,$8.30,3,$9.65,5,1.15,$4.99,66.25%,,,,$4.79,-4.01%,$6.25,25.33%,$9.15,83.39%,NABL,NYSE:NABL,-0.706,$6.85,40.88%
NYSEAMERICAN:NAK,3 Sep 2025,$1.18,,$2.50,4,,$1.71,-30.99%,,,,,-100.00%,-$2.00,-216.96%,-$2.00,-216.96%,NAK,NYSEAMERICAN:NAK,-2.000,,
NASDAQ:NAVI,23 Aug 2025,$18.59,4,$13.20,6,1.42,$9.08,45.37%,,,,$8.45,-6.94%,$0.00,-100.00%,$0.00,-100.00%,NAVI,NASDAQ:NAVI,-0.502,$9.06,45.70%
NASDAQ:NB,12 Aug 2025,$5.09,3,,,0.65,$5.36,-5.11%,,,,$5.06,-5.60%,$0.00,-100.00%,$0.00,-100.00%,NB,NASDAQ:NB,-0.934,$11.72,
NASDAQ:NBBK,28 Nov 2025,$21.28,3,$22.00,9,1.03,$22.58,-5.76%,,,,$22.14,-1.95%,$0.00,-100.00%,$0.00,-100.00%,NBBK,NASDAQ:NBBK,-0.706,$25.50,-13.73%
NYSE:NBHC,6 Oct 2025,$47.71,4,$44.75,5,1.69,$42.62,5.00%,,,,$42.23,-0.92%,$0.00,-100.00%,$0.00,-100.00%,NBHC,NYSE:NBHC,-0.413,$48.50,-7.73%
NASDAQ:NBN,27 May 2026,$126.48,3,$130.50,8,0.69,$133.44,-5.22%,,,,$128.44,-3.75%,$0.00,-100.00%,$0.00,-100.00%,NBN,NASDAQ:NBN,-0.845,$143.50,-9.06%
NASDAQ:NBTB,2 Oct 2025,$49.04,3,$50.67,4,1.59,$52.66,-6.87%,,,,$52.42,-0.46%,$0.00,-100.00%,$0.00,-100.00%,NBTB,NASDAQ:NBTB,-0.441,$55.83,-9.24%
NASDAQ:NCNA,7 Jul 2025,$0.15,3,,,,$1.47,-90.14%,,,,,-100.00%,-$2.00,-236.05%,-$2.00,-236.05%,NCNA,NASDAQ:NCNA,-2.000,,
NASDAQ:NECB,2 Oct 2025,$25.63,3,$25.00,2,1.59,$26.68,-6.30%,,,,$26.44,-0.90%,$0.00,-100.00%,$0.00,-100.00%,NECB,NASDAQ:NECB,-0.451,$29.75,-15.97%
NYSE:NEM,21 Jul 2025,$58.12,3,$67.81,10,1.30,$112.98,-48.56%,,,,$109.42,-3.15%,$196.68,74.08%,$346.23,206.45%,NEM,NYSE:NEM,-0.589,$129.27,-47.54%
NASDAQ:NEO,2 Sep 2025,$7.13,3,$9.83,6,1.22,$16.57,-56.95%,,,,$15.74,-5.01%,$15.57,-6.02%,$20.56,24.06%,NEO,NASDAQ:NEO,-0.635,$19.72,-50.15%
NYSE:NET,22 Jan 2026,$169.89,3,$246.25,6,0.47,$300.27,-43.42%,,,,$287.15,-4.37%,$0.00,-100.00%,$0.00,-100.00%,NET,NYSE:NET,-0.902,$272.36,-9.59%
NASDAQ:NEWT,19 Nov 2025,$11.21,4,$14.38,4,1.60,$13.53,-17.15%,,,,$13.29,-1.77%,$0.00,-100.00%,$0.00,-100.00%,NEWT,NASDAQ:NEWT,-0.480,$17.20,-16.40%
NASDAQ:NFLX,8 Jul 2024,$571.61,2,,,0.71,$74.14,670.99%,,,,$71.17,-4.01%,$93.29,25.82%,$162.71,119.47%,NFLX,NASDAQ:NFLX,-0.878,$94.33,
NYSE:NGG,19 Sep 2025,$70.94,3,$78.00,8,,$80.88,-12.30%,,,,,-100.00%,-$2.00,-102.47%,-$2.00,-102.47%,NGG,NYSE:NGG,-2.000,,
NYSE:NGL,22 Jan 2026,$10.10,1,,,0.44,$16.88,-40.17%,,,,$16.29,-3.50%,$0.00,-100.00%,$0.00,-100.00%,NGL,NYSE:NGL,-0.847,$5.00,
NYSE:NGVC,20 Mar 2026,$44.77,3,,4,0.91,$28.39,57.69%,,,,$25.69,-9.51%,$0.00,-100.00%,$0.00,-100.00%,NGVC,NYSE:NGVC,-0.817,$46.33,
NYSE:NGVT,2 Oct 2025,$58.97,4,$60.67,7,1.47,$77.82,-24.22%,,,,$76.62,-1.54%,$87.83,12.86%,$107.49,38.13%,NGVT,NYSE:NGVT,-0.513,$89.00,-31.83%
NYSE:NIC,2 Oct 2025,$118.87,3,$139.67,4,0.75,$172.54,-31.11%,,,,$167.30,-3.04%,$0.00,-100.00%,$0.00,-100.00%,NIC,NYSE:NIC,-0.823,$191.80,-27.18%
NASDAQ:NICE,11 Feb 2026,$180.97,3,$158.57,6,0.54,$101.85,55.69%,,,,$93.53,-8.17%,$0.00,-100.00%,$0.00,-100.00%,NICE,NASDAQ:NICE,-0.943,$125.46,26.39%
NYSE:NIO,15 Dec 2025,$5.32,3,$6.36,6,0.62,$4.74,12.26%,,,,$4.45,-6.12%,-$2.46,-151.93%,$1.42,-70.00%,NIO,NYSE:NIO,-0.946,$7.35,-13.47%
NASDAQ:NIU,15 Dec 2025,$4.01,4,,5,,$2.46,63.06%,,,,,-100.00%,-$2.00,-181.30%,-$2.00,-181.30%,NIU,NASDAQ:NIU,-2.000,,
NYSE:NKE,26 Mar 2026,$81.79,5,$73.31,3,1.58,$41.70,75.80%,,,,$41.59,-0.26%,$62.54,49.98%,$69.02,65.51%,NKE,NYSE:NKE,-0.477,$50.66,44.71%
NYSE:NLOP,7 Aug 2026,$11.85,3,,6,4.42,$11.57,2.42%,2.42%,$11.85,$46.00,$12.32,6.48%,$0.00,-100.00%,$0.00,-100.00%,NLOP,NYSE:NLOP,0.744,$46.00,
NASDAQ:NMFC,10 Jun 2024,$13.42,3,,,1.58,$7.75,73.16%,,,,$7.63,-1.55%,$0.00,-100.00%,$0.00,-100.00%,NMFC,NASDAQ:NMFC,-0.449,$8.38,
NASDAQ:NMIH,6 Mar 2024,$30.63,3,,,1.16,$44.63,-31.36%,,,,$43.21,-3.18%,"-$16,056.45",-36076.81%,"-$16,054.22",-36071.82%,NMIH,NASDAQ:NMIH,-0.642,$49.17,
NYSE:NMM,5 Mar 2026,$85.02,4,,,1.06,$79.35,7.15%,,,,$77.35,-2.52%,$48.10,-39.38%,$151.51,90.93%,NMM,NYSE:NMM,-0.701,$92.75,
NYSE:NMR,15 Oct 2025,$6.87,3,,7,1.36,$9.95,-30.95%,,,,$9.88,-0.70%,"$4,894.01",49086.08%,"$5,205.45",52216.11%,NMR,NYSE:NMR,-0.535,$10.31,
NASDAQ:NNE,28 Oct 2025,$34.69,3,,,0.71,$18.85,84.03%,,,,$17.19,-8.81%,$21.48,13.98%,$21.50,14.08%,NNE,NASDAQ:NNE,-0.908,$42.17,
NYSE:NNN,16 Sep 2025,$49.73,5,$44.93,5,1.70,$46.84,-4.08%,,,,$46.64,-0.43%,$0.00,-100.00%,$0.00,-100.00%,NNN,NYSE:NNN,-0.378,$46.63,-3.65%
NYSE:NOA,23 Jul 2026,$16.74,4,$18.93,7,1.28,$14.58,14.79%,14.79%,$16.74,$27.80,$14.23,-2.40%,-$0.22,-101.52%,$21.02,44.16%,NOA,NYSE:NOA,-0.653,$27.80,-31.91%
NYSE:NOG,19 Sep 2025,$38.23,3,$30.29,2,2.11,$21.60,40.23%,,,,$20.76,-3.89%,$0.00,-100.00%,$0.00,-100.00%,NOG,NYSE:NOG,-0.285,$30.89,-1.94%
NYSE:NOK,28 Jan 2026,$6.27,3,$7.69,8,1.03,$9.36,-33.03%,,,,$9.13,-2.46%,$11.22,19.91%,$13.29,42.02%,NOK,NYSE:NOK,-0.765,$15.02,-48.80%
NYSE:NOMD,27 Apr 2026,$15.76,3,$12.80,5,1.72,$11.99,6.76%,,,,$11.73,-2.17%,-$9.77,-181.45%,-$1.80,-115.02%,NOMD,NYSE:NOMD,-0.397,$13.59,-5.81%
NYSE:NOTE,13 Nov 2025,$4.93,3,$6.00,4,,,#DIV/0!,,,,,#DIV/0!,-$2.00,#DIV/0!,-$2.00,#DIV/0!,NOTE,NYSE:NOTE,-2.000,,
NYSE:NOV,21 Jul 2025,$17.42,3,$15.75,4,1.52,$19.65,-19.85%,,,,$19.53,-0.61%,$36.86,87.58%,$18.54,-5.67%,NOV,NYSE:NOV,-0.484,$22.02,-28.47%
NASDAQ:NOVT,30 Jan 2026,$158.93,3,$138.00,6,0.56,$166.37,-17.05%,,,,$159.38,-4.20%,$0.00,-100.00%,$0.00,-100.00%,NOVT,NASDAQ:NOVT,-0.895,$175.00,-21.14%
NASDAQ:NPCE,11 Dec 2025,$17.05,3,$18.40,5,0.93,$14.83,15.00%,,,,$13.55,-8.63%,$11.98,-19.18%,$12.56,-15.28%,NPCE,NASDAQ:NPCE,-0.800,$20.22,-9.00%
NYSE:NPO,29 Oct 2025,$196.10,1,$245.00,5,0.52,$332.98,-41.11%,,,,$320.57,-3.73%,$0.00,-100.00%,$0.00,-100.00%,NPO,NYSE:NPO,-0.921,$361.75,-32.27%
NYSE:NPWR,11 Nov 2025,$5.54,3,$4.00,3,0.81,$1.52,163.16%,,,,$1.43,-5.92%,-$1.09,-171.70%,$5.77,279.72%,NPWR,NYSE:NPWR,-0.863,$3.13,27.80%
NYSE:NRG,18 Sep 2025,$102.90,1,,,0.91,$118.13,-12.90%,,,,$115.55,-2.18%,$0.00,-100.00%,$0.00,-100.00%,NRG,NYSE:NRG,-0.819,$195.82,
NASDAQ:NRIM,27 May 2026,$24.39,3,,6,2.00,$26.37,-7.51%,,,,$26.27,-0.38%,$0.00,-100.00%,$0.00,-100.00%,NRIM,NASDAQ:NRIM,-0.274,$30.00,
NYSE:NSA,19 Aug 2025,$45.71,3,$33.59,2,,,#DIV/0!,,,,,#DIV/0!,-$2.00,#DIV/0!,-$2.00,#DIV/0!,NSA,NYSE:NSA,-2.000,,
NYSE:NSC,31 May 2024,$224.71,3,,,1.52,$334.36,-32.79%,,,,$334.14,-0.07%,$303.62,-9.19%,$369.46,10.50%,NSC,NYSE:NSC,-0.477,$363.72,
NASDAQ:NSIT,11 Feb 2026,$144.78,3,$100.00,6,0.28,$149.32,-33.03%,,,,$142.48,-4.58%,$0.00,-100.00%,$0.00,-100.00%,NSIT,NASDAQ:NSIT,-0.948,$107.50,-6.98%
NASDAQ:NTCT,19 Jan 2026,$29.00,3,$32.00,8,0.58,$38.44,-24.56%,,,,$37.07,-3.56%,$0.00,-100.00%,$0.00,-100.00%,NTCT,NASDAQ:NTCT,-0.902,$43.38,-26.23%
NASDAQ:NTGR,5 Feb 2026,$23.48,3,,,0.65,$23.67,-0.81%,,,,$21.81,-7.86%,$0.00,-100.00%,$0.00,-100.00%,NTGR,NASDAQ:NTGR,-0.932,$35.00,
NASDAQ:NTLA,20 Nov 2025,$23.74,3,$15.97,5,0.65,$11.94,33.75%,,,,$11.06,-7.37%,$0.00,-100.00%,$0.00,-100.00%,NTLA,NASDAQ:NTLA,-0.933,$25.94,-38.43%
NYSE:NU,21 Oct 2025,$17.44,3,$17.38,9,0.64,$13.84,25.58%,,,,$13.33,-3.68%,$27.58,99.29%,$27.86,101.28%,NU,NYSE:NU,-0.915,$17.98,-3.34%
NYSE:NUE,20 Aug 2024,$172.03,4,,,0.76,$272.63,-36.90%,,,,$261.96,-3.91%,$0.00,-100.00%,$0.00,-100.00%,NUE,NYSE:NUE,-0.806,$283.56,
NASDAQ:NVA,11 Dec 2025,$9.58,3,,7,,,#DIV/0!,,,,,#DIV/0!,-$2.00,#DIV/0!,-$2.00,#DIV/0!,NVA,NASDAQ:NVA,-2.000,,
NASDAQ:NVAX,23 Dec 2025,$9.60,3,$10.00,6,0.65,$7.95,20.77%,,,,$7.32,-7.92%,$0.00,-100.00%,$0.00,-100.00%,NVAX,NASDAQ:NVAX,-0.933,$14.11,-29.13%
NASDAQ:NVCR,11 Dec 2025,$13.87,3,$27.00,2,0.89,$16.39,-15.38%,,,,$15.45,-5.74%,$13.03,-20.50%,$13.62,-16.91%,NVCR,NASDAQ:NVCR,-0.826,$27.14,-0.52%
NASDAQ:NVDA,4 Jan 2026,$195.15,3,$262.79,8,1.20,$223.96,-12.86%,,,,$218.52,-2.43%,$342.33,52.85%,$344.88,53.99%,NVDA,NASDAQ:NVDA,-0.677,$302.83,-13.22%
NASDAQ:NVEC,19 Jan 2026,$71.83,4,,2,1.04,$125.94,-42.96%,,,,$124.93,-0.80%,$165.64,31.52%,$167.26,32.81%,NVEC,NASDAQ:NVEC,-0.588,$79.00,
NASDAQ:NVMI,24 Oct 2025,$305.31,3,$328.75,7,0.79,$393.02,-22.32%,,,,$366.23,-6.82%,$0.00,-100.00%,$0.00,-100.00%,NVMI,NASDAQ:NVMI,-0.870,$603.38,-45.52%
NYSE:NVO,20 Aug 2025,$67.89,3,$68.50,6,1.51,$47.26,43.66%,,,,$46.73,-1.12%,$0.00,-100.00%,$0.00,-100.00%,NVO,NYSE:NVO,-0.460,$47.20,45.13%
NYSE:NVR,8 Jul 2024,"$6,194.00",2,,,0.51,"$6,390.14",-3.07%,,,,"$6,111.34",-4.36%,$0.00,-100.00%,$0.00,-100.00%,NVR,NYSE:NVR,-0.922,"$6,780.00",
NYSE:NVRI,31 May 2024,$10.35,3,,,0.77,$22.07,-53.13%,,,,$21.56,-2.31%,-$47.36,-314.59%,$22.86,3.59%,NVRI,NYSE:NVRI,-0.829,$26.00,
NYSE:NVST,20 Aug 2025,$24.25,4,$22.30,9,0.61,$28.15,-20.78%,,,,$26.68,-5.22%,$0.00,-100.00%,$0.00,-100.00%,NVST,NYSE:NVST,-0.879,$30.43,-26.72%
NYSE:NVT,19 Aug 2025,$88.41,3,,,0.92,$164.69,-46.31%,,,,$158.61,-3.69%,$0.00,-100.00%,$0.00,-100.00%,NVT,NYSE:NVT,-0.776,$202.13,
NASDAQ:NVTS,5 Feb 2026,$8.26,3,$8.00,5,0.51,$13.89,-42.40%,,,,$12.42,-10.58%,$15.31,10.21%,$16.25,17.02%,NVTS,NASDAQ:NVTS,-0.911,$14.07,-43.14%
NASDAQ:NVX,11 Dec 2025,$1.56,3,,4,,$0.41,280.49%,,,,,-100.00%,-$2.00,-587.80%,-$2.00,-587.80%,NVX,NASDAQ:NVX,-2.000,,
NASDAQ:NWBI,18 Mar 2026,$14.02,3,$13.00,7,2.16,$15.55,-16.40%,,,,$15.65,0.64%,$0.00,-100.00%,$0.00,-100.00%,NWBI,NASDAQ:NWBI,-0.190,$16.57,-21.54%
NYSE:NWG,27 May 2026,$16.57,3,$18.20,9,2.22,$19.19,-13.64%,,,,$19.32,0.68%,$0.00,-100.00%,$0.00,-100.00%,NWG,NYSE:NWG,-0.170,$20.98,-13.25%
NYSE:NWN,6 Feb 2026,$46.99,3,$53.50,7,1.76,$50.47,-6.90%,,,,$50.20,-0.53%,$0.00,-100.00%,$0.00,-100.00%,NWN,NYSE:NWN,-0.383,$57.40,-6.79%
NYSE:NX,16 Aug 2025,$26.24,3,,1,1.82,$21.98,19.39%,,,,$20.92,-4.82%,$7.02,-68.05%,$33.24,51.23%,NX,NYSE:NX,-0.378,$27.25,
NYSE:NXE,24 Oct 2025,$8.68,3,,,0.74,$10.43,-16.78%,,,,$10.11,-3.07%,$0.00,-100.00%,$0.00,-100.00%,NXE,NYSE:NXE,-0.896,$19.30,
NASDAQ:NXPI,27 Jan 2026,$261.92,5,$258.76,9,1.46,$239.71,7.95%,,,,$234.57,-2.14%,$333.15,38.98%,$369.75,54.25%,NXPI,NASDAQ:NXPI,-0.551,$311.10,-16.82%
NYSE:NXRT,25 Aug 2025,$38.18,4,$36.33,3,2.01,$25.53,42.30%,,,,$25.06,-1.84%,$0.00,-100.00%,$0.00,-100.00%,NXRT,NYSE:NXRT,-0.273,$29.60,22.74%
NASDAQ:NXTC,28 Oct 2025,$22.52,3,$20.00,,0.62,$5.84,242.47%,,,,$4.95,-15.24%,$0.00,-100.00%,$0.00,-100.00%,NXTC,NASDAQ:NXTC,-0.948,$20.00,0.00%
NYSE:O,23 Sep 2025,$70.69,5,$62.00,9,1.80,$62.51,-0.82%,,,,$62.40,-0.18%,$0.00,-100.00%,$0.00,-100.00%,O,NYSE:O,-0.354,$68.01,-8.84%
NYSE:OBK,10 Mar 2026,$48.92,3,$46.67,5,1.04,$53.84,-13.32%,,,,$52.80,-1.93%,$0.00,-100.00%,$0.00,-100.00%,OBK,NYSE:OBK,-0.692,$58.60,-20.36%
NASDAQ:OBT,2 Oct 2025,$34.16,3,$29.00,4,1.09,$38.61,-24.89%,,,,$38.00,-1.58%,$0.00,-100.00%,$0.00,-100.00%,OBT,NASDAQ:OBT,-0.671,$42.25,-31.36%
NYSE:OC,30 Sep 2024,$164.18,3,,,0.87,$157.10,4.51%,,,,$148.78,-5.30%,$0.00,-100.00%,$0.00,-100.00%,OC,NYSE:OC,-0.758,$164.57,
NASDAQ:OCC,10 Feb 2026,$3.85,3,,3,,$16.25,-76.28%,,,,,-100.00%,-$2.00,-112.31%,-$2.00,-112.31%,OCC,NASDAQ:OCC,-2.000,,
NYSE:OFG,27 May 2026,$53.57,3,$47.00,7,1.74,$52.30,-10.13%,,,,$52.33,0.06%,$0.00,-100.00%,$0.00,-100.00%,OFG,NYSE:OFG,-0.372,$55.00,-14.55%
NYSE:OGE,22 Jan 2026,$43.01,2,$46.14,7,1.87,$47.02,-8.52%,,,,$46.61,-0.87%,$19.77,-57.95%,$51.50,9.53%,OGE,NYSE:OGE,-0.320,$50.75,-9.08%
NYSE:OGS,19 Jun 2026,$79.20,3,$87.00,5,1.19,$80.22,-1.27%,,,,$78.20,-2.52%,$0.00,-100.00%,$0.00,-100.00%,OGS,NYSE:OGS,-0.638,$91.62,-5.04%
NYSE:OHI,23 Dec 2025,$49.04,5,$46.80,9,2.36,$48.46,-3.43%,,,,$48.92,0.95%,$77.15,59.21%,$95.23,96.52%,OHI,NYSE:OHI,-0.102,$52.11,-10.19%
NYSE:OI,26 Mar 2026,$12.61,4,$18.00,6,0.79,$7.03,79.44%,,,,$6.83,-2.84%,$2.60,-63.05%,$5.31,-24.48%,OI,NYSE:OI,-0.872,$9.94,81.09%
NYSE:OKE,29 Apr 2026,$98.03,4,$92.57,10,2.01,$86.42,7.12%,,,,$86.80,0.44%,$0.00,-100.00%,$0.00,-100.00%,OKE,NYSE:OKE,-0.263,$96.14,-3.71%
NASDAQ:OLED,24 Feb 2026,$147.14,3,$151.67,6,1.10,$91.19,61.36%,,,,$87.63,-3.90%,$112.37,23.23%,$123.50,35.43%,OLED,NASDAQ:OLED,-0.703,$115.37,31.46%
NASDAQ:OM,4 Dec 2025,$4.31,1,,1,,$4.90,-12.04%,,,,,-100.00%,-$2.00,-140.82%,-$2.00,-140.82%,OM,NASDAQ:OM,-2.000,,
NASDAQ:OMAB,1 Jun 2026,$112.42,4,$134.00,6,1.91,$110.44,1.79%,,,,$110.79,0.32%,$169.73,53.68%,$190.28,72.30%,OMAB,NASDAQ:OMAB,-0.311,$123.28,8.70%
NASDAQ:ON,5 Feb 2026,$68.86,3,,,0.65,$81.17,-15.17%,,,,$77.08,-5.04%,$0.00,-100.00%,$0.00,-100.00%,ON,NASDAQ:ON,-0.922,$108.88,
NASDAQ:ONB,20 Mar 2026,$23.78,3,$27.78,4,1.29,$26.56,-10.46%,,,,$26.29,-1.02%,$0.00,-100.00%,$0.00,-100.00%,ONB,NASDAQ:ONB,-0.588,$29.82,-6.84%
NYSE:ONIT,26 Mar 2025,$40.67,4,$42.50,5,0.67,$39.39,3.25%,,,,$35.85,-8.99%,$0.00,-100.00%,$0.00,-100.00%,ONIT,NYSE:ONIT,-0.917,$54.00,-21.30%
NYSE:ONON,15 Aug 2025,$41.55,2,,,1.20,$37.55,10.65%,,,,$36.77,-2.08%,$41.43,10.34%,$50.98,35.78%,ONON,NYSE:ONON,-0.687,$52.35,
NYSE:ONTO,9 Feb 2026,$215.21,4,$201.67,8,0.57,$308.30,-34.59%,,,,$285.02,-7.55%,$0.00,-100.00%,$0.00,-100.00%,ONTO,NYSE:ONTO,-0.926,$369.60,-45.44%
NYSEAMERICAN:OPTT,13 Nov 2025,$0.44,1,$1.50,5,,$0.18,144.44%,,,,,-100.00%,-$2.00,-1211.11%,-$2.00,-1211.11%,OPTT,NYSEAMERICAN:OPTT,-2.000,,
NYSE:OPY,16 Jun 2026,$115.64,4,,9,1.22,$111.64,3.58%,,,,$110.69,-0.85%,$201.00,80.04%,$260.48,133.32%,OPY,NYSE:OPY,-0.501,$37.00,
NYSE:ORI,28 Apr 2026,$42.27,3,$42.00,3,2.45,$43.03,-2.39%,,,,$43.51,1.12%,$0.00,-100.00%,$0.00,-100.00%,ORI,NYSE:ORI,-0.049,$43.50,-3.45%
NASDAQ:ORKA,23 Aug 2025,$26.17,3,,,1.50,$98.82,-73.51%,,,,$96.77,-2.07%,$0.00,-100.00%,$0.00,-100.00%,ORKA,NASDAQ:ORKA,-0.555,$148.17,
NASDAQ:ORRF,19 Nov 2025,$37.94,3,$40.50,8,1.65,$42.62,-10.98%,,,,$42.59,-0.07%,$0.00,-100.00%,$0.00,-100.00%,ORRF,NASDAQ:ORRF,-0.414,$45.25,-10.50%
NASDAQ:OSBC,28 Apr 2026,$22.52,3,$25.00,7,1.24,$25.44,-11.48%,,,,$25.17,-1.06%,$0.00,-100.00%,$0.00,-100.00%,OSBC,NASDAQ:OSBC,-0.600,$27.50,-9.09%
NASDAQ:OSIS,27 Jan 2026,$261.70,2,$287.33,6,0.87,$236.23,10.78%,,,,$229.94,-2.66%,$198.92,-15.79%,$238.07,0.78%,OSIS,NASDAQ:OSIS,-0.805,$298.14,-3.63%
NASDAQ:OSPN,10 Feb 2026,$17.74,3,,4,0.72,$16.78,5.71%,,,,$15.95,-4.95%,$0.00,-100.00%,$0.00,-100.00%,OSPN,NASDAQ:OSPN,-0.811,$16.75,
NYSEAMERICAN:OSTX,23 Dec 2025,$1.60,1,$11.50,1,,$1.60,0.00%,,,,,-100.00%,-$2.00,-225.00%,-$2.00,-225.00%,OSTX,NYSEAMERICAN:OSTX,-2.000,,
NASDAQ:OSW,29 Nov 2024,$17.98,3,,,1.14,$26.21,-31.40%,,,,$25.90,-1.18%,$0.00,-100.00%,$0.00,-100.00%,OSW,NASDAQ:OSW,-0.669,$31.20,
NASDAQ:OTEX,19 Jan 2026,$32.75,3,$38.78,2,1.00,$24.94,31.30%,,,,$23.81,-4.53%,$0.00,-100.00%,$0.00,-100.00%,OTEX,NASDAQ:OTEX,-0.723,$29.00,33.72%
NYSE:OTIS,29 Oct 2025,$94.34,3,$105.25,6,1.26,$73.99,27.50%,,,,$72.97,-1.38%,$76.97,4.03%,$83.85,13.33%,OTIS,NYSE:OTIS,-0.624,$90.50,16.30%
NASDAQ:OUST,5 Feb 2026,$21.62,3,$37.00,8,0.52,$43.40,-50.17%,,,,$41.12,-5.25%,$0.00,-100.00%,$0.00,-100.00%,OUST,NASDAQ:OUST,-0.948,$52.14,-29.04%
NYSE:OVV,18 Aug 2025,$55.37,3,,,1.48,$59.36,-6.73%,,,,$58.70,-1.11%,$0.00,-100.00%,$0.00,-100.00%,OVV,NYSE:OVV,-0.524,$72.86,
NASDAQ:OXSQ,19 Aug 2025,$2.97,4,$2.50,4,3.06,$1.49,67.79%,,,,$1.54,3.36%,$0.00,-100.00%,$0.00,-100.00%,OXSQ,NASDAQ:OXSQ,0.186,$1.75,42.86%
NYSE:OXY,2 Jul 2026,$55.97,4,$64.21,8,0.91,$55.91,0.11%,,,,$54.30,-2.88%,$0.00,-100.00%,$0.00,-100.00%,OXY,NYSE:OXY,-0.763,$64.52,-0.48%
NASDAQ:OZK,2 Oct 2025,$49.29,3,$59.63,8,1.98,$51.41,-4.12%,,,,$51.26,-0.29%,$0.00,-100.00%,$0.00,-100.00%,OZK,NASDAQ:OZK,-0.266,$54.22,9.98%
NYSE:PAC,13 Jun 2025,$210.00,3,$236.70,6,1.60,$222.70,-5.70%,,,,$221.74,-0.43%,$296.25,33.03%,$378.23,69.84%,PAC,NYSE:PAC,-0.461,$261.20,-9.38%
NASDAQ:PACB,11 Dec 2025,$2.97,3,$2.30,5,0.70,$1.19,93.28%,,,,$1.12,-5.88%,$0.00,-100.00%,$0.00,-100.00%,PACB,NASDAQ:PACB,-0.912,$2.46,-6.50%
NASDAQ:PANW,20 Aug 2025,$177.95,3,,,0.49,$363.86,-51.09%,,,,$348.76,-4.15%,$408.48,12.26%,$443.23,21.81%,PANW,NASDAQ:PANW,-0.898,$337.70,
NYSE:PAR,19 Aug 2025,$40.18,2,,,0.64,$17.81,125.58%,,,,$15.95,-10.44%,$0.00,-100.00%,$0.00,-100.00%,PAR,NYSE:PAR,-0.938,$26.81,
NASDAQ:PAX,13 Nov 2025,$16.56,3,$16.00,6,2.22,$11.53,38.77%,,,,$11.36,-1.47%,$21.30,84.72%,$7.59,-34.15%,PAX,NASDAQ:PAX,-0.227,$15.57,2.76%
NYSE:PAYC,26 Mar 2026,$152.82,3,$150.36,7,0.29,$214.94,-30.05%,,,,$205.60,-4.35%,$0.00,-100.00%,$0.00,-100.00%,PAYC,NYSE:PAYC,-0.940,$152.25,-1.24%
NASDAQ:PAYO,3 Sep 2025,$7.80,3,$10.50,7,0.91,$7.10,9.80%,,,,$7.00,-1.41%,$0.00,-100.00%,$0.00,-100.00%,PAYO,NASDAQ:PAYO,-0.739,$7.40,41.89%
NASDAQ:PAYS,11 Feb 2026,$3.74,3,$9.00,7,0.48,$12.48,-70.04%,,,,$11.68,-6.41%,$0.00,-100.00%,$0.00,-100.00%,PAYS,NASDAQ:PAYS,-0.893,$11.05,-18.55%
NASDAQ:PAYX,19 Aug 2025,$129.02,2,,,1.43,$120.04,7.48%,,,,$118.99,-0.87%,$172.61,43.79%,$190.01,58.29%,PAYX,NASDAQ:PAYX,-0.477,$109.57,
NYSE:PB,19 Nov 2025,$75.08,4,$78.17,7,1.76,$73.95,1.53%,,,,$73.35,-0.81%,-$135.18,-282.80%,-$129.72,-275.42%,PB,NYSE:PB,-0.373,$81.00,-3.49%
NYSE:PBA,16 Sep 2025,$40.71,4,$41.47,8,1.56,$47.50,-14.30%,,,,$47.46,-0.08%,$0.00,-100.00%,$0.00,-100.00%,PBA,NYSE:PBA,-0.440,$47.02,-11.80%
NYSE:PBI,19 Aug 2025,$11.44,3,$11.50,7,1.69,$17.42,-34.32%,,,,$17.38,-0.23%,$33.78,93.90%,$43.01,146.87%,PBI,NYSE:PBI,-0.410,$19.56,-41.21%
NYSE:PBR,20 Jul 2026,$19.86,5,$22.55,6,0.92,$17.96,10.58%,10.58%,$19.86,$22.55,$17.64,-1.78%,$0.00,-100.00%,$0.00,-100.00%,PBR,NYSE:PBR,-0.780,$22.28,1.21%
NYSE:PBR.A,30 Jun 2026,$17.20,5,,,1.85,$16.06,7.10%,,,,$16.08,0.12%,$31.45,95.85%,$56.09,249.23%,PBR.A,NYSE:PBR.A,-0.397,$22.12,
NYSE:PCG,14 Jul 2026,$19.14,4,$23.57,4,1.45,$17.46,9.61%,9.61%,$19.14,$23.57,$16.82,-3.67%,-$27.30,-256.37%,-$11.63,-166.59%,PCG,NYSE:PCG,-0.556,$22.91,2.88%
NYSE:PCOR,27 Jan 2026,$68.73,3,$87.91,7,0.85,$57.06,20.46%,,,,$55.14,-3.36%,$72.54,27.12%,$80.06,40.31%,PCOR,NYSE:PCOR,-0.802,$68.55,28.24%
NASDAQ:PDD,20 Aug 2025,$133.52,3,$124.92,5,0.54,$91.76,36.14%,,,,$86.86,-5.34%,$211.30,130.28%,$211.47,130.46%,PDD,NASDAQ:PDD,-0.952,$116.44,7.28%
NASDAQ:PDFS,27 Jan 2026,$35.52,3,$34.75,7,0.62,$49.45,-29.73%,,,,$45.37,-8.25%,$0.00,-100.00%,$0.00,-100.00%,PDFS,NASDAQ:PDFS,-0.904,$59.70,-41.79%
NYSE:PDM,14 Jul 2025,$11.58,4,$8.50,6,1.64,$9.48,-10.34%,,,,$9.34,-1.48%,-$0.75,-107.93%,$13.12,38.39%,PDM,NYSE:PDM,-0.420,$10.25,-17.07%
NYSE:PEB,23 Dec 2025,$17.33,3,$12.00,7,2.46,$18.18,-33.99%,,,,$18.33,0.83%,$29.81,63.95%,$53.92,196.58%,PEB,NYSE:PEB,-0.046,$18.62,-35.55%
NASDAQ:PEBO,16 Jan 2026,$32.08,3,$33.17,10,1.74,$40.93,-21.61%,,,,$40.80,-0.32%,$0.00,-100.00%,$0.00,-100.00%,PEBO,NASDAQ:PEBO,-0.373,$43.00,-22.86%
NASDAQ:PEGA,11 Feb 2026,$49.55,5,$72.00,9,0.79,$32.74,51.33%,,,,$31.23,-4.61%,$55.03,68.09%,$53.89,64.61%,PEGA,NASDAQ:PEGA,-0.854,$43.00,67.44%
NYSE:PEN,11 Dec 2025,$225.97,1,$307.92,10,0.86,$324.66,-30.40%,,,,$319.26,-1.66%,$434.40,33.80%,$442.47,36.29%,PEN,NYSE:PEN,-0.775,$361.83,-14.90%
NASDAQ:PFBC,27 May 2026,$99.21,3,$107.50,5,1.91,$105.76,-6.19%,,,,$105.40,-0.34%,$0.00,-100.00%,$0.00,-100.00%,PFBC,NASDAQ:PFBC,-0.296,$111.50,-3.59%
NYSE:PFE,26 Mar 2026,$30.96,5,$29.07,6,2.34,$26.76,8.63%,,,,$26.36,-1.49%,$0.00,-100.00%,$0.00,-100.00%,PFE,NYSE:PFE,-0.108,$28.79,0.97%
NYSE:PFGC,4 Sep 2025,$88.60,1,,,0.98,$114.90,-22.89%,,,,$112.13,-2.41%,$142.57,24.08%,$193.16,68.11%,PFGC,NYSE:PFGC,-0.714,$123.31,
NASDAQ:PFIS,19 Mar 2026,$59.16,3,$56.00,6,1.00,$70.66,-20.75%,,,,$69.12,-2.18%,$0.00,-100.00%,$0.00,-100.00%,PFIS,NASDAQ:PFIS,-0.688,$70.00,-20.00%
NYSE:PFLT,20 Feb 2026,$9.26,3,$10.25,8,2.99,$7.52,23.14%,,,,$7.69,2.26%,$7.91,5.13%,$13.01,72.98%,PFLT,NYSE:PFLT,0.120,$10.08,1.69%
NYSE:PFS,18 Nov 2025,$20.08,3,$22.00,3,2.04,$24.46,-17.91%,,,,$24.62,0.65%,$0.00,-100.00%,$0.00,-100.00%,PFS,NYSE:PFS,-0.259,$27.92,-21.20%
NASDAQ:PFSA,11 Dec 2025,$0.26,3,,,,$0.96,-72.46%,,,,,-100.00%,-$2.00,-308.33%,-$2.00,-308.33%,PFSA,NASDAQ:PFSA,-2.000,,
NYSE:PFSI,4 Oct 2024,$102.39,3,,,0.86,$77.41,32.27%,,,,$75.19,-2.87%,$0.00,-100.00%,$0.00,-100.00%,PFSI,NYSE:PFSI,-0.797,$92.71,
NASDAQ:PGEN,23 Dec 2025,$3.53,3,$9.00,7,0.63,$7.23,-51.12%,,,,$6.67,-7.75%,$0.00,-100.00%,$0.00,-100.00%,PGEN,NASDAQ:PGEN,-0.942,$12.50,-28.00%
NYSE:PGR,18 Sep 2025,$210.79,1,,,1.87,$215.33,-2.11%,,,,$212.90,-1.13%,$0.00,-100.00%,$0.00,-100.00%,PGR,NYSE:PGR,-0.316,$229.81,
NYSE:PH,3 Jul 2024,$534.00,1,$759.92,6,0.74,"$1,073.87",-50.27%,,,,"$1,053.57",-1.89%,$0.00,-100.00%,$0.00,-100.00%,PH,NYSE:PH,-0.796,"$1,039.70",-26.91%
NYSE:PHG,11 Dec 2025,$35.54,3,,7,1.44,$26.73,32.97%,,,,$26.40,-1.23%,$24.38,-8.80%,$46.10,72.47%,PHG,NYSE:PHG,-0.539,$32.21,
NYSE:PHM,31 Mar 2026,$124.03,4,$141.83,3,1.23,$132.90,-6.68%,,,,$128.03,-3.66%,$206.46,55.35%,$152.08,14.43%,PHM,NYSE:PHM,-0.601,$140.62,0.86%
NASDAQ:PI,27 Jan 2026,$144.68,2,$240.50,8,0.52,$183.36,-21.09%,,,,$170.05,-7.26%,$233.47,27.33%,$241.42,31.66%,PI,NASDAQ:PI,-0.894,$176.00,36.65%
NYSE:PIPR,29 Jun 2026,$77.12,3,$97.00,3,1.55,$74.79,3.11%,,,,$73.62,-1.56%,$0.00,-100.00%,$0.00,-100.00%,PIPR,NYSE:PIPR,-0.482,$87.12,11.34%
NYSE:PKST,14 Jan 2026,$15.34,4,$17.00,6,,,#DIV/0!,,,,,#DIV/0!,-$2.00,#DIV/0!,-$2.00,#DIV/0!,PKST,NYSE:PKST,-2.000,,
NYSE:PL,7 Jul 2025,$5.02,3,,,0.87,$23.93,-79.02%,,,,$22.47,-6.10%,$25.63,7.12%,$24.33,1.67%,PL,NYSE:PL,-0.836,$40.10,
NASDAQ:PLAB,1 May 2026,$41.22,2,$47.00,6,0.72,$32.65,26.23%,,,,$31.51,-3.49%,$43.85,34.29%,$66.42,103.43%,PLAB,NASDAQ:PLAB,-0.877,$42.33,11.03%
NASDAQ:PLMR,16 Sep 2025,$107.46,3,,,0.62,$131.00,-17.97%,,,,$126.04,-3.79%,$0.00,-100.00%,$0.00,-100.00%,PLMR,NASDAQ:PLMR,-0.913,$164.00,
NYSE:PLNT,4 Sep 2025,$92.00,1,,,0.66,$50.01,83.96%,,,,$48.38,-3.26%,$0.00,-100.00%,$0.00,-100.00%,PLNT,NYSE:PLNT,-0.915,$67.36,
NYSE:PLOW,20 Sep 2024,$36.15,4,,,1.01,$44.36,-18.51%,,,,$43.46,-2.03%,$0.00,-100.00%,$0.00,-100.00%,PLOW,NYSE:PLOW,-0.730,$53.75,
NASDAQ:PLTR,14 Aug 2025,$120.98,1,,,0.47,$172.01,-29.67%,,,,$153.69,-10.65%,$0.00,-100.00%,$0.00,-100.00%,PLTR,NASDAQ:PLTR,-0.948,$188.83,
NASDAQ:PLUS,27 Oct 2025,$88.78,3,,6,0.74,$89.58,-0.89%,,,,$86.85,-3.05%,$0.00,-100.00%,$0.00,-100.00%,PLUS,NASDAQ:PLUS,-0.858,$111.00,
NASDAQ:PLXS,27 Jan 2026,$181.83,3,,,0.82,$270.35,-32.74%,,,,$261.25,-3.37%,$362.85,34.22%,$410.33,51.78%,PLXS,NASDAQ:PLXS,-0.798,$305.75,
NYSE:PM,25 Aug 2025,$144.36,2,,,1.77,$189.57,-23.85%,,,,$187.18,-1.26%,$333.65,76.00%,$355.18,87.36%,PM,NYSE:PM,-0.363,$203.80,
NASDAQ:PMTS,26 Aug 2025,$22.24,3,,,0.59,$27.72,-19.77%,,,,$24.05,-13.24%,$0.00,-100.00%,$0.00,-100.00%,PMTS,NASDAQ:PMTS,-0.869,$27.50,
NYSE:PNC,19 Nov 2025,$182.16,3,$223.09,8,1.47,$252.56,-27.87%,,,,$249.12,-1.36%,$0.00,-100.00%,$0.00,-100.00%,PNC,NYSE:PNC,-0.504,$277.73,-19.67%
NASDAQ:PNFP,28 Jul 2025,$101.11,3,$121.91,7,,$104.68,-3.41%,,,,,-100.00%,-$2.00,-101.91%,-$2.00,-101.91%,PNFP,NYSE:PNFP,-2.000,,
NYSE:PNNT,3 Aug 2026,,1,$4.67,4,2.71,$3.69,26.56%,26.56%,$4.67,$4.75,$3.79,2.71%,"-$12,282.02",-332945.97%,"-$12,274.11",-332731.58%,PNNT,NYSE:PNNT,0.007,$4.75,-1.68%
NYSE:PNR,11 Nov 2025,$102.58,2,$124.75,7,1.23,$68.89,48.91%,,,,$68.25,-0.93%,$256.78,272.74%,$263.65,282.71%,PNR,NYSE:PNR,-0.611,$76.64,62.77%
NASDAQ:PODD,11 Dec 2025,$276.82,2,$381.12,9,0.68,$141.17,96.09%,,,,$131.96,-6.52%,$0.00,-100.00%,$0.00,-100.00%,PODD,NASDAQ:PODD,-0.921,$235.54,61.81%
NASDAQ:POET,5 Feb 2026,$6.44,3,,7,0.61,$8.91,-27.72%,,,,$8.27,-7.18%,$8.50,-4.62%,$8.54,-4.19%,POET,NASDAQ:POET,-0.950,$17.50,
NASDAQ:POOL,23 Aug 2025,$310.70,3,,,0.81,$206.31,50.60%,,,,$197.55,-4.25%,$317.25,53.77%,$334.19,61.99%,POOL,NASDAQ:POOL,-0.787,$220.36,
NYSE:POR,6 Feb 2026,$50.85,4,$49.60,7,1.90,$49.05,1.12%,,,,$48.58,-0.96%,$0.00,-100.00%,$0.00,-100.00%,POR,NYSE:POR,-0.306,$52.82,-6.10%
NYSE:POST,2 Apr 2026,$109.06,5,$128.50,2,0.72,$78.69,38.59%,,,,$75.31,-4.30%,$0.00,-100.00%,$0.00,-100.00%,POST,NYSE:POST,-0.901,$115.83,10.94%
NASDAQ:POWI,5 Feb 2026,$72.10,3,$52.50,5,0.64,$64.59,-18.72%,,,,$59.03,-8.61%,$0.00,-100.00%,$0.00,-100.00%,POWI,NASDAQ:POWI,-0.890,$76.20,-31.10%
NASDAQ:PPC,19 Aug 2025,$43.27,2,,,0.99,$27.45,57.61%,,,,$26.73,-2.62%,$34.78,26.69%,$68.68,150.20%,PPC,NASDAQ:PPC,-0.741,$33.44,
NASDAQ:PPIH,20 Apr 2026,$30.77,3,,7,0.68,$26.45,16.33%,,,,$25.24,-4.57%,$51.35,94.14%,$63.63,140.58%,PPIH,NASDAQ:PPIH,-0.879,$32.00,
NYSE:PR,11 Nov 2025,$15.75,5,$18.13,3,1.19,$20.15,-21.84%,,,,$19.98,-0.84%,$0.00,-100.00%,$0.00,-100.00%,PR,NYSE:PR,-0.658,$25.05,-27.62%
NYSE:PRA,11 Dec 2025,$26.77,3,,3,,,#DIV/0!,,,,,#DIV/0!,-$2.00,#DIV/0!,-$2.00,#DIV/0!,PRA,NYSE:PRA,-2.000,,
NASDAQ:PRCH,29 Jan 2026,$6.54,3,$18.17,8,0.77,$15.85,-58.73%,,,,$15.25,-3.79%,$17.84,12.54%,$18.35,15.77%,PRCH,NASDAQ:PRCH,-0.848,$19.75,-8.00%
NASDAQ:PRCT,11 Dec 2025,$43.52,3,$50.71,5,0.47,$20.41,113.23%,,,,$19.04,-6.71%,$0.00,-100.00%,$0.00,-100.00%,PRCT,NASDAQ:PRCT,-0.938,$21.64,134.33%
NASDAQ:PRDO,28 Apr 2026,$43.66,5,$42.00,8,1.04,$33.85,24.08%,,,,$31.64,-6.53%,$0.00,-100.00%,$0.00,-100.00%,PRDO,NASDAQ:PRDO,-0.738,$44.00,-4.55%
NASDAQ:PRGS,22 Jan 2026,$57.12,3,$59.75,7,1.29,$42.84,33.33%,,,,$41.75,-2.54%,$92.36,115.60%,$137.53,221.04%,PRGS,NASDAQ:PRGS,-0.617,$53.80,11.06%
NYSE:PRIM,23 Aug 2024,$53.96,3,,,0.76,$82.63,-34.70%,,,,$77.21,-6.56%,$0.00,-100.00%,$0.00,-100.00%,PRIM,NYSE:PRIM,-0.882,$127.50,
NYSEAMERICAN:PRK,7 Oct 2025,$164.00,1,,,,$203.40,-19.37%,,,,,-100.00%,-$2.00,-100.98%,-$2.00,-100.98%,PRK,NYSEAMERICAN:PRK,-2.000,,
NASDAQ:PROK,10 Jul 2025,$2.60,,$4.50,7,0.63,$1.64,58.54%,,,,$1.56,-4.88%,$0.20,-87.75%,$0.27,-83.66%,PROK,NASDAQ:PROK,-0.942,$6.25,-28.00%
NASDAQ:PRSO,29 Jan 2026,$1.15,4,$3.00,,,$0.75,53.03%,,,,,-100.00%,-$2.00,-366.67%,-$2.00,-366.67%,PRSO,NASDAQ:PRSO,-2.000,,
NASDAQ:PRTH,10 Feb 2026,$10.32,3,$13.00,1,0.69,$5.39,91.49%,,,,$5.00,-7.24%,$0.00,-100.00%,$0.00,-100.00%,PRTH,NASDAQ:PRTH,-0.917,$10.10,28.71%
NASDAQ:PSIX,28 Apr 2026,$74.87,3,$109.00,9,0.62,$40.82,83.42%,,,,$36.78,-9.90%,$0.00,-100.00%,$0.00,-100.00%,PSIX,NASDAQ:PSIX,-0.948,$70.37,54.90%
NYSE:PSN,16 Feb 2026,$83.99,5,$81.64,7,0.73,$47.55,71.69%,,,,$45.68,-3.93%,$50.85,6.94%,$72.89,53.29%,PSN,NYSE:PSN,-0.861,$58.55,39.44%
NASDAQ:PSNY,29 Nov 2024,$1.30,3,,,0.56,$14.23,-90.86%,,,,$13.38,-5.97%,$0.00,-100.00%,$0.00,-100.00%,PSNY,NASDAQ:PSNY,-0.933,$17.50,
NYSE:PSTG,19 Aug 2025,$64.73,3,,,,,#DIV/0!,,,,,#DIV/0!,-$2.00,#DIV/0!,-$2.00,#DIV/0!,PSTG,NYSE:PSTG,-2.000,,
NYSE:PSX,26 Jun 2026,$162.80,2,$194.00,7,1.11,$203.91,-20.16%,,,,$198.92,-2.45%,$0.00,-100.00%,$0.00,-100.00%,PSX,NYSE:PSX,-0.643,$207.53,-6.52%
NASDAQ:PTC,19 Jan 2026,$176.72,3,$218.00,6,0.52,$147.71,19.64%,,,,$140.84,-4.65%,$0.00,-100.00%,$0.00,-100.00%,PTC,NASDAQ:PTC,-0.943,$173.35,25.76%
NASDAQ:PTEN,21 Jul 2025,$10.35,3,$8.03,2,2.03,$9.87,-18.64%,,,,$9.82,-0.51%,$21.75,120.38%,$25.84,161.76%,PTEN,NASDAQ:PTEN,-0.312,$13.36,-39.90%
NASDAQ:PTLO,14 Jan 2026,$9.61,3,$6.30,3,0.71,$4.43,42.21%,,,,$4.08,-7.90%,$0.00,-100.00%,$0.00,-100.00%,PTLO,NASDAQ:PTLO,-0.905,$6.22,1.29%
NASDAQ:PUBM,29 Jan 2026,$11.75,3,$12.92,7,0.61,$17.78,-33.89%,,,,$16.76,-5.74%,$0.00,-100.00%,$0.00,-100.00%,PUBM,NASDAQ:PUBM,-0.801,$12.89,0.23%
NYSE:PWR,23 Aug 2025,$272.00,1,,,0.86,$671.86,-59.52%,,,,$646.64,-3.75%,$727.53,8.29%,$693.63,3.24%,PWR,NYSE:PWR,-0.781,$765.49,
NASDAQ:PZZA,18 Sep 2025,$56.89,4,$48.40,9,1.39,$24.47,97.79%,,,,$23.70,-3.15%,$0.00,-100.00%,$0.00,-100.00%,PZZA,NASDAQ:PZZA,-0.603,$36.80,31.52%
NYSE:Q,9 Feb 2026,$106.61,3,,,1.03,$138.00,-22.75%,,,,$133.89,-2.98%,$0.00,-100.00%,$0.00,-100.00%,Q,NYSE:Q,-0.738,$176.75,
NASDAQ:QCOM,27 Jan 2026,$171.89,4,$193.33,6,1.39,$167.86,2.40%,,,,$161.72,-3.66%,$190.20,13.31%,$208.58,24.26%,QCOM,NASDAQ:QCOM,-0.551,$196.27,-1.50%
NASDAQ:QCRH,28 Apr 2026,$93.80,3,$102.67,9,0.99,$103.87,-9.69%,,,,$101.65,-2.14%,$0.00,-100.00%,$0.00,-100.00%,QCRH,NASDAQ:QCRH,-0.711,$111.20,-7.67%
NASDAQ:QDEL,11 Dec 2025,$47.57,3,$27.75,6,0.68,$12.29,125.79%,,,,$11.04,-10.17%,$0.00,-100.00%,$0.00,-100.00%,QDEL,NASDAQ:QDEL,-0.920,$21.33,30.10%
NASDAQ:QFIN,9 Sep 2025,$29.99,3,$48.39,5,2.10,$13.24,126.50%,,,,$13.03,-1.59%,$148.10,1018.62%,$150.30,1035.20%,QFIN,NASDAQ:QFIN,-0.287,$21.95,120.46%
NASDAQ:QLYS,10 Feb 2026,$147.47,5,$136.87,5,0.36,$183.48,-25.40%,,,,$171.35,-6.61%,$0.00,-100.00%,$0.00,-100.00%,QLYS,NASDAQ:QLYS,-0.947,$160.80,-14.88%
NASDAQ:QRVO,19 Jan 2026,$81.21,3,$100.08,6,0.64,$99.08,-18.04%,,,,$93.54,-5.59%,$158.96,60.43%,$190.49,92.26%,QRVO,NASDAQ:QRVO,-0.831,$90.77,10.26%
NASDAQ:QSI,11 Dec 2025,$1.94,3,$2.83,2,1.11,$0.81,140.04%,,,,$0.75,-7.41%,-$0.29,-135.64%,-$0.23,-128.40%,QSI,NASDAQ:QSI,-0.729,$2.50,13.20%
NYSE:QSR,4 Mar 2026,$71.96,3,$79.11,9,1.56,$73.89,-2.61%,,,,$72.44,-1.96%,$0.00,-100.00%,$0.00,-100.00%,QSR,NYSE:QSR,-0.474,$85.04,-6.97%
NASDAQ:QTRX,16 Dec 2025,$12.46,3,$6.00,5,0.97,$4.03,48.88%,,,,$3.83,-4.96%,$0.41,-89.91%,$4.01,-0.51%,QTRX,NASDAQ:QTRX,-0.718,$4.33,38.57%
NYSE:QUAD,19 Jun 2026,$7.33,3,$9.93,9,2.08,$10.18,-28.00%,,,,$9.97,-2.06%,$29.71,191.85%,$54.45,434.84%,QUAD,NYSE:QUAD,-0.272,$13.17,-24.60%
NASDAQ:QUIK,5 Feb 2026,$6.78,3,,,0.86,$14.52,-53.33%,,,,$13.58,-6.47%,$13.84,-4.67%,$19.64,35.23%,QUIK,NASDAQ:QUIK,-0.841,$23.67,
NYSE:QXO,19 Aug 2025,$30.22,3,$31.06,10,1.43,$16.16,86.99%,,,,$15.10,-6.56%,$13.99,-13.42%,$20.91,29.38%,QXO,NYSE:QXO,-0.588,$29.82,4.16%
NYSE:RACE,15 Dec 2025,$403.82,3,$465.44,6,1.23,$412.26,-2.05%,,,,$407.10,-1.25%,$516.59,25.31%,$577.89,40.18%,RACE,NYSE:RACE,-0.608,$452.52,2.86%
NASDAQ:RAIL,28 Apr 2026,$11.16,4,,,0.64,$7.94,40.61%,,,,$7.35,-7.43%,$0.00,-100.00%,$0.00,-100.00%,RAIL,NASDAQ:RAIL,-0.937,$14.67,
NYSE:RAMP,23 Jan 2026,$30.65,5,$42.20,7,0.61,$37.81,-18.95%,,,,$36.74,-2.83%,$0.00,-100.00%,$0.00,-100.00%,RAMP,NYSE:RAMP,-0.878,$40.58,3.99%
NASDAQ:RBB,1 Jun 2026,$24.58,3,$24.00,4,1.98,$26.80,-10.45%,,,,$26.59,-0.78%,$0.00,-100.00%,$0.00,-100.00%,RBB,NASDAQ:RBB,-0.268,$28.50,-15.79%
NYSE:RBC,23 Aug 2025,$337.00,1,,,0.86,$567.25,-40.59%,,,,$550.91,-2.88%,$0.00,-100.00%,$0.00,-100.00%,RBC,NYSE:RBC,-0.775,$633.25,
NASDAQ:RBCAA,20 Oct 2025,$70.90,3,,,1.14,$99.19,-28.52%,,,,$97.36,-1.84%,$0.00,-100.00%,$0.00,-100.00%,RBCAA,NASDAQ:RBCAA,-0.623,$98.00,
NYSE:RBLX,2 Jan 2026,$67.48,2,,,0.85,$37.79,78.57%,,,,$35.48,-6.11%,$0.00,-100.00%,$0.00,-100.00%,RBLX,NYSE:RBLX,-0.832,$51.03,
NYSE:RBOT,16 Dec 2025,$3.89,3,,,,,#DIV/0!,,,,,#DIV/0!,-$2.00,#DIV/0!,-$2.00,#DIV/0!,RBOT,NYSE:RBOT,-2.000,,
NYSE:RBRK,20 Aug 2025,$54.72,2,,,0.77,$90.07,-39.25%,,,,$85.39,-5.20%,$87.52,-2.83%,$90.54,0.52%,RBRK,NYSE:RBRK,-0.806,$95.41,
NYSE:RC,1 Sep 2025,$5.36,3,$4.15,4,1.56,$1.71,142.69%,,,,$1.56,-8.77%,$0.00,-100.00%,$0.00,-100.00%,RC,NYSE:RC,-0.451,$1.80,130.56%
NASDAQ:RCEL,4 Dec 2025,$9.25,3,$8.38,1,0.57,$7.77,7.85%,,,,$5.80,-25.35%,$0.00,-100.00%,$0.00,-100.00%,RCEL,NASDAQ:RCEL,-0.917,$9.11,-8.01%
NASDAQ:RCKY,16 Apr 2026,$43.95,3,$53.00,8,0.82,$49.23,-10.72%,,,,$48.02,-2.46%,$0.00,-100.00%,$0.00,-100.00%,RCKY,NASDAQ:RCKY,-0.799,$56.00,-5.36%
NYSE:RCL,8 Apr 2026,$279.75,3,$368.93,4,0.67,$320.00,-12.58%,,,,$310.80,-2.87%,$328.09,2.53%,$407.34,27.29%,RCL,NYSE:RCL,-0.855,$349.44,5.58%
NYSE:RDN,23 Jun 2026,$35.58,4,$45.33,8,1.97,$36.91,-3.62%,,,,$36.03,-2.38%,$0.00,-100.00%,$0.00,-100.00%,RDN,NYSE:RDN,-0.306,$45.00,0.73%
NYSE:RDW,21 Jul 2025,$13.29,2,,,0.46,$13.59,-2.23%,,,,$11.99,-11.77%,$0.00,-100.00%,$0.00,-100.00%,RDW,NYSE:RDW,-0.948,$14.88,
NASDAQ:REG,21 Jul 2025,$72.09,1,,,1.82,$77.12,-6.52%,,,,$76.34,-1.01%,$0.00,-100.00%,$0.00,-100.00%,REG,NASDAQ:REG,-0.352,$86.56,
NYSEAMERICAN:REI,20 Aug 2025,$1.08,,$2.99,3,,$1.30,-16.92%,,,,,-100.00%,-$2.00,-253.85%,-$2.00,-253.85%,REI,NYSEAMERICAN:REI,-2.000,,
NASDAQ:REKR,9 Feb 2026,$1.09,3,$4.00,4,,$0.67,62.15%,,,,,-100.00%,-$2.00,-398.51%,-$2.00,-398.51%,REKR,NASDAQ:REKR,-2.000,,
NYSE:RELX,19 Aug 2025,$47.40,3,,,1.46,$35.52,33.44%,,,,$35.19,-0.93%,$0.00,-100.00%,$0.00,-100.00%,RELX,NYSE:RELX,-0.574,$53.05,
NASDAQ:RELY,29 Jan 2026,$17.63,3,$20.20,4,0.68,$24.42,-27.79%,,,,$23.61,-3.32%,$0.00,-100.00%,$0.00,-100.00%,RELY,NASDAQ:RELY,-0.877,$29.33,-31.13%
NYSEAMERICAN:REPX,12 Feb 2026,,,$36.00,7,,$34.22,5.20%,,,,,-100.00%,-$2.00,-105.84%,-$2.00,-105.84%,REPX,NYSEAMERICAN:REPX,-2.000,,
NYSE:RES,30 Dec 2025,$6.58,4,$5.50,5,1.81,$5.87,-6.30%,,,,$5.81,-1.02%,$7.04,19.95%,$14.32,143.99%,RES,NYSE:RES,-0.348,$6.40,-14.06%
NYSE:REVG,24 Oct 2024,$28.28,3,,,,,#DIV/0!,,,,,#DIV/0!,-$2.00,#DIV/0!,-$2.00,#DIV/0!,REVG,NYSE:REVG,-2.000,,
NASDAQ:REYN,28 Apr 2026,$27.91,5,$24.00,6,1.00,$26.52,-9.50%,,,,$25.93,-2.22%,$0.00,-100.00%,$0.00,-100.00%,REYN,NASDAQ:REYN,-0.692,$27.14,-11.57%
NYSE:REZI,17 Aug 2025,$32.83,3,$32.00,9,0.75,$26.08,22.70%,,,,$24.75,-5.10%,$31.05,19.05%,$38.10,46.11%,REZI,NYSE:REZI,-0.891,$49.33,-35.13%
NYSE:RF,1 Jun 2026,$29.85,3,$30.31,3,2.21,$31.43,-5.02%,,,,$31.43,0.00%,$0.00,-100.00%,$0.00,-100.00%,RF,NYSE:RF,-0.163,$32.93,-7.96%
NASDAQ:RGLD,16 Aug 2025,$142.50,1,,,0.78,$229.92,-38.02%,,,,$222.06,-3.42%,$0.00,-100.00%,$0.00,-100.00%,RGLD,NASDAQ:RGLD,-0.855,$301.17,
NASDAQ:RGNX,23 Dec 2025,$16.55,3,$28.57,9,0.74,$10.72,54.35%,,,,$10.02,-6.53%,$0.00,-100.00%,$0.00,-100.00%,RGNX,NASDAQ:RGNX,-0.894,$24.27,17.72%
NASDAQ:RGTI,28 Jul 2025,$11.56,2,,,0.63,$17.94,-35.55%,,,,$15.78,-12.04%,$0.00,-100.00%,$0.00,-100.00%,RGTI,NASDAQ:RGTI,-0.943,$29.65,
NYSE:RH,31 Jul 2024,$352.46,3,,,0.53,$196.15,79.69%,,,,$185.91,-5.22%,-$35.03,-117.86%,$68.06,-65.30%,RH,NYSE:RH,-0.870,$172.94,
NYSE:RHI,15 Dec 2025,$46.27,3,$29.57,5,1.46,$42.74,-30.81%,,,,$40.60,-5.01%,$0.00,-100.00%,$0.00,-100.00%,RHI,NYSE:RHI,-0.445,$35.00,-15.51%
NYSE:RIO,18 Aug 2025,$75.60,5,$64.00,8,1.88,$101.10,-36.70%,,,,$101.23,0.13%,$0.00,-100.00%,$0.00,-100.00%,RIO,NYSE:RIO,-0.307,$105.85,-39.54%
NYSE:RITM,12 Aug 2025,$14.18,4,$14.06,8,2.18,$10.19,37.98%,,,,$10.02,-1.67%,$0.00,-100.00%,$0.00,-100.00%,RITM,NYSE:RITM,-0.229,$13.20,6.52%
NASDAQ:RIVN,15 Dec 2025,$17.90,3,$20.62,6,0.58,$16.00,11.89%,,,,$15.07,-5.81%,$0.00,-100.00%,$0.00,-100.00%,RIVN,NASDAQ:RIVN,-0.920,$19.23,7.23%
NYSE:RJF,18 Feb 2026,$166.94,3,$187.40,5,1.05,$176.56,-5.45%,,,,$174.44,-1.20%,$366.15,107.38%,$382.09,116.41%,RJF,NYSE:RJF,-0.680,$185.92,0.80%
NYSE:RKT,5 Mar 2025,$14.85,3,$13.29,3,0.95,$13.72,-3.13%,,,,$12.90,-5.98%,$0.00,-100.00%,$0.00,-100.00%,RKT,NYSE:RKT,-0.797,$19.02,-30.13%
NYSE:RLJ,23 Dec 2025,$12.06,3,$8.20,7,1.32,$11.13,-26.33%,,,,$11.05,-0.72%,$0.00,-100.00%,$0.00,-100.00%,RLJ,NYSE:RLJ,-0.551,$11.32,-27.56%
NYSE:RLX,25 Aug 2025,$2.18,3,,,1.16,$2.01,8.70%,,,,$1.97,-1.99%,$5.75,186.13%,$6.40,218.47%,RLX,NYSE:RLX,-0.705,$2.96,
NYSE:RM,19 Nov 2025,$39.22,3,,3,1.66,$32.79,19.61%,,,,$32.67,-0.37%,$0.00,-100.00%,$0.00,-100.00%,RM,NYSE:RM,-0.469,$43.83,
NASDAQ:RMBS,27 Jan 2026,$80.55,1,$113.50,10,0.70,$101.52,-20.66%,,,,$90.84,-10.52%,$0.00,-100.00%,$0.00,-100.00%,RMBS,NASDAQ:RMBS,-0.912,$147.50,-23.05%
NASDAQ:RMNI,11 Feb 2026,$3.40,3,$5.50,5,0.60,$5.05,-32.65%,,,,$4.79,-5.15%,$0.00,-100.00%,$0.00,-100.00%,RMNI,NASDAQ:RMNI,-0.936,$6.60,-16.67%
NASDAQ:RNAC,23 Dec 2025,$16.10,3,$34.67,9,0.65,$8.85,81.91%,,,,$8.30,-6.21%,$0.00,-100.00%,$0.00,-100.00%,RNAC,NASDAQ:RNAC,-0.933,$34.57,0.29%
NYSE:RNG,5 Feb 2026,$39.74,3,$31.25,4,0.60,$63.01,-50.40%,,,,$61.04,-3.13%,$162.59,158.03%,$201.91,220.43%,RNG,NYSE:RNG,-0.810,$46.43,-32.69%
NYSE:RNR,9 Sep 2025,$267.70,4,$269.36,7,1.18,$321.87,-16.83%,,,,$317.06,-1.49%,$0.00,-100.00%,$0.00,-100.00%,RNR,NYSE:RNR,-0.626,$346.40,-22.24%
NYSE:RNST,19 Nov 2025,$35.55,3,$42.67,4,1.21,$42.73,-16.80%,,,,$42.36,-0.87%,$0.00,-100.00%,$0.00,-100.00%,RNST,NYSE:RNST,-0.622,$48.00,-11.10%
NASDAQ:ROAD,31 Dec 2025,$101.87,2,,,0.61,$119.74,-14.92%,,,,$106.78,-10.82%,$0.00,-100.00%,$0.00,-100.00%,ROAD,NASDAQ:ROAD,-0.911,$145.00,
NYSE:ROG,10 Feb 2026,$105.63,3,$301.50,9,0.91,$134.49,-21.46%,,,,$130.83,-2.72%,$171.95,27.85%,$198.26,47.41%,ROG,NYSE:ROG,-0.795,$173.33,73.95%
NYSE:ROK,11 Nov 2025,$273.44,1,,,1.04,$441.04,-38.00%,,,,$434.77,-1.42%,$0.00,-100.00%,$0.00,-100.00%,ROK,NYSE:ROK,-0.687,$475.54,
NASDAQ:ROP,2 May 2025,$525.02,3,$640.91,8,0.85,$402.25,30.52%,,,,$388.31,-3.47%,$560.18,39.26%,$713.11,77.28%,ROP,NASDAQ:ROP,-0.779,$440.25,45.58%
NASDAQ:ROST,20 Jul 2026,$178.47,1,,,1.67,$255.23,-30.07%,-30.07%,$178.47,$256.00,$251.66,-1.40%,$364.75,42.91%,$391.69,53.47%,ROST,NASDAQ:ROST,-0.391,$256.00,
NASDAQ:RPAY,2 Sep 2025,$8.53,3,$7.31,3,1.36,$3.95,85.06%,,,,$3.83,-3.04%,$12.28,210.93%,$7.48,89.47%,RPAY,NASDAQ:RPAY,-0.618,$6.85,6.72%
NASDAQ:RPD,20 Jan 2026,$22.06,3,$18.18,7,0.49,$11.57,57.13%,,,,$10.23,-11.58%,$22.29,92.68%,$30.92,167.23%,RPD,NASDAQ:RPD,-0.850,$8.20,121.71%
NASDAQ:RR,19 Nov 2025,$2.75,3,$4.50,6,,$1.61,70.55%,,,,,-100.00%,-$2.00,-224.22%,-$2.00,-224.22%,RR,NASDAQ:RR,-2.000,,
NASDAQ:RRBI,1 Jun 2026,$84.03,3,$94.00,6,0.78,$100.11,-16.06%,,,,$97.53,-2.58%,$0.00,-100.00%,$0.00,-100.00%,RRBI,NASDAQ:RRBI,-0.805,$108.00,-12.96%
NYSE:RRX,27 Jan 2026,$182.63,5,$180.29,6,0.80,$178.00,1.29%,,,,$172.29,-3.21%,$0.00,-100.00%,$0.00,-100.00%,RRX,NYSE:RRX,-0.868,$250.90,-28.14%
NYSE:RS,24 Aug 2025,$278.17,3,$327.75,9,0.64,$423.88,-34.38%,,,,$406.41,-4.12%,$0.00,-100.00%,$0.00,-100.00%,RS,NYSE:RS,-0.839,$409.50,-19.96%
NYSE:RTX,18 Aug 2025,$145.60,2,$168.14,8,1.33,$223.03,-34.72%,,,,$219.70,-1.49%,$314.86,41.17%,$368.07,65.03%,RTX,NYSE:RTX,-0.552,$232.27,-27.61%
NASDAQ:RUN,19 Jan 2026,$14.49,2,$23.86,8,0.64,$10.20,42.04%,,,,$9.33,-8.53%,$0.00,-100.00%,$0.00,-100.00%,RUN,NASDAQ:RUN,-0.938,$16.71,42.79%
NASDAQ:RXST,11 Dec 2025,$19.74,3,$9.80,1,0.55,$6.26,56.55%,,,,$5.71,-8.79%,$0.00,-100.00%,$0.00,-100.00%,RXST,NASDAQ:RXST,-0.948,$7.91,23.89%
NASDAQ:RXT,9 Feb 2026,$0.88,3,$1.35,4,0.44,$4.90,-82.11%,,,,$4.59,-6.33%,-$2.83,-157.67%,$1.67,-65.93%,RXT,NASDAQ:RXT,-0.931,$4.77,-71.70%
NYSE:RYI,24 Aug 2025,$26.20,3,$24.00,4,,,#DIV/0!,,,,,#DIV/0!,-$2.00,#DIV/0!,-$2.00,#DIV/0!,RYI,NYSE:RYI,-2.000,,
NASDAQ:SABR,11 Feb 2026,$2.46,3,$2.95,2,0.43,$2.07,18.62%,,,,$1.95,-5.80%,$0.00,-100.00%,$0.00,-100.00%,SABR,NASDAQ:SABR,-0.934,$1.99,48.24%
NYSE:SAM,20 Mar 2026,$295.72,5,$238.40,3,0.55,$186.61,27.75%,,,,$177.34,-4.97%,$852.19,356.67%,$987.34,429.09%,SAM,NYSE:SAM,-0.904,$199.85,19.29%
NYSE:SAN,11 Sep 2025,$7.72,2,,,1.89,$14.70,-47.46%,,,,$14.76,0.41%,-$60.35,-510.56%,-$56.46,-484.05%,SAN,NYSE:SAN,-0.275,$13.56,
NASDAQ:SANM,27 Jan 2026,$128.36,1,$180.00,9,0.67,$202.73,-36.68%,,,,$193.59,-4.51%,$220.15,8.59%,$252.62,24.61%,SANM,NASDAQ:SANM,-0.900,$260.00,-30.77%
NYSE:SAP,19 Jan 2026,$252.69,3,$275.84,9,1.49,$206.16,22.57%,,,,$202.61,-1.72%,$373.33,81.09%,$394.84,91.52%,SAP,NYSE:SAP,-0.512,$242.92,13.55%
NASDAQ:SBCF,19 Nov 2025,$31.14,3,$34.17,5,1.07,$34.55,-9.87%,,,,$33.90,-1.88%,$0.00,-100.00%,$0.00,-100.00%,SBCF,NASDAQ:SBCF,-0.666,$36.08,-5.29%
NASDAQ:SBGI,23 Dec 2025,$15.71,3,$19.20,5,1.72,$14.20,10.62%,,,,$14.17,-0.21%,$0.00,-100.00%,$0.00,-100.00%,SBGI,NASDAQ:SBGI,-0.425,$17.71,8.41%
NASDAQ:SBLK,16 Feb 2026,$23.85,3,,6,1.01,$28.90,-17.46%,,,,$28.09,-2.80%,$0.00,-100.00%,$0.00,-100.00%,SBLK,NASDAQ:SBLK,-0.709,$31.98,
NYSE:SBS,23 Jun 2026,$5.49,3,,1,1.39,$5.31,3.47%,,,,$5.25,-1.13%,$4.17,-21.47%,$6.75,27.09%,SBS,NYSE:SBS,-0.579,$6.84,
NASDAQ:SBSI,14 Oct 2025,$30.23,3,$34.50,3,,$32.44,-6.81%,,,,,-100.00%,-$2.00,-106.17%,-$2.00,-106.17%,SBSI,NYSE:SBSI,-2.000,,
NYSE:SBSI,1 Jun 2026,$34.46,3,$35.50,6,1.71,$32.44,6.22%,,,,$32.40,-0.12%,-$187.55,-678.14%,-$188.54,-681.18%,SBSI,NYSE:SBSI,-0.391,$35.00,1.43%
NYSE:SCHW,24 Jun 2026,$96.20,3,$116.58,7,1.24,$107.60,-10.59%,,,,$105.47,-1.98%,$0.00,-100.00%,$0.00,-100.00%,SCHW,NYSE:SCHW,-0.618,$125.00,-6.74%
NASDAQ:SCNX,6 Jun 2025,$1.16,3,,,0.62,$0.38,204.74%,,,,$0.35,-7.89%,-$250.58,-66041.74%,-$250.51,-66022.40%,SCNX,NASDAQ:SCNX,-0.946,$1.50,
NYSE:SCS,28 Oct 2024,$12.86,3,,,,,#DIV/0!,,,,,#DIV/0!,-$2.00,#DIV/0!,-$2.00,#DIV/0!,SCS,NYSE:SCS,-2.000,,
NASDAQ:SCSC,19 Nov 2025,$53.05,5,$43.00,3,0.72,$54.95,-21.75%,,,,$53.61,-2.44%,$139.08,153.09%,$150.71,174.27%,SCSC,NASDAQ:SCSC,-0.810,$54.67,-21.35%
NYSE:SD,22 Jan 2026,$15.77,3,,5,1.35,$13.62,15.81%,,,,$13.22,-2.94%,$0.00,-100.00%,$0.00,-100.00%,SD,NYSE:SD,-0.554,$15.00,
NYSE:SE,19 Aug 2025,$134.13,1,,,0.63,$113.43,18.25%,,,,$108.45,-4.39%,$172.62,52.18%,$181.63,60.12%,SE,NYSE:SE,-0.908,$141.97,
NASDAQ:SEIC,27 Aug 2025,$87.30,2,,,1.40,$104.70,-16.62%,,,,$103.33,-1.31%,$169.23,61.64%,$158.73,51.60%,SEIC,NASDAQ:SEIC,-0.534,$115.86,
NYSE:SEM,27 Apr 2026,$23.31,5,$16.50,8,3.03,$16.51,-0.06%,,,,$0.00,-100.00%,$14.81,-10.31%,$29.23,77.07%,SEM,NYSE:SEM,-1.000,$16.62,-0.72%
NYSE:SEMR,5 Feb 2026,$14.95,4,,,,,#DIV/0!,,,,,#DIV/0!,-$2.00,#DIV/0!,-$2.00,#DIV/0!,SEMR,NYSE:SEMR,-2.000,,
NYSEAMERICAN:SENS,28 Oct 2025,$7.44,1,$2.69,1,,$7.02,-61.68%,,,,,-100.00%,-$2.00,-128.49%,-$2.00,-128.49%,SENS,NASDAQ:SENS,-2.000,,
NASDAQ:SENS,23 Dec 2025,$8.28,4,$18.92,6,0.63,$7.02,18.01%,,,,$5.39,-23.22%,$0.00,-100.00%,$0.00,-100.00%,SENS,NASDAQ:SENS,-0.943,$13.40,41.19%
NASDAQ:SERV,11 Nov 2025,$12.60,3,$20.50,2,0.65,$5.09,147.62%,,,,$4.51,-11.39%,$0.00,-100.00%,$0.00,-100.00%,SERV,NASDAQ:SERV,-0.933,$18.45,11.11%
NYSE:SF,29 Jun 2026,$83.09,3,$84.00,6,1.18,$83.09,0.00%,,,,$82.12,-1.17%,$0.00,-100.00%,$0.00,-100.00%,SF,NYSE:SF,-0.623,$89.00,-5.62%
NYSE:SFBS,16 Mar 2026,$84.39,4,$91.00,8,1.39,$88.92,-5.10%,,,,$87.46,-1.64%,$0.00,-100.00%,$0.00,-100.00%,SFBS,NYSE:SFBS,-0.537,$97.00,-6.19%
NASDAQ:SFM,19 Mar 2026,$146.44,3,$91.64,9,0.90,$85.86,6.73%,,,,$84.31,-1.81%,$94.98,10.62%,$155.17,80.73%,SFM,NASDAQ:SFM,-0.759,$96.50,-5.04%
NASDAQ:SFNC,2 Oct 2025,$20.10,3,$22.60,8,2.42,$23.46,-14.34%,,,,$23.67,0.90%,$0.00,-100.00%,$0.00,-100.00%,SFNC,NASDAQ:SFNC,-0.071,$25.00,-9.60%
NASDAQ:SFST,13 Apr 2026,$53.20,3,$64.00,7,0.74,$63.33,-16.00%,,,,$61.27,-3.25%,$0.00,-100.00%,$0.00,-100.00%,SFST,NASDAQ:SFST,-0.821,$68.50,-6.57%
NYSE:SG,22 Sep 2025,$11.88,3,$14.64,2,0.70,$5.40,120.02%,,,,$4.84,-10.37%,$0.00,-100.00%,$0.00,-100.00%,SG,NYSE:SG,-0.912,$7.83,86.97%
NYSE:SGHC,28 Oct 2025,$9.69,2,,,1.01,$13.05,-25.79%,,,,$12.60,-3.45%,$0.00,-100.00%,$0.00,-100.00%,SGHC,NYSE:SGHC,-0.775,$19.50,
NASDAQ:SGHT,11 Dec 2025,$10.39,3,$6.67,5,0.60,$7.47,-10.71%,,,,$6.82,-8.70%,$0.00,-100.00%,$0.00,-100.00%,SGHT,NASDAQ:SGHT,-0.902,$8.60,-22.44%
NASDAQ:SGML,12 Aug 2025,$7.24,3,,,0.77,$11.38,-36.37%,,,,$10.73,-5.71%,$13.33,17.14%,$14.18,24.60%,SGML,NASDAQ:SGML,-0.880,$20.62,
NASDAQ:SGRY,24 Aug 2025,$30.88,4,$30.70,8,1.05,$15.53,97.68%,,,,$14.87,-4.25%,-$1.53,-109.87%,-$3.84,-124.72%,SGRY,NASDAQ:SGRY,-0.710,$18.64,64.70%
NYSE:SHAK,19 Sep 2025,$85.64,2,$132.93,5,0.54,$71.13,20.40%,,,,$66.91,-5.93%,$0.00,-100.00%,$0.00,-100.00%,SHAK,NYSE:SHAK,-0.927,$82.17,61.77%
NASDAQ:SHBI,19 Mar 2026,$18.10,3,$20.50,6,1.40,$23.84,-24.09%,,,,$23.71,-0.55%,$0.00,-100.00%,$0.00,-100.00%,SHBI,NASDAQ:SHBI,-0.527,$25.75,-20.39%
NYSE:SHG,19 Nov 2025,$55.13,3,,5,0.77,$75.81,-27.28%,,,,$73.23,-3.40%,$0.00,-100.00%,$0.00,-100.00%,SHG,NYSE:SHG,-0.862,$100.00,
NASDAQ:SHIP,16 Feb 2026,$10.93,3,$16.00,10,1.15,$16.86,-35.19%,,,,$16.52,-2.02%,$0.00,-100.00%,$0.00,-100.00%,SHIP,NASDAQ:SHIP,-0.709,$23.25,-31.18%
NASDAQ:SHLS,9 Feb 2026,$7.09,2,$10.69,7,0.70,$8.93,-20.66%,,,,$7.95,-10.97%,$0.00,-100.00%,$0.00,-100.00%,SHLS,NASDAQ:SHLS,-0.886,$11.42,-6.39%
NASDAQ:SHOP,22 Jan 2026,$148.25,3,$180.62,6,0.50,$151.57,-2.19%,,,,$140.48,-7.32%,$0.00,-100.00%,$0.00,-100.00%,SHOP,NASDAQ:SHOP,-0.932,$165.91,8.87%
NASDAQ:SHPH,28 Oct 2025,$5.16,3,,,0.13,$4.36,18.26%,,,,$4.15,-4.82%,-$41.94,-1061.96%,-$40.75,-1034.63%,SHPH,NASDAQ:SHPH,-0.947,,
NYSE:SHW,15 May 2024,$256.70,1,,,1.09,$369.73,-30.57%,,,,$360.68,-2.45%,$574.37,55.35%,$622.14,68.27%,SHW,NYSE:SHW,-0.659,$390.10,
NASDAQ:SIBN,11 Dec 2025,$22.76,3,$23.20,6,0.73,$18.61,22.30%,,,,$17.56,-5.64%,$0.00,-100.00%,$0.00,-100.00%,SIBN,NASDAQ:SIBN,-0.885,$25.00,-7.20%
NYSE:SIG,27 Mar 2026,$92.19,3,$113.60,10,0.95,$96.91,-4.87%,,,,$90.36,-6.76%,$295.18,204.59%,$289.94,199.18%,SIG,NYSE:SIG,-0.741,$110.40,2.90%
NASDAQ:SILC,9 Feb 2026,$16.71,3,,4,0.79,$42.09,-60.31%,,,,$38.68,-8.10%,$44.50,5.73%,$44.72,6.24%,SILC,NASDAQ:SILC,-0.871,$60.00,
NASDAQ:SIMO,27 Jan 2026,$94.86,1,$119.17,10,0.91,$256.12,-62.96%,,,,$244.37,-4.59%,$291.48,13.81%,$290.54,13.44%,SIMO,NASDAQ:SIMO,-0.808,$349.27,-65.88%
NASDAQ:SIRI,5 May 2025,$31.75,3,$22.14,6,1.97,$29.91,-25.98%,,,,$29.76,-0.50%,$45.19,51.08%,$49.48,65.43%,SIRI,NASDAQ:SIRI,-0.269,$31.31,-29.29%
NYSE:SITC,5 Aug 2026,$5.33,5,$3.50,3,3.97,$3.15,11.11%,11.11%,$3.50,$5.33,$3.31,5.08%,$0.00,-100.00%,$0.00,-100.00%,SITC,NYSE:SITC,0.606,$3.50,0.00%
NASDAQ:SITM,5 Feb 2026,$354.78,3,,,0.53,$725.28,-51.08%,,,,$684.85,-5.57%,$0.00,-100.00%,$0.00,-100.00%,SITM,NASDAQ:SITM,-0.933,$837.50,
NYSE:SJM,18 Aug 2025,$126.48,5,$113.93,4,1.77,$120.16,-5.18%,,,,$118.11,-1.71%,$295.33,145.78%,$456.94,280.28%,SJM,NYSE:SJM,-0.355,$124.44,-8.45%
NYSE:SKE,24 Oct 2025,$9.86,2,,,0.39,$32.54,-69.70%,,,,$31.19,-4.15%,$24.03,-26.14%,$24.09,-25.96%,SKE,NYSE:SKE,-0.844,,
NASDAQ:SKWD,26 Aug 2025,$42.11,3,,,0.53,$63.67,-33.86%,,,,$61.53,-3.36%,$0.00,-100.00%,$0.00,-100.00%,SKWD,NASDAQ:SKWD,-0.903,$65.18,
NYSE:SKY,31 Mar 2026,$97.81,5,$102.33,4,0.62,$94.66,3.33%,,,,$89.94,-4.99%,$0.00,-100.00%,$0.00,-100.00%,SKY,NYSE:SKY,-0.853,$92.50,10.63%
NASDAQ:SKYT,26 May 2026,$23.87,3,$35.00,8,0.51,$32.46,-26.45%,,,,$31.37,-3.36%,$0.00,-100.00%,$0.00,-100.00%,SKYT,NASDAQ:SKYT,-0.925,$35.00,0.00%
NASDAQ:SLAB,27 Jan 2026,$111.32,1,,,0.83,$219.21,-49.22%,,,,$215.23,-1.82%,$0.00,-100.00%,$0.00,-100.00%,SLAB,NASDAQ:SLAB,-0.770,$222.86,
NYSE:SLB,2 Jul 2026,$49.71,4,$63.13,9,1.57,$50.53,-1.62%,,,,$50.23,-0.59%,$0.00,-100.00%,$0.00,-100.00%,SLB,NYSE:SLB,-0.487,$62.03,1.77%
NYSE:SLGN,29 Aug 2025,$46.96,3,$59.57,7,1.08,$41.71,12.58%,,,,$40.69,-2.45%,$0.00,-100.00%,$0.00,-100.00%,SLGN,NYSE:SLGN,-0.724,$54.77,8.76%
NASDAQ:SLM,23 Jul 2026,$29.41,3,$29.00,7,1.84,$27.37,5.96%,5.96%,$28.55,$29.41,$27.10,-0.99%,$40.48,47.89%,-$2.55,-109.31%,SLM,NASDAQ:SLM,-0.325,$28.55,1.58%
NYSE:SM,20 Sep 2025,$40.61,3,$36.25,6,1.03,$28.88,25.52%,,,,$27.81,-3.70%,$0.00,-100.00%,$0.00,-100.00%,SM,NYSE:SM,-0.749,$38.40,-5.60%
NASDAQ:SMBK,7 Oct 2025,$38.18,3,$37.00,5,,$51.93,-28.75%,,,,,-100.00%,-$2.00,-103.85%,-$2.00,-103.85%,SMBK,NYSE:SMBK,-2.000,,
NYSE:SMFG,19 Aug 2025,$16.00,3,,,1.61,$25.74,-37.82%,,,,$25.63,-0.43%,$0.00,-100.00%,$0.00,-100.00%,SMFG,NYSE:SMFG,-0.445,$28.86,
NASDAQ:SMLR,11 Dec 2025,$21.60,3,$68.50,4,,,#DIV/0!,,,,,#DIV/0!,-$2.00,#DIV/0!,-$2.00,#DIV/0!,SMLR,NASDAQ:SMLR,-2.000,,
NYSE:SMR,14 Jan 2026,$19.90,3,$32.77,7,0.63,$9.82,102.66%,,,,$9.01,-8.25%,$0.00,-100.00%,$0.00,-100.00%,SMR,NYSE:SMR,-0.943,$13.90,135.76%
NYSE:SNDA,15 Nov 2024,$24.98,3,,,0.63,$40.30,-38.01%,,,,$38.94,-3.37%,$6.19,-84.63%,$16.41,-59.28%,SNDA,NYSE:SNDA,-0.869,$43.00,
NYSE:SNN,11 Dec 2025,$33.47,3,$35.75,3,1.12,$30.11,11.16%,,,,$29.57,-1.79%,$0.00,-100.00%,$0.00,-100.00%,SNN,NYSE:SNN,-0.665,$33.96,5.27%
NASDAQ:SNSE,28 Oct 2025,$14.48,3,$30.00,,,,#DIV/0!,,,,,#DIV/0!,-$2.00,#DIV/0!,-$2.00,#DIV/0!,SNSE,NASDAQ:SNSE,-2.000,,
NYSE:SNV,18 Nov 2025,$47.73,3,$56.00,4,,,#DIV/0!,,,,,#DIV/0!,-$2.00,#DIV/0!,-$2.00,#DIV/0!,SNV,NYSE:SNV,-2.000,,
NYSE:SO,24 Oct 2025,$88.60,2,,,1.72,$92.69,-4.41%,,,,$91.99,-0.76%,$13.28,-85.67%,$63.51,-31.48%,SO,NYSE:SO,-0.389,$100.92,
NASDAQ:SOFI,7 Jul 2025,$14.49,2,,,0.51,$18.38,-21.16%,,,,$17.42,-5.22%,$0.00,-100.00%,$0.00,-100.00%,SOFI,NASDAQ:SOFI,-0.924,$19.87,
NYSE:SON,19 Nov 2025,$53.35,3,$52.43,10,0.85,$58.02,-9.63%,,,,$55.61,-4.15%,$0.00,-100.00%,$0.00,-100.00%,SON,NYSE:SON,-0.779,$63.78,-17.80%
NASDAQ:SONO,22 Jan 2026,$16.57,3,$19.67,8,0.69,$15.64,5.96%,,,,$14.97,-4.28%,$42.00,168.54%,$42.76,173.38%,SONO,NASDAQ:SONO,-0.873,$18.88,4.18%
NYSE:SONY,18 Feb 2026,$26.99,4,$32.00,8,1.06,$23.46,15.05%,,,,$23.02,-1.88%,$24.64,5.02%,$38.75,65.16%,SONY,NYSE:SONY,-0.726,$30.00,6.67%
NASDAQ:SOUN,28 Jul 2025,$8.77,2,,,0.63,$8.02,9.35%,,,,$6.81,-15.09%,$0.00,-100.00%,$0.00,-100.00%,SOUN,NASDAQ:SOUN,-0.943,$12.86,
NASDAQ:SPFI,19 Nov 2025,$37.17,3,$43.00,2,1.26,$44.65,-16.75%,,,,$44.23,-0.94%,$0.00,-100.00%,$0.00,-100.00%,SPFI,NASDAQ:SPFI,-0.604,$50.75,-15.27%
NYSE:SPGI,25 Jun 2026,$468.23,5,,,0.88,$408.19,14.71%,,,,$396.16,-2.95%,$642.34,57.36%,$711.26,74.25%,SPGI,NYSE:SPGI,-0.801,$516.95,
NYSE:SPOT,19 May 2025,$495.00,2,$659.00,7,0.59,$488.14,1.41%,,,,$455.26,-6.74%,$0.00,-100.00%,$0.00,-100.00%,SPOT,NYSE:SPOT,-0.926,$606.44,8.67%
NASDAQ:SPSC,10 Feb 2026,$142.13,3,$102.87,2,0.67,$73.38,40.19%,,,,$70.80,-3.52%,$173.42,136.34%,$201.14,174.10%,SPSC,NASDAQ:SPSC,-0.836,$73.18,40.57%
NASDAQ:SPWR,9 Feb 2026,$1.50,3,,,5.00,$0.27,455.56%,,,,$0.00,-100.00%,$0.00,-100.00%,$0.00,-100.00%,SPWR,NASDAQ:SPWR,-1.000,$4.70,
NYSE:SPXC,16 May 2025,$153.79,3,$180.00,7,0.88,$215.68,-28.70%,,,,$207.79,-3.66%,$295.19,36.87%,$319.81,48.28%,SPXC,NYSE:SPXC,-0.801,$272.00,-33.82%
NYSE:SQNS,4 Feb 2026,$12.48,3,$14.50,5,,$2.76,352.17%,,,,,-100.00%,-$2.00,-172.46%,-$2.00,-172.46%,SQNS,NYSE:SQNS,-2.000,,
NASDAQ:SRCE,19 Nov 2025,$63.63,3,,,1.34,$88.01,-27.70%,,,,$87.36,-0.74%,-$101.06,-214.82%,-$94.58,-207.47%,SRCE,NASDAQ:SRCE,-0.543,$89.67,
NASDAQ:SSB,9 Oct 2025,$96.36,3,,,,$108.12,-10.88%,,,,,-100.00%,-$2.00,-101.85%,-$2.00,-101.85%,SSB,NYSE:SSB,-2.000,,
NYSE:SSB,19 Nov 2025,$91.92,3,,,1.25,$108.12,-14.98%,,,,$105.71,-2.23%,$0.00,-100.00%,$0.00,-100.00%,SSB,NYSE:SSB,-0.600,$119.57,
NASDAQ:SSNC,22 Jan 2026,$86.73,3,$103.29,6,1.83,$79.23,9.47%,,,,$79.48,0.32%,$132.37,67.07%,$183.25,131.28%,SSNC,NASDAQ:SSNC,-0.357,$92.33,11.87%
NASDAQ:SSRM,19 Aug 2025,$11.31,2,,,0.77,$31.78,-64.41%,,,,$29.49,-7.21%,$0.00,-100.00%,$0.00,-100.00%,SSRM,NASDAQ:SSRM,-0.858,$41.40,
NYSE:ST,16 Feb 2026,$42.55,5,$38.40,4,1.70,$46.67,-17.72%,,,,$45.98,-1.48%,$69.16,48.18%,$83.82,79.61%,ST,NYSE:ST,-0.406,$52.91,-27.42%
NYSE:STAG,19 Aug 2025,$40.11,5,$38.25,9,1.62,$37.30,2.55%,,,,$36.64,-1.77%,$51.95,39.28%,$79.87,114.12%,STAG,NYSE:STAG,-0.444,$42.08,-9.10%
NASDAQ:STBA,27 May 2026,$47.60,3,$44.00,7,1.61,$50.87,-13.51%,,,,$50.85,-0.04%,$0.00,-100.00%,$0.00,-100.00%,STBA,NASDAQ:STBA,-0.427,$53.00,-16.98%
NYSE:STC,27 Jul 2026,$72.68,3,$79.00,7,1.57,$68.19,6.58%,6.58%,$72.68,$82.25,$67.96,-0.34%,$0.00,-100.00%,$0.00,-100.00%,STC,NYSE:STC,-0.480,$82.25,-3.95%
NYSE:STE,4 Dec 2025,$261.00,3,$290.00,2,0.72,$237.47,9.91%,,,,$210.11,-11.52%,$0.00,-100.00%,$0.00,-100.00%,STE,NYSE:STE,-0.830,$255.38,13.56%
NYSE:STEL,19 Nov 2025,$31.12,3,$32.50,5,,,#DIV/0!,,,,,#DIV/0!,-$2.00,#DIV/0!,-$2.00,#DIV/0!,STEL,NYSE:STEL,-2.000,,
NASDAQ:STIM,4 Dec 2025,$1.24,3,,4,0.84,$2.38,-48.04%,,,,$2.20,-7.56%,$0.41,-82.94%,$0.77,-67.66%,STIM,NASDAQ:STIM,-0.849,$4.50,
NASDAQ:STKL,24 Aug 2025,$6.28,3,$10.00,3,,,#DIV/0!,,,,,#DIV/0!,-$2.00,#DIV/0!,-$2.00,#DIV/0!,STKL,NASDAQ:STKL,-2.000,,
NYSE:STLA,15 Dec 2025,$15.78,3,$11.43,6,1.45,$5.52,107.07%,,,,$5.39,-2.36%,$0.00,-100.00%,$0.00,-100.00%,STLA,NYSE:STLA,-0.564,$7.35,55.51%
NASDAQ:STLD,20 Aug 2024,$128.16,3,,,1.29,$262.45,-51.17%,,,,$254.69,-2.96%,$284.16,8.27%,$328.63,25.22%,STLD,NASDAQ:STLD,-0.568,$272.38,
NYSE:STM,5 Feb 2026,$31.81,3,,,0.94,$56.10,-43.29%,,,,$51.47,-8.25%,$54.89,-2.16%,$51.44,-8.30%,STM,NYSE:STM,-0.775,$71.52,
NYSE:STN,23 Aug 2024,$76.85,2,,,0.77,$73.51,4.55%,,,,$71.20,-3.14%,$111.37,51.50%,$85.82,16.74%,STN,NYSE:STN,-0.854,$94.28,
NASDAQ:STNE,1 Dec 2025,$15.75,3,$21.00,6,2.91,$10.60,48.57%,,,,$11.31,6.70%,$120.75,1039.14%,$133.79,1162.15%,STNE,NASDAQ:STNE,0.069,$15.89,32.16%
NASDAQ:STRL,12 Jun 2025,$186.70,3,,,0.70,$547.06,-65.87%,,,,$503.94,-7.88%,$0.00,-100.00%,$0.00,-100.00%,STRL,NASDAQ:STRL,-0.911,$946.67,
NYSE:STT,22 Feb 2026,$119.80,2,$144.32,7,1.65,$184.68,-35.13%,,,,$182.29,-1.29%,$0.00,-100.00%,$0.00,-100.00%,STT,NYSE:STT,-0.417,$199.50,-27.66%
NYSE:STVN,16 Feb 2026,$17.21,3,$23.83,3,0.77,$20.27,-15.09%,,,,$19.52,-3.70%,$0.00,-100.00%,$0.00,-100.00%,STVN,NYSE:STVN,-0.837,$24.45,-2.54%
NYSE:SU,30 Jun 2026,$58.27,3,$71.58,9,1.42,$60.10,-3.04%,,,,$59.77,-0.55%,$0.00,-100.00%,$0.00,-100.00%,SU,NYSE:SU,-0.538,$70.41,1.66%
NASDAQ:SUPN,23 Dec 2025,$50.64,3,$61.33,10,0.96,$47.64,6.29%,,,,$45.69,-4.09%,$95.45,100.36%,$118.43,148.60%,SUPN,NASDAQ:SUPN,-0.774,$62.50,-1.87%
NYSE:SUPV,19 Nov 2025,$12.63,4,$12.00,5,0.82,$8.60,39.53%,,,,$8.16,-5.12%,$425.55,4848.24%,$58.41,579.15%,SUPV,NYSE:SUPV,-0.859,$12.89,-6.90%
NYSEAMERICAN:SVM,20 Aug 2025,$6.52,0,,1,,$11.45,-43.06%,,,,,-100.00%,-$2.00,-117.47%,-$2.00,-117.47%,SVM,NYSEAMERICAN:SVM,-2.000,,
NYSE:SW,22 Aug 2025,$50.29,5,$54.66,8,1.76,$48.28,4.17%,,,,$46.78,-3.11%,$17.16,-64.45%,$63.69,31.91%,SW,NYSE:SW,-0.387,$56.30,-2.91%
NASDAQ:SWKS,27 Apr 2026,$82.45,5,$63.83,1,1.09,$70.62,-9.61%,,,,$66.61,-5.68%,$147.78,109.26%,$171.86,143.36%,SWKS,NASDAQ:SWKS,-0.640,$68.25,-6.48%
NYSE:SXI,11 Nov 2025,$213.24,3,$264.25,5,1.16,$340.12,-37.30%,,,,$332.97,-2.10%,$347.55,2.18%,$390.77,14.89%,SXI,NYSE:SXI,-0.618,$338.40,-21.91%
NASDAQ:SYBT,13 Apr 2026,$73.37,3,$77.00,4,1.49,$83.58,-12.21%,,,,$82.62,-1.15%,$0.00,-100.00%,$0.00,-100.00%,SYBT,NASDAQ:SYBT,-0.489,$90.20,-14.63%
NYSE:SYF,19 Feb 2026,$71.94,3,$91.60,6,1.53,$78.59,-8.46%,,,,$77.53,-1.35%,$0.00,-100.00%,$0.00,-100.00%,SYF,NYSE:SYF,-0.482,$89.09,2.82%
NYSE:SYK,11 Dec 2025,$359.86,3,$434.53,3,0.63,$339.03,6.14%,,,,$323.77,-4.50%,$0.00,-100.00%,$0.00,-100.00%,SYK,NYSE:SYK,-0.881,$381.50,13.90%
NASDAQ:SYM,19 Nov 2025,$41.10,2,$52.14,6,0.62,$40.18,2.28%,,,,$38.05,-5.30%,$0.00,-100.00%,$0.00,-100.00%,SYM,NASDAQ:SYM,-0.948,$64.32,-18.94%
NASDAQ:SYNA,27 Jan 2026,$98.81,4,$93.33,9,0.72,$106.19,-12.11%,,,,$100.58,-5.28%,$0.00,-100.00%,$0.00,-100.00%,SYNA,NASDAQ:SYNA,-0.893,$143.67,-35.04%
NYSE:SYY,23 Aug 2024,$74.21,3,,,1.25,$84.29,-11.96%,,,,$82.43,-2.21%,$0.00,-100.00%,$0.00,-100.00%,SYY,NYSE:SYY,-0.586,$87.86,
NYSE:TAK,19 Oct 2025,$15.76,5,$18.00,6,0.83,$17.45,-9.68%,,,,$17.06,-2.23%,$6.09,-65.09%,$9.76,-44.07%,TAK,NYSE:TAK,-0.816,$21.50,-16.28%
NYSE:TAL,20 Aug 2025,$11.69,3,$12.31,4,0.58,$12.38,-5.58%,,,,$11.75,-5.09%,$0.00,-100.00%,$0.00,-100.00%,TAL,NYSE:TAL,-0.943,$16.04,-23.25%
NASDAQ:TASK,30 Jan 2026,$15.02,3,$15.90,2,3.15,$7.30,105.74%,,,,$7.95,8.90%,$0.00,-100.00%,$0.00,-100.00%,TASK,NASDAQ:TASK,0.198,$9.50,67.37%
NASDAQ:TATT,24 Oct 2025,$40.25,3,,,0.68,$39.64,1.54%,,,,$37.57,-5.22%,$0.00,-100.00%,$0.00,-100.00%,TATT,NASDAQ:TATT,-0.919,$60.71,
NYSE:TBB,6 Nov 2025,$23.22,1,,1,,$22.69,2.34%,,,,,-100.00%,-$2.00,-108.81%,-$2.00,-108.81%,TBB,NYSE:TBB,-2.000,,
NYSE:TBBB,13 Jun 2025,$23.99,3,,,0.65,$40.80,-41.20%,,,,$39.26,-3.77%,$69.23,69.67%,$91.53,124.33%,TBBB,NYSE:TBBB,-0.875,$46.38,
NASDAQ:TBBK,1 Jun 2026,$64.98,3,$66.00,4,0.52,$69.64,-6.69%,,,,$66.85,-4.01%,$0.00,-100.00%,$0.00,-100.00%,TBBK,NASDAQ:TBBK,-0.942,$82.33,-19.83%
NASDAQ:TBCH,27 Jan 2026,$17.12,3,$19.75,6,0.81,$13.95,22.72%,,,,$12.92,-7.38%,$0.00,-100.00%,$0.00,-100.00%,TBCH,NASDAQ:TBCH,-0.811,$16.40,20.43%
NYSE:TBN,11 Dec 2025,$26.01,3,$37.75,8,0.65,$33.61,-22.62%,,,,$31.28,-6.93%,$23.77,-29.29%,$23.79,-29.23%,TBN,NYSE:TBN,-0.931,$55.17,-31.58%
NASDAQ:TBRG,31 Dec 2025,$24.09,3,$21.00,5,,,#DIV/0!,,,,,#DIV/0!,-$2.00,#DIV/0!,-$2.00,#DIV/0!,TBRG,NASDAQ:TBRG,-2.000,,
NASDAQ:TCBI,27 May 2026,$96.83,3,$105.20,4,1.01,$99.33,-2.52%,,,,$96.71,-2.64%,-$411.52,-514.30%,-$397.43,-500.11%,TCBI,NASDAQ:TCBI,-0.708,$109.31,-3.76%
NASDAQ:TCBK,27 May 2026,$51.81,3,$63.00,3,1.70,$57.27,-9.53%,,,,$57.04,-0.40%,$0.00,-100.00%,$0.00,-100.00%,TCBK,NASDAQ:TCBK,-0.398,$62.81,0.30%
NYSE:TCBX,1 Jun 2026,$39.78,3,$45.00,5,0.74,$44.31,-10.21%,,,,$42.88,-3.23%,$0.00,-100.00%,$0.00,-100.00%,TCBX,NYSE:TCBX,-0.811,$45.50,-1.10%
NASDAQ:TCMD,4 Dec 2025,$31.83,5,$26.67,8,0.93,$29.50,-9.59%,,,,$28.16,-4.54%,$53.27,80.58%,$36.28,22.99%,TCMD,NASDAQ:TCMD,-0.795,$39.50,-32.48%
NYSE:TD,19 Aug 2025,$67.13,3,$73.85,7,1.78,$121.31,-44.66%,,,,$121.14,-0.14%,-$581.72,-579.53%,-$570.04,-569.90%,TD,NYSE:TD,-0.327,$113.25,-34.79%
NYSE:TDC,11 Feb 2026,$35.11,5,$32.80,10,0.60,$27.39,19.75%,,,,$24.63,-10.08%,$0.00,-100.00%,$0.00,-100.00%,TDC,NYSE:TDC,-0.933,$35.62,-7.92%
NYSE:TDG,20 Sep 2024,"$1,185.75",2,"$1,509.83",4,1.58,"$1,225.25",-3.22%,,,,"$1,219.50",-0.47%,$0.00,-100.00%,$0.00,-100.00%,TDG,NYSE:TDG,-0.484,"$1,522.00",-0.80%
NYSE:TDOC,22 Aug 2025,$12.69,3,$9.06,7,0.76,$7.13,27.07%,,,,$6.65,-6.73%,$17.04,138.93%,$36.71,414.84%,TDOC,NYSE:TDOC,-0.815,$7.79,16.30%
NASDAQ:TEAM,11 Dec 2025,$216.58,3,$237.35,8,0.40,$149.07,45.29%,,,,$136.14,-8.67%,$0.00,-100.00%,$0.00,-100.00%,TEAM,NASDAQ:TEAM,-0.943,$140.33,69.14%
NYSE:TEL,19 Jan 2026,$189.61,1,$275.58,6,0.98,$216.33,-12.35%,,,,$211.04,-2.45%,$420.55,94.40%,$477.89,120.91%,TEL,NYSE:TEL,-0.728,$246.79,11.67%
NYSE:TEN,29 Apr 2026,$34.19,3,$50.00,8,2.34,$39.14,-12.65%,,,,$38.53,-1.56%,$91.66,134.19%,$103.07,163.32%,TEN,NYSE:TEN,-0.132,$46.00,8.70%
NASDAQ:TENB,23 Dec 2025,$34.90,3,$37.75,7,0.65,$36.38,-4.07%,,,,$34.02,-6.49%,$46.23,27.07%,$47.00,29.20%,TENB,NASDAQ:TENB,-0.838,$35.35,6.79%
NYSE:TEO,18 Sep 2025,$8.99,5,$9.60,3,2.85,$13.83,-35.00%,,,,$14.27,3.18%,$54.07,290.95%,$197.39,1327.22%,TEO,NYSE:TEO,0.105,$15.49,-38.02%
NASDAQ:TER,19 Jan 2026,$152.12,1,$213.18,7,0.89,$379.31,-59.90%,,,,$366.79,-3.30%,"$177,744.88",46760.06%,"$188,177.25",49510.41%,TER,NASDAQ:TER,-0.777,$449.80,-52.61%
NYSE:TFC,19 Nov 2025,$46.61,3,$49.70,7,1.97,$52.35,-10.96%,,,,$52.36,0.02%,$0.00,-100.00%,$0.00,-100.00%,TFC,NYSE:TFC,-0.268,$54.92,-9.50%
NASDAQ:TFIN,2 Oct 2025,$64.43,3,$64.00,1,,$76.01,-15.80%,,,,,-100.00%,-$2.00,-102.63%,-$2.00,-102.63%,TFIN,NYSE:TFIN,-2.000,,
NYSE:TFIN,19 Nov 2025,$53.40,3,,,1.02,$76.01,-29.75%,,,,$74.45,-2.05%,-$142.29,-287.20%,"$1,065.40",1301.65%,TFIN,NYSE:TFIN,-0.710,$85.80,
NYSE:TFPM,16 Aug 2025,$20.81,1,,,0.52,$32.62,-36.20%,,,,$31.02,-4.90%,$0.00,-100.00%,$0.00,-100.00%,TFPM,NYSE:TFPM,-0.948,$39.00,
NASDAQ:TFSL,12 Oct 2025,$12.76,3,$13.50,4,2.99,$17.59,-27.45%,,,,$18.22,3.58%,$0.00,-100.00%,$0.00,-100.00%,TFSL,NASDAQ:TFSL,0.177,$19.00,-28.95%
NYSE:TGLS,23 Aug 2025,$69.51,3,,,0.84,$44.14,57.47%,,,,$42.66,-3.35%,$49.36,11.83%,$36.95,-16.28%,TGLS,NYSE:TGLS,-0.824,$57.00,
NYSE:TGS,19 Nov 2025,$29.26,3,$13.33,7,1.24,$28.79,-53.70%,,,,$28.37,-1.46%,$45.45,57.87%,$85.93,198.46%,TGS,NYSE:TGS,-0.669,$41.29,-67.72%
NYSE:TGT,21 Sep 2025,$120.25,3,$103.27,3,1.25,$149.70,-31.02%,,,,$144.93,-3.19%,$236.75,58.15%,$165.17,10.34%,TGT,NYSE:TGT,-0.558,$136.43,-24.31%
NASDAQ:THFF,27 May 2026,$67.98,3,$70.00,5,1.31,$81.49,-16.58%,,,,$79.46,-2.49%,$0.00,-100.00%,$0.00,-100.00%,THFF,NASDAQ:THFF,-0.540,$77.00,-9.09%
NYSE:THO,29 Jul 2024,$143.00,5,,,1.34,$79.55,79.76%,,,,$77.26,-2.88%,$163.22,105.18%,$213.39,168.24%,THO,NYSE:THO,-0.567,$90.50,
NYSE:THR,19 Nov 2025,$40.68,4,$38.00,8,,,#DIV/0!,,,,,#DIV/0!,-$2.00,#DIV/0!,-$2.00,#DIV/0!,THR,NYSE:THR,-2.000,,
NASDAQ:THRY,11 Feb 2026,$8.29,3,$13.00,2,0.70,$2.44,239.61%,,,,$2.33,-4.51%,$0.00,-100.00%,$0.00,-100.00%,THRY,NASDAQ:THRY,-0.912,$4.33,200.23%
NASDAQ:TIGR,24 Oct 2025,$10.39,3,$11.86,9,0.62,$4.82,115.56%,,,,$4.57,-5.19%,$62.75,1201.83%,$63.30,1213.28%,TIGR,NASDAQ:TIGR,-0.946,$7.68,54.43%
NASDAQ:TILE,13 Feb 2025,$17.99,3,$30.00,7,0.65,$38.29,-53.03%,,,,$35.64,-6.92%,$0.00,-100.00%,$0.00,-100.00%,TILE,NASDAQ:TILE,-0.856,$40.50,-25.93%
NYSE:TJX,18 Aug 2025,$107.88,1,$144.77,9,1.47,$161.36,-33.14%,,,,$158.98,-1.47%,$176.66,9.48%,$196.36,21.69%,TJX,NYSE:TJX,-0.501,$177.21,-18.31%
NASDAQ:TKLF,19 Oct 2025,$5.59,3,,,,$2.01,178.11%,,,,,-100.00%,-$2.00,-199.50%,-$2.00,-199.50%,TKLF,NASDAQ:TKLF,-2.000,,
NYSE:TKR,16 Jun 2026,$121.71,2,$138.67,6,0.78,$130.33,-6.62%,,,,$126.40,-3.02%,$0.00,-100.00%,$0.00,-100.00%,TKR,NYSE:TKR,-0.816,$147.27,-5.84%
NASDAQ:TLRY,14 Aug 2025,$1.31,3,,,0.68,$4.57,-71.40%,,,,$4.36,-4.60%,$4.83,5.74%,$6.46,41.37%,TLRY,NASDAQ:TLRY,-0.918,$7.84,
NASDAQ:TLSI,11 Dec 2025,$8.40,3,$11.60,9,0.62,$5.61,49.70%,,,,$4.49,-19.96%,$0.00,-100.00%,$0.00,-100.00%,TLSI,NASDAQ:TLSI,-0.948,$9.00,28.89%
NASDAQ:TLX,11 Dec 2025,$12.46,3,,,0.65,$11.52,8.12%,,,,$11.03,-4.25%,$0.00,-100.00%,$0.00,-100.00%,TLX,NASDAQ:TLX,-0.933,$21.01,
NYSE:TM,15 Dec 2025,$215.08,5,,9,0.91,$190.09,13.15%,,,,$184.47,-2.96%,"-$45,495.94",-24033.89%,"-$45,034.06",-23790.92%,TM,NYSE:TM,-0.776,$231.58,
NASDAQ:TMC,18 Aug 2025,$4.39,3,,,0.68,$4.57,-3.98%,,,,$4.18,-8.53%,$4.11,-10.10%,$4.11,-10.06%,TMC,NASDAQ:TMC,-0.921,$11.00,
NASDAQ:TMCI,4 Dec 2025,$3.25,3,$5.47,4,0.47,$4.76,-31.77%,,,,$4.32,-9.24%,$0.00,-100.00%,$0.00,-100.00%,TMCI,NASDAQ:TMCI,-0.920,$4.67,17.13%
NASDAQ:TMDX,11 Dec 2025,$138.40,3,$147.00,8,0.55,$83.89,64.98%,,,,$76.39,-8.94%,$0.00,-100.00%,$0.00,-100.00%,TMDX,NASDAQ:TMDX,-0.948,$106.00,38.68%
NYSE:TME,12 Aug 2025,$23.93,3,$19.85,8,0.93,$9.53,108.29%,,,,$9.22,-3.25%,$34.26,259.54%,$17.08,79.27%,TME,NYSE:TME,-0.811,$15.38,29.06%
NYSE:TMHC,15 Jun 2026,$82.94,4,$62.90,9,2.61,$72.45,-13.18%,,,,$0.00,-100.00%,$142.63,96.86%,$145.90,101.38%,TMHC,NYSE:TMHC,-1.000,$66.75,-5.77%
NYSEAMERICAN:TMP,2 Oct 2025,$65.36,1,,,,$98.73,-33.80%,,,,,-100.00%,-$2.00,-102.03%,-$2.00,-102.03%,TMP,NYSEAMERICAN:TMP,-2.000,,
NYSE:TNC,11 Nov 2025,$100.24,5,$105.00,4,1.14,$73.89,35.66%,,,,$71.32,-3.48%,$0.00,-100.00%,$0.00,-100.00%,TNC,NYSE:TNC,-0.684,$93.50,12.30%
NASDAQ:TNDM,11 Dec 2025,$20.68,3,$23.06,9,0.57,$22.38,-7.59%,,,,$16.44,-26.54%,$0.00,-100.00%,$0.00,-100.00%,TNDM,NASDAQ:TNDM,-0.939,$28.52,-19.14%
NYSE:TNET,15 Dec 2025,$73.13,3,$65.50,7,0.71,$68.50,-4.38%,,,,$64.70,-5.55%,$0.00,-100.00%,$0.00,-100.00%,TNET,NYSE:TNET,-0.804,$64.40,1.71%
NASDAQ:TOI,15 Aug 2025,$3.94,3,$6.25,8,0.64,$5.13,-23.22%,,,,$4.69,-8.58%,$3.32,-35.22%,$3.60,-29.92%,TOI,NASDAQ:TOI,-0.939,$8.40,-25.60%
NYSE:TOL,1 Apr 2026,$149.13,5,$165.90,4,1.31,$155.09,-3.84%,,,,$151.28,-2.46%,$165.39,6.64%,$172.93,11.50%,TOL,NYSE:TOL,-0.571,$168.20,-1.37%
NYSE:TOST,22 Jan 2026,$36.30,3,$46.56,4,0.42,$34.48,5.27%,,,,$33.00,-4.29%,$0.00,-100.00%,$0.00,-100.00%,TOST,NYSE:TOST,-0.948,$34.92,33.33%
NASDAQ:TOWN,2 Oct 2025,$37.19,3,$41.00,5,2.24,$37.46,-0.73%,,,,$37.74,0.75%,$0.00,-100.00%,$0.00,-100.00%,TOWN,NASDAQ:TOWN,-0.153,$39.75,3.14%
NYSE:TPB,18 Sep 2025,$86.86,3,,,0.67,$86.86,-0.00%,,,,$82.12,-5.46%,$0.00,-100.00%,$0.00,-100.00%,TPB,NYSE:TPB,-0.925,$123.00,
NYSE:TPC,24 Dec 2025,$68.65,1,,,0.61,$99.11,-30.73%,,,,$90.84,-8.34%,$0.00,-100.00%,$0.00,-100.00%,TPC,NYSE:TPC,-0.902,$116.25,
NYSE:TPH,16 Mar 2026,$59.96,5,$46.50,1,,,#DIV/0!,,,,,#DIV/0!,-$2.00,#DIV/0!,-$2.00,#DIV/0!,TPH,NYSE:TPH,-2.000,,
NYSE:TPL,9 Apr 2025,$774.67,2,,9,0.63,$340.65,127.41%,,,,$329.37,-3.31%,$0.00,-100.00%,$0.00,-100.00%,TPL,NYSE:TPL,-0.921,$443.50,
NYSE:TPR,26 Aug 2025,$73.71,2,,,1.12,$162.36,-54.60%,,,,$158.61,-2.31%,$182.14,12.18%,$186.39,14.80%,TPR,NYSE:TPR,-0.642,$167.15,
NASDAQ:TREE,11 Aug 2025,$78.94,3,$63.86,8,0.68,$32.13,98.76%,,,,$30.71,-4.42%,$84.44,162.82%,$72.25,124.87%,TREE,NASDAQ:TREE,-0.921,$56.00,14.04%
NYSE:TREX,9 Apr 2024,$83.55,2,,,0.47,$49.17,69.92%,,,,$46.30,-5.84%,$0.00,-100.00%,$0.00,-100.00%,TREX,NYSE:TREX,-0.944,$53.59,
NYSE:TRGP,1 Sep 2025,$152.25,2,$206.29,6,1.15,$256.87,-40.73%,,,,$252.90,-1.55%,$0.00,-100.00%,$0.00,-100.00%,TRGP,NYSE:TRGP,-0.655,$297.29,-30.61%
NASDAQ:TRI,26 Aug 2025,$160.83,2,,,0.74,$101.83,57.93%,,,,$96.17,-5.56%,$0.00,-100.00%,$0.00,-100.00%,TRI,NASDAQ:TRI,-0.841,$119.50,
NASDAQ:TRMB,29 Jan 2026,$71.27,3,$98.71,5,0.61,$59.51,19.77%,,,,$56.11,-5.71%,$0.00,-100.00%,$0.00,-100.00%,TRMB,NASDAQ:TRMB,-0.943,$81.27,21.46%
NASDAQ:TRMK,19 Nov 2025,$39.99,3,$42.50,4,1.31,$47.42,-15.67%,,,,$47.16,-0.55%,$0.00,-100.00%,$0.00,-100.00%,TRMK,NASDAQ:TRMK,-0.558,$49.25,-13.71%
NYSE:TRN,23 Aug 2025,$33.90,4,$29.00,3,1.98,$29.90,-3.01%,,,,$29.96,0.20%,$37.69,26.04%,-$1.51,-105.05%,TRN,NYSE:TRN,-0.282,$34.00,-14.71%
NASDAQ:TROW,8 Jan 2026,$118.25,5,$113.60,7,1.32,$114.02,-0.37%,,,,$112.49,-1.34%,$0.00,-100.00%,$0.00,-100.00%,TROW,NASDAQ:TROW,-0.537,$109.83,3.43%
NASDAQ:TRST,19 Nov 2025,$40.35,3,,3,1.05,$55.09,-26.76%,,,,$54.78,-0.56%,$0.00,-100.00%,$0.00,-100.00%,TRST,NASDAQ:TRST,-0.578,$26.00,
NYSE:TRV,18 Sep 2025,$253.19,2,,,1.59,$384.31,-34.12%,,,,$380.60,-0.97%,$481.86,25.38%,$536.23,39.53%,TRV,NYSE:TRV,-0.414,$360.33,
NASDAQ:TSAT,19 Jan 2026,$24.33,2,,1,0.29,$58.92,-58.71%,,,,$52.38,-11.10%,$49.45,-16.06%,$57.02,-3.23%,TSAT,NASDAQ:TSAT,-0.918,$19.04,
NASDAQ:TSCO,23 July 2026,$47.09,3,$39.00,4,1.24,$34.56,12.85%,12.85%,$35.52,$47.09,$33.19,-3.96%,$37.81,9.42%,$47.29,36.84%,TSCO,NASDAQ:TSCO,-0.586,$35.52,9.80%
NASDAQ:TSEM,9 Feb 2026,$95.60,2,$131.00,10,0.56,$252.49,-62.14%,,,,$221.37,-12.33%,$0.00,-100.00%,$0.00,-100.00%,TSEM,NASDAQ:TSEM,-0.943,$318.17,-58.83%
NASDAQ:TSLA,15 Dec 2025,$312.61,1,$386.42,7,0.87,$328.58,-4.86%,,,,$315.67,-3.93%,$332.03,1.05%,$327.32,-0.38%,TSLA,NASDAQ:TSLA,-0.793,$397.87,-2.88%
NYSE:TSN,26 Jun 2026,$58.80,4,$73.00,9,1.42,$58.04,1.31%,,,,$57.68,-0.62%,$0.00,-100.00%,$0.00,-100.00%,TSN,NYSE:TSN,-0.541,$68.75,6.18%
NASDAQ:TSSI,4 Feb 2026,$12.86,4,$15.00,2,0.95,$11.26,14.21%,,,,$10.77,-4.35%,$29.84,165.03%,$30.60,171.76%,TSSI,NASDAQ:TSSI,-0.802,$18.00,-16.67%
NYSE:TT,31 Mar 2026,$379.88,2,$480.38,10,1.35,$482.31,-21.24%,,,,$475.06,-1.50%,$711.19,47.45%,$743.45,54.14%,TT,NYSE:TT,-0.551,$525.28,-8.55%
NYSE:TTC,3 Apr 2024,$80.79,2,,,1.65,$99.64,-18.92%,,,,$98.05,-1.60%,$165.04,65.63%,$179.83,80.48%,TTC,NYSE:TTC,-0.423,$109.25,
NASDAQ:TTGT,30 Jan 2026,$10.74,3,,,0.68,$3.84,179.63%,,,,$3.29,-14.32%,$0.00,-100.00%,$0.00,-100.00%,TTGT,NASDAQ:TTGT,-0.921,$10.67,
NASDAQ:TTMI,5 Feb 2026,$83.36,2,$100.00,7,0.65,$137.21,-39.24%,,,,$130.24,-5.08%,$0.00,-100.00%,$0.00,-100.00%,TTMI,NASDAQ:TTMI,-0.933,$214.25,-53.33%
NASDAQ:TTWO,12 Oct 2025,$173.47,1,,,0.60,$246.50,-29.63%,,,,$224.31,-9.00%,$0.00,-100.00%,$0.00,-100.00%,TTWO,NASDAQ:TTWO,-0.900,$284.14,
NYSE:TUYA,19 Aug 2025,$2.34,3,,,0.75,$1.80,30.17%,,,,$1.70,-5.56%,$3.87,115.18%,$3.92,117.83%,TUYA,NYSE:TUYA,-0.888,$3.42,
NYSE:TV,3 Oct 2025,$2.63,3,$4.70,6,1.40,$2.83,-7.02%,,,,$2.80,-1.06%,$69.10,2341.62%,$188.90,6574.86%,TV,NYSE:TV,-0.593,$3.86,21.76%
NYSE:TWI,20 Sep 2024,$12.61,3,,,0.96,$7.36,71.29%,,,,$7.07,-3.94%,$11.86,61.08%,$0.32,-95.63%,TWI,NYSE:TWI,-0.796,$11.75,
NYSE:TWLO,27 Jan 2026,$126.44,3,$147.11,8,0.49,$241.28,-47.60%,,,,$220.67,-8.54%,$0.00,-100.00%,$0.00,-100.00%,TWLO,NYSE:TWLO,-0.892,$215.11,-31.61%
NASDAQ:TXN,19 Jan 2026,$191.02,3,,,0.98,$286.08,-33.23%,,,,$277.38,-3.04%,$347.43,21.44%,$369.69,29.23%,TXN,NASDAQ:TXN,-0.729,$324.45,
NASDAQ:TXRH,18 Sep 2025,$146.40,1,,,1.12,$208.00,-29.62%,,,,$202.99,-2.41%,$0.00,-100.00%,$0.00,-100.00%,TXRH,NASDAQ:TXRH,-0.631,$203.17,
NYSE:TYL,24 Aug 2025,$541.31,3,$682.54,7,0.66,$312.45,73.25%,,,,$297.64,-4.74%,$0.00,-100.00%,$0.00,-100.00%,TYL,NYSE:TYL,-0.921,$426.64,59.98%
NYSE:UA,23 Dec 2025,$10.78,3,$7.50,4,0.68,$5.93,26.48%,,,,$5.43,-8.43%,$0.00,-100.00%,$0.00,-100.00%,UA,NYSE:UA,-0.922,$14.00,-46.43%
NYSE:UAA,23 Dec 2025,$11.22,3,$5.58,3,0.51,$6.11,-8.67%,,,,$5.52,-9.66%,$0.00,-100.00%,$0.00,-100.00%,UAA,NYSE:UAA,-0.914,$6.36,-12.26%
NYSEAMERICAN:UAMY,3 Jul 2025,$7.55,1,$4.94,7,,,#DIV/0!,,,,,#DIV/0!,-$2.00,#DIV/0!,-$2.00,#DIV/0!,UAMY,NYSEAMERICAN:UAMY,-2.000,,
NYSE:UBER,3 Feb 2026,$84.31,3,$111.26,7,0.62,$75.02,12.38%,,,,$68.61,-8.54%,$0.00,-100.00%,$0.00,-100.00%,UBER,NYSE:UBER,-0.944,$103.76,7.23%
NYSE:UBS,19 Aug 2025,$37.97,3,,,1.38,$53.76,-29.37%,,,,$53.31,-0.84%,-$215.35,-500.57%,-$221.23,-511.51%,UBS,NYSE:UBS,-0.525,$55.03,
NASDAQ:UBSI,27 May 2026,$44.17,3,$47.00,7,1.87,$48.32,-8.59%,,,,$48.35,0.06%,$0.00,-100.00%,$0.00,-100.00%,UBSI,NASDAQ:UBSI,-0.312,$50.00,-6.00%
NASDAQ:UCB,21 Oct 2025,$31.41,3,$35.00,5,,$35.51,-11.55%,,,,,-100.00%,-$2.00,-105.63%,-$2.00,-105.63%,UCB,NYSE:UCB,-2.000,,
NYSE:UCB,19 Nov 2025,$31.12,3,$35.33,7,1.66,$35.51,-12.36%,,,,$35.35,-0.45%,$0.00,-100.00%,$0.00,-100.00%,UCB,NYSE:UCB,-0.417,$38.92,-9.22%
NASDAQ:UDMY,20 Aug 2025,$10.79,4,$10.00,5,,,#DIV/0!,,,,,#DIV/0!,-$2.00,#DIV/0!,-$2.00,#DIV/0!,UDMY,NASDAQ:UDMY,-2.000,,
NYSE:UDR,10 Sep 2025,$42.82,4,$44.23,9,1.75,$38.41,11.48%,,,,$37.96,-1.17%,$0.00,-100.00%,$0.00,-100.00%,UDR,NYSE:UDR,-0.376,$42.24,4.71%
NASDAQ:UFPI,31 Jan 2025,$119.95,3,$155.00,3,1.35,$94.04,27.55%,,,,$91.17,-3.05%,$171.68,82.56%,$201.77,114.56%,UFPI,NASDAQ:UFPI,-0.552,$102.00,51.96%
NASDAQ:UFPT,4 Dec 2025,$299.56,3,,5,0.57,$314.01,-4.60%,,,,$301.19,-4.08%,$0.00,-100.00%,$0.00,-100.00%,UFPT,NASDAQ:UFPT,-0.908,$355.00,
NYSE:UGP,20 Aug 2025,$4.45,3,$4.00,5,1.13,$6.12,-34.64%,,,,$6.05,-1.14%,$7.35,20.02%,$12.04,96.66%,UGP,NYSE:UGP,-0.649,$6.61,-39.49%
NYSE:UI,26 Jan 2026,$379.66,1,,,0.75,$566.27,-32.95%,,,,$549.67,-2.93%,$738.89,30.48%,$744.01,31.39%,UI,NYSE:UI,-0.889,$826.00,
NYSE:UIS,29 Jan 2026,$4.30,3,$4.00,5,0.92,$2.97,34.68%,,,,$2.82,-5.05%,$10.54,254.92%,$0.74,-75.15%,UIS,NYSE:UIS,-0.814,$4.81,-16.84%
NYSE:UL,10 Sep 2025,$66.09,3,$67.00,6,1.86,$62.96,4.97%,,,,$63.01,0.08%,$0.00,-100.00%,$0.00,-100.00%,UL,NYSE:UL,-0.342,$73.58,-8.94%
NYSE:ULS,19 Aug 2025,$55.15,1,,,0.99,$78.21,-29.48%,,,,$74.36,-4.92%,$0.00,-100.00%,$0.00,-100.00%,ULS,NYSE:ULS,-0.760,$102.07,
NASDAQ:UMBF,27 May 2026,$132.22,3,$147.00,9,1.03,$145.60,-9.19%,,,,$142.17,-2.36%,$0.00,-100.00%,$0.00,-100.00%,UMBF,NASDAQ:UMBF,-0.706,$165.69,-11.28%
NYSE:UMC,19 Jan 2026,$9.15,3,,,1.54,$18.72,-51.12%,,,,$18.18,-2.88%,$45.18,141.35%,$67.98,263.12%,UMC,NYSE:UMC,-0.444,$18.49,
NYSE:UNFI,24 Mar 2026,$78.83,5,$44.00,7,1.11,$47.06,-6.50%,,,,$46.09,-2.06%,-$1.58,-103.36%,$61.91,31.55%,UNFI,NYSE:UNFI,-0.650,$49.38,-10.90%
NYSE:UNM,17 Feb 2025,$69.73,2,$100.00,7,1.98,$90.56,-23.01%,,,,$89.44,-1.24%,-$133.65,-247.58%,-$122.47,-235.24%,UNM,NYSE:UNM,-0.279,$101.62,-1.59%
NYSE:UNP,21 May 2024,$230.08,3,,,1.46,$293.13,-21.51%,,,,$290.72,-0.82%,$323.83,10.47%,$362.44,23.65%,UNP,NYSE:UNP,-0.513,$328.29,
NASDAQ:UPBD,5 Feb 2026,$31.13,3,$29.00,6,2.83,$19.83,46.24%,,,,$20.23,2.02%,$63.80,221.74%,$389.70,1865.20%,UPBD,NASDAQ:UPBD,0.034,$28.25,2.65%
NASDAQ:URBN,4 Apr 2026,$63.30,3,$87.71,9,0.98,$76.92,-17.71%,,,,$74.31,-3.39%,$161.50,109.96%,$145.54,89.21%,URBN,NASDAQ:URBN,-0.726,$86.15,1.81%
NYSE:URI,9 Apr 2025,$683.12,5,$774.77,6,0.82,"$1,162.84",-41.25%,,,,"$1,139.52",-2.01%,"$1,699.08",46.11%,"$2,545.50",118.90%,URI,NYSE:URI,-0.787,"$1,261.88",-38.60%
NASDAQ:UROY,18 Aug 2025,$3.73,4,$3.44,6,0.49,$4.15,-17.11%,,,,$3.88,-6.51%,$0.00,-100.00%,$0.00,-100.00%,UROY,NASDAQ:UROY,-0.910,$4.09,-15.89%
NASDAQ:USAR,22 Jan 2026,$17.53,3,,,0.77,$19.33,-9.31%,,,,$17.64,-8.74%,$24.49,26.71%,$26.51,37.12%,USAR,NASDAQ:USAR,-0.881,$37.50,
NYSE:USB,20 Mar 2026,$56.96,3,$64.06,8,1.80,$63.94,-10.92%,,,,$63.36,-0.91%,$0.00,-100.00%,$0.00,-100.00%,USB,NYSE:USB,-0.354,$70.32,-8.90%
NYSEAMERICAN:USBC,29 Jan 2026,$0.61,1,,,,$0.34,79.41%,,,,,-100.00%,-$2.00,-688.24%,-$2.00,-688.24%,USBC,NYSEAMERICAN:USBC,-2.000,,
NASDAQ:UTHR,23 Dec 2025,$479.02,3,$521.25,5,0.99,$538.84,-11.10%,,,,$517.31,-4.00%,$0.00,-100.00%,$0.00,-100.00%,UTHR,NASDAQ:UTHR,-0.745,$663.23,-21.41%
NYSE:UTL,23 Jun 2026,$55.21,4,,,1.26,$53.73,2.75%,,,,$52.97,-1.41%,$0.00,-100.00%,$0.00,-100.00%,UTL,NYSE:UTL,-0.580,$55.33,
NASDAQ:UVSP,19 Nov 2025,$30.95,3,$34.00,4,1.22,$42.84,-27.74%,,,,$42.54,-0.70%,$0.00,-100.00%,$0.00,-100.00%,UVSP,NASDAQ:UVSP,-0.605,$45.33,-24.99%
NYSE:UVV,17 Mar 2026,$66.56,4,,2,2.07,$50.84,30.92%,,,,$50.46,-0.75%,$0.00,-100.00%,$0.00,-100.00%,UVV,NYSE:UVV,-0.302,$74.00,
NYSE:UWMC,26 Jun 2026,$3.01,4,$4.39,2,2.20,$1.28,135.16%,,,,$1.18,-7.81%,$0.00,-100.00%,$0.00,-100.00%,UWMC,NYSE:UWMC,-0.243,$3.41,28.74%
NYSE:V,7 Sep 2025,$315.05,2,$397.95,10,1.10,$362.50,-13.09%,,,,$358.05,-1.23%,$568.22,56.75%,$582.07,60.57%,V,NYSE:V,-0.675,$415.39,-4.20%
NYSE:VAL,30 Jun 2026,$84.57,3,$98.00,7,0.35,$78.78,7.35%,,,,$73.84,-6.27%,$0.00,-100.00%,$0.00,-100.00%,VAL,NYSE:VAL,-0.948,$68.42,43.23%
NYSE:VALE,14 Jan 2026,$14.72,4,$14.34,10,0.85,$14.71,-2.52%,,,,$14.36,-2.38%,$0.00,-100.00%,$0.00,-100.00%,VALE,NYSE:VALE,-0.786,$16.80,-14.64%
NASDAQ:VBNK,24 Aug 2025,$12.54,3,$12.24,3,1.04,$19.09,-35.88%,,,,$18.56,-2.78%,-$38.26,-300.44%,-$37.63,-297.13%,VBNK,NASDAQ:VBNK,-0.729,$24.00,-49.00%
NASDAQ:VECO,5 Sep 2025,$35.14,3,$26.33,4,0.51,$52.79,-50.12%,,,,$49.44,-6.35%,$0.00,-100.00%,$0.00,-100.00%,VECO,NASDAQ:VECO,-0.940,$60.33,-56.36%
NYSE:VFC,26 Aug 2025,$31.37,5,$14.25,6,1.69,$14.99,-4.94%,,,,$14.57,-2.80%,$141.45,843.66%,$4.48,-70.11%,VFC,NYSE:VFC,-0.440,$18.77,-24.08%
NASDAQ:VIAV,30 Jan 2026,$16.67,1,$25.06,2,0.63,$39.14,-57.40%,,,,$36.97,-5.54%,$0.00,-100.00%,$0.00,-100.00%,VIAV,NASDAQ:VIAV,-0.942,$64.57,-61.19%
NYSE:VICI,19 Jun 2026,$33.66,5,$34.09,9,1.99,$26.74,25.88%,,,,$26.60,-0.52%,$52.84,97.61%,$52.90,97.84%,VICI,NYSE:VICI,-0.300,$32.79,3.96%
NASDAQ:VICR,30 Jan 2026,$121.65,1,$187.50,8,0.71,$221.20,-45.00%,,,,$208.57,-5.71%,$0.00,-100.00%,$0.00,-100.00%,VICR,NASDAQ:VICR,-0.904,$386.25,-51.46%
NASDAQ:VISN,6 Aug 2026,$11.04,3,,,4.22,$10.94,0.89%,0.89%,$11.04,$14.67,$11.39,4.11%,$0.00,-100.00%,$0.00,-100.00%,VISN,NASDAQ:VISN,0.667,$14.67,
NYSE:VIST,13 Jun 2025,$50.56,3,$70.00,6,0.91,$65.96,-23.35%,,,,$63.95,-3.05%,$253.71,284.64%,$405.65,514.99%,VIST,NYSE:VIST,-0.819,$97.89,-28.49%
NYSE:VIV,17 Feb 2025,$11.28,3,$11.80,5,0.95,$12.01,-6.09%,,,,$11.75,-2.16%,$35.98,199.56%,$74.55,520.72%,VIV,NYSE:VIV,-0.771,$15.19,-22.32%
NASDAQ:VLGEA,17 Mar 2026,$43.63,3,,6,1.70,$43.17,1.07%,,,,$42.81,-0.83%,$111.06,157.26%,$166.54,285.77%,VLGEA,NASDAQ:VLGEA,-0.321,,
NYSE:VLN,9 Feb 2026,$2.14,3,$3.33,6,0.64,$1.74,22.99%,,,,$1.62,-6.90%,$3.43,97.22%,$2.57,47.60%,VLN,NYSE:VLN,-0.936,$4.00,-16.75%
NYSE:VLO,29 Jun 2026,$198.17,1,$266.27,9,1.64,$298.31,-33.57%,,,,$292.00,-2.12%,$804.34,169.63%,$904.68,203.27%,VLO,NYSE:VLO,-0.411,$309.79,-14.05%
NYSE:VLRS,22 Aug 2025,$7.94,3,$7.67,4,0.99,$8.17,-6.12%,,,,$7.99,-2.20%,$104.70,1181.48%,$110.85,1256.81%,VLRS,NYSE:VLRS,-0.727,$9.49,-19.18%
NASDAQ:VLY,19 Nov 2025,$10.95,3,$13.73,9,1.80,$14.55,-24.73%,,,,$14.40,-1.03%,$0.00,-100.00%,$0.00,-100.00%,VLY,NASDAQ:VLY,-0.367,$16.73,-17.93%
NYSE:VMC,31 Dec 2025,$246.19,1,$331.22,9,1.04,$284.69,-13.52%,,,,$277.03,-2.69%,$307.14,7.89%,$397.20,39.52%,VMC,NYSE:VMC,-0.705,$325.55,1.74%
NASDAQ:VNDA,13 Nov 2025,$5.38,3,$15.50,8,0.66,$5.00,7.56%,,,,$4.80,-4.00%,$0.00,-100.00%,$0.00,-100.00%,VNDA,NASDAQ:VNDA,-0.927,$13.69,13.22%
NASDAQ:VNET,9 Feb 2026,$7.43,1,$13.80,7,0.62,$7.33,1.34%,,,,$6.74,-8.05%,-$11.81,-261.08%,-$2.96,-140.39%,VNET,NASDAQ:VNET,-0.947,$15.32,-9.92%
NYSE:VNO,28 May 2026,$40.08,3,$31.60,8,1.03,$39.50,-20.00%,,,,$38.43,-2.71%,$0.00,-100.00%,$0.00,-100.00%,VNO,NYSE:VNO,-0.671,$39.00,-18.97%
NYSEAMERICAN:VNRX,11 Dec 2025,$0.32,1,$2.25,8,,$0.78,-58.97%,,,,,-100.00%,-$2.00,-356.41%,-$2.00,-356.41%,VNRX,NYSEAMERICAN:VNRX,-2.000,,
NYSE:VNT,11 Feb 2026,$45.33,3,$47.25,4,0.67,$35.09,29.18%,,,,$33.96,-3.22%,$0.00,-100.00%,$0.00,-100.00%,VNT,NYSE:VNT,-0.865,$39.70,19.02%
NASDAQ:VRDN,19 May 2025,$24.97,4,$37.70,3,0.63,$23.59,5.85%,,,,$21.68,-8.10%,$0.00,-100.00%,$0.00,-100.00%,VRDN,NASDAQ:VRDN,-0.943,$36.12,4.37%
NASDAQ:VREX,16 Dec 2025,$15.01,4,$15.33,7,0.91,$12.41,20.95%,,,,$12.05,-2.90%,$16.29,31.24%,$22.31,79.77%,VREX,NASDAQ:VREX,-0.817,$18.00,-14.83%
NASDAQ:VRRM,30 Jan 2026,$22.14,4,$25.00,5,0.64,$4.90,351.82%,,,,$4.69,-4.29%,$0.00,-100.00%,$0.00,-100.00%,VRRM,NASDAQ:VRRM,-0.937,$9.86,153.55%
NASDAQ:VSAT,30 Jan 2026,$27.54,2,$45.00,6,0.52,$80.38,-65.73%,,,,$76.25,-5.14%,$0.00,-100.00%,$0.00,-100.00%,VSAT,NASDAQ:VSAT,-0.948,$97.04,-53.63%
NYSE:VSCO,12 Jun 2025,$36.51,5,$22.56,8,4.23,$51.73,-56.39%,,,,$0.00,-100.00%,$247.33,378.12%,$274.77,431.17%,VSCO,NYSE:VSCO,-1.000,$64.44,-64.99%
NYSE:VSH,28 Jan 2026,$21.32,3,$16.00,5,1.02,$35.41,-54.82%,,,,$32.29,-8.81%,$0.00,-100.00%,$0.00,-100.00%,VSH,NYSE:VSH,-0.696,$38.25,-58.17%
NYSE:VTEX,15 Dec 2025,$4.81,3,$6.10,1,0.66,$4.18,15.19%,,,,$3.81,-8.85%,$0.00,-100.00%,$0.00,-100.00%,VTEX,NYSE:VTEX,-0.927,$5.96,2.35%
NYSE:VTMX,15 Jun 2025,$34.66,3,$21.00,5,1.49,$34.23,-38.65%,,,,$33.78,-1.31%,$37.76,10.30%,$38.00,11.03%,VTMX,NYSE:VTMX,-0.486,$36.90,-43.09%
NYSE:VTR,19 Sep 2025,$68.32,3,$76.83,9,1.60,$93.36,-26.82%,,,,$91.81,-1.66%,$100.16,7.28%,$150.94,61.68%,VTR,NYSE:VTR,-0.442,$100.73,-23.73%
NASDAQ:VVPR,9 Feb 2026,$2.07,3,,,,,#DIV/0!,,,,,#DIV/0!,-$2.00,#DIV/0!,-$2.00,#DIV/0!,VVPR,NASDAQ:VVPR,-2.000,,
NYSE:VVV,18 Sep 2025,$45.89,3,,,0.70,$35.34,29.86%,,,,$34.19,-3.25%,$0.00,-100.00%,$0.00,-100.00%,VVV,NYSE:VVV,-0.872,$43.20,
NYSE:VVX,11 Aug 2025,$66.16,5,$61.22,3,0.45,$84.41,-27.47%,,,,$79.14,-6.24%,$0.00,-100.00%,$0.00,-100.00%,VVX,NYSE:VVX,-0.939,$85.82,-28.66%
NYSE:VYX,25 Feb 2026,$13.06,5,$15.13,6,0.80,$8.25,58.27%,,,,$7.86,-4.73%,$0.00,-100.00%,$0.00,-100.00%,VYX,NYSE:VYX,-0.866,$12.12,24.83%
NYSEAMERICAN:VZLA,14 Aug 2025,$4.47,,$4.07,8,0.74,$3.74,8.82%,,,,$3.54,-5.35%,$3.84,2.62%,$3.84,2.66%,VZLA,NYSEAMERICAN:VZLA,-0.894,$6.64,-38.70%
NYSE:WAB,23 Aug 2025,$179.00,2,,,1.14,$291.81,-38.66%,,,,$291.61,-0.07%,$301.48,3.31%,$414.82,42.15%,WAB,NYSE:WAB,-0.653,$324.25,
NASDAQ:WABC,1 Jun 2026,$57.44,3,$58.00,4,2.08,$59.13,-2.86%,,,,$59.52,0.66%,$0.00,-100.00%,$0.00,-100.00%,WABC,NASDAQ:WABC,-0.228,$64.00,-9.38%
NASDAQ:WAFD,27 May 2026,$37.31,3,$37.00,8,1.70,$37.16,-0.43%,,,,$37.14,-0.05%,$0.00,-100.00%,$0.00,-100.00%,WAFD,NASDAQ:WAFD,-0.390,$39.00,-5.13%
NYSE:WAL,14 Jul 2026,$86.73,3,$90.38,7,1.60,$81.33,6.64%,6.64%,$86.73,$92.33,$80.62,-0.87%,$0.00,-100.00%,$0.00,-100.00%,WAL,NYSE:WAL,-0.450,$92.33,-2.11%
NASDAQ:WASH,27 May 2026,$34.83,3,$33.33,8,1.78,$38.85,-14.21%,,,,$38.85,0.00%,$0.00,-100.00%,$0.00,-100.00%,WASH,NASDAQ:WASH,-0.336,$38.00,-12.29%
NYSE:WBS,10 Mar 2026,$76.23,3,$74.69,7,1.68,$79.03,-5.49%,,,,$79.18,0.19%,-$286.36,-462.35%,-$280.63,-455.09%,WBS,NYSE:WBS,-0.376,$75.67,-1.30%
NYSE:WD,23 Dec 2025,$82.23,3,$84.00,6,1.42,$44.43,85.09%,,,,$43.66,-1.73%,$0.00,-100.00%,$0.00,-100.00%,WD,NYSE:WD,-0.591,$67.33,24.76%
NASDAQ:WDC,23 Aug 2024,$68.21,3,,,0.68,$434.30,-84.29%,,,,$408.66,-5.90%,$0.00,-100.00%,$0.00,-100.00%,WDC,NASDAQ:WDC,-0.920,$655.50,
NYSE:WDS,18 May 2026,$26.11,4,,6,0.97,$22.42,16.46%,,,,$22.21,-0.94%,$0.00,-100.00%,$0.00,-100.00%,WDS,NYSE:WDS,-0.613,,
NYSE:WEC,14 Jan 2026,$103.97,2,,,1.30,$107.63,-3.40%,,,,$105.91,-1.60%,$40.39,-62.47%,$20.22,-81.21%,WEC,NYSE:WEC,-0.588,$123.03,
NYSE:WELL,18 Sep 2025,$151.80,2,,,1.36,$236.92,-35.93%,,,,$233.79,-1.32%,$259.37,9.48%,$281.60,18.86%,WELL,NYSE:WELL,-0.545,$255.59,
NASDAQ:WEN,9 Sep 2025,$16.85,3,$11.97,6,1.37,$7.69,55.66%,,,,$7.04,-8.45%,$0.00,-100.00%,$0.00,-100.00%,WEN,NASDAQ:WEN,-0.525,$7.75,54.45%
NYSE:WF,19 Nov 2025,$51.73,3,,,1.31,$72.62,-28.77%,,,,$71.20,-1.96%,$0.00,-100.00%,$0.00,-100.00%,WF,NYSE:WF,-0.623,$96.01,
NYSE:WFC,14 Aug 2025,$71.42,3,$87.67,6,1.38,$87.25,-18.14%,,,,$85.73,-1.74%,$0.00,-100.00%,$0.00,-100.00%,WFC,NYSE:WFC,-0.552,$100.02,-12.35%
NYSE:WFG,24 Oct 2025,$81.03,3,$95.74,7,2.79,$72.14,12.32%,,,,$73.48,1.86%,$140.89,95.30%,$257.45,256.88%,WFG,NYSE:WFG,0.066,$84.83,12.86%
NASDAQ:WFRD,20 Jul 2026,$84.88,3,$121.00,10,1.55,$86.82,-2.23%,-2.23%,$84.88,$121.00,$85.93,-1.03%,$180.28,107.64%,$246.91,184.39%,WFRD,NASDAQ:WFRD,-0.524,$117.33,3.13%
NYSE:WGO,13 Sep 2024,$83.32,5,,,1.30,$32.16,159.06%,,,,$30.83,-4.14%,$0.00,-100.00%,$0.00,-100.00%,WGO,NYSE:WGO,-0.595,$38.00,
NYSE:WHD,18 Feb 2026,$69.67,3,$55.50,5,1.52,$67.90,-18.26%,,,,$67.44,-0.68%,$110.38,62.56%,$127.61,87.93%,WHD,NYSE:WHD,-0.455,$66.67,-16.75%
NYSE:WIT,19 Jan 2026,$2.58,2,,7,1.97,$2.02,27.72%,,,,$2.00,-0.99%,$170.88,8359.61%,$217.54,10669.22%,WIT,NYSE:WIT,-0.226,$1.75,
NYSE:WK,10 Feb 2026,$82.53,4,$109.00,8,0.52,$65.14,26.70%,,,,$60.26,-7.49%,$0.00,-100.00%,$0.00,-100.00%,WK,NYSE:WK,-0.943,$77.20,41.19%
NYSE:WKC,16 Sep 2025,$32.51,4,$29.00,6,1.41,$36.43,-20.40%,,,,$36.02,-1.13%,-$4.62,-112.68%,$12.51,-65.65%,WKC,NYSE:WKC,-0.515,$37.67,-23.02%
NASDAQ:WKHS,12 Dec 2024,$1.13,,,4,,$3.33,-66.07%,,,,,-100.00%,-$2.00,-160.06%,-$2.00,-160.06%,WKHS,NASDAQ:WKHS,-2.000,,
NYSE:WMB,22 Jan 2026,$57.39,2,$71.00,9,1.72,$70.40,-18.49%,,,,$70.36,-0.06%,$0.00,-100.00%,$0.00,-100.00%,WMB,NYSE:WMB,-0.411,$84.11,-15.59%
NYSE:WMK,17 Mar 2026,$74.25,4,,4,0.69,$75.25,-1.33%,,,,$73.79,-1.94%,$0.00,-100.00%,$0.00,-100.00%,WMK,NYSE:WMK,-0.737,$31.00,
NYSE:WMS,5 May 2025,$162.55,3,$140.71,7,0.71,$143.95,-2.25%,,,,$143.49,-0.32%,$0.00,-100.00%,$0.00,-100.00%,WMS,NYSE:WMS,-0.872,$180.64,-22.10%
NYSE:WOR,16 Dec 2024,$43.00,4,,4,0.93,$58.42,-26.40%,,,,$57.04,-2.36%,$84.08,43.92%,$96.78,65.66%,WOR,NYSE:WOR,-0.747,$65.60,
NYSE:WPM,19 Nov 2025,$65.01,2,$128.93,7,0.65,$134.20,-51.56%,,,,$128.52,-4.23%,$0.00,-100.00%,$0.00,-100.00%,WPM,NYSE:WPM,-0.908,$172.25,-25.15%
NYSE:WPP,9 Sep 2025,$37.50,3,,6,1.29,$27.55,36.10%,,,,$26.05,-5.44%,$0.00,-100.00%,$0.00,-100.00%,WPP,NYSE:WPP,-0.488,$18.53,
NASDAQ:WRLD,19 Nov 2025,$145.37,3,,1,0.56,$187.13,-22.32%,,,,$180.03,-3.79%,$0.00,-100.00%,$0.00,-100.00%,WRLD,NASDAQ:WRLD,-0.912,$210.00,
NASDAQ:WSBC,27 May 2026,$35.79,3,$39.75,9,1.44,$41.69,-14.15%,,,,$41.06,-1.51%,$0.00,-100.00%,$0.00,-100.00%,WSBC,NASDAQ:WSBC,-0.506,$44.25,-10.17%
NASDAQ:WSC,19 Aug 2025,$32.85,3,$33.40,7,0.58,$24.37,34.81%,,,,$23.47,-3.69%,$0.00,-100.00%,$0.00,-100.00%,WSC,NASDAQ:WSC,-0.916,$28.80,15.97%
NASDAQ:WSFS,27 May 2026,$70.81,3,$78.70,6,0.99,$81.27,-12.86%,,,,$79.98,-1.59%,$0.00,-100.00%,$0.00,-100.00%,WSFS,NASDAQ:WSFS,-0.712,$88.92,-11.49%
NYSE:WSM,19 Aug 2025,$178.74,2,,,1.13,$251.78,-29.01%,,,,$243.80,-3.17%,$285.41,13.36%,$307.99,22.33%,WSM,NYSE:WSM,-0.599,$215.15,
NYSE:WSO,1 Jul 2024,$356.65,1,,,1.82,$330.10,8.04%,,,,$322.19,-2.40%,$0.00,-100.00%,$0.00,-100.00%,WSO,NYSE:WSO,-0.359,$382.20,
NYSE:WT,27 Aug 2025,$14.51,4,$13.88,8,1.03,$21.25,-34.68%,,,,$21.01,-1.13%,$0.00,-100.00%,$0.00,-100.00%,WT,NYSE:WT,-0.675,$21.33,-34.93%
NASDAQ:WTFC,28 Apr 2026,$145.18,3,$179.88,8,1.35,$158.75,-8.55%,,,,$158.32,-0.27%,$0.00,-100.00%,$0.00,-100.00%,WTFC,NASDAQ:WTFC,-0.565,$180.07,-0.11%
NYSE:WTS,19 Nov 2025,$243.48,2,$290.50,3,0.58,$392.23,-37.93%,,,,$367.25,-6.37%,$0.00,-100.00%,$0.00,-100.00%,WTS,NYSE:WTS,-0.856,$360.56,-19.43%
NASDAQ:WTW,3 Sep 2025,$319.57,3,,,1.31,$344.82,-7.32%,,,,$334.16,-3.09%,$409.09,18.64%,$485.36,40.76%,WTW,NASDAQ:WTW,-0.570,$371.58,
NYSE:WU,9 Sep 2025,$14.43,3,$8.65,5,2.68,$7.08,22.18%,,,,$7.33,3.53%,$0.00,-100.00%,$0.00,-100.00%,WU,NYSE:WU,0.055,$7.16,20.81%
NASDAQ:WULF,23 Dec 2025,$11.85,3,$21.73,10,0.87,$17.08,-30.59%,,,,$16.38,-4.10%,$0.00,-100.00%,$0.00,-100.00%,WULF,NASDAQ:WULF,-0.835,$38.39,-43.40%
NASDAQ:WVE,19 Aug 2025,$9.10,3,,,0.62,$6.10,49.11%,,,,$5.69,-6.72%,$0.00,-100.00%,$0.00,-100.00%,WVE,NASDAQ:WVE,-0.948,$19.38,
NYSE:WWW,24 May 2026,$24.95,5,$22.50,8,1.04,$18.93,18.86%,,,,$18.63,-1.58%,$51.69,173.07%,$57.11,201.69%,WWW,NYSE:WWW,-0.705,$21.70,3.69%
NASDAQ:XEL,18 Sep 2025,$67.13,2,,,1.44,$78.07,-14.01%,,,,$75.86,-2.83%,$0.00,-100.00%,$0.00,-100.00%,XEL,NASDAQ:XEL,-0.536,$92.67,
NASDAQ:XGN,25 Aug 2025,$7.35,3,,,0.63,$6.87,7.04%,,,,$6.23,-9.32%,$0.00,-100.00%,$0.00,-100.00%,XGN,NASDAQ:XGN,-0.943,$9.71,
NASDAQ:XMTR,23 Dec 2025,$38.29,2,,,0.56,$93.15,-58.90%,,,,$84.99,-8.76%,$0.00,-100.00%,$0.00,-100.00%,XMTR,NASDAQ:XMTR,-0.924,$109.12,
NASDAQ:XNET,11 Feb 2026,$5.15,3,,5,0.64,$5.12,0.62%,,,,$4.90,-4.30%,$27.89,444.71%,$36.53,613.48%,XNET,NASDAQ:XNET,-0.936,$12.00,
NYSE:XOM,23 Aug 2024,$132.36,4,,,1.23,$153.04,-13.51%,,,,$150.59,-1.60%,$0.00,-100.00%,$0.00,-100.00%,XOM,NYSE:XOM,-0.608,$167.73,
NASDAQ:XP,26 Jun 2026,$17.06,3,$24.00,4,1.94,$16.24,5.05%,,,,$16.15,-0.55%,-$719.65,-4531.33%,-$717.51,-4518.18%,XP,NASDAQ:XP,-0.361,$22.96,4.53%
NASDAQ:XPEL,29 Nov 2024,$53.10,3,,,0.58,$50.07,6.05%,,,,$45.48,-9.17%,$0.00,-100.00%,$0.00,-100.00%,XPEL,NASDAQ:XPEL,-0.883,$51.67,
NYSE:XPEV,15 Dec 2025,$20.30,3,$29.67,6,0.69,$12.13,67.38%,,,,$11.50,-5.19%,$3.47,-71.36%,$3.47,-71.36%,XPEV,NYSE:XPEV,-0.914,$22.18,33.77%
NYSE:XYF,9 Sep 2025,$13.63,3,,,,$5.30,157.11%,,,,,-100.00%,-$2.00,-137.74%,-$2.00,-137.74%,XYF,NYSE:XYF,-2.000,,
NYSE:XYL,11 Nov 2025,$146.77,2,,,0.88,$120.32,21.99%,,,,$117.85,-2.05%,$154.49,28.40%,$194.39,61.56%,XYL,NYSE:XYL,-0.805,$153.41,
NYSE:XYZ,11 Feb 2026,$75.58,3,,,0.65,$79.00,-4.32%,,,,$75.73,-4.14%,$0.00,-100.00%,$0.00,-100.00%,XYZ,NYSE:XYZ,-0.893,$96.28,
NYSE:YALA,11 Feb 2026,$6.10,3,,6,0.80,$5.48,11.31%,,,,$5.26,-4.01%,$68.34,1147.16%,$69.15,1161.95%,YALA,NYSE:YALA,-0.867,$8.40,
NASDAQ:YB,11 Feb 2026,$20.18,3,,,,$13.94,44.75%,,,,,-100.00%,-$2.00,-114.35%,-$2.00,-114.35%,YB,NASDAQ:YB,-2.000,,
NYSE:YMM,11 Feb 2026,$11.83,4,$11.96,6,1.07,$9.63,22.85%,,,,$9.26,-3.84%,$23.77,146.78%,$23.78,146.95%,YMM,NYSE:YMM,-0.728,$12.63,-5.30%
NYSE:YPF,12 Feb 2026,$42.64,3,$39.40,2,0.60,$49.16,-19.85%,,,,$47.45,-3.48%,$0.00,-100.00%,$0.00,-100.00%,YPF,NYSE:YPF,-0.909,$58.52,-32.67%
NYSE:YUM,18 Sep 2025,$140.70,3,,,1.20,$150.76,-6.68%,,,,$149.30,-0.97%,$0.00,-100.00%,$0.00,-100.00%,YUM,NYSE:YUM,-0.632,$173.38,
NASDAQ:YYGH,19 Aug 2025,$1.90,3,,,0.20,$1.12,70.04%,,,,$1.05,-6.25%,$0.00,-100.00%,$0.00,-100.00%,YYGH,NASDAQ:YYGH,-0.922,,
NYSE:ZBH,11 Dec 2025,$110.32,5,$103.50,5,0.61,$96.55,7.20%,,,,$92.50,-4.19%,$0.00,-100.00%,$0.00,-100.00%,ZBH,NYSE:ZBH,-0.871,$99.38,4.15%
NASDAQ:ZBRA,30 Jan 2026,$311.75,3,$319.75,8,0.37,$376.49,-17.20%,,,,$351.65,-6.60%,$0.00,-100.00%,$0.00,-100.00%,ZBRA,NASDAQ:ZBRA,-0.943,$332.44,-3.82%
NASDAQ:ZD,23 Feb 2024,$75.69,3,,,1.08,$53.87,40.51%,,,,$52.36,-2.80%,$0.00,-100.00%,$0.00,-100.00%,ZD,NASDAQ:ZD,-0.633,$49.40,
NASDAQ:ZEUS,22 Aug 2025,$42.35,3,$38.00,3,1.97,$47.86,-20.60%,,,,$0.00,-100.00%,$0.00,-100.00%,$0.00,-100.00%,ZEUS,NASDAQ:ZEUS,-1.000,$38.00,0.00%
NYSE:ZGN,23 Dec 2025,$14.49,4,$11.45,8,0.67,$14.91,-23.21%,,,,$14.41,-3.35%,$0.00,-100.00%,$0.00,-100.00%,ZGN,NYSE:ZGN,-0.832,$14.73,-22.27%
NYSE:ZH,3 Sep 2025,$6.32,4,,8,,$3.25,94.55%,,,,,-100.00%,-$2.00,-161.54%,-$2.00,-161.54%,ZH,NYSE:ZH,-2.000,,
NYSE:ZIM,19 Nov 2025,$20.23,4,$11.83,3,2.09,$26.90,-56.02%,,,,$26.35,-2.04%,$80.18,198.07%,$183.86,583.48%,ZIM,NYSE:ZIM,-0.190,$24.95,-52.59%
NASDAQ:ZION,12 Oct 2025,$55.40,3,,,1.97,$70.32,-21.22%,,,,$70.19,-0.18%,$0.00,-100.00%,$0.00,-100.00%,ZION,NASDAQ:ZION,-0.271,$74.95,
NASDAQ:LULU,30 Mar 2026,$260.18,3,$182.42,2,0.58,$128.58,41.87%,,,,$120.81,-6.04%,$187.85,46.10%,$268.66,108.94%,LULU,NASDAQ:LULU,-0.876,$127.92,42.60%
NYSE:LOW,26 Mar 2026,$245.53,4,$293.29,8,1.60,$223.35,9.93%,,,,$218.30,-2.26%,$314.52,40.82%,$362.60,62.35%,LOW,NYSE:LOW,-0.463,$262.91,11.56%
NYSE:OII,30 Jun 2026,$31.11,2,$38.00,10,0.53,$47.97,-35.14%,,,,$46.80,-2.44%,$0.00,-100.00%,$0.00,-100.00%,OII,NYSE:OII,-0.862,$40.25,-5.59%
NASDAQ:SPOK,10 Apr 2026,$17.65,5,$14.00,4,2.60,$11.52,21.53%,,,,$11.42,-0.87%,$20.71,79.81%,$22.47,95.08%,SPOK,NASDAQ:SPOK,-0.025,$14.00,0.00%
NYSE:HTGC,30 Mar 2026,$16.87,3,$19.25,4,2.67,$17.25,-2.21%,,,,$17.64,2.26%,$50.45,192.44%,$53.00,207.25%,HTGC,NYSE:HTGC,0.030,$19.17,0.42%
NASDAQ:RWAY,30 Mar 2026,$9.18,4,$8.00,6,2.07,$6.84,16.96%,,,,$6.40,-6.43%,$0.00,-100.00%,$0.00,-100.00%,RWAY,NASDAQ:RWAY,-0.261,$8.29,-3.50%
NASDAQ:CCAP,30 Mar 2026,$15.59,3,$14.25,6,2.93,$11.77,21.07%,,,,$12.19,3.57%,$30.78,161.53%,$33.08,181.08%,CCAP,NASDAQ:CCAP,0.133,$13.57,5.01%
NASDAQ:CCEP,19 Mar 2026,$99.72,3,$108.12,7,0.96,$108.29,-7.91%,,,,$105.86,-2.24%,$0.00,-100.00%,$0.00,-100.00%,CCEP,NASDAQ:CCEP,-0.715,$111.53,-3.06%
NASDAQ:CIVB,19 Mar 2026,$24.05,3,$27.33,6,1.68,$28.33,-15.11%,,,,$28.10,-0.81%,$0.00,-100.00%,$0.00,-100.00%,CIVB,NASDAQ:CIVB,-0.408,$31.00,-11.84%
NASDAQ:AUPH,1 Jun 2026,$13.51,3,$15.67,7,0.49,$15.85,-14.79%,,,,$15.05,-5.05%,$0.00,-100.00%,$0.00,-100.00%,AUPH,NASDAQ:AUPH,-0.933,$17.00,-7.82%
NASDAQ:CASS,24 Jun 2026,$50.17,3,,,1.50,$57.99,-13.49%,,,,$57.38,-1.05%,$0.00,-100.00%,$0.00,-100.00%,CASS,NASDAQ:CASS,-0.457,$55.00,
NASDAQ:EXEL,1 May 2026,$47.67,3,$46.00,6,0.58,$54.07,-14.93%,,,,$50.88,-5.90%,$0.00,-100.00%,$0.00,-100.00%,EXEL,NASDAQ:EXEL,-0.868,$52.81,-12.90%
NASDAQ:PBYI,1 Jun 2026,$5.88,3,$5.00,6,0.23,$8.91,-43.88%,,,,$7.80,-12.46%,$0.00,-100.00%,$0.00,-100.00%,PBYI,NASDAQ:PBYI,-0.943,$5.00,0.00%
NASDAQ:LEGH,29 Jun 2026,$32.03,4,$28.00,8,0.39,$29.20,-4.11%,,,,$28.09,-3.80%,$0.00,-100.00%,$0.00,-100.00%,LEGH,NASDAQ:LEGH,-0.921,$24.00,16.67%
NYSE:UHS,30 Mar 2026,$213.24,5,$245.00,3,0.77,$173.54,22.88%,,,,$164.72,-5.08%,$0.00,-100.00%,$0.00,-100.00%,UHS,NYSE:UHS,-0.818,$193.47,26.63%
NYSE:EMA,30 Mar 2026,$47.50,2,,,1.16,$50.82,-6.53%,,,,$48.72,-4.13%,$0.00,-100.00%,$0.00,-100.00%,EMA,NYSE:EMA,-0.673,$63.50,
NYSE:NXDT,30 Mar 2026,$4.25,3,,,2.19,$4.61,-7.81%,,,,$4.51,-2.17%,$0.13,-97.26%,$1.29,-72.09%,NXDT,NYSE:NXDT,-0.124,,
NASDAQ:LOGI,30 Mar 2026,$102.94,4,$112.27,6,1.41,$106.33,-3.19%,,,,$102.73,-3.39%,$178.77,68.13%,$187.63,76.46%,LOGI,NASDAQ:LOGI,-0.514,$108.60,3.38%
NASDAQ:ACAD,14 Jun 2026,$22.38,3,$32.18,7,0.61,$29.21,-23.37%,,,,$27.41,-6.16%,$0.00,-100.00%,$0.00,-100.00%,ACAD,NASDAQ:ACAD,-0.893,$33.25,-3.22%
NASDAQ:PDEX,31 Mar 2026,$63.00,4,,5,0.95,$65.56,-3.90%,,,,$64.54,-1.56%,$88.78,35.41%,$96.13,46.62%,PDEX,NASDAQ:PDEX,-0.725,$70.00,
NYSE:HLF,10 Apr 2026,$16.11,3,$15.00,10,0.83,$12.35,21.46%,,,,$11.23,-9.07%,$0.00,-100.00%,$0.00,-100.00%,HLF,NYSE:HLF,-0.851,$18.33,-18.17%
NASDAQ:INVA,27 May 2026,$23.82,3,$34.50,8,0.70,$20.51,16.12%,,,,$19.58,-4.53%,$0.00,-100.00%,$0.00,-100.00%,INVA,NASDAQ:INVA,-0.912,$35.50,-2.82%
NYSE:MTH,31 Mar 2026,$81.04,5,$83.50,1,1.95,$74.59,8.65%,,,,$72.52,-2.78%,$131.08,75.73%,$134.79,80.70%,MTH,NYSE:MTH,-0.289,$82.38,1.36%
NYSE:CBT,29 Apr 2026,$98.58,5,$78.00,6,1.26,$87.62,-10.98%,,,,$85.16,-2.81%,$0.00,-100.00%,$0.00,-100.00%,CBT,NYSE:CBT,-0.585,$91.40,-14.66%
NASDAQ:JOYY,21 May 2026,$63.47,5,,,1.28,$74.44,-14.73%,,,,$73.59,-1.14%,$164.12,120.48%,$191.09,156.71%,JOYY,NASDAQ:JOYY,-0.580,$79.87,
NASDAQ:MU,22 Apr 2026,$420.62,3,$543.20,8,0.94,$877.57,-52.07%,,,,$831.54,-5.25%,"$1,526.03",73.89%,"$1,630.49",85.80%,MU,NASDAQ:MU,-0.804,"$1,507.79",-63.97%
NASDAQ:MDXG,22 Apr 2026,$5.83,3,$8.00,7,0.91,$4.34,34.42%,,,,$4.05,-6.68%,$9.75,124.76%,$10.24,135.91%,MDXG,NASDAQ:MDXG,-0.819,$6.60,21.21%
NASDAQ:RIGL,4 Apr 2026,$33.48,4,$45.67,9,0.60,$40.17,-16.65%,,,,$37.96,-5.50%,$0.00,-100.00%,$0.00,-100.00%,RIGL,NASDAQ:RIGL,-0.948,$55.20,-17.26%
NASDAQ:BKNG,15 Jun 2026,$206.77,5,$220.15,7,0.54,$214.42,-3.57%,,,,$201.04,-6.24%,$0.00,-100.00%,$0.00,-100.00%,BKNG,NASDAQ:BKNG,-0.902,$224.72,-2.03%
NASDAQ:RMR,15 Jun 2026,$22.56,4,$21.00,7,2.06,$19.45,7.97%,,,,$19.10,-1.80%,$0.00,-100.00%,$0.00,-100.00%,RMR,NASDAQ:RMR,-0.232,$20.75,1.20%
NYSE:REX,7 Apr 2026,$45.52,3,,,1.05,$42.80,6.36%,,,,$42.02,-1.82%,$95.73,123.67%,$105.48,146.46%,REX,NYSE:REX,-0.706,$50.00,
NYSE:WS,23 Apr 2026,$36.83,3,$38.00,7,1.35,$38.26,-3.74%,,,,$36.77,-3.89%,$47.36,23.78%,$57.74,50.92%,WS,NYSE:WS,-0.580,$46.00,-17.39%
NYSE:ARDT,9 Apr 2026,$17.13,3,$12.47,4,0.44,$11.55,7.97%,,,,$11.02,-4.59%,$0.00,-100.00%,$0.00,-100.00%,ARDT,NYSE:ARDT,-0.945,$12.05,3.49%
NASDAQ:BYRN,10 Apr 2026,$17.11,3,$20.50,4,0.75,$4.45,284.49%,,,,$4.28,-3.82%,$9.25,107.82%,$10.39,133.38%,BYRN,NASDAQ:BYRN,-0.889,$6.83,200.15%
NYSE:VTOL,30 Jun 2026,$44.08,3,$56.00,5,0.62,$45.76,-3.67%,,,,$42.78,-6.51%,$0.00,-100.00%,$0.00,-100.00%,VTOL,NYSE:VTOL,-0.934,$62.00,-9.68%
NYSE:YELP,10 Apr 2026,$41.52,3,$25.00,3,0.50,$25.56,-2.19%,,,,$24.69,-3.40%,$0.00,-100.00%,$0.00,-100.00%,YELP,NYSE:YELP,-0.921,$26.86,-6.92%
NYSE:EMN,29 Jul 2026,$92.37,5,$81.08,7,1.86,$73.64,10.10%,10.10%,$81.08,$92.37,$73.51,-0.18%,$0.00,-100.00%,$0.00,-100.00%,EMN,NYSE:EMN,-0.331,$81.27,-0.23%
NYSE:LEVI,24 Jun 2026,$25.35,4,$26.91,4,2.17,$24.41,3.85%,,,,$24.17,-0.98%,$131.76,439.77%,$168.78,591.45%,LEVI,NYSE:LEVI,-0.206,$28.27,-4.81%
NASDAQ:CWBC,14 Apr 2026,$22.95,3,$27.50,9,1.33,$25.20,-8.91%,,,,$24.96,-0.95%,$0.00,-100.00%,$0.00,-100.00%,CWBC,NASDAQ:CWBC,-0.580,$29.62,-7.16%
NASDAQ:NRDS,16 Apr 2026,$15.41,5,$14.75,5,0.66,$9.91,48.84%,,,,$8.69,-12.31%,$0.00,-100.00%,$0.00,-100.00%,NRDS,NASDAQ:NRDS,-0.888,$12.00,22.92%
NYSE:LZB,29 Apr 2026,$50.16,5,$44.50,1,1.46,$42.14,5.60%,,,,$40.69,-3.44%,$38.90,-7.68%,$71.56,69.81%,LZB,NYSE:LZB,-0.506,$46.00,-3.26%
NASDAQ:UPWK,16 Apr 2026,$16.52,5,$21.22,4,0.90,$9.67,70.88%,,,,$9.38,-3.00%,$16.71,72.81%,$20.24,109.31%,UPWK,NASDAQ:UPWK,-0.796,$12.44,70.58%
NASDAQ:MTCH,16 Apr 2026,$41.38,5,$35.45,6,1.05,$37.26,-4.86%,,,,$36.13,-3.03%,$0.00,-100.00%,$0.00,-100.00%,MTCH,NASDAQ:MTCH,-0.694,$41.81,-15.21%
NASDAQ:REGN,29 Apr 2026,$775.92,3,$869.88,8,0.71,$784.36,-1.08%,,,,$751.21,-4.23%,$952.81,21.48%,"$1,001.46",27.68%,REGN,NASDAQ:REGN,-0.832,$833.54,4.36%
NASDAQ:INCY,1 Jun 2026,$81.23,2,$106.83,6,0.48,$120.56,-32.62%,,,,$111.75,-7.31%,$278.56,131.05%,$287.05,138.10%,INCY,NASDAQ:INCY,-0.930,$124.96,-14.51%
NYSE:LTC,29 Apr 2026,$40.57,4,$41.00,5,1.72,$39.85,1.82%,,,,$38.58,-3.19%,$0.00,-100.00%,$0.00,-100.00%,LTC,NYSE:LTC,-0.380,$41.57,-1.37%
NYSE:ELV,8 May 2026,$512.46,3,$382.71,8,1.29,$394.20,-2.91%,,,,$385.19,-2.29%,$0.00,-100.00%,$0.00,-100.00%,ELV,NYSE:ELV,-0.593,$449.10,-14.78%
NYSE:MOH,20 Apr 2026,$251.44,3,$142.77,6,1.06,$196.45,-27.33%,,,,$188.11,-4.25%,$578.08,194.26%,$621.67,216.45%,MOH,NYSE:MOH,-0.677,$209.12,-31.73%
NASDAQ:SAIC,29 Apr 2026,$138.59,5,$101.61,7,1.09,$126.54,-19.70%,,,,$121.67,-3.85%,$222.11,75.53%,$284.01,124.45%,SAIC,NASDAQ:SAIC,-0.636,$120.00,-15.33%
NYSE:CI,14 Jul 2026,$334.04,5,$343.67,10,1.57,$282.49,18.25%,18.25%,$334.04,$343.67,$272.84,-3.42%,$0.00,-100.00%,$0.00,-100.00%,CI,NYSE:CI,-0.480,$341.42,0.66%
NYSE:TX,29 Apr 2026,$44.92,3,$43.17,7,1.22,$53.90,-19.91%,,,,$51.96,-3.60%,$0.00,-100.00%,$0.00,-100.00%,TX,NYSE:TX,-0.597,$55.42,-22.10%
NASDAQ:FDUS,28 Apr 2026,$22.45,3,,,2.16,$20.35,10.33%,,,,$20.32,-0.15%,$0.00,-100.00%,$0.00,-100.00%,FDUS,NASDAQ:FDUS,-0.186,$21.50,
NYSE:OPFI,28 Apr 2026,$13.04,3,$15.50,7,1.16,$9.40,38.74%,,,,$9.17,-2.45%,$72.04,666.34%,$72.68,673.20%,OPFI,NYSE:OPFI,-0.706,$14.00,10.71%
NASDAQ:UAL,28 Apr 2026,$106.86,4,$130.71,5,0.96,$129.56,-17.52%,,,,$125.75,-2.94%,$247.06,90.69%,$268.15,106.97%,UAL,NASDAQ:UAL,-0.762,$162.15,-19.39%
NYSE:CNA,28 Apr 2026,$48.98,3,,6,1.81,$52.02,-5.85%,,,,$51.82,-0.38%,$0.00,-100.00%,$0.00,-100.00%,CNA,NYSE:CNA,-0.316,$49.00,
NASDAQ:JBSS,28 Apr 2026,$92.51,4,$109.00,8,1.92,$83.16,11.24%,,,,$82.86,-0.36%,$161.25,93.90%,$164.10,97.33%,JBSS,NASDAQ:JBSS,-0.331,$102.00,6.86%
NYSE:HMN,28 Apr 2026,$54.29,4,$48.00,6,1.56,$52.22,-8.08%,,,,$51.87,-0.67%,$0.00,-100.00%,$0.00,-100.00%,HMN,NYSE:HMN,-0.432,$50.50,-4.95%
NYSE:ENVA,28 Apr 2026,$163.50,3,$198.33,8,0.60,$252.64,-35.28%,,,,$243.16,-3.75%,$0.00,-100.00%,$0.00,-100.00%,ENVA,NYSE:ENVA,-0.888,$277.14,-28.44%
NYSE:CF,28 Apr 2026,$121.68,3,$130.71,6,1.09,$114.35,6.41%,,,,$110.85,-3.06%,$0.00,-100.00%,$0.00,-100.00%,CF,NYSE:CF,-0.668,$125.25,4.36%
NYSE:KMPR,28 Apr 2026,$53.67,3,$54.67,2,1.10,$28.51,88.24%,,,,$28.12,-1.37%,$0.00,-100.00%,$0.00,-100.00%,KMPR,NYSE:KMPR,-0.734,$51.00,7.20%
NYSE:RLI,28 Apr 2026,$66.40,5,$62.50,7,1.56,$64.23,-2.69%,,,,$63.34,-1.39%,$0.00,-100.00%,$0.00,-100.00%,RLI,NYSE:RLI,-0.427,$60.50,3.31%
NASDAQ:MORN,28 Apr 2026,,,$280.00,7,1.19,$200.66,39.54%,,,,$194.39,-3.12%,$348.21,73.53%,$439.37,118.96%,MORN,NASDAQ:MORN,-0.645,$236.67,18.31%
NASDAQ:GEHC,28 Apr 2026,$91.01,5,$94.25,9,0.67,$71.77,26.80%,,,,$67.93,-5.35%,$57.76,-19.53%,$70.36,-1.96%,GEHC,NASDAQ:GEHC,-0.870,$82.50,14.24%
NASDAQ:NTRS,28 Apr 2026,$135.85,2,$169.95,5,1.55,$185.50,-26.77%,,,,$182.25,-1.75%,$0.00,-100.00%,$0.00,-100.00%,NTRS,NASDAQ:NTRS,-0.443,$183.81,-7.54%
NYSE:WES,2 Jul 2026,$43.13,1,,,2.22,$46.62,-7.49%,,,,$47.01,0.84%,$0.00,-100.00%,$0.00,-100.00%,WES,NYSE:WES,-0.142,$46.00,
NYSE:DHT,25 Jun 2026,$16.49,3,,,2.36,$18.76,-12.10%,,,,$18.35,-2.19%,$0.00,-100.00%,$0.00,-100.00%,DHT,NYSE:DHT,-0.100,$20.20,
NYSE:D,21 May 2026,$62.63,3,$66.64,8,2.06,$67.39,-7.06%,,,,$66.52,-1.29%,$0.00,-100.00%,$0.00,-100.00%,D,NYSE:D,-0.231,$71.00,-6.14%
NASDAQ:CBK,1 Jun 2026,$30.03,3,,,1.10,$35.06,-14.34%,,,,$34.45,-1.74%,$0.00,-100.00%,$0.00,-100.00%,CBK,NASDAQ:CBK,-0.672,$39.50,
NYSE:ELPC,12 May 2026,$11.13,3,$13.10,8,1.28,$11.55,-3.61%,,,,$11.38,-1.47%,$0.00,-100.00%,$0.00,-100.00%,ELPC,NYSE:ELPC,-0.652,$16.93,-22.62%
NYSE:FDX,25 Jun 2026,$291.89,1,,,1.63,$318.57,-8.37%,,,,$313.67,-1.54%,$474.68,49.00%,$732.35,129.89%,FDX,NYSE:FDX,-0.431,$352.23,
NYSE:FBK,27 May 2026,$53.58,3,$64.25,5,1.26,$60.84,-11.93%,,,,$59.68,-1.91%,$0.00,-100.00%,$0.00,-100.00%,FBK,NYSE:FBK,-0.594,$66.09,-2.78%
NYSE:AXTA,23 Jul 2026,$40.33,5,$37.00,5,0.98,$38.19,-3.12%,-3.12%,$37.00,$40.33,$37.44,-1.96%,$50.31,31.73%,$73.70,92.98%,AXTA,NYSE:AXTA,-0.700,$38.57,-4.07%
NASDAQ:LOPE,26 Jun 2026,$168.79,5,$209.33,3,0.66,$152.53,10.66%,,,,$142.43,-6.62%,$383.85,151.65%,$410.83,169.34%,LOPE,NASDAQ:LOPE,-0.901,$195.00,7.35%
NASDAQ:PAA,29 Jun 2026,$21.85,1,,,2.68,$22.81,-4.21%,,,,$23.72,3.99%,$0.00,-100.00%,$0.00,-100.00%,PAA,NASDAQ:PAA,0.042,$24.47,
NASDAQ:NKSH,27 May 2026,$35.84,3,,7,1.54,$42.11,-14.90%,,,,$39.22,-6.86%,$0.00,-100.00%,$0.00,-100.00%,NKSH,NASDAQ:NKSH,-0.471,$46.75,
NYSE:KRC,15 Jun 2026,$46.60,5,$37.20,5,2.15,$37.97,-2.03%,,,,$37.67,-0.79%,$51.83,36.50%,$72.05,89.76%,KRC,NYSE:KRC,-0.185,$39.43,-5.66%
NASDAQ:MRBK,27 May 2026,$18.24,3,$21.00,7,1.75,$19.70,-7.41%,,,,$19.55,-0.76%,$0.00,-100.00%,$0.00,-100.00%,MRBK,NASDAQ:MRBK,-0.399,$23.50,-10.64%
NYSE:TTE,20 Jul 2026,$86.21,5,$96.34,,2.98,$85.83,0.44%,0.44%,$86.21,$96.34,$87.74,2.23%,$0.00,-100.00%,$0.00,-100.00%,TTE,NYSE:TTE,0.166,$95.00,1.41%
NASDAQ:SMBC,27 May 2026,$70.66,3,$73.33,5,1.10,$77.15,-8.41%,,,,$76.01,-1.48%,$0.00,-100.00%,$0.00,-100.00%,SMBC,NASDAQ:SMBC,-0.663,$83.67,-12.36%
NYSE:EPD,30 Jun 2026,$36.66,1,,,2.42,$37.75,-2.89%,,,,$38.23,1.27%,$0.00,-100.00%,$0.00,-100.00%,EPD,NYSE:EPD,-0.076,$41.20,
NASDAQ:SHOE,23 Jul 2026,$22.99,5,,,1.78,$15.75,45.99%,45.99%,$22.99,$22.99,$15.37,-2.41%,$0.00,-100.00%,$0.00,-100.00%,SHOE,NASDAQ:SHOE,-0.428,$22.00,
NYSE:AD,5 Aug 2026,$34.32,3,,,4.05,$35.24,-2.61%,-2.61%,$34.32,$46.34,$38.07,8.03%,$0.00,-100.00%,$0.00,-100.00%,AD,NYSE:AD,0.598,$46.34,
NASDAQ:SCVL,15 Jun 2026,$31.19,5,,,,$15.75,98.03%,,,,,-100.00%,-$2.00,-112.70%,-$2.00,-112.70%,SCVL,NASDAQ:SHOE,-2.000,,
NYSE:SBR,30 Jun 2026,$69.55,3,,6,2.03,$72.21,-3.68%,,,,$71.60,-0.84%,$162.38,124.88%,$162.38,124.87%,SBR,NYSE:SBR,-0.141,$32.50,
NYSE:MATV,23 Jul 2026,$12.14,5,,5,1.28,$12.89,-5.83%,-5.83%,$12.14,$21.00,$11.17,-13.34%,$0.00,-100.00%,$0.00,-100.00%,MATV,NYSE:MATV,-0.651,$21.00,
NYSE:TK,30 Jun 2026,$11.24,3,,2,2.52,$11.32,-0.70%,,,,$11.57,2.21%,$0.00,-100.00%,$0.00,-100.00%,TK,NYSE:TK,0.078,$5.00,
NYSE:AVA,29 Jun 2026,$41.07,3,$39.25,5,1.76,$38.73,1.34%,,,,$38.34,-1.01%,$0.00,-100.00%,$0.00,-100.00%,AVA,NYSE:AVA,-0.366,$41.33,-5.03%
NYSE:TNK,16 Jun 2026,$68.85,3,$80.50,6,2.23,$77.25,-10.88%,,,,$75.92,-1.72%,$478.49,519.41%,$516.38,568.45%,TNK,NYSE:TNK,-0.179,$90.00,-10.56%
NASDAQ:BCML,16 Jun 2026,$34.03,3,$33.00,7,2.00,$30.52,8.13%,,,,$30.56,0.13%,$0.00,-100.00%,$0.00,-100.00%,BCML,NASDAQ:BCML,-0.256,$32.00,3.13%
NYSE:CBL,23 Jun 2026,$47.75,3,$55.00,8,1.54,$56.55,-15.55%,,,,$54.97,-2.79%,$0.00,-100.00%,$0.00,-100.00%,CBL,NYSE:CBL,-0.461,$60.00,-8.33%
NASDAQ:JCAP,14 Jul 2026,$21.86,3,,,2.00,$21.22,3.00%,3.00%,$21.86,$26.00,$20.61,-2.87%,$0.00,-100.00%,$0.00,-100.00%,JCAP,NASDAQ:JCAP,-0.293,$26.00,
NYSE:BKH,16 Jun 2026,$76.81,4,$83.00,9,1.93,$74.65,2.89%,,,,$72.37,-3.05%,$0.00,-100.00%,$0.00,-100.00%,BKH,NYSE:BKH,-0.308,$85.00,-2.35%
NYSE:CPK,25 Jun 2026,$113.77,3,,,0.99,$133.85,-15.00%,,,,$128.15,-4.26%,$0.00,-100.00%,$0.00,-100.00%,CPK,NYSE:CPK,-0.718,$148.00,
NYSE:HESM,30 Jun 2026,$37.34,1,,,1.69,$39.80,-6.18%,,,,$39.65,-0.38%,$0.00,-100.00%,$0.00,-100.00%,HESM,NYSE:HESM,-0.366,$37.33,
NYSE:SOBO,23 Jun 2026,$37.00,3,,,1.05,$35.62,3.87%,,,,$34.65,-2.72%,$0.00,-100.00%,$0.00,-100.00%,SOBO,NYSE:SOBO,-0.657,$34.08,
NYSE:AEE,16 Jun 2026,$106.67,3,$119.00,7,1.82,$108.84,-1.99%,,,,$107.60,-1.14%,-$9.69,-108.91%,-$1.12,-101.03%,AEE,NYSE:AEE,-0.350,$121.75,-2.26%
NYSE:SUN,24 Jun 2026,$65.25,3,,,1.42,$70.57,-7.54%,,,,$70.28,-0.41%,$0.00,-100.00%,$0.00,-100.00%,SUN,NYSE:SUN,-0.541,$82.57,
NYSE:RGA,25 Jun 2026,$194.90,3,,,1.22,$246.33,-20.88%,,,,$238.29,-3.26%,$0.00,-100.00%,$0.00,-100.00%,RGA,NYSE:RGA,-0.605,$261.78,
NYSE:MPC,16 Jun 2026,$210.97,1,$279.30,8,0.90,$298.20,-29.25%,,,,$286.42,-3.95%,$0.00,-100.00%,$0.00,-100.00%,MPC,NYSE:MPC,-0.741,$305.56,-8.59%
NYSE:ATO,16 Jun 2026,$164.62,3,,,0.76,$170.19,-3.27%,,,,$166.38,-2.24%,$0.00,-100.00%,$0.00,-100.00%,ATO,NYSE:ATO,-0.818,$188.92,
NYSE:OMF,23 Jun 2026,$58.80,3,,,2.29,$64.95,-9.48%,,,,$64.96,0.02%,$315.13,385.19%,$320.88,394.05%,OMF,NYSE:OMF,-0.131,$69.57,
NYSE:SPG,25 Jun 2026,$192.49,3,$210.75,9,1.47,$222.91,-13.65%,,,,$219.36,-1.59%,$254.89,14.35%,$358.68,60.91%,SPG,NYSE:SPG,-0.486,$229.42,-8.14%
NYSE:HTH,16 Jun 2026,$40.96,3,$39.50,3,2.22,$39.04,1.18%,,,,$38.73,-0.79%,$67.29,72.35%,$72.70,86.21%,HTH,NYSE:HTH,-0.162,$41.33,-4.43%
NASDAQ:HTO,23 Jun 2026,$57.81,3,,,1.66,$62.66,-7.75%,,,,$61.06,-2.55%,$0.00,-100.00%,$0.00,-100.00%,HTO,NASDAQ:HTO,-0.411,$66.57,
NYSE:MLI,17 Jun 2026,$127.13,2,,,0.95,$68.85,84.65%,,,,$67.56,-1.87%,$117.97,71.34%,$122.27,77.58%,MLI,NYSE:MLI,-0.738,$77.50,
NYSE:EG,17 Jun 2026,$338.53,3,,,1.55,$374.96,-9.72%,,,,$364.56,-2.77%,$0.00,-100.00%,$0.00,-100.00%,EG,NYSE:EG,-0.462,$406.47,
NYSE:SR,23 Jun 2026,$82.84,4,,,1.11,$81.97,1.06%,,,,$79.26,-3.31%,$0.00,-100.00%,$0.00,-100.00%,SR,NYSE:SR,-0.673,$95.00,
NYSE:BFH,19 Jun 2026,$90.04,3,$98.33,10,1.20,$108.32,-16.88%,,,,$107.15,-1.08%,-$153.45,-241.67%,-$148.37,-236.97%,BFH,NYSE:BFH,-0.610,$113.53,-13.39%
NASDAQ:SNY,23 Jul 2026,$57.39,5,$57.00,3,1.58,$43.46,31.16%,31.16%,$54.06,$57.39,$43.30,-0.37%,$0.00,-100.00%,$0.00,-100.00%,SNY,NASDAQ:SNY,-0.486,$54.06,5.44%
NASDAQ:TMUS,30 Jun 2026,$234.16,3,$254.24,7,1.44,$177.19,32.15%,,,,$175.78,-0.80%,$315.74,78.20%,$527.44,197.67%,TMUS,NASDAQ:TMUS,-0.578,$243.08,4.59%
NYSE:ES,23 Jun 2026,$73.60,4,$70.67,8,1.99,$72.33,-2.30%,,,,$71.85,-0.66%,$0.00,-100.00%,$0.00,-100.00%,ES,NYSE:ES,-0.253,$74.15,-4.69%
NASDAQ:TIGO,24 Jun 2026,$78.80,3,,,1.25,$97.14,-18.88%,,,,$95.63,-1.55%,$0.00,-100.00%,$0.00,-100.00%,TIGO,NASDAQ:TIGO,-0.558,$88.42,
NASDAQ:EZPW,29 Jun 2026,$31.35,3,$41.00,9,0.74,$27.90,12.37%,,,,$26.43,-5.27%,$0.00,-100.00%,$0.00,-100.00%,EZPW,NASDAQ:EZPW,-0.895,$40.80,0.49%
NYSE:NRP,24 Jun 2026,$100.40,3,,,0.86,$106.96,-6.13%,,,,$103.18,-3.53%,$0.00,-100.00%,$0.00,-100.00%,NRP,NYSE:NRP,-0.727,$96.00,
NYSE:DINO,24 Jun 2026,$67.54,3,$72.58,9,1.25,$81.41,-17.04%,,,,$80.03,-1.70%,$0.00,-100.00%,$0.00,-100.00%,DINO,NYSE:DINO,-0.601,$89.33,-18.75%
NYSE:T,23 Jul 2026,$28.76,5,$27.54,10,2.08,$23.79,15.76%,15.76%,$27.54,$28.76,$23.52,-1.13%,$20.50,-13.81%,$57.75,142.75%,T,NYSE:T,-0.254,$28.71,-4.08%
NYSE:HAL,30 Jun 2026,$33.26,3,$45.07,7,1.67,$31.89,4.28%,,,,$31.76,-0.41%,$43.56,36.61%,$57.24,79.50%,HAL,NYSE:HAL,-0.471,$43.52,3.56%
NYSE:TS,30 Jun 2026,$56.32,3,$63.20,7,1.54,$53.04,6.19%,,,,$52.81,-0.43%,$0.00,-100.00%,$0.00,-100.00%,TS,NYSE:TS,-0.496,$64.29,-1.70%
NYSE:TDW,30 Jun 2026,$68.88,3,,7,0.52,$82.84,-16.85%,,,,$78.25,-5.54%,$0.00,-100.00%,$0.00,-100.00%,TDW,NYSE:TDW,-0.912,$87.29,
NYSE:FLOC,29 Jul 2026,$21.53,4,,,1.26,$21.79,-1.19%,-1.19%,$21.53,$31.22,$20.48,-6.01%,$66.74,206.27%,$116.31,433.76%,FLOC,NYSE:FLOC,-0.664,$31.22,
NYSE:CLB,21 Jul 2026,$13.82,5,$11.00,1,0.75,$11.35,-3.08%,-3.08%,$11.00,$15.50,$10.78,-5.02%,$8.52,-24.96%,$11.77,3.70%,CLB,NYSE:CLB,-0.882,$15.50,-29.03%
NASDAQ:SND,30 Jun 2026,$5.71,3,,6,2.39,$4.52,26.33%,,,,$4.61,1.99%,$4.69,3.70%,$16.42,263.23%,SND,NASDAQ:SND,0.003,$3.00,
NYSE:BWLP,26 Jun 2026,$17.09,3,,,2.53,$21.75,-21.43%,,,,$22.29,2.48%,$74.83,244.05%,$101.04,364.57%,BWLP,NYSE:BWLP,0.013,,
NYSE:RCI,14 Jul 2026,$41.33,5,$42.53,10,2.17,$34.47,19.91%,19.91%,$41.33,$42.53,$34.64,0.49%,$8.08,-76.57%,$142.77,314.18%,RCI,NYSE:RCI,-0.219,$42.18,0.83%
NYSE:TIMB,30 Jun 2026,$23.56,4,$27.83,1,1.24,$18.43,27.81%,,,,$18.09,-1.84%,$64.89,252.07%,$112.89,512.53%,TIMB,NYSE:TIMB,-0.655,$24.49,13.64%
NYSE:UGI,2 Jul 2026,$38.21,4,$40.00,4,1.19,$34.18,11.78%,,,,$33.76,-1.23%,$0.00,-100.00%,$0.00,-100.00%,UGI,NYSE:UGI,-0.656,$42.33,-5.50%
NYSE:WSR,2 Jul 2026,$19.20,3,$19.00,7,,,#DIV/0!,,,,,#DIV/0!,-$2.00,#DIV/0!,-$2.00,#DIV/0!,WSR,NYSE:WSR,-2.000,,
NYSE:BSM,2 Jul 2026,$13.68,1,,,2.57,$14.10,-2.98%,,,,$14.16,0.43%,$0.00,-100.00%,$0.00,-100.00%,BSM,NYSE:BSM,-0.021,$16.00,
NASDAQ:STRS,17 Jul 2026,$26.82,4,,3,1.80,$19.32,38.82%,38.82%,$26.82,$26.82,$18.87,-2.33%,-$11.91,-161.66%,-$10.09,-152.24%,STRS,NASDAQ:STRS,-0.281,,
NYSE:USAC,,,,,,2.02,$25.82,-100.00%,,,,$25.63,-0.74%,$0.00,-100.00%,$0.00,-100.00%,USAC,NYSE:USAC,-0.269,$29.60,
NASDAQ:SWBI,,,,,,2.10,$14.25,-100.00%,,,,$14.31,0.42%,$58.19,308.38%,$64.95,355.78%,SWBI,NASDAQ:SWBI,-0.249,$17.25,
NYSE:INN,,,,,,1.42,$6.49,-100.00%,,,,$6.44,-0.77%,$0.00,-100.00%,$0.00,-100.00%,INN,NYSE:INN,-0.510,$6.69,
NYSE:NTST,,,,,,2.98,$20.69,-100.00%,,,,$21.55,4.16%,$16.89,-18.39%,$29.78,43.95%,NTST,NYSE:NTST,0.166,$23.18,
NYSE:NE,,,,,,1.79,$40.77,-100.00%,,,,$40.39,-0.93%,$52.08,27.74%,$51.95,27.42%,NE,NYSE:NE,-0.379,$48.09,
NYSE:HUN,,,,,,1.72,$10.12,-100.00%,,,,$10.03,-0.89%,$9.31,-7.99%,$27.35,170.29%,HUN,NYSE:HUN,-0.412,$12.17,
NYSE:DOW,,,,,,1.97,$29.34,-100.00%,,,,$29.42,0.27%,$26.06,-11.19%,$75.93,158.80%,DOW,NYSE:DOW,-0.305,$35.69,
NYSE:TU,,,,,,2.73,$9.72,-100.00%,,,,$10.14,4.32%,$0.49,-94.99%,$10.90,12.13%,TU,NYSE:TU,0.035,$11.67,
NYSE:DKS,,,,,,1.31,$208.84,-100.00%,,,,$196.79,-5.77%,$248.40,18.94%,"$5,755.08",2655.74%,DKS,NYSE:DKS,-0.594,$250.14,
NYSE:GLP,,,,,,1.45,$50.18,-100.00%,,,,$48.69,-2.97%,$0.00,-100.00%,$0.00,-100.00%,GLP,NYSE:GLP,-0.465,$45.00,
NYSE:UAN,,,,,,2.62,$126.57,-100.00%,,,,$132.06,4.34%,$240.50,90.01%,$321.99,154.40%,UAN,NYSE:UAN,0.118,$9.50,
NYSE:BCE,,,,,,1.25,$22.75,-100.00%,,,,$22.42,-1.45%,$0.00,-100.00%,$0.00,-100.00%,BCE,NYSE:BCE,-0.623,$27.33,
NASDAQ:CMCSA,,,,,,2.36,$25.36,-100.00%,,,,$25.22,-0.55%,$98.26,287.47%,$167.75,561.47%,CMCSA,NASDAQ:CMCSA,-0.127,$30.08,
NYSE:CUBE,,,,,,2.09,$41.77,-100.00%,,,,$41.95,0.43%,$49.47,18.44%,$59.41,42.24%,CUBE,NYSE:CUBE,-0.215,$43.94,
NYSE:XIFR,,,,,,1.57,$11.44,-100.00%,,,,$11.38,-0.52%,-$35.62,-411.34%,-$14.95,-230.64%,XIFR,NYSE:XIFR,-0.451,$12.23,
NASDAQ:RILY,,,,,,1.36,$7.18,-100.00%,,,,$6.96,-3.06%,$0.00,-100.00%,$0.00,-100.00%,RILY,NASDAQ:RILY,-0.442,$1.50,
NYSE:BCC,,,,,,1.68,$86.60,-100.00%,,,,$84.24,-2.73%,$60.87,-29.71%,$108.36,25.13%,BCC,NYSE:BCC,-0.403,$93.50,
NYSE:CC,,,,,,1.11,$15.75,-100.00%,,,,$15.14,-3.87%,$0.00,-100.00%,$0.00,-100.00%,CC,NYSE:CC,-0.729,$23.22,
NASDAQ:BBCP,,,,,,1.82,$9.75,-100.00%,,,,$9.66,-0.92%,$7.39,-24.19%,$9.56,-1.94%,BBCP,NASDAQ:BBCP,-0.377,$12.00,
NASDAQ:PAGP,,,,,,2.44,$24.74,-100.00%,,,,$25.00,1.05%,-$1.80,-107.26%,$46.82,89.23%,PAGP,NASDAQ:PAGP,-0.047,$24.64,
NYSE:AEO,,,,,,1.16,$17.97,-100.00%,,,,$17.31,-3.67%,$60.00,233.92%,$56.85,216.39%,AEO,NYSE:AEO,-0.637,$19.50,
NYSE:BEP,,,,,,1.97,$33.20,-100.00%,,,,$32.87,-0.99%,$0.00,-100.00%,$0.00,-100.00%,BEP,NYSE:BEP,-0.276,$36.17,
NASDAQ:NWE,,,,,,1.77,$72.09,-100.00%,,,,$70.08,-2.79%,-$3.67,-105.10%,$10.75,-85.08%,NWE,NASDAQ:NWE,-0.352,$74.25,
NYSE:PINE,,,,,,3.15,$19.98,-100.00%,,,,$20.53,2.75%,$0.21,-98.94%,$13.24,-33.72%,PINE,NYSE:PINE,0.247,$21.73,
NYSE:LYB,,,,,,1.95,$59.59,-100.00%,,,,$59.54,-0.08%,$0.00,-100.00%,$0.00,-100.00%,LYB,NYSE:LYB,-0.304,$69.53,
NYSE:CODI,,,,,,1.77,$11.00,-100.00%,,,,$10.77,-2.09%,-$12.51,-213.72%,$10.21,-7.21%,CODI,NYSE:CODI,-0.383,$12.83,
NYSE:KEN,,,,,,1.39,$66.13,-100.00%,,,,$65.68,-0.68%,$79.10,19.62%,$83.61,26.44%,KEN,NYSE:KEN,-0.427,$29.85,
NYSE:SPH,,,,,,1.65,$17.71,-100.00%,,,,$17.46,-1.41%,$0.00,-100.00%,$0.00,-100.00%,SPH,NYSE:SPH,-0.390,$17.00,
NASDAQ:VNOM,,,,,,1.47,$40.82,-100.00%,,,,$40.58,-0.59%,$0.00,-100.00%,$0.00,-100.00%,VNOM,NASDAQ:VNOM,-0.562,$56.21,
NYSE:ENR,,,,,,1.63,$22.57,-100.00%,,,,$21.80,-3.41%,$0.00,-100.00%,$0.00,-100.00%,ENR,NYSE:ENR,-0.402,$21.67,
NYSE:PII,,,,,,1.79,$71.57,-100.00%,,,,$70.05,-2.12%,$144.17,101.45%,$203.76,184.70%,PII,NYSE:PII,-0.341,$72.00,
NYSE:BIP,,,,,,2.61,$39.04,-100.00%,,,,$39.48,1.13%,-$131.55,-436.97%,-$41.38,-206.00%,BIP,NYSE:BIP,-0.018,$46.64,
NYSE:CWEN,,,,,,2.00,$32.65,-100.00%,,,,$32.48,-0.52%,$0.00,-100.00%,$0.00,-100.00%,CWEN,NYSE:CWEN,-0.319,$43.67,
NYSE:OLN,,,,,,1.98,$18.59,-100.00%,,,,$18.55,-0.22%,$34.73,86.83%,$24.65,32.59%,OLN,NYSE:OLN,-0.306,$23.00,
NYSE:CTO,,,,,,2.27,$21.75,-100.00%,,,,$21.86,0.51%,$1.17,-94.64%,$19.95,-8.27%,CTO,NYSE:CTO,-0.152,$24.60,
NYSE:MMM,,,,,,1.12,$182.90,-100.00%,,,,$177.82,-2.78%,$197.93,8.22%,$178.45,-2.43%,MMM,NYSE:MMM,-0.636,$181.85,
NYSE:BWMX,,,,,,2.68,$16.72,-100.00%,,,,$16.73,0.06%,$42.50,154.21%,$49.00,193.07%,BWMX,NYSE:BWMX,-0.033,$29.51,
NASDAQ:WDFC,,,,,,1.33,$234.93,-100.00%,,,,$228.46,-2.75%,$362.54,54.32%,$378.68,61.19%,WDFC,NASDAQ:WDFC,-0.578,$271.67,
NYSE:KRP,,,,,,2.19,$14.98,-100.00%,,,,$15.04,0.40%,$0.00,-100.00%,$0.00,-100.00%,KRP,NYSE:KRP,-0.224,$19.20,
NYSE:BEPC,,,,,,1.72,$33.74,-100.00%,,,,$33.24,-1.48%,$0.00,-100.00%,$0.00,-100.00%,BEPC,NYSE:BEPC,-0.415,$40.40,
NYSE:SXC,,,,,,2.15,$9.39,-100.00%,,,,$9.42,0.32%,$19.44,107.02%,$11.76,25.24%,SXC,NYSE:SXC,-0.179,$9.50,
NYSE:OUT,,,,,,1.30,$31.21,-100.00%,,,,$30.50,-2.27%,$0.00,-100.00%,$0.00,-100.00%,OUT,NYSE:OUT,-0.592,$36.33,
NYSE:FLNG,,,,,,2.78,$30.84,-100.00%,,,,$31.57,2.37%,$15.82,-48.71%,$29.72,-3.64%,FLNG,NYSE:FLNG,0.140,$25.88,
NYSE:NAT,,,,,,3.44,$6.46,-100.00%,,,,$6.71,3.87%,$8.95,38.56%,$11.54,78.67%,NAT,NYSE:NAT,0.411,$6.00,
NYSE:KGS,,,,,,1.30,$59.90,-100.00%,,,,$53.47,-10.73%,$0.00,-100.00%,$0.00,-100.00%,KGS,NYSE:KGS,-0.644,$83.53,
NYSE:GRNT,,,,,,2.55,$4.88,-100.00%,,,,$4.80,-1.64%,$0.00,-100.00%,$0.00,-100.00%,GRNT,NYSE:GRNT,-0.090,$7.60,
NYSE:TSM,,,,,,1.21,$420.04,-100.00%,,,,$409.47,-2.52%,$534.20,27.18%,$613.65,46.09%,TSM,NYSE:TSM,-0.660,$540.20,
NASDAQ:FEIM,,,,,,0.65,$74.43,-100.00%,,,,$70.50,-5.28%,$0.00,-100.00%,$0.00,-100.00%,FEIM,NASDAQ:FEIM,-0.866,$81.00,
NYSE:INSW,,,,,,2.34,$92.41,-100.00%,,,,$92.43,0.02%,$135.24,46.35%,$166.79,80.49%,INSW,NYSE:INSW,-0.110,$98.67,
NASDAQ:CSCO,,,,,,1.66,$121.43,-100.00%,,,,$119.68,-1.44%,$142.18,17.09%,$149.16,22.84%,CSCO,NASDAQ:CSCO,-0.414,$131.36,
NASDAQ:GLPI,,,,,,2.06,$44.14,-100.00%,,,,$43.93,-0.48%,$0.00,-100.00%,$0.00,-100.00%,GLPI,NASDAQ:GLPI,-0.267,$53.87,
NYSE:LPL,23 Jul 2026,$3.52,4,,2,0.83,$3.30,6.64%,6.64%,$3.52,$4.30,$3.18,-3.64%,-$2.38,-172.02%,$3.43,3.94%,LPL,NYSE:LPL,-0.831,$4.30,
NYSE:TSLX,27 Jul 2026,$16.72,,$18.92,7,2.20,$19.10,-12.46%,-12.46%,$16.72,$19.70,$18.87,-1.20%,$0.00,-100.00%,$0.00,-100.00%,TSLX,NYSE:TSLX,-0.164,$19.70,-3.96%
NYSE:GNK,,,,,,1.65,$25.33,-100.00%,,,,$24.51,-3.24%,$0.00,-100.00%,$0.00,-100.00%,GNK,NYSE:GNK,-0.429,$28.75,
NYSE:TDS,,,,,,2.41,$32.98,-100.00%,,,,$31.84,-3.46%,$0.00,-100.00%,$0.00,-100.00%,TDS,NYSE:TDS,-0.150,$50.50,
NYSE:AXIA,,,,,,1.11,$10.22,-100.00%,,,,$9.89,-3.23%,$0.00,-100.00%,$0.00,-100.00%,AXIA,NYSE:AXIA,-0.719,$13.77,
NASDAQ:BLMN,,,,,,0.83,$10.95,-100.00%,,,,$10.55,-3.65%,$0.00,-100.00%,$0.00,-100.00%,BLMN,NASDAQ:BLMN,-0.721,$8.70,
NYSE:CPA,,,,,,1.96,$142.13,-100.00%,,,,$140.58,-1.09%,$0.00,-100.00%,$0.00,-100.00%,CPA,NYSE:CPA,-0.316,$176.53,
NYSE:AB,,,,,,1.86,$37.12,-100.00%,,,,$37.23,0.30%,$0.00,-100.00%,$0.00,-100.00%,AB,NYSE:AB,-0.320,$39.29,
NASDAQ:PANL,,,,,,1.85,$7.42,-100.00%,,,,$7.24,-2.43%,$2.30,-69.07%,$8.94,20.48%,PANL,NASDAQ:PANL,-0.402,$10.85,
NASDAQ:BCBP,,,,,,1.60,$8.91,-100.00%,,,,$8.79,-1.35%,$0.00,-100.00%,$0.00,-100.00%,BCBP,NASDAQ:BCBP,-0.492,$11.75,
NYSE:SSTK,,,,,,2.71,$5.96,-100.00%,,,,$5.80,-2.68%,$19.22,222.50%,$12.86,115.70%,SSTK,NYSE:SSTK,-0.020,$28.85,
NASDAQ:EMBC,,,,,,0.94,$4.42,-100.00%,,,,$3.92,-11.31%,$0.00,-100.00%,$0.00,-100.00%,EMBC,NASDAQ:EMBC,-0.694,$4.00,
NYSE:OTF,,,,,,1.75,$11.70,-100.00%,,,,$11.39,-2.65%,$0.00,-100.00%,$0.00,-100.00%,OTF,NYSE:OTF,-0.390,$13.56,
NYSE:OGN,,,,,,1.72,$13.60,-100.00%,,,,$13.61,0.07%,$40.11,194.91%,$31.11,128.76%,OGN,NYSE:OGN,-0.331,$11.25,
NYSE:ARE,,,,,,1.57,$49.74,-100.00%,,,,$48.17,-3.16%,$0.00,-100.00%,$0.00,-100.00%,ARE,NYSE:ARE,-0.444,$51.86,
NASDAQ:CGBD,,,,,,2.64,$11.02,-100.00%,,,,$11.27,2.27%,$0.00,-100.00%,$0.00,-100.00%,CGBD,NASDAQ:CGBD,0.012,$12.29,
NASDAQ:ADAM,,,,,,2.70,$9.82,-100.00%,,,,$10.07,2.55%,-$107.01,-1189.69%,-$103.91,-1158.15%,ADAM,NASDAQ:ADAM,0.020,$11.96,
NYSE:EC,,,,,,1.70,$16.78,-100.00%,,,,$16.58,-1.19%,$0.00,-100.00%,$0.00,-100.00%,EC,NYSE:EC,-0.332,$13.47,
NASDAQ:TRIN,,,,,,2.52,$18.05,-100.00%,,,,$17.89,-0.89%,$0.00,-100.00%,$0.00,-100.00%,TRIN,NASDAQ:TRIN,-0.012,$18.03,
NYSE:ARR,,,,,,2.70,$16.68,-100.00%,,,,$17.16,2.88%,-$59.70,-457.91%,-$59.27,-455.35%,ARR,NYSE:ARR,0.043,$18.38,
NYSE:ARI,,,,,,2.61,$6.76,-100.00%,,,,$6.79,0.44%,$0.00,-100.00%,$0.00,-100.00%,ARI,NYSE:ARI,-0.060,$9.88,
NYSE:OLP,,,,,,2.78,$24.16,-100.00%,,,,$24.80,2.65%,$0.00,-100.00%,$0.00,-100.00%,OLP,NYSE:OLP,0.080,$26.50,
NYSE:BDN,,,,,,3.40,$3.22,-100.00%,,,,$3.39,5.28%,-$8.24,-355.91%,$1.90,-40.86%,BDN,NYSE:BDN,0.391,$3.00,
NYSE:TRTX,,,,,,2.52,$8.05,-100.00%,,,,$8.03,-0.25%,-$24.31,-401.95%,-$22.48,-379.31%,TRTX,NYSE:TRTX,-0.066,$9.92,
NYSE:NSP,,,,,,1.60,$52.52,-100.00%,,,,$50.67,-3.52%,$0.00,-100.00%,$0.00,-100.00%,NSP,NYSE:NSP,-0.421,$51.75,
NYSE:MTN,,,,,,2.06,$148.83,-100.00%,,,,$148.22,-0.41%,$78.58,-47.20%,$162.05,8.88%,MTN,NYSE:MTN,-0.219,$148.50,
NYSE:FLO,,,,,,2.37,$7.40,-100.00%,,,,$7.31,-1.22%,$9.31,25.83%,$18.34,147.80%,FLO,NYSE:FLO,-0.124,$8.80,
NYSE:BGS,,,,,,3.13,$3.52,-100.00%,,,,$3.59,1.99%,-$8.94,-353.88%,$7.98,126.76%,BGS,NYSE:BGS,0.178,$4.80,
NYSE:ENIC,,,,,,2.25,$4.54,-100.00%,,,,$4.53,-0.22%,$7.58,66.86%,$10.40,129.16%,ENIC,NYSE:ENIC,-0.151,$4.90,
NYSE:E,,,,,,1.78,$53.61,-100.00%,,,,$53.67,0.11%,$0.00,-100.00%,$0.00,-100.00%,E,NYSE:E,-0.340,$52.88,
NYSE:UHT,,,,,,2.05,$42.72,-100.00%,,,,$42.04,-1.59%,$0.00,-100.00%,$0.00,-100.00%,UHT,NYSE:UHT,-0.228,$44.00,
NYSE:NEXA,,,,,,1.16,$14.10,-100.00%,,,,$13.95,-1.06%,$0.00,-100.00%,$0.00,-100.00%,NEXA,NYSE:NEXA,-0.629,$14.88,
NYSE:DX,,,,,,2.73,$12.95,-100.00%,,,,$13.26,2.39%,$0.00,-100.00%,$0.00,-100.00%,DX,NYSE:DX,0.047,$14.75,
NYSE:SCM,,,,,,2.50,$8.41,-100.00%,,,,$8.42,0.12%,$30.25,259.71%,"$10,585,199.04",125864335.69%,SCM,NYSE:SCM,-0.069,$10.25,
NASDAQ:SEVN,4 Aug 2026,$8.85,3,$8.63,8,3.12,$7.69,12.22%,12.22%,$8.63,$9.55,$7.93,3.12%,-$2.41,-131.34%,-$3.09,-140.12%,SEVN,NASDAQ:SEVN,0.198,$9.55,-9.63%
NASDAQ:PLTK,,,,,,2.18,$2.94,-100.00%,,,,$2.93,-0.34%,$0.00,-100.00%,$0.00,-100.00%,PLTK,NASDAQ:PLTK,-0.252,$5.15,
NYSE:KBDC,,,,,,2.61,$14.12,-100.00%,,,,$14.42,2.12%,$31.57,123.57%,$993.42,6935.56%,KBDC,NYSE:KBDC,0.010,$15.20,
NYSE:UPS,,,,,,2.03,$104.50,-100.00%,,,,$103.17,-1.27%,$58.81,-43.72%,$109.21,4.51%,UPS,NYSE:UPS,-0.257,$115.85,
NASDAQ:KRNY,,,,,,2.07,$9.52,-100.00%,,,,$9.54,0.21%,$0.00,-100.00%,$0.00,-100.00%,KRNY,NASDAQ:KRNY,-0.238,$10.50,
NASDAQ:JACK,,,,,,1.53,$17.58,-100.00%,,,,$16.97,-3.47%,-$71.17,-504.82%,-$59.61,-439.07%,JACK,NASDAQ:JACK,-0.439,$16.35,
NYSE:PK,,,,,,1.56,$14.76,-100.00%,,,,$14.30,-3.12%,$0.00,-100.00%,$0.00,-100.00%,PK,NYSE:PK,-0.438,$14.72,
NYSE:BEN,,,,,,1.63,$33.77,-100.00%,,,,$33.56,-0.62%,$0.00,-100.00%,$0.00,-100.00%,BEN,NYSE:BEN,-0.418,$35.09,
NASDAQ:WTBA,,,,,,2.09,$28.43,-100.00%,,,,$28.37,-0.21%,-$148.36,-621.85%,-$142.09,-599.81%,WTBA,NASDAQ:WTBA,-0.209,$29.00,
NASDAQ:REFI,5 Aug 2026,$10.41,3,,4,3.34,$10.27,1.34%,1.34%,$10.41,$16.38,$10.54,2.63%,$12.97,26.32%,$34.96,240.43%,REFI,NASDAQ:REFI,0.264,$16.38,
NASDAQ:GNTX,27 Jul 2026,$34.91,5,$27.33,6,1.35,$24.08,13.50%,13.50%,$27.33,$34.91,$23.37,-2.95%,$0.00,-100.00%,$0.00,-100.00%,GNTX,NASDAQ:GNTX,-0.570,$27.89,-2.01%
NYSE:VZ,,,,,,1.85,$47.06,-100.00%,,,,$46.31,-1.59%,$31.11,-33.89%,$77.32,64.31%,VZ,NYSE:VZ,-0.331,$51.56,
NYSE:ORC,,,,,,2.43,$6.56,-100.00%,,,,$6.54,-0.30%,$0.00,-100.00%,$0.00,-100.00%,ORC,NYSE:ORC,-0.086,$7.50,
NASDAQ:SIGA,,,,,,3.04,$3.05,-100.00%,,,,$3.25,6.56%,$0.00,-100.00%,$0.00,-100.00%,SIGA,NASDAQ:SIGA,0.128,$17.53,
NYSE:BBDC,,,,,,2.52,$9.22,-100.00%,,,,$9.26,0.43%,$0.00,-100.00%,$0.00,-100.00%,BBDC,NYSE:BBDC,-0.023,$9.62,
NYSE:NCDL,,,,,,2.38,$12.82,-100.00%,,,,$12.71,-0.86%,$0.00,-100.00%,$0.00,-100.00%,NCDL,NYSE:NCDL,-0.103,$14.35,
NYSE:DOC,,,,,,1.97,$21.41,-100.00%,,,,$21.15,-1.21%,$0.00,-100.00%,$0.00,-100.00%,DOC,NYSE:DOC,-0.269,$22.39,
NYSE:VTS,,,,,,2.30,$15.80,-100.00%,,,,$15.77,-0.19%,$0.00,-100.00%,$0.00,-100.00%,VTS,NYSE:VTS,-0.190,$21.25,
NYSE:GNL,,,,,,3.02,$9.23,-100.00%,,,,$9.42,2.06%,$0.00,-100.00%,$0.00,-100.00%,GNL,NYSE:GNL,0.187,$10.17,
NASDAQ:LBRDK,,,,,,1.08,$35.88,-100.00%,,,,$35.32,-1.56%,$7.99,-77.73%,$16.35,-54.44%,LBRDK,NASDAQ:LBRDK,-0.731,$48.50,
NYSE:AFG,,,,,,1.63,$145.59,-100.00%,,,,$144.88,-0.49%,$0.00,-100.00%,$0.00,-100.00%,AFG,NYSE:AFG,-0.411,$147.17,
NASDAQ:CZNC,,,,,,2.32,$25.36,-100.00%,,,,$25.16,-0.79%,-$111.41,-539.33%,-$109.98,-533.67%,CZNC,NASDAQ:CZNC,-0.115,$27.00,
NASDAQ:GLAD,,,,,,1.52,$19.73,-100.00%,,,,$19.51,-1.12%,$0.00,-100.00%,$0.00,-100.00%,GLAD,NASDAQ:GLAD,-0.485,$22.00,
NYSE:LPG,,,,,,1.52,$45.76,-100.00%,,,,$44.34,-3.10%,$0.00,-100.00%,$0.00,-100.00%,LPG,NYSE:LPG,-0.481,$51.00,
NASDAQ:OCSL,,,,,,2.18,$12.96,-100.00%,,,,$12.84,-0.93%,$0.00,-100.00%,$0.00,-100.00%,OCSL,NASDAQ:OCSL,-0.157,$12.50,
NASDAQ:FNLC,,,,,,1.48,$35.38,-100.00%,,,,$34.92,-1.30%,$0.00,-100.00%,$0.00,-100.00%,FNLC,NASDAQ:FNLC,-0.408,,
NYSE:CRI,,,,,,1.71,$39.96,-100.00%,,,,$39.75,-0.53%,$0.00,-100.00%,$0.00,-100.00%,CRI,NYSE:CRI,-0.388,$42.67,
NASDAQ:TCPC,,,,,,2.77,$4.11,-100.00%,,,,$4.23,2.92%,$0.00,-100.00%,$0.00,-100.00%,TCPC,NASDAQ:TCPC,0.094,$4.17,
NYSE:SAR,4 Aug 2026,,,$22.00,3,3.12,$20.01,9.95%,9.95%,$22.00,$22.00,$20.48,2.35%,$88.21,340.83%,"$2,972.48",14754.95%,SAR,NYSE:SAR,0.239,$21.20,3.77%
NYSE:KREF,,,,,,2.98,$7.76,-100.00%,,,,$7.71,-0.64%,-$63.69,-920.79%,-$60.94,-885.35%,KREF,NYSE:KREF,0.206,$7.17,
NYSE:MFA,3 Aug 2026,$10.18,3,$10.50,6,3.02,$9.23,10.29%,10.29%,$10.18,$14.00,$9.47,2.60%,$0.00,-100.00%,$0.00,-100.00%,MFA,NYSE:MFA,0.119,$14.00,-25.00%
NYSE:CIM,,,,,,2.86,$11.97,-100.00%,,,,$12.37,3.34%,$0.00,-100.00%,$0.00,-100.00%,CIM,NYSE:CIM,0.084,$14.83,
NASDAQ:XRX,,,,,,3.10,$3.24,-100.00%,,,,$3.36,3.70%,-$39.37,-1315.04%,$9.88,204.92%,XRX,NASDAQ:XRX,0.247,$3.23,
NYSE:TWO,,,,,,2.78,$12.12,-100.00%,,,,$12.34,1.82%,-$12.95,-206.88%,-$13.07,-207.86%,TWO,NYSE:TWO,0.104,$11.90,
NYSE:FSK,,,,,,2.46,$12.44,-100.00%,,,,$12.02,-3.38%,$0.00,-100.00%,$0.00,-100.00%,FSK,NYSE:FSK,-0.024,$11.50,
NASDAQ:MFIC,,,,,,2.35,$9.76,-100.00%,,,,$9.71,-0.51%,$0.00,-100.00%,$0.00,-100.00%,MFIC,NASDAQ:MFIC,-0.117,$11.06,
NYSE:MSDL,,,,,,2.32,$15.43,-100.00%,,,,$15.41,-0.13%,$0.00,-100.00%,$0.00,-100.00%,MSDL,NYSE:MSDL,-0.105,$15.68,
NYSE:NLY,,,,,,1.91,$23.04,-100.00%,,,,$22.83,-0.91%,$0.00,-100.00%,$0.00,-100.00%,NLY,NYSE:NLY,-0.297,$24.23,
NASDAQ:SLRC,,,,,,2.34,$13.10,-100.00%,,,,$13.04,-0.46%,$0.00,-100.00%,$0.00,-100.00%,SLRC,NASDAQ:SLRC,-0.134,$15.38,
NYSE:PMT,,,,,,2.67,$9.65,-100.00%,,,,$9.89,2.49%,$0.00,-100.00%,$0.00,-100.00%,PMT,NYSE:PMT,0.007,$11.61,
NASDAQ:CSWC,,,,,,1.95,$25.13,-100.00%,,,,$24.84,-1.15%,$0.00,-100.00%,$0.00,-100.00%,CSWC,NASDAQ:CSWC,-0.264,$24.90,
NASDAQ:GBDC,,,,,,2.30,$13.17,-100.00%,,,,$13.15,-0.15%,$0.00,-100.00%,$0.00,-100.00%,GBDC,NASDAQ:GBDC,-0.121,$13.75,
NYSE:SLG,,,,,,1.94,$56.36,-100.00%,,,,$55.03,-2.36%,-$40.73,-172.28%,-$16.11,-128.59%,SLG,NYSE:SLG,-0.266,$54.83,
NYSE:EARN,,,,,,2.59,$4.40,-100.00%,,,,$4.39,-0.23%,$0.00,-100.00%,$0.00,-100.00%,EARN,NYSE:EARN,-0.011,$5.00,
NYSE:EFC,,,,,,2.01,$13.60,-100.00%,,,,$13.45,-1.10%,$0.00,-100.00%,$0.00,-100.00%,EFC,NYSE:EFC,-0.257,$14.79,
NYSE:ACRE,,,,,,2.50,$4.87,-100.00%,,,,$4.80,-1.44%,$0.00,-100.00%,$0.00,-100.00%,ACRE,NYSE:ACRE,-0.036,$5.20,
NASDAQ:HRZN,,,,,,1.79,$4.64,-100.00%,,,,$4.57,-1.51%,$0.00,-100.00%,$0.00,-100.00%,HRZN,NASDAQ:HRZN,-0.373,$5.35,
NYSE:BXMT,,,,,,3.45,$14.15,-100.00%,,,,$14.66,3.60%,-$56.69,-500.65%,-$57.58,-506.91%,BXMT,NYSE:BXMT,0.326,$18.86,
NASDAQ:TPG,,,,,,1.52,$48.99,-100.00%,,,,$48.35,-1.31%,$0.00,-100.00%,$0.00,-100.00%,TPG,NASDAQ:TPG,-0.488,$56.06,
NYSE:BRSL,,,,,,2.51,$11.05,-100.00%,,,,$11.06,0.09%,$0.00,-100.00%,$0.00,-100.00%,BRSL,NYSE:BRSL,-0.106,$16.20,
NYSE:BRSP,,,,,,2.83,$5.12,-100.00%,,,,$5.26,2.73%,-$8.56,-267.20%,-$5.93,-215.83%,BRSP,NYSE:BRSP,0.069,$6.38,
NYSE:MPT,,,,,,2.64,$4.70,-100.00%,,,,$4.65,-1.06%,-$5.19,-210.44%,-$3.73,-179.46%,MPT,NYSE:MPT,-0.008,$5.71,
NASDAQ:RELL,,,,,,1.29,$20.66,-100.00%,,,,$19.60,-5.13%,$0.00,-100.00%,$0.00,-100.00%,RELL,NASDAQ:RELL,-0.560,$20.50,
NYSE:CION,,,,,,1.95,$7.51,-100.00%,,,,$7.29,-2.93%,$0.00,-100.00%,$0.00,-100.00%,CION,NYSE:CION,-0.316,$9.25,
NASDAQ:PSEC,,,,,,2.66,$2.33,-100.00%,,,,$2.38,2.15%,$3.80,63.06%,$4.24,81.82%,PSEC,NASDAQ:PSEC,0.082,$2.00,
NYSE:CMTG,,,,,,2.59,$1.94,-100.00%,,,,$1.76,-9.28%,-$9.28,-578.13%,-$14.69,-857.05%,CMTG,NYSE:CMTG,-0.041,$2.47,
NYSE:LDI,,,,,,3.03,$0.95,-100.00%,,,,$1.01,6.32%,$0.00,-100.00%,$0.00,-100.00%,LDI,NYSE:LDI,0.143,$1.25,
NYSE:ECVT,,,,,,2.09,$10.38,-100.00%,,,,$10.37,-0.10%,$0.00,-100.00%,$0.00,-100.00%,ECVT,NYSE:ECVT,-0.294,$15.75,
NYSE:HAFN,,,,,,2.25,$7.51,-100.00%,,,,$7.52,0.13%,$14.61,94.59%,$18.47,145.92%,HAFN,NYSE:HAFN,-0.205,$10.00,
NYSE:GSBD,,,,,,2.75,$9.75,-100.00%,,,,$10.01,2.67%,$0.00,-100.00%,$0.00,-100.00%,GSBD,NYSE:GSBD,0.113,$8.75,
NYSE:RWT,,,,,,2.24,$4.73,-100.00%,,,,$4.63,-2.11%,$0.00,-100.00%,$0.00,-100.00%,RWT,NYSE:RWT,-0.194,$5.91,
NASDAQ:VTRS,,,,,,1.98,$16.43,-100.00%,,,,$16.30,-0.79%,$0.00,-100.00%,$0.00,-100.00%,VTRS,NASDAQ:VTRS,-0.280,$18.44,
NYSE:AHRT,,,,,,1.85,$6.93,-100.00%,,,,$6.95,0.29%,$0.00,-100.00%,$0.00,-100.00%,AHRT,NYSE:AHRT,-0.326,$7.35,
NYSE:LADR,,,,,,2.86,$9.76,-100.00%,,,,$10.00,2.46%,-$11.29,-215.67%,-$8.56,-187.74%,LADR,NYSE:LADR,0.084,$12.14,
NYSE:STWD,,,,,,2.33,$16.45,-100.00%,,,,$16.08,-2.25%,$0.00,-100.00%,$0.00,-100.00%,STWD,NYSE:STWD,-0.147,$20.25,
NYSE:OBDC,,,,,,1.89,$11.64,-100.00%,,,,$11.31,-2.84%,$0.00,-100.00%,$0.00,-100.00%,OBDC,NYSE:OBDC,-0.323,$13.21,
NASDAQ:TRMD,,,,,,2.53,$29.49,-100.00%,,,,$29.39,-0.34%,$56.59,91.89%,$33.30,12.91%,TRMD,NASDAQ:TRMD,-0.057,$36.00,
NYSE:BHR,,,,,,2.11,$2.07,-100.00%,,,,$2.08,0.48%,$0.00,-100.00%,$0.00,-100.00%,BHR,NYSE:BHR,-0.241,$2.50,
NYSE:SHEL,,,,,,2.50,$88.50,-100.00%,,,,$89.54,1.18%,$238.29,169.25%,$320.40,262.04%,SHEL,NYSE:SHEL,-0.045,$98.03,
NYSE:PRGO,,,,,,1.59,$12.84,-100.00%,,,,$12.41,-3.35%,$0.00,-100.00%,$0.00,-100.00%,PRGO,NYSE:PRGO,-0.488,$16.50,
NYSE:MITT,,,,,,2.74,$7.09,-100.00%,,,,$7.24,2.12%,-$204.64,-2986.39%,-$192.55,-2815.74%,MITT,NYSE:MITT,0.015,$9.25,
NYSE:CMBT,,,,,,2.22,$16.29,-100.00%,,,,$16.29,0.00%,$9.00,-44.76%,$6.25,-61.64%,CMBT,NYSE:CMBT,-0.190,$19.45,
NYSE:EPR,,,,,,2.50,$62.20,-100.00%,,,,$61.83,-0.59%,$63.61,2.27%,$93.76,50.74%,EPR,NYSE:EPR,-0.020,$62.05,
NYSE:IIPR,,,,,,2.56,$59.16,-100.00%,,,,$59.39,0.39%,$0.00,-100.00%,$0.00,-100.00%,IIPR,NYSE:IIPR,-0.011,$63.25,
NYSE:COLD,,,,,,2.16,$14.96,-100.00%,,,,$14.52,-2.94%,$0.00,-100.00%,$0.00,-100.00%,COLD,NYSE:COLD,-0.194,$16.21,
