Stock,Date,MS Fair Value,MS,Tips Target,Tips Stars,Stars,Current Price,Fair Value,Valid Fair Value,Low Price,High Price,"3 Mths
Target","3 Mths
Target %",Intrinsic Value Basic,Intrinsic Value Basic %,Intrinsic Value Adjusted,Intrinsic Value Adjusted %,🙈 Symbol,"🙈 Google
Symbol",Score,Analyst Target Price,Tip Ranks Difference
NYSE:AA,23 Jun 2026,$55.51,3,$78.71,7,0.54,$49.98,11.07%,,,,$47.52,-4.92%,$85.68,71.43%,$91.65,83.37%,AA,NYSE:AA,-0.951,$62.98,24.98%
NASDAQ:AAL,28 Jul 2025,$12.45,3,$13.73,1,0.51,$14.83,-16.04%,,,,$14.23,-4.05%,$0.00,-100.00%,$0.00,-100.00%,AAL,NASDAQ:AAL,-0.970,$19.03,-27.85%
NASDAQ:AAOI,30 Jan 2026,$36.44,3,$38.25,6,0.37,$150.28,-75.75%,,,,$121.54,-19.12%,$0.00,-100.00%,$0.00,-100.00%,AAOI,NASDAQ:AAOI,-0.989,$163.40,-76.59%
NASDAQ:AAON,22 Jan 2026,$81.94,2,$119.00,4,0.67,$87.80,-6.67%,,,,$82.46,-6.08%,$0.00,-100.00%,$0.00,-100.00%,AAON,NASDAQ:AAON,-0.926,$143.00,-16.78%
NASDAQ:AAPL,19 Jan 2026,$237.95,2,$299.69,8,0.63,$305.93,-22.22%,,,,$294.62,-3.70%,$0.00,-100.00%,$0.00,-100.00%,AAPL,NASDAQ:AAPL,-0.867,$322.28,-7.01%
NYSE:AAT,22 Apr 2026,$25.97,5,$19.00,3,1.05,$22.77,-16.56%,,,,$22.49,-1.23%,$0.00,-100.00%,$0.00,-100.00%,AAT,NYSE:AAT,-0.673,$23.50,-19.15%
NASDAQ:ABCB,12 Oct 2025,$69.25,3,$77.00,6,,$89.77,-22.86%,,,,,-100.00%,-$2.00,-102.23%,-$2.00,-102.23%,ABCB,NYSE:ABCB,-2.000,,
NYSE:ABCB,19 Nov 2025,$73.43,3,,,0.88,$89.77,-18.20%,,,,$87.57,-2.45%,$0.00,-100.00%,$0.00,-100.00%,ABCB,NYSE:ABCB,-0.751,$94.17,
NYSE:ABEV,19 Mar 2026,$3.23,4,$3.12,5,1.00,$2.80,11.43%,,,,$2.78,-0.71%,$5.22,86.29%,$6.27,123.76%,ABEV,NYSE:ABEV,-0.729,$3.33,-6.31%
NYSE:ABM,30 Aug 2025,$55.78,4,$58.40,6,1.16,$48.13,15.89%,,,,$47.51,-1.29%,$3.91,-91.87%,$23.51,-51.16%,ABM,NYSE:ABM,-0.636,$52.43,11.39%
NYSE:ABT,11 Dec 2025,$121.58,3,$147.38,6,0.70,$111.25,9.29%,,,,$108.12,-2.81%,$0.00,-100.00%,$0.00,-100.00%,ABT,NYSE:ABT,-0.836,$118.42,24.46%
NYSE:ACCO,28 Apr 2026,$4.93,5,$7.00,6,2.51,$4.34,13.70%,,,,$4.27,-1.61%,$11.16,157.22%,$21.28,390.24%,ACCO,NYSE:ACCO,-0.105,$8.00,-12.50%
NYSE:ACEL,18 Sep 2025,$12.91,4,$15.00,7,0.82,$12.42,3.92%,,,,$12.09,-2.66%,$0.00,-100.00%,$0.00,-100.00%,ACEL,NYSE:ACEL,-0.829,$15.83,-5.24%
NASDAQ:ACGL,29 Aug 2025,$97.27,4,$108.00,5,0.82,$98.71,-1.46%,,,,$95.41,-3.34%,$0.00,-100.00%,$0.00,-100.00%,ACGL,NASDAQ:ACGL,-0.800,$111.87,-3.46%
NYSE:ACI,21 May 2026,$24.29,3,$22.00,6,1.75,$12.42,77.13%,,,,$12.08,-2.74%,$0.00,-100.00%,$0.00,-100.00%,ACI,NYSE:ACI,-0.388,$14.19,55.04%
NASDAQ:ACIW,10 Feb 2026,$52.10,5,$63.33,2,0.61,$53.44,-2.51%,,,,$50.34,-5.80%,$0.00,-100.00%,$0.00,-100.00%,ACIW,NASDAQ:ACIW,-0.922,$67.33,-5.94%
NASDAQ:ACLS,27 May 2026,$130.64,2,$167.25,8,0.43,$140.15,-6.79%,,,,$133.81,-4.52%,$0.00,-100.00%,$0.00,-100.00%,ACLS,NASDAQ:ACLS,-0.976,$161.00,3.88%
NASDAQ:ACMR,5 Feb 2026,$52.94,2,$43.25,9,0.63,$80.42,-46.22%,,,,$78.12,-2.86%,$0.00,-100.00%,$0.00,-100.00%,ACMR,NASDAQ:ACMR,-0.944,$115.14,-62.44%
NYSE:ACN,24 May 2026,$244.46,3,$254.70,8,0.90,$176.89,38.20%,,,,$174.68,-1.25%,$417.63,136.10%,$462.84,161.65%,ACN,NYSE:ACN,-0.734,$178.89,42.38%
NYSE:ACVA,18 Sep 2025,$10.72,3,,,0.57,$8.27,29.65%,,,,$7.45,-9.92%,$0.00,-100.00%,$0.00,-100.00%,ACVA,NYSE:ACVA,-0.906,$9.29,
NYSE:ADC,19 Sep 2025,$79.26,4,$81.90,8,1.27,$74.74,6.05%,,,,$74.09,-0.87%,$48.84,-34.66%,$79.41,6.25%,ADC,NYSE:ADC,-0.599,$84.86,-3.49%
NASDAQ:ADEA,5 Feb 2026,$20.67,3,,,0.71,$29.83,-30.69%,,,,$27.32,-8.41%,$0.00,-100.00%,$0.00,-100.00%,ADEA,NASDAQ:ADEA,-0.876,$38.00,
NASDAQ:ADI,4 Jan 2026,$270.08,3,$290.50,7,0.87,$389.39,-30.64%,,,,$374.12,-3.92%,$419.21,7.66%,$459.08,17.90%,ADI,NASDAQ:ADI,-0.786,$457.73,-36.53%
NASDAQ:ADIL,11 Jul 2025,$0.51,3,,,,$3.98,-87.11%,,,,,-100.00%,-$2.00,-150.25%,-$2.00,-150.25%,ADIL,NASDAQ:ADIL,-2.000,,
NASDAQ:ADP,27 Jan 2026,$279.90,4,$288.80,7,0.78,$272.96,2.54%,,,,$263.92,-3.31%,$343.04,25.68%,$364.74,33.62%,ADP,NASDAQ:ADP,-0.799,$286.67,0.74%
NASDAQ:ADTN,10 Feb 2026,$10.14,3,$12.50,8,0.64,$8.40,20.72%,,,,$7.71,-8.21%,$0.00,-100.00%,$0.00,-100.00%,ADTN,NASDAQ:ADTN,-0.939,$14.67,-14.79%
NYSE:AEM,24 Oct 2025,$79.48,1,,,0.59,$186.46,-57.37%,,,,$172.70,-7.38%,$324.83,74.21%,$378.02,102.73%,AEM,NYSE:AEM,-0.904,$214.98,
NASDAQ:AEMD,4 Dec 2025,$7.60,3,,,,$2.83,168.55%,,,,,-100.00%,-$2.00,-170.67%,-$2.00,-170.67%,AEMD,NASDAQ:AEMD,-2.000,,
NASDAQ:AEP,18 Sep 2025,$104.71,2,,,1.10,$125.60,-16.63%,,,,$123.34,-1.80%,$32.68,-73.98%,$57.98,-53.84%,AEP,NASDAQ:AEP,-0.680,$144.48,
NYSE:AER,5 Mar 2026,$119.70,1,,,0.92,$152.45,-21.48%,,,,$146.21,-4.09%,-$138.75,-191.01%,$129.46,-15.08%,AER,NYSE:AER,-0.765,$179.30,
NYSE:AES,11 Jul 2025,$13.47,3,,,0.96,$14.73,-8.59%,,,,$14.54,-1.29%,$0.00,-100.00%,$0.00,-100.00%,AES,NYSE:AES,-0.711,$15.00,
NASDAQ:AFYA,30 Jun 2026,$16.79,3,$21.00,2,0.72,$13.84,21.34%,,,,$13.06,-5.64%,$0.00,-100.00%,$0.00,-100.00%,AFYA,NASDAQ:AFYA,-0.855,$16.58,26.66%
NYSE:AG,12 Aug 2025,$7.66,3,,,0.54,$19.26,-60.25%,,,,$17.66,-8.31%,$0.00,-100.00%,$0.00,-100.00%,AG,NYSE:AG,-0.957,$24.75,
NYSE:AGI,24 Oct 2025,$19.15,2,,,0.56,$33.36,-42.60%,,,,$31.00,-7.07%,$37.29,11.78%,$45.25,35.63%,AGI,NYSE:AGI,-0.969,$46.25,
NYSE:AGM,11 Nov 2025,$179.75,4,$219.00,5,1.49,$232.70,-22.75%,,,,$230.51,-0.94%,"-$3,337.24",-1534.14%,"-$3,402.21",-1562.06%,AGM,NYSE:AGM,-0.493,$257.00,-14.79%
NASDAQ:AGNC,6 Aug 2026,$12.07,3,$11.25,6,1.89,$10.96,2.65%,2.65%,$11.06,$12.07,$10.93,-0.27%,$0.00,-100.00%,$0.00,-100.00%,AGNC,NASDAQ:AGNC,-0.295,$11.06,1.72%
NYSE:AGO,3 Jan 2025,$100.22,4,$105.33,1,0.99,$76.79,30.52%,,,,$73.92,-3.74%,$0.00,-100.00%,$0.00,-100.00%,AGO,NYSE:AGO,-0.736,$91.67,14.90%
NYSE:AGRO,27 Aug 2025,$9.55,4,$9.40,1,1.18,$8.91,5.50%,,,,$8.92,0.11%,$0.00,-100.00%,$0.00,-100.00%,AGRO,NYSE:AGRO,-0.699,$13.58,-30.78%
NASDAQ:AHCO,3 Dec 2025,$13.94,3,$13.67,6,0.74,$5.81,135.28%,,,,$5.53,-4.82%,$0.00,-100.00%,$0.00,-100.00%,AHCO,NASDAQ:AHCO,-0.894,$9.14,49.56%
NYSE:AIG,17 Jul 2025,$84.76,3,$90.60,5,1.18,$76.64,10.59%,,,,$75.23,-1.84%,$0.00,-100.00%,$0.00,-100.00%,AIG,NYSE:AIG,-0.643,$88.65,2.20%
NASDAQ:AIMD,29 Jan 2026,$2.10,3,,,,$1.42,48.17%,,,,,-100.00%,-$2.00,-240.85%,-$2.00,-240.85%,AIMD,NASDAQ:AIMD,-2.000,,
NYSE:AIN,15 Aug 2025,$77.61,3,$66.80,4,0.73,$64.87,2.98%,,,,$62.03,-4.38%,$0.00,-100.00%,$0.00,-100.00%,AIN,NYSE:AIN,-0.798,$62.00,7.74%
NASDAQ:AIP,5 Feb 2026,$16.04,3,$20.50,7,0.60,$28.32,-43.36%,,,,$26.37,-6.89%,$0.00,-100.00%,$0.00,-100.00%,AIP,NASDAQ:AIP,-0.954,$41.00,-50.00%
NASDAQ:AIRS,23 Aug 2025,$6.69,3,$5.00,5,0.69,$3.43,45.77%,,,,$3.14,-8.45%,$0.00,-100.00%,$0.00,-100.00%,AIRS,NASDAQ:AIRS,-0.917,$5.50,-9.09%
NYSE:AIV,6 Aug 2026,$3.23,3,,3,4.43,$2.64,22.39%,22.39%,$3.23,$7.00,$2.75,4.17%,-$3.46,-231.08%,-$1.61,-160.87%,AIV,NYSE:AIV,0.748,$7.00,
NYSE:AIZ,29 Aug 2025,$221.82,3,$239.50,10,0.80,$282.38,-21.45%,,,,$275.34,-2.49%,$0.00,-100.00%,$0.00,-100.00%,AIZ,NYSE:AIZ,-0.798,$309.50,-22.62%
NASDAQ:AKAM,11 Feb 2026,$114.28,5,$103.73,9,0.46,$124.99,-17.01%,,,,$116.37,-6.90%,$0.00,-100.00%,$0.00,-100.00%,AKAM,NASDAQ:AKAM,-0.983,$156.30,-33.63%
NYSE:AL,2 Jan 2026,$58.27,3,$66.50,5,,,#DIV/0!,,,,,#DIV/0!,-$2.00,#DIV/0!,-$2.00,#DIV/0!,AL,NYSE:AL,-2.000,,
NASDAQ:ALAB,27 Jan 2026,$140.56,1,$194.64,5,0.49,$321.61,-56.29%,,,,$296.24,-7.89%,$0.00,-100.00%,$0.00,-100.00%,ALAB,NASDAQ:ALAB,-0.963,$391.77,-50.32%
NYSE:ALC,27 Aug 2025,$81.45,1,,,0.51,$74.25,9.70%,,,,$70.08,-5.62%,$0.00,-100.00%,$0.00,-100.00%,ALC,NYSE:ALC,-0.947,$87.32,
NYSE:ALEX,18 Nov 2025,$16.62,4,$21.00,5,0.32,$20.84,-20.26%,,,,$9.63,-53.79%,$20.71,-0.61%,$26.15,25.49%,ALEX,NYSE:ALEX,-0.995,$21.00,0.00%
NASDAQ:ALGM,19 Jan 2026,$25.92,2,$39.14,8,0.52,$44.39,-41.62%,,,,$40.84,-8.00%,$0.00,-100.00%,$0.00,-100.00%,ALGM,NASDAQ:ALGM,-0.954,$54.36,-28.00%
NYSE:ALIT,11 Feb 2026,$3.53,3,$3.67,5,1.13,$13.80,-74.39%,,,,$13.71,-0.65%,$0.00,-100.00%,$0.00,-100.00%,ALIT,NYSE:ALIT,-0.720,$41.25,-91.10%
NYSE:ALL,28 Apr 2026,$199.62,2,$248.30,5,0.84,$261.41,-23.64%,,,,$251.54,-3.78%,$0.00,-100.00%,$0.00,-100.00%,ALL,NYSE:ALL,-0.766,$270.32,-8.15%
NYSE:ALLE,24 Oct 2025,$165.38,3,,,0.79,$164.78,0.36%,,,,$160.22,-2.77%,$268.30,62.82%,$295.32,79.22%,ALLE,NYSE:ALLE,-0.794,$174.64,
NYSE:ALLY,29 Jun 2026,$48.35,3,$53.00,9,1.82,$44.91,7.67%,,,,$44.31,-1.34%,$0.00,-100.00%,$0.00,-100.00%,ALLY,NYSE:ALLY,-0.369,$53.70,-1.30%
NASDAQ:ALNT,4 Feb 2026,$50.47,2,,,0.46,$111.41,-54.70%,,,,$104.34,-6.35%,$0.00,-100.00%,$0.00,-100.00%,ALNT,NASDAQ:ALNT,-0.944,$118.00,
NASDAQ:ALRM,11 Feb 2026,$60.94,3,$85.00,1,0.46,$55.57,9.67%,,,,$52.49,-5.54%,$0.00,-100.00%,$0.00,-100.00%,ALRM,NASDAQ:ALRM,-0.958,$63.00,34.92%
NASDAQ:ALRS,27 Oct 2025,$24.54,3,$25.63,7,1.20,$33.67,-27.12%,,,,$33.51,-0.48%,$0.00,-100.00%,$0.00,-100.00%,ALRS,NASDAQ:ALRS,-0.611,$35.40,-27.60%
NYSE:ALSN,22 Sep 2025,$99.81,4,$98.14,3,0.78,$125.87,-22.03%,,,,$119.56,-5.01%,$0.00,-100.00%,$0.00,-100.00%,ALSN,NYSE:ALSN,-0.810,$139.40,-29.60%
NASDAQ:ALT,23 Dec 2025,$9.35,5,$13.00,2,0.62,$2.94,218.03%,,,,$2.73,-7.14%,$0.00,-100.00%,$0.00,-100.00%,ALT,NASDAQ:ALT,-0.946,$17.22,-24.51%
NASDAQ:ALTS,12 Aug 2025,$5.33,2,,,,,#DIV/0!,,,,,#DIV/0!,-$2.00,#DIV/0!,-$2.00,#DIV/0!,ALTS,NASDAQ:ALTS,-2.000,,
NASDAQ:ALVO,23 Aug 2025,$8.66,3,,,0.61,$4.06,113.35%,,,,$3.68,-9.36%,$0.00,-100.00%,$0.00,-100.00%,ALVO,NASDAQ:ALVO,-0.952,$5.75,
NASDAQ:AMAL,2 Oct 2025,$30.65,3,,1,0.66,$51.06,-39.97%,,,,$49.53,-3.00%,$0.00,-100.00%,$0.00,-100.00%,AMAL,NASDAQ:AMAL,-0.850,$53.50,
NYSE:AMBP,29 Aug 2025,$5.14,4,,6,1.61,$5.23,-1.74%,,,,$5.17,-1.15%,$8.61,64.61%,$16.38,213.15%,AMBP,NYSE:AMBP,-0.414,$5.15,
NYSE:AMBQ,29 Jan 2026,$40.84,3,,,0.58,$64.51,-36.70%,,,,$61.92,-4.01%,$0.00,-100.00%,$0.00,-100.00%,AMBQ,NYSE:AMBQ,-0.933,$81.67,
NYSE:AMCR,21 May 2026,$52.70,5,$46.80,4,1.11,$46.03,1.67%,,,,$45.29,-1.61%,$0.00,-100.00%,$0.00,-100.00%,AMCR,NYSE:AMCR,-0.654,$48.99,-4.47%
NASDAQ:AMD,28 Jan 2026,$229.36,2,$286.66,9,0.57,$514.39,-55.41%,,,,$465.18,-9.57%,$0.00,-100.00%,$0.00,-100.00%,AMD,NASDAQ:AMD,-0.921,$613.33,-53.26%
NYSE:AME,19 Nov 2025,$189.82,2,$220.17,2,0.54,$254.79,-25.50%,,,,$247.65,-2.80%,$0.00,-100.00%,$0.00,-100.00%,AME,NYSE:AME,-0.914,$277.22,-20.58%
NASDAQ:AMPG,9 Feb 2026,$2.53,3,$9.00,7,0.61,$4.00,-36.80%,,,,$5.64,41.00%,$0.00,-100.00%,$0.00,-100.00%,AMPG,NASDAQ:AMPG,-0.952,$7.00,28.57%
NASDAQ:AMPL,5 Feb 2026,$11.31,4,$15.17,4,0.44,$13.03,-13.20%,,,,$11.85,-9.06%,$0.00,-100.00%,$0.00,-100.00%,AMPL,NASDAQ:AMPL,-0.941,$13.23,14.66%
NYSE:AMPY,20 Mar 2026,$8.49,3,$7.25,8,0.62,$4.78,51.67%,,,,$4.45,-6.90%,$0.00,-100.00%,$0.00,-100.00%,AMPY,NYSE:AMPY,-0.948,$7.75,-6.45%
NASDAQ:AMSC,29 Oct 2025,$40.66,2,,,0.64,$31.92,27.38%,,,,$30.18,-5.45%,$0.00,-100.00%,$0.00,-100.00%,AMSC,NASDAQ:AMSC,-0.939,$61.75,
NASDAQ:AMSF,26 Aug 2025,$45.99,3,,,2.44,$27.65,66.31%,,,,$27.41,-0.87%,$0.00,-100.00%,$0.00,-100.00%,AMSF,NASDAQ:AMSF,-0.112,$35.67,
NYSE:AMTB,19 Nov 2025,$19.34,3,$21.00,4,0.72,$29.17,-33.70%,,,,$28.39,-2.67%,$0.00,-100.00%,$0.00,-100.00%,AMTB,NYSE:AMTB,-0.833,$31.88,-34.13%
NASDAQ:AMTX,4 Sep 2025,$3.19,3,,5,0.62,$1.77,80.00%,,,,$1.64,-7.34%,$0.00,-100.00%,$0.00,-100.00%,AMTX,NASDAQ:AMTX,-0.948,$13.88,
NASDAQ:AMWD,30 Aug 2025,$86.63,3,,6,,,#DIV/0!,,,,,#DIV/0!,-$2.00,#DIV/0!,-$2.00,#DIV/0!,AMWD,NASDAQ:AMWD,-2.000,,
NYSE:AMX,23 Jun 2026,$26.38,3,$28.60,8,1.55,$23.45,12.48%,,,,$23.18,-1.15%,$34.16,45.69%,$70.76,201.74%,AMX,NYSE:AMX,-0.502,$29.44,-2.85%
NYSE:ANF,21 Sep 2025,$118.40,3,,1,0.46,$108.13,9.50%,,,,$104.30,-3.54%,$290.33,168.50%,$143.02,32.27%,ANF,NYSE:ANF,-0.939,$112.36,
NYSE:AON,29 Aug 2025,$347.01,2,,,0.65,$355.83,-2.48%,,,,$340.53,-4.30%,$319.18,-10.30%,$386.03,8.49%,AON,NYSE:AON,-0.872,$402.47,
NYSE:AORT,11 Dec 2025,$47.98,3,$51.71,4,0.62,$29.14,64.65%,,,,$26.95,-7.52%,$0.00,-100.00%,$0.00,-100.00%,AORT,NYSE:AORT,-0.947,$42.02,23.06%
NYSE:AOS,14 Jan 2026,$71.54,4,$76.86,8,0.92,$62.17,15.07%,,,,$61.08,-1.75%,$117.85,89.57%,$132.18,112.61%,AOS,NYSE:AOS,-0.754,$69.91,9.94%
NASDAQ:AOSL,5 Feb 2026,$36.47,3,$24.33,6,0.60,$30.77,-20.93%,,,,$28.18,-8.42%,$0.00,-100.00%,$0.00,-100.00%,AOSL,NASDAQ:AOSL,-0.955,$47.00,-48.23%
NASDAQ:APA,12 Aug 2025,$28.49,3,,7,1.40,$40.47,-29.61%,,,,$38.99,-3.66%,$0.00,-100.00%,$0.00,-100.00%,APA,NASDAQ:APA,-0.518,$42.04,
NYSE:APAM,25 Feb 2026,$47.32,4,$45.00,6,2.05,$42.18,6.69%,,,,$41.92,-0.62%,$0.00,-100.00%,$0.00,-100.00%,APAM,NYSE:APAM,-0.205,$39.25,14.65%
NYSE:APD,30 Aug 2025,$296.29,3,,8,0.95,$308.97,-4.10%,,,,$298.67,-3.33%,$229.35,-25.77%,$316.66,2.49%,APD,NYSE:APD,-0.735,$343.37,
NASDAQ:APEI,15 Oct 2025,$34.52,3,,,0.65,$45.23,-23.68%,,,,$43.20,-4.49%,$0.00,-100.00%,$0.00,-100.00%,APEI,NASDAQ:APEI,-0.930,$62.50,
NYSE:APH,22 Jan 2026,$121.05,1,$163.27,10,0.89,$167.11,-27.56%,,,,$162.60,-2.70%,$206.57,23.61%,$223.59,33.80%,APH,NYSE:APH,-0.777,$198.06,-17.57%
NASDAQ:API,24 Aug 2025,$3.05,3,,,0.51,$4.64,-34.38%,,,,$4.30,-7.33%,$0.00,-100.00%,$0.00,-100.00%,API,NASDAQ:API,-0.963,$5.80,
NASDAQ:APOG,5 May 2025,$66.39,5,,2,1.42,$42.58,55.92%,,,,$42.15,-1.01%,$31.48,-26.07%,$54.42,27.80%,APOG,NASDAQ:APOG,-0.510,$44.00,
NYSE:AQN,26 Aug 2025,$6.14,4,,8,0.92,$5.89,4.31%,,,,$5.67,-3.74%,$0.00,-100.00%,$0.00,-100.00%,AQN,NYSE:AQN,-0.756,$6.75,
NYSE:AR,20 Aug 2025,$31.31,3,,,0.52,$37.37,-16.22%,,,,$34.80,-6.88%,$64.08,71.47%,$91.78,145.60%,AR,NYSE:AR,-0.970,$49.10,
NASDAQ:ARAI,10 Feb 2026,$3.71,3,,,,$0.25,1385.16%,,,,,-100.00%,-$2.00,-900.00%,-$2.00,-900.00%,ARAI,NASDAQ:ARAI,-2.000,,
NASDAQ:ARAY,11 Dec 2025,$1.27,4,$4.00,4,,$0.28,353.57%,,,,,-100.00%,-$2.00,-814.29%,-$2.00,-814.29%,ARAY,NASDAQ:ARAY,-2.000,,
NASDAQ:ARCC,30 Mar 2026,$19.78,3,$20.83,9,2.11,$19.87,-0.48%,,,,$20.06,0.96%,$19.54,-1.67%,$20.74,4.37%,ARCC,NASDAQ:ARCC,-0.206,$20.62,1.02%
NYSE:ARCO,29 Aug 2025,$10.31,3,,9,0.90,$7.91,30.30%,,,,$7.92,0.13%,$0.00,-100.00%,$0.00,-100.00%,ARCO,NYSE:ARCO,-0.820,$11.29,
NASDAQ:ARHS,7 Jul 2025,$13.03,3,,4,0.87,$9.81,32.79%,,,,$9.47,-3.47%,$0.00,-100.00%,$0.00,-100.00%,ARHS,NASDAQ:ARHS,-0.757,$10.35,
NASDAQ:ARKO,26 Aug 2025,$6.50,3,,,1.10,$4.85,34.12%,,,,$4.34,-10.52%,$0.00,-100.00%,$0.00,-100.00%,ARKO,NASDAQ:ARKO,-0.732,$9.00,
NASDAQ:ARLP,29 Jun 2026,$24.48,1,,,1.75,$25.42,-3.70%,,,,$24.82,-2.36%,"$17,779.49",69842.91%,"$17,784.82",69863.90%,ARLP,NASDAQ:ARLP,-0.407,$31.17,
NASDAQ:ARM,19 Jan 2026,$90.86,2,$170.59,1,0.36,$279.44,-67.48%,,,,$251.79,-9.89%,$317.36,13.57%,$321.75,15.14%,ARM,NASDAQ:ARM,-0.980,$287.79,-40.72%
NASDAQ:AROW,2 Oct 2025,$52.81,3,$48.67,4,1.83,$39.25,24.00%,,,,$39.06,-0.48%,$0.00,-100.00%,$0.00,-100.00%,AROW,NASDAQ:AROW,-0.342,$43.33,12.32%
NYSE:ARX,13 Nov 2025,$14.59,3,,,0.39,$19.58,-25.48%,,,,$18.66,-4.70%,$0.00,-100.00%,$0.00,-100.00%,ARX,NYSE:ARX,-0.952,$19.11,
NYSE:ASB,10 Apr 2025,$23.54,5,,6,1.54,$32.33,-27.19%,,,,$31.73,-1.86%,$0.00,-100.00%,$0.00,-100.00%,ASB,NYSE:ASB,-0.465,$34.44,
NYSE:ASGN,20 Feb 2026,$71.47,3,$56.80,5,,,#DIV/0!,,,,,#DIV/0!,-$2.00,#DIV/0!,-$2.00,#DIV/0!,ASGN,NYSE:ASGN,-2.000,,
NYSE:ASH,14 May 2025,$83.18,3,,4,0.79,$73.71,12.85%,,,,$71.89,-2.47%,$100.69,36.60%,$144.96,96.66%,ASH,NYSE:ASH,-0.800,$80.18,
NASDAQ:ASML,30 Aug 2025,$871.20,3,,10,0.85,"$1,844.08",-52.76%,,,,"$1,781.39",-3.40%,"$2,324.34",26.04%,"$2,371.38",28.59%,ASML,NASDAQ:ASML,-0.796,"$2,170.81",
NASDAQ:ASPI,19 Nov 2025,$6.33,3,$13.00,3,0.60,$4.27,48.33%,,,,$4.09,-4.22%,$0.00,-100.00%,$0.00,-100.00%,ASPI,NASDAQ:ASPI,-0.956,$13.00,0.00%
NYSE:ASR,10 Jul 2025,$344.93,4,,7,2.27,$264.58,30.37%,,,,$269.04,1.69%,-$574.94,-317.30%,$872.22,229.66%,ASR,NYSE:ASR,-0.189,$343.64,
NASDAQ:ASTS,29 Jan 2026,$76.75,2,$91.68,6,0.46,$70.98,8.13%,,,,$68.24,-3.86%,$0.00,-100.00%,$0.00,-100.00%,ASTS,NASDAQ:ASTS,-0.957,$79.66,15.09%
NYSE:ASX,19 Jan 2026,$16.81,2,,,1.05,$39.54,-57.49%,,,,$38.24,-3.29%,$33.13,-16.21%,$40.07,1.35%,ASX,NYSE:ASX,-0.713,$48.00,
NASDAQ:ATEC,11 Dec 2025,$16.73,3,$23.17,2,0.54,$9.79,70.89%,,,,$9.01,-7.97%,$0.00,-100.00%,$0.00,-100.00%,ATEC,NASDAQ:ATEC,-0.981,$15.79,46.74%
NYSE:ATEN,20 Jan 2026,$18.80,3,$23.25,7,0.84,$27.40,-31.39%,,,,$26.39,-3.69%,$0.00,-100.00%,$0.00,-100.00%,ATEN,NYSE:ATEN,-0.847,$38.40,-39.45%
NYSE:ATGE,15 Oct 2025,$131.23,2,,,,,#DIV/0!,,,,,#DIV/0!,-$2.00,#DIV/0!,-$2.00,#DIV/0!,ATGE,NYSE:ATGE,-2.000,,
NYSE:ATI,30 Aug 2025,$63.00,2,,7,0.39,$228.48,-72.43%,,,,$214.38,-6.17%,$0.00,-100.00%,$0.00,-100.00%,ATI,NYSE:ATI,-0.974,$243.22,
NASDAQ:ATOM,10 Feb 2026,$5.03,3,,1,0.56,$5.60,-10.10%,,,,$5.14,-8.21%,$0.00,-100.00%,$0.00,-100.00%,ATOM,NASDAQ:ATOM,-0.972,$10.00,
NYSE:ATS,31 Oct 2025,$26.18,3,,,0.73,$20.31,28.90%,,,,$19.50,-3.99%,$0.00,-100.00%,$0.00,-100.00%,ATS,NYSE:ATS,-0.897,$35.00,
NYSE:AU,20 Aug 2025,$29.75,2,,,1.21,$96.30,-69.10%,,,,$93.65,-2.75%,$240.11,149.34%,$244.72,154.12%,AU,NYSE:AU,-0.632,$113.12,
NYSE:AUB,20 Jan 2026,$40.52,3,$42.50,6,1.13,$42.88,-5.50%,,,,$42.15,-1.70%,$0.00,-100.00%,$0.00,-100.00%,AUB,NYSE:AUB,-0.653,$47.00,-9.57%
NASDAQ:AUDC,26 Mar 2026,$12.39,3,$12.50,5,1.02,$10.37,19.47%,,,,$9.98,-3.76%,$0.00,-100.00%,$0.00,-100.00%,AUDC,NASDAQ:AUDC,-0.725,$12.50,0.00%
NASDAQ:AUR,5 Feb 2026,$5.15,3,,,0.65,$6.99,-26.38%,,,,$6.56,-6.15%,$5.78,-17.31%,$5.82,-16.77%,AUR,NASDAQ:AUR,-0.932,$11.22,
NYSE:AVB,18 Sep 2025,$217.02,5,,7,1.51,$184.06,17.91%,,,,$180.13,-2.14%,$0.00,-100.00%,$0.00,-100.00%,AVB,NYSE:AVB,-0.482,$201.33,
NASDAQ:AVGO,26 May 2026,$447.08,3,$478.56,9,1.05,$392.99,13.76%,,,,$405.77,3.25%,$535.17,36.18%,$564.80,43.72%,AVGO,NASDAQ:AVGO,-0.743,$527.88,-9.34%
NYSE:AVNS,11 Dec 2025,$18.52,3,,5,,$24.99,-25.89%,,,,,-100.00%,-$2.00,-108.00%,-$2.00,-108.00%,AVNS,NYSE:AVNS,-2.000,,
NASDAQ:AVNW,13 Aug 2026,,1,$32.33,5,0.80,$22.15,45.96%,45.96%,$32.33,$32.33,$21.14,-4.56%,$31.24,41.02%,$28.36,28.05%,AVNW,NASDAQ:AVNW,-0.866,$31.62,2.25%
NASDAQ:AVT,30 Aug 2025,$60.84,5,,1,0.97,$95.71,-36.43%,,,,$94.34,-1.43%,$0.00,-100.00%,$0.00,-100.00%,AVT,NASDAQ:AVT,-0.726,$106.25,
NASDAQ:AVTX,23 Dec 2025,$33.36,4,$37.40,3,0.55,$19.59,70.29%,,,,$18.21,-7.04%,$0.00,-100.00%,$0.00,-100.00%,AVTX,NASDAQ:AVTX,-0.976,$44.15,-15.29%
NYSE:AVY,30 Aug 2025,$186.52,3,,1,0.93,$178.93,4.24%,,,,$174.85,-2.28%,$388.34,117.04%,$462.31,158.38%,AVY,NYSE:AVY,-0.750,$201.80,
NYSE:AX,19 Nov 2025,$76.16,3,$103.25,5,0.48,$102.16,-25.45%,,,,$96.35,-5.69%,$0.00,-100.00%,$0.00,-100.00%,AX,NYSE:AX,-0.954,$118.43,-12.82%
NYSE:B,24 Oct 2025,$29.72,2,,,0.77,$41.60,-28.56%,,,,$39.36,-5.38%,$0.00,-100.00%,$0.00,-100.00%,B,NYSE:B,-0.848,$52.62,
NYSE:BA,9 Apr 2025,$179.31,5,,9,0.62,$231.67,-22.60%,,,,$221.64,-4.33%,$105.31,-54.54%,$85.84,-62.95%,BA,NYSE:BA,-0.897,$274.69,
NYSE:BABA,20 Aug 2025,$133.65,4,,7,0.65,$123.81,7.95%,,,,$117.11,-5.41%,$197.33,59.38%,$237.67,91.96%,BABA,NYSE:BABA,-0.934,$189.60,
NYSE:BAC,14 Aug 2025,$45.19,3,,6,0.82,$64.49,-29.93%,,,,$62.82,-2.59%,$0.00,-100.00%,$0.00,-100.00%,BAC,NYSE:BAC,-0.784,$68.77,
NYSE:BALL,20 Aug 2025,$67.98,3,,6,0.70,$61.82,9.97%,,,,$60.42,-2.26%,$0.00,-100.00%,$0.00,-100.00%,BALL,NYSE:BALL,-0.861,$72.57,
NYSE:BANC,19 Nov 2025,$18.77,3,$20.69,3,1.34,$19.74,-4.91%,,,,$19.54,-1.01%,$0.00,-100.00%,$0.00,-100.00%,BANC,NYSE:BANC,-0.565,$22.27,-7.09%
NASDAQ:BANF,1 Jun 2026,$118.00,3,$125.00,2,1.30,$115.72,1.97%,,,,$114.14,-1.37%,$0.00,-100.00%,$0.00,-100.00%,BANF,NASDAQ:BANF,-0.572,$124.33,0.54%
NASDAQ:BANR,19 Nov 2025,$63.81,3,$71.50,3,0.97,$74.01,-13.78%,,,,$72.37,-2.22%,$0.00,-100.00%,$0.00,-100.00%,BANR,NASDAQ:BANR,-0.711,$76.50,-6.54%
NYSE:BAP,27 May 2026,$279.24,2,,,1.55,$386.36,-27.73%,,,,$370.63,-4.07%,$0.00,-100.00%,$0.00,-100.00%,BAP,NYSE:BAP,-0.456,$403.48,
NYSE:BB,18 Aug 2025,$3.38,3,,6,0.40,$8.90,-62.04%,,,,$8.30,-6.74%,$8.50,-4.49%,$8.95,0.56%,BB,NYSE:BB,-0.975,$9.71,
NYSE:BBAI,9 Feb 2026,$4.92,3,$6.33,2,0.52,$3.27,50.46%,,,,$3.08,-5.81%,$0.00,-100.00%,$0.00,-100.00%,BBAI,NYSE:BBAI,-0.951,$4.00,58.25%
NYSE:BBD,1 Jun 2026,$3.72,3,,5,1.04,$3.14,18.54%,,,,$3.10,-1.27%,$0.00,-100.00%,$0.00,-100.00%,BBD,NYSE:BBD,-0.762,$4.55,
NASDAQ:BBNX,11 Dec 2025,$41.35,4,,,0.43,$17.57,135.34%,,,,$16.17,-7.97%,$15.40,-12.32%,$15.54,-11.57%,BBNX,NASDAQ:BBNX,-0.976,$20.31,
NYSE:BBT,19 Nov 2025,$27.72,3,,,1.59,$32.07,-13.56%,,,,$31.90,-0.53%,$0.00,-100.00%,$0.00,-100.00%,BBT,NYSE:BBT,-0.444,$34.83,
NYSE:BBVA,9 Sep 2025,$17.20,3,,9,1.71,$28.70,-40.06%,,,,$28.74,0.14%,$0.00,-100.00%,$0.00,-100.00%,BBVA,NYSE:BBVA,-0.339,$24.53,
NYSE:BBW,15 Aug 2025,$41.34,2,,8,1.21,$38.34,7.83%,,,,$36.44,-4.96%,$89.68,133.90%,$108.80,183.77%,BBW,NYSE:BBW,-0.683,$61.25,
NYSE:BBWI,24 Mar 2026,$46.95,3,$23.83,5,1.36,$19.41,22.77%,,,,$17.83,-8.14%,$30.21,55.63%,$42.32,118.01%,BBWI,NYSE:BBWI,-0.595,$25.20,-5.44%
NYSE:BBY,30 Aug 2025,$87.98,3,,5,1.22,$86.42,1.80%,,,,$83.13,-3.81%,$83.23,-3.69%,$120.15,39.03%,BBY,NYSE:BBY,-0.576,$80.90,
NYSE:BCH,19 Nov 2025,$33.72,2,,,2.06,$40.69,-17.13%,,,,$39.98,-1.74%,"-$77,842.61",-191406.48%,"-$77,842.01",-191405.01%,BCH,NYSE:BCH,-0.212,$39.54,
NYSE:BCS,19 Aug 2025,$17.24,2,,,1.73,$28.14,-38.73%,,,,$28.00,-0.50%,-$79.94,-384.10%,-$79.94,-384.10%,BCS,NYSE:BCS,-0.381,$30.09,
NYSE:BCSF,25 Feb 2026,$14.48,3,$15.00,6,1.94,$12.55,15.39%,,,,$12.68,1.04%,$0.00,-100.00%,$0.00,-100.00%,BCSF,NYSE:BCSF,-0.295,$13.83,8.46%
NYSE:BDC,27 Jan 2026,$129.16,4,$147.50,3,0.82,$135.90,-4.96%,,,,$133.93,-1.45%,$168.19,23.76%,$202.64,49.11%,BDC,NYSE:BDC,-0.799,$152.75,-3.44%
NASDAQ:BELFA,26 Jan 2026,$136.39,2,,,0.92,$242.89,-43.85%,,,,$229.08,-5.69%,$563.36,131.94%,$682.19,180.86%,BELFA,NASDAQ:BELFA,-0.787,$313.00,
NASDAQ:BELFB,26 Jan 2026,$149.36,2,,,0.56,$290.08,-48.51%,,,,$275.94,-4.87%,$0.00,-100.00%,$0.00,-100.00%,BELFB,NASDAQ:BELFB,-0.913,$329.67,
NYSE:BF.A,24 May 2026,$36.21,3,,,0.59,$28.90,25.29%,,,,$27.87,-3.56%,$61.04,111.21%,$66.48,130.03%,BF.A,NYSE:BF.A,-0.763,,
NYSE:BF.B,26 Mar 2026,$32.79,5,,,0.91,$28.42,15.38%,,,,$27.48,-3.31%,$46.88,64.96%,$50.04,76.06%,BF.B,NYSE:BF.B,-0.724,$27.79,
NYSE:BFAM,1 Sep 2025,$119.95,3,,8,0.49,$71.31,68.20%,,,,$68.08,-4.53%,$0.00,-100.00%,$0.00,-100.00%,BFAM,NYSE:BFAM,-0.972,$89.44,
NASDAQ:BFC,21 Oct 2025,$117.45,3,$137.00,6,0.74,$158.00,-25.66%,,,,$154.26,-2.37%,$0.00,-100.00%,$0.00,-100.00%,BFC,NASDAQ:BFC,-0.811,$163.00,-15.95%
NYSE:BFLY,16 Dec 2025,$4.29,3,$4.25,7,0.48,$8.84,-51.92%,,,,$8.52,-3.62%,$0.00,-100.00%,$0.00,-100.00%,BFLY,NYSE:BFLY,-0.930,$9.31,-54.35%
NYSE:BFS,23 Dec 2025,$44.26,3,,5,1.56,$34.80,27.18%,,,,$34.43,-1.06%,$0.00,-100.00%,$0.00,-100.00%,BFS,NYSE:BFS,-0.494,$43.50,
NASDAQ:BFST,27 May 2026,$30.53,3,$33.00,3,0.87,$32.12,-4.94%,,,,$31.71,-1.28%,$0.00,-100.00%,$0.00,-100.00%,BFST,NASDAQ:BFST,-0.763,$34.70,-4.90%
NYSEAMERICAN:BHB,10 Oct 2025,$29.37,1,,,,$40.62,-27.70%,,,,,-100.00%,-$2.00,-104.92%,-$2.00,-104.92%,BHB,NYSEAMERICAN:BHB,-2.000,,
NYSE:BHE,2 Feb 2026,$52.61,3,$56.00,6,0.83,$81.75,-35.65%,,,,$78.97,-3.40%,$88.76,8.57%,$101.64,24.34%,BHE,NYSE:BHE,-0.776,$86.00,-34.88%
NYSE:BHP,11 Dec 2025,$58.46,3,$49.75,6,0.67,$86.78,-42.67%,,,,$85.44,-1.54%,$0.00,-100.00%,$0.00,-100.00%,BHP,NYSE:BHP,-0.800,$73.64,-32.44%
NASDAQ:BHRB,19 Nov 2025,$66.02,3,$72.00,5,1.53,$73.15,-9.75%,,,,$73.22,0.10%,$0.00,-100.00%,$0.00,-100.00%,BHRB,NASDAQ:BHRB,-0.472,$80.00,-10.00%
NYSE:BIO,11 Dec 2025,$345.93,4,$357.50,4,0.34,$356.26,-2.90%,,,,$335.84,-5.73%,$0.00,-100.00%,$0.00,-100.00%,BIO,NYSE:BIO,-0.967,$329.00,8.66%
NYSE:BIRK,8 Mar 2026,$48.62,3,$58.44,5,0.65,$39.35,23.56%,,,,$39.49,0.36%,$0.00,-100.00%,$0.00,-100.00%,BIRK,NYSE:BIRK,-0.921,$52.86,10.56%
NYSE:BJ,20 Aug 2025,$90.76,0,,1,0.81,$93.41,-2.84%,,,,$90.91,-2.68%,$84.36,-9.68%,$70.87,-24.13%,BJ,NYSE:BJ,-0.795,$102.60,
NYSE:BKD,30 Aug 2025,$9.20,4,,6,0.75,$12.64,-27.21%,,,,$12.17,-3.72%,$0.00,-100.00%,$0.00,-100.00%,BKD,NYSE:BKD,-0.890,$19.42,
NYSE:BKE,13 Apr 2026,$50.82,3,$53.00,5,1.74,$44.11,15.21%,,,,$44.57,1.04%,$68.30,54.84%,$73.16,65.86%,BKE,NYSE:BKE,-0.372,$46.00,15.22%
NASDAQ:BKR,30 Jun 2026,$56.35,3,$74.62,6,1.25,$64.82,-13.07%,,,,$62.13,-4.15%,$110.66,70.73%,$132.28,104.07%,BKR,NASDAQ:BKR,-0.602,$71.39,4.52%
NYSEAMERICAN:BKTI,10 Feb 2026,$81.00,,,8,,$74.00,9.46%,,,,,-100.00%,-$2.00,-102.70%,-$2.00,-102.70%,BKTI,NYSEAMERICAN:BKTI,-2.000,,
NYSE:BKU,19 Nov 2025,$43.87,3,,,1.22,$48.34,-9.25%,,,,$47.21,-2.34%,$0.00,-100.00%,$0.00,-100.00%,BKU,NYSE:BKU,-0.601,$50.27,
NASDAQ:BL,29 Jan 2026,$60.96,4,$59.00,6,0.57,$30.53,93.25%,,,,$27.24,-10.78%,$0.00,-100.00%,$0.00,-100.00%,BL,NASDAQ:BL,-0.941,$38.80,52.06%
NYSE:BLD,30 Aug 2025,$467.93,3,,3,,,#DIV/0!,,,,,#DIV/0!,-$2.00,#DIV/0!,-$2.00,#DIV/0!,BLD,NYSE:BLD,-2.000,,
NASDAQ:BLDP,29 Oct 2025,$3.68,3,$2.20,5,0.61,$2.70,-18.52%,,,,$2.50,-7.41%,$0.00,-100.00%,$0.00,-100.00%,BLDP,NASDAQ:BLDP,-0.951,$4.16,-47.12%
NYSE:BLK,27 Aug 2025,"$1,027.97",2,,,0.72,"$1,173.73",-12.42%,,,,"$1,139.18",-2.94%,$0.00,-100.00%,$0.00,-100.00%,BLK,NYSE:BLK,-0.839,"$1,314.44",
NASDAQ:BLKB,19 Nov 2025,$76.27,3,$75.00,4,0.79,$45.25,65.75%,,,,$43.10,-4.75%,$38.62,-14.64%,$62.65,38.44%,BLKB,NASDAQ:BLKB,-0.822,$53.40,40.45%
NYSE:BLND,27 Jan 2026,$3.86,3,$4.19,7,0.57,$1.49,159.08%,,,,$1.34,-10.07%,$0.00,-100.00%,$0.00,-100.00%,BLND,NYSE:BLND,-0.967,$3.26,28.53%
NASDAQ:BLNK,23 Dec 2025,$0.94,3,,6,0.60,$0.59,59.32%,,,,$0.56,-5.08%,$0.00,-100.00%,$0.00,-100.00%,BLNK,NASDAQ:BLNK,-0.957,$1.63,
NYSE:BLSH,13 Nov 2025,$55.70,3,,,0.60,$24.39,128.36%,,,,$23.97,-1.72%,$0.00,-100.00%,$0.00,-100.00%,BLSH,NYSE:BLSH,-0.953,$40.83,
NYSE:BLX,19 Nov 2025,$40.42,3,,,1.64,$55.18,-26.75%,,,,$54.77,-0.74%,$0.00,-100.00%,$0.00,-100.00%,BLX,NYSE:BLX,-0.443,$64.65,
NASDAQ:BLZE,27 Jan 2026,$6.36,3,$9.00,6,0.50,$19.02,-66.55%,,,,$17.98,-5.47%,$0.00,-100.00%,$0.00,-100.00%,BLZE,NASDAQ:BLZE,-0.955,$22.83,-60.58%
NYSE:BMI,28 Jan 2026,$175.41,3,$204.00,3,0.82,$130.82,34.09%,,,,$127.56,-2.49%,$175.65,34.27%,$183.34,40.14%,BMI,NYSE:BMI,-0.809,$155.44,31.24%
NASDAQ:BMRC,19 Nov 2025,$27.20,3,$29.50,7,1.71,$28.29,-3.85%,,,,$28.53,0.85%,-$138.95,-591.15%,-$136.18,-581.37%,BMRC,NASDAQ:BMRC,-0.401,$31.80,-7.23%
NYSE:BN,26 Aug 2024,$55.96,2,,,0.54,$43.85,27.62%,,,,$42.30,-3.53%,$0.00,-100.00%,$0.00,-100.00%,BN,NYSE:BN,-0.944,$54.20,
NYSE:BNS,19 Aug 2025,$55.34,3,,,1.68,$91.54,-39.55%,,,,$90.23,-1.43%,-$120.71,-231.86%,-$104.28,-213.92%,BNS,NYSE:BNS,-0.377,$87.12,
NYSE:BOH,16 Apr 2026,$78.42,3,$83.80,3,1.73,$80.29,-2.33%,,,,$79.74,-0.69%,$0.00,-100.00%,$0.00,-100.00%,BOH,NYSE:BOH,-0.385,$86.83,-3.49%
NASDAQ:BOKF,1 Jun 2026,$132.35,3,$139.00,2,1.21,$146.07,-9.39%,,,,$144.28,-1.23%,$0.00,-100.00%,$0.00,-100.00%,BOKF,NASDAQ:BOKF,-0.606,$152.00,-8.55%
NYSE:BOW,19 Sep 2025,$29.01,3,,,0.89,$33.51,-13.43%,,,,$33.02,-1.46%,$108.97,225.17%,$109.57,226.97%,BOW,NYSE:BOW,-0.739,$33.71,
NYSE:BP,18 Aug 2025,$39.40,4,,9,1.39,$42.53,-7.35%,,,,$42.11,-0.99%,$0.00,-100.00%,$0.00,-100.00%,BP,NYSE:BP,-0.542,$47.60,
NASDAQ:BPOP,19 Nov 2025,$104.09,2,,,0.90,$177.87,-41.48%,,,,$173.77,-2.31%,$0.00,-100.00%,$0.00,-100.00%,BPOP,NASDAQ:BPOP,-0.760,$197.30,
NYSE:BR,29 Jan 2026,$214.91,4,$265.40,4,0.60,$171.01,25.67%,,,,$161.83,-5.37%,$0.00,-100.00%,$0.00,-100.00%,BR,NYSE:BR,-0.921,$211.38,25.56%
NYSEAMERICAN:BRBS,19 Nov 2025,$4.10,,,6,,$3.69,11.11%,,,,,-100.00%,-$2.00,-154.20%,-$2.00,-154.20%,BRBS,NYSEAMERICAN:BRBS,-2.000,,
NASDAQ:BRKR,11 Dec 2025,$76.60,3,$47.88,3,0.44,$57.70,-17.02%,,,,$55.40,-3.99%,$0.00,-100.00%,$0.00,-100.00%,BRKR,NASDAQ:BRKR,-0.942,$58.75,-18.50%
NYSE:BROS,14 Jan 2026,$57.62,2,$76.64,9,0.73,$52.02,10.77%,,,,$49.42,-5.00%,$0.00,-100.00%,$0.00,-100.00%,BROS,NYSE:BROS,-0.896,$79.79,-3.95%
NYSE:BSAC,19 Nov 2025,$26.95,3,,,1.81,$34.55,-22.00%,,,,$33.98,-1.65%,$0.00,-100.00%,$0.00,-100.00%,BSAC,NYSE:BSAC,-0.332,$35.15,
NYSE:BSBR,13 Oct 2025,$5.76,3,,5,1.02,$5.77,-0.17%,,,,$5.68,-1.56%,$0.00,-100.00%,$0.00,-100.00%,BSBR,NYSE:BSBR,-0.731,$7.10,
NASDAQ:BSRR,27 May 2026,$37.81,3,$36.50,6,1.59,$41.01,-11.00%,,,,$40.93,-0.20%,$0.00,-100.00%,$0.00,-100.00%,BSRR,NASDAQ:BSRR,-0.438,$43.00,-15.12%
NASDAQ:BSVN,2 Oct 2025,$44.09,3,$53.50,5,1.26,$52.29,-15.68%,,,,$51.71,-1.11%,$0.00,-100.00%,$0.00,-100.00%,BSVN,NASDAQ:BSVN,-0.596,$57.33,-6.68%
NYSE:BSX,11 Dec 2025,$90.36,2,$126.57,10,0.60,$51.83,74.35%,,,,$49.61,-4.28%,$0.00,-100.00%,$0.00,-100.00%,BSX,NYSE:BSX,-0.915,$62.69,101.90%
NASDAQ:BSY,11 Feb 2026,$40.46,5,$48.60,7,0.64,$36.24,11.64%,,,,$33.34,-8.00%,$0.00,-100.00%,$0.00,-100.00%,BSY,NASDAQ:BSY,-0.898,$44.47,9.29%
NASDAQ:BTCS,23 Dec 2025,$3.00,3,$7.00,7,0.68,$1.12,167.86%,,,,$1.03,-8.04%,$0.00,-100.00%,$0.00,-100.00%,BTCS,NASDAQ:BTCS,-0.921,$5.00,40.00%
NASDAQ:BTDR,19 Aug 2025,$10.25,2,,,0.69,$9.13,12.26%,,,,$8.62,-5.59%,$0.00,-100.00%,$0.00,-100.00%,BTDR,NASDAQ:BTDR,-0.918,$22.83,
NYSE:BTI,17 Mar 2026,$55.65,2,,7,1.12,$57.06,-2.48%,,,,$56.36,-1.23%,$0.00,-100.00%,$0.00,-100.00%,BTI,NYSE:BTI,-0.688,$70.20,
NASDAQ:BTOG,18 Aug 2025,$0.57,3,,,,$0.82,-30.85%,,,,,-100.00%,-$2.00,-343.90%,-$2.00,-343.90%,BTOG,NASDAQ:BTOG,-2.000,,
NASDAQ:BULL,2 Sep 2025,$18.16,3,,,0.58,$8.04,125.90%,,,,$7.32,-8.96%,$12.17,51.36%,$11.32,40.81%,BULL,NASDAQ:BULL,-0.963,$12.33,
NYSE:BUR,28 Oct 2025,$12.88,3,$21.32,4,1.22,$4.37,194.74%,,,,$4.24,-2.97%,$0.00,-100.00%,$0.00,-100.00%,BUR,NYSE:BUR,-0.681,$8.67,145.91%
NYSE:BURL,25 Jul 2023,$199.81,4,,,0.57,$347.67,-42.53%,,,,$338.52,-2.63%,$383.05,10.18%,$399.03,14.77%,BURL,NYSE:BURL,-0.900,$375.88,
NASDAQ:BUSE,27 May 2026,$28.96,3,$29.33,8,1.33,$31.23,-7.27%,,,,$31.04,-0.61%,$0.00,-100.00%,$0.00,-100.00%,BUSE,NASDAQ:BUSE,-0.559,$33.29,-11.90%
NASDAQ:BVFL,29 Oct 2025,$15.68,3,,4,,$21.20,-26.04%,,,,,-100.00%,-$2.00,-109.43%,-$2.00,-109.43%,BVFL,NASDAQ:BVFL,-2.000,,
NASDAQ:BWFG,9 Oct 2025,$39.87,3,,,0.67,$68.13,-41.48%,,,,$66.34,-2.63%,$0.00,-100.00%,$0.00,-100.00%,BWFG,NASDAQ:BWFG,-0.832,$67.50,
NYSE:BXP,14 Jan 2026,$81.17,5,$77.89,2,1.40,$68.45,13.79%,,,,$67.95,-0.73%,$0.00,-100.00%,$0.00,-100.00%,BXP,NYSE:BXP,-0.530,$74.55,4.48%
NYSE:BXSL,19 Aug 2025,$31.13,3,,7,2.13,$24.68,26.14%,,,,$24.63,-0.20%,$0.00,-100.00%,$0.00,-100.00%,BXSL,NYSE:BXSL,-0.185,$24.66,
NYSE:BY,28 Apr 2026,$33.91,3,$36.00,7,1.10,$39.27,-13.64%,,,,$38.73,-1.38%,$0.00,-100.00%,$0.00,-100.00%,BY,NYSE:BY,-0.665,$43.20,-16.67%
NYSE:BZH,31 Dec 2025,$31.99,3,$25.00,1,0.31,$33.10,-24.47%,,,,$31.75,-4.08%,$130.86,295.36%,$91.25,175.68%,BZH,NYSE:BZH,-0.957,$27.50,-9.09%
NYSE:C,12 Aug 2025,$86.32,3,,,0.97,$139.33,-38.05%,,,,$135.36,-2.85%,$0.00,-100.00%,$0.00,-100.00%,C,NYSE:C,-0.727,$154.50,
NYSE:CAAP,15 Aug 2025,$22.01,3,,9,0.94,$24.48,-10.10%,,,,$24.16,-1.31%,$41.44,69.26%,$57.33,134.19%,CAAP,NYSE:CAAP,-0.788,$32.43,
NASDAQ:CAC,14 Oct 2025,$41.96,3,$44.00,3,1.32,$58.77,-28.60%,,,,$58.17,-1.02%,$0.00,-100.00%,$0.00,-100.00%,CAC,NASDAQ:CAC,-0.547,$59.50,-26.05%
NYSE:CADE,14 Oct 2025,$37.02,3,,,,,#DIV/0!,,,,,#DIV/0!,-$2.00,#DIV/0!,-$2.00,#DIV/0!,CADE,NYSE:CADE,-2.000,,
NYSE:CAL,21 Sep 2025,$26.47,3,,1,1.03,$13.37,97.98%,,,,$13.19,-1.35%,$10.66,-20.24%,$22.76,70.20%,CAL,NYSE:CAL,-0.736,$17.00,
NASDAQ:CALM,11 Jul 2025,$93.94,3,,6,0.95,$81.09,15.85%,,,,$81.40,0.38%,$210.89,160.06%,$118.14,45.69%,CALM,NASDAQ:CALM,-0.731,$88.00,
NYSE:CALX,29 Jan 2026,$45.47,2,$82.00,6,0.56,$39.54,15.00%,,,,$37.80,-4.40%,$50.14,26.80%,$54.69,38.33%,CALX,NYSE:CALX,-0.975,$62.33,31.56%
NASDAQ:CAMT,24 Oct 2024,$87.99,4,,,0.49,$165.38,-46.80%,,,,$164.02,-0.82%,$0.00,-100.00%,$0.00,-100.00%,CAMT,NASDAQ:CAMT,-0.944,$185.45,
NYSE:CANG,24 Aug 2025,$4.01,3,,7,,$2.05,95.46%,,,,,-100.00%,-$2.00,-197.56%,-$2.00,-197.56%,CANG,NYSE:CANG,-2.000,,
NASDAQ:CAR,11 Mar 2024,$159.62,3,,,0.60,$137.85,15.79%,,,,$133.39,-3.24%,"-$1,544.49",-1220.41%,-$822.35,-696.55%,CAR,NASDAQ:CAR,-0.854,$129.14,
NASDAQ:CARE,19 Nov 2025,$18.50,3,$22.00,5,0.75,$32.68,-43.39%,,,,$31.17,-4.62%,$0.00,-100.00%,$0.00,-100.00%,CARE,NASDAQ:CARE,-0.812,$34.50,-36.23%
NYSE:CARR,24 Dec 2025,$35.78,3,$48.75,5,1.04,$62.78,-43.01%,,,,$61.75,-1.64%,$69.13,10.11%,$83.54,33.07%,CARR,NYSE:CARR,-0.723,$77.82,-37.36%
NASDAQ:CASH,19 Nov 2025,$71.98,3,$88.00,2,0.68,$86.67,-16.95%,,,,$83.80,-3.31%,$0.00,-100.00%,$0.00,-100.00%,CASH,NASDAQ:CASH,-0.869,$101.00,-12.87%
NYSEAMERICAN:CATX,11 Dec 2025,$2.54,1,$11.92,8,,$3.20,-20.63%,,,,,-100.00%,-$2.00,-162.50%,-$2.00,-162.50%,CATX,NYSEAMERICAN:CATX,-2.000,,
NASDAQ:CATY,27 May 2026,$59.45,3,$53.67,6,1.69,$64.93,-17.34%,,,,$64.59,-0.52%,$0.00,-100.00%,$0.00,-100.00%,CATY,NASDAQ:CATY,-0.387,$65.80,-18.43%
NYSE:CAVA,11 Nov 2025,$63.28,3,$72.31,6,0.55,$74.42,-14.97%,,,,$67.56,-9.22%,$0.00,-100.00%,$0.00,-100.00%,CAVA,NYSE:CAVA,-0.936,$90.38,-19.99%
NYSE:CB,18 Sep 2025,$273.39,3,,,0.68,$343.64,-20.44%,,,,$334.97,-2.52%,$0.00,-100.00%,$0.00,-100.00%,CB,NYSE:CB,-0.846,$365.26,
NASDAQ:CBLL,11 Dec 2025,$36.55,3,$25.00,6,0.55,$23.33,7.16%,,,,$21.91,-6.09%,$0.00,-100.00%,$0.00,-100.00%,CBLL,NASDAQ:CBLL,-0.926,$27.00,-7.41%
NASDAQ:CBNK,23 Dec 2025,$29.70,3,$34.00,3,1.02,$37.64,-21.09%,,,,$37.12,-1.38%,$0.00,-100.00%,$0.00,-100.00%,CBNK,NASDAQ:CBNK,-0.704,$41.50,-18.07%
BATS:CBOE,18 Sep 2025,$214.25,2,,,0.53,$296.14,-27.65%,,,,$281.37,-4.99%,$0.00,-100.00%,$0.00,-100.00%,CBOE,BATS:CBOE,-0.912,$317.71,
NYSE:CBU,27 Oct 2025,$62.61,3,$63.00,3,1.28,$65.84,-4.90%,,,,$64.94,-1.37%,$0.00,-100.00%,$0.00,-100.00%,CBU,NYSE:CBU,-0.578,$70.17,-10.22%
NYSE:CBZ,7 Jan 2025,$77.57,3,,,0.39,$54.46,42.43%,,,,$52.26,-4.04%,$104.99,92.78%,$123.09,126.01%,CBZ,NYSE:CBZ,-0.951,$51.67,
NASDAQ:CCB,19 Nov 2025,$95.54,3,$127.50,8,0.42,$52.47,82.09%,,,,$48.09,-8.35%,$0.00,-100.00%,$0.00,-100.00%,CCB,NASDAQ:CCB,-0.936,$49.50,157.58%
NASDAQ:CCBG,19 Nov 2025,$38.91,3,$47.00,7,1.00,$52.49,-25.87%,,,,$51.75,-1.41%,$0.00,-100.00%,$0.00,-100.00%,CCBG,NASDAQ:CCBG,-0.687,$51.67,-9.04%
NYSE:CCI,19 Sep 2025,$108.34,5,,6,1.58,$75.98,42.59%,,,,$73.94,-2.68%,$0.00,-100.00%,$0.00,-100.00%,CCI,NYSE:CCI,-0.488,$95.47,
NYSE:CCK,29 Aug 2025,$107.03,3,,5,0.80,$119.02,-10.07%,,,,$116.07,-2.48%,$0.00,-100.00%,$0.00,-100.00%,CCK,NYSE:CCK,-0.811,$136.57,
NYSE:CCL,23 Jul 2026,$30.88,5,$35.19,7,0.97,$28.12,9.82%,9.82%,$30.88,$35.55,$27.53,-2.10%,$57.93,106.00%,$84.24,199.56%,CCL,NYSE:CCL,-0.760,$35.55,-1.01%
NASDAQ:CCNE,30 Mar 2026,$32.74,3,$35.00,5,1.54,$34.94,-6.30%,,,,$34.82,-0.34%,$0.00,-100.00%,$0.00,-100.00%,CCNE,NASDAQ:CCNE,-0.463,$37.50,-6.67%
NASDAQ:CCOI,6 Nov 2025,$50.57,3,$44.20,5,1.05,$11.31,290.80%,,,,$9.41,-16.80%,$0.00,-100.00%,$0.00,-100.00%,CCOI,NASDAQ:CCOI,-0.755,$18.32,141.27%
NASDAQ:CCSI,11 Feb 2026,$30.28,4,$37.00,3,0.44,$39.07,-22.50%,,,,$35.71,-8.60%,$0.00,-100.00%,$0.00,-100.00%,CCSI,NASDAQ:CCSI,-0.954,$41.75,-11.38%
NYSE:CDE,28 Apr 2026,$9.27,2,$26.86,9,0.51,$18.81,-50.71%,,,,$17.35,-7.76%,$0.00,-100.00%,$0.00,-100.00%,CDE,NYSE:CDE,-0.958,$23.32,15.18%
NASDAQ:CDNS,19 Jan 2026,$321.30,3,$376.64,6,0.53,$324.82,-1.08%,,,,$308.32,-5.08%,$446.69,37.52%,$472.62,45.50%,CDNS,NASDAQ:CDNS,-0.950,$403.67,-6.70%
NYSE:CDP,18 Feb 2026,$33.25,3,$35.60,7,1.20,$36.95,-10.01%,,,,$36.72,-0.62%,$33.84,-8.42%,$47.42,28.33%,CDP,NYSE:CDP,-0.613,$38.88,-8.44%
NASDAQ:CDW,18 May 2026,$131.51,3,$138.83,9,0.46,$139.42,-5.67%,,,,$130.44,-6.44%,$0.00,-100.00%,$0.00,-100.00%,CDW,NASDAQ:CDW,-0.956,$155.89,-10.94%
NYSE:CE,28 Mar 2025,$111.30,3,,9,0.68,$45.66,143.76%,,,,$41.63,-8.83%,$0.00,-100.00%,$0.00,-100.00%,CE,NYSE:CE,-0.918,$63.62,
NASDAQ:CEG,23 Dec 2025,$300.57,2,$409.82,9,0.51,$282.50,6.40%,,,,$264.93,-6.22%,$0.00,-100.00%,$0.00,-100.00%,CEG,NASDAQ:CEG,-0.958,$349.96,17.10%
NASDAQ:CELC,29 Nov 2024,$21.98,3,,,0.58,$92.00,-76.11%,,,,$82.48,-10.35%,$0.00,-100.00%,$0.00,-100.00%,CELC,NASDAQ:CELC,-0.965,$163.54,
NASDAQ:CENT,9 Apr 2026,$50.35,5,$50.00,5,0.51,$43.73,14.34%,,,,$42.38,-3.09%,$0.00,-100.00%,$0.00,-100.00%,CENT,NASDAQ:CENT,-0.954,$53.00,-5.66%
NASDAQ:CENTA,13 Aug 2026,$45.29,4,,,0.58,$37.85,19.66%,19.66%,$45.29,$45.29,$37.18,-1.77%,$0.00,-100.00%,$0.00,-100.00%,CENTA,NASDAQ:CENTA,-0.918,$45.25,
NASDAQ:CENX,20 Aug 2025,$23.49,3,,9,0.59,$46.72,-49.72%,,,,$44.29,-5.20%,$0.00,-100.00%,$0.00,-100.00%,CENX,NASDAQ:CENX,-0.959,$70.50,
NYSE:CEPU,16 Dec 2025,$17.50,3,$17.50,9,0.98,$13.12,33.38%,,,,$12.94,-1.37%,$0.00,-100.00%,$0.00,-100.00%,CEPU,NYSE:CEPU,-0.786,$24.01,-27.11%
NASDAQ:CERS,11 Dec 2025,$2.70,4,$4.50,4,1.05,$2.98,-9.52%,,,,$2.67,-10.40%,$2.46,-17.34%,$2.56,-14.05%,CERS,NASDAQ:CERS,-0.754,$4.67,-3.64%
NASDAQ:CEVA,10 Feb 2026,$35.04,4,$36.00,5,0.70,$33.28,5.29%,,,,$28.58,-14.12%,$0.00,-100.00%,$0.00,-100.00%,CEVA,NASDAQ:CEVA,-0.912,$46.75,-22.99%
NASDAQ:CFFN,1 Jun 2026,$8.16,3,$8.25,6,2.53,$8.73,-6.59%,,,,$8.95,2.52%,$0.00,-100.00%,$0.00,-100.00%,CFFN,NASDAQ:CFFN,-0.030,$9.50,-13.16%
NYSE:CFG,27 May 2026,$59.16,3,$72.63,6,1.55,$74.73,-20.83%,,,,$73.84,-1.19%,$0.00,-100.00%,$0.00,-100.00%,CFG,NYSE:CFG,-0.461,$80.59,-9.88%
NASDAQ:CFLT,27 Jan 2026,$37.00,3,$29.10,1,,,#DIV/0!,,,,,#DIV/0!,-$2.00,#DIV/0!,-$2.00,#DIV/0!,CFLT,NASDAQ:CFLT,-2.000,,
NYSE:CFR,19 Nov 2025,$122.52,3,$139.13,7,1.17,$170.08,-27.96%,,,,$167.14,-1.73%,-$415.28,-344.16%,-$492.12,-389.35%,CFR,NYSE:CFR,-0.612,$169.50,-17.92%
NASDAQ:CG,19 Nov 2025,$51.54,3,$66.70,6,0.80,$49.28,4.58%,,,,$47.34,-3.94%,$0.00,-100.00%,$0.00,-100.00%,CG,NASDAQ:CG,-0.816,$58.06,14.88%
NYSE:CGAU,15 Aug 2025,$8.68,4,,7,0.99,$21.51,-59.63%,,,,$20.65,-4.00%,$35.97,67.24%,$25.19,17.10%,CGAU,NYSE:CGAU,-0.710,$23.25,
NASDAQ:CGNX,29 Jan 2026,$39.12,3,$45.64,9,0.62,$65.63,-40.39%,,,,$58.62,-10.68%,$0.00,-100.00%,$0.00,-100.00%,CGNX,NASDAQ:CGNX,-0.906,$79.47,-42.57%
NASDAQ:CHCO,27 May 2026,$129.27,3,$130.00,4,0.84,$147.28,-12.23%,,,,$144.97,-1.57%,$0.00,-100.00%,$0.00,-100.00%,CHCO,NASDAQ:CHCO,-0.748,$140.40,-7.41%
NYSE:CHCT,24 Aug 2025,$20.57,3,,8,2.08,$15.08,36.43%,,,,$15.21,0.86%,$0.00,-100.00%,$0.00,-100.00%,CHCT,NYSE:CHCT,-0.257,$18.25,
NYSE:CHD,20 Feb 2024,$80.10,1,,,0.94,$101.30,-20.93%,,,,$99.50,-1.78%,$0.00,-100.00%,$0.00,-100.00%,CHD,NYSE:CHD,-0.725,$105.37,
NASDAQ:CHDN,18 Sep 2025,$128.82,3,$132.71,9,0.89,$90.82,41.84%,,,,$85.90,-5.42%,$134.23,47.79%,$187.58,106.54%,CHDN,NASDAQ:CHDN,-0.826,$131.64,0.81%
NYSE:CHE,3 Jul 2024,$512.61,3,,,0.93,$532.88,-3.80%,,,,$522.74,-1.90%,$837.51,57.17%,$922.03,73.03%,CHE,NYSE:CHE,-0.730,$552.00,
NASDAQ:CHEF,3 Sep 2025,$48.50,2,,,0.50,$109.08,-55.54%,,,,$105.74,-3.06%,$0.00,-100.00%,$0.00,-100.00%,CHEF,NASDAQ:CHEF,-0.924,$116.56,
NYSE:CHGG,20 Aug 2025,$2.28,3,,5,0.68,$0.79,188.61%,,,,$0.73,-7.59%,$0.00,-100.00%,$0.00,-100.00%,CHGG,NYSE:CHGG,-0.922,$2.79,
NYSE:CHH,23 Dec 2025,$119.50,3,$100.00,4,0.55,$104.44,-4.25%,,,,$100.26,-4.00%,$0.00,-100.00%,$0.00,-100.00%,CHH,NYSE:CHH,-0.912,$114.80,-12.89%
NASDAQ:CHKP,26 Mar 2026,$188.31,3,$200.68,7,0.63,$131.72,42.96%,,,,$125.75,-4.53%,$208.34,58.17%,$220.84,67.66%,CHKP,NASDAQ:CHKP,-0.878,$146.32,37.15%
NASDAQ:CHRD,23 Aug 2024,$167.62,3,,,1.01,$137.32,22.07%,,,,$131.17,-4.48%,$0.00,-100.00%,$0.00,-100.00%,CHRD,NASDAQ:CHRD,-0.724,$162.71,
NYSE:CHT,17 Jun 2024,$40.37,3,,,1.90,$42.58,-5.19%,,,,$42.41,-0.40%,$58.38,37.11%,$86.14,102.31%,CHT,NYSE:CHT,-0.317,$48.08,
NASDAQ:CHX,23 Aug 2024,$37.87,4,,,,$25.81,46.71%,,,,$0.00,-100.00%,$0.00,-100.00%,$0.00,-100.00%,CHX,NASDAQ:CHX,-2.000,$40.80,
NYSE:CIB,6 Oct 2025,$49.03,3,,,1.31,$96.37,-49.12%,,,,$93.61,-2.86%,$0.00,-100.00%,$0.00,-100.00%,CIB,NYSE:CIB,-0.515,$81.44,
NYSE:CIEN,23 Dec 2025,$134.99,1,$248.93,10,0.69,$428.77,-68.52%,,,,$414.85,-3.25%,$522.04,21.75%,$550.99,28.50%,CIEN,NYSE:CIEN,-0.895,$565.71,-56.00%
NASDAQ:CIFR,4 Aug 2025,$6.62,3,$7.06,3,0.66,$17.86,-62.95%,,,,$15.81,-11.48%,$0.00,-100.00%,$0.00,-100.00%,CIFR,NASDAQ:CIFR,-0.931,$32.18,-78.06%
NYSE:CIG,26 Jun 2026,$2.37,4,,5,1.15,$1.93,22.80%,,,,$1.91,-1.04%,$0.00,-100.00%,$0.00,-100.00%,CIG,NYSE:CIG,-0.649,$2.14,
NASDAQ:CINF,19 Sep 2025,$146.60,2,$165.40,6,1.34,$173.17,-15.34%,,,,$171.31,-1.07%,$308.49,78.14%,$325.94,88.22%,CINF,NASDAQ:CINF,-0.562,$191.67,-13.71%
NYSE:CINT,10 Jun 2026,$5.65,3,$6.94,7,,$3.65,54.90%,,,,,-100.00%,-$2.00,-154.79%,-$2.00,-154.79%,CINT,NYSE:CINT,-2.000,,
NASDAQ:CISS,16 Feb 2026,$2.33,3,,,,$0.08,2816.00%,,,,,-100.00%,-$2.00,-2600.00%,-$2.00,-2600.00%,CISS,NASDAQ:CISS,-2.000,,
NYSE:CL,18 Aug 2025,$84.33,3,$97.40,5,0.96,$91.95,-8.29%,,,,$91.27,-0.74%,$0.00,-100.00%,$0.00,-100.00%,CL,NYSE:CL,-0.725,$98.95,-1.57%
NASDAQ:CLBK,8 Oct 2025,$15.20,3,,,0.41,$11.79,28.92%,,,,$11.05,-6.28%,$0.00,-100.00%,$0.00,-100.00%,CLBK,NASDAQ:CLBK,-0.940,$11.32,
NYSE:CLF,17 Aug 2025,$12.62,3,$10.78,6,0.50,$11.90,-9.41%,,,,$11.72,-1.51%,-$8.68,-172.97%,$14.66,23.20%,CLF,NYSE:CLF,-0.911,$11.80,-8.64%
NYSE:CLH,9 Apr 2025,$216.05,5,$271.56,9,0.75,$321.98,-32.90%,,,,$310.01,-3.72%,$366.25,13.75%,$442.81,37.53%,CLH,NYSE:CLH,-0.827,$359.60,-24.48%
NASDAQ:CLMB,26 Jan 2026,$137.18,3,$136.00,4,0.83,$28.51,377.03%,,,,$27.40,-3.89%,$61.51,115.74%,$68.65,140.81%,CLMB,NASDAQ:CLMB,-0.794,$32.33,320.66%
NASDAQ:CLPT,11 Dec 2025,$12.35,3,$29.00,6,0.69,$15.34,-19.49%,,,,$14.63,-4.63%,$0.00,-100.00%,$0.00,-100.00%,CLPT,NASDAQ:CLPT,-0.916,$25.67,12.97%
NYSE:CLS,19 Jan 2026,$187.07,1,$376.73,10,0.58,$335.05,-44.17%,,,,$319.73,-4.57%,$366.20,9.30%,$388.74,16.02%,CLS,NYSE:CLS,-0.965,$473.24,-20.39%
NYSE:CLVT,2 Feb 2026,$5.35,3,$3.87,4,0.60,$1.93,100.52%,,,,$1.77,-8.29%,-$4.19,-317.32%,$6.18,220.42%,CLVT,NYSE:CLVT,-0.957,$2.97,30.30%
NYSE:CLW,26 Dec 2024,$20.46,,$37.00,5,0.76,$21.42,-4.48%,,,,$21.26,-0.75%,$131.41,513.51%,$204.99,857.02%,CLW,NYSE:CLW,-0.787,$20.75,78.31%
NYSE:CLX,13 Apr 2026,$137.41,5,$115.33,4,0.65,$105.70,9.11%,,,,$102.23,-3.28%,$0.00,-100.00%,$0.00,-100.00%,CLX,NYSE:CLX,-0.836,$101.71,13.39%
NYSE:CM,10 Sep 2025,$68.57,2,,,1.59,$123.74,-44.58%,,,,$121.44,-1.86%,$18.34,-85.18%,$34.31,-72.28%,CM,NYSE:CM,-0.405,$111.38,
NYSE:CMA,19 Nov 2025,$78.08,3,$79.46,6,,,#DIV/0!,,,,,#DIV/0!,-$2.00,#DIV/0!,-$2.00,#DIV/0!,CMA,NYSE:CMA,-2.000,,
NYSE:CMC,27 Feb 2026,$67.56,3,,,0.83,$71.63,-5.68%,,,,$70.57,-1.48%,$59.98,-16.26%,$94.82,32.38%,CMC,NYSE:CMC,-0.796,$81.55,
NYSEAMERICAN:CMCL,28 Oct 2025,$29.76,1,$48.00,8,,$22.47,32.44%,,,,,-100.00%,-$2.00,-108.90%,-$2.00,-108.90%,CMCL,NYSEAMERICAN:CMCL,-2.000,,
NASDAQ:CME,24 Oct 2025,$252.85,2,,,0.77,$269.80,-6.28%,,,,$256.66,-4.87%,-$16.24,-106.02%,-$1.06,-100.39%,CME,NASDAQ:CME,-0.802,$284.13,
NYSE:CMI,19 Nov 2025,$437.53,2,$508.60,4,1.00,$631.26,-30.69%,,,,$621.43,-1.56%,$0.00,-100.00%,$0.00,-100.00%,CMI,NYSE:CMI,-0.731,$756.52,-32.77%
NASDAQ:CMPR,23 Aug 2025,$95.87,3,$72.00,5,0.70,$94.46,-23.78%,,,,$93.85,-0.65%,$0.00,-100.00%,$0.00,-100.00%,CMPR,NASDAQ:CMPR,-0.869,$114.50,-37.12%
NYSE:CMRE,23 Dec 2025,$17.94,5,$12.00,6,1.28,$14.64,-18.03%,,,,$14.13,-3.48%,$31.20,113.10%,$34.25,133.97%,CMRE,NYSE:CMRE,-0.645,$20.00,-40.00%
NASDAQ:CNDT,29 Jan 2026,$2.60,3,$7.00,3,0.61,$1.52,70.91%,,,,$1.46,-3.95%,$0.00,-100.00%,$0.00,-100.00%,CNDT,NASDAQ:CNDT,-0.949,$5.00,40.00%
NYSE:CNH,18 Aug 2025,$16.66,5,$14.39,4,0.77,$10.44,37.84%,,,,$9.98,-4.41%,$0.00,-100.00%,$0.00,-100.00%,CNH,NYSE:CNH,-0.853,$13.34,7.87%
NYSE:CNM,15 Aug 2025,$59.25,2,,,0.57,$45.98,28.87%,,,,$43.83,-4.68%,$54.69,18.95%,$71.07,54.57%,CNM,NYSE:CNM,-0.951,$60.27,
NYSE:CNMD,11 Dec 2025,$60.78,3,$53.00,2,0.40,$50.41,5.14%,,,,$47.37,-6.03%,$54.51,8.14%,$63.78,26.53%,CNMD,NYSE:CNMD,-0.933,$45.50,16.48%
NYSE:CNO,20 Oct 2023,$30.57,5,,,0.79,$55.28,-44.71%,,,,$53.46,-3.29%,$0.00,-100.00%,$0.00,-100.00%,CNO,NYSE:CNO,-0.778,$53.75,
NASDAQ:CNOB,19 Nov 2025,$25.36,3,,,1.30,$33.03,-23.22%,,,,$33.03,0.00%,$0.00,-100.00%,$0.00,-100.00%,CNOB,NASDAQ:CNOB,-0.578,$36.50,
NASDAQ:CNXC,28 Jan 2026,$61.95,4,,,1.48,$24.49,152.94%,,,,$23.80,-2.82%,$59.91,144.63%,$191.61,682.41%,CNXC,NASDAQ:CNXC,-0.566,$35.25,
NYSE:COF,18 Aug 2025,$1.55,4,$1.15,4,0.95,$227.34,-99.49%,,,,$218.18,-4.03%,$127.23,-44.03%,$288.31,26.82%,COF,NYSE:COF,-0.741,$256.50,-99.55%
NASDAQ:COFS,1 Jun 2026,$34.09,3,$34.00,7,0.96,$34.38,-1.11%,,,,$33.89,-1.43%,$0.00,-100.00%,$0.00,-100.00%,COFS,NASDAQ:COFS,-0.723,$37.00,-8.11%
NYSE:COHR,15 Aug 2025,$108.88,2,$111.93,7,0.44,$325.83,-66.58%,,,,$319.23,-2.03%,$0.00,-100.00%,$0.00,-100.00%,COHR,NYSE:COHR,-0.984,$394.62,-71.64%
NASDAQ:COHU,4 Feb 2026,$30.91,3,$32.33,9,0.49,$59.30,-47.88%,,,,$53.19,-10.30%,$60.47,1.97%,$71.45,20.49%,COHU,NASDAQ:COHU,-0.959,$70.88,-54.39%
NASDAQ:COLB,27 May 2026,$30.60,3,$31.75,6,1.88,$32.69,-6.39%,,,,$32.50,-0.58%,$0.00,-100.00%,$0.00,-100.00%,COLB,NASDAQ:COLB,-0.306,$34.14,-7.00%
NASDAQ:COLM,6 Feb 2026,$85.03,3,$62.40,6,1.30,$57.42,8.67%,,,,$56.11,-2.28%,$71.58,24.65%,$90.72,58.00%,COLM,NASDAQ:COLM,-0.604,$69.83,-10.64%
NASDAQ:COMM,27 Jan 2026,$19.58,1,,,,,#DIV/0!,,,,,#DIV/0!,-$2.00,#DIV/0!,-$2.00,#DIV/0!,COMM,NASDAQ:COMM,-2.000,,
NYSE:COP,2 Jul 2026,$119.17,5,$146.53,7,0.96,$126.78,-6.01%,,,,$122.46,-3.41%,$0.00,-100.00%,$0.00,-100.00%,COP,NYSE:COP,-0.738,$143.83,1.88%
NASDAQ:CORZ,22 Jan 2026,$21.48,3,$27.60,7,0.61,$20.18,6.44%,,,,$18.80,-6.84%,-$0.43,-102.14%,$3.14,-84.42%,CORZ,NASDAQ:CORZ,-0.951,$37.12,-25.65%
NYSE:COTY,18 Aug 2025,$8.16,3,$6.34,4,0.50,$2.85,122.46%,,,,$2.65,-7.02%,$5.51,93.46%,$10.62,272.72%,COTY,NYSE:COTY,-0.931,$3.13,102.56%
NYSE:CP,13 Nov 2024,$75.90,3,,,0.94,$93.50,-18.82%,,,,$91.91,-1.70%,$87.61,-6.30%,$103.66,10.87%,CP,NYSE:CP,-0.732,$100.46,
NYSE:CPF,16 Apr 2026,$32.84,3,$37.00,6,1.66,$38.70,-15.15%,,,,$38.78,0.21%,$0.00,-100.00%,$0.00,-100.00%,CPF,NYSE:CPF,-0.420,$43.00,-13.95%
NYSE:CPRI,26 Mar 2026,$38.69,5,$26.00,5,0.65,$15.34,69.49%,,,,$14.77,-3.72%,$0.00,-100.00%,$0.00,-100.00%,CPRI,NYSE:CPRI,-0.933,$22.53,15.40%
NASDAQ:CPRT,22 Sep 2025,$50.82,4,$55.60,4,0.59,$31.61,60.77%,,,,$27.84,-11.93%,$65.23,106.35%,$69.33,119.33%,CPRT,NASDAQ:CPRT,-0.931,$40.30,37.97%
NASDAQ:CPSH,27 Jan 2026,$4.29,2,,,0.54,$4.31,-0.41%,,,,$4.04,-6.26%,$0.00,-100.00%,$0.00,-100.00%,CPSH,NASDAQ:CPSH,-0.952,$5.50,
NYSE:CPT,18 Sep 2025,$121.77,4,$121.40,1,1.04,$110.36,10.00%,,,,$107.66,-2.45%,$0.00,-100.00%,$0.00,-100.00%,CPT,NYSE:CPT,-0.688,$117.73,3.12%
NYSE:CR,13 Nov 2025,$172.71,2,$220.67,6,0.83,$218.34,-20.90%,,,,$215.18,-1.45%,$307.85,40.99%,$336.69,54.20%,CR,NYSE:CR,-0.784,$238.00,-7.28%
NASDAQ:CRAI,20 Aug 2024,$164.05,3,,,0.66,$168.33,-2.54%,,,,$160.51,-4.65%,$0.00,-100.00%,$0.00,-100.00%,CRAI,NASDAQ:CRAI,-0.928,$250.50,
NASDAQ:CRCT,11 Feb 2026,$6.18,5,$3.67,3,0.90,$5.76,-36.28%,,,,$5.74,-0.35%,$0.00,-100.00%,$0.00,-100.00%,CRCT,NASDAQ:CRCT,-0.659,$3.82,-3.93%
NASDAQ:CRDO,15 Dec 2025,$162.57,3,$223.89,7,0.38,$259.90,-37.45%,,,,$240.23,-7.57%,$313.59,20.66%,$317.35,22.10%,CRDO,NASDAQ:CRDO,-0.983,$279.29,-19.84%
NASDAQ:CRESY,11 Jul 2025,$10.53,3,,,1.12,$10.57,-0.41%,,,,$10.37,-1.89%,$7.50,-29.00%,$9.82,-7.06%,CRESY,NASDAQ:CRESY,-0.726,$15.51,
NYSE:CRGY,20 Aug 2025,$15.13,3,,,1.68,$12.20,24.02%,,,,$11.76,-3.61%,$0.00,-100.00%,$0.00,-100.00%,CRGY,NYSE:CRGY,-0.461,$16.33,
NYSE:CRH,30 Mar 2026,$109.97,3,,,1.17,$97.15,13.20%,,,,$96.73,-0.43%,$98.84,1.74%,$151.71,56.17%,CRH,NYSE:CRH,-0.701,$138.65,
NASDAQ:CRML,4 Dec 2025,$6.88,3,$14.00,6,,$6.66,3.26%,,,,,-100.00%,-$2.00,-130.03%,-$2.00,-130.03%,CRML,NASDAQ:CRML,-2.000,,
NASDAQ:CROX,26 Jul 2024,$132.28,3,,,0.61,$131.72,0.43%,,,,$127.65,-3.09%,$298.07,126.29%,$313.92,138.32%,CROX,NASDAQ:CROX,-0.874,$138.25,
NASDAQ:CRTO,6 Nov 2025,$38.27,3,$35.00,2,0.54,$19.00,84.21%,,,,$16.70,-12.11%,$0.00,-100.00%,$0.00,-100.00%,CRTO,NASDAQ:CRTO,-0.911,$20.69,69.16%
NASDAQ:CRUS,6 Feb 2026,$143.98,4,$143.60,10,0.69,$121.09,18.59%,,,,$117.08,-3.31%,$0.00,-100.00%,$0.00,-100.00%,CRUS,NASDAQ:CRUS,-0.908,$165.00,-12.97%
NASDAQ:CRWD,13 Sep 2024,$299.53,4,,,0.70,$216.95,38.06%,,,,$213.97,-1.37%,$236.58,9.05%,$239.65,10.47%,CRWD,NASDAQ:CRWD,-0.801,$194.67,
NASDAQ:CRWV,11 Feb 2026,$83.61,3,,,0.58,$105.26,-20.57%,,,,$101.73,-3.35%,$0.00,-100.00%,$0.00,-100.00%,CRWV,NASDAQ:CRWV,-0.946,$138.51,
NASDAQ:CSIQ,9 Feb 2026,$19.05,3,$21.51,6,0.46,$15.14,25.82%,,,,$14.29,-5.61%,-$34.00,-324.59%,-$49.05,-423.99%,CSIQ,NASDAQ:CSIQ,-0.981,$18.64,15.40%
NYSE:CSL,20 Jan 2026,$384.54,3,$400.00,8,0.66,$370.04,3.92%,,,,$363.59,-1.74%,$503.33,36.02%,$475.68,28.55%,CSL,NYSE:CSL,-0.866,$412.14,-2.95%
NASDAQ:CSTL,23 Aug 2024,$38.33,3,,,0.54,$29.62,29.40%,,,,$28.84,-2.63%,$0.00,-100.00%,$0.00,-100.00%,CSTL,NASDAQ:CSTL,-0.981,$44.00,
NYSE:CSTM,25 Jun 2026,$27.88,2,,,1.02,$29.60,-5.81%,,,,$29.03,-1.93%,$30.56,3.25%,$71.03,139.96%,CSTM,NYSE:CSTM,-0.741,$37.79,
NASDAQ:CSW,3 Sep 2025,$247.77,1,,,,$345.15,-28.21%,,,,,-100.00%,-$2.00,-100.58%,-$2.00,-100.58%,CSW,NYSE:CSW,-2.000,,
NASDAQ:CTBI,19 Nov 2025,$57.46,3,$61.00,6,1.22,$78.87,-27.15%,,,,$77.99,-1.12%,$0.00,-100.00%,$0.00,-100.00%,CTBI,NASDAQ:CTBI,-0.599,$81.33,-25.00%
NASDAQ:CTKB,11 Dec 2025,$6.69,3,$5.83,7,0.63,$4.69,24.31%,,,,$4.62,-1.49%,$0.00,-100.00%,$0.00,-100.00%,CTKB,NASDAQ:CTKB,-0.895,$5.56,4.86%
NASDAQ:CTLP,21 Jan 2026,$11.18,3,,5,,,#DIV/0!,,,,,#DIV/0!,-$2.00,#DIV/0!,-$2.00,#DIV/0!,CTLP,NASDAQ:CTLP,-2.000,,
NYSEAMERICAN:CTM,2 Feb 2026,$3.50,1,$3.50,3,,$0.65,438.46%,,,,,-100.00%,-$2.00,-407.69%,-$2.00,-407.69%,CTM,NYSEAMERICAN:CTM,-2.000,,
NYSE:CTRA,2 Nov 2025,$26.29,4,$32.29,7,0.36,$34.63,-24.08%,,,,$15.77,-54.46%,$41.13,18.77%,$71.27,105.81%,CTRA,NYSE:CTRA,-0.995,$37.77,-14.51%
NYSE:CTS,2 Feb 2026,$52.59,3,,6,0.92,$63.47,-17.14%,,,,$61.32,-3.39%,$65.70,3.52%,$85.63,34.91%,CTS,NYSE:CTS,-0.731,$65.00,
NASDAQ:CTSH,4 Feb 2026,$83.87,4,,,0.98,$58.79,42.66%,,,,$56.93,-3.16%,$90.13,53.31%,$83.45,41.94%,CTSH,NASDAQ:CTSH,-0.718,$63.94,
NYSE:CUBI,19 Nov 2025,$67.11,3,$85.43,9,0.55,$83.58,-19.71%,,,,$80.15,-4.10%,$0.00,-100.00%,$0.00,-100.00%,CUBI,NYSE:CUBI,-0.917,$94.00,-9.12%
NASDAQ:CURI,23 Dec 2025,$4.18,3,$6.33,10,1.25,$3.55,17.75%,,,,$3.54,-0.28%,$0.00,-100.00%,$0.00,-100.00%,CURI,NASDAQ:CURI,-0.667,$5.33,18.76%
NASDAQ:CVBF,25 Jun 2026,$20.88,3,,,2.19,$23.25,-10.19%,,,,$23.30,0.22%,$0.00,-100.00%,$0.00,-100.00%,CVBF,NASDAQ:CVBF,-0.183,$25.83,
NYSE:CVE,19 Jun 2026,$26.66,3,$32.60,8,1.15,$31.01,-14.03%,,,,$29.48,-4.93%,$119.06,283.95%,$158.10,409.82%,CVE,NYSE:CVE,-0.662,$36.77,-11.34%
NYSE:CVI,23 Aug 2024,$33.80,3,,,0.90,$35.26,-4.15%,,,,$33.75,-4.28%,$90.83,157.60%,$122.25,246.70%,CVI,NYSE:CVI,-0.698,$29.60,
NASDAQ:CVLT,26 Jan 2026,$137.85,3,$174.58,8,0.47,$147.09,-6.28%,,,,$135.83,-7.66%,$250.41,70.24%,$253.41,72.28%,CVLT,NASDAQ:CVLT,-0.944,$161.15,8.33%
NASDAQ:CVRX,4 Dec 2025,$11.33,4,$12.67,7,0.74,$3.08,267.89%,,,,$2.58,-16.23%,$0.00,-100.00%,$0.00,-100.00%,CVRX,NASDAQ:CVRX,-0.891,$5.92,114.02%
NYSE:CVS,16 Oct 2025,$91.02,5,$86.60,8,0.85,$97.16,-10.87%,,,,$92.79,-4.50%,$0.00,-100.00%,$0.00,-100.00%,CVS,NYSE:CVS,-0.799,$115.80,-25.22%
NYSE:CVX,20 Aug 2025,$174.36,4,$171.33,9,1.17,$200.00,-14.34%,,,,$192.36,-3.82%,$0.00,-100.00%,$0.00,-100.00%,CVX,NYSE:CVX,-0.631,$216.96,-21.03%
NYSE:CW,17 May 2024,$250.04,2,,,0.70,$699.31,-64.25%,,,,$667.70,-4.52%,$0.00,-100.00%,$0.00,-100.00%,CW,NYSE:CW,-0.859,$810.83,
NYSE:CWAN,26 Jan 2026,$25.43,3,$27.15,4,,,#DIV/0!,,,,,#DIV/0!,-$2.00,#DIV/0!,-$2.00,#DIV/0!,CWAN,NYSE:CWAN,-2.000,,
NASDAQ:CWCO,13 Nov 2025,$34.36,3,,8,0.81,$31.23,10.02%,,,,$30.45,-2.50%,$0.00,-100.00%,$0.00,-100.00%,CWCO,NASDAQ:CWCO,-0.858,$43.00,
NYSE:CWH,19 Sep 2025,$21.04,3,$19.56,7,1.13,$6.41,205.15%,,,,$6.32,-1.40%,$175.54,2638.58%,$194.63,2936.37%,CWH,NYSE:CWH,-0.719,$10.60,84.53%
NYSE:CX,19 Jun 2025,$8.65,3,$7.31,8,1.09,$11.06,-33.91%,,,,$10.92,-1.27%,$9.88,-10.68%,$17.01,53.76%,CX,NYSE:CX,-0.723,$14.75,-50.44%
NASDAQ:CXAI,4 Feb 2026,$0.59,3,,,,$0.11,438.18%,,,,,-100.00%,-$2.00,-1918.18%,-$2.00,-1918.18%,CXAI,NASDAQ:CXAI,-2.000,,
NYSE:CXT,11 Nov 2025,$76.10,5,$74.00,8,1.11,$51.66,43.24%,,,,$50.07,-3.08%,$0.00,-100.00%,$0.00,-100.00%,CXT,NYSE:CXT,-0.722,$70.17,5.46%
NYSE:CYD,15 Dec 2025,$33.36,3,,7,0.73,$45.24,-26.26%,,,,$44.02,-2.70%,$0.00,-100.00%,$0.00,-100.00%,CYD,NYSE:CYD,-0.899,$68.29,
NYSE:DAC,5 Mar 2026,$126.35,3,,,1.04,$141.92,-10.97%,,,,$137.82,-2.89%,$0.00,-100.00%,$0.00,-100.00%,DAC,NYSE:DAC,-0.706,$164.50,
NYSE:DAL,18 Sep 2025,$41.35,2,,,1.10,$89.35,-53.72%,,,,$89.91,0.63%,$42.31,-52.65%,$134.76,50.82%,DAL,NYSE:DAL,-0.684,$105.52,
NYSE:DAVA,9 Feb 2026,$13.03,3,$10.00,3,,$3.10,222.58%,,,,,-100.00%,-$2.00,-164.52%,-$2.00,-164.52%,DAVA,NYSE:DAVA,-2.000,,
NASDAQ:DAVE,11 Feb 2026,$175.69,3,$312.50,9,0.59,$334.57,-47.49%,,,,$309.24,-7.57%,$0.00,-100.00%,$0.00,-100.00%,DAVE,NASDAQ:DAVE,-0.934,$429.91,-27.31%
NYSE:DB,2 Apr 2026,$30.42,3,$41.60,10,1.32,$38.56,-21.11%,,,,$37.99,-1.48%,$424.07,999.76%,$498.02,1191.55%,DB,NYSE:DB,-0.558,$40.50,2.72%
NYSE:DBI,4 Feb 2026,$8.49,3,$6.25,2,1.01,$5.89,6.11%,,,,$5.86,-0.51%,$4.00,-32.13%,$17.94,204.56%,DBI,NYSE:DBI,-0.754,$7.75,-19.35%
NASDAQ:DBX,11 Feb 2026,$25.55,3,,,0.53,$34.42,-25.77%,,,,$32.17,-6.54%,$0.00,-100.00%,$0.00,-100.00%,DBX,NASDAQ:DBX,-0.874,$30.67,
NYSE:DCI,6 Nov 2025,$76.88,2,,,0.93,$95.95,-19.87%,,,,$94.09,-1.94%,$147.62,53.85%,$161.32,68.13%,DCI,NYSE:DCI,-0.721,$96.80,
NASDAQ:DCOM,2 Oct 2025,$31.72,3,$36.00,5,,,#DIV/0!,,,,,#DIV/0!,-$2.00,#DIV/0!,-$2.00,#DIV/0!,DCOM,NASDAQ:DCOM,-2.000,,
NASDAQ:DCTH,11 Dec 2025,$11.63,3,$24.00,6,0.60,$16.73,-30.48%,,,,$16.15,-3.47%,$0.00,-100.00%,$0.00,-100.00%,DCTH,NASDAQ:DCTH,-0.957,$24.00,0.00%
NYSE:DD,12 Aug 2026,$152.47,4,$167.70,9,3.88,$146.26,4.25%,4.25%,$152.47,$169.88,$149.73,2.37%,$0.00,-100.00%,$0.00,-100.00%,DD,NYSE:DD,0.556,$169.88,-1.28%
NYSE:DDD,19 Nov 2025,$2.85,3,$3.63,6,0.58,$3.71,-23.18%,,,,$3.39,-8.63%,$0.00,-100.00%,$0.00,-100.00%,DDD,NYSE:DDD,-0.963,$5.50,-34.00%
NASDAQ:DDOG,18 Aug 2025,$131.92,3,$161.38,8,0.46,$255.46,-48.36%,,,,$230.77,-9.66%,$0.00,-100.00%,$0.00,-100.00%,DDOG,NASDAQ:DDOG,-0.955,$283.52,-43.08%
NYSE:DDS,21 May 2024,$424.51,3,,,0.93,$560.88,-24.31%,,,,$624.67,11.37%,$0.00,-100.00%,$0.00,-100.00%,DDS,NYSE:DDS,-0.711,$537.00,
NYSE:DEA,13 Nov 2025,$33.12,3,$23.30,4,1.71,$24.79,-6.01%,,,,$24.75,-0.16%,$0.00,-100.00%,$0.00,-100.00%,DEA,NYSE:DEA,-0.376,$24.93,-6.54%
NYSE:DECK,13 Apr 2026,$122.67,3,$124.47,2,0.66,$93.09,31.78%,,,,$88.79,-4.62%,$0.00,-100.00%,$0.00,-100.00%,DECK,NYSE:DECK,-0.913,$122.81,1.35%
NYSE:DEO,20 Mar 2026,$109.50,3,$107.50,8,0.88,$95.44,12.64%,,,,$92.59,-2.99%,$0.00,-100.00%,$0.00,-100.00%,DEO,NYSE:DEO,-0.770,$106.43,1.01%
NASDAQ:DFDV,3 Jun 2025,$23.65,3,,,0.61,$3.07,670.42%,,,,$2.74,-10.75%,$0.00,-100.00%,$0.00,-100.00%,DFDV,NASDAQ:DFDV,-0.950,$5.85,
NYSE:DFH,26 Mar 2025,$30.22,3,$32.00,4,0.52,$15.60,93.72%,,,,$13.96,-10.51%,$0.00,-100.00%,$0.00,-100.00%,DFH,NYSE:DFH,-0.935,$18.00,77.78%
NASDAQ:DGII,29 Jan 2026,$43.01,3,$48.80,7,0.41,$85.12,-49.47%,,,,$80.72,-5.17%,$0.00,-100.00%,$0.00,-100.00%,DGII,NASDAQ:DGII,-0.953,$85.40,-42.86%
NYSE:DGX,29 Jul 2024,$148.07,3,,,0.87,$234.40,-36.83%,,,,$232.20,-0.94%,$350.15,49.38%,$435.49,85.79%,DGX,NYSE:DGX,-0.758,$245.87,
NYSE:DHI,29 May 2026,$164.34,5,$164.82,7,0.99,$148.81,10.44%,,,,$144.76,-2.72%,$177.38,19.20%,$181.25,21.80%,DHI,NYSE:DHI,-0.713,$162.92,1.17%
NYSE:DHR,13 Nov 2025,$244.54,3,$243.45,9,0.54,$202.45,20.25%,,,,$195.29,-3.54%,$225.79,11.53%,$261.22,29.03%,DHR,NYSE:DHR,-0.923,$227.96,6.80%
NASDAQ:DIOD,28 Jan 2026,$63.86,3,$58.67,7,0.60,$103.48,-43.30%,,,,$92.15,-10.95%,$0.00,-100.00%,$0.00,-100.00%,DIOD,NASDAQ:DIOD,-0.954,$162.50,-63.90%
NASDAQ:DJCO,11 Feb 2026,$662.32,3,,5,0.20,$603.33,9.78%,,,,$517.30,-14.26%,$767.45,27.20%,$768.63,27.40%,DJCO,NASDAQ:DJCO,-0.921,,
NYSE:DKL,25 Jun 2026,$49.01,1,,,1.32,$54.01,-9.26%,,,,$50.41,-6.67%,$0.00,-100.00%,$0.00,-100.00%,DKL,NYSE:DKL,-0.557,$56.40,
NASDAQ:DKNG,18 Aug 2025,$46.45,3,$54.69,7,0.54,$26.14,77.70%,,,,$23.87,-8.68%,$0.00,-100.00%,$0.00,-100.00%,DKNG,NASDAQ:DKNG,-0.967,$34.79,57.20%
NYSE:DLX,17 Jul 2026,$28.09,3,,5,1.37,$24.05,16.80%,16.80%,$28.09,$32.67,$23.66,-1.62%,$0.00,-100.00%,$0.00,-100.00%,DLX,NYSE:DLX,-0.605,$32.67,
NASDAQ:DMLP,20 Sep 2025,$25.83,1,$25.30,1,2.56,$27.71,-8.70%,,,,$28.19,1.73%,$0.00,-100.00%,$0.00,-100.00%,DMLP,NASDAQ:DMLP,0.024,,
NASDAQ:DMRC,14 Jan 2026,$14.02,3,$10.00,2,,$7.53,32.80%,,,,,-100.00%,-$2.00,-126.56%,-$2.00,-126.56%,DMRC,NASDAQ:DMRC,-2.000,,
NYSEAMERICAN:DNN,31 Jul 2024,$1.76,0,,,,$3.23,-45.51%,,,,,-100.00%,-$2.00,-161.92%,-$2.00,-161.92%,DNN,NYSEAMERICAN:DNN,-2.000,,
NASDAQ:DNUT,22 Dec 2023,$17.24,4,,,0.76,$3.33,417.66%,,,,$3.20,-3.90%,$0.00,-100.00%,$0.00,-100.00%,DNUT,NASDAQ:DNUT,-0.858,$4.25,
NYSE:DOLE,6 Mar 2026,$17.35,3,$14.00,4,1.02,$13.30,5.26%,,,,$12.88,-3.16%,$0.00,-100.00%,$0.00,-100.00%,DOLE,NYSE:DOLE,-0.750,$17.44,-19.72%
NYSE:DOV,11 Nov 2025,$186.11,3,$210.90,7,0.84,$207.07,-10.12%,,,,$201.64,-2.62%,$254.73,23.01%,$293.19,41.59%,DOV,NYSE:DOV,-0.804,$246.72,-14.52%
NASDAQ:DOX,21 May 2026,$85.47,3,$74.50,10,0.98,$58.22,27.96%,,,,$56.25,-3.38%,$0.00,-100.00%,$0.00,-100.00%,DOX,NASDAQ:DOX,-0.785,$81.21,-8.26%
NASDAQ:DOYU,2 Apr 2025,$7.06,3,$9.75,9,,$4.69,50.45%,,,,,-100.00%,-$2.00,-142.64%,-$2.00,-142.64%,DOYU,NASDAQ:DOYU,-2.000,,
NASDAQ:DPZ,9 Apr 2025,$433.44,3,$487.39,9,0.54,$346.27,25.17%,,,,$336.26,-2.89%,$506.75,46.35%,$547.54,58.13%,DPZ,NASDAQ:DPZ,-0.913,$380.48,28.10%
NYSE:DQ,9 Feb 2026,$22.12,3,$28.07,5,0.56,$14.64,51.09%,,,,$13.63,-6.90%,$62.26,325.29%,$117.24,700.85%,DQ,NYSE:DQ,-0.972,$23.95,17.20%
NYSE:DRD,28 Feb 2024,$9.55,4,,,,$24.19,-60.53%,,,,,-100.00%,-$2.00,-108.27%,-$2.00,-108.27%,DRD,NYSE:DRD,-2.000,,
NYSE:DRH,23 Dec 2025,$11.46,5,$9.65,3,,$12.36,-21.93%,,,,,-100.00%,-$2.00,-116.18%,-$2.00,-116.18%,DRH,NASDAQ:DRH,-2.000,,
NYSE:DRI,18 Sep 2025,$167.77,1,,,1.26,$225.26,-25.52%,,,,$221.34,-1.74%,$283.01,25.64%,$356.15,58.10%,DRI,NYSE:DRI,-0.575,$228.54,
NASDAQ:DRVN,4 Apr 2025,$17.90,3,$19.91,7,0.57,$12.94,38.33%,,,,$12.03,-7.03%,$0.00,-100.00%,$0.00,-100.00%,DRVN,NASDAQ:DRVN,-0.941,$16.61,19.87%
NYSE:DSX,5 Mar 2026,$3.21,4,,,1.04,$2.48,29.44%,,,,$2.34,-5.65%,$0.00,-100.00%,$0.00,-100.00%,DSX,NYSE:DSX,-0.760,$3.80,
NYSE:DT,10 Feb 2026,$53.18,3,$54.08,8,0.49,$49.14,8.23%,,,,$45.97,-6.45%,$0.00,-100.00%,$0.00,-100.00%,DT,NYSE:DT,-0.957,$58.18,-7.05%
NYSE:DUK,19 Sep 2025,$124.46,3,$130.90,7,1.01,$123.92,0.44%,,,,$122.19,-1.40%,$0.00,-100.00%,$0.00,-100.00%,DUK,NYSE:DUK,-0.709,$137.72,-4.95%
NASDAQ:DUOL,8 Feb 2026,$234.17,3,$232.22,4,0.35,$132.83,74.82%,,,,$129.30,-2.66%,$0.00,-100.00%,$0.00,-100.00%,DUOL,NASDAQ:DUOL,-0.957,$120.68,92.43%
NASDAQ:DVLT,14 Jan 2026,$1.31,3,,,0.56,$0.32,310.91%,,,,$0.28,-12.50%,$0.23,-28.71%,$0.37,15.93%,DVLT,NASDAQ:DVLT,-0.973,$2.50,
NYSE:DVN,27 Jan 2026,$43.47,4,$43.37,10,1.20,$45.85,-5.41%,,,,$43.25,-5.67%,$0.00,-100.00%,$0.00,-100.00%,DVN,NYSE:DVN,-0.668,$59.69,-27.34%
NASDAQ:DXCM,11 Dec 2025,$71.56,4,$85.74,7,0.44,$89.75,-20.27%,,,,$86.64,-3.47%,$117.14,30.52%,$128.74,43.44%,DXCM,NASDAQ:DXCM,-0.946,$93.44,-8.24%
NYSE:DY,23 Aug 2024,$143.30,1,,,0.85,$419.07,-65.81%,,,,$397.88,-5.06%,$628.78,50.04%,$350.64,-16.33%,DY,NYSE:DY,-0.846,$637.27,
NASDAQ:EA,2 Jan 2026,$198.31,3,,,0.75,$209.70,-5.43%,,,,$206.04,-1.75%,$304.99,45.44%,$322.78,53.93%,EA,NASDAQ:EA,-0.794,$205.79,
NASDAQ:EBAY,22 Feb 2026,$73.85,1,$99.00,7,0.75,$103.14,-28.40%,,,,$100.35,-2.71%,$0.00,-100.00%,$0.00,-100.00%,EBAY,NASDAQ:EBAY,-0.826,$115.65,-14.40%
NASDAQ:EBC,1 Jun 2026,$20.59,3,$22.75,7,0.69,$23.63,-12.86%,,,,$22.90,-3.09%,$0.00,-100.00%,$0.00,-100.00%,EBC,NASDAQ:EBC,-0.842,$25.12,-9.43%
NYSE:EBF,23 Jun 2026,$22.32,4,,,2.04,$22.10,1.00%,,,,$21.99,-0.50%,$51.22,131.77%,$57.76,161.35%,EBF,NYSE:EBF,-0.247,$24.00,
NYSE:EBS,5 Jan 2026,$13.61,3,$15.00,5,0.73,$4.59,196.59%,,,,$4.25,-7.41%,$0.00,-100.00%,$0.00,-100.00%,EBS,NYSE:EBS,-0.896,$11.00,36.36%
NYSE:ECO,5 Mar 2026,$47.32,2,,,1.81,$60.29,-21.51%,,,,$63.17,4.78%,$0.00,-100.00%,$0.00,-100.00%,ECO,NYSE:ECO,-0.382,$75.00,
NASDAQ:ECPG,23 Jun 2026,$78.21,3,$113.33,10,0.66,$103.74,-24.61%,,,,$96.01,-7.45%,$0.00,-100.00%,$0.00,-100.00%,ECPG,NASDAQ:ECPG,-0.866,$115.67,-2.02%
NASDAQ:ECX,10 Sep 2025,$1.94,4,,3,0.61,$1.07,81.68%,,,,$1.00,-6.54%,$0.00,-100.00%,$0.00,-100.00%,ECX,NASDAQ:ECX,-0.952,$3.23,
NYSE:ED,16 Sep 2025,$102.44,3,$102.88,2,1.20,$108.80,-5.85%,,,,$107.12,-1.54%,$0.00,-100.00%,$0.00,-100.00%,ED,NYSE:ED,-0.604,$111.21,-7.49%
NYSE:EDN,16 Dec 2025,$46.50,3,,5,0.81,$23.14,100.95%,,,,$22.40,-3.20%,$0.00,-100.00%,$0.00,-100.00%,EDN,NYSE:EDN,-0.861,$38.50,
NYSE:EDU,19 Aug 2025,$59.25,3,,,0.66,$52.54,12.78%,,,,$50.35,-4.17%,$0.00,-100.00%,$0.00,-100.00%,EDU,NYSE:EDU,-0.929,$73.30,
NASDAQ:EEFT,11 Feb 2026,$105.16,3,$96.80,7,0.53,$73.20,32.24%,,,,$68.32,-6.67%,$0.00,-100.00%,$0.00,-100.00%,EEFT,NASDAQ:EEFT,-0.943,$87.50,10.63%
NYSE:EFX,10 May 2024,$252.67,3,,,0.63,$180.85,39.71%,,,,$174.96,-3.26%,$239.49,32.42%,$344.87,90.69%,EFX,NYSE:EFX,-0.891,$210.52,
NASDAQ:EGAN,28 Jan 2026,$10.58,3,$15.17,6,,$7.50,41.07%,,,,,-100.00%,-$2.00,-126.67%,-$2.00,-126.67%,EGAN,NASDAQ:EGAN,-2.000,,
NASDAQ:EGBN,23 Dec 2025,$22.58,3,$18.50,6,0.86,$28.80,-35.76%,,,,$28.23,-1.98%,$0.00,-100.00%,$0.00,-100.00%,EGBN,NASDAQ:EGBN,-0.770,$31.00,-40.32%
NASDAQ:EGHT,22 Jan 2026,$2.71,3,$2.25,3,0.50,$2.08,8.17%,,,,$1.90,-8.65%,$0.00,-100.00%,$0.00,-100.00%,EGHT,NASDAQ:EGHT,-0.962,$2.58,-12.79%
NYSE:EGY,26 Aug 2025,$6.31,3,,,1.76,$5.78,9.09%,,,,$5.53,-4.33%,$0.00,-100.00%,$0.00,-100.00%,EGY,NYSE:EGY,-0.441,$9.88,
NASDAQ:EH,3 Sep 2025,$17.27,3,,,0.58,$5.93,191.15%,,,,$5.44,-8.26%,$5.42,-8.59%,$5.48,-7.66%,EH,NASDAQ:EH,-0.966,$11.47,
NYSE:EHC,31 Dec 2025,$95.51,2,$145.00,8,0.71,$123.59,-22.72%,,,,$120.28,-2.68%,$0.00,-100.00%,$0.00,-100.00%,EHC,NYSE:EHC,-0.860,$148.17,-2.14%
NYSE:EIX,29 Jun 2026,$78.39,4,$76.14,4,1.49,$71.41,6.62%,,,,$69.02,-3.35%,-$31.20,-143.70%,-$76.33,-206.89%,EIX,NYSE:EIX,-0.487,$76.04,0.13%
NYSE:EL,18 Aug 2025,$118.27,3,$95.25,6,0.87,$86.10,10.63%,,,,$85.67,-0.50%,$89.78,4.27%,$131.11,52.28%,EL,NYSE:EL,-0.770,$95.85,-0.63%
NYSE:ELF,18 Aug 2025,$118.35,3,,,0.41,$91.44,29.42%,,,,$86.31,-5.61%,$0.00,-100.00%,$0.00,-100.00%,ELF,NYSE:ELF,-0.967,$97.25,
NYSE:ELME,4 Aug 2026,$2.41,4,,4,,$1.62,48.91%,48.91%,$2.41,$2.41,,-100.00%,-$2.00,-223.46%,-$2.00,-223.46%,ELME,NYSE:ELME,-2.000,,
NYSE:ELP,13 Feb 2025,$6.84,3,$8.20,6,,,#DIV/0!,,,,,#DIV/0!,-$2.00,#DIV/0!,-$2.00,#DIV/0!,ELP,NYSE:ELP,-2.000,,
NYSE:ELS,19 Sep 2025,$70.10,5,$67.65,7,1.20,$65.61,3.11%,,,,$63.66,-2.97%,$0.00,-100.00%,$0.00,-100.00%,ELS,NYSE:ELS,-0.618,$70.71,-4.33%
NASDAQ:ELVR,11 Dec 2025,$44.92,3,,,,$64.86,-30.74%,,,,,-100.00%,-$2.00,-103.08%,-$2.00,-103.08%,ELVR,NASDAQ:ELVR,-2.000,,
NYSE:EME,23 Aug 2025,$518.72,1,$670.50,8,0.91,$836.29,-37.97%,,,,$814.65,-2.59%,"$1,104.61",32.08%,"$1,182.02",41.34%,EME,NYSE:EME,-0.780,"$1,033.29",-35.11%
NYSE:EMR,19 Nov 2025,$120.30,2,$146.64,9,0.80,$163.17,-26.27%,,,,$157.13,-3.70%,$0.00,-100.00%,$0.00,-100.00%,EMR,NYSE:EMR,-0.788,$170.07,-13.78%
NYSE:ENB,19 Aug 2025,$43.53,2,,,1.26,$50.91,-14.50%,,,,$50.99,0.16%,$0.00,-100.00%,$0.00,-100.00%,ENB,NYSE:ENB,-0.581,$52.70,
NYSE:ENOV,11 Dec 2025,$37.01,3,$49.00,5,0.65,$26.06,42.03%,,,,$23.37,-10.32%,$0.00,-100.00%,$0.00,-100.00%,ENOV,NYSE:ENOV,-0.932,$41.25,18.79%
NYSE:ENS,11 Mar 2026,$152.00,3,,,0.70,$203.40,-25.27%,,,,$187.41,-7.86%,$0.00,-100.00%,$0.00,-100.00%,ENS,NYSE:ENS,-0.876,$252.58,
NASDAQ:ENSG,3 Jul 2025,$137.40,2,,,0.63,$181.65,-24.36%,,,,$176.01,-3.10%,$255.77,40.80%,$289.75,59.51%,ENSG,NASDAQ:ENSG,-0.902,$220.00,
NASDAQ:ENTG,9 Feb 2026,$124.28,3,$123.14,3,0.44,$161.76,-23.87%,,,,$153.14,-5.33%,$0.00,-100.00%,$0.00,-100.00%,ENTG,NASDAQ:ENTG,-0.948,$169.00,-27.14%
NASDAQ:ENVX,20 Aug 2025,$9.75,3,,,0.62,$4.39,122.03%,,,,$4.19,-4.56%,$0.00,-100.00%,$0.00,-100.00%,ENVX,NASDAQ:ENVX,-0.945,$12.95,
NYSE:EOG,2 Jul 2026,$143.14,4,$155.08,6,1.16,$142.61,0.37%,,,,$139.37,-2.27%,$0.00,-100.00%,$0.00,-100.00%,EOG,NYSE:EOG,-0.642,$158.85,-2.37%
NYSE:EPAC,11 Nov 2025,$44.87,3,$51.00,1,0.57,$36.94,21.48%,,,,$35.29,-4.47%,$75.57,104.57%,$80.87,118.91%,EPAC,NYSE:EPAC,-0.948,$48.00,6.25%
NYSE:EPAM,26 Mar 2026,$178.81,3,$199.40,8,0.53,$100.50,77.92%,,,,$94.69,-5.78%,$0.00,-100.00%,$0.00,-100.00%,EPAM,NYSE:EPAM,-0.947,$122.82,62.35%
NYSE:EQBK,16 Mar 2026,$41.43,3,$52.50,4,1.06,$51.64,-19.77%,,,,$50.99,-1.26%,$0.00,-100.00%,$0.00,-100.00%,EQBK,NYSE:EQBK,-0.676,$54.86,-4.30%
NYSE:EQNR,9 Sep 2025,$26.30,4,$25.60,9,1.49,$40.77,-37.21%,,,,$39.77,-2.45%,$91.58,124.63%,$135.64,232.70%,EQNR,NYSE:EQNR,-0.440,$34.74,-26.31%
NYSE:EQT,20 Aug 2025,$46.57,2,,,0.56,$54.42,-14.43%,,,,$51.56,-5.26%,$60.70,11.54%,$101.90,87.24%,EQT,NYSE:EQT,-0.937,$67.68,
NASDAQ:ERIC,27 May 2026,$11.70,1,$10.60,8,1.26,$10.27,3.21%,,,,$10.15,-1.17%,$10.54,2.64%,$15.25,48.51%,ERIC,NASDAQ:ERIC,-0.560,$9.67,9.62%
NASDAQ:ERII,4 Sep 2025,$16.86,3,$17.00,6,0.45,$8.35,101.93%,,,,$7.41,-11.26%,$0.00,-100.00%,$0.00,-100.00%,ERII,NASDAQ:ERII,-0.959,$9.33,82.21%
NYSE:ERO,2 Sep 2025,$21.17,3,$18.76,5,0.42,$33.80,-44.50%,,,,$32.58,-3.61%,$0.00,-100.00%,$0.00,-100.00%,ERO,NYSE:ERO,-0.961,$35.87,-47.70%
NYSE:ESAB,23 Dec 2025,$119.83,3,$147.33,7,0.62,$84.81,41.29%,,,,$80.76,-4.78%,$0.00,-100.00%,$0.00,-100.00%,ESAB,NYSE:ESAB,-0.948,$131.18,12.31%
NYSE:ESE,29 Jan 2026,$185.93,2,$275.00,4,0.60,$305.86,-39.21%,,,,$285.24,-6.74%,$0.00,-100.00%,$0.00,-100.00%,ESE,NYSE:ESE,-0.928,$390.75,-29.62%
NASDAQ:ESEA,5 Mar 2026,$65.04,3,,,1.41,$73.80,-11.87%,,,,$72.21,-2.15%,$0.00,-100.00%,$0.00,-100.00%,ESEA,NASDAQ:ESEA,-0.550,$88.67,
NASDAQ:ESLT,24 Oct 2025,$494.42,3,,,0.43,$783.62,-36.91%,,,,$739.22,-5.67%,$0.00,-100.00%,$0.00,-100.00%,ESLT,NASDAQ:ESLT,-0.958,$846.33,
NYSE:ESNT,23 Jun 2026,$59.83,4,$68.00,1,1.13,$69.57,-14.01%,,,,$67.65,-2.76%,$0.00,-100.00%,$0.00,-100.00%,ESNT,NYSE:ESNT,-0.647,$74.71,-8.98%
NASDAQ:ESQ,21 Oct 2025,$91.76,3,$110.00,5,0.63,$128.06,-28.34%,,,,$128.51,0.35%,$0.00,-100.00%,$0.00,-100.00%,ESQ,NASDAQ:ESQ,-0.858,$130.00,-15.38%
NYSE:ESS,16 Sep 2025,$294.27,5,$293.97,7,1.58,$287.52,2.24%,,,,$284.75,-0.96%,$307.31,6.88%,$396.63,37.95%,ESS,NYSE:ESS,-0.441,$302.91,-2.95%
NASDAQ:ESTA,4 Dec 2025,$72.19,3,$71.75,6,0.63,$79.47,-9.71%,,,,$72.96,-8.19%,$0.00,-100.00%,$0.00,-100.00%,ESTA,NASDAQ:ESTA,-0.918,$102.44,-29.96%
NYSE:ESTC,19 Aug 2025,$94.39,3,$107.50,2,0.45,$86.68,8.90%,,,,$75.27,-13.16%,$139.59,61.05%,$141.18,62.88%,ESTC,NYSE:ESTC,-0.900,$74.00,45.27%
NYSE:ET,2 Jul 2026,$19.05,1,,,1.94,$21.05,-9.50%,,,,$20.86,-0.90%,$0.00,-100.00%,$0.00,-100.00%,ET,NYSE:ET,-0.306,$24.29,
NYSE:ETD,11 Nov 2024,$36.07,4,,,1.18,$22.84,57.90%,,,,$22.47,-1.62%,$46.92,105.42%,$48.38,111.80%,ETD,NYSE:ETD,-0.603,$22.00,
NYSE:ETN,11 Nov 2025,$317.45,1,,,0.39,$451.51,-29.69%,,,,$430.98,-4.55%,$0.00,-100.00%,$0.00,-100.00%,ETN,NYSE:ETN,-0.970,$471.98,
NYSE:ETR,24 Oct 2025,$79.12,1,,,1.12,$107.84,-26.63%,,,,$105.61,-2.07%,$0.00,-100.00%,$0.00,-100.00%,ETR,NYSE:ETR,-0.669,$123.88,
NASDAQ:EVCM,9 Feb 2026,$14.79,3,$12.00,3,0.46,$10.19,17.76%,,,,$9.43,-7.46%,$0.00,-100.00%,$0.00,-100.00%,EVCM,NASDAQ:EVCM,-0.945,$11.00,9.09%
NYSE:EVTC,11 Feb 2026,$34.62,3,$30.50,4,0.60,$31.57,-3.39%,,,,$29.76,-5.73%,$0.00,-100.00%,$0.00,-100.00%,EVTC,NYSE:EVTC,-0.894,$35.60,-14.33%
NYSE:EVTL,1 Sep 2025,$5.43,3,$11.60,5,0.74,$0.83,554.22%,,,,$0.80,-3.61%,$0.00,-100.00%,$0.00,-100.00%,EVTL,NYSE:EVTL,-0.893,$9.30,24.73%
NYSE:EW,11 Dec 2025,$87.08,3,$95.29,8,0.74,$91.60,-4.94%,,,,$90.32,-1.40%,$0.00,-100.00%,$0.00,-100.00%,EW,NYSE:EW,-0.829,$100.96,-5.62%
NASDAQ:EWBC,18 Mar 2026,$117.29,3,,,0.88,$136.60,-14.14%,,,,$133.24,-2.46%,$0.00,-100.00%,$0.00,-100.00%,EWBC,NASDAQ:EWBC,-0.762,$148.12,
NASDAQ:EXC,28 Apr 2026,$47.55,3,$50.83,5,1.01,$45.86,3.68%,,,,$44.84,-2.22%,$0.00,-100.00%,$0.00,-100.00%,EXC,NASDAQ:EXC,-0.703,$49.33,3.04%
NASDAQ:EXE,22 Jan 2026,$97.25,3,$133.00,9,1.19,$94.78,2.61%,,,,$95.21,0.45%,$117.21,23.66%,$227.97,140.53%,EXE,NASDAQ:EXE,-0.677,$126.04,5.52%
NASDAQ:EXFY,9 Feb 2026,$2.87,3,$5.00,2,0.52,$2.30,24.78%,,,,$2.06,-10.43%,$0.00,-100.00%,$0.00,-100.00%,EXFY,NASDAQ:EXFY,-0.953,$2.83,76.68%
NYSE:EXK,12 Aug 2025,$5.26,3,,,0.58,$10.66,-50.65%,,,,$9.68,-9.19%,$0.00,-100.00%,$0.00,-100.00%,EXK,NYSE:EXK,-0.964,$15.50,
NASDAQ:EXLS,24 Feb 2026,$44.69,5,$53.00,3,0.79,$34.82,28.35%,,,,$33.45,-3.93%,$61.12,75.52%,$67.55,94.00%,EXLS,NASDAQ:EXLS,-0.841,$44.38,19.42%
NYSE:EXP,23 Aug 2025,$240.86,4,$230.75,1,0.84,$208.52,10.66%,,,,$204.88,-1.75%,$0.00,-100.00%,$0.00,-100.00%,EXP,NYSE:EXP,-0.780,$225.89,2.15%
NASDAQ:EXPE,4 Mar 2026,$219.55,3,$275.04,6,0.34,$332.69,-34.01%,,,,$301.98,-9.23%,$0.00,-100.00%,$0.00,-100.00%,EXPE,NASDAQ:EXPE,-0.979,$327.97,-16.14%
NYSE:EXR,12 Oct 2025,$164.54,3,$156.20,5,1.33,$147.90,5.61%,,,,$146.71,-0.80%,$0.00,-100.00%,$0.00,-100.00%,EXR,NYSE:EXR,-0.555,$157.60,-0.89%
NYSE:F,15 Dec 2025,$13.76,1,,1,1.87,$14.37,-4.24%,,,,$13.89,-3.34%,-$19.92,-238.63%,$0.52,-96.36%,F,NYSE:F,-0.326,$15.78,
NASDAQ:FANG,20 Sep 2025,$163.23,3,$183.50,2,1.44,$202.47,-19.38%,,,,$196.16,-3.12%,$0.00,-100.00%,$0.00,-100.00%,FANG,NASDAQ:FANG,-0.526,$232.21,-20.98%
NASDAQ:FAST,14 Jun 2024,$55.48,2,,,1.12,$51.02,8.74%,,,,$50.85,-0.33%,$56.51,10.77%,$59.10,15.85%,FAST,NASDAQ:FAST,-0.624,$48.07,
NYSE:FBIN,28 Apr 2026,$58.23,5,$48.75,6,0.87,$47.84,1.90%,,,,$47.46,-0.79%,$0.00,-100.00%,$0.00,-100.00%,FBIN,NYSE:FBIN,-0.789,$57.15,-14.70%
NASDAQ:FBIZ,8 Oct 2025,$51.75,3,$58.00,7,1.22,$71.44,-27.56%,,,,$70.62,-1.15%,-$78.96,-210.53%,-$71.42,-199.97%,FBIZ,NASDAQ:FBIZ,-0.616,$79.20,-26.77%
NASDAQ:FBNC,7 Oct 2025,$47.21,3,,,0.88,$66.34,-28.84%,,,,$64.89,-2.19%,$0.00,-100.00%,$0.00,-100.00%,FBNC,NASDAQ:FBNC,-0.754,$69.40,
NYSE:FBP,27 May 2026,$27.08,3,$26.00,6,1.00,$29.70,-12.46%,,,,$29.00,-2.36%,$0.00,-100.00%,$0.00,-100.00%,FBP,NYSE:FBP,-0.706,$31.71,-18.01%
NYSE:FC,15 Oct 2025,$24.97,3,$32.00,4,0.76,$20.25,23.31%,,,,$19.32,-4.59%,$39.61,95.58%,$18.53,-8.52%,FC,NYSE:FC,-0.884,$31.00,3.23%
NASDAQ:FCBC,21 Oct 2025,$36.41,3,,5,1.37,$49.52,-26.47%,,,,$48.29,-2.48%,$0.00,-100.00%,$0.00,-100.00%,FCBC,NASDAQ:FCBC,-0.528,$50.00,
NASDAQ:FCCO,2 Oct 2025,$26.67,3,$30.00,7,0.67,$34.35,-22.37%,,,,$33.35,-2.91%,$0.00,-100.00%,$0.00,-100.00%,FCCO,NASDAQ:FCCO,-0.854,$37.33,-19.64%
NYSE:FCF,18 Nov 2025,$17.15,3,$19.00,3,1.05,$21.62,-20.68%,,,,$21.29,-1.53%,$0.00,-100.00%,$0.00,-100.00%,FCF,NYSE:FCF,-0.694,$24.08,-21.10%
NYSE:FCN,13 Nov 2025,$198.73,3,$165.00,9,0.54,$151.85,8.66%,,,,$144.75,-4.68%,$313.34,106.35%,$335.49,120.94%,FCN,NYSE:FCN,-0.928,$175.50,-5.98%
NYSE:FCPT,4 Sep 2025,$29.64,4,$29.40,6,1.93,$25.21,16.62%,,,,$25.20,-0.04%,$0.00,-100.00%,$0.00,-100.00%,FCPT,NYSE:FCPT,-0.303,$28.22,4.18%
NYSE:FDP,13 Nov 2025,$39.53,3,,4,,,#DIV/0!,,,,,#DIV/0!,-$2.00,#DIV/0!,-$2.00,#DIV/0!,FDP,NYSE:FDP,-2.000,,
NYSE:FE,19 Sep 2025,$47.44,4,$46.00,7,1.42,$47.41,-2.97%,,,,$46.67,-1.56%,-$19.38,-140.89%,-$2.86,-106.04%,FE,NYSE:FE,-0.529,$53.08,-13.34%
NASDAQ:FELE,6 Nov 2025,$93.75,3,,,0.93,$105.77,-11.36%,,,,$104.22,-1.47%,$162.92,54.03%,$177.63,67.94%,FELE,NASDAQ:FELE,-0.747,$118.50,
NYSE:FERG,8 Jul 2024,$169.94,2,,,0.75,$244.94,-30.62%,,,,$239.98,-2.02%,$0.00,-100.00%,$0.00,-100.00%,FERG,NYSE:FERG,-0.830,$279.42,
NYSE:FF,15 May 2025,$5.93,5,,7,1.09,$5.59,6.08%,,,,$5.59,0.00%,$0.00,-100.00%,$0.00,-100.00%,FF,NYSE:FF,-0.737,$14.00,
NASDAQ:FFAI,15 Dec 2025,$1.88,3,,,0.74,$3.92,-52.07%,,,,$3.72,-5.10%,$0.00,-100.00%,$0.00,-100.00%,FFAI,NASDAQ:FFAI,-0.895,$48.00,
NASDAQ:FFBC,20 Mar 2026,$29.92,3,$31.67,5,2.21,$34.38,-12.98%,,,,$34.55,0.49%,$0.00,-100.00%,$0.00,-100.00%,FFBC,NASDAQ:FFBC,-0.171,$37.57,-15.70%
NASDAQ:FFIC,27 Oct 2025,$16.10,4,$15.00,5,,,#DIV/0!,,,,,#DIV/0!,-$2.00,#DIV/0!,-$2.00,#DIV/0!,FFIC,NASDAQ:FFIC,-2.000,,
NASDAQ:FFIN,19 Nov 2025,$32.29,3,$37.50,5,0.82,$35.28,-8.48%,,,,$34.47,-2.30%,$0.00,-100.00%,$0.00,-100.00%,FFIN,NASDAQ:FFIN,-0.778,$37.00,1.35%
NYSE:FFWM,18 Nov 2025,$6.01,3,$6.38,5,,,#DIV/0!,,,,,#DIV/0!,-$2.00,#DIV/0!,-$2.00,#DIV/0!,FFWM,NYSE:FFWM,-2.000,,
NASDAQ:FHB,16 Apr 2026,$28.27,3,$26.67,2,1.84,$27.66,-3.58%,,,,$27.87,0.76%,$0.00,-100.00%,$0.00,-100.00%,FHB,NASDAQ:FHB,-0.340,$30.78,-13.35%
NYSE:FHN,28 May 2026,$23.86,3,$26.61,3,1.02,$26.22,-8.99%,,,,$25.52,-2.67%,$0.00,-100.00%,$0.00,-100.00%,FHN,NYSE:FHN,-0.695,$28.11,-5.34%
NASDAQ:FIBK,27 May 2026,$35.12,3,$36.60,3,2.47,$39.17,-10.34%,,,,$39.25,0.20%,$0.00,-100.00%,$0.00,-100.00%,FIBK,NASDAQ:FIBK,-0.027,$37.50,-2.40%
NYSE:FIG,29 Jan 2026,$46.89,3,$51.00,5,0.52,$25.42,84.45%,,,,$22.44,-11.72%,$0.00,-100.00%,$0.00,-100.00%,FIG,NYSE:FIG,-0.949,$30.50,67.21%
NYSE:FINV,24 Oct 2025,$5.94,3,,6,1.35,$4.38,35.62%,,,,$4.45,1.60%,$24.57,460.87%,$25.34,478.62%,FINV,NYSE:FINV,-0.621,$7.30,
NYSE:FIS,11 Feb 2026,$71.87,3,,,0.88,$42.92,67.45%,,,,$41.42,-3.49%,$0.00,-100.00%,$0.00,-100.00%,FIS,NYSE:FIS,-0.783,$51.04,
NASDAQ:FISI,20 Oct 2025,$28.36,3,$30.00,5,1.68,$41.75,-32.07%,,,,$41.80,0.12%,$0.00,-100.00%,$0.00,-100.00%,FISI,NASDAQ:FISI,-0.406,$45.00,-33.33%
NASDAQ:FITB,27 May 2026,$50.92,3,$57.17,9,1.16,$57.95,-12.13%,,,,$57.42,-0.91%,$0.00,-100.00%,$0.00,-100.00%,FITB,NASDAQ:FITB,-0.635,$62.90,-9.11%
NYSE:FIX,23 Aug 2025,$534.79,1,$736.60,8,0.69,"$1,774.06",-69.86%,,,,"$1,665.24",-6.13%,"$3,277.63",84.75%,"$3,349.56",88.81%,FIX,NYSE:FIX,-0.879,"$2,210.86",-66.68%
NASDAQ:FIZZ,17 Mar 2026,$41.05,3,$35.00,2,1.74,$31.31,11.79%,,,,$31.18,-0.42%,$58.33,86.31%,$62.44,99.43%,FIZZ,NASDAQ:FIZZ,-0.370,$33.00,6.06%
NASDAQ:FLEX,5 Feb 2026,$63.22,2,$73.75,6,0.59,$126.16,-49.89%,,,,$119.32,-5.42%,$128.86,2.14%,$153.55,21.71%,FLEX,NASDAQ:FLEX,-0.933,$160.50,-54.05%
NYSE:FLG,21 Oct 2025,$10.62,3,$13.90,6,0.91,$14.25,-25.48%,,,,$14.02,-1.61%,$0.00,-100.00%,$0.00,-100.00%,FLG,NYSE:FLG,-0.761,$16.26,-14.51%
NYSE:FLR,20 Aug 2025,$51.95,5,,5,0.47,$52.37,-0.80%,,,,$48.91,-6.61%,$0.00,-100.00%,$0.00,-100.00%,FLR,NYSE:FLR,-0.958,$60.69,
NYSE:FLS,23 Aug 2024,$48.32,3,,,1.21,$80.87,-40.24%,,,,$78.92,-2.41%,$111.49,37.86%,$124.14,53.51%,FLS,NYSE:FLS,-0.617,$89.10,
NYSE:FLUT,18 Sep 2025,$272.62,3,,,0.72,$101.41,168.83%,,,,$93.49,-7.81%,$0.00,-100.00%,$0.00,-100.00%,FLUT,NYSE:FLUT,-0.902,$141.52,
NASDAQ:FMBH,28 Apr 2026,$47.14,3,,,0.93,$52.01,-9.37%,,,,$51.15,-1.65%,$0.00,-100.00%,$0.00,-100.00%,FMBH,NASDAQ:FMBH,-0.738,$56.50,
NASDAQ:FMNB,18 Mar 2026,$14.01,3,$14.50,6,1.84,$16.31,-14.09%,,,,$16.31,0.00%,$0.00,-100.00%,$0.00,-100.00%,FMNB,NASDAQ:FMNB,-0.326,$17.00,-14.71%
NYSE:FMS,16 Mar 2026,$34.95,5,$26.00,2,1.32,$23.77,9.38%,,,,$23.50,-1.14%,$0.00,-100.00%,$0.00,-100.00%,FMS,NYSE:FMS,-0.565,$25.69,1.21%
NYSE:FMX,19 Mar 2026,$123.52,3,$128.33,8,1.19,$118.27,4.44%,,,,$115.41,-2.42%,$0.00,-100.00%,$0.00,-100.00%,FMX,NYSE:FMX,-0.633,$133.94,-4.19%
NYSE:FN,11 Dec 2025,$411.82,2,$533.80,8,0.98,$570.22,-27.78%,,,,$555.54,-2.57%,$665.35,16.68%,$574.41,0.73%,FN,NYSE:FN,-0.762,$732.44,-27.12%
NYSE:FNB,30 Mar 2026,$17.16,3,$19.63,9,1.08,$19.48,-11.91%,,,,$19.12,-1.85%,$0.00,-100.00%,$0.00,-100.00%,FNB,NYSE:FNB,-0.671,$21.06,-6.79%
NYSE:FNF,10 Apr 2025,$64.78,4,$70.33,4,1.44,$49.47,30.94%,,,,$47.76,-3.46%,$0.00,-100.00%,$0.00,-100.00%,FNF,NYSE:FNF,-0.545,$61.40,14.54%
NASDAQ:FOSL,29 Aug 2025,$4.98,5,$5.00,7,0.59,$5.57,-10.58%,,,,$4.98,-10.59%,$0.00,-100.00%,$0.00,-100.00%,FOSL,NASDAQ:FOSL,-0.930,$7.00,-28.57%
NASDAQ:FRHC,27 Aug 2025,$170.00,3,,,,$146.45,16.08%,,,,,-100.00%,-$2.00,-101.37%,-$2.00,-101.37%,FRHC,NASDAQ:FRHC,-2.000,,
NYSE:FRO,23 Jun 2026,$33.92,2,$43.67,8,2.78,$41.21,-17.68%,,,,$41.92,1.72%,$41.91,1.70%,$64.24,55.88%,FRO,NYSE:FRO,0.084,$44.25,-1.31%
NASDAQ:FRSH,27 Jan 2026,$14.36,3,$18.75,5,0.62,$12.66,13.42%,,,,$11.31,-10.66%,$0.00,-100.00%,$0.00,-100.00%,FRSH,NASDAQ:FRSH,-0.890,$14.38,30.39%
NYSE:FRT,23 Dec 2025,$100.99,1,,,1.03,$118.39,-14.70%,,,,$116.61,-1.50%,$0.00,-100.00%,$0.00,-100.00%,FRT,NYSE:FRT,-0.704,$132.45,
NASDAQ:FSBC,27 May 2026,$39.25,3,$44.83,7,2.14,$46.75,-16.04%,,,,$47.05,0.64%,-$110.34,-336.01%,-$108.95,-333.05%,FSBC,NASDAQ:FSBC,-0.202,$51.00,-12.10%
NASDAQ:FSLR,11 Feb 2026,$209.76,2,,,0.73,$225.56,-7.00%,,,,$216.13,-4.18%,$580.26,157.25%,$654.80,190.30%,FSLR,NASDAQ:FSLR,-0.855,$271.87,
NYSE:FSLY,19 Jan 2026,$10.88,4,$11.30,4,,$29.93,-63.65%,,,,,-100.00%,-$2.00,-106.68%,-$2.00,-106.68%,FSLY,NASDAQ:FSLY,-2.000,,
NYSE:FSM,14 Aug 2025,$6.09,3,$7.46,7,0.58,$10.67,-42.91%,,,,$9.99,-6.37%,$0.00,-100.00%,$0.00,-100.00%,FSM,NYSE:FSM,-0.957,$14.50,-48.55%
NASDAQ:FSTR,4 Oct 2024,$28.19,4,,,0.59,$38.74,-27.23%,,,,$37.13,-4.16%,$0.00,-100.00%,$0.00,-100.00%,FSTR,NASDAQ:FSTR,-0.900,$44.00,
NASDAQ:FTAI,19 Aug 2025,$88.62,1,,,1.55,$217.13,-59.19%,,,,$214.51,-1.21%,$148.55,-31.58%,$154.57,-28.81%,FTAI,NASDAQ:FTAI,-0.532,$364.00,
NASDAQ:FTDR,1 Jun 2026,$66.83,3,$74.50,7,0.42,$86.47,-22.71%,,,,$79.77,-7.75%,$0.00,-100.00%,$0.00,-100.00%,FTDR,NASDAQ:FTDR,-0.978,$98.00,-23.98%
NASDAQ:FTEL,15 Dec 2025,$1.46,3,,,,,#DIV/0!,,,,,#DIV/0!,-$2.00,#DIV/0!,-$2.00,#DIV/0!,FTEL,NASDAQ:FTEL,-2.000,,
NYSE:FTI,21 Jul 2025,$33.54,3,$37.80,10,0.86,$78.61,-57.33%,,,,$72.99,-7.15%,$119.39,51.88%,$132.07,68.00%,FTI,NYSE:FTI,-0.741,$75.67,-50.05%
NYSE:FTK,29 Apr 2026,$14.15,3,$21.50,9,0.43,$35.83,-60.50%,,,,$32.74,-8.62%,$0.00,-100.00%,$0.00,-100.00%,FTK,NYSE:FTK,-0.950,$36.92,-41.77%
NASDAQ:FTNT,4 Feb 2026,$100.54,5,$84.05,3,0.63,$160.01,-47.47%,,,,$156.38,-2.27%,$237.28,48.29%,$237.86,48.66%,FTNT,NASDAQ:FTNT,-0.857,$160.86,-47.75%
NASDAQ:FTRE,27 Jun 2025,$13.66,3,$5.97,1,0.50,$17.41,-65.71%,,,,$17.00,-2.35%,$34.15,96.13%,$36.01,106.81%,FTRE,NASDAQ:FTRE,-0.951,$20.55,-70.95%
NYSE:FTV,5 Feb 2026,$54.58,4,$55.50,8,0.80,$61.62,-11.43%,,,,$59.85,-2.87%,$79.36,28.79%,$94.25,52.95%,FTV,NYSE:FTV,-0.788,$64.31,-13.70%
NYSE:FUBO,4 Apr 2025,$4.27,3,$4.85,8,0.63,$10.15,-57.98%,,,,$8.91,-12.22%,$0.00,-100.00%,$0.00,-100.00%,FUBO,NYSE:FUBO,-0.941,$17.00,-71.47%
NASDAQ:FUFU,19 Aug 2025,$4.77,4,$6.00,5,,$1.45,229.17%,,,,,-100.00%,-$2.00,-237.93%,-$2.00,-237.93%,FUFU,NASDAQ:FUFU,-2.000,,
NYSE:FUL,26 May 2026,$68.79,4,$73.00,6,0.96,$62.75,9.63%,,,,$58.88,-6.17%,$87.34,39.19%,$143.54,128.75%,FUL,NYSE:FUL,-0.745,$73.29,-0.40%
NASDAQ:FULT,18 Mar 2026,$21.38,4,$23.00,5,1.81,$24.64,-13.23%,,,,$24.55,-0.37%,$0.00,-100.00%,$0.00,-100.00%,FULT,NASDAQ:FULT,-0.344,$26.50,-13.21%
NASDAQ:FUNC,23 Dec 2025,$39.14,3,$42.00,6,1.08,$45.38,-13.75%,,,,$45.18,-0.44%,$0.00,-100.00%,$0.00,-100.00%,FUNC,NASDAQ:FUNC,-0.677,$50.00,-16.00%
NASDAQ:FUTU,27 Aug 2025,$135.45,1,,,0.68,$105.23,28.72%,,,,$99.51,-5.44%,-$146.34,-239.06%,-$146.34,-239.06%,FUTU,NASDAQ:FUTU,-0.919,$155.62,
NYSE:G,18 May 2026,$44.63,3,$40.00,3,0.63,$33.86,18.13%,,,,$32.54,-3.90%,$0.00,-100.00%,$0.00,-100.00%,G,NYSE:G,-0.906,$42.18,-5.17%
NASDAQ:GABC,27 May 2026,$45.62,3,$49.00,6,1.37,$51.38,-11.20%,,,,$50.15,-2.39%,$0.00,-100.00%,$0.00,-100.00%,GABC,NASDAQ:GABC,-0.546,$56.20,-12.81%
NASDAQ:GAIN,10 Jun 2024,$15.26,3,,,1.26,$16.31,-6.44%,,,,$16.30,-0.06%,$0.00,-100.00%,$0.00,-100.00%,GAIN,NASDAQ:GAIN,-0.579,$16.83,
NASDAQ:GAMB,28 Oct 2025,$12.14,5,$13.00,5,0.51,$1.84,559.89%,,,,$1.69,-8.15%,$8.33,352.73%,$1.09,-40.63%,GAMB,NASDAQ:GAMB,-0.996,$5.00,160.00%
NASDAQ:GAME,12 Oct 2025,$0.98,3,$1.75,5,,$0.41,139.22%,,,,,-100.00%,-$2.00,-587.80%,-$2.00,-587.80%,GAME,NASDAQ:GAME,-2.000,,
NASDAQ:GANX,23 Dec 2025,$5.20,3,$7.60,8,0.61,$2.12,145.05%,,,,$2.04,-3.77%,$0.00,-100.00%,$0.00,-100.00%,GANX,NASDAQ:GANX,-0.953,$7.20,5.56%
NYSE:GAP,16 Jul 2026,$29.07,5,$27.44,7,1.20,$20.60,33.20%,,,,$19.81,-3.83%,$19.50,-5.34%,$37.74,83.22%,GAP,NYSE:GAP,-0.659,$26.24,4.57%
NASDAQ:GASS,5 Mar 2026,$9.44,3,,,0.94,$9.46,-0.21%,,,,$8.68,-8.25%,$46.73,393.98%,$25.41,168.63%,GASS,NASDAQ:GASS,-0.805,$14.00,
NYSE:GBCI,21 Oct 2025,$45.69,3,$52.20,7,1.01,$49.93,-8.49%,,,,$48.94,-1.98%,$0.00,-100.00%,$0.00,-100.00%,GBCI,NYSE:GBCI,-0.716,$56.83,-8.15%
NYSE:GBX,6 Feb 2026,$68.91,3,$49.00,3,1.32,$45.44,7.83%,,,,$45.25,-0.42%,$72.42,59.37%,$116.34,156.04%,GBX,NYSE:GBX,-0.547,$45.33,8.10%
NASDAQ:GCT,11 Feb 2026,$42.86,3,$33.00,7,0.54,$51.87,-36.38%,,,,$49.99,-3.62%,$0.00,-100.00%,$0.00,-100.00%,GCT,NASDAQ:GCT,-0.916,$57.00,-42.11%
NYSE:GCTS,2 Feb 2026,$1.46,3,$3.50,7,0.63,$1.97,-25.89%,,,,$1.96,-0.51%,$0.00,-100.00%,$0.00,-100.00%,GCTS,NYSE:GCTS,-0.944,$3.70,-5.41%
NYSE:GDDY,11 Feb 2026,$143.01,3,$171.11,7,0.37,$94.91,50.68%,,,,$85.24,-10.19%,$266.44,180.73%,$274.78,189.52%,GDDY,NYSE:GDDY,-0.991,$104.80,63.27%
NASDAQ:GDS,16 Feb 2026,$38.86,1,$51.45,10,0.60,$34.41,12.94%,,,,$31.33,-8.95%,$0.00,-100.00%,$0.00,-100.00%,GDS,NASDAQ:GDS,-0.956,$51.10,0.68%
NASDAQ:GDYN,27 Jan 2026,$17.06,3,$12.25,1,0.45,$7.75,58.06%,,,,$7.30,-5.81%,$0.00,-100.00%,$0.00,-100.00%,GDYN,NASDAQ:GDYN,-0.976,$9.20,33.15%
NYSE:GEF,5 Sep 2025,$73.44,5,$80.00,2,1.11,$87.35,-15.92%,,,,$85.92,-1.64%,$0.00,-100.00%,$0.00,-100.00%,GEF,NYSE:GEF,-0.640,$87.20,-8.26%
NYSE:GES,15 Aug 2025,$28.70,3,$13.00,5,0.31,$16.81,-22.67%,,,,$7.75,-53.90%,$45.19,168.83%,$55.86,232.32%,GES,NYSE:GES,-0.995,$16.75,-22.39%
NASDAQ:GFS,9 Feb 2026,$46.85,4,$39.80,4,0.69,$54.58,-27.08%,,,,$50.86,-6.82%,$0.00,-100.00%,$0.00,-100.00%,GFS,NASDAQ:GFS,-0.915,$76.76,-48.15%
NASDAQ:GGAL,11 Sep 2025,$34.39,3,$38.00,5,1.85,$43.37,-20.71%,,,,$43.63,0.60%,-$100.96,-332.80%,-$97.26,-324.24%,GGAL,NASDAQ:GGAL,-0.401,$68.70,-44.69%
NYSE:GGB,4 Jan 2026,$3.55,3,$4.60,9,1.17,$4.74,-25.03%,,,,$4.74,0.00%,$0.00,-100.00%,$0.00,-100.00%,GGB,NYSE:GGB,-0.651,$5.51,-16.52%
NYSE:GGG,6 Nov 2025,$84.33,3,$93.50,1,0.89,$81.94,2.92%,,,,$79.46,-3.03%,$125.10,52.67%,$131.51,60.50%,GGG,NYSE:GGG,-0.762,$91.29,2.42%
NYSE:GHC,15 Oct 2025,$995.96,4,,4,0.71,"$1,191.20",-16.39%,,,,"$1,149.35",-3.51%,"$1,808.69",51.84%,"$3,657.24",207.02%,GHC,NYSE:GHC,-0.781,$990.00,
NYSE:GHM,28 Oct 2025,$48.90,2,,,0.47,$113.99,-57.10%,,,,$105.09,-7.81%,$0.00,-100.00%,$0.00,-100.00%,GHM,NYSE:GHM,-0.955,$130.75,
NYSE:GIB,19 Jan 2026,$107.59,5,$129.19,3,0.43,$73.41,46.56%,,,,$69.61,-5.18%,$137.60,87.43%,$164.77,124.45%,GIB,NYSE:GIB,-0.966,$81.08,59.34%
NYSE:GIS,27 Mar 2026,$54.42,5,$40.93,2,0.90,$39.20,4.41%,,,,$37.86,-3.42%,$35.69,-8.95%,$48.88,24.69%,GIS,NYSE:GIS,-0.725,$37.56,8.97%
NYSE:GKOS,11 Dec 2025,$119.46,3,$118.10,3,0.35,$184.53,-36.00%,,,,$174.38,-5.50%,$196.86,6.68%,$206.92,12.14%,GKOS,NYSE:GKOS,-0.988,$193.62,-39.00%
NASDAQ:GLDD,4 Nov 2025,$12.92,3,$14.00,7,0.31,$17.00,-24.00%,,,,$7.84,-53.88%,$34.64,103.77%,$43.37,155.14%,GLDD,NASDAQ:GLDD,-0.996,$17.00,-17.65%
NYSE:GLOB,4 May 2026,$71.94,3,$63.17,7,0.62,$37.38,68.99%,,,,$36.77,-1.63%,$0.00,-100.00%,$0.00,-100.00%,GLOB,NYSE:GLOB,-0.947,$54.55,15.80%
NASDAQ:GLRE,13 Nov 2025,$15.68,4,,1,0.19,$15.76,-0.51%,,,,$14.82,-5.96%,$0.00,-100.00%,$0.00,-100.00%,GLRE,NASDAQ:GLRE,-0.958,$1.00,
NYSE:GLW,26 Jan 2026,$93.28,1,,,0.76,$165.99,-43.80%,,,,$154.69,-6.81%,$226.08,36.20%,$255.30,53.80%,GLW,NYSE:GLW,-0.828,$191.40,
NYSE:GM,15 Dec 2025,$80.89,1,,1,0.87,$86.77,-6.78%,,,,$84.82,-2.25%,$15.77,-81.82%,$151.17,74.22%,GM,NYSE:GM,-0.779,$100.04,
NYSE:GME,23 Aug 2024,$28.89,3,,,0.33,$18.66,54.82%,,,,$17.71,-5.09%,$55.26,196.14%,$55.87,199.44%,GME,NYSE:GME,-0.924,$13.50,
NYSE:GMED,11 Dec 2025,$101.94,3,$94.50,9,0.51,$85.90,10.01%,,,,$81.15,-5.53%,$0.00,-100.00%,$0.00,-100.00%,GMED,NYSE:GMED,-0.953,$103.23,-8.46%
NYSE:GMRE,23 Dec 2025,$53.07,3,$40.70,9,,,#DIV/0!,,,,,#DIV/0!,-$2.00,#DIV/0!,-$2.00,#DIV/0!,GMRE,NYSE:GMRE,-2.000,,
NASDAQ:GNLN,15 Jul 2025,$4.44,3,,,,$1.93,129.79%,,,,,-100.00%,-$2.00,-203.63%,-$2.00,-203.63%,GNLN,NASDAQ:GNLN,-2.000,,
NYSE:GNRC,11 Nov 2025,$159.25,3,$205.69,9,0.50,$219.30,-27.38%,,,,$203.82,-7.06%,$251.53,14.70%,$256.25,16.85%,GNRC,NYSE:GNRC,-0.977,$283.88,-27.54%
NYSEAMERICAN:GNS,18 Aug 2025,$0.99,,$1.00,3,,$0.16,518.75%,,,,,-100.00%,-$2.00,-1350.00%,-$2.00,-1350.00%,GNS,NYSEAMERICAN:GNS,-2.000,,
NYSE:GNTY,2 Oct 2025,$48.75,1,,,,,#DIV/0!,,,,,#DIV/0!,-$2.00,#DIV/0!,-$2.00,#DIV/0!,GNTY,NYSE:GNTY,-2.000,,
NASDAQ:GOOD,31 Aug 2025,$17.01,5,$15.00,5,2.10,$12.93,16.01%,,,,$13.16,1.78%,$0.00,-100.00%,$0.00,-100.00%,GOOD,NASDAQ:GOOD,-0.222,$14.12,6.23%
NASDAQ:GOOG,27 Feb 2026,$301.88,3,,,1.05,$343.54,-12.13%,,,,$338.29,-1.53%,$500.03,45.55%,$552.36,60.78%,GOOG,NASDAQ:GOOG,-0.716,$421.79,
NASDAQ:GOOGL,17 Apr 2026,$309.14,3,$385.97,8,0.96,$345.90,-10.63%,,,,$338.61,-2.11%,$493.40,42.64%,$542.69,56.89%,GOOGL,NASDAQ:GOOGL,-0.761,$428.04,-9.83%
NYSEAMERICAN:GORO,20 Aug 2025,$0.83,,$1.25,5,,,#DIV/0!,,,,,#DIV/0!,-$2.00,#DIV/0!,-$2.00,#DIV/0!,GORO,NYSEAMERICAN:GORO,-2.000,,
NYSE:GOTU,3 Sep 2025,$6.27,3,,4,,$1.68,273.15%,,,,,-100.00%,-$2.00,-219.05%,-$2.00,-219.05%,GOTU,NYSE:GOTU,-2.000,,
NYSE:GPC,14 Sep 2023,$168.90,4,,,1.00,$135.03,25.08%,,,,$131.95,-2.28%,$93.52,-30.74%,$130.03,-3.70%,GPC,NYSE:GPC,-0.698,$140.38,
NYSE:GPOR,22 Jan 2026,$170.96,3,$231.50,7,0.58,$170.03,0.55%,,,,$161.10,-5.25%,$0.00,-100.00%,$0.00,-100.00%,GPOR,NYSE:GPOR,-0.952,$227.25,1.87%
NYSE:GPRK,22 Sep 2025,$10.05,3,$7.75,2,0.95,$9.47,-18.16%,,,,$8.92,-5.81%,$0.00,-100.00%,$0.00,-100.00%,GPRK,NYSE:GPRK,-0.745,$10.85,-28.57%
NASDAQ:GPRO,27 Jan 2026,$1.35,3,$1.30,5,0.43,$0.60,116.67%,,,,$0.56,-6.67%,$0.00,-100.00%,$0.00,-100.00%,GPRO,NASDAQ:GPRO,-0.907,$0.50,160.00%
NASDAQ:GRAB,3 Sep 2025,$4.97,3,$6.03,6,0.61,$3.62,37.29%,,,,$3.44,-4.97%,$0.00,-100.00%,$0.00,-100.00%,GRAB,NASDAQ:GRAB,-0.952,$5.86,2.90%
NYSE:GRBK,27 Feb 2026,$85.87,4,,8,0.50,$70.46,21.87%,,,,$68.30,-3.07%,$102.81,45.91%,$104.14,47.80%,GRBK,NYSE:GRBK,-0.883,$62.00,
NYSE:GRMN,2 Feb 2026,$214.19,3,$240.50,6,0.53,$310.20,-30.95%,,,,$300.88,-3.00%,$389.71,25.63%,$401.25,29.35%,GRMN,NYSE:GRMN,-0.883,$290.29,-17.15%
NYSE:GRND,27 Jan 2026,$13.86,3,$22.00,2,0.60,$16.01,-13.44%,,,,$14.81,-7.50%,$0.00,-100.00%,$0.00,-100.00%,GRND,NYSE:GRND,-0.933,$20.80,5.77%
NYSE:GS,24 Feb 2026,$814.68,2,,,0.86,"$1,039.42",-21.62%,,,,"$1,021.89",-1.69%,$0.00,-100.00%,$0.00,-100.00%,GS,NYSE:GS,-0.775,"$1,141.65",
NASDAQ:GSBC,27 May 2026,$73.74,3,$65.00,2,1.21,$81.59,-20.33%,,,,$80.19,-1.72%,$0.00,-100.00%,$0.00,-100.00%,GSBC,NASDAQ:GSBC,-0.582,$76.00,-14.47%
NASDAQ:GSIT,28 Jan 2026,$9.51,3,,7,0.39,$7.03,35.24%,,,,$6.12,-12.94%,$0.00,-100.00%,$0.00,-100.00%,GSIT,NASDAQ:GSIT,-0.991,$8.00,
NYSE:GSL,4 Mar 2026,$37.11,3,,5,1.52,$42.17,-11.99%,,,,$41.40,-1.83%,$0.00,-100.00%,$0.00,-100.00%,GSL,NYSE:GSL,-0.505,$51.00,
NASDAQ:GSM,15 Aug 2025,$7.64,3,$4.00,4,1.05,$4.39,-8.88%,,,,$4.28,-2.51%,$0.00,-100.00%,$0.00,-100.00%,GSM,NASDAQ:GSM,-0.746,$6.00,-33.33%
NASDAQ:GT,20 Sep 2025,$10.53,4,$11.42,10,0.57,$6.11,72.34%,,,,$5.83,-4.58%,$0.00,-100.00%,$0.00,-100.00%,GT,NASDAQ:GT,-0.927,$7.46,53.08%
NYSE:GTES,12 May 2025,$25.10,5,$23.20,4,0.49,$27.76,-16.43%,,,,$26.34,-5.12%,$0.00,-100.00%,$0.00,-100.00%,GTES,NYSE:GTES,-0.959,$33.45,-30.64%
NYSE:GTLS,23 Dec 2025,$198.45,3,$211.00,1,0.30,$209.90,-5.46%,,,,$96.83,-53.87%,$232.88,10.95%,$326.99,55.78%,GTLS,NYSE:GTLS,-0.996,$204.43,3.21%
NASDAQ:GTM,30 Mar 2026,$9.68,3,,,0.51,$4.05,139.01%,,,,$3.67,-9.38%,$0.00,-100.00%,$0.00,-100.00%,GTM,NASDAQ:GTM,-0.942,$4.69,
NYSE:GTY,19 Sep 2025,$32.43,4,$32.00,4,1.78,$33.18,-3.56%,,,,$33.17,-0.03%,$47.28,42.50%,$36.59,10.27%,GTY,NYSE:GTY,-0.363,$36.43,-12.16%
NYSE:GVA,12 Jun 2025,$88.52,3,,,0.95,$127.10,-30.35%,,,,$121.19,-4.65%,$73.94,-41.83%,$215.56,69.60%,GVA,NYSE:GVA,-0.788,$171.67,
NYSE:GWH,14 Jan 2026,$3.79,3,$3.50,3,,$0.62,464.52%,,,,,-100.00%,-$2.00,-422.58%,-$2.00,-422.58%,GWH,NYSE:GWH,-2.000,,
NYSE:GWW,23 Aug 2025,$866.00,2,,,0.62,"$1,322.64",-34.52%,,,,"$1,269.69",-4.00%,$0.00,-100.00%,$0.00,-100.00%,GWW,NYSE:GWW,-0.858,"$1,318.29",
NYSE:HAE,16 Dec 2025,$105.08,3,$86.29,9,0.43,$90.80,-4.97%,,,,$86.11,-5.17%,$0.00,-100.00%,$0.00,-100.00%,HAE,NYSE:HAE,-0.957,$96.20,-10.30%
NASDAQ:HAFC,27 May 2026,$31.91,3,$32.83,5,1.93,$32.44,-1.64%,,,,$32.51,0.22%,$0.00,-100.00%,$0.00,-100.00%,HAFC,NASDAQ:HAFC,-0.289,$34.25,-4.15%
NYSE:HASI,27 Jan 2026,$36.24,3,$40.27,9,1.45,$42.12,-13.97%,,,,$41.44,-1.61%,$0.00,-100.00%,$0.00,-100.00%,HASI,NYSE:HASI,-0.529,$49.60,-18.81%
NASDAQ:HBAN,6 Apr 2026,$16.83,4,$19.75,9,1.68,$17.91,-6.03%,,,,$17.78,-0.73%,$0.00,-100.00%,$0.00,-100.00%,HBAN,NASDAQ:HBAN,-0.413,$20.15,-1.99%
NASDAQ:HBCP,1 Jun 2026,$67.68,3,$69.00,3,1.13,$71.96,-5.94%,,,,$71.61,-0.49%,$0.00,-100.00%,$0.00,-100.00%,HBCP,NASDAQ:HBCP,-0.635,$73.00,-5.48%
NYSE:HBM,2 Apr 2026,$15.01,2,$28.81,10,0.62,$26.69,-43.75%,,,,$25.53,-4.35%,$33.96,27.26%,$44.72,67.54%,HBM,NYSE:HBM,-0.909,$32.60,-11.63%
NASDAQ:HBNC,19 Nov 2025,$17.31,3,$19.83,9,1.68,$20.57,-15.85%,,,,$20.52,-0.24%,-$50.48,-345.41%,-$47.45,-330.66%,HBNC,NASDAQ:HBNC,-0.412,$22.90,-13.41%
NASDAQ:HBT,2 Oct 2025,$24.23,3,$29.50,7,0.88,$37.19,-34.86%,,,,$36.01,-3.17%,$0.00,-100.00%,$0.00,-100.00%,HBT,NASDAQ:HBT,-0.753,$38.60,-23.58%
NYSE:HCA,13 Apr 2026,$417.60,2,$551.50,1,0.56,$404.68,3.19%,,,,$392.53,-3.00%,$476.17,17.67%,$757.91,87.29%,HCA,NYSE:HCA,-0.913,$454.57,21.32%
NYSE:HCC,11 Dec 2025,$71.17,3,,,0.64,$98.20,-27.53%,,,,$84.87,-13.57%,$0.00,-100.00%,$0.00,-100.00%,HCC,NYSE:HCC,-0.860,$102.67,
NASDAQ:HCKT,16 Feb 2026,$21.62,3,$27.00,4,1.02,$10.66,102.82%,,,,$10.70,0.38%,$0.00,-100.00%,$0.00,-100.00%,HCKT,NASDAQ:HCKT,-0.767,$16.67,61.97%
NASDAQ:HCSG,20 Dec 2023,$15.43,3,,,1.18,$21.59,-28.54%,,,,$20.81,-3.61%,$0.00,-100.00%,$0.00,-100.00%,HCSG,NASDAQ:HCSG,-0.661,$26.80,
NASDAQ:HCTI,11 Jul 2025,$0.04,3,,,0.66,$1.21,-97.11%,,,,$1.22,0.83%,$0.00,-100.00%,$0.00,-100.00%,HCTI,NASDAQ:HCTI,-0.929,$3.15,
NYSE:HDB,21 Oct 2025,$30.79,2,,,0.83,$23.37,31.77%,,,,$22.55,-3.51%,$0.00,-100.00%,$0.00,-100.00%,HDB,NYSE:HDB,-0.854,$33.95,
NYSE:HE,18 Nov 2025,$12.33,3,$11.13,7,0.91,$11.73,-5.12%,,,,$11.66,-0.60%,$0.00,-100.00%,$0.00,-100.00%,HE,NYSE:HE,-0.734,$11.92,-6.63%
NYSE:HEI,2 May 2025,$235.97,3,$274.82,7,0.50,$374.67,-37.02%,,,,$352.56,-5.90%,$607.04,62.02%,$672.27,79.43%,HEI,NYSE:HEI,-0.919,$386.53,-28.90%
NYSE:HEI.A,5 May 2025,$186.04,3,,,0.87,$274.99,-32.35%,,,,$263.12,-4.32%,$426.59,55.13%,$469.23,70.64%,HEI.A,NYSE:HEI.A,-0.782,$320.00,
NASDAQ:HELE,3 Nov 2023,$131.05,4,,,0.66,$30.22,333.64%,,,,$29.00,-4.04%,$24.98,-17.33%,-$11.71,-138.74%,HELE,NASDAQ:HELE,-0.847,$31.00,
NASDAQ:HFWA,19 Jun 2026,$30.72,3,$32.00,4,2.27,$29.74,3.30%,,,,$30.17,1.45%,$0.00,-100.00%,$0.00,-100.00%,HFWA,NASDAQ:HFWA,-0.149,$33.00,-3.03%
NYSE:HG,9 Sep 2025,$24.44,3,$25.43,7,1.54,$35.75,-31.63%,,,,$34.94,-2.27%,$0.00,-100.00%,$0.00,-100.00%,HG,NYSE:HG,-0.452,$36.43,-30.19%
NYSE:HI,6 Nov 2025,$42.28,5,$32.00,7,,,#DIV/0!,,,,,#DIV/0!,-$2.00,#DIV/0!,-$2.00,#DIV/0!,HI,NYSE:HI,-2.000,,
NASDAQ:HIFS,10 Oct 2025,$271.84,3,,7,0.26,$309.33,-12.12%,,,,$301.52,-2.52%,$0.00,-100.00%,$0.00,-100.00%,HIFS,NASDAQ:HIFS,-0.895,,
NYSE:HIMS,20 Aug 2025,$35.82,2,,,0.48,$28.15,27.25%,,,,$27.44,-2.52%,$0.00,-100.00%,$0.00,-100.00%,HIMS,NYSE:HIMS,-0.946,$31.15,
NASDAQ:HIMX,16 Feb 2026,$9.25,5,,,0.99,$15.23,-39.26%,,,,$14.35,-5.78%,$0.00,-100.00%,$0.00,-100.00%,HIMX,NASDAQ:HIMX,-0.783,$30.20,
NYSE:HLIO,6 Nov 2025,$52.24,3,,,0.67,$81.49,-35.89%,,,,$77.55,-4.83%,$0.00,-100.00%,$0.00,-100.00%,HLIO,NYSE:HLIO,-0.859,$90.17,
NASDAQ:HLIT,5 Feb 2026,$11.73,3,$13.00,5,0.42,$13.92,-15.70%,,,,$12.16,-12.64%,$0.00,-100.00%,$0.00,-100.00%,HLIT,NASDAQ:HLIT,-0.969,$15.29,-14.98%
NASDAQ:HLMN,25 Jul 2023,$11.24,3,,,0.62,$8.70,29.23%,,,,$8.35,-4.02%,$0.00,-100.00%,$0.00,-100.00%,HLMN,NASDAQ:HLMN,-0.948,$12.43,
NYSE:HMC,26 Mar 2026,$30.58,5,,5,0.46,$31.58,-3.15%,,,,$29.88,-5.38%,$0.00,-100.00%,$0.00,-100.00%,HMC,NYSE:HMC,-0.940,$32.90,
NYSE:HNI,8 Jan 2025,$45.54,2,,,1.28,$48.86,-6.80%,,,,$48.64,-0.45%,$59.38,21.52%,$90.87,85.98%,HNI,NYSE:HNI,-0.655,$69.75,
NASDAQ:HNRG,16 Dec 2024,$15.00,3,,8,0.61,$16.16,-7.18%,,,,$14.68,-9.16%,$0.00,-100.00%,$0.00,-100.00%,HNRG,NASDAQ:HNRG,-0.949,$28.33,
NYSE:HOMB,2 Oct 2025,$27.30,2,$32.17,6,1.50,$31.39,-13.04%,,,,$31.07,-1.02%,$0.00,-100.00%,$0.00,-100.00%,HOMB,NYSE:HOMB,-0.479,$33.00,-2.52%
NASDAQ:HON,2 Jul 2026,,1,$446.29,9,1.64,$233.96,90.75%,,,,$232.81,-0.49%,$152.12,-34.98%,$189.60,-18.96%,HON,NASDAQ:HON,-0.431,$263.11,69.62%
NASDAQ:HONE,2 Oct 2025,$15.33,3,$13.00,2,,,#DIV/0!,,,,,#DIV/0!,-$2.00,#DIV/0!,-$2.00,#DIV/0!,HONE,NASDAQ:HONE,-2.000,,
NASDAQ:HOOD,2 Sep 2025,$86.65,2,$113.71,7,0.45,$95.56,-9.33%,,,,$90.40,-5.40%,$86.24,-9.75%,$87.68,-8.24%,HOOD,NASDAQ:HOOD,-0.989,$119.82,-5.10%
NASDAQ:HOPE,2 Oct 2025,$14.53,4,$13.00,4,1.57,$14.45,-10.03%,,,,$14.30,-1.04%,$0.00,-100.00%,$0.00,-100.00%,HOPE,NASDAQ:HOPE,-0.454,$15.50,-16.13%
NYSE:HOV,26 Mar 2025,$163.07,3,$125.00,1,0.16,$134.05,-6.75%,,,,$128.40,-4.21%,$552.60,312.23%,$573.12,327.54%,HOV,NYSE:HOV,-0.973,$74.00,68.92%
NASDAQ:HOVR,12 Dec 2024,$2.00,3,,6,0.56,$1.97,1.52%,,,,$1.86,-5.58%,$2.62,33.21%,$2.63,33.47%,HOVR,NASDAQ:HOVR,-0.971,$8.41,
NYSE:HP,22 Jan 2026,$39.81,4,$33.25,5,0.80,$44.20,-24.77%,,,,$41.46,-6.20%,$0.00,-100.00%,$0.00,-100.00%,HP,NYSE:HP,-0.765,$41.53,-19.94%
NYSE:HPE,12 Aug 2025,$26.45,3,,,0.91,$58.71,-54.95%,,,,$58.81,0.17%,$61.75,5.18%,$103.77,76.76%,HPE,NYSE:HPE,-0.756,$65.45,
NASDAQ:HPK,22 Sep 2025,$12.06,3,$7.00,3,0.49,$7.43,-5.79%,,,,$6.71,-9.69%,$0.00,-100.00%,$0.00,-100.00%,HPK,NASDAQ:HPK,-0.931,$7.88,-11.17%
NYSE:HPQ,30 Mar 2026,$24.72,3,$18.58,2,1.05,$30.11,-38.29%,,,,$29.30,-2.69%,$20.96,-30.40%,$31.71,5.32%,HPQ,NYSE:HPQ,-0.612,$22.98,-19.15%
NYSE:HRL,6 Nov 2024,$31.61,3,,,1.16,$24.54,28.79%,,,,$24.23,-1.26%,$24.96,1.70%,$29.79,21.41%,HRL,NYSE:HRL,-0.641,$26.88,
NASDAQ:HSAI,1 Sep 2025,$21.70,3,$27.74,9,0.59,$18.21,19.17%,,,,$18.08,-0.71%,$19.37,6.37%,$19.37,6.37%,HSAI,NASDAQ:HSAI,-0.959,$29.65,-6.44%
NYSE:HSBC,19 Aug 2025,$64.63,3,,,1.79,$103.79,-37.73%,,,,$103.86,0.07%,$0.00,-100.00%,$0.00,-100.00%,HSBC,NYSE:HSBC,-0.342,$106.08,
NASDAQ:HSIC,20 Aug 2025,$69.76,3,,,0.50,$89.77,-22.29%,,,,$86.02,-4.18%,$0.00,-100.00%,$0.00,-100.00%,HSIC,NASDAQ:HSIC,-0.928,$97.56,
NASDAQ:HSII,15 Dec 2025,$59.01,1,,1,,,#DIV/0!,,,,,#DIV/0!,-$2.00,#DIV/0!,-$2.00,#DIV/0!,HSII,NASDAQ:HSII,-2.000,,
NASDAQ:HST,20 Apr 2026,$19.63,3,$21.71,6,1.01,$22.90,-14.29%,,,,$22.42,-2.10%,$0.00,-100.00%,$0.00,-100.00%,HST,NASDAQ:HST,-0.706,$25.07,-13.40%
NYSE:HTB,19 Nov 2025,$38.55,3,,,0.98,$49.98,-22.87%,,,,$49.26,-1.44%,$0.00,-100.00%,$0.00,-100.00%,HTB,NYSE:HTB,-0.718,$54.44,
NASDAQ:HTBK,13 Apr 2026,$12.56,3,$15.00,6,,,#DIV/0!,,,,,#DIV/0!,-$2.00,#DIV/0!,-$2.00,#DIV/0!,HTBK,NASDAQ:HTBK,-2.000,,
NASDAQ:HTZ,22 Dec 2023,$16.71,3,,,0.41,$2.24,645.98%,,,,$2.18,-2.68%,$0.00,-100.00%,$0.00,-100.00%,HTZ,NASDAQ:HTZ,-0.955,$2.27,
NYSE:HUBS,8 Jul 2024,$562.84,3,,,0.38,$224.14,151.11%,,,,$198.02,-11.65%,$0.00,-100.00%,$0.00,-100.00%,HUBS,NYSE:HUBS,-0.983,$243.36,
NYSE:HUYA,26 Aug 2025,$4.89,4,$5.00,7,1.87,$2.30,112.57%,,,,$2.33,1.30%,$0.00,-100.00%,$0.00,-100.00%,HUYA,NYSE:HUYA,-0.391,$3.98,25.63%
NYSE:HVT,20 Mar 2026,$26.93,4,,4,1.01,$28.79,-6.47%,,,,$28.19,-2.08%,$0.00,-100.00%,$0.00,-100.00%,HVT,NYSE:HVT,-0.715,$33.00,
NASDAQ:HWC,10 Oct 2025,$58.42,2,,,1.21,$79.78,-26.77%,,,,$78.61,-1.47%,$0.00,-100.00%,$0.00,-100.00%,HWC,NASDAQ:HWC,-0.607,$83.80,
NYSE:HWM,3 Sep 2025,$148.98,2,,,0.46,$289.18,-48.48%,,,,$264.07,-8.68%,$0.00,-100.00%,$0.00,-100.00%,HWM,NYSE:HWM,-0.962,$334.43,
NASDAQ:IART,11 Dec 2025,$22.26,3,$12.33,2,0.65,$18.34,-32.77%,,,,$17.51,-4.53%,-$7.15,-139.00%,$13.91,-24.16%,IART,NASDAQ:IART,-0.860,$19.56,-36.96%
NASDAQ:IBEX,30 Jan 2026,$37.25,3,$41.00,9,0.82,$35.83,3.96%,,,,$34.54,-3.60%,$58.51,63.30%,$82.59,130.49%,IBEX,NASDAQ:IBEX,-0.780,$37.50,9.33%
NASDAQ:IBKR,23 Aug 2025,$51.95,1,$67.92,10,0.76,$92.06,-43.57%,,,,$89.45,-2.84%,$0.00,-100.00%,$0.00,-100.00%,IBKR,NASDAQ:IBKR,-0.829,$106.13,-36.00%
NYSE:IBM,27 Jan 2026,$263.05,1,$321.27,10,0.78,$234.32,12.26%,,,,$229.51,-2.05%,$282.81,20.70%,$372.15,58.82%,IBM,NYSE:IBM,-0.795,$244.16,31.58%
NYSE:IBN,2 Oct 2025,$29.15,3,,3,0.58,$29.74,-1.98%,,,,$28.43,-4.40%,$159.84,437.46%,$163.72,450.51%,IBN,NYSE:IBN,-0.923,$35.83,
NASDAQ:IBOC,1 Jun 2026,$77.76,3,,4,0.90,$73.38,5.97%,,,,$71.60,-2.43%,$0.00,-100.00%,$0.00,-100.00%,IBOC,NASDAQ:IBOC,-0.776,$87.00,
NYSE:IBP,7 Jan 2025,$148.52,2,$231.00,6,0.41,$240.23,-38.18%,,,,$233.94,-2.62%,$0.00,-100.00%,$0.00,-100.00%,IBP,NYSE:IBP,-0.956,$244.82,-5.64%
NYSE:ICE,24 Oct 2025,$156.00,3,,,0.85,$154.73,0.82%,,,,$148.49,-4.03%,$89.64,-42.07%,$134.92,-12.80%,ICE,NYSE:ICE,-0.801,$185.93,
NASDAQ:ICHR,2 Jan 2026,$31.56,3,$24.80,2,0.63,$71.05,-65.10%,,,,$66.72,-6.09%,$0.00,-100.00%,$0.00,-100.00%,ICHR,NASDAQ:ICHR,-0.931,$95.86,-74.13%
NASDAQ:ICON,23 Jan 2026,$3.43,3,$2.00,,,$1.03,94.17%,,,,,-100.00%,-$2.00,-294.17%,-$2.00,-294.17%,ICON,NASDAQ:ICON,-2.000,,
NYSE:IDA,18 Sep 2025,$114.64,2,,,1.18,$142.61,-19.61%,,,,$139.47,-2.20%,$21.50,-84.92%,$63.93,-55.17%,IDA,NYSE:IDA,-0.631,$157.40,
NASDAQ:IDCC,21 Jan 2026,$317.69,3,,,0.56,$343.65,-7.55%,,,,$326.09,-5.11%,$0.00,-100.00%,$0.00,-100.00%,IDCC,NASDAQ:IDCC,-0.962,$462.67,
NASDAQ:IEP,22 Nov 2023,$27.45,3,,,3.39,$7.42,269.89%,,,,$7.75,4.45%,$0.00,-100.00%,$0.00,-100.00%,IEP,NASDAQ:IEP,0.283,$12.00,
NASDAQ:IESC,23 Aug 2025,$257.92,2,,,0.47,$756.18,-65.89%,,,,$714.26,-5.54%,$0.00,-100.00%,$0.00,-100.00%,IESC,NASDAQ:IESC,-0.954,$850.00,
NYSE:IEX,28 Oct 2025,$189.30,3,$194.86,8,0.95,$238.94,-20.78%,,,,$234.79,-1.74%,$298.61,24.97%,$325.92,36.40%,IEX,NYSE:IEX,-0.722,$249.50,-21.90%
NYSE:IFS,27 May 2026,$48.43,3,$61.50,9,1.19,$54.69,-11.45%,,,,$53.10,-2.91%,$0.00,-100.00%,$0.00,-100.00%,IFS,NYSE:IFS,-0.647,$65.65,-6.32%
NASDAQ:IGIC,23 Jun 2026,$24.69,3,,,1.46,$27.21,-9.26%,,,,$26.47,-2.72%,$0.00,-100.00%,$0.00,-100.00%,IGIC,NASDAQ:IGIC,-0.515,$31.00,
NYSE:IHS,4 Mar 2026,$6.80,2,$8.50,7,0.39,$8.33,-18.37%,,,,$7.95,-4.56%,$0.00,-100.00%,$0.00,-100.00%,IHS,NYSE:IHS,-0.957,$8.25,3.03%
NASDAQ:III,5 Feb 2026,$5.27,3,$6.50,8,1.07,$5.16,2.19%,,,,$4.93,-4.46%,$0.00,-100.00%,$0.00,-100.00%,III,NASDAQ:III,-0.730,$6.80,-4.41%
NASDAQ:IMKTA,19 Mar 2026,$96.09,3,,5,0.33,$87.01,10.44%,,,,$85.82,-1.37%,$0.00,-100.00%,$0.00,-100.00%,IMKTA,NASDAQ:IMKTA,-0.868,,
NASDAQ:IMMP,15 Dec 2025,$2.06,3,$12.00,7,,$0.38,442.74%,,,,,-100.00%,-$2.00,-626.32%,-$2.00,-626.32%,IMMP,NASDAQ:IMMP,-2.000,,
NYSEAMERICAN:IMO,24 Oct 2025,$89.93,1,,,,$133.28,-32.53%,,,,,-100.00%,-$2.00,-101.50%,-$2.00,-101.50%,IMO,NYSEAMERICAN:IMO,-2.000,,
NASDAQ:IMOS,28 Jan 2026,$41.27,3,,6,0.74,$58.36,-29.28%,,,,$55.93,-4.16%,$0.00,-100.00%,$0.00,-100.00%,IMOS,NASDAQ:IMOS,-0.715,$20.00,
NASDAQ:IMPP,16 Feb 2026,$3.71,3,$6.00,7,2.58,$4.79,-22.47%,,,,$4.54,-5.22%,$0.00,-100.00%,$0.00,-100.00%,IMPP,NASDAQ:IMPP,-0.074,$9.00,-33.33%
NASDAQ:IMRN,15 Dec 2025,$1.93,4,,,,$1.10,75.58%,,,,,-100.00%,-$2.00,-281.82%,-$2.00,-281.82%,IMRN,NASDAQ:IMRN,-2.000,,
NASDAQ:IMXI,14 Feb 2026,$28.35,3,,3,0.51,$14.59,94.31%,,,,$10.89,-25.36%,$0.00,-100.00%,$0.00,-100.00%,IMXI,NASDAQ:IMXI,-0.930,$16.00,
NASDAQ:INDB,20 Mar 2026,$77.46,3,$86.67,6,1.61,$85.94,-9.87%,,,,$85.37,-0.66%,$0.00,-100.00%,$0.00,-100.00%,INDB,NASDAQ:INDB,-0.436,$93.43,-7.24%
NASDAQ:INDI,16 Feb 2026,$5.81,4,$8.00,5,0.58,$4.71,23.28%,,,,$3.79,-19.53%,$0.00,-100.00%,$0.00,-100.00%,INDI,NASDAQ:INDI,-0.924,$5.72,39.86%
NYSE:ING,27 Aug 2025,$23.00,3,,,1.52,$35.70,-35.57%,,,,$35.52,-0.50%,$0.00,-100.00%,$0.00,-100.00%,ING,NYSE:ING,-0.446,$33.83,
NYSE:INGM,22 Feb 2026,$26.24,5,,,0.79,$28.55,-8.09%,,,,$27.58,-3.40%,$0.00,-100.00%,$0.00,-100.00%,INGM,NYSE:INGM,-0.818,$33.17,
NASDAQ:INGN,11 Dec 2025,$9.54,4,$13.00,6,0.66,$5.75,65.98%,,,,$5.60,-2.61%,$0.00,-100.00%,$0.00,-100.00%,INGN,NASDAQ:INGN,-0.927,$12.67,2.60%
NYSE:INGR,26 Aug 2025,$23.71,3,,,0.89,$105.20,-77.46%,,,,$102.79,-2.29%,$0.00,-100.00%,$0.00,-100.00%,INGR,NYSE:INGR,-0.774,$121.50,
NASDAQ:INOD,26 Jan 2026,$55.24,3,,,0.60,$63.85,-13.48%,,,,$57.60,-9.79%,$0.00,-100.00%,$0.00,-100.00%,INOD,NASDAQ:INOD,-0.957,$122.75,
NASDAQ:INSG,5 Feb 2026,$12.35,3,,,0.65,$4.69,163.37%,,,,$4.50,-4.05%,$0.00,-100.00%,$0.00,-100.00%,INSG,NASDAQ:INSG,-0.934,$12.50,
NYSE:INSP,4 Dec 2025,$192.39,3,$117.67,8,0.44,$57.10,106.08%,,,,$54.80,-4.03%,$0.00,-100.00%,$0.00,-100.00%,INSP,NYSE:INSP,-0.951,$60.40,94.82%
NASDAQ:INTA,22 Jan 2026,$50.05,3,$50.05,6,0.40,$40.11,24.78%,,,,$37.39,-6.78%,$0.00,-100.00%,$0.00,-100.00%,INTA,NASDAQ:INTA,-0.951,$39.43,26.93%
NASDAQ:INTC,19 Jan 2026,$31.91,1,$42.36,6,0.78,$102.50,-68.87%,,,,$98.42,-3.98%,$132.58,29.34%,$173.76,69.52%,INTC,NASDAQ:INTC,-0.812,$114.05,-62.86%
NASDAQ:INTR,24 Jun 2026,$6.34,4,$8.60,7,0.70,$5.19,22.16%,,,,$4.89,-5.78%,$0.00,-100.00%,$0.00,-100.00%,INTR,NASDAQ:INTR,-0.911,$8.78,-2.05%
NYSE:INVH,16 Sep 2025,$35.78,5,$35.79,1,1.72,$30.29,18.13%,,,,$30.10,-0.63%,$38.62,27.49%,$38.85,28.26%,INVH,NYSE:INVH,-0.391,$33.43,7.06%
NYSE:IONQ,23 Dec 2025,$39.58,3,$75.91,9,0.60,$46.26,-14.44%,,,,$42.83,-7.41%,$0.00,-100.00%,$0.00,-100.00%,IONQ,NYSE:IONQ,-0.957,$67.68,12.16%
NYSE:IP,10 Jul 2025,$49.22,3,$190.70,,0.85,$40.74,#REF!,,,,$40.14,-1.47%,$0.00,-100.00%,$0.00,-100.00%,IP,NYSE:IP,-0.794,$47.82,298.79%
NASDAQ:IPGP,4 Feb 2026,$89.57,3,,,0.62,$85.79,4.41%,,,,$80.53,-6.13%,$0.00,-100.00%,$0.00,-100.00%,IPGP,NASDAQ:IPGP,-0.946,$126.21,
NASDAQ:IPWR,9 Feb 2026,$5.25,3,,4,0.62,$5.23,0.38%,,,,$3.98,-23.90%,$0.00,-100.00%,$0.00,-100.00%,IPWR,NASDAQ:IPWR,-0.947,$10.75,
NASDAQ:IQ,29 Nov 2024,$3.18,3,,,0.45,$1.35,135.41%,,,,$1.23,-8.89%,-$4.63,-442.99%,-$0.28,-120.99%,IQ,NASDAQ:IQ,-0.963,$1.54,
NYSE:IR,11 Nov 2025,$79.48,3,$87.67,6,0.83,$83.34,-4.63%,,,,$81.80,-1.85%,$113.67,36.39%,$135.88,63.04%,IR,NYSE:IR,-0.801,$96.25,-8.91%
NASDAQ:IREN,11 Dec 2025,$45.06,3,$84.00,6,0.55,$44.06,2.27%,,,,$41.73,-5.29%,$33.21,-24.62%,$38.85,-11.82%,IREN,NASDAQ:IREN,-0.976,$81.73,2.78%
NYSE:IRM,19 Aug 2025,$97.43,3,$116.80,3,1.01,$129.43,-24.72%,,,,$122.57,-5.30%,$0.00,-100.00%,$0.00,-100.00%,IRM,NYSE:IRM,-0.709,$144.50,-19.17%
NASDAQ:IRMD,4 Dec 2025,$84.32,3,$99.00,8,0.88,$86.95,-3.02%,,,,$85.00,-2.24%,$0.00,-100.00%,$0.00,-100.00%,IRMD,NASDAQ:IRMD,-0.824,$118.00,-16.10%
NYSE:IRS,13 Mar 2026,$17.95,5,$23.00,6,1.37,$14.70,22.11%,,,,$14.43,-1.84%,"$2,136.00",14430.62%,"$2,136.98",14437.30%,IRS,NYSE:IRS,-0.614,$21.33,7.83%
NASDAQ:IRTC,11 Dec 2025,$121.66,2,$220.38,6,0.54,$126.44,-3.78%,,,,$116.32,-8.00%,$0.00,-100.00%,$0.00,-100.00%,IRTC,NASDAQ:IRTC,-0.981,$176.86,24.61%
NASDAQ:ISRG,19 Jul 2024,$316.11,1,,,0.45,$394.51,-19.87%,,,,$376.24,-4.63%,$0.00,-100.00%,$0.00,-100.00%,ISRG,NASDAQ:ISRG,-0.981,$477.25,
NASDAQ:ISTR,1 Jun 2026,$27.26,3,$31.50,6,1.26,$30.95,-11.94%,,,,$30.04,-2.94%,$0.00,-100.00%,$0.00,-100.00%,ISTR,NASDAQ:ISTR,-0.597,$34.25,-8.03%
NYSE:IT,25 Feb 2026,$197.67,3,187,2,0.41,$181.09,5.31%,,,,$165.41,-8.66%,$0.00,-100.00%,$0.00,-100.00%,IT,NYSE:IT,-0.956,$185.77,0.66%
NYSE:ITGR,11 Dec 2025,$113.99,3,$91.50,2,0.70,$125.26,-26.95%,,,,$122.67,-2.07%,$143.32,14.42%,$208.56,66.50%,ITGR,NYSE:ITGR,-0.808,$117.33,-22.01%
NASDAQ:ITIC,29 Jan 2025,$206.10,3,,7,0.82,$287.71,-28.37%,,,,$274.48,-4.60%,$0.00,-100.00%,$0.00,-100.00%,ITIC,NASDAQ:ITIC,-0.679,$39.00,
NASDAQ:ITRI,21 May 2026,$114.84,5,$126.20,4,0.63,$101.56,13.07%,,,,$97.37,-4.13%,$184.26,81.43%,$211.15,107.90%,ITRI,NASDAQ:ITRI,-0.916,$129.60,-2.62%
NASDAQ:ITRN,18 Feb 2026,$47.36,3,$50.00,8,1.05,$53.39,-11.29%,,,,$52.00,-2.60%,$0.00,-100.00%,$0.00,-100.00%,ITRN,NASDAQ:ITRN,-0.751,$73.50,-31.97%
NYSE:ITT,16 Feb 2026,$184.72,1,$225.86,10,0.52,$219.40,-15.80%,,,,$205.95,-6.13%,$0.00,-100.00%,$0.00,-100.00%,ITT,NYSE:ITT,-0.936,$254.00,-11.08%
NYSE:ITUB,10 Mar 2026,$7.88,3,$9.00,9,1.06,$7.40,6.49%,,,,$7.25,-2.03%,$0.00,-100.00%,$0.00,-100.00%,ITUB,NYSE:ITUB,-0.704,$8.84,1.81%
NYSE:ITW,11 Nov 2025,$245.17,2,$257.11,6,1.10,$290.81,-15.69%,,,,$286.28,-1.56%,$349.38,20.14%,$363.76,25.09%,ITW,NYSE:ITW,-0.652,$301.79,-14.80%
NYSE:IX,11 Dec 2025,$27.24,3,,5,0.56,$40.16,-32.17%,,,,$39.10,-2.64%,$0.00,-100.00%,$0.00,-100.00%,IX,NYSE:IX,-0.890,$41.38,
NASDAQ:IXHL,11 Dec 2025,$0.76,3,,,,$3.28,-76.98%,,,,,-100.00%,-$2.00,-160.98%,-$2.00,-160.98%,IXHL,NASDAQ:IXHL,-2.000,,
NYSE:JBGS,23 Dec 2025,$16.92,3,$17.50,1,1.25,$11.48,47.41%,,,,$11.61,1.13%,$0.00,-100.00%,$0.00,-100.00%,JBGS,NYSE:JBGS,-0.606,$13.00,34.62%
NYSE:JBTM,28 Oct 2025,$114.25,3,,,0.76,$120.18,-4.93%,,,,$111.90,-6.89%,$0.00,-100.00%,$0.00,-100.00%,JBTM,NYSE:JBTM,-0.885,$176.42,
NYSE:JCI,4 Jan 2026,$97.19,1,$128.78,9,1.25,$153.64,-36.74%,,,,$149.22,-2.88%,$256.96,67.25%,$275.08,79.04%,JCI,NYSE:JCI,-0.589,$162.21,-20.61%
NASDAQ:JD,1 Apr 2026,$43.40,3,$34.69,3,0.63,$29.06,19.37%,,,,$27.81,-4.30%,$0.00,-100.00%,$0.00,-100.00%,JD,NASDAQ:JD,-0.937,$39.75,-12.73%
NYSE:JEF,23 Aug 2025,$58.78,3,,,1.10,$55.14,6.61%,,,,$54.24,-1.63%,$0.00,-100.00%,$0.00,-100.00%,JEF,NYSE:JEF,-0.670,$61.50,
NYSE:JELD,25 Oct 2024,$18.28,3,,,0.44,$1.93,846.94%,,,,$1.82,-5.70%,$0.00,-100.00%,$0.00,-100.00%,JELD,NYSE:JELD,-0.940,$1.95,
NASDAQ:JFIN,1 Sep 2025,$12.96,3,,7,,$2.28,468.38%,,,,,-100.00%,-$2.00,-187.72%,-$2.00,-187.72%,JFIN,NASDAQ:JFIN,-2.000,,
NYSE:JHX,22 Aug 2025,$30.58,3,$26.94,8,0.73,$31.04,-13.21%,,,,$29.96,-3.48%,$0.00,-100.00%,$0.00,-100.00%,JHX,NYSE:JHX,-0.842,$35.43,-23.96%
NYSE:JILL,3 Jan 2025,$36.04,3,$36.67,6,0.39,$18.90,90.68%,,,,$18.02,-4.66%,$30.85,63.20%,$19.18,1.48%,JILL,NYSE:JILL,-0.920,$15.50,136.58%
NASDAQ:JJSF,31 Jan 2025,$136.25,3,$200.00,3,0.89,$89.47,52.28%,,,,$88.43,-1.16%,$0.00,-100.00%,$0.00,-100.00%,JJSF,NASDAQ:JJSF,-0.791,$110.50,81.00%
NASDAQ:JKHY,27 Jan 2026,$182.29,3,,,0.79,$153.31,18.90%,,,,$148.24,-3.31%,$294.19,91.89%,$343.34,123.95%,JKHY,NASDAQ:JKHY,-0.828,$186.67,
NYSE:JKS,9 Feb 2026,$25.42,3,$23.33,6,1.06,$16.75,39.28%,,,,$15.84,-5.43%,-$184.81,-1203.33%,-$184.81,-1203.33%,JKS,NYSE:JKS,-0.752,$25.44,-8.29%
NYSE:JOBY,7 Jul 2025,$8.26,2,,,0.51,$7.92,4.24%,,,,$7.39,-6.69%,$0.00,-100.00%,$0.00,-100.00%,JOBY,NYSE:JOBY,-0.985,$10.68,
NYSE:JOE,4 Sep 2025,$58.64,3,,4,0.64,$68.40,-14.27%,,,,$66.97,-2.09%,$97.47,42.50%,$111.37,62.81%,JOE,NYSE:JOE,-0.759,$19.00,
NYSE:KAI,11 Nov 2025,$276.48,3,$360.00,2,0.49,$334.22,-17.28%,,,,$316.41,-5.33%,$0.00,-100.00%,$0.00,-100.00%,KAI,NYSE:KAI,-0.934,$361.67,-0.46%
NASDAQ:KALU,23 Jun 2026,$168.39,3,$161.67,6,0.83,$181.73,-11.04%,,,,$179.36,-1.30%,$331.43,82.38%,$363.14,99.83%,KALU,NASDAQ:KALU,-0.751,$169.25,-4.48%
NASDAQ:KARO,23 Aug 2025,$42.41,2,,,0.95,$62.28,-31.90%,,,,$61.23,-1.69%,$120.64,93.70%,$123.44,98.20%,KARO,NASDAQ:KARO,-0.758,$75.00,
NYSE:KB,19 Nov 2025,$83.35,3,,,1.00,$119.95,-30.51%,,,,$116.05,-3.25%,"-$2,162,818.21",-1803199.80%,"-$2,162,784.70",-1803171.87%,KB,NYSE:KB,-0.776,$173.57,
NYSE:KBH,27 Apr 2026,$73.02,5,$56.73,6,0.78,$56.06,1.20%,,,,$54.81,-2.23%,$113.32,102.14%,$119.05,112.36%,KBH,NYSE:KBH,-0.796,$58.67,-3.31%
NYSE:KD,9 Feb 2026,$28.74,3,$34.00,5,0.47,$13.17,118.22%,,,,$12.57,-4.56%,$0.00,-100.00%,$0.00,-100.00%,KD,NYSE:KD,-0.942,$14.20,139.44%
NASDAQ:KDP,19 Jun 2026,$36.23,3,$31.83,9,1.17,$31.44,1.24%,,,,$29.77,-5.31%,$0.00,-100.00%,$0.00,-100.00%,KDP,NASDAQ:KDP,-0.642,$35.71,-10.87%
NYSE:KEP,27 Jul 2026,$13.39,4,,4,1.00,$11.77,13.76%,13.76%,$13.39,$16.00,$11.53,-2.04%,"$1,515.81",12778.55%,"$5,649.32",47897.63%,KEP,NYSE:KEP,-0.770,$16.00,
NYSE:KEY,20 Mar 2026,$21.47,3,$24.04,3,1.09,$23.31,-7.90%,,,,$22.64,-2.87%,$0.00,-100.00%,$0.00,-100.00%,KEY,NYSE:KEY,-0.676,$26.02,-7.61%
NYSE:KGC,14 Aug 2025,$8.59,1,,,0.66,$27.31,-68.55%,,,,$25.72,-5.82%,$64.11,134.73%,$66.35,142.96%,KGC,NYSE:KGC,-0.910,$35.93,
NASDAQ:KIDS,11 Dec 2025,$25.39,3,$24.00,6,0.49,$24.80,-3.23%,,,,$23.68,-4.52%,$0.00,-100.00%,$0.00,-100.00%,KIDS,NASDAQ:KIDS,-0.934,$26.67,-10.01%
NYSE:KIM,19 Sep 2025,$25.08,5,$24.84,7,1.60,$24.41,1.76%,,,,$24.21,-0.82%,$0.00,-100.00%,$0.00,-100.00%,KIM,NYSE:KIM,-0.445,$26.88,-7.59%
NASDAQ:KLAC,4 Jan 2026,"$1,084.54",2,"$1,372.72",8,0.99,$203.72,432.37%,,,,$204.45,0.36%,$243.23,19.39%,$248.18,21.83%,KLAC,NASDAQ:KLAC,-0.721,$230.85,494.64%
NYSE:KLC,14 Jan 2026,$8.03,3,$5.70,3,0.91,$2.60,119.23%,,,,$4.56,75.38%,$0.00,-100.00%,$0.00,-100.00%,KLC,NYSE:KLC,-0.819,$4.24,34.43%
NASDAQ:KLIC,23 Aug 2025,$42.70,3,,,0.52,$99.09,-56.91%,,,,$91.21,-7.95%,$0.00,-100.00%,$0.00,-100.00%,KLIC,NASDAQ:KLIC,-0.919,$106.67,
NYSE:KMT,26 Aug 2025,$29.15,5,$22.25,5,1.06,$31.22,-28.73%,,,,$30.06,-3.72%,$0.00,-100.00%,$0.00,-100.00%,KMT,NYSE:KMT,-0.674,$33.00,-32.58%
NYSE:KN,2 Feb 2026,$24.86,3,,,0.86,$38.51,-35.45%,,,,$37.03,-3.84%,$48.47,25.87%,$54.24,40.83%,KN,NYSE:KN,-0.782,$43.75,
NYSE:KOF,16 Jun 2026,$111.51,3,$115.00,5,1.73,$108.94,2.36%,,,,$109.12,0.17%,$228.69,109.93%,$298.30,173.82%,KOF,NYSE:KOF,-0.385,$120.05,-4.21%
NASDAQ:KOPN,16 Feb 2026,$2.24,3,,6,0.60,$5.50,-59.20%,,,,$4.58,-16.73%,$0.00,-100.00%,$0.00,-100.00%,KOPN,NASDAQ:KOPN,-0.953,$7.62,
NYSE:KR,2 Jan 2026,$62.39,3,,,1.55,$56.69,10.05%,,,,$56.33,-0.64%,$16.99,-70.03%,$87.61,54.55%,KR,NYSE:KR,-0.501,$70.64,
NASDAQ:KRNT,6 Nov 2025,$18.46,3,$23.50,4,0.53,$18.04,2.33%,,,,$16.73,-7.26%,$0.00,-100.00%,$0.00,-100.00%,KRNT,NASDAQ:KRNT,-0.962,$23.38,0.51%
NASDAQ:KRT,16 Sep 2025,$27.50,4,$31.50,2,0.88,$47.91,-42.59%,,,,$47.00,-1.90%,$0.00,-100.00%,$0.00,-100.00%,KRT,NASDAQ:KRT,-0.710,$41.50,-24.10%
NASDAQ:KSPI,11 Feb 2026,$112.77,3,$92.50,6,0.86,$98.70,-6.28%,,,,$96.69,-2.04%,$0.00,-100.00%,$0.00,-100.00%,KSPI,NASDAQ:KSPI,-0.752,$98.62,-6.21%
NYSE:KSS,25 Jul 2023,$47.54,3,,,0.93,$19.21,147.49%,,,,$18.43,-4.06%,$93.30,385.71%,-$21.18,-210.24%,KSS,NYSE:KSS,-0.702,$17.85,
NYSEAMERICAN:KULR,4 Feb 2026,,,$3.36,1,,$2.64,27.27%,,,,,-100.00%,-$2.00,-175.76%,-$2.00,-175.76%,KULR,NYSEAMERICAN:KULR,-2.000,,
NYSE:KVUE,14 Aug 2025,$22.53,4,$23.83,8,1.33,$19.20,17.34%,,,,$18.96,-1.25%,$0.00,-100.00%,$0.00,-100.00%,KVUE,NYSE:KVUE,-0.545,$19.50,22.21%
NYSE:KVYO,22 Jan 2026,$29.82,3,$42.31,7,0.60,$18.49,61.29%,,,,$16.28,-11.95%,$0.00,-100.00%,$0.00,-100.00%,KVYO,NYSE:KVYO,-0.958,$26.65,58.76%
NYSE:KWR,7 Dec 2023,$246.30,3,,,0.54,$170.72,44.27%,,,,$164.12,-3.87%,$0.00,-100.00%,$0.00,-100.00%,KWR,NYSE:KWR,-0.916,$187.57,
NASDAQ:LAB,11 Dec 2025,$2.34,3,$1.35,8,0.62,$0.71,90.14%,,,,$0.71,0.00%,$0.00,-100.00%,$0.00,-100.00%,LAB,NASDAQ:LAB,-0.948,$1.35,0.00%
NYSE:LAC,2 Sep 2025,$4.84,5,$4.00,4,0.62,$3.38,18.34%,,,,$3.18,-5.92%,$0.00,-100.00%,$0.00,-100.00%,LAC,NYSE:LAC,-0.948,$5.71,-29.95%
NYSE:LAD,6 Feb 2026,$430.33,5,$385.50,5,0.55,$377.55,2.11%,,,,$362.55,-3.97%,-$337.47,-189.38%,-$242.81,-164.31%,LAD,NYSE:LAD,-0.928,$443.88,-13.15%
NASDAQ:LAKE,31 Dec 2025,$12.09,4,$18.50,6,,$11.86,1.94%,,,,,-100.00%,-$2.00,-116.86%,-$2.00,-116.86%,LAKE,NASDAQ:LAKE,-2.000,,
NASDAQ:LAMR,16 Sep 2025,$136.02,4,$129.00,9,1.00,$155.47,-17.03%,,,,$153.07,-1.54%,$0.00,-100.00%,$0.00,-100.00%,LAMR,NASDAQ:LAMR,-0.700,$162.00,-20.37%
NASDAQ:LASR,27 Jan 2026,$28.42,2,,,0.71,$52.60,-45.97%,,,,$48.65,-7.51%,$0.00,-100.00%,$0.00,-100.00%,LASR,NASDAQ:LASR,-0.909,$88.86,
NASDAQ:LAUR,15 Oct 2025,$28.37,2,,,0.90,$37.62,-24.59%,,,,$36.45,-3.11%,$0.00,-100.00%,$0.00,-100.00%,LAUR,NASDAQ:LAUR,-0.756,$41.21,
NYSE:LB,26 Aug 2025,$40.37,2,,,0.48,$78.69,-48.70%,,,,$71.34,-9.34%,$0.00,-100.00%,$0.00,-100.00%,LB,NYSE:LB,-0.935,$83.57,
NYSE:LC,16 Mar 2026,$17.29,4,$24.00,6,,$19.21,-10.00%,,,,$0.00,-100.00%,$0.00,-100.00%,$0.00,-100.00%,LC,NYSE:LC,-1.018,$23.25,3.23%
NASDAQ:LCID,15 Dec 2025,$16.47,3,$17.00,3,0.64,$6.22,164.73%,,,,$6.03,-3.05%,$0.00,-100.00%,$0.00,-100.00%,LCID,NASDAQ:LCID,-0.918,$8.20,107.32%
NYSE:LDOS,17 Feb 2026,$176.70,3,$202.40,10,0.48,$143.83,22.85%,,,,$134.66,-6.38%,$0.00,-100.00%,$0.00,-100.00%,LDOS,NYSE:LDOS,-0.936,$153.47,31.88%
NASDAQ:LECO,31 May 2024,$190.67,3,,,0.96,$286.87,-33.54%,,,,$274.91,-4.17%,$472.29,64.64%,$503.07,75.37%,LECO,NASDAQ:LECO,-0.719,$304.91,
NYSE:LEN,21 Feb 2026,$150.73,5,$98.80,4,0.88,$86.83,13.79%,,,,$84.59,-2.58%,$205.99,137.23%,$211.76,143.88%,LEN,NYSE:LEN,-0.743,$86.23,14.58%
NYSE:LEN.B,19 Feb 2026,$140.83,5,,,0.75,$85.36,64.98%,,,,$83.14,-2.60%,$906.19,961.61%,$946.21,1008.49%,LEN.B,NYSE:LEN.B,-0.699,,
NASDAQ:LENZ,15 May 2025,$26.93,3,$47.14,9,0.69,$4.73,469.41%,,,,$4.39,-7.19%,$0.00,-100.00%,$0.00,-100.00%,LENZ,NASDAQ:LENZ,-0.914,$32.00,47.31%
NYSEAMERICAN:LEU,23 Dec 2025,$221.63,3,$289.10,9,,$190.15,16.55%,,,,,-100.00%,-$2.00,-101.05%,-$2.00,-101.05%,LEU,NYSE:LEU,-2.000,,
NASDAQ:LFUS,30 Jan 2026,$287.28,3,$366.67,8,0.87,$457.57,-37.22%,,,,$441.10,-3.60%,$660.26,44.30%,$615.15,34.44%,LFUS,NASDAQ:LFUS,-0.760,$488.75,-24.98%
NASDAQ:LFVN,16 Sep 2025,$9.29,3,,,,$6.57,41.40%,,,,,-100.00%,-$2.00,-130.44%,-$2.00,-130.44%,LFVN,NASDAQ:LFVN,-2.000,,
NASDAQ:LFWD,4 Dec 2025,$1.24,3,$4.50,,,$7.45,-83.33%,,,,,-100.00%,-$2.00,-126.85%,-$2.00,-126.85%,LFWD,NASDAQ:LFWD,-2.000,,
NASDAQ:LGHL,1 Sep 2025,$2.89,3,,,,$0.79,266.08%,,,,,-100.00%,-$2.00,-353.16%,-$2.00,-353.16%,LGHL,NASDAQ:LGHL,-2.000,,
NASDAQ:LGIH,10 Apr 2026,$71.78,3,$38.00,3,0.61,$59.80,-36.45%,,,,$55.00,-8.03%,$0.00,-100.00%,$0.00,-100.00%,LGIH,NASDAQ:LGIH,-0.952,$93.00,-59.14%
NYSE:LH,19 May 2025,$246.54,3,$276.82,5,0.51,$318.13,-22.50%,,,,$310.63,-2.36%,$0.00,-100.00%,$0.00,-100.00%,LH,NYSE:LH,-0.922,$337.75,-18.04%
NASDAQ:LI,15 Dec 2025,$17.08,1,,1,0.64,$12.26,39.31%,,,,$11.73,-4.32%,$110.86,804.22%,$117.19,855.89%,LI,NASDAQ:LI,-0.939,$18.17,
NASDAQ:LIF,22 Jan 2026,$44.97,2,$89.23,1,0.49,$51.21,-12.19%,,,,$45.11,-11.91%,$0.00,-100.00%,$0.00,-100.00%,LIF,NASDAQ:LIF,-0.962,$62.21,43.43%
NYSE:LII,26 Aug 2025,$486.80,1,,,0.68,$422.01,15.35%,,,,$405.15,-4.00%,$593.33,40.60%,$653.26,54.80%,LII,NYSE:LII,-0.879,$511.15,
NASDAQ:LIN,8 Jul 2024,$400.00,0,,,0.66,$482.74,-17.14%,,,,$463.90,-3.90%,$0.00,-100.00%,$0.00,-100.00%,LIN,NASDAQ:LIN,-0.869,$547.24,
NASDAQ:LITE,2 Feb 2026,$174.97,1,,,0.51,$926.14,-81.11%,,,,$838.85,-9.43%,$0.00,-100.00%,$0.00,-100.00%,LITE,NASDAQ:LITE,-0.956,"$1,125.93",
NASDAQ:LIVN,11 Dec 2025,$69.34,3,$65.83,9,0.46,$82.22,-19.93%,,,,$77.44,-5.81%,$0.00,-100.00%,$0.00,-100.00%,LIVN,NASDAQ:LIVN,-0.947,$89.40,-26.36%
NASDAQ:LKFN,19 Nov 2025,$61.67,3,,,1.27,$62.49,-1.31%,,,,$62.03,-0.74%,$0.00,-100.00%,$0.00,-100.00%,LKFN,NASDAQ:LKFN,-0.584,$66.50,
NASDAQ:LKQ,15 May 2025,$47.72,5,$53.00,8,1.99,$25.42,87.72%,,,,$24.64,-3.07%,$6.33,-75.09%,$22.06,-13.23%,LKQ,NASDAQ:LKQ,-0.311,$32.50,63.08%
NYSE:LMT,23 Dec 2025,$488.93,3,$524.93,7,1.35,$608.68,-19.67%,,,,$594.58,-2.32%,$0.00,-100.00%,$0.00,-100.00%,LMT,NYSE:LMT,-0.542,$630.32,-16.72%
NYSE:LOB,18 Nov 2025,$45.74,3,$42.50,4,0.41,$43.27,-1.78%,,,,$40.91,-5.45%,$0.00,-100.00%,$0.00,-100.00%,LOB,NYSE:LOB,-0.963,$46.00,-7.61%
NYSE:LOMA,16 Dec 2025,$12.58,3,,7,1.11,$9.44,33.26%,,,,$9.30,-1.48%,$0.00,-100.00%,$0.00,-100.00%,LOMA,NYSE:LOMA,-0.730,$14.70,
NASDAQ:LOVE,30 Aug 2023,$33.25,3,,,0.70,$17.29,92.29%,,,,$16.76,-3.07%,$77.48,348.12%,$74.87,333.02%,LOVE,NASDAQ:LOVE,-0.912,$24.17,
NASDAQ:LPRO,23 Aug 2025,$2.92,3,$2.58,2,,,#DIV/0!,,,,,#DIV/0!,-$2.00,#DIV/0!,-$2.00,#DIV/0!,LPRO,NASDAQ:LPRO,-2.000,,
NASDAQ:LPTH,29 Jan 2026,$6.12,3,$12.67,8,0.42,$15.17,-59.65%,,,,$12.52,-17.47%,$14.17,-6.57%,$14.23,-6.18%,LPTH,NASDAQ:LPTH,-0.960,$15.97,-20.66%
NYSE:LPX,9 May 2025,$89.40,3,,,0.67,$73.89,20.99%,,,,$71.24,-3.59%,$0.00,-100.00%,$0.00,-100.00%,LPX,NYSE:LPX,-0.890,$92.23,
NASDAQ:LQDT,23 Dec 2025,$37.03,4,$41.00,3,0.44,$43.47,-14.81%,,,,$40.08,-7.80%,$0.00,-100.00%,$0.00,-100.00%,LQDT,NASDAQ:LQDT,-0.959,$48.00,-14.58%
NASDAQ:LRCX,17 Jul 2024,$725.21,1,,,0.98,$332.36,118.20%,,,,$319.97,-3.73%,$378.73,13.95%,$384.83,15.79%,LRCX,NASDAQ:LRCX,-0.724,$368.94,
NASDAQ:LSCC,19 Jan 2026,$69.35,1,$83.73,10,0.54,$130.46,-46.84%,,,,$122.79,-5.88%,$0.00,-100.00%,$0.00,-100.00%,LSCC,NASDAQ:LSCC,-0.952,$164.92,-49.23%
NYSE:LSPD,11 Sep 2025,$13.68,3,$15.02,6,0.48,$10.67,28.22%,,,,$10.13,-5.06%,$0.00,-100.00%,$0.00,-100.00%,LSPD,NYSE:LSPD,-0.918,$10.65,41.03%
NASDAQ:LTBR,25 Aug 2025,$13.94,3,,,0.53,$8.45,64.94%,,,,$8.16,-3.43%,$0.00,-100.00%,$0.00,-100.00%,LTBR,NASDAQ:LTBR,-0.950,$10.50,
NYSE:LTH,15 Aug 2025,$22.60,2,,,0.57,$45.26,-50.06%,,,,$42.36,-6.41%,$0.00,-100.00%,$0.00,-100.00%,LTH,NYSE:LTH,-0.924,$54.43,
NASDAQ:LTRX,5 Feb 2026,$7.76,3,$7.88,9,0.57,$6.47,20.00%,,,,$5.79,-10.51%,$8.62,33.27%,$9.74,50.48%,LTRX,NASDAQ:LTRX,-0.968,$10.33,-23.72%
NYSE:LU,1 Sep 2025,$3.43,3,,4,0.65,$1.50,128.40%,,,,$1.46,-2.67%,$0.00,-100.00%,$0.00,-100.00%,LU,NYSE:LU,-0.932,$2.78,
NASDAQ:LUNG,4 Dec 2025,$3.40,3,$4.10,1,0.72,$2.42,40.50%,,,,$2.18,-9.92%,$0.00,-100.00%,$0.00,-100.00%,LUNG,NASDAQ:LUNG,-0.903,$3.40,20.59%
NYSE:LUXE,26 Mar 2026,$9.82,3,,,0.63,$7.64,28.47%,,,,$7.35,-3.80%,$15.86,107.62%,$18.26,139.02%,LUXE,NYSE:LUXE,-0.895,$9.08,
NASDAQ:LWAY,27 Aug 2025,$25.66,2,,,0.59,$25.82,-0.62%,,,,$22.61,-12.43%,$0.00,-100.00%,$0.00,-100.00%,LWAY,NASDAQ:LWAY,-0.944,$34.50,
NASDAQ:LX,9 Sep 2025,$5.80,3,,7,1.16,$1.36,326.47%,,,,$1.39,2.21%,$0.00,-100.00%,$0.00,-100.00%,LX,NASDAQ:LX,-0.705,$3.49,
NYSE:LXFR,11 Nov 2025,$12.33,3,,5,1.55,$17.08,-27.84%,,,,$17.07,-0.06%,$24.80,45.21%,$17.93,4.99%,LXFR,NYSE:LXFR,-0.465,$18.75,
NYSE:LXU,22 Jan 2026,$9.49,3,$10.38,3,0.63,$10.23,-7.24%,,,,$9.43,-7.82%,$0.00,-100.00%,$0.00,-100.00%,LXU,NYSE:LXU,-0.928,$13.70,-24.23%
NYSE:LYG,10 Mar 2026,$4.90,3,,5,0.94,$6.21,-21.10%,,,,$6.09,-1.93%,-$66.22,-1166.29%,-$67.93,-1193.92%,LYG,NYSE:LYG,-0.725,$6.46,
NASDAQ:LYTS,5 Feb 2026,$23.01,3,$29.33,7,1.04,$24.86,-7.45%,,,,$23.74,-4.51%,$20.54,-17.37%,$23.99,-3.48%,LYTS,NASDAQ:LYTS,-0.718,$30.33,-3.30%
NYSE:LZM,28 Oct 2025,$7.28,3,$8.00,6,0.61,$3.96,83.84%,,,,$3.62,-8.59%,$0.00,-100.00%,$0.00,-100.00%,LZM,NYSE:LZM,-0.949,$8.63,-7.30%
NYSE:M,17 Nov 2023,$28.11,3,,,1.19,$23.41,20.09%,,,,$23.02,-1.67%,$14.30,-38.91%,$33.03,41.10%,M,NYSE:M,-0.600,$22.77,
NYSE:MAA,18 Sep 2025,$156.08,4,$158.89,4,1.34,$133.49,16.93%,,,,$132.40,-0.82%,$0.00,-100.00%,$0.00,-100.00%,MAA,NYSE:MAA,-0.556,$143.60,10.65%
NASDAQ:MAPS,9 Feb 2026,$1.32,3,,2,,,#DIV/0!,,,,,#DIV/0!,-$2.00,#DIV/0!,-$2.00,#DIV/0!,MAPS,NASDAQ:MAPS,-2.000,,
NASDAQ:MAR,23 Dec 2025,$276.62,2,$301.75,6,0.84,$356.72,-22.45%,,,,$345.37,-3.18%,$0.00,-100.00%,$0.00,-100.00%,MAR,NASDAQ:MAR,-0.774,$380.12,-20.62%
NYSE:MAS,9 Apr 2026,$74.88,5,$77.30,2,0.80,$74.33,0.74%,,,,$73.15,-1.59%,$0.00,-100.00%,$0.00,-100.00%,MAS,NYSE:MAS,-0.798,$80.65,-4.15%
NASDAQ:MASI,11 Dec 2025,$144.64,3,$188.40,8,,,#DIV/0!,,,,,#DIV/0!,-$2.00,#DIV/0!,-$2.00,#DIV/0!,MASI,NASDAQ:MASI,-2.000,,
NASDAQ:MASS,16 Dec 2025,$6.35,3,$8.00,6,0.37,$10.01,-36.56%,,,,$9.24,-7.69%,$0.00,-100.00%,$0.00,-100.00%,MASS,NASDAQ:MASS,-0.991,$11.00,-27.27%
NASDAQ:MAT,18 May 2026,$22.83,3,$16.20,6,0.51,$15.03,7.78%,,,,$13.87,-7.72%,$0.00,-100.00%,$0.00,-100.00%,MAT,NASDAQ:MAT,-0.955,$18.25,-11.23%
NASDAQ:MATW,12 Jun 2025,$31.87,5,,6,1.42,$23.25,37.06%,,,,$22.86,-1.68%,$0.00,-100.00%,$0.00,-100.00%,MATW,NASDAQ:MATW,-0.590,$35.00,
NYSE:MATX,24 May 2026,$189.11,3,$213.00,6,0.80,$217.30,-12.97%,,,,$209.10,-3.77%,$0.00,-100.00%,$0.00,-100.00%,MATX,NYSE:MATX,-0.825,$261.67,-18.60%
NYSE:MAX,23 Aug 2025,$13.82,3,$15.83,3,0.57,$13.17,4.91%,,,,$12.42,-5.69%,$41.24,213.13%,$41.92,218.30%,MAX,NYSE:MAX,-0.921,$15.50,2.13%
NYSE:MBC,24 Dec 2024,$17.00,4,$23.00,4,0.48,$9.15,85.75%,,,,$8.81,-3.72%,$0.00,-100.00%,$0.00,-100.00%,MBC,NYSE:MBC,-0.956,$10.54,118.22%
NYSE:MBI,3 Jan 2025,$6.33,3,$6.75,2,0.69,$5.17,22.46%,,,,$4.81,-6.96%,$0.00,-100.00%,$0.00,-100.00%,MBI,NYSE:MBI,-0.915,$7.25,-6.90%
NASDAQ:MBIN,16 Mar 2026,$47.75,3,$48.50,4,0.77,$54.88,-12.99%,,,,$53.90,-1.79%,$0.00,-100.00%,$0.00,-100.00%,MBIN,NASDAQ:MBIN,-0.799,$56.50,-14.16%
NASDAQ:MBWM,24 Mar 2026,$55.58,3,$56.00,6,1.19,$61.56,-9.71%,,,,$60.74,-1.33%,$0.00,-100.00%,$0.00,-100.00%,MBWM,NASDAQ:MBWM,-0.611,$63.17,-11.35%
NYSE:MC,24 Oct 2025,$64.64,3,,,1.26,$68.41,-5.51%,,,,$65.59,-4.12%,$238.53,248.68%,$242.06,253.84%,MC,NYSE:MC,-0.585,$71.50,
NYSE:MCB,18 Nov 2025,$66.26,3,$88.00,4,0.88,$94.04,-29.54%,,,,$92.21,-1.95%,$0.00,-100.00%,$0.00,-100.00%,MCB,NYSE:MCB,-0.769,$106.00,-16.98%
NASDAQ:MCBS,24 Oct 2025,$30.06,3,$31.00,4,1.47,$36.24,-17.05%,,,,$36.07,-0.47%,$0.00,-100.00%,$0.00,-100.00%,MCBS,NASDAQ:MCBS,-0.492,$38.00,-18.42%
NYSE:MCD,18 Sep 2025,$295.53,3,$322.80,8,0.52,$272.83,8.32%,,,,$262.21,-3.89%,$0.00,-100.00%,$0.00,-100.00%,MCD,NYSE:MCD,-0.937,$316.06,2.13%
NASDAQ:MCHP,27 Jan 2026,$69.09,2,$81.39,8,0.75,$79.17,-12.73%,,,,$75.49,-4.65%,$0.00,-100.00%,$0.00,-100.00%,MCHP,NASDAQ:MCHP,-0.886,$109.21,-25.47%
NYSE:MCK,23 Aug 2024,$496.23,2,,,0.57,$869.00,-42.90%,,,,$830.39,-4.44%,$0.00,-100.00%,$0.00,-100.00%,MCK,NYSE:MCK,-0.909,$991.40,
NYSE:MCO,16 Sep 2025,$491.12,3,,,0.86,$484.96,1.27%,,,,$467.29,-3.64%,$684.95,41.24%,$731.86,50.91%,MCO,NYSE:MCO,-0.787,$560.48,
NYSE:MD,2 May 2025,$17.20,4,$18.10,6,0.48,$26.61,-35.36%,,,,$25.20,-5.30%,$0.00,-100.00%,$0.00,-100.00%,MD,NYSE:MD,-0.918,$26.17,-30.84%
NYSE:MDT,14 Jan 2026,$99.63,3,$111.63,6,1.30,$91.27,9.16%,,,,$89.99,-1.40%,$159.12,74.35%,$191.78,110.13%,MDT,NYSE:MDT,-0.575,$98.44,13.40%
NASDAQ:MDWD,1 Sep 2025,$18.47,3,$30.00,4,0.68,$13.56,36.22%,,,,$13.02,-3.98%,$0.00,-100.00%,$0.00,-100.00%,MDWD,NASDAQ:MDWD,-0.922,$30.17,-0.56%
NYSE:MED,23 Dec 2025,$14.30,3,,4,0.56,$11.44,25.04%,,,,$11.13,-2.71%,$0.00,-100.00%,$0.00,-100.00%,MED,NYSE:MED,-0.896,$12.00,
NYSE:MEI,19 Mar 2025,$11.38,3,$11.50,4,0.83,$17.14,-33.58%,,,,$16.36,-4.55%,$18.86,10.03%,$21.89,27.74%,MEI,NYSE:MEI,-0.793,$19.33,-40.51%
NASDAQ:MELI,29 Aug 2025,"$2,075.00",2,,,0.51,"$1,844.58",12.49%,,,,"$1,738.37",-5.76%,$0.00,-100.00%,$0.00,-100.00%,MELI,NASDAQ:MELI,-0.957,"$2,252.38",
NASDAQ:MERC,9 Apr 2025,$9.51,3,$7.00,5,,$0.47,1389.36%,,,,,-100.00%,-$2.00,-525.53%,-$2.00,-525.53%,MERC,NASDAQ:MERC,-2.000,,
NASDAQ:MESO,11 Dec 2025,$18.44,3,,,0.59,$15.60,18.21%,,,,$15.70,0.64%,$0.00,-100.00%,$0.00,-100.00%,MESO,NASDAQ:MESO,-0.959,$35.00,
NASDAQ:META,19 Jul 2024,$436.35,2,,,0.55,$589.85,-26.02%,,,,$555.16,-5.88%,$0.00,-100.00%,$0.00,-100.00%,META,NASDAQ:META,-0.950,$754.14,
NASDAQ:METC,16 Jun 2025,$18.15,3,$13.00,2,1.14,$12.25,6.12%,,,,$10.25,-16.33%,$0.00,-100.00%,$0.00,-100.00%,METC,NASDAQ:METC,-0.713,$18.88,-31.14%
NYSE:MFG,19 Nov 2025,$6.09,2,,,0.79,$10.87,-43.97%,,,,$10.78,-0.83%,$0.00,-100.00%,$0.00,-100.00%,MFG,NYSE:MFG,-0.774,$10.48,
NASDAQ:MGEE,29 Jan 2025,$79.73,3,$76.50,7,0.78,$81.73,-6.40%,,,,$79.52,-2.70%,$0.00,-100.00%,$0.00,-100.00%,MGEE,NASDAQ:MGEE,-0.776,$78.25,-2.24%
NASDAQ:MGNX,23 Dec 2025,$2.57,3,$3.00,2,0.59,$4.22,-38.99%,,,,$3.83,-9.24%,$0.00,-100.00%,$0.00,-100.00%,MGNX,NASDAQ:MGNX,-0.958,$6.75,-55.56%
NASDAQ:MGPI,19 Jun 2025,$49.20,3,$38.50,6,0.88,$17.72,117.27%,,,,$17.47,-1.41%,$0.00,-100.00%,$0.00,-100.00%,MGPI,NASDAQ:MGPI,-0.831,$28.00,37.50%
NYSE:MGY,27 Jan 2026,$27.84,4,$26.85,6,1.00,$26.24,2.32%,,,,$25.21,-3.93%,$0.00,-100.00%,$0.00,-100.00%,MGY,NYSE:MGY,-0.740,$32.47,-17.31%
NYSE:MHO,18 Mar 2026,$159.41,5,$165.00,4,0.54,$152.11,4.80%,,,,$147.56,-2.99%,$0.00,-100.00%,$0.00,-100.00%,MHO,NYSE:MHO,-0.920,$170.67,-3.32%
NASDAQ:MIDD,28 Apr 2026,$161.75,5,$180.00,6,2.00,$117.91,37.18%,,,,$116.75,-0.98%,$0.00,-100.00%,$0.00,-100.00%,MIDD,NASDAQ:MIDD,-0.335,$168.00,7.14%
NYSE:MIR,19 Nov 2025,$18.40,2,$31.83,9,0.62,$15.89,15.78%,,,,$14.54,-8.50%,$19.56,23.07%,$27.59,73.65%,MIR,NYSE:MIR,-0.946,$24.60,29.39%
NASDAQ:MITK,27 Jan 2026,$157.37,5,$14.67,9,0.47,$19.43,-24.50%,,,,$17.64,-9.21%,$0.00,-100.00%,$0.00,-100.00%,MITK,NASDAQ:MITK,-0.959,$22.62,-35.15%
NYSE:MKC,23 Dec 2025,$74.06,5,$78.11,5,0.92,$54.67,35.47%,,,,$52.49,-3.99%,$102.32,87.15%,$120.60,120.60%,MKC,NYSE:MKC,-0.749,$60.62,28.85%
NASDAQ:MKSI,30 Jan 2026,$186.47,1,$225.25,10,0.58,$310.73,-39.99%,,,,$293.24,-5.63%,$0.00,-100.00%,$0.00,-100.00%,MKSI,NASDAQ:MKSI,-0.951,$413.62,-45.54%
NASDAQ:MKTX,23 Aug 2025,$211.29,4,$232.14,4,0.49,$162.57,29.97%,,,,$157.55,-3.09%,$0.00,-100.00%,$0.00,-100.00%,MKTX,NASDAQ:MKTX,-0.910,$158.00,46.92%
NASDAQ:MLKN,20 Sep 2024,$28.93,3,,,1.57,$23.83,21.41%,,,,$23.60,-0.97%,$34.31,43.97%,$19.68,-17.40%,MLKN,NASDAQ:MLKN,-0.524,$35.00,
NYSE:MNR,22 Jan 2026,$25.78,3,$20.00,7,2.23,$13.01,53.73%,,,,$13.07,0.46%,$0.00,-100.00%,$0.00,-100.00%,MNR,NYSE:MNR,-0.222,$17.71,12.93%
NASDAQ:MNRO,6 Jun 2025,$30.40,3,$17.67,8,1.51,$11.48,53.92%,,,,$11.21,-2.35%,$3.69,-67.89%,$19.34,68.44%,MNRO,NASDAQ:MNRO,-0.552,$22.00,-19.68%
NYSE:MNSO,1 Sep 2025,$24.84,3,$26.94,8,0.88,$11.80,110.47%,,,,$11.48,-2.71%,$41.62,252.69%,$41.62,252.69%,MNSO,NYSE:MNSO,-0.832,$19.71,36.68%
NYSE:MO,17 Mar 2026,$65.79,3,$68.00,4,1.70,$65.70,0.14%,,,,$64.88,-1.25%,$0.00,-100.00%,$0.00,-100.00%,MO,NYSE:MO,-0.393,$70.00,-2.86%
NASDAQ:MOFG,2 Oct 2025,$33.83,3,$34.50,5,,,#DIV/0!,,,,,#DIV/0!,-$2.00,#DIV/0!,-$2.00,#DIV/0!,MOFG,NASDAQ:MOFG,-2.000,,
NYSE:MOS,23 Dec 2025,$27.76,5,$33.54,7,1.13,$21.61,28.44%,,,,$21.18,-1.99%,$0.00,-100.00%,$0.00,-100.00%,MOS,NYSE:MOS,-0.691,$27.56,21.70%
NYSE:MOV,26 Mar 2026,$28.60,4,$30.75,7,1.33,$36.13,-20.85%,,,,$35.54,-1.63%,$53.93,49.27%,$59.66,65.14%,MOV,NYSE:MOV,-0.613,$47.50,-35.26%
NASDAQ:MPB,19 Mar 2026,$32.84,3,$37.00,7,1.15,$38.43,-14.55%,,,,$37.62,-2.11%,$0.00,-100.00%,$0.00,-100.00%,MPB,NASDAQ:MPB,-0.635,$40.33,-8.26%
NYSE:MPLX,16 Jun 2026,$55.67,1,,,1.94,$59.48,-6.41%,,,,$59.19,-0.49%,$0.00,-100.00%,$0.00,-100.00%,MPLX,NYSE:MPLX,-0.280,$61.46,
NYSEAMERICAN:MPTI,11 Feb 2026,$62.49,,,6,,$88.54,-29.42%,,,,,-100.00%,-$2.00,-102.26%,-$2.00,-102.26%,MPTI,NYSEAMERICAN:MPTI,-2.000,,
NASDAQ:MPWR,26 Jan 2026,$897.84,2,,,0.51,"$1,402.01",-35.96%,,,,"$1,290.51",-7.95%,$0.00,-100.00%,$0.00,-100.00%,MPWR,NASDAQ:MPWR,-0.974,"$1,829.54",
NASDAQ:MRAM,19 Jan 2026,$10.62,3,$10.50,8,0.60,$18.88,-44.39%,,,,$15.92,-15.68%,$0.00,-100.00%,$0.00,-100.00%,MRAM,NASDAQ:MRAM,-0.948,$25.67,-59.10%
NASDAQ:MRVL,15 Jan 2026,$93.91,4,$119.56,10,,$222.02,-57.70%,,,,$0.00,-100.00%,$242.96,9.43%,$261.72,17.88%,MRVL,NASDAQ:MRVL,-1.008,$256.91,-53.46%
NASDAQ:MRX,10 Sep 2025,$29.58,2,,,0.64,$71.06,-58.38%,,,,$70.40,-0.93%,$0.00,-100.00%,$0.00,-100.00%,MRX,NASDAQ:MRX,-0.853,$72.38,
NYSE:MS,27 Aug 2025,$131.18,2,,,1.48,$217.36,-39.65%,,,,$217.61,0.12%,$0.00,-100.00%,$0.00,-100.00%,MS,NYSE:MS,-0.494,$236.62,
NYSE:MSB,1 Sep 2025,$30.89,1,,,,$22.96,34.54%,,,,,-100.00%,-$2.00,-108.71%,-$2.00,-108.71%,MSB,NYSE:MSB,-2.000,,
NASDAQ:MSBI,2 Oct 2025,$21.79,3,$20.67,3,1.60,$33.38,-38.08%,,,,$33.62,0.72%,$0.00,-100.00%,$0.00,-100.00%,MSBI,NASDAQ:MSBI,-0.423,$33.25,-37.83%
NYSE:MSCI,24 Oct 2025,$568.24,3,,,0.91,$569.13,-0.16%,,,,$546.21,-4.03%,$786.96,38.27%,$828.42,45.56%,MSCI,NYSE:MSCI,-0.776,$692.06,
NASDAQ:MSFT,26 Jan 2026,$49.22,3,,,0.59,$495.40,-90.06%,,,,$478.54,-3.40%,$628.08,26.78%,$684.35,38.14%,MSFT,NASDAQ:MSFT,-0.901,$567.20,
NYSE:MSI,2 Feb 2026,$451.69,3,$462.25,8,0.54,$466.51,-3.18%,,,,$445.70,-4.46%,$0.00,-100.00%,$0.00,-100.00%,MSI,NYSE:MSI,-0.918,$522.73,-11.57%
NASDAQ:MSTR,9 Feb 2026,$240.05,3,$361.73,4,0.56,$93.04,158.01%,,,,$89.62,-3.68%,$0.00,-100.00%,$0.00,-100.00%,MSTR,NASDAQ:MSTR,-0.973,$229.07,57.91%
NYSE:MT,29 Apr 2026,$53.35,2,$66.60,9,0.71,$73.86,-27.76%,,,,$71.58,-3.09%,$0.00,-100.00%,$0.00,-100.00%,MT,NYSE:MT,-0.826,$76.20,-12.60%
NYSE:MTB,20 Oct 2025,$182.98,3,$219.71,4,0.80,$254.09,-27.99%,,,,$248.31,-2.27%,$0.00,-100.00%,$0.00,-100.00%,MTB,NYSE:MTB,-0.781,$255.97,-14.17%
NYSE:MTDR,19 Aug 2025,$64.64,3,$62.88,4,1.02,$53.69,17.12%,,,,$50.07,-6.74%,$0.00,-100.00%,$0.00,-100.00%,MTDR,NYSE:MTDR,-0.741,$68.26,-7.88%
NYSE:MTG,16 Jul 2024,$24.62,3,,,1.54,$31.16,-20.99%,,,,$30.57,-1.89%,$59.47,90.87%,$59.94,92.36%,MTG,NYSE:MTG,-0.449,$31.00,
NASDAQ:MTRX,23 Jan 2026,$15.94,3,,1,0.67,$11.91,33.81%,,,,$11.22,-5.79%,$42.64,258.04%,$45.64,283.23%,MTRX,NASDAQ:MTRX,-0.924,$20.00,
NASDAQ:MTSI,27 Jan 2026,$193.58,2,$204.75,8,0.54,$316.44,-38.82%,,,,$292.20,-7.66%,$0.00,-100.00%,$0.00,-100.00%,MTSI,NASDAQ:MTSI,-0.952,$401.54,-49.01%
NYSE:MTW,20 Sep 2024,$13.92,3,,,0.22,$20.68,-32.69%,,,,$19.35,-6.43%,$0.00,-100.00%,$0.00,-100.00%,MTW,NYSE:MTW,-0.953,$13.00,
NYSE:MTZ,4 Sep 2024,$99.99,3,,,0.82,$297.59,-66.40%,,,,$276.33,-7.14%,$322.60,8.40%,$328.79,10.48%,MTZ,NYSE:MTZ,-0.858,$427.21,
NYSE:MUFG,21 Oct 2025,$13.65,3,,10,0.69,$23.06,-40.81%,,,,$22.59,-2.04%,$0.00,-100.00%,$0.00,-100.00%,MUFG,NYSE:MUFG,-0.811,$21.59,
NYSE:MUX,20 Aug 2025,$12.92,3,$15.83,6,0.58,$18.80,-31.26%,,,,$17.46,-7.13%,$0.00,-100.00%,$0.00,-100.00%,MUX,NYSE:MUX,-0.963,$31.00,-48.94%
NASDAQ:MVIS,5 Feb 2026,$1.11,4,,1,0.42,$2.24,-50.26%,,,,$3.57,59.38%,$0.00,-100.00%,$0.00,-100.00%,MVIS,NASDAQ:MVIS,-0.921,$2.00,
NYSE:MWA,13 Nov 2025,$22.51,2,$27.20,1,0.76,$25.54,-11.88%,,,,$24.90,-2.51%,$0.00,-100.00%,$0.00,-100.00%,MWA,NYSE:MWA,-0.843,$31.00,-12.26%
NYSE:MX,9 Feb 2026,$4.11,3,,3,0.38,$3.81,7.87%,,,,$3.53,-7.35%,$3.57,-6.41%,$5.59,46.75%,MX,NYSE:MX,-0.975,$4.00,
NASDAQ:MXCT,23 Dec 2025,$2.30,3,$6.84,,0.62,$1.32,73.94%,,,,$1.11,-15.91%,$0.00,-100.00%,$0.00,-100.00%,MXCT,NASDAQ:MXCT,-0.946,$4.11,66.42%
NASDAQ:MXL,19 Jan 2026,$27.04,4,$22.00,4,0.44,$84.84,-74.07%,,,,$69.47,-18.12%,$73.60,-13.25%,$78.91,-6.99%,MXL,NASDAQ:MXL,-0.961,$94.55,-76.73%
NYSEAMERICAN:MYO,16 Dec 2025,$1.00,1,,,,$1.72,-41.86%,,,,,-100.00%,-$2.00,-216.28%,-$2.00,-216.28%,MYO,NYSEAMERICAN:MYO,-2.000,,
NASDAQ:MYRG,25 Sep 2024,$129.33,3,,,0.54,$334.39,-61.33%,,,,$314.98,-5.80%,$431.65,29.08%,$484.15,44.79%,MYRG,NASDAQ:MYRG,-0.939,$402.83,
NYSE:NABL,5 Feb 2026,$8.30,3,$9.65,5,0.62,$3.44,141.17%,,,,$3.14,-8.72%,$0.00,-100.00%,$0.00,-100.00%,NABL,NYSE:NABL,-0.946,$5.58,72.94%
NYSEAMERICAN:NAK,3 Sep 2025,$1.18,,$2.50,4,,$1.62,-27.16%,,,,,-100.00%,-$2.00,-223.46%,-$2.00,-223.46%,NAK,NYSEAMERICAN:NAK,-2.000,,
NASDAQ:NAVI,23 Aug 2025,$18.59,4,$13.20,6,0.89,$9.17,43.95%,,,,$8.82,-3.82%,$0.00,-100.00%,$0.00,-100.00%,NAVI,NASDAQ:NAVI,-0.735,$9.07,45.53%
NASDAQ:NB,12 Aug 2025,$5.09,3,,,0.62,$5.11,-0.47%,,,,$4.89,-4.31%,$0.00,-100.00%,$0.00,-100.00%,NB,NASDAQ:NB,-0.948,$11.72,
NASDAQ:NBBK,28 Nov 2025,$21.28,3,$22.00,9,0.83,$22.98,-7.40%,,,,$22.37,-2.65%,$0.00,-100.00%,$0.00,-100.00%,NBBK,NASDAQ:NBBK,-0.787,$25.50,-13.73%
NYSE:NBHC,6 Oct 2025,$47.71,4,$44.75,5,1.24,$43.53,2.80%,,,,$42.98,-1.26%,$0.00,-100.00%,$0.00,-100.00%,NBHC,NYSE:NBHC,-0.609,$48.50,-7.73%
NASDAQ:NBN,27 May 2026,$126.48,3,$130.50,8,0.53,$134.92,-6.26%,,,,$130.83,-3.03%,$0.00,-100.00%,$0.00,-100.00%,NBN,NASDAQ:NBN,-0.913,$143.50,-9.06%
NASDAQ:NBTB,2 Oct 2025,$49.04,3,$50.67,4,1.39,$53.56,-8.44%,,,,$53.25,-0.58%,$0.00,-100.00%,$0.00,-100.00%,NBTB,NASDAQ:NBTB,-0.528,$56.83,-10.84%
NASDAQ:NCNA,7 Jul 2025,$0.15,3,,,,$1.59,-90.88%,,,,,-100.00%,-$2.00,-225.79%,-$2.00,-225.79%,NCNA,NASDAQ:NCNA,-2.000,,
NASDAQ:NECB,2 Oct 2025,$25.63,3,$25.00,2,1.35,$27.03,-7.51%,,,,$26.78,-0.92%,$0.00,-100.00%,$0.00,-100.00%,NECB,NASDAQ:NECB,-0.555,$29.75,-15.97%
NYSE:NEM,21 Jul 2025,$58.12,3,$67.81,10,0.85,$117.76,-50.65%,,,,$111.43,-5.38%,$196.95,67.25%,$344.98,192.95%,NEM,NYSE:NEM,-0.779,$130.50,-48.04%
NASDAQ:NEO,2 Sep 2025,$7.13,3,$9.83,6,0.82,$15.94,-55.25%,,,,$15.99,0.31%,$15.37,-3.57%,$20.33,27.51%,NEO,NASDAQ:NEO,-0.824,$19.72,-50.15%
NYSE:NET,22 Jan 2026,$169.89,3,$246.25,6,0.43,$315.78,-46.20%,,,,$300.08,-4.97%,$0.00,-100.00%,$0.00,-100.00%,NET,NYSE:NET,-0.954,$330.65,-25.53%
NASDAQ:NEWT,19 Nov 2025,$11.21,4,$14.38,4,1.09,$13.02,-13.90%,,,,$12.73,-2.23%,$0.00,-100.00%,$0.00,-100.00%,NEWT,NASDAQ:NEWT,-0.690,$15.50,-7.23%
NASDAQ:NFLX,8 Jul 2024,$571.61,2,,,0.50,$78.16,631.33%,,,,$72.31,-7.48%,$97.12,24.26%,$165.71,112.02%,NFLX,NASDAQ:NFLX,-0.955,$94.04,
NYSE:NGG,19 Sep 2025,$70.94,3,$78.00,8,,$81.05,-12.48%,,,,,-100.00%,-$2.00,-102.47%,-$2.00,-102.47%,NGG,NYSE:NGG,-2.000,,
NYSE:NGL,22 Jan 2026,$10.10,1,,,0.38,$17.97,-43.80%,,,,$16.51,-8.12%,$0.00,-100.00%,$0.00,-100.00%,NGL,NYSE:NGL,-0.875,$5.00,
NYSE:NGVC,20 Mar 2026,$44.77,3,,4,0.86,$28.13,59.14%,,,,$27.15,-3.48%,$0.00,-100.00%,$0.00,-100.00%,NGVC,NYSE:NGVC,-0.839,$44.67,
NYSE:NGVT,2 Oct 2025,$58.97,4,$60.67,7,0.85,$76.77,-23.19%,,,,$74.79,-2.58%,$85.85,11.83%,$105.41,37.30%,NGVT,NYSE:NGVT,-0.792,$89.00,-31.83%
NYSE:NIC,2 Oct 2025,$118.87,3,$139.67,4,0.47,$179.02,-33.60%,,,,$170.42,-4.80%,$0.00,-100.00%,$0.00,-100.00%,NIC,NYSE:NIC,-0.940,$191.80,-27.18%
NASDAQ:NICE,11 Feb 2026,$180.97,3,$158.57,6,0.50,$102.26,55.07%,,,,$93.78,-8.29%,$0.00,-100.00%,$0.00,-100.00%,NICE,NASDAQ:NICE,-0.963,$125.85,26.00%
NYSE:NIO,15 Dec 2025,$5.32,3,$6.36,6,0.63,$4.52,17.72%,,,,$4.28,-5.31%,-$2.71,-160.01%,$1.15,-74.66%,NIO,NYSE:NIO,-0.944,$7.36,-13.59%
NASDAQ:NIU,15 Dec 2025,$4.01,4,,5,,$2.08,92.85%,,,,,-100.00%,-$2.00,-196.15%,-$2.00,-196.15%,NIU,NASDAQ:NIU,-2.000,,
NYSE:NKE,26 Mar 2026,$81.79,5,$73.31,3,1.29,$40.73,79.99%,,,,$40.21,-1.28%,$61.81,51.75%,$68.23,67.51%,NKE,NYSE:NKE,-0.613,$50.66,44.71%
NYSE:NLOP,7 Aug 2026,$11.85,3,,6,4.54,$11.59,2.24%,2.24%,$11.85,$46.00,$12.30,6.13%,$0.00,-100.00%,$0.00,-100.00%,NLOP,NYSE:NLOP,0.798,$46.00,
NASDAQ:NMFC,10 Jun 2024,$13.42,3,,,1.71,$7.73,73.61%,,,,$7.76,0.39%,$0.00,-100.00%,$0.00,-100.00%,NMFC,NASDAQ:NMFC,-0.391,$8.29,
NASDAQ:NMIH,6 Mar 2024,$30.63,3,,,0.86,$45.71,-32.98%,,,,$44.12,-3.48%,"-$16,057.13",-35228.26%,"-$16,054.92",-35223.44%,NMIH,NASDAQ:NMIH,-0.769,$49.17,
NYSE:NMM,5 Mar 2026,$85.02,4,,,0.88,$81.88,3.83%,,,,$78.92,-3.62%,$49.56,-39.47%,$152.28,85.98%,NMM,NYSE:NMM,-0.770,$92.75,
NYSE:NMR,15 Oct 2025,$6.87,3,,7,1.18,$9.82,-30.04%,,,,$9.87,0.51%,"$4,826.04",49045.06%,"$5,133.26",52173.52%,NMR,NYSE:NMR,-0.620,$10.31,
NASDAQ:NNE,28 Oct 2025,$34.69,3,,,0.61,$19.66,76.45%,,,,$18.48,-6.00%,$0.00,-100.00%,$0.00,-100.00%,NNE,NASDAQ:NNE,-0.951,$42.17,
NYSE:NNN,16 Sep 2025,$49.73,5,$44.93,5,1.39,$46.00,-2.33%,,,,$45.87,-0.28%,$0.00,-100.00%,$0.00,-100.00%,NNN,NYSE:NNN,-0.525,$47.70,-5.81%
NYSE:NOA,23 Jul 2026,$16.74,4,$18.93,7,0.74,$13.85,20.84%,20.84%,$16.74,$27.94,$13.89,0.29%,$0.00,-100.00%,$0.00,-100.00%,NOA,NYSE:NOA,-0.893,$27.94,-32.25%
NYSE:NOG,19 Sep 2025,$38.23,3,$30.29,2,1.26,$24.50,23.63%,,,,$23.28,-4.98%,$0.00,-100.00%,$0.00,-100.00%,NOG,NYSE:NOG,-0.629,$30.89,-1.94%
NYSE:NOK,28 Jan 2026,$6.27,3,$7.69,8,0.95,$10.76,-41.74%,,,,$10.17,-5.48%,$12.41,15.38%,$14.47,34.49%,NOK,NYSE:NOK,-0.797,$15.02,-48.80%
NYSE:NOMD,27 Apr 2026,$15.76,3,$12.80,5,1.20,$11.73,9.12%,,,,$10.85,-7.50%,$0.00,-100.00%,$0.00,-100.00%,NOMD,NYSE:NOMD,-0.634,$13.61,-5.95%
NYSE:NOTE,13 Nov 2025,$4.93,3,$6.00,4,,,#DIV/0!,,,,,#DIV/0!,-$2.00,#DIV/0!,-$2.00,#DIV/0!,NOTE,NYSE:NOTE,-2.000,,
NYSE:NOV,21 Jul 2025,$17.42,3,$15.75,4,0.84,$21.14,-25.50%,,,,$20.14,-4.73%,$37.66,78.17%,$19.51,-7.71%,NOV,NYSE:NOV,-0.771,$22.07,-28.64%
NASDAQ:NOVT,30 Jan 2026,$158.93,3,$138.00,6,0.58,$166.58,-17.16%,,,,$161.41,-3.10%,$0.00,-100.00%,$0.00,-100.00%,NOVT,NASDAQ:NOVT,-0.912,$194.50,-29.05%
NASDAQ:NPCE,11 Dec 2025,$17.05,3,$18.40,5,0.63,$14.77,15.47%,,,,$13.93,-5.69%,$0.00,-100.00%,$0.00,-100.00%,NPCE,NASDAQ:NPCE,-0.934,$20.22,-9.00%
NYSE:NPO,29 Oct 2025,$196.10,1,$245.00,5,0.51,$343.34,-42.88%,,,,$322.18,-6.16%,$0.00,-100.00%,$0.00,-100.00%,NPO,NYSE:NPO,-0.939,$389.50,-37.10%
NYSE:NPWR,11 Nov 2025,$5.54,3,$4.00,3,,$1.95,105.13%,,,,,-100.00%,-$2.00,-202.56%,-$2.00,-202.56%,NPWR,NYSE:NPWR,-2.000,,
NYSE:NRG,18 Sep 2025,$102.90,1,,,0.77,$126.24,-18.49%,,,,$116.24,-7.92%,$0.00,-100.00%,$0.00,-100.00%,NRG,NYSE:NRG,-0.882,$192.12,
NASDAQ:NRIM,27 May 2026,$24.39,3,,6,1.71,$27.25,-10.50%,,,,$26.96,-1.06%,$0.00,-100.00%,$0.00,-100.00%,NRIM,NASDAQ:NRIM,-0.395,$30.00,
NYSE:NSA,19 Aug 2025,$45.71,3,$33.59,2,,,#DIV/0!,,,,,#DIV/0!,-$2.00,#DIV/0!,-$2.00,#DIV/0!,NSA,NYSE:NSA,-2.000,,
NYSE:NSC,31 May 2024,$224.71,3,,,0.87,$334.41,-32.80%,,,,$332.01,-0.72%,$306.35,-8.39%,$371.73,11.16%,NSC,NYSE:NSC,-0.766,$365.28,
NASDAQ:NSIT,11 Feb 2026,$144.78,3,$100.00,6,0.44,$154.25,-35.17%,,,,$146.81,-4.82%,$0.00,-100.00%,$0.00,-100.00%,NSIT,NASDAQ:NSIT,-0.953,$163.75,-38.93%
NASDAQ:NTCT,19 Jan 2026,$29.00,3,$32.00,8,0.48,$39.67,-26.90%,,,,$37.80,-4.71%,$0.00,-100.00%,$0.00,-100.00%,NTCT,NASDAQ:NTCT,-0.940,$43.38,-26.23%
NASDAQ:NTGR,5 Feb 2026,$23.48,3,,,0.53,$24.15,-2.78%,,,,$22.29,-7.70%,$0.00,-100.00%,$0.00,-100.00%,NTGR,NASDAQ:NTGR,-0.989,$35.00,
NASDAQ:NTLA,20 Nov 2025,$23.74,3,$15.97,5,0.52,$11.91,34.09%,,,,$11.03,-7.39%,$0.00,-100.00%,$0.00,-100.00%,NTLA,NASDAQ:NTLA,-0.991,$23.94,-33.29%
NYSE:NU,21 Oct 2025,$17.44,3,$17.38,9,0.55,$15.23,14.12%,,,,$12.99,-14.71%,$0.00,-100.00%,$0.00,-100.00%,NU,NYSE:NU,-0.930,$17.98,-3.34%
NYSE:NUE,20 Aug 2024,$172.03,4,,,0.80,$268.91,-36.03%,,,,$266.53,-0.89%,$0.00,-100.00%,$0.00,-100.00%,NUE,NYSE:NUE,-0.788,$283.56,
NASDAQ:NVA,11 Dec 2025,$9.58,3,,7,,,#DIV/0!,,,,,#DIV/0!,-$2.00,#DIV/0!,-$2.00,#DIV/0!,NVA,NASDAQ:NVA,-2.000,,
NASDAQ:NVAX,23 Dec 2025,$9.60,3,$10.00,6,0.61,$8.05,19.27%,,,,$7.60,-5.59%,$0.00,-100.00%,$0.00,-100.00%,NVAX,NASDAQ:NVAX,-0.952,$14.00,-28.57%
NASDAQ:NVCR,11 Dec 2025,$13.87,3,$27.00,2,0.54,$16.95,-18.17%,,,,$16.21,-4.37%,$14.01,-17.35%,$14.60,-13.89%,NVCR,NASDAQ:NVCR,-0.983,$27.14,-0.52%
NASDAQ:NVDA,4 Jan 2026,$195.15,3,$262.79,8,0.97,$225.16,-13.33%,,,,$220.06,-2.27%,$342.09,51.93%,$344.61,53.05%,NVDA,NASDAQ:NVDA,-0.779,$302.83,-13.22%
NASDAQ:NVEC,19 Jan 2026,$71.83,4,,2,0.96,$121.25,-40.76%,,,,$115.21,-4.98%,$155.77,28.47%,$157.37,29.79%,NVEC,NASDAQ:NVEC,-0.629,$79.00,
NASDAQ:NVMI,24 Oct 2025,$305.31,3,$328.75,7,0.58,$418.12,-26.98%,,,,$387.27,-7.38%,$0.00,-100.00%,$0.00,-100.00%,NVMI,NASDAQ:NVMI,-0.938,$532.00,-38.20%
NYSE:NVO,20 Aug 2025,$67.89,3,$68.50,6,1.17,$45.89,47.95%,,,,$45.43,-1.00%,$0.00,-100.00%,$0.00,-100.00%,NVO,NYSE:NVO,-0.618,$47.17,45.22%
NYSE:NVR,8 Jul 2024,"$6,194.00",2,,,0.47,"$6,307.93",-1.81%,,,,"$6,051.12",-4.07%,$0.00,-100.00%,$0.00,-100.00%,NVR,NYSE:NVR,-0.941,"$6,780.00",
NYSE:NVRI,31 May 2024,$10.35,3,,,0.60,$20.59,-49.76%,,,,$19.25,-6.51%,$0.00,-100.00%,$0.00,-100.00%,NVRI,NYSE:NVRI,-0.935,$27.00,
NYSE:NVST,20 Aug 2025,$24.25,4,$22.30,9,0.64,$28.07,-20.56%,,,,$27.18,-3.17%,$0.00,-100.00%,$0.00,-100.00%,NVST,NYSE:NVST,-0.867,$30.57,-27.05%
NYSE:NVT,19 Aug 2025,$88.41,3,,,0.59,$171.39,-48.41%,,,,$162.24,-5.34%,$0.00,-100.00%,$0.00,-100.00%,NVT,NYSE:NVT,-0.911,$202.13,
NASDAQ:NVTS,5 Feb 2026,$8.26,3,$8.00,5,0.36,$14.45,-44.64%,,,,$12.98,-10.17%,$15.08,4.35%,$16.01,10.83%,NVTS,NASDAQ:NVTS,-0.967,$14.07,-43.14%
NASDAQ:NVX,11 Dec 2025,$1.56,3,,4,,$0.44,254.55%,,,,,-100.00%,-$2.00,-554.55%,-$2.00,-554.55%,NVX,NASDAQ:NVX,-2.000,,
NASDAQ:NWBI,18 Mar 2026,$14.02,3,$13.00,7,1.91,$15.75,-17.46%,,,,$15.84,0.57%,$0.00,-100.00%,$0.00,-100.00%,NWBI,NASDAQ:NWBI,-0.296,$16.57,-21.54%
NYSE:NWG,27 May 2026,$16.57,3,$18.20,9,2.04,$19.10,-13.23%,,,,$19.35,1.31%,$0.00,-100.00%,$0.00,-100.00%,NWG,NYSE:NWG,-0.254,$21.54,-15.51%
NYSE:NWN,6 Feb 2026,$46.99,3,$53.50,7,1.40,$50.86,-7.61%,,,,$50.38,-0.94%,$0.00,-100.00%,$0.00,-100.00%,NWN,NYSE:NWN,-0.538,$57.40,-6.79%
NYSE:NX,16 Aug 2025,$26.24,3,,1,1.25,$20.95,25.26%,,,,$21.05,0.48%,$6.31,-69.86%,$32.29,54.14%,NX,NYSE:NX,-0.645,$27.25,
NYSE:NXE,24 Oct 2025,$8.68,3,,,0.66,$10.39,-16.46%,,,,$9.93,-4.43%,$0.00,-100.00%,$0.00,-100.00%,NXE,NYSE:NXE,-0.931,$19.29,
NASDAQ:NXPI,27 Jan 2026,$261.92,5,$258.76,9,1.27,$234.71,10.25%,,,,$229.40,-2.26%,$324.15,38.11%,$360.46,53.58%,NXPI,NASDAQ:NXPI,-0.640,$311.10,-16.82%
NYSE:NXRT,25 Aug 2025,$38.18,4,$36.33,3,1.23,$24.50,48.29%,,,,$24.60,0.41%,$0.00,-100.00%,$0.00,-100.00%,NXRT,NYSE:NXRT,-0.634,$29.60,22.74%
NASDAQ:NXTC,28 Oct 2025,$22.52,3,$20.00,,0.60,$8.21,143.61%,,,,$7.50,-8.65%,$0.00,-100.00%,$0.00,-100.00%,NXTC,NASDAQ:NXTC,-0.955,$20.00,0.00%
NYSE:O,23 Sep 2025,$70.69,5,$62.00,9,1.73,$62.74,-1.18%,,,,$62.97,0.37%,$0.00,-100.00%,$0.00,-100.00%,O,NYSE:O,-0.386,$68.21,-9.10%
NYSE:OBK,10 Mar 2026,$48.92,3,$46.67,5,0.99,$54.60,-14.52%,,,,$53.57,-1.89%,$0.00,-100.00%,$0.00,-100.00%,OBK,NYSE:OBK,-0.712,$58.60,-20.36%
NASDAQ:OBT,2 Oct 2025,$34.16,3,$29.00,4,1.19,$39.19,-26.00%,,,,$38.66,-1.35%,$0.00,-100.00%,$0.00,-100.00%,OBT,NASDAQ:OBT,-0.620,$42.25,-31.36%
NYSE:OC,30 Sep 2024,$164.18,3,,,0.69,$154.67,6.15%,,,,$150.43,-2.74%,$0.00,-100.00%,$0.00,-100.00%,OC,NYSE:OC,-0.859,$175.57,
NASDAQ:OCC,10 Feb 2026,$3.85,3,,3,,$17.80,-78.35%,,,,,-100.00%,-$2.00,-111.24%,-$2.00,-111.24%,OCC,NASDAQ:OCC,-2.000,,
NYSE:OFG,27 May 2026,$53.57,3,$47.00,7,1.30,$53.95,-12.88%,,,,$52.91,-1.93%,$0.00,-100.00%,$0.00,-100.00%,OFG,NYSE:OFG,-0.566,$56.50,-16.81%
NYSE:OGE,22 Jan 2026,$43.01,2,$46.14,7,1.47,$47.50,-9.45%,,,,$46.80,-1.47%,$19.58,-58.77%,$51.03,7.43%,OGE,NYSE:OGE,-0.495,$50.42,-8.49%
NYSE:OGS,19 Jun 2026,$79.20,3,$87.00,5,1.02,$80.98,-2.20%,,,,$79.85,-1.40%,$0.00,-100.00%,$0.00,-100.00%,OGS,NYSE:OGS,-0.708,$90.62,-3.99%
NYSE:OHI,23 Dec 2025,$49.04,5,$46.80,9,1.34,$46.53,0.58%,,,,$45.71,-1.76%,$73.79,58.59%,$91.42,96.48%,OHI,NYSE:OHI,-0.564,$52.00,-10.00%
NYSE:OI,26 Mar 2026,$12.61,4,$18.00,6,1.15,$6.79,85.78%,,,,$6.53,-3.83%,$2.01,-70.33%,$4.78,-29.65%,OI,NYSE:OI,-0.712,$9.94,81.09%
NYSE:OKE,29 Apr 2026,$98.03,4,$92.57,10,1.27,$94.99,-2.55%,,,,$91.24,-3.95%,$0.00,-100.00%,$0.00,-100.00%,OKE,NYSE:OKE,-0.574,$96.29,-3.86%
NASDAQ:OLED,24 Feb 2026,$147.14,3,$151.67,6,1.11,$88.92,65.47%,,,,$88.59,-0.37%,$112.03,25.99%,$123.08,38.42%,OLED,NASDAQ:OLED,-0.706,$115.37,31.46%
NASDAQ:OM,4 Dec 2025,$4.31,1,,1,,$4.51,-4.43%,,,,,-100.00%,-$2.00,-144.35%,-$2.00,-144.35%,OM,NASDAQ:OM,-2.000,,
NASDAQ:OMAB,1 Jun 2026,$112.42,4,$134.00,6,1.88,$103.39,8.73%,,,,$107.62,4.09%,$165.78,60.34%,$186.09,79.98%,OMAB,NASDAQ:OMAB,-0.343,$123.90,8.15%
NASDAQ:ON,5 Feb 2026,$68.86,3,,,0.60,$82.66,-16.70%,,,,$78.31,-5.26%,$0.00,-100.00%,$0.00,-100.00%,ON,NASDAQ:ON,-0.939,$108.88,
NASDAQ:ONB,20 Mar 2026,$23.78,3,$27.78,4,1.01,$27.17,-12.47%,,,,$26.64,-1.95%,$0.00,-100.00%,$0.00,-100.00%,ONB,NASDAQ:ONB,-0.707,$29.82,-6.84%
NYSE:ONIT,26 Mar 2025,$40.67,4,$42.50,5,0.60,$39.22,3.70%,,,,$36.84,-6.07%,$0.00,-100.00%,$0.00,-100.00%,ONIT,NYSE:ONIT,-0.952,$54.00,-21.30%
NYSE:ONON,15 Aug 2025,$41.55,2,,,0.67,$32.22,28.95%,,,,$29.42,-8.69%,$0.00,-100.00%,$0.00,-100.00%,ONON,NYSE:ONON,-0.926,$52.37,
NYSE:ONTO,9 Feb 2026,$215.21,4,$201.67,8,0.50,$331.71,-39.20%,,,,$314.42,-5.21%,$0.00,-100.00%,$0.00,-100.00%,ONTO,NYSE:ONTO,-0.947,$387.30,-47.93%
NYSEAMERICAN:OPTT,13 Nov 2025,$0.44,1,$1.50,5,,$0.21,109.52%,,,,,-100.00%,-$2.00,-1052.38%,-$2.00,-1052.38%,OPTT,NYSEAMERICAN:OPTT,-2.000,,
NYSE:OPY,16 Jun 2026,$115.64,4,,9,0.95,$116.34,-0.60%,,,,$112.89,-2.97%,$199.14,71.17%,$257.92,121.69%,OPY,NYSE:OPY,-0.623,$37.00,
NYSE:ORI,28 Apr 2026,$42.27,3,$42.00,3,2.10,$42.85,-1.98%,,,,$42.79,-0.14%,$0.00,-100.00%,$0.00,-100.00%,ORI,NYSE:ORI,-0.203,$43.50,-3.45%
NASDAQ:ORKA,23 Aug 2025,$26.17,3,,,1.49,$111.04,-76.43%,,,,$103.23,-7.03%,$0.00,-100.00%,$0.00,-100.00%,ORKA,NASDAQ:ORKA,-0.548,$149.58,
NASDAQ:ORRF,19 Nov 2025,$37.94,3,$40.50,8,1.24,$43.34,-12.46%,,,,$42.92,-0.97%,$0.00,-100.00%,$0.00,-100.00%,ORRF,NASDAQ:ORRF,-0.593,$45.75,-11.48%
NASDAQ:OSBC,28 Apr 2026,$22.52,3,$25.00,7,0.92,$25.91,-13.08%,,,,$25.36,-2.12%,$0.00,-100.00%,$0.00,-100.00%,OSBC,NASDAQ:OSBC,-0.740,$27.50,-9.09%
NASDAQ:OSIS,27 Jan 2026,$261.70,2,$287.33,6,0.48,$228.27,14.65%,,,,$212.96,-6.71%,$190.56,-16.52%,$229.25,0.43%,OSIS,NASDAQ:OSIS,-0.988,$298.14,-3.63%
NASDAQ:OSPN,10 Feb 2026,$17.74,3,,4,0.90,$16.34,8.55%,,,,$16.06,-1.71%,$0.00,-100.00%,$0.00,-100.00%,OSPN,NASDAQ:OSPN,-0.754,$18.00,
NYSEAMERICAN:OSTX,23 Dec 2025,$1.60,1,$11.50,1,,$1.62,-1.23%,,,,,-100.00%,-$2.00,-223.46%,-$2.00,-223.46%,OSTX,NYSEAMERICAN:OSTX,-2.000,,
NASDAQ:OSW,29 Nov 2024,$17.98,3,,,0.98,$26.92,-33.21%,,,,$26.15,-2.86%,$0.00,-100.00%,$0.00,-100.00%,OSW,NASDAQ:OSW,-0.734,$31.20,
NASDAQ:OTEX,19 Jan 2026,$32.75,3,$38.78,2,0.98,$24.54,33.44%,,,,$23.62,-3.75%,$0.00,-100.00%,$0.00,-100.00%,OTEX,NASDAQ:OTEX,-0.728,$27.95,38.75%
NYSE:OTIS,29 Oct 2025,$94.34,3,$105.25,6,1.21,$72.63,29.89%,,,,$72.06,-0.78%,$75.53,4.00%,$82.34,13.37%,OTIS,NYSE:OTIS,-0.646,$89.42,17.70%
NASDAQ:OUST,5 Feb 2026,$21.62,3,$37.00,8,0.43,$48.71,-55.61%,,,,$42.46,-12.83%,$0.00,-100.00%,$0.00,-100.00%,OUST,NASDAQ:OUST,-0.983,$57.83,-36.02%
NYSE:OVV,18 Aug 2025,$55.37,3,,,0.88,$63.02,-12.15%,,,,$60.30,-4.32%,$0.00,-100.00%,$0.00,-100.00%,OVV,NYSE:OVV,-0.779,$72.86,
NASDAQ:OXSQ,19 Aug 2025,$2.97,4,$2.50,4,2.96,$1.46,71.23%,,,,$1.57,7.53%,$0.00,-100.00%,$0.00,-100.00%,OXSQ,NASDAQ:OXSQ,0.139,$1.75,42.86%
NYSE:OXY,2 Jul 2026,$55.97,4,$64.21,8,0.93,$58.36,-4.09%,,,,$56.37,-3.41%,$0.00,-100.00%,$0.00,-100.00%,OXY,NYSE:OXY,-0.748,$66.09,-2.84%
NASDAQ:OZK,2 Oct 2025,$49.29,3,$59.63,8,1.29,$52.49,-6.10%,,,,$51.97,-0.99%,$0.00,-100.00%,$0.00,-100.00%,OZK,NASDAQ:OZK,-0.570,$54.67,9.07%
NYSE:PAC,13 Jun 2025,$210.00,3,$236.70,6,1.40,$206.98,1.46%,,,,$207.63,0.31%,$280.79,35.66%,$361.90,74.85%,PAC,NYSE:PAC,-0.571,$263.34,-10.12%
NASDAQ:PACB,11 Dec 2025,$2.97,3,$2.30,5,0.70,$1.15,100.00%,,,,$1.04,-9.57%,$0.00,-100.00%,$0.00,-100.00%,PACB,NASDAQ:PACB,-0.911,$2.29,0.44%
NASDAQ:PANW,20 Aug 2025,$177.95,3,,,,$384.27,-53.69%,,,,$0.00,-100.00%,$439.86,14.47%,$474.13,23.39%,PANW,NASDAQ:PANW,-1.013,$339.40,
NYSE:PAR,19 Aug 2025,$40.18,2,,,0.57,$19.05,110.89%,,,,$16.92,-11.18%,$0.00,-100.00%,$0.00,-100.00%,PAR,NYSE:PAR,-0.953,$25.31,
NASDAQ:PAX,13 Nov 2025,$16.56,3,$16.00,6,1.78,$11.50,39.13%,,,,$11.13,-3.22%,$21.24,84.65%,$7.65,-33.46%,PAX,NASDAQ:PAX,-0.420,$15.57,2.76%
NYSE:PAYC,26 Mar 2026,$152.82,3,$150.36,7,0.38,$218.13,-31.07%,,,,$199.72,-8.44%,$0.00,-100.00%,$0.00,-100.00%,PAYC,NYSE:PAYC,-0.949,$203.81,-26.23%
NASDAQ:PAYO,3 Sep 2025,$7.80,3,$10.50,7,0.60,$7.13,9.34%,,,,$6.93,-2.81%,$0.00,-100.00%,$0.00,-100.00%,PAYO,NASDAQ:PAYO,-0.874,$7.40,41.89%
NASDAQ:PAYS,11 Feb 2026,$3.74,3,$9.00,7,0.39,$13.17,-71.61%,,,,$12.05,-8.50%,$0.00,-100.00%,$0.00,-100.00%,PAYS,NASDAQ:PAYS,-0.959,$13.10,-31.30%
NASDAQ:PAYX,19 Aug 2025,$129.02,2,,,0.95,$122.02,5.73%,,,,$119.61,-1.98%,$177.08,45.13%,$194.29,59.23%,PAYX,NASDAQ:PAYX,-0.688,$109.57,
NYSE:PB,19 Nov 2025,$75.08,4,$78.17,7,1.56,$75.05,0.04%,,,,$74.35,-0.93%,-$134.99,-279.86%,-$129.61,-272.70%,PB,NYSE:PB,-0.461,$81.38,-3.94%
NYSE:PBA,16 Sep 2025,$40.71,4,$41.47,8,1.42,$49.33,-17.48%,,,,$48.58,-1.52%,$0.00,-100.00%,$0.00,-100.00%,PBA,NYSE:PBA,-0.494,$47.33,-12.38%
NYSE:PBI,19 Aug 2025,$11.44,3,$11.50,7,1.43,$16.42,-30.32%,,,,$16.58,0.97%,$32.60,98.54%,$41.75,154.26%,PBI,NYSE:PBI,-0.542,$19.56,-41.21%
NYSE:PBR,14 Aug 2026,$18.64,4,$23.03,8,0.95,$17.88,4.25%,4.25%,$18.64,$23.03,$17.33,-3.08%,$0.00,-100.00%,$0.00,-100.00%,PBR,NYSE:PBR,-0.764,$22.19,3.79%
NYSE:PBR.A,30 Jun 2026,$17.20,5,,,1.39,$16.07,7.03%,,,,$15.75,-1.99%,$31.29,94.70%,$55.70,246.58%,PBR.A,NYSE:PBR.A,-0.595,$21.87,
NYSE:PCG,14 Jul 2026,$19.14,4,$23.57,4,1.06,$17.84,7.27%,,,,$16.73,-6.22%,-$27.43,-253.75%,-$11.90,-166.72%,PCG,NYSE:PCG,-0.723,$22.78,3.47%
NYSE:PCOR,27 Jan 2026,$68.73,3,$87.91,7,0.68,$59.80,14.94%,,,,$55.77,-6.74%,$77.52,29.63%,$84.99,42.12%,PCOR,NYSE:PCOR,-0.865,$68.55,28.24%
NASDAQ:PDD,20 Aug 2025,$133.52,3,$124.92,5,0.59,$84.79,47.33%,,,,$80.58,-4.97%,$202.37,138.68%,$202.54,138.87%,PDD,NASDAQ:PDD,-0.955,$116.47,7.26%
NASDAQ:PDFS,27 Jan 2026,$35.52,3,$34.75,7,0.51,$50.90,-31.73%,,,,$47.64,-6.40%,$0.00,-100.00%,$0.00,-100.00%,PDFS,NASDAQ:PDFS,-0.953,$61.67,-43.65%
NYSE:PDM,14 Jul 2025,$11.58,4,$8.50,6,1.27,$9.48,-10.34%,,,,$9.48,0.00%,-$0.72,-107.59%,$13.04,37.60%,PDM,NYSE:PDM,-0.588,$10.25,-17.07%
NYSE:PEB,23 Dec 2025,$17.33,3,$12.00,7,0.93,$18.25,-34.25%,,,,$17.23,-5.59%,$29.50,61.62%,$53.40,192.60%,PEB,NYSE:PEB,-0.726,$18.62,-35.55%
NASDAQ:PEBO,16 Jan 2026,$32.08,3,$33.17,10,1.40,$41.38,-22.47%,,,,$40.96,-1.01%,$0.00,-100.00%,$0.00,-100.00%,PEBO,NASDAQ:PEBO,-0.521,$43.00,-22.86%
NASDAQ:PEGA,11 Feb 2026,$49.55,5,$72.00,9,0.52,$32.32,53.30%,,,,$29.74,-7.98%,$55.56,71.91%,$54.44,68.43%,PEGA,NASDAQ:PEGA,-0.975,$43.00,67.44%
NYSE:PEN,11 Dec 2025,$225.97,1,$307.92,10,0.50,$327.02,-30.90%,,,,$314.21,-3.92%,$435.02,33.03%,$443.00,35.46%,PEN,NYSE:PEN,-0.936,$361.83,-14.90%
NASDAQ:PFBC,27 May 2026,$99.21,3,$107.50,5,1.79,$107.90,-8.05%,,,,$107.71,-0.18%,$0.00,-100.00%,$0.00,-100.00%,PFBC,NASDAQ:PFBC,-0.346,$111.50,-3.59%
NYSE:PFE,26 Mar 2026,$30.96,5,$29.07,6,1.58,$26.79,8.51%,,,,$26.42,-1.38%,$0.00,-100.00%,$0.00,-100.00%,PFE,NYSE:PFE,-0.448,$28.64,1.50%
NYSE:PFGC,4 Sep 2025,$88.60,1,,,0.51,$107.25,-17.39%,,,,$99.68,-7.06%,$0.00,-100.00%,$0.00,-100.00%,PFGC,NYSE:PFGC,-0.942,$123.31,
NASDAQ:PFIS,19 Mar 2026,$59.16,3,$56.00,6,1.26,$71.36,-21.52%,,,,$70.59,-1.08%,$0.00,-100.00%,$0.00,-100.00%,PFIS,NASDAQ:PFIS,-0.579,$73.50,-23.81%
NYSE:PFLT,20 Feb 2026,$9.26,3,$10.25,8,1.91,$7.58,22.16%,,,,$7.51,-0.92%,$0.00,-100.00%,$0.00,-100.00%,PFLT,NYSE:PFLT,-0.358,$10.08,1.69%
NYSE:PFS,18 Nov 2025,$20.08,3,$22.00,3,1.36,$24.64,-18.51%,,,,$24.77,0.53%,$0.00,-100.00%,$0.00,-100.00%,PFS,NYSE:PFS,-0.556,$27.92,-21.20%
NASDAQ:PFSA,11 Dec 2025,$0.26,3,,,,$0.90,-70.62%,,,,,-100.00%,-$2.00,-322.22%,-$2.00,-322.22%,PFSA,NASDAQ:PFSA,-2.000,,
NYSE:PFSI,4 Oct 2024,$102.39,3,,,0.63,$78.03,31.22%,,,,$75.36,-3.42%,$0.00,-100.00%,$0.00,-100.00%,PFSI,NYSE:PFSI,-0.890,$90.57,
NASDAQ:PGEN,23 Dec 2025,$3.53,3,$9.00,7,0.53,$6.10,-42.07%,,,,$6.06,-0.66%,$0.00,-100.00%,$0.00,-100.00%,PGEN,NASDAQ:PGEN,-0.987,$14.50,-37.93%
NYSE:PGR,18 Sep 2025,$210.79,1,,,1.35,$209.60,0.57%,,,,$207.07,-1.21%,$0.00,-100.00%,$0.00,-100.00%,PGR,NYSE:PGR,-0.557,$229.78,
NYSE:PH,3 Jul 2024,$534.00,1,$759.92,6,0.63,"$1,055.85",-49.42%,,,,"$1,035.04",-1.97%,$0.00,-100.00%,$0.00,-100.00%,PH,NYSE:PH,-0.873,"$1,148.95",-33.86%
NYSE:PHG,11 Dec 2025,$35.54,3,,7,1.43,$27.29,30.24%,,,,$26.97,-1.17%,$24.91,-8.71%,$46.44,70.16%,PHG,NYSE:PHG,-0.539,$32.21,
NYSE:PHM,31 Mar 2026,$124.03,4,$141.83,3,0.85,$130.18,-4.73%,,,,$127.10,-2.37%,$203.63,56.43%,$149.71,15.00%,PHM,NYSE:PHM,-0.771,$140.62,0.86%
NASDAQ:PI,27 Jan 2026,$144.68,2,$240.50,8,0.50,$172.65,-16.20%,,,,$169.84,-1.63%,$228.16,32.15%,$236.02,36.71%,PI,NASDAQ:PI,-0.917,$176.00,36.65%
NYSE:PIPR,29 Jun 2026,$77.12,3,$97.00,3,1.00,$76.50,0.81%,,,,$74.63,-2.44%,$0.00,-100.00%,$0.00,-100.00%,PIPR,NYSE:PIPR,-0.719,$87.12,11.34%
NYSE:PKST,14 Jan 2026,$15.34,4,$17.00,6,,,#DIV/0!,,,,,#DIV/0!,-$2.00,#DIV/0!,-$2.00,#DIV/0!,PKST,NYSE:PKST,-2.000,,
NYSE:PL,7 Jul 2025,$5.02,3,,,0.64,$24.69,-79.67%,,,,$22.83,-7.53%,$26.42,7.00%,$25.14,1.81%,PL,NYSE:PL,-0.938,$40.10,
NASDAQ:PLAB,1 May 2026,$41.22,2,$47.00,6,0.71,$33.32,23.70%,,,,$32.41,-2.73%,$44.66,34.02%,$66.96,100.96%,PLAB,NASDAQ:PLAB,-0.879,$42.33,11.03%
NASDAQ:PLMR,16 Sep 2025,$107.46,3,,,0.51,$128.21,-16.18%,,,,$121.02,-5.61%,$0.00,-100.00%,$0.00,-100.00%,PLMR,NASDAQ:PLMR,-0.967,$163.17,
NYSE:PLNT,4 Sep 2025,$92.00,1,,,0.67,$50.36,82.68%,,,,$46.11,-8.44%,$0.00,-100.00%,$0.00,-100.00%,PLNT,NYSE:PLNT,-0.910,$67.25,
NYSE:PLOW,20 Sep 2024,$36.15,4,,,1.06,$42.28,-14.50%,,,,$40.97,-3.10%,$0.00,-100.00%,$0.00,-100.00%,PLOW,NYSE:PLOW,-0.722,$54.00,
NASDAQ:PLTR,14 Aug 2025,$120.98,1,,,0.37,$174.04,-30.49%,,,,$161.12,-7.42%,$0.00,-100.00%,$0.00,-100.00%,PLTR,NASDAQ:PLTR,-0.990,$191.68,
NASDAQ:PLUS,27 Oct 2025,$88.78,3,,6,0.75,$88.53,0.28%,,,,$85.36,-3.58%,$0.00,-100.00%,$0.00,-100.00%,PLUS,NASDAQ:PLUS,-0.857,$111.00,
NASDAQ:PLXS,27 Jan 2026,$181.83,3,,,0.53,$267.41,-32.00%,,,,$254.77,-4.73%,$354.91,32.72%,$402.00,50.33%,PLXS,NASDAQ:PLXS,-0.929,$305.75,
NYSE:PM,25 Aug 2025,$144.36,2,,,1.00,$190.39,-24.18%,,,,$185.07,-2.79%,$330.59,73.64%,$351.86,84.81%,PM,NYSE:PM,-0.706,$203.80,
NASDAQ:PMTS,26 Aug 2025,$22.24,3,,,0.51,$28.50,-21.96%,,,,$27.34,-4.07%,$0.00,-100.00%,$0.00,-100.00%,PMTS,NASDAQ:PMTS,-0.923,$30.75,
NYSE:PNC,19 Nov 2025,$182.16,3,$223.09,8,0.98,$256.97,-29.11%,,,,$251.92,-1.97%,$0.00,-100.00%,$0.00,-100.00%,PNC,NYSE:PNC,-0.714,$277.73,-19.67%
NASDAQ:PNFP,28 Jul 2025,$101.11,3,$121.91,7,,$108.01,-6.38%,,,,,-100.00%,-$2.00,-101.85%,-$2.00,-101.85%,PNFP,NYSE:PNFP,-2.000,,
NYSE:PNNT,13 Aug 2026,,1,$3.82,6,2.44,$3.72,2.69%,2.69%,$3.82,$4.75,$3.83,2.96%,$0.00,-100.00%,$0.00,-100.00%,PNNT,NYSE:PNNT,-0.110,$4.75,-19.58%
NYSE:PNR,11 Nov 2025,$102.58,2,$124.75,7,1.00,$66.16,55.05%,,,,$64.28,-2.84%,$252.04,280.96%,$258.83,291.22%,PNR,NYSE:PNR,-0.724,$76.64,62.77%
NASDAQ:PODD,11 Dec 2025,$276.82,2,$381.12,9,0.56,$143.34,93.12%,,,,$138.17,-3.61%,$0.00,-100.00%,$0.00,-100.00%,PODD,NASDAQ:PODD,-0.929,$171.91,121.70%
NASDAQ:POET,5 Feb 2026,$6.44,3,,7,0.60,$9.58,-32.77%,,,,$8.32,-13.15%,$0.00,-100.00%,$0.00,-100.00%,POET,NASDAQ:POET,-0.958,$17.50,
NASDAQ:POOL,23 Aug 2025,$310.70,3,,,0.68,$194.84,59.46%,,,,$192.84,-1.03%,$310.33,59.28%,$327.17,67.92%,POOL,NASDAQ:POOL,-0.860,$220.36,
NYSE:POR,6 Feb 2026,$50.85,4,$49.60,7,1.92,$50.76,-2.29%,,,,$50.32,-0.87%,$0.00,-100.00%,$0.00,-100.00%,POR,NYSE:POR,-0.290,$52.55,-5.61%
NYSE:POST,2 Apr 2026,$109.06,5,$128.50,2,0.68,$80.95,34.73%,,,,$77.71,-4.00%,$0.00,-100.00%,$0.00,-100.00%,POST,NYSE:POST,-0.896,$105.17,22.18%
NASDAQ:POWI,5 Feb 2026,$72.10,3,$52.50,5,0.74,$62.75,-16.33%,,,,$61.77,-1.56%,$0.00,-100.00%,$0.00,-100.00%,POWI,NASDAQ:POWI,-0.855,$77.50,-32.26%
NASDAQ:PPC,19 Aug 2025,$43.27,2,,,0.83,$27.90,55.07%,,,,$26.25,-5.91%,$34.60,24.02%,$68.10,144.07%,PPC,NASDAQ:PPC,-0.805,$33.19,
NASDAQ:PPIH,20 Apr 2026,$30.77,3,,7,0.41,$26.82,14.72%,,,,$24.27,-9.51%,$50.99,90.12%,$63.12,135.35%,PPIH,NASDAQ:PPIH,-0.996,$32.00,
NYSE:PR,11 Nov 2025,$15.75,5,$18.13,3,1.08,$21.50,-26.74%,,,,$20.66,-3.91%,$0.00,-100.00%,$0.00,-100.00%,PR,NYSE:PR,-0.694,$25.37,-28.54%
NYSE:PRA,11 Dec 2025,$26.77,3,,3,,,#DIV/0!,,,,,#DIV/0!,-$2.00,#DIV/0!,-$2.00,#DIV/0!,PRA,NYSE:PRA,-2.000,,
NASDAQ:PRCH,29 Jan 2026,$6.54,3,$18.17,8,0.44,$17.38,-62.36%,,,,$15.28,-12.08%,$18.85,8.47%,$19.36,11.41%,PRCH,NASDAQ:PRCH,-0.967,$19.75,-8.00%
NASDAQ:PRCT,11 Dec 2025,$43.52,3,$50.71,5,0.40,$21.65,101.02%,,,,$20.27,-6.37%,$0.00,-100.00%,$0.00,-100.00%,PRCT,NASDAQ:PRCT,-0.957,$21.64,134.33%
NASDAQ:PRDO,28 Apr 2026,$43.66,5,$42.00,8,0.85,$32.01,31.21%,,,,$30.65,-4.25%,$0.00,-100.00%,$0.00,-100.00%,PRDO,NASDAQ:PRDO,-0.839,$44.00,-4.55%
NASDAQ:PRGS,22 Jan 2026,$57.12,3,$59.75,7,0.82,$43.73,30.61%,,,,$42.24,-3.41%,$93.39,113.57%,$138.15,215.92%,PRGS,NASDAQ:PRGS,-0.818,$53.80,11.06%
NYSE:PRIM,23 Aug 2024,$53.96,3,,,0.62,$83.30,-35.22%,,,,$76.65,-7.98%,$0.00,-100.00%,$0.00,-100.00%,PRIM,NYSE:PRIM,-0.947,$119.79,
NYSEAMERICAN:PRK,7 Oct 2025,$164.00,1,,,,$207.79,-21.07%,,,,,-100.00%,-$2.00,-100.96%,-$2.00,-100.96%,PRK,NYSEAMERICAN:PRK,-2.000,,
NASDAQ:PROK,10 Jul 2025,$2.60,,$4.50,7,0.57,$1.33,95.49%,,,,$1.33,0.00%,-$0.24,-118.21%,-$0.17,-112.91%,PROK,NASDAQ:PROK,-0.971,$6.25,-28.00%
NASDAQ:PRSO,29 Jan 2026,$1.15,4,$3.00,,,$0.68,68.78%,,,,,-100.00%,-$2.00,-394.12%,-$2.00,-394.12%,PRSO,NASDAQ:PRSO,-2.000,,
NASDAQ:PRTH,10 Feb 2026,$10.32,3,$13.00,1,0.69,$5.49,88.00%,,,,$4.93,-10.20%,$0.00,-100.00%,$0.00,-100.00%,PRTH,NASDAQ:PRTH,-0.914,$9.10,42.86%
NASDAQ:PSIX,28 Apr 2026,$74.87,3,$109.00,9,0.62,$40.54,84.68%,,,,$38.90,-4.05%,$0.00,-100.00%,$0.00,-100.00%,PSIX,NASDAQ:PSIX,-0.948,$69.79,56.18%
NYSE:PSN,16 Feb 2026,$83.99,5,$81.64,7,0.53,$47.90,70.44%,,,,$44.75,-6.58%,$50.58,5.59%,$72.35,51.04%,PSN,NYSE:PSN,-0.948,$58.55,39.44%
NASDAQ:PSNY,29 Nov 2024,$1.30,3,,,0.55,$14.25,-90.88%,,,,$13.17,-7.58%,$0.00,-100.00%,$0.00,-100.00%,PSNY,NASDAQ:PSNY,-0.938,$17.50,
NYSE:PSTG,19 Aug 2025,$64.73,3,,,,,#DIV/0!,,,,,#DIV/0!,-$2.00,#DIV/0!,-$2.00,#DIV/0!,PSTG,NYSE:PSTG,-2.000,,
NYSE:PSX,26 Jun 2026,$162.80,2,$194.00,7,0.77,$233.61,-30.31%,,,,$219.85,-5.89%,$0.00,-100.00%,$0.00,-100.00%,PSX,NYSE:PSX,-0.775,$217.11,-10.64%
NASDAQ:PTC,19 Jan 2026,$176.72,3,$218.00,6,0.48,$149.75,18.01%,,,,$140.17,-6.40%,$0.00,-100.00%,$0.00,-100.00%,PTC,NASDAQ:PTC,-0.955,$173.35,25.76%
NASDAQ:PTEN,21 Jul 2025,$10.35,3,$8.03,2,1.53,$11.37,-29.38%,,,,$10.72,-5.72%,$22.62,98.93%,$26.72,135.02%,PTEN,NASDAQ:PTEN,-0.490,$13.36,-39.90%
NASDAQ:PTLO,14 Jan 2026,$9.61,3,$6.30,3,0.51,$5.16,22.09%,,,,$4.68,-9.30%,$0.00,-100.00%,$0.00,-100.00%,PTLO,NASDAQ:PTLO,-0.954,$6.22,1.29%
NASDAQ:PUBM,29 Jan 2026,$11.75,3,$12.92,7,0.60,$17.59,-33.17%,,,,$16.47,-6.37%,$0.00,-100.00%,$0.00,-100.00%,PUBM,NASDAQ:PUBM,-0.899,$20.30,-36.35%
NYSE:PWR,23 Aug 2025,$272.00,1,,,0.87,$685.78,-60.34%,,,,$661.08,-3.60%,$726.34,5.91%,$693.09,1.07%,PWR,NYSE:PWR,-0.771,$768.29,
NASDAQ:PZZA,18 Sep 2025,$56.89,4,$48.40,9,1.24,$24.26,99.51%,,,,$24.14,-0.49%,$0.00,-100.00%,$0.00,-100.00%,PZZA,NASDAQ:PZZA,-0.625,$28.67,68.82%
NYSE:Q,9 Feb 2026,$106.61,3,,,0.58,$142.30,-25.08%,,,,$137.13,-3.63%,$0.00,-100.00%,$0.00,-100.00%,Q,NYSE:Q,-0.928,$176.75,
NASDAQ:QCOM,27 Jan 2026,$171.89,4,$193.33,6,1.15,$165.79,3.68%,,,,$161.07,-2.85%,$186.92,12.75%,$205.16,23.75%,QCOM,NASDAQ:QCOM,-0.662,$194.77,-0.74%
NASDAQ:QCRH,28 Apr 2026,$93.80,3,$102.67,9,0.85,$106.56,-11.97%,,,,$104.01,-2.39%,$0.00,-100.00%,$0.00,-100.00%,QCRH,NASDAQ:QCRH,-0.764,$111.20,-7.67%
NASDAQ:QDEL,11 Dec 2025,$47.57,3,$27.75,6,0.40,$14.30,94.06%,,,,$13.87,-3.01%,$0.00,-100.00%,$0.00,-100.00%,QDEL,NASDAQ:QDEL,-0.921,$12.00,131.25%
NASDAQ:QFIN,9 Sep 2025,$29.99,3,$48.39,5,1.09,$12.27,144.41%,,,,$12.18,-0.73%,$0.00,-100.00%,$0.00,-100.00%,QFIN,NASDAQ:QFIN,-0.736,$21.74,122.59%
NASDAQ:QLYS,10 Feb 2026,$147.47,5,$136.87,5,0.30,$186.05,-26.43%,,,,$176.39,-5.19%,$0.00,-100.00%,$0.00,-100.00%,QLYS,NASDAQ:QLYS,-0.982,$171.74,-20.30%
NASDAQ:QRVO,19 Jan 2026,$81.21,3,$100.08,6,0.42,$98.11,-17.23%,,,,$94.40,-3.78%,$157.73,60.76%,$189.00,92.64%,QRVO,NASDAQ:QRVO,-0.928,$90.77,10.26%
NASDAQ:QSI,11 Dec 2025,$1.94,3,$2.83,2,0.64,$0.74,162.74%,,,,$0.76,2.70%,$0.00,-100.00%,$0.00,-100.00%,QSI,NASDAQ:QSI,-0.939,$2.50,13.20%
NYSE:QSR,4 Mar 2026,$71.96,3,$79.11,9,1.38,$77.64,-7.32%,,,,$75.53,-2.72%,$0.00,-100.00%,$0.00,-100.00%,QSR,NYSE:QSR,-0.541,$85.74,-7.73%
NASDAQ:QTRX,16 Dec 2025,$12.46,3,$6.00,5,0.64,$2.59,131.66%,,,,$2.39,-7.72%,$0.00,-100.00%,$0.00,-100.00%,QTRX,NASDAQ:QTRX,-0.914,$3.33,80.18%
NYSE:QUAD,19 Jun 2026,$7.33,3,$9.93,9,1.59,$9.94,-26.26%,,,,$9.68,-2.62%,$28.85,190.24%,$53.38,437.05%,QUAD,NYSE:QUAD,-0.497,$13.17,-24.60%
NASDAQ:QUIK,5 Feb 2026,$6.78,3,,,0.60,$12.76,-46.89%,,,,$11.76,-7.84%,$0.00,-100.00%,$0.00,-100.00%,QUIK,NASDAQ:QUIK,-0.954,$23.67,
NYSE:QXO,19 Aug 2025,$30.22,3,$31.06,10,0.83,$14.51,108.25%,,,,$14.43,-0.55%,$0.00,-100.00%,$0.00,-100.00%,QXO,NYSE:QXO,-0.851,$29.82,4.16%
NYSE:RACE,15 Dec 2025,$403.82,3,$465.44,6,0.94,$414.85,-2.66%,,,,$403.41,-2.76%,$515.14,24.17%,$575.76,38.79%,RACE,NYSE:RACE,-0.739,$457.86,1.66%
NASDAQ:RAIL,28 Apr 2026,$11.16,4,,,0.62,$7.32,52.52%,,,,$7.04,-3.83%,$0.00,-100.00%,$0.00,-100.00%,RAIL,NASDAQ:RAIL,-0.945,$14.67,
NYSE:RAMP,23 Jan 2026,$30.65,5,$42.20,7,0.47,$37.85,-19.03%,,,,$36.35,-3.96%,$0.00,-100.00%,$0.00,-100.00%,RAMP,NYSE:RAMP,-0.942,$40.58,3.99%
NASDAQ:RBB,1 Jun 2026,$24.58,3,$24.00,4,1.41,$27.59,-13.01%,,,,$27.26,-1.20%,$0.00,-100.00%,$0.00,-100.00%,RBB,NASDAQ:RBB,-0.515,$28.50,-15.79%
NYSE:RBC,23 Aug 2025,$337.00,1,,,0.93,$560.49,-39.87%,,,,$540.49,-3.57%,$0.00,-100.00%,$0.00,-100.00%,RBC,NYSE:RBC,-0.750,$633.25,
NASDAQ:RBCAA,20 Oct 2025,$70.90,3,,,1.08,$97.97,-27.63%,,,,$94.91,-3.12%,$0.00,-100.00%,$0.00,-100.00%,RBCAA,NASDAQ:RBCAA,-0.651,$98.00,
NYSE:RBLX,2 Jan 2026,$67.48,2,,,0.61,$38.23,76.51%,,,,$34.13,-10.72%,$0.00,-100.00%,$0.00,-100.00%,RBLX,NYSE:RBLX,-0.935,$51.03,
NYSE:RBOT,16 Dec 2025,$3.89,3,,,,,#DIV/0!,,,,,#DIV/0!,-$2.00,#DIV/0!,-$2.00,#DIV/0!,RBOT,NYSE:RBOT,-2.000,,
NYSE:RBRK,20 Aug 2025,$54.72,2,,,0.55,$102.23,-46.47%,,,,$94.39,-7.67%,$102.41,0.18%,$105.41,3.11%,RBRK,NYSE:RBRK,-0.877,$96.07,
NYSE:RC,1 Sep 2025,$5.36,3,$4.15,4,0.97,$1.85,124.32%,,,,$1.70,-8.11%,$0.00,-100.00%,$0.00,-100.00%,RC,NYSE:RC,-0.698,$1.80,130.56%
NASDAQ:RCEL,4 Dec 2025,$9.25,3,$8.38,1,0.51,$7.85,6.75%,,,,$7.65,-2.55%,$0.00,-100.00%,$0.00,-100.00%,RCEL,NASDAQ:RCEL,-0.939,$9.02,-7.10%
NASDAQ:RCKY,16 Apr 2026,$43.95,3,$53.00,8,1.04,$47.53,-7.52%,,,,$46.30,-2.59%,$0.00,-100.00%,$0.00,-100.00%,RCKY,NASDAQ:RCKY,-0.711,$56.00,-5.36%
NYSE:RCL,8 Apr 2026,$279.75,3,$368.93,4,0.59,$305.00,-8.28%,,,,$298.07,-2.27%,$316.57,3.79%,$395.11,29.55%,RCL,NYSE:RCL,-0.903,$346.92,6.34%
NYSE:RDN,23 Jun 2026,$35.58,4,$45.33,8,1.27,$37.26,-4.52%,,,,$36.08,-3.17%,$0.00,-100.00%,$0.00,-100.00%,RDN,NYSE:RDN,-0.610,$43.80,3.49%
NYSE:RDW,21 Jul 2025,$13.29,2,,,0.45,$13.58,-2.16%,,,,$12.36,-8.98%,$0.00,-100.00%,$0.00,-100.00%,RDW,NYSE:RDW,-0.948,$14.50,
NASDAQ:REG,21 Jul 2025,$72.09,1,,,1.42,$76.71,-6.02%,,,,$75.69,-1.33%,$0.00,-100.00%,$0.00,-100.00%,REG,NASDAQ:REG,-0.533,$86.67,
NYSEAMERICAN:REI,20 Aug 2025,$1.08,,$2.99,3,,$1.37,-21.17%,,,,,-100.00%,-$2.00,-245.99%,-$2.00,-245.99%,REI,NYSEAMERICAN:REI,-2.000,,
NASDAQ:REKR,9 Feb 2026,$1.09,3,$4.00,4,0.61,$0.71,53.01%,,,,$0.67,-5.63%,$0.00,-100.00%,$0.00,-100.00%,REKR,NASDAQ:REKR,-0.953,$3.00,33.33%
NYSE:RELX,19 Aug 2025,$47.40,3,,,1.12,$34.43,37.67%,,,,$33.37,-3.08%,$0.00,-100.00%,$0.00,-100.00%,RELX,NYSE:RELX,-0.724,$53.05,
NASDAQ:RELY,29 Jan 2026,$17.63,3,$20.20,4,0.45,$26.30,-32.95%,,,,$22.92,-12.85%,$0.00,-100.00%,$0.00,-100.00%,RELY,NASDAQ:RELY,-0.983,$32.22,-37.31%
NYSEAMERICAN:REPX,12 Feb 2026,,,$36.00,7,,$36.13,-0.36%,,,,,-100.00%,-$2.00,-105.54%,-$2.00,-105.54%,REPX,NYSEAMERICAN:REPX,-2.000,,
NYSE:RES,30 Dec 2025,$6.58,4,$5.50,5,1.24,$6.36,-13.52%,,,,$6.14,-3.46%,$7.44,17.06%,$14.68,130.79%,RES,NYSE:RES,-0.586,$6.40,-14.06%
NYSE:REVG,24 Oct 2024,$28.28,3,,,,,#DIV/0!,,,,,#DIV/0!,-$2.00,#DIV/0!,-$2.00,#DIV/0!,REVG,NYSE:REVG,-2.000,,
NASDAQ:REYN,28 Apr 2026,$27.91,5,$24.00,6,1.22,$26.25,-8.57%,,,,$26.06,-0.72%,$0.00,-100.00%,$0.00,-100.00%,REYN,NASDAQ:REYN,-0.597,$27.14,-11.57%
NYSE:REZI,17 Aug 2025,$32.83,3,$32.00,9,0.53,$20.50,56.10%,,,,$19.12,-6.73%,$0.00,-100.00%,$0.00,-100.00%,REZI,NYSE:REZI,-0.986,$44.50,-28.09%
NYSE:RF,1 Jun 2026,$29.85,3,$30.31,3,1.41,$31.90,-6.42%,,,,$31.49,-1.29%,$0.00,-100.00%,$0.00,-100.00%,RF,NYSE:RF,-0.515,$32.93,-7.96%
NASDAQ:RGLD,16 Aug 2025,$142.50,1,,,0.58,$230.68,-38.23%,,,,$216.59,-6.11%,$0.00,-100.00%,$0.00,-100.00%,RGLD,NASDAQ:RGLD,-0.945,$302.67,
NASDAQ:RGNX,23 Dec 2025,$16.55,3,$28.57,9,0.60,$10.77,53.63%,,,,$10.16,-5.66%,$0.00,-100.00%,$0.00,-100.00%,RGNX,NASDAQ:RGNX,-0.956,$22.80,25.31%
NASDAQ:RGTI,28 Jul 2025,$11.56,2,,,0.60,$18.82,-38.56%,,,,$17.53,-6.85%,$0.00,-100.00%,$0.00,-100.00%,RGTI,NASDAQ:RGTI,-0.957,$28.81,
NYSE:RH,31 Jul 2024,$352.46,3,,,0.33,$181.76,93.91%,,,,$169.60,-6.69%,-$51.94,-128.57%,$50.24,-72.36%,RH,NYSE:RH,-0.977,$175.00,
NYSE:RHI,15 Dec 2025,$46.27,3,$29.57,5,1.24,$43.22,-31.58%,,,,$41.44,-4.12%,$0.00,-100.00%,$0.00,-100.00%,RHI,NYSE:RHI,-0.538,$35.00,-15.51%
NYSE:RIO,18 Aug 2025,$75.60,5,$64.00,8,1.27,$95.68,-33.11%,,,,$97.50,1.90%,$0.00,-100.00%,$0.00,-100.00%,RIO,NYSE:RIO,-0.591,$105.85,-39.54%
NYSE:RITM,12 Aug 2025,$14.18,4,$14.06,8,1.83,$10.36,35.71%,,,,$10.27,-0.87%,$0.00,-100.00%,$0.00,-100.00%,RITM,NYSE:RITM,-0.382,$13.20,6.52%
NASDAQ:RIVN,15 Dec 2025,$17.90,3,$20.62,6,0.52,$15.36,16.56%,,,,$15.04,-2.08%,$0.00,-100.00%,$0.00,-100.00%,RIVN,NASDAQ:RIVN,-0.959,$19.23,7.23%
NYSE:RJF,18 Feb 2026,$166.94,3,$187.40,5,0.92,$180.81,-7.67%,,,,$176.71,-2.27%,$368.26,103.67%,$384.00,112.38%,RJF,NYSE:RJF,-0.730,$185.92,0.80%
NYSE:RKT,5 Mar 2025,$14.85,3,$13.29,3,0.51,$14.76,-9.96%,,,,$13.69,-7.25%,$0.00,-100.00%,$0.00,-100.00%,RKT,NYSE:RKT,-0.949,$17.66,-24.75%
NYSE:RLJ,23 Dec 2025,$12.06,3,$8.20,7,1.28,$10.99,-25.39%,,,,$10.80,-1.73%,$0.00,-100.00%,$0.00,-100.00%,RLJ,NYSE:RLJ,-0.575,$11.41,-28.13%
NYSE:RLX,25 Aug 2025,$2.18,3,,,0.56,$1.94,12.62%,,,,$1.90,-2.06%,$5.71,194.35%,$6.35,227.48%,RLX,NYSE:RLX,-0.973,$2.96,
NYSE:RM,19 Nov 2025,$39.22,3,,3,1.40,$33.50,17.07%,,,,$32.10,-4.18%,$0.00,-100.00%,$0.00,-100.00%,RM,NYSE:RM,-0.580,$43.83,
NASDAQ:RMBS,27 Jan 2026,$80.55,1,$113.50,10,0.59,$100.85,-20.13%,,,,$94.76,-6.04%,$0.00,-100.00%,$0.00,-100.00%,RMBS,NASDAQ:RMBS,-0.959,$147.50,-23.05%
NASDAQ:RMNI,11 Feb 2026,$3.40,3,$5.50,5,0.62,$4.99,-31.84%,,,,$4.52,-9.42%,$0.00,-100.00%,$0.00,-100.00%,RMNI,NASDAQ:RMNI,-0.949,$7.00,-21.43%
NASDAQ:RNAC,23 Dec 2025,$16.10,3,$34.67,9,0.61,$8.84,82.12%,,,,$8.33,-5.77%,$0.00,-100.00%,$0.00,-100.00%,RNAC,NASDAQ:RNAC,-0.953,$34.57,0.29%
NYSE:RNG,5 Feb 2026,$39.74,3,$31.25,4,0.56,$64.49,-51.54%,,,,$61.69,-4.34%,$166.63,158.39%,$205.78,219.10%,RNG,NYSE:RNG,-0.824,$46.43,-32.69%
NYSE:RNR,9 Sep 2025,$267.70,4,$269.36,7,0.77,$323.36,-17.21%,,,,$312.51,-3.36%,$0.00,-100.00%,$0.00,-100.00%,RNR,NYSE:RNR,-0.807,$346.40,-22.24%
NYSE:RNST,19 Nov 2025,$35.55,3,$42.67,4,1.35,$43.55,-18.37%,,,,$43.41,-0.32%,$0.00,-100.00%,$0.00,-100.00%,RNST,NYSE:RNST,-0.555,$48.00,-11.10%
NASDAQ:ROAD,31 Dec 2025,$101.87,2,,,0.49,$121.55,-16.19%,,,,$113.49,-6.63%,$0.00,-100.00%,$0.00,-100.00%,ROAD,NASDAQ:ROAD,-0.953,$142.57,
NYSE:ROG,10 Feb 2026,$105.63,3,$301.50,9,0.57,$142.91,-26.09%,,,,$132.31,-7.42%,$174.92,22.40%,$201.05,40.68%,ROG,NYSE:ROG,-0.929,$173.33,73.95%
NYSE:ROK,11 Nov 2025,$273.44,1,,,0.88,$449.37,-39.15%,,,,$438.70,-2.37%,$0.00,-100.00%,$0.00,-100.00%,ROK,NYSE:ROK,-0.757,$477.67,
NASDAQ:ROP,2 May 2025,$525.02,3,$640.91,8,0.38,$399.34,31.47%,,,,$365.07,-8.58%,$551.74,38.16%,$702.83,76.00%,ROP,NASDAQ:ROP,-0.985,$440.25,45.58%
NASDAQ:ROST,20 Jul 2026,$178.47,1,,,0.94,$245.36,-27.26%,-27.26%,$178.47,$254.61,$239.09,-2.56%,$352.93,43.84%,$379.55,54.69%,ROST,NASDAQ:ROST,-0.726,$254.61,
NASDAQ:RPAY,2 Sep 2025,$8.53,3,$7.31,3,1.03,$3.66,99.73%,,,,$3.61,-1.37%,$0.00,-100.00%,$0.00,-100.00%,RPAY,NASDAQ:RPAY,-0.765,$6.85,6.72%
NASDAQ:RPD,20 Jan 2026,$22.06,3,$18.18,7,0.29,$13.00,39.85%,,,,$11.63,-10.54%,$0.00,-100.00%,$0.00,-100.00%,RPD,NASDAQ:RPD,-0.964,$10.61,71.35%
NASDAQ:RR,19 Nov 2025,$2.75,3,$4.50,6,0.48,$1.80,52.55%,,,,$1.61,-10.56%,$0.00,-100.00%,$0.00,-100.00%,RR,NASDAQ:RR,-0.945,$2.00,125.00%
NASDAQ:RRBI,1 Jun 2026,$84.03,3,$94.00,6,0.82,$102.70,-18.18%,,,,$101.31,-1.35%,$0.00,-100.00%,$0.00,-100.00%,RRBI,NASDAQ:RRBI,-0.781,$108.00,-12.96%
NYSE:RRX,27 Jan 2026,$182.63,5,$180.29,6,0.72,$175.49,2.74%,,,,$164.61,-6.20%,$0.00,-100.00%,$0.00,-100.00%,RRX,NYSE:RRX,-0.900,$249.00,-27.59%
NYSE:RS,24 Aug 2025,$278.17,3,$327.75,9,0.72,$426.54,-34.79%,,,,$415.03,-2.70%,$0.00,-100.00%,$0.00,-100.00%,RS,NYSE:RS,-0.803,$409.50,-19.96%
NYSE:RTX,18 Aug 2025,$145.60,2,$168.14,8,0.93,$222.97,-34.70%,,,,$216.66,-2.83%,$312.49,40.15%,$365.07,63.73%,RTX,NYSE:RTX,-0.729,$232.27,-27.61%
NASDAQ:RUN,19 Jan 2026,$14.49,2,$23.86,8,0.52,$10.19,42.18%,,,,$9.01,-11.58%,$0.00,-100.00%,$0.00,-100.00%,RUN,NASDAQ:RUN,-0.991,$16.71,42.79%
NASDAQ:RXST,11 Dec 2025,$19.74,3,$9.80,1,0.50,$6.89,42.24%,,,,$6.63,-3.77%,$0.00,-100.00%,$0.00,-100.00%,RXST,NASDAQ:RXST,-0.943,$7.91,23.89%
NASDAQ:RXT,9 Feb 2026,$0.88,3,$1.35,4,0.49,$4.21,-79.18%,,,,$4.01,-4.75%,-$3.04,-172.17%,-$4.05,-196.16%,RXT,NASDAQ:RXT,-0.946,$4.77,-71.70%
NYSE:RYI,24 Aug 2025,$26.20,3,$24.00,4,,,#DIV/0!,,,,,#DIV/0!,-$2.00,#DIV/0!,-$2.00,#DIV/0!,RYI,NYSE:RYI,-2.000,,
NASDAQ:SABR,11 Feb 2026,$2.46,3,$2.95,2,0.40,$2.23,10.11%,,,,$1.98,-11.21%,$0.00,-100.00%,$0.00,-100.00%,SABR,NASDAQ:SABR,-0.930,$1.99,48.24%
NYSE:SAM,20 Mar 2026,$295.72,5,$238.40,3,0.40,$185.77,28.33%,,,,$174.32,-6.16%,$843.55,354.08%,$977.54,426.21%,SAM,NYSE:SAM,-0.974,$199.85,19.29%
NYSE:SAN,11 Sep 2025,$7.72,2,,,1.33,$14.76,-47.68%,,,,$14.71,-0.34%,-$61.11,-514.00%,-$57.26,-487.92%,SAN,NYSE:SAN,-0.525,$13.56,
NASDAQ:SANM,27 Jan 2026,$128.36,1,$180.00,9,0.55,$210.84,-39.12%,,,,$197.82,-6.18%,$223.85,6.17%,$256.10,21.47%,SANM,NASDAQ:SANM,-0.940,$260.00,-30.77%
NYSE:SAP,19 Jan 2026,$252.69,3,$275.84,9,0.58,$207.97,21.50%,,,,$195.09,-6.19%,$374.07,79.87%,$395.34,90.10%,SAP,NYSE:SAP,-0.912,$242.92,13.55%
NASDAQ:SBCF,19 Nov 2025,$31.14,3,$34.17,5,0.83,$36.13,-13.81%,,,,$35.15,-2.71%,$0.00,-100.00%,$0.00,-100.00%,SBCF,NASDAQ:SBCF,-0.767,$36.25,-5.74%
NASDAQ:SBGI,23 Dec 2025,$15.71,3,$19.20,5,1.10,$14.84,5.85%,,,,$13.75,-7.35%,$0.00,-100.00%,$0.00,-100.00%,SBGI,NASDAQ:SBGI,-0.683,$17.43,10.15%
NASDAQ:SBLK,16 Feb 2026,$23.85,3,,6,1.70,$29.05,-17.88%,,,,$27.96,-3.75%,$0.00,-100.00%,$0.00,-100.00%,SBLK,NASDAQ:SBLK,-0.403,$32.38,
NYSE:SBS,23 Jun 2026,$5.49,3,,1,1.11,$4.60,19.43%,,,,$4.53,-1.52%,$0.00,-100.00%,$0.00,-100.00%,SBS,NYSE:SBS,-0.731,$6.84,
NASDAQ:SBSI,14 Oct 2025,$30.23,3,$34.50,3,,$33.08,-8.62%,,,,,-100.00%,-$2.00,-106.05%,-$2.00,-106.05%,SBSI,NYSE:SBSI,-2.000,,
NYSE:SBSI,1 Jun 2026,$34.46,3,$35.50,6,1.57,$33.08,4.16%,,,,$32.87,-0.63%,-$187.66,-667.29%,-$188.64,-670.24%,SBSI,NYSE:SBSI,-0.450,$35.00,1.43%
NYSE:SCHW,24 Jun 2026,$96.20,3,$116.58,7,0.71,$111.09,-13.40%,,,,$106.49,-4.14%,$0.00,-100.00%,$0.00,-100.00%,SCHW,NYSE:SCHW,-0.845,$125.00,-6.74%
NASDAQ:SCNX,6 Jun 2025,$1.16,3,,,0.62,$0.46,151.74%,,,,$0.39,-15.22%,$0.00,-100.00%,$0.00,-100.00%,SCNX,NASDAQ:SCNX,-0.947,$1.50,
NYSE:SCS,28 Oct 2024,$12.86,3,,,,,#DIV/0!,,,,,#DIV/0!,-$2.00,#DIV/0!,-$2.00,#DIV/0!,SCS,NYSE:SCS,-2.000,,
NASDAQ:SCSC,19 Nov 2025,$53.05,5,$43.00,3,0.73,$53.19,-19.16%,,,,$50.89,-4.32%,$135.63,154.99%,$147.19,176.73%,SCSC,NASDAQ:SCSC,-0.817,$54.67,-21.35%
NYSE:SD,22 Jan 2026,$15.77,3,,5,1.02,$14.03,12.42%,,,,$13.74,-2.07%,$0.00,-100.00%,$0.00,-100.00%,SD,NYSE:SD,-0.697,$15.00,
NYSE:SE,19 Aug 2025,$134.13,1,,,0.43,$121.94,10.00%,,,,$115.56,-5.23%,$0.00,-100.00%,$0.00,-100.00%,SE,NYSE:SE,-0.977,$141.97,
NASDAQ:SEIC,27 Aug 2025,$87.30,2,,,1.11,$106.38,-17.93%,,,,$103.85,-2.38%,$170.17,59.96%,$159.83,50.24%,SEIC,NASDAQ:SEIC,-0.658,$115.86,
NYSE:SEM,27 Apr 2026,$23.31,5,$16.50,8,0.31,$16.51,-0.06%,,,,$7.62,-53.85%,$14.60,-11.55%,$28.94,75.28%,SEM,NYSE:SEM,-0.995,$16.62,-0.72%
NYSE:SEMR,5 Feb 2026,$14.95,4,,,,,#DIV/0!,,,,,#DIV/0!,-$2.00,#DIV/0!,-$2.00,#DIV/0!,SEMR,NYSE:SEMR,-2.000,,
NYSEAMERICAN:SENS,28 Oct 2025,$7.44,1,$2.69,1,,$7.81,-65.56%,,,,,-100.00%,-$2.00,-125.61%,-$2.00,-125.61%,SENS,NASDAQ:SENS,-2.000,,
NASDAQ:SENS,23 Dec 2025,$8.28,4,$18.92,6,0.61,$7.81,6.07%,,,,$7.29,-6.66%,$0.00,-100.00%,$0.00,-100.00%,SENS,NASDAQ:SENS,-0.952,$13.40,41.19%
NASDAQ:SERV,11 Nov 2025,$12.60,3,$20.50,2,0.65,$4.99,152.58%,,,,$4.59,-8.02%,$0.00,-100.00%,$0.00,-100.00%,SERV,NASDAQ:SERV,-0.932,$13.88,47.69%
NYSE:SF,29 Jun 2026,$83.09,3,$84.00,6,1.00,$85.62,-2.95%,,,,$83.33,-2.67%,$0.00,-100.00%,$0.00,-100.00%,SF,NYSE:SF,-0.697,$89.00,-5.62%
NYSE:SFBS,16 Mar 2026,$84.39,4,$91.00,8,0.93,$91.33,-7.60%,,,,$89.24,-2.29%,$0.00,-100.00%,$0.00,-100.00%,SFBS,NYSE:SFBS,-0.737,$98.00,-7.14%
NASDAQ:SFM,19 Mar 2026,$146.44,3,$91.64,9,0.50,$82.50,11.08%,,,,$79.14,-4.07%,$91.41,10.80%,$150.87,82.87%,SFM,NASDAQ:SFM,-0.942,$94.64,-3.17%
NASDAQ:SFNC,2 Oct 2025,$20.10,3,$22.60,8,1.74,$24.08,-16.54%,,,,$23.97,-0.46%,$0.00,-100.00%,$0.00,-100.00%,SFNC,NASDAQ:SFNC,-0.368,$25.00,-9.60%
NASDAQ:SFST,13 Apr 2026,$53.20,3,$64.00,7,0.70,$64.18,-17.11%,,,,$62.84,-2.09%,$0.00,-100.00%,$0.00,-100.00%,SFST,NASDAQ:SFST,-0.836,$68.50,-6.57%
NYSE:SG,22 Sep 2025,$11.88,3,$14.64,2,0.49,$6.28,89.19%,,,,$5.65,-10.03%,$0.00,-100.00%,$0.00,-100.00%,SG,NYSE:SG,-0.931,$6.73,117.53%
NYSE:SGHC,28 Oct 2025,$9.69,2,,,0.84,$13.30,-27.18%,,,,$12.59,-5.34%,$0.00,-100.00%,$0.00,-100.00%,SGHC,NYSE:SGHC,-0.849,$19.50,
NASDAQ:SGHT,11 Dec 2025,$10.39,3,$6.67,5,0.42,$8.14,-18.06%,,,,$7.88,-3.19%,$0.00,-100.00%,$0.00,-100.00%,SGHT,NASDAQ:SGHT,-0.958,$8.60,-22.44%
NASDAQ:SGML,12 Aug 2025,$7.24,3,,,0.62,$11.99,-39.61%,,,,$10.80,-9.92%,$13.24,10.45%,$14.09,17.48%,SGML,NASDAQ:SGML,-0.946,$20.62,
NASDAQ:SGRY,24 Aug 2025,$30.88,4,$30.70,8,0.55,$15.03,104.26%,,,,$14.40,-4.19%,$0.00,-100.00%,$0.00,-100.00%,SGRY,NASDAQ:SGRY,-0.942,$18.73,63.91%
NYSE:SHAK,19 Sep 2025,$85.64,2,$132.93,5,0.43,$74.84,14.43%,,,,$68.97,-7.84%,$0.00,-100.00%,$0.00,-100.00%,SHAK,NYSE:SHAK,-0.965,$82.17,61.77%
NASDAQ:SHBI,19 Mar 2026,$18.10,3,$20.50,6,1.22,$23.97,-24.50%,,,,$23.75,-0.92%,$0.00,-100.00%,$0.00,-100.00%,SHBI,NASDAQ:SHBI,-0.608,$25.75,-20.39%
NYSE:SHG,19 Nov 2025,$55.13,3,,5,0.58,$75.36,-26.84%,,,,$71.40,-5.25%,$0.00,-100.00%,$0.00,-100.00%,SHG,NYSE:SHG,-0.948,$100.00,
NASDAQ:SHIP,16 Feb 2026,$10.93,3,$16.00,10,1.11,$16.77,-34.84%,,,,$15.94,-4.95%,$0.00,-100.00%,$0.00,-100.00%,SHIP,NASDAQ:SHIP,-0.726,$23.25,-31.18%
NASDAQ:SHLS,9 Feb 2026,$7.09,2,$10.69,7,0.55,$8.45,-16.15%,,,,$7.72,-8.64%,$0.00,-100.00%,$0.00,-100.00%,SHLS,NASDAQ:SHLS,-0.963,$11.32,-5.57%
NASDAQ:SHOP,22 Jan 2026,$148.25,3,$180.62,6,0.44,$154.32,-3.93%,,,,$144.80,-6.17%,$0.00,-100.00%,$0.00,-100.00%,SHOP,NASDAQ:SHOP,-0.956,$167.89,7.58%
NASDAQ:SHPH,28 Oct 2025,$5.16,3,,,0.15,$4.07,26.68%,,,,$4.04,-0.74%,$0.00,-100.00%,$0.00,-100.00%,SHPH,NASDAQ:SHPH,-0.938,,
NYSE:SHW,15 May 2024,$256.70,1,,,0.75,$359.10,-28.52%,,,,$351.30,-2.17%,$562.59,56.67%,$609.81,69.82%,SHW,NYSE:SHW,-0.820,$390.10,
NASDAQ:SIBN,11 Dec 2025,$22.76,3,$23.20,6,0.53,$18.93,20.23%,,,,$17.93,-5.28%,$0.00,-100.00%,$0.00,-100.00%,SIBN,NASDAQ:SIBN,-0.969,$25.00,-7.20%
NYSE:SIG,27 Mar 2026,$92.19,3,$113.60,10,0.73,$90.57,1.79%,,,,$89.86,-0.78%,$288.78,218.85%,$283.64,213.17%,SIG,NYSE:SIG,-0.856,$110.40,2.90%
NASDAQ:SILC,9 Feb 2026,$16.71,3,,4,0.46,$49.50,-66.25%,,,,$42.22,-14.71%,$47.23,-4.58%,$47.45,-4.15%,SILC,NASDAQ:SILC,-0.976,$60.00,
NASDAQ:SIMO,27 Jan 2026,$94.86,1,$119.17,10,0.88,$268.90,-64.72%,,,,$234.75,-12.70%,$283.80,5.54%,$282.90,5.21%,SIMO,NASDAQ:SIMO,-0.808,$349.27,-65.88%
NASDAQ:SIRI,5 May 2025,$31.75,3,$22.14,6,1.57,$28.46,-22.21%,,,,$27.92,-1.90%,$42.84,50.53%,$47.13,65.59%,SIRI,NASDAQ:SIRI,-0.464,$32.00,-30.81%
NYSE:SITC,5 Aug 2026,$5.33,5,$3.50,3,4.05,$2.96,18.24%,18.24%,$3.50,$5.33,$3.14,6.08%,$0.00,-100.00%,$0.00,-100.00%,SITC,NYSE:SITC,0.627,$3.50,0.00%
NASDAQ:SITM,5 Feb 2026,$354.78,3,,,0.52,$711.91,-50.17%,,,,$643.93,-9.55%,$0.00,-100.00%,$0.00,-100.00%,SITM,NASDAQ:SITM,-0.952,$864.38,
NYSE:SJM,18 Aug 2025,$126.48,5,$113.93,4,1.26,$121.39,-6.15%,,,,$118.96,-2.00%,$292.24,140.74%,$451.75,272.15%,SJM,NYSE:SJM,-0.578,$124.88,-8.77%
NYSE:SKE,24 Oct 2025,$9.86,2,,,0.22,$33.06,-70.18%,,,,$31.11,-5.90%,$0.00,-100.00%,$0.00,-100.00%,SKE,NYSE:SKE,-0.912,,
NASDAQ:SKWD,26 Aug 2025,$42.11,3,,,0.70,$59.80,-29.58%,,,,$57.46,-3.91%,$0.00,-100.00%,$0.00,-100.00%,SKWD,NASDAQ:SKWD,-0.860,$69.82,
NYSE:SKY,31 Mar 2026,$97.81,5,$102.33,4,0.48,$94.53,3.47%,,,,$90.60,-4.16%,$0.00,-100.00%,$0.00,-100.00%,SKY,NYSE:SKY,-0.942,$103.50,-1.13%
NASDAQ:SKYT,26 May 2026,$23.87,3,$35.00,8,,$32.46,-26.45%,,,,,-100.00%,-$2.00,-106.16%,-$2.00,-106.16%,SKYT,NASDAQ:SKYT,-2.000,,
NASDAQ:SLAB,27 Jan 2026,$111.32,1,,,0.45,$218.41,-49.03%,,,,$209.80,-3.94%,$0.00,-100.00%,$0.00,-100.00%,SLAB,NASDAQ:SLAB,-0.938,$222.86,
NYSE:SLB,2 Jul 2026,$49.71,4,$63.13,9,0.93,$53.77,-7.55%,,,,$50.86,-5.41%,$0.00,-100.00%,$0.00,-100.00%,SLB,NYSE:SLB,-0.752,$61.97,1.87%
NYSE:SLGN,29 Aug 2025,$46.96,3,$59.57,7,1.04,$42.48,10.54%,,,,$41.02,-3.44%,$0.00,-100.00%,$0.00,-100.00%,SLGN,NYSE:SLGN,-0.735,$54.77,8.76%
NASDAQ:SLM,23 Jul 2026,$29.41,3,$29.00,7,1.61,$28.03,3.46%,3.46%,$28.55,$29.41,$27.47,-2.00%,$38.94,38.92%,-$3.48,-112.42%,SLM,NASDAQ:SLM,-0.422,$28.55,1.58%
NYSE:SM,20 Sep 2025,$40.61,3,$36.25,6,1.44,$33.75,7.41%,,,,$32.04,-5.07%,$0.00,-100.00%,$0.00,-100.00%,SM,NYSE:SM,-0.527,$39.13,-7.36%
NASDAQ:SMBK,7 Oct 2025,$38.18,3,$37.00,5,,$52.78,-29.90%,,,,,-100.00%,-$2.00,-103.79%,-$2.00,-103.79%,SMBK,NYSE:SMBK,-2.000,,
NYSE:SMFG,19 Aug 2025,$16.00,3,,,0.74,$26.32,-39.19%,,,,$25.67,-2.47%,$0.00,-100.00%,$0.00,-100.00%,SMFG,NYSE:SMFG,-0.827,$28.86,
NASDAQ:SMLR,11 Dec 2025,$21.60,3,$68.50,4,,,#DIV/0!,,,,,#DIV/0!,-$2.00,#DIV/0!,-$2.00,#DIV/0!,SMLR,NASDAQ:SMLR,-2.000,,
NYSE:SMR,14 Jan 2026,$19.90,3,$32.77,7,0.55,$9.39,111.94%,,,,$8.96,-4.58%,$0.00,-100.00%,$0.00,-100.00%,SMR,NYSE:SMR,-0.970,$12.90,154.03%
NYSE:SNDA,15 Nov 2024,$24.98,3,,,0.48,$39.15,-36.19%,,,,$37.43,-4.39%,$0.00,-100.00%,$0.00,-100.00%,SNDA,NYSE:SNDA,-0.949,$44.00,
NYSE:SNN,11 Dec 2025,$33.47,3,$35.75,3,0.83,$29.81,12.28%,,,,$29.36,-1.51%,$0.00,-100.00%,$0.00,-100.00%,SNN,NYSE:SNN,-0.793,$33.82,5.71%
NASDAQ:SNSE,28 Oct 2025,$14.48,3,$30.00,,,,#DIV/0!,,,,,#DIV/0!,-$2.00,#DIV/0!,-$2.00,#DIV/0!,SNSE,NASDAQ:SNSE,-2.000,,
NYSE:SNV,18 Nov 2025,$47.73,3,$56.00,4,,,#DIV/0!,,,,,#DIV/0!,-$2.00,#DIV/0!,-$2.00,#DIV/0!,SNV,NYSE:SNV,-2.000,,
NYSE:SO,24 Oct 2025,$88.60,2,,,1.20,$92.80,-4.53%,,,,$91.82,-1.06%,$13.03,-85.96%,$62.72,-32.42%,SO,NYSE:SO,-0.619,$100.67,
NASDAQ:SOFI,7 Jul 2025,$14.49,2,,,0.46,$18.29,-20.78%,,,,$16.94,-7.38%,$0.00,-100.00%,$0.00,-100.00%,SOFI,NASDAQ:SOFI,-0.950,$19.87,
NYSE:SON,19 Nov 2025,$53.35,3,$52.43,10,0.82,$58.27,-10.02%,,,,$56.55,-2.95%,$0.00,-100.00%,$0.00,-100.00%,SON,NYSE:SON,-0.790,$63.78,-17.80%
NASDAQ:SONO,22 Jan 2026,$16.57,3,$19.67,8,0.73,$16.31,1.61%,,,,$15.31,-6.13%,$42.73,161.98%,$43.49,166.64%,SONO,NASDAQ:SONO,-0.843,$18.88,4.18%
NYSE:SONY,18 Feb 2026,$26.99,4,$32.00,8,0.93,$24.29,11.12%,,,,$22.82,-6.05%,$24.76,1.93%,$38.80,59.72%,SONY,NYSE:SONY,-0.771,$30.00,6.67%
NASDAQ:SOUN,28 Jul 2025,$8.77,2,,,0.63,$7.43,18.03%,,,,$6.97,-6.19%,$0.00,-100.00%,$0.00,-100.00%,SOUN,NASDAQ:SOUN,-0.943,$12.71,
NASDAQ:SPFI,19 Nov 2025,$37.17,3,$43.00,2,0.99,$45.56,-18.42%,,,,$44.89,-1.47%,$0.00,-100.00%,$0.00,-100.00%,SPFI,NASDAQ:SPFI,-0.717,$50.75,-15.27%
NYSE:SPGI,25 Jun 2026,$468.23,5,,,0.45,$418.80,11.80%,,,,$387.80,-7.40%,$656.01,56.64%,$724.10,72.90%,SPGI,NYSE:SPGI,-0.983,$516.95,
NYSE:SPOT,19 May 2025,$495.00,2,$659.00,7,0.49,$512.82,-3.47%,,,,$463.20,-9.68%,$0.00,-100.00%,$0.00,-100.00%,SPOT,NYSE:SPOT,-0.956,$607.55,8.47%
NASDAQ:SPSC,10 Feb 2026,$142.13,3,$102.87,2,0.30,$79.40,29.56%,,,,$71.32,-10.18%,$178.15,124.38%,$205.53,158.85%,SPSC,NASDAQ:SPSC,-0.980,$73.18,40.57%
NASDAQ:SPWR,9 Feb 2026,$1.50,3,,,0.51,$0.22,581.82%,,,,$0.91,313.64%,$0.00,-100.00%,$0.00,-100.00%,SPWR,NASDAQ:SPWR,-0.995,$4.70,
NYSE:SPXC,16 May 2025,$153.79,3,$180.00,7,0.54,$217.32,-29.23%,,,,$202.53,-6.81%,$290.54,33.69%,$314.88,44.89%,SPXC,NYSE:SPXC,-0.948,$272.00,-33.82%
NYSE:SQNS,4 Feb 2026,$12.48,3,$14.50,5,,$3.02,313.25%,,,,,-100.00%,-$2.00,-166.23%,-$2.00,-166.23%,SQNS,NYSE:SQNS,-2.000,,
NASDAQ:SRCE,19 Nov 2025,$63.63,3,,,1.30,$88.60,-28.18%,,,,$88.01,-0.67%,-$101.97,-215.09%,-$95.57,-207.87%,SRCE,NASDAQ:SRCE,-0.559,$89.67,
NASDAQ:SSB,9 Oct 2025,$96.36,3,,,,$111.59,-13.65%,,,,,-100.00%,-$2.00,-101.79%,-$2.00,-101.79%,SSB,NYSE:SSB,-2.000,,
NYSE:SSB,19 Nov 2025,$91.92,3,,,1.03,$111.59,-17.63%,,,,$109.54,-1.84%,$0.00,-100.00%,$0.00,-100.00%,SSB,NYSE:SSB,-0.690,$119.86,
NASDAQ:SSNC,22 Jan 2026,$86.73,3,$103.29,6,0.95,$81.50,6.42%,,,,$77.12,-5.37%,$131.92,61.87%,$182.19,123.54%,SSNC,NASDAQ:SSNC,-0.741,$92.33,11.87%
NASDAQ:SSRM,19 Aug 2025,$11.31,2,,,0.67,$32.19,-64.86%,,,,$30.43,-5.47%,$0.00,-100.00%,$0.00,-100.00%,SSRM,NASDAQ:SSRM,-0.901,$41.40,
NYSE:ST,16 Feb 2026,$42.55,5,$38.40,4,1.20,$46.23,-16.94%,,,,$44.80,-3.09%,$67.59,46.21%,$82.17,77.75%,ST,NYSE:ST,-0.631,$52.91,-27.42%
NYSE:STAG,19 Aug 2025,$40.11,5,$38.25,9,1.31,$36.75,4.08%,,,,$36.71,-0.11%,$51.19,39.30%,$78.77,114.34%,STAG,NYSE:STAG,-0.583,$42.08,-9.10%
NASDAQ:STBA,27 May 2026,$47.60,3,$44.00,7,1.09,$51.14,-13.96%,,,,$50.93,-0.41%,$0.00,-100.00%,$0.00,-100.00%,STBA,NASDAQ:STBA,-0.658,$53.33,-17.49%
NYSE:STC,27 Jul 2026,$72.68,3,$79.00,7,1.36,$68.20,6.57%,6.57%,$72.68,$82.25,$65.71,-3.65%,$0.00,-100.00%,$0.00,-100.00%,STC,NYSE:STC,-0.574,$82.25,-3.95%
NYSE:STE,4 Dec 2025,$261.00,3,$290.00,2,0.54,$233.28,11.88%,,,,$226.32,-2.98%,$0.00,-100.00%,$0.00,-100.00%,STE,NYSE:STE,-0.922,$263.12,10.22%
NYSE:STEL,19 Nov 2025,$31.12,3,$32.50,5,,,#DIV/0!,,,,,#DIV/0!,-$2.00,#DIV/0!,-$2.00,#DIV/0!,STEL,NYSE:STEL,-2.000,,
NASDAQ:STIM,4 Dec 2025,$1.24,3,,4,0.56,$3.30,-62.52%,,,,$2.86,-13.33%,$0.00,-100.00%,$0.00,-100.00%,STIM,NASDAQ:STIM,-0.966,$4.50,
NASDAQ:STKL,24 Aug 2025,$6.28,3,$10.00,3,,,#DIV/0!,,,,,#DIV/0!,-$2.00,#DIV/0!,-$2.00,#DIV/0!,STKL,NASDAQ:STKL,-2.000,,
NYSE:STLA,15 Dec 2025,$15.78,3,$11.43,6,1.05,$5.36,113.25%,,,,$5.23,-2.43%,$0.00,-100.00%,$0.00,-100.00%,STLA,NYSE:STLA,-0.740,$7.08,61.44%
NASDAQ:STLD,20 Aug 2024,$128.16,3,,,0.77,$255.77,-49.89%,,,,$254.73,-0.41%,$281.73,10.15%,$325.90,27.42%,STLD,NASDAQ:STLD,-0.805,$272.64,
NYSE:STM,5 Feb 2026,$31.81,3,,,1.05,$54.29,-41.40%,,,,$53.15,-2.10%,$55.47,2.17%,$52.08,-4.07%,STM,NYSE:STM,-0.739,$71.52,
NYSE:STN,23 Aug 2024,$76.85,2,,,0.54,$73.70,4.28%,,,,$67.91,-7.86%,$0.00,-100.00%,$0.00,-100.00%,STN,NYSE:STN,-0.954,$94.28,
NASDAQ:STNE,1 Dec 2025,$15.75,3,$21.00,6,1.79,$9.55,64.91%,,,,$9.95,4.19%,$0.00,-100.00%,$0.00,-100.00%,STNE,NASDAQ:STNE,-0.425,$15.64,34.27%
NASDAQ:STRL,12 Jun 2025,$186.70,3,,,0.73,$576.48,-67.61%,,,,$525.93,-8.77%,$0.00,-100.00%,$0.00,-100.00%,STRL,NASDAQ:STRL,-0.897,$905.33,
NYSE:STT,22 Feb 2026,$119.80,2,$144.32,7,1.12,$191.74,-37.52%,,,,$187.57,-2.17%,$0.00,-100.00%,$0.00,-100.00%,STT,NYSE:STT,-0.646,$199.50,-27.66%
NYSE:STVN,16 Feb 2026,$17.21,3,$23.83,3,0.60,$21.06,-18.28%,,,,$19.96,-5.22%,$0.00,-100.00%,$0.00,-100.00%,STVN,NYSE:STVN,-0.908,$25.10,-5.06%
NYSE:SU,30 Jun 2026,$58.27,3,$71.58,9,1.32,$65.82,-11.47%,,,,$63.07,-4.18%,$0.00,-100.00%,$0.00,-100.00%,SU,NYSE:SU,-0.563,$70.49,1.55%
NASDAQ:SUPN,23 Dec 2025,$50.64,3,$61.33,10,0.71,$48.27,4.90%,,,,$45.64,-5.45%,$94.45,95.68%,$117.23,142.87%,SUPN,NASDAQ:SUPN,-0.880,$61.75,-0.68%
NYSE:SUPV,19 Nov 2025,$12.63,4,$12.00,5,1.05,$8.05,49.07%,,,,$7.96,-1.12%,$0.00,-100.00%,$0.00,-100.00%,SUPV,NYSE:SUPV,-0.754,$12.90,-6.98%
NYSEAMERICAN:SVM,20 Aug 2025,$6.52,0,,1,,$12.02,-45.76%,,,,,-100.00%,-$2.00,-116.64%,-$2.00,-116.64%,SVM,NYSEAMERICAN:SVM,-2.000,,
NYSE:SW,22 Aug 2025,$50.29,5,$54.66,8,1.21,$49.25,2.12%,,,,$48.93,-0.65%,$18.76,-61.90%,$64.97,31.92%,SW,NYSE:SW,-0.629,$56.37,-3.03%
NASDAQ:SWKS,27 Apr 2026,$82.45,5,$63.83,1,0.93,$69.62,-8.32%,,,,$66.42,-4.60%,$146.26,110.09%,$170.19,144.46%,SWKS,NASDAQ:SWKS,-0.716,$68.25,-6.48%
NYSE:SXI,11 Nov 2025,$213.24,3,$264.25,5,0.51,$331.18,-35.61%,,,,$314.63,-5.00%,$334.79,1.09%,$377.71,14.05%,SXI,NYSE:SXI,-0.910,$338.40,-21.91%
NASDAQ:SYBT,13 Apr 2026,$73.37,3,$77.00,4,1.02,$85.06,-13.74%,,,,$83.68,-1.62%,$0.00,-100.00%,$0.00,-100.00%,SYBT,NASDAQ:SYBT,-0.694,$90.20,-14.63%
NYSE:SYF,19 Feb 2026,$71.94,3,$91.60,6,1.13,$81.00,-11.18%,,,,$78.45,-3.15%,$0.00,-100.00%,$0.00,-100.00%,SYF,NYSE:SYF,-0.655,$89.09,2.82%
NYSE:SYK,11 Dec 2025,$359.86,3,$434.53,3,0.57,$339.21,6.09%,,,,$329.21,-2.95%,$0.00,-100.00%,$0.00,-100.00%,SYK,NYSE:SYK,-0.908,$382.04,13.74%
NASDAQ:SYM,19 Nov 2025,$41.10,2,$52.14,6,0.51,$42.70,-3.76%,,,,$37.92,-11.19%,$0.00,-100.00%,$0.00,-100.00%,SYM,NASDAQ:SYM,-0.994,$64.32,-18.94%
NASDAQ:SYNA,27 Jan 2026,$98.81,4,$93.33,9,0.46,$108.63,-14.08%,,,,$101.54,-6.53%,$0.00,-100.00%,$0.00,-100.00%,SYNA,NASDAQ:SYNA,-0.972,$130.33,-28.39%
NYSE:SYY,23 Aug 2024,$74.21,3,,,0.89,$82.99,-10.58%,,,,$82.15,-1.01%,$0.00,-100.00%,$0.00,-100.00%,SYY,NYSE:SYY,-0.756,$89.31,
NYSE:TAK,19 Oct 2025,$15.76,5,$18.00,6,1.07,$17.63,-10.61%,,,,$17.16,-2.67%,$6.04,-65.75%,$9.70,-44.97%,TAK,NYSE:TAK,-0.704,$21.40,-15.89%
NYSE:TAL,20 Aug 2025,$11.69,3,$12.31,4,0.66,$11.65,0.33%,,,,$11.05,-5.15%,$0.00,-100.00%,$0.00,-100.00%,TAL,NYSE:TAL,-0.921,$16.01,-23.11%
NASDAQ:TASK,30 Jan 2026,$15.02,3,$15.90,2,2.52,$7.27,106.59%,,,,$7.05,-3.03%,$0.00,-100.00%,$0.00,-100.00%,TASK,NASDAQ:TASK,-0.053,$8.50,87.06%
NASDAQ:TATT,24 Oct 2025,$40.25,3,,,0.65,$41.69,-3.45%,,,,$37.82,-9.28%,$0.00,-100.00%,$0.00,-100.00%,TATT,NASDAQ:TATT,-0.934,$60.71,
NYSE:TBB,6 Nov 2025,$23.22,1,,1,,$22.69,2.34%,,,,,-100.00%,-$2.00,-108.81%,-$2.00,-108.81%,TBB,NYSE:TBB,-2.000,,
NYSE:TBBB,13 Jun 2025,$23.99,3,,,0.40,$47.79,-49.80%,,,,$43.24,-9.52%,$0.00,-100.00%,$0.00,-100.00%,TBBB,NYSE:TBBB,-0.951,$46.73,
NASDAQ:TBBK,1 Jun 2026,$64.98,3,$66.00,4,0.68,$69.68,-6.74%,,,,$67.26,-3.47%,$0.00,-100.00%,$0.00,-100.00%,TBBK,NASDAQ:TBBK,-0.876,$84.33,-21.74%
NASDAQ:TBCH,27 Jan 2026,$17.12,3,$19.75,6,0.69,$12.75,34.27%,,,,$12.43,-2.51%,$0.00,-100.00%,$0.00,-100.00%,TBCH,NASDAQ:TBCH,-0.889,$16.40,20.43%
NYSE:TBN,11 Dec 2025,$26.01,3,$37.75,8,0.59,$36.81,-29.34%,,,,$33.97,-7.72%,$26.00,-29.35%,$26.02,-29.30%,TBN,NYSE:TBN,-0.960,$55.17,-31.58%
NASDAQ:TBRG,31 Dec 2025,$24.09,3,$21.00,5,,,#DIV/0!,,,,,#DIV/0!,-$2.00,#DIV/0!,-$2.00,#DIV/0!,TBRG,NASDAQ:TBRG,-2.000,,
NASDAQ:TCBI,27 May 2026,$96.83,3,$105.20,4,0.83,$101.02,-4.15%,,,,$98.97,-2.03%,-$410.62,-506.47%,-$396.61,-492.61%,TCBI,NASDAQ:TCBI,-0.781,$109.31,-3.76%
NASDAQ:TCBK,27 May 2026,$51.81,3,$63.00,3,1.59,$57.57,-10.01%,,,,$56.83,-1.29%,$0.00,-100.00%,$0.00,-100.00%,TCBK,NASDAQ:TCBK,-0.448,$62.81,0.30%
NYSE:TCBX,1 Jun 2026,$39.78,3,$45.00,5,0.63,$46.13,-13.76%,,,,$44.36,-3.84%,$0.00,-100.00%,$0.00,-100.00%,TCBX,NYSE:TCBX,-0.852,$45.50,-1.10%
NASDAQ:TCMD,4 Dec 2025,$31.83,5,$26.67,8,0.70,$24.20,10.21%,,,,$22.85,-5.58%,$0.00,-100.00%,$0.00,-100.00%,TCMD,NASDAQ:TCMD,-0.913,$38.25,-30.27%
NYSE:TD,19 Aug 2025,$67.13,3,$73.85,7,1.25,$124.36,-46.02%,,,,$122.43,-1.55%,-$581.63,-567.69%,-$570.03,-558.37%,TD,NYSE:TD,-0.559,$113.83,-35.12%
NYSE:TDC,11 Feb 2026,$35.11,5,$32.80,10,0.58,$27.68,18.50%,,,,$25.78,-6.86%,$0.00,-100.00%,$0.00,-100.00%,TDC,NYSE:TDC,-0.924,$34.00,-3.53%
NYSE:TDG,20 Sep 2024,"$1,185.75",2,"$1,509.83",4,0.95,"$1,256.90",-5.66%,,,,"$1,198.77",-4.62%,$0.00,-100.00%,$0.00,-100.00%,TDG,NYSE:TDG,-0.757,"$1,522.79",-0.85%
NYSE:TDOC,22 Aug 2025,$12.69,3,$9.06,7,0.71,$6.81,33.04%,,,,$6.58,-3.38%,$16.78,146.39%,$36.33,433.46%,TDOC,NYSE:TDOC,-0.849,$7.79,16.30%
NASDAQ:TEAM,11 Dec 2025,$216.58,3,$237.35,8,0.51,$162.22,33.51%,,,,$148.97,-8.17%,$0.00,-100.00%,$0.00,-100.00%,TEAM,NASDAQ:TEAM,-0.944,$188.21,26.11%
NYSE:TEL,19 Jan 2026,$189.61,1,$275.58,6,0.79,$216.23,-12.31%,,,,$210.32,-2.73%,$415.91,92.35%,$472.55,118.54%,TEL,NYSE:TEL,-0.813,$246.79,11.67%
NYSE:TEN,29 Apr 2026,$34.19,3,$50.00,8,2.16,$41.45,-17.52%,,,,$39.71,-4.20%,$92.54,123.26%,$103.94,150.75%,TEN,NYSE:TEN,-0.199,$46.00,8.70%
NASDAQ:TENB,23 Dec 2025,$34.90,3,$37.75,7,0.37,$38.33,-8.95%,,,,$35.52,-7.33%,$49.70,29.66%,$50.47,31.68%,TENB,NASDAQ:TENB,-0.952,$35.35,6.79%
NYSE:TEO,18 Sep 2025,$8.99,5,$9.60,3,1.41,$13.34,-32.61%,,,,$13.30,-0.30%,$0.00,-100.00%,$0.00,-100.00%,TEO,NYSE:TEO,-0.543,$15.48,-37.98%
NASDAQ:TER,19 Jan 2026,$152.12,1,$213.18,7,0.48,$418.79,-63.68%,,,,$383.68,-8.38%,"$175,238.43",41743.99%,"$185,527.27",44200.79%,TER,NASDAQ:TER,-0.935,$449.80,-52.61%
NYSE:TFC,19 Nov 2025,$46.61,3,$49.70,7,1.57,$53.10,-12.22%,,,,$52.85,-0.47%,$0.00,-100.00%,$0.00,-100.00%,TFC,NYSE:TFC,-0.444,$54.92,-9.50%
NASDAQ:TFIN,2 Oct 2025,$64.43,3,$64.00,1,,$78.22,-18.18%,,,,,-100.00%,-$2.00,-102.56%,-$2.00,-102.56%,TFIN,NYSE:TFIN,-2.000,,
NYSE:TFIN,19 Nov 2025,$53.40,3,,,0.94,$78.22,-31.73%,,,,$75.87,-3.00%,-$140.25,-279.30%,"$1,057.74",1252.26%,TFIN,NYSE:TFIN,-0.738,$85.80,
NYSE:TFPM,16 Aug 2025,$20.81,1,,,0.50,$31.47,-33.87%,,,,$29.86,-5.12%,$0.00,-100.00%,$0.00,-100.00%,TFPM,NYSE:TFPM,-0.963,$39.00,
NASDAQ:TFSL,12 Oct 2025,$12.76,3,$13.50,4,2.45,$17.64,-27.66%,,,,$17.73,0.51%,$0.00,-100.00%,$0.00,-100.00%,TFSL,NASDAQ:TFSL,-0.061,$19.00,-28.95%
NYSE:TGLS,23 Aug 2025,$69.51,3,,,0.90,$41.84,66.13%,,,,$40.73,-2.65%,$47.02,12.38%,$50.38,20.40%,TGLS,NYSE:TGLS,-0.810,$56.33,
NYSE:TGS,19 Nov 2025,$29.26,3,$13.33,7,1.11,$28.10,-52.56%,,,,$27.30,-2.85%,$0.00,-100.00%,$0.00,-100.00%,TGS,NYSE:TGS,-0.730,$41.29,-67.72%
NYSE:TGT,21 Sep 2025,$120.25,3,$103.27,3,1.50,$154.48,-33.15%,,,,$154.49,0.01%,$240.46,55.66%,$170.10,10.11%,TGT,NYSE:TGT,-0.443,$139.52,-25.98%
NASDAQ:THFF,27 May 2026,$67.98,3,$70.00,5,1.20,$82.06,-17.16%,,,,$81.04,-1.24%,$0.00,-100.00%,$0.00,-100.00%,THFF,NASDAQ:THFF,-0.606,$84.00,-16.67%
NYSE:THO,29 Jul 2024,$143.00,5,,,1.00,$79.00,81.01%,,,,$76.74,-2.86%,$161.64,104.61%,$211.49,167.71%,THO,NYSE:THO,-0.721,$90.50,
NYSE:THR,19 Nov 2025,$40.68,4,$38.00,8,,,#DIV/0!,,,,,#DIV/0!,-$2.00,#DIV/0!,-$2.00,#DIV/0!,THR,NYSE:THR,-2.000,,
NASDAQ:THRY,11 Feb 2026,$8.29,3,$13.00,2,0.69,$2.16,283.63%,,,,$1.99,-7.87%,$0.00,-100.00%,$0.00,-100.00%,THRY,NASDAQ:THRY,-0.914,$4.00,225.00%
NASDAQ:TIGR,24 Oct 2025,$10.39,3,$11.86,9,0.67,$4.60,125.87%,,,,$4.38,-4.78%,$61.58,1238.61%,$62.12,1250.46%,TIGR,NASDAQ:TIGR,-0.922,$7.68,54.43%
NASDAQ:TILE,13 Feb 2025,$17.99,3,$30.00,7,0.54,$37.96,-52.62%,,,,$35.82,-5.64%,$0.00,-100.00%,$0.00,-100.00%,TILE,NASDAQ:TILE,-0.934,$45.25,-33.70%
NYSE:TJX,18 Aug 2025,$107.88,1,$144.77,9,1.01,$152.11,-29.08%,,,,$149.56,-1.68%,$168.82,10.99%,$188.28,23.78%,TJX,NYSE:TJX,-0.721,$177.40,-18.39%
NASDAQ:TKLF,19 Oct 2025,$5.59,3,,,,$1.94,188.14%,,,,,-100.00%,-$2.00,-203.09%,-$2.00,-203.09%,TKLF,NASDAQ:TKLF,-2.000,,
NYSE:TKR,16 Jun 2026,$121.71,2,$138.67,6,0.90,$133.50,-8.84%,,,,$127.41,-4.56%,$0.00,-100.00%,$0.00,-100.00%,TKR,NYSE:TKR,-0.755,$147.20,-5.79%
NASDAQ:TLRY,14 Aug 2025,$1.31,3,,,0.58,$4.67,-72.01%,,,,$4.44,-4.93%,$4.91,5.20%,$6.55,40.22%,TLRY,NASDAQ:TLRY,-0.964,$7.84,
NASDAQ:TLSI,11 Dec 2025,$8.40,3,$11.60,9,0.61,$5.27,59.36%,,,,$5.34,1.33%,$0.00,-100.00%,$0.00,-100.00%,TLSI,NASDAQ:TLSI,-0.952,$10.00,16.00%
NASDAQ:TLX,11 Dec 2025,$12.46,3,,,0.59,$11.82,5.38%,,,,$11.60,-1.86%,$0.00,-100.00%,$0.00,-100.00%,TLX,NASDAQ:TLX,-0.959,$21.06,
NYSE:TM,15 Dec 2025,$215.08,5,,9,0.56,$191.11,12.54%,,,,$180.50,-5.55%,"-$45,495.54",-23905.95%,"-$45,034.90",-23664.91%,TM,NYSE:TM,-0.930,$231.58,
NASDAQ:TMC,18 Aug 2025,$4.39,3,,,0.61,$4.01,9.43%,,,,$4.17,3.99%,$0.00,-100.00%,$0.00,-100.00%,TMC,NASDAQ:TMC,-0.953,$11.00,
NASDAQ:TMCI,4 Dec 2025,$3.25,3,$5.47,4,0.49,$4.79,-32.20%,,,,$4.28,-10.65%,$0.00,-100.00%,$0.00,-100.00%,TMCI,NASDAQ:TMCI,-0.948,$5.50,-0.55%
NASDAQ:TMDX,11 Dec 2025,$138.40,3,$147.00,8,0.46,$88.58,56.25%,,,,$83.46,-5.78%,$0.00,-100.00%,$0.00,-100.00%,TMDX,NASDAQ:TMDX,-0.952,$97.30,51.08%
NYSE:TME,12 Aug 2025,$23.93,3,$19.85,8,0.68,$8.84,124.55%,,,,$8.15,-7.81%,$0.00,-100.00%,$0.00,-100.00%,TME,NYSE:TME,-0.919,$14.98,32.51%
NYSE:TMHC,15 Jun 2026,$82.94,4,$62.90,9,0.27,$72.45,-13.18%,,,,$33.43,-53.86%,$141.88,95.83%,$145.13,100.32%,TMHC,NYSE:TMHC,-0.996,$66.75,-5.77%
NYSEAMERICAN:TMP,2 Oct 2025,$65.36,1,,,,$101.21,-35.42%,,,,,-100.00%,-$2.00,-101.98%,-$2.00,-101.98%,TMP,NYSEAMERICAN:TMP,-2.000,,
NYSE:TNC,11 Nov 2025,$100.24,5,$105.00,4,0.87,$68.59,46.14%,,,,$66.38,-3.22%,$0.00,-100.00%,$0.00,-100.00%,TNC,NYSE:TNC,-0.808,$87.75,19.66%
NASDAQ:TNDM,11 Dec 2025,$20.68,3,$23.06,9,0.47,$22.72,-8.97%,,,,$21.60,-4.93%,$0.00,-100.00%,$0.00,-100.00%,TNDM,NASDAQ:TNDM,-0.982,$28.55,-19.23%
NYSE:TNET,15 Dec 2025,$73.13,3,$65.50,7,0.52,$68.75,-4.73%,,,,$65.29,-5.03%,$0.00,-100.00%,$0.00,-100.00%,TNET,NYSE:TNET,-0.889,$64.40,1.71%
NASDAQ:TOI,15 Aug 2025,$3.94,3,$6.25,8,0.53,$5.13,-23.22%,,,,$4.57,-10.92%,$3.32,-35.29%,$3.59,-30.01%,TOI,NASDAQ:TOI,-0.987,$8.40,-25.60%
NYSE:TOL,1 Apr 2026,$149.13,5,$165.90,4,0.81,$148.27,0.58%,,,,$145.54,-1.84%,$159.31,7.44%,$166.80,12.50%,TOL,NYSE:TOL,-0.801,$168.20,-1.37%
NYSE:TOST,22 Jan 2026,$36.30,3,$46.56,4,0.47,$34.75,4.45%,,,,$32.72,-5.84%,$0.00,-100.00%,$0.00,-100.00%,TOST,NYSE:TOST,-0.946,$38.38,21.31%
NASDAQ:TOWN,2 Oct 2025,$37.19,3,$41.00,5,1.64,$37.82,-1.67%,,,,$37.77,-0.13%,$0.00,-100.00%,$0.00,-100.00%,TOWN,NASDAQ:TOWN,-0.418,$40.00,2.50%
NYSE:TPB,18 Sep 2025,$86.86,3,,,0.61,$87.34,-0.55%,,,,$82.41,-5.64%,$0.00,-100.00%,$0.00,-100.00%,TPB,NYSE:TPB,-0.952,$125.17,
NYSE:TPC,24 Dec 2025,$68.65,1,,,0.52,$96.82,-29.10%,,,,$90.79,-6.23%,$0.00,-100.00%,$0.00,-100.00%,TPC,NYSE:TPC,-0.949,$116.25,
NYSE:TPH,16 Mar 2026,$59.96,5,$46.50,1,,,#DIV/0!,,,,,#DIV/0!,-$2.00,#DIV/0!,-$2.00,#DIV/0!,TPH,NYSE:TPH,-2.000,,
NYSE:TPL,9 Apr 2025,$774.67,2,,9,0.66,$358.52,116.07%,,,,$325.61,-9.18%,$0.00,-100.00%,$0.00,-100.00%,TPL,NYSE:TPL,-0.895,$443.50,
NYSE:TPR,26 Aug 2025,$73.71,2,,,0.76,$128.98,-42.85%,,,,$148.93,15.47%,$0.00,-100.00%,$0.00,-100.00%,TPR,NYSE:TPR,-0.862,$168.20,
NASDAQ:TREE,11 Aug 2025,$78.94,3,$63.86,8,0.63,$32.59,95.95%,,,,$30.44,-6.60%,$84.36,158.85%,$72.33,121.95%,TREE,NASDAQ:TREE,-0.941,$56.00,14.04%
NYSE:TREX,9 Apr 2024,$83.55,2,,,0.44,$49.63,68.35%,,,,$47.03,-5.24%,$0.00,-100.00%,$0.00,-100.00%,TREX,NYSE:TREX,-0.962,$54.67,
NYSE:TRGP,1 Sep 2025,$152.25,2,$206.29,6,0.86,$275.79,-44.79%,,,,$261.46,-5.20%,$0.00,-100.00%,$0.00,-100.00%,TRGP,NYSE:TRGP,-0.769,$299.00,-31.01%
NASDAQ:TRI,26 Aug 2025,$160.83,2,,,0.52,$103.61,55.22%,,,,$97.88,-5.53%,$0.00,-100.00%,$0.00,-100.00%,TRI,NASDAQ:TRI,-0.943,$122.54,
NASDAQ:TRMB,29 Jan 2026,$71.27,3,$98.71,5,0.55,$57.60,23.74%,,,,$51.90,-9.90%,$0.00,-100.00%,$0.00,-100.00%,TRMB,NASDAQ:TRMB,-0.976,$81.27,21.46%
NASDAQ:TRMK,19 Nov 2025,$39.99,3,$42.50,4,1.06,$48.29,-17.19%,,,,$47.74,-1.14%,$0.00,-100.00%,$0.00,-100.00%,TRMK,NASDAQ:TRMK,-0.667,$49.25,-13.71%
NYSE:TRN,23 Aug 2025,$33.90,4,$29.00,3,1.33,$29.59,-1.99%,,,,$28.87,-2.43%,$35.69,20.62%,-$2.80,-109.47%,TRN,NYSE:TRN,-0.576,$34.00,-14.71%
NASDAQ:TROW,8 Jan 2026,$118.25,5,$113.60,7,0.95,$110.56,2.75%,,,,$108.46,-1.90%,$0.00,-100.00%,$0.00,-100.00%,TROW,NASDAQ:TROW,-0.709,$109.92,3.35%
NASDAQ:TRST,19 Nov 2025,$40.35,3,,3,0.92,$57.35,-29.65%,,,,$56.21,-1.99%,$0.00,-100.00%,$0.00,-100.00%,TRST,NASDAQ:TRST,-0.636,$26.00,
NYSE:TRV,18 Sep 2025,$253.19,2,,,0.93,$370.36,-31.64%,,,,$364.35,-1.62%,$460.27,24.28%,$513.99,38.78%,TRV,NYSE:TRV,-0.715,$360.33,
NASDAQ:TSAT,19 Jan 2026,$24.33,2,,1,0.22,$50.64,-51.96%,,,,$49.70,-1.86%,$0.00,-100.00%,$0.00,-100.00%,TSAT,NASDAQ:TSAT,-0.948,$19.04,
NASDAQ:TSCO,23 July 2026,$47.09,3,$39.00,4,0.99,$35.83,8.85%,8.85%,$35.52,$47.09,$35.22,-1.70%,$39.29,9.67%,$48.77,36.11%,TSCO,NASDAQ:TSCO,-0.692,$35.52,9.80%
NASDAQ:TSEM,9 Feb 2026,$95.60,2,$131.00,10,0.52,$265.48,-63.99%,,,,$242.03,-8.83%,$0.00,-100.00%,$0.00,-100.00%,TSEM,NASDAQ:TSEM,-0.949,$321.32,-59.23%
NASDAQ:TSLA,15 Dec 2025,$312.61,1,$386.42,7,0.54,$342.27,-8.67%,,,,$314.07,-8.24%,$343.30,0.30%,$338.66,-1.06%,TSLA,NASDAQ:TSLA,-0.928,$396.62,-2.57%
NYSE:TSN,26 Jun 2026,$58.80,4,$73.00,9,0.95,$58.17,1.08%,,,,$55.42,-4.73%,$0.00,-100.00%,$0.00,-100.00%,TSN,NYSE:TSN,-0.750,$68.75,6.18%
NASDAQ:TSSI,4 Feb 2026,$12.86,4,$15.00,2,0.59,$9.68,32.85%,,,,$11.43,18.08%,$0.00,-100.00%,$0.00,-100.00%,TSSI,NASDAQ:TSSI,-0.960,$18.00,-16.67%
NYSE:TT,31 Mar 2026,$379.88,2,$480.38,10,1.35,$480.20,-20.89%,,,,$472.50,-1.60%,$702.94,46.38%,$734.81,53.02%,TT,NYSE:TT,-0.553,$525.28,-8.55%
NYSE:TTC,3 Apr 2024,$80.79,2,,,0.95,$98.38,-17.88%,,,,$95.12,-3.31%,$161.42,64.08%,$176.12,79.02%,TTC,NYSE:TTC,-0.736,$109.25,
NASDAQ:TTGT,30 Jan 2026,$10.74,3,,,0.66,$3.85,178.90%,,,,$3.52,-8.57%,$0.00,-100.00%,$0.00,-100.00%,TTGT,NASDAQ:TTGT,-0.928,$7.67,
NASDAQ:TTMI,5 Feb 2026,$83.36,2,$100.00,7,0.59,$140.00,-40.45%,,,,$131.28,-6.23%,$0.00,-100.00%,$0.00,-100.00%,TTMI,NASDAQ:TTMI,-0.959,$214.25,-53.33%
NASDAQ:TTWO,12 Oct 2025,$173.47,1,,,0.48,$246.95,-29.76%,,,,$229.33,-7.14%,$0.00,-100.00%,$0.00,-100.00%,TTWO,NASDAQ:TTWO,-0.958,$287.11,
NYSE:TUYA,19 Aug 2025,$2.34,3,,,,$1.82,28.74%,,,,,-100.00%,-$2.00,-209.89%,-$2.00,-209.89%,TUYA,NYSE:TUYA,-2.000,,
NYSE:TV,3 Oct 2025,$2.63,3,$4.70,6,1.07,$2.90,-9.26%,,,,$2.77,-4.48%,$68.19,2251.52%,$186.53,6332.22%,TV,NYSE:TV,-0.735,$3.88,21.13%
NYSE:TWI,20 Sep 2024,$12.61,3,,,0.57,$6.90,82.71%,,,,$6.46,-6.38%,$11.07,60.50%,-$0.31,-104.52%,TWI,NYSE:TWI,-0.967,$11.75,
NYSE:TWLO,27 Jan 2026,$126.44,3,$147.11,8,0.41,$238.20,-46.92%,,,,$235.51,-1.13%,$0.00,-100.00%,$0.00,-100.00%,TWLO,NYSE:TWLO,-0.960,$246.92,-40.42%
NASDAQ:TXN,19 Jan 2026,$191.02,3,,,1.39,$279.58,-31.68%,,,,$271.76,-2.80%,$334.20,19.53%,$356.32,27.45%,TXN,NASDAQ:TXN,-0.553,$324.45,
NASDAQ:TXRH,18 Sep 2025,$146.40,1,,,0.78,$207.10,-29.31%,,,,$203.04,-1.96%,$0.00,-100.00%,$0.00,-100.00%,TXRH,NASDAQ:TXRH,-0.798,$217.74,
NYSE:TYL,24 Aug 2025,$541.31,3,$682.54,7,0.56,$328.64,64.71%,,,,$298.66,-9.12%,$0.00,-100.00%,$0.00,-100.00%,TYL,NYSE:TYL,-0.950,$426.64,59.98%
NYSE:UA,23 Dec 2025,$10.78,3,$7.50,4,0.65,$5.25,42.86%,,,,$4.99,-4.95%,$0.00,-100.00%,$0.00,-100.00%,UA,NYSE:UA,-0.932,$14.00,-46.43%
NYSE:UAA,23 Dec 2025,$11.22,3,$5.58,3,0.55,$5.36,4.10%,,,,$5.11,-4.66%,$0.00,-100.00%,$0.00,-100.00%,UAA,NYSE:UAA,-0.931,$6.42,-13.08%
NYSEAMERICAN:UAMY,3 Jul 2025,$7.55,1,$4.94,7,,,#DIV/0!,,,,,#DIV/0!,-$2.00,#DIV/0!,-$2.00,#DIV/0!,UAMY,NYSEAMERICAN:UAMY,-2.000,,
NYSE:UBER,3 Feb 2026,$84.31,3,$111.26,7,0.50,$75.95,11.01%,,,,$70.06,-7.76%,$0.00,-100.00%,$0.00,-100.00%,UBER,NYSE:UBER,-0.987,$101.50,9.62%
NYSE:UBS,19 Aug 2025,$37.97,3,,,0.98,$53.63,-29.20%,,,,$52.86,-1.44%,-$216.48,-503.65%,-$222.29,-514.49%,UBS,NYSE:UBS,-0.705,$55.03,
NASDAQ:UBSI,27 May 2026,$44.17,3,$47.00,7,1.46,$49.27,-10.35%,,,,$48.88,-0.79%,$0.00,-100.00%,$0.00,-100.00%,UBSI,NASDAQ:UBSI,-0.489,$50.33,-6.62%
NASDAQ:UCB,21 Oct 2025,$31.41,3,$35.00,5,,$36.74,-14.51%,,,,,-100.00%,-$2.00,-105.44%,-$2.00,-105.44%,UCB,NYSE:UCB,-2.000,,
NYSE:UCB,19 Nov 2025,$31.12,3,$35.33,7,0.97,$36.74,-15.30%,,,,$35.99,-2.04%,$0.00,-100.00%,$0.00,-100.00%,UCB,NYSE:UCB,-0.714,$38.92,-9.22%
NASDAQ:UDMY,20 Aug 2025,$10.79,4,$10.00,5,,,#DIV/0!,,,,,#DIV/0!,-$2.00,#DIV/0!,-$2.00,#DIV/0!,UDMY,NASDAQ:UDMY,-2.000,,
NYSE:UDR,10 Sep 2025,$42.82,4,$44.23,9,1.65,$37.94,12.87%,,,,$37.43,-1.34%,$0.00,-100.00%,$0.00,-100.00%,UDR,NYSE:UDR,-0.426,$42.33,4.49%
NASDAQ:UFPI,31 Jan 2025,$119.95,3,$155.00,3,1.06,$89.87,33.47%,,,,$90.16,0.32%,$168.35,87.33%,$198.25,120.59%,UFPI,NASDAQ:UFPI,-0.691,$102.00,51.96%
NASDAQ:UFPT,4 Dec 2025,$299.56,3,,5,0.48,$321.76,-6.90%,,,,$307.50,-4.43%,$0.00,-100.00%,$0.00,-100.00%,UFPT,NASDAQ:UFPT,-0.944,$355.00,
NYSE:UGP,20 Aug 2025,$4.45,3,$4.00,5,0.80,$6.16,-35.06%,,,,$5.82,-5.52%,$0.00,-100.00%,$0.00,-100.00%,UGP,NYSE:UGP,-0.798,$6.72,-40.48%
NYSE:UI,26 Jan 2026,$379.66,1,,,0.62,$572.80,-33.72%,,,,$549.63,-4.05%,$753.50,31.55%,$758.56,32.43%,UI,NYSE:UI,-0.947,$826.00,
NYSE:UIS,29 Jan 2026,$4.30,3,$4.00,5,0.76,$2.86,39.86%,,,,$2.72,-4.90%,$10.13,254.06%,$0.51,-82.30%,UIS,NYSE:UIS,-0.885,$4.81,-16.84%
NYSE:UL,10 Sep 2025,$66.09,3,$67.00,6,1.46,$62.09,6.44%,,,,$62.01,-0.13%,$0.00,-100.00%,$0.00,-100.00%,UL,NYSE:UL,-0.524,$73.57,-8.93%
NYSE:ULS,19 Aug 2025,$55.15,1,,,0.76,$77.46,-28.80%,,,,$74.39,-3.96%,$0.00,-100.00%,$0.00,-100.00%,ULS,NYSE:ULS,-0.851,$97.32,
NASDAQ:UMBF,27 May 2026,$132.22,3,$147.00,9,0.62,$152.04,-13.04%,,,,$145.72,-4.16%,$0.00,-100.00%,$0.00,-100.00%,UMBF,NASDAQ:UMBF,-0.878,$167.31,-12.14%
NYSE:UMC,19 Jan 2026,$9.15,3,,,1.32,$19.15,-52.22%,,,,$19.16,0.05%,$45.59,138.06%,$68.21,256.18%,UMC,NYSE:UMC,-0.539,$18.49,
NYSE:UNFI,24 Mar 2026,$78.83,5,$44.00,7,0.85,$48.42,-9.13%,,,,$47.06,-2.81%,-$0.45,-100.94%,$62.49,29.05%,UNFI,NYSE:UNFI,-0.762,$49.38,-10.90%
NYSE:UNM,17 Feb 2025,$69.73,2,$100.00,7,1.73,$93.33,-25.29%,,,,$92.62,-0.76%,-$134.33,-243.93%,-$123.13,-231.93%,UNM,NYSE:UNM,-0.382,$101.46,-1.44%
NYSE:UNP,21 May 2024,$230.08,3,,,1.08,$293.68,-21.66%,,,,$292.25,-0.49%,$327.47,11.50%,$365.76,24.54%,UNP,NYSE:UNP,-0.682,$329.25,
NASDAQ:UPBD,5 Feb 2026,$31.13,3,$29.00,6,2.26,$19.62,47.81%,,,,$18.92,-3.57%,$62.19,216.96%,$385.21,1863.35%,UPBD,NASDAQ:UPBD,-0.219,$28.25,2.65%
NASDAQ:URBN,4 Apr 2026,$63.30,3,$87.71,9,0.80,$77.81,-18.65%,,,,$73.91,-5.01%,$159.41,104.87%,$143.72,84.71%,URBN,NASDAQ:URBN,-0.801,$86.15,1.81%
NYSE:URI,9 Apr 2025,$683.12,5,$774.77,6,0.47,"$1,153.83",-40.80%,,,,"$1,068.04",-7.44%,"$1,645.68",42.63%,"$2,482.09",115.12%,URI,NYSE:URI,-0.947,"$1,269.57",-38.97%
NASDAQ:UROY,18 Aug 2025,$3.73,4,$3.44,6,0.41,$4.12,-16.50%,,,,$3.74,-9.22%,$0.00,-100.00%,$0.00,-100.00%,UROY,NASDAQ:UROY,-0.952,$4.10,-16.10%
NASDAQ:USAR,22 Jan 2026,$17.53,3,,,0.59,$20.00,-12.35%,,,,$17.44,-12.80%,$0.00,-100.00%,$0.00,-100.00%,USAR,NASDAQ:USAR,-0.958,$37.50,
NYSE:USB,20 Mar 2026,$56.96,3,$64.06,8,1.52,$65.42,-12.93%,,,,$64.93,-0.75%,$0.00,-100.00%,$0.00,-100.00%,USB,NYSE:USB,-0.475,$70.32,-8.90%
NYSEAMERICAN:USBC,29 Jan 2026,$0.61,1,,,,$0.38,60.53%,,,,,-100.00%,-$2.00,-626.32%,-$2.00,-626.32%,USBC,NYSEAMERICAN:USBC,-2.000,,
NASDAQ:UTHR,23 Dec 2025,$479.02,3,$521.25,5,0.75,$499.73,-4.14%,,,,$486.83,-2.58%,$0.00,-100.00%,$0.00,-100.00%,UTHR,NASDAQ:UTHR,-0.868,$653.23,-20.20%
NYSE:UTL,23 Jun 2026,$55.21,4,,,0.94,$54.56,1.18%,,,,$53.58,-1.80%,$0.00,-100.00%,$0.00,-100.00%,UTL,NYSE:UTL,-0.718,$55.33,
NASDAQ:UVSP,19 Nov 2025,$30.95,3,$34.00,4,1.46,$43.16,-28.28%,,,,$42.85,-0.72%,$0.00,-100.00%,$0.00,-100.00%,UVSP,NASDAQ:UVSP,-0.497,$45.50,-25.27%
NYSE:UVV,17 Mar 2026,$66.56,4,,2,1.83,$44.77,48.67%,,,,$44.87,0.22%,$0.00,-100.00%,$0.00,-100.00%,UVV,NYSE:UVV,-0.411,$67.00,
NYSE:UWMC,26 Jun 2026,$3.01,4,$4.39,2,1.91,$1.59,89.31%,,,,$1.53,-3.77%,$0.00,-100.00%,$0.00,-100.00%,UWMC,NYSE:UWMC,-0.371,$2.22,97.75%
NYSE:V,7 Sep 2025,$315.05,2,$397.95,10,0.89,$364.15,-13.48%,,,,$353.11,-3.03%,$568.32,56.07%,$582.00,59.82%,V,NYSE:V,-0.770,$416.20,-4.38%
NYSE:VAL,30 Jun 2026,$84.57,3,$98.00,7,0.28,$85.62,-1.22%,,,,$79.27,-7.42%,$0.00,-100.00%,$0.00,-100.00%,VAL,NYSE:VAL,-0.964,$69.05,41.93%
NYSE:VALE,14 Jan 2026,$14.72,4,$14.34,10,0.98,$13.63,5.21%,,,,$13.53,-0.73%,$0.00,-100.00%,$0.00,-100.00%,VALE,NYSE:VALE,-0.751,$16.80,-14.64%
NASDAQ:VBNK,24 Aug 2025,$12.54,3,$12.24,3,0.69,$20.43,-40.09%,,,,$19.04,-6.80%,-$37.74,-284.75%,-$37.12,-281.68%,VBNK,NASDAQ:VBNK,-0.864,$24.00,-49.00%
NASDAQ:VECO,5 Sep 2025,$35.14,3,$26.33,4,0.50,$52.40,-49.75%,,,,$50.91,-2.84%,$0.00,-100.00%,$0.00,-100.00%,VECO,NASDAQ:VECO,-0.947,$61.33,-57.07%
NYSE:VFC,26 Aug 2025,$31.37,5,$14.25,6,1.59,$14.87,-4.17%,,,,$14.48,-2.62%,$139.24,836.38%,$4.19,-71.82%,VFC,NYSE:VFC,-0.484,$18.77,-24.08%
NASDAQ:VIAV,30 Jan 2026,$16.67,1,$25.06,2,0.61,$43.54,-61.70%,,,,$40.70,-6.52%,$0.00,-100.00%,$0.00,-100.00%,VIAV,NASDAQ:VIAV,-0.953,$61.43,-59.21%
NYSE:VICI,19 Jun 2026,$33.66,5,$34.09,9,1.79,$26.36,27.69%,,,,$26.20,-0.61%,$51.92,96.96%,$51.98,97.19%,VICI,NYSE:VICI,-0.391,$32.71,4.22%
NASDAQ:VICR,30 Jan 2026,$121.65,1,$187.50,8,0.66,$234.74,-48.18%,,,,$216.46,-7.79%,$0.00,-100.00%,$0.00,-100.00%,VICR,NASDAQ:VICR,-0.928,$386.25,-51.46%
NASDAQ:VISN,14 Aug 2026,$10.60,3,,,4.24,$11.53,-8.03%,-8.03%,$10.60,$14.67,$12.38,7.37%,$0.00,-100.00%,$0.00,-100.00%,VISN,NASDAQ:VISN,0.689,$14.67,
NYSE:VIST,13 Jun 2025,$50.56,3,$70.00,6,0.64,$68.31,-25.99%,,,,$62.35,-8.72%,$250.83,267.19%,$401.10,487.18%,VIST,NYSE:VIST,-0.940,$98.71,-29.09%
NYSE:VIV,17 Feb 2025,$11.28,3,$11.80,5,0.92,$11.41,-1.16%,,,,$11.05,-3.16%,$34.94,206.19%,$73.04,540.17%,VIV,NYSE:VIV,-0.794,$15.05,-21.59%
NASDAQ:VLGEA,17 Mar 2026,$43.63,3,,6,1.29,$43.04,1.37%,,,,$42.30,-1.72%,$109.66,154.78%,$164.48,282.15%,VLGEA,NASDAQ:VLGEA,-0.483,,
NYSE:VLN,9 Feb 2026,$2.14,3,$3.33,6,0.61,$1.94,10.31%,,,,$1.75,-9.79%,$0.00,-100.00%,$0.00,-100.00%,VLN,NYSE:VLN,-0.952,$4.00,-16.75%
NYSE:VLO,29 Jun 2026,$198.17,1,$266.27,9,0.75,$341.67,-42.00%,,,,$320.81,-6.11%,$844.43,147.15%,$944.13,176.33%,VLO,NYSE:VLO,-0.779,$309.79,-14.05%
NYSE:VLRS,22 Aug 2025,$7.94,3,$7.67,4,0.96,$7.88,-2.66%,,,,$7.84,-0.51%,$102.71,1203.37%,$108.85,1281.37%,VLRS,NYSE:VLRS,-0.750,$9.42,-18.58%
NASDAQ:VLY,19 Nov 2025,$10.95,3,$13.73,9,1.52,$15.01,-27.03%,,,,$14.91,-0.67%,$0.00,-100.00%,$0.00,-100.00%,VLY,NASDAQ:VLY,-0.484,$16.73,-17.93%
NYSE:VMC,31 Dec 2025,$246.19,1,$331.22,9,0.64,$282.00,-12.70%,,,,$269.65,-4.38%,$299.05,6.05%,$388.03,37.60%,VMC,NYSE:VMC,-0.884,$325.55,1.74%
NASDAQ:VNDA,13 Nov 2025,$5.38,3,$15.50,8,0.64,$5.22,3.03%,,,,$4.81,-7.85%,$0.00,-100.00%,$0.00,-100.00%,VNDA,NASDAQ:VNDA,-0.939,$12.19,27.15%
NASDAQ:VNET,9 Feb 2026,$7.43,1,$13.80,7,0.57,$7.60,-2.26%,,,,$6.95,-8.55%,-$11.70,-254.01%,-$2.96,-138.93%,VNET,NASDAQ:VNET,-0.968,$15.07,-8.43%
NYSE:VNO,28 May 2026,$40.08,3,$31.60,8,0.88,$39.00,-18.97%,,,,$38.81,-0.49%,$0.00,-100.00%,$0.00,-100.00%,VNO,NYSE:VNO,-0.747,$40.15,-21.30%
NYSEAMERICAN:VNRX,11 Dec 2025,$0.32,1,$2.25,8,,$0.54,-40.74%,,,,,-100.00%,-$2.00,-470.37%,-$2.00,-470.37%,VNRX,NYSEAMERICAN:VNRX,-2.000,,
NYSE:VNT,11 Feb 2026,$45.33,3,$47.25,4,0.54,$32.84,38.03%,,,,$31.41,-4.35%,$0.00,-100.00%,$0.00,-100.00%,VNT,NYSE:VNT,-0.950,$41.05,15.10%
NASDAQ:VRDN,19 May 2025,$24.97,4,$37.70,3,0.61,$22.08,13.09%,,,,$21.00,-4.89%,$0.00,-100.00%,$0.00,-100.00%,VRDN,NASDAQ:VRDN,-0.952,$36.62,2.95%
NASDAQ:VREX,16 Dec 2025,$15.01,4,$15.33,7,0.40,$18.49,-18.82%,,,,$17.77,-3.89%,$0.00,-100.00%,$0.00,-100.00%,VREX,NASDAQ:VREX,-0.945,$17.48,-12.30%
NASDAQ:VRRM,30 Jan 2026,$22.14,4,$25.00,5,0.64,$4.72,369.05%,,,,$4.47,-5.30%,$0.00,-100.00%,$0.00,-100.00%,VRRM,NASDAQ:VRRM,-0.937,$10.00,150.00%
NASDAQ:VSAT,30 Jan 2026,$27.54,2,$45.00,6,0.44,$82.87,-66.76%,,,,$77.26,-6.77%,$0.00,-100.00%,$0.00,-100.00%,VSAT,NASDAQ:VSAT,-0.989,$101.44,-55.64%
NYSE:VSCO,12 Jun 2025,$36.51,5,$22.56,8,0.43,$51.73,-56.39%,,,,$46.66,-9.80%,$245.40,374.39%,$272.68,427.11%,VSCO,NYSE:VSCO,-0.996,$64.44,-64.99%
NYSE:VSH,28 Jan 2026,$21.32,3,$16.00,5,0.67,$35.08,-54.39%,,,,$32.31,-7.90%,$0.00,-100.00%,$0.00,-100.00%,VSH,NYSE:VSH,-0.861,$39.00,-58.97%
NYSE:VTEX,15 Dec 2025,$4.81,3,$6.10,1,0.61,$3.74,28.74%,,,,$3.64,-2.67%,$0.00,-100.00%,$0.00,-100.00%,VTEX,NYSE:VTEX,-0.949,$5.96,2.35%
NYSE:VTMX,15 Jun 2025,$34.66,3,$21.00,5,1.24,$33.95,-38.14%,,,,$33.31,-1.89%,$37.22,9.64%,$37.47,10.36%,VTMX,NYSE:VTMX,-0.600,$36.90,-43.09%
NYSE:VTR,19 Sep 2025,$68.32,3,$76.83,9,1.27,$91.52,-25.35%,,,,$88.97,-2.79%,$96.65,5.60%,$146.83,60.44%,VTR,NYSE:VTR,-0.592,$100.64,-23.66%
NASDAQ:VVPR,9 Feb 2026,$2.07,3,,,,,#DIV/0!,,,,,#DIV/0!,-$2.00,#DIV/0!,-$2.00,#DIV/0!,VVPR,NASDAQ:VVPR,-2.000,,
NYSE:VVV,18 Sep 2025,$45.89,3,,,0.68,$34.19,34.23%,,,,$31.92,-6.64%,$0.00,-100.00%,$0.00,-100.00%,VVV,NYSE:VVV,-0.889,$43.20,
NYSE:VVX,11 Aug 2025,$66.16,5,$61.22,3,0.47,$83.00,-26.24%,,,,$76.65,-7.65%,$0.00,-100.00%,$0.00,-100.00%,VVX,NYSE:VVX,-0.941,$89.09,-31.28%
NYSE:VYX,25 Feb 2026,$13.06,5,$15.13,6,0.68,$8.16,60.01%,,,,$7.84,-3.92%,$0.00,-100.00%,$0.00,-100.00%,VYX,NYSE:VYX,-0.920,$12.96,16.74%
NYSEAMERICAN:VZLA,14 Aug 2025,$4.47,,$4.07,8,0.66,$3.76,8.24%,,,,$3.54,-5.85%,$3.84,2.09%,$3.84,2.12%,VZLA,NYSEAMERICAN:VZLA,-0.930,$6.67,-38.98%
NYSE:WAB,23 Aug 2025,$179.00,2,,,0.56,$299.02,-40.14%,,,,$284.85,-4.74%,$303.51,1.50%,$415.34,38.90%,WAB,NYSE:WAB,-0.902,$324.17,
NASDAQ:WABC,1 Jun 2026,$57.44,3,$58.00,4,1.69,$59.88,-4.07%,,,,$59.76,-0.20%,$0.00,-100.00%,$0.00,-100.00%,WABC,NASDAQ:WABC,-0.398,$64.00,-9.38%
NASDAQ:WAFD,27 May 2026,$37.31,3,$37.00,8,1.47,$37.94,-2.48%,,,,$37.72,-0.58%,$0.00,-100.00%,$0.00,-100.00%,WAFD,NASDAQ:WAFD,-0.486,$39.00,-5.13%
NYSE:WAL,14 Jul 2026,$86.73,3,$90.38,7,1.04,$82.32,5.36%,,,,$80.86,-1.77%,$0.00,-100.00%,$0.00,-100.00%,WAL,NYSE:WAL,-0.702,$93.07,-2.89%
NASDAQ:WASH,27 May 2026,$34.83,3,$33.33,8,1.31,$40.19,-17.07%,,,,$39.45,-1.84%,$0.00,-100.00%,$0.00,-100.00%,WASH,NASDAQ:WASH,-0.541,$38.00,-12.29%
NYSE:WBS,10 Mar 2026,$76.23,3,$74.69,7,1.08,$79.00,-5.46%,,,,$78.25,-0.95%,-$287.18,-463.53%,-$281.50,-456.33%,WBS,NYSE:WBS,-0.646,$76.18,-1.96%
NYSE:WD,23 Dec 2025,$82.23,3,$84.00,6,1.38,$42.56,93.22%,,,,$41.37,-2.80%,$0.00,-100.00%,$0.00,-100.00%,WD,NYSE:WD,-0.608,$62.00,35.48%
NASDAQ:WDC,23 Aug 2024,$68.21,3,,,0.56,$508.80,-86.59%,,,,$433.54,-14.79%,$0.00,-100.00%,$0.00,-100.00%,WDC,NASDAQ:WDC,-0.950,$662.12,
NYSE:WDS,18 May 2026,$26.11,4,,6,0.80,$23.17,12.69%,,,,$22.19,-4.23%,$0.00,-100.00%,$0.00,-100.00%,WDS,NYSE:WDS,-0.780,$23.21,
NYSE:WEC,14 Jan 2026,$103.97,2,,,1.09,$110.52,-5.93%,,,,$108.25,-2.05%,$42.33,-61.70%,$22.58,-79.57%,WEC,NYSE:WEC,-0.672,$123.03,
NYSE:WELL,18 Sep 2025,$151.80,2,,,0.79,$235.52,-35.55%,,,,$227.08,-3.58%,$256.28,8.82%,$278.30,18.17%,WELL,NYSE:WELL,-0.799,$255.59,
NASDAQ:WEN,9 Sep 2025,$16.85,3,$11.97,6,1.22,$8.64,38.54%,,,,$8.32,-3.70%,$0.00,-100.00%,$0.00,-100.00%,WEN,NASDAQ:WEN,-0.570,$7.79,53.66%
NYSE:WF,19 Nov 2025,$51.73,3,,,0.81,$71.37,-27.52%,,,,$68.31,-4.29%,$0.00,-100.00%,$0.00,-100.00%,WF,NYSE:WF,-0.847,$95.63,
NYSE:WFC,14 Aug 2025,$71.42,3,$87.67,6,1.15,$88.82,-19.59%,,,,$87.06,-1.98%,$0.00,-100.00%,$0.00,-100.00%,WFC,NYSE:WFC,-0.649,$100.02,-12.35%
NYSE:WFG,24 Oct 2025,$81.03,3,$95.74,7,0.86,$70.76,14.51%,,,,$68.09,-3.77%,$137.00,93.61%,$252.17,256.38%,WFG,NYSE:WFG,-0.795,$84.83,12.86%
NASDAQ:WFRD,20 Jul 2026,$84.88,3,$121.00,10,1.16,$94.79,-10.45%,-10.45%,$84.88,$121.00,$88.85,-6.27%,$184.21,94.33%,$250.05,163.80%,WFRD,NASDAQ:WFRD,-0.668,$116.75,3.64%
NYSE:WGO,13 Sep 2024,$83.32,5,,,0.80,$31.55,164.07%,,,,$31.61,0.19%,$0.00,-100.00%,$0.00,-100.00%,WGO,NYSE:WGO,-0.825,$38.00,
NYSE:WHD,18 Feb 2026,$69.67,3,$55.50,5,1.25,$73.28,-24.26%,,,,$71.27,-2.74%,$114.18,55.82%,$131.29,79.16%,WHD,NYSE:WHD,-0.560,$66.67,-16.75%
NYSE:WIT,19 Jan 2026,$2.58,2,,7,1.44,$1.94,32.98%,,,,$1.92,-1.03%,$167.87,8553.15%,$213.88,10924.93%,WIT,NYSE:WIT,-0.472,$1.75,
NYSE:WK,10 Feb 2026,$82.53,4,$109.00,8,0.44,$70.51,17.05%,,,,$64.53,-8.48%,$0.00,-100.00%,$0.00,-100.00%,WK,NYSE:WK,-0.959,$77.20,41.19%
NYSE:WKC,16 Sep 2025,$32.51,4,$29.00,6,1.33,$36.11,-19.69%,,,,$36.47,1.00%,-$4.71,-113.06%,$12.29,-65.98%,WKC,NYSE:WKC,-0.551,$37.67,-23.02%
NASDAQ:WKHS,12 Dec 2024,$1.13,,,4,,$3.06,-63.07%,,,,,-100.00%,-$2.00,-165.36%,-$2.00,-165.36%,WKHS,NASDAQ:WKHS,-2.000,,
NYSE:WMB,22 Jan 2026,$57.39,2,$71.00,9,1.14,$75.20,-23.69%,,,,$72.41,-3.71%,$0.00,-100.00%,$0.00,-100.00%,WMB,NYSE:WMB,-0.656,$84.70,-16.17%
NYSE:WMK,17 Mar 2026,$74.25,4,,4,0.66,$70.93,4.68%,,,,$70.37,-0.79%,$0.00,-100.00%,$0.00,-100.00%,WMK,NYSE:WMK,-0.749,$31.00,
NYSE:WMS,5 May 2025,$162.55,3,$140.71,7,0.54,$150.91,-6.76%,,,,$134.77,-10.70%,$0.00,-100.00%,$0.00,-100.00%,WMS,NYSE:WMS,-0.943,$183.36,-23.26%
NYSE:WOR,16 Dec 2024,$43.00,4,,4,0.63,$58.66,-26.70%,,,,$55.06,-6.14%,$83.51,42.37%,$96.13,63.88%,WOR,NYSE:WOR,-0.878,$65.60,
NYSE:WPM,19 Nov 2025,$65.01,2,$128.93,7,0.55,$134.21,-51.56%,,,,$125.92,-6.18%,$0.00,-100.00%,$0.00,-100.00%,WPM,NYSE:WPM,-0.951,$172.95,-25.45%
NYSE:WPP,9 Sep 2025,$37.50,3,,6,1.27,$26.91,39.33%,,,,$26.44,-1.75%,$0.00,-100.00%,$0.00,-100.00%,WPP,NYSE:WPP,-0.520,$20.80,
NASDAQ:WRLD,19 Nov 2025,$145.37,3,,1,0.42,$194.75,-25.35%,,,,$178.79,-8.20%,$0.00,-100.00%,$0.00,-100.00%,WRLD,NASDAQ:WRLD,-0.965,$210.00,
NASDAQ:WSBC,27 May 2026,$35.79,3,$39.75,9,1.22,$42.69,-16.16%,,,,$41.82,-2.04%,$0.00,-100.00%,$0.00,-100.00%,WSBC,NASDAQ:WSBC,-0.600,$44.50,-10.67%
NASDAQ:WSC,19 Aug 2025,$32.85,3,$33.40,7,0.58,$23.76,38.27%,,,,$21.22,-10.69%,$0.00,-100.00%,$0.00,-100.00%,WSC,NASDAQ:WSC,-0.927,$29.40,13.61%
NASDAQ:WSFS,27 May 2026,$70.81,3,$78.70,6,0.77,$81.66,-13.28%,,,,$79.64,-2.47%,$0.00,-100.00%,$0.00,-100.00%,WSFS,NASDAQ:WSFS,-0.810,$88.92,-11.49%
NYSE:WSM,19 Aug 2025,$178.74,2,,,0.85,$241.58,-26.01%,,,,$239.05,-1.05%,$275.76,14.15%,$298.18,23.43%,WSM,NYSE:WSM,-0.734,$219.45,
NYSE:WSO,1 Jul 2024,$356.65,1,,,1.08,$313.06,13.92%,,,,$305.60,-2.38%,$0.00,-100.00%,$0.00,-100.00%,WSO,NYSE:WSO,-0.704,$382.20,
NYSE:WT,27 Aug 2025,$14.51,4,$13.88,8,0.85,$22.81,-39.15%,,,,$22.06,-3.29%,$0.00,-100.00%,$0.00,-100.00%,WT,NYSE:WT,-0.741,$21.33,-34.93%
NASDAQ:WTFC,28 Apr 2026,$145.18,3,$179.88,8,1.36,$162.47,-10.64%,,,,$160.72,-1.08%,$0.00,-100.00%,$0.00,-100.00%,WTFC,NASDAQ:WTFC,-0.555,$180.07,-0.11%
NYSE:WTS,19 Nov 2025,$243.48,2,$290.50,3,0.57,$384.42,-36.66%,,,,$370.90,-3.52%,$0.00,-100.00%,$0.00,-100.00%,WTS,NYSE:WTS,-0.887,$393.00,-26.08%
NASDAQ:WTW,3 Sep 2025,$319.57,3,,,0.71,$331.59,-3.62%,,,,$324.01,-2.29%,$394.64,19.02%,$469.98,41.74%,WTW,NASDAQ:WTW,-0.845,$374.74,
NYSE:WU,9 Sep 2025,$14.43,3,$8.65,5,2.52,$7.45,16.11%,,,,$7.22,-3.09%,$0.00,-100.00%,$0.00,-100.00%,WU,NYSE:WU,-0.002,$7.09,22.00%
NASDAQ:WULF,23 Dec 2025,$11.85,3,$21.73,10,0.94,$17.38,-31.79%,,,,$15.88,-8.63%,$0.00,-100.00%,$0.00,-100.00%,WULF,NASDAQ:WULF,-0.804,$37.44,-41.96%
NASDAQ:WVE,19 Aug 2025,$9.10,3,,,0.67,$5.41,68.13%,,,,$4.99,-7.76%,$0.00,-100.00%,$0.00,-100.00%,WVE,NASDAQ:WVE,-0.927,$19.06,
NYSE:WWW,24 May 2026,$24.95,5,$22.50,8,0.67,$21.03,6.99%,,,,$18.57,-11.70%,$0.00,-100.00%,$0.00,-100.00%,WWW,NYSE:WWW,-0.841,$21.70,3.69%
NASDAQ:XEL,18 Sep 2025,$67.13,2,,,1.38,$79.17,-15.21%,,,,$78.31,-1.09%,$0.00,-100.00%,$0.00,-100.00%,XEL,NASDAQ:XEL,-0.556,$92.39,
NASDAQ:XGN,25 Aug 2025,$7.35,3,,,0.62,$6.66,10.42%,,,,$6.24,-6.31%,$0.00,-100.00%,$0.00,-100.00%,XGN,NASDAQ:XGN,-0.945,$9.86,
NASDAQ:XMTR,23 Dec 2025,$38.29,2,,,0.49,$96.26,-60.23%,,,,$89.65,-6.87%,$0.00,-100.00%,$0.00,-100.00%,XMTR,NASDAQ:XMTR,-0.947,$109.12,
NASDAQ:XNET,11 Feb 2026,$5.15,3,,5,0.66,$5.25,-1.87%,,,,$4.80,-8.57%,$0.00,-100.00%,$0.00,-100.00%,XNET,NASDAQ:XNET,-0.931,$12.00,
NYSE:XOM,23 Aug 2024,$132.36,4,,,1.06,$160.10,-17.33%,,,,$155.94,-2.60%,$0.00,-100.00%,$0.00,-100.00%,XOM,NYSE:XOM,-0.672,$168.32,
NASDAQ:XP,26 Jun 2026,$17.06,3,$24.00,4,1.19,$15.82,7.84%,,,,$15.28,-3.41%,-$721.94,-4663.46%,-$719.83,-4650.11%,XP,NASDAQ:XP,-0.693,$22.60,6.19%
NASDAQ:XPEL,29 Nov 2024,$53.10,3,,,0.62,$50.00,6.20%,,,,$47.57,-4.86%,$0.00,-100.00%,$0.00,-100.00%,XPEL,NASDAQ:XPEL,-0.911,$61.67,
NYSE:XPEV,15 Dec 2025,$20.30,3,$29.67,6,0.66,$11.70,73.53%,,,,$11.09,-5.21%,$3.13,-73.28%,$3.13,-73.28%,XPEV,NYSE:XPEV,-0.931,$22.06,34.50%
NYSE:XYF,9 Sep 2025,$13.63,3,,,,$5.42,151.42%,,,,,-100.00%,-$2.00,-136.90%,-$2.00,-136.90%,XYF,NYSE:XYF,-2.000,,
NYSE:XYL,11 Nov 2025,$146.77,2,,,0.75,$119.68,22.64%,,,,$116.62,-2.56%,$153.87,28.57%,$193.29,61.51%,XYL,NYSE:XYL,-0.860,$153.24,
NYSE:XYZ,11 Feb 2026,$75.58,3,,,0.54,$82.88,-8.80%,,,,$76.19,-8.07%,$0.00,-100.00%,$0.00,-100.00%,XYZ,NYSE:XYZ,-0.929,$97.03,
NYSE:YALA,11 Feb 2026,$6.10,3,,6,0.60,$5.48,11.31%,,,,$5.12,-6.57%,$0.00,-100.00%,$0.00,-100.00%,YALA,NYSE:YALA,-0.957,$8.40,
NASDAQ:YB,11 Feb 2026,$20.18,3,,,,$13.47,49.80%,,,,,-100.00%,-$2.00,-114.85%,-$2.00,-114.85%,YB,NASDAQ:YB,-2.000,,
NYSE:YMM,11 Feb 2026,$11.83,4,$11.96,6,0.79,$8.81,34.28%,,,,$8.56,-2.84%,$22.82,159.05%,$22.84,159.23%,YMM,NYSE:YMM,-0.869,$12.64,-5.38%
NYSE:YPF,12 Feb 2026,$42.64,3,$39.40,2,0.74,$50.05,-21.28%,,,,$47.05,-5.99%,$0.00,-100.00%,$0.00,-100.00%,YPF,NYSE:YPF,-0.843,$58.60,-32.76%
NYSE:YUM,18 Sep 2025,$140.70,3,,,0.46,$148.11,-5.01%,,,,$143.80,-2.91%,$0.00,-100.00%,$0.00,-100.00%,YUM,NYSE:YUM,-0.966,$173.38,
NASDAQ:YYGH,19 Aug 2025,$1.90,3,,,0.16,$1.33,43.20%,,,,$1.19,-10.53%,$0.00,-100.00%,$0.00,-100.00%,YYGH,NASDAQ:YYGH,-0.936,,
NYSE:ZBH,11 Dec 2025,$110.32,5,$103.50,5,0.81,$100.65,2.83%,,,,$95.95,-4.67%,$0.00,-100.00%,$0.00,-100.00%,ZBH,NYSE:ZBH,-0.789,$107.57,-3.78%
NASDAQ:ZBRA,30 Jan 2026,$311.75,3,$319.75,8,0.39,$376.03,-17.09%,,,,$357.45,-4.94%,$0.00,-100.00%,$0.00,-100.00%,ZBRA,NASDAQ:ZBRA,-0.974,$399.00,-19.86%
NASDAQ:ZD,23 Feb 2024,$75.69,3,,,0.96,$55.38,36.68%,,,,$52.88,-4.51%,$0.00,-100.00%,$0.00,-100.00%,ZD,NASDAQ:ZD,-0.722,$58.60,
NASDAQ:ZEUS,22 Aug 2025,$42.35,3,$38.00,3,0.21,$47.86,-20.60%,,,,$22.18,-53.66%,$0.00,-100.00%,$0.00,-100.00%,ZEUS,NASDAQ:ZEUS,-0.994,$38.00,0.00%
NYSE:ZGN,23 Dec 2025,$14.49,4,$11.45,8,0.80,$13.76,-16.79%,,,,$13.39,-2.69%,$0.00,-100.00%,$0.00,-100.00%,ZGN,NYSE:ZGN,-0.792,$14.73,-22.27%
NYSE:ZH,3 Sep 2025,$6.32,4,,8,,$3.18,98.84%,,,,,-100.00%,-$2.00,-162.89%,-$2.00,-162.89%,ZH,NYSE:ZH,-2.000,,
NYSE:ZIM,19 Nov 2025,$20.23,4,$11.83,3,2.69,$28.14,-57.96%,,,,$25.80,-8.32%,$78.05,177.36%,$181.07,543.46%,ZIM,NYSE:ZIM,0.087,$24.95,-52.59%
NASDAQ:ZION,12 Oct 2025,$55.40,3,,,1.54,$72.20,-23.27%,,,,$71.23,-1.34%,$0.00,-100.00%,$0.00,-100.00%,ZION,NASDAQ:ZION,-0.459,$74.95,
NASDAQ:LULU,30 Mar 2026,$260.18,3,$182.42,2,0.41,$119.55,52.59%,,,,$113.40,-5.14%,$178.17,49.04%,$257.99,115.80%,LULU,NASDAQ:LULU,-0.964,$127.92,42.60%
NYSE:LOW,26 Mar 2026,$245.53,4,$293.29,8,0.91,$218.47,12.39%,,,,$211.96,-2.98%,$307.82,40.90%,$355.55,62.74%,LOW,NYSE:LOW,-0.773,$262.88,11.57%
NYSE:OII,30 Jun 2026,$31.11,2,$38.00,10,0.29,$52.20,-40.40%,,,,$48.07,-7.91%,$0.00,-100.00%,$0.00,-100.00%,OII,NYSE:OII,-0.966,$43.25,-12.14%
NASDAQ:SPOK,10 Apr 2026,$17.65,5,$14.00,4,2.41,$10.96,27.74%,,,,$10.94,-0.18%,$20.12,83.62%,$21.87,99.56%,SPOK,NASDAQ:SPOK,-0.123,$14.00,0.00%
NYSE:HTGC,30 Mar 2026,$16.87,3,$19.25,4,2.34,$16.70,1.01%,,,,$16.88,1.08%,$49.75,197.89%,$52.28,213.07%,HTGC,NYSE:HTGC,-0.125,$19.17,0.42%
NASDAQ:RWAY,30 Mar 2026,$9.18,4,$8.00,6,1.80,$6.92,15.61%,,,,$6.82,-1.45%,$0.00,-100.00%,$0.00,-100.00%,RWAY,NASDAQ:RWAY,-0.362,$7.85,1.91%
NASDAQ:CCAP,30 Mar 2026,$15.59,3,$14.25,6,1.96,$11.15,27.80%,,,,$11.17,0.18%,$0.00,-100.00%,$0.00,-100.00%,CCAP,NASDAQ:CCAP,-0.312,$13.57,5.01%
NASDAQ:CCEP,19 Mar 2026,$99.72,3,$108.12,7,0.91,$107.64,-7.36%,,,,$105.28,-2.19%,$0.00,-100.00%,$0.00,-100.00%,CCEP,NASDAQ:CCEP,-0.739,$112.13,-3.58%
NASDAQ:CIVB,19 Mar 2026,$24.05,3,$27.33,6,1.54,$28.51,-15.65%,,,,$28.52,0.04%,$0.00,-100.00%,$0.00,-100.00%,CIVB,NASDAQ:CIVB,-0.470,$31.17,-12.32%
NASDAQ:AUPH,1 Jun 2026,$13.51,3,$15.67,7,0.44,$15.47,-12.70%,,,,$14.37,-7.11%,$0.00,-100.00%,$0.00,-100.00%,AUPH,NASDAQ:AUPH,-0.958,$17.00,-7.82%
NASDAQ:CASS,24 Jun 2026,$50.17,3,,,0.93,$58.41,-14.11%,,,,$57.47,-1.61%,$0.00,-100.00%,$0.00,-100.00%,CASS,NASDAQ:CASS,-0.724,$59.50,
NASDAQ:EXEL,1 May 2026,$47.67,3,$46.00,6,0.66,$51.24,-10.23%,,,,$48.85,-4.66%,$0.00,-100.00%,$0.00,-100.00%,EXEL,NASDAQ:EXEL,-0.847,$52.94,-13.11%
NASDAQ:PBYI,1 Jun 2026,$5.88,3,$5.00,6,0.24,$8.83,-43.37%,,,,$8.29,-6.12%,$0.00,-100.00%,$0.00,-100.00%,PBYI,NASDAQ:PBYI,-0.955,$6.00,-16.67%
NASDAQ:LEGH,29 Jun 2026,$32.03,4,$28.00,8,0.32,$29.33,-4.53%,,,,$27.72,-5.49%,$0.00,-100.00%,$0.00,-100.00%,LEGH,NASDAQ:LEGH,-0.952,$24.00,16.67%
NYSE:UHS,30 Mar 2026,$213.24,5,$245.00,3,0.50,$170.02,25.42%,,,,$163.13,-4.05%,$0.00,-100.00%,$0.00,-100.00%,UHS,NYSE:UHS,-0.944,$193.94,26.33%
NYSE:EMA,30 Mar 2026,$47.50,2,,,1.09,$51.51,-7.78%,,,,$50.28,-2.39%,$0.00,-100.00%,$0.00,-100.00%,EMA,NYSE:EMA,-0.696,$62.50,
NYSE:NXDT,30 Mar 2026,$4.25,3,,,1.59,$5.11,-16.83%,,,,$4.82,-5.68%,$0.00,-100.00%,$0.00,-100.00%,NXDT,NYSE:NXDT,-0.364,,
NASDAQ:LOGI,30 Mar 2026,$102.94,4,$112.27,6,1.04,$103.09,-0.15%,,,,$102.23,-0.83%,$179.50,74.12%,$188.25,82.61%,LOGI,NASDAQ:LOGI,-0.684,$108.60,3.38%
NASDAQ:ACAD,14 Jun 2026,$22.38,3,$32.18,7,0.42,$28.24,-20.74%,,,,$26.63,-5.70%,$0.00,-100.00%,$0.00,-100.00%,ACAD,NASDAQ:ACAD,-0.988,$33.50,-3.94%
NASDAQ:PDEX,31 Mar 2026,$63.00,4,,5,0.71,$67.02,-5.99%,,,,$62.96,-6.06%,$90.74,35.39%,$98.00,46.23%,PDEX,NASDAQ:PDEX,-0.827,$70.00,
NYSE:HLF,10 Apr 2026,$16.11,3,$15.00,10,0.60,$12.33,21.65%,,,,$11.27,-8.60%,$0.00,-100.00%,$0.00,-100.00%,HLF,NYSE:HLF,-0.951,$17.00,-11.76%
NASDAQ:INVA,27 May 2026,$23.82,3,$34.50,8,0.61,$21.19,12.39%,,,,$19.80,-6.56%,$0.00,-100.00%,$0.00,-100.00%,INVA,NASDAQ:INVA,-0.950,$35.00,-1.43%
NYSE:MTH,31 Mar 2026,$81.04,5,$83.50,1,1.25,$73.08,10.89%,,,,$72.96,-0.16%,$129.43,77.11%,$133.12,82.15%,MTH,NYSE:MTH,-0.607,$82.38,1.36%
NYSE:CBT,29 Apr 2026,$98.58,5,$78.00,6,1.09,$87.88,-11.24%,,,,$84.65,-3.68%,$0.00,-100.00%,$0.00,-100.00%,CBT,NYSE:CBT,-0.658,$91.33,-14.60%
NASDAQ:JOYY,21 May 2026,$63.47,5,,,0.86,$73.02,-13.08%,,,,$70.64,-3.26%,$160.36,119.62%,$186.97,156.06%,JOYY,NASDAQ:JOYY,-0.773,$79.87,
NASDAQ:MU,22 Apr 2026,$420.62,3,$543.20,8,0.67,$971.66,-56.71%,,,,$876.29,-9.82%,"$1,591.42",63.78%,"$1,694.94",74.44%,MU,NASDAQ:MU,-0.923,"$1,501.98",-63.83%
NASDAQ:MDXG,22 Apr 2026,$5.83,3,$8.00,7,0.56,$4.27,36.63%,,,,$3.95,-7.49%,$9.57,124.12%,$10.05,135.35%,MDXG,NASDAQ:MDXG,-0.974,$7.00,14.29%
NASDAQ:RIGL,4 Apr 2026,$33.48,4,$45.67,9,0.55,$42.58,-21.37%,,,,$38.61,-9.32%,$0.00,-100.00%,$0.00,-100.00%,RIGL,NASDAQ:RIGL,-0.957,$55.60,-17.86%
NASDAQ:BKNG,15 Jun 2026,$206.77,5,$220.15,7,0.43,$212.06,-2.49%,,,,$198.73,-6.29%,$0.00,-100.00%,$0.00,-100.00%,BKNG,NASDAQ:BKNG,-0.968,$237.81,-7.43%
NASDAQ:RMR,15 Jun 2026,$22.56,4,$21.00,7,2.00,$20.26,3.65%,,,,$19.94,-1.58%,$0.00,-100.00%,$0.00,-100.00%,RMR,NASDAQ:RMR,-0.250,$20.75,1.20%
NYSE:REX,7 Apr 2026,$45.52,3,,,0.82,$44.59,2.09%,,,,$42.81,-3.99%,$95.90,115.07%,$105.53,136.68%,REX,NYSE:REX,-0.797,$50.00,
NYSE:WS,23 Apr 2026,$36.83,3,$38.00,7,1.16,$37.94,-2.93%,,,,$37.35,-1.56%,$47.03,23.97%,$57.36,51.18%,WS,NYSE:WS,-0.664,$46.00,-17.39%
NYSE:ARDT,9 Apr 2026,$17.13,3,$12.47,4,0.49,$10.91,14.30%,,,,$10.49,-3.85%,$0.00,-100.00%,$0.00,-100.00%,ARDT,NYSE:ARDT,-0.954,$12.68,-1.66%
NASDAQ:BYRN,10 Apr 2026,$17.11,3,$20.50,4,0.60,$4.19,308.35%,,,,$4.00,-4.53%,$9.02,115.23%,$10.14,142.06%,BYRN,NASDAQ:BYRN,-0.955,$6.83,200.15%
NYSE:VTOL,30 Jun 2026,$44.08,3,$56.00,5,0.68,$46.53,-5.26%,,,,$44.19,-5.03%,$0.00,-100.00%,$0.00,-100.00%,VTOL,NYSE:VTOL,-0.917,$64.33,-12.95%
NYSE:YELP,10 Apr 2026,$41.52,3,$25.00,3,0.42,$24.70,1.21%,,,,$22.30,-9.72%,$0.00,-100.00%,$0.00,-100.00%,YELP,NYSE:YELP,-0.962,$26.43,-5.41%
NYSE:EMN,29 Jul 2026,$92.37,5,$81.08,7,1.24,$74.07,9.46%,9.46%,$81.08,$92.37,$72.01,-2.78%,$0.00,-100.00%,$0.00,-100.00%,EMN,NYSE:EMN,-0.603,$81.60,-0.64%
NYSE:LEVI,24 Jun 2026,$25.35,4,$26.91,4,1.82,$22.55,12.42%,,,,$22.24,-1.37%,$127.96,467.43%,$164.53,629.63%,LEVI,NYSE:LEVI,-0.380,$28.27,-4.81%
NASDAQ:CWBC,14 Apr 2026,$22.95,3,$27.50,9,1.66,$26.11,-12.09%,,,,$25.42,-2.64%,$0.00,-100.00%,$0.00,-100.00%,CWBC,NASDAQ:CWBC,-0.426,$29.62,-7.16%
NASDAQ:NRDS,16 Apr 2026,$15.41,5,$14.75,5,0.50,$9.84,49.90%,,,,$9.27,-5.79%,$0.00,-100.00%,$0.00,-100.00%,NRDS,NASDAQ:NRDS,-0.954,$11.80,25.00%
NYSE:LZB,29 Apr 2026,$50.16,5,$44.50,1,1.19,$41.85,6.33%,,,,$40.77,-2.58%,$38.42,-8.19%,$70.87,69.34%,LZB,NYSE:LZB,-0.626,$46.00,-3.26%
NASDAQ:UPWK,16 Apr 2026,$16.52,5,$21.22,4,0.49,$8.49,94.63%,,,,$7.80,-8.13%,$0.00,-100.00%,$0.00,-100.00%,UPWK,NASDAQ:UPWK,-0.974,$10.81,96.30%
NASDAQ:MTCH,16 Apr 2026,$41.38,5,$35.45,6,0.87,$37.95,-6.59%,,,,$35.86,-5.51%,$0.00,-100.00%,$0.00,-100.00%,MTCH,NASDAQ:MTCH,-0.769,$41.81,-15.21%
NASDAQ:REGN,29 Apr 2026,$775.92,3,$869.88,8,0.98,$803.48,-3.43%,,,,$785.53,-2.23%,$973.07,21.11%,"$1,021.40",27.12%,REGN,NASDAQ:REGN,-0.704,$833.54,4.36%
NASDAQ:INCY,1 Jun 2026,$81.23,2,$106.83,6,0.50,$120.16,-32.40%,,,,$115.80,-3.63%,$278.77,132.00%,$287.16,138.98%,INCY,NASDAQ:INCY,-0.920,$124.96,-14.51%
NYSE:LTC,29 Apr 2026,$40.57,4,$41.00,5,1.26,$40.22,0.88%,,,,$38.68,-3.83%,$0.00,-100.00%,$0.00,-100.00%,LTC,NYSE:LTC,-0.581,$41.57,-1.37%
NYSE:ELV,8 May 2026,$512.46,3,$382.71,8,1.03,$400.32,-4.40%,,,,$393.19,-1.78%,$0.00,-100.00%,$0.00,-100.00%,ELV,NYSE:ELV,-0.703,$449.10,-14.78%
NYSE:MOH,20 Apr 2026,$251.44,3,$142.77,6,0.53,$212.43,-32.79%,,,,$198.16,-6.72%,$582.01,173.98%,$625.22,194.32%,MOH,NYSE:MOH,-0.895,$209.12,-31.73%
NASDAQ:SAIC,29 Apr 2026,$138.59,5,$101.61,7,0.81,$126.68,-19.79%,,,,$122.81,-3.05%,$220.02,73.68%,$281.17,121.95%,SAIC,NASDAQ:SAIC,-0.763,$120.00,-15.33%
NYSE:CI,14 Jul 2026,$334.04,5,$343.67,10,1.07,$282.56,18.22%,,,,$274.13,-2.98%,$0.00,-100.00%,$0.00,-100.00%,CI,NYSE:CI,-0.704,$341.42,0.66%
NYSE:TX,29 Apr 2026,$44.92,3,$43.17,7,0.87,$53.81,-19.77%,,,,$53.28,-0.98%,$0.00,-100.00%,$0.00,-100.00%,TX,NYSE:TX,-0.755,$55.42,-22.10%
NASDAQ:FDUS,28 Apr 2026,$22.45,3,,,1.60,$19.59,14.61%,,,,$19.74,0.77%,$0.00,-100.00%,$0.00,-100.00%,FDUS,NASDAQ:FDUS,-0.443,$21.50,
NYSE:OPFI,28 Apr 2026,$13.04,3,$15.50,7,0.64,$7.16,82.15%,,,,$6.76,-5.59%,$0.00,-100.00%,$0.00,-100.00%,OPFI,NYSE:OPFI,-0.936,$12.67,22.34%
NASDAQ:UAL,28 Apr 2026,$106.86,4,$130.71,5,0.77,$125.34,-14.74%,,,,$122.97,-1.89%,$239.94,91.43%,$261.01,108.24%,UAL,NASDAQ:UAL,-0.855,$162.15,-19.39%
NYSE:CNA,28 Apr 2026,$48.98,3,,6,1.51,$51.00,-3.97%,,,,$50.65,-0.69%,$0.00,-100.00%,$0.00,-100.00%,CNA,NYSE:CNA,-0.454,$49.00,
NASDAQ:JBSS,28 Apr 2026,$92.51,4,$109.00,8,1.74,$86.75,6.64%,,,,$85.35,-1.61%,$163.96,89.00%,$166.85,92.33%,JBSS,NASDAQ:JBSS,-0.400,$102.00,6.86%
NYSE:HMN,28 Apr 2026,$54.29,4,$48.00,6,1.22,$52.47,-8.52%,,,,$50.92,-2.95%,$0.00,-100.00%,$0.00,-100.00%,HMN,NYSE:HMN,-0.582,$50.50,-4.95%
NYSE:ENVA,28 Apr 2026,$163.50,3,$198.33,8,0.57,$265.45,-38.41%,,,,$252.30,-4.95%,$0.00,-100.00%,$0.00,-100.00%,ENVA,NYSE:ENVA,-0.891,$277.14,-28.44%
NYSE:CF,28 Apr 2026,$121.68,3,$130.71,6,0.85,$118.30,2.86%,,,,$114.29,-3.39%,$0.00,-100.00%,$0.00,-100.00%,CF,NYSE:CF,-0.769,$125.62,4.05%
NYSE:KMPR,28 Apr 2026,$53.67,3,$54.67,2,1.15,$27.42,95.72%,,,,$25.97,-5.29%,$0.00,-100.00%,$0.00,-100.00%,KMPR,NYSE:KMPR,-0.711,$49.33,10.83%
NYSE:RLI,28 Apr 2026,$66.40,5,$62.50,7,1.44,$63.77,-1.99%,,,,$63.02,-1.18%,$0.00,-100.00%,$0.00,-100.00%,RLI,NYSE:RLI,-0.482,$60.50,3.31%
NASDAQ:MORN,28 Apr 2026,,,$280.00,7,0.51,$207.41,35.00%,,,,$188.83,-8.96%,$351.86,69.65%,$441.89,113.05%,MORN,NASDAQ:MORN,-0.940,$236.67,18.31%
NASDAQ:GEHC,28 Apr 2026,$91.01,5,$94.25,9,0.45,$73.69,23.50%,,,,$69.44,-5.77%,$59.41,-19.37%,$72.03,-2.25%,GEHC,NASDAQ:GEHC,-0.958,$82.50,14.24%
NASDAQ:NTRS,28 Apr 2026,$135.85,2,$169.95,5,1.03,$191.41,-29.03%,,,,$187.56,-2.01%,$0.00,-100.00%,$0.00,-100.00%,NTRS,NASDAQ:NTRS,-0.668,$184.27,-7.77%
NYSE:WES,2 Jul 2026,$43.13,1,,,1.85,$48.92,-11.84%,,,,$48.49,-0.88%,$0.00,-100.00%,$0.00,-100.00%,WES,NYSE:WES,-0.299,$46.50,
NYSE:DHT,25 Jun 2026,$16.49,3,,,2.27,$19.52,-15.52%,,,,$18.34,-6.05%,$0.00,-100.00%,$0.00,-100.00%,DHT,NYSE:DHT,-0.138,$20.52,
NYSE:D,21 May 2026,$62.63,3,$66.64,8,1.54,$68.77,-8.93%,,,,$67.91,-1.25%,$0.00,-100.00%,$0.00,-100.00%,D,NYSE:D,-0.457,$70.75,-5.81%
NASDAQ:CBK,1 Jun 2026,$30.03,3,,,0.88,$35.30,-14.92%,,,,$34.72,-1.64%,$0.00,-100.00%,$0.00,-100.00%,CBK,NASDAQ:CBK,-0.771,$39.50,
NYSE:ELPC,12 May 2026,$11.13,3,$13.10,8,0.96,$10.46,6.43%,,,,$10.37,-0.86%,$0.00,-100.00%,$0.00,-100.00%,ELPC,NYSE:ELPC,-0.793,$17.27,-24.15%
NYSE:FDX,25 Jun 2026,$291.89,1,,,0.94,$334.64,-12.77%,,,,$322.86,-3.52%,$491.36,46.83%,$746.52,123.08%,FDX,NYSE:FDX,-0.727,$352.23,
NYSE:FBK,27 May 2026,$53.58,3,$64.25,5,0.85,$61.80,-13.30%,,,,$60.81,-1.60%,$0.00,-100.00%,$0.00,-100.00%,FBK,NYSE:FBK,-0.774,$66.34,-3.15%
NYSE:AXTA,23 Jul 2026,$40.33,5,$37.00,5,0.70,$37.31,-0.83%,-0.83%,$37.00,$40.33,$36.11,-3.22%,$48.79,30.78%,$71.90,92.72%,AXTA,NYSE:AXTA,-0.831,$38.57,-4.07%
NASDAQ:LOPE,26 Jun 2026,$168.79,5,$209.33,3,0.55,$144.20,17.05%,,,,$135.63,-5.94%,$373.66,159.13%,$400.31,177.61%,LOPE,NASDAQ:LOPE,-0.967,$195.00,7.35%
NASDAQ:PAA,29 Jun 2026,$21.85,1,,,2.23,$23.90,-8.58%,,,,$23.40,-2.09%,$0.00,-100.00%,$0.00,-100.00%,PAA,NASDAQ:PAA,-0.146,$24.47,
NASDAQ:NKSH,27 May 2026,$35.84,3,,7,1.63,$42.41,-15.50%,,,,$42.32,-0.21%,$0.00,-100.00%,$0.00,-100.00%,NKSH,NASDAQ:NKSH,-0.430,$46.75,
NYSE:KRC,15 Jun 2026,$46.60,5,$37.20,5,1.44,$36.31,2.45%,,,,$36.25,-0.17%,$50.77,39.82%,$70.86,95.15%,KRC,NYSE:KRC,-0.514,$40.07,-7.16%
NASDAQ:MRBK,27 May 2026,$18.24,3,$21.00,7,1.54,$20.08,-9.16%,,,,$19.97,-0.55%,$0.00,-100.00%,$0.00,-100.00%,MRBK,NASDAQ:MRBK,-0.487,$23.50,-10.64%
NYSE:TTE,20 Jul 2026,$86.21,5,$96.34,,2.61,$88.33,-2.40%,-2.40%,$86.21,$96.34,$88.57,0.27%,$0.00,-100.00%,$0.00,-100.00%,TTE,NYSE:TTE,0.012,$95.00,1.41%
NASDAQ:SMBC,27 May 2026,$70.66,3,$73.33,5,0.80,$76.76,-7.94%,,,,$75.67,-1.42%,$0.00,-100.00%,$0.00,-100.00%,SMBC,NASDAQ:SMBC,-0.799,$83.67,-12.36%
NYSE:EPD,30 Jun 2026,$36.66,1,,,2.17,$38.90,-5.76%,,,,$38.12,-2.01%,$0.00,-100.00%,$0.00,-100.00%,EPD,NYSE:EPD,-0.182,$41.20,
NASDAQ:SHOE,23 Jul 2026,$22.99,5,,,1.14,$15.24,50.87%,50.87%,$22.99,$22.99,$15.07,-1.12%,$0.00,-100.00%,$0.00,-100.00%,SHOE,NASDAQ:SHOE,-0.718,$22.00,
NYSE:AD,5 Aug 2026,$34.32,3,,,4.19,$35.98,-4.61%,-4.61%,$34.32,$46.34,$37.23,3.47%,$0.00,-100.00%,$0.00,-100.00%,AD,NYSE:AD,0.666,$46.34,
NASDAQ:SCVL,14 Aug 2026,$15.30,3,,,,$15.24,0.39%,0.39%,$15.30,$15.30,,-100.00%,-$2.00,-113.12%,-$2.00,-113.12%,SCVL,NASDAQ:SHOE,-2.000,,
NYSE:SBR,30 Jun 2026,$69.55,3,,6,1.13,$72.90,-4.60%,,,,$72.27,-0.86%,$162.31,122.64%,$162.30,122.63%,SBR,NYSE:SBR,-0.542,$32.50,
NYSE:MATV,23 Jul 2026,$12.14,5,,5,1.17,$12.21,-0.58%,-0.58%,$12.14,$21.00,$11.67,-4.42%,$0.00,-100.00%,$0.00,-100.00%,MATV,NYSE:MATV,-0.703,$21.00,
NYSE:TK,30 Jun 2026,$11.24,3,,2,2.02,$12.47,-9.86%,,,,$11.82,-5.21%,$0.00,-100.00%,$0.00,-100.00%,TK,NYSE:TK,-0.146,$5.00,
NYSE:AVA,29 Jun 2026,$41.07,3,$39.25,5,1.52,$39.15,0.26%,,,,$38.56,-1.51%,$0.00,-100.00%,$0.00,-100.00%,AVA,NYSE:AVA,-0.472,$41.33,-5.03%
NYSE:TNK,16 Jun 2026,$68.85,3,$80.50,6,1.33,$85.13,-19.13%,,,,$80.83,-5.05%,$480.76,464.73%,$518.30,508.83%,TNK,NYSE:TNK,-0.555,$90.00,-10.56%
NASDAQ:BCML,16 Jun 2026,$34.03,3,$33.00,7,1.25,$31.07,6.21%,,,,$30.64,-1.38%,$0.00,-100.00%,$0.00,-100.00%,BCML,NASDAQ:BCML,-0.583,$32.00,3.13%
NYSE:CBL,23 Jun 2026,$47.75,3,$55.00,8,0.99,$58.11,-17.82%,,,,$56.06,-3.53%,$0.00,-100.00%,$0.00,-100.00%,CBL,NYSE:CBL,-0.711,$63.00,-12.70%
NASDAQ:JCAP,14 Aug 2026,$25.71,4,,,0.71,$24.00,7.13%,7.13%,$25.71,$26.00,$20.69,-13.79%,$0.00,-100.00%,$0.00,-100.00%,JCAP,NASDAQ:JCAP,-0.836,$26.00,
NYSE:BKH,16 Jun 2026,$76.81,4,$83.00,9,1.65,$74.29,3.39%,,,,$73.78,-0.69%,$0.00,-100.00%,$0.00,-100.00%,BKH,NYSE:BKH,-0.433,$84.80,-2.12%
NYSE:CPK,25 Jun 2026,$113.77,3,,,0.75,$135.10,-15.79%,,,,$132.03,-2.27%,$0.00,-100.00%,$0.00,-100.00%,CPK,NYSE:CPK,-0.818,$146.90,
NYSE:HESM,30 Jun 2026,$37.34,1,,,1.52,$40.53,-7.87%,,,,$39.78,-1.85%,$0.00,-100.00%,$0.00,-100.00%,HESM,NYSE:HESM,-0.441,$37.33,
NYSE:SOBO,23 Jun 2026,$37.00,3,,,1.09,$36.79,0.57%,,,,$35.92,-2.36%,$0.00,-100.00%,$0.00,-100.00%,SOBO,NYSE:SOBO,-0.637,$35.09,
NYSE:AEE,16 Jun 2026,$106.67,3,$119.00,7,1.29,$109.74,-2.80%,,,,$108.31,-1.30%,-$9.80,-108.93%,-$1.16,-101.06%,AEE,NYSE:AEE,-0.584,$121.50,-2.06%
NYSE:SUN,24 Jun 2026,$65.25,3,,,1.28,$75.58,-13.67%,,,,$73.88,-2.25%,$0.00,-100.00%,$0.00,-100.00%,SUN,NYSE:SUN,-0.583,$82.57,
NYSE:RGA,25 Jun 2026,$194.90,3,,,0.77,$249.45,-21.87%,,,,$242.16,-2.92%,$0.00,-100.00%,$0.00,-100.00%,RGA,NYSE:RGA,-0.807,$266.89,
NYSE:MPC,16 Jun 2026,$210.97,1,$279.30,8,0.57,$355.42,-40.64%,,,,$336.00,-5.46%,$0.00,-100.00%,$0.00,-100.00%,MPC,NYSE:MPC,-0.855,$317.72,-12.09%
NYSE:ATO,16 Jun 2026,$164.62,3,,,0.81,$169.92,-3.12%,,,,$166.43,-2.05%,$0.00,-100.00%,$0.00,-100.00%,ATO,NYSE:ATO,-0.798,$188.92,
NYSE:OMF,23 Jun 2026,$58.80,3,,,2.09,$65.68,-10.48%,,,,$63.74,-2.95%,$309.33,370.96%,$315.08,379.71%,OMF,NYSE:OMF,-0.217,$69.57,
NYSE:SPG,25 Jun 2026,$192.49,3,$210.75,9,1.08,$219.58,-12.34%,,,,$219.20,-0.17%,$0.00,-100.00%,$0.00,-100.00%,SPG,NYSE:SPG,-0.665,$231.32,-8.89%
NYSE:HTH,16 Jun 2026,$40.96,3,$39.50,3,1.52,$39.60,-0.25%,,,,$39.38,-0.56%,$64.64,63.23%,$69.99,76.73%,HTH,NYSE:HTH,-0.472,$42.00,-5.95%
NASDAQ:HTO,23 Jun 2026,$57.81,3,,,1.30,$63.85,-9.47%,,,,$62.48,-2.15%,$0.00,-100.00%,$0.00,-100.00%,HTO,NASDAQ:HTO,-0.566,$66.57,
NYSE:MLI,17 Jun 2026,$127.13,2,,,0.75,$65.90,92.91%,,,,$65.10,-1.21%,$115.15,74.74%,$119.40,81.18%,MLI,NYSE:MLI,-0.845,$80.00,
NYSE:EG,17 Jun 2026,$338.53,3,,,1.49,$370.11,-8.53%,,,,$361.84,-2.23%,$0.00,-100.00%,$0.00,-100.00%,EG,NYSE:EG,-0.491,$406.47,
NYSE:SR,23 Jun 2026,$82.84,4,,,1.34,$82.84,0.00%,,,,$82.00,-1.01%,$0.00,-100.00%,$0.00,-100.00%,SR,NYSE:SR,-0.570,$95.00,
NYSE:BFH,19 Jun 2026,$90.04,3,$98.33,10,0.77,$113.40,-20.60%,,,,$105.68,-6.81%,-$151.55,-233.64%,-$146.47,-229.16%,BFH,NYSE:BFH,-0.793,$113.53,-13.39%
NASDAQ:SNY,23 Jul 2026,$57.39,5,$57.00,3,1.32,$43.72,30.38%,30.38%,$53.72,$57.39,$43.48,-0.55%,$0.00,-100.00%,$0.00,-100.00%,SNY,NASDAQ:SNY,-0.599,$53.72,6.11%
NASDAQ:TMUS,30 Jun 2026,$234.16,3,$254.24,7,1.14,$182.61,28.23%,,,,$175.97,-3.64%,$318.40,74.36%,$527.56,188.90%,TMUS,NASDAQ:TMUS,-0.699,$243.08,4.59%
NYSE:ES,23 Jun 2026,$73.60,4,$70.67,8,1.51,$72.36,-2.34%,,,,$71.67,-0.95%,$0.00,-100.00%,$0.00,-100.00%,ES,NYSE:ES,-0.468,$73.77,-4.20%
NASDAQ:TIGO,24 Jun 2026,$78.80,3,,,1.39,$93.89,-16.07%,,,,$93.29,-0.64%,$0.00,-100.00%,$0.00,-100.00%,TIGO,NASDAQ:TIGO,-0.521,$96.01,
NASDAQ:EZPW,29 Jun 2026,$31.35,3,$41.00,9,0.73,$29.49,6.31%,,,,$27.81,-5.70%,$0.00,-100.00%,$0.00,-100.00%,EZPW,NASDAQ:EZPW,-0.893,$40.80,0.49%
NYSE:NRP,24 Jun 2026,$100.40,3,,,0.89,$104.56,-3.98%,,,,$101.53,-2.90%,$0.00,-100.00%,$0.00,-100.00%,NRP,NYSE:NRP,-0.718,$96.00,
NYSE:DINO,24 Jun 2026,$67.54,3,$72.58,9,0.99,$93.67,-27.90%,,,,$85.14,-9.11%,$0.00,-100.00%,$0.00,-100.00%,DINO,NYSE:DINO,-0.682,$89.33,-18.75%
NYSE:T,23 Jul 2026,$28.76,5,$27.54,10,1.17,$24.89,10.65%,10.65%,$27.54,$28.76,$24.02,-3.50%,$20.98,-15.73%,$57.90,132.61%,T,NYSE:T,-0.648,$28.71,-4.08%
NYSE:HAL,30 Jun 2026,$33.26,3,$45.07,7,1.42,$34.42,-3.38%,,,,$33.08,-3.89%,$44.79,30.13%,$58.38,69.61%,HAL,NYSE:HAL,-0.562,$43.52,3.56%
NYSE:TS,30 Jun 2026,$56.32,3,$63.20,7,1.11,$53.58,5.12%,,,,$51.78,-3.36%,$0.00,-100.00%,$0.00,-100.00%,TS,NYSE:TS,-0.686,$64.33,-1.76%
NYSE:TDW,30 Jun 2026,$68.88,3,,7,0.36,$94.28,-26.94%,,,,$85.17,-9.66%,$0.00,-100.00%,$0.00,-100.00%,TDW,NYSE:TDW,-0.959,$88.14,
NYSE:FLOC,29 Jul 2026,$21.53,4,,,0.67,$23.73,-9.27%,-9.27%,$21.53,$31.22,$22.07,-7.00%,$0.00,-100.00%,$0.00,-100.00%,FLOC,NYSE:FLOC,-0.904,$31.22,
NYSE:CLB,21 Jul 2026,$13.82,5,$11.00,1,0.49,$12.45,-11.65%,-11.65%,$11.00,$15.50,$11.51,-7.55%,$9.55,-23.29%,$12.78,2.68%,CLB,NYSE:CLB,-0.971,$15.50,-29.03%
NASDAQ:SND,30 Jun 2026,$5.71,3,,6,0.95,$5.10,11.96%,,,,$4.83,-5.29%,$0.00,-100.00%,$0.00,-100.00%,SND,NASDAQ:SND,-0.624,$3.00,
NYSE:BWLP,26 Jun 2026,$17.09,3,,,2.30,$22.62,-24.45%,,,,$22.33,-1.28%,$74.61,229.84%,$100.51,344.33%,BWLP,NYSE:BWLP,-0.080,,
NYSE:RCI,14 Aug 2026,$40.30,5,$42.37,9,1.76,$36.44,10.59%,10.59%,$40.30,$42.44,$35.96,-1.32%,$9.00,-75.31%,$142.09,289.93%,RCI,NYSE:RCI,-0.389,$42.44,-0.16%
NYSE:TIMB,30 Jun 2026,$23.56,4,$27.83,1,1.05,$17.35,35.77%,,,,$17.02,-1.90%,$63.07,263.50%,$110.49,536.85%,TIMB,NYSE:TIMB,-0.756,$24.49,13.64%
NYSE:UGI,2 Jul 2026,$38.21,4,$40.00,4,1.02,$35.37,8.02%,,,,$34.58,-2.23%,$0.00,-100.00%,$0.00,-100.00%,UGI,NYSE:UGI,-0.715,$41.33,-3.22%
NYSE:WSR,2 Jul 2026,$19.20,3,$19.00,7,,,#DIV/0!,,,,,#DIV/0!,-$2.00,#DIV/0!,-$2.00,#DIV/0!,WSR,NYSE:WSR,-2.000,,
NYSE:BSM,2 Jul 2026,$13.68,1,,,2.34,$14.36,-4.74%,,,,$14.39,0.21%,$0.00,-100.00%,$0.00,-100.00%,BSM,NYSE:BSM,-0.118,$16.00,
NASDAQ:STRS,17 Jul 2026,$26.82,4,,3,2.67,$19.32,38.82%,38.82%,$26.82,$26.82,$10.36,-46.38%,$0.00,-100.00%,$0.00,-100.00%,STRS,NASDAQ:STRS,0.070,,
NYSE:USAC,,,,,,1.54,$26.62,-100.00%,,,,$25.84,-2.93%,$0.00,-100.00%,$0.00,-100.00%,USAC,NYSE:USAC,-0.475,$29.60,
NASDAQ:SWBI,,,,,,1.72,$14.33,-100.00%,,,,$14.11,-1.54%,$57.80,303.35%,$64.50,350.08%,SWBI,NASDAQ:SWBI,-0.416,$17.25,
NYSE:INN,,,,,,1.02,$6.04,-100.00%,,,,$5.87,-2.81%,$0.00,-100.00%,$0.00,-100.00%,INN,NYSE:INN,-0.703,$6.69,
NYSE:NTST,,,,,,1.73,$20.71,-100.00%,,,,$20.56,-0.72%,$16.64,-19.64%,$29.39,41.90%,NTST,NYSE:NTST,-0.392,$23.18,
NYSE:NE,,,,,,1.20,$45.10,-100.00%,,,,$42.83,-5.03%,$55.42,22.88%,$55.34,22.71%,NE,NYSE:NE,-0.614,$48.09,
NYSE:HUN,,,,,,1.48,$10.30,-100.00%,,,,$10.09,-2.04%,$9.29,-9.78%,$27.18,163.90%,HUN,NYSE:HUN,-0.510,$11.82,
NYSE:DOW,,,,,,1.47,$31.07,-100.00%,,,,$30.12,-3.06%,$26.64,-14.25%,$76.10,144.93%,DOW,NYSE:DOW,-0.513,$35.69,
NYSE:TU,,,,,,2.46,$9.76,-100.00%,,,,$9.56,-2.05%,$0.22,-97.70%,$10.59,8.48%,TU,NYSE:TU,-0.085,$11.67,
NYSE:DKS,,,,,,1.27,$201.97,-100.00%,,,,$198.65,-1.64%,$240.31,18.98%,"$5,738.21",2741.12%,DKS,NYSE:DKS,-0.621,$251.05,
NYSE:GLP,,,,,,1.21,$50.83,-100.00%,,,,$49.50,-2.62%,$0.00,-100.00%,$0.00,-100.00%,GLP,NYSE:GLP,-0.570,$45.00,
NYSE:UAN,,,,,,2.43,$123.50,-100.00%,,,,$121.88,-1.31%,$231.58,87.52%,$312.56,153.08%,UAN,NYSE:UAN,0.037,$9.50,
NYSE:BCE,,,,,,1.16,$23.47,-100.00%,,,,$22.78,-2.94%,$0.00,-100.00%,$0.00,-100.00%,BCE,NYSE:BCE,-0.663,$28.45,
NASDAQ:CMCSA,,,,,,2.14,$26.18,-100.00%,,,,$25.83,-1.34%,$97.92,274.04%,$166.58,536.30%,CMCSA,NASDAQ:CMCSA,-0.217,$30.08,
NYSE:CUBE,,,,,,1.70,$41.48,-100.00%,,,,$41.42,-0.14%,$49.29,18.83%,$59.17,42.65%,CUBE,NYSE:CUBE,-0.389,$44.00,
NYSE:XIFR,,,,,,0.61,$11.75,-100.00%,,,,$11.12,-5.36%,-$35.74,-404.19%,-$15.11,-228.64%,XIFR,NYSE:XIFR,-0.872,$12.23,
NASDAQ:RILY,,,,,,0.72,$7.45,-100.00%,,,,$7.38,-0.94%,$0.00,-100.00%,$0.00,-100.00%,RILY,NASDAQ:RILY,-0.723,$1.50,
NYSE:BCC,,,,,,1.14,$83.24,-100.00%,,,,$82.94,-0.36%,$58.32,-29.94%,$105.50,26.74%,BCC,NYSE:BCC,-0.664,$96.50,
NYSE:CC,,,,,,1.07,$15.85,-100.00%,,,,$14.27,-9.97%,$0.00,-100.00%,$0.00,-100.00%,CC,NYSE:CC,-0.738,$21.67,
NASDAQ:BBCP,,,,,,0.71,$9.60,-100.00%,,,,$9.17,-4.48%,$7.01,-26.95%,$9.19,-4.32%,BBCP,NASDAQ:BBCP,-0.872,$12.00,
NASDAQ:PAGP,,,,,,1.78,$25.84,-100.00%,,,,$25.22,-2.40%,-$1.42,-105.49%,$46.89,81.46%,PAGP,NASDAQ:PAGP,-0.333,$24.64,
NYSE:AEO,,,,,,0.76,$16.17,-100.00%,,,,$15.47,-4.33%,$57.59,256.16%,$54.53,237.22%,AEO,NYSE:AEO,-0.840,$19.50,
NYSE:BEP,,,,,,1.49,$34.75,-100.00%,,,,$33.97,-2.24%,$0.00,-100.00%,$0.00,-100.00%,BEP,NYSE:BEP,-0.478,$35.62,
NASDAQ:NWE,,,,,,1.60,$71.81,-100.00%,,,,$71.13,-0.95%,-$4.44,-106.18%,$9.91,-86.20%,NWE,NASDAQ:NWE,-0.428,$74.25,
NYSE:PINE,,,,,,2.44,$19.75,-100.00%,,,,$19.84,0.46%,-$0.18,-100.91%,$12.77,-35.33%,PINE,NYSE:PINE,-0.072,$21.73,
NYSE:LYB,,,,,,1.78,$63.76,-100.00%,,,,$62.12,-2.57%,$0.00,-100.00%,$0.00,-100.00%,LYB,NYSE:LYB,-0.364,$69.53,
NYSE:CODI,,,,,,1.29,$12.71,-100.00%,,,,$12.12,-4.64%,$0.00,-100.00%,$0.00,-100.00%,CODI,NYSE:CODI,-0.619,$16.00,
NYSE:KEN,,,,,,0.96,$66.49,-100.00%,,,,$66.98,0.74%,$79.99,20.31%,$84.51,27.10%,KEN,NYSE:KEN,-0.618,$29.85,
NYSE:SPH,,,,,,1.24,$17.75,-100.00%,,,,$17.45,-1.69%,$0.00,-100.00%,$0.00,-100.00%,SPH,NYSE:SPH,-0.572,$17.00,
NASDAQ:VNOM,,,,,,1.10,$42.29,-100.00%,,,,$40.37,-4.54%,$0.00,-100.00%,$0.00,-100.00%,VNOM,NASDAQ:VNOM,-0.716,$56.11,
NYSE:ENR,,,,,,1.44,$22.76,-100.00%,,,,$22.29,-2.07%,$0.00,-100.00%,$0.00,-100.00%,ENR,NYSE:ENR,-0.489,$22.33,
NYSE:PII,,,,,,1.60,$69.49,-100.00%,,,,$67.71,-2.56%,$141.31,103.35%,$200.38,188.35%,PII,NYSE:PII,-0.430,$72.33,
NYSE:BIP,,,,,,2.21,$39.74,-100.00%,,,,$39.75,0.03%,-$130.65,-428.77%,-$41.07,-203.35%,BIP,NYSE:BIP,-0.193,$46.82,
NYSE:CWEN,,,,,,1.27,$34.14,-100.00%,,,,$33.79,-1.03%,$0.00,-100.00%,$0.00,-100.00%,CWEN,NYSE:CWEN,-0.631,$43.58,
NYSE:OLN,,,,,,1.46,$19.10,-100.00%,,,,$18.40,-3.66%,$34.58,81.07%,$24.72,29.44%,OLN,NYSE:OLN,-0.524,$22.38,
NYSE:CTO,,,,,,1.67,$22.00,-100.00%,,,,$21.91,-0.41%,$1.29,-94.15%,$19.91,-9.50%,CTO,NYSE:CTO,-0.416,$24.60,
NYSE:MMM,,,,,,0.91,$182.65,-100.00%,,,,$179.08,-1.95%,$198.15,8.49%,$178.95,-2.03%,MMM,NYSE:MMM,-0.728,$183.26,
NYSE:BWMX,,,,,,2.70,$16.45,-100.00%,,,,$16.51,0.36%,$41.64,153.11%,$48.06,192.17%,BWMX,NYSE:BWMX,-0.021,$29.77,
NASDAQ:WDFC,,,,,,0.69,$229.24,-100.00%,,,,$224.30,-2.15%,$355.98,55.29%,$371.92,62.24%,WDFC,NASDAQ:WDFC,-0.869,$271.67,
NYSE:KRP,,,,,,1.81,$15.10,-100.00%,,,,$15.00,-0.66%,$0.00,-100.00%,$0.00,-100.00%,KRP,NYSE:KRP,-0.388,$19.20,
NYSE:BEPC,,,,,,1.11,$35.50,-100.00%,,,,$34.48,-2.87%,$0.00,-100.00%,$0.00,-100.00%,BEPC,NYSE:BEPC,-0.662,$39.17,
NYSE:SXC,,,,,,1.72,$9.36,-100.00%,,,,$9.17,-2.03%,$19.12,104.28%,$11.57,23.56%,SXC,NYSE:SXC,-0.374,$9.50,
NYSE:OUT,,,,,,1.26,$30.24,-100.00%,,,,$29.54,-2.31%,$0.00,-100.00%,$0.00,-100.00%,OUT,NYSE:OUT,-0.632,$38.00,
NYSE:FLNG,,,,,,1.93,$30.80,-100.00%,,,,$29.68,-3.64%,$15.26,-50.46%,$29.07,-5.62%,FLNG,NYSE:FLNG,-0.239,$25.88,
NYSE:NAT,,,,,,2.63,$6.71,-100.00%,,,,$6.79,1.19%,$9.07,35.15%,$11.64,73.52%,NAT,NYSE:NAT,0.057,$6.00,
NYSE:KGS,,,,,,1.09,$65.35,-100.00%,,,,$60.99,-6.67%,$0.00,-100.00%,$0.00,-100.00%,KGS,NYSE:KGS,-0.708,$82.47,
NYSE:GRNT,,,,,,2.35,$5.11,-100.00%,,,,$5.03,-1.57%,$0.00,-100.00%,$0.00,-100.00%,GRNT,NYSE:GRNT,-0.177,$7.60,
NYSE:TSM,,,,,,0.99,$426.35,-100.00%,,,,$422.19,-0.98%,$543.44,27.46%,$621.94,45.88%,TSM,NYSE:TSM,-0.754,$547.09,
NASDAQ:FEIM,,,,,,0.36,$78.73,-100.00%,,,,$73.38,-6.80%,$0.00,-100.00%,$0.00,-100.00%,FEIM,NASDAQ:FEIM,-0.980,$81.00,
NYSE:INSW,,,,,,1.34,$97.05,-100.00%,,,,$92.93,-4.25%,$0.00,-100.00%,$0.00,-100.00%,INSW,NYSE:INSW,-0.540,$98.67,
NASDAQ:CSCO,,,,,,0.86,$111.68,-100.00%,,,,$109.54,-1.92%,$0.00,-100.00%,$0.00,-100.00%,CSCO,NASDAQ:CSCO,-0.793,$132.59,
NASDAQ:GLPI,,,,,,1.70,$43.57,-100.00%,,,,$43.27,-0.69%,$0.00,-100.00%,$0.00,-100.00%,GLPI,NASDAQ:GLPI,-0.430,$53.70,
NYSE:LPL,23 Jul 2026,$3.52,4,,2,0.54,$3.50,0.54%,0.54%,$3.52,$4.30,$3.22,-8.00%,$0.00,-100.00%,$0.00,-100.00%,LPL,NYSE:LPL,-0.945,$4.30,
NYSE:TSLX,27 Jul 2026,$16.72,,$18.92,7,2.14,$18.77,-10.92%,-10.92%,$16.72,$19.68,$19.06,1.55%,$0.00,-100.00%,$0.00,-100.00%,TSLX,NYSE:TSLX,-0.191,$19.68,-3.86%
NYSE:GNK,,,,,,1.81,$26.34,-100.00%,,,,$25.58,-2.89%,$0.00,-100.00%,$0.00,-100.00%,GNK,NYSE:GNK,-0.357,$29.50,
NYSE:TDS,,,,,,2.14,$35.21,-100.00%,,,,$33.55,-4.71%,$0.00,-100.00%,$0.00,-100.00%,TDS,NYSE:TDS,-0.271,$50.50,
NYSE:AXIA,,,,,,,$10.22,-100.00%,,,,,-100.00%,-$2.00,-119.57%,-$2.00,-119.57%,AXIA,NYSE:AXIA,-2.000,,
NASDAQ:BLMN,,,,,,0.76,$10.55,-100.00%,,,,$10.55,0.00%,$0.00,-100.00%,$0.00,-100.00%,BLMN,NASDAQ:BLMN,-0.810,$11.32,
NYSE:CPA,,,,,,1.54,$135.87,-100.00%,,,,$135.22,-0.48%,$0.00,-100.00%,$0.00,-100.00%,CPA,NYSE:CPA,-0.520,$179.07,
NYSE:AB,,,,,,1.87,$36.65,-100.00%,,,,$36.46,-0.52%,$0.00,-100.00%,$0.00,-100.00%,AB,NYSE:AB,-0.316,$39.29,
NASDAQ:PANL,,,,,,1.25,$7.44,-100.00%,,,,$7.21,-3.09%,$0.00,-100.00%,$0.00,-100.00%,PANL,NASDAQ:PANL,-0.667,$10.85,
NASDAQ:BCBP,,,,,,1.15,$9.00,-100.00%,,,,$8.80,-2.22%,$0.00,-100.00%,$0.00,-100.00%,BCBP,NASDAQ:BCBP,-0.690,$11.75,
NYSE:SSTK,,,,,,2.35,$5.69,-100.00%,,,,$5.54,-2.64%,$18.77,229.87%,$12.56,120.67%,SSTK,NYSE:SSTK,-0.177,$28.85,
NASDAQ:EMBC,,,,,,1.15,$5.10,-100.00%,,,,$4.61,-9.61%,$0.00,-100.00%,$0.00,-100.00%,EMBC,NASDAQ:EMBC,-0.572,$4.00,
NYSE:OTF,,,,,,1.70,$11.46,-100.00%,,,,$11.37,-0.79%,$0.00,-100.00%,$0.00,-100.00%,OTF,NYSE:OTF,-0.419,$13.67,
NYSE:OGN,,,,,,1.59,$13.72,-100.00%,,,,$13.70,-0.15%,$40.05,191.88%,$31.15,127.01%,OGN,NYSE:OGN,-0.387,$11.25,
NYSE:ARE,,,,,,0.97,$48.14,-100.00%,,,,$47.26,-1.83%,$0.00,-100.00%,$0.00,-100.00%,ARE,NYSE:ARE,-0.721,$52.36,
NASDAQ:CGBD,,,,,,2.33,$11.35,-100.00%,,,,$11.25,-0.88%,$0.00,-100.00%,$0.00,-100.00%,CGBD,NASDAQ:CGBD,-0.115,$12.29,
NASDAQ:ADAM,,,,,,2.42,$10.12,-100.00%,,,,$10.20,0.79%,-$106.82,-1155.49%,-$103.74,-1125.10%,ADAM,NASDAQ:ADAM,-0.097,$11.96,
NYSE:EC,,,,,,1.00,$17.17,-100.00%,,,,$16.47,-4.08%,$0.00,-100.00%,$0.00,-100.00%,EC,NYSE:EC,-0.639,$13.47,
NASDAQ:TRIN,,,,,,2.24,$18.43,-100.00%,,,,$18.45,0.11%,$0.00,-100.00%,$0.00,-100.00%,TRIN,NASDAQ:TRIN,-0.140,$18.50,
NYSE:ARR,,,,,,2.96,$16.74,-100.00%,,,,$17.13,2.33%,-$60.40,-460.80%,-$59.97,-458.27%,ARR,NYSE:ARR,0.162,$18.38,
NYSE:ARI,,,,,,2.23,$6.83,-100.00%,,,,$6.94,1.61%,$0.00,-100.00%,$0.00,-100.00%,ARI,NYSE:ARI,-0.180,$8.00,
NYSE:OLP,,,,,,1.99,$24.23,-100.00%,,,,$24.28,0.21%,$0.00,-100.00%,$0.00,-100.00%,OLP,NYSE:OLP,-0.274,$26.83,
NYSE:BDN,,,,,,2.26,$3.09,-100.00%,,,,$3.17,2.59%,-$8.35,-370.21%,$1.71,-44.68%,BDN,NYSE:BDN,-0.125,$3.00,
NYSE:TRTX,,,,,,2.00,$7.93,-100.00%,,,,$8.03,1.26%,-$24.45,-408.28%,-$22.64,-385.49%,TRTX,NYSE:TRTX,-0.301,$9.88,
NYSE:NSP,,,,,,1.39,$52.20,-100.00%,,,,$50.22,-3.79%,$0.00,-100.00%,$0.00,-100.00%,NSP,NYSE:NSP,-0.514,$51.75,
NYSE:MTN,,,,,,1.79,$148.30,-100.00%,,,,$141.02,-4.91%,$74.99,-49.44%,$157.91,6.48%,MTN,NYSE:MTN,-0.339,$148.50,
NYSE:FLO,,,,,,1.99,$7.52,-100.00%,,,,$7.28,-3.19%,$9.34,24.19%,$18.31,143.42%,FLO,NYSE:FLO,-0.287,$8.80,
NYSE:BGS,,,,,,1.98,$3.62,-100.00%,,,,$3.58,-1.10%,$0.00,-100.00%,$0.00,-100.00%,BGS,NYSE:BGS,-0.327,$4.80,
NYSE:ENIC,,,,,,1.25,$4.53,-100.00%,,,,$4.31,-4.86%,$7.39,63.07%,$10.20,125.07%,ENIC,NYSE:ENIC,-0.595,$4.90,
NYSE:E,,,,,,1.27,$55.28,-100.00%,,,,$53.78,-2.71%,$0.00,-100.00%,$0.00,-100.00%,E,NYSE:E,-0.561,$52.88,
NYSE:UHT,,,,,,2.15,$41.30,-100.00%,,,,$41.41,0.27%,$0.00,-100.00%,$0.00,-100.00%,UHT,NYSE:UHT,-0.191,$44.00,
NYSE:NEXA,,,,,,0.99,$14.18,-100.00%,,,,$14.03,-1.06%,$0.00,-100.00%,$0.00,-100.00%,NEXA,NYSE:NEXA,-0.704,$14.75,
NYSE:DX,,,,,,2.53,$13.06,-100.00%,,,,$13.18,0.92%,$0.00,-100.00%,$0.00,-100.00%,DX,NYSE:DX,-0.036,$14.75,
NYSE:SCM,,,,,,1.84,$8.78,-100.00%,,,,$8.74,-0.46%,$0.00,-100.00%,$0.00,-100.00%,SCM,NYSE:SCM,-0.351,$10.25,
NASDAQ:SEVN,4 Aug 2026,$8.85,3,$8.63,8,2.43,$7.76,11.21%,11.21%,$8.63,$9.55,$7.78,0.26%,-$2.43,-131.30%,-$3.10,-139.94%,SEVN,NASDAQ:SEVN,-0.103,$9.55,-9.63%
NASDAQ:PLTK,,,,,,2.19,$2.51,-100.00%,,,,$2.36,-5.98%,$0.00,-100.00%,$0.00,-100.00%,PLTK,NASDAQ:PLTK,-0.251,$5.00,
NYSE:KBDC,,,,,,1.79,$13.50,-100.00%,,,,$13.57,0.52%,$0.00,-100.00%,$0.00,-100.00%,KBDC,NYSE:KBDC,-0.366,$15.20,
NYSE:UPS,,,,,,1.60,$104.50,-100.00%,,,,$102.91,-1.52%,$58.15,-44.36%,$108.22,3.56%,UPS,NYSE:UPS,-0.446,$115.96,
NASDAQ:KRNY,,,,,,1.63,$9.62,-100.00%,,,,$9.54,-0.83%,$0.00,-100.00%,$0.00,-100.00%,KRNY,NASDAQ:KRNY,-0.429,$10.50,
NASDAQ:JACK,,,,,,0.37,$17.03,-100.00%,,,,$17.84,4.76%,$0.00,-100.00%,$0.00,-100.00%,JACK,NASDAQ:JACK,-0.959,$16.35,
NYSE:PK,,,,,,1.70,$15.13,-100.00%,,,,$14.84,-1.92%,$0.00,-100.00%,$0.00,-100.00%,PK,NYSE:PK,-0.373,$14.75,
NYSE:BEN,,,,,,1.60,$33.86,-100.00%,,,,$33.62,-0.71%,$0.00,-100.00%,$0.00,-100.00%,BEN,NYSE:BEN,-0.431,$35.09,
NASDAQ:WTBA,,,,,,1.44,$29.83,-100.00%,,,,$29.49,-1.14%,-$147.25,-593.62%,-$141.04,-572.82%,WTBA,NASDAQ:WTBA,-0.488,$29.00,
NASDAQ:REFI,5 Aug 2026,$10.41,3,,4,2.79,$10.15,2.54%,2.54%,$10.41,$16.38,$10.65,4.93%,$0.00,-100.00%,$0.00,-100.00%,REFI,NASDAQ:REFI,0.017,$16.38,
NASDAQ:GNTX,27 Jul 2026,$34.91,5,$27.33,6,0.98,$23.87,14.50%,14.50%,$27.33,$34.91,$22.80,-4.48%,$0.00,-100.00%,$0.00,-100.00%,GNTX,NASDAQ:GNTX,-0.736,$27.78,-1.62%
NYSE:VZ,,,,,,1.86,$48.48,-100.00%,,,,$47.24,-2.56%,$31.90,-34.19%,$77.82,60.51%,VZ,NYSE:VZ,-0.321,$51.56,
NYSE:ORC,,,,,,2.25,$6.65,-100.00%,,,,$6.68,0.45%,$0.00,-100.00%,$0.00,-100.00%,ORC,NYSE:ORC,-0.164,$7.50,
NASDAQ:SIGA,,,,,,2.68,$3.00,-100.00%,,,,$2.89,-3.67%,$0.00,-100.00%,$0.00,-100.00%,SIGA,NASDAQ:SIGA,-0.033,$17.53,
NYSE:BBDC,,,,,,2.38,$9.31,-100.00%,,,,$9.38,0.75%,$0.00,-100.00%,$0.00,-100.00%,BBDC,NYSE:BBDC,-0.089,$9.88,
NYSE:NCDL,,,,,,1.64,$12.44,-100.00%,,,,$12.36,-0.64%,$0.00,-100.00%,$0.00,-100.00%,NCDL,NYSE:NCDL,-0.434,$14.05,
NYSE:DOC,,,,,,1.70,$20.79,-100.00%,,,,$20.75,-0.19%,$0.00,-100.00%,$0.00,-100.00%,DOC,NYSE:DOC,-0.400,$22.87,
NYSE:VTS,,,,,,2.16,$16.22,-100.00%,,,,$15.97,-1.54%,$0.00,-100.00%,$0.00,-100.00%,VTS,NYSE:VTS,-0.240,$21.25,
NYSE:GNL,,,,,,2.17,$8.76,-100.00%,,,,$9.02,2.97%,$0.00,-100.00%,$0.00,-100.00%,GNL,NYSE:GNL,-0.203,$10.17,
NASDAQ:LBRDK,,,,,,0.84,$36.33,-100.00%,,,,$34.89,-3.96%,$8.88,-75.56%,$17.17,-52.73%,LBRDK,NASDAQ:LBRDK,-0.832,$48.50,
NYSE:AFG,,,,,,1.63,$146.29,-100.00%,,,,$144.15,-1.46%,$0.00,-100.00%,$0.00,-100.00%,AFG,NYSE:AFG,-0.421,$153.17,
NASDAQ:CZNC,,,,,,1.58,$25.98,-100.00%,,,,$25.90,-0.31%,-$110.86,-526.70%,-$109.43,-521.20%,CZNC,NASDAQ:CZNC,-0.440,$27.00,
NASDAQ:GLAD,,,,,,1.33,$19.76,-100.00%,,,,$19.66,-0.51%,$0.00,-100.00%,$0.00,-100.00%,GLAD,NASDAQ:GLAD,-0.565,$22.00,
NYSE:LPG,,,,,,1.49,$47.37,-100.00%,,,,$44.36,-6.35%,$0.00,-100.00%,$0.00,-100.00%,LPG,NYSE:LPG,-0.490,$51.80,
NASDAQ:OCSL,,,,,,2.11,$12.98,-100.00%,,,,$12.79,-1.46%,$0.00,-100.00%,$0.00,-100.00%,OCSL,NASDAQ:OCSL,-0.188,$12.50,
NASDAQ:FNLC,,,,,,1.29,$35.62,-100.00%,,,,$35.33,-0.81%,$0.00,-100.00%,$0.00,-100.00%,FNLC,NASDAQ:FNLC,-0.486,,
NYSE:CRI,,,,,,1.50,$38.72,-100.00%,,,,$38.57,-0.39%,$0.00,-100.00%,$0.00,-100.00%,CRI,NYSE:CRI,-0.487,$42.67,
NASDAQ:TCPC,,,,,,2.43,$4.08,-100.00%,,,,$4.05,-0.74%,$0.00,-100.00%,$0.00,-100.00%,TCPC,NASDAQ:TCPC,-0.067,$4.33,
NYSE:SAR,4 Aug 2026,,,$22.00,3,3.11,$18.90,16.40%,16.40%,$22.00,$22.00,$20.13,6.51%,$86.88,359.67%,"$2,951.32",15515.43%,SAR,NYSE:SAR,0.223,$21.20,3.77%
NYSE:KREF,,,,,,2.66,$7.62,-100.00%,,,,$7.94,4.20%,-$63.50,-933.31%,-$60.78,-897.66%,KREF,NYSE:KREF,0.044,$7.75,
NYSE:MFA,13 Aug 2026,$11.08,4,$10.38,5,2.04,$9.16,13.32%,13.32%,$10.38,$14.00,$9.23,0.76%,$0.00,-100.00%,$0.00,-100.00%,MFA,NYSE:MFA,-0.314,$14.00,-25.86%
NYSE:CIM,,,,,,2.27,$11.80,-100.00%,,,,$11.96,1.36%,$0.00,-100.00%,$0.00,-100.00%,CIM,NYSE:CIM,-0.175,$14.50,
NASDAQ:XRX,,,,,,2.41,$3.10,-100.00%,,,,$3.13,0.97%,-$39.67,-1379.67%,$8.94,188.45%,XRX,NASDAQ:XRX,-0.073,$3.23,
NYSE:TWO,,,,,,1.88,$12.04,-100.00%,,,,$12.08,0.33%,-$13.40,-211.34%,-$13.52,-212.32%,TWO,NYSE:TWO,-0.295,$11.90,
NYSE:FSK,,,,,,2.52,$12.36,-100.00%,,,,$12.39,0.24%,$0.00,-100.00%,$0.00,-100.00%,FSK,NYSE:FSK,-0.002,$11.70,
NASDAQ:MFIC,,,,,,2.09,$9.75,-100.00%,,,,$9.76,0.10%,$0.00,-100.00%,$0.00,-100.00%,MFIC,NASDAQ:MFIC,-0.222,$10.62,
NYSE:MSDL,,,,,,2.01,$15.46,-100.00%,,,,$15.45,-0.06%,$0.00,-100.00%,$0.00,-100.00%,MSDL,NYSE:MSDL,-0.242,$15.71,
NYSE:NLY,,,,,,1.82,$23.33,-100.00%,,,,$23.28,-0.21%,$0.00,-100.00%,$0.00,-100.00%,NLY,NYSE:NLY,-0.333,$24.23,
NASDAQ:SLRC,,,,,,1.86,$12.89,-100.00%,,,,$12.92,0.23%,$0.00,-100.00%,$0.00,-100.00%,SLRC,NASDAQ:SLRC,-0.346,$15.25,
NYSE:PMT,,,,,,2.44,$9.45,-100.00%,,,,$9.57,1.27%,$0.00,-100.00%,$0.00,-100.00%,PMT,NYSE:PMT,-0.098,$11.46,
NASDAQ:CSWC,,,,,,1.54,$24.88,-100.00%,,,,$25.12,0.96%,$0.00,-100.00%,$0.00,-100.00%,CSWC,NASDAQ:CSWC,-0.453,$25.30,
NASDAQ:GBDC,,,,,,2.03,$13.26,-100.00%,,,,$13.22,-0.30%,$0.00,-100.00%,$0.00,-100.00%,GBDC,NASDAQ:GBDC,-0.237,$13.62,
NYSE:SLG,,,,,,1.53,$56.09,-100.00%,,,,$56.45,0.64%,-$39.91,-171.16%,-$15.34,-127.34%,SLG,NYSE:SLG,-0.452,$55.61,
NYSE:EARN,,,,,,2.20,$4.40,-100.00%,,,,$4.38,-0.45%,$0.00,-100.00%,$0.00,-100.00%,EARN,NYSE:EARN,-0.186,$5.00,
NYSE:EFC,13 Aug 2026,$15.83,3,$15.00,10,2.02,$13.67,9.73%,9.73%,$14.79,$15.83,$13.72,0.37%,$0.00,-100.00%,$0.00,-100.00%,EFC,NYSE:EFC,-0.253,$14.79,1.42%
NYSE:ACRE,,,,,,1.70,$4.72,-100.00%,,,,$4.72,0.00%,$0.00,-100.00%,$0.00,-100.00%,ACRE,NYSE:ACRE,-0.407,$5.30,
NASDAQ:HRZN,,,,,,2.12,$5.01,-100.00%,,,,$5.03,0.40%,$0.00,-100.00%,$0.00,-100.00%,HRZN,NASDAQ:HRZN,-0.191,$5.05,
NYSE:BXMT,,,,,,2.11,$14.48,-100.00%,,,,$14.34,-0.97%,-$56.49,-490.14%,-$57.37,-496.22%,BXMT,NYSE:BXMT,-0.263,$18.86,
NASDAQ:TPG,,,,,,0.77,$53.03,-100.00%,,,,$49.01,-7.58%,$0.00,-100.00%,$0.00,-100.00%,TPG,NASDAQ:TPG,-0.822,$60.50,
NYSE:BRSL,,,,,,2.10,$11.79,-100.00%,,,,$11.64,-1.27%,$0.00,-100.00%,$0.00,-100.00%,BRSL,NYSE:BRSL,-0.280,$16.02,
NYSE:BRSP,,,,,,2.23,$5.00,-100.00%,,,,$4.98,-0.40%,-$8.77,-275.35%,-$6.15,-223.07%,BRSP,NYSE:BRSP,-0.201,$6.34,
NYSE:MPT,,,,,,1.97,$4.18,-100.00%,,,,$4.05,-3.11%,$0.00,-100.00%,$0.00,-100.00%,MPT,NYSE:MPT,-0.338,$5.71,
NASDAQ:RELL,,,,,,0.93,$20.34,-100.00%,,,,$19.98,-1.77%,$0.00,-100.00%,$0.00,-100.00%,RELL,NASDAQ:RELL,-0.724,$20.50,
NYSE:CION,,,,,,2.09,$7.43,-100.00%,,,,$7.56,1.75%,$0.00,-100.00%,$0.00,-100.00%,CION,NYSE:CION,-0.258,$9.25,
NASDAQ:PSEC,,,,,,2.06,$2.30,-100.00%,,,,$2.29,-0.43%,$3.79,64.81%,$4.22,83.67%,PSEC,NASDAQ:PSEC,-0.188,$2.00,
NYSE:CMTG,,,,,,0.89,$1.82,-100.00%,,,,$1.85,1.65%,-$9.38,-615.29%,-$14.73,-909.32%,CMTG,NYSE:CMTG,-0.787,$2.22,
NYSE:LDI,,,,,,1.02,$0.90,-100.00%,,,,$0.86,-4.44%,$0.00,-100.00%,$0.00,-100.00%,LDI,NYSE:LDI,-0.739,$1.13,
NYSE:ECVT,,,,,,0.70,$10.39,-100.00%,,,,$9.67,-6.93%,$0.00,-100.00%,$0.00,-100.00%,ECVT,NYSE:ECVT,-0.913,$15.50,
NYSE:HAFN,,,,,,2.22,$7.74,-100.00%,,,,$7.55,-2.45%,$14.66,89.40%,$18.49,138.90%,HAFN,NYSE:HAFN,-0.212,$10.00,
NYSE:GSBD,,,,,,2.27,$9.85,-100.00%,,,,$9.69,-1.62%,$0.00,-100.00%,$0.00,-100.00%,GSBD,NYSE:GSBD,-0.102,$8.94,
NYSE:RWT,,,,,,2.23,$4.81,-100.00%,,,,$4.77,-0.83%,$0.00,-100.00%,$0.00,-100.00%,RWT,NYSE:RWT,-0.193,$5.91,
NASDAQ:VTRS,,,,,,1.36,$16.23,-100.00%,,,,$15.93,-1.85%,$0.00,-100.00%,$0.00,-100.00%,VTRS,NASDAQ:VTRS,-0.561,$18.50,
NYSE:AHRT,,,,,,1.48,$6.79,-100.00%,,,,$6.71,-1.18%,$0.00,-100.00%,$0.00,-100.00%,AHRT,NYSE:AHRT,-0.493,$7.35,
NYSE:LADR,,,,,,2.05,$9.98,-100.00%,,,,$9.96,-0.20%,-$11.11,-211.37%,-$8.41,-184.24%,LADR,NYSE:LADR,-0.269,$12.00,
NYSE:STWD,,,,,,1.92,$16.30,-100.00%,,,,$16.35,0.31%,$0.00,-100.00%,$0.00,-100.00%,STWD,NYSE:STWD,-0.333,$20.19,
NYSE:OBDC,,,,,,2.19,$11.72,-100.00%,,,,$11.82,0.85%,$0.00,-100.00%,$0.00,-100.00%,OBDC,NYSE:OBDC,-0.187,$13.17,
NASDAQ:TRMD,,,,,,2.15,$30.08,-100.00%,,,,$29.33,-2.49%,$56.20,86.85%,$33.14,10.17%,TRMD,NASDAQ:TRMD,-0.219,$36.00,
NYSE:BHR,,,,,,1.05,$2.03,-100.00%,,,,$2.00,-1.48%,$0.00,-100.00%,$0.00,-100.00%,BHR,NYSE:BHR,-0.718,$2.50,
NYSE:SHEL,,,,,,1.73,$90.47,-100.00%,,,,$89.19,-1.41%,$238.31,163.42%,$320.00,253.71%,SHEL,NYSE:SHEL,-0.381,$98.03,
NYSE:PRGO,,,,,,1.59,$13.04,-100.00%,,,,$12.49,-4.22%,$0.00,-100.00%,$0.00,-100.00%,PRGO,NYSE:PRGO,-0.485,$16.50,
NYSE:MITT,,,,,,1.81,$6.76,-100.00%,,,,$6.69,-1.04%,$0.00,-100.00%,$0.00,-100.00%,MITT,NYSE:MITT,-0.403,$9.00,
NYSE:CMBT,,,,,,2.08,$17.24,-100.00%,,,,$16.89,-2.03%,$9.55,-44.60%,$6.85,-60.29%,CMBT,NYSE:CMBT,-0.238,$19.45,
NYSE:EPR,,,,,,1.80,$61.25,-100.00%,,,,$61.96,1.16%,$62.46,1.98%,$92.25,50.62%,EPR,NYSE:EPR,-0.341,$63.35,
NYSE:IIPR,,,,,,2.09,$55.99,-100.00%,,,,$57.89,3.39%,$0.00,-100.00%,$0.00,-100.00%,IIPR,NYSE:IIPR,-0.231,$63.25,
NYSE:COLD,,,,,,1.84,$14.88,-100.00%,,,,$14.62,-1.75%,$0.00,-100.00%,$0.00,-100.00%,COLD,NYSE:COLD,-0.335,$16.32,
NYSE:HR,,,,,,1.67,$19.25,-100.00%,,,,$19.23,-0.10%,$12.93,-32.81%,$28.48,47.97%,HR,NYSE:HR,-0.419,$21.58,
NYSE:BNL,,,,,,2.25,$21.39,-100.00%,,,,$21.28,-0.51%,$0.00,-100.00%,$0.00,-100.00%,BNL,NYSE:BNL,-0.153,$23.40,
