Stock,Date,MS Fair Value,MS,Tips Target,Tips Stars,Stars,Current Price,Fair Value,Valid Fair Value,Low Price,High Price,"3 Mths
Target","3 Mths
Target %",Intrinsic Value Basic,Intrinsic Value Basic %,Intrinsic Value Adjusted,Intrinsic Value Adjusted %,🙈 Symbol,"🙈 Google
Symbol",Score,Analyst Target Price,Tip Ranks Difference
NYSE:AA,23 Jun 2026,$55.51,3,$78.71,7,0.74,$51.71,7.35%,,,,$48.30,-6.59%,$86.82,67.89%,$92.79,79.45%,AA,NYSE:AA,-0.851,$62.98,24.98%
NASDAQ:AAL,28 Jul 2025,$12.45,3,$13.73,1,0.73,$14.43,-13.71%,,,,$14.41,-0.14%,$0.00,-100.00%,$0.00,-100.00%,AAL,NASDAQ:AAL,-0.878,$19.03,-27.85%
NASDAQ:AAOI,30 Jan 2026,$36.44,3,$38.25,6,0.57,$154.89,-76.47%,,,,$126.66,-18.23%,$0.00,-100.00%,$0.00,-100.00%,AAOI,NASDAQ:AAOI,-0.894,$163.40,-76.59%
NASDAQ:AAON,22 Jan 2026,$81.94,2,$119.00,4,0.81,$88.09,-6.98%,,,,$83.92,-4.73%,$0.00,-100.00%,$0.00,-100.00%,AAON,NASDAQ:AAON,-0.864,$143.00,-16.78%
NASDAQ:AAPL,19 Jan 2026,$237.95,2,$299.69,8,0.63,$305.59,-22.13%,,,,$296.89,-2.85%,$0.00,-100.00%,$0.00,-100.00%,AAPL,NASDAQ:AAPL,-0.865,$322.28,-7.01%
NYSE:AAT,22 Apr 2026,$25.97,5,$19.00,3,2.08,$22.65,-16.11%,,,,$22.88,1.02%,$0.00,-100.00%,$0.00,-100.00%,AAT,NYSE:AAT,-0.216,$23.50,-19.15%
NASDAQ:ABCB,12 Oct 2025,$69.25,3,$77.00,6,,$89.04,-22.23%,,,,,-100.00%,-$2.00,-102.25%,-$2.00,-102.25%,ABCB,NYSE:ABCB,-2.000,,
NYSE:ABCB,19 Nov 2025,$73.43,3,,,0.93,$89.04,-17.53%,,,,$87.36,-1.89%,$0.00,-100.00%,$0.00,-100.00%,ABCB,NYSE:ABCB,-0.733,$94.17,
NYSE:ABEV,19 Mar 2026,$3.23,4,$3.12,5,1.21,$2.78,12.23%,,,,$2.74,-1.44%,$5.20,87.09%,$6.26,125.19%,ABEV,NYSE:ABEV,-0.639,$3.34,-6.59%
NYSE:ABM,30 Aug 2025,$55.78,4,$58.40,6,1.10,$47.72,16.89%,,,,$47.38,-0.71%,$3.99,-91.63%,$23.71,-50.31%,ABM,NYSE:ABM,-0.668,$52.43,11.39%
NYSE:ABT,11 Dec 2025,$121.58,3,$147.38,6,0.98,$110.37,10.16%,,,,$109.45,-0.83%,$0.00,-100.00%,$0.00,-100.00%,ABT,NYSE:ABT,-0.717,$119.40,23.43%
NYSE:ACCO,28 Apr 2026,$4.93,5,$7.00,6,2.22,$4.23,16.66%,,,,$4.30,1.65%,$11.41,169.63%,$21.61,410.80%,ACCO,NYSE:ACCO,-0.236,$8.00,-12.50%
NYSE:ACEL,18 Sep 2025,$12.91,4,$15.00,7,0.96,$12.19,5.88%,,,,$12.19,0.00%,$0.00,-100.00%,$0.00,-100.00%,ACEL,NYSE:ACEL,-0.772,$15.83,-5.24%
NASDAQ:ACGL,29 Aug 2025,$97.27,4,$108.00,5,0.91,$97.81,-0.55%,,,,$96.34,-1.50%,$0.00,-100.00%,$0.00,-100.00%,ACGL,NASDAQ:ACGL,-0.760,$111.87,-3.46%
NYSE:ACI,21 May 2026,$24.29,3,$22.00,6,1.81,$12.20,80.33%,,,,$12.31,0.90%,$0.00,-100.00%,$0.00,-100.00%,ACI,NYSE:ACI,-0.366,$14.19,55.04%
NASDAQ:ACIW,10 Feb 2026,$52.10,5,$63.33,2,0.75,$52.13,-0.06%,,,,$51.22,-1.75%,$0.00,-100.00%,$0.00,-100.00%,ACIW,NASDAQ:ACIW,-0.863,$67.33,-5.94%
NASDAQ:ACLS,27 May 2026,$130.64,2,$167.25,8,0.58,$144.11,-9.35%,,,,$133.51,-7.36%,$0.00,-100.00%,$0.00,-100.00%,ACLS,NASDAQ:ACLS,-0.900,$161.00,3.88%
NASDAQ:ACMR,5 Feb 2026,$52.94,2,$43.25,9,0.72,$85.64,-49.50%,,,,$75.67,-11.64%,$0.00,-100.00%,$0.00,-100.00%,ACMR,NASDAQ:ACMR,-0.889,$115.14,-62.44%
NYSE:ACN,24 May 2026,$244.46,3,$254.70,8,0.91,$169.98,43.82%,,,,$171.55,0.92%,$418.65,146.30%,$464.29,173.14%,ACN,NYSE:ACN,-0.741,$179.11,42.20%
NYSE:ACVA,18 Sep 2025,$10.72,3,,,0.72,$7.62,40.71%,,,,$7.57,-0.66%,$0.00,-100.00%,$0.00,-100.00%,ACVA,NYSE:ACVA,-0.871,$9.55,
NYSE:ADC,19 Sep 2025,$79.26,4,$81.90,8,1.30,$74.54,6.33%,,,,$74.24,-0.40%,$49.07,-34.17%,$80.00,7.33%,ADC,NYSE:ADC,-0.588,$84.86,-3.49%
NASDAQ:ADEA,5 Feb 2026,$20.67,3,,,0.79,$29.67,-30.32%,,,,$28.48,-4.01%,$0.00,-100.00%,$0.00,-100.00%,ADEA,NASDAQ:ADEA,-0.844,$38.00,
NASDAQ:ADI,4 Jan 2026,$270.08,3,$290.50,7,0.94,$390.28,-30.80%,,,,$374.66,-4.00%,$427.81,9.62%,$467.93,19.90%,ADI,NASDAQ:ADI,-0.753,$457.73,-36.53%
NASDAQ:ADIL,11 Jul 2025,$0.51,3,,,,$4.99,-89.72%,,,,,-100.00%,-$2.00,-140.08%,-$2.00,-140.08%,ADIL,NASDAQ:ADIL,-2.000,,
NASDAQ:ADP,27 Jan 2026,$279.90,4,$288.80,7,0.94,$266.06,5.20%,,,,$267.91,0.70%,$342.23,28.63%,$364.18,36.88%,ADP,NASDAQ:ADP,-0.732,$286.93,0.65%
NASDAQ:ADTN,10 Feb 2026,$10.14,3,$12.50,8,0.76,$8.65,17.23%,,,,$7.81,-9.71%,$0.00,-100.00%,$0.00,-100.00%,ADTN,NASDAQ:ADTN,-0.883,$14.67,-14.79%
NYSE:AEM,24 Oct 2025,$79.48,1,,,0.62,$188.78,-57.90%,,,,$177.20,-6.13%,$332.94,76.36%,$386.77,104.88%,AEM,NYSE:AEM,-0.891,$214.98,
NASDAQ:AEMD,4 Dec 2025,$7.60,3,,,,$2.94,158.50%,,,,,-100.00%,-$2.00,-168.03%,-$2.00,-168.03%,AEMD,NASDAQ:AEMD,-2.000,,
NASDAQ:AEP,18 Sep 2025,$104.71,2,,,1.32,$126.53,-17.25%,,,,$124.26,-1.79%,$33.94,-73.18%,$59.38,-53.07%,AEP,NASDAQ:AEP,-0.579,$144.95,
NYSE:AER,5 Mar 2026,$119.70,1,,,0.81,$150.45,-20.44%,,,,$144.25,-4.12%,-$134.81,-189.60%,$136.63,-9.18%,AER,NYSE:AER,-0.815,$179.30,
NYSE:AES,11 Jul 2025,$13.47,3,,,1.24,$14.76,-8.77%,,,,$14.65,-0.75%,$0.00,-100.00%,$0.00,-100.00%,AES,NYSE:AES,-0.584,$15.00,
NASDAQ:AFYA,30 Jun 2026,$16.79,3,$21.00,2,0.89,$13.79,21.78%,,,,$13.11,-4.93%,$0.00,-100.00%,$0.00,-100.00%,AFYA,NASDAQ:AFYA,-0.784,$16.69,25.82%
NYSE:AG,12 Aug 2025,$7.66,3,,,0.69,$19.57,-60.88%,,,,$18.60,-4.96%,$0.00,-100.00%,$0.00,-100.00%,AG,NYSE:AG,-0.886,$24.75,
NYSE:AGI,24 Oct 2025,$19.15,2,,,0.68,$33.99,-43.66%,,,,$32.16,-5.38%,$37.89,11.46%,$45.94,35.16%,AGI,NYSE:AGI,-0.912,$46.25,
NYSE:AGM,11 Nov 2025,$179.75,4,$219.00,5,1.20,$231.72,-22.43%,,,,$226.23,-2.37%,"-$3,332.94",-1538.35%,"-$3,398.81",-1566.77%,AGM,NYSE:AGM,-0.625,$257.00,-14.79%
NASDAQ:AGNC,6 Aug 2026,$12.07,3,$11.25,6,2.41,$10.95,2.74%,2.74%,$11.06,$12.07,$11.08,1.19%,$0.00,-100.00%,$0.00,-100.00%,AGNC,NASDAQ:AGNC,-0.063,$11.06,1.72%
NYSE:AGO,3 Jan 2025,$100.22,4,$105.33,1,1.04,$76.22,31.49%,,,,$75.17,-1.38%,$0.00,-100.00%,$0.00,-100.00%,AGO,NYSE:AGO,-0.712,$90.33,16.61%
NYSE:AGRO,27 Aug 2025,$9.55,4,$9.40,1,1.50,$9.26,1.51%,,,,$8.85,-4.43%,$0.00,-100.00%,$0.00,-100.00%,AGRO,NYSE:AGRO,-0.554,$13.42,-29.96%
NASDAQ:AHCO,3 Dec 2025,$13.94,3,$13.67,6,0.85,$5.81,135.28%,,,,$5.56,-4.30%,$0.00,-100.00%,$0.00,-100.00%,AHCO,NASDAQ:AHCO,-0.845,$9.14,49.56%
NYSE:AIG,17 Jul 2025,$84.76,3,$90.60,5,1.26,$75.81,11.81%,,,,$75.53,-0.37%,$0.00,-100.00%,$0.00,-100.00%,AIG,NYSE:AIG,-0.609,$88.60,2.26%
NASDAQ:AIMD,29 Jan 2026,$2.10,3,,,,$1.42,48.17%,,,,,-100.00%,-$2.00,-240.85%,-$2.00,-240.85%,AIMD,NASDAQ:AIMD,-2.000,,
NYSE:AIN,15 Aug 2025,$77.61,3,$66.80,4,0.99,$63.88,4.57%,,,,$62.55,-2.08%,$0.00,-100.00%,$0.00,-100.00%,AIN,NYSE:AIN,-0.687,$62.00,7.74%
NASDAQ:AIP,5 Feb 2026,$16.04,3,$20.50,7,0.75,$27.83,-42.36%,,,,$26.76,-3.84%,$0.00,-100.00%,$0.00,-100.00%,AIP,NASDAQ:AIP,-0.888,$41.00,-50.00%
NASDAQ:AIRS,23 Aug 2025,$6.69,3,$5.00,5,0.81,$3.09,61.81%,,,,$3.25,5.18%,$0.00,-100.00%,$0.00,-100.00%,AIRS,NASDAQ:AIRS,-0.862,$4.50,11.11%
NYSE:AIV,6 Aug 2026,$3.23,3,,3,4.40,$2.62,23.32%,23.32%,$3.23,$7.00,$2.79,6.49%,-$3.42,-230.59%,-$1.56,-159.53%,AIV,NYSE:AIV,0.734,$7.00,
NYSE:AIZ,29 Aug 2025,$221.82,3,$239.50,10,0.86,$281.11,-21.09%,,,,$274.87,-2.22%,$0.00,-100.00%,$0.00,-100.00%,AIZ,NYSE:AIZ,-0.780,$319.00,-24.92%
NASDAQ:AKAM,11 Feb 2026,$114.28,5,$103.73,9,0.63,$122.97,-15.65%,,,,$119.97,-2.44%,$0.00,-100.00%,$0.00,-100.00%,AKAM,NASDAQ:AKAM,-0.917,$157.43,-34.11%
NYSE:AL,2 Jan 2026,$58.27,3,$66.50,5,,,#DIV/0!,,,,,#DIV/0!,-$2.00,#DIV/0!,-$2.00,#DIV/0!,AL,NYSE:AL,-2.000,,
NASDAQ:ALAB,27 Jan 2026,$140.56,1,$194.64,5,0.64,$320.17,-56.10%,,,,$302.65,-5.47%,$0.00,-100.00%,$0.00,-100.00%,ALAB,NASDAQ:ALAB,-0.897,$391.77,-50.32%
NYSE:ALC,27 Aug 2025,$81.45,1,,,0.71,$72.49,12.36%,,,,$72.26,-0.32%,$0.00,-100.00%,$0.00,-100.00%,ALC,NYSE:ALC,-0.859,$85.77,
NYSE:ALEX,18 Nov 2025,$16.62,4,$21.00,5,3.04,$20.84,-20.26%,,,,$0.00,-100.00%,$20.80,-0.20%,$26.28,26.13%,ALEX,NYSE:ALEX,-1.000,$21.00,0.00%
NASDAQ:ALGM,19 Jan 2026,$25.92,2,$39.14,8,0.60,$44.25,-41.43%,,,,$42.12,-4.81%,$0.00,-100.00%,$0.00,-100.00%,ALGM,NASDAQ:ALGM,-0.919,$54.83,-28.62%
NYSE:ALIT,11 Feb 2026,$3.53,3,$3.67,5,1.24,$13.44,-73.70%,,,,$13.49,0.37%,$0.00,-100.00%,$0.00,-100.00%,ALIT,NYSE:ALIT,-0.673,$41.25,-91.10%
NYSE:ALL,28 Apr 2026,$199.62,2,$248.30,5,0.87,$258.10,-22.66%,,,,$255.17,-1.14%,$0.00,-100.00%,$0.00,-100.00%,ALL,NYSE:ALL,-0.763,$274.32,-9.49%
NYSE:ALLE,24 Oct 2025,$165.38,3,,,0.83,$162.10,2.02%,,,,$160.97,-0.70%,$268.37,65.56%,$295.72,82.43%,ALLE,NYSE:ALLE,-0.783,$174.64,
NYSE:ALLY,29 Jun 2026,$48.35,3,$53.00,9,1.36,$43.61,10.88%,,,,$44.15,1.24%,$0.00,-100.00%,$0.00,-100.00%,ALLY,NYSE:ALLY,-0.582,$53.70,-1.30%
NASDAQ:ALNT,4 Feb 2026,$50.47,2,,,0.59,$113.02,-55.34%,,,,$103.20,-8.69%,$0.00,-100.00%,$0.00,-100.00%,ALNT,NASDAQ:ALNT,-0.882,$118.00,
NASDAQ:ALRM,11 Feb 2026,$60.94,3,$85.00,1,0.64,$55.00,10.81%,,,,$53.68,-2.40%,$0.00,-100.00%,$0.00,-100.00%,ALRM,NASDAQ:ALRM,-0.880,$63.00,34.92%
NASDAQ:ALRS,27 Oct 2025,$24.54,3,$25.63,7,1.05,$33.49,-26.73%,,,,$33.23,-0.78%,$0.00,-100.00%,$0.00,-100.00%,ALRS,NASDAQ:ALRS,-0.681,$35.40,-27.60%
NYSE:ALSN,22 Sep 2025,$99.81,4,$98.14,3,0.86,$127.11,-22.79%,,,,$120.71,-5.04%,$0.00,-100.00%,$0.00,-100.00%,ALSN,NYSE:ALSN,-0.773,$139.40,-29.60%
NASDAQ:ALT,23 Dec 2025,$9.35,5,$13.00,2,0.77,$3.00,211.67%,,,,$2.79,-7.00%,$0.00,-100.00%,$0.00,-100.00%,ALT,NASDAQ:ALT,-0.878,$17.22,-24.51%
NASDAQ:ALTS,12 Aug 2025,$5.33,2,,,,,#DIV/0!,,,,,#DIV/0!,-$2.00,#DIV/0!,-$2.00,#DIV/0!,ALTS,NASDAQ:ALTS,-2.000,,
NASDAQ:ALVO,23 Aug 2025,$8.66,3,,,0.78,$3.88,123.25%,,,,$3.88,0.00%,$0.00,-100.00%,$0.00,-100.00%,ALVO,NASDAQ:ALVO,-0.875,$5.75,
NASDAQ:AMAL,2 Oct 2025,$30.65,3,,1,0.88,$50.82,-39.69%,,,,$49.86,-1.89%,$0.00,-100.00%,$0.00,-100.00%,AMAL,NASDAQ:AMAL,-0.754,$53.50,
NYSE:AMBP,29 Aug 2025,$5.14,4,,6,1.51,$5.22,-1.55%,,,,$5.17,-0.96%,$8.66,65.94%,$16.48,215.72%,AMBP,NYSE:AMBP,-0.459,$5.15,
NYSE:AMBQ,29 Jan 2026,$40.84,3,,,0.78,$67.86,-39.82%,,,,$61.41,-9.50%,$0.00,-100.00%,$0.00,-100.00%,AMBQ,NYSE:AMBQ,-0.845,$85.67,
NYSE:AMCR,21 May 2026,$52.70,5,$46.80,4,1.33,$45.53,2.79%,,,,$45.50,-0.07%,$0.00,-100.00%,$0.00,-100.00%,AMCR,NYSE:AMCR,-0.566,$50.18,-6.74%
NASDAQ:AMD,28 Jan 2026,$229.36,2,$286.66,9,0.66,$506.00,-54.67%,,,,$470.04,-7.11%,$0.00,-100.00%,$0.00,-100.00%,AMD,NASDAQ:AMD,-0.887,$612.84,-53.22%
NYSE:AME,19 Nov 2025,$189.82,2,$220.17,2,0.79,$254.17,-25.32%,,,,$249.66,-1.77%,$0.00,-100.00%,$0.00,-100.00%,AME,NYSE:AME,-0.802,$277.50,-20.66%
NASDAQ:AMPG,9 Feb 2026,$2.53,3,$9.00,7,0.79,$3.70,-31.68%,,,,$3.83,3.51%,$0.00,-100.00%,$0.00,-100.00%,AMPG,NASDAQ:AMPG,-0.872,$7.00,28.57%
NASDAQ:AMPL,5 Feb 2026,$11.31,4,$15.17,4,0.57,$12.61,-10.31%,,,,$12.57,-0.32%,$0.00,-100.00%,$0.00,-100.00%,AMPL,NASDAQ:AMPL,-0.898,$13.59,11.63%
NYSE:AMPY,20 Mar 2026,$8.49,3,$7.25,8,0.77,$4.82,50.41%,,,,$4.42,-8.30%,$0.00,-100.00%,$0.00,-100.00%,AMPY,NYSE:AMPY,-0.880,$7.75,-6.45%
NASDAQ:AMSC,29 Oct 2025,$40.66,2,,,0.82,$32.13,26.55%,,,,$30.84,-4.01%,$0.00,-100.00%,$0.00,-100.00%,AMSC,NASDAQ:AMSC,-0.859,$61.75,
NASDAQ:AMSF,26 Aug 2025,$45.99,3,,,2.40,$26.41,74.12%,,,,$27.51,4.17%,$0.00,-100.00%,$0.00,-100.00%,AMSF,NASDAQ:AMSF,-0.143,$35.67,
NYSE:AMTB,19 Nov 2025,$19.34,3,$21.00,4,0.91,$29.02,-33.36%,,,,$28.29,-2.52%,$0.00,-100.00%,$0.00,-100.00%,AMTB,NYSE:AMTB,-0.750,$31.88,-34.13%
NASDAQ:AMTX,4 Sep 2025,$3.19,3,,5,0.76,$1.80,77.00%,,,,$1.67,-7.22%,$0.00,-100.00%,$0.00,-100.00%,AMTX,NASDAQ:AMTX,-0.884,$13.88,
NASDAQ:AMWD,30 Aug 2025,$86.63,3,,6,,,#DIV/0!,,,,,#DIV/0!,-$2.00,#DIV/0!,-$2.00,#DIV/0!,AMWD,NASDAQ:AMWD,-2.000,,
NYSE:AMX,23 Jun 2026,$26.38,3,$28.60,8,1.78,$23.68,11.39%,,,,$23.40,-1.18%,$34.64,46.27%,$71.50,201.94%,AMX,NYSE:AMX,-0.396,$29.44,-2.85%
NYSE:ANF,21 Sep 2025,$118.40,3,,1,0.50,$105.16,12.59%,,,,$102.32,-2.70%,$292.31,177.97%,$142.81,35.80%,ANF,NYSE:ANF,-0.937,$117.55,
NYSE:AON,29 Aug 2025,$347.01,2,,,0.70,$347.22,-0.06%,,,,$345.48,-0.50%,$319.75,-7.91%,$387.42,11.58%,AON,NYSE:AON,-0.857,$402.47,
NYSE:AORT,11 Dec 2025,$47.98,3,$51.71,4,0.78,$28.32,69.42%,,,,$27.55,-2.72%,$0.00,-100.00%,$0.00,-100.00%,AORT,NYSE:AORT,-0.874,$42.02,23.06%
NYSE:AOS,14 Jan 2026,$71.54,4,$76.86,8,0.94,$61.40,16.51%,,,,$61.20,-0.33%,$118.35,92.75%,$132.85,116.38%,AOS,NYSE:AOS,-0.747,$69.91,9.94%
NASDAQ:AOSL,5 Feb 2026,$36.47,3,$24.33,6,0.75,$31.07,-21.69%,,,,$28.94,-6.86%,$0.00,-100.00%,$0.00,-100.00%,AOSL,NASDAQ:AOSL,-0.890,$43.75,-44.39%
NASDAQ:APA,12 Aug 2025,$28.49,3,,7,1.28,$41.58,-31.49%,,,,$39.86,-4.14%,$0.00,-100.00%,$0.00,-100.00%,APA,NASDAQ:APA,-0.576,$43.54,
NYSE:APAM,25 Feb 2026,$47.32,4,$45.00,6,1.92,$41.48,8.49%,,,,$42.24,1.83%,$0.00,-100.00%,$0.00,-100.00%,APAM,NYSE:APAM,-0.269,$39.25,14.65%
NYSE:APD,30 Aug 2025,$296.29,3,,8,1.04,$300.86,-1.52%,,,,$300.75,-0.04%,$233.38,-22.43%,$321.47,6.85%,APD,NYSE:APD,-0.703,$343.37,
NASDAQ:APEI,15 Oct 2025,$34.52,3,,,0.86,$44.31,-22.09%,,,,$43.45,-1.94%,$0.00,-100.00%,$0.00,-100.00%,APEI,NASDAQ:APEI,-0.840,$62.83,
NYSE:APH,22 Jan 2026,$121.05,1,$163.27,10,0.74,$170.87,-29.15%,,,,$161.68,-5.38%,$208.67,22.12%,$225.91,32.21%,APH,NYSE:APH,-0.840,$198.06,-17.57%
NASDAQ:API,24 Aug 2025,$3.05,3,,,0.64,$4.40,-30.80%,,,,$4.31,-2.05%,$0.00,-100.00%,$0.00,-100.00%,API,NASDAQ:API,-0.921,$5.80,
NASDAQ:APOG,5 May 2025,$66.39,5,,2,1.35,$42.18,57.39%,,,,$41.86,-0.76%,$31.11,-26.23%,$54.20,28.50%,APOG,NASDAQ:APOG,-0.543,$44.00,
NYSE:AQN,26 Aug 2025,$6.14,4,,8,0.95,$5.83,5.38%,,,,$5.73,-1.72%,$0.00,-100.00%,$0.00,-100.00%,AQN,NYSE:AQN,-0.744,$6.75,
NYSE:AR,20 Aug 2025,$31.31,3,,,0.72,$36.40,-13.99%,,,,$35.74,-1.81%,$64.98,78.53%,$92.87,155.13%,AR,NYSE:AR,-0.891,$49.10,
NASDAQ:ARAI,10 Feb 2026,$3.71,3,,,,$0.25,1385.16%,,,,,-100.00%,-$2.00,-900.00%,-$2.00,-900.00%,ARAI,NASDAQ:ARAI,-2.000,,
NASDAQ:ARAY,11 Dec 2025,$1.27,4,$4.00,4,,$0.33,284.85%,,,,,-100.00%,-$2.00,-706.06%,-$2.00,-706.06%,ARAY,NASDAQ:ARAY,-2.000,,
NASDAQ:ARCC,30 Mar 2026,$19.78,3,$20.83,9,2.60,$19.64,0.69%,,,,$20.46,4.18%,$19.41,-1.16%,$20.62,5.01%,ARCC,NASDAQ:ARCC,0.013,$20.62,1.02%
NYSE:ARCO,29 Aug 2025,$10.31,3,,9,1.05,$7.86,31.13%,,,,$7.72,-1.78%,$0.00,-100.00%,$0.00,-100.00%,ARCO,NYSE:ARCO,-0.754,$11.29,
NASDAQ:ARHS,7 Jul 2025,$13.03,3,,4,1.29,$9.53,36.69%,,,,$9.39,-1.47%,$0.00,-100.00%,$0.00,-100.00%,ARHS,NASDAQ:ARHS,-0.578,$10.35,
NASDAQ:ARKO,26 Aug 2025,$6.50,3,,,1.07,$4.86,33.84%,,,,$4.40,-9.47%,$0.00,-100.00%,$0.00,-100.00%,ARKO,NASDAQ:ARKO,-0.746,$9.00,
NASDAQ:ARLP,29 Jun 2026,$24.48,1,,,1.77,$25.93,-5.59%,,,,$24.89,-4.01%,"$17,971.70",69208.52%,"$17,977.04",69229.11%,ARLP,NASDAQ:ARLP,-0.389,$31.17,
NASDAQ:ARM,19 Jan 2026,$90.86,2,$170.59,1,0.50,$271.43,-66.52%,,,,$265.25,-2.28%,$318.66,17.40%,$323.10,19.04%,ARM,NASDAQ:ARM,-0.924,$287.79,-40.72%
NASDAQ:AROW,2 Oct 2025,$52.81,3,$48.67,4,1.71,$38.86,25.24%,,,,$39.16,0.77%,$0.00,-100.00%,$0.00,-100.00%,AROW,NASDAQ:AROW,-0.398,$43.33,12.32%
NYSE:ARX,13 Nov 2025,$14.59,3,,,0.62,$19.54,-25.33%,,,,$18.99,-2.81%,$0.00,-100.00%,$0.00,-100.00%,ARX,NYSE:ARX,-0.877,$21.10,
NYSE:ASB,10 Apr 2025,$23.54,5,,6,1.32,$32.06,-26.58%,,,,$31.91,-0.47%,$0.00,-100.00%,$0.00,-100.00%,ASB,NYSE:ASB,-0.565,$34.44,
NYSE:ASGN,20 Feb 2026,$71.47,3,$56.80,5,,,#DIV/0!,,,,,#DIV/0!,-$2.00,#DIV/0!,-$2.00,#DIV/0!,ASGN,NYSE:ASGN,-2.000,,
NYSE:ASH,14 May 2025,$83.18,3,,4,0.83,$74.17,12.15%,,,,$71.70,-3.33%,$101.59,36.97%,$146.12,97.01%,ASH,NYSE:ASH,-0.781,$80.18,
NASDAQ:ASML,30 Aug 2025,$871.20,3,,10,0.81,"$1,883.12",-53.74%,,,,"$1,786.21",-5.15%,"$2,327.50",23.60%,"$2,375.12",26.13%,ASML,NASDAQ:ASML,-0.810,"$2,175.08",
NASDAQ:ASPI,19 Nov 2025,$6.33,3,$13.00,3,0.74,$4.02,57.55%,,,,$4.11,2.24%,$0.00,-100.00%,$0.00,-100.00%,ASPI,NASDAQ:ASPI,-0.896,$13.00,0.00%
NYSE:ASR,10 Jul 2025,$344.93,4,,7,2.04,$263.00,31.15%,,,,$263.55,0.21%,-$573.94,-318.23%,$892.87,239.50%,ASR,NYSE:ASR,-0.294,$343.64,
NASDAQ:ASTS,29 Jan 2026,$76.75,2,$91.68,6,0.58,$71.14,7.89%,,,,$66.86,-6.02%,$0.00,-100.00%,$0.00,-100.00%,ASTS,NASDAQ:ASTS,-0.897,$78.48,16.82%
NYSE:ASX,19 Jan 2026,$16.81,2,,,1.02,$39.91,-57.88%,,,,$37.66,-5.64%,$33.12,-17.02%,$40.13,0.55%,ASX,NYSE:ASX,-0.726,$48.00,
NASDAQ:ATEC,11 Dec 2025,$16.73,3,$23.17,2,0.73,$9.45,77.04%,,,,$9.41,-0.42%,$0.00,-100.00%,$0.00,-100.00%,ATEC,NASDAQ:ATEC,-0.897,$15.79,46.74%
NYSE:ATEN,20 Jan 2026,$18.80,3,$23.25,7,0.90,$27.35,-31.26%,,,,$26.03,-4.83%,$0.00,-100.00%,$0.00,-100.00%,ATEN,NYSE:ATEN,-0.821,$38.40,-39.45%
NYSE:ATGE,15 Oct 2025,$131.23,2,,,,,#DIV/0!,,,,,#DIV/0!,-$2.00,#DIV/0!,-$2.00,#DIV/0!,ATGE,NYSE:ATGE,-2.000,,
NYSE:ATI,30 Aug 2025,$63.00,2,,7,0.59,$231.78,-72.82%,,,,$217.83,-6.02%,$0.00,-100.00%,$0.00,-100.00%,ATI,NYSE:ATI,-0.889,$248.44,
NASDAQ:ATOM,10 Feb 2026,$5.03,3,,1,0.76,$5.42,-7.12%,,,,$5.29,-2.40%,$0.00,-100.00%,$0.00,-100.00%,ATOM,NASDAQ:ATOM,-0.884,$10.00,
NYSE:ATS,31 Oct 2025,$26.18,3,,,0.86,$19.59,33.64%,,,,$19.62,0.15%,$0.00,-100.00%,$0.00,-100.00%,ATS,NYSE:ATS,-0.838,$35.00,
NYSE:AU,20 Aug 2025,$29.75,2,,,1.00,$99.60,-70.13%,,,,$94.50,-5.12%,$243.34,144.32%,$247.95,148.95%,AU,NYSE:AU,-0.717,$113.12,
NYSE:AUB,20 Jan 2026,$40.52,3,$42.50,6,1.26,$42.54,-4.75%,,,,$42.13,-0.96%,$0.00,-100.00%,$0.00,-100.00%,AUB,NYSE:AUB,-0.596,$47.00,-9.57%
NASDAQ:AUDC,26 Mar 2026,$12.39,3,$12.50,5,1.16,$10.14,22.18%,,,,$10.13,-0.10%,$0.00,-100.00%,$0.00,-100.00%,AUDC,NASDAQ:AUDC,-0.668,$12.50,0.00%
NASDAQ:AUR,5 Feb 2026,$5.15,3,,,0.87,$6.97,-26.17%,,,,$6.54,-6.17%,$5.93,-14.94%,$5.97,-14.39%,AUR,NASDAQ:AUR,-0.837,$11.22,
NYSE:AVB,18 Sep 2025,$217.02,5,,7,1.54,$184.06,17.91%,,,,$182.68,-0.75%,$0.00,-100.00%,$0.00,-100.00%,AVB,NYSE:AVB,-0.471,$201.28,
NASDAQ:AVGO,26 May 2026,$447.08,3,$478.56,9,0.88,$392.43,13.93%,,,,$380.89,-2.94%,$512.04,30.48%,$542.03,38.12%,AVGO,NASDAQ:AVGO,-0.819,$527.88,-9.34%
NYSE:AVNS,11 Dec 2025,$18.52,3,,5,,$24.99,-25.89%,,,,,-100.00%,-$2.00,-108.00%,-$2.00,-108.00%,AVNS,NYSE:AVNS,-2.000,,
NASDAQ:AVNW,13 Aug 2026,,1,$32.33,5,0.78,$22.04,46.69%,46.69%,$32.33,$32.33,$21.29,-3.40%,$31.82,44.37%,$28.91,31.18%,AVNW,NASDAQ:AVNW,-0.876,$31.62,2.25%
NASDAQ:AVT,30 Aug 2025,$60.84,5,,1,0.99,$98.63,-38.31%,,,,$92.33,-6.39%,$0.00,-100.00%,$0.00,-100.00%,AVT,NASDAQ:AVT,-0.710,$106.25,
NASDAQ:AVTX,23 Dec 2025,$33.36,4,$37.40,3,0.75,$19.95,67.22%,,,,$17.83,-10.63%,$0.00,-100.00%,$0.00,-100.00%,AVTX,NASDAQ:AVTX,-0.889,$44.15,-15.29%
NYSE:AVY,30 Aug 2025,$186.52,3,,1,0.96,$176.62,5.60%,,,,$173.92,-1.53%,$391.12,121.45%,$465.99,163.84%,AVY,NYSE:AVY,-0.738,$201.80,
NYSE:AX,19 Nov 2025,$76.16,3,$103.25,5,0.73,$99.32,-23.32%,,,,$98.32,-1.01%,$0.00,-100.00%,$0.00,-100.00%,AX,NYSE:AX,-0.855,$119.14,-13.34%
NYSE:B,24 Oct 2025,$29.72,2,,,0.85,$42.52,-30.10%,,,,$40.42,-4.94%,$0.00,-100.00%,$0.00,-100.00%,B,NYSE:B,-0.808,$52.37,
NYSE:BA,9 Apr 2025,$179.31,5,,9,0.62,$225.95,-20.64%,,,,$222.88,-1.36%,$107.58,-52.39%,$87.84,-61.13%,BA,NYSE:BA,-0.908,$274.85,
NYSE:BABA,20 Aug 2025,$133.65,4,,7,0.78,$124.71,7.17%,,,,$119.21,-4.41%,$200.43,60.72%,$241.26,93.45%,BABA,NYSE:BABA,-0.875,$189.61,
NYSE:BAC,14 Aug 2025,$45.19,3,,6,0.89,$63.89,-29.28%,,,,$62.88,-1.58%,$0.00,-100.00%,$0.00,-100.00%,BAC,NYSE:BAC,-0.756,$68.77,
NYSE:BALL,20 Aug 2025,$67.98,3,,6,0.93,$61.18,11.12%,,,,$59.99,-1.95%,$0.00,-100.00%,$0.00,-100.00%,BALL,NYSE:BALL,-0.761,$72.57,
NYSE:BANC,19 Nov 2025,$18.77,3,$20.69,3,0.98,$19.69,-4.67%,,,,$19.33,-1.83%,$0.00,-100.00%,$0.00,-100.00%,BANC,NYSE:BANC,-0.727,$22.27,-7.09%
NASDAQ:BANF,1 Jun 2026,$118.00,3,$125.00,2,0.99,$114.93,2.67%,,,,$113.35,-1.37%,$0.00,-100.00%,$0.00,-100.00%,BANF,NASDAQ:BANF,-0.710,$124.33,0.54%
NASDAQ:BANR,19 Nov 2025,$63.81,3,$71.50,3,1.32,$73.65,-13.36%,,,,$73.23,-0.57%,$0.00,-100.00%,$0.00,-100.00%,BANR,NASDAQ:BANR,-0.556,$76.50,-6.54%
NYSE:BAP,27 May 2026,$279.24,2,,,1.60,$378.28,-26.18%,,,,$376.28,-0.53%,$0.00,-100.00%,$0.00,-100.00%,BAP,NYSE:BAP,-0.442,$415.23,
NYSE:BB,18 Aug 2025,$3.38,3,,6,0.50,$8.73,-61.31%,,,,$8.46,-3.09%,$8.41,-3.66%,$8.86,1.52%,BB,NYSE:BB,-0.935,$9.71,
NYSE:BBAI,9 Feb 2026,$4.92,3,$6.33,2,0.67,$3.21,53.27%,,,,$3.15,-1.87%,$0.00,-100.00%,$0.00,-100.00%,BBAI,NYSE:BBAI,-0.891,$4.00,58.25%
NYSE:BBD,1 Jun 2026,$3.72,3,,5,1.15,$3.09,20.45%,,,,$3.04,-1.62%,$0.00,-100.00%,$0.00,-100.00%,BBD,NYSE:BBD,-0.712,$4.55,
NASDAQ:BBNX,11 Dec 2025,$41.35,4,,,0.60,$17.56,135.47%,,,,$16.97,-3.36%,$14.89,-15.20%,$15.02,-14.44%,BBNX,NASDAQ:BBNX,-0.901,$20.31,
NYSE:BBT,19 Nov 2025,$27.72,3,,,2.09,$32.61,-15.00%,,,,$32.01,-1.84%,$0.00,-100.00%,$0.00,-100.00%,BBT,NYSE:BBT,-0.219,$34.83,
NYSE:BBVA,9 Sep 2025,$17.20,3,,9,1.76,$28.80,-40.26%,,,,$28.83,0.10%,$0.00,-100.00%,$0.00,-100.00%,BBVA,NYSE:BBVA,-0.316,$24.53,
NYSE:BBW,15 Aug 2025,$41.34,2,,8,1.17,$38.19,8.25%,,,,$37.21,-2.57%,$91.00,138.28%,$110.33,188.90%,BBW,NYSE:BBW,-0.700,$61.25,
NYSE:BBWI,24 Mar 2026,$46.95,3,$23.83,5,1.21,$18.81,26.69%,,,,$18.58,-1.22%,$31.23,66.03%,$43.41,130.80%,BBWI,NYSE:BBWI,-0.673,$25.20,-5.44%
NYSE:BBY,30 Aug 2025,$87.98,3,,5,1.29,$85.44,2.97%,,,,$85.44,0.00%,$84.56,-1.03%,$121.71,42.45%,BBY,NYSE:BBY,-0.554,$82.35,
NYSE:BCH,19 Nov 2025,$33.72,2,,,1.56,$41.09,-17.94%,,,,$40.44,-1.58%,"-$77,600.39",-188954.69%,"-$77,599.80",-188953.24%,BCH,NYSE:BCH,-0.433,$39.55,
NYSE:BCS,19 Aug 2025,$17.24,2,,,1.65,$27.80,-37.98%,,,,$28.10,1.08%,-$73.90,-365.82%,-$73.90,-365.82%,BCS,NYSE:BCS,-0.417,$30.09,
NYSE:BCSF,25 Feb 2026,$14.48,3,$15.00,6,1.96,$12.06,20.08%,,,,$12.46,3.32%,$0.00,-100.00%,$0.00,-100.00%,BCSF,NYSE:BCSF,-0.284,$13.33,12.53%
NYSE:BDC,27 Jan 2026,$129.16,4,$147.50,3,0.71,$137.59,-6.13%,,,,$132.23,-3.90%,$167.48,21.72%,$202.16,46.93%,BDC,NYSE:BDC,-0.844,$152.75,-3.44%
NASDAQ:BELFA,26 Jan 2026,$136.39,2,,,0.96,$248.02,-45.01%,,,,$231.17,-6.79%,$572.65,130.89%,$692.29,179.13%,BELFA,NASDAQ:BELFA,-0.764,$313.00,
NASDAQ:BELFB,26 Jan 2026,$149.36,2,,,0.61,$297.91,-49.86%,,,,$278.05,-6.67%,$0.00,-100.00%,$0.00,-100.00%,BELFB,NASDAQ:BELFB,-0.885,$329.67,
NYSE:BF.A,24 May 2026,$36.21,3,,,0.68,$28.05,29.09%,,,,$27.99,-0.21%,$61.78,120.24%,$67.25,139.74%,BF.A,NYSE:BF.A,-0.727,,
NYSE:BF.B,26 Mar 2026,$32.79,5,,,0.95,$27.58,18.90%,,,,$27.46,-0.44%,$47.49,72.21%,$50.67,83.72%,BF.B,NYSE:BF.B,-0.713,$27.85,
NYSE:BFAM,1 Sep 2025,$119.95,3,,8,0.76,$70.29,70.64%,,,,$68.89,-1.99%,$0.00,-100.00%,$0.00,-100.00%,BFAM,NYSE:BFAM,-0.856,$89.44,
NASDAQ:BFC,21 Oct 2025,$117.45,3,$137.00,6,0.73,$156.88,-25.13%,,,,$152.86,-2.56%,$0.00,-100.00%,$0.00,-100.00%,BFC,NASDAQ:BFC,-0.818,$163.00,-15.95%
NYSE:BFLY,16 Dec 2025,$4.29,3,$4.25,7,0.59,$9.02,-52.88%,,,,$8.14,-9.76%,$0.00,-100.00%,$0.00,-100.00%,BFLY,NYSE:BFLY,-0.877,$9.31,-54.35%
NYSE:BFS,23 Dec 2025,$44.26,3,,5,1.54,$34.27,29.15%,,,,$34.60,0.96%,$0.00,-100.00%,$0.00,-100.00%,BFS,NYSE:BFS,-0.507,$43.50,
NASDAQ:BFST,27 May 2026,$30.53,3,$33.00,3,0.94,$32.11,-4.91%,,,,$31.55,-1.74%,$0.00,-100.00%,$0.00,-100.00%,BFST,NASDAQ:BFST,-0.733,$34.70,-4.90%
NYSEAMERICAN:BHB,10 Oct 2025,$29.37,1,,,,$40.33,-27.18%,,,,,-100.00%,-$2.00,-104.96%,-$2.00,-104.96%,BHB,NYSEAMERICAN:BHB,-2.000,,
NYSE:BHE,2 Feb 2026,$52.61,3,$56.00,6,0.91,$84.17,-37.50%,,,,$78.54,-6.69%,$90.15,7.11%,$103.13,22.52%,BHE,NYSE:BHE,-0.735,$86.00,-34.88%
NYSE:BHP,11 Dec 2025,$58.46,3,$49.75,6,0.66,$88.37,-43.70%,,,,$84.89,-3.94%,$0.00,-100.00%,$0.00,-100.00%,BHP,NYSE:BHP,-0.804,$73.64,-32.44%
NASDAQ:BHRB,19 Nov 2025,$66.02,3,$72.00,5,0.93,$72.33,-8.72%,,,,$71.65,-0.94%,$0.00,-100.00%,$0.00,-100.00%,BHRB,NASDAQ:BHRB,-0.745,$80.00,-10.00%
NYSE:BIO,11 Dec 2025,$345.93,4,$357.50,4,0.58,$355.23,-2.62%,,,,$346.60,-2.43%,$0.00,-100.00%,$0.00,-100.00%,BIO,NYSE:BIO,-0.860,$329.00,8.66%
NYSE:BIRK,8 Mar 2026,$48.62,3,$58.44,5,0.83,$37.86,28.42%,,,,$38.19,0.87%,$0.00,-100.00%,$0.00,-100.00%,BIRK,NYSE:BIRK,-0.852,$53.98,8.26%
NYSE:BJ,20 Aug 2025,$90.76,0,,1,0.74,$94.43,-3.89%,,,,$91.05,-3.58%,$84.59,-10.42%,$70.89,-24.92%,BJ,NYSE:BJ,-0.823,$102.60,
NYSE:BKD,30 Aug 2025,$9.20,4,,6,0.89,$12.23,-24.77%,,,,$12.21,-0.16%,$0.00,-100.00%,$0.00,-100.00%,BKD,NYSE:BKD,-0.828,$19.25,
NYSE:BKE,13 Apr 2026,$50.82,3,$53.00,5,1.24,$43.19,17.66%,,,,$43.51,0.74%,$67.78,56.94%,$72.67,68.26%,BKE,NYSE:BKE,-0.595,$46.00,15.22%
NASDAQ:BKR,30 Jun 2026,$56.35,3,$74.62,6,1.14,$64.90,-13.18%,,,,$62.95,-3.00%,$112.87,73.92%,$134.75,107.63%,BKR,NASDAQ:BKR,-0.650,$71.52,4.33%
NYSEAMERICAN:BKTI,10 Feb 2026,$81.00,,,8,,$76.22,6.27%,,,,,-100.00%,-$2.00,-102.62%,-$2.00,-102.62%,BKTI,NYSEAMERICAN:BKTI,-2.000,,
NYSE:BKU,19 Nov 2025,$43.87,3,,,1.14,$47.86,-8.34%,,,,$47.08,-1.63%,$0.00,-100.00%,$0.00,-100.00%,BKU,NYSE:BKU,-0.638,$50.27,
NASDAQ:BL,29 Jan 2026,$60.96,4,$59.00,6,0.74,$29.30,101.37%,,,,$29.23,-0.24%,$0.00,-100.00%,$0.00,-100.00%,BL,NASDAQ:BL,-0.877,$38.80,52.06%
NYSE:BLD,30 Aug 2025,$467.93,3,,3,,,#DIV/0!,,,,,#DIV/0!,-$2.00,#DIV/0!,-$2.00,#DIV/0!,BLD,NYSE:BLD,-2.000,,
NASDAQ:BLDP,29 Oct 2025,$3.68,3,$2.20,5,0.71,$2.60,-15.38%,,,,$2.53,-2.69%,$0.00,-100.00%,$0.00,-100.00%,BLDP,NASDAQ:BLDP,-0.907,$4.11,-46.47%
NYSE:BLK,27 Aug 2025,"$1,027.97",2,,,0.91,"$1,147.11",-10.39%,,,,"$1,150.97",0.34%,$0.00,-100.00%,$0.00,-100.00%,BLK,NYSE:BLK,-0.761,"$1,314.44",
NASDAQ:BLKB,19 Nov 2025,$76.27,3,$75.00,4,0.81,$43.39,72.85%,,,,$44.26,2.01%,$38.05,-12.32%,$62.27,43.52%,BLKB,NASDAQ:BLKB,-0.823,$53.40,40.45%
NYSE:BLND,27 Jan 2026,$3.86,3,$4.19,7,0.84,$1.48,160.83%,,,,$1.46,-1.35%,$0.00,-100.00%,$0.00,-100.00%,BLND,NYSE:BLND,-0.851,$2.96,41.55%
NASDAQ:BLNK,23 Dec 2025,$0.94,3,,6,0.75,$0.58,62.07%,,,,$0.55,-5.17%,$0.00,-100.00%,$0.00,-100.00%,BLNK,NASDAQ:BLNK,-0.888,$1.63,
NYSE:BLSH,13 Nov 2025,$55.70,3,,,0.76,$24.96,123.14%,,,,$23.60,-5.45%,$0.00,-100.00%,$0.00,-100.00%,BLSH,NYSE:BLSH,-0.883,$39.22,
NYSE:BLX,19 Nov 2025,$40.42,3,,,1.69,$55.10,-26.64%,,,,$54.59,-0.93%,$0.00,-100.00%,$0.00,-100.00%,BLX,NYSE:BLX,-0.420,$64.65,
NASDAQ:BLZE,27 Jan 2026,$6.36,3,$9.00,6,0.59,$19.39,-67.19%,,,,$18.08,-6.76%,$0.00,-100.00%,$0.00,-100.00%,BLZE,NASDAQ:BLZE,-0.912,$22.83,-60.58%
NYSE:BMI,28 Jan 2026,$175.41,3,$204.00,3,0.65,$128.70,36.30%,,,,$123.46,-4.07%,$176.56,37.19%,$184.33,43.22%,BMI,NYSE:BMI,-0.892,$155.44,31.24%
NASDAQ:BMRC,19 Nov 2025,$27.20,3,$29.50,7,1.92,$28.16,-3.41%,,,,$28.34,0.64%,-$138.74,-592.69%,-$135.95,-582.76%,BMRC,NASDAQ:BMRC,-0.309,$31.80,-7.23%
NYSE:BN,26 Aug 2024,$55.96,2,,,0.70,$42.75,30.90%,,,,$42.15,-1.40%,$0.00,-100.00%,$0.00,-100.00%,BN,NYSE:BN,-0.884,$54.60,
NYSE:BNS,19 Aug 2025,$55.34,3,,,1.78,$91.35,-39.42%,,,,$91.19,-0.18%,-$111.78,-222.36%,-$95.15,-204.16%,BNS,NYSE:BNS,-0.334,$87.47,
NYSE:BOH,16 Apr 2026,$78.42,3,$83.80,3,1.85,$79.83,-1.77%,,,,$80.08,0.31%,$0.00,-100.00%,$0.00,-100.00%,BOH,NYSE:BOH,-0.332,$86.83,-3.49%
NASDAQ:BOKF,1 Jun 2026,$132.35,3,$139.00,2,0.92,$145.72,-9.17%,,,,$143.10,-1.80%,$0.00,-100.00%,$0.00,-100.00%,BOKF,NASDAQ:BOKF,-0.734,$152.00,-8.55%
NYSE:BOW,19 Sep 2025,$29.01,3,,,0.76,$33.45,-13.27%,,,,$32.84,-1.82%,$110.24,229.58%,$110.85,231.39%,BOW,NYSE:BOW,-0.797,$33.71,
NYSE:BP,18 Aug 2025,$39.40,4,,9,1.89,$42.85,-8.04%,,,,$42.48,-0.86%,$0.00,-100.00%,$0.00,-100.00%,BP,NYSE:BP,-0.319,$47.60,
NASDAQ:BPOP,19 Nov 2025,$104.09,2,,,0.76,$176.91,-41.16%,,,,$173.61,-1.87%,$0.00,-100.00%,$0.00,-100.00%,BPOP,NASDAQ:BPOP,-0.820,$197.30,
NYSE:BR,29 Jan 2026,$214.91,4,$265.40,4,0.67,$167.84,28.05%,,,,$164.57,-1.95%,$0.00,-100.00%,$0.00,-100.00%,BR,NYSE:BR,-0.895,$213.25,24.45%
NYSEAMERICAN:BRBS,19 Nov 2025,$4.10,,,6,,$4.00,2.50%,,,,,-100.00%,-$2.00,-150.00%,-$2.00,-150.00%,BRBS,NYSEAMERICAN:BRBS,-2.000,,
NASDAQ:BRKR,11 Dec 2025,$76.60,3,$47.88,3,0.52,$57.67,-16.98%,,,,$55.02,-4.60%,$0.00,-100.00%,$0.00,-100.00%,BRKR,NASDAQ:BRKR,-0.904,$58.75,-18.50%
NYSE:BROS,14 Jan 2026,$57.62,2,$76.64,9,0.84,$50.42,14.28%,,,,$50.04,-0.75%,$0.00,-100.00%,$0.00,-100.00%,BROS,NYSE:BROS,-0.850,$79.79,-3.95%
NYSE:BSAC,19 Nov 2025,$26.95,3,,,1.86,$34.57,-22.04%,,,,$34.40,-0.49%,$0.00,-100.00%,$0.00,-100.00%,BSAC,NYSE:BSAC,-0.311,$35.15,
NYSE:BSBR,13 Oct 2025,$5.76,3,,5,1.35,$5.71,0.88%,,,,$5.67,-0.70%,$0.00,-100.00%,$0.00,-100.00%,BSBR,NYSE:BSBR,-0.589,$7.10,
NASDAQ:BSRR,27 May 2026,$37.81,3,$36.50,6,1.42,$40.81,-10.56%,,,,$40.70,-0.27%,$0.00,-100.00%,$0.00,-100.00%,BSRR,NASDAQ:BSRR,-0.516,$43.00,-15.12%
NASDAQ:BSVN,2 Oct 2025,$44.09,3,$53.50,5,1.03,$52.09,-15.35%,,,,$51.24,-1.63%,$0.00,-100.00%,$0.00,-100.00%,BSVN,NASDAQ:BSVN,-0.698,$57.33,-6.68%
NYSE:BSX,11 Dec 2025,$90.36,2,$126.57,10,0.77,$51.43,75.70%,,,,$50.57,-1.67%,$0.00,-100.00%,$0.00,-100.00%,BSX,NYSE:BSX,-0.841,$62.69,101.90%
NASDAQ:BSY,11 Feb 2026,$40.46,5,$48.60,7,0.65,$34.74,16.46%,,,,$34.68,-0.17%,$0.00,-100.00%,$0.00,-100.00%,BSY,NASDAQ:BSY,-0.908,$44.47,9.29%
NASDAQ:BTCS,23 Dec 2025,$3.00,3,$7.00,7,0.82,$1.12,167.86%,,,,$1.03,-8.04%,$0.00,-100.00%,$0.00,-100.00%,BTCS,NASDAQ:BTCS,-0.859,$5.00,40.00%
NASDAQ:BTDR,19 Aug 2025,$10.25,2,,,0.83,$9.39,9.15%,,,,$8.46,-9.90%,$0.00,-100.00%,$0.00,-100.00%,BTDR,NASDAQ:BTDR,-0.851,$22.33,
NYSE:BTI,17 Mar 2026,$55.65,2,,7,1.62,$55.73,-0.15%,,,,$56.54,1.45%,$0.00,-100.00%,$0.00,-100.00%,BTI,NYSE:BTI,-0.471,$70.20,
NASDAQ:BTOG,18 Aug 2025,$0.57,3,,,,$0.82,-30.85%,,,,,-100.00%,-$2.00,-343.90%,-$2.00,-343.90%,BTOG,NASDAQ:BTOG,-2.000,,
NASDAQ:BULL,2 Sep 2025,$18.16,3,,,0.70,$8.16,122.57%,,,,$7.63,-6.50%,$12.34,51.25%,$11.48,40.73%,BULL,NASDAQ:BULL,-0.909,$12.33,
NYSE:BUR,28 Oct 2025,$12.88,3,$21.32,4,1.13,$4.27,201.64%,,,,$4.29,0.47%,$0.00,-100.00%,$0.00,-100.00%,BUR,NYSE:BUR,-0.720,$8.67,145.91%
NYSE:BURL,25 Jul 2023,$199.81,4,,,0.70,$336.85,-40.68%,,,,$339.35,0.74%,$377.29,12.00%,$393.27,16.75%,BURL,NYSE:BURL,-0.851,$378.69,
NASDAQ:BUSE,27 May 2026,$28.96,3,$29.33,8,1.37,$31.08,-6.82%,,,,$30.98,-0.32%,$0.00,-100.00%,$0.00,-100.00%,BUSE,NASDAQ:BUSE,-0.539,$33.29,-11.90%
NASDAQ:BVFL,29 Oct 2025,$15.68,3,,4,,$21.36,-26.59%,,,,,-100.00%,-$2.00,-109.36%,-$2.00,-109.36%,BVFL,NASDAQ:BVFL,-2.000,,
NASDAQ:BWFG,9 Oct 2025,$39.87,3,,,0.84,$67.66,-41.07%,,,,$65.25,-3.56%,$0.00,-100.00%,$0.00,-100.00%,BWFG,NASDAQ:BWFG,-0.767,$69.50,
NYSE:BXP,14 Jan 2026,$81.17,5,$77.89,2,1.40,$66.69,16.79%,,,,$67.75,1.59%,$0.00,-100.00%,$0.00,-100.00%,BXP,NYSE:BXP,-0.539,$75.15,3.65%
NYSE:BXSL,19 Aug 2025,$31.13,3,,7,2.34,$24.21,28.59%,,,,$24.98,3.18%,$0.00,-100.00%,$0.00,-100.00%,BXSL,NYSE:BXSL,-0.096,$24.66,
NYSE:BY,28 Apr 2026,$33.91,3,$36.00,7,1.06,$39.15,-13.37%,,,,$38.59,-1.43%,$0.00,-100.00%,$0.00,-100.00%,BY,NYSE:BY,-0.685,$43.20,-16.67%
NYSE:BZH,31 Dec 2025,$31.99,3,$25.00,1,0.54,$33.17,-24.63%,,,,$32.30,-2.62%,$132.25,298.69%,$92.29,178.24%,BZH,NYSE:BZH,-0.857,$27.50,-9.09%
NYSE:C,12 Aug 2025,$86.32,3,,,1.01,$138.51,-37.68%,,,,$136.56,-1.41%,$0.00,-100.00%,$0.00,-100.00%,C,NYSE:C,-0.709,$154.50,
NYSE:CAAP,15 Aug 2025,$22.01,3,,9,1.02,$24.01,-8.34%,,,,$24.01,0.00%,$41.38,72.34%,$57.47,139.37%,CAAP,NYSE:CAAP,-0.757,$32.43,
NASDAQ:CAC,14 Oct 2025,$41.96,3,$44.00,3,1.18,$58.38,-28.13%,,,,$58.23,-0.26%,$0.00,-100.00%,$0.00,-100.00%,CAC,NASDAQ:CAC,-0.615,$59.50,-26.05%
NYSE:CADE,14 Oct 2025,$37.02,3,,,,,#DIV/0!,,,,,#DIV/0!,-$2.00,#DIV/0!,-$2.00,#DIV/0!,CADE,NYSE:CADE,-2.000,,
NYSE:CAL,21 Sep 2025,$26.47,3,,1,1.03,$13.28,99.32%,,,,$13.00,-2.11%,$10.58,-20.35%,$22.74,71.21%,CAL,NYSE:CAL,-0.739,$17.00,
NASDAQ:CALM,11 Jul 2025,$93.94,3,,6,1.27,$80.44,16.78%,,,,$79.99,-0.56%,$210.29,161.43%,$116.74,45.13%,CALM,NASDAQ:CALM,-0.590,$88.00,
NYSE:CALX,29 Jan 2026,$45.47,2,$82.00,6,0.62,$39.52,15.06%,,,,$37.78,-4.40%,$49.97,26.45%,$54.58,38.12%,CALX,NYSE:CALX,-0.949,$62.33,31.56%
NASDAQ:CAMT,24 Oct 2024,$87.99,4,,,0.62,$171.80,-48.79%,,,,$156.67,-8.81%,$0.00,-100.00%,$0.00,-100.00%,CAMT,NASDAQ:CAMT,-0.877,$185.45,
NYSE:CANG,24 Aug 2025,$4.01,3,,7,,$1.79,123.85%,,,,,-100.00%,-$2.00,-211.73%,-$2.00,-211.73%,CANG,NYSE:CANG,-2.000,,
NASDAQ:CAR,11 Mar 2024,$159.62,3,,,0.44,$141.30,12.96%,,,,$131.26,-7.11%,"-$1,544.43",-1193.01%,-$817.18,-678.33%,CAR,NASDAQ:CAR,-0.920,$129.14,
NASDAQ:CARE,19 Nov 2025,$18.50,3,$22.00,5,0.79,$32.03,-42.24%,,,,$31.93,-0.31%,$0.00,-100.00%,$0.00,-100.00%,CARE,NASDAQ:CARE,-0.798,$34.50,-36.23%
NYSE:CARR,24 Dec 2025,$35.78,3,$48.75,5,1.03,$62.56,-42.81%,,,,$61.81,-1.20%,$68.79,9.97%,$83.30,33.16%,CARR,NYSE:CARR,-0.728,$77.82,-37.36%
NASDAQ:CASH,19 Nov 2025,$71.98,3,$88.00,2,0.71,$85.39,-15.70%,,,,$84.12,-1.49%,$0.00,-100.00%,$0.00,-100.00%,CASH,NASDAQ:CASH,-0.856,$101.00,-12.87%
NYSEAMERICAN:CATX,11 Dec 2025,$2.54,1,$11.92,8,,$3.22,-21.12%,,,,,-100.00%,-$2.00,-162.11%,-$2.00,-162.11%,CATX,NYSEAMERICAN:CATX,-2.000,,
NASDAQ:CATY,27 May 2026,$59.45,3,$53.67,6,1.79,$64.40,-16.66%,,,,$64.82,0.65%,$0.00,-100.00%,$0.00,-100.00%,CATY,NASDAQ:CATY,-0.343,$65.80,-18.43%
NYSE:CAVA,11 Nov 2025,$63.28,3,$72.31,6,0.73,$71.02,-10.90%,,,,$71.04,0.03%,$0.00,-100.00%,$0.00,-100.00%,CAVA,NYSE:CAVA,-0.870,$90.38,-19.99%
NYSE:CB,18 Sep 2025,$273.39,3,,,0.89,$340.86,-19.80%,,,,$337.74,-0.92%,$0.00,-100.00%,$0.00,-100.00%,CB,NYSE:CB,-0.754,$365.26,
NASDAQ:CBLL,11 Dec 2025,$36.55,3,$25.00,6,0.64,$24.40,2.46%,,,,$22.45,-7.99%,$0.00,-100.00%,$0.00,-100.00%,CBLL,NASDAQ:CBLL,-0.872,$27.00,-7.41%
NASDAQ:CBNK,23 Dec 2025,$29.70,3,$34.00,3,1.00,$37.66,-21.14%,,,,$37.16,-1.33%,$0.00,-100.00%,$0.00,-100.00%,CBNK,NASDAQ:CBNK,-0.710,$41.50,-18.07%
BATS:CBOE,18 Sep 2025,$214.25,2,,,0.66,$295.00,-27.37%,,,,$285.52,-3.21%,$0.00,-100.00%,$0.00,-100.00%,CBOE,BATS:CBOE,-0.856,$317.71,
NYSE:CBU,27 Oct 2025,$62.61,3,$63.00,3,1.54,$65.01,-3.69%,,,,$65.49,0.74%,$0.00,-100.00%,$0.00,-100.00%,CBU,NYSE:CBU,-0.465,$70.17,-10.22%
NYSE:CBZ,7 Jan 2025,$77.57,3,,,0.51,$54.67,41.89%,,,,$52.88,-3.27%,$105.74,93.41%,$123.98,126.78%,CBZ,NYSE:CBZ,-0.894,$51.67,
NASDAQ:CCB,19 Nov 2025,$95.54,3,$127.50,8,0.59,$48.94,95.22%,,,,$49.21,0.55%,$0.00,-100.00%,$0.00,-100.00%,CCB,NASDAQ:CCB,-0.874,$49.50,157.58%
NASDAQ:CCBG,19 Nov 2025,$38.91,3,$47.00,7,0.95,$51.97,-25.13%,,,,$51.29,-1.31%,$0.00,-100.00%,$0.00,-100.00%,CCBG,NASDAQ:CCBG,-0.712,$51.67,-9.04%
NYSE:CCI,19 Sep 2025,$108.34,5,,6,1.74,$74.44,45.54%,,,,$75.62,1.59%,$0.00,-100.00%,$0.00,-100.00%,CCI,NYSE:CCI,-0.422,$95.47,
NYSE:CCK,29 Aug 2025,$107.03,3,,5,0.87,$116.24,-7.92%,,,,$115.06,-1.02%,$0.00,-100.00%,$0.00,-100.00%,CCK,NYSE:CCK,-0.786,$136.57,
NYSE:CCL,23 Jul 2026,$30.88,5,$35.19,7,1.06,$27.73,11.36%,11.36%,$30.88,$35.55,$27.75,0.07%,$58.20,109.86%,$84.74,205.60%,CCL,NYSE:CCL,-0.723,$35.55,-1.01%
NASDAQ:CCNE,30 Mar 2026,$32.74,3,$35.00,5,1.33,$34.85,-6.05%,,,,$34.63,-0.63%,$0.00,-100.00%,$0.00,-100.00%,CCNE,NASDAQ:CCNE,-0.560,$37.50,-6.67%
NASDAQ:CCOI,6 Nov 2025,$50.57,3,$44.20,5,1.19,$10.75,311.16%,,,,$9.94,-7.53%,$0.00,-100.00%,$0.00,-100.00%,CCOI,NASDAQ:CCOI,-0.693,$16.45,168.69%
NASDAQ:CCSI,11 Feb 2026,$30.28,4,$37.00,3,0.59,$36.84,-17.81%,,,,$36.85,0.03%,$0.00,-100.00%,$0.00,-100.00%,CCSI,NASDAQ:CCSI,-0.900,$41.75,-11.38%
NYSE:CDE,28 Apr 2026,$9.27,2,$26.86,9,0.65,$19.31,-51.98%,,,,$18.20,-5.75%,$0.00,-100.00%,$0.00,-100.00%,CDE,NYSE:CDE,-0.889,$23.32,15.18%
NASDAQ:CDNS,19 Jan 2026,$321.30,3,$376.64,6,0.68,$323.47,-0.67%,,,,$310.85,-3.90%,$449.21,38.87%,$475.45,46.98%,CDNS,NASDAQ:CDNS,-0.885,$403.67,-6.70%
NYSE:CDP,18 Feb 2026,$33.25,3,$35.60,7,1.71,$36.81,-9.67%,,,,$37.00,0.52%,$33.66,-8.56%,$47.32,28.56%,CDP,NYSE:CDP,-0.389,$39.00,-8.72%
NASDAQ:CDW,18 May 2026,$131.51,3,$138.83,9,0.74,$135.30,-2.80%,,,,$135.75,0.33%,$0.00,-100.00%,$0.00,-100.00%,CDW,NASDAQ:CDW,-0.840,$155.89,-10.94%
NYSE:CE,28 Mar 2025,$111.30,3,,9,0.91,$44.99,147.39%,,,,$43.46,-3.40%,$0.00,-100.00%,$0.00,-100.00%,CE,NYSE:CE,-0.819,$63.62,
NASDAQ:CEG,23 Dec 2025,$300.57,2,$409.82,9,0.65,$278.20,8.04%,,,,$272.42,-2.08%,$0.00,-100.00%,$0.00,-100.00%,CEG,NASDAQ:CEG,-0.901,$348.45,17.61%
NASDAQ:CELC,29 Nov 2024,$21.98,3,,,0.76,$92.44,-76.23%,,,,$80.82,-12.57%,$0.00,-100.00%,$0.00,-100.00%,CELC,NASDAQ:CELC,-0.884,$163.54,
NASDAQ:CENT,9 Apr 2026,$50.35,5,$50.00,5,0.58,$43.35,15.34%,,,,$42.09,-2.91%,$0.00,-100.00%,$0.00,-100.00%,CENT,NASDAQ:CENT,-0.926,$53.00,-5.66%
NASDAQ:CENTA,13 Aug 2026,$45.29,4,,,0.63,$37.64,20.32%,20.32%,$45.29,$46.25,$36.59,-2.79%,$0.00,-100.00%,$0.00,-100.00%,CENTA,NASDAQ:CENTA,-0.905,$46.25,
NASDAQ:CENX,20 Aug 2025,$23.49,3,,9,0.75,$47.12,-50.15%,,,,$45.11,-4.27%,$0.00,-100.00%,$0.00,-100.00%,CENX,NASDAQ:CENX,-0.891,$70.50,
NYSE:CEPU,16 Dec 2025,$17.50,3,$17.50,9,0.88,$13.05,34.10%,,,,$12.73,-2.45%,$0.00,-100.00%,$0.00,-100.00%,CEPU,NYSE:CEPU,-0.831,$24.01,-27.11%
NASDAQ:CERS,11 Dec 2025,$2.70,4,$4.50,4,0.93,$2.97,-9.22%,,,,$2.72,-8.42%,$2.61,-12.26%,$2.70,-8.94%,CERS,NASDAQ:CERS,-0.810,$4.67,-3.64%
NASDAQ:CEVA,10 Feb 2026,$35.04,4,$36.00,5,0.88,$32.71,7.12%,,,,$29.69,-9.23%,$0.00,-100.00%,$0.00,-100.00%,CEVA,NASDAQ:CEVA,-0.830,$47.25,-23.81%
NASDAQ:CFFN,1 Jun 2026,$8.16,3,$8.25,6,2.24,$8.72,-6.48%,,,,$8.81,1.03%,$0.00,-100.00%,$0.00,-100.00%,CFFN,NASDAQ:CFFN,-0.158,$9.50,-13.16%
NYSE:CFG,27 May 2026,$59.16,3,$72.63,6,1.37,$74.31,-20.38%,,,,$73.37,-1.26%,$0.00,-100.00%,$0.00,-100.00%,CFG,NYSE:CFG,-0.544,$80.59,-9.88%
NASDAQ:CFLT,27 Jan 2026,$37.00,3,$29.10,1,,,#DIV/0!,,,,,#DIV/0!,-$2.00,#DIV/0!,-$2.00,#DIV/0!,CFLT,NASDAQ:CFLT,-2.000,,
NYSE:CFR,19 Nov 2025,$122.52,3,$139.13,7,0.84,$168.07,-27.10%,,,,$164.31,-2.24%,-$413.05,-345.76%,-$490.56,-391.88%,CFR,NYSE:CFR,-0.763,$169.50,-17.92%
NASDAQ:CG,19 Nov 2025,$51.54,3,$66.70,6,0.84,$48.54,6.18%,,,,$48.15,-0.80%,$0.00,-100.00%,$0.00,-100.00%,CG,NASDAQ:CG,-0.805,$58.06,14.88%
NYSE:CGAU,15 Aug 2025,$8.68,4,,7,1.01,$21.92,-60.39%,,,,$21.14,-3.56%,$36.41,66.09%,$25.49,16.28%,CGAU,NYSE:CGAU,-0.696,$23.25,
NASDAQ:CGNX,29 Jan 2026,$39.12,3,$45.64,9,0.68,$66.60,-41.26%,,,,$59.92,-10.03%,$0.00,-100.00%,$0.00,-100.00%,CGNX,NASDAQ:CGNX,-0.875,$80.05,-42.99%
NASDAQ:CHCO,27 May 2026,$129.27,3,$130.00,4,0.88,$145.69,-11.27%,,,,$145.03,-0.45%,$0.00,-100.00%,$0.00,-100.00%,CHCO,NASDAQ:CHCO,-0.734,$140.40,-7.41%
NYSE:CHCT,24 Aug 2025,$20.57,3,,8,2.24,$14.67,40.24%,,,,$15.19,3.54%,$0.00,-100.00%,$0.00,-100.00%,CHCT,NYSE:CHCT,-0.190,$18.25,
NYSE:CHD,20 Feb 2024,$80.10,1,,,0.84,$97.98,-18.25%,,,,$98.64,0.67%,$0.00,-100.00%,$0.00,-100.00%,CHD,NYSE:CHD,-0.776,$105.37,
NASDAQ:CHDN,18 Sep 2025,$128.82,3,$132.71,9,1.12,$89.70,43.61%,,,,$87.14,-2.85%,$137.69,53.50%,$191.67,113.68%,CHDN,NASDAQ:CHDN,-0.726,$131.64,0.81%
NYSE:CHE,3 Jul 2024,$512.61,3,,,0.72,$524.98,-2.36%,,,,$514.36,-2.02%,$837.75,59.58%,$923.30,75.87%,CHE,NYSE:CHE,-0.826,$552.00,
NASDAQ:CHEF,3 Sep 2025,$48.50,2,,,0.60,$110.57,-56.14%,,,,$104.13,-5.82%,$0.00,-100.00%,$0.00,-100.00%,CHEF,NASDAQ:CHEF,-0.879,$116.56,
NYSE:CHGG,20 Aug 2025,$2.28,3,,5,1.13,$0.77,196.10%,,,,$0.77,0.00%,$0.00,-100.00%,$0.00,-100.00%,CHGG,NYSE:CHGG,-0.721,$2.79,
NYSE:CHH,23 Dec 2025,$119.50,3,$100.00,4,0.57,$104.93,-4.70%,,,,$100.93,-3.81%,$0.00,-100.00%,$0.00,-100.00%,CHH,NYSE:CHH,-0.903,$114.80,-12.89%
NASDAQ:CHKP,26 Mar 2026,$188.31,3,$200.68,7,0.51,$127.01,48.26%,,,,$126.78,-0.18%,$207.09,63.05%,$219.74,73.01%,CHKP,NASDAQ:CHKP,-0.939,$146.32,37.15%
NASDAQ:CHRD,23 Aug 2024,$167.62,3,,,1.12,$142.88,17.32%,,,,$133.28,-6.72%,$0.00,-100.00%,$0.00,-100.00%,CHRD,NASDAQ:CHRD,-0.674,$166.67,
NYSE:CHT,17 Jun 2024,$40.37,3,,,2.14,$42.49,-4.99%,,,,$42.64,0.35%,$58.90,38.62%,$87.00,104.75%,CHT,NYSE:CHT,-0.211,$48.08,
NASDAQ:CHX,23 Aug 2024,$37.87,4,,,,$25.81,46.71%,,,,$0.00,-100.00%,$0.00,-100.00%,$0.00,-100.00%,CHX,NASDAQ:CHX,-2.000,$40.80,
NYSE:CIB,6 Oct 2025,$49.03,3,,,0.94,$96.54,-49.21%,,,,$94.32,-2.30%,$0.00,-100.00%,$0.00,-100.00%,CIB,NYSE:CIB,-0.683,$82.51,
NYSE:CIEN,23 Dec 2025,$134.99,1,$248.93,10,0.52,$445.18,-69.68%,,,,$404.01,-9.25%,$509.24,14.39%,$538.56,20.98%,CIEN,NYSE:CIEN,-0.961,$565.71,-56.00%
NASDAQ:CIFR,4 Aug 2025,$6.62,3,$7.06,3,0.77,$18.50,-64.23%,,,,$15.80,-14.59%,$0.00,-100.00%,$0.00,-100.00%,CIFR,NASDAQ:CIFR,-0.880,$32.18,-78.06%
NYSE:CIG,26 Jun 2026,$2.37,4,,5,1.02,$1.92,23.44%,,,,$1.88,-2.08%,$0.00,-100.00%,$0.00,-100.00%,CIG,NYSE:CIG,-0.705,$2.14,
NASDAQ:CINF,19 Sep 2025,$146.60,2,$165.40,6,1.90,$171.06,-14.30%,,,,$172.97,1.12%,$312.60,82.74%,$330.26,93.06%,CINF,NASDAQ:CINF,-0.317,$191.67,-13.71%
NYSE:CINT,10 Jun 2026,$5.65,3,$6.94,7,,$3.54,59.71%,,,,,-100.00%,-$2.00,-156.50%,-$2.00,-156.50%,CINT,NYSE:CINT,-2.000,,
NASDAQ:CISS,16 Feb 2026,$2.33,3,,,,$0.06,3788.00%,,,,,-100.00%,-$2.00,-3433.33%,-$2.00,-3433.33%,CISS,NASDAQ:CISS,-2.000,,
NYSE:CL,18 Aug 2025,$84.33,3,$97.40,5,0.98,$90.21,-6.52%,,,,$90.62,0.45%,$0.00,-100.00%,$0.00,-100.00%,CL,NYSE:CL,-0.718,$98.95,-1.57%
NASDAQ:CLBK,8 Oct 2025,$15.20,3,,,0.58,$11.68,30.14%,,,,$11.33,-3.00%,$0.00,-100.00%,$0.00,-100.00%,CLBK,NASDAQ:CLBK,-0.867,$11.32,
NYSE:CLF,17 Aug 2025,$12.62,3,$10.78,6,0.54,$12.31,-12.43%,,,,$11.51,-6.50%,-$8.88,-172.14%,$14.67,19.18%,CLF,NYSE:CLF,-0.884,$11.80,-8.64%
NYSE:CLH,9 Apr 2025,$216.05,5,$271.56,9,0.89,$326.05,-33.74%,,,,$314.29,-3.61%,$369.23,13.24%,$446.39,36.91%,CLH,NYSE:CLH,-0.761,$359.93,-24.55%
NASDAQ:CLMB,26 Jan 2026,$137.18,3,$136.00,4,1.03,$27.84,388.51%,,,,$27.96,0.43%,$62.16,123.26%,$69.40,149.27%,CLMB,NASDAQ:CLMB,-0.710,$32.33,320.66%
NASDAQ:CLPT,11 Dec 2025,$12.35,3,$29.00,6,0.80,$15.50,-20.32%,,,,$14.85,-4.19%,$0.00,-100.00%,$0.00,-100.00%,CLPT,NASDAQ:CLPT,-0.866,$25.67,12.97%
NYSE:CLS,19 Jan 2026,$187.07,1,$376.73,10,0.63,$340.40,-45.04%,,,,$321.18,-5.65%,$354.54,4.15%,$377.36,10.86%,CLS,NYSE:CLS,-0.938,$473.24,-20.39%
NYSE:CLVT,2 Feb 2026,$5.35,3,$3.87,4,0.64,$1.89,104.76%,,,,$1.81,-4.23%,-$4.11,-317.45%,$6.34,235.40%,CLVT,NYSE:CLVT,-0.936,$2.97,30.30%
NYSE:CLW,26 Dec 2024,$20.46,,$37.00,5,0.78,$20.63,-0.82%,,,,$20.98,1.70%,$132.52,542.36%,$206.76,902.22%,CLW,NYSE:CLW,-0.794,$21.25,74.12%
NYSE:CLX,13 Apr 2026,$137.41,5,$115.33,4,0.95,$105.94,8.86%,,,,$103.50,-2.30%,$0.00,-100.00%,$0.00,-100.00%,CLX,NYSE:CLX,-0.703,$101.71,13.39%
NYSE:CM,10 Sep 2025,$68.57,2,,,1.34,$123.45,-44.45%,,,,$122.43,-0.83%,$29.72,-75.93%,$45.88,-62.84%,CM,NYSE:CM,-0.515,$111.97,
NYSE:CMA,19 Nov 2025,$78.08,3,$79.46,6,,,#DIV/0!,,,,,#DIV/0!,-$2.00,#DIV/0!,-$2.00,#DIV/0!,CMA,NYSE:CMA,-2.000,,
NYSE:CMC,27 Feb 2026,$67.56,3,,,1.07,$72.73,-7.11%,,,,$70.61,-2.91%,$59.65,-17.98%,$94.74,30.26%,CMC,NYSE:CMC,-0.685,$81.55,
NYSEAMERICAN:CMCL,28 Oct 2025,$29.76,1,$48.00,8,,$23.45,26.91%,,,,,-100.00%,-$2.00,-108.53%,-$2.00,-108.53%,CMCL,NYSEAMERICAN:CMCL,-2.000,,
NASDAQ:CME,24 Oct 2025,$252.85,2,,,0.98,$267.88,-5.61%,,,,$262.44,-2.03%,-$11.48,-104.28%,$3.90,-98.55%,CME,NASDAQ:CME,-0.712,$284.13,
NYSE:CMI,19 Nov 2025,$437.53,2,$508.60,4,0.89,$641.16,-31.76%,,,,$617.95,-3.62%,$0.00,-100.00%,$0.00,-100.00%,CMI,NYSE:CMI,-0.780,$757.35,-32.84%
NASDAQ:CMPR,23 Aug 2025,$95.87,3,$72.00,5,0.90,$91.75,-21.53%,,,,$92.63,0.96%,$0.00,-100.00%,$0.00,-100.00%,CMPR,NASDAQ:CMPR,-0.788,$114.50,-37.12%
NYSE:CMRE,23 Dec 2025,$17.94,5,$12.00,6,1.48,$15.02,-20.11%,,,,$14.37,-4.33%,$31.60,110.40%,$34.66,130.77%,CMRE,NYSE:CMRE,-0.547,$20.00,-40.00%
NASDAQ:CNDT,29 Jan 2026,$2.60,3,$7.00,3,0.76,$1.46,77.94%,,,,$1.46,0.00%,$0.00,-100.00%,$0.00,-100.00%,CNDT,NASDAQ:CNDT,-0.883,$5.00,40.00%
NYSE:CNH,18 Aug 2025,$16.66,5,$14.39,4,1.03,$10.29,39.84%,,,,$10.14,-1.46%,$0.00,-100.00%,$0.00,-100.00%,CNH,NYSE:CNH,-0.742,$13.35,7.79%
NYSE:CNM,15 Aug 2025,$59.25,2,,,0.67,$45.34,30.69%,,,,$44.14,-2.65%,$54.83,20.92%,$71.40,57.49%,CNM,NYSE:CNM,-0.908,$60.27,
NYSE:CNMD,11 Dec 2025,$60.78,3,$53.00,2,0.73,$49.25,7.61%,,,,$48.28,-1.97%,$55.39,12.46%,$64.69,31.36%,CNMD,NYSE:CNMD,-0.792,$45.50,16.48%
NYSE:CNO,20 Oct 2023,$30.57,5,,,0.89,$54.81,-44.23%,,,,$53.99,-1.50%,$0.00,-100.00%,$0.00,-100.00%,CNO,NYSE:CNO,-0.733,$53.75,
NASDAQ:CNOB,19 Nov 2025,$25.36,3,,,1.37,$32.78,-22.64%,,,,$32.74,-0.12%,$0.00,-100.00%,$0.00,-100.00%,CNOB,NASDAQ:CNOB,-0.553,$36.75,
NASDAQ:CNXC,28 Jan 2026,$61.95,4,,,1.38,$23.33,165.52%,,,,$24.21,3.77%,$61.06,161.72%,$193.94,731.30%,CNXC,NASDAQ:CNXC,-0.608,$35.25,
NYSE:COF,18 Aug 2025,$1.55,4,$1.15,4,1.03,$221.45,-99.48%,,,,$221.79,0.15%,$140.90,-36.37%,$304.02,37.29%,COF,NYSE:COF,-0.711,$256.50,-99.55%
NASDAQ:COFS,1 Jun 2026,$34.09,3,$34.00,7,1.05,$34.17,-0.50%,,,,$33.76,-1.20%,$0.00,-100.00%,$0.00,-100.00%,COFS,NASDAQ:COFS,-0.685,$37.00,-8.11%
NYSE:COHR,15 Aug 2025,$108.88,2,$111.93,7,0.56,$351.22,-69.00%,,,,$307.27,-12.51%,$0.00,-100.00%,$0.00,-100.00%,COHR,NYSE:COHR,-0.913,$394.62,-71.64%
NASDAQ:COHU,4 Feb 2026,$30.91,3,$32.33,9,0.55,$62.62,-50.64%,,,,$54.67,-12.70%,$61.51,-1.78%,$72.58,15.91%,COHU,NASDAQ:COHU,-0.917,$70.88,-54.39%
NASDAQ:COLB,27 May 2026,$30.60,3,$31.75,6,1.62,$32.34,-5.38%,,,,$32.35,0.03%,$0.00,-100.00%,$0.00,-100.00%,COLB,NASDAQ:COLB,-0.426,$34.14,-7.00%
NASDAQ:COLM,6 Feb 2026,$85.03,3,$62.40,6,1.37,$57.09,9.30%,,,,$56.35,-1.30%,$71.27,24.85%,$90.55,58.62%,COLM,NASDAQ:COLM,-0.572,$69.83,-10.64%
NASDAQ:COMM,27 Jan 2026,$19.58,1,,,,,#DIV/0!,,,,,#DIV/0!,-$2.00,#DIV/0!,-$2.00,#DIV/0!,COMM,NASDAQ:COMM,-2.000,,
NYSE:COP,2 Jul 2026,$119.17,5,$146.53,7,1.12,$127.56,-6.58%,,,,$124.22,-2.62%,$0.00,-100.00%,$0.00,-100.00%,COP,NYSE:COP,-0.667,$144.50,1.40%
NASDAQ:CORZ,22 Jan 2026,$21.48,3,$27.60,7,0.71,$20.13,6.70%,,,,$18.84,-6.41%,-$0.02,-100.10%,$3.59,-82.14%,CORZ,NASDAQ:CORZ,-0.907,$37.12,-25.65%
NYSE:COTY,18 Aug 2025,$8.16,3,$6.34,4,0.63,$2.67,137.45%,,,,$2.66,-0.37%,$5.72,114.06%,$10.87,307.02%,COTY,NYSE:COTY,-0.891,$3.13,102.56%
NYSE:CP,13 Nov 2024,$75.90,3,,,0.90,$93.92,-19.18%,,,,$92.05,-1.99%,$87.38,-6.97%,$103.54,10.24%,CP,NYSE:CP,-0.751,$100.99,
NYSE:CPF,16 Apr 2026,$32.84,3,$37.00,6,1.59,$38.40,-14.49%,,,,$38.69,0.76%,$0.00,-100.00%,$0.00,-100.00%,CPF,NYSE:CPF,-0.452,$43.00,-13.95%
NYSE:CPRI,26 Mar 2026,$38.69,5,$26.00,5,0.90,$14.67,77.23%,,,,$14.98,2.11%,$0.00,-100.00%,$0.00,-100.00%,CPRI,NYSE:CPRI,-0.823,$22.53,15.40%
NASDAQ:CPRT,22 Sep 2025,$50.82,4,$55.60,4,0.68,$31.70,60.32%,,,,$28.77,-9.24%,$67.88,114.12%,$72.03,127.22%,CPRT,NASDAQ:CPRT,-0.893,$40.30,37.97%
NASDAQ:CPSH,27 Jan 2026,$4.29,2,,,0.72,$4.33,-0.87%,,,,$4.11,-5.08%,$0.00,-100.00%,$0.00,-100.00%,CPSH,NASDAQ:CPSH,-0.899,$6.00,
NYSE:CPT,18 Sep 2025,$121.77,4,$121.40,1,1.25,$108.26,12.14%,,,,$109.05,0.73%,$0.00,-100.00%,$0.00,-100.00%,CPT,NYSE:CPT,-0.595,$117.42,3.39%
NYSE:CR,13 Nov 2025,$172.71,2,$220.67,6,0.86,$218.59,-20.99%,,,,$212.92,-2.59%,$308.62,41.18%,$337.83,54.55%,CR,NYSE:CR,-0.770,$238.00,-7.28%
NASDAQ:CRAI,20 Aug 2024,$164.05,3,,,0.74,$164.21,-0.10%,,,,$162.62,-0.97%,$0.00,-100.00%,$0.00,-100.00%,CRAI,NASDAQ:CRAI,-0.893,$250.50,
NASDAQ:CRCT,11 Feb 2026,$6.18,5,$3.67,3,1.09,$5.51,-33.39%,,,,$5.71,3.63%,$0.00,-100.00%,$0.00,-100.00%,CRCT,NASDAQ:CRCT,-0.581,$3.82,-3.93%
NASDAQ:CRDO,15 Dec 2025,$162.57,3,$223.89,7,0.48,$282.82,-42.52%,,,,$245.59,-13.16%,$305.75,8.11%,$309.55,9.45%,CRDO,NASDAQ:CRDO,-0.917,$279.29,-19.84%
NASDAQ:CRESY,11 Jul 2025,$10.53,3,,,0.95,$10.58,-0.50%,,,,$10.25,-3.12%,$7.94,-24.93%,$10.29,-2.74%,CRESY,NASDAQ:CRESY,-0.799,$15.51,
NYSE:CRGY,20 Aug 2025,$15.13,3,,,1.55,$12.69,19.24%,,,,$11.94,-5.91%,$0.00,-100.00%,$0.00,-100.00%,CRGY,NYSE:CRGY,-0.515,$16.80,
NYSE:CRH,30 Mar 2026,$109.97,3,,,1.19,$96.05,14.49%,,,,$95.51,-0.56%,$98.58,2.64%,$152.11,58.36%,CRH,NYSE:CRH,-0.694,$138.65,
NASDAQ:CRML,4 Dec 2025,$6.88,3,$14.00,6,,$6.57,4.67%,,,,,-100.00%,-$2.00,-130.44%,-$2.00,-130.44%,CRML,NASDAQ:CRML,-2.000,,
NASDAQ:CROX,26 Jul 2024,$132.28,3,,,0.60,$129.97,1.78%,,,,$126.81,-2.43%,$298.77,129.88%,$314.73,142.15%,CROX,NASDAQ:CROX,-0.880,$138.25,
NASDAQ:CRTO,6 Nov 2025,$38.27,3,$35.00,2,0.66,$17.82,96.41%,,,,$17.62,-1.12%,$0.00,-100.00%,$0.00,-100.00%,CRTO,NASDAQ:CRTO,-0.870,$20.31,72.33%
NASDAQ:CRUS,6 Feb 2026,$143.98,4,$143.60,10,0.81,$119.87,19.80%,,,,$117.19,-2.24%,$0.00,-100.00%,$0.00,-100.00%,CRUS,NASDAQ:CRUS,-0.855,$165.00,-12.97%
NASDAQ:CRWD,13 Sep 2024,$299.53,4,,,0.49,$213.90,40.03%,,,,$210.11,-1.77%,$231.87,8.40%,$234.96,9.85%,CRWD,NASDAQ:CRWD,-0.901,$198.35,
NASDAQ:CRWV,11 Feb 2026,$83.61,3,,,0.76,$106.00,-21.13%,,,,$99.89,-5.76%,$0.00,-100.00%,$0.00,-100.00%,CRWV,NASDAQ:CRWV,-0.874,$143.26,
NASDAQ:CSIQ,9 Feb 2026,$19.05,3,$21.51,6,0.62,$14.79,28.80%,,,,$14.46,-2.23%,-$32.57,-320.20%,-$47.86,-423.61%,CSIQ,NASDAQ:CSIQ,-0.915,$18.64,15.40%
NYSE:CSL,20 Jan 2026,$384.54,3,$400.00,8,0.69,$360.70,6.61%,,,,$360.07,-0.17%,$498.82,38.29%,$470.88,30.55%,CSL,NYSE:CSL,-0.859,$412.14,-2.95%
NASDAQ:CSTL,23 Aug 2024,$38.33,3,,,0.69,$29.95,27.97%,,,,$28.65,-4.34%,$0.00,-100.00%,$0.00,-100.00%,CSTL,NASDAQ:CSTL,-0.914,$44.00,
NYSE:CSTM,25 Jun 2026,$27.88,2,,,0.90,$29.92,-6.82%,,,,$28.25,-5.58%,$31.15,4.11%,$72.10,140.99%,CSTM,NYSE:CSTM,-0.792,$37.92,
NASDAQ:CSW,3 Sep 2025,$247.77,1,,,,$342.71,-27.70%,,,,,-100.00%,-$2.00,-100.58%,-$2.00,-100.58%,CSW,NYSE:CSW,-2.000,,
NASDAQ:CTBI,19 Nov 2025,$57.46,3,$61.00,6,1.13,$78.48,-26.78%,,,,$78.03,-0.57%,$0.00,-100.00%,$0.00,-100.00%,CTBI,NASDAQ:CTBI,-0.638,$81.33,-25.00%
NASDAQ:CTKB,11 Dec 2025,$6.69,3,$5.83,7,0.59,$4.74,23.00%,,,,$4.52,-4.64%,$0.00,-100.00%,$0.00,-100.00%,CTKB,NASDAQ:CTKB,-0.908,$5.56,4.86%
NASDAQ:CTLP,21 Jan 2026,$11.18,3,,5,,,#DIV/0!,,,,,#DIV/0!,-$2.00,#DIV/0!,-$2.00,#DIV/0!,CTLP,NASDAQ:CTLP,-2.000,,
NYSEAMERICAN:CTM,2 Feb 2026,$3.50,1,$3.50,3,,$0.63,455.56%,,,,,-100.00%,-$2.00,-417.46%,-$2.00,-417.46%,CTM,NYSEAMERICAN:CTM,-2.000,,
NYSE:CTRA,2 Nov 2025,$26.29,4,$32.29,7,3.45,$34.63,-24.08%,,,,$0.00,-100.00%,$41.25,19.12%,$71.61,106.78%,CTRA,NYSE:CTRA,-1.000,$37.77,-14.51%
NYSE:CTS,2 Feb 2026,$52.59,3,,6,0.74,$63.37,-17.01%,,,,$61.23,-3.38%,$66.61,5.11%,$86.78,36.94%,CTS,NYSE:CTS,-0.809,$65.00,
NASDAQ:CTSH,4 Feb 2026,$83.87,4,,,0.95,$56.61,48.15%,,,,$56.91,0.53%,$88.42,56.19%,$81.98,44.82%,CTSH,NASDAQ:CTSH,-0.740,$63.94,
NYSE:CUBI,19 Nov 2025,$67.11,3,$85.43,9,0.66,$82.11,-18.27%,,,,$80.41,-2.07%,$0.00,-100.00%,$0.00,-100.00%,CUBI,NYSE:CUBI,-0.873,$94.00,-9.12%
NASDAQ:CURI,23 Dec 2025,$4.18,3,$6.33,10,1.21,$2.95,41.69%,,,,$3.48,17.97%,$0.00,-100.00%,$0.00,-100.00%,CURI,NASDAQ:CURI,-0.684,$5.33,18.76%
NASDAQ:CVBF,25 Jun 2026,$20.88,3,,,1.69,$23.15,-9.81%,,,,$23.17,0.09%,$0.00,-100.00%,$0.00,-100.00%,CVBF,NASDAQ:CVBF,-0.408,$25.83,
NYSE:CVE,19 Jun 2026,$26.66,3,$32.60,8,1.09,$32.13,-17.02%,,,,$30.59,-4.79%,$120.79,275.93%,$160.29,398.88%,CVE,NYSE:CVE,-0.682,$36.77,-11.34%
NYSE:CVI,23 Aug 2024,$33.80,3,,,1.06,$36.42,-7.20%,,,,$34.81,-4.42%,$91.12,150.19%,$122.74,237.00%,CVI,NYSE:CVI,-0.629,$31.00,
NASDAQ:CVLT,26 Jan 2026,$137.85,3,$174.58,8,0.54,$144.32,-4.48%,,,,$140.34,-2.76%,$247.57,71.54%,$250.60,73.64%,CVLT,NASDAQ:CVLT,-0.917,$161.15,8.33%
NASDAQ:CVRX,4 Dec 2025,$11.33,4,$12.67,7,0.86,$2.75,312.04%,,,,$2.84,3.27%,$0.00,-100.00%,$0.00,-100.00%,CVRX,NASDAQ:CVRX,-0.839,$5.92,114.02%
NYSE:CVS,16 Oct 2025,$91.02,5,$86.60,8,1.09,$94.01,-7.88%,,,,$93.35,-0.70%,$0.00,-100.00%,$0.00,-100.00%,CVS,NYSE:CVS,-0.703,$116.08,-25.40%
NYSE:CVX,20 Aug 2025,$174.36,4,$171.33,9,1.37,$202.70,-15.48%,,,,$197.71,-2.46%,$0.00,-100.00%,$0.00,-100.00%,CVX,NYSE:CVX,-0.542,$216.83,-20.98%
NYSE:CW,17 May 2024,$250.04,2,,,0.76,$696.07,-64.08%,,,,$672.22,-3.43%,$0.00,-100.00%,$0.00,-100.00%,CW,NYSE:CW,-0.830,$806.50,
NYSE:CWAN,26 Jan 2026,$25.43,3,$27.15,4,,,#DIV/0!,,,,,#DIV/0!,-$2.00,#DIV/0!,-$2.00,#DIV/0!,CWAN,NYSE:CWAN,-2.000,,
NASDAQ:CWCO,13 Nov 2025,$34.36,3,,8,0.91,$30.05,14.34%,,,,$30.30,0.83%,$0.00,-100.00%,$0.00,-100.00%,CWCO,NASDAQ:CWCO,-0.818,$43.00,
NYSE:CWH,19 Sep 2025,$21.04,3,$19.56,7,1.12,$6.22,214.47%,,,,$6.24,0.32%,$177.97,2761.21%,$197.23,3070.88%,CWH,NYSE:CWH,-0.723,$10.60,84.53%
NYSE:CX,19 Jun 2025,$8.65,3,$7.31,8,1.09,$11.11,-34.20%,,,,$10.87,-2.16%,$9.92,-10.70%,$17.09,53.85%,CX,NYSE:CX,-0.721,$14.75,-50.44%
NASDAQ:CXAI,4 Feb 2026,$0.59,3,,,0.77,$0.09,557.78%,,,,$0.09,0.00%,$0.00,-100.00%,$0.00,-100.00%,CXAI,NASDAQ:CXAI,-0.879,$1.00,
NYSE:CXT,11 Nov 2025,$76.10,5,$74.00,8,1.08,$50.33,47.03%,,,,$50.25,-0.16%,$0.00,-100.00%,$0.00,-100.00%,CXT,NYSE:CXT,-0.740,$70.17,5.46%
NYSE:CYD,15 Dec 2025,$33.36,3,,7,0.94,$46.43,-28.15%,,,,$44.00,-5.23%,$0.00,-100.00%,$0.00,-100.00%,CYD,NYSE:CYD,-0.803,$68.31,
NYSE:DAC,5 Mar 2026,$126.35,3,,,0.93,$146.28,-13.62%,,,,$138.11,-5.59%,$0.00,-100.00%,$0.00,-100.00%,DAC,NYSE:DAC,-0.749,$164.50,
NYSE:DAL,18 Sep 2025,$41.35,2,,,1.01,$87.59,-52.79%,,,,$87.90,0.35%,$40.83,-53.38%,$134.48,53.53%,DAL,NYSE:DAL,-0.732,$105.52,
NYSE:DAVA,9 Feb 2026,$13.03,3,$10.00,3,,$2.95,238.98%,,,,,-100.00%,-$2.00,-167.80%,-$2.00,-167.80%,DAVA,NYSE:DAVA,-2.000,,
NASDAQ:DAVE,11 Feb 2026,$175.69,3,$312.50,9,0.73,$341.43,-48.54%,,,,$322.06,-5.67%,$0.00,-100.00%,$0.00,-100.00%,DAVE,NASDAQ:DAVE,-0.867,$429.91,-27.31%
NYSE:DB,2 Apr 2026,$30.42,3,$41.60,10,1.56,$38.12,-20.20%,,,,$38.34,0.58%,$440.96,1056.78%,$515.91,1253.38%,DB,NYSE:DB,-0.456,$40.50,2.72%
NYSE:DBI,4 Feb 2026,$8.49,3,$6.25,2,1.07,$5.81,7.57%,,,,$5.77,-0.69%,$4.02,-30.78%,$18.05,210.69%,DBI,NYSE:DBI,-0.731,$7.75,-19.35%
NASDAQ:DBX,11 Feb 2026,$25.55,3,,,0.64,$33.38,-23.46%,,,,$33.59,0.63%,$0.00,-100.00%,$0.00,-100.00%,DBX,NASDAQ:DBX,-0.830,$30.67,
NYSE:DCI,6 Nov 2025,$76.88,2,,,0.95,$94.68,-18.80%,,,,$93.68,-1.06%,$148.63,56.98%,$162.49,71.62%,DCI,NYSE:DCI,-0.715,$96.80,
NASDAQ:DCOM,2 Oct 2025,$31.72,3,$36.00,5,,,#DIV/0!,,,,,#DIV/0!,-$2.00,#DIV/0!,-$2.00,#DIV/0!,DCOM,NASDAQ:DCOM,-2.000,,
NASDAQ:DCTH,11 Dec 2025,$11.63,3,$24.00,6,0.82,$17.05,-31.78%,,,,$16.27,-4.57%,$0.00,-100.00%,$0.00,-100.00%,DCTH,NASDAQ:DCTH,-0.859,$24.00,0.00%
NYSE:DD,12 Aug 2026,$152.47,4,$167.70,9,4.37,$143.07,6.57%,6.57%,$152.47,$170.00,$153.47,7.27%,$0.00,-100.00%,$0.00,-100.00%,DD,NYSE:DD,0.765,$170.00,-1.35%
NYSE:DDD,19 Nov 2025,$2.85,3,$3.63,6,0.71,$3.64,-21.70%,,,,$3.50,-3.85%,$0.00,-100.00%,$0.00,-100.00%,DDD,NYSE:DDD,-0.907,$5.50,-34.00%
NASDAQ:DDOG,18 Aug 2025,$131.92,3,$161.38,8,0.58,$247.32,-46.66%,,,,$240.74,-2.66%,$0.00,-100.00%,$0.00,-100.00%,DDOG,NASDAQ:DDOG,-0.910,$285.18,-43.41%
NYSE:DDS,21 May 2024,$424.51,3,,,0.76,$579.68,-26.77%,,,,$548.96,-5.30%,$0.00,-100.00%,$0.00,-100.00%,DDS,NYSE:DDS,-0.778,$538.00,
NYSE:DEA,13 Nov 2025,$33.12,3,$23.30,4,1.65,$24.53,-5.01%,,,,$24.73,0.82%,$0.00,-100.00%,$0.00,-100.00%,DEA,NYSE:DEA,-0.408,$25.21,-7.58%
NYSE:DECK,13 Apr 2026,$122.67,3,$124.47,2,0.82,$90.11,36.13%,,,,$90.22,0.12%,$0.00,-100.00%,$0.00,-100.00%,DECK,NYSE:DECK,-0.849,$122.81,1.35%
NYSE:DEO,20 Mar 2026,$109.50,3,$107.50,8,0.93,$91.82,17.08%,,,,$93.68,2.03%,$0.00,-100.00%,$0.00,-100.00%,DEO,NYSE:DEO,-0.755,$106.43,1.01%
NASDAQ:DFDV,3 Jun 2025,$23.65,3,,,0.76,$3.16,648.48%,,,,$2.77,-12.34%,$0.00,-100.00%,$0.00,-100.00%,DFDV,NASDAQ:DFDV,-0.886,$5.85,
NYSE:DFH,26 Mar 2025,$30.22,3,$32.00,4,0.60,$15.08,100.40%,,,,$14.64,-2.92%,$0.00,-100.00%,$0.00,-100.00%,DFH,NYSE:DFH,-0.911,$18.00,77.78%
NASDAQ:DGII,29 Jan 2026,$43.01,3,$48.80,7,0.55,$83.34,-48.39%,,,,$81.12,-2.66%,$0.00,-100.00%,$0.00,-100.00%,DGII,NASDAQ:DGII,-0.895,$85.40,-42.86%
NYSE:DGX,29 Jul 2024,$148.07,3,,,0.99,$235.52,-37.13%,,,,$231.05,-1.90%,$350.78,48.94%,$437.16,85.62%,DGX,NYSE:DGX,-0.704,$245.87,
NYSE:DHI,29 May 2026,$164.34,5,$164.82,7,1.00,$148.34,10.79%,,,,$146.71,-1.10%,$176.65,19.09%,$180.55,21.71%,DHI,NYSE:DHI,-0.710,$162.92,1.17%
NYSE:DHR,13 Nov 2025,$244.54,3,$243.45,9,0.52,$202.63,20.15%,,,,$194.06,-4.23%,$222.89,10.00%,$258.56,27.60%,DHR,NYSE:DHR,-0.931,$227.96,6.80%
NASDAQ:DIOD,28 Jan 2026,$63.86,3,$58.67,7,0.73,$107.56,-45.45%,,,,$94.91,-11.76%,$0.00,-100.00%,$0.00,-100.00%,DIOD,NASDAQ:DIOD,-0.900,$162.50,-63.90%
NASDAQ:DJCO,11 Feb 2026,$662.32,3,,5,0.24,$595.97,11.13%,,,,$577.31,-3.13%,$771.42,29.44%,$772.61,29.64%,DJCO,NASDAQ:DJCO,-0.902,,
NYSE:DKL,25 Jun 2026,$49.01,1,,,1.43,$53.77,-8.85%,,,,$51.93,-3.42%,$0.00,-100.00%,$0.00,-100.00%,DKL,NYSE:DKL,-0.494,$52.83,
NASDAQ:DKNG,18 Aug 2025,$46.45,3,$54.69,7,0.66,$25.30,83.60%,,,,$24.83,-1.86%,$0.00,-100.00%,$0.00,-100.00%,DKNG,NASDAQ:DKNG,-0.925,$34.84,56.97%
NYSE:DLX,17 Jul 2026,$28.09,3,,5,1.32,$24.27,15.74%,,,,$23.78,-2.02%,$0.00,-100.00%,$0.00,-100.00%,DLX,NYSE:DLX,-0.622,$32.67,
NASDAQ:DMLP,20 Sep 2025,$25.83,1,$25.30,1,2.61,$28.11,-10.00%,,,,$28.49,1.35%,$0.00,-100.00%,$0.00,-100.00%,DMLP,NASDAQ:DMLP,0.042,,
NASDAQ:DMRC,14 Jan 2026,$14.02,3,$10.00,2,0.70,$6.78,47.49%,,,,$6.01,-11.36%,$0.00,-100.00%,$0.00,-100.00%,DMRC,NASDAQ:DMRC,-0.911,$11.50,-13.04%
NYSEAMERICAN:DNN,31 Jul 2024,$1.76,0,,,,$3.19,-44.83%,,,,,-100.00%,-$2.00,-162.70%,-$2.00,-162.70%,DNN,NYSEAMERICAN:DNN,-2.000,,
NASDAQ:DNUT,22 Dec 2023,$17.24,4,,,0.89,$3.20,438.69%,,,,$3.21,0.31%,$0.00,-100.00%,$0.00,-100.00%,DNUT,NASDAQ:DNUT,-0.810,$4.25,
NYSE:DOLE,6 Mar 2026,$17.35,3,$14.00,4,1.10,$12.93,8.28%,,,,$13.04,0.85%,$0.00,-100.00%,$0.00,-100.00%,DOLE,NYSE:DOLE,-0.721,$17.44,-19.72%
NYSE:DOV,11 Nov 2025,$186.11,3,$210.90,7,0.86,$206.47,-9.86%,,,,$201.79,-2.27%,$255.87,23.93%,$294.71,42.74%,DOV,NYSE:DOV,-0.797,$246.89,-14.58%
NASDAQ:DOX,21 May 2026,$85.47,3,$74.50,10,1.07,$57.25,30.13%,,,,$57.00,-0.44%,$0.00,-100.00%,$0.00,-100.00%,DOX,NASDAQ:DOX,-0.746,$81.21,-8.26%
NASDAQ:DOYU,2 Apr 2025,$7.06,3,$9.75,9,,$4.71,49.81%,,,,,-100.00%,-$2.00,-142.46%,-$2.00,-142.46%,DOYU,NASDAQ:DOYU,-2.000,,
NASDAQ:DPZ,9 Apr 2025,$433.44,3,$487.39,9,0.74,$335.42,29.22%,,,,$338.79,1.00%,$506.13,50.89%,$547.41,63.20%,DPZ,NASDAQ:DPZ,-0.832,$380.29,28.16%
NYSE:DQ,9 Feb 2026,$22.12,3,$28.07,5,0.65,$14.24,55.34%,,,,$14.01,-1.62%,$62.68,340.14%,$118.20,730.07%,DQ,NYSE:DQ,-0.934,$23.95,17.20%
NYSE:DRD,28 Feb 2024,$9.55,4,,,,$24.61,-61.20%,,,,,-100.00%,-$2.00,-108.13%,-$2.00,-108.13%,DRD,NYSE:DRD,-2.000,,
NYSE:DRH,23 Dec 2025,$11.46,5,$9.65,3,,$12.36,-21.93%,,,,,-100.00%,-$2.00,-116.18%,-$2.00,-116.18%,DRH,NASDAQ:DRH,-2.000,,
NYSE:DRI,18 Sep 2025,$167.77,1,,,1.31,$225.50,-25.60%,,,,$222.28,-1.43%,$286.63,27.11%,$360.65,59.93%,DRI,NYSE:DRI,-0.555,$228.54,
NASDAQ:DRVN,4 Apr 2025,$17.90,3,$19.91,7,0.70,$12.76,40.28%,,,,$12.39,-2.90%,$0.00,-100.00%,$0.00,-100.00%,DRVN,NASDAQ:DRVN,-0.891,$16.61,19.87%
NYSE:DSX,5 Mar 2026,$3.21,4,,,1.32,$2.66,20.68%,,,,$2.41,-9.40%,$0.00,-100.00%,$0.00,-100.00%,DSX,NYSE:DSX,-0.634,$3.80,
NYSE:DT,10 Feb 2026,$53.18,3,$54.08,8,0.62,$47.61,11.71%,,,,$47.51,-0.21%,$0.00,-100.00%,$0.00,-100.00%,DT,NYSE:DT,-0.907,$58.33,-7.29%
NYSE:DUK,19 Sep 2025,$124.46,3,$130.90,7,1.14,$123.58,0.71%,,,,$121.96,-1.31%,$0.00,-100.00%,$0.00,-100.00%,DUK,NYSE:DUK,-0.655,$137.94,-5.10%
NASDAQ:DUOL,8 Feb 2026,$234.17,3,$232.22,4,0.44,$130.16,78.41%,,,,$128.06,-1.61%,$0.00,-100.00%,$0.00,-100.00%,DUOL,NASDAQ:DUOL,-0.926,$124.79,86.09%
NASDAQ:DVLT,14 Jan 2026,$1.31,3,,,0.71,$0.32,310.91%,,,,$0.30,-6.25%,$0.23,-28.77%,$0.37,16.52%,DVLT,NASDAQ:DVLT,-0.908,$2.50,
NYSE:DVN,27 Jan 2026,$43.47,4,$43.37,10,1.27,$47.57,-8.83%,,,,$44.39,-6.68%,$0.00,-100.00%,$0.00,-100.00%,DVN,NYSE:DVN,-0.625,$59.58,-27.21%
NASDAQ:DXCM,11 Dec 2025,$71.56,4,$85.74,7,0.65,$88.76,-19.38%,,,,$87.32,-1.62%,$115.80,30.47%,$127.54,43.69%,DXCM,NASDAQ:DXCM,-0.857,$94.12,-8.90%
NYSE:DY,23 Aug 2024,$143.30,1,,,0.82,$432.89,-66.90%,,,,$399.32,-7.75%,$642.71,48.47%,$360.39,-16.75%,DY,NYSE:DY,-0.859,$637.27,
NASDAQ:EA,2 Jan 2026,$198.31,3,,,0.80,$209.70,-5.43%,,,,$206.36,-1.59%,$306.01,45.93%,$323.97,54.49%,EA,NASDAQ:EA,-0.774,$205.79,
NASDAQ:EBAY,22 Feb 2026,$73.85,1,$99.00,7,0.88,$100.94,-26.84%,,,,$101.33,0.39%,$0.00,-100.00%,$0.00,-100.00%,EBAY,NASDAQ:EBAY,-0.776,$115.92,-14.60%
NASDAQ:EBC,1 Jun 2026,$20.59,3,$22.75,7,0.83,$23.65,-12.93%,,,,$23.04,-2.58%,$0.00,-100.00%,$0.00,-100.00%,EBC,NASDAQ:EBC,-0.778,$25.12,-9.43%
NYSE:EBF,23 Jun 2026,$22.32,4,,,2.11,$22.32,0.00%,,,,$22.17,-0.67%,$51.44,130.48%,$58.02,159.95%,EBF,NYSE:EBF,-0.210,$24.00,
NYSE:EBS,5 Jan 2026,$13.61,3,$15.00,5,0.89,$4.50,202.52%,,,,$4.36,-3.11%,$0.00,-100.00%,$0.00,-100.00%,EBS,NYSE:EBS,-0.827,$11.00,36.36%
NYSE:ECO,5 Mar 2026,$47.32,2,,,2.58,$62.70,-24.53%,,,,$60.16,-4.05%,$0.00,-100.00%,$0.00,-100.00%,ECO,NYSE:ECO,-0.028,$75.00,
NASDAQ:ECPG,23 Jun 2026,$78.21,3,$113.33,10,0.79,$103.68,-24.57%,,,,$99.27,-4.25%,$0.00,-100.00%,$0.00,-100.00%,ECPG,NASDAQ:ECPG,-0.807,$115.67,-2.02%
NASDAQ:ECX,10 Sep 2025,$1.94,4,,3,0.75,$1.12,73.57%,,,,$1.03,-8.04%,$0.00,-100.00%,$0.00,-100.00%,ECX,NASDAQ:ECX,-0.890,$3.05,
NYSE:ED,16 Sep 2025,$102.44,3,$102.88,2,1.31,$108.99,-6.01%,,,,$107.55,-1.32%,$0.00,-100.00%,$0.00,-100.00%,ED,NYSE:ED,-0.553,$110.97,-7.29%
NYSE:EDN,16 Dec 2025,$46.50,3,,5,0.87,$23.02,102.00%,,,,$22.12,-3.91%,$0.00,-100.00%,$0.00,-100.00%,EDN,NYSE:EDN,-0.836,$38.50,
NYSE:EDU,19 Aug 2025,$59.25,3,,,0.79,$53.20,11.38%,,,,$50.74,-4.62%,$0.00,-100.00%,$0.00,-100.00%,EDU,NYSE:EDU,-0.866,$73.30,
NASDAQ:EEFT,11 Feb 2026,$105.16,3,$96.80,7,0.64,$70.55,37.21%,,,,$70.26,-0.41%,$0.00,-100.00%,$0.00,-100.00%,EEFT,NASDAQ:EEFT,-0.901,$87.50,10.63%
NYSE:EFX,10 May 2024,$252.67,3,,,1.02,$176.80,42.91%,,,,$178.54,0.98%,$236.14,33.56%,$342.81,93.90%,EFX,NYSE:EFX,-0.721,$210.52,
NASDAQ:EGAN,28 Jan 2026,$10.58,3,$15.17,6,,$7.23,46.33%,,,,,-100.00%,-$2.00,-127.66%,-$2.00,-127.66%,EGAN,NASDAQ:EGAN,-2.000,,
NASDAQ:EGBN,23 Dec 2025,$22.58,3,$18.50,6,0.95,$28.55,-35.20%,,,,$28.15,-1.40%,$0.00,-100.00%,$0.00,-100.00%,EGBN,NASDAQ:EGBN,-0.732,$31.00,-40.32%
NASDAQ:EGHT,22 Jan 2026,$2.71,3,$2.25,3,0.70,$2.04,10.29%,,,,$1.95,-4.41%,$0.00,-100.00%,$0.00,-100.00%,EGHT,NASDAQ:EGHT,-0.881,$2.58,-12.79%
NYSE:EGY,26 Aug 2025,$6.31,3,,,1.76,$5.85,7.78%,,,,$5.67,-3.08%,$0.00,-100.00%,$0.00,-100.00%,EGY,NYSE:EGY,-0.440,$9.88,
NASDAQ:EH,3 Sep 2025,$17.27,3,,,0.73,$5.71,202.36%,,,,$5.66,-0.88%,$5.54,-3.03%,$5.59,-2.06%,EH,NASDAQ:EH,-0.899,$11.47,
NYSE:EHC,31 Dec 2025,$95.51,2,$145.00,8,0.78,$121.99,-21.71%,,,,$119.91,-1.71%,$0.00,-100.00%,$0.00,-100.00%,EHC,NYSE:EHC,-0.836,$148.17,-2.14%
NYSE:EIX,29 Jun 2026,$78.39,4,$76.14,4,2.11,$71.30,6.79%,,,,$71.09,-0.29%,-$29.04,-140.72%,-$75.06,-205.27%,EIX,NYSE:EIX,-0.211,$76.04,0.13%
NYSE:EL,18 Aug 2025,$118.27,3,$95.25,6,0.74,$84.34,12.94%,,,,$84.16,-0.21%,$89.12,5.66%,$130.82,55.11%,EL,NYSE:EL,-0.834,$95.85,-0.63%
NYSE:ELF,18 Aug 2025,$118.35,3,,,0.60,$93.66,26.36%,,,,$88.82,-5.17%,$0.00,-100.00%,$0.00,-100.00%,ELF,NYSE:ELF,-0.876,$97.25,
NYSE:ELME,4 Aug 2026,$2.41,4,,4,,$1.61,49.83%,49.83%,$2.41,$2.41,,-100.00%,-$2.00,-224.22%,-$2.00,-224.22%,ELME,NYSE:ELME,-2.000,,
NYSE:ELP,13 Feb 2025,$6.84,3,$8.20,6,,,#DIV/0!,,,,,#DIV/0!,-$2.00,#DIV/0!,-$2.00,#DIV/0!,ELP,NYSE:ELP,-2.000,,
NYSE:ELS,19 Sep 2025,$70.10,5,$67.65,7,1.36,$64.89,4.25%,,,,$64.63,-0.40%,$0.00,-100.00%,$0.00,-100.00%,ELS,NYSE:ELS,-0.547,$70.58,-4.15%
NASDAQ:ELVR,11 Dec 2025,$44.92,3,,,,$64.99,-30.88%,,,,,-100.00%,-$2.00,-103.08%,-$2.00,-103.08%,ELVR,NASDAQ:ELVR,-2.000,,
NYSE:EME,23 Aug 2025,$518.72,1,$670.50,8,0.97,$862.54,-39.86%,,,,$819.37,-5.00%,"$1,114.31",29.19%,"$1,192.69",38.28%,EME,NYSE:EME,-0.746,"$1,033.29",-35.11%
NYSE:EMR,19 Nov 2025,$120.30,2,$146.64,9,0.84,$162.05,-25.76%,,,,$159.76,-1.41%,$0.00,-100.00%,$0.00,-100.00%,EMR,NYSE:EMR,-0.771,$171.07,-14.28%
NYSE:ENB,19 Aug 2025,$43.53,2,,,1.69,$50.58,-13.94%,,,,$50.63,0.10%,$0.00,-100.00%,$0.00,-100.00%,ENB,NYSE:ENB,-0.391,$52.94,
NYSE:ENOV,11 Dec 2025,$37.01,3,$49.00,5,0.84,$24.74,49.61%,,,,$25.21,1.90%,$0.00,-100.00%,$0.00,-100.00%,ENOV,NYSE:ENOV,-0.849,$41.25,18.79%
NYSE:ENS,11 Mar 2026,$152.00,3,,,0.65,$202.34,-24.88%,,,,$188.77,-6.71%,$0.00,-100.00%,$0.00,-100.00%,ENS,NYSE:ENS,-0.900,$253.23,
NASDAQ:ENSG,3 Jul 2025,$137.40,2,,,0.65,$181.53,-24.31%,,,,$175.90,-3.10%,$257.15,41.66%,$291.56,60.61%,ENSG,NASDAQ:ENSG,-0.892,$220.00,
NASDAQ:ENTG,9 Feb 2026,$124.28,3,$123.14,3,0.57,$163.09,-24.50%,,,,$154.31,-5.38%,$0.00,-100.00%,$0.00,-100.00%,ENTG,NASDAQ:ENTG,-0.892,$173.36,-28.97%
NASDAQ:ENVX,20 Aug 2025,$9.75,3,,,0.75,$3.60,170.75%,,,,$4.18,16.11%,$0.00,-100.00%,$0.00,-100.00%,ENVX,NASDAQ:ENVX,-0.890,$12.25,
NYSE:EOG,2 Jul 2026,$143.14,4,$155.08,6,1.63,$146.15,-2.06%,,,,$141.50,-3.18%,$0.00,-100.00%,$0.00,-100.00%,EOG,NYSE:EOG,-0.426,$158.52,-2.17%
NYSE:EPAC,11 Nov 2025,$44.87,3,$51.00,1,0.70,$37.08,21.02%,,,,$35.66,-3.83%,$76.16,105.39%,$81.52,119.86%,EPAC,NYSE:EPAC,-0.889,$48.00,6.25%
NYSE:EPAM,26 Mar 2026,$178.81,3,$199.40,8,0.70,$98.73,81.11%,,,,$96.79,-1.96%,$0.00,-100.00%,$0.00,-100.00%,EPAM,NYSE:EPAM,-0.878,$122.82,62.35%
NYSE:EQBK,16 Mar 2026,$41.43,3,$52.50,4,1.37,$51.37,-19.35%,,,,$51.38,0.02%,$0.00,-100.00%,$0.00,-100.00%,EQBK,NYSE:EQBK,-0.538,$54.86,-4.30%
NYSE:EQNR,9 Sep 2025,$26.30,4,$25.60,9,1.90,$41.82,-38.79%,,,,$40.51,-3.13%,$92.48,121.15%,$136.82,227.18%,EQNR,NYSE:EQNR,-0.253,$34.74,-26.31%
NYSE:EQT,20 Aug 2025,$46.57,2,,,0.73,$53.01,-12.15%,,,,$52.81,-0.38%,$61.18,15.42%,$102.65,93.65%,EQT,NYSE:EQT,-0.872,$67.68,
NASDAQ:ERIC,27 May 2026,$11.70,1,$10.60,8,1.00,$10.17,4.23%,,,,$10.04,-1.28%,$10.58,4.02%,$15.33,50.76%,ERIC,NASDAQ:ERIC,-0.678,$9.67,9.62%
NASDAQ:ERII,4 Sep 2025,$16.86,3,$17.00,6,0.62,$8.14,107.14%,,,,$7.54,-7.37%,$0.00,-100.00%,$0.00,-100.00%,ERII,NASDAQ:ERII,-0.890,$9.33,82.21%
NYSE:ERO,2 Sep 2025,$21.17,3,$18.76,5,0.55,$34.91,-46.26%,,,,$32.64,-6.50%,$0.00,-100.00%,$0.00,-100.00%,ERO,NYSE:ERO,-0.896,$35.87,-47.70%
NYSE:ESAB,23 Dec 2025,$119.83,3,$147.33,7,0.83,$82.13,45.90%,,,,$82.24,0.13%,$0.00,-100.00%,$0.00,-100.00%,ESAB,NYSE:ESAB,-0.852,$131.18,12.31%
NYSE:ESE,29 Jan 2026,$185.93,2,$275.00,4,0.72,$308.01,-39.63%,,,,$288.92,-6.20%,$0.00,-100.00%,$0.00,-100.00%,ESE,NYSE:ESE,-0.871,$390.75,-29.62%
NASDAQ:ESEA,5 Mar 2026,$65.04,3,,,1.39,$77.17,-15.72%,,,,$71.75,-7.02%,$0.00,-100.00%,$0.00,-100.00%,ESEA,NASDAQ:ESEA,-0.548,$88.67,
NASDAQ:ESLT,24 Oct 2025,$494.42,3,,,0.62,$782.84,-36.84%,,,,$758.00,-3.17%,$0.00,-100.00%,$0.00,-100.00%,ESLT,NASDAQ:ESLT,-0.874,$846.33,
NYSE:ESNT,23 Jun 2026,$59.83,4,$68.00,1,1.04,$69.43,-13.83%,,,,$68.25,-1.70%,$0.00,-100.00%,$0.00,-100.00%,ESNT,NYSE:ESNT,-0.687,$74.71,-8.98%
NASDAQ:ESQ,21 Oct 2025,$91.76,3,$110.00,5,0.62,$124.09,-26.05%,,,,$123.81,-0.23%,$0.00,-100.00%,$0.00,-100.00%,ESQ,NASDAQ:ESQ,-0.868,$130.00,-15.38%
NYSE:ESS,16 Sep 2025,$294.27,5,$293.97,7,2.02,$283.06,3.85%,,,,$288.38,1.88%,$308.31,8.92%,$398.20,40.68%,ESS,NYSE:ESS,-0.250,$302.91,-2.95%
NASDAQ:ESTA,4 Dec 2025,$72.19,3,$71.75,6,0.86,$76.62,-6.36%,,,,$74.25,-3.09%,$0.00,-100.00%,$0.00,-100.00%,ESTA,NASDAQ:ESTA,-0.827,$102.44,-29.96%
NYSE:ESTC,19 Aug 2025,$94.39,3,$107.50,2,0.49,$83.44,13.13%,,,,$81.41,-2.43%,$140.87,68.83%,$142.48,70.75%,ESTC,NYSE:ESTC,-0.896,$75.56,42.27%
NYSE:ET,2 Jul 2026,$19.05,1,,,1.85,$20.94,-9.03%,,,,$20.87,-0.33%,$0.00,-100.00%,$0.00,-100.00%,ET,NYSE:ET,-0.348,$24.39,
NYSE:ETD,11 Nov 2024,$36.07,4,,,1.41,$22.77,58.39%,,,,$22.55,-0.97%,$47.09,106.82%,$48.55,113.23%,ETD,NYSE:ETD,-0.497,$22.00,
NYSE:ETN,11 Nov 2025,$317.45,1,,,0.62,$455.40,-30.29%,,,,$437.86,-3.85%,$0.00,-100.00%,$0.00,-100.00%,ETN,NYSE:ETN,-0.869,$476.43,
NYSE:ETR,24 Oct 2025,$79.12,1,,,1.26,$108.52,-27.09%,,,,$105.86,-2.45%,$0.00,-100.00%,$0.00,-100.00%,ETR,NYSE:ETR,-0.603,$123.28,
NASDAQ:EVCM,9 Feb 2026,$14.79,3,$12.00,3,0.54,$10.16,18.11%,,,,$9.60,-5.51%,$0.00,-100.00%,$0.00,-100.00%,EVCM,NASDAQ:EVCM,-0.911,$11.00,9.09%
NYSE:EVTC,11 Feb 2026,$34.62,3,$30.50,4,0.77,$30.39,0.36%,,,,$30.82,1.41%,$0.00,-100.00%,$0.00,-100.00%,EVTC,NYSE:EVTC,-0.829,$35.60,-14.33%
NYSE:EVTL,1 Sep 2025,$5.43,3,$11.60,5,0.92,$0.80,578.75%,,,,$0.78,-2.50%,$0.00,-100.00%,$0.00,-100.00%,EVTL,NYSE:EVTL,-0.812,$9.32,24.46%
NYSE:EW,11 Dec 2025,$87.08,3,$95.29,8,0.87,$90.81,-4.11%,,,,$90.06,-0.83%,$0.00,-100.00%,$0.00,-100.00%,EW,NYSE:EW,-0.769,$100.96,-5.62%
NASDAQ:EWBC,18 Mar 2026,$117.29,3,,,1.01,$135.52,-13.45%,,,,$134.14,-1.02%,$0.00,-100.00%,$0.00,-100.00%,EWBC,NASDAQ:EWBC,-0.704,$148.12,
NASDAQ:EXC,28 Apr 2026,$47.55,3,$50.83,5,1.26,$45.57,4.34%,,,,$45.24,-0.72%,$0.00,-100.00%,$0.00,-100.00%,EXC,NASDAQ:EXC,-0.590,$49.18,3.36%
NASDAQ:EXE,22 Jan 2026,$97.25,3,$133.00,9,1.55,$94.18,3.26%,,,,$94.21,0.03%,$116.78,23.99%,$232.01,146.35%,EXE,NASDAQ:EXE,-0.518,$125.52,5.96%
NASDAQ:EXFY,9 Feb 2026,$2.87,3,$5.00,2,0.71,$2.27,26.43%,,,,$2.07,-8.81%,$0.00,-100.00%,$0.00,-100.00%,EXFY,NASDAQ:EXFY,-0.871,$2.83,76.68%
NYSE:EXK,12 Aug 2025,$5.26,3,,,0.69,$10.14,-48.12%,,,,$10.19,0.49%,$0.00,-100.00%,$0.00,-100.00%,EXK,NYSE:EXK,-0.915,$15.50,
NASDAQ:EXLS,24 Feb 2026,$44.69,5,$53.00,3,0.64,$34.56,29.31%,,,,$33.43,-3.27%,$60.95,76.35%,$67.46,95.20%,EXLS,NASDAQ:EXLS,-0.913,$44.38,19.42%
NYSE:EXP,23 Aug 2025,$240.86,4,$230.75,1,0.90,$205.51,12.28%,,,,$202.40,-1.51%,$0.00,-100.00%,$0.00,-100.00%,EXP,NYSE:EXP,-0.754,$225.89,2.15%
NASDAQ:EXPE,4 Mar 2026,$219.55,3,$275.04,6,0.54,$318.50,-31.07%,,,,$318.09,-0.13%,$0.00,-100.00%,$0.00,-100.00%,EXPE,NASDAQ:EXPE,-0.904,$333.86,-17.62%
NYSE:EXR,12 Oct 2025,$164.54,3,$156.20,5,1.26,$146.89,6.34%,,,,$147.10,0.14%,$0.00,-100.00%,$0.00,-100.00%,EXR,NYSE:EXR,-0.588,$157.60,-0.89%
NYSE:F,15 Dec 2025,$13.76,1,,1,2.10,$14.05,-2.06%,,,,$14.04,-0.07%,-$19.22,-236.77%,$1.40,-90.07%,F,NYSE:F,-0.227,$15.78,
NASDAQ:FANG,20 Sep 2025,$163.23,3,$183.50,2,1.32,$206.29,-20.87%,,,,$199.76,-3.17%,$0.00,-100.00%,$0.00,-100.00%,FANG,NASDAQ:FANG,-0.573,$232.04,-20.92%
NASDAQ:FAST,14 Jun 2024,$55.48,2,,,1.16,$51.23,8.30%,,,,$50.39,-1.64%,$56.25,9.80%,$58.87,14.92%,FAST,NASDAQ:FAST,-0.607,$48.53,
NYSE:FBIN,28 Apr 2026,$58.23,5,$48.75,6,0.97,$46.55,4.73%,,,,$46.96,0.88%,$0.00,-100.00%,$0.00,-100.00%,FBIN,NYSE:FBIN,-0.753,$57.15,-14.70%
NASDAQ:FBIZ,8 Oct 2025,$51.75,3,$58.00,7,1.26,$70.95,-27.06%,,,,$70.49,-0.65%,-$75.25,-206.06%,-$67.62,-195.30%,FBIZ,NASDAQ:FBIZ,-0.601,$79.20,-26.77%
NASDAQ:FBNC,7 Oct 2025,$47.21,3,,,0.81,$66.12,-28.60%,,,,$64.99,-1.71%,$0.00,-100.00%,$0.00,-100.00%,FBNC,NASDAQ:FBNC,-0.784,$69.40,
NYSE:FBP,27 May 2026,$27.08,3,$26.00,6,1.33,$29.54,-11.98%,,,,$29.34,-0.68%,$0.00,-100.00%,$0.00,-100.00%,FBP,NYSE:FBP,-0.556,$31.71,-18.01%
NYSE:FC,15 Oct 2025,$24.97,3,$32.00,4,0.91,$19.08,30.87%,,,,$19.14,0.31%,$39.93,109.29%,$18.66,-2.19%,FC,NYSE:FC,-0.819,$31.00,3.23%
NASDAQ:FCBC,21 Oct 2025,$36.41,3,,5,1.63,$49.18,-25.97%,,,,$49.14,-0.08%,$0.00,-100.00%,$0.00,-100.00%,FCBC,NASDAQ:FCBC,-0.411,$50.00,
NASDAQ:FCCO,2 Oct 2025,$26.67,3,$30.00,7,0.86,$34.70,-23.15%,,,,$33.57,-3.26%,$0.00,-100.00%,$0.00,-100.00%,FCCO,NASDAQ:FCCO,-0.772,$37.83,-20.70%
NYSE:FCF,18 Nov 2025,$17.15,3,$19.00,3,0.98,$21.51,-20.27%,,,,$21.20,-1.44%,$0.00,-100.00%,$0.00,-100.00%,FCF,NYSE:FCF,-0.726,$24.08,-21.10%
NYSE:FCN,13 Nov 2025,$198.73,3,$165.00,9,0.68,$149.82,10.13%,,,,$146.64,-2.12%,$313.95,109.55%,$336.28,124.46%,FCN,NYSE:FCN,-0.869,$175.50,-5.98%
NYSE:FCPT,4 Sep 2025,$29.64,4,$29.40,6,2.24,$25.07,17.27%,,,,$25.26,0.76%,$0.00,-100.00%,$0.00,-100.00%,FCPT,NYSE:FCPT,-0.166,$28.22,4.18%
NYSE:FDP,13 Nov 2025,$39.53,3,,4,,,#DIV/0!,,,,,#DIV/0!,-$2.00,#DIV/0!,-$2.00,#DIV/0!,FDP,NYSE:FDP,-2.000,,
NYSE:FE,19 Sep 2025,$47.44,4,$46.00,7,0.97,$47.42,-2.99%,,,,$46.05,-2.89%,-$18.59,-139.21%,-$1.92,-104.05%,FE,NYSE:FE,-0.732,$53.33,-13.74%
NASDAQ:FELE,6 Nov 2025,$93.75,3,,,0.83,$104.02,-9.87%,,,,$102.87,-1.11%,$163.24,56.93%,$178.05,71.17%,FELE,NASDAQ:FELE,-0.796,$118.50,
NYSE:FERG,8 Jul 2024,$169.94,2,,,0.92,$244.98,-30.63%,,,,$240.85,-1.69%,$0.00,-100.00%,$0.00,-100.00%,FERG,NYSE:FERG,-0.761,$284.32,
NYSE:FF,15 May 2025,$5.93,5,,7,1.21,$5.74,3.31%,,,,$5.47,-4.70%,$0.00,-100.00%,$0.00,-100.00%,FF,NYSE:FF,-0.687,$14.00,
NASDAQ:FFAI,15 Dec 2025,$1.88,3,,,0.87,$3.72,-49.49%,,,,$3.84,3.23%,$0.00,-100.00%,$0.00,-100.00%,FFAI,NASDAQ:FFAI,-0.834,$48.00,
NASDAQ:FFBC,20 Mar 2026,$29.92,3,$31.67,5,2.11,$34.17,-12.44%,,,,$34.50,0.97%,$0.00,-100.00%,$0.00,-100.00%,FFBC,NASDAQ:FFBC,-0.216,$37.57,-15.70%
NASDAQ:FFIC,27 Oct 2025,$16.10,4,$15.00,5,,,#DIV/0!,,,,,#DIV/0!,-$2.00,#DIV/0!,-$2.00,#DIV/0!,FFIC,NASDAQ:FFIC,-2.000,,
NASDAQ:FFIN,19 Nov 2025,$32.29,3,$37.50,5,1.40,$34.86,-7.37%,,,,$34.86,0.00%,$0.00,-100.00%,$0.00,-100.00%,FFIN,NASDAQ:FFIN,-0.525,$37.00,1.35%
NYSE:FFWM,18 Nov 2025,$6.01,3,$6.38,5,,,#DIV/0!,,,,,#DIV/0!,-$2.00,#DIV/0!,-$2.00,#DIV/0!,FFWM,NYSE:FFWM,-2.000,,
NASDAQ:FHB,16 Apr 2026,$28.27,3,$26.67,2,1.85,$27.52,-3.09%,,,,$27.72,0.73%,$0.00,-100.00%,$0.00,-100.00%,FHB,NASDAQ:FHB,-0.339,$30.78,-13.35%
NYSE:FHN,28 May 2026,$23.86,3,$26.61,3,0.99,$26.02,-8.29%,,,,$25.61,-1.58%,$0.00,-100.00%,$0.00,-100.00%,FHN,NYSE:FHN,-0.713,$28.11,-5.34%
NASDAQ:FIBK,27 May 2026,$35.12,3,$36.60,3,2.31,$38.89,-9.69%,,,,$39.22,0.85%,$0.00,-100.00%,$0.00,-100.00%,FIBK,NASDAQ:FIBK,-0.098,$37.50,-2.40%
NYSE:FIG,29 Jan 2026,$46.89,3,$51.00,5,0.64,$24.99,87.62%,,,,$24.49,-2.00%,$0.00,-100.00%,$0.00,-100.00%,FIG,NYSE:FIG,-0.899,$30.50,67.21%
NYSE:FINV,24 Oct 2025,$5.94,3,,6,1.58,$4.37,35.93%,,,,$4.35,-0.46%,$24.58,462.51%,$25.36,480.40%,FINV,NYSE:FINV,-0.520,$7.31,
NYSE:FIS,11 Feb 2026,$71.87,3,,,1.06,$41.17,74.57%,,,,$42.33,2.82%,$0.00,-100.00%,$0.00,-100.00%,FIS,NYSE:FIS,-0.718,$51.04,
NASDAQ:FISI,20 Oct 2025,$28.36,3,$30.00,5,1.26,$41.56,-31.76%,,,,$41.45,-0.26%,$0.00,-100.00%,$0.00,-100.00%,FISI,NASDAQ:FISI,-0.592,$45.00,-33.33%
NASDAQ:FITB,27 May 2026,$50.92,3,$57.17,9,1.37,$58.06,-12.30%,,,,$57.59,-0.81%,$0.00,-100.00%,$0.00,-100.00%,FITB,NASDAQ:FITB,-0.545,$62.90,-9.11%
NYSE:FIX,23 Aug 2025,$534.79,1,$736.60,8,0.56,"$1,881.18",-71.57%,,,,"$1,666.93",-11.39%,"$3,347.57",77.95%,"$3,420.40",81.82%,FIX,NYSE:FIX,-0.925,"$2,210.86",-66.68%
NASDAQ:FIZZ,17 Mar 2026,$41.05,3,$35.00,2,1.62,$31.03,12.79%,,,,$30.95,-0.26%,$58.62,88.90%,$62.77,102.30%,FIZZ,NASDAQ:FIZZ,-0.428,$33.00,6.06%
NASDAQ:FLEX,5 Feb 2026,$63.22,2,$73.75,6,0.53,$130.00,-51.37%,,,,$117.65,-9.50%,$131.33,1.02%,$156.31,20.24%,FLEX,NASDAQ:FLEX,-0.949,$160.50,-54.05%
NYSE:FLG,21 Oct 2025,$10.62,3,$13.90,6,1.01,$14.00,-24.15%,,,,$13.96,-0.29%,$0.00,-100.00%,$0.00,-100.00%,FLG,NYSE:FLG,-0.722,$16.26,-14.51%
NYSE:FLR,20 Aug 2025,$51.95,5,,5,0.58,$54.74,-5.09%,,,,$50.44,-7.86%,$0.00,-100.00%,$0.00,-100.00%,FLR,NYSE:FLR,-0.900,$60.69,
NYSE:FLS,23 Aug 2024,$48.32,3,,,1.36,$80.97,-40.32%,,,,$79.60,-1.69%,$112.07,38.42%,$124.95,54.31%,FLS,NYSE:FLS,-0.552,$89.10,
NYSE:FLUT,18 Sep 2025,$272.62,3,,,0.83,$96.39,182.83%,,,,$95.58,-0.84%,$0.00,-100.00%,$0.00,-100.00%,FLUT,NYSE:FLUT,-0.855,$141.04,
NASDAQ:FMBH,28 Apr 2026,$47.14,3,,,0.96,$51.95,-9.26%,,,,$51.09,-1.66%,$0.00,-100.00%,$0.00,-100.00%,FMBH,NASDAQ:FMBH,-0.728,$56.50,
NASDAQ:FMNB,18 Mar 2026,$14.01,3,$14.50,6,2.07,$16.12,-13.08%,,,,$16.39,1.67%,$0.00,-100.00%,$0.00,-100.00%,FMNB,NASDAQ:FMNB,-0.227,$17.00,-14.71%
NYSE:FMS,16 Mar 2026,$34.95,5,$26.00,2,1.60,$23.50,10.64%,,,,$23.71,0.89%,$0.00,-100.00%,$0.00,-100.00%,FMS,NYSE:FMS,-0.445,$25.78,0.85%
NYSE:FMX,19 Mar 2026,$123.52,3,$128.33,8,1.30,$117.28,5.32%,,,,$115.55,-1.48%,$0.00,-100.00%,$0.00,-100.00%,FMX,NYSE:FMX,-0.588,$133.94,-4.19%
NYSE:FN,11 Dec 2025,$411.82,2,$533.80,8,0.81,$598.58,-31.20%,,,,$545.56,-8.86%,$670.05,11.94%,$577.77,-3.48%,FN,NYSE:FN,-0.825,$732.44,-27.12%
NYSE:FNB,30 Mar 2026,$17.16,3,$19.63,9,1.39,$19.40,-11.55%,,,,$19.20,-1.03%,$0.00,-100.00%,$0.00,-100.00%,FNB,NYSE:FNB,-0.533,$21.06,-6.79%
NYSE:FNF,10 Apr 2025,$64.78,4,$70.33,4,1.52,$49.13,31.84%,,,,$48.88,-0.51%,$0.00,-100.00%,$0.00,-100.00%,FNF,NYSE:FNF,-0.513,$61.40,14.54%
NASDAQ:FOSL,29 Aug 2025,$4.98,5,$5.00,7,0.74,$5.74,-13.23%,,,,$5.16,-10.10%,$0.00,-100.00%,$0.00,-100.00%,FOSL,NASDAQ:FOSL,-0.873,$7.50,-33.33%
NASDAQ:FRHC,27 Aug 2025,$170.00,3,,,0.38,$150.47,12.98%,,,,$142.26,-5.46%,$288.42,91.68%,$292.32,94.27%,FRHC,NASDAQ:FRHC,-0.877,$76.00,
NYSE:FRO,23 Jun 2026,$33.92,2,$43.67,8,2.71,$42.18,-19.57%,,,,$42.22,0.09%,$42.80,1.47%,$65.40,55.05%,FRO,NYSE:FRO,0.060,$44.25,-1.31%
NASDAQ:FRSH,27 Jan 2026,$14.36,3,$18.75,5,0.72,$12.33,16.45%,,,,$12.07,-2.11%,$0.00,-100.00%,$0.00,-100.00%,FRSH,NASDAQ:FRSH,-0.850,$14.38,30.39%
NYSE:FRT,23 Dec 2025,$100.99,1,,,1.05,$118.02,-14.43%,,,,$117.08,-0.80%,$0.00,-100.00%,$0.00,-100.00%,FRT,NYSE:FRT,-0.693,$132.50,
NASDAQ:FSBC,27 May 2026,$39.25,3,$44.83,7,2.19,$46.86,-16.24%,,,,$46.98,0.26%,-$110.18,-335.13%,-$108.78,-332.14%,FSBC,NASDAQ:FSBC,-0.186,$52.00,-13.79%
NASDAQ:FSLR,11 Feb 2026,$209.76,2,,,0.70,$217.85,-3.71%,,,,$217.94,0.04%,$587.32,169.60%,$662.77,204.23%,FSLR,NASDAQ:FSLR,-0.878,$270.97,
NYSE:FSLY,19 Jan 2026,$10.88,4,$11.30,4,,$29.04,-62.54%,,,,,-100.00%,-$2.00,-106.89%,-$2.00,-106.89%,FSLY,NASDAQ:FSLY,-2.000,,
NYSE:FSM,14 Aug 2025,$6.09,3,$7.46,7,0.72,$10.77,-43.44%,,,,$10.32,-4.18%,$0.00,-100.00%,$0.00,-100.00%,FSM,NYSE:FSM,-0.889,$14.50,-48.55%
NASDAQ:FSTR,4 Oct 2024,$28.19,4,,,0.67,$38.48,-26.74%,,,,$37.01,-3.82%,$0.00,-100.00%,$0.00,-100.00%,FSTR,NASDAQ:FSTR,-0.869,$44.00,
NASDAQ:FTAI,19 Aug 2025,$88.62,1,,,1.27,$227.43,-61.04%,,,,$212.08,-6.75%,$149.50,-34.27%,$155.52,-31.62%,FTAI,NASDAQ:FTAI,-0.659,$364.00,
NASDAQ:FTDR,1 Jun 2026,$66.83,3,$74.50,7,0.60,$83.75,-20.20%,,,,$82.67,-1.29%,$0.00,-100.00%,$0.00,-100.00%,FTDR,NASDAQ:FTDR,-0.904,$98.00,-23.98%
NASDAQ:FTEL,15 Dec 2025,$1.46,3,,,,,#DIV/0!,,,,,#DIV/0!,-$2.00,#DIV/0!,-$2.00,#DIV/0!,FTEL,NASDAQ:FTEL,-2.000,,
NYSE:FTI,21 Jul 2025,$33.54,3,$37.80,10,0.82,$79.81,-57.97%,,,,$75.46,-5.45%,$121.88,52.72%,$134.68,68.75%,FTI,NYSE:FTI,-0.758,$75.67,-50.05%
NYSE:FTK,29 Apr 2026,$14.15,3,$21.50,9,0.72,$28.66,-50.62%,,,,$32.77,14.34%,$0.00,-100.00%,$0.00,-100.00%,FTK,NYSE:FTK,-0.879,$36.92,-41.77%
NASDAQ:FTNT,4 Feb 2026,$100.54,5,$84.05,3,0.74,$155.85,-46.07%,,,,$156.05,0.13%,$232.89,49.43%,$233.47,49.81%,FTNT,NASDAQ:FTNT,-0.814,$160.86,-47.75%
NASDAQ:FTRE,27 Jun 2025,$13.66,3,$5.97,1,0.64,$18.10,-67.02%,,,,$16.40,-9.39%,$34.12,88.51%,$35.98,98.77%,FTRE,NASDAQ:FTRE,-0.879,$20.55,-70.95%
NYSE:FTV,5 Feb 2026,$54.58,4,$55.50,8,0.92,$60.64,-10.00%,,,,$60.61,-0.05%,$79.38,30.91%,$94.36,55.60%,FTV,NYSE:FTV,-0.739,$64.31,-13.70%
NYSE:FUBO,4 Apr 2025,$4.27,3,$4.85,8,0.76,$10.27,-58.47%,,,,$9.49,-7.59%,$0.00,-100.00%,$0.00,-100.00%,FUBO,NYSE:FUBO,-0.883,$17.00,-71.47%
NASDAQ:FUFU,19 Aug 2025,$4.77,4,$6.00,5,,$1.29,270.00%,,,,,-100.00%,-$2.00,-255.04%,-$2.00,-255.04%,FUFU,NASDAQ:FUFU,-2.000,,
NYSE:FUL,26 May 2026,$68.79,4,$73.00,6,1.02,$63.58,8.20%,,,,$58.95,-7.28%,$91.03,43.18%,$147.90,132.62%,FUL,NYSE:FUL,-0.716,$73.29,-0.40%
NASDAQ:FULT,18 Mar 2026,$21.38,4,$23.00,5,1.85,$24.47,-12.63%,,,,$24.56,0.37%,$0.00,-100.00%,$0.00,-100.00%,FULT,NASDAQ:FULT,-0.328,$26.50,-13.21%
NASDAQ:FUNC,23 Dec 2025,$39.14,3,$42.00,6,,$44.93,-12.89%,,,,,-100.00%,-$2.00,-104.45%,-$2.00,-104.45%,FUNC,NASDAQ:FUNC,-2.000,,
NASDAQ:FUTU,27 Aug 2025,$135.45,1,,,0.78,$109.50,23.70%,,,,$101.36,-7.43%,-$145.71,-233.06%,-$145.71,-233.06%,FUTU,NASDAQ:FUTU,-0.875,$155.61,
NYSE:G,18 May 2026,$44.63,3,$40.00,3,0.79,$33.70,18.69%,,,,$32.57,-3.35%,$0.00,-100.00%,$0.00,-100.00%,G,NYSE:G,-0.837,$42.18,-5.17%
NASDAQ:GABC,27 May 2026,$45.62,3,$49.00,6,1.20,$50.94,-10.44%,,,,$50.73,-0.41%,$0.00,-100.00%,$0.00,-100.00%,GABC,NASDAQ:GABC,-0.624,$56.20,-12.81%
NASDAQ:GAIN,10 Jun 2024,$15.26,3,,,1.20,$16.34,-6.62%,,,,$16.13,-1.29%,$0.00,-100.00%,$0.00,-100.00%,GAIN,NASDAQ:GAIN,-0.611,$17.00,
NASDAQ:GAMB,28 Oct 2025,$12.14,5,$13.00,5,5.00,$1.84,559.89%,,,,$0.00,-100.00%,$8.45,359.12%,$1.13,-38.81%,GAMB,NASDAQ:GAMB,-1.000,$5.00,160.00%
NASDAQ:GAME,12 Oct 2025,$0.98,3,$1.75,5,,$0.44,122.91%,,,,,-100.00%,-$2.00,-554.55%,-$2.00,-554.55%,GAME,NASDAQ:GAME,-2.000,,
NASDAQ:GANX,23 Dec 2025,$5.20,3,$7.60,8,0.81,$2.04,154.66%,,,,$2.04,0.00%,$0.00,-100.00%,$0.00,-100.00%,GANX,NASDAQ:GANX,-0.864,$7.20,5.56%
NYSE:GAP,16 Jul 2026,$29.07,5,$27.44,7,1.37,$20.18,35.98%,,,,$20.17,-0.05%,$19.81,-1.82%,$38.22,89.38%,GAP,NYSE:GAP,-0.591,$26.24,4.57%
NASDAQ:GASS,5 Mar 2026,$9.44,3,,,0.94,$9.60,-1.67%,,,,$9.00,-6.25%,$47.41,393.84%,$25.77,168.42%,GASS,NASDAQ:GASS,-0.806,$14.00,
NYSE:GBCI,21 Oct 2025,$45.69,3,$52.20,7,1.04,$49.61,-7.90%,,,,$48.90,-1.43%,$0.00,-100.00%,$0.00,-100.00%,GBCI,NYSE:GBCI,-0.705,$56.83,-8.15%
NYSE:GBX,6 Feb 2026,$68.91,3,$49.00,3,1.09,$45.78,7.03%,,,,$44.90,-1.92%,$73.39,60.31%,$117.81,157.33%,GBX,NYSE:GBX,-0.646,$45.33,8.10%
NASDAQ:GCT,11 Feb 2026,$42.86,3,$33.00,7,0.60,$50.28,-34.37%,,,,$50.32,0.08%,$0.00,-100.00%,$0.00,-100.00%,GCT,NASDAQ:GCT,-0.896,$57.00,-42.11%
NYSE:GCTS,2 Feb 2026,$1.46,3,$3.50,7,0.82,$2.09,-30.14%,,,,$1.90,-9.09%,$0.00,-100.00%,$0.00,-100.00%,GCTS,NYSE:GCTS,-0.858,$3.20,9.38%
NYSE:GDDY,11 Feb 2026,$143.01,3,$171.11,7,0.54,$92.37,54.83%,,,,$91.36,-1.09%,$263.58,185.35%,$272.01,194.47%,GDDY,NYSE:GDDY,-0.923,$104.80,63.27%
NASDAQ:GDS,16 Feb 2026,$38.86,1,$51.45,10,0.73,$35.38,9.84%,,,,$33.35,-5.74%,$0.00,-100.00%,$0.00,-100.00%,GDS,NASDAQ:GDS,-0.896,$51.02,0.84%
NASDAQ:GDYN,27 Jan 2026,$17.06,3,$12.25,1,0.65,$7.50,63.33%,,,,$7.38,-1.60%,$0.00,-100.00%,$0.00,-100.00%,GDYN,NASDAQ:GDYN,-0.894,$9.20,33.15%
NYSE:GEF,5 Sep 2025,$73.44,5,$80.00,2,1.17,$87.36,-15.93%,,,,$86.58,-0.89%,$0.00,-100.00%,$0.00,-100.00%,GEF,NYSE:GEF,-0.615,$87.20,-8.26%
NYSE:GES,15 Aug 2025,$28.70,3,$13.00,5,2.98,$16.81,-22.67%,,,,$0.00,-100.00%,$45.74,172.10%,$56.48,235.99%,GES,NYSE:GES,-1.000,$16.75,-22.39%
NASDAQ:GFS,9 Feb 2026,$46.85,4,$39.80,4,0.78,$53.44,-25.52%,,,,$51.20,-4.19%,$0.00,-100.00%,$0.00,-100.00%,GFS,NASDAQ:GFS,-0.877,$76.76,-48.15%
NASDAQ:GGAL,11 Sep 2025,$34.39,3,$38.00,5,1.28,$43.42,-20.80%,,,,$43.01,-0.94%,-$101.71,-334.26%,-$98.00,-325.71%,GGAL,NASDAQ:GGAL,-0.652,$68.72,-44.70%
NYSE:GGB,4 Jan 2026,$3.55,3,$4.60,9,1.43,$4.80,-25.97%,,,,$4.68,-2.50%,$0.00,-100.00%,$0.00,-100.00%,GGB,NYSE:GGB,-0.533,$5.57,-17.41%
NYSE:GGG,6 Nov 2025,$84.33,3,$93.50,1,0.86,$81.55,3.41%,,,,$79.82,-2.12%,$125.17,53.49%,$131.63,61.42%,GGG,NYSE:GGG,-0.776,$91.29,2.42%
NYSE:GHC,15 Oct 2025,$995.96,4,,4,0.77,"$1,165.29",-14.53%,,,,"$1,151.62",-1.17%,"$1,845.29",58.35%,"$3,717.24",219.00%,GHC,NYSE:GHC,-0.759,$990.00,
NYSE:GHM,28 Oct 2025,$48.90,2,,,0.64,$115.48,-57.66%,,,,$107.08,-7.27%,$0.00,-100.00%,$0.00,-100.00%,GHM,NYSE:GHM,-0.877,$130.75,
NYSE:GIB,19 Jan 2026,$107.59,5,$129.19,3,0.53,$72.47,48.46%,,,,$70.82,-2.28%,$137.09,89.17%,$164.49,126.98%,GIB,NYSE:GIB,-0.926,$81.54,58.44%
NYSE:GIS,27 Mar 2026,$54.42,5,$40.93,2,1.37,$37.98,7.77%,,,,$38.75,2.03%,$36.30,-4.43%,$49.58,30.54%,GIS,NYSE:GIS,-0.521,$37.56,8.97%
NYSE:GKOS,11 Dec 2025,$119.46,3,$118.10,3,0.53,$185.62,-36.38%,,,,$178.51,-3.83%,$192.10,3.49%,$202.28,8.98%,GKOS,NYSE:GKOS,-0.911,$196.46,-39.89%
NASDAQ:GLDD,4 Nov 2025,$12.92,3,$14.00,7,3.00,$17.00,-24.00%,,,,$0.00,-100.00%,$34.97,105.72%,$43.78,157.54%,GLDD,NASDAQ:GLDD,-1.000,$17.00,-17.65%
NYSE:GLOB,4 May 2026,$71.94,3,$63.17,7,0.75,$36.26,74.21%,,,,$34.53,-4.77%,$0.00,-100.00%,$0.00,-100.00%,GLOB,NYSE:GLOB,-0.889,$54.55,15.80%
NASDAQ:GLRE,13 Nov 2025,$15.68,4,,1,0.33,$15.40,1.82%,,,,$15.15,-1.62%,$0.00,-100.00%,$0.00,-100.00%,GLRE,NASDAQ:GLRE,-0.899,$1.00,
NYSE:GLW,26 Jan 2026,$93.28,1,,,0.59,$173.21,-46.15%,,,,$153.79,-11.21%,$234.69,35.49%,$264.27,52.57%,GLW,NYSE:GLW,-0.894,$191.40,
NYSE:GM,15 Dec 2025,$80.89,1,,1,0.86,$84.37,-4.12%,,,,$84.65,0.33%,$17.33,-79.46%,$153.58,82.03%,GM,NYSE:GM,-0.793,$100.04,
NYSE:GME,23 Aug 2024,$28.89,3,,,0.40,$18.40,57.01%,,,,$17.91,-2.66%,$55.68,202.61%,$56.30,205.97%,GME,NYSE:GME,-0.896,$13.50,
NYSE:GMED,11 Dec 2025,$101.94,3,$94.50,9,0.65,$85.12,11.02%,,,,$82.37,-3.23%,$0.00,-100.00%,$0.00,-100.00%,GMED,NYSE:GMED,-0.892,$103.23,-8.46%
NYSE:GMRE,23 Dec 2025,$53.07,3,$40.70,9,,,#DIV/0!,,,,,#DIV/0!,-$2.00,#DIV/0!,-$2.00,#DIV/0!,GMRE,NYSE:GMRE,-2.000,,
NASDAQ:GNLN,15 Jul 2025,$4.44,3,,,,$2.01,120.65%,,,,,-100.00%,-$2.00,-199.50%,-$2.00,-199.50%,GNLN,NASDAQ:GNLN,-2.000,,
NYSE:GNRC,11 Nov 2025,$159.25,3,$205.69,9,0.63,$221.25,-28.02%,,,,$208.04,-5.97%,$255.02,15.26%,$259.71,17.38%,GNRC,NYSE:GNRC,-0.918,$283.88,-27.54%
NYSEAMERICAN:GNS,18 Aug 2025,$0.99,,$1.00,3,,$0.16,518.75%,,,,,-100.00%,-$2.00,-1350.00%,-$2.00,-1350.00%,GNS,NYSEAMERICAN:GNS,-2.000,,
NYSE:GNTY,2 Oct 2025,$48.75,1,,,,,#DIV/0!,,,,,#DIV/0!,-$2.00,#DIV/0!,-$2.00,#DIV/0!,GNTY,NYSE:GNTY,-2.000,,
NASDAQ:GOOD,31 Aug 2025,$17.01,5,$15.00,5,1.99,$12.97,15.65%,,,,$13.01,0.31%,$0.00,-100.00%,$0.00,-100.00%,GOOD,NASDAQ:GOOD,-0.270,$14.12,6.23%
NASDAQ:GOOG,27 Feb 2026,$301.88,3,,,0.86,$341.45,-11.59%,,,,$335.88,-1.63%,$502.05,47.04%,$555.01,62.55%,GOOG,NASDAQ:GOOG,-0.801,$421.79,
NASDAQ:GOOGL,17 Apr 2026,$309.14,3,$385.97,8,0.93,$344.00,-10.13%,,,,$338.97,-1.46%,$495.22,43.96%,$545.11,58.46%,GOOGL,NASDAQ:GOOGL,-0.776,$427.52,-9.72%
NYSEAMERICAN:GORO,20 Aug 2025,$0.83,,$1.25,5,,,#DIV/0!,,,,,#DIV/0!,-$2.00,#DIV/0!,-$2.00,#DIV/0!,GORO,NYSEAMERICAN:GORO,-2.000,,
NYSE:GOTU,3 Sep 2025,$6.27,3,,4,,$1.64,282.26%,,,,,-100.00%,-$2.00,-221.95%,-$2.00,-221.95%,GOTU,NYSE:GOTU,-2.000,,
NYSE:GPC,14 Sep 2023,$168.90,4,,,1.00,$132.52,27.45%,,,,$132.49,-0.02%,$93.70,-29.29%,$130.45,-1.56%,GPC,NYSE:GPC,-0.703,$140.38,
NYSE:GPOR,22 Jan 2026,$170.96,3,$231.50,7,0.73,$169.60,0.80%,,,,$164.38,-3.08%,$0.00,-100.00%,$0.00,-100.00%,GPOR,NYSE:GPOR,-0.886,$227.25,1.87%
NYSE:GPRK,22 Sep 2025,$10.05,3,$7.75,2,1.06,$9.59,-19.19%,,,,$9.31,-2.92%,$0.00,-100.00%,$0.00,-100.00%,GPRK,NYSE:GPRK,-0.690,$10.85,-28.57%
NASDAQ:GPRO,27 Jan 2026,$1.35,3,$1.30,5,0.57,$0.61,113.11%,,,,$0.58,-4.92%,$0.00,-100.00%,$0.00,-100.00%,GPRO,NASDAQ:GPRO,-0.841,$0.50,160.00%
NASDAQ:GRAB,3 Sep 2025,$4.97,3,$6.03,6,0.67,$3.58,38.83%,,,,$3.49,-2.51%,$0.00,-100.00%,$0.00,-100.00%,GRAB,NASDAQ:GRAB,-0.925,$5.86,2.90%
NYSE:GRBK,27 Feb 2026,$85.87,4,,8,0.48,$70.88,21.15%,,,,$68.04,-4.01%,$103.03,45.36%,$104.37,47.25%,GRBK,NYSE:GRBK,-0.892,$62.00,
NYSE:GRMN,2 Feb 2026,$214.19,3,$240.50,6,0.81,$307.50,-30.34%,,,,$304.44,-1.00%,$388.81,26.44%,$400.49,30.24%,GRMN,NYSE:GRMN,-0.762,$290.29,-17.15%
NYSE:GRND,27 Jan 2026,$13.86,3,$22.00,2,0.72,$15.81,-12.35%,,,,$15.45,-2.28%,$0.00,-100.00%,$0.00,-100.00%,GRND,NYSE:GRND,-0.882,$20.80,5.77%
NYSE:GS,24 Feb 2026,$814.68,2,,,0.83,"$1,051.31",-22.51%,,,,"$1,012.44",-3.70%,$0.00,-100.00%,$0.00,-100.00%,GS,NYSE:GS,-0.784,"$1,141.65",
NASDAQ:GSBC,27 May 2026,$73.74,3,$65.00,2,1.25,$80.39,-19.14%,,,,$80.41,0.02%,$0.00,-100.00%,$0.00,-100.00%,GSBC,NASDAQ:GSBC,-0.564,$76.00,-14.47%
NASDAQ:GSIT,28 Jan 2026,$9.51,3,,7,0.56,$6.78,40.23%,,,,$6.46,-4.72%,$0.00,-100.00%,$0.00,-100.00%,GSIT,NASDAQ:GSIT,-0.925,$8.00,
NYSE:GSL,4 Mar 2026,$37.11,3,,5,1.68,$43.38,-14.45%,,,,$41.73,-3.80%,$0.00,-100.00%,$0.00,-100.00%,GSL,NYSE:GSL,-0.425,$51.00,
NASDAQ:GSM,15 Aug 2025,$7.64,3,$4.00,4,1.16,$4.29,-6.76%,,,,$4.23,-1.40%,$0.00,-100.00%,$0.00,-100.00%,GSM,NASDAQ:GSM,-0.708,$6.00,-33.33%
NASDAQ:GT,20 Sep 2025,$10.53,4,$11.42,10,0.73,$6.05,74.05%,,,,$5.92,-2.15%,$0.00,-100.00%,$0.00,-100.00%,GT,NASDAQ:GT,-0.859,$7.46,53.08%
NYSE:GTES,12 May 2025,$25.10,5,$23.20,4,0.73,$28.14,-17.56%,,,,$26.85,-4.58%,$0.00,-100.00%,$0.00,-100.00%,GTES,NYSE:GTES,-0.850,$33.45,-30.64%
NYSE:GTLS,23 Dec 2025,$198.45,3,$211.00,1,2.87,$209.90,-5.46%,,,,$0.00,-100.00%,$234.91,11.91%,$330.15,57.29%,GTLS,NYSE:GTLS,-1.000,$204.43,3.21%
NASDAQ:GTM,30 Mar 2026,$9.68,3,,,0.70,$3.76,157.45%,,,,$3.93,4.52%,$0.00,-100.00%,$0.00,-100.00%,GTM,NASDAQ:GTM,-0.872,$4.60,
NYSE:GTY,19 Sep 2025,$32.43,4,$32.00,4,1.84,$33.07,-3.24%,,,,$33.10,0.09%,$47.75,44.40%,$36.88,11.51%,GTY,NYSE:GTY,-0.338,$36.43,-12.16%
NYSE:GVA,12 Jun 2025,$88.52,3,,,0.99,$128.02,-30.85%,,,,$121.50,-5.09%,$77.46,-39.49%,$220.53,72.26%,GVA,NYSE:GVA,-0.768,$171.67,
NYSE:GWH,14 Jan 2026,$3.79,3,$3.50,3,,$0.61,473.77%,,,,,-100.00%,-$2.00,-427.87%,-$2.00,-427.87%,GWH,NYSE:GWH,-2.000,,
NYSE:GWW,23 Aug 2025,$866.00,2,,,0.62,"$1,317.68",-34.28%,,,,"$1,283.65",-2.58%,$0.00,-100.00%,$0.00,-100.00%,GWW,NYSE:GWW,-0.857,"$1,325.43",
NYSE:HAE,16 Dec 2025,$105.08,3,$86.29,9,0.58,$90.27,-4.41%,,,,$87.32,-3.27%,$0.00,-100.00%,$0.00,-100.00%,HAE,NYSE:HAE,-0.891,$96.90,-10.95%
NASDAQ:HAFC,27 May 2026,$31.91,3,$32.83,5,1.65,$32.20,-0.91%,,,,$32.41,0.65%,$0.00,-100.00%,$0.00,-100.00%,HAFC,NASDAQ:HAFC,-0.416,$34.25,-4.15%
NYSE:HASI,27 Jan 2026,$36.24,3,$40.27,9,1.50,$42.13,-13.99%,,,,$41.99,-0.33%,$0.00,-100.00%,$0.00,-100.00%,HASI,NYSE:HASI,-0.504,$49.60,-18.81%
NASDAQ:HBAN,6 Apr 2026,$16.83,4,$19.75,9,1.69,$17.95,-6.24%,,,,$17.74,-1.17%,$0.00,-100.00%,$0.00,-100.00%,HBAN,NASDAQ:HBAN,-0.411,$20.15,-1.99%
NASDAQ:HBCP,1 Jun 2026,$67.68,3,$69.00,3,1.41,$71.85,-5.80%,,,,$71.81,-0.06%,$0.00,-100.00%,$0.00,-100.00%,HBCP,NASDAQ:HBCP,-0.512,$73.00,-5.48%
NYSE:HBM,2 Apr 2026,$15.01,2,$28.81,10,0.60,$27.44,-45.28%,,,,$25.71,-6.30%,$34.29,24.97%,$45.14,64.49%,HBM,NYSE:HBM,-0.910,$32.60,-11.63%
NASDAQ:HBNC,19 Nov 2025,$17.31,3,$19.83,9,1.55,$20.36,-14.98%,,,,$20.46,0.49%,-$50.28,-346.94%,-$47.22,-331.91%,HBNC,NASDAQ:HBNC,-0.474,$22.90,-13.41%
NASDAQ:HBT,2 Oct 2025,$24.23,3,$29.50,7,0.97,$36.94,-34.42%,,,,$36.51,-1.16%,$0.00,-100.00%,$0.00,-100.00%,HBT,NASDAQ:HBT,-0.724,$40.40,-26.98%
NYSE:HCA,13 Apr 2026,$417.60,2,$551.50,1,0.70,$404.98,3.12%,,,,$394.57,-2.57%,$473.17,16.84%,$758.35,87.26%,HCA,NYSE:HCA,-0.851,$454.57,21.32%
NYSE:HCC,11 Dec 2025,$71.17,3,,,0.64,$98.63,-27.84%,,,,$93.35,-5.35%,$0.00,-100.00%,$0.00,-100.00%,HCC,NYSE:HCC,-0.856,$102.67,
NASDAQ:HCKT,16 Feb 2026,$21.62,3,$27.00,4,1.03,$10.40,107.89%,,,,$10.47,0.67%,$0.00,-100.00%,$0.00,-100.00%,HCKT,NASDAQ:HCKT,-0.764,$16.67,61.97%
NASDAQ:HCSG,20 Dec 2023,$15.43,3,,,1.18,$21.59,-28.54%,,,,$20.79,-3.71%,$0.00,-100.00%,$0.00,-100.00%,HCSG,NASDAQ:HCSG,-0.663,$26.80,
NASDAQ:HCTI,11 Jul 2025,$0.04,3,,,0.89,$1.18,-97.03%,,,,$1.16,-1.69%,$0.00,-100.00%,$0.00,-100.00%,HCTI,NASDAQ:HCTI,-0.827,$3.15,
NYSE:HDB,21 Oct 2025,$30.79,2,,,1.02,$23.15,33.02%,,,,$22.79,-1.56%,$0.00,-100.00%,$0.00,-100.00%,HDB,NYSE:HDB,-0.768,$33.95,
NYSE:HE,18 Nov 2025,$12.33,3,$11.13,7,0.85,$11.81,-5.76%,,,,$11.53,-2.37%,$0.00,-100.00%,$0.00,-100.00%,HE,NYSE:HE,-0.755,$11.92,-6.63%
NYSE:HEI,2 May 2025,$235.97,3,$274.82,7,0.62,$371.28,-36.44%,,,,$360.40,-2.93%,$614.06,65.39%,$680.10,83.18%,HEI,NYSE:HEI,-0.868,$388.32,-29.23%
NYSE:HEI.A,5 May 2025,$186.04,3,,,0.84,$270.60,-31.25%,,,,$265.95,-1.72%,$431.47,59.45%,$474.64,75.40%,HEI.A,NYSE:HEI.A,-0.802,$320.00,
NASDAQ:HELE,3 Nov 2023,$131.05,4,,,0.72,$28.15,365.53%,,,,$28.91,2.70%,$25.92,-7.94%,-$11.23,-139.90%,HELE,NASDAQ:HELE,-0.834,$31.00,
NASDAQ:HFWA,19 Jun 2026,$30.72,3,$32.00,4,1.77,$29.60,3.78%,,,,$29.78,0.61%,$0.00,-100.00%,$0.00,-100.00%,HFWA,NASDAQ:HFWA,-0.371,$33.00,-3.03%
NYSE:HG,9 Sep 2025,$24.44,3,$25.43,7,1.81,$35.26,-30.68%,,,,$35.15,-0.31%,$0.00,-100.00%,$0.00,-100.00%,HG,NYSE:HG,-0.346,$38.14,-33.32%
NYSE:HI,6 Nov 2025,$42.28,5,$32.00,7,,,#DIV/0!,,,,,#DIV/0!,-$2.00,#DIV/0!,-$2.00,#DIV/0!,HI,NYSE:HI,-2.000,,
NASDAQ:HIFS,10 Oct 2025,$271.84,3,,7,0.55,$301.87,-9.95%,,,,$300.12,-0.58%,$0.00,-100.00%,$0.00,-100.00%,HIFS,NASDAQ:HIFS,-0.781,,
NYSE:HIMS,20 Aug 2025,$35.82,2,,,0.63,$28.61,25.21%,,,,$27.38,-4.30%,$0.00,-100.00%,$0.00,-100.00%,HIMS,NYSE:HIMS,-0.874,$31.15,
NASDAQ:HIMX,16 Feb 2026,$9.25,5,,,0.93,$15.41,-39.97%,,,,$14.36,-6.81%,$0.00,-100.00%,$0.00,-100.00%,HIMX,NASDAQ:HIMX,-0.810,$30.20,
NYSE:HLIO,6 Nov 2025,$52.24,3,,,0.62,$82.00,-36.29%,,,,$78.27,-4.55%,$0.00,-100.00%,$0.00,-100.00%,HLIO,NYSE:HLIO,-0.881,$90.17,
NASDAQ:HLIT,5 Feb 2026,$11.73,3,$13.00,5,0.63,$13.43,-12.62%,,,,$12.80,-4.69%,$0.00,-100.00%,$0.00,-100.00%,HLIT,NASDAQ:HLIT,-0.899,$16.14,-19.45%
NASDAQ:HLMN,25 Jul 2023,$11.24,3,,,0.81,$8.82,27.47%,,,,$8.42,-4.54%,$0.00,-100.00%,$0.00,-100.00%,HLMN,NASDAQ:HLMN,-0.861,$12.43,
NYSE:HMC,26 Mar 2026,$30.58,5,,5,0.63,$31.90,-4.13%,,,,$30.45,-4.55%,$0.00,-100.00%,$0.00,-100.00%,HMC,NYSE:HMC,-0.861,$32.90,
NYSE:HNI,8 Jan 2025,$45.54,2,,,1.28,$48.32,-5.76%,,,,$48.13,-0.39%,$59.25,22.62%,$90.96,88.25%,HNI,NYSE:HNI,-0.652,$69.75,
NASDAQ:HNRG,16 Dec 2024,$15.00,3,,8,0.80,$16.19,-7.35%,,,,$15.10,-6.73%,$0.00,-100.00%,$0.00,-100.00%,HNRG,NASDAQ:HNRG,-0.868,$28.33,
NYSE:HOMB,2 Oct 2025,$27.30,2,$32.17,6,1.63,$31.11,-12.26%,,,,$31.09,-0.06%,$0.00,-100.00%,$0.00,-100.00%,HOMB,NYSE:HOMB,-0.423,$33.00,-2.52%
NASDAQ:HON,2 Jul 2026,,1,$446.29,9,1.17,$229.45,94.50%,,,,$230.51,0.46%,$152.36,-33.60%,$190.24,-17.09%,HON,NASDAQ:HON,-0.646,$263.11,69.62%
NASDAQ:HONE,2 Oct 2025,$15.33,3,$13.00,2,,,#DIV/0!,,,,,#DIV/0!,-$2.00,#DIV/0!,-$2.00,#DIV/0!,HONE,NASDAQ:HONE,-2.000,,
NASDAQ:HOOD,2 Sep 2025,$86.65,2,$113.71,7,0.63,$96.25,-9.98%,,,,$92.54,-3.85%,$82.83,-13.94%,$84.28,-12.43%,HOOD,NASDAQ:HOOD,-0.908,$120.01,-5.25%
NASDAQ:HOPE,2 Oct 2025,$14.53,4,$13.00,4,2.06,$14.36,-9.47%,,,,$14.46,0.70%,$0.00,-100.00%,$0.00,-100.00%,HOPE,NASDAQ:HOPE,-0.237,$15.50,-16.13%
NYSE:HOV,26 Mar 2025,$163.07,3,$125.00,1,0.29,$130.69,-4.35%,,,,$129.20,-1.14%,$555.71,325.21%,$576.37,341.02%,HOV,NYSE:HOV,-0.914,$74.00,68.92%
NASDAQ:HOVR,12 Dec 2024,$2.00,3,,6,0.80,$1.98,1.01%,,,,$1.91,-3.54%,$2.60,31.51%,$2.61,31.76%,HOVR,NASDAQ:HOVR,-0.865,$8.45,
NYSE:HP,22 Jan 2026,$39.81,4,$33.25,5,0.86,$44.72,-25.65%,,,,$42.58,-4.79%,$0.00,-100.00%,$0.00,-100.00%,HP,NYSE:HP,-0.740,$42.60,-21.95%
NYSE:HPE,12 Aug 2025,$26.45,3,,,1.02,$57.61,-54.09%,,,,$57.92,0.54%,$61.13,6.12%,$103.68,79.97%,HPE,NYSE:HPE,-0.710,$65.24,
NASDAQ:HPK,22 Sep 2025,$12.06,3,$7.00,3,0.58,$7.88,-11.17%,,,,$7.14,-9.39%,$0.00,-100.00%,$0.00,-100.00%,HPK,NASDAQ:HPK,-0.877,$7.88,-11.17%
NYSE:HPQ,30 Mar 2026,$24.72,3,$18.58,2,1.13,$29.40,-36.80%,,,,$29.80,1.36%,$19.97,-32.07%,$30.80,4.76%,HPQ,NYSE:HPQ,-0.586,$23.10,-19.57%
NYSE:HRL,6 Nov 2024,$31.61,3,,,1.30,$24.02,31.58%,,,,$24.21,0.79%,$25.10,4.51%,$29.97,24.77%,HRL,NYSE:HRL,-0.583,$27.00,
NASDAQ:HSAI,1 Sep 2025,$21.70,3,$27.74,9,0.69,$18.07,20.09%,,,,$17.35,-3.98%,$18.29,1.23%,$18.29,1.23%,HSAI,NASDAQ:HSAI,-0.916,$29.70,-6.60%
NYSE:HSBC,19 Aug 2025,$64.63,3,,,1.86,$103.80,-37.74%,,,,$104.03,0.22%,$0.00,-100.00%,$0.00,-100.00%,HSBC,NYSE:HSBC,-0.314,$106.08,
NASDAQ:HSIC,20 Aug 2025,$69.76,3,,,0.59,$89.52,-22.08%,,,,$86.98,-2.84%,$0.00,-100.00%,$0.00,-100.00%,HSIC,NASDAQ:HSIC,-0.890,$97.56,
NASDAQ:HSII,15 Dec 2025,$59.01,1,,1,,,#DIV/0!,,,,,#DIV/0!,-$2.00,#DIV/0!,-$2.00,#DIV/0!,HSII,NASDAQ:HSII,-2.000,,
NASDAQ:HST,20 Apr 2026,$19.63,3,$21.71,6,1.54,$22.81,-13.95%,,,,$22.66,-0.66%,$0.00,-100.00%,$0.00,-100.00%,HST,NASDAQ:HST,-0.471,$25.12,-13.57%
NYSE:HTB,19 Nov 2025,$38.55,3,,,0.98,$47.80,-19.35%,,,,$49.15,2.82%,$0.00,-100.00%,$0.00,-100.00%,HTB,NYSE:HTB,-0.730,$54.44,
NASDAQ:HTBK,13 Apr 2026,$12.56,3,$15.00,6,,,#DIV/0!,,,,,#DIV/0!,-$2.00,#DIV/0!,-$2.00,#DIV/0!,HTBK,NASDAQ:HTBK,-2.000,,
NASDAQ:HTZ,22 Dec 2023,$16.71,3,,,0.60,$2.16,673.61%,,,,$2.15,-0.46%,$0.00,-100.00%,$0.00,-100.00%,HTZ,NASDAQ:HTZ,-0.882,$2.30,
NYSE:HUBS,8 Jul 2024,$562.84,3,,,0.57,$215.17,161.58%,,,,$216.78,0.75%,$0.00,-100.00%,$0.00,-100.00%,HUBS,NYSE:HUBS,-0.908,$243.36,
NYSE:HUYA,26 Aug 2025,$4.89,4,$5.00,7,2.12,$2.28,114.43%,,,,$2.30,0.88%,$0.00,-100.00%,$0.00,-100.00%,HUYA,NYSE:HUYA,-0.279,$3.64,37.36%
NYSE:HVT,20 Mar 2026,$26.93,4,,4,1.13,$28.44,-5.32%,,,,$28.10,-1.20%,$0.00,-100.00%,$0.00,-100.00%,HVT,NYSE:HVT,-0.667,$33.00,
NASDAQ:HWC,10 Oct 2025,$58.42,2,,,1.26,$78.84,-25.90%,,,,$78.74,-0.13%,$0.00,-100.00%,$0.00,-100.00%,HWC,NASDAQ:HWC,-0.585,$83.80,
NYSE:HWM,3 Sep 2025,$148.98,2,,,0.62,$289.12,-48.47%,,,,$273.84,-5.29%,$0.00,-100.00%,$0.00,-100.00%,HWM,NYSE:HWM,-0.892,$335.33,
NASDAQ:IART,11 Dec 2025,$22.26,3,$12.33,2,0.78,$17.66,-30.18%,,,,$17.40,-1.47%,-$7.01,-139.68%,$14.24,-19.35%,IART,NASDAQ:IART,-0.810,$19.56,-36.96%
NASDAQ:IBEX,30 Jan 2026,$37.25,3,$41.00,9,0.88,$34.79,7.07%,,,,$34.82,0.09%,$58.74,68.84%,$83.12,138.92%,IBEX,NASDAQ:IBEX,-0.759,$37.50,9.33%
NASDAQ:IBKR,23 Aug 2025,$51.95,1,$67.92,10,0.73,$94.33,-44.92%,,,,$88.20,-6.50%,$0.00,-100.00%,$0.00,-100.00%,IBKR,NASDAQ:IBKR,-0.837,$106.13,-36.00%
NYSE:IBM,27 Jan 2026,$263.05,1,$321.27,10,0.98,$228.85,14.94%,,,,$230.95,0.92%,$281.86,23.16%,$372.32,62.69%,IBM,NYSE:IBM,-0.715,$244.16,31.58%
NYSE:IBN,2 Oct 2025,$29.15,3,,3,0.65,$29.40,-0.85%,,,,$28.78,-2.11%,$162.82,453.83%,$166.76,467.21%,IBN,NYSE:IBN,-0.891,$35.83,
NASDAQ:IBOC,1 Jun 2026,$77.76,3,,4,1.12,$73.14,6.32%,,,,$71.96,-1.61%,$0.00,-100.00%,$0.00,-100.00%,IBOC,NASDAQ:IBOC,-0.679,$87.00,
NYSE:IBP,7 Jan 2025,$148.52,2,$231.00,6,0.54,$243.54,-39.02%,,,,$232.74,-4.43%,$0.00,-100.00%,$0.00,-100.00%,IBP,NYSE:IBP,-0.895,$244.82,-5.64%
NYSE:ICE,24 Oct 2025,$156.00,3,,,0.96,$154.31,1.10%,,,,$151.05,-2.11%,$91.57,-40.66%,$137.40,-10.96%,ICE,NYSE:ICE,-0.754,$185.93,
NASDAQ:ICHR,2 Jan 2026,$31.56,3,$24.80,2,0.71,$71.87,-65.49%,,,,$66.83,-7.01%,$0.00,-100.00%,$0.00,-100.00%,ICHR,NASDAQ:ICHR,-0.892,$95.86,-74.13%
NASDAQ:ICON,23 Jan 2026,$3.43,3,$2.00,,,$1.00,100.00%,,,,,-100.00%,-$2.00,-300.00%,-$2.00,-300.00%,ICON,NASDAQ:ICON,-2.000,,
NYSE:IDA,18 Sep 2025,$114.64,2,,,1.25,$141.47,-18.97%,,,,$139.44,-1.43%,$23.00,-83.74%,$65.89,-53.43%,IDA,NYSE:IDA,-0.605,$158.78,
NASDAQ:IDCC,21 Jan 2026,$317.69,3,,,0.80,$348.39,-8.81%,,,,$333.55,-4.26%,$0.00,-100.00%,$0.00,-100.00%,IDCC,NASDAQ:IDCC,-0.850,$462.67,
NASDAQ:IEP,22 Nov 2023,$27.45,3,,,3.53,$7.11,286.02%,,,,$7.75,9.00%,$0.00,-100.00%,$0.00,-100.00%,IEP,NASDAQ:IEP,0.348,$12.00,
NASDAQ:IESC,23 Aug 2025,$257.92,2,,,0.59,$793.96,-67.52%,,,,$729.39,-8.13%,$0.00,-100.00%,$0.00,-100.00%,IESC,NASDAQ:IESC,-0.886,$850.00,
NYSE:IEX,28 Oct 2025,$189.30,3,$194.86,8,0.98,$240.39,-21.25%,,,,$234.20,-2.57%,$299.01,24.39%,$326.50,35.82%,IEX,NYSE:IEX,-0.712,$254.50,-23.43%
NYSE:IFS,27 May 2026,$48.43,3,$61.50,9,1.44,$54.64,-11.37%,,,,$53.86,-1.43%,$0.00,-100.00%,$0.00,-100.00%,IFS,NYSE:IFS,-0.538,$65.73,-6.44%
NASDAQ:IGIC,23 Jun 2026,$24.69,3,,,1.69,$26.24,-5.91%,,,,$26.94,2.67%,$0.00,-100.00%,$0.00,-100.00%,IGIC,NASDAQ:IGIC,-0.421,$31.00,
NYSE:IHS,4 Mar 2026,$6.80,2,$8.50,7,0.51,$8.33,-18.37%,,,,$8.07,-3.12%,$0.00,-100.00%,$0.00,-100.00%,IHS,NYSE:IHS,-0.906,$8.25,3.03%
NASDAQ:III,5 Feb 2026,$5.27,3,$6.50,8,1.13,$4.94,6.74%,,,,$5.05,2.23%,$0.00,-100.00%,$0.00,-100.00%,III,NASDAQ:III,-0.713,$6.80,-4.41%
NASDAQ:IMKTA,19 Mar 2026,$96.09,3,,5,0.46,$86.52,11.06%,,,,$85.06,-1.69%,$0.00,-100.00%,$0.00,-100.00%,IMKTA,NASDAQ:IMKTA,-0.817,,
NASDAQ:IMMP,15 Dec 2025,$2.06,3,$12.00,7,,$0.39,428.82%,,,,,-100.00%,-$2.00,-612.82%,-$2.00,-612.82%,IMMP,NASDAQ:IMMP,-2.000,,
NYSEAMERICAN:IMO,24 Oct 2025,$89.93,1,,,,$134.88,-33.33%,,,,,-100.00%,-$2.00,-101.48%,-$2.00,-101.48%,IMO,NYSEAMERICAN:IMO,-2.000,,
NASDAQ:IMOS,28 Jan 2026,$41.27,3,,6,0.78,$57.25,-27.90%,,,,$55.69,-2.72%,$0.00,-100.00%,$0.00,-100.00%,IMOS,NASDAQ:IMOS,-0.698,$20.00,
NASDAQ:IMPP,16 Feb 2026,$3.71,3,$6.00,7,2.17,$4.97,-25.28%,,,,$4.64,-6.64%,$0.00,-100.00%,$0.00,-100.00%,IMPP,NASDAQ:IMPP,-0.258,$9.00,-33.33%
NASDAQ:IMRN,15 Dec 2025,$1.93,4,,,,$1.08,78.83%,,,,,-100.00%,-$2.00,-285.19%,-$2.00,-285.19%,IMRN,NASDAQ:IMRN,-2.000,,
NASDAQ:IMXI,14 Feb 2026,$28.35,3,,3,0.72,$14.89,90.40%,,,,$13.43,-9.81%,$0.00,-100.00%,$0.00,-100.00%,IMXI,NASDAQ:IMXI,-0.830,$16.00,
NASDAQ:INDB,20 Mar 2026,$77.46,3,$86.67,6,1.69,$86.04,-9.97%,,,,$85.62,-0.49%,$0.00,-100.00%,$0.00,-100.00%,INDB,NASDAQ:INDB,-0.403,$93.43,-7.24%
NASDAQ:INDI,16 Feb 2026,$5.81,4,$8.00,5,0.78,$4.71,23.28%,,,,$3.93,-16.56%,$0.00,-100.00%,$0.00,-100.00%,INDI,NASDAQ:INDI,-0.835,$5.72,39.86%
NYSE:ING,27 Aug 2025,$23.00,3,,,1.78,$35.63,-35.45%,,,,$35.64,0.03%,$0.00,-100.00%,$0.00,-100.00%,ING,NYSE:ING,-0.329,$33.83,
NYSE:INGM,22 Feb 2026,$26.24,5,,,0.88,$27.99,-6.25%,,,,$27.57,-1.50%,$0.00,-100.00%,$0.00,-100.00%,INGM,NYSE:INGM,-0.784,$33.17,
NASDAQ:INGN,11 Dec 2025,$9.54,4,$13.00,6,0.78,$5.71,67.14%,,,,$5.57,-2.45%,$0.00,-100.00%,$0.00,-100.00%,INGN,NASDAQ:INGN,-0.875,$12.67,2.60%
NYSE:INGR,26 Aug 2025,$23.71,3,,,0.92,$103.59,-77.11%,,,,$102.68,-0.88%,$0.00,-100.00%,$0.00,-100.00%,INGR,NYSE:INGR,-0.763,$121.50,
NASDAQ:INOD,26 Jan 2026,$55.24,3,,,0.82,$64.30,-14.09%,,,,$60.23,-6.33%,$0.00,-100.00%,$0.00,-100.00%,INOD,NASDAQ:INOD,-0.857,$122.75,
NASDAQ:INSG,5 Feb 2026,$12.35,3,,,0.82,$4.56,170.88%,,,,$4.48,-1.75%,$0.00,-100.00%,$0.00,-100.00%,INSG,NASDAQ:INSG,-0.858,$12.50,
NYSE:INSP,4 Dec 2025,$192.39,3,$117.67,8,0.58,$57.22,105.64%,,,,$55.40,-3.18%,$0.00,-100.00%,$0.00,-100.00%,INSP,NYSE:INSP,-0.889,$60.40,94.82%
NASDAQ:INTA,22 Jan 2026,$50.05,3,$50.05,6,0.51,$38.49,30.03%,,,,$38.21,-0.73%,$0.00,-100.00%,$0.00,-100.00%,INTA,NASDAQ:INTA,-0.913,$39.43,26.93%
NASDAQ:INTC,19 Jan 2026,$31.91,1,$42.36,6,0.91,$103.49,-69.17%,,,,$100.58,-2.81%,$129.89,25.51%,$169.67,63.95%,INTC,NASDAQ:INTC,-0.753,$114.88,-63.13%
NASDAQ:INTR,24 Jun 2026,$6.34,4,$8.60,7,0.78,$5.29,19.85%,,,,$5.00,-5.48%,$0.00,-100.00%,$0.00,-100.00%,INTR,NASDAQ:INTR,-0.874,$8.77,-1.94%
NYSE:INVH,16 Sep 2025,$35.78,5,$35.79,1,1.70,$29.69,20.52%,,,,$30.28,1.99%,$38.90,31.01%,$39.09,31.67%,INVH,NYSE:INVH,-0.407,$33.39,7.19%
NYSE:IONQ,23 Dec 2025,$39.58,3,$75.91,9,0.79,$46.84,-15.49%,,,,$43.26,-7.64%,$0.00,-100.00%,$0.00,-100.00%,IONQ,NYSE:IONQ,-0.869,$67.68,12.16%
NYSE:IP,10 Jul 2025,$49.22,3,$190.70,,1.00,$40.26,#REF!,,,,$39.92,-0.84%,$0.00,-100.00%,$0.00,-100.00%,IP,NYSE:IP,-0.730,$48.00,297.29%
NASDAQ:IPGP,4 Feb 2026,$89.57,3,,,0.75,$88.10,1.67%,,,,$80.96,-8.10%,$0.00,-100.00%,$0.00,-100.00%,IPGP,NASDAQ:IPGP,-0.890,$126.21,
NASDAQ:IPWR,9 Feb 2026,$5.25,3,,4,0.79,$5.20,0.96%,,,,$4.07,-21.73%,$0.00,-100.00%,$0.00,-100.00%,IPWR,NASDAQ:IPWR,-0.871,$10.75,
NASDAQ:IQ,29 Nov 2024,$3.18,3,,,0.56,$1.33,138.95%,,,,$1.29,-3.01%,-$4.63,-447.86%,-$0.28,-120.86%,IQ,NASDAQ:IQ,-0.921,$1.54,
NYSE:IR,11 Nov 2025,$79.48,3,$87.67,6,0.75,$82.31,-3.44%,,,,$81.50,-0.98%,$113.28,37.62%,$135.76,64.94%,IR,NYSE:IR,-0.839,$96.25,-8.91%
NASDAQ:IREN,11 Dec 2025,$45.06,3,$84.00,6,0.64,$44.90,0.36%,,,,$42.10,-6.24%,$32.52,-27.57%,$38.22,-14.89%,IREN,NASDAQ:IREN,-0.937,$81.73,2.78%
NYSE:IRM,19 Aug 2025,$97.43,3,$116.80,3,1.20,$129.90,-24.99%,,,,$123.91,-4.61%,$0.00,-100.00%,$0.00,-100.00%,IRM,NYSE:IRM,-0.624,$144.60,-19.23%
NASDAQ:IRMD,4 Dec 2025,$84.32,3,$99.00,8,0.96,$88.02,-4.20%,,,,$83.58,-5.04%,$0.00,-100.00%,$0.00,-100.00%,IRMD,NASDAQ:IRMD,-0.784,$118.00,-16.10%
NYSE:IRS,13 Mar 2026,$17.95,5,$23.00,6,1.18,$14.64,22.61%,,,,$14.35,-1.98%,"$2,138.56",14507.62%,"$2,139.51",14514.15%,IRS,NYSE:IRS,-0.700,$21.33,7.83%
NASDAQ:IRTC,11 Dec 2025,$121.66,2,$220.38,6,0.74,$116.92,4.05%,,,,$117.12,0.17%,$0.00,-100.00%,$0.00,-100.00%,IRTC,NASDAQ:IRTC,-0.895,$176.86,24.61%
NASDAQ:ISRG,19 Jul 2024,$316.11,1,,,0.60,$390.33,-19.02%,,,,$381.48,-2.27%,$0.00,-100.00%,$0.00,-100.00%,ISRG,NASDAQ:ISRG,-0.916,$478.01,
NASDAQ:ISTR,1 Jun 2026,$27.26,3,$31.50,6,0.98,$30.91,-11.82%,,,,$30.38,-1.71%,$0.00,-100.00%,$0.00,-100.00%,ISTR,NASDAQ:ISTR,-0.721,$34.25,-8.03%
NYSE:IT,25 Feb 2026,$197.67,3,187,2,0.53,$179.19,6.42%,,,,$170.95,-4.60%,$0.00,-100.00%,$0.00,-100.00%,IT,NYSE:IT,-0.905,$185.77,0.66%
NYSE:ITGR,11 Dec 2025,$113.99,3,$91.50,2,0.78,$125.08,-26.85%,,,,$123.09,-1.59%,$144.39,15.44%,$210.43,68.24%,ITGR,NYSE:ITGR,-0.781,$121.80,-24.88%
NASDAQ:ITIC,29 Jan 2025,$206.10,3,,7,0.74,$288.35,-28.53%,,,,$279.05,-3.23%,$0.00,-100.00%,$0.00,-100.00%,ITIC,NASDAQ:ITIC,-0.716,$39.00,
NASDAQ:ITRI,21 May 2026,$114.84,5,$126.20,4,0.69,$100.61,14.14%,,,,$98.45,-2.15%,$184.57,83.45%,$211.80,110.51%,ITRI,NASDAQ:ITRI,-0.890,$129.60,-2.62%
NASDAQ:ITRN,18 Feb 2026,$47.36,3,$50.00,8,1.10,$52.83,-10.35%,,,,$52.45,-0.72%,$0.00,-100.00%,$0.00,-100.00%,ITRN,NASDAQ:ITRN,-0.732,$73.50,-31.97%
NYSE:ITT,16 Feb 2026,$184.72,1,$225.86,10,0.68,$219.81,-15.96%,,,,$209.42,-4.73%,$0.00,-100.00%,$0.00,-100.00%,ITT,NYSE:ITT,-0.869,$256.15,-11.83%
NYSE:ITUB,10 Mar 2026,$7.88,3,$9.00,9,1.05,$7.36,7.07%,,,,$7.15,-2.85%,$0.00,-100.00%,$0.00,-100.00%,ITUB,NYSE:ITUB,-0.710,$8.84,1.81%
NYSE:ITW,11 Nov 2025,$245.17,2,$257.11,6,0.97,$287.28,-14.66%,,,,$284.73,-0.89%,$349.94,21.81%,$364.43,26.85%,ITW,NYSE:ITW,-0.712,$301.86,-14.82%
NYSE:IX,11 Dec 2025,$27.24,3,,5,0.73,$40.13,-32.12%,,,,$39.28,-2.12%,$0.00,-100.00%,$0.00,-100.00%,IX,NYSE:IX,-0.817,$41.38,
NASDAQ:IXHL,11 Dec 2025,$0.76,3,,,,$3.32,-77.26%,,,,,-100.00%,-$2.00,-160.24%,-$2.00,-160.24%,IXHL,NASDAQ:IXHL,-2.000,,
NYSE:JBGS,23 Dec 2025,$16.92,3,$17.50,1,1.40,$11.39,48.58%,,,,$11.44,0.44%,$0.00,-100.00%,$0.00,-100.00%,JBGS,NYSE:JBGS,-0.545,$13.00,34.62%
NYSE:JBTM,28 Oct 2025,$114.25,3,,,0.89,$118.73,-3.77%,,,,$114.62,-3.46%,$0.00,-100.00%,$0.00,-100.00%,JBTM,NYSE:JBTM,-0.825,$176.42,
NYSE:JCI,4 Jan 2026,$97.19,1,$128.78,9,1.35,$153.92,-36.86%,,,,$149.73,-2.72%,$261.09,69.63%,$279.43,81.54%,JCI,NYSE:JCI,-0.546,$163.11,-21.05%
NASDAQ:JD,1 Apr 2026,$43.40,3,$34.69,3,0.88,$28.50,21.72%,,,,$27.94,-1.96%,$0.00,-100.00%,$0.00,-100.00%,JD,NASDAQ:JD,-0.830,$39.68,-12.58%
NYSE:JEF,23 Aug 2025,$58.78,3,,,1.34,$54.56,7.74%,,,,$54.60,0.07%,$0.00,-100.00%,$0.00,-100.00%,JEF,NYSE:JEF,-0.567,$61.50,
NYSE:JELD,25 Oct 2024,$18.28,3,,,0.63,$1.87,877.33%,,,,$1.84,-1.60%,$0.00,-100.00%,$0.00,-100.00%,JELD,NYSE:JELD,-0.862,$1.93,
NASDAQ:JFIN,1 Sep 2025,$12.96,3,,7,,$2.22,483.74%,,,,,-100.00%,-$2.00,-190.09%,-$2.00,-190.09%,JFIN,NASDAQ:JFIN,-2.000,,
NYSE:JHX,22 Aug 2025,$30.58,3,$26.94,8,0.73,$30.43,-11.47%,,,,$29.99,-1.45%,$0.00,-100.00%,$0.00,-100.00%,JHX,NYSE:JHX,-0.847,$35.43,-23.96%
NYSE:JILL,3 Jan 2025,$36.04,3,$36.67,6,0.50,$18.68,92.92%,,,,$18.10,-3.10%,$31.04,66.15%,$19.25,3.04%,JILL,NYSE:JILL,-0.874,$15.50,136.58%
NASDAQ:JJSF,31 Jan 2025,$136.25,3,$200.00,3,1.02,$87.45,55.80%,,,,$87.20,-0.29%,$0.00,-100.00%,$0.00,-100.00%,JJSF,NASDAQ:JJSF,-0.737,$110.50,81.00%
NASDAQ:JKHY,27 Jan 2026,$182.29,3,,,0.77,$149.87,21.63%,,,,$148.93,-0.63%,$293.52,95.85%,$343.27,129.05%,JKHY,NASDAQ:JKHY,-0.844,$186.67,
NYSE:JKS,9 Feb 2026,$25.42,3,$23.33,6,1.33,$16.62,40.37%,,,,$16.02,-3.61%,-$184.35,-1209.19%,-$184.35,-1209.19%,JKS,NYSE:JKS,-0.631,$25.44,-8.29%
NYSE:JOBY,7 Jul 2025,$8.26,2,,,0.73,$7.91,4.37%,,,,$7.63,-3.54%,$0.00,-100.00%,$0.00,-100.00%,JOBY,NYSE:JOBY,-0.885,$10.68,
NYSE:JOE,4 Sep 2025,$58.64,3,,4,0.64,$67.78,-13.48%,,,,$66.57,-1.79%,$98.03,44.63%,$112.08,65.36%,JOE,NYSE:JOE,-0.761,$19.00,
NYSE:KAI,11 Nov 2025,$276.48,3,$360.00,2,0.66,$329.72,-16.15%,,,,$311.74,-5.45%,$0.00,-100.00%,$0.00,-100.00%,KAI,NYSE:KAI,-0.863,$361.67,-0.46%
NASDAQ:KALU,23 Jun 2026,$168.39,3,$161.67,6,0.92,$185.50,-12.85%,,,,$178.26,-3.90%,$332.47,79.23%,$364.42,96.45%,KALU,NASDAQ:KALU,-0.704,$169.25,-4.48%
NASDAQ:KARO,23 Aug 2025,$42.41,2,,,1.02,$62.21,-31.83%,,,,$61.10,-1.78%,$119.87,92.68%,$122.67,97.19%,KARO,NASDAQ:KARO,-0.727,$75.06,
NYSE:KB,19 Nov 2025,$83.35,3,,,0.67,$120.31,-30.72%,,,,$115.38,-4.10%,"-$2,162,811.07",-1797798.50%,"-$2,162,777.15",-1797770.31%,KB,NYSE:KB,-0.926,$174.73,
NYSE:KBH,27 Apr 2026,$73.02,5,$56.73,6,0.70,$55.44,2.33%,,,,$54.43,-1.82%,$113.80,105.26%,$119.56,115.66%,KBH,NYSE:KBH,-0.836,$58.67,-3.31%
NYSE:KD,9 Feb 2026,$28.74,3,$34.00,5,0.67,$12.72,125.94%,,,,$12.84,0.94%,$0.00,-100.00%,$0.00,-100.00%,KD,NYSE:KD,-0.861,$14.20,139.44%
NASDAQ:KDP,19 Jun 2026,$36.23,3,$31.83,9,1.32,$30.28,5.12%,,,,$30.96,2.25%,$0.00,-100.00%,$0.00,-100.00%,KDP,NASDAQ:KDP,-0.590,$35.88,-11.29%
NYSE:KEP,27 Jul 2026,$13.39,4,,4,1.27,$11.81,13.38%,13.38%,$13.39,$15.00,$11.52,-2.46%,"$1,518.82",12760.46%,"$5,659.85",47824.21%,KEP,NYSE:KEP,-0.628,$15.00,
NYSE:KEY,20 Mar 2026,$21.47,3,$24.04,3,1.24,$23.04,-6.82%,,,,$22.79,-1.09%,$0.00,-100.00%,$0.00,-100.00%,KEY,NYSE:KEY,-0.613,$26.02,-7.61%
NYSE:KGC,14 Aug 2025,$8.59,1,,,0.80,$27.72,-69.01%,,,,$26.56,-4.18%,$65.06,134.69%,$67.30,142.80%,KGC,NYSE:KGC,-0.842,$35.93,
NASDAQ:KIDS,11 Dec 2025,$25.39,3,$24.00,6,0.66,$24.70,-2.83%,,,,$24.15,-2.23%,$0.00,-100.00%,$0.00,-100.00%,KIDS,NASDAQ:KIDS,-0.858,$26.67,-10.01%
NYSE:KIM,19 Sep 2025,$25.08,5,$24.84,7,1.46,$24.36,1.97%,,,,$24.30,-0.25%,$0.00,-100.00%,$0.00,-100.00%,KIM,NYSE:KIM,-0.507,$26.97,-7.90%
NASDAQ:KLAC,4 Jan 2026,"$1,084.54",2,"$1,372.72",8,0.89,$205.76,427.09%,,,,$197.79,-3.87%,$238.07,15.70%,$243.09,18.14%,KLAC,NASDAQ:KLAC,-0.765,$231.78,492.25%
NYSE:KLC,14 Jan 2026,$8.03,3,$5.70,3,0.83,$2.56,122.66%,,,,$2.50,-2.34%,$0.00,-100.00%,$0.00,-100.00%,KLC,NYSE:KLC,-0.854,$4.24,34.43%
NASDAQ:KLIC,23 Aug 2025,$42.70,3,,,0.60,$101.77,-58.05%,,,,$92.08,-9.52%,$0.00,-100.00%,$0.00,-100.00%,KLIC,NASDAQ:KLIC,-0.875,$106.67,
NYSE:KMT,26 Aug 2025,$29.15,5,$22.25,5,1.13,$31.81,-30.05%,,,,$30.03,-5.60%,$0.00,-100.00%,$0.00,-100.00%,KMT,NYSE:KMT,-0.639,$33.00,-32.58%
NYSE:KN,2 Feb 2026,$24.86,3,,,0.90,$38.99,-36.24%,,,,$37.16,-4.69%,$49.30,26.44%,$55.11,41.35%,KN,NYSE:KN,-0.758,$43.75,
NYSE:KOF,16 Jun 2026,$111.51,3,$115.00,5,1.62,$108.69,2.59%,,,,$108.26,-0.40%,$229.95,111.57%,$299.98,176.00%,KOF,NYSE:KOF,-0.438,$120.36,-4.45%
NASDAQ:KOPN,16 Feb 2026,$2.24,3,,6,0.78,$5.32,-57.82%,,,,$4.78,-10.15%,$0.00,-100.00%,$0.00,-100.00%,KOPN,NASDAQ:KOPN,-0.876,$8.67,
NYSE:KR,2 Jan 2026,$62.39,3,,,1.59,$56.07,11.27%,,,,$56.57,0.89%,$16.64,-70.33%,$87.73,56.47%,KR,NYSE:KR,-0.486,$70.50,
NASDAQ:KRNT,6 Nov 2025,$18.46,3,$23.50,4,0.68,$17.70,4.29%,,,,$17.19,-2.88%,$0.00,-100.00%,$0.00,-100.00%,KRNT,NASDAQ:KRNT,-0.904,$23.38,0.51%
NASDAQ:KRT,16 Sep 2025,$27.50,4,$31.50,2,0.87,$47.80,-42.46%,,,,$45.24,-5.36%,$0.00,-100.00%,$0.00,-100.00%,KRT,NASDAQ:KRT,-0.716,$41.50,-24.10%
NASDAQ:KSPI,11 Feb 2026,$112.77,3,$92.50,6,0.98,$99.05,-6.61%,,,,$96.71,-2.36%,$0.00,-100.00%,$0.00,-100.00%,KSPI,NASDAQ:KSPI,-0.703,$101.84,-9.17%
NYSE:KSS,25 Jul 2023,$47.54,3,,,0.87,$19.28,146.59%,,,,$18.71,-2.96%,$94.37,389.47%,-$21.52,-211.59%,KSS,NYSE:KSS,-0.729,$17.85,
NYSEAMERICAN:KULR,4 Feb 2026,,,$3.36,1,,$2.62,28.24%,,,,,-100.00%,-$2.00,-176.34%,-$2.00,-176.34%,KULR,NYSEAMERICAN:KULR,-2.000,,
NYSE:KVUE,14 Aug 2025,$22.53,4,$23.83,8,1.44,$18.79,19.90%,,,,$19.10,1.65%,$0.00,-100.00%,$0.00,-100.00%,KVUE,NYSE:KVUE,-0.503,$19.50,22.21%
NYSE:KVYO,22 Jan 2026,$29.82,3,$42.31,7,0.69,$17.54,70.03%,,,,$17.62,0.46%,$0.00,-100.00%,$0.00,-100.00%,KVYO,NYSE:KVYO,-0.915,$26.65,58.76%
NYSE:KWR,7 Dec 2023,$246.30,3,,,0.73,$169.96,44.91%,,,,$164.27,-3.35%,$0.00,-100.00%,$0.00,-100.00%,KWR,NYSE:KWR,-0.835,$189.71,
NASDAQ:LAB,11 Dec 2025,$2.34,3,$1.35,8,0.80,$0.68,98.53%,,,,$0.68,0.00%,$0.00,-100.00%,$0.00,-100.00%,LAB,NASDAQ:LAB,-0.868,$1.35,0.00%
NYSE:LAC,2 Sep 2025,$4.84,5,$4.00,4,0.75,$3.15,26.98%,,,,$3.26,3.49%,$0.00,-100.00%,$0.00,-100.00%,LAC,NYSE:LAC,-0.887,$5.71,-29.95%
NYSE:LAD,6 Feb 2026,$430.33,5,$385.50,5,0.73,$369.52,4.32%,,,,$365.44,-1.10%,-$337.06,-191.22%,-$241.92,-165.47%,LAD,NYSE:LAD,-0.852,$443.88,-13.15%
NASDAQ:LAKE,31 Dec 2025,$12.09,4,$18.50,6,,$11.76,2.81%,,,,,-100.00%,-$2.00,-117.01%,-$2.00,-117.01%,LAKE,NASDAQ:LAKE,-2.000,,
NASDAQ:LAMR,16 Sep 2025,$136.02,4,$129.00,9,1.04,$152.38,-15.34%,,,,$153.51,0.74%,$0.00,-100.00%,$0.00,-100.00%,LAMR,NASDAQ:LAMR,-0.684,$162.20,-20.47%
NASDAQ:LASR,27 Jan 2026,$28.42,2,,,0.81,$54.00,-47.37%,,,,$48.61,-9.98%,$0.00,-100.00%,$0.00,-100.00%,LASR,NASDAQ:LASR,-0.860,$88.86,
NASDAQ:LAUR,15 Oct 2025,$28.37,2,,,0.97,$37.71,-24.77%,,,,$36.71,-2.65%,$0.00,-100.00%,$0.00,-100.00%,LAUR,NASDAQ:LAUR,-0.723,$41.21,
NYSE:LB,26 Aug 2025,$40.37,2,,,0.61,$79.49,-49.22%,,,,$73.71,-7.27%,$0.00,-100.00%,$0.00,-100.00%,LB,NYSE:LB,-0.876,$83.57,
NYSE:LC,16 Mar 2026,$17.29,4,$24.00,6,4.05,$19.21,-10.00%,,,,$0.00,-100.00%,$0.00,-100.00%,$0.00,-100.00%,LC,NYSE:LC,-1.000,$23.25,3.23%
NASDAQ:LCID,15 Dec 2025,$16.47,3,$17.00,3,0.77,$6.22,164.73%,,,,$5.97,-4.02%,$0.00,-100.00%,$0.00,-100.00%,LCID,NASDAQ:LCID,-0.861,$8.20,107.32%
NYSE:LDOS,17 Feb 2026,$176.70,3,$202.40,10,0.60,$142.25,24.22%,,,,$137.37,-3.43%,$0.00,-100.00%,$0.00,-100.00%,LDOS,NYSE:LDOS,-0.886,$153.60,31.77%
NASDAQ:LECO,31 May 2024,$190.67,3,,,0.99,$286.02,-33.34%,,,,$277.82,-2.87%,$477.38,66.90%,$508.54,77.80%,LECO,NASDAQ:LECO,-0.708,$304.91,
NYSE:LEN,21 Feb 2026,$150.73,5,$98.80,4,0.91,$86.54,14.17%,,,,$85.14,-1.62%,$206.48,138.59%,$212.29,145.31%,LEN,NYSE:LEN,-0.728,$86.23,14.58%
NYSE:LEN.B,19 Feb 2026,$140.83,5,,,0.71,$84.80,66.07%,,,,$83.20,-1.89%,$914.16,978.02%,$954.43,1025.51%,LEN.B,NYSE:LEN.B,-0.715,,
NASDAQ:LENZ,15 May 2025,$26.93,3,$47.14,9,0.78,$4.79,462.28%,,,,$4.51,-5.85%,$0.00,-100.00%,$0.00,-100.00%,LENZ,NASDAQ:LENZ,-0.875,$24.00,96.42%
NYSEAMERICAN:LEU,23 Dec 2025,$221.63,3,$289.10,9,,$184.12,20.37%,,,,,-100.00%,-$2.00,-101.09%,-$2.00,-101.09%,LEU,NYSE:LEU,-2.000,,
NASDAQ:LFUS,30 Jan 2026,$287.28,3,$366.67,8,0.72,$471.81,-39.11%,,,,$436.20,-7.55%,$670.07,42.02%,$624.35,32.33%,LFUS,NASDAQ:LFUS,-0.822,$488.75,-24.98%
NASDAQ:LFVN,16 Sep 2025,$9.29,3,,,,$6.52,42.48%,,,,,-100.00%,-$2.00,-130.67%,-$2.00,-130.67%,LFVN,NASDAQ:LFVN,-2.000,,
NASDAQ:LFWD,4 Dec 2025,$1.24,3,$4.50,,,$7.39,-83.19%,,,,,-100.00%,-$2.00,-127.06%,-$2.00,-127.06%,LFWD,NASDAQ:LFWD,-2.000,,
NASDAQ:LGHL,1 Sep 2025,$2.89,3,,,,$0.74,290.81%,,,,,-100.00%,-$2.00,-370.27%,-$2.00,-370.27%,LGHL,NASDAQ:LGHL,-2.000,,
NASDAQ:LGIH,10 Apr 2026,$71.78,3,$38.00,3,0.75,$58.62,-35.18%,,,,$56.76,-3.17%,$0.00,-100.00%,$0.00,-100.00%,LGIH,NASDAQ:LGIH,-0.889,$93.00,-59.14%
NYSE:LH,19 May 2025,$246.54,3,$276.82,5,0.59,$323.34,-23.75%,,,,$308.70,-4.53%,$0.00,-100.00%,$0.00,-100.00%,LH,NYSE:LH,-0.881,$337.75,-18.04%
NASDAQ:LI,15 Dec 2025,$17.08,1,,1,0.76,$12.41,37.63%,,,,$11.88,-4.27%,$112.26,804.60%,$118.66,856.20%,LI,NASDAQ:LI,-0.883,$18.17,
NASDAQ:LIF,22 Jan 2026,$44.97,2,$89.23,1,0.66,$50.18,-10.39%,,,,$48.85,-2.65%,$0.00,-100.00%,$0.00,-100.00%,LIF,NASDAQ:LIF,-0.891,$61.48,45.14%
NYSE:LII,26 Aug 2025,$486.80,1,,,0.99,$416.13,16.98%,,,,$409.27,-1.65%,$600.15,44.22%,$660.84,58.81%,LII,NYSE:LII,-0.744,$511.15,
NASDAQ:LIN,8 Jul 2024,$400.00,0,,,0.79,$474.33,-15.67%,,,,$467.93,-1.35%,$0.00,-100.00%,$0.00,-100.00%,LIN,NASDAQ:LIN,-0.815,$547.24,
NASDAQ:LITE,2 Feb 2026,$174.97,1,,,0.57,$968.90,-81.94%,,,,$857.10,-11.54%,$0.00,-100.00%,$0.00,-100.00%,LITE,NASDAQ:LITE,-0.916,"$1,125.93",
NASDAQ:LIVN,11 Dec 2025,$69.34,3,$65.83,9,0.63,$81.48,-19.21%,,,,$77.94,-4.34%,$0.00,-100.00%,$0.00,-100.00%,LIVN,NASDAQ:LIVN,-0.875,$89.40,-26.36%
NASDAQ:LKFN,19 Nov 2025,$61.67,3,,,1.23,$61.82,-0.24%,,,,$61.56,-0.42%,$0.00,-100.00%,$0.00,-100.00%,LKFN,NASDAQ:LKFN,-0.604,$66.50,
NASDAQ:LKQ,15 May 2025,$47.72,5,$53.00,8,1.73,$25.45,87.50%,,,,$25.12,-1.30%,$6.62,-74.01%,$22.44,-11.83%,LKQ,NASDAQ:LKQ,-0.426,$32.50,63.08%
NYSE:LMT,23 Dec 2025,$488.93,3,$524.93,7,1.04,$593.74,-17.65%,,,,$593.00,-0.12%,$0.00,-100.00%,$0.00,-100.00%,LMT,NYSE:LMT,-0.686,$632.95,-17.07%
NYSE:LOB,18 Nov 2025,$45.74,3,$42.50,4,0.64,$43.29,-1.82%,,,,$42.01,-2.96%,$0.00,-100.00%,$0.00,-100.00%,LOB,NYSE:LOB,-0.862,$46.00,-7.61%
NYSE:LOMA,16 Dec 2025,$12.58,3,,7,1.08,$9.34,34.69%,,,,$9.10,-2.57%,$0.00,-100.00%,$0.00,-100.00%,LOMA,NYSE:LOMA,-0.743,$14.70,
NASDAQ:LOVE,30 Aug 2023,$33.25,3,,,0.73,$17.11,94.31%,,,,$16.59,-3.04%,$77.73,354.29%,$75.08,338.79%,LOVE,NASDAQ:LOVE,-0.898,$24.17,
NASDAQ:LPRO,23 Aug 2025,$2.92,3,$2.58,2,,,#DIV/0!,,,,,#DIV/0!,-$2.00,#DIV/0!,-$2.00,#DIV/0!,LPRO,NASDAQ:LPRO,-2.000,,
NASDAQ:LPTH,29 Jan 2026,$6.12,3,$12.67,8,0.58,$14.80,-58.65%,,,,$13.61,-8.04%,$16.24,9.70%,$16.29,10.09%,LPTH,NASDAQ:LPTH,-0.890,$15.78,-19.71%
NYSE:LPX,9 May 2025,$89.40,3,,,0.77,$72.29,23.66%,,,,$71.49,-1.11%,$0.00,-100.00%,$0.00,-100.00%,LPX,NYSE:LPX,-0.850,$92.23,
NASDAQ:LQDT,23 Dec 2025,$37.03,4,$41.00,3,0.66,$42.71,-13.29%,,,,$41.77,-2.20%,$0.00,-100.00%,$0.00,-100.00%,LQDT,NASDAQ:LQDT,-0.885,$51.00,-19.61%
NASDAQ:LRCX,17 Jul 2024,$725.21,1,,,0.70,$343.84,110.91%,,,,$319.52,-7.07%,$374.60,8.95%,$380.78,10.74%,LRCX,NASDAQ:LRCX,-0.839,$368.94,
NASDAQ:LSCC,19 Jan 2026,$69.35,1,$83.73,10,0.70,$132.67,-47.73%,,,,$124.68,-6.02%,$0.00,-100.00%,$0.00,-100.00%,LSCC,NASDAQ:LSCC,-0.878,$164.92,-49.23%
NYSE:LSPD,11 Sep 2025,$13.68,3,$15.02,6,0.59,$10.23,33.73%,,,,$10.25,0.20%,$0.00,-100.00%,$0.00,-100.00%,LSPD,NYSE:LSPD,-0.879,$10.65,41.03%
NASDAQ:LTBR,25 Aug 2025,$13.94,3,,,0.69,$8.15,71.02%,,,,$8.07,-0.98%,$0.00,-100.00%,$0.00,-100.00%,LTBR,NASDAQ:LTBR,-0.891,$10.50,
NYSE:LTH,15 Aug 2025,$22.60,2,,,0.55,$45.34,-50.15%,,,,$42.51,-6.24%,$0.00,-100.00%,$0.00,-100.00%,LTH,NYSE:LTH,-0.936,$54.43,
NASDAQ:LTRX,5 Feb 2026,$7.76,3,$7.88,9,0.80,$6.65,16.75%,,,,$6.00,-9.77%,$9.04,35.89%,$10.16,52.80%,LTRX,NASDAQ:LTRX,-0.868,$10.33,-23.72%
NYSE:LU,1 Sep 2025,$3.43,3,,4,0.72,$1.45,136.28%,,,,$1.44,-0.69%,$0.00,-100.00%,$0.00,-100.00%,LU,NYSE:LU,-0.901,$2.78,
NASDAQ:LUNG,4 Dec 2025,$3.40,3,$4.10,1,0.81,$2.23,52.47%,,,,$2.11,-5.38%,$0.00,-100.00%,$0.00,-100.00%,LUNG,NASDAQ:LUNG,-0.861,$3.40,20.59%
NYSE:LUXE,26 Mar 2026,$9.82,3,,,0.69,$7.69,27.63%,,,,$7.24,-5.85%,$16.07,108.94%,$18.49,140.40%,LUXE,NYSE:LUXE,-0.867,$9.12,
NASDAQ:LWAY,27 Aug 2025,$25.66,2,,,0.71,$24.75,3.68%,,,,$23.61,-4.61%,$0.00,-100.00%,$0.00,-100.00%,LWAY,NASDAQ:LWAY,-0.906,$34.50,
NASDAQ:LX,9 Sep 2025,$5.80,3,,7,1.39,$1.36,326.47%,,,,$1.33,-2.21%,$0.00,-100.00%,$0.00,-100.00%,LX,NASDAQ:LX,-0.606,$3.50,
NYSE:LXFR,11 Nov 2025,$12.33,3,,5,1.71,$17.12,-28.01%,,,,$17.11,-0.06%,$24.89,45.41%,$17.96,4.90%,LXFR,NYSE:LXFR,-0.396,$18.75,
NYSE:LXU,22 Jan 2026,$9.49,3,$10.38,3,0.74,$10.50,-9.63%,,,,$9.68,-7.81%,$0.00,-100.00%,$0.00,-100.00%,LXU,NYSE:LXU,-0.870,$13.70,-24.23%
NYSE:LYG,10 Mar 2026,$4.90,3,,5,0.87,$6.15,-20.33%,,,,$6.10,-0.81%,-$66.13,-1175.27%,-$67.86,-1203.42%,LYG,NYSE:LYG,-0.758,$6.46,
NASDAQ:LYTS,5 Feb 2026,$23.01,3,$29.33,7,1.00,$24.75,-7.04%,,,,$24.32,-1.74%,$20.60,-16.75%,$24.08,-2.70%,LYTS,NASDAQ:LYTS,-0.741,$30.33,-3.30%
NYSE:LZM,28 Oct 2025,$7.28,3,$8.00,6,0.72,$4.00,82.00%,,,,$3.70,-7.50%,$0.00,-100.00%,$0.00,-100.00%,LZM,NYSE:LZM,-0.903,$8.63,-7.30%
NYSE:M,17 Nov 2023,$28.11,3,,,1.12,$23.22,21.08%,,,,$23.13,-0.39%,$14.07,-39.42%,$33.10,42.54%,M,NYSE:M,-0.632,$22.77,
NYSE:MAA,18 Sep 2025,$156.08,4,$158.89,4,1.21,$131.12,19.04%,,,,$132.38,0.96%,$0.00,-100.00%,$0.00,-100.00%,MAA,NYSE:MAA,-0.618,$143.80,10.49%
NASDAQ:MAPS,9 Feb 2026,$1.32,3,,2,,,#DIV/0!,,,,,#DIV/0!,-$2.00,#DIV/0!,-$2.00,#DIV/0!,MAPS,NASDAQ:MAPS,-2.000,,
NASDAQ:MAR,23 Dec 2025,$276.62,2,$301.75,6,0.90,$356.57,-22.42%,,,,$344.79,-3.30%,$0.00,-100.00%,$0.00,-100.00%,MAR,NASDAQ:MAR,-0.749,$381.32,-20.87%
NYSE:MAS,9 Apr 2026,$74.88,5,$77.30,2,0.95,$73.93,1.28%,,,,$72.60,-1.80%,$0.00,-100.00%,$0.00,-100.00%,MAS,NYSE:MAS,-0.733,$80.65,-4.15%
NASDAQ:MASI,11 Dec 2025,$144.64,3,$188.40,8,,,#DIV/0!,,,,,#DIV/0!,-$2.00,#DIV/0!,-$2.00,#DIV/0!,MASI,NASDAQ:MASI,-2.000,,
NASDAQ:MASS,16 Dec 2025,$6.35,3,$8.00,6,0.55,$10.19,-37.68%,,,,$9.67,-5.10%,$0.00,-100.00%,$0.00,-100.00%,MASS,NASDAQ:MASS,-0.906,$11.00,-27.27%
NASDAQ:MAT,18 May 2026,$22.83,3,$16.20,6,0.64,$14.58,11.11%,,,,$14.41,-1.17%,$0.00,-100.00%,$0.00,-100.00%,MAT,NASDAQ:MAT,-0.906,$18.23,-11.14%
NASDAQ:MATW,12 Jun 2025,$31.87,5,,6,1.38,$23.00,38.55%,,,,$22.87,-0.57%,$0.00,-100.00%,$0.00,-100.00%,MATW,NASDAQ:MATW,-0.609,$35.00,
NYSE:MATX,24 May 2026,$189.11,3,$213.00,6,0.83,$219.95,-14.02%,,,,$210.21,-4.43%,$0.00,-100.00%,$0.00,-100.00%,MATX,NYSE:MATX,-0.807,$261.67,-18.60%
NYSE:MAX,23 Aug 2025,$13.82,3,$15.83,3,0.55,$12.69,8.88%,,,,$12.66,-0.24%,$41.47,226.78%,$42.15,232.18%,MAX,NYSE:MAX,-0.938,$15.50,2.13%
NYSE:MBC,24 Dec 2024,$17.00,4,$23.00,4,0.61,$8.99,89.05%,,,,$8.80,-2.11%,$0.00,-100.00%,$0.00,-100.00%,MBC,NYSE:MBC,-0.901,$10.54,118.22%
NYSE:MBI,3 Jan 2025,$6.33,3,$6.75,2,0.78,$4.93,28.42%,,,,$4.91,-0.41%,$0.00,-100.00%,$0.00,-100.00%,MBI,NYSE:MBI,-0.876,$7.00,-3.57%
NASDAQ:MBIN,16 Mar 2026,$47.75,3,$48.50,4,0.87,$54.54,-12.45%,,,,$54.00,-0.99%,$0.00,-100.00%,$0.00,-100.00%,MBIN,NASDAQ:MBIN,-0.753,$56.50,-14.16%
NASDAQ:MBWM,24 Mar 2026,$55.58,3,$56.00,6,1.05,$61.14,-9.09%,,,,$60.51,-1.03%,$0.00,-100.00%,$0.00,-100.00%,MBWM,NASDAQ:MBWM,-0.673,$63.17,-11.35%
NYSE:MC,24 Oct 2025,$64.64,3,,,1.49,$66.73,-3.13%,,,,$67.82,1.63%,$238.86,257.94%,$242.43,263.30%,MC,NYSE:MC,-0.487,$71.50,
NYSE:MCB,18 Nov 2025,$66.26,3,$88.00,4,0.93,$93.34,-29.01%,,,,$92.14,-1.29%,$0.00,-100.00%,$0.00,-100.00%,MCB,NYSE:MCB,-0.749,$106.00,-16.98%
NASDAQ:MCBS,24 Oct 2025,$30.06,3,$31.00,4,1.58,$36.16,-16.87%,,,,$36.22,0.17%,$0.00,-100.00%,$0.00,-100.00%,MCBS,NASDAQ:MCBS,-0.444,$38.00,-18.42%
NYSE:MCD,18 Sep 2025,$295.53,3,$322.80,8,0.70,$265.53,11.30%,,,,$264.61,-0.35%,$0.00,-100.00%,$0.00,-100.00%,MCD,NYSE:MCD,-0.866,$316.06,2.13%
NASDAQ:MCHP,27 Jan 2026,$69.09,2,$81.39,8,0.96,$80.26,-13.91%,,,,$75.96,-5.36%,$0.00,-100.00%,$0.00,-100.00%,MCHP,NASDAQ:MCHP,-0.788,$109.21,-25.47%
NYSE:MCK,23 Aug 2024,$496.23,2,,,0.64,$859.92,-42.29%,,,,$830.24,-3.45%,$0.00,-100.00%,$0.00,-100.00%,MCK,NYSE:MCK,-0.883,$991.40,
NYSE:MCO,16 Sep 2025,$491.12,3,,,1.13,$477.17,2.92%,,,,$475.87,-0.27%,$684.58,43.47%,$732.06,53.42%,MCO,NYSE:MCO,-0.670,$560.48,
NYSE:MD,2 May 2025,$17.20,4,$18.10,6,0.60,$26.34,-34.70%,,,,$25.51,-3.15%,$0.00,-100.00%,$0.00,-100.00%,MD,NYSE:MD,-0.864,$26.17,-30.84%
NYSE:MDT,14 Jan 2026,$99.63,3,$111.63,6,1.38,$90.60,9.97%,,,,$90.13,-0.52%,$161.10,77.81%,$194.15,114.29%,MDT,NYSE:MDT,-0.539,$98.44,13.40%
NASDAQ:MDWD,1 Sep 2025,$18.47,3,$30.00,4,,$13.39,37.95%,,,,,-100.00%,-$2.00,-114.94%,-$2.00,-114.94%,MDWD,NASDAQ:MDWD,-2.000,,
NYSE:MED,23 Dec 2025,$14.30,3,,4,0.63,$11.44,25.04%,,,,$11.13,-2.71%,$0.00,-100.00%,$0.00,-100.00%,MED,NYSE:MED,-0.862,$12.00,
NYSE:MEI,19 Mar 2025,$11.38,3,$11.50,4,0.91,$18.08,-37.04%,,,,$16.05,-11.23%,$19.46,7.62%,$22.48,24.36%,MEI,NYSE:MEI,-0.743,$19.33,-40.51%
NASDAQ:MELI,29 Aug 2025,"$2,075.00",2,,,0.67,"$1,787.57",16.08%,,,,"$1,779.99",-0.42%,$0.00,-100.00%,$0.00,-100.00%,MELI,NASDAQ:MELI,-0.895,"$2,252.38",
NASDAQ:MERC,9 Apr 2025,$9.51,3,$7.00,5,,$0.49,1328.57%,,,,,-100.00%,-$2.00,-508.16%,-$2.00,-508.16%,MERC,NASDAQ:MERC,-2.000,,
NASDAQ:MESO,11 Dec 2025,$18.44,3,,,0.72,$17.02,8.34%,,,,$14.95,-12.16%,$0.00,-100.00%,$0.00,-100.00%,MESO,NASDAQ:MESO,-0.902,$35.00,
NASDAQ:META,19 Jul 2024,$436.35,2,,,0.71,$568.97,-23.31%,,,,$572.85,0.68%,$0.00,-100.00%,$0.00,-100.00%,META,NASDAQ:META,-0.892,$754.14,
NASDAQ:METC,16 Jun 2025,$18.15,3,$13.00,2,1.08,$12.23,6.30%,,,,$10.47,-14.39%,$0.00,-100.00%,$0.00,-100.00%,METC,NASDAQ:METC,-0.744,$18.88,-31.14%
NYSE:MFG,19 Nov 2025,$6.09,2,,,0.76,$10.83,-43.77%,,,,$10.65,-1.66%,$0.00,-100.00%,$0.00,-100.00%,MFG,NYSE:MFG,-0.787,$10.48,
NASDAQ:MGEE,29 Jan 2025,$79.73,3,$76.50,7,0.91,$81.03,-5.59%,,,,$79.85,-1.46%,$0.00,-100.00%,$0.00,-100.00%,MGEE,NASDAQ:MGEE,-0.719,$78.25,-2.24%
NASDAQ:MGNX,23 Dec 2025,$2.57,3,$3.00,2,0.77,$4.06,-36.59%,,,,$3.68,-9.36%,$0.00,-100.00%,$0.00,-100.00%,MGNX,NASDAQ:MGNX,-0.879,$7.25,-58.62%
NASDAQ:MGPI,19 Jun 2025,$49.20,3,$38.50,6,1.11,$17.89,115.20%,,,,$17.27,-3.47%,$0.00,-100.00%,$0.00,-100.00%,MGPI,NASDAQ:MGPI,-0.731,$27.80,38.49%
NYSE:MGY,27 Jan 2026,$27.84,4,$26.85,6,1.06,$26.79,0.22%,,,,$25.54,-4.67%,$0.00,-100.00%,$0.00,-100.00%,MGY,NYSE:MGY,-0.711,$32.82,-18.19%
NYSE:MHO,18 Mar 2026,$159.41,5,$165.00,4,0.61,$151.20,5.43%,,,,$147.64,-2.35%,$0.00,-100.00%,$0.00,-100.00%,MHO,NYSE:MHO,-0.893,$170.67,-3.32%
NASDAQ:MIDD,28 Apr 2026,$161.75,5,$180.00,6,1.78,$114.88,40.79%,,,,$115.02,0.12%,$0.00,-100.00%,$0.00,-100.00%,MIDD,NASDAQ:MIDD,-0.419,$154.89,16.21%
NYSE:MIR,19 Nov 2025,$18.40,2,$31.83,9,0.74,$15.74,16.88%,,,,$15.03,-4.51%,$19.92,26.58%,$28.03,78.09%,MIR,NYSE:MIR,-0.894,$24.60,29.39%
NASDAQ:MITK,27 Jan 2026,$157.37,5,$14.67,9,0.62,$18.53,-20.83%,,,,$18.39,-0.76%,$0.00,-100.00%,$0.00,-100.00%,MITK,NASDAQ:MITK,-0.907,$22.62,-35.15%
NYSE:MKC,23 Dec 2025,$74.06,5,$78.11,5,0.94,$53.94,37.30%,,,,$53.47,-0.87%,$103.58,92.03%,$122.10,126.36%,MKC,NYSE:MKC,-0.744,$60.62,28.85%
NASDAQ:MKSI,30 Jan 2026,$186.47,1,$225.25,10,0.69,$320.74,-41.86%,,,,$293.71,-8.43%,$0.00,-100.00%,$0.00,-100.00%,MKSI,NASDAQ:MKSI,-0.889,$413.62,-45.54%
NASDAQ:MKTX,23 Aug 2025,$211.29,4,$232.14,4,0.75,$162.56,29.98%,,,,$159.73,-1.74%,$0.00,-100.00%,$0.00,-100.00%,MKTX,NASDAQ:MKTX,-0.794,$158.00,46.92%
NASDAQ:MLKN,20 Sep 2024,$28.93,3,,,1.47,$23.34,23.96%,,,,$23.35,0.04%,$34.99,49.90%,$20.10,-13.89%,MLKN,NASDAQ:MLKN,-0.567,$35.00,
NYSE:MNR,22 Jan 2026,$25.78,3,$20.00,7,2.17,$12.69,57.60%,,,,$12.99,2.36%,$0.00,-100.00%,$0.00,-100.00%,MNR,NYSE:MNR,-0.256,$17.71,12.93%
NASDAQ:MNRO,6 Jun 2025,$30.40,3,$17.67,8,1.70,$11.56,52.85%,,,,$11.06,-4.33%,$4.06,-64.89%,$19.81,71.36%,MNRO,NASDAQ:MNRO,-0.466,$22.00,-19.68%
NYSE:MNSO,1 Sep 2025,$24.84,3,$26.94,8,1.09,$10.76,130.82%,,,,$11.54,7.25%,$42.11,291.38%,$42.11,291.38%,MNSO,NYSE:MNSO,-0.738,$19.71,36.68%
NYSE:MO,17 Mar 2026,$65.79,3,$68.00,4,1.82,$63.96,2.87%,,,,$64.99,1.61%,$0.00,-100.00%,$0.00,-100.00%,MO,NYSE:MO,-0.346,$70.00,-2.86%
NASDAQ:MOFG,2 Oct 2025,$33.83,3,$34.50,5,,,#DIV/0!,,,,,#DIV/0!,-$2.00,#DIV/0!,-$2.00,#DIV/0!,MOFG,NASDAQ:MOFG,-2.000,,
NYSE:MOS,23 Dec 2025,$27.76,5,$33.54,7,1.37,$21.23,30.74%,,,,$21.42,0.89%,$0.00,-100.00%,$0.00,-100.00%,MOS,NYSE:MOS,-0.588,$27.56,21.70%
NYSE:MOV,26 Mar 2026,$28.60,4,$30.75,7,1.28,$35.43,-19.29%,,,,$35.37,-0.17%,$54.33,53.33%,$60.09,69.62%,MOV,NYSE:MOV,-0.639,$47.50,-35.26%
NASDAQ:MPB,19 Mar 2026,$32.84,3,$37.00,7,1.32,$38.19,-14.01%,,,,$38.14,-0.13%,$0.00,-100.00%,$0.00,-100.00%,MPB,NASDAQ:MPB,-0.558,$40.33,-8.26%
NYSE:MPLX,16 Jun 2026,$55.67,1,,,2.06,$59.08,-5.77%,,,,$59.17,0.15%,$0.00,-100.00%,$0.00,-100.00%,MPLX,NYSE:MPLX,-0.230,$61.92,
NYSEAMERICAN:MPTI,11 Feb 2026,$62.49,,,6,,$88.05,-29.03%,,,,,-100.00%,-$2.00,-102.27%,-$2.00,-102.27%,MPTI,NYSEAMERICAN:MPTI,-2.000,,
NASDAQ:MPWR,26 Jan 2026,$897.84,2,,,0.61,"$1,415.99",-36.59%,,,,"$1,308.81",-7.57%,$0.00,-100.00%,$0.00,-100.00%,MPWR,NASDAQ:MPWR,-0.927,"$1,829.54",
NASDAQ:MRAM,19 Jan 2026,$10.62,3,$10.50,8,0.67,$19.85,-47.10%,,,,$16.54,-16.68%,$0.00,-100.00%,$0.00,-100.00%,MRAM,NASDAQ:MRAM,-0.901,$25.67,-59.10%
NASDAQ:MRVL,15 Jan 2026,$93.91,4,$119.56,10,0.49,$234.33,-59.92%,,,,$209.20,-10.72%,$243.05,3.72%,$261.97,11.80%,MRVL,NASDAQ:MRVL,-0.937,$257.29,-53.53%
NASDAQ:MRX,10 Sep 2025,$29.58,2,,,0.75,$71.45,-58.60%,,,,$68.02,-4.80%,$0.00,-100.00%,$0.00,-100.00%,MRX,NASDAQ:MRX,-0.827,$79.88,
NYSE:MS,27 Aug 2025,$131.18,2,,,1.30,$218.21,-39.88%,,,,$214.32,-1.78%,$0.00,-100.00%,$0.00,-100.00%,MS,NYSE:MS,-0.573,$236.62,
NYSE:MSB,1 Sep 2025,$30.89,1,,,,$23.13,33.55%,,,,,-100.00%,-$2.00,-108.65%,-$2.00,-108.65%,MSB,NYSE:MSB,-2.000,,
NASDAQ:MSBI,2 Oct 2025,$21.79,3,$20.67,3,1.89,$33.32,-37.97%,,,,$33.35,0.09%,$0.00,-100.00%,$0.00,-100.00%,MSBI,NASDAQ:MSBI,-0.293,$33.25,-37.83%
NYSE:MSCI,24 Oct 2025,$568.24,3,,,1.17,$550.68,3.19%,,,,$561.75,2.01%,$784.73,42.50%,$826.69,50.12%,MSCI,NYSE:MSCI,-0.671,$692.06,
NASDAQ:MSFT,26 Jan 2026,$49.22,3,,,0.80,$480.35,-89.75%,,,,$484.30,0.82%,$628.69,30.88%,$685.62,42.73%,MSFT,NASDAQ:MSFT,-0.817,$569.56,
NYSE:MSI,2 Feb 2026,$451.69,3,$462.25,8,0.65,$457.08,-1.18%,,,,$449.83,-1.59%,$0.00,-100.00%,$0.00,-100.00%,MSI,NYSE:MSI,-0.875,$522.73,-11.57%
NASDAQ:MSTR,9 Feb 2026,$240.05,3,$361.73,4,0.79,$97.68,145.75%,,,,$89.34,-8.54%,$0.00,-100.00%,$0.00,-100.00%,MSTR,NASDAQ:MSTR,-0.872,$229.07,57.91%
NYSE:MT,29 Apr 2026,$53.35,2,$66.60,9,0.91,$73.80,-27.70%,,,,$72.41,-1.88%,$0.00,-100.00%,$0.00,-100.00%,MT,NYSE:MT,-0.738,$76.20,-12.60%
NYSE:MTB,20 Oct 2025,$182.98,3,$219.71,4,1.22,$252.86,-27.64%,,,,$251.11,-0.69%,$0.00,-100.00%,$0.00,-100.00%,MTB,NYSE:MTB,-0.594,$255.97,-14.17%
NYSE:MTDR,19 Aug 2025,$64.64,3,$62.88,4,1.01,$55.94,12.41%,,,,$51.57,-7.81%,$0.00,-100.00%,$0.00,-100.00%,MTDR,NYSE:MTDR,-0.733,$68.42,-8.10%
NYSE:MTG,16 Jul 2024,$24.62,3,,,1.45,$31.11,-20.87%,,,,$30.78,-1.06%,$60.02,92.92%,$60.48,94.42%,MTG,NYSE:MTG,-0.487,$31.00,
NASDAQ:MTRX,23 Jan 2026,$15.94,3,,1,0.87,$11.98,33.03%,,,,$11.39,-4.92%,$43.18,260.44%,$46.20,285.63%,MTRX,NASDAQ:MTRX,-0.837,$20.00,
NASDAQ:MTSI,27 Jan 2026,$193.58,2,$204.75,8,0.68,$327.53,-40.90%,,,,$295.04,-9.92%,$0.00,-100.00%,$0.00,-100.00%,MTSI,NASDAQ:MTSI,-0.881,$399.64,-48.77%
NYSE:MTW,20 Sep 2024,$13.92,3,,,0.42,$20.19,-31.05%,,,,$19.88,-1.54%,$0.00,-100.00%,$0.00,-100.00%,MTW,NYSE:MTW,-0.880,$14.00,
NYSE:MTZ,4 Sep 2024,$99.99,3,,,0.95,$302.48,-66.94%,,,,$279.27,-7.67%,$335.20,10.82%,$341.27,12.82%,MTZ,NYSE:MTZ,-0.798,$422.00,
NYSE:MUFG,21 Oct 2025,$13.65,3,,10,0.80,$23.03,-40.73%,,,,$22.61,-1.82%,$0.00,-100.00%,$0.00,-100.00%,MUFG,NYSE:MUFG,-0.764,$21.59,
NYSE:MUX,20 Aug 2025,$12.92,3,$15.83,6,0.68,$18.85,-31.44%,,,,$18.05,-4.24%,$0.00,-100.00%,$0.00,-100.00%,MUX,NYSE:MUX,-0.921,$31.00,-48.94%
NASDAQ:MVIS,5 Feb 2026,$1.11,4,,1,0.61,$2.14,-47.94%,,,,$1.92,-10.28%,$0.00,-100.00%,$0.00,-100.00%,MVIS,NASDAQ:MVIS,-0.847,$2.00,
NYSE:MWA,13 Nov 2025,$22.51,2,$27.20,1,0.85,$25.18,-10.62%,,,,$24.86,-1.27%,$0.00,-100.00%,$0.00,-100.00%,MWA,NYSE:MWA,-0.807,$31.00,-12.26%
NYSE:MX,9 Feb 2026,$4.11,3,,3,0.55,$3.62,13.54%,,,,$3.58,-1.10%,$3.65,0.85%,$5.69,57.06%,MX,NYSE:MX,-0.914,$4.00,
NASDAQ:MXCT,23 Dec 2025,$2.30,3,$6.84,,0.76,$1.32,73.94%,,,,$1.24,-6.06%,$0.00,-100.00%,$0.00,-100.00%,MXCT,NASDAQ:MXCT,-0.884,$4.11,66.42%
NASDAQ:MXL,19 Jan 2026,$27.04,4,$22.00,4,0.54,$84.76,-74.04%,,,,$74.10,-12.58%,$81.80,-3.49%,$87.16,2.83%,MXL,NASDAQ:MXL,-0.921,$94.55,-76.73%
NYSEAMERICAN:MYO,16 Dec 2025,$1.00,1,,,,$1.57,-36.31%,,,,,-100.00%,-$2.00,-227.39%,-$2.00,-227.39%,MYO,NYSEAMERICAN:MYO,-2.000,,
NASDAQ:MYRG,25 Sep 2024,$129.33,3,,,0.61,$340.78,-62.05%,,,,$315.73,-7.35%,$440.74,29.33%,$493.84,44.91%,MYRG,NASDAQ:MYRG,-0.896,$392.50,
NYSE:NABL,5 Feb 2026,$8.30,3,$9.65,5,0.78,$3.27,153.70%,,,,$3.35,2.45%,$0.00,-100.00%,$0.00,-100.00%,NABL,NYSE:NABL,-0.874,$4.68,106.20%
NYSEAMERICAN:NAK,3 Sep 2025,$1.18,,$2.50,4,,$1.61,-26.71%,,,,,-100.00%,-$2.00,-224.22%,-$2.00,-224.22%,NAK,NYSEAMERICAN:NAK,-2.000,,
NASDAQ:NAVI,23 Aug 2025,$18.59,4,$13.20,6,0.90,$9.16,44.10%,,,,$8.79,-4.04%,$0.00,-100.00%,$0.00,-100.00%,NAVI,NASDAQ:NAVI,-0.731,$9.07,45.53%
NASDAQ:NB,12 Aug 2025,$5.09,3,,,0.82,$4.81,5.74%,,,,$4.93,2.49%,$0.00,-100.00%,$0.00,-100.00%,NB,NASDAQ:NB,-0.857,$11.72,
NASDAQ:NBBK,28 Nov 2025,$21.28,3,$22.00,9,0.74,$22.91,-7.11%,,,,$22.40,-2.23%,$0.00,-100.00%,$0.00,-100.00%,NBBK,NASDAQ:NBBK,-0.830,$25.50,-13.73%
NYSE:NBHC,6 Oct 2025,$47.71,4,$44.75,5,1.45,$43.21,3.56%,,,,$43.04,-0.39%,$0.00,-100.00%,$0.00,-100.00%,NBHC,NYSE:NBHC,-0.517,$48.50,-7.73%
NASDAQ:NBN,27 May 2026,$126.48,3,$130.50,8,0.64,$134.01,-5.62%,,,,$130.58,-2.56%,$0.00,-100.00%,$0.00,-100.00%,NBN,NASDAQ:NBN,-0.864,$143.50,-9.06%
NASDAQ:NBTB,2 Oct 2025,$49.04,3,$50.67,4,1.31,$53.29,-7.98%,,,,$53.15,-0.26%,$0.00,-100.00%,$0.00,-100.00%,NBTB,NASDAQ:NBTB,-0.564,$56.83,-10.84%
NASDAQ:NCNA,7 Jul 2025,$0.15,3,,,,$1.55,-90.65%,,,,,-100.00%,-$2.00,-229.03%,-$2.00,-229.03%,NCNA,NASDAQ:NCNA,-2.000,,
NASDAQ:NECB,2 Oct 2025,$25.63,3,$25.00,2,1.11,$26.77,-6.61%,,,,$26.53,-0.90%,$0.00,-100.00%,$0.00,-100.00%,NECB,NASDAQ:NECB,-0.664,$29.75,-15.97%
NYSE:NEM,21 Jul 2025,$58.12,3,$67.81,10,1.05,$120.33,-51.70%,,,,$114.13,-5.15%,$201.46,67.42%,$351.01,191.71%,NEM,NYSE:NEM,-0.686,$131.49,-48.43%
NASDAQ:NEO,2 Sep 2025,$7.13,3,$9.83,6,0.74,$16.16,-55.86%,,,,$15.52,-3.96%,$14.93,-7.62%,$19.98,23.65%,NEO,NASDAQ:NEO,-0.853,$19.72,-50.15%
NYSE:NET,22 Jan 2026,$169.89,3,$246.25,6,0.46,$307.01,-44.66%,,,,$302.71,-1.40%,$0.00,-100.00%,$0.00,-100.00%,NET,NYSE:NET,-0.949,$333.55,-26.17%
NASDAQ:NEWT,19 Nov 2025,$11.21,4,$14.38,4,1.29,$12.83,-12.63%,,,,$12.85,0.16%,$0.00,-100.00%,$0.00,-100.00%,NEWT,NASDAQ:NEWT,-0.605,$15.50,-7.23%
NASDAQ:NFLX,8 Jul 2024,$571.61,2,,,0.69,$76.02,651.92%,,,,$75.73,-0.38%,$97.31,28.00%,$166.73,119.33%,NFLX,NASDAQ:NFLX,-0.879,$94.04,
NYSE:NGG,19 Sep 2025,$70.94,3,$78.00,8,,$81.29,-12.74%,,,,,-100.00%,-$2.00,-102.46%,-$2.00,-102.46%,NGG,NYSE:NGG,-2.000,,
NYSE:NGL,22 Jan 2026,$10.10,1,,,0.47,$18.36,-44.99%,,,,$16.78,-8.61%,$0.00,-100.00%,$0.00,-100.00%,NGL,NYSE:NGL,-0.834,$5.00,
NYSE:NGVC,20 Mar 2026,$44.77,3,,4,0.99,$27.85,60.74%,,,,$27.15,-2.51%,$0.00,-100.00%,$0.00,-100.00%,NGVC,NYSE:NGVC,-0.781,$44.67,
NYSE:NGVT,2 Oct 2025,$58.97,4,$60.67,7,0.87,$75.79,-22.19%,,,,$73.45,-3.09%,$86.78,14.50%,$106.44,40.44%,NGVT,NYSE:NGVT,-0.784,$89.00,-31.83%
NYSE:NIC,2 Oct 2025,$118.87,3,$139.67,4,0.62,$177.90,-33.18%,,,,$173.35,-2.56%,$0.00,-100.00%,$0.00,-100.00%,NIC,NYSE:NIC,-0.873,$191.80,-27.18%
NASDAQ:NICE,11 Feb 2026,$180.97,3,$158.57,6,0.66,$97.90,61.97%,,,,$98.72,0.84%,$0.00,-100.00%,$0.00,-100.00%,NICE,NASDAQ:NICE,-0.903,$125.85,26.00%
NYSE:NIO,15 Dec 2025,$5.32,3,$6.36,6,0.79,$4.60,15.67%,,,,$4.37,-5.00%,-$2.68,-158.29%,$1.20,-73.87%,NIO,NYSE:NIO,-0.870,$7.35,-13.47%
NASDAQ:NIU,15 Dec 2025,$4.01,4,,5,,$2.05,95.67%,,,,,-100.00%,-$2.00,-197.56%,-$2.00,-197.56%,NIU,NASDAQ:NIU,-2.000,,
NYSE:NKE,26 Mar 2026,$81.79,5,$73.31,3,1.31,$39.09,87.54%,,,,$40.44,3.45%,$61.53,57.40%,$67.99,73.93%,NKE,NYSE:NKE,-0.618,$50.66,44.71%
NYSE:NLOP,7 Aug 2026,$11.85,3,,6,4.48,$11.42,3.77%,3.77%,$11.85,$46.00,$12.25,7.27%,$0.00,-100.00%,$0.00,-100.00%,NLOP,NYSE:NLOP,0.768,$46.00,
NASDAQ:NMFC,10 Jun 2024,$13.42,3,,,1.75,$7.47,79.65%,,,,$7.67,2.68%,$0.00,-100.00%,$0.00,-100.00%,NMFC,NASDAQ:NMFC,-0.381,$8.29,
NASDAQ:NMIH,6 Mar 2024,$30.63,3,,,0.81,$45.56,-32.76%,,,,$44.38,-2.59%,"-$16,055.37",-35340.06%,"-$16,053.14",-35335.16%,NMIH,NASDAQ:NMIH,-0.789,$49.17,
NYSE:NMM,5 Mar 2026,$85.02,4,,,0.87,$82.77,2.72%,,,,$79.92,-3.44%,$50.63,-38.83%,$154.04,86.10%,NMM,NYSE:NMM,-0.772,$92.75,
NYSE:NMR,15 Oct 2025,$6.87,3,,7,1.37,$9.81,-29.97%,,,,$9.78,-0.31%,"$4,893.88",49786.68%,"$5,205.32",52961.38%,NMR,NYSE:NMR,-0.538,$10.31,
NASDAQ:NNE,28 Oct 2025,$34.69,3,,,0.82,$19.59,77.08%,,,,$19.04,-2.81%,$0.00,-100.00%,$0.00,-100.00%,NNE,NASDAQ:NNE,-0.859,$42.17,
NYSE:NNN,16 Sep 2025,$49.73,5,$44.93,5,1.60,$46.16,-2.66%,,,,$46.04,-0.26%,$0.00,-100.00%,$0.00,-100.00%,NNN,NYSE:NNN,-0.429,$47.80,-6.00%
NYSE:NOA,23 Jul 2026,$16.74,4,$18.93,7,0.93,$13.93,20.15%,20.15%,$16.74,$27.13,$13.45,-3.45%,$0.00,-100.00%,$0.00,-100.00%,NOA,NYSE:NOA,-0.809,$27.13,-30.22%
NYSE:NOG,19 Sep 2025,$38.23,3,$30.29,2,1.51,$25.53,18.64%,,,,$24.36,-4.58%,$0.00,-100.00%,$0.00,-100.00%,NOG,NYSE:NOG,-0.511,$30.89,-1.94%
NYSE:NOK,28 Jan 2026,$6.27,3,$7.69,8,1.02,$10.78,-41.85%,,,,$10.30,-4.45%,$12.61,17.01%,$14.68,36.21%,NOK,NYSE:NOK,-0.768,$15.02,-48.80%
NYSE:NOMD,27 Apr 2026,$15.76,3,$12.80,5,1.26,$11.38,12.48%,,,,$11.42,0.35%,$0.00,-100.00%,$0.00,-100.00%,NOMD,NYSE:NOMD,-0.618,$13.64,-6.16%
NYSE:NOTE,13 Nov 2025,$4.93,3,$6.00,4,,,#DIV/0!,,,,,#DIV/0!,-$2.00,#DIV/0!,-$2.00,#DIV/0!,NOTE,NYSE:NOTE,-2.000,,
NYSE:NOV,21 Jul 2025,$17.42,3,$15.75,4,0.90,$21.60,-27.08%,,,,$20.47,-5.23%,$38.36,77.59%,$20.04,-7.24%,NOV,NYSE:NOV,-0.737,$22.18,-28.99%
NASDAQ:NOVT,30 Jan 2026,$158.93,3,$138.00,6,0.63,$168.75,-18.22%,,,,$161.06,-4.56%,$0.00,-100.00%,$0.00,-100.00%,NOVT,NASDAQ:NOVT,-0.888,$194.50,-29.05%
NASDAQ:NPCE,11 Dec 2025,$17.05,3,$18.40,5,0.80,$14.28,19.43%,,,,$13.94,-2.38%,$0.00,-100.00%,$0.00,-100.00%,NPCE,NASDAQ:NPCE,-0.869,$20.22,-9.00%
NYSE:NPO,29 Oct 2025,$196.10,1,$245.00,5,0.69,$346.33,-43.38%,,,,$325.81,-5.92%,$0.00,-100.00%,$0.00,-100.00%,NPO,NYSE:NPO,-0.857,$389.50,-37.10%
NYSE:NPWR,11 Nov 2025,$5.54,3,$4.00,3,0.81,$1.73,131.21%,,,,$1.52,-12.14%,$0.00,-100.00%,$0.00,-100.00%,NPWR,NYSE:NPWR,-0.862,$3.13,27.80%
NYSE:NRG,18 Sep 2025,$102.90,1,,,0.76,$122.37,-15.91%,,,,$116.80,-4.55%,$0.00,-100.00%,$0.00,-100.00%,NRG,NYSE:NRG,-0.883,$189.44,
NASDAQ:NRIM,27 May 2026,$24.39,3,,6,1.68,$26.89,-9.30%,,,,$27.12,0.86%,$0.00,-100.00%,$0.00,-100.00%,NRIM,NASDAQ:NRIM,-0.417,$30.50,
NYSE:NSA,19 Aug 2025,$45.71,3,$33.59,2,,,#DIV/0!,,,,,#DIV/0!,-$2.00,#DIV/0!,-$2.00,#DIV/0!,NSA,NYSE:NSA,-2.000,,
NYSE:NSC,31 May 2024,$224.71,3,,,0.99,$341.12,-34.13%,,,,$330.54,-3.10%,$303.67,-10.98%,$369.51,8.32%,NSC,NYSE:NSC,-0.709,$365.28,
NASDAQ:NSIT,11 Feb 2026,$144.78,3,$100.00,6,0.61,$149.31,-33.03%,,,,$149.67,0.24%,$0.00,-100.00%,$0.00,-100.00%,NSIT,NASDAQ:NSIT,-0.882,$163.75,-38.93%
NASDAQ:NTCT,19 Jan 2026,$29.00,3,$32.00,8,0.67,$39.14,-25.91%,,,,$38.47,-1.71%,$0.00,-100.00%,$0.00,-100.00%,NTCT,NASDAQ:NTCT,-0.862,$43.38,-26.23%
NASDAQ:NTGR,5 Feb 2026,$23.48,3,,,0.63,$22.61,3.84%,,,,$22.88,1.19%,$0.00,-100.00%,$0.00,-100.00%,NTGR,NASDAQ:NTGR,-0.940,$35.00,
NASDAQ:NTLA,20 Nov 2025,$23.74,3,$15.97,5,0.72,$12.09,32.09%,,,,$11.07,-8.44%,$0.00,-100.00%,$0.00,-100.00%,NTLA,NASDAQ:NTLA,-0.904,$23.94,-33.29%
NYSE:NU,21 Oct 2025,$17.44,3,$17.38,9,0.66,$14.74,17.91%,,,,$14.59,-1.02%,$0.00,-100.00%,$0.00,-100.00%,NU,NYSE:NU,-0.890,$17.98,-3.34%
NYSE:NUE,20 Aug 2024,$172.03,4,,,0.73,$272.68,-36.91%,,,,$262.35,-3.79%,$0.00,-100.00%,$0.00,-100.00%,NUE,NYSE:NUE,-0.819,$283.56,
NASDAQ:NVA,11 Dec 2025,$9.58,3,,7,,,#DIV/0!,,,,,#DIV/0!,-$2.00,#DIV/0!,-$2.00,#DIV/0!,NVA,NASDAQ:NVA,-2.000,,
NASDAQ:NVAX,23 Dec 2025,$9.60,3,$10.00,6,0.79,$8.07,18.98%,,,,$7.71,-4.46%,$0.00,-100.00%,$0.00,-100.00%,NVAX,NASDAQ:NVAX,-0.869,$14.00,-28.57%
NASDAQ:NVCR,11 Dec 2025,$13.87,3,$27.00,2,0.68,$17.53,-20.88%,,,,$16.25,-7.30%,$13.59,-22.48%,$14.18,-19.12%,NVCR,NASDAQ:NVCR,-0.920,$27.14,-0.52%
NASDAQ:NVDA,4 Jan 2026,$195.15,3,$262.79,8,1.04,$225.01,-13.27%,,,,$221.35,-1.63%,$343.53,52.67%,$346.08,53.80%,NVDA,NASDAQ:NVDA,-0.748,$302.83,-13.22%
NASDAQ:NVEC,19 Jan 2026,$71.83,4,,2,0.66,$121.09,-40.68%,,,,$113.85,-5.98%,$160.95,32.92%,$162.57,34.25%,NVEC,NASDAQ:NVEC,-0.764,$79.00,
NASDAQ:NVMI,24 Oct 2025,$305.31,3,$328.75,7,0.71,$420.79,-27.44%,,,,$399.46,-5.07%,$0.00,-100.00%,$0.00,-100.00%,NVMI,NASDAQ:NVMI,-0.877,$532.00,-38.20%
NYSE:NVO,20 Aug 2025,$67.89,3,$68.50,6,1.34,$44.88,51.28%,,,,$45.59,1.58%,$0.00,-100.00%,$0.00,-100.00%,NVO,NYSE:NVO,-0.549,$47.34,44.70%
NYSE:NVR,8 Jul 2024,"$6,194.00",2,,,0.55,"$6,298.83",-1.66%,,,,"$6,104.01",-3.09%,$0.00,-100.00%,$0.00,-100.00%,NVR,NYSE:NVR,-0.908,"$6,780.00",
NYSE:NVRI,31 May 2024,$10.35,3,,,0.76,$20.91,-50.53%,,,,$19.53,-6.60%,$0.00,-100.00%,$0.00,-100.00%,NVRI,NYSE:NVRI,-0.877,$28.67,
NYSE:NVST,20 Aug 2025,$24.25,4,$22.30,9,0.75,$27.64,-19.32%,,,,$27.36,-1.01%,$0.00,-100.00%,$0.00,-100.00%,NVST,NYSE:NVST,-0.823,$30.57,-27.05%
NYSE:NVT,19 Aug 2025,$88.41,3,,,0.71,$177.21,-50.11%,,,,$164.48,-7.18%,$0.00,-100.00%,$0.00,-100.00%,NVT,NYSE:NVT,-0.849,$202.13,
NASDAQ:NVTS,5 Feb 2026,$8.26,3,$8.00,5,0.55,$14.58,-45.13%,,,,$13.36,-8.37%,$15.87,8.83%,$16.81,15.32%,NVTS,NASDAQ:NVTS,-0.880,$14.07,-43.14%
NASDAQ:NVX,11 Dec 2025,$1.56,3,,4,,$0.44,254.55%,,,,,-100.00%,-$2.00,-554.55%,-$2.00,-554.55%,NVX,NASDAQ:NVX,-2.000,,
NASDAQ:NWBI,18 Mar 2026,$14.02,3,$13.00,7,1.71,$15.69,-17.14%,,,,$15.79,0.64%,$0.00,-100.00%,$0.00,-100.00%,NWBI,NASDAQ:NWBI,-0.387,$16.57,-21.54%
NYSE:NWG,27 May 2026,$16.57,3,$18.20,9,2.12,$19.04,-12.96%,,,,$19.21,0.89%,$0.00,-100.00%,$0.00,-100.00%,NWG,NYSE:NWG,-0.219,$21.54,-15.51%
NYSE:NWN,6 Feb 2026,$46.99,3,$53.50,7,1.42,$50.43,-6.82%,,,,$50.44,0.02%,$0.00,-100.00%,$0.00,-100.00%,NWN,NYSE:NWN,-0.534,$57.40,-6.79%
NYSE:NX,16 Aug 2025,$26.24,3,,1,1.31,$20.74,26.53%,,,,$20.57,-0.82%,$5.97,-71.20%,$32.19,55.21%,NX,NYSE:NX,-0.619,$27.25,
NYSE:NXE,24 Oct 2025,$8.68,3,,,0.77,$10.75,-19.26%,,,,$10.07,-6.33%,$0.00,-100.00%,$0.00,-100.00%,NXE,NYSE:NXE,-0.879,$19.38,
NASDAQ:NXPI,27 Jan 2026,$261.92,5,$258.76,9,1.33,$232.72,11.19%,,,,$229.57,-1.35%,$328.15,41.01%,$364.75,56.73%,NXPI,NASDAQ:NXPI,-0.617,$311.10,-16.82%
NYSE:NXRT,25 Aug 2025,$38.18,4,$36.33,3,1.40,$23.97,51.56%,,,,$24.39,1.75%,$0.00,-100.00%,$0.00,-100.00%,NXRT,NYSE:NXRT,-0.563,$29.60,22.74%
NASDAQ:NXTC,28 Oct 2025,$22.52,3,$20.00,,0.76,$7.71,159.40%,,,,$7.34,-4.80%,$0.00,-100.00%,$0.00,-100.00%,NXTC,NASDAQ:NXTC,-0.886,$22.50,-11.11%
NYSE:O,23 Sep 2025,$70.69,5,$62.00,9,1.79,$62.40,-0.64%,,,,$62.92,0.83%,$0.00,-100.00%,$0.00,-100.00%,O,NYSE:O,-0.357,$68.21,-9.10%
NYSE:OBK,10 Mar 2026,$48.92,3,$46.67,5,0.93,$53.66,-13.03%,,,,$53.47,-0.35%,$0.00,-100.00%,$0.00,-100.00%,OBK,NYSE:OBK,-0.739,$58.60,-20.36%
NASDAQ:OBT,2 Oct 2025,$34.16,3,$29.00,4,1.37,$38.72,-25.10%,,,,$38.77,0.13%,$0.00,-100.00%,$0.00,-100.00%,OBT,NASDAQ:OBT,-0.549,$43.00,-32.56%
NYSE:OC,30 Sep 2024,$164.18,3,,,0.88,$153.81,6.74%,,,,$150.95,-1.86%,$0.00,-100.00%,$0.00,-100.00%,OC,NYSE:OC,-0.774,$175.57,
NASDAQ:OCC,10 Feb 2026,$3.85,3,,3,,$17.12,-77.49%,,,,,-100.00%,-$2.00,-111.68%,-$2.00,-111.68%,OCC,NASDAQ:OCC,-2.000,,
NYSE:OFG,27 May 2026,$53.57,3,$47.00,7,1.48,$53.52,-12.18%,,,,$53.14,-0.71%,$0.00,-100.00%,$0.00,-100.00%,OFG,NYSE:OFG,-0.487,$56.50,-16.81%
NYSE:OGE,22 Jan 2026,$43.01,2,$46.14,7,1.85,$47.35,-9.16%,,,,$46.98,-0.78%,$20.28,-57.18%,$51.98,9.77%,OGE,NYSE:OGE,-0.325,$50.64,-8.89%
NYSE:OGS,19 Jun 2026,$79.20,3,$87.00,5,1.08,$79.98,-0.98%,,,,$79.73,-0.31%,$0.00,-100.00%,$0.00,-100.00%,OGS,NYSE:OGS,-0.681,$90.06,-3.40%
NYSE:OHI,23 Dec 2025,$49.04,5,$46.80,9,1.42,$46.57,0.49%,,,,$45.60,-2.08%,$75.20,61.49%,$93.28,100.31%,OHI,NYSE:OHI,-0.527,$51.94,-9.90%
NYSE:OI,26 Mar 2026,$12.61,4,$18.00,6,0.93,$6.62,90.56%,,,,$6.56,-0.91%,$2.37,-64.24%,$5.08,-23.27%,OI,NYSE:OI,-0.809,$9.72,85.19%
NYSE:OKE,29 Apr 2026,$98.03,4,$92.57,10,1.36,$95.32,-2.89%,,,,$92.55,-2.91%,$0.00,-100.00%,$0.00,-100.00%,OKE,NYSE:OKE,-0.532,$96.38,-3.95%
NASDAQ:OLED,24 Feb 2026,$147.14,3,$151.67,6,1.08,$86.64,69.83%,,,,$86.51,-0.15%,$110.10,27.08%,$121.23,39.92%,OLED,NASDAQ:OLED,-0.727,$115.37,31.46%
NASDAQ:OM,4 Dec 2025,$4.31,1,,1,0.76,$4.51,-4.43%,,,,$3.97,-11.97%,$0.00,-100.00%,$0.00,-100.00%,OM,NASDAQ:OM,-0.884,$7.67,
NASDAQ:OMAB,1 Jun 2026,$112.42,4,$134.00,6,2.03,$102.79,9.37%,,,,$103.82,1.00%,$162.68,58.26%,$183.23,78.26%,OMAB,NASDAQ:OMAB,-0.277,$123.90,8.15%
NASDAQ:ON,5 Feb 2026,$68.86,3,,,0.75,$83.38,-17.42%,,,,$79.46,-4.70%,$0.00,-100.00%,$0.00,-100.00%,ON,NASDAQ:ON,-0.870,$108.88,
NASDAQ:ONB,20 Mar 2026,$23.78,3,$27.78,4,1.20,$27.07,-12.14%,,,,$26.77,-1.11%,$0.00,-100.00%,$0.00,-100.00%,ONB,NASDAQ:ONB,-0.624,$29.82,-6.84%
NYSE:ONIT,26 Mar 2025,$40.67,4,$42.50,5,0.73,$38.25,6.33%,,,,$37.79,-1.20%,$0.00,-100.00%,$0.00,-100.00%,ONIT,NYSE:ONIT,-0.894,$52.50,-19.05%
NYSE:ONON,15 Aug 2025,$41.55,2,,,0.76,$31.31,32.70%,,,,$30.43,-2.81%,$0.00,-100.00%,$0.00,-100.00%,ONON,NYSE:ONON,-0.883,$52.34,
NYSE:ONTO,9 Feb 2026,$215.21,4,$201.67,8,0.66,$351.16,-42.57%,,,,$322.93,-8.04%,$0.00,-100.00%,$0.00,-100.00%,ONTO,NYSE:ONTO,-0.864,$387.30,-47.93%
NYSEAMERICAN:OPTT,13 Nov 2025,$0.44,1,$1.50,5,,$0.19,131.58%,,,,,-100.00%,-$2.00,-1152.63%,-$2.00,-1152.63%,OPTT,NYSEAMERICAN:OPTT,-2.000,,
NYSE:OPY,16 Jun 2026,$115.64,4,,9,0.87,$118.26,-2.22%,,,,$112.49,-4.88%,$205.70,73.94%,$265.18,124.24%,OPY,NYSE:OPY,-0.656,$37.00,
NYSE:ORI,28 Apr 2026,$42.27,3,$42.00,3,2.14,$42.51,-1.20%,,,,$42.97,1.08%,$0.00,-100.00%,$0.00,-100.00%,ORI,NYSE:ORI,-0.190,$43.50,-3.45%
NASDAQ:ORKA,23 Aug 2025,$26.17,3,,,1.82,$112.66,-76.77%,,,,$105.33,-6.51%,$0.00,-100.00%,$0.00,-100.00%,ORKA,NASDAQ:ORKA,-0.404,$153.75,
NASDAQ:ORRF,19 Nov 2025,$37.94,3,$40.50,8,0.90,$43.03,-11.83%,,,,$42.69,-0.79%,$0.00,-100.00%,$0.00,-100.00%,ORRF,NASDAQ:ORRF,-0.746,$45.75,-11.48%
NASDAQ:OSBC,28 Apr 2026,$22.52,3,$25.00,7,1.14,$25.83,-12.81%,,,,$25.47,-1.39%,$0.00,-100.00%,$0.00,-100.00%,OSBC,NASDAQ:OSBC,-0.641,$27.50,-9.09%
NASDAQ:OSIS,27 Jan 2026,$261.70,2,$287.33,6,0.70,$229.87,13.85%,,,,$220.72,-3.98%,$190.96,-16.93%,$230.11,0.10%,OSIS,NASDAQ:OSIS,-0.889,$298.14,-3.63%
NASDAQ:OSPN,10 Feb 2026,$17.74,3,,4,0.95,$15.93,11.35%,,,,$16.03,0.63%,$0.00,-100.00%,$0.00,-100.00%,OSPN,NASDAQ:OSPN,-0.740,$18.00,
NYSEAMERICAN:OSTX,23 Dec 2025,$1.60,1,$11.50,1,,$1.47,8.84%,,,,,-100.00%,-$2.00,-236.05%,-$2.00,-236.05%,OSTX,NYSEAMERICAN:OSTX,-2.000,,
NASDAQ:OSW,29 Nov 2024,$17.98,3,,,0.94,$26.73,-32.74%,,,,$26.26,-1.76%,$0.00,-100.00%,$0.00,-100.00%,OSW,NASDAQ:OSW,-0.752,$31.20,
NASDAQ:OTEX,19 Jan 2026,$32.75,3,$38.78,2,0.89,$23.93,36.85%,,,,$23.85,-0.33%,$0.00,-100.00%,$0.00,-100.00%,OTEX,NASDAQ:OTEX,-0.774,$27.95,38.75%
NYSE:OTIS,29 Oct 2025,$94.34,3,$105.25,6,1.04,$70.56,33.70%,,,,$71.02,0.65%,$75.61,7.15%,$82.49,16.91%,OTIS,NYSE:OTIS,-0.731,$88.83,18.48%
NASDAQ:OUST,5 Feb 2026,$21.62,3,$37.00,8,0.63,$48.13,-55.07%,,,,$44.39,-7.77%,$0.00,-100.00%,$0.00,-100.00%,OUST,NASDAQ:OUST,-0.896,$57.83,-36.02%
NYSE:OVV,18 Aug 2025,$55.37,3,,,1.30,$63.85,-13.29%,,,,$62.30,-2.43%,$0.00,-100.00%,$0.00,-100.00%,OVV,NYSE:OVV,-0.586,$73.09,
NASDAQ:OXSQ,19 Aug 2025,$2.97,4,$2.50,4,2.76,$1.42,76.06%,,,,$1.53,7.75%,$0.00,-100.00%,$0.00,-100.00%,OXSQ,NASDAQ:OXSQ,0.042,$1.75,42.86%
NYSE:OXY,2 Jul 2026,$55.97,4,$64.21,8,0.95,$59.04,-5.19%,,,,$57.06,-3.35%,$0.00,-100.00%,$0.00,-100.00%,OXY,NYSE:OXY,-0.738,$66.17,-2.96%
NASDAQ:OZK,2 Oct 2025,$49.29,3,$59.63,8,1.72,$51.11,-3.56%,,,,$52.23,2.19%,$0.00,-100.00%,$0.00,-100.00%,OZK,NASDAQ:OZK,-0.383,$54.67,9.07%
NYSE:PAC,13 Jun 2025,$210.00,3,$236.70,6,1.03,$205.69,2.10%,,,,$202.72,-1.44%,$280.53,36.39%,$362.51,76.24%,PAC,NYSE:PAC,-0.737,$263.34,-10.12%
NASDAQ:PACB,11 Dec 2025,$2.97,3,$2.30,5,0.92,$1.21,90.08%,,,,$1.10,-9.09%,$0.00,-100.00%,$0.00,-100.00%,PACB,NASDAQ:PACB,-0.813,$2.29,0.44%
NASDAQ:PANW,20 Aug 2025,$177.95,3,,,0.39,$375.76,-52.64%,,,,$366.58,-2.44%,$428.89,14.14%,$463.64,23.39%,PANW,NASDAQ:PANW,-0.941,$347.17,
NYSE:PAR,19 Aug 2025,$40.18,2,,,0.73,$18.55,116.58%,,,,$17.87,-3.67%,$0.00,-100.00%,$0.00,-100.00%,PAR,NYSE:PAR,-0.892,$25.31,
NASDAQ:PAX,13 Nov 2025,$16.56,3,$16.00,6,1.73,$11.42,40.11%,,,,$11.41,-0.09%,$21.27,86.23%,$7.56,-33.78%,PAX,NASDAQ:PAX,-0.446,$15.57,2.76%
NYSE:PAYC,26 Mar 2026,$152.82,3,$150.36,7,0.50,$214.19,-29.80%,,,,$210.08,-1.92%,$0.00,-100.00%,$0.00,-100.00%,PAYC,NYSE:PAYC,-0.901,$203.81,-26.23%
NASDAQ:PAYO,3 Sep 2025,$7.80,3,$10.50,7,0.63,$7.13,9.34%,,,,$6.94,-2.66%,$0.00,-100.00%,$0.00,-100.00%,PAYO,NASDAQ:PAYO,-0.860,$7.40,41.89%
NASDAQ:PAYS,11 Feb 2026,$3.74,3,$9.00,7,0.59,$13.00,-71.24%,,,,$12.59,-3.15%,$0.00,-100.00%,$0.00,-100.00%,PAYS,NASDAQ:PAYS,-0.873,$13.10,-31.30%
NASDAQ:PAYX,19 Aug 2025,$129.02,2,,,1.30,$118.54,8.84%,,,,$121.47,2.47%,$174.59,47.28%,$191.99,61.96%,PAYX,NASDAQ:PAYX,-0.543,$111.00,
NYSE:PB,19 Nov 2025,$75.08,4,$78.17,7,1.63,$74.48,0.81%,,,,$74.48,0.00%,-$133.52,-279.27%,-$128.08,-271.96%,PB,NYSE:PB,-0.429,$81.38,-3.94%
NYSE:PBA,16 Sep 2025,$40.71,4,$41.47,8,1.50,$48.66,-16.34%,,,,$49.06,0.82%,$0.00,-100.00%,$0.00,-100.00%,PBA,NYSE:PBA,-0.461,$47.53,-12.75%
NYSE:PBI,19 Aug 2025,$11.44,3,$11.50,7,1.35,$16.02,-28.58%,,,,$16.31,1.81%,$32.78,104.61%,$42.01,162.21%,PBI,NYSE:PBI,-0.581,$19.56,-41.21%
NYSE:PBR,14 Aug 2026,$18.64,4,$23.03,8,1.08,$18.25,2.14%,2.14%,$18.64,$23.03,$17.63,-3.40%,$0.00,-100.00%,$0.00,-100.00%,PBR,NYSE:PBR,-0.698,$22.01,4.63%
NYSE:PBR.A,30 Jun 2026,$17.20,5,,,1.68,$16.34,5.26%,,,,$15.95,-2.39%,$31.44,92.43%,$56.08,243.19%,PBR.A,NYSE:PBR.A,-0.458,$21.54,
NYSE:PCG,14 Jul 2026,$19.14,4,$23.57,4,1.15,$17.50,9.36%,,,,$17.20,-1.71%,-$26.92,-253.84%,-$11.25,-164.27%,PCG,NYSE:PCG,-0.691,$22.78,3.47%
NYSE:PCOR,27 Jan 2026,$68.73,3,$87.91,7,0.50,$58.38,17.73%,,,,$56.52,-3.19%,$75.28,28.94%,$82.80,41.83%,PCOR,NYSE:PCOR,-0.951,$68.55,28.24%
NASDAQ:PDD,20 Aug 2025,$133.52,3,$124.92,5,0.76,$86.94,43.69%,,,,$81.53,-6.22%,$204.33,135.03%,$204.50,135.22%,PDD,NASDAQ:PDD,-0.872,$116.66,7.08%
NASDAQ:PDFS,27 Jan 2026,$35.52,3,$34.75,7,0.60,$52.80,-34.19%,,,,$48.18,-8.75%,$0.00,-100.00%,$0.00,-100.00%,PDFS,NASDAQ:PDFS,-0.905,$61.67,-43.65%
NYSE:PDM,14 Jul 2025,$11.58,4,$8.50,6,1.51,$9.36,-9.19%,,,,$9.45,0.96%,-$0.75,-108.03%,$13.12,40.17%,PDM,NYSE:PDM,-0.490,$10.50,-19.05%
NYSE:PEB,23 Dec 2025,$17.33,3,$12.00,7,0.95,$18.14,-33.85%,,,,$17.85,-1.60%,$29.88,64.70%,$53.99,197.62%,PEB,NYSE:PEB,-0.716,$18.68,-35.76%
NASDAQ:PEBO,16 Jan 2026,$32.08,3,$33.17,10,1.52,$41.07,-21.88%,,,,$41.18,0.27%,$0.00,-100.00%,$0.00,-100.00%,PEBO,NASDAQ:PEBO,-0.468,$43.00,-22.86%
NASDAQ:PEGA,11 Feb 2026,$49.55,5,$72.00,9,0.64,$31.88,55.42%,,,,$30.96,-2.89%,$54.61,71.30%,$53.47,67.73%,PEGA,NASDAQ:PEGA,-0.925,$43.00,67.44%
NYSE:PEN,11 Dec 2025,$225.97,1,$307.92,10,0.50,$327.17,-30.93%,,,,$315.02,-3.71%,$436.76,33.50%,$444.83,35.96%,PEN,NYSE:PEN,-0.935,$361.83,-14.90%
NASDAQ:PFBC,27 May 2026,$99.21,3,$107.50,5,1.68,$107.47,-7.69%,,,,$107.60,0.12%,$0.00,-100.00%,$0.00,-100.00%,PFBC,NASDAQ:PFBC,-0.396,$111.50,-3.59%
NYSE:PFE,26 Mar 2026,$30.96,5,$29.07,6,1.56,$26.87,8.19%,,,,$26.43,-1.64%,$0.00,-100.00%,$0.00,-100.00%,PFE,NYSE:PFE,-0.453,$28.61,1.61%
NYSE:PFGC,4 Sep 2025,$88.60,1,,,0.67,$104.68,-15.36%,,,,$100.63,-3.87%,$0.00,-100.00%,$0.00,-100.00%,PFGC,NYSE:PFGC,-0.875,$123.31,
NASDAQ:PFIS,19 Mar 2026,$59.16,3,$56.00,6,1.23,$71.41,-21.58%,,,,$70.66,-1.05%,$0.00,-100.00%,$0.00,-100.00%,PFIS,NASDAQ:PFIS,-0.595,$73.50,-23.81%
NYSE:PFLT,20 Feb 2026,$9.26,3,$10.25,8,2.08,$7.36,25.82%,,,,$7.41,0.68%,$0.00,-100.00%,$0.00,-100.00%,PFLT,NYSE:PFLT,-0.286,$9.92,3.33%
NYSE:PFS,18 Nov 2025,$20.08,3,$22.00,3,1.78,$24.57,-18.27%,,,,$24.69,0.49%,$0.00,-100.00%,$0.00,-100.00%,PFS,NYSE:PFS,-0.372,$27.92,-21.20%
NASDAQ:PFSA,11 Dec 2025,$0.26,3,,,,$4.53,-94.16%,,,,,-100.00%,-$2.00,-144.15%,-$2.00,-144.15%,PFSA,NASDAQ:PFSA,-2.000,,
NYSE:PFSI,4 Oct 2024,$102.39,3,,,0.78,$76.31,34.18%,,,,$76.15,-0.21%,$0.00,-100.00%,$0.00,-100.00%,PFSI,NYSE:PFSI,-0.829,$90.57,
NASDAQ:PGEN,23 Dec 2025,$3.53,3,$9.00,7,0.76,$6.55,-46.05%,,,,$5.92,-9.62%,$0.00,-100.00%,$0.00,-100.00%,PGEN,NASDAQ:PGEN,-0.884,$14.50,-37.93%
NYSE:PGR,18 Sep 2025,$210.79,1,,,1.43,$203.84,3.41%,,,,$206.77,1.44%,$0.00,-100.00%,$0.00,-100.00%,PGR,NYSE:PGR,-0.526,$229.78,
NYSE:PH,3 Jul 2024,$534.00,1,$759.92,6,0.60,"$1,053.76",-49.32%,,,,"$1,021.57",-3.05%,$0.00,-100.00%,$0.00,-100.00%,PH,NYSE:PH,-0.891,"$1,160.95",-34.54%
NYSE:PHG,11 Dec 2025,$35.54,3,,7,1.50,$26.82,32.52%,,,,$27.22,1.49%,$24.94,-7.02%,$46.66,73.98%,PHG,NYSE:PHG,-0.512,$32.21,
NYSE:PHM,31 Mar 2026,$124.03,4,$141.83,3,0.95,$128.49,-3.47%,,,,$127.58,-0.71%,$203.74,58.56%,$149.36,16.24%,PHM,NYSE:PHM,-0.730,$140.62,0.86%
NASDAQ:PI,27 Jan 2026,$144.68,2,$240.50,8,0.43,$171.71,-15.74%,,,,$163.49,-4.79%,$222.76,29.73%,$230.71,34.36%,PI,NASDAQ:PI,-0.946,$176.00,36.65%
NYSE:PIPR,29 Jun 2026,$77.12,3,$97.00,3,1.10,$75.24,2.50%,,,,$75.64,0.53%,$0.00,-100.00%,$0.00,-100.00%,PIPR,NYSE:PIPR,-0.677,$87.12,11.34%
NYSE:PKST,14 Jan 2026,$15.34,4,$17.00,6,,,#DIV/0!,,,,,#DIV/0!,-$2.00,#DIV/0!,-$2.00,#DIV/0!,PKST,NYSE:PKST,-2.000,,
NYSE:PL,7 Jul 2025,$5.02,3,,,0.64,$24.38,-79.41%,,,,$23.34,-4.27%,$26.39,8.26%,$25.09,2.91%,PL,NYSE:PL,-0.937,$40.10,
NASDAQ:PLAB,1 May 2026,$41.22,2,$47.00,6,0.87,$33.60,22.67%,,,,$32.17,-4.26%,$44.52,32.49%,$67.09,99.67%,PLAB,NASDAQ:PLAB,-0.803,$42.33,11.03%
NASDAQ:PLMR,16 Sep 2025,$107.46,3,,,0.69,$123.92,-13.28%,,,,$123.64,-0.23%,$0.00,-100.00%,$0.00,-100.00%,PLMR,NASDAQ:PLMR,-0.899,$163.17,
NYSE:PLNT,4 Sep 2025,$92.00,1,,,0.79,$50.63,81.70%,,,,$48.00,-5.19%,$0.00,-100.00%,$0.00,-100.00%,PLNT,NYSE:PLNT,-0.856,$67.25,
NYSE:PLOW,20 Sep 2024,$36.15,4,,,1.13,$41.98,-13.89%,,,,$41.07,-2.17%,$0.00,-100.00%,$0.00,-100.00%,PLOW,NYSE:PLOW,-0.693,$54.00,
NASDAQ:PLTR,14 Aug 2025,$120.98,1,,,0.57,$172.55,-29.89%,,,,$168.66,-2.25%,$0.00,-100.00%,$0.00,-100.00%,PLTR,NASDAQ:PLTR,-0.903,$191.68,
NASDAQ:PLUS,27 Oct 2025,$88.78,3,,6,0.76,$86.78,2.31%,,,,$85.77,-1.16%,$0.00,-100.00%,$0.00,-100.00%,PLUS,NASDAQ:PLUS,-0.859,$111.00,
NASDAQ:PLXS,27 Jan 2026,$181.83,3,,,0.59,$274.20,-33.69%,,,,$254.00,-7.37%,$360.28,31.39%,$407.94,48.78%,PLXS,NASDAQ:PLXS,-0.897,$305.75,
NYSE:PM,25 Aug 2025,$144.36,2,,,1.77,$184.52,-21.76%,,,,$188.26,2.03%,$334.47,81.26%,$356.00,92.93%,PM,NYSE:PM,-0.370,$203.80,
NASDAQ:PMTS,26 Aug 2025,$22.24,3,,,0.67,$28.70,-22.51%,,,,$27.30,-4.88%,$0.00,-100.00%,$0.00,-100.00%,PMTS,NASDAQ:PMTS,-0.865,$32.50,
NYSE:PNC,19 Nov 2025,$182.16,3,$223.09,8,1.04,$254.55,-28.44%,,,,$252.21,-0.92%,$0.00,-100.00%,$0.00,-100.00%,PNC,NYSE:PNC,-0.693,$277.73,-19.67%
NASDAQ:PNFP,28 Jul 2025,$101.11,3,$121.91,7,,$107.35,-5.81%,,,,,-100.00%,-$2.00,-101.86%,-$2.00,-101.86%,PNFP,NYSE:PNFP,-2.000,,
NYSE:PNNT,13 Aug 2026,,1,$3.82,6,2.69,$3.63,5.23%,5.23%,$3.82,$4.75,$3.76,3.58%,$0.00,-100.00%,$0.00,-100.00%,PNNT,NYSE:PNNT,-0.007,$4.75,-19.58%
NYSE:PNR,11 Nov 2025,$102.58,2,$124.75,7,1.02,$64.10,60.03%,,,,$64.65,0.86%,$254.07,296.37%,$260.94,307.08%,PNR,NYSE:PNR,-0.725,$76.64,62.77%
NASDAQ:PODD,11 Dec 2025,$276.82,2,$381.12,9,0.77,$139.70,98.15%,,,,$139.86,0.11%,$0.00,-100.00%,$0.00,-100.00%,PODD,NASDAQ:PODD,-0.844,$171.91,121.70%
NASDAQ:POET,5 Feb 2026,$6.44,3,,7,0.70,$9.40,-31.48%,,,,$8.64,-8.09%,$0.00,-100.00%,$0.00,-100.00%,POET,NASDAQ:POET,-0.909,$17.50,
NASDAQ:POOL,23 Aug 2025,$310.70,3,,,1.09,$190.47,63.12%,,,,$192.53,1.08%,$305.78,60.54%,$322.72,69.43%,POOL,NASDAQ:POOL,-0.682,$220.36,
NYSE:POR,6 Feb 2026,$50.85,4,$49.60,7,1.82,$50.87,-2.50%,,,,$50.33,-1.06%,$0.00,-100.00%,$0.00,-100.00%,POR,NYSE:POR,-0.336,$53.05,-6.50%
NYSE:POST,2 Apr 2026,$109.06,5,$128.50,2,0.81,$79.35,37.44%,,,,$77.78,-1.98%,$0.00,-100.00%,$0.00,-100.00%,POST,NYSE:POST,-0.848,$105.17,22.18%
NASDAQ:POWI,5 Feb 2026,$72.10,3,$52.50,5,0.65,$62.10,-15.46%,,,,$59.49,-4.20%,$0.00,-100.00%,$0.00,-100.00%,POWI,NASDAQ:POWI,-0.900,$77.50,-32.26%
NASDAQ:PPC,19 Aug 2025,$43.27,2,,,1.12,$28.77,50.38%,,,,$27.24,-5.32%,$35.23,22.44%,$69.13,140.28%,PPC,NASDAQ:PPC,-0.672,$33.19,
NASDAQ:PPIH,20 Apr 2026,$30.77,3,,7,0.56,$26.61,15.63%,,,,$25.57,-3.91%,$51.72,94.36%,$64.00,140.53%,PPIH,NASDAQ:PPIH,-0.931,$32.00,
NYSE:PR,11 Nov 2025,$15.75,5,$18.13,3,1.27,$22.18,-28.99%,,,,$21.08,-4.96%,$0.00,-100.00%,$0.00,-100.00%,PR,NYSE:PR,-0.602,$25.58,-29.12%
NYSE:PRA,11 Dec 2025,$26.77,3,,3,,,#DIV/0!,,,,,#DIV/0!,-$2.00,#DIV/0!,-$2.00,#DIV/0!,PRA,NYSE:PRA,-2.000,,
NASDAQ:PRCH,29 Jan 2026,$6.54,3,$18.17,8,0.60,$16.76,-60.97%,,,,$16.44,-1.91%,$19.37,15.56%,$19.88,18.62%,PRCH,NASDAQ:PRCH,-0.905,$19.75,-8.00%
NASDAQ:PRCT,11 Dec 2025,$43.52,3,$50.71,5,0.58,$21.09,106.35%,,,,$20.84,-1.19%,$0.00,-100.00%,$0.00,-100.00%,PRCT,NASDAQ:PRCT,-0.881,$21.64,134.33%
NASDAQ:PRDO,28 Apr 2026,$43.66,5,$42.00,8,0.91,$32.04,31.09%,,,,$30.76,-4.00%,$0.00,-100.00%,$0.00,-100.00%,PRDO,NASDAQ:PRDO,-0.814,$44.00,-4.55%
NASDAQ:PRGS,22 Jan 2026,$57.12,3,$59.75,7,1.05,$42.86,33.26%,,,,$43.08,0.51%,$93.25,117.58%,$138.42,222.96%,PRGS,NASDAQ:PRGS,-0.722,$53.80,11.06%
NYSE:PRIM,23 Aug 2024,$53.96,3,,,0.80,$83.05,-35.03%,,,,$78.64,-5.31%,$0.00,-100.00%,$0.00,-100.00%,PRIM,NYSE:PRIM,-0.868,$119.79,
NYSEAMERICAN:PRK,7 Oct 2025,$164.00,1,,,,$205.53,-20.21%,,,,,-100.00%,-$2.00,-100.97%,-$2.00,-100.97%,PRK,NYSEAMERICAN:PRK,-2.000,,
NASDAQ:PROK,10 Jul 2025,$2.60,,$4.50,7,0.69,$1.40,85.71%,,,,$1.26,-10.00%,-$0.29,-121.04%,-$0.23,-116.09%,PROK,NASDAQ:PROK,-0.917,$6.25,-28.00%
NASDAQ:PRSO,29 Jan 2026,$1.15,4,$3.00,,,$0.67,71.30%,,,,,-100.00%,-$2.00,-398.51%,-$2.00,-398.51%,PRSO,NASDAQ:PRSO,-2.000,,
NASDAQ:PRTH,10 Feb 2026,$10.32,3,$13.00,1,0.79,$5.34,93.28%,,,,$5.32,-0.37%,$0.00,-100.00%,$0.00,-100.00%,PRTH,NASDAQ:PRTH,-0.872,$9.10,42.86%
NASDAQ:PSIX,28 Apr 2026,$74.87,3,$109.00,9,0.78,$39.50,89.55%,,,,$39.06,-1.11%,$0.00,-100.00%,$0.00,-100.00%,PSIX,NASDAQ:PSIX,-0.878,$69.79,56.18%
NYSE:PSN,16 Feb 2026,$83.99,5,$81.64,7,0.69,$45.76,78.41%,,,,$45.60,-0.35%,$51.20,11.89%,$73.24,60.05%,PSN,NYSE:PSN,-0.888,$58.55,39.44%
NASDAQ:PSNY,29 Nov 2024,$1.30,3,,,0.67,$13.93,-90.67%,,,,$13.17,-5.46%,$0.00,-100.00%,$0.00,-100.00%,PSNY,NASDAQ:PSNY,-0.892,$17.50,
NYSE:PSTG,19 Aug 2025,$64.73,3,,,,,#DIV/0!,,,,,#DIV/0!,-$2.00,#DIV/0!,-$2.00,#DIV/0!,PSTG,NYSE:PSTG,-2.000,,
NYSE:PSX,26 Jun 2026,$162.80,2,$194.00,7,0.86,$240.55,-32.32%,,,,$226.40,-5.88%,$0.00,-100.00%,$0.00,-100.00%,PSX,NYSE:PSX,-0.734,$219.84,-11.75%
NASDAQ:PTC,19 Jan 2026,$176.72,3,$218.00,6,0.65,$145.98,21.05%,,,,$145.47,-0.35%,$0.00,-100.00%,$0.00,-100.00%,PTC,NASDAQ:PTC,-0.888,$173.35,25.76%
NASDAQ:PTEN,21 Jul 2025,$10.35,3,$8.03,2,1.53,$12.22,-34.29%,,,,$10.98,-10.15%,$23.25,90.28%,$27.34,123.69%,PTEN,NASDAQ:PTEN,-0.475,$13.43,-40.21%
NASDAQ:PTLO,14 Jan 2026,$9.61,3,$6.30,3,0.64,$4.97,26.76%,,,,$4.84,-2.62%,$0.00,-100.00%,$0.00,-100.00%,PTLO,NASDAQ:PTLO,-0.903,$6.22,1.29%
NASDAQ:PUBM,29 Jan 2026,$11.75,3,$12.92,7,0.61,$17.27,-31.94%,,,,$16.80,-2.72%,$0.00,-100.00%,$0.00,-100.00%,PUBM,NASDAQ:PUBM,-0.900,$20.30,-36.35%
NYSE:PWR,23 Aug 2025,$272.00,1,,,0.73,$722.31,-62.34%,,,,$658.59,-8.82%,$741.45,2.65%,$707.55,-2.04%,PWR,NYSE:PWR,-0.824,$770.04,
NASDAQ:PZZA,18 Sep 2025,$56.89,4,$48.40,9,1.28,$23.23,108.35%,,,,$23.87,2.76%,$0.00,-100.00%,$0.00,-100.00%,PZZA,NASDAQ:PZZA,-0.618,$28.67,68.82%
NYSE:Q,9 Feb 2026,$106.61,3,,,0.67,$140.76,-24.26%,,,,$136.03,-3.36%,$0.00,-100.00%,$0.00,-100.00%,Q,NYSE:Q,-0.895,$176.75,
NASDAQ:QCOM,27 Jan 2026,$171.89,4,$193.33,6,1.18,$162.18,5.99%,,,,$161.81,-0.23%,$188.13,16.00%,$206.51,27.34%,QCOM,NASDAQ:QCOM,-0.653,$194.77,-0.74%
NASDAQ:QCRH,28 Apr 2026,$93.80,3,$102.67,9,0.75,$104.84,-10.53%,,,,$104.05,-0.75%,$0.00,-100.00%,$0.00,-100.00%,QCRH,NASDAQ:QCRH,-0.814,$111.20,-7.67%
NASDAQ:QDEL,11 Dec 2025,$47.57,3,$27.75,6,0.63,$14.58,90.33%,,,,$13.79,-5.42%,$0.00,-100.00%,$0.00,-100.00%,QDEL,NASDAQ:QDEL,-0.853,$14.67,89.16%
NASDAQ:QFIN,9 Sep 2025,$29.99,3,$48.39,5,1.18,$11.94,151.16%,,,,$11.97,0.25%,$0.00,-100.00%,$0.00,-100.00%,QFIN,NASDAQ:QFIN,-0.700,$21.75,122.48%
NASDAQ:QLYS,10 Feb 2026,$147.47,5,$136.87,5,0.50,$183.31,-25.33%,,,,$180.45,-1.56%,$0.00,-100.00%,$0.00,-100.00%,QLYS,NASDAQ:QLYS,-0.897,$171.74,-20.30%
NASDAQ:QRVO,19 Jan 2026,$81.21,3,$100.08,6,0.53,$96.04,-15.44%,,,,$93.66,-2.48%,$157.99,64.50%,$189.52,97.33%,QRVO,NASDAQ:QRVO,-0.885,$90.77,10.26%
NASDAQ:QSI,11 Dec 2025,$1.94,3,$2.83,2,0.77,$0.74,162.74%,,,,$0.69,-6.76%,$0.00,-100.00%,$0.00,-100.00%,QSI,NASDAQ:QSI,-0.878,$2.50,13.20%
NYSE:QSR,4 Mar 2026,$71.96,3,$79.11,9,1.41,$77.16,-6.74%,,,,$76.49,-0.87%,$0.00,-100.00%,$0.00,-100.00%,QSR,NYSE:QSR,-0.532,$85.65,-7.64%
NASDAQ:QTRX,16 Dec 2025,$12.46,3,$6.00,5,0.72,$2.92,105.48%,,,,$2.48,-15.07%,$0.00,-100.00%,$0.00,-100.00%,QTRX,NASDAQ:QTRX,-0.846,$3.33,80.18%
NYSE:QUAD,19 Jun 2026,$7.33,3,$9.93,9,1.50,$10.12,-27.57%,,,,$9.71,-4.05%,$29.47,191.21%,$54.21,435.64%,QUAD,NYSE:QUAD,-0.535,$13.17,-24.60%
NASDAQ:QUIK,5 Feb 2026,$6.78,3,,,0.82,$12.63,-46.34%,,,,$12.33,-2.38%,$0.00,-100.00%,$0.00,-100.00%,QUIK,NASDAQ:QUIK,-0.859,$23.00,
NYSE:QXO,19 Aug 2025,$30.22,3,$31.06,10,0.84,$13.98,116.15%,,,,$13.87,-0.79%,$0.00,-100.00%,$0.00,-100.00%,QXO,NYSE:QXO,-0.850,$29.29,6.04%
NYSE:RACE,15 Dec 2025,$403.82,3,$465.44,6,1.26,$417.10,-3.18%,,,,$410.10,-1.68%,$519.20,24.48%,$580.50,39.18%,RACE,NYSE:RACE,-0.597,$459.11,1.38%
NASDAQ:RAIL,28 Apr 2026,$11.16,4,,,0.80,$7.42,50.46%,,,,$7.10,-4.31%,$0.00,-100.00%,$0.00,-100.00%,RAIL,NASDAQ:RAIL,-0.869,$14.67,
NYSE:RAMP,23 Jan 2026,$30.65,5,$42.20,7,0.59,$37.68,-18.67%,,,,$36.79,-2.36%,$0.00,-100.00%,$0.00,-100.00%,RAMP,NYSE:RAMP,-0.886,$40.58,3.99%
NASDAQ:RBB,1 Jun 2026,$24.58,3,$24.00,4,1.75,$27.32,-12.15%,,,,$27.41,0.33%,$0.00,-100.00%,$0.00,-100.00%,RBB,NASDAQ:RBB,-0.366,$28.50,-15.79%
NYSE:RBC,23 Aug 2025,$337.00,1,,,0.72,$557.62,-39.56%,,,,$538.00,-3.52%,$0.00,-100.00%,$0.00,-100.00%,RBC,NYSE:RBC,-0.842,$632.29,
NASDAQ:RBCAA,20 Oct 2025,$70.90,3,,,1.19,$96.76,-26.73%,,,,$97.01,0.26%,$0.00,-100.00%,$0.00,-100.00%,RBCAA,NASDAQ:RBCAA,-0.605,$98.00,
NYSE:RBLX,2 Jan 2026,$67.48,2,,,0.76,$37.93,77.91%,,,,$37.04,-2.35%,$0.00,-100.00%,$0.00,-100.00%,RBLX,NYSE:RBLX,-0.862,$49.44,
NYSE:RBOT,16 Dec 2025,$3.89,3,,,,,#DIV/0!,,,,,#DIV/0!,-$2.00,#DIV/0!,-$2.00,#DIV/0!,RBOT,NYSE:RBOT,-2.000,,
NYSE:RBRK,20 Aug 2025,$54.72,2,,,0.50,$101.02,-45.83%,,,,$98.46,-2.53%,$99.68,-1.32%,$102.70,1.67%,RBRK,NYSE:RBRK,-0.902,$96.07,
NYSE:RC,1 Sep 2025,$5.36,3,$4.15,4,1.13,$1.70,144.12%,,,,$1.74,2.35%,$0.00,-100.00%,$0.00,-100.00%,RC,NYSE:RC,-0.646,$1.80,130.56%
NASDAQ:RCEL,4 Dec 2025,$9.25,3,$8.38,1,0.62,$7.90,6.08%,,,,$7.45,-5.70%,$0.00,-100.00%,$0.00,-100.00%,RCEL,NASDAQ:RCEL,-0.891,$9.05,-7.40%
NASDAQ:RCKY,16 Apr 2026,$43.95,3,$53.00,8,1.03,$46.68,-5.84%,,,,$46.53,-0.32%,$0.00,-100.00%,$0.00,-100.00%,RCKY,NASDAQ:RCKY,-0.720,$56.00,-5.36%
NYSE:RCL,8 Apr 2026,$279.75,3,$368.93,4,0.82,$301.79,-7.30%,,,,$299.35,-0.81%,$313.09,3.74%,$392.34,30.00%,RCL,NYSE:RCL,-0.802,$346.92,6.34%
NYSE:RDN,23 Jun 2026,$35.58,4,$45.33,8,1.73,$37.05,-3.98%,,,,$36.93,-0.32%,$0.00,-100.00%,$0.00,-100.00%,RDN,NYSE:RDN,-0.404,$43.80,3.49%
NYSE:RDW,21 Jul 2025,$13.29,2,,,0.67,$13.41,-0.92%,,,,$12.86,-4.10%,$0.00,-100.00%,$0.00,-100.00%,RDW,NYSE:RDW,-0.854,$14.56,
NASDAQ:REG,21 Jul 2025,$72.09,1,,,1.42,$76.37,-5.60%,,,,$76.42,0.07%,$0.00,-100.00%,$0.00,-100.00%,REG,NASDAQ:REG,-0.534,$86.61,
NYSEAMERICAN:REI,20 Aug 2025,$1.08,,$2.99,3,,$1.40,-22.86%,,,,,-100.00%,-$2.00,-242.86%,-$2.00,-242.86%,REI,NYSEAMERICAN:REI,-2.000,,
NASDAQ:REKR,9 Feb 2026,$1.09,3,$4.00,4,0.74,$0.65,67.14%,,,,$0.67,3.08%,$0.00,-100.00%,$0.00,-100.00%,REKR,NASDAQ:REKR,-0.893,$2.50,60.00%
NYSE:RELX,19 Aug 2025,$47.40,3,,,0.98,$33.56,41.24%,,,,$33.69,0.39%,$0.00,-100.00%,$0.00,-100.00%,RELX,NYSE:RELX,-0.787,$53.05,
NASDAQ:RELY,29 Jan 2026,$17.63,3,$20.20,4,0.65,$26.30,-32.95%,,,,$25.05,-4.75%,$0.00,-100.00%,$0.00,-100.00%,RELY,NASDAQ:RELY,-0.894,$32.22,-37.31%
NYSEAMERICAN:REPX,12 Feb 2026,,,$36.00,7,,$37.10,-2.96%,,,,,-100.00%,-$2.00,-105.39%,-$2.00,-105.39%,REPX,NYSEAMERICAN:REPX,-2.000,,
NYSE:RES,30 Dec 2025,$6.58,4,$5.50,5,1.25,$6.57,-16.29%,,,,$6.27,-4.57%,$7.53,14.63%,$14.81,125.45%,RES,NYSE:RES,-0.572,$6.40,-14.06%
NYSE:REVG,24 Oct 2024,$28.28,3,,,,,#DIV/0!,,,,,#DIV/0!,-$2.00,#DIV/0!,-$2.00,#DIV/0!,REVG,NYSE:REVG,-2.000,,
NASDAQ:REYN,28 Apr 2026,$27.91,5,$24.00,6,1.39,$25.91,-7.37%,,,,$26.05,0.54%,$0.00,-100.00%,$0.00,-100.00%,REYN,NASDAQ:REYN,-0.525,$27.14,-11.57%
NYSE:REZI,17 Aug 2025,$32.83,3,$32.00,9,0.68,$20.64,55.04%,,,,$19.45,-5.77%,$0.00,-100.00%,$0.00,-100.00%,REZI,NYSE:REZI,-0.918,$34.25,-6.57%
NYSE:RF,1 Jun 2026,$29.85,3,$30.31,3,1.41,$31.70,-5.83%,,,,$31.47,-0.73%,$0.00,-100.00%,$0.00,-100.00%,RF,NYSE:RF,-0.514,$32.93,-7.96%
NASDAQ:RGLD,16 Aug 2025,$142.50,1,,,0.70,$236.62,-39.78%,,,,$220.41,-6.85%,$0.00,-100.00%,$0.00,-100.00%,RGLD,NASDAQ:RGLD,-0.883,$302.67,
NASDAQ:RGNX,23 Dec 2025,$16.55,3,$28.57,9,0.79,$11.33,46.04%,,,,$10.08,-11.03%,$0.00,-100.00%,$0.00,-100.00%,RGNX,NASDAQ:RGNX,-0.873,$24.55,16.37%
NASDAQ:RGTI,28 Jul 2025,$11.56,2,,,0.75,$18.67,-38.07%,,,,$17.88,-4.23%,$0.00,-100.00%,$0.00,-100.00%,RGTI,NASDAQ:RGTI,-0.889,$28.81,
NYSE:RH,31 Jul 2024,$352.46,3,,,0.46,$175.90,100.37%,,,,$172.79,-1.77%,-$49.42,-128.10%,$53.67,-69.49%,RH,NYSE:RH,-0.930,$177.18,
NYSE:RHI,15 Dec 2025,$46.27,3,$29.57,5,1.44,$42.47,-30.37%,,,,$42.65,0.42%,$0.00,-100.00%,$0.00,-100.00%,RHI,NYSE:RHI,-0.454,$35.00,-15.51%
NYSE:RIO,18 Aug 2025,$75.60,5,$64.00,8,1.52,$97.21,-34.16%,,,,$95.34,-1.92%,$0.00,-100.00%,$0.00,-100.00%,RIO,NYSE:RIO,-0.476,$105.85,-39.54%
NYSE:RITM,12 Aug 2025,$14.18,4,$14.06,8,1.82,$10.26,37.04%,,,,$10.37,1.07%,$0.00,-100.00%,$0.00,-100.00%,RITM,NYSE:RITM,-0.388,$13.20,6.52%
NASDAQ:RIVN,15 Dec 2025,$17.90,3,$20.62,6,0.67,$14.87,20.40%,,,,$14.87,0.00%,$0.00,-100.00%,$0.00,-100.00%,RIVN,NASDAQ:RIVN,-0.901,$19.23,7.23%
NYSE:RJF,18 Feb 2026,$166.94,3,$187.40,5,1.03,$179.48,-6.99%,,,,$177.14,-1.30%,$370.39,106.37%,$386.33,115.25%,RJF,NYSE:RJF,-0.684,$185.92,0.80%
NYSE:RKT,5 Mar 2025,$14.85,3,$13.29,3,0.77,$14.50,-8.34%,,,,$14.35,-1.03%,$0.00,-100.00%,$0.00,-100.00%,RKT,NYSE:RKT,-0.838,$17.70,-24.92%
NYSE:RLJ,23 Dec 2025,$12.06,3,$8.20,7,1.47,$11.07,-25.93%,,,,$10.88,-1.72%,$0.00,-100.00%,$0.00,-100.00%,RLJ,NYSE:RLJ,-0.487,$11.45,-28.38%
NYSE:RLX,25 Aug 2025,$2.18,3,,,0.83,$1.87,16.84%,,,,$1.77,-5.35%,$0.00,-100.00%,$0.00,-100.00%,RLX,NYSE:RLX,-0.855,$2.96,
NYSE:RM,19 Nov 2025,$39.22,3,,3,1.36,$33.66,16.52%,,,,$32.84,-2.44%,$0.00,-100.00%,$0.00,-100.00%,RM,NYSE:RM,-0.596,$43.83,
NASDAQ:RMBS,27 Jan 2026,$80.55,1,$113.50,10,0.69,$100.61,-19.94%,,,,$94.61,-5.96%,$0.00,-100.00%,$0.00,-100.00%,RMBS,NASDAQ:RMBS,-0.916,$147.50,-23.05%
NASDAQ:RMNI,11 Feb 2026,$3.40,3,$5.50,5,0.85,$4.96,-31.43%,,,,$4.84,-2.42%,$0.00,-100.00%,$0.00,-100.00%,RMNI,NASDAQ:RMNI,-0.843,$7.00,-21.43%
NASDAQ:RNAC,23 Dec 2025,$16.10,3,$34.67,9,0.77,$9.18,75.37%,,,,$8.28,-9.80%,$0.00,-100.00%,$0.00,-100.00%,RNAC,NASDAQ:RNAC,-0.881,$34.57,0.29%
NYSE:RNG,5 Feb 2026,$39.74,3,$31.25,4,0.82,$64.07,-51.23%,,,,$62.70,-2.14%,$164.53,156.80%,$204.03,218.45%,RNG,NYSE:RNG,-0.707,$46.43,-32.69%
NYSE:RNR,9 Sep 2025,$267.70,4,$269.36,7,0.77,$318.50,-15.95%,,,,$312.21,-1.97%,$0.00,-100.00%,$0.00,-100.00%,RNR,NYSE:RNR,-0.813,$346.40,-22.24%
NYSE:RNST,19 Nov 2025,$35.55,3,$42.67,4,0.89,$43.11,-17.54%,,,,$42.73,-0.88%,$0.00,-100.00%,$0.00,-100.00%,RNST,NYSE:RNST,-0.763,$48.00,-11.10%
NASDAQ:ROAD,31 Dec 2025,$101.87,2,,,0.68,$120.46,-15.43%,,,,$113.79,-5.54%,$0.00,-100.00%,$0.00,-100.00%,ROAD,NASDAQ:ROAD,-0.874,$142.57,
NYSE:ROG,10 Feb 2026,$105.63,3,$301.50,9,0.78,$145.94,-27.62%,,,,$136.13,-6.72%,$180.37,23.59%,$206.68,41.62%,ROG,NYSE:ROG,-0.827,$173.33,73.95%
NYSE:ROK,11 Nov 2025,$273.44,1,,,0.69,$444.60,-38.50%,,,,$430.82,-3.10%,$0.00,-100.00%,$0.00,-100.00%,ROK,NYSE:ROK,-0.844,$477.67,
NASDAQ:ROP,2 May 2025,$525.02,3,$640.91,8,0.59,$389.71,34.72%,,,,$377.32,-3.18%,$557.27,43.00%,$710.20,82.24%,ROP,NASDAQ:ROP,-0.902,$445.20,43.96%
NASDAQ:ROST,20 Jul 2026,$178.47,1,,,1.00,$235.28,-24.15%,-24.15%,$178.47,$255.44,$239.93,1.98%,$354.88,50.83%,$381.82,62.28%,ROST,NASDAQ:ROST,-0.708,$255.44,
NASDAQ:RPAY,2 Sep 2025,$8.53,3,$7.31,3,1.03,$3.51,108.26%,,,,$3.59,2.28%,$0.00,-100.00%,$0.00,-100.00%,RPAY,NASDAQ:RPAY,-0.765,$6.85,6.72%
NASDAQ:RPD,20 Jan 2026,$22.06,3,$18.18,7,0.51,$12.37,46.97%,,,,$12.38,0.08%,$0.00,-100.00%,$0.00,-100.00%,RPD,NASDAQ:RPD,-0.875,$10.61,71.35%
NASDAQ:RR,19 Nov 2025,$2.75,3,$4.50,6,0.71,$1.72,59.65%,,,,$1.69,-1.74%,$0.00,-100.00%,$0.00,-100.00%,RR,NASDAQ:RR,-0.855,$2.00,125.00%
NASDAQ:RRBI,1 Jun 2026,$84.03,3,$94.00,6,0.89,$102.40,-17.94%,,,,$101.25,-1.12%,$0.00,-100.00%,$0.00,-100.00%,RRBI,NASDAQ:RRBI,-0.750,$108.00,-12.96%
NYSE:RRX,27 Jan 2026,$182.63,5,$180.29,6,0.83,$174.52,3.31%,,,,$165.11,-5.39%,$0.00,-100.00%,$0.00,-100.00%,RRX,NYSE:RRX,-0.852,$249.00,-27.59%
NYSE:RS,24 Aug 2025,$278.17,3,$327.75,9,0.86,$428.02,-35.01%,,,,$415.59,-2.90%,$0.00,-100.00%,$0.00,-100.00%,RS,NYSE:RS,-0.744,$409.50,-19.96%
NYSE:RTX,18 Aug 2025,$145.60,2,$168.14,8,0.91,$221.64,-34.31%,,,,$217.03,-2.08%,$314.80,42.03%,$368.01,66.04%,RTX,NYSE:RTX,-0.738,$232.27,-27.61%
NASDAQ:RUN,19 Jan 2026,$14.49,2,$23.86,8,0.75,$9.83,47.39%,,,,$9.60,-2.34%,$0.00,-100.00%,$0.00,-100.00%,RUN,NASDAQ:RUN,-0.889,$16.39,45.58%
NASDAQ:RXST,11 Dec 2025,$19.74,3,$9.80,1,0.68,$6.48,51.23%,,,,$6.69,3.24%,$0.00,-100.00%,$0.00,-100.00%,RXST,NASDAQ:RXST,-0.877,$7.79,25.80%
NASDAQ:RXT,9 Feb 2026,$0.88,3,$1.35,4,0.64,$3.95,-77.81%,,,,$3.97,0.51%,-$3.07,-177.70%,-$4.11,-204.17%,RXT,NASDAQ:RXT,-0.896,$4.77,-71.70%
NYSE:RYI,24 Aug 2025,$26.20,3,$24.00,4,,,#DIV/0!,,,,,#DIV/0!,-$2.00,#DIV/0!,-$2.00,#DIV/0!,RYI,NYSE:RYI,-2.000,,
NASDAQ:SABR,11 Feb 2026,$2.46,3,$2.95,2,0.51,$2.15,14.21%,,,,$2.08,-3.26%,$0.00,-100.00%,$0.00,-100.00%,SABR,NASDAQ:SABR,-0.890,$1.99,48.24%
NYSE:SAM,20 Mar 2026,$295.72,5,$238.40,3,0.54,$182.30,30.77%,,,,$175.80,-3.57%,$851.35,367.01%,$986.50,441.14%,SAM,NYSE:SAM,-0.913,$199.85,19.29%
NYSE:SAN,11 Sep 2025,$7.72,2,,,1.32,$14.59,-47.07%,,,,$14.61,0.14%,-$60.41,-514.04%,-$56.51,-487.29%,SAN,NYSE:SAN,-0.532,$13.56,
NASDAQ:SANM,27 Jan 2026,$128.36,1,$180.00,9,0.66,$217.03,-40.86%,,,,$199.54,-8.06%,$228.26,5.17%,$260.73,20.13%,SANM,NASDAQ:SANM,-0.883,$260.00,-30.77%
NYSE:SAP,19 Jan 2026,$252.69,3,$275.84,9,0.67,$207.84,21.58%,,,,$202.34,-2.65%,$375.14,80.49%,$396.65,90.85%,SAP,NYSE:SAP,-0.872,$242.92,13.55%
NASDAQ:SBCF,19 Nov 2025,$31.14,3,$34.17,5,0.83,$35.80,-13.02%,,,,$35.17,-1.76%,$0.00,-100.00%,$0.00,-100.00%,SBCF,NASDAQ:SBCF,-0.773,$37.04,-7.75%
NASDAQ:SBGI,23 Dec 2025,$15.71,3,$19.20,5,1.28,$14.25,10.23%,,,,$14.20,-0.35%,$0.00,-100.00%,$0.00,-100.00%,SBGI,NASDAQ:SBGI,-0.614,$17.43,10.15%
NASDAQ:SBLK,16 Feb 2026,$23.85,3,,6,1.66,$30.09,-20.72%,,,,$28.65,-4.79%,$0.00,-100.00%,$0.00,-100.00%,SBLK,NASDAQ:SBLK,-0.412,$32.38,
NYSE:SBS,23 Jun 2026,$5.49,3,,1,1.16,$4.58,19.96%,,,,$4.43,-3.28%,$0.00,-100.00%,$0.00,-100.00%,SBS,NYSE:SBS,-0.707,$6.84,
NASDAQ:SBSI,14 Oct 2025,$30.23,3,$34.50,3,,$32.72,-7.61%,,,,,-100.00%,-$2.00,-106.11%,-$2.00,-106.11%,SBSI,NYSE:SBSI,-2.000,,
NYSE:SBSI,1 Jun 2026,$34.46,3,$35.50,6,1.38,$32.72,5.31%,,,,$32.75,0.09%,-$187.29,-672.42%,-$188.28,-675.44%,SBSI,NYSE:SBSI,-0.536,$35.00,1.43%
NYSE:SCHW,24 Jun 2026,$96.20,3,$116.58,7,0.89,$110.58,-13.00%,,,,$107.51,-2.78%,$0.00,-100.00%,$0.00,-100.00%,SCHW,NYSE:SCHW,-0.767,$125.00,-6.74%
NASDAQ:SCNX,6 Jun 2025,$1.16,3,,,0.84,$0.47,146.38%,,,,$0.40,-14.89%,$0.00,-100.00%,$0.00,-100.00%,SCNX,NASDAQ:SCNX,-0.848,$1.50,
NYSE:SCS,28 Oct 2024,$12.86,3,,,,,#DIV/0!,,,,,#DIV/0!,-$2.00,#DIV/0!,-$2.00,#DIV/0!,SCS,NYSE:SCS,-2.000,,
NASDAQ:SCSC,19 Nov 2025,$53.05,5,$43.00,3,0.95,$51.71,-16.84%,,,,$51.83,0.23%,$137.32,165.55%,$148.95,188.05%,SCSC,NASDAQ:SCSC,-0.722,$54.67,-21.35%
NYSE:SD,22 Jan 2026,$15.77,3,,5,1.25,$14.32,10.14%,,,,$13.80,-3.63%,$0.00,-100.00%,$0.00,-100.00%,SD,NYSE:SD,-0.586,$15.00,
NYSE:SE,19 Aug 2025,$134.13,1,,,0.61,$119.45,12.29%,,,,$116.85,-2.18%,$0.00,-100.00%,$0.00,-100.00%,SE,NYSE:SE,-0.929,$154.75,
NASDAQ:SEIC,27 Aug 2025,$87.30,2,,,0.94,$105.47,-17.22%,,,,$104.53,-0.89%,$170.91,62.05%,$160.41,52.09%,SEIC,NASDAQ:SEIC,-0.739,$115.86,
NYSE:SEM,27 Apr 2026,$23.31,5,$16.50,8,3.03,$16.51,-0.06%,,,,$0.00,-100.00%,$14.81,-10.31%,$29.23,77.07%,SEM,NYSE:SEM,-1.000,$16.62,-0.72%
NYSE:SEMR,5 Feb 2026,$14.95,4,,,,,#DIV/0!,,,,,#DIV/0!,-$2.00,#DIV/0!,-$2.00,#DIV/0!,SEMR,NYSE:SEMR,-2.000,,
NYSEAMERICAN:SENS,28 Oct 2025,$7.44,1,$2.69,1,,$8.03,-66.50%,,,,,-100.00%,-$2.00,-124.91%,-$2.00,-124.91%,SENS,NASDAQ:SENS,-2.000,,
NASDAQ:SENS,23 Dec 2025,$8.28,4,$18.92,6,0.79,$8.03,3.17%,,,,$7.41,-7.72%,$0.00,-100.00%,$0.00,-100.00%,SENS,NASDAQ:SENS,-0.872,$13.40,41.19%
NASDAQ:SERV,11 Nov 2025,$12.60,3,$20.50,2,0.86,$4.90,157.22%,,,,$4.70,-4.08%,$0.00,-100.00%,$0.00,-100.00%,SERV,NASDAQ:SERV,-0.839,$13.88,47.69%
NYSE:SF,29 Jun 2026,$83.09,3,$84.00,6,1.03,$83.99,-1.07%,,,,$84.34,0.42%,$0.00,-100.00%,$0.00,-100.00%,SF,NYSE:SF,-0.688,$89.00,-5.62%
NYSE:SFBS,16 Mar 2026,$84.39,4,$91.00,8,0.99,$90.53,-6.79%,,,,$88.81,-1.90%,$0.00,-100.00%,$0.00,-100.00%,SFBS,NYSE:SFBS,-0.711,$98.00,-7.14%
NASDAQ:SFM,19 Mar 2026,$146.44,3,$91.64,9,0.90,$80.60,13.70%,,,,$80.61,0.01%,$91.62,13.67%,$151.81,88.35%,SFM,NASDAQ:SFM,-0.774,$94.64,-3.17%
NASDAQ:SFNC,2 Oct 2025,$20.10,3,$22.60,8,1.61,$23.94,-16.05%,,,,$23.88,-0.25%,$0.00,-100.00%,$0.00,-100.00%,SFNC,NASDAQ:SFNC,-0.426,$25.00,-9.60%
NASDAQ:SFST,13 Apr 2026,$53.20,3,$64.00,7,0.57,$64.35,-17.33%,,,,$62.20,-3.34%,$0.00,-100.00%,$0.00,-100.00%,SFST,NASDAQ:SFST,-0.896,$68.50,-6.57%
NYSE:SG,22 Sep 2025,$11.88,3,$14.64,2,0.71,$5.88,102.06%,,,,$5.81,-1.19%,$0.00,-100.00%,$0.00,-100.00%,SG,NYSE:SG,-0.847,$6.65,120.15%
NYSE:SGHC,28 Oct 2025,$9.69,2,,,0.98,$13.03,-25.67%,,,,$12.93,-0.77%,$0.00,-100.00%,$0.00,-100.00%,SGHC,NYSE:SGHC,-0.788,$19.50,
NASDAQ:SGHT,11 Dec 2025,$10.39,3,$6.67,5,0.58,$8.24,-19.05%,,,,$7.86,-4.61%,$0.00,-100.00%,$0.00,-100.00%,SGHT,NASDAQ:SGHT,-0.894,$9.00,-25.89%
NASDAQ:SGML,12 Aug 2025,$7.24,3,,,0.75,$11.43,-36.65%,,,,$10.11,-11.55%,$0.00,-100.00%,$0.00,-100.00%,SGML,NASDAQ:SGML,-0.890,$20.62,
NASDAQ:SGRY,24 Aug 2025,$30.88,4,$30.70,8,0.76,$14.36,113.79%,,,,$14.56,1.39%,$0.00,-100.00%,$0.00,-100.00%,SGRY,NASDAQ:SGRY,-0.863,$18.73,63.91%
NYSE:SHAK,19 Sep 2025,$85.64,2,$132.93,5,0.62,$74.19,15.43%,,,,$71.87,-3.13%,$0.00,-100.00%,$0.00,-100.00%,SHAK,NYSE:SHAK,-0.882,$82.17,61.77%
NASDAQ:SHBI,19 Mar 2026,$18.10,3,$20.50,6,1.22,$23.64,-23.44%,,,,$23.74,0.42%,$0.00,-100.00%,$0.00,-100.00%,SHBI,NASDAQ:SHBI,-0.612,$25.75,-20.39%
NYSE:SHG,19 Nov 2025,$55.13,3,,5,0.69,$75.92,-27.38%,,,,$72.89,-3.99%,$0.00,-100.00%,$0.00,-100.00%,SHG,NYSE:SHG,-0.897,$100.00,
NASDAQ:SHIP,16 Feb 2026,$10.93,3,$16.00,10,1.16,$17.10,-36.09%,,,,$16.21,-5.20%,$0.00,-100.00%,$0.00,-100.00%,SHIP,NASDAQ:SHIP,-0.696,$23.25,-31.18%
NASDAQ:SHLS,9 Feb 2026,$7.09,2,$10.69,7,0.72,$8.23,-13.91%,,,,$7.91,-3.89%,$0.00,-100.00%,$0.00,-100.00%,SHLS,NASDAQ:SHLS,-0.896,$11.32,-5.57%
NASDAQ:SHOP,22 Jan 2026,$148.25,3,$180.62,6,0.64,$148.65,-0.27%,,,,$149.32,0.45%,$0.00,-100.00%,$0.00,-100.00%,SHOP,NASDAQ:SHOP,-0.879,$167.89,7.58%
NASDAQ:SHPH,28 Oct 2025,$5.16,3,,,0.37,$4.10,25.76%,,,,$3.91,-4.63%,$0.00,-100.00%,$0.00,-100.00%,SHPH,NASDAQ:SHPH,-0.852,,
NYSE:SHW,15 May 2024,$256.70,1,,,0.75,$349.97,-26.65%,,,,$349.62,-0.10%,$563.74,61.08%,$611.51,74.73%,SHW,NYSE:SHW,-0.827,$390.10,
NASDAQ:SIBN,11 Dec 2025,$22.76,3,$23.20,6,0.83,$18.69,21.78%,,,,$18.30,-2.09%,$0.00,-100.00%,$0.00,-100.00%,SIBN,NASDAQ:SIBN,-0.839,$25.00,-7.20%
NYSE:SIG,27 Mar 2026,$92.19,3,$113.60,10,0.80,$86.11,7.06%,,,,$87.84,2.01%,$288.84,235.43%,$283.60,229.34%,SIG,NYSE:SIG,-0.840,$110.40,2.90%
NASDAQ:SILC,9 Feb 2026,$16.71,3,,4,0.51,$48.65,-65.66%,,,,$43.79,-9.99%,$51.91,6.71%,$52.13,7.15%,SILC,NASDAQ:SILC,-0.958,$60.00,
NASDAQ:SIMO,27 Jan 2026,$94.86,1,$119.17,10,0.71,$272.70,-65.21%,,,,$245.75,-9.88%,$304.26,11.57%,$303.32,11.23%,SIMO,NASDAQ:SIMO,-0.882,$349.27,-65.88%
NASDAQ:SIRI,5 May 2025,$31.75,3,$22.14,6,1.23,$29.13,-24.00%,,,,$27.83,-4.46%,$43.74,50.15%,$48.03,64.88%,SIRI,NASDAQ:SIRI,-0.609,$32.00,-30.81%
NYSE:SITC,5 Aug 2026,$5.33,5,$3.50,3,4.19,$2.97,17.85%,17.85%,$3.50,$5.33,$3.15,6.06%,$0.00,-100.00%,$0.00,-100.00%,SITC,NYSE:SITC,0.690,$3.50,0.00%
NASDAQ:SITM,5 Feb 2026,$354.78,3,,,0.67,$749.44,-52.66%,,,,$668.38,-10.82%,$0.00,-100.00%,$0.00,-100.00%,SITM,NASDAQ:SITM,-0.871,$864.38,
NYSE:SJM,18 Aug 2025,$126.48,5,$113.93,4,1.56,$117.83,-3.31%,,,,$119.57,1.48%,$296.56,151.69%,$458.17,288.84%,SJM,NYSE:SJM,-0.456,$126.06,-9.62%
NYSE:SKE,24 Oct 2025,$9.86,2,,,0.25,$32.15,-69.33%,,,,$32.07,-0.25%,$0.00,-100.00%,$0.00,-100.00%,SKE,NYSE:SKE,-0.901,,
NASDAQ:SKWD,26 Aug 2025,$42.11,3,,,0.77,$57.57,-26.85%,,,,$57.37,-0.35%,$0.00,-100.00%,$0.00,-100.00%,SKWD,NASDAQ:SKWD,-0.840,$70.09,
NYSE:SKY,31 Mar 2026,$97.81,5,$102.33,4,0.62,$93.21,4.94%,,,,$91.79,-1.52%,$0.00,-100.00%,$0.00,-100.00%,SKY,NYSE:SKY,-0.883,$103.50,-1.13%
NASDAQ:SKYT,26 May 2026,$23.87,3,$35.00,8,,$32.46,-26.45%,,,,,-100.00%,-$2.00,-106.16%,-$2.00,-106.16%,SKYT,NASDAQ:SKYT,-2.000,,
NASDAQ:SLAB,27 Jan 2026,$111.32,1,,,0.57,$219.29,-49.24%,,,,$212.33,-3.17%,$0.00,-100.00%,$0.00,-100.00%,SLAB,NASDAQ:SLAB,-0.885,$222.86,
NYSE:SLB,2 Jul 2026,$49.71,4,$63.13,9,1.05,$53.86,-7.70%,,,,$51.62,-4.16%,$0.00,-100.00%,$0.00,-100.00%,SLB,NYSE:SLB,-0.698,$61.97,1.87%
NYSE:SLGN,29 Aug 2025,$46.96,3,$59.57,7,1.09,$41.67,12.69%,,,,$40.93,-1.78%,$0.00,-100.00%,$0.00,-100.00%,SLGN,NYSE:SLGN,-0.720,$55.31,7.70%
NASDAQ:SLM,23 Jul 2026,$29.41,3,$29.00,7,1.40,$27.28,6.30%,6.30%,$28.55,$29.41,$27.47,0.70%,$41.14,50.80%,-$1.89,-106.93%,SLM,NASDAQ:SLM,-0.522,$28.55,1.58%
NYSE:SM,20 Sep 2025,$40.61,3,$36.25,6,1.15,$35.48,2.17%,,,,$32.45,-8.54%,$0.00,-100.00%,$0.00,-100.00%,SM,NYSE:SM,-0.651,$40.27,-9.98%
NASDAQ:SMBK,7 Oct 2025,$38.18,3,$37.00,5,,$51.97,-28.81%,,,,,-100.00%,-$2.00,-103.85%,-$2.00,-103.85%,SMBK,NYSE:SMBK,-2.000,,
NYSE:SMFG,19 Aug 2025,$16.00,3,,,0.79,$26.24,-39.01%,,,,$25.72,-1.98%,$0.00,-100.00%,$0.00,-100.00%,SMFG,NYSE:SMFG,-0.804,$28.86,
NASDAQ:SMLR,11 Dec 2025,$21.60,3,$68.50,4,,,#DIV/0!,,,,,#DIV/0!,-$2.00,#DIV/0!,-$2.00,#DIV/0!,SMLR,NASDAQ:SMLR,-2.000,,
NYSE:SMR,14 Jan 2026,$19.90,3,$32.77,7,0.78,$9.19,116.55%,,,,$8.96,-2.50%,$0.00,-100.00%,$0.00,-100.00%,SMR,NYSE:SMR,-0.869,$12.63,159.46%
NYSE:SNDA,15 Nov 2024,$24.98,3,,,0.68,$39.03,-36.00%,,,,$38.20,-2.13%,$0.00,-100.00%,$0.00,-100.00%,SNDA,NYSE:SNDA,-0.859,$44.00,
NYSE:SNN,11 Dec 2025,$33.47,3,$35.75,3,0.87,$29.68,12.77%,,,,$29.16,-1.75%,$0.00,-100.00%,$0.00,-100.00%,SNN,NYSE:SNN,-0.776,$33.66,6.21%
NASDAQ:SNSE,28 Oct 2025,$14.48,3,$30.00,,,,#DIV/0!,,,,,#DIV/0!,-$2.00,#DIV/0!,-$2.00,#DIV/0!,SNSE,NASDAQ:SNSE,-2.000,,
NYSE:SNV,18 Nov 2025,$47.73,3,$56.00,4,,,#DIV/0!,,,,,#DIV/0!,-$2.00,#DIV/0!,-$2.00,#DIV/0!,SNV,NYSE:SNV,-2.000,,
NYSE:SO,24 Oct 2025,$88.60,2,,,1.67,$92.29,-4.00%,,,,$92.72,0.47%,$13.39,-85.49%,$63.62,-31.06%,SO,NYSE:SO,-0.409,$100.61,
NASDAQ:SOFI,7 Jul 2025,$14.49,2,,,0.58,$18.31,-20.86%,,,,$17.76,-3.00%,$0.00,-100.00%,$0.00,-100.00%,SOFI,NASDAQ:SOFI,-0.896,$19.92,
NYSE:SON,19 Nov 2025,$53.35,3,$52.43,10,0.99,$56.75,-7.61%,,,,$57.04,0.51%,$0.00,-100.00%,$0.00,-100.00%,SON,NYSE:SON,-0.720,$63.89,-17.94%
NASDAQ:SONO,22 Jan 2026,$16.57,3,$19.67,8,0.60,$15.45,7.26%,,,,$15.77,2.07%,$42.67,176.18%,$43.43,181.08%,SONO,NASDAQ:SONO,-0.914,$18.88,4.18%
NYSE:SONY,18 Feb 2026,$26.99,4,$32.00,8,0.75,$23.70,13.88%,,,,$23.63,-0.30%,$25.47,7.47%,$39.63,67.20%,SONY,NYSE:SONY,-0.859,$30.00,6.67%
NASDAQ:SOUN,28 Jul 2025,$8.77,2,,,0.84,$7.04,24.57%,,,,$7.19,2.13%,$0.00,-100.00%,$0.00,-100.00%,SOUN,NASDAQ:SOUN,-0.848,$12.71,
NASDAQ:SPFI,19 Nov 2025,$37.17,3,$43.00,2,0.85,$45.35,-18.04%,,,,$44.55,-1.76%,$0.00,-100.00%,$0.00,-100.00%,SPFI,NASDAQ:SPFI,-0.783,$50.75,-15.27%
NYSE:SPGI,25 Jun 2026,$468.23,5,,,0.56,$410.53,14.06%,,,,$398.63,-2.90%,$655.90,59.77%,$724.82,76.56%,SPGI,NYSE:SPGI,-0.942,$516.95,
NYSE:SPOT,19 May 2025,$495.00,2,$659.00,7,0.63,$492.47,0.51%,,,,$488.47,-0.81%,$0.00,-100.00%,$0.00,-100.00%,SPOT,NYSE:SPOT,-0.904,$609.87,8.06%
NASDAQ:SPSC,10 Feb 2026,$142.13,3,$102.87,2,0.46,$76.23,34.95%,,,,$75.14,-1.43%,$179.44,135.40%,$207.16,171.75%,SPSC,NASDAQ:SPSC,-0.921,$73.18,40.57%
NASDAQ:SPWR,9 Feb 2026,$1.50,3,,,5.00,$0.22,581.82%,,,,$0.00,-100.00%,$0.00,-100.00%,$0.00,-100.00%,SPWR,NASDAQ:SPWR,-1.000,$4.70,
NYSE:SPXC,16 May 2025,$153.79,3,$180.00,7,0.69,$217.63,-29.33%,,,,$205.90,-5.39%,$296.88,36.42%,$321.50,47.73%,SPXC,NYSE:SPXC,-0.882,$272.17,-33.86%
NYSE:SQNS,4 Feb 2026,$12.48,3,$14.50,5,,$3.02,313.25%,,,,,-100.00%,-$2.00,-166.23%,-$2.00,-166.23%,SQNS,NYSE:SQNS,-2.000,,
NASDAQ:SRCE,19 Nov 2025,$63.63,3,,,0.92,$87.90,-27.61%,,,,$85.18,-3.09%,-$100.36,-214.18%,-$93.89,-206.82%,SRCE,NASDAQ:SRCE,-0.728,$89.67,
NASDAQ:SSB,9 Oct 2025,$96.36,3,,,,$110.82,-13.05%,,,,,-100.00%,-$2.00,-101.80%,-$2.00,-101.80%,SSB,NYSE:SSB,-2.000,,
NYSE:SSB,19 Nov 2025,$91.92,3,,,0.80,$110.82,-17.05%,,,,$107.70,-2.82%,$0.00,-100.00%,$0.00,-100.00%,SSB,NYSE:SSB,-0.796,$119.86,
NASDAQ:SSNC,22 Jan 2026,$86.73,3,$103.29,6,1.00,$79.80,8.68%,,,,$79.57,-0.29%,$134.64,68.73%,$185.52,132.48%,SSNC,NASDAQ:SSNC,-0.722,$92.33,11.87%
NASDAQ:SSRM,19 Aug 2025,$11.31,2,,,0.73,$32.78,-65.50%,,,,$31.10,-5.13%,$0.00,-100.00%,$0.00,-100.00%,SSRM,NASDAQ:SSRM,-0.869,$41.40,
NYSE:ST,16 Feb 2026,$42.55,5,$38.40,4,1.30,$45.92,-16.38%,,,,$44.95,-2.11%,$68.72,49.65%,$83.38,81.58%,ST,NYSE:ST,-0.589,$52.91,-27.42%
NYSE:STAG,19 Aug 2025,$40.11,5,$38.25,9,1.56,$36.80,3.94%,,,,$36.70,-0.27%,$51.40,39.68%,$79.32,115.53%,STAG,NYSE:STAG,-0.470,$42.08,-9.10%
NASDAQ:STBA,27 May 2026,$47.60,3,$44.00,7,0.93,$51.00,-13.73%,,,,$50.43,-1.12%,$0.00,-100.00%,$0.00,-100.00%,STBA,NASDAQ:STBA,-0.729,$53.33,-17.49%
NYSE:STC,27 Jul 2026,$72.68,3,$79.00,7,1.33,$68.07,6.77%,6.77%,$72.68,$82.25,$67.21,-1.26%,$0.00,-100.00%,$0.00,-100.00%,STC,NYSE:STC,-0.589,$82.25,-3.95%
NYSE:STE,4 Dec 2025,$261.00,3,$290.00,2,0.80,$229.75,13.60%,,,,$228.06,-0.74%,$0.00,-100.00%,$0.00,-100.00%,STE,NYSE:STE,-0.810,$263.12,10.22%
NYSE:STEL,19 Nov 2025,$31.12,3,$32.50,5,,,#DIV/0!,,,,,#DIV/0!,-$2.00,#DIV/0!,-$2.00,#DIV/0!,STEL,NYSE:STEL,-2.000,,
NASDAQ:STIM,4 Dec 2025,$1.24,3,,4,0.78,$3.27,-62.18%,,,,$2.88,-11.93%,$0.00,-100.00%,$0.00,-100.00%,STIM,NASDAQ:STIM,-0.872,$4.50,
NASDAQ:STKL,24 Aug 2025,$6.28,3,$10.00,3,,,#DIV/0!,,,,,#DIV/0!,-$2.00,#DIV/0!,-$2.00,#DIV/0!,STKL,NASDAQ:STKL,-2.000,,
NYSE:STLA,15 Dec 2025,$15.78,3,$11.43,6,1.06,$5.12,123.24%,,,,$5.26,2.73%,$0.00,-100.00%,$0.00,-100.00%,STLA,NYSE:STLA,-0.741,$6.98,63.75%
NASDAQ:STLD,20 Aug 2024,$128.16,3,,,0.84,$258.16,-50.36%,,,,$251.08,-2.74%,$277.48,7.48%,$321.95,24.71%,STLD,NASDAQ:STLD,-0.773,$272.64,
NYSE:STM,5 Feb 2026,$31.81,3,,,0.95,$55.79,-42.98%,,,,$52.92,-5.14%,$55.89,0.19%,$52.46,-5.97%,STM,NYSE:STM,-0.774,$71.52,
NYSE:STN,23 Aug 2024,$76.85,2,,,0.67,$74.27,3.48%,,,,$71.06,-4.32%,$0.00,-100.00%,$0.00,-100.00%,STN,NYSE:STN,-0.895,$94.28,
NASDAQ:STNE,1 Dec 2025,$15.75,3,$21.00,6,2.14,$9.27,69.89%,,,,$9.44,1.83%,$0.00,-100.00%,$0.00,-100.00%,STNE,NASDAQ:STNE,-0.273,$15.62,34.44%
NASDAQ:STRL,12 Jun 2025,$186.70,3,,,0.86,$603.89,-69.08%,,,,$539.95,-10.59%,$0.00,-100.00%,$0.00,-100.00%,STRL,NASDAQ:STRL,-0.840,$905.33,
NYSE:STT,22 Feb 2026,$119.80,2,$144.32,7,1.03,$193.04,-37.94%,,,,$186.89,-3.19%,$0.00,-100.00%,$0.00,-100.00%,STT,NYSE:STT,-0.685,$199.50,-27.66%
NYSE:STVN,16 Feb 2026,$17.21,3,$23.83,3,0.73,$21.26,-19.04%,,,,$20.50,-3.57%,$0.00,-100.00%,$0.00,-100.00%,STVN,NYSE:STVN,-0.847,$24.74,-3.68%
NYSE:SU,30 Jun 2026,$58.27,3,$71.58,9,1.20,$66.66,-12.59%,,,,$65.32,-2.01%,$0.00,-100.00%,$0.00,-100.00%,SU,NYSE:SU,-0.616,$70.87,1.00%
NASDAQ:SUPN,23 Dec 2025,$50.64,3,$61.33,10,0.78,$48.27,4.90%,,,,$45.51,-5.72%,$96.08,99.05%,$119.06,146.66%,SUPN,NASDAQ:SUPN,-0.850,$61.75,-0.68%
NYSE:SUPV,19 Nov 2025,$12.63,4,$12.00,5,0.89,$7.98,50.38%,,,,$7.87,-1.38%,$0.00,-100.00%,$0.00,-100.00%,SUPV,NYSE:SUPV,-0.825,$12.90,-6.98%
NYSEAMERICAN:SVM,20 Aug 2025,$6.52,0,,1,,$11.92,-45.30%,,,,,-100.00%,-$2.00,-116.78%,-$2.00,-116.78%,SVM,NYSEAMERICAN:SVM,-2.000,,
NYSE:SW,22 Aug 2025,$50.29,5,$54.66,8,1.30,$47.81,5.19%,,,,$48.72,1.90%,$18.13,-62.08%,$64.66,35.24%,SW,NYSE:SW,-0.598,$56.43,-3.14%
NASDAQ:SWKS,27 Apr 2026,$82.45,5,$63.83,1,1.16,$67.73,-5.76%,,,,$67.22,-0.75%,$146.75,116.66%,$170.81,152.20%,SWKS,NASDAQ:SWKS,-0.618,$68.25,-6.48%
NYSE:SXI,11 Nov 2025,$213.24,3,$264.25,5,0.83,$326.97,-34.78%,,,,$320.17,-2.08%,$338.61,3.56%,$381.81,16.77%,SXI,NYSE:SXI,-0.773,$338.40,-21.91%
NASDAQ:SYBT,13 Apr 2026,$73.37,3,$77.00,4,0.91,$84.28,-12.94%,,,,$82.92,-1.61%,$0.00,-100.00%,$0.00,-100.00%,SYBT,NASDAQ:SYBT,-0.746,$90.20,-14.63%
NYSE:SYF,19 Feb 2026,$71.94,3,$91.60,6,0.93,$80.75,-10.91%,,,,$78.89,-2.30%,$0.00,-100.00%,$0.00,-100.00%,SYF,NYSE:SYF,-0.742,$89.09,2.82%
NYSE:SYK,11 Dec 2025,$359.86,3,$434.53,3,0.57,$331.68,8.50%,,,,$324.51,-2.16%,$0.00,-100.00%,$0.00,-100.00%,SYK,NYSE:SYK,-0.915,$382.88,13.49%
NASDAQ:SYM,19 Nov 2025,$41.10,2,$52.14,6,0.75,$42.35,-2.96%,,,,$40.65,-4.01%,$0.00,-100.00%,$0.00,-100.00%,SYM,NASDAQ:SYM,-0.890,$64.32,-18.94%
NASDAQ:SYNA,27 Jan 2026,$98.81,4,$93.33,9,0.54,$110.58,-15.60%,,,,$103.29,-6.59%,$0.00,-100.00%,$0.00,-100.00%,SYNA,NASDAQ:SYNA,-0.931,$130.33,-28.39%
NYSE:SYY,23 Aug 2024,$74.21,3,,,0.90,$81.85,-9.33%,,,,$81.67,-0.22%,$0.00,-100.00%,$0.00,-100.00%,SYY,NYSE:SYY,-0.752,$89.31,
NYSE:TAK,19 Oct 2025,$15.76,5,$18.00,6,1.05,$17.38,-9.32%,,,,$17.26,-0.69%,$6.27,-63.91%,$9.94,-42.81%,TAK,NYSE:TAK,-0.723,$21.95,-18.00%
NYSE:TAL,20 Aug 2025,$11.69,3,$12.31,4,0.78,$11.68,0.08%,,,,$11.19,-4.20%,$0.00,-100.00%,$0.00,-100.00%,TAL,NYSE:TAL,-0.869,$16.01,-23.11%
NASDAQ:TASK,30 Jan 2026,$15.02,3,$15.90,2,2.36,$7.50,100.26%,,,,$7.37,-1.73%,$0.00,-100.00%,$0.00,-100.00%,TASK,NASDAQ:TASK,-0.114,$8.50,87.06%
NASDAQ:TATT,24 Oct 2025,$40.25,3,,,0.78,$40.63,-0.94%,,,,$38.91,-4.23%,$0.00,-100.00%,$0.00,-100.00%,TATT,NASDAQ:TATT,-0.875,$60.71,
NYSE:TBB,6 Nov 2025,$23.22,1,,1,,$22.69,2.34%,,,,,-100.00%,-$2.00,-108.81%,-$2.00,-108.81%,TBB,NYSE:TBB,-2.000,,
NYSE:TBBB,13 Jun 2025,$23.99,3,,,0.55,$48.45,-50.49%,,,,$46.35,-4.33%,$0.00,-100.00%,$0.00,-100.00%,TBBB,NYSE:TBBB,-0.882,$47.17,
NASDAQ:TBBK,1 Jun 2026,$64.98,3,$66.00,4,0.63,$68.27,-4.81%,,,,$66.47,-2.64%,$0.00,-100.00%,$0.00,-100.00%,TBBK,NASDAQ:TBBK,-0.908,$84.33,-21.74%
NASDAQ:TBCH,27 Jan 2026,$17.12,3,$19.75,6,0.80,$12.24,39.87%,,,,$12.29,0.41%,$0.00,-100.00%,$0.00,-100.00%,TBCH,NASDAQ:TBCH,-0.852,$16.40,20.43%
NYSE:TBN,11 Dec 2025,$26.01,3,$37.75,8,0.70,$37.35,-30.36%,,,,$34.83,-6.75%,$26.99,-27.75%,$27.01,-27.69%,TBN,NYSE:TBN,-0.909,$55.17,-31.58%
NASDAQ:TBRG,31 Dec 2025,$24.09,3,$21.00,5,,,#DIV/0!,,,,,#DIV/0!,-$2.00,#DIV/0!,-$2.00,#DIV/0!,TBRG,NASDAQ:TBRG,-2.000,,
NASDAQ:TCBI,27 May 2026,$96.83,3,$105.20,4,0.76,$101.09,-4.21%,,,,$98.16,-2.90%,-$409.83,-505.41%,-$395.74,-491.47%,TCBI,NASDAQ:TCBI,-0.813,$109.31,-3.76%
NASDAQ:TCBK,27 May 2026,$51.81,3,$63.00,3,1.58,$57.46,-9.83%,,,,$57.50,0.07%,$0.00,-100.00%,$0.00,-100.00%,TCBK,NASDAQ:TCBK,-0.451,$62.81,0.30%
NYSE:TCBX,1 Jun 2026,$39.78,3,$45.00,5,0.71,$45.66,-12.87%,,,,$44.82,-1.84%,$0.00,-100.00%,$0.00,-100.00%,TCBX,NYSE:TCBX,-0.817,$45.50,-1.10%
NASDAQ:TCMD,4 Dec 2025,$31.83,5,$26.67,8,0.79,$24.59,8.46%,,,,$22.73,-7.56%,$0.00,-100.00%,$0.00,-100.00%,TCMD,NASDAQ:TCMD,-0.873,$38.25,-30.27%
NYSE:TD,19 Aug 2025,$67.13,3,$73.85,7,1.16,$124.34,-46.01%,,,,$122.53,-1.46%,-$578.67,-565.40%,-$566.99,-556.00%,TD,NYSE:TD,-0.598,$114.45,-35.47%
NYSE:TDC,11 Feb 2026,$35.11,5,$32.80,10,0.70,$27.53,19.14%,,,,$26.87,-2.40%,$0.00,-100.00%,$0.00,-100.00%,TDC,NYSE:TDC,-0.874,$34.00,-3.53%
NYSE:TDG,20 Sep 2024,"$1,185.75",2,"$1,509.83",4,1.07,"$1,237.82",-4.21%,,,,"$1,224.20",-1.10%,$0.00,-100.00%,$0.00,-100.00%,TDG,NYSE:TDG,-0.708,"$1,522.79",-0.85%
NYSE:TDOC,22 Aug 2025,$12.69,3,$9.06,7,0.63,$6.54,38.53%,,,,$6.60,0.92%,$16.72,155.59%,$36.39,456.40%,TDOC,NYSE:TDOC,-0.896,$7.74,17.05%
NASDAQ:TEAM,11 Dec 2025,$216.58,3,$237.35,8,0.65,$158.34,36.78%,,,,$157.50,-0.53%,$0.00,-100.00%,$0.00,-100.00%,TEAM,NASDAQ:TEAM,-0.884,$187.93,26.30%
NYSE:TEL,19 Jan 2026,$189.61,1,$275.58,6,0.98,$217.38,-12.78%,,,,$211.31,-2.79%,$420.15,93.28%,$477.40,119.62%,TEL,NYSE:TEL,-0.727,$246.79,11.67%
NYSE:TEN,29 Apr 2026,$34.19,3,$50.00,8,2.06,$42.16,-18.90%,,,,$41.11,-2.49%,$93.97,122.89%,$105.38,149.94%,TEN,NYSE:TEN,-0.237,$46.00,8.70%
NASDAQ:TENB,23 Dec 2025,$34.90,3,$37.75,7,0.53,$35.29,-1.10%,,,,$36.98,4.79%,$48.18,36.52%,$48.95,38.71%,TENB,NASDAQ:TENB,-0.896,$35.35,6.79%
NYSE:TEO,18 Sep 2025,$8.99,5,$9.60,3,1.15,$13.32,-32.51%,,,,$13.11,-1.58%,$0.00,-100.00%,$0.00,-100.00%,TEO,NYSE:TEO,-0.657,$15.34,-37.42%
NASDAQ:TER,19 Jan 2026,$152.12,1,$213.18,7,0.55,$443.14,-65.67%,,,,$387.34,-12.59%,"$177,784.36",40019.23%,"$188,216.73",42373.42%,TER,NASDAQ:TER,-0.891,$449.80,-52.61%
NYSE:TFC,19 Nov 2025,$46.61,3,$49.70,7,1.74,$52.53,-11.26%,,,,$52.60,0.13%,$0.00,-100.00%,$0.00,-100.00%,TFC,NYSE:TFC,-0.369,$54.92,-9.50%
NASDAQ:TFIN,2 Oct 2025,$64.43,3,$64.00,1,,$77.78,-17.72%,,,,,-100.00%,-$2.00,-102.57%,-$2.00,-102.57%,TFIN,NYSE:TFIN,-2.000,,
NYSE:TFIN,19 Nov 2025,$53.40,3,,,0.83,$77.78,-31.34%,,,,$76.54,-1.59%,-$140.08,-280.10%,"$1,067.61",1272.60%,TFIN,NYSE:TFIN,-0.785,$85.80,
NYSE:TFPM,16 Aug 2025,$20.81,1,,,0.66,$31.64,-34.22%,,,,$30.54,-3.48%,$0.00,-100.00%,$0.00,-100.00%,TFPM,NYSE:TFPM,-0.891,$39.00,
NASDAQ:TFSL,12 Oct 2025,$12.76,3,$13.50,4,2.31,$17.51,-27.12%,,,,$17.75,1.37%,$0.00,-100.00%,$0.00,-100.00%,TFSL,NASDAQ:TFSL,-0.128,$19.00,-28.95%
NYSE:TGLS,23 Aug 2025,$69.51,3,,,1.00,$40.72,70.70%,,,,$40.75,0.07%,$46.86,15.08%,$50.23,23.35%,TGLS,NYSE:TGLS,-0.775,$56.33,
NYSE:TGS,19 Nov 2025,$29.26,3,$13.33,7,0.94,$28.30,-52.90%,,,,$27.09,-4.28%,$0.00,-100.00%,$0.00,-100.00%,TGS,NYSE:TGS,-0.806,$41.29,-67.72%
NYSE:TGT,21 Sep 2025,$120.25,3,$103.27,3,1.59,$151.01,-31.61%,,,,$154.55,2.34%,$241.53,59.94%,$169.95,12.54%,TGT,NYSE:TGT,-0.414,$143.43,-28.00%
NASDAQ:THFF,27 May 2026,$67.98,3,$70.00,5,1.21,$81.61,-16.70%,,,,$81.26,-0.43%,$0.00,-100.00%,$0.00,-100.00%,THFF,NASDAQ:THFF,-0.604,$84.00,-16.67%
NYSE:THO,29 Jul 2024,$143.00,5,,,0.95,$77.64,84.18%,,,,$76.84,-1.03%,$162.67,109.52%,$212.84,174.13%,THO,NYSE:THO,-0.746,$90.50,
NYSE:THR,19 Nov 2025,$40.68,4,$38.00,8,,,#DIV/0!,,,,,#DIV/0!,-$2.00,#DIV/0!,-$2.00,#DIV/0!,THR,NYSE:THR,-2.000,,
NASDAQ:THRY,11 Feb 2026,$8.29,3,$13.00,2,0.78,$1.99,316.41%,,,,$2.07,4.02%,$0.00,-100.00%,$0.00,-100.00%,THRY,NASDAQ:THRY,-0.877,$4.00,225.00%
NASDAQ:TIGR,24 Oct 2025,$10.39,3,$11.86,9,0.75,$4.84,114.67%,,,,$4.36,-9.92%,$62.53,1191.90%,$63.08,1203.31%,TIGR,NASDAQ:TIGR,-0.887,$7.69,54.23%
NASDAQ:TILE,13 Feb 2025,$17.99,3,$30.00,7,0.61,$38.04,-52.72%,,,,$36.51,-4.02%,$0.00,-100.00%,$0.00,-100.00%,TILE,NASDAQ:TILE,-0.906,$45.25,-33.70%
NYSE:TJX,18 Aug 2025,$107.88,1,$144.77,9,1.12,$150.85,-28.49%,,,,$150.26,-0.39%,$167.46,11.01%,$187.16,24.07%,TJX,NYSE:TJX,-0.674,$177.40,-18.39%
NASDAQ:TKLF,19 Oct 2025,$5.59,3,,,,$1.88,197.34%,,,,,-100.00%,-$2.00,-206.38%,-$2.00,-206.38%,TKLF,NASDAQ:TKLF,-2.000,,
NYSE:TKR,16 Jun 2026,$121.71,2,$138.67,6,0.84,$133.93,-9.13%,,,,$128.29,-4.21%,$0.00,-100.00%,$0.00,-100.00%,TKR,NYSE:TKR,-0.782,$147.20,-5.79%
NASDAQ:TLRY,14 Aug 2025,$1.31,3,,,0.79,$4.48,-70.83%,,,,$4.40,-1.79%,$4.93,10.04%,$6.54,46.02%,TLRY,NASDAQ:TLRY,-0.870,$7.84,
NASDAQ:TLSI,11 Dec 2025,$8.40,3,$11.60,9,0.78,$5.27,59.36%,,,,$5.11,-3.04%,$0.00,-100.00%,$0.00,-100.00%,TLSI,NASDAQ:TLSI,-0.874,$10.00,16.00%
NASDAQ:TLX,11 Dec 2025,$12.46,3,,,0.72,$11.73,6.19%,,,,$11.40,-2.81%,$0.00,-100.00%,$0.00,-100.00%,TLX,NASDAQ:TLX,-0.902,$21.17,
NYSE:TM,15 Dec 2025,$215.08,5,,9,0.55,$189.18,13.69%,,,,$182.85,-3.35%,"-$45,492.32",-24147.11%,"-$45,030.44",-23902.96%,TM,NYSE:TM,-0.938,$231.58,
NASDAQ:TMC,18 Aug 2025,$4.39,3,,,0.77,$3.77,16.39%,,,,$3.79,0.53%,$0.00,-100.00%,$0.00,-100.00%,TMC,NASDAQ:TMC,-0.882,$11.00,
NASDAQ:TMCI,4 Dec 2025,$3.25,3,$5.47,4,0.69,$4.50,-27.83%,,,,$4.37,-2.89%,$0.00,-100.00%,$0.00,-100.00%,TMCI,NASDAQ:TMCI,-0.874,$5.50,-0.55%
NASDAQ:TMDX,11 Dec 2025,$138.40,3,$147.00,8,0.53,$88.35,56.65%,,,,$84.98,-3.81%,$0.00,-100.00%,$0.00,-100.00%,TMDX,NASDAQ:TMDX,-0.918,$97.30,51.08%
NYSE:TME,12 Aug 2025,$23.93,3,$19.85,8,0.79,$8.87,123.79%,,,,$8.50,-4.17%,$0.00,-100.00%,$0.00,-100.00%,TME,NYSE:TME,-0.871,$13.16,50.84%
NYSE:TMHC,15 Jun 2026,$82.94,4,$62.90,9,2.61,$72.45,-13.18%,,,,$0.00,-100.00%,$142.63,96.86%,$145.90,101.38%,TMHC,NYSE:TMHC,-1.000,$66.75,-5.77%
NYSEAMERICAN:TMP,2 Oct 2025,$65.36,1,,,,$100.28,-34.82%,,,,,-100.00%,-$2.00,-101.99%,-$2.00,-101.99%,TMP,NYSEAMERICAN:TMP,-2.000,,
NYSE:TNC,11 Nov 2025,$100.24,5,$105.00,4,0.84,$67.57,48.35%,,,,$67.09,-0.71%,$0.00,-100.00%,$0.00,-100.00%,TNC,NYSE:TNC,-0.824,$87.75,19.66%
NASDAQ:TNDM,11 Dec 2025,$20.68,3,$23.06,9,0.67,$22.26,-7.09%,,,,$21.71,-2.47%,$0.00,-100.00%,$0.00,-100.00%,TNDM,NASDAQ:TNDM,-0.898,$28.70,-19.65%
NYSE:TNET,15 Dec 2025,$73.13,3,$65.50,7,0.61,$67.14,-2.44%,,,,$66.48,-0.98%,$0.00,-100.00%,$0.00,-100.00%,TNET,NYSE:TNET,-0.853,$64.40,1.71%
NASDAQ:TOI,15 Aug 2025,$3.94,3,$6.25,8,5.00,$5.13,-23.22%,,,,$0.00,-100.00%,$3.32,-35.22%,$3.60,-29.92%,TOI,NASDAQ:TOI,-1.000,$8.40,-25.60%
NYSE:TOL,1 Apr 2026,$149.13,5,$165.90,4,0.74,$145.45,2.53%,,,,$144.23,-0.84%,$158.57,9.02%,$166.11,14.20%,TOL,NYSE:TOL,-0.841,$168.20,-1.37%
NYSE:TOST,22 Jan 2026,$36.30,3,$46.56,4,0.63,$34.32,5.76%,,,,$33.49,-2.42%,$0.00,-100.00%,$0.00,-100.00%,TOST,NYSE:TOST,-0.879,$38.62,20.56%
NASDAQ:TOWN,2 Oct 2025,$37.19,3,$41.00,5,1.73,$37.59,-1.07%,,,,$37.71,0.32%,$0.00,-100.00%,$0.00,-100.00%,TOWN,NASDAQ:TOWN,-0.378,$40.00,2.50%
NYSE:TPB,18 Sep 2025,$86.86,3,,,0.77,$85.30,1.83%,,,,$81.15,-4.87%,$0.00,-100.00%,$0.00,-100.00%,TPB,NYSE:TPB,-0.880,$125.17,
NYSE:TPC,24 Dec 2025,$68.65,1,,,0.59,$97.22,-29.39%,,,,$92.49,-4.87%,$0.00,-100.00%,$0.00,-100.00%,TPC,NYSE:TPC,-0.916,$116.25,
NYSE:TPH,16 Mar 2026,$59.96,5,$46.50,1,,,#DIV/0!,,,,,#DIV/0!,-$2.00,#DIV/0!,-$2.00,#DIV/0!,TPH,NYSE:TPH,-2.000,,
NYSE:TPL,9 Apr 2025,$774.67,2,,9,0.69,$360.79,114.71%,,,,$338.16,-6.27%,$0.00,-100.00%,$0.00,-100.00%,TPL,NYSE:TPL,-0.875,$442.00,
NYSE:TPR,26 Aug 2025,$73.71,2,,,0.76,$129.02,-42.87%,,,,$123.11,-4.58%,$0.00,-100.00%,$0.00,-100.00%,TPR,NYSE:TPR,-0.862,$168.20,
NASDAQ:TREE,11 Aug 2025,$78.94,3,$63.86,8,0.78,$31.35,103.70%,,,,$31.51,0.51%,$84.90,170.83%,$72.71,131.93%,TREE,NASDAQ:TREE,-0.876,$56.00,14.04%
NYSE:TREX,9 Apr 2024,$83.55,2,,,0.58,$48.75,71.39%,,,,$47.77,-2.01%,$0.00,-100.00%,$0.00,-100.00%,TREX,NYSE:TREX,-0.902,$54.67,
NYSE:TRGP,1 Sep 2025,$152.25,2,$206.29,6,0.96,$277.94,-45.22%,,,,$265.12,-4.61%,$0.00,-100.00%,$0.00,-100.00%,TRGP,NYSE:TRGP,-0.723,$300.05,-31.25%
NASDAQ:TRI,26 Aug 2025,$160.83,2,,,0.67,$99.06,62.35%,,,,$99.41,0.35%,$0.00,-100.00%,$0.00,-100.00%,TRI,NASDAQ:TRI,-0.890,$122.29,
NASDAQ:TRMB,29 Jan 2026,$71.27,3,$98.71,5,0.75,$55.69,27.98%,,,,$54.21,-2.66%,$0.00,-100.00%,$0.00,-100.00%,TRMB,NASDAQ:TRMB,-0.888,$80.09,23.25%
NASDAQ:TRMK,19 Nov 2025,$39.99,3,$42.50,4,1.09,$48.13,-16.91%,,,,$47.73,-0.83%,$0.00,-100.00%,$0.00,-100.00%,TRMK,NASDAQ:TRMK,-0.652,$49.25,-13.71%
NYSE:TRN,23 Aug 2025,$33.90,4,$29.00,3,1.46,$29.87,-2.91%,,,,$29.16,-2.38%,$37.38,25.13%,-$1.82,-106.09%,TRN,NYSE:TRN,-0.516,$34.00,-14.71%
NASDAQ:TROW,8 Jan 2026,$118.25,5,$113.60,7,1.02,$110.46,2.84%,,,,$108.69,-1.60%,$0.00,-100.00%,$0.00,-100.00%,TROW,NASDAQ:TROW,-0.679,$109.92,3.35%
NASDAQ:TRST,19 Nov 2025,$40.35,3,,3,0.67,$56.80,-28.97%,,,,$56.25,-0.97%,$0.00,-100.00%,$0.00,-100.00%,TRST,NASDAQ:TRST,-0.745,$26.00,
NYSE:TRV,18 Sep 2025,$253.19,2,,,0.89,$364.51,-30.54%,,,,$363.19,-0.36%,$467.91,28.37%,$522.28,43.28%,TRV,NYSE:TRV,-0.734,$360.33,
NASDAQ:TSAT,19 Jan 2026,$24.33,2,,1,0.32,$50.55,-51.87%,,,,$47.28,-6.47%,$0.00,-100.00%,$0.00,-100.00%,TSAT,NASDAQ:TSAT,-0.901,$19.04,
NASDAQ:TSCO,23 July 2026,$47.09,3,$39.00,4,1.08,$34.68,12.46%,12.46%,$35.52,$47.09,$35.39,2.05%,$39.11,12.76%,$48.64,40.26%,TSCO,NASDAQ:TSCO,-0.659,$35.52,9.80%
NASDAQ:TSEM,9 Feb 2026,$95.60,2,$131.00,10,0.68,$263.73,-63.75%,,,,$243.86,-7.53%,$0.00,-100.00%,$0.00,-100.00%,TSEM,NASDAQ:TSEM,-0.879,$321.32,-59.23%
NASDAQ:TSLA,15 Dec 2025,$312.61,1,$386.42,7,0.61,$339.30,-7.87%,,,,$325.57,-4.05%,$345.72,1.89%,$341.01,0.50%,TSLA,NASDAQ:TSLA,-0.900,$395.34,-2.26%
NYSE:TSN,26 Jun 2026,$58.80,4,$73.00,9,1.12,$58.61,0.32%,,,,$57.12,-2.54%,$0.00,-100.00%,$0.00,-100.00%,TSN,NYSE:TSN,-0.674,$68.75,6.18%
NASDAQ:TSSI,4 Feb 2026,$12.86,4,$15.00,2,0.76,$9.48,35.65%,,,,$8.86,-6.54%,$0.00,-100.00%,$0.00,-100.00%,TSSI,NASDAQ:TSSI,-0.886,$16.50,-9.09%
NYSE:TT,31 Mar 2026,$379.88,2,$480.38,10,1.39,$475.32,-20.08%,,,,$473.42,-0.40%,$709.08,49.18%,$741.34,55.97%,TT,NYSE:TT,-0.538,$526.23,-8.71%
NYSE:TTC,3 Apr 2024,$80.79,2,,,1.01,$97.50,-17.14%,,,,$94.98,-2.58%,$163.78,67.97%,$178.57,83.15%,TTC,NYSE:TTC,-0.710,$109.25,
NASDAQ:TTGT,30 Jan 2026,$10.74,3,,,0.78,$3.74,187.10%,,,,$3.61,-3.48%,$0.00,-100.00%,$0.00,-100.00%,TTGT,NASDAQ:TTGT,-0.878,$7.67,
NASDAQ:TTMI,5 Feb 2026,$83.36,2,$100.00,7,0.69,$140.98,-40.87%,,,,$132.66,-5.90%,$0.00,-100.00%,$0.00,-100.00%,TTMI,NASDAQ:TTMI,-0.915,$214.25,-53.33%
NASDAQ:TTWO,12 Oct 2025,$173.47,1,,,0.67,$241.61,-28.20%,,,,$236.12,-2.27%,$0.00,-100.00%,$0.00,-100.00%,TTWO,NASDAQ:TTWO,-0.875,$287.11,
NYSE:TUYA,19 Aug 2025,$2.34,3,,,0.67,$1.78,31.63%,,,,$1.72,-3.37%,$3.89,118.72%,$3.94,121.40%,TUYA,NYSE:TUYA,-0.925,$3.42,
NYSE:TV,3 Oct 2025,$2.63,3,$4.70,6,1.48,$2.85,-7.67%,,,,$2.84,-0.35%,$69.17,2326.94%,$188.97,6530.47%,TV,NYSE:TV,-0.556,$3.89,20.82%
NYSE:TWI,20 Sep 2024,$12.61,3,,,0.77,$6.62,90.44%,,,,$6.45,-2.57%,$11.40,72.13%,-$0.14,-102.09%,TWI,NYSE:TWI,-0.881,$11.75,
NYSE:TWLO,27 Jan 2026,$126.44,3,$147.11,8,0.58,$228.61,-44.69%,,,,$226.67,-0.85%,$0.00,-100.00%,$0.00,-100.00%,TWLO,NYSE:TWLO,-0.896,$250.08,-41.17%
NASDAQ:TXN,19 Jan 2026,$191.02,3,,,1.25,$282.91,-32.48%,,,,$270.80,-4.28%,$340.93,20.51%,$363.19,28.38%,TXN,NASDAQ:TXN,-0.610,$324.45,
NASDAQ:TXRH,18 Sep 2025,$146.40,1,,,0.92,$204.40,-28.38%,,,,$203.04,-0.67%,$0.00,-100.00%,$0.00,-100.00%,TXRH,NASDAQ:TXRH,-0.741,$217.74,
NYSE:TYL,24 Aug 2025,$541.31,3,$682.54,7,0.72,$320.48,68.91%,,,,$316.09,-1.37%,$0.00,-100.00%,$0.00,-100.00%,TYL,NYSE:TYL,-0.887,$426.64,59.98%
NYSE:UA,23 Dec 2025,$10.78,3,$7.50,4,0.86,$5.19,44.51%,,,,$5.06,-2.50%,$0.00,-100.00%,$0.00,-100.00%,UA,NYSE:UA,-0.839,$14.00,-46.43%
NYSE:UAA,23 Dec 2025,$11.22,3,$5.58,3,0.67,$5.29,5.48%,,,,$5.15,-2.65%,$0.00,-100.00%,$0.00,-100.00%,UAA,NYSE:UAA,-0.884,$6.40,-12.81%
NYSEAMERICAN:UAMY,3 Jul 2025,$7.55,1,$4.94,7,,,#DIV/0!,,,,,#DIV/0!,-$2.00,#DIV/0!,-$2.00,#DIV/0!,UAMY,NYSEAMERICAN:UAMY,-2.000,,
NYSE:UBER,3 Feb 2026,$84.31,3,$111.26,7,0.68,$74.99,12.43%,,,,$73.06,-2.57%,$0.00,-100.00%,$0.00,-100.00%,UBER,NYSE:UBER,-0.908,$101.50,9.62%
NYSE:UBS,19 Aug 2025,$37.97,3,,,0.97,$53.44,-28.95%,,,,$52.86,-1.09%,-$215.48,-503.21%,-$221.36,-514.22%,UBS,NYSE:UBS,-0.711,$55.03,
NASDAQ:UBSI,27 May 2026,$44.17,3,$47.00,7,1.85,$48.98,-9.82%,,,,$49.06,0.16%,$0.00,-100.00%,$0.00,-100.00%,UBSI,NASDAQ:UBSI,-0.319,$50.33,-6.62%
NASDAQ:UCB,21 Oct 2025,$31.41,3,$35.00,5,,$36.63,-14.25%,,,,,-100.00%,-$2.00,-105.46%,-$2.00,-105.46%,UCB,NYSE:UCB,-2.000,,
NYSE:UCB,19 Nov 2025,$31.12,3,$35.33,7,1.25,$36.63,-15.04%,,,,$36.43,-0.55%,$0.00,-100.00%,$0.00,-100.00%,UCB,NYSE:UCB,-0.592,$38.92,-9.22%
NASDAQ:UDMY,20 Aug 2025,$10.79,4,$10.00,5,,,#DIV/0!,,,,,#DIV/0!,-$2.00,#DIV/0!,-$2.00,#DIV/0!,UDMY,NASDAQ:UDMY,-2.000,,
NYSE:UDR,10 Sep 2025,$42.82,4,$44.23,9,1.63,$37.24,14.99%,,,,$37.85,1.64%,$0.00,-100.00%,$0.00,-100.00%,UDR,NYSE:UDR,-0.437,$42.07,5.13%
NASDAQ:UFPI,31 Jan 2025,$119.95,3,$155.00,3,0.75,$88.29,35.86%,,,,$87.71,-0.66%,$167.51,89.72%,$197.60,123.81%,UFPI,NASDAQ:UFPI,-0.834,$102.00,51.96%
NASDAQ:UFPT,4 Dec 2025,$299.56,3,,5,0.66,$321.31,-6.77%,,,,$312.33,-2.79%,$0.00,-100.00%,$0.00,-100.00%,UFPT,NASDAQ:UFPT,-0.865,$355.00,
NYSE:UGP,20 Aug 2025,$4.45,3,$4.00,5,0.98,$6.48,-38.27%,,,,$5.86,-9.57%,$0.00,-100.00%,$0.00,-100.00%,UGP,NYSE:UGP,-0.706,$6.72,-40.48%
NYSE:UI,26 Jan 2026,$379.66,1,,,0.76,$583.67,-34.95%,,,,$553.87,-5.11%,$745.42,27.71%,$750.54,28.59%,UI,NYSE:UI,-0.885,$826.00,
NYSE:UIS,29 Jan 2026,$4.30,3,$4.00,5,0.78,$2.80,42.86%,,,,$2.75,-1.79%,$10.43,272.53%,$0.63,-77.57%,UIS,NYSE:UIS,-0.874,$4.81,-16.84%
NYSE:UL,10 Sep 2025,$66.09,3,$67.00,6,1.31,$61.23,7.93%,,,,$61.69,0.75%,$0.00,-100.00%,$0.00,-100.00%,UL,NYSE:UL,-0.597,$73.88,-9.31%
NYSE:ULS,19 Aug 2025,$55.15,1,,,0.86,$77.11,-28.48%,,,,$75.06,-2.66%,$0.00,-100.00%,$0.00,-100.00%,ULS,NYSE:ULS,-0.807,$97.32,
NASDAQ:UMBF,27 May 2026,$132.22,3,$147.00,9,0.74,$151.95,-12.98%,,,,$145.80,-4.05%,$0.00,-100.00%,$0.00,-100.00%,UMBF,NASDAQ:UMBF,-0.828,$167.31,-12.14%
NYSE:UMC,19 Jan 2026,$9.15,3,,,1.53,$19.53,-53.15%,,,,$18.76,-3.94%,$45.61,133.54%,$68.41,250.26%,UMC,NYSE:UMC,-0.442,$18.49,
NYSE:UNFI,24 Mar 2026,$78.83,5,$44.00,7,0.72,$48.11,-8.54%,,,,$46.89,-2.54%,-$0.21,-100.44%,$63.28,31.53%,UNFI,NYSE:UNFI,-0.821,$49.38,-10.90%
NYSE:UNM,17 Feb 2025,$69.73,2,$100.00,7,1.63,$91.51,-23.81%,,,,$92.70,1.30%,-$132.97,-245.30%,-$121.69,-232.98%,UNM,NYSE:UNM,-0.433,$101.46,-1.44%
NYSE:UNP,21 May 2024,$230.08,3,,,0.94,$299.90,-23.28%,,,,$289.20,-3.57%,$324.38,8.16%,$362.99,21.04%,UNP,NYSE:UNP,-0.739,$329.25,
NASDAQ:UPBD,5 Feb 2026,$31.13,3,$29.00,6,2.48,$19.42,49.33%,,,,$19.64,1.13%,$63.59,227.45%,$389.49,1905.60%,UPBD,NASDAQ:UPBD,-0.120,$28.25,2.65%
NASDAQ:URBN,4 Apr 2026,$63.30,3,$87.71,9,0.93,$76.64,-17.41%,,,,$74.56,-2.71%,$162.39,111.89%,$146.43,91.06%,URBN,NASDAQ:URBN,-0.747,$86.69,1.18%
NYSE:URI,9 Apr 2025,$683.12,5,$774.77,6,0.68,"$1,164.82",-41.35%,,,,"$1,094.06",-6.07%,"$1,690.14",45.10%,"$2,536.56",117.76%,URI,NYSE:URI,-0.853,"$1,272.43",-39.11%
NASDAQ:UROY,18 Aug 2025,$3.73,4,$3.44,6,0.68,$4.16,-17.31%,,,,$3.89,-6.49%,$0.00,-100.00%,$0.00,-100.00%,UROY,NASDAQ:UROY,-0.831,$4.12,-16.50%
NASDAQ:USAR,22 Jan 2026,$17.53,3,,,0.84,$19.29,-9.12%,,,,$18.13,-6.01%,$0.00,-100.00%,$0.00,-100.00%,USAR,NASDAQ:USAR,-0.850,$37.38,
NYSE:USB,20 Mar 2026,$56.96,3,$64.06,8,1.55,$64.87,-12.19%,,,,$64.93,0.09%,$0.00,-100.00%,$0.00,-100.00%,USB,NYSE:USB,-0.462,$70.32,-8.90%
NYSEAMERICAN:USBC,29 Jan 2026,$0.61,1,,,,$0.37,64.86%,,,,,-100.00%,-$2.00,-640.54%,-$2.00,-640.54%,USBC,NYSEAMERICAN:USBC,-2.000,,
NASDAQ:UTHR,23 Dec 2025,$479.02,3,$521.25,5,0.89,$508.48,-5.79%,,,,$485.45,-4.53%,$0.00,-100.00%,$0.00,-100.00%,UTHR,NASDAQ:UTHR,-0.800,$653.23,-20.20%
NYSE:UTL,23 Jun 2026,$55.21,4,,,1.14,$54.06,2.12%,,,,$52.26,-3.33%,$0.00,-100.00%,$0.00,-100.00%,UTL,NYSE:UTL,-0.634,$55.33,
NASDAQ:UVSP,19 Nov 2025,$30.95,3,$34.00,4,1.68,$43.06,-28.11%,,,,$43.04,-0.05%,$0.00,-100.00%,$0.00,-100.00%,UVSP,NASDAQ:UVSP,-0.401,$45.50,-25.27%
NYSE:UVV,17 Mar 2026,$66.56,4,,2,2.04,$44.32,50.18%,,,,$44.87,1.24%,$0.00,-100.00%,$0.00,-100.00%,UVV,NYSE:UVV,-0.314,$67.00,
NYSE:UWMC,26 Jun 2026,$3.01,4,$4.39,2,2.31,$1.49,102.01%,,,,$1.56,4.70%,$0.00,-100.00%,$0.00,-100.00%,UWMC,NYSE:UWMC,-0.194,$2.22,97.75%
NYSE:V,7 Sep 2025,$315.05,2,$397.95,10,1.00,$358.84,-12.20%,,,,$358.21,-0.18%,$569.87,58.81%,$583.72,62.67%,V,NYSE:V,-0.725,$416.20,-4.38%
NYSE:VAL,30 Jun 2026,$84.57,3,$98.00,7,0.40,$87.08,-2.88%,,,,$82.91,-4.79%,$0.00,-100.00%,$0.00,-100.00%,VAL,NYSE:VAL,-0.908,$69.05,41.93%
NYSE:VALE,14 Jan 2026,$14.72,4,$14.34,10,0.78,$13.75,4.29%,,,,$13.27,-3.49%,$0.00,-100.00%,$0.00,-100.00%,VALE,NYSE:VALE,-0.837,$16.82,-14.74%
NASDAQ:VBNK,24 Aug 2025,$12.54,3,$12.24,3,0.78,$19.99,-38.77%,,,,$19.47,-2.60%,-$36.92,-284.71%,-$36.29,-281.55%,VBNK,NASDAQ:VBNK,-0.832,$24.00,-49.00%
NASDAQ:VECO,5 Sep 2025,$35.14,3,$26.33,4,0.52,$54.40,-51.60%,,,,$49.62,-8.79%,$0.00,-100.00%,$0.00,-100.00%,VECO,NASDAQ:VECO,-0.930,$61.33,-57.07%
NYSE:VFC,26 Aug 2025,$31.37,5,$14.25,6,1.38,$14.48,-1.59%,,,,$14.57,0.62%,$141.33,876.07%,$4.36,-69.89%,VFC,NYSE:VFC,-0.587,$18.77,-24.08%
NASDAQ:VIAV,30 Jan 2026,$16.67,1,$25.06,2,0.66,$46.26,-63.95%,,,,$40.91,-11.57%,$0.00,-100.00%,$0.00,-100.00%,VIAV,NASDAQ:VIAV,-0.915,$61.43,-59.21%
NYSE:VICI,19 Jun 2026,$33.66,5,$34.09,9,2.01,$25.96,29.66%,,,,$26.46,1.93%,$52.46,102.09%,$52.52,102.32%,VICI,NYSE:VICI,-0.297,$32.71,4.22%
NASDAQ:VICR,30 Jan 2026,$121.65,1,$187.50,8,0.81,$253.50,-52.01%,,,,$218.84,-13.67%,$0.00,-100.00%,$0.00,-100.00%,VICR,NASDAQ:VICR,-0.861,$386.25,-51.46%
NASDAQ:VISN,14 Aug 2026,$10.60,3,,,4.19,$11.66,-9.05%,-9.05%,$10.60,$14.67,$11.99,2.83%,$0.00,-100.00%,$0.00,-100.00%,VISN,NASDAQ:VISN,0.672,$14.67,
NYSE:VIST,13 Jun 2025,$50.56,3,$70.00,6,0.77,$72.16,-29.94%,,,,$64.68,-10.37%,$256.57,255.55%,$408.92,466.69%,VIST,NYSE:VIST,-0.873,$98.42,-28.88%
NYSE:VIV,17 Feb 2025,$11.28,3,$11.80,5,0.97,$11.40,-1.07%,,,,$11.01,-3.42%,$35.38,210.32%,$73.95,548.68%,VIV,NYSE:VIV,-0.770,$14.93,-20.96%
NASDAQ:VLGEA,17 Mar 2026,$43.63,3,,6,0.97,$42.80,1.94%,,,,$42.28,-1.21%,$110.93,159.18%,$166.41,288.80%,VLGEA,NASDAQ:VLGEA,-0.610,,
NYSE:VLN,9 Feb 2026,$2.14,3,$3.33,6,0.70,$1.91,12.04%,,,,$1.84,-3.66%,$0.00,-100.00%,$0.00,-100.00%,VLN,NYSE:VLN,-0.910,$4.00,-16.75%
NYSE:VLO,29 Jun 2026,$198.17,1,$266.27,9,0.81,$347.19,-42.92%,,,,$334.37,-3.69%,$847.73,144.17%,$948.07,173.07%,VLO,NYSE:VLO,-0.751,$312.42,-14.77%
NYSE:VLRS,22 Aug 2025,$7.94,3,$7.67,4,0.84,$7.60,0.92%,,,,$7.62,0.26%,$104.43,1274.04%,$110.58,1355.02%,VLRS,NYSE:VLRS,-0.815,$9.42,-18.58%
NASDAQ:VLY,19 Nov 2025,$10.95,3,$13.73,9,1.50,$14.94,-26.69%,,,,$14.94,0.00%,$0.00,-100.00%,$0.00,-100.00%,VLY,NASDAQ:VLY,-0.495,$16.73,-17.93%
NYSE:VMC,31 Dec 2025,$246.19,1,$331.22,9,0.72,$278.15,-11.49%,,,,$270.78,-2.65%,$304.45,9.46%,$394.51,41.83%,VMC,NYSE:VMC,-0.852,$325.55,1.74%
NASDAQ:VNDA,13 Nov 2025,$5.38,3,$15.50,8,0.74,$5.26,2.24%,,,,$4.81,-8.56%,$0.00,-100.00%,$0.00,-100.00%,VNDA,NASDAQ:VNDA,-0.893,$12.19,27.15%
NASDAQ:VNET,9 Feb 2026,$7.43,1,$13.80,7,0.65,$7.92,-6.21%,,,,$7.26,-8.33%,-$11.54,-245.67%,-$2.69,-133.98%,VNET,NASDAQ:VNET,-0.932,$15.08,-8.49%
NYSE:VNO,28 May 2026,$40.08,3,$31.60,8,0.89,$37.90,-16.62%,,,,$38.22,0.84%,$0.00,-100.00%,$0.00,-100.00%,VNO,NYSE:VNO,-0.753,$40.15,-21.30%
NYSEAMERICAN:VNRX,11 Dec 2025,$0.32,1,$2.25,8,,$0.50,-36.00%,,,,,-100.00%,-$2.00,-500.00%,-$2.00,-500.00%,VNRX,NYSEAMERICAN:VNRX,-2.000,,
NYSE:VNT,11 Feb 2026,$45.33,3,$47.25,4,0.71,$32.33,40.20%,,,,$31.99,-1.05%,$0.00,-100.00%,$0.00,-100.00%,VNT,NYSE:VNT,-0.877,$41.05,15.10%
NASDAQ:VRDN,19 May 2025,$24.97,4,$37.70,3,0.75,$23.09,8.14%,,,,$21.02,-8.96%,$0.00,-100.00%,$0.00,-100.00%,VRDN,NASDAQ:VRDN,-0.891,$36.62,2.95%
NASDAQ:VREX,16 Dec 2025,$15.01,4,$15.33,7,0.53,$18.46,-18.69%,,,,$17.97,-2.65%,$0.00,-100.00%,$0.00,-100.00%,VREX,NASDAQ:VREX,-0.887,$17.48,-12.30%
NASDAQ:VRRM,30 Jan 2026,$22.14,4,$25.00,5,0.80,$4.60,381.29%,,,,$4.59,-0.22%,$0.00,-100.00%,$0.00,-100.00%,VRRM,NASDAQ:VRRM,-0.867,$7.00,257.14%
NASDAQ:VSAT,30 Jan 2026,$27.54,2,$45.00,6,0.59,$81.41,-66.17%,,,,$78.35,-3.76%,$0.00,-100.00%,$0.00,-100.00%,VSAT,NASDAQ:VSAT,-0.926,$101.44,-55.64%
NYSE:VSCO,12 Jun 2025,$36.51,5,$22.56,8,4.23,$51.73,-56.39%,,,,$0.00,-100.00%,$247.33,378.12%,$274.77,431.17%,VSCO,NYSE:VSCO,-1.000,$64.44,-64.99%
NYSE:VSH,28 Jan 2026,$21.32,3,$16.00,5,0.79,$35.58,-55.03%,,,,$32.70,-8.09%,$0.00,-100.00%,$0.00,-100.00%,VSH,NYSE:VSH,-0.805,$39.00,-58.97%
NYSE:VTEX,15 Dec 2025,$4.81,3,$6.10,1,0.72,$3.53,36.40%,,,,$3.60,1.98%,$0.00,-100.00%,$0.00,-100.00%,VTEX,NYSE:VTEX,-0.901,$5.96,2.35%
NYSE:VTMX,15 Jun 2025,$34.66,3,$21.00,5,1.56,$33.80,-37.87%,,,,$33.86,0.18%,$37.48,10.88%,$37.72,11.61%,VTMX,NYSE:VTMX,-0.460,$36.90,-43.09%
NYSE:VTR,19 Sep 2025,$68.32,3,$76.83,9,1.93,$91.17,-25.06%,,,,$90.67,-0.55%,$98.32,7.84%,$149.10,63.54%,VTR,NYSE:VTR,-0.299,$100.64,-23.66%
NASDAQ:VVPR,9 Feb 2026,$2.07,3,,,,,#DIV/0!,,,,,#DIV/0!,-$2.00,#DIV/0!,-$2.00,#DIV/0!,VVPR,NASDAQ:VVPR,-2.000,,
NYSE:VVV,18 Sep 2025,$45.89,3,,,0.82,$33.80,35.78%,,,,$32.81,-2.93%,$0.00,-100.00%,$0.00,-100.00%,VVV,NYSE:VVV,-0.832,$43.20,
NYSE:VVX,11 Aug 2025,$66.16,5,$61.22,3,0.58,$82.65,-25.93%,,,,$79.01,-4.40%,$0.00,-100.00%,$0.00,-100.00%,VVX,NYSE:VVX,-0.891,$89.09,-31.28%
NYSE:VYX,25 Feb 2026,$13.06,5,$15.13,6,0.72,$7.70,69.57%,,,,$7.91,2.73%,$0.00,-100.00%,$0.00,-100.00%,VYX,NYSE:VYX,-0.902,$12.96,16.74%
NYSEAMERICAN:VZLA,14 Aug 2025,$4.47,,$4.07,8,0.81,$3.65,11.51%,,,,$3.64,-0.27%,$3.86,5.70%,$3.86,5.74%,VZLA,NYSEAMERICAN:VZLA,-0.862,$6.71,-39.34%
NYSE:WAB,23 Aug 2025,$179.00,2,,,0.68,$300.65,-40.46%,,,,$289.97,-3.55%,$305.27,1.54%,$418.61,39.24%,WAB,NYSE:WAB,-0.851,$329.17,
NASDAQ:WABC,1 Jun 2026,$57.44,3,$58.00,4,1.72,$59.50,-3.46%,,,,$59.77,0.45%,$0.00,-100.00%,$0.00,-100.00%,WABC,NASDAQ:WABC,-0.387,$64.00,-9.38%
NASDAQ:WAFD,27 May 2026,$37.31,3,$37.00,8,1.62,$37.76,-2.01%,,,,$37.59,-0.45%,$0.00,-100.00%,$0.00,-100.00%,WAFD,NASDAQ:WAFD,-0.419,$39.00,-5.13%
NYSE:WAL,14 Jul 2026,$86.73,3,$90.38,7,1.10,$81.72,6.14%,,,,$80.85,-1.06%,$0.00,-100.00%,$0.00,-100.00%,WAL,NYSE:WAL,-0.676,$93.07,-2.89%
NASDAQ:WASH,27 May 2026,$34.83,3,$33.33,8,1.54,$40.22,-17.13%,,,,$39.90,-0.80%,$0.00,-100.00%,$0.00,-100.00%,WASH,NASDAQ:WASH,-0.437,$38.00,-12.29%
NYSE:WBS,10 Mar 2026,$76.23,3,$74.69,7,1.04,$78.69,-5.08%,,,,$77.95,-0.94%,-$286.42,-463.99%,-$280.69,-456.70%,WBS,NYSE:WBS,-0.664,$76.18,-1.96%
NYSE:WD,23 Dec 2025,$82.23,3,$84.00,6,1.40,$40.70,102.05%,,,,$41.99,3.17%,$0.00,-100.00%,$0.00,-100.00%,WD,NYSE:WD,-0.599,$62.00,35.48%
NASDAQ:WDC,23 Aug 2024,$68.21,3,,,0.67,$536.01,-87.27%,,,,$473.76,-11.61%,$0.00,-100.00%,$0.00,-100.00%,WDC,NASDAQ:WDC,-0.888,$662.12,
NYSE:WDS,18 May 2026,$26.11,4,,6,0.84,$23.61,10.59%,,,,$22.67,-3.98%,$0.00,-100.00%,$0.00,-100.00%,WDS,NYSE:WDS,-0.755,$23.21,
NYSE:WEC,14 Jan 2026,$103.97,2,,,1.02,$110.49,-5.90%,,,,$107.80,-2.43%,$43.28,-60.83%,$23.11,-79.09%,WEC,NYSE:WEC,-0.702,$122.09,
NYSE:WELL,18 Sep 2025,$151.80,2,,,0.90,$235.30,-35.49%,,,,$229.77,-2.35%,$257.97,9.64%,$280.20,19.08%,WELL,NYSE:WELL,-0.754,$255.50,
NASDAQ:WEN,9 Sep 2025,$16.85,3,$11.97,6,1.13,$8.62,38.86%,,,,$8.45,-1.97%,$0.00,-100.00%,$0.00,-100.00%,WEN,NASDAQ:WEN,-0.609,$7.79,53.66%
NYSE:WF,19 Nov 2025,$51.73,3,,,0.87,$71.48,-27.63%,,,,$69.45,-2.84%,$0.00,-100.00%,$0.00,-100.00%,WF,NYSE:WF,-0.823,$96.27,
NYSE:WFC,14 Aug 2025,$71.42,3,$87.67,6,1.25,$87.54,-18.41%,,,,$87.22,-0.37%,$0.00,-100.00%,$0.00,-100.00%,WFC,NYSE:WFC,-0.608,$100.24,-12.54%
NYSE:WFG,24 Oct 2025,$81.03,3,$95.74,7,0.99,$68.41,18.45%,,,,$67.75,-0.96%,$139.51,103.93%,$256.07,274.32%,WFG,NYSE:WFG,-0.746,$84.83,12.86%
NASDAQ:WFRD,20 Jul 2026,$84.88,3,$121.00,10,1.04,$93.08,-8.81%,-8.81%,$84.88,$121.00,$91.20,-2.02%,$188.25,102.24%,$254.88,173.82%,WFRD,NASDAQ:WFRD,-0.729,$117.17,3.27%
NYSE:WGO,13 Sep 2024,$83.32,5,,,0.99,$31.58,163.82%,,,,$30.92,-2.09%,$0.00,-100.00%,$0.00,-100.00%,WGO,NYSE:WGO,-0.739,$38.00,
NYSE:WHD,18 Feb 2026,$69.67,3,$55.50,5,0.86,$73.45,-24.44%,,,,$71.51,-2.64%,$115.76,57.60%,$132.99,81.06%,WHD,NYSE:WHD,-0.731,$66.67,-16.75%
NYSE:WIT,19 Jan 2026,$2.58,2,,7,1.03,$1.91,35.07%,,,,$1.91,0.00%,$170.80,8842.37%,$217.45,11284.93%,WIT,NYSE:WIT,-0.658,$1.75,
NYSE:WK,10 Feb 2026,$82.53,4,$109.00,8,0.56,$69.87,18.12%,,,,$68.27,-2.29%,$0.00,-100.00%,$0.00,-100.00%,WK,NYSE:WK,-0.908,$77.20,41.19%
NYSE:WKC,16 Sep 2025,$32.51,4,$29.00,6,1.31,$35.64,-18.63%,,,,$35.93,0.81%,-$4.94,-113.86%,$12.19,-65.78%,WKC,NYSE:WKC,-0.563,$37.67,-23.02%
NASDAQ:WKHS,12 Dec 2024,$1.13,,,4,,$3.31,-65.86%,,,,,-100.00%,-$2.00,-160.42%,-$2.00,-160.42%,WKHS,NASDAQ:WKHS,-2.000,,
NYSE:WMB,22 Jan 2026,$57.39,2,$71.00,9,1.06,$73.45,-21.87%,,,,$72.41,-1.42%,$0.00,-100.00%,$0.00,-100.00%,WMB,NYSE:WMB,-0.697,$84.90,-16.37%
NYSE:WMK,17 Mar 2026,$74.25,4,,4,0.62,$70.25,5.70%,,,,$68.97,-1.82%,$0.00,-100.00%,$0.00,-100.00%,WMK,NYSE:WMK,-0.770,$31.00,
NYSE:WMS,5 May 2025,$162.55,3,$140.71,7,0.68,$147.98,-4.91%,,,,$144.11,-2.62%,$0.00,-100.00%,$0.00,-100.00%,WMS,NYSE:WMS,-0.883,$183.36,-23.26%
NYSE:WOR,16 Dec 2024,$43.00,4,,4,0.74,$57.71,-25.49%,,,,$56.82,-1.54%,$84.29,46.06%,$96.99,68.06%,WOR,NYSE:WOR,-0.836,$65.60,
NYSE:WPM,19 Nov 2025,$65.01,2,$128.93,7,0.71,$136.61,-52.41%,,,,$129.58,-5.15%,$0.00,-100.00%,$0.00,-100.00%,WPM,NYSE:WPM,-0.876,$172.95,-25.45%
NYSE:WPP,9 Sep 2025,$37.50,3,,6,1.21,$25.84,45.10%,,,,$26.67,3.21%,$0.00,-100.00%,$0.00,-100.00%,WPP,NYSE:WPP,-0.553,$20.80,
NASDAQ:WRLD,19 Nov 2025,$145.37,3,,1,0.47,$190.00,-23.49%,,,,$182.63,-3.88%,$0.00,-100.00%,$0.00,-100.00%,WRLD,NASDAQ:WRLD,-0.950,$210.00,
NASDAQ:WSBC,27 May 2026,$35.79,3,$39.75,9,0.93,$42.48,-15.75%,,,,$41.95,-1.25%,$0.00,-100.00%,$0.00,-100.00%,WSBC,NASDAQ:WSBC,-0.730,$44.50,-10.67%
NASDAQ:WSC,19 Aug 2025,$32.85,3,$33.40,7,0.83,$23.58,39.32%,,,,$22.41,-4.96%,$0.00,-100.00%,$0.00,-100.00%,WSC,NASDAQ:WSC,-0.818,$29.40,13.61%
NASDAQ:WSFS,27 May 2026,$70.81,3,$78.70,6,0.82,$81.81,-13.44%,,,,$79.92,-2.31%,$0.00,-100.00%,$0.00,-100.00%,WSFS,NASDAQ:WSFS,-0.790,$88.92,-11.49%
NYSE:WSM,19 Aug 2025,$178.74,2,,,0.74,$240.42,-25.65%,,,,$235.32,-2.12%,$275.21,14.47%,$297.79,23.86%,WSM,NYSE:WSM,-0.793,$229.25,
NYSE:WSO,1 Jul 2024,$356.65,1,,,1.15,$311.86,14.36%,,,,$305.55,-2.02%,$0.00,-100.00%,$0.00,-100.00%,WSO,NYSE:WSO,-0.674,$382.20,
NYSE:WT,27 Aug 2025,$14.51,4,$13.88,8,0.77,$23.09,-39.89%,,,,$22.20,-3.85%,$0.00,-100.00%,$0.00,-100.00%,WT,NYSE:WT,-0.772,$21.33,-34.93%
NASDAQ:WTFC,28 Apr 2026,$145.18,3,$179.88,8,1.05,$160.96,-9.80%,,,,$158.53,-1.51%,$0.00,-100.00%,$0.00,-100.00%,WTFC,NASDAQ:WTFC,-0.692,$180.07,-0.11%
NYSE:WTS,19 Nov 2025,$243.48,2,$290.50,3,0.67,$385.18,-36.79%,,,,$370.47,-3.82%,$0.00,-100.00%,$0.00,-100.00%,WTS,NYSE:WTS,-0.838,$393.00,-26.08%
NASDAQ:WTW,3 Sep 2025,$319.57,3,,,0.72,$326.06,-1.99%,,,,$322.27,-1.16%,$395.86,21.41%,$472.13,44.80%,WTW,NASDAQ:WTW,-0.845,$374.74,
NYSE:WU,9 Sep 2025,$14.43,3,$8.65,5,2.35,$7.18,20.47%,,,,$7.39,2.92%,$0.00,-100.00%,$0.00,-100.00%,WU,NYSE:WU,-0.085,$7.09,22.00%
NASDAQ:WULF,23 Dec 2025,$11.85,3,$21.73,10,0.94,$17.60,-32.64%,,,,$15.98,-9.20%,$0.00,-100.00%,$0.00,-100.00%,WULF,NASDAQ:WULF,-0.805,$36.64,-40.69%
NASDAQ:WVE,19 Aug 2025,$9.10,3,,,0.85,$5.09,78.70%,,,,$5.03,-1.18%,$0.00,-100.00%,$0.00,-100.00%,WVE,NASDAQ:WVE,-0.845,$19.06,
NYSE:WWW,24 May 2026,$24.95,5,$22.50,8,0.92,$19.83,13.46%,,,,$19.62,-1.06%,$0.00,-100.00%,$0.00,-100.00%,WWW,NYSE:WWW,-0.770,$24.00,-6.25%
NASDAQ:XEL,18 Sep 2025,$67.13,2,,,1.32,$79.21,-15.25%,,,,$78.34,-1.10%,$0.00,-100.00%,$0.00,-100.00%,XEL,NASDAQ:XEL,-0.581,$92.24,
NASDAQ:XGN,25 Aug 2025,$7.35,3,,,0.77,$6.70,9.76%,,,,$6.33,-5.52%,$0.00,-100.00%,$0.00,-100.00%,XGN,NASDAQ:XGN,-0.878,$9.86,
NASDAQ:XMTR,23 Dec 2025,$38.29,2,,,0.67,$89.73,-57.33%,,,,$91.95,2.47%,$0.00,-100.00%,$0.00,-100.00%,XMTR,NASDAQ:XMTR,-0.884,$109.12,
NASDAQ:XNET,11 Feb 2026,$5.15,3,,5,0.75,$4.97,3.66%,,,,$4.95,-0.40%,$0.00,-100.00%,$0.00,-100.00%,XNET,NASDAQ:XNET,-0.887,$12.00,
NYSE:XOM,23 Aug 2024,$132.36,4,,,1.12,$161.46,-18.02%,,,,$157.97,-2.16%,$0.00,-100.00%,$0.00,-100.00%,XOM,NYSE:XOM,-0.646,$168.55,
NASDAQ:XP,26 Jun 2026,$17.06,3,$24.00,4,1.39,$15.70,8.66%,,,,$15.44,-1.66%,-$720.07,-4686.42%,-$717.93,-4672.81%,XP,NASDAQ:XP,-0.604,$22.51,6.62%
NASDAQ:XPEL,29 Nov 2024,$53.10,3,,,0.73,$50.00,6.20%,,,,$48.12,-3.76%,$0.00,-100.00%,$0.00,-100.00%,XPEL,NASDAQ:XPEL,-0.863,$61.67,
NYSE:XPEV,15 Dec 2025,$20.30,3,$29.67,6,0.77,$12.20,66.42%,,,,$11.35,-6.97%,$3.04,-75.05%,$3.04,-75.05%,XPEV,NYSE:XPEV,-0.879,$22.06,34.50%
NYSE:XYF,9 Sep 2025,$13.63,3,,,,$5.30,157.11%,,,,,-100.00%,-$2.00,-137.74%,-$2.00,-137.74%,XYF,NYSE:XYF,-2.000,,
NYSE:XYL,11 Nov 2025,$146.77,2,,,0.81,$117.47,24.94%,,,,$116.42,-0.89%,$153.91,31.02%,$193.81,64.99%,XYL,NYSE:XYL,-0.841,$153.41,
NYSE:XYZ,11 Feb 2026,$75.58,3,,,0.65,$80.20,-5.76%,,,,$80.07,-0.16%,$0.00,-100.00%,$0.00,-100.00%,XYZ,NYSE:XYZ,-0.893,$97.97,
NYSE:YALA,11 Feb 2026,$6.10,3,,6,0.79,$5.34,14.23%,,,,$5.24,-1.87%,$0.00,-100.00%,$0.00,-100.00%,YALA,NYSE:YALA,-0.873,$8.40,
NASDAQ:YB,11 Feb 2026,$20.18,3,,,,$14.38,40.32%,,,,,-100.00%,-$2.00,-113.91%,-$2.00,-113.91%,YB,NASDAQ:YB,-2.000,,
NYSE:YMM,11 Feb 2026,$11.83,4,$11.96,6,0.95,$8.84,33.82%,,,,$8.55,-3.28%,$22.95,159.56%,$22.96,159.74%,YMM,NYSE:YMM,-0.801,$12.64,-5.38%
NYSE:YPF,12 Feb 2026,$42.64,3,$39.40,2,0.60,$52.70,-25.24%,,,,$48.08,-8.77%,$0.00,-100.00%,$0.00,-100.00%,YPF,NYSE:YPF,-0.898,$60.07,-34.41%
NYSE:YUM,18 Sep 2025,$140.70,3,,,0.95,$145.14,-3.06%,,,,$145.95,0.56%,$0.00,-100.00%,$0.00,-100.00%,YUM,NYSE:YUM,-0.753,$173.38,
NASDAQ:YYGH,19 Aug 2025,$1.90,3,,,0.26,$1.44,32.26%,,,,$1.21,-15.97%,$0.00,-100.00%,$0.00,-100.00%,YYGH,NASDAQ:YYGH,-0.897,,
NYSE:ZBH,11 Dec 2025,$110.32,5,$103.50,5,0.82,$98.20,5.40%,,,,$97.29,-0.93%,$0.00,-100.00%,$0.00,-100.00%,ZBH,NYSE:ZBH,-0.788,$107.57,-3.78%
NASDAQ:ZBRA,30 Jan 2026,$311.75,3,$319.75,8,0.59,$371.26,-16.03%,,,,$360.83,-2.81%,$0.00,-100.00%,$0.00,-100.00%,ZBRA,NASDAQ:ZBRA,-0.890,$405.31,-21.11%
NASDAQ:ZD,23 Feb 2024,$75.69,3,,,0.97,$54.31,39.37%,,,,$54.22,-0.17%,$0.00,-100.00%,$0.00,-100.00%,ZD,NASDAQ:ZD,-0.743,$64.40,
NASDAQ:ZEUS,22 Aug 2025,$42.35,3,$38.00,3,1.97,$47.86,-20.60%,,,,$0.00,-100.00%,$0.00,-100.00%,$0.00,-100.00%,ZEUS,NASDAQ:ZEUS,-1.000,$38.00,0.00%
NYSE:ZGN,23 Dec 2025,$14.49,4,$11.45,8,0.89,$13.37,-14.36%,,,,$12.80,-4.26%,$0.00,-100.00%,$0.00,-100.00%,ZGN,NYSE:ZGN,-0.763,$14.93,-23.31%
NYSE:ZH,3 Sep 2025,$6.32,4,,8,,$3.19,98.21%,,,,,-100.00%,-$2.00,-162.70%,-$2.00,-162.70%,ZH,NYSE:ZH,-2.000,,
NYSE:ZIM,19 Nov 2025,$20.23,4,$11.83,3,2.62,$28.81,-58.94%,,,,$28.77,-0.14%,$81.42,182.62%,$185.10,542.47%,ZIM,NYSE:ZIM,0.066,$24.30,-51.32%
NASDAQ:ZION,12 Oct 2025,$55.40,3,,,1.44,$71.58,-22.60%,,,,$71.26,-0.45%,$0.00,-100.00%,$0.00,-100.00%,ZION,NASDAQ:ZION,-0.502,$74.95,
NASDAQ:LULU,30 Mar 2026,$260.18,3,$182.42,2,0.55,$115.74,57.61%,,,,$114.24,-1.30%,$178.82,54.50%,$259.63,124.32%,LULU,NASDAQ:LULU,-0.913,$127.92,42.60%
NYSE:LOW,26 Mar 2026,$245.53,4,$293.29,8,1.04,$215.81,13.77%,,,,$213.21,-1.20%,$309.64,43.48%,$357.72,65.76%,LOW,NYSE:LOW,-0.719,$261.06,12.35%
NYSE:OII,30 Jun 2026,$31.11,2,$38.00,10,0.44,$54.11,-42.50%,,,,$49.70,-8.15%,$0.00,-100.00%,$0.00,-100.00%,OII,NYSE:OII,-0.906,$46.00,-17.39%
NASDAQ:SPOK,10 Apr 2026,$17.65,5,$14.00,4,2.52,$10.99,27.39%,,,,$11.06,0.64%,$20.15,83.39%,$21.91,99.39%,SPOK,NASDAQ:SPOK,-0.075,$14.00,0.00%
NYSE:HTGC,30 Mar 2026,$16.87,3,$19.25,4,2.37,$16.54,1.99%,,,,$16.85,1.87%,$49.90,201.67%,$52.45,217.11%,HTGC,NYSE:HTGC,-0.115,$19.17,0.42%
NASDAQ:RWAY,30 Mar 2026,$9.18,4,$8.00,6,1.83,$6.45,24.03%,,,,$6.87,6.51%,$0.00,-100.00%,$0.00,-100.00%,RWAY,NASDAQ:RWAY,-0.385,$8.38,-4.53%
NASDAQ:CCAP,30 Mar 2026,$15.59,3,$14.25,6,1.67,$10.82,31.70%,,,,$11.12,2.77%,$0.00,-100.00%,$0.00,-100.00%,CCAP,NASDAQ:CCAP,-0.430,$12.79,11.42%
NASDAQ:CCEP,19 Mar 2026,$99.72,3,$108.12,7,0.93,$105.57,-5.54%,,,,$105.70,0.12%,$0.00,-100.00%,$0.00,-100.00%,CCEP,NASDAQ:CCEP,-0.734,$112.60,-3.98%
NASDAQ:CIVB,19 Mar 2026,$24.05,3,$27.33,6,1.65,$28.36,-15.20%,,,,$28.44,0.28%,$0.00,-100.00%,$0.00,-100.00%,CIVB,NASDAQ:CIVB,-0.420,$31.17,-12.32%
NASDAQ:AUPH,1 Jun 2026,$13.51,3,$15.67,7,0.60,$15.29,-11.67%,,,,$14.48,-5.30%,$0.00,-100.00%,$0.00,-100.00%,AUPH,NASDAQ:AUPH,-0.892,$17.00,-7.82%
NASDAQ:CASS,24 Jun 2026,$50.17,3,,,1.16,$57.26,-12.38%,,,,$57.73,0.82%,$0.00,-100.00%,$0.00,-100.00%,CASS,NASDAQ:CASS,-0.625,$59.50,
NASDAQ:EXEL,1 May 2026,$47.67,3,$46.00,6,0.71,$52.32,-12.08%,,,,$49.03,-6.29%,$0.00,-100.00%,$0.00,-100.00%,EXEL,NASDAQ:EXEL,-0.822,$52.94,-13.11%
NASDAQ:PBYI,1 Jun 2026,$5.88,3,$5.00,6,0.44,$8.82,-43.31%,,,,$8.31,-5.78%,$0.00,-100.00%,$0.00,-100.00%,PBYI,NASDAQ:PBYI,-0.865,$6.00,-16.67%
NASDAQ:LEGH,29 Jun 2026,$32.03,4,$28.00,8,0.49,$29.10,-3.78%,,,,$27.92,-4.05%,$0.00,-100.00%,$0.00,-100.00%,LEGH,NASDAQ:LEGH,-0.875,$24.00,16.67%
NYSE:UHS,30 Mar 2026,$213.24,5,$245.00,3,0.63,$170.53,25.05%,,,,$164.91,-3.30%,$0.00,-100.00%,$0.00,-100.00%,UHS,NYSE:UHS,-0.884,$193.94,26.33%
NYSE:EMA,30 Mar 2026,$47.50,2,,,1.03,$51.16,-7.15%,,,,$50.66,-0.98%,$0.00,-100.00%,$0.00,-100.00%,EMA,NYSE:EMA,-0.724,$62.50,
NYSE:NXDT,30 Mar 2026,$4.25,3,,,1.76,$4.95,-14.14%,,,,$5.06,2.22%,$0.00,-100.00%,$0.00,-100.00%,NXDT,NYSE:NXDT,-0.296,,
NASDAQ:LOGI,30 Mar 2026,$102.94,4,$112.27,6,1.09,$101.12,1.80%,,,,$101.95,0.82%,$178.89,76.91%,$187.75,85.67%,LOGI,NASDAQ:LOGI,-0.664,$108.60,3.38%
NASDAQ:ACAD,14 Jun 2026,$22.38,3,$32.18,7,0.59,$29.01,-22.84%,,,,$27.05,-6.76%,$0.00,-100.00%,$0.00,-100.00%,ACAD,NASDAQ:ACAD,-0.908,$33.65,-4.37%
NASDAQ:PDEX,31 Mar 2026,$63.00,4,,5,0.70,$67.15,-6.18%,,,,$64.93,-3.31%,$90.24,34.38%,$97.59,45.33%,PDEX,NASDAQ:PDEX,-0.832,$70.00,
NYSE:HLF,10 Apr 2026,$16.11,3,$15.00,10,0.70,$11.99,25.10%,,,,$11.70,-2.42%,$0.00,-100.00%,$0.00,-100.00%,HLF,NYSE:HLF,-0.913,$17.00,-11.76%
NASDAQ:INVA,27 May 2026,$23.82,3,$34.50,8,0.81,$20.96,13.62%,,,,$20.18,-3.72%,$0.00,-100.00%,$0.00,-100.00%,INVA,NASDAQ:INVA,-0.864,$35.00,-1.43%
NYSE:MTH,31 Mar 2026,$81.04,5,$83.50,1,1.12,$72.23,12.20%,,,,$72.08,-0.21%,$129.57,79.38%,$133.28,84.52%,MTH,NYSE:MTH,-0.669,$82.38,1.36%
NYSE:CBT,29 Apr 2026,$98.58,5,$78.00,6,1.08,$86.40,-9.72%,,,,$85.06,-1.55%,$0.00,-100.00%,$0.00,-100.00%,CBT,NYSE:CBT,-0.667,$91.33,-14.60%
NASDAQ:JOYY,21 May 2026,$63.47,5,,,0.99,$73.62,-13.78%,,,,$71.46,-2.93%,$162.70,121.00%,$189.67,157.64%,JOYY,NASDAQ:JOYY,-0.710,$79.87,
NASDAQ:MU,22 Apr 2026,$420.62,3,$543.20,8,0.76,"$1,011.75",-58.43%,,,,$930.57,-8.02%,"$1,620.12",60.13%,"$1,724.58",70.45%,MU,NASDAQ:MU,-0.884,"$1,501.98",-63.83%
NASDAQ:MDXG,22 Apr 2026,$5.83,3,$8.00,7,0.77,$4.19,39.24%,,,,$4.01,-4.30%,$9.68,131.14%,$10.17,142.68%,MDXG,NASDAQ:MDXG,-0.879,$7.00,14.29%
NASDAQ:RIGL,4 Apr 2026,$33.48,4,$45.67,9,0.74,$42.45,-21.13%,,,,$39.40,-7.18%,$0.00,-100.00%,$0.00,-100.00%,RIGL,NASDAQ:RIGL,-0.893,$61.20,-25.38%
NASDAQ:BKNG,15 Jun 2026,$206.77,5,$220.15,7,0.65,$204.76,0.98%,,,,$206.09,0.65%,$0.00,-100.00%,$0.00,-100.00%,BKNG,NASDAQ:BKNG,-0.882,$237.81,-7.43%
NASDAQ:RMR,15 Jun 2026,$22.56,4,$21.00,7,1.81,$20.38,3.04%,,,,$20.19,-0.93%,$0.00,-100.00%,$0.00,-100.00%,RMR,NASDAQ:RMR,-0.332,$20.75,1.20%
NYSE:REX,7 Apr 2026,$45.52,3,,,0.77,$45.13,0.87%,,,,$43.08,-4.54%,$97.47,115.98%,$107.22,137.59%,REX,NYSE:REX,-0.814,$50.00,
NYSE:WS,23 Apr 2026,$36.83,3,$38.00,7,1.34,$37.87,-2.75%,,,,$37.26,-1.61%,$47.04,24.21%,$57.42,51.63%,WS,NYSE:WS,-0.587,$46.00,-17.39%
NYSE:ARDT,9 Apr 2026,$17.13,3,$12.47,4,0.65,$10.89,14.51%,,,,$10.56,-3.03%,$0.00,-100.00%,$0.00,-100.00%,ARDT,NYSE:ARDT,-0.882,$12.68,-1.66%
NASDAQ:BYRN,10 Apr 2026,$17.11,3,$20.50,4,0.82,$3.96,332.07%,,,,$4.02,1.52%,$8.97,126.42%,$10.10,155.01%,BYRN,NASDAQ:BYRN,-0.857,$6.83,200.15%
NYSE:VTOL,30 Jun 2026,$44.08,3,$56.00,5,0.73,$46.15,-4.48%,,,,$45.05,-2.38%,$0.00,-100.00%,$0.00,-100.00%,VTOL,NYSE:VTOL,-0.896,$64.33,-12.95%
NYSE:YELP,10 Apr 2026,$41.52,3,$25.00,3,0.57,$23.07,8.37%,,,,$23.37,1.30%,$0.00,-100.00%,$0.00,-100.00%,YELP,NYSE:YELP,-0.908,$26.00,-3.85%
NYSE:EMN,29 Jul 2026,$92.37,5,$81.08,7,1.42,$73.97,9.61%,9.61%,$81.08,$92.37,$73.27,-0.95%,$0.00,-100.00%,$0.00,-100.00%,EMN,NYSE:EMN,-0.525,$81.60,-0.64%
NYSE:LEVI,24 Jun 2026,$25.35,4,$26.91,4,1.76,$22.57,12.32%,,,,$22.19,-1.68%,$129.90,475.53%,$166.92,639.58%,LEVI,NYSE:LEVI,-0.407,$28.27,-4.81%
NASDAQ:CWBC,14 Apr 2026,$22.95,3,$27.50,9,1.33,$25.98,-11.65%,,,,$25.76,-0.85%,$0.00,-100.00%,$0.00,-100.00%,CWBC,NASDAQ:CWBC,-0.575,$29.62,-7.16%
NASDAQ:NRDS,16 Apr 2026,$15.41,5,$14.75,5,0.62,$9.60,53.65%,,,,$9.50,-1.04%,$0.00,-100.00%,$0.00,-100.00%,NRDS,NASDAQ:NRDS,-0.907,$11.80,25.00%
NYSE:LZB,29 Apr 2026,$50.16,5,$44.50,1,1.12,$41.52,7.18%,,,,$40.84,-1.64%,$38.61,-7.00%,$71.27,71.65%,LZB,NYSE:LZB,-0.660,$46.00,-3.26%
NASDAQ:UPWK,16 Apr 2026,$16.52,5,$21.22,4,0.74,$8.19,101.76%,,,,$8.14,-0.61%,$0.00,-100.00%,$0.00,-100.00%,UPWK,NASDAQ:UPWK,-0.866,$10.38,104.43%
NASDAQ:MTCH,16 Apr 2026,$41.38,5,$35.45,6,0.90,$37.22,-4.76%,,,,$36.78,-1.18%,$0.00,-100.00%,$0.00,-100.00%,MTCH,NASDAQ:MTCH,-0.760,$41.81,-15.21%
NASDAQ:REGN,29 Apr 2026,$775.92,3,$869.88,8,0.50,$805.93,-3.72%,,,,$767.02,-4.83%,$971.93,20.60%,"$1,020.58",26.63%,REGN,NASDAQ:REGN,-0.918,$833.65,4.35%
NASDAQ:INCY,1 Jun 2026,$81.23,2,$106.83,6,0.49,$123.50,-34.22%,,,,$113.76,-7.89%,$280.34,126.99%,$288.83,133.87%,INCY,NASDAQ:INCY,-0.918,$125.17,-14.65%
NYSE:LTC,29 Apr 2026,$40.57,4,$41.00,5,1.70,$40.51,0.16%,,,,$39.46,-2.59%,$0.00,-100.00%,$0.00,-100.00%,LTC,NYSE:LTC,-0.389,$42.29,-3.05%
NYSE:ELV,8 May 2026,$512.46,3,$382.71,8,0.78,$390.24,-1.93%,,,,$389.42,-0.21%,$0.00,-100.00%,$0.00,-100.00%,ELV,NYSE:ELV,-0.819,$449.10,-14.78%
NYSE:MOH,20 Apr 2026,$251.44,3,$142.77,6,0.51,$203.06,-29.69%,,,,$199.15,-1.93%,$594.06,192.55%,$637.65,214.02%,MOH,NYSE:MOH,-0.915,$209.12,-31.73%
NASDAQ:SAIC,29 Apr 2026,$138.59,5,$101.61,7,0.98,$124.34,-18.28%,,,,$123.29,-0.84%,$222.25,78.75%,$284.15,128.53%,SAIC,NASDAQ:SAIC,-0.690,$120.00,-15.33%
NYSE:CI,14 Jul 2026,$334.04,5,$343.67,10,1.20,$275.33,21.32%,,,,$275.37,0.01%,$0.00,-100.00%,$0.00,-100.00%,CI,NYSE:CI,-0.651,$341.42,0.66%
NYSE:TX,29 Apr 2026,$44.92,3,$43.17,7,1.10,$54.35,-20.57%,,,,$53.30,-1.93%,$0.00,-100.00%,$0.00,-100.00%,TX,NYSE:TX,-0.654,$56.69,-23.85%
NASDAQ:FDUS,28 Apr 2026,$22.45,3,,,1.62,$19.48,15.25%,,,,$19.57,0.46%,$0.00,-100.00%,$0.00,-100.00%,FDUS,NASDAQ:FDUS,-0.438,$21.50,
NYSE:OPFI,28 Apr 2026,$13.04,3,$15.50,7,0.77,$7.02,85.78%,,,,$6.90,-1.71%,$0.00,-100.00%,$0.00,-100.00%,OPFI,NYSE:OPFI,-0.882,$12.64,22.63%
NASDAQ:UAL,28 Apr 2026,$106.86,4,$130.71,5,0.88,$122.26,-12.60%,,,,$122.15,-0.09%,$242.84,98.62%,$263.93,115.87%,UAL,NASDAQ:UAL,-0.817,$162.15,-19.39%
NYSE:CNA,28 Apr 2026,$48.98,3,,6,1.79,$50.00,-2.05%,,,,$51.07,2.14%,$0.00,-100.00%,$0.00,-100.00%,CNA,NYSE:CNA,-0.334,$49.00,
NASDAQ:JBSS,28 Apr 2026,$92.51,4,$109.00,8,1.60,$83.79,10.41%,,,,$85.49,2.03%,$164.84,96.73%,$167.69,100.13%,JBSS,NASDAQ:JBSS,-0.469,$102.00,6.86%
NYSE:HMN,28 Apr 2026,$54.29,4,$48.00,6,1.62,$51.30,-6.43%,,,,$51.66,0.70%,$0.00,-100.00%,$0.00,-100.00%,HMN,NYSE:HMN,-0.435,$56.50,-15.04%
NYSE:ENVA,28 Apr 2026,$163.50,3,$198.33,8,0.51,$263.91,-38.05%,,,,$253.84,-3.82%,$0.00,-100.00%,$0.00,-100.00%,ENVA,NYSE:ENVA,-0.916,$277.14,-28.44%
NYSE:CF,28 Apr 2026,$121.68,3,$130.71,6,0.90,$117.78,3.31%,,,,$115.44,-1.99%,$0.00,-100.00%,$0.00,-100.00%,CF,NYSE:CF,-0.747,$125.25,4.36%
NYSE:KMPR,28 Apr 2026,$53.67,3,$54.67,2,1.05,$26.21,104.76%,,,,$26.21,0.00%,$0.00,-100.00%,$0.00,-100.00%,KMPR,NYSE:KMPR,-0.757,$49.33,10.83%
NYSE:RLI,28 Apr 2026,$66.40,5,$62.50,7,1.07,$62.42,0.13%,,,,$62.96,0.87%,$0.00,-100.00%,$0.00,-100.00%,RLI,NYSE:RLI,-0.649,$60.50,3.31%
NASDAQ:MORN,28 Apr 2026,,,$280.00,7,0.61,$206.74,35.44%,,,,$197.45,-4.49%,$354.96,71.70%,$446.12,115.79%,MORN,NASDAQ:MORN,-0.896,$236.67,18.31%
NASDAQ:GEHC,28 Apr 2026,$91.01,5,$94.25,9,0.73,$72.37,25.75%,,,,$71.78,-0.82%,$59.58,-17.68%,$72.27,-0.14%,GEHC,NASDAQ:GEHC,-0.840,$82.50,14.24%
NASDAQ:NTRS,28 Apr 2026,$135.85,2,$169.95,5,1.30,$191.47,-29.05%,,,,$188.62,-1.49%,$0.00,-100.00%,$0.00,-100.00%,NTRS,NASDAQ:NTRS,-0.548,$184.27,-7.77%
NYSE:WES,2 Jul 2026,$43.13,1,,,2.01,$48.59,-11.24%,,,,$48.67,0.16%,$0.00,-100.00%,$0.00,-100.00%,WES,NYSE:WES,-0.234,$47.08,
NYSE:DHT,25 Jun 2026,$16.49,3,,,2.03,$18.90,-12.75%,,,,$19.37,2.49%,$0.00,-100.00%,$0.00,-100.00%,DHT,NYSE:DHT,-0.251,$20.52,
NYSE:D,21 May 2026,$62.63,3,$66.64,8,1.35,$68.77,-8.93%,,,,$68.17,-0.87%,$0.00,-100.00%,$0.00,-100.00%,D,NYSE:D,-0.540,$70.82,-5.90%
NASDAQ:CBK,1 Jun 2026,$30.03,3,,,0.83,$35.06,-14.34%,,,,$34.49,-1.63%,$0.00,-100.00%,$0.00,-100.00%,CBK,NASDAQ:CBK,-0.794,$40.00,
NYSE:ELPC,12 May 2026,$11.13,3,$13.10,8,1.15,$10.60,5.03%,,,,$10.12,-4.53%,$0.00,-100.00%,$0.00,-100.00%,ELPC,NYSE:ELPC,-0.713,$17.27,-24.15%
NYSE:FDX,25 Jun 2026,$291.89,1,,,0.94,$331.49,-11.95%,,,,$329.15,-0.71%,$490.75,48.04%,$748.42,125.77%,FDX,NYSE:FDX,-0.732,$356.37,
NYSE:FBK,27 May 2026,$53.58,3,$64.25,5,0.94,$61.34,-12.65%,,,,$59.83,-2.46%,$0.00,-100.00%,$0.00,-100.00%,FBK,NYSE:FBK,-0.734,$66.34,-3.15%
NYSE:AXTA,23 Jul 2026,$40.33,5,$37.00,5,0.58,$36.11,2.46%,2.46%,$37.00,$40.33,$36.01,-0.28%,$49.43,36.88%,$72.82,101.66%,AXTA,NYSE:AXTA,-0.890,$38.57,-4.07%
NASDAQ:LOPE,26 Jun 2026,$168.79,5,$209.33,3,0.71,$141.84,19.00%,,,,$138.76,-2.17%,$375.52,164.75%,$402.50,183.77%,LOPE,NASDAQ:LOPE,-0.903,$195.00,7.35%
NASDAQ:PAA,29 Jun 2026,$21.85,1,,,2.39,$23.75,-8.00%,,,,$23.74,-0.04%,$0.00,-100.00%,$0.00,-100.00%,PAA,NASDAQ:PAA,-0.078,$24.76,
NASDAQ:NKSH,27 May 2026,$35.84,3,,7,1.52,$42.61,-15.89%,,,,$41.47,-2.68%,$0.00,-100.00%,$0.00,-100.00%,NKSH,NASDAQ:NKSH,-0.479,$46.75,
NYSE:KRC,15 Jun 2026,$46.60,5,$37.20,5,1.53,$36.03,3.25%,,,,$36.27,0.67%,$50.17,39.24%,$70.39,95.37%,KRC,NYSE:KRC,-0.480,$40.07,-7.16%
NASDAQ:MRBK,27 May 2026,$18.24,3,$21.00,7,1.52,$20.03,-8.94%,,,,$20.02,-0.05%,$0.00,-100.00%,$0.00,-100.00%,MRBK,NASDAQ:MRBK,-0.495,$23.50,-10.64%
NYSE:TTE,20 Jul 2026,$86.21,5,$96.34,,2.39,$88.63,-2.73%,-2.73%,$86.21,$96.34,$88.44,-0.21%,$0.00,-100.00%,$0.00,-100.00%,TTE,NYSE:TTE,-0.089,$95.00,1.41%
NASDAQ:SMBC,27 May 2026,$70.66,3,$73.33,5,0.98,$76.35,-7.45%,,,,$75.47,-1.15%,$0.00,-100.00%,$0.00,-100.00%,SMBC,NASDAQ:SMBC,-0.719,$83.67,-12.36%
NYSE:EPD,30 Jun 2026,$36.66,1,,,2.20,$38.61,-5.05%,,,,$38.48,-0.34%,$0.00,-100.00%,$0.00,-100.00%,EPD,NYSE:EPD,-0.170,$41.15,
NASDAQ:SHOE,23 Jul 2026,$22.99,5,,,1.59,$15.50,48.34%,48.34%,$22.99,$22.99,$15.03,-3.03%,$0.00,-100.00%,$0.00,-100.00%,SHOE,NASDAQ:SHOE,-0.518,$22.00,
NYSE:AD,5 Aug 2026,$34.32,3,,,3.93,$35.36,-2.94%,-2.94%,$34.32,$46.33,$37.44,5.88%,$0.00,-100.00%,$0.00,-100.00%,AD,NYSE:AD,0.542,$46.33,
NASDAQ:SCVL,14 Aug 2026,$15.30,3,,,,$15.50,-1.29%,-1.29%,$15.30,$15.30,,-100.00%,-$2.00,-112.90%,-$2.00,-112.90%,SCVL,NASDAQ:SHOE,-2.000,,
NYSE:SBR,30 Jun 2026,$69.55,3,,6,1.29,$72.69,-4.32%,,,,$72.45,-0.33%,$132.64,82.48%,$132.64,82.47%,SBR,NYSE:SBR,-0.472,$32.50,
NYSE:MATV,23 Jul 2026,$12.14,5,,5,1.12,$12.23,-0.74%,-0.74%,$12.14,$21.00,$11.71,-4.25%,$0.00,-100.00%,$0.00,-100.00%,MATV,NYSE:MATV,-0.726,$21.00,
NYSE:TK,30 Jun 2026,$11.24,3,,2,2.20,$12.85,-12.52%,,,,$12.28,-4.44%,$0.00,-100.00%,$0.00,-100.00%,TK,NYSE:TK,-0.066,$5.00,
NYSE:AVA,29 Jun 2026,$41.07,3,$39.25,5,1.78,$39.03,0.56%,,,,$38.69,-0.87%,$0.00,-100.00%,$0.00,-100.00%,AVA,NYSE:AVA,-0.354,$41.33,-5.03%
NYSE:TNK,16 Jun 2026,$68.85,3,$80.50,6,1.22,$89.11,-22.74%,,,,$83.63,-6.15%,$486.35,445.79%,$524.24,488.31%,TNK,NYSE:TNK,-0.591,$90.00,-10.56%
NASDAQ:BCML,16 Jun 2026,$34.03,3,$33.00,7,1.33,$30.60,7.84%,,,,$30.88,0.92%,$0.00,-100.00%,$0.00,-100.00%,BCML,NASDAQ:BCML,-0.554,$32.00,3.13%
NYSE:CBL,23 Jun 2026,$47.75,3,$55.00,8,1.11,$56.94,-16.13%,,,,$56.53,-0.72%,$0.00,-100.00%,$0.00,-100.00%,CBL,NYSE:CBL,-0.662,$63.00,-12.70%
NASDAQ:JCAP,14 Aug 2026,$25.71,4,,,0.70,$23.65,8.71%,8.71%,$25.71,$27.80,$21.45,-9.30%,$0.00,-100.00%,$0.00,-100.00%,JCAP,NASDAQ:JCAP,-0.861,$27.80,
NYSE:BKH,16 Jun 2026,$76.81,4,$83.00,9,1.80,$73.39,4.66%,,,,$73.99,0.82%,$0.00,-100.00%,$0.00,-100.00%,BKH,NYSE:BKH,-0.366,$84.80,-2.12%
NYSE:CPK,25 Jun 2026,$113.77,3,,,0.90,$134.55,-15.44%,,,,$132.48,-1.54%,$0.00,-100.00%,$0.00,-100.00%,CPK,NYSE:CPK,-0.752,$146.90,
NYSE:HESM,30 Jun 2026,$37.34,1,,,1.81,$39.66,-5.85%,,,,$39.97,0.78%,$0.00,-100.00%,$0.00,-100.00%,HESM,NYSE:HESM,-0.316,$37.50,
NYSE:SOBO,23 Jun 2026,$37.00,3,,,1.10,$36.68,0.87%,,,,$36.36,-0.87%,$0.00,-100.00%,$0.00,-100.00%,SOBO,NYSE:SOBO,-0.636,$35.09,
NYSE:AEE,16 Jun 2026,$106.67,3,$119.00,7,1.65,$109.47,-2.56%,,,,$109.09,-0.35%,-$8.79,-108.03%,-$0.22,-100.21%,AEE,NYSE:AEE,-0.424,$121.20,-1.82%
NYSE:SUN,24 Jun 2026,$65.25,3,,,1.22,$74.96,-12.95%,,,,$73.56,-1.87%,$0.00,-100.00%,$0.00,-100.00%,SUN,NYSE:SUN,-0.613,$82.57,
NYSE:RGA,25 Jun 2026,$194.90,3,,,1.08,$246.98,-21.09%,,,,$239.93,-2.85%,$0.00,-100.00%,$0.00,-100.00%,RGA,NYSE:RGA,-0.669,$266.89,
NYSE:MPC,16 Jun 2026,$210.97,1,$279.30,8,0.63,$358.18,-41.10%,,,,$345.11,-3.65%,$0.00,-100.00%,$0.00,-100.00%,MPC,NYSE:MPC,-0.833,$322.11,-13.29%
NYSE:ATO,16 Jun 2026,$164.62,3,,,0.82,$169.90,-3.11%,,,,$166.16,-2.20%,$0.00,-100.00%,$0.00,-100.00%,ATO,NYSE:ATO,-0.795,$188.73,
NYSE:OMF,23 Jun 2026,$58.80,3,,,1.77,$65.15,-9.75%,,,,$65.21,0.09%,$315.86,384.82%,$321.61,393.65%,OMF,NYSE:OMF,-0.361,$69.57,
NYSE:SPG,25 Jun 2026,$192.49,3,$210.75,9,1.05,$221.67,-13.16%,,,,$216.75,-2.22%,$0.00,-100.00%,$0.00,-100.00%,SPG,NYSE:SPG,-0.679,$233.21,-9.63%
NYSE:HTH,16 Jun 2026,$40.96,3,$39.50,3,1.42,$39.33,0.43%,,,,$39.38,0.13%,$67.85,72.51%,$73.26,86.27%,HTH,NYSE:HTH,-0.519,$42.00,-5.95%
NASDAQ:HTO,23 Jun 2026,$57.81,3,,,1.52,$63.21,-8.55%,,,,$63.07,-0.22%,$0.00,-100.00%,$0.00,-100.00%,HTO,NASDAQ:HTO,-0.472,$67.14,
NYSE:MLI,17 Jun 2026,$127.13,2,,,0.73,$66.63,90.80%,,,,$64.04,-3.89%,$115.02,72.62%,$119.32,79.07%,MLI,NYSE:MLI,-0.853,$80.00,
NYSE:EG,17 Jun 2026,$338.53,3,,,1.37,$365.15,-7.29%,,,,$364.98,-0.05%,$0.00,-100.00%,$0.00,-100.00%,EG,NYSE:EG,-0.551,$406.47,
NYSE:SR,23 Jun 2026,$82.84,4,,,1.32,$82.29,0.67%,,,,$82.06,-0.28%,$0.00,-100.00%,$0.00,-100.00%,SR,NYSE:SR,-0.578,$93.22,
NYSE:BFH,19 Jun 2026,$90.04,3,$98.33,10,0.87,$111.25,-19.07%,,,,$109.90,-1.21%,-$148.48,-233.47%,-$143.40,-228.90%,BFH,NYSE:BFH,-0.753,$113.53,-13.39%
NASDAQ:SNY,23 Jul 2026,$57.39,5,$57.00,3,1.46,$44.41,28.35%,28.35%,$53.72,$57.39,$43.11,-2.93%,$0.00,-100.00%,$0.00,-100.00%,SNY,NASDAQ:SNY,-0.531,$53.72,6.11%
NASDAQ:TMUS,30 Jun 2026,$234.16,3,$254.24,7,1.08,$180.12,30.00%,,,,$178.97,-0.64%,$321.16,78.31%,$532.86,195.84%,TMUS,NASDAQ:TMUS,-0.732,$243.38,4.46%
NYSE:ES,23 Jun 2026,$73.60,4,$70.67,8,1.36,$71.91,-1.72%,,,,$71.32,-0.82%,$0.00,-100.00%,$0.00,-100.00%,ES,NYSE:ES,-0.533,$73.75,-4.18%
NASDAQ:TIGO,24 Jun 2026,$78.80,3,,,1.34,$94.26,-16.40%,,,,$91.79,-2.62%,$0.00,-100.00%,$0.00,-100.00%,TIGO,NASDAQ:TIGO,-0.543,$96.01,
NASDAQ:EZPW,29 Jun 2026,$31.35,3,$41.00,9,0.87,$29.29,7.03%,,,,$27.50,-6.11%,$0.00,-100.00%,$0.00,-100.00%,EZPW,NASDAQ:EZPW,-0.833,$40.80,0.49%
NYSE:NRP,24 Jun 2026,$100.40,3,,,0.90,$103.94,-3.41%,,,,$101.78,-2.08%,$0.00,-100.00%,$0.00,-100.00%,NRP,NYSE:NRP,-0.716,$96.00,
NYSE:DINO,24 Jun 2026,$67.54,3,$72.58,9,0.83,$94.99,-28.90%,,,,$89.92,-5.34%,$0.00,-100.00%,$0.00,-100.00%,DINO,NYSE:DINO,-0.752,$90.33,-19.65%
NYSE:T,23 Jul 2026,$28.76,5,$27.54,10,1.45,$24.68,11.59%,11.59%,$27.54,$28.76,$24.51,-0.69%,$21.60,-12.46%,$58.85,138.46%,T,NYSE:T,-0.524,$28.71,-4.08%
NYSE:HAL,30 Jun 2026,$33.26,3,$45.07,7,1.44,$34.73,-4.25%,,,,$32.91,-5.24%,$46.09,32.72%,$59.77,72.11%,HAL,NYSE:HAL,-0.550,$43.52,3.56%
NYSE:TS,30 Jun 2026,$56.32,3,$63.20,7,1.05,$53.44,5.40%,,,,$51.86,-2.96%,$0.00,-100.00%,$0.00,-100.00%,TS,NYSE:TS,-0.712,$64.33,-1.76%
NYSE:TDW,30 Jun 2026,$68.88,3,,7,0.48,$93.97,-26.70%,,,,$89.33,-4.94%,$0.00,-100.00%,$0.00,-100.00%,TDW,NYSE:TDW,-0.915,$90.86,
NYSE:FLOC,29 Jul 2026,$21.53,4,,,0.77,$23.41,-8.03%,-8.03%,$21.53,$31.11,$21.50,-8.16%,$0.00,-100.00%,$0.00,-100.00%,FLOC,NYSE:FLOC,-0.864,$31.11,
NYSE:CLB,21 Jul 2026,$13.82,5,$11.00,1,0.60,$12.62,-12.84%,-12.84%,$11.00,$15.17,$11.90,-5.71%,$9.62,-23.79%,$12.87,1.98%,CLB,NYSE:CLB,-0.911,$15.17,-27.49%
NASDAQ:SND,30 Jun 2026,$5.71,3,,6,0.99,$4.91,16.29%,,,,$4.89,-0.41%,$0.00,-100.00%,$0.00,-100.00%,SND,NASDAQ:SND,-0.606,$3.00,
NYSE:BWLP,26 Jun 2026,$17.09,3,,,2.28,$23.10,-26.02%,,,,$22.47,-2.73%,$75.70,227.71%,$101.91,341.19%,BWLP,NYSE:BWLP,-0.090,,
NYSE:RCI,14 Aug 2026,$40.30,5,$42.37,9,1.82,$36.09,11.67%,11.67%,$40.30,$42.62,$36.44,0.97%,$10.05,-72.16%,$144.74,301.05%,RCI,NYSE:RCI,-0.364,$42.62,-0.59%
NYSE:TIMB,30 Jun 2026,$23.56,4,$27.83,1,1.12,$17.59,33.92%,,,,$16.93,-3.75%,$63.81,262.74%,$111.81,535.64%,TIMB,NYSE:TIMB,-0.724,$24.49,13.64%
NYSE:UGI,2 Jul 2026,$38.21,4,$40.00,4,1.00,$35.09,8.88%,,,,$34.77,-0.91%,$0.00,-100.00%,$0.00,-100.00%,UGI,NYSE:UGI,-0.730,$41.33,-3.22%
NYSE:WSR,2 Jul 2026,$19.20,3,$19.00,7,,,#DIV/0!,,,,,#DIV/0!,-$2.00,#DIV/0!,-$2.00,#DIV/0!,WSR,NYSE:WSR,-2.000,,
NYSE:BSM,2 Jul 2026,$13.68,1,,,2.28,$14.56,-6.04%,,,,$14.49,-0.48%,$0.00,-100.00%,$0.00,-100.00%,BSM,NYSE:BSM,-0.141,$16.00,
NASDAQ:STRS,17 Jul 2026,$26.82,4,,3,0.79,$19.32,38.82%,,,,$9.28,-51.97%,$0.00,-100.00%,$0.00,-100.00%,STRS,NASDAQ:STRS,-0.682,,
NYSE:USAC,,,,,,1.70,$26.91,-100.00%,,,,$26.02,-3.31%,$0.00,-100.00%,$0.00,-100.00%,USAC,NYSE:USAC,-0.400,$29.60,
NASDAQ:SWBI,,,,,,1.77,$14.15,-100.00%,,,,$14.20,0.35%,$58.16,311.05%,$64.90,358.67%,SWBI,NASDAQ:SWBI,-0.397,$17.25,
NYSE:INN,,,,,,1.25,$5.95,-100.00%,,,,$6.00,0.84%,$0.00,-100.00%,$0.00,-100.00%,INN,NYSE:INN,-0.607,$6.69,
NYSE:NTST,,,,,,1.51,$20.43,-100.00%,,,,$20.62,0.93%,$16.91,-17.25%,$29.80,45.88%,NTST,NYSE:NTST,-0.493,$23.18,
NYSE:NE,,,,,,1.38,$45.18,-100.00%,,,,$44.24,-2.08%,$56.41,24.86%,$56.28,24.57%,NE,NYSE:NE,-0.535,$48.09,
NYSE:HUN,,,,,,1.57,$10.31,-100.00%,,,,$10.16,-1.45%,$9.49,-7.94%,$27.53,167.05%,HUN,NYSE:HUN,-0.468,$11.82,
NYSE:DOW,,,,,,1.58,$31.34,-100.00%,,,,$30.63,-2.27%,$27.78,-11.37%,$77.65,147.78%,DOW,NYSE:DOW,-0.464,$35.69,
NYSE:TU,,,,,,2.28,$9.69,-100.00%,,,,$9.78,0.93%,$0.53,-94.56%,$10.94,12.89%,TU,NYSE:TU,-0.166,$11.67,
NYSE:DKS,,,,,,1.25,$196.24,-100.00%,,,,$198.46,1.13%,$241.53,23.08%,"$5,748.21",2829.17%,DKS,NYSE:DKS,-0.639,$251.05,
NYSE:GLP,,,,,,1.29,$50.88,-100.00%,,,,$49.86,-2.00%,$0.00,-100.00%,$0.00,-100.00%,GLP,NYSE:GLP,-0.534,$45.00,
NYSE:UAN,,,,,,2.31,$122.29,-100.00%,,,,$120.48,-1.48%,$237.43,94.15%,$318.92,160.79%,UAN,NYSE:UAN,-0.017,$9.50,
NYSE:BCE,,,,,,1.26,$23.35,-100.00%,,,,$23.21,-0.60%,$0.00,-100.00%,$0.00,-100.00%,BCE,NYSE:BCE,-0.622,$28.60,
NASDAQ:CMCSA,,,,,,2.43,$25.57,-100.00%,,,,$26.45,3.44%,$99.08,287.50%,$168.57,559.25%,CMCSA,NASDAQ:CMCSA,-0.093,$30.08,
NYSE:CUBE,,,,,,1.68,$41.14,-100.00%,,,,$41.54,0.97%,$49.17,19.51%,$59.09,43.64%,CUBE,NYSE:CUBE,-0.401,$44.12,
NYSE:XIFR,,,,,,0.85,$11.61,-100.00%,,,,$11.36,-2.15%,-$35.31,-404.11%,-$14.64,-226.06%,XIFR,NYSE:XIFR,-0.768,$12.23,
NASDAQ:RILY,,,,,,1.04,$7.11,-100.00%,,,,$7.34,3.23%,$0.00,-100.00%,$0.00,-100.00%,RILY,NASDAQ:RILY,-0.584,$1.50,
NYSE:BCC,,,,,,1.25,$81.94,-100.00%,,,,$82.26,0.39%,$57.51,-29.81%,$105.00,28.14%,BCC,NYSE:BCC,-0.616,$96.50,
NYSE:CC,,,,,,1.03,$15.72,-100.00%,,,,$15.24,-3.05%,$0.00,-100.00%,$0.00,-100.00%,CC,NYSE:CC,-0.731,$19.78,
NASDAQ:BBCP,,,,,,0.80,$9.60,-100.00%,,,,$9.18,-4.38%,$7.24,-24.57%,$9.41,-1.97%,BBCP,NASDAQ:BBCP,-0.835,$12.00,
NASDAQ:PAGP,,,,,,1.89,$25.79,-100.00%,,,,$25.63,-0.62%,-$0.70,-102.70%,$47.92,85.79%,PAGP,NASDAQ:PAGP,-0.283,$24.64,
NYSE:AEO,,,,,,1.03,$16.35,-100.00%,,,,$15.90,-2.75%,$58.20,255.99%,$55.05,236.73%,AEO,NYSE:AEO,-0.717,$19.50,
NYSE:BEP,,,,,,1.30,$34.44,-100.00%,,,,$34.55,0.32%,$0.00,-100.00%,$0.00,-100.00%,BEP,NYSE:BEP,-0.561,$35.62,
NASDAQ:NWE,,,,,,1.63,$70.82,-100.00%,,,,$71.30,0.68%,-$3.95,-105.58%,$10.47,-85.21%,NWE,NASDAQ:NWE,-0.419,$74.25,
NYSE:PINE,,,,,,2.10,$19.59,-100.00%,,,,$19.80,1.07%,-$1.35,-106.90%,$12.54,-35.97%,PINE,NYSE:PINE,-0.225,$21.73,
NYSE:LYB,,,,,,1.69,$64.73,-100.00%,,,,$63.28,-2.24%,$0.00,-100.00%,$0.00,-100.00%,LYB,NYSE:LYB,-0.401,$69.53,
NYSE:CODI,,,,,,1.20,$12.10,-100.00%,,,,$12.42,2.64%,$0.00,-100.00%,$0.00,-100.00%,CODI,NYSE:CODI,-0.670,$16.00,
NYSE:KEN,,,,,,0.96,$64.97,-100.00%,,,,$65.69,1.11%,$79.46,22.31%,$83.97,29.25%,KEN,NYSE:KEN,-0.617,$29.85,
NYSE:SPH,,,,,,1.65,$17.49,-100.00%,,,,$17.60,0.63%,$0.00,-100.00%,$0.00,-100.00%,SPH,NYSE:SPH,-0.392,$17.00,
NASDAQ:VNOM,,,,,,1.26,$43.05,-100.00%,,,,$41.07,-4.60%,$0.00,-100.00%,$0.00,-100.00%,VNOM,NASDAQ:VNOM,-0.639,$56.00,
NYSE:ENR,,,,,,1.35,$22.36,-100.00%,,,,$22.40,0.18%,$0.00,-100.00%,$0.00,-100.00%,ENR,NYSE:ENR,-0.535,$22.33,
NYSE:PII,,,,,,1.40,$68.33,-100.00%,,,,$67.41,-1.35%,$143.60,110.16%,$203.19,197.37%,PII,NYSE:PII,-0.526,$72.73,
NYSE:BIP,,,,,,2.06,$38.91,-100.00%,,,,$39.73,2.11%,-$130.75,-436.04%,-$40.58,-204.30%,BIP,NYSE:BIP,-0.264,$46.82,
NYSE:CWEN,,,,,,1.05,$34.15,-100.00%,,,,$33.65,-1.46%,$0.00,-100.00%,$0.00,-100.00%,CWEN,NYSE:CWEN,-0.730,$43.58,
NYSE:OLN,,,,,,1.35,$19.01,-100.00%,,,,$18.70,-1.63%,$35.24,85.39%,$25.16,32.35%,OLN,NYSE:OLN,-0.572,$22.38,
NYSE:CTO,,,,,,1.50,$21.91,-100.00%,,,,$21.90,-0.05%,$1.42,-93.54%,$20.20,-7.80%,CTO,NYSE:CTO,-0.495,$24.60,
NYSE:MMM,,,,,,0.98,$180.21,-100.00%,,,,$179.30,-0.50%,$197.68,9.70%,$178.20,-1.11%,MMM,NYSE:MMM,-0.704,$185.57,
NYSE:BWMX,,,,,,2.67,$15.93,-100.00%,,,,$16.51,3.64%,$42.24,165.19%,$48.74,205.97%,BWMX,NYSE:BWMX,-0.036,$29.60,
NASDAQ:WDFC,,,,,,0.84,$229.01,-100.00%,,,,$223.51,-2.40%,$356.85,55.82%,$372.99,62.87%,WDFC,NASDAQ:WDFC,-0.801,$271.67,
NYSE:KRP,,,,,,1.99,$14.97,-100.00%,,,,$15.08,0.73%,$0.00,-100.00%,$0.00,-100.00%,KRP,NYSE:KRP,-0.311,$19.20,
NYSE:BEPC,,,,,,1.05,$35.10,-100.00%,,,,$35.09,-0.03%,$0.00,-100.00%,$0.00,-100.00%,BEPC,NYSE:BEPC,-0.694,$39.17,
NYSE:SXC,,,,,,1.90,$9.51,-100.00%,,,,$9.37,-1.47%,$19.41,104.09%,$11.73,23.35%,SXC,NYSE:SXC,-0.290,$9.50,
NYSE:OUT,,,,,,1.54,$29.78,-100.00%,,,,$29.56,-0.74%,$0.00,-100.00%,$0.00,-100.00%,OUT,NYSE:OUT,-0.512,$38.00,
NYSE:FLNG,,,,,,1.97,$30.88,-100.00%,,,,$30.60,-0.91%,$15.80,-48.84%,$29.70,-3.83%,FLNG,NYSE:FLNG,-0.224,$25.88,
NYSE:NAT,,,,,,2.41,$6.82,-100.00%,,,,$6.73,-1.32%,$9.20,34.92%,$11.79,72.90%,NAT,NYSE:NAT,-0.038,$6.00,
NYSE:KGS,,,,,,1.01,$66.12,-100.00%,,,,$61.36,-7.20%,$0.00,-100.00%,$0.00,-100.00%,KGS,NYSE:KGS,-0.741,$82.73,
NYSE:GRNT,,,,,,2.31,$5.26,-100.00%,,,,$5.14,-2.28%,$0.00,-100.00%,$0.00,-100.00%,GRNT,NYSE:GRNT,-0.194,$7.60,
NYSE:TSM,,,,,,0.90,$430.97,-100.00%,,,,$416.78,-3.29%,$540.51,25.42%,$619.96,43.85%,TSM,NYSE:TSM,-0.791,$547.09,
NASDAQ:FEIM,,,,,,0.49,$78.84,-100.00%,,,,$74.07,-6.05%,$0.00,-100.00%,$0.00,-100.00%,FEIM,NASDAQ:FEIM,-0.923,$81.00,
NYSE:INSW,,,,,,1.38,$98.36,-100.00%,,,,$94.79,-3.63%,$0.00,-100.00%,$0.00,-100.00%,INSW,NYSE:INSW,-0.522,$100.00,
NASDAQ:CSCO,,,,,,0.99,$112.90,-100.00%,,,,$108.57,-3.84%,$0.00,-100.00%,$0.00,-100.00%,CSCO,NASDAQ:CSCO,-0.738,$134.77,
NASDAQ:GLPI,,,,,,2.28,$42.25,-100.00%,,,,$43.84,3.76%,$0.00,-100.00%,$0.00,-100.00%,GLPI,NASDAQ:GLPI,-0.182,$53.70,
NYSE:LPL,23 Jul 2026,$3.52,4,,2,0.66,$3.53,-0.31%,-0.31%,$3.52,$4.30,$3.38,-4.25%,$0.00,-100.00%,$0.00,-100.00%,LPL,NYSE:LPL,-0.887,$4.30,
NYSE:TSLX,27 Jul 2026,$16.72,,$18.92,7,1.93,$18.44,-9.33%,-9.33%,$16.72,$19.68,$18.84,2.17%,$0.00,-100.00%,$0.00,-100.00%,TSLX,NYSE:TSLX,-0.291,$19.68,-3.86%
NYSE:GNK,,,,,,1.91,$26.22,-100.00%,,,,$25.96,-0.99%,$0.00,-100.00%,$0.00,-100.00%,GNK,NYSE:GNK,-0.314,$29.50,
NYSE:TDS,,,,,,1.93,$34.52,-100.00%,,,,$34.65,0.38%,$0.00,-100.00%,$0.00,-100.00%,TDS,NYSE:TDS,-0.363,$49.00,
NYSE:AXIA,,,,,,,$10.22,-100.00%,,,,,-100.00%,-$2.00,-119.57%,-$2.00,-119.57%,AXIA,NYSE:AXIA,-2.000,,
NASDAQ:BLMN,,,,,,0.96,$10.69,-100.00%,,,,$10.30,-3.65%,$0.00,-100.00%,$0.00,-100.00%,BLMN,NASDAQ:BLMN,-0.722,$11.32,
NYSE:CPA,,,,,,1.38,$133.79,-100.00%,,,,$134.03,0.18%,$0.00,-100.00%,$0.00,-100.00%,CPA,NYSE:CPA,-0.596,$178.40,
NYSE:AB,,,,,,2.19,$36.19,-100.00%,,,,$36.71,1.44%,$0.00,-100.00%,$0.00,-100.00%,AB,NYSE:AB,-0.179,$39.29,
NASDAQ:PANL,,,,,,1.44,$7.67,-100.00%,,,,$7.35,-4.17%,$0.00,-100.00%,$0.00,-100.00%,PANL,NASDAQ:PANL,-0.584,$10.85,
NASDAQ:BCBP,,,,,,1.16,$8.94,-100.00%,,,,$8.84,-1.12%,$0.00,-100.00%,$0.00,-100.00%,BCBP,NASDAQ:BCBP,-0.686,$11.75,
NYSE:SSTK,,,,,,2.38,$5.41,-100.00%,,,,$5.67,4.81%,$18.90,249.36%,$12.56,132.15%,SSTK,NYSE:SSTK,-0.164,$28.85,
NASDAQ:EMBC,,,,,,0.99,$5.13,-100.00%,,,,$4.94,-3.70%,$0.00,-100.00%,$0.00,-100.00%,EMBC,NASDAQ:EMBC,-0.643,$4.00,
NYSE:OTF,,,,,,1.89,$11.13,-100.00%,,,,$11.44,2.79%,$0.00,-100.00%,$0.00,-100.00%,OTF,NYSE:OTF,-0.343,$13.67,
NYSE:OGN,,,,,,1.72,$13.70,-100.00%,,,,$13.76,0.44%,$40.23,193.64%,$31.23,127.97%,OGN,NYSE:OGN,-0.328,$11.25,
NYSE:ARE,,,,,,1.15,$46.94,-100.00%,,,,$47.62,1.45%,$0.00,-100.00%,$0.00,-100.00%,ARE,NYSE:ARE,-0.646,$52.21,
NASDAQ:CGBD,,,,,,2.42,$11.26,-100.00%,,,,$11.46,1.78%,$0.00,-100.00%,$0.00,-100.00%,CGBD,NASDAQ:CGBD,-0.076,$12.29,
NASDAQ:ADAM,,,,,,2.46,$10.12,-100.00%,,,,$10.17,0.49%,-$106.71,-1154.42%,-$103.61,-1123.82%,ADAM,NASDAQ:ADAM,-0.082,$11.96,
NYSE:EC,,,,,,1.47,$17.67,-100.00%,,,,$17.17,-2.83%,$0.00,-100.00%,$0.00,-100.00%,EC,NYSE:EC,-0.430,$13.65,
NASDAQ:TRIN,,,,,,2.60,$18.14,-100.00%,,,,$18.56,2.32%,$0.00,-100.00%,$0.00,-100.00%,TRIN,NASDAQ:TRIN,0.019,$18.50,
NYSE:ARR,,,,,,2.86,$16.46,-100.00%,,,,$17.18,4.37%,-$59.64,-462.33%,-$59.21,-459.73%,ARR,NYSE:ARR,0.110,$18.38,
NYSE:ARI,,,,,,2.09,$6.83,-100.00%,,,,$6.86,0.44%,$0.00,-100.00%,$0.00,-100.00%,ARI,NYSE:ARI,-0.244,$8.00,
NYSE:OLP,,,,,,1.64,$24.25,-100.00%,,,,$24.17,-0.33%,$0.00,-100.00%,$0.00,-100.00%,OLP,NYSE:OLP,-0.426,$26.83,
NYSE:BDN,,,,,,2.10,$3.01,-100.00%,,,,$3.11,3.32%,-$8.36,-377.83%,$1.78,-40.73%,BDN,NYSE:BDN,-0.198,$3.00,
NYSE:TRTX,,,,,,1.95,$7.94,-100.00%,,,,$7.95,0.13%,-$24.43,-407.64%,-$22.60,-384.69%,TRTX,NYSE:TRTX,-0.320,$9.88,
NYSE:NSP,,,,,,1.22,$50.46,-100.00%,,,,$51.36,1.78%,$0.00,-100.00%,$0.00,-100.00%,NSP,NYSE:NSP,-0.598,$51.75,
NYSE:MTN,,,,,,1.33,$146.60,-100.00%,,,,$144.70,-1.30%,$78.05,-46.76%,$161.52,10.17%,MTN,NYSE:MTN,-0.541,$147.23,
NYSE:FLO,,,,,,2.17,$7.31,-100.00%,,,,$7.52,2.87%,$9.43,29.02%,$18.46,152.49%,FLO,NYSE:FLO,-0.214,$8.80,
NYSE:BGS,,,,,,2.33,$3.45,-100.00%,,,,$3.62,4.93%,$0.00,-100.00%,$0.00,-100.00%,BGS,NYSE:BGS,-0.148,$4.20,
NYSE:ENIC,,,,,,1.43,$4.56,-100.00%,,,,$4.41,-3.29%,$7.57,65.91%,$10.39,127.93%,ENIC,NYSE:ENIC,-0.516,$4.90,
NYSE:E,,,,,,1.63,$56.03,-100.00%,,,,$54.98,-1.87%,$0.00,-100.00%,$0.00,-100.00%,E,NYSE:E,-0.395,$52.88,
NYSE:UHT,,,,,,2.24,$40.27,-100.00%,,,,$41.49,3.03%,$0.00,-100.00%,$0.00,-100.00%,UHT,NYSE:UHT,-0.160,$44.00,
NYSE:NEXA,,,,,,1.10,$14.38,-100.00%,,,,$13.99,-2.71%,$0.00,-100.00%,$0.00,-100.00%,NEXA,NYSE:NEXA,-0.652,$14.75,
NYSE:DX,,,,,,2.18,$13.07,-100.00%,,,,$13.14,0.54%,$0.00,-100.00%,$0.00,-100.00%,DX,NYSE:DX,-0.194,$14.75,
NYSE:SCM,,,,,,2.17,$8.58,-100.00%,,,,$8.71,1.52%,$0.00,-100.00%,$0.00,-100.00%,SCM,NYSE:SCM,-0.210,$10.12,
NASDAQ:SEVN,4 Aug 2026,$8.85,3,$8.63,8,2.16,$7.65,12.81%,12.81%,$8.63,$9.55,$7.77,1.57%,-$2.34,-130.59%,-$3.02,-139.42%,SEVN,NASDAQ:SEVN,-0.230,$9.55,-9.63%
NASDAQ:PLTK,,,,,,2.13,$2.26,-100.00%,,,,$2.47,9.29%,$0.00,-100.00%,$0.00,-100.00%,PLTK,NASDAQ:PLTK,-0.275,$4.90,
NYSE:KBDC,,,,,,1.65,$13.32,-100.00%,,,,$13.51,1.43%,$0.00,-100.00%,$0.00,-100.00%,KBDC,NYSE:KBDC,-0.426,$14.90,
NYSE:UPS,,,,,,1.80,$102.02,-100.00%,,,,$104.84,2.76%,$58.81,-42.35%,$109.21,7.05%,UPS,NYSE:UPS,-0.362,$115.96,
NASDAQ:KRNY,,,,,,1.50,$9.77,-100.00%,,,,$9.52,-2.56%,$0.00,-100.00%,$0.00,-100.00%,KRNY,NASDAQ:KRNY,-0.481,$10.50,
NASDAQ:JACK,,,,,,0.81,$17.10,-100.00%,,,,$16.50,-3.51%,$0.00,-100.00%,$0.00,-100.00%,JACK,NASDAQ:JACK,-0.810,$20.00,
NYSE:PK,,,,,,1.63,$15.00,-100.00%,,,,$15.06,0.40%,$0.00,-100.00%,$0.00,-100.00%,PK,NYSE:PK,-0.405,$14.75,
NYSE:BEN,,,,,,1.40,$34.19,-100.00%,,,,$33.37,-2.40%,$0.00,-100.00%,$0.00,-100.00%,BEN,NYSE:BEN,-0.515,$35.09,
NASDAQ:WTBA,,,,,,1.41,$29.92,-100.00%,,,,$29.33,-1.97%,-$146.96,-591.18%,-$140.69,-570.24%,WTBA,NASDAQ:WTBA,-0.499,$29.00,
NASDAQ:REFI,5 Aug 2026,$10.41,3,,4,2.93,$10.27,1.34%,1.34%,$10.41,$16.38,$10.53,2.53%,$0.00,-100.00%,$0.00,-100.00%,REFI,NASDAQ:REFI,0.082,$16.38,
NASDAQ:GNTX,27 Jul 2026,$34.91,5,$27.33,6,1.24,$23.81,14.78%,14.78%,$27.33,$34.91,$23.34,-1.97%,$0.00,-100.00%,$0.00,-100.00%,GNTX,NASDAQ:GNTX,-0.621,$27.78,-1.62%
NYSE:VZ,,,,,,1.71,$48.06,-100.00%,,,,$48.32,0.54%,$32.54,-32.29%,$78.75,63.87%,VZ,NYSE:VZ,-0.389,$51.56,
NYSE:ORC,,,,,,1.98,$6.67,-100.00%,,,,$6.66,-0.15%,$0.00,-100.00%,$0.00,-100.00%,ORC,NYSE:ORC,-0.279,$7.50,
NASDAQ:SIGA,,,,,,2.75,$2.93,-100.00%,,,,$2.89,-1.37%,$0.00,-100.00%,$0.00,-100.00%,SIGA,NASDAQ:SIGA,0.000,$17.53,
NYSE:BBDC,,,,,,2.45,$9.39,-100.00%,,,,$9.38,-0.11%,$0.00,-100.00%,$0.00,-100.00%,BBDC,NYSE:BBDC,-0.055,$9.88,
NYSE:NCDL,,,,,,1.71,$12.22,-100.00%,,,,$12.43,1.72%,$0.00,-100.00%,$0.00,-100.00%,NCDL,NYSE:NCDL,-0.407,$14.05,
NYSE:DOC,,,,,,1.57,$20.58,-100.00%,,,,$20.69,0.53%,$0.00,-100.00%,$0.00,-100.00%,DOC,NYSE:DOC,-0.459,$22.87,
NYSE:VTS,,,,,,1.66,$16.63,-100.00%,,,,$16.14,-2.95%,$0.00,-100.00%,$0.00,-100.00%,VTS,NYSE:VTS,-0.455,$21.25,
NYSE:GNL,,,,,,1.84,$8.81,-100.00%,,,,$8.77,-0.45%,$0.00,-100.00%,$0.00,-100.00%,GNL,NYSE:GNL,-0.347,$10.14,
NASDAQ:LBRDK,,,,,,0.92,$33.96,-100.00%,,,,$35.70,5.12%,$8.44,-75.14%,$16.80,-50.54%,LBRDK,NASDAQ:LBRDK,-0.778,$42.50,
NYSE:AFG,,,,,,1.72,$146.60,-100.00%,,,,$145.43,-0.80%,$0.00,-100.00%,$0.00,-100.00%,AFG,NYSE:AFG,-0.381,$155.83,
NASDAQ:CZNC,,,,,,2.04,$25.99,-100.00%,,,,$25.73,-1.00%,-$93.68,-460.46%,-$93.37,-459.26%,CZNC,NASDAQ:CZNC,-0.237,$27.00,
NASDAQ:GLAD,,,,,,1.42,$19.47,-100.00%,,,,$19.67,1.03%,$0.00,-100.00%,$0.00,-100.00%,GLAD,NASDAQ:GLAD,-0.530,$22.00,
NYSE:LPG,,,,,,1.59,$48.42,-100.00%,,,,$45.73,-5.56%,$0.00,-100.00%,$0.00,-100.00%,LPG,NYSE:LPG,-0.444,$51.80,
NASDAQ:OCSL,,,,,,1.97,$12.85,-100.00%,,,,$13.03,1.40%,$0.00,-100.00%,$0.00,-100.00%,OCSL,NASDAQ:OCSL,-0.253,$12.50,
NASDAQ:FNLC,,,,,,1.00,$35.37,-100.00%,,,,$35.04,-0.93%,$0.00,-100.00%,$0.00,-100.00%,FNLC,NASDAQ:FNLC,-0.599,,
NYSE:CRI,,,,,,1.45,$37.82,-100.00%,,,,$38.15,0.87%,$0.00,-100.00%,$0.00,-100.00%,CRI,NYSE:CRI,-0.519,$42.67,
NASDAQ:TCPC,,,,,,2.09,$4.08,-100.00%,,,,$4.10,0.49%,$0.00,-100.00%,$0.00,-100.00%,TCPC,NASDAQ:TCPC,-0.219,$4.33,
NYSE:SAR,4 Aug 2026,,,$22.00,3,2.93,$18.71,17.58%,17.58%,$22.00,$22.00,$20.08,7.32%,$87.15,365.80%,"$2,971.42",15781.43%,SAR,NYSE:SAR,0.139,$21.20,3.77%
NYSE:KREF,,,,,,2.25,$7.47,-100.00%,,,,$7.66,2.54%,-$63.51,-950.24%,-$60.76,-913.43%,KREF,NYSE:KREF,-0.140,$7.75,
NYSE:MFA,13 Aug 2026,$11.08,4,$10.38,5,2.21,$9.11,13.94%,13.94%,$10.38,$14.00,$9.21,1.10%,$0.00,-100.00%,$0.00,-100.00%,MFA,NYSE:MFA,-0.238,$14.00,-25.86%
NYSE:CIM,,,,,,2.40,$11.74,-100.00%,,,,$11.93,1.62%,$0.00,-100.00%,$0.00,-100.00%,CIM,NYSE:CIM,-0.119,$14.50,
NASDAQ:XRX,,,,,,1.97,$2.95,-100.00%,,,,$3.10,5.08%,-$39.48,-1438.43%,$9.74,230.03%,XRX,NASDAQ:XRX,-0.280,$3.23,
NYSE:TWO,,,,,,2.27,$12.01,-100.00%,,,,$12.16,1.25%,-$13.03,-208.53%,-$13.15,-209.52%,TWO,NYSE:TWO,-0.122,$11.90,
NYSE:FSK,,,,,,2.40,$12.01,-100.00%,,,,$12.51,4.16%,$0.00,-100.00%,$0.00,-100.00%,FSK,NYSE:FSK,-0.064,$11.90,
NASDAQ:MFIC,,,,,,1.86,$9.70,-100.00%,,,,$9.76,0.62%,$0.00,-100.00%,$0.00,-100.00%,MFIC,NASDAQ:MFIC,-0.327,$10.50,
NYSE:MSDL,,,,,,2.24,$15.36,-100.00%,,,,$15.56,1.30%,$0.00,-100.00%,$0.00,-100.00%,MSDL,NYSE:MSDL,-0.144,$15.71,
NYSE:NLY,,,,,,2.03,$23.37,-100.00%,,,,$23.46,0.39%,$0.00,-100.00%,$0.00,-100.00%,NLY,NYSE:NLY,-0.240,$24.23,
NASDAQ:SLRC,,,,,,1.99,$12.67,-100.00%,,,,$12.96,2.29%,$0.00,-100.00%,$0.00,-100.00%,SLRC,NASDAQ:SLRC,-0.290,$15.00,
NYSE:PMT,,,,,,2.42,$9.62,-100.00%,,,,$9.55,-0.73%,$0.00,-100.00%,$0.00,-100.00%,PMT,NYSE:PMT,-0.100,$11.46,
NASDAQ:CSWC,,,,,,2.00,$24.64,-100.00%,,,,$25.05,1.66%,$0.00,-100.00%,$0.00,-100.00%,CSWC,NASDAQ:CSWC,-0.249,$25.30,
NASDAQ:GBDC,,,,,,2.30,$13.12,-100.00%,,,,$13.38,1.98%,$0.00,-100.00%,$0.00,-100.00%,GBDC,NASDAQ:GBDC,-0.120,$13.62,
NYSE:SLG,,,,,,1.43,$56.11,-100.00%,,,,$56.00,-0.20%,-$41.39,-173.77%,-$16.67,-129.71%,SLG,NYSE:SLG,-0.497,$55.89,
NYSE:EARN,,,,,,2.09,$4.41,-100.00%,,,,$4.40,-0.23%,$0.00,-100.00%,$0.00,-100.00%,EARN,NYSE:EARN,-0.235,$5.00,
NYSE:EFC,13 Aug 2026,$15.83,3,$15.00,10,2.51,$13.59,10.38%,10.38%,$14.79,$15.83,$13.83,1.77%,$0.00,-100.00%,$0.00,-100.00%,EFC,NYSE:EFC,-0.037,$14.79,1.42%
NYSE:ACRE,,,,,,1.51,$4.62,-100.00%,,,,$4.70,1.73%,$0.00,-100.00%,$0.00,-100.00%,ACRE,NYSE:ACRE,-0.496,$5.30,
NASDAQ:HRZN,,,,,,2.07,$5.00,-100.00%,,,,$5.04,0.80%,$0.00,-100.00%,$0.00,-100.00%,HRZN,NASDAQ:HRZN,-0.215,$5.05,
NYSE:BXMT,,,,,,2.02,$14.24,-100.00%,,,,$14.45,1.47%,-$56.37,-495.87%,-$57.26,-502.09%,BXMT,NYSE:BXMT,-0.308,$18.86,
NASDAQ:TPG,,,,,,0.90,$51.77,-100.00%,,,,$51.73,-0.08%,$0.00,-100.00%,$0.00,-100.00%,TPG,NASDAQ:TPG,-0.771,$60.50,
NYSE:BRSL,,,,,,2.10,$11.57,-100.00%,,,,$11.71,1.21%,$0.00,-100.00%,$0.00,-100.00%,BRSL,NYSE:BRSL,-0.287,$16.52,
NYSE:BRSP,,,,,,2.50,$4.86,-100.00%,,,,$5.03,3.50%,-$8.68,-278.61%,-$6.05,-224.49%,BRSP,NYSE:BRSP,-0.089,$6.34,
NYSE:MPT,,,,,,1.80,$4.05,-100.00%,,,,$4.14,2.22%,$0.00,-100.00%,$0.00,-100.00%,MPT,NYSE:MPT,-0.398,$5.21,
NASDAQ:RELL,,,,,,0.88,$19.92,-100.00%,,,,$19.67,-1.26%,$0.00,-100.00%,$0.00,-100.00%,RELL,NASDAQ:RELL,-0.749,$20.50,
NYSE:CION,,,,,,2.35,$7.21,-100.00%,,,,$7.47,3.61%,$0.00,-100.00%,$0.00,-100.00%,CION,NYSE:CION,-0.137,$8.75,
NASDAQ:PSEC,,,,,,1.83,$2.21,-100.00%,,,,$2.30,4.07%,$3.77,70.55%,$4.21,90.33%,PSEC,NASDAQ:PSEC,-0.298,$2.00,
NYSE:CMTG,,,,,,0.98,$1.75,-100.00%,,,,$1.79,2.29%,-$9.40,-636.90%,-$14.81,-946.10%,CMTG,NYSE:CMTG,-0.758,$2.22,
NYSE:LDI,,,,,,1.49,$0.87,-100.00%,,,,$0.88,1.15%,$0.00,-100.00%,$0.00,-100.00%,LDI,NYSE:LDI,-0.536,$1.13,
NYSE:ECVT,,,,,,1.04,$10.39,-100.00%,,,,$9.94,-4.33%,$0.00,-100.00%,$0.00,-100.00%,ECVT,NYSE:ECVT,-0.759,$15.50,
NYSE:HAFN,,,,,,2.17,$7.86,-100.00%,,,,$7.72,-1.78%,$14.84,88.85%,$18.70,137.90%,HAFN,NYSE:HAFN,-0.231,$10.00,
NYSE:GSBD,,,,,,2.30,$9.78,-100.00%,,,,$9.94,1.64%,$0.00,-100.00%,$0.00,-100.00%,GSBD,NYSE:GSBD,-0.094,$8.94,
NYSE:RWT,,,,,,2.52,$4.80,-100.00%,,,,$4.82,0.42%,$0.00,-100.00%,$0.00,-100.00%,RWT,NYSE:RWT,-0.065,$5.91,
NASDAQ:VTRS,,,,,,1.30,$16.23,-100.00%,,,,$15.80,-2.65%,$0.00,-100.00%,$0.00,-100.00%,VTRS,NASDAQ:VTRS,-0.587,$18.50,
NYSE:AHRT,,,,,,1.70,$6.66,-100.00%,,,,$6.79,1.95%,$0.00,-100.00%,$0.00,-100.00%,AHRT,NYSE:AHRT,-0.400,$7.35,
NYSE:LADR,,,,,,1.95,$9.88,-100.00%,,,,$9.99,1.11%,-$11.08,-212.14%,-$8.35,-184.55%,LADR,NYSE:LADR,-0.316,$12.00,
NYSE:STWD,,,,,,1.94,$16.24,-100.00%,,,,$16.36,0.74%,$0.00,-100.00%,$0.00,-100.00%,STWD,NYSE:STWD,-0.322,$19.94,
NYSE:OBDC,,,,,,1.78,$11.50,-100.00%,,,,$11.73,2.00%,$0.00,-100.00%,$0.00,-100.00%,OBDC,NYSE:OBDC,-0.377,$13.17,
NASDAQ:TRMD,,,,,,2.06,$30.61,-100.00%,,,,$29.92,-2.25%,$57.18,86.79%,$33.89,10.71%,TRMD,NASDAQ:TRMD,-0.255,$36.00,
NYSE:BHR,,,,,,1.03,$2.07,-100.00%,,,,$1.97,-4.83%,$0.00,-100.00%,$0.00,-100.00%,BHR,NYSE:BHR,-0.724,$2.50,
NYSE:SHEL,,,,,,2.01,$91.62,-100.00%,,,,$90.20,-1.55%,$240.43,162.43%,$322.65,252.16%,SHEL,NYSE:SHEL,-0.254,$98.03,
NYSE:PRGO,,,,,,1.67,$12.82,-100.00%,,,,$12.61,-1.64%,$0.00,-100.00%,$0.00,-100.00%,PRGO,NYSE:PRGO,-0.455,$16.50,
NYSE:MITT,,,,,,1.81,$6.75,-100.00%,,,,$6.70,-0.74%,$0.00,-100.00%,$0.00,-100.00%,MITT,NYSE:MITT,-0.404,$9.00,
NYSE:CMBT,,,,,,1.90,$17.37,-100.00%,,,,$17.12,-1.44%,$9.95,-42.72%,$7.20,-58.56%,CMBT,NYSE:CMBT,-0.316,$19.45,
NYSE:EPR,,,,,,1.84,$60.50,-100.00%,,,,$61.42,1.52%,$62.66,3.57%,$92.81,53.40%,EPR,NYSE:EPR,-0.329,$63.85,
NYSE:IIPR,,,,,,2.24,$55.80,-100.00%,,,,$56.50,1.25%,$0.00,-100.00%,$0.00,-100.00%,IIPR,NYSE:IIPR,-0.169,$63.25,
NYSE:COLD,,,,,,1.84,$14.50,-100.00%,,,,$14.89,2.69%,$0.00,-100.00%,$0.00,-100.00%,COLD,NYSE:COLD,-0.344,$16.38,
NYSE:HR,,,,,,1.71,$19.15,-100.00%,,,,$19.15,0.00%,$13.03,-31.98%,$28.67,49.71%,HR,NYSE:HR,-0.403,$21.58,
NYSE:BNL,,,,,,2.45,$21.22,-100.00%,,,,$21.49,1.27%,$0.00,-100.00%,$0.00,-100.00%,BNL,NYSE:BNL,-0.070,$23.70,
