Stock,Date,MS Fair Value,MS,Tips Target,Tips Stars,Stars,Current Price,Fair Value,Valid Fair Value,Low Price,High Price,"3 Mths
Target","3 Mths
Target %",Intrinsic Value Basic,Intrinsic Value Basic %,Intrinsic Value Adjusted,Intrinsic Value Adjusted %,🙈 Symbol,"🙈 Google
Symbol",Score,Analyst Target Price,Tip Ranks Difference
NYSE:AA,23 Jun 2026,$55.51,3,$78.71,7,0.81,$51.85,7.06%,,,,$48.01,-7.41%,$87.47,68.70%,$93.44,80.21%,AA,NYSE:AA,-0.821,$62.98,24.98%
NASDAQ:AAL,28 Jul 2025,$12.45,3,$13.73,1,0.79,$13.82,-9.91%,,,,$13.46,-2.60%,$0.00,-100.00%,$0.00,-100.00%,AAL,NASDAQ:AAL,-0.864,$18.95,-27.55%
NASDAQ:AAOI,30 Jan 2026,$36.44,3,$38.25,6,0.79,$124.82,-70.81%,,,,$118.74,-4.87%,$0.00,-100.00%,$0.00,-100.00%,AAOI,NASDAQ:AAOI,-0.850,$163.40,-76.59%
NASDAQ:AAON,22 Jan 2026,$81.94,2,$119.00,4,0.93,$79.44,3.15%,,,,$77.93,-1.90%,$0.00,-100.00%,$0.00,-100.00%,AAON,NASDAQ:AAON,-0.809,$143.00,-16.78%
NASDAQ:AAPL,19 Jan 2026,$237.95,2,$299.69,8,0.69,$309.35,-23.08%,,,,$302.92,-2.08%,$0.00,-100.00%,$0.00,-100.00%,AAPL,NASDAQ:AAPL,-0.840,$325.70,-7.99%
NYSE:AAT,22 Apr 2026,$25.97,5,$19.00,3,1.98,$22.83,-16.78%,,,,$22.77,-0.26%,$0.00,-100.00%,$0.00,-100.00%,AAT,NYSE:AAT,-0.258,$23.50,-19.15%
NASDAQ:ABCB,12 Oct 2025,$69.25,3,$77.00,6,,$86.20,-19.66%,,,,,-100.00%,-$2.00,-102.32%,-$2.00,-102.32%,ABCB,NYSE:ABCB,-2.000,,
NYSE:ABCB,19 Nov 2025,$73.43,3,,,0.69,$86.20,-14.81%,,,,$84.60,-1.86%,$0.00,-100.00%,$0.00,-100.00%,ABCB,NYSE:ABCB,-0.849,$94.17,
NYSE:ABEV,19 Mar 2026,$3.23,4,$3.12,5,1.27,$2.88,8.33%,,,,$2.76,-4.17%,$5.17,79.49%,$6.22,115.82%,ABEV,NYSE:ABEV,-0.605,$3.34,-6.59%
NYSE:ABM,30 Aug 2025,$55.78,4,$58.40,6,1.05,$46.81,19.16%,,,,$46.68,-0.28%,$2.98,-93.64%,$22.53,-51.87%,ABM,NYSE:ABM,-0.692,$52.43,11.39%
NYSE:ABT,11 Dec 2025,$121.58,3,$147.38,6,0.98,$116.64,4.24%,,,,$111.65,-4.28%,$0.00,-100.00%,$0.00,-100.00%,ABT,NYSE:ABT,-0.703,$119.40,23.43%
NYSE:ACCO,28 Apr 2026,$4.93,5,$7.00,6,2.15,$4.24,16.38%,,,,$4.27,0.71%,$11.06,160.86%,$21.15,398.79%,ACCO,NYSE:ACCO,-0.267,$8.00,-12.50%
NYSE:ACEL,18 Sep 2025,$12.91,4,$15.00,7,0.98,$12.06,7.02%,,,,$11.70,-2.99%,$0.00,-100.00%,$0.00,-100.00%,ACEL,NYSE:ACEL,-0.768,$15.83,-5.24%
NASDAQ:ACGL,29 Aug 2025,$97.27,4,$108.00,5,1.17,$99.39,-2.13%,,,,$97.53,-1.87%,$0.00,-100.00%,$0.00,-100.00%,ACGL,NASDAQ:ACGL,-0.642,$111.87,-3.46%
NYSE:ACI,21 May 2026,$24.29,3,$22.00,6,1.44,$12.38,77.71%,,,,$12.05,-2.67%,$0.00,-100.00%,$0.00,-100.00%,ACI,NYSE:ACI,-0.526,$14.19,55.04%
NASDAQ:ACIW,10 Feb 2026,$52.10,5,$63.33,2,0.86,$51.86,0.46%,,,,$50.78,-2.08%,$0.00,-100.00%,$0.00,-100.00%,ACIW,NASDAQ:ACIW,-0.816,$67.33,-5.94%
NASDAQ:ACLS,27 May 2026,$130.64,2,$167.25,8,0.92,$127.07,2.81%,,,,$130.68,2.84%,$0.00,-100.00%,$0.00,-100.00%,ACLS,NASDAQ:ACLS,-0.782,$161.00,3.88%
NASDAQ:ACMR,5 Feb 2026,$52.94,2,$43.25,9,0.78,$79.41,-45.54%,,,,$75.26,-5.23%,$0.00,-100.00%,$0.00,-100.00%,ACMR,NASDAQ:ACMR,-0.877,$115.14,-62.44%
NYSE:ACN,24 May 2026,$244.46,3,$254.70,8,0.92,$185.28,31.94%,,,,$170.25,-8.11%,$421.57,127.53%,$466.66,151.87%,ACN,NYSE:ACN,-0.719,$179.11,42.20%
NYSE:ACVA,18 Sep 2025,$10.72,3,,,0.82,$7.43,44.31%,,,,$7.21,-2.96%,$0.00,-100.00%,$0.00,-100.00%,ACVA,NYSE:ACVA,-0.838,$9.77,
NYSE:ADC,19 Sep 2025,$79.26,4,$81.90,8,1.27,$73.88,7.28%,,,,$73.84,-0.05%,$47.96,-35.09%,$78.43,6.15%,ADC,NYSE:ADC,-0.602,$84.86,-3.49%
NASDAQ:ADEA,5 Feb 2026,$20.67,3,,,1.01,$26.25,-21.24%,,,,$26.28,0.11%,$0.00,-100.00%,$0.00,-100.00%,ADEA,NASDAQ:ADEA,-0.774,$43.00,
NASDAQ:ADI,4 Jan 2026,$270.08,3,$290.50,7,0.95,$373.09,-27.61%,,,,$364.18,-2.39%,$0.00,-100.00%,$0.00,-100.00%,ADI,NASDAQ:ADI,-0.762,$457.73,-36.53%
NASDAQ:ADIL,11 Jul 2025,$0.51,3,,,,$6.22,-91.75%,,,,,-100.00%,-$2.00,-132.15%,-$2.00,-132.15%,ADIL,NASDAQ:ADIL,-2.000,,
NASDAQ:ADP,27 Jan 2026,$279.90,4,$288.80,7,0.80,$280.81,-0.33%,,,,$265.45,-5.47%,$343.34,22.27%,$364.97,29.97%,ADP,NASDAQ:ADP,-0.782,$286.93,0.65%
NASDAQ:ADTN,10 Feb 2026,$10.14,3,$12.50,8,1.01,$7.77,30.51%,,,,$7.69,-1.03%,$0.00,-100.00%,$0.00,-100.00%,ADTN,NASDAQ:ADTN,-0.775,$14.67,-14.79%
NYSE:AEM,24 Oct 2025,$79.48,1,,,0.71,$216.06,-63.21%,,,,$192.30,-11.00%,$351.62,62.74%,$404.63,87.28%,AEM,NYSE:AEM,-0.816,$214.98,
NASDAQ:AEMD,4 Dec 2025,$7.60,3,,,,$2.73,178.39%,,,,,-100.00%,-$2.00,-173.26%,-$2.00,-173.26%,AEMD,NASDAQ:AEMD,-2.000,,
NASDAQ:AEP,18 Sep 2025,$104.71,2,,,1.33,$120.94,-13.42%,,,,$124.58,3.01%,$33.28,-72.48%,$58.54,-51.60%,AEP,NASDAQ:AEP,-0.588,$144.60,
NYSE:AER,5 Mar 2026,$119.70,1,,,0.84,$146.29,-18.18%,,,,$145.23,-0.72%,-$139.93,-195.65%,$127.37,-12.94%,AER,NYSE:AER,-0.809,$179.30,
NYSE:AES,11 Jul 2025,$13.47,3,,,1.38,$14.77,-8.84%,,,,$14.66,-0.74%,$0.00,-100.00%,$0.00,-100.00%,AES,NYSE:AES,-0.525,$15.00,
NASDAQ:AFYA,30 Jun 2026,$16.79,3,$21.00,2,1.16,$14.33,17.19%,,,,$13.40,-6.49%,$0.00,-100.00%,$0.00,-100.00%,AFYA,NASDAQ:AFYA,-0.657,$16.72,25.60%
NYSE:AG,12 Aug 2025,$7.66,3,,,0.89,$21.09,-63.70%,,,,$19.39,-8.06%,$0.00,-100.00%,$0.00,-100.00%,AG,NYSE:AG,-0.774,$24.75,
NYSE:AGI,24 Oct 2025,$19.15,2,,,1.01,$37.86,-49.42%,,,,$34.08,-9.98%,$40.15,6.06%,$48.08,27.00%,AGI,NYSE:AGI,-0.734,$46.25,
NYSE:AGM,11 Nov 2025,$179.75,4,$219.00,5,1.54,$220.84,-18.61%,,,,$226.35,2.50%,"-$3,343.15",-1613.83%,"-$3,407.87",-1643.14%,AGM,NYSE:AGM,-0.484,$257.00,-14.79%
NASDAQ:AGNC,6 Aug 2026,$12.07,3,$11.25,6,1.79,$10.89,3.31%,3.31%,$11.06,$12.07,$11.02,1.19%,$0.00,-100.00%,$0.00,-100.00%,AGNC,NASDAQ:AGNC,-0.341,$11.06,1.72%
NYSE:AGO,3 Jan 2025,$100.22,4,$105.33,1,0.77,$74.44,34.64%,,,,$73.30,-1.53%,$0.00,-100.00%,$0.00,-100.00%,AGO,NYSE:AGO,-0.839,$90.33,16.61%
NYSE:AGRO,27 Aug 2025,$9.55,4,$9.40,1,1.08,$11.07,-15.09%,,,,$10.04,-9.30%,$0.00,-100.00%,$0.00,-100.00%,AGRO,NYSE:AGRO,-0.700,$13.42,-29.96%
NASDAQ:AHCO,3 Dec 2025,$13.94,3,$13.67,6,0.91,$5.63,142.81%,,,,$5.52,-1.95%,$0.00,-100.00%,$0.00,-100.00%,AHCO,NASDAQ:AHCO,-0.819,$9.14,49.56%
NYSE:AIG,17 Jul 2025,$84.76,3,$90.60,5,1.25,$76.12,11.35%,,,,$75.07,-1.38%,$0.00,-100.00%,$0.00,-100.00%,AIG,NYSE:AIG,-0.615,$88.60,2.26%
NASDAQ:AIMD,29 Jan 2026,$2.10,3,,,,$1.43,47.14%,,,,,-100.00%,-$2.00,-239.86%,-$2.00,-239.86%,AIMD,NASDAQ:AIMD,-2.000,,
NYSE:AIN,15 Aug 2025,$77.61,3,$66.80,4,1.00,$59.10,13.03%,,,,$58.88,-0.37%,$0.00,-100.00%,$0.00,-100.00%,AIN,NYSE:AIN,-0.700,$62.00,7.74%
NASDAQ:AIP,5 Feb 2026,$16.04,3,$20.50,7,0.75,$23.89,-32.86%,,,,$23.55,-1.42%,$0.00,-100.00%,$0.00,-100.00%,AIP,NASDAQ:AIP,-0.887,$41.00,-50.00%
NASDAQ:AIRS,23 Aug 2025,$6.69,3,$5.00,5,0.84,$2.74,82.48%,,,,$2.52,-8.03%,$0.00,-100.00%,$0.00,-100.00%,AIRS,NASDAQ:AIRS,-0.851,$4.50,11.11%
NYSE:AIV,6 Aug 2026,$3.23,3,,3,4.46,$2.62,23.32%,23.32%,$3.23,$7.00,$2.77,5.73%,-$3.44,-231.41%,-$1.59,-160.76%,AIV,NYSE:AIV,0.761,$7.00,
NYSE:AIZ,29 Aug 2025,$221.82,3,$239.50,10,0.96,$284.04,-21.91%,,,,$274.69,-3.29%,$0.00,-100.00%,$0.00,-100.00%,AIZ,NYSE:AIZ,-0.735,$319.00,-24.92%
NASDAQ:AKAM,11 Feb 2026,$114.28,5,$103.73,9,0.92,$110.42,-6.06%,,,,$108.26,-1.96%,$0.00,-100.00%,$0.00,-100.00%,AKAM,NASDAQ:AKAM,-0.813,$157.43,-34.11%
NYSE:AL,2 Jan 2026,$58.27,3,$66.50,5,,,#DIV/0!,,,,,#DIV/0!,-$2.00,#DIV/0!,-$2.00,#DIV/0!,AL,NYSE:AL,-2.000,,
NASDAQ:ALAB,27 Jan 2026,$140.56,1,$194.64,5,0.75,$284.97,-50.68%,,,,$270.84,-4.96%,$0.00,-100.00%,$0.00,-100.00%,ALAB,NASDAQ:ALAB,-0.880,$389.96,-50.09%
NYSE:ALC,27 Aug 2025,$81.45,1,,,1.07,$73.63,10.62%,,,,$72.65,-1.33%,$0.00,-100.00%,$0.00,-100.00%,ALC,NYSE:ALC,-0.694,$85.24,
NYSE:ALEX,18 Nov 2025,$16.62,4,$21.00,5,0.39,$20.84,-20.26%,,,,$9.96,-52.21%,$20.69,-0.72%,$26.12,25.31%,ALEX,NYSE:ALEX,-0.960,$21.00,0.00%
NASDAQ:ALGM,19 Jan 2026,$25.92,2,$39.14,8,0.89,$37.16,-30.26%,,,,$36.72,-1.18%,$0.00,-100.00%,$0.00,-100.00%,ALGM,NASDAQ:ALGM,-0.828,$54.83,-28.62%
NYSE:ALIT,11 Feb 2026,$3.53,3,$3.67,5,1.32,$14.22,-75.14%,,,,$13.41,-5.70%,$0.00,-100.00%,$0.00,-100.00%,ALIT,NYSE:ALIT,-0.636,$41.25,-91.10%
NYSE:ALL,28 Apr 2026,$199.62,2,$248.30,5,0.94,$253.83,-21.36%,,,,$256.24,0.95%,$0.00,-100.00%,$0.00,-100.00%,ALL,NYSE:ALL,-0.734,$274.32,-9.49%
NYSE:ALLE,24 Oct 2025,$165.38,3,,,0.97,$162.31,1.89%,,,,$158.99,-2.05%,$264.20,62.77%,$291.13,79.36%,ALLE,NYSE:ALLE,-0.719,$174.64,
NYSE:ALLY,29 Jun 2026,$48.35,3,$53.00,9,1.06,$42.93,12.63%,,,,$42.58,-0.82%,$0.00,-100.00%,$0.00,-100.00%,ALLY,NYSE:ALLY,-0.717,$53.70,-1.30%
NASDAQ:ALNT,4 Feb 2026,$50.47,2,,,0.85,$95.84,-47.34%,,,,$99.26,3.57%,$0.00,-100.00%,$0.00,-100.00%,ALNT,NASDAQ:ALNT,-0.808,$118.00,
NASDAQ:ALRM,11 Feb 2026,$60.94,3,$85.00,1,0.66,$57.51,5.97%,,,,$54.40,-5.41%,$0.00,-100.00%,$0.00,-100.00%,ALRM,NASDAQ:ALRM,-0.860,$63.00,34.92%
NASDAQ:ALRS,27 Oct 2025,$24.54,3,$25.63,7,0.95,$32.77,-25.12%,,,,$32.24,-1.62%,$0.00,-100.00%,$0.00,-100.00%,ALRS,NASDAQ:ALRS,-0.727,$35.40,-27.60%
NYSE:ALSN,22 Sep 2025,$99.81,4,$98.14,3,0.79,$133.23,-26.34%,,,,$122.39,-8.14%,$0.00,-100.00%,$0.00,-100.00%,ALSN,NYSE:ALSN,-0.793,$139.40,-29.60%
NASDAQ:ALT,23 Dec 2025,$9.35,5,$13.00,2,0.85,$3.11,200.64%,,,,$2.93,-5.79%,$0.00,-100.00%,$0.00,-100.00%,ALT,NASDAQ:ALT,-0.844,$17.22,-24.51%
NASDAQ:ALTS,12 Aug 2025,$5.33,2,,,,,#DIV/0!,,,,,#DIV/0!,-$2.00,#DIV/0!,-$2.00,#DIV/0!,ALTS,NASDAQ:ALTS,-2.000,,
NASDAQ:ALVO,23 Aug 2025,$8.66,3,,,0.72,$4.43,95.53%,,,,$3.84,-13.32%,$0.00,-100.00%,$0.00,-100.00%,ALVO,NASDAQ:ALVO,-0.881,$5.75,
NASDAQ:AMAL,2 Oct 2025,$30.65,3,,1,1.33,$48.76,-37.14%,,,,$48.51,-0.51%,$0.00,-100.00%,$0.00,-100.00%,AMAL,NASDAQ:AMAL,-0.564,$53.50,
NYSE:AMBP,29 Aug 2025,$5.14,4,,6,1.56,$5.36,-4.12%,,,,$5.15,-3.92%,$8.53,59.14%,$16.28,203.81%,AMBP,NYSE:AMBP,-0.431,$5.15,
NYSE:AMBQ,29 Jan 2026,$40.84,3,,,0.87,$59.02,-30.81%,,,,$57.76,-2.13%,$0.00,-100.00%,$0.00,-100.00%,AMBQ,NYSE:AMBQ,-0.834,$85.67,
NYSE:AMCR,21 May 2026,$52.70,5,$46.80,4,1.43,$48.59,-3.68%,,,,$46.35,-4.61%,$0.00,-100.00%,$0.00,-100.00%,AMCR,NYSE:AMCR,-0.504,$49.93,-6.27%
NASDAQ:AMD,28 Jan 2026,$229.36,2,$286.66,9,0.76,$473.25,-51.54%,,,,$451.55,-4.59%,$0.00,-100.00%,$0.00,-100.00%,AMD,NASDAQ:AMD,-0.860,$612.84,-53.22%
NYSE:AME,19 Nov 2025,$189.82,2,$220.17,2,0.98,$239.55,-20.76%,,,,$239.96,0.17%,$0.00,-100.00%,$0.00,-100.00%,AME,NYSE:AME,-0.731,$277.50,-20.66%
NASDAQ:AMPG,9 Feb 2026,$2.53,3,$9.00,7,0.83,$3.46,-26.94%,,,,$3.33,-3.76%,$0.00,-100.00%,$0.00,-100.00%,AMPG,NASDAQ:AMPG,-0.853,$7.00,28.57%
NASDAQ:AMPL,5 Feb 2026,$11.31,4,$15.17,4,0.59,$13.29,-14.90%,,,,$12.09,-9.03%,$0.00,-100.00%,$0.00,-100.00%,AMPL,NASDAQ:AMPL,-0.876,$13.59,11.63%
NYSE:AMPY,20 Mar 2026,$8.49,3,$7.25,8,0.98,$4.82,50.41%,,,,$4.68,-2.90%,$0.00,-100.00%,$0.00,-100.00%,AMPY,NYSE:AMPY,-0.789,$7.75,-6.45%
NASDAQ:AMSC,29 Oct 2025,$40.66,2,,,0.90,$30.01,35.49%,,,,$29.20,-2.70%,$0.00,-100.00%,$0.00,-100.00%,AMSC,NASDAQ:AMSC,-0.824,$61.75,
NASDAQ:AMSF,26 Aug 2025,$45.99,3,,,2.74,$26.01,76.80%,,,,$27.25,4.77%,$0.00,-100.00%,$0.00,-100.00%,AMSF,NASDAQ:AMSF,0.001,$35.67,
NYSE:AMTB,19 Nov 2025,$19.34,3,$21.00,4,0.95,$28.69,-32.59%,,,,$28.37,-1.12%,$0.00,-100.00%,$0.00,-100.00%,AMTB,NYSE:AMTB,-0.736,$31.88,-34.13%
NASDAQ:AMTX,4 Sep 2025,$3.19,3,,5,0.89,$2.07,53.91%,,,,$1.78,-14.01%,$0.00,-100.00%,$0.00,-100.00%,AMTX,NASDAQ:AMTX,-0.829,$13.88,
NASDAQ:AMWD,30 Aug 2025,$86.63,3,,6,,,#DIV/0!,,,,,#DIV/0!,-$2.00,#DIV/0!,-$2.00,#DIV/0!,AMWD,NASDAQ:AMWD,-2.000,,
NYSE:AMX,23 Jun 2026,$26.38,3,$28.60,8,1.35,$23.79,10.87%,,,,$23.35,-1.85%,$34.37,44.46%,$70.89,197.98%,AMX,NYSE:AMX,-0.585,$29.44,-2.85%
NYSE:ANF,21 Sep 2025,$118.40,3,,1,0.65,$109.01,8.61%,,,,$100.86,-7.48%,$286.21,162.55%,$139.52,27.99%,ANF,NYSE:ANF,-0.860,$117.55,
NYSE:AON,29 Aug 2025,$347.01,2,,,0.87,$355.11,-2.28%,,,,$336.21,-5.32%,$310.02,-12.70%,$376.63,6.06%,AON,NYSE:AON,-0.778,$402.47,
NYSE:AORT,11 Dec 2025,$47.98,3,$51.71,4,0.94,$28.08,70.87%,,,,$28.27,0.68%,$0.00,-100.00%,$0.00,-100.00%,AORT,NYSE:AORT,-0.805,$42.15,22.68%
NYSE:AOS,14 Jan 2026,$71.54,4,$76.86,8,0.93,$63.08,13.41%,,,,$60.62,-3.90%,$118.92,88.53%,$133.20,111.16%,AOS,NYSE:AOS,-0.745,$69.91,9.94%
NASDAQ:AOSL,5 Feb 2026,$36.47,3,$24.33,6,0.77,$26.39,-7.81%,,,,$26.16,-0.87%,$0.00,-100.00%,$0.00,-100.00%,AOSL,NASDAQ:AOSL,-0.879,$43.75,-44.39%
NASDAQ:APA,12 Aug 2025,$28.49,3,,7,1.21,$43.39,-34.35%,,,,$42.61,-1.80%,$0.00,-100.00%,$0.00,-100.00%,APA,NASDAQ:APA,-0.596,$43.54,
NYSE:APAM,25 Feb 2026,$47.32,4,$45.00,6,1.63,$42.26,6.48%,,,,$42.03,-0.54%,$0.00,-100.00%,$0.00,-100.00%,APAM,NYSE:APAM,-0.393,$39.25,14.65%
NYSE:APD,30 Aug 2025,$296.29,3,,8,0.99,$305.10,-2.89%,,,,$298.79,-2.07%,$226.88,-25.64%,$313.97,2.91%,APD,NYSE:APD,-0.721,$343.37,
NASDAQ:APEI,15 Oct 2025,$34.52,3,,,0.67,$45.61,-24.31%,,,,$42.94,-5.85%,$0.00,-100.00%,$0.00,-100.00%,APEI,NASDAQ:APEI,-0.920,$62.83,
NYSE:APH,22 Jan 2026,$121.05,1,$163.27,10,0.78,$157.01,-22.90%,,,,$152.24,-3.04%,$196.61,25.22%,$213.58,36.03%,APH,NYSE:APH,-0.837,$191.88,-14.91%
NASDAQ:API,24 Aug 2025,$3.05,3,,,0.70,$4.36,-30.16%,,,,$4.24,-2.75%,$0.00,-100.00%,$0.00,-100.00%,API,NASDAQ:API,-0.900,$5.90,
NASDAQ:APOG,5 May 2025,$66.39,5,,2,1.47,$41.60,59.59%,,,,$41.43,-0.41%,$30.16,-27.49%,$53.06,27.55%,APOG,NASDAQ:APOG,-0.494,$44.00,
NYSE:AQN,26 Aug 2025,$6.14,4,,8,1.18,$5.70,7.78%,,,,$5.74,0.70%,$0.00,-100.00%,$0.00,-100.00%,AQN,NYSE:AQN,-0.651,$6.75,
NYSE:AR,20 Aug 2025,$31.31,3,,,0.75,$37.94,-17.48%,,,,$36.08,-4.90%,$64.23,69.29%,$91.88,142.17%,AR,NYSE:AR,-0.866,$49.30,
NASDAQ:ARAI,10 Feb 2026,$3.71,3,,,,$0.25,1385.16%,,,,,-100.00%,-$2.00,-900.00%,-$2.00,-900.00%,ARAI,NASDAQ:ARAI,-2.000,,
NASDAQ:ARAY,11 Dec 2025,$1.27,4,$4.00,4,,$0.28,353.57%,,,,,-100.00%,-$2.00,-814.29%,-$2.00,-814.29%,ARAY,NASDAQ:ARAY,-2.000,,
NASDAQ:ARCC,30 Mar 2026,$19.78,3,$20.83,9,1.90,$19.92,-0.72%,,,,$19.87,-0.25%,$19.09,-4.15%,$20.29,1.86%,ARCC,NASDAQ:ARCC,-0.296,$20.62,1.02%
NYSE:ARCO,29 Aug 2025,$10.31,3,,9,1.12,$7.96,29.48%,,,,$7.62,-4.27%,$0.00,-100.00%,$0.00,-100.00%,ARCO,NYSE:ARCO,-0.725,$11.29,
NASDAQ:ARHS,7 Jul 2025,$13.03,3,,4,1.37,$9.39,38.73%,,,,$9.75,3.83%,$0.00,-100.00%,$0.00,-100.00%,ARHS,NASDAQ:ARHS,-0.549,$10.35,
NASDAQ:ARKO,26 Aug 2025,$6.50,3,,,0.93,$4.75,36.94%,,,,$4.50,-5.26%,$0.00,-100.00%,$0.00,-100.00%,ARKO,NASDAQ:ARKO,-0.809,$9.00,
NASDAQ:ARLP,29 Jun 2026,$24.48,1,,,1.68,$26.30,-6.92%,,,,$25.57,-2.78%,"$17,726.39",67300.72%,"$17,731.72",67321.00%,ARLP,NASDAQ:ARLP,-0.428,$31.17,
NASDAQ:ARM,19 Jan 2026,$90.86,2,$170.59,1,0.50,$243.32,-62.66%,,,,$231.55,-4.84%,$287.91,18.33%,$292.28,20.12%,ARM,NASDAQ:ARM,-0.954,$287.79,-40.72%
NASDAQ:AROW,2 Oct 2025,$52.81,3,$48.67,4,1.72,$38.48,26.48%,,,,$38.17,-0.81%,$0.00,-100.00%,$0.00,-100.00%,AROW,NASDAQ:AROW,-0.397,$43.33,12.32%
NYSE:ARX,13 Nov 2025,$14.59,3,,,0.77,$19.59,-25.52%,,,,$19.12,-2.40%,$0.00,-100.00%,$0.00,-100.00%,ARX,NYSE:ARX,-0.835,$23.50,
NYSE:ASB,10 Apr 2025,$23.54,5,,6,1.39,$30.84,-23.67%,,,,$30.67,-0.55%,$0.00,-100.00%,$0.00,-100.00%,ASB,NYSE:ASB,-0.542,$34.44,
NYSE:ASGN,20 Feb 2026,$71.47,3,$56.80,5,,,#DIV/0!,,,,,#DIV/0!,-$2.00,#DIV/0!,-$2.00,#DIV/0!,ASGN,NYSE:ASGN,-2.000,,
NYSE:ASH,14 May 2025,$83.18,3,,4,0.91,$72.66,14.48%,,,,$71.37,-1.78%,$99.66,37.15%,$143.85,97.98%,ASH,NYSE:ASH,-0.752,$80.18,
NASDAQ:ASML,30 Aug 2025,$871.20,3,,10,0.99,"$1,763.76",-50.61%,,,,"$1,724.63",-2.22%,"$2,226.20",26.22%,"$2,273.09",28.88%,ASML,NASDAQ:ASML,-0.745,"$2,177.35",
NASDAQ:ASPI,19 Nov 2025,$6.33,3,$13.00,3,0.85,$4.00,58.34%,,,,$3.75,-6.25%,$0.00,-100.00%,$0.00,-100.00%,ASPI,NASDAQ:ASPI,-0.843,$13.00,0.00%
NYSE:ASR,10 Jul 2025,$344.93,4,,7,1.77,$262.58,31.36%,,,,$258.46,-1.57%,-$583.56,-322.24%,$858.07,226.78%,ASR,NYSE:ASR,-0.417,$343.64,
NASDAQ:ASTS,29 Jan 2026,$76.75,2,$91.68,6,0.76,$68.65,11.80%,,,,$62.69,-8.68%,$0.00,-100.00%,$0.00,-100.00%,ASTS,NASDAQ:ASTS,-0.830,$78.48,16.82%
NYSE:ASX,19 Jan 2026,$16.81,2,,,1.44,$36.51,-53.96%,,,,$35.28,-3.37%,$29.11,-20.26%,$36.04,-1.30%,ASX,NYSE:ASX,-0.561,$48.00,
NASDAQ:ATEC,11 Dec 2025,$16.73,3,$23.17,2,0.84,$9.48,76.48%,,,,$9.28,-2.11%,$0.00,-100.00%,$0.00,-100.00%,ATEC,NASDAQ:ATEC,-0.851,$15.79,46.74%
NYSE:ATEN,20 Jan 2026,$18.80,3,$23.25,7,1.05,$26.12,-28.02%,,,,$24.83,-4.94%,$0.00,-100.00%,$0.00,-100.00%,ATEN,NYSE:ATEN,-0.757,$38.40,-39.45%
NYSE:ATGE,15 Oct 2025,$131.23,2,,,,,#DIV/0!,,,,,#DIV/0!,-$2.00,#DIV/0!,-$2.00,#DIV/0!,ATGE,NYSE:ATGE,-2.000,,
NYSE:ATI,30 Aug 2025,$63.00,2,,7,0.82,$207.01,-69.57%,,,,$210.95,1.90%,$0.00,-100.00%,$0.00,-100.00%,ATI,NYSE:ATI,-0.815,$248.44,
NASDAQ:ATOM,10 Feb 2026,$5.03,3,,1,0.94,$4.78,5.32%,,,,$4.50,-5.86%,$0.00,-100.00%,$0.00,-100.00%,ATOM,NASDAQ:ATOM,-0.804,$10.00,
NYSE:ATS,31 Oct 2025,$26.18,3,,,1.18,$19.74,32.62%,,,,$19.11,-3.19%,$0.00,-100.00%,$0.00,-100.00%,ATS,NYSE:ATS,-0.696,$35.00,
NYSE:AU,20 Aug 2025,$29.75,2,,,0.87,$121.22,-75.46%,,,,$101.73,-16.08%,$253.04,108.74%,$257.64,112.54%,AU,NYSE:AU,-0.732,$113.12,
NYSE:AUB,20 Jan 2026,$40.52,3,$42.50,6,1.60,$41.15,-1.53%,,,,$41.21,0.15%,$0.00,-100.00%,$0.00,-100.00%,AUB,NYSE:AUB,-0.454,$47.00,-9.57%
NASDAQ:AUDC,26 Mar 2026,$12.39,3,$12.50,5,1.09,$9.60,29.06%,,,,$9.42,-1.87%,$0.00,-100.00%,$0.00,-100.00%,AUDC,NASDAQ:AUDC,-0.717,$12.50,0.00%
NASDAQ:AUR,5 Feb 2026,$5.15,3,,,0.98,$6.24,-17.53%,,,,$5.92,-5.13%,$5.17,-17.09%,$5.21,-16.50%,AUR,NASDAQ:AUR,-0.788,$11.22,
NYSE:AVB,18 Sep 2025,$217.02,5,,7,,$184.06,17.91%,,,,,-100.00%,-$2.00,-101.09%,-$2.00,-101.09%,AVB,NYSE:AVB,-2.000,,
NASDAQ:AVGO,26 May 2026,$447.08,3,$478.56,9,1.02,$368.45,21.34%,,,,$352.02,-4.46%,$479.35,30.10%,$508.88,38.11%,AVGO,NASDAQ:AVGO,-0.770,$527.88,-9.34%
NYSE:AVNS,11 Dec 2025,$18.52,3,,5,,$24.99,-25.89%,,,,,-100.00%,-$2.00,-108.00%,-$2.00,-108.00%,AVNS,NYSE:AVNS,-2.000,,
NASDAQ:AVNW,13 Aug 2026,,1,$32.33,5,0.81,$20.83,55.21%,55.21%,$32.33,$32.33,$19.92,-4.37%,$30.03,44.19%,$27.17,30.44%,AVNW,NASDAQ:AVNW,-0.860,$31.62,2.25%
NASDAQ:AVT,30 Aug 2025,$60.84,5,,1,1.18,$88.64,-31.36%,,,,$87.16,-1.67%,$0.00,-100.00%,$0.00,-100.00%,AVT,NASDAQ:AVT,-0.653,$106.25,
NASDAQ:AVTX,23 Dec 2025,$33.36,4,$37.40,3,0.70,$19.83,68.23%,,,,$19.01,-4.14%,$0.00,-100.00%,$0.00,-100.00%,AVTX,NASDAQ:AVTX,-0.911,$44.15,-15.29%
NYSE:AVY,30 Aug 2025,$186.52,3,,1,0.93,$183.71,1.53%,,,,$174.00,-5.29%,$390.43,112.53%,$464.15,152.65%,AVY,NYSE:AVY,-0.741,$201.80,
NYSE:AX,19 Nov 2025,$76.16,3,$103.25,5,0.78,$96.66,-21.21%,,,,$93.96,-2.79%,$0.00,-100.00%,$0.00,-100.00%,AX,NYSE:AX,-0.836,$119.14,-13.34%
NYSE:B,24 Oct 2025,$29.72,2,,,0.91,$47.60,-37.56%,,,,$43.36,-8.91%,$0.00,-100.00%,$0.00,-100.00%,B,NYSE:B,-0.750,$52.29,
NYSE:BA,9 Apr 2025,$179.31,5,,9,0.96,$214.20,-16.29%,,,,$219.09,2.28%,$97.87,-54.31%,$78.49,-63.36%,BA,NYSE:BA,-0.771,$274.85,
NYSE:BABA,20 Aug 2025,$133.65,4,,7,0.89,$119.34,11.99%,,,,$124.94,4.69%,$203.67,70.66%,$243.86,104.34%,BABA,NYSE:BABA,-0.828,$189.62,
NYSE:BAC,14 Aug 2025,$45.19,3,,6,0.98,$61.69,-26.75%,,,,$62.18,0.79%,$0.00,-100.00%,$0.00,-100.00%,BAC,NYSE:BAC,-0.725,$68.77,
NYSE:BALL,20 Aug 2025,$67.98,3,,6,0.87,$63.59,6.91%,,,,$61.00,-4.07%,$0.00,-100.00%,$0.00,-100.00%,BALL,NYSE:BALL,-0.777,$72.57,
NYSE:BANC,19 Nov 2025,$18.77,3,$20.69,3,1.40,$18.64,0.70%,,,,$18.80,0.86%,$0.00,-100.00%,$0.00,-100.00%,BANC,NYSE:BANC,-0.555,$22.27,-7.09%
NASDAQ:BANF,1 Jun 2026,$118.00,3,$125.00,2,1.04,$112.91,4.50%,,,,$111.73,-1.05%,$0.00,-100.00%,$0.00,-100.00%,BANF,NASDAQ:BANF,-0.692,$124.33,0.54%
NASDAQ:BANR,19 Nov 2025,$63.81,3,$71.50,3,1.73,$71.14,-10.30%,,,,$71.25,0.15%,$0.00,-100.00%,$0.00,-100.00%,BANR,NASDAQ:BANR,-0.382,$76.50,-6.54%
NYSE:BAP,27 May 2026,$279.24,2,,,1.59,$378.97,-26.32%,,,,$365.83,-3.47%,$0.00,-100.00%,$0.00,-100.00%,BAP,NYSE:BAP,-0.448,$418.80,
NYSE:BB,18 Aug 2025,$3.38,3,,6,0.94,$8.04,-57.99%,,,,$8.06,0.25%,$7.84,-2.48%,$8.29,3.09%,BB,NYSE:BB,-0.762,$9.71,
NYSE:BBAI,9 Feb 2026,$4.92,3,$6.33,2,0.80,$3.22,52.80%,,,,$2.99,-7.14%,$0.00,-100.00%,$0.00,-100.00%,BBAI,NYSE:BBAI,-0.830,$4.00,58.25%
NYSE:BBD,1 Jun 2026,$3.72,3,,5,1.24,$3.11,19.68%,,,,$3.02,-2.89%,$0.00,-100.00%,$0.00,-100.00%,BBD,NYSE:BBD,-0.671,$4.55,
NASDAQ:BBNX,11 Dec 2025,$41.35,4,,,0.47,$19.05,117.06%,,,,$18.59,-2.41%,$17.34,-9.00%,$17.47,-8.30%,BBNX,NASDAQ:BBNX,-0.939,$20.31,
NYSE:BBT,19 Nov 2025,$27.72,3,,,1.90,$31.65,-12.42%,,,,$32.10,1.42%,$0.00,-100.00%,$0.00,-100.00%,BBT,NYSE:BBT,-0.310,$34.83,
NYSE:BBVA,9 Sep 2025,$17.20,3,,9,1.46,$29.04,-40.76%,,,,$28.53,-1.76%,$0.00,-100.00%,$0.00,-100.00%,BBVA,NYSE:BBVA,-0.451,$24.53,
NYSE:BBW,15 Aug 2025,$41.34,2,,8,0.99,$38.89,6.30%,,,,$37.00,-4.86%,$91.26,134.67%,$110.32,183.68%,BBW,NYSE:BBW,-0.783,$61.25,
NYSE:BBWI,24 Mar 2026,$46.95,3,$23.83,5,1.26,$19.45,22.52%,,,,$19.51,0.31%,$31.18,60.30%,$43.27,122.45%,BBWI,NYSE:BBWI,-0.639,$25.20,-5.44%
NYSE:BBY,30 Aug 2025,$87.98,3,,5,1.12,$85.89,2.43%,,,,$87.00,1.29%,$87.02,1.31%,$123.87,44.22%,BBY,NYSE:BBY,-0.625,$82.35,
NYSE:BCH,19 Nov 2025,$33.72,2,,,1.17,$42.20,-20.09%,,,,$41.09,-2.63%,"-$77,909.46",-184719.58%,"-$77,908.87",-184718.16%,BCH,NYSE:BCH,-0.598,$39.54,
NYSE:BCS,19 Aug 2025,$17.24,2,,,1.20,$26.83,-35.74%,,,,$26.62,-0.78%,-$82.90,-408.96%,-$82.90,-408.96%,BCS,NYSE:BCS,-0.628,$30.27,
NYSE:BCSF,25 Feb 2026,$14.48,3,$15.00,6,1.84,$12.06,20.08%,,,,$12.03,-0.25%,$0.00,-100.00%,$0.00,-100.00%,BCSF,NYSE:BCSF,-0.339,$13.33,12.53%
NYSE:BDC,27 Jan 2026,$129.16,4,$147.50,3,0.86,$122.46,5.47%,,,,$124.28,1.49%,$159.30,30.08%,$193.69,58.16%,BDC,NYSE:BDC,-0.804,$152.75,-3.44%
NASDAQ:BELFA,26 Jan 2026,$136.39,2,,,1.13,$214.31,-36.36%,,,,$212.14,-1.01%,$547.82,155.62%,$666.42,210.96%,BELFA,NASDAQ:BELFA,-0.721,$313.00,
NASDAQ:BELFB,26 Jan 2026,$149.36,2,,,0.90,$255.46,-41.53%,,,,$256.40,0.37%,$0.00,-100.00%,$0.00,-100.00%,BELFB,NASDAQ:BELFB,-0.796,$329.67,
NYSE:BF.A,24 May 2026,$36.21,3,,,0.61,$29.06,24.60%,,,,$27.62,-4.96%,$61.58,111.91%,$67.01,130.59%,BF.A,NYSE:BF.A,-0.754,,
NYSE:BF.B,26 Mar 2026,$32.79,5,,,0.95,$28.44,15.30%,,,,$27.06,-4.85%,$47.22,66.03%,$50.37,77.10%,BF.B,NYSE:BF.B,-0.705,$27.85,
NYSE:BFAM,1 Sep 2025,$119.95,3,,8,0.87,$72.88,64.58%,,,,$71.19,-2.32%,$0.00,-100.00%,$0.00,-100.00%,BFAM,NYSE:BFAM,-0.797,$89.44,
NASDAQ:BFC,21 Oct 2025,$117.45,3,$137.00,6,0.78,$152.76,-23.11%,,,,$148.07,-3.07%,$0.00,-100.00%,$0.00,-100.00%,BFC,NASDAQ:BFC,-0.803,$163.00,-15.95%
NYSE:BFLY,16 Dec 2025,$4.29,3,$4.25,7,0.76,$9.55,-55.50%,,,,$8.85,-7.33%,$0.00,-100.00%,$0.00,-100.00%,BFLY,NYSE:BFLY,-0.791,$9.31,-54.35%
NYSE:BFS,23 Dec 2025,$44.26,3,,5,1.59,$33.72,31.26%,,,,$34.02,0.89%,$0.00,-100.00%,$0.00,-100.00%,BFS,NYSE:BFS,-0.489,$43.50,
NASDAQ:BFST,27 May 2026,$30.53,3,$33.00,3,1.09,$31.15,-1.98%,,,,$30.71,-1.41%,$0.00,-100.00%,$0.00,-100.00%,BFST,NASDAQ:BFST,-0.675,$34.70,-4.90%
NYSEAMERICAN:BHB,10 Oct 2025,$29.37,1,,,,$39.65,-25.93%,,,,,-100.00%,-$2.00,-105.04%,-$2.00,-105.04%,BHB,NYSEAMERICAN:BHB,-2.000,,
NYSE:BHE,2 Feb 2026,$52.61,3,$56.00,6,1.25,$72.64,-27.57%,,,,$71.91,-1.00%,$81.71,12.48%,$94.57,30.19%,BHE,NYSE:BHE,-0.619,$86.00,-34.88%
NYSE:BHP,11 Dec 2025,$58.46,3,$49.75,6,0.63,$97.03,-48.73%,,,,$89.73,-7.52%,$0.00,-100.00%,$0.00,-100.00%,BHP,NYSE:BHP,-0.800,$74.07,-32.83%
NASDAQ:BHRB,19 Nov 2025,$66.02,3,$72.00,5,1.39,$71.55,-7.73%,,,,$70.56,-1.38%,$0.00,-100.00%,$0.00,-100.00%,BHRB,NASDAQ:BHRB,-0.543,$80.00,-10.00%
NYSE:BIO,11 Dec 2025,$345.93,4,$357.50,4,0.60,$380.03,-8.97%,,,,$345.12,-9.19%,$0.00,-100.00%,$0.00,-100.00%,BIO,NYSE:BIO,-0.838,$329.00,8.66%
NYSE:BIRK,8 Mar 2026,$48.62,3,$58.44,5,0.81,$35.64,36.42%,,,,$35.24,-1.12%,$0.00,-100.00%,$0.00,-100.00%,BIRK,NYSE:BIRK,-0.864,$54.37,7.49%
NYSE:BJ,20 Aug 2025,$90.76,0,,1,0.75,$96.42,-5.87%,,,,$89.96,-6.70%,$82.53,-14.41%,$69.09,-28.34%,BJ,NYSE:BJ,-0.815,$102.95,
NYSE:BKD,30 Aug 2025,$9.20,4,,6,0.89,$11.80,-22.03%,,,,$11.84,0.34%,$0.00,-100.00%,$0.00,-100.00%,BKD,NYSE:BKD,-0.828,$19.25,
NYSE:BKE,13 Apr 2026,$50.82,3,$53.00,5,0.86,$43.81,16.00%,,,,$42.32,-3.40%,$66.69,52.23%,$71.54,63.30%,BKE,NYSE:BKE,-0.763,$46.00,15.22%
NASDAQ:BKR,30 Jun 2026,$56.35,3,$74.62,6,1.13,$62.34,-9.62%,,,,$63.38,1.67%,$111.47,78.81%,$133.01,113.36%,BKR,NASDAQ:BKR,-0.664,$71.91,3.77%
NYSEAMERICAN:BKTI,10 Feb 2026,$81.00,,,8,,$78.00,3.85%,,,,,-100.00%,-$2.00,-102.56%,-$2.00,-102.56%,BKTI,NYSEAMERICAN:BKTI,-2.000,,
NYSE:BKU,19 Nov 2025,$43.87,3,,,1.22,$46.33,-5.31%,,,,$46.44,0.24%,$0.00,-100.00%,$0.00,-100.00%,BKU,NYSE:BKU,-0.608,$50.27,
NASDAQ:BL,29 Jan 2026,$60.96,4,$59.00,6,0.74,$31.83,85.36%,,,,$29.65,-6.85%,$0.00,-100.00%,$0.00,-100.00%,BL,NASDAQ:BL,-0.852,$38.80,52.06%
NYSE:BLD,30 Aug 2025,$467.93,3,,3,,,#DIV/0!,,,,,#DIV/0!,-$2.00,#DIV/0!,-$2.00,#DIV/0!,BLD,NYSE:BLD,-2.000,,
NASDAQ:BLDP,29 Oct 2025,$3.68,3,$2.20,5,1.01,$2.40,-8.33%,,,,$2.39,-0.42%,$0.00,-100.00%,$0.00,-100.00%,BLDP,NASDAQ:BLDP,-0.773,$4.11,-46.47%
NYSE:BLK,27 Aug 2025,"$1,027.97",2,,,0.67,"$1,156.55",-11.12%,,,,"$1,126.73",-2.58%,$0.00,-100.00%,$0.00,-100.00%,BLK,NYSE:BLK,-0.866,"$1,314.44",
NASDAQ:BLKB,19 Nov 2025,$76.27,3,$75.00,4,0.80,$47.52,57.83%,,,,$43.73,-7.98%,$38.47,-19.05%,$62.43,31.38%,BLKB,NASDAQ:BLKB,-0.803,$53.40,40.45%
NYSE:BLND,27 Jan 2026,$3.86,3,$4.19,7,0.87,$1.52,153.97%,,,,$1.41,-7.24%,$0.00,-100.00%,$0.00,-100.00%,BLND,NYSE:BLND,-0.837,$2.96,41.55%
NASDAQ:BLNK,23 Dec 2025,$0.94,3,,6,0.85,$0.59,59.32%,,,,$0.54,-8.47%,$0.00,-100.00%,$0.00,-100.00%,BLNK,NASDAQ:BLNK,-0.844,$1.63,
NYSE:BLSH,13 Nov 2025,$55.70,3,,,0.81,$30.41,83.15%,,,,$24.37,-19.86%,$0.00,-100.00%,$0.00,-100.00%,BLSH,NYSE:BLSH,-0.835,$38.67,
NYSE:BLX,19 Nov 2025,$40.42,3,,,1.61,$53.43,-24.35%,,,,$54.21,1.46%,$0.00,-100.00%,$0.00,-100.00%,BLX,NYSE:BLX,-0.471,$65.90,
NASDAQ:BLZE,27 Jan 2026,$6.36,3,$9.00,6,0.90,$15.80,-59.73%,,,,$15.65,-0.95%,$0.00,-100.00%,$0.00,-100.00%,BLZE,NASDAQ:BLZE,-0.823,$22.83,-60.58%
NYSE:BMI,28 Jan 2026,$175.41,3,$204.00,3,0.75,$131.81,33.08%,,,,$124.28,-5.71%,$176.02,33.54%,$183.68,39.35%,BMI,NYSE:BMI,-0.840,$155.44,31.24%
NASDAQ:BMRC,19 Nov 2025,$27.20,3,$29.50,7,1.66,$26.91,1.08%,,,,$27.14,0.85%,-$140.36,-621.58%,-$137.60,-611.34%,BMRC,NASDAQ:BMRC,-0.436,$31.80,-7.23%
NYSE:BN,26 Aug 2024,$55.96,2,,,0.91,$41.69,34.23%,,,,$41.33,-0.86%,$0.00,-100.00%,$0.00,-100.00%,BN,NYSE:BN,-0.797,$54.60,
NYSE:BNS,19 Aug 2025,$55.34,3,,,1.85,$87.57,-36.81%,,,,$88.13,0.64%,-$125.55,-243.37%,-$109.20,-224.71%,BNS,NYSE:BNS,-0.312,$87.45,
NYSE:BOH,16 Apr 2026,$78.42,3,$83.80,3,1.54,$77.50,1.19%,,,,$77.54,0.05%,$0.00,-100.00%,$0.00,-100.00%,BOH,NYSE:BOH,-0.477,$86.83,-3.49%
NASDAQ:BOKF,1 Jun 2026,$132.35,3,$139.00,2,1.22,$140.47,-5.78%,,,,$139.30,-0.83%,$0.00,-100.00%,$0.00,-100.00%,BOKF,NASDAQ:BOKF,-0.610,$152.00,-8.55%
NYSE:BOW,19 Sep 2025,$29.01,3,,,0.71,$33.50,-13.40%,,,,$32.81,-2.06%,$108.75,224.63%,$109.35,226.42%,BOW,NYSE:BOW,-0.819,$33.71,
NYSE:BP,18 Aug 2025,$39.40,4,,9,1.63,$44.76,-11.97%,,,,$43.67,-2.44%,$0.00,-100.00%,$0.00,-100.00%,BP,NYSE:BP,-0.424,$47.60,
NASDAQ:BPOP,19 Nov 2025,$104.09,2,,,1.20,$169.07,-38.43%,,,,$168.73,-0.20%,$0.00,-100.00%,$0.00,-100.00%,BPOP,NASDAQ:BPOP,-0.639,$197.30,
NYSE:BR,29 Jan 2026,$214.91,4,$265.40,4,1.03,$182.18,17.97%,,,,$168.08,-7.74%,$0.00,-100.00%,$0.00,-100.00%,BR,NYSE:BR,-0.713,$213.25,24.45%
NYSEAMERICAN:BRBS,19 Nov 2025,$4.10,,,6,,$3.90,5.13%,,,,,-100.00%,-$2.00,-151.28%,-$2.00,-151.28%,BRBS,NYSEAMERICAN:BRBS,-2.000,,
NASDAQ:BRKR,11 Dec 2025,$76.60,3,$47.88,3,0.60,$59.56,-19.61%,,,,$55.56,-6.72%,$0.00,-100.00%,$0.00,-100.00%,BRKR,NASDAQ:BRKR,-0.865,$58.75,-18.50%
NYSE:BROS,14 Jan 2026,$57.62,2,$76.64,9,0.91,$49.87,15.54%,,,,$47.13,-5.49%,$0.00,-100.00%,$0.00,-100.00%,BROS,NYSE:BROS,-0.818,$79.79,-3.95%
NYSE:BSAC,19 Nov 2025,$26.95,3,,,1.78,$35.16,-23.35%,,,,$34.36,-2.28%,$0.00,-100.00%,$0.00,-100.00%,BSAC,NYSE:BSAC,-0.340,$35.15,
NYSE:BSBR,13 Oct 2025,$5.76,3,,5,1.55,$5.74,0.35%,,,,$5.53,-3.66%,$0.00,-100.00%,$0.00,-100.00%,BSBR,NYSE:BSBR,-0.496,$7.10,
NASDAQ:BSRR,27 May 2026,$37.81,3,$36.50,6,1.51,$39.92,-8.57%,,,,$39.51,-1.03%,$0.00,-100.00%,$0.00,-100.00%,BSRR,NASDAQ:BSRR,-0.481,$43.00,-15.12%
NASDAQ:BSVN,2 Oct 2025,$44.09,3,$53.50,5,1.03,$51.83,-14.93%,,,,$50.63,-2.32%,$0.00,-100.00%,$0.00,-100.00%,BSVN,NASDAQ:BSVN,-0.700,$57.33,-6.68%
NYSE:BSX,11 Dec 2025,$90.36,2,$126.57,10,0.90,$50.37,79.40%,,,,$49.80,-1.13%,$0.00,-100.00%,$0.00,-100.00%,BSX,NYSE:BSX,-0.789,$62.69,101.90%
NASDAQ:BSY,11 Feb 2026,$40.46,5,$48.60,7,0.88,$37.08,9.11%,,,,$34.00,-8.31%,$0.00,-100.00%,$0.00,-100.00%,BSY,NASDAQ:BSY,-0.787,$44.47,9.29%
NASDAQ:BTCS,23 Dec 2025,$3.00,3,$7.00,7,0.81,$1.35,122.22%,,,,$1.04,-22.96%,$0.00,-100.00%,$0.00,-100.00%,BTCS,NASDAQ:BTCS,-0.863,$5.00,40.00%
NASDAQ:BTDR,19 Aug 2025,$10.25,2,,,0.86,$11.37,-9.86%,,,,$8.33,-26.74%,$0.00,-100.00%,$0.00,-100.00%,BTDR,NASDAQ:BTDR,-0.841,$22.33,
NYSE:BTI,17 Mar 2026,$55.65,2,,7,1.23,$56.21,-1.01%,,,,$55.22,-1.76%,$0.00,-100.00%,$0.00,-100.00%,BTI,NYSE:BTI,-0.640,$70.20,
NASDAQ:BTOG,18 Aug 2025,$0.57,3,,,,$3.73,-84.80%,,,,,-100.00%,-$2.00,-153.62%,-$2.00,-153.62%,BTOG,NASDAQ:BTOG,-2.000,,
NASDAQ:BULL,2 Sep 2025,$18.16,3,,,0.71,$8.78,106.86%,,,,$7.67,-12.64%,$0.00,-100.00%,$0.00,-100.00%,BULL,NASDAQ:BULL,-0.905,$12.33,
NYSE:BUR,28 Oct 2025,$12.88,3,$21.32,4,1.35,$4.31,198.84%,,,,$4.18,-3.02%,$0.00,-100.00%,$0.00,-100.00%,BUR,NYSE:BUR,-0.622,$8.67,145.91%
NYSE:BURL,25 Jul 2023,$199.81,4,,,0.78,$326.50,-38.80%,,,,$322.50,-1.23%,$364.42,11.61%,$380.39,16.50%,BURL,NYSE:BURL,-0.822,$380.56,
NASDAQ:BUSE,27 May 2026,$28.96,3,$29.33,8,1.42,$30.30,-4.42%,,,,$30.07,-0.76%,$0.00,-100.00%,$0.00,-100.00%,BUSE,NASDAQ:BUSE,-0.524,$33.29,-11.90%
NASDAQ:BVFL,29 Oct 2025,$15.68,3,,4,,$21.42,-26.80%,,,,,-100.00%,-$2.00,-109.34%,-$2.00,-109.34%,BVFL,NASDAQ:BVFL,-2.000,,
NASDAQ:BWFG,9 Oct 2025,$39.87,3,,,0.70,$66.30,-39.86%,,,,$64.28,-3.05%,$0.00,-100.00%,$0.00,-100.00%,BWFG,NASDAQ:BWFG,-0.831,$69.50,
NYSE:BXP,14 Jan 2026,$81.17,5,$77.89,2,1.22,$67.67,15.10%,,,,$66.26,-2.08%,$0.00,-100.00%,$0.00,-100.00%,BXP,NYSE:BXP,-0.615,$75.15,3.65%
NYSE:BXSL,19 Aug 2025,$31.13,3,,7,2.16,$24.76,25.74%,,,,$24.63,-0.53%,$0.00,-100.00%,$0.00,-100.00%,BXSL,NYSE:BXSL,-0.170,$24.57,
NYSE:BY,28 Apr 2026,$33.91,3,$36.00,7,0.98,$38.25,-11.34%,,,,$37.64,-1.59%,$0.00,-100.00%,$0.00,-100.00%,BY,NYSE:BY,-0.729,$43.20,-16.67%
NYSE:BZH,31 Dec 2025,$31.99,3,$25.00,1,0.52,$33.13,-24.54%,,,,$32.33,-2.41%,$129.22,290.05%,$90.20,172.27%,BZH,NYSE:BZH,-0.864,$27.50,-9.09%
NYSE:C,12 Aug 2025,$86.32,3,,,0.99,$131.65,-34.43%,,,,$130.64,-0.77%,$0.00,-100.00%,$0.00,-100.00%,C,NYSE:C,-0.731,$154.50,
NYSE:CAAP,15 Aug 2025,$22.01,3,,9,0.77,$23.46,-6.19%,,,,$22.36,-4.69%,$0.00,-100.00%,$0.00,-100.00%,CAAP,NYSE:CAAP,-0.877,$32.43,
NASDAQ:CAC,14 Oct 2025,$41.96,3,$44.00,3,1.02,$56.67,-25.96%,,,,$55.91,-1.34%,$0.00,-100.00%,$0.00,-100.00%,CAC,NASDAQ:CAC,-0.692,$59.50,-26.05%
NYSE:CADE,14 Oct 2025,$37.02,3,,,,,#DIV/0!,,,,,#DIV/0!,-$2.00,#DIV/0!,-$2.00,#DIV/0!,CADE,NYSE:CADE,-2.000,,
NYSE:CAL,21 Sep 2025,$26.47,3,,1,1.06,$13.62,94.35%,,,,$13.02,-4.41%,$10.61,-22.13%,$22.68,66.52%,CAL,NYSE:CAL,-0.718,$17.00,
NASDAQ:CALM,11 Jul 2025,$93.94,3,,6,1.19,$82.80,13.45%,,,,$79.52,-3.96%,$208.59,151.92%,$116.07,40.18%,CALM,NASDAQ:CALM,-0.619,$88.00,
NYSE:CALX,29 Jan 2026,$45.47,2,$82.00,6,0.56,$40.12,13.34%,,,,$36.93,-7.95%,$50.79,26.61%,$55.34,37.93%,CALX,NYSE:CALX,-0.975,$62.33,31.56%
NASDAQ:CAMT,24 Oct 2024,$87.99,4,,,1.09,$146.81,-40.07%,,,,$145.81,-0.68%,$0.00,-100.00%,$0.00,-100.00%,CAMT,NASDAQ:CAMT,-0.706,$185.45,
NYSE:CANG,24 Aug 2025,$4.01,3,,7,,$2.14,87.24%,,,,,-100.00%,-$2.00,-193.46%,-$2.00,-193.46%,CANG,NYSE:CANG,-2.000,,
NASDAQ:CAR,11 Mar 2024,$159.62,3,,,0.51,$146.61,8.87%,,,,$134.48,-8.27%,"-$1,539.79",-1150.26%,-$819.09,-658.69%,CAR,NASDAQ:CAR,-0.880,$129.14,
NASDAQ:CARE,19 Nov 2025,$18.50,3,$22.00,5,0.62,$31.25,-40.80%,,,,$30.00,-4.00%,$0.00,-100.00%,$0.00,-100.00%,CARE,NASDAQ:CARE,-0.880,$34.50,-36.23%
NYSE:CARR,24 Dec 2025,$35.78,3,$48.75,5,0.97,$60.37,-40.73%,,,,$59.83,-0.89%,$66.91,10.83%,$81.30,34.66%,CARR,NYSE:CARR,-0.765,$77.82,-37.36%
NASDAQ:CASH,19 Nov 2025,$71.98,3,$88.00,2,0.96,$83.68,-13.98%,,,,$82.06,-1.94%,$0.00,-100.00%,$0.00,-100.00%,CASH,NASDAQ:CASH,-0.751,$101.00,-12.87%
NYSEAMERICAN:CATX,11 Dec 2025,$2.54,1,$11.92,8,,$3.30,-23.03%,,,,,-100.00%,-$2.00,-160.61%,-$2.00,-160.61%,CATX,NYSEAMERICAN:CATX,-2.000,,
NASDAQ:CATY,27 May 2026,$59.45,3,$53.67,6,2.09,$62.30,-13.85%,,,,$62.88,0.93%,$0.00,-100.00%,$0.00,-100.00%,CATY,NASDAQ:CATY,-0.219,$65.80,-18.43%
NYSE:CAVA,11 Nov 2025,$63.28,3,$72.31,6,0.81,$73.63,-14.06%,,,,$68.25,-7.31%,$0.00,-100.00%,$0.00,-100.00%,CAVA,NYSE:CAVA,-0.815,$87.70,-17.55%
NYSE:CB,18 Sep 2025,$273.39,3,,,1.45,$340.99,-19.83%,,,,$340.15,-0.25%,$0.00,-100.00%,$0.00,-100.00%,CB,NYSE:CB,-0.503,$365.26,
NASDAQ:CBLL,11 Dec 2025,$36.55,3,$25.00,6,0.58,$24.20,3.31%,,,,$23.73,-1.94%,$0.00,-100.00%,$0.00,-100.00%,CBLL,NASDAQ:CBLL,-0.902,$27.29,-8.39%
NASDAQ:CBNK,23 Dec 2025,$29.70,3,$34.00,3,0.93,$36.53,-18.70%,,,,$35.77,-2.08%,$0.00,-100.00%,$0.00,-100.00%,CBNK,NASDAQ:CBNK,-0.752,$41.50,-18.07%
BATS:CBOE,18 Sep 2025,$214.25,2,,,0.94,$300.74,-28.76%,,,,$269.83,-10.28%,$0.00,-100.00%,$0.00,-100.00%,CBOE,BATS:CBOE,-0.730,$317.71,
NYSE:CBU,27 Oct 2025,$62.61,3,$63.00,3,1.54,$63.56,-1.49%,,,,$62.88,-1.07%,$0.00,-100.00%,$0.00,-100.00%,CBU,NYSE:CBU,-0.473,$70.17,-10.22%
NYSE:CBZ,7 Jan 2025,$77.57,3,,,0.56,$54.66,41.91%,,,,$53.33,-2.43%,$105.00,92.10%,$123.05,125.12%,CBZ,NYSE:CBZ,-0.872,$51.67,
NASDAQ:CCB,19 Nov 2025,$95.54,3,$127.50,8,0.78,$46.28,106.44%,,,,$46.39,0.24%,$0.00,-100.00%,$0.00,-100.00%,CCB,NASDAQ:CCB,-0.803,$49.50,157.58%
NASDAQ:CCBG,19 Nov 2025,$38.91,3,$47.00,7,1.05,$51.33,-24.20%,,,,$50.44,-1.73%,$0.00,-100.00%,$0.00,-100.00%,CCBG,NASDAQ:CCBG,-0.667,$51.67,-9.04%
NYSE:CCI,19 Sep 2025,$108.34,5,,6,1.42,$75.51,43.48%,,,,$73.66,-2.45%,$0.00,-100.00%,$0.00,-100.00%,CCI,NYSE:CCI,-0.559,$95.47,
NYSE:CCK,29 Aug 2025,$107.03,3,,5,0.97,$119.47,-10.41%,,,,$114.98,-3.76%,$0.00,-100.00%,$0.00,-100.00%,CCK,NYSE:CCK,-0.736,$136.57,
NYSE:CCL,23 Jul 2026,$30.88,5,$35.19,7,1.05,$25.73,20.02%,,,,$26.24,1.98%,$56.04,117.78%,$82.28,219.78%,CCL,NYSE:CCL,-0.753,$35.55,-1.01%
NASDAQ:CCNE,30 Mar 2026,$32.74,3,$35.00,5,1.32,$33.84,-3.25%,,,,$33.58,-0.77%,$0.00,-100.00%,$0.00,-100.00%,CCNE,NASDAQ:CCNE,-0.572,$37.50,-6.67%
NASDAQ:CCOI,6 Nov 2025,$50.57,3,$44.20,5,1.67,$9.17,382.01%,,,,$9.02,-1.64%,$0.00,-100.00%,$0.00,-100.00%,CCOI,NASDAQ:CCOI,-0.478,$16.45,168.69%
NASDAQ:CCSI,11 Feb 2026,$30.28,4,$37.00,3,0.67,$38.77,-21.90%,,,,$36.12,-6.84%,$0.00,-100.00%,$0.00,-100.00%,CCSI,NASDAQ:CCSI,-0.851,$41.75,-11.38%
NYSE:CDE,28 Apr 2026,$9.27,2,$26.86,9,0.75,$20.97,-55.79%,,,,$19.19,-8.49%,$0.00,-100.00%,$0.00,-100.00%,CDE,NYSE:CDE,-0.824,$23.32,15.18%
NASDAQ:CDNS,19 Jan 2026,$321.30,3,$376.64,6,0.70,$319.02,0.71%,,,,$303.75,-4.79%,$437.43,37.12%,$463.27,45.22%,CDNS,NASDAQ:CDNS,-0.881,$403.67,-6.70%
NYSE:CDP,18 Feb 2026,$33.25,3,$35.60,7,1.40,$37.27,-10.79%,,,,$36.67,-1.61%,$33.34,-10.55%,$46.89,25.82%,CDP,NYSE:CDP,-0.523,$39.00,-8.72%
NASDAQ:CDW,18 May 2026,$131.51,3,$138.83,9,0.66,$137.25,-4.18%,,,,$130.31,-5.06%,$0.00,-100.00%,$0.00,-100.00%,CDW,NASDAQ:CDW,-0.868,$155.89,-10.94%
NYSE:CE,28 Mar 2025,$111.30,3,,9,0.74,$46.80,137.82%,,,,$43.87,-6.26%,$0.00,-100.00%,$0.00,-100.00%,CE,NYSE:CE,-0.884,$63.62,
NASDAQ:CEG,23 Dec 2025,$300.57,2,$409.82,9,0.82,$272.88,10.15%,,,,$262.27,-3.89%,$0.00,-100.00%,$0.00,-100.00%,CEG,NASDAQ:CEG,-0.831,$348.45,17.61%
NASDAQ:CELC,29 Nov 2024,$21.98,3,,,0.87,$93.53,-76.50%,,,,$89.92,-3.86%,$0.00,-100.00%,$0.00,-100.00%,CELC,NASDAQ:CELC,-0.834,$161.55,
NASDAQ:CENT,9 Apr 2026,$50.35,5,$50.00,5,0.75,$44.40,12.61%,,,,$43.23,-2.64%,$0.00,-100.00%,$0.00,-100.00%,CENT,NASDAQ:CENT,-0.844,$53.00,-5.66%
NASDAQ:CENTA,13 Aug 2026,$45.29,4,,,0.72,$38.43,17.85%,17.85%,$45.29,$46.25,$37.16,-3.30%,$0.00,-100.00%,$0.00,-100.00%,CENTA,NASDAQ:CENTA,-0.861,$46.25,
NASDAQ:CENX,20 Aug 2025,$23.49,3,,9,0.80,$43.92,-46.52%,,,,$39.55,-9.95%,$0.00,-100.00%,$0.00,-100.00%,CENX,NASDAQ:CENX,-0.867,$70.50,
NYSE:CEPU,16 Dec 2025,$17.50,3,$17.50,9,1.18,$12.98,34.82%,,,,$12.68,-2.31%,$0.00,-100.00%,$0.00,-100.00%,CEPU,NYSE:CEPU,-0.696,$24.01,-27.11%
NASDAQ:CERS,11 Dec 2025,$2.70,4,$4.50,4,0.90,$2.81,-4.05%,,,,$2.71,-3.56%,$2.38,-15.21%,$2.48,-11.73%,CERS,NASDAQ:CERS,-0.821,$4.67,-3.64%
NASDAQ:CEVA,10 Feb 2026,$35.04,4,$36.00,5,0.97,$27.99,25.19%,,,,$28.02,0.11%,$0.00,-100.00%,$0.00,-100.00%,CEVA,NASDAQ:CEVA,-0.791,$47.25,-23.81%
NASDAQ:CFFN,1 Jun 2026,$8.16,3,$8.25,6,2.19,$8.53,-4.40%,,,,$8.52,-0.12%,$0.00,-100.00%,$0.00,-100.00%,CFFN,NASDAQ:CFFN,-0.185,$9.50,-13.16%
NYSE:CFG,27 May 2026,$59.16,3,$72.63,6,1.79,$69.86,-15.31%,,,,$70.87,1.45%,$0.00,-100.00%,$0.00,-100.00%,CFG,NYSE:CFG,-0.373,$80.59,-9.88%
NASDAQ:CFLT,27 Jan 2026,$37.00,3,$29.10,1,,,#DIV/0!,,,,,#DIV/0!,-$2.00,#DIV/0!,-$2.00,#DIV/0!,CFLT,NASDAQ:CFLT,-2.000,,
NYSE:CFR,19 Nov 2025,$122.52,3,$139.13,7,1.18,$164.19,-25.38%,,,,$162.73,-0.89%,-$419.44,-355.46%,-$496.10,-402.15%,CFR,NYSE:CFR,-0.618,$169.50,-17.92%
NASDAQ:CG,19 Nov 2025,$51.54,3,$66.70,6,0.99,$49.37,4.39%,,,,$47.83,-3.12%,$0.00,-100.00%,$0.00,-100.00%,CG,NASDAQ:CG,-0.733,$58.06,14.88%
NYSE:CGAU,15 Aug 2025,$8.68,4,,7,1.06,$23.75,-63.44%,,,,$22.07,-7.07%,$37.29,57.00%,$26.54,11.75%,CGAU,NYSE:CGAU,-0.657,$23.25,
NASDAQ:CGNX,29 Jan 2026,$39.12,3,$45.64,9,0.81,$60.54,-35.38%,,,,$59.11,-2.36%,$0.00,-100.00%,$0.00,-100.00%,CGNX,NASDAQ:CGNX,-0.846,$80.05,-42.99%
NASDAQ:CHCO,27 May 2026,$129.27,3,$130.00,4,0.97,$144.48,-10.52%,,,,$141.28,-2.21%,$0.00,-100.00%,$0.00,-100.00%,CHCO,NASDAQ:CHCO,-0.696,$140.40,-7.41%
NYSE:CHCT,24 Aug 2025,$20.57,3,,8,1.87,$14.87,38.35%,,,,$14.43,-2.96%,$0.00,-100.00%,$0.00,-100.00%,CHCT,NYSE:CHCT,-0.354,$18.25,
NYSE:CHD,20 Feb 2024,$80.10,1,,,0.87,$98.80,-18.93%,,,,$97.41,-1.41%,$0.00,-100.00%,$0.00,-100.00%,CHD,NYSE:CHD,-0.763,$105.37,
NASDAQ:CHDN,18 Sep 2025,$128.82,3,$132.71,9,0.95,$93.71,37.47%,,,,$87.32,-6.82%,$136.53,45.69%,$189.71,102.44%,CHDN,NASDAQ:CHDN,-0.798,$131.64,0.81%
NYSE:CHE,3 Jul 2024,$512.61,3,,,0.43,$540.57,-5.17%,,,,$508.24,-5.98%,$835.18,54.50%,$919.41,70.08%,CHE,NYSE:CHE,-0.948,$552.00,
NASDAQ:CHEF,3 Sep 2025,$48.50,2,,,0.66,$110.61,-56.15%,,,,$102.98,-6.90%,$0.00,-100.00%,$0.00,-100.00%,CHEF,NASDAQ:CHEF,-0.852,$116.56,
NYSE:CHGG,20 Aug 2025,$2.28,3,,5,0.76,$0.82,178.05%,,,,$0.73,-10.98%,$0.00,-100.00%,$0.00,-100.00%,CHGG,NYSE:CHGG,-0.883,$2.79,
NYSE:CHH,23 Dec 2025,$119.50,3,$100.00,4,0.62,$109.62,-8.78%,,,,$105.32,-3.92%,$0.00,-100.00%,$0.00,-100.00%,CHH,NYSE:CHH,-0.870,$114.93,-12.99%
NASDAQ:CHKP,26 Mar 2026,$188.31,3,$200.68,7,0.79,$130.55,44.24%,,,,$126.60,-3.03%,$206.11,57.88%,$218.57,67.42%,CHKP,NASDAQ:CHKP,-0.808,$146.32,37.15%
NASDAQ:CHRD,23 Aug 2024,$167.62,3,,,1.05,$147.85,13.37%,,,,$142.95,-3.31%,$0.00,-100.00%,$0.00,-100.00%,CHRD,NASDAQ:CHRD,-0.696,$166.93,
NYSE:CHT,17 Jun 2024,$40.37,3,,,2.02,$43.38,-6.94%,,,,$43.05,-0.76%,$59.04,36.10%,$86.71,99.88%,CHT,NYSE:CHT,-0.258,$48.08,
NASDAQ:CHX,23 Aug 2024,$37.87,4,,,,$25.81,46.71%,,,,$0.00,-100.00%,$0.00,-100.00%,$0.00,-100.00%,CHX,NASDAQ:CHX,-2.000,$40.80,
NYSE:CIB,6 Oct 2025,$49.03,3,,,1.40,$101.43,-51.66%,,,,$97.48,-3.89%,$0.00,-100.00%,$0.00,-100.00%,CIB,NYSE:CIB,-0.468,$82.49,
NYSE:CIEN,23 Dec 2025,$134.99,1,$248.93,10,0.68,$395.79,-65.89%,,,,$379.85,-4.03%,$479.18,21.07%,$508.02,28.36%,CIEN,NYSE:CIEN,-0.920,$560.44,-55.58%
NASDAQ:CIFR,4 Aug 2025,$6.62,3,$7.06,3,0.89,$15.77,-58.03%,,,,$15.45,-2.03%,$0.00,-100.00%,$0.00,-100.00%,CIFR,NASDAQ:CIFR,-0.827,$32.18,-78.06%
NYSE:CIG,26 Jun 2026,$2.37,4,,5,1.33,$1.92,23.44%,,,,$1.91,-0.52%,$0.00,-100.00%,$0.00,-100.00%,CIG,NYSE:CIG,-0.567,$2.14,
NASDAQ:CINF,19 Sep 2025,$146.60,2,$165.40,6,1.24,$168.29,-12.89%,,,,$166.92,-0.81%,$303.30,80.22%,$320.68,90.55%,CINF,NASDAQ:CINF,-0.614,$191.67,-13.71%
NYSE:CINT,10 Jun 2026,$5.65,3,$6.94,7,,$3.89,45.34%,,,,,-100.00%,-$2.00,-151.41%,-$2.00,-151.41%,CINT,NYSE:CINT,-2.000,,
NASDAQ:CISS,16 Feb 2026,$2.33,3,,,,$2.92,-20.11%,,,,,-100.00%,-$2.00,-168.49%,-$2.00,-168.49%,CISS,NASDAQ:CISS,-2.000,,
NYSE:CL,18 Aug 2025,$84.33,3,$97.40,5,1.10,$91.08,-7.42%,,,,$89.92,-1.27%,$0.00,-100.00%,$0.00,-100.00%,CL,NYSE:CL,-0.662,$98.95,-1.57%
NASDAQ:CLBK,8 Oct 2025,$15.20,3,,,0.99,$11.79,28.92%,,,,$11.40,-3.31%,$0.00,-100.00%,$0.00,-100.00%,CLBK,NASDAQ:CLBK,-0.737,$14.17,
NYSE:CLF,17 Aug 2025,$12.62,3,$10.78,6,0.69,$11.27,-4.35%,,,,$11.50,2.04%,-$8.97,-179.57%,$14.32,27.04%,CLF,NYSE:CLF,-0.838,$11.80,-8.64%
NYSE:CLH,9 Apr 2025,$216.05,5,$271.56,9,0.87,$315.98,-31.63%,,,,$313.79,-0.69%,$371.14,17.46%,$447.53,41.63%,CLH,NYSE:CLH,-0.776,$359.93,-24.55%
NASDAQ:CLMB,26 Jan 2026,$137.18,3,$136.00,4,0.96,$28.28,380.91%,,,,$27.78,-1.77%,$61.20,116.41%,$68.32,141.59%,CLMB,NASDAQ:CLMB,-0.737,$32.33,320.66%
NASDAQ:CLPT,11 Dec 2025,$12.35,3,$29.00,6,0.80,$15.39,-19.75%,,,,$15.01,-2.47%,$0.00,-100.00%,$0.00,-100.00%,CLPT,NASDAQ:CLPT,-0.868,$25.67,12.97%
NYSE:CLS,19 Jan 2026,$187.07,1,$376.73,10,0.79,$296.55,-36.92%,,,,$285.17,-3.84%,$319.67,7.80%,$342.13,15.37%,CLS,NYSE:CLS,-0.871,$473.24,-20.39%
NYSE:CLVT,2 Feb 2026,$5.35,3,$3.87,4,0.95,$2.08,86.06%,,,,$1.85,-11.06%,-$4.02,-293.19%,$6.34,204.81%,CLVT,NYSE:CLVT,-0.800,$2.97,30.30%
NYSE:CLW,26 Dec 2024,$20.46,,$37.00,5,0.84,$21.75,-5.93%,,,,$20.59,-5.33%,$130.14,498.34%,$203.54,835.80%,CLW,NYSE:CLW,-0.756,$21.25,74.12%
NYSE:CLX,13 Apr 2026,$137.41,5,$115.33,4,1.20,$106.69,8.10%,,,,$105.85,-0.79%,$0.00,-100.00%,$0.00,-100.00%,CLX,NYSE:CLX,-0.589,$101.71,13.39%
NYSE:CM,10 Sep 2025,$68.57,2,,,1.37,$116.49,-41.13%,,,,$117.47,0.84%,$10.93,-90.62%,$26.84,-76.96%,CM,NYSE:CM,-0.517,$111.91,
NYSE:CMA,19 Nov 2025,$78.08,3,$79.46,6,,,#DIV/0!,,,,,#DIV/0!,-$2.00,#DIV/0!,-$2.00,#DIV/0!,CMA,NYSE:CMA,-2.000,,
NYSE:CMC,27 Feb 2026,$67.56,3,,,0.98,$66.31,1.89%,,,,$65.19,-1.69%,$55.96,-15.60%,$90.74,36.84%,CMC,NYSE:CMC,-0.751,$81.55,
NYSEAMERICAN:CMCL,28 Oct 2025,$29.76,1,$48.00,8,,$24.77,20.15%,,,,,-100.00%,-$2.00,-108.07%,-$2.00,-108.07%,CMCL,NYSEAMERICAN:CMCL,-2.000,,
NASDAQ:CME,24 Oct 2025,$252.85,2,,,0.92,$274.98,-8.05%,,,,$258.79,-5.89%,-$17.13,-106.23%,-$1.99,-100.72%,CME,NASDAQ:CME,-0.732,$284.13,
NYSE:CMI,19 Nov 2025,$437.53,2,$508.60,4,1.00,$587.68,-25.55%,,,,$594.23,1.11%,$0.00,-100.00%,$0.00,-100.00%,CMI,NYSE:CMI,-0.755,$757.35,-32.84%
NASDAQ:CMPR,23 Aug 2025,$95.87,3,$72.00,5,0.85,$87.67,-17.87%,,,,$86.28,-1.59%,$0.00,-100.00%,$0.00,-100.00%,CMPR,NASDAQ:CMPR,-0.824,$114.50,-37.12%
NYSE:CMRE,23 Dec 2025,$17.94,5,$12.00,6,1.02,$15.62,-23.18%,,,,$14.82,-5.12%,$31.81,103.63%,$34.86,123.17%,CMRE,NYSE:CMRE,-0.740,$20.00,-40.00%
NASDAQ:CNDT,29 Jan 2026,$2.60,3,$7.00,3,0.96,$1.61,61.36%,,,,$1.41,-12.42%,$0.00,-100.00%,$0.00,-100.00%,CNDT,NASDAQ:CNDT,-0.795,$5.00,40.00%
NYSE:CNH,18 Aug 2025,$16.66,5,$14.39,4,1.14,$11.87,21.23%,,,,$10.00,-15.75%,$0.00,-100.00%,$0.00,-100.00%,CNH,NYSE:CNH,-0.654,$13.35,7.79%
NYSE:CNM,15 Aug 2025,$59.25,2,,,0.78,$44.88,32.03%,,,,$44.09,-1.76%,$53.76,19.79%,$70.08,56.16%,CNM,NYSE:CNM,-0.865,$60.40,
NYSE:CNMD,11 Dec 2025,$60.78,3,$53.00,2,0.64,$51.07,3.78%,,,,$48.97,-4.11%,$55.86,9.39%,$65.12,27.51%,CNMD,NYSE:CNMD,-0.825,$45.50,16.48%
NYSE:CNO,20 Oct 2023,$30.57,5,,,0.84,$53.52,-42.89%,,,,$52.38,-2.13%,$0.00,-100.00%,$0.00,-100.00%,CNO,NYSE:CNO,-0.759,$53.75,
NASDAQ:CNOB,19 Nov 2025,$25.36,3,,,1.36,$32.27,-21.41%,,,,$31.80,-1.46%,$0.00,-100.00%,$0.00,-100.00%,CNOB,NASDAQ:CNOB,-0.559,$36.75,
NASDAQ:CNXC,28 Jan 2026,$61.95,4,,,1.60,$25.40,143.88%,,,,$22.39,-11.85%,$58.28,129.44%,$189.65,646.64%,CNXC,NASDAQ:CNXC,-0.508,$35.25,
NYSE:COF,18 Aug 2025,$1.55,4,$1.15,4,0.90,$217.91,-99.47%,,,,$216.64,-0.58%,$121.25,-44.36%,$281.75,29.30%,COF,NYSE:COF,-0.772,$257.59,-99.55%
NASDAQ:COFS,1 Jun 2026,$34.09,3,$34.00,7,0.82,$33.14,2.60%,,,,$32.45,-2.08%,$0.00,-100.00%,$0.00,-100.00%,COFS,NASDAQ:COFS,-0.795,$37.00,-8.11%
NYSE:COHR,15 Aug 2025,$108.88,2,$111.93,7,1.04,$289.52,-62.39%,,,,$280.54,-3.10%,$0.00,-100.00%,$0.00,-100.00%,COHR,NYSE:COHR,-0.759,$410.76,-72.75%
NASDAQ:COHU,4 Feb 2026,$30.91,3,$32.33,9,0.82,$54.37,-43.15%,,,,$52.85,-2.80%,$57.30,5.39%,$68.26,25.54%,COHU,NASDAQ:COHU,-0.837,$70.88,-54.39%
NASDAQ:COLB,27 May 2026,$30.60,3,$31.75,6,1.79,$30.81,-0.68%,,,,$31.02,0.68%,$0.00,-100.00%,$0.00,-100.00%,COLB,NASDAQ:COLB,-0.364,$34.14,-7.00%
NASDAQ:COLM,6 Feb 2026,$85.03,3,$62.40,6,0.97,$60.33,3.43%,,,,$57.70,-4.36%,$74.09,22.80%,$93.20,54.48%,COLM,NASDAQ:COLM,-0.736,$69.83,-10.64%
NASDAQ:COMM,27 Jan 2026,$19.58,1,,,,,#DIV/0!,,,,,#DIV/0!,-$2.00,#DIV/0!,-$2.00,#DIV/0!,COMM,NASDAQ:COMM,-2.000,,
NYSE:COP,2 Jul 2026,$119.17,5,$146.53,7,1.24,$134.87,-11.64%,,,,$127.36,-5.57%,$0.00,-100.00%,$0.00,-100.00%,COP,NYSE:COP,-0.600,$144.50,1.40%
NASDAQ:CORZ,22 Jan 2026,$21.48,3,$27.60,7,0.70,$17.81,20.60%,,,,$17.58,-1.29%,-$1.49,-108.39%,$2.07,-88.38%,CORZ,NASDAQ:CORZ,-0.909,$37.12,-25.65%
NYSE:COTY,18 Aug 2025,$8.16,3,$6.34,4,0.64,$2.74,131.39%,,,,$2.72,-0.73%,$0.00,-100.00%,$0.00,-100.00%,COTY,NYSE:COTY,-0.881,$3.13,102.56%
NYSE:CP,13 Nov 2024,$75.90,3,,,0.82,$96.69,-21.50%,,,,$92.05,-4.80%,$88.09,-8.90%,$104.11,7.68%,CP,NYSE:CP,-0.779,$100.93,
NYSE:CPF,16 Apr 2026,$32.84,3,$37.00,6,1.51,$37.43,-12.27%,,,,$37.02,-1.10%,$0.00,-100.00%,$0.00,-100.00%,CPF,NYSE:CPF,-0.494,$43.00,-13.95%
NYSE:CPRI,26 Mar 2026,$38.69,5,$26.00,5,0.87,$13.65,90.48%,,,,$13.88,1.68%,$0.00,-100.00%,$0.00,-100.00%,CPRI,NYSE:CPRI,-0.836,$22.53,15.40%
NASDAQ:CPRT,22 Sep 2025,$50.82,4,$55.60,4,0.92,$33.80,50.36%,,,,$31.07,-8.08%,$69.57,105.82%,$73.65,117.91%,CPRT,NASDAQ:CPRT,-0.766,$40.30,37.97%
NASDAQ:CPSH,27 Jan 2026,$4.29,2,,,0.91,$3.93,9.22%,,,,$3.86,-1.78%,$0.00,-100.00%,$0.00,-100.00%,CPSH,NASDAQ:CPSH,-0.820,$5.50,
NYSE:CPT,18 Sep 2025,$121.77,4,$121.40,1,1.29,$107.59,12.84%,,,,$107.00,-0.55%,$0.00,-100.00%,$0.00,-100.00%,CPT,NYSE:CPT,-0.579,$117.42,3.39%
NYSE:CR,13 Nov 2025,$172.71,2,$220.67,6,0.92,$208.41,-17.13%,,,,$205.10,-1.59%,$297.35,42.68%,$326.09,56.47%,CR,NYSE:CR,-0.757,$238.00,-7.28%
NASDAQ:CRAI,20 Aug 2024,$164.05,3,,,0.85,$176.90,-7.26%,,,,$164.02,-7.28%,$0.00,-100.00%,$0.00,-100.00%,CRAI,NASDAQ:CRAI,-0.844,$250.50,
NASDAQ:CRCT,11 Feb 2026,$6.18,5,$3.67,3,0.98,$5.59,-34.35%,,,,$5.38,-3.76%,$0.00,-100.00%,$0.00,-100.00%,CRCT,NASDAQ:CRCT,-0.627,$3.82,-3.93%
NASDAQ:CRDO,15 Dec 2025,$162.57,3,$223.89,7,0.62,$230.57,-29.49%,,,,$222.29,-3.59%,$280.13,21.50%,$283.88,23.12%,CRDO,NASDAQ:CRDO,-0.905,$281.13,-20.36%
NASDAQ:CRESY,11 Jul 2025,$10.53,3,,,1.11,$11.17,-5.76%,,,,$10.14,-9.22%,$7.68,-31.22%,$9.99,-10.52%,CRESY,NASDAQ:CRESY,-0.725,$15.51,
NYSE:CRGY,20 Aug 2025,$15.13,3,,,1.51,$14.06,7.62%,,,,$13.03,-7.33%,$0.00,-100.00%,$0.00,-100.00%,CRGY,NYSE:CRGY,-0.504,$16.73,
NYSE:CRH,30 Mar 2026,$109.97,3,,,1.21,$95.07,15.67%,,,,$92.51,-2.69%,$95.43,0.38%,$148.12,55.80%,CRH,NYSE:CRH,-0.686,$137.97,
NASDAQ:CRML,4 Dec 2025,$6.88,3,$14.00,6,,$7.11,-3.28%,,,,,-100.00%,-$2.00,-128.13%,-$2.00,-128.13%,CRML,NASDAQ:CRML,-2.000,,
NASDAQ:CROX,26 Jul 2024,$132.28,3,,,0.70,$122.11,8.33%,,,,$121.91,-0.16%,$290.80,138.15%,$306.62,151.11%,CROX,NASDAQ:CROX,-0.853,$138.25,
NASDAQ:CRTO,6 Nov 2025,$38.27,3,$35.00,2,0.58,$17.44,100.69%,,,,$17.26,-1.03%,$0.00,-100.00%,$0.00,-100.00%,CRTO,NASDAQ:CRTO,-0.912,$20.31,72.33%
NASDAQ:CRUS,6 Feb 2026,$143.98,4,$143.60,10,0.91,$115.33,24.51%,,,,$114.00,-1.15%,$0.00,-100.00%,$0.00,-100.00%,CRUS,NASDAQ:CRUS,-0.818,$165.00,-12.97%
NASDAQ:CRWD,13 Sep 2024,$299.53,4,,,0.62,$191.95,56.05%,,,,$192.37,0.22%,$216.40,12.74%,$219.46,14.33%,CRWD,NASDAQ:CRWD,-0.868,$199.55,
NASDAQ:CRWV,11 Feb 2026,$83.61,3,,,0.88,$87.85,-4.83%,,,,$87.00,-0.97%,$0.00,-100.00%,$0.00,-100.00%,CRWV,NASDAQ:CRWV,-0.832,$143.26,
NASDAQ:CSIQ,9 Feb 2026,$19.05,3,$21.51,6,0.83,$14.55,30.93%,,,,$14.50,-0.34%,-$33.99,-333.58%,-$48.97,-436.54%,CSIQ,NASDAQ:CSIQ,-0.827,$18.64,15.40%
NYSE:CSL,20 Jan 2026,$384.54,3,$400.00,8,1.08,$367.68,4.59%,,,,$353.48,-3.86%,$492.80,34.03%,$465.23,26.53%,CSL,NYSE:CSL,-0.679,$412.14,-2.95%
NASDAQ:CSTL,23 Aug 2024,$38.33,3,,,0.57,$34.20,12.07%,,,,$27.94,-18.30%,$0.00,-100.00%,$0.00,-100.00%,CSTL,NASDAQ:CSTL,-0.941,$44.00,
NYSE:CSTM,25 Jun 2026,$27.88,2,,,0.99,$27.04,3.11%,,,,$25.96,-3.99%,$27.46,1.54%,$67.78,150.67%,CSTM,NYSE:CSTM,-0.780,$37.94,
NASDAQ:CSW,3 Sep 2025,$247.77,1,,,,$330.09,-24.94%,,,,,-100.00%,-$2.00,-100.61%,-$2.00,-100.61%,CSW,NYSE:CSW,-2.000,,
NASDAQ:CTBI,19 Nov 2025,$57.46,3,$61.00,6,1.47,$76.52,-24.91%,,,,$75.89,-0.82%,$0.00,-100.00%,$0.00,-100.00%,CTBI,NASDAQ:CTBI,-0.493,$81.33,-25.00%
NASDAQ:CTKB,11 Dec 2025,$6.69,3,$5.83,7,0.73,$4.81,21.21%,,,,$4.57,-4.99%,$0.00,-100.00%,$0.00,-100.00%,CTKB,NASDAQ:CTKB,-0.844,$5.56,4.86%
NASDAQ:CTLP,21 Jan 2026,$11.18,3,,5,,,#DIV/0!,,,,,#DIV/0!,-$2.00,#DIV/0!,-$2.00,#DIV/0!,CTLP,NASDAQ:CTLP,-2.000,,
NYSEAMERICAN:CTM,2 Feb 2026,$3.50,1,$3.50,3,,$0.61,473.77%,,,,,-100.00%,-$2.00,-427.87%,-$2.00,-427.87%,CTM,NYSEAMERICAN:CTM,-2.000,,
NYSE:CTRA,2 Nov 2025,$26.29,4,$32.29,7,0.46,$34.63,-24.08%,,,,$16.36,-52.76%,$41.10,18.67%,$71.18,105.53%,CTRA,NYSE:CTRA,-0.951,$37.77,-14.51%
NYSE:CTS,2 Feb 2026,$52.59,3,,6,1.04,$57.74,-8.92%,,,,$57.29,-0.78%,$61.14,5.89%,$81.00,40.28%,CTS,NYSE:CTS,-0.697,$65.00,
NASDAQ:CTSH,4 Feb 2026,$83.87,4,,,1.11,$61.87,35.56%,,,,$57.31,-7.37%,$90.23,45.83%,$83.88,35.58%,CTSH,NASDAQ:CTSH,-0.647,$63.94,
NYSE:CUBI,19 Nov 2025,$67.11,3,$85.43,9,0.69,$79.79,-15.89%,,,,$76.61,-3.99%,$0.00,-100.00%,$0.00,-100.00%,CUBI,NYSE:CUBI,-0.868,$94.00,-9.12%
NASDAQ:CURI,23 Dec 2025,$4.18,3,$6.33,10,1.75,$2.76,51.45%,,,,$2.84,2.90%,$0.00,-100.00%,$0.00,-100.00%,CURI,NASDAQ:CURI,-0.444,$5.33,18.76%
NASDAQ:CVBF,25 Jun 2026,$20.88,3,,,1.94,$22.57,-7.49%,,,,$22.60,0.13%,$0.00,-100.00%,$0.00,-100.00%,CVBF,NASDAQ:CVBF,-0.303,$25.83,
NYSE:CVE,19 Jun 2026,$26.66,3,$32.60,8,1.23,$32.93,-19.04%,,,,$31.93,-3.04%,$120.60,266.23%,$159.50,384.37%,CVE,NYSE:CVE,-0.613,$36.77,-11.34%
NYSE:CVI,23 Aug 2024,$33.80,3,,,1.22,$39.51,-14.46%,,,,$36.07,-8.71%,$91.75,132.22%,$123.11,211.60%,CVI,NYSE:CVI,-0.545,$31.40,
NASDAQ:CVLT,26 Jan 2026,$137.85,3,$174.58,8,0.71,$133.81,3.02%,,,,$133.72,-0.07%,$236.30,76.59%,$239.29,78.83%,CVLT,NASDAQ:CVLT,-0.864,$161.15,8.33%
NASDAQ:CVRX,4 Dec 2025,$11.33,4,$12.67,7,0.85,$2.84,298.98%,,,,$2.67,-5.99%,$0.00,-100.00%,$0.00,-100.00%,CVRX,NASDAQ:CVRX,-0.844,$5.92,114.02%
NYSE:CVS,16 Oct 2025,$91.02,5,$86.60,8,1.17,$93.02,-6.90%,,,,$92.41,-0.66%,$0.00,-100.00%,$0.00,-100.00%,CVS,NYSE:CVS,-0.667,$116.08,-25.40%
NYSE:CVX,20 Aug 2025,$174.36,4,$171.33,9,1.52,$205.27,-16.53%,,,,$204.21,-0.52%,$0.00,-100.00%,$0.00,-100.00%,CVX,NYSE:CVX,-0.469,$216.83,-20.98%
NYSE:CW,17 May 2024,$250.04,2,,,1.03,$634.99,-60.62%,,,,$673.17,6.01%,$0.00,-100.00%,$0.00,-100.00%,CW,NYSE:CW,-0.736,$806.50,
NYSE:CWAN,26 Jan 2026,$25.43,3,$27.15,4,,,#DIV/0!,,,,,#DIV/0!,-$2.00,#DIV/0!,-$2.00,#DIV/0!,CWAN,NYSE:CWAN,-2.000,,
NASDAQ:CWCO,13 Nov 2025,$34.36,3,,8,0.84,$29.46,16.63%,,,,$28.99,-1.60%,$0.00,-100.00%,$0.00,-100.00%,CWCO,NASDAQ:CWCO,-0.847,$43.00,
NYSE:CWH,19 Sep 2025,$21.04,3,$19.56,7,1.13,$6.54,199.08%,,,,$6.31,-3.52%,$175.09,2577.29%,$194.13,2868.41%,CWH,NYSE:CWH,-0.722,$10.60,84.53%
NYSE:CX,19 Jun 2025,$8.65,3,$7.31,8,0.96,$11.11,-34.20%,,,,$10.47,-5.76%,$9.44,-15.02%,$16.56,49.01%,CX,NYSE:CX,-0.780,$14.75,-50.44%
NASDAQ:CXAI,4 Feb 2026,$0.59,3,,,0.84,$3.85,-84.62%,,,,$3.85,0.00%,$0.00,-100.00%,$0.00,-100.00%,CXAI,NASDAQ:CXAI,-0.848,$50.00,
NYSE:CXT,11 Nov 2025,$76.10,5,$74.00,8,1.18,$50.20,47.41%,,,,$47.27,-5.84%,$0.00,-100.00%,$0.00,-100.00%,CXT,NYSE:CXT,-0.697,$70.17,5.46%
NYSE:CYD,15 Dec 2025,$33.36,3,,7,0.85,$39.88,-16.35%,,,,$41.98,5.27%,$0.00,-100.00%,$0.00,-100.00%,CYD,NYSE:CYD,-0.843,$68.37,
NYSE:DAC,5 Mar 2026,$126.35,3,,,0.72,$149.75,-15.63%,,,,$142.27,-4.99%,$0.00,-100.00%,$0.00,-100.00%,DAC,NYSE:DAC,-0.833,$164.50,
NYSE:DAL,18 Sep 2025,$41.35,2,,,1.03,$82.41,-49.82%,,,,$81.95,-0.56%,$34.15,-58.56%,$126.27,53.22%,DAL,NYSE:DAL,-0.738,$105.52,
NYSE:DAVA,9 Feb 2026,$13.03,3,$10.00,3,,$3.19,213.48%,,,,,-100.00%,-$2.00,-162.70%,-$2.00,-162.70%,DAVA,NYSE:DAVA,-2.000,,
NASDAQ:DAVE,11 Feb 2026,$175.69,3,$312.50,9,0.60,$354.72,-50.47%,,,,$323.55,-8.79%,$0.00,-100.00%,$0.00,-100.00%,DAVE,NASDAQ:DAVE,-0.913,$426.58,-26.74%
NYSE:DB,2 Apr 2026,$30.42,3,$41.60,10,1.20,$37.82,-19.57%,,,,$37.62,-0.53%,$419.02,1007.92%,$492.69,1202.73%,DB,NYSE:DB,-0.616,$40.50,2.72%
NYSE:DBI,4 Feb 2026,$8.49,3,$6.25,2,1.23,$5.75,8.70%,,,,$5.92,2.96%,$3.97,-30.96%,$17.89,211.06%,DBI,NYSE:DBI,-0.666,$7.75,-19.35%
NASDAQ:DBX,11 Feb 2026,$25.55,3,,,0.67,$34.47,-25.88%,,,,$33.20,-3.68%,$0.00,-100.00%,$0.00,-100.00%,DBX,NASDAQ:DBX,-0.811,$30.67,
NYSE:DCI,6 Nov 2025,$76.88,2,,,0.90,$93.25,-17.55%,,,,$91.53,-1.84%,$144.60,55.06%,$158.25,69.70%,DCI,NYSE:DCI,-0.741,$96.80,
NASDAQ:DCOM,2 Oct 2025,$31.72,3,$36.00,5,,,#DIV/0!,,,,,#DIV/0!,-$2.00,#DIV/0!,-$2.00,#DIV/0!,DCOM,NASDAQ:DCOM,-2.000,,
NASDAQ:DCTH,11 Dec 2025,$11.63,3,$24.00,6,0.88,$17.14,-32.14%,,,,$16.54,-3.50%,$0.00,-100.00%,$0.00,-100.00%,DCTH,NASDAQ:DCTH,-0.832,$24.00,0.00%
NYSE:DD,12 Aug 2026,$152.47,4,$167.70,9,4.42,$138.33,10.22%,10.22%,$152.47,$170.00,$147.52,6.64%,$0.00,-100.00%,$0.00,-100.00%,DD,NYSE:DD,0.779,$170.00,-1.35%
NYSE:DDD,19 Nov 2025,$2.85,3,$3.63,6,0.91,$3.19,-10.66%,,,,$3.20,0.31%,$0.00,-100.00%,$0.00,-100.00%,DDD,NYSE:DDD,-0.817,$5.50,-34.00%
NASDAQ:DDOG,18 Aug 2025,$131.92,3,$161.38,8,0.71,$235.62,-44.01%,,,,$226.55,-3.85%,$0.00,-100.00%,$0.00,-100.00%,DDOG,NASDAQ:DDOG,-0.863,$285.18,-43.41%
NYSE:DDS,21 May 2024,$424.51,3,,,0.80,$621.63,-31.71%,,,,$572.74,-7.86%,$0.00,-100.00%,$0.00,-100.00%,DDS,NYSE:DDS,-0.750,$545.67,
NYSE:DEA,13 Nov 2025,$33.12,3,$23.30,4,1.68,$24.60,-5.28%,,,,$24.39,-0.85%,$0.00,-100.00%,$0.00,-100.00%,DEA,NYSE:DEA,-0.393,$25.21,-7.58%
NYSE:DECK,13 Apr 2026,$122.67,3,$124.47,2,1.01,$91.68,33.80%,,,,$88.64,-3.32%,$0.00,-100.00%,$0.00,-100.00%,DECK,NYSE:DECK,-0.760,$122.81,1.35%
NYSE:DEO,20 Mar 2026,$109.50,3,$107.50,8,1.19,$94.62,13.61%,,,,$89.69,-5.21%,$0.00,-100.00%,$0.00,-100.00%,DEO,NYSE:DEO,-0.631,$106.43,1.01%
NASDAQ:DFDV,3 Jun 2025,$23.65,3,,,0.91,$3.94,500.30%,,,,$3.05,-22.59%,$0.00,-100.00%,$0.00,-100.00%,DFDV,NASDAQ:DFDV,-0.820,$5.85,
NYSE:DFH,26 Mar 2025,$30.22,3,$32.00,4,0.71,$14.92,102.55%,,,,$14.46,-3.08%,$0.00,-100.00%,$0.00,-100.00%,DFH,NYSE:DFH,-0.865,$18.00,77.78%
NASDAQ:DGII,29 Jan 2026,$43.01,3,$48.80,7,0.84,$74.91,-42.58%,,,,$74.44,-0.63%,$0.00,-100.00%,$0.00,-100.00%,DGII,NASDAQ:DGII,-0.793,$85.40,-42.86%
NYSE:DGX,29 Jul 2024,$148.07,3,,,0.95,$244.39,-39.41%,,,,$234.59,-4.01%,$355.10,45.30%,$440.14,80.10%,DGX,NYSE:DGX,-0.712,$245.87,
NYSE:DHI,29 May 2026,$164.34,5,$164.82,7,0.69,$148.35,10.78%,,,,$145.42,-1.98%,$179.26,20.84%,$183.13,23.44%,DHI,NYSE:DHI,-0.849,$162.92,1.17%
NYSE:DHR,13 Nov 2025,$244.54,3,$243.45,9,0.41,$218.85,11.24%,,,,$194.01,-11.35%,$231.37,5.72%,$266.74,21.88%,DHR,NYSE:DHR,-0.961,$227.96,6.80%
NASDAQ:DIOD,28 Jan 2026,$63.86,3,$58.67,7,0.93,$94.04,-37.61%,,,,$90.15,-4.14%,$0.00,-100.00%,$0.00,-100.00%,DIOD,NASDAQ:DIOD,-0.811,$162.50,-63.90%
NASDAQ:DJCO,11 Feb 2026,$662.32,3,,5,0.32,$599.83,10.42%,,,,$577.62,-3.70%,$763.85,27.34%,$765.03,27.54%,DJCO,NASDAQ:DJCO,-0.871,,
NYSE:DKL,25 Jun 2026,$49.01,1,,,1.37,$54.13,-9.46%,,,,$53.28,-1.57%,$0.00,-100.00%,$0.00,-100.00%,DKL,NYSE:DKL,-0.520,$52.83,
NASDAQ:DKNG,18 Aug 2025,$46.45,3,$54.69,7,0.73,$26.17,77.49%,,,,$23.32,-10.89%,$0.00,-100.00%,$0.00,-100.00%,DKNG,NASDAQ:DKNG,-0.881,$34.84,56.97%
NYSE:DLX,17 Jul 2026,$28.09,3,,5,1.38,$23.61,18.98%,,,,$23.44,-0.72%,$0.00,-100.00%,$0.00,-100.00%,DLX,NYSE:DLX,-0.605,$32.67,
NASDAQ:DMLP,20 Sep 2025,$25.83,1,$25.30,1,2.17,$29.02,-12.82%,,,,$28.30,-2.48%,$0.00,-100.00%,$0.00,-100.00%,DMLP,NASDAQ:DMLP,-0.133,,
NASDAQ:DMRC,14 Jan 2026,$14.02,3,$10.00,2,0.92,$6.15,62.60%,,,,$6.58,6.99%,$0.00,-100.00%,$0.00,-100.00%,DMRC,NASDAQ:DMRC,-0.814,$11.50,-13.04%
NYSEAMERICAN:DNN,31 Jul 2024,$1.76,0,,,,$3.50,-49.71%,,,,,-100.00%,-$2.00,-157.14%,-$2.00,-157.14%,DNN,NYSEAMERICAN:DNN,-2.000,,
NASDAQ:DNUT,22 Dec 2023,$17.24,4,,,0.63,$3.59,380.17%,,,,$3.18,-11.42%,$0.00,-100.00%,$0.00,-100.00%,DNUT,NASDAQ:DNUT,-0.895,$4.25,
NYSE:DOLE,6 Mar 2026,$17.35,3,$14.00,4,1.17,$13.31,5.18%,,,,$12.94,-2.78%,$0.00,-100.00%,$0.00,-100.00%,DOLE,NYSE:DOLE,-0.684,$17.44,-19.72%
NYSE:DOV,11 Nov 2025,$186.11,3,$210.90,7,1.06,$201.92,-7.83%,,,,$198.51,-1.69%,$250.32,23.97%,$288.67,42.96%,DOV,NYSE:DOV,-0.714,$246.89,-14.58%
NASDAQ:DOX,21 May 2026,$85.47,3,$74.50,10,1.17,$61.40,21.34%,,,,$57.17,-6.89%,$0.00,-100.00%,$0.00,-100.00%,DOX,NASDAQ:DOX,-0.685,$81.21,-8.26%
NASDAQ:DOYU,2 Apr 2025,$7.06,3,$9.75,9,,$4.36,61.83%,,,,,-100.00%,-$2.00,-145.87%,-$2.00,-145.87%,DOYU,NASDAQ:DOYU,-2.000,,
NASDAQ:DPZ,9 Apr 2025,$433.44,3,$487.39,9,0.66,$341.85,26.79%,,,,$327.35,-4.24%,$491.27,43.71%,$531.93,55.60%,DPZ,NASDAQ:DPZ,-0.863,$380.29,28.16%
NYSE:DQ,9 Feb 2026,$22.12,3,$28.07,5,0.82,$13.58,62.89%,,,,$13.20,-2.80%,$61.23,350.88%,$116.06,754.63%,DQ,NYSE:DQ,-0.857,$23.95,17.20%
NYSE:DRD,28 Feb 2024,$9.55,4,,,0.93,$30.70,-68.90%,,,,$26.71,-13.00%,$0.00,-100.00%,$0.00,-100.00%,DRD,NYSE:DRD,-0.738,$33.00,
NYSE:DRH,23 Dec 2025,$11.46,5,$9.65,3,,$12.82,-24.73%,,,,,-100.00%,-$2.00,-115.60%,-$2.00,-115.60%,DRH,NASDAQ:DRH,-2.000,,
NYSE:DRI,18 Sep 2025,$167.77,1,,,1.14,$221.60,-24.29%,,,,$219.00,-1.17%,$280.88,26.75%,$353.77,59.64%,DRI,NYSE:DRI,-0.633,$228.54,
NASDAQ:DRVN,4 Apr 2025,$17.90,3,$19.91,7,0.64,$13.17,35.91%,,,,$12.57,-4.56%,$0.00,-100.00%,$0.00,-100.00%,DRVN,NASDAQ:DRVN,-0.907,$16.61,19.87%
NYSE:DSX,5 Mar 2026,$3.21,4,,,1.09,$2.71,18.45%,,,,$2.58,-4.80%,$0.00,-100.00%,$0.00,-100.00%,DSX,NYSE:DSX,-0.736,$3.80,
NYSE:DT,10 Feb 2026,$53.18,3,$54.08,8,0.76,$49.30,7.88%,,,,$47.86,-2.92%,$0.00,-100.00%,$0.00,-100.00%,DT,NYSE:DT,-0.835,$58.06,-6.85%
NYSE:DUK,19 Sep 2025,$124.46,3,$130.90,7,1.06,$119.85,3.85%,,,,$121.67,1.52%,$0.00,-100.00%,$0.00,-100.00%,DUK,NYSE:DUK,-0.697,$137.78,-4.99%
NASDAQ:DUOL,8 Feb 2026,$234.17,3,$232.22,4,0.53,$146.13,58.91%,,,,$137.29,-6.05%,$0.00,-100.00%,$0.00,-100.00%,DUOL,NASDAQ:DUOL,-0.865,$124.79,86.09%
NASDAQ:DVLT,14 Jan 2026,$1.31,3,,,0.75,$0.32,310.91%,,,,$0.27,-15.63%,$0.00,-100.00%,$0.00,-100.00%,DVLT,NASDAQ:DVLT,-0.889,$2.50,
NYSE:DVN,27 Jan 2026,$43.47,4,$43.37,10,1.19,$49.10,-11.67%,,,,$47.52,-3.22%,$0.00,-100.00%,$0.00,-100.00%,DVN,NYSE:DVN,-0.650,$59.58,-27.21%
NASDAQ:DXCM,11 Dec 2025,$71.56,4,$85.74,7,0.59,$92.34,-22.50%,,,,$86.92,-5.87%,$115.44,25.01%,$126.99,37.52%,DXCM,NASDAQ:DXCM,-0.877,$94.12,-8.90%
NYSE:DY,23 Aug 2024,$143.30,1,,,0.94,$392.95,-63.53%,,,,$384.97,-2.03%,$620.03,57.79%,$343.06,-12.70%,DY,NYSE:DY,-0.806,$637.27,
NASDAQ:EA,2 Jan 2026,$198.31,3,,,,$209.70,-5.43%,,,,,-100.00%,-$2.00,-100.95%,-$2.00,-100.95%,EA,NASDAQ:EA,-2.000,,
NASDAQ:EBAY,22 Feb 2026,$73.85,1,$99.00,7,0.73,$104.13,-29.08%,,,,$100.38,-3.60%,$0.00,-100.00%,$0.00,-100.00%,EBAY,NASDAQ:EBAY,-0.832,$115.92,-14.60%
NASDAQ:EBC,1 Jun 2026,$20.59,3,$22.75,7,1.02,$22.74,-9.45%,,,,$22.68,-0.26%,$0.00,-100.00%,$0.00,-100.00%,EBC,NASDAQ:EBC,-0.703,$25.12,-9.43%
NYSE:EBF,23 Jun 2026,$22.32,4,,,1.75,$21.57,3.48%,,,,$22.33,3.52%,$51.42,138.41%,$57.95,168.66%,EBF,NYSE:EBF,-0.381,$24.00,
NYSE:EBS,5 Jan 2026,$13.61,3,$15.00,5,0.96,$5.08,167.98%,,,,$4.65,-8.46%,$0.00,-100.00%,$0.00,-100.00%,EBS,NYSE:EBS,-0.795,$11.00,36.36%
NYSE:ECO,5 Mar 2026,$47.32,2,,,2.30,$64.71,-26.87%,,,,$63.64,-1.65%,$0.00,-100.00%,$0.00,-100.00%,ECO,NYSE:ECO,-0.145,$75.00,
NASDAQ:ECPG,23 Jun 2026,$78.21,3,$113.33,10,0.68,$101.21,-22.73%,,,,$98.49,-2.69%,$0.00,-100.00%,$0.00,-100.00%,ECPG,NASDAQ:ECPG,-0.864,$115.67,-2.02%
NASDAQ:ECX,10 Sep 2025,$1.94,4,,3,,$1.09,78.35%,,,,,-100.00%,-$2.00,-283.49%,-$2.00,-283.49%,ECX,NASDAQ:ECX,-2.000,,
NYSE:ED,16 Sep 2025,$102.44,3,$102.88,2,1.26,$106.35,-3.68%,,,,$107.03,0.64%,$0.00,-100.00%,$0.00,-100.00%,ED,NYSE:ED,-0.582,$110.72,-7.08%
NYSE:EDN,16 Dec 2025,$46.50,3,,5,1.15,$22.30,108.52%,,,,$21.86,-1.97%,$0.00,-100.00%,$0.00,-100.00%,EDN,NYSE:EDN,-0.712,$38.50,
NYSE:EDU,19 Aug 2025,$59.25,3,,,0.84,$55.80,6.19%,,,,$52.40,-6.09%,$0.00,-100.00%,$0.00,-100.00%,EDU,NYSE:EDU,-0.828,$73.30,
NASDAQ:EEFT,11 Feb 2026,$105.16,3,$96.80,7,0.83,$70.07,38.15%,,,,$66.86,-4.58%,$0.00,-100.00%,$0.00,-100.00%,EEFT,NASDAQ:EEFT,-0.820,$87.50,10.63%
NYSE:EFX,10 May 2024,$252.67,3,,,0.77,$192.62,31.17%,,,,$180.05,-6.53%,$245.62,27.51%,$350.64,82.04%,EFX,NYSE:EFX,-0.814,$210.52,
NASDAQ:EGAN,28 Jan 2026,$10.58,3,$15.17,6,,$7.30,44.93%,,,,,-100.00%,-$2.00,-127.40%,-$2.00,-127.40%,EGAN,NASDAQ:EGAN,-2.000,,
NASDAQ:EGBN,23 Dec 2025,$22.58,3,$18.50,6,1.04,$28.24,-34.49%,,,,$27.28,-3.40%,$0.00,-100.00%,$0.00,-100.00%,EGBN,NASDAQ:EGBN,-0.694,$31.00,-40.32%
NASDAQ:EGHT,22 Jan 2026,$2.71,3,$2.25,3,0.72,$2.01,11.94%,,,,$1.99,-1.00%,$0.00,-100.00%,$0.00,-100.00%,EGHT,NASDAQ:EGHT,-0.876,$2.58,-12.79%
NYSE:EGY,26 Aug 2025,$6.31,3,,,1.60,$5.94,6.15%,,,,$5.86,-1.35%,$0.00,-100.00%,$0.00,-100.00%,EGY,NYSE:EGY,-0.510,$9.88,
NASDAQ:EH,3 Sep 2025,$17.27,3,,,0.76,$5.51,213.34%,,,,$5.44,-1.27%,$5.35,-2.98%,$5.40,-1.97%,EH,NASDAQ:EH,-0.884,$11.47,
NYSE:EHC,31 Dec 2025,$95.51,2,$145.00,8,0.95,$120.31,-20.61%,,,,$119.23,-0.90%,$0.00,-100.00%,$0.00,-100.00%,EHC,NYSE:EHC,-0.763,$148.17,-2.14%
NYSE:EIX,29 Jun 2026,$78.39,4,$76.14,4,1.74,$71.59,6.36%,,,,$73.16,2.19%,-$28.85,-140.30%,-$73.72,-202.97%,EIX,NYSE:EIX,-0.375,$76.04,0.13%
NYSE:EL,18 Aug 2025,$118.27,3,$95.25,6,0.75,$101.94,-6.56%,,,,$91.90,-9.85%,$0.00,-100.00%,$0.00,-100.00%,EL,NYSE:EL,-0.788,$95.85,-0.63%
NYSE:ELF,18 Aug 2025,$118.35,3,,,0.63,$101.94,16.09%,,,,$90.37,-11.35%,$0.00,-100.00%,$0.00,-100.00%,ELF,NYSE:ELF,-0.841,$97.25,
NYSE:ELME,4 Aug 2026,$2.41,4,,4,,$1.66,45.32%,45.32%,$2.41,$2.41,,-100.00%,-$2.00,-220.48%,-$2.00,-220.48%,ELME,NYSE:ELME,-2.000,,
NYSE:ELP,13 Feb 2025,$6.84,3,$8.20,6,,,#DIV/0!,,,,,#DIV/0!,-$2.00,#DIV/0!,-$2.00,#DIV/0!,ELP,NYSE:ELP,-2.000,,
NYSE:ELS,19 Sep 2025,$70.10,5,$67.65,7,1.29,$65.46,3.35%,,,,$64.26,-1.83%,$0.00,-100.00%,$0.00,-100.00%,ELS,NYSE:ELS,-0.576,$70.63,-4.22%
NASDAQ:ELVR,11 Dec 2025,$44.92,3,,,,$67.76,-33.71%,,,,,-100.00%,-$2.00,-102.95%,-$2.00,-102.95%,ELVR,NASDAQ:ELVR,-2.000,,
NYSE:EME,23 Aug 2025,$518.72,1,$670.50,8,0.96,$776.62,-33.21%,,,,$780.95,0.56%,"$1,077.85",38.79%,"$1,154.99",48.72%,EME,NYSE:EME,-0.778,"$1,033.29",-35.11%
NYSE:EMR,19 Nov 2025,$120.30,2,$146.64,9,0.95,$157.26,-23.50%,,,,$155.14,-1.35%,$0.00,-100.00%,$0.00,-100.00%,EMR,NYSE:EMR,-0.732,$171.07,-14.28%
NYSE:ENB,19 Aug 2025,$43.53,2,,,2.05,$50.46,-13.74%,,,,$50.37,-0.18%,$0.00,-100.00%,$0.00,-100.00%,ENB,NYSE:ENB,-0.231,$52.86,
NYSE:ENOV,11 Dec 2025,$37.01,3,$49.00,5,0.94,$26.06,42.03%,,,,$25.21,-3.26%,$0.00,-100.00%,$0.00,-100.00%,ENOV,NYSE:ENOV,-0.806,$40.83,20.01%
NYSE:ENS,11 Mar 2026,$152.00,3,,,0.89,$189.76,-19.90%,,,,$189.38,-0.20%,$0.00,-100.00%,$0.00,-100.00%,ENS,NYSE:ENS,-0.811,$252.58,
NASDAQ:ENSG,3 Jul 2025,$137.40,2,,,0.71,$179.48,-23.45%,,,,$177.51,-1.10%,$255.93,42.59%,$289.79,61.46%,ENSG,NASDAQ:ENSG,-0.870,$220.00,
NASDAQ:ENTG,9 Feb 2026,$124.28,3,$123.14,3,0.68,$143.66,-14.28%,,,,$137.73,-4.13%,$0.00,-100.00%,$0.00,-100.00%,ENTG,NASDAQ:ENTG,-0.878,$173.36,-28.97%
NASDAQ:ENVX,20 Aug 2025,$9.75,3,,,0.82,$3.38,188.37%,,,,$3.12,-7.69%,$0.00,-100.00%,$0.00,-100.00%,ENVX,NASDAQ:ENVX,-0.859,$10.86,
NYSE:EOG,2 Jul 2026,$143.14,4,$155.08,6,1.29,$153.05,-6.47%,,,,$148.11,-3.23%,$0.00,-100.00%,$0.00,-100.00%,EOG,NYSE:EOG,-0.568,$158.67,-2.26%
NYSE:EPAC,11 Nov 2025,$44.87,3,$51.00,1,0.94,$37.25,20.47%,,,,$35.74,-4.05%,$75.24,101.99%,$80.52,116.16%,EPAC,NYSE:EPAC,-0.781,$48.00,6.25%
NYSE:EPAM,26 Mar 2026,$178.81,3,$199.40,8,0.72,$110.34,62.05%,,,,$98.10,-11.09%,$0.00,-100.00%,$0.00,-100.00%,EPAM,NYSE:EPAM,-0.840,$122.82,62.35%
NYSE:EQBK,16 Mar 2026,$41.43,3,$52.50,4,1.39,$49.86,-16.91%,,,,$49.67,-0.38%,$0.00,-100.00%,$0.00,-100.00%,EQBK,NYSE:EQBK,-0.540,$54.86,-4.30%
NYSE:EQNR,9 Sep 2025,$26.30,4,$25.60,9,1.51,$42.86,-40.27%,,,,$41.96,-2.10%,$92.89,116.73%,$136.88,219.35%,EQNR,NYSE:EQNR,-0.421,$34.74,-26.31%
NYSE:EQT,20 Aug 2025,$46.57,2,,,0.72,$53.72,-13.32%,,,,$51.89,-3.41%,$60.19,12.05%,$101.32,88.60%,EQT,NYSE:EQT,-0.872,$67.80,
NASDAQ:ERIC,27 May 2026,$11.70,1,$10.60,8,1.07,$10.22,3.72%,,,,$10.03,-1.86%,$10.41,1.87%,$15.11,47.88%,ERIC,NASDAQ:ERIC,-0.645,$9.67,9.62%
NASDAQ:ERII,4 Sep 2025,$16.86,3,$17.00,6,0.65,$7.90,113.43%,,,,$7.57,-4.18%,$0.00,-100.00%,$0.00,-100.00%,ERII,NASDAQ:ERII,-0.884,$9.33,82.21%
NYSE:ERO,2 Sep 2025,$21.17,3,$18.76,5,0.74,$39.42,-52.41%,,,,$32.95,-16.41%,$0.00,-100.00%,$0.00,-100.00%,ERO,NYSE:ERO,-0.785,$35.87,-47.70%
NYSE:ESAB,23 Dec 2025,$119.83,3,$147.33,7,0.91,$81.40,47.21%,,,,$76.16,-6.44%,$0.00,-100.00%,$0.00,-100.00%,ESAB,NYSE:ESAB,-0.820,$131.18,12.31%
NYSE:ESE,29 Jan 2026,$185.93,2,$275.00,4,1.00,$287.24,-35.27%,,,,$294.48,2.52%,$0.00,-100.00%,$0.00,-100.00%,ESE,NYSE:ESE,-0.769,$390.75,-29.62%
NASDAQ:ESEA,5 Mar 2026,$65.04,3,,,1.14,$75.03,-13.31%,,,,$72.51,-3.36%,$0.00,-100.00%,$0.00,-100.00%,ESEA,NASDAQ:ESEA,-0.666,$88.67,
NASDAQ:ESLT,24 Oct 2025,$494.42,3,,,1.01,$741.33,-33.31%,,,,$740.12,-0.16%,$0.00,-100.00%,$0.00,-100.00%,ESLT,NASDAQ:ESLT,-0.714,$846.33,
NYSE:ESNT,23 Jun 2026,$59.83,4,$68.00,1,1.24,$68.07,-12.11%,,,,$68.60,0.78%,$0.00,-100.00%,$0.00,-100.00%,ESNT,NYSE:ESNT,-0.603,$74.71,-8.98%
NASDAQ:ESQ,21 Oct 2025,$91.76,3,$110.00,5,0.71,$115.31,-20.42%,,,,$113.74,-1.36%,$0.00,-100.00%,$0.00,-100.00%,ESQ,NASDAQ:ESQ,-0.847,$130.00,-15.38%
NYSE:ESS,16 Sep 2025,$294.27,5,$293.97,7,1.77,$289.00,1.72%,,,,$285.62,-1.17%,$307.06,6.25%,$396.22,37.10%,ESS,NYSE:ESS,-0.358,$304.35,-3.41%
NASDAQ:ESTA,4 Dec 2025,$72.19,3,$71.75,6,0.81,$72.67,-1.27%,,,,$73.11,0.61%,$0.00,-100.00%,$0.00,-100.00%,ESTA,NASDAQ:ESTA,-0.861,$102.44,-29.96%
NYSE:ESTC,19 Aug 2025,$94.39,3,$107.50,2,0.45,$85.94,9.83%,,,,$81.85,-4.76%,$140.72,63.75%,$142.31,65.59%,ESTC,NYSE:ESTC,-0.913,$77.41,38.87%
NYSE:ET,2 Jul 2026,$19.05,1,,,1.97,$21.19,-10.10%,,,,$21.28,0.42%,$0.00,-100.00%,$0.00,-100.00%,ET,NYSE:ET,-0.291,$24.48,
NYSE:ETD,11 Nov 2024,$36.07,4,,,1.32,$23.39,54.19%,,,,$22.30,-4.66%,$46.61,99.26%,$48.06,105.49%,ETD,NYSE:ETD,-0.532,$22.00,
NYSE:ETN,11 Nov 2025,$317.45,1,,,0.83,$419.20,-24.27%,,,,$409.87,-2.23%,$0.00,-100.00%,$0.00,-100.00%,ETN,NYSE:ETN,-0.796,$476.43,
NYSE:ETR,24 Oct 2025,$79.12,1,,,1.51,$104.62,-24.37%,,,,$107.17,2.44%,$0.00,-100.00%,$0.00,-100.00%,ETR,NYSE:ETR,-0.502,$123.62,
NASDAQ:EVCM,9 Feb 2026,$14.79,3,$12.00,3,0.62,$9.64,24.48%,,,,$9.73,0.93%,$0.00,-100.00%,$0.00,-100.00%,EVCM,NASDAQ:EVCM,-0.888,$11.00,9.09%
NYSE:EVTC,11 Feb 2026,$34.62,3,$30.50,4,0.73,$29.89,2.04%,,,,$28.88,-3.38%,$0.00,-100.00%,$0.00,-100.00%,EVTC,NYSE:EVTC,-0.849,$35.60,-14.33%
NYSE:EVTL,1 Sep 2025,$5.43,3,$11.60,5,1.16,$0.77,605.19%,,,,$0.74,-3.90%,$0.00,-100.00%,$0.00,-100.00%,EVTL,NYSE:EVTL,-0.705,$8.12,42.86%
NYSE:EW,11 Dec 2025,$87.08,3,$95.29,8,1.02,$89.79,-3.02%,,,,$90.21,0.47%,$0.00,-100.00%,$0.00,-100.00%,EW,NYSE:EW,-0.709,$100.96,-5.62%
NASDAQ:EWBC,18 Mar 2026,$117.29,3,,,1.15,$129.97,-9.76%,,,,$129.07,-0.69%,$0.00,-100.00%,$0.00,-100.00%,EWBC,NASDAQ:EWBC,-0.655,$148.12,
NASDAQ:EXC,28 Apr 2026,$47.55,3,$50.83,5,1.66,$43.78,8.61%,,,,$45.22,3.29%,$0.00,-100.00%,$0.00,-100.00%,EXC,NASDAQ:EXC,-0.422,$49.18,3.36%
NASDAQ:EXE,22 Jan 2026,$97.25,3,$133.00,9,1.10,$96.09,1.21%,,,,$94.74,-1.40%,$117.55,22.33%,$231.79,141.23%,EXE,NASDAQ:EXE,-0.710,$125.52,5.96%
NASDAQ:EXFY,9 Feb 2026,$2.87,3,$5.00,2,0.67,$2.64,8.71%,,,,$2.24,-15.15%,$0.00,-100.00%,$0.00,-100.00%,EXFY,NASDAQ:EXFY,-0.853,$2.83,76.68%
NYSE:EXK,12 Aug 2025,$5.26,3,,,1.16,$10.62,-50.46%,,,,$10.18,-4.14%,$0.00,-100.00%,$0.00,-100.00%,EXK,NYSE:EXK,-0.708,$15.50,
NASDAQ:EXLS,24 Feb 2026,$44.69,5,$53.00,3,0.64,$37.53,19.08%,,,,$33.76,-10.05%,$60.91,62.30%,$67.28,79.26%,EXLS,NASDAQ:EXLS,-0.890,$44.38,19.42%
NYSE:EXP,23 Aug 2025,$240.86,4,$230.75,1,0.91,$207.03,11.46%,,,,$199.66,-3.56%,$0.00,-100.00%,$0.00,-100.00%,EXP,NYSE:EXP,-0.747,$225.89,2.15%
NASDAQ:EXPE,4 Mar 2026,$219.55,3,$275.04,6,0.60,$321.63,-31.74%,,,,$314.87,-2.10%,$0.00,-100.00%,$0.00,-100.00%,EXPE,NASDAQ:EXPE,-0.877,$333.86,-17.62%
NYSE:EXR,12 Oct 2025,$164.54,3,$156.20,5,1.80,$146.81,6.40%,,,,$148.15,0.91%,$0.00,-100.00%,$0.00,-100.00%,EXR,NYSE:EXR,-0.351,$158.15,-1.23%
NYSE:F,15 Dec 2025,$13.76,1,,1,2.07,$14.41,-4.51%,,,,$14.16,-1.73%,-$19.37,-234.45%,$1.02,-92.91%,F,NYSE:F,-0.233,$15.78,
NASDAQ:FANG,20 Sep 2025,$163.23,3,$183.50,2,1.22,$210.72,-22.54%,,,,$206.39,-2.05%,$0.00,-100.00%,$0.00,-100.00%,FANG,NASDAQ:FANG,-0.616,$232.04,-20.92%
NASDAQ:FAST,14 Jun 2024,$55.48,2,,,1.27,$51.26,8.23%,,,,$51.03,-0.45%,$56.60,10.41%,$59.18,15.45%,FAST,NASDAQ:FAST,-0.558,$48.53,
NYSE:FBIN,28 Apr 2026,$58.23,5,$48.75,6,1.00,$44.53,9.48%,,,,$45.49,2.16%,$0.00,-100.00%,$0.00,-100.00%,FBIN,NYSE:FBIN,-0.751,$57.15,-14.70%
NASDAQ:FBIZ,8 Oct 2025,$51.75,3,$58.00,7,1.40,$68.69,-24.66%,,,,$68.41,-0.41%,-$83.30,-221.27%,-$75.79,-210.33%,FBIZ,NASDAQ:FBIZ,-0.546,$79.20,-26.77%
NASDAQ:FBNC,7 Oct 2025,$47.21,3,,,1.11,$64.70,-27.03%,,,,$63.80,-1.39%,$0.00,-100.00%,$0.00,-100.00%,FBNC,NASDAQ:FBNC,-0.658,$69.40,
NYSE:FBP,27 May 2026,$27.08,3,$26.00,6,1.50,$28.52,-8.84%,,,,$28.34,-0.63%,$0.00,-100.00%,$0.00,-100.00%,FBP,NYSE:FBP,-0.493,$31.71,-18.01%
NYSE:FC,15 Oct 2025,$24.97,3,$32.00,4,0.90,$20.29,23.07%,,,,$19.45,-4.14%,$39.52,94.80%,$18.50,-8.83%,FC,NYSE:FC,-0.820,$31.00,3.23%
NASDAQ:FCBC,21 Oct 2025,$36.41,3,,5,1.38,$49.19,-25.98%,,,,$48.31,-1.79%,$0.00,-100.00%,$0.00,-100.00%,FCBC,NASDAQ:FCBC,-0.522,$50.00,
NASDAQ:FCCO,2 Oct 2025,$26.67,3,$30.00,7,0.91,$33.72,-20.92%,,,,$33.22,-1.48%,$0.00,-100.00%,$0.00,-100.00%,FCCO,NASDAQ:FCCO,-0.755,$37.83,-20.70%
NYSE:FCF,18 Nov 2025,$17.15,3,$19.00,3,1.17,$21.09,-18.68%,,,,$20.85,-1.14%,$0.00,-100.00%,$0.00,-100.00%,FCF,NYSE:FCF,-0.645,$24.08,-21.10%
NYSE:FCN,13 Nov 2025,$198.73,3,$165.00,9,0.78,$155.74,5.95%,,,,$147.33,-5.40%,$313.09,101.04%,$335.19,115.22%,FCN,NYSE:FCN,-0.816,$175.50,-5.98%
NYSE:FCPT,4 Sep 2025,$29.64,4,$29.40,6,1.92,$25.23,16.53%,,,,$25.15,-0.32%,$0.00,-100.00%,$0.00,-100.00%,FCPT,NYSE:FCPT,-0.306,$28.22,4.18%
NYSE:FDP,13 Nov 2025,$39.53,3,,4,,,#DIV/0!,,,,,#DIV/0!,-$2.00,#DIV/0!,-$2.00,#DIV/0!,FDP,NYSE:FDP,-2.000,,
NYSE:FE,19 Sep 2025,$47.44,4,$46.00,7,1.53,$45.96,0.09%,,,,$46.75,1.72%,-$19.00,-141.35%,-$2.53,-105.50%,FE,NYSE:FE,-0.489,$53.33,-13.74%
NASDAQ:FELE,6 Nov 2025,$93.75,3,,,0.69,$104.10,-9.94%,,,,$99.45,-4.47%,$160.91,54.57%,$175.60,68.68%,FELE,NASDAQ:FELE,-0.859,$118.50,
NYSE:FERG,8 Jul 2024,$169.94,2,,,1.07,$242.24,-29.85%,,,,$239.78,-1.02%,$0.00,-100.00%,$0.00,-100.00%,FERG,NYSE:FERG,-0.700,$288.35,
NYSE:FF,15 May 2025,$5.93,5,,7,1.43,$5.56,6.65%,,,,$5.55,-0.18%,$0.00,-100.00%,$0.00,-100.00%,FF,NYSE:FF,-0.588,$14.00,
NASDAQ:FFAI,15 Dec 2025,$1.88,3,,,1.08,$3.20,-41.28%,,,,$3.14,-1.88%,$0.00,-100.00%,$0.00,-100.00%,FFAI,NASDAQ:FFAI,-0.741,$48.00,
NASDAQ:FFBC,20 Mar 2026,$29.92,3,$31.67,5,1.40,$33.03,-9.42%,,,,$32.73,-0.91%,$0.00,-100.00%,$0.00,-100.00%,FFBC,NASDAQ:FFBC,-0.543,$37.57,-15.70%
NASDAQ:FFIC,27 Oct 2025,$16.10,4,$15.00,5,,,#DIV/0!,,,,,#DIV/0!,-$2.00,#DIV/0!,-$2.00,#DIV/0!,FFIC,NASDAQ:FFIC,-2.000,,
NASDAQ:FFIN,19 Nov 2025,$32.29,3,$37.50,5,1.18,$34.13,-5.39%,,,,$34.23,0.29%,$0.00,-100.00%,$0.00,-100.00%,FFIN,NASDAQ:FFIN,-0.626,$37.00,1.35%
NYSE:FFWM,18 Nov 2025,$6.01,3,$6.38,5,,,#DIV/0!,,,,,#DIV/0!,-$2.00,#DIV/0!,-$2.00,#DIV/0!,FFWM,NYSE:FFWM,-2.000,,
NASDAQ:FHB,16 Apr 2026,$28.27,3,$26.67,2,2.00,$26.32,1.33%,,,,$26.86,2.05%,$0.00,-100.00%,$0.00,-100.00%,FHB,NASDAQ:FHB,-0.283,$30.78,-13.35%
NYSE:FHN,28 May 2026,$23.86,3,$26.61,3,1.44,$24.63,-3.11%,,,,$24.70,0.28%,$0.00,-100.00%,$0.00,-100.00%,FHN,NYSE:FHN,-0.525,$28.11,-5.34%
NASDAQ:FIBK,27 May 2026,$35.12,3,$36.60,3,2.21,$37.49,-6.32%,,,,$38.08,1.57%,$0.00,-100.00%,$0.00,-100.00%,FIBK,NASDAQ:FIBK,-0.152,$37.50,-2.40%
NYSE:FIG,29 Jan 2026,$46.89,3,$51.00,5,0.73,$27.10,73.01%,,,,$25.54,-5.76%,$0.00,-100.00%,$0.00,-100.00%,FIG,NYSE:FIG,-0.835,$30.50,67.21%
NYSE:FINV,24 Oct 2025,$5.94,3,,6,1.44,$4.35,36.55%,,,,$4.32,-0.69%,$24.41,461.13%,$25.19,478.97%,FINV,NYSE:FINV,-0.580,$7.31,
NYSE:FIS,11 Feb 2026,$71.87,3,,,1.11,$41.34,73.85%,,,,$40.20,-2.76%,$0.00,-100.00%,$0.00,-100.00%,FIS,NYSE:FIS,-0.691,$51.04,
NASDAQ:FISI,20 Oct 2025,$28.36,3,$30.00,5,1.34,$41.20,-31.17%,,,,$40.70,-1.21%,$0.00,-100.00%,$0.00,-100.00%,FISI,NASDAQ:FISI,-0.560,$45.00,-33.33%
NASDAQ:FITB,27 May 2026,$50.92,3,$57.17,9,1.24,$54.96,-7.35%,,,,$54.44,-0.95%,$0.00,-100.00%,$0.00,-100.00%,FITB,NASDAQ:FITB,-0.615,$62.90,-9.11%
NYSE:FIX,23 Aug 2025,$534.79,1,$736.60,8,0.81,"$1,655.61",-67.70%,,,,"$1,594.98",-3.66%,"$3,241.03",95.76%,"$3,312.71",100.09%,FIX,NYSE:FIX,-0.847,"$2,210.86",-66.68%
NASDAQ:FIZZ,17 Mar 2026,$41.05,3,$35.00,2,1.44,$32.37,8.12%,,,,$31.25,-3.46%,$59.02,82.33%,$63.11,94.97%,FIZZ,NASDAQ:FIZZ,-0.496,$33.00,6.06%
NASDAQ:FLEX,5 Feb 2026,$63.22,2,$73.75,6,0.86,$110.45,-42.76%,,,,$110.39,-0.05%,$117.42,6.31%,$142.02,28.58%,FLEX,NASDAQ:FLEX,-0.842,$160.50,-54.05%
NYSE:FLG,21 Oct 2025,$10.62,3,$13.90,6,1.06,$13.47,-21.16%,,,,$13.39,-0.59%,$0.00,-100.00%,$0.00,-100.00%,FLG,NYSE:FLG,-0.707,$16.26,-14.51%
NYSE:FLR,20 Aug 2025,$51.95,5,,5,0.87,$52.42,-0.89%,,,,$51.45,-1.85%,$0.00,-100.00%,$0.00,-100.00%,FLR,NYSE:FLR,-0.781,$60.69,
NYSE:FLS,23 Aug 2024,$48.32,3,,,0.78,$79.39,-39.13%,,,,$74.88,-5.68%,$108.20,36.29%,$120.88,52.26%,FLS,NYSE:FLS,-0.813,$89.10,
NYSE:FLUT,18 Sep 2025,$272.62,3,,,0.98,$102.61,165.68%,,,,$91.47,-10.86%,$0.00,-100.00%,$0.00,-100.00%,FLUT,NYSE:FLUT,-0.778,$140.07,
NASDAQ:FMBH,28 Apr 2026,$47.14,3,,,1.12,$50.28,-6.25%,,,,$49.64,-1.27%,$0.00,-100.00%,$0.00,-100.00%,FMBH,NASDAQ:FMBH,-0.663,$56.50,
NASDAQ:FMNB,18 Mar 2026,$14.01,3,$14.50,6,1.81,$15.69,-10.69%,,,,$15.69,0.00%,$0.00,-100.00%,$0.00,-100.00%,FMNB,NASDAQ:FMNB,-0.345,$17.00,-14.71%
NYSE:FMS,16 Mar 2026,$34.95,5,$26.00,2,1.67,$23.43,10.97%,,,,$23.75,1.37%,$0.00,-100.00%,$0.00,-100.00%,FMS,NYSE:FMS,-0.413,$25.86,0.54%
NYSE:FMX,19 Mar 2026,$123.52,3,$128.33,8,1.35,$120.68,2.35%,,,,$117.32,-2.78%,$0.00,-100.00%,$0.00,-100.00%,FMX,NYSE:FMX,-0.557,$133.94,-4.19%
NYSE:FN,11 Dec 2025,$411.82,2,$533.80,8,1.01,$436.67,-5.69%,,,,$441.62,1.13%,$0.00,-100.00%,$0.00,-100.00%,FN,NYSE:FN,-0.775,$738.22,-27.69%
NYSE:FNB,30 Mar 2026,$17.16,3,$19.63,9,1.79,$18.53,-7.39%,,,,$18.63,0.54%,$0.00,-100.00%,$0.00,-100.00%,FNB,NYSE:FNB,-0.368,$21.06,-6.79%
NYSE:FNF,10 Apr 2025,$64.78,4,$70.33,4,1.62,$47.30,36.95%,,,,$48.36,2.24%,$0.00,-100.00%,$0.00,-100.00%,FNF,NYSE:FNF,-0.481,$61.40,14.54%
NASDAQ:FOSL,29 Aug 2025,$4.98,5,$5.00,7,0.74,$5.61,-11.22%,,,,$5.40,-3.74%,$0.00,-100.00%,$0.00,-100.00%,FOSL,NASDAQ:FOSL,-0.878,$7.50,-33.33%
NASDAQ:FRHC,27 Aug 2025,$170.00,3,,,0.27,$170.66,-0.39%,,,,$151.27,-11.36%,$297.93,74.57%,$301.80,76.84%,FRHC,NASDAQ:FRHC,-0.926,$76.00,
NYSE:FRO,23 Jun 2026,$33.92,2,$43.67,8,1.92,$43.67,-22.32%,,,,$44.17,1.14%,$45.76,4.79%,$68.01,55.74%,FRO,NYSE:FRO,-0.284,$44.25,-1.31%
NASDAQ:FRSH,27 Jan 2026,$14.36,3,$18.75,5,0.80,$12.98,10.62%,,,,$12.45,-4.08%,$0.00,-100.00%,$0.00,-100.00%,FRSH,NASDAQ:FRSH,-0.800,$14.38,30.39%
NYSE:FRT,23 Dec 2025,$100.99,1,,,1.17,$116.74,-13.49%,,,,$116.26,-0.41%,$0.00,-100.00%,$0.00,-100.00%,FRT,NYSE:FRT,-0.642,$132.65,
NASDAQ:FSBC,27 May 2026,$39.25,3,$44.83,7,2.09,$45.15,-13.07%,,,,$45.50,0.78%,-$112.40,-348.94%,-$111.02,-345.88%,FSBC,NASDAQ:FSBC,-0.240,$52.00,-13.79%
NASDAQ:FSLR,11 Feb 2026,$209.76,2,,,0.68,$214.28,-2.11%,,,,$212.47,-0.84%,$577.51,169.51%,$651.79,204.18%,FSLR,NASDAQ:FSLR,-0.894,$273.54,
NYSE:FSLY,19 Jan 2026,$10.88,4,$11.30,4,,$24.95,-56.40%,,,,,-100.00%,-$2.00,-108.02%,-$2.00,-108.02%,FSLY,NASDAQ:FSLY,-2.000,,
NYSE:FSM,14 Aug 2025,$6.09,3,$7.46,7,0.91,$12.07,-49.54%,,,,$10.93,-9.44%,$0.00,-100.00%,$0.00,-100.00%,FSM,NYSE:FSM,-0.774,$14.50,-48.55%
NASDAQ:FSTR,4 Oct 2024,$28.19,4,,,0.75,$38.08,-25.97%,,,,$36.07,-5.28%,$0.00,-100.00%,$0.00,-100.00%,FSTR,NASDAQ:FSTR,-0.832,$44.00,
NASDAQ:FTAI,19 Aug 2025,$88.62,1,,,1.24,$209.70,-57.74%,,,,$202.25,-3.55%,$143.32,-31.65%,$149.33,-28.79%,FTAI,NASDAQ:FTAI,-0.671,$364.00,
NASDAQ:FTDR,1 Jun 2026,$66.83,3,$74.50,7,0.58,$82.59,-19.08%,,,,$79.61,-3.61%,$0.00,-100.00%,$0.00,-100.00%,FTDR,NASDAQ:FTDR,-0.915,$98.00,-23.98%
NASDAQ:FTEL,15 Dec 2025,$1.46,3,,,,,#DIV/0!,,,,,#DIV/0!,-$2.00,#DIV/0!,-$2.00,#DIV/0!,FTEL,NASDAQ:FTEL,-2.000,,
NYSE:FTI,21 Jul 2025,$33.54,3,$37.80,10,0.78,$77.45,-56.69%,,,,$75.23,-2.87%,$119.58,54.40%,$132.23,70.73%,FTI,NYSE:FTI,-0.783,$75.81,-50.14%
NYSE:FTK,29 Apr 2026,$14.15,3,$21.50,9,1.02,$24.67,-42.63%,,,,$24.57,-0.41%,$0.00,-100.00%,$0.00,-100.00%,FTK,NYSE:FTK,-0.768,$36.92,-41.77%
NASDAQ:FTNT,4 Feb 2026,$100.54,5,$84.05,3,0.72,$153.51,-45.25%,,,,$152.56,-0.62%,$229.56,49.54%,$230.14,49.92%,FTNT,NASDAQ:FTNT,-0.824,$160.86,-47.75%
NASDAQ:FTRE,27 Jun 2025,$13.66,3,$5.97,1,0.67,$18.39,-67.54%,,,,$17.44,-5.17%,$34.36,86.83%,$36.22,96.95%,FTRE,NASDAQ:FTRE,-0.860,$20.55,-70.95%
NYSE:FTV,5 Feb 2026,$54.58,4,$55.50,8,0.76,$60.08,-9.16%,,,,$57.76,-3.86%,$76.23,26.88%,$90.95,51.38%,FTV,NYSE:FTV,-0.810,$64.31,-13.70%
NYSE:FUBO,4 Apr 2025,$4.27,3,$4.85,8,0.79,$10.23,-58.31%,,,,$9.60,-6.16%,$0.00,-100.00%,$0.00,-100.00%,FUBO,NYSE:FUBO,-0.870,$17.00,-71.47%
NASDAQ:FUFU,19 Aug 2025,$4.77,4,$6.00,5,,$1.58,202.09%,,,,,-100.00%,-$2.00,-226.58%,-$2.00,-226.58%,FUFU,NASDAQ:FUFU,-2.000,,
NYSE:FUL,26 May 2026,$68.79,4,$73.00,6,1.18,$58.70,17.20%,,,,$58.83,0.22%,$87.74,49.47%,$143.74,144.88%,FUL,NYSE:FUL,-0.664,$73.29,-0.40%
NASDAQ:FULT,18 Mar 2026,$21.38,4,$23.00,5,1.88,$23.64,-9.56%,,,,$24.31,2.83%,$0.00,-100.00%,$0.00,-100.00%,FULT,NASDAQ:FULT,-0.323,$26.50,-13.21%
NASDAQ:FUNC,23 Dec 2025,$39.14,3,$42.00,6,,$42.94,-8.85%,,,,,-100.00%,-$2.00,-104.66%,-$2.00,-104.66%,FUNC,NASDAQ:FUNC,-2.000,,
NASDAQ:FUTU,27 Aug 2025,$135.45,1,,,0.70,$123.64,9.55%,,,,$104.65,-15.36%,-$141.52,-214.46%,-$141.52,-214.46%,FUTU,NASDAQ:FUTU,-0.881,$155.90,
NYSE:G,18 May 2026,$44.63,3,$40.00,3,0.84,$37.14,7.70%,,,,$34.14,-8.08%,$0.00,-100.00%,$0.00,-100.00%,G,NYSE:G,-0.790,$42.18,-5.17%
NASDAQ:GABC,27 May 2026,$45.62,3,$49.00,6,0.90,$49.90,-8.57%,,,,$48.70,-2.40%,$0.00,-100.00%,$0.00,-100.00%,GABC,NASDAQ:GABC,-0.761,$56.20,-12.81%
NASDAQ:GAIN,10 Jun 2024,$15.26,3,,,1.31,$16.36,-6.73%,,,,$16.13,-1.41%,$0.00,-100.00%,$0.00,-100.00%,GAIN,NASDAQ:GAIN,-0.562,$17.00,
NASDAQ:GAMB,28 Oct 2025,$12.14,5,$13.00,5,,$1.84,559.89%,,,,$0.00,-100.00%,$8.30,350.93%,$1.08,-41.14%,GAMB,NASDAQ:GAMB,-1.038,$5.00,160.00%
NASDAQ:GAME,12 Oct 2025,$0.98,3,$1.75,5,,$0.42,133.52%,,,,,-100.00%,-$2.00,-576.19%,-$2.00,-576.19%,GAME,NASDAQ:GAME,-2.000,,
NASDAQ:GANX,23 Dec 2025,$5.20,3,$7.60,8,0.94,$2.01,158.46%,,,,$1.98,-1.49%,$0.00,-100.00%,$0.00,-100.00%,GANX,NASDAQ:GANX,-0.806,$7.20,5.56%
NYSE:GAP,16 Jul 2026,$29.07,5,$27.44,7,1.11,$19.80,38.59%,,,,$19.73,-0.35%,$19.18,-3.12%,$37.38,88.79%,GAP,NYSE:GAP,-0.708,$25.91,5.91%
NASDAQ:GASS,5 Mar 2026,$9.44,3,,,0.84,$9.63,-1.97%,,,,$9.39,-2.49%,$47.06,388.72%,$25.84,168.30%,GASS,NASDAQ:GASS,-0.850,$14.00,
NYSE:GBCI,21 Oct 2025,$45.69,3,$52.20,7,1.15,$47.25,-3.30%,,,,$47.39,0.30%,$0.00,-100.00%,$0.00,-100.00%,GBCI,NYSE:GBCI,-0.667,$56.83,-8.15%
NYSE:GBX,6 Feb 2026,$68.91,3,$49.00,3,0.90,$46.05,6.41%,,,,$44.51,-3.34%,$71.46,55.18%,$115.25,150.27%,GBX,NYSE:GBX,-0.728,$45.33,8.10%
NASDAQ:GCT,11 Feb 2026,$42.86,3,$33.00,7,0.46,$49.65,-33.53%,,,,$47.28,-4.77%,$0.00,-100.00%,$0.00,-100.00%,GCT,NASDAQ:GCT,-0.961,$57.00,-42.11%
NYSE:GCTS,2 Feb 2026,$1.46,3,$3.50,7,1.04,$2.04,-28.43%,,,,$1.88,-7.84%,$0.00,-100.00%,$0.00,-100.00%,GCTS,NYSE:GCTS,-0.761,$3.20,9.38%
NYSE:GDDY,11 Feb 2026,$143.01,3,$171.11,7,0.55,$97.07,47.33%,,,,$92.98,-4.21%,$262.00,169.91%,$270.32,178.48%,GDDY,NYSE:GDDY,-0.906,$104.80,63.27%
NASDAQ:GDS,16 Feb 2026,$38.86,1,$51.45,10,0.77,$32.85,18.30%,,,,$31.54,-3.99%,$0.00,-100.00%,$0.00,-100.00%,GDS,NASDAQ:GDS,-0.878,$51.53,-0.16%
NASDAQ:GDYN,27 Jan 2026,$17.06,3,$12.25,1,0.60,$8.00,53.13%,,,,$7.44,-7.00%,$0.00,-100.00%,$0.00,-100.00%,GDYN,NASDAQ:GDYN,-0.900,$9.20,33.15%
NYSE:GEF,5 Sep 2025,$73.44,5,$80.00,2,1.10,$87.91,-16.46%,,,,$86.54,-1.56%,$0.00,-100.00%,$0.00,-100.00%,GEF,NYSE:GEF,-0.641,$87.20,-8.26%
NYSE:GES,15 Aug 2025,$28.70,3,$13.00,5,0.54,$16.81,-22.67%,,,,$8.16,-51.46%,$45.03,167.90%,$55.69,231.29%,GES,NYSE:GES,-0.892,$16.75,-22.39%
NASDAQ:GFS,9 Feb 2026,$46.85,4,$39.80,4,0.76,$48.05,-17.17%,,,,$46.79,-2.62%,$0.00,-100.00%,$0.00,-100.00%,GFS,NASDAQ:GFS,-0.885,$76.76,-48.15%
NASDAQ:GGAL,11 Sep 2025,$34.39,3,$38.00,5,1.93,$41.45,-17.03%,,,,$41.04,-0.99%,-$104.73,-352.66%,-$101.02,-343.72%,GGAL,NASDAQ:GGAL,-0.363,$68.74,-44.72%
NYSE:GGB,4 Jan 2026,$3.55,3,$4.60,9,1.30,$4.33,-17.93%,,,,$4.40,1.62%,$0.00,-100.00%,$0.00,-100.00%,GGB,NYSE:GGB,-0.617,$5.56,-17.27%
NYSE:GGG,6 Nov 2025,$84.33,3,$93.50,1,0.79,$80.64,4.58%,,,,$79.25,-1.72%,$125.48,55.61%,$131.88,63.55%,GGG,NYSE:GGG,-0.809,$91.29,2.42%
NYSE:GHC,15 Oct 2025,$995.96,4,,4,0.52,"$1,166.93",-14.65%,,,,"$1,143.37",-2.02%,"$1,802.69",54.48%,"$3,644.66",212.33%,GHC,NYSE:GHC,-0.868,$990.00,
NYSE:GHM,28 Oct 2025,$48.90,2,,,0.92,$101.49,-51.82%,,,,$101.55,0.06%,$0.00,-100.00%,$0.00,-100.00%,GHM,NYSE:GHM,-0.789,$130.75,
NYSE:GIB,19 Jan 2026,$107.59,5,$129.19,3,0.88,$74.98,43.49%,,,,$71.85,-4.17%,$135.63,80.88%,$162.74,117.04%,GIB,NYSE:GIB,-0.760,$81.49,58.53%
NYSE:GIS,27 Mar 2026,$54.42,5,$40.93,2,1.72,$39.97,2.40%,,,,$38.46,-3.78%,$36.69,-8.21%,$49.82,24.65%,GIS,NYSE:GIS,-0.354,$37.56,8.97%
NYSE:GKOS,11 Dec 2025,$119.46,3,$118.10,3,0.54,$184.89,-36.12%,,,,$180.34,-2.46%,$196.91,6.50%,$206.95,11.93%,GKOS,NYSE:GKOS,-0.906,$196.46,-39.89%
NASDAQ:GLDD,4 Nov 2025,$12.92,3,$14.00,7,,$17.00,-24.00%,,,,$0.00,-100.00%,$34.55,103.22%,$43.26,154.46%,GLDD,NASDAQ:GLDD,-1.007,$17.00,-17.65%
NYSE:GLOB,4 May 2026,$71.94,3,$63.17,7,0.83,$39.62,59.44%,,,,$36.88,-6.92%,$0.00,-100.00%,$0.00,-100.00%,GLOB,NYSE:GLOB,-0.829,$51.32,23.09%
NASDAQ:GLRE,13 Nov 2025,$15.68,4,,1,0.32,$15.29,2.55%,,,,$14.75,-3.53%,$0.00,-100.00%,$0.00,-100.00%,GLRE,NASDAQ:GLRE,-0.901,$1.00,
NYSE:GLW,26 Jan 2026,$93.28,1,,,0.81,$149.84,-37.75%,,,,$147.53,-1.54%,$219.84,46.72%,$249.02,66.19%,GLW,NYSE:GLW,-0.834,$191.40,
NYSE:GM,15 Dec 2025,$80.89,1,,1,0.73,$87.93,-8.01%,,,,$82.31,-6.39%,$14.01,-84.07%,$149.16,69.64%,GM,NYSE:GM,-0.838,$100.04,
NYSE:GME,23 Aug 2024,$28.89,3,,,0.40,$18.21,58.64%,,,,$17.40,-4.45%,$54.62,199.93%,$55.23,203.30%,GME,NYSE:GME,-0.900,$13.50,
NYSE:GMED,11 Dec 2025,$101.94,3,$94.50,9,0.81,$86.91,8.73%,,,,$85.30,-1.85%,$0.00,-100.00%,$0.00,-100.00%,GMED,NYSE:GMED,-0.816,$103.23,-8.46%
NYSE:GMRE,23 Dec 2025,$53.07,3,$40.70,9,,,#DIV/0!,,,,,#DIV/0!,-$2.00,#DIV/0!,-$2.00,#DIV/0!,GMRE,NYSE:GMRE,-2.000,,
NASDAQ:GNLN,15 Jul 2025,$4.44,3,,,,$2.95,50.34%,,,,,-100.00%,-$2.00,-167.80%,-$2.00,-167.80%,GNLN,NASDAQ:GNLN,-2.000,,
NYSE:GNRC,11 Nov 2025,$159.25,3,$205.69,9,0.86,$205.98,-22.69%,,,,$198.80,-3.49%,$245.44,19.16%,$250.17,21.45%,GNRC,NYSE:GNRC,-0.834,$283.88,-27.54%
NYSEAMERICAN:GNS,18 Aug 2025,$0.99,,$1.00,3,,$0.18,450.00%,,,,,-100.00%,-$2.00,-1211.11%,-$2.00,-1211.11%,GNS,NYSEAMERICAN:GNS,-2.000,,
NYSE:GNTY,2 Oct 2025,$48.75,1,,,,,#DIV/0!,,,,,#DIV/0!,-$2.00,#DIV/0!,-$2.00,#DIV/0!,GNTY,NYSE:GNTY,-2.000,,
NASDAQ:GOOD,31 Aug 2025,$17.01,5,$15.00,5,1.94,$12.91,16.19%,,,,$12.94,0.23%,$0.00,-100.00%,$0.00,-100.00%,GOOD,NASDAQ:GOOD,-0.292,$14.12,6.23%
NASDAQ:GOOG,27 Feb 2026,$301.88,3,,,0.89,$341.75,-11.67%,,,,$332.20,-2.79%,$497.11,45.46%,$549.26,60.72%,GOOG,NASDAQ:GOOG,-0.792,$421.79,
NASDAQ:GOOGL,17 Apr 2026,$309.14,3,$385.97,8,1.04,$344.82,-10.35%,,,,$336.40,-2.44%,$491.12,42.43%,$540.24,56.67%,GOOGL,NASDAQ:GOOGL,-0.724,$427.52,-9.72%
NYSEAMERICAN:GORO,20 Aug 2025,$0.83,,$1.25,5,,,#DIV/0!,,,,,#DIV/0!,-$2.00,#DIV/0!,-$2.00,#DIV/0!,GORO,NYSEAMERICAN:GORO,-2.000,,
NYSE:GOTU,3 Sep 2025,$6.27,3,,4,,$1.68,273.15%,,,,,-100.00%,-$2.00,-219.05%,-$2.00,-219.05%,GOTU,NYSE:GOTU,-2.000,,
NYSE:GPC,14 Sep 2023,$168.90,4,,,1.18,$133.96,26.08%,,,,$131.93,-1.52%,$92.55,-30.91%,$128.99,-3.71%,GPC,NYSE:GPC,-0.621,$140.38,
NYSE:GPOR,22 Jan 2026,$170.96,3,$231.50,7,0.72,$173.45,-1.43%,,,,$165.92,-4.34%,$0.00,-100.00%,$0.00,-100.00%,GPOR,NYSE:GPOR,-0.882,$227.25,1.87%
NYSE:GPRK,22 Sep 2025,$10.05,3,$7.75,2,0.97,$9.79,-20.84%,,,,$9.32,-4.80%,$0.00,-100.00%,$0.00,-100.00%,GPRK,NYSE:GPRK,-0.728,$10.85,-28.57%
NASDAQ:GPRO,27 Jan 2026,$1.35,3,$1.30,5,0.65,$0.63,106.35%,,,,$0.58,-7.94%,$0.00,-100.00%,$0.00,-100.00%,GPRO,NASDAQ:GPRO,-0.798,$0.50,160.00%
NASDAQ:GRAB,3 Sep 2025,$4.97,3,$6.03,6,0.73,$3.48,42.82%,,,,$3.33,-4.31%,$0.00,-100.00%,$0.00,-100.00%,GRAB,NASDAQ:GRAB,-0.900,$5.86,2.90%
NYSE:GRBK,27 Feb 2026,$85.87,4,,8,0.63,$71.92,19.40%,,,,$69.24,-3.73%,$103.41,43.78%,$104.73,45.62%,GRBK,NYSE:GRBK,-0.824,$62.00,
NYSE:GRMN,2 Feb 2026,$214.19,3,$240.50,6,1.02,$294.85,-27.36%,,,,$292.78,-0.70%,$373.17,26.56%,$384.68,30.47%,GRMN,NYSE:GRMN,-0.675,$290.29,-17.15%
NYSE:GRND,27 Jan 2026,$13.86,3,$22.00,2,0.77,$15.53,-10.77%,,,,$15.09,-2.83%,$0.00,-100.00%,$0.00,-100.00%,GRND,NYSE:GRND,-0.868,$20.80,5.77%
NYSE:GS,24 Feb 2026,$814.68,2,,,0.72,"$1,039.28",-21.61%,,,,$993.07,-4.45%,$0.00,-100.00%,$0.00,-100.00%,GS,NYSE:GS,-0.835,"$1,141.65",
NASDAQ:GSBC,27 May 2026,$73.74,3,$65.00,2,1.43,$79.12,-17.85%,,,,$78.31,-1.02%,$0.00,-100.00%,$0.00,-100.00%,GSBC,NASDAQ:GSBC,-0.491,$76.00,-14.47%
NASDAQ:GSIT,28 Jan 2026,$9.51,3,,7,0.80,$5.99,58.72%,,,,$5.82,-2.84%,$0.00,-100.00%,$0.00,-100.00%,GSIT,NASDAQ:GSIT,-0.854,$8.00,
NYSE:GSL,4 Mar 2026,$37.11,3,,5,1.49,$43.83,-15.33%,,,,$42.92,-2.08%,$0.00,-100.00%,$0.00,-100.00%,GSL,NYSE:GSL,-0.508,$51.00,
NASDAQ:GSM,15 Aug 2025,$7.64,3,$4.00,4,0.88,$4.08,-1.96%,,,,$3.89,-4.66%,$0.00,-100.00%,$0.00,-100.00%,GSM,NASDAQ:GSM,-0.832,$6.00,-33.33%
NASDAQ:GT,20 Sep 2025,$10.53,4,$11.42,10,0.80,$5.97,76.38%,,,,$5.81,-2.68%,$0.00,-100.00%,$0.00,-100.00%,GT,NASDAQ:GT,-0.832,$7.46,53.08%
NYSE:GTES,12 May 2025,$25.10,5,$23.20,4,0.94,$25.90,-10.42%,,,,$25.65,-0.97%,$0.00,-100.00%,$0.00,-100.00%,GTES,NYSE:GTES,-0.782,$33.45,-30.64%
NYSE:GTLS,23 Dec 2025,$198.45,3,$211.00,1,0.35,$209.90,-5.46%,,,,$99.73,-52.49%,$232.31,10.68%,$326.10,55.36%,GTLS,NYSE:GTLS,-0.973,$204.43,3.21%
NASDAQ:GTM,30 Mar 2026,$9.68,3,,,0.82,$3.97,143.83%,,,,$3.74,-5.79%,$0.00,-100.00%,$0.00,-100.00%,GTM,NASDAQ:GTM,-0.803,$4.60,
NYSE:GTY,19 Sep 2025,$32.43,4,$32.00,4,1.58,$33.11,-3.35%,,,,$32.80,-0.94%,$47.15,42.40%,$36.51,10.26%,GTY,NYSE:GTY,-0.454,$36.43,-12.16%
NYSE:GVA,12 Jun 2025,$88.52,3,,,1.07,$123.74,-28.46%,,,,$121.51,-1.80%,$76.38,-38.27%,$217.59,75.84%,GVA,NYSE:GVA,-0.743,$171.67,
NYSE:GWH,14 Jan 2026,$3.79,3,$3.50,3,,$0.40,775.00%,,,,,-100.00%,-$2.00,-600.00%,-$2.00,-600.00%,GWH,NYSE:GWH,-2.000,,
NYSE:GWW,23 Aug 2025,$866.00,2,,,0.68,"$1,312.24",-34.01%,,,,"$1,275.23",-2.82%,$0.00,-100.00%,$0.00,-100.00%,GWW,NYSE:GWW,-0.834,"$1,325.43",
NYSE:HAE,16 Dec 2025,$105.08,3,$86.29,9,0.63,$108.80,-20.69%,,,,$102.86,-5.46%,$0.00,-100.00%,$0.00,-100.00%,HAE,NYSE:HAE,-0.828,$96.90,-10.95%
NASDAQ:HAFC,27 May 2026,$31.91,3,$32.83,5,1.89,$31.11,2.56%,,,,$31.26,0.48%,$0.00,-100.00%,$0.00,-100.00%,HAFC,NASDAQ:HAFC,-0.315,$34.25,-4.15%
NYSE:HASI,27 Jan 2026,$36.24,3,$40.27,9,1.46,$39.48,-8.21%,,,,$41.38,4.81%,$0.00,-100.00%,$0.00,-100.00%,HASI,NYSE:HASI,-0.544,$49.80,-19.14%
NASDAQ:HBAN,6 Apr 2026,$16.83,4,$19.75,9,1.80,$17.03,-1.17%,,,,$17.17,0.82%,$0.00,-100.00%,$0.00,-100.00%,HBAN,NASDAQ:HBAN,-0.376,$20.30,-2.71%
NASDAQ:HBCP,1 Jun 2026,$67.68,3,$69.00,3,1.10,$69.71,-2.91%,,,,$68.44,-1.82%,$0.00,-100.00%,$0.00,-100.00%,HBCP,NASDAQ:HBCP,-0.655,$73.00,-5.48%
NYSE:HBM,2 Apr 2026,$15.01,2,$28.81,10,1.14,$30.06,-50.05%,,,,$26.93,-10.41%,$34.93,16.22%,$45.66,51.89%,HBM,NYSE:HBM,-0.648,$32.60,-11.63%
NASDAQ:HBNC,19 Nov 2025,$17.31,3,$19.83,9,1.32,$19.55,-11.46%,,,,$19.46,-0.46%,-$51.42,-363.00%,-$48.39,-347.53%,HBNC,NASDAQ:HBNC,-0.585,$22.90,-13.41%
NASDAQ:HBT,2 Oct 2025,$24.23,3,$29.50,7,1.37,$35.75,-32.23%,,,,$35.27,-1.34%,$0.00,-100.00%,$0.00,-100.00%,HBT,NASDAQ:HBT,-0.554,$40.40,-26.98%
NYSE:HCA,13 Apr 2026,$417.60,2,$551.50,1,0.61,$429.19,-2.70%,,,,$396.43,-7.63%,$470.21,9.56%,$750.97,74.97%,HCA,NYSE:HCA,-0.874,$454.57,21.32%
NYSE:HCC,11 Dec 2025,$71.17,3,,,0.70,$106.73,-33.32%,,,,$97.88,-8.29%,$0.00,-100.00%,$0.00,-100.00%,HCC,NYSE:HCC,-0.813,$102.67,
NASDAQ:HCKT,16 Feb 2026,$21.62,3,$27.00,4,1.27,$11.08,95.14%,,,,$10.44,-5.78%,$0.00,-100.00%,$0.00,-100.00%,HCKT,NASDAQ:HCKT,-0.656,$16.67,61.97%
NASDAQ:HCSG,20 Dec 2023,$15.43,3,,,1.31,$22.77,-32.24%,,,,$22.43,-1.49%,$0.00,-100.00%,$0.00,-100.00%,HCSG,NASDAQ:HCSG,-0.589,$26.80,
NASDAQ:HCTI,11 Jul 2025,$0.04,3,,,1.01,$0.88,-96.02%,,,,$0.95,7.95%,$0.00,-100.00%,$0.00,-100.00%,HCTI,NASDAQ:HCTI,-0.773,$3.15,
NYSE:HDB,21 Oct 2025,$30.79,2,,,1.12,$23.60,30.48%,,,,$22.66,-3.98%,$0.00,-100.00%,$0.00,-100.00%,HDB,NYSE:HDB,-0.726,$33.95,
NYSE:HE,18 Nov 2025,$12.33,3,$11.13,7,0.66,$11.50,-3.22%,,,,$11.34,-1.39%,$0.00,-100.00%,$0.00,-100.00%,HE,NYSE:HE,-0.846,$11.92,-6.63%
NYSE:HEI,2 May 2025,$235.97,3,$274.82,7,0.88,$355.04,-33.54%,,,,$357.46,0.68%,$597.80,68.37%,$662.80,86.68%,HEI,NYSE:HEI,-0.765,$388.32,-29.23%
NYSE:HEI.A,5 May 2025,$186.04,3,,,1.25,$261.00,-28.72%,,,,$262.48,0.57%,$417.59,60.00%,$460.08,76.28%,HEI.A,NYSE:HEI.A,-0.630,$320.00,
NASDAQ:HELE,3 Nov 2023,$131.05,4,,,0.77,$29.06,350.95%,,,,$27.60,-5.02%,$23.19,-20.20%,-$13.37,-146.01%,HELE,NASDAQ:HELE,-0.805,$31.00,
NASDAQ:HFWA,19 Jun 2026,$30.72,3,$32.00,4,2.05,$29.10,5.57%,,,,$28.93,-0.58%,$0.00,-100.00%,$0.00,-100.00%,HFWA,NASDAQ:HFWA,-0.251,$33.00,-3.03%
NYSE:HG,9 Sep 2025,$24.44,3,$25.43,7,1.58,$34.96,-30.09%,,,,$34.37,-1.69%,$0.00,-100.00%,$0.00,-100.00%,HG,NYSE:HG,-0.450,$38.14,-33.32%
NYSE:HI,6 Nov 2025,$42.28,5,$32.00,7,,,#DIV/0!,,,,,#DIV/0!,-$2.00,#DIV/0!,-$2.00,#DIV/0!,HI,NYSE:HI,-2.000,,
NASDAQ:HIFS,10 Oct 2025,$271.84,3,,7,0.37,$297.42,-8.60%,,,,$294.16,-1.10%,$0.00,-100.00%,$0.00,-100.00%,HIFS,NASDAQ:HIFS,-0.851,,
NYSE:HIMS,20 Aug 2025,$35.82,2,,,0.59,$33.78,6.04%,,,,$26.78,-20.72%,$0.00,-100.00%,$0.00,-100.00%,HIMS,NYSE:HIMS,-0.853,$31.15,
NASDAQ:HIMX,16 Feb 2026,$9.25,5,,,1.10,$13.79,-32.92%,,,,$13.52,-1.96%,$0.00,-100.00%,$0.00,-100.00%,HIMX,NASDAQ:HIMX,-0.732,$30.20,
NYSE:HLIO,6 Nov 2025,$52.24,3,,,0.81,$76.18,-31.43%,,,,$74.57,-2.11%,$0.00,-100.00%,$0.00,-100.00%,HLIO,NYSE:HLIO,-0.815,$90.17,
NASDAQ:HLIT,5 Feb 2026,$11.73,3,$13.00,5,0.79,$12.47,-5.89%,,,,$12.25,-1.76%,$0.00,-100.00%,$0.00,-100.00%,HLIT,NASDAQ:HLIT,-0.848,$16.14,-19.45%
NASDAQ:HLMN,25 Jul 2023,$11.24,3,,,0.89,$8.36,34.49%,,,,$8.32,-0.48%,$0.00,-100.00%,$0.00,-100.00%,HLMN,NASDAQ:HLMN,-0.825,$12.43,
NYSE:HMC,26 Mar 2026,$30.58,5,,5,0.69,$33.37,-8.35%,,,,$30.88,-7.46%,$0.00,-100.00%,$0.00,-100.00%,HMC,NYSE:HMC,-0.823,$32.90,
NYSE:HNI,8 Jan 2025,$45.54,2,,,1.26,$49.23,-7.50%,,,,$47.52,-3.47%,$58.30,18.43%,$89.73,82.27%,HNI,NYSE:HNI,-0.661,$69.75,
NASDAQ:HNRG,16 Dec 2024,$15.00,3,,8,0.82,$15.38,-2.47%,,,,$15.35,-0.20%,$0.00,-100.00%,$0.00,-100.00%,HNRG,NASDAQ:HNRG,-0.857,$28.33,
NYSE:HOMB,2 Oct 2025,$27.30,2,$32.17,6,1.01,$30.27,-9.82%,,,,$29.98,-0.96%,$0.00,-100.00%,$0.00,-100.00%,HOMB,NYSE:HOMB,-0.703,$33.00,-2.52%
NASDAQ:HON,2 Jul 2026,,1,$446.29,9,1.33,$215.90,106.71%,,,,$220.31,2.04%,$139.78,-35.26%,$177.16,-17.94%,HON,NASDAQ:HON,-0.590,$263.80,69.18%
NASDAQ:HONE,2 Oct 2025,$15.33,3,$13.00,2,,,#DIV/0!,,,,,#DIV/0!,-$2.00,#DIV/0!,-$2.00,#DIV/0!,HONE,NASDAQ:HONE,-2.000,,
NASDAQ:HOOD,2 Sep 2025,$86.65,2,$113.71,7,0.49,$108.13,-19.87%,,,,$88.80,-17.88%,$82.53,-23.68%,$83.97,-22.35%,HOOD,NASDAQ:HOOD,-0.938,$120.01,-5.25%
NASDAQ:HOPE,2 Oct 2025,$14.53,4,$13.00,4,1.99,$13.97,-6.94%,,,,$14.00,0.21%,$0.00,-100.00%,$0.00,-100.00%,HOPE,NASDAQ:HOPE,-0.275,$15.50,-16.13%
NYSE:HOV,26 Mar 2025,$163.07,3,$125.00,1,0.46,$131.41,-4.88%,,,,$123.01,-6.39%,$542.36,312.72%,$562.84,328.31%,HOV,NYSE:HOV,-0.840,$74.00,68.92%
NASDAQ:HOVR,12 Dec 2024,$2.00,3,,6,1.13,$1.87,6.95%,,,,$1.79,-4.28%,$2.52,35.00%,$2.53,35.26%,HOVR,NASDAQ:HOVR,-0.721,$8.45,
NYSE:HP,22 Jan 2026,$39.81,4,$33.25,5,1.16,$43.55,-23.65%,,,,$43.20,-0.80%,$0.00,-100.00%,$0.00,-100.00%,HP,NYSE:HP,-0.613,$42.60,-21.95%
NYSE:HPE,12 Aug 2025,$26.45,3,,,1.09,$53.45,-50.52%,,,,$51.02,-4.55%,$54.92,2.76%,$96.80,81.10%,HPE,NYSE:HPE,-0.700,$65.24,
NASDAQ:HPK,22 Sep 2025,$12.06,3,$7.00,3,0.90,$8.32,-15.87%,,,,$7.77,-6.61%,$0.00,-100.00%,$0.00,-100.00%,HPK,NASDAQ:HPK,-0.723,$7.88,-11.17%
NYSE:HPQ,30 Mar 2026,$24.72,3,$18.58,2,1.05,$29.71,-37.46%,,,,$29.65,-0.20%,$19.56,-34.17%,$30.29,1.97%,HPQ,NYSE:HPQ,-0.616,$23.10,-19.57%
NYSE:HRL,6 Nov 2024,$31.61,3,,,1.50,$23.88,32.35%,,,,$24.33,1.88%,$24.91,4.33%,$29.74,24.55%,HRL,NYSE:HRL,-0.499,$27.25,
NASDAQ:HSAI,1 Sep 2025,$21.70,3,$27.74,9,0.88,$19.10,13.61%,,,,$16.89,-11.57%,$0.00,-100.00%,$0.00,-100.00%,HSAI,NASDAQ:HSAI,-0.830,$29.66,-6.47%
NYSE:HSBC,19 Aug 2025,$64.63,3,,,1.47,$104.15,-37.95%,,,,$101.96,-2.10%,$0.00,-100.00%,$0.00,-100.00%,HSBC,NYSE:HSBC,-0.482,$106.08,
NASDAQ:HSIC,20 Aug 2025,$69.76,3,,,0.69,$88.50,-21.18%,,,,$87.13,-1.55%,$0.00,-100.00%,$0.00,-100.00%,HSIC,NASDAQ:HSIC,-0.851,$97.56,
NASDAQ:HSII,15 Dec 2025,$59.01,1,,1,,,#DIV/0!,,,,,#DIV/0!,-$2.00,#DIV/0!,-$2.00,#DIV/0!,HSII,NASDAQ:HSII,-2.000,,
NASDAQ:HST,20 Apr 2026,$19.63,3,$21.71,6,1.63,$23.21,-15.44%,,,,$23.02,-0.82%,$0.00,-100.00%,$0.00,-100.00%,HST,NASDAQ:HST,-0.425,$25.07,-13.40%
NYSE:HTB,19 Nov 2025,$38.55,3,,,0.82,$46.70,-17.45%,,,,$45.94,-1.63%,$0.00,-100.00%,$0.00,-100.00%,HTB,NYSE:HTB,-0.806,$54.44,
NASDAQ:HTBK,13 Apr 2026,$12.56,3,$15.00,6,,,#DIV/0!,,,,,#DIV/0!,-$2.00,#DIV/0!,-$2.00,#DIV/0!,HTBK,NASDAQ:HTBK,-2.000,,
NASDAQ:HTZ,22 Dec 2023,$16.71,3,,,0.64,$2.25,642.67%,,,,$1.99,-11.56%,$0.00,-100.00%,$0.00,-100.00%,HTZ,NASDAQ:HTZ,-0.849,$2.27,
NYSE:HUBS,8 Jul 2024,$562.84,3,,,0.59,$240.01,134.51%,,,,$218.65,-8.90%,$0.00,-100.00%,$0.00,-100.00%,HUBS,NYSE:HUBS,-0.872,$242.61,
NYSE:HUYA,26 Aug 2025,$4.89,4,$5.00,7,2.18,$2.18,124.27%,,,,$2.19,0.46%,$0.00,-100.00%,$0.00,-100.00%,HUYA,NYSE:HUYA,-0.255,$3.64,37.36%
NYSE:HVT,20 Mar 2026,$26.93,4,,4,1.39,$27.38,-1.66%,,,,$27.98,2.19%,$0.00,-100.00%,$0.00,-100.00%,HVT,NYSE:HVT,-0.559,$33.00,
NASDAQ:HWC,10 Oct 2025,$58.42,2,,,1.20,$75.38,-22.50%,,,,$75.45,0.09%,$0.00,-100.00%,$0.00,-100.00%,HWC,NASDAQ:HWC,-0.624,$83.80,
NYSE:HWM,3 Sep 2025,$148.98,2,,,0.82,$271.68,-45.17%,,,,$277.39,2.10%,$0.00,-100.00%,$0.00,-100.00%,HWM,NYSE:HWM,-0.822,$335.33,
NASDAQ:IART,11 Dec 2025,$22.26,3,$12.33,2,0.69,$16.74,-26.34%,,,,$16.74,0.00%,-$8.17,-148.78%,$12.84,-23.28%,IART,NASDAQ:IART,-0.866,$19.56,-36.96%
NASDAQ:IBEX,30 Jan 2026,$37.25,3,$41.00,9,0.90,$36.56,1.88%,,,,$33.54,-8.26%,$58.18,59.13%,$82.17,124.76%,IBEX,NASDAQ:IBEX,-0.740,$37.50,9.33%
NASDAQ:IBKR,23 Aug 2025,$51.95,1,$67.92,10,0.88,$93.87,-44.65%,,,,$87.53,-6.75%,$0.00,-100.00%,$0.00,-100.00%,IBKR,NASDAQ:IBKR,-0.771,$106.13,-36.00%
NYSE:IBM,27 Jan 2026,$263.05,1,$321.27,10,1.14,$235.68,11.61%,,,,$228.81,-2.91%,$282.31,19.79%,$371.33,57.56%,IBM,NYSE:IBM,-0.633,$244.16,31.58%
NYSE:IBN,2 Oct 2025,$29.15,3,,3,0.80,$29.91,-2.54%,,,,$28.67,-4.15%,$159.04,431.71%,$162.90,444.64%,IBN,NYSE:IBN,-0.823,$35.83,
NASDAQ:IBOC,1 Jun 2026,$77.76,3,,4,0.93,$71.49,8.77%,,,,$70.24,-1.75%,$0.00,-100.00%,$0.00,-100.00%,IBOC,NASDAQ:IBOC,-0.768,$87.00,
NYSE:IBP,7 Jan 2025,$148.52,2,$231.00,6,0.73,$246.81,-39.83%,,,,$241.49,-2.16%,$0.00,-100.00%,$0.00,-100.00%,IBP,NYSE:IBP,-0.805,$244.82,-5.64%
NYSE:ICE,24 Oct 2025,$156.00,3,,,0.96,$161.25,-3.26%,,,,$152.85,-5.21%,$89.90,-44.25%,$135.02,-16.26%,ICE,NYSE:ICE,-0.739,$185.93,
NASDAQ:ICHR,2 Jan 2026,$31.56,3,$24.80,2,0.97,$60.20,-58.80%,,,,$59.46,-1.23%,$0.00,-100.00%,$0.00,-100.00%,ICHR,NASDAQ:ICHR,-0.791,$95.86,-74.13%
NASDAQ:ICON,23 Jan 2026,$3.43,3,$2.00,,,$1.01,98.02%,,,,,-100.00%,-$2.00,-298.02%,-$2.00,-298.02%,ICON,NASDAQ:ICON,-2.000,,
NYSE:IDA,18 Sep 2025,$114.64,2,,,1.03,$137.20,-16.44%,,,,$138.66,1.06%,$21.15,-84.58%,$63.45,-53.75%,IDA,NYSE:IDA,-0.712,$158.78,
NASDAQ:IDCC,21 Jan 2026,$317.69,3,,,0.92,$342.42,-7.22%,,,,$325.27,-5.01%,$0.00,-100.00%,$0.00,-100.00%,IDCC,NASDAQ:IDCC,-0.804,$462.67,
NASDAQ:IEP,22 Nov 2023,$27.45,3,,,3.51,$6.79,304.21%,,,,$7.08,4.27%,$0.00,-100.00%,$0.00,-100.00%,IEP,NASDAQ:IEP,0.340,$12.00,
NASDAQ:IESC,23 Aug 2025,$257.92,2,,,0.77,$685.04,-62.35%,,,,$665.10,-2.91%,$0.00,-100.00%,$0.00,-100.00%,IESC,NASDAQ:IESC,-0.844,$850.00,
NYSE:IEX,28 Oct 2025,$189.30,3,$194.86,8,1.05,$234.39,-19.24%,,,,$230.07,-1.84%,$293.71,25.31%,$320.97,36.94%,IEX,NYSE:IEX,-0.685,$254.50,-23.43%
NYSE:IFS,27 May 2026,$48.43,3,$61.50,9,1.69,$54.89,-11.77%,,,,$53.41,-2.70%,$0.00,-100.00%,$0.00,-100.00%,IFS,NYSE:IFS,-0.427,$65.80,-6.53%
NASDAQ:IGIC,23 Jun 2026,$24.69,3,,,1.80,$26.63,-7.29%,,,,$26.49,-0.53%,$0.00,-100.00%,$0.00,-100.00%,IGIC,NASDAQ:IGIC,-0.371,$31.00,
NYSE:IHS,4 Mar 2026,$6.80,2,$8.50,7,0.59,$8.40,-19.05%,,,,$8.10,-3.57%,$0.00,-100.00%,$0.00,-100.00%,IHS,NYSE:IHS,-0.867,$8.25,3.03%
NASDAQ:III,5 Feb 2026,$5.27,3,$6.50,8,1.02,$4.93,6.96%,,,,$4.84,-1.83%,$0.00,-100.00%,$0.00,-100.00%,III,NASDAQ:III,-0.765,$6.80,-4.41%
NASDAQ:IMKTA,19 Mar 2026,$96.09,3,,5,0.43,$84.94,13.13%,,,,$83.20,-2.05%,$0.00,-100.00%,$0.00,-100.00%,IMKTA,NASDAQ:IMKTA,-0.830,,
NASDAQ:IMMP,15 Dec 2025,$2.06,3,$12.00,7,,$0.39,428.82%,,,,,-100.00%,-$2.00,-612.82%,-$2.00,-612.82%,IMMP,NASDAQ:IMMP,-2.000,,
NYSEAMERICAN:IMO,24 Oct 2025,$89.93,1,,,,$138.05,-34.86%,,,,,-100.00%,-$2.00,-101.45%,-$2.00,-101.45%,IMO,NYSEAMERICAN:IMO,-2.000,,
NASDAQ:IMOS,28 Jan 2026,$41.27,3,,6,0.83,$54.03,-23.61%,,,,$51.52,-4.65%,$0.00,-100.00%,$0.00,-100.00%,IMOS,NASDAQ:IMOS,-0.676,$20.00,
NASDAQ:IMPP,16 Feb 2026,$3.71,3,$6.00,7,1.87,$5.20,-28.59%,,,,$4.97,-4.42%,$0.00,-100.00%,$0.00,-100.00%,IMPP,NASDAQ:IMPP,-0.392,$9.00,-33.33%
NASDAQ:IMRN,15 Dec 2025,$1.93,4,,,,$1.12,72.45%,,,,,-100.00%,-$2.00,-278.57%,-$2.00,-278.57%,IMRN,NASDAQ:IMRN,-2.000,,
NASDAQ:IMXI,14 Feb 2026,$28.35,3,,3,0.79,$14.12,100.78%,,,,$13.84,-1.98%,$0.00,-100.00%,$0.00,-100.00%,IMXI,NASDAQ:IMXI,-0.811,$16.00,
NASDAQ:INDB,20 Mar 2026,$77.46,3,$86.67,6,1.75,$83.73,-7.49%,,,,$83.39,-0.41%,$0.00,-100.00%,$0.00,-100.00%,INDB,NASDAQ:INDB,-0.382,$93.43,-7.24%
NASDAQ:INDI,16 Feb 2026,$5.81,4,$8.00,5,1.09,$4.15,39.92%,,,,$3.86,-6.99%,$0.00,-100.00%,$0.00,-100.00%,INDI,NASDAQ:INDI,-0.733,$5.72,39.86%
NYSE:ING,27 Aug 2025,$23.00,3,,,1.60,$34.84,-33.98%,,,,$34.64,-0.57%,$0.00,-100.00%,$0.00,-100.00%,ING,NYSE:ING,-0.415,$33.83,
NYSE:INGM,22 Feb 2026,$26.24,5,,,0.82,$27.50,-4.58%,,,,$26.37,-4.11%,$0.00,-100.00%,$0.00,-100.00%,INGM,NYSE:INGM,-0.815,$33.17,
NASDAQ:INGN,11 Dec 2025,$9.54,4,$13.00,6,0.83,$5.61,70.12%,,,,$5.50,-1.96%,$0.00,-100.00%,$0.00,-100.00%,INGN,NASDAQ:INGN,-0.855,$12.67,2.60%
NYSE:INGR,26 Aug 2025,$23.71,3,,,1.08,$106.84,-77.81%,,,,$104.44,-2.25%,$0.00,-100.00%,$0.00,-100.00%,INGR,NYSE:INGR,-0.685,$121.50,
NASDAQ:INOD,26 Jan 2026,$55.24,3,,,0.82,$64.21,-13.97%,,,,$58.70,-8.58%,$0.00,-100.00%,$0.00,-100.00%,INOD,NASDAQ:INOD,-0.857,$122.75,
NASDAQ:INSG,5 Feb 2026,$12.35,3,,,0.95,$4.39,181.37%,,,,$4.20,-4.33%,$0.00,-100.00%,$0.00,-100.00%,INSG,NASDAQ:INSG,-0.800,$12.50,
NYSE:INSP,4 Dec 2025,$192.39,3,$117.67,8,0.49,$62.36,88.69%,,,,$56.01,-10.18%,$0.00,-100.00%,$0.00,-100.00%,INSP,NYSE:INSP,-0.911,$60.40,94.82%
NASDAQ:INTA,22 Jan 2026,$50.05,3,$50.05,6,0.53,$41.35,21.04%,,,,$38.06,-7.96%,$0.00,-100.00%,$0.00,-100.00%,INTA,NASDAQ:INTA,-0.890,$39.43,26.93%
NASDAQ:INTC,19 Jan 2026,$31.91,1,$42.36,6,1.16,$90.07,-64.57%,,,,$90.39,0.36%,$119.35,32.51%,$158.51,75.98%,INTC,NASDAQ:INTC,-0.677,$114.88,-63.13%
NASDAQ:INTR,24 Jun 2026,$6.34,4,$8.60,7,1.04,$5.39,17.63%,,,,$5.14,-4.64%,$0.00,-100.00%,$0.00,-100.00%,INTR,NASDAQ:INTR,-0.758,$8.77,-1.94%
NYSE:INVH,16 Sep 2025,$35.78,5,$35.79,1,1.71,$30.11,18.84%,,,,$29.94,-0.56%,$38.44,27.68%,$38.69,28.49%,INVH,NYSE:INVH,-0.399,$33.39,7.19%
NYSE:IONQ,23 Dec 2025,$39.58,3,$75.91,9,0.88,$44.86,-11.77%,,,,$41.29,-7.96%,$0.00,-100.00%,$0.00,-100.00%,IONQ,NYSE:IONQ,-0.830,$67.68,12.16%
NYSE:IP,10 Jul 2025,$49.22,3,$190.70,,1.40,$41.49,#REF!,,,,$40.33,-2.80%,$0.00,-100.00%,$0.00,-100.00%,IP,NYSE:IP,-0.548,$48.00,297.29%
NASDAQ:IPGP,4 Feb 2026,$89.57,3,,,0.81,$73.26,22.26%,,,,$74.18,1.26%,$0.00,-100.00%,$0.00,-100.00%,IPGP,NASDAQ:IPGP,-0.863,$126.21,
NASDAQ:IPWR,9 Feb 2026,$5.25,3,,4,0.86,$4.75,10.52%,,,,$4.60,-3.16%,$0.00,-100.00%,$0.00,-100.00%,IPWR,NASDAQ:IPWR,-0.841,$10.75,
NASDAQ:IQ,29 Nov 2024,$3.18,3,,,0.83,$1.06,199.81%,,,,$1.07,0.94%,$0.00,-100.00%,$0.00,-100.00%,IQ,NASDAQ:IQ,-0.855,$1.54,
NYSE:IR,11 Nov 2025,$79.48,3,$87.67,6,1.03,$80.51,-1.28%,,,,$79.61,-1.12%,$110.37,37.09%,$132.51,64.59%,IR,NYSE:IR,-0.720,$96.25,-8.91%
NASDAQ:IREN,11 Dec 2025,$45.06,3,$84.00,6,0.60,$41.88,7.59%,,,,$37.81,-9.72%,$31.29,-25.29%,$36.92,-11.85%,IREN,NASDAQ:IREN,-0.957,$81.73,2.78%
NYSE:IRM,19 Aug 2025,$97.43,3,$116.80,3,1.21,$122.02,-20.15%,,,,$119.29,-2.24%,$0.00,-100.00%,$0.00,-100.00%,IRM,NYSE:IRM,-0.637,$144.60,-19.23%
NASDAQ:IRMD,4 Dec 2025,$84.32,3,$99.00,8,1.05,$87.85,-4.02%,,,,$85.93,-2.19%,$0.00,-100.00%,$0.00,-100.00%,IRMD,NASDAQ:IRMD,-0.745,$118.00,-16.10%
NYSE:IRS,13 Mar 2026,$17.95,5,$23.00,6,1.63,$14.82,21.12%,,,,$14.38,-2.97%,"$2,135.30",14308.23%,"$2,136.29",14314.91%,IRS,NYSE:IRS,-0.496,$21.33,7.83%
NASDAQ:IRTC,11 Dec 2025,$121.66,2,$220.38,6,0.75,$128.52,-5.34%,,,,$112.89,-12.16%,$0.00,-100.00%,$0.00,-100.00%,IRTC,NASDAQ:IRTC,-0.882,$176.86,24.61%
NASDAQ:ISRG,19 Jul 2024,$316.11,1,,,0.65,$378.81,-16.55%,,,,$382.26,0.91%,$0.00,-100.00%,$0.00,-100.00%,ISRG,NASDAQ:ISRG,-0.904,$478.01,
NASDAQ:ISTR,1 Jun 2026,$27.26,3,$31.50,6,1.03,$30.31,-10.08%,,,,$29.50,-2.67%,$0.00,-100.00%,$0.00,-100.00%,ISTR,NASDAQ:ISTR,-0.704,$34.25,-8.03%
NYSE:IT,25 Feb 2026,$197.67,3,187,2,0.62,$195.90,-2.65%,,,,$176.96,-9.67%,$0.00,-100.00%,$0.00,-100.00%,IT,NYSE:IT,-0.846,$185.77,0.66%
NYSE:ITGR,11 Dec 2025,$113.99,3,$91.50,2,0.79,$125.20,-26.92%,,,,$123.05,-1.72%,$143.33,14.48%,$208.34,66.41%,ITGR,NYSE:ITGR,-0.775,$121.80,-24.88%
NASDAQ:ITIC,29 Jan 2025,$206.10,3,,7,0.67,$289.26,-28.75%,,,,$287.26,-0.69%,$0.00,-100.00%,$0.00,-100.00%,ITIC,NASDAQ:ITIC,-0.745,$39.00,
NASDAQ:ITRI,21 May 2026,$114.84,5,$126.20,4,0.73,$100.03,14.80%,,,,$94.80,-5.23%,$179.98,79.93%,$206.78,106.72%,ITRI,NASDAQ:ITRI,-0.876,$129.60,-2.62%
NASDAQ:ITRN,18 Feb 2026,$47.36,3,$50.00,8,1.32,$50.89,-6.93%,,,,$50.18,-1.40%,$0.00,-100.00%,$0.00,-100.00%,ITRN,NASDAQ:ITRN,-0.634,$73.50,-31.97%
NYSE:ITT,16 Feb 2026,$184.72,1,$225.86,10,0.99,$208.10,-11.23%,,,,$208.82,0.35%,$0.00,-100.00%,$0.00,-100.00%,ITT,NYSE:ITT,-0.746,$256.15,-11.83%
NYSE:ITUB,10 Mar 2026,$7.88,3,$9.00,9,1.58,$7.48,5.35%,,,,$7.36,-1.60%,$0.00,-100.00%,$0.00,-100.00%,ITUB,NYSE:ITUB,-0.471,$8.84,1.81%
NYSE:ITW,11 Nov 2025,$245.17,2,$257.11,6,1.00,$282.29,-13.15%,,,,$280.64,-0.58%,$342.45,21.31%,$356.80,26.39%,ITW,NYSE:ITW,-0.703,$301.86,-14.82%
NYSE:IX,11 Dec 2025,$27.24,3,,5,0.79,$38.49,-29.23%,,,,$36.76,-4.49%,$0.00,-100.00%,$0.00,-100.00%,IX,NYSE:IX,-0.800,$41.38,
NASDAQ:IXHL,11 Dec 2025,$0.76,3,,,,$3.57,-78.85%,,,,,-100.00%,-$2.00,-156.02%,-$2.00,-156.02%,IXHL,NASDAQ:IXHL,-2.000,,
NYSE:JBGS,23 Dec 2025,$16.92,3,$17.50,1,1.47,$12.50,35.38%,,,,$11.52,-7.84%,$0.00,-100.00%,$0.00,-100.00%,JBGS,NYSE:JBGS,-0.490,$13.00,34.62%
NYSE:JBTM,28 Oct 2025,$114.25,3,,,0.88,$116.86,-2.23%,,,,$111.76,-4.36%,$0.00,-100.00%,$0.00,-100.00%,JBTM,NYSE:JBTM,-0.833,$176.42,
NYSE:JCI,4 Jan 2026,$97.19,1,$128.78,9,1.18,$143.05,-32.06%,,,,$143.55,0.35%,$249.87,74.67%,$267.93,87.30%,JCI,NYSE:JCI,-0.638,$163.11,-21.05%
NASDAQ:JD,1 Apr 2026,$43.40,3,$34.69,3,0.80,$29.37,18.11%,,,,$27.67,-5.79%,$0.00,-100.00%,$0.00,-100.00%,JD,NASDAQ:JD,-0.857,$39.57,-12.33%
NYSE:JEF,23 Aug 2025,$58.78,3,,,1.64,$52.33,12.33%,,,,$53.20,1.66%,$0.00,-100.00%,$0.00,-100.00%,JEF,NYSE:JEF,-0.445,$61.50,
NYSE:JELD,25 Oct 2024,$18.28,3,,,0.82,$2.30,694.61%,,,,$1.86,-19.13%,$0.00,-100.00%,$0.00,-100.00%,JELD,NYSE:JELD,-0.735,$1.93,
NASDAQ:JFIN,1 Sep 2025,$12.96,3,,7,,$2.43,433.29%,,,,,-100.00%,-$2.00,-182.30%,-$2.00,-182.30%,JFIN,NASDAQ:JFIN,-2.000,,
NYSE:JHX,22 Aug 2025,$30.58,3,$26.94,8,0.91,$30.43,-11.47%,,,,$29.40,-3.38%,$0.00,-100.00%,$0.00,-100.00%,JHX,NYSE:JHX,-0.766,$35.43,-23.96%
NYSE:JILL,3 Jan 2025,$36.04,3,$36.67,6,0.25,$20.21,78.32%,,,,$19.12,-5.39%,$32.33,59.96%,$20.70,2.42%,JILL,NYSE:JILL,-0.970,$15.50,136.58%
NASDAQ:JJSF,31 Jan 2025,$136.25,3,$200.00,3,1.08,$87.59,55.55%,,,,$88.18,0.67%,$0.00,-100.00%,$0.00,-100.00%,JJSF,NASDAQ:JJSF,-0.709,$110.50,81.00%
NASDAQ:JKHY,27 Jan 2026,$182.29,3,,,0.70,$166.20,9.68%,,,,$153.97,-7.36%,$0.00,-100.00%,$0.00,-100.00%,JKHY,NASDAQ:JKHY,-0.850,$186.67,
NYSE:JKS,9 Feb 2026,$25.42,3,$23.33,6,1.11,$15.92,46.55%,,,,$16.25,2.07%,-$184.15,-1256.70%,-$184.15,-1256.70%,JKS,NYSE:JKS,-0.731,$25.44,-8.29%
NYSE:JOBY,7 Jul 2025,$8.26,2,,,0.78,$7.53,9.64%,,,,$7.27,-3.45%,$0.00,-100.00%,$0.00,-100.00%,JOBY,NYSE:JOBY,-0.874,$10.68,
NYSE:JOE,4 Sep 2025,$58.64,3,,4,0.63,$68.89,-14.88%,,,,$66.81,-3.02%,$98.94,43.62%,$112.79,63.72%,JOE,NYSE:JOE,-0.766,$19.00,
NYSE:KAI,11 Nov 2025,$276.48,3,$360.00,2,0.80,$313.41,-11.78%,,,,$301.20,-3.90%,$0.00,-100.00%,$0.00,-100.00%,KAI,NYSE:KAI,-0.814,$361.67,-0.46%
NASDAQ:KALU,23 Jun 2026,$168.39,3,$161.67,6,0.92,$154.16,4.87%,,,,$152.41,-1.14%,$305.05,97.88%,$336.70,118.41%,KALU,NASDAQ:KALU,-0.745,$169.25,-4.48%
NASDAQ:KARO,23 Aug 2025,$42.41,2,,,1.52,$63.96,-33.69%,,,,$61.16,-4.38%,$117.90,84.34%,$120.70,88.71%,KARO,NASDAQ:KARO,-0.498,$74.96,
NYSE:KB,19 Nov 2025,$83.35,3,,,1.13,$117.96,-29.34%,,,,$115.70,-1.92%,"-$2,162,821.08",-1833620.75%,"-$2,162,787.69",-1833592.45%,KB,NYSE:KB,-0.719,$177.54,
NYSE:KBH,27 Apr 2026,$73.02,5,$56.73,6,0.65,$55.37,2.46%,,,,$54.29,-1.95%,$113.17,104.39%,$118.89,114.71%,KBH,NYSE:KBH,-0.858,$58.67,-3.31%
NYSE:KD,9 Feb 2026,$28.74,3,$34.00,5,0.66,$12.55,129.00%,,,,$12.04,-4.06%,$0.00,-100.00%,$0.00,-100.00%,KD,NYSE:KD,-0.870,$14.20,139.44%
NASDAQ:KDP,19 Jun 2026,$36.23,3,$31.83,9,1.19,$32.04,-0.66%,,,,$30.13,-5.96%,$0.00,-100.00%,$0.00,-100.00%,KDP,NASDAQ:KDP,-0.629,$35.88,-11.29%
NYSE:KEP,27 Jul 2026,$13.39,4,,4,1.18,$11.26,18.92%,18.92%,$13.39,$15.00,$11.04,-1.95%,"$1,514.22",13347.74%,"$5,645.59",50038.46%,KEP,NYSE:KEP,-0.682,$15.00,
NYSE:KEY,20 Mar 2026,$21.47,3,$24.04,3,1.34,$21.87,-1.83%,,,,$21.90,0.14%,$0.00,-100.00%,$0.00,-100.00%,KEY,NYSE:KEY,-0.578,$26.02,-7.61%
NYSE:KGC,14 Aug 2025,$8.59,1,,,0.87,$32.76,-73.78%,,,,$27.79,-15.17%,$67.02,104.57%,$69.26,111.43%,KGC,NYSE:KGC,-0.766,$35.93,
NASDAQ:KIDS,11 Dec 2025,$25.39,3,$24.00,6,0.60,$25.65,-6.43%,,,,$23.70,-7.60%,$0.00,-100.00%,$0.00,-100.00%,KIDS,NASDAQ:KIDS,-0.875,$26.67,-10.01%
NYSE:KIM,19 Sep 2025,$25.08,5,$24.84,7,1.71,$24.02,3.41%,,,,$24.24,0.92%,$0.00,-100.00%,$0.00,-100.00%,KIM,NYSE:KIM,-0.401,$26.97,-7.90%
NASDAQ:KLAC,4 Jan 2026,"$1,084.54",2,"$1,372.72",8,1.05,$183.99,489.46%,,,,$183.07,-0.50%,$220.99,20.11%,$225.93,22.79%,KLAC,NASDAQ:KLAC,-0.724,$231.78,492.25%
NYSE:KLC,14 Jan 2026,$8.03,3,$5.70,3,0.95,$2.75,107.27%,,,,$2.61,-5.09%,$0.00,-100.00%,$0.00,-100.00%,KLC,NYSE:KLC,-0.800,$4.13,38.01%
NASDAQ:KLIC,23 Aug 2025,$42.70,3,,,0.92,$85.75,-50.21%,,,,$84.11,-1.91%,$0.00,-100.00%,$0.00,-100.00%,KLIC,NASDAQ:KLIC,-0.778,$106.67,
NYSE:KMT,26 Aug 2025,$29.15,5,$22.25,5,1.28,$29.96,-25.73%,,,,$30.33,1.23%,$0.00,-100.00%,$0.00,-100.00%,KMT,NYSE:KMT,-0.587,$33.00,-32.58%
NYSE:KN,2 Feb 2026,$24.86,3,,,1.10,$33.32,-25.39%,,,,$34.18,2.58%,$45.43,36.35%,$51.18,53.60%,KN,NYSE:KN,-0.716,$43.75,
NYSE:KOF,16 Jun 2026,$111.51,3,$115.00,5,1.51,$112.19,-0.61%,,,,$110.17,-1.80%,$232.72,107.43%,$302.20,169.37%,KOF,NYSE:KOF,-0.478,$120.36,-4.45%
NASDAQ:KOPN,16 Feb 2026,$2.24,3,,6,0.85,$5.04,-55.48%,,,,$4.67,-7.34%,$0.00,-100.00%,$0.00,-100.00%,KOPN,NASDAQ:KOPN,-0.845,$8.67,
NYSE:KR,2 Jan 2026,$62.39,3,,,1.53,$57.90,7.75%,,,,$55.96,-3.35%,$15.99,-72.38%,$86.49,49.37%,KR,NYSE:KR,-0.502,$70.50,
NASDAQ:KRNT,6 Nov 2025,$18.46,3,$23.50,4,0.87,$16.77,10.08%,,,,$16.34,-2.56%,$0.00,-100.00%,$0.00,-100.00%,KRNT,NASDAQ:KRNT,-0.833,$25.00,-6.00%
NASDAQ:KRT,16 Sep 2025,$27.50,4,$31.50,2,0.75,$48.05,-42.76%,,,,$46.39,-3.45%,$0.00,-100.00%,$0.00,-100.00%,KRT,NASDAQ:KRT,-0.770,$41.50,-24.10%
NASDAQ:KSPI,11 Feb 2026,$112.77,3,$92.50,6,0.79,$105.55,-12.36%,,,,$96.83,-8.26%,$0.00,-100.00%,$0.00,-100.00%,KSPI,NASDAQ:KSPI,-0.775,$102.23,-9.52%
NYSE:KSS,25 Jul 2023,$47.54,3,,,0.80,$17.60,170.13%,,,,$18.22,3.52%,$92.08,423.19%,-$22.00,-225.01%,KSS,NYSE:KSS,-0.781,$17.85,
NYSEAMERICAN:KULR,4 Feb 2026,,,$3.36,1,,$2.56,31.25%,,,,,-100.00%,-$2.00,-178.13%,-$2.00,-178.13%,KULR,NYSEAMERICAN:KULR,-2.000,,
NYSE:KVUE,14 Aug 2025,$22.53,4,$23.83,8,1.65,$19.06,18.21%,,,,$18.92,-0.73%,$0.00,-100.00%,$0.00,-100.00%,KVUE,NYSE:KVUE,-0.405,$19.50,22.21%
NYSE:KVYO,22 Jan 2026,$29.82,3,$42.31,7,0.73,$18.33,62.70%,,,,$17.21,-6.11%,$0.00,-100.00%,$0.00,-100.00%,KVYO,NYSE:KVYO,-0.896,$26.65,58.76%
NYSE:KWR,7 Dec 2023,$246.30,3,,,0.96,$163.02,51.08%,,,,$162.45,-0.35%,$0.00,-100.00%,$0.00,-100.00%,KWR,NYSE:KWR,-0.741,$189.71,
NASDAQ:LAB,11 Dec 2025,$2.34,3,$1.35,8,0.86,$0.67,101.49%,,,,$0.65,-2.99%,$0.00,-100.00%,$0.00,-100.00%,LAB,NASDAQ:LAB,-0.840,$1.35,0.00%
NYSE:LAC,2 Sep 2025,$4.84,5,$4.00,4,0.96,$3.14,27.39%,,,,$2.88,-8.28%,$0.00,-100.00%,$0.00,-100.00%,LAC,NYSE:LAC,-0.796,$5.50,-27.27%
NYSE:LAD,6 Feb 2026,$430.33,5,$385.50,5,0.66,$370.73,3.98%,,,,$346.85,-6.44%,-$360.01,-197.11%,-$265.49,-171.61%,LAD,NYSE:LAD,-0.886,$443.88,-13.15%
NASDAQ:LAKE,31 Dec 2025,$12.09,4,$18.50,6,0.63,$11.25,7.47%,,,,$11.40,1.33%,$21.52,91.29%,$27.66,145.87%,LAKE,NASDAQ:LAKE,-0.940,$16.50,12.12%
NASDAQ:LAMR,16 Sep 2025,$136.02,4,$129.00,9,1.21,$150.77,-14.44%,,,,$150.03,-0.49%,$0.00,-100.00%,$0.00,-100.00%,LAMR,NASDAQ:LAMR,-0.613,$162.20,-20.47%
NASDAQ:LASR,27 Jan 2026,$28.42,2,,,0.91,$47.39,-40.03%,,,,$46.10,-2.72%,$0.00,-100.00%,$0.00,-100.00%,LASR,NASDAQ:LASR,-0.817,$88.86,
NASDAQ:LAUR,15 Oct 2025,$28.37,2,,,0.92,$37.46,-24.27%,,,,$37.51,0.13%,$0.00,-100.00%,$0.00,-100.00%,LAUR,NASDAQ:LAUR,-0.745,$41.21,
NYSE:LB,26 Aug 2025,$40.37,2,,,0.72,$89.71,-55.00%,,,,$77.31,-13.82%,$0.00,-100.00%,$0.00,-100.00%,LB,NYSE:LB,-0.799,$83.57,
NYSE:LC,16 Mar 2026,$17.29,4,$24.00,6,0.56,$19.21,-10.00%,,,,$18.54,-3.49%,$0.00,-100.00%,$0.00,-100.00%,LC,NYSE:LC,-0.930,$23.25,3.23%
NASDAQ:LCID,15 Dec 2025,$16.47,3,$17.00,3,0.85,$5.51,198.84%,,,,$5.29,-3.99%,$0.00,-100.00%,$0.00,-100.00%,LCID,NASDAQ:LCID,-0.845,$8.20,107.32%
NYSE:LDOS,17 Feb 2026,$176.70,3,$202.40,10,0.68,$141.39,24.97%,,,,$139.21,-1.54%,$0.00,-100.00%,$0.00,-100.00%,LDOS,NYSE:LDOS,-0.855,$156.60,29.25%
NASDAQ:LECO,31 May 2024,$190.67,3,,,1.00,$281.82,-32.35%,,,,$275.50,-2.24%,$466.42,65.50%,$497.10,76.39%,LECO,NASDAQ:LECO,-0.707,$304.91,
NYSE:LEN,21 Feb 2026,$150.73,5,$98.80,4,0.96,$87.02,13.54%,,,,$85.81,-1.39%,$205.40,136.03%,$211.16,142.66%,LEN,NYSE:LEN,-0.706,$86.23,14.58%
NYSE:LEN.B,19 Feb 2026,$140.83,5,,,0.90,$85.49,64.73%,,,,$84.32,-1.37%,$903.99,957.43%,$943.94,1004.15%,LEN.B,NYSE:LEN.B,-0.640,,
NASDAQ:LENZ,15 May 2025,$26.93,3,$47.14,9,0.74,$4.68,475.49%,,,,$4.68,0.00%,$0.00,-100.00%,$0.00,-100.00%,LENZ,NASDAQ:LENZ,-0.892,$24.00,96.42%
NYSEAMERICAN:LEU,23 Dec 2025,$221.63,3,$289.10,9,,$186.26,18.99%,,,,,-100.00%,-$2.00,-101.07%,-$2.00,-101.07%,LEU,NYSE:LEU,-2.000,,
NASDAQ:LFUS,30 Jan 2026,$287.28,3,$366.67,8,0.81,$412.26,-30.32%,,,,$406.37,-1.43%,$624.49,51.48%,$579.55,40.58%,LFUS,NASDAQ:LFUS,-0.814,$488.75,-24.98%
NASDAQ:LFVN,16 Sep 2025,$9.29,3,,,,$6.69,38.86%,,,,,-100.00%,-$2.00,-129.90%,-$2.00,-129.90%,LFVN,NASDAQ:LFVN,-2.000,,
NASDAQ:LFWD,4 Dec 2025,$1.24,3,$4.50,,,$7.32,-83.03%,,,,,-100.00%,-$2.00,-127.32%,-$2.00,-127.32%,LFWD,NASDAQ:LFWD,-2.000,,
NASDAQ:LGHL,1 Sep 2025,$2.89,3,,,,$0.61,374.10%,,,,,-100.00%,-$2.00,-427.87%,-$2.00,-427.87%,LGHL,NASDAQ:LGHL,-2.000,,
NASDAQ:LGIH,10 Apr 2026,$71.78,3,$38.00,3,0.82,$58.16,-34.66%,,,,$57.10,-1.82%,$0.00,-100.00%,$0.00,-100.00%,LGIH,NASDAQ:LGIH,-0.857,$93.00,-59.14%
NYSE:LH,19 May 2025,$246.54,3,$276.82,5,0.62,$336.34,-26.70%,,,,$315.70,-6.14%,$0.00,-100.00%,$0.00,-100.00%,LH,NYSE:LH,-0.860,$337.75,-18.04%
NASDAQ:LI,15 Dec 2025,$17.08,1,,1,0.73,$13.05,30.88%,,,,$11.96,-8.35%,$111.05,750.96%,$117.38,799.43%,LI,NASDAQ:LI,-0.898,$18.18,
NASDAQ:LIF,22 Jan 2026,$44.97,2,$89.23,1,0.75,$44.66,0.69%,,,,$42.00,-5.96%,$0.00,-100.00%,$0.00,-100.00%,LIF,NASDAQ:LIF,-0.883,$61.48,45.14%
NYSE:LII,26 Aug 2025,$486.80,1,,,1.12,$402.87,20.83%,,,,$410.51,1.90%,$593.48,47.31%,$653.21,62.14%,LII,NYSE:LII,-0.697,$511.15,
NASDAQ:LIN,8 Jul 2024,$400.00,0,,,0.72,$487.57,-17.96%,,,,$467.55,-4.11%,$0.00,-100.00%,$0.00,-100.00%,LIN,NASDAQ:LIN,-0.842,$547.24,
NASDAQ:LITE,2 Feb 2026,$174.97,1,,,0.83,$866.71,-79.81%,,,,$804.05,-7.23%,$0.00,-100.00%,$0.00,-100.00%,LITE,NASDAQ:LITE,-0.830,"$1,125.93",
NASDAQ:LIVN,11 Dec 2025,$69.34,3,$65.83,9,0.74,$78.74,-16.40%,,,,$78.72,-0.03%,$0.00,-100.00%,$0.00,-100.00%,LIVN,NASDAQ:LIVN,-0.833,$89.40,-26.36%
NASDAQ:LKFN,19 Nov 2025,$61.67,3,,,1.25,$60.26,2.34%,,,,$59.61,-1.08%,$0.00,-100.00%,$0.00,-100.00%,LKFN,NASDAQ:LKFN,-0.599,$66.50,
NASDAQ:LKQ,15 May 2025,$47.72,5,$53.00,8,1.62,$25.77,85.17%,,,,$25.33,-1.71%,$6.98,-72.93%,$22.67,-12.03%,LKQ,NASDAQ:LKQ,-0.473,$32.50,63.08%
NYSE:LMT,23 Dec 2025,$488.93,3,$524.93,7,0.92,$563.57,-13.24%,,,,$580.56,3.01%,$0.00,-100.00%,$0.00,-100.00%,LMT,NYSE:LMT,-0.753,$632.95,-17.07%
NYSE:LOB,18 Nov 2025,$45.74,3,$42.50,4,0.67,$40.98,3.71%,,,,$39.80,-2.88%,$0.00,-100.00%,$0.00,-100.00%,LOB,NYSE:LOB,-0.862,$46.00,-7.61%
NYSE:LOMA,16 Dec 2025,$12.58,3,,7,1.62,$9.31,35.12%,,,,$9.24,-0.75%,$0.00,-100.00%,$0.00,-100.00%,LOMA,NYSE:LOMA,-0.501,$14.30,
NASDAQ:LOVE,30 Aug 2023,$33.25,3,,,0.76,$16.07,106.89%,,,,$16.50,2.68%,$76.70,377.28%,$74.10,361.10%,LOVE,NASDAQ:LOVE,-0.885,$24.17,
NASDAQ:LPRO,23 Aug 2025,$2.92,3,$2.58,2,,,#DIV/0!,,,,,#DIV/0!,-$2.00,#DIV/0!,-$2.00,#DIV/0!,LPRO,NASDAQ:LPRO,-2.000,,
NASDAQ:LPTH,29 Jan 2026,$6.12,3,$12.67,8,0.68,$14.42,-57.56%,,,,$12.59,-12.69%,$14.29,-0.91%,$14.35,-0.49%,LPTH,NASDAQ:LPTH,-0.851,$15.78,-19.71%
NYSE:LPX,9 May 2025,$89.40,3,,,0.98,$73.18,22.16%,,,,$71.18,-2.73%,$0.00,-100.00%,$0.00,-100.00%,LPX,NYSE:LPX,-0.755,$92.23,
NASDAQ:LQDT,23 Dec 2025,$37.03,4,$41.00,3,0.76,$43.27,-14.41%,,,,$42.48,-1.83%,$0.00,-100.00%,$0.00,-100.00%,LQDT,NASDAQ:LQDT,-0.835,$51.00,-19.61%
NASDAQ:LRCX,17 Jul 2024,$725.21,1,,,0.98,$314.00,130.96%,,,,$301.05,-4.12%,$348.74,11.06%,$354.82,13.00%,LRCX,NASDAQ:LRCX,-0.735,$368.94,
NASDAQ:LSCC,19 Jan 2026,$69.35,1,$83.73,10,0.92,$117.69,-41.07%,,,,$113.23,-3.79%,$0.00,-100.00%,$0.00,-100.00%,LSCC,NASDAQ:LSCC,-0.812,$164.92,-49.23%
NYSE:LSPD,11 Sep 2025,$13.68,3,$15.02,6,0.84,$10.61,28.94%,,,,$10.17,-4.15%,$0.00,-100.00%,$0.00,-100.00%,LSPD,NYSE:LSPD,-0.760,$10.65,41.03%
NASDAQ:LTBR,25 Aug 2025,$13.94,3,,,0.71,$8.22,69.56%,,,,$7.66,-6.81%,$0.00,-100.00%,$0.00,-100.00%,LTBR,NASDAQ:LTBR,-0.879,$10.50,
NYSE:LTH,15 Aug 2025,$22.60,2,,,0.57,$45.11,-49.89%,,,,$43.05,-4.57%,$0.00,-100.00%,$0.00,-100.00%,LTH,NYSE:LTH,-0.929,$55.43,
NASDAQ:LTRX,5 Feb 2026,$7.76,3,$7.88,9,0.73,$5.98,29.83%,,,,$5.83,-2.51%,$8.53,42.69%,$9.64,61.26%,LTRX,NASDAQ:LTRX,-0.900,$10.33,-23.72%
NYSE:LU,1 Sep 2025,$3.43,3,,4,0.74,$1.39,146.47%,,,,$1.37,-1.44%,$0.00,-100.00%,$0.00,-100.00%,LU,NYSE:LU,-0.894,$2.78,
NASDAQ:LUNG,4 Dec 2025,$3.40,3,$4.10,1,0.74,$2.26,50.44%,,,,$2.18,-3.54%,$0.00,-100.00%,$0.00,-100.00%,LUNG,NASDAQ:LUNG,-0.895,$3.40,20.59%
NYSE:LUXE,26 Mar 2026,$9.82,3,,,,$7.77,26.32%,,,,$0.00,-100.00%,$16.09,107.09%,$18.48,137.89%,LUXE,NYSE:LUXE,-1.000,$9.14,
NASDAQ:LWAY,27 Aug 2025,$25.66,2,,,0.81,$25.93,-1.04%,,,,$24.25,-6.48%,$0.00,-100.00%,$0.00,-100.00%,LWAY,NASDAQ:LWAY,-0.848,$34.50,
NASDAQ:LX,9 Sep 2025,$5.80,3,,7,1.66,$1.33,336.09%,,,,$1.33,0.00%,$0.00,-100.00%,$0.00,-100.00%,LX,NASDAQ:LX,-0.485,$3.49,
NYSE:LXFR,11 Nov 2025,$12.33,3,,5,1.72,$17.20,-28.34%,,,,$17.16,-0.23%,$24.81,44.23%,$17.96,4.39%,LXFR,NYSE:LXFR,-0.389,$18.75,
NYSE:LXU,22 Jan 2026,$9.49,3,$10.38,3,0.75,$11.12,-14.66%,,,,$10.10,-9.17%,$0.00,-100.00%,$0.00,-100.00%,LXU,NYSE:LXU,-0.852,$13.70,-24.23%
NYSE:LYG,10 Mar 2026,$4.90,3,,5,1.20,$6.02,-18.60%,,,,$5.89,-2.16%,-$66.53,-1205.17%,-$68.24,-1233.62%,LYG,NYSE:LYG,-0.618,$6.46,
NASDAQ:LYTS,5 Feb 2026,$23.01,3,$29.33,7,1.10,$20.34,13.12%,,,,$23.58,15.93%,$19.75,-2.91%,$23.20,14.04%,LYTS,NASDAQ:LYTS,-0.733,$30.33,-3.30%
NYSE:LZM,28 Oct 2025,$7.28,3,$8.00,6,0.71,$4.36,66.97%,,,,$3.80,-12.84%,$0.00,-100.00%,$0.00,-100.00%,LZM,NYSE:LZM,-0.906,$8.63,-7.30%
NYSE:M,17 Nov 2023,$28.11,3,,,0.93,$22.82,23.20%,,,,$22.87,0.22%,$13.81,-39.50%,$32.45,42.21%,M,NYSE:M,-0.718,$22.77,
NYSE:MAA,18 Sep 2025,$156.08,4,$158.89,4,1.48,$131.31,18.87%,,,,$130.36,-0.72%,$0.00,-100.00%,$0.00,-100.00%,MAA,NYSE:MAA,-0.498,$143.80,10.49%
NASDAQ:MAPS,9 Feb 2026,$1.32,3,,2,,,#DIV/0!,,,,,#DIV/0!,-$2.00,#DIV/0!,-$2.00,#DIV/0!,MAPS,NASDAQ:MAPS,-2.000,,
NASDAQ:MAR,23 Dec 2025,$276.62,2,$301.75,6,0.81,$356.39,-22.38%,,,,$351.11,-1.48%,$0.00,-100.00%,$0.00,-100.00%,MAR,NASDAQ:MAR,-0.788,$381.32,-20.87%
NYSE:MAS,9 Apr 2026,$74.88,5,$77.30,2,0.89,$73.29,2.17%,,,,$73.28,-0.01%,$0.00,-100.00%,$0.00,-100.00%,MAS,NYSE:MAS,-0.760,$80.65,-4.15%
NASDAQ:MASI,11 Dec 2025,$144.64,3,$188.40,8,,,#DIV/0!,,,,,#DIV/0!,-$2.00,#DIV/0!,-$2.00,#DIV/0!,MASI,NASDAQ:MASI,-2.000,,
NASDAQ:MASS,16 Dec 2025,$6.35,3,$8.00,6,0.68,$10.68,-40.54%,,,,$9.71,-9.08%,$0.00,-100.00%,$0.00,-100.00%,MASS,NASDAQ:MASS,-0.881,$13.00,-38.46%
NASDAQ:MAT,18 May 2026,$22.83,3,$16.20,6,0.67,$14.51,11.65%,,,,$14.09,-2.89%,$0.00,-100.00%,$0.00,-100.00%,MAT,NASDAQ:MAT,-0.892,$18.23,-11.14%
NASDAQ:MATW,12 Jun 2025,$31.87,5,,6,1.46,$21.27,49.82%,,,,$21.82,2.59%,$0.00,-100.00%,$0.00,-100.00%,MATW,NASDAQ:MATW,-0.572,$35.00,
NYSE:MATX,24 May 2026,$189.11,3,$213.00,6,0.75,$222.80,-15.12%,,,,$212.64,-4.56%,$0.00,-100.00%,$0.00,-100.00%,MATX,NYSE:MATX,-0.838,$261.67,-18.60%
NYSE:MAX,23 Aug 2025,$13.82,3,$15.83,3,0.47,$12.94,6.78%,,,,$12.43,-3.94%,$41.32,219.32%,$42.00,224.57%,MAX,NYSE:MAX,-0.970,$15.50,2.13%
NYSE:MBC,24 Dec 2024,$17.00,4,$23.00,4,0.71,$9.11,86.56%,,,,$8.74,-4.06%,$0.00,-100.00%,$0.00,-100.00%,MBC,NYSE:MBC,-0.853,$10.54,118.22%
NYSE:MBI,3 Jan 2025,$6.33,3,$6.75,2,0.76,$4.90,29.20%,,,,$4.61,-5.92%,$0.00,-100.00%,$0.00,-100.00%,MBI,NYSE:MBI,-0.886,$7.00,-3.57%
NASDAQ:MBIN,16 Mar 2026,$47.75,3,$48.50,4,1.04,$54.69,-12.69%,,,,$52.92,-3.24%,$0.00,-100.00%,$0.00,-100.00%,MBIN,NASDAQ:MBIN,-0.677,$56.50,-14.16%
NASDAQ:MBWM,24 Mar 2026,$55.58,3,$56.00,6,1.06,$59.61,-6.76%,,,,$58.94,-1.12%,$0.00,-100.00%,$0.00,-100.00%,MBWM,NASDAQ:MBWM,-0.674,$63.17,-11.35%
NYSE:MC,24 Oct 2025,$64.64,3,,,1.31,$68.29,-5.34%,,,,$66.21,-3.05%,$236.04,245.64%,$239.56,250.80%,MC,NYSE:MC,-0.561,$71.50,
NYSE:MCB,18 Nov 2025,$66.26,3,$88.00,4,0.75,$91.94,-27.93%,,,,$89.27,-2.90%,$0.00,-100.00%,$0.00,-100.00%,MCB,NYSE:MCB,-0.835,$106.00,-16.98%
NASDAQ:MCBS,24 Oct 2025,$30.06,3,$31.00,4,1.42,$35.60,-15.56%,,,,$35.20,-1.12%,$0.00,-100.00%,$0.00,-100.00%,MCBS,NASDAQ:MCBS,-0.517,$38.00,-18.42%
NYSE:MCD,18 Sep 2025,$295.53,3,$322.80,8,0.98,$270.95,9.07%,,,,$262.54,-3.10%,$0.00,-100.00%,$0.00,-100.00%,MCD,NYSE:MCD,-0.737,$316.06,2.13%
NASDAQ:MCHP,27 Jan 2026,$69.09,2,$81.39,8,1.13,$76.08,-9.18%,,,,$76.03,-0.07%,$0.00,-100.00%,$0.00,-100.00%,MCHP,NASDAQ:MCHP,-0.721,$109.21,-25.47%
NYSE:MCK,23 Aug 2024,$496.23,2,,,0.72,$858.90,-42.22%,,,,$830.87,-3.26%,$0.00,-100.00%,$0.00,-100.00%,MCK,NYSE:MCK,-0.848,$991.40,
NYSE:MCO,16 Sep 2025,$491.12,3,,,0.69,$503.32,-2.42%,,,,$474.07,-5.81%,$692.65,37.62%,$739.38,46.90%,MCO,NYSE:MCO,-0.853,$560.48,
NYSE:MD,2 May 2025,$17.20,4,$18.10,6,0.86,$26.57,-35.26%,,,,$24.80,-6.66%,$0.00,-100.00%,$0.00,-100.00%,MD,NYSE:MD,-0.748,$26.17,-30.84%
NYSE:MDT,14 Jan 2026,$99.63,3,$111.63,6,1.49,$93.35,6.73%,,,,$91.39,-2.10%,$160.28,71.69%,$192.83,106.57%,MDT,NYSE:MDT,-0.483,$98.44,13.40%
NASDAQ:MDWD,1 Sep 2025,$18.47,3,$30.00,4,,$13.21,39.83%,,,,,-100.00%,-$2.00,-115.14%,-$2.00,-115.14%,MDWD,NASDAQ:MDWD,-2.000,,
NYSE:MED,23 Dec 2025,$14.30,3,,4,0.54,$11.95,19.70%,,,,$10.99,-8.03%,$0.00,-100.00%,$0.00,-100.00%,MED,NYSE:MED,-0.893,$12.00,
NYSE:MEI,19 Mar 2025,$11.38,3,$11.50,4,1.08,$14.28,-20.28%,,,,$14.02,-1.82%,$16.30,14.14%,$19.34,35.41%,MEI,NYSE:MEI,-0.732,$19.33,-40.51%
NASDAQ:MELI,29 Aug 2025,"$2,075.00",2,,,0.65,"$1,922.73",7.92%,,,,"$1,723.95",-10.34%,$0.00,-100.00%,$0.00,-100.00%,MELI,NASDAQ:MELI,-0.882,"$2,256.54",
NASDAQ:MERC,9 Apr 2025,$9.51,3,$7.00,5,,$0.43,1527.91%,,,,,-100.00%,-$2.00,-565.12%,-$2.00,-565.12%,MERC,NASDAQ:MERC,-2.000,,
NASDAQ:MESO,11 Dec 2025,$18.44,3,,,0.83,$17.00,8.47%,,,,$16.39,-3.59%,$0.00,-100.00%,$0.00,-100.00%,MESO,NASDAQ:MESO,-0.853,$35.00,
NASDAQ:META,19 Jul 2024,$436.35,2,,,0.82,$549.90,-20.65%,,,,$524.90,-4.55%,$0.00,-100.00%,$0.00,-100.00%,META,NASDAQ:META,-0.853,$754.14,
NASDAQ:METC,16 Jun 2025,$18.15,3,$13.00,2,0.89,$11.90,9.24%,,,,$11.39,-4.29%,$0.00,-100.00%,$0.00,-100.00%,METC,NASDAQ:METC,-0.825,$18.62,-30.18%
NYSE:MFG,19 Nov 2025,$6.09,2,,,1.07,$10.28,-40.76%,,,,$10.01,-2.63%,$0.00,-100.00%,$0.00,-100.00%,MFG,NYSE:MFG,-0.662,$10.48,
NASDAQ:MGEE,29 Jan 2025,$79.73,3,$76.50,7,0.90,$78.66,-2.75%,,,,$80.05,1.77%,$0.00,-100.00%,$0.00,-100.00%,MGEE,NASDAQ:MGEE,-0.730,$78.25,-2.24%
NASDAQ:MGNX,23 Dec 2025,$2.57,3,$3.00,2,0.71,$4.10,-37.21%,,,,$3.98,-2.93%,$0.00,-100.00%,$0.00,-100.00%,MGNX,NASDAQ:MGNX,-0.905,$7.25,-58.62%
NASDAQ:MGPI,19 Jun 2025,$49.20,3,$38.50,6,1.18,$18.06,113.18%,,,,$17.47,-3.27%,$0.00,-100.00%,$0.00,-100.00%,MGPI,NASDAQ:MGPI,-0.699,$27.80,38.49%
NYSE:MGY,27 Jan 2026,$27.84,4,$26.85,6,1.11,$28.14,-4.58%,,,,$26.88,-4.48%,$0.00,-100.00%,$0.00,-100.00%,MGY,NYSE:MGY,-0.679,$32.82,-18.19%
NYSE:MHO,18 Mar 2026,$159.41,5,$165.00,4,0.91,$152.37,4.62%,,,,$150.71,-1.09%,$0.00,-100.00%,$0.00,-100.00%,MHO,NYSE:MHO,-0.755,$170.67,-3.32%
NASDAQ:MIDD,28 Apr 2026,$161.75,5,$180.00,6,2.04,$115.48,40.06%,,,,$112.58,-2.51%,$0.00,-100.00%,$0.00,-100.00%,MIDD,NASDAQ:MIDD,-0.302,$154.89,16.21%
NYSE:MIR,19 Nov 2025,$18.40,2,$31.83,9,0.77,$14.82,24.14%,,,,$14.85,0.20%,$19.53,31.79%,$27.55,85.88%,MIR,NYSE:MIR,-0.881,$24.70,28.87%
NASDAQ:MITK,27 Jan 2026,$157.37,5,$14.67,9,0.82,$18.56,-20.96%,,,,$18.01,-2.96%,$0.00,-100.00%,$0.00,-100.00%,MITK,NASDAQ:MITK,-0.818,$22.62,-35.15%
NYSE:MKC,23 Dec 2025,$74.06,5,$78.11,5,0.94,$55.41,33.66%,,,,$54.50,-1.64%,$104.05,87.79%,$122.28,120.67%,MKC,NYSE:MKC,-0.735,$60.62,28.85%
NASDAQ:MKSI,30 Jan 2026,$186.47,1,$225.25,10,0.90,$279.11,-33.19%,,,,$272.72,-2.29%,$0.00,-100.00%,$0.00,-100.00%,MKSI,NASDAQ:MKSI,-0.821,$413.62,-45.54%
NASDAQ:MKTX,23 Aug 2025,$211.29,4,$232.14,4,0.51,$162.11,30.34%,,,,$156.95,-3.18%,$0.00,-100.00%,$0.00,-100.00%,MKTX,NASDAQ:MKTX,-0.903,$158.00,46.92%
NASDAQ:MLKN,20 Sep 2024,$28.93,3,,,1.37,$23.03,25.63%,,,,$22.88,-0.65%,$33.65,46.10%,$19.09,-17.09%,MLKN,NASDAQ:MLKN,-0.612,$35.00,
NYSE:MNR,22 Jan 2026,$25.78,3,$20.00,7,2.21,$12.71,57.36%,,,,$12.71,0.00%,$0.00,-100.00%,$0.00,-100.00%,MNR,NYSE:MNR,-0.237,$17.71,12.93%
NASDAQ:MNRO,6 Jun 2025,$30.40,3,$17.67,8,1.40,$12.55,40.80%,,,,$11.87,-5.42%,$4.94,-60.63%,$20.56,63.85%,MNRO,NASDAQ:MNRO,-0.600,$22.00,-19.68%
NYSE:MNSO,1 Sep 2025,$24.84,3,$26.94,8,1.32,$11.02,125.37%,,,,$10.72,-2.72%,$40.78,270.10%,$40.78,270.10%,MNSO,NYSE:MNSO,-0.637,$19.02,41.64%
NYSE:MO,17 Mar 2026,$65.79,3,$68.00,4,1.85,$66.09,-0.45%,,,,$65.26,-1.26%,$0.00,-100.00%,$0.00,-100.00%,MO,NYSE:MO,-0.323,$70.00,-2.86%
NASDAQ:MOFG,2 Oct 2025,$33.83,3,$34.50,5,,,#DIV/0!,,,,,#DIV/0!,-$2.00,#DIV/0!,-$2.00,#DIV/0!,MOFG,NASDAQ:MOFG,-2.000,,
NYSE:MOS,23 Dec 2025,$27.76,5,$33.54,7,0.94,$24.41,13.70%,,,,$21.31,-12.70%,$0.00,-100.00%,$0.00,-100.00%,MOS,NYSE:MOS,-0.741,$27.26,23.04%
NYSE:MOV,26 Mar 2026,$28.60,4,$30.75,7,1.30,$34.81,-17.85%,,,,$35.19,1.09%,$53.76,54.45%,$59.49,70.89%,MOV,NYSE:MOV,-0.636,$47.50,-35.26%
NASDAQ:MPB,19 Mar 2026,$32.84,3,$37.00,7,1.34,$37.24,-11.82%,,,,$36.82,-1.13%,$0.00,-100.00%,$0.00,-100.00%,MPB,NASDAQ:MPB,-0.556,$40.33,-8.26%
NYSE:MPLX,16 Jun 2026,$55.67,1,,,2.03,$58.41,-4.69%,,,,$59.03,1.06%,$0.00,-100.00%,$0.00,-100.00%,MPLX,NYSE:MPLX,-0.243,$61.92,
NYSEAMERICAN:MPTI,11 Feb 2026,$62.49,,,6,,$81.01,-22.86%,,,,,-100.00%,-$2.00,-102.47%,-$2.00,-102.47%,MPTI,NYSEAMERICAN:MPTI,-2.000,,
NASDAQ:MPWR,26 Jan 2026,$897.84,2,,,0.76,"$1,316.28",-31.79%,,,,"$1,233.84",-6.26%,$0.00,-100.00%,$0.00,-100.00%,MPWR,NASDAQ:MPWR,-0.884,"$1,829.54",
NASDAQ:MRAM,19 Jan 2026,$10.62,3,$10.50,8,0.78,$17.11,-38.63%,,,,$16.41,-4.09%,$0.00,-100.00%,$0.00,-100.00%,MRAM,NASDAQ:MRAM,-0.876,$25.67,-59.10%
NASDAQ:MRVL,15 Jan 2026,$93.91,4,$119.56,10,0.61,$237.04,-60.38%,,,,$222.03,-6.33%,$257.99,8.84%,$276.69,16.73%,MRVL,NASDAQ:MRVL,-0.882,$256.91,-53.46%
NASDAQ:MRX,10 Sep 2025,$29.58,2,,,0.65,$72.99,-59.48%,,,,$68.31,-6.41%,$0.00,-100.00%,$0.00,-100.00%,MRX,NASDAQ:MRX,-0.866,$79.88,
NYSE:MS,27 Aug 2025,$131.18,2,,,1.08,$214.20,-38.76%,,,,$213.09,-0.52%,$0.00,-100.00%,$0.00,-100.00%,MS,NYSE:MS,-0.677,$236.62,
NYSE:MSB,1 Sep 2025,$30.89,1,,,,$22.77,35.66%,,,,,-100.00%,-$2.00,-108.78%,-$2.00,-108.78%,MSB,NYSE:MSB,-2.000,,
NASDAQ:MSBI,2 Oct 2025,$21.79,3,$20.67,3,1.91,$32.85,-37.08%,,,,$32.31,-1.64%,$0.00,-100.00%,$0.00,-100.00%,MSBI,NASDAQ:MSBI,-0.289,$33.25,-37.83%
NYSE:MSCI,24 Oct 2025,$568.24,3,,,0.87,$563.49,0.84%,,,,$550.41,-2.32%,$775.90,37.70%,$817.22,45.03%,MSCI,NYSE:MSCI,-0.799,$692.06,
NASDAQ:MSFT,26 Jan 2026,$49.22,3,,,0.86,$483.24,-89.81%,,,,$471.03,-2.53%,$614.92,27.25%,$671.01,38.86%,MSFT,NASDAQ:MSFT,-0.793,$569.56,
NYSE:MSI,2 Feb 2026,$451.69,3,$462.25,8,0.61,$480.47,-5.99%,,,,$456.48,-4.99%,$0.00,-100.00%,$0.00,-100.00%,MSI,NYSE:MSI,-0.883,$522.73,-11.57%
NASDAQ:MSTR,9 Feb 2026,$240.05,3,$361.73,4,0.84,$119.25,101.30%,,,,$92.17,-22.71%,$0.00,-100.00%,$0.00,-100.00%,MSTR,NASDAQ:MSTR,-0.849,$229.07,57.91%
NYSE:MT,29 Apr 2026,$53.35,2,$66.60,9,0.89,$72.20,-26.10%,,,,$70.76,-1.99%,$0.00,-100.00%,$0.00,-100.00%,MT,NYSE:MT,-0.750,$76.20,-12.60%
NYSE:MTB,20 Oct 2025,$182.98,3,$219.71,4,1.13,$240.34,-23.87%,,,,$249.04,3.62%,$0.00,-100.00%,$0.00,-100.00%,MTB,NYSE:MTB,-0.645,$255.97,-14.17%
NYSE:MTDR,19 Aug 2025,$64.64,3,$62.88,4,0.97,$58.38,7.71%,,,,$56.63,-3.00%,$0.00,-100.00%,$0.00,-100.00%,MTDR,NYSE:MTDR,-0.740,$68.37,-8.03%
NYSE:MTG,16 Jul 2024,$24.62,3,,,1.33,$30.90,-20.33%,,,,$31.02,0.39%,$59.69,93.18%,$60.15,94.67%,MTG,NYSE:MTG,-0.542,$31.00,
NASDAQ:MTRX,23 Jan 2026,$15.94,3,,1,0.89,$11.07,43.96%,,,,$11.12,0.45%,$42.33,282.40%,$45.33,309.45%,MTRX,NASDAQ:MTRX,-0.825,$20.00,
NASDAQ:MTSI,27 Jan 2026,$193.58,2,$204.75,8,0.86,$266.61,-27.39%,,,,$262.40,-1.58%,$0.00,-100.00%,$0.00,-100.00%,MTSI,NASDAQ:MTSI,-0.840,$399.64,-48.77%
NYSE:MTW,20 Sep 2024,$13.92,3,,,0.49,$19.68,-29.27%,,,,$18.51,-5.95%,$0.00,-100.00%,$0.00,-100.00%,MTW,NYSE:MTW,-0.851,$14.00,
NYSE:MTZ,4 Sep 2024,$99.99,3,,,1.02,$266.26,-62.45%,,,,$275.21,3.36%,$316.30,18.79%,$322.52,21.13%,MTZ,NYSE:MTZ,-0.768,$422.00,
NYSE:MUFG,21 Oct 2025,$13.65,3,,10,1.01,$22.04,-38.07%,,,,$21.28,-3.45%,$0.00,-100.00%,$0.00,-100.00%,MUFG,NYSE:MUFG,-0.679,$21.59,
NYSE:MUX,20 Aug 2025,$12.92,3,$15.83,6,0.94,$20.78,-37.81%,,,,$18.83,-9.38%,$0.00,-100.00%,$0.00,-100.00%,MUX,NYSE:MUX,-0.804,$31.00,-48.94%
NASDAQ:MVIS,5 Feb 2026,$1.11,4,,1,0.91,$1.66,-32.89%,,,,$1.68,1.20%,$0.00,-100.00%,$0.00,-100.00%,MVIS,NASDAQ:MVIS,-0.776,$2.00,
NYSE:MWA,13 Nov 2025,$22.51,2,$27.20,1,0.86,$24.94,-9.76%,,,,$23.98,-3.85%,$0.00,-100.00%,$0.00,-100.00%,MWA,NYSE:MWA,-0.805,$31.00,-12.26%
NYSE:MX,9 Feb 2026,$4.11,3,,3,0.64,$3.31,24.17%,,,,$3.18,-3.93%,$3.15,-4.79%,$5.17,56.32%,MX,NYSE:MX,-0.895,$4.00,
NASDAQ:MXCT,23 Dec 2025,$2.30,3,$6.84,,0.92,$1.38,66.38%,,,,$1.25,-9.42%,$0.00,-100.00%,$0.00,-100.00%,MXCT,NASDAQ:MXCT,-0.812,$4.11,66.42%
NASDAQ:MXL,19 Jan 2026,$27.04,4,$22.00,4,0.75,$66.61,-66.97%,,,,$64.35,-3.39%,$63.37,-4.86%,$68.68,3.10%,MXL,NASDAQ:MXL,-0.887,$94.55,-76.73%
NYSEAMERICAN:MYO,16 Dec 2025,$1.00,1,,,,$1.73,-42.20%,,,,,-100.00%,-$2.00,-215.61%,-$2.00,-215.61%,MYO,NYSEAMERICAN:MYO,-2.000,,
NASDAQ:MYRG,25 Sep 2024,$129.33,3,,,0.90,$310.87,-58.40%,,,,$304.66,-2.00%,$429.80,38.26%,$482.13,55.09%,MYRG,NASDAQ:MYRG,-0.791,$392.50,
NYSE:NABL,5 Feb 2026,$8.30,3,$9.65,5,0.85,$3.63,128.54%,,,,$3.30,-9.09%,$0.00,-100.00%,$0.00,-100.00%,NABL,NYSE:NABL,-0.821,$4.68,106.20%
NYSEAMERICAN:NAK,3 Sep 2025,$1.18,,$2.50,4,,$1.74,-32.18%,,,,,-100.00%,-$2.00,-214.94%,-$2.00,-214.94%,NAK,NYSEAMERICAN:NAK,-2.000,,
NASDAQ:NAVI,23 Aug 2025,$18.59,4,$13.20,6,1.03,$9.45,39.68%,,,,$8.99,-4.87%,$0.00,-100.00%,$0.00,-100.00%,NAVI,NASDAQ:NAVI,-0.667,$9.07,45.53%
NASDAQ:NB,12 Aug 2025,$5.09,3,,,0.99,$4.64,9.61%,,,,$4.34,-6.47%,$0.00,-100.00%,$0.00,-100.00%,NB,NASDAQ:NB,-0.781,$11.90,
NASDAQ:NBBK,28 Nov 2025,$21.28,3,$22.00,9,1.09,$21.98,-3.18%,,,,$21.65,-1.50%,$0.00,-100.00%,$0.00,-100.00%,NBBK,NASDAQ:NBBK,-0.685,$25.50,-13.73%
NYSE:NBHC,6 Oct 2025,$47.71,4,$44.75,5,1.40,$41.85,6.93%,,,,$41.54,-0.74%,$0.00,-100.00%,$0.00,-100.00%,NBHC,NYSE:NBHC,-0.545,$48.50,-7.73%
NASDAQ:NBN,27 May 2026,$126.48,3,$130.50,8,0.78,$130.50,-3.08%,,,,$126.70,-2.91%,$0.00,-100.00%,$0.00,-100.00%,NBN,NASDAQ:NBN,-0.810,$143.50,-9.06%
NASDAQ:NBTB,2 Oct 2025,$49.04,3,$50.67,4,1.37,$52.09,-5.86%,,,,$51.45,-1.23%,$0.00,-100.00%,$0.00,-100.00%,NBTB,NASDAQ:NBTB,-0.543,$56.83,-10.84%
NASDAQ:NCNA,7 Jul 2025,$0.15,3,,,,$1.52,-90.46%,,,,,-100.00%,-$2.00,-231.58%,-$2.00,-231.58%,NCNA,NASDAQ:NCNA,-2.000,,
NASDAQ:NECB,2 Oct 2025,$25.63,3,$25.00,2,1.22,$26.37,-5.20%,,,,$26.10,-1.02%,$0.00,-100.00%,$0.00,-100.00%,NECB,NASDAQ:NECB,-0.620,$29.75,-15.97%
NYSE:NEM,21 Jul 2025,$58.12,3,$67.81,10,0.78,$131.58,-55.83%,,,,$121.10,-7.96%,$207.58,57.76%,$355.17,169.93%,NEM,NYSE:NEM,-0.789,$132.44,-48.80%
NASDAQ:NEO,2 Sep 2025,$7.13,3,$9.83,6,0.96,$16.98,-57.99%,,,,$15.85,-6.65%,$15.62,-8.00%,$20.63,21.52%,NEO,NASDAQ:NEO,-0.741,$19.72,-50.15%
NYSE:NET,22 Jan 2026,$169.89,3,$246.25,6,0.59,$293.14,-42.04%,,,,$277.40,-5.37%,$0.00,-100.00%,$0.00,-100.00%,NET,NYSE:NET,-0.900,$333.55,-26.17%
NASDAQ:NEWT,19 Nov 2025,$11.21,4,$14.38,4,1.37,$12.53,-10.53%,,,,$12.44,-0.72%,$0.00,-100.00%,$0.00,-100.00%,NEWT,NASDAQ:NEWT,-0.576,$15.50,-7.23%
NASDAQ:NFLX,8 Jul 2024,$571.61,2,,,0.75,$79.59,618.19%,,,,$76.41,-4.00%,$99.03,24.42%,$167.38,110.31%,NFLX,NASDAQ:NFLX,-0.838,$93.42,
NYSE:NGG,19 Sep 2025,$70.94,3,$78.00,8,,$79.76,-11.06%,,,,,-100.00%,-$2.00,-102.51%,-$2.00,-102.51%,NGG,NYSE:NGG,-2.000,,
NYSE:NGL,22 Jan 2026,$10.10,1,,,0.53,$16.81,-39.92%,,,,$16.35,-2.74%,$0.00,-100.00%,$0.00,-100.00%,NGL,NYSE:NGL,-0.807,$5.00,
NYSE:NGVC,20 Mar 2026,$44.77,3,,4,1.08,$27.62,62.08%,,,,$27.07,-1.99%,$0.00,-100.00%,$0.00,-100.00%,NGVC,NYSE:NGVC,-0.744,$44.67,
NYSE:NGVT,2 Oct 2025,$58.97,4,$60.67,7,0.99,$70.27,-16.08%,,,,$70.07,-0.28%,$80.72,14.87%,$100.25,42.67%,NGVT,NYSE:NGVT,-0.751,$89.00,-31.83%
NYSE:NIC,2 Oct 2025,$118.87,3,$139.67,4,0.86,$173.23,-31.38%,,,,$169.71,-2.03%,$0.00,-100.00%,$0.00,-100.00%,NIC,NYSE:NIC,-0.773,$191.80,-27.18%
NASDAQ:NICE,11 Feb 2026,$180.97,3,$158.57,6,1.05,$100.24,58.19%,,,,$97.35,-2.88%,$0.00,-100.00%,$0.00,-100.00%,NICE,NASDAQ:NICE,-0.723,$125.85,26.00%
NYSE:NIO,15 Dec 2025,$5.32,3,$6.36,6,0.70,$4.63,14.92%,,,,$4.34,-6.26%,-$2.64,-156.92%,$1.21,-73.76%,NIO,NYSE:NIO,-0.911,$7.36,-13.59%
NASDAQ:NIU,15 Dec 2025,$4.01,4,,5,,$1.95,105.71%,,,,,-100.00%,-$2.00,-202.56%,-$2.00,-202.56%,NIU,NASDAQ:NIU,-2.000,,
NYSE:NKE,26 Mar 2026,$81.79,5,$73.31,3,1.20,$40.76,79.86%,,,,$40.02,-1.82%,$61.61,51.15%,$68.03,66.91%,NKE,NYSE:NKE,-0.653,$50.66,44.71%
NYSE:NLOP,7 Aug 2026,$11.85,3,,6,4.47,$11.61,2.07%,2.07%,$11.85,$46.00,$12.11,4.31%,$0.00,-100.00%,$0.00,-100.00%,NLOP,NYSE:NLOP,0.765,$46.00,
NASDAQ:NMFC,10 Jun 2024,$13.42,3,,,1.32,$7.56,77.51%,,,,$7.44,-1.59%,$0.00,-100.00%,$0.00,-100.00%,NMFC,NASDAQ:NMFC,-0.570,$8.29,
NASDAQ:NMIH,6 Mar 2024,$30.63,3,,,0.89,$45.16,-32.17%,,,,$44.83,-0.73%,"-$16,057.32",-35656.52%,"-$16,055.13",-35651.66%,NMIH,NASDAQ:NMIH,-0.759,$49.17,
NYSE:NMM,5 Mar 2026,$85.02,4,,,0.76,$88.78,-4.24%,,,,$81.57,-8.12%,$51.77,-41.69%,$154.29,73.79%,NMM,NYSE:NMM,-0.803,$92.75,
NYSE:NMR,15 Oct 2025,$6.87,3,,7,1.57,$9.72,-29.32%,,,,$9.51,-2.16%,"$4,806.43",49348.84%,"$5,112.45",52497.27%,NMR,NYSE:NMR,-0.450,$10.31,
NASDAQ:NNE,28 Oct 2025,$34.69,3,,,0.87,$18.85,84.03%,,,,$17.63,-6.47%,$0.00,-100.00%,$0.00,-100.00%,NNE,NASDAQ:NNE,-0.838,$40.83,
NYSE:NNN,16 Sep 2025,$49.73,5,$44.93,5,1.26,$45.83,-1.96%,,,,$45.63,-0.44%,$0.00,-100.00%,$0.00,-100.00%,NNN,NYSE:NNN,-0.583,$47.80,-6.00%
NYSE:NOA,23 Jul 2026,$16.74,4,$18.93,7,1.36,$14.02,19.38%,,,,$13.48,-3.85%,$0.00,-100.00%,$0.00,-100.00%,NOA,NYSE:NOA,-0.618,$27.00,-29.89%
NYSE:NOG,19 Sep 2025,$38.23,3,$30.29,2,1.67,$27.34,10.79%,,,,$25.59,-6.40%,$0.00,-100.00%,$0.00,-100.00%,NOG,NYSE:NOG,-0.413,$30.22,0.23%
NYSE:NOK,28 Jan 2026,$6.27,3,$7.69,8,1.02,$10.21,-38.60%,,,,$9.93,-2.74%,$11.95,17.01%,$14.00,37.12%,NOK,NYSE:NOK,-0.769,$15.02,-48.80%
NYSE:NOMD,27 Apr 2026,$15.76,3,$12.80,5,1.41,$11.81,8.38%,,,,$11.46,-2.96%,$0.00,-100.00%,$0.00,-100.00%,NOMD,NYSE:NOMD,-0.541,$13.68,-6.43%
NYSE:NOTE,13 Nov 2025,$4.93,3,$6.00,4,,,#DIV/0!,,,,,#DIV/0!,-$2.00,#DIV/0!,-$2.00,#DIV/0!,NOTE,NYSE:NOTE,-2.000,,
NYSE:NOV,21 Jul 2025,$17.42,3,$15.75,4,1.10,$20.42,-22.87%,,,,$20.38,-0.20%,$37.66,84.42%,$19.55,-4.25%,NOV,NYSE:NOV,-0.665,$22.18,-28.99%
NASDAQ:NOVT,30 Jan 2026,$158.93,3,$138.00,6,0.90,$145.24,-4.98%,,,,$153.70,5.82%,$0.00,-100.00%,$0.00,-100.00%,NOVT,NASDAQ:NOVT,-0.809,$194.50,-29.05%
NASDAQ:NPCE,11 Dec 2025,$17.05,3,$18.40,5,0.87,$14.03,21.56%,,,,$14.14,0.78%,$0.00,-100.00%,$0.00,-100.00%,NPCE,NASDAQ:NPCE,-0.837,$20.22,-9.00%
NYSE:NPO,29 Oct 2025,$196.10,1,$245.00,5,0.80,$312.59,-37.27%,,,,$310.38,-0.71%,$0.00,-100.00%,$0.00,-100.00%,NPO,NYSE:NPO,-0.833,$389.50,-37.10%
NYSE:NPWR,11 Nov 2025,$5.54,3,$4.00,3,0.84,$1.70,135.29%,,,,$1.59,-6.47%,$0.00,-100.00%,$0.00,-100.00%,NPWR,NYSE:NPWR,-0.848,$3.13,27.80%
NYSE:NRG,18 Sep 2025,$102.90,1,,,0.95,$113.11,-9.03%,,,,$113.53,0.37%,$0.00,-100.00%,$0.00,-100.00%,NRG,NYSE:NRG,-0.799,$189.44,
NASDAQ:NRIM,27 May 2026,$24.39,3,,6,1.75,$25.80,-5.47%,,,,$25.76,-0.16%,$0.00,-100.00%,$0.00,-100.00%,NRIM,NASDAQ:NRIM,-0.395,$30.50,
NYSE:NSA,19 Aug 2025,$45.71,3,$33.59,2,,,#DIV/0!,,,,,#DIV/0!,-$2.00,#DIV/0!,-$2.00,#DIV/0!,NSA,NYSE:NSA,-2.000,,
NYSE:NSC,31 May 2024,$224.71,3,,,0.96,$350.72,-35.93%,,,,$339.24,-3.27%,$313.99,-10.47%,$379.25,8.13%,NSC,NYSE:NSC,-0.714,$365.28,
NASDAQ:NSIT,11 Feb 2026,$144.78,3,$100.00,6,0.69,$147.39,-32.15%,,,,$143.37,-2.73%,$0.00,-100.00%,$0.00,-100.00%,NSIT,NASDAQ:NSIT,-0.853,$163.75,-38.93%
NASDAQ:NTCT,19 Jan 2026,$29.00,3,$32.00,8,0.58,$38.49,-24.66%,,,,$36.59,-4.94%,$0.00,-100.00%,$0.00,-100.00%,NTCT,NASDAQ:NTCT,-0.905,$43.38,-26.23%
NASDAQ:NTGR,5 Feb 2026,$23.48,3,,,0.65,$21.02,11.69%,,,,$20.74,-1.33%,$0.00,-100.00%,$0.00,-100.00%,NTGR,NASDAQ:NTGR,-0.934,$35.00,
NASDAQ:NTLA,20 Nov 2025,$23.74,3,$15.97,5,0.86,$12.84,24.38%,,,,$11.75,-8.49%,$0.00,-100.00%,$0.00,-100.00%,NTLA,NASDAQ:NTLA,-0.841,$23.94,-33.29%
NYSE:NU,21 Oct 2025,$17.44,3,$17.38,9,1.09,$14.58,19.20%,,,,$14.07,-3.50%,$0.00,-100.00%,$0.00,-100.00%,NU,NYSE:NU,-0.713,$18.63,-6.71%
NYSE:NUE,20 Aug 2024,$172.03,4,,,0.99,$243.63,-29.39%,,,,$235.54,-3.32%,$0.00,-100.00%,$0.00,-100.00%,NUE,NYSE:NUE,-0.731,$283.56,
NASDAQ:NVA,11 Dec 2025,$9.58,3,,7,,,#DIV/0!,,,,,#DIV/0!,-$2.00,#DIV/0!,-$2.00,#DIV/0!,NVA,NASDAQ:NVA,-2.000,,
NASDAQ:NVAX,23 Dec 2025,$9.60,3,$10.00,6,0.82,$8.94,7.40%,,,,$8.00,-10.51%,$0.00,-100.00%,$0.00,-100.00%,NVAX,NASDAQ:NVAX,-0.858,$14.00,-28.57%
NASDAQ:NVCR,11 Dec 2025,$13.87,3,$27.00,2,0.93,$17.10,-18.89%,,,,$17.06,-0.23%,$14.83,-13.29%,$15.41,-9.87%,NVCR,NASDAQ:NVCR,-0.808,$27.14,-0.52%
NASDAQ:NVDA,4 Jan 2026,$195.15,3,$262.79,8,1.19,$214.72,-9.12%,,,,$214.44,-0.13%,$333.91,55.51%,$336.41,56.67%,NVDA,NASDAQ:NVDA,-0.695,$302.83,-13.22%
NASDAQ:NVEC,19 Jan 2026,$71.83,4,,2,0.77,$109.89,-34.63%,,,,$103.18,-6.11%,$150.64,37.08%,$152.24,38.54%,NVEC,NASDAQ:NVEC,-0.729,$79.00,
NASDAQ:NVMI,24 Oct 2025,$305.31,3,$328.75,7,1.17,$376.99,-19.01%,,,,$370.56,-1.71%,$0.00,-100.00%,$0.00,-100.00%,NVMI,NASDAQ:NVMI,-0.701,$532.00,-38.20%
NYSE:NVO,20 Aug 2025,$67.89,3,$68.50,6,1.58,$46.74,45.26%,,,,$45.89,-1.82%,$0.00,-100.00%,$0.00,-100.00%,NVO,NYSE:NVO,-0.433,$47.16,45.25%
NYSE:NVR,8 Jul 2024,"$6,194.00",2,,,0.60,"$6,358.51",-2.59%,,,,"$6,052.86",-4.81%,$0.00,-100.00%,$0.00,-100.00%,NVR,NYSE:NVR,-0.881,"$6,780.00",
NYSE:NVRI,31 May 2024,$10.35,3,,,0.72,$20.65,-49.90%,,,,$19.54,-5.38%,$0.00,-100.00%,$0.00,-100.00%,NVRI,NYSE:NVRI,-0.899,$28.67,
NYSE:NVST,20 Aug 2025,$24.25,4,$22.30,9,0.72,$27.20,-18.01%,,,,$26.91,-1.07%,$0.00,-100.00%,$0.00,-100.00%,NVST,NYSE:NVST,-0.840,$30.57,-27.05%
NYSE:NVT,19 Aug 2025,$88.41,3,,,0.92,$151.98,-41.83%,,,,$160.65,5.70%,$0.00,-100.00%,$0.00,-100.00%,NVT,NYSE:NVT,-0.797,$202.73,
NASDAQ:NVTS,5 Feb 2026,$8.26,3,$8.00,5,0.66,$12.97,-38.32%,,,,$12.12,-6.55%,$14.25,9.86%,$15.18,17.05%,NVTS,NASDAQ:NVTS,-0.859,$14.07,-43.14%
NASDAQ:NVX,11 Dec 2025,$1.56,3,,4,,$0.41,280.49%,,,,,-100.00%,-$2.00,-587.80%,-$2.00,-587.80%,NVX,NASDAQ:NVX,-2.000,,
NASDAQ:NWBI,18 Mar 2026,$14.02,3,$13.00,7,2.28,$15.42,-15.69%,,,,$15.41,-0.06%,$0.00,-100.00%,$0.00,-100.00%,NWBI,NASDAQ:NWBI,-0.136,$16.57,-21.54%
NYSE:NWG,27 May 2026,$16.57,3,$18.20,9,2.09,$18.62,-10.99%,,,,$18.55,-0.38%,$0.00,-100.00%,$0.00,-100.00%,NWG,NYSE:NWG,-0.239,$21.54,-15.51%
NYSE:NWN,6 Feb 2026,$46.99,3,$53.50,7,1.75,$49.42,-4.92%,,,,$50.70,2.59%,$0.00,-100.00%,$0.00,-100.00%,NWN,NYSE:NWN,-0.394,$57.40,-6.79%
NYSE:NX,16 Aug 2025,$26.24,3,,1,1.55,$20.28,29.40%,,,,$20.39,0.54%,$5.63,-72.23%,$31.54,55.53%,NX,NYSE:NX,-0.521,$27.25,
NYSE:NXE,24 Oct 2025,$8.68,3,,,1.11,$10.86,-20.07%,,,,$10.19,-6.17%,$0.00,-100.00%,$0.00,-100.00%,NXE,NYSE:NXE,-0.727,$19.38,
NASDAQ:NXPI,27 Jan 2026,$261.92,5,$258.76,9,1.85,$225.56,14.72%,,,,$225.58,0.01%,$317.92,40.95%,$354.15,57.01%,NXPI,NASDAQ:NXPI,-0.395,$311.10,-16.82%
NYSE:NXRT,25 Aug 2025,$38.18,4,$36.33,3,1.28,$24.50,48.29%,,,,$23.59,-3.71%,$0.00,-100.00%,$0.00,-100.00%,NXRT,NYSE:NXRT,-0.609,$29.50,23.15%
NASDAQ:NXTC,28 Oct 2025,$22.52,3,$20.00,,0.85,$6.29,217.97%,,,,$6.45,2.54%,$0.00,-100.00%,$0.00,-100.00%,NXTC,NASDAQ:NXTC,-0.846,$22.50,-11.11%
NYSE:O,23 Sep 2025,$70.69,5,$62.00,9,1.60,$62.60,-0.96%,,,,$62.58,-0.03%,$0.00,-100.00%,$0.00,-100.00%,O,NYSE:O,-0.443,$68.21,-9.10%
NYSE:OBK,10 Mar 2026,$48.92,3,$46.67,5,1.34,$52.89,-11.76%,,,,$52.26,-1.19%,$0.00,-100.00%,$0.00,-100.00%,OBK,NYSE:OBK,-0.560,$58.60,-20.36%
NASDAQ:OBT,2 Oct 2025,$34.16,3,$29.00,4,1.17,$37.99,-23.66%,,,,$37.34,-1.71%,$0.00,-100.00%,$0.00,-100.00%,OBT,NASDAQ:OBT,-0.645,$43.00,-32.56%
NYSE:OC,30 Sep 2024,$164.18,3,,,1.00,$148.06,10.89%,,,,$148.82,0.51%,$0.00,-100.00%,$0.00,-100.00%,OC,NYSE:OC,-0.728,$175.57,
NASDAQ:OCC,10 Feb 2026,$3.85,3,,3,,$13.85,-72.17%,,,,,-100.00%,-$2.00,-114.44%,-$2.00,-114.44%,OCC,NASDAQ:OCC,-2.000,,
NYSE:OFG,27 May 2026,$53.57,3,$47.00,7,1.41,$52.23,-10.01%,,,,$51.28,-1.82%,$0.00,-100.00%,$0.00,-100.00%,OFG,NYSE:OFG,-0.526,$56.50,-16.81%
NYSE:OGE,22 Jan 2026,$43.01,2,$46.14,7,1.23,$45.62,-5.71%,,,,$46.36,1.62%,$19.44,-57.38%,$50.82,11.39%,OGE,NYSE:OGE,-0.610,$50.64,-8.89%
NYSE:OGS,19 Jun 2026,$79.20,3,$87.00,5,1.31,$78.83,0.47%,,,,$80.80,2.50%,$0.00,-100.00%,$0.00,-100.00%,OGS,NYSE:OGS,-0.582,$90.06,-3.40%
NYSE:OHI,23 Dec 2025,$49.04,5,$46.80,9,1.86,$46.61,0.41%,,,,$46.54,-0.15%,$74.06,58.89%,$91.63,96.60%,OHI,NYSE:OHI,-0.334,$51.94,-9.90%
NYSE:OI,26 Mar 2026,$12.61,4,$18.00,6,1.03,$7.18,75.69%,,,,$6.33,-11.84%,$1.64,-77.14%,$4.42,-38.48%,OI,NYSE:OI,-0.754,$9.72,85.19%
NYSE:OKE,29 Apr 2026,$98.03,4,$92.57,10,1.38,$93.33,-0.81%,,,,$95.07,1.86%,$0.00,-100.00%,$0.00,-100.00%,OKE,NYSE:OKE,-0.529,$96.48,-4.05%
NASDAQ:OLED,24 Feb 2026,$147.14,3,$151.67,6,0.93,$85.84,71.41%,,,,$82.70,-3.66%,$105.48,22.89%,$116.52,35.74%,OLED,NASDAQ:OLED,-0.799,$115.37,31.46%
NASDAQ:OM,4 Dec 2025,$4.31,1,,1,0.84,$4.21,2.38%,,,,$4.10,-2.61%,$0.00,-100.00%,$0.00,-100.00%,OM,NASDAQ:OM,-0.851,$7.67,
NASDAQ:OMAB,1 Jun 2026,$112.42,4,$134.00,6,1.94,$102.87,9.28%,,,,$102.23,-0.62%,$160.03,55.56%,$180.27,75.24%,OMAB,NASDAQ:OMAB,-0.317,$123.90,8.15%
NASDAQ:ON,5 Feb 2026,$68.86,3,,,1.02,$74.21,-7.22%,,,,$75.25,1.40%,$0.00,-100.00%,$0.00,-100.00%,ON,NASDAQ:ON,-0.767,$108.88,
NASDAQ:ONB,20 Mar 2026,$23.78,3,$27.78,4,1.28,$25.81,-7.86%,,,,$25.70,-0.43%,$0.00,-100.00%,$0.00,-100.00%,ONB,NASDAQ:ONB,-0.599,$29.82,-6.84%
NYSE:ONIT,26 Mar 2025,$40.67,4,$42.50,5,0.78,$36.03,12.88%,,,,$34.54,-4.14%,$0.00,-100.00%,$0.00,-100.00%,ONIT,NYSE:ONIT,-0.877,$52.50,-19.05%
NYSE:ONON,15 Aug 2025,$41.55,2,,,1.11,$30.02,38.40%,,,,$30.58,1.87%,$0.00,-100.00%,$0.00,-100.00%,ONON,NYSE:ONON,-0.729,$45.02,
NYSE:ONTO,9 Feb 2026,$215.21,4,$201.67,8,0.86,$293.33,-31.25%,,,,$286.69,-2.26%,$0.00,-100.00%,$0.00,-100.00%,ONTO,NYSE:ONTO,-0.822,$388.45,-48.08%
NYSEAMERICAN:OPTT,13 Nov 2025,$0.44,1,$1.50,5,,$0.18,144.44%,,,,,-100.00%,-$2.00,-1211.11%,-$2.00,-1211.11%,OPTT,NYSEAMERICAN:OPTT,-2.000,,
NYSE:OPY,16 Jun 2026,$115.64,4,,9,1.12,$115.99,-0.30%,,,,$113.44,-2.20%,$196.92,69.77%,$255.49,120.27%,OPY,NYSE:OPY,-0.548,$37.00,
NYSE:ORI,28 Apr 2026,$42.27,3,$42.00,3,1.77,$41.58,1.01%,,,,$41.91,0.79%,$0.00,-100.00%,$0.00,-100.00%,ORI,NYSE:ORI,-0.357,$43.50,-3.45%
NASDAQ:ORKA,23 Aug 2025,$26.17,3,,,2.05,$107.96,-75.76%,,,,$108.09,0.12%,$0.00,-100.00%,$0.00,-100.00%,ORKA,NASDAQ:ORKA,-0.312,$153.75,
NASDAQ:ORRF,19 Nov 2025,$37.94,3,$40.50,8,1.17,$42.02,-9.71%,,,,$41.41,-1.45%,$0.00,-100.00%,$0.00,-100.00%,ORRF,NASDAQ:ORRF,-0.632,$45.75,-11.48%
NASDAQ:OSBC,28 Apr 2026,$22.52,3,$25.00,7,1.06,$25.34,-11.13%,,,,$24.77,-2.25%,$0.00,-100.00%,$0.00,-100.00%,OSBC,NASDAQ:OSBC,-0.683,$27.50,-9.09%
NASDAQ:OSIS,27 Jan 2026,$261.70,2,$287.33,6,0.67,$206.73,26.59%,,,,$210.74,1.94%,$182.73,-11.61%,$221.29,7.04%,OSIS,NASDAQ:OSIS,-0.923,$298.14,-3.63%
NASDAQ:OSPN,10 Feb 2026,$17.74,3,,4,1.14,$15.73,12.76%,,,,$15.32,-2.61%,$0.00,-100.00%,$0.00,-100.00%,OSPN,NASDAQ:OSPN,-0.659,$18.00,
NYSEAMERICAN:OSTX,23 Dec 2025,$1.60,1,$11.50,1,,$1.59,0.63%,,,,,-100.00%,-$2.00,-225.79%,-$2.00,-225.79%,OSTX,NYSEAMERICAN:OSTX,-2.000,,
NASDAQ:OSW,29 Nov 2024,$17.98,3,,,0.92,$26.68,-32.61%,,,,$25.61,-4.01%,$0.00,-100.00%,$0.00,-100.00%,OSW,NASDAQ:OSW,-0.762,$31.20,
NASDAQ:OTEX,19 Jan 2026,$32.75,3,$38.78,2,1.08,$24.67,32.74%,,,,$24.05,-2.51%,$0.00,-100.00%,$0.00,-100.00%,OTEX,NASDAQ:OTEX,-0.681,$27.95,38.75%
NYSE:OTIS,29 Oct 2025,$94.34,3,$105.25,6,1.04,$71.49,31.96%,,,,$69.72,-2.48%,$74.33,3.98%,$81.12,13.47%,OTIS,NYSE:OTIS,-0.727,$88.83,18.48%
NASDAQ:OUST,5 Feb 2026,$21.62,3,$37.00,8,0.88,$38.42,-43.72%,,,,$41.99,9.29%,$0.00,-100.00%,$0.00,-100.00%,OUST,NASDAQ:OUST,-0.831,$57.83,-36.02%
NYSE:OVV,18 Aug 2025,$55.37,3,,,1.50,$66.82,-17.14%,,,,$63.82,-4.49%,$0.00,-100.00%,$0.00,-100.00%,OVV,NYSE:OVV,-0.488,$73.09,
NASDAQ:OXSQ,19 Aug 2025,$2.97,4,$2.50,4,2.45,$1.41,77.30%,,,,$1.43,1.42%,$0.00,-100.00%,$0.00,-100.00%,OXSQ,NASDAQ:OXSQ,-0.097,$1.75,42.86%
NYSE:OXY,2 Jul 2026,$55.97,4,$64.21,8,0.93,$61.30,-8.69%,,,,$58.96,-3.82%,$0.00,-100.00%,$0.00,-100.00%,OXY,NYSE:OXY,-0.736,$66.30,-3.15%
NASDAQ:OZK,2 Oct 2025,$49.29,3,$59.63,8,1.78,$49.42,-0.26%,,,,$49.51,0.18%,$0.00,-100.00%,$0.00,-100.00%,OZK,NASDAQ:OZK,-0.367,$54.67,9.07%
NYSE:PAC,13 Jun 2025,$210.00,3,$236.70,6,1.22,$212.18,-1.03%,,,,$202.64,-4.50%,$277.48,30.77%,$358.35,68.89%,PAC,NYSE:PAC,-0.645,$263.34,-10.12%
NASDAQ:PACB,11 Dec 2025,$2.97,3,$2.30,5,0.98,$1.35,70.37%,,,,$1.18,-12.59%,$0.00,-100.00%,$0.00,-100.00%,PACB,NASDAQ:PACB,-0.785,$2.29,0.44%
NASDAQ:PANW,20 Aug 2025,$177.95,3,,,0.62,$357.87,-50.28%,,,,$343.43,-4.03%,$403.40,12.72%,$437.55,22.26%,PANW,NASDAQ:PANW,-0.851,$347.97,
NYSE:PAR,19 Aug 2025,$40.18,2,,,0.75,$19.53,105.71%,,,,$18.76,-3.94%,$0.00,-100.00%,$0.00,-100.00%,PAR,NYSE:PAR,-0.864,$25.31,
NASDAQ:PAX,13 Nov 2025,$16.56,3,$16.00,6,1.51,$11.46,39.62%,,,,$11.27,-1.66%,$21.02,83.41%,$7.47,-34.81%,PAX,NASDAQ:PAX,-0.544,$15.57,2.76%
NYSE:PAYC,26 Mar 2026,$152.82,3,$150.36,7,0.51,$229.07,-34.36%,,,,$210.16,-8.26%,$0.00,-100.00%,$0.00,-100.00%,PAYC,NYSE:PAYC,-0.884,$203.81,-26.23%
NASDAQ:PAYO,3 Sep 2025,$7.80,3,$10.50,7,0.74,$7.11,9.65%,,,,$6.96,-2.11%,$0.00,-100.00%,$0.00,-100.00%,PAYO,NASDAQ:PAYO,-0.813,$7.40,41.89%
NASDAQ:PAYS,11 Feb 2026,$3.74,3,$9.00,7,0.49,$14.09,-73.47%,,,,$12.86,-8.73%,$0.00,-100.00%,$0.00,-100.00%,PAYS,NASDAQ:PAYS,-0.902,$13.10,-31.30%
NASDAQ:PAYX,19 Aug 2025,$129.02,2,,,0.84,$124.48,3.64%,,,,$118.52,-4.79%,$173.94,39.73%,$191.09,53.51%,PAYX,NASDAQ:PAYX,-0.734,$111.00,
NYSE:PB,19 Nov 2025,$75.08,4,$78.17,7,1.58,$72.77,3.17%,,,,$72.62,-0.21%,-$137.01,-288.28%,-$131.65,-280.92%,PB,NYSE:PB,-0.459,$81.38,-3.94%
NYSE:PBA,16 Sep 2025,$40.71,4,$41.47,8,1.84,$48.73,-16.46%,,,,$48.56,-0.35%,$0.00,-100.00%,$0.00,-100.00%,PBA,NYSE:PBA,-0.310,$47.51,-12.71%
NYSE:PBI,19 Aug 2025,$11.44,3,$11.50,7,1.40,$16.48,-30.58%,,,,$16.01,-2.85%,$31.91,93.64%,$41.04,149.02%,PBI,NYSE:PBI,-0.551,$19.56,-41.21%
NYSE:PBR,14 Aug 2026,$18.64,4,$23.03,8,1.18,$19.15,-2.66%,-2.66%,$18.64,$23.03,$18.36,-4.13%,$0.00,-100.00%,$0.00,-100.00%,PBR,NYSE:PBR,-0.641,$22.01,4.63%
NYSE:PBR.A,30 Jun 2026,$17.20,5,,,1.63,$17.22,-0.12%,,,,$16.62,-3.48%,$31.78,84.58%,$56.13,225.94%,PBR.A,NYSE:PBR.A,-0.466,$21.54,
NYSE:PCG,14 Jul 2026,$19.14,4,$23.57,4,0.91,$17.60,8.73%,,,,$17.29,-1.76%,-$27.27,-254.97%,-$11.79,-166.99%,PCG,NYSE:PCG,-0.794,$22.78,3.47%
NYSE:PCOR,27 Jan 2026,$68.73,3,$87.91,7,0.59,$63.49,8.26%,,,,$58.20,-8.33%,$78.22,23.20%,$85.68,34.95%,PCOR,NYSE:PCOR,-0.890,$68.55,28.24%
NASDAQ:PDD,20 Aug 2025,$133.52,3,$124.92,5,0.61,$88.38,41.34%,,,,$84.73,-4.13%,$208.03,135.38%,$208.19,135.57%,PDD,NASDAQ:PDD,-0.935,$116.50,7.23%
NASDAQ:PDFS,27 Jan 2026,$35.52,3,$34.75,7,0.79,$45.65,-23.88%,,,,$43.54,-4.62%,$0.00,-100.00%,$0.00,-100.00%,PDFS,NASDAQ:PDFS,-0.861,$61.67,-43.65%
NYSE:PDM,14 Jul 2025,$11.58,4,$8.50,6,1.49,$9.65,-11.92%,,,,$9.37,-2.90%,-$0.79,-108.19%,$12.94,34.14%,PDM,NYSE:PDM,-0.490,$10.50,-19.05%
NYSE:PEB,23 Dec 2025,$17.33,3,$12.00,7,0.94,$18.48,-35.06%,,,,$18.01,-2.54%,$29.58,60.06%,$53.43,189.10%,PEB,NYSE:PEB,-0.719,$18.68,-35.76%
NASDAQ:PEBO,16 Jan 2026,$32.08,3,$33.17,10,1.45,$40.06,-19.91%,,,,$39.72,-0.85%,$0.00,-100.00%,$0.00,-100.00%,PEBO,NASDAQ:PEBO,-0.507,$43.00,-22.86%
NASDAQ:PEGA,11 Feb 2026,$49.55,5,$72.00,9,0.71,$33.56,47.64%,,,,$31.34,-6.62%,$55.84,66.38%,$54.72,63.05%,PEGA,NASDAQ:PEGA,-0.879,$42.98,67.52%
NYSE:PEN,11 Dec 2025,$225.97,1,$307.92,10,0.66,$325.18,-30.51%,,,,$317.63,-2.32%,$434.70,33.68%,$442.65,36.12%,PEN,NYSE:PEN,-0.864,$361.83,-14.90%
NASDAQ:PFBC,27 May 2026,$99.21,3,$107.50,5,1.72,$104.49,-5.05%,,,,$103.15,-1.28%,$0.00,-100.00%,$0.00,-100.00%,PFBC,NASDAQ:PFBC,-0.384,$111.50,-3.59%
NYSE:PFE,26 Mar 2026,$30.96,5,$29.07,6,1.64,$28.07,3.56%,,,,$27.64,-1.53%,$0.00,-100.00%,$0.00,-100.00%,PFE,NYSE:PFE,-0.407,$28.61,1.61%
NYSE:PFGC,4 Sep 2025,$88.60,1,,,0.94,$104.98,-15.60%,,,,$101.65,-3.17%,$0.00,-100.00%,$0.00,-100.00%,PFGC,NYSE:PFGC,-0.757,$123.62,
NASDAQ:PFIS,19 Mar 2026,$59.16,3,$56.00,6,1.41,$70.14,-20.16%,,,,$69.27,-1.24%,$0.00,-100.00%,$0.00,-100.00%,PFIS,NASDAQ:PFIS,-0.519,$73.50,-23.81%
NYSE:PFLT,20 Feb 2026,$9.26,3,$10.25,8,2.34,$7.37,25.64%,,,,$7.40,0.41%,$0.00,-100.00%,$0.00,-100.00%,PFLT,NYSE:PFLT,-0.164,$9.75,5.13%
NYSE:PFS,18 Nov 2025,$20.08,3,$22.00,3,1.77,$23.71,-15.31%,,,,$23.73,0.08%,$0.00,-100.00%,$0.00,-100.00%,PFS,NYSE:PFS,-0.385,$27.92,-21.20%
NASDAQ:PFSA,11 Dec 2025,$0.26,3,,,0.53,$5.46,-95.16%,,,,$11.51,110.81%,$0.00,-100.00%,$0.00,-100.00%,PFSA,NASDAQ:PFSA,-0.789,,
NYSE:PFSI,4 Oct 2024,$102.39,3,,,0.65,$75.09,36.36%,,,,$74.04,-1.40%,$0.00,-100.00%,$0.00,-100.00%,PFSI,NYSE:PFSI,-0.890,$90.57,
NASDAQ:PGEN,23 Dec 2025,$3.53,3,$9.00,7,0.68,$7.20,-50.92%,,,,$6.58,-8.61%,$0.00,-100.00%,$0.00,-100.00%,PGEN,NASDAQ:PGEN,-0.921,$14.50,-37.93%
NYSE:PGR,18 Sep 2025,$210.79,1,,,1.30,$219.28,-3.87%,,,,$207.03,-5.59%,$0.00,-100.00%,$0.00,-100.00%,PGR,NYSE:PGR,-0.565,$229.78,
NYSE:PH,3 Jul 2024,$534.00,1,$759.92,6,0.78,"$1,001.74",-46.69%,,,,"$1,012.23",1.05%,$0.00,-100.00%,$0.00,-100.00%,PH,NYSE:PH,-0.820,"$1,160.95",-34.54%
NYSE:PHG,11 Dec 2025,$35.54,3,,7,1.35,$27.42,29.63%,,,,$27.11,-1.13%,$25.12,-8.39%,$46.59,69.90%,PHG,NYSE:PHG,-0.574,$32.21,
NYSE:PHM,31 Mar 2026,$124.03,4,$141.83,3,0.91,$129.00,-3.85%,,,,$127.28,-1.33%,$203.63,57.85%,$149.84,16.15%,PHM,NYSE:PHM,-0.750,$140.62,0.86%
NASDAQ:PI,27 Jan 2026,$144.68,2,$240.50,8,0.72,$165.54,-12.60%,,,,$160.45,-3.07%,$214.12,29.35%,$221.95,34.08%,PI,NASDAQ:PI,-0.825,$176.00,36.65%
NYSE:PIPR,29 Jun 2026,$77.12,3,$97.00,3,0.89,$75.02,2.80%,,,,$73.23,-2.39%,$0.00,-100.00%,$0.00,-100.00%,PIPR,NYSE:PIPR,-0.775,$87.12,11.34%
NYSE:PKST,14 Jan 2026,$15.34,4,$17.00,6,,,#DIV/0!,,,,,#DIV/0!,-$2.00,#DIV/0!,-$2.00,#DIV/0!,PKST,NYSE:PKST,-2.000,,
NYSE:PL,7 Jul 2025,$5.02,3,,,0.76,$22.29,-77.48%,,,,$21.51,-3.50%,$24.28,8.91%,$23.00,3.19%,PL,NYSE:PL,-0.884,$40.10,
NASDAQ:PLAB,1 May 2026,$41.22,2,$47.00,6,0.92,$30.51,35.09%,,,,$29.99,-1.70%,$41.87,37.24%,$64.10,110.10%,PLAB,NASDAQ:PLAB,-0.812,$42.33,11.03%
NASDAQ:PLMR,16 Sep 2025,$107.46,3,,,0.89,$130.09,-17.39%,,,,$124.44,-4.34%,$0.00,-100.00%,$0.00,-100.00%,PLMR,NASDAQ:PLMR,-0.795,$163.17,
NYSE:PLNT,4 Sep 2025,$92.00,1,,,0.88,$54.20,69.73%,,,,$51.47,-5.04%,$0.00,-100.00%,$0.00,-100.00%,PLNT,NYSE:PLNT,-0.795,$67.48,
NYSE:PLOW,20 Sep 2024,$36.15,4,,,1.22,$42.18,-14.30%,,,,$40.77,-3.34%,$0.00,-100.00%,$0.00,-100.00%,PLOW,NYSE:PLOW,-0.654,$54.00,
NASDAQ:PLTR,14 Aug 2025,$120.98,1,,,0.54,$179.94,-32.77%,,,,$164.57,-8.54%,$0.00,-100.00%,$0.00,-100.00%,PLTR,NASDAQ:PLTR,-0.909,$191.68,
NASDAQ:PLUS,27 Oct 2025,$88.78,3,,6,0.75,$86.85,2.22%,,,,$83.62,-3.72%,$0.00,-100.00%,$0.00,-100.00%,PLUS,NASDAQ:PLUS,-0.863,$111.00,
NASDAQ:PLXS,27 Jan 2026,$181.83,3,,,0.80,$240.14,-24.28%,,,,$236.73,-1.42%,$334.57,39.32%,$381.50,58.86%,PLXS,NASDAQ:PLXS,-0.839,$305.75,
NYSE:PM,25 Aug 2025,$144.36,2,,,1.47,$188.23,-23.31%,,,,$186.54,-0.90%,$330.93,75.81%,$352.13,87.08%,PM,NYSE:PM,-0.498,$203.80,
NASDAQ:PMTS,26 Aug 2025,$22.24,3,,,0.65,$28.04,-20.68%,,,,$26.41,-5.81%,$0.00,-100.00%,$0.00,-100.00%,PMTS,NASDAQ:PMTS,-0.880,$32.50,
NYSE:PNC,19 Nov 2025,$182.16,3,$223.09,8,1.11,$243.13,-25.08%,,,,$250.86,3.18%,$0.00,-100.00%,$0.00,-100.00%,PNC,NYSE:PNC,-0.674,$277.73,-19.67%
NASDAQ:PNFP,28 Jul 2025,$101.11,3,$121.91,7,,$102.26,-1.12%,,,,,-100.00%,-$2.00,-101.96%,-$2.00,-101.96%,PNFP,NYSE:PNFP,-2.000,,
NYSE:PNNT,13 Aug 2026,,1,$3.82,6,2.43,$3.73,2.41%,2.41%,$3.82,$4.75,$3.70,-0.80%,$0.00,-100.00%,$0.00,-100.00%,PNNT,NYSE:PNNT,-0.114,$4.75,-19.58%
NYSE:PNR,11 Nov 2025,$102.58,2,$124.75,7,1.06,$64.40,59.29%,,,,$62.84,-2.42%,$250.02,288.22%,$256.78,298.73%,PNR,NYSE:PNR,-0.704,$76.64,62.77%
NASDAQ:PODD,11 Dec 2025,$276.82,2,$381.12,9,0.71,$148.16,86.84%,,,,$144.55,-2.44%,$0.00,-100.00%,$0.00,-100.00%,PODD,NASDAQ:PODD,-0.853,$171.91,121.70%
NASDAQ:POET,5 Feb 2026,$6.44,3,,7,1.01,$8.25,-21.93%,,,,$7.95,-3.64%,$0.00,-100.00%,$0.00,-100.00%,POET,NASDAQ:POET,-0.772,$17.50,
NASDAQ:POOL,23 Aug 2025,$310.70,3,,,0.98,$187.98,65.28%,,,,$186.00,-1.05%,$305.42,62.47%,$322.22,71.41%,POOL,NASDAQ:POOL,-0.735,$220.36,
NYSE:POR,6 Feb 2026,$50.85,4,$49.60,7,1.76,$49.59,0.02%,,,,$50.07,0.97%,$0.00,-100.00%,$0.00,-100.00%,POR,NYSE:POR,-0.366,$53.05,-6.50%
NYSE:POST,2 Apr 2026,$109.06,5,$128.50,2,0.91,$80.50,35.48%,,,,$77.33,-3.94%,$0.00,-100.00%,$0.00,-100.00%,POST,NYSE:POST,-0.798,$105.17,22.18%
NASDAQ:POWI,5 Feb 2026,$72.10,3,$52.50,5,0.91,$55.18,-4.86%,,,,$54.60,-1.05%,$0.00,-100.00%,$0.00,-100.00%,POWI,NASDAQ:POWI,-0.818,$77.50,-32.26%
NASDAQ:PPC,19 Aug 2025,$43.27,2,,,0.98,$32.25,34.16%,,,,$29.91,-7.26%,$38.19,18.42%,$71.57,121.92%,PPC,NASDAQ:PPC,-0.703,$33.19,
NASDAQ:PPIH,20 Apr 2026,$30.77,3,,7,0.58,$27.61,11.44%,,,,$25.10,-9.09%,$50.80,83.99%,$62.89,127.76%,PPIH,NASDAQ:PPIH,-0.909,$32.00,
NYSE:PR,11 Nov 2025,$15.75,5,$18.13,3,1.18,$23.75,-33.68%,,,,$22.30,-6.11%,$0.00,-100.00%,$0.00,-100.00%,PR,NYSE:PR,-0.625,$25.63,-29.26%
NYSE:PRA,11 Dec 2025,$26.77,3,,3,,,#DIV/0!,,,,,#DIV/0!,-$2.00,#DIV/0!,-$2.00,#DIV/0!,PRA,NYSE:PRA,-2.000,,
NASDAQ:PRCH,29 Jan 2026,$6.54,3,$18.17,8,0.86,$17.09,-61.73%,,,,$16.38,-4.15%,$18.93,10.77%,$19.44,13.76%,PRCH,NASDAQ:PRCH,-0.784,$19.75,-8.00%
NASDAQ:PRCT,11 Dec 2025,$43.52,3,$50.71,5,0.72,$21.68,100.74%,,,,$21.18,-2.31%,$0.00,-100.00%,$0.00,-100.00%,PRCT,NASDAQ:PRCT,-0.813,$21.64,134.33%
NASDAQ:PRDO,28 Apr 2026,$43.66,5,$42.00,8,0.87,$33.02,27.20%,,,,$31.83,-3.60%,$0.00,-100.00%,$0.00,-100.00%,PRDO,NASDAQ:PRDO,-0.820,$44.00,-4.55%
NASDAQ:PRGS,22 Jan 2026,$57.12,3,$59.75,7,0.81,$44.36,28.76%,,,,$42.12,-5.05%,$92.25,107.96%,$136.89,208.59%,PRGS,NASDAQ:PRGS,-0.819,$53.80,11.06%
NYSE:PRIM,23 Aug 2024,$53.96,3,,,0.91,$77.18,-30.09%,,,,$76.18,-1.30%,$0.00,-100.00%,$0.00,-100.00%,PRIM,NYSE:PRIM,-0.816,$119.79,
NYSEAMERICAN:PRK,7 Oct 2025,$164.00,1,,,,$202.13,-18.86%,,,,,-100.00%,-$2.00,-100.99%,-$2.00,-100.99%,PRK,NYSEAMERICAN:PRK,-2.000,,
NASDAQ:PROK,10 Jul 2025,$2.60,,$4.50,7,0.56,$1.61,61.49%,,,,$1.31,-18.63%,-$0.14,-108.83%,-$0.07,-104.54%,PROK,NASDAQ:PROK,-0.975,$6.25,-28.00%
NASDAQ:PRSO,29 Jan 2026,$1.15,4,$3.00,,,$0.67,71.30%,,,,,-100.00%,-$2.00,-398.51%,-$2.00,-398.51%,PRSO,NASDAQ:PRSO,-2.000,,
NASDAQ:PRTH,10 Feb 2026,$10.32,3,$13.00,1,0.80,$5.61,83.98%,,,,$5.39,-3.92%,$0.00,-100.00%,$0.00,-100.00%,PRTH,NASDAQ:PRTH,-0.867,$9.10,42.86%
NASDAQ:PSIX,28 Apr 2026,$74.87,3,$109.00,9,0.89,$36.43,105.52%,,,,$36.35,-0.22%,$0.00,-100.00%,$0.00,-100.00%,PSIX,NASDAQ:PSIX,-0.828,$69.79,56.18%
NYSE:PSN,16 Feb 2026,$83.99,5,$81.64,7,0.59,$49.05,66.44%,,,,$45.08,-8.09%,$50.02,1.98%,$71.71,46.20%,PSN,NYSE:PSN,-0.913,$58.55,39.44%
NASDAQ:PSNY,29 Nov 2024,$1.30,3,,,0.64,$13.33,-90.25%,,,,$13.06,-2.03%,$0.00,-100.00%,$0.00,-100.00%,PSNY,NASDAQ:PSNY,-0.918,$17.50,
NYSE:PSTG,19 Aug 2025,$64.73,3,,,,,#DIV/0!,,,,,#DIV/0!,-$2.00,#DIV/0!,-$2.00,#DIV/0!,PSTG,NYSE:PSTG,-2.000,,
NYSE:PSX,26 Jun 2026,$162.80,2,$194.00,7,0.90,$242.87,-32.97%,,,,$237.37,-2.26%,$0.00,-100.00%,$0.00,-100.00%,PSX,NYSE:PSX,-0.714,$219.84,-11.75%
NASDAQ:PTC,19 Jan 2026,$176.72,3,$218.00,6,0.76,$154.68,14.25%,,,,$143.73,-7.08%,$0.00,-100.00%,$0.00,-100.00%,PTC,NASDAQ:PTC,-0.823,$173.35,25.76%
NASDAQ:PTEN,21 Jul 2025,$10.35,3,$8.03,2,1.43,$12.34,-34.93%,,,,$11.94,-3.24%,$23.73,92.32%,$27.84,125.61%,PTEN,NASDAQ:PTEN,-0.520,$13.43,-40.21%
NASDAQ:PTLO,14 Jan 2026,$9.61,3,$6.30,3,0.59,$4.97,26.76%,,,,$4.58,-7.85%,$0.00,-100.00%,$0.00,-100.00%,PTLO,NASDAQ:PTLO,-0.926,$6.22,1.29%
NASDAQ:PUBM,29 Jan 2026,$11.75,3,$12.92,7,0.66,$16.41,-28.37%,,,,$16.25,-0.98%,$0.00,-100.00%,$0.00,-100.00%,PUBM,NASDAQ:PUBM,-0.891,$20.30,-36.35%
NYSE:PWR,23 Aug 2025,$272.00,1,,,0.85,$639.34,-57.46%,,,,$646.92,1.19%,$730.37,14.24%,$697.31,9.07%,PWR,NYSE:PWR,-0.802,$770.04,
NASDAQ:PZZA,18 Sep 2025,$56.89,4,$48.40,9,1.89,$23.94,102.17%,,,,$23.09,-3.55%,$0.00,-100.00%,$0.00,-100.00%,PZZA,NASDAQ:PZZA,-0.339,$28.67,68.82%
NYSE:Q,9 Feb 2026,$106.61,3,,,0.96,$128.88,-17.28%,,,,$123.68,-4.03%,$0.00,-100.00%,$0.00,-100.00%,Q,NYSE:Q,-0.788,$176.75,
NASDAQ:QCOM,27 Jan 2026,$171.89,4,$193.33,6,1.41,$160.75,6.93%,,,,$159.60,-0.72%,$183.99,14.45%,$202.18,25.77%,QCOM,NASDAQ:QCOM,-0.553,$193.10,0.12%
NASDAQ:QCRH,28 Apr 2026,$93.80,3,$102.67,9,0.68,$101.23,-7.34%,,,,$98.69,-2.51%,$0.00,-100.00%,$0.00,-100.00%,QCRH,NASDAQ:QCRH,-0.852,$111.20,-7.67%
NASDAQ:QDEL,11 Dec 2025,$47.57,3,$27.75,6,0.72,$14.74,88.26%,,,,$13.40,-9.09%,$0.00,-100.00%,$0.00,-100.00%,QDEL,NASDAQ:QDEL,-0.811,$14.67,89.16%
NASDAQ:QFIN,9 Sep 2025,$29.99,3,$48.39,5,1.43,$11.58,158.97%,,,,$11.66,0.69%,$0.00,-100.00%,$0.00,-100.00%,QFIN,NASDAQ:QFIN,-0.587,$21.76,122.38%
NASDAQ:QLYS,10 Feb 2026,$147.47,5,$136.87,5,0.69,$181.98,-24.79%,,,,$177.95,-2.21%,$0.00,-100.00%,$0.00,-100.00%,QLYS,NASDAQ:QLYS,-0.816,$171.74,-20.30%
NASDAQ:QRVO,19 Jan 2026,$81.21,3,$100.08,6,0.70,$95.56,-15.02%,,,,$94.01,-1.62%,$155.93,63.17%,$187.13,95.82%,QRVO,NASDAQ:QRVO,-0.811,$90.77,10.26%
NASDAQ:QSI,11 Dec 2025,$1.94,3,$2.83,2,0.83,$0.84,131.46%,,,,$0.69,-17.86%,$0.00,-100.00%,$0.00,-100.00%,QSI,NASDAQ:QSI,-0.853,$2.30,23.04%
NYSE:QSR,4 Mar 2026,$71.96,3,$79.11,9,1.52,$80.86,-11.01%,,,,$76.05,-5.95%,$0.00,-100.00%,$0.00,-100.00%,QSR,NYSE:QSR,-0.471,$85.65,-7.64%
NASDAQ:QTRX,16 Dec 2025,$12.46,3,$6.00,5,0.74,$2.99,100.67%,,,,$2.60,-13.04%,$0.00,-100.00%,$0.00,-100.00%,QTRX,NASDAQ:QTRX,-0.807,$3.00,100.00%
NYSE:QUAD,19 Jun 2026,$7.33,3,$9.93,9,1.56,$10.31,-28.90%,,,,$10.05,-2.52%,$29.05,181.73%,$53.52,419.13%,QUAD,NYSE:QUAD,-0.500,$13.17,-24.60%
NASDAQ:QUIK,5 Feb 2026,$6.78,3,,,1.02,$11.44,-40.76%,,,,$11.14,-2.62%,$0.00,-100.00%,$0.00,-100.00%,QUIK,NASDAQ:QUIK,-0.767,$23.00,
NYSE:QXO,19 Aug 2025,$30.22,3,$31.06,10,1.25,$13.76,119.60%,,,,$13.59,-1.24%,$0.00,-100.00%,$0.00,-100.00%,QXO,NYSE:QXO,-0.665,$29.29,6.04%
NYSE:RACE,15 Dec 2025,$403.82,3,$465.44,6,1.01,$436.54,-7.50%,,,,$408.97,-6.32%,$527.61,20.86%,$588.03,34.70%,RACE,NYSE:RACE,-0.696,$460.43,1.09%
NASDAQ:RAIL,28 Apr 2026,$11.16,4,,,0.76,$7.37,51.48%,,,,$6.92,-6.11%,$0.00,-100.00%,$0.00,-100.00%,RAIL,NASDAQ:RAIL,-0.886,$14.67,
NYSE:RAMP,23 Jan 2026,$30.65,5,$42.20,7,0.71,$37.58,-18.45%,,,,$36.68,-2.39%,$0.00,-100.00%,$0.00,-100.00%,RAMP,NYSE:RAMP,-0.834,$40.58,3.99%
NASDAQ:RBB,1 Jun 2026,$24.58,3,$24.00,4,1.26,$26.64,-9.91%,,,,$26.24,-1.50%,$0.00,-100.00%,$0.00,-100.00%,RBB,NASDAQ:RBB,-0.587,$28.50,-15.79%
NYSE:RBC,23 Aug 2025,$337.00,1,,,0.90,$505.63,-33.35%,,,,$509.12,0.69%,$0.00,-100.00%,$0.00,-100.00%,RBC,NYSE:RBC,-0.788,$632.29,
NASDAQ:RBCAA,20 Oct 2025,$70.90,3,,,0.97,$94.36,-24.86%,,,,$92.15,-2.34%,$0.00,-100.00%,$0.00,-100.00%,RBCAA,NASDAQ:RBCAA,-0.712,$98.00,
NYSE:RBLX,2 Jan 2026,$67.48,2,,,0.98,$38.37,75.87%,,,,$37.26,-2.89%,$0.00,-100.00%,$0.00,-100.00%,RBLX,NYSE:RBLX,-0.762,$49.44,
NYSE:RBOT,16 Dec 2025,$3.89,3,,,,,#DIV/0!,,,,,#DIV/0!,-$2.00,#DIV/0!,-$2.00,#DIV/0!,RBOT,NYSE:RBOT,-2.000,,
NYSE:RBRK,20 Aug 2025,$54.72,2,,,0.58,$100.09,-45.33%,,,,$94.04,-6.04%,$97.09,-3.00%,$100.09,-0.00%,RBRK,NYSE:RBRK,-0.865,$96.07,
NYSE:RC,1 Sep 2025,$5.36,3,$4.15,4,0.99,$1.88,120.74%,,,,$1.67,-11.17%,$0.00,-100.00%,$0.00,-100.00%,RC,NYSE:RC,-0.686,$1.80,130.56%
NASDAQ:RCEL,4 Dec 2025,$9.25,3,$8.38,1,0.55,$10.06,-16.70%,,,,$9.02,-10.34%,$0.00,-100.00%,$0.00,-100.00%,RCEL,NASDAQ:RCEL,-0.866,$9.03,-7.20%
NASDAQ:RCKY,16 Apr 2026,$43.95,3,$53.00,8,0.85,$46.79,-6.06%,,,,$44.89,-4.06%,$0.00,-100.00%,$0.00,-100.00%,RCKY,NASDAQ:RCKY,-0.800,$56.00,-5.36%
NYSE:RCL,8 Apr 2026,$279.75,3,$368.93,4,0.80,$292.00,-4.20%,,,,$293.20,0.41%,$306.93,5.11%,$385.28,31.94%,RCL,NYSE:RCL,-0.821,$346.92,6.34%
NYSE:RDN,23 Jun 2026,$35.58,4,$45.33,8,1.86,$36.59,-2.77%,,,,$36.47,-0.33%,$0.00,-100.00%,$0.00,-100.00%,RDN,NYSE:RDN,-0.352,$43.80,3.49%
NYSE:RDW,21 Jul 2025,$13.29,2,,,0.97,$12.02,10.54%,,,,$11.77,-2.08%,$0.00,-100.00%,$0.00,-100.00%,RDW,NYSE:RDW,-0.747,$14.56,
NASDAQ:REG,21 Jul 2025,$72.09,1,,,1.24,$76.06,-5.22%,,,,$75.37,-0.91%,$0.00,-100.00%,$0.00,-100.00%,REG,NASDAQ:REG,-0.613,$86.72,
NYSEAMERICAN:REI,20 Aug 2025,$1.08,,$2.99,3,,$1.48,-27.03%,,,,,-100.00%,-$2.00,-235.14%,-$2.00,-235.14%,REI,NYSEAMERICAN:REI,-2.000,,
NASDAQ:REKR,9 Feb 2026,$1.09,3,$4.00,4,0.90,$0.61,78.10%,,,,$0.57,-6.56%,$0.00,-100.00%,$0.00,-100.00%,REKR,NASDAQ:REKR,-0.824,$2.50,60.00%
NYSE:RELX,19 Aug 2025,$47.40,3,,,1.10,$35.91,31.99%,,,,$33.69,-6.18%,$0.00,-100.00%,$0.00,-100.00%,RELX,NYSE:RELX,-0.731,$53.05,
NASDAQ:RELY,29 Jan 2026,$17.63,3,$20.20,4,0.80,$26.67,-33.88%,,,,$24.34,-8.74%,$0.00,-100.00%,$0.00,-100.00%,RELY,NASDAQ:RELY,-0.822,$32.22,-37.31%
NYSEAMERICAN:REPX,12 Feb 2026,,,$36.00,7,,$38.17,-5.69%,,,,,-100.00%,-$2.00,-105.24%,-$2.00,-105.24%,REPX,NYSEAMERICAN:REPX,-2.000,,
NYSE:RES,30 Dec 2025,$6.58,4,$5.50,5,1.26,$6.37,-13.66%,,,,$6.29,-1.26%,$7.49,17.63%,$14.71,130.97%,RES,NYSE:RES,-0.576,$6.40,-14.06%
NYSE:REVG,24 Oct 2024,$28.28,3,,,,,#DIV/0!,,,,,#DIV/0!,-$2.00,#DIV/0!,-$2.00,#DIV/0!,REVG,NYSE:REVG,-2.000,,
NASDAQ:REYN,28 Apr 2026,$27.91,5,$24.00,6,1.05,$25.47,-5.77%,,,,$25.69,0.86%,$0.00,-100.00%,$0.00,-100.00%,REYN,NASDAQ:REYN,-0.680,$27.14,-11.57%
NYSE:REZI,17 Aug 2025,$32.83,3,$32.00,9,0.78,$20.27,57.87%,,,,$20.56,1.43%,$0.00,-100.00%,$0.00,-100.00%,REZI,NYSE:REZI,-0.874,$34.25,-6.57%
NYSE:RF,1 Jun 2026,$29.85,3,$30.31,3,1.79,$30.41,-1.84%,,,,$30.66,0.82%,$0.00,-100.00%,$0.00,-100.00%,RF,NYSE:RF,-0.357,$32.93,-7.96%
NASDAQ:RGLD,16 Aug 2025,$142.50,1,,,0.74,$259.01,-44.98%,,,,$235.65,-9.02%,$0.00,-100.00%,$0.00,-100.00%,RGLD,NASDAQ:RGLD,-0.841,$302.67,
NASDAQ:RGNX,23 Dec 2025,$16.55,3,$28.57,9,0.89,$10.72,54.35%,,,,$11.26,5.04%,$0.00,-100.00%,$0.00,-100.00%,RGNX,NASDAQ:RGNX,-0.829,$24.55,16.37%
NASDAQ:RGTI,28 Jul 2025,$11.56,2,,,0.94,$17.91,-35.44%,,,,$16.37,-8.60%,$0.00,-100.00%,$0.00,-100.00%,RGTI,NASDAQ:RGTI,-0.803,$28.81,
NYSE:RH,31 Jul 2024,$352.46,3,,,0.65,$153.21,130.05%,,,,$164.18,7.16%,-$61.61,-140.22%,$40.30,-73.70%,RH,NYSE:RH,-0.880,$177.18,
NYSE:RHI,15 Dec 2025,$46.27,3,$29.57,5,1.61,$44.75,-33.92%,,,,$43.43,-2.95%,$0.00,-100.00%,$0.00,-100.00%,RHI,NYSE:RHI,-0.369,$35.00,-15.51%
NYSE:RIO,18 Aug 2025,$75.60,5,$64.00,8,1.29,$105.30,-39.22%,,,,$98.43,-6.52%,$0.00,-100.00%,$0.00,-100.00%,RIO,NYSE:RIO,-0.559,$105.85,-39.54%
NYSE:RITM,12 Aug 2025,$14.18,4,$14.06,8,1.61,$10.19,37.98%,,,,$10.26,0.69%,$0.00,-100.00%,$0.00,-100.00%,RITM,NYSE:RITM,-0.483,$13.20,6.52%
NASDAQ:RIVN,15 Dec 2025,$17.90,3,$20.62,6,0.69,$16.97,5.50%,,,,$14.06,-17.15%,$0.00,-100.00%,$0.00,-100.00%,RIVN,NASDAQ:RIVN,-0.857,$19.23,7.23%
NYSE:RJF,18 Feb 2026,$166.94,3,$187.40,5,0.84,$175.20,-4.71%,,,,$174.56,-0.37%,$364.36,107.97%,$380.03,116.91%,RJF,NYSE:RJF,-0.773,$185.92,0.80%
NYSE:RKT,5 Mar 2025,$14.85,3,$13.29,3,0.86,$13.93,-4.59%,,,,$14.26,2.37%,$0.00,-100.00%,$0.00,-100.00%,RKT,NYSE:RKT,-0.810,$17.70,-24.92%
NYSE:RLJ,23 Dec 2025,$12.06,3,$8.20,7,1.35,$11.50,-28.70%,,,,$11.16,-2.96%,$0.00,-100.00%,$0.00,-100.00%,RLJ,NYSE:RLJ,-0.532,$11.45,-28.38%
NYSE:RLX,25 Aug 2025,$2.18,3,,,0.79,$1.81,20.71%,,,,$1.75,-3.31%,$0.00,-100.00%,$0.00,-100.00%,RLX,NYSE:RLX,-0.871,$2.83,
NYSE:RM,19 Nov 2025,$39.22,3,,3,1.24,$34.11,14.98%,,,,$33.20,-2.67%,$0.00,-100.00%,$0.00,-100.00%,RM,NYSE:RM,-0.648,$43.83,
NASDAQ:RMBS,27 Jan 2026,$80.55,1,$113.50,10,0.89,$91.24,-11.72%,,,,$87.45,-4.15%,$0.00,-100.00%,$0.00,-100.00%,RMBS,NASDAQ:RMBS,-0.825,$147.50,-23.05%
NASDAQ:RMNI,11 Feb 2026,$3.40,3,$5.50,5,0.80,$5.25,-35.21%,,,,$4.90,-6.67%,$0.00,-100.00%,$0.00,-100.00%,RMNI,NASDAQ:RMNI,-0.852,$7.00,-21.43%
NASDAQ:RNAC,23 Dec 2025,$16.10,3,$34.67,9,0.97,$10.04,60.35%,,,,$9.16,-8.76%,$0.00,-100.00%,$0.00,-100.00%,RNAC,NASDAQ:RNAC,-0.791,$34.57,0.29%
NYSE:RNG,5 Feb 2026,$39.74,3,$31.25,4,0.62,$67.01,-53.37%,,,,$63.04,-5.92%,$164.46,145.42%,$203.51,203.70%,RNG,NYSE:RNG,-0.789,$46.43,-32.69%
NYSE:RNR,9 Sep 2025,$267.70,4,$269.36,7,0.87,$323.45,-17.23%,,,,$312.51,-3.38%,$0.00,-100.00%,$0.00,-100.00%,RNR,NYSE:RNR,-0.761,$346.40,-22.24%
NYSE:RNST,19 Nov 2025,$35.55,3,$42.67,4,1.77,$41.50,-14.34%,,,,$42.04,1.30%,$0.00,-100.00%,$0.00,-100.00%,RNST,NYSE:RNST,-0.381,$48.00,-11.10%
NASDAQ:ROAD,31 Dec 2025,$101.87,2,,,0.74,$112.17,-9.18%,,,,$109.57,-2.32%,$0.00,-100.00%,$0.00,-100.00%,ROAD,NASDAQ:ROAD,-0.864,$142.57,
NYSE:ROG,10 Feb 2026,$105.63,3,$301.50,9,0.92,$126.55,-16.53%,,,,$127.27,0.57%,$166.82,31.82%,$192.89,52.43%,ROG,NYSE:ROG,-0.805,$173.33,73.95%
NYSE:ROK,11 Nov 2025,$273.44,1,,,0.91,$437.08,-37.44%,,,,$425.15,-2.73%,$0.00,-100.00%,$0.00,-100.00%,ROK,NYSE:ROK,-0.751,$478.21,
NASDAQ:ROP,2 May 2025,$525.02,3,$640.91,8,0.74,$411.79,27.50%,,,,$386.18,-6.22%,$560.53,36.12%,$711.09,72.68%,ROP,NASDAQ:ROP,-0.822,$445.20,43.96%
NASDAQ:ROST,20 Jul 2026,$178.47,1,,,1.11,$239.04,-25.34%,,,,$230.59,-3.53%,$342.23,43.17%,$368.75,54.26%,ROST,NASDAQ:ROST,-0.654,$256.06,
NASDAQ:RPAY,2 Sep 2025,$8.53,3,$7.31,3,1.24,$4.01,82.29%,,,,$3.61,-9.98%,$0.00,-100.00%,$0.00,-100.00%,RPAY,NASDAQ:RPAY,-0.670,$6.85,6.72%
NASDAQ:RPD,20 Jan 2026,$22.06,3,$18.18,7,0.74,$11.85,53.42%,,,,$11.68,-1.43%,$0.00,-100.00%,$0.00,-100.00%,RPD,NASDAQ:RPD,-0.800,$11.71,55.25%
NASDAQ:RR,19 Nov 2025,$2.75,3,$4.50,6,0.83,$1.70,61.52%,,,,$1.53,-10.00%,$0.00,-100.00%,$0.00,-100.00%,RR,NASDAQ:RR,-0.805,$2.00,125.00%
NASDAQ:RRBI,1 Jun 2026,$84.03,3,$94.00,6,1.11,$101.56,-17.26%,,,,$98.40,-3.11%,$0.00,-100.00%,$0.00,-100.00%,RRBI,NASDAQ:RRBI,-0.653,$108.00,-12.96%
NYSE:RRX,27 Jan 2026,$182.63,5,$180.29,6,1.07,$166.15,8.51%,,,,$165.40,-0.45%,$0.00,-100.00%,$0.00,-100.00%,RRX,NYSE:RRX,-0.745,$249.00,-27.59%
NYSE:RS,24 Aug 2025,$278.17,3,$327.75,9,0.83,$387.89,-28.29%,,,,$382.75,-1.33%,$0.00,-100.00%,$0.00,-100.00%,RS,NYSE:RS,-0.776,$409.50,-19.96%
NYSE:RTX,18 Aug 2025,$145.60,2,$168.14,8,0.82,$209.91,-30.64%,,,,$216.42,3.10%,$309.49,47.44%,$361.89,72.40%,RTX,NYSE:RTX,-0.791,$232.27,-27.61%
NASDAQ:RUN,19 Jan 2026,$14.49,2,$23.86,8,0.84,$9.16,58.17%,,,,$9.14,-0.22%,$0.00,-100.00%,$0.00,-100.00%,RUN,NASDAQ:RUN,-0.851,$16.39,45.58%
NASDAQ:RXST,11 Dec 2025,$19.74,3,$9.80,1,0.64,$6.25,56.80%,,,,$5.91,-5.44%,$0.00,-100.00%,$0.00,-100.00%,RXST,NASDAQ:RXST,-0.905,$7.79,25.80%
NASDAQ:RXT,9 Feb 2026,$0.88,3,$1.35,4,0.78,$3.32,-73.60%,,,,$3.26,-1.81%,-$3.94,-218.52%,-$4.94,-248.65%,RXT,NASDAQ:RXT,-0.874,$4.77,-71.70%
NYSE:RYI,24 Aug 2025,$26.20,3,$24.00,4,,,#DIV/0!,,,,,#DIV/0!,-$2.00,#DIV/0!,-$2.00,#DIV/0!,RYI,NYSE:RYI,-2.000,,
NASDAQ:SABR,11 Feb 2026,$2.46,3,$2.95,2,0.51,$2.10,16.93%,,,,$2.02,-3.81%,$0.00,-100.00%,$0.00,-100.00%,SABR,NASDAQ:SABR,-0.894,$1.99,48.24%
NYSE:SAM,20 Mar 2026,$295.72,5,$238.40,3,0.62,$185.95,28.21%,,,,$175.14,-5.81%,$843.75,353.75%,$977.41,425.63%,SAM,NYSE:SAM,-0.874,$199.85,19.29%
NYSE:SAN,11 Sep 2025,$7.72,2,,,1.19,$14.59,-47.07%,,,,$14.02,-3.91%,-$62.10,-525.62%,-$58.26,-499.29%,SAN,NYSE:SAN,-0.589,$13.56,
NASDAQ:SANM,27 Jan 2026,$128.36,1,$180.00,9,0.82,$188.89,-32.04%,,,,$183.70,-2.75%,$211.79,12.12%,$243.97,29.16%,SANM,NASDAQ:SANM,-0.852,$260.00,-30.77%
NYSE:SAP,19 Jan 2026,$252.69,3,$275.84,9,1.00,$218.68,15.55%,,,,$208.72,-4.55%,$379.73,73.65%,$400.93,83.34%,SAP,NYSE:SAP,-0.715,$242.92,13.55%
NASDAQ:SBCF,19 Nov 2025,$31.14,3,$34.17,5,0.94,$34.62,-10.05%,,,,$34.56,-0.17%,$0.00,-100.00%,$0.00,-100.00%,SBCF,NASDAQ:SBCF,-0.732,$37.04,-7.75%
NASDAQ:SBGI,23 Dec 2025,$15.71,3,$19.20,5,0.92,$14.41,9.01%,,,,$14.05,-2.50%,$0.00,-100.00%,$0.00,-100.00%,SBGI,NASDAQ:SBGI,-0.771,$17.43,10.15%
NASDAQ:SBLK,16 Feb 2026,$23.85,3,,6,1.43,$30.50,-21.79%,,,,$29.97,-1.74%,$0.00,-100.00%,$0.00,-100.00%,SBLK,NASDAQ:SBLK,-0.513,$32.38,
NYSE:SBS,23 Jun 2026,$5.49,3,,1,1.47,$4.61,19.18%,,,,$4.55,-1.30%,$0.00,-100.00%,$0.00,-100.00%,SBS,NYSE:SBS,-0.569,$6.76,
NASDAQ:SBSI,14 Oct 2025,$30.23,3,$34.50,3,,$32.07,-5.74%,,,,,-100.00%,-$2.00,-106.24%,-$2.00,-106.24%,SBSI,NYSE:SBSI,-2.000,,
NYSE:SBSI,1 Jun 2026,$34.46,3,$35.50,6,1.40,$32.07,7.44%,,,,$31.94,-0.41%,-$188.04,-686.34%,-$189.01,-689.37%,SBSI,NYSE:SBSI,-0.532,$35.00,1.43%
NYSE:SCHW,24 Jun 2026,$96.20,3,$116.58,7,0.62,$112.30,-14.34%,,,,$107.57,-4.21%,$0.00,-100.00%,$0.00,-100.00%,SCHW,NYSE:SCHW,-0.885,$125.00,-6.74%
NASDAQ:SCNX,6 Jun 2025,$1.16,3,,,0.79,$0.45,157.33%,,,,$0.42,-6.67%,$0.00,-100.00%,$0.00,-100.00%,SCNX,NASDAQ:SCNX,-0.871,$1.50,
NYSE:SCS,28 Oct 2024,$12.86,3,,,,,#DIV/0!,,,,,#DIV/0!,-$2.00,#DIV/0!,-$2.00,#DIV/0!,SCS,NYSE:SCS,-2.000,,
NASDAQ:SCSC,19 Nov 2025,$53.05,5,$43.00,3,0.59,$54.35,-20.88%,,,,$49.71,-8.54%,$134.48,147.44%,$146.03,168.68%,SCSC,NASDAQ:SCSC,-0.883,$57.00,-24.56%
NYSE:SD,22 Jan 2026,$15.77,3,,5,1.03,$14.36,9.84%,,,,$13.98,-2.65%,$0.00,-100.00%,$0.00,-100.00%,SD,NYSE:SD,-0.685,$15.00,
NYSE:SE,19 Aug 2025,$134.13,1,,,0.59,$117.53,14.13%,,,,$110.83,-5.70%,$0.00,-100.00%,$0.00,-100.00%,SE,NYSE:SE,-0.943,$155.29,
NASDAQ:SEIC,27 Aug 2025,$87.30,2,,,0.84,$109.53,-20.29%,,,,$105.06,-4.08%,$170.93,56.06%,$160.63,46.66%,SEIC,NASDAQ:SEIC,-0.774,$115.86,
NYSE:SEM,27 Apr 2026,$23.31,5,$16.50,8,,$16.51,-0.06%,,,,$0.00,-100.00%,$14.54,-11.91%,$28.85,74.77%,SEM,NYSE:SEM,-1.062,$16.62,-0.72%
NYSE:SEMR,5 Feb 2026,$14.95,4,,,,,#DIV/0!,,,,,#DIV/0!,-$2.00,#DIV/0!,-$2.00,#DIV/0!,SEMR,NYSE:SEMR,-2.000,,
NYSEAMERICAN:SENS,28 Oct 2025,$7.44,1,$2.69,1,,$9.71,-72.30%,,,,,-100.00%,-$2.00,-120.60%,-$2.00,-120.60%,SENS,NASDAQ:SENS,-2.000,,
NASDAQ:SENS,23 Dec 2025,$8.28,4,$18.92,6,0.71,$9.71,-14.68%,,,,$8.45,-12.98%,$0.00,-100.00%,$0.00,-100.00%,SENS,NASDAQ:SENS,-0.901,$13.40,41.19%
NASDAQ:SERV,11 Nov 2025,$12.60,3,$20.50,2,0.89,$4.98,153.09%,,,,$4.34,-12.85%,$0.00,-100.00%,$0.00,-100.00%,SERV,NASDAQ:SERV,-0.827,$13.88,47.69%
NYSE:SF,29 Jun 2026,$83.09,3,$84.00,6,0.78,$80.96,2.63%,,,,$81.06,0.12%,$0.00,-100.00%,$0.00,-100.00%,SF,NYSE:SF,-0.807,$89.00,-5.62%
NYSE:SFBS,16 Mar 2026,$84.39,4,$91.00,8,1.35,$43.34,94.71%,,,,$86.79,100.25%,$0.00,-100.00%,$0.00,-100.00%,SFBS,NYSE:SFBS,-0.623,$98.00,-7.14%
NASDAQ:SFM,19 Mar 2026,$146.44,3,$91.64,9,0.85,$81.08,13.02%,,,,$76.78,-5.30%,$87.95,8.48%,$147.21,81.56%,SFM,NASDAQ:SFM,-0.795,$94.64,-3.17%
NASDAQ:SFNC,2 Oct 2025,$20.10,3,$22.60,8,1.77,$23.01,-12.66%,,,,$23.06,0.22%,$0.00,-100.00%,$0.00,-100.00%,SFNC,NASDAQ:SFNC,-0.367,$25.00,-9.60%
NASDAQ:SFST,13 Apr 2026,$53.20,3,$64.00,7,0.78,$63.03,-15.60%,,,,$61.85,-1.87%,$0.00,-100.00%,$0.00,-100.00%,SFST,NASDAQ:SFST,-0.806,$68.50,-6.57%
NYSE:SG,22 Sep 2025,$11.88,3,$14.64,2,0.72,$6.99,69.97%,,,,$5.84,-16.45%,$0.00,-100.00%,$0.00,-100.00%,SG,NYSE:SG,-0.802,$6.65,120.15%
NYSE:SGHC,28 Oct 2025,$9.69,2,,,0.86,$13.31,-27.24%,,,,$12.52,-5.94%,$0.00,-100.00%,$0.00,-100.00%,SGHC,NYSE:SGHC,-0.838,$19.50,
NASDAQ:SGHT,11 Dec 2025,$10.39,3,$6.67,5,0.62,$8.26,-19.25%,,,,$8.11,-1.82%,$0.00,-100.00%,$0.00,-100.00%,SGHT,NASDAQ:SGHT,-0.878,$9.00,-25.89%
NASDAQ:SGML,12 Aug 2025,$7.24,3,,,1.11,$11.97,-39.51%,,,,$10.50,-12.28%,$0.00,-100.00%,$0.00,-100.00%,SGML,NASDAQ:SGML,-0.730,$20.62,
NASDAQ:SGRY,24 Aug 2025,$30.88,4,$30.70,8,0.81,$14.52,111.43%,,,,$13.29,-8.47%,$0.00,-100.00%,$0.00,-100.00%,SGRY,NASDAQ:SGRY,-0.839,$18.73,63.91%
NYSE:SHAK,19 Sep 2025,$85.64,2,$132.93,5,0.65,$75.82,12.95%,,,,$69.81,-7.93%,$0.00,-100.00%,$0.00,-100.00%,SHAK,NYSE:SHAK,-0.865,$82.17,61.77%
NASDAQ:SHBI,19 Mar 2026,$18.10,3,$20.50,6,1.20,$23.34,-22.46%,,,,$22.86,-2.06%,$0.00,-100.00%,$0.00,-100.00%,SHBI,NASDAQ:SHBI,-0.623,$25.75,-20.39%
NYSE:SHG,19 Nov 2025,$55.13,3,,5,0.91,$74.63,-26.13%,,,,$72.06,-3.44%,$0.00,-100.00%,$0.00,-100.00%,SHG,NYSE:SHG,-0.807,$100.00,
NASDAQ:SHIP,16 Feb 2026,$10.93,3,$16.00,10,0.82,$17.50,-37.56%,,,,$16.43,-6.11%,$0.00,-100.00%,$0.00,-100.00%,SHIP,NASDAQ:SHIP,-0.841,$23.25,-31.18%
NASDAQ:SHLS,9 Feb 2026,$7.09,2,$10.69,7,0.93,$7.10,-0.21%,,,,$7.43,4.65%,$0.00,-100.00%,$0.00,-100.00%,SHLS,NASDAQ:SHLS,-0.811,$11.32,-5.57%
NASDAQ:SHOP,22 Jan 2026,$148.25,3,$180.62,6,1.02,$149.25,-0.67%,,,,$143.94,-3.56%,$0.00,-100.00%,$0.00,-100.00%,SHOP,NASDAQ:SHOP,-0.708,$168.43,7.24%
NASDAQ:SHPH,28 Oct 2025,$5.16,3,,,,$3.76,37.13%,,,,,-100.00%,-$2.00,-153.19%,-$2.00,-153.19%,SHPH,NASDAQ:SHPH,-2.000,,
NYSE:SHW,15 May 2024,$256.70,1,,,0.92,$346.59,-25.94%,,,,$345.54,-0.30%,$553.57,59.72%,$600.65,73.30%,SHW,NYSE:SHW,-0.754,$390.57,
NASDAQ:SIBN,11 Dec 2025,$22.76,3,$23.20,6,0.74,$19.96,14.03%,,,,$18.69,-6.36%,$0.00,-100.00%,$0.00,-100.00%,SIBN,NASDAQ:SIBN,-0.860,$25.00,-7.20%
NYSE:SIG,27 Mar 2026,$92.19,3,$113.60,10,0.91,$81.37,13.30%,,,,$83.42,2.52%,$280.92,245.24%,$275.81,238.96%,SIG,NYSE:SIG,-0.807,$110.40,2.90%
NASDAQ:SILC,9 Feb 2026,$16.71,3,,4,0.80,$43.94,-61.98%,,,,$41.47,-5.62%,$45.41,3.35%,$45.63,3.84%,SILC,NASDAQ:SILC,-0.861,$60.00,
NASDAQ:SIMO,27 Jan 2026,$94.86,1,$119.17,10,0.77,$258.36,-63.28%,,,,$233.45,-9.64%,$277.29,7.33%,$276.40,6.98%,SIMO,NASDAQ:SIMO,-0.869,$349.27,-65.88%
NASDAQ:SIRI,5 May 2025,$31.75,3,$22.14,6,1.83,$28.69,-22.83%,,,,$28.70,0.03%,$43.40,51.27%,$47.69,66.21%,SIRI,NASDAQ:SIRI,-0.346,$32.00,-30.81%
NYSE:SITC,5 Aug 2026,$5.33,5,$3.50,3,4.32,$3.07,14.01%,14.01%,$3.50,$5.33,$3.22,4.89%,$0.00,-100.00%,$0.00,-100.00%,SITC,NYSE:SITC,0.756,$3.50,0.00%
NASDAQ:SITM,5 Feb 2026,$354.78,3,,,0.89,$614.83,-42.30%,,,,$605.31,-1.55%,$0.00,-100.00%,$0.00,-100.00%,SITM,NASDAQ:SITM,-0.829,$864.38,
NYSE:SJM,18 Aug 2025,$126.48,5,$113.93,4,1.30,$124.32,-8.36%,,,,$118.90,-4.36%,$293.45,136.04%,$452.37,263.87%,SJM,NYSE:SJM,-0.561,$126.06,-9.62%
NYSE:SKE,24 Oct 2025,$9.86,2,,,0.68,$34.87,-71.72%,,,,$32.39,-7.11%,$0.00,-100.00%,$0.00,-100.00%,SKE,NYSE:SKE,-0.729,,
NASDAQ:SKWD,26 Aug 2025,$42.11,3,,,0.85,$56.89,-25.98%,,,,$55.28,-2.83%,$0.00,-100.00%,$0.00,-100.00%,SKWD,NASDAQ:SKWD,-0.808,$70.09,
NYSE:SKY,31 Mar 2026,$97.81,5,$102.33,4,0.72,$90.25,8.38%,,,,$89.37,-0.98%,$0.00,-100.00%,$0.00,-100.00%,SKY,NYSE:SKY,-0.847,$103.50,-1.13%
NASDAQ:SKYT,26 May 2026,$23.87,3,$35.00,8,,$32.46,-26.45%,,,,,-100.00%,-$2.00,-106.16%,-$2.00,-106.16%,SKYT,NASDAQ:SKYT,-2.000,,
NASDAQ:SLAB,27 Jan 2026,$111.32,1,,,0.71,$218.00,-48.94%,,,,$214.34,-1.68%,$0.00,-100.00%,$0.00,-100.00%,SLAB,NASDAQ:SLAB,-0.822,$222.86,
NYSE:SLB,2 Jul 2026,$49.71,4,$63.13,9,1.00,$53.87,-7.72%,,,,$52.40,-2.73%,$0.00,-100.00%,$0.00,-100.00%,SLB,NYSE:SLB,-0.724,$61.93,1.94%
NYSE:SLGN,29 Aug 2025,$46.96,3,$59.57,7,0.85,$42.39,10.78%,,,,$40.24,-5.07%,$0.00,-100.00%,$0.00,-100.00%,SLGN,NYSE:SLGN,-0.825,$55.31,7.70%
NASDAQ:SLM,23 Jul 2026,$29.41,3,$29.00,7,1.20,$26.46,9.60%,,,,$26.37,-0.34%,$37.25,40.79%,-$5.00,-118.89%,SLM,NASDAQ:SLM,-0.619,$28.55,1.58%
NYSE:SM,20 Sep 2025,$40.61,3,$36.25,6,0.95,$37.20,-2.55%,,,,$35.21,-5.35%,$0.00,-100.00%,$0.00,-100.00%,SM,NYSE:SM,-0.729,$40.33,-10.12%
NASDAQ:SMBK,7 Oct 2025,$38.18,3,$37.00,5,,$51.04,-27.51%,,,,,-100.00%,-$2.00,-103.92%,-$2.00,-103.92%,SMBK,NYSE:SMBK,-2.000,,
NYSE:SMFG,19 Aug 2025,$16.00,3,,,1.25,$25.05,-36.11%,,,,$24.41,-2.55%,$0.00,-100.00%,$0.00,-100.00%,SMFG,NYSE:SMFG,-0.610,$28.86,
NASDAQ:SMLR,11 Dec 2025,$21.60,3,$68.50,4,,,#DIV/0!,,,,,#DIV/0!,-$2.00,#DIV/0!,-$2.00,#DIV/0!,SMLR,NASDAQ:SMLR,-2.000,,
NYSE:SMR,14 Jan 2026,$19.90,3,$32.77,7,0.78,$9.40,111.71%,,,,$8.31,-11.60%,$0.00,-100.00%,$0.00,-100.00%,SMR,NYSE:SMR,-0.865,$12.63,159.46%
NYSE:SNDA,15 Nov 2024,$24.98,3,,,0.58,$39.56,-36.86%,,,,$39.28,-0.71%,$0.00,-100.00%,$0.00,-100.00%,SNDA,NYSE:SNDA,-0.900,$44.00,
NYSE:SNN,11 Dec 2025,$33.47,3,$35.75,3,1.05,$29.26,14.39%,,,,$28.83,-1.47%,$0.00,-100.00%,$0.00,-100.00%,SNN,NYSE:SNN,-0.699,$33.66,6.21%
NASDAQ:SNSE,28 Oct 2025,$14.48,3,$30.00,,,,#DIV/0!,,,,,#DIV/0!,-$2.00,#DIV/0!,-$2.00,#DIV/0!,SNSE,NASDAQ:SNSE,-2.000,,
NYSE:SNV,18 Nov 2025,$47.73,3,$56.00,4,,,#DIV/0!,,,,,#DIV/0!,-$2.00,#DIV/0!,-$2.00,#DIV/0!,SNV,NYSE:SNV,-2.000,,
NYSE:SO,24 Oct 2025,$88.60,2,,,1.14,$88.94,-0.38%,,,,$90.80,2.09%,$12.33,-86.14%,$61.87,-30.44%,SO,NYSE:SO,-0.655,$100.61,
NASDAQ:SOFI,7 Jul 2025,$14.49,2,,,0.55,$18.91,-23.37%,,,,$17.32,-8.41%,$0.00,-100.00%,$0.00,-100.00%,SOFI,NASDAQ:SOFI,-0.902,$20.02,
NYSE:SON,19 Nov 2025,$53.35,3,$52.43,10,1.03,$59.48,-11.85%,,,,$56.64,-4.77%,$0.00,-100.00%,$0.00,-100.00%,SON,NYSE:SON,-0.692,$63.89,-17.94%
NASDAQ:SONO,22 Jan 2026,$16.57,3,$19.67,8,0.79,$15.83,4.69%,,,,$15.50,-2.08%,$42.36,167.58%,$43.12,172.37%,SONO,NASDAQ:SONO,-0.823,$18.88,4.18%
NYSE:SONY,18 Feb 2026,$26.99,4,$32.00,8,0.51,$23.92,12.83%,,,,$22.39,-6.40%,$24.63,2.97%,$38.63,61.51%,SONY,NYSE:SONY,-0.963,$30.00,6.67%
NASDAQ:SOUN,28 Jul 2025,$8.77,2,,,0.88,$7.32,19.81%,,,,$6.71,-8.33%,$0.00,-100.00%,$0.00,-100.00%,SOUN,NASDAQ:SOUN,-0.831,$12.71,
NASDAQ:SPFI,19 Nov 2025,$37.17,3,$43.00,2,1.15,$44.21,-15.92%,,,,$43.77,-1.00%,$0.00,-100.00%,$0.00,-100.00%,SPFI,NASDAQ:SPFI,-0.654,$50.75,-15.27%
NYSE:SPGI,25 Jun 2026,$468.23,5,,,0.65,$431.29,8.57%,,,,$407.43,-5.53%,$658.94,52.78%,$726.80,68.52%,SPGI,NYSE:SPGI,-0.889,$516.95,
NYSE:SPOT,19 May 2025,$495.00,2,$659.00,7,0.53,$533.72,-7.25%,,,,$503.19,-5.72%,$0.00,-100.00%,$0.00,-100.00%,SPOT,NYSE:SPOT,-0.931,$610.17,8.00%
NASDAQ:SPSC,10 Feb 2026,$142.13,3,$102.87,2,0.44,$81.09,26.86%,,,,$74.75,-7.82%,$175.81,116.81%,$203.09,150.44%,SPSC,NASDAQ:SPSC,-0.915,$73.18,40.57%
NASDAQ:SPWR,9 Feb 2026,$1.50,3,,,,$0.30,400.00%,,,,$0.00,-100.00%,$0.00,-100.00%,$0.00,-100.00%,SPWR,NASDAQ:SPWR,-1.027,$4.70,
NYSE:SPXC,16 May 2025,$153.79,3,$180.00,7,0.77,$207.20,-25.78%,,,,$200.33,-3.32%,$285.89,37.98%,$310.16,49.69%,SPXC,NYSE:SPXC,-0.860,$272.17,-33.86%
NYSE:SQNS,4 Feb 2026,$12.48,3,$14.50,5,,$3.06,307.84%,,,,,-100.00%,-$2.00,-165.36%,-$2.00,-165.36%,SQNS,NYSE:SQNS,-2.000,,
NASDAQ:SRCE,19 Nov 2025,$63.63,3,,,1.12,$85.83,-25.87%,,,,$84.92,-1.06%,-$105.35,-222.74%,-$98.97,-215.31%,SRCE,NASDAQ:SRCE,-0.645,$89.67,
NASDAQ:SSB,9 Oct 2025,$96.36,3,,,,$106.86,-9.83%,,,,,-100.00%,-$2.00,-101.87%,-$2.00,-101.87%,SSB,NYSE:SSB,-2.000,,
NYSE:SSB,19 Nov 2025,$91.92,3,,,0.97,$106.86,-13.98%,,,,$105.53,-1.24%,$0.00,-100.00%,$0.00,-100.00%,SSB,NYSE:SSB,-0.728,$119.86,
NASDAQ:SSNC,22 Jan 2026,$86.73,3,$103.29,6,0.66,$82.95,4.56%,,,,$79.18,-4.54%,$133.68,61.16%,$183.77,121.55%,SSNC,NASDAQ:SSNC,-0.867,$92.33,11.87%
NASDAQ:SSRM,19 Aug 2025,$11.31,2,,,0.82,$37.77,-70.06%,,,,$33.04,-12.52%,$0.00,-100.00%,$0.00,-100.00%,SSRM,NASDAQ:SSRM,-0.790,$41.40,
NYSE:ST,16 Feb 2026,$42.55,5,$38.40,4,1.51,$42.83,-10.34%,,,,$42.19,-1.49%,$64.86,51.42%,$79.41,85.41%,ST,NYSE:ST,-0.516,$52.91,-27.42%
NYSE:STAG,19 Aug 2025,$40.11,5,$38.25,9,1.37,$36.67,4.31%,,,,$36.15,-1.42%,$50.56,37.87%,$78.04,112.81%,STAG,NYSE:STAG,-0.556,$42.08,-9.10%
NASDAQ:STBA,27 May 2026,$47.60,3,$44.00,7,1.19,$50.38,-12.66%,,,,$49.60,-1.55%,$0.00,-100.00%,$0.00,-100.00%,STBA,NASDAQ:STBA,-0.617,$53.33,-17.49%
NYSE:STC,27 Jul 2026,$72.68,3,$79.00,7,1.08,$69.20,5.03%,5.03%,$72.68,$82.25,$67.69,-2.18%,$0.00,-100.00%,$0.00,-100.00%,STC,NYSE:STC,-0.695,$82.25,-3.95%
NYSE:STE,4 Dec 2025,$261.00,3,$290.00,2,0.82,$237.93,9.69%,,,,$229.79,-3.42%,$0.00,-100.00%,$0.00,-100.00%,STE,NYSE:STE,-0.791,$263.12,10.22%
NYSE:STEL,19 Nov 2025,$31.12,3,$32.50,5,,,#DIV/0!,,,,,#DIV/0!,-$2.00,#DIV/0!,-$2.00,#DIV/0!,STEL,NYSE:STEL,-2.000,,
NASDAQ:STIM,4 Dec 2025,$1.24,3,,4,0.81,$3.00,-58.78%,,,,$2.95,-1.67%,$0.00,-100.00%,$0.00,-100.00%,STIM,NASDAQ:STIM,-0.863,$6.00,
NASDAQ:STKL,24 Aug 2025,$6.28,3,$10.00,3,,,#DIV/0!,,,,,#DIV/0!,-$2.00,#DIV/0!,-$2.00,#DIV/0!,STKL,NASDAQ:STKL,-2.000,,
NYSE:STLA,15 Dec 2025,$15.78,3,$11.43,6,1.35,$5.41,111.28%,,,,$5.24,-3.14%,$0.00,-100.00%,$0.00,-100.00%,STLA,NYSE:STLA,-0.599,$6.98,63.75%
NASDAQ:STLD,20 Aug 2024,$128.16,3,,,1.02,$228.68,-43.96%,,,,$220.41,-3.62%,$252.06,10.22%,$296.15,29.51%,STLD,NASDAQ:STLD,-0.724,$272.64,
NYSE:STM,5 Feb 2026,$31.81,3,,,0.92,$50.56,-37.08%,,,,$49.28,-2.53%,$51.94,2.73%,$48.57,-3.93%,STM,NYSE:STM,-0.812,$71.52,
NYSE:STN,23 Aug 2024,$76.85,2,,,0.97,$74.07,3.76%,,,,$73.03,-1.40%,$0.00,-100.00%,$0.00,-100.00%,STN,NYSE:STN,-0.765,$94.28,
NASDAQ:STNE,1 Dec 2025,$15.75,3,$21.00,6,2.05,$9.36,68.26%,,,,$9.26,-1.07%,$0.00,-100.00%,$0.00,-100.00%,STNE,NASDAQ:STNE,-0.313,$15.65,34.19%
NASDAQ:STRL,12 Jun 2025,$186.70,3,,,0.96,$516.81,-63.87%,,,,$500.06,-3.24%,$0.00,-100.00%,$0.00,-100.00%,STRL,NASDAQ:STRL,-0.796,$905.33,
NYSE:STT,22 Feb 2026,$119.80,2,$144.32,7,1.08,$187.13,-35.98%,,,,$183.57,-1.90%,$0.00,-100.00%,$0.00,-100.00%,STT,NYSE:STT,-0.668,$199.50,-27.66%
NYSE:STVN,16 Feb 2026,$17.21,3,$23.83,3,0.69,$22.60,-23.84%,,,,$20.76,-8.14%,$0.00,-100.00%,$0.00,-100.00%,STVN,NYSE:STVN,-0.850,$24.74,-3.68%
NYSE:SU,30 Jun 2026,$58.27,3,$71.58,9,1.51,$68.42,-14.83%,,,,$67.35,-1.56%,$0.00,-100.00%,$0.00,-100.00%,SU,NYSE:SU,-0.469,$70.82,1.07%
NASDAQ:SUPN,23 Dec 2025,$50.64,3,$61.33,10,0.72,$45.85,10.44%,,,,$47.17,2.88%,$95.70,108.72%,$118.42,158.28%,SUPN,NASDAQ:SUPN,-0.889,$61.75,-0.68%
NYSE:SUPV,19 Nov 2025,$12.63,4,$12.00,5,1.21,$7.90,51.90%,,,,$7.50,-5.06%,$0.00,-100.00%,$0.00,-100.00%,SUPV,NYSE:SUPV,-0.683,$12.92,-7.12%
NYSEAMERICAN:SVM,20 Aug 2025,$6.52,0,,1,,$12.53,-47.96%,,,,,-100.00%,-$2.00,-115.96%,-$2.00,-115.96%,SVM,NYSEAMERICAN:SVM,-2.000,,
NYSE:SW,22 Aug 2025,$50.29,5,$54.66,8,1.20,$49.39,1.83%,,,,$46.85,-5.14%,$17.41,-64.74%,$63.53,28.63%,SW,NYSE:SW,-0.632,$56.43,-3.14%
NASDAQ:SWKS,27 Apr 2026,$82.45,5,$63.83,1,1.24,$67.14,-4.93%,,,,$67.17,0.04%,$144.94,115.88%,$168.84,151.48%,SWKS,NASDAQ:SWKS,-0.584,$68.25,-6.48%
NYSE:SXI,11 Nov 2025,$213.24,3,$264.25,5,0.96,$310.28,-31.28%,,,,$307.51,-0.89%,$319.72,3.04%,$362.54,16.84%,SXI,NYSE:SXI,-0.726,$338.40,-21.91%
NASDAQ:SYBT,13 Apr 2026,$73.37,3,$77.00,4,0.68,$81.93,-10.45%,,,,$79.80,-2.60%,$0.00,-100.00%,$0.00,-100.00%,SYBT,NASDAQ:SYBT,-0.855,$90.20,-14.63%
NYSE:SYF,19 Feb 2026,$71.94,3,$91.60,6,0.84,$79.47,-9.47%,,,,$78.16,-1.65%,$0.00,-100.00%,$0.00,-100.00%,SYF,NYSE:SYF,-0.789,$89.09,2.82%
NYSE:SYK,11 Dec 2025,$359.86,3,$434.53,3,0.58,$329.45,9.23%,,,,$320.76,-2.64%,$0.00,-100.00%,$0.00,-100.00%,SYK,NYSE:SYK,-0.911,$382.88,13.49%
NASDAQ:SYM,19 Nov 2025,$41.10,2,$52.14,6,0.77,$41.83,-1.75%,,,,$38.62,-7.67%,$0.00,-100.00%,$0.00,-100.00%,SYM,NASDAQ:SYM,-0.881,$64.32,-18.94%
NASDAQ:SYNA,27 Jan 2026,$98.81,4,$93.33,9,0.77,$97.66,-4.43%,,,,$98.22,0.57%,$0.00,-100.00%,$0.00,-100.00%,SYNA,NASDAQ:SYNA,-0.865,$130.33,-28.39%
NYSE:SYY,23 Aug 2024,$74.21,3,,,1.20,$84.10,-11.76%,,,,$81.39,-3.22%,$0.00,-100.00%,$0.00,-100.00%,SYY,NYSE:SYY,-0.616,$90.31,
NYSE:TAK,19 Oct 2025,$15.76,5,$18.00,6,1.11,$18.18,-13.31%,,,,$18.03,-0.83%,$6.98,-61.62%,$10.64,-41.47%,TAK,NYSE:TAK,-0.686,$21.94,-17.96%
NYSE:TAL,20 Aug 2025,$11.69,3,$12.31,4,0.80,$11.32,3.26%,,,,$11.69,3.27%,$0.00,-100.00%,$0.00,-100.00%,TAL,NYSE:TAL,-0.866,$16.01,-23.11%
NASDAQ:TASK,30 Jan 2026,$15.02,3,$15.90,2,2.18,$8.08,85.88%,,,,$7.45,-7.80%,$0.00,-100.00%,$0.00,-100.00%,TASK,NASDAQ:TASK,-0.178,$8.50,87.06%
NASDAQ:TATT,24 Oct 2025,$40.25,3,,,0.98,$36.89,9.11%,,,,$37.78,2.41%,$0.00,-100.00%,$0.00,-100.00%,TATT,NASDAQ:TATT,-0.788,$60.71,
NYSE:TBB,6 Nov 2025,$23.22,1,,1,,$22.69,2.34%,,,,,-100.00%,-$2.00,-108.81%,-$2.00,-108.81%,TBB,NYSE:TBB,-2.000,,
NYSE:TBBB,13 Jun 2025,$23.99,3,,,0.64,$50.66,-52.65%,,,,$47.22,-6.79%,$0.00,-100.00%,$0.00,-100.00%,TBBB,NYSE:TBBB,-0.832,$47.17,
NASDAQ:TBBK,1 Jun 2026,$64.98,3,$66.00,4,0.65,$67.19,-3.28%,,,,$65.34,-2.75%,$0.00,-100.00%,$0.00,-100.00%,TBBK,NASDAQ:TBBK,-0.901,$84.33,-21.74%
NASDAQ:TBCH,27 Jan 2026,$17.12,3,$19.75,6,0.76,$12.66,35.23%,,,,$12.03,-4.98%,$0.00,-100.00%,$0.00,-100.00%,TBCH,NASDAQ:TBCH,-0.863,$16.40,20.43%
NYSE:TBN,11 Dec 2025,$26.01,3,$37.75,8,0.59,$37.97,-31.50%,,,,$35.70,-5.98%,$28.25,-25.61%,$28.27,-25.55%,TBN,NYSE:TBN,-0.960,$55.17,-31.58%
NASDAQ:TBRG,31 Dec 2025,$24.09,3,$21.00,5,,,#DIV/0!,,,,,#DIV/0!,-$2.00,#DIV/0!,-$2.00,#DIV/0!,TBRG,NASDAQ:TBRG,-2.000,,
NASDAQ:TCBI,27 May 2026,$96.83,3,$105.20,4,0.84,$98.30,-1.49%,,,,$95.92,-2.42%,-$413.42,-520.56%,-$399.43,-506.34%,TCBI,NASDAQ:TCBI,-0.786,$109.31,-3.76%
NASDAQ:TCBK,27 May 2026,$51.81,3,$63.00,3,1.41,$55.07,-5.92%,,,,$55.51,0.80%,$0.00,-100.00%,$0.00,-100.00%,TCBK,NASDAQ:TCBK,-0.538,$62.81,0.30%
NYSE:TCBX,1 Jun 2026,$39.78,3,$45.00,5,0.88,$45.49,-12.54%,,,,$44.83,-1.45%,$0.00,-100.00%,$0.00,-100.00%,TCBX,NYSE:TCBX,-0.744,$45.50,-1.10%
NASDAQ:TCMD,4 Dec 2025,$31.83,5,$26.67,8,0.77,$23.82,11.96%,,,,$22.79,-4.32%,$0.00,-100.00%,$0.00,-100.00%,TCMD,NASDAQ:TCMD,-0.881,$38.25,-30.27%
NYSE:TD,19 Aug 2025,$67.13,3,$73.85,7,1.20,$117.15,-42.70%,,,,$117.68,0.45%,-$586.84,-600.93%,-$575.28,-591.06%,TD,NYSE:TD,-0.593,$114.38,-35.43%
NYSE:TDC,11 Feb 2026,$35.11,5,$32.80,10,0.70,$27.69,18.45%,,,,$27.01,-2.46%,$0.00,-100.00%,$0.00,-100.00%,TDC,NYSE:TDC,-0.874,$34.00,-3.53%
NYSE:TDG,20 Sep 2024,"$1,185.75",2,"$1,509.83",4,0.94,"$1,200.35",-1.22%,,,,"$1,200.95",0.05%,$0.00,-100.00%,$0.00,-100.00%,TDG,NYSE:TDG,-0.774,"$1,522.79",-0.85%
NYSE:TDOC,22 Aug 2025,$12.69,3,$9.06,7,0.83,$6.39,41.78%,,,,$6.38,-0.16%,$16.45,157.50%,$35.97,462.90%,TDOC,NYSE:TDOC,-0.813,$7.74,17.05%
NASDAQ:TEAM,11 Dec 2025,$216.58,3,$237.35,8,0.71,$171.81,26.06%,,,,$158.00,-8.04%,$0.00,-100.00%,$0.00,-100.00%,TEAM,NASDAQ:TEAM,-0.840,$187.93,26.30%
NYSE:TEL,19 Jan 2026,$189.61,1,$275.58,6,0.91,$203.52,-6.84%,,,,$199.94,-1.76%,$403.60,98.31%,$459.96,126.00%,TEL,NYSE:TEL,-0.774,$246.79,11.67%
NYSE:TEN,29 Apr 2026,$34.19,3,$50.00,8,1.94,$42.71,-19.95%,,,,$42.29,-0.98%,$94.11,120.34%,$105.50,147.01%,TEN,NYSE:TEN,-0.288,$46.00,8.70%
NASDAQ:TENB,23 Dec 2025,$34.90,3,$37.75,7,0.73,$34.38,1.51%,,,,$33.97,-1.19%,$44.90,30.59%,$45.67,32.84%,TENB,NASDAQ:TENB,-0.815,$35.35,6.79%
NYSE:TEO,18 Sep 2025,$8.99,5,$9.60,3,1.80,$13.14,-31.58%,,,,$13.14,0.00%,$0.00,-100.00%,$0.00,-100.00%,TEO,NYSE:TEO,-0.371,$15.34,-37.42%
NASDAQ:TER,19 Jan 2026,$152.12,1,$213.18,7,0.81,$375.74,-59.52%,,,,$366.69,-2.41%,"$174,494.03",46340.10%,"$184,742.51",49067.64%,TER,NASDAQ:TER,-0.818,$449.80,-52.61%
NYSE:TFC,19 Nov 2025,$46.61,3,$49.70,7,1.31,$50.42,-7.55%,,,,$50.66,0.48%,$0.00,-100.00%,$0.00,-100.00%,TFC,NYSE:TFC,-0.573,$54.92,-9.50%
NASDAQ:TFIN,2 Oct 2025,$64.43,3,$64.00,1,,$74.95,-14.61%,,,,,-100.00%,-$2.00,-102.67%,-$2.00,-102.67%,TFIN,NYSE:TFIN,-2.000,,
NYSE:TFIN,19 Nov 2025,$53.40,3,,,0.77,$74.95,-28.75%,,,,$72.60,-3.14%,-$144.62,-292.95%,"$1,050.62",1301.76%,TFIN,NYSE:TFIN,-0.825,$85.80,
NYSE:TFPM,16 Aug 2025,$20.81,1,,,0.87,$33.79,-38.41%,,,,$31.64,-6.36%,$0.00,-100.00%,$0.00,-100.00%,TFPM,NYSE:TFPM,-0.781,$39.25,
NASDAQ:TFSL,12 Oct 2025,$12.76,3,$13.50,4,1.71,$17.64,-27.66%,,,,$17.21,-2.44%,$0.00,-100.00%,$0.00,-100.00%,TFSL,NASDAQ:TFSL,-0.390,$19.00,-28.95%
NYSE:TGLS,23 Aug 2025,$69.51,3,,,0.98,$41.03,69.41%,,,,$39.39,-4.00%,$45.79,11.59%,$49.14,19.76%,TGLS,NYSE:TGLS,-0.780,$56.33,
NYSE:TGS,19 Nov 2025,$29.26,3,$13.33,7,1.32,$28.10,-52.56%,,,,$27.41,-2.46%,$0.00,-100.00%,$0.00,-100.00%,TGS,NYSE:TGS,-0.633,$41.29,-67.72%
NYSE:TGT,21 Sep 2025,$120.25,3,$103.27,3,1.03,$165.44,-37.58%,,,,$145.04,-12.33%,$0.00,-100.00%,$0.00,-100.00%,TGT,NYSE:TGT,-0.645,$144.31,-28.44%
NASDAQ:THFF,27 May 2026,$67.98,3,$70.00,5,1.15,$79.05,-14.00%,,,,$78.01,-1.32%,$0.00,-100.00%,$0.00,-100.00%,THFF,NASDAQ:THFF,-0.638,$84.00,-16.67%
NYSE:THO,29 Jul 2024,$143.00,5,,,0.88,$79.49,79.90%,,,,$77.84,-2.08%,$162.58,104.53%,$212.34,167.13%,THO,NYSE:THO,-0.773,$90.50,
NYSE:THR,19 Nov 2025,$40.68,4,$38.00,8,,,#DIV/0!,,,,,#DIV/0!,-$2.00,#DIV/0!,-$2.00,#DIV/0!,THR,NYSE:THR,-2.000,,
NASDAQ:THRY,11 Feb 2026,$8.29,3,$13.00,2,0.80,$2.08,298.39%,,,,$1.92,-7.69%,$0.00,-100.00%,$0.00,-100.00%,THRY,NASDAQ:THRY,-0.868,$4.00,225.00%
NASDAQ:TIGR,24 Oct 2025,$10.39,3,$11.86,9,0.61,$5.33,94.93%,,,,$4.57,-14.26%,$61.47,1053.31%,$62.01,1063.50%,TIGR,NASDAQ:TIGR,-0.950,$7.69,54.23%
NASDAQ:TILE,13 Feb 2025,$17.99,3,$30.00,7,0.67,$38.94,-53.81%,,,,$37.85,-2.80%,$0.00,-100.00%,$0.00,-100.00%,TILE,NASDAQ:TILE,-0.872,$45.25,-33.70%
NYSE:TJX,18 Aug 2025,$107.88,1,$144.77,9,1.11,$140.53,-23.23%,,,,$140.39,-0.10%,$0.00,-100.00%,$0.00,-100.00%,TJX,NYSE:TJX,-0.699,$177.40,-18.39%
NASDAQ:TKLF,19 Oct 2025,$5.59,3,,,,$1.75,219.43%,,,,,-100.00%,-$2.00,-214.29%,-$2.00,-214.29%,TKLF,NASDAQ:TKLF,-2.000,,
NYSE:TKR,16 Jun 2026,$121.71,2,$138.67,6,1.06,$125.10,-2.71%,,,,$122.90,-1.76%,$0.00,-100.00%,$0.00,-100.00%,TKR,NYSE:TKR,-0.703,$147.20,-5.79%
NASDAQ:TLRY,14 Aug 2025,$1.31,3,,,0.92,$4.84,-73.00%,,,,$4.40,-9.09%,$5.03,3.86%,$6.65,37.35%,TLRY,NASDAQ:TLRY,-0.813,$7.84,
NASDAQ:TLSI,11 Dec 2025,$8.40,3,$11.60,9,0.86,$5.27,59.36%,,,,$5.24,-0.57%,$0.00,-100.00%,$0.00,-100.00%,TLSI,NASDAQ:TLSI,-0.842,$10.00,16.00%
NASDAQ:TLX,11 Dec 2025,$12.46,3,,,0.70,$11.33,9.94%,,,,$11.63,2.65%,$0.00,-100.00%,$0.00,-100.00%,TLX,NASDAQ:TLX,-0.911,$21.13,
NYSE:TM,15 Dec 2025,$215.08,5,,9,,$197.35,8.98%,,,,$0.00,-100.00%,"-$45,495.70",-23153.31%,"-$45,035.41",-22920.07%,TM,NYSE:TM,-1.034,$231.58,
NASDAQ:TMC,18 Aug 2025,$4.39,3,,,1.14,$4.79,-8.39%,,,,$3.71,-22.55%,$0.00,-100.00%,$0.00,-100.00%,TMC,NASDAQ:TMC,-0.716,$10.80,
NASDAQ:TMCI,4 Dec 2025,$3.25,3,$5.47,4,0.78,$4.34,-25.17%,,,,$4.27,-1.61%,$0.00,-100.00%,$0.00,-100.00%,TMCI,NASDAQ:TMCI,-0.846,$5.50,-0.55%
NASDAQ:TMDX,11 Dec 2025,$138.40,3,$147.00,8,0.60,$94.77,46.04%,,,,$87.87,-7.28%,$0.00,-100.00%,$0.00,-100.00%,TMDX,NASDAQ:TMDX,-0.872,$97.30,51.08%
NYSE:TME,12 Aug 2025,$23.93,3,$19.85,8,0.92,$8.80,125.57%,,,,$8.63,-1.93%,$0.00,-100.00%,$0.00,-100.00%,TME,NYSE:TME,-0.812,$13.16,50.84%
NYSE:TMHC,15 Jun 2026,$82.94,4,$62.90,9,,$72.45,-13.18%,,,,$0.00,-100.00%,$141.67,95.54%,$144.91,100.02%,TMHC,NYSE:TMHC,-1.002,$66.75,-5.77%
NYSEAMERICAN:TMP,2 Oct 2025,$65.36,1,,,,$97.91,-33.24%,,,,,-100.00%,-$2.00,-102.04%,-$2.00,-102.04%,TMP,NYSEAMERICAN:TMP,-2.000,,
NYSE:TNC,11 Nov 2025,$100.24,5,$105.00,4,0.91,$68.68,45.95%,,,,$65.23,-5.02%,$0.00,-100.00%,$0.00,-100.00%,TNC,NYSE:TNC,-0.789,$87.75,19.66%
NASDAQ:TNDM,11 Dec 2025,$20.68,3,$23.06,9,0.64,$22.32,-7.34%,,,,$22.68,1.61%,$0.00,-100.00%,$0.00,-100.00%,TNDM,NASDAQ:TNDM,-0.914,$28.70,-19.65%
NYSE:TNET,15 Dec 2025,$73.13,3,$65.50,7,0.53,$70.48,-7.07%,,,,$67.72,-3.92%,$0.00,-100.00%,$0.00,-100.00%,TNET,NYSE:TNET,-0.880,$64.40,1.71%
NASDAQ:TOI,15 Aug 2025,$3.94,3,$6.25,8,0.53,$5.13,-23.22%,,,,$4.59,-10.53%,$3.32,-35.31%,$3.59,-30.03%,TOI,NASDAQ:TOI,-0.984,$8.40,-25.60%
NYSE:TOL,1 Apr 2026,$149.13,5,$165.90,4,0.88,$147.09,1.39%,,,,$143.14,-2.69%,$0.00,-100.00%,$0.00,-100.00%,TOL,NYSE:TOL,-0.773,$168.20,-1.37%
NYSE:TOST,22 Jan 2026,$36.30,3,$46.56,4,0.67,$36.64,-0.94%,,,,$34.06,-7.04%,$0.00,-100.00%,$0.00,-100.00%,TOST,NYSE:TOST,-0.849,$38.62,20.56%
NASDAQ:TOWN,2 Oct 2025,$37.19,3,$41.00,5,1.18,$37.75,-1.49%,,,,$36.92,-2.20%,$0.00,-100.00%,$0.00,-100.00%,TOWN,NASDAQ:TOWN,-0.623,$40.00,2.50%
NYSE:TPB,18 Sep 2025,$86.86,3,,,0.72,$83.41,4.13%,,,,$84.22,0.97%,$0.00,-100.00%,$0.00,-100.00%,TPB,NYSE:TPB,-0.901,$125.17,
NYSE:TPC,24 Dec 2025,$68.65,1,,,0.78,$91.27,-24.78%,,,,$84.44,-7.48%,$0.00,-100.00%,$0.00,-100.00%,TPC,NYSE:TPC,-0.849,$116.25,
NYSE:TPH,16 Mar 2026,$59.96,5,$46.50,1,,,#DIV/0!,,,,,#DIV/0!,-$2.00,#DIV/0!,-$2.00,#DIV/0!,TPH,NYSE:TPH,-2.000,,
NYSE:TPL,9 Apr 2025,$774.67,2,,9,0.65,$383.64,101.92%,,,,$359.02,-6.42%,$0.00,-100.00%,$0.00,-100.00%,TPL,NYSE:TPL,-0.878,$442.00,
NYSE:TPR,26 Aug 2025,$73.71,2,,,1.00,$130.17,-43.37%,,,,$129.10,-0.82%,$0.00,-100.00%,$0.00,-100.00%,TPR,NYSE:TPR,-0.753,$167.40,
NASDAQ:TREE,11 Aug 2025,$78.94,3,$63.86,8,0.70,$30.82,107.20%,,,,$30.19,-2.04%,$82.48,167.61%,$70.50,128.74%,TREE,NASDAQ:TREE,-0.910,$56.00,14.04%
NYSE:TREX,9 Apr 2024,$83.55,2,,,0.69,$46.83,78.42%,,,,$46.83,0.00%,$0.00,-100.00%,$0.00,-100.00%,TREX,NYSE:TREX,-0.865,$54.67,
NYSE:TRGP,1 Sep 2025,$152.25,2,$206.29,6,0.90,$299.10,-49.10%,,,,$288.15,-3.66%,$0.00,-100.00%,$0.00,-100.00%,TRGP,NYSE:TRGP,-0.736,$300.05,-31.25%
NASDAQ:TRI,26 Aug 2025,$160.83,2,,,1.02,$105.53,52.40%,,,,$98.75,-6.42%,$0.00,-100.00%,$0.00,-100.00%,TRI,NASDAQ:TRI,-0.714,$122.29,
NASDAQ:TRMB,29 Jan 2026,$71.27,3,$98.71,5,0.88,$60.25,18.29%,,,,$56.10,-6.89%,$0.00,-100.00%,$0.00,-100.00%,TRMB,NASDAQ:TRMB,-0.815,$80.09,23.25%
NASDAQ:TRMK,19 Nov 2025,$39.99,3,$42.50,4,1.24,$46.52,-14.04%,,,,$46.18,-0.73%,$0.00,-100.00%,$0.00,-100.00%,TRMK,NASDAQ:TRMK,-0.597,$49.25,-13.71%
NYSE:TRN,23 Aug 2025,$33.90,4,$29.00,3,1.13,$29.79,-2.65%,,,,$28.94,-2.85%,$35.56,19.38%,-$2.73,-109.17%,TRN,NYSE:TRN,-0.661,$34.00,-14.71%
NASDAQ:TROW,8 Jan 2026,$118.25,5,$113.60,7,1.17,$111.51,1.87%,,,,$110.12,-1.25%,$0.00,-100.00%,$0.00,-100.00%,TROW,NASDAQ:TROW,-0.612,$109.92,3.35%
NASDAQ:TRST,19 Nov 2025,$40.35,3,,3,0.97,$56.83,-29.00%,,,,$55.81,-1.79%,$0.00,-100.00%,$0.00,-100.00%,TRST,NASDAQ:TRST,-0.615,$26.00,
NYSE:TRV,18 Sep 2025,$253.19,2,,,1.08,$363.58,-30.36%,,,,$358.91,-1.28%,$450.48,23.90%,$504.02,38.63%,TRV,NYSE:TRV,-0.653,$360.33,
NASDAQ:TSAT,19 Jan 2026,$24.33,2,,1,0.72,$44.29,-45.07%,,,,$44.54,0.56%,$0.00,-100.00%,$0.00,-100.00%,TSAT,NASDAQ:TSAT,-0.726,$19.04,
NASDAQ:TSCO,23 July 2026,$47.09,3,$39.00,4,1.15,$34.98,11.49%,,,,$34.62,-1.03%,$38.52,10.12%,$47.98,37.16%,TSCO,NASDAQ:TSCO,-0.625,$35.52,9.80%
NASDAQ:TSEM,9 Feb 2026,$95.60,2,$131.00,10,1.19,$222.59,-57.05%,,,,$222.86,0.12%,$0.00,-100.00%,$0.00,-100.00%,TSEM,NASDAQ:TSEM,-0.692,$321.32,-59.23%
NASDAQ:TSLA,15 Dec 2025,$312.61,1,$386.42,7,0.66,$362.86,-13.85%,,,,$327.73,-9.68%,$354.43,-2.32%,$349.81,-3.60%,TSLA,NASDAQ:TSLA,-0.859,$395.34,-2.26%
NYSE:TSN,26 Jun 2026,$58.80,4,$73.00,9,1.19,$58.48,0.55%,,,,$58.01,-0.80%,$0.00,-100.00%,$0.00,-100.00%,TSN,NYSE:TSN,-0.644,$68.75,6.18%
NASDAQ:TSSI,4 Feb 2026,$12.86,4,$15.00,2,0.79,$8.75,46.97%,,,,$8.75,0.00%,$0.00,-100.00%,$0.00,-100.00%,TSSI,NASDAQ:TSSI,-0.872,$16.50,-9.09%
NYSE:TT,31 Mar 2026,$379.88,2,$480.38,10,1.16,$453.43,-16.22%,,,,$448.92,-0.99%,$679.84,49.93%,$711.60,56.94%,TT,NYSE:TT,-0.653,$526.99,-8.84%
NYSE:TTC,3 Apr 2024,$80.79,2,,,1.15,$99.44,-18.76%,,,,$96.25,-3.21%,$162.00,62.91%,$176.67,77.67%,TTC,NYSE:TTC,-0.643,$109.25,
NASDAQ:TTGT,30 Jan 2026,$10.74,3,,,0.78,$3.82,181.09%,,,,$3.69,-3.40%,$0.00,-100.00%,$0.00,-100.00%,TTGT,NASDAQ:TTGT,-0.875,$7.67,
NASDAQ:TTMI,5 Feb 2026,$83.36,2,$100.00,7,0.93,$110.54,-24.58%,,,,$111.99,1.31%,$0.00,-100.00%,$0.00,-100.00%,TTMI,NASDAQ:TTMI,-0.811,$214.25,-53.33%
NASDAQ:TTWO,12 Oct 2025,$173.47,1,,,0.72,$239.62,-27.61%,,,,$230.71,-3.72%,$0.00,-100.00%,$0.00,-100.00%,TTWO,NASDAQ:TTWO,-0.857,$286.89,
NYSE:TUYA,19 Aug 2025,$2.34,3,,,,$1.80,30.17%,,,,,-100.00%,-$2.00,-211.11%,-$2.00,-211.11%,TUYA,NYSE:TUYA,-2.000,,
NYSE:TV,3 Oct 2025,$2.63,3,$4.70,6,1.24,$2.78,-5.35%,,,,$2.67,-3.96%,$67.80,2338.90%,$185.73,6580.97%,TV,NYSE:TV,-0.671,$3.89,20.82%
NYSE:TWI,20 Sep 2024,$12.61,3,,,0.80,$7.15,76.32%,,,,$6.24,-12.73%,$10.75,50.42%,-$0.59,-108.26%,TWI,NYSE:TWI,-0.866,$11.75,
NYSE:TWLO,27 Jan 2026,$126.44,3,$147.11,8,0.73,$225.30,-43.88%,,,,$215.70,-4.26%,$0.00,-100.00%,$0.00,-100.00%,TWLO,NYSE:TWLO,-0.831,$250.08,-41.17%
NASDAQ:TXN,19 Jan 2026,$191.02,3,,,1.30,$264.36,-27.74%,,,,$264.76,0.15%,$328.05,24.09%,$350.13,32.44%,TXN,NASDAQ:TXN,-0.607,$324.45,
NASDAQ:TXRH,18 Sep 2025,$146.40,1,,,1.00,$204.48,-28.40%,,,,$200.46,-1.97%,$0.00,-100.00%,$0.00,-100.00%,TXRH,NASDAQ:TXRH,-0.704,$217.74,
NYSE:TYL,24 Aug 2025,$541.31,3,$682.54,7,0.74,$350.73,54.34%,,,,$324.42,-7.50%,$0.00,-100.00%,$0.00,-100.00%,TYL,NYSE:TYL,-0.853,$426.64,59.98%
NYSE:UA,23 Dec 2025,$10.78,3,$7.50,4,1.05,$5.24,43.13%,,,,$4.91,-6.30%,$0.00,-100.00%,$0.00,-100.00%,UA,NYSE:UA,-0.757,$14.00,-46.43%
NYSE:UAA,23 Dec 2025,$11.22,3,$5.58,3,0.88,$5.39,3.53%,,,,$4.99,-7.42%,$0.00,-100.00%,$0.00,-100.00%,UAA,NYSE:UAA,-0.785,$6.40,-12.81%
NYSEAMERICAN:UAMY,3 Jul 2025,$7.55,1,$4.94,7,,,#DIV/0!,,,,,#DIV/0!,-$2.00,#DIV/0!,-$2.00,#DIV/0!,UAMY,NYSEAMERICAN:UAMY,-2.000,,
NYSE:UBER,3 Feb 2026,$84.31,3,$111.26,7,0.78,$78.80,6.99%,,,,$72.28,-8.27%,$0.00,-100.00%,$0.00,-100.00%,UBER,NYSE:UBER,-0.850,$101.50,9.62%
NYSE:UBS,19 Aug 2025,$37.97,3,,,1.17,$53.29,-28.75%,,,,$52.51,-1.46%,-$217.55,-508.24%,-$223.34,-519.11%,UBS,NYSE:UBS,-0.622,$55.03,
NASDAQ:UBSI,27 May 2026,$44.17,3,$47.00,7,1.78,$47.81,-7.61%,,,,$47.81,0.00%,$0.00,-100.00%,$0.00,-100.00%,UBSI,NASDAQ:UBSI,-0.353,$50.33,-6.62%
NASDAQ:UCB,21 Oct 2025,$31.41,3,$35.00,5,,$35.58,-11.72%,,,,,-100.00%,-$2.00,-105.62%,-$2.00,-105.62%,UCB,NYSE:UCB,-2.000,,
NYSE:UCB,19 Nov 2025,$31.12,3,$35.33,7,1.41,$35.58,-12.54%,,,,$35.52,-0.17%,$0.00,-100.00%,$0.00,-100.00%,UCB,NYSE:UCB,-0.529,$38.92,-9.22%
NASDAQ:UDMY,20 Aug 2025,$10.79,4,$10.00,5,,,#DIV/0!,,,,,#DIV/0!,-$2.00,#DIV/0!,-$2.00,#DIV/0!,UDMY,NASDAQ:UDMY,-2.000,,
NYSE:UDR,10 Sep 2025,$42.82,4,$44.23,9,1.84,$37.77,13.37%,,,,$37.31,-1.22%,$0.00,-100.00%,$0.00,-100.00%,UDR,NYSE:UDR,-0.342,$42.07,5.13%
NASDAQ:UFPI,31 Jan 2025,$119.95,3,$155.00,3,0.94,$88.80,35.08%,,,,$85.35,-3.89%,$164.12,84.82%,$193.97,118.43%,UFPI,NASDAQ:UFPI,-0.750,$102.00,51.96%
NASDAQ:UFPT,4 Dec 2025,$299.56,3,,5,0.85,$309.13,-3.10%,,,,$305.86,-1.06%,$0.00,-100.00%,$0.00,-100.00%,UFPT,NASDAQ:UFPT,-0.790,$355.00,
NYSE:UGP,20 Aug 2025,$4.45,3,$4.00,5,1.37,$6.74,-40.65%,,,,$6.46,-4.15%,$0.00,-100.00%,$0.00,-100.00%,UGP,NYSE:UGP,-0.526,$6.72,-40.48%
NYSE:UI,26 Jan 2026,$379.66,1,,,0.74,$559.00,-32.08%,,,,$557.36,-0.29%,$760.58,36.06%,$765.62,36.96%,UI,NYSE:UI,-0.892,$826.00,
NYSE:UIS,29 Jan 2026,$4.30,3,$4.00,5,0.97,$2.74,45.99%,,,,$2.64,-3.65%,$9.90,261.50%,$0.34,-87.73%,UIS,NYSE:UIS,-0.791,$4.81,-16.84%
NYSE:UL,10 Sep 2025,$66.09,3,$67.00,6,1.50,$64.14,3.04%,,,,$62.31,-2.85%,$0.00,-100.00%,$0.00,-100.00%,UL,NYSE:UL,-0.502,$73.97,-9.42%
NYSE:ULS,19 Aug 2025,$55.15,1,,,0.78,$75.06,-26.52%,,,,$74.09,-1.29%,$0.00,-100.00%,$0.00,-100.00%,ULS,NYSE:ULS,-0.853,$97.32,
NASDAQ:UMBF,27 May 2026,$132.22,3,$147.00,9,0.77,$145.14,-8.90%,,,,$142.55,-1.78%,$0.00,-100.00%,$0.00,-100.00%,UMBF,NASDAQ:UMBF,-0.825,$167.31,-12.14%
NYSE:UMC,19 Jan 2026,$9.15,3,,,1.87,$18.34,-50.11%,,,,$18.06,-1.53%,$44.26,141.31%,$66.83,264.39%,UMC,NYSE:UMC,-0.304,$18.49,
NYSE:UNFI,24 Mar 2026,$78.83,5,$44.00,7,0.92,$48.04,-8.41%,,,,$46.15,-3.93%,-$2.36,-104.91%,$60.43,25.78%,UNFI,NYSE:UNFI,-0.729,$49.38,-10.90%
NYSE:UNM,17 Feb 2025,$69.73,2,$100.00,7,1.50,$87.77,-20.56%,,,,$87.31,-0.52%,-$139.60,-259.06%,-$128.43,-246.32%,UNM,NYSE:UNM,-0.501,$101.46,-1.44%
NYSE:UNP,21 May 2024,$230.08,3,,,1.02,$308.05,-25.31%,,,,$297.62,-3.39%,$331.19,7.51%,$369.39,19.91%,UNP,NYSE:UNP,-0.695,$329.25,
NASDAQ:UPBD,5 Feb 2026,$31.13,3,$29.00,6,2.16,$18.80,54.26%,,,,$19.33,2.82%,$62.42,232.00%,$384.63,1945.88%,UPBD,NASDAQ:UPBD,-0.260,$28.25,2.65%
NASDAQ:URBN,4 Apr 2026,$63.30,3,$87.71,9,0.93,$74.24,-14.74%,,,,$72.85,-1.87%,$157.20,111.75%,$141.59,90.72%,URBN,NASDAQ:URBN,-0.757,$86.69,1.18%
NYSE:URI,9 Apr 2025,$683.12,5,$774.77,6,0.78,"$1,098.51",-37.81%,,,,"$1,083.20",-1.39%,"$1,638.50",49.16%,"$2,472.09",125.04%,URI,NYSE:URI,-0.821,"$1,272.43",-39.11%
NASDAQ:UROY,18 Aug 2025,$3.73,4,$3.44,6,0.75,$4.38,-21.46%,,,,$3.98,-9.13%,$0.00,-100.00%,$0.00,-100.00%,UROY,NASDAQ:UROY,-0.786,$4.12,-16.50%
NASDAQ:USAR,22 Jan 2026,$17.53,3,,,0.82,$19.26,-8.98%,,,,$17.79,-7.63%,$0.00,-100.00%,$0.00,-100.00%,USAR,NASDAQ:USAR,-0.857,$37.38,
NYSE:USB,20 Mar 2026,$56.96,3,$64.06,8,1.51,$62.05,-8.20%,,,,$62.56,0.82%,$0.00,-100.00%,$0.00,-100.00%,USB,NYSE:USB,-0.491,$70.32,-8.90%
NYSEAMERICAN:USBC,29 Jan 2026,$0.61,1,,,,$0.41,48.78%,,,,,-100.00%,-$2.00,-587.80%,-$2.00,-587.80%,USBC,NYSEAMERICAN:USBC,-2.000,,
NASDAQ:UTHR,23 Dec 2025,$479.02,3,$521.25,5,0.86,$513.12,-6.64%,,,,$512.06,-0.21%,$0.00,-100.00%,$0.00,-100.00%,UTHR,NASDAQ:UTHR,-0.813,$653.23,-20.20%
NYSE:UTL,23 Jun 2026,$55.21,4,,,1.20,$53.17,3.83%,,,,$53.56,0.73%,$0.00,-100.00%,$0.00,-100.00%,UTL,NYSE:UTL,-0.608,$55.33,
NASDAQ:UVSP,19 Nov 2025,$30.95,3,$34.00,4,1.39,$41.62,-25.63%,,,,$41.51,-0.26%,$0.00,-100.00%,$0.00,-100.00%,UVSP,NASDAQ:UVSP,-0.537,$45.50,-25.27%
NYSE:UVV,17 Mar 2026,$66.56,4,,2,1.82,$45.00,47.91%,,,,$44.48,-1.16%,$0.00,-100.00%,$0.00,-100.00%,UVV,NYSE:UVV,-0.413,$67.00,
NYSE:UWMC,26 Jun 2026,$3.01,4,$4.39,2,1.82,$1.40,115.00%,,,,$1.46,4.29%,$0.00,-100.00%,$0.00,-100.00%,UWMC,NYSE:UWMC,-0.411,$2.22,97.75%
NYSE:V,7 Sep 2025,$315.05,2,$397.95,10,0.74,$371.04,-15.09%,,,,$355.42,-4.21%,$567.61,52.98%,$581.24,56.65%,V,NYSE:V,-0.829,$416.20,-4.38%
NYSE:VAL,30 Jun 2026,$84.57,3,$98.00,7,0.47,$87.76,-3.63%,,,,$84.17,-4.09%,$0.00,-100.00%,$0.00,-100.00%,VAL,NYSE:VAL,-0.878,$69.05,41.93%
NYSE:VALE,14 Jan 2026,$14.72,4,$14.34,10,0.92,$14.59,-1.71%,,,,$13.66,-6.37%,$0.00,-100.00%,$0.00,-100.00%,VALE,NYSE:VALE,-0.757,$16.82,-14.74%
NASDAQ:VBNK,24 Aug 2025,$12.54,3,$12.24,3,1.05,$19.82,-38.24%,,,,$19.12,-3.53%,-$38.63,-294.88%,-$38.00,-291.73%,VBNK,NASDAQ:VBNK,-0.714,$24.00,-49.00%
NASDAQ:VECO,5 Sep 2025,$35.14,3,$26.33,4,0.78,$47.86,-44.99%,,,,$45.90,-4.10%,$0.00,-100.00%,$0.00,-100.00%,VECO,NASDAQ:VECO,-0.848,$61.33,-57.07%
NYSE:VFC,26 Aug 2025,$31.37,5,$14.25,6,1.45,$14.37,-0.84%,,,,$14.24,-0.90%,$138.32,862.55%,$3.81,-73.50%,VFC,NYSE:VFC,-0.558,$18.77,-24.08%
NASDAQ:VIAV,30 Jan 2026,$16.67,1,$25.06,2,0.88,$38.90,-57.13%,,,,$37.70,-3.08%,$0.00,-100.00%,$0.00,-100.00%,VIAV,NASDAQ:VIAV,-0.833,$61.43,-59.21%
NYSE:VICI,19 Jun 2026,$33.66,5,$34.09,9,2.03,$26.51,26.97%,,,,$26.22,-1.09%,$51.80,95.41%,$51.86,95.63%,VICI,NYSE:VICI,-0.281,$32.54,4.76%
NASDAQ:VICR,30 Jan 2026,$121.65,1,$187.50,8,0.73,$200.54,-39.34%,,,,$204.54,1.99%,$0.00,-100.00%,$0.00,-100.00%,VICR,NASDAQ:VICR,-0.896,$386.25,-51.46%
NASDAQ:VISN,14 Aug 2026,$10.60,3,,,4.53,$11.21,-5.40%,-5.40%,$10.60,$14.67,$12.03,7.31%,$0.00,-100.00%,$0.00,-100.00%,VISN,NASDAQ:VISN,0.810,$14.67,
NYSE:VIST,13 Jun 2025,$50.56,3,$70.00,6,0.81,$69.58,-27.34%,,,,$66.68,-4.17%,$252.38,262.72%,$402.30,478.19%,VIST,NYSE:VIST,-0.864,$98.20,-28.72%
NYSE:VIV,17 Feb 2025,$11.28,3,$11.80,5,0.93,$11.43,-1.33%,,,,$11.26,-1.49%,$34.98,206.06%,$72.96,538.30%,VIV,NYSE:VIV,-0.788,$14.94,-21.02%
NASDAQ:VLGEA,17 Mar 2026,$43.63,3,,6,1.22,$44.10,-1.07%,,,,$42.83,-2.88%,$109.20,147.63%,$163.84,271.52%,VLGEA,NASDAQ:VLGEA,-0.512,,
NYSE:VLN,9 Feb 2026,$2.14,3,$3.33,6,0.93,$1.81,18.23%,,,,$1.74,-3.87%,$0.00,-100.00%,$0.00,-100.00%,VLN,NYSE:VLN,-0.808,$4.00,-16.75%
NYSE:VLO,29 Jun 2026,$198.17,1,$266.27,9,0.86,$348.86,-43.19%,,,,$340.15,-2.50%,$850.27,143.73%,$949.80,172.26%,VLO,NYSE:VLO,-0.726,$312.42,-14.77%
NYSE:VLRS,22 Aug 2025,$7.94,3,$7.67,4,0.81,$6.91,11.00%,,,,$6.92,0.14%,$101.30,1366.03%,$107.45,1454.94%,VLRS,NYSE:VLRS,-0.855,$9.42,-18.58%
NASDAQ:VLY,19 Nov 2025,$10.95,3,$13.73,9,1.52,$14.16,-22.65%,,,,$14.29,0.92%,$0.00,-100.00%,$0.00,-100.00%,VLY,NASDAQ:VLY,-0.499,$16.73,-17.93%
NYSE:VMC,31 Dec 2025,$246.19,1,$331.22,9,0.93,$276.04,-10.81%,,,,$268.43,-2.76%,$297.57,7.80%,$386.24,39.92%,VMC,NYSE:VMC,-0.760,$325.55,1.74%
NASDAQ:VNDA,13 Nov 2025,$5.38,3,$15.50,8,0.76,$5.28,1.86%,,,,$5.25,-0.57%,$0.00,-100.00%,$0.00,-100.00%,VNDA,NASDAQ:VNDA,-0.884,$12.19,27.15%
NASDAQ:VNET,9 Feb 2026,$7.43,1,$13.80,7,0.83,$6.72,10.54%,,,,$6.43,-4.32%,$0.00,-100.00%,$0.00,-100.00%,VNET,NASDAQ:VNET,-0.854,$15.09,-8.55%
NYSE:VNO,28 May 2026,$40.08,3,$31.60,8,0.85,$37.88,-16.58%,,,,$37.51,-0.98%,$0.00,-100.00%,$0.00,-100.00%,VNO,NYSE:VNO,-0.768,$40.38,-21.74%
NYSEAMERICAN:VNRX,11 Dec 2025,$0.32,1,$2.25,8,,$0.42,-23.81%,,,,,-100.00%,-$2.00,-576.19%,-$2.00,-576.19%,VNRX,NYSEAMERICAN:VNRX,-2.000,,
NYSE:VNT,11 Feb 2026,$45.33,3,$47.25,4,0.94,$32.98,37.44%,,,,$31.87,-3.37%,$0.00,-100.00%,$0.00,-100.00%,VNT,NYSE:VNT,-0.769,$41.05,15.10%
NASDAQ:VRDN,19 May 2025,$24.97,4,$37.70,3,0.71,$24.29,2.80%,,,,$23.08,-4.98%,$0.00,-100.00%,$0.00,-100.00%,VRDN,NASDAQ:VRDN,-0.906,$36.62,2.95%
NASDAQ:VREX,16 Dec 2025,$15.01,4,$15.33,7,0.83,$18.51,-18.91%,,,,$18.16,-1.89%,$0.00,-100.00%,$0.00,-100.00%,VREX,NASDAQ:VREX,-0.769,$18.93,-19.02%
NASDAQ:VRRM,30 Jan 2026,$22.14,4,$25.00,5,0.89,$4.56,385.51%,,,,$4.42,-3.07%,$0.00,-100.00%,$0.00,-100.00%,VRRM,NASDAQ:VRRM,-0.825,$7.00,257.14%
NASDAQ:VSAT,30 Jan 2026,$27.54,2,$45.00,6,0.84,$74.72,-63.14%,,,,$72.08,-3.53%,$0.00,-100.00%,$0.00,-100.00%,VSAT,NASDAQ:VSAT,-0.840,$101.44,-55.64%
NYSE:VSCO,12 Jun 2025,$36.51,5,$22.56,8,,$51.73,-56.39%,,,,$0.00,-100.00%,$244.85,373.33%,$272.08,425.97%,VSCO,NYSE:VSCO,-1.028,$64.44,-64.99%
NYSE:VSH,28 Jan 2026,$21.32,3,$16.00,5,1.09,$31.63,-49.42%,,,,$31.05,-1.83%,$0.00,-100.00%,$0.00,-100.00%,VSH,NYSE:VSH,-0.701,$39.00,-58.97%
NYSE:VTEX,15 Dec 2025,$4.81,3,$6.10,1,0.73,$3.65,31.92%,,,,$3.44,-5.75%,$0.00,-100.00%,$0.00,-100.00%,VTEX,NYSE:VTEX,-0.899,$5.90,3.39%
NYSE:VTMX,15 Jun 2025,$34.66,3,$21.00,5,1.46,$35.91,-41.52%,,,,$33.74,-6.04%,$37.27,3.79%,$37.51,4.47%,VTMX,NYSE:VTMX,-0.489,$36.90,-43.09%
NYSE:VTR,19 Sep 2025,$68.32,3,$76.83,9,1.62,$93.06,-26.58%,,,,$91.11,-2.10%,$98.09,5.40%,$148.10,59.15%,VTR,NYSE:VTR,-0.432,$100.45,-23.51%
NASDAQ:VVPR,9 Feb 2026,$2.07,3,,,,,#DIV/0!,,,,,#DIV/0!,-$2.00,#DIV/0!,-$2.00,#DIV/0!,VVPR,NASDAQ:VVPR,-2.000,,
NYSE:VVV,18 Sep 2025,$45.89,3,,,1.04,$33.96,35.14%,,,,$33.09,-2.56%,$0.00,-100.00%,$0.00,-100.00%,VVV,NYSE:VVV,-0.731,$43.20,
NYSE:VVX,11 Aug 2025,$66.16,5,$61.22,3,0.85,$78.50,-22.01%,,,,$79.54,1.32%,$0.00,-100.00%,$0.00,-100.00%,VVX,NYSE:VVX,-0.787,$89.18,-31.35%
NYSE:VYX,25 Feb 2026,$13.06,5,$15.13,6,0.87,$7.91,65.07%,,,,$7.39,-6.57%,$0.00,-100.00%,$0.00,-100.00%,VYX,NYSE:VYX,-0.838,$12.96,16.74%
NYSEAMERICAN:VZLA,14 Aug 2025,$4.47,,$4.07,8,1.21,$3.96,2.78%,,,,$3.65,-7.83%,$3.99,0.72%,$3.99,0.75%,VZLA,NYSEAMERICAN:VZLA,-0.684,$6.71,-39.34%
NYSE:WAB,23 Aug 2025,$179.00,2,,,1.04,$297.57,-39.85%,,,,$287.42,-3.41%,$297.71,0.05%,$409.11,37.48%,WAB,NYSE:WAB,-0.696,$329.17,
NASDAQ:WABC,1 Jun 2026,$57.44,3,$58.00,4,1.82,$58.47,-1.76%,,,,$58.29,-0.31%,$0.00,-100.00%,$0.00,-100.00%,WABC,NASDAQ:WABC,-0.345,$64.00,-9.38%
NASDAQ:WAFD,27 May 2026,$37.31,3,$37.00,8,1.52,$36.38,1.70%,,,,$36.63,0.69%,$0.00,-100.00%,$0.00,-100.00%,WAFD,NASDAQ:WAFD,-0.476,$39.00,-5.13%
NYSE:WAL,14 Jul 2026,$86.73,3,$90.38,7,1.20,$79.67,8.87%,,,,$78.68,-1.24%,$0.00,-100.00%,$0.00,-100.00%,WAL,NYSE:WAL,-0.639,$93.07,-2.89%
NASDAQ:WASH,27 May 2026,$34.83,3,$33.33,8,1.60,$39.71,-16.07%,,,,$39.17,-1.36%,$0.00,-100.00%,$0.00,-100.00%,WASH,NASDAQ:WASH,-0.412,$38.00,-12.29%
NYSE:WBS,10 Mar 2026,$76.23,3,$74.69,7,1.32,$77.57,-3.71%,,,,$77.08,-0.63%,-$288.86,-472.38%,-$283.19,-465.07%,WBS,NYSE:WBS,-0.545,$76.18,-1.96%
NYSE:WD,23 Dec 2025,$82.23,3,$84.00,6,1.63,$40.22,104.46%,,,,$40.13,-0.22%,$0.00,-100.00%,$0.00,-100.00%,WD,NYSE:WD,-0.497,$62.00,35.48%
NASDAQ:WDC,23 Aug 2024,$68.21,3,,,0.98,$459.44,-85.15%,,,,$452.53,-1.50%,$0.00,-100.00%,$0.00,-100.00%,WDC,NASDAQ:WDC,-0.786,$662.12,
NYSE:WDS,18 May 2026,$26.11,4,,6,0.82,$24.33,7.32%,,,,$23.45,-3.62%,$0.00,-100.00%,$0.00,-100.00%,WDS,NYSE:WDS,-0.757,$23.21,
NYSE:WEC,14 Jan 2026,$103.97,2,,,1.07,$106.01,-1.92%,,,,$108.10,1.97%,$41.21,-61.12%,$21.58,-79.64%,WEC,NYSE:WEC,-0.689,$122.09,
NYSE:WELL,18 Sep 2025,$151.80,2,,,1.11,$239.22,-36.54%,,,,$232.30,-2.89%,$257.42,7.61%,$279.38,16.79%,WELL,NYSE:WELL,-0.655,$255.50,
NASDAQ:WEN,9 Sep 2025,$16.85,3,$11.97,6,0.98,$9.01,32.85%,,,,$8.44,-6.33%,$0.00,-100.00%,$0.00,-100.00%,WEN,NASDAQ:WEN,-0.668,$7.79,53.66%
NYSE:WF,19 Nov 2025,$51.73,3,,,1.20,$68.43,-24.40%,,,,$69.20,1.13%,$0.00,-100.00%,$0.00,-100.00%,WF,NYSE:WF,-0.689,$97.81,
NYSE:WFC,14 Aug 2025,$71.42,3,$87.67,6,1.38,$83.84,-14.81%,,,,$85.23,1.66%,$0.00,-100.00%,$0.00,-100.00%,WFC,NYSE:WFC,-0.561,$100.24,-12.54%
NYSE:WFG,24 Oct 2025,$81.03,3,$95.74,7,1.14,$69.75,16.17%,,,,$67.47,-3.27%,$138.16,98.09%,$252.95,262.65%,WFG,NYSE:WFG,-0.674,$84.83,12.86%
NASDAQ:WFRD,20 Jul 2026,$84.88,3,$121.00,10,1.05,$90.51,-6.22%,,,,$90.06,-0.50%,$183.99,103.28%,$249.61,175.78%,WFRD,NASDAQ:WFRD,-0.734,$117.08,3.35%
NYSE:WGO,13 Sep 2024,$83.32,5,,,0.81,$31.78,162.16%,,,,$30.99,-2.49%,$0.00,-100.00%,$0.00,-100.00%,WGO,NYSE:WGO,-0.815,$38.00,
NYSE:WHD,18 Feb 2026,$69.67,3,$55.50,5,0.95,$69.43,-20.06%,,,,$71.92,3.59%,$115.88,66.90%,$132.95,91.48%,WHD,NYSE:WHD,-0.703,$66.67,-16.75%
NYSE:WIT,19 Jan 2026,$2.58,2,,7,1.01,$1.89,36.50%,,,,$1.88,-0.53%,$167.04,8738.05%,$212.87,11163.01%,WIT,NYSE:WIT,-0.667,$1.75,
NYSE:WK,10 Feb 2026,$82.53,4,$109.00,8,0.58,$74.83,10.29%,,,,$67.22,-10.17%,$0.00,-100.00%,$0.00,-100.00%,WK,NYSE:WK,-0.881,$77.20,41.19%
NYSE:WKC,16 Sep 2025,$32.51,4,$29.00,6,1.56,$35.95,-19.33%,,,,$36.17,0.61%,-$5.34,-114.84%,$11.63,-67.66%,WKC,NYSE:WKC,-0.450,$37.67,-23.02%
NASDAQ:WKHS,12 Dec 2024,$1.13,,,4,,$3.23,-65.02%,,,,,-100.00%,-$2.00,-161.92%,-$2.00,-161.92%,WKHS,NASDAQ:WKHS,-2.000,,
NYSE:WMB,22 Jan 2026,$57.39,2,$71.00,9,1.24,$70.49,-18.59%,,,,$72.56,2.94%,$0.00,-100.00%,$0.00,-100.00%,WMB,NYSE:WMB,-0.630,$85.10,-16.57%
NYSE:WMK,17 Mar 2026,$74.25,4,,4,0.72,$71.00,4.58%,,,,$69.22,-2.51%,$0.00,-100.00%,$0.00,-100.00%,WMK,NYSE:WMK,-0.724,$31.00,
NYSE:WMS,5 May 2025,$162.55,3,$140.71,7,0.83,$143.73,-2.10%,,,,$142.73,-0.70%,$0.00,-100.00%,$0.00,-100.00%,WMS,NYSE:WMS,-0.827,$183.36,-23.26%
NYSE:WOR,16 Dec 2024,$43.00,4,,4,0.84,$56.86,-24.38%,,,,$55.91,-1.67%,$82.60,45.28%,$95.20,67.43%,WOR,NYSE:WOR,-0.795,$65.60,
NYSE:WPM,19 Nov 2025,$65.01,2,$128.93,7,0.92,$157.78,-58.80%,,,,$136.93,-13.21%,$0.00,-100.00%,$0.00,-100.00%,WPM,NYSE:WPM,-0.747,$174.61,-26.16%
NYSE:WPP,9 Sep 2025,$37.50,3,,6,1.73,$26.37,42.19%,,,,$26.44,0.27%,$0.00,-100.00%,$0.00,-100.00%,WPP,NYSE:WPP,-0.318,$20.80,
NASDAQ:WRLD,19 Nov 2025,$145.37,3,,1,0.61,$188.27,-22.79%,,,,$179.42,-4.70%,$0.00,-100.00%,$0.00,-100.00%,WRLD,NASDAQ:WRLD,-0.886,$210.00,
NASDAQ:WSBC,27 May 2026,$35.79,3,$39.75,9,1.23,$40.86,-12.41%,,,,$40.76,-0.24%,$0.00,-100.00%,$0.00,-100.00%,WSBC,NASDAQ:WSBC,-0.607,$44.50,-10.67%
NASDAQ:WSC,19 Aug 2025,$32.85,3,$33.40,7,0.87,$22.14,48.38%,,,,$22.00,-0.63%,$0.00,-100.00%,$0.00,-100.00%,WSC,NASDAQ:WSC,-0.821,$29.40,13.61%
NASDAQ:WSFS,27 May 2026,$70.81,3,$78.70,6,0.91,$79.88,-11.35%,,,,$78.55,-1.66%,$0.00,-100.00%,$0.00,-100.00%,WSFS,NASDAQ:WSFS,-0.753,$88.92,-11.49%
NYSE:WSM,19 Aug 2025,$178.74,2,,,0.82,$237.58,-24.77%,,,,$236.81,-0.32%,$275.55,15.98%,$297.92,25.40%,WSM,NYSE:WSM,-0.761,$229.25,
NYSE:WSO,1 Jul 2024,$356.65,1,,,1.32,$311.94,14.33%,,,,$314.08,0.69%,$0.00,-100.00%,$0.00,-100.00%,WSO,NYSE:WSO,-0.597,$382.20,
NYSE:WT,27 Aug 2025,$14.51,4,$13.88,8,1.03,$23.51,-40.96%,,,,$22.46,-4.47%,$0.00,-100.00%,$0.00,-100.00%,WT,NYSE:WT,-0.655,$21.33,-34.93%
NASDAQ:WTFC,28 Apr 2026,$145.18,3,$179.88,8,1.23,$152.67,-4.91%,,,,$152.19,-0.31%,$0.00,-100.00%,$0.00,-100.00%,WTFC,NASDAQ:WTFC,-0.626,$180.07,-0.11%
NYSE:WTS,19 Nov 2025,$243.48,2,$290.50,3,0.73,$375.57,-35.17%,,,,$366.08,-2.53%,$0.00,-100.00%,$0.00,-100.00%,WTS,NYSE:WTS,-0.821,$393.00,-26.08%
NASDAQ:WTW,3 Sep 2025,$319.57,3,,,0.84,$341.99,-6.56%,,,,$323.78,-5.32%,$395.10,15.53%,$470.17,37.48%,WTW,NASDAQ:WTW,-0.780,$374.74,
NYSE:WU,9 Sep 2025,$14.43,3,$8.65,5,2.17,$7.30,18.49%,,,,$7.25,-0.68%,$0.00,-100.00%,$0.00,-100.00%,WU,NYSE:WU,-0.163,$7.09,22.00%
NASDAQ:WULF,23 Dec 2025,$11.85,3,$21.73,10,0.94,$15.64,-24.20%,,,,$14.47,-7.48%,$0.00,-100.00%,$0.00,-100.00%,WULF,NASDAQ:WULF,-0.803,$36.64,-40.69%
NASDAQ:WVE,19 Aug 2025,$9.10,3,,,0.88,$5.29,71.95%,,,,$5.24,-0.95%,$0.00,-100.00%,$0.00,-100.00%,WVE,NASDAQ:WVE,-0.832,$19.06,
NYSE:WWW,24 May 2026,$24.95,5,$22.50,8,0.87,$20.96,7.35%,,,,$19.88,-5.15%,$0.00,-100.00%,$0.00,-100.00%,WWW,NYSE:WWW,-0.778,$24.00,-6.25%
NASDAQ:XEL,18 Sep 2025,$67.13,2,,,1.58,$76.30,-12.02%,,,,$78.47,2.84%,$0.00,-100.00%,$0.00,-100.00%,XEL,NASDAQ:XEL,-0.478,$92.24,
NASDAQ:XGN,25 Aug 2025,$7.35,3,,,0.89,$7.92,-7.15%,,,,$6.58,-16.92%,$0.00,-100.00%,$0.00,-100.00%,XGN,NASDAQ:XGN,-0.791,$9.86,
NASDAQ:XMTR,23 Dec 2025,$38.29,2,,,0.83,$83.59,-54.20%,,,,$81.27,-2.78%,$0.00,-100.00%,$0.00,-100.00%,XMTR,NASDAQ:XMTR,-0.834,$109.12,
NASDAQ:XNET,11 Feb 2026,$5.15,3,,5,0.84,$5.12,0.62%,,,,$4.65,-9.18%,$0.00,-100.00%,$0.00,-100.00%,XNET,NASDAQ:XNET,-0.848,$12.00,
NYSE:XOM,23 Aug 2024,$132.36,4,,,1.08,$165.11,-19.84%,,,,$163.24,-1.13%,$0.00,-100.00%,$0.00,-100.00%,XOM,NYSE:XOM,-0.657,$168.55,
NASDAQ:XP,26 Jun 2026,$17.06,3,$24.00,4,1.04,$16.81,1.49%,,,,$15.84,-5.77%,$0.00,-100.00%,$0.00,-100.00%,XP,NASDAQ:XP,-0.735,$21.49,11.68%
NASDAQ:XPEL,29 Nov 2024,$53.10,3,,,0.73,$51.34,3.43%,,,,$49.14,-4.29%,$0.00,-100.00%,$0.00,-100.00%,XPEL,NASDAQ:XPEL,-0.854,$61.67,
NYSE:XPEV,15 Dec 2025,$20.30,3,$29.67,6,0.79,$12.19,66.55%,,,,$11.49,-5.74%,$3.32,-72.73%,$3.32,-72.73%,XPEV,NYSE:XPEV,-0.870,$22.08,34.38%
NYSE:XYF,9 Sep 2025,$13.63,3,,,,$5.39,152.82%,,,,,-100.00%,-$2.00,-137.11%,-$2.00,-137.11%,XYF,NYSE:XYF,-2.000,,
NYSE:XYL,11 Nov 2025,$146.77,2,,,0.92,$113.42,29.41%,,,,$111.89,-1.35%,$149.57,31.87%,$188.86,66.51%,XYL,NYSE:XYL,-0.805,$153.41,
NYSE:XYZ,11 Feb 2026,$75.58,3,,,0.88,$82.16,-8.00%,,,,$78.04,-5.01%,$0.00,-100.00%,$0.00,-100.00%,XYZ,NYSE:XYZ,-0.787,$97.97,
NYSE:YALA,11 Feb 2026,$6.10,3,,6,0.89,$5.64,8.16%,,,,$5.37,-4.79%,$0.00,-100.00%,$0.00,-100.00%,YALA,NYSE:YALA,-0.824,$7.88,
NASDAQ:YB,11 Feb 2026,$20.18,3,,,,$13.52,49.24%,,,,,-100.00%,-$2.00,-114.79%,-$2.00,-114.79%,YB,NASDAQ:YB,-2.000,,
NYSE:YMM,11 Feb 2026,$11.83,4,$11.96,6,0.88,$8.77,34.89%,,,,$8.05,-8.21%,$0.00,-100.00%,$0.00,-100.00%,YMM,NYSE:YMM,-0.833,$12.65,-5.45%
NYSE:YPF,12 Feb 2026,$42.64,3,$39.40,2,1.18,$51.18,-23.02%,,,,$49.55,-3.18%,$0.00,-100.00%,$0.00,-100.00%,YPF,NYSE:YPF,-0.646,$59.48,-33.76%
NYSE:YUM,18 Sep 2025,$140.70,3,,,0.74,$152.99,-8.04%,,,,$140.83,-7.95%,$0.00,-100.00%,$0.00,-100.00%,YUM,NYSE:YUM,-0.836,$173.38,
NASDAQ:YYGH,19 Aug 2025,$1.90,3,,,0.32,$1.16,64.18%,,,,$1.25,7.76%,$0.00,-100.00%,$0.00,-100.00%,YYGH,NASDAQ:YYGH,-0.871,,
NYSE:ZBH,11 Dec 2025,$110.32,5,$103.50,5,0.93,$100.98,2.50%,,,,$96.79,-4.15%,$0.00,-100.00%,$0.00,-100.00%,ZBH,NYSE:ZBH,-0.737,$107.57,-3.78%
NASDAQ:ZBRA,30 Jan 2026,$311.75,3,$319.75,8,0.62,$368.51,-15.40%,,,,$349.36,-5.20%,$0.00,-100.00%,$0.00,-100.00%,ZBRA,NASDAQ:ZBRA,-0.878,$405.31,-21.11%
NASDAQ:ZD,23 Feb 2024,$75.69,3,,,0.84,$56.08,34.98%,,,,$54.11,-3.51%,$0.00,-100.00%,$0.00,-100.00%,ZD,NASDAQ:ZD,-0.793,$64.40,
NASDAQ:ZEUS,22 Aug 2025,$42.35,3,$38.00,3,0.29,$47.86,-20.60%,,,,$22.90,-52.15%,$0.00,-100.00%,$0.00,-100.00%,ZEUS,NASDAQ:ZEUS,-0.959,$38.00,0.00%
NYSE:ZGN,23 Dec 2025,$14.49,4,$11.45,8,0.79,$13.90,-17.63%,,,,$13.20,-5.04%,$0.00,-100.00%,$0.00,-100.00%,ZGN,NYSE:ZGN,-0.800,$14.98,-23.56%
NYSE:ZH,3 Sep 2025,$6.32,4,,8,,$3.22,96.37%,,,,,-100.00%,-$2.00,-162.11%,-$2.00,-162.11%,ZH,NYSE:ZH,-2.000,,
NYSE:ZIM,19 Nov 2025,$20.23,4,$11.83,3,2.98,$28.25,-58.12%,,,,$28.11,-0.50%,$0.00,-100.00%,$0.00,-100.00%,ZIM,NYSE:ZIM,0.223,$24.30,-51.32%
NASDAQ:ZION,12 Oct 2025,$55.40,3,,,1.53,$68.14,-18.70%,,,,$68.13,-0.01%,$0.00,-100.00%,$0.00,-100.00%,ZION,NASDAQ:ZION,-0.474,$74.95,
NASDAQ:LULU,30 Mar 2026,$260.18,3,$182.42,2,0.90,$121.07,50.67%,,,,$117.35,-3.07%,$177.88,46.92%,$257.42,112.62%,LULU,NASDAQ:LULU,-0.747,$127.92,42.60%
NYSE:LOW,26 Mar 2026,$245.53,4,$293.29,8,1.01,$216.09,13.62%,,,,$209.64,-2.98%,$0.00,-100.00%,$0.00,-100.00%,LOW,NYSE:LOW,-0.731,$261.06,12.35%
NYSE:OII,30 Jun 2026,$31.11,2,$38.00,10,0.44,$53.00,-41.30%,,,,$50.85,-4.06%,$0.00,-100.00%,$0.00,-100.00%,OII,NYSE:OII,-0.909,$46.00,-17.39%
NASDAQ:SPOK,10 Apr 2026,$17.65,5,$14.00,4,1.77,$10.31,35.79%,,,,$10.49,1.75%,$19.59,89.96%,$21.33,106.88%,SPOK,NASDAQ:SPOK,-0.426,$14.00,0.00%
NYSE:HTGC,30 Mar 2026,$16.87,3,$19.25,4,2.31,$17.13,-1.53%,,,,$16.88,-1.46%,$49.61,189.61%,$52.14,204.38%,HTGC,NYSE:HTGC,-0.134,$19.17,0.42%
NASDAQ:RWAY,30 Mar 2026,$9.18,4,$8.00,6,1.81,$6.64,20.48%,,,,$6.64,0.00%,$0.00,-100.00%,$0.00,-100.00%,RWAY,NASDAQ:RWAY,-0.388,$8.38,-4.53%
NASDAQ:CCAP,30 Mar 2026,$15.59,3,$14.25,6,1.80,$10.71,33.05%,,,,$10.80,0.84%,$0.00,-100.00%,$0.00,-100.00%,CCAP,NASDAQ:CCAP,-0.373,$12.64,12.74%
NASDAQ:CCEP,19 Mar 2026,$99.72,3,$108.12,7,0.73,$108.00,-7.67%,,,,$104.45,-3.29%,$0.00,-100.00%,$0.00,-100.00%,CCEP,NASDAQ:CCEP,-0.818,$112.74,-4.10%
NASDAQ:CIVB,19 Mar 2026,$24.05,3,$27.33,6,1.66,$27.60,-12.87%,,,,$27.47,-0.47%,$0.00,-100.00%,$0.00,-100.00%,CIVB,NASDAQ:CIVB,-0.423,$31.17,-12.32%
NASDAQ:AUPH,1 Jun 2026,$13.51,3,$15.67,7,0.87,$16.65,-18.88%,,,,$15.11,-9.25%,$0.00,-100.00%,$0.00,-100.00%,AUPH,NASDAQ:AUPH,-0.753,$17.00,-7.82%
NASDAQ:CASS,24 Jun 2026,$50.17,3,,,1.43,$56.40,-11.05%,,,,$56.56,0.28%,$0.00,-100.00%,$0.00,-100.00%,CASS,NASDAQ:CASS,-0.509,$59.50,
NASDAQ:EXEL,1 May 2026,$47.67,3,$46.00,6,0.91,$54.08,-14.94%,,,,$52.43,-3.05%,$0.00,-100.00%,$0.00,-100.00%,EXEL,NASDAQ:EXEL,-0.726,$52.94,-13.11%
NASDAQ:PBYI,1 Jun 2026,$5.88,3,$5.00,6,0.47,$9.24,-45.89%,,,,$9.05,-2.06%,$0.00,-100.00%,$0.00,-100.00%,PBYI,NASDAQ:PBYI,-0.845,$6.00,-16.67%
NASDAQ:LEGH,29 Jun 2026,$32.03,4,$28.00,8,0.46,$28.63,-2.20%,,,,$27.60,-3.60%,$0.00,-100.00%,$0.00,-100.00%,LEGH,NASDAQ:LEGH,-0.892,$24.00,16.67%
NYSE:UHS,30 Mar 2026,$213.24,5,$245.00,3,0.56,$177.26,20.30%,,,,$167.15,-5.70%,$0.00,-100.00%,$0.00,-100.00%,UHS,NYSE:UHS,-0.906,$193.94,26.33%
NYSE:EMA,30 Mar 2026,$47.50,2,,,1.31,$50.08,-5.15%,,,,$50.93,1.70%,$0.00,-100.00%,$0.00,-100.00%,EMA,NYSE:EMA,-0.607,$62.50,
NYSE:NXDT,30 Mar 2026,$4.25,3,,,1.60,$5.55,-23.42%,,,,$5.13,-7.57%,$0.00,-100.00%,$0.00,-100.00%,NXDT,NYSE:NXDT,-0.360,,
NASDAQ:LOGI,30 Mar 2026,$102.94,4,$112.27,6,1.30,$96.03,7.20%,,,,$99.15,3.25%,$175.20,82.45%,$183.93,91.53%,LOGI,NASDAQ:LOGI,-0.584,$108.60,3.38%
NASDAQ:ACAD,14 Jun 2026,$22.38,3,$32.18,7,0.57,$29.50,-24.13%,,,,$28.15,-4.58%,$0.00,-100.00%,$0.00,-100.00%,ACAD,NASDAQ:ACAD,-0.911,$33.85,-4.93%
NASDAQ:PDEX,31 Mar 2026,$63.00,4,,5,0.85,$65.67,-4.06%,,,,$64.49,-1.80%,$89.67,36.55%,$96.91,47.57%,PDEX,NASDAQ:PDEX,-0.768,$70.00,
NYSE:HLF,10 Apr 2026,$16.11,3,$15.00,10,0.77,$12.65,18.58%,,,,$12.06,-4.66%,$0.00,-100.00%,$0.00,-100.00%,HLF,NYSE:HLF,-0.870,$17.00,-11.76%
NASDAQ:INVA,27 May 2026,$23.82,3,$34.50,8,0.92,$21.07,13.03%,,,,$20.95,-0.57%,$0.00,-100.00%,$0.00,-100.00%,INVA,NASDAQ:INVA,-0.814,$35.00,-1.43%
NYSE:MTH,31 Mar 2026,$81.04,5,$83.50,1,1.55,$71.68,13.06%,,,,$72.45,1.07%,$129.82,81.11%,$133.50,86.24%,MTH,NYSE:MTH,-0.480,$82.38,1.36%
NYSE:CBT,29 Apr 2026,$98.58,5,$78.00,6,1.04,$85.19,-8.44%,,,,$83.87,-1.55%,$0.00,-100.00%,$0.00,-100.00%,CBT,NYSE:CBT,-0.688,$91.33,-14.60%
NASDAQ:JOYY,21 May 2026,$63.47,5,,,1.05,$73.61,-13.77%,,,,$72.94,-0.91%,$162.67,120.98%,$189.17,156.99%,JOYY,NASDAQ:JOYY,-0.684,$79.87,
NASDAQ:MU,22 Apr 2026,$420.62,3,$543.20,8,0.85,$966.78,-56.49%,,,,$894.88,-7.44%,"$1,576.76",63.09%,"$1,680.01",73.77%,MU,NASDAQ:MU,-0.845,"$1,501.98",-63.83%
NASDAQ:MDXG,22 Apr 2026,$5.83,3,$8.00,7,0.96,$4.33,34.73%,,,,$4.28,-1.15%,$9.81,126.49%,$10.29,137.55%,MDXG,NASDAQ:MDXG,-0.794,$7.00,14.29%
NASDAQ:RIGL,4 Apr 2026,$33.48,4,$45.67,9,0.70,$45.89,-27.04%,,,,$42.75,-6.84%,$0.00,-100.00%,$0.00,-100.00%,RIGL,NASDAQ:RIGL,-0.895,$61.20,-25.38%
NASDAQ:BKNG,15 Jun 2026,$206.77,5,$220.15,7,0.61,$209.62,-1.36%,,,,$201.71,-3.77%,$0.00,-100.00%,$0.00,-100.00%,BKNG,NASDAQ:BKNG,-0.890,$237.81,-7.43%
NASDAQ:RMR,15 Jun 2026,$22.56,4,$21.00,7,1.79,$20.00,5.00%,,,,$19.93,-0.35%,$0.00,-100.00%,$0.00,-100.00%,RMR,NASDAQ:RMR,-0.345,$20.75,1.20%
NYSE:REX,7 Apr 2026,$45.52,3,,,0.81,$44.67,1.91%,,,,$43.00,-3.74%,$95.89,114.66%,$105.49,136.16%,REX,NYSE:REX,-0.801,$50.00,
NYSE:WS,23 Apr 2026,$36.83,3,$38.00,7,1.06,$34.93,5.44%,,,,$34.83,-0.29%,$44.87,28.45%,$55.18,57.97%,WS,NYSE:WS,-0.735,$46.00,-17.39%
NYSE:ARDT,9 Apr 2026,$17.13,3,$12.47,4,0.71,$10.99,13.47%,,,,$10.37,-5.64%,$0.00,-100.00%,$0.00,-100.00%,ARDT,NYSE:ARDT,-0.853,$12.68,-1.66%
NASDAQ:BYRN,10 Apr 2026,$17.11,3,$20.50,4,0.79,$3.69,363.69%,,,,$3.62,-1.90%,$8.50,130.28%,$9.62,160.69%,BYRN,NASDAQ:BYRN,-0.873,$6.83,200.15%
NYSE:VTOL,30 Jun 2026,$44.08,3,$56.00,5,0.97,$45.29,-2.67%,,,,$45.05,-0.53%,$0.00,-100.00%,$0.00,-100.00%,VTOL,NYSE:VTOL,-0.790,$64.33,-12.95%
NYSE:YELP,10 Apr 2026,$41.52,3,$25.00,3,0.85,$23.46,6.56%,,,,$22.99,-2.00%,$0.00,-100.00%,$0.00,-100.00%,YELP,NYSE:YELP,-0.780,$26.00,-3.85%
NYSE:EMN,29 Jul 2026,$92.37,5,$81.08,7,1.74,$74.09,9.43%,9.43%,$81.08,$92.37,$73.69,-0.54%,$0.00,-100.00%,$0.00,-100.00%,EMN,NYSE:EMN,-0.384,$81.60,-0.64%
NYSE:LEVI,24 Jun 2026,$25.35,4,$26.91,4,1.16,$21.49,17.96%,,,,$21.60,0.51%,$127.03,491.09%,$163.48,660.71%,LEVI,NYSE:LEVI,-0.686,$28.27,-4.81%
NASDAQ:CWBC,14 Apr 2026,$22.95,3,$27.50,9,1.18,$25.92,-11.44%,,,,$25.53,-1.50%,$0.00,-100.00%,$0.00,-100.00%,CWBC,NASDAQ:CWBC,-0.641,$29.62,-7.16%
NASDAQ:NRDS,16 Apr 2026,$15.41,5,$14.75,5,0.84,$9.88,49.29%,,,,$9.66,-2.23%,$0.00,-100.00%,$0.00,-100.00%,NRDS,NASDAQ:NRDS,-0.803,$11.80,25.00%
NYSE:LZB,29 Apr 2026,$50.16,5,$44.50,1,1.40,$33.71,32.01%,,,,$33.04,-1.99%,$0.00,-100.00%,$0.00,-100.00%,LZB,NYSE:LZB,-0.591,$46.00,-3.26%
NASDAQ:UPWK,16 Apr 2026,$16.52,5,$21.22,4,0.81,$8.61,91.92%,,,,$8.31,-3.48%,$0.00,-100.00%,$0.00,-100.00%,UPWK,NASDAQ:UPWK,-0.805,$9.88,114.78%
NASDAQ:MTCH,16 Apr 2026,$41.38,5,$35.45,6,1.07,$40.87,-13.26%,,,,$38.51,-5.77%,$0.00,-100.00%,$0.00,-100.00%,MTCH,NASDAQ:MTCH,-0.663,$41.81,-15.21%
NASDAQ:REGN,29 Apr 2026,$775.92,3,$869.88,8,0.34,$834.04,-6.97%,,,,$769.74,-7.71%,"$1,007.55",20.80%,"$1,055.79",26.59%,REGN,NASDAQ:REGN,-0.983,$840.43,3.50%
NASDAQ:INCY,1 Jun 2026,$81.23,2,$106.83,6,0.42,$127.81,-36.44%,,,,$119.93,-6.17%,$286.18,123.91%,$294.54,130.45%,INCY,NASDAQ:INCY,-0.941,$125.17,-14.65%
NYSE:LTC,29 Apr 2026,$40.57,4,$41.00,5,1.66,$40.27,0.75%,,,,$39.90,-0.92%,$0.00,-100.00%,$0.00,-100.00%,LTC,NYSE:LTC,-0.406,$42.29,-3.05%
NYSE:ELV,8 May 2026,$512.46,3,$382.71,8,0.83,$400.54,-4.45%,,,,$388.47,-3.01%,$0.00,-100.00%,$0.00,-100.00%,ELV,NYSE:ELV,-0.793,$449.10,-14.78%
NYSE:MOH,20 Apr 2026,$251.44,3,$142.77,6,0.78,$200.29,-28.72%,,,,$196.20,-2.04%,$575.94,187.55%,$619.04,209.07%,MOH,NYSE:MOH,-0.794,$209.12,-31.73%
NASDAQ:SAIC,29 Apr 2026,$138.59,5,$101.61,7,0.86,$128.04,-20.64%,,,,$123.33,-3.68%,$221.45,72.95%,$282.39,120.55%,SAIC,NASDAQ:SAIC,-0.738,$120.00,-15.33%
NYSE:CI,14 Jul 2026,$334.04,5,$343.67,10,1.32,$277.51,20.37%,,,,$275.35,-0.78%,$0.00,-100.00%,$0.00,-100.00%,CI,NYSE:CI,-0.597,$341.42,0.66%
NYSE:TX,29 Apr 2026,$44.92,3,$43.17,7,1.09,$55.45,-22.15%,,,,$52.44,-5.43%,$0.00,-100.00%,$0.00,-100.00%,TX,NYSE:TX,-0.652,$56.69,-23.85%
NASDAQ:FDUS,28 Apr 2026,$22.45,3,,,1.65,$19.70,13.97%,,,,$19.64,-0.30%,$0.00,-100.00%,$0.00,-100.00%,FDUS,NASDAQ:FDUS,-0.419,$21.50,
NYSE:OPFI,28 Apr 2026,$13.04,3,$15.50,7,0.96,$6.98,86.85%,,,,$6.93,-0.72%,$0.00,-100.00%,$0.00,-100.00%,OPFI,NYSE:OPFI,-0.798,$12.67,22.34%
NASDAQ:UAL,28 Apr 2026,$106.86,4,$130.71,5,0.88,$113.17,-5.57%,,,,$113.27,0.09%,$228.27,101.71%,$249.34,120.32%,UAL,NASDAQ:UAL,-0.832,$162.15,-19.39%
NYSE:CNA,28 Apr 2026,$48.98,3,,6,1.67,$48.98,-0.01%,,,,$49.71,1.49%,$0.00,-100.00%,$0.00,-100.00%,CNA,NYSE:CNA,-0.391,$49.00,
NASDAQ:JBSS,28 Apr 2026,$92.51,4,$109.00,8,1.58,$73.72,25.49%,,,,$80.42,9.09%,$0.00,-100.00%,$0.00,-100.00%,JBSS,NASDAQ:JBSS,-0.515,$102.00,6.86%
NYSE:HMN,28 Apr 2026,$54.29,4,$48.00,6,1.39,$50.60,-5.14%,,,,$49.99,-1.21%,$0.00,-100.00%,$0.00,-100.00%,HMN,NYSE:HMN,-0.543,$56.50,-15.04%
NYSE:ENVA,28 Apr 2026,$163.50,3,$198.33,8,0.67,$242.93,-32.70%,,,,$248.06,2.11%,$0.00,-100.00%,$0.00,-100.00%,ENVA,NYSE:ENVA,-0.865,$277.14,-28.44%
NYSE:CF,28 Apr 2026,$121.68,3,$130.71,6,0.92,$129.60,-6.11%,,,,$117.49,-9.34%,$0.00,-100.00%,$0.00,-100.00%,CF,NYSE:CF,-0.718,$125.25,4.36%
NYSE:KMPR,28 Apr 2026,$53.67,3,$54.67,2,1.21,$27.03,98.54%,,,,$26.10,-3.44%,$0.00,-100.00%,$0.00,-100.00%,KMPR,NYSE:KMPR,-0.684,$49.33,10.83%
NYSE:RLI,28 Apr 2026,$66.40,5,$62.50,7,1.32,$65.38,-4.41%,,,,$63.97,-2.16%,$0.00,-100.00%,$0.00,-100.00%,RLI,NYSE:RLI,-0.531,$60.50,3.31%
NASDAQ:MORN,28 Apr 2026,,,$280.00,7,0.62,$215.97,29.65%,,,,$202.23,-6.36%,$357.89,65.72%,$447.61,107.26%,MORN,NASDAQ:MORN,-0.880,$236.67,18.31%
NASDAQ:GEHC,28 Apr 2026,$91.01,5,$94.25,9,0.75,$74.82,21.64%,,,,$71.66,-4.22%,$60.17,-19.58%,$72.76,-2.75%,GEHC,NASDAQ:GEHC,-0.821,$82.50,14.24%
NASDAQ:NTRS,28 Apr 2026,$135.85,2,$169.95,5,1.16,$183.90,-26.13%,,,,$183.58,-0.17%,$0.00,-100.00%,$0.00,-100.00%,NTRS,NASDAQ:NTRS,-0.616,$184.27,-7.77%
NYSE:WES,2 Jul 2026,$43.13,1,,,1.76,$48.36,-10.81%,,,,$49.00,1.32%,$0.00,-100.00%,$0.00,-100.00%,WES,NYSE:WES,-0.345,$47.42,
NYSE:DHT,25 Jun 2026,$16.49,3,,,2.37,$19.82,-16.80%,,,,$19.60,-1.11%,$0.00,-100.00%,$0.00,-100.00%,DHT,NYSE:DHT,-0.086,$20.52,
NYSE:D,21 May 2026,$62.63,3,$66.64,8,1.73,$66.60,-5.96%,,,,$68.48,2.82%,$0.00,-100.00%,$0.00,-100.00%,D,NYSE:D,-0.378,$71.09,-6.26%
NASDAQ:CBK,1 Jun 2026,$30.03,3,,,0.88,$33.81,-11.17%,,,,$33.16,-1.92%,$0.00,-100.00%,$0.00,-100.00%,CBK,NASDAQ:CBK,-0.785,$40.00,
NYSE:ELPC,12 May 2026,$11.13,3,$13.10,8,1.28,$11.01,1.12%,,,,$10.51,-4.54%,$0.00,-100.00%,$0.00,-100.00%,ELPC,NYSE:ELPC,-0.653,$17.27,-24.15%
NYSE:FDX,25 Jun 2026,$291.89,1,,,0.79,$325.08,-10.21%,,,,$321.05,-1.24%,$479.21,47.41%,$733.56,125.66%,FDX,NYSE:FDX,-0.805,$356.37,
NYSE:FBK,27 May 2026,$53.58,3,$64.25,5,1.02,$58.65,-8.64%,,,,$58.55,-0.17%,$0.00,-100.00%,$0.00,-100.00%,FBK,NYSE:FBK,-0.711,$66.34,-3.15%
NYSE:AXTA,23 Jul 2026,$40.33,5,$37.00,5,0.68,$36.20,2.21%,,,,$35.16,-2.87%,$47.89,32.30%,$70.93,95.93%,AXTA,NYSE:AXTA,-0.846,$38.57,-4.07%
NASDAQ:LOPE,26 Jun 2026,$168.79,5,$209.33,3,0.79,$147.46,14.46%,,,,$143.35,-2.79%,$374.44,153.93%,$401.00,171.94%,LOPE,NASDAQ:LOPE,-0.854,$195.00,7.35%
NASDAQ:PAA,29 Jun 2026,$21.85,1,,,2.21,$24.61,-11.21%,,,,$24.04,-2.32%,$0.00,-100.00%,$0.00,-100.00%,PAA,NASDAQ:PAA,-0.153,$24.82,
NASDAQ:NKSH,27 May 2026,$35.84,3,,7,1.38,$41.15,-12.91%,,,,$41.01,-0.34%,$0.00,-100.00%,$0.00,-100.00%,NKSH,NASDAQ:NKSH,-0.551,$46.75,
NYSE:KRC,15 Jun 2026,$46.60,5,$37.20,5,1.49,$36.58,1.69%,,,,$36.39,-0.52%,$50.50,38.06%,$70.56,92.88%,KRC,NYSE:KRC,-0.492,$39.93,-6.84%
NASDAQ:MRBK,27 May 2026,$18.24,3,$21.00,7,1.76,$19.89,-8.30%,,,,$19.60,-1.46%,$0.00,-100.00%,$0.00,-100.00%,MRBK,NASDAQ:MRBK,-0.391,$23.50,-10.64%
NYSE:TTE,20 Jul 2026,$86.21,5,$96.34,,1.88,$89.89,-4.09%,,,,$90.24,0.39%,$0.00,-100.00%,$0.00,-100.00%,TTE,NYSE:TTE,-0.310,$95.00,1.41%
NASDAQ:SMBC,27 May 2026,$70.66,3,$73.33,5,1.05,$74.38,-4.99%,,,,$72.92,-1.96%,$0.00,-100.00%,$0.00,-100.00%,SMBC,NASDAQ:SMBC,-0.694,$83.67,-12.36%
NYSE:EPD,30 Jun 2026,$36.66,1,,,1.71,$38.01,-3.55%,,,,$38.14,0.34%,$0.00,-100.00%,$0.00,-100.00%,EPD,NYSE:EPD,-0.393,$41.20,
NASDAQ:SHOE,23 Jul 2026,$22.99,5,,,1.22,$15.47,48.63%,,,,$15.25,-1.42%,$0.00,-100.00%,$0.00,-100.00%,SHOE,NASDAQ:SHOE,-0.681,$22.00,
NYSE:AD,5 Aug 2026,$34.32,3,,,4.17,$35.66,-3.75%,-3.75%,$34.32,$46.33,$37.56,5.33%,$0.00,-100.00%,$0.00,-100.00%,AD,NYSE:AD,0.654,$46.33,
NASDAQ:SCVL,14 Aug 2026,$15.30,3,,,,$15.47,-1.10%,-1.10%,$15.30,$15.30,,-100.00%,-$2.00,-112.93%,-$2.00,-112.93%,SCVL,NASDAQ:SHOE,-2.000,,
NYSE:SBR,30 Jun 2026,$69.55,3,,6,1.34,$73.75,-5.69%,,,,$71.42,-3.16%,$131.73,78.62%,$131.72,78.61%,SBR,NYSE:SBR,-0.449,$32.50,
NYSE:MATV,23 Jul 2026,$12.14,5,,5,1.07,$12.47,-2.65%,,,,$11.92,-4.41%,$0.00,-100.00%,$0.00,-100.00%,MATV,NYSE:MATV,-0.746,$21.00,
NYSE:TK,30 Jun 2026,$11.24,3,,2,2.25,$13.24,-15.10%,,,,$13.15,-0.68%,$0.00,-100.00%,$0.00,-100.00%,TK,NYSE:TK,-0.045,$5.00,
NYSE:AVA,29 Jun 2026,$41.07,3,$39.25,5,1.61,$37.57,4.47%,,,,$38.35,2.08%,$0.00,-100.00%,$0.00,-100.00%,AVA,NYSE:AVA,-0.438,$41.33,-5.03%
NYSE:TNK,16 Jun 2026,$68.85,3,$80.50,6,1.09,$91.02,-24.36%,,,,$89.17,-2.03%,$487.29,435.36%,$524.78,476.55%,TNK,NYSE:TNK,-0.645,$90.00,-10.56%
NASDAQ:BCML,16 Jun 2026,$34.03,3,$33.00,7,1.39,$30.00,10.00%,,,,$30.29,0.97%,$0.00,-100.00%,$0.00,-100.00%,BCML,NASDAQ:BCML,-0.532,$32.00,3.13%
NYSE:CBL,23 Jun 2026,$47.75,3,$55.00,8,1.36,$55.34,-13.71%,,,,$55.38,0.07%,$0.00,-100.00%,$0.00,-100.00%,CBL,NYSE:CBL,-0.562,$63.00,-12.70%
NASDAQ:JCAP,14 Aug 2026,$25.71,4,,,0.95,$22.29,15.34%,15.34%,$25.71,$28.20,$22.91,2.78%,$0.00,-100.00%,$0.00,-100.00%,JCAP,NASDAQ:JCAP,-0.770,$28.20,
NYSE:BKH,16 Jun 2026,$76.81,4,$83.00,9,1.67,$71.69,7.14%,,,,$72.67,1.37%,$0.00,-100.00%,$0.00,-100.00%,BKH,NYSE:BKH,-0.433,$84.80,-2.12%
NYSE:CPK,25 Jun 2026,$113.77,3,,,0.99,$134.13,-15.18%,,,,$133.55,-0.43%,$0.00,-100.00%,$0.00,-100.00%,CPK,NYSE:CPK,-0.715,$146.90,
NYSE:HESM,30 Jun 2026,$37.34,1,,,1.64,$39.14,-4.60%,,,,$39.73,1.51%,$0.00,-100.00%,$0.00,-100.00%,HESM,NYSE:HESM,-0.395,$37.50,
NYSE:SOBO,23 Jun 2026,$37.00,3,,,1.62,$37.72,-1.91%,,,,$37.44,-0.74%,$0.00,-100.00%,$0.00,-100.00%,SOBO,NYSE:SOBO,-0.402,$35.39,
NYSE:AEE,16 Jun 2026,$106.67,3,$119.00,7,1.13,$106.13,0.51%,,,,$108.09,1.85%,-$9.77,-109.20%,-$1.11,-101.04%,AEE,NYSE:AEE,-0.661,$120.93,-1.60%
NYSE:SUN,24 Jun 2026,$65.25,3,,,1.54,$75.85,-13.97%,,,,$75.73,-0.16%,$0.00,-100.00%,$0.00,-100.00%,SUN,NYSE:SUN,-0.469,$82.57,
NYSE:RGA,25 Jun 2026,$194.90,3,,,1.03,$243.13,-19.84%,,,,$237.07,-2.49%,$0.00,-100.00%,$0.00,-100.00%,RGA,NYSE:RGA,-0.698,$266.89,
NYSE:MPC,16 Jun 2026,$210.97,1,$279.30,8,0.84,$360.72,-41.51%,,,,$354.31,-1.78%,$0.00,-100.00%,$0.00,-100.00%,MPC,NYSE:MPC,-0.733,$320.22,-12.78%
NYSE:ATO,16 Jun 2026,$164.62,3,,,1.06,$166.85,-1.34%,,,,$168.59,1.04%,$0.00,-100.00%,$0.00,-100.00%,ATO,NYSE:ATO,-0.691,$188.73,
NYSE:OMF,23 Jun 2026,$58.80,3,,,1.73,$63.19,-6.95%,,,,$64.35,1.84%,$307.34,386.37%,$313.09,395.47%,OMF,NYSE:OMF,-0.386,$69.57,
NYSE:SPG,25 Jun 2026,$192.49,3,$210.75,9,1.07,$218.29,-11.82%,,,,$219.55,0.58%,$0.00,-100.00%,$0.00,-100.00%,SPG,NYSE:SPG,-0.675,$234.37,-10.08%
NYSE:HTH,16 Jun 2026,$40.96,3,$39.50,3,0.89,$38.68,2.12%,,,,$37.84,-2.17%,$62.38,61.28%,$67.71,75.06%,HTH,NYSE:HTH,-0.755,$42.00,-5.95%
NASDAQ:HTO,23 Jun 2026,$57.81,3,,,1.45,$63.48,-8.94%,,,,$62.78,-1.10%,$0.00,-100.00%,$0.00,-100.00%,HTO,NASDAQ:HTO,-0.500,$67.14,
NYSE:MLI,17 Jun 2026,$127.13,2,,,0.73,$63.22,101.09%,,,,$61.11,-3.34%,$111.14,75.80%,$115.37,82.49%,MLI,NYSE:MLI,-0.869,$80.00,
NYSE:EG,17 Jun 2026,$338.53,3,,,1.13,$370.06,-8.52%,,,,$359.71,-2.80%,$0.00,-100.00%,$0.00,-100.00%,EG,NYSE:EG,-0.652,$406.47,
NYSE:SR,23 Jun 2026,$82.84,4,,,1.27,$80.92,2.37%,,,,$82.90,2.45%,$0.00,-100.00%,$0.00,-100.00%,SR,NYSE:SR,-0.602,$93.22,
NYSE:BFH,19 Jun 2026,$90.04,3,$98.33,10,0.49,$105.91,-14.98%,,,,$104.53,-1.30%,-$153.43,-244.87%,-$148.35,-240.07%,BFH,NYSE:BFH,-0.932,$114.47,-14.10%
NASDAQ:SNY,23 Jul 2026,$57.39,5,$57.00,3,1.22,$45.85,24.32%,,,,$45.09,-1.66%,$0.00,-100.00%,$0.00,-100.00%,SNY,NASDAQ:SNY,-0.631,$53.72,6.11%
NASDAQ:TMUS,30 Jun 2026,$234.16,3,$254.24,7,1.10,$183.04,27.93%,,,,$180.07,-1.62%,$316.39,72.85%,$524.84,186.73%,TMUS,NASDAQ:TMUS,-0.717,$243.38,4.46%
NYSE:ES,23 Jun 2026,$73.60,4,$70.67,8,1.62,$70.21,0.66%,,,,$71.62,2.01%,$0.00,-100.00%,$0.00,-100.00%,ES,NYSE:ES,-0.427,$73.75,-4.18%
NASDAQ:TIGO,24 Jun 2026,$78.80,3,,,0.81,$93.68,-15.88%,,,,$86.91,-7.23%,$0.00,-100.00%,$0.00,-100.00%,TIGO,NASDAQ:TIGO,-0.780,$96.64,
NASDAQ:EZPW,29 Jun 2026,$31.35,3,$41.00,9,0.91,$32.22,-2.70%,,,,$28.20,-12.48%,$0.00,-100.00%,$0.00,-100.00%,EZPW,NASDAQ:EZPW,-0.789,$40.80,0.49%
NYSE:NRP,24 Jun 2026,$100.40,3,,,1.16,$105.39,-4.73%,,,,$102.47,-2.77%,$0.00,-100.00%,$0.00,-100.00%,NRP,NYSE:NRP,-0.599,$96.00,
NYSE:DINO,24 Jun 2026,$67.54,3,$72.58,9,0.62,$97.32,-30.60%,,,,$92.05,-5.42%,$0.00,-100.00%,$0.00,-100.00%,DINO,NYSE:DINO,-0.843,$90.53,-19.83%
NYSE:T,23 Jul 2026,$28.76,5,$27.54,10,1.46,$25.29,8.90%,,,,$24.79,-1.98%,$21.40,-15.38%,$58.23,130.25%,T,NYSE:T,-0.515,$28.71,-4.08%
NYSE:HAL,30 Jun 2026,$33.26,3,$45.07,7,1.49,$35.34,-5.90%,,,,$34.72,-1.75%,$46.45,31.43%,$59.98,69.72%,HAL,NYSE:HAL,-0.520,$43.20,4.33%
NYSE:TS,30 Jun 2026,$56.32,3,$63.20,7,1.56,$52.66,6.96%,,,,$52.71,0.09%,$0.00,-100.00%,$0.00,-100.00%,TS,NYSE:TS,-0.489,$64.33,-1.76%
NYSE:TDW,30 Jun 2026,$68.88,3,,7,0.48,$95.25,-27.68%,,,,$90.75,-4.72%,$0.00,-100.00%,$0.00,-100.00%,TDW,NYSE:TDW,-0.911,$90.86,
NYSE:FLOC,29 Jul 2026,$21.53,4,,,0.84,$22.63,-4.86%,-4.86%,$21.53,$31.11,$21.90,-3.23%,$0.00,-100.00%,$0.00,-100.00%,FLOC,NYSE:FLOC,-0.843,$31.11,
NYSE:CLB,21 Jul 2026,$13.82,5,$11.00,1,0.69,$12.52,-12.14%,,,,$12.21,-2.48%,$9.80,-21.76%,$13.02,4.02%,CLB,NYSE:CLB,-0.872,$15.17,-27.49%
NASDAQ:SND,30 Jun 2026,$5.71,3,,6,1.59,$4.85,17.73%,,,,$4.76,-1.86%,$0.00,-100.00%,$0.00,-100.00%,SND,NASDAQ:SND,-0.341,$3.00,
NYSE:BWLP,26 Jun 2026,$17.09,3,,,1.24,$24.72,-30.87%,,,,$23.20,-6.15%,$75.43,205.12%,$101.23,309.52%,BWLP,NYSE:BWLP,-0.506,,
NYSE:RCI,14 Aug 2026,$40.30,5,$42.37,9,1.86,$36.27,11.11%,11.11%,$40.30,$42.63,$36.11,-0.44%,$8.84,-75.62%,$141.49,290.09%,RCI,NYSE:RCI,-0.346,$42.63,-0.61%
NYSE:TIMB,30 Jun 2026,$23.56,4,$27.83,1,1.33,$17.84,32.04%,,,,$17.48,-2.02%,$63.34,255.05%,$110.60,519.98%,TIMB,NYSE:TIMB,-0.625,$24.49,13.64%
NYSE:UGI,2 Jul 2026,$38.21,4,$40.00,4,1.31,$37.59,1.64%,,,,$38.14,1.46%,$0.00,-100.00%,$0.00,-100.00%,UGI,NYSE:UGI,-0.574,$41.33,-3.22%
NYSE:WSR,2 Jul 2026,$19.20,3,$19.00,7,,,#DIV/0!,,,,,#DIV/0!,-$2.00,#DIV/0!,-$2.00,#DIV/0!,WSR,NYSE:WSR,-2.000,,
NYSE:BSM,2 Jul 2026,$13.68,1,,,2.45,$14.89,-8.13%,,,,$14.68,-1.41%,$0.00,-100.00%,$0.00,-100.00%,BSM,NYSE:BSM,-0.060,$16.00,
NASDAQ:STRS,17 Jul 2026,$26.82,4,,3,0.71,$19.32,38.82%,,,,$9.26,-52.07%,$0.00,-100.00%,$0.00,-100.00%,STRS,NASDAQ:STRS,-0.716,,
NYSE:USAC,,,,,,1.80,$26.55,-100.00%,,,,$26.41,-0.53%,$0.00,-100.00%,$0.00,-100.00%,USAC,NYSE:USAC,-0.361,$29.60,
NASDAQ:SWBI,,,,,,1.96,$14.10,-100.00%,,,,$14.13,0.21%,$57.48,307.62%,$64.16,355.03%,SWBI,NASDAQ:SWBI,-0.313,$17.25,
NYSE:INN,,,,,,0.90,$6.16,-100.00%,,,,$5.96,-3.25%,$0.00,-100.00%,$0.00,-100.00%,INN,NYSE:INN,-0.751,$6.69,
NYSE:NTST,,,,,,1.30,$20.35,-100.00%,,,,$20.33,-0.10%,$16.33,-19.75%,$29.59,45.41%,NTST,NYSE:NTST,-0.586,$23.18,
NYSE:NE,,,,,,1.21,$46.27,-100.00%,,,,$45.16,-2.40%,$56.96,23.10%,$56.89,22.96%,NE,NYSE:NE,-0.604,$48.09,
NYSE:HUN,,,,,,1.58,$9.97,-100.00%,,,,$10.15,1.81%,$9.09,-8.82%,$26.94,170.17%,HUN,NYSE:HUN,-0.472,$11.82,
NYSE:DOW,,,,,,1.14,$32.35,-100.00%,,,,$31.13,-3.77%,$27.92,-13.68%,$77.26,138.83%,DOW,NYSE:DOW,-0.647,$35.69,
NYSE:TU,,,,,,2.29,$9.90,-100.00%,,,,$9.78,-1.21%,$0.72,-92.76%,$11.07,11.78%,TU,NYSE:TU,-0.154,$11.67,
NYSE:DKS,,,,,,1.06,$183.23,-100.00%,,,,$186.48,1.77%,$228.90,24.93%,"$5,724.29",3024.10%,DKS,NYSE:DKS,-0.743,$251.05,
NYSE:GLP,,,,,,1.28,$50.38,-100.00%,,,,$49.92,-0.91%,$0.00,-100.00%,$0.00,-100.00%,GLP,NYSE:GLP,-0.539,$45.00,
NYSE:UAN,,,,,,1.79,$125.90,-100.00%,,,,$121.59,-3.42%,$234.69,86.41%,$315.52,150.61%,UAN,NYSE:UAN,-0.250,$9.50,
NYSE:BCE,,,,,,1.55,$23.71,-100.00%,,,,$23.41,-1.27%,$0.00,-100.00%,$0.00,-100.00%,BCE,NYSE:BCE,-0.489,$28.58,
NASDAQ:CMCSA,,,,,,2.34,$26.85,-100.00%,,,,$26.44,-1.53%,$98.01,265.02%,$166.44,519.87%,CMCSA,NASDAQ:CMCSA,-0.120,$30.08,
NYSE:CUBE,,,,,,1.87,$40.89,-100.00%,,,,$41.53,1.57%,$48.96,19.73%,$58.82,43.84%,CUBE,NYSE:CUBE,-0.318,$44.12,
NYSE:XIFR,,,,,,0.98,$11.15,-100.00%,,,,$11.28,1.17%,-$36.01,-422.92%,-$15.39,-238.03%,XIFR,NYSE:XIFR,-0.719,$12.32,
NASDAQ:RILY,,,,,,1.61,$7.12,-100.00%,,,,$6.91,-2.95%,$0.00,-100.00%,$0.00,-100.00%,RILY,NASDAQ:RILY,-0.330,$1.50,
NYSE:BCC,,,,,,1.36,$82.47,-100.00%,,,,$80.66,-2.19%,$57.37,-30.43%,$104.47,26.67%,BCC,NYSE:BCC,-0.565,$96.50,
NYSE:CC,,,,,,1.12,$15.97,-100.00%,,,,$15.46,-3.19%,$0.00,-100.00%,$0.00,-100.00%,CC,NYSE:CC,-0.690,$19.78,
NASDAQ:BBCP,,,,,,0.86,$9.32,-100.00%,,,,$8.83,-5.26%,$6.60,-29.22%,$8.77,-5.91%,BBCP,NASDAQ:BBCP,-0.815,$12.00,
NASDAQ:PAGP,,,,,,1.72,$26.84,-100.00%,,,,$25.95,-3.32%,-$0.91,-103.40%,$47.31,76.26%,PAGP,NASDAQ:PAGP,-0.352,$24.79,
NYSE:AEO,,,,,,1.08,$16.17,-100.00%,,,,$16.41,1.48%,$57.75,257.15%,$54.71,238.37%,AEO,NYSE:AEO,-0.699,$19.50,
NYSE:BEP,,,,,,1.56,$32.77,-100.00%,,,,$33.04,0.82%,$0.00,-100.00%,$0.00,-100.00%,BEP,NYSE:BEP,-0.461,$36.07,
NASDAQ:NWE,,,,,,1.71,$69.45,-100.00%,,,,$70.37,1.32%,-$5.44,-107.83%,$8.89,-87.19%,NWE,NASDAQ:NWE,-0.389,$74.25,
NYSE:PINE,,,,,,1.77,$19.55,-100.00%,,,,$19.61,0.31%,-$0.12,-100.61%,$12.81,-34.48%,PINE,NYSE:PINE,-0.372,$21.73,
NYSE:LYB,,,,,,1.49,$67.53,-100.00%,,,,$65.51,-2.99%,$0.00,-100.00%,$0.00,-100.00%,LYB,NYSE:LYB,-0.476,$69.53,
NYSE:CODI,,,,,,1.49,$11.68,-100.00%,,,,$11.54,-1.20%,$0.00,-100.00%,$0.00,-100.00%,CODI,NYSE:CODI,-0.562,$17.00,
NYSE:KEN,,,,,,0.83,$66.25,-100.00%,,,,$62.89,-5.07%,$76.47,15.42%,$80.98,22.24%,KEN,NYSE:KEN,-0.676,$29.85,
NYSE:SPH,,,,,,1.61,$17.65,-100.00%,,,,$17.57,-0.45%,$0.00,-100.00%,$0.00,-100.00%,SPH,NYSE:SPH,-0.411,$17.00,
NASDAQ:VNOM,,,,,,1.19,$45.27,-100.00%,,,,$43.18,-4.62%,$0.00,-100.00%,$0.00,-100.00%,VNOM,NASDAQ:VNOM,-0.655,$55.74,
NYSE:ENR,,,,,,1.31,$21.47,-100.00%,,,,$21.57,0.47%,$0.00,-100.00%,$0.00,-100.00%,ENR,NYSE:ENR,-0.562,$22.33,
NYSE:PII,,,,,,1.07,$64.39,-100.00%,,,,$64.88,0.76%,$138.27,114.74%,$197.19,206.25%,PII,NYSE:PII,-0.688,$72.73,
NYSE:BIP,,,,,,1.94,$38.95,-100.00%,,,,$38.81,-0.36%,-$131.25,-436.97%,-$41.84,-207.42%,BIP,NYSE:BIP,-0.315,$46.82,
NYSE:CWEN,,,,,,1.18,$32.56,-100.00%,,,,$32.85,0.89%,$0.00,-100.00%,$0.00,-100.00%,CWEN,NYSE:CWEN,-0.682,$43.50,
NYSE:OLN,,,,,,1.27,$18.40,-100.00%,,,,$18.53,0.71%,$34.06,85.11%,$24.26,31.85%,OLN,NYSE:OLN,-0.617,$22.38,
NYSE:CTO,,,,,,1.55,$21.80,-100.00%,,,,$21.83,0.14%,$1.33,-93.89%,$19.91,-8.67%,CTO,NYSE:CTO,-0.473,$24.60,
NYSE:MMM,,,,,,0.93,$178.96,-100.00%,,,,$177.63,-0.74%,$194.85,8.88%,$175.72,-1.81%,MMM,NYSE:MMM,-0.726,$185.57,
NYSE:BWMX,,,,,,2.43,$16.05,-100.00%,,,,$16.20,0.93%,$41.20,156.72%,$47.61,196.64%,BWMX,NYSE:BWMX,-0.141,$29.53,
NASDAQ:WDFC,,,,,,1.06,$217.08,-100.00%,,,,$219.96,1.33%,$348.63,60.60%,$364.51,67.92%,WDFC,NASDAQ:WDFC,-0.720,$271.67,
NYSE:KRP,,,,,,1.85,$15.40,-100.00%,,,,$14.86,-3.51%,$0.00,-100.00%,$0.00,-100.00%,KRP,NYSE:KRP,-0.365,$19.20,
NYSE:BEPC,,,,,,1.00,$33.25,-100.00%,,,,$33.27,0.06%,$0.00,-100.00%,$0.00,-100.00%,BEPC,NYSE:BEPC,-0.728,$39.17,
NYSE:SXC,,,,,,1.95,$9.69,-100.00%,,,,$9.26,-4.44%,$19.23,98.45%,$11.71,20.83%,SXC,NYSE:SXC,-0.262,$9.50,
NYSE:OUT,,,,,,1.74,$29.83,-100.00%,,,,$29.95,0.40%,$0.00,-100.00%,$0.00,-100.00%,OUT,NYSE:OUT,-0.422,$38.00,
NYSE:FLNG,,,,,,1.59,$32.03,-100.00%,,,,$31.64,-1.22%,$0.00,-100.00%,$0.00,-100.00%,FLNG,NYSE:FLNG,-0.382,$25.88,
NYSE:NAT,,,,,,1.96,$6.97,-100.00%,,,,$7.00,0.43%,$9.47,35.86%,$12.04,72.73%,NAT,NYSE:NAT,-0.230,$6.00,
NYSE:KGS,,,,,,1.25,$61.46,-100.00%,,,,$58.91,-4.15%,$0.00,-100.00%,$0.00,-100.00%,KGS,NYSE:KGS,-0.657,$82.73,
NYSE:GRNT,,,,,,2.29,$5.11,-100.00%,,,,$5.22,2.15%,$0.00,-100.00%,$0.00,-100.00%,GRNT,NYSE:GRNT,-0.204,$7.60,
NYSE:TSM,,,,,,1.24,$418.95,-100.00%,,,,$404.50,-3.45%,$524.48,25.19%,$602.72,43.86%,TSM,NYSE:TSM,-0.651,$547.09,
NASDAQ:FEIM,,,,,,0.79,$61.69,-100.00%,,,,$65.00,5.37%,$0.00,-100.00%,$0.00,-100.00%,FEIM,NASDAQ:FEIM,-0.851,$81.00,
NYSE:INSW,,,,,,1.17,$99.52,-100.00%,,,,$98.23,-1.30%,$0.00,-100.00%,$0.00,-100.00%,INSW,NYSE:INSW,-0.613,$100.00,
NASDAQ:CSCO,,,,,,1.05,$111.04,-100.00%,,,,$109.21,-1.65%,$0.00,-100.00%,$0.00,-100.00%,CSCO,NASDAQ:CSCO,-0.713,$134.77,
NASDAQ:GLPI,,,,,,2.02,$43.55,-100.00%,,,,$42.49,-2.43%,$0.00,-100.00%,$0.00,-100.00%,GLPI,NASDAQ:GLPI,-0.285,$53.52,
NYSE:LPL,23 Jul 2026,$3.52,4,,2,0.75,$3.28,7.29%,,,,$3.26,-0.61%,$0.00,-100.00%,$0.00,-100.00%,LPL,NYSE:LPL,-0.870,$4.30,
NYSE:TSLX,27 Jul 2026,$16.72,,$18.92,7,2.38,$18.79,-11.02%,-11.02%,$16.72,$19.68,$18.67,-0.64%,$0.00,-100.00%,$0.00,-100.00%,TSLX,NYSE:TSLX,-0.085,$19.68,-3.86%
NYSE:GNK,,,,,,1.43,$26.52,-100.00%,,,,$25.78,-2.79%,$0.00,-100.00%,$0.00,-100.00%,GNK,NYSE:GNK,-0.524,$29.50,
NYSE:TDS,,,,,,2.37,$33.60,-100.00%,,,,$34.63,3.07%,$0.00,-100.00%,$0.00,-100.00%,TDS,NYSE:TDS,-0.167,$49.00,
NYSE:AXIA,,,,,,,$10.22,-100.00%,,,,,-100.00%,-$2.00,-119.57%,-$2.00,-119.57%,AXIA,NYSE:AXIA,-2.000,,
NASDAQ:BLMN,,,,,,0.73,$11.63,-100.00%,,,,$10.31,-11.35%,$0.00,-100.00%,$0.00,-100.00%,BLMN,NASDAQ:BLMN,-0.805,$11.32,
NYSE:CPA,,,,,,1.40,$129.95,-100.00%,,,,$128.09,-1.43%,$0.00,-100.00%,$0.00,-100.00%,CPA,NYSE:CPA,-0.594,$178.40,
NYSE:AB,,,,,,2.24,$36.26,-100.00%,,,,$36.52,0.72%,$0.00,-100.00%,$0.00,-100.00%,AB,NYSE:AB,-0.156,$39.29,
NASDAQ:PANL,,,,,,1.31,$8.14,-100.00%,,,,$7.72,-5.16%,$0.00,-100.00%,$0.00,-100.00%,PANL,NASDAQ:PANL,-0.623,$10.85,
NASDAQ:BCBP,,,,,,1.08,$8.76,-100.00%,,,,$8.75,-0.11%,$0.00,-100.00%,$0.00,-100.00%,BCBP,NASDAQ:BCBP,-0.730,$11.75,
NYSE:SSTK,,,,,,2.23,$5.32,-100.00%,,,,$5.42,1.88%,$18.36,245.07%,$12.18,128.95%,SSTK,NYSE:SSTK,-0.231,$28.85,
NASDAQ:EMBC,,,,,,0.90,$5.23,-100.00%,,,,$5.04,-3.63%,$0.00,-100.00%,$0.00,-100.00%,EMBC,NASDAQ:EMBC,-0.682,$4.00,
NYSE:OTF,,,,,,1.89,$10.96,-100.00%,,,,$11.16,1.82%,$0.00,-100.00%,$0.00,-100.00%,OTF,NYSE:OTF,-0.348,$13.67,
NYSE:OGN,,,,,,1.21,$13.75,-100.00%,,,,$13.64,-0.80%,$40.00,190.94%,$31.13,126.41%,OGN,NYSE:OGN,-0.556,$11.25,
NYSE:ARE,,,,,,1.16,$53.49,-100.00%,,,,$46.44,-13.18%,$0.00,-100.00%,$0.00,-100.00%,ARE,NYSE:ARE,-0.615,$52.46,
NASDAQ:CGBD,,,,,,1.94,$11.35,-100.00%,,,,$11.29,-0.53%,$0.00,-100.00%,$0.00,-100.00%,CGBD,NASDAQ:CGBD,-0.288,$12.29,
NASDAQ:ADAM,,,,,,2.17,$9.94,-100.00%,,,,$10.16,2.21%,-$106.75,-1173.93%,-$103.68,-1143.04%,ADAM,NASDAQ:ADAM,-0.214,$11.96,
NYSE:EC,,,,,,1.32,$17.53,-100.00%,,,,$17.79,1.48%,$0.00,-100.00%,$0.00,-100.00%,EC,NYSE:EC,-0.499,$13.65,
NASDAQ:TRIN,,,,,,2.67,$18.13,-100.00%,,,,$18.56,2.37%,$0.00,-100.00%,$0.00,-100.00%,TRIN,NASDAQ:TRIN,0.048,$18.50,
NYSE:ARR,,,,,,2.57,$16.34,-100.00%,,,,$16.60,1.59%,-$60.74,-471.75%,-$60.32,-469.16%,ARR,NYSE:ARR,-0.019,$18.38,
NYSE:ARI,,,,,,2.21,$6.93,-100.00%,,,,$6.92,-0.14%,$0.00,-100.00%,$0.00,-100.00%,ARI,NYSE:ARI,-0.186,$8.00,
NYSE:OLP,,,,,,2.02,$24.17,-100.00%,,,,$24.26,0.37%,$0.00,-100.00%,$0.00,-100.00%,OLP,NYSE:OLP,-0.259,$26.83,
NYSE:BDN,,,,,,2.07,$3.03,-100.00%,,,,$3.03,0.00%,-$8.44,-378.63%,$1.59,-47.48%,BDN,NYSE:BDN,-0.213,$3.00,
NYSE:TRTX,,,,,,1.76,$7.89,-100.00%,,,,$7.93,0.51%,-$24.58,-411.50%,-$22.78,-388.66%,TRTX,NYSE:TRTX,-0.405,$9.88,
NYSE:NSP,,,,,,1.36,$52.79,-100.00%,,,,$51.53,-2.39%,$0.00,-100.00%,$0.00,-100.00%,NSP,NYSE:NSP,-0.522,$51.75,
NYSE:MTN,,,,,,1.65,$152.81,-100.00%,,,,$150.13,-1.75%,$82.57,-45.97%,$165.35,8.21%,MTN,NYSE:MTN,-0.393,$147.23,
NYSE:FLO,,,,,,2.14,$6.95,-100.00%,,,,$7.43,6.91%,$9.24,32.96%,$18.19,161.72%,FLO,NYSE:FLO,-0.242,$8.80,
NYSE:BGS,,,,,,2.65,$3.46,-100.00%,,,,$3.55,2.60%,$0.00,-100.00%,$0.00,-100.00%,BGS,NYSE:BGS,-0.003,$4.20,
NYSE:ENIC,,,,,,1.22,$4.44,-100.00%,,,,$4.47,0.68%,$7.48,68.48%,$10.28,131.61%,ENIC,NYSE:ENIC,-0.610,$4.84,
NYSE:E,,,,,,1.32,$56.47,-100.00%,,,,$55.65,-1.45%,$0.00,-100.00%,$0.00,-100.00%,E,NYSE:E,-0.532,$52.88,
NYSE:UHT,,,,,,1.68,$41.24,-100.00%,,,,$40.53,-1.72%,$0.00,-100.00%,$0.00,-100.00%,UHT,NYSE:UHT,-0.403,$44.00,
NYSE:NEXA,,,,,,1.05,$15.40,-100.00%,,,,$13.94,-9.48%,$0.00,-100.00%,$0.00,-100.00%,NEXA,NYSE:NEXA,-0.658,$14.75,
NYSE:DX,,,,,,1.83,$13.03,-100.00%,,,,$13.28,1.92%,$0.00,-100.00%,$0.00,-100.00%,DX,NYSE:DX,-0.351,$14.75,
NYSE:SCM,,,,,,1.98,$8.65,-100.00%,,,,$8.64,-0.12%,$0.00,-100.00%,$0.00,-100.00%,SCM,NYSE:SCM,-0.293,$10.12,
NASDAQ:SEVN,4 Aug 2026,$8.85,3,$8.63,8,2.20,$7.70,12.08%,12.08%,$8.63,$9.55,$7.66,-0.52%,-$2.48,-132.25%,-$3.15,-140.93%,SEVN,NASDAQ:SEVN,-0.208,$9.55,-9.63%
NASDAQ:PLTK,,,,,,2.73,$2.37,-100.00%,,,,$2.27,-4.22%,$0.00,-100.00%,$0.00,-100.00%,PLTK,NASDAQ:PLTK,-0.008,$4.90,
NYSE:KBDC,,,,,,1.76,$13.36,-100.00%,,,,$13.25,-0.82%,$0.00,-100.00%,$0.00,-100.00%,KBDC,NYSE:KBDC,-0.377,$14.80,
NYSE:UPS,,,,,,1.59,$102.01,-100.00%,,,,$102.45,0.43%,$57.07,-44.05%,$107.06,4.95%,UPS,NYSE:UPS,-0.456,$116.15,
NASDAQ:KRNY,,,,,,2.32,$9.73,-100.00%,,,,$9.69,-0.41%,$0.00,-100.00%,$0.00,-100.00%,KRNY,NASDAQ:KRNY,-0.121,$10.50,
NASDAQ:JACK,,,,,,0.73,$17.24,-100.00%,,,,$16.45,-4.58%,$0.00,-100.00%,$0.00,-100.00%,JACK,NASDAQ:JACK,-0.844,$20.00,
NYSE:PK,,,,,,1.27,$15.78,-100.00%,,,,$15.41,-2.34%,$0.00,-100.00%,$0.00,-100.00%,PK,NYSE:PK,-0.559,$15.12,
NYSE:BEN,,,,,,1.40,$34.31,-100.00%,,,,$33.77,-1.57%,$0.00,-100.00%,$0.00,-100.00%,BEN,NYSE:BEN,-0.516,$35.27,
NASDAQ:WTBA,,,,,,1.20,$28.54,-100.00%,,,,$27.91,-2.21%,-$149.25,-622.97%,-$143.07,-601.29%,WTBA,NASDAQ:WTBA,-0.603,$29.00,
NASDAQ:REFI,5 Aug 2026,$10.41,3,,4,2.50,$10.78,-3.45%,-3.45%,$10.41,$15.12,$10.51,-2.50%,$0.00,-100.00%,$0.00,-100.00%,REFI,NASDAQ:REFI,-0.110,$15.12,
NASDAQ:GNTX,27 Jul 2026,$34.91,5,$27.33,6,1.02,$23.64,15.61%,15.61%,$27.33,$34.91,$23.20,-1.86%,$0.00,-100.00%,$0.00,-100.00%,GNTX,NASDAQ:GNTX,-0.720,$27.78,-1.62%
NYSE:VZ,,,,,,1.56,$49.45,-100.00%,,,,$48.61,-1.70%,$32.93,-33.40%,$78.76,59.28%,VZ,NYSE:VZ,-0.449,$51.56,
NYSE:ORC,,,,,,1.82,$6.70,-100.00%,,,,$6.70,0.00%,$0.00,-100.00%,$0.00,-100.00%,ORC,NYSE:ORC,-0.352,$7.50,
NASDAQ:SIGA,,,,,,2.80,$3.04,-100.00%,,,,$3.17,4.28%,$0.00,-100.00%,$0.00,-100.00%,SIGA,NASDAQ:SIGA,0.020,$17.53,
NYSE:BBDC,,,,,,2.54,$9.34,-100.00%,,,,$9.52,1.93%,$0.00,-100.00%,$0.00,-100.00%,BBDC,NYSE:BBDC,-0.018,$9.96,
NYSE:NCDL,,,,,,1.61,$12.31,-100.00%,,,,$12.35,0.32%,$0.00,-100.00%,$0.00,-100.00%,NCDL,NYSE:NCDL,-0.450,$14.05,
NYSE:DOC,,,,,,1.46,$21.40,-100.00%,,,,$20.36,-4.86%,$0.00,-100.00%,$0.00,-100.00%,DOC,NYSE:DOC,-0.500,$22.87,
NYSE:VTS,,,,,,1.50,$17.11,-100.00%,,,,$16.50,-3.57%,$0.00,-100.00%,$0.00,-100.00%,VTS,NYSE:VTS,-0.522,$21.25,
NYSE:GNL,,,,,,1.57,$9.04,-100.00%,,,,$8.86,-1.99%,$0.00,-100.00%,$0.00,-100.00%,GNL,NYSE:GNL,-0.462,$10.14,
NASDAQ:LBRDK,,,,,,0.86,$0.00,#DIV/0!,,,,$34.71,#DIV/0!,$8.03,#DIV/0!,$16.30,#DIV/0!,LBRDK,NASDAQ:LBRDK,-0.655,$42.50,
NYSE:AFG,,,,,,1.79,$143.70,-100.00%,,,,$143.35,-0.24%,$0.00,-100.00%,$0.00,-100.00%,AFG,NYSE:AFG,-0.358,$155.83,
NASDAQ:CZNC,,,,,,1.80,$25.80,-100.00%,,,,$25.68,-0.47%,-$94.41,-465.91%,-$94.09,-464.70%,CZNC,NASDAQ:CZNC,-0.342,$27.00,
NASDAQ:GLAD,,,,,,1.34,$19.67,-100.00%,,,,$19.31,-1.83%,$0.00,-100.00%,$0.00,-100.00%,GLAD,NASDAQ:GLAD,-0.564,$22.00,
NYSE:LPG,,,,,,1.27,$51.13,-100.00%,,,,$48.42,-5.30%,$0.00,-100.00%,$0.00,-100.00%,LPG,NYSE:LPG,-0.572,$51.80,
NASDAQ:OCSL,,,,,,1.58,$12.99,-100.00%,,,,$13.00,0.08%,$0.00,-100.00%,$0.00,-100.00%,OCSL,NASDAQ:OCSL,-0.423,$12.50,
NASDAQ:FNLC,,,,,,1.02,$34.74,-100.00%,,,,$34.35,-1.12%,$0.00,-100.00%,$0.00,-100.00%,FNLC,NASDAQ:FNLC,-0.590,,
NYSE:CRI,,,,,,1.36,$35.77,-100.00%,,,,$36.79,2.85%,$0.00,-100.00%,$0.00,-100.00%,CRI,NYSE:CRI,-0.571,$42.67,
NASDAQ:TCPC,,,,,,1.86,$4.03,-100.00%,,,,$4.11,1.99%,$0.00,-100.00%,$0.00,-100.00%,TCPC,NASDAQ:TCPC,-0.324,$4.33,
NYSE:SAR,4 Aug 2026,,,$22.00,3,2.82,$18.43,19.37%,19.37%,$22.00,$22.00,$19.13,3.80%,$85.87,365.91%,"$2,944.69",15877.69%,SAR,NYSE:SAR,0.086,$21.20,3.77%
NYSE:KREF,,,,,,2.07,$7.58,-100.00%,,,,$7.45,-1.72%,-$63.78,-941.41%,-$61.07,-905.70%,KREF,NYSE:KREF,-0.219,$7.75,
NYSE:MFA,13 Aug 2026,$11.08,4,$10.38,5,1.87,$8.91,16.50%,16.50%,$10.38,$14.00,$9.05,1.57%,$0.00,-100.00%,$0.00,-100.00%,MFA,NYSE:MFA,-0.390,$14.00,-25.86%
NYSE:CIM,,,,,,2.31,$11.52,-100.00%,,,,$11.78,2.26%,$0.00,-100.00%,$0.00,-100.00%,CIM,NYSE:CIM,-0.162,$14.50,
NASDAQ:XRX,,,,,,1.54,$2.90,-100.00%,,,,$2.81,-3.10%,-$40.02,-1480.11%,$8.42,190.25%,XRX,NASDAQ:XRX,-0.475,$3.23,
NYSE:TWO,,,,,,2.01,$12.05,-100.00%,,,,$12.09,0.33%,-$13.53,-212.26%,-$13.64,-213.24%,TWO,NYSE:TWO,-0.237,$11.90,
NYSE:FSK,,,,,,2.20,$11.91,-100.00%,,,,$12.02,0.92%,$0.00,-100.00%,$0.00,-100.00%,FSK,NYSE:FSK,-0.154,$11.90,
NASDAQ:MFIC,,,,,,2.22,$9.76,-100.00%,,,,$9.78,0.20%,$0.00,-100.00%,$0.00,-100.00%,MFIC,NASDAQ:MFIC,-0.162,$10.50,
NYSE:MSDL,,,,,,2.24,$15.36,-100.00%,,,,$15.48,0.78%,$0.00,-100.00%,$0.00,-100.00%,MSDL,NYSE:MSDL,-0.141,$15.71,
NYSE:NLY,,,,,,1.87,$23.16,-100.00%,,,,$23.63,2.03%,$0.00,-100.00%,$0.00,-100.00%,NLY,NYSE:NLY,-0.314,$24.23,
NASDAQ:SLRC,,,,,,1.80,$12.63,-100.00%,,,,$12.70,0.55%,$0.00,-100.00%,$0.00,-100.00%,SLRC,NASDAQ:SLRC,-0.373,$15.00,
NYSE:PMT,,,,,,2.47,$9.35,-100.00%,,,,$9.63,2.99%,$0.00,-100.00%,$0.00,-100.00%,PMT,NYSE:PMT,-0.086,$11.46,
NASDAQ:CSWC,,,,,,2.26,$24.96,-100.00%,,,,$24.71,-1.00%,$0.00,-100.00%,$0.00,-100.00%,CSWC,NASDAQ:CSWC,-0.134,$25.30,
NASDAQ:GBDC,,,,,,2.16,$13.20,-100.00%,,,,$13.19,-0.08%,$0.00,-100.00%,$0.00,-100.00%,GBDC,NASDAQ:GBDC,-0.181,$13.62,
NYSE:SLG,,,,,,1.58,$57.45,-100.00%,,,,$55.61,-3.20%,-$40.75,-170.93%,-$16.21,-128.22%,SLG,NYSE:SLG,-0.425,$56.00,
NYSE:EARN,,,,,,2.18,$4.41,-100.00%,,,,$4.41,0.00%,$0.00,-100.00%,$0.00,-100.00%,EARN,NYSE:EARN,-0.196,$5.00,
NYSE:EFC,13 Aug 2026,$15.83,3,$15.00,10,1.99,$13.63,10.05%,10.05%,$14.79,$15.83,$13.76,0.95%,$0.00,-100.00%,$0.00,-100.00%,EFC,NYSE:EFC,-0.267,$14.79,1.42%
NYSE:ACRE,,,,,,1.40,$4.77,-100.00%,,,,$4.68,-1.89%,$0.00,-100.00%,$0.00,-100.00%,ACRE,NYSE:ACRE,-0.534,$5.30,
NASDAQ:HRZN,,,,,,1.42,$4.82,-100.00%,,,,$5.03,4.36%,$0.00,-100.00%,$0.00,-100.00%,HRZN,NASDAQ:HRZN,-0.515,$5.05,
NYSE:BXMT,,,,,,2.55,$14.27,-100.00%,,,,$14.48,1.47%,-$56.58,-496.53%,-$57.46,-502.69%,BXMT,NYSE:BXMT,-0.072,$18.86,
NASDAQ:TPG,,,,,,0.76,$52.40,-100.00%,,,,$50.30,-4.01%,$0.00,-100.00%,$0.00,-100.00%,TPG,NASDAQ:TPG,-0.828,$60.50,
NYSE:BRSL,,,,,,2.23,$12.10,-100.00%,,,,$11.15,-7.85%,$0.00,-100.00%,$0.00,-100.00%,BRSL,NYSE:BRSL,-0.225,$16.52,
NYSE:BRSP,,,,,,2.33,$4.91,-100.00%,,,,$4.92,0.20%,-$8.84,-280.12%,-$6.23,-226.97%,BRSP,NYSE:BRSP,-0.164,$6.34,
NYSE:MPT,,,,,,1.85,$4.12,-100.00%,,,,$4.04,-1.94%,$0.00,-100.00%,$0.00,-100.00%,MPT,NYSE:MPT,-0.366,$5.11,
NASDAQ:RELL,,,,,,1.01,$17.21,-100.00%,,,,$17.49,1.63%,$0.00,-100.00%,$0.00,-100.00%,RELL,NASDAQ:RELL,-0.728,$20.50,
NYSE:CION,,,,,,2.11,$7.33,-100.00%,,,,$7.37,0.55%,$0.00,-100.00%,$0.00,-100.00%,CION,NYSE:CION,-0.240,$8.75,
NASDAQ:PSEC,,,,,,1.70,$2.33,-100.00%,,,,$2.26,-3.00%,$3.68,58.04%,$4.12,76.63%,PSEC,NASDAQ:PSEC,-0.347,$2.00,
NYSE:CMTG,,,,,,0.79,$1.79,-100.00%,,,,$1.65,-7.82%,-$9.58,-634.97%,-$14.91,-932.99%,CMTG,NYSE:CMTG,-0.836,$2.22,
NYSE:LDI,,,,,,1.50,$0.89,-100.00%,,,,$0.87,-2.25%,$0.00,-100.00%,$0.00,-100.00%,LDI,NYSE:LDI,-0.526,$1.13,
NYSE:ECVT,,,,,,1.19,$10.44,-100.00%,,,,$10.24,-1.92%,$0.00,-100.00%,$0.00,-100.00%,ECVT,NYSE:ECVT,-0.692,$15.50,
NYSE:HAFN,,,,,,1.75,$8.16,-100.00%,,,,$7.89,-3.31%,$14.93,83.02%,$18.76,129.88%,HAFN,NYSE:HAFN,-0.407,$10.00,
NYSE:GSBD,,,,,,2.18,$9.84,-100.00%,,,,$9.87,0.30%,$0.00,-100.00%,$0.00,-100.00%,GSBD,NYSE:GSBD,-0.146,$8.94,
NYSE:RWT,,,,,,2.29,$4.80,-100.00%,,,,$4.83,0.63%,$0.00,-100.00%,$0.00,-100.00%,RWT,NYSE:RWT,-0.168,$5.91,
NASDAQ:VTRS,,,,,,1.40,$16.32,-100.00%,,,,$16.11,-1.29%,$0.00,-100.00%,$0.00,-100.00%,VTRS,NASDAQ:VTRS,-0.541,$18.50,
NYSE:AHRT,,,,,,1.46,$6.67,-100.00%,,,,$6.70,0.45%,$0.00,-100.00%,$0.00,-100.00%,AHRT,NYSE:AHRT,-0.513,$7.50,
NYSE:LADR,,,,,,1.97,$9.92,-100.00%,,,,$10.05,1.31%,-$11.06,-211.45%,-$8.35,-184.21%,LADR,NYSE:LADR,-0.304,$12.00,
NYSE:STWD,,,,,,1.72,$16.38,-100.00%,,,,$16.35,-0.18%,$0.00,-100.00%,$0.00,-100.00%,STWD,NYSE:STWD,-0.418,$19.88,
NYSE:OBDC,,,,,,1.86,$11.30,-100.00%,,,,$11.37,0.62%,$0.00,-100.00%,$0.00,-100.00%,OBDC,NYSE:OBDC,-0.343,$13.17,
NASDAQ:TRMD,,,,,,1.85,$31.80,-100.00%,,,,$30.83,-3.05%,$57.73,81.54%,$34.73,9.21%,TRMD,NASDAQ:TRMD,-0.339,$36.00,
NYSE:BHR,,,,,,,$2.07,-100.00%,,,,,-100.00%,-$2.00,-196.62%,-$2.00,-196.62%,BHR,NYSE:BHR,-2.000,,
NYSE:SHEL,,,,,,1.35,$93.33,-100.00%,,,,$92.31,-1.09%,$240.89,158.11%,$322.53,245.58%,SHEL,NYSE:SHEL,-0.545,$98.03,
NYSE:PRGO,,,,,,1.48,$14.25,-100.00%,,,,$13.16,-7.65%,$0.00,-100.00%,$0.00,-100.00%,PRGO,NYSE:PRGO,-0.513,$16.50,
NYSE:MITT,,,,,,2.28,$6.71,-100.00%,,,,$6.72,0.15%,$0.00,-100.00%,$0.00,-100.00%,MITT,NYSE:MITT,-0.196,$9.00,
NYSE:CMBT,,,,,,1.59,$18.05,-100.00%,,,,$17.17,-4.88%,$10.05,-44.34%,$7.35,-59.26%,CMBT,NYSE:CMBT,-0.444,$19.45,
NYSE:EPR,,,,,,1.92,$60.35,-100.00%,,,,$60.38,0.05%,$61.19,1.39%,$90.88,50.58%,EPR,NYSE:EPR,-0.291,$63.85,
NYSE:IIPR,,,,,,2.27,$56.71,-100.00%,,,,$55.93,-1.38%,$0.00,-100.00%,$0.00,-100.00%,IIPR,NYSE:IIPR,-0.152,$63.25,
NYSE:COLD,,,,,,1.98,$15.25,-100.00%,,,,$15.06,-1.25%,$0.00,-100.00%,$0.00,-100.00%,COLD,NYSE:COLD,-0.269,$16.38,
NYSE:HR,,,,,,1.47,$19.39,-100.00%,,,,$19.11,-1.44%,$13.03,-32.80%,$28.55,47.26%,HR,NYSE:HR,-0.504,$21.58,
NYSE:BNL,,,,,,1.95,$21.12,-100.00%,,,,$20.69,-2.04%,$0.00,-100.00%,$0.00,-100.00%,BNL,NYSE:BNL,-0.292,$23.70,
