date,ticker,high,low,open,close,split_coefficient,volume
2026-08-24,NASDAQ:VISN,11.18,10.82,11.11,10.84,1.0,8270759
2026-08-25,NASDAQ:VISN,11.07,10.755,10.96,11.04,1.0,5755331
2026-08-26,NASDAQ:VISN,11.09,10.895,10.98,11.05,1.0,13119433
2026-08-27,NASDAQ:VISN,11.7,11.33,11.61,11.63,1.0,7603070
2026-08-28,NASDAQ:VISN,6.85,6.0003,6.8,6.06,1.0,31223654
2026-08-31,NASDAQ:VISN,6.48,6.19,6.21,6.31,1.0,18644400
2026-09-01,NASDAQ:VISN,6.32,6.07,6.21,6.22,1.0,8443292
2026-09-02,NASDAQ:VISN,6.56,6.2,6.2,6.47,1.0,10137189
2026-09-03,NASDAQ:VISN,6.505,6.32,6.39,6.37,1.0,6648351
2026-09-04,NASDAQ:VISN,6.455,6.26,6.35,6.4,1.0,6258852
2026-09-08,NASDAQ:VISN,6.58,6.355,6.4,6.47,1.0,6266935
2026-09-09,NASDAQ:VISN,6.515,6.37,6.45,6.405,1.0,4955894
2026-09-10,NASDAQ:VISN,6.46,6.325,6.34,6.4,1.0,4324085
2026-09-11,NASDAQ:VISN,6.53,6.43,6.49,6.48,1.0,4925759
2026-09-14,NASDAQ:VISN,6.72,6.39,6.4,6.465,1.0,10475523
2026-09-15,NASDAQ:VISN,6.78,6.5,6.5,6.73,1.0,8174861
2026-09-16,NASDAQ:VISN,6.79,6.49,6.79,6.51,1.0,6672137
2026-09-17,NASDAQ:VISN,6.72,6.43,6.72,6.45,1.0,6459103
2026-09-18,NASDAQ:VISN,6.63,6.46,6.51,6.57,1.0,30856593
2026-09-21,NASDAQ:VISN,6.58,6.43,6.56,6.48,1.0,7432297
2026-09-22,NASDAQ:VISN,6.6,6.45,6.48,6.48,1.0,3868422
2026-09-23,NASDAQ:VISN,6.505,6.42,6.49,6.45,1.0,5710748
2026-09-24,NASDAQ:VISN,6.41,6.295,6.38,6.35,1.0,4007386
2026-09-25,NASDAQ:VISN,6.39,6.2,6.39,6.22,1.0,6014945
2026-08-24,NYSE:AIV,2.64,2.59,2.62,2.6,1.0,771515
2026-08-25,NYSE:AIV,2.605,2.57,2.58,2.58,1.0,481849
2026-08-26,NYSE:AIV,2.58,2.52,2.57,2.53,1.0,2230016
2026-08-27,NYSE:AIV,2.54,2.49,2.52,2.51,1.0,1067139
2026-08-28,NYSE:AIV,2.6,2.5,2.5,2.55,1.0,1702239
2026-08-31,NYSE:AIV,2.535,2.5,2.52,2.51,1.0,4891557
2026-09-01,NYSE:AIV,2.565,2.51,2.52,2.55,1.0,1299707
2026-09-02,NYSE:AIV,2.57,2.53,2.54,2.56,1.0,608647
2026-09-03,NYSE:AIV,2.58,2.53,2.56,2.54,1.0,512040
2026-09-04,NYSE:AIV,2.59,2.52,2.52,2.56,1.0,792190
2026-09-08,NYSE:AIV,2.555,2.48,2.55,2.48,1.0,1274098
2026-09-09,NYSE:AIV,2.5,2.46,2.48,2.46,1.0,1783403
2026-09-10,NYSE:AIV,2.46,2.42,2.46,2.44,1.0,2063072
2026-09-11,NYSE:AIV,2.45,2.4,2.45,2.4,1.0,948711
2026-09-14,NYSE:AIV,2.4189,2.32,2.39,2.37,1.0,2581769
2026-09-15,NYSE:AIV,2.38,2.27,2.38,2.29,1.0,1462119
2026-09-16,NYSE:AIV,2.33,2.25,2.29,2.25,1.0,1837036
2026-09-17,NYSE:AIV,2.29,2.22,2.26,2.22,1.0,1719822
2026-09-18,NYSE:AIV,2.225,2.175,2.2,2.18,1.0,1028296
2026-09-21,NYSE:AIV,2.19,2.14,2.18,2.16,1.0,2400554
2026-09-22,NYSE:AIV,2.19,2.145,2.17,2.16,1.0,1267722
2026-09-23,NYSE:AIV,2.21,2.115,2.16,2.2,1.0,5178157
2026-09-24,NYSE:AIV,2.215,2.14,2.19,2.18,1.0,3235688
2026-09-25,NYSE:AIV,2.18,2.15,2.18,2.18,1.0,1217743
2026-08-24,NYSE:DD,139.055,135.84,138.75,136.67,1.0,1013482
2026-08-25,NYSE:DD,137.71,135.07,137.55,136.04,1.0,1347241
2026-08-26,NYSE:DD,138.22,136.01,136.61,137.98,1.0,914960
2026-08-27,NYSE:DD,139.46,137.5,137.5,138.8,1.0,860257
2026-08-28,NYSE:DD,141.0,135.83,140.0,136.98,1.0,1055518
2026-08-31,NYSE:DD,136.56,133.68,136.5,134.59,1.0,1713230
2026-09-01,NYSE:DD,134.035,131.56,133.52,132.11,1.0,982965
2026-09-02,NYSE:DD,134.42,132.38,132.89,132.93,1.0,872120
2026-09-03,NYSE:DD,134.39,130.69,134.39,131.13,1.0,1656040
2026-09-04,NYSE:DD,132.14,129.17,130.36,131.59,1.0,1832674
2026-09-08,NYSE:DD,132.39,130.3,131.39,131.32,1.0,1212078
2026-09-09,NYSE:DD,131.595,127.75200000000001,130.73,127.92,1.0,1223142
2026-09-10,NYSE:DD,128.305,126.44,127.48,127.32,1.0,1081261
2026-09-11,NYSE:DD,129.5,126.23,129.19,126.99,1.0,862361
2026-09-14,NYSE:DD,125.0,122.8,125.0,124.29,1.0,1178978
2026-09-15,NYSE:DD,128.285,123.0105,124.67,128.04,1.0,1674158
2026-09-16,NYSE:DD,129.51,126.11,128.73,127.57,1.0,1010636
2026-09-17,NYSE:DD,129.82,128.36,129.1,128.46,1.0,1214866
2026-09-18,NYSE:DD,129.275,127.77,128.39,129.01,1.0,2098210
2026-09-21,NYSE:DD,130.87,128.96,130.0,129.79,1.0,922164
2026-09-22,NYSE:DD,132.22,129.945,130.72,131.8,1.0,1186850
2026-09-23,NYSE:DD,131.89,130.53,130.83,130.88,1.0,686697
2026-09-24,NYSE:DD,131.65,129.1401,130.23,130.22,1.0,809956
2026-09-25,NYSE:DD,132.16,129.7301,130.5,131.71,1.0,761877
2026-08-24,NYSE:SITC,3.11,3.02,3.08,3.07,1.0,965163
2026-08-25,NYSE:SITC,3.085,2.98,3.08,2.98,1.0,784061
2026-08-26,NYSE:SITC,3.055,2.955,2.98,3.03,1.0,952641
2026-08-27,NYSE:SITC,3.02,2.97,3.01,2.98,1.0,879856
2026-08-28,NYSE:SITC,3.045,2.945,3.03,2.99,1.0,1548453
2026-08-31,NYSE:SITC,3.005,2.93,2.99,2.95,1.0,1455847
2026-09-01,NYSE:SITC,3.02,2.9,2.95,2.9,1.0,1191644
2026-09-02,NYSE:SITC,2.99,2.9,2.9,2.93,1.0,635657
2026-09-03,NYSE:SITC,2.95,2.86,2.95,2.87,1.0,663942
2026-09-04,NYSE:SITC,2.9,2.82,2.86,2.87,1.0,647860
2026-09-08,NYSE:SITC,2.91,2.855,2.87,2.88,1.0,718815
2026-09-09,NYSE:SITC,2.885,2.805,2.87,2.81,1.0,857832
2026-09-10,NYSE:SITC,2.84,2.8,2.83,2.83,1.0,1074967
2026-09-11,NYSE:SITC,2.87,2.8003,2.84,2.82,1.0,788575
2026-09-14,NYSE:SITC,2.925,2.82,2.84,2.9,1.0,831379
2026-09-15,NYSE:SITC,2.91,2.85,2.9,2.86,1.0,830426
2026-09-16,NYSE:SITC,2.91,2.85,2.87,2.91,1.0,909817
2026-09-17,NYSE:SITC,2.94,2.885,2.91,2.93,1.0,622689
2026-09-18,NYSE:SITC,2.96,2.89,2.91,2.95,1.0,2957939
2026-09-21,NYSE:SITC,3.05,2.95,2.95,3.02,1.0,1348280
2026-09-22,NYSE:SITC,3.08,3.015,3.04,3.06,1.0,732381
2026-09-23,NYSE:SITC,3.04,2.97,3.04,2.97,1.0,693437
2026-09-24,NYSE:SITC,3.04,2.96,2.96,3.02,1.0,1101155
2026-08-24,NYSE:AD,35.68,35.21,35.48,35.59,1.0,185723
2026-08-25,NYSE:AD,36.1,35.39,35.58,35.86,1.0,174970
2026-08-26,NYSE:AD,36.0,35.31,35.7,35.66,1.0,229585
2026-08-27,NYSE:AD,35.69,34.82,35.63,35.49,1.0,179733
2026-08-28,NYSE:AD,36.48,35.49,35.49,36.0,1.0,209625
2026-08-31,NYSE:AD,37.2,35.91,35.91,36.66,1.0,154590
2026-09-01,NYSE:AD,37.4199,36.23,36.65,36.92,1.0,248296
2026-09-02,NYSE:AD,38.14,36.945,37.28,37.96,1.0,352088
2026-09-03,NYSE:AD,38.97,37.86,38.13,38.73,1.0,192855
2026-09-04,NYSE:AD,38.76,38.22,38.55,38.5,1.0,274550
2026-09-08,NYSE:AD,38.98,38.15,38.4,38.46,1.0,291665
2026-09-09,NYSE:AD,38.6,37.84,38.5,38.44,1.0,303507
2026-09-10,NYSE:AD,38.75,37.69,38.34,38.05,1.0,237746
2026-09-11,NYSE:AD,38.36,37.75,38.29,38.12,1.0,187406
2026-09-14,NYSE:AD,38.37,37.845,38.07,38.28,1.0,267965
2026-09-15,NYSE:AD,38.49,37.86,38.49,38.03,1.0,235032
2026-09-16,NYSE:AD,38.51,37.38,38.055,37.9,1.0,407392
2026-09-17,NYSE:AD,38.18,36.35,37.58,36.85,1.0,448125
2026-09-18,NYSE:AD,36.8,35.52,36.4,35.59,1.0,711930
2026-09-21,NYSE:AD,35.96,35.48,35.7,35.56,1.0,172509
2026-09-22,NYSE:AD,35.79,35.3,35.62,35.38,1.0,202557
2026-09-23,NYSE:AD,35.215,34.48,35.14,34.94,1.0,207507
2026-09-24,NYSE:AD,35.41,34.385,35.15,34.49,1.0,231496
2026-09-25,NYSE:AD,34.69,34.034,34.69,34.49,1.0,260904
2026-08-24,AMEX:SDEV,1.26,1.02,1.24,1.12,1.0,4854031
2026-08-25,AMEX:SDEV,1.0497,0.9694,1.04,1.04,1.0,1060309
2026-08-26,AMEX:SDEV,0.9987,0.93,0.9586,0.97,1.0,600251
2026-08-27,AMEX:SDEV,1.04,0.97435,0.98,0.9788,1.0,1162266
2026-08-28,AMEX:SDEV,0.9796,0.93,0.97,0.9346,1.0,692325
2026-08-31,AMEX:SDEV,1.0,0.9082,0.9358,0.9452,1.0,465926
2026-09-01,AMEX:SDEV,0.9229999999999999,0.85,0.9168,0.8598,1.0,706135
2026-09-02,AMEX:SDEV,0.8768,0.8308,0.85,0.8591,1.0,269810
2026-09-03,AMEX:SDEV,0.9464,0.8581,0.86,0.8907,1.0,436261
2026-09-04,AMEX:SDEV,0.9093,0.8734,0.88,0.89,1.0,166008
2026-09-08,AMEX:SDEV,0.9198,0.8701,0.885,0.8701,1.0,206110
2026-09-09,AMEX:SDEV,0.8908,0.8505,0.8675,0.8763,1.0,212601
2026-09-10,AMEX:SDEV,0.8894,0.8595,0.8678,0.8596,1.0,180825
2026-09-11,AMEX:SDEV,0.917,0.8692,0.86925,0.8932,1.0,192621
2026-09-14,AMEX:SDEV,0.8929,0.8653,0.8735,0.8848,1.0,112294
2026-09-15,AMEX:SDEV,0.8971,0.7809,0.875,0.8584,1.0,270187
2026-09-16,AMEX:SDEV,0.86605,0.81215,0.86,0.836,1.0,190958
2026-09-17,AMEX:SDEV,0.9,0.8104,0.8187,0.8412,1.0,279359
2026-09-18,AMEX:SDEV,1.13,0.8512,0.853,1.04,1.0,3169602
2026-09-21,AMEX:SDEV,1.07,0.9612,1.07,1.0,1.0,1464207
2026-09-22,AMEX:SDEV,1.28,0.94,0.99845,1.27,1.0,2260220
2026-09-23,AMEX:SDEV,1.275,1.1,1.2,1.12,1.0,1194115
2026-09-24,AMEX:SDEV,1.3,1.18,1.22,1.29,1.0,4863237
2026-09-25,AMEX:SDEV,1.83,1.4,1.58,1.49,1.0,13466639
2026-08-24,NYSE:NLOP,11.7572,11.45,11.63,11.53,1.0,71475
2026-08-25,NYSE:NLOP,11.67,11.49,11.5,11.61,1.0,94975
2026-08-26,NYSE:NLOP,11.7199,11.48,11.57,11.53,1.0,53768
2026-08-27,NYSE:NLOP,11.63,11.45,11.49,11.51,1.0,51399
2026-08-28,NYSE:NLOP,11.58,11.46,11.58,11.51,1.0,69838
2026-08-31,NYSE:NLOP,11.6919,11.31,11.47,11.42,1.0,94503
2026-09-01,NYSE:NLOP,11.4399,11.14,11.33,11.18,1.0,125245
2026-09-02,NYSE:NLOP,11.335,11.12,11.18,11.13,1.0,107151
2026-09-03,NYSE:NLOP,11.25,10.99,11.25,11.13,1.0,108128
2026-09-04,NYSE:NLOP,11.17,10.97,11.08,11.0,1.0,84570
2026-09-08,NYSE:NLOP,11.38,10.95,10.95,11.16,1.0,194913
2026-09-09,NYSE:NLOP,11.3,11.03,11.06,11.14,1.0,195956
2026-09-10,NYSE:NLOP,11.16,10.81,11.11,10.94,1.0,161362
2026-09-11,NYSE:NLOP,11.06,10.81,11.0,10.87,1.0,170041
2026-09-14,NYSE:NLOP,10.99,10.75,10.81,10.96,1.0,124193
2026-09-15,NYSE:NLOP,11.0,10.82,10.96,10.92,1.0,185379
2026-09-16,NYSE:NLOP,10.95,10.63,10.9,10.71,1.0,139930
2026-09-17,NYSE:NLOP,10.75,10.6,10.69,10.63,1.0,103604
2026-09-18,NYSE:NLOP,10.61,10.36,10.61,10.48,1.0,393899
2026-09-21,NYSE:NLOP,10.565,10.37,10.48,10.49,1.0,106019
2026-09-22,NYSE:NLOP,10.645,10.45,10.58,10.61,1.0,101811
2026-09-23,NYSE:NLOP,10.64,10.24,10.55,10.24,1.0,109599
2026-09-24,NYSE:NLOP,10.34,9.89,10.23,9.93,1.0,195777
2026-09-25,NYSE:NLOP,10.03,9.815,10.02,9.92,1.0,260048
2026-08-24,NASDAQ:CATY,62.82,62.15,62.22,62.33,1.0,498791
2026-08-25,NASDAQ:CATY,62.48,61.82,62.47,61.89,1.0,259098
2026-08-26,NASDAQ:CATY,62.335,61.74,62.09,62.04,1.0,222570
2026-08-27,NASDAQ:CATY,62.15,61.17,61.68,62.12,1.0,286380
2026-08-28,NASDAQ:CATY,62.1425,61.47,61.76,61.87,1.0,425843
2026-08-31,NASDAQ:CATY,61.74,61.05,61.65,61.21,1.0,513054
2026-09-01,NASDAQ:CATY,61.59,60.44,61.02,60.73,1.0,616400
2026-09-02,NASDAQ:CATY,62.51,60.83,61.13,62.0,1.0,502513
2026-09-03,NASDAQ:CATY,63.11,62.08,62.3,62.58,1.0,419342
2026-09-04,NASDAQ:CATY,63.125,62.06,62.24,62.69,1.0,314454
2026-09-08,NASDAQ:CATY,62.72,61.82,62.54,61.86,1.0,409707
2026-09-09,NASDAQ:CATY,62.0197,61.125,61.45,61.34,1.0,417804
2026-09-10,NASDAQ:CATY,62.075,60.83,61.3,62.04,1.0,310745
2026-09-11,NASDAQ:CATY,63.175,61.41,62.6,62.01,1.0,347923
2026-09-14,NASDAQ:CATY,62.82,62.07,62.07,62.42,1.0,383262
2026-09-15,NASDAQ:CATY,63.08,62.28,62.41,62.45,1.0,460133
2026-09-16,NASDAQ:CATY,62.765,60.94,62.43,62.0,1.0,660794
2026-09-17,NASDAQ:CATY,62.72,61.86,62.67,62.02,1.0,359618
2026-09-18,NASDAQ:CATY,62.35,61.39,61.7,62.25,1.0,1594972
2026-09-21,NASDAQ:CATY,62.56,61.47,62.29,61.48,1.0,599317
2026-09-22,NASDAQ:CATY,62.075,60.69,61.88,60.7,1.0,637728
2026-09-23,NASDAQ:CATY,61.085,60.19,60.56,60.47,1.0,427883
2026-09-24,NASDAQ:CATY,61.34,60.27,60.51,61.13,1.0,486876
2026-09-25,NASDAQ:CATY,61.92,61.305,61.37,61.45,1.0,480819
2026-08-24,NASDAQ:IEP,6.79,6.66,6.75,6.74,1.0,1576664
2026-08-25,NASDAQ:IEP,6.75,6.55,6.73,6.64,1.0,1521880
2026-08-26,NASDAQ:IEP,6.83,6.6,6.62,6.81,1.0,750013
2026-08-27,NASDAQ:IEP,6.87,6.71,6.8,6.73,1.0,589847
2026-08-28,NASDAQ:IEP,6.8,6.71,6.75,6.78,1.0,486473
2026-08-31,NASDAQ:IEP,6.815,6.715,6.75,6.8,1.0,591510
2026-09-01,NASDAQ:IEP,6.84,6.7436,6.78,6.81,1.0,490892
2026-09-02,NASDAQ:IEP,6.85,6.745,6.78,6.8,1.0,1076400
2026-09-03,NASDAQ:IEP,6.95,6.785,6.8,6.94,1.0,695927
2026-09-04,NASDAQ:IEP,6.94,6.81,6.92,6.82,1.0,510951
2026-09-08,NASDAQ:IEP,6.95,6.82,6.82,6.91,1.0,667233
2026-09-09,NASDAQ:IEP,6.938,6.8,6.92,6.83,1.0,684329
2026-09-10,NASDAQ:IEP,6.88,6.8,6.82,6.88,1.0,724391
2026-09-11,NASDAQ:IEP,7.035,6.87,6.87,7.0,1.0,801307
2026-09-14,NASDAQ:IEP,7.16,7.0068,7.01,7.05,1.0,864323
2026-09-15,NASDAQ:IEP,7.12,6.96,7.07,6.98,1.0,587039
2026-09-16,NASDAQ:IEP,7.005,6.88,6.96,6.96,1.0,616759
2026-09-17,NASDAQ:IEP,7.05,6.93,6.97,7.03,1.0,435387
2026-09-18,NASDAQ:IEP,7.02,6.925,7.02,6.97,1.0,737375
2026-09-21,NASDAQ:IEP,7.225,6.995,6.995,7.15,1.0,1466131
2026-09-22,NASDAQ:IEP,7.26,7.105,7.15,7.12,1.0,567758
2026-09-23,NASDAQ:IEP,7.125,7.011,7.1,7.095,1.0,908019
2026-09-24,NASDAQ:IEP,7.1,6.95,7.07,6.95,1.0,1078641
2026-09-25,NASDAQ:IEP,7.02,6.935,7.0,6.96,1.0,560718
2026-08-24,NYSE:ZIM,29.035,28.2238,28.44,28.38,1.0,1704826
2026-08-25,NYSE:ZIM,28.5,27.885,28.46,28.08,1.0,1357955
2026-08-26,NYSE:ZIM,27.94,27.45,27.92,27.64,1.0,1042118
2026-08-27,NYSE:ZIM,28.13,27.6628,27.83,27.92,1.0,852640
2026-08-28,NYSE:ZIM,28.15,27.28,28.15,27.44,1.0,872943
2026-08-31,NYSE:ZIM,27.67,27.2657,27.51,27.4,1.0,646047
2026-09-01,NYSE:ZIM,27.57,26.85,27.36,27.01,1.0,923133
2026-09-02,NYSE:ZIM,28.11,27.02,27.13,28.02,1.0,1332086
2026-09-03,NYSE:ZIM,28.04,27.57,28.03,27.59,1.0,694899
2026-09-04,NYSE:ZIM,28.72,27.63,27.81,28.58,1.0,1506793
2026-09-08,NYSE:ZIM,30.4,29.41,30.19,30.08,1.0,4419411
2026-09-09,NYSE:ZIM,30.125,29.1,29.785,29.38,1.0,1964485
2026-09-10,NYSE:ZIM,29.65,28.85,29.64,29.47,1.0,1249767
2026-09-11,NYSE:ZIM,29.7454,29.39,29.6,29.57,1.0,680621
2026-09-14,NYSE:ZIM,29.99,29.42,29.85,29.72,1.0,969309
2026-09-15,NYSE:ZIM,29.6701,29.3,29.53,29.57,1.0,726232
2026-09-16,NYSE:ZIM,29.57,29.2005,29.57,29.33,1.0,741905
2026-09-17,NYSE:ZIM,30.38,29.3062,29.65,30.36,1.0,1484515
2026-09-18,NYSE:ZIM,30.36,29.85,30.36,30.1,1.0,1873075
2026-09-21,NYSE:ZIM,30.495,29.87,30.09,30.46,1.0,835614
2026-09-22,NYSE:ZIM,30.96,29.96,30.37,30.51,1.0,1746365
2026-09-23,NYSE:ZIM,30.705,30.01,30.58,30.09,1.0,1259086
2026-09-24,NYSE:ZIM,30.55,29.33,30.42,29.38,1.0,1820075
2026-09-25,NYSE:ZIM,29.36,29.0,29.16,29.205,1.0,980742
2026-08-24,NYSE:TK,13.5099,13.09,13.22,13.35,1.0,431969
2026-08-25,NYSE:TK,13.39,13.13,13.24,13.36,1.0,532398
2026-08-26,NYSE:TK,13.17,12.14,13.17,12.25,1.0,843662
2026-08-27,NYSE:TK,12.88,12.28,12.28,12.77,1.0,602206
2026-08-28,NYSE:TK,13.105,12.78,12.78,13.05,1.0,395632
2026-08-31,NYSE:TK,13.33,12.93,13.22,13.16,1.0,536206
2026-09-01,NYSE:TK,13.37,12.915999999999999,13.25,13.0,1.0,694222
2026-09-02,NYSE:TK,13.425,12.86,13.07,13.36,1.0,481030
2026-09-03,NYSE:TK,13.58,13.22,13.38,13.47,1.0,447005
2026-09-04,NYSE:TK,13.86,13.39,13.39,13.63,1.0,463988
2026-09-08,NYSE:TK,13.67,13.26,13.67,13.32,1.0,400415
2026-09-09,NYSE:TK,13.95,13.29,13.47,13.83,1.0,526628
2026-09-10,NYSE:TK,14.115,13.75,13.89,14.1,1.0,451880
2026-09-11,NYSE:TK,14.39,14.01,14.13,14.38,1.0,627036
2026-09-14,NYSE:TK,14.49,14.05,14.31,14.12,1.0,614319
2026-09-15,NYSE:TK,14.52,14.11,14.27,14.19,1.0,681294
2026-09-16,NYSE:TK,14.665,14.26,14.26,14.39,1.0,898406
2026-09-17,NYSE:TK,14.93,14.315,14.41,14.67,1.0,571367
2026-09-18,NYSE:TK,14.93,14.5,14.6,14.71,1.0,1030407
2026-09-21,NYSE:TK,14.76,14.23,14.44,14.36,1.0,491533
2026-09-22,NYSE:TK,14.08,13.53,13.95,13.76,1.0,581741
2026-09-23,NYSE:TK,13.8,13.25,13.78,13.52,1.0,498268
2026-09-24,NYSE:TK,13.845,13.355,13.5,13.66,1.0,704426
2026-09-25,NYSE:TK,13.78,13.39,13.57,13.7,1.0,393214
2026-08-24,NYSE:ORC,6.76,6.69,6.72,6.75,1.0,2707361
2026-08-25,NYSE:ORC,6.78,6.675,6.76,6.72,1.0,4758690
2026-08-26,NYSE:ORC,6.7296,6.61,6.725,6.67,1.0,4519981
2026-08-27,NYSE:ORC,6.75,6.66,6.68,6.74,1.0,4422152
2026-08-28,NYSE:ORC,6.78,6.67,6.72,6.69,1.0,7484593
2026-08-31,NYSE:ORC,6.64,6.53,6.56,6.59,1.0,4772023
2026-09-01,NYSE:ORC,6.5795,6.5,6.55,6.54,1.0,5228724
2026-09-02,NYSE:ORC,6.56,6.49,6.53,6.52,1.0,3907551
2026-09-03,NYSE:ORC,6.596,6.47,6.56,6.52,1.0,3696190
2026-09-04,NYSE:ORC,6.58,6.48,6.49,6.55,1.0,3675760
2026-09-08,NYSE:ORC,6.62,6.54,6.55,6.54,1.0,3656502
2026-09-09,NYSE:ORC,6.575,6.5,6.55,6.5,1.0,2399140
2026-09-10,NYSE:ORC,6.5291,6.33,6.5,6.35,1.0,5753931
2026-09-11,NYSE:ORC,6.4,6.29,6.39,6.33,1.0,5134204
2026-09-14,NYSE:ORC,6.37,6.22,6.31,6.23,1.0,5669952
2026-09-15,NYSE:ORC,6.28,6.07,6.277,6.09,1.0,5591937
2026-09-16,NYSE:ORC,6.165,5.96,6.12,6.05,1.0,6278387
2026-09-17,NYSE:ORC,6.16,6.08,6.13,6.09,1.0,5377363
2026-09-18,NYSE:ORC,6.11,6.01,6.09,6.04,1.0,7009540
2026-09-21,NYSE:ORC,6.12,6.055,6.08,6.08,1.0,3853815
2026-09-22,NYSE:ORC,6.15,6.08,6.11,6.12,1.0,3775706
2026-09-23,NYSE:ORC,6.115,5.93,6.11,5.94,1.0,5064076
2026-09-24,NYSE:ORC,5.95,5.76,5.95,5.77,1.0,7034675
2026-09-25,NYSE:ORC,5.8,5.67,5.78,5.71,1.0,5684221
2026-08-24,NYSE:DHT,19.86,19.425,19.63,19.72,1.0,2745519
2026-08-25,NYSE:DHT,19.79,19.115,19.62,19.17,1.0,3538256
2026-08-26,NYSE:DHT,19.0929,18.245,19.04,18.32,1.0,4958772
2026-08-27,NYSE:DHT,19.57,18.77,18.77,19.35,1.0,3160925
2026-08-28,NYSE:DHT,19.86,19.4,19.42,19.66,1.0,1973079
2026-08-31,NYSE:DHT,19.94,19.41,19.84,19.6,1.0,2341562
2026-09-01,NYSE:DHT,19.9249,19.45,19.66,19.69,1.0,2437469
2026-09-02,NYSE:DHT,20.1,19.545,19.66,20.07,1.0,2048214
2026-09-03,NYSE:DHT,20.465,19.91,20.21,20.19,1.0,4175441
2026-09-04,NYSE:DHT,21.09,20.18,20.18,20.87,1.0,5258744
2026-09-08,NYSE:DHT,21.15,20.57,21.06,20.82,1.0,2788109
2026-09-09,NYSE:DHT,21.285,20.69,21.0,21.2,1.0,2747960
2026-09-10,NYSE:DHT,21.59,21.07,21.41,21.43,1.0,3633943
2026-09-11,NYSE:DHT,22.28,21.29,21.3,22.0,1.0,5206765
2026-09-14,NYSE:DHT,22.28,21.55,22.14,22.15,1.0,3949586
2026-09-15,NYSE:DHT,22.815,21.95,22.4,22.14,1.0,6059080
2026-09-16,NYSE:DHT,23.46,22.13,22.185,23.04,1.0,5318928
2026-09-17,NYSE:DHT,23.25,22.74,22.97,22.82,1.0,5461121
2026-09-18,NYSE:DHT,23.51,22.88,23.16,23.27,1.0,4464037
2026-09-21,NYSE:DHT,23.56,22.29,23.0,22.45,1.0,4430113
2026-09-22,NYSE:DHT,21.98,21.32,21.8,21.39,1.0,4827296
2026-09-23,NYSE:DHT,21.5,20.64,21.35,21.28,1.0,3744061
2026-09-24,NYSE:DHT,21.895,21.035,21.23,21.68,1.0,5041959
2026-09-25,NYSE:DHT,21.93,21.32,21.46,21.78,1.0,3177089
2026-08-24,NYSE:PMT,9.39,9.255,9.39,9.29,1.0,1519143
2026-08-25,NYSE:PMT,9.32,9.19,9.3,9.29,1.0,1143857
2026-08-26,NYSE:PMT,9.305,9.22,9.3,9.23,1.0,651594
2026-08-27,NYSE:PMT,9.35,9.17,9.2,9.33,1.0,858674
2026-08-28,NYSE:PMT,9.4201,9.33,9.37,9.34,1.0,664975
2026-08-31,NYSE:PMT,9.451,9.28,9.32,9.32,1.0,1040364
2026-09-01,NYSE:PMT,9.365,9.23,9.27,9.24,1.0,1370455
2026-09-02,NYSE:PMT,9.63,9.31,9.34,9.51,1.0,889128
2026-09-03,NYSE:PMT,9.65,9.48,9.6,9.63,1.0,1314566
2026-09-04,NYSE:PMT,9.715,9.57,9.57,9.64,1.0,813347
2026-09-08,NYSE:PMT,9.7,9.605,9.66,9.61,1.0,878883
2026-09-09,NYSE:PMT,9.61,9.42,9.6,9.42,1.0,1724736
2026-09-10,NYSE:PMT,9.4,9.17,9.35,9.17,1.0,1434237
2026-09-11,NYSE:PMT,9.3,9.15,9.23,9.17,1.0,1129715
2026-09-14,NYSE:PMT,9.18,8.99,9.15,9.05,1.0,1695134
2026-09-15,NYSE:PMT,9.15,8.97,9.02,8.98,1.0,2681957
2026-09-16,NYSE:PMT,9.15,8.835,9.06,8.88,1.0,2402745
2026-09-17,NYSE:PMT,9.16,8.94,9.01,8.94,1.0,1962451
2026-09-18,NYSE:PMT,8.999,8.8,8.9,8.8,1.0,4395997
2026-09-21,NYSE:PMT,8.96,8.855,8.9,8.88,1.0,1724821
2026-09-22,NYSE:PMT,9.105,8.96,8.96,9.01,1.0,1582704
2026-09-23,NYSE:PMT,8.97,8.73,8.96,8.73,1.0,1691141
2026-09-24,NYSE:PMT,8.775,8.44,8.7,8.45,1.0,2030608
2026-09-25,NYSE:PMT,8.49,8.24,8.49,8.33,1.0,1843691
2026-08-24,NASDAQ:HAFC,31.54,31.14,31.25,31.22,1.0,173696
2026-08-25,NASDAQ:HAFC,31.3,30.92,31.3,30.96,1.0,124787
2026-08-26,NASDAQ:HAFC,31.205,30.88,31.11,31.08,1.0,161908
2026-08-27,NASDAQ:HAFC,31.19,30.6155,31.015,31.15,1.0,169928
2026-08-28,NASDAQ:HAFC,31.39,31.02,31.15,31.14,1.0,162462
2026-08-31,NASDAQ:HAFC,31.12,30.77,31.12,31.0,1.0,202469
2026-09-01,NASDAQ:HAFC,31.215,30.67,30.88,30.86,1.0,203226
2026-09-02,NASDAQ:HAFC,31.66,31.01,31.01,31.6,1.0,186091
2026-09-03,NASDAQ:HAFC,32.08,31.695,31.77,31.84,1.0,214196
2026-09-04,NASDAQ:HAFC,32.24,31.65,31.65,32.06,1.0,192640
2026-09-08,NASDAQ:HAFC,31.96,31.66,31.94,31.69,1.0,156308
2026-09-09,NASDAQ:HAFC,31.71,31.17,31.41,31.46,1.0,199389
2026-09-10,NASDAQ:HAFC,31.895,31.14,31.46,31.89,1.0,148633
2026-09-11,NASDAQ:HAFC,32.26,31.61,32.17,31.8,1.0,200175
2026-09-14,NASDAQ:HAFC,32.26,31.745,31.8,32.05,1.0,222036
2026-09-15,NASDAQ:HAFC,32.32,31.905,32.09,32.16,1.0,198308
2026-09-16,NASDAQ:HAFC,32.32,31.34,32.21,32.08,1.0,296826
2026-09-17,NASDAQ:HAFC,32.4,32.03,32.35,32.23,1.0,215101
2026-09-18,NASDAQ:HAFC,32.41,31.71,31.95,32.32,1.0,570771
2026-09-21,NASDAQ:HAFC,32.57,32.15,32.37,32.22,1.0,206674
2026-09-22,NASDAQ:HAFC,32.58,31.97,32.43,31.98,1.0,274661
2026-09-23,NASDAQ:HAFC,32.07,31.54,31.97,31.58,1.0,248114
2026-09-24,NASDAQ:HAFC,32.025,31.49,31.6,31.83,1.0,294928
2026-09-25,NASDAQ:HAFC,32.23,31.88,31.98,32.1,1.0,227150
2026-08-24,NASDAQ:NECB,26.8,26.3,26.37,26.49,1.0,36230
2026-08-25,NASDAQ:NECB,26.515,26.2,26.51,26.41,1.0,27377
2026-08-26,NASDAQ:NECB,26.47,26.205,26.35,26.33,1.0,34085
2026-08-27,NASDAQ:NECB,26.48,25.97,26.25,26.37,1.0,37807
2026-08-28,NASDAQ:NECB,26.76,26.41,26.47,26.43,1.0,28447
2026-08-31,NASDAQ:NECB,26.49,26.055,26.49,26.35,1.0,30631
2026-09-01,NASDAQ:NECB,26.95,26.06,26.38,26.2,1.0,34331
2026-09-02,NASDAQ:NECB,27.0,26.31,26.31,26.74,1.0,47406
2026-09-03,NASDAQ:NECB,27.12,26.75,26.75,26.9,1.0,16598
2026-09-04,NASDAQ:NECB,27.17,26.75,26.75,27.165,1.0,20429
2026-09-08,NASDAQ:NECB,27.08,26.69,27.08,26.74,1.0,23716
2026-09-09,NASDAQ:NECB,27.1906,26.48,26.54,26.79,1.0,37018
2026-09-10,NASDAQ:NECB,26.95,26.59,26.68,26.95,1.0,21360
2026-09-11,NASDAQ:NECB,27.19,26.7,27.0,26.8,1.0,23861
2026-09-14,NASDAQ:NECB,27.25,26.785,26.8,26.91,1.0,36579
2026-09-15,NASDAQ:NECB,27.24,26.88,26.95,27.22,1.0,31450
2026-09-16,NASDAQ:NECB,27.4399,26.65,27.1,27.19,1.0,52835
2026-09-17,NASDAQ:NECB,27.5,26.88,27.32,27.3,1.0,38244
2026-09-18,NASDAQ:NECB,27.29,26.79,27.07,27.29,1.0,86065
2026-09-21,NASDAQ:NECB,27.48,27.1,27.31,27.1,1.0,31480
2026-09-22,NASDAQ:NECB,27.45,26.82,27.23,26.84,1.0,36975
2026-09-23,NASDAQ:NECB,26.995,26.28,26.83,26.38,1.0,36735
2026-09-24,NASDAQ:NECB,26.8,26.37,26.45,26.63,1.0,28330
2026-09-25,NASDAQ:NECB,27.15,26.59,26.59,26.77,1.0,34633
2026-08-24,NASDAQ:AMSF,26.7,26.0,26.19,26.415,1.0,271049
2026-08-25,NASDAQ:AMSF,26.48,26.11,26.46,26.18,1.0,281072
2026-08-26,NASDAQ:AMSF,26.44,26.06,26.35,26.29,1.0,166192
2026-08-27,NASDAQ:AMSF,26.18,25.7,26.02,26.14,1.0,203067
2026-08-28,NASDAQ:AMSF,26.67,26.14,26.14,26.25,1.0,255587
2026-08-31,NASDAQ:AMSF,26.34,25.63,26.12,26.04,1.0,444553
2026-09-01,NASDAQ:AMSF,26.295,25.76,26.04,25.94,1.0,346028
2026-09-02,NASDAQ:AMSF,26.38,25.85,25.94,26.14,1.0,296626
2026-09-03,NASDAQ:AMSF,26.5,26.04,26.3,26.31,1.0,311701
2026-09-04,NASDAQ:AMSF,26.22,25.74,25.99,25.99,1.0,452945
2026-09-08,NASDAQ:AMSF,25.835,24.82,25.71,24.9,1.0,591131
2026-09-09,NASDAQ:AMSF,25.05,24.56,24.82,24.8,1.0,689627
2026-09-10,NASDAQ:AMSF,24.99,24.17,24.94,24.66,1.0,650368
2026-09-11,NASDAQ:AMSF,24.79,24.11,24.5,24.77,1.0,566276
2026-09-14,NASDAQ:AMSF,25.43,24.765,24.99,25.1,1.0,403925
2026-09-15,NASDAQ:AMSF,25.1,24.66,25.1,24.8,1.0,396736
2026-09-16,NASDAQ:AMSF,24.93,24.53,24.63,24.71,1.0,375597
2026-09-17,NASDAQ:AMSF,24.87,24.39,24.77,24.67,1.0,382769
2026-09-18,NASDAQ:AMSF,24.82,24.15,24.42,24.62,1.0,3262958
2026-09-21,NASDAQ:AMSF,25.125,24.52,24.8,24.56,1.0,429470
2026-09-22,NASDAQ:AMSF,24.73,24.18,24.63,24.56,1.0,422128
2026-09-23,NASDAQ:AMSF,24.69,24.21,24.49,24.37,1.0,380876
2026-09-24,NASDAQ:AMSF,24.615,23.8,24.57,23.83,1.0,447627
2026-09-25,NASDAQ:AMSF,23.99,23.5,23.9,23.51,1.0,924627
2026-08-24,NASDAQ:CMCSA,27.18,26.84,26.9,27.02,1.0,16801453
2026-08-25,NASDAQ:CMCSA,27.35,26.69,26.9,27.1,1.0,22653867
2026-08-26,NASDAQ:CMCSA,27.265,26.97,27.11,27.2,1.0,13764861
2026-08-27,NASDAQ:CMCSA,27.05,26.365,26.81,26.41,1.0,20704614
2026-08-28,NASDAQ:CMCSA,27.115,26.53,26.74,27.06,1.0,20587292
2026-08-31,NASDAQ:CMCSA,26.97,26.595,26.83,26.62,1.0,23306590
2026-09-01,NASDAQ:CMCSA,26.76,26.27,26.52,26.3,1.0,19366771
2026-09-02,NASDAQ:CMCSA,27.19,26.46,26.49,26.81,1.0,18891220
2026-09-03,NASDAQ:CMCSA,27.13,26.5,26.89,26.65,1.0,21940051
2026-09-04,NASDAQ:CMCSA,26.725,26.38,26.62,26.49,1.0,17284410
2026-09-08,NASDAQ:CMCSA,26.4,25.96,26.31,26.33,1.0,27066318
2026-09-09,NASDAQ:CMCSA,26.25,24.19,26.19,24.59,1.0,47088124
2026-09-10,NASDAQ:CMCSA,25.339000000000002,24.51,24.6,25.17,1.0,23803037
2026-09-11,NASDAQ:CMCSA,25.41,25.0,25.21,25.2,1.0,16037019
2026-09-14,NASDAQ:CMCSA,25.45,24.815,25.33,24.88,1.0,37726536
2026-09-15,NASDAQ:CMCSA,24.77,24.37,24.61,24.42,1.0,27249634
2026-09-16,NASDAQ:CMCSA,24.47,23.59,24.38,23.73,1.0,24295832
2026-09-17,NASDAQ:CMCSA,23.94,22.84,23.8,22.91,1.0,36297113
2026-09-18,NASDAQ:CMCSA,22.9062,22.36,22.665,22.74,1.0,64980390
2026-09-21,NASDAQ:CMCSA,23.08,22.49,22.8,22.93,1.0,29119254
2026-09-22,NASDAQ:CMCSA,23.13,22.35,23.085,22.42,1.0,45147411
2026-09-23,NASDAQ:CMCSA,22.87,22.03,22.36,22.55,1.0,38897086
2026-09-24,NASDAQ:CMCSA,22.805,22.015,22.7,22.13,1.0,36087898
2026-09-25,NASDAQ:CMCSA,21.975,21.41,21.76,21.91,1.0,39140212
2026-08-24,NYSE:FRO,44.2162,43.29,43.32,44.05,1.0,2455264
2026-08-25,NYSE:FRO,43.9,42.76,43.3,43.46,1.0,3176107
2026-08-26,NYSE:FRO,42.44,41.16,41.95,41.2,1.0,3480100
2026-08-27,NYSE:FRO,43.99,42.51,42.51,43.75,1.0,2839124
2026-08-28,NYSE:FRO,45.29,43.5701,44.4,44.19,1.0,3321389
2026-08-31,NYSE:FRO,44.875,43.42,44.85,43.78,1.0,2580214
2026-09-01,NYSE:FRO,45.16,43.86,44.39,44.32,1.0,2188490
2026-09-02,NYSE:FRO,45.585,43.94,44.17,45.42,1.0,1840815
2026-09-03,NYSE:FRO,45.95,44.73,45.61,45.42,1.0,2537247
2026-09-04,NYSE:FRO,47.04,45.68,45.86,46.12,1.0,3088344
2026-09-08,NYSE:FRO,47.215,45.945,47.05,46.62,1.0,2339237
2026-09-09,NYSE:FRO,47.67,46.36,46.95,47.21,1.0,2017561
2026-09-10,NYSE:FRO,48.72,47.1,47.33,48.4,1.0,4103673
2026-09-11,NYSE:FRO,49.56,48.03,48.05,49.21,1.0,3710023
2026-09-14,NYSE:FRO,50.78,49.16,50.25,50.52,1.0,4023417
2026-09-15,NYSE:FRO,52.9383,51.05,51.21,51.59,1.0,5659371
2026-09-16,NYSE:FRO,54.69,52.205,52.52,53.67,1.0,5129528
2026-09-17,NYSE:FRO,54.91,53.27,54.31,54.03,1.0,6567567
2026-09-18,NYSE:FRO,51.82,50.36,51.185,51.42,1.0,4998572
2026-09-21,NYSE:FRO,52.48,49.46,49.825,49.81,1.0,5498663
2026-09-22,NYSE:FRO,48.865,47.56,48.1,47.92,1.0,5685721
2026-09-23,NYSE:FRO,48.19,46.675,47.92,47.56,1.0,5027915
2026-09-24,NYSE:FRO,48.97,46.88,47.16,47.97,1.0,4023434
2026-09-25,NYSE:FRO,48.26,47.06,47.28,47.73,1.0,2827897
2026-08-24,NASDAQ:MSBI,33.45,32.1888,32.75,32.795,1.0,142255
2026-08-25,NASDAQ:MSBI,33.185,32.375,32.88,32.71,1.0,103717
2026-08-26,NASDAQ:MSBI,32.91,32.62,32.84,32.79,1.0,107172
2026-08-27,NASDAQ:MSBI,32.95,32.0986,32.76,32.84,1.0,105005
2026-08-28,NASDAQ:MSBI,33.09,32.69,32.9,33.0,1.0,129381
2026-08-31,NASDAQ:MSBI,33.145,32.55,32.99,32.79,1.0,125198
2026-09-01,NASDAQ:MSBI,33.08,32.065,32.76,32.59,1.0,148388
2026-09-02,NASDAQ:MSBI,33.38,32.73,32.73,33.22,1.0,163822
2026-09-03,NASDAQ:MSBI,33.72,33.34,33.36,33.53,1.0,121868
2026-09-04,NASDAQ:MSBI,33.84,33.33,33.33,33.73,1.0,87142
2026-09-08,NASDAQ:MSBI,33.72,32.5001,33.58,33.24,1.0,95043
2026-09-09,NASDAQ:MSBI,33.22,32.655,32.94,32.89,1.0,107765
2026-09-10,NASDAQ:MSBI,33.31,32.54,32.89,33.31,1.0,115601
2026-09-11,NASDAQ:MSBI,33.69,33.12,33.69,33.45,1.0,107910
2026-09-14,NASDAQ:MSBI,33.79,33.1975,33.31,33.59,1.0,148540
2026-09-15,NASDAQ:MSBI,33.73,32.92,33.45,33.67,1.0,123915
2026-09-16,NASDAQ:MSBI,33.85,32.615,33.64,33.33,1.0,156917
2026-09-17,NASDAQ:MSBI,33.81,33.23,33.69,33.63,1.0,134340
2026-09-18,NASDAQ:MSBI,33.715,32.84,33.38,33.54,1.0,436379
2026-09-21,NASDAQ:MSBI,33.9,33.465,33.7,33.55,1.0,126801
2026-09-22,NASDAQ:MSBI,33.9,32.88,33.68,32.88,1.0,170389
2026-09-23,NASDAQ:MSBI,32.88,32.32,32.7,32.39,1.0,118258
2026-09-24,NASDAQ:MSBI,33.25,32.18,32.45,33.13,1.0,209658
2026-09-25,NASDAQ:MSBI,33.645,33.085,33.19,33.26,1.0,428013
2026-08-24,NYSE:DX,13.1,12.94,13.03,13.05,1.0,5397417
2026-08-25,NYSE:DX,13.09,12.93,13.06,13.01,1.0,4281995
2026-08-26,NYSE:DX,13.02,12.87,13.02,12.88,1.0,3022543
2026-08-27,NYSE:DX,12.94,12.82,12.84,12.9,1.0,3593137
2026-08-28,NYSE:DX,12.98,12.87,12.95,12.91,1.0,3080043
2026-08-31,NYSE:DX,13.02,12.83,12.87,12.89,1.0,4977329
2026-09-01,NYSE:DX,12.88,12.71,12.84,12.74,1.0,4884066
2026-09-02,NYSE:DX,12.78,12.71,12.74,12.75,1.0,4919221
2026-09-03,NYSE:DX,12.88,12.73,12.85,12.83,1.0,4085587
2026-09-04,NYSE:DX,12.96,12.74,12.78,12.9,1.0,2861798
2026-09-08,NYSE:DX,13.015,12.88,12.9,12.89,1.0,4508958
2026-09-09,NYSE:DX,12.965,12.825,12.92,12.83,1.0,3244005
2026-09-10,NYSE:DX,12.77,12.5,12.77,12.56,1.0,7974421
2026-09-11,NYSE:DX,12.693,12.47,12.63,12.52,1.0,6904421
2026-09-14,NYSE:DX,12.5699,12.34,12.52,12.41,1.0,6546596
2026-09-15,NYSE:DX,12.455,12.2,12.41,12.23,1.0,5717288
2026-09-16,NYSE:DX,12.3478,12.03,12.25,12.16,1.0,8326883
2026-09-17,NYSE:DX,12.425,12.28,12.32,12.29,1.0,6560067
2026-09-18,NYSE:DX,12.31,12.165,12.29,12.18,1.0,14885818
2026-09-21,NYSE:DX,12.17,12.015,12.1,12.07,1.0,5241096
2026-09-22,NYSE:DX,12.25,12.08,12.12,12.1,1.0,5554661
2026-09-23,NYSE:DX,12.0846,11.705,12.07,11.73,1.0,9701408
2026-09-24,NYSE:DX,11.7624,11.33,11.73,11.34,1.0,9292759
2026-09-25,NYSE:DX,11.4235,11.115,11.41,11.34,1.0,9238897
2026-08-24,NASDAQ:TRIN,18.745,18.27,18.35,18.61,1.0,1104487
2026-08-25,NASDAQ:TRIN,18.74,18.5142,18.66,18.7,1.0,685818
2026-08-26,NASDAQ:TRIN,18.81,18.6332,18.7,18.73,1.0,760511
2026-08-27,NASDAQ:TRIN,18.86,18.66,18.7,18.7,1.0,690096
2026-08-28,NASDAQ:TRIN,18.895,18.5,18.7,18.56,1.0,749210
2026-08-31,NASDAQ:TRIN,18.86,18.52,18.63,18.62,1.0,983460
2026-09-01,NASDAQ:TRIN,18.63,18.25,18.52,18.34,1.0,1044024
2026-09-02,NASDAQ:TRIN,18.7546,18.2661,18.33,18.43,1.0,728352
2026-09-03,NASDAQ:TRIN,18.65,18.26,18.62,18.35,1.0,932223
2026-09-04,NASDAQ:TRIN,18.3691,18.18,18.25,18.22,1.0,923755
2026-09-08,NASDAQ:TRIN,18.26,18.055,18.23,18.08,1.0,1494996
2026-09-09,NASDAQ:TRIN,18.1804,17.88,18.06,18.06,1.0,1009019
2026-09-10,NASDAQ:TRIN,17.92,17.725,17.92,17.82,1.0,893302
2026-09-11,NASDAQ:TRIN,17.955,17.75,17.94,17.93,1.0,966181
2026-09-14,NASDAQ:TRIN,17.93,17.71,17.82,17.75,1.0,849625
2026-09-15,NASDAQ:TRIN,17.815,17.65,17.74,17.79,1.0,698164
2026-09-16,NASDAQ:TRIN,17.885,17.49,17.79,17.6,1.0,993158
2026-09-17,NASDAQ:TRIN,18.245,17.73,17.81,18.01,1.0,1053268
2026-09-18,NASDAQ:TRIN,18.15,17.57,18.08,17.63,1.0,1200944
2026-09-21,NASDAQ:TRIN,17.76,17.54,17.72,17.72,1.0,685192
2026-09-22,NASDAQ:TRIN,17.895,17.55,17.77,17.84,1.0,1253364
2026-09-23,NASDAQ:TRIN,17.83,17.52,17.74,17.55,1.0,785651
2026-09-24,NASDAQ:TRIN,17.61,17.38,17.59,17.49,1.0,630130
2026-09-25,NASDAQ:TRIN,17.66,17.345,17.47,17.65,1.0,631454
2026-08-24,NASDAQ:SIGA,3.12,2.915,3.08,2.94,1.0,667090
2026-08-25,NASDAQ:SIGA,3.05,2.96,2.96,3.04,1.0,375047
2026-08-26,NASDAQ:SIGA,3.11,3.0,3.06,3.07,1.0,651123
2026-08-27,NASDAQ:SIGA,3.085,2.91,3.05,3.06,1.0,813649
2026-08-28,NASDAQ:SIGA,3.08,2.985,3.08,3.06,1.0,569084
2026-08-31,NASDAQ:SIGA,3.155,3.0,3.06,3.14,1.0,889211
2026-09-01,NASDAQ:SIGA,3.275,3.105,3.13,3.24,1.0,1077115
2026-09-02,NASDAQ:SIGA,3.26,3.18,3.24,3.21,1.0,663248
2026-09-03,NASDAQ:SIGA,3.28,3.155,3.22,3.23,1.0,830215
2026-09-04,NASDAQ:SIGA,3.32,3.095,3.2,3.29,1.0,899427
2026-09-08,NASDAQ:SIGA,3.275,3.14,3.245,3.2,1.0,786127
2026-09-09,NASDAQ:SIGA,3.25,3.04,3.2,3.08,1.0,582774
2026-09-10,NASDAQ:SIGA,3.07,3.0,3.07,3.02,1.0,550419
2026-09-11,NASDAQ:SIGA,3.0817,3.01,3.06,3.03,1.0,453372
2026-09-14,NASDAQ:SIGA,3.155,2.9904,3.04,3.15,1.0,522908
2026-09-15,NASDAQ:SIGA,3.14,2.935,3.14,2.98,1.0,480092
2026-09-16,NASDAQ:SIGA,3.1,2.93,2.98,3.1,1.0,811869
2026-09-17,NASDAQ:SIGA,3.1251,3.04,3.09,3.05,1.0,711059
2026-09-18,NASDAQ:SIGA,3.2,3.005,3.03,3.14,1.0,746251
2026-09-21,NASDAQ:SIGA,3.17,3.08,3.13,3.16,1.0,471186
2026-09-22,NASDAQ:SIGA,3.305,3.15,3.19,3.26,1.0,493595
2026-09-23,NASDAQ:SIGA,3.27,3.13,3.25,3.17,1.0,435190
2026-09-24,NASDAQ:SIGA,3.27,3.15,3.17,3.25,1.0,1118431
2026-09-25,NASDAQ:SIGA,3.51,3.225,3.26,3.45,1.0,1165708
2026-08-24,NASDAQ:TFSL,17.83,17.595,17.66,17.65,1.0,1317555
2026-08-25,NASDAQ:TFSL,17.895,17.52,17.65,17.79,1.0,809378
2026-08-26,NASDAQ:TFSL,17.995,17.75,17.82,17.92,1.0,624292
2026-08-27,NASDAQ:TFSL,18.02,17.65,17.85,17.91,1.0,745848
2026-08-28,NASDAQ:TFSL,18.18,17.5,17.875,17.53,1.0,777046
2026-08-31,NASDAQ:TFSL,17.68,17.365,17.54,17.47,1.0,842083
2026-09-01,NASDAQ:TFSL,17.563,17.305,17.52,17.38,1.0,768187
2026-09-02,NASDAQ:TFSL,17.625,17.2539,17.43,17.47,1.0,623306
2026-09-03,NASDAQ:TFSL,17.67,17.43,17.47,17.5,1.0,625179
2026-09-04,NASDAQ:TFSL,17.69,17.42,17.48,17.57,1.0,592061
2026-09-08,NASDAQ:TFSL,17.55,17.1,17.51,17.39,1.0,971416
2026-09-09,NASDAQ:TFSL,17.23,16.9439,17.08,17.04,1.0,714672
2026-09-10,NASDAQ:TFSL,17.135,16.98,17.06,17.08,1.0,550695
2026-09-11,NASDAQ:TFSL,17.26,16.92,17.135,17.01,1.0,555293
2026-09-14,NASDAQ:TFSL,17.2,16.99,17.02,17.11,1.0,676985
2026-09-15,NASDAQ:TFSL,17.26,17.05,17.11,17.07,1.0,541502
2026-09-16,NASDAQ:TFSL,17.155,16.5,17.07,16.78,1.0,728197
2026-09-17,NASDAQ:TFSL,17.045,16.78,16.99,16.81,1.0,595684
2026-09-18,NASDAQ:TFSL,16.945,16.61,16.81,16.9,1.0,1527217
2026-09-21,NASDAQ:TFSL,17.01,16.81,16.99,16.82,1.0,561056
2026-09-22,NASDAQ:TFSL,17.0,16.7,16.92,16.7,1.0,687094
2026-09-23,NASDAQ:TFSL,16.745,16.49,16.71,16.5,1.0,705318
2026-09-24,NASDAQ:TFSL,16.74,16.525,16.59,16.72,1.0,675322
2026-09-25,NASDAQ:TFSL,16.86,16.68,16.73,16.72,1.0,550322
2026-08-24,NASDAQ:BFST,31.51,31.21,31.21,31.3,1.0,146711
2026-08-25,NASDAQ:BFST,31.31,31.07,31.31,31.16,1.0,115084
2026-08-26,NASDAQ:BFST,31.32,31.0,31.24,31.13,1.0,120623
2026-08-27,NASDAQ:BFST,31.32,30.89,31.01,31.23,1.0,208279
2026-08-28,NASDAQ:BFST,31.48,31.2,31.22,31.21,1.0,177400
2026-08-31,NASDAQ:BFST,31.241999999999997,30.99,31.18,31.02,1.0,166100
2026-09-01,NASDAQ:BFST,31.19,30.54,30.97,30.68,1.0,285131
2026-09-02,NASDAQ:BFST,31.45,30.6601,30.84,31.31,1.0,207394
2026-09-03,NASDAQ:BFST,31.66,31.4,31.56,31.49,1.0,211140
2026-09-04,NASDAQ:BFST,31.89,31.34,31.34,31.84,1.0,158516
2026-09-08,NASDAQ:BFST,31.72,31.32,31.7,31.38,1.0,171698
2026-09-09,NASDAQ:BFST,31.4,30.995,31.1,31.11,1.0,181829
2026-09-10,NASDAQ:BFST,31.45,30.95,31.11,31.45,1.0,171933
2026-09-11,NASDAQ:BFST,31.9,31.2,31.79,31.42,1.0,169941
2026-09-14,NASDAQ:BFST,31.73,31.29,31.45,31.48,1.0,219070
2026-09-15,NASDAQ:BFST,31.67,31.34,31.51,31.48,1.0,167408
2026-09-16,NASDAQ:BFST,31.485,30.6,31.42,30.97,1.0,301704
2026-09-17,NASDAQ:BFST,31.29,30.82,31.26,30.83,1.0,165648
2026-09-18,NASDAQ:BFST,30.94,30.49,30.71,30.82,1.0,486350
2026-09-21,NASDAQ:BFST,30.92,30.68,30.85,30.7,1.0,167100
2026-09-22,NASDAQ:BFST,31.075,30.54,30.89,30.67,1.0,182331
2026-09-23,NASDAQ:BFST,30.71,30.35,30.53,30.35,1.0,188057
2026-09-24,NASDAQ:BFST,30.68,30.29,30.47,30.63,1.0,196841
2026-09-25,NASDAQ:BFST,30.99,30.66,30.77,30.86,1.0,176271
2026-08-24,NYSE:ECO,65.54,63.7687,64.01,65.14,1.0,579053
2026-08-25,NYSE:ECO,65.31,64.13,64.62,65.04,1.0,317900
2026-08-26,NYSE:ECO,63.33,61.9,63.0,62.28,1.0,669367
2026-08-27,NYSE:ECO,66.79,63.97,64.03,66.34,1.0,749101
2026-08-28,NYSE:ECO,67.81,65.82,66.53,66.86,1.0,527273
2026-08-31,NYSE:ECO,67.44,65.8,67.34,66.74,1.0,465202
2026-09-01,NYSE:ECO,68.5099,66.8699,67.58,67.96,1.0,445398
2026-09-02,NYSE:ECO,69.17,67.46,67.73,69.02,1.0,314732
2026-09-03,NYSE:ECO,70.86,69.31,70.0,69.56,1.0,432493
2026-09-04,NYSE:ECO,71.77,69.69,69.965,71.43,1.0,371838
2026-09-08,NYSE:ECO,72.75,69.54,72.75,69.95,1.0,702245
2026-09-09,NYSE:ECO,72.3,70.38,71.04,71.67,1.0,383599
2026-09-10,NYSE:ECO,73.4179,71.13,71.85,72.92,1.0,518423
2026-09-11,NYSE:ECO,76.21,73.19,73.2,76.15,1.0,680892
2026-09-14,NYSE:ECO,80.46,74.38,75.85,79.72,1.0,1132133
2026-09-15,NYSE:ECO,83.27,79.53,79.7,82.73,1.0,1137696
2026-09-16,NYSE:ECO,87.11,82.3439,82.49,84.74,1.0,1088176
2026-09-17,NYSE:ECO,87.31,84.78,85.66,86.3,1.0,986253
2026-09-18,NYSE:ECO,86.15,84.01,85.0,84.95,1.0,1143648
2026-09-21,NYSE:ECO,85.7999,81.71,82.83,82.63,1.0,1073197
2026-09-22,NYSE:ECO,79.14,75.56,77.83,77.54,1.0,1797700
2026-09-23,NYSE:ECO,79.08,75.61,77.55,78.03,1.0,723176
2026-09-24,NYSE:ECO,80.44,76.3,76.895,78.22,1.0,867674
2026-09-25,NYSE:ECO,79.71,76.4,78.0,77.91,1.0,655481
2026-08-24,NYSE:MNR,12.7999,12.55,12.57,12.64,1.0,389527
2026-08-25,NYSE:MNR,12.685,12.52,12.64,12.52,1.0,285070
2026-08-26,NYSE:MNR,12.56,12.41,12.5,12.44,1.0,366461
2026-08-27,NYSE:MNR,12.61,12.3039,12.5,12.55,1.0,327776
2026-08-28,NYSE:MNR,12.7097,12.5,12.62,12.51,1.0,236026
2026-08-31,NYSE:MNR,12.61,12.4,12.4,12.5,1.0,459657
2026-09-01,NYSE:MNR,12.67,12.525,12.6,12.61,1.0,475047
2026-09-02,NYSE:MNR,12.795,12.585,12.64,12.7,1.0,287728
2026-09-03,NYSE:MNR,12.69,12.525,12.69,12.58,1.0,218762
2026-09-04,NYSE:MNR,12.67,12.45,12.67,12.57,1.0,280201
2026-09-08,NYSE:MNR,12.9,12.68,12.75,12.71,1.0,393751
2026-09-09,NYSE:MNR,12.89,12.6299,12.82,12.67,1.0,391117
2026-09-10,NYSE:MNR,12.88,12.51,12.82,12.57,1.0,396300
2026-09-11,NYSE:MNR,12.6234,12.5,12.51,12.57,1.0,307483
2026-09-14,NYSE:MNR,12.68,12.47,12.65,12.49,1.0,443183
2026-09-15,NYSE:MNR,11.425,10.77,11.26,11.2,1.0,12984938
2026-09-16,NYSE:MNR,11.2,10.86,11.11,10.9,1.0,2106412
2026-09-17,NYSE:MNR,11.05,10.82,11.0,10.97,1.0,1627853
2026-09-18,NYSE:MNR,11.13,10.85,10.95,11.13,1.0,1105926
2026-09-21,NYSE:MNR,11.1,10.9,11.09,10.97,1.0,1069688
2026-09-22,NYSE:MNR,10.96,10.84,10.93,10.88,1.0,876470
2026-09-23,NYSE:MNR,10.905,10.48,10.88,10.48,1.0,1071828
2026-09-24,NYSE:MNR,10.64,10.46,10.51,10.52,1.0,798397
2026-09-25,NYSE:MNR,10.76,10.357999999999999,10.6,10.4,1.0,712240
2026-08-24,NYSE:SAR,18.59,18.1,18.42,18.49,1.0,218235
2026-08-25,NYSE:SAR,18.5284,18.3,18.46,18.42,1.0,106119
2026-08-26,NYSE:SAR,18.5312,18.3,18.5,18.42,1.0,67937
2026-08-27,NYSE:SAR,18.53,18.26,18.4,18.33,1.0,109678
2026-08-28,NYSE:SAR,18.45,18.22,18.28,18.24,1.0,123898
2026-08-31,NYSE:SAR,18.555,18.2,18.2,18.5,1.0,139357
2026-09-01,NYSE:SAR,18.58,18.3,18.58,18.34,1.0,77198
2026-09-02,NYSE:SAR,18.5198,18.26,18.5,18.34,1.0,140110
2026-09-03,NYSE:SAR,18.3201,17.61,18.2,17.77,1.0,260807
2026-09-04,NYSE:SAR,17.77,17.45,17.77,17.64,1.0,297166
2026-09-08,NYSE:SAR,17.8,17.35,17.6,17.45,1.0,201367
2026-09-09,NYSE:SAR,17.52,17.2,17.45,17.37,1.0,185249
2026-09-10,NYSE:SAR,17.41,17.13,17.36,17.16,1.0,149892
2026-09-11,NYSE:SAR,17.35,17.12,17.22,17.22,1.0,128913
2026-09-14,NYSE:SAR,17.4,17.08,17.16,17.34,1.0,120336
2026-09-15,NYSE:SAR,17.47,17.25,17.31,17.4,1.0,110656
2026-09-16,NYSE:SAR,17.605,17.305,17.41,17.59,1.0,129621
2026-09-17,NYSE:SAR,18.08,17.67,17.67,17.86,1.0,137277
2026-09-18,NYSE:SAR,17.88,17.58,17.88,17.64,1.0,96815
2026-09-21,NYSE:SAR,17.66,17.0,17.0,17.57,1.0,140570
2026-09-22,NYSE:SAR,17.937,17.6333,17.68,17.75,1.0,124904
2026-09-23,NYSE:SAR,17.8,17.35,17.77,17.46,1.0,140968
2026-09-24,NYSE:SAR,17.65,17.275,17.56,17.33,1.0,101322
2026-09-25,NYSE:SAR,17.44,17.07,17.3,17.11,1.0,120544
2026-08-24,NYSE:IVR,7.568,7.46,7.54,7.48,1.0,3946883
2026-08-25,NYSE:IVR,7.44,7.36,7.38,7.44,1.0,2415661
2026-08-26,NYSE:IVR,7.455,7.35,7.45,7.37,1.0,1921014
2026-08-27,NYSE:IVR,7.46,7.36,7.37,7.42,1.0,1902721
2026-08-28,NYSE:IVR,7.45,7.32,7.41,7.36,1.0,2141395
2026-08-31,NYSE:IVR,7.39,7.3,7.32,7.31,1.0,2407368
2026-09-01,NYSE:IVR,7.31,7.18,7.3,7.19,1.0,3167119
2026-09-02,NYSE:IVR,7.23,7.13,7.2,7.14,1.0,2777783
2026-09-03,NYSE:IVR,7.23,7.08,7.23,7.1,1.0,2849610
2026-09-04,NYSE:IVR,7.23,7.05,7.05,7.2,1.0,2717779
2026-09-08,NYSE:IVR,7.285,7.17,7.215,7.18,1.0,2723739
2026-09-09,NYSE:IVR,7.21,7.07,7.18,7.09,1.0,2495033
2026-09-10,NYSE:IVR,7.0889999999999995,6.87,7.08,6.91,1.0,4230528
2026-09-11,NYSE:IVR,6.98,6.8,6.93,6.8,1.0,3323005
2026-09-14,NYSE:IVR,6.825,6.635,6.79,6.67,1.0,4807332
2026-09-15,NYSE:IVR,6.695,6.52,6.67,6.53,1.0,3353042
2026-09-16,NYSE:IVR,6.65,6.38,6.58,6.46,1.0,4434565
2026-09-17,NYSE:IVR,6.63,6.529,6.56,6.54,1.0,3312719
2026-09-18,NYSE:IVR,6.53,6.445,6.51,6.45,1.0,5470959
2026-09-21,NYSE:IVR,6.55,6.475,6.5,6.51,1.0,2646553
2026-09-22,NYSE:IVR,6.655,6.535,6.55,6.62,1.0,2448002
2026-09-23,NYSE:IVR,6.61,6.455,6.61,6.46,1.0,2194494
2026-09-24,NYSE:IVR,6.48,6.35,6.46,6.38,1.0,3077033
2026-09-25,NYSE:IVR,6.45,6.35,6.41,6.41,1.0,2891972
2026-08-24,NASDAQ:GLPI,44.56,43.69,43.78,43.93,1.0,3347674
2026-08-25,NASDAQ:GLPI,44.12,43.01,43.855,43.03,1.0,3049591
2026-08-26,NASDAQ:GLPI,43.05,42.55,43.01,42.57,1.0,2267317
2026-08-27,NASDAQ:GLPI,42.55,42.02,42.29,42.31,1.0,3486294
2026-08-28,NASDAQ:GLPI,42.725,42.222,42.585,42.56,1.0,2522153
2026-08-31,NASDAQ:GLPI,42.34,41.88,42.335,42.07,1.0,21740857
2026-09-01,NASDAQ:GLPI,42.51,41.685,42.37,41.8,1.0,4322747
2026-09-02,NASDAQ:GLPI,42.5,41.41,41.95,42.34,1.0,4179422
2026-09-03,NASDAQ:GLPI,42.66,41.89,42.5,42.36,1.0,3686287
2026-09-04,NASDAQ:GLPI,42.485,41.915,42.13,41.92,1.0,2552226
2026-09-08,NASDAQ:GLPI,42.0843,41.54,41.81,41.62,1.0,3419118
2026-09-09,NASDAQ:GLPI,41.64,41.235,41.62,41.5,1.0,2187444
2026-09-10,NASDAQ:GLPI,41.74,40.83,41.605,40.98,1.0,3873299
2026-09-11,NASDAQ:GLPI,40.515,40.01,40.16,40.24,1.0,3889297
2026-09-14,NASDAQ:GLPI,41.33,40.52,40.645,41.05,1.0,3872039
2026-09-15,NASDAQ:GLPI,41.165,40.515,40.99,40.62,1.0,3956890
2026-09-16,NASDAQ:GLPI,41.07,40.34,40.75,40.35,1.0,3737686
2026-09-17,NASDAQ:GLPI,40.51,39.905,40.51,40.11,1.0,3001530
2026-09-18,NASDAQ:GLPI,40.005,39.4801,40.0,39.59,1.0,6208754
2026-09-21,NASDAQ:GLPI,39.99,39.47,39.66,39.67,1.0,3801147
2026-09-22,NASDAQ:GLPI,40.005,39.54,39.8,39.92,1.0,4069967
2026-09-23,NASDAQ:GLPI,39.805,39.21,39.75,39.25,1.0,2631631
2026-09-24,NASDAQ:GLPI,39.09,38.4,39.02,38.53,1.0,4440305
2026-09-25,NASDAQ:GLPI,38.81,38.32,38.52,38.79,1.0,2525940
2026-08-24,NASDAQ:HTO,64.56,63.01,63.48,64.49,1.0,310982
2026-08-25,NASDAQ:HTO,64.53,63.65,64.28,63.89,1.0,250660
2026-08-26,NASDAQ:HTO,64.16,63.32,64.01,63.68,1.0,251974
2026-08-27,NASDAQ:HTO,63.245,62.13,62.9,63.1,1.0,331782
2026-08-28,NASDAQ:HTO,63.78,62.833999999999996,63.36,63.55,1.0,414838
2026-08-31,NASDAQ:HTO,63.75,62.61,63.14,63.37,1.0,452040
2026-09-01,NASDAQ:HTO,63.945,62.9223,63.6,63.8,1.0,375964
2026-09-02,NASDAQ:HTO,63.62,62.285,63.5,63.45,1.0,513928
2026-09-03,NASDAQ:HTO,65.16,63.71,63.96,64.56,1.0,473643
2026-09-04,NASDAQ:HTO,65.19,63.93,63.93,64.32,1.0,372422
2026-09-08,NASDAQ:HTO,65.1499,64.01,64.3,64.81,1.0,333403
2026-09-09,NASDAQ:HTO,64.99,63.72,64.75,64.29,1.0,321494
2026-09-10,NASDAQ:HTO,64.74,62.91,64.62,63.03,1.0,479365
2026-09-11,NASDAQ:HTO,63.845,62.08,63.63,62.66,1.0,428890
2026-09-14,NASDAQ:HTO,63.5379,62.01,63.27,62.38,1.0,358291
2026-09-15,NASDAQ:HTO,62.9,61.86,62.38,62.47,1.0,405346
2026-09-16,NASDAQ:HTO,63.46,62.47,62.47,63.14,1.0,323979
2026-09-17,NASDAQ:HTO,63.41,62.59,63.0,63.08,1.0,301996
2026-09-18,NASDAQ:HTO,62.99,61.625,62.7,62.67,1.0,1668521
2026-09-21,NASDAQ:HTO,63.2499,62.41,62.59,62.61,1.0,424077
2026-09-22,NASDAQ:HTO,63.42,62.05,62.61,62.92,1.0,462583
2026-09-23,NASDAQ:HTO,63.28,61.62,62.87,62.2,1.0,484316
2026-09-24,NASDAQ:HTO,62.83,62.07,62.52,62.18,1.0,356488
2026-09-25,NASDAQ:HTO,62.3,61.408,62.02,62.27,1.0,297752
2026-08-24,NASDAQ:PFBC,105.54,103.85,104.77,104.06,1.0,62031
2026-08-25,NASDAQ:PFBC,104.49,102.92,104.49,103.39,1.0,66887
2026-08-26,NASDAQ:PFBC,103.98,103.09,103.55,103.6,1.0,89255
2026-08-27,NASDAQ:PFBC,104.885,102.25,103.07,103.42,1.0,130119
2026-08-28,NASDAQ:PFBC,104.3,102.4275,103.75,103.53,1.0,75939
2026-08-31,NASDAQ:PFBC,103.46,102.24,103.46,102.43,1.0,53978
2026-09-01,NASDAQ:PFBC,104.45,101.06,102.43,101.74,1.0,96343
2026-09-02,NASDAQ:PFBC,104.63,102.22,102.22,104.06,1.0,70690
2026-09-03,NASDAQ:PFBC,105.95,104.135,104.84,104.24,1.0,56092
2026-09-04,NASDAQ:PFBC,104.69,103.07,103.72,103.52,1.0,108842
2026-09-08,NASDAQ:PFBC,103.805,101.735,103.21,102.46,1.0,72820
2026-09-09,NASDAQ:PFBC,102.56,101.205,101.61,101.91,1.0,101562
2026-09-10,NASDAQ:PFBC,104.01,101.1,101.84,103.9,1.0,131215
2026-09-11,NASDAQ:PFBC,104.95,102.8,104.95,102.98,1.0,213230
2026-09-14,NASDAQ:PFBC,105.2,103.0,103.0,105.12,1.0,147147
2026-09-15,NASDAQ:PFBC,106.25,103.955,105.32,105.81,1.0,172978
2026-09-16,NASDAQ:PFBC,106.4248,104.5,106.405,106.18,1.0,187577
2026-09-17,NASDAQ:PFBC,108.0,105.38,106.5,105.85,1.0,207597
2026-09-18,NASDAQ:PFBC,106.18,104.16,104.88,105.42,1.0,427527
2026-09-21,NASDAQ:PFBC,106.47,105.105,105.94,106.36,1.0,116937
2026-09-22,NASDAQ:PFBC,107.74,105.87,107.16,106.29,1.0,213523
2026-09-23,NASDAQ:PFBC,106.46,105.11,105.93,105.8,1.0,247841
2026-09-24,NASDAQ:PFBC,109.03,105.8,106.88,108.58,1.0,175502
2026-09-25,NASDAQ:PFBC,110.335,108.45,109.06,109.48,1.0,233740
2026-08-24,NYSE:TTE,89.54,88.5525,88.83,89.35,1.0,1796260
2026-08-25,NYSE:TTE,88.98899999999999,88.0,88.4,88.8,1.0,2471573
2026-08-26,NYSE:TTE,88.255,86.82,87.15,87.13,1.0,1503369
2026-08-27,NYSE:TTE,87.52,86.0,87.31,86.33,1.0,1874927
2026-08-28,NYSE:TTE,87.2,86.19,86.91,86.35,1.0,1542814
2026-08-31,NYSE:TTE,88.72,87.53,88.12,88.31,1.0,1135684
2026-09-01,NYSE:TTE,90.55,89.44,89.84,90.35,1.0,1065344
2026-09-02,NYSE:TTE,90.9,89.55,89.74,90.22,1.0,2249634
2026-09-03,NYSE:TTE,91.045,89.15,90.51,89.25,1.0,3385589
2026-09-04,NYSE:TTE,88.99,87.51,88.59,88.59,1.0,2316379
2026-09-08,NYSE:TTE,90.7551,89.8,89.87,90.1,1.0,1302712
2026-09-09,NYSE:TTE,91.785,90.745,91.59,91.64,1.0,1097377
2026-09-10,NYSE:TTE,91.79,90.815,91.73,91.23,1.0,983427
2026-09-11,NYSE:TTE,91.92,90.91,91.09,91.89,1.0,1214457
2026-09-14,NYSE:TTE,92.36,91.09,92.2,91.14,1.0,1464199
2026-09-15,NYSE:TTE,93.46,91.5,91.58,93.12,1.0,1033116
2026-09-16,NYSE:TTE,93.13,90.705,93.13,90.84,1.0,1504524
2026-09-17,NYSE:TTE,91.87,91.0401,91.14,91.59,1.0,973945
2026-09-18,NYSE:TTE,91.25,90.46,90.55,90.82,1.0,986715
2026-09-21,NYSE:TTE,91.35,89.79299999999999,91.25,90.06,1.0,1585802
2026-09-22,NYSE:TTE,90.04,88.9,89.1,89.85,1.0,1738542
2026-09-23,NYSE:TTE,91.73,89.7,89.775,91.67,1.0,2113638
2026-09-24,NYSE:TTE,92.5699,91.3225,91.78,91.89,1.0,1504323
2026-09-25,NYSE:TTE,91.72,90.69,90.98,90.94,1.0,1557322
2026-08-24,NYSE:BXMT,14.425,14.1,14.25,14.12,1.0,2003417
2026-08-25,NYSE:BXMT,14.14,13.965,14.12,14.03,1.0,1540519
2026-08-26,NYSE:BXMT,14.03,13.875,14.03,13.92,1.0,2087918
2026-08-27,NYSE:BXMT,14.08,13.81,13.9,13.81,1.0,1870809
2026-08-28,NYSE:BXMT,13.8998,13.61,13.82,13.73,1.0,1814229
2026-08-31,NYSE:BXMT,13.94,13.62,13.67,13.9,1.0,2213559
2026-09-01,NYSE:BXMT,13.86,13.72,13.81,13.81,1.0,2109642
2026-09-02,NYSE:BXMT,14.07,13.81,13.86,14.02,1.0,1483468
2026-09-03,NYSE:BXMT,14.175,13.89,14.09,14.16,1.0,1441345
2026-09-04,NYSE:BXMT,14.27,14.01,14.02,14.2,1.0,1145351
2026-09-08,NYSE:BXMT,14.14,13.86,14.09,13.87,1.0,1589860
2026-09-09,NYSE:BXMT,14.0574,13.785,13.86,13.87,1.0,2059282
2026-09-10,NYSE:BXMT,13.9,13.44,13.85,13.48,1.0,2376435
2026-09-11,NYSE:BXMT,13.6,13.34,13.53,13.35,1.0,1902853
2026-09-14,NYSE:BXMT,13.455,13.11,13.3,13.17,1.0,1850525
2026-09-15,NYSE:BXMT,13.425,13.1,13.13,13.3,1.0,2233546
2026-09-16,NYSE:BXMT,13.585,13.17,13.43,13.29,1.0,2100302
2026-09-17,NYSE:BXMT,13.61,13.37,13.42,13.5,1.0,2831537
2026-09-18,NYSE:BXMT,13.58,13.27,13.455,13.27,1.0,7971904
2026-09-21,NYSE:BXMT,13.43,13.185,13.4,13.27,1.0,2063572
2026-09-22,NYSE:BXMT,13.4,13.135,13.35,13.14,1.0,1885201
2026-09-23,NYSE:BXMT,13.16,12.53,13.14,12.57,1.0,3784943
2026-09-24,NYSE:BXMT,12.68,12.31,12.62,12.39,1.0,2732654
2026-09-25,NYSE:BXMT,12.605,12.3801,12.44,12.5,1.0,1811852
2026-08-24,NASDAQ:HOPE,14.075,13.92,13.96,13.95,1.0,585721
2026-08-25,NASDAQ:HOPE,13.975,13.85,13.96,13.87,1.0,608268
2026-08-26,NASDAQ:HOPE,13.94,13.78,13.87,13.92,1.0,743650
2026-08-27,NASDAQ:HOPE,13.955,13.725,13.86,13.93,1.0,757008
2026-08-28,NASDAQ:HOPE,14.045,13.89,13.93,13.92,1.0,637286
2026-08-31,NASDAQ:HOPE,13.91,13.71,13.91,13.79,1.0,856713
2026-09-01,NASDAQ:HOPE,13.909,13.6,13.75,13.63,1.0,755678
2026-09-02,NASDAQ:HOPE,14.065,13.67,13.71,13.96,1.0,953647
2026-09-03,NASDAQ:HOPE,14.22,14.0,14.11,14.0,1.0,676647
2026-09-04,NASDAQ:HOPE,14.22,13.96,13.96,14.13,1.0,487826
2026-09-08,NASDAQ:HOPE,14.13,13.965,14.04,13.98,1.0,587830
2026-09-09,NASDAQ:HOPE,13.985,13.725,13.89,13.82,1.0,527817
2026-09-10,NASDAQ:HOPE,13.96,13.69,13.8,13.95,1.0,588285
2026-09-11,NASDAQ:HOPE,14.145,13.81,14.045,13.94,1.0,722691
2026-09-14,NASDAQ:HOPE,14.145,13.935,13.94,14.05,1.0,766154
2026-09-15,NASDAQ:HOPE,14.17,13.995,14.0,14.11,1.0,880774
2026-09-16,NASDAQ:HOPE,14.175,13.685,14.12,13.95,1.0,1308387
2026-09-17,NASDAQ:HOPE,14.14,13.94,14.1,13.94,1.0,729525
2026-09-18,NASDAQ:HOPE,14.02,13.755,13.91,13.96,1.0,2567019
2026-09-21,NASDAQ:HOPE,14.06,13.8,13.98,13.82,1.0,854874
2026-09-22,NASDAQ:HOPE,14.0,13.725,13.95,13.78,1.0,901485
2026-09-23,NASDAQ:HOPE,13.8,13.6,13.75,13.62,1.0,852019
2026-09-24,NASDAQ:HOPE,13.77,13.505,13.62,13.72,1.0,859616
2026-09-25,NASDAQ:HOPE,13.915,13.765,13.78,13.83,1.0,858741
2026-08-24,NYSE:BRSP,4.92,4.87,4.88,4.91,1.0,952744
2026-08-25,NYSE:BRSP,4.91,4.855,4.91,4.87,1.0,619452
2026-08-26,NYSE:BRSP,4.91,4.78,4.88,4.79,1.0,801977
2026-08-27,NYSE:BRSP,4.815,4.76,4.78,4.78,1.0,836681
2026-08-28,NYSE:BRSP,4.81,4.75,4.78,4.75,1.0,774582
2026-08-31,NYSE:BRSP,4.76,4.6918,4.74,4.75,1.0,1377019
2026-09-01,NYSE:BRSP,4.73,4.625,4.73,4.64,1.0,979996
2026-09-02,NYSE:BRSP,4.69,4.63,4.66,4.69,1.0,1090589
2026-09-03,NYSE:BRSP,4.74,4.615,4.73,4.66,1.0,897007
2026-09-04,NYSE:BRSP,4.72,4.63,4.63,4.68,1.0,739326
2026-09-08,NYSE:BRSP,4.7241,4.61,4.67,4.63,1.0,980857
2026-09-09,NYSE:BRSP,4.647,4.545,4.62,4.56,1.0,1168414
2026-09-10,NYSE:BRSP,4.55,4.46,4.55,4.49,1.0,2373287
2026-09-11,NYSE:BRSP,4.575,4.43,4.55,4.45,1.0,1970351
2026-09-14,NYSE:BRSP,4.47,4.4,4.44,4.43,1.0,1966913
2026-09-15,NYSE:BRSP,4.4986,4.39,4.43,4.43,1.0,1592793
2026-09-16,NYSE:BRSP,4.46,4.26,4.44,4.29,1.0,1480806
2026-09-17,NYSE:BRSP,4.325,4.18,4.32,4.18,1.0,1589494
2026-09-18,NYSE:BRSP,4.18,4.08,4.18,4.15,1.0,3989891
2026-09-21,NYSE:BRSP,4.21,4.14,4.19,4.18,1.0,1479916
2026-09-22,NYSE:BRSP,4.285,4.18,4.21,4.28,1.0,1788211
2026-09-23,NYSE:BRSP,4.32,4.01,4.32,4.05,1.0,3190542
2026-09-24,NYSE:BRSP,4.09,3.98,4.05,4.09,1.0,2316238
2026-09-25,NYSE:BRSP,4.16,4.03,4.06,4.09,1.0,2482805
2026-08-24,NYSE:RWT,4.8011,4.7,4.78,4.76,1.0,1151187
2026-08-25,NYSE:RWT,4.78,4.7,4.78,4.72,1.0,1209546
2026-08-26,NYSE:RWT,4.73,4.61,4.72,4.61,1.0,1403119
2026-08-27,NYSE:RWT,4.66,4.59,4.61,4.63,1.0,1049539
2026-08-28,NYSE:RWT,4.67,4.6,4.65,4.62,1.0,1099885
2026-08-31,NYSE:RWT,4.66,4.585,4.61,4.62,1.0,1446688
2026-09-01,NYSE:RWT,4.585,4.41,4.56,4.42,1.0,1659995
2026-09-02,NYSE:RWT,4.535,4.39,4.42,4.49,1.0,1503804
2026-09-03,NYSE:RWT,4.54,4.41,4.54,4.48,1.0,2018053
2026-09-04,NYSE:RWT,4.55,4.45,4.46,4.51,1.0,1047057
2026-09-08,NYSE:RWT,4.53,4.39,4.5,4.41,1.0,1780511
2026-09-09,NYSE:RWT,4.43,4.25,4.4,4.26,1.0,1356206
2026-09-10,NYSE:RWT,3.78,3.2201,3.53,3.63,1.0,43383917
2026-09-11,NYSE:RWT,3.59,3.47,3.52,3.55,1.0,28840273
2026-09-14,NYSE:RWT,3.84,3.53,3.53,3.83,1.0,10143575
2026-09-15,NYSE:RWT,3.975,3.78,3.8,3.91,1.0,10938136
2026-09-16,NYSE:RWT,3.985,3.87,3.98,3.89,1.0,7655192
2026-09-17,NYSE:RWT,4.02,3.91,3.95,3.94,1.0,6826833
2026-09-18,NYSE:RWT,4.055,3.91,3.97,3.94,1.0,9629064
2026-09-21,NYSE:RWT,4.16,3.965,4.0,4.04,1.0,8259883
2026-09-22,NYSE:RWT,4.14,4.045,4.1,4.11,1.0,6442987
2026-09-23,NYSE:RWT,3.9365,3.7,3.85,3.72,1.0,4756817
2026-09-24,NYSE:RWT,3.74,3.65,3.71,3.68,1.0,6804088
2026-09-25,NYSE:RWT,3.77,3.63,3.7,3.72,1.0,4598783
2026-08-24,NYSE:TEN,42.82,42.18,42.38,42.63,1.0,230391
2026-08-25,NYSE:TEN,42.65,42.0,42.38,42.27,1.0,144357
2026-08-26,NYSE:TEN,41.828,40.02,41.75,40.25,1.0,329676
2026-08-27,NYSE:TEN,42.33,40.74,40.74,42.09,1.0,294180
2026-08-28,NYSE:TEN,42.93,42.0,42.135,42.52,1.0,148571
2026-08-31,NYSE:TEN,42.91,42.02,42.81,42.4,1.0,260474
2026-09-01,NYSE:TEN,43.21,42.14,42.9,42.82,1.0,193439
2026-09-02,NYSE:TEN,43.3,42.37,42.82,43.25,1.0,270798
2026-09-03,NYSE:TEN,44.0,42.83,43.5,43.28,1.0,349459
2026-09-04,NYSE:TEN,43.99,43.13,43.41,43.74,1.0,326384
2026-09-08,NYSE:TEN,44.1,43.07,44.1,43.52,1.0,301723
2026-09-09,NYSE:TEN,44.5095,43.605,44.17,44.32,1.0,309534
2026-09-10,NYSE:TEN,46.65,43.8,45.51,44.71,1.0,715134
2026-09-11,NYSE:TEN,48.239,44.92,45.35,47.9,1.0,1060525
2026-09-14,NYSE:TEN,49.69,47.7,48.35,49.62,1.0,804888
2026-09-15,NYSE:TEN,51.24,48.84,49.64,51.11,1.0,746599
2026-09-16,NYSE:TEN,52.9,50.9,50.9,52.31,1.0,656865
2026-09-17,NYSE:TEN,53.84,51.4401,52.16,52.81,1.0,506733
2026-09-18,NYSE:TEN,53.63,51.5201,52.59,52.09,1.0,713864
2026-09-21,NYSE:TEN,53.735,50.64,52.66,50.92,1.0,730665
2026-09-22,NYSE:TEN,50.25,48.17,49.45,48.27,1.0,747525
2026-09-23,NYSE:TEN,48.44,46.36,48.44,47.0,1.0,685424
2026-09-24,NYSE:TEN,47.7,46.22,46.67,46.75,1.0,552958
2026-09-25,NYSE:TEN,47.335,45.8,46.78,46.23,1.0,300213
2026-08-24,NASDAQ:CCAP,10.79,10.58,10.74,10.75,1.0,226994
2026-08-25,NASDAQ:CCAP,10.8249,10.690999999999999,10.77,10.695,1.0,245869
2026-08-26,NASDAQ:CCAP,10.74,10.5,10.71,10.57,1.0,281559
2026-08-27,NASDAQ:CCAP,10.695,10.5,10.58,10.6,1.0,216305
2026-08-28,NASDAQ:CCAP,10.7399,10.53,10.65,10.54,1.0,151430
2026-08-31,NASDAQ:CCAP,10.705,10.42,10.42,10.62,1.0,274130
2026-09-01,NASDAQ:CCAP,10.64,10.47,10.6,10.48,1.0,284472
2026-09-02,NASDAQ:CCAP,10.58,10.38,10.47,10.4,1.0,301075
2026-09-03,NASDAQ:CCAP,10.64,10.26,10.42,10.45,1.0,211247
2026-09-04,NASDAQ:CCAP,10.505,10.3281,10.34,10.37,1.0,131491
2026-09-08,NASDAQ:CCAP,10.43,10.285,10.34,10.29,1.0,496044
2026-09-09,NASDAQ:CCAP,10.35,10.16,10.25,10.23,1.0,510132
2026-09-10,NASDAQ:CCAP,10.08,9.88,9.935,9.93,1.0,532275
2026-09-11,NASDAQ:CCAP,10.03,9.885,9.94,9.92,1.0,259123
2026-09-14,NASDAQ:CCAP,10.06,9.89,9.96,9.94,1.0,198191
2026-09-15,NASDAQ:CCAP,9.95,9.76,9.95,9.84,1.0,289187
2026-09-16,NASDAQ:CCAP,9.95,9.78,9.82,9.88,1.0,334935
2026-09-17,NASDAQ:CCAP,10.14,9.93,9.93,10.09,1.0,229093
2026-09-18,NASDAQ:CCAP,10.15,9.74,10.12,9.78,1.0,697616
2026-09-21,NASDAQ:CCAP,10.0,9.75,9.9,9.82,1.0,214120
2026-09-22,NASDAQ:CCAP,9.88,9.75,9.82,9.76,1.0,117260
2026-09-23,NASDAQ:CCAP,9.76,9.62,9.74,9.67,1.0,187087
2026-09-24,NASDAQ:CCAP,9.77,9.54,9.65,9.58,1.0,249135
2026-09-25,NASDAQ:CCAP,9.615,9.475,9.58,9.57,1.0,184412
2026-08-24,NYSE:BGS,3.53,3.46,3.5,3.49,1.0,1323490
2026-08-25,NYSE:BGS,3.54,3.39,3.47,3.52,1.0,2182528
2026-08-26,NYSE:BGS,3.55,3.48,3.51,3.53,1.0,922512
2026-08-27,NYSE:BGS,3.51,3.43,3.48,3.47,1.0,1484276
2026-08-28,NYSE:BGS,3.545,3.48,3.5,3.52,1.0,1027292
2026-08-31,NYSE:BGS,3.5439,3.46,3.51,3.47,1.0,2189348
2026-09-01,NYSE:BGS,3.56,3.45,3.47,3.49,1.0,2170482
2026-09-02,NYSE:BGS,3.525,3.44,3.5,3.45,1.0,1630936
2026-09-03,NYSE:BGS,3.45,3.33,3.45,3.36,1.0,2255981
2026-09-04,NYSE:BGS,3.375,3.28,3.33,3.29,1.0,2179577
2026-09-08,NYSE:BGS,3.325,3.23,3.29,3.3,1.0,2234290
2026-09-09,NYSE:BGS,3.31,3.22,3.31,3.25,1.0,1755375
2026-09-10,NYSE:BGS,3.2675,3.18,3.24,3.22,1.0,1807553
2026-09-11,NYSE:BGS,3.25,3.095,3.24,3.15,1.0,3435397
2026-09-14,NYSE:BGS,3.24,3.15,3.17,3.16,1.0,1988305
2026-09-15,NYSE:BGS,3.17,3.12,3.16,3.16,1.0,1487913
2026-09-16,NYSE:BGS,3.215,3.13,3.18,3.14,1.0,1982325
2026-09-17,NYSE:BGS,3.18,3.04,3.16,3.04,1.0,2307315
2026-09-18,NYSE:BGS,3.04,2.87,3.04,2.88,1.0,5582168
2026-09-21,NYSE:BGS,2.96,2.89,2.9,2.93,1.0,2304097
2026-09-22,NYSE:BGS,3.06,2.97,2.97,3.04,1.0,1858848
2026-09-23,NYSE:BGS,3.06,2.96,3.04,2.98,1.0,1115704
2026-09-24,NYSE:BGS,3.05,2.93,2.99,3.02,1.0,2086068
2026-09-25,NYSE:BGS,3.13,3.0,3.06,3.1,1.0,1627846
2026-08-24,NYSE:BBDC,9.455,9.3,9.38,9.45,1.0,530324
2026-08-25,NYSE:BBDC,9.468,9.365,9.45,9.45,1.0,696948
2026-08-26,NYSE:BBDC,9.45,9.29,9.45,9.35,1.0,667345
2026-08-27,NYSE:BBDC,9.395,9.3,9.35,9.38,1.0,766325
2026-08-28,NYSE:BBDC,9.405,9.3231,9.35,9.35,1.0,799294
2026-08-31,NYSE:BBDC,9.535,9.38,9.4,9.44,1.0,1061618
2026-09-01,NYSE:BBDC,9.49,9.29,9.42,9.3,1.0,1331869
2026-09-02,NYSE:BBDC,9.14,8.995,9.02,9.11,1.0,630900
2026-09-03,NYSE:BBDC,9.225,8.94,9.17,8.99,1.0,725999
2026-09-04,NYSE:BBDC,9.075,8.84,8.95,9.02,1.0,445268
2026-09-08,NYSE:BBDC,9.06,8.85,9.0,8.86,1.0,589185
2026-09-09,NYSE:BBDC,8.9456,8.75,8.86,8.75,1.0,694392
2026-09-10,NYSE:BBDC,8.775,8.69,8.74,8.71,1.0,608491
2026-09-11,NYSE:BBDC,8.84,8.695,8.79,8.77,1.0,519298
2026-09-14,NYSE:BBDC,8.85,8.75,8.76,8.77,1.0,625779
2026-09-15,NYSE:BBDC,8.77,8.69,8.73,8.73,1.0,385262
2026-09-16,NYSE:BBDC,8.775,8.6205,8.75,8.74,1.0,491733
2026-09-17,NYSE:BBDC,9.07,8.78,8.78,8.94,1.0,758074
2026-09-18,NYSE:BBDC,8.92,8.715,8.92,8.74,1.0,600809
2026-09-21,NYSE:BBDC,8.83,8.7239,8.83,8.8,1.0,387887
2026-09-22,NYSE:BBDC,8.89,8.75,8.86,8.76,1.0,432281
2026-09-23,NYSE:BBDC,8.805,8.65,8.77,8.66,1.0,371931
2026-09-24,NYSE:BBDC,8.71,8.58,8.65,8.62,1.0,454948
2026-09-25,NYSE:BBDC,8.71,8.575,8.63,8.67,1.0,451481
2026-08-24,NASDAQ:PLTK,2.47,2.3,2.35,2.42,1.0,1816513
2026-08-25,NASDAQ:PLTK,2.46,2.365,2.4,2.45,1.0,1120620
2026-08-26,NASDAQ:PLTK,2.445,2.36,2.42,2.41,1.0,1318872
2026-08-27,NASDAQ:PLTK,2.455,2.2601,2.42,2.3,1.0,1859875
2026-08-28,NASDAQ:PLTK,2.34,2.28,2.31,2.32,1.0,783925
2026-08-31,NASDAQ:PLTK,2.33,2.245,2.28,2.27,1.0,1152549
2026-09-01,NASDAQ:PLTK,2.255,2.165,2.25,2.2,1.0,2253085
2026-09-02,NASDAQ:PLTK,2.26,2.174,2.19,2.24,1.0,1509190
2026-09-03,NASDAQ:PLTK,2.29,2.21,2.21,2.24,1.0,1196134
2026-09-04,NASDAQ:PLTK,2.23,2.19,2.21,2.2,1.0,964871
2026-09-08,NASDAQ:PLTK,2.26,2.15,2.26,2.22,1.0,847086
2026-09-09,NASDAQ:PLTK,2.29,2.2,2.21,2.26,1.0,1491796
2026-09-10,NASDAQ:PLTK,2.275,2.21,2.26,2.22,1.0,974345
2026-09-11,NASDAQ:PLTK,2.35,2.24,2.25,2.31,1.0,1125581
2026-09-14,NASDAQ:PLTK,2.4,2.31,2.33,2.38,1.0,1154643
2026-09-15,NASDAQ:PLTK,2.39,2.325,2.38,2.37,1.0,823699
2026-09-16,NASDAQ:PLTK,2.4,2.305,2.36,2.33,1.0,1123761
2026-09-17,NASDAQ:PLTK,2.37,2.28,2.35,2.31,1.0,1049657
2026-09-18,NASDAQ:PLTK,2.4,2.19,2.4,2.21,1.0,3010964
2026-09-21,NASDAQ:PLTK,2.35,2.215,2.22,2.31,1.0,1031971
2026-09-22,NASDAQ:PLTK,2.36,2.28,2.35,2.32,1.0,821152
2026-09-23,NASDAQ:PLTK,2.33,2.2,2.31,2.2,1.0,796260
2026-09-24,NASDAQ:PLTK,2.2,2.1,2.2,2.17,1.0,1595045
2026-09-25,NASDAQ:PLTK,2.195,2.125,2.16,2.13,1.0,484973
2026-08-24,NYSE:SB,8.685,8.45,8.58,8.65,1.0,891359
2026-08-25,NYSE:SB,8.755,8.46,8.7,8.7,1.0,619226
2026-08-26,NYSE:SB,8.68,8.24,8.6,8.28,1.0,750969
2026-08-27,NYSE:SB,8.59,8.345,8.4,8.42,1.0,574175
2026-08-28,NYSE:SB,8.635,8.4243,8.44,8.52,1.0,639792
2026-08-31,NYSE:SB,8.7235,8.425,8.67,8.63,1.0,726736
2026-09-01,NYSE:SB,8.87,8.58,8.6,8.75,1.0,1069063
2026-09-02,NYSE:SB,9.11,8.8,8.8,9.09,1.0,1237560
2026-09-03,NYSE:SB,9.195,8.98,9.107999999999999,9.01,1.0,1043773
2026-09-04,NYSE:SB,9.3119,9.12,9.2,9.17,1.0,1084849
2026-09-08,NYSE:SB,9.24,8.795,9.18,8.93,1.0,1209712
2026-09-09,NYSE:SB,8.44,8.05,8.15,8.36,1.0,5006936
2026-09-10,NYSE:SB,8.495,8.13,8.13,8.38,1.0,1617590
2026-09-11,NYSE:SB,8.535,8.385,8.48,8.51,1.0,1368331
2026-09-14,NYSE:SB,8.43,8.17,8.34,8.35,1.0,1432222
2026-09-15,NYSE:SB,8.7,8.213,8.36,8.61,1.0,1851593
2026-09-16,NYSE:SB,8.88,8.44,8.6,8.75,1.0,1830692
2026-09-17,NYSE:SB,9.035,8.67,8.67,9.01,1.0,2136732
2026-09-18,NYSE:SB,9.255,8.91,8.93,9.18,1.0,2279564
2026-09-21,NYSE:SB,9.2,8.76,9.11,8.87,1.0,2524241
2026-09-22,NYSE:SB,8.77,8.45,8.76,8.48,1.0,1513931
2026-09-23,NYSE:SB,8.48,8.27,8.48,8.37,1.0,2379571
2026-09-24,NYSE:SB,8.5,8.21,8.31,8.25,1.0,1110841
2026-09-25,NYSE:SB,8.26,7.9917,8.24,8.14,1.0,1182052
2026-08-24,NASDAQ:RBB,27.02,26.51,26.69,26.59,1.0,58003
2026-08-25,NASDAQ:RBB,26.6,26.37,26.56,26.5,1.0,58459
2026-08-26,NASDAQ:RBB,26.6,26.31,26.6,26.36,1.0,62244
2026-08-27,NASDAQ:RBB,26.54,25.97,26.35,26.24,1.0,109766
2026-08-28,NASDAQ:RBB,26.525,26.05,26.26,26.275,1.0,58315
2026-08-31,NASDAQ:RBB,26.25,25.95,26.11,25.95,1.0,63511
2026-09-01,NASDAQ:RBB,26.15,25.34,25.87,25.87,1.0,93404
2026-09-02,NASDAQ:RBB,26.475,25.87,25.87,26.4,1.0,114790
2026-09-03,NASDAQ:RBB,26.755,26.4,26.73,26.67,1.0,92021
2026-09-04,NASDAQ:RBB,27.165,26.56,26.56,27.07,1.0,45109
2026-09-08,NASDAQ:RBB,27.29,26.415,26.91,26.57,1.0,73307
2026-09-09,NASDAQ:RBB,26.68,25.99,26.51,26.38,1.0,101659
2026-09-10,NASDAQ:RBB,26.68,26.18,26.21,26.68,1.0,54053
2026-09-11,NASDAQ:RBB,26.96,26.5,26.96,26.55,1.0,65457
2026-09-14,NASDAQ:RBB,26.99,26.54,26.54,26.67,1.0,83791
2026-09-15,NASDAQ:RBB,27.12,26.405,26.9,26.74,1.0,89521
2026-09-16,NASDAQ:RBB,26.89,26.3,26.89,26.64,1.0,121476
2026-09-17,NASDAQ:RBB,27.5,26.58,26.92,26.68,1.0,88621
2026-09-18,NASDAQ:RBB,26.845,26.45,26.68,26.7,1.0,296023
2026-09-21,NASDAQ:RBB,26.89,26.66,26.7,26.75,1.0,83166
2026-09-22,NASDAQ:RBB,27.18,26.57,26.92,26.79,1.0,119804
2026-09-23,NASDAQ:RBB,26.75,26.27,26.64,26.28,1.0,114466
2026-09-24,NASDAQ:RBB,26.565,26.25,26.35,26.45,1.0,98321
2026-09-25,NASDAQ:RBB,26.74,26.415,26.45,26.58,1.0,88534
2026-08-24,NASDAQ:FULT,23.9,23.55,23.64,23.59,1.0,1589352
2026-08-25,NASDAQ:FULT,23.7,23.49,23.65,23.66,1.0,1695577
2026-08-26,NASDAQ:FULT,23.85,23.57,23.79,23.8,1.0,1448748
2026-08-27,NASDAQ:FULT,23.79,23.405,23.66,23.75,1.0,1402258
2026-08-28,NASDAQ:FULT,23.9,23.645,23.81,23.675,1.0,1148778
2026-08-31,NASDAQ:FULT,23.68,23.41,23.68,23.46,1.0,1343559
2026-09-01,NASDAQ:FULT,23.58,23.145,23.41,23.21,1.0,1225433
2026-09-02,NASDAQ:FULT,23.9,23.33,23.37,23.69,1.0,1332678
2026-09-03,NASDAQ:FULT,24.05,23.68,23.8,23.87,1.0,1206833
2026-09-04,NASDAQ:FULT,24.15,23.85,23.87,24.1,1.0,1009491
2026-09-08,NASDAQ:FULT,23.98,23.61,23.97,23.62,1.0,1429626
2026-09-09,NASDAQ:FULT,23.65,23.32,23.52,23.41,1.0,1236457
2026-09-10,NASDAQ:FULT,23.6,23.14,23.39,23.6,1.0,1057056
2026-09-11,NASDAQ:FULT,23.84,23.38,23.82,23.6,1.0,1505040
2026-09-14,NASDAQ:FULT,23.9,23.49,23.59,23.75,1.0,1679420
2026-09-15,NASDAQ:FULT,24.0,23.69,23.74,23.75,1.0,1284119
2026-09-16,NASDAQ:FULT,23.8,23.0,23.69,23.46,1.0,2400632
2026-09-17,NASDAQ:FULT,23.71,23.33,23.65,23.39,1.0,1414225
2026-09-18,NASDAQ:FULT,23.43,23.11,23.27,23.4,1.0,5013572
2026-09-21,NASDAQ:FULT,23.6,23.27,23.42,23.28,1.0,1406540
2026-09-22,NASDAQ:FULT,23.5,23.02,23.4,23.02,1.0,1898223
2026-09-23,NASDAQ:FULT,23.085,22.73,22.97,22.75,1.0,1620571
2026-09-24,NASDAQ:FULT,23.12,22.68,22.87,23.05,1.0,1285700
2026-09-25,NASDAQ:FULT,23.38,23.1,23.21,23.23,1.0,2154828
2026-08-24,NYSE:CAPL,23.7959,23.22,23.5,23.48,1.0,57927
2026-08-25,NYSE:CAPL,23.5,22.865,23.25,23.0,1.0,38690
2026-08-26,NYSE:CAPL,23.4899,22.6,22.82,23.29,1.0,32758
2026-08-27,NYSE:CAPL,23.4135,23.0509,23.31,23.26,1.0,20128
2026-08-28,NYSE:CAPL,23.4699,23.015,23.13,23.09,1.0,28804
2026-08-31,NYSE:CAPL,23.4291,22.75,23.07,23.17,1.0,34402
2026-09-01,NYSE:CAPL,23.4197,23.1,23.25,23.26,1.0,14944
2026-09-02,NYSE:CAPL,23.369,23.0,23.11,23.04,1.0,5596
2026-09-03,NYSE:CAPL,23.16,22.85,22.96,22.91,1.0,22241
2026-09-04,NYSE:CAPL,22.98,22.52,22.98,22.85,1.0,54604
2026-09-08,NYSE:CAPL,23.38,22.7645,22.83,23.0,1.0,26456
2026-09-09,NYSE:CAPL,23.4264,23.08,23.17,23.2,1.0,11810
2026-09-10,NYSE:CAPL,23.18,22.76,23.12,22.9,1.0,15295
2026-09-11,NYSE:CAPL,23.2899,22.54,22.8,22.8,1.0,36853
2026-09-14,NYSE:CAPL,22.95,22.42,22.75,22.52,1.0,29055
2026-09-15,NYSE:CAPL,22.68,22.2379,22.28,22.29,1.0,22688
2026-09-16,NYSE:CAPL,23.1932,22.1,22.34,22.23,1.0,32029
2026-09-17,NYSE:CAPL,22.75,22.2,22.285,22.43,1.0,14255
2026-09-18,NYSE:CAPL,22.615,21.94,22.6,21.94,1.0,35688
2026-09-21,NYSE:CAPL,22.45,21.7366,21.81,22.04,1.0,31694
2026-09-22,NYSE:CAPL,22.4,21.8,22.09,21.95,1.0,11463
2026-09-23,NYSE:CAPL,22.2222,21.8,22.09,21.93,1.0,20198
2026-09-24,NYSE:CAPL,22.1499,21.36,22.06,21.61,1.0,48222
2026-09-25,NYSE:CAPL,21.67,21.3,21.52,21.48,1.0,21290
2026-08-24,NASDAQ:ADAM,9.975,9.785,9.9,9.86,1.0,705985
2026-08-25,NASDAQ:ADAM,9.95,9.75,9.92,9.84,1.0,612369
2026-08-26,NASDAQ:ADAM,9.84,9.71,9.84,9.77,1.0,486449
2026-08-27,NASDAQ:ADAM,9.915,9.74,9.77,9.84,1.0,745461
2026-08-28,NASDAQ:ADAM,9.956,9.78,9.88,9.8,1.0,834089
2026-08-31,NASDAQ:ADAM,9.85,9.65,9.85,9.74,1.0,796817
2026-09-01,NASDAQ:ADAM,9.72,9.55,9.63,9.61,1.0,536413
2026-09-02,NASDAQ:ADAM,9.655,9.57,9.61,9.61,1.0,580753
2026-09-03,NASDAQ:ADAM,9.75,9.605,9.74,9.7,1.0,587629
2026-09-04,NASDAQ:ADAM,9.81,9.64,9.66,9.75,1.0,510327
2026-09-08,NASDAQ:ADAM,9.78,9.685,9.75,9.71,1.0,564597
2026-09-09,NASDAQ:ADAM,9.73,9.56,9.73,9.56,1.0,650267
2026-09-10,NASDAQ:ADAM,9.56,9.13,9.5,9.15,1.0,1538990
2026-09-11,NASDAQ:ADAM,9.3,9.02,9.25,9.09,1.0,1022881
2026-09-14,NASDAQ:ADAM,9.15,8.91,9.08,9.02,1.0,834021
2026-09-15,NASDAQ:ADAM,9.055,8.94,9.03,8.955,1.0,917360
2026-09-16,NASDAQ:ADAM,9.09,8.9,9.01,8.97,1.0,1097308
2026-09-17,NASDAQ:ADAM,9.1991,9.0,9.13,9.005,1.0,1000029
2026-09-18,NASDAQ:ADAM,9.0967,8.835,8.95,8.91,1.0,3243116
2026-09-21,NASDAQ:ADAM,9.05,8.86,8.98,8.92,1.0,2954998
2026-09-22,NASDAQ:ADAM,8.825,8.6455,8.67,8.8,1.0,1589111
2026-09-23,NASDAQ:ADAM,8.75,8.42,8.74,8.43,1.0,1338799
2026-09-24,NASDAQ:ADAM,8.43,8.105,8.405,8.14,1.0,1327266
2026-09-25,NASDAQ:ADAM,8.17,8.01,8.14,8.14,1.0,1435557
2026-08-24,NASDAQ:FSBC,45.8,45.035,45.11,45.13,1.0,88879
2026-08-25,NASDAQ:FSBC,45.475,44.67,45.24,44.905,1.0,154178
2026-08-26,NASDAQ:FSBC,45.505,44.55,45.01,45.28,1.0,148498
2026-08-27,NASDAQ:FSBC,45.38,44.535,44.9,45.26,1.0,103284
2026-08-28,NASDAQ:FSBC,45.76,45.3,45.3,45.62,1.0,121393
2026-08-31,NASDAQ:FSBC,46.055,45.08,45.44,45.82,1.0,241837
2026-09-01,NASDAQ:FSBC,46.095,45.09,45.61,45.34,1.0,200234
2026-09-02,NASDAQ:FSBC,47.16,45.61,45.61,46.36,1.0,178512
2026-09-03,NASDAQ:FSBC,47.12,46.26,46.6,46.41,1.0,132293
2026-09-04,NASDAQ:FSBC,47.07,45.86,46.29,46.96,1.0,97301
2026-09-08,NASDAQ:FSBC,46.92,46.465,46.82,46.58,1.0,145931
2026-09-09,NASDAQ:FSBC,46.6,45.6,46.23,45.9,1.0,129997
2026-09-10,NASDAQ:FSBC,46.55,45.34,45.88,46.49,1.0,137917
2026-09-11,NASDAQ:FSBC,47.11,45.98,47.11,46.41,1.0,119240
2026-09-14,NASDAQ:FSBC,47.17,45.86,46.19,45.99,1.0,218555
2026-09-15,NASDAQ:FSBC,46.5,45.52,45.88,45.55,1.0,171847
2026-09-16,NASDAQ:FSBC,46.0,44.275,45.46,45.11,1.0,194361
2026-09-17,NASDAQ:FSBC,45.9084,44.7,45.48,44.71,1.0,284430
2026-09-18,NASDAQ:FSBC,44.97,44.17,44.51,44.47,1.0,884880
2026-09-21,NASDAQ:FSBC,44.92,44.3325,44.48,44.35,1.0,183216
2026-09-22,NASDAQ:FSBC,45.43,44.12,44.62,44.17,1.0,186407
2026-09-23,NASDAQ:FSBC,44.1,43.28,43.94,43.4,1.0,160719
2026-09-24,NASDAQ:FSBC,43.74,43.16,43.53,43.43,1.0,171876
2026-09-25,NASDAQ:FSBC,43.99,43.49,43.54,43.83,1.0,88170
2026-08-24,NYSE:ARI,6.94,6.855,6.89,6.89,1.0,2625446
2026-08-25,NYSE:ARI,6.91,6.835,6.91,6.86,1.0,2529613
2026-08-26,NYSE:ARI,6.88,6.8,6.86,6.81,1.0,1974407
2026-08-27,NYSE:ARI,6.93,6.81,6.81,6.9,1.0,3048710
2026-08-28,NYSE:ARI,6.905,6.785,6.88,6.85,1.0,2007950
2026-08-31,NYSE:ARI,6.93,6.81,6.81,6.91,1.0,2593337
2026-09-01,NYSE:ARI,6.875,6.78,6.85,6.81,1.0,2042943
2026-09-02,NYSE:ARI,6.88,6.79,6.82,6.86,1.0,1546431
2026-09-03,NYSE:ARI,6.9,6.801,6.9,6.88,1.0,1816965
2026-09-04,NYSE:ARI,6.91,6.85,6.85,6.88,1.0,1062383
2026-09-08,NYSE:ARI,6.86,6.78,6.85,6.79,1.0,2909179
2026-09-09,NYSE:ARI,6.82,6.755,6.79,6.76,1.0,1661127
2026-09-10,NYSE:ARI,6.75,6.64,6.75,6.68,1.0,2389399
2026-09-11,NYSE:ARI,6.73,6.625,6.72,6.63,1.0,2063015
2026-09-14,NYSE:ARI,6.63,6.535,6.63,6.57,1.0,1584550
2026-09-15,NYSE:ARI,6.6,6.5,6.55,6.51,1.0,1935157
2026-09-16,NYSE:ARI,6.581,6.47,6.51,6.5,1.0,2246759
2026-09-17,NYSE:ARI,6.545,6.45,6.54,6.45,1.0,1532602
2026-09-18,NYSE:ARI,6.47,6.36,6.46,6.42,1.0,5878528
2026-09-21,NYSE:ARI,6.49,6.4,6.41,6.43,1.0,1920565
2026-09-22,NYSE:ARI,6.505,6.405,6.47,6.41,1.0,2375609
2026-09-23,NYSE:ARI,6.4,6.25,6.4,6.26,1.0,3991431
2026-09-24,NYSE:ARI,6.3,6.18,6.25,6.26,1.0,3347535
2026-09-25,NYSE:ARI,6.32,6.23,6.28,6.24,1.0,1880811
2026-08-24,NASDAQ:PAGP,27.395,26.6736,26.72,27.27,1.0,1472436
2026-08-25,NASDAQ:PAGP,27.48,27.09,27.09,27.16,1.0,1247880
2026-08-26,NASDAQ:PAGP,28.15,27.0,27.11,28.13,1.0,1830792
2026-08-27,NASDAQ:PAGP,28.28,27.81,28.0,28.03,1.0,1835087
2026-08-28,NASDAQ:PAGP,28.23,27.945,28.08,27.97,1.0,1866557
2026-08-31,NASDAQ:PAGP,28.33,27.96,28.32,28.22,1.0,1953670
2026-09-01,NASDAQ:PAGP,28.7,28.3,28.7,28.47,1.0,1524279
2026-09-02,NASDAQ:PAGP,28.52,28.02,28.26,28.35,1.0,1441668
2026-09-03,NASDAQ:PAGP,28.4499,27.665,28.42,27.68,1.0,3073280
2026-09-04,NASDAQ:PAGP,27.915,27.38,27.64,27.89,1.0,1212252
2026-09-08,NASDAQ:PAGP,28.19,27.65,27.94,28.07,1.0,1955912
2026-09-09,NASDAQ:PAGP,28.38,27.84,28.19,27.97,1.0,2325442
2026-09-10,NASDAQ:PAGP,28.43,27.76,28.31,27.89,1.0,1682642
2026-09-11,NASDAQ:PAGP,28.13,27.745,27.83,27.99,1.0,2413764
2026-09-14,NASDAQ:PAGP,28.5,27.885,28.23,28.0,1.0,1733755
2026-09-15,NASDAQ:PAGP,28.115,27.78,27.98,27.84,1.0,1525890
2026-09-16,NASDAQ:PAGP,27.88,27.47,27.83,27.68,1.0,1633014
2026-09-17,NASDAQ:PAGP,27.95,27.44,27.55,27.725,1.0,1308953
2026-09-18,NASDAQ:PAGP,27.915,27.6,27.63,27.67,1.0,1172391
2026-09-21,NASDAQ:PAGP,27.78,27.27,27.55,27.33,1.0,960491
2026-09-22,NASDAQ:PAGP,27.395,26.745,27.04,26.87,1.0,2208405
2026-09-23,NASDAQ:PAGP,27.085,26.655,26.88,26.69,1.0,1287780
2026-09-24,NASDAQ:PAGP,26.94,26.57,26.81,26.7,1.0,1112121
2026-09-25,NASDAQ:PAGP,26.69,26.13,26.64,26.58,1.0,2084947
2026-08-24,NYSE:BSM,15.1,14.8079,14.92,15.05,1.0,569923
2026-08-25,NYSE:BSM,15.0299,14.8273,15.0,14.89,1.0,378666
2026-08-26,NYSE:BSM,15.1,14.785,14.89,14.8,1.0,674342
2026-08-27,NYSE:BSM,14.985,14.685,14.79,14.93,1.0,282100
2026-08-28,NYSE:BSM,14.97,14.75,14.88,14.75,1.0,254081
2026-08-31,NYSE:BSM,14.96,14.78,14.91,14.88,1.0,268956
2026-09-01,NYSE:BSM,14.94,14.7838,14.9,14.9,1.0,133867
2026-09-02,NYSE:BSM,15.065,14.79,14.79,14.94,1.0,402165
2026-09-03,NYSE:BSM,14.99,14.66,14.99,14.68,1.0,190141
2026-09-04,NYSE:BSM,14.77,14.51,14.7,14.65,1.0,135296
2026-09-08,NYSE:BSM,14.875,14.685,14.71,14.84,1.0,166319
2026-09-09,NYSE:BSM,14.97,14.81,14.94,14.9,1.0,256027
2026-09-10,NYSE:BSM,14.98,14.715,14.98,14.93,1.0,566670
2026-09-11,NYSE:BSM,15.04,14.87,14.88,14.99,1.0,463579
2026-09-14,NYSE:BSM,15.14,14.9,14.945,14.9,1.0,884745
2026-09-15,NYSE:BSM,15.2,14.85,14.85,15.17,1.0,537036
2026-09-16,NYSE:BSM,15.18,14.71,15.18,14.77,1.0,564984
2026-09-17,NYSE:BSM,14.83,14.6701,14.7,14.8,1.0,282107
2026-09-18,NYSE:BSM,14.89,14.7,14.8,14.82,1.0,419388
2026-09-21,NYSE:BSM,14.9099,14.76,14.89,14.86,1.0,258781
2026-09-22,NYSE:BSM,14.89,14.695,14.75,14.76,1.0,228288
2026-09-23,NYSE:BSM,14.88,14.56,14.84,14.56,1.0,347362
2026-09-24,NYSE:BSM,14.82,14.6,14.65,14.69,1.0,413278
2026-09-25,NYSE:BSM,14.65,14.35,14.65,14.425,1.0,334000
2026-08-24,NASDAQ:OCFC,19.125,18.92,19.1,18.94,1.0,1100385
2026-08-25,NASDAQ:OCFC,18.95,18.755,18.95,18.86,1.0,964029
2026-08-26,NASDAQ:OCFC,19.2,18.84,18.94,19.02,1.0,1463050
2026-08-27,NASDAQ:OCFC,18.95,18.705,18.92,18.89,1.0,566405
2026-08-28,NASDAQ:OCFC,19.11,18.875,18.92,18.88,1.0,863126
2026-08-31,NASDAQ:OCFC,18.95,18.71,18.87,18.84,1.0,1118744
2026-09-01,NASDAQ:OCFC,18.915,18.515,18.8,18.53,1.0,892524
2026-09-02,NASDAQ:OCFC,19.16,18.605,18.64,19.09,1.0,843130
2026-09-03,NASDAQ:OCFC,19.39,19.21,19.21,19.28,1.0,655444
2026-09-04,NASDAQ:OCFC,19.51,19.17,19.17,19.43,1.0,508157
2026-09-08,NASDAQ:OCFC,19.37,18.91,19.34,18.94,1.0,720047
2026-09-09,NASDAQ:OCFC,18.885,18.585,18.81,18.65,1.0,748771
2026-09-10,NASDAQ:OCFC,18.75,18.52,18.65,18.74,1.0,1173712
2026-09-11,NASDAQ:OCFC,19.035,18.61,19.02,18.78,1.0,964681
2026-09-14,NASDAQ:OCFC,18.9392,18.66,18.81,18.67,1.0,804475
2026-09-15,NASDAQ:OCFC,18.97,18.585,18.68,18.6,1.0,785983
2026-09-16,NASDAQ:OCFC,18.74,18.07,18.6,18.25,1.0,1447750
2026-09-17,NASDAQ:OCFC,18.49,18.12,18.47,18.13,1.0,831633
2026-09-18,NASDAQ:OCFC,18.1,17.805,18.02,17.87,1.0,2263873
2026-09-21,NASDAQ:OCFC,18.005,17.55,17.94,17.57,1.0,1042974
2026-09-22,NASDAQ:OCFC,17.76,17.265,17.7,17.37,1.0,1354174
2026-09-23,NASDAQ:OCFC,17.4794,16.99,17.36,17.0,1.0,1340804
2026-09-24,NASDAQ:OCFC,17.09,16.76,17.06,16.87,1.0,1052082
2026-09-25,NASDAQ:OCFC,17.23,16.93,16.96,17.1,1.0,995120
2026-08-24,NASDAQ:IMPP,5.31,5.15,5.24,5.29,1.0,397163
2026-08-25,NASDAQ:IMPP,5.28,5.06,5.26,5.1,1.0,364354
2026-08-26,NASDAQ:IMPP,5.1,4.79,5.1,4.85,1.0,522441
2026-08-27,NASDAQ:IMPP,5.1,4.86,4.88,5.06,1.0,352955
2026-08-28,NASDAQ:IMPP,5.25,5.07,5.09,5.19,1.0,466823
2026-08-31,NASDAQ:IMPP,5.29,5.1,5.24,5.25,1.0,514876
2026-09-01,NASDAQ:IMPP,5.51,5.1793,5.28,5.46,1.0,466033
2026-09-02,NASDAQ:IMPP,5.46,5.25,5.42,5.31,1.0,306114
2026-09-03,NASDAQ:IMPP,5.41,5.23,5.37,5.27,1.0,165214
2026-09-04,NASDAQ:IMPP,5.41,5.21,5.3,5.29,1.0,290135
2026-09-08,NASDAQ:IMPP,5.37,5.06,5.33,5.33,1.0,562377
2026-09-09,NASDAQ:IMPP,5.42,5.26,5.39,5.36,1.0,375074
2026-09-10,NASDAQ:IMPP,5.65,5.145,5.27,5.605,1.0,1273926
2026-09-11,NASDAQ:IMPP,5.87,5.62,5.66,5.79,1.0,1077825
2026-09-14,NASDAQ:IMPP,5.99,5.81,5.96,5.95,1.0,1334588
2026-09-15,NASDAQ:IMPP,5.95,5.69,5.95,5.765,1.0,474476
2026-09-16,NASDAQ:IMPP,6.0024,5.6897,5.76,5.8,1.0,592828
2026-09-17,NASDAQ:IMPP,5.8576,5.71,5.76,5.79,1.0,273184
2026-09-18,NASDAQ:IMPP,5.8,5.63,5.8,5.66,1.0,276877
2026-09-21,NASDAQ:IMPP,5.765,5.53,5.63,5.66,1.0,637588
2026-09-22,NASDAQ:IMPP,5.65,5.385,5.65,5.43,1.0,531981
2026-09-23,NASDAQ:IMPP,5.41,5.23,5.4,5.3,1.0,444763
2026-09-24,NASDAQ:IMPP,5.3457,5.08,5.33,5.09,1.0,513832
2026-09-25,NASDAQ:IMPP,5.1,4.98,5.06,5.07,1.0,525522
2026-08-24,NYSE:ARR,16.39,16.235,16.34,16.38,1.0,2609651
2026-08-25,NYSE:ARR,16.44,16.28,16.4,16.4,1.0,2107036
2026-08-26,NYSE:ARR,16.43,16.2,16.43,16.22,1.0,2347604
2026-08-27,NYSE:ARR,16.44,16.16,16.17,16.41,1.0,2703963
2026-08-28,NYSE:ARR,16.5251,16.295,16.47,16.32,1.0,3594635
2026-08-31,NYSE:ARR,16.375,16.125,16.31,16.22,1.0,3231962
2026-09-01,NYSE:ARR,16.2,16.065,16.13,16.12,1.0,3327594
2026-09-02,NYSE:ARR,16.19,16.06,16.18,16.15,1.0,3256839
2026-09-03,NYSE:ARR,16.28,16.01,16.24,16.13,1.0,3685792
2026-09-04,NYSE:ARR,16.42,16.04,16.115,16.35,1.0,2949141
2026-09-08,NYSE:ARR,16.47,16.22,16.37,16.23,1.0,3396895
2026-09-09,NYSE:ARR,16.315,16.16,16.23,16.17,1.0,2610942
2026-09-10,NYSE:ARR,16.1628,15.77,16.1,15.83,1.0,5303495
2026-09-11,NYSE:ARR,16.01,15.745,15.93,15.8,1.0,4575766
2026-09-14,NYSE:ARR,15.76,15.47,15.7,15.5,1.0,5903631
2026-09-15,NYSE:ARR,15.34,15.04,15.3,15.05,1.0,3560180
2026-09-16,NYSE:ARR,15.22,14.735,15.1,14.81,1.0,5489012
2026-09-17,NYSE:ARR,15.09,14.85,15.0,14.86,1.0,4893553
2026-09-18,NYSE:ARR,14.87,14.67,14.86,14.68,1.0,9878095
2026-09-21,NYSE:ARR,14.865,14.675,14.75,14.77,1.0,3486590
2026-09-22,NYSE:ARR,15.05,14.82,14.85,14.99,1.0,3185241
2026-09-23,NYSE:ARR,14.98,14.57,14.95,14.6,1.0,3384308
2026-09-24,NYSE:ARR,14.63,14.05,14.59,14.11,1.0,4382641
2026-09-25,NYSE:ARR,14.2022,13.83,14.16,14.1,1.0,4918818
2026-08-24,NASDAQ:AGNC,11.0,10.84,10.91,10.98,1.0,14103323
2026-08-25,NASDAQ:AGNC,11.0301,10.88,11.015,10.91,1.0,13773035
2026-08-26,NASDAQ:AGNC,10.93,10.81,10.92,10.81,1.0,12299646
2026-08-27,NASDAQ:AGNC,10.96,10.79,10.82,10.94,1.0,12494435
2026-08-28,NASDAQ:AGNC,11.0,10.88,10.95,10.9,1.0,20394260
2026-08-31,NASDAQ:AGNC,10.8389,10.68,10.74,10.73,1.0,16710393
2026-09-01,NASDAQ:AGNC,10.74,10.58,10.65,10.6,1.0,16193152
2026-09-02,NASDAQ:AGNC,10.65,10.57,10.63,10.62,1.0,18853694
2026-09-03,NASDAQ:AGNC,10.76,10.575,10.7,10.66,1.0,15770280
2026-09-04,NASDAQ:AGNC,10.73,10.57,10.61,10.65,1.0,16562917
2026-09-08,NASDAQ:AGNC,10.865,10.67,10.752,10.68,1.0,37543618
2026-09-09,NASDAQ:AGNC,10.755,10.5,10.71,10.51,1.0,30217780
2026-09-10,NASDAQ:AGNC,10.54,10.17,10.525,10.19,1.0,37558106
2026-09-11,NASDAQ:AGNC,10.335,10.15,10.285,10.15,1.0,26647168
2026-09-14,NASDAQ:AGNC,10.2,10.02,10.06,10.09,1.0,27148999
2026-09-15,NASDAQ:AGNC,10.13,9.94,10.09,9.96,1.0,28437040
2026-09-16,NASDAQ:AGNC,10.115,9.785,10.01,9.88,1.0,39298575
2026-09-17,NASDAQ:AGNC,10.1,9.91,10.07,9.91,1.0,32103573
2026-09-18,NASDAQ:AGNC,10.0,9.83,9.9,9.87,1.0,188214674
2026-09-21,NASDAQ:AGNC,10.03,9.86,9.92,9.97,1.0,29906330
2026-09-22,NASDAQ:AGNC,10.1,9.97,10.04,10.09,1.0,27116905
2026-09-23,NASDAQ:AGNC,10.085,9.86,10.075,9.91,1.0,29237240
2026-09-24,NASDAQ:AGNC,9.93,9.6,9.91,9.62,1.0,41901806
2026-09-25,NASDAQ:AGNC,9.7,9.51,9.675,9.62,1.0,34845953
2026-08-24,NYSE:NLY,23.33,23.128,23.2,23.25,1.0,5733872
2026-08-25,NYSE:NLY,23.375,22.98,23.28,23.1,1.0,5229179
2026-08-26,NYSE:NLY,23.123,22.85,23.1,22.86,1.0,4168211
2026-08-27,NYSE:NLY,23.1,22.785,22.82,23.06,1.0,4741924
2026-08-28,NYSE:NLY,23.23,23.0,23.13,23.04,1.0,4965986
2026-08-31,NYSE:NLY,23.165,22.8308,23.01,22.92,1.0,8878601
2026-09-01,NYSE:NLY,22.98,22.57,22.77,22.62,1.0,5612632
2026-09-02,NYSE:NLY,22.75,22.57,22.68,22.71,1.0,8088479
2026-09-03,NYSE:NLY,22.95,22.71,22.85,22.83,1.0,6760379
2026-09-04,NYSE:NLY,22.945,22.61,22.65,22.81,1.0,5940332
2026-09-08,NYSE:NLY,22.94,22.71,22.75,22.72,1.0,6706484
2026-09-09,NYSE:NLY,22.95,22.57,22.77,22.61,1.0,6799072
2026-09-10,NYSE:NLY,22.5,21.95,22.5,22.0,1.0,12785806
2026-09-11,NYSE:NLY,22.26,21.86,22.22,21.9,1.0,8359612
2026-09-14,NYSE:NLY,22.065,21.66,21.88,21.84,1.0,9834068
2026-09-15,NYSE:NLY,21.92,21.34,21.81,21.41,1.0,10717829
2026-09-16,NYSE:NLY,21.725,21.08,21.51,21.23,1.0,12457213
2026-09-17,NYSE:NLY,21.64,21.27,21.58,21.31,1.0,9820905
2026-09-18,NYSE:NLY,21.39,21.035,21.26,21.05,1.0,17892287
2026-09-21,NYSE:NLY,21.43,21.12,21.2,21.31,1.0,9241731
2026-09-22,NYSE:NLY,21.545,21.33,21.5,21.44,1.0,9846578
2026-09-23,NYSE:NLY,21.45,21.01,21.4,21.04,1.0,9846498
2026-09-24,NYSE:NLY,21.07,20.55,21.03,20.6,1.0,11460320
2026-09-25,NYSE:NLY,20.71,20.3,20.6,20.62,1.0,14949797
2026-08-24,NASDAQ:OXSQ,1.42,1.38,1.41,1.39,1.0,1364865
2026-08-25,NASDAQ:OXSQ,1.41,1.355,1.4,1.37,1.0,1843492
2026-08-26,NASDAQ:OXSQ,1.37,1.34,1.365,1.35,1.0,1146999
2026-08-27,NASDAQ:OXSQ,1.3876,1.34,1.355,1.36,1.0,976476
2026-08-28,NASDAQ:OXSQ,1.39,1.36,1.36,1.365,1.0,942440
2026-08-31,NASDAQ:OXSQ,1.385,1.34,1.375,1.34,1.0,1964839
2026-09-01,NASDAQ:OXSQ,1.36,1.31,1.35,1.34,1.0,1120647
2026-09-02,NASDAQ:OXSQ,1.37,1.34,1.36,1.355,1.0,1181870
2026-09-03,NASDAQ:OXSQ,1.375,1.35,1.36,1.35,1.0,1544740
2026-09-04,NASDAQ:OXSQ,1.36,1.335,1.35,1.35,1.0,1079746
2026-09-08,NASDAQ:OXSQ,1.365,1.32,1.36,1.33,1.0,1595082
2026-09-09,NASDAQ:OXSQ,1.35,1.32,1.33,1.34,1.0,1175722
2026-09-10,NASDAQ:OXSQ,1.34,1.33,1.34,1.34,1.0,962717
2026-09-11,NASDAQ:OXSQ,1.36,1.34,1.35,1.34,1.0,1511765
2026-09-14,NASDAQ:OXSQ,1.36,1.34,1.35,1.35,1.0,1408987
2026-09-15,NASDAQ:OXSQ,1.36,1.3,1.36,1.32,1.0,2818613
2026-09-16,NASDAQ:OXSQ,1.3,1.25,1.29,1.28,1.0,2296915
2026-09-17,NASDAQ:OXSQ,1.29,1.25,1.29,1.27,1.0,1820589
2026-09-18,NASDAQ:OXSQ,1.28,1.24,1.27,1.27,1.0,1207595
2026-09-21,NASDAQ:OXSQ,1.28,1.26,1.26,1.26,1.0,1050665
2026-09-22,NASDAQ:OXSQ,1.28,1.26,1.27,1.26,1.0,681486
2026-09-23,NASDAQ:OXSQ,1.28,1.26,1.26,1.27,1.0,734118
2026-09-24,NASDAQ:OXSQ,1.28,1.25,1.28,1.27,1.0,830074
2026-09-25,NASDAQ:OXSQ,1.28,1.26,1.26,1.27,1.0,582051
2026-08-24,NYSE:GSBD,10.0,9.83,9.84,10.0,1.0,557411
2026-08-25,NYSE:GSBD,10.1,9.925,10.0,10.1,1.0,908132
2026-08-26,NYSE:GSBD,10.11,9.965,10.07,10.02,1.0,693288
2026-08-27,NYSE:GSBD,10.15,9.98,9.98,10.13,1.0,771901
2026-08-28,NYSE:GSBD,10.2,10.1,10.15,10.13,1.0,519270
2026-08-31,NYSE:GSBD,10.375,10.1,10.1,10.23,1.0,842330
2026-09-01,NYSE:GSBD,10.28,10.095,10.23,10.13,1.0,773085
2026-09-02,NYSE:GSBD,10.14,9.83,10.11,9.93,1.0,1342944
2026-09-03,NYSE:GSBD,10.08,9.765,10.0,9.9,1.0,679545
2026-09-04,NYSE:GSBD,10.06,9.85,9.85,9.98,1.0,538023
2026-09-08,NYSE:GSBD,9.85,9.59,9.76,9.68,1.0,1260961
2026-09-09,NYSE:GSBD,9.72,9.38,9.6,9.64,1.0,951006
2026-09-10,NYSE:GSBD,9.635,9.47,9.6,9.58,1.0,665231
2026-09-11,NYSE:GSBD,9.6815,9.555,9.62,9.62,1.0,426126
2026-09-14,NYSE:GSBD,9.78,9.6101,9.65,9.63,1.0,605649
2026-09-15,NYSE:GSBD,9.68,9.56,9.62,9.64,1.0,551332
2026-09-16,NYSE:GSBD,9.815,9.58,9.64,9.79,1.0,1205541
2026-09-17,NYSE:GSBD,10.175,9.86,9.9,9.99,1.0,1001201
2026-09-18,NYSE:GSBD,10.0,9.69,10.0,9.7,1.0,1305469
2026-09-21,NYSE:GSBD,9.865,9.69,9.7,9.8,1.0,733477
2026-09-22,NYSE:GSBD,9.95,9.73,9.95,9.73,1.0,570978
2026-09-23,NYSE:GSBD,9.72,9.62,9.72,9.64,1.0,810959
2026-09-24,NYSE:GSBD,9.65,9.485,9.65,9.53,1.0,701426
2026-09-25,NYSE:GSBD,9.545,9.44,9.53,9.54,1.0,604609
2026-08-24,NYSE:GGB,4.535,4.31,4.35,4.33,1.0,15052956
2026-08-25,NYSE:GGB,4.37,4.24,4.3,4.36,1.0,8863157
2026-08-26,NYSE:GGB,4.475,4.39,4.42,4.46,1.0,7598491
2026-08-27,NYSE:GGB,4.7,4.56,4.57,4.7,1.0,16785737
2026-08-28,NYSE:GGB,4.705,4.545,4.67,4.59,1.0,10865738
2026-08-31,NYSE:GGB,4.74,4.585,4.67,4.61,1.0,9414982
2026-09-01,NYSE:GGB,4.75,4.57,4.57,4.69,1.0,10836513
2026-09-02,NYSE:GGB,5.01,4.78,4.81,4.97,1.0,11691832
2026-09-03,NYSE:GGB,5.07,4.88,5.05,4.95,1.0,12794437
2026-09-04,NYSE:GGB,5.03,4.945,4.99,4.97,1.0,7659680
2026-09-08,NYSE:GGB,5.11,5.03,5.03,5.06,1.0,9613991
2026-09-09,NYSE:GGB,5.075,4.9601,5.03,5.01,1.0,10265368
2026-09-10,NYSE:GGB,5.115,4.895,4.91,5.1,1.0,11392928
2026-09-11,NYSE:GGB,5.17,5.03,5.1,5.15,1.0,13865403
2026-09-14,NYSE:GGB,5.005,4.86,4.92,4.89,1.0,11605471
2026-09-15,NYSE:GGB,5.065,4.88,4.9,5.06,1.0,13092602
2026-09-16,NYSE:GGB,5.1,4.91,5.05,4.99,1.0,12044903
2026-09-17,NYSE:GGB,5.13,4.915,5.03,5.1,1.0,9587351
2026-09-18,NYSE:GGB,5.07,4.89,5.06,4.94,1.0,15852547
2026-09-21,NYSE:GGB,5.07,4.98,5.07,5.0,1.0,9196709
2026-09-22,NYSE:GGB,5.05,4.915,4.92,5.02,1.0,10249980
2026-09-23,NYSE:GGB,5.025,4.87,5.01,4.88,1.0,13312198
2026-09-24,NYSE:GGB,4.9,4.78,4.87,4.79,1.0,10577168
2026-09-25,NYSE:GGB,4.85,4.73,4.79,4.85,1.0,8656291
2026-08-24,NYSE:CHT,43.63,43.075,43.51,43.17,1.0,179017
2026-08-25,NYSE:CHT,43.2,42.81,42.99,43.17,1.0,137560
2026-08-26,NYSE:CHT,43.08,42.81,43.08,42.91,1.0,169248
2026-08-27,NYSE:CHT,43.0617,42.51,42.69,42.98,1.0,193899
2026-08-28,NYSE:CHT,43.35,42.95,42.98,42.99,1.0,175945
2026-08-31,NYSE:CHT,43.26,42.85,43.0,43.21,1.0,232486
2026-09-01,NYSE:CHT,43.5,42.93,43.21,43.24,1.0,217850
2026-09-02,NYSE:CHT,43.6,43.32,43.51,43.48,1.0,183256
2026-09-03,NYSE:CHT,43.84,43.47,43.74,43.76,1.0,194231
2026-09-04,NYSE:CHT,43.88,43.4,43.4,43.82,1.0,130876
2026-09-08,NYSE:CHT,44.42,43.89,43.96,44.23,1.0,235471
2026-09-09,NYSE:CHT,44.635,44.0634,44.42,44.42,1.0,241533
2026-09-10,NYSE:CHT,44.74,44.31,44.7,44.53,1.0,241464
2026-09-11,NYSE:CHT,44.89,44.575,44.8,44.85,1.0,162317
2026-09-14,NYSE:CHT,45.3,44.7875,45.11,45.25,1.0,390171
2026-09-15,NYSE:CHT,45.55,45.11,45.23,45.37,1.0,342998
2026-09-16,NYSE:CHT,45.63,44.93,45.4,45.18,1.0,262068
2026-09-17,NYSE:CHT,45.9668,44.47,44.47,45.72,1.0,287795
2026-09-18,NYSE:CHT,46.07,45.3874,45.45,45.9,1.0,412019
2026-09-21,NYSE:CHT,46.15,45.695,45.99,45.9,1.0,245321
2026-09-22,NYSE:CHT,46.26,45.7182,45.94,46.11,1.0,272588
2026-09-23,NYSE:CHT,46.3,45.665,46.02,46.2,1.0,311932
2026-09-24,NYSE:CHT,46.41,45.74,46.41,46.07,1.0,313135
2026-09-25,NYSE:CHT,46.25,45.815,46.06,46.15,1.0,139981
2026-08-24,NASDAQ:WAFD,36.67,36.22,36.49,36.29,1.0,436784
2026-08-25,NASDAQ:WAFD,36.37,36.0201,36.37,36.21,1.0,377395
2026-08-26,NASDAQ:WAFD,36.5,36.02,36.33,36.22,1.0,301219
2026-08-27,NASDAQ:WAFD,36.265,35.7,36.07,36.18,1.0,286367
2026-08-28,NASDAQ:WAFD,36.38,35.905,36.19,36.09,1.0,314699
2026-08-31,NASDAQ:WAFD,36.09,35.6,36.04,35.76,1.0,452991
2026-09-01,NASDAQ:WAFD,35.9,35.21,35.69,35.38,1.0,431031
2026-09-02,NASDAQ:WAFD,36.32,35.505,35.59,35.94,1.0,473507
2026-09-03,NASDAQ:WAFD,36.36,35.94,36.0,35.98,1.0,440875
2026-09-04,NASDAQ:WAFD,36.415,35.8,35.89,36.3,1.0,491347
2026-09-08,NASDAQ:WAFD,37.16,33.8,36.69,34.28,1.0,3713090
2026-09-09,NASDAQ:WAFD,34.58,33.66,34.05,33.85,1.0,1321374
2026-09-10,NASDAQ:WAFD,34.11,33.4,33.945,34.1,1.0,1632406
2026-09-11,NASDAQ:WAFD,34.45,33.72,34.44,33.88,1.0,1000243
2026-09-14,NASDAQ:WAFD,34.22,33.54,33.88,33.61,1.0,1497886
2026-09-15,NASDAQ:WAFD,33.745,32.91,33.59,33.01,1.0,1577156
2026-09-16,NASDAQ:WAFD,33.355,32.545,33.09,32.79,1.0,1425451
2026-09-17,NASDAQ:WAFD,33.11,32.46,33.11,32.54,1.0,1301675
2026-09-18,NASDAQ:WAFD,32.44,32.1,32.35,32.39,1.0,3037634
2026-09-21,NASDAQ:WAFD,32.64,32.15,32.48,32.29,1.0,1509754
2026-09-22,NASDAQ:WAFD,32.64,31.46,32.58,31.51,1.0,1607498
2026-09-23,NASDAQ:WAFD,31.665,30.62,31.44,30.7,1.0,1433199
2026-09-24,NASDAQ:WAFD,31.0,30.54,30.86,30.91,1.0,1457491
2026-09-25,NASDAQ:WAFD,31.52,30.88,30.96,31.35,1.0,1669857
2026-08-24,NASDAQ:CFFN,8.6,8.52,8.59,8.53,1.0,628532
2026-08-25,NASDAQ:CFFN,8.665,8.5,8.57,8.54,1.0,741616
2026-08-26,NASDAQ:CFFN,8.69,8.515,8.58,8.66,1.0,771210
2026-08-27,NASDAQ:CFFN,8.685,8.535,8.6,8.64,1.0,664226
2026-08-28,NASDAQ:CFFN,8.715,8.645,8.68,8.66,1.0,696811
2026-08-31,NASDAQ:CFFN,8.66,8.565,8.66,8.61,1.0,642215
2026-09-01,NASDAQ:CFFN,8.645,8.475,8.58,8.55,1.0,750952
2026-09-02,NASDAQ:CFFN,8.76,8.575,8.62,8.69,1.0,784953
2026-09-03,NASDAQ:CFFN,8.83,8.665,8.74,8.8,1.0,805135
2026-09-04,NASDAQ:CFFN,8.89,8.755,8.77,8.87,1.0,1091795
2026-09-08,NASDAQ:CFFN,8.86,8.765,8.84,8.8,1.0,695315
2026-09-09,NASDAQ:CFFN,8.825,8.6801,8.73,8.77,1.0,782235
2026-09-10,NASDAQ:CFFN,8.81,8.665,8.73,8.8,1.0,593281
2026-09-11,NASDAQ:CFFN,8.93,8.74,8.88,8.82,1.0,672414
2026-09-14,NASDAQ:CFFN,8.93,8.79,8.79,8.91,1.0,835059
2026-09-15,NASDAQ:CFFN,8.94,8.77,8.77,8.87,1.0,962641
2026-09-16,NASDAQ:CFFN,8.93,8.68,8.87,8.86,1.0,976779
2026-09-17,NASDAQ:CFFN,8.97,8.82,8.97,8.83,1.0,691501
2026-09-18,NASDAQ:CFFN,8.92,8.715,8.83,8.9,1.0,3166803
2026-09-21,NASDAQ:CFFN,8.95,8.825,8.92,8.85,1.0,628738
2026-09-22,NASDAQ:CFFN,8.95,8.805,8.91,8.83,1.0,1226325
2026-09-23,NASDAQ:CFFN,8.83,8.68,8.81,8.69,1.0,743512
2026-09-24,NASDAQ:CFFN,8.72,8.485,8.68,8.66,1.0,978028
2026-09-25,NASDAQ:CFFN,8.755,8.66,8.69,8.68,1.0,1274496
2026-08-24,NASDAQ:NKSH,41.82,40.78,41.29,41.34,1.0,21572
2026-08-25,NASDAQ:NKSH,41.5,40.05,41.5,40.94,1.0,42602
2026-08-26,NASDAQ:NKSH,41.235,40.3183,41.205,40.78,1.0,39423
2026-08-27,NASDAQ:NKSH,41.16,40.305,40.71,40.7,1.0,31282
2026-08-28,NASDAQ:NKSH,41.58,40.7,40.7,40.94,1.0,26946
2026-08-31,NASDAQ:NKSH,41.255,40.4564,40.4564,41.2,1.0,32965
2026-09-01,NASDAQ:NKSH,41.4,38.7,40.7,40.205,1.0,31020
2026-09-02,NASDAQ:NKSH,41.68,40.05,40.5,41.47,1.0,32956
2026-09-03,NASDAQ:NKSH,42.2,41.66,41.74,41.84,1.0,48402
2026-09-04,NASDAQ:NKSH,42.375,41.71,41.795,42.07,1.0,34770
2026-09-08,NASDAQ:NKSH,42.29,41.25,41.9,41.79,1.0,63606
2026-09-09,NASDAQ:NKSH,42.14,41.55,41.78,42.01,1.0,29599
2026-09-10,NASDAQ:NKSH,42.59,41.665,41.99,42.48,1.0,42227
2026-09-11,NASDAQ:NKSH,43.0,42.19,42.9,42.84,1.0,46306
2026-09-14,NASDAQ:NKSH,43.31,42.64,42.84,42.85,1.0,38201
2026-09-15,NASDAQ:NKSH,43.3,42.67,43.15,43.3,1.0,48928
2026-09-16,NASDAQ:NKSH,43.3,42.0,43.15,42.41,1.0,32925
2026-09-17,NASDAQ:NKSH,43.18,42.31,42.86,42.44,1.0,14585
2026-09-18,NASDAQ:NKSH,42.77,42.16,42.44,42.59,1.0,45478
2026-09-21,NASDAQ:NKSH,42.77,42.37,42.58,42.66,1.0,14620
2026-09-22,NASDAQ:NKSH,43.235,42.25,42.94,42.83,1.0,25386
2026-09-23,NASDAQ:NKSH,42.935,41.43,42.54,41.49,1.0,17183
2026-09-24,NASDAQ:NKSH,42.43,41.41,41.41,42.22,1.0,42114
2026-09-25,NASDAQ:NKSH,42.935,42.2,42.63,42.37,1.0,18258
2026-08-24,NASDAQ:OPBK,15.46,15.33,15.38,15.33,1.0,30980
2026-08-25,NASDAQ:OPBK,15.28,15.14,15.22,15.24,1.0,27975
2026-08-26,NASDAQ:OPBK,15.26,15.0,15.26,15.03,1.0,41137
2026-08-27,NASDAQ:OPBK,15.195,14.78,14.94,15.17,1.0,35724
2026-08-28,NASDAQ:OPBK,15.265,15.04,15.13,15.13,1.0,35944
2026-08-31,NASDAQ:OPBK,15.15,14.94,15.15,15.01,1.0,43089
2026-09-01,NASDAQ:OPBK,15.1,14.92,14.97,14.99,1.0,35511
2026-09-02,NASDAQ:OPBK,15.31,14.91,14.99,15.17,1.0,43580
2026-09-03,NASDAQ:OPBK,15.45,15.26,15.26,15.35,1.0,20230
2026-09-04,NASDAQ:OPBK,15.5,15.26,15.26,15.46,1.0,35414
2026-09-08,NASDAQ:OPBK,15.48,15.21,15.45,15.22,1.0,32909
2026-09-09,NASDAQ:OPBK,15.255,14.955,15.13,15.2,1.0,37871
2026-09-10,NASDAQ:OPBK,15.33,15.06,15.33,15.26,1.0,23075
2026-09-11,NASDAQ:OPBK,15.49,15.1001,15.3,15.36,1.0,61888
2026-09-14,NASDAQ:OPBK,15.575,15.3101,15.36,15.4,1.0,37766
2026-09-15,NASDAQ:OPBK,15.48,15.35,15.38,15.48,1.0,63355
2026-09-16,NASDAQ:OPBK,15.555,15.18,15.47,15.4,1.0,74931
2026-09-17,NASDAQ:OPBK,15.665,15.2,15.5,15.42,1.0,58426
2026-09-18,NASDAQ:OPBK,15.45,15.08,15.33,15.41,1.0,149519
2026-09-21,NASDAQ:OPBK,15.5,15.26,15.4,15.29,1.0,55132
2026-09-22,NASDAQ:OPBK,15.445,15.25,15.37,15.37,1.0,60171
2026-09-23,NASDAQ:OPBK,15.31,14.8519,15.31,14.88,1.0,48125
2026-09-24,NASDAQ:OPBK,15.13,14.85,14.92,15.11,1.0,30702
2026-09-25,NASDAQ:OPBK,15.2599,15.01,15.09,15.18,1.0,30634
2026-08-24,NASDAQ:FFBC,33.33,32.58,33.1,32.94,1.0,443763
2026-08-25,NASDAQ:FFBC,33.11,32.635,33.0,32.66,1.0,422426
2026-08-26,NASDAQ:FFBC,32.9,32.575,32.83,32.77,1.0,588137
2026-08-27,NASDAQ:FFBC,32.81,32.22,32.49,32.73,1.0,402723
2026-08-28,NASDAQ:FFBC,32.89,32.6,32.75,32.82,1.0,958172
2026-08-31,NASDAQ:FFBC,32.82,32.51,32.68,32.63,1.0,768881
2026-09-01,NASDAQ:FFBC,32.5,31.89,32.35,32.02,1.0,788015
2026-09-02,NASDAQ:FFBC,32.92,32.125,32.16,32.67,1.0,814375
2026-09-03,NASDAQ:FFBC,33.125,32.72,32.72,32.83,1.0,645817
2026-09-04,NASDAQ:FFBC,33.16,32.72,32.73,32.98,1.0,613504
2026-09-08,NASDAQ:FFBC,32.891,32.58,32.8,32.61,1.0,649650
2026-09-09,NASDAQ:FFBC,32.595,32.11,32.4,32.21,1.0,792460
2026-09-10,NASDAQ:FFBC,32.53,31.94,32.21,32.53,1.0,626549
2026-09-11,NASDAQ:FFBC,32.91,32.22,32.87,32.5,1.0,719327
2026-09-14,NASDAQ:FFBC,32.9,32.45,32.5,32.74,1.0,657268
2026-09-15,NASDAQ:FFBC,33.04,32.545,32.69,32.67,1.0,752364
2026-09-16,NASDAQ:FFBC,32.74,31.595,32.65,32.18,1.0,1221585
2026-09-17,NASDAQ:FFBC,32.52,32.09,32.48,32.115,1.0,659504
2026-09-18,NASDAQ:FFBC,32.17,31.74,32.07,32.09,1.0,2530185
2026-09-21,NASDAQ:FFBC,32.24,31.71,32.11,31.74,1.0,727628
2026-09-22,NASDAQ:FFBC,32.03,31.31,31.99,31.33,1.0,1262748
2026-09-23,NASDAQ:FFBC,31.585,31.19,31.35,31.22,1.0,1023964
2026-09-24,NASDAQ:FFBC,31.651999999999997,31.09,31.39,31.55,1.0,952647
2026-09-25,NASDAQ:FFBC,32.67,32.07,32.15,32.4,1.0,1813270
2026-08-24,NASDAQ:WASH,40.0,39.655,39.74,39.72,1.0,202235
2026-08-25,NASDAQ:WASH,39.89,39.27,39.89,39.56,1.0,77722
2026-08-26,NASDAQ:WASH,39.81,39.495,39.68,39.73,1.0,81755
2026-08-27,NASDAQ:WASH,39.85,39.0,39.54,39.84,1.0,102723
2026-08-28,NASDAQ:WASH,40.125,39.42,39.93,39.47,1.0,177754
2026-08-31,NASDAQ:WASH,39.47,38.88,39.47,39.13,1.0,230755
2026-09-01,NASDAQ:WASH,39.31,38.49,39.01,38.56,1.0,158143
2026-09-02,NASDAQ:WASH,39.6,38.47,38.8,39.46,1.0,132859
2026-09-03,NASDAQ:WASH,40.1,39.52,39.79,39.75,1.0,119798
2026-09-04,NASDAQ:WASH,40.54,39.6,39.6,40.26,1.0,154939
2026-09-08,NASDAQ:WASH,40.2824,39.64,40.11,39.78,1.0,117987
2026-09-09,NASDAQ:WASH,39.58,39.075,39.42,39.36,1.0,161835
2026-09-10,NASDAQ:WASH,39.91,39.04,39.3,39.85,1.0,113907
2026-09-11,NASDAQ:WASH,40.28,39.6,40.28,39.99,1.0,113650
2026-09-14,NASDAQ:WASH,40.42,39.69,39.85,39.86,1.0,132956
2026-09-15,NASDAQ:WASH,40.4,39.68,39.89,40.13,1.0,107708
2026-09-16,NASDAQ:WASH,40.18,38.54,40.18,39.23,1.0,126615
2026-09-17,NASDAQ:WASH,39.59,39.005,39.48,39.4,1.0,86138
2026-09-18,NASDAQ:WASH,39.43,38.625,39.14,39.31,1.0,320037
2026-09-21,NASDAQ:WASH,39.635,39.14,39.54,39.16,1.0,113473
2026-09-22,NASDAQ:WASH,39.66,38.7706,39.45,38.91,1.0,118264
2026-09-23,NASDAQ:WASH,38.8,38.07,38.73,38.24,1.0,101027
2026-09-24,NASDAQ:WASH,38.77,38.0251,38.43,38.72,1.0,78701
2026-09-25,NASDAQ:WASH,39.29,38.7,38.96,38.86,1.0,106293
2026-08-24,NYSE:BWLP,24.76,24.305,24.44,24.61,1.0,259188
2026-08-25,NYSE:BWLP,25.475,24.74,25.2,24.8,1.0,559930
2026-08-26,NYSE:BWLP,24.03,23.4101,23.93,23.53,1.0,409858
2026-08-27,NYSE:BWLP,24.52,23.71,23.71,24.41,1.0,523355
2026-08-28,NYSE:BWLP,24.175,23.49,23.5,23.94,1.0,394472
2026-08-31,NYSE:BWLP,24.365,23.77,24.34,24.25,1.0,362308
2026-09-01,NYSE:BWLP,24.68,23.15,24.28,24.21,1.0,807320
2026-09-02,NYSE:BWLP,24.35,22.94,22.99,24.35,1.0,1004579
2026-09-03,NYSE:BWLP,24.705,24.34,24.68,24.61,1.0,503592
2026-09-04,NYSE:BWLP,25.1968,24.61,24.76,24.86,1.0,573679
2026-09-08,NYSE:BWLP,24.7,23.67,24.57,23.91,1.0,768686
2026-09-09,NYSE:BWLP,24.58,23.825,24.34,24.47,1.0,305847
2026-09-10,NYSE:BWLP,25.08,24.64,24.94,25.0,1.0,516378
2026-09-11,NYSE:BWLP,25.37,24.8,24.94,25.13,1.0,543316
2026-09-14,NYSE:BWLP,25.2,24.55,25.2,25.11,1.0,352770
2026-09-15,NYSE:BWLP,25.92,25.1,25.16,25.82,1.0,444963
2026-09-16,NYSE:BWLP,26.295,25.32,25.42,25.84,1.0,547179
2026-09-17,NYSE:BWLP,26.47,25.7,25.85,26.14,1.0,316600
2026-09-18,NYSE:BWLP,25.91,25.38,25.55,25.66,1.0,426080
2026-09-21,NYSE:BWLP,25.75,24.88,25.26,25.29,1.0,486180
2026-09-22,NYSE:BWLP,25.04,24.315,24.82,24.44,1.0,505490
2026-09-23,NYSE:BWLP,24.75,24.12,24.74,24.3,1.0,263736
2026-09-24,NYSE:BWLP,24.62,24.02,24.43,24.06,1.0,288966
2026-09-25,NYSE:BWLP,24.45,23.95,24.19,24.23,1.0,246225
2026-08-24,NYSE:TU,9.9,9.8,9.87,9.83,1.0,3798687
2026-08-25,NYSE:TU,9.86,9.72,9.76,9.83,1.0,4118409
2026-08-26,NYSE:TU,9.8,9.64,9.76,9.7,1.0,5415927
2026-08-27,NYSE:TU,9.87,9.62,9.67,9.76,1.0,5659282
2026-08-28,NYSE:TU,9.85,9.51,9.77,9.67,1.0,6150874
2026-08-31,NYSE:TU,9.785,9.64,9.73,9.68,1.0,5429771
2026-09-01,NYSE:TU,9.74,9.59,9.66,9.65,1.0,5321280
2026-09-02,NYSE:TU,9.77,9.55,9.68,9.57,1.0,4587381
2026-09-03,NYSE:TU,9.78,9.62,9.68,9.74,1.0,6288007
2026-09-04,NYSE:TU,9.73,9.62,9.72,9.67,1.0,5456877
2026-09-08,NYSE:TU,9.71,9.585,9.66,9.65,1.0,5447926
2026-09-09,NYSE:TU,9.69,9.445,9.67,9.46,1.0,6558413
2026-09-10,NYSE:TU,9.405,9.06,9.35,9.09,1.0,6696816
2026-09-11,NYSE:TU,9.185,9.01,9.05,9.1,1.0,5355471
2026-09-14,NYSE:TU,9.19,8.96,9.09,9.16,1.0,7604169
2026-09-15,NYSE:TU,9.175,9.0,9.09,9.08,1.0,4675500
2026-09-16,NYSE:TU,9.07,8.845,9.07,8.88,1.0,10747591
2026-09-17,NYSE:TU,9.015,8.87,8.98,8.91,1.0,4943585
2026-09-18,NYSE:TU,8.88,8.73,8.85,8.75,1.0,11172037
2026-09-21,NYSE:TU,8.89,8.6712,8.89,8.68,1.0,6543338
2026-09-22,NYSE:TU,8.73,8.58,8.69,8.58,1.0,5590555
2026-09-23,NYSE:TU,8.58,8.405,8.55,8.5,1.0,6668739
2026-09-24,NYSE:TU,8.58,8.4,8.51,8.52,1.0,6067414
2026-09-25,NYSE:TU,8.5301,8.4,8.49,8.48,1.0,5236545
2026-08-24,NYSE:BBVA,29.32,29.07,29.08,29.21,1.0,1242034
2026-08-25,NYSE:BBVA,28.95,28.6316,28.88,28.95,1.0,985869
2026-08-26,NYSE:BBVA,29.2,28.99,29.2,29.03,1.0,1245853
2026-08-27,NYSE:BBVA,28.96,28.67,28.93,28.69,1.0,900037
2026-08-28,NYSE:BBVA,29.07,28.87,28.99,29.0,1.0,1741211
2026-08-31,NYSE:BBVA,29.18,28.9,29.15,28.96,1.0,800993
2026-09-01,NYSE:BBVA,29.06,28.59,28.95,28.64,1.0,1240432
2026-09-02,NYSE:BBVA,29.18,28.94,29.04,29.16,1.0,974204
2026-09-03,NYSE:BBVA,29.64,29.31,29.43,29.64,1.0,1204267
2026-09-04,NYSE:BBVA,29.56,29.27,29.27,29.51,1.0,743147
2026-09-08,NYSE:BBVA,29.465,29.25,29.41,29.29,1.0,829444
2026-09-09,NYSE:BBVA,29.13,28.87,28.96,29.08,1.0,1077692
2026-09-10,NYSE:BBVA,29.125,28.78,28.99,28.84,1.0,777384
2026-09-11,NYSE:BBVA,29.55,29.26,29.34,29.55,1.0,979279
2026-09-14,NYSE:BBVA,29.225,28.74,29.05,29.1,1.0,1144256
2026-09-15,NYSE:BBVA,28.955,28.5801,28.9,28.83,1.0,943136
2026-09-16,NYSE:BBVA,28.685,27.935,28.54,28.1,1.0,1857102
2026-09-17,NYSE:BBVA,28.92,28.605,28.68,28.83,1.0,1205458
2026-09-18,NYSE:BBVA,28.46,28.13,28.27,28.36,1.0,2403078
2026-09-21,NYSE:BBVA,28.97,28.73,28.81,28.91,1.0,826742
2026-09-22,NYSE:BBVA,29.05,28.4638,29.04,28.67,1.0,1142348
2026-09-23,NYSE:BBVA,28.53,28.07,28.47,28.09,1.0,1141837
2026-09-24,NYSE:BBVA,28.585,28.225,28.38,28.47,1.0,1662217
2026-09-25,NYSE:BBVA,28.93,28.48,28.66,28.87,1.0,1758604
2026-08-24,NASDAQ:PKBK,34.44,33.9,34.18,33.97,1.0,44865
2026-08-25,NASDAQ:PKBK,34.1072,33.75,34.04,34.0,1.0,23872
2026-08-26,NASDAQ:PKBK,34.225,33.6,33.86,33.72,1.0,36122
2026-08-27,NASDAQ:PKBK,33.765,33.12,33.49,33.61,1.0,59062
2026-08-28,NASDAQ:PKBK,34.24,33.58,33.58,33.99,1.0,32239
2026-08-31,NASDAQ:PKBK,34.305,33.58,33.98,33.75,1.0,51015
2026-09-01,NASDAQ:PKBK,33.7709,33.24,33.71,33.44,1.0,17717
2026-09-02,NASDAQ:PKBK,34.32,33.125,33.6,34.0,1.0,47365
2026-09-03,NASDAQ:PKBK,34.589,34.04,34.23,34.04,1.0,24819
2026-09-04,NASDAQ:PKBK,34.61,33.85,33.85,34.58,1.0,24815
2026-09-08,NASDAQ:PKBK,34.6767,33.91,34.44,34.23,1.0,39063
2026-09-09,NASDAQ:PKBK,34.355,33.585,33.89,33.93,1.0,46646
2026-09-10,NASDAQ:PKBK,34.7,33.875,33.99,34.59,1.0,40987
2026-09-11,NASDAQ:PKBK,35.5994,34.09,34.7,34.72,1.0,39915
2026-09-14,NASDAQ:PKBK,35.1,34.49,34.8,34.62,1.0,42934
2026-09-15,NASDAQ:PKBK,34.9081,34.46,34.7186,34.76,1.0,38016
2026-09-16,NASDAQ:PKBK,34.87,33.37,34.87,34.47,1.0,42856
2026-09-17,NASDAQ:PKBK,34.88,33.89,34.67,34.24,1.0,32548
2026-09-18,NASDAQ:PKBK,34.2645,33.45,34.07,33.87,1.0,106685
2026-09-21,NASDAQ:PKBK,34.155,33.7001,33.99,33.94,1.0,33504
2026-09-22,NASDAQ:PKBK,34.48,33.67,34.08,33.94,1.0,29498
2026-09-23,NASDAQ:PKBK,33.83,33.24,33.83,33.35,1.0,34875
2026-09-24,NASDAQ:PKBK,33.82,33.23,33.44,33.78,1.0,26994
2026-09-25,NASDAQ:PKBK,34.05,33.6,33.86,33.77,1.0,30971
2026-08-24,NYSE:IIPR,57.7,55.88,56.78,56.8,1.0,418843
2026-08-25,NYSE:IIPR,57.67,56.68,57.13,57.63,1.0,472939
2026-08-26,NYSE:IIPR,57.96,56.91,57.61,57.04,1.0,180355
2026-08-27,NYSE:IIPR,57.33,56.36,57.0,56.42,1.0,312278
2026-08-28,NYSE:IIPR,57.128,56.31,56.72,56.31,1.0,324242
2026-08-31,NYSE:IIPR,57.35,55.95,56.18,56.92,1.0,550563
2026-09-01,NYSE:IIPR,57.3,55.85,56.34,56.17,1.0,412760
2026-09-02,NYSE:IIPR,57.105,56.0,56.4,56.83,1.0,270589
2026-09-03,NYSE:IIPR,57.72,56.61,57.59,56.8,1.0,272831
2026-09-04,NYSE:IIPR,57.5,56.28,56.4,57.2,1.0,333383
2026-09-08,NYSE:IIPR,57.5,56.85,57.25,57.21,1.0,301370
2026-09-09,NYSE:IIPR,57.33,56.67,57.15,56.97,1.0,220867
2026-09-10,NYSE:IIPR,57.5,55.4,56.97,55.6,1.0,272008
2026-09-11,NYSE:IIPR,56.4971,55.6,55.81,56.25,1.0,181893
2026-09-14,NYSE:IIPR,56.9999,56.0,56.01,56.44,1.0,198982
2026-09-15,NYSE:IIPR,56.55,55.88,56.36,56.41,1.0,242371
2026-09-16,NYSE:IIPR,57.11,55.61,56.53,55.91,1.0,260407
2026-09-17,NYSE:IIPR,56.65,56.0,56.43,56.43,1.0,250324
2026-09-18,NYSE:IIPR,56.43,55.2,56.18,55.62,1.0,989353
2026-09-21,NYSE:IIPR,56.31,55.435,55.62,56.16,1.0,440091
2026-09-22,NYSE:IIPR,56.99,55.9,56.62,56.74,1.0,354146
2026-09-23,NYSE:IIPR,56.75,55.21,56.75,55.28,1.0,418385
2026-09-24,NYSE:IIPR,55.915,55.05,55.31,55.59,1.0,372184
2026-09-25,NYSE:IIPR,56.06,55.255,55.59,55.52,1.0,322402
2026-08-24,NASDAQ:SEVN,7.87,7.74,7.76,7.76,1.0,120659
2026-08-25,NASDAQ:SEVN,7.775,7.63,7.76,7.73,1.0,88834
2026-08-26,NASDAQ:SEVN,7.71,7.595,7.71,7.62,1.0,102931
2026-08-27,NASDAQ:SEVN,7.6677,7.555,7.6,7.6,1.0,151052
2026-08-28,NASDAQ:SEVN,7.67,7.56,7.6,7.58,1.0,109491
2026-08-31,NASDAQ:SEVN,7.66,7.54,7.55,7.57,1.0,209625
2026-09-01,NASDAQ:SEVN,7.59,7.455,7.56,7.48,1.0,199046
2026-09-02,NASDAQ:SEVN,7.54,7.415,7.54,7.42,1.0,161886
2026-09-03,NASDAQ:SEVN,7.575,7.42,7.49,7.51,1.0,147057
2026-09-04,NASDAQ:SEVN,7.61,7.495,7.5,7.54,1.0,92434
2026-09-08,NASDAQ:SEVN,7.5915,7.415,7.57,7.44,1.0,138835
2026-09-09,NASDAQ:SEVN,7.44,7.37,7.43,7.37,1.0,142360
2026-09-10,NASDAQ:SEVN,7.435,7.31,7.43,7.34,1.0,212815
2026-09-11,NASDAQ:SEVN,7.57,7.36,7.4,7.41,1.0,164943
2026-09-14,NASDAQ:SEVN,7.445,7.34,7.4,7.4,1.0,119550
2026-09-15,NASDAQ:SEVN,7.44,7.345,7.38,7.41,1.0,114737
2026-09-16,NASDAQ:SEVN,7.465,7.33,7.46,7.36,1.0,201965
2026-09-17,NASDAQ:SEVN,7.47,7.37,7.47,7.4,1.0,148522
2026-09-18,NASDAQ:SEVN,7.4,7.26,7.36,7.34,1.0,690572
2026-09-21,NASDAQ:SEVN,7.4099,7.3,7.33,7.33,1.0,144203
2026-09-22,NASDAQ:SEVN,7.475,7.3401,7.37,7.46,1.0,106546
2026-09-23,NASDAQ:SEVN,7.475,7.235,7.47,7.25,1.0,145952
2026-09-24,NASDAQ:SEVN,7.33,7.195,7.27,7.31,1.0,178778
2026-09-25,NASDAQ:SEVN,7.335,7.2238,7.29,7.32,1.0,103107
2026-08-24,NYSE:ORI,42.62,41.775,41.88,41.97,1.0,977083
2026-08-25,NYSE:ORI,42.13,41.46,41.97,42.11,1.0,1215431
2026-08-26,NYSE:ORI,42.59,42.13,42.18,42.45,1.0,820869
2026-08-27,NYSE:ORI,42.37,41.74,42.0,42.24,1.0,740210
2026-08-28,NYSE:ORI,42.555,41.935,42.42,42.07,1.0,801217
2026-08-31,NYSE:ORI,42.065,41.73,42.0,41.73,1.0,1746817
2026-09-01,NYSE:ORI,42.28,41.49,42.03,41.72,1.0,935231
2026-09-02,NYSE:ORI,42.32,41.88,41.99,42.09,1.0,995702
2026-09-03,NYSE:ORI,43.02,42.24,42.3,42.57,1.0,1094715
2026-09-04,NYSE:ORI,42.26,41.35,41.89,41.43,1.0,1388676
2026-09-08,NYSE:ORI,41.5895,40.63,40.94,40.77,1.0,1251865
2026-09-09,NYSE:ORI,40.92,40.25,40.6,40.83,1.0,1208943
2026-09-10,NYSE:ORI,41.29,40.655,41.11,40.84,1.0,1015637
2026-09-11,NYSE:ORI,41.275,40.5901,41.22,40.96,1.0,859388
2026-09-14,NYSE:ORI,41.85,41.045,41.41,41.33,1.0,1210485
2026-09-15,NYSE:ORI,41.385,40.85,41.29,41.06,1.0,1651760
2026-09-16,NYSE:ORI,41.29,40.58,40.94,40.9,1.0,1235155
2026-09-17,NYSE:ORI,41.04,40.44,41.04,40.5,1.0,1513690
2026-09-18,NYSE:ORI,40.355,39.81,40.26,39.95,1.0,3780966
2026-09-21,NYSE:ORI,40.2,39.21,40.01,39.22,1.0,1439288
2026-09-22,NYSE:ORI,39.26,38.48,39.26,38.78,1.0,1728614
2026-09-23,NYSE:ORI,39.0,38.24,38.67,38.26,1.0,1307563
2026-09-24,NYSE:ORI,38.72,37.88,38.45,37.94,1.0,1393854
2026-09-25,NYSE:ORI,38.07,37.545,38.04,37.74,1.0,1463886
2026-08-24,NYSE:UDR,38.59,37.875,37.96,38.39,1.0,2727570
2026-08-25,NYSE:UDR,38.445,38.04,38.37,38.17,1.0,2394477
2026-08-26,NYSE:UDR,38.27,37.92,38.26,37.93,1.0,3824222
2026-08-27,NYSE:UDR,37.86,37.08,37.73,37.08,1.0,3012329
2026-08-28,NYSE:UDR,37.3,37.02,37.25,37.12,1.0,1935767
2026-08-31,NYSE:UDR,37.06,36.72,36.97,36.95,1.0,2415864
2026-09-01,NYSE:UDR,37.18,36.64,36.9,36.87,1.0,2279141
2026-09-02,NYSE:UDR,37.145,36.37,37.01,36.59,1.0,2329269
2026-09-03,NYSE:UDR,36.955,36.325,36.82,36.37,1.0,2743845
2026-09-04,NYSE:UDR,36.67,36.13,36.13,36.38,1.0,2311328
2026-09-08,NYSE:UDR,36.51,36.005,36.25,36.11,1.0,4310061
2026-09-09,NYSE:UDR,36.26,35.325,36.2,35.4,1.0,7836531
2026-09-10,NYSE:UDR,35.645,34.825,35.56,35.14,1.0,4873895
2026-09-11,NYSE:UDR,35.45,34.995,35.31,35.12,1.0,3404565
2026-09-14,NYSE:UDR,35.44,34.87,35.2,35.37,1.0,3389068
2026-09-15,NYSE:UDR,35.25,34.85,35.15,34.91,1.0,6360572
2026-09-16,NYSE:UDR,35.1444,34.32,34.91,34.4,1.0,4168693
2026-09-17,NYSE:UDR,34.7043,34.18,34.58,34.21,1.0,4148489
2026-09-18,NYSE:UDR,34.225,33.865,34.15,33.9,1.0,6980255
2026-09-21,NYSE:UDR,34.01,33.68,33.97,33.89,1.0,3541317
2026-09-22,NYSE:UDR,34.415,33.82,34.06,34.1,1.0,4255580
2026-09-23,NYSE:UDR,34.095,33.625,33.95,33.79,1.0,5232343
2026-09-24,NYSE:UDR,34.02,33.395,33.87,33.55,1.0,3986140
2026-09-25,NYSE:UDR,33.94,33.3501,33.58,33.84,1.0,3649307
2026-08-24,NASDAQ:NWBI,15.5295,15.34,15.41,15.37,1.0,476536
2026-08-25,NASDAQ:NWBI,15.4,15.25,15.39,15.3,1.0,573085
2026-08-26,NASDAQ:NWBI,15.39,15.24,15.37,15.32,1.0,784903
2026-08-27,NASDAQ:NWBI,15.33,15.105,15.18,15.33,1.0,684210
2026-08-28,NASDAQ:NWBI,15.43,15.27,15.38,15.34,1.0,902525
2026-08-31,NASDAQ:NWBI,15.38,15.24,15.35,15.29,1.0,1037285
2026-09-01,NASDAQ:NWBI,15.375,15.0739,15.26,15.14,1.0,925989
2026-09-02,NASDAQ:NWBI,15.49,15.17,15.19,15.43,1.0,1245000
2026-09-03,NASDAQ:NWBI,15.65,15.46,15.49,15.51,1.0,1095540
2026-09-04,NASDAQ:NWBI,15.715,15.46,15.46,15.62,1.0,688135
2026-09-08,NASDAQ:NWBI,15.61,15.47,15.56,15.5,1.0,863663
2026-09-09,NASDAQ:NWBI,15.52,15.31,15.39,15.36,1.0,904602
2026-09-10,NASDAQ:NWBI,15.495,15.225,15.34,15.49,1.0,740797
2026-09-11,NASDAQ:NWBI,15.655,15.33,15.6,15.49,1.0,874981
2026-09-14,NASDAQ:NWBI,15.69,15.45,15.45,15.55,1.0,964833
2026-09-15,NASDAQ:NWBI,15.74,15.53,15.53,15.6,1.0,1048760
2026-09-16,NASDAQ:NWBI,15.615,15.16,15.56,15.45,1.0,1702389
2026-09-17,NASDAQ:NWBI,15.585,15.365,15.57,15.38,1.0,884369
2026-09-18,NASDAQ:NWBI,15.53,15.225,15.36,15.46,1.0,3911874
2026-09-21,NASDAQ:NWBI,15.515,15.3,15.45,15.3,1.0,814756
2026-09-22,NASDAQ:NWBI,15.48,15.18,15.42,15.21,1.0,975455
2026-09-23,NASDAQ:NWBI,15.25,15.02,15.19,15.04,1.0,1123564
2026-09-24,NASDAQ:NWBI,15.2,14.95,15.11,15.18,1.0,915335
2026-09-25,NASDAQ:NWBI,15.35,15.2,15.24,15.31,1.0,813267
2026-08-24,NYSE:CIM,11.665,11.525,11.59,11.62,1.0,1143699
2026-08-25,NYSE:CIM,11.65,11.5,11.63,11.61,1.0,777965
2026-08-26,NYSE:CIM,11.63,11.43,11.63,11.48,1.0,654751
2026-08-27,NYSE:CIM,11.585,11.43,11.45,11.51,1.0,511372
2026-08-28,NYSE:CIM,11.64,11.495,11.57,11.5,1.0,723011
2026-08-31,NYSE:CIM,11.605,11.41,11.49,11.46,1.0,615503
2026-09-01,NYSE:CIM,11.45,11.3,11.45,11.3,1.0,958295
2026-09-02,NYSE:CIM,11.505,11.35,11.42,11.48,1.0,585855
2026-09-03,NYSE:CIM,11.62,11.45,11.59,11.57,1.0,1122377
2026-09-04,NYSE:CIM,11.685,11.51,11.51,11.64,1.0,651742
2026-09-08,NYSE:CIM,11.68,11.58,11.61,11.59,1.0,721764
2026-09-09,NYSE:CIM,11.635,11.49,11.56,11.5,1.0,935392
2026-09-10,NYSE:CIM,11.475,11.17,11.45,11.18,1.0,1914948
2026-09-11,NYSE:CIM,11.26,11.0608,11.24,11.13,1.0,1434391
2026-09-14,NYSE:CIM,11.25,10.99,11.12,11.08,1.0,965817
2026-09-15,NYSE:CIM,11.16,10.86,11.05,10.86,1.0,1473690
2026-09-16,NYSE:CIM,11.03,10.84,10.92,10.89,1.0,1323174
2026-09-17,NYSE:CIM,11.165,11.0,11.04,11.0,1.0,1051813
2026-09-18,NYSE:CIM,10.975,10.85,10.96,10.87,1.0,2350900
2026-09-21,NYSE:CIM,11.075,10.92,11.0,11.02,1.0,1421487
2026-09-22,NYSE:CIM,11.225,11.065,11.08,11.15,1.0,833234
2026-09-23,NYSE:CIM,11.155,10.75,11.15,10.75,1.0,1601078
2026-09-24,NYSE:CIM,10.79,10.375,10.75,10.41,1.0,1661608
2026-09-25,NYSE:CIM,10.49,10.21,10.45,10.34,1.0,1730783
2026-08-24,NYSE:WU,7.49,7.3,7.32,7.32,1.0,9630371
2026-08-25,NYSE:WU,7.4288,7.225,7.29,7.34,1.0,5365816
2026-08-26,NYSE:WU,7.34,7.23,7.32,7.26,1.0,4134500
2026-08-27,NYSE:WU,7.28,7.17,7.25,7.21,1.0,6376406
2026-08-28,NYSE:WU,7.3,7.2,7.22,7.24,1.0,6769258
2026-08-31,NYSE:WU,7.24,7.07,7.24,7.16,1.0,12438951
2026-09-01,NYSE:WU,7.25,6.98,7.098,7.06,1.0,10776577
2026-09-02,NYSE:WU,7.36,7.06,7.08,7.3,1.0,7942338
2026-09-03,NYSE:WU,7.4239999999999995,7.19,7.39,7.25,1.0,5810694
2026-09-04,NYSE:WU,7.24,7.135,7.2,7.18,1.0,6151716
2026-09-08,NYSE:WU,7.21,7.0,7.21,7.0,1.0,6620292
2026-09-09,NYSE:WU,7.04,6.825,7.01,6.94,1.0,8376704
2026-09-10,NYSE:WU,7.0,6.88,6.92,6.89,1.0,5283759
2026-09-11,NYSE:WU,6.98,6.87,6.9,6.93,1.0,4628307
2026-09-14,NYSE:WU,7.11,7.015,7.03,7.03,1.0,5172959
2026-09-15,NYSE:WU,7.03,6.845,7.03,6.85,1.0,10754430
2026-09-16,NYSE:WU,6.65,6.49,6.65,6.54,1.0,9634121
2026-09-17,NYSE:WU,6.62,6.46,6.62,6.53,1.0,8325217
2026-09-18,NYSE:WU,6.5,6.165,6.5,6.18,1.0,26710259
2026-09-21,NYSE:WU,6.37,6.14,6.23,6.2,1.0,11690063
2026-09-22,NYSE:WU,6.355,6.2,6.29,6.22,1.0,8314556
2026-09-23,NYSE:WU,6.235,6.085,6.19,6.09,1.0,8122993
2026-09-24,NYSE:WU,6.1295,5.94,6.11,6.03,1.0,13024773
2026-09-25,NYSE:WU,6.275,6.0401,6.05,6.19,1.0,8239502
2026-08-24,NASDAQ:NRIM,26.13,25.7,25.87,25.77,1.0,98797
2026-08-25,NASDAQ:NRIM,26.3,25.38,25.79,25.545,1.0,80932
2026-08-26,NASDAQ:NRIM,25.82,25.37,25.61,25.63,1.0,65328
2026-08-27,NASDAQ:NRIM,25.805,25.25,25.61,25.8,1.0,77154
2026-08-28,NASDAQ:NRIM,26.38,25.63,25.83,25.65,1.0,123647
2026-08-31,NASDAQ:NRIM,25.88,25.28,25.75,25.57,1.0,128152
2026-09-01,NASDAQ:NRIM,25.71,25.13,25.42,25.38,1.0,104171
2026-09-02,NASDAQ:NRIM,26.0,25.32,25.43,25.79,1.0,165897
2026-09-03,NASDAQ:NRIM,26.375,25.89,26.0,25.97,1.0,96491
2026-09-04,NASDAQ:NRIM,26.45,25.75,25.87,26.45,1.0,128146
2026-09-08,NASDAQ:NRIM,26.47,26.0,26.45,26.03,1.0,188777
2026-09-09,NASDAQ:NRIM,26.47,25.8,26.01,26.04,1.0,112551
2026-09-10,NASDAQ:NRIM,26.05,25.54,25.8,26.05,1.0,156565
2026-09-11,NASDAQ:NRIM,26.31,25.89,26.31,26.16,1.0,99895
2026-09-14,NASDAQ:NRIM,26.49,26.05,26.14,26.1,1.0,202547
2026-09-15,NASDAQ:NRIM,26.2,25.75,26.11,26.0,1.0,227742
2026-09-16,NASDAQ:NRIM,26.03,24.94,25.93,25.56,1.0,189778
2026-09-17,NASDAQ:NRIM,25.97,25.44,25.81,25.48,1.0,85860
2026-09-18,NASDAQ:NRIM,25.58,25.075,25.28,25.44,1.0,268197
2026-09-21,NASDAQ:NRIM,25.665,25.22,25.43,25.22,1.0,118980
2026-09-22,NASDAQ:NRIM,25.47,24.92,25.47,25.1,1.0,150391
2026-09-23,NASDAQ:NRIM,25.17,24.52,25.01,24.53,1.0,103999
2026-09-24,NASDAQ:NRIM,24.77,24.28,24.66,24.62,1.0,335338
2026-09-25,NASDAQ:NRIM,25.135,24.61,24.67,24.98,1.0,179571
2026-08-24,NASDAQ:NWE,70.065,69.0,69.59,69.66,1.0,227925
2026-08-25,NASDAQ:NWE,71.25,69.55,69.92,70.88,1.0,326933
2026-08-26,NASDAQ:NWE,71.93,70.945,71.02,71.48,1.0,350010
2026-08-27,NASDAQ:NWE,71.29,70.425,70.83,71.01,1.0,363866
2026-08-28,NASDAQ:NWE,71.6,69.995,71.55,70.32,1.0,286788
2026-08-31,NASDAQ:NWE,69.92,68.88,69.3,69.16,1.0,351944
2026-09-01,NASDAQ:NWE,70.12,69.21,69.21,69.91,1.0,337212
2026-09-02,NASDAQ:NWE,70.83,69.22,69.61,70.19,1.0,479019
2026-09-03,NASDAQ:NWE,71.24,70.25,70.59,70.9,1.0,483028
2026-09-04,NASDAQ:NWE,71.225,70.32,70.4,70.78,1.0,403795
2026-09-08,NASDAQ:NWE,72.35,70.62,70.62,71.78,1.0,230818
2026-09-09,NASDAQ:NWE,71.84,70.35,71.84,70.57,1.0,243669
2026-09-10,NASDAQ:NWE,71.06,70.01,70.57,70.01,1.0,495372
2026-09-11,NASDAQ:NWE,70.99,69.13,70.99,69.24,1.0,291094
2026-09-14,NASDAQ:NWE,69.415,68.54,69.24,68.65,1.0,415629
2026-09-15,NASDAQ:NWE,68.8,67.345,68.65,67.98,1.0,577840
2026-09-16,NASDAQ:NWE,69.14,68.12,68.24,68.52,1.0,408392
2026-09-17,NASDAQ:NWE,69.88,68.75,69.25,69.3,1.0,441939
2026-09-18,NASDAQ:NWE,69.23,67.83,69.23,68.47,1.0,770244
2026-09-21,NASDAQ:NWE,71.255,68.85,68.85,69.83,1.0,605649
2026-09-22,NASDAQ:NWE,71.42,69.38,69.65,69.87,1.0,466896
2026-09-23,NASDAQ:NWE,69.83,68.6,69.83,68.7,1.0,416323
2026-09-24,NASDAQ:NWE,69.0,67.9,68.6,68.07,1.0,450610
2026-09-25,NASDAQ:NWE,69.22,67.79,68.01,68.84,1.0,883019
2026-08-24,NASDAQ:INDB,84.52,83.34,83.66,83.48,1.0,365675
2026-08-25,NASDAQ:INDB,83.735,82.77,83.48,83.19,1.0,303505
2026-08-26,NASDAQ:INDB,83.48,82.62,83.48,82.78,1.0,235579
2026-08-27,NASDAQ:INDB,82.57,81.0805,82.27,82.42,1.0,194971
2026-08-28,NASDAQ:INDB,83.4199,81.745,82.66,82.06,1.0,195391
2026-08-31,NASDAQ:INDB,82.06,81.02,81.99,81.18,1.0,147667
2026-09-01,NASDAQ:INDB,81.44,79.69,81.06,79.94,1.0,185369
2026-09-02,NASDAQ:INDB,82.35,79.87,80.39,81.65,1.0,285397
2026-09-03,NASDAQ:INDB,82.99,82.02,82.02,82.88,1.0,269844
2026-09-04,NASDAQ:INDB,84.02,82.5,82.5,83.9,1.0,217102
2026-09-08,NASDAQ:INDB,83.46,82.24,83.46,82.54,1.0,283513
2026-09-09,NASDAQ:INDB,82.87,81.74,81.79,82.31,1.0,307396
2026-09-10,NASDAQ:INDB,82.83,81.31,82.19,82.8,1.0,398970
2026-09-11,NASDAQ:INDB,84.02,81.8,83.77,82.74,1.0,274963
2026-09-14,NASDAQ:INDB,83.9,82.47,82.8,83.43,1.0,307214
2026-09-15,NASDAQ:INDB,84.34,83.38,83.38,83.64,1.0,376285
2026-09-16,NASDAQ:INDB,83.81,81.07,83.64,82.475,1.0,448650
2026-09-17,NASDAQ:INDB,83.26,81.99,83.26,82.42,1.0,329029
2026-09-18,NASDAQ:INDB,82.53,81.2,81.98,82.24,1.0,1258906
2026-09-21,NASDAQ:INDB,82.495,81.17,82.3,81.2,1.0,327521
2026-09-22,NASDAQ:INDB,81.865,80.28,81.865,80.3,1.0,371266
2026-09-23,NASDAQ:INDB,80.9,79.75,79.91,79.79,1.0,295510
2026-09-24,NASDAQ:INDB,80.66,79.34,80.28,80.24,1.0,346730
2026-09-25,NASDAQ:INDB,81.74,80.69,80.82,81.2,1.0,275062
2026-08-24,NYSE:BLX,54.02,52.96,53.34,53.65,1.0,192529
2026-08-25,NYSE:BLX,54.71,53.65,53.88,54.58,1.0,140795
2026-08-26,NYSE:BLX,55.13,54.415,54.69,54.52,1.0,122282
2026-08-27,NYSE:BLX,54.98,54.08,54.11,54.76,1.0,120433
2026-08-28,NYSE:BLX,55.195,54.22,54.67,54.54,1.0,115733
2026-08-31,NYSE:BLX,54.739,53.64,54.6,53.92,1.0,230834
2026-09-01,NYSE:BLX,54.735,53.54,53.72,54.22,1.0,96749
2026-09-02,NYSE:BLX,55.75,54.47,55.195,55.41,1.0,142248
2026-09-03,NYSE:BLX,55.99,55.53,55.76,55.84,1.0,124649
2026-09-04,NYSE:BLX,56.255,55.165,55.54,55.64,1.0,136890
2026-09-08,NYSE:BLX,56.43,55.11,55.64,56.33,1.0,148052
2026-09-09,NYSE:BLX,56.4899,55.055,56.33,55.35,1.0,186215
2026-09-10,NYSE:BLX,55.67,54.935,55.12,55.63,1.0,316772
2026-09-11,NYSE:BLX,56.315,55.14,56.21,55.29,1.0,193451
2026-09-14,NYSE:BLX,55.275,54.49,54.91,54.58,1.0,130713
2026-09-15,NYSE:BLX,55.2199,53.955,54.8,54.12,1.0,141238
2026-09-16,NYSE:BLX,54.57,52.94,54.06,53.61,1.0,214315
2026-09-17,NYSE:BLX,54.595,53.733999999999995,54.22,54.45,1.0,166117
2026-09-18,NYSE:BLX,54.87,53.695,54.2,53.83,1.0,218402
2026-09-21,NYSE:BLX,55.04,53.79,54.12,54.76,1.0,263463
2026-09-22,NYSE:BLX,56.01,54.82,55.12,55.55,1.0,307430
2026-09-23,NYSE:BLX,55.79,55.0,55.43,55.25,1.0,149314
2026-09-24,NYSE:BLX,55.54,54.19,55.05,54.66,1.0,158864
2026-09-25,NYSE:BLX,54.97,54.47,54.8,54.74,1.0,81573
2026-08-24,NYSE:BDN,3.195,3.02,3.02,3.18,1.0,2418191
2026-08-25,NYSE:BDN,3.29,3.19,3.19,3.28,1.0,2434461
2026-08-26,NYSE:BDN,3.305,3.21,3.29,3.22,1.0,1760607
2026-08-27,NYSE:BDN,3.23,3.09,3.23,3.1,1.0,1236085
2026-08-28,NYSE:BDN,3.11,3.06,3.08,3.06,1.0,1453360
2026-08-31,NYSE:BDN,3.07,3.0,3.05,3.02,1.0,2503807
2026-09-01,NYSE:BDN,3.05,2.97,3.01,2.99,1.0,1461602
2026-09-02,NYSE:BDN,3.06,2.98,3.01,3.03,1.0,1442247
2026-09-03,NYSE:BDN,3.14,3.02,3.08,3.05,1.0,2060123
2026-09-04,NYSE:BDN,3.14,3.02,3.02,3.12,1.0,1820361
2026-09-08,NYSE:BDN,3.1,3.045,3.09,3.06,1.0,1977278
2026-09-09,NYSE:BDN,3.06,2.95,3.06,2.98,1.0,2149470
2026-09-10,NYSE:BDN,2.995,2.935,2.97,2.97,1.0,1413871
2026-09-11,NYSE:BDN,3.025,2.955,3.0,3.01,1.0,1297165
2026-09-14,NYSE:BDN,3.0239,2.94,3.0,2.94,1.0,1426760
2026-09-15,NYSE:BDN,2.95,2.9,2.94,2.9,1.0,1540900
2026-09-16,NYSE:BDN,2.975,2.86,2.91,2.92,1.0,2370136
2026-09-17,NYSE:BDN,2.975,2.91,2.95,2.93,1.0,2292699
2026-09-18,NYSE:BDN,3.005,2.89,2.91,2.9,1.0,3919672
2026-09-21,NYSE:BDN,2.96,2.9,2.95,2.93,1.0,1771901
2026-09-22,NYSE:BDN,2.9689,2.91,2.95,2.95,1.0,943471
2026-09-23,NYSE:BDN,2.95,2.87,2.93,2.91,1.0,2059505
2026-09-24,NYSE:BDN,2.925,2.86,2.91,2.89,1.0,1761956
2026-09-25,NYSE:BDN,2.915,2.855,2.88,2.86,1.0,1616291
2026-08-24,NYSE:FLO,7.305,6.8219,6.96,7.28,1.0,8438357
2026-08-25,NYSE:FLO,7.36,7.0,7.25,7.11,1.0,6505340
2026-08-26,NYSE:FLO,7.355,7.1,7.13,7.17,1.0,5453753
2026-08-27,NYSE:FLO,7.13,6.91,7.13,6.98,1.0,6650712
2026-08-28,NYSE:FLO,7.125,6.97,6.99,7.1,1.0,5180539
2026-08-31,NYSE:FLO,7.125,6.9,7.05,6.92,1.0,9905340
2026-09-01,NYSE:FLO,6.985,6.615,6.92,6.69,1.0,9650743
2026-09-02,NYSE:FLO,6.87,6.665,6.745,6.68,1.0,7301512
2026-09-03,NYSE:FLO,6.6982,6.33,6.65,6.45,1.0,12129904
2026-09-04,NYSE:FLO,6.45,6.27,6.36,6.27,1.0,5675076
2026-09-08,NYSE:FLO,6.36,6.1,6.26,6.32,1.0,8528107
2026-09-09,NYSE:FLO,6.32,6.125,6.32,6.21,1.0,8240340
2026-09-10,NYSE:FLO,6.23,6.1,6.2,6.11,1.0,7809797
2026-09-11,NYSE:FLO,6.17,6.01,6.03,6.09,1.0,6309199
2026-09-14,NYSE:FLO,6.27,5.95,6.13,6.0,1.0,7762099
2026-09-15,NYSE:FLO,6.16,5.92,5.96,6.14,1.0,9058577
2026-09-16,NYSE:FLO,6.32,6.15,6.18,6.15,1.0,8798163
2026-09-17,NYSE:FLO,6.3,6.06,6.24,6.09,1.0,7432753
2026-09-18,NYSE:FLO,6.07,5.86,6.07,5.94,1.0,13248126
2026-09-21,NYSE:FLO,6.07,5.845,5.9,5.96,1.0,7905021
2026-09-22,NYSE:FLO,6.0799,5.87,6.05,5.88,1.0,8585947
2026-09-23,NYSE:FLO,5.97,5.74,5.91,5.81,1.0,8515045
2026-09-24,NYSE:FLO,5.9046,5.725,5.89,5.81,1.0,8325721
2026-09-25,NYSE:FLO,5.87,5.615,5.81,5.74,1.0,8229051
2026-08-24,NASDAQ:TCBK,55.4,54.33,55.4,54.52,1.0,283700
2026-08-25,NASDAQ:TCBK,54.58,53.56,54.52,53.88,1.0,243730
2026-08-26,NASDAQ:TCBK,54.37,53.96,53.96,54.15,1.0,202853
2026-08-27,NASDAQ:TCBK,54.015,53.25,53.82,53.87,1.0,216019
2026-08-28,NASDAQ:TCBK,54.26,53.71,54.07,53.81,1.0,150731
2026-08-31,NASDAQ:TCBK,53.99,53.23,53.82,53.38,1.0,220126
2026-09-01,NASDAQ:TCBK,53.71,52.54,53.31,52.7,1.0,241569
2026-09-02,NASDAQ:TCBK,54.28,53.02,53.1,53.83,1.0,205782
2026-09-03,NASDAQ:TCBK,54.45,53.845,54.28,54.31,1.0,228167
2026-09-04,NASDAQ:TCBK,54.68,54.04,54.04,54.4,1.0,219346
2026-09-08,NASDAQ:TCBK,54.44,53.93,54.35,53.97,1.0,187782
2026-09-09,NASDAQ:TCBK,53.89,52.945,53.5,53.54,1.0,209534
2026-09-10,NASDAQ:TCBK,53.97,52.84,53.35,53.67,1.0,228604
2026-09-11,NASDAQ:TCBK,54.01,53.06,53.89,53.53,1.0,342001
2026-09-14,NASDAQ:TCBK,54.03,53.369,53.53,53.64,1.0,237617
2026-09-15,NASDAQ:TCBK,54.07,53.37,53.615,53.82,1.0,287384
2026-09-16,NASDAQ:TCBK,54.02,52.5,53.86,53.43,1.0,241652
2026-09-17,NASDAQ:TCBK,54.05,53.385,53.93,53.7,1.0,164855
2026-09-18,NASDAQ:TCBK,54.04,53.13,53.4,53.61,1.0,470552
2026-09-21,NASDAQ:TCBK,54.07,52.9,53.57,53.03,1.0,521882
2026-09-22,NASDAQ:TCBK,53.535,52.3,53.455,52.32,1.0,343868
2026-09-23,NASDAQ:TCBK,52.5061,51.38,52.26,51.44,1.0,416348
2026-09-24,NASDAQ:TCBK,52.26,51.255,51.59,52.1,1.0,242591
2026-09-25,NASDAQ:TCBK,52.63,52.12,52.35,52.38,1.0,417904
2026-08-24,NYSE:RNST,41.92,41.34,41.5,41.42,1.0,463913
2026-08-25,NYSE:RNST,41.47,40.935,41.47,41.01,1.0,514857
2026-08-26,NYSE:RNST,41.215,40.51,40.77,41.04,1.0,638171
2026-08-27,NYSE:RNST,41.29,40.43,41.05,41.27,1.0,464532
2026-08-28,NYSE:RNST,41.9,41.08,41.46,41.09,1.0,588744
2026-08-31,NYSE:RNST,41.12,39.15,41.08,40.91,1.0,653077
2026-09-01,NYSE:RNST,40.97,39.8775,40.89,39.93,1.0,581695
2026-09-02,NYSE:RNST,41.18,40.24,40.32,40.65,1.0,705577
2026-09-03,NYSE:RNST,41.31,40.9,41.04,41.2,1.0,443796
2026-09-04,NYSE:RNST,41.66,41.12,41.12,41.4,1.0,389485
2026-09-08,NYSE:RNST,41.31,40.79,41.15,40.81,1.0,366152
2026-09-09,NYSE:RNST,40.94,40.245,40.63,40.43,1.0,455860
2026-09-10,NYSE:RNST,40.625,40.04,40.38,40.53,1.0,513346
2026-09-11,NYSE:RNST,41.3,40.27,41.05,40.77,1.0,506782
2026-09-14,NYSE:RNST,41.3,40.78,40.86,40.99,1.0,501638
2026-09-15,NYSE:RNST,41.38,40.865,40.92,40.96,1.0,509115
2026-09-16,NYSE:RNST,40.82,39.76,40.73,40.53,1.0,1046135
2026-09-17,NYSE:RNST,41.1,40.38,40.95,40.52,1.0,563104
2026-09-18,NYSE:RNST,40.64,40.0,40.31,40.62,1.0,1898009
2026-09-21,NYSE:RNST,40.97,40.42,40.76,40.52,1.0,1228653
2026-09-22,NYSE:RNST,40.91,39.75,40.89,39.76,1.0,927528
2026-09-23,NYSE:RNST,40.19,39.58,39.58,39.7,1.0,836159
2026-09-24,NYSE:RNST,40.235,39.79,39.95,40.05,1.0,637509
2026-09-25,NYSE:RNST,40.57,40.2,40.32,40.35,1.0,652312
2026-08-24,NYSE:EPR,61.0854,60.18,60.56,60.56,1.0,938321
2026-08-25,NYSE:EPR,60.98,60.31,60.61,60.33,1.0,895486
2026-08-26,NYSE:EPR,60.91,59.92,60.48,60.0,1.0,571828
2026-08-27,NYSE:EPR,59.82,59.31,59.82,59.61,1.0,551261
2026-08-28,NYSE:EPR,60.099,59.18,59.83,59.55,1.0,493646
2026-08-31,NYSE:EPR,59.17,58.61,59.05,58.71,1.0,903420
2026-09-01,NYSE:EPR,59.67,58.9833,59.18,59.36,1.0,718498
2026-09-02,NYSE:EPR,59.657,58.55,59.39,59.61,1.0,492837
2026-09-03,NYSE:EPR,60.54,59.68,59.95,60.48,1.0,592165
2026-09-04,NYSE:EPR,60.845,59.48,60.14,59.99,1.0,1260042
2026-09-08,NYSE:EPR,60.6,59.562,59.85,59.9,1.0,850796
2026-09-09,NYSE:EPR,60.2,59.28,60.09,59.67,1.0,1056023
2026-09-10,NYSE:EPR,60.06,58.56,59.87,59.33,1.0,1177804
2026-09-11,NYSE:EPR,59.64,58.75,59.64,59.18,1.0,876271
2026-09-14,NYSE:EPR,60.06,58.46,59.39,58.81,1.0,1050490
2026-09-15,NYSE:EPR,58.95,58.0,58.71,58.69,1.0,943440
2026-09-16,NYSE:EPR,59.2,56.23,58.63,57.01,1.0,1424072
2026-09-17,NYSE:EPR,57.41,56.7001,57.27,57.16,1.0,847611
2026-09-18,NYSE:EPR,57.12,56.46,57.12,56.72,1.0,1953669
2026-09-21,NYSE:EPR,57.58,56.62,56.62,57.43,1.0,748145
2026-09-22,NYSE:EPR,58.095,57.3,57.49,57.84,1.0,753134
2026-09-23,NYSE:EPR,57.66,56.79,57.58,56.92,1.0,869872
2026-09-24,NYSE:EPR,57.17,56.26,57.04,56.81,1.0,564507
2026-09-25,NYSE:EPR,57.04,56.1,56.7,56.83,1.0,677838
2026-08-24,NYSE:UAN,127.0,124.0,125.89,125.07,1.0,52568
2026-08-25,NYSE:UAN,128.43,124.18,125.74,126.13,1.0,94005
2026-08-26,NYSE:UAN,127.0,125.87,126.5,126.23,1.0,26596
2026-08-27,NYSE:UAN,126.8,124.2809,126.0,126.28,1.0,29304
2026-08-28,NYSE:UAN,126.77,124.76,125.34,125.28,1.0,31295
2026-08-31,NYSE:UAN,127.5,125.385,126.42,126.4,1.0,52201
2026-09-01,NYSE:UAN,130.5,126.5,127.51,130.25,1.0,53819
2026-09-02,NYSE:UAN,134.29,130.0,130.8,133.93,1.0,38592
2026-09-03,NYSE:UAN,132.77,130.465,132.49,131.51,1.0,31110
2026-09-04,NYSE:UAN,131.9847,130.17,130.17,130.8,1.0,10204
2026-09-08,NYSE:UAN,133.47,131.0,131.0,132.9,1.0,18449
2026-09-09,NYSE:UAN,134.48,132.735,133.0,133.16,1.0,21978
2026-09-10,NYSE:UAN,136.82,134.4156,135.0,135.83,1.0,37561
2026-09-11,NYSE:UAN,135.88,134.6,135.3,135.88,1.0,19843
2026-09-14,NYSE:UAN,136.47,132.02,136.47,132.61,1.0,43198
2026-09-15,NYSE:UAN,135.6048,132.0141,132.0141,134.58,1.0,15670
2026-09-16,NYSE:UAN,135.41,132.0001,135.32,132.78,1.0,11500
2026-09-17,NYSE:UAN,136.21,131.9945,133.0,136.21,1.0,15310
2026-09-18,NYSE:UAN,135.0,131.0688,135.0,133.91,1.0,34859
2026-09-21,NYSE:UAN,132.01,127.8,132.01,129.1,1.0,57864
2026-09-22,NYSE:UAN,132.155,128.0,129.94,128.85,1.0,14974
2026-09-23,NYSE:UAN,131.0,127.5,128.88,127.83,1.0,18234
2026-09-24,NYSE:UAN,128.56,124.84,126.89,126.01,1.0,18368
2026-09-25,NYSE:UAN,126.0,121.05,126.0,122.7,1.0,43059
2026-08-24,NYSE:CAG,16.735,16.435,16.435,16.67,1.0,12040590
2026-08-25,NYSE:CAG,16.5942,16.16,16.48,16.27,1.0,7067754
2026-08-26,NYSE:CAG,16.28,15.98,16.13,16.19,1.0,7372384
2026-08-27,NYSE:CAG,16.11,15.74,15.96,16.02,1.0,8307330
2026-08-28,NYSE:CAG,16.235,15.97,16.11,16.09,1.0,7808283
2026-08-31,NYSE:CAG,16.165,15.92,16.0,16.02,1.0,12372626
2026-09-01,NYSE:CAG,16.32,15.92,15.92,16.11,1.0,11953077
2026-09-02,NYSE:CAG,16.365,16.06,16.16,16.18,1.0,8489402
2026-09-03,NYSE:CAG,16.05,15.5798,16.02,15.62,1.0,13056995
2026-09-04,NYSE:CAG,15.78,15.4,15.5,15.48,1.0,7716818
2026-09-08,NYSE:CAG,15.46,15.15,15.46,15.26,1.0,11090931
2026-09-09,NYSE:CAG,15.47,15.07,15.27,15.11,1.0,7595229
2026-09-10,NYSE:CAG,15.225,14.62,15.2,14.7,1.0,8655733
2026-09-11,NYSE:CAG,14.87,14.305,14.82,14.6,1.0,16957772
2026-09-14,NYSE:CAG,15.03,14.73,14.8,14.79,1.0,11261181
2026-09-15,NYSE:CAG,15.08,14.62,14.69,15.02,1.0,11490884
2026-09-16,NYSE:CAG,15.295,15.02,15.07,15.18,1.0,11937553
2026-09-17,NYSE:CAG,15.35,15.135,15.24,15.18,1.0,7536517
2026-09-18,NYSE:CAG,15.25,14.96,15.07,15.13,1.0,22687669
2026-09-21,NYSE:CAG,15.21,14.78,15.15,14.86,1.0,8833672
2026-09-22,NYSE:CAG,15.0399,14.7201,14.95,14.78,1.0,7654269
2026-09-23,NYSE:CAG,14.93,14.51,14.81,14.78,1.0,12685279
2026-09-24,NYSE:CAG,14.98,14.61,14.97,14.67,1.0,11118000
2026-09-25,NYSE:CAG,14.69,14.22,14.66,14.32,1.0,9240240
2026-08-24,NYSE:AAT,23.1058,22.7,22.95,23.0,1.0,617183
2026-08-25,NYSE:AAT,23.1462,22.8984,23.11,23.09,1.0,342964
2026-08-26,NYSE:AAT,23.15,22.74,23.09,22.74,1.0,479947
2026-08-27,NYSE:AAT,22.94,22.46,22.94,22.5,1.0,591663
2026-08-28,NYSE:AAT,22.725,22.43,22.6,22.43,1.0,433150
2026-08-31,NYSE:AAT,22.5,22.23,22.43,22.46,1.0,659883
2026-09-01,NYSE:AAT,22.48,22.18,22.29,22.41,1.0,398968
2026-09-02,NYSE:AAT,22.6,22.325,22.51,22.4,1.0,562934
2026-09-03,NYSE:AAT,22.39,22.125,22.22,22.16,1.0,371020
2026-09-04,NYSE:AAT,22.405,21.95,22.02,22.04,1.0,480240
2026-09-08,NYSE:AAT,22.2308,21.71,22.05,21.83,1.0,496096
2026-09-09,NYSE:AAT,21.93,21.4,21.8,21.58,1.0,475366
2026-09-10,NYSE:AAT,21.76,21.38,21.65,21.38,1.0,350641
2026-09-11,NYSE:AAT,21.66,21.475,21.59,21.5,1.0,504865
2026-09-14,NYSE:AAT,21.72,21.48,21.5,21.64,1.0,544895
2026-09-15,NYSE:AAT,21.69,21.4269,21.5,21.62,1.0,482913
2026-09-16,NYSE:AAT,21.955,21.57,21.64,21.79,1.0,391837
2026-09-17,NYSE:AAT,22.23,21.8,21.95,22.13,1.0,754642
2026-09-18,NYSE:AAT,22.02,21.795,22.02,21.95,1.0,806805
2026-09-21,NYSE:AAT,22.13,21.88,22.11,21.98,1.0,393513
2026-09-22,NYSE:AAT,22.19,21.97,22.11,22.01,1.0,340667
2026-09-23,NYSE:AAT,21.91,21.43,21.87,21.49,1.0,358475
2026-09-24,NYSE:AAT,21.585,21.3,21.56,21.49,1.0,290816
2026-09-25,NYSE:AAT,21.69,21.215,21.57,21.58,1.0,379124
2026-08-24,NASDAQ:SPOK,10.7,10.33,10.33,10.62,1.0,154027
2026-08-25,NASDAQ:SPOK,10.61,10.47,10.61,10.575,1.0,133102
2026-08-26,NASDAQ:SPOK,10.6199,10.375,10.58,10.415,1.0,97022
2026-08-27,NASDAQ:SPOK,10.425,10.2901,10.4,10.36,1.0,127677
2026-08-28,NASDAQ:SPOK,10.65,10.36,10.42,10.65,1.0,155421
2026-08-31,NASDAQ:SPOK,10.75,10.49,10.65,10.51,1.0,159609
2026-09-01,NASDAQ:SPOK,10.6449,10.51,10.51,10.56,1.0,140721
2026-09-02,NASDAQ:SPOK,10.63,10.5106,10.62,10.56,1.0,91560
2026-09-03,NASDAQ:SPOK,10.68,10.53,10.61,10.68,1.0,96846
2026-09-04,NASDAQ:SPOK,10.79,10.63,10.7,10.71,1.0,87241
2026-09-08,NASDAQ:SPOK,10.715,10.57,10.7,10.64,1.0,118352
2026-09-09,NASDAQ:SPOK,10.685,10.52,10.65,10.57,1.0,135659
2026-09-10,NASDAQ:SPOK,10.725,10.57,10.57,10.63,1.0,136438
2026-09-11,NASDAQ:SPOK,10.695,10.62,10.68,10.65,1.0,86396
2026-09-14,NASDAQ:SPOK,10.92,10.65,10.65,10.88,1.0,155393
2026-09-15,NASDAQ:SPOK,10.88,10.66,10.88,10.7,1.0,140607
2026-09-16,NASDAQ:SPOK,10.71,10.56,10.7,10.67,1.0,107567
2026-09-17,NASDAQ:SPOK,10.64,10.35,10.64,10.4,1.0,128907
2026-09-18,NASDAQ:SPOK,10.44,10.24,10.32,10.39,1.0,244297
2026-09-21,NASDAQ:SPOK,10.51,10.345,10.39,10.43,1.0,129049
2026-09-22,NASDAQ:SPOK,10.59,10.44,10.48,10.53,1.0,142997
2026-09-23,NASDAQ:SPOK,10.62,10.395,10.53,10.4,1.0,102358
2026-09-24,NASDAQ:SPOK,10.51,10.31,10.45,10.35,1.0,172882
2026-09-25,NASDAQ:SPOK,10.51,10.3497,10.44,10.46,1.0,111260
2026-08-24,NYSE:HAFN,8.16,8.03,8.03,8.13,1.0,1189568
2026-08-25,NYSE:HAFN,8.23,8.1,8.2,8.19,1.0,896499
2026-08-26,NYSE:HAFN,8.01,7.73,7.94,7.77,1.0,1509987
2026-08-27,NYSE:HAFN,8.3,7.91,7.91,8.29,1.0,1538466
2026-08-28,NYSE:HAFN,8.49,8.26,8.35,8.47,1.0,1851245
2026-08-31,NYSE:HAFN,8.565,8.34,8.53,8.44,1.0,2021182
2026-09-01,NYSE:HAFN,8.715,8.5,8.56,8.59,1.0,1937497
2026-09-02,NYSE:HAFN,8.915,8.551,8.58,8.88,1.0,1810842
2026-09-03,NYSE:HAFN,9.03,8.86,8.87,8.93,1.0,2412836
2026-09-04,NYSE:HAFN,9.25,8.94,8.94,9.22,1.0,2734606
2026-09-08,NYSE:HAFN,8.975,8.61,8.81,8.96,1.0,3760196
2026-09-09,NYSE:HAFN,9.2,8.91,9.0,9.16,1.0,3045599
2026-09-10,NYSE:HAFN,9.44,9.04,9.08,9.36,1.0,3098206
2026-09-11,NYSE:HAFN,9.595,9.31,9.32,9.38,1.0,2533655
2026-09-14,NYSE:HAFN,9.41,9.23,9.35,9.33,1.0,2128853
2026-09-15,NYSE:HAFN,9.485,9.265,9.33,9.48,1.0,2303393
2026-09-16,NYSE:HAFN,9.84,9.53,9.59,9.71,1.0,2283219
2026-09-17,NYSE:HAFN,9.86,9.652000000000001,9.75,9.72,1.0,1933930
2026-09-18,NYSE:HAFN,10.12,9.75,9.85,10.12,1.0,2387841
2026-09-21,NYSE:HAFN,10.09,9.7,9.75,9.71,1.0,2389243
2026-09-22,NYSE:HAFN,9.455,9.2,9.3,9.23,1.0,3039850
2026-09-23,NYSE:HAFN,9.31,9.06,9.285,9.1,1.0,1586927
2026-09-24,NYSE:HAFN,8.92,8.41,8.47,8.92,1.0,9683475
2026-09-25,NYSE:HAFN,8.9399,8.76,8.79,8.92,1.0,4177526
2026-08-24,NYSE:BXSL,25.035,24.6,24.78,24.99,1.0,1509025
2026-08-25,NYSE:BXSL,24.9799,24.7301,24.95,24.83,1.0,1307067
2026-08-26,NYSE:BXSL,25.1,24.7716,24.83,24.93,1.0,1010275
2026-08-27,NYSE:BXSL,25.0,24.62,24.9,24.74,1.0,1258550
2026-08-28,NYSE:BXSL,24.96,24.7,24.7,24.75,1.0,1441120
2026-08-31,NYSE:BXSL,25.24,24.68,24.69,25.01,1.0,2146110
2026-09-01,NYSE:BXSL,25.17,24.68,24.96,24.68,1.0,1040484
2026-09-02,NYSE:BXSL,24.87,24.575,24.69,24.68,1.0,1035025
2026-09-03,NYSE:BXSL,24.99,24.37,24.78,24.67,1.0,892616
2026-09-04,NYSE:BXSL,24.96,24.53,24.54,24.72,1.0,963088
2026-09-08,NYSE:BXSL,24.9667,24.48,24.74,24.49,1.0,1510819
2026-09-09,NYSE:BXSL,24.55,24.28,24.47,24.42,1.0,1346648
2026-09-10,NYSE:BXSL,24.51,24.2,24.46,24.26,1.0,1743146
2026-09-11,NYSE:BXSL,24.56,24.23,24.35,24.41,1.0,1215132
2026-09-14,NYSE:BXSL,24.735,24.44,24.47,24.65,1.0,1214605
2026-09-15,NYSE:BXSL,24.925,24.5276,24.54,24.79,1.0,1271016
2026-09-16,NYSE:BXSL,24.96,24.6057,24.8,24.88,1.0,1167133
2026-09-17,NYSE:BXSL,25.52,24.97,25.05,25.32,1.0,1564564
2026-09-18,NYSE:BXSL,25.335,24.82,25.27,24.84,1.0,1247804
2026-09-21,NYSE:BXSL,25.05,24.83,24.9,24.96,1.0,1191464
2026-09-22,NYSE:BXSL,25.065,24.72,25.04,24.72,1.0,882998
2026-09-23,NYSE:BXSL,24.8,24.56,24.75,24.61,1.0,1063635
2026-09-24,NYSE:BXSL,24.71,24.36,24.64,24.59,1.0,1431753
2026-09-25,NYSE:BXSL,24.725,24.4299,24.55,24.66,1.0,1068096
2026-08-24,NASDAQ:GGAL,44.0,41.12,41.12,43.45,1.0,1215477
2026-08-25,NASDAQ:GGAL,44.28,42.5,43.66,44.2,1.0,796405
2026-08-26,NASDAQ:GGAL,45.2,43.415,44.36,43.91,1.0,1005410
2026-08-27,NASDAQ:GGAL,44.405,42.63,43.99,42.91,1.0,690253
2026-08-28,NASDAQ:GGAL,43.335,41.69,43.04,42.24,1.0,787490
2026-08-31,NASDAQ:GGAL,44.57,42.5,42.5,43.75,1.0,1095737
2026-09-01,NASDAQ:GGAL,45.08,42.92,43.35,44.29,1.0,752689
2026-09-02,NASDAQ:GGAL,45.14,43.975,44.28,45.01,1.0,793526
2026-09-03,NASDAQ:GGAL,46.09,44.02,44.72,44.63,1.0,615791
2026-09-04,NASDAQ:GGAL,44.9481,43.82,44.56,44.36,1.0,481940
2026-09-08,NASDAQ:GGAL,44.67,43.5,44.6,44.12,1.0,761880
2026-09-09,NASDAQ:GGAL,44.785,43.0806,43.99,44.49,1.0,425550
2026-09-10,NASDAQ:GGAL,45.72,43.63,43.63,44.72,1.0,1017818
2026-09-11,NASDAQ:GGAL,45.42,43.165,45.0,43.86,1.0,739390
2026-09-14,NASDAQ:GGAL,43.87,42.65,43.48,42.96,1.0,773802
2026-09-15,NASDAQ:GGAL,43.075,41.94,42.7,42.14,1.0,689556
2026-09-16,NASDAQ:GGAL,42.86,41.58,42.19,42.27,1.0,364905
2026-09-17,NASDAQ:GGAL,43.09,42.365,43.0,42.62,1.0,379014
2026-09-18,NASDAQ:GGAL,42.425,41.5,42.2,41.76,1.0,524697
2026-09-21,NASDAQ:GGAL,42.2,41.33,42.05,41.76,1.0,456205
2026-09-22,NASDAQ:GGAL,41.918,40.275,41.54,41.25,1.0,929594
2026-09-23,NASDAQ:GGAL,42.01,39.93,41.11,39.99,1.0,1022555
2026-09-24,NASDAQ:GGAL,40.44,39.28,39.83,39.59,1.0,940052
2026-09-25,NASDAQ:GGAL,40.0,38.74,40.0,38.74,1.0,605696
2026-08-24,NYSE:MPLX,58.75,58.1891,58.48,58.46,1.0,665894
2026-08-25,NYSE:MPLX,58.7,58.11,58.47,58.36,1.0,1283638
2026-08-26,NYSE:MPLX,59.43,58.25,58.25,59.32,1.0,803352
2026-08-27,NYSE:MPLX,59.72,58.585,59.45,59.51,1.0,1007954
2026-08-28,NYSE:MPLX,59.75,59.23,59.25,59.25,1.0,675879
2026-08-31,NYSE:MPLX,59.54,58.96,59.35,59.17,1.0,1406404
2026-09-01,NYSE:MPLX,59.73,58.86,59.22,59.09,1.0,1269938
2026-09-02,NYSE:MPLX,59.645,58.7801,59.37,58.99,1.0,1282358
2026-09-03,NYSE:MPLX,60.04,59.037,59.33,59.34,1.0,1231791
2026-09-04,NYSE:MPLX,59.77,58.94,59.28,59.67,1.0,1007605
2026-09-08,NYSE:MPLX,60.29,59.13,59.82,59.83,1.0,1426428
2026-09-09,NYSE:MPLX,60.39,59.91,60.24,60.23,1.0,1125800
2026-09-10,NYSE:MPLX,60.21,59.4212,60.15,59.63,1.0,1079688
2026-09-11,NYSE:MPLX,60.21,59.59,59.68,59.84,1.0,667333
2026-09-14,NYSE:MPLX,60.09,58.53,60.04,58.89,1.0,1781448
2026-09-15,NYSE:MPLX,59.2,58.32,58.91,58.42,1.0,1429346
2026-09-16,NYSE:MPLX,58.84,57.36,58.76,57.93,1.0,1763008
2026-09-17,NYSE:MPLX,59.0,58.21,58.23,58.62,1.0,942503
2026-09-18,NYSE:MPLX,59.55,58.53,58.69,59.44,1.0,2487768
2026-09-21,NYSE:MPLX,59.6,58.83,59.4,59.09,1.0,1043846
2026-09-22,NYSE:MPLX,60.04,58.7,58.71,59.16,1.0,1720514
2026-09-23,NYSE:MPLX,59.82,58.33,59.25,58.81,1.0,1234329
2026-09-24,NYSE:MPLX,59.0769,57.915,58.99,57.98,1.0,1191174
2026-09-25,NYSE:MPLX,57.945,56.672,57.86,56.8,1.0,2125715
2026-08-24,NASDAQ:LKFN,60.86,59.935,60.49,60.22,1.0,87725
2026-08-25,NASDAQ:LKFN,60.29,59.455,60.26,59.57,1.0,99039
2026-08-26,NASDAQ:LKFN,59.92,59.42,59.66,59.47,1.0,117425
2026-08-27,NASDAQ:LKFN,59.82,58.365,59.07,59.19,1.0,139047
2026-08-28,NASDAQ:LKFN,60.165,59.22,59.36,59.61,1.0,128314
2026-08-31,NASDAQ:LKFN,59.52,58.57,59.52,59.09,1.0,108133
2026-09-01,NASDAQ:LKFN,59.43,58.45,58.98,58.82,1.0,134366
2026-09-02,NASDAQ:LKFN,59.99,59.09,59.16,59.9,1.0,169945
2026-09-03,NASDAQ:LKFN,60.57,59.91,60.35,60.03,1.0,113410
2026-09-04,NASDAQ:LKFN,60.81,59.47,59.69,60.57,1.0,89576
2026-09-08,NASDAQ:LKFN,60.55,59.82,60.33,59.98,1.0,153497
2026-09-09,NASDAQ:LKFN,60.24,59.08,59.54,60.22,1.0,204389
2026-09-10,NASDAQ:LKFN,60.565,59.25,60.08,60.51,1.0,170497
2026-09-11,NASDAQ:LKFN,61.43,59.88,60.98,60.58,1.0,140934
2026-09-14,NASDAQ:LKFN,61.815,60.39,60.69,60.76,1.0,182030
2026-09-15,NASDAQ:LKFN,61.225,60.02,60.5,60.75,1.0,199708
2026-09-16,NASDAQ:LKFN,61.1275,59.34,60.84,59.94,1.0,286161
2026-09-17,NASDAQ:LKFN,60.56,59.466,60.56,59.63,1.0,139757
2026-09-18,NASDAQ:LKFN,60.06,59.05,59.38,59.7,1.0,542586
2026-09-21,NASDAQ:LKFN,60.28,59.555,59.76,59.93,1.0,251956
2026-09-22,NASDAQ:LKFN,60.58,59.25,60.48,59.25,1.0,288338
2026-09-23,NASDAQ:LKFN,59.14,58.295,58.99,58.36,1.0,196907
2026-09-24,NASDAQ:LKFN,59.1,58.19,58.59,58.85,1.0,176455
2026-09-25,NASDAQ:LKFN,59.61,58.73,58.85,59.51,1.0,192452
2026-08-24,NASDAQ:UBSI,48.31,47.605,47.84,47.8,1.0,1018804
2026-08-25,NASDAQ:UBSI,47.95,47.27,47.92,47.41,1.0,830261
2026-08-26,NASDAQ:UBSI,47.72,47.18,47.55,47.45,1.0,708455
2026-08-27,NASDAQ:UBSI,47.56,46.85,47.09,47.49,1.0,699238
2026-08-28,NASDAQ:UBSI,47.82,47.35,47.7,47.6,1.0,854762
2026-08-31,NASDAQ:UBSI,47.645,46.955,47.6,47.13,1.0,704530
2026-09-01,NASDAQ:UBSI,47.31,46.32,47.07,46.5,1.0,716829
2026-09-02,NASDAQ:UBSI,47.67,46.615,46.66,47.3,1.0,1025244
2026-09-03,NASDAQ:UBSI,47.9417,47.39,47.48,47.59,1.0,770793
2026-09-04,NASDAQ:UBSI,48.03,47.27,47.27,47.83,1.0,640727
2026-09-08,NASDAQ:UBSI,47.74,47.24,47.62,47.27,1.0,741464
2026-09-09,NASDAQ:UBSI,47.38,46.77,46.95,46.9,1.0,1069151
2026-09-10,NASDAQ:UBSI,47.36,46.48,46.96,47.33,1.0,907151
2026-09-11,NASDAQ:UBSI,47.65,46.775,47.32,47.22,1.0,966093
2026-09-14,NASDAQ:UBSI,47.79,47.245,47.27,47.69,1.0,950401
2026-09-15,NASDAQ:UBSI,48.25,47.63,47.73,47.86,1.0,1107087
2026-09-16,NASDAQ:UBSI,47.96,46.39,47.86,47.32,1.0,1382943
2026-09-17,NASDAQ:UBSI,47.81,46.97,47.69,47.02,1.0,1288790
2026-09-18,NASDAQ:UBSI,47.31,46.57,46.99,47.11,1.0,2968017
2026-09-21,NASDAQ:UBSI,47.445,46.74,47.1,46.76,1.0,1169963
2026-09-22,NASDAQ:UBSI,47.15,46.49,46.86,46.53,1.0,1226180
2026-09-23,NASDAQ:UBSI,46.78,46.15,46.35,46.22,1.0,953661
2026-09-24,NASDAQ:UBSI,46.655,46.04,46.42,46.53,1.0,1003824
2026-09-25,NASDAQ:UBSI,47.21,46.67,46.67,46.86,1.0,1431577
2026-08-24,NASDAQ:EWBC,131.455,128.488,130.15,128.91,1.0,662146
2026-08-25,NASDAQ:EWBC,129.6,128.245,129.6,129.43,1.0,867199
2026-08-26,NASDAQ:EWBC,131.32,129.85,130.23,130.43,1.0,618597
2026-08-27,NASDAQ:EWBC,129.78,127.91,129.4,129.65,1.0,719704
2026-08-28,NASDAQ:EWBC,130.54,129.145,130.11,129.44,1.0,707243
2026-08-31,NASDAQ:EWBC,129.29,126.545,129.29,126.86,1.0,1137892
2026-09-01,NASDAQ:EWBC,127.93,126.07,127.05,126.76,1.0,636439
2026-09-02,NASDAQ:EWBC,130.03,127.23,127.58,128.97,1.0,636770
2026-09-03,NASDAQ:EWBC,130.815,128.97,128.97,130.61,1.0,693802
2026-09-04,NASDAQ:EWBC,131.26,129.815,130.02,130.77,1.0,443172
2026-09-08,NASDAQ:EWBC,131.89,129.1,131.52,129.25,1.0,655540
2026-09-09,NASDAQ:EWBC,129.71,127.54,128.31,128.28,1.0,536647
2026-09-10,NASDAQ:EWBC,129.39,127.0,128.49,129.37,1.0,603668
2026-09-11,NASDAQ:EWBC,130.88,127.595,130.46,129.17,1.0,662364
2026-09-14,NASDAQ:EWBC,130.64,128.81,128.81,129.81,1.0,917109
2026-09-15,NASDAQ:EWBC,130.42,128.25,129.42,128.73,1.0,712458
2026-09-16,NASDAQ:EWBC,128.9,124.24,128.39,126.18,1.0,804074
2026-09-17,NASDAQ:EWBC,128.035,125.7175,127.94,125.79,1.0,904032
2026-09-18,NASDAQ:EWBC,127.14,124.86,125.79,126.92,1.0,3346946
2026-09-21,NASDAQ:EWBC,128.42,126.65,127.8,127.77,1.0,620816
2026-09-22,NASDAQ:EWBC,128.555,125.49,127.84,125.54,1.0,609161
2026-09-23,NASDAQ:EWBC,127.0045,124.42,125.54,124.49,1.0,728940
2026-09-24,NASDAQ:EWBC,125.84,124.09,124.68,125.62,1.0,583748
2026-09-25,NASDAQ:EWBC,127.66,125.76,126.5,127.23,1.0,545481
2026-08-24,NASDAQ:HRZN,4.89,4.7546,4.82,4.86,1.0,461824
2026-08-25,NASDAQ:HRZN,4.88,4.755,4.87,4.77,1.0,403232
2026-08-26,NASDAQ:HRZN,4.8205,4.74,4.78,4.79,1.0,340839
2026-08-27,NASDAQ:HRZN,4.995,4.79,4.86,4.82,1.0,1252963
2026-08-28,NASDAQ:HRZN,4.843999999999999,4.691,4.81,4.7,1.0,1076740
2026-08-31,NASDAQ:HRZN,4.795,4.65,4.7,4.66,1.0,962783
2026-09-01,NASDAQ:HRZN,4.71,4.495,4.66,4.51,1.0,867837
2026-09-02,NASDAQ:HRZN,4.805,4.51,4.54,4.8,1.0,893910
2026-09-03,NASDAQ:HRZN,4.885,4.75,4.83,4.86,1.0,758986
2026-09-04,NASDAQ:HRZN,4.915,4.785,4.85,4.84,1.0,859089
2026-09-08,NASDAQ:HRZN,4.92,4.825,4.85,4.86,1.0,690766
2026-09-09,NASDAQ:HRZN,4.8896,4.77,4.8,4.79,1.0,565915
2026-09-10,NASDAQ:HRZN,4.859,4.76,4.77,4.85,1.0,559292
2026-09-11,NASDAQ:HRZN,4.93,4.845,4.89,4.9,1.0,792407
2026-09-14,NASDAQ:HRZN,4.97,4.87,4.91,4.9,1.0,962627
2026-09-15,NASDAQ:HRZN,4.92,4.675,4.92,4.69,1.0,850189
2026-09-16,NASDAQ:HRZN,4.73,4.505,4.62,4.53,1.0,754654
2026-09-17,NASDAQ:HRZN,4.7431,4.57,4.58,4.72,1.0,367632
2026-09-18,NASDAQ:HRZN,4.71,4.6,4.65,4.67,1.0,313223
2026-09-21,NASDAQ:HRZN,4.69,4.62,4.67,4.66,1.0,194133
2026-09-22,NASDAQ:HRZN,4.69,4.62,4.67,4.65,1.0,228954
2026-09-23,NASDAQ:HRZN,4.66,4.595,4.65,4.61,1.0,294953
2026-09-24,NASDAQ:HRZN,4.63,4.56,4.63,4.59,1.0,357081
2026-09-25,NASDAQ:HRZN,4.65,4.54,4.645,4.63,1.0,274823
2026-08-24,NYSE:SSTK,5.485,5.27,5.32,5.36,1.0,638721
2026-08-25,NYSE:SSTK,5.56,5.26,5.39,5.54,1.0,849992
2026-08-26,NYSE:SSTK,5.55,5.26,5.53,5.54,1.0,741423
2026-08-27,NYSE:SSTK,5.54,5.4,5.54,5.49,1.0,820366
2026-08-28,NYSE:SSTK,5.995,5.49,5.49,5.97,1.0,1192386
2026-08-31,NYSE:SSTK,5.85,5.54,5.83,5.54,1.0,1719312
2026-09-01,NYSE:SSTK,5.8,5.45,5.64,5.75,1.0,1224403
2026-09-02,NYSE:SSTK,5.85,5.62,5.7,5.75,1.0,747183
2026-09-03,NYSE:SSTK,6.1,5.745,5.79,5.77,1.0,581307
2026-09-04,NYSE:SSTK,5.805,5.59,5.72,5.74,1.0,886699
2026-09-08,NYSE:SSTK,5.72,5.06,5.7,5.17,1.0,1470879
2026-09-09,NYSE:SSTK,5.14,4.91,5.11,5.06,1.0,1199751
2026-09-10,NYSE:SSTK,5.165,4.93,5.0,5.05,1.0,1219019
2026-09-11,NYSE:SSTK,5.115,4.95,5.09,5.04,1.0,707485
2026-09-14,NYSE:SSTK,5.29,5.02,5.09,5.26,1.0,756200
2026-09-15,NYSE:SSTK,5.35,4.83,5.15,4.87,1.0,740093
2026-09-16,NYSE:SSTK,5.04,4.8,4.86,4.94,1.0,1031815
2026-09-17,NYSE:SSTK,5.05,4.835,5.03,4.89,1.0,699816
2026-09-18,NYSE:SSTK,4.94,4.52,4.91,4.54,1.0,1853255
2026-09-21,NYSE:SSTK,4.59,4.4101,4.55,4.53,1.0,798422
2026-09-22,NYSE:SSTK,4.606,4.455,4.55,4.51,1.0,730093
2026-09-23,NYSE:SSTK,4.49,4.29,4.49,4.3,1.0,576957
2026-09-24,NYSE:SSTK,4.365,4.07,4.36,4.14,1.0,825731
2026-09-25,NYSE:SSTK,4.315,4.1119,4.12,4.18,1.0,915192
2026-08-24,NASDAQ:FMNB,15.89,15.7,15.72,15.7,1.0,220352
2026-08-25,NASDAQ:FMNB,15.72,15.54,15.72,15.62,1.0,281492
2026-08-26,NASDAQ:FMNB,15.95,15.65,15.8,15.66,1.0,399608
2026-08-27,NASDAQ:FMNB,15.78,15.42,15.51,15.77,1.0,364392
2026-08-28,NASDAQ:FMNB,15.845,15.68,15.77,15.68,1.0,337384
2026-08-31,NASDAQ:FMNB,15.83,15.54,15.68,15.61,1.0,412553
2026-09-01,NASDAQ:FMNB,15.66,15.31,15.61,15.37,1.0,369936
2026-09-02,NASDAQ:FMNB,15.755,15.41,15.42,15.73,1.0,323143
2026-09-03,NASDAQ:FMNB,15.94,15.78,15.84,15.82,1.0,269315
2026-09-04,NASDAQ:FMNB,16.14,15.775,15.81,16.07,1.0,325681
2026-09-08,NASDAQ:FMNB,16.0,15.815,16.0,15.83,1.0,291225
2026-09-09,NASDAQ:FMNB,15.875,15.645,15.73,15.73,1.0,367516
2026-09-10,NASDAQ:FMNB,15.9,15.59,15.73,15.88,1.0,301830
2026-09-11,NASDAQ:FMNB,15.96,15.61,15.86,15.74,1.0,336069
2026-09-14,NASDAQ:FMNB,15.95,15.73,15.75,15.82,1.0,348644
2026-09-15,NASDAQ:FMNB,16.0,15.81,15.81,15.96,1.0,344700
2026-09-16,NASDAQ:FMNB,15.98,15.4209,15.98,15.68,1.0,427336
2026-09-17,NASDAQ:FMNB,15.82,15.64,15.82,15.65,1.0,339767
2026-09-18,NASDAQ:FMNB,15.61,15.445,15.57,15.56,1.0,1033990
2026-09-21,NASDAQ:FMNB,15.58,15.31,15.47,15.315,1.0,441326
2026-09-22,NASDAQ:FMNB,15.54,15.26,15.37,15.32,1.0,451118
2026-09-23,NASDAQ:FMNB,15.355,15.18,15.33,15.18,1.0,308222
2026-09-24,NASDAQ:FMNB,15.38,15.11,15.22,15.34,1.0,289748
2026-09-25,NASDAQ:FMNB,15.5,15.345,15.36,15.43,1.0,321882
