date,ticker,high,low,open,close,split_coefficient,volume
2026-08-25,NYSE:DD,137.71,135.07,137.55,136.04,1.0,1347241
2026-08-26,NYSE:DD,138.22,136.01,136.61,137.98,1.0,914960
2026-08-27,NYSE:DD,139.46,137.5,137.5,138.8,1.0,860257
2026-08-28,NYSE:DD,141.0,135.83,140.0,136.98,1.0,1055518
2026-08-31,NYSE:DD,136.56,133.68,136.5,134.59,1.0,1713230
2026-09-01,NYSE:DD,134.035,131.56,133.52,132.11,1.0,982965
2026-09-02,NYSE:DD,134.42,132.38,132.89,132.93,1.0,872120
2026-09-03,NYSE:DD,134.39,130.69,134.39,131.13,1.0,1656040
2026-09-04,NYSE:DD,132.14,129.17,130.36,131.59,1.0,1832674
2026-09-08,NYSE:DD,132.39,130.3,131.39,131.32,1.0,1212078
2026-09-09,NYSE:DD,131.595,127.75200000000001,130.73,127.92,1.0,1223142
2026-09-10,NYSE:DD,128.305,126.44,127.48,127.32,1.0,1081261
2026-09-11,NYSE:DD,129.5,126.23,129.19,126.99,1.0,862361
2026-09-14,NYSE:DD,125.0,122.8,125.0,124.29,1.0,1178978
2026-09-15,NYSE:DD,128.285,123.0105,124.67,128.04,1.0,1674158
2026-09-16,NYSE:DD,129.51,126.11,128.73,127.57,1.0,1010636
2026-09-17,NYSE:DD,129.82,128.36,129.1,128.46,1.0,1214866
2026-09-18,NYSE:DD,129.275,127.77,128.39,129.01,1.0,2098210
2026-09-21,NYSE:DD,130.87,128.96,130.0,129.79,1.0,922164
2026-09-22,NYSE:DD,132.22,129.945,130.72,131.8,1.0,1186850
2026-09-23,NYSE:DD,131.89,130.53,130.83,130.88,1.0,686697
2026-09-24,NYSE:DD,131.65,129.1401,130.23,130.22,1.0,805819
2026-08-25,NASDAQ:VISN,11.07,10.755,10.96,11.04,1.0,5755331
2026-08-26,NASDAQ:VISN,11.09,10.895,10.98,11.05,1.0,13119433
2026-08-27,NASDAQ:VISN,11.7,11.33,11.61,11.63,1.0,7603070
2026-08-28,NASDAQ:VISN,6.85,6.0003,6.8,6.06,1.0,31223654
2026-08-31,NASDAQ:VISN,6.48,6.19,6.21,6.31,1.0,18644400
2026-09-01,NASDAQ:VISN,6.32,6.07,6.21,6.22,1.0,8443292
2026-09-02,NASDAQ:VISN,6.56,6.2,6.2,6.47,1.0,10137189
2026-09-03,NASDAQ:VISN,6.505,6.32,6.39,6.37,1.0,6648351
2026-09-04,NASDAQ:VISN,6.455,6.26,6.35,6.4,1.0,6258852
2026-09-08,NASDAQ:VISN,6.58,6.355,6.4,6.47,1.0,6266935
2026-09-09,NASDAQ:VISN,6.515,6.37,6.45,6.405,1.0,4955894
2026-09-10,NASDAQ:VISN,6.46,6.325,6.34,6.4,1.0,4324085
2026-09-11,NASDAQ:VISN,6.53,6.43,6.49,6.48,1.0,4925759
2026-09-14,NASDAQ:VISN,6.72,6.39,6.4,6.465,1.0,10475523
2026-09-15,NASDAQ:VISN,6.78,6.5,6.5,6.73,1.0,8174861
2026-09-16,NASDAQ:VISN,6.79,6.49,6.79,6.51,1.0,6672137
2026-09-17,NASDAQ:VISN,6.72,6.43,6.72,6.45,1.0,6459103
2026-09-18,NASDAQ:VISN,6.63,6.46,6.51,6.57,1.0,30856593
2026-09-21,NASDAQ:VISN,6.58,6.43,6.56,6.48,1.0,7432297
2026-09-22,NASDAQ:VISN,6.6,6.45,6.48,6.48,1.0,3868422
2026-09-23,NASDAQ:VISN,6.505,6.42,6.49,6.45,1.0,5710748
2026-09-24,NASDAQ:VISN,6.41,6.295,6.38,6.35,1.0,3994827
2026-08-25,NYSE:SITC,3.085,2.98,3.08,2.98,1.0,784061
2026-08-26,NYSE:SITC,3.055,2.955,2.98,3.03,1.0,952641
2026-08-27,NYSE:SITC,3.02,2.97,3.01,2.98,1.0,879856
2026-08-28,NYSE:SITC,3.045,2.945,3.03,2.99,1.0,1548453
2026-08-31,NYSE:SITC,3.005,2.93,2.99,2.95,1.0,1455847
2026-09-01,NYSE:SITC,3.02,2.9,2.95,2.9,1.0,1191644
2026-09-02,NYSE:SITC,2.99,2.9,2.9,2.93,1.0,635657
2026-09-03,NYSE:SITC,2.95,2.86,2.95,2.87,1.0,663942
2026-09-04,NYSE:SITC,2.9,2.82,2.86,2.87,1.0,647860
2026-09-08,NYSE:SITC,2.91,2.855,2.87,2.88,1.0,718815
2026-09-09,NYSE:SITC,2.885,2.805,2.87,2.81,1.0,857832
2026-09-10,NYSE:SITC,2.84,2.8,2.83,2.83,1.0,1074967
2026-09-11,NYSE:SITC,2.87,2.8003,2.84,2.82,1.0,788575
2026-09-14,NYSE:SITC,2.925,2.82,2.84,2.9,1.0,831379
2026-09-15,NYSE:SITC,2.91,2.85,2.9,2.86,1.0,830426
2026-09-16,NYSE:SITC,2.91,2.85,2.87,2.91,1.0,909817
2026-09-17,NYSE:SITC,2.94,2.885,2.91,2.93,1.0,622689
2026-09-18,NYSE:SITC,2.96,2.89,2.91,2.95,1.0,2957939
2026-09-21,NYSE:SITC,3.05,2.95,2.95,3.02,1.0,1348280
2026-09-22,NYSE:SITC,3.08,3.015,3.04,3.06,1.0,732381
2026-09-23,NYSE:SITC,3.04,2.97,3.04,2.97,1.0,693437
2026-09-24,NYSE:SITC,3.04,2.96,2.96,3.02,1.0,1101155
2026-08-25,NYSE:AIV,2.605,2.57,2.58,2.58,1.0,481849
2026-08-26,NYSE:AIV,2.58,2.52,2.57,2.53,1.0,2230016
2026-08-27,NYSE:AIV,2.54,2.49,2.52,2.51,1.0,1067139
2026-08-28,NYSE:AIV,2.6,2.5,2.5,2.55,1.0,1702239
2026-08-31,NYSE:AIV,2.535,2.5,2.52,2.51,1.0,4891557
2026-09-01,NYSE:AIV,2.565,2.51,2.52,2.55,1.0,1299707
2026-09-02,NYSE:AIV,2.57,2.53,2.54,2.56,1.0,608647
2026-09-03,NYSE:AIV,2.58,2.53,2.56,2.54,1.0,512040
2026-09-04,NYSE:AIV,2.59,2.52,2.52,2.56,1.0,792190
2026-09-08,NYSE:AIV,2.555,2.48,2.55,2.48,1.0,1274098
2026-09-09,NYSE:AIV,2.5,2.46,2.48,2.46,1.0,1783403
2026-09-10,NYSE:AIV,2.46,2.42,2.46,2.44,1.0,2063072
2026-09-11,NYSE:AIV,2.45,2.4,2.45,2.4,1.0,948711
2026-09-14,NYSE:AIV,2.4189,2.32,2.39,2.37,1.0,2581769
2026-09-15,NYSE:AIV,2.38,2.27,2.38,2.29,1.0,1462119
2026-09-16,NYSE:AIV,2.33,2.25,2.29,2.25,1.0,1837036
2026-09-17,NYSE:AIV,2.29,2.22,2.26,2.22,1.0,1719822
2026-09-18,NYSE:AIV,2.225,2.175,2.2,2.18,1.0,1028296
2026-09-21,NYSE:AIV,2.19,2.14,2.18,2.16,1.0,2400554
2026-09-22,NYSE:AIV,2.19,2.145,2.17,2.16,1.0,1267722
2026-09-23,NYSE:AIV,2.21,2.115,2.16,2.2,1.0,5178157
2026-09-24,NYSE:AIV,2.215,2.14,2.19,2.18,1.0,3235684
2026-08-25,NYSE:AD,36.1,35.39,35.58,35.86,1.0,174970
2026-08-26,NYSE:AD,36.0,35.31,35.7,35.66,1.0,229585
2026-08-27,NYSE:AD,35.69,34.82,35.63,35.49,1.0,179733
2026-08-28,NYSE:AD,36.48,35.49,35.49,36.0,1.0,209625
2026-08-31,NYSE:AD,37.2,35.91,35.91,36.66,1.0,154590
2026-09-01,NYSE:AD,37.4199,36.23,36.65,36.92,1.0,248296
2026-09-02,NYSE:AD,38.14,36.945,37.28,37.96,1.0,352088
2026-09-03,NYSE:AD,38.97,37.86,38.13,38.73,1.0,192855
2026-09-04,NYSE:AD,38.76,38.22,38.55,38.5,1.0,274550
2026-09-08,NYSE:AD,38.98,38.15,38.4,38.46,1.0,291665
2026-09-09,NYSE:AD,38.6,37.84,38.5,38.44,1.0,303507
2026-09-10,NYSE:AD,38.75,37.69,38.34,38.05,1.0,237746
2026-09-11,NYSE:AD,38.36,37.75,38.29,38.12,1.0,187406
2026-09-14,NYSE:AD,38.37,37.845,38.07,38.28,1.0,267965
2026-09-15,NYSE:AD,38.49,37.86,38.49,38.03,1.0,235032
2026-09-16,NYSE:AD,38.51,37.38,38.055,37.9,1.0,407392
2026-09-17,NYSE:AD,38.18,36.35,37.58,36.85,1.0,448125
2026-09-18,NYSE:AD,36.8,35.52,36.4,35.59,1.0,711930
2026-09-21,NYSE:AD,35.96,35.48,35.7,35.56,1.0,172509
2026-09-22,NYSE:AD,35.79,35.3,35.62,35.38,1.0,202557
2026-09-23,NYSE:AD,35.215,34.48,35.14,34.94,1.0,207507
2026-09-24,NYSE:AD,35.41,34.385,35.15,34.49,1.0,231453
2026-08-25,NYSE:DHT,19.79,19.115,19.62,19.17,1.0,3538256
2026-08-26,NYSE:DHT,19.0929,18.245,19.04,18.32,1.0,4958772
2026-08-27,NYSE:DHT,19.57,18.77,18.77,19.35,1.0,3160925
2026-08-28,NYSE:DHT,19.86,19.4,19.42,19.66,1.0,1973079
2026-08-31,NYSE:DHT,19.94,19.41,19.84,19.6,1.0,2341562
2026-09-01,NYSE:DHT,19.9249,19.45,19.66,19.69,1.0,2437469
2026-09-02,NYSE:DHT,20.1,19.545,19.66,20.07,1.0,2048214
2026-09-03,NYSE:DHT,20.465,19.91,20.21,20.19,1.0,4175441
2026-09-04,NYSE:DHT,21.09,20.18,20.18,20.87,1.0,5258744
2026-09-08,NYSE:DHT,21.15,20.57,21.06,20.82,1.0,2788109
2026-09-09,NYSE:DHT,21.285,20.69,21.0,21.2,1.0,2747960
2026-09-10,NYSE:DHT,21.59,21.07,21.41,21.43,1.0,3633943
2026-09-11,NYSE:DHT,22.28,21.29,21.3,22.0,1.0,5206765
2026-09-14,NYSE:DHT,22.28,21.55,22.14,22.15,1.0,3949586
2026-09-15,NYSE:DHT,22.815,21.95,22.4,22.14,1.0,6059080
2026-09-16,NYSE:DHT,23.46,22.13,22.185,23.04,1.0,5318928
2026-09-17,NYSE:DHT,23.25,22.74,22.97,22.82,1.0,5461121
2026-09-18,NYSE:DHT,23.51,22.88,23.16,23.27,1.0,4464037
2026-09-21,NYSE:DHT,23.56,22.29,23.0,22.45,1.0,4430113
2026-09-22,NYSE:DHT,21.98,21.32,21.8,21.39,1.0,4827296
2026-09-23,NYSE:DHT,21.5,20.64,21.35,21.28,1.0,3744061
2026-09-24,NYSE:DHT,21.895,21.035,21.14,21.675,1.0,5039866
2026-08-25,NASDAQ:AMSC,29.95,29.36,29.83,29.65,1.0,441321
2026-08-26,NASDAQ:AMSC,30.185,28.91,29.76,29.49,1.0,588076
2026-08-27,NASDAQ:AMSC,30.49,29.3,30.48,29.84,1.0,542126
2026-08-28,NASDAQ:AMSC,29.93,28.3,29.83,28.49,1.0,666368
2026-08-31,NASDAQ:AMSC,28.81,28.1,28.375,28.71,1.0,755346
2026-09-01,NASDAQ:AMSC,28.685,27.51,28.1,28.56,1.0,809993
2026-09-02,NASDAQ:AMSC,28.99,28.025,28.57,28.49,1.0,596989
2026-09-03,NASDAQ:AMSC,29.23,28.27,28.4,29.01,1.0,446115
2026-09-04,NASDAQ:AMSC,29.7,28.94,29.15,29.55,1.0,469683
2026-09-08,NASDAQ:AMSC,31.0,29.9,30.0,30.44,1.0,855403
2026-09-09,NASDAQ:AMSC,30.65,29.28,30.14,29.31,1.0,902091
2026-09-10,NASDAQ:AMSC,29.16,28.08,28.46,28.66,1.0,555746
2026-09-11,NASDAQ:AMSC,29.66,28.974,29.32,29.53,1.0,394555
2026-09-14,NASDAQ:AMSC,28.1751,27.2,27.62,27.28,1.0,890508
2026-09-15,NASDAQ:AMSC,27.988000000000003,27.28,27.69,27.7,1.0,724083
2026-09-16,NASDAQ:AMSC,28.265,27.26,28.26,27.81,1.0,733886
2026-09-17,NASDAQ:AMSC,29.5,28.77,29.14,29.15,1.0,650127
2026-09-18,NASDAQ:AMSC,30.34,28.8539,29.23,30.19,1.0,993573
2026-09-21,NASDAQ:AMSC,31.0,30.1214,31.0,30.24,1.0,571590
2026-09-22,NASDAQ:AMSC,31.5482,30.04,30.29,31.24,1.0,922726
2026-09-23,NASDAQ:AMSC,32.1325,30.78,32.01,31.05,1.0,879312
2026-09-24,NASDAQ:AMSC,30.74,29.69,30.22,30.42,1.0,674757
2026-08-25,NYSE:NLOP,11.67,11.49,11.5,11.61,1.0,94975
2026-08-26,NYSE:NLOP,11.7199,11.48,11.57,11.53,1.0,53768
2026-08-27,NYSE:NLOP,11.63,11.45,11.49,11.51,1.0,51399
2026-08-28,NYSE:NLOP,11.58,11.46,11.58,11.51,1.0,69838
2026-08-31,NYSE:NLOP,11.6919,11.31,11.47,11.42,1.0,94503
2026-09-01,NYSE:NLOP,11.4399,11.14,11.33,11.18,1.0,125245
2026-09-02,NYSE:NLOP,11.335,11.12,11.18,11.13,1.0,107151
2026-09-03,NYSE:NLOP,11.25,10.99,11.25,11.13,1.0,108128
2026-09-04,NYSE:NLOP,11.17,10.97,11.08,11.0,1.0,84570
2026-09-08,NYSE:NLOP,11.38,10.95,10.95,11.16,1.0,194913
2026-09-09,NYSE:NLOP,11.3,11.03,11.06,11.14,1.0,195956
2026-09-10,NYSE:NLOP,11.16,10.81,11.11,10.94,1.0,161362
2026-09-11,NYSE:NLOP,11.06,10.81,11.0,10.87,1.0,170041
2026-09-14,NYSE:NLOP,10.99,10.75,10.81,10.96,1.0,124193
2026-09-15,NYSE:NLOP,11.0,10.82,10.96,10.92,1.0,185379
2026-09-16,NYSE:NLOP,10.95,10.63,10.9,10.71,1.0,139930
2026-09-17,NYSE:NLOP,10.75,10.6,10.69,10.63,1.0,103604
2026-09-18,NYSE:NLOP,10.61,10.36,10.61,10.48,1.0,393899
2026-09-21,NYSE:NLOP,10.565,10.37,10.48,10.49,1.0,106019
2026-09-22,NYSE:NLOP,10.645,10.45,10.58,10.61,1.0,101811
2026-09-23,NYSE:NLOP,10.64,10.24,10.55,10.24,1.0,109599
2026-09-24,NYSE:NLOP,10.34,9.89,10.23,9.93,1.0,195554
2026-08-25,NYSE:ZIM,28.5,27.885,28.46,28.08,1.0,1357955
2026-08-26,NYSE:ZIM,27.94,27.45,27.92,27.64,1.0,1042118
2026-08-27,NYSE:ZIM,28.13,27.6628,27.83,27.92,1.0,852640
2026-08-28,NYSE:ZIM,28.15,27.28,28.15,27.44,1.0,872943
2026-08-31,NYSE:ZIM,27.67,27.2657,27.51,27.4,1.0,646047
2026-09-01,NYSE:ZIM,27.57,26.85,27.36,27.01,1.0,923133
2026-09-02,NYSE:ZIM,28.11,27.02,27.13,28.02,1.0,1332086
2026-09-03,NYSE:ZIM,28.04,27.57,28.03,27.59,1.0,694899
2026-09-04,NYSE:ZIM,28.72,27.63,27.81,28.58,1.0,1506793
2026-09-08,NYSE:ZIM,30.4,29.41,30.19,30.08,1.0,4419411
2026-09-09,NYSE:ZIM,30.125,29.1,29.785,29.38,1.0,1964485
2026-09-10,NYSE:ZIM,29.65,28.85,29.64,29.47,1.0,1249767
2026-09-11,NYSE:ZIM,29.7454,29.39,29.6,29.57,1.0,680621
2026-09-14,NYSE:ZIM,29.99,29.42,29.85,29.72,1.0,969309
2026-09-15,NYSE:ZIM,29.6701,29.3,29.53,29.57,1.0,726232
2026-09-16,NYSE:ZIM,29.57,29.2005,29.57,29.33,1.0,741905
2026-09-17,NYSE:ZIM,30.38,29.3062,29.65,30.36,1.0,1484515
2026-09-18,NYSE:ZIM,30.36,29.85,30.36,30.1,1.0,1873075
2026-09-21,NYSE:ZIM,30.495,29.87,30.09,30.46,1.0,835614
2026-09-22,NYSE:ZIM,30.96,29.96,30.37,30.51,1.0,1746365
2026-09-23,NYSE:ZIM,30.705,30.01,30.58,30.09,1.0,1259086
2026-08-25,NYSE:ARI,6.91,6.835,6.91,6.86,1.0,2529613
2026-08-26,NYSE:ARI,6.88,6.8,6.86,6.81,1.0,1974407
2026-08-27,NYSE:ARI,6.93,6.81,6.81,6.9,1.0,3048710
2026-08-28,NYSE:ARI,6.905,6.785,6.88,6.85,1.0,2007950
2026-08-31,NYSE:ARI,6.93,6.81,6.81,6.91,1.0,2593337
2026-09-01,NYSE:ARI,6.875,6.78,6.85,6.81,1.0,2042943
2026-09-02,NYSE:ARI,6.88,6.79,6.82,6.86,1.0,1546431
2026-09-03,NYSE:ARI,6.9,6.801,6.9,6.88,1.0,1816965
2026-09-04,NYSE:ARI,6.91,6.85,6.85,6.88,1.0,1062383
2026-09-08,NYSE:ARI,6.86,6.78,6.85,6.79,1.0,2909179
2026-09-09,NYSE:ARI,6.82,6.755,6.79,6.76,1.0,1661127
2026-09-10,NYSE:ARI,6.75,6.64,6.75,6.68,1.0,2389399
2026-09-11,NYSE:ARI,6.73,6.625,6.72,6.63,1.0,2063015
2026-09-14,NYSE:ARI,6.63,6.535,6.63,6.57,1.0,1584550
2026-09-15,NYSE:ARI,6.6,6.5,6.55,6.51,1.0,1935157
2026-09-16,NYSE:ARI,6.581,6.47,6.51,6.5,1.0,2246759
2026-09-17,NYSE:ARI,6.545,6.45,6.54,6.45,1.0,1532602
2026-09-18,NYSE:ARI,6.47,6.36,6.46,6.42,1.0,5878528
2026-09-21,NYSE:ARI,6.49,6.4,6.41,6.43,1.0,1920565
2026-09-22,NYSE:ARI,6.505,6.405,6.47,6.41,1.0,2375609
2026-09-23,NYSE:ARI,6.4,6.25,6.4,6.26,1.0,3991431
2026-09-24,NYSE:ARI,6.3,6.18,6.25,6.26,1.0,3347535
2026-08-25,NYSE:INSW,100.21,98.465,99.45,99.05,1.0,357993
2026-08-26,NYSE:INSW,97.34,93.14,97.34,93.67,1.0,616621
2026-08-27,NYSE:INSW,100.09,94.3,95.08,99.26,1.0,551656
2026-08-28,NYSE:INSW,101.2,98.41,99.28,98.81,1.0,463762
2026-08-31,NYSE:INSW,101.66,97.64,101.66,98.64,1.0,841613
2026-09-01,NYSE:INSW,102.1,98.8851,100.36,99.76,1.0,577938
2026-09-02,NYSE:INSW,101.55,99.12,99.82,101.19,1.0,603584
2026-09-03,NYSE:INSW,103.03,100.1,101.98,102.24,1.0,558401
2026-09-04,NYSE:INSW,105.5,102.21,102.21,104.5,1.0,741540
2026-09-08,NYSE:INSW,106.73,102.89,105.69,103.81,1.0,828608
2026-09-09,NYSE:INSW,105.67,103.0,104.5,104.62,1.0,644722
2026-09-10,NYSE:INSW,102.24,99.62,99.94,102.14,1.0,544528
2026-09-11,NYSE:INSW,105.0,101.56,101.88,103.65,1.0,1029555
2026-09-14,NYSE:INSW,106.7,102.6089,103.65,105.84,1.0,973558
2026-09-15,NYSE:INSW,109.8,105.285,105.8,107.74,1.0,1046888
2026-09-16,NYSE:INSW,111.9366,107.59,108.0,109.38,1.0,810424
2026-09-17,NYSE:INSW,113.13,108.3993,109.13,110.53,1.0,659312
2026-09-18,NYSE:INSW,113.14,109.31,112.18,111.15,1.0,1799469
2026-09-21,NYSE:INSW,112.82,107.56,109.01,109.1,1.0,889542
2026-09-22,NYSE:INSW,106.4999,102.23,104.71,103.95,1.0,1007165
2026-09-23,NYSE:INSW,104.24,99.45,104.0,101.96,1.0,601774
2026-09-24,NYSE:INSW,105.99,100.77,101.84,104.85,1.0,786757
2026-08-25,NASDAQ:PAGP,27.48,27.09,27.09,27.16,1.0,1247880
2026-08-26,NASDAQ:PAGP,28.15,27.0,27.11,28.13,1.0,1830792
2026-08-27,NASDAQ:PAGP,28.28,27.81,28.0,28.03,1.0,1835087
2026-08-28,NASDAQ:PAGP,28.23,27.945,28.08,27.97,1.0,1866557
2026-08-31,NASDAQ:PAGP,28.33,27.96,28.32,28.22,1.0,1953670
2026-09-01,NASDAQ:PAGP,28.7,28.3,28.7,28.47,1.0,1524279
2026-09-02,NASDAQ:PAGP,28.52,28.02,28.26,28.35,1.0,1441668
2026-09-03,NASDAQ:PAGP,28.4499,27.665,28.42,27.68,1.0,3073280
2026-09-04,NASDAQ:PAGP,27.915,27.38,27.64,27.89,1.0,1212252
2026-09-08,NASDAQ:PAGP,28.19,27.65,27.94,28.07,1.0,1955912
2026-09-09,NASDAQ:PAGP,28.38,27.84,28.19,27.97,1.0,2325442
2026-09-10,NASDAQ:PAGP,28.43,27.76,28.31,27.89,1.0,1682642
2026-09-11,NASDAQ:PAGP,28.13,27.745,27.83,27.99,1.0,2413764
2026-09-14,NASDAQ:PAGP,28.5,27.885,28.23,28.0,1.0,1733755
2026-09-15,NASDAQ:PAGP,28.115,27.78,27.98,27.84,1.0,1525890
2026-09-16,NASDAQ:PAGP,27.88,27.47,27.83,27.68,1.0,1633014
2026-09-17,NASDAQ:PAGP,27.95,27.44,27.55,27.725,1.0,1308953
2026-09-18,NASDAQ:PAGP,27.915,27.6,27.63,27.67,1.0,1172391
2026-09-21,NASDAQ:PAGP,27.78,27.27,27.55,27.33,1.0,960491
2026-09-22,NASDAQ:PAGP,27.395,26.745,27.04,26.87,1.0,2208405
2026-09-23,NASDAQ:PAGP,27.085,26.655,26.88,26.69,1.0,1287780
2026-09-24,NASDAQ:PAGP,26.94,26.57,26.81,26.7,1.0,1112121
2026-08-25,NYSE:SAR,18.5284,18.3,18.46,18.42,1.0,106119
2026-08-26,NYSE:SAR,18.5312,18.3,18.5,18.42,1.0,67937
2026-08-27,NYSE:SAR,18.53,18.26,18.4,18.33,1.0,109678
2026-08-28,NYSE:SAR,18.45,18.22,18.28,18.24,1.0,123898
2026-08-31,NYSE:SAR,18.555,18.2,18.2,18.5,1.0,139357
2026-09-01,NYSE:SAR,18.58,18.3,18.58,18.34,1.0,77198
2026-09-02,NYSE:SAR,18.5198,18.26,18.5,18.34,1.0,140110
2026-09-03,NYSE:SAR,18.3201,17.61,18.2,17.77,1.0,260807
2026-09-04,NYSE:SAR,17.77,17.45,17.77,17.64,1.0,297166
2026-09-08,NYSE:SAR,17.8,17.35,17.6,17.45,1.0,201367
2026-09-09,NYSE:SAR,17.52,17.2,17.45,17.37,1.0,185249
2026-09-10,NYSE:SAR,17.41,17.13,17.36,17.16,1.0,149892
2026-09-11,NYSE:SAR,17.35,17.12,17.22,17.22,1.0,128913
2026-09-14,NYSE:SAR,17.4,17.08,17.16,17.34,1.0,120336
2026-09-15,NYSE:SAR,17.47,17.25,17.31,17.4,1.0,110656
2026-09-16,NYSE:SAR,17.605,17.305,17.41,17.59,1.0,129621
2026-09-17,NYSE:SAR,18.08,17.67,17.67,17.86,1.0,137277
2026-09-18,NYSE:SAR,17.88,17.58,17.88,17.64,1.0,96815
2026-09-21,NYSE:SAR,17.66,17.0,17.0,17.57,1.0,140570
2026-09-22,NYSE:SAR,17.937,17.6333,17.68,17.75,1.0,124904
2026-09-23,NYSE:SAR,17.8,17.35,17.77,17.46,1.0,140968
2026-09-24,NYSE:SAR,17.65,17.275,17.65,17.335,1.0,101219
2026-08-25,NYSE:TTE,88.98899999999999,88.0,88.4,88.8,1.0,2471573
2026-08-26,NYSE:TTE,88.255,86.82,87.15,87.13,1.0,1503369
2026-08-27,NYSE:TTE,87.52,86.0,87.31,86.33,1.0,1874927
2026-08-28,NYSE:TTE,87.2,86.19,86.91,86.35,1.0,1542814
2026-08-31,NYSE:TTE,88.72,87.53,88.12,88.31,1.0,1135684
2026-09-01,NYSE:TTE,90.55,89.44,89.84,90.35,1.0,1065344
2026-09-02,NYSE:TTE,90.9,89.55,89.74,90.22,1.0,2249634
2026-09-03,NYSE:TTE,91.045,89.15,90.51,89.25,1.0,3385589
2026-09-04,NYSE:TTE,88.99,87.51,88.59,88.59,1.0,2316379
2026-09-08,NYSE:TTE,90.7551,89.8,89.87,90.1,1.0,1302712
2026-09-09,NYSE:TTE,91.785,90.745,91.59,91.64,1.0,1097377
2026-09-10,NYSE:TTE,91.79,90.815,91.73,91.23,1.0,983427
2026-09-11,NYSE:TTE,91.92,90.91,91.09,91.89,1.0,1214457
2026-09-14,NYSE:TTE,92.36,91.09,92.2,91.14,1.0,1464199
2026-09-15,NYSE:TTE,93.46,91.5,91.58,93.12,1.0,1033116
2026-09-16,NYSE:TTE,93.13,90.705,93.13,90.84,1.0,1504524
2026-09-17,NYSE:TTE,91.87,91.0401,91.14,91.59,1.0,973945
2026-09-18,NYSE:TTE,91.25,90.46,90.55,90.82,1.0,986715
2026-09-21,NYSE:TTE,91.35,89.79299999999999,91.25,90.06,1.0,1585802
2026-09-22,NYSE:TTE,90.04,88.9,89.1,89.85,1.0,1738542
2026-09-23,NYSE:TTE,91.73,89.7,89.775,91.67,1.0,2113638
2026-09-24,NYSE:TTE,92.5699,91.3225,91.78,91.925,1.0,1504224
2026-08-25,NYSE:HESM,39.42,38.73,38.82,39.08,1.0,2278192
2026-08-26,NYSE:HESM,40.13,39.04,39.04,40.08,1.0,1863042
2026-08-27,NYSE:HESM,40.0999,39.43,40.0,39.83,1.0,885906
2026-08-28,NYSE:HESM,40.2,39.51,40.02,39.56,1.0,841821
2026-08-31,NYSE:HESM,40.27,39.77,40.0,40.21,1.0,1864971
2026-09-01,NYSE:HESM,40.75,39.8,40.75,40.23,1.0,1320317
2026-09-02,NYSE:HESM,40.53,39.91,40.17,40.03,1.0,2233101
2026-09-03,NYSE:HESM,40.39,39.82,40.12,39.85,1.0,1754854
2026-09-04,NYSE:HESM,40.045,39.36,39.8,39.91,1.0,1407297
2026-09-08,NYSE:HESM,41.32,40.25,40.5,40.97,1.0,1216806
2026-09-09,NYSE:HESM,41.29,40.08,41.17,40.57,1.0,687458
2026-09-10,NYSE:HESM,41.1524,40.1,40.94,40.2,1.0,1047492
2026-09-11,NYSE:HESM,40.31,39.54,40.13,39.97,1.0,1076642
2026-09-14,NYSE:HESM,40.44,39.7701,40.3,39.89,1.0,960238
2026-09-15,NYSE:HESM,40.14,39.59,39.91,39.85,1.0,1033869
2026-09-16,NYSE:HESM,40.07,39.3,39.76,39.58,1.0,1528242
2026-09-17,NYSE:HESM,40.355,39.5,39.5,40.09,1.0,1312870
2026-09-18,NYSE:HESM,40.58,39.745,39.75,40.16,1.0,1460354
2026-09-21,NYSE:HESM,40.08,39.51,40.02,39.58,1.0,993063
2026-09-22,NYSE:HESM,39.96,38.96,39.32,39.17,1.0,1737058
2026-09-23,NYSE:HESM,39.69,38.76,39.13,38.78,1.0,1583964
2026-09-24,NYSE:HESM,39.03,38.3199,38.74,38.47,1.0,1835700
2026-08-25,NASDAQ:VRRM,4.54,4.355,4.47,4.43,1.0,2279829
2026-08-26,NASDAQ:VRRM,4.49,4.355,4.43,4.42,1.0,2331358
2026-08-27,NASDAQ:VRRM,4.585,4.4,4.48,4.41,1.0,2481693
2026-08-28,NASDAQ:VRRM,4.61,4.39,4.45,4.39,1.0,3119221
2026-08-31,NASDAQ:VRRM,4.47,4.335,4.42,4.43,1.0,4484911
2026-09-01,NASDAQ:VRRM,4.45,4.15,4.45,4.17,1.0,4163148
2026-09-02,NASDAQ:VRRM,4.25,4.13,4.2,4.2,1.0,2675918
2026-09-03,NASDAQ:VRRM,4.31,4.14,4.25,4.2,1.0,2651129
2026-09-04,NASDAQ:VRRM,4.185,4.04,4.17,4.07,1.0,4203923
2026-09-08,NASDAQ:VRRM,4.05,3.83,4.03,3.91,1.0,7885974
2026-09-09,NASDAQ:VRRM,3.8998,3.68,3.88,3.73,1.0,5581380
2026-09-10,NASDAQ:VRRM,3.74,3.625,3.73,3.65,1.0,5254881
2026-09-11,NASDAQ:VRRM,3.7,3.5,3.67,3.55,1.0,7243155
2026-09-14,NASDAQ:VRRM,3.66,3.48,3.52,3.63,1.0,8650104
2026-09-15,NASDAQ:VRRM,3.66,3.52,3.62,3.54,1.0,7652010
2026-09-16,NASDAQ:VRRM,3.55,3.44,3.53,3.54,1.0,7115729
2026-09-17,NASDAQ:VRRM,3.565,3.375,3.55,3.41,1.0,9113560
2026-09-18,NASDAQ:VRRM,3.51,3.23,3.37,3.48,1.0,33843287
2026-09-21,NASDAQ:VRRM,3.59,3.475,3.53,3.52,1.0,7247635
2026-09-22,NASDAQ:VRRM,3.57,3.4,3.57,3.44,1.0,5369141
2026-09-23,NASDAQ:VRRM,3.46,3.35,3.45,3.38,1.0,4289838
2026-09-24,NASDAQ:VRRM,3.41,3.24,3.4,3.25,1.0,4546695
2026-08-25,NASDAQ:TASK,7.97,7.72,7.83,7.96,1.0,190710
2026-08-26,NASDAQ:TASK,7.93,7.7,7.9,7.75,1.0,247170
2026-08-27,NASDAQ:TASK,8.22,7.7704,7.78,8.21,1.0,362243
2026-08-28,NASDAQ:TASK,8.43,8.1,8.15,8.39,1.0,603829
2026-08-31,NASDAQ:TASK,8.43,8.18,8.3,8.25,1.0,482329
2026-09-01,NASDAQ:TASK,8.22,7.745,8.1,7.76,1.0,320903
2026-09-02,NASDAQ:TASK,8.125,7.78,7.78,8.06,1.0,595353
2026-09-03,NASDAQ:TASK,8.2899,7.91,8.05,8.08,1.0,327066
2026-09-04,NASDAQ:TASK,8.18,7.805,8.05,7.91,1.0,447948
2026-09-08,NASDAQ:TASK,7.915,7.545,7.9,7.65,1.0,352078
2026-09-09,NASDAQ:TASK,7.625,7.46,7.62,7.57,1.0,241862
2026-09-10,NASDAQ:TASK,7.77,7.48,7.48,7.64,1.0,365721
2026-09-11,NASDAQ:TASK,8.23,7.655,7.72,8.14,1.0,720421
2026-09-14,NASDAQ:TASK,8.45,8.12,8.12,8.24,1.0,412831
2026-09-15,NASDAQ:TASK,8.43,8.115,8.16,8.27,1.0,385251
2026-09-16,NASDAQ:TASK,8.28,8.08,8.27,8.165,1.0,289891
2026-09-17,NASDAQ:TASK,8.25,8.02,8.25,8.14,1.0,280021
2026-09-18,NASDAQ:TASK,8.155,7.845,8.1,8.12,1.0,1431397
2026-09-21,NASDAQ:TASK,8.66,8.125,8.16,8.65,1.0,877185
2026-09-22,NASDAQ:TASK,8.8,8.315,8.69,8.65,1.0,952110
2026-09-23,NASDAQ:TASK,8.63,8.3,8.63,8.41,1.0,283012
2026-09-24,NASDAQ:TASK,8.45,7.53,8.39,7.98,1.0,700275
2026-08-25,NYSE:ECO,65.31,64.13,64.62,65.04,1.0,317900
2026-08-26,NYSE:ECO,63.33,61.9,63.0,62.28,1.0,669367
2026-08-27,NYSE:ECO,66.79,63.97,64.03,66.34,1.0,749101
2026-08-28,NYSE:ECO,67.81,65.82,66.53,66.86,1.0,527273
2026-08-31,NYSE:ECO,67.44,65.8,67.34,66.74,1.0,465202
2026-09-01,NYSE:ECO,68.5099,66.8699,67.58,67.96,1.0,445398
2026-09-02,NYSE:ECO,69.17,67.46,67.73,69.02,1.0,314732
2026-09-03,NYSE:ECO,70.86,69.31,70.0,69.56,1.0,432493
2026-09-04,NYSE:ECO,71.77,69.69,69.965,71.43,1.0,371838
2026-09-08,NYSE:ECO,72.75,69.54,72.75,69.95,1.0,702245
2026-09-09,NYSE:ECO,72.3,70.38,71.04,71.67,1.0,383599
2026-09-10,NYSE:ECO,73.4179,71.13,71.85,72.92,1.0,518423
2026-09-11,NYSE:ECO,76.21,73.19,73.2,76.15,1.0,680892
2026-09-14,NYSE:ECO,80.46,74.38,75.85,79.72,1.0,1132133
2026-09-15,NYSE:ECO,83.27,79.53,79.7,82.73,1.0,1137696
2026-09-16,NYSE:ECO,87.11,82.3439,82.49,84.74,1.0,1088176
2026-09-17,NYSE:ECO,87.31,84.78,85.66,86.3,1.0,986253
2026-09-18,NYSE:ECO,86.15,84.01,85.0,84.95,1.0,1143648
2026-09-21,NYSE:ECO,85.7999,81.71,82.83,82.63,1.0,1073197
2026-09-22,NYSE:ECO,79.14,75.56,77.83,77.54,1.0,1797700
2026-09-23,NYSE:ECO,79.08,75.61,77.55,78.03,1.0,723176
2026-09-24,NYSE:ECO,80.44,76.3,76.895,78.22,1.0,864499
2026-08-25,NYSE:TDS,33.865,32.92,33.33,33.82,1.0,884459
2026-08-26,NYSE:TDS,34.3,33.19,33.67,33.28,1.0,704438
2026-08-27,NYSE:TDS,33.35,32.64,32.93,33.15,1.0,666346
2026-08-28,NYSE:TDS,33.72,33.205,33.41,33.65,1.0,545371
2026-08-31,NYSE:TDS,34.025,33.39,33.63,33.68,1.0,1532513
2026-09-01,NYSE:TDS,34.425,33.075,33.53,33.62,1.0,1066953
2026-09-02,NYSE:TDS,36.4299,34.12,34.12,35.87,1.0,1895233
2026-09-03,NYSE:TDS,38.04,36.26,36.27,37.82,1.0,1767151
2026-09-04,NYSE:TDS,38.22,37.43,37.44,37.83,1.0,1310418
2026-09-08,NYSE:TDS,38.41,37.6,37.75,37.93,1.0,2391931
2026-09-09,NYSE:TDS,38.39,37.39,38.39,37.89,1.0,1218500
2026-09-10,NYSE:TDS,37.9,37.02,37.8,37.44,1.0,1254596
2026-09-11,NYSE:TDS,38.03,37.35,37.75,37.46,1.0,1338278
2026-09-14,NYSE:TDS,37.97,37.21,37.64,37.71,1.0,1081606
2026-09-15,NYSE:TDS,38.035,37.54,37.65,37.83,1.0,1633374
2026-09-16,NYSE:TDS,38.04,36.76,37.41,37.07,1.0,1622779
2026-09-17,NYSE:TDS,37.629,36.0,37.3,36.07,1.0,1650336
2026-09-18,NYSE:TDS,36.5,35.79,35.89,35.9,1.0,2898154
2026-09-21,NYSE:TDS,37.11,35.65,35.99,36.73,1.0,1387011
2026-09-22,NYSE:TDS,37.2828,36.63,36.82,36.69,1.0,1435308
2026-09-23,NYSE:TDS,36.91,36.315,36.33,36.43,1.0,1526052
2026-09-24,NYSE:TDS,37.24,36.165,37.05,36.31,1.0,1560264
2026-08-25,NYSE:LPG,51.565,50.3,51.05,50.79,1.0,369744
2026-08-26,NYSE:LPG,49.63,47.5,48.89,47.9,1.0,633762
2026-08-27,NYSE:LPG,49.98,48.2984,48.59,49.28,1.0,411793
2026-08-28,NYSE:LPG,50.3,49.17,49.33,49.78,1.0,264556
2026-08-31,NYSE:LPG,50.85,49.575,50.59,50.04,1.0,526912
2026-09-01,NYSE:LPG,51.99,49.64,50.85,50.86,1.0,839654
2026-09-02,NYSE:LPG,52.4,50.38,50.4,52.13,1.0,591747
2026-09-03,NYSE:LPG,53.8699,52.47,52.6,53.57,1.0,498996
2026-09-04,NYSE:LPG,55.28,53.9,53.9,55.2,1.0,615299
2026-09-08,NYSE:LPG,55.11,52.5622,54.84,53.49,1.0,672365
2026-09-09,NYSE:LPG,54.63,52.5201,54.63,53.63,1.0,605315
2026-09-10,NYSE:LPG,54.51,53.47,54.02,54.41,1.0,543733
2026-09-11,NYSE:LPG,55.49,54.255,54.52,55.18,1.0,466293
2026-09-14,NYSE:LPG,55.9551,54.23,55.39,55.38,1.0,660310
2026-09-15,NYSE:LPG,56.93,54.82,55.0,56.82,1.0,623049
2026-09-16,NYSE:LPG,59.17,55.5,56.25,57.86,1.0,732657
2026-09-17,NYSE:LPG,59.97,57.65,57.93,58.31,1.0,548404
2026-09-18,NYSE:LPG,58.45,57.39,57.85,58.15,1.0,1025636
2026-09-21,NYSE:LPG,58.2,56.13,57.28,56.64,1.0,727804
2026-09-22,NYSE:LPG,55.42,53.5,55.21,53.54,1.0,813121
2026-09-23,NYSE:LPG,54.025,52.09,54.0,53.16,1.0,539187
2026-09-24,NYSE:LPG,55.095,52.69,53.07,54.05,1.0,495464
2026-08-25,NYSE:FUN,17.06,16.565,16.99,16.59,1.0,1272969
2026-08-26,NYSE:FUN,16.72,16.03,16.55,16.13,1.0,994666
2026-08-27,NYSE:FUN,16.25,15.81,15.84,15.96,1.0,1663123
2026-08-28,NYSE:FUN,16.35,15.81,15.87,16.22,1.0,1645719
2026-08-31,NYSE:FUN,16.2,14.92,15.93,15.05,1.0,2454190
2026-09-01,NYSE:FUN,14.915,14.12,14.915,14.24,1.0,2437362
2026-09-02,NYSE:FUN,15.5,14.24,14.24,15.47,1.0,2768921
2026-09-03,NYSE:FUN,15.3,14.795,15.29,15.03,1.0,1886181
2026-09-04,NYSE:FUN,15.62,14.96,15.04,15.51,1.0,2010355
2026-09-08,NYSE:FUN,16.035,15.455,15.61,15.74,1.0,1740361
2026-09-09,NYSE:FUN,15.71,14.28,15.71,14.29,1.0,1583011
2026-09-10,NYSE:FUN,14.3229,13.65,13.99,13.67,1.0,1759394
2026-09-11,NYSE:FUN,13.98,13.12,13.71,13.12,1.0,3516108
2026-09-14,NYSE:FUN,13.565,12.86,13.06,13.18,1.0,1599319
2026-09-15,NYSE:FUN,13.06,12.525,13.06,12.73,1.0,2411243
2026-09-16,NYSE:FUN,12.87,12.26,12.85,12.37,1.0,2718316
2026-09-17,NYSE:FUN,12.94,12.47,12.69,12.51,1.0,1607022
2026-09-18,NYSE:FUN,12.59,12.0,12.42,12.22,1.0,2810538
2026-09-21,NYSE:FUN,12.56,12.22,12.33,12.37,1.0,1622911
2026-09-22,NYSE:FUN,12.8499,12.06,12.66,12.3,1.0,2048502
2026-09-23,NYSE:FUN,12.62,12.12,12.51,12.43,1.0,2030062
2026-09-24,NYSE:FUN,12.57,12.06,12.39,12.4,1.0,2001996
2026-08-25,NYSE:HSHP,16.7,16.24,16.52,16.7,1.0,225098
2026-08-26,NYSE:HSHP,16.53,15.81,16.53,15.9,1.0,226968
2026-08-27,NYSE:HSHP,16.38,15.94,15.96,16.3,1.0,236718
2026-08-28,NYSE:HSHP,16.8,16.52,16.64,16.7,1.0,226878
2026-08-31,NYSE:HSHP,16.89,16.49,16.69,16.74,1.0,296275
2026-09-01,NYSE:HSHP,17.09,16.76,16.77,17.01,1.0,275362
2026-09-02,NYSE:HSHP,17.73,17.13,17.26,17.65,1.0,363667
2026-09-03,NYSE:HSHP,18.02,17.6,17.71,17.93,1.0,510732
2026-09-04,NYSE:HSHP,18.72,18.07,18.07,18.35,1.0,526323
2026-09-09,NYSE:HSHP,18.46,17.84,18.265,18.04,1.0,555056
2026-09-10,NYSE:HSHP,18.195,17.7672,17.85,17.95,1.0,431784
2026-09-11,NYSE:HSHP,18.31,17.81,17.98,18.09,1.0,636864
2026-09-14,NYSE:HSHP,18.2125,17.54,17.83,18.11,1.0,524994
2026-09-15,NYSE:HSHP,18.37,17.93,17.93,18.36,1.0,429445
2026-09-16,NYSE:HSHP,18.6999,18.18,18.2,18.39,1.0,574775
2026-09-18,NYSE:HSHP,19.25,18.67,19.03,19.23,1.0,831838
2026-09-21,NYSE:HSHP,19.55,18.56,18.85,18.86,1.0,889281
2026-09-22,NYSE:HSHP,18.44,17.9,18.27,18.14,1.0,562458
2026-09-23,NYSE:HSHP,18.36,17.8,18.33,18.18,1.0,471404
2026-09-24,NYSE:HSHP,18.225,17.77,17.9,18.03,1.0,387509
2026-08-25,NYSE:CBL,56.31,55.3383,56.17,55.8,1.0,113704
2026-08-26,NYSE:CBL,56.3599,55.0001,56.01,55.1,1.0,151229
2026-08-27,NYSE:CBL,55.24,54.0,54.97,54.94,1.0,175000
2026-08-28,NYSE:CBL,56.03,54.89,55.31,55.04,1.0,134950
2026-08-31,NYSE:CBL,54.76,53.33,54.76,54.69,1.0,344830
2026-09-01,NYSE:CBL,55.295,53.43,54.83,53.8,1.0,336265
2026-09-02,NYSE:CBL,54.715,53.83,54.26,54.49,1.0,318654
2026-09-03,NYSE:CBL,55.6,54.08,54.94,54.92,1.0,212645
2026-09-04,NYSE:CBL,55.82,54.56,54.7,54.98,1.0,117699
2026-09-08,NYSE:CBL,55.975,54.47,54.5,55.46,1.0,262615
2026-09-09,NYSE:CBL,55.7799,54.875,55.4,55.26,1.0,161665
2026-09-10,NYSE:CBL,55.64,54.42,55.0,54.6,1.0,409325
2026-09-11,NYSE:CBL,55.855,54.2,55.16,54.73,1.0,189784
2026-09-14,NYSE:CBL,55.22,54.24,54.95,54.43,1.0,132441
2026-09-15,NYSE:CBL,53.675,52.21,53.54,53.26,1.0,239462
2026-09-16,NYSE:CBL,53.7527,52.27,53.18,53.06,1.0,311297
2026-09-17,NYSE:CBL,54.27,53.215,53.41,53.87,1.0,241585
2026-09-18,NYSE:CBL,54.34,53.46,53.66,54.34,1.0,710795
2026-09-21,NYSE:CBL,54.51,53.39,54.4,53.51,1.0,350059
2026-09-22,NYSE:CBL,54.565,53.35,53.98,53.97,1.0,206436
2026-09-23,NYSE:CBL,53.71,52.5,53.55,53.06,1.0,177398
2026-09-24,NYSE:CBL,53.24,51.64,53.09,52.285,1.0,355058
2026-08-25,NYSE:CHCT,15.22,14.77,15.2,15.02,1.0,330075
2026-08-26,NYSE:CHCT,15.19,14.865,15.11,14.94,1.0,241611
2026-08-27,NYSE:CHCT,15.09,14.87,14.87,15.09,1.0,344472
2026-08-28,NYSE:CHCT,15.16,14.86,15.08,14.95,1.0,366635
2026-08-31,NYSE:CHCT,14.99,14.68,14.99,14.71,1.0,1462908
2026-09-01,NYSE:CHCT,15.005,14.7,14.7,14.89,1.0,321638
2026-09-02,NYSE:CHCT,14.97,14.806,14.85,14.9,1.0,252836
2026-09-03,NYSE:CHCT,15.0,14.82,14.98,14.9,1.0,182624
2026-09-04,NYSE:CHCT,15.11,14.85,14.85,15.0,1.0,213589
2026-09-08,NYSE:CHCT,14.98,14.76,14.93,14.78,1.0,305126
2026-09-09,NYSE:CHCT,14.845,14.43,14.78,14.49,1.0,349379
2026-09-10,NYSE:CHCT,14.66,14.45,14.55,14.63,1.0,316554
2026-09-11,NYSE:CHCT,14.7918,14.5,14.67,14.61,1.0,241306
2026-09-14,NYSE:CHCT,14.8449,14.57,14.78,14.74,1.0,306709
2026-09-15,NYSE:CHCT,14.69,14.5,14.69,14.65,1.0,221747
2026-09-16,NYSE:CHCT,14.77,14.4,14.68,14.66,1.0,266060
2026-09-17,NYSE:CHCT,14.72,14.41,14.72,14.42,1.0,248711
2026-09-18,NYSE:CHCT,14.38,14.11,14.38,14.17,1.0,963251
2026-09-21,NYSE:CHCT,14.445,14.23,14.23,14.38,1.0,451150
2026-09-22,NYSE:CHCT,14.5992,14.345,14.45,14.43,1.0,347298
2026-09-23,NYSE:CHCT,14.39,14.19,14.39,14.27,1.0,330946
2026-09-24,NYSE:CHCT,14.34,14.15,14.285,14.3,1.0,347667
2026-08-25,NASDAQ:CATY,62.48,61.82,62.47,61.89,1.0,259098
2026-08-26,NASDAQ:CATY,62.335,61.74,62.09,62.04,1.0,222570
2026-08-27,NASDAQ:CATY,62.15,61.17,61.68,62.12,1.0,286380
2026-08-28,NASDAQ:CATY,62.1425,61.47,61.76,61.87,1.0,425843
2026-08-31,NASDAQ:CATY,61.74,61.05,61.65,61.21,1.0,513054
2026-09-01,NASDAQ:CATY,61.59,60.44,61.02,60.73,1.0,616400
2026-09-02,NASDAQ:CATY,62.51,60.83,61.13,62.0,1.0,502513
2026-09-03,NASDAQ:CATY,63.11,62.08,62.3,62.58,1.0,419342
2026-09-04,NASDAQ:CATY,63.125,62.06,62.24,62.69,1.0,314454
2026-09-08,NASDAQ:CATY,62.72,61.82,62.54,61.86,1.0,409707
2026-09-09,NASDAQ:CATY,62.0197,61.125,61.45,61.34,1.0,417804
2026-09-10,NASDAQ:CATY,62.075,60.83,61.3,62.04,1.0,310745
2026-09-11,NASDAQ:CATY,63.175,61.41,62.6,62.01,1.0,347923
2026-09-14,NASDAQ:CATY,62.82,62.07,62.07,62.42,1.0,383262
2026-09-15,NASDAQ:CATY,63.08,62.28,62.41,62.45,1.0,460133
2026-09-16,NASDAQ:CATY,62.765,60.94,62.43,62.0,1.0,660794
2026-09-17,NASDAQ:CATY,62.72,61.86,62.67,62.02,1.0,359618
2026-09-18,NASDAQ:CATY,62.35,61.39,61.7,62.25,1.0,1594972
2026-09-21,NASDAQ:CATY,62.56,61.47,62.29,61.48,1.0,599317
2026-09-22,NASDAQ:CATY,62.075,60.69,61.88,60.7,1.0,637728
2026-09-23,NASDAQ:CATY,61.085,60.19,60.56,60.47,1.0,427883
2026-09-24,NASDAQ:CATY,61.34,60.27,60.51,61.13,1.0,486874
2026-08-25,NASDAQ:MYRG,314.76,295.0301,309.39,296.14,1.0,216947
2026-08-26,NASDAQ:MYRG,314.32,295.04,296.05,312.83,1.0,321531
2026-08-27,NASDAQ:MYRG,318.2,305.76599999999996,317.54,309.39,1.0,236125
2026-08-28,NASDAQ:MYRG,311.45,293.0,309.53,294.42,1.0,400916
2026-08-31,NASDAQ:MYRG,296.0,289.0,295.0,291.42,1.0,352263
2026-09-01,NASDAQ:MYRG,292.99,281.4,287.42,286.46,1.0,453539
2026-09-02,NASDAQ:MYRG,292.9899,280.87,288.5,282.65,1.0,418554
2026-09-03,NASDAQ:MYRG,287.86,277.0,282.65,284.1,1.0,285072
2026-09-04,NASDAQ:MYRG,292.865,284.48,287.94,286.59,1.0,176348
2026-09-08,NASDAQ:MYRG,293.36,286.8101,290.71,288.16,1.0,233996
2026-09-09,NASDAQ:MYRG,292.74,284.7675,286.19,286.84,1.0,192825
2026-09-10,NASDAQ:MYRG,286.91,279.26,283.28,284.47,1.0,257199
2026-09-11,NASDAQ:MYRG,295.2999,285.9081,286.08,291.26,1.0,167272
2026-09-14,NASDAQ:MYRG,280.98,270.94,280.75,271.75,1.0,291319
2026-09-15,NASDAQ:MYRG,276.65,268.3,275.43,271.29,1.0,238368
2026-09-16,NASDAQ:MYRG,278.02,271.81,275.2,275.37,1.0,176084
2026-09-17,NASDAQ:MYRG,288.615,270.98,283.99,276.76,1.0,269470
2026-09-18,NASDAQ:MYRG,282.945,274.93,280.81,279.28,1.0,506321
2026-09-21,NASDAQ:MYRG,288.9356,276.085,282.74,288.45,1.0,288976
2026-09-22,NASDAQ:MYRG,291.37,286.11,290.0,289.05,1.0,235527
2026-09-23,NASDAQ:MYRG,298.33,286.49,288.61,295.18,1.0,323834
2026-09-24,NASDAQ:MYRG,297.29400000000004,286.9,290.31,295.18,1.0,211115
2026-08-25,NYSE:CAPL,23.5,22.865,23.25,23.0,1.0,38690
2026-08-26,NYSE:CAPL,23.4899,22.6,22.82,23.29,1.0,32758
2026-08-27,NYSE:CAPL,23.4135,23.0509,23.31,23.26,1.0,20128
2026-08-28,NYSE:CAPL,23.4699,23.015,23.13,23.09,1.0,28804
2026-08-31,NYSE:CAPL,23.4291,22.75,23.07,23.17,1.0,34402
2026-09-01,NYSE:CAPL,23.4197,23.1,23.25,23.26,1.0,14944
2026-09-02,NYSE:CAPL,23.369,23.0,23.11,23.04,1.0,5596
2026-09-03,NYSE:CAPL,23.16,22.85,22.96,22.91,1.0,22241
2026-09-04,NYSE:CAPL,22.98,22.52,22.98,22.85,1.0,54604
2026-09-08,NYSE:CAPL,23.38,22.7645,22.83,23.0,1.0,26456
2026-09-09,NYSE:CAPL,23.4264,23.08,23.17,23.2,1.0,11810
2026-09-10,NYSE:CAPL,23.18,22.76,23.12,22.9,1.0,15295
2026-09-11,NYSE:CAPL,23.2899,22.54,22.8,22.8,1.0,36853
2026-09-14,NYSE:CAPL,22.95,22.42,22.75,22.52,1.0,29055
2026-09-15,NYSE:CAPL,22.68,22.2379,22.28,22.29,1.0,22688
2026-09-16,NYSE:CAPL,23.1932,22.1,22.34,22.23,1.0,32029
2026-09-17,NYSE:CAPL,22.75,22.2,22.285,22.43,1.0,14255
2026-09-18,NYSE:CAPL,22.615,21.94,22.6,21.94,1.0,35688
2026-09-21,NYSE:CAPL,22.45,21.7366,21.81,22.04,1.0,31694
2026-09-22,NYSE:CAPL,22.4,21.8,22.09,21.95,1.0,11463
2026-09-23,NYSE:CAPL,22.2222,21.8,22.09,21.93,1.0,20198
2026-09-24,NYSE:CAPL,22.1499,21.4302,21.985,21.57,1.0,48216
2026-08-25,NYSE:CHMI,2.94,2.91,2.92,2.93,1.0,227441
2026-08-26,NYSE:CHMI,2.945,2.92,2.93,2.93,1.0,228114
2026-08-27,NYSE:CHMI,2.94,2.92,2.93,2.92,1.0,203189
2026-08-28,NYSE:CHMI,2.9518,2.91,2.93,2.92,1.0,180993
2026-08-31,NYSE:CHMI,2.96,2.91,2.91,2.94,1.0,190993
2026-09-01,NYSE:CHMI,2.95,2.92,2.94,2.93,1.0,170462
2026-09-02,NYSE:CHMI,2.95,2.92,2.94,2.93,1.0,409469
2026-09-03,NYSE:CHMI,2.96,2.92,2.93,2.95,1.0,181743
2026-09-04,NYSE:CHMI,2.97,2.93,2.93,2.96,1.0,179451
2026-09-08,NYSE:CHMI,2.98,2.94,2.95,2.97,1.0,338076
2026-09-09,NYSE:CHMI,2.97,2.92,2.96,2.92,1.0,105219
2026-09-10,NYSE:CHMI,2.925,2.89,2.91,2.9,1.0,262986
2026-09-11,NYSE:CHMI,2.92,2.87,2.92,2.87,1.0,136924
2026-09-14,NYSE:CHMI,2.89,2.85,2.87,2.89,1.0,309832
2026-09-15,NYSE:CHMI,2.89,2.81,2.88,2.85,1.0,440494
2026-09-16,NYSE:CHMI,2.9,2.8,2.84,2.81,1.0,284310
2026-09-17,NYSE:CHMI,2.91,2.83,2.83,2.86,1.0,138697
2026-09-18,NYSE:CHMI,2.855,2.82,2.84,2.82,1.0,140511
2026-09-21,NYSE:CHMI,2.87,2.82,2.82,2.85,1.0,92473
2026-09-22,NYSE:CHMI,2.87,2.835,2.87,2.85,1.0,107438
2026-09-23,NYSE:CHMI,2.84,2.76,2.84,2.76,1.0,361270
2026-09-24,NYSE:CHMI,2.7778,2.74,2.76,2.745,1.0,176612
2026-08-25,NASDAQ:CRNC,8.05,7.6,7.68,8.02,1.0,672073
2026-08-26,NASDAQ:CRNC,8.17,7.71,8.0,8.03,1.0,653130
2026-08-27,NASDAQ:CRNC,8.44,8.1244,8.19,8.41,1.0,702682
2026-08-28,NASDAQ:CRNC,8.625,8.295,8.41,8.5,1.0,647187
2026-08-31,NASDAQ:CRNC,8.745,8.415,8.415,8.44,1.0,456308
2026-09-01,NASDAQ:CRNC,8.51,8.05,8.21,8.42,1.0,648765
2026-09-02,NASDAQ:CRNC,8.61,8.2934,8.46,8.51,1.0,528071
2026-09-03,NASDAQ:CRNC,8.77,8.415,8.72,8.49,1.0,652384
2026-09-04,NASDAQ:CRNC,8.69,8.4,8.4,8.53,1.0,422066
2026-09-08,NASDAQ:CRNC,8.6399,8.21,8.57,8.26,1.0,590846
2026-09-09,NASDAQ:CRNC,8.44,8.125,8.18,8.28,1.0,674822
2026-09-10,NASDAQ:CRNC,8.26,8.0,8.11,8.14,1.0,413423
2026-09-11,NASDAQ:CRNC,8.54,8.14,8.29,8.51,1.0,1374802
2026-09-14,NASDAQ:CRNC,8.66,8.288,8.47,8.35,1.0,406701
2026-09-15,NASDAQ:CRNC,8.396,7.975,8.29,8.03,1.0,393976
2026-09-16,NASDAQ:CRNC,8.11,7.77,8.02,7.85,1.0,452424
2026-09-17,NASDAQ:CRNC,8.3,7.95,8.03,8.15,1.0,474684
2026-09-18,NASDAQ:CRNC,8.19,7.69,8.15,7.73,1.0,1286535
2026-09-21,NASDAQ:CRNC,8.22,7.67,7.89,8.15,1.0,611212
2026-09-22,NASDAQ:CRNC,8.315,8.0601,8.23,8.23,1.0,482660
2026-09-23,NASDAQ:CRNC,8.2728,7.96,8.26,8.07,1.0,471528
2026-08-25,NASDAQ:SBLK,31.25,30.25,30.75,31.11,1.0,2016129
2026-08-26,NASDAQ:SBLK,30.9753,29.42,30.95,29.58,1.0,1208782
2026-08-27,NASDAQ:SBLK,30.74,29.97,30.02,30.42,1.0,1373093
2026-08-28,NASDAQ:SBLK,30.79,30.39,30.44,30.48,1.0,797673
2026-08-31,NASDAQ:SBLK,31.005,30.281,30.55,30.87,1.0,1364230
2026-09-01,NASDAQ:SBLK,31.37,30.7001,30.99,31.05,1.0,1173492
2026-09-02,NASDAQ:SBLK,31.88,31.21,31.21,31.82,1.0,1716845
2026-09-03,NASDAQ:SBLK,32.4,31.71,32.024,31.87,1.0,1826284
2026-09-04,NASDAQ:SBLK,32.88,32.25,32.5,32.42,1.0,1445397
2026-09-08,NASDAQ:SBLK,31.47,30.65,31.35,31.02,1.0,2395370
2026-09-09,NASDAQ:SBLK,31.275,30.56,30.97,31.16,1.0,1001605
2026-09-10,NASDAQ:SBLK,31.29,30.54,31.14,30.74,1.0,2374919
2026-09-11,NASDAQ:SBLK,31.2,30.62,30.74,31.17,1.0,1308773
2026-09-14,NASDAQ:SBLK,31.0,30.35,30.89,30.83,1.0,2019849
2026-09-15,NASDAQ:SBLK,31.535,30.35,30.55,31.21,1.0,2145180
2026-09-16,NASDAQ:SBLK,31.285,30.61,30.76,30.87,1.0,2363363
2026-09-17,NASDAQ:SBLK,32.15,31.13,31.28,31.75,1.0,2220214
2026-09-18,NASDAQ:SBLK,32.5,31.83,32.1,32.48,1.0,2666544
2026-09-21,NASDAQ:SBLK,32.662,31.63,32.662,31.73,1.0,1339247
2026-09-22,NASDAQ:SBLK,31.5,30.75,31.135,30.94,1.0,2041965
2026-09-23,NASDAQ:SBLK,31.19,30.02,30.87,30.4,1.0,1690288
2026-09-24,NASDAQ:SBLK,30.72,29.79,30.2,29.9,1.0,2774499
2026-08-25,NYSE:HBM,30.8195,29.1,29.15,30.79,1.0,3150167
2026-08-26,NYSE:HBM,30.63,29.845,30.0,29.99,1.0,3847429
2026-08-27,NYSE:HBM,30.55,29.78,29.78,30.36,1.0,3342690
2026-08-28,NYSE:HBM,30.57,28.935,30.57,29.29,1.0,4971236
2026-08-31,NYSE:HBM,29.96,28.415,29.96,28.66,1.0,2706427
2026-09-01,NYSE:HBM,28.11,26.95,27.6,27.02,1.0,4198201
2026-09-02,NYSE:HBM,28.04,26.96,27.58,27.32,1.0,2983858
2026-09-03,NYSE:HBM,28.27,27.35,28.14,27.69,1.0,3097992
2026-09-04,NYSE:HBM,27.98,27.1,27.14,27.43,1.0,2074797
2026-09-08,NYSE:HBM,29.595,28.5,28.61,29.0,1.0,4199897
2026-09-09,NYSE:HBM,29.72,28.25,29.48,28.82,1.0,3428409
2026-09-10,NYSE:HBM,27.01,26.11,26.59,26.65,1.0,4356986
2026-09-11,NYSE:HBM,27.12,26.365,26.99,26.52,1.0,3127197
2026-09-14,NYSE:HBM,25.87,24.64,25.15,25.63,1.0,3026958
2026-09-15,NYSE:HBM,25.74,24.845,25.74,25.24,1.0,4584210
2026-09-16,NYSE:HBM,26.05,24.74,26.05,25.26,1.0,3527987
2026-09-17,NYSE:HBM,26.62,25.96,25.97,26.44,1.0,2532433
2026-09-18,NYSE:HBM,26.96,26.13,26.65,26.9,1.0,7227161
2026-09-21,NYSE:HBM,27.36,26.0,27.36,26.65,1.0,5027877
2026-09-22,NYSE:HBM,27.915,26.735,26.875,27.74,1.0,5835605
2026-09-23,NYSE:HBM,27.16,26.21,26.83,26.79,1.0,4255801
2026-09-24,NYSE:HBM,26.6,26.03,26.27,26.48,1.0,2542796
2026-08-25,NASDAQ:RIGL,47.46,45.14,45.48,46.75,1.0,373973
2026-08-26,NASDAQ:RIGL,47.09,45.365,46.34,46.48,1.0,232250
2026-08-27,NASDAQ:RIGL,47.0,45.605,46.29,46.86,1.0,210027
2026-08-28,NASDAQ:RIGL,46.79,45.6805,46.46,46.48,1.0,246125
2026-08-31,NASDAQ:RIGL,46.59,45.31,46.04,46.18,1.0,243090
2026-09-01,NASDAQ:RIGL,47.85,46.15,46.15,47.5,1.0,205505
2026-09-02,NASDAQ:RIGL,49.7,47.73,48.0,49.42,1.0,184699
2026-09-03,NASDAQ:RIGL,49.9,48.09,49.51,48.5,1.0,190389
2026-09-04,NASDAQ:RIGL,48.87,47.77,48.04,48.67,1.0,104968
2026-09-08,NASDAQ:RIGL,48.11,46.61,48.09,47.37,1.0,248396
2026-09-09,NASDAQ:RIGL,47.8799,46.775,46.85,47.22,1.0,177148
2026-09-10,NASDAQ:RIGL,47.35,46.2838,46.69,47.28,1.0,131329
2026-09-11,NASDAQ:RIGL,47.86,47.0,47.84,47.24,1.0,187183
2026-09-14,NASDAQ:RIGL,47.53,44.96,47.32,45.35,1.0,335807
2026-09-15,NASDAQ:RIGL,46.255,44.22,45.14,44.36,1.0,269889
2026-09-16,NASDAQ:RIGL,45.37,43.78,44.14,44.48,1.0,226406
2026-09-17,NASDAQ:RIGL,46.27,45.14,45.25,45.85,1.0,165748
2026-09-18,NASDAQ:RIGL,46.99,45.24,45.54,46.64,1.0,939569
2026-09-21,NASDAQ:RIGL,47.505,46.4936,47.13,47.09,1.0,164839
2026-09-22,NASDAQ:RIGL,49.02,47.23,47.5,48.82,1.0,242877
2026-09-23,NASDAQ:RIGL,48.69,46.9101,48.62,48.13,1.0,151375
2026-09-24,NASDAQ:RIGL,48.14,47.0,47.87,47.89,1.0,143804
2026-08-25,NYSE:VET,12.43,12.0549,12.21,12.2,1.0,1070300
2026-08-26,NYSE:VET,12.495,11.88,11.92,12.26,1.0,1388567
2026-08-27,NYSE:VET,12.795,12.23,12.23,12.71,1.0,1239166
2026-08-28,NYSE:VET,12.76,12.359000000000002,12.69,12.46,1.0,978546
2026-08-31,NYSE:VET,13.06,12.7,12.9,12.83,1.0,1409316
2026-09-01,NYSE:VET,13.21,12.8799,13.19,13.18,1.0,2442950
2026-09-02,NYSE:VET,13.34,12.985,13.01,13.17,1.0,1007311
2026-09-03,NYSE:VET,13.255,12.9,13.18,13.02,1.0,1275691
2026-09-04,NYSE:VET,12.985,12.71,12.87,12.84,1.0,853362
2026-09-08,NYSE:VET,13.265,12.99,13.13,13.04,1.0,881616
2026-09-09,NYSE:VET,13.5288,13.095,13.25,13.37,1.0,1578755
2026-09-10,NYSE:VET,13.73,13.2,13.63,13.39,1.0,1965210
2026-09-11,NYSE:VET,13.28,12.915,13.23,13.23,1.0,1223353
2026-09-14,NYSE:VET,13.75,13.23,13.54,13.29,1.0,1576571
2026-09-15,NYSE:VET,13.63,13.23,13.39,13.46,1.0,2827447
2026-09-16,NYSE:VET,13.33,12.515,13.24,12.62,1.0,2141759
2026-09-17,NYSE:VET,12.7,12.37,12.505,12.65,1.0,710117
2026-09-18,NYSE:VET,12.74,12.48,12.64,12.52,1.0,1259015
2026-09-21,NYSE:VET,12.36,11.88,12.31,11.91,1.0,1356148
2026-09-22,NYSE:VET,11.915,11.485,11.69,11.62,1.0,1768495
2026-09-23,NYSE:VET,11.88,11.61,11.73,11.68,1.0,1487335
2026-09-24,NYSE:VET,12.095,11.77,11.8,11.87,1.0,2038772
2026-08-25,NYSE:KMT,30.15,28.9251,30.0,29.27,1.0,1303031
2026-08-26,NYSE:KMT,30.01,29.0,29.45,30.01,1.0,1263652
2026-08-27,NYSE:KMT,30.45,29.42,29.91,30.21,1.0,983255
2026-08-28,NYSE:KMT,30.46,29.4,30.27,29.54,1.0,883117
2026-08-31,NYSE:KMT,29.7,29.155,29.56,29.34,1.0,1037891
2026-09-01,NYSE:KMT,29.79,28.81,29.79,29.19,1.0,1419098
2026-09-02,NYSE:KMT,29.73,28.96,29.27,29.45,1.0,1495045
2026-09-03,NYSE:KMT,29.65,28.74,29.65,29.43,1.0,1324638
2026-09-04,NYSE:KMT,31.02,29.45,29.6,31.02,1.0,2795624
2026-09-08,NYSE:KMT,31.15,30.2415,31.02,30.47,1.0,1432808
2026-09-09,NYSE:KMT,30.63,29.38,30.37,29.64,1.0,1457646
2026-09-10,NYSE:KMT,29.451,28.75,29.32,29.13,1.0,1432876
2026-09-11,NYSE:KMT,30.085,29.34,29.75,29.44,1.0,1301292
2026-09-14,NYSE:KMT,29.76,28.77,29.0,29.42,1.0,1068732
2026-09-15,NYSE:KMT,29.665,29.19,29.62,29.31,1.0,1098341
2026-09-16,NYSE:KMT,29.95,29.245,29.55,29.7,1.0,1214395
2026-09-17,NYSE:KMT,30.3099,29.745,30.27,29.84,1.0,1130113
2026-09-18,NYSE:KMT,30.09,29.465,29.69,29.77,1.0,2520261
2026-09-21,NYSE:KMT,30.24,29.46,30.16,29.47,1.0,1033920
2026-09-22,NYSE:KMT,29.82,29.31,29.82,29.6,1.0,1115016
2026-09-23,NYSE:KMT,30.1,29.2,29.47,29.94,1.0,860033
2026-09-24,NYSE:KMT,30.45,29.66,29.85,30.09,1.0,1773767
2026-08-25,NYSE:CF,128.93,125.755,126.44,127.26,1.0,2141561
2026-08-26,NYSE:CF,128.6695,124.236382,126.05,125.7,1.0,1949901
2026-08-27,NYSE:CF,127.3705,122.19,124.95,125.71,1.0,2185208
2026-08-28,NYSE:CF,129.25,124.5,126.71,125.79,1.0,1537303
2026-08-31,NYSE:CF,132.2199,126.715,127.87,130.03,1.0,3261331
2026-09-01,NYSE:CF,135.77,129.63,132.07,135.6,1.0,3835839
2026-09-02,NYSE:CF,141.27,131.29,133.57,139.27,1.0,4508443
2026-09-03,NYSE:CF,138.685,135.36,138.6,137.81,1.0,2270457
2026-09-04,NYSE:CF,135.965,131.64,135.43,133.35,1.0,2663079
2026-09-08,NYSE:CF,136.68,133.1894,134.06,134.33,1.0,2401784
2026-09-09,NYSE:CF,139.5,135.71,137.875,138.11,1.0,3217893
2026-09-10,NYSE:CF,141.6649,134.595,140.12,135.11,1.0,2842586
2026-09-11,NYSE:CF,136.89,132.0,132.6,133.07,1.0,2293431
2026-09-14,NYSE:CF,137.543,130.32,136.35,131.24,1.0,2128267
2026-09-15,NYSE:CF,137.04,130.09,130.5,135.54,1.0,3133032
2026-09-16,NYSE:CF,135.115,131.27,133.23,131.99,1.0,1648200
2026-09-17,NYSE:CF,134.5,130.0,130.28,133.82,1.0,1508921
2026-09-18,NYSE:CF,132.86,127.51,132.72,127.7,1.0,4629598
2026-09-21,NYSE:CF,127.65,122.21,126.59,123.27,1.0,3220380
2026-09-22,NYSE:CF,122.43,118.2854,122.01,120.59,1.0,3850536
2026-09-23,NYSE:CF,122.61,120.455,121.7,120.64,1.0,1999716
2026-09-24,NYSE:CF,122.19,117.77,121.96,118.44,1.0,1965522
2026-08-25,NYSE:FRT,118.08,116.95,118.08,117.75,1.0,505258
2026-08-26,NYSE:FRT,118.33,117.45,117.72,117.58,1.0,528706
2026-08-27,NYSE:FRT,117.39,116.585,116.82,116.92,1.0,572526
2026-08-28,NYSE:FRT,117.89,116.545,117.2,116.75,1.0,579316
2026-08-31,NYSE:FRT,116.72,115.69,116.3,116.03,1.0,680515
2026-09-01,NYSE:FRT,117.12,115.8801,116.52,117.03,1.0,860873
2026-09-02,NYSE:FRT,118.31,116.0701,117.63,117.94,1.0,769711
2026-09-03,NYSE:FRT,118.85,116.92,118.51,117.16,1.0,491671
2026-09-04,NYSE:FRT,117.97,116.89,117.15,117.09,1.0,455252
2026-09-08,NYSE:FRT,117.58,116.64,116.68,117.25,1.0,1154185
2026-09-09,NYSE:FRT,117.58,115.1,117.25,115.16,1.0,1192956
2026-09-10,NYSE:FRT,115.7,114.26,115.42,114.84,1.0,574211
2026-09-11,NYSE:FRT,115.69,114.11,115.2,114.36,1.0,564230
2026-09-14,NYSE:FRT,116.0,114.125,114.74,114.53,1.0,500205
2026-09-15,NYSE:FRT,115.49,113.43,115.49,113.93,1.0,605691
2026-09-16,NYSE:FRT,114.68,111.625,113.71,112.42,1.0,690795
2026-09-17,NYSE:FRT,112.86,111.43,112.86,111.76,1.0,916199
2026-09-18,NYSE:FRT,111.84,110.645,111.84,110.91,1.0,1647081
2026-09-21,NYSE:FRT,111.48,109.27,111.31,110.63,1.0,1472341
2026-09-22,NYSE:FRT,111.4333,110.0,110.96,110.46,1.0,1243651
2026-09-23,NYSE:FRT,110.66,109.31,110.15,109.39,1.0,765250
2026-09-24,NYSE:FRT,110.595,109.39,109.5,110.35,1.0,864203
2026-08-25,NYSE:CHT,43.2,42.81,42.99,43.17,1.0,137560
2026-08-26,NYSE:CHT,43.08,42.81,43.08,42.91,1.0,169248
2026-08-27,NYSE:CHT,43.0617,42.51,42.69,42.98,1.0,193899
2026-08-28,NYSE:CHT,43.35,42.95,42.98,42.99,1.0,175945
2026-08-31,NYSE:CHT,43.26,42.85,43.0,43.21,1.0,232486
2026-09-01,NYSE:CHT,43.5,42.93,43.21,43.24,1.0,217850
2026-09-02,NYSE:CHT,43.6,43.32,43.51,43.48,1.0,183256
2026-09-03,NYSE:CHT,43.84,43.47,43.74,43.76,1.0,194231
2026-09-04,NYSE:CHT,43.88,43.4,43.4,43.82,1.0,130876
2026-09-08,NYSE:CHT,44.42,43.89,43.96,44.23,1.0,235471
2026-09-09,NYSE:CHT,44.635,44.0634,44.42,44.42,1.0,241533
2026-09-10,NYSE:CHT,44.74,44.31,44.7,44.53,1.0,241464
2026-09-11,NYSE:CHT,44.89,44.575,44.8,44.85,1.0,162317
2026-09-14,NYSE:CHT,45.3,44.7875,45.11,45.25,1.0,390171
2026-09-15,NYSE:CHT,45.55,45.11,45.23,45.37,1.0,342998
2026-09-16,NYSE:CHT,45.63,44.93,45.4,45.18,1.0,262068
2026-09-17,NYSE:CHT,45.9668,44.47,44.47,45.72,1.0,287795
2026-09-18,NYSE:CHT,46.07,45.3874,45.45,45.9,1.0,412019
2026-09-21,NYSE:CHT,46.15,45.695,45.99,45.9,1.0,245321
2026-09-22,NYSE:CHT,46.26,45.7182,45.94,46.11,1.0,272588
2026-09-23,NYSE:CHT,46.3,45.665,46.02,46.2,1.0,311932
2026-09-24,NYSE:CHT,46.41,45.74,46.41,46.07,1.0,313131
2026-08-25,NYSE:IRS,15.21,14.87,15.18,15.15,1.0,109722
2026-08-26,NYSE:IRS,15.29,14.95,15.07,15.04,1.0,138145
2026-08-27,NYSE:IRS,15.15,14.78,14.92,14.92,1.0,94463
2026-08-28,NYSE:IRS,15.26,14.52,14.98,14.64,1.0,112534
2026-08-31,NYSE:IRS,15.0,14.54,14.7,14.96,1.0,262124
2026-09-01,NYSE:IRS,15.18,14.82,14.88,15.03,1.0,74137
2026-09-02,NYSE:IRS,15.39,14.97,15.01,15.29,1.0,69154
2026-09-03,NYSE:IRS,15.5,15.03,15.4,15.08,1.0,80537
2026-09-04,NYSE:IRS,15.49,14.58,14.58,15.16,1.0,164635
2026-09-08,NYSE:IRS,15.3311,14.85,15.09,15.11,1.0,83947
2026-09-09,NYSE:IRS,15.93,14.845,15.03,15.46,1.0,544777
2026-09-10,NYSE:IRS,15.95,15.4,15.5,15.57,1.0,424020
2026-09-11,NYSE:IRS,15.7,15.4,15.66,15.54,1.0,201109
2026-09-14,NYSE:IRS,15.6416,15.1,15.51,15.26,1.0,215511
2026-09-15,NYSE:IRS,15.44,15.0,15.23,15.36,1.0,161900
2026-09-16,NYSE:IRS,15.57,15.16,15.45,15.4,1.0,107014
2026-09-17,NYSE:IRS,16.23,15.31,15.5,16.02,1.0,196176
2026-09-18,NYSE:IRS,16.404,15.45,15.98,15.47,1.0,108569
2026-09-21,NYSE:IRS,15.7,15.33,15.62,15.6,1.0,236379
2026-09-22,NYSE:IRS,15.84,15.0459,15.56,15.39,1.0,211351
2026-09-23,NYSE:IRS,15.38,14.92,15.28,15.11,1.0,128373
2026-09-24,NYSE:IRS,15.2678,14.68,15.09,14.8,1.0,144570
2026-08-25,NASDAQ:SIGA,3.05,2.96,2.96,3.04,1.0,375047
2026-08-26,NASDAQ:SIGA,3.11,3.0,3.06,3.07,1.0,651123
2026-08-27,NASDAQ:SIGA,3.085,2.91,3.05,3.06,1.0,813649
2026-08-28,NASDAQ:SIGA,3.08,2.985,3.08,3.06,1.0,569084
2026-08-31,NASDAQ:SIGA,3.155,3.0,3.06,3.14,1.0,889211
2026-09-01,NASDAQ:SIGA,3.275,3.105,3.13,3.24,1.0,1077115
2026-09-02,NASDAQ:SIGA,3.26,3.18,3.24,3.21,1.0,663248
2026-09-03,NASDAQ:SIGA,3.28,3.155,3.22,3.23,1.0,830215
2026-09-04,NASDAQ:SIGA,3.32,3.095,3.2,3.29,1.0,899427
2026-09-08,NASDAQ:SIGA,3.275,3.14,3.245,3.2,1.0,786127
2026-09-09,NASDAQ:SIGA,3.25,3.04,3.2,3.08,1.0,582774
2026-09-10,NASDAQ:SIGA,3.07,3.0,3.07,3.02,1.0,550419
2026-09-11,NASDAQ:SIGA,3.0817,3.01,3.06,3.03,1.0,453372
2026-09-14,NASDAQ:SIGA,3.155,2.9904,3.04,3.15,1.0,522908
2026-09-15,NASDAQ:SIGA,3.14,2.935,3.14,2.98,1.0,480092
2026-09-16,NASDAQ:SIGA,3.1,2.93,2.98,3.1,1.0,811869
2026-09-17,NASDAQ:SIGA,3.1251,3.04,3.09,3.05,1.0,711059
2026-09-18,NASDAQ:SIGA,3.2,3.005,3.03,3.14,1.0,746251
2026-09-21,NASDAQ:SIGA,3.17,3.08,3.13,3.16,1.0,471186
2026-09-22,NASDAQ:SIGA,3.305,3.15,3.19,3.26,1.0,493595
2026-09-23,NASDAQ:SIGA,3.27,3.13,3.25,3.17,1.0,435190
2026-09-24,NASDAQ:SIGA,3.27,3.155,3.17,3.25,1.0,1118430
2026-08-25,NASDAQ:TGTX,57.9,54.68,56.66,55.42,1.0,1991544
2026-08-26,NASDAQ:TGTX,56.04,54.53,55.5,55.03,1.0,963307
2026-08-27,NASDAQ:TGTX,55.97,54.15,55.0,55.72,1.0,1222502
2026-08-28,NASDAQ:TGTX,55.53,53.83,55.53,53.93,1.0,1030762
2026-08-31,NASDAQ:TGTX,54.36,52.67,53.58,54.3,1.0,1622148
2026-09-01,NASDAQ:TGTX,56.27,52.11,53.0,56.09,1.0,3198318
2026-09-02,NASDAQ:TGTX,57.87,54.7,56.18,56.9,1.0,2361895
2026-09-03,NASDAQ:TGTX,58.47,56.19,57.4,56.71,1.0,1571490
2026-09-04,NASDAQ:TGTX,56.7,55.56,56.3,55.985,1.0,992966
2026-09-08,NASDAQ:TGTX,55.925,54.09,55.34,55.74,1.0,1085843
2026-09-09,NASDAQ:TGTX,57.14,54.24,55.55,54.65,1.0,1409849
2026-09-10,NASDAQ:TGTX,55.41,54.01,54.36,55.39,1.0,1367500
2026-09-11,NASDAQ:TGTX,56.26,53.47,55.71,53.89,1.0,1368582
2026-09-14,NASDAQ:TGTX,54.2,53.19,53.97,54.0,1.0,1362263
2026-09-15,NASDAQ:TGTX,54.4124,52.5001,53.59,53.04,1.0,1758959
2026-09-16,NASDAQ:TGTX,57.605,53.105,53.12,55.85,1.0,2350124
2026-09-17,NASDAQ:TGTX,57.87,56.0401,57.61,56.47,1.0,1467994
2026-09-18,NASDAQ:TGTX,57.73,56.18,56.98,56.87,1.0,5168992
2026-09-21,NASDAQ:TGTX,58.92,56.0,57.23,57.16,1.0,2142757
2026-09-22,NASDAQ:TGTX,58.62,56.56,57.41,58.11,1.0,2084660
2026-09-23,NASDAQ:TGTX,58.25,54.78,58.11,56.0,1.0,2119983
2026-09-24,NASDAQ:TGTX,57.55,55.09,55.95,57.52,1.0,1138191
2026-08-25,NYSE:FBRT,8.51,8.305,8.45,8.48,1.0,1693739
2026-08-26,NYSE:FBRT,8.55,8.385,8.445,8.45,1.0,1539891
2026-08-27,NYSE:FBRT,8.525,8.36,8.41,8.38,1.0,1484414
2026-08-28,NYSE:FBRT,8.505,8.37,8.37,8.46,1.0,1794753
2026-08-31,NYSE:FBRT,8.505,8.36,8.4,8.37,1.0,2098323
2026-09-01,NYSE:FBRT,8.47,8.31,8.31,8.34,1.0,2265030
2026-09-02,NYSE:FBRT,8.595,8.4,8.42,8.51,1.0,1982840
2026-09-03,NYSE:FBRT,8.595,8.46,8.58,8.53,1.0,1642642
2026-09-04,NYSE:FBRT,8.735,8.445,8.47,8.59,1.0,1811689
2026-09-08,NYSE:FBRT,8.5,8.23,8.47,8.32,1.0,3487410
2026-09-09,NYSE:FBRT,8.335,7.98,8.3,8.0,1.0,2385423
2026-09-10,NYSE:FBRT,7.99,7.645,7.99,7.68,1.0,1677895
2026-09-11,NYSE:FBRT,7.985,7.6508,7.8,7.78,1.0,2828214
2026-09-14,NYSE:FBRT,7.795,7.685,7.78,7.73,1.0,1531985
2026-09-15,NYSE:FBRT,7.83,7.6,7.67,7.81,1.0,1629709
2026-09-16,NYSE:FBRT,7.89,7.66,7.8,7.73,1.0,1727019
2026-09-17,NYSE:FBRT,7.8,7.54,7.75,7.6,1.0,1864240
2026-09-18,NYSE:FBRT,7.545,7.39,7.45,7.47,1.0,14201045
2026-09-21,NYSE:FBRT,7.76,7.47,7.48,7.71,1.0,2077684
2026-09-22,NYSE:FBRT,7.92,7.74,7.74,7.75,1.0,1914121
2026-09-23,NYSE:FBRT,7.7724,7.455,7.76,7.46,1.0,1508972
2026-09-24,NYSE:FBRT,7.5482,7.28,7.47,7.3,1.0,1946859
2026-08-25,NYSE:MWA,25.4,24.79,25.4,24.94,1.0,704773
2026-08-26,NYSE:MWA,25.28,24.89,25.0,25.27,1.0,804103
2026-08-27,NYSE:MWA,25.24,24.59,25.0,24.72,1.0,1045329
2026-08-28,NYSE:MWA,24.91,24.225,24.75,24.38,1.0,648198
2026-08-31,NYSE:MWA,24.5526,24.04,24.25,24.14,1.0,898468
2026-09-01,NYSE:MWA,24.1,23.54,23.93,23.57,1.0,896521
2026-09-02,NYSE:MWA,24.06,23.485,23.59,23.82,1.0,1134427
2026-09-03,NYSE:MWA,24.2199,23.81,23.98,23.9,1.0,1045020
2026-09-04,NYSE:MWA,24.18,23.9,23.93,23.95,1.0,858710
2026-09-08,NYSE:MWA,24.04,23.75,23.99,23.76,1.0,865889
2026-09-09,NYSE:MWA,24.1,23.59,23.62,23.99,1.0,1547013
2026-09-10,NYSE:MWA,23.875,23.35,23.78,23.69,1.0,1214762
2026-09-11,NYSE:MWA,24.09,23.77,24.02,23.94,1.0,1249394
2026-09-14,NYSE:MWA,23.84,22.975,23.74,23.08,1.0,1462690
2026-09-15,NYSE:MWA,23.24,22.68,23.23,22.81,1.0,1602589
2026-09-16,NYSE:MWA,23.0875,22.6,23.02,22.74,1.0,1440551
2026-09-17,NYSE:MWA,22.45,21.77,22.39,21.85,1.0,1578913
2026-09-18,NYSE:MWA,21.98,21.68,21.85,21.9,1.0,5011295
2026-09-21,NYSE:MWA,22.0777,21.75,22.01,21.91,1.0,1377511
2026-09-22,NYSE:MWA,22.285,21.915,22.21,22.02,1.0,1400647
2026-09-23,NYSE:MWA,22.0101,21.71,21.91,21.72,1.0,1076229
2026-09-24,NYSE:MWA,21.75,21.326999999999998,21.68,21.47,1.0,1367449
2026-08-25,NYSE:NTR,73.33,71.7761,72.46,72.84,1.0,2540291
2026-08-26,NYSE:NTR,74.14,72.0955,72.44,73.61,1.0,2184272
2026-08-27,NYSE:NTR,73.35,72.135,73.29,73.06,1.0,1330731
2026-08-28,NYSE:NTR,75.09,73.14,73.5,73.51,1.0,1870692
2026-08-31,NYSE:NTR,75.95,74.35,74.74,75.53,1.0,3054491
2026-09-01,NYSE:NTR,77.99454200000001,75.4601,76.0,77.69,1.0,3723500
2026-09-02,NYSE:NTR,80.7,76.405,76.82,80.29,1.0,2888260
2026-09-03,NYSE:NTR,80.92,79.43,80.325,80.73,1.0,2908184
2026-09-04,NYSE:NTR,80.01,78.27,78.98,79.47,1.0,2774708
2026-09-08,NYSE:NTR,81.828,80.0,80.12,80.68,1.0,3179926
2026-09-09,NYSE:NTR,82.55,80.355,81.85,80.72,1.0,3355102
2026-09-10,NYSE:NTR,81.44,78.74,81.42,78.74,1.0,2457808
2026-09-11,NYSE:NTR,79.65,77.98,78.05,78.45,1.0,2443978
2026-09-14,NYSE:NTR,78.975,76.8,78.91,77.0,1.0,3145549
2026-09-15,NYSE:NTR,79.36,76.735,77.34,78.72,1.0,2562022
2026-09-16,NYSE:NTR,78.645,77.19,78.33,77.68,1.0,1606919
2026-09-17,NYSE:NTR,79.3125,77.46,77.51,78.92,1.0,1486307
2026-09-18,NYSE:NTR,79.09,76.76,78.91,77.09,1.0,2263469
2026-09-21,NYSE:NTR,77.03,73.06,76.59,74.54,1.0,5721121
2026-09-22,NYSE:NTR,76.05,73.48,73.86,75.43,1.0,2833845
2026-09-23,NYSE:NTR,75.91,74.8,75.4,75.13,1.0,1902234
2026-09-24,NYSE:NTR,75.89,73.75,75.74,73.96,1.0,2294209
2026-08-25,NYSE:BSM,15.0299,14.8273,15.0,14.89,1.0,378666
2026-08-26,NYSE:BSM,15.1,14.785,14.89,14.8,1.0,674342
2026-08-27,NYSE:BSM,14.985,14.685,14.79,14.93,1.0,282100
2026-08-28,NYSE:BSM,14.97,14.75,14.88,14.75,1.0,254081
2026-08-31,NYSE:BSM,14.96,14.78,14.91,14.88,1.0,268956
2026-09-01,NYSE:BSM,14.94,14.7838,14.9,14.9,1.0,133867
2026-09-02,NYSE:BSM,15.065,14.79,14.79,14.94,1.0,402165
2026-09-03,NYSE:BSM,14.99,14.66,14.99,14.68,1.0,190141
2026-09-04,NYSE:BSM,14.77,14.51,14.7,14.65,1.0,135296
2026-09-08,NYSE:BSM,14.875,14.685,14.71,14.84,1.0,166319
2026-09-09,NYSE:BSM,14.97,14.81,14.94,14.9,1.0,256027
2026-09-10,NYSE:BSM,14.98,14.715,14.98,14.93,1.0,566670
2026-09-11,NYSE:BSM,15.04,14.87,14.88,14.99,1.0,463579
2026-09-14,NYSE:BSM,15.14,14.9,14.945,14.9,1.0,884745
2026-09-15,NYSE:BSM,15.2,14.85,14.85,15.17,1.0,537036
2026-09-16,NYSE:BSM,15.18,14.71,15.18,14.77,1.0,564984
2026-09-17,NYSE:BSM,14.83,14.6701,14.7,14.8,1.0,282107
2026-09-18,NYSE:BSM,14.89,14.7,14.8,14.82,1.0,419388
2026-09-21,NYSE:BSM,14.9099,14.76,14.89,14.86,1.0,258781
2026-09-22,NYSE:BSM,14.89,14.695,14.75,14.76,1.0,228288
2026-09-23,NYSE:BSM,14.88,14.56,14.84,14.56,1.0,347362
2026-09-24,NYSE:BSM,14.82,14.6,14.65,14.69,1.0,413272
2026-08-25,NYSE:BLX,54.71,53.65,53.88,54.58,1.0,140795
2026-08-26,NYSE:BLX,55.13,54.415,54.69,54.52,1.0,122282
2026-08-27,NYSE:BLX,54.98,54.08,54.11,54.76,1.0,120433
2026-08-28,NYSE:BLX,55.195,54.22,54.67,54.54,1.0,115733
2026-08-31,NYSE:BLX,54.739,53.64,54.6,53.92,1.0,230834
2026-09-01,NYSE:BLX,54.735,53.54,53.72,54.22,1.0,96749
2026-09-02,NYSE:BLX,55.75,54.47,55.195,55.41,1.0,142248
2026-09-03,NYSE:BLX,55.99,55.53,55.76,55.84,1.0,124649
2026-09-04,NYSE:BLX,56.255,55.165,55.54,55.64,1.0,136890
2026-09-08,NYSE:BLX,56.43,55.11,55.64,56.33,1.0,148052
2026-09-09,NYSE:BLX,56.4899,55.055,56.33,55.35,1.0,186215
2026-09-10,NYSE:BLX,55.67,54.935,55.12,55.63,1.0,316772
2026-09-11,NYSE:BLX,56.315,55.14,56.21,55.29,1.0,193451
2026-09-14,NYSE:BLX,55.275,54.49,54.91,54.58,1.0,130713
2026-09-15,NYSE:BLX,55.2199,53.955,54.8,54.12,1.0,141238
2026-09-16,NYSE:BLX,54.57,52.94,54.06,53.61,1.0,214315
2026-09-17,NYSE:BLX,54.595,53.733999999999995,54.22,54.45,1.0,166117
2026-09-18,NYSE:BLX,54.87,53.695,54.2,53.83,1.0,218402
2026-09-21,NYSE:BLX,55.04,53.79,54.12,54.76,1.0,263463
2026-09-22,NYSE:BLX,56.01,54.82,55.12,55.55,1.0,307430
2026-09-23,NYSE:BLX,55.79,55.0,55.43,55.25,1.0,149314
2026-09-24,NYSE:BLX,55.54,54.19,55.2,54.58,1.0,158863
2026-08-25,NASDAQ:PLAB,30.6861,29.21,30.3,29.32,1.0,1377094
2026-08-26,NASDAQ:PLAB,37.91,29.86,37.26,30.25,1.0,8327606
2026-08-27,NASDAQ:PLAB,31.1,29.46,30.115,30.26,1.0,2604645
2026-08-28,NASDAQ:PLAB,30.01,27.45,30.01,27.73,1.0,2638672
2026-08-31,NASDAQ:PLAB,29.3716,27.76,28.04,28.14,1.0,2027632
2026-09-01,NASDAQ:PLAB,27.8533,27.06,27.69,27.33,1.0,3002295
2026-09-02,NASDAQ:PLAB,28.1,27.3,27.41,27.87,1.0,1213351
2026-09-03,NASDAQ:PLAB,28.39,27.35,27.73,28.18,1.0,836440
2026-09-04,NASDAQ:PLAB,29.19,28.33,28.7,29.13,1.0,1056182
2026-09-08,NASDAQ:PLAB,29.98,29.0584,29.765,29.36,1.0,1008765
2026-09-09,NASDAQ:PLAB,29.68,28.89,29.12,29.1,1.0,823251
2026-09-10,NASDAQ:PLAB,28.67,28.12,28.4,28.38,1.0,771703
2026-09-11,NASDAQ:PLAB,29.28,28.59,28.79,28.99,1.0,621489
2026-09-14,NASDAQ:PLAB,27.85,27.14,27.33,27.16,1.0,1077314
2026-09-15,NASDAQ:PLAB,27.78,26.925,27.54,27.26,1.0,842349
2026-09-16,NASDAQ:PLAB,28.41,27.38,27.49,27.85,1.0,1084917
2026-09-17,NASDAQ:PLAB,28.649,28.095,28.36,28.51,1.0,795945
2026-09-18,NASDAQ:PLAB,29.17,28.5,28.76,29.11,1.0,1224427
2026-09-21,NASDAQ:PLAB,29.62,29.0,29.62,29.34,1.0,666766
2026-09-22,NASDAQ:PLAB,30.505,29.0,29.28,30.42,1.0,988022
2026-09-23,NASDAQ:PLAB,30.39,29.49,30.34,30.35,1.0,771243
2026-09-24,NASDAQ:PLAB,30.06,29.38,29.95,29.81,1.0,568055
2026-08-25,NYSE:AVA,38.3,37.75,38.1,37.75,1.0,721200
2026-08-26,NYSE:AVA,38.24,37.66,37.84,38.15,1.0,756691
2026-08-27,NYSE:AVA,38.0,37.45,37.8,37.74,1.0,622715
2026-08-28,NYSE:AVA,38.15,37.5,38.01,37.66,1.0,552838
2026-08-31,NYSE:AVA,37.565,37.1269,37.45,37.16,1.0,1113339
2026-09-01,NYSE:AVA,37.77,37.2878,37.34,37.64,1.0,676190
2026-09-02,NYSE:AVA,37.64,37.0,37.64,37.25,1.0,756025
2026-09-03,NYSE:AVA,37.8,37.35,37.46,37.63,1.0,717302
2026-09-04,NYSE:AVA,37.7272,37.365,37.49,37.55,1.0,512139
2026-09-08,NYSE:AVA,37.91,37.39,37.39,37.61,1.0,442860
2026-09-09,NYSE:AVA,37.74,37.21,37.61,37.4,1.0,513665
2026-09-10,NYSE:AVA,37.7877,37.01,37.61,37.13,1.0,452961
2026-09-11,NYSE:AVA,37.42,36.74,37.41,36.79,1.0,527538
2026-09-14,NYSE:AVA,37.205,36.63,37.06,36.65,1.0,625455
2026-09-15,NYSE:AVA,36.77,36.22,36.7,36.31,1.0,1057593
2026-09-16,NYSE:AVA,36.83,36.495,36.56,36.74,1.0,712066
2026-09-17,NYSE:AVA,37.05,36.685,36.99,36.76,1.0,535955
2026-09-18,NYSE:AVA,36.5199,36.14,36.42,36.25,1.0,1907154
2026-09-21,NYSE:AVA,36.47,36.1,36.35,36.1,1.0,602165
2026-09-22,NYSE:AVA,36.45,36.0,36.11,36.0,1.0,574301
2026-09-23,NYSE:AVA,35.89,35.24,35.85,35.45,1.0,775686
2026-09-24,NYSE:AVA,35.7524,34.975,35.61,35.05,1.0,675468
2026-08-25,NASDAQ:ORKA,106.905,100.29,104.74,101.82,1.0,1308022
2026-08-26,NASDAQ:ORKA,102.48,98.2401,101.3,99.44,1.0,526825
2026-08-27,NASDAQ:ORKA,99.615,96.16,98.93,96.54,1.0,614632
2026-08-28,NASDAQ:ORKA,95.45,91.01,95.08,91.145,1.0,589442
2026-08-31,NASDAQ:ORKA,93.88,86.0,91.0,92.62,1.0,1292888
2026-09-01,NASDAQ:ORKA,93.2,90.27,90.78,92.11,1.0,596159
2026-09-02,NASDAQ:ORKA,96.2,89.88,93.05,91.63,1.0,672355
2026-09-03,NASDAQ:ORKA,93.69,90.1185,91.72,90.99,1.0,732598
2026-09-04,NASDAQ:ORKA,94.0,89.38,90.06,92.51,1.0,600471
2026-09-08,NASDAQ:ORKA,96.435,87.676,90.06,94.31,1.0,868274
2026-09-09,NASDAQ:ORKA,94.85,91.23,93.59,91.5,1.0,524990
2026-09-10,NASDAQ:ORKA,92.285,88.07,90.21,91.65,1.0,554607
2026-09-11,NASDAQ:ORKA,94.29,90.48,93.4,92.38,1.0,585301
2026-09-14,NASDAQ:ORKA,97.48,92.55,92.56,95.93,1.0,773856
2026-09-15,NASDAQ:ORKA,95.805,90.41,95.14,92.2,1.0,784695
2026-09-16,NASDAQ:ORKA,95.46,92.185,92.7,93.55,1.0,926981
2026-09-17,NASDAQ:ORKA,98.02,94.04899999999999,94.93,97.73,1.0,1046991
2026-09-18,NASDAQ:ORKA,98.29,94.52,98.18,94.96,1.0,1943008
2026-09-21,NASDAQ:ORKA,96.0,91.75,95.75,93.38,1.0,1185412
2026-09-22,NASDAQ:ORKA,96.78,91.53,93.38,94.55,1.0,1055119
2026-09-23,NASDAQ:ORKA,95.81,85.0,94.08,89.925,1.0,1992979
2026-09-24,NASDAQ:ORKA,89.18,82.695,88.83,85.49,1.0,1294347
2026-08-25,NASDAQ:GOOD,13.2,13.015,13.19,13.12,1.0,318880
2026-08-26,NASDAQ:GOOD,13.15,13.005,13.15,13.01,1.0,214041
2026-08-27,NASDAQ:GOOD,13.03,12.905,12.95,12.98,1.0,265346
2026-08-28,NASDAQ:GOOD,13.14,13.0,13.0,13.01,1.0,299498
2026-08-31,NASDAQ:GOOD,13.02,12.89,13.01,12.97,1.0,476685
2026-09-01,NASDAQ:GOOD,13.04,12.9,12.97,12.99,1.0,319227
2026-09-02,NASDAQ:GOOD,13.14,12.965,13.0,13.0,1.0,414353
2026-09-03,NASDAQ:GOOD,13.13,12.975,13.11,13.02,1.0,252545
2026-09-04,NASDAQ:GOOD,13.23,12.9472,12.995,13.11,1.0,227802
2026-09-08,NASDAQ:GOOD,13.27,13.04,13.05,13.09,1.0,424094
2026-09-09,NASDAQ:GOOD,13.089,12.835,13.05,12.86,1.0,380954
2026-09-10,NASDAQ:GOOD,12.935,12.725,12.85,12.78,1.0,297903
2026-09-11,NASDAQ:GOOD,12.9199,12.67,12.88,12.71,1.0,310822
2026-09-14,NASDAQ:GOOD,12.85,12.62,12.64,12.75,1.0,365682
2026-09-15,NASDAQ:GOOD,12.83,12.65,12.71,12.79,1.0,283231
2026-09-16,NASDAQ:GOOD,12.9457,12.57,12.8,12.67,1.0,401546
2026-09-17,NASDAQ:GOOD,12.865,12.69,12.74,12.75,1.0,307198
2026-09-18,NASDAQ:GOOD,12.82,12.59,12.82,12.61,1.0,643347
2026-09-21,NASDAQ:GOOD,12.715,12.55,12.61,12.6,1.0,390536
2026-09-22,NASDAQ:GOOD,12.81,12.6252,12.69,12.77,1.0,304983
2026-09-23,NASDAQ:GOOD,12.74,12.553644,12.74,12.57,1.0,371144
2026-09-24,NASDAQ:GOOD,12.67,12.53,12.59,12.56,1.0,350581
2026-08-25,NYSE:CNQ,50.445,49.55,49.89,49.59,1.0,6896770
2026-08-26,NYSE:CNQ,50.52,48.93,49.04,49.64,1.0,5178650
2026-08-27,NYSE:CNQ,50.14,49.21,49.77,49.77,1.0,4029159
2026-08-28,NYSE:CNQ,50.045,48.61,49.76,48.99,1.0,7695389
2026-08-31,NYSE:CNQ,50.6023,49.405,50.08,50.07,1.0,7435556
2026-09-01,NYSE:CNQ,52.02,50.64,50.765,51.81,1.0,6152502
2026-09-02,NYSE:CNQ,52.08,51.23,51.42,51.81,1.0,5464718
2026-09-03,NYSE:CNQ,52.245,51.13,51.8,51.14,1.0,7983967
2026-09-04,NYSE:CNQ,50.94,49.84,50.4,50.46,1.0,6669649
2026-09-08,NYSE:CNQ,51.925,50.725,51.49,50.9,1.0,6650998
2026-09-09,NYSE:CNQ,52.0,51.12,51.53,51.35,1.0,5252903
2026-09-10,NYSE:CNQ,52.31,50.52,52.15,50.8,1.0,21517397
2026-09-11,NYSE:CNQ,50.26,49.3,49.935,50.07,1.0,8173372
2026-09-14,NYSE:CNQ,51.265,50.12,50.755,50.32,1.0,8529813
2026-09-15,NYSE:CNQ,51.815,50.19,50.45,51.55,1.0,6435395
2026-09-16,NYSE:CNQ,51.1282,49.725,50.91,50.07,1.0,7692455
2026-09-17,NYSE:CNQ,50.645,49.4,49.43,50.62,1.0,3686354
2026-09-18,NYSE:CNQ,50.6361,49.545,50.58,49.64,1.0,6619475
2026-09-21,NYSE:CNQ,49.245,48.055,49.035,48.28,1.0,6088096
2026-09-22,NYSE:CNQ,48.245,47.18,47.68,47.77,1.0,4384981
2026-09-23,NYSE:CNQ,48.47,47.49,48.19,47.64,1.0,5879612
2026-09-24,NYSE:CNQ,48.63,47.925,48.055,47.93,1.0,6345405
2026-08-25,NASDAQ:LUNR,16.97,16.14,16.895,16.6,1.0,6270342
2026-08-26,NASDAQ:LUNR,16.72,15.8,16.4,16.11,1.0,5396498
2026-08-27,NASDAQ:LUNR,16.395,15.99,16.31,16.18,1.0,4657768
2026-08-28,NASDAQ:LUNR,16.06,15.15,16.0,15.37,1.0,5836605
2026-08-31,NASDAQ:LUNR,15.45,14.86,14.9,15.36,1.0,4430980
2026-09-01,NASDAQ:LUNR,15.2,14.57,14.94,14.72,1.0,4726435
2026-09-02,NASDAQ:LUNR,15.1495,14.71,14.84,14.86,1.0,4524096
2026-09-03,NASDAQ:LUNR,15.18,14.33,15.18,14.7,1.0,6839264
2026-09-04,NASDAQ:LUNR,14.97,14.555,14.875,14.81,1.0,4512600
2026-09-08,NASDAQ:LUNR,15.7815,14.745,14.98,15.68,1.0,7889150
2026-09-09,NASDAQ:LUNR,16.03,14.885,15.9,14.94,1.0,6770473
2026-09-10,NASDAQ:LUNR,15.38,14.38,14.555,14.62,1.0,6802174
2026-09-11,NASDAQ:LUNR,14.9396,14.27,14.6,14.35,1.0,5527022
2026-09-14,NASDAQ:LUNR,14.38,13.69,13.78,13.88,1.0,5038082
2026-09-15,NASDAQ:LUNR,14.28,13.565,13.87,13.87,1.0,6310825
2026-09-16,NASDAQ:LUNR,13.9865,13.48,13.98,13.87,1.0,6217345
2026-09-17,NASDAQ:LUNR,15.18,14.21,14.35,14.79,1.0,8266155
2026-09-18,NASDAQ:LUNR,14.94,13.79,14.9,13.92,1.0,14988182
2026-09-21,NASDAQ:LUNR,15.76,14.2099,14.21,15.72,1.0,11556125
2026-09-22,NASDAQ:LUNR,16.26,15.3017,15.68,16.24,1.0,8354960
2026-09-23,NASDAQ:LUNR,16.21,15.11,16.15,15.24,1.0,7216231
2026-09-24,NASDAQ:LUNR,16.085,14.865,15.095,15.7,1.0,7995373
2026-08-25,NYSE:BIP,39.4,38.28,38.3,38.94,1.0,752492
2026-08-26,NYSE:BIP,39.06,38.68,39.0,38.85,1.0,589083
2026-08-27,NYSE:BIP,38.9236,38.59,38.75,38.88,1.0,516146
2026-08-28,NYSE:BIP,39.1,38.07,38.88,38.1,1.0,336450
2026-08-31,NYSE:BIP,37.91,37.26,37.57,37.8,1.0,631696
2026-09-01,NYSE:BIP,37.66,36.36,37.28,37.11,1.0,1496325
2026-09-02,NYSE:BIP,37.31,36.27,37.21,36.29,1.0,950545
2026-09-03,NYSE:BIP,36.915,35.92,36.32,36.84,1.0,1024908
2026-09-04,NYSE:BIP,37.27,36.43,36.43,37.13,1.0,493407
2026-09-08,NYSE:BIP,37.57,36.76,36.76,37.26,1.0,392782
2026-09-09,NYSE:BIP,37.205,36.45,37.07,36.64,1.0,584456
2026-09-10,NYSE:BIP,36.79,36.34,36.38,36.42,1.0,966974
2026-09-11,NYSE:BIP,36.97,36.52,36.67,36.88,1.0,617575
2026-09-14,NYSE:BIP,36.73,35.02,36.73,35.65,1.0,1525979
2026-09-15,NYSE:BIP,35.99,35.03,35.82,35.04,1.0,696127
2026-09-16,NYSE:BIP,35.93,35.03,35.03,35.54,1.0,742557
2026-09-17,NYSE:BIP,36.25,35.43,35.56,35.97,1.0,1119010
2026-09-18,NYSE:BIP,36.18,35.32,35.54,36.07,1.0,736706
2026-09-21,NYSE:BIP,36.17,35.73,35.73,35.83,1.0,656060
2026-09-22,NYSE:BIP,36.29,35.62,35.87,35.78,1.0,989905
2026-09-23,NYSE:BIP,35.59,35.11,35.54,35.22,1.0,992690
2026-09-24,NYSE:BIP,35.44,34.3,35.25,34.44,1.0,682769
2026-08-25,NYSE:SPH,17.7458,17.5,17.63,17.63,1.0,161538
2026-08-26,NYSE:SPH,17.77,17.49,17.49,17.72,1.0,132116
2026-08-27,NYSE:SPH,17.72,17.46,17.72,17.57,1.0,145019
2026-08-28,NYSE:SPH,17.74,17.53,17.53,17.63,1.0,116707
2026-08-31,NYSE:SPH,17.71,17.55,17.71,17.61,1.0,218452
2026-09-01,NYSE:SPH,17.665,17.53,17.53,17.58,1.0,227462
2026-09-02,NYSE:SPH,17.8486,17.46,17.6,17.58,1.0,205234
2026-09-03,NYSE:SPH,17.64,17.45,17.55,17.52,1.0,123740
2026-09-04,NYSE:SPH,17.52,17.3638,17.44,17.52,1.0,117233
2026-09-08,NYSE:SPH,17.56,17.35,17.46,17.37,1.0,212087
2026-09-09,NYSE:SPH,17.523,17.36,17.42,17.42,1.0,215530
2026-09-10,NYSE:SPH,17.55,17.32,17.55,17.39,1.0,174329
2026-09-11,NYSE:SPH,17.41,17.07,17.37,17.07,1.0,391171
2026-09-14,NYSE:SPH,17.202,16.91,17.11,16.93,1.0,255553
2026-09-15,NYSE:SPH,17.0032,16.88,16.93,16.9,1.0,201338
2026-09-16,NYSE:SPH,17.14,16.85,16.85,17.01,1.0,140791
2026-09-17,NYSE:SPH,17.1,16.91,16.91,16.98,1.0,190121
2026-09-18,NYSE:SPH,17.0,16.67,16.99,16.75,1.0,439213
2026-09-21,NYSE:SPH,16.95,16.7,16.75,16.95,1.0,163551
2026-09-22,NYSE:SPH,17.04,16.78,16.89,16.82,1.0,127994
2026-09-23,NYSE:SPH,16.9,16.56,16.9,16.57,1.0,216522
2026-09-24,NYSE:SPH,16.6,16.34,16.55,16.48,1.0,291030
2026-08-25,NYSE:OKE,92.94,91.66,91.96,91.7,1.0,2982843
2026-08-26,NYSE:OKE,95.03,91.134,91.4,94.9,1.0,3350929
2026-08-27,NYSE:OKE,95.41,92.9,94.39,94.72,1.0,2556668
2026-08-28,NYSE:OKE,95.88,94.55,95.25,94.76,1.0,2605991
2026-08-31,NYSE:OKE,97.48,94.51,96.49,96.01,1.0,5214976
2026-09-01,NYSE:OKE,99.845,95.28,97.7,95.69,1.0,4360856
2026-09-02,NYSE:OKE,96.715,94.41,95.16,96.01,1.0,3563936
2026-09-03,NYSE:OKE,96.9,95.45,96.46,95.75,1.0,2394259
2026-09-04,NYSE:OKE,95.59,94.08,94.9,95.43,1.0,3420145
2026-09-08,NYSE:OKE,97.83,95.0,96.1,97.51,1.0,2964114
2026-09-09,NYSE:OKE,99.3,95.195,98.94,95.82,1.0,4236377
2026-09-10,NYSE:OKE,96.67,94.96,96.67,95.72,1.0,2344790
2026-09-11,NYSE:OKE,97.185,95.465,96.06,96.62,1.0,2810648
2026-09-14,NYSE:OKE,99.038,95.97,97.6,96.97,1.0,3717054
2026-09-15,NYSE:OKE,97.66,94.42,96.88,94.72,1.0,4158650
2026-09-16,NYSE:OKE,94.43,91.88,93.35,92.7,1.0,2981349
2026-09-17,NYSE:OKE,94.05,91.75,92.15,93.22,1.0,3504773
2026-09-18,NYSE:OKE,95.01,92.275,92.63,93.46,1.0,12082947
2026-09-21,NYSE:OKE,93.11,91.63,92.58,91.8,1.0,3255335
2026-09-22,NYSE:OKE,92.805,90.09,91.43,90.09,1.0,3342410
2026-09-23,NYSE:OKE,91.9,89.9,90.75,90.54,1.0,3038227
2026-09-24,NYSE:OKE,92.1592,90.37,91.51,91.18,1.0,2662729
2026-08-25,NASDAQ:NWBI,15.4,15.25,15.39,15.3,1.0,573085
2026-08-26,NASDAQ:NWBI,15.39,15.24,15.37,15.32,1.0,784903
2026-08-27,NASDAQ:NWBI,15.33,15.105,15.18,15.33,1.0,684210
2026-08-28,NASDAQ:NWBI,15.43,15.27,15.38,15.34,1.0,902525
2026-08-31,NASDAQ:NWBI,15.38,15.24,15.35,15.29,1.0,1037285
2026-09-01,NASDAQ:NWBI,15.375,15.0739,15.26,15.14,1.0,925989
2026-09-02,NASDAQ:NWBI,15.49,15.17,15.19,15.43,1.0,1245000
2026-09-03,NASDAQ:NWBI,15.65,15.46,15.49,15.51,1.0,1095540
2026-09-04,NASDAQ:NWBI,15.715,15.46,15.46,15.62,1.0,688135
2026-09-08,NASDAQ:NWBI,15.61,15.47,15.56,15.5,1.0,863663
2026-09-09,NASDAQ:NWBI,15.52,15.31,15.39,15.36,1.0,904602
2026-09-10,NASDAQ:NWBI,15.495,15.225,15.34,15.49,1.0,740797
2026-09-11,NASDAQ:NWBI,15.655,15.33,15.6,15.49,1.0,874981
2026-09-14,NASDAQ:NWBI,15.69,15.45,15.45,15.55,1.0,964833
2026-09-15,NASDAQ:NWBI,15.74,15.53,15.53,15.6,1.0,1048760
2026-09-16,NASDAQ:NWBI,15.615,15.16,15.56,15.45,1.0,1702389
2026-09-17,NASDAQ:NWBI,15.585,15.365,15.57,15.38,1.0,884369
2026-09-18,NASDAQ:NWBI,15.53,15.225,15.36,15.46,1.0,3911874
2026-09-21,NASDAQ:NWBI,15.515,15.3,15.45,15.3,1.0,814756
2026-09-22,NASDAQ:NWBI,15.48,15.18,15.42,15.21,1.0,975455
2026-09-23,NASDAQ:NWBI,15.25,15.02,15.19,15.04,1.0,1123564
2026-09-24,NASDAQ:NWBI,15.2,14.95,15.11,15.18,1.0,915333
2026-08-25,NYSE:ALB,137.2,132.13,136.3,133.18,1.0,2271724
2026-08-26,NYSE:ALB,135.49,131.0,132.57,134.51,1.0,1541111
2026-08-27,NYSE:ALB,136.89,132.44,134.91,135.77,1.0,1109626
2026-08-28,NYSE:ALB,141.2199,135.7264,138.75,137.36,1.0,1446768
2026-08-31,NYSE:ALB,138.015,133.54,137.58,134.97,1.0,1982918
2026-09-01,NYSE:ALB,138.08,131.41,132.0,135.54,1.0,1553569
2026-09-02,NYSE:ALB,138.05,132.93,133.94,137.75,1.0,2395024
2026-09-03,NYSE:ALB,138.045,131.93,135.99,132.16,1.0,2865275
2026-09-04,NYSE:ALB,129.25,122.45,126.9,126.28,1.0,3240466
2026-09-08,NYSE:ALB,131.31,125.43,126.06,129.57,1.0,4964580
2026-09-09,NYSE:ALB,131.3,123.935,130.48,125.91,1.0,2589030
2026-09-10,NYSE:ALB,125.57,122.0,123.54,122.11,1.0,2013711
2026-09-11,NYSE:ALB,121.555,117.235,121.0,117.52,1.0,2392136
2026-09-14,NYSE:ALB,117.0,114.27,116.06,115.03,1.0,2101107
2026-09-15,NYSE:ALB,115.75,112.5,115.28,113.45,1.0,2336357
2026-09-16,NYSE:ALB,114.63,107.9,114.0,109.47,1.0,2748563
2026-09-17,NYSE:ALB,116.3,112.5,112.5,115.05,1.0,2161860
2026-09-18,NYSE:ALB,115.1275,110.42,115.1,110.91,1.0,4968017
2026-09-21,NYSE:ALB,114.49,111.57,113.5,112.92,1.0,1908295
2026-09-22,NYSE:ALB,117.59,112.8,113.62,116.8,1.0,4100392
2026-09-23,NYSE:ALB,115.075,112.3075,114.17,113.47,1.0,2202539
2026-09-24,NYSE:ALB,110.5,108.23,109.91,108.23,1.0,2501851
2026-08-25,NYSE:IPI,38.2,36.679,37.49,37.81,1.0,161085
2026-08-26,NYSE:IPI,38.425,37.31,37.53,37.38,1.0,150083
2026-08-27,NYSE:IPI,38.01,36.5101,37.21,37.68,1.0,160678
2026-08-28,NYSE:IPI,38.64,37.26,37.92,37.6,1.0,148691
2026-08-31,NYSE:IPI,39.464,37.8,38.14,38.67,1.0,209862
2026-09-01,NYSE:IPI,41.55,38.259,38.97,40.7,1.0,388862
2026-09-02,NYSE:IPI,41.99,39.91,40.01,41.25,1.0,305294
2026-09-03,NYSE:IPI,42.744,40.1105,42.045,40.91,1.0,221910
2026-09-04,NYSE:IPI,41.05,39.03,40.02,40.51,1.0,179152
2026-09-08,NYSE:IPI,42.115,40.51,40.79,41.54,1.0,287369
2026-09-09,NYSE:IPI,42.3587,40.77,42.06,41.26,1.0,173231
2026-09-10,NYSE:IPI,42.09,40.06,41.26,40.28,1.0,173390
2026-09-11,NYSE:IPI,40.795,39.05,40.11,39.68,1.0,161667
2026-09-14,NYSE:IPI,40.4225,38.0042,40.17,38.42,1.0,157423
2026-09-15,NYSE:IPI,38.935,38.0501,38.3,38.64,1.0,122278
2026-09-16,NYSE:IPI,38.86,37.805,38.62,38.17,1.0,123154
2026-09-17,NYSE:IPI,39.8,38.28,38.56,39.47,1.0,188894
2026-09-18,NYSE:IPI,39.54,37.47,39.54,37.49,1.0,277825
2026-09-21,NYSE:IPI,37.85,35.63,37.15,36.92,1.0,393007
2026-09-22,NYSE:IPI,37.6495,36.1051,37.0,37.21,1.0,161597
2026-09-23,NYSE:IPI,37.54,36.68,37.1,36.72,1.0,89292
2026-09-24,NYSE:IPI,36.99,35.51,36.99,35.84,1.0,163765
2026-08-25,NYSE:BGS,3.54,3.39,3.47,3.52,1.0,2182528
2026-08-26,NYSE:BGS,3.55,3.48,3.51,3.53,1.0,922512
2026-08-27,NYSE:BGS,3.51,3.43,3.48,3.47,1.0,1484276
2026-08-28,NYSE:BGS,3.545,3.48,3.5,3.52,1.0,1027292
2026-08-31,NYSE:BGS,3.5439,3.46,3.51,3.47,1.0,2189348
2026-09-01,NYSE:BGS,3.56,3.45,3.47,3.49,1.0,2170482
2026-09-02,NYSE:BGS,3.525,3.44,3.5,3.45,1.0,1630936
2026-09-03,NYSE:BGS,3.45,3.33,3.45,3.36,1.0,2255981
2026-09-04,NYSE:BGS,3.375,3.28,3.33,3.29,1.0,2179577
2026-09-08,NYSE:BGS,3.325,3.23,3.29,3.3,1.0,2234290
2026-09-09,NYSE:BGS,3.31,3.22,3.31,3.25,1.0,1755375
2026-09-10,NYSE:BGS,3.2675,3.18,3.24,3.22,1.0,1807553
2026-09-11,NYSE:BGS,3.25,3.095,3.24,3.15,1.0,3435397
2026-09-14,NYSE:BGS,3.24,3.15,3.17,3.16,1.0,1988305
2026-09-15,NYSE:BGS,3.17,3.12,3.16,3.16,1.0,1487913
2026-09-16,NYSE:BGS,3.215,3.13,3.18,3.14,1.0,1982325
2026-09-17,NYSE:BGS,3.18,3.04,3.16,3.04,1.0,2307315
2026-09-18,NYSE:BGS,3.04,2.87,3.04,2.88,1.0,5582168
2026-09-21,NYSE:BGS,2.96,2.89,2.9,2.93,1.0,2304097
2026-09-22,NYSE:BGS,3.06,2.97,2.97,3.04,1.0,1858848
2026-09-23,NYSE:BGS,3.06,2.96,3.04,2.98,1.0,1115704
2026-09-24,NYSE:BGS,3.05,2.93,2.99,3.02,1.0,2084917
2026-08-25,NASDAQ:PLTK,2.46,2.365,2.4,2.45,1.0,1120620
2026-08-26,NASDAQ:PLTK,2.445,2.36,2.42,2.41,1.0,1318872
2026-08-27,NASDAQ:PLTK,2.455,2.2601,2.42,2.3,1.0,1859875
2026-08-28,NASDAQ:PLTK,2.34,2.28,2.31,2.32,1.0,783925
2026-08-31,NASDAQ:PLTK,2.33,2.245,2.28,2.27,1.0,1152549
2026-09-01,NASDAQ:PLTK,2.255,2.165,2.25,2.2,1.0,2253085
2026-09-02,NASDAQ:PLTK,2.26,2.174,2.19,2.24,1.0,1509190
2026-09-03,NASDAQ:PLTK,2.29,2.21,2.21,2.24,1.0,1196134
2026-09-04,NASDAQ:PLTK,2.23,2.19,2.21,2.2,1.0,964871
2026-09-08,NASDAQ:PLTK,2.26,2.15,2.26,2.22,1.0,847086
2026-09-09,NASDAQ:PLTK,2.29,2.2,2.21,2.26,1.0,1491796
2026-09-10,NASDAQ:PLTK,2.275,2.21,2.26,2.22,1.0,974345
2026-09-11,NASDAQ:PLTK,2.35,2.24,2.25,2.31,1.0,1125581
2026-09-14,NASDAQ:PLTK,2.4,2.31,2.33,2.38,1.0,1154643
2026-09-15,NASDAQ:PLTK,2.39,2.325,2.38,2.37,1.0,823699
2026-09-16,NASDAQ:PLTK,2.4,2.305,2.36,2.33,1.0,1123761
2026-09-17,NASDAQ:PLTK,2.37,2.28,2.35,2.31,1.0,1049657
2026-09-18,NASDAQ:PLTK,2.4,2.19,2.4,2.21,1.0,3010964
2026-09-21,NASDAQ:PLTK,2.35,2.215,2.22,2.31,1.0,1031971
2026-09-22,NASDAQ:PLTK,2.36,2.28,2.35,2.32,1.0,821152
2026-09-23,NASDAQ:PLTK,2.33,2.2,2.31,2.2,1.0,796260
2026-09-24,NASDAQ:PLTK,2.2,2.1,2.2,2.17,1.0,1590820
2026-08-25,NYSE:ALV,124.715,123.42,123.87,123.97,1.0,542548
2026-08-26,NYSE:ALV,124.06,122.46,124.04,123.53,1.0,541727
2026-08-27,NYSE:ALV,123.74,121.7,122.89,122.92,1.0,548847
2026-08-28,NYSE:ALV,124.11,121.54,123.73,122.07,1.0,387016
2026-08-31,NYSE:ALV,122.59,121.07,122.5,121.21,1.0,577272
2026-09-01,NYSE:ALV,121.06,118.9,120.05,119.21,1.0,492550
2026-09-02,NYSE:ALV,121.625,118.52,119.02,121.17,1.0,734810
2026-09-03,NYSE:ALV,125.86,122.99,123.76,125.05,1.0,609159
2026-09-04,NYSE:ALV,125.565,123.91,124.78,125.2,1.0,559426
2026-09-08,NYSE:ALV,123.16,118.325,123.16,120.25,1.0,938507
2026-09-09,NYSE:ALV,121.75,119.07,120.47,119.19,1.0,564504
2026-09-10,NYSE:ALV,121.26,118.38,118.72,121.17,1.0,458008
2026-09-11,NYSE:ALV,122.915,121.08,122.365,121.13,1.0,445028
2026-09-14,NYSE:ALV,120.28,118.495,119.42,118.5,1.0,487130
2026-09-15,NYSE:ALV,118.18,116.08,118.14,116.2,1.0,584208
2026-09-16,NYSE:ALV,117.47,114.35,117.47,115.87,1.0,485132
2026-09-17,NYSE:ALV,117.92,116.44,117.5,117.49,1.0,543646
2026-09-18,NYSE:ALV,117.77,116.03,117.02,116.98,1.0,1832435
2026-09-21,NYSE:ALV,118.15,116.48,117.74,117.75,1.0,656516
2026-09-22,NYSE:ALV,119.19,117.17,118.71,118.77,1.0,521624
2026-09-23,NYSE:ALV,116.8799,114.43,115.17,115.4,1.0,1080020
2026-09-24,NYSE:ALV,115.69,113.12,115.69,113.92,1.0,677895
2026-08-25,NYSE:PPL,35.24,34.955,35.18,34.99,1.0,6921884
2026-08-26,NYSE:PPL,35.31,34.93,35.05,35.02,1.0,6931442
2026-08-27,NYSE:PPL,34.8,34.39,34.79,34.44,1.0,8043814
2026-08-28,NYSE:PPL,34.65,34.0325,34.65,34.2,1.0,5653352
2026-08-31,NYSE:PPL,34.24,33.763638,33.96,34.13,1.0,8425782
2026-09-01,NYSE:PPL,34.505,34.065,34.23,34.47,1.0,9995185
2026-09-02,NYSE:PPL,34.58,34.03,34.41,34.54,1.0,5382147
2026-09-03,NYSE:PPL,35.13,34.63,34.67,35.11,1.0,5843420
2026-09-04,NYSE:PPL,35.205,34.84,34.86,35.11,1.0,10269275
2026-09-08,NYSE:PPL,35.58,35.025,35.08,35.08,1.0,9991674
2026-09-09,NYSE:PPL,35.22,34.43,35.09,34.55,1.0,7380370
2026-09-10,NYSE:PPL,34.455,34.15,34.36,34.21,1.0,8227968
2026-09-11,NYSE:PPL,34.46,34.025,34.46,34.08,1.0,5600749
2026-09-14,NYSE:PPL,34.31,33.67,34.21,33.79,1.0,4370838
2026-09-15,NYSE:PPL,33.87,33.23,33.74,33.23,1.0,6209387
2026-09-16,NYSE:PPL,33.54,33.2,33.49,33.41,1.0,4264861
2026-09-17,NYSE:PPL,33.72,33.275,33.6,33.6,1.0,5824671
2026-09-18,NYSE:PPL,33.48,33.205,33.35,33.34,1.0,8292069
2026-09-21,NYSE:PPL,33.41,32.995,33.37,33.05,1.0,4231911
2026-09-22,NYSE:PPL,33.255,32.805,33.08,32.88,1.0,5474145
2026-09-23,NYSE:PPL,32.765,32.2,32.7,32.25,1.0,5240695
2026-09-24,NYSE:PPL,32.39,31.915,32.36,31.98,1.0,6489548
2026-08-25,NYSE:BKH,73.49,71.81,72.33,73.02,1.0,1045901
2026-08-26,NYSE:BKH,74.16,73.18,73.18,73.78,1.0,762352
2026-08-27,NYSE:BKH,73.695,72.58,73.0,73.42,1.0,605203
2026-08-28,NYSE:BKH,73.97,72.47,73.87,72.8,1.0,600569
2026-08-31,NYSE:BKH,72.325,71.22,72.25,71.68,1.0,789442
2026-09-01,NYSE:BKH,72.63,71.66,71.94,72.4,1.0,594748
2026-09-02,NYSE:BKH,73.12,71.72,72.41,72.59,1.0,983794
2026-09-03,NYSE:BKH,73.555,72.53,72.98,73.3,1.0,1002316
2026-09-04,NYSE:BKH,73.62,72.75,72.83,73.21,1.0,716755
2026-09-08,NYSE:BKH,74.76,73.1994,73.2,74.19,1.0,689065
2026-09-09,NYSE:BKH,74.39,72.66,74.39,72.82,1.0,665430
2026-09-10,NYSE:BKH,73.38,72.27,73.16,72.28,1.0,1021804
2026-09-11,NYSE:BKH,72.88,71.3,72.83,71.3,1.0,1024664
2026-09-14,NYSE:BKH,71.625,70.53,71.46,70.62,1.0,743561
2026-09-15,NYSE:BKH,70.8,69.29,70.74,69.96,1.0,1018875
2026-09-16,NYSE:BKH,71.16,70.11,70.26,70.5,1.0,714657
2026-09-17,NYSE:BKH,71.93,70.49,70.69,71.32,1.0,997598
2026-09-18,NYSE:BKH,71.145,69.78,70.89,70.45,1.0,2048423
2026-09-21,NYSE:BKH,73.41,71.38,72.8,71.96,1.0,1181027
2026-09-22,NYSE:BKH,73.46,71.49,71.96,71.77,1.0,1158128
2026-09-23,NYSE:BKH,71.46,70.43,71.34,70.51,1.0,953845
2026-09-24,NYSE:BKH,70.75,69.69,70.53,69.93,1.0,890377
2026-08-25,NYSE:HAFN,8.23,8.1,8.2,8.19,1.0,896499
2026-08-26,NYSE:HAFN,8.01,7.73,7.94,7.77,1.0,1509987
2026-08-27,NYSE:HAFN,8.3,7.91,7.91,8.29,1.0,1538466
2026-08-28,NYSE:HAFN,8.49,8.26,8.35,8.47,1.0,1851245
2026-08-31,NYSE:HAFN,8.565,8.34,8.53,8.44,1.0,2021182
2026-09-01,NYSE:HAFN,8.715,8.5,8.56,8.59,1.0,1937497
2026-09-02,NYSE:HAFN,8.915,8.551,8.58,8.88,1.0,1810842
2026-09-03,NYSE:HAFN,9.03,8.86,8.87,8.93,1.0,2412836
2026-09-04,NYSE:HAFN,9.25,8.94,8.94,9.22,1.0,2734606
2026-09-08,NYSE:HAFN,8.975,8.61,8.81,8.96,1.0,3760196
2026-09-09,NYSE:HAFN,9.2,8.91,9.0,9.16,1.0,3045599
2026-09-10,NYSE:HAFN,9.44,9.04,9.08,9.36,1.0,3098206
2026-09-11,NYSE:HAFN,9.595,9.31,9.32,9.38,1.0,2533655
2026-09-14,NYSE:HAFN,9.41,9.23,9.35,9.33,1.0,2128853
2026-09-15,NYSE:HAFN,9.485,9.265,9.33,9.48,1.0,2303393
2026-09-16,NYSE:HAFN,9.84,9.53,9.59,9.71,1.0,2283219
2026-09-17,NYSE:HAFN,9.86,9.652000000000001,9.75,9.72,1.0,1933930
2026-09-18,NYSE:HAFN,10.12,9.75,9.85,10.12,1.0,2387841
2026-09-21,NYSE:HAFN,10.09,9.7,9.75,9.71,1.0,2389243
2026-09-22,NYSE:HAFN,9.455,9.2,9.3,9.23,1.0,3039850
2026-09-23,NYSE:HAFN,9.31,9.06,9.285,9.1,1.0,1586927
2026-09-24,NYSE:HAFN,8.91,8.42,8.46,8.91,1.0,9669985
2026-08-25,NYSE:BBDC,9.468,9.365,9.45,9.45,1.0,696948
2026-08-26,NYSE:BBDC,9.45,9.29,9.45,9.35,1.0,667345
2026-08-27,NYSE:BBDC,9.395,9.3,9.35,9.38,1.0,766325
2026-08-28,NYSE:BBDC,9.405,9.3231,9.35,9.35,1.0,799294
2026-08-31,NYSE:BBDC,9.535,9.38,9.4,9.44,1.0,1061618
2026-09-01,NYSE:BBDC,9.49,9.29,9.42,9.3,1.0,1331869
2026-09-02,NYSE:BBDC,9.14,8.995,9.02,9.11,1.0,630900
2026-09-03,NYSE:BBDC,9.225,8.94,9.17,8.99,1.0,725999
2026-09-04,NYSE:BBDC,9.075,8.84,8.95,9.02,1.0,445268
2026-09-08,NYSE:BBDC,9.06,8.85,9.0,8.86,1.0,589185
2026-09-09,NYSE:BBDC,8.9456,8.75,8.86,8.75,1.0,694392
2026-09-10,NYSE:BBDC,8.775,8.69,8.74,8.71,1.0,608491
2026-09-11,NYSE:BBDC,8.84,8.695,8.79,8.77,1.0,519298
2026-09-14,NYSE:BBDC,8.85,8.75,8.76,8.77,1.0,625779
2026-09-15,NYSE:BBDC,8.77,8.69,8.73,8.73,1.0,385262
2026-09-16,NYSE:BBDC,8.775,8.6205,8.75,8.74,1.0,491733
2026-09-17,NYSE:BBDC,9.07,8.78,8.78,8.94,1.0,758074
2026-09-18,NYSE:BBDC,8.92,8.715,8.92,8.74,1.0,600809
2026-09-21,NYSE:BBDC,8.83,8.7239,8.83,8.8,1.0,387887
2026-09-22,NYSE:BBDC,8.89,8.75,8.86,8.76,1.0,432281
2026-09-23,NYSE:BBDC,8.805,8.65,8.77,8.66,1.0,371931
2026-09-24,NYSE:BBDC,8.71,8.58,8.65,8.62,1.0,454943
2026-08-25,NYSE:MITT,6.73,6.65,6.72,6.72,1.0,237916
2026-08-26,NYSE:MITT,6.7703,6.63,6.74,6.64,1.0,197904
2026-08-27,NYSE:MITT,6.72,6.63,6.65,6.66,1.0,220148
2026-08-28,NYSE:MITT,6.74,6.65,6.7,6.69,1.0,227390
2026-08-31,NYSE:MITT,6.7988,6.65,6.66,6.73,1.0,360572
2026-09-01,NYSE:MITT,6.72,6.61,6.72,6.64,1.0,301755
2026-09-02,NYSE:MITT,6.735,6.6404,6.66,6.72,1.0,206090
2026-09-03,NYSE:MITT,6.79,6.66,6.75,6.77,1.0,243092
2026-09-04,NYSE:MITT,6.82,6.76,6.77,6.8,1.0,157093
2026-09-08,NYSE:MITT,6.85,6.77,6.79,6.78,1.0,244915
2026-09-09,NYSE:MITT,6.82,6.665,6.78,6.68,1.0,283449
2026-09-10,NYSE:MITT,6.68,6.525,6.65,6.6,1.0,382149
2026-09-11,NYSE:MITT,6.8342,6.5308,6.62,6.56,1.0,357465
2026-09-14,NYSE:MITT,6.57,6.46,6.53,6.5,1.0,324042
2026-09-15,NYSE:MITT,6.56,6.4,6.53,6.41,1.0,411472
2026-09-16,NYSE:MITT,6.5,6.255,6.44,6.33,1.0,392211
2026-09-17,NYSE:MITT,6.45,6.335,6.4,6.39,1.0,306911
2026-09-18,NYSE:MITT,6.385,6.29,6.35,6.31,1.0,908813
2026-09-21,NYSE:MITT,6.43,6.29,6.32,6.42,1.0,413181
2026-09-22,NYSE:MITT,6.495,6.41,6.46,6.44,1.0,279013
2026-09-23,NYSE:MITT,6.45,6.19,6.45,6.19,1.0,419364
2026-09-24,NYSE:MITT,6.19,6.065,6.18,6.095,1.0,370148
2026-08-25,NYSE:BWLP,25.475,24.74,25.2,24.8,1.0,559930
2026-08-26,NYSE:BWLP,24.03,23.4101,23.93,23.53,1.0,409858
2026-08-27,NYSE:BWLP,24.52,23.71,23.71,24.41,1.0,523355
2026-08-28,NYSE:BWLP,24.175,23.49,23.5,23.94,1.0,394472
2026-08-31,NYSE:BWLP,24.365,23.77,24.34,24.25,1.0,362308
2026-09-01,NYSE:BWLP,24.68,23.15,24.28,24.21,1.0,807320
2026-09-02,NYSE:BWLP,24.35,22.94,22.99,24.35,1.0,1004579
2026-09-03,NYSE:BWLP,24.705,24.34,24.68,24.61,1.0,503592
2026-09-04,NYSE:BWLP,25.1968,24.61,24.76,24.86,1.0,573679
2026-09-08,NYSE:BWLP,24.7,23.67,24.57,23.91,1.0,768686
2026-09-09,NYSE:BWLP,24.58,23.825,24.34,24.47,1.0,305847
2026-09-10,NYSE:BWLP,25.08,24.64,24.94,25.0,1.0,516378
2026-09-11,NYSE:BWLP,25.37,24.8,24.94,25.13,1.0,543316
2026-09-14,NYSE:BWLP,25.2,24.55,25.2,25.11,1.0,352770
2026-09-15,NYSE:BWLP,25.92,25.1,25.16,25.82,1.0,444963
2026-09-16,NYSE:BWLP,26.295,25.32,25.42,25.84,1.0,547179
2026-09-17,NYSE:BWLP,26.47,25.7,25.85,26.14,1.0,316600
2026-09-18,NYSE:BWLP,25.91,25.38,25.55,25.66,1.0,426080
2026-09-21,NYSE:BWLP,25.75,24.88,25.26,25.29,1.0,486180
2026-09-22,NYSE:BWLP,25.04,24.315,24.82,24.44,1.0,505490
2026-09-23,NYSE:BWLP,24.75,24.12,24.74,24.3,1.0,263736
2026-09-24,NYSE:BWLP,24.62,24.02,24.43,24.06,1.0,277668
2026-08-25,NYSE:EOG,149.14,146.67,147.37,146.83,1.0,2307238
2026-08-26,NYSE:EOG,146.8299,143.65,144.0,144.84,1.0,2827267
2026-08-27,NYSE:EOG,145.695,142.76,144.53,144.5,1.0,3246072
2026-08-28,NYSE:EOG,145.5532,143.12,144.75,143.35,1.0,2688407
2026-08-31,NYSE:EOG,147.38,143.89,146.3,144.96,1.0,3263485
2026-09-01,NYSE:EOG,148.765,145.8,147.61,148.35,1.0,3783611
2026-09-02,NYSE:EOG,149.125,146.77,147.39,148.96,1.0,3575229
2026-09-03,NYSE:EOG,149.04,145.84,148.2,145.96,1.0,2911905
2026-09-04,NYSE:EOG,145.99,142.82,145.0,145.19,1.0,2637134
2026-09-08,NYSE:EOG,148.98,144.965,148.98,145.36,1.0,2529111
2026-09-09,NYSE:EOG,148.17,146.48,147.54,147.01,1.0,2502885
2026-09-10,NYSE:EOG,148.99,144.34,148.6,147.46,1.0,3888622
2026-09-11,NYSE:EOG,148.04,145.505,146.83,147.36,1.0,3075723
2026-09-14,NYSE:EOG,152.0,147.16,149.02,148.54,1.0,3579945
2026-09-15,NYSE:EOG,154.16,149.32,149.84,153.74,1.0,3577657
2026-09-16,NYSE:EOG,150.955,144.4,149.99,144.93,1.0,4386547
2026-09-17,NYSE:EOG,145.75,142.7651,143.87,145.47,1.0,2960331
2026-09-18,NYSE:EOG,145.68,143.89,145.08,144.23,1.0,8275001
2026-09-21,NYSE:EOG,143.31,140.48,142.44,141.38,1.0,2744819
2026-09-22,NYSE:EOG,141.23,138.0601,139.32,139.52,1.0,3365925
2026-09-23,NYSE:EOG,142.82,139.72,141.13,141.84,1.0,2560829
2026-09-24,NYSE:EOG,144.0786,141.38,143.37,142.86,1.0,2629127
2026-08-25,NYSE:SOBO,37.29,36.75,36.93,36.82,1.0,605447
2026-08-26,NYSE:SOBO,37.92,36.555,36.71,37.85,1.0,674900
2026-08-27,NYSE:SOBO,38.01,37.12,37.76,37.28,1.0,299147
2026-08-28,NYSE:SOBO,37.51,37.215,37.4,37.43,1.0,324429
2026-08-31,NYSE:SOBO,37.87,37.25,37.83,37.77,1.0,384211
2026-09-01,NYSE:SOBO,39.019,37.25,38.0,37.81,1.0,803785
2026-09-02,NYSE:SOBO,37.7,37.21,37.48,37.39,1.0,620969
2026-09-03,NYSE:SOBO,37.71,37.24,37.52,37.37,1.0,454769
2026-09-04,NYSE:SOBO,37.16,36.645,37.16,37.05,1.0,1054320
2026-09-08,NYSE:SOBO,37.93,37.32,37.34,37.79,1.0,1021867
2026-09-09,NYSE:SOBO,38.23,37.24,37.99,37.25,1.0,846999
2026-09-10,NYSE:SOBO,37.34,36.28,37.29,36.39,1.0,729097
2026-09-11,NYSE:SOBO,37.2,35.78,36.44,35.99,1.0,932871
2026-09-14,NYSE:SOBO,36.2,35.62,36.05,35.73,1.0,727122
2026-09-15,NYSE:SOBO,35.98,35.46,35.65,35.61,1.0,293960
2026-09-16,NYSE:SOBO,35.96,35.38,35.44,35.55,1.0,468944
2026-09-17,NYSE:SOBO,36.17,35.37,35.37,35.77,1.0,257355
2026-09-18,NYSE:SOBO,36.14,35.48,35.71,35.88,1.0,340933
2026-09-21,NYSE:SOBO,35.89,35.04,35.59,35.1,1.0,536564
2026-09-22,NYSE:SOBO,35.32,34.53,34.97,34.6,1.0,522528
2026-09-23,NYSE:SOBO,34.865,34.32,34.8,34.38,1.0,651174
2026-09-24,NYSE:SOBO,34.57,34.11,34.57,34.32,1.0,493310
2026-08-25,AMEX:TGB,9.61,9.25,9.27,9.51,1.0,5168129
2026-08-26,AMEX:TGB,9.45,9.212,9.41,9.23,1.0,6463833
2026-08-27,AMEX:TGB,9.72,9.2,9.2,9.68,1.0,8967264
2026-08-28,AMEX:TGB,9.82,9.1,9.75,9.18,1.0,5693886
2026-08-31,AMEX:TGB,9.22,8.89,9.15,9.04,1.0,5360807
2026-09-01,AMEX:TGB,8.875,8.42,8.74,8.44,1.0,3788608
2026-09-02,AMEX:TGB,8.64,8.28,8.56,8.32,1.0,4521419
2026-09-03,AMEX:TGB,8.61,8.25,8.56,8.4,1.0,5743466
2026-09-04,AMEX:TGB,8.525,8.24,8.37,8.45,1.0,4403676
2026-09-08,AMEX:TGB,9.15,8.72,8.72,8.9,1.0,6696286
2026-09-09,AMEX:TGB,9.03,8.74,8.93,8.93,1.0,5031047
2026-09-10,AMEX:TGB,8.405,7.97,8.37,8.02,1.0,5624993
2026-09-11,AMEX:TGB,8.24,8.01,8.02,8.14,1.0,2769898
2026-09-14,AMEX:TGB,7.875,7.55,7.69,7.84,1.0,4128956
2026-09-15,AMEX:TGB,7.99,7.78,7.9,7.98,1.0,4888959
2026-09-16,AMEX:TGB,8.12,7.79,8.02,7.95,1.0,5713436
2026-09-17,AMEX:TGB,8.41,8.19,8.26,8.38,1.0,4300076
2026-09-18,AMEX:TGB,8.655,8.34,8.46,8.64,1.0,6322170
2026-09-21,AMEX:TGB,8.73,8.385,8.63,8.67,1.0,4784600
2026-09-22,AMEX:TGB,9.38,8.71,8.73,9.36,1.0,6424004
2026-09-23,AMEX:TGB,9.125,8.73,9.1,9.06,1.0,7098812
2026-09-24,AMEX:TGB,9.0,8.715,8.91,8.97,1.0,5581379
2026-08-25,NYSE:MRP,30.96,30.36,30.69,30.96,1.0,582389
2026-08-26,NYSE:MRP,30.9,30.63,30.9,30.67,1.0,771120
2026-08-27,NYSE:MRP,30.83,30.47,30.7,30.5,1.0,708428
2026-08-28,NYSE:MRP,30.87,30.38,30.63,30.61,1.0,709109
2026-08-31,NYSE:MRP,30.63,30.18,30.44,30.42,1.0,1077006
2026-09-01,NYSE:MRP,31.03,30.28,30.34,30.58,1.0,1137769
2026-09-02,NYSE:MRP,31.055,30.57,30.73,30.86,1.0,1220297
2026-09-03,NYSE:MRP,31.77,31.0301,31.23,31.72,1.0,1241620
2026-09-04,NYSE:MRP,32.11,31.52,31.58,32.02,1.0,1227841
2026-09-08,NYSE:MRP,32.17,30.71,32.01,30.78,1.0,1460904
2026-09-09,NYSE:MRP,30.92,30.2235,30.78,30.49,1.0,1078032
2026-09-10,NYSE:MRP,30.43,29.35,30.37,29.59,1.0,1330784
2026-09-11,NYSE:MRP,29.9699,29.605,29.92,29.69,1.0,833507
2026-09-14,NYSE:MRP,29.86,29.34,29.54,29.46,1.0,1097202
2026-09-15,NYSE:MRP,29.45,29.1,29.4,29.44,1.0,1358069
2026-09-16,NYSE:MRP,29.65,28.68,29.53,28.95,1.0,1694472
2026-09-17,NYSE:MRP,29.48,28.54,29.3,28.79,1.0,1178739
2026-09-18,NYSE:MRP,29.0,28.435,28.7,28.87,1.0,5618303
2026-09-21,NYSE:MRP,29.0812,28.57,28.91,28.68,1.0,1281415
2026-09-22,NYSE:MRP,28.995,28.3,28.75,28.73,1.0,1664884
2026-09-23,NYSE:MRP,28.59,26.715,28.59,26.81,1.0,2965602
2026-09-24,NYSE:MRP,27.785,26.93,27.06,27.06,1.0,2725539
2026-08-25,NASDAQ:OVLY,34.71,33.72,34.54,34.07,1.0,30526
2026-08-26,NASDAQ:OVLY,34.11,33.56,34.07,33.79,1.0,30559
2026-08-27,NASDAQ:OVLY,34.1292,33.46,33.6,34.04,1.0,16724
2026-08-28,NASDAQ:OVLY,34.51,33.925,34.23,33.98,1.0,20013
2026-08-31,NASDAQ:OVLY,33.99,33.3722,33.3722,33.59,1.0,13293
2026-09-01,NASDAQ:OVLY,34.0,33.525,34.0,33.83,1.0,21855
2026-09-02,NASDAQ:OVLY,34.96,33.91,34.01,34.34,1.0,28983
2026-09-03,NASDAQ:OVLY,34.77,34.325,34.67,34.51,1.0,11941
2026-09-04,NASDAQ:OVLY,35.2,34.21,34.33,34.88,1.0,30709
2026-09-08,NASDAQ:OVLY,34.6,34.23,34.6,34.285,1.0,12304
2026-09-09,NASDAQ:OVLY,34.84,33.97,33.97,34.78,1.0,24308
2026-09-10,NASDAQ:OVLY,34.83,34.205,34.23,34.65,1.0,16373
2026-09-11,NASDAQ:OVLY,34.97,34.34,34.93,34.54,1.0,15344
2026-09-14,NASDAQ:OVLY,34.845,34.44,34.56,34.44,1.0,21500
2026-09-15,NASDAQ:OVLY,34.78,34.05,34.175,34.78,1.0,30228
2026-09-16,NASDAQ:OVLY,35.05,33.785,34.8,34.37,1.0,17040
2026-09-17,NASDAQ:OVLY,35.46,34.03,35.29,34.25,1.0,17140
2026-09-18,NASDAQ:OVLY,34.63,33.51,34.0,34.59,1.0,46805
2026-09-21,NASDAQ:OVLY,34.62,34.045,34.52,34.37,1.0,19554
2026-09-22,NASDAQ:OVLY,34.61,34.085,34.55,34.42,1.0,18433
2026-09-23,NASDAQ:OVLY,34.4,33.49,34.2,33.61,1.0,11182
2026-09-24,NASDAQ:OVLY,34.15,33.59,33.59,33.97,1.0,19136
2026-08-25,NASDAQ:CMCSA,27.35,26.69,26.9,27.1,1.0,22653867
2026-08-26,NASDAQ:CMCSA,27.265,26.97,27.11,27.2,1.0,13764861
2026-08-27,NASDAQ:CMCSA,27.05,26.365,26.81,26.41,1.0,20704614
2026-08-28,NASDAQ:CMCSA,27.115,26.53,26.74,27.06,1.0,20587292
2026-08-31,NASDAQ:CMCSA,26.97,26.595,26.83,26.62,1.0,23306590
2026-09-01,NASDAQ:CMCSA,26.76,26.27,26.52,26.3,1.0,19366771
2026-09-02,NASDAQ:CMCSA,27.19,26.46,26.49,26.81,1.0,18891220
2026-09-03,NASDAQ:CMCSA,27.13,26.5,26.89,26.65,1.0,21940051
2026-09-04,NASDAQ:CMCSA,26.725,26.38,26.62,26.49,1.0,17284410
2026-09-08,NASDAQ:CMCSA,26.4,25.96,26.31,26.33,1.0,27066318
2026-09-09,NASDAQ:CMCSA,26.25,24.19,26.19,24.59,1.0,47088124
2026-09-10,NASDAQ:CMCSA,25.339000000000002,24.51,24.6,25.17,1.0,23803037
2026-09-11,NASDAQ:CMCSA,25.41,25.0,25.21,25.2,1.0,16037019
2026-09-14,NASDAQ:CMCSA,25.45,24.815,25.33,24.88,1.0,37726536
2026-09-15,NASDAQ:CMCSA,24.77,24.37,24.61,24.42,1.0,27249634
2026-09-16,NASDAQ:CMCSA,24.47,23.59,24.38,23.73,1.0,24295832
2026-09-17,NASDAQ:CMCSA,23.94,22.84,23.8,22.91,1.0,36297113
2026-09-18,NASDAQ:CMCSA,22.9062,22.36,22.665,22.74,1.0,64980390
2026-09-21,NASDAQ:CMCSA,23.08,22.49,22.8,22.93,1.0,29119254
2026-09-22,NASDAQ:CMCSA,23.13,22.35,23.085,22.42,1.0,45147411
2026-09-23,NASDAQ:CMCSA,22.87,22.03,22.36,22.55,1.0,38897086
2026-09-24,NASDAQ:CMCSA,22.805,22.015,22.7,22.13,1.0,32949651
2026-08-25,NYSE:UE,21.72,21.4,21.61,21.72,1.0,777485
2026-08-26,NYSE:UE,21.71,21.43,21.6,21.45,1.0,604185
2026-08-27,NYSE:UE,21.405,21.21,21.26,21.32,1.0,619047
2026-08-28,NYSE:UE,21.505,21.295,21.46,21.39,1.0,625203
2026-08-31,NYSE:UE,21.37,21.09,21.36,21.16,1.0,775358
2026-09-01,NYSE:UE,21.42,21.2,21.24,21.38,1.0,1103074
2026-09-02,NYSE:UE,21.54,21.235,21.5,21.31,1.0,1080705
2026-09-03,NYSE:UE,21.525,21.11,21.43,21.16,1.0,1353278
2026-09-04,NYSE:UE,21.355,20.98,21.04,20.98,1.0,791397
2026-09-08,NYSE:UE,21.09,20.87,20.87,20.96,1.0,860539
2026-09-09,NYSE:UE,20.98,20.73,20.92,20.83,1.0,731735
2026-09-10,NYSE:UE,20.95,20.645,20.95,20.7,1.0,655119
2026-09-11,NYSE:UE,20.89,20.505,20.84,20.57,1.0,590268
2026-09-14,NYSE:UE,20.96,20.52,20.78,20.58,1.0,608686
2026-09-15,NYSE:UE,20.63,20.14,20.63,20.18,1.0,883098
2026-09-16,NYSE:UE,20.375,19.925,20.13,20.03,1.0,822556
2026-09-17,NYSE:UE,20.22,20.01,20.11,20.09,1.0,691799
2026-09-18,NYSE:UE,20.25,19.91,20.25,20.01,1.0,1570725
2026-09-21,NYSE:UE,20.09,19.86,20.0,20.0,1.0,521031
2026-09-22,NYSE:UE,20.3,20.005,20.3,20.11,1.0,575335
2026-09-23,NYSE:UE,19.98,19.76,19.98,19.78,1.0,740691
2026-09-24,NYSE:UE,19.92,19.68,19.85,19.8,1.0,829099
2026-08-25,NYSE:BR,186.01,182.01,183.07,184.82,1.0,1108192
2026-08-26,NYSE:BR,185.67,180.85,183.73,181.6,1.0,1186334
2026-08-27,NYSE:BR,184.465,180.95,181.89,183.08,1.0,1008842
2026-08-28,NYSE:BR,184.7,182.7301,183.28,183.64,1.0,734221
2026-08-31,NYSE:BR,184.55,181.31,183.44,182.38,1.0,1125973
2026-09-01,NYSE:BR,183.31,178.62,181.62,180.39,1.0,1141106
2026-09-02,NYSE:BR,182.52,177.88,180.31,178.06,1.0,1003596
2026-09-03,NYSE:BR,182.94,176.56,178.38,178.91,1.0,754135
2026-09-04,NYSE:BR,177.905,172.11,175.91,172.88,1.0,1250513
2026-09-08,NYSE:BR,172.0,165.41,172.0,168.62,1.0,1473056
2026-09-09,NYSE:BR,169.03,164.7,168.71,168.1,1.0,1204079
2026-09-10,NYSE:BR,169.69,167.22,168.09,168.24,1.0,888737
2026-09-11,NYSE:BR,170.25,166.78,169.445,167.74,1.0,592596
2026-09-14,NYSE:BR,175.2,169.595,171.8,174.39,1.0,758093
2026-09-15,NYSE:BR,172.385,169.84,172.01,170.25,1.0,945855
2026-09-16,NYSE:BR,169.81,165.7,169.81,167.09,1.0,894163
2026-09-17,NYSE:BR,167.24,164.21,166.64,164.31,1.0,860125
2026-09-18,NYSE:BR,164.93,162.29,163.54,163.13,1.0,3278585
2026-09-21,NYSE:BR,165.05,162.3,163.99,164.62,1.0,1078763
2026-09-22,NYSE:BR,166.8,162.2,166.77,163.02,1.0,799206
2026-09-23,NYSE:BR,165.29,161.83,162.62,163.45,1.0,824583
2026-09-24,NYSE:BR,165.285,161.745,163.74,162.66,1.0,940166
2026-08-25,NYSE:WD,40.98,39.01,39.48,40.69,1.0,449367
2026-08-26,NYSE:WD,40.8,39.56,40.8,40.29,1.0,398633
2026-08-27,NYSE:WD,40.89,39.835,40.31,40.28,1.0,430996
2026-08-28,NYSE:WD,41.7,40.265,40.58,41.35,1.0,529703
2026-08-31,NYSE:WD,41.37,40.305,41.15,40.53,1.0,507288
2026-09-01,NYSE:WD,40.885,39.935,40.28,40.27,1.0,360682
2026-09-02,NYSE:WD,40.92,39.97,40.35,40.07,1.0,460758
2026-09-03,NYSE:WD,42.0,40.38,40.71,41.7,1.0,690414
2026-09-04,NYSE:WD,43.1299,41.04,41.55,42.61,1.0,444569
2026-09-08,NYSE:WD,42.4,41.51,42.4,41.92,1.0,400463
2026-09-09,NYSE:WD,41.77,40.87,41.77,41.37,1.0,419583
2026-09-10,NYSE:WD,41.05,40.16,41.05,40.33,1.0,375148
2026-09-11,NYSE:WD,41.045,40.2001,40.86,40.53,1.0,339015
2026-09-14,NYSE:WD,41.72,40.34,40.4,40.5,1.0,439884
2026-09-15,NYSE:WD,40.22,39.38,40.21,40.11,1.0,369114
2026-09-16,NYSE:WD,40.87,38.36,40.03,39.27,1.0,724197
2026-09-17,NYSE:WD,39.92,38.43,39.92,38.47,1.0,362563
2026-09-18,NYSE:WD,38.41,37.59,38.275,37.77,1.0,894664
2026-09-21,NYSE:WD,38.84,37.97,38.12,38.38,1.0,470444
2026-09-22,NYSE:WD,38.89,38.13,38.87,38.32,1.0,431254
2026-09-23,NYSE:WD,38.34,36.7,38.05,36.96,1.0,592095
2026-09-24,NYSE:WD,37.32,36.56,37.295,37.32,1.0,497545
2026-08-25,NASDAQ:NBIS,223.44,213.55,217.96,221.97,1.0,13547943
2026-08-26,NASDAQ:NBIS,221.47,213.6001,215.5,213.93,1.0,10562817
2026-08-27,NASDAQ:NBIS,228.5,215.41,223.37,218.48,1.0,16068171
2026-08-28,NASDAQ:NBIS,214.28,205.48,211.96,209.18,1.0,13122092
2026-08-31,NASDAQ:NBIS,208.88,201.5,205.735,206.32,1.0,10556117
2026-09-01,NASDAQ:NBIS,202.8075,194.8,199.91,199.54,1.0,10855857
2026-09-02,NASDAQ:NBIS,205.21,195.15,195.655,204.09,1.0,10817917
2026-09-03,NASDAQ:NBIS,211.67,196.63,202.88,210.63,1.0,10679565
2026-09-04,NASDAQ:NBIS,226.58,209.405,210.19,226.39,1.0,14970670
2026-09-08,NASDAQ:NBIS,254.74,234.325,234.845,243.88,1.0,26697328
2026-09-09,NASDAQ:NBIS,250.27200000000002,240.2,247.905,240.35,1.0,11438959
2026-09-10,NASDAQ:NBIS,238.33,226.03,232.0,228.11,1.0,13059378
2026-09-11,NASDAQ:NBIS,234.95,223.64,234.8,224.55,1.0,11228340
2026-09-14,NASDAQ:NBIS,219.32,203.87,204.98,212.19,1.0,13725144
2026-09-15,NASDAQ:NBIS,216.5595,206.8473,211.03,207.37,1.0,10489033
2026-09-16,NASDAQ:NBIS,220.4,208.4614,212.49,209.37,1.0,13917864
2026-09-17,NASDAQ:NBIS,232.85,209.65,230.02,217.99,1.0,30767648
2026-09-18,NASDAQ:NBIS,224.6499,210.3,217.895,223.54,1.0,21347716
2026-09-21,NASDAQ:NBIS,237.96,221.3,225.96,232.8,1.0,17531104
2026-09-22,NASDAQ:NBIS,246.61,231.66,233.24,236.12,1.0,15388959
2026-09-23,NASDAQ:NBIS,236.5686,226.39,235.16,226.61,1.0,11013375
2026-09-24,NASDAQ:NBIS,249.19,229.5,231.835,243.48,1.0,24213738
2026-08-25,NYSE:TEN,42.65,42.0,42.38,42.27,1.0,144357
2026-08-26,NYSE:TEN,41.828,40.02,41.75,40.25,1.0,329676
2026-08-27,NYSE:TEN,42.33,40.74,40.74,42.09,1.0,294180
2026-08-28,NYSE:TEN,42.93,42.0,42.135,42.52,1.0,148571
2026-08-31,NYSE:TEN,42.91,42.02,42.81,42.4,1.0,260474
2026-09-01,NYSE:TEN,43.21,42.14,42.9,42.82,1.0,193439
2026-09-02,NYSE:TEN,43.3,42.37,42.82,43.25,1.0,270798
2026-09-03,NYSE:TEN,44.0,42.83,43.5,43.28,1.0,349459
2026-09-04,NYSE:TEN,43.99,43.13,43.41,43.74,1.0,326384
2026-09-08,NYSE:TEN,44.1,43.07,44.1,43.52,1.0,301723
2026-09-09,NYSE:TEN,44.5095,43.605,44.17,44.32,1.0,309534
2026-09-10,NYSE:TEN,46.65,43.8,45.51,44.71,1.0,715134
2026-09-11,NYSE:TEN,48.239,44.92,45.35,47.9,1.0,1060525
2026-09-14,NYSE:TEN,49.69,47.7,48.35,49.62,1.0,804888
2026-09-15,NYSE:TEN,51.24,48.84,49.64,51.11,1.0,746599
2026-09-16,NYSE:TEN,52.9,50.9,50.9,52.31,1.0,656865
2026-09-17,NYSE:TEN,53.84,51.4401,52.16,52.81,1.0,506733
2026-09-18,NYSE:TEN,53.63,51.5201,52.59,52.09,1.0,713864
2026-09-21,NYSE:TEN,53.735,50.64,52.66,50.92,1.0,730665
2026-09-22,NYSE:TEN,50.25,48.17,49.45,48.27,1.0,747525
2026-09-23,NYSE:TEN,48.44,46.36,48.44,47.0,1.0,685424
2026-09-24,NYSE:TEN,47.7,46.22,46.67,46.75,1.0,552953
2026-08-25,NASDAQ:PTEN,11.72,11.41,11.53,11.52,1.0,9625555
2026-08-26,NASDAQ:PTEN,11.79,11.04,11.21,11.75,1.0,9073863
2026-08-27,NASDAQ:PTEN,12.475,11.62,11.62,12.26,1.0,10841951
2026-08-28,NASDAQ:PTEN,12.49,12.11,12.13,12.43,1.0,10089653
2026-08-31,NASDAQ:PTEN,12.93,12.285,12.898,12.64,1.0,10489421
2026-09-01,NASDAQ:PTEN,12.895,12.475,12.755,12.79,1.0,7686234
2026-09-02,NASDAQ:PTEN,13.305,12.61,12.61,13.15,1.0,13290629
2026-09-03,NASDAQ:PTEN,13.24,12.475,13.1,12.55,1.0,5939378
2026-09-04,NASDAQ:PTEN,12.485,12.225,12.38,12.42,1.0,6583097
2026-09-08,NASDAQ:PTEN,13.045,12.63,12.725,12.66,1.0,7817566
2026-09-09,NASDAQ:PTEN,13.135,12.735,12.95,12.93,1.0,7759373
2026-09-10,NASDAQ:PTEN,13.39,12.655,13.3,12.9,1.0,6835402
2026-09-11,NASDAQ:PTEN,13.11,12.75,12.88,12.85,1.0,7934090
2026-09-14,NASDAQ:PTEN,13.02,12.31,12.88,12.42,1.0,8637795
2026-09-15,NASDAQ:PTEN,12.93,12.51,12.53,12.71,1.0,7516245
2026-09-16,NASDAQ:PTEN,12.63,11.82,12.54,12.03,1.0,8978753
2026-09-17,NASDAQ:PTEN,12.205,11.86,12.02,12.03,1.0,8397457
2026-09-18,NASDAQ:PTEN,11.99,11.755,11.93,11.78,1.0,17488945
2026-09-21,NASDAQ:PTEN,11.64,11.305,11.64,11.42,1.0,8796348
2026-09-22,NASDAQ:PTEN,11.505,11.12,11.19,11.14,1.0,6997933
2026-09-23,NASDAQ:PTEN,11.28,10.985,11.26,11.07,1.0,6447989
2026-09-24,NASDAQ:PTEN,11.365,10.94,11.2,11.18,1.0,7438033
2026-08-25,AMEX:EPM,3.55,3.44,3.5,3.48,1.0,506640
2026-08-26,AMEX:EPM,3.495,3.41,3.47,3.42,1.0,460730
2026-08-27,AMEX:EPM,3.595,3.44,3.44,3.58,1.0,434497
2026-08-28,AMEX:EPM,3.74,3.57,3.64,3.64,1.0,783075
2026-08-31,AMEX:EPM,3.775,3.655,3.72,3.7,1.0,853888
2026-09-01,AMEX:EPM,3.76,3.65,3.76,3.69,1.0,404940
2026-09-02,AMEX:EPM,3.69,3.57,3.65,3.67,1.0,538089
2026-09-03,AMEX:EPM,3.7262,3.66,3.7,3.7,1.0,302224
2026-09-04,AMEX:EPM,3.7,3.6011,3.7,3.68,1.0,278892
2026-09-08,AMEX:EPM,3.7617,3.68,3.7,3.7,1.0,366753
2026-09-09,AMEX:EPM,3.75,3.63,3.75,3.69,1.0,296100
2026-09-10,AMEX:EPM,3.87,3.675,3.73,3.84,1.0,560205
2026-09-11,AMEX:EPM,3.87,3.69,3.81,3.72,1.0,410602
2026-09-14,AMEX:EPM,3.8,3.685,3.79,3.71,1.0,421116
2026-09-15,AMEX:EPM,3.81,3.69,3.76,3.69,1.0,1039933
2026-09-16,AMEX:EPM,3.89,3.61,3.85,3.63,1.0,1122394
2026-09-17,AMEX:EPM,3.74,3.535,3.64,3.69,1.0,658885
2026-09-18,AMEX:EPM,3.915,3.73,3.73,3.86,1.0,1192043
2026-09-21,AMEX:EPM,3.68,3.55,3.68,3.56,1.0,712884
2026-09-22,AMEX:EPM,3.75,3.53,3.55,3.66,1.0,719473
2026-09-23,AMEX:EPM,3.7,3.59,3.7,3.6,1.0,319220
2026-09-24,AMEX:EPM,3.705,3.59,3.63,3.63,1.0,471820
2026-08-25,NYSE:PLOW,42.0,41.16,42.0,41.68,1.0,127776
2026-08-26,NYSE:PLOW,42.025,41.41,41.82,41.67,1.0,124800
2026-08-27,NYSE:PLOW,42.2,41.0,41.53,42.16,1.0,143153
2026-08-28,NYSE:PLOW,42.74,41.37,42.25,41.82,1.0,148367
2026-08-31,NYSE:PLOW,41.93,40.92,41.93,41.07,1.0,219973
2026-09-01,NYSE:PLOW,41.035,40.13,40.79,40.7,1.0,204722
2026-09-02,NYSE:PLOW,41.72,40.705,40.88,41.63,1.0,202980
2026-09-03,NYSE:PLOW,42.02,40.84,42.02,41.3,1.0,230898
2026-09-04,NYSE:PLOW,42.33,41.3,41.3,42.3,1.0,159979
2026-09-08,NYSE:PLOW,42.39,41.355,42.19,41.59,1.0,206958
2026-09-09,NYSE:PLOW,41.75,40.53,41.23,41.03,1.0,127254
2026-09-10,NYSE:PLOW,40.95,40.14,40.14,40.52,1.0,130067
2026-09-11,NYSE:PLOW,41.26,40.15,41.13,40.24,1.0,116453
2026-09-14,NYSE:PLOW,40.2,39.14,39.74,40.11,1.0,192896
2026-09-15,NYSE:PLOW,40.0,38.7,40.0,39.35,1.0,180166
2026-09-16,NYSE:PLOW,39.935,38.9425,39.67,39.36,1.0,136833
2026-09-17,NYSE:PLOW,40.175,39.47,40.0,39.86,1.0,177111
2026-09-18,NYSE:PLOW,39.93,39.32,39.86,39.89,1.0,360693
2026-09-21,NYSE:PLOW,40.3,39.5,40.3,39.89,1.0,162999
2026-09-22,NYSE:PLOW,40.53,39.83,40.18,39.89,1.0,174859
2026-09-23,NYSE:PLOW,40.18,39.265,39.7,39.45,1.0,115399
2026-09-24,NYSE:PLOW,39.84,39.13,39.4,39.73,1.0,244828
2026-08-25,NYSE:HG,35.6,34.74,35.6,35.04,1.0,247757
2026-08-26,NYSE:HG,35.63,34.56,35.63,35.08,1.0,396153
2026-08-27,NYSE:HG,35.31,34.58,34.75,35.27,1.0,280048
2026-08-28,NYSE:HG,35.55,35.1,35.1,35.35,1.0,204913
2026-08-31,NYSE:HG,35.42,34.74,35.42,35.16,1.0,417757
2026-09-01,NYSE:HG,35.63,34.93,34.93,35.05,1.0,233786
2026-09-02,NYSE:HG,35.82,35.05,35.42,35.5,1.0,469331
2026-09-03,NYSE:HG,36.47,35.81,35.91,36.11,1.0,430973
2026-09-04,NYSE:HG,36.0,35.41,35.66,35.6,1.0,237898
2026-09-08,NYSE:HG,35.495,34.78,35.26,34.87,1.0,262624
2026-09-09,NYSE:HG,34.77,34.26,34.77,34.37,1.0,406238
2026-09-10,NYSE:HG,34.96,34.3601,34.73,34.9,1.0,505238
2026-09-11,NYSE:HG,36.75,34.45,35.14,34.85,1.0,295756
2026-09-14,NYSE:HG,35.41,34.83,35.3,34.97,1.0,412555
2026-09-15,NYSE:HG,35.28,34.66,34.85,35.26,1.0,477743
2026-09-16,NYSE:HG,35.45,34.69,35.06,35.17,1.0,459438
2026-09-17,NYSE:HG,35.37,34.8,35.22,35.15,1.0,469717
2026-09-18,NYSE:HG,35.102,34.53,34.94,34.96,1.0,650983
2026-09-21,NYSE:HG,34.98,33.83,34.81,33.87,1.0,543858
2026-09-22,NYSE:HG,34.08,33.6001,33.89,33.74,1.0,524334
2026-09-23,NYSE:HG,33.91,33.1735,33.53,33.47,1.0,373920
2026-09-24,NYSE:HG,33.765,33.41,33.54,33.43,1.0,439512
2026-08-25,NYSE:NEXA,15.85,14.85,14.99,15.82,1.0,842842
2026-08-26,NYSE:NEXA,15.95,15.36,15.64,15.58,1.0,529315
2026-08-27,NYSE:NEXA,15.33,13.74,14.9,13.9,1.0,2033286
2026-08-28,NYSE:NEXA,14.199000000000002,13.28,13.985,13.35,1.0,1324900
2026-08-31,NYSE:NEXA,13.74,13.2,13.2,13.61,1.0,849997
2026-09-01,NYSE:NEXA,13.6,13.1,13.24,13.12,1.0,872433
2026-09-02,NYSE:NEXA,13.57,13.11,13.28,13.34,1.0,657625
2026-09-03,NYSE:NEXA,14.0799,13.3925,13.5,13.85,1.0,905482
2026-09-04,NYSE:NEXA,13.92,13.44,13.53,13.8,1.0,573686
2026-09-08,NYSE:NEXA,14.6,14.06,14.45,14.12,1.0,1099998
2026-09-09,NYSE:NEXA,14.78,14.095,14.12,14.25,1.0,920294
2026-09-10,NYSE:NEXA,13.76,13.14,13.54,13.14,1.0,556757
2026-09-11,NYSE:NEXA,13.62,13.185,13.38,13.31,1.0,518370
2026-09-14,NYSE:NEXA,13.07,12.445,12.8,12.51,1.0,601278
2026-09-15,NYSE:NEXA,12.79,12.51,12.56,12.62,1.0,764168
2026-09-16,NYSE:NEXA,12.98,11.9426,12.88,12.08,1.0,1307969
2026-09-17,NYSE:NEXA,13.1,12.78,12.87,12.92,1.0,1673047
2026-09-18,NYSE:NEXA,13.05,12.51,12.92,13.01,1.0,965632
2026-09-21,NYSE:NEXA,13.15,12.72,13.04,12.86,1.0,823803
2026-09-22,NYSE:NEXA,13.355,12.83,12.89,13.29,1.0,392487
2026-09-23,NYSE:NEXA,12.9132,12.55,12.9,12.78,1.0,592115
2026-09-24,NYSE:NEXA,12.775,12.44,12.62,12.64,1.0,479225
2026-08-25,NYSE:MUR,35.53,34.6,35.0,34.62,1.0,1296317
2026-08-26,NYSE:MUR,35.165,33.79,34.1,34.69,1.0,890880
2026-08-27,NYSE:MUR,36.24,34.4,34.79,35.95,1.0,1445833
2026-08-28,NYSE:MUR,36.17,35.205,36.17,35.63,1.0,1122757
2026-08-31,NYSE:MUR,36.93,35.625,36.76,36.42,1.0,1547638
2026-09-01,NYSE:MUR,37.6257,36.73,37.23,37.6,1.0,1241696
2026-09-02,NYSE:MUR,38.025,36.55,36.85,37.69,1.0,1391611
2026-09-03,NYSE:MUR,37.935,37.055,37.69,37.32,1.0,1178269
2026-09-04,NYSE:MUR,37.201,36.15,37.09,36.44,1.0,1514208
2026-09-08,NYSE:MUR,38.305,37.235,37.38,37.58,1.0,1554796
2026-09-09,NYSE:MUR,38.7,38.025,38.13,38.46,1.0,1579845
2026-09-10,NYSE:MUR,39.37,37.75,39.145,38.83,1.0,1990421
2026-09-11,NYSE:MUR,38.65,37.99,38.35,38.5,1.0,1471864
2026-09-14,NYSE:MUR,39.4553,38.07,39.31,38.2,1.0,1570115
2026-09-15,NYSE:MUR,40.69445,38.64,38.77,40.4,1.0,1867000
2026-09-16,NYSE:MUR,39.525,37.99,39.29,38.19,1.0,2132684
2026-09-17,NYSE:MUR,38.39,37.5,37.5,37.69,1.0,1205255
2026-09-18,NYSE:MUR,37.975,37.0919,37.64,37.39,1.0,4271993
2026-09-21,NYSE:MUR,36.915,35.89,36.88,36.18,1.0,1412117
2026-09-22,NYSE:MUR,36.23,35.26,35.51,35.38,1.0,1224945
2026-09-23,NYSE:MUR,36.7,35.31,35.78,36.21,1.0,1191585
2026-09-24,NYSE:MUR,37.62,36.248000000000005,36.77,37.38,1.0,1789354
2026-08-25,NASDAQ:ISBA,40.91,38.97,39.69,39.2,1.0,49858
2026-08-26,NASDAQ:ISBA,39.75,38.155,39.54,38.48,1.0,53251
2026-08-27,NASDAQ:ISBA,39.19,38.08,38.14,38.54,1.0,85093
2026-08-28,NASDAQ:ISBA,39.645,38.4,38.64,39.44,1.0,110333
2026-08-31,NASDAQ:ISBA,39.825,38.21,39.2,38.24,1.0,114611
2026-09-01,NASDAQ:ISBA,39.09,38.11,38.23,38.55,1.0,143919
2026-09-02,NASDAQ:ISBA,40.0075,38.51,38.78,39.85,1.0,106634
2026-09-03,NASDAQ:ISBA,40.36,39.41,40.11,39.68,1.0,63737
2026-09-04,NASDAQ:ISBA,40.18,38.75,39.44,40.04,1.0,45105
2026-09-08,NASDAQ:ISBA,40.22,39.18,39.83,39.62,1.0,56675
2026-09-09,NASDAQ:ISBA,39.65,38.84,39.65,39.01,1.0,95548
2026-09-10,NASDAQ:ISBA,39.375,38.28,38.835,38.91,1.0,31546
2026-09-11,NASDAQ:ISBA,39.84,39.04,39.55,39.36,1.0,27384
2026-09-14,NASDAQ:ISBA,39.77,38.925,39.45,39.45,1.0,49301
2026-09-15,NASDAQ:ISBA,40.025,39.035,39.36,39.4,1.0,42463
2026-09-16,NASDAQ:ISBA,39.58,37.6,39.58,38.11,1.0,36236
2026-09-17,NASDAQ:ISBA,38.56,37.9125,38.4,38.56,1.0,13192
2026-09-18,NASDAQ:ISBA,38.98,37.61,38.36,38.55,1.0,131828
2026-09-21,NASDAQ:ISBA,39.14,38.0,38.79,38.2,1.0,38479
2026-09-22,NASDAQ:ISBA,38.76,37.995,38.53,38.24,1.0,24133
2026-09-23,NASDAQ:ISBA,38.39,36.97,38.15,37.26,1.0,37341
2026-09-24,NASDAQ:ISBA,37.84,36.85,37.19,37.4,1.0,36851
2026-08-25,NYSE:NAT,6.98,6.81,6.95,6.9,1.0,1926566
2026-08-26,NYSE:NAT,6.76,6.41,6.71,6.52,1.0,4434744
2026-08-27,NYSE:NAT,7.0,6.46,6.55,6.76,1.0,7539466
2026-08-28,NYSE:NAT,6.985,6.69,6.9,6.77,1.0,4643141
2026-08-31,NYSE:NAT,6.9195,6.67,6.88,6.83,1.0,4372929
2026-09-01,NYSE:NAT,6.975,6.76,6.86,6.91,1.0,4880516
2026-09-02,NYSE:NAT,7.11,6.86,6.93,7.07,1.0,4824770
2026-09-03,NYSE:NAT,7.1995,6.995,7.13,7.1,1.0,3988698
2026-09-04,NYSE:NAT,7.345,7.02,7.1,7.25,1.0,4270825
2026-09-08,NYSE:NAT,7.335,7.14,7.32,7.14,1.0,3626768
2026-09-09,NYSE:NAT,7.34,7.1,7.2,7.27,1.0,4115580
2026-09-10,NYSE:NAT,7.265,7.0,7.01,7.21,1.0,5102201
2026-09-11,NYSE:NAT,7.495,7.15,7.19,7.46,1.0,5673552
2026-09-14,NYSE:NAT,7.7,7.3,7.5,7.63,1.0,6562321
2026-09-15,NYSE:NAT,7.91,7.67,7.75,7.85,1.0,5961240
2026-09-16,NYSE:NAT,8.13,7.83,7.88,7.99,1.0,5114863
2026-09-17,NYSE:NAT,8.27,7.97,8.02,8.15,1.0,6200897
2026-09-18,NYSE:NAT,8.33,8.09,8.2,8.25,1.0,4933691
2026-09-21,NYSE:NAT,8.255,7.89,8.14,8.0,1.0,6181973
2026-09-22,NYSE:NAT,7.8163,7.59,7.79,7.66,1.0,6778821
2026-09-23,NYSE:NAT,7.761,7.36,7.73,7.62,1.0,4926364
2026-09-24,NYSE:NAT,7.8099,7.495,7.57,7.665,1.0,4329003
2026-08-25,NASDAQ:IMOS,55.99,54.675,54.73,55.56,1.0,68768
2026-08-26,NASDAQ:IMOS,57.695,56.66,56.99,57.17,1.0,42007
2026-08-27,NASDAQ:IMOS,58.04,56.89,58.02,57.51,1.0,39374
2026-08-28,NASDAQ:IMOS,56.89,55.09,56.89,55.455,1.0,38388
2026-08-31,NASDAQ:IMOS,55.85,54.25,55.82,54.64,1.0,79661
2026-09-01,NASDAQ:IMOS,57.825,56.0,56.0,57.27,1.0,78702
2026-09-02,NASDAQ:IMOS,56.2,55.01,55.7,56.15,1.0,56117
2026-09-03,NASDAQ:IMOS,56.72,55.03,56.06,56.38,1.0,42152
2026-09-04,NASDAQ:IMOS,57.71,55.0201,56.57,57.61,1.0,76200
2026-09-08,NASDAQ:IMOS,58.3,56.75,57.1,57.06,1.0,79482
2026-09-09,NASDAQ:IMOS,58.39,57.51,57.82,58.39,1.0,34713
2026-09-10,NASDAQ:IMOS,56.7,55.485,56.0,55.99,1.0,46407
2026-09-11,NASDAQ:IMOS,56.03,55.11,55.59,55.33,1.0,67511
2026-09-14,NASDAQ:IMOS,54.105,52.6,52.61,53.58,1.0,135693
2026-09-15,NASDAQ:IMOS,53.3769,52.39,53.17,52.78,1.0,22974
2026-09-16,NASDAQ:IMOS,55.5757,54.19,54.8,54.75,1.0,68158
2026-09-17,NASDAQ:IMOS,55.6051,54.95,55.19,55.09,1.0,67710
2026-09-18,NASDAQ:IMOS,61.36,58.59,59.01,61.3,1.0,206693
2026-09-21,NASDAQ:IMOS,65.7561,64.455,65.4,65.18,1.0,105381
2026-09-22,NASDAQ:IMOS,68.25,66.1,66.1,67.92,1.0,82581
2026-09-23,NASDAQ:IMOS,68.05,66.42,67.67,67.37,1.0,114119
2026-09-24,NASDAQ:IMOS,71.0,68.89,69.99,69.72,1.0,83217
2026-08-25,NYSE:EPR,60.98,60.31,60.61,60.33,1.0,895486
2026-08-26,NYSE:EPR,60.91,59.92,60.48,60.0,1.0,571828
2026-08-27,NYSE:EPR,59.82,59.31,59.82,59.61,1.0,551261
2026-08-28,NYSE:EPR,60.099,59.18,59.83,59.55,1.0,493646
2026-08-31,NYSE:EPR,59.17,58.61,59.05,58.71,1.0,903420
2026-09-01,NYSE:EPR,59.67,58.9833,59.18,59.36,1.0,718498
2026-09-02,NYSE:EPR,59.657,58.55,59.39,59.61,1.0,492837
2026-09-03,NYSE:EPR,60.54,59.68,59.95,60.48,1.0,592165
2026-09-04,NYSE:EPR,60.845,59.48,60.14,59.99,1.0,1260042
2026-09-08,NYSE:EPR,60.6,59.562,59.85,59.9,1.0,850796
2026-09-09,NYSE:EPR,60.2,59.28,60.09,59.67,1.0,1056023
2026-09-10,NYSE:EPR,60.06,58.56,59.87,59.33,1.0,1177804
2026-09-11,NYSE:EPR,59.64,58.75,59.64,59.18,1.0,876271
2026-09-14,NYSE:EPR,60.06,58.46,59.39,58.81,1.0,1050490
2026-09-15,NYSE:EPR,58.95,58.0,58.71,58.69,1.0,943440
2026-09-16,NYSE:EPR,59.2,56.23,58.63,57.01,1.0,1424072
2026-09-17,NYSE:EPR,57.41,56.7001,57.27,57.16,1.0,847611
2026-09-18,NYSE:EPR,57.12,56.46,57.12,56.72,1.0,1953669
2026-09-21,NYSE:EPR,57.58,56.62,56.62,57.43,1.0,748145
2026-09-22,NYSE:EPR,58.095,57.3,57.49,57.84,1.0,753134
2026-09-23,NYSE:EPR,57.66,56.79,57.58,56.92,1.0,869872
2026-09-24,NYSE:EPR,57.17,56.26,57.04,56.81,1.0,546008
2026-08-25,NASDAQ:ADAM,9.95,9.75,9.92,9.84,1.0,612369
2026-08-26,NASDAQ:ADAM,9.84,9.71,9.84,9.77,1.0,486449
2026-08-27,NASDAQ:ADAM,9.915,9.74,9.77,9.84,1.0,745461
2026-08-28,NASDAQ:ADAM,9.956,9.78,9.88,9.8,1.0,834089
2026-08-31,NASDAQ:ADAM,9.85,9.65,9.85,9.74,1.0,796817
2026-09-01,NASDAQ:ADAM,9.72,9.55,9.63,9.61,1.0,536413
2026-09-02,NASDAQ:ADAM,9.655,9.57,9.61,9.61,1.0,580753
2026-09-03,NASDAQ:ADAM,9.75,9.605,9.74,9.7,1.0,587629
2026-09-04,NASDAQ:ADAM,9.81,9.64,9.66,9.75,1.0,510327
2026-09-08,NASDAQ:ADAM,9.78,9.685,9.75,9.71,1.0,564597
2026-09-09,NASDAQ:ADAM,9.73,9.56,9.73,9.56,1.0,650267
2026-09-10,NASDAQ:ADAM,9.56,9.13,9.5,9.15,1.0,1538990
2026-09-11,NASDAQ:ADAM,9.3,9.02,9.25,9.09,1.0,1022881
2026-09-14,NASDAQ:ADAM,9.15,8.91,9.08,9.02,1.0,834021
2026-09-15,NASDAQ:ADAM,9.055,8.94,9.03,8.955,1.0,917360
2026-09-16,NASDAQ:ADAM,9.09,8.9,9.01,8.97,1.0,1097308
2026-09-17,NASDAQ:ADAM,9.1991,9.0,9.13,9.005,1.0,1000029
2026-09-18,NASDAQ:ADAM,9.0967,8.835,8.95,8.91,1.0,3243116
2026-09-21,NASDAQ:ADAM,9.05,8.86,8.98,8.92,1.0,2954998
2026-09-22,NASDAQ:ADAM,8.825,8.6455,8.67,8.8,1.0,1589111
2026-09-23,NASDAQ:ADAM,8.75,8.42,8.74,8.43,1.0,1338799
2026-09-24,NASDAQ:ADAM,8.43,8.105,8.405,8.14,1.0,1273044
2026-08-25,NYSE:HR,19.43,19.21,19.35,19.39,1.0,3474314
2026-08-26,NYSE:HR,19.405,19.25,19.4,19.26,1.0,2166894
2026-08-27,NYSE:HR,19.205,19.07,19.17,19.13,1.0,2008523
2026-08-28,NYSE:HR,19.25,18.975,19.21,18.99,1.0,2148893
2026-08-31,NYSE:HR,19.055,18.7342,18.95,19.04,1.0,5557866
2026-09-01,NYSE:HR,19.46,19.03,19.09,19.36,1.0,3738266
2026-09-02,NYSE:HR,19.41,19.195,19.41,19.3,1.0,5127127
2026-09-03,NYSE:HR,19.63,19.175,19.4,19.27,1.0,2729307
2026-09-04,NYSE:HR,19.3912,19.12,19.18,19.12,1.0,1916307
2026-09-08,NYSE:HR,19.25,19.055,19.1,19.06,1.0,2693116
2026-09-09,NYSE:HR,19.075,18.73,19.02,18.91,1.0,3831321
2026-09-10,NYSE:HR,19.05,18.75,19.03,18.88,1.0,3493275
2026-09-11,NYSE:HR,19.1,18.79,18.97,18.9,1.0,2432607
2026-09-14,NYSE:HR,19.22,18.905,19.05,18.93,1.0,3300881
2026-09-15,NYSE:HR,19.02,18.625,18.92,18.65,1.0,3555657
2026-09-16,NYSE:HR,18.82,18.425,18.61,18.5,1.0,3168193
2026-09-17,NYSE:HR,18.69,18.38,18.57,18.4,1.0,5826969
2026-09-18,NYSE:HR,18.305,18.1309,18.27,18.26,1.0,7766890
2026-09-21,NYSE:HR,18.35,18.13,18.29,18.27,1.0,5549357
2026-09-22,NYSE:HR,18.46,18.16,18.31,18.18,1.0,4385081
2026-09-23,NYSE:HR,18.17,17.95,18.09,17.96,1.0,5171079
2026-09-24,NYSE:HR,18.14,17.79,18.04,17.825,1.0,4934777
2026-08-25,NYSE:SBR,74.565,72.6,72.6,74.46,1.0,49807
2026-08-26,NYSE:SBR,75.145,73.142,73.6,73.42,1.0,56396
2026-08-27,NYSE:SBR,74.35,73.1814,73.71,73.94,1.0,30961
2026-08-28,NYSE:SBR,75.16,73.92,74.13,74.85,1.0,25982
2026-08-31,NYSE:SBR,76.78,74.5475,75.63,75.1,1.0,26535
2026-09-01,NYSE:SBR,76.4493,75.25,75.59,75.68,1.0,23435
2026-09-02,NYSE:SBR,76.5,75.3,75.57,75.81,1.0,9714
2026-09-03,NYSE:SBR,76.9,75.21,76.71,75.48,1.0,20774
2026-09-04,NYSE:SBR,75.25,73.5179,75.21,74.71,1.0,28331
2026-09-08,NYSE:SBR,75.21,74.33,75.0,74.5,1.0,18133
2026-09-09,NYSE:SBR,75.08,73.9801,74.95,74.23,1.0,26990
2026-09-10,NYSE:SBR,75.33,74.0923,74.5,74.79,1.0,21440
2026-09-11,NYSE:SBR,75.82,74.56,75.82,74.85,1.0,16174
2026-09-14,NYSE:SBR,75.35,73.8,75.35,73.82,1.0,15974
2026-09-15,NYSE:SBR,75.2499,73.83,73.83,75.02,1.0,33661
2026-09-16,NYSE:SBR,74.87,72.5,74.5,72.8,1.0,47656
2026-09-17,NYSE:SBR,73.72,72.79,72.8,73.49,1.0,23842
2026-09-18,NYSE:SBR,73.98,73.3,73.89,73.48,1.0,20618
2026-09-21,NYSE:SBR,73.4887,72.16,72.9,72.36,1.0,24176
2026-09-22,NYSE:SBR,73.34,72.2,72.39,72.37,1.0,23751
2026-09-23,NYSE:SBR,72.5499,71.7,72.21,72.33,1.0,30554
2026-09-24,NYSE:SBR,72.99,71.91,72.0,72.48,1.0,26217
2026-08-25,NYSE:UDR,38.445,38.04,38.37,38.17,1.0,2394477
2026-08-26,NYSE:UDR,38.27,37.92,38.26,37.93,1.0,3824222
2026-08-27,NYSE:UDR,37.86,37.08,37.73,37.08,1.0,3012329
2026-08-28,NYSE:UDR,37.3,37.02,37.25,37.12,1.0,1935767
2026-08-31,NYSE:UDR,37.06,36.72,36.97,36.95,1.0,2415864
2026-09-01,NYSE:UDR,37.18,36.64,36.9,36.87,1.0,2279141
2026-09-02,NYSE:UDR,37.145,36.37,37.01,36.59,1.0,2329269
2026-09-03,NYSE:UDR,36.955,36.325,36.82,36.37,1.0,2743845
2026-09-04,NYSE:UDR,36.67,36.13,36.13,36.38,1.0,2311328
2026-09-08,NYSE:UDR,36.51,36.005,36.25,36.11,1.0,4310061
2026-09-09,NYSE:UDR,36.26,35.325,36.2,35.4,1.0,7836531
2026-09-10,NYSE:UDR,35.645,34.825,35.56,35.14,1.0,4873895
2026-09-11,NYSE:UDR,35.45,34.995,35.31,35.12,1.0,3404565
2026-09-14,NYSE:UDR,35.44,34.87,35.2,35.37,1.0,3389068
2026-09-15,NYSE:UDR,35.25,34.85,35.15,34.91,1.0,6360572
2026-09-16,NYSE:UDR,35.1444,34.32,34.91,34.4,1.0,4168693
2026-09-17,NYSE:UDR,34.7043,34.18,34.58,34.21,1.0,4148489
2026-09-18,NYSE:UDR,34.225,33.865,34.15,33.9,1.0,6980255
2026-09-21,NYSE:UDR,34.01,33.68,33.97,33.89,1.0,3541317
2026-09-22,NYSE:UDR,34.415,33.82,34.06,34.1,1.0,4255580
2026-09-23,NYSE:UDR,34.095,33.625,33.95,33.79,1.0,5232343
2026-09-24,NYSE:UDR,34.02,33.395,33.87,33.55,1.0,3986129
2026-08-25,NYSE:TNK,91.6,89.45,91.2,90.03,1.0,364969
2026-08-26,NYSE:TNK,88.56,82.85,88.56,83.2,1.0,1300787
2026-08-27,NYSE:TNK,88.265,84.065,84.27,88.2,1.0,706334
2026-08-28,NYSE:TNK,89.64,87.13,87.13,88.7,1.0,352966
2026-08-31,NYSE:TNK,90.1499,87.92,89.87,89.64,1.0,624356
2026-09-01,NYSE:TNK,90.89,87.1,89.9,88.3,1.0,471407
2026-09-02,NYSE:TNK,91.02,86.785,88.0,90.75,1.0,510237
2026-09-03,NYSE:TNK,92.02,89.45,91.38,91.83,1.0,849494
2026-09-04,NYSE:TNK,93.99,91.99,91.99,93.37,1.0,453311
2026-09-08,NYSE:TNK,94.0,90.9625,94.0,92.33,1.0,346466
2026-09-09,NYSE:TNK,97.08,92.405,93.32,96.31,1.0,604248
2026-09-10,NYSE:TNK,98.4,95.34,96.69,98.25,1.0,534515
2026-09-11,NYSE:TNK,100.91,97.395,97.7,100.83,1.0,767057
2026-09-14,NYSE:TNK,102.07,98.8001,101.42,100.0,1.0,613042
2026-09-15,NYSE:TNK,102.82,99.16,100.3,99.25,1.0,538870
2026-09-16,NYSE:TNK,103.0258,99.3,99.3,100.63,1.0,514704
2026-09-17,NYSE:TNK,103.16,100.02,100.59,100.82,1.0,368579
2026-09-18,NYSE:TNK,102.38,99.87,100.88,100.92,1.0,844435
2026-09-21,NYSE:TNK,102.2305,98.01,100.1,98.76,1.0,384225
2026-09-22,NYSE:TNK,96.87,92.78,95.48,95.6,1.0,690853
2026-09-23,NYSE:TNK,96.17,92.54,95.85,94.54,1.0,335753
2026-09-24,NYSE:TNK,96.385,93.14,94.01,94.08,1.0,387293
2026-08-25,NYSE:HAL,34.66,33.79,34.12,33.8,1.0,9165312
2026-08-26,NYSE:HAL,34.455,33.03,33.36,34.44,1.0,13146620
2026-08-27,NYSE:HAL,35.908,34.13,34.39,35.49,1.0,13094126
2026-08-28,NYSE:HAL,36.485,35.32,35.52,36.18,1.0,9450993
2026-08-31,NYSE:HAL,37.8,36.51,37.3,36.85,1.0,17787467
2026-09-01,NYSE:HAL,37.15,36.665,37.04,36.8,1.0,9248783
2026-09-02,NYSE:HAL,37.83,36.4319,36.5,37.63,1.0,11084107
2026-09-03,NYSE:HAL,38.0575,37.11,37.57,37.29,1.0,10106507
2026-09-04,NYSE:HAL,37.46,36.885,36.9,37.07,1.0,12548258
2026-09-08,NYSE:HAL,37.73,36.57,37.44,36.8,1.0,8449469
2026-09-09,NYSE:HAL,37.8,36.86,37.3,37.13,1.0,9378838
2026-09-10,NYSE:HAL,37.57,35.76,37.5,36.07,1.0,8626069
2026-09-11,NYSE:HAL,36.525,35.46,36.21,35.84,1.0,9917640
2026-09-14,NYSE:HAL,36.0,34.62,35.94,35.01,1.0,9891274
2026-09-15,NYSE:HAL,35.95,35.005,35.29,35.67,1.0,9424017
2026-09-16,NYSE:HAL,35.56,34.115,35.46,34.51,1.0,13789671
2026-09-17,NYSE:HAL,34.625,33.815,34.4,34.03,1.0,13480467
2026-09-18,NYSE:HAL,33.965,33.58,33.85,33.64,1.0,18688603
2026-09-21,NYSE:HAL,33.75,32.835,33.52,33.39,1.0,9198100
2026-09-22,NYSE:HAL,33.435,32.705,33.0,32.85,1.0,11767139
2026-09-23,NYSE:HAL,33.455,32.73,33.02,33.01,1.0,6225365
2026-09-24,NYSE:HAL,33.405,32.675,33.35,32.76,1.0,7507262
2026-08-25,NYSE:BCSF,12.189,12.02,12.15,12.09,1.0,411215
2026-08-26,NYSE:BCSF,12.1919,11.86,12.12,11.9,1.0,449631
2026-08-27,NYSE:BCSF,12.065,11.87,11.9,11.9,1.0,382789
2026-08-28,NYSE:BCSF,12.0,11.88,11.92,11.93,1.0,421060
2026-08-31,NYSE:BCSF,12.13,11.89,11.93,12.02,1.0,506428
2026-09-01,NYSE:BCSF,12.035,11.87,12.0,11.9,1.0,593412
2026-09-02,NYSE:BCSF,11.94,11.5,11.94,11.83,1.0,531236
2026-09-03,NYSE:BCSF,12.0127,11.71,11.91,11.87,1.0,429184
2026-09-04,NYSE:BCSF,11.967,11.76,11.77,11.82,1.0,246708
2026-09-08,NYSE:BCSF,11.92,11.61,11.92,11.63,1.0,508388
2026-09-09,NYSE:BCSF,11.62,11.5,11.61,11.54,1.0,429428
2026-09-10,NYSE:BCSF,11.7235,11.39,11.5,11.4,1.0,783906
2026-09-11,NYSE:BCSF,11.575,11.38,11.55,11.47,1.0,518570
2026-09-14,NYSE:BCSF,11.5644,11.39,11.47,11.44,1.0,556093
2026-09-15,NYSE:BCSF,11.13,10.95,11.13,11.07,1.0,753609
2026-09-16,NYSE:BCSF,11.13,10.97,11.02,11.08,1.0,781894
2026-09-17,NYSE:BCSF,11.46,11.09,11.09,11.3,1.0,579372
2026-09-18,NYSE:BCSF,11.2517,10.95,11.24,11.09,1.0,774734
2026-09-21,NYSE:BCSF,11.25,11.11,11.15,11.21,1.0,337970
2026-09-22,NYSE:BCSF,11.33,11.21,11.25,11.22,1.0,583841
2026-09-23,NYSE:BCSF,11.18,11.055,11.14,11.07,1.0,428518
2026-09-24,NYSE:BCSF,11.205,11.0,11.08,11.12,1.0,515027
2026-08-25,NASDAQ:ENLT,81.79,80.32,80.59,80.67,1.0,222227
2026-08-26,NASDAQ:ENLT,79.07,78.17,78.7,78.74,1.0,150866
2026-08-27,NASDAQ:ENLT,81.35,79.61,80.98,80.57,1.0,117848
2026-08-28,NASDAQ:ENLT,80.2,77.34,79.4,77.54,1.0,131638
2026-08-31,NASDAQ:ENLT,78.54,76.8,77.04,78.135,1.0,171581
2026-09-01,NASDAQ:ENLT,76.61,74.52,76.15,74.93,1.0,240588
2026-09-02,NASDAQ:ENLT,76.75,75.5,76.5,76.48,1.0,117265
2026-09-03,NASDAQ:ENLT,77.805,76.12,76.32,77.46,1.0,99521
2026-09-04,NASDAQ:ENLT,79.35,77.98,78.03,78.92,1.0,110244
2026-09-08,NASDAQ:ENLT,78.71,76.55,77.23,77.51,1.0,202345
2026-09-09,NASDAQ:ENLT,77.7,75.86,77.19,76.17,1.0,234487
2026-09-10,NASDAQ:ENLT,74.74,73.46,74.14,73.97,1.0,126838
2026-09-11,NASDAQ:ENLT,74.8132,73.85,74.78,74.22,1.0,60717
2026-09-14,NASDAQ:ENLT,73.96,72.25,72.58,73.13,1.0,245225
2026-09-15,NASDAQ:ENLT,70.93,69.0,70.86,69.55,1.0,196491
2026-09-16,NASDAQ:ENLT,72.9741,70.94,72.37,71.59,1.0,293783
2026-09-17,NASDAQ:ENLT,75.995,74.55,75.38,74.77,1.0,193372
2026-09-18,NASDAQ:ENLT,75.6,73.64,74.95,75.0,1.0,532767
2026-09-21,NASDAQ:ENLT,76.34,73.64,74.34,75.35,1.0,293154
2026-09-22,NASDAQ:ENLT,74.25,73.265,73.88,73.53,1.0,143740
2026-09-23,NASDAQ:ENLT,75.45,72.08,75.35,72.51,1.0,106069
2026-09-24,NASDAQ:ENLT,69.3399,68.2,68.7,68.87,1.0,216834
2026-08-25,NASDAQ:ITRN,51.75,50.62,51.05,51.28,1.0,88955
2026-08-26,NASDAQ:ITRN,52.6299,51.39,51.39,52.09,1.0,123771
2026-08-27,NASDAQ:ITRN,52.7999,51.84,52.19,51.94,1.0,56991
2026-08-28,NASDAQ:ITRN,52.4221,50.665,52.17,50.78,1.0,153038
2026-08-31,NASDAQ:ITRN,51.38,50.04,50.78,50.96,1.0,140579
2026-09-01,NASDAQ:ITRN,51.75,49.955,50.85,51.06,1.0,100634
2026-09-02,NASDAQ:ITRN,51.605,50.5858,51.06,51.4,1.0,69835
2026-09-03,NASDAQ:ITRN,51.59,50.88,51.59,51.14,1.0,97906
2026-09-04,NASDAQ:ITRN,52.1432,51.13,51.33,51.74,1.0,77565
2026-09-08,NASDAQ:ITRN,52.38,51.66,52.18,51.79,1.0,81858
2026-09-09,NASDAQ:ITRN,52.6815,51.15,52.03,51.32,1.0,85802
2026-09-10,NASDAQ:ITRN,52.29,51.0,51.31,51.75,1.0,111498
2026-09-11,NASDAQ:ITRN,52.7987,52.165,52.21,52.67,1.0,53995
2026-09-14,NASDAQ:ITRN,52.195,51.11,51.88,51.57,1.0,95573
2026-09-15,NASDAQ:ITRN,51.72,50.815,51.72,51.55,1.0,87586
2026-09-16,NASDAQ:ITRN,52.11,51.0,51.62,51.55,1.0,98049
2026-09-17,NASDAQ:ITRN,52.97,52.2,52.22,52.73,1.0,105291
2026-09-18,NASDAQ:ITRN,52.55,51.3301,52.23,51.66,1.0,155951
2026-09-21,NASDAQ:ITRN,52.61,51.57,52.0,52.55,1.0,86234
2026-09-22,NASDAQ:ITRN,52.99,52.03,52.54,52.6,1.0,114985
2026-09-23,NASDAQ:ITRN,53.115,52.09,52.62,52.39,1.0,102173
2026-09-24,NASDAQ:ITRN,52.495,51.475,52.2,51.88,1.0,117712
2026-08-25,NYSE:ALLY,42.7,42.24,42.64,42.6,1.0,5373195
2026-08-26,NYSE:ALLY,42.905,42.465,42.81,42.54,1.0,2333392
2026-08-27,NYSE:ALLY,43.08,42.09,42.38,42.74,1.0,3737116
2026-08-28,NYSE:ALLY,42.975,42.05,42.76,42.18,1.0,2235273
2026-08-31,NYSE:ALLY,42.265,41.46,41.97,42.21,1.0,3430718
2026-09-01,NYSE:ALLY,42.42,41.73,41.83,41.85,1.0,3182865
2026-09-02,NYSE:ALLY,43.61,42.25,42.25,42.66,1.0,3146105
2026-09-03,NYSE:ALLY,43.63,42.995,43.16,43.59,1.0,2710912
2026-09-04,NYSE:ALLY,43.925,43.08,43.08,43.73,1.0,1561224
2026-09-08,NYSE:ALLY,43.3,42.26,43.15,42.28,1.0,2126867
2026-09-09,NYSE:ALLY,42.355,41.635,42.1,41.83,1.0,3452597
2026-09-10,NYSE:ALLY,42.18,41.36,41.79,42.17,1.0,3787763
2026-09-11,NYSE:ALLY,42.73,41.38,42.72,42.07,1.0,3543310
2026-09-14,NYSE:ALLY,42.385,41.705,41.82,41.94,1.0,2607872
2026-09-15,NYSE:ALLY,41.815,39.84,41.59,41.58,1.0,6263852
2026-09-16,NYSE:ALLY,41.62,39.985,41.46,40.31,1.0,5682955
2026-09-17,NYSE:ALLY,40.97,40.53,40.9,40.6,1.0,3483839
2026-09-18,NYSE:ALLY,40.4859,39.85,40.47,40.0,1.0,5420247
2026-09-21,NYSE:ALLY,40.4,39.87,40.39,39.89,1.0,2537628
2026-09-22,NYSE:ALLY,40.4615,39.06,40.31,39.07,1.0,3665311
2026-09-23,NYSE:ALLY,39.02,38.46,38.87,38.58,1.0,3885393
2026-09-24,NYSE:ALLY,38.875,38.19,38.68,38.74,1.0,3860277
2026-08-25,NYSE:EQNR,41.975,41.13,41.66,41.21,1.0,5201162
2026-08-26,NYSE:EQNR,41.93,40.98,40.99,41.31,1.0,2693628
2026-08-27,NYSE:EQNR,41.895,40.715,41.42,41.55,1.0,2275400
2026-08-28,NYSE:EQNR,41.49,41.14,41.37,41.39,1.0,1782044
2026-08-31,NYSE:EQNR,43.06,42.27,42.62,42.8,1.0,2477172
2026-09-01,NYSE:EQNR,44.325,43.3,43.42,44.23,1.0,2512682
2026-09-02,NYSE:EQNR,43.83,43.11,43.18,43.58,1.0,2338075
2026-09-03,NYSE:EQNR,43.22,42.61,43.07,42.66,1.0,1931112
2026-09-04,NYSE:EQNR,42.8,41.98,42.66,42.09,1.0,2830971
2026-09-08,NYSE:EQNR,43.49,42.745,42.99,43.39,1.0,3627971
2026-09-09,NYSE:EQNR,45.335,44.7,44.845,45.23,1.0,4637561
2026-09-10,NYSE:EQNR,45.545,44.48,45.46,45.11,1.0,3597170
2026-09-11,NYSE:EQNR,44.97,44.25,44.32,44.8,1.0,2970113
2026-09-14,NYSE:EQNR,45.62,44.33,45.4,44.54,1.0,4111810
2026-09-15,NYSE:EQNR,45.84,44.54,44.56,45.75,1.0,3365516
2026-09-16,NYSE:EQNR,45.47,44.14,45.41,44.2,1.0,3905703
2026-09-17,NYSE:EQNR,44.54,43.72,43.8,44.33,1.0,2716778
2026-09-18,NYSE:EQNR,44.605,44.0,44.23,44.09,1.0,3545851
2026-09-21,NYSE:EQNR,43.9,42.48,43.84,42.49,1.0,3150185
2026-09-22,NYSE:EQNR,42.25,41.33,41.595,41.81,1.0,4433044
2026-09-23,NYSE:EQNR,43.12,42.14,42.18,42.9,1.0,3956174
2026-09-24,NYSE:EQNR,44.1,42.93,43.75,43.17,1.0,5276543
2026-08-25,NYSE:STUB,6.85,6.62,6.66,6.81,1.0,4891684
2026-08-26,NYSE:STUB,6.88,6.545,6.75,6.58,1.0,5065505
2026-08-27,NYSE:STUB,6.6786,6.48,6.59,6.55,1.0,5815356
2026-08-28,NYSE:STUB,6.725,6.535,6.57,6.55,1.0,4287675
2026-08-31,NYSE:STUB,6.57,6.2302,6.55,6.38,1.0,9741599
2026-09-01,NYSE:STUB,6.345,6.13,6.3,6.16,1.0,5733934
2026-09-02,NYSE:STUB,6.28,6.07,6.15,6.18,1.0,5725914
2026-09-03,NYSE:STUB,6.71,6.225,6.25,6.53,1.0,6854770
2026-09-04,NYSE:STUB,6.85,6.42,6.6,6.6,1.0,6019183
2026-09-08,NYSE:STUB,6.59,6.045,6.56,6.11,1.0,7081042
2026-09-09,NYSE:STUB,6.16,5.99,6.12,6.01,1.0,5878359
2026-09-10,NYSE:STUB,6.035,5.83,5.96,5.95,1.0,4876185
2026-09-11,NYSE:STUB,6.11,5.975,6.04,6.03,1.0,4288021
2026-09-14,NYSE:STUB,6.25,6.01,6.03,6.09,1.0,5468376
2026-09-15,NYSE:STUB,6.045,5.84,6.02,5.88,1.0,4438095
2026-09-16,NYSE:STUB,5.99,5.835,5.9,5.89,1.0,6020599
2026-09-17,NYSE:STUB,5.98,5.75,5.98,5.94,1.0,6789510
2026-09-18,NYSE:STUB,6.4345,5.91,6.4,5.92,1.0,17829883
2026-09-21,NYSE:STUB,6.05,5.82,6.0,5.95,1.0,7497305
2026-09-22,NYSE:STUB,6.1,5.725,6.05,5.74,1.0,7365500
2026-09-23,NYSE:STUB,5.71,5.285,5.71,5.31,1.0,8611434
2026-09-24,NYSE:STUB,5.43,5.23,5.29,5.39,1.0,6549287
2026-08-25,NYSE:GEO,32.3,31.6751,32.13,32.16,1.0,1966387
2026-08-26,NYSE:GEO,33.04,31.91,32.19,32.77,1.0,1763411
2026-08-27,NYSE:GEO,32.76,31.92,32.57,32.6,1.0,1563722
2026-08-28,NYSE:GEO,32.98,32.26,32.7,32.28,1.0,2058546
2026-08-31,NYSE:GEO,32.56,31.68,32.34,31.81,1.0,2521659
2026-09-01,NYSE:GEO,31.56,30.04,31.47,30.53,1.0,3200312
2026-09-02,NYSE:GEO,30.99,30.04,30.5,30.56,1.0,2902738
2026-09-03,NYSE:GEO,31.725,30.66,30.7,30.88,1.0,3071395
2026-09-04,NYSE:GEO,31.9,30.17,30.7,31.77,1.0,1475943
2026-09-08,NYSE:GEO,32.05,30.85,31.56,32.04,1.0,1159714
2026-09-09,NYSE:GEO,32.318000000000005,30.96,32.04,31.61,1.0,1780165
2026-09-10,NYSE:GEO,31.71,31.11,31.37,31.38,1.0,797264
2026-09-11,NYSE:GEO,32.02,31.18,31.69,31.49,1.0,2877449
2026-09-14,NYSE:GEO,31.65,30.63,31.25,30.85,1.0,1388157
2026-09-15,NYSE:GEO,31.7,30.4625,30.54,31.26,1.0,2204296
2026-09-16,NYSE:GEO,31.96,30.69,30.87,31.43,1.0,2686871
2026-09-17,NYSE:GEO,32.26,31.495,31.68,32.14,1.0,1936422
2026-09-18,NYSE:GEO,32.39,31.27,32.25,31.76,1.0,3358714
2026-09-21,NYSE:GEO,32.07,29.975,31.17,30.25,1.0,3051594
2026-09-22,NYSE:GEO,30.761,29.2182,30.7,29.74,1.0,3797396
2026-09-23,NYSE:GEO,31.19,29.1868,29.58,30.62,1.0,2342257
2026-09-24,NYSE:GEO,31.985,30.25,30.53,31.95,1.0,2066429
