Stock,Date,MS Fair Value,MS,Tips Target,Tips Stars,Stars,Current Price,Fair Value,Valid Fair Value,Low Price,High Price,"3 Mths
Target","3 Mths
Target %",Intrinsic Value Basic,Intrinsic Value Basic %,Intrinsic Value Adjusted,Intrinsic Value Adjusted %,🙈 Symbol,"🙈 Google
Symbol",Score,Analyst Target Price,Tip Ranks Difference
NYSE:AA,23 Jun 2026,$55.51,3,$78.71,7,3.37,$48.68,14.04%,14.04%,$55.51,$78.71,$50.02,2.75%,$0.00,-100.00%,$0.00,-100.00%,AA,NYSE:AA,0.232,$75.02,4.92%
NASDAQ:AAL,28 Jul 2025,$12.45,3,$13.73,1,,$17.92,-30.52%,,,,$17.99,0.39%,-$16.67,-193.03%,-$8.23,-145.91%,AAL,NASDAQ:AAL,-0.549,$14.94,-8.10%
NASDAQ:AAOI,30 Jan 2026,$36.44,3,$38.25,6,,$120.95,-69.87%,,,,$138.36,14.39%,$0.00,-100.00%,$0.00,-100.00%,AAOI,NASDAQ:AAOI,-0.086,$102.30,-62.61%
NASDAQ:AAON,22 Jan 2026,$81.94,2,$119.00,4,,$107.62,-23.86%,,,,$114.89,6.76%,$0.00,-100.00%,$0.00,-100.00%,AAON,NASDAQ:AAON,-0.669,$122.75,-3.05%
NASDAQ:AAPL,19 Jan 2026,$237.95,2,$299.69,8,,$308.63,-22.90%,,,,$291.90,-5.42%,$0.00,-100.00%,$0.00,-100.00%,AAPL,NASDAQ:AAPL,-0.185,$303.38,-1.22%
NYSE:AAT,22 Apr 2026,$25.97,5,$19.00,3,,$25.51,-25.52%,,,,$25.89,1.49%,$0.00,-100.00%,$0.00,-100.00%,AAT,NYSE:AAT,0.218,$19.00,0.00%
NASDAQ:ABCB,12 Oct 2025,$69.25,3,$77.00,6,,$90.12,-23.16%,,,,,-100.00%,-$2.00,-102.22%,-$2.00,-102.22%,ABCB,NYSE:ABCB,-2.000,,
NYSE:ABCB,19 Nov 2025,$73.43,3,,,,$90.12,-18.52%,,,,$89.94,-0.20%,$0.00,-100.00%,$0.00,-100.00%,ABCB,NYSE:ABCB,-0.175,$93.50,
NYSE:ABEV,19 Mar 2026,$3.23,4,$3.12,5,,$3.10,0.65%,,,,$3.12,0.65%,$0.00,-100.00%,$0.00,-100.00%,ABEV,NYSE:ABEV,-0.124,$3.18,-1.89%
NYSE:ABM,30 Aug 2025,$55.78,4,$58.40,6,,$44.27,26.00%,,,,$46.28,4.54%,$0.00,-100.00%,$0.00,-100.00%,ABM,NYSE:ABM,0.268,$51.43,13.55%
NYSE:ABT,11 Dec 2025,$121.58,3,$147.38,6,,$95.40,27.44%,,,,$88.69,-7.03%,$0.00,-100.00%,$0.00,-100.00%,ABT,NYSE:ABT,-0.925,$120.00,22.82%
NYSE:ACCO,28 Apr 2026,$4.93,5,$7.00,6,,$4.20,17.49%,,,,$4.23,0.71%,$0.00,-100.00%,$0.00,-100.00%,ACCO,NYSE:ACCO,-0.023,$7.67,-8.74%
NYSE:ACEL,18 Sep 2025,$12.91,4,$15.00,7,,$12.77,1.07%,,,,$12.53,-1.88%,$12.93,1.22%,$19.70,54.27%,ACEL,NYSE:ACEL,-0.692,$15.50,-3.23%
NASDAQ:ACGL,29 Aug 2025,$97.27,4,$108.00,5,,$102.20,-4.82%,,,,$100.71,-1.46%,$0.00,-100.00%,$0.00,-100.00%,ACGL,NASDAQ:ACGL,0.061,$109.03,-0.94%
NYSE:ACI,21 May 2026,$24.29,3,$22.00,6,,$14.13,55.70%,,,,$14.10,-0.21%,$0.00,-100.00%,$0.00,-100.00%,ACI,NYSE:ACI,0.193,$21.53,2.18%
NASDAQ:ACIW,10 Feb 2026,$52.10,5,$63.33,2,,$54.88,-5.07%,,,,$50.67,-7.67%,$113.07,106.03%,$118.75,116.38%,ACIW,NASDAQ:ACIW,-0.594,$64.00,-1.05%
NASDAQ:ACLS,27 May 2026,$130.64,2,$167.25,8,,$144.50,-9.59%,,,,$189.57,31.19%,$216.55,49.86%,$221.54,53.32%,ACLS,NASDAQ:ACLS,0.311,$111.67,49.77%
NASDAQ:ACMR,5 Feb 2026,$52.94,2,$43.25,9,,$97.77,-55.76%,,,,$115.76,18.40%,$0.00,-100.00%,$0.00,-100.00%,ACMR,NASDAQ:ACMR,-0.094,$70.50,-38.65%
NYSE:ACN,24 May 2026,$244.46,3,$254.70,8,,$137.35,77.98%,,,,$136.77,-0.42%,$0.00,-100.00%,$0.00,-100.00%,ACN,NYSE:ACN,0.234,$250.51,1.67%
NYSE:ACVA,18 Sep 2025,$10.72,3,,,,$7.30,46.88%,,,,$7.25,-0.68%,$10.31,41.28%,$10.71,46.71%,ACVA,NYSE:ACVA,-0.253,$8.98,
NYSE:ADC,19 Sep 2025,$79.26,4,$81.90,8,,$77.81,1.86%,,,,$78.61,1.03%,$57.45,-26.16%,$90.51,16.33%,ADC,NYSE:ADC,0.306,$85.44,-4.14%
NASDAQ:ADEA,5 Feb 2026,$20.67,3,,,,$29.19,-29.17%,,,,$33.39,14.39%,$53.95,84.83%,$61.38,110.28%,ADEA,NASDAQ:ADEA,0.117,$35.25,
NASDAQ:ADI,4 Jan 2026,$270.08,3,$290.50,7,,$377.16,-28.39%,,,,$407.06,7.93%,$0.00,-100.00%,$0.00,-100.00%,ADI,NASDAQ:ADI,0.286,$392.94,-26.07%
NASDAQ:ADIL,11 Jul 2025,$0.51,3,,,,$2.90,-82.31%,,,,,-100.00%,-$2.00,-168.97%,-$2.00,-168.97%,ADIL,NASDAQ:ADIL,-2.000,,
NASDAQ:ADP,27 Jan 2026,$279.90,4,$288.80,7,,$242.27,15.53%,,,,$228.96,-5.49%,$236.08,-2.56%,$257.60,6.33%,ADP,NASDAQ:ADP,-0.381,$260.60,10.82%
NASDAQ:ADTN,10 Feb 2026,$10.14,3,$12.50,8,,$12.71,-20.22%,,,,$14.51,14.16%,$0.00,-100.00%,$0.00,-100.00%,ADTN,NASDAQ:ADTN,0.261,$17.00,-26.47%
NYSE:AEM,24 Oct 2025,$79.48,1,,,,$153.86,-48.34%,,,,$156.40,1.65%,$307.21,99.67%,$364.89,137.16%,AEM,NYSE:AEM,-0.022,$254.29,
NASDAQ:AEMD,4 Dec 2025,$7.60,3,,,,$0.71,970.42%,,,,,-100.00%,-$2.00,-381.69%,-$2.00,-381.69%,AEMD,NASDAQ:AEMD,-2.000,,
NASDAQ:AEP,18 Sep 2025,$104.71,2,,,,$138.51,-24.40%,,,,$141.02,1.81%,$0.00,-100.00%,$0.00,-100.00%,AEP,NASDAQ:AEP,0.367,$138.37,
NYSE:AER,5 Mar 2026,$119.70,1,,,,$147.84,-19.03%,,,,$143.63,-2.85%,-$17.96,-112.15%,-$9.24,-106.25%,AER,NYSE:AER,-0.104,$163.78,
NYSE:AES,11 Jul 2025,$13.47,3,,,,$14.58,-7.65%,,,,$15.01,2.95%,$0.00,-100.00%,$0.00,-100.00%,AES,NYSE:AES,0.229,$15.11,
NASDAQ:AFYA,30 Jun 2026,$16.79,3,$21.00,2,2.66,$15.27,9.98%,9.98%,$16.79,$21.00,$15.34,0.46%,$41.34,170.73%,$63.65,316.84%,AFYA,NASDAQ:AFYA,0.039,$17.39,20.76%
NYSE:AG,12 Aug 2025,$7.66,3,,,,$17.82,-57.04%,,,,$18.34,2.92%,$38.54,116.26%,$46.04,158.39%,AG,NYSE:AG,0.252,$26.50,
NYSE:AGI,24 Oct 2025,$19.15,2,,,,$31.58,-39.36%,,,,$30.31,-4.02%,$0.00,-100.00%,$0.00,-100.00%,AGI,NYSE:AGI,-0.391,$60.50,
NYSE:AGM,11 Nov 2025,$179.75,4,$219.00,5,,$200.94,-10.54%,,,,$201.57,0.31%,"-$2,565.61",-1376.80%,"-$2,585.15",-1386.53%,AGM,NYSE:AGM,-0.051,$215.33,1.70%
NASDAQ:AGNC,23 Dec 2025,$10.87,3,$10.31,9,,$11.00,-6.27%,,,,$10.75,-2.27%,$0.00,-100.00%,$0.00,-100.00%,AGNC,NASDAQ:AGNC,-0.498,$11.44,-9.88%
NYSE:AGO,3 Jan 2025,$100.22,4,$105.33,1,,$83.67,19.78%,,,,$80.40,-3.91%,$12.34,-85.25%,$12.34,-85.25%,AGO,NYSE:AGO,-0.079,$102.33,2.93%
NYSE:AGRO,27 Aug 2025,$9.55,4,$9.40,1,,$9.64,-2.49%,,,,$9.81,1.76%,$21.77,125.83%,$46.87,386.21%,AGRO,NYSE:AGRO,0.045,$13.11,-28.30%
NASDAQ:AHCO,3 Dec 2025,$13.94,3,$13.67,6,,$10.76,27.04%,,,,$10.45,-2.88%,$19.37,80.02%,$57.13,430.98%,AHCO,NASDAQ:AHCO,-0.442,$13.44,1.71%
NYSE:AIG,17 Jul 2025,$84.76,3,$90.60,5,,$79.39,6.76%,,,,$76.11,-4.13%,$0.00,-100.00%,$0.00,-100.00%,AIG,NYSE:AIG,-0.070,$87.65,3.37%
NASDAQ:AIMD,29 Jan 2026,$2.10,3,,,,$1.87,12.52%,,,,,-100.00%,-$2.00,-206.95%,-$2.00,-206.95%,AIMD,NASDAQ:AIMD,-2.000,,
NYSE:AIN,15 Aug 2025,$77.61,3,$66.80,4,,$73.39,-8.98%,,,,$78.91,7.52%,$129.11,75.93%,$170.98,132.98%,AIN,NYSE:AIN,0.560,$56.25,18.76%
NASDAQ:AIP,5 Feb 2026,$16.04,3,$20.50,7,,$35.06,-54.25%,,,,$48.89,39.45%,$0.00,-100.00%,$0.00,-100.00%,AIP,NASDAQ:AIP,0.203,$20.50,0.00%
NASDAQ:AIRS,23 Aug 2025,$6.69,3,$5.00,5,,$4.52,10.62%,,,,$4.48,-0.88%,$5.24,15.96%,$9.62,112.82%,AIRS,NASDAQ:AIRS,-0.046,$3.00,66.67%
NYSE:AIV,29 Jun 2026,$2.90,3,,2,3.71,$2.96,-2.20%,-2.20%,$2.90,$7.00,$3.18,7.43%,-$5.42,-283.14%,-$3.57,-220.63%,AIV,NYSE:AIV,0.912,$7.00,
NYSE:AIZ,29 Aug 2025,$221.82,3,$239.50,10,,$279.48,-20.63%,,,,$272.10,-2.64%,$487.02,74.26%,$583.95,108.94%,AIZ,NYSE:AIZ,-0.168,$260.00,-7.88%
NASDAQ:AKAM,11 Feb 2026,$114.28,5,$103.73,9,,$113.17,-8.34%,,,,$112.75,-0.37%,$120.18,6.19%,$168.31,48.72%,AKAM,NASDAQ:AKAM,-0.364,$112.28,-7.61%
NYSE:AL,2 Jan 2026,$58.27,3,$66.50,5,,#N/A,#N/A,,,,,#N/A,-$2.00,#N/A,-$2.00,#N/A,AL,NYSE:AL,-2.000,,
NASDAQ:ALAB,27 Jan 2026,$140.56,1,$194.64,5,,$406.42,-65.42%,,,,$476.19,17.17%,$0.00,-100.00%,$0.00,-100.00%,ALAB,NASDAQ:ALAB,0.078,$202.24,-3.76%
NYSE:ALC,27 Aug 2025,$81.45,1,,,,$69.66,16.93%,,,,$65.77,-5.58%,$116.38,67.07%,$145.61,109.03%,ALC,NYSE:ALC,-0.570,$94.68,
NYSE:ALEX,18 Nov 2025,$16.62,4,$21.00,5,,#N/A,#N/A,,,,$10.08,#N/A,$21.12,#N/A,$26.78,#N/A,ALEX,NYSE:ALEX,-0.915,$21.00,0.00%
NASDAQ:ALGM,19 Jan 2026,$25.92,2,$39.14,8,,$55.49,-53.30%,,,,$70.31,26.71%,$72.01,29.76%,$76.84,38.47%,ALGM,NASDAQ:ALGM,0.591,$46.75,-16.28%
NYSE:ALIT,11 Feb 2026,$3.53,3,$3.67,5,,$14.26,-75.21%,,,,$205.27,1339.48%,$280.57,1867.50%,$294.05,1962.07%,ALIT,NYSE:ALIT,-0.998,$2.38,54.20%
NYSE:ALL,28 Apr 2026,$199.62,2,$248.30,5,,$250.33,-20.26%,,,,$233.24,-6.83%,$0.00,-100.00%,$0.00,-100.00%,ALL,NYSE:ALL,-0.744,$241.52,2.81%
NYSE:ALLE,24 Oct 2025,$165.38,3,,,,$140.58,17.64%,,,,$138.77,-1.29%,$0.00,-100.00%,$0.00,-100.00%,ALLE,NYSE:ALLE,-0.391,$167.58,
NYSE:ALLY,29 Jun 2026,$48.35,3,$53.00,9,3.38,$45.32,6.69%,6.69%,$48.35,$53.00,$47.66,5.16%,$0.00,-100.00%,$0.00,-100.00%,ALLY,NYSE:ALLY,0.288,$51.77,2.38%
NASDAQ:ALNT,4 Feb 2026,$50.47,2,,,,$86.89,-41.92%,,,,$104.60,20.38%,$133.97,54.18%,$148.13,70.48%,ALNT,NASDAQ:ALNT,0.206,$69.10,
NASDAQ:ALRM,11 Feb 2026,$60.94,3,$85.00,1,,$49.69,22.65%,,,,$47.03,-5.35%,$91.90,84.95%,$108.16,117.66%,ALRM,NASDAQ:ALRM,-0.625,$58.00,46.55%
NASDAQ:ALRS,27 Oct 2025,$24.54,3,$25.63,7,,$31.11,-21.12%,,,,$32.41,4.18%,$0.00,-100.00%,$0.00,-100.00%,ALRS,NASDAQ:ALRS,0.071,$26.00,-1.42%
NYSE:ALSN,22 Sep 2025,$99.81,4,$98.14,3,,$116.37,-15.67%,,,,$118.87,2.15%,$221.04,89.94%,$247.94,113.06%,ALSN,NYSE:ALSN,-0.095,$131.00,-25.08%
NASDAQ:ALT,23 Dec 2025,$9.35,5,$13.00,2,,$3.16,195.89%,,,,$2.93,-7.28%,$2.10,-33.39%,$2.11,-33.21%,ALT,NASDAQ:ALT,-0.849,$18.15,-28.37%
NASDAQ:ALTS,12 Aug 2025,$5.33,2,,,,#N/A,#N/A,,,,$0.00,#N/A,$0.00,#N/A,$0.00,#N/A,ALTS,NASDAQ:ALTS,-1.000,$6.50,
NASDAQ:ALVO,23 Aug 2025,$8.66,3,,,,$3.61,139.94%,,,,$3.58,-0.83%,$2.06,-42.86%,$3.53,-2.28%,ALVO,NASDAQ:ALVO,-0.410,$13.83,
NASDAQ:AMAL,2 Oct 2025,$30.65,3,,1,,$46.04,-33.42%,,,,$46.33,0.63%,$0.00,-100.00%,$0.00,-100.00%,AMAL,NASDAQ:AMAL,-0.207,$46.00,
NYSE:AMBP,29 Aug 2025,$5.14,4,,6,,$4.83,6.40%,,,,$4.68,-3.11%,$11.65,141.26%,$19.54,304.63%,AMBP,NYSE:AMBP,-0.107,$4.66,
NYSE:AMBQ,29 Jan 2026,$40.84,3,,,,$82.85,-50.71%,,,,$92.22,11.31%,$0.00,-100.00%,$0.00,-100.00%,AMBQ,NYSE:AMBQ,0.174,$42.00,
NYSE:AMCR,21 May 2026,$52.70,5,$46.80,4,,$45.00,4.00%,,,,$43.08,-4.27%,$0.00,-100.00%,$0.00,-100.00%,AMCR,NYSE:AMCR,-0.493,$50.22,-6.81%
NASDAQ:AMD,28 Jan 2026,$229.36,2,$286.66,9,,$517.82,-55.71%,,,,$577.29,11.48%,$0.00,-100.00%,$0.00,-100.00%,AMD,NASDAQ:AMD,0.273,$312.28,-8.20%
NYSE:AME,19 Nov 2025,$189.82,2,$220.17,2,,$234.62,-19.09%,,,,$251.64,7.25%,$369.53,57.50%,$400.73,70.80%,AME,NYSE:AME,0.534,$250.00,-11.93%
NASDAQ:AMPG,9 Feb 2026,$2.53,3,$9.00,7,,$5.99,-57.80%,,,,$6.83,14.02%,$5.74,-4.10%,$5.84,-2.50%,AMPG,NASDAQ:AMPG,-0.029,$7.00,28.57%
NASDAQ:AMPL,5 Feb 2026,$11.31,4,$15.17,4,,$8.84,27.94%,,,,$8.09,-8.48%,$11.76,33.05%,$12.65,43.07%,AMPL,NASDAQ:AMPL,-0.450,$11.40,33.07%
NYSE:AMPY,20 Mar 2026,$8.49,3,$7.25,8,,$4.00,81.25%,,,,$3.99,-0.25%,$0.00,-100.00%,$0.00,-100.00%,AMPY,NYSE:AMPY,-0.190,$9.12,-20.50%
NASDAQ:AMSC,29 Oct 2025,$40.66,2,,,,$37.11,9.57%,,,,$42.11,13.47%,$41.68,12.32%,$43.67,17.69%,AMSC,NASDAQ:AMSC,0.001,$52.33,
NASDAQ:AMSF,26 Aug 2025,$45.99,3,,,,$34.99,31.43%,,,,$35.20,0.60%,$10.37,-70.37%,$10.42,-70.23%,AMSF,NASDAQ:AMSF,0.096,$38.67,
NYSE:AMTB,19 Nov 2025,$19.34,3,$21.00,4,,$25.37,-23.77%,,,,$25.85,1.89%,-$146.90,-679.05%,-$145.03,-671.65%,AMTB,NYSE:AMTB,-0.206,$24.50,-14.29%
NASDAQ:AMTX,4 Sep 2025,$3.19,3,,5,,$1.65,93.09%,,,,$1.70,3.03%,$0.67,-59.70%,-$4.13,-350.03%,AMTX,NASDAQ:AMTX,0.057,$13.62,
NASDAQ:AMWD,30 Aug 2025,$86.63,3,,6,,#N/A,#N/A,,,,,#N/A,-$2.00,#N/A,-$2.00,#N/A,AMWD,NASDAQ:AMWD,-2.000,,
NYSE:AMX,23 Jun 2026,$26.38,3,$28.60,8,3.48,$25.72,2.55%,2.55%,$26.38,$28.60,$26.68,3.73%,$0.00,-100.00%,$0.00,-100.00%,AMX,NYSE:AMX,0.522,$26.70,7.12%
NYSE:ANF,21 Sep 2025,$118.40,3,,1,,$92.42,28.11%,,,,$89.51,-3.15%,$0.00,-100.00%,$0.00,-100.00%,ANF,NYSE:ANF,-0.506,$119.50,
NYSE:AON,29 Aug 2025,$347.01,2,,,,$357.46,-2.92%,,,,$326.49,-8.66%,$558.21,56.16%,$629.85,76.20%,AON,NYSE:AON,-0.562,$389.95,
NYSE:AORT,11 Dec 2025,$47.98,3,$51.71,4,,$23.97,100.17%,,,,$22.29,-7.01%,$0.00,-100.00%,$0.00,-100.00%,AORT,NYSE:AORT,-0.821,$50.75,1.89%
NYSE:AOS,14 Jan 2026,$71.54,4,$76.86,8,,$62.72,14.06%,,,,$64.60,3.00%,$151.62,141.74%,$165.19,163.38%,AOS,NYSE:AOS,0.330,$78.30,-1.84%
NASDAQ:AOSL,5 Feb 2026,$36.47,3,$24.33,6,,$37.11,-34.44%,,,,$46.43,25.11%,$50.27,35.47%,$72.56,95.51%,AOSL,NASDAQ:AOSL,0.257,$30.33,-19.78%
NASDAQ:APA,12 Aug 2025,$28.49,3,,7,,$32.36,-11.97%,,,,$33.82,4.51%,$25.51,-21.18%,$93.64,189.38%,APA,NASDAQ:APA,0.483,$41.30,
NYSE:APAM,25 Feb 2026,$47.32,4,$45.00,6,,$35.41,27.08%,,,,$34.29,-3.16%,$109.36,208.84%,$111.74,215.56%,APAM,NYSE:APAM,-0.179,$39.50,13.92%
NYSE:APD,30 Aug 2025,$296.29,3,,8,,$314.19,-5.70%,,,,$317.27,0.98%,$173.25,-44.86%,$194.02,-38.25%,APD,NYSE:APD,0.485,$307.67,
NASDAQ:APEI,15 Oct 2025,$34.52,3,,,,$56.72,-39.14%,,,,$58.36,2.89%,$90.44,59.45%,$102.19,80.17%,APEI,NASDAQ:APEI,0.001,$59.00,
NYSE:APH,22 Jan 2026,$121.05,1,$163.27,10,,$164.59,-26.45%,,,,$169.97,3.27%,$0.00,-100.00%,$0.00,-100.00%,APH,NYSE:APH,-0.014,$169.78,-3.83%
NASDAQ:API,24 Aug 2025,$3.05,3,,,,$4.01,-24.06%,,,,$3.96,-1.25%,$3.62,-9.72%,$4.94,23.20%,API,NASDAQ:API,-0.451,$6.05,
NASDAQ:APOG,5 May 2025,$66.39,5,,2,,$40.57,63.64%,,,,$44.07,8.63%,$0.00,-100.00%,$0.00,-100.00%,APOG,NASDAQ:APOG,-0.285,$40.50,
NYSE:AQN,26 Aug 2025,$6.14,4,,8,,$5.48,12.11%,,,,$6.10,11.31%,-$5.19,-194.68%,-$2.60,-147.44%,AQN,NYSE:AQN,0.720,$6.78,
NYSE:AR,20 Aug 2025,$31.31,3,,,,$35.38,-11.51%,,,,$35.16,-0.62%,$51.31,45.03%,$75.63,113.76%,AR,NYSE:AR,-0.105,$48.81,
NASDAQ:ARAI,10 Feb 2026,$3.71,3,,,,$0.40,828.23%,,,,,-100.00%,-$2.00,-600.00%,-$2.00,-600.00%,ARAI,NASDAQ:ARAI,-2.000,,
NASDAQ:ARAY,11 Dec 2025,$1.27,4,$4.00,4,,$0.25,408.00%,,,,,-100.00%,-$2.00,-900.00%,-$2.00,-900.00%,ARAY,NASDAQ:ARAY,-2.000,,
NASDAQ:ARCC,30 Mar 2026,$19.78,3,$20.83,9,,$18.73,5.58%,,,,$19.17,2.35%,$0.00,-100.00%,$0.00,-100.00%,ARCC,NASDAQ:ARCC,0.049,$20.85,-0.10%
NYSE:ARCO,29 Aug 2025,$10.31,3,,9,,$8.23,25.24%,,,,$8.03,-2.43%,-$0.88,-110.74%,$26.20,218.34%,ARCO,NYSE:ARCO,-0.347,$10.69,
NASDAQ:ARHS,7 Jul 2025,$13.03,3,,4,,$8.62,51.13%,,,,$8.82,2.32%,$10.10,17.20%,$9.68,12.26%,ARHS,NASDAQ:ARHS,0.029,$10.56,
NASDAQ:ARKO,26 Aug 2025,$6.50,3,,,,$8.04,-19.10%,,,,$8.45,5.10%,-$11.92,-248.22%,-$0.60,-107.41%,ARKO,NASDAQ:ARKO,0.347,$8.50,
NASDAQ:ARLP,29 Jun 2026,$24.48,1,,,2.95,$23.81,2.81%,2.81%,$24.48,$30.33,$25.01,5.04%,$47.44,99.26%,$70.79,197.29%,ARLP,NASDAQ:ARLP,0.449,$30.33,
NASDAQ:ARM,19 Jan 2026,$90.86,2,$170.59,1,,$315.28,-71.18%,,,,$353.43,12.10%,$347.23,10.13%,$350.20,11.08%,ARM,NASDAQ:ARM,0.149,$171.98,-0.81%
NASDAQ:AROW,2 Oct 2025,$52.81,3,$48.67,4,,$41.29,17.87%,,,,$41.33,0.10%,$0.00,-100.00%,$0.00,-100.00%,AROW,NASDAQ:AROW,-0.268,$35.50,37.10%
NYSE:ARX,13 Nov 2025,$14.59,3,,,,$13.77,5.96%,,,,$11.78,-14.45%,$0.00,-100.00%,$0.00,-100.00%,ARX,NYSE:ARX,-0.704,$17.94,
NYSE:ASB,10 Apr 2025,$23.54,5,,6,,$30.64,-23.18%,,,,$30.92,0.91%,-$106.63,-447.99%,-$96.83,-416.02%,ASB,NYSE:ASB,-0.138,$30.10,
NYSE:ASGN,20 Feb 2026,$71.47,3,$56.80,5,,#N/A,#N/A,,,,$0.00,#N/A,$85.80,#N/A,$113.81,#N/A,ASGN,NYSE:ASGN,-1.000,$51.50,10.29%
NYSE:ASH,14 May 2025,$83.18,3,,4,,$67.01,24.14%,,,,$69.46,3.66%,$131.45,96.17%,$191.40,185.62%,ASH,NYSE:ASH,0.565,$67.50,
NASDAQ:ASML,30 Aug 2025,$871.20,3,,10,,"$1,769.32",-50.76%,,,,"$1,986.72",12.29%,$0.00,-100.00%,$0.00,-100.00%,ASML,NASDAQ:ASML,0.245,"$1,663.09",
NASDAQ:ASPI,19 Nov 2025,$6.33,3,$13.00,3,,$5.63,12.50%,,,,$6.68,18.65%,$6.04,7.22%,$6.05,7.49%,ASPI,NASDAQ:ASPI,0.113,$13.00,0.00%
NYSE:ASR,10 Jul 2025,$344.93,4,,7,,$310.81,10.98%,,,,$305.43,-1.73%,-$517.79,-266.59%,-$418.99,-234.80%,ASR,NYSE:ASR,-0.170,$375.44,
NASDAQ:ASTS,29 Jan 2026,$76.75,2,$91.68,6,,$85.13,-9.84%,,,,$93.83,10.22%,$80.53,-5.41%,$81.01,-4.83%,ASTS,NASDAQ:ASTS,0.228,$86.40,6.11%
NYSE:ASX,19 Jan 2026,$16.81,2,,,,$41.87,-59.85%,,,,$46.43,10.89%,$0.00,-100.00%,$0.00,-100.00%,ASX,NYSE:ASX,0.655,$38.65,
NASDAQ:ATEC,11 Dec 2025,$16.73,3,$23.17,2,,$8.92,87.56%,,,,$8.61,-3.48%,$0.00,-100.00%,$0.00,-100.00%,ATEC,NASDAQ:ATEC,-0.673,$23.33,-0.69%
NYSE:ATEN,20 Jan 2026,$18.80,3,$23.25,7,,$36.30,-48.21%,,,,$37.44,3.14%,$41.91,15.45%,$43.98,21.16%,ATEN,NYSE:ATEN,-0.180,$24.50,-5.10%
NYSE:ATGE,15 Oct 2025,$131.23,2,,,,#N/A,#N/A,,,,$0.00,#N/A,$96.88,#N/A,$122.34,#N/A,ATGE,NYSE:ATGE,-1.000,$161.00,
NYSE:ATI,30 Aug 2025,$63.00,2,,7,,$188.10,-66.51%,,,,$202.80,7.81%,$270.40,43.75%,$291.98,55.23%,ATI,NYSE:ATI,0.508,$173.22,
NASDAQ:ATOM,10 Feb 2026,$5.03,3,,1,,$7.41,-32.06%,,,,$8.02,8.23%,$0.00,-100.00%,$0.00,-100.00%,ATOM,NASDAQ:ATOM,-0.025,$7.00,
NYSE:ATS,31 Oct 2025,$26.18,3,,,,$27.68,-5.42%,,,,$29.48,6.50%,$35.40,27.90%,$47.38,71.17%,ATS,NYSE:ATS,0.131,$35.00,
NYSE:AU,20 Aug 2025,$29.75,2,,,,$84.65,-64.85%,,,,$80.96,-4.36%,$189.81,124.23%,$193.61,128.72%,AU,NYSE:AU,-0.294,$120.57,
NYSE:AUB,20 Jan 2026,$40.52,3,$42.50,6,,$42.26,-4.12%,,,,$42.47,0.50%,-$124.15,-393.79%,-$119.48,-382.73%,AUB,NYSE:AUB,-0.126,$44.31,-4.08%
NASDAQ:AUDC,26 Mar 2026,$12.39,3,$12.50,5,,$9.72,27.46%,,,,$10.18,4.73%,$10.52,8.28%,$12.19,25.40%,AUDC,NASDAQ:AUDC,0.118,$12.50,0.00%
NASDAQ:AUR,5 Feb 2026,$5.15,3,,,,$6.63,-22.38%,,,,$6.70,1.06%,$6.11,-7.79%,$6.15,-7.24%,AUR,NASDAQ:AUR,-0.644,$10.59,
NYSE:AVB,18 Sep 2025,$217.02,5,,7,,$193.96,11.89%,,,,$196.95,1.54%,$194.41,0.23%,$260.30,34.20%,AVB,NYSE:AVB,0.166,$193.65,
NASDAQ:AVGO,26 May 2026,$447.08,3,$478.56,9,,$360.45,24.03%,,,,$385.59,6.97%,$0.00,-100.00%,$0.00,-100.00%,AVGO,NASDAQ:AVGO,0.505,$475.49,0.65%
NYSE:AVNS,11 Dec 2025,$18.52,3,,5,,$24.93,-25.71%,,,,$24.50,-1.72%,$0.00,-100.00%,$0.00,-100.00%,AVNS,NYSE:AVNS,-0.414,$14.00,
NASDAQ:AVNW,29 Jun 2026,$25.60,4,$30.20,8,3.71,$21.17,20.93%,20.93%,$25.60,$34.86,$23.09,9.07%,$61.65,191.20%,$67.63,219.45%,AVNW,NASDAQ:AVNW,0.179,$34.86,-13.37%
NASDAQ:AVT,30 Aug 2025,$60.84,5,,1,,$82.18,-25.97%,,,,$87.79,6.83%,$0.00,-100.00%,$0.00,-100.00%,AVT,NASDAQ:AVT,-0.246,$81.50,
NASDAQ:AVTX,23 Dec 2025,$33.36,4,$37.40,3,,$18.84,77.07%,,,,$17.05,-9.50%,$11.66,-38.10%,$11.69,-37.97%,AVTX,NASDAQ:AVTX,-0.691,$40.09,-6.71%
NYSE:AVY,30 Aug 2025,$186.52,3,,1,,$166.97,11.71%,,,,$161.29,-3.40%,$221.95,32.93%,$313.67,87.86%,AVY,NYSE:AVY,-0.420,$207.55,
NYSE:AX,19 Nov 2025,$76.16,3,$103.25,5,,$97.90,-22.21%,,,,$97.38,-0.53%,-$225.75,-330.59%,-$200.17,-304.46%,AX,NYSE:AX,-0.466,$112.67,-8.36%
NYSE:B,24 Oct 2025,$29.72,2,,,,$38.21,-22.22%,,,,$38.68,1.23%,$84.80,121.94%,$106.52,178.77%,B,NYSE:B,0.163,$56.99,
NYSE:BA,9 Apr 2025,$179.31,5,,9,,$226.49,-20.83%,,,,$219.32,-3.17%,$119.72,-47.14%,$102.63,-54.68%,BA,NYSE:BA,-0.012,$265.76,
NYSE:BABA,20 Aug 2025,$133.65,4,,7,,$96.14,39.02%,,,,$95.08,-1.10%,$240.40,150.05%,$529.11,450.35%,BABA,NYSE:BABA,-0.576,$189.43,
NYSE:BAC,14 Aug 2025,$45.19,3,,6,,$58.73,-23.06%,,,,$59.64,1.55%,$0.00,-100.00%,$0.00,-100.00%,BAC,NYSE:BAC,0.161,$62.33,
NYSE:BALL,20 Aug 2025,$67.98,3,,6,,$63.39,7.25%,,,,$61.18,-3.49%,$0.00,-100.00%,$0.00,-100.00%,BALL,NYSE:BALL,-0.561,$70.69,
NYSE:BANC,19 Nov 2025,$18.77,3,$20.69,3,,$20.30,-7.54%,,,,$21.19,4.38%,-$132.86,-754.47%,-$122.10,-701.48%,BANC,NYSE:BANC,0.250,$22.55,-8.25%
NASDAQ:BANF,1 Jun 2026,$118.00,3,$125.00,2,,$113.97,3.53%,,,,$111.74,-1.96%,$0.00,-100.00%,$0.00,-100.00%,BANF,NASDAQ:BANF,-0.277,$124.33,0.54%
NASDAQ:BANR,19 Nov 2025,$63.81,3,$71.50,3,,$67.17,-5.00%,,,,$69.65,3.69%,-$313.79,-567.16%,-$299.93,-546.52%,BANR,NASDAQ:BANR,0.201,$69.33,3.13%
NYSE:BAP,27 May 2026,$279.24,2,,,,$391.21,-28.62%,,,,$406.44,3.89%,"-$1,331.28",-440.30%,"-$1,719.23",-539.46%,BAP,NYSE:BAP,0.088,$359.80,
NYSE:BB,18 Aug 2025,$3.38,3,,6,,$11.51,-70.65%,,,,$12.33,7.12%,$0.00,-100.00%,$0.00,-100.00%,BB,NYSE:BB,-0.691,$4.81,
NYSE:BBAI,9 Feb 2026,$4.92,3,$6.33,2,,$3.53,39.38%,,,,$3.60,1.98%,$0.00,-100.00%,$0.00,-100.00%,BBAI,NYSE:BBAI,-0.505,$5.33,18.76%
NYSE:BBD,1 Jun 2026,$3.72,3,,5,,$3.45,7.88%,,,,$3.56,3.19%,$0.00,-100.00%,$0.00,-100.00%,BBD,NYSE:BBD,0.142,$4.00,
NASDAQ:BBNX,11 Dec 2025,$41.35,4,,,,$16.76,146.71%,,,,$16.00,-4.53%,$0.00,-100.00%,$0.00,-100.00%,BBNX,NASDAQ:BBNX,-0.241,$20.27,
NYSE:BBT,19 Nov 2025,$27.72,3,,,,$30.22,-8.27%,,,,$30.89,2.22%,$0.00,-100.00%,$0.00,-100.00%,BBT,NYSE:BBT,-0.017,$35.14,
NYSE:BBVA,9 Sep 2025,$17.20,3,,9,,$25.60,-32.80%,,,,$25.49,-0.43%,-$79.70,-411.31%,-$74.05,-389.27%,BBVA,NYSE:BBVA,0.117,$22.52,
NYSE:BBW,15 Aug 2025,$41.34,2,,8,,$31.50,31.24%,,,,$31.93,1.37%,$0.00,-100.00%,$0.00,-100.00%,BBW,NYSE:BBW,0.503,$62.00,
NYSE:BBWI,24 Mar 2026,$46.95,3,$23.83,5,,$21.96,8.52%,,,,$24.09,9.70%,$0.00,-100.00%,$0.00,-100.00%,BBWI,NYSE:BBWI,0.434,$27.62,-13.72%
NYSE:BBY,30 Aug 2025,$87.98,3,,5,,$77.99,12.81%,,,,$79.59,2.05%,$0.00,-100.00%,$0.00,-100.00%,BBY,NYSE:BBY,0.455,$73.00,
NYSE:BCH,19 Nov 2025,$33.72,2,,,,$39.38,-14.37%,,,,$38.90,-1.22%,"$111,123.38",282082.29%,"$122,402.68",310724.47%,BCH,NYSE:BCH,-0.384,$38.58,
NYSE:BCS,19 Aug 2025,$17.24,2,,,,$27.77,-37.91%,,,,$27.96,0.68%,$9.63,-65.34%,$9.63,-65.34%,BCS,NYSE:BCS,0.112,$26.93,
NYSE:BCSF,25 Feb 2026,$14.48,3,$15.00,6,,$12.64,14.57%,,,,$12.61,-0.24%,-$5.18,-140.98%,-$5.23,-141.34%,BCSF,NYSE:BCSF,-0.146,$13.67,9.73%
NYSE:BDC,27 Jan 2026,$129.16,4,$147.50,3,,$115.41,11.91%,,,,$123.33,6.86%,$172.17,49.18%,$205.80,78.32%,BDC,NYSE:BDC,0.331,$157.67,-6.45%
NASDAQ:BELFA,26 Jan 2026,$136.39,2,,,,$230.16,-40.74%,,,,$279.41,21.40%,$0.00,-100.00%,$0.00,-100.00%,BELFA,NASDAQ:BELFA,-0.089,$110.00,
NASDAQ:BELFB,26 Jan 2026,$149.36,2,,,,$266.94,-44.05%,,,,$333.95,25.10%,$0.00,-100.00%,$0.00,-100.00%,BELFB,NASDAQ:BELFB,0.022,$308.83,
NYSE:BF.A,24 May 2026,$36.21,3,,,,$26.76,35.31%,,,,$26.33,-1.61%,$0.00,-100.00%,$0.00,-100.00%,BF.A,NYSE:BF.A,-0.095,,
NYSE:BF.B,26 Mar 2026,$32.79,5,,,,$26.16,25.35%,,,,$27.38,4.66%,$0.00,-100.00%,$0.00,-100.00%,BF.B,NYSE:BF.B,0.033,$29.23,
NYSE:BFAM,1 Sep 2025,$119.95,3,,8,,$75.14,59.63%,,,,$70.93,-5.60%,$155.55,107.01%,$186.82,148.63%,BFAM,NYSE:BFAM,-0.757,$97.11,
NASDAQ:BFC,21 Oct 2025,$117.45,3,$137.00,6,,$151.80,-22.63%,,,,$147.77,-2.65%,$0.00,-100.00%,$0.00,-100.00%,BFC,NASDAQ:BFC,-0.322,$158.50,-13.56%
NYSE:BFLY,16 Dec 2025,$4.29,3,$4.25,7,,$7.68,-44.66%,,,,$7.72,0.52%,$0.00,-100.00%,$0.00,-100.00%,BFLY,NYSE:BFLY,-0.608,$5.56,-23.56%
NYSE:BFS,23 Dec 2025,$44.26,3,,5,,$37.59,17.74%,,,,$38.56,2.58%,$0.00,-100.00%,$0.00,-100.00%,BFS,NYSE:BFS,0.246,$43.50,
NASDAQ:BFST,27 May 2026,$30.53,3,$33.00,3,,$30.64,-0.35%,,,,$32.05,4.60%,-$148.10,-583.35%,-$145.14,-573.70%,BFST,NASDAQ:BFST,0.095,$32.60,1.23%
NYSEAMERICAN:BHB,10 Oct 2025,$29.37,1,,,,$37.66,-22.01%,,,,$39.29,4.33%,$0.00,-100.00%,$0.00,-100.00%,BHB,NYSEAMERICAN:BHB,0.001,$36.50,
NYSE:BHE,2 Feb 2026,$52.61,3,$56.00,6,,$86.13,-38.92%,,,,$99.75,15.81%,$124.22,44.22%,$137.61,59.76%,BHE,NYSE:BHE,0.497,$60.00,-6.67%
NYSE:BHP,11 Dec 2025,$58.46,3,$49.75,6,,$83.33,-40.30%,,,,$84.83,1.80%,$0.00,-100.00%,$0.00,-100.00%,BHP,NYSE:BHP,0.157,$67.07,-25.82%
NASDAQ:BHRB,19 Nov 2025,$66.02,3,$72.00,5,,$70.15,-5.89%,,,,$72.19,2.91%,-$272.54,-488.51%,-$248.44,-454.15%,BHRB,NASDAQ:BHRB,-0.357,$73.25,-1.71%
NYSE:BIO,11 Dec 2025,$345.93,4,$357.50,4,,$296.86,16.53%,,,,$294.27,-0.87%,$443.19,49.29%,$561.24,89.06%,BIO,NYSE:BIO,-0.348,$302.50,18.18%
NYSE:BIRK,8 Mar 2026,$48.62,3,$58.44,5,,$45.99,5.72%,,,,$43.12,-6.24%,$87.80,90.91%,$98.35,113.85%,BIRK,NYSE:BIRK,-0.152,$56.88,2.74%
NYSE:BJ,20 Aug 2025,$90.76,0,,1,,$89.18,1.77%,,,,$85.53,-4.09%,$0.00,-100.00%,$0.00,-100.00%,BJ,NYSE:BJ,-0.296,$104.60,
NYSE:BKD,30 Aug 2025,$9.20,4,,6,,$15.87,-42.03%,,,,$16.60,4.60%,-$5.37,-133.86%,$4.99,-68.58%,BKD,NYSE:BKD,0.392,$19.10,
NYSE:BKE,13 Apr 2026,$50.82,3,$53.00,5,,$42.19,20.45%,,,,$43.63,3.41%,$0.00,-100.00%,$0.00,-100.00%,BKE,NYSE:BKE,0.088,$53.00,0.00%
NASDAQ:BKR,30 Jun 2026,$56.35,3,$74.62,6,3.63,$52.78,6.76%,6.76%,$56.35,$74.62,$57.60,9.13%,$96.19,82.25%,$113.17,114.41%,BKR,NASDAQ:BKR,0.694,$63.48,17.55%
NYSEAMERICAN:BKTI,10 Feb 2026,$81.00,,,8,,$84.65,-4.31%,,,,$90.27,6.64%,$127.26,50.34%,$133.59,57.81%,BKTI,NYSEAMERICAN:BKTI,0.279,$97.00,
NYSE:BKU,19 Nov 2025,$43.87,3,,,,$48.57,-9.68%,,,,$48.62,0.10%,-$315.82,-750.23%,-$309.20,-736.62%,BKU,NYSE:BKU,-0.093,$53.64,
NASDAQ:BL,29 Jan 2026,$60.96,4,$59.00,6,,$29.88,97.46%,,,,$28.46,-4.75%,$0.00,-100.00%,$0.00,-100.00%,BL,NASDAQ:BL,-0.733,$50.69,16.39%
NYSE:BLD,30 Aug 2025,$467.93,3,,3,,$354.53,31.99%,,,,$360.82,1.77%,$440.09,24.13%,$512.46,44.55%,BLD,NYSE:BLD,0.091,$474.79,
NASDAQ:BLDP,29 Oct 2025,$3.68,3,$2.20,5,,$3.52,-37.50%,,,,$3.72,5.68%,$5.01,42.40%,$5.20,47.81%,BLDP,NASDAQ:BLDP,-0.257,$3.25,-32.31%
NYSE:BLK,27 Aug 2025,"$1,027.97",2,,,,$995.73,3.24%,,,,$955.58,-4.03%,$0.00,-100.00%,$0.00,-100.00%,BLK,NYSE:BLK,-0.503,"$1,251.88",
NASDAQ:BLKB,19 Nov 2025,$76.27,3,$75.00,4,,$30.09,149.25%,,,,$29.50,-1.96%,$60.04,99.52%,$68.03,126.08%,BLKB,NASDAQ:BLKB,-0.806,$59.80,25.42%
NYSE:BLND,27 Jan 2026,$3.86,3,$4.19,7,,$1.81,113.28%,,,,$1.70,-6.08%,$2.54,40.24%,$0.79,-56.43%,BLND,NYSE:BLND,-0.440,$4.10,2.20%
NASDAQ:BLNK,23 Dec 2025,$0.94,3,,6,,$0.63,49.21%,,,,$0.64,1.59%,-$0.91,-244.90%,-$0.71,-212.09%,BLNK,NASDAQ:BLNK,-0.117,$2.25,
NYSE:BLSH,13 Nov 2025,$55.70,3,,,,$25.57,117.82%,,,,$23.39,-8.53%,$0.00,-100.00%,$0.00,-100.00%,BLSH,NYSE:BLSH,-0.646,$45.90,
NYSE:BLX,19 Nov 2025,$40.42,3,,,,$59.24,-31.77%,,,,$60.21,1.64%,$0.00,-100.00%,$0.00,-100.00%,BLX,NYSE:BLX,-0.225,$65.53,
NASDAQ:BLZE,27 Jan 2026,$6.36,3,$9.00,6,,$15.62,-59.27%,,,,$15.53,-0.58%,$0.00,-100.00%,$0.00,-100.00%,BLZE,NASDAQ:BLZE,-0.499,$9.34,-3.64%
NYSE:BMI,28 Jan 2026,$175.41,3,$204.00,3,,$145.87,20.25%,,,,$154.11,5.65%,$0.00,-100.00%,$0.00,-100.00%,BMI,NYSE:BMI,0.067,$147.00,38.78%
NASDAQ:BMRC,19 Nov 2025,$27.20,3,$29.50,7,,$28.43,-4.33%,,,,$29.54,3.90%,-$145.18,-610.65%,-$141.71,-598.47%,BMRC,NASDAQ:BMRC,0.179,$29.60,-0.34%
NYSE:BN,26 Aug 2024,$55.96,2,,,,$43.43,28.85%,,,,$42.99,-1.01%,-$98.10,-325.88%,-$76.70,-276.61%,BN,NYSE:BN,-0.096,$53.70,
NYSE:BNS,19 Aug 2025,$55.34,3,,,,$85.40,-35.20%,,,,$88.75,3.92%,$0.00,-100.00%,$0.00,-100.00%,BNS,NYSE:BNS,0.147,$76.59,
NYSE:BOH,16 Apr 2026,$78.42,3,$83.80,3,,$82.73,-5.21%,,,,$81.87,-1.04%,$0.00,-100.00%,$0.00,-100.00%,BOH,NYSE:BOH,-0.178,$81.83,2.41%
NASDAQ:BOKF,1 Jun 2026,$132.35,3,$139.00,2,,$139.29,-4.98%,,,,$139.23,-0.04%,$0.00,-100.00%,$0.00,-100.00%,BOKF,NASDAQ:BOKF,-0.072,$144.00,-3.47%
NYSE:BOW,19 Sep 2025,$29.01,3,,,,$31.48,-7.85%,,,,$29.93,-4.92%,$0.00,-100.00%,$0.00,-100.00%,BOW,NYSE:BOW,-0.662,$29.86,
NYSE:BP,18 Aug 2025,$39.40,4,,9,,$37.40,5.36%,,,,$37.57,0.45%,$0.00,-100.00%,$0.00,-100.00%,BP,NYSE:BP,0.449,$49.54,
NASDAQ:BPOP,19 Nov 2025,$104.09,2,,,,$167.26,-37.77%,,,,$165.86,-0.84%,-$770.26,-560.52%,-$761.15,-555.07%,BPOP,NASDAQ:BPOP,-0.073,$160.00,
NYSE:BR,29 Jan 2026,$214.91,4,$265.40,4,,$143.95,49.30%,,,,$146.36,1.67%,$279.90,94.44%,$324.54,125.46%,BR,NYSE:BR,0.112,$245.88,7.94%
NYSEAMERICAN:BRBS,19 Nov 2025,$4.10,,,6,,$3.59,14.21%,,,,$3.54,-1.39%,-$14.27,-497.63%,-$13.98,-489.41%,BRBS,NYSEAMERICAN:BRBS,-0.268,,
NASDAQ:BRKR,11 Dec 2025,$76.60,3,$47.88,3,,$61.64,-22.32%,,,,$59.99,-2.68%,$98.48,59.76%,$117.59,90.77%,BRKR,NASDAQ:BRKR,-0.413,$46.79,2.33%
NYSE:BROS,14 Jan 2026,$57.62,2,$76.64,9,,$72.16,-20.15%,,,,$71.56,-0.83%,$61.53,-14.74%,$73.98,2.52%,BROS,NYSE:BROS,-0.555,$75.80,1.11%
NYSE:BSAC,19 Nov 2025,$26.95,3,,,,$32.66,-17.48%,,,,$32.71,0.15%,-$48.37,-248.09%,-$49.17,-250.54%,BSAC,NYSE:BSAC,-0.292,$33.69,
NYSE:BSBR,13 Oct 2025,$5.76,3,,5,,$5.19,10.98%,,,,$5.34,2.89%,$12.61,143.01%,$13.63,162.56%,BSBR,NYSE:BSBR,0.007,$6.82,
NASDAQ:BSRR,27 May 2026,$37.81,3,$36.50,6,,$41.09,-11.17%,,,,$42.64,3.77%,$0.00,-100.00%,$0.00,-100.00%,BSRR,NASDAQ:BSRR,0.181,$40.25,-9.32%
NASDAQ:BSVN,2 Oct 2025,$44.09,3,$53.50,5,,$49.59,-11.09%,,,,$48.43,-2.34%,$0.00,-100.00%,$0.00,-100.00%,BSVN,NASDAQ:BSVN,-0.291,$52.33,2.24%
NYSE:BSX,11 Dec 2025,$90.36,2,$126.57,10,,$45.14,100.18%,,,,$42.29,-6.31%,$76.14,68.67%,$93.05,106.13%,BSX,NYSE:BSX,-0.676,$96.66,30.94%
NASDAQ:BSY,11 Feb 2026,$40.46,5,$48.60,7,,$32.26,25.42%,,,,$30.49,-5.49%,$55.10,70.81%,$58.72,82.01%,BSY,NASDAQ:BSY,-0.423,$46.93,3.56%
NASDAQ:BTCS,23 Dec 2025,$3.00,3,$7.00,7,,$1.12,167.86%,,,,$1.11,-0.89%,-$0.63,-156.63%,-$0.63,-156.61%,BTCS,NASDAQ:BTCS,-0.089,$5.00,40.00%
NASDAQ:BTDR,19 Aug 2025,$10.25,2,,,,$13.85,-26.00%,,,,$14.48,4.55%,-$5.69,-141.07%,-$2.26,-116.34%,BTDR,NASDAQ:BTDR,-0.592,$20.87,
NYSE:BTI,17 Mar 2026,$55.65,2,,7,,$61.77,-9.92%,,,,$60.93,-1.36%,$0.00,-100.00%,$0.00,-100.00%,BTI,NYSE:BTI,-0.017,$66.04,
NASDAQ:BTOG,18 Aug 2025,$0.57,3,,,,$1.28,-55.70%,,,,,-100.00%,-$2.00,-256.25%,-$2.00,-256.25%,BTOG,NASDAQ:BTOG,-2.000,,
NASDAQ:BULL,2 Sep 2025,$18.16,3,,,,$7.17,153.31%,,,,$6.46,-9.90%,$17.88,149.38%,$18.00,151.01%,BULL,NASDAQ:BULL,-0.629,$11.67,
NYSE:BUR,28 Oct 2025,$12.88,3,$21.32,4,,$4.26,202.35%,,,,$4.16,-2.35%,$25.43,496.94%,$25.22,492.07%,BUR,NYSE:BUR,-0.059,$8.94,138.48%
NYSE:BURL,25 Jul 2023,$199.81,4,,,,$313.18,-36.20%,,,,$309.48,-1.18%,$0.00,-100.00%,$0.00,-100.00%,BURL,NYSE:BURL,-0.458,$370.50,
NASDAQ:BUSE,27 May 2026,$28.96,3,$29.33,8,,$29.65,-2.33%,,,,$30.77,3.78%,$0.00,-100.00%,$0.00,-100.00%,BUSE,NASDAQ:BUSE,0.064,$28.57,2.66%
NASDAQ:BVFL,29 Oct 2025,$15.68,3,,4,,$21.64,-27.54%,,,,$20.59,-4.85%,$0.00,-100.00%,$0.00,-100.00%,BVFL,NASDAQ:BVFL,-0.506,,
NASDAQ:BWFG,9 Oct 2025,$39.87,3,,,,$58.60,-31.96%,,,,$58.65,0.09%,-$262.57,-548.08%,-$272.74,-565.43%,BWFG,NASDAQ:BWFG,-0.228,$52.00,
NYSE:BXP,14 Jan 2026,$81.17,5,$77.89,2,,$69.32,12.36%,,,,$70.31,1.43%,$23.84,-65.62%,$81.66,17.81%,BXP,NYSE:BXP,0.378,$70.05,11.19%
NYSE:BXSL,19 Aug 2025,$31.13,3,,7,,$23.77,30.97%,,,,$23.92,0.63%,$28.27,18.94%,$28.79,21.13%,BXSL,NYSE:BXSL,-0.215,$26.48,
NYSE:BY,28 Apr 2026,$33.91,3,$36.00,7,,$37.44,-9.42%,,,,$37.32,-0.32%,-$60.33,-261.14%,-$58.58,-256.46%,BY,NYSE:BY,-0.562,$35.60,1.12%
NYSE:BZH,31 Dec 2025,$31.99,3,$25.00,1,,$28.07,-10.94%,,,,$27.51,-2.00%,$0.00,-100.00%,$0.00,-100.00%,BZH,NYSE:BZH,-0.335,$25.67,-2.61%
NYSE:C,12 Aug 2025,$86.32,3,,,,$139.97,-38.33%,,,,$144.11,2.96%,$0.00,-100.00%,$0.00,-100.00%,C,NYSE:C,0.166,$141.19,
NYSE:CAAP,15 Aug 2025,$22.01,3,,9,,$25.23,-12.77%,,,,$25.32,0.36%,$62.95,149.52%,$88.22,249.67%,CAAP,NYSE:CAAP,-0.314,$32.00,
NASDAQ:CAC,14 Oct 2025,$41.96,3,$44.00,3,,$54.58,-23.12%,,,,$56.83,4.12%,-$264.06,-583.80%,-$282.14,-616.92%,CAC,NASDAQ:CAC,0.063,$51.75,-14.98%
NYSE:CADE,14 Oct 2025,$37.02,3,,,,#N/A,#N/A,,,,,#N/A,-$2.00,#N/A,-$2.00,#N/A,CADE,NYSE:CADE,-2.000,,
NYSE:CAL,21 Sep 2025,$26.47,3,,1,,$11.71,126.05%,,,,$12.97,10.76%,$0.00,-100.00%,$0.00,-100.00%,CAL,NYSE:CAL,0.204,$15.00,
NASDAQ:CALM,11 Jul 2025,$93.94,3,,6,,$83.85,12.03%,,,,$80.01,-4.58%,$0.00,-100.00%,$0.00,-100.00%,CALM,NASDAQ:CALM,-0.078,$88.00,
NYSE:CALX,29 Jan 2026,$45.47,2,$82.00,6,,$38.48,18.17%,,,,$36.67,-4.70%,$0.00,-100.00%,$0.00,-100.00%,CALX,NYSE:CALX,-0.636,$75.00,9.33%
NASDAQ:CAMT,24 Oct 2024,$87.99,4,,,,$142.50,-38.25%,,,,$161.43,13.28%,$147.69,3.64%,$147.69,3.64%,CAMT,NASDAQ:CAMT,0.219,$175.92,
NYSE:CANG,24 Aug 2025,$4.01,3,,7,,$0.21,1808.10%,,,,,-100.00%,-$2.00,-1052.38%,-$2.00,-1052.38%,CANG,NYSE:CANG,-2.000,,
NASDAQ:CAR,11 Mar 2024,$159.62,3,,,,$163.44,-2.34%,,,,$0.00,-100.00%,$0.00,-100.00%,$0.00,-100.00%,CAR,NASDAQ:CAR,-1.000,$121.71,
NASDAQ:CARE,19 Nov 2025,$18.50,3,$22.00,5,,$33.13,-44.16%,,,,$33.37,0.72%,-$147.35,-544.77%,-$143.79,-534.01%,CARE,NASDAQ:CARE,-0.359,$26.00,-15.38%
NYSE:CARR,24 Dec 2025,$35.78,3,$48.75,5,,$70.07,-48.94%,,,,$72.08,2.87%,$82.21,17.32%,$97.01,38.45%,CARR,NYSE:CARR,-0.164,$71.13,-31.46%
NASDAQ:CASH,19 Nov 2025,$71.98,3,$88.00,2,,$88.72,-18.87%,,,,$87.77,-1.07%,-$27.59,-131.09%,$14.40,-83.77%,CASH,NASDAQ:CASH,-0.083,$103.50,-14.98%
NYSEAMERICAN:CATX,11 Dec 2025,$2.54,1,$11.92,8,,$3.63,-30.03%,,,,$3.38,-6.89%,$4.23,16.54%,$4.45,22.61%,CATX,NYSEAMERICAN:CATX,-0.694,$13.00,-8.31%
NASDAQ:CATY,27 May 2026,$59.45,3,$53.67,6,,$62.31,-13.87%,,,,$64.54,3.58%,-$217.40,-448.90%,-$215.05,-445.13%,CATY,NASDAQ:CATY,0.113,$54.60,-1.70%
NYSE:CAVA,11 Nov 2025,$63.28,3,$72.31,6,,$76.88,-17.69%,,,,$78.46,2.06%,$77.22,0.44%,$85.28,10.93%,CAVA,NYSE:CAVA,-0.360,$85.83,-15.75%
NYSE:CB,18 Sep 2025,$273.39,3,,,,$361.17,-24.31%,,,,$343.71,-4.83%,$741.26,105.24%,$755.04,109.05%,CB,NYSE:CB,-0.357,$341.39,
NASDAQ:CBLL,11 Dec 2025,$36.55,3,$25.00,6,,$19.55,27.88%,,,,$19.68,0.66%,$17.55,-10.23%,$17.62,-9.88%,CBLL,NASDAQ:CBLL,-0.102,$27.57,-9.32%
NASDAQ:CBNK,23 Dec 2025,$29.70,3,$34.00,3,,$35.52,-16.39%,,,,$35.13,-1.10%,$0.00,-100.00%,$0.00,-100.00%,CBNK,NASDAQ:CBNK,-0.479,$34.75,-2.16%
BATS:CBOE,18 Sep 2025,$214.25,2,,,,$248.99,-13.95%,,,,$243.16,-2.34%,$461.31,85.27%,$482.40,93.74%,CBOE,BATS:CBOE,-0.198,$297.00,
NYSE:CBU,27 Oct 2025,$62.61,3,$63.00,3,,$67.61,-7.39%,,,,$67.62,0.01%,-$166.19,-345.81%,-$156.78,-331.88%,CBU,NYSE:CBU,-0.173,$67.17,-6.21%
NYSE:CBZ,7 Jan 2025,$77.57,3,,,,$35.12,120.87%,,,,$33.27,-5.27%,$88.39,151.68%,$110.01,213.24%,CBZ,NYSE:CBZ,-0.067,$41.00,
NASDAQ:CCB,19 Nov 2025,$95.54,3,$127.50,8,,$78.35,21.94%,,,,$78.25,-0.13%,$57.20,-26.99%,$64.48,-17.71%,CCB,NASDAQ:CCB,-0.068,$126.25,0.99%
NASDAQ:CCBG,19 Nov 2025,$38.91,3,$47.00,7,,$49.63,-21.60%,,,,$49.56,-0.14%,$0.00,-100.00%,$0.00,-100.00%,CCBG,NASDAQ:CCBG,-0.157,$49.00,-4.08%
NYSE:CCI,19 Sep 2025,$108.34,5,,6,,$76.60,41.44%,,,,$80.37,4.92%,$0.00,-100.00%,$0.00,-100.00%,CCI,NYSE:CCI,0.696,$98.77,
NYSE:CCK,29 Aug 2025,$107.03,3,,5,,$113.29,-5.53%,,,,$108.31,-4.40%,$107.25,-5.33%,$150.22,32.60%,CCK,NYSE:CCK,-0.507,$125.85,
NYSE:CCL,29 Jun 2026,$34.71,5,$35.37,8,3.09,$27.91,24.35%,24.35%,$34.51,$35.37,$28.22,1.11%,$0.00,-100.00%,$0.00,-100.00%,CCL,NYSE:CCL,-0.667,$34.51,2.49%
NASDAQ:CCNE,30 Mar 2026,$32.74,3,$35.00,5,,$33.69,-2.82%,,,,$34.09,1.19%,$0.00,-100.00%,$0.00,-100.00%,CCNE,NASDAQ:CCNE,-0.100,$34.67,0.95%
NASDAQ:CCOI,6 Nov 2025,$50.57,3,$44.20,5,,$12.99,240.26%,,,,$13.40,3.16%,$0.00,-100.00%,$0.00,-100.00%,CCOI,NASDAQ:CCOI,-0.075,$22.27,98.47%
NASDAQ:CCSI,11 Feb 2026,$30.28,4,$37.00,3,,$37.94,-20.19%,,,,$38.46,1.37%,$49.08,29.36%,$67.36,77.56%,CCSI,NASDAQ:CCSI,-0.243,$33.00,12.12%
NYSE:CDE,28 Apr 2026,$9.27,2,$26.86,9,,$17.30,-46.41%,,,,$15.23,-11.97%,$0.00,-100.00%,$0.00,-100.00%,CDE,NYSE:CDE,-0.981,$27.55,-2.50%
NASDAQ:CDNS,19 Jan 2026,$321.30,3,$376.64,6,,$373.14,-13.89%,,,,$377.35,1.13%,$0.00,-100.00%,$0.00,-100.00%,CDNS,NASDAQ:CDNS,-0.407,$379.46,-0.74%
NYSE:CDP,18 Feb 2026,$33.25,3,$35.60,7,,$37.67,-11.73%,,,,$37.71,0.11%,$0.00,-100.00%,$0.00,-100.00%,CDP,NYSE:CDP,0.149,$35.50,0.28%
NASDAQ:CDW,18 May 2026,$131.51,3,$138.83,9,,$133.37,-1.39%,,,,$138.41,3.78%,$155.58,16.65%,$178.57,33.89%,CDW,NASDAQ:CDW,-0.406,$166.20,-16.47%
NYSE:CE,28 Mar 2025,$111.30,3,,9,,$47.68,133.43%,,,,$47.86,0.38%,-$13.10,-127.48%,$74.56,56.38%,CE,NYSE:CE,0.639,$71.25,
NASDAQ:CEG,23 Dec 2025,$300.57,2,$409.82,9,,$239.25,25.63%,,,,$231.04,-3.43%,$228.37,-4.55%,$155.13,-35.16%,CEG,NASDAQ:CEG,-0.148,$367.93,11.39%
NASDAQ:CELC,29 Nov 2024,$21.98,3,,,,$107.95,-79.64%,,,,$103.17,-4.43%,$95.38,-11.64%,$95.40,-11.63%,CELC,NASDAQ:CELC,-0.360,$157.50,
NASDAQ:CENT,9 Apr 2026,$50.35,5,$50.00,5,,$43.95,13.77%,,,,$44.24,0.66%,"$1,349.22",2969.89%,"$1,505.47",3325.42%,CENT,NASDAQ:CENT,-0.351,$46.50,7.53%
NASDAQ:CENTA,23 Jun 2026,$46.39,5,,,3.15,$38.43,20.71%,20.71%,$46.39,$46.39,$38.48,0.13%,$285.60,643.18%,$315.16,720.09%,CENTA,NASDAQ:CENTA,-0.490,$43.50,
NASDAQ:CENX,20 Aug 2025,$23.49,3,,9,,$43.76,-46.32%,,,,$42.83,-2.13%,$59.83,36.72%,$74.96,71.29%,CENX,NASDAQ:CENX,-0.322,$79.33,
NYSE:CEPU,16 Dec 2025,$17.50,3,$17.50,9,,$14.66,19.37%,,,,$14.39,-1.84%,$34.23,133.47%,$55.42,278.04%,CEPU,NYSE:CEPU,-0.198,$21.75,-19.54%
NASDAQ:CERS,11 Dec 2025,$2.70,4,$4.50,4,,$3.16,-14.67%,,,,$2.85,-9.81%,$0.00,-100.00%,$0.00,-100.00%,CERS,NASDAQ:CERS,-0.348,$4.67,-3.64%
NASDAQ:CEVA,10 Feb 2026,$35.04,4,$36.00,5,,$40.42,-13.31%,,,,$45.02,11.38%,$52.35,29.51%,$53.84,33.21%,CEVA,NASDAQ:CEVA,-0.022,$32.71,10.06%
NASDAQ:CFFN,1 Jun 2026,$8.16,3,$8.25,6,,$8.45,-3.49%,,,,$8.79,4.02%,-$53.72,-735.78%,-$53.34,-731.23%,CFFN,NASDAQ:CFFN,0.078,$7.75,6.45%
NYSE:CFG,27 May 2026,$59.16,3,$72.63,6,,$70.98,-16.65%,,,,$73.56,3.63%,$0.00,-100.00%,$0.00,-100.00%,CFG,NYSE:CFG,0.144,$72.47,0.22%
NASDAQ:CFLT,27 Jan 2026,$37.00,3,$29.10,1,,#N/A,#N/A,,,,,#N/A,-$2.00,#N/A,-$2.00,#N/A,CFLT,NASDAQ:CFLT,-2.000,,
NYSE:CFR,19 Nov 2025,$122.52,3,$139.13,7,,$154.86,-20.88%,,,,$161.38,4.21%,-$349.35,-325.59%,-$329.02,-312.46%,CFR,NYSE:CFR,0.391,$146.67,-5.14%
NASDAQ:CG,19 Nov 2025,$51.54,3,$66.70,6,,$42.83,20.33%,,,,$41.97,-2.01%,$0.00,-100.00%,$0.00,-100.00%,CG,NASDAQ:CG,-0.377,$61.81,7.91%
NYSE:CGAU,15 Aug 2025,$8.68,4,,7,,$16.58,-47.63%,,,,$15.85,-4.40%,$18.10,9.19%,$24.76,49.36%,CGAU,NYSE:CGAU,-0.269,$17.75,
NASDAQ:CGNX,29 Jan 2026,$39.12,3,$45.64,9,,$67.80,-42.30%,,,,$68.93,1.67%,$0.00,-100.00%,$0.00,-100.00%,CGNX,NASDAQ:CGNX,-0.045,$65.50,-30.32%
NASDAQ:CHCO,27 May 2026,$129.27,3,$130.00,4,,$134.85,-4.13%,,,,$138.52,2.72%,-$107.23,-179.52%,-$94.64,-170.18%,CHCO,NASDAQ:CHCO,0.139,$131.00,-0.76%
NYSE:CHCT,24 Aug 2025,$20.57,3,,8,,$18.31,12.36%,,,,$18.92,3.33%,$3.62,-80.20%,$17.79,-2.82%,CHCT,NYSE:CHCT,0.223,$18.50,
NYSE:CHD,20 Feb 2024,$80.10,1,,,,$98.60,-18.76%,,,,$96.63,-2.00%,$0.00,-100.00%,$0.00,-100.00%,CHD,NYSE:CHD,-0.366,$102.11,
NASDAQ:CHDN,18 Sep 2025,$128.82,3,$132.71,9,,$90.91,41.70%,,,,$88.59,-2.55%,$14.81,-83.71%,$48.55,-46.60%,CHDN,NASDAQ:CHDN,-0.577,$135.58,-2.12%
NYSE:CHE,3 Jul 2024,$512.61,3,,,,$489.66,4.69%,,,,$475.62,-2.87%,$825.66,68.62%,$883.31,80.39%,CHE,NYSE:CHE,-0.021,$443.00,
NASDAQ:CHEF,3 Sep 2025,$48.50,2,,,,$95.62,-49.28%,,,,$94.92,-0.73%,$162.68,70.13%,$197.11,106.14%,CHEF,NASDAQ:CHEF,-0.443,$84.88,
NYSE:CHGG,20 Aug 2025,$2.28,3,,5,,$1.01,125.74%,,,,$1.01,0.00%,$0.00,-100.00%,$0.00,-100.00%,CHGG,NYSE:CHGG,-0.155,$2.79,
NYSE:CHH,23 Dec 2025,$119.50,3,$100.00,4,,$112.37,-11.01%,,,,$110.76,-1.43%,$118.29,5.27%,$134.50,19.69%,CHH,NYSE:CHH,-0.047,$113.60,-11.97%
NASDAQ:CHKP,26 Mar 2026,$188.31,3,$200.68,7,,$136.58,37.87%,,,,$129.68,-5.05%,$0.00,-100.00%,$0.00,-100.00%,CHKP,NASDAQ:CHKP,-0.873,$144.32,39.05%
NASDAQ:CHRD,23 Aug 2024,$167.62,3,,,,$113.32,47.92%,,,,$119.26,5.24%,$119.86,5.77%,$360.44,218.07%,CHRD,NASDAQ:CHRD,0.423,$160.00,
NYSE:CHT,17 Jun 2024,$40.37,3,,,,$44.00,-8.25%,,,,$46.30,5.23%,$97.55,121.70%,$126.48,187.46%,CHT,NYSE:CHT,0.637,$41.67,
NASDAQ:CHX,23 Aug 2024,$37.87,4,,,,#N/A,#N/A,,,,$0.00,#N/A,$0.00,#N/A,$0.00,#N/A,CHX,NASDAQ:CHX,-2.000,$40.80,
NYSE:CIB,6 Oct 2025,$49.03,3,,,,$79.15,-38.05%,,,,$79.02,-0.16%,$0.00,-100.00%,$0.00,-100.00%,CIB,NYSE:CIB,-0.142,$63.69,
NYSE:CIEN,23 Dec 2025,$134.99,1,$248.93,10,,$422.46,-68.05%,,,,$463.73,9.77%,$0.00,-100.00%,$0.00,-100.00%,CIEN,NYSE:CIEN,-0.172,$371.50,-32.99%
NASDAQ:CIFR,4 Aug 2025,$6.62,3,$7.06,3,,$20.04,-66.98%,,,,$21.92,9.38%,$13.27,-33.81%,$14.53,-27.48%,CIFR,NASDAQ:CIFR,-0.139,$27.61,-74.43%
NYSE:CIG,26 Jun 2026,$2.37,4,,5,3.74,$2.09,13.40%,13.40%,$2.37,$2.37,$2.18,4.31%,$1.81,-13.42%,$4.70,125.06%,CIG,NYSE:CIG,0.641,$2.20,
NASDAQ:CINF,19 Sep 2025,$146.60,2,$165.40,6,,$192.03,-23.66%,,,,$183.32,-4.54%,$0.00,-100.00%,$0.00,-100.00%,CINF,NASDAQ:CINF,-0.702,$179.17,-7.69%
NYSE:CINT,10 Jun 2026,$5.65,3,$6.94,7,2.68,$3.51,61.08%,61.08%,$5.65,$7.58,$3.33,-5.13%,$86.75,2371.57%,$106.12,2923.32%,CINT,NYSE:CINT,-0.452,$7.58,-8.44%
NASDAQ:CISS,16 Feb 2026,$2.33,3,,,,$1.79,30.32%,,,,,-100.00%,-$2.00,-211.73%,-$2.00,-211.73%,CISS,NASDAQ:CISS,-2.000,,
NYSE:CL,18 Aug 2025,$84.33,3,$97.40,5,,$95.13,-11.36%,,,,$91.37,-3.95%,$0.00,-100.00%,$0.00,-100.00%,CL,NYSE:CL,-0.503,$96.00,1.46%
NASDAQ:CLBK,8 Oct 2025,$15.20,3,,,,$21.17,-28.20%,,,,$21.32,0.71%,-$62.88,-397.03%,-$61.41,-390.10%,CLBK,NASDAQ:CLBK,-0.289,$18.50,
NYSE:CLF,17 Aug 2025,$12.62,3,$10.78,6,,$9.86,9.33%,,,,$9.09,-7.81%,$0.00,-100.00%,$0.00,-100.00%,CLF,NYSE:CLF,-0.530,$10.67,1.03%
NYSE:CLH,9 Apr 2025,$216.05,5,$271.56,9,,$291.20,-25.81%,,,,$291.89,0.24%,$362.12,24.35%,$441.22,51.52%,CLH,NYSE:CLH,-0.321,$318.00,-14.60%
NASDAQ:CLMB,26 Jan 2026,$137.18,3,$136.00,4,,$23.86,469.99%,,,,$22.88,-4.11%,$57.90,142.68%,$62.20,160.70%,CLMB,NASDAQ:CLMB,-0.438,$31.50,331.75%
NASDAQ:CLPT,11 Dec 2025,$12.35,3,$29.00,6,,$18.72,-34.03%,,,,$17.68,-5.56%,$16.57,-11.47%,$16.68,-10.89%,CLPT,NASDAQ:CLPT,-0.530,$25.00,16.00%
NYSE:CLS,19 Jan 2026,$187.07,1,$376.73,10,,$336.21,-44.36%,,,,$372.96,10.93%,$412.56,22.71%,$443.17,31.81%,CLS,NYSE:CLS,0.410,$387.78,-2.85%
NYSE:CLVT,2 Feb 2026,$5.35,3,$3.87,4,,$2.59,49.42%,,,,$2.16,-16.60%,$0.00,-100.00%,$0.00,-100.00%,CLVT,NYSE:CLVT,-0.512,$3.64,6.32%
NYSE:CLW,26 Dec 2024,$20.46,,$37.00,5,,$15.92,28.52%,,,,$16.53,3.83%,$60.21,278.21%,$20.74,30.29%,CLW,NYSE:CLW,0.221,$18.00,105.56%
NYSE:CLX,13 Apr 2026,$137.41,5,$115.33,4,,$97.26,18.58%,,,,$99.21,2.00%,$199.39,105.01%,$231.17,137.68%,CLX,NYSE:CLX,0.014,$117.76,-2.06%
NYSE:CM,10 Sep 2025,$68.57,2,,,,$113.90,-39.80%,,,,$118.93,4.42%,$0.00,-100.00%,$0.00,-100.00%,CM,NYSE:CM,0.105,$102.79,
NYSE:CMA,19 Nov 2025,$78.08,3,$79.46,6,,#N/A,#N/A,,,,,#N/A,-$2.00,#N/A,-$2.00,#N/A,CMA,NYSE:CMA,-2.000,,
NYSE:CMC,27 Feb 2026,$67.56,3,,,,$61.73,9.44%,,,,$64.62,4.68%,$0.00,-100.00%,$0.00,-100.00%,CMC,NYSE:CMC,0.411,$77.60,
NYSEAMERICAN:CMCL,28 Oct 2025,$29.76,1,$48.00,8,,$20.09,48.13%,,,,$20.11,0.10%,$52.95,163.56%,$66.72,232.10%,CMCL,NYSEAMERICAN:CMCL,0.060,$42.73,12.33%
NASDAQ:CME,24 Oct 2025,$252.85,2,,,,$236.60,6.87%,,,,$223.21,-5.66%,$0.00,-100.00%,$0.00,-100.00%,CME,NASDAQ:CME,-0.341,$306.60,
NYSE:CMI,19 Nov 2025,$437.53,2,$508.60,4,,$661.70,-33.88%,,,,$731.71,10.58%,"$1,010.55",52.72%,"$1,150.04",73.80%,CMI,NYSE:CMI,0.736,$640.36,-20.58%
NASDAQ:CMPR,23 Aug 2025,$95.87,3,$72.00,5,,$97.62,-26.24%,,,,$102.87,5.38%,$0.00,-100.00%,$0.00,-100.00%,CMPR,NASDAQ:CMPR,-0.084,$102.50,-29.76%
NYSE:CMRE,23 Dec 2025,$17.94,5,$12.00,6,,$14.26,-15.85%,,,,$14.06,-1.40%,$29.77,108.75%,$42.77,199.95%,CMRE,NYSE:CMRE,-0.305,$17.00,-29.41%
NASDAQ:CNDT,29 Jan 2026,$2.60,3,$7.00,3,,$1.51,72.05%,,,,$1.42,-5.96%,$0.00,-100.00%,$0.00,-100.00%,CNDT,NASDAQ:CNDT,-0.557,$5.50,27.27%
NYSE:CNH,18 Aug 2025,$16.66,5,$14.39,4,,$10.72,34.24%,,,,$10.73,0.09%,$0.00,-100.00%,$0.00,-100.00%,CNH,NYSE:CNH,-0.608,$13.67,5.27%
NYSE:CNM,15 Aug 2025,$59.25,2,,,,$44.93,31.88%,,,,$47.26,5.19%,$0.00,-100.00%,$0.00,-100.00%,CNM,NYSE:CNM,-0.573,$60.88,
NYSE:CNMD,11 Dec 2025,$60.78,3,$53.00,2,,$33.83,56.67%,,,,$32.63,-3.55%,$0.00,-100.00%,$0.00,-100.00%,CNMD,NYSE:CNMD,-0.453,$42.00,26.19%
NYSE:CNO,20 Oct 2023,$30.57,5,,,,$52.43,-41.70%,,,,$53.40,1.85%,$0.00,-100.00%,$0.00,-100.00%,CNO,NYSE:CNO,0.140,$47.50,
NASDAQ:CNOB,19 Nov 2025,$25.36,3,,,,$32.52,-22.02%,,,,$33.48,2.95%,$0.00,-100.00%,$0.00,-100.00%,CNOB,NASDAQ:CNOB,-0.183,$33.80,
NASDAQ:CNXC,28 Jan 2026,$61.95,4,,,,$23.60,162.48%,,,,$25.66,8.73%,$0.00,-100.00%,$0.00,-100.00%,CNXC,NASDAQ:CNXC,0.136,$41.25,
NYSE:COF,18 Aug 2025,$1.55,4,$1.15,4,,$205.12,-99.44%,,,,$203.24,-0.92%,-$190.16,-192.70%,-$97.26,-147.42%,COF,NYSE:COF,-0.087,$261.14,-99.56%
NASDAQ:COFS,1 Jun 2026,$34.09,3,$34.00,7,,$33.92,0.24%,,,,$34.45,1.56%,-$181.47,-634.98%,-$157.92,-565.57%,COFS,NASDAQ:COFS,-0.061,$33.00,3.03%
NYSE:COHR,15 Aug 2025,$108.88,2,$111.93,7,,$333.36,-67.34%,,,,$410.80,23.23%,$390.05,17.01%,$379.96,13.98%,COHR,NYSE:COHR,0.420,$320.26,-65.05%
NASDAQ:COHU,4 Feb 2026,$30.91,3,$32.33,9,,$59.27,-47.85%,,,,$74.02,24.89%,$0.00,-100.00%,$0.00,-100.00%,COHU,NASDAQ:COHU,0.173,$57.43,-43.71%
NASDAQ:COLB,27 May 2026,$30.60,3,$31.75,6,,$31.72,-3.53%,,,,$33.32,5.04%,$0.00,-100.00%,$0.00,-100.00%,COLB,NASDAQ:COLB,0.108,$31.38,1.18%
NASDAQ:COLM,6 Feb 2026,$85.03,3,$62.40,6,,$63.32,-1.45%,,,,$60.94,-3.76%,$0.00,-100.00%,$0.00,-100.00%,COLM,NASDAQ:COLM,-0.605,$70.67,-11.70%
NASDAQ:COMM,27 Jan 2026,$19.58,1,,,,#N/A,#N/A,,,,,#N/A,-$2.00,#N/A,-$2.00,#N/A,COMM,NASDAQ:COMM,-2.000,,
NYSE:COP,2 Jul 2026,$119.17,5,$146.53,7,4.36,$104.73,13.78%,13.78%,$119.17,$146.53,$108.61,3.70%,$107.71,2.84%,$201.61,92.51%,COP,NYSE:COP,0.616,$137.74,6.38%
NASDAQ:CORZ,22 Jan 2026,$21.48,3,$27.60,7,,$21.43,0.23%,,,,$22.81,6.44%,$14.23,-33.61%,$16.39,-23.54%,CORZ,NASDAQ:CORZ,-0.246,$26.55,3.95%
NYSE:COTY,18 Aug 2025,$8.16,3,$6.34,4,,$2.30,175.65%,,,,$2.12,-7.83%,$20.30,782.53%,$27.84,1110.54%,COTY,NYSE:COTY,-0.452,$3.19,98.75%
NYSE:CP,13 Nov 2024,$75.90,3,,,,$87.79,-13.54%,,,,$85.95,-2.10%,$0.00,-100.00%,$0.00,-100.00%,CP,NYSE:CP,-0.409,$92.69,
NYSE:CPF,16 Apr 2026,$32.84,3,$37.00,6,,$38.28,-14.22%,,,,$37.96,-0.84%,-$184.85,-582.88%,-$181.40,-573.86%,CPF,NYSE:CPF,-0.153,$37.00,0.00%
NYSE:CPRI,26 Mar 2026,$38.69,5,$26.00,5,,$18.96,37.13%,,,,$18.17,-4.17%,$62.18,227.95%,$70.35,271.02%,CPRI,NYSE:CPRI,-0.263,$26.72,-2.69%
NASDAQ:CPRT,22 Sep 2025,$50.82,4,$55.60,4,,$30.01,69.34%,,,,$29.72,-0.97%,$0.00,-100.00%,$0.00,-100.00%,CPRT,NASDAQ:CPRT,0.081,$42.67,30.30%
NASDAQ:CPSH,27 Jan 2026,$4.29,2,,,,$5.05,-15.00%,,,,$5.33,5.54%,$6.25,23.79%,"$1,020,737.28",20212519.48%,CPSH,NASDAQ:CPSH,-0.155,$6.00,
NYSE:CPT,18 Sep 2025,$121.77,4,$121.40,1,,$117.25,3.54%,,,,$120.95,3.16%,$137.49,17.26%,$193.68,65.18%,CPT,NYSE:CPT,0.431,$114.48,6.04%
NYSE:CR,13 Nov 2025,$172.71,2,$220.67,6,,$217.64,-20.64%,,,,$229.00,5.22%,$332.87,52.94%,$341.69,57.00%,CR,NYSE:CR,0.157,$219.67,0.46%
NASDAQ:CRAI,20 Aug 2024,$164.05,3,,,,$146.79,11.76%,,,,$151.85,3.45%,$637.06,334.00%,$442.45,201.42%,CRAI,NASDAQ:CRAI,0.044,$252.50,
NASDAQ:CRCT,11 Feb 2026,$6.18,5,$3.67,3,,$4.46,-17.71%,,,,$4.38,-1.79%,$96.42,2061.80%,$104.49,2242.92%,CRCT,NASDAQ:CRCT,-0.257,$3.45,6.38%
NASDAQ:CRDO,15 Dec 2025,$162.57,3,$223.89,7,,$241.91,-32.80%,,,,$256.27,5.94%,$0.00,-100.00%,$0.00,-100.00%,CRDO,NASDAQ:CRDO,-0.137,$207.53,7.88%
NASDAQ:CRESY,11 Jul 2025,$10.53,3,,,,$11.01,-4.39%,,,,$11.41,3.63%,$15.50,40.76%,$19.04,72.91%,CRESY,NASDAQ:CRESY,0.038,$14.93,
NYSE:CRGY,20 Aug 2025,$15.13,3,,,,$9.34,62.00%,,,,$10.24,9.64%,$0.00,-100.00%,$0.00,-100.00%,CRGY,NYSE:CRGY,0.467,$17.43,
NYSE:CRH,30 Mar 2026,$109.97,3,,,,$107.53,2.27%,,,,$111.66,3.84%,$214.31,99.30%,$258.37,140.28%,CRH,NYSE:CRH,0.524,$142.34,
NASDAQ:CRML,4 Dec 2025,$6.88,3,$14.00,6,,$9.56,-28.07%,,,,,-100.00%,-$2.00,-120.92%,-$2.00,-120.92%,CRML,NASDAQ:CRML,-2.000,,
NASDAQ:CROX,26 Jul 2024,$132.28,3,,,,$125.28,5.59%,,,,$121.67,-2.88%,$318.88,154.53%,$340.06,171.44%,CROX,NASDAQ:CROX,-0.060,$108.25,
NASDAQ:CRTO,6 Nov 2025,$38.27,3,$35.00,2,,$19.08,83.44%,,,,$18.59,-2.57%,$173.61,809.91%,$217.48,1039.83%,CRTO,NASDAQ:CRTO,-0.201,$29.77,17.57%
NASDAQ:CRUS,6 Feb 2026,$143.98,4,$143.60,10,,$146.24,-1.81%,,,,$151.93,3.89%,$507.53,247.05%,$525.34,259.23%,CRUS,NASDAQ:CRUS,0.433,$160.00,-10.25%
NASDAQ:CRWD,13 Sep 2024,$299.53,4,,,,$193.98,54.41%,,,,$768.15,295.99%,$0.00,-100.00%,$0.00,-100.00%,CRWD,NASDAQ:CRWD,-0.348,$489.86,
NASDAQ:CRWV,11 Feb 2026,$83.61,3,,,,$81.75,2.27%,,,,$84.70,3.61%,$0.00,-100.00%,$0.00,-100.00%,CRWV,NASDAQ:CRWV,-0.552,$129.13,
NASDAQ:CSIQ,9 Feb 2026,$19.05,3,$21.51,6,,$14.46,31.74%,,,,$15.19,5.05%,-$12.72,-188.00%,-$28.17,-294.79%,CSIQ,NASDAQ:CSIQ,-0.596,$17.74,21.25%
NYSE:CSL,20 Jan 2026,$384.54,3,$400.00,8,,$366.73,4.86%,,,,$354.82,-3.25%,$591.66,61.33%,$638.38,74.07%,CSL,NYSE:CSL,-0.248,$388.29,3.02%
NASDAQ:CSTL,23 Aug 2024,$38.33,3,,,,$24.11,58.97%,,,,$23.68,-1.78%,$45.51,88.78%,$51.13,112.07%,CSTL,NASDAQ:CSTL,-0.635,$47.25,
NYSE:CSTM,25 Jun 2026,$27.88,2,,,3.00,$29.49,-5.46%,-5.46%,$27.88,$37.67,$32.28,9.46%,$0.00,-100.00%,$0.00,-100.00%,CSTM,NYSE:CSTM,0.468,$37.67,
NASDAQ:CSW,3 Sep 2025,$247.77,1,,,,$276.12,-10.27%,,,,,-100.00%,-$2.00,-100.72%,-$2.00,-100.72%,CSW,NYSE:CSW,-2.000,,
NASDAQ:CTBI,19 Nov 2025,$57.46,3,$61.00,6,,$72.75,-21.02%,,,,$72.77,0.03%,$0.00,-100.00%,$0.00,-100.00%,CTBI,NASDAQ:CTBI,-0.300,$72.50,-15.86%
NASDAQ:CTKB,11 Dec 2025,$6.69,3,$5.83,7,,$4.59,27.02%,,,,$4.39,-4.36%,$6.22,35.46%,$5.08,10.61%,CTKB,NASDAQ:CTKB,-0.631,$6.00,-2.83%
NASDAQ:CTLP,21 Jan 2026,$11.18,3,,5,,#N/A,#N/A,,,,,#N/A,-$2.00,#N/A,-$2.00,#N/A,CTLP,NASDAQ:CTLP,-2.000,,
NYSEAMERICAN:CTM,2 Feb 2026,$3.50,1,$3.50,3,,$0.70,400.00%,,,,$0.69,-1.43%,$0.91,29.80%,$1.35,92.20%,CTM,NYSEAMERICAN:CTM,-0.541,$3.50,0.00%
NYSE:CTRA,2 Nov 2025,$26.29,4,$32.29,7,,#N/A,#N/A,,,,$0.00,#N/A,$41.70,#N/A,$72.85,#N/A,CTRA,NYSE:CTRA,-1.000,$37.77,-14.51%
NYSE:CTS,2 Feb 2026,$52.59,3,,6,,$60.50,-13.07%,,,,$62.36,3.07%,$0.00,-100.00%,$0.00,-100.00%,CTS,NYSE:CTS,-0.226,$58.00,
NASDAQ:CTSH,4 Feb 2026,$83.87,4,,,,$41.99,99.74%,,,,$42.59,1.43%,$93.80,123.39%,$105.60,151.48%,CTSH,NASDAQ:CTSH,0.201,$74.71,
NYSE:CUBI,19 Nov 2025,$67.11,3,$85.43,9,,$77.71,-13.64%,,,,$79.73,2.60%,$0.00,-100.00%,$0.00,-100.00%,CUBI,NYSE:CUBI,-0.228,$90.00,-5.08%
NASDAQ:CURI,23 Dec 2025,$4.18,3,$6.33,10,,$2.91,43.64%,,,,$2.66,-8.59%,$4.63,59.19%,$7.44,155.61%,CURI,NASDAQ:CURI,-0.630,$6.17,2.59%
NASDAQ:CVBF,25 Jun 2026,$20.88,3,,,2.84,$22.81,-8.46%,-8.46%,$20.88,$24.00,$22.54,-1.18%,$0.00,-100.00%,$0.00,-100.00%,CVBF,NASDAQ:CVBF,-0.034,$24.00,
NYSE:CVE,19 Jun 2026,$26.66,3,$32.60,8,3.44,$24.65,8.15%,8.15%,$26.66,$32.60,$25.66,4.10%,$0.00,-100.00%,$0.00,-100.00%,CVE,NYSE:CVE,0.404,$28.59,14.03%
NYSE:CVI,23 Aug 2024,$33.80,3,,,,$28.48,18.67%,,,,$29.84,4.78%,$39.23,37.76%,$90.69,218.45%,CVI,NYSE:CVI,0.628,$30.50,
NASDAQ:CVLT,26 Jan 2026,$137.85,3,$174.58,8,,$149.98,-8.09%,,,,$144.33,-3.77%,$142.82,-4.78%,$148.55,-0.95%,CVLT,NASDAQ:CVLT,-0.424,$136.46,27.93%
NASDAQ:CVRX,4 Dec 2025,$11.33,4,$12.67,7,,$5.60,102.34%,,,,$4.97,-11.25%,$0.00,-100.00%,$0.00,-100.00%,CVRX,NASDAQ:CVRX,-0.691,$11.17,13.43%
NYSE:CVS,16 Oct 2025,$91.02,5,$86.60,8,,$104.72,-17.30%,,,,$106.99,2.17%,$44.29,-57.71%,$77.99,-25.52%,CVS,NYSE:CVS,0.173,$96.58,-10.33%
NYSE:CVX,20 Aug 2025,$174.36,4,$171.33,9,,$169.20,1.26%,,,,$177.80,5.08%,$205.45,21.42%,$443.11,161.89%,CVX,NYSE:CVX,0.915,$213.29,-19.67%
NYSE:CW,17 May 2024,$250.04,2,,,,$760.23,-67.11%,,,,$786.26,3.42%,"$1,233.15",62.21%,"$1,291.69",69.91%,CW,NYSE:CW,0.290,$727.86,
NYSE:CWAN,26 Jan 2026,$25.43,3,$27.15,4,,$24.56,3.54%,,,,,-100.00%,-$2.00,-108.14%,-$2.00,-108.14%,CWAN,NYSE:CWAN,-2.000,,
NASDAQ:CWCO,13 Nov 2025,$34.36,3,,8,,$29.44,16.71%,,,,$30.33,3.02%,$51.21,73.95%,$59.38,101.70%,CWCO,NASDAQ:CWCO,0.223,$43.00,
NYSE:CWH,19 Sep 2025,$21.04,3,$19.56,7,,$7.23,170.54%,,,,$7.33,1.38%,$54.97,660.35%,$71.87,894.01%,CWH,NYSE:CWH,-0.360,$14.33,36.50%
NYSE:CX,19 Jun 2025,$8.65,3,$7.31,8,,$12.29,-40.52%,,,,$12.54,2.03%,$0.00,-100.00%,$0.00,-100.00%,CX,NYSE:CX,0.395,$14.13,-48.27%
NASDAQ:CXAI,4 Feb 2026,$0.59,3,,,,$0.17,248.24%,,,,$0.17,0.00%,$0.00,-100.00%,$0.00,-100.00%,CXAI,NASDAQ:CXAI,-0.732,$1.00,
NYSE:CXT,11 Nov 2025,$76.10,5,$74.00,8,,$52.50,40.95%,,,,$53.64,2.17%,$82.38,56.91%,$101.36,93.07%,CXT,NYSE:CXT,0.089,$70.50,4.96%
NYSE:CYD,15 Dec 2025,$33.36,3,,7,,$43.39,-23.11%,,,,$45.74,5.42%,$0.00,-100.00%,$0.00,-100.00%,CYD,NYSE:CYD,-0.314,$55.68,
NYSE:DAC,5 Mar 2026,$126.35,3,,,,$122.32,3.29%,,,,$122.98,0.54%,$243.37,98.96%,$350.04,186.17%,DAC,NYSE:DAC,-0.091,$147.00,
NYSE:DAL,18 Sep 2025,$41.35,2,,,,$92.75,-55.42%,,,,$93.87,1.21%,$0.00,-100.00%,$0.00,-100.00%,DAL,NYSE:DAL,-0.169,$79.61,
NYSE:DAVA,9 Feb 2026,$13.03,3,$10.00,3,,$3.01,232.23%,,,,$2.82,-6.31%,$24.58,716.73%,$41.51,1278.91%,DAVA,NYSE:DAVA,-0.608,$8.59,16.41%
NASDAQ:DAVE,11 Feb 2026,$175.69,3,$312.50,9,,$387.36,-54.64%,,,,$368.39,-4.90%,$746.99,92.84%,$756.24,95.23%,DAVE,NASDAQ:DAVE,-0.626,$325.50,-3.99%
NYSE:DB,2 Apr 2026,$30.42,3,$41.60,10,,$35.86,-15.17%,,,,$34.08,-4.96%,$0.00,-100.00%,$0.00,-100.00%,DB,NYSE:DB,-0.078,$45.00,-7.56%
NYSE:DBI,4 Feb 2026,$8.49,3,$6.25,2,,$5.52,13.22%,,,,$5.83,5.62%,$0.00,-100.00%,$0.00,-100.00%,DBI,NYSE:DBI,-0.199,$6.50,-3.85%
NASDAQ:DBX,11 Feb 2026,$25.55,3,,,,$28.56,-10.54%,,,,$27.90,-2.31%,$59.42,108.07%,$69.35,142.82%,DBX,NASDAQ:DBX,-0.185,$25.50,
NYSE:DCI,6 Nov 2025,$76.88,2,,,,$89.09,-13.71%,,,,$92.38,3.69%,$0.00,-100.00%,$0.00,-100.00%,DCI,NYSE:DCI,0.373,$96.40,
NASDAQ:DCOM,2 Oct 2025,$31.72,3,$36.00,5,,#N/A,#N/A,,,,$40.49,#N/A,$0.00,#N/A,$0.00,#N/A,DCOM,NASDAQ:DCOM,-0.304,$43.00,-16.28%
NASDAQ:DCTH,11 Dec 2025,$11.63,3,$24.00,6,,$13.20,-11.89%,,,,$12.21,-7.50%,$22.46,70.16%,$22.61,71.30%,DCTH,NASDAQ:DCTH,-0.814,$21.33,12.52%
NYSE:DD,10 Feb 2026,$46.81,3,$48.40,7,,$139.91,-66.54%,,,,$148.31,6.00%,$158.53,13.31%,$140.30,0.28%,DD,NYSE:DD,0.915,$55.87,-13.37%
NYSE:DDD,19 Nov 2025,$2.85,3,$3.63,6,,$2.80,1.79%,,,,$2.91,3.93%,$0.12,-95.61%,$3.24,15.79%,DDD,NYSE:DDD,-0.589,$3.75,-3.20%
NASDAQ:DDOG,18 Aug 2025,$131.92,3,$161.38,8,,$260.36,-49.33%,,,,$261.78,0.55%,$303.93,16.73%,$306.51,17.72%,DDOG,NASDAQ:DDOG,-0.433,$176.80,-8.72%
NYSE:DDS,21 May 2024,$424.51,3,,,,$547.21,-22.42%,,,,$553.47,1.14%,$0.00,-100.00%,$0.00,-100.00%,DDS,NYSE:DDS,0.018,$519.67,
NYSE:DEA,13 Nov 2025,$33.12,3,$23.30,4,,$25.54,-8.77%,,,,$25.97,1.68%,$1.36,-94.66%,$13.54,-46.99%,DEA,NYSE:DEA,0.263,$24.25,-3.92%
NYSE:DECK,13 Apr 2026,$122.67,3,$124.47,2,,$104.69,17.17%,,,,$103.71,-0.94%,$545.84,421.39%,$554.27,429.44%,DECK,NYSE:DECK,0.309,$128.76,-3.33%
NYSE:DEO,20 Mar 2026,$109.50,3,$107.50,8,,$82.16,30.84%,,,,$80.67,-1.81%,$0.00,-100.00%,$0.00,-100.00%,DEO,NYSE:DEO,0.140,$103.71,3.65%
NASDAQ:DFDV,3 Jun 2025,$23.65,3,,,,$3.30,616.73%,,,,$2.81,-14.85%,-$8.31,-351.83%,-$8.28,-350.82%,DFDV,NASDAQ:DFDV,-0.758,$7.50,
NYSE:DFH,26 Mar 2025,$30.22,3,$32.00,4,,$16.79,79.99%,,,,$16.42,-2.20%,$80.12,377.19%,$88.54,427.33%,DFH,NYSE:DFH,-0.290,$18.00,77.78%
NASDAQ:DGII,29 Jan 2026,$43.01,3,$48.80,7,,$72.15,-40.38%,,,,$78.48,8.77%,$128.62,78.27%,$135.39,87.66%,DGII,NASDAQ:DGII,0.383,$50.50,-3.37%
NYSE:DGX,29 Jul 2024,$148.07,3,,,,$215.72,-31.36%,,,,$211.93,-1.76%,$0.00,-100.00%,$0.00,-100.00%,DGX,NYSE:DGX,-0.394,$223.12,
NYSE:DHI,29 May 2026,$164.34,5,$164.82,7,,$158.57,3.64%,,,,$159.17,0.38%,$0.00,-100.00%,$0.00,-100.00%,DHI,NYSE:DHI,-0.026,$165.29,-0.28%
NYSE:DHR,13 Nov 2025,$244.54,3,$243.45,9,,$197.93,23.00%,,,,$188.59,-4.72%,$0.00,-100.00%,$0.00,-100.00%,DHR,NYSE:DHR,-0.690,$256.05,-4.92%
NASDAQ:DIOD,28 Jan 2026,$63.86,3,$58.67,7,,$96.25,-39.04%,,,,$112.38,16.76%,$116.14,20.66%,$146.79,52.51%,DIOD,NASDAQ:DIOD,0.515,$92.67,-36.69%
NASDAQ:DJCO,11 Feb 2026,$662.32,3,,5,,$584.83,13.25%,,,,$595.62,1.84%,$666.80,14.02%,$669.33,14.45%,DJCO,NASDAQ:DJCO,-0.712,,
NYSE:DKL,25 Jun 2026,$49.01,1,,,2.63,$52.25,-6.20%,-6.20%,$49.01,$51.40,$53.51,2.41%,$2.98,-94.29%,$39.31,-24.76%,DKL,NYSE:DKL,0.523,$51.40,
NASDAQ:DKNG,18 Aug 2025,$46.45,3,$54.69,7,,$25.89,79.41%,,,,$24.92,-3.75%,$0.00,-100.00%,$0.00,-100.00%,DKNG,NASDAQ:DKNG,-0.741,$34.86,56.88%
NYSE:DLX,3 Jun 2025,$20.45,4,$23.00,7,,$24.31,-15.89%,,,,$25.35,4.28%,$0.00,-100.00%,$0.00,-100.00%,DLX,NYSE:DLX,0.227,$32.67,-29.60%
NASDAQ:DMLP,20 Sep 2025,$25.83,1,$25.30,1,,$25.37,-0.28%,,,,$26.56,4.69%,$54.58,115.14%,$67.94,167.81%,DMLP,NASDAQ:DMLP,0.600,,
NASDAQ:DMRC,14 Jan 2026,$14.02,3,$10.00,2,,$7.83,27.71%,,,,$8.06,2.94%,$6.92,-11.68%,$9.69,23.76%,DMRC,NASDAQ:DMRC,-0.856,$8.00,25.00%
NYSEAMERICAN:DNN,31 Jul 2024,$1.76,0,,,,$3.20,-45.00%,,,,$3.09,-3.44%,$2.70,-15.74%,$2.64,-17.64%,DNN,NYSEAMERICAN:DNN,-0.215,$5.01,
NASDAQ:DNUT,22 Dec 2023,$17.24,4,,,,$3.51,391.11%,,,,$3.53,0.57%,$0.86,-75.58%,$14.46,312.10%,DNUT,NASDAQ:DNUT,-0.288,$4.35,
NYSE:DOLE,6 Mar 2026,$17.35,3,$14.00,4,,$14.02,-0.14%,,,,$13.86,-1.14%,$8.31,-40.74%,$20.28,44.66%,DOLE,NYSE:DOLE,-0.155,$17.55,-20.23%
NYSE:DOV,11 Nov 2025,$186.11,3,$210.90,7,,$213.71,-12.92%,,,,$227.13,6.28%,$320.29,49.87%,$350.91,64.20%,DOV,NYSE:DOV,0.040,$231.96,-9.08%
NASDAQ:DOX,21 May 2026,$85.47,3,$74.50,10,,$51.75,43.96%,,,,$51.65,-0.19%,$105.41,103.70%,$126.68,144.79%,DOX,NASDAQ:DOX,-0.022,$90.21,-17.41%
NASDAQ:DOYU,2 Apr 2025,$7.06,3,$9.75,9,,$4.79,47.31%,,,,,-100.00%,-$2.00,-141.75%,-$2.00,-141.75%,DOYU,NASDAQ:DOYU,-2.000,,
NASDAQ:DPZ,9 Apr 2025,$433.44,3,$487.39,9,,$311.66,39.07%,,,,$296.53,-4.85%,$0.00,-100.00%,$0.00,-100.00%,DPZ,NASDAQ:DPZ,-0.509,$414.90,17.47%
NYSE:DQ,9 Feb 2026,$22.12,3,$28.07,5,,$12.25,80.57%,,,,$12.32,0.57%,$46.76,281.74%,$317.50,2491.84%,DQ,NYSE:DQ,-0.902,$31.86,-11.90%
NYSE:DRD,28 Feb 2024,$9.55,4,,,,$21.90,-56.40%,,,,$21.30,-2.74%,$0.00,-100.00%,$0.00,-100.00%,DRD,NYSE:DRD,-0.107,$46.50,
NYSE:DRH,23 Dec 2025,$11.46,5,$9.65,3,,$12.08,-20.12%,,,,,-100.00%,-$2.00,-116.56%,-$2.00,-116.56%,DRH,NASDAQ:DRH,-2.000,,
NYSE:DRI,18 Sep 2025,$167.77,1,,,,$204.32,-17.89%,,,,$202.51,-0.89%,$0.00,-100.00%,$0.00,-100.00%,DRI,NYSE:DRI,-0.381,$225.48,
NASDAQ:DRVN,4 Apr 2025,$17.90,3,$19.91,7,,$14.47,23.70%,,,,,-100.00%,-$2.00,-113.82%,-$2.00,-113.82%,DRVN,NASDAQ:DRVN,-2.000,,
NYSE:DSX,5 Mar 2026,$3.21,4,,,,$2.10,52.86%,,,,$2.09,-0.48%,$0.66,-68.78%,$1.16,-44.82%,DSX,NYSE:DSX,-0.020,$3.80,
NYSE:DT,10 Feb 2026,$53.18,3,$54.08,8,,$44.77,18.79%,,,,$44.38,-0.87%,$53.39,19.26%,$54.64,22.04%,DT,NYSE:DT,-0.547,$47.75,13.26%
NYSE:DUK,19 Sep 2025,$124.46,3,$130.90,7,,$129.60,-3.97%,,,,$130.54,0.73%,-$35.01,-127.01%,$35.47,-72.63%,DUK,NYSE:DUK,0.447,$139.65,-6.27%
NASDAQ:DUOL,8 Feb 2026,$234.17,3,$232.22,4,,$125.76,84.65%,,,,$116.78,-7.14%,$256.59,104.03%,$261.29,107.77%,DUOL,NASDAQ:DUOL,-0.496,$104.49,122.24%
NASDAQ:DVLT,14 Jan 2026,$1.31,3,,,,$0.38,246.03%,,,,$0.00,-100.00%,$0.28,-25.81%,$0.46,22.17%,DVLT,NASDAQ:DVLT,-1.000,$3.00,
NYSE:DVN,27 Jan 2026,$43.47,4,$43.37,10,,$40.47,7.17%,,,,$42.77,5.68%,$0.00,-100.00%,$0.00,-100.00%,DVN,NYSE:DVN,0.283,$59.68,-27.33%
NASDAQ:DXCM,11 Dec 2025,$71.56,4,$85.74,7,,$71.25,0.44%,,,,$67.45,-5.33%,$0.00,-100.00%,$0.00,-100.00%,DXCM,NASDAQ:DXCM,-0.607,$83.54,2.63%
NYSE:DY,23 Aug 2024,$143.30,1,,,,$437.76,-67.27%,,,,$506.78,15.77%,$0.00,-100.00%,$0.00,-100.00%,DY,NYSE:DY,0.045,$467.91,
NASDAQ:EA,2 Jan 2026,$198.31,3,,,,$205.21,-3.36%,,,,$208.09,1.40%,$420.93,105.12%,$434.42,111.69%,EA,NASDAQ:EA,-0.022,$205.59,
NASDAQ:EBAY,22 Feb 2026,$73.85,1,$99.00,7,,$114.84,-35.69%,,,,$115.53,0.60%,$141.38,23.11%,$154.60,34.62%,EBAY,NASDAQ:EBAY,0.076,$104.57,-5.33%
NASDAQ:EBC,1 Jun 2026,$20.59,3,$22.75,7,,$22.36,-7.91%,,,,$22.40,0.18%,-$77.90,-448.39%,-$74.52,-433.25%,EBC,NASDAQ:EBC,-0.115,$23.50,-3.19%
NYSE:EBF,23 Jun 2026,$22.32,4,,,3.77,$21.49,3.86%,3.86%,$22.32,$24.00,$22.59,5.12%,$46.81,117.84%,$53.89,150.75%,EBF,NYSE:EBF,0.480,$24.00,
NYSE:EBS,5 Jan 2026,$13.61,3,$15.00,5,,$8.28,64.41%,,,,$8.09,-2.29%,$0.00,-100.00%,$0.00,-100.00%,EBS,NYSE:EBS,-0.835,$12.00,25.00%
NYSE:ECO,5 Mar 2026,$47.32,2,,,,$53.11,-10.90%,,,,$51.33,-3.35%,$110.88,108.77%,$54.58,2.76%,ECO,NYSE:ECO,0.006,$56.00,
NASDAQ:ECPG,23 Jun 2026,$78.21,3,$113.33,10,3.20,$90.61,-13.69%,-13.69%,$78.21,$113.33,$96.27,6.25%,-$60.78,-167.08%,-$37.52,-141.41%,ECPG,NASDAQ:ECPG,0.090,$96.67,17.23%
NASDAQ:ECX,10 Sep 2025,$1.94,4,,3,,$1.25,55.52%,,,,$1.22,-2.40%,-$0.84,-167.36%,-$0.95,-176.17%,ECX,NASDAQ:ECX,-0.832,$3.68,
NYSE:ED,16 Sep 2025,$102.44,3,$102.88,2,,$113.99,-10.14%,,,,$114.18,0.17%,-$4.72,-104.14%,$105.83,-7.16%,ED,NYSE:ED,0.296,$111.56,-7.78%
NYSE:EDN,16 Dec 2025,$46.50,3,,5,,$24.28,91.52%,,,,$25.76,6.10%,"-$4,303.45",-17824.27%,"-$2,237.26",-9314.40%,EDN,NYSE:EDN,0.188,$38.50,
NYSE:EDU,19 Aug 2025,$59.25,3,,,,$47.03,25.99%,,,,$44.68,-5.00%,$0.00,-100.00%,$0.00,-100.00%,EDU,NYSE:EDU,-0.885,$70.80,
NASDAQ:EEFT,11 Feb 2026,$105.16,3,$96.80,7,,$77.18,25.42%,,,,$73.04,-5.36%,$206.44,167.48%,$271.89,252.28%,EEFT,NASDAQ:EEFT,-0.502,$86.29,12.18%
NYSE:EFX,10 May 2024,$252.67,3,,,,$172.07,46.84%,,,,$160.15,-6.93%,$0.00,-100.00%,$0.00,-100.00%,EFX,NYSE:EFX,-0.120,$228.48,
NASDAQ:EGAN,28 Jan 2026,$10.58,3,$15.17,6,,$6.53,62.02%,,,,$6.27,-3.98%,$23.86,265.37%,$24.65,277.56%,EGAN,NASDAQ:EGAN,-0.488,$14.50,4.62%
NASDAQ:EGBN,23 Dec 2025,$22.58,3,$18.50,6,,$27.59,-32.95%,,,,$28.57,3.55%,-$215.09,-879.60%,-$213.90,-875.30%,EGBN,NASDAQ:EGBN,-0.197,$28.30,-34.63%
NASDAQ:EGHT,22 Jan 2026,$2.71,3,$2.25,3,,$1.83,22.95%,,,,$1.72,-6.01%,$3.41,86.51%,$4.06,121.82%,EGHT,NASDAQ:EGHT,-0.213,$2.31,-2.60%
NYSE:EGY,26 Aug 2025,$6.31,3,,,,$5.06,24.61%,,,,$5.37,6.13%,$16.11,218.37%,$31.38,520.07%,EGY,NYSE:EGY,0.617,$8.80,
NASDAQ:EH,3 Sep 2025,$17.27,3,,,,$6.31,173.61%,,,,$0.00,-100.00%,$0.00,-100.00%,$0.00,-100.00%,EH,NASDAQ:EH,-1.000,$19.04,
NYSE:EHC,31 Dec 2025,$95.51,2,$145.00,8,,$106.46,-10.29%,,,,$105.59,-0.82%,$0.00,-100.00%,$0.00,-100.00%,EHC,NYSE:EHC,0.432,$140.64,3.10%
NYSE:EIX,29 Jun 2026,$78.39,4,$76.14,4,3.72,$75.66,0.63%,0.63%,$74.35,$78.39,$77.62,2.59%,-$19.22,-125.41%,-$33.95,-144.87%,EIX,NYSE:EIX,0.735,$74.35,2.41%
NYSE:EL,18 Aug 2025,$118.27,3,$95.25,6,,$83.71,13.79%,,,,$78.18,-6.61%,$0.00,-100.00%,$0.00,-100.00%,EL,NYSE:EL,-0.614,$94.32,0.99%
NYSE:ELF,18 Aug 2025,$118.35,3,,,,$76.42,54.86%,,,,$72.13,-5.61%,$119.54,56.42%,$143.02,87.15%,ELF,NYSE:ELF,-0.510,$99.53,
NYSE:ELME,16 Feb 2026,$2.75,4,,3,,$1.59,72.68%,,,,$1.68,5.66%,$0.00,-100.00%,$0.00,-100.00%,ELME,NYSE:ELME,0.913,$18.00,
NYSE:ELP,13 Feb 2025,$6.84,3,$8.20,6,,#N/A,#N/A,,,,,#N/A,-$2.00,#N/A,-$2.00,#N/A,ELP,NYSE:ELP,-2.000,,
NYSE:ELS,19 Sep 2025,$70.10,5,$67.65,7,,$66.25,2.11%,,,,$64.86,-2.10%,$60.61,-8.51%,$79.92,20.64%,ELS,NYSE:ELS,-0.071,$70.31,-3.78%
NASDAQ:ELVR,11 Dec 2025,$44.92,3,,,,$69.67,-35.52%,,,,,-100.00%,-$2.00,-102.87%,-$2.00,-102.87%,ELVR,NASDAQ:ELVR,-2.000,,
NYSE:EME,23 Aug 2025,$518.72,1,$670.50,8,,$774.66,-33.04%,,,,$852.46,10.04%,"$1,413.10",82.42%,"$1,487.84",92.06%,EME,NYSE:EME,0.488,$887.00,-24.41%
NYSE:EMR,19 Nov 2025,$120.30,2,$146.64,9,,$139.05,-13.48%,,,,$146.74,5.53%,$0.00,-100.00%,$0.00,-100.00%,EMR,NYSE:EMR,0.411,$164.17,-10.68%
NYSE:ENB,19 Aug 2025,$43.53,2,,,,$54.08,-19.51%,,,,$57.11,5.60%,-$7.35,-113.58%,$47.94,-11.35%,ENB,NYSE:ENB,0.849,$51.37,
NYSE:ENOV,11 Dec 2025,$37.01,3,$49.00,5,,$22.50,64.50%,,,,$19.87,-11.69%,$12.48,-44.52%,$104.21,363.17%,ENOV,NYSE:ENOV,-0.453,$44.73,9.55%
NYSE:ENS,11 Mar 2026,$152.00,3,,,,$206.68,-26.46%,,,,$236.10,14.23%,$471.28,128.02%,$525.81,154.41%,ENS,NYSE:ENS,0.387,$199.89,
NASDAQ:ENSG,3 Jul 2025,$137.40,2,,,,$168.22,-18.32%,,,,$170.08,1.11%,$0.00,-100.00%,$0.00,-100.00%,ENSG,NASDAQ:ENSG,0.021,$220.40,
NASDAQ:ENTG,9 Feb 2026,$124.28,3,$123.14,3,,$146.66,-16.04%,,,,$176.47,20.33%,$0.00,-100.00%,$0.00,-100.00%,ENTG,NASDAQ:ENTG,0.089,$141.90,-13.22%
NASDAQ:ENVX,20 Aug 2025,$9.75,3,,,,$5.36,81.85%,,,,$5.88,9.70%,$0.00,-100.00%,$0.00,-100.00%,ENVX,NASDAQ:ENVX,-0.230,$14.45,
NYSE:EOG,2 Jul 2026,$143.14,4,$155.08,6,3.88,$130.78,9.45%,9.45%,$143.14,$155.08,$135.63,3.71%,$176.81,35.20%,$206.30,57.75%,EOG,NYSE:EOG,0.627,$153.87,0.79%
NYSE:EPAC,11 Nov 2025,$44.87,3,$51.00,1,,$34.87,28.69%,,,,$35.18,0.89%,$0.00,-100.00%,$0.00,-100.00%,EPAC,NYSE:EPAC,-0.245,$50.50,0.99%
NYSE:EPAM,26 Mar 2026,$178.81,3,$199.40,8,,$88.27,102.57%,,,,$79.60,-9.82%,$0.00,-100.00%,$0.00,-100.00%,EPAM,NYSE:EPAM,-0.652,$187.24,6.49%
NYSE:EQBK,16 Mar 2026,$41.43,3,$52.50,4,,$49.23,-15.85%,,,,$49.80,1.16%,$0.00,-100.00%,$0.00,-100.00%,EQBK,NYSE:EQBK,-0.020,$51.60,1.74%
NYSE:EQNR,9 Sep 2025,$26.30,4,$25.60,9,,$32.04,-20.10%,,,,$32.26,0.69%,$75.91,136.94%,$24.38,-23.90%,EQNR,NYSE:EQNR,0.326,$36.97,-30.75%
NYSE:EQT,20 Aug 2025,$46.57,2,,,,$52.61,-11.49%,,,,$54.15,2.93%,$0.00,-100.00%,$0.00,-100.00%,EQT,NYSE:EQT,0.060,$70.64,
NASDAQ:ERIC,27 May 2026,$11.70,1,$10.60,8,,$10.79,-1.76%,,,,$11.14,3.24%,$0.00,-100.00%,$0.00,-100.00%,ERIC,NASDAQ:ERIC,0.142,$10.45,1.44%
NASDAQ:ERII,4 Sep 2025,$16.86,3,$17.00,6,,$8.84,90.74%,,,,$9.38,6.11%,$13.94,57.70%,$18.66,111.12%,ERII,NASDAQ:ERII,0.042,$14.00,21.43%
NYSE:ERO,2 Sep 2025,$21.17,3,$18.76,5,,$26.21,-28.42%,,,,$27.64,5.46%,$46.68,78.10%,$76.22,190.79%,ERO,NYSE:ERO,0.430,$33.97,-44.77%
NYSE:ESAB,23 Dec 2025,$119.83,3,$147.33,7,,$92.78,29.15%,,,,$94.72,2.09%,$105.63,13.84%,$121.70,31.17%,ESAB,NYSE:ESAB,-0.112,$136.56,7.89%
NYSE:ESE,29 Jan 2026,$185.93,2,$275.00,4,,$332.78,-44.13%,,,,$362.81,9.02%,$462.93,39.11%,$529.64,59.16%,ESE,NYSE:ESE,0.335,$365.00,-24.66%
NASDAQ:ESEA,5 Mar 2026,$65.04,3,,,,$66.38,-2.02%,,,,$68.58,3.31%,$224.46,238.14%,$262.26,295.09%,ESEA,NASDAQ:ESEA,0.066,$85.00,
NASDAQ:ESLT,24 Oct 2025,$494.42,3,,,,$803.26,-38.45%,,,,$768.03,-4.39%,$897.34,11.71%,$961.69,19.72%,ESLT,NASDAQ:ESLT,-0.061,$900.50,
NYSE:ESNT,23 Jun 2026,$59.83,4,$68.00,1,3.07,$64.85,-7.75%,-7.75%,$59.83,$68.00,$66.00,1.77%,$142.53,119.79%,$143.07,120.62%,ESNT,NYSE:ESNT,0.241,$67.81,0.28%
NASDAQ:ESQ,21 Oct 2025,$91.76,3,$110.00,5,,$120.34,-23.75%,,,,$118.97,-1.14%,$2.15,-98.21%,$19.08,-84.15%,ESQ,NASDAQ:ESQ,-0.326,$123.33,-10.81%
NYSE:ESS,16 Sep 2025,$294.27,5,$293.97,7,,$298.33,-1.46%,,,,$307.12,2.95%,$0.00,-100.00%,$0.00,-100.00%,ESS,NYSE:ESS,0.355,$280.37,4.85%
NASDAQ:ESTA,4 Dec 2025,$72.19,3,$71.75,6,,$89.25,-19.61%,,,,$85.17,-4.57%,$73.20,-17.98%,$73.95,-17.14%,ESTA,NASDAQ:ESTA,-0.405,$88.00,-18.47%
NYSE:ESTC,19 Aug 2025,$94.39,3,$107.50,2,,$58.04,62.63%,,,,$55.62,-4.17%,$0.00,-100.00%,$0.00,-100.00%,ESTC,NYSE:ESTC,-0.625,$81.71,31.56%
NYSE:ET,2 Jul 2026,$19.05,1,,,3.00,$19.33,-1.45%,-1.45%,$19.05,$22.36,$20.02,3.57%,$0.00,-100.00%,$0.00,-100.00%,ET,NYSE:ET,0.707,$22.36,
NYSE:ETD,11 Nov 2024,$36.07,4,,,,$21.69,66.27%,,,,$21.94,1.15%,$41.77,92.58%,$47.74,120.12%,ETD,NYSE:ETD,-0.377,$27.00,
NYSE:ETN,11 Nov 2025,$317.45,1,,,,$398.52,-20.34%,,,,$436.52,9.54%,$0.00,-100.00%,$0.00,-100.00%,ETN,NYSE:ETN,0.484,$412.95,
NYSE:ETR,24 Oct 2025,$79.12,1,,,,$115.11,-31.27%,,,,$118.13,2.62%,$6.34,-94.49%,$49.93,-56.63%,ETR,NYSE:ETR,0.484,$115.56,
NASDAQ:EVCM,9 Feb 2026,$14.79,3,$12.00,3,,$9.98,20.24%,,,,$9.90,-0.80%,$11.55,15.73%,$16.95,69.83%,EVCM,NASDAQ:EVCM,-0.674,$10.93,9.79%
NYSE:EVTC,11 Feb 2026,$34.62,3,$30.50,4,,$29.63,2.94%,,,,$27.94,-5.70%,$0.00,-100.00%,$0.00,-100.00%,EVTC,NYSE:EVTC,-0.589,$32.60,-6.44%
NYSE:EVTL,1 Sep 2025,$5.43,3,$11.60,5,,$1.85,193.51%,,,,$1.71,-7.57%,-$1.77,-195.59%,-$1.71,-192.21%,EVTL,NYSE:EVTL,-0.563,$10.12,14.62%
NYSE:EW,11 Dec 2025,$87.08,3,$95.29,8,,$94.37,-7.73%,,,,$90.44,-4.16%,$0.00,-100.00%,$0.00,-100.00%,EW,NYSE:EW,-0.414,$97.15,-1.91%
NASDAQ:EWBC,18 Mar 2026,$117.29,3,,,,$129.30,-9.29%,,,,$134.35,3.91%,-$51.89,-140.13%,$30.19,-76.65%,EWBC,NASDAQ:EWBC,0.173,$129.75,
NASDAQ:EXC,28 Apr 2026,$47.55,3,$50.83,5,,$47.88,-0.69%,,,,$47.46,-0.88%,-$34.49,-172.03%,-$10.40,-121.73%,EXC,NASDAQ:EXC,0.027,$50.22,1.21%
NASDAQ:EXE,22 Jan 2026,$97.25,3,$133.00,9,,$90.72,7.20%,,,,$90.63,-0.10%,$0.00,-100.00%,$0.00,-100.00%,EXE,NASDAQ:EXE,-0.079,$132.96,0.03%
NASDAQ:EXFY,9 Feb 2026,$2.87,3,$5.00,2,,$1.70,68.82%,,,,$1.70,0.00%,$2.74,61.34%,$3.70,117.88%,EXFY,NASDAQ:EXFY,-0.348,$1.38,262.32%
NYSE:EXK,12 Aug 2025,$5.26,3,,,,$8.56,-38.54%,,,,$9.02,5.37%,$5.73,-33.00%,$8.48,-0.94%,EXK,NYSE:EXK,0.253,$16.17,
NASDAQ:EXLS,24 Feb 2026,$44.69,5,$53.00,3,,$27.02,65.40%,,,,$24.95,-7.66%,$65.60,142.80%,$75.16,178.18%,EXLS,NASDAQ:EXLS,-0.345,$41.71,27.07%
NYSE:EXP,23 Aug 2025,$240.86,4,$230.75,1,,$220.15,4.81%,,,,$229.28,4.15%,$243.59,10.65%,$299.03,35.83%,EXP,NYSE:EXP,0.084,$222.90,3.52%
NASDAQ:EXPE,4 Mar 2026,$219.55,3,$275.04,6,,$268.69,-18.29%,,,,$257.36,-4.22%,$0.00,-100.00%,$0.00,-100.00%,EXPE,NASDAQ:EXPE,-0.367,$283.79,-3.08%
NYSE:EXR,12 Oct 2025,$164.54,3,$156.20,5,,$149.34,4.59%,,,,$153.38,2.71%,$185.93,24.50%,$237.97,59.35%,EXR,NYSE:EXR,0.607,$152.00,2.76%
NYSE:F,15 Dec 2025,$13.76,1,,1,,$13.36,2.99%,,,,$13.62,1.95%,$0.00,-100.00%,$0.00,-100.00%,F,NYSE:F,-0.303,$13.70,
NASDAQ:FANG,20 Sep 2025,$163.23,3,$183.50,2,,$172.04,-5.12%,,,,$184.71,7.36%,$212.70,23.63%,$388.30,125.70%,FANG,NASDAQ:FANG,0.511,$221.35,-17.10%
NASDAQ:FAST,14 Jun 2024,$55.48,2,,,,$48.60,14.16%,,,,$48.05,-1.13%,$0.00,-100.00%,$0.00,-100.00%,FAST,NASDAQ:FAST,-0.131,$46.49,
NYSE:FBIN,28 Apr 2026,$58.23,5,$48.75,6,,$53.22,-8.40%,,,,$52.34,-1.65%,$0.00,-100.00%,$0.00,-100.00%,FBIN,NYSE:FBIN,-0.797,$52.43,-7.02%
NASDAQ:FBIZ,8 Oct 2025,$51.75,3,$58.00,7,,$63.85,-18.95%,,,,$63.44,-0.64%,-$243.91,-482.00%,-$236.03,-469.67%,FBIZ,NASDAQ:FBIZ,-0.065,$66.60,-12.91%
NASDAQ:FBNC,7 Oct 2025,$47.21,3,,,,$63.80,-26.00%,,,,$64.07,0.42%,-$147.97,-331.93%,-$144.32,-326.21%,FBNC,NASDAQ:FBNC,-0.208,$66.25,
NYSE:FBP,27 May 2026,$27.08,3,$26.00,6,,$26.33,-1.25%,,,,$26.28,-0.19%,$0.00,-100.00%,$0.00,-100.00%,FBP,NYSE:FBP,-0.071,$26.00,0.00%
NYSE:FC,15 Oct 2025,$24.97,3,$32.00,4,,$21.78,14.65%,,,,$25.05,15.01%,$0.00,-100.00%,$0.00,-100.00%,FC,NYSE:FC,-0.321,$28.33,12.95%
NASDAQ:FCBC,21 Oct 2025,$36.41,3,,5,,$45.12,-19.30%,,,,$44.35,-1.71%,$0.00,-100.00%,$0.00,-100.00%,FCBC,NASDAQ:FCBC,-0.294,$40.00,
NASDAQ:FCCO,2 Oct 2025,$26.67,3,$30.00,7,,$32.93,-19.02%,,,,$32.85,-0.24%,-$144.94,-540.14%,-$145.48,-541.79%,FCCO,NASDAQ:FCCO,-0.253,$35.33,-15.09%
NYSE:FCF,18 Nov 2025,$17.15,3,$19.00,3,,$20.47,-16.22%,,,,$20.66,0.93%,-$59.76,-391.92%,-$58.62,-386.38%,FCF,NYSE:FCF,-0.063,$20.67,-8.08%
NYSE:FCN,13 Nov 2025,$198.73,3,$165.00,9,,$153.59,7.43%,,,,$149.11,-2.92%,$0.00,-100.00%,$0.00,-100.00%,FCN,NYSE:FCN,-0.504,$187.00,-11.76%
NYSE:FCPT,4 Sep 2025,$29.64,4,$29.40,6,,$25.11,17.08%,,,,$25.90,3.15%,$39.75,58.32%,$48.99,95.12%,FCPT,NYSE:FCPT,0.699,$28.11,4.59%
NYSE:FDP,13 Nov 2025,$39.53,3,,4,,#N/A,#N/A,,,,$28.81,#N/A,$50.50,#N/A,$22.02,#N/A,FDP,NYSE:FDP,-0.019,$52.00,
NYSE:FE,19 Sep 2025,$47.44,4,$46.00,7,,$48.53,-5.21%,,,,$48.94,0.84%,$0.00,-100.00%,$0.00,-100.00%,FE,NYSE:FE,0.384,$53.31,-13.71%
NASDAQ:FELE,6 Nov 2025,$93.75,3,,,,$105.14,-10.83%,,,,$110.37,4.97%,$0.00,-100.00%,$0.00,-100.00%,FELE,NASDAQ:FELE,0.438,$113.25,
NYSE:FERG,8 Jul 2024,$169.94,2,,,,$230.24,-26.19%,,,,$228.52,-0.75%,$0.00,-100.00%,$0.00,-100.00%,FERG,NYSE:FERG,-0.534,$276.05,
NYSE:FF,15 May 2025,$5.93,5,,7,,$4.69,26.44%,,,,$4.54,-3.20%,$29.36,526.04%,$27.27,481.36%,FF,NYSE:FF,-0.087,$14.00,
NASDAQ:FFAI,15 Dec 2025,$1.88,3,,,,$0.24,682.88%,,,,$0.22,-8.33%,$0.00,-100.00%,$0.00,-100.00%,FFAI,NASDAQ:FFAI,-0.853,$5.00,
NASDAQ:FFBC,20 Mar 2026,$29.92,3,$31.67,5,,$34.39,-13.00%,,,,$33.58,-2.36%,$0.00,-100.00%,$0.00,-100.00%,FFBC,NASDAQ:FFBC,-0.155,$33.43,-5.26%
NASDAQ:FFIC,27 Oct 2025,$16.10,4,$15.00,5,,#N/A,#N/A,,,,,#N/A,-$2.00,#N/A,-$2.00,#N/A,FFIC,NASDAQ:FFIC,-2.000,,
NASDAQ:FFIN,19 Nov 2025,$32.29,3,$37.50,5,,$34.88,-7.43%,,,,$36.21,3.81%,$0.00,-100.00%,$0.00,-100.00%,FFIN,NASDAQ:FFIN,0.086,$33.75,11.11%
NYSE:FFWM,18 Nov 2025,$6.01,3,$6.38,5,,#N/A,#N/A,,,,,#N/A,-$2.00,#N/A,-$2.00,#N/A,FFWM,NYSE:FFWM,-2.000,,
NASDAQ:FHB,16 Apr 2026,$28.27,3,$26.67,2,,$29.97,-11.01%,,,,$29.48,-1.63%,-$106.68,-455.95%,-$103.66,-445.88%,FHB,NASDAQ:FHB,-0.083,$26.89,-0.82%
NYSE:FHN,28 May 2026,$23.86,3,$26.61,3,,$25.68,-7.08%,,,,$26.63,3.70%,$0.00,-100.00%,$0.00,-100.00%,FHN,NYSE:FHN,0.179,$26.84,-0.86%
NASDAQ:FIBK,27 May 2026,$35.12,3,$36.60,3,,$39.15,-10.29%,,,,$40.15,2.55%,-$150.44,-484.26%,-$140.27,-458.29%,FIBK,NASDAQ:FIBK,0.192,$36.38,0.60%
NYSE:FIG,29 Jan 2026,$46.89,3,$51.00,5,,$21.34,119.71%,,,,$17.75,-16.82%,$0.00,-100.00%,$0.00,-100.00%,FIG,NYSE:FIG,-0.695,$40.25,26.71%
NYSE:FINV,24 Oct 2025,$5.94,3,,6,,$4.83,22.98%,,,,$4.74,-1.86%,$28.50,489.99%,$28.74,495.03%,FINV,NYSE:FINV,-0.696,$7.71,
NYSE:FIS,11 Feb 2026,$71.87,3,,,,$41.80,71.94%,,,,$42.00,0.48%,$96.93,131.89%,$155.56,272.15%,FIS,NYSE:FIS,0.190,$64.95,
NASDAQ:FISI,20 Oct 2025,$28.36,3,$30.00,5,,$39.02,-27.32%,,,,$39.51,1.26%,-$182.59,-567.94%,-$175.16,-548.91%,FISI,NASDAQ:FISI,-0.109,$37.00,-18.92%
NASDAQ:FITB,27 May 2026,$50.92,3,$57.17,9,,#N/A,#N/A,,,,$56.77,#N/A,-$113.07,#N/A,-$106.25,#N/A,FITB,NASDAQ:FITB,-0.042,$56.55,1.10%
NYSE:FIX,23 Aug 2025,$534.79,1,$736.60,8,,"$1,741.30",-69.29%,,,,"$2,050.98",17.78%,"$2,510.62",44.18%,"$2,582.26",48.29%,FIX,NYSE:FIX,0.903,"$1,722.25",-57.23%
NASDAQ:FIZZ,17 Mar 2026,$41.05,3,$35.00,2,,$33.33,5.01%,,,,$30.91,-7.26%,$0.00,-100.00%,$0.00,-100.00%,FIZZ,NASDAQ:FIZZ,-0.411,$35.00,0.00%
NASDAQ:FLEX,5 Feb 2026,$63.22,2,$73.75,6,,$136.85,-53.80%,,,,$162.27,18.58%,$151.48,10.69%,$167.95,22.72%,FLEX,NASDAQ:FLEX,0.482,$81.44,-9.44%
NYSE:FLG,21 Oct 2025,$10.62,3,$13.90,6,,$14.59,-27.21%,,,,$14.96,2.54%,$0.00,-100.00%,$0.00,-100.00%,FLG,NYSE:FLG,-0.301,$15.69,-11.41%
NYSE:FLR,20 Aug 2025,$51.95,5,,5,,$49.45,5.06%,,,,$52.76,6.69%,$0.00,-100.00%,$0.00,-100.00%,FLR,NYSE:FLR,0.027,$53.50,
NYSE:FLS,23 Aug 2024,$48.32,3,,,,$72.34,-33.20%,,,,$77.00,6.44%,$117.27,62.11%,$84.94,17.42%,FLS,NYSE:FLS,0.590,$96.10,
NYSE:FLUT,18 Sep 2025,$272.62,3,,,,$106.03,157.11%,,,,$102.22,-3.59%,$121.14,14.25%,$246.70,132.67%,FLUT,NYSE:FLUT,-0.663,$187.00,
NASDAQ:FMBH,28 Apr 2026,$47.14,3,,,,$48.46,-2.73%,,,,$47.88,-1.20%,-$112.55,-332.25%,-$99.88,-306.10%,FMBH,NASDAQ:FMBH,-0.560,$47.57,
NASDAQ:FMNB,18 Mar 2026,$14.01,3,$14.50,6,,$14.64,-4.29%,,,,$14.79,1.02%,-$57.76,-494.55%,-$56.59,-486.54%,FMNB,NASDAQ:FMNB,-0.075,$14.67,-1.16%
NYSE:FMS,16 Mar 2026,$34.95,5,$26.00,2,,$23.53,10.50%,,,,$23.62,0.38%,$71.34,203.20%,$126.65,438.24%,FMS,NYSE:FMS,0.320,$27.72,-6.20%
NYSE:FMX,19 Mar 2026,$123.52,3,$128.33,8,,$129.30,-4.47%,,,,$131.34,1.58%,$142.58,10.27%,"$4,117.58",3084.52%,FMX,NYSE:FMX,0.138,$117.22,9.48%
NYSE:FN,11 Dec 2025,$411.82,2,$533.80,8,,$499.61,-17.57%,,,,$571.74,14.44%,$647.63,29.63%,$562.11,12.51%,FN,NYSE:FN,0.411,$749.11,-28.74%
NYSE:FNB,30 Mar 2026,$17.16,3,$19.63,9,,$19.03,-9.83%,,,,$19.27,1.26%,$0.00,-100.00%,$0.00,-100.00%,FNB,NYSE:FNB,-0.076,$20.31,-3.35%
NYSE:FNF,10 Apr 2025,$64.78,4,$70.33,4,,$48.84,32.63%,,,,$49.42,1.19%,-$49.75,-201.87%,-$29.32,-160.04%,FNF,NYSE:FNF,0.165,$64.60,8.87%
NASDAQ:FOSL,29 Aug 2025,$4.98,5,$5.00,7,,$4.23,17.75%,,,,$4.31,1.89%,$8.31,96.47%,$15.93,276.62%,FOSL,NASDAQ:FOSL,0.003,$7.00,-28.57%
NASDAQ:FRHC,27 Aug 2025,$170.00,3,,,,$162.22,4.80%,,,,$132.45,-18.35%,$343.49,111.74%,$348.26,114.68%,FRHC,NASDAQ:FRHC,-0.289,$76.00,
NYSE:FRO,23 Jun 2026,$33.92,2,$43.67,8,3.40,$36.75,-7.69%,-7.69%,$33.92,$43.67,$36.58,-0.46%,$56.01,52.41%,$69.73,89.75%,FRO,NYSE:FRO,0.716,$41.25,5.87%
NASDAQ:FRSH,27 Jan 2026,$14.36,3,$18.75,5,,$10.34,38.87%,,,,$10.29,-0.48%,$0.00,-100.00%,$0.00,-100.00%,FRSH,NASDAQ:FRSH,-0.486,$12.38,51.45%
NYSE:FRT,23 Dec 2025,$100.99,1,,,,$121.69,-17.01%,,,,$125.33,2.99%,$0.00,-100.00%,$0.00,-100.00%,FRT,NYSE:FRT,0.238,$118.36,
NASDAQ:FSBC,27 May 2026,$39.25,3,$44.83,7,,$48.66,-19.34%,,,,$50.56,3.90%,$0.00,-100.00%,$0.00,-100.00%,FSBC,NASDAQ:FSBC,0.041,$45.10,-0.60%
NASDAQ:FSLR,11 Feb 2026,$209.76,2,,,,$224.57,-6.59%,,,,$228.96,1.95%,$0.00,-100.00%,$0.00,-100.00%,FSLR,NASDAQ:FSLR,-0.679,$246.21,
NYSE:FSLY,19 Jan 2026,$10.88,4,$11.30,4,,$18.13,-40.00%,,,,,-100.00%,-$2.00,-111.03%,-$2.00,-111.03%,FSLY,NASDAQ:FSLY,-2.000,,
NYSE:FSM,14 Aug 2025,$6.09,3,$7.46,7,,$8.72,-30.15%,,,,$8.36,-4.13%,$26.16,199.97%,$34.48,295.45%,FSM,NYSE:FSM,-0.326,$14.00,-46.71%
NASDAQ:FSTR,4 Oct 2024,$28.19,4,,,,$42.76,-34.07%,,,,$43.93,2.74%,$93.17,117.88%,$118.70,177.60%,FSTR,NASDAQ:FSTR,-0.320,$36.50,
NASDAQ:FTAI,19 Aug 2025,$88.62,1,,,,$248.06,-64.28%,,,,$274.93,10.83%,$0.00,-100.00%,$0.00,-100.00%,FTAI,NASDAQ:FTAI,0.190,$341.40,
NASDAQ:FTDR,1 Jun 2026,$66.83,3,$74.50,7,,$78.50,-14.87%,,,,$77.52,-1.25%,$0.00,-100.00%,$0.00,-100.00%,FTDR,NASDAQ:FTDR,-0.487,$74.20,0.40%
NASDAQ:FTEL,15 Dec 2025,$1.46,3,,,,#N/A,#N/A,,,,,#N/A,-$2.00,#N/A,-$2.00,#N/A,FTEL,NASDAQ:FTEL,-2.000,,
NYSE:FTI,21 Jul 2025,$33.54,3,$37.80,10,,$66.75,-49.75%,,,,$68.14,2.08%,$0.00,-100.00%,$0.00,-100.00%,FTI,NYSE:FTI,0.504,$72.57,-47.91%
NYSE:FTK,29 Apr 2026,$14.15,3,$21.50,9,,$22.19,-36.22%,,,,$25.03,12.80%,$27.69,24.80%,$31.21,40.67%,FTK,NYSE:FTK,0.348,$21.25,1.18%
NASDAQ:FTNT,4 Feb 2026,$100.54,5,$84.05,3,,$156.25,-46.21%,,,,$154.16,-1.34%,$203.33,30.13%,$214.36,37.19%,FTNT,NASDAQ:FTNT,-0.145,$89.43,-6.02%
NASDAQ:FTRE,27 Jun 2025,$13.66,3,$5.97,1,,$17.28,-65.45%,,,,$17.34,0.35%,$55.41,220.65%,$66.49,284.80%,FTRE,NASDAQ:FTRE,-0.515,$12.66,-52.84%
NYSE:FTV,5 Feb 2026,$54.58,4,$55.50,8,,$62.65,-12.88%,,,,$64.41,2.81%,$88.50,41.26%,$99.20,58.34%,FTV,NYSE:FTV,0.531,$62.27,-10.87%
NYSE:FUBO,4 Apr 2025,$4.27,3,$4.85,8,,$10.20,-58.19%,,,,$8.79,-13.82%,$0.00,-100.00%,$0.00,-100.00%,FUBO,NYSE:FUBO,-0.981,$18.12,-73.23%
NASDAQ:FUFU,19 Aug 2025,$4.77,4,$6.00,5,,$1.39,243.38%,,,,,-100.00%,-$2.00,-243.88%,-$2.00,-243.88%,FUFU,NASDAQ:FUFU,-2.000,,
NYSE:FUL,26 May 2026,$68.79,4,$73.00,6,,$58.06,18.49%,,,,$60.45,4.12%,$0.00,-100.00%,$0.00,-100.00%,FUL,NYSE:FUL,0.414,$70.43,3.65%
NASDAQ:FULT,18 Mar 2026,$21.38,4,$23.00,5,,$24.11,-11.32%,,,,$24.14,0.12%,-$96.06,-498.42%,-$88.05,-465.21%,FULT,NASDAQ:FULT,-0.187,$22.92,0.35%
NASDAQ:FUNC,23 Dec 2025,$39.14,3,$42.00,6,,$44.53,-12.10%,,,,$44.57,0.09%,-$177.15,-497.83%,-$171.38,-484.86%,FUNC,NASDAQ:FUNC,-0.181,$44.00,-4.55%
NASDAQ:FUTU,27 Aug 2025,$135.45,1,,,,$95.04,42.52%,,,,$104.28,9.72%,$116.88,22.98%,$120.29,26.57%,FUTU,NASDAQ:FUTU,0.270,$229.74,
NYSE:G,18 May 2026,$44.63,3,$40.00,3,,$29.10,37.46%,,,,$29.56,1.58%,$115.88,298.22%,$142.10,388.33%,G,NYSE:G,0.231,$48.18,-16.98%
NASDAQ:GABC,27 May 2026,$45.62,3,$49.00,6,,$47.60,-4.15%,,,,$49.27,3.51%,-$70.03,-247.12%,-$61.33,-228.84%,GABC,NASDAQ:GABC,0.037,$48.60,0.82%
NASDAQ:GAIN,10 Jun 2024,$15.26,3,,,,$15.56,-1.93%,,,,$15.49,-0.45%,$26.94,73.14%,$37.27,139.54%,GAIN,NASDAQ:GAIN,-0.222,$14.83,
NASDAQ:GAMB,28 Oct 2025,$12.14,5,$13.00,5,,$2.00,507.10%,,,,$1.90,-5.00%,$8.94,347.25%,$10.45,422.27%,GAMB,NASDAQ:GAMB,-0.455,$6.79,91.46%
NASDAQ:GAME,12 Oct 2025,$0.98,3,$1.75,5,,$0.37,165.08%,,,,,-100.00%,-$2.00,-640.54%,-$2.00,-640.54%,GAME,NASDAQ:GAME,-2.000,,
NASDAQ:GANX,23 Dec 2025,$5.20,3,$7.60,8,,$1.91,171.99%,,,,$1.86,-2.62%,$1.25,-34.44%,$1.26,-34.17%,GANX,NASDAQ:GANX,-0.898,$7.60,0.00%
NYSE:GAP,19 Jun 2026,$27.72,5,$28.15,2,3.91,$19.25,44.00%,44.00%,$27.72,$30.65,$19.54,1.51%,$0.00,-100.00%,$0.00,-100.00%,GAP,NYSE:GAP,0.438,$30.65,-8.16%
NASDAQ:GASS,5 Mar 2026,$9.44,3,,,,$8.21,14.98%,,,,$7.90,-3.78%,$38.91,373.98%,$49.26,499.99%,GASS,NASDAQ:GASS,-0.403,$14.00,
NYSE:GBCI,21 Oct 2025,$45.69,3,$52.20,7,,$51.78,-11.76%,,,,$53.24,2.82%,$0.00,-100.00%,$0.00,-100.00%,GBCI,NYSE:GBCI,0.186,$56.50,-7.61%
NYSE:GBX,6 Feb 2026,$68.91,3,$49.00,3,,$47.54,3.07%,,,,$46.64,-1.89%,$0.00,-100.00%,$0.00,-100.00%,GBX,NYSE:GBX,-0.870,$44.67,9.69%
NASDAQ:GCT,11 Feb 2026,$42.86,3,$33.00,7,,$33.21,-0.63%,,,,$31.79,-4.28%,$157.59,374.53%,$162.19,388.38%,GCT,NASDAQ:GCT,-0.191,$53.75,-38.60%
NYSE:GCTS,2 Feb 2026,$1.46,3,$3.50,7,,$2.62,-44.27%,,,,$2.95,12.60%,$0.56,-78.80%,$0.61,-76.74%,GCTS,NYSE:GCTS,0.002,$3.47,0.86%
NYSE:GDDY,11 Feb 2026,$143.01,3,$171.11,7,,$88.51,61.58%,,,,$0.00,-100.00%,$0.00,-100.00%,$0.00,-100.00%,GDDY,NYSE:GDDY,-1.000,$115.53,48.11%
NASDAQ:GDS,16 Feb 2026,$38.86,1,$51.45,10,,$29.82,30.32%,,,,$0.00,-100.00%,-$0.94,-103.16%,$32.88,10.26%,GDS,NASDAQ:GDS,-1.000,$56.94,-9.64%
NASDAQ:GDYN,27 Jan 2026,$17.06,3,$12.25,1,,$6.09,101.15%,,,,$6.55,7.55%,$13.24,117.45%,$17.02,179.46%,GDYN,NASDAQ:GDYN,0.193,$10.60,15.57%
NYSE:GEF,5 Sep 2025,$73.44,5,$80.00,2,,$75.18,-2.31%,,,,$73.95,-1.64%,$0.00,-100.00%,$0.00,-100.00%,GEF,NYSE:GEF,-0.442,$78.20,2.30%
NYSE:GES,15 Aug 2025,$28.70,3,$13.00,5,,#N/A,#N/A,,,,$8.12,#N/A,$47.77,#N/A,$58.75,#N/A,GES,NYSE:GES,-0.915,$16.75,-22.39%
NASDAQ:GFS,9 Feb 2026,$46.85,4,$39.80,4,,$69.84,-43.01%,,,,$81.28,16.38%,$83.90,20.14%,$107.70,54.20%,GFS,NASDAQ:GFS,0.003,$51.30,-22.42%
NASDAQ:GGAL,11 Sep 2025,$34.39,3,$38.00,5,,$50.37,-31.73%,,,,$51.61,2.46%,$330.08,555.32%,$346.15,587.21%,GGAL,NASDAQ:GGAL,0.022,$68.23,-44.31%
NYSE:GGB,4 Jan 2026,$3.55,3,$4.60,9,,$4.07,-12.69%,,,,$3.99,-1.97%,$0.00,-100.00%,$0.00,-100.00%,GGB,NYSE:GGB,-0.231,$5.18,-11.20%
NYSE:GGG,6 Nov 2025,$84.33,3,$93.50,1,,$75.24,12.08%,,,,$77.94,3.59%,$0.00,-100.00%,$0.00,-100.00%,GGG,NYSE:GGG,0.312,$92.00,1.63%
NYSE:GHC,15 Oct 2025,$995.96,4,,4,,"$1,183.27",-15.83%,,,,"$1,140.08",-3.65%,$0.00,-100.00%,$0.00,-100.00%,GHC,NYSE:GHC,-0.437,"$1,040.00",
NYSE:GHM,28 Oct 2025,$48.90,2,,,,$115.42,-57.63%,,,,$125.46,8.70%,$118.70,2.84%,$127.81,10.74%,GHM,NYSE:GHM,0.400,$90.60,
NYSE:GIB,19 Jan 2026,$107.59,5,$129.19,3,,$66.48,61.84%,,,,$65.27,-1.82%,$0.00,-100.00%,$0.00,-100.00%,GIB,NYSE:GIB,-0.228,$75.94,70.12%
NYSE:GIS,27 Mar 2026,$54.42,5,$40.93,2,,$37.57,8.94%,,,,$36.87,-1.86%,$0.00,-100.00%,$0.00,-100.00%,GIS,NYSE:GIS,-0.200,$40.79,0.34%
NYSE:GKOS,11 Dec 2025,$119.46,3,$118.10,3,,$148.34,-20.39%,,,,$136.16,-8.21%,$136.46,-8.01%,$147.19,-0.77%,GKOS,NYSE:GKOS,-0.474,$151.08,-21.83%
NASDAQ:GLDD,4 Nov 2025,$12.92,3,$14.00,7,,#N/A,#N/A,,,,$0.00,#N/A,$36.21,#N/A,$45.30,#N/A,GLDD,NASDAQ:GLDD,-1.000,$17.00,-17.65%
NYSE:GLOB,4 May 2026,$71.94,3,$63.17,7,,$32.51,94.31%,,,,$32.41,-0.31%,$110.89,241.10%,$118.27,263.78%,GLOB,NYSE:GLOB,0.012,$69.04,-8.50%
NASDAQ:GLRE,13 Nov 2025,$15.68,4,,1,,$16.37,-4.22%,,,,$16.46,0.55%,$160.75,882.00%,$160.68,881.53%,GLRE,NASDAQ:GLRE,-0.076,$1.00,
NYSE:GLW,26 Jan 2026,$93.28,1,,,,$196.79,-52.60%,,,,$247.31,25.67%,$246.19,25.11%,$274.41,39.44%,GLW,NYSE:GLW,0.373,$139.21,
NYSE:GM,15 Dec 2025,$80.89,1,,1,,$76.00,6.43%,,,,$75.82,-0.24%,$0.00,-100.00%,$0.00,-100.00%,GM,NYSE:GM,-0.220,$94.08,
NYSE:GME,23 Aug 2024,$28.89,3,,,,$22.82,26.60%,,,,$23.15,1.45%,$0.00,-100.00%,$0.00,-100.00%,GME,NYSE:GME,0.089,$13.50,
NYSE:GMED,11 Dec 2025,$101.94,3,$94.50,9,,$80.12,17.95%,,,,$74.80,-6.64%,$182.93,128.32%,$224.65,180.40%,GMED,NYSE:GMED,-0.571,$110.08,-14.15%
NYSE:GMRE,23 Dec 2025,$53.07,3,$40.70,9,,#N/A,#N/A,,,,,#N/A,-$2.00,#N/A,-$2.00,#N/A,GMRE,NYSE:GMRE,-2.000,,
NASDAQ:GNLN,15 Jul 2025,$4.44,3,,,,$2.27,95.37%,,,,,-100.00%,-$2.00,-188.11%,-$2.00,-188.11%,GNLN,NASDAQ:GNLN,-2.000,,
NYSE:GNRC,11 Nov 2025,$159.25,3,$205.69,9,,$252.66,-36.97%,,,,$294.42,16.53%,$310.36,22.84%,$344.13,36.20%,GNRC,NYSE:GNRC,0.075,$248.13,-17.10%
NYSEAMERICAN:GNS,18 Aug 2025,$0.99,,$1.00,3,,$0.20,395.00%,,,,$0.19,-5.00%,$0.00,-100.00%,$0.00,-100.00%,GNS,NYSEAMERICAN:GNS,-0.758,$3.25,-69.23%
NYSE:GNTY,2 Oct 2025,$48.75,1,,,,#N/A,#N/A,,,,,#N/A,-$2.00,#N/A,-$2.00,#N/A,GNTY,NYSE:GNTY,-2.000,,
NASDAQ:GOOD,31 Aug 2025,$17.01,5,$15.00,5,,$12.62,18.86%,,,,$12.40,-1.74%,$13.38,6.06%,$9.03,-28.41%,GOOD,NASDAQ:GOOD,-0.092,$13.38,12.11%
NASDAQ:GOOG,27 Feb 2026,$301.88,3,,,,$356.18,-15.25%,,,,$356.45,0.08%,$0.00,-100.00%,$0.00,-100.00%,GOOG,NASDAQ:GOOG,-0.194,$398.06,
NASDAQ:GOOGL,17 Apr 2026,$309.14,3,$385.97,8,,$359.91,-14.11%,,,,$361.48,0.44%,$616.54,71.30%,$684.79,90.27%,GOOGL,NASDAQ:GOOGL,-0.028,$376.50,2.52%
NYSEAMERICAN:GORO,20 Aug 2025,$0.83,,$1.25,5,,$1.27,-34.65%,,,,$1.32,3.94%,$3.42,168.94%,$3.15,148.20%,GORO,NYSEAMERICAN:GORO,0.280,$1.50,-16.67%
NYSE:GOTU,3 Sep 2025,$6.27,3,,4,,$1.75,258.23%,,,,$0.00,-100.00%,-$4.45,-354.15%,-$4.46,-354.98%,GOTU,NYSE:GOTU,-1.000,$3.52,
NYSE:GPC,14 Sep 2023,$168.90,4,,,,$132.57,27.40%,,,,$117.42,-11.43%,$0.00,-100.00%,$0.00,-100.00%,GPC,NYSE:GPC,-0.349,$132.43,
NYSE:GPOR,22 Jan 2026,$170.96,3,$231.50,7,,$168.87,1.24%,,,,$166.27,-1.54%,$197.72,17.08%,$372.21,120.41%,GPOR,NYSE:GPOR,-0.250,$243.50,-4.93%
NYSE:GPRK,22 Sep 2025,$10.05,3,$7.75,2,,$9.07,-14.55%,,,,$9.37,3.31%,$24.04,165.01%,$37.47,313.10%,GPRK,NYSE:GPRK,0.230,$11.98,-35.31%
NASDAQ:GPRO,27 Jan 2026,$1.35,3,$1.30,5,,$0.72,80.56%,,,,$0.73,1.39%,$1.94,169.53%,$2.64,266.18%,GPRO,NASDAQ:GPRO,-0.365,$1.30,0.00%
NASDAQ:GRAB,3 Sep 2025,$4.97,3,$6.03,6,,$3.90,27.44%,,,,$3.75,-3.85%,$0.00,-100.00%,$0.00,-100.00%,GRAB,NASDAQ:GRAB,-0.718,$6.07,-0.66%
NYSE:GRBK,27 Feb 2026,$85.87,4,,8,,$79.25,8.35%,,,,$79.60,0.44%,$149.02,88.03%,$150.33,89.69%,GRBK,NYSE:GRBK,-0.098,$62.00,
NYSE:GRMN,2 Feb 2026,$214.19,3,$240.50,6,,$240.02,-10.76%,,,,$248.45,3.51%,$387.38,61.39%,$403.91,68.28%,GRMN,NYSE:GRMN,0.466,$261.71,-8.10%
NYSE:GRND,27 Jan 2026,$13.86,3,$22.00,2,,$16.06,-13.71%,,,,$15.30,-4.73%,$22.41,39.55%,$23.03,43.41%,GRND,NYSE:GRND,-0.418,$18.00,22.22%
NYSE:GS,24 Feb 2026,$814.68,2,,,,"$1,021.00",-20.21%,,,,"$1,066.73",4.48%,$0.00,-100.00%,$0.00,-100.00%,GS,NYSE:GS,0.516,$933.25,
NASDAQ:GSBC,27 May 2026,$73.74,3,$65.00,2,,$78.83,-17.54%,,,,$82.64,4.83%,$0.00,-100.00%,$0.00,-100.00%,GSBC,NASDAQ:GSBC,0.018,$67.50,-3.70%
NASDAQ:GSIT,28 Jan 2026,$9.51,3,,7,,$6.82,39.40%,,,,$7.85,15.10%,$7.69,12.70%,$7.74,13.46%,GSIT,NASDAQ:GSIT,0.237,$8.00,
NYSE:GSL,4 Mar 2026,$37.11,3,,5,,$38.11,-2.62%,,,,$38.99,2.31%,$203.02,432.72%,$267.49,601.89%,GSL,NYSE:GSL,0.016,$40.00,
NASDAQ:GSM,15 Aug 2025,$7.64,3,$4.00,4,,$3.27,22.32%,,,,$3.16,-3.36%,$15.70,380.01%,$4.38,33.84%,GSM,NASDAQ:GSM,-0.353,$6.00,-33.33%
NASDAQ:GT,20 Sep 2025,$10.53,4,$11.42,10,,$6.59,59.79%,,,,$6.44,-2.28%,$153.87,2234.87%,$197.55,2897.65%,GT,NASDAQ:GT,-0.351,$8.94,27.74%
NYSE:GTES,12 May 2025,$25.10,5,$23.20,4,,$26.69,-13.08%,,,,$28.87,8.17%,$0.00,-100.00%,$0.00,-100.00%,GTES,NYSE:GTES,0.096,$31.08,-25.35%
NYSE:GTLS,23 Dec 2025,$198.45,3,$211.00,1,,$208.72,-4.92%,,,,$214.83,2.93%,$172.86,-17.18%,$276.43,32.44%,GTLS,NYSE:GTLS,0.381,$204.43,3.21%
NASDAQ:GTM,30 Mar 2026,$9.68,3,,,,$2.99,223.75%,,,,$2.82,-5.69%,$0.00,-100.00%,$0.00,-100.00%,GTM,NASDAQ:GTM,-0.586,$9.11,
NYSE:GTY,19 Sep 2025,$32.43,4,$32.00,4,,$34.34,-6.81%,,,,$34.52,0.52%,$36.04,4.95%,$44.90,30.74%,GTY,NYSE:GTY,0.320,$33.71,-5.07%
NYSE:GVA,12 Jun 2025,$88.52,3,,,,$145.93,-39.34%,,,,$163.69,12.17%,$0.00,-100.00%,$0.00,-100.00%,GVA,NYSE:GVA,0.535,$166.50,
NYSE:GWH,14 Jan 2026,$3.79,3,$3.50,3,,$0.86,306.98%,,,,$0.85,-1.16%,-$6.09,-808.38%,-$5.55,-745.65%,GWH,NYSE:GWH,-0.953,$2.50,40.00%
NYSE:GWW,23 Aug 2025,$866.00,2,,,,"$1,342.98",-35.52%,,,,"$1,340.09",-0.22%,"$1,583.91",17.94%,"$1,656.87",23.37%,GWW,NYSE:GWW,-0.424,"$1,158.60",
NYSE:HAE,16 Dec 2025,$105.08,3,$86.29,9,,$75.07,14.95%,,,,$74.61,-0.61%,$169.37,125.61%,$210.11,179.89%,HAE,NYSE:HAE,-0.511,$84.60,2.00%
NASDAQ:HAFC,27 May 2026,$31.91,3,$32.83,5,,$32.49,-1.79%,,,,$33.95,4.49%,-$136.07,-518.80%,-$136.27,-519.42%,HAFC,NASDAQ:HAFC,0.172,$31.12,5.49%
NYSE:HASI,27 Jan 2026,$36.24,3,$40.27,9,,$38.26,-5.29%,,,,$38.65,1.02%,$0.00,-100.00%,$0.00,-100.00%,HASI,NYSE:HASI,-0.435,$45.87,-12.21%
NASDAQ:HBAN,6 Apr 2026,$16.83,4,$19.75,9,,$17.86,-5.77%,,,,$17.84,-0.11%,-$66.52,-472.43%,-$62.81,-451.70%,HBAN,NASDAQ:HBAN,-0.040,$19.69,0.30%
NASDAQ:HBCP,1 Jun 2026,$67.68,3,$69.00,3,,$69.32,-2.36%,,,,$68.99,-0.48%,$0.00,-100.00%,$0.00,-100.00%,HBCP,NASDAQ:HBCP,-0.091,$65.62,5.15%
NYSE:HBM,2 Apr 2026,$15.01,2,$28.81,10,,$22.59,-33.54%,,,,$23.91,5.84%,$24.35,7.80%,$50.66,124.28%,HBM,NYSE:HBM,0.261,$32.65,-11.76%
NASDAQ:HBNC,19 Nov 2025,$17.31,3,$19.83,9,,$19.78,-12.49%,,,,$20.82,5.26%,$0.00,-100.00%,$0.00,-100.00%,HBNC,NASDAQ:HBNC,0.005,$21.20,-6.46%
NASDAQ:HBT,2 Oct 2025,$24.23,3,$29.50,7,,$32.18,-24.72%,,,,$31.83,-1.09%,-$53.44,-266.06%,-$50.60,-257.23%,HBT,NASDAQ:HBT,-0.563,$30.20,-2.32%
NYSE:HCA,13 Apr 2026,$417.60,2,$551.50,1,,$410.50,1.73%,,,,$407.19,-0.81%,$411.61,0.27%,$690.35,68.17%,HCA,NYSE:HCA,0.539,$542.67,1.63%
NYSE:HCC,11 Dec 2025,$71.17,3,,,,$80.83,-11.95%,,,,$85.33,5.57%,$0.00,-100.00%,$0.00,-100.00%,HCC,NYSE:HCC,0.320,$104.83,
NASDAQ:HCKT,16 Feb 2026,$21.62,3,$27.00,4,,$10.84,99.46%,,,,$11.50,6.09%,$30.15,178.16%,$32.45,199.31%,HCKT,NASDAQ:HCKT,0.122,$23.67,14.07%
NASDAQ:HCSG,20 Dec 2023,$15.43,3,,,,$25.15,-38.65%,,,,$26.12,3.86%,$39.18,55.79%,$43.07,71.23%,HCSG,NASDAQ:HCSG,0.235,$24.00,
NASDAQ:HCTI,11 Jul 2025,$0.04,3,,,,$1.89,-98.15%,,,,$1.72,-8.99%,$0.00,-100.00%,$0.00,-100.00%,HCTI,NASDAQ:HCTI,-0.598,$5.00,
NYSE:HDB,21 Oct 2025,$30.79,2,,,,$25.77,19.49%,,,,$25.46,-1.20%,$0.00,-100.00%,$0.00,-100.00%,HDB,NYSE:HDB,-0.329,$33.77,
NYSE:HE,18 Nov 2025,$12.33,3,$11.13,7,,$13.63,-18.34%,,,,$13.48,-1.10%,-$18.19,-233.43%,$0.36,-97.32%,HE,NYSE:HE,-0.163,$13.75,-19.05%
NYSE:HEI,2 May 2025,$235.97,3,$274.82,7,,$362.09,-34.83%,,,,$360.01,-0.57%,$0.00,-100.00%,$0.00,-100.00%,HEI,NYSE:HEI,-0.091,$354.11,-22.39%
NYSE:HEI.A,5 May 2025,$186.04,3,,,,$261.70,-28.91%,,,,$262.03,0.13%,$0.00,-100.00%,$0.00,-100.00%,HEI.A,NYSE:HEI.A,-0.115,$280.00,
NASDAQ:HELE,3 Nov 2023,$131.05,4,,,,$28.14,365.70%,,,,$28.88,2.63%,-$3.16,-111.24%,$26.37,-6.30%,HELE,NASDAQ:HELE,-0.375,$24.67,
NASDAQ:HFWA,19 Jun 2026,$30.72,3,$32.00,4,2.81,$29.70,3.43%,3.43%,$30.72,$32.00,$30.90,4.04%,-$94.19,-417.14%,-$95.13,-420.30%,HFWA,NASDAQ:HFWA,0.114,$30.80,3.90%
NYSE:HG,9 Sep 2025,$24.44,3,$25.43,7,,$34.44,-29.03%,,,,$35.32,2.56%,$159.48,363.07%,$161.89,370.06%,HG,NYSE:HG,0.254,$33.29,-23.61%
NYSE:HI,6 Nov 2025,$42.28,5,$32.00,7,,#N/A,#N/A,,,,,#N/A,-$2.00,#N/A,-$2.00,#N/A,HI,NYSE:HI,-2.000,,
NASDAQ:HIFS,10 Oct 2025,$271.84,3,,7,,$317.18,-14.29%,,,,$299.47,-5.58%,$0.00,-100.00%,$0.00,-100.00%,HIFS,NASDAQ:HIFS,-0.610,,
NYSE:HIMS,20 Aug 2025,$35.82,2,,,,$36.80,-2.66%,,,,$34.92,-5.11%,$32.65,-11.29%,$36.40,-1.08%,HIMS,NYSE:HIMS,-0.323,$26.04,
NASDAQ:HIMX,16 Feb 2026,$9.25,5,,,,$13.15,-29.65%,,,,$15.49,17.79%,$17.77,35.16%,$19.24,46.34%,HIMX,NASDAQ:HIMX,0.528,$9.00,
NYSE:HLIO,6 Nov 2025,$52.24,3,,,,$82.39,-36.59%,,,,$92.31,12.04%,$111.49,35.32%,$130.14,57.95%,HLIO,NYSE:HLIO,0.398,$80.17,
NASDAQ:HLIT,5 Feb 2026,$11.73,3,$13.00,5,,$14.07,-16.60%,,,,$16.52,17.41%,$0.00,-100.00%,$0.00,-100.00%,HLIT,NASDAQ:HLIT,0.016,$12.71,2.28%
NASDAQ:HLMN,25 Jul 2023,$11.24,3,,,,$8.12,38.46%,,,,$8.21,1.11%,$7.41,-8.71%,$16.92,108.42%,HLMN,NASDAQ:HLMN,-0.144,$12.12,
NYSE:HMC,26 Mar 2026,$30.58,5,,5,,$28.02,9.15%,,,,$27.91,-0.39%,-$22.27,-179.47%,$14.05,-49.87%,HMC,NYSE:HMC,0.148,$28.28,
NYSE:HNI,8 Jan 2025,$45.54,2,,,,$41.43,9.92%,,,,$40.35,-2.61%,$0.00,-100.00%,$0.00,-100.00%,HNI,NYSE:HNI,-0.418,$72.00,
NASDAQ:HNRG,16 Dec 2024,$15.00,3,,8,,$16.25,-7.69%,,,,$17.01,4.68%,$26.68,64.19%,$45.26,178.55%,HNRG,NASDAQ:HNRG,-0.031,$27.12,
NYSE:HOMB,2 Oct 2025,$27.30,2,$32.17,6,,$28.68,-4.82%,,,,$29.60,3.21%,$0.00,-100.00%,$0.00,-100.00%,HOMB,NYSE:HOMB,0.095,$31.29,2.81%
NASDAQ:HON,2 Jul 2026,,1,$446.29,9,3.08,$229.86,94.16%,94.16%,$446.29,$446.29,$236.40,2.85%,$0.00,-100.00%,$0.00,-100.00%,HON,NASDAQ:HON,0.682,$251.50,77.45%
NASDAQ:HONE,2 Oct 2025,$15.33,3,$13.00,2,,#N/A,#N/A,,,,,#N/A,-$2.00,#N/A,-$2.00,#N/A,HONE,NASDAQ:HONE,-2.000,,
NASDAQ:HOOD,2 Sep 2025,$86.65,2,$113.71,7,,$112.73,-23.14%,,,,$111.87,-0.76%,$0.00,-100.00%,$0.00,-100.00%,HOOD,NASDAQ:HOOD,0.209,$98.44,15.51%
NASDAQ:HOPE,2 Oct 2025,$14.53,4,$13.00,4,,$13.58,-4.27%,,,,$14.27,5.08%,-$87.60,-745.10%,-$87.89,-747.22%,HOPE,NASDAQ:HOPE,0.142,$13.62,-4.55%
NYSE:HOV,26 Mar 2025,$163.07,3,$125.00,1,,$134.53,-7.08%,,,,$134.93,0.30%,$0.00,-100.00%,$0.00,-100.00%,HOV,NYSE:HOV,-0.478,$74.00,68.92%
NASDAQ:HOVR,12 Dec 2024,$2.00,3,,6,,$1.94,3.09%,,,,$1.95,0.52%,$0.00,-100.00%,$0.00,-100.00%,HOVR,NASDAQ:HOVR,-0.428,$8.58,
NYSE:HP,22 Jan 2026,$39.81,4,$33.25,5,,$31.30,6.23%,,,,$33.81,8.02%,$0.00,-100.00%,$0.00,-100.00%,HP,NYSE:HP,0.149,$38.40,-13.41%
NYSE:HPE,12 Aug 2025,$26.45,3,,,,$41.23,-35.85%,,,,$46.15,11.93%,$0.00,-100.00%,$0.00,-100.00%,HPE,NYSE:HPE,0.627,$26.43,
NASDAQ:HPK,22 Sep 2025,$12.06,3,$7.00,3,,$6.70,4.48%,,,,$7.40,10.45%,-$2.47,-136.91%,$25.71,283.75%,HPK,NASDAQ:HPK,0.442,$7.88,-11.17%
NYSE:HPQ,30 Mar 2026,$24.72,3,$18.58,2,,$21.93,-15.28%,,,,$22.12,0.87%,$0.00,-100.00%,$0.00,-100.00%,HPQ,NYSE:HPQ,-0.145,$19.43,-4.37%
NYSE:HRL,6 Nov 2024,$31.61,3,,,,$25.00,26.42%,,,,$24.96,-0.16%,$0.00,-100.00%,$0.00,-100.00%,HRL,NYSE:HRL,-0.104,$26.75,
NASDAQ:HSAI,1 Sep 2025,$21.70,3,$27.74,9,,$17.19,26.24%,,,,$0.00,-100.00%,$18.84,9.60%,$18.86,9.70%,HSAI,NASDAQ:HSAI,-1.000,$30.43,-8.84%
NYSE:HSBC,19 Aug 2025,$64.63,3,,,,$96.78,-33.22%,,,,$98.70,1.98%,-$545.31,-663.45%,-$545.31,-663.45%,HSBC,NYSE:HSBC,0.281,$95.75,
NASDAQ:HSIC,20 Aug 2025,$69.76,3,,,,$86.43,-19.29%,,,,$83.74,-3.11%,$0.00,-100.00%,$0.00,-100.00%,HSIC,NASDAQ:HSIC,-0.373,$89.54,
NASDAQ:HSII,15 Dec 2025,$59.01,1,,1,,#N/A,#N/A,,,,,#N/A,-$2.00,#N/A,-$2.00,#N/A,HSII,NASDAQ:HSII,-2.000,,
NASDAQ:HST,20 Apr 2026,$19.63,3,$21.71,6,,$23.35,-15.94%,,,,$24.33,4.20%,$48.54,107.90%,$69.23,196.51%,HST,NASDAQ:HST,0.446,$22.25,-2.43%
NYSE:HTB,19 Nov 2025,$38.55,3,,,,$49.43,-22.01%,,,,$50.43,2.02%,-$83.59,-269.10%,-$87.26,-276.52%,HTB,NYSE:HTB,-0.187,$48.62,
NASDAQ:HTBK,13 Apr 2026,$12.56,3,$15.00,6,,#N/A,#N/A,,,,,#N/A,-$2.00,#N/A,-$2.00,#N/A,HTBK,NASDAQ:HTBK,-2.000,,
NASDAQ:HTZ,22 Dec 2023,$16.71,3,,,,$2.12,688.21%,,,,$2.14,0.94%,-$64.05,-3121.34%,$35.27,1563.48%,HTZ,NASDAQ:HTZ,-0.331,$4.43,
NYSE:HUBS,8 Jul 2024,$562.84,3,,,,$192.12,192.96%,,,,$185.15,-3.63%,$361.61,88.22%,$398.49,107.42%,HUBS,NYSE:HUBS,-0.674,$344.71,
NYSE:HUYA,26 Aug 2025,$4.89,4,$5.00,7,,$2.38,105.42%,,,,$0.00,-100.00%,$0.48,-79.92%,$0.48,-79.92%,HUYA,NYSE:HUYA,-1.000,$4.06,23.15%
NYSE:HVT,20 Mar 2026,$26.93,4,,4,,$24.97,7.83%,,,,$25.51,2.16%,$23.29,-6.73%,$38.87,55.68%,HVT,NYSE:HVT,-0.029,$30.00,
NASDAQ:HWC,10 Oct 2025,$58.42,2,,,,$74.61,-21.70%,,,,$77.65,4.07%,$0.00,-100.00%,$0.00,-100.00%,HWC,NASDAQ:HWC,0.054,$76.44,
NYSE:HWM,3 Sep 2025,$148.98,2,,,,$270.41,-44.91%,,,,,-100.00%,-$2.00,-100.74%,-$2.00,-100.74%,HWM,NYSE:HWM,-2.000,,
NASDAQ:IART,11 Dec 2025,$22.26,3,$12.33,2,,$18.05,-31.69%,,,,$17.71,-1.88%,$0.00,-100.00%,$0.00,-100.00%,IART,NASDAQ:IART,-0.649,$15.67,-21.31%
NASDAQ:IBEX,30 Jan 2026,$37.25,3,$41.00,9,,$32.13,15.93%,,,,$30.25,-5.85%,$64.13,99.61%,$78.05,142.93%,IBEX,NASDAQ:IBEX,-0.358,$37.50,9.33%
NASDAQ:IBKR,23 Aug 2025,$51.95,1,$67.92,10,,$91.33,-43.12%,,,,$97.18,6.41%,$0.00,-100.00%,$0.00,-100.00%,IBKR,NASDAQ:IBKR,0.061,$78.30,-13.26%
NYSE:IBM,27 Jan 2026,$263.05,1,$321.27,10,,$289.52,-9.14%,,,,$282.93,-2.28%,$403.23,39.28%,$494.73,70.88%,IBM,NYSE:IBM,-0.025,$298.83,7.51%
NYSE:IBN,2 Oct 2025,$29.15,3,,3,,$29.49,-1.15%,,,,$28.67,-2.78%,$0.00,-100.00%,$0.00,-100.00%,IBN,NYSE:IBN,-0.563,$35.38,
NASDAQ:IBOC,1 Jun 2026,$77.76,3,,4,,$75.90,2.45%,,,,$78.73,3.73%,$37.41,-50.71%,$44.57,-41.27%,IBOC,NASDAQ:IBOC,0.094,$87.00,
NYSE:IBP,7 Jan 2025,$148.52,2,$231.00,6,,$228.26,-34.94%,,,,$226.82,-0.63%,$310.94,36.22%,$404.60,77.25%,IBP,NYSE:IBP,-0.038,$289.25,-20.14%
NYSE:ICE,24 Oct 2025,$156.00,3,,,,$132.99,17.30%,,,,$131.40,-1.20%,$0.00,-100.00%,$0.00,-100.00%,ICE,NYSE:ICE,0.196,$200.67,
NASDAQ:ICHR,2 Jan 2026,$31.56,3,$24.80,2,,$98.22,-74.75%,,,,$116.38,18.49%,$0.00,-100.00%,$0.00,-100.00%,ICHR,NASDAQ:ICHR,0.312,$50.43,-50.82%
NASDAQ:ICON,23 Jan 2026,$3.43,3,$2.00,,,$1.04,92.31%,,,,,-100.00%,-$2.00,-292.31%,-$2.00,-292.31%,ICON,NASDAQ:ICON,-2.000,,
NYSE:IDA,18 Sep 2025,$114.64,2,,,,$154.55,-25.82%,,,,$155.41,0.56%,$0.00,-100.00%,$0.00,-100.00%,IDA,NYSE:IDA,0.303,$154.56,
NASDAQ:IDCC,21 Jan 2026,$317.69,3,,,,$281.40,12.90%,,,,$274.22,-2.55%,$0.00,-100.00%,$0.00,-100.00%,IDCC,NASDAQ:IDCC,-0.572,$462.67,
NASDAQ:IEP,22 Nov 2023,$27.45,3,,,,$7.24,279.09%,,,,$7.42,2.49%,$61.59,750.76%,$60.65,737.74%,IEP,NASDAQ:IEP,0.217,$12.00,
NASDAQ:IESC,23 Aug 2025,$257.92,2,,,,$654.00,-60.56%,,,,$738.28,12.89%,$780.70,19.37%,$823.38,25.90%,IESC,NASDAQ:IESC,0.500,$700.00,
NYSE:IEX,28 Oct 2025,$189.30,3,$194.86,8,,$223.82,-15.42%,,,,$226.90,1.38%,$0.00,-100.00%,$0.00,-100.00%,IEX,NYSE:IEX,-0.119,$236.64,-17.66%
NYSE:IFS,27 May 2026,$48.43,3,$61.50,9,,$58.13,-16.69%,,,,$57.17,-1.65%,$561.57,866.06%,$807.30,1288.78%,IFS,NYSE:IFS,-0.060,$54.58,12.68%
NASDAQ:IGIC,23 Jun 2026,$24.69,3,,,3.26,$27.66,-10.74%,-10.74%,$24.69,$30.00,$27.81,0.54%,$10.86,-60.73%,$10.86,-60.73%,IGIC,NASDAQ:IGIC,0.345,$30.00,
NYSE:IHS,4 Mar 2026,$6.80,2,$8.50,7,,$8.22,-17.27%,,,,$8.42,2.43%,$11.36,38.20%,$26.10,217.57%,IHS,NYSE:IHS,0.203,$9.00,-5.56%
NASDAQ:III,5 Feb 2026,$5.27,3,$6.50,8,,$4.11,28.30%,,,,$4.15,0.97%,$0.00,-100.00%,$0.00,-100.00%,III,NASDAQ:III,-0.185,$6.67,-2.55%
NASDAQ:IMKTA,19 Mar 2026,$96.09,3,,5,,$90.17,6.57%,,,,$89.22,-1.05%,$65.85,-26.97%,$149.25,65.52%,IMKTA,NASDAQ:IMKTA,-0.059,,
NASDAQ:IMMP,15 Dec 2025,$2.06,3,$12.00,7,,$0.42,391.05%,,,,,-100.00%,-$2.00,-576.19%,-$2.00,-576.19%,IMMP,NASDAQ:IMMP,-2.000,,
NYSEAMERICAN:IMO,24 Oct 2025,$89.93,1,,,,$113.77,-20.95%,,,,$116.24,2.17%,$0.00,-100.00%,$0.00,-100.00%,IMO,NYSEAMERICAN:IMO,0.458,$96.42,
NASDAQ:IMOS,28 Jan 2026,$41.27,3,,6,,$63.93,-35.44%,,,,$68.78,7.59%,$99.99,56.41%,$156.81,145.28%,IMOS,NASDAQ:IMOS,0.567,$20.00,
NASDAQ:IMPP,16 Feb 2026,$3.71,3,$6.00,7,,$4.76,-21.99%,,,,$4.98,4.62%,$0.00,-100.00%,$0.00,-100.00%,IMPP,NASDAQ:IMPP,0.741,$8.00,-25.00%
NASDAQ:IMRN,15 Dec 2025,$1.93,4,,,,$1.10,75.58%,,,,,-100.00%,-$2.00,-281.82%,-$2.00,-281.82%,IMRN,NASDAQ:IMRN,-2.000,,
NASDAQ:IMXI,14 Feb 2026,$28.35,3,,3,,$14.54,94.98%,,,,$14.22,-2.20%,$57.23,293.63%,$55.57,282.22%,IMXI,NASDAQ:IMXI,-0.449,$16.00,
NASDAQ:INDB,20 Mar 2026,$77.46,3,$86.67,6,,$84.18,-7.99%,,,,$84.34,0.19%,$0.00,-100.00%,$0.00,-100.00%,INDB,NASDAQ:INDB,-0.247,$90.17,-3.88%
NASDAQ:INDI,16 Feb 2026,$5.81,4,$8.00,5,,$4.33,34.10%,,,,$4.90,13.16%,$1.96,-54.66%,$2.61,-39.63%,INDI,NASDAQ:INDI,0.288,$6.04,32.45%
NYSE:ING,27 Aug 2025,$23.00,3,,,,$32.10,-28.35%,,,,$32.26,0.50%,-$212.90,-763.24%,-$205.03,-738.72%,ING,NYSE:ING,0.215,$30.80,
NYSE:INGM,22 Feb 2026,$26.24,5,,,,$25.65,2.30%,,,,$28.32,10.41%,$0.00,-100.00%,$0.00,-100.00%,INGM,NYSE:INGM,0.232,$31.35,
NASDAQ:INGN,11 Dec 2025,$9.54,4,$13.00,6,,$6.60,44.60%,,,,$6.33,-4.09%,$5.74,-13.04%,$8.64,30.97%,INGN,NASDAQ:INGN,-0.688,$12.67,2.60%
NYSE:INGR,26 Aug 2025,$23.71,3,,,,$97.62,-75.71%,,,,$93.25,-4.48%,$0.00,-100.00%,$0.00,-100.00%,INGR,NYSE:INGR,-0.743,$127.67,
NASDAQ:INOD,26 Jan 2026,$55.24,3,,,,$68.88,-19.80%,,,,$71.98,4.50%,$87.54,27.09%,$90.57,31.49%,INOD,NASDAQ:INOD,-0.491,$91.25,
NASDAQ:INSG,5 Feb 2026,$12.35,3,,,,$8.87,39.26%,,,,$10.87,22.55%,$37.79,326.09%,$46.61,425.48%,INSG,NASDAQ:INSG,0.246,$20.50,
NYSE:INSP,4 Dec 2025,$192.39,3,$117.67,8,,$46.95,150.63%,,,,$45.06,-4.03%,$110.85,136.10%,$117.16,149.55%,INSP,NYSE:INSP,-0.545,$72.25,62.87%
NASDAQ:INTA,22 Jan 2026,$50.05,3,$50.05,6,,$27.39,82.73%,,,,$26.09,-4.75%,$29.92,9.23%,$33.04,20.62%,INTA,NASDAQ:INTA,-0.379,$41.00,22.07%
NASDAQ:INTC,19 Jan 2026,$31.91,1,$42.36,6,,$120.35,-73.49%,,,,$140.66,16.88%,$113.49,-5.70%,$144.71,20.24%,INTC,NASDAQ:INTC,0.609,$52.26,-18.94%
NASDAQ:INTR,24 Jun 2026,$6.34,4,$8.60,7,3.56,$5.47,15.90%,15.90%,$6.34,$10.44,$5.82,6.40%,-$3.00,-154.82%,$0.02,-99.68%,INTR,NASDAQ:INTR,0.089,$10.44,-17.62%
NYSE:INVH,16 Sep 2025,$35.78,5,$35.79,1,,$30.53,17.21%,,,,$31.54,3.31%,$0.00,-100.00%,$0.00,-100.00%,INVH,NYSE:INVH,0.469,$31.14,14.93%
NYSE:IONQ,23 Dec 2025,$39.58,3,$75.91,9,,$49.12,-19.42%,,,,$50.44,2.69%,$0.00,-100.00%,$0.00,-100.00%,IONQ,NYSE:IONQ,-0.814,$64.56,17.58%
NYSE:IP,10 Jul 2025,$49.22,3,$190.70,,,$38.79,#REF!,,,,$38.21,-1.50%,$19.48,-49.78%,$86.88,123.96%,IP,NYSE:IP,-0.212,$43.43,339.10%
NASDAQ:IPGP,4 Feb 2026,$89.57,3,,,,$105.27,-14.91%,,,,$118.57,12.63%,$0.00,-100.00%,$0.00,-100.00%,IPGP,NASDAQ:IPGP,0.115,$144.75,
NASDAQ:IPWR,9 Feb 2026,$5.25,3,,4,,$5.04,4.16%,,,,$5.72,13.49%,$3.99,-20.89%,$4.04,-19.89%,IPWR,NASDAQ:IPWR,0.150,$10.75,
NASDAQ:IQ,29 Nov 2024,$3.18,3,,,,$1.01,214.65%,,,,$0.00,-100.00%,$4.28,323.66%,-$0.12,-111.48%,IQ,NASDAQ:IQ,-1.000,$1.82,
NYSE:IR,11 Nov 2025,$79.48,3,$87.67,6,,$80.59,-1.38%,,,,$84.16,4.43%,$106.56,32.23%,$120.40,49.40%,IR,NYSE:IR,0.075,$94.67,-7.39%
NASDAQ:IREN,11 Dec 2025,$45.06,3,$84.00,6,,$38.82,16.07%,,,,$45.51,17.23%,$37.67,-2.96%,$46.28,19.22%,IREN,NASDAQ:IREN,0.029,$70.40,19.32%
NYSE:IRM,19 Aug 2025,$97.43,3,$116.80,3,,$117.16,-16.84%,,,,$130.67,11.53%,$0.00,-100.00%,$0.00,-100.00%,IRM,NYSE:IRM,0.530,$128.55,-9.14%
NASDAQ:IRMD,4 Dec 2025,$84.32,3,$99.00,8,,$100.97,-16.49%,,,,$94.86,-6.05%,$0.00,-100.00%,$0.00,-100.00%,IRMD,NASDAQ:IRMD,-0.445,$118.67,-16.58%
NYSE:IRS,13 Mar 2026,$17.95,5,$23.00,6,,$15.81,13.54%,,,,$15.96,0.95%,"-$7,085.69",-44917.77%,"-$19,261.48",-121931.01%,IRS,NYSE:IRS,0.013,$21.33,7.83%
NASDAQ:IRTC,11 Dec 2025,$121.66,2,$220.38,6,,$126.48,-3.81%,,,,$120.07,-5.07%,$115.80,-8.45%,$123.61,-2.27%,IRTC,NASDAQ:IRTC,-0.400,$195.00,13.02%
NASDAQ:ISRG,19 Jul 2024,$316.11,1,,,,$426.01,-25.80%,,,,$391.10,-8.19%,$0.00,-100.00%,$0.00,-100.00%,ISRG,NASDAQ:ISRG,-0.845,$577.01,
NASDAQ:ISTR,1 Jun 2026,$27.26,3,$31.50,6,,$29.49,-7.58%,,,,$30.26,2.61%,$0.00,-100.00%,$0.00,-100.00%,ISTR,NASDAQ:ISTR,-0.155,$33.17,-5.03%
NYSE:IT,25 Feb 2026,$197.67,3,187,2,,$136.32,39.89%,,,,$130.99,-3.91%,$0.00,-100.00%,$0.00,-100.00%,IT,NYSE:IT,-0.610,$173.00,8.09%
NYSE:ITGR,11 Dec 2025,$113.99,3,$91.50,2,,$95.14,-3.83%,,,,$93.93,-1.27%,$0.00,-100.00%,$0.00,-100.00%,ITGR,NYSE:ITGR,-0.380,$95.00,-3.68%
NASDAQ:ITIC,29 Jan 2025,$206.10,3,,7,,$281.21,-26.71%,,,,$275.85,-1.91%,$374.07,33.02%,$414.58,47.43%,ITIC,NASDAQ:ITIC,-0.231,$39.00,
NASDAQ:ITRI,21 May 2026,$114.84,5,$126.20,4,,$85.11,34.93%,,,,$88.84,4.38%,$184.45,116.72%,$188.41,121.37%,ITRI,NASDAQ:ITRI,0.305,$135.00,-6.52%
NASDAQ:ITRN,18 Feb 2026,$47.36,3,$50.00,8,,$57.14,-17.11%,,,,$63.98,11.97%,$145.99,155.50%,$163.27,185.74%,ITRN,NASDAQ:ITRN,0.398,$60.67,-17.59%
NYSE:ITT,16 Feb 2026,$184.72,1,$225.86,10,,$186.80,-1.11%,,,,$199.05,6.56%,$0.00,-100.00%,$0.00,-100.00%,ITT,NYSE:ITT,0.005,$235.58,-4.13%
NYSE:ITUB,10 Mar 2026,$7.88,3,$9.00,9,,$8.12,-2.96%,,,,$8.40,3.45%,$16.52,103.48%,$20.78,155.87%,ITUB,NYSE:ITUB,0.178,$8.36,7.66%
NYSE:ITW,11 Nov 2025,$245.17,2,$257.11,6,,$272.76,-10.11%,,,,$268.64,-1.51%,$0.00,-100.00%,$0.00,-100.00%,ITW,NYSE:ITW,-0.151,$276.12,-6.88%
NYSE:IX,11 Dec 2025,$27.24,3,,5,,$39.06,-30.26%,,,,$39.60,1.38%,$96.17,146.21%,$65.71,68.24%,IX,NYSE:IX,0.242,$34.66,
NASDAQ:IXHL,11 Dec 2025,$0.76,3,,,,$3.97,-80.98%,,,,$3.59,-9.57%,$5.93,49.38%,$6.06,52.76%,IXHL,NASDAQ:IXHL,-0.738,,
NYSE:JBGS,23 Dec 2025,$16.92,3,$17.50,1,,$15.47,9.39%,,,,$14.84,-4.07%,$0.00,-100.00%,$0.00,-100.00%,JBGS,NYSE:JBGS,-0.080,$14.50,20.69%
NYSE:JBTM,28 Oct 2025,$114.25,3,,,,$145.83,-21.66%,,,,$142.03,-2.61%,$151.55,3.92%,$214.04,46.77%,JBTM,NYSE:JBTM,-0.452,$183.50,
NYSE:JCI,4 Jan 2026,$97.19,1,$128.78,9,,$140.76,-30.96%,,,,$143.16,1.71%,$0.00,-100.00%,$0.00,-100.00%,JCI,NYSE:JCI,-0.375,$144.86,-11.10%
NASDAQ:JD,1 Apr 2026,$43.40,3,$34.69,3,,$26.62,30.32%,,,,$24.89,-6.50%,$152.77,473.89%,$154.68,481.06%,JD,NASDAQ:JD,-0.826,$39.77,-12.77%
NYSE:JEF,23 Aug 2025,$58.78,3,,,,$52.62,11.71%,,,,$52.98,0.68%,$0.00,-100.00%,$0.00,-100.00%,JEF,NYSE:JEF,0.219,$54.00,
NYSE:JELD,25 Oct 2024,$18.28,3,,,,$1.44,1169.17%,,,,$1.47,2.08%,-$17.78,-1334.92%,$0.27,-81.09%,JELD,NYSE:JELD,-0.516,$2.19,
NASDAQ:JFIN,1 Sep 2025,$12.96,3,,7,,$2.86,353.11%,,,,,-100.00%,-$2.00,-169.93%,-$2.00,-169.93%,JFIN,NASDAQ:JFIN,-2.000,,
NYSE:JHX,22 Aug 2025,$30.58,3,$26.94,8,,$25.81,4.38%,,,,$25.82,0.04%,$19.94,-22.75%,$28.65,10.99%,JHX,NYSE:JHX,-0.113,$29.36,-8.24%
NYSE:JILL,3 Jan 2025,$36.04,3,$36.67,6,,$16.49,118.54%,,,,$15.64,-5.15%,$0.00,-100.00%,$0.00,-100.00%,JILL,NYSE:JILL,-0.395,$14.50,152.90%
NASDAQ:JJSF,31 Jan 2025,$136.25,3,$200.00,3,,$75.92,79.46%,,,,$73.85,-2.73%,$0.00,-100.00%,$0.00,-100.00%,JJSF,NASDAQ:JJSF,-0.582,$110.00,81.82%
NASDAQ:JKHY,27 Jan 2026,$182.29,3,,,,$146.87,24.12%,,,,$147.54,0.46%,$254.55,73.32%,$305.29,107.87%,JKHY,NASDAQ:JKHY,0.060,$198.07,
NYSE:JKS,9 Feb 2026,$25.42,3,$23.33,6,,$15.84,47.29%,,,,,-100.00%,-$2.00,-112.63%,-$2.00,-112.63%,JKS,NYSE:JKS,-2.000,,
NYSE:JOBY,7 Jul 2025,$8.26,2,,,,$8.49,-2.76%,,,,$8.74,2.94%,$7.51,-11.55%,$7.60,-10.47%,JOBY,NYSE:JOBY,-0.430,$11.79,
NYSE:JOE,4 Sep 2025,$58.64,3,,4,,$61.33,-4.39%,,,,$62.03,1.14%,$0.00,-100.00%,$0.00,-100.00%,JOE,NYSE:JOE,-0.154,$19.00,
NYSE:KAI,11 Nov 2025,$276.48,3,$360.00,2,,$309.00,-10.52%,,,,$311.03,0.66%,$0.00,-100.00%,$0.00,-100.00%,KAI,NYSE:KAI,-0.011,$341.00,5.57%
NASDAQ:KALU,23 Jun 2026,$168.39,3,$161.67,6,3.28,$176.27,-8.28%,-8.28%,$161.67,$168.39,$198.85,12.81%,$0.00,-100.00%,$0.00,-100.00%,KALU,NASDAQ:KALU,0.526,$165.25,-2.17%
NASDAQ:KARO,23 Aug 2025,$42.41,2,,,,$53.87,-21.27%,,,,,-100.00%,-$2.00,-103.71%,-$2.00,-103.71%,KARO,NASDAQ:KARO,-2.000,,
NYSE:KB,19 Nov 2025,$83.35,3,,,,$109.35,-23.78%,,,,$103.49,-5.36%,"$793,138.19",725220.71%,"$947,606.92",866481.54%,KB,NYSE:KB,-0.158,$127.27,
NYSE:KBH,27 Apr 2026,$73.02,5,$56.73,6,,$61.16,-7.24%,,,,$63.61,4.01%,$0.00,-100.00%,$0.00,-100.00%,KBH,NYSE:KBH,0.000,$55.46,2.29%
NYSE:KD,9 Feb 2026,$28.74,3,$34.00,5,,$12.25,134.61%,,,,$11.60,-5.31%,$5.86,-52.20%,$142.92,1066.68%,KD,NYSE:KD,-0.146,$14.70,131.29%
NASDAQ:KDP,19 Jun 2026,$36.23,3,$31.83,9,3.12,$33.30,-4.41%,-4.41%,$31.83,$36.23,$34.25,2.85%,$0.00,-100.00%,$0.00,-100.00%,KDP,NASDAQ:KDP,0.120,$33.25,-4.27%
NYSE:KEP,23 Dec 2025,$17.51,3,$20.00,4,,$12.50,40.08%,,,,$12.11,-3.12%,"-$136,738.14",-1094005.15%,"-$59,166.55",-473432.39%,KEP,NYSE:KEP,-0.128,$16.00,25.00%
NYSE:KEY,20 Mar 2026,$21.47,3,$24.04,3,,$23.02,-6.74%,,,,$23.23,0.91%,$0.00,-100.00%,$0.00,-100.00%,KEY,NYSE:KEY,-0.055,$24.76,-2.91%
NYSE:KGC,14 Aug 2025,$8.59,1,,,,$24.71,-65.24%,,,,$23.46,-5.06%,$0.00,-100.00%,$0.00,-100.00%,KGC,NYSE:KGC,-0.302,$40.55,
NASDAQ:KIDS,11 Dec 2025,$25.39,3,$24.00,6,,$19.95,20.30%,,,,$18.58,-6.87%,$25.87,29.68%,$37.25,86.70%,KIDS,NASDAQ:KIDS,-0.637,$24.89,-3.58%
NYSE:KIM,19 Sep 2025,$25.08,5,$24.84,7,,$25.32,-1.90%,,,,$26.13,3.20%,$0.00,-100.00%,$0.00,-100.00%,KIM,NYSE:KIM,0.343,$25.22,-1.51%
NASDAQ:KLAC,4 Jan 2026,"$1,084.54",2,"$1,372.72",8,,$235.55,360.43%,,,,$299.91,27.32%,$0.00,-100.00%,$0.00,-100.00%,KLAC,NASDAQ:KLAC,0.493,"$1,814.28",-24.34%
NYSE:KLC,14 Jan 2026,$8.03,3,$5.70,3,,$4.85,17.53%,,,,$4.10,-15.46%,$0.38,-92.23%,-$13.59,-380.12%,KLC,NYSE:KLC,-0.778,$3.19,78.68%
NASDAQ:KLIC,23 Aug 2025,$42.70,3,,,,$121.33,-64.81%,,,,$139.08,14.63%,$161.56,33.16%,$163.91,35.10%,KLIC,NASDAQ:KLIC,0.293,$71.67,
NYSE:KMT,26 Aug 2025,$29.15,5,$22.25,5,,$33.49,-33.56%,,,,$35.79,6.87%,$41.30,23.32%,$57.33,71.19%,KMT,NYSE:KMT,0.238,$37.57,-40.78%
NYSE:KN,2 Feb 2026,$24.86,3,,,,$36.78,-32.41%,,,,$40.40,9.84%,$0.00,-100.00%,$0.00,-100.00%,KN,NYSE:KN,-0.339,$36.25,
NYSE:KOF,16 Jun 2026,$111.51,3,$115.00,5,3.21,$107.38,3.84%,3.84%,$111.51,$115.81,$110.79,3.18%,$400.38,272.87%,$341.58,218.10%,KOF,NYSE:KOF,0.421,$115.81,-0.70%
NASDAQ:KOPN,16 Feb 2026,$2.24,3,,6,,$3.90,-42.46%,,,,$4.25,8.97%,$3.99,2.23%,$4.00,2.48%,KOPN,NASDAQ:KOPN,-0.084,$5.15,
NYSE:KR,2 Jan 2026,$62.39,3,,,,$58.22,7.16%,,,,$57.20,-1.75%,$0.00,-100.00%,$0.00,-100.00%,KR,NYSE:KR,0.061,$75.45,
NASDAQ:KRNT,6 Nov 2025,$18.46,3,$23.50,4,,$15.61,18.26%,,,,$16.27,4.23%,$17.12,9.70%,$19.92,27.60%,KRNT,NASDAQ:KRNT,-0.092,$22.62,3.89%
NASDAQ:KRT,16 Sep 2025,$27.50,4,$31.50,2,,$34.25,-19.70%,,,,$33.30,-2.77%,$76.43,123.14%,$124.18,262.57%,KRT,NASDAQ:KRT,-0.098,$29.50,6.78%
NASDAQ:KSPI,11 Feb 2026,$112.77,3,$92.50,6,,$89.82,2.98%,,,,$86.26,-3.96%,$145.05,61.49%,$146.23,62.80%,KSPI,NASDAQ:KSPI,-0.302,$99.68,-7.20%
NYSE:KSS,25 Jul 2023,$47.54,3,,,,$18.19,161.37%,,,,$17.73,-2.53%,$0.00,-100.00%,$0.00,-100.00%,KSS,NYSE:KSS,-0.164,$17.46,
NYSEAMERICAN:KULR,4 Feb 2026,,,$3.36,1,,$3.85,-12.73%,,,,$3.80,-1.30%,$0.00,-100.00%,$0.00,-100.00%,KULR,NYSEAMERICAN:KULR,-0.119,$8.00,-58.00%
NYSE:KVUE,14 Aug 2025,$22.53,4,$23.83,8,,$19.83,13.62%,,,,$19.12,-3.58%,$25.56,28.88%,$28.51,43.77%,KVUE,NYSE:KVUE,-0.397,$19.58,21.71%
NYSE:KVYO,22 Jan 2026,$29.82,3,$42.31,7,,$16.90,76.46%,,,,$15.40,-8.88%,$41.95,148.24%,$43.40,156.78%,KVYO,NYSE:KVYO,-0.611,$31.23,35.48%
NYSE:KWR,7 Dec 2023,$246.30,3,,,,$161.16,52.83%,,,,$165.76,2.85%,$0.00,-100.00%,$0.00,-100.00%,KWR,NYSE:KWR,0.227,$170.33,
NASDAQ:LAB,11 Dec 2025,$2.34,3,$1.35,8,,$0.91,48.35%,,,,$0.78,-14.29%,$0.19,-78.74%,$0.30,-67.38%,LAB,NASDAQ:LAB,-0.421,$1.55,-12.90%
NYSE:LAC,2 Sep 2025,$4.84,5,$4.00,4,,$3.76,6.38%,,,,$3.79,0.80%,-$0.32,-108.56%,-$0.31,-108.35%,LAC,NYSE:LAC,-0.323,$6.10,-34.43%
NYSE:LAD,6 Feb 2026,$430.33,5,$385.50,5,,$306.23,25.89%,,,,$278.79,-8.96%,$0.00,-100.00%,$0.00,-100.00%,LAD,NYSE:LAD,-0.877,$372.07,3.61%
NASDAQ:LAKE,31 Dec 2025,$12.09,4,$18.50,6,,$12.36,-2.18%,,,,$11.96,-3.24%,$0.00,-100.00%,$0.00,-100.00%,LAKE,NASDAQ:LAKE,0.331,$14.00,32.14%
NASDAQ:LAMR,16 Sep 2025,$136.02,4,$129.00,9,,$157.56,-18.13%,,,,$161.84,2.72%,$0.00,-100.00%,$0.00,-100.00%,LAMR,NASDAQ:LAMR,0.211,$139.80,-7.73%
NASDAQ:LASR,27 Jan 2026,$28.42,2,,,,$63.25,-55.07%,,,,$71.25,12.65%,$0.00,-100.00%,$0.00,-100.00%,LASR,NASDAQ:LASR,0.179,$75.50,
NASDAQ:LAUR,15 Oct 2025,$28.37,2,,,,$38.20,-25.73%,,,,$36.38,-4.76%,$46.00,20.41%,$61.02,59.74%,LAUR,NASDAQ:LAUR,-0.583,$40.08,
NYSE:LB,26 Aug 2025,$40.37,2,,,,$73.75,-45.27%,,,,$82.61,12.01%,$91.94,24.66%,$98.44,33.47%,LB,NYSE:LB,0.552,$80.57,
NYSE:LC,16 Mar 2026,$17.29,4,$24.00,6,,#N/A,#N/A,,,,$19.50,#N/A,$0.00,#N/A,$0.00,#N/A,LC,NYSE:LC,0.006,$23.05,4.12%
NASDAQ:LCID,15 Dec 2025,$16.47,3,$17.00,3,,$6.08,170.82%,,,,$6.45,6.09%,$0.00,-100.00%,$0.00,-100.00%,LCID,NASDAQ:LCID,-0.569,$12.77,33.12%
NYSE:LDOS,17 Feb 2026,$176.70,3,$202.40,10,,$108.84,62.35%,,,,$103.82,-4.61%,$0.00,-100.00%,$0.00,-100.00%,LDOS,NYSE:LDOS,-0.252,$199.21,1.60%
NASDAQ:LECO,31 May 2024,$190.67,3,,,,$258.43,-26.22%,,,,$268.43,3.87%,$288.70,11.71%,$313.68,21.38%,LECO,NASDAQ:LECO,0.120,$290.44,
NYSE:LEN,21 Feb 2026,$150.73,5,$98.80,4,,$88.21,12.01%,,,,$87.48,-0.83%,$0.00,-100.00%,$0.00,-100.00%,LEN,NYSE:LEN,-0.224,$94.00,5.11%
NYSE:LEN.B,19 Feb 2026,$140.83,5,,,,$86.27,63.24%,,,,$88.95,3.11%,$0.00,-100.00%,$0.00,-100.00%,LEN.B,NYSE:LEN.B,-0.185,,
NASDAQ:LENZ,15 May 2025,$26.93,3,$47.14,9,,$5.89,357.27%,,,,$5.54,-5.94%,$0.85,-85.60%,$0.78,-86.82%,LENZ,NASDAQ:LENZ,-0.582,$39.57,19.13%
NYSEAMERICAN:LEU,23 Dec 2025,$221.63,3,$289.10,9,,$162.13,36.70%,,,,,-100.00%,-$2.00,-101.23%,-$2.00,-101.23%,LEU,NYSE:LEU,-2.000,,
NASDAQ:LFUS,30 Jan 2026,$287.28,3,$366.67,8,,$418.47,-31.35%,,,,$435.82,4.15%,$0.00,-100.00%,$0.00,-100.00%,LFUS,NASDAQ:LFUS,-0.305,$398.00,-7.87%
NASDAQ:LFVN,16 Sep 2025,$9.29,3,,,,$6.22,49.36%,,,,$6.15,-1.13%,$12.72,104.52%,$15.81,154.25%,LFVN,NASDAQ:LFVN,-0.491,$8.00,
NASDAQ:LFWD,4 Dec 2025,$1.24,3,$4.50,,,$8.02,-84.51%,,,,,-100.00%,-$2.00,-124.94%,-$2.00,-124.94%,LFWD,NASDAQ:LFWD,-2.000,,
NASDAQ:LGHL,1 Sep 2025,$2.89,3,,,,$0.33,776.36%,,,,,-100.00%,-$2.00,-706.06%,-$2.00,-706.06%,LGHL,NASDAQ:LGHL,-2.000,,
NASDAQ:LGIH,10 Apr 2026,$71.78,3,$38.00,3,,$62.03,-38.74%,,,,$60.85,-1.90%,$0.00,-100.00%,$0.00,-100.00%,LGIH,NASDAQ:LGIH,-0.405,$67.00,-43.28%
NYSE:LH,19 May 2025,$246.54,3,$276.82,5,,$286.98,-14.09%,,,,$280.10,-2.40%,$0.00,-100.00%,$0.00,-100.00%,LH,NYSE:LH,-0.321,$310.06,-10.72%
NASDAQ:LI,15 Dec 2025,$17.08,1,,1,,$12.02,42.10%,,,,$0.00,-100.00%,$83.21,592.26%,$87.53,628.22%,LI,NASDAQ:LI,-1.000,$21.20,
NASDAQ:LIF,22 Jan 2026,$44.97,2,$89.23,1,,$57.71,-22.08%,,,,$55.53,-3.78%,$78.04,35.23%,$80.27,39.09%,LIF,NASDAQ:LIF,-0.457,$66.37,34.44%
NYSE:LII,26 Aug 2025,$486.80,1,,,,$570.03,-14.60%,,,,$570.88,0.15%,"$1,173.83",105.92%,"$1,237.19",117.04%,LII,NYSE:LII,-0.109,$546.12,
NASDAQ:LIN,8 Jul 2024,$400.00,0,,,,$546.64,-26.83%,,,,$555.60,1.64%,$672.11,22.95%,$814.34,48.97%,LIN,NASDAQ:LIN,0.485,$516.41,
NASDAQ:LITE,2 Feb 2026,$174.97,1,,,,$728.32,-75.98%,,,,$848.74,16.53%,$0.00,-100.00%,$0.00,-100.00%,LITE,NASDAQ:LITE,-0.077,$904.89,
NASDAQ:LIVN,11 Dec 2025,$69.34,3,$65.83,9,,$83.62,-21.27%,,,,$81.79,-2.19%,$127.66,52.67%,$146.06,74.67%,LIVN,NASDAQ:LIVN,-0.414,$79.18,-16.86%
NASDAQ:LKFN,19 Nov 2025,$61.67,3,,,,$62.40,-1.17%,,,,$64.19,2.87%,$0.00,-100.00%,$0.00,-100.00%,LKFN,NASDAQ:LKFN,0.029,$65.50,
NASDAQ:LKQ,15 May 2025,$47.72,5,$53.00,8,,$26.55,79.73%,,,,$26.42,-0.49%,$0.00,-100.00%,$0.00,-100.00%,LKQ,NASDAQ:LKQ,-0.135,$40.81,29.87%
NYSE:LMT,23 Dec 2025,$488.93,3,$524.93,7,,$545.91,-10.44%,,,,$538.71,-1.32%,$734.08,34.47%,$811.30,48.61%,LMT,NYSE:LMT,0.397,$668.00,-21.42%
NYSE:LOB,18 Nov 2025,$45.74,3,$42.50,4,,$41.05,3.53%,,,,$40.89,-0.39%,-$175.76,-528.17%,-$168.38,-510.18%,LOB,NYSE:LOB,-0.187,$44.00,-3.41%
NYSE:LOMA,16 Dec 2025,$12.58,3,,7,,$11.76,6.97%,,,,$11.16,-5.10%,$19.70,67.53%,$27.73,135.78%,LOMA,NYSE:LOMA,-0.058,$14.90,
NASDAQ:LOVE,30 Aug 2023,$33.25,3,,,,$17.49,90.09%,,,,$16.36,-6.46%,$0.00,-100.00%,$0.00,-100.00%,LOVE,NASDAQ:LOVE,-0.546,$24.17,
NASDAQ:LPRO,23 Aug 2025,$2.92,3,$2.58,2,,$3.11,-17.04%,,,,$3.12,0.32%,$5.63,81.02%,$5.90,89.77%,LPRO,NASDAQ:LPRO,-0.319,$2.38,8.40%
NASDAQ:LPTH,29 Jan 2026,$6.12,3,$12.67,8,,$14.56,-57.96%,,,,$15.45,6.11%,$17.72,21.68%,"$2,564.35",17512.28%,LPTH,NASDAQ:LPTH,-0.233,$15.10,-16.09%
NYSE:LPX,9 May 2025,$89.40,3,,,,$79.31,12.72%,,,,$79.21,-0.13%,$112.76,42.18%,$93.78,18.24%,LPX,NYSE:LPX,-0.011,$94.75,
NASDAQ:LQDT,23 Dec 2025,$37.03,4,$41.00,3,,$38.36,-3.46%,,,,$38.10,-0.68%,$65.18,69.93%,$68.85,79.49%,LQDT,NASDAQ:LQDT,-0.592,$43.00,-4.65%
NASDAQ:LRCX,17 Jul 2024,$725.21,1,,,,$351.41,106.37%,,,,$428.91,22.05%,$0.00,-100.00%,$0.00,-100.00%,LRCX,NASDAQ:LRCX,0.520,$310.47,
NASDAQ:LSCC,19 Jan 2026,$69.35,1,$83.73,10,,$136.53,-49.21%,,,,$141.03,3.30%,$0.00,-100.00%,$0.00,-100.00%,LSCC,NASDAQ:LSCC,-0.745,$145.00,-42.26%
NYSE:LSPD,11 Sep 2025,$13.68,3,$15.02,6,,$10.80,26.68%,,,,$10.55,-2.31%,$17.05,57.91%,$44.23,309.53%,LSPD,NYSE:LSPD,-0.582,$12.88,16.61%
NASDAQ:LTBR,25 Aug 2025,$13.94,3,,,,$8.64,61.32%,,,,$8.71,0.81%,$14.27,65.13%,$14.27,65.13%,LTBR,NASDAQ:LTBR,-0.414,$10.50,
NYSE:LTH,15 Aug 2025,$22.60,2,,,,$40.81,-44.61%,,,,$39.56,-3.06%,$21.94,-46.23%,$20.32,-50.20%,LTH,NYSE:LTH,-0.436,$40.00,
NASDAQ:LTRX,5 Feb 2026,$7.76,3,$7.88,9,,$5.49,41.42%,,,,$6.28,14.39%,$9.29,69.14%,$11.21,104.15%,LTRX,NASDAQ:LTRX,0.333,$9.12,-13.60%
NYSE:LU,1 Sep 2025,$3.43,3,,4,,$1.40,144.71%,,,,$0.00,-100.00%,$0.00,-100.00%,$0.00,-100.00%,LU,NYSE:LU,-1.000,$2.83,
NASDAQ:LUNG,4 Dec 2025,$3.40,3,$4.10,1,,$1.39,144.60%,,,,$1.30,-6.47%,$0.00,-100.00%,$0.00,-100.00%,LUNG,NASDAQ:LUNG,-0.469,$5.17,-20.70%
NYSE:LUXE,26 Mar 2026,$9.82,3,,,,$8.03,22.23%,,,,$7.49,-6.72%,$0.00,-100.00%,$0.00,-100.00%,LUXE,NYSE:LUXE,-0.350,$10.50,
NASDAQ:LWAY,27 Aug 2025,$25.66,2,,,,$30.94,-17.07%,,,,$28.33,-8.44%,$41.90,35.41%,$45.61,47.41%,LWAY,NASDAQ:LWAY,-0.936,$34.50,
NASDAQ:LX,9 Sep 2025,$5.80,3,,7,,$1.91,203.66%,,,,$1.95,2.09%,-$6.12,-420.23%,-$6.12,-420.23%,LX,NASDAQ:LX,-0.614,$4.13,
NYSE:LXFR,11 Nov 2025,$12.33,3,,5,,$17.14,-28.09%,,,,$19.04,11.09%,$0.00,-100.00%,$0.00,-100.00%,LXFR,NYSE:LXFR,0.677,$19.00,
NYSE:LXU,22 Jan 2026,$9.49,3,$10.38,3,,$10.64,-10.81%,,,,$10.72,0.75%,$0.00,-100.00%,$0.00,-100.00%,LXU,NYSE:LXU,-0.041,$14.90,-30.34%
NYSE:LYG,10 Mar 2026,$4.90,3,,5,,$6.06,-19.14%,,,,$5.91,-2.48%,-$32.05,-628.87%,-$45.73,-854.66%,LYG,NYSE:LYG,-0.014,$5.90,
NASDAQ:LYTS,5 Feb 2026,$23.01,3,$29.33,7,,$25.59,-10.09%,,,,$27.87,8.91%,$63.20,146.95%,$69.18,170.35%,LYTS,NASDAQ:LYTS,0.477,$30.50,-3.84%
NYSE:LZM,28 Oct 2025,$7.28,3,$8.00,6,,$3.73,95.17%,,,,$3.72,-0.27%,$0.00,-100.00%,$0.00,-100.00%,LZM,NYSE:LZM,-0.616,$8.93,-10.41%
NYSE:M,17 Nov 2023,$28.11,3,,,,$23.25,20.92%,,,,$24.09,3.61%,$0.00,-100.00%,$0.00,-100.00%,M,NYSE:M,0.097,$19.40,
NYSE:MAA,18 Sep 2025,$156.08,4,$158.89,4,,$142.19,9.77%,,,,$146.09,2.74%,$143.76,1.11%,$197.82,39.12%,MAA,NYSE:MAA,0.411,$142.69,11.35%
NASDAQ:MAPS,9 Feb 2026,$1.32,3,,2,,#N/A,#N/A,,,,,#N/A,-$2.00,#N/A,-$2.00,#N/A,MAPS,NASDAQ:MAPS,-2.000,,
NASDAQ:MAR,23 Dec 2025,$276.62,2,$301.75,6,,$372.95,-25.83%,,,,$379.03,1.63%,$386.01,3.50%,$420.13,12.65%,MAR,NASDAQ:MAR,0.005,$371.88,-18.86%
NYSE:MAS,9 Apr 2026,$74.88,5,$77.30,2,,$82.77,-9.53%,,,,$81.09,-2.03%,$126.46,52.79%,$134.09,62.01%,MAS,NYSE:MAS,-0.188,$77.84,-0.69%
NASDAQ:MASI,11 Dec 2025,$144.64,3,$188.40,8,,#N/A,#N/A,,,,$0.00,#N/A,$212.96,#N/A,$228.02,#N/A,MASI,NASDAQ:MASI,-1.000,$180.00,4.67%
NASDAQ:MASS,16 Dec 2025,$6.35,3,$8.00,6,,$8.69,-26.93%,,,,$8.69,0.00%,$8.89,2.27%,$10.86,24.97%,MASS,NASDAQ:MASS,-0.378,$10.00,-20.00%
NASDAQ:MAT,18 May 2026,$22.83,3,$16.20,6,,$13.34,21.44%,,,,$13.72,2.85%,$85.85,543.53%,$87.28,554.31%,MAT,NASDAQ:MAT,-0.412,$19.14,-15.36%
NASDAQ:MATW,12 Jun 2025,$31.87,5,,6,,$26.69,19.39%,,,,$28.24,5.81%,$33.24,24.53%,$58.95,120.88%,MATW,NASDAQ:MATW,0.250,$38.00,
NYSE:MATX,24 May 2026,$189.11,3,$213.00,6,,$203.53,-7.08%,,,,$194.24,-4.56%,$254.25,24.92%,$354.76,74.31%,MATX,NYSE:MATX,-0.133,$215.00,-0.93%
NYSE:MAX,23 Aug 2025,$13.82,3,$15.83,3,,$13.43,2.88%,,,,$12.40,-7.67%,$18.91,40.83%,$19.34,44.00%,MAX,NYSE:MAX,-0.483,$13.64,16.06%
NYSE:MBC,24 Dec 2024,$17.00,4,$23.00,4,,$9.88,72.02%,,,,$10.01,1.32%,$14.61,47.86%,$21.57,118.34%,MBC,NYSE:MBC,-0.360,$11.59,98.45%
NYSE:MBI,3 Jan 2025,$6.33,3,$6.75,2,,$6.80,-6.90%,,,,$6.53,-3.97%,-$62.83,-1023.95%,-$62.83,-1023.95%,MBI,NYSE:MBI,-0.490,$7.25,-6.90%
NASDAQ:MBIN,16 Mar 2026,$47.75,3,$48.50,4,,$48.82,-2.19%,,,,$51.32,5.12%,-$209.39,-528.90%,-$208.73,-527.55%,MBIN,NASDAQ:MBIN,0.112,$48.67,-0.35%
NASDAQ:MBWM,24 Mar 2026,$55.58,3,$56.00,6,,$57.81,-3.86%,,,,$57.14,-1.16%,-$240.60,-516.19%,-$234.44,-505.53%,MBWM,NASDAQ:MBWM,-0.088,$56.83,-1.46%
NYSE:MC,24 Oct 2025,$64.64,3,,,,$68.55,-5.70%,,,,$68.81,0.38%,$335.14,388.90%,$338.24,393.43%,MC,NYSE:MC,0.243,$69.20,
NYSE:MCB,18 Nov 2025,$66.26,3,$88.00,4,,$98.53,-32.75%,,,,$99.52,1.00%,-$321.76,-426.56%,-$333.48,-438.45%,MCB,NYSE:MCB,-0.160,$101.33,-13.16%
NASDAQ:MCBS,24 Oct 2025,$30.06,3,$31.00,4,,$36.26,-17.10%,,,,$37.48,3.36%,-$57.40,-258.30%,-$89.92,-347.99%,MCBS,NASDAQ:MCBS,0.000,$33.00,-6.06%
NYSE:MCD,18 Sep 2025,$295.53,3,$322.80,8,,$280.63,5.31%,,,,$264.61,-5.71%,$345.95,23.28%,$401.40,43.03%,MCD,NYSE:MCD,-0.774,$344.55,-6.31%
NASDAQ:MCHP,27 Jan 2026,$69.09,2,$81.39,8,,$84.64,-18.37%,,,,$93.88,10.92%,$107.51,27.02%,$124.85,47.50%,MCHP,NASDAQ:MCHP,0.383,$87.92,-7.43%
NYSE:MCK,23 Aug 2024,$496.23,2,,,,$786.30,-36.89%,,,,$792.91,0.84%,$745.98,-5.13%,$788.92,0.33%,MCK,NYSE:MCK,0.363,$990.87,
NYSE:MCO,16 Sep 2025,$491.12,3,,,,$490.51,0.12%,,,,$451.75,-7.90%,$692.08,41.09%,$739.40,50.74%,MCO,NYSE:MCO,-0.155,$534.05,
NYSE:MD,2 May 2025,$17.20,4,$18.10,6,,$26.76,-35.72%,,,,$25.97,-2.95%,$95.88,258.29%,$100.83,276.81%,MD,NYSE:MD,0.238,$22.17,-18.36%
NYSE:MDT,14 Jan 2026,$99.63,3,$111.63,6,,$83.19,19.76%,,,,$78.90,-5.16%,$0.00,-100.00%,$0.00,-100.00%,MDT,NYSE:MDT,-0.354,$109.08,2.34%
NASDAQ:MDWD,1 Sep 2025,$18.47,3,$30.00,4,,$15.16,21.84%,,,,$14.21,-6.27%,$8.82,-41.85%,$9.12,-39.84%,MDWD,NASDAQ:MDWD,-0.923,$31.33,-4.25%
NYSE:MED,23 Dec 2025,$14.30,3,,4,,$10.96,30.52%,,,,$0.00,-100.00%,$103.95,848.48%,$119.65,991.69%,MED,NYSE:MED,-1.000,$12.00,
NYSE:MEI,19 Mar 2025,$11.38,3,$11.50,4,,$15.30,-25.59%,,,,$19.22,25.62%,$0.00,-100.00%,$0.00,-100.00%,MEI,NYSE:MEI,0.235,$8.25,39.39%
NASDAQ:MELI,29 Aug 2025,"$2,075.00",2,,,,"$1,763.36",17.67%,,,,"$1,702.56",-3.45%,"$7,035.29",298.97%,"$7,343.34",316.44%,MELI,NASDAQ:MELI,-0.613,"$2,439.88",
NASDAQ:MERC,9 Apr 2025,$9.51,3,$7.00,5,,$0.78,797.44%,,,,,-100.00%,-$2.00,-356.41%,-$2.00,-356.41%,MERC,NASDAQ:MERC,-2.000,,
NASDAQ:MESO,11 Dec 2025,$18.44,3,,,,$14.38,28.23%,,,,,-100.00%,-$2.00,-113.91%,-$2.00,-113.91%,MESO,NASDAQ:MESO,-2.000,,
NASDAQ:META,19 Jul 2024,$436.35,2,,,,$582.90,-25.14%,,,,$600.96,3.10%,"$1,016.77",74.43%,"$1,179.81",102.40%,META,NASDAQ:META,-0.170,$855.76,
NASDAQ:METC,16 Jun 2025,$18.15,3,$13.00,2,,$12.95,0.39%,,,,$14.20,9.65%,$22.67,75.04%,$36.23,179.74%,METC,NASDAQ:METC,0.006,$28.00,-53.57%
NYSE:MFG,19 Nov 2025,$6.09,2,,,,$9.94,-38.73%,,,,$10.06,1.21%,-$95.57,-1061.50%,-$92.76,-1033.24%,MFG,NYSE:MFG,0.196,$9.00,
NASDAQ:MGEE,29 Jan 2025,$79.73,3,$76.50,7,,$84.23,-9.18%,,,,$81.83,-2.85%,$0.00,-100.00%,$0.00,-100.00%,MGEE,NASDAQ:MGEE,-0.044,$78.50,-2.55%
NASDAQ:MGNX,23 Dec 2025,$2.57,3,$3.00,2,,$4.71,-45.34%,,,,$4.45,-5.52%,$19.25,308.69%,$20.31,331.20%,MGNX,NASDAQ:MGNX,-0.655,$6.00,-50.00%
NASDAQ:MGPI,19 Jun 2025,$49.20,3,$38.50,6,,$16.98,126.74%,,,,$16.96,-0.12%,$47.45,179.47%,$62.66,269.01%,MGPI,NASDAQ:MGPI,-0.035,$28.80,33.68%
NYSE:MGY,27 Jan 2026,$27.84,4,$26.85,6,,$25.20,6.55%,,,,$26.69,5.91%,$36.87,46.30%,$60.62,140.54%,MGY,NYSE:MGY,0.490,$33.89,-20.77%
NYSE:MHO,18 Mar 2026,$159.41,5,$165.00,4,,$156.84,1.64%,,,,$157.15,0.20%,$0.00,-100.00%,$0.00,-100.00%,MHO,NYSE:MHO,-0.313,$160.00,3.13%
NASDAQ:MIDD,28 Apr 2026,$161.75,5,$180.00,6,,$175.12,-7.64%,,,,$171.45,-2.10%,$302.50,72.74%,$316.69,80.84%,MIDD,NASDAQ:MIDD,-0.377,$185.25,-2.83%
NYSE:MIR,19 Nov 2025,$18.40,2,$31.83,9,,$17.38,5.85%,,,,$18.76,7.94%,$0.00,-100.00%,$0.00,-100.00%,MIR,NYSE:MIR,0.017,$27.90,14.09%
NASDAQ:MITK,27 Jan 2026,$157.37,5,$14.67,9,,$19.21,-23.63%,,,,$19.99,4.06%,$0.00,-100.00%,$0.00,-100.00%,MITK,NASDAQ:MITK,-0.615,$15.75,-6.86%
NYSE:MKC,23 Dec 2025,$74.06,5,$78.11,5,,$53.45,38.56%,,,,$50.78,-5.00%,$0.00,-100.00%,$0.00,-100.00%,MKC,NYSE:MKC,-0.595,$62.69,24.60%
NASDAQ:MKSI,30 Jan 2026,$186.47,1,$225.25,10,,$365.56,-48.99%,,,,$438.87,20.05%,$384.75,5.25%,$439.54,20.24%,MKSI,NASDAQ:MKSI,0.263,$304.17,-25.95%
NASDAQ:MKTX,23 Aug 2025,$211.29,4,$232.14,4,,$116.53,81.32%,,,,$120.09,3.06%,$255.07,118.89%,$279.23,139.62%,MKTX,NASDAQ:MKTX,0.265,$195.45,18.77%
NASDAQ:MLKN,20 Sep 2024,$28.93,3,,,,$21.42,35.07%,,,,$20.47,-4.44%,$0.00,-100.00%,$0.00,-100.00%,MLKN,NASDAQ:MLKN,-0.324,$32.00,
NYSE:MNR,22 Jan 2026,$25.78,3,$20.00,7,,$12.60,58.73%,,,,$12.94,2.70%,$0.00,-100.00%,$0.00,-100.00%,MNR,NYSE:MNR,0.044,$19.14,4.49%
NASDAQ:MNRO,6 Jun 2025,$30.40,3,$17.67,8,,$17.21,2.67%,,,,$16.86,-2.03%,$5.93,-65.56%,$33.54,94.88%,MNRO,NASDAQ:MNRO,-0.575,$25.62,-31.03%
NYSE:MNSO,1 Sep 2025,$24.84,3,$26.94,8,,$11.72,111.91%,,,,$11.95,1.96%,$0.00,-100.00%,$0.00,-100.00%,MNSO,NYSE:MNSO,-0.488,$23.29,15.67%
NYSE:MO,17 Mar 2026,$65.79,3,$68.00,4,,$72.71,-9.51%,,,,$73.62,1.25%,$0.00,-100.00%,$0.00,-100.00%,MO,NYSE:MO,0.014,$69.00,-1.45%
NASDAQ:MOFG,2 Oct 2025,$33.83,3,$34.50,5,,#N/A,#N/A,,,,,#N/A,-$2.00,#N/A,-$2.00,#N/A,MOFG,NASDAQ:MOFG,-2.000,,
NYSE:MOS,23 Dec 2025,$27.76,5,$33.54,7,,$21.13,31.35%,,,,$21.24,0.52%,$0.00,-100.00%,$0.00,-100.00%,MOS,NYSE:MOS,-0.170,$29.80,12.55%
NYSE:MOV,26 Mar 2026,$28.60,4,$30.75,7,,$37.61,-23.97%,,,,$38.32,1.89%,$0.00,-100.00%,$0.00,-100.00%,MOV,NYSE:MOV,-0.091,$30.75,0.00%
NASDAQ:MPB,19 Mar 2026,$32.84,3,$37.00,7,,$35.18,-6.65%,,,,$31.39,-10.77%,-$163.69,-565.29%,-$144.68,-511.27%,MPB,NASDAQ:MPB,-0.188,$36.50,1.37%
NYSE:MPLX,16 Jun 2026,$55.67,1,,,2.83,$57.16,-2.61%,-2.61%,$55.67,$60.07,$58.80,2.87%,$86.86,51.97%,$110.51,93.33%,MPLX,NYSE:MPLX,0.628,$60.07,
NYSEAMERICAN:MPTI,11 Feb 2026,$62.49,,,6,,$91.02,-31.34%,,,,$106.87,17.41%,$139.55,53.32%,$144.04,58.25%,MPTI,NYSEAMERICAN:MPTI,0.143,$81.50,
NASDAQ:MPWR,26 Jan 2026,$897.84,2,,,,"$1,288.16",-30.30%,,,,"$1,431.80",11.15%,"$1,448.05",12.41%,"$1,467.42",13.92%,MPWR,NASDAQ:MPWR,0.527,"$1,389.00",
NASDAQ:MRAM,19 Jan 2026,$10.62,3,$10.50,8,,$19.14,-45.14%,,,,$23.83,24.50%,$27.91,45.80%,$29.05,51.77%,MRAM,NASDAQ:MRAM,0.054,$18.00,-41.67%
NASDAQ:MRVL,15 Jan 2026,$93.91,4,$119.56,10,,$245.29,-61.71%,,,,$275.33,12.25%,$0.00,-100.00%,$0.00,-100.00%,MRVL,NASDAQ:MRVL,-0.009,$126.44,-5.44%
NASDAQ:MRX,10 Sep 2025,$29.58,2,,,,$62.52,-52.69%,,,,$68.63,9.77%,$49.85,-20.27%,$57.07,-8.72%,MRX,NASDAQ:MRX,0.412,$55.00,
NYSE:MS,27 Aug 2025,$131.18,2,,,,$213.93,-38.68%,,,,$218.70,2.23%,$0.00,-100.00%,$0.00,-100.00%,MS,NYSE:MS,0.347,$195.14,
NYSE:MSB,1 Sep 2025,$30.89,1,,,,$25.59,20.71%,,,,,-100.00%,-$2.00,-107.82%,-$2.00,-107.82%,MSB,NYSE:MSB,-2.000,,
NASDAQ:MSBI,2 Oct 2025,$21.79,3,$20.67,3,,$30.35,-31.89%,,,,$30.66,1.02%,$0.00,-100.00%,$0.00,-100.00%,MSBI,NASDAQ:MSBI,-0.567,$23.62,-12.49%
NYSE:MSCI,24 Oct 2025,$568.24,3,,,,$603.11,-5.78%,,,,$567.67,-5.88%,$0.00,-100.00%,$0.00,-100.00%,MSCI,NYSE:MSCI,-0.277,$685.44,
NASDAQ:MSFT,26 Jan 2026,$49.22,3,,,,$390.49,-87.40%,,,,$375.50,-3.84%,$0.00,-100.00%,$0.00,-100.00%,MSFT,NASDAQ:MSFT,-0.419,$559.85,
NYSE:MSI,2 Feb 2026,$451.69,3,$462.25,8,,$422.66,6.87%,,,,$416.41,-1.48%,$0.00,-100.00%,$0.00,-100.00%,MSI,NYSE:MSI,-0.259,$505.45,-8.55%
NASDAQ:MSTR,9 Feb 2026,$240.05,3,$361.73,4,,$100.77,138.22%,,,,$80.49,-20.13%,$0.00,-100.00%,$0.00,-100.00%,MSTR,NASDAQ:MSTR,-0.991,$380.50,-4.93%
NYSE:MT,29 Apr 2026,$53.35,2,$66.60,9,,$63.40,-15.84%,,,,$61.35,-3.23%,$0.00,-100.00%,$0.00,-100.00%,MT,NYSE:MT,0.019,$65.60,1.52%
NYSE:MTB,20 Oct 2025,$182.98,3,$219.71,4,,$238.88,-23.40%,,,,$239.14,0.11%,$0.00,-100.00%,$0.00,-100.00%,MTB,NYSE:MTB,-0.144,$233.76,-6.01%
NYSE:MTDR,19 Aug 2025,$64.64,3,$62.88,4,,$50.18,25.31%,,,,$51.68,2.99%,$33.05,-34.13%,$73.23,45.93%,MTDR,NYSE:MTDR,0.434,$72.47,-13.23%
NYSE:MTG,16 Jul 2024,$24.62,3,,,,$28.23,-12.79%,,,,$28.85,2.20%,$64.61,128.89%,$64.99,130.21%,MTG,NYSE:MTG,0.068,$28.67,
NASDAQ:MTRX,23 Jan 2026,$15.94,3,,1,,$12.53,27.19%,,,,$13.99,11.65%,$14.16,12.98%,$17.52,39.79%,MTRX,NASDAQ:MTRX,0.035,$20.00,
NASDAQ:MTSI,27 Jan 2026,$193.58,2,$204.75,8,,$322.26,-39.93%,,,,$351.80,9.17%,$0.00,-100.00%,$0.00,-100.00%,MTSI,NASDAQ:MTSI,-0.119,$281.14,-27.17%
NYSE:MTW,20 Sep 2024,$13.92,3,,,,$12.52,11.18%,,,,$12.94,3.35%,$76.05,507.39%,$99.80,697.12%,MTW,NYSE:MTW,-0.474,$10.50,
NYSE:MTZ,4 Sep 2024,$99.99,3,,,,$373.43,-73.22%,,,,$387.55,3.78%,$0.00,-100.00%,$0.00,-100.00%,MTZ,NYSE:MTZ,-0.120,$448.28,
NYSE:MUFG,21 Oct 2025,$13.65,3,,10,,$20.61,-33.77%,,,,$20.77,0.78%,-$153.00,-842.38%,-$153.00,-842.38%,MUFG,NYSE:MUFG,0.221,$17.47,
NYSE:MUX,20 Aug 2025,$12.92,3,$15.83,6,,$18.90,-31.62%,,,,$19.22,1.69%,$17.02,-9.94%,$20.71,9.58%,MUX,NYSE:MUX,0.132,$31.70,-50.06%
NASDAQ:MVIS,5 Feb 2026,$1.11,4,,1,,$0.38,193.18%,,,,$0.43,13.16%,-$0.15,-138.22%,-$0.09,-123.88%,MVIS,NASDAQ:MVIS,0.430,$2.00,
NYSE:MWA,13 Nov 2025,$22.51,2,$27.20,1,,$24.97,-9.86%,,,,$26.59,6.49%,$0.00,-100.00%,$0.00,-100.00%,MWA,NYSE:MWA,0.339,$31.60,-13.92%
NYSE:MX,9 Feb 2026,$4.11,3,,3,,$4.12,-0.24%,,,,$4.51,9.47%,$9.72,135.93%,$14.85,260.54%,MX,NYSE:MX,-0.186,$4.00,
NASDAQ:MXCT,23 Dec 2025,$2.30,3,$6.84,,,$1.22,88.20%,,,,$1.20,-1.64%,$0.44,-63.79%,$1.16,-5.19%,MXCT,NASDAQ:MXCT,-0.526,$4.11,66.42%
NASDAQ:MXL,19 Jan 2026,$27.04,4,$22.00,4,,$93.12,-76.37%,,,,$122.90,31.98%,$112.19,20.48%,$118.77,27.54%,MXL,NASDAQ:MXL,0.162,$21.55,2.09%
NYSEAMERICAN:MYO,16 Dec 2025,$1.00,1,,,,$1.03,-2.91%,,,,$1.02,-0.97%,$3.91,279.68%,$4.69,355.63%,MYO,NYSEAMERICAN:MYO,-0.620,$4.32,
NASDAQ:MYRG,25 Sep 2024,$129.33,3,,,,$433.01,-70.13%,,,,$498.84,15.20%,$0.00,-100.00%,$0.00,-100.00%,MYRG,NASDAQ:MYRG,0.009,$368.00,
NYSE:NABL,5 Feb 2026,$8.30,3,$9.65,5,,$4.11,101.85%,,,,$3.78,-8.03%,$6.90,67.89%,$9.95,142.13%,NABL,NYSE:NABL,-0.256,$6.95,38.85%
NYSEAMERICAN:NAK,3 Sep 2025,$1.18,,$2.50,4,,$1.86,-36.56%,,,,$1.78,-4.30%,$1.69,-9.38%,$1.69,-9.35%,NAK,NYSEAMERICAN:NAK,-0.682,$2.53,-1.19%
NASDAQ:NAVI,23 Aug 2025,$18.59,4,$13.20,6,,$8.61,53.31%,,,,$8.89,3.25%,$0.00,-100.00%,$0.00,-100.00%,NAVI,NASDAQ:NAVI,0.011,$9.44,39.83%
NASDAQ:NB,12 Aug 2025,$5.09,3,,,,$4.74,7.30%,,,,$4.68,-1.27%,$6.28,32.50%,$6.28,32.51%,NB,NASDAQ:NB,-0.789,$11.18,
NASDAQ:NBBK,28 Nov 2025,$21.28,3,$22.00,9,,$21.14,0.66%,,,,$21.07,-0.33%,-$83.27,-493.88%,-$103.07,-587.56%,NBBK,NASDAQ:NBBK,-0.406,$24.50,-10.20%
NYSE:NBHC,6 Oct 2025,$47.71,4,$44.75,5,,$44.51,0.54%,,,,$44.95,0.99%,-$113.13,-354.18%,-$99.57,-323.71%,NBHC,NYSE:NBHC,-0.266,$46.00,-2.72%
NASDAQ:NBN,27 May 2026,$126.48,3,$130.50,8,,$134.48,-5.95%,,,,$133.77,-0.53%,-$204.67,-252.20%,-$198.24,-247.42%,NBN,NASDAQ:NBN,-0.186,$126.50,3.16%
NASDAQ:NBTB,2 Oct 2025,$49.04,3,$50.67,4,,$50.08,-2.08%,,,,$49.83,-0.50%,-$152.51,-404.53%,-$165.83,-431.13%,NBTB,NASDAQ:NBTB,-0.093,$48.83,3.77%
NASDAQ:NCNA,7 Jul 2025,$0.15,3,,,,$1.36,-89.34%,,,,,-100.00%,-$2.00,-247.06%,-$2.00,-247.06%,NCNA,NASDAQ:NCNA,-2.000,,
NASDAQ:NECB,2 Oct 2025,$25.63,3,$25.00,2,,$27.61,-9.45%,,,,$28.03,1.52%,-$35.63,-229.03%,-$34.14,-223.64%,NECB,NASDAQ:NECB,-0.122,$28.25,-11.50%
NYSE:NEM,21 Jul 2025,$58.12,3,$67.81,10,,$97.04,-40.11%,,,,$92.17,-5.02%,$0.00,-100.00%,$0.00,-100.00%,NEM,NYSE:NEM,-0.470,$144.01,-52.91%
NASDAQ:NEO,2 Sep 2025,$7.13,3,$9.83,6,,$15.16,-52.95%,,,,$14.46,-4.62%,$0.00,-100.00%,$0.00,-100.00%,NEO,NASDAQ:NEO,-0.593,$15.06,-34.73%
NYSE:NET,22 Jan 2026,$169.89,3,$246.25,6,,$242.41,-29.92%,,,,$247.26,2.00%,$251.06,3.57%,$267.07,10.17%,NET,NYSE:NET,-0.084,$231.85,6.21%
NASDAQ:NEWT,19 Nov 2025,$11.21,4,$14.38,4,,$14.57,-23.06%,,,,$14.80,1.58%,$0.00,-100.00%,$0.00,-100.00%,NEWT,NASDAQ:NEWT,-0.207,$16.50,-12.85%
NASDAQ:NFLX,8 Jul 2024,$571.61,2,,,,$77.65,636.14%,,,,$73.27,-5.64%,$0.00,-100.00%,$0.00,-100.00%,NFLX,NASDAQ:NFLX,-0.067,$114.46,
NYSE:NGG,19 Sep 2025,$70.94,3,$78.00,8,,$82.85,-14.38%,,,,,-100.00%,-$2.00,-102.41%,-$2.00,-102.41%,NGG,NYSE:NGG,-2.000,,
NYSE:NGL,22 Jan 2026,$10.10,1,,,,$15.19,-33.51%,,,,$16.33,7.50%,$11.14,-26.68%,$48.22,217.42%,NGL,NYSE:NGL,0.264,$5.00,
NYSE:NGVC,20 Mar 2026,$44.77,3,,4,,$32.60,37.32%,,,,$33.04,1.35%,$47.31,45.12%,$71.21,118.44%,NGVC,NYSE:NGVC,0.021,$43.33,
NYSE:NGVT,2 Oct 2025,$58.97,4,$60.67,7,,$72.49,-18.65%,,,,$77.17,6.46%,$127.23,75.52%,$168.95,133.07%,NGVT,NYSE:NGVT,0.367,$80.50,-24.63%
NYSE:NIC,2 Oct 2025,$118.87,3,$139.67,4,,$166.72,-28.70%,,,,$165.44,-0.77%,$0.00,-100.00%,$0.00,-100.00%,NIC,NYSE:NIC,-0.520,$176.60,-20.91%
NASDAQ:NICE,11 Feb 2026,$180.97,3,$158.57,6,,$96.74,63.91%,,,,$92.87,-4.00%,$287.68,197.38%,$359.21,271.32%,NICE,NASDAQ:NICE,-0.654,$148.86,6.52%
NYSE:NIO,15 Dec 2025,$5.32,3,$6.36,6,,$4.79,11.09%,,,,$0.00,-100.00%,-$1.34,-127.87%,$2.82,-41.12%,NIO,NYSE:NIO,-1.000,$6.59,-3.49%
NASDAQ:NIU,15 Dec 2025,$4.01,4,,5,,$2.03,97.60%,,,,,-100.00%,-$2.00,-198.52%,-$2.00,-198.52%,NIU,NASDAQ:NIU,-2.000,,
NYSE:NKE,26 Mar 2026,$81.79,5,$73.31,3,,$44.09,66.27%,,,,$39.69,-9.98%,$0.00,-100.00%,$0.00,-100.00%,NKE,NYSE:NKE,-0.690,$62.37,17.54%
NYSE:NLOP,14 Jan 2026,$25.14,4,,6,,$11.16,125.26%,,,,$12.19,9.23%,$101.46,809.17%,$143.60,1186.70%,NLOP,NYSE:NLOP,0.910,$46.00,
NASDAQ:NMFC,10 Jun 2024,$13.42,3,,,,$7.15,87.69%,,,,$7.20,0.70%,$0.00,-100.00%,$0.00,-100.00%,NMFC,NASDAQ:NMFC,-0.284,$8.50,
NASDAQ:NMIH,6 Mar 2024,$30.63,3,,,,$41.04,-25.36%,,,,$41.08,0.10%,$0.00,-100.00%,$0.00,-100.00%,NMIH,NASDAQ:NMIH,-0.098,$46.29,
NYSE:NMM,5 Mar 2026,$85.02,4,,,,$72.47,17.32%,,,,$71.24,-1.70%,$19.76,-72.74%,$73.41,1.30%,NMM,NYSE:NMM,-0.055,$86.33,
NYSE:NMR,15 Oct 2025,$6.87,3,,7,,$9.06,-24.17%,,,,$9.23,1.88%,"$2,641.86",29059.56%,"$2,812.83",30946.72%,NMR,NYSE:NMR,0.148,$9.37,
NASDAQ:NNE,28 Oct 2025,$34.69,3,,,,$20.03,73.19%,,,,$20.50,2.35%,-$81.61,-507.43%,-$74.77,-473.29%,NNE,NASDAQ:NNE,-0.475,$46.67,
NYSE:NNN,16 Sep 2025,$49.73,5,$44.93,5,,$47.53,-5.47%,,,,$48.11,1.22%,$0.00,-100.00%,$0.00,-100.00%,NNN,NYSE:NNN,0.386,$45.63,-1.53%
NYSE:NOA,30 Jun 2026,$18.57,5,$18.64,7,4.12,$12.91,43.84%,43.84%,$18.57,$25.09,$13.59,5.27%,$0.00,-100.00%,$0.00,-100.00%,NOA,NYSE:NOA,0.319,$25.09,-25.71%
NYSE:NOG,19 Sep 2025,$38.23,3,$30.29,2,,$17.95,68.75%,,,,$18.86,5.07%,$0.00,-100.00%,$0.00,-100.00%,NOG,NYSE:NOG,0.467,$36.10,-16.09%
NYSE:NOK,28 Jan 2026,$6.27,3,$7.69,8,,$12.07,-48.06%,,,,$13.38,10.85%,$12.71,5.28%,$15.03,24.52%,NOK,NYSE:NOK,0.214,$8.70,-11.61%
NYSE:NOMD,27 Apr 2026,$15.76,3,$12.80,5,,$11.42,12.08%,,,,$11.04,-3.33%,$22.13,93.80%,$30.04,163.08%,NOMD,NYSE:NOMD,-0.361,$13.07,-2.07%
NYSE:NOTE,13 Nov 2025,$4.93,3,$6.00,4,,#N/A,#N/A,,,,,#N/A,-$2.00,#N/A,-$2.00,#N/A,NOTE,NYSE:NOTE,-2.000,,
NYSE:NOV,21 Jul 2025,$17.42,3,$15.75,4,,$18.02,-12.60%,,,,$19.30,7.10%,$51.33,184.87%,$61.14,239.32%,NOV,NYSE:NOV,0.734,$20.55,-23.36%
NASDAQ:NOVT,30 Jan 2026,$158.93,3,$138.00,6,,$161.72,-14.67%,,,,$169.70,4.93%,$171.90,6.30%,$190.13,17.56%,NOVT,NASDAQ:NOVT,0.099,$157.00,-12.10%
NASDAQ:NPCE,11 Dec 2025,$17.05,3,$18.40,5,,$16.14,5.67%,,,,$15.57,-3.53%,$12.94,-19.85%,$13.53,-16.18%,NPCE,NASDAQ:NPCE,-0.446,$19.88,-7.44%
NYSE:NPO,29 Oct 2025,$196.10,1,$245.00,5,,$335.50,-41.55%,,,,$383.64,14.35%,$403.21,20.18%,$453.67,35.22%,NPO,NYSE:NPO,0.306,$300.00,-18.33%
NYSE:NPWR,11 Nov 2025,$5.54,3,$4.00,3,,$1.65,142.42%,,,,$1.66,0.61%,-$0.13,-108.15%,$6.95,321.34%,NPWR,NYSE:NPWR,-0.216,$6.62,-39.58%
NYSE:NRG,18 Sep 2025,$102.90,1,,,,$136.70,-24.73%,,,,$149.68,9.50%,$0.00,-100.00%,$0.00,-100.00%,NRG,NYSE:NRG,0.359,$201.47,
NASDAQ:NRIM,27 May 2026,$24.39,3,,6,,$27.12,-10.07%,,,,$28.44,4.87%,$0.00,-100.00%,$0.00,-100.00%,NRIM,NASDAQ:NRIM,0.137,$31.00,
NYSE:NSA,19 Aug 2025,$45.71,3,$33.59,2,,$46.04,-27.04%,,,,$46.34,0.65%,$0.00,-100.00%,$0.00,-100.00%,NSA,NYSE:NSA,0.178,$38.59,-12.96%
NYSE:NSC,31 May 2024,$224.71,3,,,,$322.71,-30.37%,,,,$316.75,-1.85%,$264.41,-18.07%,$315.76,-2.15%,NSC,NYSE:NSC,-0.100,$311.21,
NASDAQ:NSIT,11 Feb 2026,$144.78,3,$100.00,6,,$113.34,-11.77%,,,,$118.02,4.13%,$0.00,-100.00%,$0.00,-100.00%,NSIT,NASDAQ:NSIT,-0.678,$101.25,-1.23%
NASDAQ:NTCT,19 Jan 2026,$29.00,3,$32.00,8,,$40.93,-29.15%,,,,$42.48,3.79%,$95.48,133.27%,$111.22,171.73%,NTCT,NASDAQ:NTCT,-0.493,$33.71,-5.07%
NASDAQ:NTGR,5 Feb 2026,$23.48,3,,,,$21.50,9.20%,,,,$23.82,10.79%,$0.00,-100.00%,$0.00,-100.00%,NTGR,NASDAQ:NTGR,0.010,$35.00,
NASDAQ:NTLA,20 Nov 2025,$23.74,3,$15.97,5,,$17.56,-9.05%,,,,$16.35,-6.89%,$0.00,-100.00%,$0.00,-100.00%,NTLA,NASDAQ:NTLA,-0.848,$26.80,-40.41%
NYSE:NU,21 Oct 2025,$17.44,3,$17.38,9,,$13.61,27.70%,,,,$13.31,-2.20%,$9.03,-33.68%,$9.39,-31.01%,NU,NYSE:NU,-0.340,$19.87,-12.53%
NYSE:NUE,20 Aug 2024,$172.03,4,,,,$220.75,-22.07%,,,,$215.56,-2.35%,$0.00,-100.00%,$0.00,-100.00%,NUE,NYSE:NUE,-0.342,$232.71,
NASDAQ:NVA,11 Dec 2025,$9.58,3,,7,,#N/A,#N/A,,,,$4.53,#N/A,$0.00,#N/A,$0.00,#N/A,NVA,NASDAQ:NVA,-0.722,$10.00,
NASDAQ:NVAX,23 Dec 2025,$9.60,3,$10.00,6,,$9.74,-1.42%,,,,$9.19,-5.65%,$50.85,422.10%,$53.76,452.00%,NVAX,NASDAQ:NVAX,-0.668,$14.00,-28.57%
NASDAQ:NVCR,11 Dec 2025,$13.87,3,$27.00,2,,$17.20,-19.36%,,,,$15.17,-11.80%,$0.00,-100.00%,$0.00,-100.00%,NVCR,NASDAQ:NVCR,-0.636,$26.29,2.70%
NASDAQ:NVDA,4 Jan 2026,$195.15,3,$262.79,8,,$194.83,0.16%,,,,$204.52,4.97%,$0.00,-100.00%,$0.00,-100.00%,NVDA,NASDAQ:NVDA,0.272,$269.17,-2.37%
NASDAQ:NVEC,19 Jan 2026,$71.83,4,,2,,$98.22,-26.87%,,,,$114.12,16.19%,$133.89,36.31%,$134.64,37.08%,NVEC,NASDAQ:NVEC,0.527,$79.00,
NASDAQ:NVMI,24 Oct 2025,$305.31,3,$328.75,7,,$470.14,-35.06%,,,,$505.74,7.57%,$580.82,23.54%,$595.90,26.75%,NVMI,NASDAQ:NVMI,-0.074,$497.25,-33.89%
NYSE:NVO,20 Aug 2025,$67.89,3,$68.50,6,,$50.43,34.63%,,,,$48.83,-3.17%,$15.35,-69.56%,$21.85,-56.67%,NVO,NYSE:NVO,-0.338,$46.52,47.25%
NYSE:NVR,8 Jul 2024,"$6,194.00",2,,,,"$6,750.79",-8.25%,,,,"$6,478.48",-4.03%,"$12,520.48",85.47%,"$12,613.28",86.84%,NVR,NYSE:NVR,-0.865,"$7,514.33",
NYSE:NVRI,31 May 2024,$10.35,3,,,,$22.59,-54.21%,,,,$21.81,-3.45%,$0.00,-100.00%,$0.00,-100.00%,NVRI,NYSE:NVRI,-0.508,$21.67,
NYSE:NVST,20 Aug 2025,$24.25,4,$22.30,9,,$27.63,-19.29%,,,,$26.48,-4.16%,$39.50,42.95%,$52.36,89.51%,NVST,NYSE:NVST,-0.313,$28.69,-22.27%
NYSE:NVT,19 Aug 2025,$88.41,3,,,,$152.15,-41.89%,,,,$159.96,5.13%,$0.00,-100.00%,$0.00,-100.00%,NVT,NYSE:NVT,-0.132,$139.07,
NASDAQ:NVTS,5 Feb 2026,$8.26,3,$8.00,5,,$14.46,-44.67%,,,,$16.69,15.42%,$16.73,15.72%,$17.59,21.65%,NVTS,NASDAQ:NVTS,-0.031,$10.56,-24.24%
NASDAQ:NVX,11 Dec 2025,$1.56,3,,4,,$0.45,246.67%,,,,,-100.00%,-$2.00,-544.44%,-$2.00,-544.44%,NVX,NASDAQ:NVX,-2.000,,
NASDAQ:NWBI,18 Mar 2026,$14.02,3,$13.00,7,,$15.11,-13.96%,,,,$15.33,1.46%,-$82.01,-642.75%,-$82.05,-643.00%,NWBI,NASDAQ:NWBI,-0.120,$13.86,-6.20%
NYSE:NWG,27 May 2026,$16.57,3,$18.20,9,,$17.99,-7.88%,,,,$17.74,-1.39%,$0.00,-100.00%,$0.00,-100.00%,NWG,NYSE:NWG,-0.071,$19.24,-5.41%
NYSE:NWN,6 Feb 2026,$46.99,3,$53.50,7,,$49.73,-5.51%,,,,$48.85,-1.77%,$6.50,-86.92%,$52.34,5.24%,NWN,NYSE:NWN,-0.311,$58.00,-7.76%
NYSE:NX,16 Aug 2025,$26.24,3,,1,,$17.08,53.65%,,,,$18.08,5.85%,$0.00,-100.00%,$0.00,-100.00%,NX,NYSE:NX,-0.283,$28.75,
NYSE:NXE,24 Oct 2025,$8.68,3,,,,$9.63,-9.87%,,,,$9.47,-1.66%,$9.25,-4.00%,$9.25,-3.94%,NXE,NYSE:NXE,-0.218,$19.69,
NASDAQ:NXPI,27 Jan 2026,$261.92,5,$258.76,9,,$273.36,-5.34%,,,,$292.16,6.88%,$343.14,25.53%,$378.33,38.40%,NXPI,NASDAQ:NXPI,0.493,$258.68,0.03%
NYSE:NXRT,25 Aug 2025,$38.18,4,$36.33,3,,$28.72,26.50%,,,,$29.54,2.86%,-$14.70,-151.19%,$49.65,72.87%,NXRT,NYSE:NXRT,0.439,$32.00,13.53%
NASDAQ:NXTC,28 Oct 2025,$22.52,3,$20.00,,,$1.88,963.83%,,,,,-100.00%,-$2.00,-206.38%,-$2.00,-206.38%,NXTC,NASDAQ:NXTC,-2.000,,
NYSE:O,23 Sep 2025,$70.69,5,$62.00,9,,$63.84,-2.88%,,,,$64.63,1.24%,$98.18,53.78%,$144.67,126.62%,O,NYSE:O,0.597,$68.40,-9.36%
NYSE:OBK,10 Mar 2026,$48.92,3,$46.67,5,,$51.37,-9.15%,,,,$53.21,3.58%,-$171.64,-434.13%,-$166.65,-424.41%,OBK,NYSE:OBK,0.073,$48.20,-3.17%
NASDAQ:OBT,2 Oct 2025,$34.16,3,$29.00,4,,$37.65,-22.97%,,,,$36.78,-2.31%,$0.00,-100.00%,$0.00,-100.00%,OBT,NASDAQ:OBT,-0.294,$40.00,-27.50%
NYSE:OC,30 Sep 2024,$164.18,3,,,,$151.06,8.68%,,,,$151.10,0.03%,$323.95,114.45%,$183.65,21.57%,OC,NYSE:OC,-0.366,$138.19,
NASDAQ:OCC,10 Feb 2026,$3.85,3,,3,,$16.00,-75.91%,,,,$17.71,10.69%,$20.50,28.10%,$22.07,37.92%,OCC,NASDAQ:OCC,-0.213,,
NYSE:OFG,27 May 2026,$53.57,3,$47.00,7,,$49.48,-5.01%,,,,$49.70,0.44%,$0.00,-100.00%,$0.00,-100.00%,OFG,NYSE:OFG,-0.214,$47.75,-1.57%
NYSE:OGE,22 Jan 2026,$43.01,2,$46.14,7,,$49.44,-13.00%,,,,$50.11,1.36%,$0.00,-100.00%,$0.00,-100.00%,OGE,NYSE:OGE,0.435,$49.86,-7.46%
NYSE:OGS,19 Jun 2026,$79.20,3,$87.00,5,3.30,$77.32,2.43%,2.43%,$79.20,$90.14,$79.93,3.38%,$150.17,94.22%,$132.23,71.02%,OGS,NYSE:OGS,0.461,$90.14,-3.48%
NYSE:OHI,23 Dec 2025,$49.04,5,$46.80,9,,$49.40,-5.26%,,,,$48.24,-2.35%,$70.91,43.54%,$89.42,81.02%,OHI,NYSE:OHI,-0.147,$49.38,-5.22%
NYSE:OI,26 Mar 2026,$12.61,4,$18.00,6,,$9.79,28.85%,,,,$9.45,-3.47%,$50.14,412.11%,$93.85,858.60%,OI,NYSE:OI,-0.554,$16.00,12.50%
NYSE:OKE,29 Apr 2026,$98.03,4,$92.57,10,,$87.83,5.40%,,,,$89.75,2.19%,$0.00,-100.00%,$0.00,-100.00%,OKE,NYSE:OKE,0.471,$94.76,-2.31%
NASDAQ:OLED,24 Feb 2026,$147.14,3,$151.67,6,,$78.70,86.96%,,,,$89.20,13.34%,$107.26,36.29%,$124.72,58.48%,OLED,NASDAQ:OLED,0.005,$143.25,5.88%
NASDAQ:OM,4 Dec 2025,$4.31,1,,1,,$4.72,-8.69%,,,,$4.39,-6.99%,-$14.75,-412.42%,-$14.32,-403.38%,OM,NASDAQ:OM,-0.511,$9.00,
NASDAQ:OMAB,1 Jun 2026,$112.42,4,$134.00,6,,$111.73,0.62%,,,,$112.21,0.43%,$0.00,-100.00%,$0.00,-100.00%,OMAB,NASDAQ:OMAB,-0.267,$127.08,5.45%
NASDAQ:ON,5 Feb 2026,$68.86,3,,,,$91.22,-24.52%,,,,$98.60,8.09%,$131.15,43.78%,$151.66,66.26%,ON,NASDAQ:ON,0.110,$69.31,
NASDAQ:ONB,20 Mar 2026,$23.78,3,$27.78,4,,$26.00,-8.53%,,,,$26.37,1.42%,-$112.62,-533.15%,-$106.13,-508.19%,ONB,NASDAQ:ONB,0.027,$27.36,1.54%
NYSE:ONIT,26 Mar 2025,$40.67,4,$42.50,5,,$38.96,4.39%,,,,$39.26,0.77%,-$272.29,-798.90%,-$253.44,-750.50%,ONIT,NYSE:ONIT,-0.278,$60.00,-29.17%
NYSE:ONON,15 Aug 2025,$41.55,2,,,,$36.83,12.81%,,,,$35.53,-3.53%,$57.91,57.24%,$67.50,83.27%,ONON,NYSE:ONON,-0.248,$56.63,
NYSE:ONTO,9 Feb 2026,$215.21,4,$201.67,8,,$307.58,-34.43%,,,,$367.57,19.50%,$418.03,35.91%,$436.71,41.98%,ONTO,NYSE:ONTO,0.220,$334.29,-39.67%
NYSEAMERICAN:OPTT,13 Nov 2025,$0.44,1,$1.50,5,,$0.26,69.23%,,,,$0.25,-3.85%,$0.00,-100.00%,$0.00,-100.00%,OPTT,NYSEAMERICAN:OPTT,-0.540,$1.50,0.00%
NYSE:OPY,16 Jun 2026,$115.64,4,,9,3.55,$109.46,5.65%,5.65%,$115.64,$115.64,$115.66,5.66%,$820.37,649.47%,$881.07,704.92%,OPY,NYSE:OPY,0.486,$37.00,
NYSE:ORI,28 Apr 2026,$42.27,3,$42.00,3,,$41.87,0.31%,,,,$40.48,-3.32%,$42.37,1.19%,$42.49,1.49%,ORI,NYSE:ORI,-0.694,$42.50,-1.18%
NASDAQ:ORKA,23 Aug 2025,$26.17,3,,,,$85.21,-69.28%,,,,$93.37,9.58%,$0.00,-100.00%,$0.00,-100.00%,ORKA,NASDAQ:ORKA,-0.328,$142.17,
NASDAQ:ORRF,19 Nov 2025,$37.94,3,$40.50,8,,$40.85,-7.12%,,,,$41.34,1.20%,-$154.44,-478.06%,-$127.81,-412.87%,ORRF,NASDAQ:ORRF,-0.168,$42.00,-3.57%
NASDAQ:OSBC,28 Apr 2026,$22.52,3,$25.00,7,,$23.23,-3.06%,,,,$23.18,-0.22%,$0.00,-100.00%,$0.00,-100.00%,OSBC,NASDAQ:OSBC,-0.571,$23.20,7.76%
NASDAQ:OSIS,27 Jan 2026,$261.70,2,$287.33,6,,$221.76,18.01%,,,,$217.56,-1.89%,$0.00,-100.00%,$0.00,-100.00%,OSIS,NASDAQ:OSIS,-0.010,$309.71,-7.23%
NASDAQ:OSPN,10 Feb 2026,$17.74,3,,4,,$14.44,22.84%,,,,$14.48,0.28%,$0.00,-100.00%,$0.00,-100.00%,OSPN,NASDAQ:OSPN,-0.530,$16.25,
NYSEAMERICAN:OSTX,23 Dec 2025,$1.60,1,$11.50,1,,$1.89,-15.34%,,,,$1.74,-7.94%,$0.00,-100.00%,$0.00,-100.00%,OSTX,NYSEAMERICAN:OSTX,-0.928,$10.89,5.60%
NASDAQ:OSW,29 Nov 2024,$17.98,3,,,,$28.68,-37.31%,,,,$27.92,-2.65%,$37.01,29.05%,$41.43,44.46%,OSW,NASDAQ:OSW,-0.488,$28.00,
NASDAQ:OTEX,19 Jan 2026,$32.75,3,$38.78,2,,$23.04,42.13%,,,,$21.69,-5.86%,$0.00,-100.00%,$0.00,-100.00%,OTEX,NASDAQ:OTEX,-0.573,$32.18,20.51%
NYSE:OTIS,29 Oct 2025,$94.34,3,$105.25,6,,$73.14,28.99%,,,,$74.21,1.46%,$131.30,79.52%,$137.72,88.29%,OTIS,NYSE:OTIS,0.297,$99.29,6.00%
NASDAQ:OUST,5 Feb 2026,$21.62,3,$37.00,8,,$49.84,-56.61%,,,,$58.27,16.91%,$0.00,-100.00%,$0.00,-100.00%,OUST,NASDAQ:OUST,-0.015,$39.67,-6.73%
NYSE:OVV,18 Aug 2025,$55.37,3,,,,$52.96,4.54%,,,,$54.46,2.83%,$66.35,25.29%,$132.88,150.91%,OVV,NYSE:OVV,0.288,$68.74,
NASDAQ:OXSQ,19 Aug 2025,$2.97,4,$2.50,4,,$1.33,87.97%,,,,$1.32,-0.75%,$2.49,87.01%,"$5,622,829.75",422769054.20%,OXSQ,NASDAQ:OXSQ,-0.374,$1.75,42.86%
NYSE:OXY,2 Jul 2026,$55.97,4,$64.21,8,4.14,$48.91,14.44%,14.44%,$55.97,$64.21,$50.68,3.62%,$68.69,40.43%,$156.14,219.25%,OXY,NYSE:OXY,0.683,$63.08,1.79%
NASDAQ:OZK,2 Oct 2025,$49.29,3,$59.63,8,,$49.84,-1.10%,,,,$52.33,5.00%,$0.00,-100.00%,$0.00,-100.00%,OZK,NASDAQ:OZK,-0.064,$52.33,13.95%
NYSE:PAC,13 Jun 2025,$210.00,3,$236.70,6,,$253.71,-17.23%,,,,$253.33,-0.15%,$0.00,-100.00%,$0.00,-100.00%,PAC,NYSE:PAC,-0.241,$277.07,-14.57%
NASDAQ:PACB,11 Dec 2025,$2.97,3,$2.30,5,,$1.68,36.90%,,,,$1.66,-1.19%,-$2.30,-237.06%,$60.33,3490.96%,PACB,NASDAQ:PACB,-0.457,$2.38,-3.36%
NASDAQ:PANW,20 Aug 2025,$177.95,3,,,,$348.06,-48.87%,,,,$339.88,-2.35%,$0.00,-100.00%,$0.00,-100.00%,PANW,NASDAQ:PANW,-0.543,$206.14,
NYSE:PAR,19 Aug 2025,$40.18,2,,,,$19.05,110.89%,,,,$16.62,-12.76%,$9.79,-48.59%,$22.41,17.66%,PAR,NYSE:PAR,-0.645,$35.00,
NASDAQ:PAX,13 Nov 2025,$16.56,3,$16.00,6,,$11.10,44.14%,,,,$11.10,0.00%,$0.00,-100.00%,$0.00,-100.00%,PAX,NASDAQ:PAX,-0.129,$16.36,-2.20%
NYSE:PAYC,26 Mar 2026,$152.82,3,$150.36,7,,$139.21,8.01%,,,,$125.48,-9.86%,$0.00,-100.00%,$0.00,-100.00%,PAYC,NYSE:PAYC,-0.801,$151.53,-0.77%
NASDAQ:PAYO,3 Sep 2025,$7.80,3,$10.50,7,,$7.09,9.96%,,,,$7.05,-0.56%,-$10.14,-243.07%,-$7.33,-203.39%,PAYO,NASDAQ:PAYO,-0.597,$7.50,40.00%
NASDAQ:PAYS,11 Feb 2026,$3.74,3,$9.00,7,,$8.26,-54.74%,,,,$8.00,-3.15%,$55.03,566.17%,$57.67,598.17%,PAYS,NASDAQ:PAYS,-0.550,$9.80,-8.16%
NASDAQ:PAYX,19 Aug 2025,$129.02,2,,,,$106.35,21.31%,,,,$99.76,-6.20%,$0.00,-100.00%,$0.00,-100.00%,PAYX,NASDAQ:PAYX,-0.592,$100.93,
NYSE:PB,19 Nov 2025,$75.08,4,$78.17,7,,$70.90,5.90%,,,,$75.38,6.32%,-$196.60,-377.29%,-$192.74,-371.85%,PB,NYSE:PB,0.128,$77.38,1.02%
NYSE:PBA,16 Sep 2025,$40.71,4,$41.47,8,,$46.44,-12.34%,,,,$47.67,2.65%,$52.02,12.02%,$63.34,36.39%,PBA,NYSE:PBA,0.487,$41.07,0.97%
NYSE:PBI,19 Aug 2025,$11.44,3,$11.50,7,,$16.82,-31.98%,,,,$18.59,10.52%,$82.24,388.97%,$95.65,468.67%,PBI,NYSE:PBI,0.457,$12.70,-9.45%
NYSE:PBR,30 Jun 2026,$19.22,5,$22.75,9,4.74,$16.11,19.30%,19.30%,$19.22,$22.75,$17.03,5.71%,$18.78,16.57%,$82.72,413.45%,PBR,NYSE:PBR,0.863,$21.29,6.86%
NYSE:PBR.A,30 Jun 2026,$17.20,5,,,4.47,$14.52,18.46%,18.46%,$17.20,$19.04,$15.12,4.13%,$45.34,212.26%,$149.36,928.66%,PBR.A,NYSE:PBR.A,0.585,$19.04,
NYSE:PCG,29 Jun 2026,$18.00,4,$23.50,5,3.54,$17.05,5.60%,5.60%,$18.00,$23.50,$17.19,0.82%,$0.00,-100.00%,$0.00,-100.00%,PCG,NYSE:PCG,0.245,$22.84,2.89%
NYSE:PCOR,27 Jan 2026,$68.73,3,$87.91,7,,$43.97,56.32%,,,,$41.56,-5.48%,$0.00,-100.00%,$0.00,-100.00%,PCOR,NYSE:PCOR,-0.509,$70.58,24.55%
NASDAQ:PDD,20 Aug 2025,$133.52,3,$124.92,5,,$82.39,51.62%,,,,$75.21,-8.71%,"$1,120.25",1259.69%,"$1,120.69",1260.22%,PDD,NASDAQ:PDD,-0.807,$142.99,-12.64%
NASDAQ:PDFS,27 Jan 2026,$35.52,3,$34.75,7,,$59.18,-41.28%,,,,$66.86,12.98%,$69.53,17.48%,$72.72,22.88%,PDFS,NASDAQ:PDFS,-0.058,$41.00,-15.24%
NYSE:PDM,14 Jul 2025,$11.58,4,$8.50,6,,$9.61,-11.55%,,,,$9.77,1.66%,$0.00,-100.00%,$0.00,-100.00%,PDM,NYSE:PDM,0.309,$9.67,-12.10%
NYSE:PEB,23 Dec 2025,$17.33,3,$12.00,7,,$18.78,-36.10%,,,,$19.79,5.38%,$0.00,-100.00%,$0.00,-100.00%,PEB,NYSE:PEB,0.081,$14.15,-15.19%
NASDAQ:PEBO,16 Jan 2026,$32.08,3,$33.17,10,,$38.71,-17.12%,,,,$38.69,-0.05%,$0.00,-100.00%,$0.00,-100.00%,PEBO,NASDAQ:PEBO,-0.168,$37.17,-10.76%
NASDAQ:PEGA,11 Feb 2026,$49.55,5,$72.00,9,,$31.05,59.57%,,,,$30.02,-3.32%,$0.00,-100.00%,$0.00,-100.00%,PEGA,NASDAQ:PEGA,-0.854,$58.18,23.75%
NYSE:PEN,11 Dec 2025,$225.97,1,$307.92,10,,$318.57,-29.07%,,,,$313.54,-1.58%,$0.00,-100.00%,$0.00,-100.00%,PEN,NYSE:PEN,-0.573,$365.79,-15.82%
NASDAQ:PFBC,27 May 2026,$99.21,3,$107.50,5,,$107.16,-7.42%,,,,$105.89,-1.19%,$0.00,-100.00%,$0.00,-100.00%,PFBC,NASDAQ:PFBC,-0.029,$103.75,3.61%
NYSE:PFE,26 Mar 2026,$30.96,5,$29.07,6,,$24.32,19.53%,,,,$23.91,-1.69%,$0.00,-100.00%,$0.00,-100.00%,PFE,NYSE:PFE,-0.259,$29.00,0.24%
NYSE:PFGC,4 Sep 2025,$88.60,1,,,,$113.09,-21.66%,,,,$111.15,-1.72%,$220.96,95.38%,$306.54,171.06%,PFGC,NYSE:PFGC,-0.224,$117.83,
NASDAQ:PFIS,19 Mar 2026,$59.16,3,$56.00,6,,$67.12,-16.57%,,,,$66.89,-0.34%,$0.00,-100.00%,$0.00,-100.00%,PFIS,NASDAQ:PFIS,-0.208,$58.50,-4.27%
NYSE:PFLT,20 Feb 2026,$9.26,3,$10.25,8,,#N/A,#N/A,,,,$7.54,#N/A,$47.96,#N/A,$61.90,#N/A,PFLT,NYSE:PFLT,-0.234,$10.25,0.00%
NYSE:PFS,18 Nov 2025,$20.08,3,$22.00,3,,$23.54,-14.70%,,,,$23.77,0.98%,-$109.54,-565.36%,-$101.49,-531.12%,PFS,NYSE:PFS,-0.204,$24.60,-10.57%
NASDAQ:PFSA,11 Dec 2025,$0.26,3,,,,$0.09,193.78%,,,,$0.11,22.22%,$0.00,-100.00%,$0.00,-100.00%,PFSA,NASDAQ:PFSA,-0.790,,
NYSE:PFSI,4 Oct 2024,$102.39,3,,,,$83.47,22.67%,,,,$86.98,4.21%,$0.00,-100.00%,$0.00,-100.00%,PFSI,NYSE:PFSI,-0.026,$123.29,
NASDAQ:PGEN,23 Dec 2025,$3.53,3,$9.00,7,,$5.64,-37.34%,,,,$5.08,-9.93%,$4.39,-22.09%,$4.43,-21.46%,PGEN,NASDAQ:PGEN,-0.847,$9.50,-5.26%
NYSE:PGR,18 Sep 2025,$210.79,1,,,,$232.22,-9.23%,,,,$221.00,-4.83%,$0.00,-100.00%,$0.00,-100.00%,PGR,NYSE:PGR,-0.321,$229.90,
NYSE:PH,3 Jul 2024,$534.00,1,$759.92,6,,$962.89,-44.54%,,,,"$1,002.30",4.09%,$0.00,-100.00%,$0.00,-100.00%,PH,NYSE:PH,0.266,"$1,043.04",-27.14%
NYSE:PHG,11 Dec 2025,$35.54,3,,7,,$27.74,28.13%,,,,$27.32,-1.51%,$74.53,168.67%,$90.56,226.44%,PHG,NYSE:PHG,-0.226,$33.74,
NYSE:PHM,31 Mar 2026,$124.03,4,$141.83,3,,$133.67,-7.21%,,,,$140.41,5.04%,$256.24,91.69%,$263.24,96.93%,PHM,NYSE:PHM,0.089,$135.57,4.62%
NASDAQ:PI,27 Jan 2026,$144.68,2,$240.50,8,,$141.58,2.19%,,,,$153.11,8.14%,$149.73,5.76%,$154.80,9.34%,PI,NASDAQ:PI,0.194,$167.00,44.01%
NYSE:PIPR,29 Jun 2026,$77.12,3,$97.00,3,3.34,$71.09,8.48%,8.48%,$77.12,$97.00,$76.57,7.71%,$0.00,-100.00%,$0.00,-100.00%,PIPR,NYSE:PIPR,0.513,$95.12,1.98%
NYSE:PKST,14 Jan 2026,$15.34,4,$17.00,6,,#N/A,#N/A,,,,,#N/A,-$2.00,#N/A,-$2.00,#N/A,PKST,NYSE:PKST,-2.000,,
NYSE:PL,7 Jul 2025,$5.02,3,,,,$31.38,-84.00%,,,,$34.81,10.93%,$0.00,-100.00%,$0.00,-100.00%,PL,NYSE:PL,0.046,$35.22,
NASDAQ:PLAB,1 May 2026,$41.22,2,$47.00,6,,$28.86,42.81%,,,,$30.34,5.13%,$0.00,-100.00%,$0.00,-100.00%,PLAB,NASDAQ:PLAB,-0.298,$47.00,0.00%
NASDAQ:PLMR,16 Sep 2025,$107.46,3,,,,$140.00,-23.24%,,,,$126.71,-9.49%,$371.14,165.10%,$394.58,181.84%,PLMR,NASDAQ:PLMR,-0.493,$164.17,
NYSE:PLNT,4 Sep 2025,$92.00,1,,,,$53.45,72.12%,,,,$51.80,-3.09%,$62.69,17.30%,$97.61,82.62%,PLNT,NYSE:PLNT,-0.403,$108.39,
NYSE:PLOW,20 Sep 2024,$36.15,4,,,,$50.27,-28.09%,,,,$52.62,4.67%,$277.82,452.66%,$289.83,476.55%,PLOW,NYSE:PLOW,-0.257,$50.50,
NASDAQ:PLTR,14 Aug 2025,$120.98,1,,,,$129.30,-6.43%,,,,$0.00,-100.00%,$0.00,-100.00%,$0.00,-100.00%,PLTR,NASDAQ:PLTR,-1.000,$181.14,
NASDAQ:PLUS,27 Oct 2025,$88.78,3,,6,,$80.82,9.85%,,,,$82.06,1.53%,$308.79,282.07%,$326.58,304.09%,PLUS,NASDAQ:PLUS,-0.514,$115.00,
NASDAQ:PLXS,27 Jan 2026,$181.83,3,,,,$275.11,-33.91%,,,,$303.51,10.32%,$393.56,43.06%,$420.16,52.73%,PLXS,NASDAQ:PLXS,0.114,$200.80,
NYSE:PM,25 Aug 2025,$144.36,2,,,,$182.27,-20.80%,,,,$184.47,1.21%,$308.81,69.43%,$331.81,82.04%,PM,NYSE:PM,0.039,$194.83,
NASDAQ:PMTS,26 Aug 2025,$22.24,3,,,,$20.38,9.13%,,,,$20.26,-0.59%,$72.43,255.41%,$95.62,369.19%,PMTS,NASDAQ:PMTS,-0.215,$28.25,
NYSE:PNC,19 Nov 2025,$182.16,3,$223.09,8,,$249.49,-26.99%,,,,$247.91,-0.63%,$0.00,-100.00%,$0.00,-100.00%,PNC,NYSE:PNC,-0.084,$253.32,-11.93%
NASDAQ:PNFP,28 Jul 2025,$101.11,3,$121.91,7,,$99.50,1.62%,,,,,-100.00%,-$2.00,-102.01%,-$2.00,-102.01%,PNFP,NYSE:PNFP,-2.000,,
NYSE:PNNT,20 Feb 2026,$6.99,4,$5.50,1,,$3.45,59.42%,,,,$3.50,1.45%,$35.78,937.06%,$75.43,2086.27%,PNNT,NYSE:PNNT,-0.100,$5.38,2.23%
NYSE:PNR,11 Nov 2025,$102.58,2,$124.75,7,,$76.72,33.71%,,,,$79.23,3.27%,$0.00,-100.00%,$0.00,-100.00%,PNR,NYSE:PNR,0.064,$102.26,21.99%
NASDAQ:PODD,11 Dec 2025,$276.82,2,$381.12,9,,$164.48,68.30%,,,,$150.97,-8.21%,$0.00,-100.00%,$0.00,-100.00%,PODD,NASDAQ:PODD,-0.851,$326.35,16.78%
NASDAQ:POET,5 Feb 2026,$6.44,3,,7,,$8.76,-26.48%,,,,$9.56,9.13%,$8.56,-2.27%,$8.60,-1.82%,POET,NASDAQ:POET,-0.340,$8.20,
NASDAQ:POOL,23 Aug 2025,$310.70,3,,,,$219.47,41.57%,,,,$209.83,-4.39%,$0.00,-100.00%,$0.00,-100.00%,POOL,NASDAQ:POOL,-0.484,$262.73,
NYSE:POR,6 Feb 2026,$50.85,4,$49.60,7,,$52.72,-5.92%,,,,$51.37,-2.56%,$10.23,-80.59%,-$24.80,-147.05%,POR,NYSE:POR,-0.420,$52.50,-5.52%
NYSE:POST,2 Apr 2026,$109.06,5,$128.50,2,,$92.78,17.55%,,,,$87.47,-5.72%,$0.00,-100.00%,$0.00,-100.00%,POST,NYSE:POST,-0.541,$122.43,4.96%
NASDAQ:POWI,5 Feb 2026,$72.10,3,$52.50,5,,$72.99,-28.07%,,,,$84.93,16.36%,$0.00,-100.00%,$0.00,-100.00%,POWI,NASDAQ:POWI,0.320,$55.75,-5.83%
NASDAQ:PPC,19 Aug 2025,$43.27,2,,,,$28.76,50.43%,,,,$28.11,-2.26%,$0.00,-100.00%,$0.00,-100.00%,PPC,NASDAQ:PPC,-0.380,$40.57,
NASDAQ:PPIH,20 Apr 2026,$30.77,3,,7,,$25.46,20.85%,,,,$26.14,2.67%,$107.08,320.56%,$115.42,353.33%,PPIH,NASDAQ:PPIH,-0.374,$39.00,
NYSE:PR,11 Nov 2025,$15.75,5,$18.13,3,,$18.20,-13.46%,,,,$19.14,5.16%,$24.13,32.59%,$65.97,262.46%,PR,NYSE:PR,0.554,$25.20,-28.06%
NYSE:PRA,11 Dec 2025,$26.77,3,,3,,$25.00,7.08%,,,,,-100.00%,-$2.00,-108.00%,-$2.00,-108.00%,PRA,NYSE:PRA,-2.000,,
NASDAQ:PRCH,29 Jan 2026,$6.54,3,$18.17,8,,$15.19,-56.94%,,,,$15.03,-1.05%,$20.46,34.72%,$23.37,53.84%,PRCH,NASDAQ:PRCH,-0.370,$16.25,11.82%
NASDAQ:PRCT,11 Dec 2025,$43.52,3,$50.71,5,,$21.03,106.94%,,,,$22.82,8.51%,$21.43,1.91%,$21.66,3.00%,PRCT,NASDAQ:PRCT,-0.539,$30.11,68.42%
NASDAQ:PRDO,28 Apr 2026,$43.66,5,$42.00,8,,$34.43,21.99%,,,,$31.72,-7.87%,$72.73,111.24%,$82.81,140.50%,PRDO,NASDAQ:PRDO,-0.488,$42.00,0.00%
NASDAQ:PRGS,22 Jan 2026,$57.12,3,$59.75,7,,$38.42,48.66%,,,,$32.71,-14.86%,$0.00,-100.00%,$0.00,-100.00%,PRGS,NASDAQ:PRGS,-0.698,$50.83,17.55%
NYSE:PRIM,23 Aug 2024,$53.96,3,,,,$88.20,-38.82%,,,,$99.51,12.82%,$196.79,123.12%,$227.82,158.30%,PRIM,NYSE:PRIM,0.490,$178.00,
NYSEAMERICAN:PRK,7 Oct 2025,$164.00,1,,,,$186.42,-12.03%,,,,$183.22,-1.72%,$0.00,-100.00%,$0.00,-100.00%,PRK,NYSEAMERICAN:PRK,-0.204,$184.00,
NASDAQ:PROK,10 Jul 2025,$2.60,,$4.50,7,,$2.03,28.08%,,,,$1.84,-9.36%,-$0.08,-103.84%,$0.02,-99.23%,PROK,NASDAQ:PROK,-0.761,$6.25,-28.00%
NASDAQ:PRSO,29 Jan 2026,$1.15,4,$3.00,,,$0.82,39.96%,,,,,-100.00%,-$2.00,-343.90%,-$2.00,-343.90%,PRSO,NASDAQ:PRSO,-2.000,,
NASDAQ:PRTH,10 Feb 2026,$10.32,3,$13.00,1,,$7.18,43.75%,,,,$6.73,-6.27%,-$4.18,-158.20%,$8.25,14.94%,PRTH,NASDAQ:PRTH,-0.442,$9.80,32.65%
NASDAQ:PSIX,28 Apr 2026,$74.87,3,$109.00,9,,$37.08,101.92%,,,,$36.51,-1.54%,$66.25,78.67%,$70.31,89.62%,PSIX,NASDAQ:PSIX,-0.424,$102.97,5.86%
NYSE:PSN,16 Feb 2026,$83.99,5,$81.64,7,,$56.29,45.03%,,,,$50.81,-9.74%,$113.43,101.51%,$133.03,136.33%,PSN,NYSE:PSN,-0.432,$71.50,14.18%
NASDAQ:PSNY,29 Nov 2024,$1.30,3,,,,$20.44,-93.64%,,,,,-100.00%,-$2.00,-109.78%,-$2.00,-109.78%,PSNY,NASDAQ:PSNY,-2.000,,
NYSE:PSTG,19 Aug 2025,$64.73,3,,,,#N/A,#N/A,,,,$0.00,#N/A,$0.00,#N/A,$0.00,#N/A,PSTG,NYSE:PSTG,-1.000,$91.21,
NYSE:PSX,26 Jun 2026,$162.80,2,$194.00,7,3.20,$176.42,-7.72%,-7.72%,$162.80,$194.00,$181.09,2.65%,$0.00,-100.00%,$0.00,-100.00%,PSX,NYSE:PSX,0.630,$185.58,4.54%
NASDAQ:PTC,19 Jan 2026,$176.72,3,$218.00,6,,$124.55,41.88%,,,,$113.57,-8.82%,$248.90,99.84%,$268.88,115.88%,PTC,NASDAQ:PTC,-0.707,$184.16,18.38%
NASDAQ:PTEN,21 Jul 2025,$10.35,3,$8.03,2,,$8.66,-7.27%,,,,$9.65,11.43%,$0.00,-100.00%,$0.00,-100.00%,PTEN,NASDAQ:PTEN,0.526,$11.36,-29.31%
NASDAQ:PTLO,14 Jan 2026,$9.61,3,$6.30,3,,$4.98,26.51%,,,,$0.00,-100.00%,$0.00,-100.00%,$0.00,-100.00%,PTLO,NASDAQ:PTLO,-1.000,$7.71,-18.29%
NASDAQ:PUBM,29 Jan 2026,$11.75,3,$12.92,7,,$13.55,-13.25%,,,,$13.20,-2.58%,$22.28,64.46%,$15.76,16.31%,PUBM,NASDAQ:PUBM,-0.340,$11.83,9.21%
NYSE:PWR,23 Aug 2025,$272.00,1,,,,$668.31,-59.30%,,,,$732.48,9.60%,$0.00,-100.00%,$0.00,-100.00%,PWR,NYSE:PWR,0.537,$600.67,
NASDAQ:PZZA,18 Sep 2025,$56.89,4,$48.40,9,,$35.82,35.12%,,,,$33.80,-5.64%,$6.69,-81.32%,$39.87,11.30%,PZZA,NASDAQ:PZZA,-0.399,$38.27,26.47%
NYSE:Q,9 Feb 2026,$106.61,3,,,,$141.75,-24.79%,,,,$166.04,17.14%,$0.00,-100.00%,$0.00,-100.00%,Q,NYSE:Q,0.246,$144.25,
NASDAQ:QCOM,27 Jan 2026,$171.89,4,$193.33,6,,$176.25,-2.47%,,,,$196.42,11.44%,$0.00,-100.00%,$0.00,-100.00%,QCOM,NASDAQ:QCOM,0.420,$168.50,14.74%
NASDAQ:QCRH,28 Apr 2026,$93.80,3,$102.67,9,,$96.65,-2.95%,,,,$94.01,-2.73%,$0.00,-100.00%,$0.00,-100.00%,QCRH,NASDAQ:QCRH,-0.726,$100.40,2.26%
NASDAQ:QDEL,11 Dec 2025,$47.57,3,$27.75,6,,$18.25,52.05%,,,,$17.54,-3.89%,$17.81,-2.41%,$105.21,476.47%,QDEL,NASDAQ:QDEL,-0.550,$27.00,2.78%
NASDAQ:QFIN,9 Sep 2025,$29.99,3,$48.39,5,,$15.46,93.98%,,,,$15.73,1.75%,$232.20,1401.96%,$232.58,1404.38%,QFIN,NASDAQ:QFIN,-0.581,$23.56,105.39%
NASDAQ:QLYS,10 Feb 2026,$147.47,5,$136.87,5,,$148.12,-7.60%,,,,$139.83,-5.60%,$278.14,87.78%,$284.81,92.28%,QLYS,NASDAQ:QLYS,-0.464,$130.44,4.93%
NASDAQ:QRVO,19 Jan 2026,$81.21,3,$100.08,6,,$87.57,-7.26%,,,,$91.80,4.83%,$0.00,-100.00%,$0.00,-100.00%,QRVO,NASDAQ:QRVO,-0.040,$88.93,12.54%
NASDAQ:QSI,11 Dec 2025,$1.94,3,$2.83,2,,$0.93,109.06%,,,,$0.86,-7.53%,-$0.36,-139.14%,-$0.31,-132.98%,QSI,NASDAQ:QSI,-0.656,$2.50,13.20%
NYSE:QSR,4 Mar 2026,$71.96,3,$79.11,9,,$74.79,-3.79%,,,,$71.88,-3.89%,$63.29,-15.38%,$72.19,-3.48%,QSR,NYSE:QSR,-0.242,$83.29,-5.02%
NASDAQ:QTRX,16 Dec 2025,$12.46,3,$6.00,5,,$4.33,38.57%,,,,$4.22,-2.54%,-$0.11,-102.46%,$2.88,-33.44%,QTRX,NASDAQ:QTRX,-0.633,$5.33,12.57%
NYSE:QUAD,19 Jun 2026,$7.33,3,$9.93,9,3.58,$8.37,-12.43%,-12.43%,$7.33,$9.93,$8.99,7.41%,$199.96,2289.01%,$236.87,2730.01%,QUAD,NYSE:QUAD,0.455,$9.93,0.00%
NASDAQ:QUIK,5 Feb 2026,$6.78,3,,,,$16.02,-57.70%,,,,$19.73,23.16%,$20.32,26.82%,$18.94,18.21%,QUIK,NASDAQ:QUIK,0.258,$9.67,
NYSE:QXO,19 Aug 2025,$30.22,3,$31.06,10,,$16.21,86.41%,,,,$0.00,-100.00%,$0.00,-100.00%,$0.00,-100.00%,QXO,NYSE:QXO,-1.000,$32.69,-4.99%
NYSE:RACE,15 Dec 2025,$403.82,3,$465.44,6,,$384.97,4.90%,,,,$368.73,-4.22%,$0.00,-100.00%,$0.00,-100.00%,RACE,NYSE:RACE,-0.548,$447.45,4.02%
NASDAQ:RAIL,28 Apr 2026,$11.16,4,,,,$8.97,24.46%,,,,$9.13,1.78%,$14.28,59.18%,$18.60,107.33%,RAIL,NASDAQ:RAIL,-0.932,$15.00,
NYSE:RAMP,23 Jan 2026,$30.65,5,$42.20,7,,$37.73,-18.77%,,,,$38.04,0.82%,$89.71,137.77%,$92.54,145.27%,RAMP,NYSE:RAMP,-0.114,$37.88,11.40%
NASDAQ:RBB,1 Jun 2026,$24.58,3,$24.00,4,,$27.13,-11.54%,,,,$27.63,1.84%,$0.00,-100.00%,$0.00,-100.00%,RBB,NASDAQ:RBB,-0.108,$22.60,6.19%
NYSE:RBC,23 Aug 2025,$337.00,1,,,,$604.56,-44.26%,,,,$649.74,7.47%,$771.66,27.64%,$843.04,39.45%,RBC,NYSE:RBC,0.015,$598.71,
NASDAQ:RBCAA,20 Oct 2025,$70.90,3,,,,$91.50,-22.51%,,,,$90.73,-0.84%,-$103.13,-212.71%,-$88.31,-196.51%,RBCAA,NASDAQ:RBCAA,-0.291,$75.00,
NYSE:RBLX,2 Jan 2026,$67.48,2,,,,$55.41,21.78%,,,,$55.49,0.14%,$75.01,35.37%,$81.25,46.64%,RBLX,NYSE:RBLX,-0.203,$104.17,
NYSE:RBOT,16 Dec 2025,$3.89,3,,,,#N/A,#N/A,,,,,#N/A,-$2.00,#N/A,-$2.00,#N/A,RBOT,NYSE:RBOT,-2.000,,
NYSE:RBRK,20 Aug 2025,$54.72,2,,,,$83.64,-34.58%,,,,$80.53,-3.72%,$0.00,-100.00%,$0.00,-100.00%,RBRK,NYSE:RBRK,-0.428,$85.79,
NYSE:RC,1 Sep 2025,$5.36,3,$4.15,4,,$1.79,131.84%,,,,$1.74,-2.79%,-$9.18,-613.04%,-$13.04,-828.74%,RC,NYSE:RC,-0.543,$1.80,130.56%
NASDAQ:RCEL,4 Dec 2025,$9.25,3,$8.38,1,,$5.06,65.61%,,,,$4.16,-17.79%,-$0.78,-115.36%,-$0.68,-113.45%,RCEL,NASDAQ:RCEL,-0.412,$8.68,-3.46%
NASDAQ:RCKY,16 Apr 2026,$43.95,3,$53.00,8,,$40.26,9.18%,,,,$42.76,6.21%,$0.00,-100.00%,$0.00,-100.00%,RCKY,NASDAQ:RCKY,0.040,$53.00,0.00%
NYSE:RCL,8 Apr 2026,$279.75,3,$368.93,4,,$296.30,-5.59%,,,,$305.29,3.03%,$0.00,-100.00%,$0.00,-100.00%,RCL,NYSE:RCL,-0.542,$341.50,8.03%
NYSE:RDN,23 Jun 2026,$35.58,4,$45.33,8,3.60,$37.94,-6.23%,-6.23%,$35.58,$45.33,$39.00,2.79%,$103.01,171.51%,$94.04,147.87%,RDN,NYSE:RDN,0.283,$40.67,11.46%
NYSE:RDW,21 Jul 2025,$13.29,2,,,,$11.31,17.48%,,,,$11.95,5.66%,$10.86,-4.02%,$11.92,5.39%,RDW,NYSE:RDW,-0.284,$14.00,
NASDAQ:REG,21 Jul 2025,$72.09,1,,,,$80.96,-10.96%,,,,$82.57,1.99%,$0.00,-100.00%,$0.00,-100.00%,REG,NASDAQ:REG,0.464,$83.42,
NYSEAMERICAN:REI,20 Aug 2025,$1.08,,$2.99,3,,$1.07,0.93%,,,,$1.14,6.54%,$1.94,80.85%,$6.18,477.89%,REI,NYSEAMERICAN:REI,0.099,$2.50,19.60%
NASDAQ:REKR,9 Feb 2026,$1.09,3,$4.00,4,,$0.68,59.76%,,,,$0.65,-4.41%,-$0.08,-112.30%,$0.36,-46.78%,REKR,NASDAQ:REKR,-0.511,$3.00,33.33%
NYSE:RELX,19 Aug 2025,$47.40,3,,,,$31.93,48.45%,,,,$32.55,1.94%,$0.00,-100.00%,$0.00,-100.00%,RELX,NYSE:RELX,0.366,$52.10,
NASDAQ:RELY,29 Jan 2026,$17.63,3,$20.20,4,,$23.75,-25.75%,,,,$22.69,-4.46%,$53.92,127.03%,$60.01,152.69%,RELY,NASDAQ:RELY,-0.270,$22.22,-9.09%
NYSEAMERICAN:REPX,12 Feb 2026,,,$36.00,7,,$32.51,10.74%,,,,$34.13,4.98%,$57.57,77.09%,$139.37,328.71%,REPX,NYSEAMERICAN:REPX,0.110,$48.00,-25.00%
NYSE:RES,30 Dec 2025,$6.58,4,$5.50,5,,$5.60,-1.79%,,,,$6.02,7.50%,$0.00,-100.00%,$0.00,-100.00%,RES,NYSE:RES,0.324,$6.44,-14.60%
NYSE:REVG,24 Oct 2024,$28.28,3,,,,#N/A,#N/A,,,,,#N/A,-$2.00,#N/A,-$2.00,#N/A,REVG,NYSE:REVG,-2.000,,
NASDAQ:REYN,28 Apr 2026,$27.91,5,$24.00,6,,$27.18,-11.70%,,,,$26.46,-2.65%,$76.23,180.47%,$87.63,222.40%,REYN,NASDAQ:REYN,-0.755,$25.14,-4.53%
NYSE:REZI,17 Aug 2025,$32.83,3,$32.00,9,,$30.66,4.37%,,,,$30.32,-1.11%,$0.00,-100.00%,$0.00,-100.00%,REZI,NYSE:REZI,-0.760,$49.00,-34.69%
NYSE:RF,1 Jun 2026,$29.85,3,$30.31,3,,$30.28,-1.42%,,,,$31.40,3.70%,$0.00,-100.00%,$0.00,-100.00%,RF,NYSE:RF,0.098,$30.32,-0.03%
NASDAQ:RGLD,16 Aug 2025,$142.50,1,,,,$204.13,-30.19%,,,,$198.94,-2.54%,$347.10,70.04%,$407.78,99.77%,RGLD,NASDAQ:RGLD,-0.408,$335.33,
NASDAQ:RGNX,23 Dec 2025,$16.55,3,$28.57,9,,$13.28,24.59%,,,,$11.36,-14.46%,$0.00,-100.00%,$0.00,-100.00%,RGNX,NASDAQ:RGNX,-0.962,$27.82,2.70%
NASDAQ:RGTI,28 Jul 2025,$11.56,2,,,,$17.94,-35.55%,,,,$18.52,3.23%,$17.94,0.02%,$18.00,0.35%,RGTI,NASDAQ:RGTI,-0.611,$31.54,
NYSE:RH,31 Jul 2024,$352.46,3,,,,$169.08,108.46%,,,,$162.34,-3.99%,$0.00,-100.00%,$0.00,-100.00%,RH,NYSE:RH,-0.214,$158.59,
NYSE:RHI,15 Dec 2025,$46.27,3,$29.57,5,,$33.48,-11.68%,,,,$31.69,-5.35%,$82.16,145.40%,$89.68,167.87%,RHI,NYSE:RHI,-0.161,$30.00,-1.43%
NYSE:RIO,18 Aug 2025,$75.60,5,$64.00,8,,$94.42,-32.22%,,,,$95.10,0.72%,$0.00,-100.00%,$0.00,-100.00%,RIO,NYSE:RIO,-0.255,$97.66,-34.47%
NYSE:RITM,12 Aug 2025,$14.18,4,$14.06,8,,$9.09,54.68%,,,,$9.28,2.09%,-$28.31,-411.47%,-$28.66,-415.24%,RITM,NYSE:RITM,-0.467,$14.06,0.00%
NASDAQ:RIVN,15 Dec 2025,$17.90,3,$20.62,6,,$18.63,-3.90%,,,,$17.14,-8.00%,$23.83,27.91%,$30.46,63.49%,RIVN,NASDAQ:RIVN,-0.341,$18.12,13.80%
NYSE:RJF,18 Feb 2026,$166.94,3,$187.40,5,,$162.66,2.63%,,,,$151.92,-6.60%,$0.00,-100.00%,$0.00,-100.00%,RJF,NYSE:RJF,-0.512,$170.83,9.70%
NYSE:RKT,5 Mar 2025,$14.85,3,$13.29,3,,$15.77,-15.73%,,,,$15.67,-0.63%,$0.00,-100.00%,$0.00,-100.00%,RKT,NYSE:RKT,-0.052,$20.73,-35.89%
NYSE:RLJ,23 Dec 2025,$12.06,3,$8.20,7,,$11.78,-30.39%,,,,$12.14,3.06%,$9.03,-23.34%,$21.63,83.64%,RLJ,NYSE:RLJ,0.223,$8.43,-2.73%
NYSE:RLX,25 Aug 2025,$2.18,3,,,,$1.93,13.21%,,,,$0.00,-100.00%,$78.22,3952.89%,$78.29,3956.72%,RLX,NYSE:RLX,-1.000,$3.12,
NYSE:RM,19 Nov 2025,$39.22,3,,3,,$41.66,-5.86%,,,,$41.86,0.48%,$182.68,338.49%,$201.26,383.10%,RM,NYSE:RM,-0.048,$47.00,
NASDAQ:RMBS,27 Jan 2026,$80.55,1,$113.50,10,,$112.92,-28.67%,,,,$124.84,10.56%,$0.00,-100.00%,$0.00,-100.00%,RMBS,NASDAQ:RMBS,-0.072,$139.25,-18.49%
NASDAQ:RMNI,11 Feb 2026,$3.40,3,$5.50,5,,$4.54,-25.08%,,,,$4.27,-5.95%,$9.77,115.17%,$10.46,130.34%,RMNI,NASDAQ:RMNI,-0.578,$6.20,-11.29%
NASDAQ:RNAC,23 Dec 2025,$16.10,3,$34.67,9,,$10.59,52.02%,,,,$0.00,-100.00%,$0.00,-100.00%,$0.00,-100.00%,RNAC,NASDAQ:RNAC,-1.000,$35.57,-2.53%
NYSE:RNG,5 Feb 2026,$39.74,3,$31.25,4,,$40.01,-21.89%,,,,$39.79,-0.55%,$99.09,147.65%,$139.54,248.77%,RNG,NYSE:RNG,-0.263,$37.47,-16.60%
NYSE:RNR,9 Sep 2025,$267.70,4,$269.36,7,,$326.29,-17.96%,,,,$331.69,1.65%,$0.00,-100.00%,$0.00,-100.00%,RNR,NYSE:RNR,0.164,$327.07,-17.64%
NYSE:RNST,19 Nov 2025,$35.55,3,$42.67,4,,$42.98,-17.29%,,,,$44.66,3.91%,$0.00,-100.00%,$0.00,-100.00%,RNST,NYSE:RNST,0.061,$43.86,-2.71%
NASDAQ:ROAD,31 Dec 2025,$101.87,2,,,,$107.92,-5.61%,,,,$119.98,11.17%,$126.13,16.87%,$187.63,73.86%,ROAD,NASDAQ:ROAD,0.333,$139.00,
NYSE:ROG,10 Feb 2026,$105.63,3,$301.50,9,,$143.90,-26.60%,,,,$166.25,15.53%,$215.66,49.87%,$237.75,65.22%,ROG,NYSE:ROG,0.201,$124.33,142.50%
NYSE:ROK,11 Nov 2025,$273.44,1,,,,$471.70,-42.03%,,,,$503.27,6.69%,$0.00,-100.00%,$0.00,-100.00%,ROK,NYSE:ROK,0.127,$421.57,
NASDAQ:ROP,2 May 2025,$525.02,3,$640.91,8,,$364.20,44.16%,,,,$336.41,-7.63%,$0.00,-100.00%,$0.00,-100.00%,ROP,NASDAQ:ROP,-0.819,$455.88,40.59%
NASDAQ:ROST,16 Sep 2025,$141.75,2,,,,$213.43,-33.59%,,,,$217.06,1.70%,$0.00,-100.00%,$0.00,-100.00%,ROST,NASDAQ:ROST,0.056,$229.81,
NASDAQ:RPAY,2 Sep 2025,$8.53,3,$7.31,3,,$4.24,72.41%,,,,$4.15,-2.12%,$11.25,165.41%,$35.29,732.40%,RPAY,NASDAQ:RPAY,-0.610,$6.11,19.64%
NASDAQ:RPD,20 Jan 2026,$22.06,3,$18.18,7,,$9.29,95.69%,,,,$8.19,-11.84%,$0.00,-100.00%,$0.00,-100.00%,RPD,NASDAQ:RPD,-0.810,$8.93,103.58%
NASDAQ:RR,19 Nov 2025,$2.75,3,$4.50,6,,$1.96,40.10%,,,,$2.04,4.08%,$3.64,85.67%,$3.76,91.92%,RR,NASDAQ:RR,-0.205,$4.00,12.50%
NASDAQ:RRBI,1 Jun 2026,$84.03,3,$94.00,6,,$94.79,-11.35%,,,,$96.74,2.06%,-$253.00,-366.90%,-$243.69,-357.08%,RRBI,NASDAQ:RRBI,0.038,$101.00,-6.93%
NYSE:RRX,27 Jan 2026,$182.63,5,$180.29,6,,$218.45,-17.47%,,,,$253.05,15.84%,$219.21,0.35%,$253.13,15.88%,RRX,NYSE:RRX,0.203,$242.44,-25.64%
NYSE:RS,24 Aug 2025,$278.17,3,$327.75,9,,$372.01,-25.23%,,,,$371.86,-0.04%,$0.00,-100.00%,$0.00,-100.00%,RS,NYSE:RS,-0.126,$357.75,-8.39%
NYSE:RTX,18 Aug 2025,$145.60,2,$168.14,8,,$199.25,-26.93%,,,,$195.78,-1.74%,$270.82,35.92%,$329.97,65.60%,RTX,NYSE:RTX,0.186,$216.02,-22.16%
NASDAQ:RUN,19 Jan 2026,$14.49,2,$23.86,8,,$12.74,13.72%,,,,$12.99,1.96%,-$73.64,-678.04%,-$20.23,-258.82%,RUN,NASDAQ:RUN,-0.421,$19.67,21.30%
NASDAQ:RXST,11 Dec 2025,$19.74,3,$9.80,1,,$5.61,74.69%,,,,$4.87,-13.19%,$2.82,-49.71%,$3.55,-36.74%,RXST,NASDAQ:RXST,-0.309,$9.93,-1.31%
NASDAQ:RXT,9 Feb 2026,$0.88,3,$1.35,4,,$5.72,-84.68%,,,,$6.26,9.44%,-$1.46,-125.56%,$13.57,137.19%,RXT,NASDAQ:RXT,-0.541,$2.17,-37.79%
NYSE:RYI,24 Aug 2025,$26.20,3,$24.00,4,,#N/A,#N/A,,,,$0.00,#N/A,$110.06,#N/A,$89.51,#N/A,RYI,NYSE:RYI,-1.000,$31.00,-22.58%
NASDAQ:SABR,11 Feb 2026,$2.46,3,$2.95,2,,$2.09,17.49%,,,,$2.10,0.48%,$0.00,-100.00%,$0.00,-100.00%,SABR,NASDAQ:SABR,-0.486,$1.90,55.26%
NYSE:SAM,20 Mar 2026,$295.72,5,$238.40,3,,$183.62,29.83%,,,,$175.79,-4.26%,$378.28,106.01%,$751.92,309.50%,SAM,NYSE:SAM,-0.377,$235.78,1.11%
NYSE:SAN,11 Sep 2025,$7.72,2,,,,$13.95,-44.64%,,,,$14.15,1.43%,-$71.04,-609.22%,-$73.91,-629.83%,SAN,NYSE:SAN,0.096,$11.72,
NASDAQ:SANM,27 Jan 2026,$128.36,1,$180.00,9,,$219.77,-41.59%,,,,$258.15,17.46%,$205.09,-6.68%,$232.51,5.80%,SANM,NASDAQ:SANM,0.501,$168.75,6.67%
NYSE:SAP,19 Jan 2026,$252.69,3,$275.84,9,,$162.59,55.42%,,,,$157.14,-3.35%,$222.33,36.74%,$304.28,87.14%,SAP,NYSE:SAP,-0.395,$290.17,-4.94%
NASDAQ:SBCF,19 Nov 2025,$31.14,3,$34.17,5,,$33.28,-6.43%,,,,$33.48,0.60%,$0.00,-100.00%,$0.00,-100.00%,SBCF,NASDAQ:SBCF,-0.236,$35.08,-2.59%
NASDAQ:SBGI,23 Dec 2025,$15.71,3,$19.20,5,,$15.42,1.87%,,,,$14.26,-7.52%,-$8.40,-154.46%,$147.06,853.71%,SBGI,NASDAQ:SBGI,-0.520,$17.71,8.41%
NASDAQ:SBLK,16 Feb 2026,$23.85,3,,6,,$25.15,-5.15%,,,,$25.12,-0.12%,$35.07,39.43%,$49.67,97.51%,SBLK,NASDAQ:SBLK,-0.046,$29.98,
NYSE:SBS,23 Jun 2026,$5.49,3,,1,3.19,$5.75,-4.45%,-4.45%,$5.49,$32.97,$6.00,4.35%,$9.07,57.82%,$12.39,115.40%,SBS,NYSE:SBS,0.460,$32.97,
NASDAQ:SBSI,14 Oct 2025,$30.23,3,$34.50,3,,$34.90,-13.38%,,,,,-100.00%,-$2.00,-105.73%,-$2.00,-105.73%,SBSI,NYSE:SBSI,-2.000,,
NYSE:SBSI,1 Jun 2026,$34.46,3,$35.50,6,,$34.90,-1.27%,,,,$36.48,4.53%,-$185.68,-632.03%,-$182.15,-621.93%,SBSI,NYSE:SBSI,0.177,$35.00,1.43%
NYSE:SCHW,24 Jun 2026,$96.20,3,$116.58,7,3.36,$97.00,-0.82%,-0.82%,$96.20,$116.58,$98.63,1.68%,$0.00,-100.00%,$0.00,-100.00%,SCHW,NYSE:SCHW,0.369,$115.25,1.15%
NASDAQ:SCNX,6 Jun 2025,$1.16,3,,,,$0.34,240.59%,,,,$0.35,2.94%,-$178.95,-52733.04%,$482.15,141709.48%,SCNX,NASDAQ:SCNX,-0.690,$1.50,
NYSE:SCS,28 Oct 2024,$12.86,3,,,,#N/A,#N/A,,,,,#N/A,-$2.00,#N/A,-$2.00,#N/A,SCS,NYSE:SCS,-2.000,,
NASDAQ:SCSC,19 Nov 2025,$53.05,5,$43.00,3,,$50.87,-15.47%,,,,$51.86,1.95%,$80.09,57.44%,$91.72,80.31%,SCSC,NASDAQ:SCSC,-0.628,$51.67,-16.78%
NYSE:SD,22 Jan 2026,$15.77,3,,5,,$13.24,19.13%,,,,$14.18,7.10%,$28.03,111.71%,$65.99,398.39%,SD,NYSE:SD,0.175,$15.00,
NYSE:SE,19 Aug 2025,$134.13,1,,,,$103.30,29.85%,,,,$94.99,-8.04%,$208.96,102.29%,$209.86,103.16%,SE,NYSE:SE,-0.648,$138.27,
NASDAQ:SEIC,27 Aug 2025,$87.30,2,,,,$91.43,-4.51%,,,,$87.55,-4.24%,$0.00,-100.00%,$0.00,-100.00%,SEIC,NASDAQ:SEIC,-0.494,$97.43,
NYSE:SEM,27 Apr 2026,$23.31,5,$16.50,8,,$16.51,-0.06%,,,,$16.95,2.67%,$0.00,-100.00%,$0.00,-100.00%,SEM,NYSE:SEM,0.356,$16.62,-0.72%
NYSE:SEMR,5 Feb 2026,$14.95,4,,,,#N/A,#N/A,,,,,#N/A,-$2.00,#N/A,-$2.00,#N/A,SEMR,NYSE:SEMR,-2.000,,
NYSEAMERICAN:SENS,28 Oct 2025,$7.44,1,$2.69,1,,$5.48,-50.91%,,,,,-100.00%,-$2.00,-136.50%,-$2.00,-136.50%,SENS,NASDAQ:SENS,-2.000,,
NASDAQ:SENS,23 Dec 2025,$8.28,4,$18.92,6,,$5.48,51.18%,,,,$5.28,-3.65%,$1.70,-69.03%,$1.76,-67.92%,SENS,NASDAQ:SENS,-0.741,$18.92,0.00%
NASDAQ:SERV,11 Nov 2025,$12.60,3,$20.50,2,,$6.31,99.74%,,,,$6.93,9.83%,$5.97,-5.43%,$6.08,-3.71%,SERV,NASDAQ:SERV,0.050,$18.25,12.33%
NYSE:SF,29 Jun 2026,$83.09,3,$84.00,6,3.65,$73.17,13.56%,13.56%,$83.09,$87.75,$75.13,2.68%,$0.00,-100.00%,$0.00,-100.00%,SF,NYSE:SF,0.714,$87.75,-4.27%
NYSE:SFBS,16 Mar 2026,$84.39,4,$91.00,8,,$86.64,-2.60%,,,,$87.23,0.68%,$0.00,-100.00%,$0.00,-100.00%,SFBS,NYSE:SFBS,-0.179,$93.67,-2.85%
NASDAQ:SFM,19 Mar 2026,$146.44,3,$91.64,9,,$89.94,1.89%,,,,$82.83,-7.91%,$110.82,23.21%,$168.73,87.60%,SFM,NASDAQ:SFM,-0.212,$92.14,-0.54%
NASDAQ:SFNC,2 Oct 2025,$20.10,3,$22.60,8,,$22.84,-12.01%,,,,$22.92,0.35%,$0.00,-100.00%,$0.00,-100.00%,SFNC,NASDAQ:SFNC,-0.049,$23.57,-4.12%
NASDAQ:SFST,13 Apr 2026,$53.20,3,$64.00,7,,$61.19,-13.06%,,,,$61.41,0.36%,-$371.01,-706.32%,-$364.65,-695.94%,SFST,NASDAQ:SFST,-0.284,$64.00,0.00%
NYSE:SG,22 Sep 2025,$11.88,3,$14.64,2,,$8.77,35.47%,,,,$8.69,-0.91%,$0.00,-100.00%,$0.00,-100.00%,SG,NYSE:SG,-0.312,$6.83,114.35%
NYSE:SGHC,28 Oct 2025,$9.69,2,,,,$14.51,-33.25%,,,,$13.62,-6.13%,$14.86,2.39%,$14.86,2.39%,SGHC,NYSE:SGHC,-0.111,$17.38,
NASDAQ:SGHT,11 Dec 2025,$10.39,3,$6.67,5,,$5.45,22.39%,,,,$5.25,-3.67%,$4.86,-10.91%,$5.03,-7.76%,SGHT,NASDAQ:SGHT,-0.480,$8.34,-20.02%
NASDAQ:SGML,12 Aug 2025,$7.24,3,,,,$12.29,-41.08%,,,,$12.10,-1.55%,$0.00,-100.00%,$0.00,-100.00%,SGML,NASDAQ:SGML,-0.882,$18.17,
NASDAQ:SGRY,24 Aug 2025,$30.88,4,$30.70,8,,$17.23,78.18%,,,,$17.32,0.52%,$0.00,-100.00%,$0.00,-100.00%,SGRY,NASDAQ:SGRY,0.047,$18.05,70.08%
NYSE:SHAK,19 Sep 2025,$85.64,2,$132.93,5,,$56.47,51.66%,,,,$54.94,-2.71%,$0.00,-100.00%,$0.00,-100.00%,SHAK,NYSE:SHAK,-0.755,$115.04,15.55%
NASDAQ:SHBI,19 Mar 2026,$18.10,3,$20.50,6,,$23.03,-21.42%,,,,$23.01,-0.09%,$0.00,-100.00%,$0.00,-100.00%,SHBI,NASDAQ:SHBI,-0.332,$21.38,-4.12%
NYSE:SHG,19 Nov 2025,$55.13,3,,5,,$66.88,-17.57%,,,,$61.43,-8.15%,$0.00,-100.00%,$0.00,-100.00%,SHG,NYSE:SHG,-0.526,$91.71,
NASDAQ:SHIP,16 Feb 2026,$10.93,3,$16.00,10,,$13.43,-18.63%,,,,$13.99,4.17%,$75.37,461.24%,$104.33,676.87%,SHIP,NASDAQ:SHIP,0.070,$17.50,-8.57%
NASDAQ:SHLS,9 Feb 2026,$7.09,2,$10.69,7,,$9.95,-28.79%,,,,$9.72,-2.31%,$12.21,22.70%,$12.93,29.92%,SHLS,NASDAQ:SHLS,-0.282,$9.45,13.12%
NASDAQ:SHOP,22 Jan 2026,$148.25,3,$180.62,6,,$119.46,24.10%,,,,$117.26,-1.84%,$149.44,25.10%,$149.79,25.39%,SHOP,NASDAQ:SHOP,-0.476,$159.70,13.10%
NASDAQ:SHPH,28 Oct 2025,$5.16,3,,,,$3.58,44.02%,,,,$0.00,-100.00%,-$1.42,-139.63%,-$1.38,-138.49%,SHPH,NASDAQ:SHPH,-1.000,,
NYSE:SHW,15 May 2024,$256.70,1,,,,$352.48,-27.17%,,,,$358.89,1.82%,$0.00,-100.00%,$0.00,-100.00%,SHW,NYSE:SHW,0.153,$378.19,
NASDAQ:SIBN,11 Dec 2025,$22.76,3,$23.20,6,,$17.11,33.02%,,,,$16.53,-3.39%,$15.49,-9.48%,$18.31,7.00%,SIBN,NASDAQ:SIBN,-0.464,$25.50,-9.02%
NYSE:SIG,27 Mar 2026,$92.19,3,$113.60,10,,$84.12,9.59%,,,,$84.77,0.77%,$0.00,-100.00%,$0.00,-100.00%,SIG,NYSE:SIG,-0.109,$110.78,2.55%
NASDAQ:SILC,9 Feb 2026,$16.71,3,,4,,$42.59,-60.78%,,,,$43.71,2.63%,$50.18,17.81%,$50.38,18.30%,SILC,NASDAQ:SILC,-0.330,$20.00,
NASDAQ:SIMO,27 Jan 2026,$94.86,1,$119.17,10,,$300.71,-68.45%,,,,$337.83,12.34%,$342.11,13.77%,$319.25,6.16%,SIMO,NASDAQ:SIMO,0.321,$157.20,-24.19%
NASDAQ:SIRI,5 May 2025,$31.75,3,$22.14,6,,$30.51,-27.43%,,,,$29.18,-4.36%,$39.73,30.22%,$57.74,89.23%,SIRI,NASDAQ:SIRI,-0.112,$24.23,-8.63%
NYSE:SITC,30 Jun 2026,$6.94,5,$6.00,3,4.40,$4.49,33.63%,33.63%,$6.00,$6.94,$4.79,6.68%,$24.50,445.55%,$93.41,1980.40%,SITC,NYSE:SITC,0.913,$6.00,0.00%
NASDAQ:SITM,5 Feb 2026,$354.78,3,,,,$601.66,-41.03%,,,,$745.56,23.92%,$720.25,19.71%,$741.42,23.23%,SITM,NASDAQ:SITM,0.071,$495.56,
NYSE:SJM,18 Aug 2025,$126.48,5,$113.93,4,,$116.28,-2.02%,,,,$113.63,-2.28%,$0.00,-100.00%,$0.00,-100.00%,SJM,NYSE:SJM,-0.330,$120.25,-5.26%
NYSE:SKE,24 Oct 2025,$9.86,2,,,,$28.70,-65.64%,,,,$25.87,-9.86%,$20.90,-27.19%,$20.96,-26.97%,SKE,NYSE:SKE,-0.500,,
NASDAQ:SKWD,26 Aug 2025,$42.11,3,,,,$61.42,-31.43%,,,,$57.82,-5.86%,$0.00,-100.00%,$0.00,-100.00%,SKWD,NASDAQ:SKWD,-0.491,$60.18,
NYSE:SKY,31 Mar 2026,$97.81,5,$102.33,4,,$85.25,14.73%,,,,$84.92,-0.39%,$147.61,73.15%,$156.04,83.04%,SKY,NYSE:SKY,-0.451,$95.40,7.26%
NASDAQ:SKYT,26 May 2026,$23.87,3,$35.00,8,,$34.24,-30.28%,,,,$36.08,5.37%,$40.14,17.23%,$37.30,8.95%,SKYT,NASDAQ:SKYT,0.276,$35.00,0.00%
NASDAQ:SLAB,27 Jan 2026,$111.32,1,,,,$218.22,-48.99%,,,,$229.30,5.08%,$252.32,15.63%,$257.24,17.88%,SLAB,NASDAQ:SLAB,0.771,$222.86,
NYSE:SLB,2 Jul 2026,$49.71,4,$63.13,9,4.15,$45.13,10.15%,10.15%,$49.71,$63.13,$48.15,6.69%,$85.90,90.33%,$104.02,130.48%,SLB,NYSE:SLB,0.655,$56.36,12.01%
NYSE:SLGN,29 Aug 2025,$46.96,3,$59.57,7,,$46.39,1.23%,,,,$46.05,-0.73%,$345.95,645.74%,$375.78,710.04%,SLGN,NYSE:SLGN,-0.405,$53.92,10.48%
NASDAQ:SLM,30 Jun 2026,$31.97,4,$28.50,7,3.53,$25.60,11.33%,11.33%,$28.50,$31.97,$26.65,4.10%,$0.00,-100.00%,$0.00,-100.00%,SLM,NASDAQ:SLM,0.245,$29.00,-1.72%
NYSE:SM,20 Sep 2025,$40.61,3,$36.25,6,,$26.85,35.01%,,,,$25.82,-3.84%,$0.00,-100.00%,$0.00,-100.00%,SM,NYSE:SM,-0.042,$37.62,-3.64%
NASDAQ:SMBK,7 Oct 2025,$38.18,3,$37.00,5,,$47.34,-21.84%,,,,,-100.00%,-$2.00,-104.22%,-$2.00,-104.22%,SMBK,NYSE:SMBK,-2.000,,
NYSE:SMFG,19 Aug 2025,$16.00,3,,,,$24.53,-34.76%,,,,$24.91,1.55%,-$201.14,-919.99%,-$196.26,-900.07%,SMFG,NYSE:SMFG,0.411,$25.84,
NASDAQ:SMLR,11 Dec 2025,$21.60,3,$68.50,4,,#N/A,#N/A,,,,,#N/A,-$2.00,#N/A,-$2.00,#N/A,SMLR,NASDAQ:SMLR,-2.000,,
NYSE:SMR,14 Jan 2026,$19.90,3,$32.77,7,,$9.76,103.90%,,,,$9.88,1.23%,$9.91,1.55%,$9.93,1.71%,SMR,NYSE:SMR,-0.736,$17.00,92.76%
NYSE:SNDA,15 Nov 2024,$24.98,3,,,,$42.21,-40.82%,,,,$40.57,-3.89%,$0.00,-100.00%,$0.00,-100.00%,SNDA,NYSE:SNDA,-0.209,$35.75,
NYSE:SNN,11 Dec 2025,$33.47,3,$35.75,3,,$30.25,10.64%,,,,$29.00,-4.13%,$0.00,-100.00%,$0.00,-100.00%,SNN,NYSE:SNN,-0.188,$36.06,-0.86%
NASDAQ:SNSE,28 Oct 2025,$14.48,3,$30.00,,,#N/A,#N/A,,,,$0.00,#N/A,-$32.71,#N/A,-$30.98,#N/A,SNSE,NASDAQ:SNSE,-1.000,$32.50,-7.69%
NYSE:SNV,18 Nov 2025,$47.73,3,$56.00,4,,#N/A,#N/A,,,,,#N/A,-$2.00,#N/A,-$2.00,#N/A,SNV,NYSE:SNV,-2.000,,
NYSE:SO,24 Oct 2025,$88.60,2,,,,$97.98,-9.57%,,,,$98.82,0.86%,$13.85,-85.87%,$60.53,-38.22%,SO,NYSE:SO,0.440,$101.72,
NASDAQ:SOFI,7 Jul 2025,$14.49,2,,,,$18.24,-20.56%,,,,$18.17,-0.38%,-$5.13,-128.13%,-$7.23,-139.62%,SOFI,NASDAQ:SOFI,-0.116,$23.52,
NYSE:SON,19 Nov 2025,$53.35,3,$52.43,10,,$57.42,-8.69%,,,,$56.12,-2.26%,$0.00,-100.00%,$0.00,-100.00%,SON,NYSE:SON,-0.420,$60.89,-13.89%
NASDAQ:SONO,22 Jan 2026,$16.57,3,$19.67,8,,$13.62,21.68%,,,,$13.31,-2.28%,$69.08,407.19%,$75.19,452.07%,SONO,NASDAQ:SONO,-0.324,$19.12,2.88%
NYSE:SONY,18 Feb 2026,$26.99,4,$32.00,8,,$20.79,29.82%,,,,$20.12,-3.22%,$59.41,185.76%,$75.77,264.46%,SONY,NYSE:SONY,-0.195,$28.54,12.12%
NASDAQ:SOUN,28 Jul 2025,$8.77,2,,,,$6.55,33.89%,,,,$6.51,-0.61%,$6.11,-6.78%,$6.22,-5.00%,SOUN,NASDAQ:SOUN,-0.440,$14.62,
NASDAQ:SPFI,19 Nov 2025,$37.17,3,$43.00,2,,$42.56,-12.66%,,,,$44.65,4.91%,-$171.59,-503.17%,-$167.92,-494.55%,SPFI,NASDAQ:SPFI,0.044,$47.67,-9.80%
NYSE:SPGI,25 Jun 2026,$468.23,5,,,3.74,$439.89,6.44%,6.44%,$468.23,$534.05,$402.81,-8.43%,$717.72,63.16%,$787.16,78.94%,SPGI,NYSE:SPGI,-0.012,$534.05,
NYSE:SPOT,19 May 2025,$495.00,2,$659.00,7,,$485.97,1.86%,,,,$453.81,-6.62%,$0.00,-100.00%,$0.00,-100.00%,SPOT,NYSE:SPOT,-0.821,$644.76,2.21%
NASDAQ:SPSC,10 Feb 2026,$142.13,3,$102.87,2,,$59.07,74.15%,,,,$57.09,-3.35%,$0.00,-100.00%,$0.00,-100.00%,SPSC,NASDAQ:SPSC,-0.777,$68.09,51.08%
NASDAQ:SPWR,9 Feb 2026,$1.50,3,,,,$0.63,138.10%,,,,$0.00,-100.00%,$0.00,-100.00%,$0.00,-100.00%,SPWR,NASDAQ:SPWR,-1.000,$4.70,
NYSE:SPXC,16 May 2025,$153.79,3,$180.00,7,,$227.74,-32.47%,,,,$227.80,0.03%,$0.00,-100.00%,$0.00,-100.00%,SPXC,NYSE:SPXC,-0.777,$265.42,-32.18%
NYSE:SQNS,4 Feb 2026,$12.48,3,$14.50,5,,$3.20,290.00%,,,,,-100.00%,-$2.00,-162.50%,-$2.00,-162.50%,SQNS,NYSE:SQNS,-2.000,,
NASDAQ:SRCE,19 Nov 2025,$63.63,3,,,,$82.09,-22.49%,,,,$81.01,-1.32%,-$81.70,-199.52%,-$69.73,-184.95%,SRCE,NASDAQ:SRCE,-0.080,$76.33,
NASDAQ:SSB,9 Oct 2025,$96.36,3,,,,$100.16,-3.79%,,,,,-100.00%,-$2.00,-102.00%,-$2.00,-102.00%,SSB,NYSE:SSB,-2.000,,
NYSE:SSB,19 Nov 2025,$91.92,3,,,,$100.16,-8.23%,,,,$103.89,3.72%,-$424.44,-523.76%,-$397.08,-496.45%,SSB,NYSE:SSB,0.080,$116.54,
NASDAQ:SSNC,22 Jan 2026,$86.73,3,$103.29,6,,$65.52,32.37%,,,,$61.41,-6.27%,$0.00,-100.00%,$0.00,-100.00%,SSNC,NASDAQ:SSNC,-0.643,$94.78,8.98%
NASDAQ:SSRM,19 Aug 2025,$11.31,2,,,,$30.62,-63.06%,,,,$27.77,-9.31%,$55.40,80.91%,$70.05,128.78%,SSRM,NASDAQ:SSRM,-0.648,$44.10,
NYSE:ST,16 Feb 2026,$42.55,5,$38.40,4,,$45.34,-15.31%,,,,$49.06,8.20%,$61.03,34.60%,$80.07,76.59%,ST,NYSE:ST,0.356,$46.67,-17.72%
NYSE:STAG,19 Aug 2025,$40.11,5,$38.25,9,,$39.16,-2.32%,,,,$39.65,1.25%,$0.00,-100.00%,$0.00,-100.00%,STAG,NYSE:STAG,0.374,$41.45,-7.72%
NASDAQ:STBA,27 May 2026,$47.60,3,$44.00,7,,$49.13,-10.44%,,,,$49.66,1.08%,-$134.98,-374.73%,-$134.67,-374.12%,STBA,NASDAQ:STBA,-0.087,$44.67,-1.50%
NYSE:STC,6 Jan 2025,$58.82,3,$83.00,2,,$67.96,-13.45%,,,,$66.07,-2.78%,"$10,632.18",15544.76%,"$10,652.26",15574.31%,STC,NYSE:STC,-0.272,$80.00,3.75%
NYSE:STE,4 Dec 2025,$261.00,3,$290.00,2,,$218.20,19.61%,,,,$212.47,-2.63%,$287.83,31.91%,$355.70,63.02%,STE,NYSE:STE,-0.368,$279.29,3.83%
NYSE:STEL,19 Nov 2025,$31.12,3,$32.50,5,,$39.32,-20.85%,,,,$39.79,1.20%,$0.00,-100.00%,$0.00,-100.00%,STEL,NYSE:STEL,-0.105,$38.00,-14.47%
NASDAQ:STIM,4 Dec 2025,$1.24,3,,4,,$1.41,-12.29%,,,,$1.27,-9.93%,-$0.49,-134.80%,-$0.01,-100.50%,STIM,NASDAQ:STIM,-0.598,$4.33,
NASDAQ:STKL,24 Aug 2025,$6.28,3,$10.00,3,,#N/A,#N/A,,,,,#N/A,-$2.00,#N/A,-$2.00,#N/A,STKL,NASDAQ:STKL,-2.000,,
NYSE:STLA,15 Dec 2025,$15.78,3,$11.43,6,,$5.81,96.73%,,,,$5.76,-0.86%,$0.00,-100.00%,$0.00,-100.00%,STLA,NYSE:STLA,-0.295,$9.48,20.57%
NASDAQ:STLD,20 Aug 2024,$128.16,3,,,,$220.39,-41.85%,,,,$220.56,0.08%,$0.00,-100.00%,$0.00,-100.00%,STLD,NASDAQ:STLD,-0.218,$227.61,
NYSE:STM,5 Feb 2026,$31.81,3,,,,$68.35,-53.46%,,,,$75.21,10.04%,$75.12,9.91%,$90.51,32.42%,STM,NYSE:STM,0.404,$37.08,
NYSE:STN,23 Aug 2024,$76.85,2,,,,$70.03,9.74%,,,,$71.62,2.27%,$158.56,126.42%,$202.71,189.46%,STN,NYSE:STN,0.376,$94.28,
NASDAQ:STNE,1 Dec 2025,$15.75,3,$21.00,6,,$11.17,40.99%,,,,$10.88,-2.60%,-$10.30,-192.17%,$0.02,-99.85%,STNE,NASDAQ:STNE,-0.129,$19.51,7.64%
NASDAQ:STRL,12 Jun 2025,$186.70,3,,,,$700.75,-73.36%,,,,$832.82,18.85%,$0.00,-100.00%,$0.00,-100.00%,STRL,NASDAQ:STRL,0.235,$609.80,
NYSE:STT,22 Feb 2026,$119.80,2,$144.32,7,,$170.69,-29.81%,,,,$169.36,-0.78%,$0.00,-100.00%,$0.00,-100.00%,STT,NYSE:STT,-0.231,$149.75,-3.63%
NYSE:STVN,16 Feb 2026,$17.21,3,$23.83,3,,$19.00,-9.41%,,,,$17.95,-5.53%,-$13.29,-169.97%,$13.88,-26.93%,STVN,NYSE:STVN,-0.255,$24.72,-3.60%
NYSE:SU,30 Jun 2026,$58.27,3,$71.58,9,3.86,$55.05,5.85%,5.85%,$58.27,$71.58,$56.63,2.87%,$91.55,66.30%,$151.82,175.78%,SU,NYSE:SU,0.788,$61.37,16.64%
NASDAQ:SUPN,23 Dec 2025,$50.64,3,$61.33,10,,$48.05,5.38%,,,,$45.48,-5.35%,$0.00,-100.00%,$0.00,-100.00%,SUPN,NASDAQ:SUPN,-0.702,$62.67,-2.14%
NYSE:SUPV,19 Nov 2025,$12.63,4,$12.00,5,,$9.55,25.65%,,,,$9.15,-4.19%,"-$24,234.97",-253869.36%,"-$24,233.12",-253849.91%,SUPV,NYSE:SUPV,-0.020,$12.87,-6.76%
NYSEAMERICAN:SVM,20 Aug 2025,$6.52,0,,1,,$10.27,-36.51%,,,,$11.06,7.69%,$26.29,155.99%,$28.78,180.24%,SVM,NYSEAMERICAN:SVM,0.426,$13.00,
NYSE:SW,22 Aug 2025,$50.29,5,$54.66,8,,$45.93,9.50%,,,,$45.90,-0.07%,$34.67,-24.53%,$80.55,75.38%,SW,NYSE:SW,-0.302,$55.13,-0.85%
NASDAQ:SWKS,27 Apr 2026,$82.45,5,$63.83,1,,$62.56,2.03%,,,,$72.02,15.12%,$154.31,146.65%,$186.06,197.41%,SWKS,NASDAQ:SWKS,0.638,$67.16,-4.96%
NYSE:SXI,11 Nov 2025,$213.24,3,$264.25,5,,$327.87,-34.96%,,,,$369.84,12.80%,$334.92,2.15%,$366.35,11.74%,SXI,NYSE:SXI,0.542,$276.80,-4.53%
NASDAQ:SYBT,13 Apr 2026,$73.37,3,$77.00,4,,$78.15,-6.11%,,,,$77.35,-1.02%,-$98.12,-225.55%,-$89.19,-214.13%,SYBT,NASDAQ:SYBT,-0.227,$74.40,3.49%
NYSE:SYF,19 Feb 2026,$71.94,3,$91.60,6,,$76.33,-5.75%,,,,$78.67,3.07%,$312.23,309.06%,$339.45,344.71%,SYF,NYSE:SYF,0.165,$85.30,7.39%
NYSE:SYK,11 Dec 2025,$359.86,3,$434.53,3,,$326.54,10.20%,,,,$309.62,-5.18%,$570.76,74.79%,$626.88,91.98%,SYK,NYSE:SYK,-0.429,$419.11,3.68%
NASDAQ:SYM,19 Nov 2025,$41.10,2,$52.14,6,,$42.74,-3.85%,,,,$44.54,4.21%,$94.48,121.06%,$97.11,127.21%,SYM,NASDAQ:SYM,-0.271,$64.81,-19.55%
NASDAQ:SYNA,27 Jan 2026,$98.81,4,$93.33,9,,$119.52,-21.91%,,,,$131.31,9.86%,$134.15,12.24%,$201.09,68.25%,SYNA,NASDAQ:SYNA,0.334,$101.45,-8.00%
NYSE:SYY,23 Aug 2024,$74.21,3,,,,$84.83,-12.52%,,,,$85.23,0.47%,$0.00,-100.00%,$0.00,-100.00%,SYY,NYSE:SYY,0.080,$86.20,
NYSE:TAK,19 Oct 2025,$15.76,5,$18.00,6,,$16.77,-6.02%,,,,$16.11,-3.94%,$23.57,40.52%,$39.32,134.45%,TAK,NYSE:TAK,-0.054,$20.59,-12.58%
NYSE:TAL,20 Aug 2025,$11.69,3,$12.31,4,,$9.81,19.15%,,,,$0.00,-100.00%,$0.00,-100.00%,$0.00,-100.00%,TAL,NYSE:TAL,-1.000,$15.61,-21.14%
NASDAQ:TASK,30 Jan 2026,$15.02,3,$15.90,2,,#N/A,#N/A,,,,$5.48,#N/A,$21.38,#N/A,$51.37,#N/A,TASK,NASDAQ:TASK,0.911,$12.00,32.50%
NASDAQ:TATT,24 Oct 2025,$40.25,3,,,,$47.60,-15.44%,,,,$47.27,-0.69%,$0.00,-100.00%,$0.00,-100.00%,TATT,NASDAQ:TATT,-0.479,$60.14,
NYSE:TBB,6 Nov 2025,$23.22,1,,1,,$22.69,2.34%,,,,$20.37,-10.22%,$0.00,-100.00%,$0.00,-100.00%,TBB,NYSE:TBB,-0.577,,
NYSE:TBBB,13 Jun 2025,$23.99,3,,,,$42.07,-42.98%,,,,$40.86,-2.88%,$47.00,11.72%,$74.58,77.28%,TBBB,NYSE:TBBB,-0.052,$40.39,
NASDAQ:TBBK,1 Jun 2026,$64.98,3,$66.00,4,,$63.89,1.71%,,,,$63.42,-0.74%,-$40.57,-163.49%,-$38.95,-160.96%,TBBK,NASDAQ:TBBK,-0.141,$71.33,-7.47%
NASDAQ:TBCH,27 Jan 2026,$17.12,3,$19.75,6,,$12.55,36.41%,,,,$12.52,-0.24%,$37.37,197.75%,$45.27,260.71%,TBCH,NASDAQ:TBCH,-0.166,$16.33,20.94%
NYSE:TBN,11 Dec 2025,$26.01,3,$37.75,8,,$30.93,-15.91%,,,,$31.12,0.61%,$18.25,-40.99%,$18.28,-40.89%,TBN,NYSE:TBN,-0.274,$59.50,-36.55%
NASDAQ:TBRG,31 Dec 2025,$24.09,3,$21.00,5,,$26.24,-19.97%,,,,$26.57,1.26%,$30.92,17.85%,$88.93,238.91%,TBRG,NASDAQ:TBRG,-0.033,$25.67,-18.19%
NASDAQ:TCBI,27 May 2026,$96.83,3,$105.20,4,,$103.95,-6.85%,,,,$103.54,-0.39%,-$366.88,-452.94%,-$352.69,-439.28%,TCBI,NASDAQ:TCBI,-0.100,$104.31,0.85%
NASDAQ:TCBK,27 May 2026,$51.81,3,$63.00,3,,$54.54,-5.01%,,,,$55.91,2.51%,-$168.42,-408.80%,-$163.58,-399.93%,TCBK,NASDAQ:TCBK,0.050,$54.50,15.60%
NYSE:TCBX,1 Jun 2026,$39.78,3,$45.00,5,,$40.00,-0.54%,,,,$40.50,1.25%,-$216.85,-642.13%,-$203.93,-609.83%,TCBX,NYSE:TCBX,-0.056,$43.67,3.05%
NASDAQ:TCMD,4 Dec 2025,$31.83,5,$26.67,8,,$31.35,-14.93%,,,,$29.67,-5.36%,$0.00,-100.00%,$0.00,-100.00%,TCMD,NASDAQ:TCMD,-0.552,$38.50,-30.73%
NYSE:TD,19 Aug 2025,$67.13,3,$73.85,7,,$119.30,-43.73%,,,,$125.21,4.95%,$0.00,-100.00%,$0.00,-100.00%,TD,NYSE:TD,0.193,$98.92,-25.34%
NYSE:TDC,11 Feb 2026,$35.11,5,$32.80,10,,$34.56,-5.09%,,,,$34.18,-1.10%,$0.00,-100.00%,$0.00,-100.00%,TDC,NYSE:TDC,-0.351,$35.18,-6.77%
NYSE:TDG,20 Sep 2024,"$1,185.75",2,"$1,509.83",4,,"$1,348.49",-12.07%,,,,"$1,371.82",1.73%,"$1,657.44",22.91%,"$1,788.90",32.66%,TDG,NYSE:TDG,0.161,"$1,537.14",-1.78%
NYSE:TDOC,22 Aug 2025,$12.69,3,$9.06,7,,$9.20,-1.52%,,,,$8.60,-6.52%,$0.00,-100.00%,$0.00,-100.00%,TDOC,NYSE:TDOC,-0.364,$7.14,26.89%
NASDAQ:TEAM,11 Dec 2025,$216.58,3,$237.35,8,,$83.84,158.33%,,,,$79.02,-5.75%,$0.00,-100.00%,$0.00,-100.00%,TEAM,NASDAQ:TEAM,-0.751,$141.70,67.50%
NYSE:TEL,19 Jan 2026,$189.61,1,$275.58,6,,$197.44,-3.97%,,,,$208.91,5.81%,$0.00,-100.00%,$0.00,-100.00%,TEL,NYSE:TEL,0.344,$264.47,4.20%
NYSE:TEN,29 Apr 2026,$34.19,3,$50.00,8,,$37.37,-8.51%,,,,$36.82,-1.47%,$0.00,-100.00%,$0.00,-100.00%,TEN,NYSE:TEN,0.407,$46.00,8.70%
NASDAQ:TENB,23 Dec 2025,$34.90,3,$37.75,7,,$38.60,-9.59%,,,,$36.37,-5.78%,$0.00,-100.00%,$0.00,-100.00%,TENB,NASDAQ:TENB,-0.641,$27.05,39.56%
NYSE:TEO,18 Sep 2025,$8.99,5,$9.60,3,,$12.55,-28.37%,,,,$12.58,0.24%,"$2,523.27",20005.74%,"$9,995.54",79545.71%,TEO,NYSE:TEO,-0.048,$13.84,-30.64%
NASDAQ:TER,19 Jan 2026,$152.12,1,$213.18,7,,$369.09,-58.79%,,,,$474.42,28.54%,$469.41,27.18%,$478.15,29.55%,TER,NASDAQ:TER,0.267,$329.59,-35.32%
NYSE:TFC,19 Nov 2025,$46.61,3,$49.70,7,,$50.98,-8.56%,,,,$49.57,-2.77%,$0.00,-100.00%,$0.00,-100.00%,TFC,NYSE:TFC,-0.260,$54.82,-9.34%
NASDAQ:TFIN,2 Oct 2025,$64.43,3,$64.00,1,,$77.01,-16.89%,,,,,-100.00%,-$2.00,-102.60%,-$2.00,-102.60%,TFIN,NYSE:TFIN,-2.000,,
NYSE:TFIN,19 Nov 2025,$53.40,3,,,,$77.01,-30.66%,,,,$76.99,-0.03%,$0.00,-100.00%,$0.00,-100.00%,TFIN,NYSE:TFIN,-0.297,$68.80,
NYSE:TFPM,16 Aug 2025,$20.81,1,,,,$31.49,-33.91%,,,,$32.32,2.64%,$57.14,81.45%,$63.55,101.82%,TFPM,NYSE:TFPM,0.361,$45.00,
NASDAQ:TFSL,12 Oct 2025,$12.76,3,$13.50,4,,$17.84,-28.47%,,,,$17.75,-0.50%,-$25.30,-241.80%,-$23.99,-234.49%,TFSL,NASDAQ:TFSL,-0.080,$15.50,-12.90%
NYSE:TGLS,23 Aug 2025,$69.51,3,,,,$45.62,52.37%,,,,$47.07,3.18%,$49.03,7.48%,$58.22,27.63%,TGLS,NYSE:TGLS,-0.253,$57.00,
NYSE:TGS,19 Nov 2025,$29.26,3,$13.33,7,,$28.40,-53.06%,,,,$30.55,7.57%,$37.34,31.47%,$83.28,193.24%,TGS,NYSE:TGS,0.156,$38.21,-65.11%
NYSE:TGT,21 Sep 2025,$120.25,3,$103.27,3,,$130.21,-20.69%,,,,$133.93,2.86%,$0.00,-100.00%,$0.00,-100.00%,TGT,NYSE:TGT,0.271,$125.53,-17.73%
NASDAQ:THFF,27 May 2026,$67.98,3,$70.00,5,,$77.02,-11.73%,,,,$77.18,0.21%,$0.00,-100.00%,$0.00,-100.00%,THFF,NASDAQ:THFF,-0.209,$71.50,-2.10%
NYSE:THO,29 Jul 2024,$143.00,5,,,,$76.50,86.93%,,,,$75.24,-1.65%,$0.00,-100.00%,$0.00,-100.00%,THO,NYSE:THO,-0.034,$105.50,
NYSE:THR,19 Nov 2025,$40.68,4,$38.00,8,,#N/A,#N/A,,,,,#N/A,-$2.00,#N/A,-$2.00,#N/A,THR,NYSE:THR,-2.000,,
NASDAQ:THRY,11 Feb 2026,$8.29,3,$13.00,2,,$4.29,93.16%,,,,$3.94,-8.16%,$0.00,-100.00%,$0.00,-100.00%,THRY,NASDAQ:THRY,-0.641,$4.67,178.37%
NASDAQ:TIGR,24 Oct 2025,$10.39,3,$11.86,9,,$4.58,126.86%,,,,$4.78,4.37%,$0.00,-100.00%,$0.00,-100.00%,TIGR,NASDAQ:TIGR,0.055,$12.63,-6.10%
NASDAQ:TILE,13 Feb 2025,$17.99,3,$30.00,7,,$35.67,-49.58%,,,,$35.49,-0.50%,$0.00,-100.00%,$0.00,-100.00%,TILE,NASDAQ:TILE,-0.633,$36.67,-18.19%
NYSE:TJX,18 Aug 2025,$107.88,1,$144.77,9,,$154.26,-30.07%,,,,$151.74,-1.63%,$0.00,-100.00%,$0.00,-100.00%,TJX,NYSE:TJX,-0.048,$172.17,-15.91%
NASDAQ:TKLF,19 Oct 2025,$5.59,3,,,,$2.00,179.50%,,,,,-100.00%,-$2.00,-200.00%,-$2.00,-200.00%,TKLF,NASDAQ:TKLF,-2.000,,
NYSE:TKR,16 Jun 2026,$121.71,2,$138.67,6,2.41,$139.16,-12.54%,-12.54%,$113.64,$138.67,$148.06,6.40%,$172.38,23.87%,$205.68,47.80%,TKR,NYSE:TKR,0.063,$113.64,22.03%
NASDAQ:TLRY,14 Aug 2025,$1.31,3,,,,$4.62,-71.71%,,,,$4.12,-10.82%,$0.00,-100.00%,$0.00,-100.00%,TLRY,NASDAQ:TLRY,-0.943,$10.04,
NASDAQ:TLSI,11 Dec 2025,$8.40,3,$11.60,9,,$4.69,79.06%,,,,$4.31,-8.10%,$2.07,-55.93%,$2.10,-55.27%,TLSI,NASDAQ:TLSI,-0.631,$9.20,26.09%
NASDAQ:TLX,11 Dec 2025,$12.46,3,,,,$11.87,4.94%,,,,$11.74,-1.10%,$0.00,-100.00%,$0.00,-100.00%,TLX,NASDAQ:TLX,-0.367,$21.75,
NYSE:TM,15 Dec 2025,$215.08,5,,9,,$174.59,23.19%,,,,$170.12,-2.56%,"-$46,015.57",-26456.36%,"-$36,442.46",-20973.17%,TM,NYSE:TM,-0.210,$255.52,
NASDAQ:TMC,18 Aug 2025,$4.39,3,,,,$4.23,3.74%,,,,$4.29,1.42%,$3.84,-9.21%,$3.84,-9.17%,TMC,NASDAQ:TMC,-0.696,$11.00,
NASDAQ:TMCI,4 Dec 2025,$3.25,3,$5.47,4,,$4.21,-22.86%,,,,$3.91,-7.13%,$1.73,-58.83%,$2.90,-31.18%,TMCI,NASDAQ:TMCI,-0.633,$4.25,28.71%
NASDAQ:TMDX,11 Dec 2025,$138.40,3,$147.00,8,,$68.86,100.99%,,,,$63.28,-8.10%,$0.00,-100.00%,$0.00,-100.00%,TMDX,NASDAQ:TMDX,-0.863,$156.00,-5.77%
NYSE:TME,12 Aug 2025,$23.93,3,$19.85,8,,$8.63,130.01%,,,,$8.08,-6.37%,$37.05,329.27%,$100.79,1067.91%,TME,NYSE:TME,-0.926,$17.60,12.78%
NYSE:TMHC,15 Jun 2026,$82.94,4,$62.90,9,3.01,$71.86,-12.47%,-12.47%,$62.90,$82.94,$72.09,0.32%,$0.00,-100.00%,$0.00,-100.00%,TMHC,NYSE:TMHC,-0.309,$70.22,-10.42%
NYSEAMERICAN:TMP,2 Oct 2025,$65.36,1,,,,$94.54,-30.87%,,,,$95.20,0.70%,$0.00,-100.00%,$0.00,-100.00%,TMP,NYSEAMERICAN:TMP,-0.237,$88.50,
NYSE:TNC,11 Nov 2025,$100.24,5,$105.00,4,,$87.48,14.59%,,,,$92.00,5.17%,$0.00,-100.00%,$0.00,-100.00%,TNC,NYSE:TNC,0.617,$83.75,25.37%
NASDAQ:TNDM,11 Dec 2025,$20.68,3,$23.06,9,,$15.32,34.99%,,,,$15.07,-1.63%,$7.71,-49.66%,$12.22,-20.24%,TNDM,NASDAQ:TNDM,-0.517,$31.19,-26.07%
NYSE:TNET,15 Dec 2025,$73.13,3,$65.50,7,,$55.21,18.64%,,,,$50.55,-8.44%,$63.66,15.30%,$79.89,44.69%,TNET,NYSE:TNET,-0.131,$54.00,21.30%
NASDAQ:TOI,15 Aug 2025,$3.94,3,$6.25,8,,$5.28,-25.40%,,,,$5.73,8.52%,$4.09,-22.55%,$3.42,-35.27%,TOI,NASDAQ:TOI,0.160,$7.00,-10.71%
NYSE:TOL,1 Apr 2026,$149.13,5,$165.90,4,,$157.14,-5.10%,,,,$159.50,1.50%,$0.00,-100.00%,$0.00,-100.00%,TOL,NYSE:TOL,-0.038,$168.38,-1.47%
NYSE:TOST,22 Jan 2026,$36.30,3,$46.56,4,,$28.82,25.94%,,,,$27.41,-4.89%,$44.75,55.26%,$46.38,60.94%,TOST,NYSE:TOST,-0.579,$36.36,28.05%
NASDAQ:TOWN,2 Oct 2025,$37.19,3,$41.00,5,,$36.45,2.02%,,,,$36.44,-0.03%,-$110.97,-404.45%,-$106.21,-391.38%,TOWN,NASDAQ:TOWN,-0.288,$40.50,1.23%
NYSE:TPB,18 Sep 2025,$86.86,3,,,,$85.94,1.07%,,,,$83.76,-2.54%,$160.55,86.81%,$168.88,96.51%,TPB,NYSE:TPB,-0.335,$131.25,
NYSE:TPC,24 Dec 2025,$68.65,1,,,,$76.75,-10.55%,,,,$83.74,9.11%,$120.16,56.57%,$132.40,72.50%,TPC,NYSE:TPC,0.384,$109.50,
NYSE:TPH,16 Mar 2026,$59.96,5,$46.50,1,,#N/A,#N/A,,,,,#N/A,-$2.00,#N/A,-$2.00,#N/A,TPH,NYSE:TPH,-2.000,,
NYSE:TPL,9 Apr 2025,$774.67,2,,9,,$407.20,90.24%,,,,$457.16,12.27%,$480.56,18.02%,$494.63,21.47%,TPL,NYSE:TPL,0.453,$445.50,
NYSE:TPR,26 Aug 2025,$73.71,2,,,,$144.21,-48.89%,,,,$150.34,4.25%,$294.31,104.08%,$305.08,111.55%,TPR,NYSE:TPR,0.180,$162.05,
NASDAQ:TREE,11 Aug 2025,$78.94,3,$63.86,8,,$45.00,41.91%,,,,$43.98,-2.27%,$0.00,-100.00%,$0.00,-100.00%,TREE,NASDAQ:TREE,-0.524,$65.83,-2.99%
NYSE:TREX,9 Apr 2024,$83.55,2,,,,$48.47,72.38%,,,,$48.20,-0.56%,$83.72,72.74%,$89.54,84.73%,TREX,NYSE:TREX,-0.506,$48.10,
NYSE:TRGP,1 Sep 2025,$152.25,2,$206.29,6,,$258.88,-41.19%,,,,$276.02,6.62%,$0.00,-100.00%,$0.00,-100.00%,TRGP,NYSE:TRGP,0.394,$265.10,-22.18%
NASDAQ:TRI,26 Aug 2025,$160.83,2,,,,$89.21,80.28%,,,,$90.29,1.21%,$151.82,70.18%,$183.63,105.84%,TRI,NASDAQ:TRI,0.648,$128.32,
NASDAQ:TRMB,29 Jan 2026,$71.27,3,$98.71,5,,$53.04,34.38%,,,,$52.29,-1.41%,$59.90,12.93%,$70.10,32.17%,TRMB,NASDAQ:TRMB,-0.163,$90.58,8.98%
NASDAQ:TRMK,19 Nov 2025,$39.99,3,$42.50,4,,$46.38,-13.78%,,,,$47.96,3.41%,-$176.91,-481.44%,-$163.45,-452.41%,TRMK,NASDAQ:TRMK,0.057,$45.20,-5.97%
NYSE:TRN,23 Aug 2025,$33.90,4,$29.00,3,,$34.12,-15.01%,,,,$34.33,0.62%,$43.36,27.08%,-$38.88,-213.96%,TRN,NYSE:TRN,-0.038,$35.50,-18.31%
NASDAQ:TROW,8 Jan 2026,$118.25,5,$113.60,7,,$118.55,-4.18%,,,,$113.10,-4.60%,$282.29,138.12%,$228.54,92.78%,TROW,NASDAQ:TROW,-0.433,$94.25,20.53%
NASDAQ:TRST,19 Nov 2025,$40.35,3,,3,,$54.54,-26.02%,,,,$55.31,1.41%,-$238.22,-536.78%,-$231.59,-524.63%,TRST,NASDAQ:TRST,-0.123,$26.00,
NYSE:TRV,18 Sep 2025,$253.19,2,,,,$342.31,-26.03%,,,,$330.02,-3.59%,$0.00,-100.00%,$0.00,-100.00%,TRV,NYSE:TRV,-0.536,$314.14,
NASDAQ:TSAT,19 Jan 2026,$24.33,2,,1,,$46.23,-47.37%,,,,$53.09,14.84%,-$9.87,-121.34%,$19.38,-58.08%,TSAT,NASDAQ:TSAT,0.195,$19.04,
NASDAQ:TSCO,30 June 2026,$46.44,5,$45.79,5,4.25,$31.76,44.18%,44.18%,$45.79,$56.15,$33.63,5.89%,$23.34,-26.51%,$32.89,3.54%,TSCO,NASDAQ:TSCO,0.587,$56.15,-18.45%
NASDAQ:TSEM,9 Feb 2026,$95.60,2,$131.00,10,,$219.05,-56.36%,,,,$244.69,11.71%,$261.62,19.44%,$252.49,15.26%,TSEM,NASDAQ:TSEM,-0.084,$173.00,-24.28%
NASDAQ:TSLA,15 Dec 2025,$312.61,1,$386.42,7,,$393.45,-20.55%,,,,$420.63,6.91%,$429.47,9.16%,$446.20,13.41%,TSLA,NASDAQ:TSLA,-0.289,$414.59,-6.79%
NYSE:TSN,26 Jun 2026,$58.80,4,$73.00,9,3.26,$58.89,-0.15%,-0.15%,$58.80,$73.00,$58.11,-1.32%,$81.16,37.81%,$133.60,126.87%,TSN,NYSE:TSN,-0.209,$71.15,2.60%
NASDAQ:TSSI,4 Feb 2026,$12.86,4,$15.00,2,,$11.21,14.72%,,,,$12.76,13.83%,$34.30,205.96%,$36.43,224.95%,TSSI,NASDAQ:TSSI,0.185,$18.00,-16.67%
NYSE:TT,31 Mar 2026,$379.88,2,$480.38,10,,$478.13,-20.55%,,,,$505.80,5.79%,$747.99,56.44%,$776.30,62.36%,TT,NYSE:TT,0.046,$517.69,-7.21%
NYSE:TTC,3 Apr 2024,$80.79,2,,,,$97.08,-16.78%,,,,$99.89,2.89%,$0.00,-100.00%,$0.00,-100.00%,TTC,NYSE:TTC,0.152,$110.50,
NASDAQ:TTGT,30 Jan 2026,$10.74,3,,,,$4.02,167.11%,,,,$3.63,-9.70%,$3.79,-5.63%,$36.88,817.46%,TTGT,NASDAQ:TTGT,-0.377,$10.00,
NASDAQ:TTMI,5 Feb 2026,$83.36,2,$100.00,7,,$155.98,-46.55%,,,,$188.89,21.10%,$178.46,14.41%,$186.51,19.58%,TTMI,NASDAQ:TTMI,0.521,$118.50,-15.61%
NASDAQ:TTWO,12 Oct 2025,$173.47,1,,,,$254.99,-31.97%,,,,$245.18,-3.85%,$301.03,18.06%,$422.36,65.64%,TTWO,NASDAQ:TTWO,-0.715,$277.63,
NYSE:TUYA,19 Aug 2025,$2.34,3,,,,$1.76,33.13%,,,,$0.00,-100.00%,$5.22,196.73%,$5.28,199.82%,TUYA,NYSE:TUYA,-1.000,$3.43,
NYSE:TV,3 Oct 2025,$2.63,3,$4.70,6,,$2.64,-0.33%,,,,$2.84,7.58%,$172.34,6428.10%,$480.48,18099.89%,TV,NYSE:TV,0.356,$3.82,23.04%
NYSE:TWI,20 Sep 2024,$12.61,3,,,,$7.21,74.85%,,,,$0.00,-100.00%,$0.00,-100.00%,$0.00,-100.00%,TWI,NYSE:TWI,-1.000,$11.75,
NYSE:TWLO,27 Jan 2026,$126.44,3,$147.11,8,,$209.31,-39.59%,,,,$203.38,-2.83%,$0.00,-100.00%,$0.00,-100.00%,TWLO,NYSE:TWLO,-0.463,$186.34,-21.05%
NASDAQ:TXN,19 Jan 2026,$191.02,3,,,,$293.08,-34.82%,,,,$315.46,7.64%,$330.32,12.71%,$354.35,20.91%,TXN,NASDAQ:TXN,0.684,$222.96,
NASDAQ:TXRH,18 Sep 2025,$146.40,1,,,,$194.28,-24.64%,,,,$190.79,-1.80%,$0.00,-100.00%,$0.00,-100.00%,TXRH,NASDAQ:TXRH,-0.498,$193.60,
NYSE:TYL,24 Aug 2025,$541.31,3,$682.54,7,,$318.10,70.17%,,,,$294.61,-7.38%,$0.00,-100.00%,$0.00,-100.00%,TYL,NYSE:TYL,-0.729,$445.14,53.33%
NYSE:UA,23 Dec 2025,$10.78,3,$7.50,4,,$6.48,15.74%,,,,$6.19,-4.48%,$48.08,642.02%,$55.52,756.80%,UA,NYSE:UA,-0.075,$14.00,-46.43%
NYSE:UAA,23 Dec 2025,$11.22,3,$5.58,3,,$6.63,-15.84%,,,,$6.73,1.51%,$51.31,673.96%,$59.28,794.11%,UAA,NYSE:UAA,0.008,$7.73,-27.81%
NYSEAMERICAN:UAMY,3 Jul 2025,$7.55,1,$4.94,7,,#N/A,#N/A,,,,$7.05,#N/A,$0.00,#N/A,$0.00,#N/A,UAMY,NYSEAMERICAN:UAMY,-0.534,$12.67,-61.01%
NYSE:UBER,3 Feb 2026,$84.31,3,$111.26,7,,$74.43,13.27%,,,,$71.70,-3.67%,$126.77,70.32%,$131.78,77.05%,UBER,NYSE:UBER,-0.447,$104.00,6.98%
NYSE:UBS,19 Aug 2025,$37.97,3,,,,$51.04,-25.61%,,,,$50.85,-0.37%,$0.00,-100.00%,$0.00,-100.00%,UBS,NYSE:UBS,0.016,$48.13,
NASDAQ:UBSI,27 May 2026,$44.17,3,$47.00,7,,$46.38,-4.76%,,,,$47.73,2.91%,-$74.66,-260.98%,-$74.62,-260.88%,UBSI,NASDAQ:UBSI,0.034,$45.80,2.62%
NASDAQ:UCB,21 Oct 2025,$31.41,3,$35.00,5,,$35.49,-11.50%,,,,,-100.00%,-$2.00,-105.64%,-$2.00,-105.64%,UCB,NYSE:UCB,-2.000,,
NYSE:UCB,19 Nov 2025,$31.12,3,$35.33,7,,$35.49,-12.31%,,,,$35.46,-0.08%,$0.00,-100.00%,$0.00,-100.00%,UCB,NYSE:UCB,-0.217,$38.00,-7.03%
NASDAQ:UDMY,20 Aug 2025,$10.79,4,$10.00,5,,#N/A,#N/A,,,,,#N/A,-$2.00,#N/A,-$2.00,#N/A,UDMY,NASDAQ:UDMY,-2.000,,
NYSE:UDR,10 Sep 2025,$42.82,4,$44.23,9,,$41.09,4.21%,,,,$41.84,1.83%,$0.00,-100.00%,$0.00,-100.00%,UDR,NYSE:UDR,0.111,$40.33,9.67%
NASDAQ:UFPI,31 Jan 2025,$119.95,3,$155.00,3,,$89.19,34.49%,,,,$89.89,0.78%,$154.89,73.66%,$183.46,105.70%,UFPI,NASDAQ:UFPI,-0.065,$111.80,38.64%
NASDAQ:UFPT,4 Dec 2025,$299.56,3,,5,,$272.36,9.99%,,,,$263.20,-3.36%,$357.18,31.14%,$399.86,46.81%,UFPT,NASDAQ:UFPT,-0.560,$324.50,
NYSE:UGP,20 Aug 2025,$4.45,3,$4.00,5,,$5.07,-21.10%,,,,$5.15,1.58%,$11.40,124.84%,$16.30,221.56%,UGP,NYSE:UGP,0.516,$5.97,-33.00%
NYSE:UI,26 Jan 2026,$379.66,1,,,,$525.38,-27.74%,,,,$563.33,7.22%,$803.79,52.99%,$809.06,53.99%,UI,NYSE:UI,0.272,$753.50,
NYSE:UIS,29 Jan 2026,$4.30,3,$4.00,5,,$3.75,6.67%,,,,$3.57,-4.80%,$0.00,-100.00%,$0.00,-100.00%,UIS,NYSE:UIS,-0.356,$4.88,-18.03%
NYSE:UL,10 Sep 2025,$66.09,3,$67.00,6,,$62.48,5.77%,,,,$60.16,-3.71%,$0.00,-100.00%,$0.00,-100.00%,UL,NYSE:UL,-0.466,$69.35,-3.39%
NYSE:ULS,19 Aug 2025,$55.15,1,,,,$96.99,-43.14%,,,,$98.76,1.82%,$140.93,45.31%,$176.34,81.81%,ULS,NYSE:ULS,-0.011,$93.44,
NASDAQ:UMBF,27 May 2026,$132.22,3,$147.00,9,,$143.80,-8.05%,,,,$143.33,-0.33%,$0.00,-100.00%,$0.00,-100.00%,UMBF,NASDAQ:UMBF,-0.085,$147.08,-0.05%
NYSE:UMC,19 Jan 2026,$9.15,3,,,,$24.54,-62.71%,,,,$28.18,14.83%,$460.55,1776.71%,$868.97,3441.02%,UMC,NYSE:UMC,0.544,$8.69,
NYSE:UNFI,24 Mar 2026,$78.83,5,$44.00,7,,$45.57,-3.45%,,,,$47.78,4.85%,$0.00,-100.00%,$0.00,-100.00%,UNFI,NYSE:UNFI,0.051,$46.25,-4.86%
NYSE:UNM,17 Feb 2025,$69.73,2,$100.00,7,,$92.34,-24.49%,,,,$94.56,2.40%,-$160.29,-273.59%,-$152.69,-265.36%,UNM,NYSE:UNM,0.369,$93.15,7.35%
NYSE:UNP,21 May 2024,$230.08,3,,,,$282.25,-18.48%,,,,$271.59,-3.78%,$276.86,-1.91%,$318.38,12.80%,UNP,NYSE:UNP,-0.149,$273.33,
NASDAQ:UPBD,5 Feb 2026,$31.13,3,$29.00,6,,$19.89,45.80%,,,,$20.87,4.93%,$0.00,-100.00%,$0.00,-100.00%,UPBD,NASDAQ:UPBD,-0.213,$28.50,1.75%
NASDAQ:URBN,4 Apr 2026,$63.30,3,$87.71,9,,$70.72,-10.49%,,,,$69.46,-1.78%,$0.00,-100.00%,$0.00,-100.00%,URBN,NASDAQ:URBN,-0.311,$82.42,6.42%
NYSE:URI,9 Apr 2025,$683.12,5,$774.77,6,,"$1,098.59",-37.82%,,,,"$1,126.61",2.55%,"$1,352.56",23.12%,"$2,228.78",102.88%,URI,NYSE:URI,-0.034,$977.54,-20.74%
NASDAQ:UROY,18 Aug 2025,$3.73,4,$3.44,6,,$2.81,22.42%,,,,$2.76,-1.78%,$0.00,-100.00%,$0.00,-100.00%,UROY,NASDAQ:UROY,-0.520,$4.50,-23.56%
NASDAQ:USAR,22 Jan 2026,$17.53,3,,,,$19.15,-8.46%,,,,$19.80,3.39%,$0.00,-100.00%,$0.00,-100.00%,USAR,NASDAQ:USAR,-0.625,$35.71,
NYSE:USB,20 Mar 2026,$56.96,3,$64.06,8,,$61.73,-7.73%,,,,$63.28,2.51%,$0.00,-100.00%,$0.00,-100.00%,USB,NYSE:USB,0.078,$62.95,1.76%
NYSEAMERICAN:USBC,29 Jan 2026,$0.61,1,,,,$0.32,90.63%,,,,,-100.00%,-$2.00,-725.00%,-$2.00,-725.00%,USBC,NYSEAMERICAN:USBC,-2.000,,
NASDAQ:UTHR,23 Dec 2025,$479.02,3,$521.25,5,,$555.91,-13.83%,,,,$533.61,-4.01%,$864.41,55.50%,$900.38,61.96%,UTHR,NASDAQ:UTHR,-0.608,$644.62,-19.14%
NYSE:UTL,23 Jun 2026,$55.21,4,,,3.83,$53.48,3.23%,3.23%,$55.21,$56.50,$55.46,3.70%,-$3.39,-106.35%,$59.85,11.91%,UTL,NYSE:UTL,0.623,$56.50,
NASDAQ:UVSP,19 Nov 2025,$30.95,3,$34.00,4,,$44.13,-29.86%,,,,$43.92,-0.48%,-$140.96,-419.42%,-$137.27,-411.05%,UVSP,NASDAQ:UVSP,-0.161,$36.33,-6.41%
NYSE:UVV,17 Mar 2026,$66.56,4,,2,,$51.62,28.94%,,,,$53.71,4.05%,$106.36,106.05%,$129.90,151.64%,UVV,NYSE:UVV,0.025,$78.00,
NYSE:UWMC,26 Jun 2026,$3.01,4,$4.39,2,3.36,$2.17,38.71%,38.71%,$3.01,$6.22,$2.35,8.29%,-$58.45,-2793.38%,-$56.39,-2698.63%,UWMC,NYSE:UWMC,0.229,$6.22,-29.42%
NYSE:V,7 Sep 2025,$315.05,2,$397.95,10,,$362.13,-13.00%,,,,$349.83,-3.40%,$574.12,58.54%,$587.25,62.16%,V,NYSE:V,0.037,$393.43,1.15%
NYSE:VAL,30 Jun 2026,$84.57,3,$98.00,7,3.16,$75.35,12.24%,12.24%,$66.17,$98.00,$76.58,1.63%,$110.72,46.94%,$52.05,-30.92%,VAL,NYSE:VAL,0.374,$66.17,48.10%
NYSE:VALE,14 Jan 2026,$14.72,4,$14.34,10,,$14.99,-4.34%,,,,$14.93,-0.40%,$0.00,-100.00%,$0.00,-100.00%,VALE,NYSE:VALE,-0.239,$17.18,-16.53%
NASDAQ:VBNK,24 Aug 2025,$12.54,3,$12.24,3,,$21.90,-44.11%,,,,$23.23,6.07%,$0.00,-100.00%,$0.00,-100.00%,VBNK,NASDAQ:VBNK,-0.148,$15.50,-21.03%
NASDAQ:VECO,5 Sep 2025,$35.14,3,$26.33,4,,$57.49,-54.20%,,,,$75.78,31.81%,$78.48,36.50%,$81.88,42.42%,VECO,NASDAQ:VECO,0.417,$33.33,-21.00%
NYSE:VFC,26 Aug 2025,$31.37,5,$14.25,6,,$16.30,-12.58%,,,,$17.59,7.91%,$42.32,159.66%,$8.08,-50.44%,VFC,NYSE:VFC,0.277,$20.70,-31.16%
NASDAQ:VIAV,30 Jan 2026,$16.67,1,$25.06,2,,$41.66,-59.97%,,,,$48.81,17.16%,$0.00,-100.00%,$0.00,-100.00%,VIAV,NASDAQ:VIAV,0.077,$64.43,-61.11%
NYSE:VICI,19 Jun 2026,$33.66,5,$34.09,9,3.78,$27.19,23.80%,23.80%,$33.66,$34.22,$26.59,-2.21%,$53.18,95.58%,$53.24,95.81%,VICI,NYSE:VICI,-0.064,$34.22,-0.38%
NASDAQ:VICR,30 Jan 2026,$121.65,1,$187.50,8,,$282.95,-57.01%,,,,$350.39,23.83%,$382.41,35.15%,$392.93,38.87%,VICR,NASDAQ:VICR,-0.060,$213.75,-12.28%
NASDAQ:VISN,29 Jun 2026,$11.87,3,,,4.25,$12.15,-2.30%,-2.30%,$11.87,$17.00,$13.57,11.69%,$0.00,-100.00%,$0.00,-100.00%,VISN,NASDAQ:VISN,0.915,$17.00,
NYSE:VIST,13 Jun 2025,$50.56,3,$70.00,6,,$60.36,-16.24%,,,,$65.71,8.86%,$0.00,-100.00%,$0.00,-100.00%,VIST,NYSE:VIST,0.019,$91.99,-23.90%
NYSE:VIV,17 Feb 2025,$11.28,3,$11.80,5,,$13.25,-14.88%,,,,$13.57,2.42%,$30.44,129.71%,$62.37,370.69%,VIV,NYSE:VIV,0.394,$16.44,-28.22%
NASDAQ:VLGEA,17 Mar 2026,$43.63,3,,6,,$42.34,3.05%,,,,$43.39,2.48%,$0.00,-100.00%,$0.00,-100.00%,VLGEA,NASDAQ:VLGEA,0.000,,
NYSE:VLN,9 Feb 2026,$2.14,3,$3.33,6,,$2.07,3.38%,,,,$2.22,7.25%,$4.15,100.30%,$2.20,6.07%,VLN,NYSE:VLN,-0.096,$4.00,-16.75%
NYSE:VLO,29 Jun 2026,$198.17,1,$266.27,9,2.91,$267.76,-25.99%,-25.99%,$198.17,$266.27,$279.99,4.57%,$438.78,63.87%,$544.95,103.52%,VLO,NYSE:VLO,0.633,$246.67,7.95%
NYSE:VLRS,22 Aug 2025,$7.94,3,$7.67,4,,$9.16,-16.27%,,,,$9.22,0.66%,$57.43,526.93%,$149.79,1535.32%,VLRS,NYSE:VLRS,-0.326,$9.33,-17.79%
NASDAQ:VLY,19 Nov 2025,$10.95,3,$13.73,9,,$14.59,-24.93%,,,,$14.84,1.71%,$0.00,-100.00%,$0.00,-100.00%,VLY,NASDAQ:VLY,-0.022,$15.64,-12.21%
NYSE:VMC,31 Dec 2025,$246.19,1,$331.22,9,,$303.19,-18.80%,,,,$302.15,-0.34%,$413.52,36.39%,$510.56,68.39%,VMC,NYSE:VMC,0.246,$329.09,0.65%
NASDAQ:VNDA,13 Nov 2025,$5.38,3,$15.50,8,,$6.21,-13.40%,,,,$5.87,-5.48%,$17.27,178.13%,$18.55,198.68%,VNDA,NASDAQ:VNDA,-0.734,$15.50,0.00%
NASDAQ:VNET,9 Feb 2026,$7.43,1,$13.80,7,,$7.92,-6.21%,,,,$0.00,-100.00%,-$9.37,-218.35%,-$4.49,-156.70%,VNET,NASDAQ:VNET,-1.000,$15.69,-12.05%
NYSE:VNO,28 May 2026,$40.08,3,$31.60,8,,$40.58,-22.13%,,,,$41.46,2.17%,$48.37,19.20%,$57.29,41.17%,VNO,NYSE:VNO,0.237,$32.46,-2.65%
NYSEAMERICAN:VNRX,11 Dec 2025,$0.32,1,$2.25,8,,$1.40,-77.14%,,,,,-100.00%,-$2.00,-242.86%,-$2.00,-242.86%,VNRX,NYSEAMERICAN:VNRX,-2.000,,
NYSE:VNT,11 Feb 2026,$45.33,3,$47.25,4,,$28.62,58.38%,,,,$30.09,5.14%,$55.49,93.87%,$64.29,124.63%,VNT,NYSE:VNT,0.343,$47.91,-1.38%
NASDAQ:VRDN,19 May 2025,$24.97,4,$37.70,3,,$19.40,28.71%,,,,$18.07,-6.86%,$13.12,-32.38%,$13.02,-32.89%,VRDN,NASDAQ:VRDN,-0.809,$33.75,11.70%
NASDAQ:VREX,16 Dec 2025,$15.01,4,$15.33,7,,$10.61,41.47%,,,,$10.32,-2.73%,$0.00,-100.00%,$0.00,-100.00%,VREX,NASDAQ:VREX,-0.671,$18.40,-16.68%
NASDAQ:VRRM,30 Jan 2026,$22.14,4,$25.00,5,,$4.30,414.87%,,,,$4.24,-1.40%,$0.45,-89.46%,$13.60,216.20%,VRRM,NASDAQ:VRRM,-0.177,$24.86,0.56%
NASDAQ:VSAT,30 Jan 2026,$27.54,2,$45.00,6,,$83.06,-66.84%,,,,$92.34,11.17%,$155.30,86.97%,$325.98,292.46%,VSAT,NASDAQ:VSAT,0.367,$60.57,-25.71%
NYSE:VSCO,12 Jun 2025,$36.51,5,$22.56,8,,#N/A,#N/A,,,,$0.00,#N/A,$0.00,#N/A,$0.00,#N/A,VSCO,NYSE:VSCO,-1.000,$64.44,-64.99%
NYSE:VSH,28 Jan 2026,$21.32,3,$16.00,5,,$45.92,-65.16%,,,,$56.63,23.32%,$55.57,21.00%,$79.63,73.42%,VSH,NYSE:VSH,0.461,$17.50,-8.57%
NYSE:VTEX,15 Dec 2025,$4.81,3,$6.10,1,,$4.14,16.30%,,,,$4.10,-0.97%,$8.74,111.04%,$9.25,123.50%,VTEX,NYSE:VTEX,-0.280,$6.00,1.67%
NYSE:VTMX,15 Jun 2025,$34.66,3,$21.00,5,,$34.59,-39.29%,,,,$35.21,1.79%,$42.65,23.31%,$42.95,24.18%,VTMX,NYSE:VTMX,0.195,$36.28,-42.12%
NYSE:VTR,19 Sep 2025,$68.32,3,$76.83,9,,$92.52,-26.16%,,,,$89.21,-3.58%,$97.99,5.91%,$135.96,46.95%,VTR,NYSE:VTR,-0.303,$94.95,-19.08%
NASDAQ:VVPR,9 Feb 2026,$2.07,3,,,,#N/A,#N/A,,,,,#N/A,-$2.00,#N/A,-$2.00,#N/A,VVPR,NASDAQ:VVPR,-2.000,,
NYSE:VVV,18 Sep 2025,$45.89,3,,,,$39.08,17.44%,,,,$38.20,-2.25%,$15.40,-60.60%,$25.44,-34.90%,VVV,NYSE:VVV,-0.266,$41.73,
NYSE:VVX,11 Aug 2025,$66.16,5,$61.22,3,,$74.10,-17.38%,,,,$77.54,4.64%,$307.11,314.46%,$353.68,377.30%,VVX,NYSE:VVX,0.099,$78.79,-22.30%
NYSE:VYX,25 Feb 2026,$13.06,5,$15.13,6,,$8.70,50.08%,,,,$8.27,-4.94%,$0.00,-100.00%,$0.00,-100.00%,VYX,NYSE:VYX,-0.306,$12.75,18.67%
NYSEAMERICAN:VZLA,14 Aug 2025,$4.47,,$4.07,8,,$3.33,22.22%,,,,$3.22,-3.30%,$0.00,-100.00%,$0.00,-100.00%,VZLA,NYSEAMERICAN:VZLA,-0.651,$6.58,-38.15%
NYSE:WAB,23 Aug 2025,$179.00,2,,,,$262.19,-31.73%,,,,$264.67,0.95%,$0.00,-100.00%,$0.00,-100.00%,WAB,NYSE:WAB,-0.362,$300.00,
NASDAQ:WABC,1 Jun 2026,$57.44,3,$58.00,4,,$59.51,-3.48%,,,,$61.33,3.06%,$0.00,-100.00%,$0.00,-100.00%,WABC,NASDAQ:WABC,0.086,$58.00,0.00%
NASDAQ:WAFD,27 May 2026,$37.31,3,$37.00,8,,$38.34,-3.50%,,,,$39.82,3.86%,$0.00,-100.00%,$0.00,-100.00%,WAFD,NASDAQ:WAFD,0.016,$37.00,0.00%
NYSE:WAL,27 Jun 2026,$83.97,3,$88.20,7,2.82,$81.54,2.98%,2.98%,$83.97,$88.53,$82.90,1.67%,-$614.01,-853.02%,-$605.87,-843.04%,WAL,NYSE:WAL,-0.103,$88.53,-0.37%
NASDAQ:WASH,27 May 2026,$34.83,3,$33.33,8,,$35.56,-6.27%,,,,$36.33,2.17%,$0.00,-100.00%,$0.00,-100.00%,WASH,NASDAQ:WASH,-0.014,$32.75,1.77%
NYSE:WBS,10 Mar 2026,$76.23,3,$74.69,7,,$76.72,-2.65%,,,,$76.91,0.25%,-$255.54,-433.08%,-$247.51,-422.62%,WBS,NYSE:WBS,-0.072,$73.75,1.27%
NYSE:WD,23 Dec 2025,$82.23,3,$84.00,6,,$54.55,50.75%,,,,$54.39,-0.29%,$0.00,-100.00%,$0.00,-100.00%,WD,NYSE:WD,-0.125,$68.00,23.53%
NASDAQ:WDC,23 Aug 2024,$68.21,3,,,,$539.00,-87.35%,,,,$592.18,9.87%,$663.54,23.10%,$679.21,26.01%,WDC,NASDAQ:WDC,-0.136,$347.26,
NYSE:WDS,18 May 2026,$26.11,4,,6,,$19.54,33.62%,,,,$20.08,2.76%,$0.00,-100.00%,$0.00,-100.00%,WDS,NYSE:WDS,0.452,,
NYSE:WEC,14 Jan 2026,$103.97,2,,,,$118.83,-12.51%,,,,$120.22,1.17%,$42.66,-64.10%,$79.14,-33.40%,WEC,NYSE:WEC,0.357,$123.03,
NYSE:WELL,18 Sep 2025,$151.80,2,,,,$236.06,-35.70%,,,,$229.82,-2.64%,$0.00,-100.00%,$0.00,-100.00%,WELL,NYSE:WELL,-0.082,$232.95,
NASDAQ:WEN,9 Sep 2025,$16.85,3,$11.97,6,,$8.59,39.35%,,,,$8.21,-4.42%,-$6.52,-175.96%,$2.64,-69.28%,WEN,NASDAQ:WEN,-0.417,$7.74,54.65%
NYSE:WF,19 Nov 2025,$51.73,3,,,,$59.81,-13.51%,,,,$56.63,-5.32%,"-$2,238,674.60",-3743077.09%,"-$2,234,801.99",-3736602.25%,WF,NYSE:WF,-0.397,$94.00,
NYSE:WFC,14 Aug 2025,$71.42,3,$87.67,6,,$85.51,-16.48%,,,,$88.32,3.29%,$0.00,-100.00%,$0.00,-100.00%,WFC,NYSE:WFC,0.364,$96.17,-8.84%
NYSE:WFG,24 Oct 2025,$81.03,3,$95.74,7,,$69.64,16.36%,,,,$69.71,0.10%,$0.00,-100.00%,$0.00,-100.00%,WFG,NYSE:WFG,0.174,$83.67,14.43%
NASDAQ:WFRD,30 Jun 2026,$88.84,3,$121.78,10,3.64,$83.01,7.02%,7.02%,$88.84,$121.78,$83.75,0.89%,$0.00,-100.00%,$0.00,-100.00%,WFRD,NASDAQ:WFRD,0.318,$114.17,6.67%
NYSE:WGO,13 Sep 2024,$83.32,5,,,,$31.16,167.38%,,,,$32.85,5.42%,$0.00,-100.00%,$0.00,-100.00%,WGO,NYSE:WGO,0.318,$44.17,
NYSE:WHD,18 Feb 2026,$69.67,3,$55.50,5,,$50.42,10.08%,,,,$53.35,5.81%,$113.43,124.97%,$74.39,47.54%,WHD,NYSE:WHD,0.751,$58.22,-4.67%
NYSE:WIT,19 Jan 2026,$2.58,2,,7,,$1.89,36.50%,,,,$1.90,0.53%,$0.00,-100.00%,$0.00,-100.00%,WIT,NYSE:WIT,-0.040,$2.09,
NYSE:WK,10 Feb 2026,$82.53,4,$109.00,8,,$51.93,58.93%,,,,$49.58,-4.53%,$62.01,19.41%,$63.92,23.09%,WK,NYSE:WK,-0.540,$89.45,21.86%
NYSE:WKC,16 Sep 2025,$32.51,4,$29.00,6,,$33.21,-12.68%,,,,$34.48,3.82%,$0.00,-100.00%,$0.00,-100.00%,WKC,NYSE:WKC,0.412,$29.33,-1.13%
NASDAQ:WKHS,12 Dec 2024,$1.13,,,4,,$2.67,-57.68%,,,,,-100.00%,-$2.00,-174.91%,-$2.00,-174.91%,WKHS,NASDAQ:WKHS,-2.000,,
NYSE:WMB,22 Jan 2026,$57.39,2,$71.00,9,,$73.14,-21.54%,,,,$76.78,4.98%,$73.35,0.29%,$48.36,-33.87%,WMB,NYSE:WMB,0.472,$80.07,-11.33%
NYSE:WMK,17 Mar 2026,$74.25,4,,4,,$80.10,-7.30%,,,,$81.82,2.15%,$107.15,33.77%,$158.71,98.14%,WMK,NYSE:WMK,0.158,$31.00,
NYSE:WMS,5 May 2025,$162.55,3,$140.71,7,,$152.18,-7.54%,,,,$151.27,-0.60%,$224.71,47.66%,$250.63,64.69%,WMS,NYSE:WMS,-0.393,$190.30,-26.06%
NYSE:WOR,16 Dec 2024,$43.00,4,,4,,$54.57,-21.20%,,,,$55.36,1.45%,$0.00,-100.00%,$0.00,-100.00%,WOR,NYSE:WOR,0.271,$65.40,
NYSE:WPM,19 Nov 2025,$65.01,2,$128.93,7,,$115.73,-43.83%,,,,$112.60,-2.70%,$127.88,10.50%,$140.75,21.62%,WPM,NYSE:WPM,-0.145,$187.14,-31.11%
NYSE:WPP,9 Sep 2025,$37.50,3,,6,,$16.53,126.83%,,,,$15.65,-5.32%,$0.00,-100.00%,$0.00,-100.00%,WPP,NYSE:WPP,-0.312,$18.53,
NASDAQ:WRLD,19 Nov 2025,$145.37,3,,1,,$207.98,-30.10%,,,,$216.20,3.95%,$0.00,-100.00%,$0.00,-100.00%,WRLD,NASDAQ:WRLD,-0.420,$141.00,
NASDAQ:WSBC,27 May 2026,$35.79,3,$39.75,9,,$39.64,-9.71%,,,,$40.90,3.18%,-$149.97,-478.33%,-$137.25,-446.23%,WSBC,NASDAQ:WSBC,0.213,$40.25,-1.24%
NASDAQ:WSC,19 Aug 2025,$32.85,3,$33.40,7,,$26.66,23.23%,,,,$27.44,2.93%,$0.00,-100.00%,$0.00,-100.00%,WSC,NASDAQ:WSC,-0.307,$23.45,42.43%
NASDAQ:WSFS,27 May 2026,$70.81,3,$78.70,6,,$77.17,-8.24%,,,,$80.19,3.91%,-$182.71,-336.76%,-$168.74,-318.67%,WSFS,NASDAQ:WSFS,0.088,$73.75,6.71%
NYSE:WSM,19 Aug 2025,$178.74,2,,,,$227.53,-21.44%,,,,$243.04,6.82%,$0.00,-100.00%,$0.00,-100.00%,WSM,NYSE:WSM,0.516,$206.79,
NYSE:WSO,1 Jul 2024,$356.65,1,,,,$404.71,-11.88%,,,,$406.93,0.55%,$0.00,-100.00%,$0.00,-100.00%,WSO,NYSE:WSO,-0.315,$423.55,
NYSE:WT,27 Aug 2025,$14.51,4,$13.88,8,,$18.04,-23.06%,,,,$17.01,-5.71%,$0.00,-100.00%,$0.00,-100.00%,WT,NYSE:WT,-0.255,$19.69,-29.51%
NASDAQ:WTFC,28 Apr 2026,$145.18,3,$179.88,8,,$161.19,-9.93%,,,,$159.29,-1.18%,$0.00,-100.00%,$0.00,-100.00%,WTFC,NASDAQ:WTFC,-0.569,$174.67,2.98%
NYSE:WTS,19 Nov 2025,$243.48,2,$290.50,3,,$368.55,-33.94%,,,,$399.63,8.43%,$696.46,88.97%,$734.41,99.27%,WTS,NYSE:WTS,0.262,$333.67,-12.94%
NASDAQ:WTW,3 Sep 2025,$319.57,3,,,,$286.22,11.65%,,,,$260.40,-9.02%,$0.00,-100.00%,$0.00,-100.00%,WTW,NASDAQ:WTW,-0.690,$337.79,
NYSE:WU,9 Sep 2025,$14.43,3,$8.65,5,,$8.01,7.99%,,,,$8.11,1.25%,$2.06,-74.28%,$7.50,-6.31%,WU,NYSE:WU,0.264,$9.62,-10.08%
NASDAQ:WULF,23 Dec 2025,$11.85,3,$21.73,10,,$21.18,-44.03%,,,,$24.29,14.68%,$14.74,-30.41%,$15.10,-28.73%,WULF,NASDAQ:WULF,0.049,$28.42,-23.54%
NASDAQ:WVE,19 Aug 2025,$9.10,3,,,,$6.26,45.30%,,,,$5.68,-9.27%,$33.03,427.62%,$33.90,441.50%,WVE,NASDAQ:WVE,-0.784,$22.19,
NYSE:WWW,24 May 2026,$24.95,5,$22.50,8,,$16.53,36.12%,,,,$16.99,2.78%,$82.41,398.52%,$93.74,467.12%,WWW,NYSE:WWW,0.162,$23.20,-3.02%
NASDAQ:XEL,18 Sep 2025,$67.13,2,,,,$81.96,-18.10%,,,,$83.41,1.77%,-$8.96,-110.94%,$27.18,-66.84%,XEL,NASDAQ:XEL,0.591,$89.94,
NASDAQ:XGN,25 Aug 2025,$7.35,3,,,,$4.54,61.98%,,,,$4.55,0.22%,$7.36,62.14%,$8.21,80.76%,XGN,NASDAQ:XGN,-0.583,$8.67,
NASDAQ:XMTR,23 Dec 2025,$38.29,2,,,,$91.82,-58.30%,,,,$95.07,3.54%,$88.54,-3.57%,$86.78,-5.49%,XMTR,NASDAQ:XMTR,-0.444,$62.62,
NASDAQ:XNET,11 Feb 2026,$5.15,3,,5,,$5.64,-8.66%,,,,$0.00,-100.00%,$0.00,-100.00%,$0.00,-100.00%,XNET,NASDAQ:XNET,-1.000,$12.00,
NYSE:XOM,23 Aug 2024,$132.36,4,,,,$137.09,-3.45%,,,,$142.56,3.99%,$0.00,-100.00%,$0.00,-100.00%,XOM,NYSE:XOM,0.623,$165.91,
NASDAQ:XP,26 Jun 2026,$17.06,3,$24.00,4,3.09,$16.16,5.57%,5.57%,$17.06,$25.44,$16.84,4.21%,$0.00,-100.00%,$0.00,-100.00%,XP,NASDAQ:XP,0.154,$25.44,-5.66%
NASDAQ:XPEL,29 Nov 2024,$53.10,3,,,,$48.52,9.44%,,,,$48.87,0.72%,$54.39,12.10%,$63.60,31.08%,XPEL,NASDAQ:XPEL,-0.426,$55.33,
NYSE:XPEV,15 Dec 2025,$20.30,3,$29.67,6,,$13.08,55.22%,,,,$0.00,-100.00%,$7.62,-41.75%,$7.34,-43.88%,XPEV,NYSE:XPEV,-1.000,$24.71,20.07%
NYSE:XYF,9 Sep 2025,$13.63,3,,,,$4.94,175.85%,,,,,-100.00%,-$2.00,-140.49%,-$2.00,-140.49%,XYF,NYSE:XYF,-2.000,,
NYSE:XYL,11 Nov 2025,$146.77,2,,,,$118.12,24.26%,,,,$122.37,3.60%,$220.22,86.44%,$260.87,120.85%,XYL,NYSE:XYL,0.068,$155.35,
NYSE:XYZ,11 Feb 2026,$75.58,3,,,,$78.83,-4.12%,,,,$75.24,-4.55%,$0.00,-100.00%,$0.00,-100.00%,XYZ,NYSE:XYZ,-0.415,$86.53,
NYSE:YALA,11 Feb 2026,$6.10,3,,6,,$5.48,11.31%,,,,$5.44,-0.73%,$0.24,-95.54%,$6.77,23.57%,YALA,NYSE:YALA,-0.734,$8.60,
NASDAQ:YB,11 Feb 2026,$20.18,3,,,,$15.02,34.34%,,,,,-100.00%,-$2.00,-113.32%,-$2.00,-113.32%,YB,NASDAQ:YB,-2.000,,
NYSE:YMM,11 Feb 2026,$11.83,4,$11.96,6,,$8.43,40.33%,,,,$7.84,-7.00%,$15.93,89.02%,$16.23,92.48%,YMM,NYSE:YMM,-0.942,$12.43,-3.78%
NYSE:YPF,12 Feb 2026,$42.64,3,$39.40,2,,$44.40,-11.26%,,,,$44.65,0.56%,"-$14,432.32",-32605.22%,"$114,025.05",256713.18%,YPF,NYSE:YPF,-0.027,$53.94,-26.96%
NYSE:YUM,18 Sep 2025,$140.70,3,,,,$164.73,-14.59%,,,,$159.38,-3.25%,$224.59,36.34%,$270.72,64.34%,YUM,NYSE:YUM,-0.329,$174.42,
NASDAQ:YYGH,19 Aug 2025,$1.90,3,,,,$1.25,52.36%,,,,,-100.00%,-$2.00,-260.00%,-$2.00,-260.00%,YYGH,NASDAQ:YYGH,-2.000,,
NYSE:ZBH,11 Dec 2025,$110.32,5,$103.50,5,,$87.47,18.33%,,,,$83.98,-3.99%,$0.00,-100.00%,$0.00,-100.00%,ZBH,NYSE:ZBH,-0.489,$98.52,5.05%
NASDAQ:ZBRA,30 Jan 2026,$311.75,3,$319.75,8,,$267.18,16.68%,,,,$256.78,-3.89%,$398.72,49.23%,$444.55,66.39%,ZBRA,NASDAQ:ZBRA,-0.734,$325.31,-1.71%
NASDAQ:ZD,23 Feb 2024,$75.69,3,,,,$52.43,44.37%,,,,$52.20,-0.44%,$159.38,203.99%,$220.42,320.41%,ZD,NASDAQ:ZD,-0.316,$43.43,
NASDAQ:ZEUS,22 Aug 2025,$42.35,3,$38.00,3,,#N/A,#N/A,,,,$0.00,#N/A,$0.00,#N/A,$0.00,#N/A,ZEUS,NASDAQ:ZEUS,-1.000,$38.00,0.00%
NYSE:ZGN,23 Dec 2025,$14.49,4,$11.45,8,,$13.17,-13.06%,,,,$13.34,1.29%,$0.00,-100.00%,$0.00,-100.00%,ZGN,NYSE:ZGN,0.015,$12.20,-6.15%
NYSE:ZH,3 Sep 2025,$6.32,4,,8,,$3.15,100.73%,,,,,-100.00%,-$2.00,-163.49%,-$2.00,-163.49%,ZH,NYSE:ZH,-2.000,,
NYSE:ZIM,19 Nov 2025,$20.23,4,$11.83,3,,$25.57,-53.73%,,,,$25.17,-1.56%,$81.80,219.89%,$187.44,633.06%,ZIM,NYSE:ZIM,-0.437,$22.77,-48.05%
NASDAQ:ZION,12 Oct 2025,$55.40,3,,,,$69.35,-20.12%,,,,$69.68,0.48%,$0.00,-100.00%,$0.00,-100.00%,ZION,NASDAQ:ZION,-0.104,$65.60,
NASDAQ:LULU,30 Mar 2026,$260.18,3,$182.42,2,,$118.43,54.03%,,,,$113.63,-4.05%,$0.00,-100.00%,$0.00,-100.00%,LULU,NASDAQ:LULU,-0.543,$183.80,-0.75%
NYSE:LOW,26 Mar 2026,$245.53,4,$293.29,8,,$227.50,7.93%,,,,$223.72,-1.66%,$0.00,-100.00%,$0.00,-100.00%,LOW,NYSE:LOW,-0.044,$284.97,2.92%
NYSE:OII,30 Jun 2026,$31.11,2,$38.00,10,3.04,$38.50,-19.19%,-19.19%,$31.11,$38.00,$42.33,9.95%,$147.67,283.56%,$165.92,330.97%,OII,NYSE:OII,0.427,$31.50,20.63%
NASDAQ:SPOK,10 Apr 2026,$17.65,5,$14.00,4,,$10.49,33.46%,,,,$10.84,3.34%,$0.00,-100.00%,$0.00,-100.00%,SPOK,NASDAQ:SPOK,0.209,$14.00,0.00%
NYSE:HTGC,30 Mar 2026,$16.87,3,$19.25,4,,$15.96,5.69%,,,,$16.28,2.01%,$33.08,107.26%,$33.23,108.20%,HTGC,NYSE:HTGC,0.083,$19.58,-1.69%
NASDAQ:RWAY,30 Mar 2026,$9.18,4,$8.00,6,,$5.49,45.72%,,,,$5.65,2.91%,$36.75,569.39%,$32.86,498.56%,RWAY,NASDAQ:RWAY,-0.035,$8.89,-10.01%
NASDAQ:CCAP,30 Mar 2026,$15.59,3,$14.25,6,,$11.12,28.15%,,,,$11.38,2.34%,$16.58,49.08%,$27.74,149.49%,CCAP,NASDAQ:CCAP,0.026,$15.07,-5.44%
NASDAQ:CCEP,19 Mar 2026,$99.72,3,$108.12,7,,$106.61,-6.46%,,,,$104.61,-1.88%,$0.00,-100.00%,$0.00,-100.00%,CCEP,NASDAQ:CCEP,-0.224,$105.60,2.39%
NASDAQ:CIVB,19 Mar 2026,$24.05,3,$27.33,6,,$28.46,-15.50%,,,,$28.08,-1.34%,-$112.56,-495.50%,-$111.73,-492.58%,CIVB,NASDAQ:CIVB,-0.121,$26.33,3.80%
NASDAQ:AUPH,1 Jun 2026,$13.51,3,$15.67,7,,$15.61,-13.48%,,,,$15.26,-2.24%,$0.00,-100.00%,$0.00,-100.00%,AUPH,NASDAQ:AUPH,-0.918,$17.00,-7.82%
NASDAQ:CASS,24 Jun 2026,$50.17,3,,,3.06,$52.51,-4.46%,-4.46%,$50.17,$50.17,$54.53,3.85%,$0.00,-100.00%,$0.00,-100.00%,CASS,NASDAQ:CASS,0.326,$50.00,
NASDAQ:EXEL,1 May 2026,$47.67,3,$46.00,6,,$55.85,-17.64%,,,,$53.20,-4.74%,$0.00,-100.00%,$0.00,-100.00%,EXEL,NASDAQ:EXEL,-0.482,$47.53,-3.22%
NASDAQ:PBYI,1 Jun 2026,$5.88,3,$5.00,6,,$8.26,-39.47%,,,,$7.88,-4.60%,$0.00,-100.00%,$0.00,-100.00%,PBYI,NASDAQ:PBYI,-0.405,$5.00,0.00%
NASDAQ:LEGH,29 Jun 2026,$32.03,4,$28.00,8,2.98,$26.38,6.14%,6.14%,$25.67,$32.03,$26.21,-0.64%,$45.01,70.62%,$45.93,74.11%,LEGH,NASDAQ:LEGH,-0.264,$25.67,9.08%
NYSE:UHS,30 Mar 2026,$213.24,5,$245.00,3,,$158.33,34.68%,,,,$149.26,-5.73%,$0.00,-100.00%,$0.00,-100.00%,UHS,NYSE:UHS,-0.145,$223.31,9.71%
NYSE:EMA,30 Mar 2026,$47.50,2,,,,$53.47,-11.17%,,,,$54.66,2.23%,-$12.81,-123.96%,-$4.44,-108.30%,EMA,NYSE:EMA,0.280,$62.50,
NYSE:NXDT,30 Mar 2026,$4.25,3,,,,$5.36,-20.71%,,,,$5.45,1.68%,-$1.10,-120.56%,$2.12,-60.45%,NXDT,NYSE:NXDT,0.104,,
NASDAQ:LOGI,30 Mar 2026,$102.94,4,$112.27,6,,$94.00,9.51%,,,,$93.18,-0.87%,$299.50,218.62%,$308.70,228.40%,LOGI,NASDAQ:LOGI,-0.221,$109.20,2.81%
NASDAQ:ACAD,14 Jun 2026,$22.38,3,$32.18,7,2.55,$25.97,-13.81%,-13.81%,$22.38,$32.18,$24.93,-4.00%,$37.21,43.27%,$38.20,47.09%,ACAD,NASDAQ:ACAD,-0.461,$31.70,1.51%
NASDAQ:PDEX,31 Mar 2026,$63.00,4,,5,,$61.33,2.73%,,,,$58.59,-4.47%,$126.31,105.95%,$133.02,116.89%,PDEX,NASDAQ:PDEX,-0.294,$56.00,
NYSE:HLF,10 Apr 2026,$16.11,3,$15.00,10,,$13.11,14.42%,,,,$12.74,-2.82%,$0.00,-100.00%,$0.00,-100.00%,HLF,NYSE:HLF,-0.635,$17.50,-14.29%
NASDAQ:INVA,27 May 2026,$23.82,3,$34.50,8,,$22.31,6.75%,,,,$21.99,-1.43%,$71.66,221.21%,$129.29,479.52%,INVA,NASDAQ:INVA,-0.317,$33.20,3.92%
NYSE:MTH,31 Mar 2026,$81.04,5,$83.50,1,,$81.86,-1.00%,,,,$82.03,0.21%,$0.00,-100.00%,$0.00,-100.00%,MTH,NYSE:MTH,-0.286,$79.44,5.11%
NYSE:CBT,29 Apr 2026,$98.58,5,$78.00,6,,$86.35,-9.67%,,,,$94.17,9.06%,$105.11,21.73%,$135.99,57.49%,CBT,NYSE:CBT,0.464,$77.80,0.26%
NASDAQ:JOYY,21 May 2026,$63.47,5,,,,$67.26,-5.63%,,,,$65.59,-2.48%,$0.00,-100.00%,$0.00,-100.00%,JOYY,NASDAQ:JOYY,-0.241,$78.17,
NASDAQ:MU,22 Apr 2026,$420.62,3,$543.20,8,,$975.56,-56.88%,,,,"$1,114.46",14.24%,$0.00,-100.00%,$0.00,-100.00%,MU,NASDAQ:MU,0.031,$533.73,1.77%
NASDAQ:MDXG,22 Apr 2026,$5.83,3,$8.00,7,,$3.95,47.70%,,,,$3.72,-5.82%,$0.00,-100.00%,$0.00,-100.00%,MDXG,NASDAQ:MDXG,-0.899,$6.50,23.08%
NASDAQ:RIGL,4 Apr 2026,$33.48,4,$45.67,9,,$38.72,-13.53%,,,,$38.32,-1.03%,$87.96,127.18%,$89.61,131.44%,RIGL,NASDAQ:RIGL,-0.408,$51.20,-10.80%
NASDAQ:BKNG,15 Jun 2026,$206.77,5,$220.15,7,3.39,$184.56,12.03%,12.03%,$206.77,$232.65,$178.44,-3.32%,$292.12,58.28%,$308.73,67.28%,BKNG,NASDAQ:BKNG,-0.317,$232.65,-5.37%
NASDAQ:RMR,15 Jun 2026,$22.56,4,$21.00,7,3.44,$20.50,2.44%,2.44%,$19.75,$22.56,$21.27,3.76%,$36.53,78.18%,$50.82,147.90%,RMR,NASDAQ:RMR,0.267,$19.75,6.33%
NYSE:REX,7 Apr 2026,$45.52,3,,,,$44.98,1.20%,,,,$47.01,4.51%,$0.00,-100.00%,$0.00,-100.00%,REX,NYSE:REX,0.219,$50.00,
NYSE:WS,23 Apr 2026,$36.83,3,$38.00,7,,$32.02,15.02%,,,,$33.62,5.00%,$0.00,-100.00%,$0.00,-100.00%,WS,NYSE:WS,-0.339,$38.00,0.00%
NYSE:ARDT,9 Apr 2026,$17.13,3,$12.47,4,,$10.76,15.89%,,,,$10.62,-1.30%,$33.56,211.92%,$48.42,349.97%,ARDT,NYSE:ARDT,0.219,$12.44,0.24%
NASDAQ:BYRN,10 Apr 2026,$17.11,3,$20.50,4,,$6.97,145.48%,,,,$6.54,-6.17%,$0.00,-100.00%,$0.00,-100.00%,BYRN,NASDAQ:BYRN,-0.430,$13.69,49.74%
NYSE:VTOL,30 Jun 2026,$44.08,3,$56.00,5,3.29,$41.41,6.45%,6.45%,$44.08,$60.67,$42.83,3.43%,$100.87,143.58%,$149.29,260.51%,VTOL,NYSE:VTOL,0.285,$60.67,-7.70%
NYSE:YELP,10 Apr 2026,$41.52,3,$25.00,3,,$26.52,-5.73%,,,,$24.78,-6.56%,$114.48,331.66%,$131.08,394.25%,YELP,NYSE:YELP,-0.336,$25.62,-2.42%
NYSE:EMN,29 Jun 2026,$95.24,5,$84.00,8,4.55,$68.86,21.99%,21.99%,$79.20,$95.24,$72.16,4.79%,$108.70,57.86%,$154.28,124.04%,EMN,NYSE:EMN,0.854,$79.20,6.06%
NYSE:LEVI,24 Jun 2026,$25.35,4,$26.91,4,3.51,$24.41,3.85%,3.85%,$25.35,$26.91,$26.33,7.87%,$0.00,-100.00%,$0.00,-100.00%,LEVI,NYSE:LEVI,0.441,$26.87,0.15%
NASDAQ:CWBC,14 Apr 2026,$22.95,3,$27.50,9,,$26.97,-14.89%,,,,$27.29,1.19%,$0.00,-100.00%,$0.00,-100.00%,CWBC,NASDAQ:CWBC,-0.030,$28.38,-3.10%
NASDAQ:NRDS,16 Apr 2026,$15.41,5,$14.75,5,,$9.47,55.76%,,,,$9.22,-2.64%,$0.00,-100.00%,$0.00,-100.00%,NRDS,NASDAQ:NRDS,-0.552,$14.50,1.72%
NYSE:LZB,29 Apr 2026,$50.16,5,$44.50,1,,$39.91,11.50%,,,,$39.32,-1.48%,$0.00,-100.00%,$0.00,-100.00%,LZB,NYSE:LZB,-0.342,$44.50,0.00%
NASDAQ:UPWK,16 Apr 2026,$16.52,5,$21.22,4,,$9.16,80.39%,,,,$8.58,-6.33%,$30.34,231.21%,$33.21,262.53%,UPWK,NASDAQ:UPWK,-0.090,$21.40,-0.84%
NASDAQ:MTCH,16 Apr 2026,$41.38,5,$35.45,6,,$37.90,-6.46%,,,,$37.83,-0.18%,$0.00,-100.00%,$0.00,-100.00%,MTCH,NASDAQ:MTCH,-0.485,$36.65,-3.27%
NASDAQ:REGN,29 Apr 2026,$775.92,3,$869.88,8,,$654.27,18.59%,,,,$613.14,-6.29%,$962.48,47.11%,"$1,021.91",56.19%,REGN,NASDAQ:REGN,-0.791,$875.45,-0.64%
NASDAQ:INCY,1 Jun 2026,$81.23,2,$106.83,6,,$116.86,-30.49%,,,,$112.21,-3.98%,$0.00,-100.00%,$0.00,-100.00%,INCY,NASDAQ:INCY,-0.676,$108.50,-1.54%
NYSE:LTC,29 Apr 2026,$40.57,4,$41.00,5,,$39.28,3.29%,,,,$39.56,0.71%,$0.00,-100.00%,$0.00,-100.00%,LTC,NYSE:LTC,0.029,$41.29,-0.70%
NYSE:ELV,8 May 2026,$512.46,3,$382.71,8,,$417.89,-8.42%,,,,$393.98,-5.72%,$410.95,-1.66%,$211.32,-49.43%,ELV,NYSE:ELV,-0.047,$378.38,1.14%
NYSE:MOH,20 Apr 2026,$251.44,3,$142.77,6,,$229.87,-37.89%,,,,$228.85,-0.44%,$452.67,96.92%,$489.46,112.93%,MOH,NYSE:MOH,-0.193,$149.18,-4.30%
NASDAQ:SAIC,29 Apr 2026,$138.59,5,$101.61,7,,$110.96,-8.43%,,,,$106.05,-4.43%,$0.00,-100.00%,$0.00,-100.00%,SAIC,NASDAQ:SAIC,-0.220,$111.44,-8.82%
NYSE:CI,29 Jun 2026,$331.16,5,$346.27,10,3.79,$287.77,15.08%,15.08%,$331.16,$346.27,$277.25,-3.66%,$0.00,-100.00%,$0.00,-100.00%,CI,NYSE:CI,-0.062,$340.50,1.69%
NYSE:TX,29 Apr 2026,$44.92,3,$43.17,7,,$41.75,3.40%,,,,$43.73,4.74%,$0.00,-100.00%,$0.00,-100.00%,TX,NYSE:TX,0.089,$43.46,-0.67%
NASDAQ:FDUS,28 Apr 2026,$22.45,3,,,,$19.33,16.15%,,,,$19.00,-1.71%,$44.16,128.44%,$275.65,1326.03%,FDUS,NASDAQ:FDUS,-0.576,$21.30,
NYSE:OPFI,28 Apr 2026,$13.04,3,$15.50,7,,$9.96,30.94%,,,,$9.45,-5.12%,$278.94,2700.61%,$281.47,2725.98%,OPFI,NYSE:OPFI,-0.436,$13.33,16.28%
NASDAQ:UAL,28 Apr 2026,$106.86,4,$130.71,5,,$133.32,-19.85%,,,,$131.20,-1.59%,$230.02,72.54%,$342.73,157.07%,UAL,NASDAQ:UAL,-0.841,$130.17,0.41%
NYSE:CNA,28 Apr 2026,$48.98,3,,6,,$51.17,-4.29%,,,,$48.22,-5.77%,$0.00,-100.00%,$0.00,-100.00%,CNA,NYSE:CNA,-0.705,$42.00,
NASDAQ:JBSS,28 Apr 2026,$92.51,4,$109.00,8,,$90.60,2.11%,,,,$85.60,-5.52%,$310.85,243.10%,$367.65,305.80%,JBSS,NASDAQ:JBSS,-0.694,$109.00,0.00%
NYSE:HMN,28 Apr 2026,$54.29,4,$48.00,6,,$53.85,-10.86%,,,,$50.29,-6.61%,$0.00,-100.00%,$0.00,-100.00%,HMN,NYSE:HMN,-0.823,$51.50,-6.80%
NYSE:ENVA,28 Apr 2026,$163.50,3,$198.33,8,,$235.19,-30.48%,,,,$235.15,-0.02%,"$1,342.47",470.80%,"$1,368.08",481.69%,ENVA,NYSE:ENVA,-0.552,$187.29,5.89%
NYSE:CF,28 Apr 2026,$121.68,3,$130.71,6,,$110.54,10.08%,,,,$108.36,-1.97%,$166.33,50.47%,$225.63,104.12%,CF,NYSE:CF,-0.229,$120.95,8.07%
NYSE:KMPR,28 Apr 2026,$53.67,3,$54.67,2,,$28.83,86.15%,,,,$26.85,-6.87%,$0.00,-100.00%,$0.00,-100.00%,KMPR,NYSE:KMPR,-0.740,$54.67,0.00%
NYSE:RLI,28 Apr 2026,$66.40,5,$62.50,7,,$62.52,-0.03%,,,,$58.65,-6.19%,$78.79,26.02%,$81.65,30.60%,RLI,NYSE:RLI,-0.620,$58.00,7.76%
NASDAQ:MORN,28 Apr 2026,,,$280.00,7,,$165.94,68.74%,,,,$157.46,-5.11%,$383.85,131.32%,$466.77,181.29%,MORN,NASDAQ:MORN,-0.555,$250.00,12.00%
NASDAQ:GEHC,28 Apr 2026,$91.01,5,$94.25,9,,$65.57,38.79%,,,,$0.00,-100.00%,$0.00,-100.00%,$0.00,-100.00%,GEHC,NASDAQ:GEHC,-1.000,$79.95,17.89%
NASDAQ:NTRS,28 Apr 2026,$135.85,2,$169.95,5,,$176.50,-23.03%,,,,$171.85,-2.63%,$0.00,-100.00%,$0.00,-100.00%,NTRS,NASDAQ:NTRS,-0.618,$153.04,11.05%
NYSE:WES,2 Jul 2026,$43.13,1,,,2.71,$43.67,-1.24%,-1.24%,$43.13,$43.13,$45.31,3.76%,$51.48,17.87%,$110.61,153.28%,WES,NYSE:WES,0.635,$41.83,
NYSE:DHT,25 Jun 2026,$16.49,3,,,3.72,$17.18,-4.02%,-4.02%,$16.49,$20.20,$17.40,1.28%,$32.73,90.54%,$44.48,158.93%,DHT,NYSE:DHT,0.688,$20.20,
NYSE:D,21 May 2026,$62.63,3,$66.64,8,,$69.75,-10.21%,,,,$70.27,0.75%,$0.00,-100.00%,$0.00,-100.00%,D,NYSE:D,0.333,$66.35,0.44%
NASDAQ:CBK,1 Jun 2026,$30.03,3,,,,$33.40,-10.08%,,,,$33.43,0.09%,$0.00,-100.00%,$0.00,-100.00%,CBK,NASDAQ:CBK,0.011,$33.00,
NYSE:ELPC,12 May 2026,$11.13,3,$13.10,8,,$11.61,-4.11%,,,,$11.89,2.41%,$0.00,-100.00%,$0.00,-100.00%,ELPC,NYSE:ELPC,0.364,$16.93,-22.62%
NYSE:FDX,25 Jun 2026,$291.89,1,,,3.00,$313.00,-6.74%,-6.74%,$291.89,$403.07,$328.25,4.87%,$0.00,-100.00%,$0.00,-100.00%,FDX,NYSE:FDX,0.588,$403.07,
NYSE:FBK,27 May 2026,$53.58,3,$64.25,5,,$55.90,-4.15%,,,,$58.00,3.76%,$0.00,-100.00%,$0.00,-100.00%,FBK,NYSE:FBK,0.104,$64.86,-0.94%
NYSE:AXTA,29 Jun 2026,$41.81,5,$34.40,5,3.57,$35.11,-2.02%,-2.02%,$34.40,$41.81,$35.21,0.28%,$0.00,-100.00%,$0.00,-100.00%,AXTA,NYSE:AXTA,0.170,$35.21,-2.30%
NASDAQ:LOPE,26 Jun 2026,$168.79,5,$209.33,3,3.16,$152.65,10.57%,10.57%,$168.79,$214.00,$143.70,-5.86%,$439.45,187.88%,$465.81,205.15%,LOPE,NASDAQ:LOPE,-0.377,$214.00,-2.18%
NASDAQ:PAA,29 Jun 2026,$21.85,1,,,2.96,$22.51,-2.93%,-2.93%,$21.85,$22.67,$23.55,4.62%,$65.85,192.53%,$91.00,304.25%,PAA,NASDAQ:PAA,0.815,$22.67,
NASDAQ:NKSH,27 May 2026,$35.84,3,,7,,$36.55,-1.95%,,,,$36.35,-0.55%,$0.00,-100.00%,$0.00,-100.00%,NKSH,NASDAQ:NKSH,-0.106,$41.00,
NYSE:KRC,15 Jun 2026,$46.60,5,$37.20,5,3.95,$39.32,-5.39%,-5.39%,$35.14,$46.60,$40.85,3.89%,$22.14,-43.68%,$55.51,41.18%,KRC,NYSE:KRC,0.621,$35.14,5.86%
NASDAQ:MRBK,27 May 2026,$18.24,3,$21.00,7,,$19.64,-7.13%,,,,$20.07,2.19%,$0.00,-100.00%,$0.00,-100.00%,MRBK,NASDAQ:MRBK,-0.087,$22.00,-4.55%
NYSE:TTE,30 Jun 2026,$85.46,4,$99.63,,4.23,$76.69,11.44%,11.44%,$85.46,$99.63,$79.12,3.17%,$0.00,-100.00%,$0.00,-100.00%,TTE,NYSE:TTE,0.742,$97.07,2.64%
NASDAQ:SMBC,27 May 2026,$70.66,3,$73.33,5,,$76.04,-7.07%,,,,$79.02,3.92%,$0.00,-100.00%,$0.00,-100.00%,SMBC,NASDAQ:SMBC,0.022,$68.33,7.32%
NYSE:EPD,30 Jun 2026,$36.66,1,,,2.89,$36.75,-0.24%,-0.24%,$36.66,$40.70,$38.19,3.92%,$0.00,-100.00%,$0.00,-100.00%,EPD,NYSE:EPD,0.614,$40.70,
NASDAQ:SHOE,30 Jun 2026,$24.84,5,,,3.35,$15.09,64.61%,64.61%,$24.84,$24.84,$14.95,-0.93%,$0.00,-100.00%,$0.00,-100.00%,SHOE,NASDAQ:SHOE,-0.213,,
NYSE:AD,30 Jun 2026,$38.75,3,,,4.25,$36.24,6.93%,6.93%,$38.75,$53.83,$39.66,9.44%,$0.00,-100.00%,$0.00,-100.00%,AD,NYSE:AD,0.914,$53.83,
NASDAQ:SCVL,15 Jun 2026,$31.19,5,,,,$15.09,106.69%,106.69%,$31.19,$31.19,,-100.00%,-$2.00,-113.25%,-$2.00,-113.25%,SCVL,NASDAQ:SHOE,-2.000,,
NYSE:SBR,30 Jun 2026,$69.55,3,,6,3.33,$73.11,-4.87%,-4.87%,$69.55,$69.55,$76.87,5.14%,$240.73,229.26%,$240.72,229.26%,SBR,NYSE:SBR,0.797,$32.50,
NYSE:MATV,24 Jun 2026,$12.06,5,,7,4.50,$7.22,67.04%,67.04%,$12.06,$21.00,$8.03,11.22%,-$8.17,-213.19%,$36.43,404.61%,MATV,NYSE:MATV,0.696,$21.00,
NYSE:TK,30 Jun 2026,$11.24,3,,2,3.02,$10.31,9.03%,9.03%,$11.24,$11.24,$10.54,2.23%,$0.00,-100.00%,$0.00,-100.00%,TK,NYSE:TK,0.753,$5.00,
NYSE:AVA,29 Jun 2026,$41.07,3,$39.25,5,3.58,$41.40,-5.19%,-5.19%,$39.25,$42.00,$43.37,4.76%,$0.00,-100.00%,$0.00,-100.00%,AVA,NYSE:AVA,0.833,$42.00,-6.55%
NYSE:TNK,16 Jun 2026,$68.85,3,$80.50,6,3.65,$67.60,1.85%,1.85%,$68.85,$86.60,$68.10,0.74%,$316.16,367.69%,$366.49,442.15%,TNK,NYSE:TNK,0.663,$86.60,-7.04%
NASDAQ:BCML,16 Jun 2026,$34.03,3,$33.00,7,3.02,$33.46,-1.37%,-1.37%,$32.67,$34.03,$34.65,3.56%,$0.00,-100.00%,$0.00,-100.00%,BCML,NASDAQ:BCML,0.170,$32.67,1.01%
NYSE:CBL,23 Jun 2026,$47.75,3,$55.00,8,3.30,$52.63,-9.26%,-9.26%,$45.00,$55.00,$57.07,8.44%,$34.67,-34.12%,$111.39,111.66%,CBL,NYSE:CBL,0.459,$45.00,22.22%
NASDAQ:JCAP,24 Jun 2026,$21.24,4,,,3.77,$18.82,12.86%,12.86%,$21.24,$26.20,$20.25,7.60%,$0.00,-100.00%,$0.00,-100.00%,JCAP,NASDAQ:JCAP,0.117,$26.20,
NYSE:BKH,16 Jun 2026,$76.81,4,$83.00,9,4.03,$73.79,4.09%,4.09%,$76.81,$83.00,$77.63,5.20%,$53.55,-27.43%,$74.85,1.43%,BKH,NYSE:BKH,0.610,$83.00,0.00%
NYSE:CPK,25 Jun 2026,$113.77,3,,,3.63,$125.00,-8.98%,-8.98%,$113.77,$149.25,$129.29,3.43%,$72.31,-42.15%,$93.88,-24.89%,CPK,NYSE:CPK,0.568,$149.25,
NYSE:HESM,30 Jun 2026,$37.34,1,,,2.86,$38.16,-2.15%,-2.15%,$37.34,$38.67,$39.54,3.62%,$35.87,-6.01%,$64.68,69.50%,HESM,NYSE:HESM,0.711,$38.67,
NYSE:SOBO,23 Jun 2026,$37.00,3,,,3.46,$34.37,7.65%,7.65%,$37.00,$37.00,$36.44,6.02%,$0.00,-100.00%,$0.00,-100.00%,SOBO,NYSE:SOBO,0.640,$34.78,
NYSE:AEE,16 Jun 2026,$106.67,3,$119.00,7,3.52,$115.02,-7.26%,-7.26%,$106.67,$119.36,$117.63,2.27%,$5.76,-94.99%,$57.24,-50.23%,AEE,NYSE:AEE,0.627,$119.36,-0.30%
NYSE:SUN,24 Jun 2026,$65.25,3,,,3.31,$68.28,-4.44%,-4.44%,$65.25,$67.25,$70.71,3.56%,$39.45,-42.23%,$141.49,107.22%,SUN,NYSE:SUN,0.526,$67.25,
NYSE:RGA,25 Jun 2026,$194.90,3,,,3.40,$221.00,-11.81%,-11.81%,$194.90,$248.44,$224.78,1.71%,-$905.04,-509.52%,-$906.23,-510.06%,RGA,NYSE:RGA,0.439,$248.44,
NYSE:MPC,16 Jun 2026,$210.97,1,$279.30,8,2.63,$266.35,-20.79%,-20.79%,$210.97,$279.30,$272.32,2.24%,$0.00,-100.00%,$0.00,-100.00%,MPC,NYSE:MPC,0.402,$249.29,12.04%
NYSE:ATO,16 Jun 2026,$164.62,3,,,3.37,$176.87,-6.93%,-6.93%,$164.62,$189.45,$179.17,1.30%,$342.70,93.76%,$412.39,133.16%,ATO,NYSE:ATO,0.477,$189.45,
NYSE:OMF,23 Jun 2026,$58.80,3,,,3.31,$59.50,-1.18%,-1.18%,$58.80,$68.00,$62.88,5.68%,$144.33,142.58%,$168.91,183.89%,OMF,NYSE:OMF,0.320,$68.00,
NYSE:SPG,25 Jun 2026,$192.49,3,$210.75,9,3.54,$226.06,-14.85%,-14.85%,$192.49,$210.75,$231.04,2.20%,$324.79,43.67%,$412.42,82.44%,SPG,NYSE:SPG,0.588,$208.55,1.05%
NYSE:HTH,16 Jun 2026,$40.96,3,$39.50,3,3.03,$38.82,1.75%,1.75%,$39.50,$40.96,$40.80,5.10%,$0.00,-100.00%,$0.00,-100.00%,HTH,NYSE:HTH,0.420,$39.67,-0.43%
NASDAQ:HTO,23 Jun 2026,$57.81,3,,,3.31,$62.42,-7.39%,-7.39%,$57.81,$62.33,$63.78,2.18%,-$42.23,-167.66%,-$22.77,-136.47%,HTO,NASDAQ:HTO,0.517,$62.33,
NYSE:MLI,17 Jun 2026,$127.13,2,,,3.00,$56.50,125.01%,125.01%,$127.13,$149.50,$32.06,-43.26%,$0.00,-100.00%,$0.00,-100.00%,MLI,NYSE:MLI,0.391,$149.50,
NYSE:EG,17 Jun 2026,$338.53,3,,,3.00,$371.35,-8.84%,-8.84%,$338.53,$369.87,$371.87,0.14%,"$1,002.75",170.03%,$976.89,163.07%,EG,NYSE:EG,0.201,$369.87,
NYSE:SR,23 Jun 2026,$82.84,4,,,4.13,$79.68,3.97%,3.97%,$82.84,$99.50,$82.01,2.92%,$52.25,-34.43%,$118.82,49.12%,SR,NYSE:SR,0.666,$99.50,
NYSE:BFH,19 Jun 2026,$90.04,3,$98.33,10,2.91,$102.21,-11.91%,-11.91%,$85.53,$98.33,$106.77,4.46%,$0.00,-100.00%,$0.00,-100.00%,BFH,NYSE:BFH,-0.051,$85.53,14.97%
NASDAQ:SNY,25 Jun 2026,$55.50,5,$53.00,5,3.86,$43.16,22.80%,22.80%,$53.00,$57.12,$44.10,2.18%,$51.70,19.78%,$85.86,98.94%,SNY,NASDAQ:SNY,0.243,$57.12,-7.21%
NASDAQ:TMUS,30 Jun 2026,$234.16,3,$254.24,7,3.70,$177.52,31.91%,31.91%,$234.16,$268.35,$179.99,1.39%,$284.46,60.24%,$516.48,190.94%,TMUS,NASDAQ:TMUS,0.571,$268.35,-5.26%
NYSE:ES,23 Jun 2026,$73.60,4,$70.67,8,3.65,$74.44,-5.06%,-5.06%,$70.67,$73.60,$75.14,0.94%,-$61.94,-183.21%,$23.76,-68.09%,ES,NYSE:ES,0.398,$72.58,-2.63%
NASDAQ:TIGO,24 Jun 2026,$78.80,3,,,3.01,$93.76,-15.96%,-15.96%,$78.80,$78.80,$94.50,0.79%,$133.59,42.48%,$283.90,202.79%,TIGO,NASDAQ:TIGO,0.463,$75.84,
NASDAQ:EZPW,29 Jun 2026,$31.35,3,$41.00,9,3.24,$35.59,-11.91%,-11.91%,$31.35,$41.00,$36.96,3.85%,$63.78,79.20%,$74.93,110.54%,EZPW,NASDAQ:EZPW,0.266,$34.00,20.59%
NYSE:NRP,24 Jun 2026,$100.40,3,,,3.43,$99.11,1.30%,1.30%,$100.40,$100.40,$104.72,5.66%,$238.89,141.03%,$258.32,160.64%,NRP,NYSE:NRP,0.675,$96.00,
NYSE:DINO,24 Jun 2026,$67.54,3,$72.58,9,3.69,$72.50,-6.84%,-6.84%,$67.54,$72.58,$75.60,4.28%,$125.49,73.09%,$81.06,11.81%,DINO,NYSE:DINO,0.692,$72.29,0.40%
NYSE:T,30 Jun 2026,$27.72,5,$31.50,9,4.73,$20.58,34.69%,34.69%,$27.72,$31.50,$22.04,7.09%,$16.16,-21.48%,$54.80,166.29%,T,NYSE:T,0.801,$30.43,3.52%
NYSE:HAL,30 Jun 2026,$33.26,3,$45.07,7,3.39,$32.96,0.90%,0.90%,$33.26,$45.07,$34.95,6.04%,$0.00,-100.00%,$0.00,-100.00%,HAL,NYSE:HAL,0.350,$41.64,8.24%
NYSE:TS,30 Jun 2026,$56.32,3,$63.20,7,3.45,$54.13,4.05%,4.05%,$56.32,$63.20,$56.77,4.88%,$0.00,-100.00%,$0.00,-100.00%,TS,NYSE:TS,0.528,$58.57,7.91%
NYSE:TDW,30 Jun 2026,$68.88,3,,7,3.56,$68.12,1.12%,1.12%,$68.88,$84.71,$70.30,3.20%,$195.69,187.28%,$235.90,246.30%,TDW,NYSE:TDW,0.528,$84.71,
NYSE:FLOC,30 Jun 2026,$26.64,4,,,4.06,$20.74,28.46%,28.46%,$26.64,$29.88,$22.06,6.36%,$0.00,-100.00%,$0.00,-100.00%,FLOC,NYSE:FLOC,0.396,$29.88,
NYSE:CLB,30 Jun 2026,$16.13,5,,,4.33,$11.46,40.75%,40.75%,$16.13,$16.33,$12.58,9.77%,$12.18,6.29%,$17.74,54.78%,CLB,NYSE:CLB,0.328,$16.33,
NASDAQ:SND,30 Jun 2026,$5.71,3,,6,2.90,$4.70,21.49%,21.49%,$5.71,$5.71,$5.23,11.28%,$24.08,412.39%,$25.90,451.06%,SND,NASDAQ:SND,0.343,$3.00,
NYSE:BWLP,26 Jun 2026,$17.09,3,,,3.80,$18.37,-6.97%,-6.97%,$17.09,$17.09,$18.66,1.58%,$62.38,239.55%,$83.97,357.10%,BWLP,NYSE:BWLP,0.789,,
NYSE:RCI,26 Jun 2026,$44.54,5,$42.06,10,4.43,$31.62,33.02%,33.02%,$41.73,$44.54,$33.50,5.95%,$2.92,-90.77%,$194.77,515.96%,RCI,NYSE:RCI,0.488,$41.73,0.79%
NYSE:TIMB,30 Jun 2026,$23.56,4,$27.83,1,3.54,$21.71,8.50%,8.50%,$23.56,$27.83,$22.20,2.26%,$83.00,282.33%,$130.38,500.56%,TIMB,NYSE:TIMB,0.579,$26.86,3.61%
NYSE:UGI,2 Jul 2026,$38.21,4,$40.00,4,3.76,$35.15,8.70%,8.70%,$38.21,$42.00,$36.19,2.96%,$72.13,105.20%,$76.73,118.28%,UGI,NYSE:UGI,0.628,$42.00,-4.76%
NYSE:WSR,2 Jul 2026,$19.20,3,$19.00,7,3.49,$18.98,0.11%,0.11%,$18.86,$19.20,$19.68,3.69%,$3.82,-79.89%,$16.77,-11.63%,WSR,NYSE:WSR,0.631,$18.86,0.74%
NYSE:BSM,2 Jul 2026,$13.68,1,,,2.83,$13.79,-0.80%,-0.80%,$13.68,$14.00,$14.54,5.44%,$18.37,33.23%,$17.48,26.79%,BSM,NYSE:BSM,0.679,$14.00,
