Stock,Date,MS Fair Value,MS,Tips Target,Tips Stars,Stars,Current Price,Fair Value,Valid Fair Value,Low Price,High Price,"3 Mths
Target","3 Mths
Target %",Intrinsic Value Basic,Intrinsic Value Basic %,Intrinsic Value Adjusted,Intrinsic Value Adjusted %,🙈 Symbol,"🙈 Google
Symbol",Score,Analyst Target Price,Tip Ranks Difference
NYSE:AA,23 Jun 2026,$55.51,3,$78.71,7,3.35,$49.87,11.32%,11.32%,$55.51,$78.71,$51.82,3.91%,$0.00,-100.00%,$0.00,-100.00%,AA,NYSE:AA,0.215,$75.02,4.92%
NASDAQ:AAL,28 Jul 2025,$12.45,3,$13.73,1,,$17.75,-29.85%,,,,,-100.00%,-$2.00,-111.27%,-$2.00,-111.27%,AAL,NASDAQ:AAL,-2.000,,
NASDAQ:AAOI,30 Jan 2026,$36.44,3,$38.25,6,,$123.36,-70.46%,,,,,-100.00%,-$2.00,-101.62%,-$2.00,-101.62%,AAOI,NASDAQ:AAOI,-2.000,,
NASDAQ:AAON,22 Jan 2026,$81.94,2,$119.00,4,,$109.35,-25.06%,,,,,-100.00%,-$2.00,-101.83%,-$2.00,-101.83%,AAON,NASDAQ:AAON,-2.000,,
NASDAQ:AAPL,19 Jan 2026,$237.95,2,$299.69,8,,$312.66,-23.89%,,,,$297.19,-4.95%,$0.00,-100.00%,$0.00,-100.00%,AAPL,NASDAQ:AAPL,-0.101,$303.38,-1.22%
NYSE:AAT,22 Apr 2026,$25.97,5,$19.00,3,,$25.16,-24.48%,,,,$25.93,3.06%,$0.00,-100.00%,$0.00,-100.00%,AAT,NYSE:AAT,0.053,$19.00,0.00%
NASDAQ:ABCB,12 Oct 2025,$69.25,3,$77.00,6,,$90.83,-23.76%,,,,,-100.00%,-$2.00,-102.20%,-$2.00,-102.20%,ABCB,NYSE:ABCB,-2.000,,
NYSE:ABCB,19 Nov 2025,$73.43,3,,,,$90.83,-19.16%,,,,$87.84,-3.29%,$0.00,-100.00%,$0.00,-100.00%,ABCB,NYSE:ABCB,-0.770,$93.50,
NYSE:ABEV,19 Mar 2026,$3.23,4,$3.12,5,,$3.07,1.63%,,,,$3.10,0.98%,$0.00,-100.00%,$0.00,-100.00%,ABEV,NYSE:ABEV,-0.237,$3.18,-1.89%
NYSE:ABM,30 Aug 2025,$55.78,4,$58.40,6,,$44.40,25.63%,,,,$45.99,3.58%,$0.00,-100.00%,$0.00,-100.00%,ABM,NYSE:ABM,0.461,$51.43,13.55%
NYSE:ABT,11 Dec 2025,$121.58,3,$147.38,6,,$95.63,27.14%,,,,$91.11,-4.73%,$0.00,-100.00%,$0.00,-100.00%,ABT,NYSE:ABT,-0.659,$120.00,22.82%
NYSE:ACCO,28 Apr 2026,$4.93,5,$7.00,6,,$4.10,20.36%,,,,$4.49,9.51%,$0.00,-100.00%,$0.00,-100.00%,ACCO,NYSE:ACCO,0.406,$7.67,-8.74%
NYSE:ACEL,18 Sep 2025,$12.91,4,$15.00,7,,$12.38,4.26%,,,,,-100.00%,-$2.00,-116.16%,-$2.00,-116.16%,ACEL,NYSE:ACEL,-2.000,,
NASDAQ:ACGL,29 Aug 2025,$97.27,4,$108.00,5,,$101.81,-4.46%,,,,$99.04,-2.72%,$0.00,-100.00%,$0.00,-100.00%,ACGL,NASDAQ:ACGL,-0.129,$109.03,-0.94%
NYSE:ACI,21 May 2026,$24.29,3,$22.00,6,,$14.18,55.15%,,,,$14.45,1.90%,$0.00,-100.00%,$0.00,-100.00%,ACI,NYSE:ACI,0.069,$21.53,2.18%
NASDAQ:ACIW,10 Feb 2026,$52.10,5,$63.33,2,,$55.93,-6.85%,,,,,-100.00%,-$2.00,-103.58%,-$2.00,-103.58%,ACIW,NASDAQ:ACIW,-2.000,,
NASDAQ:ACLS,27 May 2026,$130.64,2,$167.25,8,,$139.97,-6.67%,,,,$183.28,30.94%,$182.31,30.25%,$187.25,33.78%,ACLS,NASDAQ:ACLS,0.639,$111.67,49.77%
NASDAQ:ACMR,5 Feb 2026,$52.94,2,$43.25,9,,$98.52,-56.10%,,,,,-100.00%,-$2.00,-102.03%,-$2.00,-102.03%,ACMR,NASDAQ:ACMR,-2.000,,
NYSE:ACN,24 May 2026,$244.46,3,$254.70,8,,$136.96,78.49%,,,,$133.86,-2.26%,$0.00,-100.00%,$0.00,-100.00%,ACN,NYSE:ACN,-0.264,$250.51,1.67%
NYSE:ACVA,18 Sep 2025,$10.72,3,,,,$7.43,44.31%,,,,,-100.00%,-$2.00,-126.92%,-$2.00,-126.92%,ACVA,NYSE:ACVA,-2.000,,
NYSE:ADC,19 Sep 2025,$79.26,4,$81.90,8,,$77.17,2.71%,,,,,-100.00%,-$2.00,-102.59%,-$2.00,-102.59%,ADC,NYSE:ADC,-2.000,,
NASDAQ:ADEA,5 Feb 2026,$20.67,3,,,,$29.33,-29.51%,,,,,-100.00%,-$2.00,-106.82%,-$2.00,-106.82%,ADEA,NASDAQ:ADEA,-2.000,,
NASDAQ:ADI,4 Jan 2026,$270.08,3,$290.50,7,,$388.83,-30.54%,,,,$405.72,4.34%,$0.00,-100.00%,$0.00,-100.00%,ADI,NASDAQ:ADI,0.308,$392.94,-26.07%
NASDAQ:ADIL,11 Jul 2025,$0.51,3,,,,$2.90,-82.31%,,,,,-100.00%,-$2.00,-168.97%,-$2.00,-168.97%,ADIL,NASDAQ:ADIL,-2.000,,
NASDAQ:ADP,27 Jan 2026,$279.90,4,$288.80,7,,$239.49,16.87%,,,,,-100.00%,-$2.00,-100.84%,-$2.00,-100.84%,ADP,NASDAQ:ADP,-2.000,,
NASDAQ:ADTN,10 Feb 2026,$10.14,3,$12.50,8,,$12.89,-21.33%,,,,,-100.00%,-$2.00,-115.52%,-$2.00,-115.52%,ADTN,NASDAQ:ADTN,-2.000,,
NYSE:AEM,24 Oct 2025,$79.48,1,,,,$154.94,-48.70%,,,,,-100.00%,-$2.00,-101.29%,-$2.00,-101.29%,AEM,NYSE:AEM,-2.000,,
NASDAQ:AEMD,4 Dec 2025,$7.60,3,,,,$0.79,862.03%,,,,,-100.00%,-$2.00,-353.16%,-$2.00,-353.16%,AEMD,NASDAQ:AEMD,-2.000,,
NASDAQ:AEP,18 Sep 2025,$104.71,2,,,,$135.98,-23.00%,,,,,-100.00%,-$2.00,-101.47%,-$2.00,-101.47%,AEP,NASDAQ:AEP,-2.000,,
NYSE:AER,5 Mar 2026,$119.70,1,,,,$153.45,-21.99%,,,,,-100.00%,-$2.00,-101.30%,-$2.00,-101.30%,AER,NYSE:AER,-2.000,,
NYSE:AES,11 Jul 2025,$13.47,3,,,,$14.57,-7.58%,,,,,-100.00%,-$2.00,-113.73%,-$2.00,-113.73%,AES,NYSE:AES,-2.000,,
NASDAQ:AFYA,30 Jun 2026,$16.79,3,$21.00,2,,$14.87,12.94%,12.94%,$16.79,$21.00,,-100.00%,-$2.00,-113.45%,-$2.00,-113.45%,AFYA,NASDAQ:AFYA,-2.000,,
NYSE:AG,12 Aug 2025,$7.66,3,,,,$17.31,-55.78%,,,,,-100.00%,-$2.00,-111.55%,-$2.00,-111.55%,AG,NYSE:AG,-2.000,,
NYSE:AGI,24 Oct 2025,$19.15,2,,,,$31.57,-39.34%,,,,$32.53,3.04%,$0.00,-100.00%,$0.00,-100.00%,AGI,NYSE:AGI,0.158,$60.50,
NYSE:AGM,11 Nov 2025,$179.75,4,$219.00,5,,$200.87,-10.51%,,,,$200.48,-0.19%,"-$2,581.39",-1385.11%,"-$2,600.28",-1394.51%,AGM,NYSE:AGM,-0.163,$215.33,1.70%
NASDAQ:AGNC,23 Dec 2025,$10.87,3,$10.31,9,,$11.17,-7.70%,,,,$10.82,-3.13%,$0.00,-100.00%,$0.00,-100.00%,AGNC,NASDAQ:AGNC,-0.440,$11.44,-9.88%
NYSE:AGO,3 Jan 2025,$100.22,4,$105.33,1,,$83.63,19.84%,,,,$82.30,-1.59%,$14.78,-82.33%,$14.78,-82.33%,AGO,NYSE:AGO,-0.073,$102.33,2.93%
NYSE:AGRO,27 Aug 2025,$9.55,4,$9.40,1,,$9.48,-0.84%,,,,,-100.00%,-$2.00,-121.10%,-$2.00,-121.10%,AGRO,NYSE:AGRO,-2.000,,
NASDAQ:AHCO,3 Dec 2025,$13.94,3,$13.67,6,,$10.27,33.11%,,,,,-100.00%,-$2.00,-119.47%,-$2.00,-119.47%,AHCO,NASDAQ:AHCO,-2.000,,
NYSE:AIG,17 Jul 2025,$84.76,3,$90.60,5,,$80.75,4.97%,,,,$80.87,0.15%,$0.00,-100.00%,$0.00,-100.00%,AIG,NYSE:AIG,0.102,$87.65,3.37%
NASDAQ:AIMD,29 Jan 2026,$2.10,3,,,,$2.04,3.14%,,,,,-100.00%,-$2.00,-198.04%,-$2.00,-198.04%,AIMD,NASDAQ:AIMD,-2.000,,
NYSE:AIN,15 Aug 2025,$77.61,3,$66.80,4,,$73.98,-9.71%,,,,$79.00,6.79%,$126.85,71.47%,$168.17,127.32%,AIN,NYSE:AIN,0.660,$56.25,18.76%
NASDAQ:AIP,5 Feb 2026,$16.04,3,$20.50,7,,$34.82,-53.93%,,,,,-100.00%,-$2.00,-105.74%,-$2.00,-105.74%,AIP,NASDAQ:AIP,-2.000,,
NASDAQ:AIRS,23 Aug 2025,$6.69,3,$5.00,5,,$4.48,11.61%,,,,,-100.00%,-$2.00,-144.64%,-$2.00,-144.64%,AIRS,NASDAQ:AIRS,-2.000,,
NYSE:AIV,29 Jun 2026,$2.90,3,,2,,$2.94,-1.53%,-1.53%,$2.90,$2.90,,-100.00%,-$2.00,-168.03%,-$2.00,-168.03%,AIV,NYSE:AIV,-2.000,,
NYSE:AIZ,29 Aug 2025,$221.82,3,$239.50,10,,$279.28,-20.57%,,,,,-100.00%,-$2.00,-100.72%,-$2.00,-100.72%,AIZ,NYSE:AIZ,-2.000,,
NASDAQ:AKAM,11 Feb 2026,$114.28,5,$103.73,9,,$112.73,-7.98%,,,,,-100.00%,-$2.00,-101.77%,-$2.00,-101.77%,AKAM,NASDAQ:AKAM,-2.000,,
NYSE:AL,2 Jan 2026,$58.27,3,$66.50,5,,#N/A,#N/A,,,,,#N/A,-$2.00,#N/A,-$2.00,#N/A,AL,NYSE:AL,-2.000,,
NASDAQ:ALAB,27 Jan 2026,$140.56,1,$194.64,5,,$432.74,-67.52%,,,,,-100.00%,-$2.00,-100.46%,-$2.00,-100.46%,ALAB,NASDAQ:ALAB,-2.000,,
NYSE:ALC,27 Aug 2025,$81.45,1,,,,$68.33,19.20%,,,,,-100.00%,-$2.00,-102.93%,-$2.00,-102.93%,ALC,NYSE:ALC,-2.000,,
NYSE:ALEX,18 Nov 2025,$16.62,4,$21.00,5,,#N/A,#N/A,,,,$10.08,#N/A,$20.99,#N/A,$26.58,#N/A,ALEX,NYSE:ALEX,-0.915,$21.00,0.00%
NASDAQ:ALGM,19 Jan 2026,$25.92,2,$39.14,8,,$56.56,-54.18%,,,,,-100.00%,-$2.00,-103.54%,-$2.00,-103.54%,ALGM,NASDAQ:ALGM,-2.000,,
NYSE:ALIT,11 Feb 2026,$3.53,3,$3.67,5,,$16.71,-78.85%,,,,,-100.00%,-$2.00,-111.97%,-$2.00,-111.97%,ALIT,NYSE:ALIT,-2.000,,
NYSE:ALL,28 Apr 2026,$199.62,2,$248.30,5,,$248.37,-19.63%,,,,$243.70,-1.88%,$0.00,-100.00%,$0.00,-100.00%,ALL,NYSE:ALL,-0.295,$241.52,2.81%
NYSE:ALLE,24 Oct 2025,$165.38,3,,,,$140.14,18.01%,,,,$138.24,-1.36%,$0.00,-100.00%,$0.00,-100.00%,ALLE,NYSE:ALLE,-0.404,$167.58,
NYSE:ALLY,29 Jun 2026,$48.35,3,$53.00,9,3.47,$46.23,4.59%,4.59%,$48.35,$53.00,$47.94,3.70%,$0.00,-100.00%,$0.00,-100.00%,ALLY,NYSE:ALLY,0.385,$51.77,2.38%
NASDAQ:ALNT,4 Feb 2026,$50.47,2,,,,$88.17,-42.76%,,,,,-100.00%,-$2.00,-102.27%,-$2.00,-102.27%,ALNT,NASDAQ:ALNT,-2.000,,
NASDAQ:ALRM,11 Feb 2026,$60.94,3,$85.00,1,,$49.87,22.21%,,,,,-100.00%,-$2.00,-104.01%,-$2.00,-104.01%,ALRM,NASDAQ:ALRM,-2.000,,
NASDAQ:ALRS,27 Oct 2025,$24.54,3,$25.63,7,,$31.12,-21.15%,,,,$32.32,3.86%,$0.00,-100.00%,$0.00,-100.00%,ALRS,NASDAQ:ALRS,0.114,$26.00,-1.42%
NYSE:ALSN,22 Sep 2025,$99.81,4,$98.14,3,,$116.60,-15.83%,,,,,-100.00%,-$2.00,-101.72%,-$2.00,-101.72%,ALSN,NYSE:ALSN,-2.000,,
NASDAQ:ALT,23 Dec 2025,$9.35,5,$13.00,2,,$3.08,203.57%,,,,,-100.00%,-$2.00,-164.94%,-$2.00,-164.94%,ALT,NASDAQ:ALT,-2.000,,
NASDAQ:ALTS,12 Aug 2025,$5.33,2,,,,#N/A,#N/A,,,,,#N/A,-$2.00,#N/A,-$2.00,#N/A,ALTS,NASDAQ:ALTS,-2.000,,
NASDAQ:ALVO,23 Aug 2025,$8.66,3,,,,$3.46,150.35%,,,,,-100.00%,-$2.00,-157.80%,-$2.00,-157.80%,ALVO,NASDAQ:ALVO,-2.000,,
NASDAQ:AMAL,2 Oct 2025,$30.65,3,,1,,$46.38,-33.91%,,,,$48.58,4.74%,$0.00,-100.00%,$0.00,-100.00%,AMAL,NASDAQ:AMAL,0.096,$46.00,
NYSE:AMBP,29 Aug 2025,$5.14,4,,6,,$4.72,8.88%,,,,,-100.00%,-$2.00,-142.37%,-$2.00,-142.37%,AMBP,NYSE:AMBP,-2.000,,
NYSE:AMBQ,29 Jan 2026,$40.84,3,,,,$83.82,-51.28%,,,,,-100.00%,-$2.00,-102.39%,-$2.00,-102.39%,AMBQ,NYSE:AMBQ,-2.000,,
NYSE:AMCR,21 May 2026,$52.70,5,$46.80,4,,$44.62,4.89%,,,,$43.56,-2.38%,$0.00,-100.00%,$0.00,-100.00%,AMCR,NYSE:AMCR,-0.567,$50.22,-6.81%
NASDAQ:AMD,28 Jan 2026,$229.36,2,$286.66,9,,$552.05,-58.45%,,,,$561.21,1.66%,$0.00,-100.00%,$0.00,-100.00%,AMD,NASDAQ:AMD,0.314,$312.28,-8.20%
NYSE:AME,19 Nov 2025,$189.82,2,$220.17,2,,$237.14,-19.95%,,,,,-100.00%,-$2.00,-100.84%,-$2.00,-100.84%,AME,NYSE:AME,-2.000,,
NASDAQ:AMPG,9 Feb 2026,$2.53,3,$9.00,7,,$5.92,-57.30%,,,,,-100.00%,-$2.00,-133.78%,-$2.00,-133.78%,AMPG,NASDAQ:AMPG,-2.000,,
NASDAQ:AMPL,5 Feb 2026,$11.31,4,$15.17,4,,$8.91,26.93%,,,,,-100.00%,-$2.00,-122.45%,-$2.00,-122.45%,AMPL,NASDAQ:AMPL,-2.000,,
NYSE:AMPY,20 Mar 2026,$8.49,3,$7.25,8,,$3.86,87.82%,,,,,-100.00%,-$2.00,-151.81%,-$2.00,-151.81%,AMPY,NYSE:AMPY,-2.000,,
NASDAQ:AMSC,29 Oct 2025,$40.66,2,,,,$38.13,6.64%,,,,,-100.00%,-$2.00,-105.25%,-$2.00,-105.25%,AMSC,NASDAQ:AMSC,-2.000,,
NASDAQ:AMSF,26 Aug 2025,$45.99,3,,,,$34.65,32.72%,,,,,-100.00%,-$2.00,-105.77%,-$2.00,-105.77%,AMSF,NASDAQ:AMSF,-2.000,,
NYSE:AMTB,19 Nov 2025,$19.34,3,$21.00,4,,$26.05,-25.76%,,,,,-100.00%,-$2.00,-107.68%,-$2.00,-107.68%,AMTB,NYSE:AMTB,-2.000,,
NASDAQ:AMTX,4 Sep 2025,$3.19,3,,5,,$1.71,86.32%,,,,,-100.00%,-$2.00,-216.96%,-$2.00,-216.96%,AMTX,NASDAQ:AMTX,-2.000,,
NASDAQ:AMWD,30 Aug 2025,$86.63,3,,6,,#N/A,#N/A,,,,,#N/A,-$2.00,#N/A,-$2.00,#N/A,AMWD,NASDAQ:AMWD,-2.000,,
NYSE:AMX,23 Jun 2026,$26.38,3,$28.60,8,3.20,$26.14,0.90%,0.90%,$26.38,$28.60,$26.81,2.56%,$0.00,-100.00%,$0.00,-100.00%,AMX,NYSE:AMX,0.257,$26.70,7.12%
NYSE:ANF,21 Sep 2025,$118.40,3,,1,,$89.77,31.89%,,,,$90.84,1.19%,$0.00,-100.00%,$0.00,-100.00%,ANF,NYSE:ANF,-0.378,$119.50,
NYSE:AON,29 Aug 2025,$347.01,2,,,,$356.91,-2.77%,,,,,-100.00%,-$2.00,-100.56%,-$2.00,-100.56%,AON,NYSE:AON,-2.000,,
NYSE:AORT,11 Dec 2025,$47.98,3,$51.71,4,,$24.66,94.57%,,,,,-100.00%,-$2.00,-108.11%,-$2.00,-108.11%,AORT,NYSE:AORT,-2.000,,
NYSE:AOS,14 Jan 2026,$71.54,4,$76.86,8,,$62.45,14.56%,,,,$64.31,2.98%,$150.37,140.78%,$163.70,162.13%,AOS,NYSE:AOS,0.312,$78.30,-1.84%
NASDAQ:AOSL,5 Feb 2026,$36.47,3,$24.33,6,,$38.24,-36.38%,,,,,-100.00%,-$2.00,-105.23%,-$2.00,-105.23%,AOSL,NASDAQ:AOSL,-2.000,,
NASDAQ:APA,12 Aug 2025,$28.49,3,,7,,$32.46,-12.25%,,,,,-100.00%,-$2.00,-106.16%,-$2.00,-106.16%,APA,NASDAQ:APA,-2.000,,
NYSE:APAM,25 Feb 2026,$47.32,4,$45.00,6,,$36.18,24.38%,,,,,-100.00%,-$2.00,-105.53%,-$2.00,-105.53%,APAM,NYSE:APAM,-2.000,,
NYSE:APD,30 Aug 2025,$296.29,3,,8,,$308.86,-4.07%,,,,,-100.00%,-$2.00,-100.65%,-$2.00,-100.65%,APD,NYSE:APD,-2.000,,
NASDAQ:APEI,15 Oct 2025,$34.52,3,,,,$57.41,-39.87%,,,,,-100.00%,-$2.00,-103.48%,-$2.00,-103.48%,APEI,NASDAQ:APEI,-2.000,,
NYSE:APH,22 Jan 2026,$121.05,1,$163.27,10,,$166.81,-27.43%,,,,,-100.00%,-$2.00,-101.20%,-$2.00,-101.20%,APH,NYSE:APH,-2.000,,
NASDAQ:API,24 Aug 2025,$3.05,3,,,,$4.13,-26.27%,,,,,-100.00%,-$2.00,-148.43%,-$2.00,-148.43%,API,NASDAQ:API,-2.000,,
NASDAQ:APOG,5 May 2025,$66.39,5,,2,,$39.79,66.85%,,,,$45.21,13.62%,$0.00,-100.00%,$0.00,-100.00%,APOG,NASDAQ:APOG,0.097,$40.50,
NYSE:AQN,26 Aug 2025,$6.14,4,,8,,$5.58,10.10%,,,,,-100.00%,-$2.00,-135.84%,-$2.00,-135.84%,AQN,NYSE:AQN,-2.000,,
NYSE:AR,20 Aug 2025,$31.31,3,,,,$34.68,-9.73%,,,,,-100.00%,-$2.00,-105.77%,-$2.00,-105.77%,AR,NYSE:AR,-2.000,,
NASDAQ:ARAI,10 Feb 2026,$3.71,3,,,,$0.42,784.02%,,,,,-100.00%,-$2.00,-576.19%,-$2.00,-576.19%,ARAI,NASDAQ:ARAI,-2.000,,
NASDAQ:ARAY,11 Dec 2025,$1.27,4,$4.00,4,,$0.27,370.37%,,,,,-100.00%,-$2.00,-840.74%,-$2.00,-840.74%,ARAY,NASDAQ:ARAY,-2.000,,
NASDAQ:ARCC,30 Mar 2026,$19.78,3,$20.83,9,,$18.56,6.55%,,,,$18.73,0.92%,$0.00,-100.00%,$0.00,-100.00%,ARCC,NASDAQ:ARCC,-0.041,$20.85,-0.10%
NYSE:ARCO,29 Aug 2025,$10.31,3,,9,,$8.28,24.48%,,,,,-100.00%,-$2.00,-124.15%,-$2.00,-124.15%,ARCO,NYSE:ARCO,-2.000,,
NASDAQ:ARHS,7 Jul 2025,$13.03,3,,4,,$8.15,59.84%,,,,$9.00,10.43%,$9.99,22.54%,$9.60,17.82%,ARHS,NASDAQ:ARHS,0.160,$10.56,
NASDAQ:ARKO,26 Aug 2025,$6.50,3,,,,$7.95,-18.18%,,,,$8.44,6.16%,-$12.09,-252.04%,-$0.88,-111.04%,ARKO,NASDAQ:ARKO,0.305,$8.50,
NASDAQ:ARLP,29 Jun 2026,$24.48,1,,,,$23.78,2.94%,2.94%,$24.48,$24.48,,-100.00%,-$2.00,-108.41%,-$2.00,-108.41%,ARLP,NASDAQ:ARLP,-2.000,,
NASDAQ:ARM,19 Jan 2026,$90.86,2,$170.59,1,,$322.24,-71.80%,,,,,-100.00%,-$2.00,-100.62%,-$2.00,-100.62%,ARM,NASDAQ:ARM,-2.000,,
NASDAQ:AROW,2 Oct 2025,$52.81,3,$48.67,4,,$41.29,17.87%,,,,$43.26,4.77%,$0.00,-100.00%,$0.00,-100.00%,AROW,NASDAQ:AROW,0.141,$35.50,37.10%
NYSE:ARX,13 Nov 2025,$14.59,3,,,,$13.25,10.12%,,,,,-100.00%,-$2.00,-115.09%,-$2.00,-115.09%,ARX,NYSE:ARX,-2.000,,
NYSE:ASB,10 Apr 2025,$23.54,5,,6,,$30.65,-23.20%,,,,,-100.00%,-$2.00,-106.53%,-$2.00,-106.53%,ASB,NYSE:ASB,-2.000,,
NYSE:ASGN,20 Feb 2026,$71.47,3,$56.80,5,,#N/A,#N/A,,,,,#N/A,-$2.00,#N/A,-$2.00,#N/A,ASGN,NYSE:ASGN,-2.000,,
NYSE:ASH,14 May 2025,$83.18,3,,4,,$66.70,24.71%,,,,$69.85,4.72%,$130.13,95.10%,$189.35,183.88%,ASH,NYSE:ASH,0.512,$67.50,
NASDAQ:ASML,30 Aug 2025,$871.20,3,,10,,"$1,825.07",-52.26%,,,,"$1,897.83",3.99%,$0.00,-100.00%,$0.00,-100.00%,ASML,NASDAQ:ASML,0.204,"$1,663.09",
NASDAQ:ASPI,19 Nov 2025,$6.33,3,$13.00,3,,$5.53,14.53%,,,,,-100.00%,-$2.00,-136.17%,-$2.00,-136.17%,ASPI,NASDAQ:ASPI,-2.000,,
NYSE:ASR,10 Jul 2025,$344.93,4,,7,,$308.89,11.67%,,,,$306.96,-0.62%,-$521.56,-268.85%,-$424.08,-237.29%,ASR,NYSE:ASR,-0.388,$375.44,
NASDAQ:ASTS,29 Jan 2026,$76.75,2,$91.68,6,,$80.64,-4.82%,,,,,-100.00%,-$2.00,-102.48%,-$2.00,-102.48%,ASTS,NASDAQ:ASTS,-2.000,,
NYSE:ASX,19 Jan 2026,$16.81,2,,,,$43.32,-61.20%,,,,$46.92,8.31%,$0.00,-100.00%,$0.00,-100.00%,ASX,NYSE:ASX,0.484,$38.65,
NASDAQ:ATEC,11 Dec 2025,$16.73,3,$23.17,2,,$9.33,79.31%,,,,$8.73,-6.43%,$0.00,-100.00%,$0.00,-100.00%,ATEC,NASDAQ:ATEC,-0.539,$23.33,-0.69%
NYSE:ATEN,20 Jan 2026,$18.80,3,$23.25,7,,$36.44,-48.41%,,,,,-100.00%,-$2.00,-105.49%,-$2.00,-105.49%,ATEN,NYSE:ATEN,-2.000,,
NYSE:ATGE,15 Oct 2025,$131.23,2,,,,#N/A,#N/A,,,,,#N/A,-$2.00,#N/A,-$2.00,#N/A,ATGE,NYSE:ATGE,-2.000,,
NYSE:ATI,30 Aug 2025,$63.00,2,,7,,$192.06,-67.20%,,,,,-100.00%,-$2.00,-101.04%,-$2.00,-101.04%,ATI,NYSE:ATI,-2.000,,
NASDAQ:ATOM,10 Feb 2026,$5.03,3,,1,,$7.36,-31.60%,,,,,-100.00%,-$2.00,-127.17%,-$2.00,-127.17%,ATOM,NASDAQ:ATOM,-2.000,,
NYSE:ATS,31 Oct 2025,$26.18,3,,,,$28.47,-8.04%,,,,,-100.00%,-$2.00,-107.02%,-$2.00,-107.02%,ATS,NYSE:ATS,-2.000,,
NYSE:AU,20 Aug 2025,$29.75,2,,,,$84.05,-64.60%,,,,,-100.00%,-$2.00,-102.38%,-$2.00,-102.38%,AU,NYSE:AU,-2.000,,
NYSE:AUB,20 Jan 2026,$40.52,3,$42.50,6,,$42.20,-3.98%,,,,$42.39,0.45%,-$126.00,-398.59%,-$121.42,-387.72%,AUB,NYSE:AUB,-0.155,$44.31,-4.08%
NASDAQ:AUDC,26 Mar 2026,$12.39,3,$12.50,5,,$9.68,27.99%,,,,$10.27,6.10%,$10.29,6.32%,$11.94,23.34%,AUDC,NASDAQ:AUDC,0.252,$12.50,0.00%
NASDAQ:AUR,5 Feb 2026,$5.15,3,,,,$6.79,-24.21%,,,,,-100.00%,-$2.00,-129.46%,-$2.00,-129.46%,AUR,NASDAQ:AUR,-2.000,,
NYSE:AVB,18 Sep 2025,$217.02,5,,7,,$194.35,11.66%,,,,,-100.00%,-$2.00,-101.03%,-$2.00,-101.03%,AVB,NYSE:AVB,-2.000,,
NASDAQ:AVGO,26 May 2026,$447.08,3,$478.56,9,,$373.90,19.57%,,,,$385.46,3.09%,$0.00,-100.00%,$0.00,-100.00%,AVGO,NASDAQ:AVGO,0.479,$475.49,0.65%
NYSE:AVNS,11 Dec 2025,$18.52,3,,5,,$24.92,-25.68%,,,,,-100.00%,-$2.00,-108.03%,-$2.00,-108.03%,AVNS,NYSE:AVNS,-2.000,,
NASDAQ:AVNW,29 Jun 2026,$25.60,4,$30.20,8,3.72,$21.07,21.50%,21.50%,$25.60,$34.86,$23.47,11.39%,$59.48,182.32%,$65.40,210.40%,AVNW,NASDAQ:AVNW,0.188,$34.86,-13.37%
NASDAQ:AVT,30 Aug 2025,$60.84,5,,1,,$82.46,-26.22%,,,,$81.91,-0.67%,$0.00,-100.00%,$0.00,-100.00%,AVT,NASDAQ:AVT,-0.161,$81.50,
NASDAQ:AVTX,23 Dec 2025,$33.36,4,$37.40,3,,$19.96,67.13%,,,,,-100.00%,-$2.00,-110.02%,-$2.00,-110.02%,AVTX,NASDAQ:AVTX,-2.000,,
NYSE:AVY,30 Aug 2025,$186.52,3,,1,,$166.04,12.33%,,,,,-100.00%,-$2.00,-101.20%,-$2.00,-101.20%,AVY,NYSE:AVY,-2.000,,
NYSE:AX,19 Nov 2025,$76.16,3,$103.25,5,,$100.73,-24.39%,,,,,-100.00%,-$2.00,-101.99%,-$2.00,-101.99%,AX,NYSE:AX,-2.000,,
NYSE:B,24 Oct 2025,$29.72,2,,,,$38.11,-22.02%,,,,,-100.00%,-$2.00,-105.25%,-$2.00,-105.25%,B,NYSE:B,-2.000,,
NYSE:BA,9 Apr 2025,$179.31,5,,9,,$234.54,-23.55%,,,,$233.11,-0.61%,$125.95,-46.30%,$109.23,-53.43%,BA,NYSE:BA,0.309,$265.76,
NYSE:BABA,20 Aug 2025,$133.65,4,,7,,$97.91,36.50%,,,,$95.82,-2.13%,$235.10,140.12%,$518.05,429.10%,BABA,NYSE:BABA,-0.272,$189.43,
NYSE:BAC,14 Aug 2025,$45.19,3,,6,,$59.90,-24.56%,,,,$58.63,-2.12%,$0.00,-100.00%,$0.00,-100.00%,BAC,NYSE:BAC,-0.100,$62.33,
NYSE:BALL,20 Aug 2025,$67.98,3,,6,,$62.95,8.00%,,,,$61.58,-2.18%,$0.00,-100.00%,$0.00,-100.00%,BALL,NYSE:BALL,-0.550,$70.69,
NYSE:BANC,19 Nov 2025,$18.77,3,$20.69,3,,$20.56,-8.71%,,,,,-100.00%,-$2.00,-109.73%,-$2.00,-109.73%,BANC,NYSE:BANC,-2.000,,
NASDAQ:BANF,1 Jun 2026,$118.00,3,$125.00,2,,$114.30,3.23%,,,,$113.76,-0.47%,$0.00,-100.00%,$0.00,-100.00%,BANF,NASDAQ:BANF,-0.365,$124.33,0.54%
NASDAQ:BANR,19 Nov 2025,$63.81,3,$71.50,3,,$67.60,-5.61%,,,,,-100.00%,-$2.00,-102.96%,-$2.00,-102.96%,BANR,NASDAQ:BANR,-2.000,,
NYSE:BAP,27 May 2026,$279.24,2,,,,$392.32,-28.82%,,,,,-100.00%,-$2.00,-100.51%,-$2.00,-100.51%,BAP,NYSE:BAP,-2.000,,
NYSE:BB,18 Aug 2025,$3.38,3,,6,,$11.38,-70.32%,,,,$11.13,-2.20%,$0.00,-100.00%,$0.00,-100.00%,BB,NYSE:BB,-0.604,$4.81,
NYSE:BBAI,9 Feb 2026,$4.92,3,$6.33,2,,$3.58,37.43%,,,,,-100.00%,-$2.00,-155.87%,-$2.00,-155.87%,BBAI,NYSE:BBAI,-2.000,,
NYSE:BBD,1 Jun 2026,$3.72,3,,5,,$3.50,6.34%,,,,,-100.00%,-$2.00,-157.14%,-$2.00,-157.14%,BBD,NYSE:BBD,-2.000,,
NASDAQ:BBNX,11 Dec 2025,$41.35,4,,,,$16.72,147.30%,,,,,-100.00%,-$2.00,-111.96%,-$2.00,-111.96%,BBNX,NASDAQ:BBNX,-2.000,,
NYSE:BBT,19 Nov 2025,$27.72,3,,,,$30.24,-8.33%,,,,,-100.00%,-$2.00,-106.61%,-$2.00,-106.61%,BBT,NYSE:BBT,-2.000,,
NYSE:BBVA,9 Sep 2025,$17.20,3,,9,,$26.14,-34.19%,,,,,-100.00%,-$2.00,-107.65%,-$2.00,-107.65%,BBVA,NYSE:BBVA,-2.000,,
NYSE:BBW,15 Aug 2025,$41.34,2,,8,,$31.02,33.27%,,,,$32.75,5.58%,$0.00,-100.00%,$0.00,-100.00%,BBW,NYSE:BBW,0.502,$62.00,
NYSE:BBWI,24 Mar 2026,$46.95,3,$23.83,5,,$21.92,8.71%,,,,$23.31,6.34%,$0.00,-100.00%,$0.00,-100.00%,BBWI,NYSE:BBWI,0.335,$27.62,-13.72%
NYSE:BBY,30 Aug 2025,$87.98,3,,5,,$78.00,12.79%,,,,$80.72,3.49%,$0.00,-100.00%,$0.00,-100.00%,BBY,NYSE:BBY,0.465,$73.00,
NYSE:BCH,19 Nov 2025,$33.72,2,,,,$40.04,-15.78%,,,,,-100.00%,-$2.00,-105.00%,-$2.00,-105.00%,BCH,NYSE:BCH,-2.000,,
NYSE:BCS,19 Aug 2025,$17.24,2,,,,$28.41,-39.31%,,,,,-100.00%,-$2.00,-107.04%,-$2.00,-107.04%,BCS,NYSE:BCS,-2.000,,
NYSE:BCSF,25 Feb 2026,$14.48,3,$15.00,6,,$12.59,15.03%,,,,,-100.00%,-$2.00,-115.89%,-$2.00,-115.89%,BCSF,NYSE:BCSF,-2.000,,
NYSE:BDC,27 Jan 2026,$129.16,4,$147.50,3,,$113.24,14.05%,,,,,-100.00%,-$2.00,-101.77%,-$2.00,-101.77%,BDC,NYSE:BDC,-2.000,,
NASDAQ:BELFA,26 Jan 2026,$136.39,2,,,,$237.00,-42.45%,,,,$231.65,-2.26%,$0.00,-100.00%,$0.00,-100.00%,BELFA,NASDAQ:BELFA,-0.004,$110.00,
NASDAQ:BELFB,26 Jan 2026,$149.36,2,,,,$277.45,-46.17%,,,,$323.11,16.46%,$0.00,-100.00%,$0.00,-100.00%,BELFB,NASDAQ:BELFB,0.038,$308.83,
NYSE:BF.A,24 May 2026,$36.21,3,,,,$26.46,36.85%,,,,$26.80,1.28%,$0.00,-100.00%,$0.00,-100.00%,BF.A,NYSE:BF.A,-0.182,,
NYSE:BF.B,26 Mar 2026,$32.79,5,,,,$25.75,27.35%,,,,$26.24,1.90%,$0.00,-100.00%,$0.00,-100.00%,BF.B,NYSE:BF.B,-0.076,$29.23,
NYSE:BFAM,1 Sep 2025,$119.95,3,,8,,$75.71,58.43%,,,,$72.32,-4.48%,$155.16,104.94%,$185.88,145.52%,BFAM,NYSE:BFAM,-0.569,$97.11,
NASDAQ:BFC,21 Oct 2025,$117.45,3,$137.00,6,,$151.31,-22.38%,,,,$151.12,-0.13%,$0.00,-100.00%,$0.00,-100.00%,BFC,NASDAQ:BFC,-0.291,$158.50,-13.56%
NYSE:BFLY,16 Dec 2025,$4.29,3,$4.25,7,,$8.23,-48.36%,,,,$7.39,-10.21%,$0.00,-100.00%,$0.00,-100.00%,BFLY,NYSE:BFLY,-0.438,$5.56,-23.56%
NYSE:BFS,23 Dec 2025,$44.26,3,,5,,$36.71,20.57%,,,,,-100.00%,-$2.00,-105.45%,-$2.00,-105.45%,BFS,NYSE:BFS,-2.000,,
NASDAQ:BFST,27 May 2026,$30.53,3,$33.00,3,,$30.89,-1.16%,,,,,-100.00%,-$2.00,-106.47%,-$2.00,-106.47%,BFST,NASDAQ:BFST,-2.000,,
NYSEAMERICAN:BHB,10 Oct 2025,$29.37,1,,,,$37.87,-22.45%,,,,,-100.00%,-$2.00,-105.28%,-$2.00,-105.28%,BHB,NYSEAMERICAN:BHB,-2.000,,
NYSE:BHE,2 Feb 2026,$52.61,3,$56.00,6,,$85.57,-38.52%,,,,,-100.00%,-$2.00,-102.34%,-$2.00,-102.34%,BHE,NYSE:BHE,-2.000,,
NYSE:BHP,11 Dec 2025,$58.46,3,$49.75,6,,$83.64,-40.52%,,,,,-100.00%,-$2.00,-102.39%,-$2.00,-102.39%,BHP,NYSE:BHP,-2.000,,
NASDAQ:BHRB,19 Nov 2025,$66.02,3,$72.00,5,,$69.69,-5.27%,,,,,-100.00%,-$2.00,-102.87%,-$2.00,-102.87%,BHRB,NASDAQ:BHRB,-2.000,,
NYSE:BIO,11 Dec 2025,$345.93,4,$357.50,4,,$295.15,17.20%,,,,,-100.00%,-$2.00,-100.68%,-$2.00,-100.68%,BIO,NYSE:BIO,-2.000,,
NYSE:BIRK,8 Mar 2026,$48.62,3,$58.44,5,,$46.16,5.33%,,,,,-100.00%,-$2.00,-104.33%,-$2.00,-104.33%,BIRK,NYSE:BIRK,-2.000,,
NYSE:BJ,20 Aug 2025,$90.76,0,,1,,$87.53,3.69%,,,,$88.42,1.02%,$0.00,-100.00%,$0.00,-100.00%,BJ,NYSE:BJ,-0.047,$104.60,
NYSE:BKD,30 Aug 2025,$9.20,4,,6,,$15.57,-40.91%,,,,,-100.00%,-$2.00,-112.85%,-$2.00,-112.85%,BKD,NYSE:BKD,-2.000,,
NYSE:BKE,13 Apr 2026,$50.82,3,$53.00,5,,$41.86,21.40%,,,,$43.32,3.49%,$0.00,-100.00%,$0.00,-100.00%,BKE,NYSE:BKE,0.242,$53.00,0.00%
NASDAQ:BKR,30 Jun 2026,$56.35,3,$74.62,6,,$53.25,5.81%,5.81%,$56.35,$74.62,,-100.00%,-$2.00,-103.76%,-$2.00,-103.76%,BKR,NASDAQ:BKR,-2.000,,
NYSEAMERICAN:BKTI,10 Feb 2026,$81.00,,,8,,$85.42,-5.17%,,,,,-100.00%,-$2.00,-102.34%,-$2.00,-102.34%,BKTI,NYSEAMERICAN:BKTI,-2.000,,
NYSE:BKU,19 Nov 2025,$43.87,3,,,,$49.46,-11.30%,,,,,-100.00%,-$2.00,-104.04%,-$2.00,-104.04%,BKU,NYSE:BKU,-2.000,,
NASDAQ:BL,29 Jan 2026,$60.96,4,$59.00,6,,$29.10,102.75%,,,,,-100.00%,-$2.00,-106.87%,-$2.00,-106.87%,BL,NASDAQ:BL,-2.000,,
NYSE:BLD,30 Aug 2025,$467.93,3,,3,,$354.53,31.99%,,,,,-100.00%,-$2.00,-100.56%,-$2.00,-100.56%,BLD,NYSE:BLD,-2.000,,
NASDAQ:BLDP,29 Oct 2025,$3.68,3,$2.20,5,,$3.46,-36.42%,,,,,-100.00%,-$2.00,-157.80%,-$2.00,-157.80%,BLDP,NASDAQ:BLDP,-2.000,,
NYSE:BLK,27 Aug 2025,"$1,027.97",2,,,,"$1,011.21",1.66%,,,,$986.00,-2.49%,$0.00,-100.00%,$0.00,-100.00%,BLK,NYSE:BLK,-0.367,"$1,251.88",
NASDAQ:BLKB,19 Nov 2025,$76.27,3,$75.00,4,,$29.27,156.24%,,,,,-100.00%,-$2.00,-106.83%,-$2.00,-106.83%,BLKB,NASDAQ:BLKB,-2.000,,
NYSE:BLND,27 Jan 2026,$3.86,3,$4.19,7,,$1.83,110.95%,,,,,-100.00%,-$2.00,-209.29%,-$2.00,-209.29%,BLND,NYSE:BLND,-2.000,,
NASDAQ:BLNK,23 Dec 2025,$0.94,3,,6,,$0.63,49.21%,,,,,-100.00%,-$2.00,-417.46%,-$2.00,-417.46%,BLNK,NASDAQ:BLNK,-2.000,,
NYSE:BLSH,13 Nov 2025,$55.70,3,,,,$26.57,109.62%,,,,,-100.00%,-$2.00,-107.53%,-$2.00,-107.53%,BLSH,NYSE:BLSH,-2.000,,
NYSE:BLX,19 Nov 2025,$40.42,3,,,,$58.37,-30.75%,,,,$59.20,1.42%,$0.00,-100.00%,$0.00,-100.00%,BLX,NYSE:BLX,-0.157,$65.53,
NASDAQ:BLZE,27 Jan 2026,$6.36,3,$9.00,6,,$15.30,-58.41%,,,,$15.45,0.98%,$0.00,-100.00%,$0.00,-100.00%,BLZE,NASDAQ:BLZE,-0.393,$9.34,-3.64%
NYSE:BMI,28 Jan 2026,$175.41,3,$204.00,3,,$149.79,17.11%,,,,$150.00,0.14%,$0.00,-100.00%,$0.00,-100.00%,BMI,NYSE:BMI,0.130,$147.00,38.78%
NASDAQ:BMRC,19 Nov 2025,$27.20,3,$29.50,7,,$28.50,-4.56%,,,,,-100.00%,-$2.00,-107.02%,-$2.00,-107.02%,BMRC,NASDAQ:BMRC,-2.000,,
NYSE:BN,26 Aug 2024,$55.96,2,,,,$43.96,27.30%,,,,$43.38,-1.32%,-$97.59,-321.99%,-$76.33,-273.63%,BN,NYSE:BN,-0.139,$53.70,
NYSE:BNS,19 Aug 2025,$55.34,3,,,,$87.09,-36.46%,,,,$86.16,-1.07%,$0.00,-100.00%,$0.00,-100.00%,BNS,NYSE:BNS,-0.050,$76.59,
NYSE:BOH,16 Apr 2026,$78.42,3,$83.80,3,,$83.06,-5.59%,,,,$82.77,-0.35%,$0.00,-100.00%,$0.00,-100.00%,BOH,NYSE:BOH,-0.126,$81.83,2.41%
NASDAQ:BOKF,1 Jun 2026,$132.35,3,$139.00,2,,$140.12,-5.54%,,,,$144.38,3.04%,$0.00,-100.00%,$0.00,-100.00%,BOKF,NASDAQ:BOKF,0.058,$144.00,-3.47%
NYSE:BOW,19 Sep 2025,$29.01,3,,,,$31.53,-7.99%,,,,,-100.00%,-$2.00,-106.34%,-$2.00,-106.34%,BOW,NYSE:BOW,-2.000,,
NYSE:BP,18 Aug 2025,$39.40,4,,9,,$37.39,5.38%,,,,$38.46,2.86%,$0.00,-100.00%,$0.00,-100.00%,BP,NYSE:BP,0.340,$49.54,
NASDAQ:BPOP,19 Nov 2025,$104.09,2,,,,$168.69,-38.30%,,,,,-100.00%,-$2.00,-101.19%,-$2.00,-101.19%,BPOP,NASDAQ:BPOP,-2.000,,
NYSE:BR,29 Jan 2026,$214.91,4,$265.40,4,,$144.77,48.45%,,,,,-100.00%,-$2.00,-101.38%,-$2.00,-101.38%,BR,NYSE:BR,-2.000,,
NYSEAMERICAN:BRBS,19 Nov 2025,$4.10,,,6,,$3.53,16.15%,,,,,-100.00%,-$2.00,-156.66%,-$2.00,-156.66%,BRBS,NYSEAMERICAN:BRBS,-2.000,,
NASDAQ:BRKR,11 Dec 2025,$76.60,3,$47.88,3,,$61.34,-21.94%,,,,,-100.00%,-$2.00,-103.26%,-$2.00,-103.26%,BRKR,NASDAQ:BRKR,-2.000,,
NYSE:BROS,14 Jan 2026,$57.62,2,$76.64,9,,$68.09,-15.38%,,,,,-100.00%,-$2.00,-102.94%,-$2.00,-102.94%,BROS,NYSE:BROS,-2.000,,
NYSE:BSAC,19 Nov 2025,$26.95,3,,,,$33.26,-18.97%,,,,,-100.00%,-$2.00,-106.01%,-$2.00,-106.01%,BSAC,NYSE:BSAC,-2.000,,
NYSE:BSBR,13 Oct 2025,$5.76,3,,5,,$5.29,8.88%,,,,$5.24,-0.95%,$12.01,127.04%,$13.01,145.89%,BSBR,NYSE:BSBR,-0.190,$6.82,
NASDAQ:BSRR,27 May 2026,$37.81,3,$36.50,6,,$40.86,-10.67%,,,,$43.18,5.68%,$0.00,-100.00%,$0.00,-100.00%,BSRR,NASDAQ:BSRR,0.287,$40.25,-9.32%
NASDAQ:BSVN,2 Oct 2025,$44.09,3,$53.50,5,,$50.98,-13.51%,,,,$49.89,-2.14%,$0.00,-100.00%,$0.00,-100.00%,BSVN,NASDAQ:BSVN,-0.290,$52.33,2.24%
NYSE:BSX,11 Dec 2025,$90.36,2,$126.57,10,,$44.60,102.61%,,,,,-100.00%,-$2.00,-104.48%,-$2.00,-104.48%,BSX,NYSE:BSX,-2.000,,
NASDAQ:BSY,11 Feb 2026,$40.46,5,$48.60,7,,$32.60,24.11%,,,,,-100.00%,-$2.00,-106.13%,-$2.00,-106.13%,BSY,NASDAQ:BSY,-2.000,,
NASDAQ:BTCS,23 Dec 2025,$3.00,3,$7.00,7,,$1.15,160.87%,,,,,-100.00%,-$2.00,-273.91%,-$2.00,-273.91%,BTCS,NASDAQ:BTCS,-2.000,,
NASDAQ:BTDR,19 Aug 2025,$10.25,2,,,,$14.25,-28.08%,,,,,-100.00%,-$2.00,-114.04%,-$2.00,-114.04%,BTDR,NASDAQ:BTDR,-2.000,,
NYSE:BTI,17 Mar 2026,$55.65,2,,7,,$61.46,-9.46%,,,,,-100.00%,-$2.00,-103.25%,-$2.00,-103.25%,BTI,NYSE:BTI,-2.000,,
NASDAQ:BTOG,18 Aug 2025,$0.57,3,,,,$1.16,-51.12%,,,,,-100.00%,-$2.00,-272.41%,-$2.00,-272.41%,BTOG,NASDAQ:BTOG,-2.000,,
NASDAQ:BULL,2 Sep 2025,$18.16,3,,,,$7.21,151.90%,,,,,-100.00%,-$2.00,-127.74%,-$2.00,-127.74%,BULL,NASDAQ:BULL,-2.000,,
NYSE:BUR,28 Oct 2025,$12.88,3,$21.32,4,,$4.35,196.09%,,,,,-100.00%,-$2.00,-145.98%,-$2.00,-145.98%,BUR,NYSE:BUR,-2.000,,
NYSE:BURL,25 Jul 2023,$199.81,4,,,,$312.36,-36.03%,,,,$313.05,0.22%,$0.00,-100.00%,$0.00,-100.00%,BURL,NYSE:BURL,-0.239,$370.50,
NASDAQ:BUSE,27 May 2026,$28.96,3,$29.33,8,,$29.49,-1.80%,,,,$29.84,1.19%,$0.00,-100.00%,$0.00,-100.00%,BUSE,NASDAQ:BUSE,-0.043,$28.57,2.66%
NASDAQ:BVFL,29 Oct 2025,$15.68,3,,4,,$21.49,-27.04%,,,,,-100.00%,-$2.00,-109.31%,-$2.00,-109.31%,BVFL,NASDAQ:BVFL,-2.000,,
NASDAQ:BWFG,9 Oct 2025,$39.87,3,,,,$58.44,-31.78%,,,,,-100.00%,-$2.00,-103.42%,-$2.00,-103.42%,BWFG,NASDAQ:BWFG,-2.000,,
NYSE:BXP,14 Jan 2026,$81.17,5,$77.89,2,,$69.97,11.32%,,,,,-100.00%,-$2.00,-102.86%,-$2.00,-102.86%,BXP,NYSE:BXP,-2.000,,
NYSE:BXSL,19 Aug 2025,$31.13,3,,7,,$23.21,34.13%,,,,,-100.00%,-$2.00,-108.62%,-$2.00,-108.62%,BXSL,NYSE:BXSL,-2.000,,
NYSE:BY,28 Apr 2026,$33.91,3,$36.00,7,,$37.38,-9.27%,,,,,-100.00%,-$2.00,-105.35%,-$2.00,-105.35%,BY,NYSE:BY,-2.000,,
NYSE:BZH,31 Dec 2025,$31.99,3,$25.00,1,,$27.74,-9.88%,,,,$26.95,-2.85%,$0.00,-100.00%,$0.00,-100.00%,BZH,NYSE:BZH,-0.708,$25.67,-2.61%
NYSE:C,12 Aug 2025,$86.32,3,,,,$143.86,-40.00%,,,,$144.95,0.76%,$0.00,-100.00%,$0.00,-100.00%,C,NYSE:C,0.163,$141.19,
NYSE:CAAP,15 Aug 2025,$22.01,3,,9,,$25.67,-14.27%,,,,$25.27,-1.56%,$61.97,141.41%,$86.78,238.04%,CAAP,NYSE:CAAP,-0.263,$32.00,
NASDAQ:CAC,14 Oct 2025,$41.96,3,$44.00,3,,$54.86,-23.51%,,,,,-100.00%,-$2.00,-103.65%,-$2.00,-103.65%,CAC,NASDAQ:CAC,-2.000,,
NYSE:CADE,14 Oct 2025,$37.02,3,,,,#N/A,#N/A,,,,,#N/A,-$2.00,#N/A,-$2.00,#N/A,CADE,NYSE:CADE,-2.000,,
NYSE:CAL,21 Sep 2025,$26.47,3,,1,,$11.79,124.51%,,,,$12.92,9.58%,$0.00,-100.00%,$0.00,-100.00%,CAL,NYSE:CAL,0.320,$15.00,
NASDAQ:CALM,11 Jul 2025,$93.94,3,,6,,$85.19,10.27%,,,,$85.47,0.33%,$0.00,-100.00%,$0.00,-100.00%,CALM,NASDAQ:CALM,0.003,$88.00,
NYSE:CALX,29 Jan 2026,$45.47,2,$82.00,6,,$38.47,18.20%,,,,,-100.00%,-$2.00,-105.20%,-$2.00,-105.20%,CALX,NYSE:CALX,-2.000,,
NASDAQ:CAMT,24 Oct 2024,$87.99,4,,,,$141.84,-37.97%,,,,,-100.00%,-$2.00,-101.41%,-$2.00,-101.41%,CAMT,NASDAQ:CAMT,-2.000,,
NYSE:CANG,24 Aug 2025,$4.01,3,,7,,$0.23,1642.17%,,,,,-100.00%,-$2.00,-969.57%,-$2.00,-969.57%,CANG,NYSE:CANG,-2.000,,
NASDAQ:CAR,11 Mar 2024,$159.62,3,,,,$158.40,0.77%,,,,$0.00,-100.00%,$0.00,-100.00%,$0.00,-100.00%,CAR,NASDAQ:CAR,-1.000,$121.71,
NASDAQ:CARE,19 Nov 2025,$18.50,3,$22.00,5,,$33.20,-44.28%,,,,,-100.00%,-$2.00,-106.02%,-$2.00,-106.02%,CARE,NASDAQ:CARE,-2.000,,
NYSE:CARR,24 Dec 2025,$35.78,3,$48.75,5,,$70.10,-48.96%,,,,,-100.00%,-$2.00,-102.85%,-$2.00,-102.85%,CARR,NYSE:CARR,-2.000,,
NASDAQ:CASH,19 Nov 2025,$71.98,3,$88.00,2,,$90.00,-20.02%,,,,,-100.00%,-$2.00,-102.22%,-$2.00,-102.22%,CASH,NASDAQ:CASH,-2.000,,
NYSEAMERICAN:CATX,11 Dec 2025,$2.54,1,$11.92,8,,$3.61,-29.64%,,,,,-100.00%,-$2.00,-155.40%,-$2.00,-155.40%,CATX,NYSEAMERICAN:CATX,-2.000,,
NASDAQ:CATY,27 May 2026,$59.45,3,$53.67,6,,$62.55,-14.20%,,,,,-100.00%,-$2.00,-103.20%,-$2.00,-103.20%,CATY,NASDAQ:CATY,-2.000,,
NYSE:CAVA,11 Nov 2025,$63.28,3,$72.31,6,,$71.91,-12.01%,,,,,-100.00%,-$2.00,-102.78%,-$2.00,-102.78%,CAVA,NYSE:CAVA,-2.000,,
NYSE:CB,18 Sep 2025,$273.39,3,,,,$356.53,-23.32%,,,,,-100.00%,-$2.00,-100.56%,-$2.00,-100.56%,CB,NYSE:CB,-2.000,,
NASDAQ:CBLL,11 Dec 2025,$36.55,3,$25.00,6,,$19.79,26.33%,,,,,-100.00%,-$2.00,-110.11%,-$2.00,-110.11%,CBLL,NASDAQ:CBLL,-2.000,,
NASDAQ:CBNK,23 Dec 2025,$29.70,3,$34.00,3,,$35.48,-16.29%,,,,,-100.00%,-$2.00,-105.64%,-$2.00,-105.64%,CBNK,NASDAQ:CBNK,-2.000,,
BATS:CBOE,18 Sep 2025,$214.25,2,,,,$245.08,-12.58%,,,,,-100.00%,-$2.00,-100.82%,-$2.00,-100.82%,CBOE,BATS:CBOE,-2.000,,
NYSE:CBU,27 Oct 2025,$62.61,3,$63.00,3,,$67.61,-7.39%,,,,,-100.00%,-$2.00,-102.96%,-$2.00,-102.96%,CBU,NYSE:CBU,-2.000,,
NYSE:CBZ,7 Jan 2025,$77.57,3,,,,$35.36,119.37%,,,,,-100.00%,-$2.00,-105.66%,-$2.00,-105.66%,CBZ,NYSE:CBZ,-2.000,,
NASDAQ:CCB,19 Nov 2025,$95.54,3,$127.50,8,,$78.93,21.04%,,,,,-100.00%,-$2.00,-102.53%,-$2.00,-102.53%,CCB,NASDAQ:CCB,-2.000,,
NASDAQ:CCBG,19 Nov 2025,$38.91,3,$47.00,7,,$49.52,-21.43%,,,,$49.81,0.59%,$0.00,-100.00%,$0.00,-100.00%,CCBG,NASDAQ:CCBG,-0.060,$49.00,-4.08%
NYSE:CCI,19 Sep 2025,$108.34,5,,6,,$74.92,44.61%,,,,$80.84,7.90%,$0.00,-100.00%,$0.00,-100.00%,CCI,NYSE:CCI,0.302,$98.77,
NYSE:CCK,29 Aug 2025,$107.03,3,,5,,$113.28,-5.52%,,,,,-100.00%,-$2.00,-101.77%,-$2.00,-101.77%,CCK,NYSE:CCK,-2.000,,
NYSE:CCL,29 Jun 2026,$34.71,5,$35.37,8,3.10,$27.51,26.15%,26.15%,$34.51,$35.37,$27.21,-1.09%,$0.00,-100.00%,$0.00,-100.00%,CCL,NYSE:CCL,-0.669,$34.51,2.49%
NASDAQ:CCNE,30 Mar 2026,$32.74,3,$35.00,5,,$33.74,-2.96%,,,,$35.47,5.13%,$0.00,-100.00%,$0.00,-100.00%,CCNE,NASDAQ:CCNE,0.030,$34.67,0.95%
NASDAQ:CCOI,6 Nov 2025,$50.57,3,$44.20,5,,$12.19,262.59%,,,,$14.92,22.40%,$0.00,-100.00%,$0.00,-100.00%,CCOI,NASDAQ:CCOI,0.044,$22.27,98.47%
NASDAQ:CCSI,11 Feb 2026,$30.28,4,$37.00,3,,$37.15,-18.49%,,,,,-100.00%,-$2.00,-105.38%,-$2.00,-105.38%,CCSI,NASDAQ:CCSI,-2.000,,
NYSE:CDE,28 Apr 2026,$9.27,2,$26.86,9,,$16.99,-45.43%,,,,,-100.00%,-$2.00,-111.77%,-$2.00,-111.77%,CDE,NYSE:CDE,-2.000,,
NASDAQ:CDNS,19 Jan 2026,$321.30,3,$376.64,6,,$375.77,-14.50%,,,,$372.47,-0.88%,$0.00,-100.00%,$0.00,-100.00%,CDNS,NASDAQ:CDNS,-0.312,$379.46,-0.74%
NYSE:CDP,18 Feb 2026,$33.25,3,$35.60,7,,$37.44,-11.19%,,,,$36.44,-2.67%,$0.00,-100.00%,$0.00,-100.00%,CDP,NYSE:CDP,-0.803,$35.50,0.28%
NASDAQ:CDW,18 May 2026,$131.51,3,$138.83,9,,$134.19,-2.00%,,,,$134.13,-0.04%,$149.40,11.34%,$172.18,28.31%,CDW,NASDAQ:CDW,-0.243,$166.20,-16.47%
NYSE:CE,28 Mar 2025,$111.30,3,,9,,$47.64,133.63%,,,,$50.02,5.00%,-$11.66,-124.47%,$74.88,57.18%,CE,NYSE:CE,0.727,$71.25,
NASDAQ:CEG,23 Dec 2025,$300.57,2,$409.82,9,,$245.87,22.25%,,,,,-100.00%,-$2.00,-100.81%,-$2.00,-100.81%,CEG,NASDAQ:CEG,-2.000,,
NASDAQ:CELC,29 Nov 2024,$21.98,3,,,,$108.58,-79.76%,,,,,-100.00%,-$2.00,-101.84%,-$2.00,-101.84%,CELC,NASDAQ:CELC,-2.000,,
NASDAQ:CENT,9 Apr 2026,$50.35,5,$50.00,5,,$42.83,16.74%,,,,$44.06,2.87%,"$1,321.04",2984.39%,"$1,474.56",3342.81%,CENT,NASDAQ:CENT,-0.155,$46.50,7.53%
NASDAQ:CENTA,23 Jun 2026,$46.39,5,,,3.39,$37.43,23.94%,23.94%,$46.39,$46.39,$38.37,2.51%,$280.01,648.09%,$309.05,725.67%,CENTA,NASDAQ:CENTA,-0.297,$43.50,
NASDAQ:CENX,20 Aug 2025,$23.49,3,,9,,$46.68,-49.68%,,,,,-100.00%,-$2.00,-104.28%,-$2.00,-104.28%,CENX,NASDAQ:CENX,-2.000,,
NYSE:CEPU,16 Dec 2025,$17.50,3,$17.50,9,,$14.84,17.92%,,,,,-100.00%,-$2.00,-113.48%,-$2.00,-113.48%,CEPU,NYSE:CEPU,-2.000,,
NASDAQ:CERS,11 Dec 2025,$2.70,4,$4.50,4,,$3.28,-17.80%,,,,$3.05,-7.01%,$0.00,-100.00%,$0.00,-100.00%,CERS,NASDAQ:CERS,-0.273,$4.67,-3.64%
NASDAQ:CEVA,10 Feb 2026,$35.04,4,$36.00,5,,$44.64,-21.51%,,,,,-100.00%,-$2.00,-104.48%,-$2.00,-104.48%,CEVA,NASDAQ:CEVA,-2.000,,
NASDAQ:CFFN,1 Jun 2026,$8.16,3,$8.25,6,,$8.46,-3.61%,,,,,-100.00%,-$2.00,-123.64%,-$2.00,-123.64%,CFFN,NASDAQ:CFFN,-2.000,,
NYSE:CFG,27 May 2026,$59.16,3,$72.63,6,,$72.11,-17.95%,,,,$74.04,2.68%,$0.00,-100.00%,$0.00,-100.00%,CFG,NYSE:CFG,0.223,$72.47,0.22%
NASDAQ:CFLT,27 Jan 2026,$37.00,3,$29.10,1,,#N/A,#N/A,,,,,#N/A,-$2.00,#N/A,-$2.00,#N/A,CFLT,NASDAQ:CFLT,-2.000,,
NYSE:CFR,19 Nov 2025,$122.52,3,$139.13,7,,$156.26,-21.59%,,,,,-100.00%,-$2.00,-101.28%,-$2.00,-101.28%,CFR,NYSE:CFR,-2.000,,
NASDAQ:CG,19 Nov 2025,$51.54,3,$66.70,6,,$44.04,17.02%,,,,,-100.00%,-$2.00,-104.54%,-$2.00,-104.54%,CG,NASDAQ:CG,-2.000,,
NYSE:CGAU,15 Aug 2025,$8.68,4,,7,,$16.51,-47.41%,,,,$17.28,4.66%,$18.78,13.77%,$25.36,53.62%,CGAU,NYSE:CGAU,0.590,$17.75,
NASDAQ:CGNX,29 Jan 2026,$39.12,3,$45.64,9,,$69.49,-43.70%,,,,,-100.00%,-$2.00,-102.88%,-$2.00,-102.88%,CGNX,NASDAQ:CGNX,-2.000,,
NASDAQ:CHCO,27 May 2026,$129.27,3,$130.00,4,,$134.93,-4.19%,,,,,-100.00%,-$2.00,-101.48%,-$2.00,-101.48%,CHCO,NASDAQ:CHCO,-2.000,,
NYSE:CHCT,24 Aug 2025,$20.57,3,,8,,$18.05,13.98%,,,,,-100.00%,-$2.00,-111.08%,-$2.00,-111.08%,CHCT,NYSE:CHCT,-2.000,,
NYSE:CHD,20 Feb 2024,$80.10,1,,,,$97.45,-17.81%,,,,$96.81,-0.66%,$0.00,-100.00%,$0.00,-100.00%,CHD,NYSE:CHD,-0.417,$102.11,
NASDAQ:CHDN,18 Sep 2025,$128.82,3,$132.71,9,,$89.24,44.35%,,,,$88.10,-1.28%,$16.47,-81.54%,$49.89,-44.10%,CHDN,NASDAQ:CHDN,-0.496,$135.58,-2.12%
NYSE:CHE,3 Jul 2024,$512.61,3,,,,$480.50,6.68%,,,,$501.13,4.29%,$829.71,72.68%,$886.70,84.54%,CHE,NYSE:CHE,0.098,$443.00,
NASDAQ:CHEF,3 Sep 2025,$48.50,2,,,,$94.99,-48.94%,,,,,-100.00%,-$2.00,-102.11%,-$2.00,-102.11%,CHEF,NASDAQ:CHEF,-2.000,,
NYSE:CHGG,20 Aug 2025,$2.28,3,,5,,$0.98,132.65%,,,,,-100.00%,-$2.00,-304.08%,-$2.00,-304.08%,CHGG,NYSE:CHGG,-2.000,,
NYSE:CHH,23 Dec 2025,$119.50,3,$100.00,4,,$107.67,-7.12%,,,,,-100.00%,-$2.00,-101.86%,-$2.00,-101.86%,CHH,NYSE:CHH,-2.000,,
NASDAQ:CHKP,26 Mar 2026,$188.31,3,$200.68,7,,$138.87,35.60%,,,,$129.56,-6.70%,$0.00,-100.00%,$0.00,-100.00%,CHKP,NASDAQ:CHKP,-0.883,$144.32,39.05%
NASDAQ:CHRD,23 Aug 2024,$167.62,3,,,,$111.59,50.21%,,,,,-100.00%,-$2.00,-101.79%,-$2.00,-101.79%,CHRD,NASDAQ:CHRD,-2.000,,
NYSE:CHT,17 Jun 2024,$40.37,3,,,,$44.11,-8.48%,,,,,-100.00%,-$2.00,-104.53%,-$2.00,-104.53%,CHT,NYSE:CHT,-2.000,,
NASDAQ:CHX,23 Aug 2024,$37.87,4,,,,#N/A,#N/A,,,,$0.00,#N/A,$0.00,#N/A,$0.00,#N/A,CHX,NASDAQ:CHX,-2.000,$40.80,
NYSE:CIB,6 Oct 2025,$49.03,3,,,,$80.90,-39.39%,,,,,-100.00%,-$2.00,-102.47%,-$2.00,-102.47%,CIB,NYSE:CIB,-2.000,,
NYSE:CIEN,23 Dec 2025,$134.99,1,$248.93,10,,$433.83,-68.88%,,,,$418.96,-3.43%,$0.00,-100.00%,$0.00,-100.00%,CIEN,NYSE:CIEN,-0.114,$371.50,-32.99%
NASDAQ:CIFR,4 Aug 2025,$6.62,3,$7.06,3,,$21.73,-69.54%,,,,,-100.00%,-$2.00,-109.20%,-$2.00,-109.20%,CIFR,NASDAQ:CIFR,-2.000,,
NYSE:CIG,26 Jun 2026,$2.37,4,,5,,$2.10,12.86%,12.86%,$2.37,$2.37,,-100.00%,-$2.00,-195.24%,-$2.00,-195.24%,CIG,NYSE:CIG,-2.000,,
NASDAQ:CINF,19 Sep 2025,$146.60,2,$165.40,6,,$189.59,-22.68%,,,,$187.00,-1.37%,$0.00,-100.00%,$0.00,-100.00%,CINF,NASDAQ:CINF,-0.445,$179.17,-7.69%
NYSE:CINT,10 Jun 2026,$5.65,3,$6.94,7,,$3.39,66.78%,66.78%,$5.65,$6.94,,-100.00%,-$2.00,-159.00%,-$2.00,-159.00%,CINT,NYSE:CINT,-2.000,,
NASDAQ:CISS,16 Feb 2026,$2.33,3,,,,$1.88,24.09%,,,,,-100.00%,-$2.00,-206.38%,-$2.00,-206.38%,CISS,NASDAQ:CISS,-2.000,,
NYSE:CL,18 Aug 2025,$84.33,3,$97.40,5,,$93.39,-9.71%,,,,$93.82,0.46%,$0.00,-100.00%,$0.00,-100.00%,CL,NYSE:CL,-0.283,$96.00,1.46%
NASDAQ:CLBK,8 Oct 2025,$15.20,3,,,,$21.41,-29.01%,,,,,-100.00%,-$2.00,-109.34%,-$2.00,-109.34%,CLBK,NASDAQ:CLBK,-2.000,,
NYSE:CLF,17 Aug 2025,$12.62,3,$10.78,6,,$9.77,10.34%,,,,$9.56,-2.15%,$0.00,-100.00%,$0.00,-100.00%,CLF,NYSE:CLF,-0.382,$10.67,1.03%
NYSE:CLH,9 Apr 2025,$216.05,5,$271.56,9,,$294.56,-26.65%,,,,,-100.00%,-$2.00,-100.68%,-$2.00,-100.68%,CLH,NYSE:CLH,-2.000,,
NASDAQ:CLMB,26 Jan 2026,$137.18,3,$136.00,4,,$24.21,461.75%,,,,,-100.00%,-$2.00,-108.26%,-$2.00,-108.26%,CLMB,NASDAQ:CLMB,-2.000,,
NASDAQ:CLPT,11 Dec 2025,$12.35,3,$29.00,6,,$18.00,-31.39%,,,,,-100.00%,-$2.00,-111.11%,-$2.00,-111.11%,CLPT,NASDAQ:CLPT,-2.000,,
NYSE:CLS,19 Jan 2026,$187.07,1,$376.73,10,,$350.20,-46.58%,,,,,-100.00%,-$2.00,-100.57%,-$2.00,-100.57%,CLS,NYSE:CLS,-2.000,,
NYSE:CLVT,2 Feb 2026,$5.35,3,$3.87,4,,$2.44,58.61%,,,,$2.14,-12.30%,$0.00,-100.00%,$0.00,-100.00%,CLVT,NYSE:CLVT,-0.806,$3.64,6.32%
NYSE:CLW,26 Dec 2024,$20.46,,$37.00,5,,$15.87,28.92%,,,,$16.68,5.10%,$58.84,270.76%,$20.21,27.37%,CLW,NYSE:CLW,0.421,$18.00,105.56%
NYSE:CLX,13 Apr 2026,$137.41,5,$115.33,4,,$97.25,18.59%,,,,$97.42,0.17%,$197.50,103.09%,$228.72,135.19%,CLX,NYSE:CLX,-0.043,$117.76,-2.06%
NYSE:CM,10 Sep 2025,$68.57,2,,,,$115.36,-40.56%,,,,$114.77,-0.51%,$0.00,-100.00%,$0.00,-100.00%,CM,NYSE:CM,-0.045,$102.79,
NYSE:CMA,19 Nov 2025,$78.08,3,$79.46,6,,#N/A,#N/A,,,,,#N/A,-$2.00,#N/A,-$2.00,#N/A,CMA,NYSE:CMA,-2.000,,
NYSE:CMC,27 Feb 2026,$67.56,3,,,,$62.70,7.75%,,,,$63.95,1.99%,$0.00,-100.00%,$0.00,-100.00%,CMC,NYSE:CMC,0.324,$77.60,
NYSEAMERICAN:CMCL,28 Oct 2025,$29.76,1,$48.00,8,,$19.32,54.04%,,,,,-100.00%,-$2.00,-110.35%,-$2.00,-110.35%,CMCL,NYSEAMERICAN:CMCL,-2.000,,
NASDAQ:CME,24 Oct 2025,$252.85,2,,,,$234.76,7.71%,,,,$241.44,2.85%,$0.00,-100.00%,$0.00,-100.00%,CME,NASDAQ:CME,0.064,$306.60,
NYSE:CMI,19 Nov 2025,$437.53,2,$508.60,4,,$678.24,-35.49%,,,,,-100.00%,-$2.00,-100.29%,-$2.00,-100.29%,CMI,NYSE:CMI,-2.000,,
NASDAQ:CMPR,23 Aug 2025,$95.87,3,$72.00,5,,$94.17,-23.54%,,,,$96.82,2.81%,$0.00,-100.00%,$0.00,-100.00%,CMPR,NASDAQ:CMPR,-0.296,$102.50,-29.76%
NYSE:CMRE,23 Dec 2025,$17.94,5,$12.00,6,,$14.49,-17.18%,,,,,-100.00%,-$2.00,-113.80%,-$2.00,-113.80%,CMRE,NYSE:CMRE,-2.000,,
NASDAQ:CNDT,29 Jan 2026,$2.60,3,$7.00,3,,$1.53,69.80%,,,,,-100.00%,-$2.00,-230.72%,-$2.00,-230.72%,CNDT,NASDAQ:CNDT,-2.000,,
NYSE:CNH,18 Aug 2025,$16.66,5,$14.39,4,,$10.87,32.38%,,,,$10.52,-3.22%,$0.00,-100.00%,$0.00,-100.00%,CNH,NYSE:CNH,-0.583,$13.67,5.27%
NYSE:CNM,15 Aug 2025,$59.25,2,,,,$45.98,28.87%,,,,$44.53,-3.15%,$0.00,-100.00%,$0.00,-100.00%,CNM,NYSE:CNM,-0.546,$60.88,
NYSE:CNMD,11 Dec 2025,$60.78,3,$53.00,2,,$35.11,50.95%,,,,$32.98,-6.07%,$0.00,-100.00%,$0.00,-100.00%,CNMD,NYSE:CNMD,-0.457,$42.00,26.19%
NYSE:CNO,20 Oct 2023,$30.57,5,,,,$52.64,-41.94%,,,,$53.36,1.37%,$0.00,-100.00%,$0.00,-100.00%,CNO,NYSE:CNO,0.010,$47.50,
NASDAQ:CNOB,19 Nov 2025,$25.36,3,,,,$32.72,-22.49%,,,,$31.56,-3.55%,$0.00,-100.00%,$0.00,-100.00%,CNOB,NASDAQ:CNOB,-0.115,$33.80,
NASDAQ:CNXC,28 Jan 2026,$61.95,4,,,,$23.42,164.50%,,,,$23.85,1.84%,$0.00,-100.00%,$0.00,-100.00%,CNXC,NASDAQ:CNXC,-0.081,$41.25,
NYSE:COF,18 Aug 2025,$1.55,4,$1.15,4,,$206.50,-99.44%,,,,,-100.00%,-$2.00,-100.97%,-$2.00,-100.97%,COF,NYSE:COF,-2.000,,
NASDAQ:COFS,1 Jun 2026,$34.09,3,$34.00,7,,$33.36,1.92%,,,,,-100.00%,-$2.00,-106.00%,-$2.00,-106.00%,COFS,NASDAQ:COFS,-2.000,,
NYSE:COHR,15 Aug 2025,$108.88,2,$111.93,7,,$335.70,-67.57%,,,,$384.18,14.44%,$328.49,-2.15%,$318.76,-5.05%,COHR,NYSE:COHR,0.548,$320.26,-65.05%
NASDAQ:COHU,4 Feb 2026,$30.91,3,$32.33,9,,$58.70,-47.34%,,,,$70.34,19.83%,$0.00,-100.00%,$0.00,-100.00%,COHU,NASDAQ:COHU,0.271,$57.43,-43.71%
NASDAQ:COLB,27 May 2026,$30.60,3,$31.75,6,,$32.24,-5.09%,,,,$33.40,3.60%,$0.00,-100.00%,$0.00,-100.00%,COLB,NASDAQ:COLB,0.132,$31.38,1.18%
NASDAQ:COLM,6 Feb 2026,$85.03,3,$62.40,6,,$63.30,-1.42%,,,,$62.15,-1.82%,$0.00,-100.00%,$0.00,-100.00%,COLM,NASDAQ:COLM,-0.686,$70.67,-11.70%
NASDAQ:COMM,27 Jan 2026,$19.58,1,,,,#N/A,#N/A,,,,,#N/A,-$2.00,#N/A,-$2.00,#N/A,COMM,NASDAQ:COMM,-2.000,,
NYSE:COP,2 Jul 2026,$119.17,5,$146.53,7,,$103.58,15.05%,15.05%,$119.17,$146.53,,-100.00%,-$2.00,-101.93%,-$2.00,-101.93%,COP,NYSE:COP,-2.000,,
NASDAQ:CORZ,22 Jan 2026,$21.48,3,$27.60,7,,$22.80,-5.79%,,,,,-100.00%,-$2.00,-108.77%,-$2.00,-108.77%,CORZ,NASDAQ:CORZ,-2.000,,
NYSE:COTY,18 Aug 2025,$8.16,3,$6.34,4,,$2.25,181.78%,,,,,-100.00%,-$2.00,-188.89%,-$2.00,-188.89%,COTY,NYSE:COTY,-2.000,,
NYSE:CP,13 Nov 2024,$75.90,3,,,,$88.00,-13.75%,,,,$85.89,-2.40%,$0.00,-100.00%,$0.00,-100.00%,CP,NYSE:CP,-0.422,$92.69,
NYSE:CPF,16 Apr 2026,$32.84,3,$37.00,6,,$38.47,-14.65%,,,,,-100.00%,-$2.00,-105.20%,-$2.00,-105.20%,CPF,NYSE:CPF,-2.000,,
NYSE:CPRI,26 Mar 2026,$38.69,5,$26.00,5,,$18.84,38.00%,,,,$18.74,-0.53%,$61.56,226.78%,$69.66,269.73%,CPRI,NYSE:CPRI,-0.162,$26.72,-2.69%
NASDAQ:CPRT,22 Sep 2025,$50.82,4,$55.60,4,,$29.24,73.80%,,,,$30.64,4.79%,$0.00,-100.00%,$0.00,-100.00%,CPRT,NASDAQ:CPRT,0.188,$42.67,30.30%
NASDAQ:CPSH,27 Jan 2026,$4.29,2,,,,$5.17,-16.98%,,,,,-100.00%,-$2.00,-138.68%,-$2.00,-138.68%,CPSH,NASDAQ:CPSH,-2.000,,
NYSE:CPT,18 Sep 2025,$121.77,4,$121.40,1,,$116.95,3.81%,,,,,-100.00%,-$2.00,-101.71%,-$2.00,-101.71%,CPT,NYSE:CPT,-2.000,,
NYSE:CR,13 Nov 2025,$172.71,2,$220.67,6,,$220.06,-21.52%,,,,,-100.00%,-$2.00,-100.91%,-$2.00,-100.91%,CR,NYSE:CR,-2.000,,
NASDAQ:CRAI,20 Aug 2024,$164.05,3,,,,$149.95,9.40%,,,,,-100.00%,-$2.00,-101.33%,-$2.00,-101.33%,CRAI,NASDAQ:CRAI,-2.000,,
NASDAQ:CRCT,11 Feb 2026,$6.18,5,$3.67,3,,$4.42,-16.97%,,,,,-100.00%,-$2.00,-145.25%,-$2.00,-145.25%,CRCT,NASDAQ:CRCT,-2.000,,
NASDAQ:CRDO,15 Dec 2025,$162.57,3,$223.89,7,,$265.55,-38.78%,,,,$235.85,-11.18%,$0.00,-100.00%,$0.00,-100.00%,CRDO,NASDAQ:CRDO,-0.116,$207.53,7.88%
NASDAQ:CRESY,11 Jul 2025,$10.53,3,,,,$11.12,-5.33%,,,,$10.98,-1.26%,$14.93,34.30%,$18.41,65.56%,CRESY,NASDAQ:CRESY,-0.082,$14.93,
NYSE:CRGY,20 Aug 2025,$15.13,3,,,,$9.14,65.55%,,,,$10.04,9.85%,$0.00,-100.00%,$0.00,-100.00%,CRGY,NYSE:CRGY,0.509,$17.43,
NYSE:CRH,30 Mar 2026,$109.97,3,,,,$107.58,2.22%,,,,,-100.00%,-$2.00,-101.86%,-$2.00,-101.86%,CRH,NYSE:CRH,-2.000,,
NASDAQ:CRML,4 Dec 2025,$6.88,3,$14.00,6,,$9.26,-25.74%,,,,,-100.00%,-$2.00,-121.60%,-$2.00,-121.60%,CRML,NASDAQ:CRML,-2.000,,
NASDAQ:CROX,26 Jul 2024,$132.28,3,,,,$125.78,5.17%,,,,,-100.00%,-$2.00,-101.59%,-$2.00,-101.59%,CROX,NASDAQ:CROX,-2.000,,
NASDAQ:CRTO,6 Nov 2025,$38.27,3,$35.00,2,,$23.17,51.06%,,,,$18.89,-18.47%,$170.91,637.63%,$213.97,823.48%,CRTO,NASDAQ:CRTO,-0.081,$29.77,17.57%
NASDAQ:CRUS,6 Feb 2026,$143.98,4,$143.60,10,,$148.83,-3.51%,,,,,-100.00%,-$2.00,-101.34%,-$2.00,-101.34%,CRUS,NASDAQ:CRUS,-2.000,,
NASDAQ:CRWD,13 Sep 2024,$299.53,4,,,,$199.38,50.23%,,,,$47.69,-76.08%,$0.00,-100.00%,$0.00,-100.00%,CRWD,NASDAQ:CRWD,-0.438,$489.86,
NASDAQ:CRWV,11 Feb 2026,$83.61,3,,,,$86.46,-3.30%,,,,,-100.00%,-$2.00,-102.31%,-$2.00,-102.31%,CRWV,NASDAQ:CRWV,-2.000,,
NASDAQ:CSIQ,9 Feb 2026,$19.05,3,$21.51,6,,$15.15,25.74%,,,,,-100.00%,-$2.00,-113.20%,-$2.00,-113.20%,CSIQ,NASDAQ:CSIQ,-2.000,,
NYSE:CSL,20 Jan 2026,$384.54,3,$400.00,8,,$367.15,4.74%,,,,,-100.00%,-$2.00,-100.54%,-$2.00,-100.54%,CSL,NYSE:CSL,-2.000,,
NASDAQ:CSTL,23 Aug 2024,$38.33,3,,,,$24.21,58.31%,,,,,-100.00%,-$2.00,-108.26%,-$2.00,-108.26%,CSTL,NASDAQ:CSTL,-2.000,,
NYSE:CSTM,25 Jun 2026,$27.88,2,,,3.00,$30.19,-7.65%,-7.65%,$27.88,$37.67,$31.55,4.50%,$0.00,-100.00%,$0.00,-100.00%,CSTM,NYSE:CSTM,0.390,$37.67,
NASDAQ:CSW,3 Sep 2025,$247.77,1,,,,$280.05,-11.53%,,,,,-100.00%,-$2.00,-100.71%,-$2.00,-100.71%,CSW,NYSE:CSW,-2.000,,
NASDAQ:CTBI,19 Nov 2025,$57.46,3,$61.00,6,,$72.82,-21.09%,,,,$72.99,0.23%,$0.00,-100.00%,$0.00,-100.00%,CTBI,NASDAQ:CTBI,-0.167,$72.50,-15.86%
NASDAQ:CTKB,11 Dec 2025,$6.69,3,$5.83,7,,$4.62,26.19%,,,,,-100.00%,-$2.00,-143.29%,-$2.00,-143.29%,CTKB,NASDAQ:CTKB,-2.000,,
NASDAQ:CTLP,21 Jan 2026,$11.18,3,,5,,#N/A,#N/A,,,,,#N/A,-$2.00,#N/A,-$2.00,#N/A,CTLP,NASDAQ:CTLP,-2.000,,
NYSEAMERICAN:CTM,2 Feb 2026,$3.50,1,$3.50,3,,$0.69,407.25%,,,,,-100.00%,-$2.00,-389.86%,-$2.00,-389.86%,CTM,NYSEAMERICAN:CTM,-2.000,,
NYSE:CTRA,2 Nov 2025,$26.29,4,$32.29,7,,#N/A,#N/A,,,,$0.00,#N/A,$41.52,#N/A,$72.35,#N/A,CTRA,NYSE:CTRA,-1.000,$37.77,-14.51%
NYSE:CTS,2 Feb 2026,$52.59,3,,6,,$60.34,-12.84%,,,,$65.49,8.53%,$0.00,-100.00%,$0.00,-100.00%,CTS,NYSE:CTS,0.145,$58.00,
NASDAQ:CTSH,4 Feb 2026,$83.87,4,,,,$41.37,102.73%,,,,,-100.00%,-$2.00,-104.83%,-$2.00,-104.83%,CTSH,NASDAQ:CTSH,-2.000,,
NYSE:CUBI,19 Nov 2025,$67.11,3,$85.43,9,,$78.08,-14.05%,,,,$77.89,-0.24%,$0.00,-100.00%,$0.00,-100.00%,CUBI,NYSE:CUBI,-0.090,$90.00,-5.08%
NASDAQ:CURI,23 Dec 2025,$4.18,3,$6.33,10,,$2.82,48.23%,,,,,-100.00%,-$2.00,-170.92%,-$2.00,-170.92%,CURI,NASDAQ:CURI,-2.000,,
NASDAQ:CVBF,25 Jun 2026,$20.88,3,,,2.88,$22.76,-8.26%,-8.26%,$20.88,$24.00,$23.69,4.09%,$0.00,-100.00%,$0.00,-100.00%,CVBF,NASDAQ:CVBF,0.007,$24.00,
NYSE:CVE,19 Jun 2026,$26.66,3,$32.60,8,,$24.36,9.44%,9.44%,$26.66,$32.60,,-100.00%,-$2.00,-108.21%,-$2.00,-108.21%,CVE,NYSE:CVE,-2.000,,
NYSE:CVI,23 Aug 2024,$33.80,3,,,,$28.88,17.02%,,,,,-100.00%,-$2.00,-106.93%,-$2.00,-106.93%,CVI,NYSE:CVI,-2.000,,
NASDAQ:CVLT,26 Jan 2026,$137.85,3,$174.58,8,,$150.05,-8.13%,,,,,-100.00%,-$2.00,-101.33%,-$2.00,-101.33%,CVLT,NASDAQ:CVLT,-2.000,,
NASDAQ:CVRX,4 Dec 2025,$11.33,4,$12.67,7,,$5.63,101.26%,,,,,-100.00%,-$2.00,-135.52%,-$2.00,-135.52%,CVRX,NASDAQ:CVRX,-2.000,,
NYSE:CVS,16 Oct 2025,$91.02,5,$86.60,8,,$102.08,-15.16%,,,,$107.34,5.15%,$43.45,-57.43%,$76.83,-24.73%,CVS,NYSE:CVS,0.168,$96.58,-10.33%
NYSE:CVX,20 Aug 2025,$174.36,4,$171.33,9,,$168.10,1.92%,,,,,-100.00%,-$2.00,-101.19%,-$2.00,-101.19%,CVX,NYSE:CVX,-2.000,,
NYSE:CW,17 May 2024,$250.04,2,,,,$792.77,-68.46%,,,,,-100.00%,-$2.00,-100.25%,-$2.00,-100.25%,CW,NYSE:CW,-2.000,,
NYSE:CWAN,26 Jan 2026,$25.43,3,$27.15,4,,$24.56,3.54%,,,,,-100.00%,-$2.00,-108.14%,-$2.00,-108.14%,CWAN,NYSE:CWAN,-2.000,,
NASDAQ:CWCO,13 Nov 2025,$34.36,3,,8,,$29.25,17.47%,,,,,-100.00%,-$2.00,-106.84%,-$2.00,-106.84%,CWCO,NASDAQ:CWCO,-2.000,,
NYSE:CWH,19 Sep 2025,$21.04,3,$19.56,7,,$6.94,181.84%,,,,,-100.00%,-$2.00,-128.82%,-$2.00,-128.82%,CWH,NYSE:CWH,-2.000,,
NYSE:CX,19 Jun 2025,$8.65,3,$7.31,8,,$12.32,-40.67%,,,,$12.80,3.90%,$0.00,-100.00%,$0.00,-100.00%,CX,NYSE:CX,0.169,$14.13,-48.27%
NASDAQ:CXAI,4 Feb 2026,$0.59,3,,,,$0.16,270.00%,,,,,-100.00%,-$2.00,-1350.00%,-$2.00,-1350.00%,CXAI,NASDAQ:CXAI,-2.000,,
NYSE:CXT,11 Nov 2025,$76.10,5,$74.00,8,,$51.98,42.36%,,,,$54.16,4.19%,$82.31,58.35%,$101.11,94.51%,CXT,NYSE:CXT,0.319,$70.50,4.96%
NYSE:CYD,15 Dec 2025,$33.36,3,,7,,$46.24,-27.85%,,,,,-100.00%,-$2.00,-104.33%,-$2.00,-104.33%,CYD,NYSE:CYD,-2.000,,
NYSE:DAC,5 Mar 2026,$126.35,3,,,,$125.34,0.81%,,,,$123.68,-1.32%,$241.19,92.43%,$346.81,176.70%,DAC,NYSE:DAC,-0.028,$147.00,
NYSE:DAL,18 Sep 2025,$41.35,2,,,,$91.68,-54.90%,,,,$90.39,-1.41%,$0.00,-100.00%,$0.00,-100.00%,DAL,NYSE:DAL,-0.792,$79.61,
NYSE:DAVA,9 Feb 2026,$13.03,3,$10.00,3,,$2.93,241.30%,,,,,-100.00%,-$2.00,-168.26%,-$2.00,-168.26%,DAVA,NYSE:DAVA,-2.000,,
NASDAQ:DAVE,11 Feb 2026,$175.69,3,$312.50,9,,$396.00,-55.63%,,,,,-100.00%,-$2.00,-100.51%,-$2.00,-100.51%,DAVE,NASDAQ:DAVE,-2.000,,
NYSE:DB,2 Apr 2026,$30.42,3,$41.60,10,,$37.04,-17.87%,,,,$37.09,0.13%,$0.00,-100.00%,$0.00,-100.00%,DB,NYSE:DB,0.096,$45.00,-7.56%
NYSE:DBI,4 Feb 2026,$8.49,3,$6.25,2,,$5.58,12.01%,,,,$5.44,-2.51%,$0.00,-100.00%,$0.00,-100.00%,DBI,NYSE:DBI,-0.217,$6.50,-3.85%
NASDAQ:DBX,11 Feb 2026,$25.55,3,,,,$28.51,-10.38%,,,,,-100.00%,-$2.00,-107.02%,-$2.00,-107.02%,DBX,NASDAQ:DBX,-2.000,,
NYSE:DCI,6 Nov 2025,$76.88,2,,,,$91.37,-15.86%,,,,$91.78,0.45%,$0.00,-100.00%,$0.00,-100.00%,DCI,NYSE:DCI,0.389,$96.40,
NASDAQ:DCOM,2 Oct 2025,$31.72,3,$36.00,5,,#N/A,#N/A,,,,$42.25,#N/A,$0.00,#N/A,$0.00,#N/A,DCOM,NASDAQ:DCOM,0.061,$43.00,-16.28%
NASDAQ:DCTH,11 Dec 2025,$11.63,3,$24.00,6,,$13.48,-13.72%,,,,,-100.00%,-$2.00,-114.84%,-$2.00,-114.84%,DCTH,NASDAQ:DCTH,-2.000,,
NYSE:DD,10 Feb 2026,$46.81,3,$48.40,7,,$141.05,-66.81%,,,,,-100.00%,-$2.00,-101.42%,-$2.00,-101.42%,DD,NYSE:DD,-2.000,,
NYSE:DDD,19 Nov 2025,$2.85,3,$3.63,6,,$2.83,0.71%,,,,,-100.00%,-$2.00,-170.67%,-$2.00,-170.67%,DDD,NYSE:DDD,-2.000,,
NASDAQ:DDOG,18 Aug 2025,$131.92,3,$161.38,8,,$255.37,-48.34%,,,,,-100.00%,-$2.00,-100.78%,-$2.00,-100.78%,DDOG,NASDAQ:DDOG,-2.000,,
NYSE:DDS,21 May 2024,$424.51,3,,,,$516.58,-17.82%,,,,$562.55,8.90%,$0.00,-100.00%,$0.00,-100.00%,DDS,NYSE:DDS,0.245,$519.67,
NYSE:DEA,13 Nov 2025,$33.12,3,$23.30,4,,$25.08,-7.10%,,,,,-100.00%,-$2.00,-107.97%,-$2.00,-107.97%,DEA,NYSE:DEA,-2.000,,
NYSE:DECK,13 Apr 2026,$122.67,3,$124.47,2,,$105.67,16.09%,,,,,-100.00%,-$2.00,-101.89%,-$2.00,-101.89%,DECK,NYSE:DECK,-2.000,,
NYSE:DEO,20 Mar 2026,$109.50,3,$107.50,8,,$81.67,31.63%,,,,,-100.00%,-$2.00,-102.45%,-$2.00,-102.45%,DEO,NYSE:DEO,-2.000,,
NASDAQ:DFDV,3 Jun 2025,$23.65,3,,,,$3.25,627.75%,,,,,-100.00%,-$2.00,-161.54%,-$2.00,-161.54%,DFDV,NASDAQ:DFDV,-2.000,,
NYSE:DFH,26 Mar 2025,$30.22,3,$32.00,4,,$16.38,84.50%,,,,$17.07,4.21%,$79.09,382.86%,$87.43,433.74%,DFH,NYSE:DFH,0.005,$18.00,77.78%
NASDAQ:DGII,29 Jan 2026,$43.01,3,$48.80,7,,$73.22,-41.25%,,,,,-100.00%,-$2.00,-102.73%,-$2.00,-102.73%,DGII,NASDAQ:DGII,-2.000,,
NYSE:DGX,29 Jul 2024,$148.07,3,,,,$213.45,-30.63%,,,,$215.79,1.10%,$0.00,-100.00%,$0.00,-100.00%,DGX,NYSE:DGX,-0.352,$223.12,
NYSE:DHI,29 May 2026,$164.34,5,$164.82,7,,$156.88,4.76%,,,,$162.18,3.38%,$0.00,-100.00%,$0.00,-100.00%,DHI,NYSE:DHI,0.041,$165.29,-0.28%
NYSE:DHR,13 Nov 2025,$244.54,3,$243.45,9,,$193.62,25.74%,,,,,-100.00%,-$2.00,-101.03%,-$2.00,-101.03%,DHR,NYSE:DHR,-2.000,,
NASDAQ:DIOD,28 Jan 2026,$63.86,3,$58.67,7,,$97.64,-39.91%,,,,,-100.00%,-$2.00,-102.05%,-$2.00,-102.05%,DIOD,NASDAQ:DIOD,-2.000,,
NASDAQ:DJCO,11 Feb 2026,$662.32,3,,5,,$584.37,13.34%,,,,,-100.00%,-$2.00,-100.34%,-$2.00,-100.34%,DJCO,NASDAQ:DJCO,-2.000,,
NYSE:DKL,25 Jun 2026,$49.01,1,,,,$52.61,-6.84%,-6.84%,$49.01,$49.01,,-100.00%,-$2.00,-103.80%,-$2.00,-103.80%,DKL,NYSE:DKL,-2.000,,
NASDAQ:DKNG,18 Aug 2025,$46.45,3,$54.69,7,,$26.21,77.22%,,,,,-100.00%,-$2.00,-107.63%,-$2.00,-107.63%,DKNG,NASDAQ:DKNG,-2.000,,
NYSE:DLX,3 Jun 2025,$20.45,4,$23.00,7,,$24.14,-15.30%,,,,$25.65,6.26%,$0.00,-100.00%,$0.00,-100.00%,DLX,NYSE:DLX,0.401,$32.67,-29.60%
NASDAQ:DMLP,20 Sep 2025,$25.83,1,$25.30,1,,$25.37,-0.28%,,,,,-100.00%,-$2.00,-107.88%,-$2.00,-107.88%,DMLP,NASDAQ:DMLP,-2.000,,
NASDAQ:DMRC,14 Jan 2026,$14.02,3,$10.00,2,,$7.65,30.72%,,,,,-100.00%,-$2.00,-126.14%,-$2.00,-126.14%,DMRC,NASDAQ:DMRC,-2.000,,
NYSEAMERICAN:DNN,31 Jul 2024,$1.76,0,,,,$3.24,-45.68%,,,,,-100.00%,-$2.00,-161.73%,-$2.00,-161.73%,DNN,NYSEAMERICAN:DNN,-2.000,,
NASDAQ:DNUT,22 Dec 2023,$17.24,4,,,,$3.48,395.34%,,,,,-100.00%,-$2.00,-157.47%,-$2.00,-157.47%,DNUT,NASDAQ:DNUT,-2.000,,
NYSE:DOLE,6 Mar 2026,$17.35,3,$14.00,4,,$13.95,0.36%,,,,,-100.00%,-$2.00,-114.34%,-$2.00,-114.34%,DOLE,NYSE:DOLE,-2.000,,
NYSE:DOV,11 Nov 2025,$186.11,3,$210.90,7,,$214.74,-13.33%,,,,$224.56,4.57%,$315.31,46.83%,$345.61,60.94%,DOV,NYSE:DOV,0.433,$231.96,-9.08%
NASDAQ:DOX,21 May 2026,$85.47,3,$74.50,10,,$51.26,45.34%,,,,$53.55,4.47%,$105.12,105.07%,$126.15,146.10%,DOX,NASDAQ:DOX,0.058,$90.21,-17.41%
NASDAQ:DOYU,2 Apr 2025,$7.06,3,$9.75,9,,$4.81,46.69%,,,,,-100.00%,-$2.00,-141.58%,-$2.00,-141.58%,DOYU,NASDAQ:DOYU,-2.000,,
NASDAQ:DPZ,9 Apr 2025,$433.44,3,$487.39,9,,$305.91,41.69%,,,,$308.09,0.71%,$0.00,-100.00%,$0.00,-100.00%,DPZ,NASDAQ:DPZ,-0.242,$414.90,17.47%
NYSE:DQ,9 Feb 2026,$22.12,3,$28.07,5,,$12.33,79.40%,,,,,-100.00%,-$2.00,-116.22%,-$2.00,-116.22%,DQ,NYSE:DQ,-2.000,,
NYSE:DRD,28 Feb 2024,$9.55,4,,,,$21.94,-56.48%,,,,,-100.00%,-$2.00,-109.12%,-$2.00,-109.12%,DRD,NYSE:DRD,-2.000,,
NYSE:DRH,23 Dec 2025,$11.46,5,$9.65,3,,$11.92,-19.04%,,,,,-100.00%,-$2.00,-116.78%,-$2.00,-116.78%,DRH,NASDAQ:DRH,-2.000,,
NYSE:DRI,18 Sep 2025,$167.77,1,,,,$203.22,-17.45%,,,,$201.03,-1.08%,$0.00,-100.00%,$0.00,-100.00%,DRI,NYSE:DRI,-0.279,$225.48,
NASDAQ:DRVN,4 Apr 2025,$17.90,3,$19.91,7,,$15.08,18.70%,,,,,-100.00%,-$2.00,-113.26%,-$2.00,-113.26%,DRVN,NASDAQ:DRVN,-2.000,,
NYSE:DSX,5 Mar 2026,$3.21,4,,,,$2.19,46.58%,,,,,-100.00%,-$2.00,-191.32%,-$2.00,-191.32%,DSX,NYSE:DSX,-2.000,,
NYSE:DT,10 Feb 2026,$53.18,3,$54.08,8,,$45.52,16.84%,,,,,-100.00%,-$2.00,-104.39%,-$2.00,-104.39%,DT,NYSE:DT,-2.000,,
NYSE:DUK,19 Sep 2025,$124.46,3,$130.90,7,,$125.97,-1.20%,,,,,-100.00%,-$2.00,-101.59%,-$2.00,-101.59%,DUK,NYSE:DUK,-2.000,,
NASDAQ:DUOL,8 Feb 2026,$234.17,3,$232.22,4,,$129.72,79.02%,,,,,-100.00%,-$2.00,-101.54%,-$2.00,-101.54%,DUOL,NASDAQ:DUOL,-2.000,,
NASDAQ:DVLT,14 Jan 2026,$1.31,3,,,,$0.37,255.38%,,,,,-100.00%,-$2.00,-640.54%,-$2.00,-640.54%,DVLT,NASDAQ:DVLT,-2.000,,
NYSE:DVN,27 Jan 2026,$43.47,4,$43.37,10,,$40.36,7.46%,,,,$41.82,3.62%,$0.00,-100.00%,$0.00,-100.00%,DVN,NYSE:DVN,0.249,$59.68,-27.33%
NASDAQ:DXCM,11 Dec 2025,$71.56,4,$85.74,7,,$72.38,-1.13%,,,,$68.85,-4.88%,$0.00,-100.00%,$0.00,-100.00%,DXCM,NASDAQ:DXCM,-0.566,$83.54,2.63%
NYSE:DY,23 Aug 2024,$143.30,1,,,,$431.00,-66.75%,,,,$480.87,11.57%,$0.00,-100.00%,$0.00,-100.00%,DY,NYSE:DY,0.055,$467.91,
NASDAQ:EA,2 Jan 2026,$198.31,3,,,,$205.21,-3.36%,,,,,-100.00%,-$2.00,-100.97%,-$2.00,-100.97%,EA,NASDAQ:EA,-2.000,,
NASDAQ:EBAY,22 Feb 2026,$73.85,1,$99.00,7,,$113.67,-35.03%,,,,,-100.00%,-$2.00,-101.76%,-$2.00,-101.76%,EBAY,NASDAQ:EBAY,-2.000,,
NASDAQ:EBC,1 Jun 2026,$20.59,3,$22.75,7,,$22.71,-9.33%,,,,,-100.00%,-$2.00,-108.81%,-$2.00,-108.81%,EBC,NASDAQ:EBC,-2.000,,
NYSE:EBF,23 Jun 2026,$22.32,4,,,3.82,$21.23,5.13%,5.13%,$22.32,$24.00,$22.46,5.79%,$46.33,118.23%,$53.33,151.20%,EBF,NYSE:EBF,0.515,$24.00,
NYSE:EBS,5 Jan 2026,$13.61,3,$15.00,5,,$8.18,66.42%,,,,$7.98,-2.44%,$0.00,-100.00%,$0.00,-100.00%,EBS,NYSE:EBS,-0.777,$12.00,25.00%
NYSE:ECO,5 Mar 2026,$47.32,2,,,,$53.35,-11.30%,,,,,-100.00%,-$2.00,-103.75%,-$2.00,-103.75%,ECO,NYSE:ECO,-2.000,,
NASDAQ:ECPG,23 Jun 2026,$78.21,3,$113.33,10,3.34,$89.51,-12.62%,-12.62%,$78.21,$113.33,$96.37,7.66%,-$64.54,-172.10%,-$41.68,-146.56%,ECPG,NASDAQ:ECPG,0.218,$96.67,17.23%
NASDAQ:ECX,10 Sep 2025,$1.94,4,,3,,$1.26,54.29%,,,,,-100.00%,-$2.00,-258.73%,-$2.00,-258.73%,ECX,NASDAQ:ECX,-2.000,,
NYSE:ED,16 Sep 2025,$102.44,3,$102.88,2,,$111.94,-8.49%,,,,,-100.00%,-$2.00,-101.79%,-$2.00,-101.79%,ED,NYSE:ED,-2.000,,
NYSE:EDN,16 Dec 2025,$46.50,3,,5,,$25.38,83.22%,,,,,-100.00%,-$2.00,-107.88%,-$2.00,-107.88%,EDN,NYSE:EDN,-2.000,,
NYSE:EDU,19 Aug 2025,$59.25,3,,,,$48.52,22.12%,,,,$45.66,-5.89%,$0.00,-100.00%,$0.00,-100.00%,EDU,NYSE:EDU,-0.861,$70.80,
NASDAQ:EEFT,11 Feb 2026,$105.16,3,$96.80,7,,$77.96,24.17%,,,,,-100.00%,-$2.00,-102.57%,-$2.00,-102.57%,EEFT,NASDAQ:EEFT,-2.000,,
NYSE:EFX,10 May 2024,$252.67,3,,,,$171.94,46.95%,,,,$159.72,-7.11%,$0.00,-100.00%,$0.00,-100.00%,EFX,NYSE:EFX,-0.863,$228.48,
NASDAQ:EGAN,28 Jan 2026,$10.58,3,$15.17,6,,$6.43,64.54%,,,,,-100.00%,-$2.00,-131.10%,-$2.00,-131.10%,EGAN,NASDAQ:EGAN,-2.000,,
NASDAQ:EGBN,23 Dec 2025,$22.58,3,$18.50,6,,$27.20,-31.99%,,,,,-100.00%,-$2.00,-107.35%,-$2.00,-107.35%,EGBN,NASDAQ:EGBN,-2.000,,
NASDAQ:EGHT,22 Jan 2026,$2.71,3,$2.25,3,,$1.94,15.98%,,,,,-100.00%,-$2.00,-203.09%,-$2.00,-203.09%,EGHT,NASDAQ:EGHT,-2.000,,
NYSE:EGY,26 Aug 2025,$6.31,3,,,,$5.03,25.36%,,,,,-100.00%,-$2.00,-139.76%,-$2.00,-139.76%,EGY,NYSE:EGY,-2.000,,
NASDAQ:EH,3 Sep 2025,$17.27,3,,,,$5.78,198.70%,,,,,-100.00%,-$2.00,-134.60%,-$2.00,-134.60%,EH,NASDAQ:EH,-2.000,,
NYSE:EHC,31 Dec 2025,$95.51,2,$145.00,8,,$106.99,-10.73%,,,,$109.34,2.20%,$0.00,-100.00%,$0.00,-100.00%,EHC,NYSE:EHC,0.335,$140.64,3.10%
NYSE:EIX,29 Jun 2026,$78.39,4,$76.14,4,,$74.84,1.74%,1.74%,$76.14,$78.39,,-100.00%,-$2.00,-102.67%,-$2.00,-102.67%,EIX,NYSE:EIX,-2.000,,
NYSE:EL,18 Aug 2025,$118.27,3,$95.25,6,,$84.90,12.19%,,,,$82.78,-2.50%,$0.00,-100.00%,$0.00,-100.00%,EL,NYSE:EL,-0.388,$94.32,0.99%
NYSE:ELF,18 Aug 2025,$118.35,3,,,,$73.49,61.04%,,,,,-100.00%,-$2.00,-102.72%,-$2.00,-102.72%,ELF,NYSE:ELF,-2.000,,
NYSE:ELME,16 Feb 2026,$2.75,4,,3,,$1.55,77.14%,,,,,-100.00%,-$2.00,-229.03%,-$2.00,-229.03%,ELME,NYSE:ELME,-2.000,,
NYSE:ELP,13 Feb 2025,$6.84,3,$8.20,6,,#N/A,#N/A,,,,,#N/A,-$2.00,#N/A,-$2.00,#N/A,ELP,NYSE:ELP,-2.000,,
NYSE:ELS,19 Sep 2025,$70.10,5,$67.65,7,,$64.98,4.11%,,,,,-100.00%,-$2.00,-103.08%,-$2.00,-103.08%,ELS,NYSE:ELS,-2.000,,
NASDAQ:ELVR,11 Dec 2025,$44.92,3,,,,$70.19,-36.00%,,,,,-100.00%,-$2.00,-102.85%,-$2.00,-102.85%,ELVR,NASDAQ:ELVR,-2.000,,
NYSE:EME,23 Aug 2025,$518.72,1,$670.50,8,,$787.29,-34.11%,,,,,-100.00%,-$2.00,-100.25%,-$2.00,-100.25%,EME,NYSE:EME,-2.000,,
NYSE:EMR,19 Nov 2025,$120.30,2,$146.64,9,,$141.56,-15.02%,,,,,-100.00%,-$2.00,-101.41%,-$2.00,-101.41%,EMR,NYSE:EMR,-2.000,,
NYSE:ENB,19 Aug 2025,$43.53,2,,,,$53.47,-18.59%,,,,,-100.00%,-$2.00,-103.74%,-$2.00,-103.74%,ENB,NYSE:ENB,-2.000,,
NYSE:ENOV,11 Dec 2025,$37.01,3,$49.00,5,,$25.90,42.91%,,,,,-100.00%,-$2.00,-107.72%,-$2.00,-107.72%,ENOV,NYSE:ENOV,-2.000,,
NYSE:ENS,11 Mar 2026,$152.00,3,,,,$213.31,-28.74%,,,,,-100.00%,-$2.00,-100.94%,-$2.00,-100.94%,ENS,NYSE:ENS,-2.000,,
NASDAQ:ENSG,3 Jul 2025,$137.40,2,,,,$166.83,-17.64%,,,,$171.17,2.60%,$0.00,-100.00%,$0.00,-100.00%,ENSG,NASDAQ:ENSG,0.050,$220.40,
NASDAQ:ENTG,9 Feb 2026,$124.28,3,$123.14,3,,$145.17,-15.18%,,,,$170.16,17.21%,$0.00,-100.00%,$0.00,-100.00%,ENTG,NASDAQ:ENTG,0.178,$141.90,-13.22%
NASDAQ:ENVX,20 Aug 2025,$9.75,3,,,,$5.62,73.43%,,,,,-100.00%,-$2.00,-135.59%,-$2.00,-135.59%,ENVX,NASDAQ:ENVX,-2.000,,
NYSE:EOG,2 Jul 2026,$143.14,4,$155.08,6,,$129.39,10.63%,10.63%,$143.14,$155.08,,-100.00%,-$2.00,-101.55%,-$2.00,-101.55%,EOG,NYSE:EOG,-2.000,,
NYSE:EPAC,11 Nov 2025,$44.87,3,$51.00,1,,$35.21,27.45%,,,,$34.44,-2.19%,$0.00,-100.00%,$0.00,-100.00%,EPAC,NYSE:EPAC,-0.212,$50.50,0.99%
NYSE:EPAM,26 Mar 2026,$178.81,3,$199.40,8,,$86.85,105.88%,,,,$85.06,-2.06%,$0.00,-100.00%,$0.00,-100.00%,EPAM,NYSE:EPAM,-0.733,$187.24,6.49%
NYSE:EQBK,16 Mar 2026,$41.43,3,$52.50,4,,$48.93,-15.33%,,,,$52.28,6.85%,$0.00,-100.00%,$0.00,-100.00%,EQBK,NYSE:EQBK,0.020,$51.60,1.74%
NYSE:EQNR,9 Sep 2025,$26.30,4,$25.60,9,,$32.06,-20.15%,,,,,-100.00%,-$2.00,-106.24%,-$2.00,-106.24%,EQNR,NYSE:EQNR,-2.000,,
NYSE:EQT,20 Aug 2025,$46.57,2,,,,$51.71,-9.95%,,,,$52.92,2.34%,$0.00,-100.00%,$0.00,-100.00%,EQT,NYSE:EQT,-0.034,$70.64,
NASDAQ:ERIC,27 May 2026,$11.70,1,$10.60,8,,$10.89,-2.66%,,,,$11.33,4.04%,$0.00,-100.00%,$0.00,-100.00%,ERIC,NASDAQ:ERIC,0.217,$10.45,1.44%
NASDAQ:ERII,4 Sep 2025,$16.86,3,$17.00,6,,$9.00,87.34%,,,,,-100.00%,-$2.00,-122.22%,-$2.00,-122.22%,ERII,NASDAQ:ERII,-2.000,,
NYSE:ERO,2 Sep 2025,$21.17,3,$18.76,5,,$26.40,-28.94%,,,,,-100.00%,-$2.00,-107.58%,-$2.00,-107.58%,ERO,NYSE:ERO,-2.000,,
NYSE:ESAB,23 Dec 2025,$119.83,3,$147.33,7,,$97.04,23.49%,,,,,-100.00%,-$2.00,-102.06%,-$2.00,-102.06%,ESAB,NYSE:ESAB,-2.000,,
NYSE:ESE,29 Jan 2026,$185.93,2,$275.00,4,,$342.55,-45.72%,,,,,-100.00%,-$2.00,-100.58%,-$2.00,-100.58%,ESE,NYSE:ESE,-2.000,,
NASDAQ:ESEA,5 Mar 2026,$65.04,3,,,,$68.82,-5.49%,,,,,-100.00%,-$2.00,-102.91%,-$2.00,-102.91%,ESEA,NASDAQ:ESEA,-2.000,,
NASDAQ:ESLT,24 Oct 2025,$494.42,3,,,,$811.01,-39.04%,,,,,-100.00%,-$2.00,-100.25%,-$2.00,-100.25%,ESLT,NASDAQ:ESLT,-2.000,,
NYSE:ESNT,23 Jun 2026,$59.83,4,$68.00,1,,$64.53,-7.29%,-7.29%,$59.83,$68.00,,-100.00%,-$2.00,-103.10%,-$2.00,-103.10%,ESNT,NYSE:ESNT,-2.000,,
NASDAQ:ESQ,21 Oct 2025,$91.76,3,$110.00,5,,$120.48,-23.84%,,,,,-100.00%,-$2.00,-101.66%,-$2.00,-101.66%,ESQ,NASDAQ:ESQ,-2.000,,
NYSE:ESS,16 Sep 2025,$294.27,5,$293.97,7,,$298.00,-1.35%,,,,$293.81,-1.41%,$0.00,-100.00%,$0.00,-100.00%,ESS,NYSE:ESS,-0.391,$280.37,4.85%
NASDAQ:ESTA,4 Dec 2025,$72.19,3,$71.75,6,,$91.56,-21.64%,,,,,-100.00%,-$2.00,-102.18%,-$2.00,-102.18%,ESTA,NASDAQ:ESTA,-2.000,,
NYSE:ESTC,19 Aug 2025,$94.39,3,$107.50,2,,$58.54,61.24%,,,,$57.12,-2.43%,$0.00,-100.00%,$0.00,-100.00%,ESTC,NYSE:ESTC,-0.602,$81.71,31.56%
NYSE:ET,2 Jul 2026,$19.05,1,,,2.96,$19.25,-1.04%,-1.04%,$19.05,$22.36,$20.07,4.26%,$0.00,-100.00%,$0.00,-100.00%,ET,NYSE:ET,0.615,$22.36,
NYSE:ETD,11 Nov 2024,$36.07,4,,,,$21.25,69.72%,,,,$21.64,1.84%,$41.34,94.55%,$47.26,122.40%,ETD,NYSE:ETD,-0.263,$27.00,
NYSE:ETN,11 Nov 2025,$317.45,1,,,,$413.42,-23.21%,,,,,-100.00%,-$2.00,-100.48%,-$2.00,-100.48%,ETN,NYSE:ETN,-2.000,,
NYSE:ETR,24 Oct 2025,$79.12,1,,,,$113.83,-30.49%,,,,,-100.00%,-$2.00,-101.76%,-$2.00,-101.76%,ETR,NYSE:ETR,-2.000,,
NASDAQ:EVCM,9 Feb 2026,$14.79,3,$12.00,3,,$10.14,18.34%,,,,,-100.00%,-$2.00,-119.72%,-$2.00,-119.72%,EVCM,NASDAQ:EVCM,-2.000,,
NYSE:EVTC,11 Feb 2026,$34.62,3,$30.50,4,,$28.80,5.90%,,,,,-100.00%,-$2.00,-106.94%,-$2.00,-106.94%,EVTC,NYSE:EVTC,-2.000,,
NYSE:EVTL,1 Sep 2025,$5.43,3,$11.60,5,,$1.92,182.81%,,,,,-100.00%,-$2.00,-204.17%,-$2.00,-204.17%,EVTL,NYSE:EVTL,-2.000,,
NYSE:EW,11 Dec 2025,$87.08,3,$95.29,8,,$95.18,-8.51%,,,,$92.04,-3.30%,$0.00,-100.00%,$0.00,-100.00%,EW,NYSE:EW,-0.397,$97.15,-1.91%
NASDAQ:EWBC,18 Mar 2026,$117.29,3,,,,$131.61,-10.88%,,,,,-100.00%,-$2.00,-101.52%,-$2.00,-101.52%,EWBC,NASDAQ:EWBC,-2.000,,
NASDAQ:EXC,28 Apr 2026,$47.55,3,$50.83,5,,$47.05,1.06%,,,,,-100.00%,-$2.00,-104.25%,-$2.00,-104.25%,EXC,NASDAQ:EXC,-2.000,,
NASDAQ:EXE,22 Jan 2026,$97.25,3,$133.00,9,,$88.89,9.41%,,,,$92.48,4.04%,$0.00,-100.00%,$0.00,-100.00%,EXE,NASDAQ:EXE,0.007,$132.96,0.03%
NASDAQ:EXFY,9 Feb 2026,$2.87,3,$5.00,2,,$1.86,54.30%,,,,,-100.00%,-$2.00,-207.53%,-$2.00,-207.53%,EXFY,NASDAQ:EXFY,-2.000,,
NYSE:EXK,12 Aug 2025,$5.26,3,,,,$8.51,-38.18%,,,,,-100.00%,-$2.00,-123.50%,-$2.00,-123.50%,EXK,NYSE:EXK,-2.000,,
NASDAQ:EXLS,24 Feb 2026,$44.69,5,$53.00,3,,$27.13,64.73%,,,,,-100.00%,-$2.00,-107.37%,-$2.00,-107.37%,EXLS,NASDAQ:EXLS,-2.000,,
NYSE:EXP,23 Aug 2025,$240.86,4,$230.75,1,,$217.54,6.07%,,,,,-100.00%,-$2.00,-100.92%,-$2.00,-100.92%,EXP,NYSE:EXP,-2.000,,
NASDAQ:EXPE,4 Mar 2026,$219.55,3,$275.04,6,,$266.76,-17.70%,,,,,-100.00%,-$2.00,-100.75%,-$2.00,-100.75%,EXPE,NASDAQ:EXPE,-2.000,,
NYSE:EXR,12 Oct 2025,$164.54,3,$156.20,5,,$146.14,6.88%,,,,,-100.00%,-$2.00,-101.37%,-$2.00,-101.37%,EXR,NYSE:EXR,-2.000,,
NYSE:F,15 Dec 2025,$13.76,1,,1,,$13.83,-0.51%,,,,$13.33,-3.62%,$0.00,-100.00%,$0.00,-100.00%,F,NYSE:F,-0.214,$13.70,
NASDAQ:FANG,20 Sep 2025,$163.23,3,$183.50,2,,$173.73,-6.04%,,,,,-100.00%,-$2.00,-101.15%,-$2.00,-101.15%,FANG,NASDAQ:FANG,-2.000,,
NASDAQ:FAST,14 Jun 2024,$55.48,2,,,,$48.31,14.84%,,,,$48.32,0.02%,$0.00,-100.00%,$0.00,-100.00%,FAST,NASDAQ:FAST,-0.065,$46.49,
NYSE:FBIN,28 Apr 2026,$58.23,5,$48.75,6,,$51.58,-5.49%,,,,$52.92,2.60%,$0.00,-100.00%,$0.00,-100.00%,FBIN,NYSE:FBIN,-0.222,$52.43,-7.02%
NASDAQ:FBIZ,8 Oct 2025,$51.75,3,$58.00,7,,$64.36,-19.59%,,,,,-100.00%,-$2.00,-103.11%,-$2.00,-103.11%,FBIZ,NASDAQ:FBIZ,-2.000,,
NASDAQ:FBNC,7 Oct 2025,$47.21,3,,,,$63.64,-25.82%,,,,,-100.00%,-$2.00,-103.14%,-$2.00,-103.14%,FBNC,NASDAQ:FBNC,-2.000,,
NYSE:FBP,27 May 2026,$27.08,3,$26.00,6,,$26.50,-1.89%,,,,$26.48,-0.08%,$0.00,-100.00%,$0.00,-100.00%,FBP,NYSE:FBP,-0.079,$26.00,0.00%
NYSE:FC,15 Oct 2025,$24.97,3,$32.00,4,,$22.90,9.04%,,,,$19.33,-15.59%,$0.00,-100.00%,$0.00,-100.00%,FC,NYSE:FC,-0.137,$28.33,12.95%
NASDAQ:FCBC,21 Oct 2025,$36.41,3,,5,,$45.11,-19.29%,,,,,-100.00%,-$2.00,-104.43%,-$2.00,-104.43%,FCBC,NASDAQ:FCBC,-2.000,,
NASDAQ:FCCO,2 Oct 2025,$26.67,3,$30.00,7,,$32.88,-18.90%,,,,,-100.00%,-$2.00,-106.08%,-$2.00,-106.08%,FCCO,NASDAQ:FCCO,-2.000,,
NYSE:FCF,18 Nov 2025,$17.15,3,$19.00,3,,$20.49,-16.30%,,,,,-100.00%,-$2.00,-109.76%,-$2.00,-109.76%,FCF,NYSE:FCF,-2.000,,
NYSE:FCN,13 Nov 2025,$198.73,3,$165.00,9,,$155.69,5.98%,,,,$149.20,-4.17%,$0.00,-100.00%,$0.00,-100.00%,FCN,NYSE:FCN,-0.568,$187.00,-11.76%
NYSE:FCPT,4 Sep 2025,$29.64,4,$29.40,6,,$25.01,17.55%,,,,,-100.00%,-$2.00,-108.00%,-$2.00,-108.00%,FCPT,NYSE:FCPT,-2.000,,
NYSE:FDP,13 Nov 2025,$39.53,3,,4,,#N/A,#N/A,,,,,#N/A,-$2.00,#N/A,-$2.00,#N/A,FDP,NYSE:FDP,-2.000,,
NYSE:FE,19 Sep 2025,$47.44,4,$46.00,7,,$47.71,-3.58%,,,,$49.93,4.65%,$0.00,-100.00%,$0.00,-100.00%,FE,NYSE:FE,0.381,$53.31,-13.71%
NASDAQ:FELE,6 Nov 2025,$93.75,3,,,,$105.38,-11.04%,,,,$108.64,3.09%,$0.00,-100.00%,$0.00,-100.00%,FELE,NASDAQ:FELE,0.360,$113.25,
NYSE:FERG,8 Jul 2024,$169.94,2,,,,$228.92,-25.76%,,,,$224.91,-1.75%,$0.00,-100.00%,$0.00,-100.00%,FERG,NYSE:FERG,-0.596,$276.05,
NYSE:FF,15 May 2025,$5.93,5,,7,,$4.55,30.33%,,,,$4.78,5.05%,$29.00,537.47%,$26.95,492.33%,FF,NYSE:FF,0.088,$14.00,
NASDAQ:FFAI,15 Dec 2025,$1.88,3,,,,$0.24,682.88%,,,,,-100.00%,-$2.00,-933.33%,-$2.00,-933.33%,FFAI,NASDAQ:FFAI,-2.000,,
NASDAQ:FFBC,20 Mar 2026,$29.92,3,$31.67,5,,$34.63,-13.61%,,,,$35.56,2.69%,$0.00,-100.00%,$0.00,-100.00%,FFBC,NASDAQ:FFBC,0.030,$33.43,-5.26%
NASDAQ:FFIC,27 Oct 2025,$16.10,4,$15.00,5,,#N/A,#N/A,,,,,#N/A,-$2.00,#N/A,-$2.00,#N/A,FFIC,NASDAQ:FFIC,-2.000,,
NASDAQ:FFIN,19 Nov 2025,$32.29,3,$37.50,5,,$34.75,-7.08%,,,,$36.40,4.75%,$0.00,-100.00%,$0.00,-100.00%,FFIN,NASDAQ:FFIN,0.081,$33.75,11.11%
NYSE:FFWM,18 Nov 2025,$6.01,3,$6.38,5,,#N/A,#N/A,,,,,#N/A,-$2.00,#N/A,-$2.00,#N/A,FFWM,NYSE:FFWM,-2.000,,
NASDAQ:FHB,16 Apr 2026,$28.27,3,$26.67,2,,$30.34,-12.10%,,,,,-100.00%,-$2.00,-106.59%,-$2.00,-106.59%,FHB,NASDAQ:FHB,-2.000,,
NYSE:FHN,28 May 2026,$23.86,3,$26.61,3,,$25.85,-7.69%,,,,$26.82,3.75%,$0.00,-100.00%,$0.00,-100.00%,FHN,NYSE:FHN,0.141,$26.84,-0.86%
NASDAQ:FIBK,27 May 2026,$35.12,3,$36.60,3,,$39.38,-10.82%,,,,,-100.00%,-$2.00,-105.08%,-$2.00,-105.08%,FIBK,NASDAQ:FIBK,-2.000,,
NYSE:FIG,29 Jan 2026,$46.89,3,$51.00,5,,$21.08,122.42%,,,,,-100.00%,-$2.00,-109.49%,-$2.00,-109.49%,FIG,NYSE:FIG,-2.000,,
NYSE:FINV,24 Oct 2025,$5.94,3,,6,,$4.86,22.22%,,,,$4.72,-2.88%,$28.10,478.14%,$28.34,483.14%,FINV,NYSE:FINV,-0.780,$7.71,
NYSE:FIS,11 Feb 2026,$71.87,3,,,,$41.27,74.15%,,,,,-100.00%,-$2.00,-104.85%,-$2.00,-104.85%,FIS,NYSE:FIS,-2.000,,
NASDAQ:FISI,20 Oct 2025,$28.36,3,$30.00,5,,$38.92,-27.13%,,,,,-100.00%,-$2.00,-105.14%,-$2.00,-105.14%,FISI,NASDAQ:FISI,-2.000,,
NASDAQ:FITB,27 May 2026,$50.92,3,$57.17,9,,#N/A,#N/A,,,,,#N/A,-$2.00,#N/A,-$2.00,#N/A,FITB,NASDAQ:FITB,-2.000,,
NYSE:FIX,23 Aug 2025,$534.79,1,$736.60,8,,"$1,793.03",-70.17%,,,,,-100.00%,-$2.00,-100.11%,-$2.00,-100.11%,FIX,NYSE:FIX,-2.000,,
NASDAQ:FIZZ,17 Mar 2026,$41.05,3,$35.00,2,,$32.34,8.23%,,,,$32.71,1.14%,$0.00,-100.00%,$0.00,-100.00%,FIZZ,NASDAQ:FIZZ,-0.416,$35.00,0.00%
NASDAQ:FLEX,5 Feb 2026,$63.22,2,$73.75,6,,$138.65,-54.40%,,,,,-100.00%,-$2.00,-101.44%,-$2.00,-101.44%,FLEX,NASDAQ:FLEX,-2.000,,
NYSE:FLG,21 Oct 2025,$10.62,3,$13.90,6,,$14.84,-28.44%,,,,$15.35,3.44%,$0.00,-100.00%,$0.00,-100.00%,FLG,NYSE:FLG,0.010,$15.69,-11.41%
NYSE:FLR,20 Aug 2025,$51.95,5,,5,,$51.46,0.96%,,,,,-100.00%,-$2.00,-103.89%,-$2.00,-103.89%,FLR,NYSE:FLR,-2.000,,
NYSE:FLS,23 Aug 2024,$48.32,3,,,,$74.71,-35.32%,,,,,-100.00%,-$2.00,-102.68%,-$2.00,-102.68%,FLS,NYSE:FLS,-2.000,,
NYSE:FLUT,18 Sep 2025,$272.62,3,,,,$107.43,153.76%,,,,,-100.00%,-$2.00,-101.86%,-$2.00,-101.86%,FLUT,NYSE:FLUT,-2.000,,
NASDAQ:FMBH,28 Apr 2026,$47.14,3,,,,$48.66,-3.13%,,,,,-100.00%,-$2.00,-104.11%,-$2.00,-104.11%,FMBH,NASDAQ:FMBH,-2.000,,
NASDAQ:FMNB,18 Mar 2026,$14.01,3,$14.50,6,,$14.35,-2.36%,,,,,-100.00%,-$2.00,-113.94%,-$2.00,-113.94%,FMNB,NASDAQ:FMNB,-2.000,,
NYSE:FMS,16 Mar 2026,$34.95,5,$26.00,2,,$23.61,10.12%,,,,,-100.00%,-$2.00,-108.47%,-$2.00,-108.47%,FMS,NYSE:FMS,-2.000,,
NYSE:FMX,19 Mar 2026,$123.52,3,$128.33,8,,$130.25,-5.17%,,,,,-100.00%,-$2.00,-101.54%,-$2.00,-101.54%,FMX,NYSE:FMX,-2.000,,
NYSE:FN,11 Dec 2025,$411.82,2,$533.80,8,,$500.75,-17.76%,,,,,-100.00%,-$2.00,-100.40%,-$2.00,-100.40%,FN,NYSE:FN,-2.000,,
NYSE:FNB,30 Mar 2026,$17.16,3,$19.63,9,,$19.17,-10.49%,,,,$19.90,3.81%,$0.00,-100.00%,$0.00,-100.00%,FNB,NYSE:FNB,0.028,$20.31,-3.35%
NYSE:FNF,10 Apr 2025,$64.78,4,$70.33,4,,$48.71,32.98%,,,,,-100.00%,-$2.00,-104.11%,-$2.00,-104.11%,FNF,NYSE:FNF,-2.000,,
NASDAQ:FOSL,29 Aug 2025,$4.98,5,$5.00,7,,$4.15,20.02%,,,,,-100.00%,-$2.00,-148.19%,-$2.00,-148.19%,FOSL,NASDAQ:FOSL,-2.000,,
NASDAQ:FRHC,27 Aug 2025,$170.00,3,,,,$150.25,13.14%,,,,,-100.00%,-$2.00,-101.33%,-$2.00,-101.33%,FRHC,NASDAQ:FRHC,-2.000,,
NYSE:FRO,23 Jun 2026,$33.92,2,$43.67,8,,$36.87,-7.99%,-7.99%,$33.92,$43.67,,-100.00%,-$2.00,-105.42%,-$2.00,-105.42%,FRO,NYSE:FRO,-2.000,,
NASDAQ:FRSH,27 Jan 2026,$14.36,3,$18.75,5,,$10.17,41.19%,,,,,-100.00%,-$2.00,-119.67%,-$2.00,-119.67%,FRSH,NASDAQ:FRSH,-2.000,,
NYSE:FRT,23 Dec 2025,$100.99,1,,,,$120.56,-16.23%,,,,$124.61,3.36%,$0.00,-100.00%,$0.00,-100.00%,FRT,NYSE:FRT,0.238,$118.36,
NASDAQ:FSBC,27 May 2026,$39.25,3,$44.83,7,,$48.98,-19.87%,,,,$50.91,3.94%,$0.00,-100.00%,$0.00,-100.00%,FSBC,NASDAQ:FSBC,0.100,$45.10,-0.60%
NASDAQ:FSLR,11 Feb 2026,$209.76,2,,,,$233.06,-10.00%,,,,$218.73,-6.15%,$0.00,-100.00%,$0.00,-100.00%,FSLR,NASDAQ:FSLR,-0.497,$246.21,
NYSE:FSLY,19 Jan 2026,$10.88,4,$11.30,4,,$18.25,-40.39%,,,,,-100.00%,-$2.00,-110.96%,-$2.00,-110.96%,FSLY,NASDAQ:FSLY,-2.000,,
NYSE:FSM,14 Aug 2025,$6.09,3,$7.46,7,,$8.68,-29.83%,,,,,-100.00%,-$2.00,-123.04%,-$2.00,-123.04%,FSM,NYSE:FSM,-2.000,,
NASDAQ:FSTR,4 Oct 2024,$28.19,4,,,,$43.61,-35.35%,,,,$42.35,-2.89%,$90.92,108.48%,$116.11,166.24%,FSTR,NASDAQ:FSTR,-0.216,$36.50,
NASDAQ:FTAI,19 Aug 2025,$88.62,1,,,,$241.54,-63.31%,,,,$281.15,16.40%,$0.00,-100.00%,$0.00,-100.00%,FTAI,NASDAQ:FTAI,0.680,$341.40,
NASDAQ:FTDR,1 Jun 2026,$66.83,3,$74.50,7,,$79.07,-15.48%,,,,$77.46,-2.04%,$0.00,-100.00%,$0.00,-100.00%,FTDR,NASDAQ:FTDR,-0.380,$74.20,0.40%
NASDAQ:FTEL,15 Dec 2025,$1.46,3,,,,#N/A,#N/A,,,,,#N/A,-$2.00,#N/A,-$2.00,#N/A,FTEL,NASDAQ:FTEL,-2.000,,
NYSE:FTI,21 Jul 2025,$33.54,3,$37.80,10,,$67.26,-50.13%,,,,$71.19,5.84%,$0.00,-100.00%,$0.00,-100.00%,FTI,NYSE:FTI,0.915,$72.57,-47.91%
NYSE:FTK,29 Apr 2026,$14.15,3,$21.50,9,,$23.23,-39.07%,,,,,-100.00%,-$2.00,-108.61%,-$2.00,-108.61%,FTK,NYSE:FTK,-2.000,,
NASDAQ:FTNT,4 Feb 2026,$100.54,5,$84.05,3,,$162.35,-48.23%,,,,,-100.00%,-$2.00,-101.23%,-$2.00,-101.23%,FTNT,NASDAQ:FTNT,-2.000,,
NASDAQ:FTRE,27 Jun 2025,$13.66,3,$5.97,1,,$17.85,-66.55%,,,,$17.26,-3.31%,$54.24,203.88%,$65.19,265.19%,FTRE,NASDAQ:FTRE,-0.418,$12.66,-52.84%
NYSE:FTV,5 Feb 2026,$54.58,4,$55.50,8,,$63.60,-14.19%,,,,,-100.00%,-$2.00,-103.14%,-$2.00,-103.14%,FTV,NYSE:FTV,-2.000,,
NYSE:FUBO,4 Apr 2025,$4.27,3,$4.85,8,,$10.23,-58.31%,,,,,-100.00%,-$2.00,-119.55%,-$2.00,-119.55%,FUBO,NYSE:FUBO,-2.000,,
NASDAQ:FUFU,19 Aug 2025,$4.77,4,$6.00,5,,$1.44,231.46%,,,,,-100.00%,-$2.00,-238.89%,-$2.00,-238.89%,FUFU,NASDAQ:FUFU,-2.000,,
NYSE:FUL,26 May 2026,$68.79,4,$73.00,6,,$58.39,17.82%,,,,$60.33,3.32%,$0.00,-100.00%,$0.00,-100.00%,FUL,NYSE:FUL,0.514,$70.43,3.65%
NASDAQ:FULT,18 Mar 2026,$21.38,4,$23.00,5,,$24.33,-12.12%,,,,,-100.00%,-$2.00,-108.22%,-$2.00,-108.22%,FULT,NASDAQ:FULT,-2.000,,
NASDAQ:FUNC,23 Dec 2025,$39.14,3,$42.00,6,,$44.31,-11.67%,,,,,-100.00%,-$2.00,-104.51%,-$2.00,-104.51%,FUNC,NASDAQ:FUNC,-2.000,,
NASDAQ:FUTU,27 Aug 2025,$135.45,1,,,,$98.17,37.97%,,,,,-100.00%,-$2.00,-102.04%,-$2.00,-102.04%,FUTU,NASDAQ:FUTU,-2.000,,
NYSE:G,18 May 2026,$44.63,3,$40.00,3,,$28.96,38.12%,,,,$28.93,-0.10%,$114.78,296.33%,$140.49,385.13%,G,NYSE:G,-0.089,$48.18,-16.98%
NASDAQ:GABC,27 May 2026,$45.62,3,$49.00,6,,$47.48,-3.91%,,,,,-100.00%,-$2.00,-104.21%,-$2.00,-104.21%,GABC,NASDAQ:GABC,-2.000,,
NASDAQ:GAIN,10 Jun 2024,$15.26,3,,,,$15.60,-2.19%,,,,,-100.00%,-$2.00,-112.82%,-$2.00,-112.82%,GAIN,NASDAQ:GAIN,-2.000,,
NASDAQ:GAMB,28 Oct 2025,$12.14,5,$13.00,5,,$2.00,507.10%,,,,,-100.00%,-$2.00,-200.00%,-$2.00,-200.00%,GAMB,NASDAQ:GAMB,-2.000,,
NASDAQ:GAME,12 Oct 2025,$0.98,3,$1.75,5,,$0.34,188.47%,,,,,-100.00%,-$2.00,-688.24%,-$2.00,-688.24%,GAME,NASDAQ:GAME,-2.000,,
NASDAQ:GANX,23 Dec 2025,$5.20,3,$7.60,8,,$1.81,187.02%,,,,,-100.00%,-$2.00,-210.50%,-$2.00,-210.50%,GANX,NASDAQ:GANX,-2.000,,
NYSE:GAP,19 Jun 2026,$27.72,5,$28.15,2,3.97,$19.37,43.11%,43.11%,$27.72,$30.65,$19.98,3.15%,$0.00,-100.00%,$0.00,-100.00%,GAP,NYSE:GAP,0.507,$30.65,-8.16%
NASDAQ:GASS,5 Mar 2026,$9.44,3,,,,$8.30,13.73%,,,,$7.97,-3.98%,$38.63,365.47%,$48.80,487.95%,GASS,NASDAQ:GASS,-0.476,$14.00,
NYSE:GBCI,21 Oct 2025,$45.69,3,$52.20,7,,$52.54,-13.04%,,,,$54.28,3.31%,$0.00,-100.00%,$0.00,-100.00%,GBCI,NYSE:GBCI,0.215,$56.50,-7.61%
NYSE:GBX,6 Feb 2026,$68.91,3,$49.00,3,,$48.33,1.39%,,,,$44.16,-8.63%,$0.00,-100.00%,$0.00,-100.00%,GBX,NYSE:GBX,-0.884,$44.67,9.69%
NASDAQ:GCT,11 Feb 2026,$42.86,3,$33.00,7,,$34.08,-3.17%,,,,,-100.00%,-$2.00,-105.87%,-$2.00,-105.87%,GCT,NASDAQ:GCT,-2.000,,
NYSE:GCTS,2 Feb 2026,$1.46,3,$3.50,7,,$2.50,-41.60%,,,,,-100.00%,-$2.00,-180.00%,-$2.00,-180.00%,GCTS,NYSE:GCTS,-2.000,,
NYSE:GDDY,11 Feb 2026,$143.01,3,$171.11,7,,$85.61,67.05%,,,,$85.83,0.26%,$0.00,-100.00%,$0.00,-100.00%,GDDY,NYSE:GDDY,-0.755,$115.53,48.11%
NASDAQ:GDS,16 Feb 2026,$38.86,1,$51.45,10,,$30.89,25.81%,,,,,-100.00%,-$2.00,-106.47%,-$2.00,-106.47%,GDS,NASDAQ:GDS,-2.000,,
NASDAQ:GDYN,27 Jan 2026,$17.06,3,$12.25,1,,$5.92,106.93%,,,,,-100.00%,-$2.00,-133.78%,-$2.00,-133.78%,GDYN,NASDAQ:GDYN,-2.000,,
NYSE:GEF,5 Sep 2025,$73.44,5,$80.00,2,,$73.87,-0.58%,,,,$74.37,0.68%,$0.00,-100.00%,$0.00,-100.00%,GEF,NYSE:GEF,-0.417,$78.20,2.30%
NYSE:GES,15 Aug 2025,$28.70,3,$13.00,5,,#N/A,#N/A,,,,$0.00,#N/A,$46.94,#N/A,$57.83,#N/A,GES,NYSE:GES,-1.000,$16.75,-22.39%
NASDAQ:GFS,9 Feb 2026,$46.85,4,$39.80,4,,$68.91,-42.24%,,,,,-100.00%,-$2.00,-102.90%,-$2.00,-102.90%,GFS,NASDAQ:GFS,-2.000,,
NASDAQ:GGAL,11 Sep 2025,$34.39,3,$38.00,5,,$53.02,-35.14%,,,,,-100.00%,-$2.00,-103.77%,-$2.00,-103.77%,GGAL,NASDAQ:GGAL,-2.000,,
NYSE:GGB,4 Jan 2026,$3.55,3,$4.60,9,,$4.23,-15.99%,,,,$4.09,-3.31%,$0.00,-100.00%,$0.00,-100.00%,GGB,NYSE:GGB,-0.126,$5.18,-11.20%
NYSE:GGG,6 Nov 2025,$84.33,3,$93.50,1,,$75.67,11.44%,,,,$77.48,2.39%,$0.00,-100.00%,$0.00,-100.00%,GGG,NYSE:GGG,0.394,$92.00,1.63%
NYSE:GHC,15 Oct 2025,$995.96,4,,4,,"$1,183.82",-15.87%,,,,"$1,162.83",-1.77%,$0.00,-100.00%,$0.00,-100.00%,GHC,NYSE:GHC,-0.285,"$1,040.00",
NYSE:GHM,28 Oct 2025,$48.90,2,,,,$115.95,-57.83%,,,,,-100.00%,-$2.00,-101.72%,-$2.00,-101.72%,GHM,NYSE:GHM,-2.000,,
NYSE:GIB,19 Jan 2026,$107.59,5,$129.19,3,,$66.35,62.16%,,,,$64.94,-2.13%,$0.00,-100.00%,$0.00,-100.00%,GIB,NYSE:GIB,-0.581,$75.94,70.12%
NYSE:GIS,27 Mar 2026,$54.42,5,$40.93,2,,$36.12,13.32%,,,,$37.20,2.99%,$0.00,-100.00%,$0.00,-100.00%,GIS,NYSE:GIS,-0.148,$40.79,0.34%
NYSE:GKOS,11 Dec 2025,$119.46,3,$118.10,3,,$148.70,-20.58%,,,,,-100.00%,-$2.00,-101.34%,-$2.00,-101.34%,GKOS,NYSE:GKOS,-2.000,,
NASDAQ:GLDD,4 Nov 2025,$12.92,3,$14.00,7,,#N/A,#N/A,,,,$0.00,#N/A,$35.70,#N/A,$44.68,#N/A,GLDD,NASDAQ:GLDD,-1.000,$17.00,-17.65%
NYSE:GLOB,4 May 2026,$71.94,3,$63.17,7,,$30.95,104.10%,,,,,-100.00%,-$2.00,-106.46%,-$2.00,-106.46%,GLOB,NYSE:GLOB,-2.000,,
NASDAQ:GLRE,13 Nov 2025,$15.68,4,,1,,$16.32,-3.92%,,,,,-100.00%,-$2.00,-112.25%,-$2.00,-112.25%,GLRE,NASDAQ:GLRE,-2.000,,
NYSE:GLW,26 Jan 2026,$93.28,1,,,,$194.80,-52.11%,,,,$233.37,19.80%,$221.47,13.69%,$249.18,27.92%,GLW,NYSE:GLW,0.712,$139.21,
NYSE:GM,15 Dec 2025,$80.89,1,,1,,$77.85,3.90%,,,,$75.32,-3.25%,$0.00,-100.00%,$0.00,-100.00%,GM,NYSE:GM,-0.005,$94.08,
NYSE:GME,23 Aug 2024,$28.89,3,,,,$22.76,26.93%,,,,$23.67,4.00%,$0.00,-100.00%,$0.00,-100.00%,GME,NYSE:GME,0.299,$13.50,
NYSE:GMED,11 Dec 2025,$101.94,3,$94.50,9,,$80.50,17.39%,,,,,-100.00%,-$2.00,-102.48%,-$2.00,-102.48%,GMED,NYSE:GMED,-2.000,,
NYSE:GMRE,23 Dec 2025,$53.07,3,$40.70,9,,#N/A,#N/A,,,,,#N/A,-$2.00,#N/A,-$2.00,#N/A,GMRE,NYSE:GMRE,-2.000,,
NASDAQ:GNLN,15 Jul 2025,$4.44,3,,,,$2.29,93.67%,,,,,-100.00%,-$2.00,-187.34%,-$2.00,-187.34%,GNLN,NASDAQ:GNLN,-2.000,,
NYSE:GNRC,11 Nov 2025,$159.25,3,$205.69,9,,$257.81,-38.23%,,,,$277.69,7.71%,$291.99,13.26%,$325.43,26.23%,GNRC,NYSE:GNRC,0.066,$248.13,-17.10%
NYSEAMERICAN:GNS,18 Aug 2025,$0.99,,$1.00,3,,$0.20,395.00%,,,,,-100.00%,-$2.00,-1100.00%,-$2.00,-1100.00%,GNS,NYSEAMERICAN:GNS,-2.000,,
NYSE:GNTY,2 Oct 2025,$48.75,1,,,,#N/A,#N/A,,,,,#N/A,-$2.00,#N/A,-$2.00,#N/A,GNTY,NYSE:GNTY,-2.000,,
NASDAQ:GOOD,31 Aug 2025,$17.01,5,$15.00,5,,$12.72,17.92%,,,,,-100.00%,-$2.00,-115.72%,-$2.00,-115.72%,GOOD,NASDAQ:GOOD,-2.000,,
NASDAQ:GOOG,27 Feb 2026,$301.88,3,,,,$364.90,-17.27%,,,,$352.87,-3.30%,$0.00,-100.00%,$0.00,-100.00%,GOOG,NASDAQ:GOOG,-0.252,$398.06,
NASDAQ:GOOGL,17 Apr 2026,$309.14,3,$385.97,8,,$366.46,-15.64%,,,,,-100.00%,-$2.00,-100.55%,-$2.00,-100.55%,GOOGL,NASDAQ:GOOGL,-2.000,,
NYSEAMERICAN:GORO,20 Aug 2025,$0.83,,$1.25,5,,$1.25,-33.60%,,,,,-100.00%,-$2.00,-260.00%,-$2.00,-260.00%,GORO,NYSEAMERICAN:GORO,-2.000,,
NYSE:GOTU,3 Sep 2025,$6.27,3,,4,,$1.74,260.29%,,,,,-100.00%,-$2.00,-214.94%,-$2.00,-214.94%,GOTU,NYSE:GOTU,-2.000,,
NYSE:GPC,14 Sep 2023,$168.90,4,,,,$128.66,31.27%,,,,$115.43,-10.28%,$0.00,-100.00%,$0.00,-100.00%,GPC,NYSE:GPC,-0.706,$132.43,
NYSE:GPOR,22 Jan 2026,$170.96,3,$231.50,7,,$165.22,3.48%,,,,,-100.00%,-$2.00,-101.21%,-$2.00,-101.21%,GPOR,NYSE:GPOR,-2.000,,
NYSE:GPRK,22 Sep 2025,$10.05,3,$7.75,2,,$9.35,-17.11%,,,,,-100.00%,-$2.00,-121.39%,-$2.00,-121.39%,GPRK,NYSE:GPRK,-2.000,,
NASDAQ:GPRO,27 Jan 2026,$1.35,3,$1.30,5,,$0.74,75.68%,,,,,-100.00%,-$2.00,-370.27%,-$2.00,-370.27%,GPRO,NASDAQ:GPRO,-2.000,,
NASDAQ:GRAB,3 Sep 2025,$4.97,3,$6.03,6,,$3.85,29.09%,,,,$3.80,-1.30%,$0.00,-100.00%,$0.00,-100.00%,GRAB,NASDAQ:GRAB,-0.616,$6.07,-0.66%
NYSE:GRBK,27 Feb 2026,$85.87,4,,8,,$76.74,11.90%,,,,,-100.00%,-$2.00,-102.61%,-$2.00,-102.61%,GRBK,NYSE:GRBK,-2.000,,
NYSE:GRMN,2 Feb 2026,$214.19,3,$240.50,6,,$245.22,-12.65%,,,,,-100.00%,-$2.00,-100.82%,-$2.00,-100.82%,GRMN,NYSE:GRMN,-2.000,,
NYSE:GRND,27 Jan 2026,$13.86,3,$22.00,2,,$15.92,-12.95%,,,,,-100.00%,-$2.00,-112.56%,-$2.00,-112.56%,GRND,NYSE:GRND,-2.000,,
NYSE:GS,24 Feb 2026,$814.68,2,,,,"$1,055.29",-22.80%,,,,"$1,082.36",2.57%,$0.00,-100.00%,$0.00,-100.00%,GS,NYSE:GS,0.707,$933.25,
NASDAQ:GSBC,27 May 2026,$73.74,3,$65.00,2,,$78.43,-17.12%,,,,$84.03,7.14%,$0.00,-100.00%,$0.00,-100.00%,GSBC,NASDAQ:GSBC,0.158,$67.50,-3.70%
NASDAQ:GSIT,28 Jan 2026,$9.51,3,,7,,$6.84,39.00%,,,,,-100.00%,-$2.00,-129.24%,-$2.00,-129.24%,GSIT,NASDAQ:GSIT,-2.000,,
NYSE:GSL,4 Mar 2026,$37.11,3,,5,,$38.99,-4.82%,,,,,-100.00%,-$2.00,-105.13%,-$2.00,-105.13%,GSL,NYSE:GSL,-2.000,,
NASDAQ:GSM,15 Aug 2025,$7.64,3,$4.00,4,,$3.40,17.65%,,,,$3.22,-5.29%,$15.45,354.37%,$4.32,27.10%,GSM,NASDAQ:GSM,-0.245,$6.00,-33.33%
NASDAQ:GT,20 Sep 2025,$10.53,4,$11.42,10,,$6.93,51.95%,,,,,-100.00%,-$2.00,-128.86%,-$2.00,-128.86%,GT,NASDAQ:GT,-2.000,,
NYSE:GTES,12 May 2025,$25.10,5,$23.20,4,,$27.15,-14.55%,,,,$28.14,3.65%,$0.00,-100.00%,$0.00,-100.00%,GTES,NYSE:GTES,0.093,$31.08,-25.35%
NYSE:GTLS,23 Dec 2025,$198.45,3,$211.00,1,,$208.73,-4.93%,,,,$210.33,0.77%,$171.20,-17.98%,$272.90,30.74%,GTLS,NYSE:GTLS,-0.226,$204.43,3.21%
NASDAQ:GTM,30 Mar 2026,$9.68,3,,,,$2.93,230.38%,,,,$2.83,-3.41%,$0.00,-100.00%,$0.00,-100.00%,GTM,NASDAQ:GTM,-0.329,$9.11,
NYSE:GTY,19 Sep 2025,$32.43,4,$32.00,4,,$34.00,-5.88%,,,,,-100.00%,-$2.00,-105.88%,-$2.00,-105.88%,GTY,NYSE:GTY,-2.000,,
NYSE:GVA,12 Jun 2025,$88.52,3,,,,$148.41,-40.35%,,,,$157.38,6.04%,$0.00,-100.00%,$0.00,-100.00%,GVA,NYSE:GVA,0.538,$166.50,
NYSE:GWH,14 Jan 2026,$3.79,3,$3.50,3,,$0.88,297.73%,,,,,-100.00%,-$2.00,-327.27%,-$2.00,-327.27%,GWH,NYSE:GWH,-2.000,,
NYSE:GWW,23 Aug 2025,$866.00,2,,,,"$1,370.16",-36.80%,,,,,-100.00%,-$2.00,-100.15%,-$2.00,-100.15%,GWW,NYSE:GWW,-2.000,,
NYSE:HAE,16 Dec 2025,$105.08,3,$86.29,9,,$75.02,15.02%,,,,,-100.00%,-$2.00,-102.67%,-$2.00,-102.67%,HAE,NYSE:HAE,-2.000,,
NASDAQ:HAFC,27 May 2026,$31.91,3,$32.83,5,,$32.48,-1.76%,,,,,-100.00%,-$2.00,-106.16%,-$2.00,-106.16%,HAFC,NASDAQ:HAFC,-2.000,,
NYSE:HASI,27 Jan 2026,$36.24,3,$40.27,9,,$38.28,-5.34%,,,,$37.45,-2.17%,$0.00,-100.00%,$0.00,-100.00%,HASI,NYSE:HASI,-0.416,$45.87,-12.21%
NASDAQ:HBAN,6 Apr 2026,$16.83,4,$19.75,9,,$17.89,-5.93%,,,,,-100.00%,-$2.00,-111.18%,-$2.00,-111.18%,HBAN,NASDAQ:HBAN,-2.000,,
NASDAQ:HBCP,1 Jun 2026,$67.68,3,$69.00,3,,$69.19,-2.18%,,,,$69.89,1.01%,$0.00,-100.00%,$0.00,-100.00%,HBCP,NASDAQ:HBCP,-0.027,$65.62,5.15%
NYSE:HBM,2 Apr 2026,$15.01,2,$28.81,10,,$23.34,-35.67%,,,,,-100.00%,-$2.00,-108.57%,-$2.00,-108.57%,HBM,NYSE:HBM,-2.000,,
NASDAQ:HBNC,19 Nov 2025,$17.31,3,$19.83,9,,$19.94,-13.19%,,,,$20.81,4.36%,$0.00,-100.00%,$0.00,-100.00%,HBNC,NASDAQ:HBNC,0.126,$21.20,-6.46%
NASDAQ:HBT,2 Oct 2025,$24.23,3,$29.50,7,,$32.57,-25.62%,,,,,-100.00%,-$2.00,-106.14%,-$2.00,-106.14%,HBT,NASDAQ:HBT,-2.000,,
NYSE:HCA,13 Apr 2026,$417.60,2,$551.50,1,,$417.07,0.13%,,,,,-100.00%,-$2.00,-100.48%,-$2.00,-100.48%,HCA,NYSE:HCA,-2.000,,
NYSE:HCC,11 Dec 2025,$71.17,3,,,,$81.23,-12.38%,,,,$84.32,3.80%,$0.00,-100.00%,$0.00,-100.00%,HCC,NYSE:HCC,0.440,$104.83,
NASDAQ:HCKT,16 Feb 2026,$21.62,3,$27.00,4,,$10.89,98.54%,,,,,-100.00%,-$2.00,-118.37%,-$2.00,-118.37%,HCKT,NASDAQ:HCKT,-2.000,,
NASDAQ:HCSG,20 Dec 2023,$15.43,3,,,,$24.62,-37.33%,,,,,-100.00%,-$2.00,-108.12%,-$2.00,-108.12%,HCSG,NASDAQ:HCSG,-2.000,,
NASDAQ:HCTI,11 Jul 2025,$0.04,3,,,,$1.95,-98.21%,,,,$1.87,-4.10%,$0.00,-100.00%,$0.00,-100.00%,HCTI,NASDAQ:HCTI,-0.498,$5.00,
NYSE:HDB,21 Oct 2025,$30.79,2,,,,$27.40,12.39%,,,,,-100.00%,-$2.00,-107.30%,-$2.00,-107.30%,HDB,NYSE:HDB,-2.000,,
NYSE:HE,18 Nov 2025,$12.33,3,$11.13,7,,$13.42,-17.06%,,,,$13.69,2.01%,-$18.01,-234.21%,$0.36,-97.30%,HE,NYSE:HE,-0.067,$13.75,-19.05%
NYSE:HEI,2 May 2025,$235.97,3,$274.82,7,,$365.31,-35.41%,,,,$373.05,2.12%,$0.00,-100.00%,$0.00,-100.00%,HEI,NYSE:HEI,0.087,$354.11,-22.39%
NYSE:HEI.A,5 May 2025,$186.04,3,,,,$262.63,-29.16%,,,,$270.49,2.99%,$0.00,-100.00%,$0.00,-100.00%,HEI.A,NYSE:HEI.A,0.120,$280.00,
NASDAQ:HELE,3 Nov 2023,$131.05,4,,,,$27.53,376.02%,,,,$27.79,0.94%,-$4.55,-116.52%,$24.60,-10.64%,HELE,NASDAQ:HELE,-0.272,$24.67,
NASDAQ:HFWA,19 Jun 2026,$30.72,3,$32.00,4,,$29.81,3.05%,3.05%,$30.72,$32.00,,-100.00%,-$2.00,-106.71%,-$2.00,-106.71%,HFWA,NASDAQ:HFWA,-2.000,,
NYSE:HG,9 Sep 2025,$24.44,3,$25.43,7,,$34.47,-29.09%,,,,,-100.00%,-$2.00,-105.80%,-$2.00,-105.80%,HG,NYSE:HG,-2.000,,
NYSE:HI,6 Nov 2025,$42.28,5,$32.00,7,,#N/A,#N/A,,,,,#N/A,-$2.00,#N/A,-$2.00,#N/A,HI,NYSE:HI,-2.000,,
NASDAQ:HIFS,10 Oct 2025,$271.84,3,,7,,$302.39,-10.10%,,,,$311.13,2.89%,$0.00,-100.00%,$0.00,-100.00%,HIFS,NASDAQ:HIFS,-0.387,,
NYSE:HIMS,20 Aug 2025,$35.82,2,,,,$38.28,-6.42%,,,,,-100.00%,-$2.00,-105.22%,-$2.00,-105.22%,HIMS,NYSE:HIMS,-2.000,,
NASDAQ:HIMX,16 Feb 2026,$9.25,5,,,,$14.31,-35.35%,,,,,-100.00%,-$2.00,-113.98%,-$2.00,-113.98%,HIMX,NASDAQ:HIMX,-2.000,,
NYSE:HLIO,6 Nov 2025,$52.24,3,,,,$82.50,-36.68%,,,,,-100.00%,-$2.00,-102.42%,-$2.00,-102.42%,HLIO,NYSE:HLIO,-2.000,,
NASDAQ:HLIT,5 Feb 2026,$11.73,3,$13.00,5,,$13.95,-15.88%,,,,,-100.00%,-$2.00,-114.34%,-$2.00,-114.34%,HLIT,NASDAQ:HLIT,-2.000,,
NASDAQ:HLMN,25 Jul 2023,$11.24,3,,,,$7.95,41.42%,,,,,-100.00%,-$2.00,-125.16%,-$2.00,-125.16%,HLMN,NASDAQ:HLMN,-2.000,,
NYSE:HMC,26 Mar 2026,$30.58,5,,5,,$29.63,3.22%,,,,$28.93,-2.36%,-$21.79,-173.54%,$14.20,-52.07%,HMC,NYSE:HMC,0.119,$28.28,
NYSE:HNI,8 Jan 2025,$45.54,2,,,,$41.36,10.10%,,,,,-100.00%,-$2.00,-104.84%,-$2.00,-104.84%,HNI,NYSE:HNI,-2.000,,
NASDAQ:HNRG,16 Dec 2024,$15.00,3,,8,,$16.48,-8.98%,,,,,-100.00%,-$2.00,-112.14%,-$2.00,-112.14%,HNRG,NASDAQ:HNRG,-2.000,,
NYSE:HOMB,2 Oct 2025,$27.30,2,$32.17,6,,$28.74,-5.02%,,,,$29.69,3.31%,$0.00,-100.00%,$0.00,-100.00%,HOMB,NYSE:HOMB,0.132,$31.29,2.81%
NASDAQ:HON,2 Jul 2026,,1,$446.29,9,2.65,$231.18,93.05%,93.05%,$446.29,$446.29,$235.41,1.83%,$0.00,-100.00%,$0.00,-100.00%,HON,NASDAQ:HON,0.259,$251.50,77.45%
NASDAQ:HONE,2 Oct 2025,$15.33,3,$13.00,2,,#N/A,#N/A,,,,,#N/A,-$2.00,#N/A,-$2.00,#N/A,HONE,NASDAQ:HONE,-2.000,,
NASDAQ:HOOD,2 Sep 2025,$86.65,2,$113.71,7,,$117.55,-26.29%,,,,$122.76,4.43%,$0.00,-100.00%,$0.00,-100.00%,HOOD,NASDAQ:HOOD,0.247,$98.44,15.51%
NASDAQ:HOPE,2 Oct 2025,$14.53,4,$13.00,4,,$13.53,-3.92%,,,,,-100.00%,-$2.00,-114.78%,-$2.00,-114.78%,HOPE,NASDAQ:HOPE,-2.000,,
NYSE:HOV,26 Mar 2025,$163.07,3,$125.00,1,,$129.83,-3.72%,,,,$131.17,1.03%,$0.00,-100.00%,$0.00,-100.00%,HOV,NYSE:HOV,-0.361,$74.00,68.92%
NASDAQ:HOVR,12 Dec 2024,$2.00,3,,6,,$1.92,4.17%,,,,$1.91,-0.52%,$0.00,-100.00%,$0.00,-100.00%,HOVR,NASDAQ:HOVR,-0.315,$8.58,
NYSE:HP,22 Jan 2026,$39.81,4,$33.25,5,,$30.53,8.91%,,,,,-100.00%,-$2.00,-106.55%,-$2.00,-106.55%,HP,NYSE:HP,-2.000,,
NYSE:HPE,12 Aug 2025,$26.45,3,,,,$43.15,-38.71%,,,,$45.38,5.17%,$0.00,-100.00%,$0.00,-100.00%,HPE,NYSE:HPE,0.530,$26.43,
NASDAQ:HPK,22 Sep 2025,$12.06,3,$7.00,3,,$6.47,8.19%,,,,,-100.00%,-$2.00,-130.91%,-$2.00,-130.91%,HPK,NASDAQ:HPK,-2.000,,
NYSE:HPQ,30 Mar 2026,$24.72,3,$18.58,2,,$22.60,-17.79%,,,,$21.92,-3.01%,$0.00,-100.00%,$0.00,-100.00%,HPQ,NYSE:HPQ,-0.119,$19.43,-4.37%
NYSE:HRL,6 Nov 2024,$31.61,3,,,,$24.28,30.17%,,,,$24.95,2.76%,$0.00,-100.00%,$0.00,-100.00%,HRL,NYSE:HRL,-0.082,$26.75,
NASDAQ:HSAI,1 Sep 2025,$21.70,3,$27.74,9,,$17.47,24.21%,,,,,-100.00%,-$2.00,-111.45%,-$2.00,-111.45%,HSAI,NASDAQ:HSAI,-2.000,,
NYSE:HSBC,19 Aug 2025,$64.63,3,,,,$98.74,-34.55%,,,,,-100.00%,-$2.00,-102.03%,-$2.00,-102.03%,HSBC,NYSE:HSBC,-2.000,,
NASDAQ:HSIC,20 Aug 2025,$69.76,3,,,,$86.62,-19.47%,,,,,-100.00%,-$2.00,-102.31%,-$2.00,-102.31%,HSIC,NASDAQ:HSIC,-2.000,,
NASDAQ:HSII,15 Dec 2025,$59.01,1,,1,,#N/A,#N/A,,,,,#N/A,-$2.00,#N/A,-$2.00,#N/A,HSII,NASDAQ:HSII,-2.000,,
NASDAQ:HST,20 Apr 2026,$19.63,3,$21.71,6,,$23.25,-15.58%,,,,$24.17,3.96%,$47.92,106.12%,$68.24,193.50%,HST,NASDAQ:HST,0.406,$22.25,-2.43%
NYSE:HTB,19 Nov 2025,$38.55,3,,,,$49.41,-21.98%,,,,,-100.00%,-$2.00,-104.05%,-$2.00,-104.05%,HTB,NYSE:HTB,-2.000,,
NASDAQ:HTBK,13 Apr 2026,$12.56,3,$15.00,6,,#N/A,#N/A,,,,,#N/A,-$2.00,#N/A,-$2.00,#N/A,HTBK,NASDAQ:HTBK,-2.000,,
NASDAQ:HTZ,22 Dec 2023,$16.71,3,,,,$2.05,715.12%,,,,,-100.00%,-$2.00,-197.56%,-$2.00,-197.56%,HTZ,NASDAQ:HTZ,-2.000,,
NYSE:HUBS,8 Jul 2024,$562.84,3,,,,$193.84,190.36%,,,,,-100.00%,-$2.00,-101.03%,-$2.00,-101.03%,HUBS,NYSE:HUBS,-2.000,,
NYSE:HUYA,26 Aug 2025,$4.89,4,$5.00,7,,$2.41,102.86%,,,,,-100.00%,-$2.00,-182.99%,-$2.00,-182.99%,HUYA,NYSE:HUYA,-2.000,,
NYSE:HVT,20 Mar 2026,$26.93,4,,4,,$25.05,7.49%,,,,$24.81,-0.96%,$22.72,-9.30%,$38.16,52.32%,HVT,NYSE:HVT,-0.551,$30.00,
NASDAQ:HWC,10 Oct 2025,$58.42,2,,,,$75.05,-22.16%,,,,,-100.00%,-$2.00,-102.66%,-$2.00,-102.66%,HWC,NASDAQ:HWC,-2.000,,
NYSE:HWM,3 Sep 2025,$148.98,2,,,,$277.91,-46.39%,,,,,-100.00%,-$2.00,-100.72%,-$2.00,-100.72%,HWM,NYSE:HWM,-2.000,,
NASDAQ:IART,11 Dec 2025,$22.26,3,$12.33,2,,$18.18,-32.18%,,,,,-100.00%,-$2.00,-111.00%,-$2.00,-111.00%,IART,NASDAQ:IART,-2.000,,
NASDAQ:IBEX,30 Jan 2026,$37.25,3,$41.00,9,,$32.62,14.19%,,,,,-100.00%,-$2.00,-106.13%,-$2.00,-106.13%,IBEX,NASDAQ:IBEX,-2.000,,
NASDAQ:IBKR,23 Aug 2025,$51.95,1,$67.92,10,,$95.99,-45.88%,,,,,-100.00%,-$2.00,-102.08%,-$2.00,-102.08%,IBKR,NASDAQ:IBKR,-2.000,,
NYSE:IBM,27 Jan 2026,$263.05,1,$321.27,10,,$299.52,-12.18%,,,,,-100.00%,-$2.00,-100.67%,-$2.00,-100.67%,IBM,NYSE:IBM,-2.000,,
NYSE:IBN,2 Oct 2025,$29.15,3,,3,,$30.08,-3.09%,,,,$29.17,-3.03%,$0.00,-100.00%,$0.00,-100.00%,IBN,NYSE:IBN,-0.507,$35.38,
NASDAQ:IBOC,1 Jun 2026,$77.76,3,,4,,$76.11,2.17%,,,,,-100.00%,-$2.00,-102.63%,-$2.00,-102.63%,IBOC,NASDAQ:IBOC,-2.000,,
NYSE:IBP,7 Jan 2025,$148.52,2,$231.00,6,,$225.74,-34.21%,,,,,-100.00%,-$2.00,-100.89%,-$2.00,-100.89%,IBP,NYSE:IBP,-2.000,,
NYSE:ICE,24 Oct 2025,$156.00,3,,,,$134.91,15.63%,,,,$129.12,-4.29%,$0.00,-100.00%,$0.00,-100.00%,ICE,NYSE:ICE,-0.307,$200.67,
NASDAQ:ICHR,2 Jan 2026,$31.56,3,$24.80,2,,$95.67,-74.08%,,,,$115.68,20.92%,$0.00,-100.00%,$0.00,-100.00%,ICHR,NASDAQ:ICHR,0.221,$50.43,-50.82%
NASDAQ:ICON,23 Jan 2026,$3.43,3,$2.00,,,$0.92,117.39%,,,,,-100.00%,-$2.00,-317.39%,-$2.00,-317.39%,ICON,NASDAQ:ICON,-2.000,,
NYSE:IDA,18 Sep 2025,$114.64,2,,,,$151.09,-24.13%,,,,$158.90,5.17%,$0.00,-100.00%,$0.00,-100.00%,IDA,NYSE:IDA,0.346,$154.56,
NASDAQ:IDCC,21 Jan 2026,$317.69,3,,,,$282.89,12.30%,,,,$274.56,-2.94%,$0.00,-100.00%,$0.00,-100.00%,IDCC,NASDAQ:IDCC,-0.680,$462.67,
NASDAQ:IEP,22 Nov 2023,$27.45,3,,,,$7.26,278.04%,,,,,-100.00%,-$2.00,-127.55%,-$2.00,-127.55%,IEP,NASDAQ:IEP,-2.000,,
NASDAQ:IESC,23 Aug 2025,$257.92,2,,,,$670.79,-61.55%,,,,,-100.00%,-$2.00,-100.30%,-$2.00,-100.30%,IESC,NASDAQ:IESC,-2.000,,
NYSE:IEX,28 Oct 2025,$189.30,3,$194.86,8,,$224.46,-15.66%,,,,$232.25,3.47%,$0.00,-100.00%,$0.00,-100.00%,IEX,NYSE:IEX,0.289,$236.64,-17.66%
NYSE:IFS,27 May 2026,$48.43,3,$61.50,9,,$59.03,-17.96%,,,,,-100.00%,-$2.00,-103.39%,-$2.00,-103.39%,IFS,NYSE:IFS,-2.000,,
NASDAQ:IGIC,23 Jun 2026,$24.69,3,,,,$27.90,-11.51%,-11.51%,$24.69,$24.69,,-100.00%,-$2.00,-107.17%,-$2.00,-107.17%,IGIC,NASDAQ:IGIC,-2.000,,
NYSE:IHS,4 Mar 2026,$6.80,2,$8.50,7,,$8.26,-17.68%,,,,,-100.00%,-$2.00,-124.21%,-$2.00,-124.21%,IHS,NYSE:IHS,-2.000,,
NASDAQ:III,5 Feb 2026,$5.27,3,$6.50,8,,$4.10,28.61%,,,,,-100.00%,-$2.00,-148.78%,-$2.00,-148.78%,III,NASDAQ:III,-2.000,,
NASDAQ:IMKTA,19 Mar 2026,$96.09,3,,5,,$90.52,6.15%,,,,,-100.00%,-$2.00,-102.21%,-$2.00,-102.21%,IMKTA,NASDAQ:IMKTA,-2.000,,
NASDAQ:IMMP,15 Dec 2025,$2.06,3,$12.00,7,,$0.44,368.73%,,,,,-100.00%,-$2.00,-554.55%,-$2.00,-554.55%,IMMP,NASDAQ:IMMP,-2.000,,
NYSEAMERICAN:IMO,24 Oct 2025,$89.93,1,,,,$112.83,-20.30%,,,,$117.12,3.80%,$0.00,-100.00%,$0.00,-100.00%,IMO,NYSEAMERICAN:IMO,0.425,$96.42,
NASDAQ:IMOS,28 Jan 2026,$41.27,3,,6,,$72.53,-43.09%,,,,,-100.00%,-$2.00,-102.76%,-$2.00,-102.76%,IMOS,NASDAQ:IMOS,-2.000,,
NASDAQ:IMPP,16 Feb 2026,$3.71,3,$6.00,7,,$4.86,-23.59%,,,,,-100.00%,-$2.00,-141.15%,-$2.00,-141.15%,IMPP,NASDAQ:IMPP,-2.000,,
NASDAQ:IMRN,15 Dec 2025,$1.93,4,,,,$1.12,72.45%,,,,,-100.00%,-$2.00,-278.57%,-$2.00,-278.57%,IMRN,NASDAQ:IMRN,-2.000,,
NASDAQ:IMXI,14 Feb 2026,$28.35,3,,3,,$14.17,100.07%,,,,,-100.00%,-$2.00,-114.11%,-$2.00,-114.11%,IMXI,NASDAQ:IMXI,-2.000,,
NASDAQ:INDB,20 Mar 2026,$77.46,3,$86.67,6,,$84.72,-8.57%,,,,$86.97,2.66%,$0.00,-100.00%,$0.00,-100.00%,INDB,NASDAQ:INDB,0.048,$90.17,-3.88%
NASDAQ:INDI,16 Feb 2026,$5.81,4,$8.00,5,,$4.63,25.41%,,,,,-100.00%,-$2.00,-143.20%,-$2.00,-143.20%,INDI,NASDAQ:INDI,-2.000,,
NYSE:ING,27 Aug 2025,$23.00,3,,,,$32.96,-30.22%,,,,,-100.00%,-$2.00,-106.07%,-$2.00,-106.07%,ING,NYSE:ING,-2.000,,
NYSE:INGM,22 Feb 2026,$26.24,5,,,,$26.27,-0.11%,,,,$25.82,-1.71%,$0.00,-100.00%,$0.00,-100.00%,INGM,NYSE:INGM,-0.208,$31.35,
NASDAQ:INGN,11 Dec 2025,$9.54,4,$13.00,6,,$6.67,43.09%,,,,,-100.00%,-$2.00,-129.99%,-$2.00,-129.99%,INGN,NASDAQ:INGN,-2.000,,
NYSE:INGR,26 Aug 2025,$23.71,3,,,,$99.29,-76.12%,,,,$95.89,-3.42%,$0.00,-100.00%,$0.00,-100.00%,INGR,NYSE:INGR,-0.447,$127.67,
NASDAQ:INOD,26 Jan 2026,$55.24,3,,,,$73.12,-24.45%,,,,,-100.00%,-$2.00,-102.74%,-$2.00,-102.74%,INOD,NASDAQ:INOD,-2.000,,
NASDAQ:INSG,5 Feb 2026,$12.35,3,,,,$8.57,44.13%,,,,,-100.00%,-$2.00,-123.34%,-$2.00,-123.34%,INSG,NASDAQ:INSG,-2.000,,
NYSE:INSP,4 Dec 2025,$192.39,3,$117.67,8,,$49.45,137.96%,,,,,-100.00%,-$2.00,-104.04%,-$2.00,-104.04%,INSP,NYSE:INSP,-2.000,,
NASDAQ:INTA,22 Jan 2026,$50.05,3,$50.05,6,,$27.60,81.34%,,,,,-100.00%,-$2.00,-107.25%,-$2.00,-107.25%,INTA,NASDAQ:INTA,-2.000,,
NASDAQ:INTC,19 Jan 2026,$31.91,1,$42.36,6,,$122.20,-73.89%,,,,,-100.00%,-$2.00,-101.64%,-$2.00,-101.64%,INTC,NASDAQ:INTC,-2.000,,
NASDAQ:INTR,24 Jun 2026,$6.34,4,$8.60,7,3.40,$5.69,11.42%,11.42%,$6.34,$10.44,$5.50,-3.34%,-$3.47,-161.01%,-$0.50,-108.75%,INTR,NASDAQ:INTR,-0.064,$10.44,-17.62%
NYSE:INVH,16 Sep 2025,$35.78,5,$35.79,1,,$30.02,19.20%,,,,$30.42,1.33%,$0.00,-100.00%,$0.00,-100.00%,INVH,NYSE:INVH,-0.259,$31.14,14.93%
NYSE:IONQ,23 Dec 2025,$39.58,3,$75.91,9,,$48.87,-19.01%,,,,,-100.00%,-$2.00,-104.09%,-$2.00,-104.09%,IONQ,NYSE:IONQ,-2.000,,
NYSE:IP,10 Jul 2025,$49.22,3,$190.70,,,$38.58,#REF!,,,,$38.10,-1.24%,$19.60,-49.19%,$86.06,123.07%,IP,NYSE:IP,-0.185,$43.43,339.10%
NASDAQ:IPGP,4 Feb 2026,$89.57,3,,,,$104.70,-14.45%,,,,$117.56,12.28%,$0.00,-100.00%,$0.00,-100.00%,IPGP,NASDAQ:IPGP,0.191,$144.75,
NASDAQ:IPWR,9 Feb 2026,$5.25,3,,4,,$4.95,6.06%,,,,,-100.00%,-$2.00,-140.40%,-$2.00,-140.40%,IPWR,NASDAQ:IPWR,-2.000,,
NASDAQ:IQ,29 Nov 2024,$3.18,3,,,,$1.07,197.01%,,,,,-100.00%,-$2.00,-286.92%,-$2.00,-286.92%,IQ,NASDAQ:IQ,-2.000,,
NYSE:IR,11 Nov 2025,$79.48,3,$87.67,6,,$80.63,-1.43%,,,,,-100.00%,-$2.00,-102.48%,-$2.00,-102.48%,IR,NYSE:IR,-2.000,,
NASDAQ:IREN,11 Dec 2025,$45.06,3,$84.00,6,,$43.91,2.62%,,,,,-100.00%,-$2.00,-104.55%,-$2.00,-104.55%,IREN,NASDAQ:IREN,-2.000,,
NYSE:IRM,19 Aug 2025,$97.43,3,$116.80,3,,$116.38,-16.28%,,,,$125.71,8.02%,$0.00,-100.00%,$0.00,-100.00%,IRM,NYSE:IRM,0.281,$128.55,-9.14%
NASDAQ:IRMD,4 Dec 2025,$84.32,3,$99.00,8,,$102.30,-17.58%,,,,$97.16,-5.02%,$0.00,-100.00%,$0.00,-100.00%,IRMD,NASDAQ:IRMD,-0.360,$118.67,-16.58%
NYSE:IRS,13 Mar 2026,$17.95,5,$23.00,6,,$16.10,11.49%,,,,$15.71,-2.42%,"-$7,385.75",-45974.20%,"-$19,310.36",-120040.10%,IRS,NYSE:IRS,-0.064,$21.33,7.83%
NASDAQ:IRTC,11 Dec 2025,$121.66,2,$220.38,6,,$126.03,-3.47%,,,,,-100.00%,-$2.00,-101.59%,-$2.00,-101.59%,IRTC,NASDAQ:IRTC,-2.000,,
NASDAQ:ISRG,19 Jul 2024,$316.11,1,,,,$432.83,-26.97%,,,,$405.88,-6.23%,$0.00,-100.00%,$0.00,-100.00%,ISRG,NASDAQ:ISRG,-0.500,$577.01,
NASDAQ:ISTR,1 Jun 2026,$27.26,3,$31.50,6,,$29.23,-6.75%,,,,$31.00,6.06%,$0.00,-100.00%,$0.00,-100.00%,ISTR,NASDAQ:ISTR,0.042,$33.17,-5.03%
NYSE:IT,25 Feb 2026,$197.67,3,187,2,,$135.11,41.14%,,,,,-100.00%,-$2.00,-101.48%,-$2.00,-101.48%,IT,NYSE:IT,-2.000,,
NYSE:ITGR,11 Dec 2025,$113.99,3,$91.50,2,,$93.40,-2.03%,,,,$94.26,0.92%,$0.00,-100.00%,$0.00,-100.00%,ITGR,NYSE:ITGR,-0.387,$95.00,-3.68%
NASDAQ:ITIC,29 Jan 2025,$206.10,3,,7,,$281.46,-26.78%,,,,,-100.00%,-$2.00,-100.71%,-$2.00,-100.71%,ITIC,NASDAQ:ITIC,-2.000,,
NASDAQ:ITRI,21 May 2026,$114.84,5,$126.20,4,,$86.74,32.39%,,,,$89.26,2.91%,$181.32,109.04%,$185.26,113.58%,ITRI,NASDAQ:ITRI,0.439,$135.00,-6.52%
NASDAQ:ITRN,18 Feb 2026,$47.36,3,$50.00,8,,$57.94,-18.25%,,,,,-100.00%,-$2.00,-103.45%,-$2.00,-103.45%,ITRN,NASDAQ:ITRN,-2.000,,
NYSE:ITT,16 Feb 2026,$184.72,1,$225.86,10,,$190.07,-2.81%,,,,,-100.00%,-$2.00,-101.05%,-$2.00,-101.05%,ITT,NYSE:ITT,-2.000,,
NYSE:ITUB,10 Mar 2026,$7.88,3,$9.00,9,,$8.29,-4.95%,,,,,-100.00%,-$2.00,-124.13%,-$2.00,-124.13%,ITUB,NYSE:ITUB,-2.000,,
NYSE:ITW,11 Nov 2025,$245.17,2,$257.11,6,,$274.27,-10.61%,,,,$279.86,2.04%,$0.00,-100.00%,$0.00,-100.00%,ITW,NYSE:ITW,0.312,$276.12,-6.88%
NYSE:IX,11 Dec 2025,$27.24,3,,5,,$39.85,-31.64%,,,,$40.35,1.25%,$94.34,136.73%,$64.61,62.15%,IX,NYSE:IX,0.279,$34.66,
NASDAQ:IXHL,11 Dec 2025,$0.76,3,,,,$3.99,-81.08%,,,,,-100.00%,-$2.00,-150.13%,-$2.00,-150.13%,IXHL,NASDAQ:IXHL,-2.000,,
NYSE:JBGS,23 Dec 2025,$16.92,3,$17.50,1,,$15.31,10.54%,,,,,-100.00%,-$2.00,-113.06%,-$2.00,-113.06%,JBGS,NYSE:JBGS,-2.000,,
NYSE:JBTM,28 Oct 2025,$114.25,3,,,,$148.05,-22.83%,,,,,-100.00%,-$2.00,-101.35%,-$2.00,-101.35%,JBTM,NYSE:JBTM,-2.000,,
NYSE:JCI,4 Jan 2026,$97.19,1,$128.78,9,,$142.72,-31.90%,,,,,-100.00%,-$2.00,-101.40%,-$2.00,-101.40%,JCI,NYSE:JCI,-2.000,,
NASDAQ:JD,1 Apr 2026,$43.40,3,$34.69,3,,$26.78,29.54%,,,,$25.68,-4.11%,$150.05,460.30%,$151.96,467.42%,JD,NASDAQ:JD,-0.800,$39.77,-12.77%
NYSE:JEF,23 Aug 2025,$58.78,3,,,,$54.84,7.19%,,,,$55.40,1.02%,$0.00,-100.00%,$0.00,-100.00%,JEF,NYSE:JEF,0.449,$54.00,
NYSE:JELD,25 Oct 2024,$18.28,3,,,,$1.27,1339.06%,,,,$1.42,11.81%,-$17.86,-1506.12%,-$0.03,-102.73%,JELD,NYSE:JELD,-0.178,$2.19,
NASDAQ:JFIN,1 Sep 2025,$12.96,3,,7,,$2.96,337.80%,,,,,-100.00%,-$2.00,-167.57%,-$2.00,-167.57%,JFIN,NASDAQ:JFIN,-2.000,,
NYSE:JHX,22 Aug 2025,$30.58,3,$26.94,8,,$25.62,5.15%,,,,,-100.00%,-$2.00,-107.81%,-$2.00,-107.81%,JHX,NYSE:JHX,-2.000,,
NYSE:JILL,3 Jan 2025,$36.04,3,$36.67,6,,$15.79,128.23%,,,,$16.24,2.85%,$0.00,-100.00%,$0.00,-100.00%,JILL,NYSE:JILL,-0.188,$14.50,152.90%
NASDAQ:JJSF,31 Jan 2025,$136.25,3,$200.00,3,,$75.80,79.75%,,,,,-100.00%,-$2.00,-102.64%,-$2.00,-102.64%,JJSF,NASDAQ:JJSF,-2.000,,
NASDAQ:JKHY,27 Jan 2026,$182.29,3,,,,$146.38,24.53%,,,,,-100.00%,-$2.00,-101.37%,-$2.00,-101.37%,JKHY,NASDAQ:JKHY,-2.000,,
NYSE:JKS,9 Feb 2026,$25.42,3,$23.33,6,,$15.97,46.09%,,,,,-100.00%,-$2.00,-112.52%,-$2.00,-112.52%,JKS,NYSE:JKS,-2.000,,
NYSE:JOBY,7 Jul 2025,$8.26,2,,,,$8.92,-7.44%,,,,,-100.00%,-$2.00,-122.42%,-$2.00,-122.42%,JOBY,NYSE:JOBY,-2.000,,
NYSE:JOE,4 Sep 2025,$58.64,3,,4,,$60.72,-3.43%,,,,$61.69,1.60%,$0.00,-100.00%,$0.00,-100.00%,JOE,NYSE:JOE,-0.048,$19.00,
NYSE:KAI,11 Nov 2025,$276.48,3,$360.00,2,,$313.66,-11.85%,,,,,-100.00%,-$2.00,-100.64%,-$2.00,-100.64%,KAI,NYSE:KAI,-2.000,,
NASDAQ:KALU,23 Jun 2026,$168.39,3,$161.67,6,3.37,$178.93,-9.65%,-9.65%,$161.67,$168.39,$196.53,9.84%,$0.00,-100.00%,$0.00,-100.00%,KALU,NASDAQ:KALU,0.619,$165.25,-2.17%
NASDAQ:KARO,23 Aug 2025,$42.41,2,,,,$56.32,-24.70%,,,,,-100.00%,-$2.00,-103.55%,-$2.00,-103.55%,KARO,NASDAQ:KARO,-2.000,,
NYSE:KB,19 Nov 2025,$83.35,3,,,,$113.91,-26.83%,,,,,-100.00%,-$2.00,-101.76%,-$2.00,-101.76%,KB,NYSE:KB,-2.000,,
NYSE:KBH,27 Apr 2026,$73.02,5,$56.73,6,,$59.78,-5.10%,,,,$62.49,4.53%,$0.00,-100.00%,$0.00,-100.00%,KBH,NYSE:KBH,0.060,$55.46,2.29%
NYSE:KD,9 Feb 2026,$28.74,3,$34.00,5,,$12.28,134.04%,,,,,-100.00%,-$2.00,-116.29%,-$2.00,-116.29%,KD,NYSE:KD,-2.000,,
NASDAQ:KDP,19 Jun 2026,$36.23,3,$31.83,9,3.07,$31.75,0.25%,0.25%,$31.83,$36.23,$34.35,8.19%,$0.00,-100.00%,$0.00,-100.00%,KDP,NASDAQ:KDP,0.039,$33.25,-4.27%
NYSE:KEP,23 Dec 2025,$17.51,3,$20.00,4,,$12.74,37.44%,,,,,-100.00%,-$2.00,-115.70%,-$2.00,-115.70%,KEP,NYSE:KEP,-2.000,,
NYSE:KEY,20 Mar 2026,$21.47,3,$24.04,3,,$23.43,-8.37%,,,,$23.16,-1.15%,$0.00,-100.00%,$0.00,-100.00%,KEY,NYSE:KEY,-0.052,$24.76,-2.91%
NYSE:KGC,14 Aug 2025,$8.59,1,,,,$24.72,-65.25%,,,,$25.54,3.32%,$0.00,-100.00%,$0.00,-100.00%,KGC,NYSE:KGC,0.364,$40.55,
NASDAQ:KIDS,11 Dec 2025,$25.39,3,$24.00,6,,$20.45,17.36%,,,,,-100.00%,-$2.00,-109.78%,-$2.00,-109.78%,KIDS,NASDAQ:KIDS,-2.000,,
NYSE:KIM,19 Sep 2025,$25.08,5,$24.84,7,,$25.05,-0.84%,,,,$26.28,4.91%,$0.00,-100.00%,$0.00,-100.00%,KIM,NYSE:KIM,0.608,$25.22,-1.51%
NASDAQ:KLAC,4 Jan 2026,"$1,084.54",2,"$1,372.72",8,,$233.31,364.85%,,,,$276.01,18.30%,$0.00,-100.00%,$0.00,-100.00%,KLAC,NASDAQ:KLAC,0.525,"$1,814.28",-24.34%
NYSE:KLC,14 Jan 2026,$8.03,3,$5.70,3,,$4.93,15.62%,,,,,-100.00%,-$2.00,-140.57%,-$2.00,-140.57%,KLC,NYSE:KLC,-2.000,,
NASDAQ:KLIC,23 Aug 2025,$42.70,3,,,,$119.61,-64.30%,,,,,-100.00%,-$2.00,-101.67%,-$2.00,-101.67%,KLIC,NASDAQ:KLIC,-2.000,,
NYSE:KMT,26 Aug 2025,$29.15,5,$22.25,5,,$34.22,-34.98%,,,,,-100.00%,-$2.00,-105.84%,-$2.00,-105.84%,KMT,NYSE:KMT,-2.000,,
NYSE:KN,2 Feb 2026,$24.86,3,,,,$36.77,-32.39%,,,,$37.16,1.06%,$0.00,-100.00%,$0.00,-100.00%,KN,NYSE:KN,-0.058,$36.25,
NYSE:KOF,16 Jun 2026,$111.51,3,$115.00,5,,$108.08,3.17%,3.17%,$111.51,$115.00,,-100.00%,-$2.00,-101.85%,-$2.00,-101.85%,KOF,NYSE:KOF,-2.000,,
NASDAQ:KOPN,16 Feb 2026,$2.24,3,,6,,$4.13,-45.67%,,,,,-100.00%,-$2.00,-148.43%,-$2.00,-148.43%,KOPN,NASDAQ:KOPN,-2.000,,
NYSE:KR,2 Jan 2026,$62.39,3,,,,$58.25,7.11%,,,,$57.38,-1.49%,$0.00,-100.00%,$0.00,-100.00%,KR,NYSE:KR,-0.017,$75.45,
NASDAQ:KRNT,6 Nov 2025,$18.46,3,$23.50,4,,$15.50,19.10%,,,,,-100.00%,-$2.00,-112.90%,-$2.00,-112.90%,KRNT,NASDAQ:KRNT,-2.000,,
NASDAQ:KRT,16 Sep 2025,$27.50,4,$31.50,2,,$34.79,-20.95%,,,,,-100.00%,-$2.00,-105.75%,-$2.00,-105.75%,KRT,NASDAQ:KRT,-2.000,,
NASDAQ:KSPI,11 Feb 2026,$112.77,3,$92.50,6,,$90.19,2.56%,,,,,-100.00%,-$2.00,-102.22%,-$2.00,-102.22%,KSPI,NASDAQ:KSPI,-2.000,,
NYSE:KSS,25 Jul 2023,$47.54,3,,,,$16.90,181.32%,,,,$18.20,7.69%,$0.00,-100.00%,$0.00,-100.00%,KSS,NYSE:KSS,-0.055,$17.46,
NYSEAMERICAN:KULR,4 Feb 2026,,,$3.36,1,,$3.92,-14.29%,,,,,-100.00%,-$2.00,-151.02%,-$2.00,-151.02%,KULR,NYSEAMERICAN:KULR,-2.000,,
NYSE:KVUE,14 Aug 2025,$22.53,4,$23.83,8,,$19.56,15.18%,,,,,-100.00%,-$2.00,-110.22%,-$2.00,-110.22%,KVUE,NYSE:KVUE,-2.000,,
NYSE:KVYO,22 Jan 2026,$29.82,3,$42.31,7,,$17.00,75.43%,,,,,-100.00%,-$2.00,-111.76%,-$2.00,-111.76%,KVYO,NYSE:KVYO,-2.000,,
NYSE:KWR,7 Dec 2023,$246.30,3,,,,$159.43,54.48%,,,,$167.18,4.86%,$0.00,-100.00%,$0.00,-100.00%,KWR,NYSE:KWR,0.249,$170.33,
NASDAQ:LAB,11 Dec 2025,$2.34,3,$1.35,8,,$0.89,51.69%,,,,,-100.00%,-$2.00,-324.72%,-$2.00,-324.72%,LAB,NASDAQ:LAB,-2.000,,
NYSE:LAC,2 Sep 2025,$4.84,5,$4.00,4,,$3.82,4.71%,,,,,-100.00%,-$2.00,-152.36%,-$2.00,-152.36%,LAC,NYSE:LAC,-2.000,,
NYSE:LAD,6 Feb 2026,$430.33,5,$385.50,5,,$309.02,24.75%,,,,$270.53,-12.46%,$0.00,-100.00%,$0.00,-100.00%,LAD,NYSE:LAD,-0.991,$372.07,3.61%
NASDAQ:LAKE,31 Dec 2025,$12.09,4,$18.50,6,,$12.13,-0.33%,,,,$12.67,4.45%,$0.00,-100.00%,$0.00,-100.00%,LAKE,NASDAQ:LAKE,0.120,$14.00,32.14%
NASDAQ:LAMR,16 Sep 2025,$136.02,4,$129.00,9,,$158.01,-18.36%,,,,,-100.00%,-$2.00,-101.27%,-$2.00,-101.27%,LAMR,NASDAQ:LAMR,-2.000,,
NASDAQ:LASR,27 Jan 2026,$28.42,2,,,,$65.30,-56.48%,,,,,-100.00%,-$2.00,-103.06%,-$2.00,-103.06%,LASR,NASDAQ:LASR,-2.000,,
NASDAQ:LAUR,15 Oct 2025,$28.37,2,,,,$39.59,-28.34%,,,,,-100.00%,-$2.00,-105.05%,-$2.00,-105.05%,LAUR,NASDAQ:LAUR,-2.000,,
NYSE:LB,26 Aug 2025,$40.37,2,,,,$74.90,-46.11%,,,,,-100.00%,-$2.00,-102.67%,-$2.00,-102.67%,LB,NYSE:LB,-2.000,,
NYSE:LC,16 Mar 2026,$17.29,4,$24.00,6,,#N/A,#N/A,,,,$0.00,#N/A,$0.00,#N/A,$0.00,#N/A,LC,NYSE:LC,-1.000,$23.05,4.12%
NASDAQ:LCID,15 Dec 2025,$16.47,3,$17.00,3,,$6.66,147.24%,,,,$5.96,-10.51%,$0.00,-100.00%,$0.00,-100.00%,LCID,NASDAQ:LCID,-0.462,$12.77,33.12%
NYSE:LDOS,17 Feb 2026,$176.70,3,$202.40,10,,$108.72,62.53%,,,,,-100.00%,-$2.00,-101.84%,-$2.00,-101.84%,LDOS,NYSE:LDOS,-2.000,,
NASDAQ:LECO,31 May 2024,$190.67,3,,,,$262.92,-27.48%,,,,,-100.00%,-$2.00,-100.76%,-$2.00,-100.76%,LECO,NASDAQ:LECO,-2.000,,
NYSE:LEN,21 Feb 2026,$150.73,5,$98.80,4,,$87.65,12.72%,,,,$86.71,-1.07%,$0.00,-100.00%,$0.00,-100.00%,LEN,NYSE:LEN,-0.220,$94.00,5.11%
NYSE:LEN.B,19 Feb 2026,$140.83,5,,,,$85.92,63.91%,,,,$85.23,-0.80%,$0.00,-100.00%,$0.00,-100.00%,LEN.B,NYSE:LEN.B,-0.180,,
NASDAQ:LENZ,15 May 2025,$26.93,3,$47.14,9,,$5.60,380.95%,,,,$5.74,2.50%,$0.96,-82.94%,$0.88,-84.22%,LENZ,NASDAQ:LENZ,-0.566,$39.57,19.13%
NYSEAMERICAN:LEU,23 Dec 2025,$221.63,3,$289.10,9,,$174.23,27.20%,,,,,-100.00%,-$2.00,-101.15%,-$2.00,-101.15%,LEU,NYSE:LEU,-2.000,,
NASDAQ:LFUS,30 Jan 2026,$287.28,3,$366.67,8,,$422.02,-31.93%,,,,,-100.00%,-$2.00,-100.47%,-$2.00,-100.47%,LFUS,NASDAQ:LFUS,-2.000,,
NASDAQ:LFVN,16 Sep 2025,$9.29,3,,,,$6.28,47.93%,,,,,-100.00%,-$2.00,-131.85%,-$2.00,-131.85%,LFVN,NASDAQ:LFVN,-2.000,,
NASDAQ:LFWD,4 Dec 2025,$1.24,3,$4.50,,,$8.74,-85.79%,,,,,-100.00%,-$2.00,-122.88%,-$2.00,-122.88%,LFWD,NASDAQ:LFWD,-2.000,,
NASDAQ:LGHL,1 Sep 2025,$2.89,3,,,,$0.33,776.36%,,,,,-100.00%,-$2.00,-706.06%,-$2.00,-706.06%,LGHL,NASDAQ:LGHL,-2.000,,
NASDAQ:LGIH,10 Apr 2026,$71.78,3,$38.00,3,,$59.74,-36.39%,,,,$59.84,0.17%,$0.00,-100.00%,$0.00,-100.00%,LGIH,NASDAQ:LGIH,-0.363,$67.00,-43.28%
NYSE:LH,19 May 2025,$246.54,3,$276.82,5,,$284.39,-13.31%,,,,$283.42,-0.34%,$0.00,-100.00%,$0.00,-100.00%,LH,NYSE:LH,-0.348,$310.06,-10.72%
NASDAQ:LI,15 Dec 2025,$17.08,1,,1,,$12.02,42.10%,,,,,-100.00%,-$2.00,-116.64%,-$2.00,-116.64%,LI,NASDAQ:LI,-2.000,,
NASDAQ:LIF,22 Jan 2026,$44.97,2,$89.23,1,,$56.73,-20.74%,,,,,-100.00%,-$2.00,-103.53%,-$2.00,-103.53%,LIF,NASDAQ:LIF,-2.000,,
NYSE:LII,26 Aug 2025,$486.80,1,,,,$568.00,-14.30%,,,,,-100.00%,-$2.00,-100.35%,-$2.00,-100.35%,LII,NYSE:LII,-2.000,,
NASDAQ:LIN,8 Jul 2024,$400.00,0,,,,$540.52,-26.00%,,,,,-100.00%,-$2.00,-100.37%,-$2.00,-100.37%,LIN,NASDAQ:LIN,-2.000,,
NASDAQ:LITE,2 Feb 2026,$174.97,1,,,,$731.25,-76.07%,,,,,-100.00%,-$2.00,-100.27%,-$2.00,-100.27%,LITE,NASDAQ:LITE,-2.000,,
NASDAQ:LIVN,11 Dec 2025,$69.34,3,$65.83,9,,$84.03,-21.66%,,,,,-100.00%,-$2.00,-102.38%,-$2.00,-102.38%,LIVN,NASDAQ:LIVN,-2.000,,
NASDAQ:LKFN,19 Nov 2025,$61.67,3,,,,$61.72,-0.08%,,,,$65.34,5.87%,$0.00,-100.00%,$0.00,-100.00%,LKFN,NASDAQ:LKFN,0.096,$65.50,
NASDAQ:LKQ,15 May 2025,$47.72,5,$53.00,8,,$25.99,83.61%,,,,$27.22,4.73%,$0.00,-100.00%,$0.00,-100.00%,LKQ,NASDAQ:LKQ,0.227,$40.81,29.87%
NYSE:LMT,23 Dec 2025,$488.93,3,$524.93,7,,$538.00,-9.12%,,,,,-100.00%,-$2.00,-100.37%,-$2.00,-100.37%,LMT,NYSE:LMT,-2.000,,
NYSE:LOB,18 Nov 2025,$45.74,3,$42.50,4,,$41.80,1.67%,,,,,-100.00%,-$2.00,-104.78%,-$2.00,-104.78%,LOB,NYSE:LOB,-2.000,,
NYSE:LOMA,16 Dec 2025,$12.58,3,,7,,$11.80,6.61%,,,,$11.64,-1.36%,$19.88,68.51%,$27.77,135.34%,LOMA,NYSE:LOMA,-0.096,$14.90,
NASDAQ:LOVE,30 Aug 2023,$33.25,3,,,,$18.04,84.30%,,,,$16.13,-10.59%,$0.00,-100.00%,$0.00,-100.00%,LOVE,NASDAQ:LOVE,-0.520,$24.17,
NASDAQ:LPRO,23 Aug 2025,$2.92,3,$2.58,2,,$3.13,-17.57%,,,,,-100.00%,-$2.00,-163.90%,-$2.00,-163.90%,LPRO,NASDAQ:LPRO,-2.000,,
NASDAQ:LPTH,29 Jan 2026,$6.12,3,$12.67,8,,$14.10,-56.59%,,,,,-100.00%,-$2.00,-114.18%,-$2.00,-114.18%,LPTH,NASDAQ:LPTH,-2.000,,
NYSE:LPX,9 May 2025,$89.40,3,,,,$77.61,15.19%,,,,,-100.00%,-$2.00,-102.58%,-$2.00,-102.58%,LPX,NYSE:LPX,-2.000,,
NASDAQ:LQDT,23 Dec 2025,$37.03,4,$41.00,3,,$38.38,-3.51%,,,,,-100.00%,-$2.00,-105.21%,-$2.00,-105.21%,LQDT,NASDAQ:LQDT,-2.000,,
NASDAQ:LRCX,17 Jul 2024,$725.21,1,,,,$350.20,107.08%,,,,$404.48,15.50%,$0.00,-100.00%,$0.00,-100.00%,LRCX,NASDAQ:LRCX,0.476,$310.47,
NASDAQ:LSCC,19 Jan 2026,$69.35,1,$83.73,10,,$137.31,-49.49%,,,,$129.24,-5.88%,$0.00,-100.00%,$0.00,-100.00%,LSCC,NASDAQ:LSCC,-0.626,$145.00,-42.26%
NYSE:LSPD,11 Sep 2025,$13.68,3,$15.02,6,,$10.63,28.70%,,,,,-100.00%,-$2.00,-118.81%,-$2.00,-118.81%,LSPD,NYSE:LSPD,-2.000,,
NASDAQ:LTBR,25 Aug 2025,$13.94,3,,,,$8.92,56.25%,,,,,-100.00%,-$2.00,-122.42%,-$2.00,-122.42%,LTBR,NASDAQ:LTBR,-2.000,,
NYSE:LTH,15 Aug 2025,$22.60,2,,,,$41.13,-45.04%,,,,$40.17,-2.33%,$22.60,-45.05%,$21.05,-48.82%,LTH,NYSE:LTH,-0.311,$40.00,
NASDAQ:LTRX,5 Feb 2026,$7.76,3,$7.88,9,,$5.61,38.39%,,,,,-100.00%,-$2.00,-135.65%,-$2.00,-135.65%,LTRX,NASDAQ:LTRX,-2.000,,
NYSE:LU,1 Sep 2025,$3.43,3,,4,,$1.42,141.27%,,,,$0.00,-100.00%,$0.00,-100.00%,$0.00,-100.00%,LU,NYSE:LU,-1.000,$2.83,
NASDAQ:LUNG,4 Dec 2025,$3.40,3,$4.10,1,,$1.48,129.73%,,,,$1.39,-6.08%,$0.00,-100.00%,$0.00,-100.00%,LUNG,NASDAQ:LUNG,-0.387,$5.17,-20.70%
NYSE:LUXE,26 Mar 2026,$9.82,3,,,,$7.92,23.93%,,,,$7.74,-2.27%,$0.00,-100.00%,$0.00,-100.00%,LUXE,NYSE:LUXE,-0.316,$10.50,
NASDAQ:LWAY,27 Aug 2025,$25.66,2,,,,$29.64,-13.43%,,,,,-100.00%,-$2.00,-106.75%,-$2.00,-106.75%,LWAY,NASDAQ:LWAY,-2.000,,
NASDAQ:LX,9 Sep 2025,$5.80,3,,7,,$1.87,210.16%,,,,,-100.00%,-$2.00,-206.95%,-$2.00,-206.95%,LX,NASDAQ:LX,-2.000,,
NYSE:LXFR,11 Nov 2025,$12.33,3,,5,,$17.35,-28.96%,,,,$18.95,9.22%,$0.00,-100.00%,$0.00,-100.00%,LXFR,NYSE:LXFR,0.706,$19.00,
NYSE:LXU,22 Jan 2026,$9.49,3,$10.38,3,,$10.77,-11.89%,,,,$10.71,-0.56%,$0.00,-100.00%,$0.00,-100.00%,LXU,NYSE:LXU,-0.024,$14.90,-30.34%
NYSE:LYG,10 Mar 2026,$4.90,3,,5,,$6.17,-20.58%,,,,,-100.00%,-$2.00,-132.41%,-$2.00,-132.41%,LYG,NYSE:LYG,-2.000,,
NASDAQ:LYTS,5 Feb 2026,$23.01,3,$29.33,7,,$25.67,-10.37%,,,,,-100.00%,-$2.00,-107.79%,-$2.00,-107.79%,LYTS,NASDAQ:LYTS,-2.000,,
NYSE:LZM,28 Oct 2025,$7.28,3,$8.00,6,,$3.86,88.60%,,,,,-100.00%,-$2.00,-151.81%,-$2.00,-151.81%,LZM,NYSE:LZM,-2.000,,
NYSE:M,17 Nov 2023,$28.11,3,,,,$23.68,18.72%,,,,$24.35,2.83%,$0.00,-100.00%,$0.00,-100.00%,M,NYSE:M,0.465,$19.40,
NYSE:MAA,18 Sep 2025,$156.08,4,$158.89,4,,$140.77,10.88%,,,,,-100.00%,-$2.00,-101.42%,-$2.00,-101.42%,MAA,NYSE:MAA,-2.000,,
NASDAQ:MAPS,9 Feb 2026,$1.32,3,,2,,#N/A,#N/A,,,,,#N/A,-$2.00,#N/A,-$2.00,#N/A,MAPS,NASDAQ:MAPS,-2.000,,
NASDAQ:MAR,23 Dec 2025,$276.62,2,$301.75,6,,$379.75,-27.16%,,,,,-100.00%,-$2.00,-100.53%,-$2.00,-100.53%,MAR,NASDAQ:MAR,-2.000,,
NYSE:MAS,9 Apr 2026,$74.88,5,$77.30,2,,$81.04,-7.60%,,,,,-100.00%,-$2.00,-102.47%,-$2.00,-102.47%,MAS,NYSE:MAS,-2.000,,
NASDAQ:MASI,11 Dec 2025,$144.64,3,$188.40,8,,#N/A,#N/A,,,,,#N/A,-$2.00,#N/A,-$2.00,#N/A,MASI,NASDAQ:MASI,-2.000,,
NASDAQ:MASS,16 Dec 2025,$6.35,3,$8.00,6,,$8.42,-24.58%,,,,,-100.00%,-$2.00,-123.75%,-$2.00,-123.75%,MASS,NASDAQ:MASS,-2.000,,
NASDAQ:MAT,18 May 2026,$22.83,3,$16.20,6,,$13.05,24.14%,,,,$13.23,1.38%,$84.49,547.40%,$85.93,558.43%,MAT,NASDAQ:MAT,-0.328,$19.14,-15.36%
NASDAQ:MATW,12 Jun 2025,$31.87,5,,6,,$26.51,20.20%,,,,$27.76,4.72%,$32.69,23.31%,$58.10,119.18%,MATW,NASDAQ:MATW,0.399,$38.00,
NYSE:MATX,24 May 2026,$189.11,3,$213.00,6,,$204.53,-7.54%,,,,$199.88,-2.27%,$252.77,23.58%,$352.34,72.27%,MATX,NYSE:MATX,-0.136,$215.00,-0.93%
NYSE:MAX,23 Aug 2025,$13.82,3,$15.83,3,,$14.00,-1.31%,,,,,-100.00%,-$2.00,-114.29%,-$2.00,-114.29%,MAX,NYSE:MAX,-2.000,,
NYSE:MBC,24 Dec 2024,$17.00,4,$23.00,4,,$9.44,80.04%,,,,$9.76,3.39%,$14.36,52.08%,$21.25,125.14%,MBC,NYSE:MBC,-0.257,$11.59,98.45%
NYSE:MBI,3 Jan 2025,$6.33,3,$6.75,2,,$6.78,-6.62%,,,,$6.78,0.00%,-$62.99,-1029.10%,-$62.99,-1029.10%,MBI,NYSE:MBI,-0.252,$7.25,-6.90%
NASDAQ:MBIN,16 Mar 2026,$47.75,3,$48.50,4,,$47.90,-0.31%,,,,,-100.00%,-$2.00,-104.18%,-$2.00,-104.18%,MBIN,NASDAQ:MBIN,-2.000,,
NASDAQ:MBWM,24 Mar 2026,$55.58,3,$56.00,6,,$57.93,-4.06%,,,,,-100.00%,-$2.00,-103.45%,-$2.00,-103.45%,MBWM,NASDAQ:MBWM,-2.000,,
NYSE:MC,24 Oct 2025,$64.64,3,,,,$71.94,-10.15%,,,,,-100.00%,-$2.00,-102.78%,-$2.00,-102.78%,MC,NYSE:MC,-2.000,,
NYSE:MCB,18 Nov 2025,$66.26,3,$88.00,4,,$100.21,-33.88%,,,,,-100.00%,-$2.00,-102.00%,-$2.00,-102.00%,MCB,NYSE:MCB,-2.000,,
NASDAQ:MCBS,24 Oct 2025,$30.06,3,$31.00,4,,$36.53,-17.71%,,,,,-100.00%,-$2.00,-105.47%,-$2.00,-105.47%,MCBS,NASDAQ:MCBS,-2.000,,
NYSE:MCD,18 Sep 2025,$295.53,3,$322.80,8,,$279.50,5.74%,,,,,-100.00%,-$2.00,-100.72%,-$2.00,-100.72%,MCD,NYSE:MCD,-2.000,,
NASDAQ:MCHP,27 Jan 2026,$69.09,2,$81.39,8,,$87.59,-21.12%,,,,,-100.00%,-$2.00,-102.28%,-$2.00,-102.28%,MCHP,NASDAQ:MCHP,-2.000,,
NYSE:MCK,23 Aug 2024,$496.23,2,,,,$784.23,-36.72%,,,,,-100.00%,-$2.00,-100.26%,-$2.00,-100.26%,MCK,NYSE:MCK,-2.000,,
NYSE:MCO,16 Sep 2025,$491.12,3,,,,$498.78,-1.54%,,,,,-100.00%,-$2.00,-100.40%,-$2.00,-100.40%,MCO,NYSE:MCO,-2.000,,
NYSE:MD,2 May 2025,$17.20,4,$18.10,6,,$27.39,-37.20%,,,,,-100.00%,-$2.00,-107.30%,-$2.00,-107.30%,MD,NYSE:MD,-2.000,,
NYSE:MDT,14 Jan 2026,$99.63,3,$111.63,6,,$83.06,19.95%,,,,$79.83,-3.89%,$0.00,-100.00%,$0.00,-100.00%,MDT,NYSE:MDT,-0.486,$109.08,2.34%
NASDAQ:MDWD,1 Sep 2025,$18.47,3,$30.00,4,,$14.64,26.17%,,,,,-100.00%,-$2.00,-113.66%,-$2.00,-113.66%,MDWD,NASDAQ:MDWD,-2.000,,
NYSE:MED,23 Dec 2025,$14.30,3,,4,,$11.04,29.57%,,,,,-100.00%,-$2.00,-118.12%,-$2.00,-118.12%,MED,NYSE:MED,-2.000,,
NYSE:MEI,19 Mar 2025,$11.38,3,$11.50,4,,$15.32,-25.69%,,,,$18.89,23.30%,$0.00,-100.00%,$0.00,-100.00%,MEI,NYSE:MEI,0.355,$8.25,39.39%
NASDAQ:MELI,29 Aug 2025,"$2,075.00",2,,,,"$1,805.68",14.92%,,,,,-100.00%,-$2.00,-100.11%,-$2.00,-100.11%,MELI,NASDAQ:MELI,-2.000,,
NASDAQ:MERC,9 Apr 2025,$9.51,3,$7.00,5,,$0.75,833.33%,,,,,-100.00%,-$2.00,-366.67%,-$2.00,-366.67%,MERC,NASDAQ:MERC,-2.000,,
NASDAQ:MESO,11 Dec 2025,$18.44,3,,,,$14.33,28.68%,,,,,-100.00%,-$2.00,-113.96%,-$2.00,-113.96%,MESO,NASDAQ:MESO,-2.000,,
NASDAQ:META,19 Jul 2024,$436.35,2,,,,$600.29,-27.31%,,,,,-100.00%,-$2.00,-100.33%,-$2.00,-100.33%,META,NASDAQ:META,-2.000,,
NASDAQ:METC,16 Jun 2025,$18.15,3,$13.00,2,,$12.44,4.50%,,,,$13.84,11.25%,$22.58,81.49%,$35.97,189.12%,METC,NASDAQ:METC,0.106,$28.00,-53.57%
NYSE:MFG,19 Nov 2025,$6.09,2,,,,$10.35,-41.16%,,,,,-100.00%,-$2.00,-119.32%,-$2.00,-119.32%,MFG,NYSE:MFG,-2.000,,
NASDAQ:MGEE,29 Jan 2025,$79.73,3,$76.50,7,,$82.96,-7.79%,,,,,-100.00%,-$2.00,-102.41%,-$2.00,-102.41%,MGEE,NASDAQ:MGEE,-2.000,,
NASDAQ:MGNX,23 Dec 2025,$2.57,3,$3.00,2,,$4.57,-43.67%,,,,,-100.00%,-$2.00,-143.76%,-$2.00,-143.76%,MGNX,NASDAQ:MGNX,-2.000,,
NASDAQ:MGPI,19 Jun 2025,$49.20,3,$38.50,6,,$16.45,134.04%,,,,$17.11,4.01%,$46.30,181.49%,$61.31,272.70%,MGPI,NASDAQ:MGPI,-0.215,$28.80,33.68%
NYSE:MGY,27 Jan 2026,$27.84,4,$26.85,6,,$25.01,7.36%,,,,$26.38,5.48%,$36.95,47.72%,$60.47,141.77%,MGY,NYSE:MGY,0.517,$33.89,-20.77%
NYSE:MHO,18 Mar 2026,$159.41,5,$165.00,4,,$152.37,4.62%,,,,$156.04,2.41%,$0.00,-100.00%,$0.00,-100.00%,MHO,NYSE:MHO,-0.228,$160.00,3.13%
NASDAQ:MIDD,28 Apr 2026,$161.75,5,$180.00,6,,$179.20,-9.74%,,,,$179.29,0.05%,$303.15,69.17%,$317.21,77.02%,MIDD,NASDAQ:MIDD,0.072,$185.25,-2.83%
NYSE:MIR,19 Nov 2025,$18.40,2,$31.83,9,,$16.91,8.79%,,,,$16.86,-0.30%,$0.00,-100.00%,$0.00,-100.00%,MIR,NYSE:MIR,-0.522,$27.90,14.09%
NASDAQ:MITK,27 Jan 2026,$157.37,5,$14.67,9,,$19.87,-26.17%,,,,,-100.00%,-$2.00,-110.07%,-$2.00,-110.07%,MITK,NASDAQ:MITK,-2.000,,
NYSE:MKC,23 Dec 2025,$74.06,5,$78.11,5,,$51.78,43.03%,,,,$52.32,1.04%,$0.00,-100.00%,$0.00,-100.00%,MKC,NYSE:MKC,-0.570,$62.69,24.60%
NASDAQ:MKSI,30 Jan 2026,$186.47,1,$225.25,10,,$368.06,-49.34%,,,,,-100.00%,-$2.00,-100.54%,-$2.00,-100.54%,MKSI,NASDAQ:MKSI,-2.000,,
NASDAQ:MKTX,23 Aug 2025,$211.29,4,$232.14,4,,$116.44,81.46%,,,,,-100.00%,-$2.00,-101.72%,-$2.00,-101.72%,MKTX,NASDAQ:MKTX,-2.000,,
NASDAQ:MLKN,20 Sep 2024,$28.93,3,,,,$20.91,38.36%,,,,$20.88,-0.14%,$0.00,-100.00%,$0.00,-100.00%,MLKN,NASDAQ:MLKN,-0.045,$32.00,
NYSE:MNR,22 Jan 2026,$25.78,3,$20.00,7,,$12.56,59.24%,,,,,-100.00%,-$2.00,-115.92%,-$2.00,-115.92%,MNR,NYSE:MNR,-2.000,,
NASDAQ:MNRO,6 Jun 2025,$30.40,3,$17.67,8,,$17.22,2.61%,,,,$17.01,-1.22%,$5.77,-66.47%,$33.04,91.85%,MNRO,NASDAQ:MNRO,-0.124,$25.62,-31.03%
NYSE:MNSO,1 Sep 2025,$24.84,3,$26.94,8,,$11.90,108.71%,,,,,-100.00%,-$2.00,-116.81%,-$2.00,-116.81%,MNSO,NYSE:MNSO,-2.000,,
NYSE:MO,17 Mar 2026,$65.79,3,$68.00,4,,$71.88,-8.47%,,,,$72.99,1.54%,$0.00,-100.00%,$0.00,-100.00%,MO,NYSE:MO,-0.020,$69.00,-1.45%
NASDAQ:MOFG,2 Oct 2025,$33.83,3,$34.50,5,,#N/A,#N/A,,,,,#N/A,-$2.00,#N/A,-$2.00,#N/A,MOFG,NASDAQ:MOFG,-2.000,,
NYSE:MOS,23 Dec 2025,$27.76,5,$33.54,7,,$21.18,31.04%,,,,,-100.00%,-$2.00,-109.44%,-$2.00,-109.44%,MOS,NYSE:MOS,-2.000,,
NYSE:MOV,26 Mar 2026,$28.60,4,$30.75,7,,$37.77,-24.29%,,,,$37.29,-1.27%,$0.00,-100.00%,$0.00,-100.00%,MOV,NYSE:MOV,-0.245,$30.75,0.00%
NASDAQ:MPB,19 Mar 2026,$32.84,3,$37.00,7,,$35.35,-7.10%,,,,,-100.00%,-$2.00,-105.66%,-$2.00,-105.66%,MPB,NASDAQ:MPB,-2.000,,
NYSE:MPLX,16 Jun 2026,$55.67,1,,,,$56.97,-2.28%,-2.28%,$55.67,$55.67,,-100.00%,-$2.00,-103.51%,-$2.00,-103.51%,MPLX,NYSE:MPLX,-2.000,,
NYSEAMERICAN:MPTI,11 Feb 2026,$62.49,,,6,,$90.91,-31.26%,,,,,-100.00%,-$2.00,-102.20%,-$2.00,-102.20%,MPTI,NYSEAMERICAN:MPTI,-2.000,,
NASDAQ:MPWR,26 Jan 2026,$897.84,2,,,,"$1,346.13",-33.30%,,,,,-100.00%,-$2.00,-100.15%,-$2.00,-100.15%,MPWR,NASDAQ:MPWR,-2.000,,
NASDAQ:MRAM,19 Jan 2026,$10.62,3,$10.50,8,,$19.62,-46.48%,,,,,-100.00%,-$2.00,-110.19%,-$2.00,-110.19%,MRAM,NASDAQ:MRAM,-2.000,,
NASDAQ:MRVL,15 Jan 2026,$93.91,4,$119.56,10,,$249.27,-62.33%,,,,$279.40,12.09%,$0.00,-100.00%,$0.00,-100.00%,MRVL,NASDAQ:MRVL,0.040,$126.44,-5.44%
NASDAQ:MRX,10 Sep 2025,$29.58,2,,,,$66.34,-55.42%,,,,,-100.00%,-$2.00,-103.01%,-$2.00,-103.01%,MRX,NASDAQ:MRX,-2.000,,
NYSE:MS,27 Aug 2025,$131.18,2,,,,$222.10,-40.93%,,,,$222.81,0.32%,$0.00,-100.00%,$0.00,-100.00%,MS,NYSE:MS,0.517,$195.14,
NYSE:MSB,1 Sep 2025,$30.89,1,,,,$25.78,19.82%,,,,,-100.00%,-$2.00,-107.76%,-$2.00,-107.76%,MSB,NYSE:MSB,-2.000,,
NASDAQ:MSBI,2 Oct 2025,$21.79,3,$20.67,3,,$30.44,-32.10%,,,,$30.29,-0.49%,$0.00,-100.00%,$0.00,-100.00%,MSBI,NASDAQ:MSBI,-0.211,$23.62,-12.49%
NYSE:MSCI,24 Oct 2025,$568.24,3,,,,$614.04,-7.46%,,,,$617.01,0.48%,$0.00,-100.00%,$0.00,-100.00%,MSCI,NYSE:MSCI,0.223,$685.44,
NASDAQ:MSFT,26 Jan 2026,$49.22,3,,,,$386.74,-87.27%,,,,$384.88,-0.48%,$0.00,-100.00%,$0.00,-100.00%,MSFT,NASDAQ:MSFT,-0.377,$559.85,
NYSE:MSI,2 Feb 2026,$451.69,3,$462.25,8,,$422.83,6.83%,,,,,-100.00%,-$2.00,-100.47%,-$2.00,-100.47%,MSI,NYSE:MSI,-2.000,,
NASDAQ:MSTR,9 Feb 2026,$240.05,3,$361.73,4,,$100.77,138.22%,,,,,-100.00%,-$2.00,-101.98%,-$2.00,-101.98%,MSTR,NASDAQ:MSTR,-2.000,,
NYSE:MT,29 Apr 2026,$53.35,2,$66.60,9,,$65.35,-18.36%,,,,$65.10,-0.38%,$0.00,-100.00%,$0.00,-100.00%,MT,NYSE:MT,0.247,$65.60,1.52%
NYSE:MTB,20 Oct 2025,$182.98,3,$219.71,4,,$239.92,-23.73%,,,,$248.23,3.46%,$0.00,-100.00%,$0.00,-100.00%,MTB,NYSE:MTB,0.138,$233.76,-6.01%
NYSE:MTDR,19 Aug 2025,$64.64,3,$62.88,4,,$49.86,26.11%,,,,,-100.00%,-$2.00,-104.01%,-$2.00,-104.01%,MTDR,NYSE:MTDR,-2.000,,
NYSE:MTG,16 Jul 2024,$24.62,3,,,,$28.21,-12.73%,,,,$28.87,2.34%,$64.24,127.73%,$64.62,129.05%,MTG,NYSE:MTG,0.029,$28.67,
NASDAQ:MTRX,23 Jan 2026,$15.94,3,,1,,$13.00,22.59%,,,,,-100.00%,-$2.00,-115.38%,-$2.00,-115.38%,MTRX,NASDAQ:MTRX,-2.000,,
NASDAQ:MTSI,27 Jan 2026,$193.58,2,$204.75,8,,$327.64,-40.92%,,,,,-100.00%,-$2.00,-100.61%,-$2.00,-100.61%,MTSI,NASDAQ:MTSI,-2.000,,
NYSE:MTW,20 Sep 2024,$13.92,3,,,,$12.88,8.07%,,,,,-100.00%,-$2.00,-115.53%,-$2.00,-115.53%,MTW,NYSE:MTW,-2.000,,
NYSE:MTZ,4 Sep 2024,$99.99,3,,,,$380.63,-73.73%,,,,$402.37,5.71%,$0.00,-100.00%,$0.00,-100.00%,MTZ,NYSE:MTZ,0.039,$448.28,
NYSE:MUFG,21 Oct 2025,$13.65,3,,10,,$21.17,-35.52%,,,,,-100.00%,-$2.00,-109.45%,-$2.00,-109.45%,MUFG,NYSE:MUFG,-2.000,,
NYSE:MUX,20 Aug 2025,$12.92,3,$15.83,6,,$18.84,-31.41%,,,,,-100.00%,-$2.00,-110.62%,-$2.00,-110.62%,MUX,NYSE:MUX,-2.000,,
NASDAQ:MVIS,5 Feb 2026,$1.11,4,,1,,$0.36,209.47%,,,,,-100.00%,-$2.00,-655.56%,-$2.00,-655.56%,MVIS,NASDAQ:MVIS,-2.000,,
NYSE:MWA,13 Nov 2025,$22.51,2,$27.20,1,,$25.35,-11.21%,,,,$24.92,-1.70%,$0.00,-100.00%,$0.00,-100.00%,MWA,NYSE:MWA,-0.255,$31.60,-13.92%
NYSE:MX,9 Feb 2026,$4.11,3,,3,,$4.13,-0.48%,,,,,-100.00%,-$2.00,-148.43%,-$2.00,-148.43%,MX,NYSE:MX,-2.000,,
NASDAQ:MXCT,23 Dec 2025,$2.30,3,$6.84,,,$1.27,80.79%,,,,,-100.00%,-$2.00,-257.48%,-$2.00,-257.48%,MXCT,NASDAQ:MXCT,-2.000,,
NASDAQ:MXL,19 Jan 2026,$27.04,4,$22.00,4,,$95.68,-77.01%,,,,,-100.00%,-$2.00,-102.09%,-$2.00,-102.09%,MXL,NASDAQ:MXL,-2.000,,
NYSEAMERICAN:MYO,16 Dec 2025,$1.00,1,,,,$1.15,-13.04%,,,,,-100.00%,-$2.00,-273.91%,-$2.00,-273.91%,MYO,NYSEAMERICAN:MYO,-2.000,,
NASDAQ:MYRG,25 Sep 2024,$129.33,3,,,,$442.72,-70.79%,,,,$472.76,6.79%,$0.00,-100.00%,$0.00,-100.00%,MYRG,NASDAQ:MYRG,0.025,$368.00,
NYSE:NABL,5 Feb 2026,$8.30,3,$9.65,5,,$4.22,96.59%,,,,,-100.00%,-$2.00,-147.39%,-$2.00,-147.39%,NABL,NYSE:NABL,-2.000,,
NYSEAMERICAN:NAK,3 Sep 2025,$1.18,,$2.50,4,,$1.87,-36.90%,,,,,-100.00%,-$2.00,-206.95%,-$2.00,-206.95%,NAK,NYSEAMERICAN:NAK,-2.000,,
NASDAQ:NAVI,23 Aug 2025,$18.59,4,$13.20,6,,$8.39,57.33%,,,,$9.05,7.87%,$0.00,-100.00%,$0.00,-100.00%,NAVI,NASDAQ:NAVI,0.002,$9.44,39.83%
NASDAQ:NB,12 Aug 2025,$5.09,3,,,,$4.72,7.75%,,,,,-100.00%,-$2.00,-142.37%,-$2.00,-142.37%,NB,NASDAQ:NB,-2.000,,
NASDAQ:NBBK,28 Nov 2025,$21.28,3,$22.00,9,,$21.03,1.19%,,,,$21.26,1.09%,-$84.19,-500.32%,-$103.58,-592.54%,NBBK,NASDAQ:NBBK,-0.190,$24.50,-10.20%
NYSE:NBHC,6 Oct 2025,$47.71,4,$44.75,5,,$44.36,0.88%,,,,,-100.00%,-$2.00,-104.51%,-$2.00,-104.51%,NBHC,NYSE:NBHC,-2.000,,
NASDAQ:NBN,27 May 2026,$126.48,3,$130.50,8,,$135.91,-6.94%,,,,,-100.00%,-$2.00,-101.47%,-$2.00,-101.47%,NBN,NASDAQ:NBN,-2.000,,
NASDAQ:NBTB,2 Oct 2025,$49.04,3,$50.67,4,,$50.16,-2.23%,,,,,-100.00%,-$2.00,-103.99%,-$2.00,-103.99%,NBTB,NASDAQ:NBTB,-2.000,,
NASDAQ:NCNA,7 Jul 2025,$0.15,3,,,,$1.39,-89.57%,,,,,-100.00%,-$2.00,-243.88%,-$2.00,-243.88%,NCNA,NASDAQ:NCNA,-2.000,,
NASDAQ:NECB,2 Oct 2025,$25.63,3,$25.00,2,,$27.68,-9.68%,,,,,-100.00%,-$2.00,-107.23%,-$2.00,-107.23%,NECB,NASDAQ:NECB,-2.000,,
NYSE:NEM,21 Jul 2025,$58.12,3,$67.81,10,,$98.20,-40.82%,,,,$100.19,2.03%,$0.00,-100.00%,$0.00,-100.00%,NEM,NYSE:NEM,0.314,$144.01,-52.91%
NASDAQ:NEO,2 Sep 2025,$7.13,3,$9.83,6,,$15.16,-52.95%,,,,$14.97,-1.25%,$0.00,-100.00%,$0.00,-100.00%,NEO,NASDAQ:NEO,-0.509,$15.06,-34.73%
NYSE:NET,22 Jan 2026,$169.89,3,$246.25,6,,$247.55,-31.37%,,,,,-100.00%,-$2.00,-100.81%,-$2.00,-100.81%,NET,NYSE:NET,-2.000,,
NASDAQ:NEWT,19 Nov 2025,$11.21,4,$14.38,4,,$14.31,-21.66%,,,,$14.59,1.96%,$0.00,-100.00%,$0.00,-100.00%,NEWT,NASDAQ:NEWT,-0.042,$16.50,-12.85%
NASDAQ:NFLX,8 Jul 2024,$571.61,2,,,,$76.02,651.92%,,,,$79.82,5.00%,$0.00,-100.00%,$0.00,-100.00%,NFLX,NASDAQ:NFLX,0.086,$114.46,
NYSE:NGG,19 Sep 2025,$70.94,3,$78.00,8,,$82.59,-14.11%,,,,,-100.00%,-$2.00,-102.42%,-$2.00,-102.42%,NGG,NYSE:NGG,-2.000,,
NYSE:NGL,22 Jan 2026,$10.10,1,,,,$15.00,-32.67%,,,,,-100.00%,-$2.00,-113.33%,-$2.00,-113.33%,NGL,NYSE:NGL,-2.000,,
NYSE:NGVC,20 Mar 2026,$44.77,3,,4,,$33.21,34.80%,,,,,-100.00%,-$2.00,-106.02%,-$2.00,-106.02%,NGVC,NYSE:NGVC,-2.000,,
NYSE:NGVT,2 Oct 2025,$58.97,4,$60.67,7,,$73.86,-20.16%,,,,,-100.00%,-$2.00,-102.71%,-$2.00,-102.71%,NGVT,NYSE:NGVT,-2.000,,
NYSE:NIC,2 Oct 2025,$118.87,3,$139.67,4,,$166.12,-28.44%,,,,,-100.00%,-$2.00,-101.20%,-$2.00,-101.20%,NIC,NYSE:NIC,-2.000,,
NASDAQ:NICE,11 Feb 2026,$180.97,3,$158.57,6,,$97.17,63.19%,,,,,-100.00%,-$2.00,-102.06%,-$2.00,-102.06%,NICE,NASDAQ:NICE,-2.000,,
NYSE:NIO,15 Dec 2025,$5.32,3,$6.36,6,,$5.02,6.00%,,,,,-100.00%,-$2.00,-139.84%,-$2.00,-139.84%,NIO,NYSE:NIO,-2.000,,
NASDAQ:NIU,15 Dec 2025,$4.01,4,,5,,$2.09,91.93%,,,,,-100.00%,-$2.00,-195.69%,-$2.00,-195.69%,NIU,NASDAQ:NIU,-2.000,,
NYSE:NKE,26 Mar 2026,$81.79,5,$73.31,3,,$43.34,69.15%,,,,$42.97,-0.85%,$0.00,-100.00%,$0.00,-100.00%,NKE,NYSE:NKE,-0.755,$62.37,17.54%
NYSE:NLOP,14 Jan 2026,$25.14,4,,6,,$11.01,128.33%,,,,,-100.00%,-$2.00,-118.17%,-$2.00,-118.17%,NLOP,NYSE:NLOP,-2.000,,
NASDAQ:NMFC,10 Jun 2024,$13.42,3,,,,$7.12,88.48%,,,,$7.20,1.12%,$0.00,-100.00%,$0.00,-100.00%,NMFC,NASDAQ:NMFC,-0.083,$8.50,
NASDAQ:NMIH,6 Mar 2024,$30.63,3,,,,$41.38,-25.97%,,,,$40.64,-1.79%,$0.00,-100.00%,$0.00,-100.00%,NMIH,NASDAQ:NMIH,-0.146,$46.29,
NYSE:NMM,5 Mar 2026,$85.02,4,,,,$74.85,13.59%,,,,$72.67,-2.91%,$20.76,-72.26%,$74.01,-1.12%,NMM,NYSE:NMM,-0.141,$86.33,
NYSE:NMR,15 Oct 2025,$6.87,3,,7,,$9.31,-26.21%,,,,,-100.00%,-$2.00,-121.48%,-$2.00,-121.48%,NMR,NYSE:NMR,-2.000,,
NASDAQ:NNE,28 Oct 2025,$34.69,3,,,,$20.19,71.82%,,,,,-100.00%,-$2.00,-109.91%,-$2.00,-109.91%,NNE,NASDAQ:NNE,-2.000,,
NYSE:NNN,16 Sep 2025,$49.73,5,$44.93,5,,$46.97,-4.34%,,,,$48.78,3.85%,$0.00,-100.00%,$0.00,-100.00%,NNN,NYSE:NNN,0.287,$45.63,-1.53%
NYSE:NOA,30 Jun 2026,$18.57,5,$18.64,7,4.71,$12.90,43.95%,43.95%,$18.57,$25.09,$14.05,8.91%,$0.00,-100.00%,$0.00,-100.00%,NOA,NYSE:NOA,0.906,$25.09,-25.71%
NYSE:NOG,19 Sep 2025,$38.23,3,$30.29,2,,$17.37,74.38%,,,,$18.74,7.89%,$0.00,-100.00%,$0.00,-100.00%,NOG,NYSE:NOG,0.464,$36.10,-16.09%
NYSE:NOK,28 Jan 2026,$6.27,3,$7.69,8,,$12.51,-49.89%,,,,,-100.00%,-$2.00,-115.99%,-$2.00,-115.99%,NOK,NYSE:NOK,-2.000,,
NYSE:NOMD,27 Apr 2026,$15.76,3,$12.80,5,,$11.43,11.99%,,,,$11.31,-1.05%,$21.89,91.49%,$29.73,160.06%,NOMD,NYSE:NOMD,-0.317,$13.07,-2.07%
NYSE:NOTE,13 Nov 2025,$4.93,3,$6.00,4,,#N/A,#N/A,,,,,#N/A,-$2.00,#N/A,-$2.00,#N/A,NOTE,NYSE:NOTE,-2.000,,
NYSE:NOV,21 Jul 2025,$17.42,3,$15.75,4,,$17.79,-11.47%,,,,,-100.00%,-$2.00,-111.24%,-$2.00,-111.24%,NOV,NYSE:NOV,-2.000,,
NASDAQ:NOVT,30 Jan 2026,$158.93,3,$138.00,6,,$164.89,-16.31%,,,,,-100.00%,-$2.00,-101.21%,-$2.00,-101.21%,NOVT,NASDAQ:NOVT,-2.000,,
NASDAQ:NPCE,11 Dec 2025,$17.05,3,$18.40,5,,$17.33,-1.59%,,,,,-100.00%,-$2.00,-111.54%,-$2.00,-111.54%,NPCE,NASDAQ:NPCE,-2.000,,
NYSE:NPO,29 Oct 2025,$196.10,1,$245.00,5,,$341.29,-42.54%,,,,,-100.00%,-$2.00,-100.59%,-$2.00,-100.59%,NPO,NYSE:NPO,-2.000,,
NYSE:NPWR,11 Nov 2025,$5.54,3,$4.00,3,,$1.68,138.10%,,,,,-100.00%,-$2.00,-219.05%,-$2.00,-219.05%,NPWR,NYSE:NPWR,-2.000,,
NYSE:NRG,18 Sep 2025,$102.90,1,,,,$141.01,-27.03%,,,,,-100.00%,-$2.00,-101.42%,-$2.00,-101.42%,NRG,NYSE:NRG,-2.000,,
NASDAQ:NRIM,27 May 2026,$24.39,3,,6,,$27.27,-10.56%,,,,$28.69,5.21%,$0.00,-100.00%,$0.00,-100.00%,NRIM,NASDAQ:NRIM,0.220,$31.00,
NYSE:NSA,19 Aug 2025,$45.71,3,$33.59,2,,$45.32,-25.88%,,,,,-100.00%,-$2.00,-104.41%,-$2.00,-104.41%,NSA,NYSE:NSA,-2.000,,
NYSE:NSC,31 May 2024,$224.71,3,,,,$321.90,-30.19%,,,,,-100.00%,-$2.00,-100.62%,-$2.00,-100.62%,NSC,NYSE:NSC,-2.000,,
NASDAQ:NSIT,11 Feb 2026,$144.78,3,$100.00,6,,$111.71,-10.48%,,,,,-100.00%,-$2.00,-101.79%,-$2.00,-101.79%,NSIT,NASDAQ:NSIT,-2.000,,
NASDAQ:NTCT,19 Jan 2026,$29.00,3,$32.00,8,,$42.11,-31.13%,,,,,-100.00%,-$2.00,-104.75%,-$2.00,-104.75%,NTCT,NASDAQ:NTCT,-2.000,,
NASDAQ:NTGR,5 Feb 2026,$23.48,3,,,,$22.09,6.28%,,,,$23.51,6.43%,$0.00,-100.00%,$0.00,-100.00%,NTGR,NASDAQ:NTGR,0.030,$35.00,
NASDAQ:NTLA,20 Nov 2025,$23.74,3,$15.97,5,,$17.84,-10.48%,,,,,-100.00%,-$2.00,-111.21%,-$2.00,-111.21%,NTLA,NASDAQ:NTLA,-2.000,,
NYSE:NU,21 Oct 2025,$17.44,3,$17.38,9,,$14.06,23.61%,,,,,-100.00%,-$2.00,-114.22%,-$2.00,-114.22%,NU,NYSE:NU,-2.000,,
NYSE:NUE,20 Aug 2024,$172.03,4,,,,$223.92,-23.17%,,,,$219.70,-1.88%,$0.00,-100.00%,$0.00,-100.00%,NUE,NYSE:NUE,-0.067,$232.71,
NASDAQ:NVA,11 Dec 2025,$9.58,3,,7,,#N/A,#N/A,,,,,#N/A,-$2.00,#N/A,-$2.00,#N/A,NVA,NASDAQ:NVA,-2.000,,
NASDAQ:NVAX,23 Dec 2025,$9.60,3,$10.00,6,,$9.35,2.69%,,,,,-100.00%,-$2.00,-121.39%,-$2.00,-121.39%,NVAX,NASDAQ:NVAX,-2.000,,
NASDAQ:NVCR,11 Dec 2025,$13.87,3,$27.00,2,,$17.32,-19.92%,,,,$15.53,-10.33%,$0.00,-100.00%,$0.00,-100.00%,NVCR,NASDAQ:NVCR,-0.586,$26.29,2.70%
NASDAQ:NVDA,4 Jan 2026,$195.15,3,$262.79,8,,$195.55,-0.21%,,,,$204.65,4.65%,$0.00,-100.00%,$0.00,-100.00%,NVDA,NASDAQ:NVDA,0.258,$269.17,-2.37%
NASDAQ:NVEC,19 Jan 2026,$71.83,4,,2,,$99.08,-27.50%,,,,,-100.00%,-$2.00,-102.02%,-$2.00,-102.02%,NVEC,NASDAQ:NVEC,-2.000,,
NASDAQ:NVMI,24 Oct 2025,$305.31,3,$328.75,7,,$466.63,-34.57%,,,,$517.89,10.99%,$546.48,17.11%,$561.28,20.28%,NVMI,NASDAQ:NVMI,0.139,$497.25,-33.89%
NYSE:NVO,20 Aug 2025,$67.89,3,$68.50,6,,$49.26,37.83%,,,,,-100.00%,-$2.00,-104.06%,-$2.00,-104.06%,NVO,NYSE:NVO,-2.000,,
NYSE:NVR,8 Jul 2024,"$6,194.00",2,,,,"$6,693.66",-7.46%,,,,,-100.00%,-$2.00,-100.03%,-$2.00,-100.03%,NVR,NYSE:NVR,-2.000,,
NYSE:NVRI,31 May 2024,$10.35,3,,,,$23.10,-55.22%,,,,,-100.00%,-$2.00,-108.66%,-$2.00,-108.66%,NVRI,NYSE:NVRI,-2.000,,
NYSE:NVST,20 Aug 2025,$24.25,4,$22.30,9,,$27.51,-18.94%,,,,,-100.00%,-$2.00,-107.27%,-$2.00,-107.27%,NVST,NYSE:NVST,-2.000,,
NYSE:NVT,19 Aug 2025,$88.41,3,,,,$156.89,-43.65%,,,,$163.78,4.39%,$0.00,-100.00%,$0.00,-100.00%,NVT,NYSE:NVT,0.107,$139.07,
NASDAQ:NVTS,5 Feb 2026,$8.26,3,$8.00,5,,$15.23,-47.47%,,,,,-100.00%,-$2.00,-113.13%,-$2.00,-113.13%,NVTS,NASDAQ:NVTS,-2.000,,
NASDAQ:NVX,11 Dec 2025,$1.56,3,,4,,$0.46,239.13%,,,,,-100.00%,-$2.00,-534.78%,-$2.00,-534.78%,NVX,NASDAQ:NVX,-2.000,,
NASDAQ:NWBI,18 Mar 2026,$14.02,3,$13.00,7,,$15.11,-13.96%,,,,,-100.00%,-$2.00,-113.24%,-$2.00,-113.24%,NWBI,NASDAQ:NWBI,-2.000,,
NYSE:NWG,27 May 2026,$16.57,3,$18.20,9,,$18.37,-9.78%,,,,$18.12,-1.36%,$0.00,-100.00%,$0.00,-100.00%,NWG,NYSE:NWG,-0.113,$19.24,-5.41%
NYSE:NWN,6 Feb 2026,$46.99,3,$53.50,7,,$48.65,-3.41%,,,,,-100.00%,-$2.00,-104.11%,-$2.00,-104.11%,NWN,NYSE:NWN,-2.000,,
NYSE:NX,16 Aug 2025,$26.24,3,,1,,$17.18,52.75%,,,,$18.52,7.80%,$0.00,-100.00%,$0.00,-100.00%,NX,NYSE:NX,0.191,$28.75,
NYSE:NXE,24 Oct 2025,$8.68,3,,,,$9.68,-10.33%,,,,,-100.00%,-$2.00,-120.66%,-$2.00,-120.66%,NXE,NYSE:NXE,-2.000,,
NASDAQ:NXPI,27 Jan 2026,$261.92,5,$258.76,9,,$280.51,-7.75%,,,,,-100.00%,-$2.00,-100.71%,-$2.00,-100.71%,NXPI,NASDAQ:NXPI,-2.000,,
NYSE:NXRT,25 Aug 2025,$38.18,4,$36.33,3,,$28.47,27.61%,,,,,-100.00%,-$2.00,-107.02%,-$2.00,-107.02%,NXRT,NYSE:NXRT,-2.000,,
NASDAQ:NXTC,28 Oct 2025,$22.52,3,$20.00,,,$2.07,866.18%,,,,,-100.00%,-$2.00,-196.62%,-$2.00,-196.62%,NXTC,NASDAQ:NXTC,-2.000,,
NYSE:O,23 Sep 2025,$70.69,5,$62.00,9,,$63.19,-1.88%,,,,$66.14,4.67%,$98.68,56.17%,$144.34,128.43%,O,NYSE:O,0.600,$68.40,-9.36%
NYSE:OBK,10 Mar 2026,$48.92,3,$46.67,5,,$51.43,-9.26%,,,,,-100.00%,-$2.00,-103.89%,-$2.00,-103.89%,OBK,NYSE:OBK,-2.000,,
NASDAQ:OBT,2 Oct 2025,$34.16,3,$29.00,4,,$37.68,-23.04%,,,,$37.54,-0.37%,$0.00,-100.00%,$0.00,-100.00%,OBT,NASDAQ:OBT,-0.016,$40.00,-27.50%
NYSE:OC,30 Sep 2024,$164.18,3,,,,$146.79,11.85%,,,,$149.26,1.68%,$320.39,118.27%,$182.59,24.39%,OC,NYSE:OC,-0.104,$138.19,
NASDAQ:OCC,10 Feb 2026,$3.85,3,,3,,$15.40,-74.97%,,,,,-100.00%,-$2.00,-112.99%,-$2.00,-112.99%,OCC,NASDAQ:OCC,-2.000,,
NYSE:OFG,27 May 2026,$53.57,3,$47.00,7,,$49.69,-5.41%,,,,$49.63,-0.12%,$0.00,-100.00%,$0.00,-100.00%,OFG,NYSE:OFG,-0.155,$47.75,-1.57%
NYSE:OGE,22 Jan 2026,$43.01,2,$46.14,7,,$48.26,-10.87%,,,,$50.75,5.16%,$0.00,-100.00%,$0.00,-100.00%,OGE,NYSE:OGE,0.347,$49.86,-7.46%
NYSE:OGS,19 Jun 2026,$79.20,3,$87.00,5,,$75.65,4.69%,4.69%,$79.20,$87.00,,-100.00%,-$2.00,-102.64%,-$2.00,-102.64%,OGS,NYSE:OGS,-2.000,,
NYSE:OHI,23 Dec 2025,$49.04,5,$46.80,9,,$49.02,-4.53%,,,,,-100.00%,-$2.00,-104.08%,-$2.00,-104.08%,OHI,NYSE:OHI,-2.000,,
NYSE:OI,26 Mar 2026,$12.61,4,$18.00,6,,$10.04,25.65%,,,,$9.68,-3.59%,$48.98,387.87%,$92.12,817.56%,OI,NYSE:OI,-0.251,$16.00,12.50%
NYSE:OKE,29 Apr 2026,$98.03,4,$92.57,10,,$87.43,5.88%,,,,$90.49,3.50%,$0.00,-100.00%,$0.00,-100.00%,OKE,NYSE:OKE,0.407,$94.76,-2.31%
NASDAQ:OLED,24 Feb 2026,$147.14,3,$151.67,6,,$80.52,82.74%,,,,,-100.00%,-$2.00,-102.48%,-$2.00,-102.48%,OLED,NASDAQ:OLED,-2.000,,
NASDAQ:OM,4 Dec 2025,$4.31,1,,1,,$5.08,-15.16%,,,,,-100.00%,-$2.00,-139.37%,-$2.00,-139.37%,OM,NASDAQ:OM,-2.000,,
NASDAQ:OMAB,1 Jun 2026,$112.42,4,$134.00,6,,$113.04,-0.55%,,,,$110.18,-2.53%,$0.00,-100.00%,$0.00,-100.00%,OMAB,NASDAQ:OMAB,-0.529,$127.08,5.45%
NASDAQ:ON,5 Feb 2026,$68.86,3,,,,$94.69,-27.28%,,,,,-100.00%,-$2.00,-102.11%,-$2.00,-102.11%,ON,NASDAQ:ON,-2.000,,
NASDAQ:ONB,20 Mar 2026,$23.78,3,$27.78,4,,$26.45,-10.09%,,,,,-100.00%,-$2.00,-107.56%,-$2.00,-107.56%,ONB,NASDAQ:ONB,-2.000,,
NYSE:ONIT,26 Mar 2025,$40.67,4,$42.50,5,,$39.14,3.91%,,,,$38.96,-0.46%,-$308.09,-887.15%,-$289.57,-839.84%,ONIT,NYSE:ONIT,-0.264,$60.00,-29.17%
NYSE:ONON,15 Aug 2025,$41.55,2,,,,$36.87,12.69%,,,,$36.08,-2.14%,$58.76,59.38%,$68.17,84.89%,ONON,NYSE:ONON,-0.285,$56.63,
NYSE:ONTO,9 Feb 2026,$215.21,4,$201.67,8,,$303.86,-33.63%,,,,,-100.00%,-$2.00,-100.66%,-$2.00,-100.66%,ONTO,NYSE:ONTO,-2.000,,
NYSEAMERICAN:OPTT,13 Nov 2025,$0.44,1,$1.50,5,,$0.26,69.23%,,,,$0.25,-3.85%,$0.00,-100.00%,$0.00,-100.00%,OPTT,NYSEAMERICAN:OPTT,-0.490,$1.50,0.00%
NYSE:OPY,16 Jun 2026,$115.64,4,,9,,$115.47,0.15%,0.15%,$115.64,$115.64,,-100.00%,-$2.00,-101.73%,-$2.00,-101.73%,OPY,NYSE:OPY,-2.000,,
NYSE:ORI,28 Apr 2026,$42.27,3,$42.00,3,,$41.57,1.03%,,,,,-100.00%,-$2.00,-104.81%,-$2.00,-104.81%,ORI,NYSE:ORI,-2.000,,
NASDAQ:ORKA,23 Aug 2025,$26.17,3,,,,$83.13,-68.51%,,,,,-100.00%,-$2.00,-102.41%,-$2.00,-102.41%,ORKA,NASDAQ:ORKA,-2.000,,
NASDAQ:ORRF,19 Nov 2025,$37.94,3,$40.50,8,,$40.83,-7.08%,,,,,-100.00%,-$2.00,-104.90%,-$2.00,-104.90%,ORRF,NASDAQ:ORRF,-2.000,,
NASDAQ:OSBC,28 Apr 2026,$22.52,3,$25.00,7,,$23.22,-3.01%,,,,$23.33,0.47%,$0.00,-100.00%,$0.00,-100.00%,OSBC,NASDAQ:OSBC,-0.200,$23.20,7.76%
NASDAQ:OSIS,27 Jan 2026,$261.70,2,$287.33,6,,$220.83,18.51%,,,,$216.92,-1.77%,$0.00,-100.00%,$0.00,-100.00%,OSIS,NASDAQ:OSIS,-0.025,$309.71,-7.23%
NASDAQ:OSPN,10 Feb 2026,$17.74,3,,4,,$15.09,17.55%,,,,$14.43,-4.37%,$0.00,-100.00%,$0.00,-100.00%,OSPN,NASDAQ:OSPN,-0.388,$16.25,
NYSEAMERICAN:OSTX,23 Dec 2025,$1.60,1,$11.50,1,,$1.61,-0.62%,,,,,-100.00%,-$2.00,-224.22%,-$2.00,-224.22%,OSTX,NYSEAMERICAN:OSTX,-2.000,,
NASDAQ:OSW,29 Nov 2024,$17.98,3,,,,$27.68,-35.05%,,,,,-100.00%,-$2.00,-107.23%,-$2.00,-107.23%,OSW,NASDAQ:OSW,-2.000,,
NASDAQ:OTEX,19 Jan 2026,$32.75,3,$38.78,2,,$22.57,45.09%,,,,,-100.00%,-$2.00,-108.86%,-$2.00,-108.86%,OTEX,NASDAQ:OTEX,-2.000,,
NYSE:OTIS,29 Oct 2025,$94.34,3,$105.25,6,,$73.49,28.37%,,,,,-100.00%,-$2.00,-102.72%,-$2.00,-102.72%,OTIS,NYSE:OTIS,-2.000,,
NASDAQ:OUST,5 Feb 2026,$21.62,3,$37.00,8,,$49.83,-56.60%,,,,,-100.00%,-$2.00,-104.01%,-$2.00,-104.01%,OUST,NASDAQ:OUST,-2.000,,
NYSE:OVV,18 Aug 2025,$55.37,3,,,,$53.30,3.88%,,,,,-100.00%,-$2.00,-103.75%,-$2.00,-103.75%,OVV,NYSE:OVV,-2.000,,
NASDAQ:OXSQ,19 Aug 2025,$2.97,4,$2.50,4,,$1.42,76.06%,,,,,-100.00%,-$2.00,-240.85%,-$2.00,-240.85%,OXSQ,NASDAQ:OXSQ,-2.000,,
NYSE:OXY,2 Jul 2026,$55.97,4,$64.21,8,,$48.81,14.68%,14.68%,$55.97,$64.21,,-100.00%,-$2.00,-104.10%,-$2.00,-104.10%,OXY,NYSE:OXY,-2.000,,
NASDAQ:OZK,2 Oct 2025,$49.29,3,$59.63,8,,$49.65,-0.73%,,,,$50.26,1.23%,$0.00,-100.00%,$0.00,-100.00%,OZK,NASDAQ:OZK,-0.102,$52.33,13.95%
NYSE:PAC,13 Jun 2025,$210.00,3,$236.70,6,,$254.42,-17.46%,,,,$247.45,-2.74%,$0.00,-100.00%,$0.00,-100.00%,PAC,NYSE:PAC,-0.616,$277.07,-14.57%
NASDAQ:PACB,11 Dec 2025,$2.97,3,$2.30,5,,$1.66,38.55%,,,,,-100.00%,-$2.00,-220.48%,-$2.00,-220.48%,PACB,NASDAQ:PACB,-2.000,,
NASDAQ:PANW,20 Aug 2025,$177.95,3,,,,$357.53,-50.23%,,,,$347.83,-2.71%,$0.00,-100.00%,$0.00,-100.00%,PANW,NASDAQ:PANW,-0.389,$206.14,
NYSE:PAR,19 Aug 2025,$40.18,2,,,,$18.54,116.69%,,,,,-100.00%,-$2.00,-110.79%,-$2.00,-110.79%,PAR,NYSE:PAR,-2.000,,
NASDAQ:PAX,13 Nov 2025,$16.56,3,$16.00,6,,$11.15,43.50%,,,,$11.43,2.51%,$0.00,-100.00%,$0.00,-100.00%,PAX,NASDAQ:PAX,0.015,$16.36,-2.20%
NYSE:PAYC,26 Mar 2026,$152.82,3,$150.36,7,,$139.90,7.48%,,,,$131.54,-5.98%,$0.00,-100.00%,$0.00,-100.00%,PAYC,NYSE:PAYC,-0.778,$151.53,-0.77%
NASDAQ:PAYO,3 Sep 2025,$7.80,3,$10.50,7,,$7.13,9.34%,,,,,-100.00%,-$2.00,-128.05%,-$2.00,-128.05%,PAYO,NASDAQ:PAYO,-2.000,,
NASDAQ:PAYS,11 Feb 2026,$3.74,3,$9.00,7,,$8.35,-55.23%,,,,,-100.00%,-$2.00,-123.95%,-$2.00,-123.95%,PAYS,NASDAQ:PAYS,-2.000,,
NASDAQ:PAYX,19 Aug 2025,$129.02,2,,,,$105.39,22.42%,,,,$103.51,-1.78%,$0.00,-100.00%,$0.00,-100.00%,PAYX,NASDAQ:PAYX,-0.291,$100.93,
NYSE:PB,19 Nov 2025,$75.08,4,$78.17,7,,$71.08,5.63%,,,,,-100.00%,-$2.00,-102.81%,-$2.00,-102.81%,PB,NYSE:PB,-2.000,,
NYSE:PBA,16 Sep 2025,$40.71,4,$41.47,8,,$46.66,-12.76%,,,,$47.89,2.64%,$52.38,12.25%,$63.59,36.27%,PBA,NYSE:PBA,0.487,$41.07,0.97%
NYSE:PBI,19 Aug 2025,$11.44,3,$11.50,7,,$16.80,-31.90%,,,,,-100.00%,-$2.00,-111.90%,-$2.00,-111.90%,PBI,NYSE:PBI,-2.000,,
NYSE:PBR,30 Jun 2026,$19.22,5,$22.75,9,4.51,$16.26,18.20%,18.20%,$19.22,$22.75,$17.07,4.98%,$18.57,14.24%,$82.07,404.76%,PBR,NYSE:PBR,0.636,$21.29,6.86%
NYSE:PBR.A,30 Jun 2026,$17.20,5,,,4.26,$14.69,17.09%,17.09%,$17.20,$19.04,$15.28,4.02%,$43.92,199.00%,$145.99,893.79%,PBR.A,NYSE:PBR.A,0.400,$19.04,
NYSE:PCG,29 Jun 2026,$18.00,4,$23.50,5,3.55,$16.82,7.04%,7.04%,$18.00,$23.50,$17.50,4.04%,$0.00,-100.00%,$0.00,-100.00%,PCG,NYSE:PCG,0.249,$22.84,2.89%
NYSE:PCOR,27 Jan 2026,$68.73,3,$87.91,7,,$44.04,56.07%,,,,,-100.00%,-$2.00,-104.54%,-$2.00,-104.54%,PCOR,NYSE:PCOR,-2.000,,
NASDAQ:PDD,20 Aug 2025,$133.52,3,$124.92,5,,$83.74,49.18%,,,,,-100.00%,-$2.00,-102.39%,-$2.00,-102.39%,PDD,NASDAQ:PDD,-2.000,,
NASDAQ:PDFS,27 Jan 2026,$35.52,3,$34.75,7,,$56.75,-38.77%,,,,,-100.00%,-$2.00,-103.52%,-$2.00,-103.52%,PDFS,NASDAQ:PDFS,-2.000,,
NYSE:PDM,14 Jul 2025,$11.58,4,$8.50,6,,$9.62,-11.64%,,,,$9.01,-6.34%,$0.00,-100.00%,$0.00,-100.00%,PDM,NYSE:PDM,-0.969,$9.67,-12.10%
NYSE:PEB,23 Dec 2025,$17.33,3,$12.00,7,,$18.65,-35.66%,,,,$19.28,3.38%,$0.00,-100.00%,$0.00,-100.00%,PEB,NYSE:PEB,0.122,$14.15,-15.19%
NASDAQ:PEBO,16 Jan 2026,$32.08,3,$33.17,10,,$38.79,-17.29%,,,,$38.96,0.44%,$0.00,-100.00%,$0.00,-100.00%,PEBO,NASDAQ:PEBO,-0.065,$37.17,-10.76%
NASDAQ:PEGA,11 Feb 2026,$49.55,5,$72.00,9,,$31.28,58.40%,,,,$30.94,-1.09%,$0.00,-100.00%,$0.00,-100.00%,PEGA,NASDAQ:PEGA,-0.538,$58.18,23.75%
NYSE:PEN,11 Dec 2025,$225.97,1,$307.92,10,,$318.23,-28.99%,,,,,-100.00%,-$2.00,-100.63%,-$2.00,-100.63%,PEN,NYSE:PEN,-2.000,,
NASDAQ:PFBC,27 May 2026,$99.21,3,$107.50,5,,$107.53,-7.74%,,,,$111.08,3.30%,$0.00,-100.00%,$0.00,-100.00%,PFBC,NASDAQ:PFBC,0.019,$103.75,3.61%
NYSE:PFE,26 Mar 2026,$30.96,5,$29.07,6,,$23.72,22.55%,,,,$25.11,5.86%,$0.00,-100.00%,$0.00,-100.00%,PFE,NYSE:PFE,0.228,$29.00,0.24%
NYSE:PFGC,4 Sep 2025,$88.60,1,,,,$113.74,-22.10%,,,,,-100.00%,-$2.00,-101.76%,-$2.00,-101.76%,PFGC,NYSE:PFGC,-2.000,,
NASDAQ:PFIS,19 Mar 2026,$59.16,3,$56.00,6,,$67.42,-16.94%,,,,$67.72,0.44%,$0.00,-100.00%,$0.00,-100.00%,PFIS,NASDAQ:PFIS,-0.116,$58.50,-4.27%
NYSE:PFLT,20 Feb 2026,$9.26,3,$10.25,8,,#N/A,#N/A,,,,,#N/A,-$2.00,#N/A,-$2.00,#N/A,PFLT,NYSE:PFLT,-2.000,,
NYSE:PFS,18 Nov 2025,$20.08,3,$22.00,3,,$23.61,-14.95%,,,,,-100.00%,-$2.00,-108.47%,-$2.00,-108.47%,PFS,NYSE:PFS,-2.000,,
NASDAQ:PFSA,11 Dec 2025,$0.26,3,,,,$0.11,140.36%,,,,,-100.00%,-$2.00,-1918.18%,-$2.00,-1918.18%,PFSA,NASDAQ:PFSA,-2.000,,
NYSE:PFSI,4 Oct 2024,$102.39,3,,,,$83.75,22.26%,,,,,-100.00%,-$2.00,-102.39%,-$2.00,-102.39%,PFSI,NYSE:PFSI,-2.000,,
NASDAQ:PGEN,23 Dec 2025,$3.53,3,$9.00,7,,$5.60,-36.90%,,,,,-100.00%,-$2.00,-135.71%,-$2.00,-135.71%,PGEN,NASDAQ:PGEN,-2.000,,
NYSE:PGR,18 Sep 2025,$210.79,1,,,,$231.67,-9.01%,,,,$224.23,-3.21%,$0.00,-100.00%,$0.00,-100.00%,PGR,NYSE:PGR,-0.223,$229.90,
NYSE:PH,3 Jul 2024,$534.00,1,$759.92,6,,$971.36,-45.03%,,,,"$1,002.55",3.21%,$0.00,-100.00%,$0.00,-100.00%,PH,NYSE:PH,0.359,"$1,043.04",-27.14%
NYSE:PHG,11 Dec 2025,$35.54,3,,7,,$28.16,26.22%,,,,,-100.00%,-$2.00,-107.10%,-$2.00,-107.10%,PHG,NYSE:PHG,-2.000,,
NYSE:PHM,31 Mar 2026,$124.03,4,$141.83,3,,$131.38,-5.60%,,,,,-100.00%,-$2.00,-101.52%,-$2.00,-101.52%,PHM,NYSE:PHM,-2.000,,
NASDAQ:PI,27 Jan 2026,$144.68,2,$240.50,8,,$148.00,-2.24%,,,,,-100.00%,-$2.00,-101.35%,-$2.00,-101.35%,PI,NASDAQ:PI,-2.000,,
NYSE:PIPR,29 Jun 2026,$77.12,3,$97.00,3,3.37,$72.94,5.73%,5.73%,$77.12,$97.00,$76.12,4.36%,$0.00,-100.00%,$0.00,-100.00%,PIPR,NYSE:PIPR,0.568,$95.12,1.98%
NYSE:PKST,14 Jan 2026,$15.34,4,$17.00,6,,#N/A,#N/A,,,,,#N/A,-$2.00,#N/A,-$2.00,#N/A,PKST,NYSE:PKST,-2.000,,
NYSE:PL,7 Jul 2025,$5.02,3,,,,$30.86,-83.73%,,,,$34.35,11.31%,$0.00,-100.00%,$0.00,-100.00%,PL,NYSE:PL,0.367,$35.22,
NASDAQ:PLAB,1 May 2026,$41.22,2,$47.00,6,,$29.20,41.15%,,,,$28.45,-2.57%,$0.00,-100.00%,$0.00,-100.00%,PLAB,NASDAQ:PLAB,-0.287,$47.00,0.00%
NASDAQ:PLMR,16 Sep 2025,$107.46,3,,,,$142.13,-24.39%,,,,,-100.00%,-$2.00,-101.41%,-$2.00,-101.41%,PLMR,NASDAQ:PLMR,-2.000,,
NYSE:PLNT,4 Sep 2025,$92.00,1,,,,$52.42,75.50%,,,,,-100.00%,-$2.00,-103.82%,-$2.00,-103.82%,PLNT,NYSE:PLNT,-2.000,,
NYSE:PLOW,20 Sep 2024,$36.15,4,,,,$46.91,-22.94%,,,,,-100.00%,-$2.00,-104.26%,-$2.00,-104.26%,PLOW,NYSE:PLOW,-2.000,,
NASDAQ:PLTR,14 Aug 2025,$120.98,1,,,,$132.54,-8.72%,,,,$125.28,-5.48%,$0.00,-100.00%,$0.00,-100.00%,PLTR,NASDAQ:PLTR,-0.832,$181.14,
NASDAQ:PLUS,27 Oct 2025,$88.78,3,,6,,$83.33,6.54%,,,,$79.90,-4.12%,$302.56,263.09%,$320.04,284.07%,PLUS,NASDAQ:PLUS,-0.538,$115.00,
NASDAQ:PLXS,27 Jan 2026,$181.83,3,,,,$275.20,-33.93%,,,,,-100.00%,-$2.00,-100.73%,-$2.00,-100.73%,PLXS,NASDAQ:PLXS,-2.000,,
NYSE:PM,25 Aug 2025,$144.36,2,,,,$184.76,-21.87%,,,,,-100.00%,-$2.00,-101.08%,-$2.00,-101.08%,PM,NYSE:PM,-2.000,,
NASDAQ:PMTS,26 Aug 2025,$22.24,3,,,,$20.48,8.60%,,,,,-100.00%,-$2.00,-109.77%,-$2.00,-109.77%,PMTS,NASDAQ:PMTS,-2.000,,
NYSE:PNC,19 Nov 2025,$182.16,3,$223.09,8,,$253.18,-28.05%,,,,$250.72,-0.97%,$0.00,-100.00%,$0.00,-100.00%,PNC,NYSE:PNC,-0.043,$253.32,-11.93%
NASDAQ:PNFP,28 Jul 2025,$101.11,3,$121.91,7,,$100.28,0.83%,,,,,-100.00%,-$2.00,-101.99%,-$2.00,-101.99%,PNFP,NYSE:PNFP,-2.000,,
NYSE:PNNT,20 Feb 2026,$6.99,4,$5.50,1,,$3.43,60.35%,,,,,-100.00%,-$2.00,-158.31%,-$2.00,-158.31%,PNNT,NYSE:PNNT,-2.000,,
NYSE:PNR,11 Nov 2025,$102.58,2,$124.75,7,,$75.53,35.82%,,,,$79.20,4.86%,$0.00,-100.00%,$0.00,-100.00%,PNR,NYSE:PNR,0.214,$102.26,21.99%
NASDAQ:PODD,11 Dec 2025,$276.82,2,$381.12,9,,$159.77,73.26%,,,,,-100.00%,-$2.00,-101.25%,-$2.00,-101.25%,PODD,NASDAQ:PODD,-2.000,,
NASDAQ:POET,5 Feb 2026,$6.44,3,,7,,$8.95,-28.04%,,,,,-100.00%,-$2.00,-122.35%,-$2.00,-122.35%,POET,NASDAQ:POET,-2.000,,
NASDAQ:POOL,23 Aug 2025,$310.70,3,,,,$215.22,44.36%,,,,$216.31,0.51%,$0.00,-100.00%,$0.00,-100.00%,POOL,NASDAQ:POOL,-0.356,$262.73,
NYSE:POR,6 Feb 2026,$50.85,4,$49.60,7,,$52.00,-4.62%,,,,,-100.00%,-$2.00,-103.85%,-$2.00,-103.85%,POR,NYSE:POR,-2.000,,
NYSE:POST,2 Apr 2026,$109.06,5,$128.50,2,,$88.50,23.23%,,,,,-100.00%,-$2.00,-102.26%,-$2.00,-102.26%,POST,NYSE:POST,-2.000,,
NASDAQ:POWI,5 Feb 2026,$72.10,3,$52.50,5,,$73.06,-28.14%,,,,,-100.00%,-$2.00,-102.74%,-$2.00,-102.74%,POWI,NASDAQ:POWI,-2.000,,
NASDAQ:PPC,19 Aug 2025,$43.27,2,,,,$28.65,51.01%,,,,$27.95,-2.44%,$0.00,-100.00%,$0.00,-100.00%,PPC,NASDAQ:PPC,-0.460,$40.57,
NASDAQ:PPIH,20 Apr 2026,$30.77,3,,7,,$25.57,20.33%,,,,,-100.00%,-$2.00,-107.82%,-$2.00,-107.82%,PPIH,NASDAQ:PPIH,-2.000,,
NYSE:PR,11 Nov 2025,$15.75,5,$18.13,3,,$18.19,-13.41%,,,,$18.87,3.74%,$24.15,32.75%,$65.22,258.53%,PR,NYSE:PR,0.568,$25.20,-28.06%
NYSE:PRA,11 Dec 2025,$26.77,3,,3,,$25.00,7.08%,,,,,-100.00%,-$2.00,-108.00%,-$2.00,-108.00%,PRA,NYSE:PRA,-2.000,,
NASDAQ:PRCH,29 Jan 2026,$6.54,3,$18.17,8,,$14.88,-56.04%,,,,,-100.00%,-$2.00,-113.44%,-$2.00,-113.44%,PRCH,NASDAQ:PRCH,-2.000,,
NASDAQ:PRCT,11 Dec 2025,$43.52,3,$50.71,5,,$21.21,105.19%,,,,,-100.00%,-$2.00,-109.43%,-$2.00,-109.43%,PRCT,NASDAQ:PRCT,-2.000,,
NASDAQ:PRDO,28 Apr 2026,$43.66,5,$42.00,8,,$35.00,20.00%,,,,,-100.00%,-$2.00,-105.71%,-$2.00,-105.71%,PRDO,NASDAQ:PRDO,-2.000,,
NASDAQ:PRGS,22 Jan 2026,$57.12,3,$59.75,7,,$38.74,47.44%,,,,$37.68,-2.74%,$0.00,-100.00%,$0.00,-100.00%,PRGS,NASDAQ:PRGS,-0.403,$50.83,17.55%
NYSE:PRIM,23 Aug 2024,$53.96,3,,,,$90.20,-40.18%,,,,,-100.00%,-$2.00,-102.22%,-$2.00,-102.22%,PRIM,NYSE:PRIM,-2.000,,
NYSEAMERICAN:PRK,7 Oct 2025,$164.00,1,,,,$185.08,-11.39%,,,,$187.36,1.23%,$0.00,-100.00%,$0.00,-100.00%,PRK,NYSEAMERICAN:PRK,-0.092,$184.00,
NASDAQ:PROK,10 Jul 2025,$2.60,,$4.50,7,,$1.99,30.65%,,,,,-100.00%,-$2.00,-200.50%,-$2.00,-200.50%,PROK,NASDAQ:PROK,-2.000,,
NASDAQ:PRSO,29 Jan 2026,$1.15,4,$3.00,,,$0.80,43.46%,,,,,-100.00%,-$2.00,-350.00%,-$2.00,-350.00%,PRSO,NASDAQ:PRSO,-2.000,,
NASDAQ:PRTH,10 Feb 2026,$10.32,3,$13.00,1,,$7.07,45.99%,,,,,-100.00%,-$2.00,-128.29%,-$2.00,-128.29%,PRTH,NASDAQ:PRTH,-2.000,,
NASDAQ:PSIX,28 Apr 2026,$74.87,3,$109.00,9,,$36.68,104.12%,,,,,-100.00%,-$2.00,-105.45%,-$2.00,-105.45%,PSIX,NASDAQ:PSIX,-2.000,,
NYSE:PSN,16 Feb 2026,$83.99,5,$81.64,7,,$57.45,42.11%,,,,,-100.00%,-$2.00,-103.48%,-$2.00,-103.48%,PSN,NYSE:PSN,-2.000,,
NASDAQ:PSNY,29 Nov 2024,$1.30,3,,,,$20.36,-93.61%,,,,,-100.00%,-$2.00,-109.82%,-$2.00,-109.82%,PSNY,NASDAQ:PSNY,-2.000,,
NYSE:PSTG,19 Aug 2025,$64.73,3,,,,#N/A,#N/A,,,,$0.00,#N/A,$0.00,#N/A,$0.00,#N/A,PSTG,NYSE:PSTG,-1.000,$91.21,
NYSE:PSX,26 Jun 2026,$162.80,2,$194.00,7,3.08,$177.33,-8.19%,-8.19%,$162.80,$194.00,$184.94,4.29%,$0.00,-100.00%,$0.00,-100.00%,PSX,NYSE:PSX,0.519,$185.58,4.54%
NASDAQ:PTC,19 Jan 2026,$176.72,3,$218.00,6,,$124.98,41.40%,,,,,-100.00%,-$2.00,-101.60%,-$2.00,-101.60%,PTC,NASDAQ:PTC,-2.000,,
NASDAQ:PTEN,21 Jul 2025,$10.35,3,$8.03,2,,$8.56,-6.19%,,,,$9.13,6.66%,$0.00,-100.00%,$0.00,-100.00%,PTEN,NASDAQ:PTEN,0.609,$11.36,-29.31%
NASDAQ:PTLO,14 Jan 2026,$9.61,3,$6.30,3,,$4.72,33.47%,,,,$4.78,1.27%,$0.00,-100.00%,$0.00,-100.00%,PTLO,NASDAQ:PTLO,-0.788,$7.71,-18.29%
NASDAQ:PUBM,29 Jan 2026,$11.75,3,$12.92,7,,$13.52,-13.06%,,,,,-100.00%,-$2.00,-114.79%,-$2.00,-114.79%,PUBM,NASDAQ:PUBM,-2.000,,
NYSE:PWR,23 Aug 2025,$272.00,1,,,,$674.04,-59.65%,,,,$719.58,6.76%,$0.00,-100.00%,$0.00,-100.00%,PWR,NYSE:PWR,0.520,$600.67,
NASDAQ:PZZA,18 Sep 2025,$56.89,4,$48.40,9,,$34.64,39.72%,,,,,-100.00%,-$2.00,-105.77%,-$2.00,-105.77%,PZZA,NASDAQ:PZZA,-2.000,,
NYSE:Q,9 Feb 2026,$106.61,3,,,,$146.68,-27.32%,,,,,-100.00%,-$2.00,-101.36%,-$2.00,-101.36%,Q,NYSE:Q,-2.000,,
NASDAQ:QCOM,27 Jan 2026,$171.89,4,$193.33,6,,$186.48,-7.82%,,,,$190.21,2.00%,$0.00,-100.00%,$0.00,-100.00%,QCOM,NASDAQ:QCOM,0.283,$168.50,14.74%
NASDAQ:QCRH,28 Apr 2026,$93.80,3,$102.67,9,,$97.39,-3.69%,,,,$96.56,-0.85%,$0.00,-100.00%,$0.00,-100.00%,QCRH,NASDAQ:QCRH,-0.340,$100.40,2.26%
NASDAQ:QDEL,11 Dec 2025,$47.57,3,$27.75,6,,$18.00,54.17%,,,,,-100.00%,-$2.00,-111.11%,-$2.00,-111.11%,QDEL,NASDAQ:QDEL,-2.000,,
NASDAQ:QFIN,9 Sep 2025,$29.99,3,$48.39,5,,$15.27,96.39%,,,,,-100.00%,-$2.00,-113.10%,-$2.00,-113.10%,QFIN,NASDAQ:QFIN,-2.000,,
NASDAQ:QLYS,10 Feb 2026,$147.47,5,$136.87,5,,$158.26,-13.52%,,,,,-100.00%,-$2.00,-101.26%,-$2.00,-101.26%,QLYS,NASDAQ:QLYS,-2.000,,
NASDAQ:QRVO,19 Jan 2026,$81.21,3,$100.08,6,,$87.13,-6.79%,,,,,-100.00%,-$2.00,-102.30%,-$2.00,-102.30%,QRVO,NASDAQ:QRVO,-2.000,,
NASDAQ:QSI,11 Dec 2025,$1.94,3,$2.83,2,,$0.95,104.66%,,,,,-100.00%,-$2.00,-310.53%,-$2.00,-310.53%,QSI,NASDAQ:QSI,-2.000,,
NYSE:QSR,4 Mar 2026,$71.96,3,$79.11,9,,$73.25,-1.76%,,,,$72.63,-0.85%,$66.15,-9.69%,$74.96,2.34%,QSR,NYSE:QSR,-0.211,$83.29,-5.02%
NASDAQ:QTRX,16 Dec 2025,$12.46,3,$6.00,5,,$4.29,39.86%,,,,,-100.00%,-$2.00,-146.62%,-$2.00,-146.62%,QTRX,NASDAQ:QTRX,-2.000,,
NYSE:QUAD,19 Jun 2026,$7.33,3,$9.93,9,,$8.18,-10.39%,-10.39%,$7.33,$9.93,,-100.00%,-$2.00,-124.45%,-$2.00,-124.45%,QUAD,NYSE:QUAD,-2.000,,
NASDAQ:QUIK,5 Feb 2026,$6.78,3,,,,$16.23,-58.24%,,,,,-100.00%,-$2.00,-112.32%,-$2.00,-112.32%,QUIK,NASDAQ:QUIK,-2.000,,
NYSE:QXO,19 Aug 2025,$30.22,3,$31.06,10,,$15.81,91.13%,,,,$15.41,-2.53%,$0.00,-100.00%,$0.00,-100.00%,QXO,NYSE:QXO,-0.864,$32.69,-4.99%
NYSE:RACE,15 Dec 2025,$403.82,3,$465.44,6,,$391.86,3.05%,,,,,-100.00%,-$2.00,-100.51%,-$2.00,-100.51%,RACE,NYSE:RACE,-2.000,,
NASDAQ:RAIL,28 Apr 2026,$11.16,4,,,,$8.57,30.27%,,,,,-100.00%,-$2.00,-123.34%,-$2.00,-123.34%,RAIL,NASDAQ:RAIL,-2.000,,
NYSE:RAMP,23 Jan 2026,$30.65,5,$42.20,7,,$37.54,-18.36%,,,,,-100.00%,-$2.00,-105.33%,-$2.00,-105.33%,RAMP,NYSE:RAMP,-2.000,,
NASDAQ:RBB,1 Jun 2026,$24.58,3,$24.00,4,,$27.28,-12.02%,,,,$27.30,0.07%,$0.00,-100.00%,$0.00,-100.00%,RBB,NASDAQ:RBB,-0.166,$22.60,6.19%
NYSE:RBC,23 Aug 2025,$337.00,1,,,,$609.60,-44.72%,,,,,-100.00%,-$2.00,-100.33%,-$2.00,-100.33%,RBC,NYSE:RBC,-2.000,,
NASDAQ:RBCAA,20 Oct 2025,$70.90,3,,,,$91.09,-22.16%,,,,,-100.00%,-$2.00,-102.20%,-$2.00,-102.20%,RBCAA,NASDAQ:RBCAA,-2.000,,
NYSE:RBLX,2 Jan 2026,$67.48,2,,,,$57.03,18.32%,,,,,-100.00%,-$2.00,-103.51%,-$2.00,-103.51%,RBLX,NYSE:RBLX,-2.000,,
NYSE:RBOT,16 Dec 2025,$3.89,3,,,,#N/A,#N/A,,,,,#N/A,-$2.00,#N/A,-$2.00,#N/A,RBOT,NYSE:RBOT,-2.000,,
NYSE:RBRK,20 Aug 2025,$54.72,2,,,,$87.36,-37.36%,,,,$81.93,-6.22%,$0.00,-100.00%,$0.00,-100.00%,RBRK,NYSE:RBRK,-0.273,$85.79,
NYSE:RC,1 Sep 2025,$5.36,3,$4.15,4,,$1.66,150.00%,,,,,-100.00%,-$2.00,-220.48%,-$2.00,-220.48%,RC,NYSE:RC,-2.000,,
NASDAQ:RCEL,4 Dec 2025,$9.25,3,$8.38,1,,$5.19,61.46%,,,,,-100.00%,-$2.00,-138.54%,-$2.00,-138.54%,RCEL,NASDAQ:RCEL,-2.000,,
NASDAQ:RCKY,16 Apr 2026,$43.95,3,$53.00,8,,$39.71,10.69%,,,,$43.07,8.46%,$0.00,-100.00%,$0.00,-100.00%,RCKY,NASDAQ:RCKY,0.008,$53.00,0.00%
NYSE:RCL,8 Apr 2026,$279.75,3,$368.93,4,,$287.78,-2.79%,,,,$293.24,1.90%,$0.00,-100.00%,$0.00,-100.00%,RCL,NYSE:RCL,-0.483,$341.50,8.03%
NYSE:RDN,23 Jun 2026,$35.58,4,$45.33,8,3.37,$38.19,-6.85%,-6.85%,$35.58,$45.33,$38.65,1.20%,$102.16,167.51%,$93.31,144.32%,RDN,NYSE:RDN,0.058,$40.67,11.46%
NYSE:RDW,21 Jul 2025,$13.29,2,,,,$11.36,16.96%,,,,,-100.00%,-$2.00,-117.61%,-$2.00,-117.61%,RDW,NYSE:RDW,-2.000,,
NASDAQ:REG,21 Jul 2025,$72.09,1,,,,$79.84,-9.71%,,,,$83.09,4.07%,$0.00,-100.00%,$0.00,-100.00%,REG,NASDAQ:REG,0.355,$83.42,
NYSEAMERICAN:REI,20 Aug 2025,$1.08,,$2.99,3,,$1.04,3.85%,,,,,-100.00%,-$2.00,-292.31%,-$2.00,-292.31%,REI,NYSEAMERICAN:REI,-2.000,,
NASDAQ:REKR,9 Feb 2026,$1.09,3,$4.00,4,,$0.70,55.20%,,,,,-100.00%,-$2.00,-385.71%,-$2.00,-385.71%,REKR,NASDAQ:REKR,-2.000,,
NYSE:RELX,19 Aug 2025,$47.40,3,,,,$32.27,46.88%,,,,,-100.00%,-$2.00,-106.20%,-$2.00,-106.20%,RELX,NYSE:RELX,-2.000,,
NASDAQ:RELY,29 Jan 2026,$17.63,3,$20.20,4,,$24.23,-27.22%,,,,,-100.00%,-$2.00,-108.25%,-$2.00,-108.25%,RELY,NASDAQ:RELY,-2.000,,
NYSEAMERICAN:REPX,12 Feb 2026,,,$36.00,7,,$31.75,13.39%,,,,$33.59,5.80%,$56.92,79.26%,$137.18,332.06%,REPX,NYSEAMERICAN:REPX,0.055,$48.00,-25.00%
NYSE:RES,30 Dec 2025,$6.58,4,$5.50,5,,$5.50,0.00%,,,,,-100.00%,-$2.00,-136.36%,-$2.00,-136.36%,RES,NYSE:RES,-2.000,,
NYSE:REVG,24 Oct 2024,$28.28,3,,,,#N/A,#N/A,,,,,#N/A,-$2.00,#N/A,-$2.00,#N/A,REVG,NYSE:REVG,-2.000,,
NASDAQ:REYN,28 Apr 2026,$27.91,5,$24.00,6,,$26.46,-9.30%,,,,$27.01,2.08%,$75.12,183.90%,$86.31,226.20%,REYN,NASDAQ:REYN,-0.330,$25.14,-4.53%
NYSE:REZI,17 Aug 2025,$32.83,3,$32.00,9,,$32.09,-0.28%,,,,$29.90,-6.82%,$0.00,-100.00%,$0.00,-100.00%,REZI,NYSE:REZI,-0.527,$49.00,-34.69%
NYSE:RF,1 Jun 2026,$29.85,3,$30.31,3,,$30.48,-2.06%,,,,$30.53,0.16%,$0.00,-100.00%,$0.00,-100.00%,RF,NYSE:RF,-0.005,$30.32,-0.03%
NASDAQ:RGLD,16 Aug 2025,$142.50,1,,,,$201.91,-29.43%,,,,$211.19,4.60%,$348.98,72.84%,$408.50,102.32%,RGLD,NASDAQ:RGLD,0.300,$335.33,
NASDAQ:RGNX,23 Dec 2025,$16.55,3,$28.57,9,,$14.83,11.57%,,,,,-100.00%,-$2.00,-113.49%,-$2.00,-113.49%,RGNX,NASDAQ:RGNX,-2.000,,
NASDAQ:RGTI,28 Jul 2025,$11.56,2,,,,$17.96,-35.62%,,,,,-100.00%,-$2.00,-111.14%,-$2.00,-111.14%,RGTI,NASDAQ:RGTI,-2.000,,
NYSE:RH,31 Jul 2024,$352.46,3,,,,$169.00,108.56%,,,,$163.43,-3.30%,$0.00,-100.00%,$0.00,-100.00%,RH,NYSE:RH,-0.183,$158.59,
NYSE:RHI,15 Dec 2025,$46.27,3,$29.57,5,,$33.28,-11.15%,,,,,-100.00%,-$2.00,-106.01%,-$2.00,-106.01%,RHI,NYSE:RHI,-2.000,,
NYSE:RIO,18 Aug 2025,$75.60,5,$64.00,8,,$93.58,-31.61%,,,,,-100.00%,-$2.00,-102.14%,-$2.00,-102.14%,RIO,NYSE:RIO,-2.000,,
NYSE:RITM,12 Aug 2025,$14.18,4,$14.06,8,,$9.23,52.33%,,,,,-100.00%,-$2.00,-121.67%,-$2.00,-121.67%,RITM,NYSE:RITM,-2.000,,
NASDAQ:RIVN,15 Dec 2025,$17.90,3,$20.62,6,,$20.14,-11.11%,,,,$17.88,-11.22%,$25.06,24.43%,$31.63,57.04%,RIVN,NASDAQ:RIVN,-0.338,$18.12,13.80%
NYSE:RJF,18 Feb 2026,$166.94,3,$187.40,5,,$166.41,0.32%,,,,,-100.00%,-$2.00,-101.20%,-$2.00,-101.20%,RJF,NYSE:RJF,-2.000,,
NYSE:RKT,5 Mar 2025,$14.85,3,$13.29,3,,$15.55,-14.53%,,,,$16.35,5.14%,$0.00,-100.00%,$0.00,-100.00%,RKT,NYSE:RKT,0.045,$20.73,-35.89%
NYSE:RLJ,23 Dec 2025,$12.06,3,$8.20,7,,$11.63,-29.49%,,,,,-100.00%,-$2.00,-117.20%,-$2.00,-117.20%,RLJ,NYSE:RLJ,-2.000,,
NYSE:RLX,25 Aug 2025,$2.18,3,,,,$1.96,11.47%,,,,,-100.00%,-$2.00,-202.04%,-$2.00,-202.04%,RLX,NYSE:RLX,-2.000,,
NYSE:RM,19 Nov 2025,$39.22,3,,3,,$41.89,-6.37%,,,,$43.80,4.56%,$178.88,327.02%,$197.28,370.96%,RM,NYSE:RM,0.132,$47.00,
NASDAQ:RMBS,27 Jan 2026,$80.55,1,$113.50,10,,$113.25,-28.88%,,,,$130.07,14.85%,$0.00,-100.00%,$0.00,-100.00%,RMBS,NASDAQ:RMBS,0.062,$139.25,-18.49%
NASDAQ:RMNI,11 Feb 2026,$3.40,3,$5.50,5,,$4.66,-27.01%,,,,,-100.00%,-$2.00,-142.92%,-$2.00,-142.92%,RMNI,NASDAQ:RMNI,-2.000,,
NASDAQ:RNAC,23 Dec 2025,$16.10,3,$34.67,9,,$10.34,55.70%,,,,$9.28,-10.25%,$0.00,-100.00%,$0.00,-100.00%,RNAC,NASDAQ:RNAC,-0.971,$35.57,-2.53%
NYSE:RNG,5 Feb 2026,$39.74,3,$31.25,4,,$39.24,-20.36%,,,,,-100.00%,-$2.00,-105.10%,-$2.00,-105.10%,RNG,NYSE:RNG,-2.000,,
NYSE:RNR,9 Sep 2025,$267.70,4,$269.36,7,,$323.11,-17.15%,,,,$318.27,-1.50%,$0.00,-100.00%,$0.00,-100.00%,RNR,NYSE:RNR,-0.004,$327.07,-17.64%
NYSE:RNST,19 Nov 2025,$35.55,3,$42.67,4,,$42.99,-17.31%,,,,,-100.00%,-$2.00,-104.65%,-$2.00,-104.65%,RNST,NYSE:RNST,-2.000,,
NASDAQ:ROAD,31 Dec 2025,$101.87,2,,,,$108.09,-5.75%,,,,,-100.00%,-$2.00,-101.85%,-$2.00,-101.85%,ROAD,NASDAQ:ROAD,-2.000,,
NYSE:ROG,10 Feb 2026,$105.63,3,$301.50,9,,$141.10,-25.14%,,,,,-100.00%,-$2.00,-101.42%,-$2.00,-101.42%,ROG,NYSE:ROG,-2.000,,
NYSE:ROK,11 Nov 2025,$273.44,1,,,,$482.87,-43.37%,,,,,-100.00%,-$2.00,-100.41%,-$2.00,-100.41%,ROK,NYSE:ROK,-2.000,,
NASDAQ:ROP,2 May 2025,$525.02,3,$640.91,8,,$364.25,44.14%,,,,$349.93,-3.93%,$0.00,-100.00%,$0.00,-100.00%,ROP,NASDAQ:ROP,-0.686,$455.88,40.59%
NASDAQ:ROST,16 Sep 2025,$141.75,2,,,,$211.36,-32.94%,,,,$219.82,4.00%,$0.00,-100.00%,$0.00,-100.00%,ROST,NASDAQ:ROST,0.344,$229.81,
NASDAQ:RPAY,2 Sep 2025,$8.53,3,$7.31,3,,$4.18,74.88%,,,,,-100.00%,-$2.00,-147.85%,-$2.00,-147.85%,RPAY,NASDAQ:RPAY,-2.000,,
NASDAQ:RPD,20 Jan 2026,$22.06,3,$18.18,7,,$10.50,73.14%,,,,,-100.00%,-$2.00,-119.05%,-$2.00,-119.05%,RPD,NASDAQ:RPD,-2.000,,
NASDAQ:RR,19 Nov 2025,$2.75,3,$4.50,6,,$2.09,31.38%,,,,,-100.00%,-$2.00,-195.69%,-$2.00,-195.69%,RR,NASDAQ:RR,-2.000,,
NASDAQ:RRBI,1 Jun 2026,$84.03,3,$94.00,6,,$97.06,-13.43%,,,,,-100.00%,-$2.00,-102.06%,-$2.00,-102.06%,RRBI,NASDAQ:RRBI,-2.000,,
NYSE:RRX,27 Jan 2026,$182.63,5,$180.29,6,,$217.91,-17.26%,,,,$236.96,8.74%,$207.51,-4.77%,$241.21,10.69%,RRX,NYSE:RRX,0.262,$242.44,-25.64%
NYSE:RS,24 Aug 2025,$278.17,3,$327.75,9,,$377.56,-26.33%,,,,$386.40,2.34%,$0.00,-100.00%,$0.00,-100.00%,RS,NYSE:RS,0.344,$357.75,-8.39%
NYSE:RTX,18 Aug 2025,$145.60,2,$168.14,8,,$201.37,-27.70%,,,,$204.25,1.43%,$275.38,36.76%,$333.47,65.60%,RTX,NYSE:RTX,0.254,$216.02,-22.16%
NASDAQ:RUN,19 Jan 2026,$14.49,2,$23.86,8,,$12.97,11.70%,,,,,-100.00%,-$2.00,-115.42%,-$2.00,-115.42%,RUN,NASDAQ:RUN,-2.000,,
NASDAQ:RXST,11 Dec 2025,$19.74,3,$9.80,1,,$5.60,75.00%,,,,,-100.00%,-$2.00,-135.71%,-$2.00,-135.71%,RXST,NASDAQ:RXST,-2.000,,
NASDAQ:RXT,9 Feb 2026,$0.88,3,$1.35,4,,$6.43,-86.37%,,,,,-100.00%,-$2.00,-131.10%,-$2.00,-131.10%,RXT,NASDAQ:RXT,-2.000,,
NYSE:RYI,24 Aug 2025,$26.20,3,$24.00,4,,#N/A,#N/A,,,,,#N/A,-$2.00,#N/A,-$2.00,#N/A,RYI,NYSE:RYI,-2.000,,
NASDAQ:SABR,11 Feb 2026,$2.46,3,$2.95,2,,$2.13,15.28%,,,,,-100.00%,-$2.00,-193.90%,-$2.00,-193.90%,SABR,NASDAQ:SABR,-2.000,,
NYSE:SAM,20 Mar 2026,$295.72,5,$238.40,3,,$179.82,32.58%,,,,,-100.00%,-$2.00,-101.11%,-$2.00,-101.11%,SAM,NYSE:SAM,-2.000,,
NYSE:SAN,11 Sep 2025,$7.72,2,,,,$14.37,-46.26%,,,,,-100.00%,-$2.00,-113.92%,-$2.00,-113.92%,SAN,NYSE:SAN,-2.000,,
NASDAQ:SANM,27 Jan 2026,$128.36,1,$180.00,9,,$217.61,-41.01%,,,,,-100.00%,-$2.00,-100.92%,-$2.00,-100.92%,SANM,NASDAQ:SANM,-2.000,,
NYSE:SAP,19 Jan 2026,$252.69,3,$275.84,9,,$160.49,57.45%,,,,,-100.00%,-$2.00,-101.25%,-$2.00,-101.25%,SAP,NYSE:SAP,-2.000,,
NASDAQ:SBCF,19 Nov 2025,$31.14,3,$34.17,5,,$33.18,-6.15%,,,,$33.37,0.57%,$0.00,-100.00%,$0.00,-100.00%,SBCF,NASDAQ:SBCF,-0.075,$35.08,-2.59%
NASDAQ:SBGI,23 Dec 2025,$15.71,3,$19.20,5,,$15.14,3.75%,,,,,-100.00%,-$2.00,-113.21%,-$2.00,-113.21%,SBGI,NASDAQ:SBGI,-2.000,,
NASDAQ:SBLK,16 Feb 2026,$23.85,3,,6,,$26.12,-8.67%,,,,,-100.00%,-$2.00,-107.66%,-$2.00,-107.66%,SBLK,NASDAQ:SBLK,-2.000,,
NYSE:SBS,23 Jun 2026,$5.49,3,,1,,$5.81,-5.44%,-5.44%,$5.49,$5.49,,-100.00%,-$2.00,-134.42%,-$2.00,-134.42%,SBS,NYSE:SBS,-2.000,,
NASDAQ:SBSI,14 Oct 2025,$30.23,3,$34.50,3,,$34.59,-12.60%,,,,,-100.00%,-$2.00,-105.78%,-$2.00,-105.78%,SBSI,NYSE:SBSI,-2.000,,
NYSE:SBSI,1 Jun 2026,$34.46,3,$35.50,6,,$34.59,-0.38%,,,,,-100.00%,-$2.00,-105.78%,-$2.00,-105.78%,SBSI,NYSE:SBSI,-2.000,,
NYSE:SCHW,24 Jun 2026,$96.20,3,$116.58,7,3.43,$100.62,-4.39%,-4.39%,$96.20,$116.58,$100.41,-0.21%,$0.00,-100.00%,$0.00,-100.00%,SCHW,NYSE:SCHW,0.471,$115.25,1.15%
NASDAQ:SCNX,6 Jun 2025,$1.16,3,,,,$0.35,230.86%,,,,$0.33,-5.71%,-$179.04,-51254.12%,$468.61,133789.09%,SCNX,NASDAQ:SCNX,-0.286,$1.50,
NYSE:SCS,28 Oct 2024,$12.86,3,,,,#N/A,#N/A,,,,,#N/A,-$2.00,#N/A,-$2.00,#N/A,SCS,NYSE:SCS,-2.000,,
NASDAQ:SCSC,19 Nov 2025,$53.05,5,$43.00,3,,$51.39,-16.33%,,,,$50.67,-1.40%,$78.10,51.97%,$89.63,74.40%,SCSC,NASDAQ:SCSC,-0.417,$51.67,-16.78%
NYSE:SD,22 Jan 2026,$15.77,3,,5,,$13.12,20.22%,,,,,-100.00%,-$2.00,-115.24%,-$2.00,-115.24%,SD,NYSE:SD,-2.000,,
NYSE:SE,19 Aug 2025,$134.13,1,,,,$105.00,27.75%,,,,,-100.00%,-$2.00,-101.90%,-$2.00,-101.90%,SE,NYSE:SE,-2.000,,
NASDAQ:SEIC,27 Aug 2025,$87.30,2,,,,$94.99,-8.09%,,,,,-100.00%,-$2.00,-102.11%,-$2.00,-102.11%,SEIC,NASDAQ:SEIC,-2.000,,
NYSE:SEM,27 Apr 2026,$23.31,5,$16.50,8,,$16.51,-0.06%,,,,$8.35,-49.42%,$0.00,-100.00%,$0.00,-100.00%,SEM,NYSE:SEM,-0.101,$16.62,-0.72%
NYSE:SEMR,5 Feb 2026,$14.95,4,,,,#N/A,#N/A,,,,,#N/A,-$2.00,#N/A,-$2.00,#N/A,SEMR,NYSE:SEMR,-2.000,,
NYSEAMERICAN:SENS,28 Oct 2025,$7.44,1,$2.69,1,,$5.63,-52.22%,,,,,-100.00%,-$2.00,-135.52%,-$2.00,-135.52%,SENS,NASDAQ:SENS,-2.000,,
NASDAQ:SENS,23 Dec 2025,$8.28,4,$18.92,6,,$5.63,47.15%,,,,,-100.00%,-$2.00,-135.52%,-$2.00,-135.52%,SENS,NASDAQ:SENS,-2.000,,
NASDAQ:SERV,11 Nov 2025,$12.60,3,$20.50,2,,$6.45,95.41%,,,,,-100.00%,-$2.00,-131.01%,-$2.00,-131.01%,SERV,NASDAQ:SERV,-2.000,,
NYSE:SF,29 Jun 2026,$83.09,3,$84.00,6,3.63,$75.09,10.66%,10.66%,$83.09,$87.75,$76.54,1.93%,$0.00,-100.00%,$0.00,-100.00%,SF,NYSE:SF,0.718,$87.75,-4.27%
NYSE:SFBS,16 Mar 2026,$84.39,4,$91.00,8,,$87.80,-3.89%,,,,$87.46,-0.39%,$0.00,-100.00%,$0.00,-100.00%,SFBS,NYSE:SFBS,-0.075,$93.67,-2.85%
NASDAQ:SFM,19 Mar 2026,$146.44,3,$91.64,9,,$86.57,5.86%,,,,,-100.00%,-$2.00,-102.31%,-$2.00,-102.31%,SFM,NASDAQ:SFM,-2.000,,
NASDAQ:SFNC,2 Oct 2025,$20.10,3,$22.60,8,,$22.77,-11.74%,,,,$23.80,4.52%,$0.00,-100.00%,$0.00,-100.00%,SFNC,NASDAQ:SFNC,0.072,$23.57,-4.12%
NASDAQ:SFST,13 Apr 2026,$53.20,3,$64.00,7,,$61.24,-13.13%,,,,,-100.00%,-$2.00,-103.27%,-$2.00,-103.27%,SFST,NASDAQ:SFST,-2.000,,
NYSE:SG,22 Sep 2025,$11.88,3,$14.64,2,,$8.05,47.59%,,,,,-100.00%,-$2.00,-124.84%,-$2.00,-124.84%,SG,NYSE:SG,-2.000,,
NYSE:SGHC,28 Oct 2025,$9.69,2,,,,$14.67,-33.98%,,,,,-100.00%,-$2.00,-113.63%,-$2.00,-113.63%,SGHC,NYSE:SGHC,-2.000,,
NASDAQ:SGHT,11 Dec 2025,$10.39,3,$6.67,5,,$5.48,21.72%,,,,,-100.00%,-$2.00,-136.50%,-$2.00,-136.50%,SGHT,NASDAQ:SGHT,-2.000,,
NASDAQ:SGML,12 Aug 2025,$7.24,3,,,,$12.37,-41.46%,,,,,-100.00%,-$2.00,-116.17%,-$2.00,-116.17%,SGML,NASDAQ:SGML,-2.000,,
NASDAQ:SGRY,24 Aug 2025,$30.88,4,$30.70,8,,$17.00,80.59%,,,,,-100.00%,-$2.00,-111.76%,-$2.00,-111.76%,SGRY,NASDAQ:SGRY,-2.000,,
NYSE:SHAK,19 Sep 2025,$85.64,2,$132.93,5,,$54.18,58.07%,,,,,-100.00%,-$2.00,-103.69%,-$2.00,-103.69%,SHAK,NYSE:SHAK,-2.000,,
NASDAQ:SHBI,19 Mar 2026,$18.10,3,$20.50,6,,$22.88,-20.90%,,,,$23.12,1.05%,$0.00,-100.00%,$0.00,-100.00%,SHBI,NASDAQ:SHBI,-0.249,$21.38,-4.12%
NYSE:SHG,19 Nov 2025,$55.13,3,,5,,$70.49,-21.79%,,,,$65.98,-6.40%,$0.00,-100.00%,$0.00,-100.00%,SHG,NYSE:SHG,-0.462,$91.71,
NASDAQ:SHIP,16 Feb 2026,$10.93,3,$16.00,10,,$14.20,-23.04%,,,,$13.42,-5.49%,$73.97,420.92%,$102.40,621.13%,SHIP,NASDAQ:SHIP,-0.220,$17.50,-8.57%
NASDAQ:SHLS,9 Feb 2026,$7.09,2,$10.69,7,,$10.58,-33.03%,,,,,-100.00%,-$2.00,-118.90%,-$2.00,-118.90%,SHLS,NASDAQ:SHLS,-2.000,,
NASDAQ:SHOP,22 Jan 2026,$148.25,3,$180.62,6,,$120.14,23.40%,,,,,-100.00%,-$2.00,-101.66%,-$2.00,-101.66%,SHOP,NASDAQ:SHOP,-2.000,,
NASDAQ:SHPH,28 Oct 2025,$5.16,3,,,,$3.50,47.31%,,,,,-100.00%,-$2.00,-157.14%,-$2.00,-157.14%,SHPH,NASDAQ:SHPH,-2.000,,
NYSE:SHW,15 May 2024,$256.70,1,,,,$349.13,-26.47%,,,,$360.70,3.31%,$0.00,-100.00%,$0.00,-100.00%,SHW,NYSE:SHW,0.270,$378.19,
NASDAQ:SIBN,11 Dec 2025,$22.76,3,$23.20,6,,$17.68,28.73%,,,,,-100.00%,-$2.00,-111.31%,-$2.00,-111.31%,SIBN,NASDAQ:SIBN,-2.000,,
NYSE:SIG,27 Mar 2026,$92.19,3,$113.60,10,,$81.86,12.62%,,,,$81.77,-0.11%,$0.00,-100.00%,$0.00,-100.00%,SIG,NYSE:SIG,-0.206,$110.78,2.55%
NASDAQ:SILC,9 Feb 2026,$16.71,3,,4,,$43.57,-61.66%,,,,,-100.00%,-$2.00,-104.59%,-$2.00,-104.59%,SILC,NASDAQ:SILC,-2.000,,
NASDAQ:SIMO,27 Jan 2026,$94.86,1,$119.17,10,,$318.86,-70.25%,,,,,-100.00%,-$2.00,-100.63%,-$2.00,-100.63%,SIMO,NASDAQ:SIMO,-2.000,,
NASDAQ:SIRI,5 May 2025,$31.75,3,$22.14,6,,$30.75,-28.00%,,,,,-100.00%,-$2.00,-106.50%,-$2.00,-106.50%,SIRI,NASDAQ:SIRI,-2.000,,
NYSE:SITC,30 Jun 2026,$6.94,5,$6.00,3,4.45,$4.25,41.18%,41.18%,$6.00,$6.94,$4.88,14.82%,$24.29,471.52%,$92.36,2073.13%,SITC,NYSE:SITC,0.913,$6.00,0.00%
NASDAQ:SITM,5 Feb 2026,$354.78,3,,,,$615.46,-42.36%,,,,,-100.00%,-$2.00,-100.32%,-$2.00,-100.32%,SITM,NASDAQ:SITM,-2.000,,
NYSE:SJM,18 Aug 2025,$126.48,5,$113.93,4,,$111.66,2.03%,,,,$115.60,3.53%,$0.00,-100.00%,$0.00,-100.00%,SJM,NYSE:SJM,-0.341,$120.25,-5.26%
NYSE:SKE,24 Oct 2025,$9.86,2,,,,$28.16,-64.99%,,,,,-100.00%,-$2.00,-107.10%,-$2.00,-107.10%,SKE,NYSE:SKE,-2.000,,
NASDAQ:SKWD,26 Aug 2025,$42.11,3,,,,$60.20,-30.05%,,,,,-100.00%,-$2.00,-103.32%,-$2.00,-103.32%,SKWD,NASDAQ:SKWD,-2.000,,
NYSE:SKY,31 Mar 2026,$97.81,5,$102.33,4,,$83.68,16.89%,,,,$85.04,1.63%,$147.36,76.10%,$155.71,86.08%,SKY,NYSE:SKY,-0.149,$95.40,7.26%
NASDAQ:SKYT,26 May 2026,$23.87,3,$35.00,8,,$34.09,-29.97%,,,,,-100.00%,-$2.00,-105.87%,-$2.00,-105.87%,SKYT,NASDAQ:SKYT,-2.000,,
NASDAQ:SLAB,27 Jan 2026,$111.32,1,,,,$217.57,-48.84%,,,,,-100.00%,-$2.00,-100.92%,-$2.00,-100.92%,SLAB,NASDAQ:SLAB,-2.000,,
NYSE:SLB,2 Jul 2026,$49.71,4,$63.13,9,4.40,$45.72,8.73%,8.73%,$49.71,$63.13,$48.37,5.80%,$85.32,86.62%,$103.26,125.86%,SLB,NYSE:SLB,0.915,$56.36,12.01%
NYSE:SLGN,29 Aug 2025,$46.96,3,$59.57,7,,$46.17,1.71%,,,,,-100.00%,-$2.00,-104.33%,-$2.00,-104.33%,SLGN,NYSE:SLGN,-2.000,,
NASDAQ:SLM,30 Jun 2026,$31.97,4,$28.50,7,3.53,$25.53,11.63%,11.63%,$28.50,$31.97,$26.63,4.31%,$0.00,-100.00%,$0.00,-100.00%,SLM,NASDAQ:SLM,0.242,$29.00,-1.72%
NYSE:SM,20 Sep 2025,$40.61,3,$36.25,6,,$26.35,37.57%,,,,,-100.00%,-$2.00,-107.59%,-$2.00,-107.59%,SM,NYSE:SM,-2.000,,
NASDAQ:SMBK,7 Oct 2025,$38.18,3,$37.00,5,,$47.08,-21.41%,,,,,-100.00%,-$2.00,-104.25%,-$2.00,-104.25%,SMBK,NYSE:SMBK,-2.000,,
NYSE:SMFG,19 Aug 2025,$16.00,3,,,,$25.51,-37.26%,,,,,-100.00%,-$2.00,-107.84%,-$2.00,-107.84%,SMFG,NYSE:SMFG,-2.000,,
NASDAQ:SMLR,11 Dec 2025,$21.60,3,$68.50,4,,#N/A,#N/A,,,,,#N/A,-$2.00,#N/A,-$2.00,#N/A,SMLR,NASDAQ:SMLR,-2.000,,
NYSE:SMR,14 Jan 2026,$19.90,3,$32.77,7,,$9.61,107.08%,,,,,-100.00%,-$2.00,-120.81%,-$2.00,-120.81%,SMR,NYSE:SMR,-2.000,,
NYSE:SNDA,15 Nov 2024,$24.98,3,,,,$41.18,-39.34%,,,,,-100.00%,-$2.00,-104.86%,-$2.00,-104.86%,SNDA,NYSE:SNDA,-2.000,,
NYSE:SNN,11 Dec 2025,$33.47,3,$35.75,3,,$30.55,9.56%,,,,,-100.00%,-$2.00,-106.55%,-$2.00,-106.55%,SNN,NYSE:SNN,-2.000,,
NASDAQ:SNSE,28 Oct 2025,$14.48,3,$30.00,,,#N/A,#N/A,,,,,#N/A,-$2.00,#N/A,-$2.00,#N/A,SNSE,NASDAQ:SNSE,-2.000,,
NYSE:SNV,18 Nov 2025,$47.73,3,$56.00,4,,#N/A,#N/A,,,,,#N/A,-$2.00,#N/A,-$2.00,#N/A,SNV,NYSE:SNV,-2.000,,
NYSE:SO,24 Oct 2025,$88.60,2,,,,$95.99,-7.70%,,,,,-100.00%,-$2.00,-102.08%,-$2.00,-102.08%,SO,NYSE:SO,-2.000,,
NASDAQ:SOFI,7 Jul 2025,$14.49,2,,,,$18.61,-22.14%,,,,,-100.00%,-$2.00,-110.75%,-$2.00,-110.75%,SOFI,NASDAQ:SOFI,-2.000,,
NYSE:SON,19 Nov 2025,$53.35,3,$52.43,10,,$57.00,-8.02%,,,,$56.14,-1.51%,$0.00,-100.00%,$0.00,-100.00%,SON,NYSE:SON,-0.484,$60.89,-13.89%
NASDAQ:SONO,22 Jan 2026,$16.57,3,$19.67,8,,$13.60,21.86%,,,,,-100.00%,-$2.00,-114.71%,-$2.00,-114.71%,SONO,NASDAQ:SONO,-2.000,,
NYSE:SONY,18 Feb 2026,$26.99,4,$32.00,8,,$21.16,27.55%,,,,$20.74,-1.98%,$59.33,180.40%,$75.49,256.74%,SONY,NYSE:SONY,-0.211,$28.54,12.12%
NASDAQ:SOUN,28 Jul 2025,$8.77,2,,,,$6.96,26.01%,,,,,-100.00%,-$2.00,-128.74%,-$2.00,-128.74%,SOUN,NASDAQ:SOUN,-2.000,,
NASDAQ:SPFI,19 Nov 2025,$37.17,3,$43.00,2,,$42.49,-12.52%,,,,,-100.00%,-$2.00,-104.71%,-$2.00,-104.71%,SPFI,NASDAQ:SPFI,-2.000,,
NYSE:SPGI,25 Jun 2026,$468.23,5,,,,$447.22,4.70%,4.70%,$468.23,$468.23,,-100.00%,-$2.00,-100.45%,-$2.00,-100.45%,SPGI,NYSE:SPGI,-2.000,,
NYSE:SPOT,19 May 2025,$495.00,2,$659.00,7,,$483.01,2.48%,,,,$460.19,-4.72%,$0.00,-100.00%,$0.00,-100.00%,SPOT,NYSE:SPOT,-0.771,$644.76,2.21%
NASDAQ:SPSC,10 Feb 2026,$142.13,3,$102.87,2,,$60.05,71.31%,,,,$57.79,-3.76%,$0.00,-100.00%,$0.00,-100.00%,SPSC,NASDAQ:SPSC,-0.644,$68.09,51.08%
NASDAQ:SPWR,9 Feb 2026,$1.50,3,,,,$0.60,150.00%,,,,$0.00,-100.00%,$0.00,-100.00%,$0.00,-100.00%,SPWR,NASDAQ:SPWR,-1.000,$4.70,
NYSE:SPXC,16 May 2025,$153.79,3,$180.00,7,,$232.19,-33.77%,,,,$222.00,-4.39%,$0.00,-100.00%,$0.00,-100.00%,SPXC,NYSE:SPXC,-0.445,$265.42,-32.18%
NYSE:SQNS,4 Feb 2026,$12.48,3,$14.50,5,,$3.23,286.38%,,,,,-100.00%,-$2.00,-161.92%,-$2.00,-161.92%,SQNS,NYSE:SQNS,-2.000,,
NASDAQ:SRCE,19 Nov 2025,$63.63,3,,,,$82.35,-22.73%,,,,,-100.00%,-$2.00,-102.43%,-$2.00,-102.43%,SRCE,NASDAQ:SRCE,-2.000,,
NASDAQ:SSB,9 Oct 2025,$96.36,3,,,,$100.84,-4.44%,,,,,-100.00%,-$2.00,-101.98%,-$2.00,-101.98%,SSB,NYSE:SSB,-2.000,,
NYSE:SSB,19 Nov 2025,$91.92,3,,,,$100.84,-8.85%,,,,,-100.00%,-$2.00,-101.98%,-$2.00,-101.98%,SSB,NYSE:SSB,-2.000,,
NASDAQ:SSNC,22 Jan 2026,$86.73,3,$103.29,6,,$65.32,32.78%,,,,$63.82,-2.30%,$0.00,-100.00%,$0.00,-100.00%,SSNC,NASDAQ:SSNC,-0.615,$94.78,8.98%
NASDAQ:SSRM,19 Aug 2025,$11.31,2,,,,$30.64,-63.09%,,,,,-100.00%,-$2.00,-106.53%,-$2.00,-106.53%,SSRM,NASDAQ:SSRM,-2.000,,
NYSE:ST,16 Feb 2026,$42.55,5,$38.40,4,,$46.12,-16.74%,,,,,-100.00%,-$2.00,-104.34%,-$2.00,-104.34%,ST,NYSE:ST,-2.000,,
NYSE:STAG,19 Aug 2025,$40.11,5,$38.25,9,,$39.10,-2.17%,,,,$40.38,3.27%,$0.00,-100.00%,$0.00,-100.00%,STAG,NYSE:STAG,0.491,$41.45,-7.72%
NASDAQ:STBA,27 May 2026,$47.60,3,$44.00,7,,$49.36,-10.86%,,,,,-100.00%,-$2.00,-104.05%,-$2.00,-104.05%,STBA,NASDAQ:STBA,-2.000,,
NYSE:STC,6 Jan 2025,$58.82,3,$83.00,2,,$67.87,-13.34%,,,,,-100.00%,-$2.00,-102.95%,-$2.00,-102.95%,STC,NYSE:STC,-2.000,,
NYSE:STE,4 Dec 2025,$261.00,3,$290.00,2,,$213.28,22.37%,,,,,-100.00%,-$2.00,-100.94%,-$2.00,-100.94%,STE,NYSE:STE,-2.000,,
NYSE:STEL,19 Nov 2025,$31.12,3,$32.50,5,,$39.32,-20.85%,,,,,-100.00%,-$2.00,-105.09%,-$2.00,-105.09%,STEL,NYSE:STEL,-2.000,,
NASDAQ:STIM,4 Dec 2025,$1.24,3,,4,,$1.56,-20.72%,,,,,-100.00%,-$2.00,-228.21%,-$2.00,-228.21%,STIM,NASDAQ:STIM,-2.000,,
NASDAQ:STKL,24 Aug 2025,$6.28,3,$10.00,3,,#N/A,#N/A,,,,,#N/A,-$2.00,#N/A,-$2.00,#N/A,STKL,NASDAQ:STKL,-2.000,,
NYSE:STLA,15 Dec 2025,$15.78,3,$11.43,6,,$5.80,97.07%,,,,,-100.00%,-$2.00,-134.48%,-$2.00,-134.48%,STLA,NYSE:STLA,-2.000,,
NASDAQ:STLD,20 Aug 2024,$128.16,3,,,,$227.07,-43.56%,,,,$219.20,-3.47%,$0.00,-100.00%,$0.00,-100.00%,STLD,NASDAQ:STLD,-0.062,$227.61,
NYSE:STM,5 Feb 2026,$31.81,3,,,,$71.39,-55.44%,,,,,-100.00%,-$2.00,-102.80%,-$2.00,-102.80%,STM,NYSE:STM,-2.000,,
NYSE:STN,23 Aug 2024,$76.85,2,,,,$70.69,8.72%,,,,,-100.00%,-$2.00,-102.83%,-$2.00,-102.83%,STN,NYSE:STN,-2.000,,
NASDAQ:STNE,1 Dec 2025,$15.75,3,$21.00,6,,$10.95,43.82%,,,,$11.32,3.38%,-$10.40,-195.02%,-$0.23,-102.07%,STNE,NASDAQ:STNE,-0.004,$19.51,7.64%
NASDAQ:STRL,12 Jun 2025,$186.70,3,,,,$717.11,-73.96%,,,,$812.98,13.37%,$0.00,-100.00%,$0.00,-100.00%,STRL,NASDAQ:STRL,0.337,$609.80,
NYSE:STT,22 Feb 2026,$119.80,2,$144.32,7,,$175.96,-31.92%,,,,$170.16,-3.30%,$0.00,-100.00%,$0.00,-100.00%,STT,NYSE:STT,-0.075,$149.75,-3.63%
NYSE:STVN,16 Feb 2026,$17.21,3,$23.83,3,,$19.28,-10.73%,,,,$19.33,0.26%,-$12.69,-165.80%,$14.16,-26.55%,STVN,NYSE:STVN,0.046,$24.72,-3.60%
NYSE:SU,30 Jun 2026,$58.27,3,$71.58,9,3.88,$54.91,6.12%,6.12%,$58.27,$71.58,$57.76,5.19%,$92.29,68.08%,$151.96,176.74%,SU,NYSE:SU,0.805,$61.37,16.64%
NASDAQ:SUPN,23 Dec 2025,$50.64,3,$61.33,10,,$47.24,7.19%,,,,$46.57,-1.42%,$0.00,-100.00%,$0.00,-100.00%,SUPN,NASDAQ:SUPN,-0.656,$62.67,-2.14%
NYSE:SUPV,19 Nov 2025,$12.63,4,$12.00,5,,$10.14,18.34%,,,,,-100.00%,-$2.00,-119.72%,-$2.00,-119.72%,SUPV,NYSE:SUPV,-2.000,,
NYSEAMERICAN:SVM,20 Aug 2025,$6.52,0,,1,,$9.96,-34.54%,,,,,-100.00%,-$2.00,-120.08%,-$2.00,-120.08%,SVM,NYSEAMERICAN:SVM,-2.000,,
NYSE:SW,22 Aug 2025,$50.29,5,$54.66,8,,$45.64,10.19%,,,,,-100.00%,-$2.00,-104.38%,-$2.00,-104.38%,SW,NYSE:SW,-2.000,,
NASDAQ:SWKS,27 Apr 2026,$82.45,5,$63.83,1,,$61.91,3.10%,,,,$70.70,14.20%,$148.23,139.43%,$179.70,190.26%,SWKS,NASDAQ:SWKS,0.727,$67.16,-4.96%
NYSE:SXI,11 Nov 2025,$213.24,3,$264.25,5,,$319.78,-33.32%,,,,,-100.00%,-$2.00,-100.63%,-$2.00,-100.63%,SXI,NYSE:SXI,-2.000,,
NASDAQ:SYBT,13 Apr 2026,$73.37,3,$77.00,4,,$77.84,-5.74%,,,,,-100.00%,-$2.00,-102.57%,-$2.00,-102.57%,SYBT,NASDAQ:SYBT,-2.000,,
NYSE:SYF,19 Feb 2026,$71.94,3,$91.60,6,,$77.05,-6.63%,,,,,-100.00%,-$2.00,-102.60%,-$2.00,-102.60%,SYF,NYSE:SYF,-2.000,,
NYSE:SYK,11 Dec 2025,$359.86,3,$434.53,3,,$324.73,10.82%,,,,,-100.00%,-$2.00,-100.62%,-$2.00,-100.62%,SYK,NYSE:SYK,-2.000,,
NASDAQ:SYM,19 Nov 2025,$41.10,2,$52.14,6,,$44.46,-7.57%,,,,,-100.00%,-$2.00,-104.50%,-$2.00,-104.50%,SYM,NASDAQ:SYM,-2.000,,
NASDAQ:SYNA,27 Jan 2026,$98.81,4,$93.33,9,,$124.21,-24.86%,,,,,-100.00%,-$2.00,-101.61%,-$2.00,-101.61%,SYNA,NASDAQ:SYNA,-2.000,,
NYSE:SYY,23 Aug 2024,$74.21,3,,,,$84.23,-11.90%,,,,$84.09,-0.17%,$0.00,-100.00%,$0.00,-100.00%,SYY,NYSE:SYY,-0.024,$86.20,
NYSE:TAK,19 Oct 2025,$15.76,5,$18.00,6,,$16.89,-6.69%,,,,,-100.00%,-$2.00,-111.84%,-$2.00,-111.84%,TAK,NYSE:TAK,-2.000,,
NYSE:TAL,20 Aug 2025,$11.69,3,$12.31,4,,$9.91,17.95%,,,,$0.00,-100.00%,$0.00,-100.00%,$0.00,-100.00%,TAL,NYSE:TAL,-1.000,$15.61,-21.14%
NASDAQ:TASK,30 Jan 2026,$15.02,3,$15.90,2,,#N/A,#N/A,,,,,#N/A,-$2.00,#N/A,-$2.00,#N/A,TASK,NASDAQ:TASK,-2.000,,
NASDAQ:TATT,24 Oct 2025,$40.25,3,,,,$47.79,-15.78%,,,,,-100.00%,-$2.00,-104.18%,-$2.00,-104.18%,TATT,NASDAQ:TATT,-2.000,,
NYSE:TBB,6 Nov 2025,$23.22,1,,1,,$22.69,2.34%,,,,$21.34,-5.95%,$0.00,-100.00%,$0.00,-100.00%,TBB,NYSE:TBB,0.452,,
NYSE:TBBB,13 Jun 2025,$23.99,3,,,,$41.92,-42.77%,,,,,-100.00%,-$2.00,-104.77%,-$2.00,-104.77%,TBBB,NYSE:TBBB,-2.000,,
NASDAQ:TBBK,1 Jun 2026,$64.98,3,$66.00,4,,$64.94,0.07%,,,,,-100.00%,-$2.00,-103.08%,-$2.00,-103.08%,TBBK,NASDAQ:TBBK,-2.000,,
NASDAQ:TBCH,27 Jan 2026,$17.12,3,$19.75,6,,$12.38,38.29%,,,,,-100.00%,-$2.00,-116.16%,-$2.00,-116.16%,TBCH,NASDAQ:TBCH,-2.000,,
NYSE:TBN,11 Dec 2025,$26.01,3,$37.75,8,,$31.39,-17.14%,,,,,-100.00%,-$2.00,-106.37%,-$2.00,-106.37%,TBN,NYSE:TBN,-2.000,,
NASDAQ:TBRG,31 Dec 2025,$24.09,3,$21.00,5,,$26.25,-20.00%,,,,,-100.00%,-$2.00,-107.62%,-$2.00,-107.62%,TBRG,NASDAQ:TBRG,-2.000,,
NASDAQ:TCBI,27 May 2026,$96.83,3,$105.20,4,,$105.32,-8.06%,,,,,-100.00%,-$2.00,-101.90%,-$2.00,-101.90%,TCBI,NASDAQ:TCBI,-2.000,,
NASDAQ:TCBK,27 May 2026,$51.81,3,$63.00,3,,$54.13,-4.29%,,,,,-100.00%,-$2.00,-103.69%,-$2.00,-103.69%,TCBK,NASDAQ:TCBK,-2.000,,
NYSE:TCBX,1 Jun 2026,$39.78,3,$45.00,5,,$40.45,-1.65%,,,,,-100.00%,-$2.00,-104.94%,-$2.00,-104.94%,TCBX,NYSE:TCBX,-2.000,,
NASDAQ:TCMD,4 Dec 2025,$31.83,5,$26.67,8,,$31.87,-16.32%,,,,$29.81,-6.46%,$0.00,-100.00%,$0.00,-100.00%,TCMD,NASDAQ:TCMD,-0.485,$38.50,-30.73%
NYSE:TD,19 Aug 2025,$67.13,3,$73.85,7,,$120.64,-44.36%,,,,$124.87,3.51%,$0.00,-100.00%,$0.00,-100.00%,TD,NYSE:TD,0.136,$98.92,-25.34%
NYSE:TDC,11 Feb 2026,$35.11,5,$32.80,10,,$36.44,-9.99%,,,,,-100.00%,-$2.00,-105.49%,-$2.00,-105.49%,TDC,NYSE:TDC,-2.000,,
NYSE:TDG,20 Sep 2024,"$1,185.75",2,"$1,509.83",4,,"$1,346.12",-11.91%,,,,,-100.00%,-$2.00,-100.15%,-$2.00,-100.15%,TDG,NYSE:TDG,-2.000,,
NYSE:TDOC,22 Aug 2025,$12.69,3,$9.06,7,,$9.29,-2.48%,,,,$9.43,1.51%,$0.00,-100.00%,$0.00,-100.00%,TDOC,NYSE:TDOC,0.207,$7.14,26.89%
NASDAQ:TEAM,11 Dec 2025,$216.58,3,$237.35,8,,$85.50,153.31%,,,,$80.19,-6.21%,$0.00,-100.00%,$0.00,-100.00%,TEAM,NASDAQ:TEAM,-0.833,$141.70,67.50%
NYSE:TEL,19 Jan 2026,$189.61,1,$275.58,6,,$200.15,-5.27%,,,,$208.89,4.37%,$0.00,-100.00%,$0.00,-100.00%,TEL,NYSE:TEL,0.021,$264.47,4.20%
NYSE:TEN,29 Apr 2026,$34.19,3,$50.00,8,,$37.86,-9.69%,,,,$38.78,2.43%,$0.00,-100.00%,$0.00,-100.00%,TEN,NYSE:TEN,0.094,$46.00,8.70%
NASDAQ:TENB,23 Dec 2025,$34.90,3,$37.75,7,,$41.29,-15.48%,,,,$37.12,-10.10%,$0.00,-100.00%,$0.00,-100.00%,TENB,NASDAQ:TENB,-0.560,$27.05,39.56%
NYSE:TEO,18 Sep 2025,$8.99,5,$9.60,3,,$13.02,-30.95%,,,,,-100.00%,-$2.00,-115.36%,-$2.00,-115.36%,TEO,NYSE:TEO,-2.000,,
NASDAQ:TER,19 Jan 2026,$152.12,1,$213.18,7,,$379.52,-59.92%,,,,,-100.00%,-$2.00,-100.53%,-$2.00,-100.53%,TER,NASDAQ:TER,-2.000,,
NYSE:TFC,19 Nov 2025,$46.61,3,$49.70,7,,$51.42,-9.35%,,,,$50.84,-1.13%,$0.00,-100.00%,$0.00,-100.00%,TFC,NYSE:TFC,-0.257,$54.82,-9.34%
NASDAQ:TFIN,2 Oct 2025,$64.43,3,$64.00,1,,$78.68,-18.66%,,,,,-100.00%,-$2.00,-102.54%,-$2.00,-102.54%,TFIN,NYSE:TFIN,-2.000,,
NYSE:TFIN,19 Nov 2025,$53.40,3,,,,$78.68,-32.13%,,,,$77.43,-1.59%,$0.00,-100.00%,$0.00,-100.00%,TFIN,NYSE:TFIN,-0.190,$68.80,
NYSE:TFPM,16 Aug 2025,$20.81,1,,,,$30.08,-30.81%,,,,$32.24,7.18%,$57.93,92.58%,$64.22,113.51%,TFPM,NYSE:TFPM,0.277,$45.00,
NASDAQ:TFSL,12 Oct 2025,$12.76,3,$13.50,4,,$17.87,-28.59%,,,,,-100.00%,-$2.00,-111.19%,-$2.00,-111.19%,TFSL,NASDAQ:TFSL,-2.000,,
NYSE:TGLS,23 Aug 2025,$69.51,3,,,,$44.55,56.02%,,,,,-100.00%,-$2.00,-104.49%,-$2.00,-104.49%,TGLS,NYSE:TGLS,-2.000,,
NYSE:TGS,19 Nov 2025,$29.26,3,$13.33,7,,$29.63,-55.01%,,,,$29.89,0.88%,$36.72,23.93%,$81.89,176.37%,TGS,NYSE:TGS,0.027,$38.21,-65.11%
NYSE:TGT,21 Sep 2025,$120.25,3,$103.27,3,,$126.10,-18.10%,,,,$136.00,7.85%,$0.00,-100.00%,$0.00,-100.00%,TGT,NYSE:TGT,0.411,$125.53,-17.73%
NASDAQ:THFF,27 May 2026,$67.98,3,$70.00,5,,$77.02,-11.73%,,,,$77.48,0.60%,$0.00,-100.00%,$0.00,-100.00%,THFF,NASDAQ:THFF,-0.113,$71.50,-2.10%
NYSE:THO,29 Jul 2024,$143.00,5,,,,$75.73,88.83%,,,,$78.69,3.91%,$0.00,-100.00%,$0.00,-100.00%,THO,NYSE:THO,0.208,$105.50,
NYSE:THR,19 Nov 2025,$40.68,4,$38.00,8,,#N/A,#N/A,,,,,#N/A,-$2.00,#N/A,-$2.00,#N/A,THR,NYSE:THR,-2.000,,
NASDAQ:THRY,11 Feb 2026,$8.29,3,$13.00,2,,$4.28,93.61%,,,,$4.10,-4.21%,$0.00,-100.00%,$0.00,-100.00%,THRY,NASDAQ:THRY,-0.533,$4.67,178.37%
NASDAQ:TIGR,24 Oct 2025,$10.39,3,$11.86,9,,$4.63,124.41%,,,,,-100.00%,-$2.00,-143.20%,-$2.00,-143.20%,TIGR,NASDAQ:TIGR,-2.000,,
NASDAQ:TILE,13 Feb 2025,$17.99,3,$30.00,7,,$34.81,-48.33%,,,,,-100.00%,-$2.00,-105.75%,-$2.00,-105.75%,TILE,NASDAQ:TILE,-2.000,,
NYSE:TJX,18 Aug 2025,$107.88,1,$144.77,9,,$151.31,-28.70%,,,,$157.59,4.15%,$0.00,-100.00%,$0.00,-100.00%,TJX,NYSE:TJX,0.215,$172.17,-15.91%
NASDAQ:TKLF,19 Oct 2025,$5.59,3,,,,$2.09,167.46%,,,,,-100.00%,-$2.00,-195.69%,-$2.00,-195.69%,TKLF,NASDAQ:TKLF,-2.000,,
NYSE:TKR,16 Jun 2026,$121.71,2,$138.67,6,2.62,$142.36,-14.51%,-14.51%,$113.64,$138.67,$146.81,3.13%,$169.05,18.75%,$202.04,41.92%,TKR,NYSE:TKR,0.292,$113.64,22.03%
NASDAQ:TLRY,14 Aug 2025,$1.31,3,,,,$4.38,-70.16%,,,,$4.37,-0.23%,$0.00,-100.00%,$0.00,-100.00%,TLRY,NASDAQ:TLRY,-0.867,$10.04,
NASDAQ:TLSI,11 Dec 2025,$8.40,3,$11.60,9,,$4.31,94.85%,,,,,-100.00%,-$2.00,-146.40%,-$2.00,-146.40%,TLSI,NASDAQ:TLSI,-2.000,,
NASDAQ:TLX,11 Dec 2025,$12.46,3,,,,$12.15,2.52%,,,,,-100.00%,-$2.00,-116.46%,-$2.00,-116.46%,TLX,NASDAQ:TLX,-2.000,,
NYSE:TM,15 Dec 2025,$215.08,5,,9,,$179.80,19.62%,,,,,-100.00%,-$2.00,-101.11%,-$2.00,-101.11%,TM,NYSE:TM,-2.000,,
NASDAQ:TMC,18 Aug 2025,$4.39,3,,,,$4.24,3.49%,,,,,-100.00%,-$2.00,-147.17%,-$2.00,-147.17%,TMC,NASDAQ:TMC,-2.000,,
NASDAQ:TMCI,4 Dec 2025,$3.25,3,$5.47,4,,$4.56,-28.78%,,,,,-100.00%,-$2.00,-143.86%,-$2.00,-143.86%,TMCI,NASDAQ:TMCI,-2.000,,
NASDAQ:TMDX,11 Dec 2025,$138.40,3,$147.00,8,,$71.23,94.31%,,,,,-100.00%,-$2.00,-102.81%,-$2.00,-102.81%,TMDX,NASDAQ:TMDX,-2.000,,
NYSE:TME,12 Aug 2025,$23.93,3,$19.85,8,,$8.77,126.34%,,,,,-100.00%,-$2.00,-122.81%,-$2.00,-122.81%,TME,NYSE:TME,-2.000,,
NYSE:TMHC,15 Jun 2026,$82.94,4,$62.90,9,3.09,$71.85,-12.46%,-12.46%,$62.90,$82.94,$72.27,0.58%,$0.00,-100.00%,$0.00,-100.00%,TMHC,NYSE:TMHC,-0.232,$70.22,-10.42%
NYSEAMERICAN:TMP,2 Oct 2025,$65.36,1,,,,$94.64,-30.94%,,,,$98.04,3.59%,$0.00,-100.00%,$0.00,-100.00%,TMP,NYSEAMERICAN:TMP,0.076,$88.50,
NYSE:TNC,11 Nov 2025,$100.24,5,$105.00,4,,$88.36,13.44%,,,,$90.34,2.24%,$0.00,-100.00%,$0.00,-100.00%,TNC,NYSE:TNC,0.478,$83.75,25.37%
NASDAQ:TNDM,11 Dec 2025,$20.68,3,$23.06,9,,$15.42,34.12%,,,,,-100.00%,-$2.00,-112.97%,-$2.00,-112.97%,TNDM,NASDAQ:TNDM,-2.000,,
NYSE:TNET,15 Dec 2025,$73.13,3,$65.50,7,,$54.70,19.74%,,,,,-100.00%,-$2.00,-103.66%,-$2.00,-103.66%,TNET,NYSE:TNET,-2.000,,
NASDAQ:TOI,15 Aug 2025,$3.94,3,$6.25,8,,$5.44,-27.59%,,,,$5.69,4.60%,$3.85,-29.31%,$3.19,-41.43%,TOI,NASDAQ:TOI,0.281,$7.00,-10.71%
NYSE:TOL,1 Apr 2026,$149.13,5,$165.90,4,,$155.13,-3.87%,,,,$156.68,1.00%,$0.00,-100.00%,$0.00,-100.00%,TOL,NYSE:TOL,-0.095,$168.38,-1.47%
NYSE:TOST,22 Jan 2026,$36.30,3,$46.56,4,,$29.48,23.12%,,,,,-100.00%,-$2.00,-106.78%,-$2.00,-106.78%,TOST,NYSE:TOST,-2.000,,
NASDAQ:TOWN,2 Oct 2025,$37.19,3,$41.00,5,,$36.30,2.44%,,,,,-100.00%,-$2.00,-105.51%,-$2.00,-105.51%,TOWN,NASDAQ:TOWN,-2.000,,
NYSE:TPB,18 Sep 2025,$86.86,3,,,,$85.54,1.54%,,,,$84.82,-0.84%,$157.42,84.03%,$165.59,93.59%,TPB,NYSE:TPB,-0.327,$131.25,
NYSE:TPC,24 Dec 2025,$68.65,1,,,,$79.91,-14.09%,,,,,-100.00%,-$2.00,-102.50%,-$2.00,-102.50%,TPC,NYSE:TPC,-2.000,,
NYSE:TPH,16 Mar 2026,$59.96,5,$46.50,1,,#N/A,#N/A,,,,,#N/A,-$2.00,#N/A,-$2.00,#N/A,TPH,NYSE:TPH,-2.000,,
NYSE:TPL,9 Apr 2025,$774.67,2,,9,,$402.80,92.32%,,,,$431.85,7.21%,$472.20,17.23%,$486.07,20.67%,TPL,NYSE:TPL,0.342,$445.50,
NYSE:TPR,26 Aug 2025,$73.71,2,,,,$145.49,-49.34%,,,,$153.18,5.29%,$292.56,101.09%,$303.23,108.42%,TPR,NYSE:TPR,0.392,$162.05,
NASDAQ:TREE,11 Aug 2025,$78.94,3,$63.86,8,,$45.87,39.22%,,,,$44.83,-2.27%,$0.00,-100.00%,$0.00,-100.00%,TREE,NASDAQ:TREE,-0.464,$65.83,-2.99%
NYSE:TREX,9 Apr 2024,$83.55,2,,,,$48.30,72.99%,,,,,-100.00%,-$2.00,-104.14%,-$2.00,-104.14%,TREX,NYSE:TREX,-2.000,,
NYSE:TRGP,1 Sep 2025,$152.25,2,$206.29,6,,$263.52,-42.22%,,,,,-100.00%,-$2.00,-100.76%,-$2.00,-100.76%,TRGP,NYSE:TRGP,-2.000,,
NASDAQ:TRI,26 Aug 2025,$160.83,2,,,,$87.86,83.05%,,,,$92.40,5.17%,$154.88,76.28%,$186.20,111.93%,TRI,NASDAQ:TRI,0.522,$128.32,
NASDAQ:TRMB,29 Jan 2026,$71.27,3,$98.71,5,,$52.47,35.83%,,,,,-100.00%,-$2.00,-103.81%,-$2.00,-103.81%,TRMB,NASDAQ:TRMB,-2.000,,
NASDAQ:TRMK,19 Nov 2025,$39.99,3,$42.50,4,,$46.55,-14.09%,,,,,-100.00%,-$2.00,-104.30%,-$2.00,-104.30%,TRMK,NASDAQ:TRMK,-2.000,,
NYSE:TRN,23 Aug 2025,$33.90,4,$29.00,3,,$35.56,-18.45%,,,,,-100.00%,-$2.00,-105.62%,-$2.00,-105.62%,TRN,NYSE:TRN,-2.000,,
NASDAQ:TROW,8 Jan 2026,$118.25,5,$113.60,7,,$119.12,-4.63%,,,,$117.04,-1.75%,$281.69,136.48%,$229.18,92.39%,TROW,NASDAQ:TROW,-0.304,$94.25,20.53%
NASDAQ:TRST,19 Nov 2025,$40.35,3,,3,,$54.97,-26.60%,,,,,-100.00%,-$2.00,-103.64%,-$2.00,-103.64%,TRST,NASDAQ:TRST,-2.000,,
NYSE:TRV,18 Sep 2025,$253.19,2,,,,$339.17,-25.35%,,,,$335.70,-1.02%,$0.00,-100.00%,$0.00,-100.00%,TRV,NYSE:TRV,-0.108,$314.14,
NASDAQ:TSAT,19 Jan 2026,$24.33,2,,1,,$46.37,-47.53%,,,,,-100.00%,-$2.00,-104.31%,-$2.00,-104.31%,TSAT,NASDAQ:TSAT,-2.000,,
NASDAQ:TSCO,30 June 2026,$46.44,5,$45.79,5,4.41,$30.22,51.52%,51.52%,$45.79,$56.15,$34.07,12.74%,$22.79,-24.58%,$32.25,6.71%,TSCO,NASDAQ:TSCO,0.742,$56.15,-18.45%
NASDAQ:TSEM,9 Feb 2026,$95.60,2,$131.00,10,,$218.95,-56.34%,,,,,-100.00%,-$2.00,-100.91%,-$2.00,-100.91%,TSEM,NASDAQ:TSEM,-2.000,,
NASDAQ:TSLA,15 Dec 2025,$312.61,1,$386.42,7,,$419.77,-25.53%,,,,,-100.00%,-$2.00,-100.48%,-$2.00,-100.48%,TSLA,NASDAQ:TSLA,-2.000,,
NYSE:TSN,26 Jun 2026,$58.80,4,$73.00,9,,$58.75,0.09%,0.09%,$58.80,$73.00,,-100.00%,-$2.00,-103.40%,-$2.00,-103.40%,TSN,NYSE:TSN,-2.000,,
NASDAQ:TSSI,4 Feb 2026,$12.86,4,$15.00,2,,$11.67,10.20%,,,,,-100.00%,-$2.00,-117.14%,-$2.00,-117.14%,TSSI,NASDAQ:TSSI,-2.000,,
NYSE:TT,31 Mar 2026,$379.88,2,$480.38,10,,$487.24,-22.03%,,,,,-100.00%,-$2.00,-100.41%,-$2.00,-100.41%,TT,NYSE:TT,-2.000,,
NYSE:TTC,3 Apr 2024,$80.79,2,,,,$97.06,-16.77%,,,,$100.49,3.53%,$0.00,-100.00%,$0.00,-100.00%,TTC,NYSE:TTC,0.308,$110.50,
NASDAQ:TTGT,30 Jan 2026,$10.74,3,,,,$4.06,164.48%,,,,,-100.00%,-$2.00,-149.26%,-$2.00,-149.26%,TTGT,NASDAQ:TTGT,-2.000,,
NASDAQ:TTMI,5 Feb 2026,$83.36,2,$100.00,7,,$149.39,-44.20%,,,,,-100.00%,-$2.00,-101.34%,-$2.00,-101.34%,TTMI,NASDAQ:TTMI,-2.000,,
NASDAQ:TTWO,12 Oct 2025,$173.47,1,,,,$258.41,-32.87%,,,,,-100.00%,-$2.00,-100.77%,-$2.00,-100.77%,TTWO,NASDAQ:TTWO,-2.000,,
NYSE:TUYA,19 Aug 2025,$2.34,3,,,,$1.82,28.74%,,,,,-100.00%,-$2.00,-209.89%,-$2.00,-209.89%,TUYA,NYSE:TUYA,-2.000,,
NYSE:TV,3 Oct 2025,$2.63,3,$4.70,6,,$2.73,-3.61%,,,,$2.79,2.20%,$167.10,6020.88%,$470.62,17138.70%,TV,NYSE:TV,0.058,$3.82,23.04%
NYSE:TWI,20 Sep 2024,$12.61,3,,,,$7.45,69.22%,,,,$7.06,-5.23%,$0.00,-100.00%,$0.00,-100.00%,TWI,NYSE:TWI,-0.689,$11.75,
NYSE:TWLO,27 Jan 2026,$126.44,3,$147.11,8,,$209.08,-39.53%,,,,$205.15,-1.88%,$0.00,-100.00%,$0.00,-100.00%,TWLO,NYSE:TWLO,-0.445,$186.34,-21.05%
NASDAQ:TXN,19 Jan 2026,$191.02,3,,,,$303.50,-37.06%,,,,,-100.00%,-$2.00,-100.66%,-$2.00,-100.66%,TXN,NASDAQ:TXN,-2.000,,
NASDAQ:TXRH,18 Sep 2025,$146.40,1,,,,$186.01,-21.29%,,,,,-100.00%,-$2.00,-101.08%,-$2.00,-101.08%,TXRH,NASDAQ:TXRH,-2.000,,
NYSE:TYL,24 Aug 2025,$541.31,3,$682.54,7,,$319.01,69.68%,,,,$302.55,-5.16%,$0.00,-100.00%,$0.00,-100.00%,TYL,NYSE:TYL,-0.563,$445.14,53.33%
NYSE:UA,23 Dec 2025,$10.78,3,$7.50,4,,$6.64,12.95%,,,,,-100.00%,-$2.00,-130.12%,-$2.00,-130.12%,UA,NYSE:UA,-2.000,,
NYSE:UAA,23 Dec 2025,$11.22,3,$5.58,3,,$6.81,-18.06%,,,,,-100.00%,-$2.00,-129.37%,-$2.00,-129.37%,UAA,NYSE:UAA,-2.000,,
NYSEAMERICAN:UAMY,3 Jul 2025,$7.55,1,$4.94,7,,#N/A,#N/A,,,,,#N/A,-$2.00,#N/A,-$2.00,#N/A,UAMY,NYSEAMERICAN:UAMY,-2.000,,
NYSE:UBER,3 Feb 2026,$84.31,3,$111.26,7,,$72.42,16.42%,,,,,-100.00%,-$2.00,-102.76%,-$2.00,-102.76%,UBER,NYSE:UBER,-2.000,,
NYSE:UBS,19 Aug 2025,$37.97,3,,,,$52.15,-27.19%,,,,$51.09,-2.03%,$0.00,-100.00%,$0.00,-100.00%,UBS,NYSE:UBS,-0.173,$48.13,
NASDAQ:UBSI,27 May 2026,$44.17,3,$47.00,7,,$46.49,-4.99%,,,,,-100.00%,-$2.00,-104.30%,-$2.00,-104.30%,UBSI,NASDAQ:UBSI,-2.000,,
NASDAQ:UCB,21 Oct 2025,$31.41,3,$35.00,5,,$35.65,-11.89%,,,,,-100.00%,-$2.00,-105.61%,-$2.00,-105.61%,UCB,NYSE:UCB,-2.000,,
NYSE:UCB,19 Nov 2025,$31.12,3,$35.33,7,,$35.65,-12.71%,,,,,-100.00%,-$2.00,-105.61%,-$2.00,-105.61%,UCB,NYSE:UCB,-2.000,,
NASDAQ:UDMY,20 Aug 2025,$10.79,4,$10.00,5,,#N/A,#N/A,,,,,#N/A,-$2.00,#N/A,-$2.00,#N/A,UDMY,NASDAQ:UDMY,-2.000,,
NYSE:UDR,10 Sep 2025,$42.82,4,$44.23,9,,$40.96,4.54%,,,,$40.39,-1.39%,$0.00,-100.00%,$0.00,-100.00%,UDR,NYSE:UDR,-0.466,$40.33,9.67%
NASDAQ:UFPI,31 Jan 2025,$119.95,3,$155.00,3,,$87.29,37.41%,,,,,-100.00%,-$2.00,-102.29%,-$2.00,-102.29%,UFPI,NASDAQ:UFPI,-2.000,,
NASDAQ:UFPT,4 Dec 2025,$299.56,3,,5,,$272.07,10.10%,,,,,-100.00%,-$2.00,-100.74%,-$2.00,-100.74%,UFPT,NASDAQ:UFPT,-2.000,,
NYSE:UGP,20 Aug 2025,$4.45,3,$4.00,5,,$5.41,-26.06%,,,,$5.26,-2.77%,$11.28,108.45%,$16.09,197.38%,UGP,NYSE:UGP,0.391,$5.97,-33.00%
NYSE:UI,26 Jan 2026,$379.66,1,,,,$537.42,-29.36%,,,,,-100.00%,-$2.00,-100.37%,-$2.00,-100.37%,UI,NYSE:UI,-2.000,,
NYSE:UIS,29 Jan 2026,$4.30,3,$4.00,5,,$3.60,11.11%,,,,,-100.00%,-$2.00,-155.56%,-$2.00,-155.56%,UIS,NYSE:UIS,-2.000,,
NYSE:UL,10 Sep 2025,$66.09,3,$67.00,6,,$61.58,7.32%,,,,,-100.00%,-$2.00,-103.25%,-$2.00,-103.25%,UL,NYSE:UL,-2.000,,
NYSE:ULS,19 Aug 2025,$55.15,1,,,,$89.27,-38.22%,,,,,-100.00%,-$2.00,-102.24%,-$2.00,-102.24%,ULS,NYSE:ULS,-2.000,,
NASDAQ:UMBF,27 May 2026,$132.22,3,$147.00,9,,$144.41,-8.44%,,,,$149.01,3.19%,$0.00,-100.00%,$0.00,-100.00%,UMBF,NASDAQ:UMBF,0.049,$147.08,-0.05%
NYSE:UMC,19 Jan 2026,$9.15,3,,,,$25.83,-64.58%,,,,,-100.00%,-$2.00,-107.74%,-$2.00,-107.74%,UMC,NYSE:UMC,-2.000,,
NYSE:UNFI,24 Mar 2026,$78.83,5,$44.00,7,,$46.66,-5.70%,,,,$47.63,2.08%,$0.00,-100.00%,$0.00,-100.00%,UNFI,NYSE:UNFI,0.031,$46.25,-4.86%
NYSE:UNM,17 Feb 2025,$69.73,2,$100.00,7,,$89.51,-22.10%,,,,,-100.00%,-$2.00,-102.23%,-$2.00,-102.23%,UNM,NYSE:UNM,-2.000,,
NYSE:UNP,21 May 2024,$230.08,3,,,,$282.59,-18.58%,,,,,-100.00%,-$2.00,-100.71%,-$2.00,-100.71%,UNP,NYSE:UNP,-2.000,,
NASDAQ:UPBD,5 Feb 2026,$31.13,3,$29.00,6,,$20.53,41.26%,,,,$19.63,-4.38%,$0.00,-100.00%,$0.00,-100.00%,UPBD,NASDAQ:UPBD,-0.173,$28.50,1.75%
NASDAQ:URBN,4 Apr 2026,$63.30,3,$87.71,9,,$69.37,-8.75%,,,,$70.62,1.80%,$0.00,-100.00%,$0.00,-100.00%,URBN,NASDAQ:URBN,-0.162,$82.42,6.42%
NYSE:URI,9 Apr 2025,$683.12,5,$774.77,6,,"$1,099.68",-37.88%,,,,,-100.00%,-$2.00,-100.18%,-$2.00,-100.18%,URI,NYSE:URI,-2.000,,
NASDAQ:UROY,18 Aug 2025,$3.73,4,$3.44,6,,$2.82,21.99%,,,,$2.77,-1.77%,$0.00,-100.00%,$0.00,-100.00%,UROY,NASDAQ:UROY,-0.379,$4.50,-23.56%
NASDAQ:USAR,22 Jan 2026,$17.53,3,,,,$19.35,-9.41%,,,,,-100.00%,-$2.00,-110.34%,-$2.00,-110.34%,USAR,NASDAQ:USAR,-2.000,,
NYSE:USB,20 Mar 2026,$56.96,3,$64.06,8,,$62.83,-9.34%,,,,$63.78,1.51%,$0.00,-100.00%,$0.00,-100.00%,USB,NYSE:USB,0.245,$62.95,1.76%
NYSEAMERICAN:USBC,29 Jan 2026,$0.61,1,,,,$0.33,84.85%,,,,,-100.00%,-$2.00,-706.06%,-$2.00,-706.06%,USBC,NYSEAMERICAN:USBC,-2.000,,
NASDAQ:UTHR,23 Dec 2025,$479.02,3,$521.25,5,,$547.25,-12.47%,,,,$546.66,-0.11%,$868.12,58.63%,$903.42,65.08%,UTHR,NASDAQ:UTHR,-0.507,$644.62,-19.14%
NYSE:UTL,23 Jun 2026,$55.21,4,,,,$52.26,5.64%,5.64%,$55.21,$55.21,,-100.00%,-$2.00,-103.83%,-$2.00,-103.83%,UTL,NYSE:UTL,-2.000,,
NASDAQ:UVSP,19 Nov 2025,$30.95,3,$34.00,4,,$44.21,-29.98%,,,,,-100.00%,-$2.00,-104.52%,-$2.00,-104.52%,UVSP,NASDAQ:UVSP,-2.000,,
NYSE:UVV,17 Mar 2026,$66.56,4,,2,,$51.38,29.55%,,,,,-100.00%,-$2.00,-103.89%,-$2.00,-103.89%,UVV,NYSE:UVV,-2.000,,
NYSE:UWMC,26 Jun 2026,$3.01,4,$4.39,2,,$2.20,36.82%,36.82%,$3.01,$4.39,,-100.00%,-$2.00,-190.91%,-$2.00,-190.91%,UWMC,NYSE:UWMC,-2.000,,
NYSE:V,7 Sep 2025,$315.05,2,$397.95,10,,$357.25,-11.81%,,,,,-100.00%,-$2.00,-100.56%,-$2.00,-100.56%,V,NYSE:V,-2.000,,
NYSE:VAL,30 Jun 2026,$84.57,3,$98.00,7,3.71,$73.53,15.02%,15.02%,$66.17,$98.00,$80.89,10.01%,$112.27,52.68%,$54.89,-25.35%,VAL,NYSE:VAL,0.915,$66.17,48.10%
NYSE:VALE,14 Jan 2026,$14.72,4,$14.34,10,,$15.09,-4.97%,,,,$14.90,-1.26%,$0.00,-100.00%,$0.00,-100.00%,VALE,NYSE:VALE,-0.417,$17.18,-16.53%
NASDAQ:VBNK,24 Aug 2025,$12.54,3,$12.24,3,,$22.60,-45.84%,,,,$22.05,-2.43%,$0.00,-100.00%,$0.00,-100.00%,VBNK,NASDAQ:VBNK,-0.127,$15.50,-21.03%
NASDAQ:VECO,5 Sep 2025,$35.14,3,$26.33,4,,$54.42,-51.62%,,,,,-100.00%,-$2.00,-103.68%,-$2.00,-103.68%,VECO,NASDAQ:VECO,-2.000,,
NYSE:VFC,26 Aug 2025,$31.37,5,$14.25,6,,$16.50,-13.64%,,,,,-100.00%,-$2.00,-112.12%,-$2.00,-112.12%,VFC,NYSE:VFC,-2.000,,
NASDAQ:VIAV,30 Jan 2026,$16.67,1,$25.06,2,,$42.42,-60.69%,,,,$48.53,14.40%,$0.00,-100.00%,$0.00,-100.00%,VIAV,NASDAQ:VIAV,0.353,$64.43,-61.11%
NYSE:VICI,19 Jun 2026,$33.66,5,$34.09,9,4.05,$26.70,26.07%,26.07%,$33.66,$34.22,$27.76,3.97%,$53.31,99.65%,$53.37,99.88%,VICI,NYSE:VICI,0.200,$34.22,-0.38%
NASDAQ:VICR,30 Jan 2026,$121.65,1,$187.50,8,,$285.34,-57.37%,,,,,-100.00%,-$2.00,-100.70%,-$2.00,-100.70%,VICR,NASDAQ:VICR,-2.000,,
NASDAQ:VISN,29 Jun 2026,$11.87,3,,,4.21,$12.38,-4.11%,-4.11%,$11.87,$17.00,$13.19,6.54%,$0.00,-100.00%,$0.00,-100.00%,VISN,NASDAQ:VISN,0.915,$17.00,
NYSE:VIST,13 Jun 2025,$50.56,3,$70.00,6,,$61.21,-17.41%,,,,$59.99,-1.99%,$0.00,-100.00%,$0.00,-100.00%,VIST,NYSE:VIST,-0.385,$91.99,-23.90%
NYSE:VIV,17 Feb 2025,$11.28,3,$11.80,5,,$13.47,-16.27%,,,,,-100.00%,-$2.00,-114.85%,-$2.00,-114.85%,VIV,NYSE:VIV,-2.000,,
NASDAQ:VLGEA,17 Mar 2026,$43.63,3,,6,,$42.72,2.13%,,,,$42.42,-0.70%,$0.00,-100.00%,$0.00,-100.00%,VLGEA,NASDAQ:VLGEA,-0.017,,
NYSE:VLN,9 Feb 2026,$2.14,3,$3.33,6,,$2.11,1.42%,,,,,-100.00%,-$2.00,-194.79%,-$2.00,-194.79%,VLN,NYSE:VLN,-2.000,,
NYSE:VLO,29 Jun 2026,$198.17,1,$266.27,9,,$270.32,-26.69%,-26.69%,$198.17,$266.27,,-100.00%,-$2.00,-100.74%,-$2.00,-100.74%,VLO,NYSE:VLO,-2.000,,
NYSE:VLRS,22 Aug 2025,$7.94,3,$7.67,4,,$9.33,-17.79%,,,,$8.97,-3.86%,$55.46,494.39%,$146.02,1465.01%,VLRS,NYSE:VLRS,-0.541,$9.33,-17.79%
NASDAQ:VLY,19 Nov 2025,$10.95,3,$13.73,9,,$14.79,-25.95%,,,,$15.17,2.57%,$0.00,-100.00%,$0.00,-100.00%,VLY,NASDAQ:VLY,0.010,$15.64,-12.21%
NYSE:VMC,31 Dec 2025,$246.19,1,$331.22,9,,$304.84,-19.24%,,,,,-100.00%,-$2.00,-100.66%,-$2.00,-100.66%,VMC,NYSE:VMC,-2.000,,
NASDAQ:VNDA,13 Nov 2025,$5.38,3,$15.50,8,,$6.23,-13.68%,,,,,-100.00%,-$2.00,-132.10%,-$2.00,-132.10%,VNDA,NASDAQ:VNDA,-2.000,,
NASDAQ:VNET,9 Feb 2026,$7.43,1,$13.80,7,,$7.81,-4.89%,,,,,-100.00%,-$2.00,-125.61%,-$2.00,-125.61%,VNET,NASDAQ:VNET,-2.000,,
NYSE:VNO,28 May 2026,$40.08,3,$31.60,8,,$40.70,-22.36%,,,,,-100.00%,-$2.00,-104.91%,-$2.00,-104.91%,VNO,NYSE:VNO,-2.000,,
NYSEAMERICAN:VNRX,11 Dec 2025,$0.32,1,$2.25,8,,$1.35,-76.30%,,,,,-100.00%,-$2.00,-248.15%,-$2.00,-248.15%,VNRX,NYSEAMERICAN:VNRX,-2.000,,
NYSE:VNT,11 Feb 2026,$45.33,3,$47.25,4,,$29.07,55.93%,,,,$29.82,2.58%,$55.04,89.35%,$63.76,119.35%,VNT,NYSE:VNT,0.335,$47.91,-1.38%
NASDAQ:VRDN,19 May 2025,$24.97,4,$37.70,3,,$18.99,31.49%,,,,,-100.00%,-$2.00,-110.53%,-$2.00,-110.53%,VRDN,NASDAQ:VRDN,-2.000,,
NASDAQ:VREX,16 Dec 2025,$15.01,4,$15.33,7,,$10.74,39.76%,,,,,-100.00%,-$2.00,-118.62%,-$2.00,-118.62%,VREX,NASDAQ:VREX,-2.000,,
NASDAQ:VRRM,30 Jan 2026,$22.14,4,$25.00,5,,$4.34,410.12%,,,,,-100.00%,-$2.00,-146.08%,-$2.00,-146.08%,VRRM,NASDAQ:VRRM,-2.000,,
NASDAQ:VSAT,30 Jan 2026,$27.54,2,$45.00,6,,$83.80,-67.13%,,,,,-100.00%,-$2.00,-102.39%,-$2.00,-102.39%,VSAT,NASDAQ:VSAT,-2.000,,
NYSE:VSCO,12 Jun 2025,$36.51,5,$22.56,8,,#N/A,#N/A,,,,$0.00,#N/A,$0.00,#N/A,$0.00,#N/A,VSCO,NYSE:VSCO,-1.000,$64.44,-64.99%
NYSE:VSH,28 Jan 2026,$21.32,3,$16.00,5,,$46.17,-65.35%,,,,,-100.00%,-$2.00,-104.33%,-$2.00,-104.33%,VSH,NYSE:VSH,-2.000,,
NYSE:VTEX,15 Dec 2025,$4.81,3,$6.10,1,,$4.13,16.58%,,,,,-100.00%,-$2.00,-148.43%,-$2.00,-148.43%,VTEX,NYSE:VTEX,-2.000,,
NYSE:VTMX,15 Jun 2025,$34.66,3,$21.00,5,,$34.99,-39.98%,,,,,-100.00%,-$2.00,-105.72%,-$2.00,-105.72%,VTMX,NYSE:VTMX,-2.000,,
NYSE:VTR,19 Sep 2025,$68.32,3,$76.83,9,,$92.21,-25.91%,,,,,-100.00%,-$2.00,-102.17%,-$2.00,-102.17%,VTR,NYSE:VTR,-2.000,,
NASDAQ:VVPR,9 Feb 2026,$2.07,3,,,,#N/A,#N/A,,,,,#N/A,-$2.00,#N/A,-$2.00,#N/A,VVPR,NASDAQ:VVPR,-2.000,,
NYSE:VVV,18 Sep 2025,$45.89,3,,,,$38.59,18.93%,,,,,-100.00%,-$2.00,-105.18%,-$2.00,-105.18%,VVV,NYSE:VVV,-2.000,,
NYSE:VVX,11 Aug 2025,$66.16,5,$61.22,3,,$76.91,-20.40%,,,,$76.79,-0.16%,$304.84,296.36%,$350.81,356.13%,VVX,NYSE:VVX,0.326,$78.79,-22.30%
NYSE:VYX,25 Feb 2026,$13.06,5,$15.13,6,,$8.76,49.05%,,,,,-100.00%,-$2.00,-122.83%,-$2.00,-122.83%,VYX,NYSE:VYX,-2.000,,
NYSEAMERICAN:VZLA,14 Aug 2025,$4.47,,$4.07,8,,$3.27,24.46%,,,,$3.29,0.61%,$0.00,-100.00%,$0.00,-100.00%,VZLA,NYSEAMERICAN:VZLA,-0.511,$6.58,-38.15%
NYSE:WAB,23 Aug 2025,$179.00,2,,,,$261.31,-31.50%,,,,$260.80,-0.20%,$0.00,-100.00%,$0.00,-100.00%,WAB,NYSE:WAB,-0.379,$300.00,
NASDAQ:WABC,1 Jun 2026,$57.44,3,$58.00,4,,$59.31,-3.15%,,,,$61.64,3.93%,$0.00,-100.00%,$0.00,-100.00%,WABC,NASDAQ:WABC,0.105,$58.00,0.00%
NASDAQ:WAFD,27 May 2026,$37.31,3,$37.00,8,,$38.16,-3.04%,,,,$40.05,4.95%,$0.00,-100.00%,$0.00,-100.00%,WAFD,NASDAQ:WAFD,0.093,$37.00,0.00%
NYSE:WAL,27 Jun 2026,$83.97,3,$88.20,7,3.02,$82.50,1.78%,1.78%,$83.97,$88.53,$86.08,4.34%,-$616.92,-847.78%,-$608.85,-838.00%,WAL,NYSE:WAL,0.108,$88.53,-0.37%
NASDAQ:WASH,27 May 2026,$34.83,3,$33.33,8,,$36.07,-7.60%,,,,$37.62,4.30%,$0.00,-100.00%,$0.00,-100.00%,WASH,NASDAQ:WASH,0.057,$32.75,1.77%
NYSE:WBS,10 Mar 2026,$76.23,3,$74.69,7,,$77.60,-3.75%,,,,,-100.00%,-$2.00,-102.58%,-$2.00,-102.58%,WBS,NYSE:WBS,-2.000,,
NYSE:WD,23 Dec 2025,$82.23,3,$84.00,6,,$52.64,56.22%,,,,,-100.00%,-$2.00,-103.80%,-$2.00,-103.80%,WD,NYSE:WD,-2.000,,
NASDAQ:WDC,23 Aug 2024,$68.21,3,,,,$577.46,-88.19%,,,,,-100.00%,-$2.00,-100.35%,-$2.00,-100.35%,WDC,NASDAQ:WDC,-2.000,,
NYSE:WDS,18 May 2026,$26.11,4,,6,,$19.41,34.52%,,,,$20.04,3.25%,$0.00,-100.00%,$0.00,-100.00%,WDS,NYSE:WDS,0.178,,
NYSE:WEC,14 Jan 2026,$103.97,2,,,,$116.63,-10.85%,,,,,-100.00%,-$2.00,-101.71%,-$2.00,-101.71%,WEC,NYSE:WEC,-2.000,,
NYSE:WELL,18 Sep 2025,$151.80,2,,,,$232.69,-34.76%,,,,$230.94,-0.75%,$0.00,-100.00%,$0.00,-100.00%,WELL,NYSE:WELL,-0.243,$232.95,
NASDAQ:WEN,9 Sep 2025,$16.85,3,$11.97,6,,$7.90,51.52%,,,,,-100.00%,-$2.00,-125.32%,-$2.00,-125.32%,WEN,NASDAQ:WEN,-2.000,,
NYSE:WF,19 Nov 2025,$51.73,3,,,,$61.87,-16.39%,,,,,-100.00%,-$2.00,-103.23%,-$2.00,-103.23%,WF,NYSE:WF,-2.000,,
NYSE:WFC,14 Aug 2025,$71.42,3,$87.67,6,,$87.45,-18.33%,,,,$88.52,1.22%,$0.00,-100.00%,$0.00,-100.00%,WFC,NYSE:WFC,0.159,$96.17,-8.84%
NYSE:WFG,24 Oct 2025,$81.03,3,$95.74,7,,$67.64,19.80%,,,,$71.28,5.38%,$0.00,-100.00%,$0.00,-100.00%,WFG,NYSE:WFG,0.267,$83.67,14.43%
NASDAQ:WFRD,30 Jun 2026,$88.84,3,$121.78,10,4.22,$83.90,5.89%,5.89%,$88.84,$121.78,$88.33,5.28%,$0.00,-100.00%,$0.00,-100.00%,WFRD,NASDAQ:WFRD,0.915,$114.17,6.67%
NYSE:WGO,13 Sep 2024,$83.32,5,,,,$30.67,171.65%,,,,$32.51,6.00%,$0.00,-100.00%,$0.00,-100.00%,WGO,NYSE:WGO,0.520,$44.17,
NYSE:WHD,18 Feb 2026,$69.67,3,$55.50,5,,$50.49,9.92%,,,,,-100.00%,-$2.00,-103.96%,-$2.00,-103.96%,WHD,NYSE:WHD,-2.000,,
NYSE:WIT,19 Jan 2026,$2.58,2,,7,,$1.84,40.21%,,,,$1.88,2.17%,$0.00,-100.00%,$0.00,-100.00%,WIT,NYSE:WIT,-0.235,$2.09,
NYSE:WK,10 Feb 2026,$82.53,4,$109.00,8,,$51.54,60.13%,,,,,-100.00%,-$2.00,-103.88%,-$2.00,-103.88%,WK,NYSE:WK,-2.000,,
NYSE:WKC,16 Sep 2025,$32.51,4,$29.00,6,,$33.17,-12.57%,,,,$34.57,4.22%,$0.00,-100.00%,$0.00,-100.00%,WKC,NYSE:WKC,0.413,$29.33,-1.13%
NASDAQ:WKHS,12 Dec 2024,$1.13,,,4,,$2.80,-59.64%,,,,,-100.00%,-$2.00,-171.43%,-$2.00,-171.43%,WKHS,NASDAQ:WKHS,-2.000,,
NYSE:WMB,22 Jan 2026,$57.39,2,$71.00,9,,$72.82,-21.19%,,,,,-100.00%,-$2.00,-102.75%,-$2.00,-102.75%,WMB,NYSE:WMB,-2.000,,
NYSE:WMK,17 Mar 2026,$74.25,4,,4,,$80.27,-7.50%,,,,,-100.00%,-$2.00,-102.49%,-$2.00,-102.49%,WMK,NYSE:WMK,-2.000,,
NYSE:WMS,5 May 2025,$162.55,3,$140.71,7,,$151.34,-7.02%,,,,$151.13,-0.14%,$225.03,48.69%,$250.71,65.66%,WMS,NYSE:WMS,-0.129,$190.30,-26.06%
NYSE:WOR,16 Dec 2024,$43.00,4,,4,,$54.91,-21.69%,,,,$56.21,2.37%,$0.00,-100.00%,$0.00,-100.00%,WOR,NYSE:WOR,0.292,$65.40,
NYSE:WPM,19 Nov 2025,$65.01,2,$128.93,7,,$115.24,-43.59%,,,,,-100.00%,-$2.00,-101.74%,-$2.00,-101.74%,WPM,NYSE:WPM,-2.000,,
NYSE:WPP,9 Sep 2025,$37.50,3,,6,,$17.36,115.99%,,,,,-100.00%,-$2.00,-111.52%,-$2.00,-111.52%,WPP,NYSE:WPP,-2.000,,
NASDAQ:WRLD,19 Nov 2025,$145.37,3,,1,,$201.61,-27.89%,,,,$208.76,3.55%,$0.00,-100.00%,$0.00,-100.00%,WRLD,NASDAQ:WRLD,-0.197,$141.00,
NASDAQ:WSBC,27 May 2026,$35.79,3,$39.75,9,,$40.15,-10.86%,,,,$41.14,2.47%,-$151.30,-476.82%,-$138.83,-445.77%,WSBC,NASDAQ:WSBC,0.227,$40.25,-1.24%
NASDAQ:WSC,19 Aug 2025,$32.85,3,$33.40,7,,$26.50,23.97%,,,,,-100.00%,-$2.00,-107.55%,-$2.00,-107.55%,WSC,NASDAQ:WSC,-2.000,,
NASDAQ:WSFS,27 May 2026,$70.81,3,$78.70,6,,$77.91,-9.11%,,,,,-100.00%,-$2.00,-102.57%,-$2.00,-102.57%,WSFS,NASDAQ:WSFS,-2.000,,
NYSE:WSM,19 Aug 2025,$178.74,2,,,,$223.83,-20.14%,,,,$236.97,5.87%,$0.00,-100.00%,$0.00,-100.00%,WSM,NYSE:WSM,0.519,$206.79,
NYSE:WSO,1 Jul 2024,$356.65,1,,,,$399.06,-10.63%,,,,$398.01,-0.26%,$0.00,-100.00%,$0.00,-100.00%,WSO,NYSE:WSO,-0.306,$423.55,
NYSE:WT,27 Aug 2025,$14.51,4,$13.88,8,,$18.45,-24.77%,,,,$17.94,-2.76%,$0.00,-100.00%,$0.00,-100.00%,WT,NYSE:WT,-0.013,$19.69,-29.51%
NASDAQ:WTFC,28 Apr 2026,$145.18,3,$179.88,8,,$162.79,-10.82%,,,,$160.49,-1.41%,$0.00,-100.00%,$0.00,-100.00%,WTFC,NASDAQ:WTFC,-0.324,$174.67,2.98%
NYSE:WTS,19 Nov 2025,$243.48,2,$290.50,3,,$369.56,-34.12%,,,,,-100.00%,-$2.00,-100.54%,-$2.00,-100.54%,WTS,NYSE:WTS,-2.000,,
NASDAQ:WTW,3 Sep 2025,$319.57,3,,,,$287.66,11.09%,,,,$274.74,-4.49%,$0.00,-100.00%,$0.00,-100.00%,WTW,NASDAQ:WTW,-0.550,$337.79,
NYSE:WU,9 Sep 2025,$14.43,3,$8.65,5,,$7.98,8.40%,,,,,-100.00%,-$2.00,-125.06%,-$2.00,-125.06%,WU,NYSE:WU,-2.000,,
NASDAQ:WULF,23 Dec 2025,$11.85,3,$21.73,10,,$22.21,-46.62%,,,,,-100.00%,-$2.00,-109.00%,-$2.00,-109.00%,WULF,NASDAQ:WULF,-2.000,,
NASDAQ:WVE,19 Aug 2025,$9.10,3,,,,$6.32,43.92%,,,,,-100.00%,-$2.00,-131.65%,-$2.00,-131.65%,WVE,NASDAQ:WVE,-2.000,,
NYSE:WWW,24 May 2026,$24.95,5,$22.50,8,,$17.00,32.35%,,,,$17.23,1.35%,$81.62,380.12%,$92.80,445.86%,WWW,NYSE:WWW,0.310,$23.20,-3.02%
NASDAQ:XEL,18 Sep 2025,$67.13,2,,,,$80.37,-16.48%,,,,,-100.00%,-$2.00,-102.49%,-$2.00,-102.49%,XEL,NASDAQ:XEL,-2.000,,
NASDAQ:XGN,25 Aug 2025,$7.35,3,,,,$4.40,67.13%,,,,,-100.00%,-$2.00,-145.45%,-$2.00,-145.45%,XGN,NASDAQ:XGN,-2.000,,
NASDAQ:XMTR,23 Dec 2025,$38.29,2,,,,$94.30,-59.40%,,,,,-100.00%,-$2.00,-102.12%,-$2.00,-102.12%,XMTR,NASDAQ:XMTR,-2.000,,
NASDAQ:XNET,11 Feb 2026,$5.15,3,,5,,$5.79,-11.02%,,,,,-100.00%,-$2.00,-134.54%,-$2.00,-134.54%,XNET,NASDAQ:XNET,-2.000,,
NYSE:XOM,23 Aug 2024,$132.36,4,,,,$136.44,-2.99%,,,,$144.41,5.84%,$0.00,-100.00%,$0.00,-100.00%,XOM,NYSE:XOM,0.643,$165.91,
NASDAQ:XP,26 Jun 2026,$17.06,3,$24.00,4,3.32,$16.40,4.02%,4.02%,$17.06,$25.44,$17.17,4.70%,$0.00,-100.00%,$0.00,-100.00%,XP,NASDAQ:XP,0.386,$25.44,-5.66%
NASDAQ:XPEL,29 Nov 2024,$53.10,3,,,,$50.05,6.10%,,,,,-100.00%,-$2.00,-104.00%,-$2.00,-104.00%,XPEL,NASDAQ:XPEL,-2.000,,
NYSE:XPEV,15 Dec 2025,$20.30,3,$29.67,6,,$13.56,49.73%,,,,,-100.00%,-$2.00,-114.75%,-$2.00,-114.75%,XPEV,NYSE:XPEV,-2.000,,
NYSE:XYF,9 Sep 2025,$13.63,3,,,,$4.96,174.74%,,,,,-100.00%,-$2.00,-140.32%,-$2.00,-140.32%,XYF,NYSE:XYF,-2.000,,
NYSE:XYL,11 Nov 2025,$146.77,2,,,,$119.42,22.90%,,,,,-100.00%,-$2.00,-101.67%,-$2.00,-101.67%,XYL,NYSE:XYL,-2.000,,
NYSE:XYZ,11 Feb 2026,$75.58,3,,,,$78.92,-4.23%,,,,,-100.00%,-$2.00,-102.53%,-$2.00,-102.53%,XYZ,NYSE:XYZ,-2.000,,
NYSE:YALA,11 Feb 2026,$6.10,3,,6,,$5.59,9.12%,,,,,-100.00%,-$2.00,-135.78%,-$2.00,-135.78%,YALA,NYSE:YALA,-2.000,,
NASDAQ:YB,11 Feb 2026,$20.18,3,,,,$14.45,39.64%,,,,,-100.00%,-$2.00,-113.84%,-$2.00,-113.84%,YB,NASDAQ:YB,-2.000,,
NYSE:YMM,11 Feb 2026,$11.83,4,$11.96,6,,$8.67,36.45%,,,,,-100.00%,-$2.00,-123.07%,-$2.00,-123.07%,YMM,NYSE:YMM,-2.000,,
NYSE:YPF,12 Feb 2026,$42.64,3,$39.40,2,,$46.12,-14.57%,,,,,-100.00%,-$2.00,-104.34%,-$2.00,-104.34%,YPF,NYSE:YPF,-2.000,,
NYSE:YUM,18 Sep 2025,$140.70,3,,,,$165.99,-15.24%,,,,,-100.00%,-$2.00,-101.20%,-$2.00,-101.20%,YUM,NYSE:YUM,-2.000,,
NASDAQ:YYGH,19 Aug 2025,$1.90,3,,,,$1.57,21.31%,,,,,-100.00%,-$2.00,-227.39%,-$2.00,-227.39%,YYGH,NASDAQ:YYGH,-2.000,,
NYSE:ZBH,11 Dec 2025,$110.32,5,$103.50,5,,$89.76,15.31%,,,,$84.43,-5.94%,$0.00,-100.00%,$0.00,-100.00%,ZBH,NYSE:ZBH,-0.426,$98.52,5.05%
NASDAQ:ZBRA,30 Jan 2026,$311.75,3,$319.75,8,,$270.29,15.34%,,,,$266.77,-1.30%,$395.58,46.35%,$440.97,63.15%,ZBRA,NASDAQ:ZBRA,-0.344,$325.31,-1.71%
NASDAQ:ZD,23 Feb 2024,$75.69,3,,,,$53.78,40.75%,,,,,-100.00%,-$2.00,-103.72%,-$2.00,-103.72%,ZD,NASDAQ:ZD,-2.000,,
NASDAQ:ZEUS,22 Aug 2025,$42.35,3,$38.00,3,,#N/A,#N/A,,,,$0.00,#N/A,$0.00,#N/A,$0.00,#N/A,ZEUS,NASDAQ:ZEUS,-1.000,$38.00,0.00%
NYSE:ZGN,23 Dec 2025,$14.49,4,$11.45,8,,$13.48,-15.06%,,,,,-100.00%,-$2.00,-114.84%,-$2.00,-114.84%,ZGN,NYSE:ZGN,-2.000,,
NYSE:ZH,3 Sep 2025,$6.32,4,,8,,$3.23,95.76%,,,,,-100.00%,-$2.00,-161.92%,-$2.00,-161.92%,ZH,NYSE:ZH,-2.000,,
NYSE:ZIM,19 Nov 2025,$20.23,4,$11.83,3,,$23.71,-50.11%,,,,$25.28,6.62%,$81.34,243.05%,$186.02,684.56%,ZIM,NYSE:ZIM,-0.486,$22.77,-48.05%
NASDAQ:ZION,12 Oct 2025,$55.40,3,,,,$70.60,-21.53%,,,,$69.42,-1.67%,$0.00,-100.00%,$0.00,-100.00%,ZION,NASDAQ:ZION,-0.125,$65.60,
NASDAQ:LULU,30 Mar 2026,$260.18,3,$182.42,2,,$115.64,57.75%,,,,$117.48,1.59%,$0.00,-100.00%,$0.00,-100.00%,LULU,NASDAQ:LULU,-0.186,$183.80,-0.75%
NYSE:LOW,26 Mar 2026,$245.53,4,$293.29,8,,$223.78,9.72%,,,,$223.32,-0.21%,$0.00,-100.00%,$0.00,-100.00%,LOW,NYSE:LOW,-0.176,$284.97,2.92%
NYSE:OII,30 Jun 2026,$31.11,2,$38.00,10,,$38.88,-19.98%,-19.98%,$31.11,$38.00,,-100.00%,-$2.00,-105.14%,-$2.00,-105.14%,OII,NYSE:OII,-2.000,,
NASDAQ:SPOK,10 Apr 2026,$17.65,5,$14.00,4,,$10.44,34.10%,,,,$11.01,5.46%,$0.00,-100.00%,$0.00,-100.00%,SPOK,NASDAQ:SPOK,0.484,$14.00,0.00%
NYSE:HTGC,30 Mar 2026,$16.87,3,$19.25,4,,$16.05,5.10%,,,,,-100.00%,-$2.00,-112.46%,-$2.00,-112.46%,HTGC,NYSE:HTGC,-2.000,,
NASDAQ:RWAY,30 Mar 2026,$9.18,4,$8.00,6,,$5.59,43.11%,,,,,-100.00%,-$2.00,-135.78%,-$2.00,-135.78%,RWAY,NASDAQ:RWAY,-2.000,,
NASDAQ:CCAP,30 Mar 2026,$15.59,3,$14.25,6,,$11.00,29.55%,,,,,-100.00%,-$2.00,-118.18%,-$2.00,-118.18%,CCAP,NASDAQ:CCAP,-2.000,,
NASDAQ:CCEP,19 Mar 2026,$99.72,3,$108.12,7,,$106.97,-6.78%,,,,,-100.00%,-$2.00,-101.87%,-$2.00,-101.87%,CCEP,NASDAQ:CCEP,-2.000,,
NASDAQ:CIVB,19 Mar 2026,$24.05,3,$27.33,6,,$27.93,-13.90%,,,,,-100.00%,-$2.00,-107.16%,-$2.00,-107.16%,CIVB,NASDAQ:CIVB,-2.000,,
NASDAQ:AUPH,1 Jun 2026,$13.51,3,$15.67,7,,$15.49,-12.81%,,,,,-100.00%,-$2.00,-112.91%,-$2.00,-112.91%,AUPH,NASDAQ:AUPH,-2.000,,
NASDAQ:CASS,24 Jun 2026,$50.17,3,,,,$52.25,-3.98%,-3.98%,$50.17,$50.17,,-100.00%,-$2.00,-103.83%,-$2.00,-103.83%,CASS,NASDAQ:CASS,-2.000,,
NASDAQ:EXEL,1 May 2026,$47.67,3,$46.00,6,,$55.53,-17.16%,,,,$54.11,-2.56%,$0.00,-100.00%,$0.00,-100.00%,EXEL,NASDAQ:EXEL,-0.456,$47.53,-3.22%
NASDAQ:PBYI,1 Jun 2026,$5.88,3,$5.00,6,,$8.22,-39.17%,,,,,-100.00%,-$2.00,-124.33%,-$2.00,-124.33%,PBYI,NASDAQ:PBYI,-2.000,,
NASDAQ:LEGH,29 Jun 2026,$32.03,4,$28.00,8,3.15,$25.96,7.86%,7.86%,$25.67,$32.03,$26.12,0.62%,$45.04,73.50%,$45.95,77.02%,LEGH,NASDAQ:LEGH,-0.104,$25.67,9.08%
NYSE:UHS,30 Mar 2026,$213.24,5,$245.00,3,,$158.05,34.92%,,,,$153.59,-2.82%,$0.00,-100.00%,$0.00,-100.00%,UHS,NYSE:UHS,-0.082,$223.31,9.71%
NYSE:EMA,30 Mar 2026,$47.50,2,,,,$52.35,-9.26%,,,,,-100.00%,-$2.00,-103.82%,-$2.00,-103.82%,EMA,NYSE:EMA,-2.000,,
NYSE:NXDT,30 Mar 2026,$4.25,3,,,,$5.42,-21.59%,,,,,-100.00%,-$2.00,-136.90%,-$2.00,-136.90%,NXDT,NYSE:NXDT,-2.000,,
NASDAQ:LOGI,30 Mar 2026,$102.94,4,$112.27,6,,$97.43,5.66%,,,,,-100.00%,-$2.00,-102.05%,-$2.00,-102.05%,LOGI,NASDAQ:LOGI,-2.000,,
NASDAQ:ACAD,14 Jun 2026,$22.38,3,$32.18,7,2.92,$25.77,-13.14%,-13.14%,$22.38,$32.18,$25.43,-1.32%,$37.77,46.57%,$38.75,50.37%,ACAD,NASDAQ:ACAD,-0.103,$31.70,1.51%
NASDAQ:PDEX,31 Mar 2026,$63.00,4,,5,,$61.83,1.90%,,,,,-100.00%,-$2.00,-103.23%,-$2.00,-103.23%,PDEX,NASDAQ:PDEX,-2.000,,
NYSE:HLF,10 Apr 2026,$16.11,3,$15.00,10,,$12.87,16.55%,,,,$12.73,-1.09%,$0.00,-100.00%,$0.00,-100.00%,HLF,NYSE:HLF,-0.625,$17.50,-14.29%
NASDAQ:INVA,27 May 2026,$23.82,3,$34.50,8,,$21.82,9.14%,,,,$21.79,-0.14%,$71.19,226.24%,$127.66,485.04%,INVA,NASDAQ:INVA,-0.350,$33.20,3.92%
NYSE:MTH,31 Mar 2026,$81.04,5,$83.50,1,,$79.90,1.43%,,,,,-100.00%,-$2.00,-102.50%,-$2.00,-102.50%,MTH,NYSE:MTH,-2.000,,
NYSE:CBT,29 Apr 2026,$98.58,5,$78.00,6,,$87.60,-10.96%,,,,,-100.00%,-$2.00,-102.28%,-$2.00,-102.28%,CBT,NYSE:CBT,-2.000,,
NASDAQ:JOYY,21 May 2026,$63.47,5,,,,$69.35,-8.48%,,,,$67.06,-3.30%,$0.00,-100.00%,$0.00,-100.00%,JOYY,NASDAQ:JOYY,-0.183,$78.17,
NASDAQ:MU,22 Apr 2026,$420.62,3,$543.20,8,,$984.75,-57.29%,,,,"$1,084.84",10.16%,$0.00,-100.00%,$0.00,-100.00%,MU,NASDAQ:MU,0.131,$533.73,1.77%
NASDAQ:MDXG,22 Apr 2026,$5.83,3,$8.00,7,,$4.07,43.34%,,,,$3.81,-6.39%,$0.00,-100.00%,$0.00,-100.00%,MDXG,NASDAQ:MDXG,-0.817,$6.50,23.08%
NASDAQ:RIGL,4 Apr 2026,$33.48,4,$45.67,9,,$40.26,-16.84%,,,,,-100.00%,-$2.00,-104.97%,-$2.00,-104.97%,RIGL,NASDAQ:RIGL,-2.000,,
NASDAQ:BKNG,15 Jun 2026,$206.77,5,$220.15,7,3.52,$181.03,14.22%,14.22%,$206.77,$232.65,$183.27,1.24%,$291.83,61.20%,$308.14,70.22%,BKNG,NASDAQ:BKNG,-0.206,$232.65,-5.37%
NASDAQ:RMR,15 Jun 2026,$22.56,4,$21.00,7,3.61,$20.04,4.79%,4.79%,$19.75,$22.56,$21.30,6.29%,$36.26,80.93%,$50.39,151.46%,RMR,NASDAQ:RMR,0.418,$19.75,6.33%
NYSE:REX,7 Apr 2026,$45.52,3,,,,$45.50,0.05%,,,,$47.25,3.85%,$0.00,-100.00%,$0.00,-100.00%,REX,NYSE:REX,0.204,$50.00,
NYSE:WS,23 Apr 2026,$36.83,3,$38.00,7,,$32.64,12.84%,,,,$31.70,-2.88%,$0.00,-100.00%,$0.00,-100.00%,WS,NYSE:WS,-0.263,$38.00,0.00%
NYSE:ARDT,9 Apr 2026,$17.13,3,$12.47,4,,$10.82,15.25%,,,,,-100.00%,-$2.00,-118.48%,-$2.00,-118.48%,ARDT,NYSE:ARDT,-2.000,,
NASDAQ:BYRN,10 Apr 2026,$17.11,3,$20.50,4,,$7.08,141.67%,,,,$7.40,4.52%,$0.00,-100.00%,$0.00,-100.00%,BYRN,NASDAQ:BYRN,0.049,$13.69,49.74%
NYSE:VTOL,30 Jun 2026,$44.08,3,$56.00,5,,$42.10,4.71%,4.71%,$44.08,$56.00,,-100.00%,-$2.00,-104.75%,-$2.00,-104.75%,VTOL,NYSE:VTOL,-2.000,,
NYSE:YELP,10 Apr 2026,$41.52,3,$25.00,3,,$26.34,-5.09%,,,,,-100.00%,-$2.00,-107.59%,-$2.00,-107.59%,YELP,NYSE:YELP,-2.000,,
NYSE:EMN,29 Jun 2026,$95.24,5,$84.00,8,4.54,$68.90,21.92%,21.92%,$79.20,$95.24,$73.02,5.98%,$109.24,58.54%,$154.39,124.07%,EMN,NYSE:EMN,0.836,$79.20,6.06%
NYSE:LEVI,24 Jun 2026,$25.35,4,$26.91,4,3.30,$24.68,2.71%,2.71%,$25.35,$26.91,$25.74,4.29%,$0.00,-100.00%,$0.00,-100.00%,LEVI,NYSE:LEVI,0.237,$26.87,0.15%
NASDAQ:CWBC,14 Apr 2026,$22.95,3,$27.50,9,,$27.18,-15.55%,,,,$28.23,3.86%,$0.00,-100.00%,$0.00,-100.00%,CWBC,NASDAQ:CWBC,0.100,$28.38,-3.10%
NASDAQ:NRDS,16 Apr 2026,$15.41,5,$14.75,5,,$9.48,55.59%,,,,,-100.00%,-$2.00,-121.10%,-$2.00,-121.10%,NRDS,NASDAQ:NRDS,-2.000,,
NYSE:LZB,29 Apr 2026,$50.16,5,$44.50,1,,$39.40,12.94%,,,,$39.67,0.69%,$0.00,-100.00%,$0.00,-100.00%,LZB,NYSE:LZB,-0.155,$44.50,0.00%
NASDAQ:UPWK,16 Apr 2026,$16.52,5,$21.22,4,,$8.86,86.50%,,,,,-100.00%,-$2.00,-122.57%,-$2.00,-122.57%,UPWK,NASDAQ:UPWK,-2.000,,
NASDAQ:MTCH,16 Apr 2026,$41.38,5,$35.45,6,,$37.67,-5.89%,,,,$37.85,0.48%,$0.00,-100.00%,$0.00,-100.00%,MTCH,NASDAQ:MTCH,-0.395,$36.65,-3.27%
NASDAQ:REGN,29 Apr 2026,$775.92,3,$869.88,8,,$649.81,19.41%,,,,,-100.00%,-$2.00,-100.31%,-$2.00,-100.31%,REGN,NASDAQ:REGN,-2.000,,
NASDAQ:INCY,1 Jun 2026,$81.23,2,$106.83,6,,$115.62,-29.74%,,,,$112.68,-2.54%,$0.00,-100.00%,$0.00,-100.00%,INCY,NASDAQ:INCY,-0.630,$108.50,-1.54%
NYSE:LTC,29 Apr 2026,$40.57,4,$41.00,5,,$38.77,4.65%,,,,,-100.00%,-$2.00,-105.16%,-$2.00,-105.16%,LTC,NYSE:LTC,-2.000,,
NYSE:ELV,8 May 2026,$512.46,3,$382.71,8,,$408.17,-6.24%,,,,$419.64,2.81%,$409.67,0.37%,$212.62,-47.91%,ELV,NYSE:ELV,-0.101,$378.38,1.14%
NYSE:MOH,20 Apr 2026,$251.44,3,$142.77,6,,$227.70,-37.30%,,,,,-100.00%,-$2.00,-100.88%,-$2.00,-100.88%,MOH,NYSE:MOH,-2.000,,
NASDAQ:SAIC,29 Apr 2026,$138.59,5,$101.61,7,,$114.70,-11.41%,,,,$105.57,-7.96%,$0.00,-100.00%,$0.00,-100.00%,SAIC,NASDAQ:SAIC,-0.356,$111.44,-8.82%
NYSE:CI,29 Jun 2026,$331.16,5,$346.27,10,3.83,$281.98,17.44%,17.44%,$331.16,$346.27,$282.62,0.23%,$0.00,-100.00%,$0.00,-100.00%,CI,NYSE:CI,-0.042,$340.50,1.69%
NYSE:TX,29 Apr 2026,$44.92,3,$43.17,7,,$42.43,1.74%,,,,,-100.00%,-$2.00,-104.71%,-$2.00,-104.71%,TX,NYSE:TX,-2.000,,
NASDAQ:FDUS,28 Apr 2026,$22.45,3,,,,$20.41,10.00%,,,,,-100.00%,-$2.00,-109.80%,-$2.00,-109.80%,FDUS,NASDAQ:FDUS,-2.000,,
NYSE:OPFI,28 Apr 2026,$13.04,3,$15.50,7,,$10.01,30.29%,,,,,-100.00%,-$2.00,-119.98%,-$2.00,-119.98%,OPFI,NYSE:OPFI,-2.000,,
NASDAQ:UAL,28 Apr 2026,$106.86,4,$130.71,5,,$132.50,-19.35%,,,,,-100.00%,-$2.00,-101.51%,-$2.00,-101.51%,UAL,NASDAQ:UAL,-2.000,,
NYSE:CNA,28 Apr 2026,$48.98,3,,6,,$51.68,-5.23%,,,,$49.86,-3.52%,$0.00,-100.00%,$0.00,-100.00%,CNA,NYSE:CNA,-0.316,$42.00,
NASDAQ:JBSS,28 Apr 2026,$92.51,4,$109.00,8,,$88.53,4.49%,,,,,-100.00%,-$2.00,-102.26%,-$2.00,-102.26%,JBSS,NASDAQ:JBSS,-2.000,,
NYSE:HMN,28 Apr 2026,$54.29,4,$48.00,6,,$54.12,-11.31%,,,,,-100.00%,-$2.00,-103.70%,-$2.00,-103.70%,HMN,NYSE:HMN,-2.000,,
NYSE:ENVA,28 Apr 2026,$163.50,3,$198.33,8,,$234.78,-30.36%,,,,,-100.00%,-$2.00,-100.85%,-$2.00,-100.85%,ENVA,NYSE:ENVA,-2.000,,
NYSE:CF,28 Apr 2026,$121.68,3,$130.71,6,,$113.20,7.49%,,,,,-100.00%,-$2.00,-101.77%,-$2.00,-101.77%,CF,NYSE:CF,-2.000,,
NYSE:KMPR,28 Apr 2026,$53.67,3,$54.67,2,,$28.80,86.34%,,,,,-100.00%,-$2.00,-106.94%,-$2.00,-106.94%,KMPR,NYSE:KMPR,-2.000,,
NYSE:RLI,28 Apr 2026,$66.40,5,$62.50,7,,$61.78,1.17%,,,,,-100.00%,-$2.00,-103.24%,-$2.00,-103.24%,RLI,NYSE:RLI,-2.000,,
NASDAQ:MORN,28 Apr 2026,,,$280.00,7,,$166.38,68.29%,,,,,-100.00%,-$2.00,-101.20%,-$2.00,-101.20%,MORN,NASDAQ:MORN,-2.000,,
NASDAQ:GEHC,28 Apr 2026,$91.01,5,$94.25,9,,$64.84,40.36%,,,,$63.27,-2.42%,$0.00,-100.00%,$0.00,-100.00%,GEHC,NASDAQ:GEHC,-0.849,$79.95,17.89%
NASDAQ:NTRS,28 Apr 2026,$135.85,2,$169.95,5,,$181.14,-25.00%,,,,,-100.00%,-$2.00,-101.10%,-$2.00,-101.10%,NTRS,NASDAQ:NTRS,-2.000,,
NYSE:WES,2 Jul 2026,$43.13,1,,,,$43.69,-1.28%,-1.28%,$43.13,$43.13,,-100.00%,-$2.00,-104.58%,-$2.00,-104.58%,WES,NYSE:WES,-2.000,,
NYSE:DHT,25 Jun 2026,$16.49,3,,,,$17.15,-3.85%,-3.85%,$16.49,$16.49,,-100.00%,-$2.00,-111.66%,-$2.00,-111.66%,DHT,NYSE:DHT,-2.000,,
NYSE:D,21 May 2026,$62.63,3,$66.64,8,,$69.26,-9.57%,,,,$71.45,3.16%,$0.00,-100.00%,$0.00,-100.00%,D,NYSE:D,0.271,$66.35,0.44%
NASDAQ:CBK,1 Jun 2026,$30.03,3,,,,$33.43,-10.16%,,,,,-100.00%,-$2.00,-105.98%,-$2.00,-105.98%,CBK,NASDAQ:CBK,-2.000,,
NYSE:ELPC,12 May 2026,$11.13,3,$13.10,8,,$11.61,-4.11%,,,,$12.03,3.62%,$0.00,-100.00%,$0.00,-100.00%,ELPC,NYSE:ELPC,0.174,$16.93,-22.62%
NYSE:FDX,25 Jun 2026,$291.89,1,,,3.00,$309.93,-5.82%,-5.82%,$291.89,$403.07,$329.59,6.34%,$0.00,-100.00%,$0.00,-100.00%,FDX,NYSE:FDX,0.614,$403.07,
NYSE:FBK,27 May 2026,$53.58,3,$64.25,5,,$56.68,-5.47%,,,,$57.90,2.15%,$0.00,-100.00%,$0.00,-100.00%,FBK,NYSE:FBK,0.084,$64.86,-0.94%
NYSE:AXTA,29 Jun 2026,$41.81,5,$34.40,5,3.60,$35.01,-1.74%,-1.74%,$34.40,$41.81,$35.95,2.68%,$0.00,-100.00%,$0.00,-100.00%,AXTA,NYSE:AXTA,0.192,$35.21,-2.30%
NASDAQ:LOPE,26 Jun 2026,$168.79,5,$209.33,3,3.51,$153.42,10.02%,10.02%,$168.79,$214.00,$150.46,-1.93%,$438.12,185.57%,$464.01,202.45%,LOPE,NASDAQ:LOPE,-0.019,$214.00,-2.18%
NASDAQ:PAA,29 Jun 2026,$21.85,1,,,,$22.27,-1.89%,-1.89%,$21.85,$21.85,,-100.00%,-$2.00,-108.98%,-$2.00,-108.98%,PAA,NASDAQ:PAA,-2.000,,
NASDAQ:NKSH,27 May 2026,$35.84,3,,7,,$36.33,-1.36%,,,,$36.70,1.02%,$0.00,-100.00%,$0.00,-100.00%,NKSH,NASDAQ:NKSH,-0.283,$41.00,
NYSE:KRC,15 Jun 2026,$46.60,5,$37.20,5,2.84,$39.34,-5.44%,-5.44%,$35.14,$46.60,$39.07,-0.69%,$21.75,-44.70%,$54.55,38.67%,KRC,NYSE:KRC,-0.490,$35.14,5.86%
NASDAQ:MRBK,27 May 2026,$18.24,3,$21.00,7,,$19.66,-7.22%,,,,$21.03,6.97%,$0.00,-100.00%,$0.00,-100.00%,MRBK,NASDAQ:MRBK,0.089,$22.00,-4.55%
NYSE:TTE,30 Jun 2026,$85.46,4,$99.63,,4.20,$76.31,11.99%,11.99%,$85.46,$99.63,$79.93,4.74%,$0.00,-100.00%,$0.00,-100.00%,TTE,NYSE:TTE,0.700,$97.07,2.64%
NASDAQ:SMBC,27 May 2026,$70.66,3,$73.33,5,,$76.56,-7.70%,,,,,-100.00%,-$2.00,-102.61%,-$2.00,-102.61%,SMBC,NASDAQ:SMBC,-2.000,,
NYSE:EPD,30 Jun 2026,$36.66,1,,,2.76,$36.47,0.52%,0.52%,$36.66,$40.70,$38.00,4.20%,$0.00,-100.00%,$0.00,-100.00%,EPD,NYSE:EPD,0.474,$40.70,
NASDAQ:SHOE,6 Jul 2026,$27.22,5,,,3.62,$14.75,84.54%,84.54%,$27.22,$27.22,$15.18,2.92%,$0.00,-100.00%,$0.00,-100.00%,SHOE,NASDAQ:SHOE,-0.008,,
NYSE:AD,30 Jun 2026,$38.75,3,,,,$34.97,10.81%,10.81%,$38.75,$38.75,,-100.00%,-$2.00,-105.72%,-$2.00,-105.72%,AD,NYSE:AD,-2.000,,
NASDAQ:SCVL,15 Jun 2026,$31.19,5,,,,$14.75,111.46%,111.46%,$31.19,$31.19,,-100.00%,-$2.00,-113.56%,-$2.00,-113.56%,SCVL,NASDAQ:SHOE,-2.000,,
NYSE:SBR,30 Jun 2026,$69.55,3,,6,,$72.86,-4.54%,-4.54%,$69.55,$69.55,,-100.00%,-$2.00,-102.74%,-$2.00,-102.74%,SBR,NYSE:SBR,-2.000,,
NYSE:MATV,6 Jul 2026,$10.46,4,,5,3.34,$7.46,40.21%,40.21%,$10.46,$21.00,$7.80,4.56%,-$8.57,-214.94%,$35.24,372.41%,MATV,NYSE:MATV,0.003,$21.00,
NYSE:TK,30 Jun 2026,$11.24,3,,2,,$10.42,7.88%,7.88%,$11.24,$11.24,,-100.00%,-$2.00,-119.19%,-$2.00,-119.19%,TK,NYSE:TK,-2.000,,
NYSE:AVA,29 Jun 2026,$41.07,3,$39.25,5,,$40.66,-3.47%,-3.47%,$39.25,$41.07,,-100.00%,-$2.00,-104.92%,-$2.00,-104.92%,AVA,NYSE:AVA,-2.000,,
NYSE:TNK,16 Jun 2026,$68.85,3,$80.50,6,,$68.76,0.13%,0.13%,$68.85,$80.50,,-100.00%,-$2.00,-102.91%,-$2.00,-102.91%,TNK,NYSE:TNK,-2.000,,
NASDAQ:BCML,16 Jun 2026,$34.03,3,$33.00,7,3.05,$33.36,-1.08%,-1.08%,$32.67,$34.03,$35.15,5.37%,$0.00,-100.00%,$0.00,-100.00%,BCML,NASDAQ:BCML,0.194,$32.67,1.01%
NYSE:CBL,23 Jun 2026,$47.75,3,$55.00,8,,$52.90,-9.73%,-9.73%,$47.75,$55.00,,-100.00%,-$2.00,-103.78%,-$2.00,-103.78%,CBL,NYSE:CBL,-2.000,,
NASDAQ:JCAP,24 Jun 2026,$21.24,4,,,3.91,$18.55,14.50%,14.50%,$21.24,$26.20,$20.27,9.27%,$0.00,-100.00%,$0.00,-100.00%,JCAP,NASDAQ:JCAP,0.241,$26.20,
NYSE:BKH,16 Jun 2026,$76.81,4,$83.00,9,,$72.16,6.45%,6.45%,$76.81,$83.00,,-100.00%,-$2.00,-102.77%,-$2.00,-102.77%,BKH,NYSE:BKH,-2.000,,
NYSE:CPK,25 Jun 2026,$113.77,3,,,,$122.02,-6.76%,-6.76%,$113.77,$113.77,,-100.00%,-$2.00,-101.64%,-$2.00,-101.64%,CPK,NYSE:CPK,-2.000,,
NYSE:HESM,30 Jun 2026,$37.34,1,,,,$38.18,-2.20%,-2.20%,$37.34,$37.34,,-100.00%,-$2.00,-105.24%,-$2.00,-105.24%,HESM,NYSE:HESM,-2.000,,
NYSE:SOBO,23 Jun 2026,$37.00,3,,,3.26,$34.56,7.06%,7.06%,$37.00,$37.00,$35.90,3.88%,$0.00,-100.00%,$0.00,-100.00%,SOBO,NYSE:SOBO,0.449,$34.78,
NYSE:AEE,16 Jun 2026,$106.67,3,$119.00,7,,$112.99,-5.59%,-5.59%,$106.67,$119.00,,-100.00%,-$2.00,-101.77%,-$2.00,-101.77%,AEE,NYSE:AEE,-2.000,,
NYSE:SUN,24 Jun 2026,$65.25,3,,,,$67.56,-3.42%,-3.42%,$65.25,$65.25,,-100.00%,-$2.00,-102.96%,-$2.00,-102.96%,SUN,NYSE:SUN,-2.000,,
NYSE:RGA,25 Jun 2026,$194.90,3,,,,$224.08,-13.02%,-13.02%,$194.90,$194.90,,-100.00%,-$2.00,-100.89%,-$2.00,-100.89%,RGA,NYSE:RGA,-2.000,,
NYSE:MPC,16 Jun 2026,$210.97,1,$279.30,8,2.68,$268.99,-21.57%,-21.57%,$210.97,$279.30,$278.55,3.55%,$0.00,-100.00%,$0.00,-100.00%,MPC,NYSE:MPC,0.466,$249.29,12.04%
NYSE:ATO,16 Jun 2026,$164.62,3,,,,$173.83,-5.30%,-5.30%,$164.62,$164.62,,-100.00%,-$2.00,-101.15%,-$2.00,-101.15%,ATO,NYSE:ATO,-2.000,,
NYSE:OMF,23 Jun 2026,$58.80,3,,,,$60.08,-2.14%,-2.14%,$58.80,$58.80,,-100.00%,-$2.00,-103.33%,-$2.00,-103.33%,OMF,NYSE:OMF,-2.000,,
NYSE:SPG,25 Jun 2026,$192.49,3,$210.75,9,,$225.00,-14.45%,-14.45%,$192.49,$210.75,,-100.00%,-$2.00,-100.89%,-$2.00,-100.89%,SPG,NYSE:SPG,-2.000,,
NYSE:HTH,16 Jun 2026,$40.96,3,$39.50,3,3.06,$38.60,2.33%,2.33%,$39.50,$40.96,$40.70,5.44%,$0.00,-100.00%,$0.00,-100.00%,HTH,NYSE:HTH,0.439,$39.67,-0.43%
NASDAQ:HTO,23 Jun 2026,$57.81,3,,,,$61.21,-5.56%,-5.56%,$57.81,$57.81,,-100.00%,-$2.00,-103.27%,-$2.00,-103.27%,HTO,NASDAQ:HTO,-2.000,,
NYSE:MLI,17 Jun 2026,$127.13,2,,,3.00,$56.84,123.66%,123.66%,$127.13,$149.50,$60.46,6.37%,$0.00,-100.00%,$0.00,-100.00%,MLI,NYSE:MLI,0.474,$149.50,
NYSE:EG,17 Jun 2026,$338.53,3,,,,$372.93,-9.22%,-9.22%,$338.53,$338.53,,-100.00%,-$2.00,-100.54%,-$2.00,-100.54%,EG,NYSE:EG,-2.000,,
NYSE:SR,23 Jun 2026,$82.84,4,,,,$78.46,5.58%,5.58%,$82.84,$82.84,,-100.00%,-$2.00,-102.55%,-$2.00,-102.55%,SR,NYSE:SR,-2.000,,
NYSE:BFH,19 Jun 2026,$90.04,3,$98.33,10,2.84,$103.52,-13.02%,-13.02%,$85.53,$98.33,$101.97,-1.50%,$0.00,-100.00%,$0.00,-100.00%,BFH,NYSE:BFH,-0.107,$85.53,14.97%
NASDAQ:SNY,25 Jun 2026,$55.50,5,$53.00,5,4.01,$42.61,24.38%,24.38%,$53.00,$57.12,$44.58,4.62%,$51.87,21.74%,$85.64,100.99%,SNY,NASDAQ:SNY,0.379,$57.12,-7.21%
NASDAQ:TMUS,30 Jun 2026,$234.16,3,$254.24,7,,$181.79,28.81%,28.81%,$234.16,$254.24,,-100.00%,-$2.00,-101.10%,-$2.00,-101.10%,TMUS,NASDAQ:TMUS,-2.000,,
NYSE:ES,23 Jun 2026,$73.60,4,$70.67,8,,$73.23,-3.50%,-3.50%,$70.67,$73.60,,-100.00%,-$2.00,-102.73%,-$2.00,-102.73%,ES,NYSE:ES,-2.000,,
NASDAQ:TIGO,24 Jun 2026,$78.80,3,,,,$94.81,-16.89%,-16.89%,$78.80,$78.80,,-100.00%,-$2.00,-102.11%,-$2.00,-102.11%,TIGO,NASDAQ:TIGO,-2.000,,
NASDAQ:EZPW,29 Jun 2026,$31.35,3,$41.00,9,,$35.27,-11.11%,-11.11%,$31.35,$41.00,,-100.00%,-$2.00,-105.67%,-$2.00,-105.67%,EZPW,NASDAQ:EZPW,-2.000,,
NYSE:NRP,24 Jun 2026,$100.40,3,,,,$97.87,2.59%,2.59%,$100.40,$100.40,,-100.00%,-$2.00,-102.04%,-$2.00,-102.04%,NRP,NYSE:NRP,-2.000,,
NYSE:DINO,24 Jun 2026,$67.54,3,$72.58,9,,$74.45,-9.28%,-9.28%,$67.54,$72.58,,-100.00%,-$2.00,-102.69%,-$2.00,-102.69%,DINO,NYSE:DINO,-2.000,,
NYSE:T,30 Jun 2026,$27.72,5,$31.50,9,4.67,$20.58,34.69%,34.69%,$27.72,$31.50,$21.90,6.41%,$15.80,-23.20%,$53.95,162.13%,T,NYSE:T,0.741,$30.43,3.52%
NYSE:HAL,30 Jun 2026,$33.26,3,$45.07,7,3.96,$33.00,0.77%,0.77%,$33.26,$45.07,$35.70,8.18%,$0.00,-100.00%,$0.00,-100.00%,HAL,NYSE:HAL,0.915,$41.64,8.24%
NYSE:TS,30 Jun 2026,$56.32,3,$63.20,7,,$53.80,4.69%,4.69%,$56.32,$63.20,,-100.00%,-$2.00,-103.72%,-$2.00,-103.72%,TS,NYSE:TS,-2.000,,
NYSE:TDW,30 Jun 2026,$68.88,3,,7,,$68.19,1.01%,1.01%,$68.88,$68.88,,-100.00%,-$2.00,-102.93%,-$2.00,-102.93%,TDW,NYSE:TDW,-2.000,,
NYSE:FLOC,30 Jun 2026,$26.64,4,,,4.58,$18.97,40.44%,40.44%,$26.64,$29.88,$22.47,18.45%,$0.00,-100.00%,$0.00,-100.00%,FLOC,NYSE:FLOC,0.914,$29.88,
NYSE:CLB,30 Jun 2026,$16.13,5,,,4.91,$11.09,45.45%,45.45%,$16.13,$16.33,$12.57,13.35%,$11.94,7.70%,$17.40,56.92%,CLB,NYSE:CLB,0.914,$16.33,
NASDAQ:SND,30 Jun 2026,$5.71,3,,6,,$4.66,22.53%,22.53%,$5.71,$5.71,,-100.00%,-$2.00,-142.92%,-$2.00,-142.92%,SND,NASDAQ:SND,-2.000,,
NYSE:BWLP,26 Jun 2026,$17.09,3,,,,$18.88,-9.48%,-9.48%,$17.09,$17.09,,-100.00%,-$2.00,-110.59%,-$2.00,-110.59%,BWLP,NYSE:BWLP,-2.000,,
NYSE:RCI,26 Jun 2026,$44.54,5,$42.06,10,4.43,$31.45,33.74%,33.74%,$41.73,$44.54,$34.11,8.46%,$0.06,-99.81%,$188.35,498.89%,RCI,NYSE:RCI,0.477,$41.73,0.79%
NYSE:TIMB,30 Jun 2026,$23.56,4,$27.83,1,,$21.83,7.91%,7.91%,$23.56,$27.83,,-100.00%,-$2.00,-109.16%,-$2.00,-109.16%,TIMB,NYSE:TIMB,-2.000,,
NYSE:UGI,2 Jul 2026,$38.21,4,$40.00,4,,$34.92,9.41%,9.41%,$38.21,$40.00,,-100.00%,-$2.00,-105.73%,-$2.00,-105.73%,UGI,NYSE:UGI,-2.000,,
NYSE:WSR,2 Jul 2026,$19.20,3,$19.00,7,,$18.97,0.16%,0.16%,$19.00,$19.20,,-100.00%,-$2.00,-110.54%,-$2.00,-110.54%,WSR,NYSE:WSR,-2.000,,
NYSE:BSM,2 Jul 2026,$13.68,1,,,,$13.54,1.03%,1.03%,$13.68,$13.68,,-100.00%,-$2.00,-114.77%,-$2.00,-114.77%,BSM,NYSE:BSM,-2.000,,
