Stock,Date,MS Fair Value,MS,Tips Target,Tips Stars,Stars,Current Price,Fair Value,Valid Fair Value,Low Price,High Price,"3 Mths
Target","3 Mths
Target %",Intrinsic Value Basic,Intrinsic Value Basic %,Intrinsic Value Adjusted,Intrinsic Value Adjusted %,🙈 Symbol,"🙈 Google
Symbol",Score,Analyst Target Price,Tip Ranks Difference
NYSE:AA,23 Jun 2026,$55.51,3,$78.71,7,2.83,$43.98,26.22%,26.22%,$55.51,$78.71,$47.60,8.23%,$81.44,85.17%,$87.42,98.76%,AA,NYSE:AA,0.036,$66.53,18.31%
NASDAQ:AAL,28 Jul 2025,$12.45,3,$13.73,1,4.54,$14.98,-16.88%,,,,$0.00,-100.00%,$0.00,-100.00%,$0.00,-100.00%,AAL,NASDAQ:AAL,-1.000,$19.60,-29.95%
NASDAQ:AAOI,30 Jan 2026,$36.44,3,$38.25,6,5.00,$102.41,-64.42%,,,,$0.00,-100.00%,$0.00,-100.00%,$0.00,-100.00%,AAOI,NASDAQ:AAOI,-1.000,$151.30,-74.72%
NASDAQ:AAON,22 Jan 2026,$81.94,2,$119.00,4,4.79,$111.42,-26.45%,,,,$0.00,-100.00%,$0.00,-100.00%,$0.00,-100.00%,AAON,NASDAQ:AAON,-1.000,$151.33,-21.36%
NASDAQ:AAPL,19 Jan 2026,$237.95,2,$299.69,8,0.93,$333.74,-28.70%,,,,$325.22,-2.55%,$0.00,-100.00%,$0.00,-100.00%,AAPL,NASDAQ:AAPL,-0.708,$315.79,-5.10%
NYSE:AAT,22 Apr 2026,$25.97,5,$19.00,3,2.74,$25.51,-25.52%,,,,$26.40,3.49%,$0.00,-100.00%,$0.00,-100.00%,AAT,NYSE:AAT,0.128,$20.50,-7.32%
NASDAQ:ABCB,12 Oct 2025,$69.25,3,$77.00,6,,$92.31,-24.98%,,,,,-100.00%,-$2.00,-102.17%,-$2.00,-102.17%,ABCB,NYSE:ABCB,-2.000,,
NYSE:ABCB,19 Nov 2025,$73.43,3,,,0.43,$92.31,-20.45%,,,,$87.85,-4.83%,$0.00,-100.00%,$0.00,-100.00%,ABCB,NYSE:ABCB,-0.948,$95.17,
NYSE:ABEV,19 Mar 2026,$3.23,4,$3.12,5,2.60,$3.03,2.97%,,,,$3.05,0.66%,$0.00,-100.00%,$0.00,-100.00%,ABEV,NYSE:ABEV,-0.004,$3.37,-7.42%
NYSE:ABM,30 Aug 2025,$55.78,4,$58.40,6,3.63,$47.58,17.23%,,,,$50.34,5.80%,$3.53,-92.58%,$23.36,-50.91%,ABM,NYSE:ABM,0.456,$52.43,11.39%
NYSE:ABT,11 Dec 2025,$121.58,3,$147.38,6,0.71,$100.68,20.76%,,,,$97.19,-3.47%,$0.00,-100.00%,$0.00,-100.00%,ABT,NYSE:ABT,-0.852,$116.54,26.46%
NYSE:ACCO,28 Apr 2026,$4.93,5,$7.00,6,3.78,$4.08,20.95%,,,,$4.37,7.11%,$0.00,-100.00%,$0.00,-100.00%,ACCO,NYSE:ACCO,0.459,$7.67,-8.74%
NYSE:ACEL,18 Sep 2025,$12.91,4,$15.00,7,4.38,$12.15,6.23%,,,,$0.00,-100.00%,$0.00,-100.00%,$0.00,-100.00%,ACEL,NYSE:ACEL,-1.000,$15.50,-3.23%
NASDAQ:ACGL,29 Aug 2025,$97.27,4,$108.00,5,2.85,$101.35,-4.02%,,,,$105.26,3.86%,$0.00,-100.00%,$0.00,-100.00%,ACGL,NASDAQ:ACGL,0.116,$110.29,-2.08%
NYSE:ACI,21 May 2026,$24.29,3,$22.00,6,2.34,$15.11,45.60%,,,,$15.15,0.26%,$0.00,-100.00%,$0.00,-100.00%,ACI,NYSE:ACI,-0.170,$20.25,8.64%
NASDAQ:ACIW,10 Feb 2026,$52.10,5,$63.33,2,3.74,$58.07,-10.28%,,,,$0.00,-100.00%,$0.00,-100.00%,$0.00,-100.00%,ACIW,NASDAQ:ACIW,-1.000,$66.67,-5.01%
NASDAQ:ACLS,27 May 2026,$130.64,2,$167.25,8,4.22,$136.42,-4.24%,,,,$0.00,-100.00%,$0.00,-100.00%,$0.00,-100.00%,ACLS,NASDAQ:ACLS,-1.000,$169.67,-1.43%
NASDAQ:ACMR,5 Feb 2026,$52.94,2,$43.25,9,4.09,$83.92,-48.46%,,,,$0.00,-100.00%,$0.00,-100.00%,$0.00,-100.00%,ACMR,NASDAQ:ACMR,-1.000,$102.14,-57.66%
NYSE:ACN,24 May 2026,$244.46,3,$254.70,8,2.28,$143.57,70.27%,,,,$141.07,-1.74%,$387.62,169.99%,$433.62,202.03%,ACN,NYSE:ACN,-0.176,$179.13,42.19%
NYSE:ACVA,18 Sep 2025,$10.72,3,,,4.27,$7.45,43.92%,,,,$0.00,-100.00%,$0.00,-100.00%,$0.00,-100.00%,ACVA,NYSE:ACVA,-1.000,$9.34,
NYSE:ADC,19 Sep 2025,$79.26,4,$81.90,8,,$81.12,-2.29%,,,,,-100.00%,-$2.00,-102.47%,-$2.00,-102.47%,ADC,NYSE:ADC,-2.000,,
NASDAQ:ADEA,5 Feb 2026,$20.67,3,,,,$25.38,-18.54%,,,,,-100.00%,-$2.00,-107.88%,-$2.00,-107.88%,ADEA,NASDAQ:ADEA,-2.000,,
NASDAQ:ADI,4 Jan 2026,$270.08,3,$290.50,7,3.55,$375.36,-28.05%,,,,$390.25,3.97%,$414.10,10.32%,$454.44,21.07%,ADI,NASDAQ:ADI,0.396,$457.40,-36.49%
NASDAQ:ADIL,11 Jul 2025,$0.51,3,,,,$2.80,-81.68%,,,,,-100.00%,-$2.00,-171.43%,-$2.00,-171.43%,ADIL,NASDAQ:ADIL,-2.000,,
NASDAQ:ADP,27 Jan 2026,$279.90,4,$288.80,7,0.88,$255.27,9.65%,,,,$248.02,-2.84%,$0.00,-100.00%,$0.00,-100.00%,ADP,NASDAQ:ADP,-0.742,$252.80,14.24%
NASDAQ:ADTN,10 Feb 2026,$10.14,3,$12.50,8,2.92,$11.65,-12.96%,,,,$12.16,4.38%,$0.00,-100.00%,$0.00,-100.00%,ADTN,NASDAQ:ADTN,0.074,$19.50,-35.90%
NYSE:AEM,24 Oct 2025,$79.48,1,,,3.01,$136.97,-41.97%,,,,$140.59,2.64%,$0.00,-100.00%,$0.00,-100.00%,AEM,NYSE:AEM,0.116,$223.48,
NASDAQ:AEMD,4 Dec 2025,$7.60,3,,,,$0.65,1069.23%,,,,,-100.00%,-$2.00,-407.69%,-$2.00,-407.69%,AEMD,NASDAQ:AEMD,-2.000,,
NASDAQ:AEP,18 Sep 2025,$104.71,2,,,2.73,$132.14,-20.76%,,,,$137.93,4.38%,$0.00,-100.00%,$0.00,-100.00%,AEP,NASDAQ:AEP,0.056,$145.52,
NYSE:AER,5 Mar 2026,$119.70,1,,,,$146.97,-18.55%,,,,,-100.00%,-$2.00,-101.36%,-$2.00,-101.36%,AER,NYSE:AER,-2.000,,
NYSE:AES,11 Jul 2025,$13.47,3,,,3.44,$14.77,-8.84%,,,,$15.23,3.11%,$0.00,-100.00%,$0.00,-100.00%,AES,NYSE:AES,0.393,$15.00,
NASDAQ:AFYA,30 Jun 2026,$16.79,3,$21.00,2,1.89,$13.90,20.82%,20.82%,$16.77,$21.00,$13.83,-0.50%,$0.00,-100.00%,$0.00,-100.00%,AFYA,NASDAQ:AFYA,-0.341,$16.77,25.22%
NYSE:AG,12 Aug 2025,$7.66,3,,,0.84,$15.81,-51.58%,,,,$14.98,-5.25%,$0.00,-100.00%,$0.00,-100.00%,AG,NYSE:AG,-0.850,$24.25,
NYSE:AGI,24 Oct 2025,$19.15,2,,,1.47,$28.26,-32.24%,,,,$27.51,-2.65%,$0.00,-100.00%,$0.00,-100.00%,AGI,NYSE:AGI,-0.571,$47.50,
NYSE:AGM,11 Nov 2025,$179.75,4,$219.00,5,2.11,$205.50,-12.53%,,,,$204.36,-0.55%,$0.00,-100.00%,$0.00,-100.00%,AGM,NYSE:AGM,-0.209,$219.67,-0.31%
NASDAQ:AGNC,23 Dec 2025,$10.87,3,$10.31,9,1.98,$11.22,-8.11%,,,,$11.24,0.18%,$0.00,-100.00%,$0.00,-100.00%,AGNC,NASDAQ:AGNC,-0.258,$11.44,-9.88%
NYSE:AGO,3 Jan 2025,$100.22,4,$105.33,1,1.66,$84.96,17.97%,,,,$84.27,-0.81%,$0.00,-100.00%,$0.00,-100.00%,AGO,NYSE:AGO,-0.414,$92.33,14.08%
NYSE:AGRO,27 Aug 2025,$9.55,4,$9.40,1,1.97,$10.07,-6.65%,,,,$9.93,-1.39%,$0.00,-100.00%,$0.00,-100.00%,AGRO,NYSE:AGRO,-0.335,$13.65,-31.14%
NASDAQ:AHCO,3 Dec 2025,$13.94,3,$13.67,6,4.21,$10.96,24.73%,,,,$0.00,-100.00%,$0.00,-100.00%,$0.00,-100.00%,AHCO,NASDAQ:AHCO,-1.000,$13.62,0.37%
NYSE:AIG,17 Jul 2025,$84.76,3,$90.60,5,2.35,$80.50,5.29%,,,,$79.30,-1.49%,$0.00,-100.00%,$0.00,-100.00%,AIG,NYSE:AIG,-0.112,$88.35,2.55%
NASDAQ:AIMD,29 Jan 2026,$2.10,3,,,,$1.65,27.52%,,,,,-100.00%,-$2.00,-221.21%,-$2.00,-221.21%,AIMD,NASDAQ:AIMD,-2.000,,
NYSE:AIN,15 Aug 2025,$77.61,3,$66.80,4,2.97,$74.54,-10.38%,,,,$77.37,3.80%,$0.00,-100.00%,$0.00,-100.00%,AIN,NYSE:AIN,0.236,$58.67,13.86%
NASDAQ:AIP,5 Feb 2026,$16.04,3,$20.50,7,4.08,$31.04,-48.32%,,,,$0.00,-100.00%,$0.00,-100.00%,$0.00,-100.00%,AIP,NASDAQ:AIP,-1.000,$37.75,-45.70%
NASDAQ:AIRS,23 Aug 2025,$6.69,3,$5.00,5,3.06,$4.45,12.36%,,,,$0.00,-100.00%,$0.00,-100.00%,$0.00,-100.00%,AIRS,NASDAQ:AIRS,-1.000,$4.50,11.11%
NYSE:AIV,17 Jul 2026,$2.91,3,,3,4.80,$2.73,6.59%,6.59%,$2.91,$7.00,$2.95,8.06%,$0.00,-100.00%,$0.00,-100.00%,AIV,NYSE:AIV,0.911,$7.00,
NYSE:AIZ,29 Aug 2025,$221.82,3,$239.50,10,0.76,$276.84,-19.87%,,,,$270.62,-2.25%,$0.00,-100.00%,$0.00,-100.00%,AIZ,NYSE:AIZ,-0.809,$293.00,-18.26%
NASDAQ:AKAM,11 Feb 2026,$114.28,5,$103.73,9,4.63,$120.19,-13.69%,,,,$0.00,-100.00%,$0.00,-100.00%,$0.00,-100.00%,AKAM,NASDAQ:AKAM,-1.000,$159.30,-34.88%
NYSE:AL,2 Jan 2026,$58.27,3,$66.50,5,,#N/A,#N/A,,,,,#N/A,-$2.00,#N/A,-$2.00,#N/A,AL,NYSE:AL,-2.000,,
NASDAQ:ALAB,27 Jan 2026,$140.56,1,$194.64,5,0.61,$303.62,-53.71%,,,,$282.99,-6.79%,$0.00,-100.00%,$0.00,-100.00%,ALAB,NASDAQ:ALAB,-0.851,$291.33,-33.19%
NYSE:ALC,27 Aug 2025,$81.45,1,,,1.27,$70.26,15.93%,,,,$69.32,-1.34%,$0.00,-100.00%,$0.00,-100.00%,ALC,NYSE:ALC,-0.624,$87.59,
NYSE:ALEX,18 Nov 2025,$16.62,4,$21.00,5,0.21,#N/A,#N/A,,,,$10.08,#N/A,$20.87,#N/A,$26.40,#N/A,ALEX,NYSE:ALEX,-0.915,$21.00,0.00%
NASDAQ:ALGM,19 Jan 2026,$25.92,2,$39.14,8,4.08,$46.48,-44.24%,,,,$0.00,-100.00%,$0.00,-100.00%,$0.00,-100.00%,ALGM,NASDAQ:ALGM,-1.000,$56.55,-30.79%
NYSE:ALIT,11 Feb 2026,$3.53,3,$3.67,5,0.93,$21.74,-83.74%,,,,$19.97,-8.14%,$0.00,-100.00%,$0.00,-100.00%,ALIT,NYSE:ALIT,-0.809,$44.00,-91.66%
NYSE:ALL,28 Apr 2026,$199.62,2,$248.30,5,1.36,$249.90,-20.12%,,,,$243.32,-2.63%,$0.00,-100.00%,$0.00,-100.00%,ALL,NYSE:ALL,-0.532,$253.05,-1.88%
NYSE:ALLE,24 Oct 2025,$165.38,3,,,1.69,$137.24,20.50%,,,,$136.64,-0.44%,$0.00,-100.00%,$0.00,-100.00%,ALLE,NYSE:ALLE,-0.429,$165.18,
NYSE:ALLY,29 Jun 2026,$48.35,3,$53.00,9,3.39,$45.64,5.94%,5.94%,$48.35,$54.11,$47.96,5.08%,$0.00,-100.00%,$0.00,-100.00%,ALLY,NYSE:ALLY,0.331,$54.11,-2.05%
NASDAQ:ALNT,4 Feb 2026,$50.47,2,,,1.21,$87.67,-42.43%,,,,$82.80,-5.55%,$0.00,-100.00%,$0.00,-100.00%,ALNT,NASDAQ:ALNT,-0.568,$76.80,
NASDAQ:ALRM,11 Feb 2026,$60.94,3,$85.00,1,3.64,$53.20,14.56%,,,,$0.00,-100.00%,$0.00,-100.00%,$0.00,-100.00%,ALRM,NASDAQ:ALRM,-1.000,$60.00,41.67%
NASDAQ:ALRS,27 Oct 2025,$24.54,3,$25.63,7,2.36,$32.15,-23.68%,,,,$32.26,0.34%,$0.00,-100.00%,$0.00,-100.00%,ALRS,NASDAQ:ALRS,-0.077,$31.00,-17.32%
NYSE:ALSN,22 Sep 2025,$99.81,4,$98.14,3,1.91,$113.60,-13.61%,,,,$113.47,-0.11%,$0.00,-100.00%,$0.00,-100.00%,ALSN,NYSE:ALSN,-0.329,$136.90,-28.31%
NASDAQ:ALT,23 Dec 2025,$9.35,5,$13.00,2,5.00,$2.87,225.78%,,,,$0.00,-100.00%,$0.00,-100.00%,$0.00,-100.00%,ALT,NASDAQ:ALT,-1.000,$15.45,-15.86%
NASDAQ:ALTS,12 Aug 2025,$5.33,2,,,,#N/A,#N/A,,,,,#N/A,-$2.00,#N/A,-$2.00,#N/A,ALTS,NASDAQ:ALTS,-2.000,,
NASDAQ:ALVO,23 Aug 2025,$8.66,3,,,5.00,$3.46,150.35%,,,,$0.00,-100.00%,$0.00,-100.00%,$0.00,-100.00%,ALVO,NASDAQ:ALVO,-1.000,$14.60,
NASDAQ:AMAL,2 Oct 2025,$30.65,3,,1,2.50,$47.67,-35.70%,,,,$47.83,0.34%,$0.00,-100.00%,$0.00,-100.00%,AMAL,NASDAQ:AMAL,-0.036,$50.50,
NYSE:AMBP,29 Aug 2025,$5.14,4,,6,2.89,$4.69,9.57%,,,,$4.92,4.90%,$0.00,-100.00%,$0.00,-100.00%,AMBP,NYSE:AMBP,0.141,$4.91,
NYSE:AMBQ,29 Jan 2026,$40.84,3,,,3.64,$72.43,-43.62%,,,,$0.00,-100.00%,$0.00,-100.00%,$0.00,-100.00%,AMBQ,NYSE:AMBQ,-1.000,$81.67,
NYSE:AMCR,21 May 2026,$52.70,5,$46.80,4,2.27,$43.94,6.51%,,,,$43.71,-0.52%,$0.00,-100.00%,$0.00,-100.00%,AMCR,NYSE:AMCR,-0.150,$48.67,-3.84%
NASDAQ:AMD,28 Jan 2026,$229.36,2,$286.66,9,0.54,$495.76,-53.74%,,,,$445.90,-10.06%,$0.00,-100.00%,$0.00,-100.00%,AMD,NASDAQ:AMD,-0.912,$537.00,-46.62%
NYSE:AME,19 Nov 2025,$189.82,2,$220.17,2,2.39,$237.00,-19.91%,,,,$232.67,-1.83%,$0.00,-100.00%,$0.00,-100.00%,AME,NYSE:AME,-0.096,$263.39,-16.41%
NASDAQ:AMPG,9 Feb 2026,$2.53,3,$9.00,7,3.27,$6.64,-61.93%,,,,$0.00,-100.00%,$0.00,-100.00%,$0.00,-100.00%,AMPG,NASDAQ:AMPG,-1.000,$7.00,28.57%
NASDAQ:AMPL,5 Feb 2026,$11.31,4,$15.17,4,3.66,$9.60,17.81%,,,,$0.00,-100.00%,$0.00,-100.00%,$0.00,-100.00%,AMPL,NASDAQ:AMPL,-1.000,$10.86,39.69%
NYSE:AMPY,20 Mar 2026,$8.49,3,$7.25,8,5.00,$3.94,84.01%,,,,$0.00,-100.00%,$0.00,-100.00%,$0.00,-100.00%,AMPY,NYSE:AMPY,-1.000,$9.12,-20.50%
NASDAQ:AMSC,29 Oct 2025,$40.66,2,,,5.00,$33.03,23.10%,,,,$0.00,-100.00%,$0.00,-100.00%,$0.00,-100.00%,AMSC,NASDAQ:AMSC,-1.000,$65.33,
NASDAQ:AMSF,26 Aug 2025,$45.99,3,,,2.85,$33.90,35.65%,,,,$35.53,4.81%,$0.00,-100.00%,$0.00,-100.00%,AMSF,NASDAQ:AMSF,0.115,$36.67,
NYSE:AMTB,19 Nov 2025,$19.34,3,$21.00,4,1.83,$26.18,-26.13%,,,,$26.02,-0.61%,$0.00,-100.00%,$0.00,-100.00%,AMTB,NYSE:AMTB,-0.328,$27.25,-22.94%
NASDAQ:AMTX,4 Sep 2025,$3.19,3,,5,5.00,$1.57,102.93%,,,,$0.00,-100.00%,$0.00,-100.00%,$0.00,-100.00%,AMTX,NASDAQ:AMTX,-1.000,$13.88,
NASDAQ:AMWD,30 Aug 2025,$86.63,3,,6,,#N/A,#N/A,,,,,#N/A,-$2.00,#N/A,-$2.00,#N/A,AMWD,NASDAQ:AMWD,-2.000,,
NYSE:AMX,23 Jun 2026,$26.38,3,$28.60,8,2.92,$26.27,0.40%,0.40%,$26.38,$29.21,$27.13,3.27%,$0.00,-100.00%,$0.00,-100.00%,AMX,NYSE:AMX,0.139,$29.21,-2.09%
NYSE:ANF,21 Sep 2025,$118.40,3,,1,3.73,$95.24,24.32%,,,,$0.00,-100.00%,$281.76,195.85%,$130.34,36.85%,ANF,NYSE:ANF,-1.000,$109.09,
NYSE:AON,29 Aug 2025,$347.01,2,,,0.97,$367.21,-5.50%,,,,$361.23,-1.63%,$0.00,-100.00%,$0.00,-100.00%,AON,NYSE:AON,-0.717,$391.95,
NYSE:AORT,11 Dec 2025,$47.98,3,$51.71,4,5.00,$25.06,91.46%,,,,$0.00,-100.00%,$0.00,-100.00%,$0.00,-100.00%,AORT,NYSE:AORT,-1.000,$42.00,23.12%
NYSE:AOS,14 Jan 2026,$71.54,4,$76.86,8,2.45,$58.85,21.56%,,,,$59.41,0.95%,$0.00,-100.00%,$0.00,-100.00%,AOS,NYSE:AOS,-0.087,$70.45,9.10%
NASDAQ:AOSL,5 Feb 2026,$36.47,3,$24.33,6,0.55,$31.27,-22.19%,,,,$27.28,-12.76%,$0.00,-100.00%,$0.00,-100.00%,AOSL,NASDAQ:AOSL,-0.978,$47.00,-48.23%
NASDAQ:APA,12 Aug 2025,$28.49,3,,7,3.58,$35.22,-19.12%,,,,$36.44,3.46%,$0.00,-100.00%,$0.00,-100.00%,APA,NASDAQ:APA,0.418,$41.92,
NYSE:APAM,25 Feb 2026,$47.32,4,$45.00,6,2.12,$38.51,16.85%,,,,$38.47,-0.10%,$0.00,-100.00%,$0.00,-100.00%,APAM,NYSE:APAM,-0.179,$36.75,22.45%
NYSE:APD,30 Aug 2025,$296.29,3,,8,3.12,$295.62,0.23%,,,,$311.18,5.26%,$0.00,-100.00%,$0.00,-100.00%,APD,NYSE:APD,0.226,$332.05,
NASDAQ:APEI,15 Oct 2025,$34.52,3,,,4.13,$50.71,-31.93%,,,,$0.00,-100.00%,$0.00,-100.00%,$0.00,-100.00%,APEI,NASDAQ:APEI,-1.000,$62.17,
NYSE:APH,22 Jan 2026,$121.05,1,$163.27,10,1.49,$151.20,-19.94%,,,,$145.67,-3.66%,$0.00,-100.00%,$0.00,-100.00%,APH,NYSE:APH,-0.525,$188.56,-13.41%
NASDAQ:API,24 Aug 2025,$3.05,3,,,,$3.91,-22.12%,,,,,-100.00%,-$2.00,-151.15%,-$2.00,-151.15%,API,NASDAQ:API,-2.000,,
NASDAQ:APOG,5 May 2025,$66.39,5,,2,1.90,$41.03,61.81%,,,,$40.57,-1.12%,$29.59,-27.89%,$52.80,28.69%,APOG,NASDAQ:APOG,-0.307,$44.00,
NYSE:AQN,26 Aug 2025,$6.14,4,,8,3.01,$5.84,5.20%,,,,$6.03,3.25%,$0.00,-100.00%,$0.00,-100.00%,AQN,NYSE:AQN,0.169,$6.75,
NYSE:AR,20 Aug 2025,$31.31,3,,,5.00,$33.57,-6.74%,,,,$0.00,-100.00%,$0.00,-100.00%,$0.00,-100.00%,AR,NYSE:AR,-1.000,$48.40,
NASDAQ:ARAI,10 Feb 2026,$3.71,3,,,,$0.36,931.36%,,,,,-100.00%,-$2.00,-655.56%,-$2.00,-655.56%,ARAI,NASDAQ:ARAI,-2.000,,
NASDAQ:ARAY,11 Dec 2025,$1.27,4,$4.00,4,,$0.26,388.46%,,,,,-100.00%,-$2.00,-869.23%,-$2.00,-869.23%,ARAY,NASDAQ:ARAY,-2.000,,
NASDAQ:ARCC,30 Mar 2026,$19.78,3,$20.83,9,2.76,$19.17,3.16%,,,,$19.66,2.56%,$0.00,-100.00%,$0.00,-100.00%,ARCC,NASDAQ:ARCC,0.075,$20.62,1.02%
NYSE:ARCO,29 Aug 2025,$10.31,3,,9,0.91,$8.23,25.24%,,,,$8.03,-2.43%,$0.00,-100.00%,$0.00,-100.00%,ARCO,NYSE:ARCO,-0.807,$11.15,
NASDAQ:ARHS,7 Jul 2025,$13.03,3,,4,3.81,$7.69,69.40%,,,,$0.00,-100.00%,$0.00,-100.00%,$0.00,-100.00%,ARHS,NASDAQ:ARHS,-1.000,$8.94,
NASDAQ:ARKO,26 Aug 2025,$6.50,3,,,2.47,$7.96,-18.28%,,,,$7.98,0.25%,$0.00,-100.00%,$0.00,-100.00%,ARKO,NASDAQ:ARKO,-0.052,$8.50,
NASDAQ:ARLP,29 Jun 2026,$24.48,1,,,3.61,$24.42,0.25%,0.25%,$24.48,$31.00,$25.45,4.22%,$0.00,-100.00%,$0.00,-100.00%,ARLP,NASDAQ:ARLP,0.411,$31.00,
NASDAQ:ARM,19 Jan 2026,$90.86,2,$170.59,1,,$267.19,-65.99%,,,,,-100.00%,-$2.00,-100.75%,-$2.00,-100.75%,ARM,NASDAQ:ARM,-2.000,,
NASDAQ:AROW,2 Oct 2025,$52.81,3,$48.67,4,2.47,$41.56,17.11%,,,,$41.76,0.48%,$0.00,-100.00%,$0.00,-100.00%,AROW,NASDAQ:AROW,-0.034,$41.00,18.71%
NYSE:ARX,13 Nov 2025,$14.59,3,,,5.00,$13.52,7.92%,,,,$0.00,-100.00%,$0.00,-100.00%,$0.00,-100.00%,ARX,NYSE:ARX,-1.000,$19.11,
NYSE:ASB,10 Apr 2025,$23.54,5,,6,1.79,$31.34,-24.89%,,,,$31.14,-0.64%,$0.00,-100.00%,$0.00,-100.00%,ASB,NYSE:ASB,-0.352,$33.11,
NYSE:ASGN,20 Feb 2026,$71.47,3,$56.80,5,,#N/A,#N/A,,,,,#N/A,-$2.00,#N/A,-$2.00,#N/A,ASGN,NYSE:ASGN,-2.000,,
NYSE:ASH,14 May 2025,$83.18,3,,4,2.97,$68.64,21.19%,,,,$71.07,3.54%,$0.00,-100.00%,$0.00,-100.00%,ASH,NYSE:ASH,0.180,$70.00,
NASDAQ:ASML,30 Aug 2025,$871.20,3,,10,2.89,"$1,747.58",-50.15%,,,,"$1,823.38",4.34%,"$2,237.12",28.01%,"$2,285.25",30.77%,ASML,NASDAQ:ASML,0.104,"$2,123.53",
NASDAQ:ASPI,19 Nov 2025,$6.33,3,$13.00,3,,$3.88,63.24%,,,,,-100.00%,-$2.00,-151.55%,-$2.00,-151.55%,ASPI,NASDAQ:ASPI,-2.000,,
NYSE:ASR,10 Jul 2025,$344.93,4,,7,2.67,$279.71,23.32%,,,,$280.61,0.32%,-$557.51,-299.32%,-$461.18,-264.88%,ASR,NYSE:ASR,-0.007,$355.09,
NASDAQ:ASTS,29 Jan 2026,$76.75,2,$91.68,6,4.90,$57.80,32.79%,,,,$0.00,-100.00%,$0.00,-100.00%,$0.00,-100.00%,ASTS,NASDAQ:ASTS,-1.000,$79.78,14.92%
NYSE:ASX,19 Jan 2026,$16.81,2,,,3.92,$38.41,-56.24%,,,,$40.55,5.57%,$0.00,-100.00%,$0.00,-100.00%,ASX,NYSE:ASX,0.583,$42.47,
NASDAQ:ATEC,11 Dec 2025,$16.73,3,$23.17,2,5.00,$8.54,95.90%,,,,$0.00,-100.00%,$0.00,-100.00%,$0.00,-100.00%,ATEC,NASDAQ:ATEC,-1.000,$16.00,44.81%
NYSE:ATEN,20 Jan 2026,$18.80,3,$23.25,7,1.39,$35.96,-47.72%,,,,$34.39,-4.37%,$0.00,-100.00%,$0.00,-100.00%,ATEN,NYSE:ATEN,-0.511,$35.60,-34.69%
NYSE:ATGE,15 Oct 2025,$131.23,2,,,,#N/A,#N/A,,,,,#N/A,-$2.00,#N/A,-$2.00,#N/A,ATGE,NYSE:ATGE,-2.000,,
NYSE:ATI,30 Aug 2025,$63.00,2,,7,3.38,$186.17,-66.16%,,,,$0.00,-100.00%,$0.00,-100.00%,$0.00,-100.00%,ATI,NYSE:ATI,-1.000,$200.33,
NASDAQ:ATOM,10 Feb 2026,$5.03,3,,1,5.00,$5.62,-10.42%,,,,$0.00,-100.00%,$0.00,-100.00%,$0.00,-100.00%,ATOM,NASDAQ:ATOM,-1.000,$10.00,
NYSE:ATS,31 Oct 2025,$26.18,3,,,4.35,$27.58,-5.08%,,,,$0.00,-100.00%,$0.00,-100.00%,$0.00,-100.00%,ATS,NYSE:ATS,-1.000,$35.00,
NYSE:AU,20 Aug 2025,$29.75,2,,,3.69,$76.76,-61.24%,,,,$79.99,4.21%,$0.00,-100.00%,$0.00,-100.00%,AU,NYSE:AU,0.417,$114.00,
NYSE:AUB,20 Jan 2026,$40.52,3,$42.50,6,1.96,$42.65,-4.99%,,,,$42.58,-0.16%,$0.00,-100.00%,$0.00,-100.00%,AUB,NYSE:AUB,-0.280,$46.00,-7.61%
NASDAQ:AUDC,26 Mar 2026,$12.39,3,$12.50,5,2.08,$9.75,27.07%,,,,$9.67,-0.82%,$0.00,-100.00%,$0.00,-100.00%,AUDC,NASDAQ:AUDC,-0.270,$12.50,0.00%
NASDAQ:AUR,5 Feb 2026,$5.15,3,,,5.00,$6.06,-15.08%,,,,$0.00,-100.00%,$0.00,-100.00%,$0.00,-100.00%,AUR,NASDAQ:AUR,-1.000,$11.22,
NYSE:AVB,18 Sep 2025,$217.02,5,,7,0.52,$192.53,12.72%,,,,$185.24,-3.79%,$0.00,-100.00%,$0.00,-100.00%,AVB,NYSE:AVB,-0.907,$198.44,
NASDAQ:AVGO,26 May 2026,$447.08,3,$478.56,9,3.20,$370.83,20.56%,,,,$385.29,3.90%,$491.37,32.51%,$521.68,40.68%,AVGO,NASDAQ:AVGO,0.199,$524.51,-8.76%
NYSE:AVNS,11 Dec 2025,$18.52,3,,5,1.00,$24.97,-25.83%,,,,$0.00,-100.00%,$0.00,-100.00%,$0.00,-100.00%,AVNS,NYSE:AVNS,-1.000,$14.00,
NASDAQ:AVNW,14 Jul 2026,$31.84,3,$32.00,6,5.00,$20.79,53.15%,53.15%,$31.62,$32.00,$0.00,-100.00%,$58.23,180.09%,$64.07,208.18%,AVNW,NASDAQ:AVNW,-1.000,$31.62,1.20%
NASDAQ:AVT,30 Aug 2025,$60.84,5,,1,2.05,$85.65,-28.97%,,,,$83.14,-2.93%,$0.00,-100.00%,$0.00,-100.00%,AVT,NASDAQ:AVT,-0.231,$89.00,
NASDAQ:AVTX,23 Dec 2025,$33.36,4,$37.40,3,5.00,$19.37,72.23%,,,,$0.00,-100.00%,$0.00,-100.00%,$0.00,-100.00%,AVTX,NASDAQ:AVTX,-1.000,$44.69,-16.31%
NYSE:AVY,30 Aug 2025,$186.52,3,,1,1.46,$160.41,16.28%,,,,$159.24,-0.73%,$0.00,-100.00%,$0.00,-100.00%,AVY,NYSE:AVY,-0.537,$199.60,
NYSE:AX,19 Nov 2025,$76.16,3,$103.25,5,,$99.53,-23.48%,,,,,-100.00%,-$2.00,-102.01%,-$2.00,-102.01%,AX,NYSE:AX,-2.000,,
NYSE:B,24 Oct 2025,$29.72,2,,,3.83,$34.93,-14.92%,,,,$36.30,3.92%,$0.00,-100.00%,$0.00,-100.00%,B,NYSE:B,0.478,$54.26,
NYSE:BA,9 Apr 2025,$179.31,5,,9,4.31,$214.03,-16.22%,,,,$0.00,-100.00%,$112.35,-47.51%,$95.98,-55.15%,BA,NYSE:BA,-1.000,$270.08,
NYSE:BABA,20 Aug 2025,$133.65,4,,7,0.84,$114.97,16.25%,,,,$111.36,-3.14%,$251.07,118.38%,$529.24,360.33%,BABA,NYSE:BABA,-0.850,$190.01,
NYSE:BAC,14 Aug 2025,$45.19,3,,6,2.02,$61.27,-26.25%,,,,$61.09,-0.29%,$0.00,-100.00%,$0.00,-100.00%,BAC,NYSE:BAC,-0.256,$67.26,
NYSE:BALL,20 Aug 2025,$67.98,3,,6,1.16,$62.71,8.41%,,,,$61.73,-1.56%,$0.00,-100.00%,$0.00,-100.00%,BALL,NYSE:BALL,-0.646,$71.14,
NYSE:BANC,19 Nov 2025,$18.77,3,$20.69,3,2.53,$21.21,-11.50%,,,,$21.36,0.71%,$0.00,-100.00%,$0.00,-100.00%,BANC,NYSE:BANC,-0.031,$23.14,-10.59%
NASDAQ:BANF,1 Jun 2026,$118.00,3,$125.00,2,1.65,$116.14,1.60%,,,,$115.68,-0.40%,$0.00,-100.00%,$0.00,-100.00%,BANF,NASDAQ:BANF,-0.417,$124.33,0.54%
NASDAQ:BANR,19 Nov 2025,$63.81,3,$71.50,3,2.39,$71.08,-10.23%,,,,$71.50,0.59%,$0.00,-100.00%,$0.00,-100.00%,BANR,NASDAQ:BANR,-0.079,$74.40,-3.90%
NYSE:BAP,27 May 2026,$279.24,2,,,,$390.58,-28.51%,,,,,-100.00%,-$2.00,-100.51%,-$2.00,-100.51%,BAP,NYSE:BAP,-2.000,,
NYSE:BB,18 Aug 2025,$3.38,3,,6,3.40,$8.99,-62.42%,,,,$0.00,-100.00%,$8.50,-5.44%,$8.96,-0.38%,BB,NYSE:BB,-1.000,$9.71,
NYSE:BBAI,9 Feb 2026,$4.92,3,$6.33,2,5.00,$2.84,73.24%,,,,$0.00,-100.00%,$0.00,-100.00%,$0.00,-100.00%,BBAI,NYSE:BBAI,-1.000,$5.00,26.60%
NYSE:BBD,1 Jun 2026,$3.72,3,,5,2.81,$3.54,5.14%,,,,$3.64,2.82%,$0.00,-100.00%,$0.00,-100.00%,BBD,NYSE:BBD,0.061,$4.40,
NASDAQ:BBNX,11 Dec 2025,$41.35,4,,,,$17.29,139.15%,,,,,-100.00%,-$2.00,-111.57%,-$2.00,-111.57%,BBNX,NASDAQ:BBNX,-2.000,,
NYSE:BBT,19 Nov 2025,$27.72,3,,,2.74,$30.75,-9.85%,,,,$31.57,2.67%,$0.00,-100.00%,$0.00,-100.00%,BBT,NYSE:BBT,0.063,$33.67,
NYSE:BBVA,9 Sep 2025,$17.20,3,,9,2.23,$25.14,-31.57%,,,,$25.18,0.16%,$0.00,-100.00%,$0.00,-100.00%,BBVA,NYSE:BBVA,-0.131,$23.79,
NYSE:BBW,15 Aug 2025,$41.34,2,,8,3.98,$34.13,21.13%,,,,$36.43,6.74%,$87.46,156.24%,$106.98,213.44%,BBW,NYSE:BBW,0.545,$61.25,
NYSE:BBWI,24 Mar 2026,$46.95,3,$23.83,5,3.38,$20.87,14.18%,,,,$22.25,6.61%,$32.90,57.64%,$45.15,116.34%,BBWI,NYSE:BBWI,0.324,$25.13,-5.17%
NYSE:BBY,30 Aug 2025,$87.98,3,,5,4.27,$85.41,3.01%,,,,$91.16,6.73%,$83.78,-1.91%,$121.12,41.81%,BBY,NYSE:BBY,0.783,$79.15,
NYSE:BCH,19 Nov 2025,$33.72,2,,,2.80,$40.14,-15.99%,,,,$41.03,2.22%,$0.00,-100.00%,$0.00,-100.00%,BCH,NYSE:BCH,0.122,$38.61,
NYSE:BCS,19 Aug 2025,$17.24,2,,,1.42,$27.82,-38.02%,,,,$27.08,-2.66%,$0.00,-100.00%,$0.00,-100.00%,BCS,NYSE:BCS,-0.514,$29.19,
NYSE:BCSF,25 Feb 2026,$14.48,3,$15.00,6,3.03,$12.69,14.12%,,,,$13.35,5.20%,$0.00,-100.00%,$0.00,-100.00%,BCSF,NYSE:BCSF,0.193,$13.83,8.46%
NYSE:BDC,27 Jan 2026,$129.16,4,$147.50,3,,$101.39,27.38%,,,,,-100.00%,-$2.00,-101.97%,-$2.00,-101.97%,BDC,NYSE:BDC,-2.000,,
NASDAQ:BELFA,26 Jan 2026,$136.39,2,,,5.00,$228.73,-40.37%,,,,$0.00,-100.00%,$0.00,-100.00%,$0.00,-100.00%,BELFA,NASDAQ:BELFA,-1.000,$322.00,
NASDAQ:BELFB,26 Jan 2026,$149.36,2,,,0.80,$270.56,-44.80%,,,,$252.75,-6.58%,$0.00,-100.00%,$0.00,-100.00%,BELFB,NASDAQ:BELFB,-0.817,$320.56,
NYSE:BF.A,24 May 2026,$36.21,3,,,0.96,$26.13,38.58%,,,,$25.84,-1.11%,$59.34,127.10%,$64.84,148.15%,BF.A,NYSE:BF.A,-0.615,,
NYSE:BF.B,26 Mar 2026,$32.79,5,,,1.67,$25.58,28.20%,,,,$25.58,0.00%,$44.85,75.33%,$48.04,87.81%,BF.B,NYSE:BF.B,-0.410,$27.79,
NYSE:BFAM,1 Sep 2025,$119.95,3,,8,3.95,$76.58,56.63%,,,,$0.00,-100.00%,$0.00,-100.00%,$0.00,-100.00%,BFAM,NYSE:BFAM,-1.000,$91.11,
NASDAQ:BFC,21 Oct 2025,$117.45,3,$137.00,6,2.11,$146.63,-19.90%,,,,$146.53,-0.07%,$0.00,-100.00%,$0.00,-100.00%,BFC,NASDAQ:BFC,-0.216,$161.00,-14.91%
NYSE:BFLY,16 Dec 2025,$4.29,3,$4.25,7,3.33,$6.62,-35.80%,,,,$0.00,-100.00%,$0.00,-100.00%,$0.00,-100.00%,BFLY,NYSE:BFLY,-1.000,$7.06,-39.80%
NYSE:BFS,23 Dec 2025,$44.26,3,,5,3.25,$36.65,20.76%,,,,$38.03,3.77%,$0.00,-100.00%,$0.00,-100.00%,BFS,NYSE:BFS,0.269,$43.50,
NASDAQ:BFST,27 May 2026,$30.53,3,$33.00,3,2.49,$30.89,-1.16%,,,,$31.18,0.94%,$0.00,-100.00%,$0.00,-100.00%,BFST,NASDAQ:BFST,-0.038,$32.60,1.23%
NYSEAMERICAN:BHB,10 Oct 2025,$29.37,1,,,,$38.18,-23.07%,,,,,-100.00%,-$2.00,-105.24%,-$2.00,-105.24%,BHB,NYSEAMERICAN:BHB,-2.000,,
NYSE:BHE,2 Feb 2026,$52.61,3,$56.00,6,3.02,$78.45,-32.94%,,,,$80.62,2.77%,$0.00,-100.00%,$0.00,-100.00%,BHE,NYSE:BHE,0.208,$78.00,-28.21%
NYSE:BHP,11 Dec 2025,$58.46,3,$49.75,6,,$80.64,-38.31%,,,,,-100.00%,-$2.00,-102.48%,-$2.00,-102.48%,BHP,NYSE:BHP,-2.000,,
NASDAQ:BHRB,19 Nov 2025,$66.02,3,$72.00,5,1.42,$71.54,-7.72%,,,,$70.95,-0.82%,$0.00,-100.00%,$0.00,-100.00%,BHRB,NASDAQ:BHRB,-0.512,$74.75,-3.68%
NYSE:BIO,11 Dec 2025,$345.93,4,$357.50,4,2.88,$304.36,13.66%,,,,$0.00,-100.00%,$0.00,-100.00%,$0.00,-100.00%,BIO,NYSE:BIO,-1.000,$297.00,20.37%
NYSE:BIRK,8 Mar 2026,$48.62,3,$58.44,5,3.84,$44.36,9.60%,,,,$0.00,-100.00%,$0.00,-100.00%,$0.00,-100.00%,BIRK,NYSE:BIRK,-1.000,$51.82,12.77%
NYSE:BJ,20 Aug 2025,$90.76,0,,1,3.41,$93.40,-2.83%,,,,$0.00,-100.00%,$84.89,-9.11%,$71.01,-23.97%,BJ,NYSE:BJ,-1.000,$101.10,
NYSE:BKD,30 Aug 2025,$9.20,4,,6,0.56,$15.01,-38.70%,,,,$14.34,-4.46%,$0.00,-100.00%,$0.00,-100.00%,BKD,NYSE:BKD,-0.952,$19.58,
NYSE:BKE,13 Apr 2026,$50.82,3,$53.00,5,4.00,$42.47,19.66%,,,,$44.94,5.82%,$66.29,56.09%,$71.21,67.66%,BKE,NYSE:BKE,0.623,$47.00,12.77%
NASDAQ:BKR,30 Jun 2026,$56.35,3,$74.62,6,2.94,$55.95,0.71%,0.71%,$56.35,$74.62,$57.81,3.32%,$0.00,-100.00%,$0.00,-100.00%,BKR,NASDAQ:BKR,0.118,$70.32,6.11%
NYSEAMERICAN:BKTI,10 Feb 2026,$81.00,,,8,,$82.03,-1.26%,,,,,-100.00%,-$2.00,-102.44%,-$2.00,-102.44%,BKTI,NYSEAMERICAN:BKTI,-2.000,,
NYSE:BKU,19 Nov 2025,$43.87,3,,,1.96,$48.86,-10.21%,,,,$48.73,-0.27%,$0.00,-100.00%,$0.00,-100.00%,BKU,NYSE:BKU,-0.278,$52.45,
NASDAQ:BL,29 Jan 2026,$60.96,4,$59.00,6,5.00,$30.29,94.78%,,,,$0.00,-100.00%,$0.00,-100.00%,$0.00,-100.00%,BL,NASDAQ:BL,-1.000,$43.00,37.21%
NYSE:BLD,30 Aug 2025,$467.93,3,,3,,#N/A,#N/A,,,,,#N/A,-$2.00,#N/A,-$2.00,#N/A,BLD,NYSE:BLD,-2.000,,
NASDAQ:BLDP,29 Oct 2025,$3.68,3,$2.20,5,5.00,$2.70,-18.52%,,,,$0.00,-100.00%,$0.00,-100.00%,$0.00,-100.00%,BLDP,NASDAQ:BLDP,-1.000,$4.44,-50.45%
NYSE:BLK,27 Aug 2025,"$1,027.97",2,,,1.90,"$1,072.20",-4.13%,,,,"$1,070.66",-0.14%,$0.00,-100.00%,$0.00,-100.00%,BLK,NYSE:BLK,-0.339,"$1,302.56",
NASDAQ:BLKB,19 Nov 2025,$76.27,3,$75.00,4,5.00,$32.40,131.48%,,,,$0.00,-100.00%,$0.00,-100.00%,$0.00,-100.00%,BLKB,NASDAQ:BLKB,-1.000,$48.00,56.25%
NYSE:BLND,27 Jan 2026,$3.86,3,$4.19,7,5.00,$1.81,113.28%,,,,$0.00,-100.00%,$0.00,-100.00%,$0.00,-100.00%,BLND,NYSE:BLND,-1.000,$3.58,17.04%
NASDAQ:BLNK,23 Dec 2025,$0.94,3,,6,,$0.55,70.91%,,,,,-100.00%,-$2.00,-463.64%,-$2.00,-463.64%,BLNK,NASDAQ:BLNK,-2.000,,
NYSE:BLSH,13 Nov 2025,$55.70,3,,,5.00,$22.41,148.53%,,,,$0.00,-100.00%,$0.00,-100.00%,$0.00,-100.00%,BLSH,NYSE:BLSH,-1.000,$44.28,
NYSE:BLX,19 Nov 2025,$40.42,3,,,2.34,$59.25,-31.78%,,,,$59.18,-0.12%,$0.00,-100.00%,$0.00,-100.00%,BLX,NYSE:BLX,-0.112,$64.65,
NASDAQ:BLZE,27 Jan 2026,$6.36,3,$9.00,6,3.61,$13.22,-51.87%,,,,$0.00,-100.00%,$0.00,-100.00%,$0.00,-100.00%,BLZE,NASDAQ:BLZE,-1.000,$14.83,-39.31%
NYSE:BMI,28 Jan 2026,$175.41,3,$204.00,3,1.67,$149.48,17.35%,,,,$148.03,-0.97%,$0.00,-100.00%,$0.00,-100.00%,BMI,NYSE:BMI,-0.394,$153.11,33.24%
NASDAQ:BMRC,19 Nov 2025,$27.20,3,$29.50,7,2.55,$28.92,-5.95%,,,,$29.16,0.83%,$0.00,-100.00%,$0.00,-100.00%,BMRC,NASDAQ:BMRC,0.000,$29.20,1.03%
NYSE:BN,26 Aug 2024,$55.96,2,,,4.25,$43.63,28.26%,,,,$0.00,-100.00%,$0.00,-100.00%,$0.00,-100.00%,BN,NYSE:BN,-1.000,$54.50,
NYSE:BNS,19 Aug 2025,$55.34,3,,,2.94,$89.43,-38.12%,,,,$92.18,3.08%,-$105.71,-218.21%,-$89.01,-199.53%,BNS,NYSE:BNS,0.181,$86.54,
NYSE:BOH,16 Apr 2026,$78.42,3,$83.80,3,2.39,$85.85,-8.66%,,,,$85.27,-0.68%,$0.00,-100.00%,$0.00,-100.00%,BOH,NYSE:BOH,-0.075,$87.83,-4.59%
NASDAQ:BOKF,1 Jun 2026,$132.35,3,$139.00,2,2.27,$141.24,-6.29%,,,,$142.11,0.62%,$0.00,-100.00%,$0.00,-100.00%,BOKF,NASDAQ:BOKF,-0.131,$146.25,-4.96%
NYSE:BOW,19 Sep 2025,$29.01,3,,,3.49,$30.70,-5.50%,,,,$0.00,-100.00%,$0.00,-100.00%,$0.00,-100.00%,BOW,NYSE:BOW,-1.000,$33.71,
NYSE:BP,18 Aug 2025,$39.40,4,,9,3.29,$41.90,-5.96%,,,,$42.99,2.60%,$0.00,-100.00%,$0.00,-100.00%,BP,NYSE:BP,0.300,$47.56,
NASDAQ:BPOP,19 Nov 2025,$104.09,2,,,2.13,$171.75,-39.39%,,,,$171.80,0.03%,$0.00,-100.00%,$0.00,-100.00%,BPOP,NASDAQ:BPOP,-0.206,$186.20,
NYSE:BR,29 Jan 2026,$214.91,4,$265.40,4,1.97,$149.91,43.36%,,,,$150.25,0.23%,$0.00,-100.00%,$0.00,-100.00%,BR,NYSE:BR,-0.343,$206.50,28.52%
NYSEAMERICAN:BRBS,19 Nov 2025,$4.10,,,6,,$3.46,18.50%,,,,,-100.00%,-$2.00,-157.80%,-$2.00,-157.80%,BRBS,NYSEAMERICAN:BRBS,-2.000,,
NASDAQ:BRKR,11 Dec 2025,$76.60,3,$47.88,3,0.35,$58.23,-17.77%,,,,$53.50,-8.12%,$0.00,-100.00%,$0.00,-100.00%,BRKR,NASDAQ:BRKR,-0.984,$59.75,-19.87%
NYSE:BROS,14 Jan 2026,$57.62,2,$76.64,9,3.81,$68.36,-15.71%,,,,$0.00,-100.00%,$0.00,-100.00%,$0.00,-100.00%,BROS,NYSE:BROS,-1.000,$79.39,-3.46%
NYSE:BSAC,19 Nov 2025,$26.95,3,,,,$32.83,-17.91%,,,,,-100.00%,-$2.00,-106.09%,-$2.00,-106.09%,BSAC,NYSE:BSAC,-2.000,,
NYSE:BSBR,13 Oct 2025,$5.76,3,,5,2.79,$5.24,9.92%,,,,$5.38,2.67%,$0.00,-100.00%,$0.00,-100.00%,BSBR,NYSE:BSBR,0.037,$6.92,
NASDAQ:BSRR,27 May 2026,$37.81,3,$36.50,6,2.51,$42.12,-13.34%,,,,$42.30,0.43%,$0.00,-100.00%,$0.00,-100.00%,BSRR,NASDAQ:BSRR,-0.017,$42.25,-13.61%
NASDAQ:BSVN,2 Oct 2025,$44.09,3,$53.50,5,2.00,$50.96,-13.48%,,,,$50.47,-0.96%,$0.00,-100.00%,$0.00,-100.00%,BSVN,NASDAQ:BSVN,-0.258,$54.67,-2.14%
NYSE:BSX,11 Dec 2025,$90.36,2,$126.57,10,5.00,$44.03,105.23%,,,,$0.00,-100.00%,$0.00,-100.00%,$0.00,-100.00%,BSX,NYSE:BSX,-1.000,$72.50,74.58%
NASDAQ:BSY,11 Feb 2026,$40.46,5,$48.60,7,0.58,$32.34,25.11%,,,,$30.69,-5.10%,$0.00,-100.00%,$0.00,-100.00%,BSY,NASDAQ:BSY,-0.964,$45.07,7.83%
NASDAQ:BTCS,23 Dec 2025,$3.00,3,$7.00,7,,$0.99,203.03%,,,,,-100.00%,-$2.00,-302.02%,-$2.00,-302.02%,BTCS,NASDAQ:BTCS,-2.000,,
NASDAQ:BTDR,19 Aug 2025,$10.25,2,,,5.00,$10.74,-4.57%,,,,$0.00,-100.00%,$0.00,-100.00%,$0.00,-100.00%,BTDR,NASDAQ:BTDR,-1.000,$22.64,
NYSE:BTI,17 Mar 2026,$55.65,2,,7,,$62.84,-11.45%,,,,,-100.00%,-$2.00,-103.18%,-$2.00,-103.18%,BTI,NYSE:BTI,-2.000,,
NASDAQ:BTOG,18 Aug 2025,$0.57,3,,,,$0.93,-39.03%,,,,,-100.00%,-$2.00,-315.05%,-$2.00,-315.05%,BTOG,NASDAQ:BTOG,-2.000,,
NASDAQ:BULL,2 Sep 2025,$18.16,3,,,,$7.23,151.20%,,,,,-100.00%,-$2.00,-127.66%,-$2.00,-127.66%,BULL,NASDAQ:BULL,-2.000,,
NYSE:BUR,28 Oct 2025,$12.88,3,$21.32,4,1.96,$3.92,228.57%,,,,$3.92,0.00%,$0.00,-100.00%,$0.00,-100.00%,BUR,NYSE:BUR,-0.349,$8.67,145.91%
NYSE:BURL,25 Jul 2023,$199.81,4,,,3.32,$345.31,-42.14%,,,,$0.00,-100.00%,$376.81,9.12%,$392.81,13.76%,BURL,NYSE:BURL,-1.000,$367.07,
NASDAQ:BUSE,27 May 2026,$28.96,3,$29.33,8,2.17,$29.99,-3.43%,,,,$30.07,0.27%,$0.00,-100.00%,$0.00,-100.00%,BUSE,NASDAQ:BUSE,-0.173,$30.57,-4.06%
NASDAQ:BVFL,29 Oct 2025,$15.68,3,,4,,$21.49,-27.04%,,,,,-100.00%,-$2.00,-109.31%,-$2.00,-109.31%,BVFL,NASDAQ:BVFL,-2.000,,
NASDAQ:BWFG,9 Oct 2025,$39.87,3,,,1.53,$60.10,-33.66%,,,,$59.35,-1.25%,$0.00,-100.00%,$0.00,-100.00%,BWFG,NASDAQ:BWFG,-0.439,$56.50,
NYSE:BXP,14 Jan 2026,$81.17,5,$77.89,2,2.76,$69.85,11.51%,,,,$72.68,4.05%,$0.00,-100.00%,$0.00,-100.00%,BXP,NYSE:BXP,0.093,$70.65,10.25%
NYSE:BXSL,19 Aug 2025,$31.13,3,,7,2.97,$23.82,30.70%,,,,$24.86,4.37%,$0.00,-100.00%,$0.00,-100.00%,BXSL,NYSE:BXSL,0.180,$24.50,
NYSE:BY,28 Apr 2026,$33.91,3,$36.00,7,1.57,$38.06,-10.89%,,,,$37.87,-0.50%,$0.00,-100.00%,$0.00,-100.00%,BY,NYSE:BY,-0.440,$38.60,-6.74%
NYSE:BZH,31 Dec 2025,$31.99,3,$25.00,1,1.80,$32.91,-24.04%,,,,$0.00,-100.00%,$0.00,-100.00%,$0.00,-100.00%,BZH,NYSE:BZH,-1.000,$25.00,0.00%
NYSE:C,12 Aug 2025,$86.32,3,,,2.73,$129.36,-33.27%,,,,$133.36,3.09%,$0.00,-100.00%,$0.00,-100.00%,C,NYSE:C,0.035,$154.45,
NYSE:CAAP,15 Aug 2025,$22.01,3,,9,4.53,$24.83,-11.37%,,,,$0.00,-100.00%,$0.00,-100.00%,$0.00,-100.00%,CAAP,NYSE:CAAP,-1.000,$32.43,
NASDAQ:CAC,14 Oct 2025,$41.96,3,$44.00,3,2.10,$54.20,-22.58%,,,,$54.55,0.65%,$0.00,-100.00%,$0.00,-100.00%,CAC,NASDAQ:CAC,-0.196,$53.25,-17.37%
NYSE:CADE,14 Oct 2025,$37.02,3,,,,#N/A,#N/A,,,,,#N/A,-$2.00,#N/A,-$2.00,#N/A,CADE,NYSE:CADE,-2.000,,
NYSE:CAL,21 Sep 2025,$26.47,3,,1,4.08,$11.85,123.38%,,,,$13.04,10.04%,$9.29,-21.56%,$21.51,81.55%,CAL,NYSE:CAL,0.593,$17.00,
NASDAQ:CALM,11 Jul 2025,$93.94,3,,6,2.07,$88.55,6.09%,,,,$88.08,-0.53%,$0.00,-100.00%,$0.00,-100.00%,CALM,NASDAQ:CALM,-0.201,$84.25,
NYSE:CALX,29 Jan 2026,$45.47,2,$82.00,6,5.00,$39.14,16.18%,,,,$0.00,-100.00%,$0.00,-100.00%,$0.00,-100.00%,CALX,NYSE:CALX,-1.000,$66.00,24.24%
NASDAQ:CAMT,24 Oct 2024,$87.99,4,,,4.42,$146.15,-39.80%,,,,$0.00,-100.00%,$0.00,-100.00%,$0.00,-100.00%,CAMT,NASDAQ:CAMT,-1.000,$187.58,
NYSE:CANG,24 Aug 2025,$4.01,3,,7,,$0.18,2126.11%,,,,,-100.00%,-$2.00,-1211.11%,-$2.00,-1211.11%,CANG,NYSE:CANG,-2.000,,
NASDAQ:CAR,11 Mar 2024,$159.62,3,,,2.18,$160.57,-0.59%,,,,$0.00,-100.00%,$0.00,-100.00%,$0.00,-100.00%,CAR,NASDAQ:CAR,-1.000,$134.14,
NASDAQ:CARE,19 Nov 2025,$18.50,3,$22.00,5,2.20,$33.35,-44.53%,,,,$0.00,-100.00%,$0.00,-100.00%,$0.00,-100.00%,CARE,NASDAQ:CARE,-1.000,$28.00,-21.43%
NYSE:CARR,24 Dec 2025,$35.78,3,$48.75,5,1.25,$68.69,-47.91%,,,,$67.08,-2.34%,$0.00,-100.00%,$0.00,-100.00%,CARR,NYSE:CARR,-0.604,$76.94,-36.64%
NASDAQ:CASH,19 Nov 2025,$71.98,3,$88.00,2,0.93,$89.76,-19.81%,,,,$88.09,-1.86%,$0.00,-100.00%,$0.00,-100.00%,CASH,NASDAQ:CASH,-0.766,$107.50,-18.14%
NYSEAMERICAN:CATX,11 Dec 2025,$2.54,1,$11.92,8,,$2.99,-15.05%,,,,,-100.00%,-$2.00,-166.89%,-$2.00,-166.89%,CATX,NYSEAMERICAN:CATX,-2.000,,
NASDAQ:CATY,27 May 2026,$59.45,3,$53.67,6,2.28,$62.71,-14.42%,,,,$62.96,0.40%,$0.00,-100.00%,$0.00,-100.00%,CATY,NASDAQ:CATY,-0.111,$60.10,-10.70%
NYSE:CAVA,11 Nov 2025,$63.28,3,$72.31,6,4.76,$68.85,-8.09%,,,,$0.00,-100.00%,$0.00,-100.00%,$0.00,-100.00%,CAVA,NYSE:CAVA,-1.000,$93.04,-22.28%
NYSE:CB,18 Sep 2025,$273.39,3,,,1.68,$352.16,-22.37%,,,,$348.40,-1.07%,$0.00,-100.00%,$0.00,-100.00%,CB,NYSE:CB,-0.388,$357.35,
NASDAQ:CBLL,11 Dec 2025,$36.55,3,$25.00,6,5.00,$18.72,33.55%,,,,$0.00,-100.00%,$0.00,-100.00%,$0.00,-100.00%,CBLL,NASDAQ:CBLL,-1.000,$26.86,-6.92%
NASDAQ:CBNK,23 Dec 2025,$29.70,3,$34.00,3,1.49,$35.84,-17.13%,,,,$35.00,-2.34%,$0.00,-100.00%,$0.00,-100.00%,CBNK,NASDAQ:CBNK,-0.474,$36.25,-6.21%
BATS:CBOE,18 Sep 2025,$214.25,2,,,1.23,$273.41,-21.64%,,,,$270.81,-0.95%,$0.00,-100.00%,$0.00,-100.00%,CBOE,BATS:CBOE,-0.615,$308.93,
NYSE:CBU,27 Oct 2025,$62.61,3,$63.00,3,2.12,$68.85,-9.06%,,,,$69.00,0.22%,$0.00,-100.00%,$0.00,-100.00%,CBU,NYSE:CBU,-0.192,$69.17,-8.92%
NYSE:CBZ,7 Jan 2025,$77.57,3,,,3.02,$42.42,82.86%,,,,$0.00,-100.00%,$0.00,-100.00%,$0.00,-100.00%,CBZ,NYSE:CBZ,-1.000,$42.60,
NASDAQ:CCB,19 Nov 2025,$95.54,3,$127.50,8,4.57,$78.98,20.97%,,,,$0.00,-100.00%,$0.00,-100.00%,$0.00,-100.00%,CCB,NASDAQ:CCB,-1.000,$103.75,22.89%
NASDAQ:CCBG,19 Nov 2025,$38.91,3,$47.00,7,2.24,$50.36,-22.74%,,,,$50.54,0.36%,$0.00,-100.00%,$0.00,-100.00%,CCBG,NASDAQ:CCBG,-0.133,$49.67,-5.38%
NYSE:CCI,19 Sep 2025,$108.34,5,,6,3.66,$79.17,36.85%,,,,$83.03,4.88%,$0.00,-100.00%,$0.00,-100.00%,CCI,NYSE:CCI,0.437,$98.76,
NYSE:CCK,29 Aug 2025,$107.03,3,,5,0.93,$117.21,-8.69%,,,,$114.39,-2.41%,$0.00,-100.00%,$0.00,-100.00%,CCK,NYSE:CCK,-0.739,$128.00,
NYSE:CCL,14 Jul 2026,$30.16,5,$35.63,8,4.72,$26.41,14.19%,14.19%,$30.16,$35.63,$0.00,-100.00%,$56.98,115.76%,$83.74,217.06%,CCL,NYSE:CCL,-1.000,$35.47,0.45%
NASDAQ:CCNE,30 Mar 2026,$32.74,3,$35.00,5,2.17,$34.27,-4.46%,,,,$34.47,0.58%,$0.00,-100.00%,$0.00,-100.00%,CCNE,NASDAQ:CCNE,-0.176,$35.25,-0.71%
NASDAQ:CCOI,6 Nov 2025,$50.57,3,$44.20,5,3.24,$10.97,302.92%,,,,$11.83,7.84%,$0.00,-100.00%,$0.00,-100.00%,CCOI,NASDAQ:CCOI,0.218,$21.27,107.80%
NASDAQ:CCSI,11 Feb 2026,$30.28,4,$37.00,3,3.07,$37.44,-19.12%,,,,$0.00,-100.00%,$0.00,-100.00%,$0.00,-100.00%,CCSI,NASDAQ:CCSI,-1.000,$38.00,-2.63%
NYSE:CDE,28 Apr 2026,$9.27,2,$26.86,9,5.00,$14.35,-35.39%,,,,$0.00,-100.00%,$0.00,-100.00%,$0.00,-100.00%,CDE,NYSE:CDE,-1.000,$26.23,2.40%
NASDAQ:CDNS,19 Jan 2026,$321.30,3,$376.64,6,3.98,$330.11,-2.67%,,,,$0.00,-100.00%,$0.00,-100.00%,$0.00,-100.00%,CDNS,NASDAQ:CDNS,-1.000,$394.79,-4.60%
NYSE:CDP,18 Feb 2026,$33.25,3,$35.60,7,1.69,$37.59,-11.55%,,,,$37.53,-0.16%,$0.00,-100.00%,$0.00,-100.00%,CDP,NYSE:CDP,-0.380,$37.00,-3.78%
NASDAQ:CDW,18 May 2026,$131.51,3,$138.83,9,1.19,$133.24,-1.30%,,,,$130.15,-2.32%,$0.00,-100.00%,$0.00,-100.00%,CDW,NASDAQ:CDW,-0.629,$147.56,-5.92%
NYSE:CE,28 Mar 2025,$111.30,3,,9,3.02,$45.70,143.54%,,,,$47.55,4.05%,$0.00,-100.00%,$0.00,-100.00%,CE,NYSE:CE,0.118,$67.82,
NASDAQ:CEG,23 Dec 2025,$300.57,2,$409.82,9,0.70,$252.39,19.09%,,,,$237.38,-5.95%,$0.00,-100.00%,$0.00,-100.00%,CEG,NASDAQ:CEG,-0.910,$357.81,14.54%
NASDAQ:CELC,29 Nov 2024,$21.98,3,,,5.00,$88.38,-75.14%,,,,$0.00,-100.00%,$0.00,-100.00%,$0.00,-100.00%,CELC,NASDAQ:CELC,-1.000,$163.45,
NASDAQ:CENT,9 Apr 2026,$50.35,5,$50.00,5,3.45,$43.61,14.65%,,,,$0.00,-100.00%,$0.00,-100.00%,$0.00,-100.00%,CENT,NASDAQ:CENT,-1.000,$47.50,5.26%
NASDAQ:CENTA,16 Jul 2026,$43.93,5,,,3.84,$38.29,14.73%,14.73%,$43.93,$44.75,$0.00,-100.00%,$0.00,-100.00%,$0.00,-100.00%,CENTA,NASDAQ:CENTA,-1.000,$44.75,
NASDAQ:CENX,20 Aug 2025,$23.49,3,,9,5.00,$41.50,-43.40%,,,,$0.00,-100.00%,$0.00,-100.00%,$0.00,-100.00%,CENX,NASDAQ:CENX,-1.000,$74.00,
NYSE:CEPU,16 Dec 2025,$17.50,3,$17.50,9,,$14.27,22.63%,,,,,-100.00%,-$2.00,-114.02%,-$2.00,-114.02%,CEPU,NYSE:CEPU,-2.000,,
NASDAQ:CERS,11 Dec 2025,$2.70,4,$4.50,4,5.00,$3.13,-13.86%,,,,$0.00,-100.00%,$0.00,-100.00%,$0.00,-100.00%,CERS,NASDAQ:CERS,-1.000,$4.67,-3.64%
NASDAQ:CEVA,10 Feb 2026,$35.04,4,$36.00,5,4.44,$37.97,-7.72%,,,,$0.00,-100.00%,$0.00,-100.00%,$0.00,-100.00%,CEVA,NASDAQ:CEVA,-1.000,$48.88,-26.35%
NASDAQ:CFFN,1 Jun 2026,$8.16,3,$8.25,6,3.03,$8.62,-5.39%,,,,$8.94,3.71%,$0.00,-100.00%,$0.00,-100.00%,CFFN,NASDAQ:CFFN,0.207,$8.83,-6.57%
NYSE:CFG,27 May 2026,$59.16,3,$72.63,6,2.42,$72.39,-18.27%,,,,$72.75,0.50%,$0.00,-100.00%,$0.00,-100.00%,CFG,NYSE:CFG,-0.072,$77.00,-5.68%
NASDAQ:CFLT,27 Jan 2026,$37.00,3,$29.10,1,,#N/A,#N/A,,,,,#N/A,-$2.00,#N/A,-$2.00,#N/A,CFLT,NASDAQ:CFLT,-2.000,,
NYSE:CFR,19 Nov 2025,$122.52,3,$139.13,7,2.61,$161.65,-24.21%,,,,$166.28,2.86%,$0.00,-100.00%,$0.00,-100.00%,CFR,NYSE:CFR,0.031,$159.00,-12.50%
NASDAQ:CG,19 Nov 2025,$51.54,3,$66.70,6,1.11,$46.07,11.87%,,,,$45.06,-2.19%,$0.00,-100.00%,$0.00,-100.00%,CG,NASDAQ:CG,-0.693,$56.69,17.66%
NYSE:CGAU,15 Aug 2025,$8.68,4,,7,3.51,$15.09,-42.46%,,,,$15.72,4.17%,$17.26,14.37%,$23.77,57.49%,CGAU,NYSE:CGAU,0.337,$23.25,
NASDAQ:CGNX,29 Jan 2026,$39.12,3,$45.64,9,2.85,$64.07,-38.94%,,,,$65.81,2.72%,$0.00,-100.00%,$0.00,-100.00%,CGNX,NASDAQ:CGNX,0.088,$77.60,-41.19%
NASDAQ:CHCO,27 May 2026,$129.27,3,$130.00,4,2.22,$135.76,-4.78%,,,,$136.38,0.46%,$0.00,-100.00%,$0.00,-100.00%,CHCO,NASDAQ:CHCO,-0.138,$131.40,-1.07%
NYSE:CHCT,24 Aug 2025,$20.57,3,,8,3.30,$18.81,9.37%,,,,$19.62,4.31%,$0.00,-100.00%,$0.00,-100.00%,CHCT,NYSE:CHCT,0.332,$18.75,
NYSE:CHD,20 Feb 2024,$80.10,1,,,1.32,$98.07,-18.33%,,,,$96.79,-1.31%,$0.00,-100.00%,$0.00,-100.00%,CHD,NYSE:CHD,-0.557,$102.95,
NASDAQ:CHDN,18 Sep 2025,$128.82,3,$132.71,9,5.00,$83.95,53.45%,,,,$0.00,-100.00%,$0.00,-100.00%,$0.00,-100.00%,CHDN,NASDAQ:CHDN,-1.000,$136.00,-2.42%
NYSE:CHE,3 Jul 2024,$512.61,3,,,1.29,$510.03,0.51%,,,,$500.57,-1.85%,$0.00,-100.00%,$0.00,-100.00%,CHE,NYSE:CHE,-0.543,$474.00,
NASDAQ:CHEF,3 Sep 2025,$48.50,2,,,,$97.09,-50.05%,,,,,-100.00%,-$2.00,-102.06%,-$2.00,-102.06%,CHEF,NASDAQ:CHEF,-2.000,,
NYSE:CHGG,20 Aug 2025,$2.28,3,,5,1.75,$0.82,178.05%,,,,$0.77,-6.10%,$0.00,-100.00%,$0.00,-100.00%,CHGG,NYSE:CHGG,-0.442,$2.79,
NYSE:CHH,23 Dec 2025,$119.50,3,$100.00,4,,$111.84,-10.59%,,,,,-100.00%,-$2.00,-101.79%,-$2.00,-101.79%,CHH,NYSE:CHH,-2.000,,
NASDAQ:CHKP,26 Mar 2026,$188.31,3,$200.68,7,3.38,$137.10,37.35%,,,,$0.00,-100.00%,$0.00,-100.00%,$0.00,-100.00%,CHKP,NASDAQ:CHKP,-1.000,$147.55,36.01%
NASDAQ:CHRD,23 Aug 2024,$167.62,3,,,3.47,$128.10,30.85%,,,,$131.56,2.70%,$0.00,-100.00%,$0.00,-100.00%,CHRD,NASDAQ:CHRD,0.345,$165.53,
NYSE:CHT,17 Jun 2024,$40.37,3,,,3.94,$42.44,-4.88%,,,,$44.39,4.59%,$0.00,-100.00%,$0.00,-100.00%,CHT,NYSE:CHT,0.589,$48.08,
NASDAQ:CHX,23 Aug 2024,$37.87,4,,,,#N/A,#N/A,,,,$0.00,#N/A,$0.00,#N/A,$0.00,#N/A,CHX,NASDAQ:CHX,-2.000,$40.80,
NYSE:CIB,6 Oct 2025,$49.03,3,,,2.89,$80.41,-39.02%,,,,$82.38,2.45%,$0.00,-100.00%,$0.00,-100.00%,CIB,NYSE:CIB,0.180,$69.39,
NYSE:CIEN,23 Dec 2025,$134.99,1,$248.93,10,5.00,$374.41,-63.95%,,,,$0.00,-100.00%,$455.94,21.78%,$485.60,29.70%,CIEN,NYSE:CIEN,-1.000,$565.71,-56.00%
NASDAQ:CIFR,4 Aug 2025,$6.62,3,$7.06,3,5.00,$17.56,-62.31%,,,,$0.00,-100.00%,$0.00,-100.00%,$0.00,-100.00%,CIFR,NASDAQ:CIFR,-1.000,$32.62,-78.36%
NYSE:CIG,26 Jun 2026,$2.37,4,,5,,$2.14,10.75%,10.75%,$2.37,$2.37,,-100.00%,-$2.00,-193.46%,-$2.00,-193.46%,CIG,NYSE:CIG,-2.000,,
NASDAQ:CINF,19 Sep 2025,$146.60,2,$165.40,6,1.25,$180.79,-18.91%,,,,$176.07,-2.61%,$0.00,-100.00%,$0.00,-100.00%,CINF,NASDAQ:CINF,-0.583,$185.50,-10.84%
NYSE:CINT,10 Jun 2026,$5.65,3,$6.94,7,,$3.23,75.04%,,,,,-100.00%,-$2.00,-161.92%,-$2.00,-161.92%,CINT,NYSE:CINT,-2.000,,
NASDAQ:CISS,16 Feb 2026,$2.33,3,,,,$1.71,36.42%,,,,,-100.00%,-$2.00,-216.96%,-$2.00,-216.96%,CISS,NASDAQ:CISS,-2.000,,
NYSE:CL,18 Aug 2025,$84.33,3,$97.40,5,1.60,$92.98,-9.31%,,,,$92.70,-0.30%,$0.00,-100.00%,$0.00,-100.00%,CL,NYSE:CL,-0.429,$96.60,0.83%
NASDAQ:CLBK,8 Oct 2025,$15.20,3,,,2.06,$23.42,-35.10%,,,,$0.00,-100.00%,$0.00,-100.00%,$0.00,-100.00%,CLBK,NASDAQ:CLBK,-1.000,$19.00,
NYSE:CLF,17 Aug 2025,$12.62,3,$10.78,6,3.69,$9.28,16.16%,,,,$0.00,-100.00%,$0.00,-100.00%,$0.00,-100.00%,CLF,NYSE:CLF,-1.000,$10.56,2.08%
NYSE:CLH,9 Apr 2025,$216.05,5,$271.56,9,3.27,$310.58,-30.44%,,,,$0.00,-100.00%,$0.00,-100.00%,$0.00,-100.00%,CLH,NYSE:CLH,-1.000,$327.14,-16.99%
NASDAQ:CLMB,26 Jan 2026,$137.18,3,$136.00,4,,$25.94,424.29%,,,,,-100.00%,-$2.00,-107.71%,-$2.00,-107.71%,CLMB,NASDAQ:CLMB,-2.000,,
NASDAQ:CLPT,11 Dec 2025,$12.35,3,$29.00,6,5.00,$15.15,-18.48%,,,,$0.00,-100.00%,$0.00,-100.00%,$0.00,-100.00%,CLPT,NASDAQ:CLPT,-1.000,$28.33,2.36%
NYSE:CLS,19 Jan 2026,$187.07,1,$376.73,10,5.00,$301.34,-37.92%,,,,$0.00,-100.00%,$0.00,-100.00%,$0.00,-100.00%,CLS,NYSE:CLS,-1.000,$446.89,-15.70%
NYSE:CLVT,2 Feb 2026,$5.35,3,$3.87,4,3.23,$2.39,61.92%,,,,$0.00,-100.00%,$0.00,-100.00%,$0.00,-100.00%,CLVT,NYSE:CLVT,-1.000,$2.50,54.80%
NYSE:CLW,26 Dec 2024,$20.46,,$37.00,5,3.63,$15.98,28.04%,,,,$0.00,-100.00%,$0.00,-100.00%,$0.00,-100.00%,CLW,NYSE:CLW,-1.000,$18.00,105.56%
NYSE:CLX,13 Apr 2026,$137.41,5,$115.33,4,2.17,$96.32,19.74%,,,,$96.72,0.42%,$0.00,-100.00%,$0.00,-100.00%,CLX,NYSE:CLX,-0.187,$104.47,10.40%
NYSE:CM,10 Sep 2025,$68.57,2,,,2.05,$121.24,-43.44%,,,,$120.49,-0.62%,$36.04,-70.27%,$52.37,-56.80%,CM,NYSE:CM,-0.203,$110.79,
NYSE:CMA,19 Nov 2025,$78.08,3,$79.46,6,,#N/A,#N/A,,,,,#N/A,-$2.00,#N/A,-$2.00,#N/A,CMA,NYSE:CMA,-2.000,,
NYSE:CMC,27 Feb 2026,$67.56,3,,,3.42,$66.41,1.73%,,,,$68.86,3.69%,$54.58,-17.81%,$89.87,35.33%,CMC,NYSE:CMC,0.342,$80.09,
NYSEAMERICAN:CMCL,28 Oct 2025,$29.76,1,$48.00,8,,$16.98,75.27%,,,,,-100.00%,-$2.00,-111.78%,-$2.00,-111.78%,CMCL,NYSEAMERICAN:CMCL,-2.000,,
NASDAQ:CME,24 Oct 2025,$252.85,2,,,1.78,$245.05,3.18%,,,,$243.90,-0.47%,$0.00,-100.00%,$0.00,-100.00%,CME,NASDAQ:CME,-0.379,$283.73,
NYSE:CMI,19 Nov 2025,$437.53,2,$508.60,4,3.27,$648.48,-32.53%,,,,$670.59,3.41%,$0.00,-100.00%,$0.00,-100.00%,CMI,NYSE:CMI,0.286,$754.39,-32.58%
NASDAQ:CMPR,23 Aug 2025,$95.87,3,$72.00,5,0.39,$102.85,-30.00%,,,,$97.00,-5.69%,$0.00,-100.00%,$0.00,-100.00%,CMPR,NASDAQ:CMPR,-0.981,$111.50,-35.43%
NYSE:CMRE,23 Dec 2025,$17.94,5,$12.00,6,1.50,$14.74,-18.59%,,,,$14.67,-0.47%,$0.00,-100.00%,$0.00,-100.00%,CMRE,NYSE:CMRE,-0.555,$21.00,-42.86%
NASDAQ:CNDT,29 Jan 2026,$2.60,3,$7.00,3,5.00,$1.62,60.36%,,,,$0.00,-100.00%,$0.00,-100.00%,$0.00,-100.00%,CNDT,NASDAQ:CNDT,-1.000,$5.00,40.00%
NYSE:CNH,18 Aug 2025,$16.66,5,$14.39,4,0.74,$10.64,35.24%,,,,$10.34,-2.82%,$0.00,-100.00%,$0.00,-100.00%,CNH,NYSE:CNH,-0.858,$13.28,8.36%
NYSE:CNM,15 Aug 2025,$59.25,2,,,4.66,$45.24,30.98%,,,,$0.00,-100.00%,$54.34,20.12%,$71.10,57.15%,CNM,NYSE:CNM,-1.000,$60.27,
NYSE:CNMD,11 Dec 2025,$60.78,3,$53.00,2,1.15,$43.20,22.69%,,,,$42.40,-1.85%,$0.00,-100.00%,$0.00,-100.00%,CNMD,NYSE:CNMD,-0.601,$39.00,35.90%
NYSE:CNO,20 Oct 2023,$30.57,5,,,1.56,$53.59,-42.97%,,,,$53.18,-0.77%,$0.00,-100.00%,$0.00,-100.00%,CNO,NYSE:CNO,-0.434,$51.75,
NASDAQ:CNOB,19 Nov 2025,$25.36,3,,,1.97,$33.43,-24.14%,,,,$33.37,-0.18%,$0.00,-100.00%,$0.00,-100.00%,CNOB,NASDAQ:CNOB,-0.275,$36.00,
NASDAQ:CNXC,28 Jan 2026,$61.95,4,,,2.55,$24.43,153.56%,,,,$24.66,0.94%,$62.33,155.16%,$196.24,703.29%,CNXC,NASDAQ:CNXC,-0.088,$35.25,
NYSE:COF,18 Aug 2025,$1.55,4,$1.15,4,1.74,$208.03,-99.45%,,,,$206.22,-0.87%,$0.00,-100.00%,$0.00,-100.00%,COF,NYSE:COF,-0.415,$257.59,-99.55%
NASDAQ:COFS,1 Jun 2026,$34.09,3,$34.00,7,2.58,$33.93,0.21%,,,,$35.02,3.21%,$0.00,-100.00%,$0.00,-100.00%,COFS,NASDAQ:COFS,0.012,$34.33,-0.96%
NYSE:COHR,15 Aug 2025,$108.88,2,$111.93,7,5.00,$277.60,-60.78%,,,,$0.00,-100.00%,$0.00,-100.00%,$0.00,-100.00%,COHR,NYSE:COHR,-1.000,$391.45,-71.41%
NASDAQ:COHU,4 Feb 2026,$30.91,3,$32.33,9,0.55,$51.19,-39.62%,,,,$44.31,-13.44%,$0.00,-100.00%,$0.00,-100.00%,COHU,NASDAQ:COHU,-0.942,$63.38,-48.99%
NASDAQ:COLB,27 May 2026,$30.60,3,$31.75,6,3.32,$33.24,-7.94%,,,,$34.51,3.82%,$0.00,-100.00%,$0.00,-100.00%,COLB,NASDAQ:COLB,0.342,$33.64,-5.62%
NASDAQ:COLM,6 Feb 2026,$85.03,3,$62.40,6,0.55,$63.50,-1.73%,,,,$61.18,-3.65%,$0.00,-100.00%,$0.00,-100.00%,COLM,NASDAQ:COLM,-0.914,$70.67,-11.70%
NASDAQ:COMM,27 Jan 2026,$19.58,1,,,,#N/A,#N/A,,,,,#N/A,-$2.00,#N/A,-$2.00,#N/A,COMM,NASDAQ:COMM,-2.000,,
NYSE:COP,2 Jul 2026,$119.17,5,$146.53,7,2.92,$114.71,3.88%,3.88%,$119.17,$146.53,$118.41,3.23%,$0.00,-100.00%,$0.00,-100.00%,COP,NYSE:COP,0.115,$140.64,4.19%
NASDAQ:CORZ,22 Jan 2026,$21.48,3,$27.60,7,5.00,$20.94,2.57%,,,,$0.00,-100.00%,$0.00,-100.00%,$0.00,-100.00%,CORZ,NASDAQ:CORZ,-1.000,$33.36,-17.27%
NYSE:COTY,18 Aug 2025,$8.16,3,$6.34,4,4.00,$2.61,142.91%,,,,$0.00,-100.00%,$0.00,-100.00%,$0.00,-100.00%,COTY,NYSE:COTY,-1.000,$3.13,102.56%
NYSE:CP,13 Nov 2024,$75.90,3,,,0.60,$93.71,-19.00%,,,,$90.42,-3.51%,$0.00,-100.00%,$0.00,-100.00%,CP,NYSE:CP,-0.875,$97.56,
NYSE:CPF,16 Apr 2026,$32.84,3,$37.00,6,2.02,$39.09,-16.00%,,,,$38.93,-0.41%,$0.00,-100.00%,$0.00,-100.00%,CPF,NYSE:CPF,-0.250,$41.67,-11.21%
NYSE:CPRI,26 Mar 2026,$38.69,5,$26.00,5,5.00,$16.38,58.73%,,,,$0.00,-100.00%,$0.00,-100.00%,$0.00,-100.00%,CPRI,NYSE:CPRI,-1.000,$25.22,3.09%
NASDAQ:CPRT,22 Sep 2025,$50.82,4,$55.60,4,0.88,$27.61,84.06%,,,,$26.78,-3.01%,$62.83,127.55%,$66.86,142.15%,CPRT,NASDAQ:CPRT,-0.830,$40.90,35.94%
NASDAQ:CPSH,27 Jan 2026,$4.29,2,,,4.31,$4.36,-1.55%,,,,$0.00,-100.00%,$0.00,-100.00%,$0.00,-100.00%,CPSH,NASDAQ:CPSH,-1.000,$5.50,
NYSE:CPT,18 Sep 2025,$121.77,4,$121.40,1,1.29,$112.97,7.46%,,,,$111.47,-1.33%,$0.00,-100.00%,$0.00,-100.00%,CPT,NYSE:CPT,-0.564,$114.62,5.92%
NYSE:CR,13 Nov 2025,$172.71,2,$220.67,6,,$217.49,-20.59%,,,,,-100.00%,-$2.00,-100.92%,-$2.00,-100.92%,CR,NYSE:CR,-2.000,,
NASDAQ:CRAI,20 Aug 2024,$164.05,3,,,1.77,$171.46,-4.32%,,,,$170.40,-0.62%,$0.00,-100.00%,$0.00,-100.00%,CRAI,NASDAQ:CRAI,-0.435,$252.50,
NASDAQ:CRCT,11 Feb 2026,$6.18,5,$3.67,3,1.99,$4.63,-20.73%,,,,$4.62,-0.22%,$0.00,-100.00%,$0.00,-100.00%,CRCT,NASDAQ:CRCT,-0.202,$3.62,1.38%
NASDAQ:CRDO,15 Dec 2025,$162.57,3,$223.89,7,0.53,$202.68,-19.79%,,,,$176.09,-13.12%,$248.90,22.81%,$252.73,24.69%,CRDO,NASDAQ:CRDO,-0.978,$276.39,-18.99%
NASDAQ:CRESY,11 Jul 2025,$10.53,3,,,2.76,$10.74,-1.98%,,,,$11.05,2.89%,$0.00,-100.00%,$0.00,-100.00%,CRESY,NASDAQ:CRESY,0.005,$15.51,
NYSE:CRGY,20 Aug 2025,$15.13,3,,,3.81,$10.75,40.75%,,,,$11.15,3.72%,$0.00,-100.00%,$0.00,-100.00%,CRGY,NYSE:CRGY,0.472,$16.53,
NYSE:CRH,30 Mar 2026,$109.97,3,,,,$102.92,6.85%,,,,,-100.00%,-$2.00,-101.94%,-$2.00,-101.94%,CRH,NYSE:CRH,-2.000,,
NASDAQ:CRML,4 Dec 2025,$6.88,3,$14.00,6,,$6.40,7.45%,,,,,-100.00%,-$2.00,-131.25%,-$2.00,-131.25%,CRML,NASDAQ:CRML,-2.000,,
NASDAQ:CROX,26 Jul 2024,$132.28,3,,,2.59,$137.13,-3.54%,,,,$0.00,-100.00%,$0.00,-100.00%,$0.00,-100.00%,CROX,NASDAQ:CROX,-1.000,$126.00,
NASDAQ:CRTO,6 Nov 2025,$38.27,3,$35.00,2,3.66,$22.48,55.69%,,,,$0.00,-100.00%,$0.00,-100.00%,$0.00,-100.00%,CRTO,NASDAQ:CRTO,-1.000,$25.45,37.52%
NASDAQ:CRUS,6 Feb 2026,$143.98,4,$143.60,10,0.54,$137.98,4.07%,,,,$127.94,-7.28%,$0.00,-100.00%,$0.00,-100.00%,CRUS,NASDAQ:CRUS,-0.965,$181.75,-20.99%
NASDAQ:CRWD,13 Sep 2024,$299.53,4,,,2.58,$203.08,47.49%,,,,$0.00,-100.00%,$218.11,7.40%,$221.21,8.93%,CRWD,NASDAQ:CRWD,-1.000,$186.07,
NASDAQ:CRWV,11 Feb 2026,$83.61,3,,,5.00,$73.21,14.20%,,,,$0.00,-100.00%,$0.00,-100.00%,$0.00,-100.00%,CRWV,NASDAQ:CRWV,-1.000,$140.85,
NASDAQ:CSIQ,9 Feb 2026,$19.05,3,$21.51,6,,$14.95,27.42%,,,,,-100.00%,-$2.00,-113.38%,-$2.00,-113.38%,CSIQ,NASDAQ:CSIQ,-2.000,,
NYSE:CSL,20 Jan 2026,$384.54,3,$400.00,8,1.20,$345.39,11.34%,,,,$341.64,-1.09%,$0.00,-100.00%,$0.00,-100.00%,CSL,NYSE:CSL,-0.639,$407.29,-1.79%
NASDAQ:CSTL,23 Aug 2024,$38.33,3,,,5.00,$24.16,58.64%,,,,$0.00,-100.00%,$0.00,-100.00%,$0.00,-100.00%,CSTL,NASDAQ:CSTL,-1.000,$42.78,
NYSE:CSTM,25 Jun 2026,$27.88,2,,,4.60,$28.12,-0.85%,-0.85%,$27.88,$37.10,$0.00,-100.00%,$0.00,-100.00%,$0.00,-100.00%,CSTM,NYSE:CSTM,-1.000,$37.10,
NASDAQ:CSW,3 Sep 2025,$247.77,1,,,,$279.27,-11.28%,,,,,-100.00%,-$2.00,-100.72%,-$2.00,-100.72%,CSW,NYSE:CSW,-2.000,,
NASDAQ:CTBI,19 Nov 2025,$57.46,3,$61.00,6,1.33,$74.93,-23.32%,,,,$73.73,-1.60%,$0.00,-100.00%,$0.00,-100.00%,CTBI,NASDAQ:CTBI,-0.560,$81.33,-25.00%
NASDAQ:CTKB,11 Dec 2025,$6.69,3,$5.83,7,4.16,$4.62,26.19%,,,,$0.00,-100.00%,$0.00,-100.00%,$0.00,-100.00%,CTKB,NASDAQ:CTKB,-1.000,$5.69,2.46%
NASDAQ:CTLP,21 Jan 2026,$11.18,3,,5,,#N/A,#N/A,,,,,#N/A,-$2.00,#N/A,-$2.00,#N/A,CTLP,NASDAQ:CTLP,-2.000,,
NYSEAMERICAN:CTM,2 Feb 2026,$3.50,1,$3.50,3,,$0.62,464.52%,,,,,-100.00%,-$2.00,-422.58%,-$2.00,-422.58%,CTM,NYSEAMERICAN:CTM,-2.000,,
NYSE:CTRA,2 Nov 2025,$26.29,4,$32.29,7,,#N/A,#N/A,,,,$0.00,#N/A,$41.36,#N/A,$71.90,#N/A,CTRA,NYSE:CTRA,-1.000,$37.77,-14.51%
NYSE:CTS,2 Feb 2026,$52.59,3,,6,1.05,$59.40,-11.46%,,,,$56.49,-4.90%,$0.00,-100.00%,$0.00,-100.00%,CTS,NYSE:CTS,-0.661,$58.00,
NASDAQ:CTSH,4 Feb 2026,$83.87,4,,,,$44.77,87.34%,,,,,-100.00%,-$2.00,-104.47%,-$2.00,-104.47%,CTSH,NASDAQ:CTSH,-2.000,,
NYSE:CUBI,19 Nov 2025,$67.11,3,$85.43,9,3.90,$78.31,-14.30%,,,,$0.00,-100.00%,$0.00,-100.00%,$0.00,-100.00%,CUBI,NYSE:CUBI,-1.000,$92.45,-7.59%
NASDAQ:CURI,23 Dec 2025,$4.18,3,$6.33,10,,$2.56,63.28%,,,,,-100.00%,-$2.00,-178.13%,-$2.00,-178.13%,CURI,NASDAQ:CURI,-2.000,,
NASDAQ:CVBF,25 Jun 2026,$20.88,3,,,2.41,$22.82,-8.50%,-8.50%,$20.88,$24.33,$22.93,0.48%,$0.00,-100.00%,$0.00,-100.00%,CVBF,NASDAQ:CVBF,-0.078,$24.33,
NYSE:CVE,19 Jun 2026,$26.66,3,$32.60,8,2.73,$27.95,-4.62%,,,,$28.54,2.11%,$0.00,-100.00%,$0.00,-100.00%,CVE,NYSE:CVE,0.031,$34.41,-5.26%
NYSE:CVI,23 Aug 2024,$33.80,3,,,3.65,$35.13,-3.80%,,,,$36.32,3.39%,$0.00,-100.00%,$0.00,-100.00%,CVI,NYSE:CVI,0.527,$28.80,
NASDAQ:CVLT,26 Jan 2026,$137.85,3,$174.58,8,2.95,$147.81,-6.74%,,,,$0.00,-100.00%,$0.00,-100.00%,$0.00,-100.00%,CVLT,NASDAQ:CVLT,-1.000,$146.21,19.40%
NASDAQ:CVRX,4 Dec 2025,$11.33,4,$12.67,7,5.00,$4.91,130.77%,,,,$0.00,-100.00%,$0.00,-100.00%,$0.00,-100.00%,CVRX,NASDAQ:CVRX,-1.000,$11.17,13.43%
NYSE:CVS,16 Oct 2025,$91.02,5,$86.60,8,2.55,$107.47,-19.42%,,,,$108.18,0.66%,$0.00,-100.00%,$0.00,-100.00%,CVS,NYSE:CVS,-0.008,$111.92,-22.62%
NYSE:CVX,20 Aug 2025,$174.36,4,$171.33,9,,$187.38,-8.57%,,,,,-100.00%,-$2.00,-101.07%,-$2.00,-101.07%,CVX,NYSE:CVX,-2.000,,
NYSE:CW,17 May 2024,$250.04,2,,,3.76,$707.84,-64.68%,,,,$0.00,-100.00%,$0.00,-100.00%,$0.00,-100.00%,CW,NYSE:CW,-1.000,$814.83,
NYSE:CWAN,26 Jan 2026,$25.43,3,$27.15,4,,#N/A,#N/A,,,,,#N/A,-$2.00,#N/A,-$2.00,#N/A,CWAN,NYSE:CWAN,-2.000,,
NASDAQ:CWCO,13 Nov 2025,$34.36,3,,8,3.16,$29.17,17.79%,,,,$30.22,3.60%,$0.00,-100.00%,$0.00,-100.00%,CWCO,NASDAQ:CWCO,0.183,$43.00,
NYSE:CWH,19 Sep 2025,$21.04,3,$19.56,7,2.16,$6.18,216.50%,,,,$6.09,-1.46%,$0.00,-100.00%,$0.00,-100.00%,CWH,NYSE:CWH,-0.262,$13.17,48.52%
NYSE:CX,19 Jun 2025,$8.65,3,$7.31,8,2.45,$12.97,-43.64%,,,,$12.92,-0.39%,$0.00,-100.00%,$0.00,-100.00%,CX,NYSE:CX,-0.072,$14.47,-49.48%
NASDAQ:CXAI,4 Feb 2026,$0.59,3,,,,$0.13,355.38%,,,,,-100.00%,-$2.00,-1638.46%,-$2.00,-1638.46%,CXAI,NASDAQ:CXAI,-2.000,,
NYSE:CXT,11 Nov 2025,$76.10,5,$74.00,8,2.95,$51.27,44.33%,,,,$53.82,4.97%,$0.00,-100.00%,$0.00,-100.00%,CXT,NYSE:CXT,0.111,$66.83,10.73%
NYSE:CYD,15 Dec 2025,$33.36,3,,7,1.30,$43.90,-24.01%,,,,$41.67,-5.08%,$0.00,-100.00%,$0.00,-100.00%,CYD,NYSE:CYD,-0.644,$64.05,
NYSE:DAC,5 Mar 2026,$126.35,3,,,1.69,$125.87,0.38%,,,,$124.72,-0.91%,$0.00,-100.00%,$0.00,-100.00%,DAC,NYSE:DAC,-0.437,$157.00,
NYSE:DAL,18 Sep 2025,$41.35,2,,,0.87,$84.17,-50.87%,,,,$82.03,-2.54%,$36.07,-57.14%,$130.77,55.36%,DAL,NYSE:DAL,-0.804,$105.52,
NYSE:DAVA,9 Feb 2026,$13.03,3,$10.00,3,,$2.82,254.61%,,,,,-100.00%,-$2.00,-170.92%,-$2.00,-170.92%,DAVA,NYSE:DAVA,-2.000,,
NASDAQ:DAVE,11 Feb 2026,$175.69,3,$312.50,9,2.41,$440.42,-60.11%,,,,$0.00,-100.00%,$0.00,-100.00%,$0.00,-100.00%,DAVE,NASDAQ:DAVE,-1.000,$388.55,-19.57%
NYSE:DB,2 Apr 2026,$30.42,3,$41.60,10,2.51,$35.20,-13.58%,,,,$35.04,-0.45%,$0.00,-100.00%,$0.00,-100.00%,DB,NYSE:DB,-0.058,$41.45,0.36%
NYSE:DBI,4 Feb 2026,$8.49,3,$6.25,2,2.92,$5.72,9.27%,,,,$6.22,8.74%,$4.09,-28.50%,$18.20,218.10%,DBI,NYSE:DBI,0.086,$7.75,-19.35%
NASDAQ:DBX,11 Feb 2026,$25.55,3,,,2.27,$30.62,-16.56%,,,,$0.00,-100.00%,$0.00,-100.00%,$0.00,-100.00%,DBX,NASDAQ:DBX,-1.000,$26.17,
NYSE:DCI,6 Nov 2025,$76.88,2,,,3.33,$90.40,-14.96%,,,,$94.26,4.27%,$143.75,59.01%,$157.75,74.50%,DCI,NYSE:DCI,0.331,$96.80,
NASDAQ:DCOM,2 Oct 2025,$31.72,3,$36.00,5,,#N/A,#N/A,,,,,#N/A,-$2.00,#N/A,-$2.00,#N/A,DCOM,NASDAQ:DCOM,-2.000,,
NASDAQ:DCTH,11 Dec 2025,$11.63,3,$24.00,6,5.00,$12.81,-9.20%,,,,$0.00,-100.00%,$0.00,-100.00%,$0.00,-100.00%,DCTH,NASDAQ:DCTH,-1.000,$21.55,11.37%
NYSE:DD,16 Jul 2026,$150.29,4,$165.80,8,4.74,$135.29,11.09%,11.09%,$150.29,$169.63,$144.19,6.58%,$0.00,-100.00%,$0.00,-100.00%,DD,NYSE:DD,0.915,$169.63,-2.26%
NYSE:DDD,19 Nov 2025,$2.85,3,$3.63,6,5.00,$2.69,5.95%,,,,$0.00,-100.00%,$0.00,-100.00%,$0.00,-100.00%,DDD,NYSE:DDD,-1.000,$4.00,-9.25%
NASDAQ:DDOG,18 Aug 2025,$131.92,3,$161.38,8,2.83,$258.69,-49.00%,,,,$0.00,-100.00%,$0.00,-100.00%,$0.00,-100.00%,DDOG,NASDAQ:DDOG,-1.000,$250.07,-35.47%
NYSE:DDS,21 May 2024,$424.51,3,,,3.62,$550.93,-22.95%,,,,$572.68,3.95%,"$1,489.02",170.27%,"$1,637.17",197.17%,DDS,NYSE:DDS,0.482,$537.00,
NYSE:DEA,13 Nov 2025,$33.12,3,$23.30,4,2.50,$25.56,-8.84%,,,,$25.65,0.35%,$0.00,-100.00%,$0.00,-100.00%,DEA,NYSE:DEA,-0.013,$24.36,-4.35%
NYSE:DECK,13 Apr 2026,$122.67,3,$124.47,2,4.00,$106.49,15.19%,,,,$0.00,-100.00%,$0.00,-100.00%,$0.00,-100.00%,DECK,NYSE:DECK,-1.000,$127.81,-2.61%
NYSE:DEO,20 Mar 2026,$109.50,3,$107.50,8,,$84.00,27.98%,,,,,-100.00%,-$2.00,-102.38%,-$2.00,-102.38%,DEO,NYSE:DEO,-2.000,,
NASDAQ:DFDV,3 Jun 2025,$23.65,3,,,5.00,$2.82,738.72%,,,,$0.00,-100.00%,$0.00,-100.00%,$0.00,-100.00%,DFDV,NASDAQ:DFDV,-1.000,$5.85,
NYSE:DFH,26 Mar 2025,$30.22,3,$32.00,4,3.68,$15.84,90.79%,,,,$0.00,-100.00%,$76.88,385.36%,$85.14,437.51%,DFH,NYSE:DFH,-1.000,$18.00,77.78%
NASDAQ:DGII,29 Jan 2026,$43.01,3,$48.80,7,3.65,$63.92,-32.71%,,,,$0.00,-100.00%,$0.00,-100.00%,$0.00,-100.00%,DGII,NASDAQ:DGII,-1.000,$72.20,-32.41%
NYSE:DGX,29 Jul 2024,$148.07,3,,,1.40,$210.68,-29.72%,,,,$208.89,-0.85%,$0.00,-100.00%,$0.00,-100.00%,DGX,NYSE:DGX,-0.525,$223.94,
NYSE:DHI,29 May 2026,$164.34,5,$164.82,7,1.81,$149.39,10.01%,,,,$149.33,-0.04%,$0.00,-100.00%,$0.00,-100.00%,DHI,NYSE:DHI,-0.356,$168.00,-1.89%
NYSE:DHR,13 Nov 2025,$244.54,3,$243.45,9,3.95,$203.83,19.44%,,,,$0.00,-100.00%,$0.00,-100.00%,$0.00,-100.00%,DHR,NYSE:DHR,-1.000,$242.52,0.38%
NASDAQ:DIOD,28 Jan 2026,$63.86,3,$58.67,7,0.71,$87.02,-32.58%,,,,$79.52,-8.62%,$0.00,-100.00%,$0.00,-100.00%,DIOD,NASDAQ:DIOD,-0.907,$129.50,-54.69%
NASDAQ:DJCO,11 Feb 2026,$662.32,3,,5,,$593.13,11.67%,,,,$0.00,-100.00%,$0.00,-100.00%,$0.00,-100.00%,DJCO,NASDAQ:DJCO,-1.000,,
NYSE:DKL,25 Jun 2026,$49.01,1,,,,$54.88,-10.70%,-10.70%,$49.01,$49.01,,-100.00%,-$2.00,-103.64%,-$2.00,-103.64%,DKL,NYSE:DKL,-2.000,,
NASDAQ:DKNG,18 Aug 2025,$46.45,3,$54.69,7,5.00,$24.94,86.25%,,,,$0.00,-100.00%,$0.00,-100.00%,$0.00,-100.00%,DKNG,NASDAQ:DKNG,-1.000,$35.20,55.37%
NYSE:DLX,17 Jul 2026,$28.09,3,,5,3.86,$26.05,7.83%,7.83%,$28.09,$32.67,$27.67,6.22%,$0.00,-100.00%,$0.00,-100.00%,DLX,NYSE:DLX,0.525,$32.67,
NASDAQ:DMLP,20 Sep 2025,$25.83,1,$25.30,1,3.84,$27.25,-7.16%,,,,$28.30,3.85%,$0.00,-100.00%,$0.00,-100.00%,DMLP,NASDAQ:DMLP,0.536,,
NASDAQ:DMRC,14 Jan 2026,$14.02,3,$10.00,2,5.00,$5.99,66.94%,,,,$0.00,-100.00%,$0.00,-100.00%,$0.00,-100.00%,DMRC,NASDAQ:DMRC,-1.000,$11.50,-13.04%
NYSEAMERICAN:DNN,31 Jul 2024,$1.76,0,,,,$2.82,-37.59%,,,,,-100.00%,-$2.00,-170.92%,-$2.00,-170.92%,DNN,NYSEAMERICAN:DNN,-2.000,,
NASDAQ:DNUT,22 Dec 2023,$17.24,4,,,2.52,$3.30,422.36%,,,,$3.33,0.91%,$0.00,-100.00%,$0.00,-100.00%,DNUT,NASDAQ:DNUT,-0.083,$4.35,
NYSE:DOLE,6 Mar 2026,$17.35,3,$14.00,4,1.46,$14.42,-2.91%,,,,$14.24,-1.25%,$0.00,-100.00%,$0.00,-100.00%,DOLE,NYSE:DOLE,-0.535,$17.69,-20.86%
NYSE:DOV,11 Nov 2025,$186.11,3,$210.90,7,2.65,$214.18,-13.11%,,,,$222.01,3.66%,$0.00,-100.00%,$0.00,-100.00%,DOV,NYSE:DOV,0.008,$250.94,-15.96%
NASDAQ:DOX,21 May 2026,$85.47,3,$74.50,10,1.73,$52.63,41.55%,,,,$52.53,-0.19%,$0.00,-100.00%,$0.00,-100.00%,DOX,NASDAQ:DOX,-0.452,$81.21,-8.26%
NASDAQ:DOYU,2 Apr 2025,$7.06,3,$9.75,9,,$4.63,52.40%,,,,,-100.00%,-$2.00,-143.20%,-$2.00,-143.20%,DOYU,NASDAQ:DOYU,-2.000,,
NASDAQ:DPZ,9 Apr 2025,$433.44,3,$487.39,9,1.57,$322.18,34.53%,,,,$315.90,-1.95%,$0.00,-100.00%,$0.00,-100.00%,DPZ,NASDAQ:DPZ,-0.485,$391.57,24.47%
NYSE:DQ,9 Feb 2026,$22.12,3,$28.07,5,5.00,$12.14,82.21%,,,,$0.00,-100.00%,$0.00,-100.00%,$0.00,-100.00%,DQ,NYSE:DQ,-1.000,$26.77,4.86%
NYSE:DRD,28 Feb 2024,$9.55,4,,,,$19.90,-52.02%,,,,,-100.00%,-$2.00,-110.05%,-$2.00,-110.05%,DRD,NYSE:DRD,-2.000,,
NYSE:DRH,23 Dec 2025,$11.46,5,$9.65,3,,$12.55,-23.11%,,,,,-100.00%,-$2.00,-115.94%,-$2.00,-115.94%,DRH,NASDAQ:DRH,-2.000,,
NYSE:DRI,18 Sep 2025,$167.77,1,,,1.67,$198.53,-15.50%,,,,$197.99,-0.27%,$260.99,31.46%,$335.13,68.81%,DRI,NYSE:DRI,-0.425,$228.25,
NASDAQ:DRVN,4 Apr 2025,$17.90,3,$19.91,7,3.59,$15.22,17.61%,,,,$0.00,-100.00%,$0.00,-100.00%,$0.00,-100.00%,DRVN,NASDAQ:DRVN,-1.000,$17.01,17.05%
NYSE:DSX,5 Mar 2026,$3.21,4,,,,$2.05,56.59%,,,,,-100.00%,-$2.00,-197.56%,-$2.00,-197.56%,DSX,NYSE:DSX,-2.000,,
NYSE:DT,10 Feb 2026,$53.18,3,$54.08,8,3.22,$44.41,19.76%,,,,$0.00,-100.00%,$0.00,-100.00%,$0.00,-100.00%,DT,NYSE:DT,-1.000,$46.39,16.58%
NYSE:DUK,19 Sep 2025,$124.46,3,$130.90,7,2.99,$125.01,-0.44%,,,,$131.88,5.50%,$0.00,-100.00%,$0.00,-100.00%,DUK,NYSE:DUK,0.173,$138.44,-5.45%
NASDAQ:DUOL,8 Feb 2026,$234.17,3,$232.22,4,,$133.85,73.49%,,,,,-100.00%,-$2.00,-101.49%,-$2.00,-101.49%,DUOL,NASDAQ:DUOL,-2.000,,
NASDAQ:DVLT,14 Jan 2026,$1.31,3,,,5.00,$0.37,255.38%,,,,$0.00,-100.00%,$0.00,-100.00%,$0.00,-100.00%,DVLT,NASDAQ:DVLT,-1.000,$3.00,
NYSE:DVN,27 Jan 2026,$43.47,4,$43.37,10,2.98,$43.83,-1.05%,,,,$45.03,2.74%,$0.00,-100.00%,$0.00,-100.00%,DVN,NYSE:DVN,0.110,$59.62,-27.26%
NASDAQ:DXCM,11 Dec 2025,$71.56,4,$85.74,7,3.57,$76.65,-6.64%,,,,$0.00,-100.00%,$0.00,-100.00%,$0.00,-100.00%,DXCM,NASDAQ:DXCM,-1.000,$85.46,0.33%
NYSE:DY,23 Aug 2024,$143.30,1,,,5.00,$407.11,-64.80%,,,,$0.00,-100.00%,$634.74,55.91%,$348.87,-14.31%,DY,NYSE:DY,-1.000,$637.27,
NASDAQ:EA,2 Jan 2026,$198.31,3,,,1.21,$208.90,-5.07%,,,,$207.65,-0.60%,$0.00,-100.00%,$0.00,-100.00%,EA,NASDAQ:EA,-0.594,$205.79,
NASDAQ:EBAY,22 Feb 2026,$73.85,1,$99.00,7,,$112.06,-34.10%,,,,,-100.00%,-$2.00,-101.78%,-$2.00,-101.78%,EBAY,NASDAQ:EBAY,-2.000,,
NASDAQ:EBC,1 Jun 2026,$20.59,3,$22.75,7,2.30,$23.00,-10.47%,,,,$23.06,0.26%,$0.00,-100.00%,$0.00,-100.00%,EBC,NASDAQ:EBC,-0.119,$23.94,-4.97%
NYSE:EBF,23 Jun 2026,$22.32,4,,,4.59,$21.38,4.40%,4.40%,$22.32,$24.00,$23.23,8.65%,$45.98,115.07%,$52.92,147.51%,EBF,NYSE:EBF,0.881,$24.00,
NYSE:EBS,5 Jan 2026,$13.61,3,$15.00,5,5.00,$7.63,78.42%,,,,$0.00,-100.00%,$0.00,-100.00%,$0.00,-100.00%,EBS,NYSE:EBS,-1.000,$12.00,25.00%
NYSE:ECO,5 Mar 2026,$47.32,2,,,2.70,$53.88,-12.18%,,,,$54.41,0.98%,$0.00,-100.00%,$0.00,-100.00%,ECO,NYSE:ECO,-0.021,$75.00,
NASDAQ:ECPG,23 Jun 2026,$78.21,3,$113.33,10,4.20,$91.33,-14.37%,-14.37%,$78.21,$113.33,$0.00,-100.00%,$0.00,-100.00%,$0.00,-100.00%,ECPG,NASDAQ:ECPG,-1.000,$113.33,0.00%
NASDAQ:ECX,10 Sep 2025,$1.94,4,,3,5.00,$1.10,76.73%,,,,$0.00,-100.00%,$0.00,-100.00%,$0.00,-100.00%,ECX,NASDAQ:ECX,-1.000,$3.23,
NYSE:ED,16 Sep 2025,$102.44,3,$102.88,2,3.14,$112.37,-8.84%,,,,$117.86,4.89%,$0.00,-100.00%,$0.00,-100.00%,ED,NYSE:ED,0.265,$110.68,-7.05%
NYSE:EDN,16 Dec 2025,$46.50,3,,5,,$24.59,89.10%,,,,,-100.00%,-$2.00,-108.13%,-$2.00,-108.13%,EDN,NYSE:EDN,-2.000,,
NYSE:EDU,19 Aug 2025,$59.25,3,,,1.69,$49.15,20.56%,,,,$49.05,-0.20%,$0.00,-100.00%,$0.00,-100.00%,EDU,NYSE:EDU,-0.471,$70.61,
NASDAQ:EEFT,11 Feb 2026,$105.16,3,$96.80,7,3.43,$81.34,19.01%,,,,$0.00,-100.00%,$0.00,-100.00%,$0.00,-100.00%,EEFT,NASDAQ:EEFT,-1.000,$88.33,9.59%
NYSE:EFX,10 May 2024,$252.67,3,,,4.20,$177.08,42.68%,,,,$0.00,-100.00%,$0.00,-100.00%,$0.00,-100.00%,EFX,NYSE:EFX,-1.000,$219.67,
NASDAQ:EGAN,28 Jan 2026,$10.58,3,$15.17,6,5.00,$6.57,61.04%,,,,$0.00,-100.00%,$0.00,-100.00%,$0.00,-100.00%,EGAN,NASDAQ:EGAN,-1.000,$12.83,18.24%
NASDAQ:EGBN,23 Dec 2025,$22.58,3,$18.50,6,1.57,$27.39,-32.46%,,,,$27.06,-1.20%,$0.00,-100.00%,$0.00,-100.00%,EGBN,NASDAQ:EGBN,-0.459,$30.50,-39.34%
NASDAQ:EGHT,22 Jan 2026,$2.71,3,$2.25,3,4.60,$1.88,19.68%,,,,$0.00,-100.00%,$0.00,-100.00%,$0.00,-100.00%,EGHT,NASDAQ:EGHT,-1.000,$2.48,-9.27%
NYSE:EGY,26 Aug 2025,$6.31,3,,,4.14,$5.30,18.97%,,,,$5.60,5.66%,$0.00,-100.00%,$0.00,-100.00%,EGY,NYSE:EGY,0.619,$9.60,
NASDAQ:EH,3 Sep 2025,$17.27,3,,,5.00,$5.12,237.21%,,,,$0.00,-100.00%,$0.00,-100.00%,$0.00,-100.00%,EH,NASDAQ:EH,-1.000,$11.41,
NYSE:EHC,31 Dec 2025,$95.51,2,$145.00,8,2.01,$112.21,-14.88%,,,,$112.03,-0.16%,$0.00,-100.00%,$0.00,-100.00%,EHC,NYSE:EHC,-0.298,$140.50,3.20%
NYSE:EIX,29 Jun 2026,$78.39,4,$76.14,4,3.78,$77.63,-1.92%,-1.92%,$75.96,$78.39,$82.56,6.35%,$0.00,-100.00%,$0.00,-100.00%,EIX,NYSE:EIX,0.550,$75.96,0.24%
NYSE:EL,18 Aug 2025,$118.27,3,$95.25,6,1.38,$82.13,15.97%,,,,$80.61,-1.85%,$0.00,-100.00%,$0.00,-100.00%,EL,NYSE:EL,-0.556,$95.31,-0.06%
NYSE:ELF,18 Aug 2025,$118.35,3,,,3.00,$73.69,60.60%,,,,$0.00,-100.00%,$0.00,-100.00%,$0.00,-100.00%,ELF,NYSE:ELF,-1.000,$73.75,
NYSE:ELME,16 Jul 2026,$2.60,4,,4,4.77,$1.52,70.72%,70.72%,$2.60,$18.00,$1.63,7.24%,$0.00,-100.00%,$0.00,-100.00%,ELME,NYSE:ELME,0.897,$18.00,
NYSE:ELP,13 Feb 2025,$6.84,3,$8.20,6,,#N/A,#N/A,,,,,#N/A,-$2.00,#N/A,-$2.00,#N/A,ELP,NYSE:ELP,-2.000,,
NYSE:ELS,19 Sep 2025,$70.10,5,$67.65,7,0.77,$65.75,2.89%,,,,$64.37,-2.10%,$0.00,-100.00%,$0.00,-100.00%,ELS,NYSE:ELS,-0.806,$70.39,-3.89%
NASDAQ:ELVR,11 Dec 2025,$44.92,3,,,,$60.10,-25.26%,,,,,-100.00%,-$2.00,-103.33%,-$2.00,-103.33%,ELVR,NASDAQ:ELVR,-2.000,,
NYSE:EME,23 Aug 2025,$518.72,1,$670.50,8,0.69,$744.16,-30.29%,,,,$696.16,-6.45%,$0.00,-100.00%,$0.00,-100.00%,EME,NYSE:EME,-0.902,"$1,000.14",-32.96%
NYSE:EMR,19 Nov 2025,$120.30,2,$146.64,9,3.06,$139.54,-13.79%,,,,$145.32,4.14%,$0.00,-100.00%,$0.00,-100.00%,EMR,NYSE:EMR,0.188,$163.76,-10.45%
NYSE:ENB,19 Aug 2025,$43.53,2,,,3.31,$56.71,-23.24%,,,,$58.59,3.32%,$0.00,-100.00%,$0.00,-100.00%,ENB,NYSE:ENB,0.354,$52.37,
NYSE:ENOV,11 Dec 2025,$37.01,3,$49.00,5,5.00,$27.07,36.73%,,,,$0.00,-100.00%,$0.00,-100.00%,$0.00,-100.00%,ENOV,NYSE:ENOV,-1.000,$40.73,20.30%
NYSE:ENS,11 Mar 2026,$152.00,3,,,2.86,$196.55,-22.67%,,,,$200.48,2.00%,$0.00,-100.00%,$0.00,-100.00%,ENS,NYSE:ENS,0.081,$247.29,
NASDAQ:ENSG,3 Jul 2025,$137.40,2,,,0.79,$171.28,-19.78%,,,,$167.49,-2.21%,$0.00,-100.00%,$0.00,-100.00%,ENSG,NASDAQ:ENSG,-0.842,$217.80,
NASDAQ:ENTG,9 Feb 2026,$124.28,3,$123.14,3,1.71,$138.74,-11.24%,,,,$127.02,-8.45%,$0.00,-100.00%,$0.00,-100.00%,ENTG,NASDAQ:ENTG,-0.414,$165.00,-25.37%
NASDAQ:ENVX,20 Aug 2025,$9.75,3,,,5.00,$4.72,106.50%,,,,$0.00,-100.00%,$0.00,-100.00%,$0.00,-100.00%,ENVX,NASDAQ:ENVX,-1.000,$13.10,
NYSE:EOG,2 Jul 2026,$143.14,4,$155.08,6,3.01,$139.89,2.33%,2.33%,$143.14,$157.33,$144.00,2.94%,$0.00,-100.00%,$0.00,-100.00%,EOG,NYSE:EOG,0.178,$157.33,-1.43%
NYSE:EPAC,11 Nov 2025,$44.87,3,$51.00,1,1.06,$34.61,29.66%,,,,$33.92,-1.99%,$74.32,114.74%,$79.74,130.41%,EPAC,NYSE:EPAC,-0.747,$48.00,6.25%
NYSE:EPAM,26 Mar 2026,$178.81,3,$199.40,8,5.00,$88.66,101.68%,,,,$0.00,-100.00%,$0.00,-100.00%,$0.00,-100.00%,EPAM,NYSE:EPAM,-1.000,$135.94,46.68%
NYSE:EQBK,16 Mar 2026,$41.43,3,$52.50,4,2.35,$50.44,-17.87%,,,,$50.80,0.71%,$0.00,-100.00%,$0.00,-100.00%,EQBK,NYSE:EQBK,-0.104,$54.14,-3.03%
NYSE:EQNR,9 Sep 2025,$26.30,4,$25.60,9,2.72,$37.37,-31.50%,,,,$38.09,1.93%,$0.00,-100.00%,$0.00,-100.00%,EQNR,NYSE:EQNR,0.094,$34.17,-25.08%
NYSE:EQT,20 Aug 2025,$46.57,2,,,2.02,$49.56,-6.04%,,,,$49.63,0.14%,$0.00,-100.00%,$0.00,-100.00%,EQT,NYSE:EQT,-0.316,$67.52,
NASDAQ:ERIC,27 May 2026,$11.70,1,$10.60,8,3.17,$9.82,7.94%,,,,$10.18,3.67%,$10.16,3.44%,$14.91,51.83%,ERIC,NASDAQ:ERIC,0.278,$9.67,9.62%
NASDAQ:ERII,4 Sep 2025,$16.86,3,$17.00,6,4.38,$8.62,95.60%,,,,$0.00,-100.00%,$0.00,-100.00%,$0.00,-100.00%,ERII,NASDAQ:ERII,-1.000,$11.00,54.55%
NYSE:ERO,2 Sep 2025,$21.17,3,$18.76,5,5.00,$24.13,-22.25%,,,,$0.00,-100.00%,$0.00,-100.00%,$0.00,-100.00%,ERO,NYSE:ERO,-1.000,$33.87,-44.61%
NYSE:ESAB,23 Dec 2025,$119.83,3,$147.33,7,5.00,$89.78,33.47%,,,,$0.00,-100.00%,$0.00,-100.00%,$0.00,-100.00%,ESAB,NYSE:ESAB,-1.000,$136.30,8.09%
NYSE:ESE,29 Jan 2026,$185.93,2,$275.00,4,1.21,$318.52,-41.63%,,,,$308.39,-3.18%,$0.00,-100.00%,$0.00,-100.00%,ESE,NYSE:ESE,-0.642,$385.00,-28.57%
NASDAQ:ESEA,5 Mar 2026,$65.04,3,,,2.68,$69.23,-6.05%,,,,$69.83,0.87%,$0.00,-100.00%,$0.00,-100.00%,ESEA,NASDAQ:ESEA,-0.004,$88.67,
NASDAQ:ESLT,24 Oct 2025,$494.42,3,,,0.47,$741.55,-33.33%,,,,$698.98,-5.74%,$0.00,-100.00%,$0.00,-100.00%,ESLT,NASDAQ:ESLT,-0.958,$846.33,
NYSE:ESNT,23 Jun 2026,$59.83,4,$68.00,1,2.12,$66.71,-10.32%,-10.32%,$59.83,$68.75,$66.80,0.13%,$0.00,-100.00%,$0.00,-100.00%,ESNT,NYSE:ESNT,-0.197,$68.75,-1.09%
NASDAQ:ESQ,21 Oct 2025,$91.76,3,$110.00,5,0.72,$123.26,-25.55%,,,,$120.06,-2.60%,$0.00,-100.00%,$0.00,-100.00%,ESQ,NASDAQ:ESQ,-0.821,$126.67,-13.16%
NYSE:ESS,16 Sep 2025,$294.27,5,$293.97,7,1.35,$292.93,0.36%,,,,$290.21,-0.93%,$0.00,-100.00%,$0.00,-100.00%,ESS,NYSE:ESS,-0.534,$292.69,0.44%
NASDAQ:ESTA,4 Dec 2025,$72.19,3,$71.75,6,3.15,$92.58,-22.50%,,,,$0.00,-100.00%,$0.00,-100.00%,$0.00,-100.00%,ESTA,NASDAQ:ESTA,-1.000,$95.33,-24.74%
NYSE:ESTC,19 Aug 2025,$94.39,3,$107.50,2,4.03,$61.59,53.26%,,,,$0.00,-100.00%,$116.34,88.90%,$117.96,91.52%,ESTC,NYSE:ESTC,-1.000,$74.26,44.76%
NYSE:ET,2 Jul 2026,$19.05,1,,,3.76,$20.32,-6.25%,-6.25%,$19.05,$23.76,$21.10,3.84%,$0.00,-100.00%,$0.00,-100.00%,ET,NYSE:ET,0.501,$23.76,
NYSE:ETD,11 Nov 2024,$36.07,4,,,2.36,$22.78,58.32%,,,,$22.99,0.92%,$0.00,-100.00%,$0.00,-100.00%,ETD,NYSE:ETD,-0.096,$24.00,
NYSE:ETN,11 Nov 2025,$317.45,1,,,3.12,$399.99,-20.64%,,,,$413.51,3.38%,$0.00,-100.00%,$0.00,-100.00%,ETN,NYSE:ETN,0.221,$455.79,
NYSE:ETR,24 Oct 2025,$79.12,1,,,3.07,$113.24,-30.13%,,,,$119.31,5.36%,$0.00,-100.00%,$0.00,-100.00%,ETR,NYSE:ETR,0.212,$122.83,
NASDAQ:EVCM,9 Feb 2026,$14.79,3,$12.00,3,2.66,$12.04,-0.33%,,,,$0.00,-100.00%,$0.00,-100.00%,$0.00,-100.00%,EVCM,NASDAQ:EVCM,-1.000,$11.21,7.05%
NYSE:EVTC,11 Feb 2026,$34.62,3,$30.50,4,3.29,$30.27,0.76%,,,,$0.00,-100.00%,$0.00,-100.00%,$0.00,-100.00%,EVTC,NYSE:EVTC,-1.000,$32.00,-4.69%
NYSE:EVTL,1 Sep 2025,$5.43,3,$11.60,5,5.00,$1.48,266.89%,,,,$0.00,-100.00%,$0.00,-100.00%,$0.00,-100.00%,EVTL,NYSE:EVTL,-1.000,$10.04,15.54%
NYSE:EW,11 Dec 2025,$87.08,3,$95.29,8,3.76,$85.73,1.57%,,,,$0.00,-100.00%,$0.00,-100.00%,$0.00,-100.00%,EW,NYSE:EW,-1.000,$98.80,-3.55%
NASDAQ:EWBC,18 Mar 2026,$117.29,3,,,2.60,$134.52,-12.81%,,,,$137.71,2.37%,$0.00,-100.00%,$0.00,-100.00%,EWBC,NASDAQ:EWBC,0.007,$144.12,
NASDAQ:EXC,28 Apr 2026,$47.55,3,$50.83,5,3.08,$46.26,2.78%,,,,$48.77,5.43%,$0.00,-100.00%,$0.00,-100.00%,EXC,NASDAQ:EXC,0.222,$49.44,2.81%
NASDAQ:EXE,22 Jan 2026,$97.25,3,$133.00,9,3.00,$88.13,10.35%,,,,$91.64,3.98%,$0.00,-100.00%,$0.00,-100.00%,EXE,NASDAQ:EXE,0.111,$125.32,6.13%
NASDAQ:EXFY,9 Feb 2026,$2.87,3,$5.00,2,1.09,$1.83,56.83%,,,,$0.00,-100.00%,$0.00,-100.00%,$0.00,-100.00%,EXFY,NASDAQ:EXFY,-1.000,$1.13,342.48%
NYSE:EXK,12 Aug 2025,$5.26,3,,,5.00,$7.41,-29.00%,,,,$0.00,-100.00%,$0.00,-100.00%,$0.00,-100.00%,EXK,NYSE:EXK,-1.000,$16.17,
NASDAQ:EXLS,24 Feb 2026,$44.69,5,$53.00,3,5.00,$28.16,58.70%,,,,$0.00,-100.00%,$0.00,-100.00%,$0.00,-100.00%,EXLS,NASDAQ:EXLS,-1.000,$40.12,32.10%
NYSE:EXP,23 Aug 2025,$240.86,4,$230.75,1,0.77,$205.93,12.05%,,,,$201.02,-2.38%,$0.00,-100.00%,$0.00,-100.00%,EXP,NYSE:EXP,-0.813,$226.22,2.00%
NASDAQ:EXPE,4 Mar 2026,$219.55,3,$275.04,6,1.46,$268.77,-18.31%,,,,$264.20,-1.70%,$0.00,-100.00%,$0.00,-100.00%,EXPE,NASDAQ:EXPE,-0.500,$286.50,-4.00%
NYSE:EXR,12 Oct 2025,$164.54,3,$156.20,5,3.52,$148.16,5.43%,,,,$157.05,6.00%,$0.00,-100.00%,$0.00,-100.00%,EXR,NYSE:EXR,0.417,$156.53,-0.21%
NYSE:F,15 Dec 2025,$13.76,1,,1,2.48,$14.23,-3.30%,,,,$14.04,-1.34%,$0.00,-100.00%,$0.00,-100.00%,F,NYSE:F,-0.042,$15.00,
NASDAQ:FANG,20 Sep 2025,$163.23,3,$183.50,2,2.83,$195.54,-16.52%,,,,$199.53,2.04%,$0.00,-100.00%,$0.00,-100.00%,FANG,NASDAQ:FANG,0.083,$231.71,-20.81%
NASDAQ:FAST,14 Jun 2024,$55.48,2,,,2.58,$45.49,21.96%,,,,$47.81,5.10%,$50.77,11.60%,$53.42,17.43%,FAST,NASDAQ:FAST,0.002,$47.84,
NYSE:FBIN,28 Apr 2026,$58.23,5,$48.75,6,1.18,$51.45,-5.25%,,,,$50.63,-1.59%,$0.00,-100.00%,$0.00,-100.00%,FBIN,NYSE:FBIN,-0.616,$53.00,-8.02%
NASDAQ:FBIZ,8 Oct 2025,$51.75,3,$58.00,7,1.75,$65.70,-21.23%,,,,$65.08,-0.94%,$0.00,-100.00%,$0.00,-100.00%,FBIZ,NASDAQ:FBIZ,-0.360,$67.20,-13.69%
NASDAQ:FBNC,7 Oct 2025,$47.21,3,,,2.33,$64.43,-26.73%,,,,$64.84,0.64%,$0.00,-100.00%,$0.00,-100.00%,FBNC,NASDAQ:FBNC,-0.110,$68.55,
NYSE:FBP,27 May 2026,$27.08,3,$26.00,6,2.20,$27.44,-5.25%,,,,$27.53,0.33%,$0.00,-100.00%,$0.00,-100.00%,FBP,NYSE:FBP,-0.168,$28.86,-9.91%
NYSE:FC,15 Oct 2025,$24.97,3,$32.00,4,5.00,$20.28,23.13%,,,,$0.00,-100.00%,$40.15,97.98%,$18.72,-7.71%,FC,NYSE:FC,-1.000,$31.00,3.23%
NASDAQ:FCBC,21 Oct 2025,$36.41,3,,5,2.79,$44.92,-18.94%,,,,$46.41,3.32%,$0.00,-100.00%,$0.00,-100.00%,FCBC,NASDAQ:FCBC,0.106,$45.00,
NASDAQ:FCCO,2 Oct 2025,$26.67,3,$30.00,7,1.90,$32.71,-18.48%,,,,$32.40,-0.95%,$0.00,-100.00%,$0.00,-100.00%,FCCO,NASDAQ:FCCO,-0.300,$34.67,-13.47%
NYSE:FCF,18 Nov 2025,$17.15,3,$19.00,3,2.41,$21.12,-18.80%,,,,$21.20,0.38%,$0.00,-100.00%,$0.00,-100.00%,FCF,NYSE:FCF,-0.064,$21.33,-10.92%
NYSE:FCN,13 Nov 2025,$198.73,3,$165.00,9,3.29,$162.55,1.51%,,,,$0.00,-100.00%,$0.00,-100.00%,$0.00,-100.00%,FCN,NYSE:FCN,-1.000,$172.00,-4.07%
NYSE:FCPT,4 Sep 2025,$29.64,4,$29.40,6,,$26.33,11.66%,,,,,-100.00%,-$2.00,-107.60%,-$2.00,-107.60%,FCPT,NYSE:FCPT,-2.000,,
NYSE:FDP,13 Nov 2025,$39.53,3,,4,,#N/A,#N/A,,,,,#N/A,-$2.00,#N/A,-$2.00,#N/A,FDP,NYSE:FDP,-2.000,,
NYSE:FE,19 Sep 2025,$47.44,4,$46.00,7,3.34,$48.53,-5.21%,,,,$51.14,5.38%,$0.00,-100.00%,$0.00,-100.00%,FE,NYSE:FE,0.335,$52.38,-12.18%
NASDAQ:FELE,6 Nov 2025,$93.75,3,,,2.96,$105.66,-11.27%,,,,$110.42,4.51%,$0.00,-100.00%,$0.00,-100.00%,FELE,NASDAQ:FELE,0.165,$113.25,
NYSE:FERG,8 Jul 2024,$169.94,2,,,2.44,$232.02,-26.76%,,,,$233.40,0.59%,$344.16,48.33%,$370.17,59.54%,FERG,NYSE:FERG,-0.096,$281.70,
NYSE:FF,15 May 2025,$5.93,5,,7,3.30,$4.80,23.54%,,,,$4.93,2.71%,$0.00,-100.00%,$0.00,-100.00%,FF,NYSE:FF,0.244,$14.00,
NASDAQ:FFAI,15 Dec 2025,$1.88,3,,,5.00,$0.13,1345.31%,,,,$0.00,-100.00%,$0.00,-100.00%,$0.00,-100.00%,FFAI,NASDAQ:FFAI,-1.000,$3.50,
NASDAQ:FFBC,20 Mar 2026,$29.92,3,$31.67,5,2.41,$35.72,-16.24%,,,,$36.05,0.92%,$0.00,-100.00%,$0.00,-100.00%,FFBC,NASDAQ:FFBC,-0.066,$36.00,-12.03%
NASDAQ:FFIC,27 Oct 2025,$16.10,4,$15.00,5,,#N/A,#N/A,,,,,#N/A,-$2.00,#N/A,-$2.00,#N/A,FFIC,NASDAQ:FFIC,-2.000,,
NASDAQ:FFIN,19 Nov 2025,$32.29,3,$37.50,5,2.51,$35.32,-8.58%,,,,$35.65,0.93%,$0.00,-100.00%,$0.00,-100.00%,FFIN,NASDAQ:FFIN,-0.027,$36.40,3.02%
NYSE:FFWM,18 Nov 2025,$6.01,3,$6.38,5,,#N/A,#N/A,,,,,#N/A,-$2.00,#N/A,-$2.00,#N/A,FFWM,NYSE:FFWM,-2.000,,
NASDAQ:FHB,16 Apr 2026,$28.27,3,$26.67,2,1.86,$29.29,-8.95%,,,,$29.32,0.10%,$0.00,-100.00%,$0.00,-100.00%,FHB,NASDAQ:FHB,-0.313,$30.11,-11.42%
NYSE:FHN,28 May 2026,$23.86,3,$26.61,3,2.36,$25.80,-7.51%,,,,$25.38,-1.63%,$0.00,-100.00%,$0.00,-100.00%,FHN,NYSE:FHN,-0.101,$27.95,-4.79%
NASDAQ:FIBK,27 May 2026,$35.12,3,$36.60,3,3.45,$39.18,-10.36%,,,,$41.06,4.80%,$0.00,-100.00%,$0.00,-100.00%,FIBK,NASDAQ:FIBK,0.409,$37.38,-2.09%
NYSE:FIG,29 Jan 2026,$46.89,3,$51.00,5,4.38,$23.95,95.77%,,,,$0.00,-100.00%,$0.00,-100.00%,$0.00,-100.00%,FIG,NYSE:FIG,-1.000,$30.56,66.88%
NYSE:FINV,24 Oct 2025,$5.94,3,,6,2.66,$4.76,24.79%,,,,$4.71,-1.05%,$27.77,483.48%,$28.02,488.58%,FINV,NYSE:FINV,-0.040,$7.27,
NYSE:FIS,11 Feb 2026,$71.87,3,,,1.75,$41.91,71.49%,,,,$41.79,-0.29%,$0.00,-100.00%,$0.00,-100.00%,FIS,NYSE:FIS,-0.436,$56.64,
NASDAQ:FISI,20 Oct 2025,$28.36,3,$30.00,5,2.81,$39.32,-27.87%,,,,$41.11,4.55%,$0.00,-100.00%,$0.00,-100.00%,FISI,NASDAQ:FISI,0.110,$40.00,-25.00%
NASDAQ:FITB,27 May 2026,$50.92,3,$57.17,9,2.56,#N/A,#N/A,,,,$59.86,#N/A,$0.00,#N/A,$0.00,#N/A,FITB,NASDAQ:FITB,0.025,$60.80,-5.97%
NYSE:FIX,23 Aug 2025,$534.79,1,$736.60,8,1.28,"$1,674.06",-68.05%,,,,"$1,546.01",-7.65%,$0.00,-100.00%,$0.00,-100.00%,FIX,NYSE:FIX,-0.618,"$2,064.00",-64.31%
NASDAQ:FIZZ,17 Mar 2026,$41.05,3,$35.00,2,0.38,$31.07,12.65%,,,,$29.18,-6.08%,$58.64,88.74%,$62.84,102.26%,FIZZ,NASDAQ:FIZZ,-0.977,$33.00,6.06%
NASDAQ:FLEX,5 Feb 2026,$63.22,2,$73.75,6,1.56,$119.25,-46.99%,,,,$111.14,-6.80%,$0.00,-100.00%,$0.00,-100.00%,FLEX,NASDAQ:FLEX,-0.515,$160.40,-54.02%
NYSE:FLG,21 Oct 2025,$10.62,3,$13.90,6,3.55,$14.90,-28.73%,,,,$0.00,-100.00%,$0.00,-100.00%,$0.00,-100.00%,FLG,NYSE:FLG,-1.000,$16.53,-15.91%
NYSE:FLR,20 Aug 2025,$51.95,5,,5,3.34,$49.08,5.85%,,,,$0.00,-100.00%,$0.00,-100.00%,$0.00,-100.00%,FLR,NYSE:FLR,-1.000,$52.44,
NYSE:FLS,23 Aug 2024,$48.32,3,,,3.41,$68.46,-29.41%,,,,$70.88,3.53%,$0.00,-100.00%,$0.00,-100.00%,FLS,NYSE:FLS,0.316,$88.50,
NYSE:FLUT,18 Sep 2025,$272.62,3,,,5.00,$106.56,155.84%,,,,$0.00,-100.00%,$0.00,-100.00%,$0.00,-100.00%,FLUT,NYSE:FLUT,-1.000,$159.19,
NASDAQ:FMBH,28 Apr 2026,$47.14,3,,,1.52,$49.23,-4.25%,,,,$48.95,-0.57%,$0.00,-100.00%,$0.00,-100.00%,FMBH,NASDAQ:FMBH,-0.465,$50.71,
NASDAQ:FMNB,18 Mar 2026,$14.01,3,$14.50,6,2.90,$14.64,-4.29%,,,,$15.19,3.76%,$0.00,-100.00%,$0.00,-100.00%,FMNB,NASDAQ:FMNB,0.136,$16.00,-9.38%
NYSE:FMS,16 Mar 2026,$34.95,5,$26.00,2,2.94,$24.11,7.84%,,,,$24.84,3.03%,$0.00,-100.00%,$0.00,-100.00%,FMS,NYSE:FMS,0.162,$25.56,1.72%
NYSE:FMX,19 Mar 2026,$123.52,3,$128.33,8,2.97,$129.02,-4.27%,,,,$133.11,3.17%,$0.00,-100.00%,$0.00,-100.00%,FMX,NYSE:FMX,0.185,$129.06,-0.57%
NYSE:FN,11 Dec 2025,$411.82,2,$533.80,8,,$478.39,-13.92%,,,,,-100.00%,-$2.00,-100.42%,-$2.00,-100.42%,FN,NYSE:FN,-2.000,,
NYSE:FNB,30 Mar 2026,$17.16,3,$19.63,9,2.26,$19.16,-10.44%,,,,$18.99,-0.89%,$0.00,-100.00%,$0.00,-100.00%,FNB,NYSE:FNB,-0.153,$21.25,-7.62%
NYSE:FNF,10 Apr 2025,$64.78,4,$70.33,4,1.79,$51.90,24.81%,,,,$51.91,0.02%,$0.00,-100.00%,$0.00,-100.00%,FNF,NYSE:FNF,-0.378,$61.40,14.54%
NASDAQ:FOSL,29 Aug 2025,$4.98,5,$5.00,7,5.00,$4.14,20.31%,,,,$0.00,-100.00%,$0.00,-100.00%,$0.00,-100.00%,FOSL,NASDAQ:FOSL,-1.000,$7.00,-28.57%
NASDAQ:FRHC,27 Aug 2025,$170.00,3,,,,$152.69,11.34%,,,,,-100.00%,-$2.00,-101.31%,-$2.00,-101.31%,FRHC,NASDAQ:FRHC,-2.000,,
NYSE:FRO,23 Jun 2026,$33.92,2,$43.67,8,3.86,$36.49,-7.03%,-7.03%,$33.92,$44.25,$37.88,3.81%,$0.00,-100.00%,$0.00,-100.00%,FRO,NYSE:FRO,0.537,$44.25,-1.31%
NASDAQ:FRSH,27 Jan 2026,$14.36,3,$18.75,5,3.39,$10.89,31.85%,,,,$0.00,-100.00%,$0.00,-100.00%,$0.00,-100.00%,FRSH,NASDAQ:FRSH,-1.000,$11.75,59.57%
NYSE:FRT,23 Dec 2025,$100.99,1,,,2.37,$126.02,-19.86%,,,,$126.37,0.28%,$0.00,-100.00%,$0.00,-100.00%,FRT,NYSE:FRT,-0.086,$129.79,
NASDAQ:FSBC,27 May 2026,$39.25,3,$44.83,7,2.14,$48.81,-19.59%,,,,$48.84,0.06%,$0.00,-100.00%,$0.00,-100.00%,FSBC,NASDAQ:FSBC,-0.177,$47.40,-5.42%
NASDAQ:FSLR,11 Feb 2026,$209.76,2,,,4.00,$211.99,-1.05%,,,,$0.00,-100.00%,$0.00,-100.00%,$0.00,-100.00%,FSLR,NASDAQ:FSLR,-1.000,$254.25,
NYSE:FSLY,19 Jan 2026,$10.88,4,$11.30,4,,$20.72,-47.50%,,,,,-100.00%,-$2.00,-109.65%,-$2.00,-109.65%,FSLY,NASDAQ:FSLY,-2.000,,
NYSE:FSM,14 Aug 2025,$6.09,3,$7.46,7,5.00,$8.16,-25.36%,,,,$0.00,-100.00%,$0.00,-100.00%,$0.00,-100.00%,FSM,NYSE:FSM,-1.000,$13.50,-44.74%
NASDAQ:FSTR,4 Oct 2024,$28.19,4,,,2.77,$41.93,-32.76%,,,,$0.00,-100.00%,$89.27,112.91%,$114.16,172.25%,FSTR,NASDAQ:FSTR,-1.000,$40.00,
NASDAQ:FTAI,19 Aug 2025,$88.62,1,,,2.56,$207.46,-57.29%,,,,$200.92,-3.15%,$0.00,-100.00%,$0.00,-100.00%,FTAI,NASDAQ:FTAI,-0.083,$355.60,
NASDAQ:FTDR,1 Jun 2026,$66.83,3,$74.50,7,3.00,$75.69,-11.71%,,,,$0.00,-100.00%,$0.00,-100.00%,$0.00,-100.00%,FTDR,NASDAQ:FTDR,-1.000,$75.75,-1.65%
NASDAQ:FTEL,15 Dec 2025,$1.46,3,,,,#N/A,#N/A,,,,,#N/A,-$2.00,#N/A,-$2.00,#N/A,FTEL,NASDAQ:FTEL,-2.000,,
NYSE:FTI,21 Jul 2025,$33.54,3,$37.80,10,2.03,$72.07,-53.46%,,,,$71.39,-0.94%,$0.00,-100.00%,$0.00,-100.00%,FTI,NYSE:FTI,-0.242,$75.62,-50.01%
NYSE:FTK,29 Apr 2026,$14.15,3,$21.50,9,3.14,$26.17,-45.92%,,,,$0.00,-100.00%,$0.00,-100.00%,$0.00,-100.00%,FTK,NYSE:FTK,-1.000,$26.92,-20.13%
NASDAQ:FTNT,4 Feb 2026,$100.54,5,$84.05,3,1.69,$161.61,-47.99%,,,,$0.00,-100.00%,$0.00,-100.00%,$0.00,-100.00%,FTNT,NASDAQ:FTNT,-1.000,$119.24,-29.51%
NASDAQ:FTRE,27 Jun 2025,$13.66,3,$5.97,1,2.86,$17.76,-66.39%,,,,$0.00,-100.00%,$0.00,-100.00%,$0.00,-100.00%,FTRE,NASDAQ:FTRE,-1.000,$17.25,-65.39%
NYSE:FTV,5 Feb 2026,$54.58,4,$55.50,8,2.47,$61.78,-11.66%,,,,$62.43,1.05%,$0.00,-100.00%,$0.00,-100.00%,FTV,NYSE:FTV,-0.044,$64.23,-13.59%
NYSE:FUBO,4 Apr 2025,$4.27,3,$4.85,8,5.00,$9.72,-56.12%,,,,$0.00,-100.00%,$0.00,-100.00%,$0.00,-100.00%,FUBO,NYSE:FUBO,-1.000,$17.00,-71.47%
NASDAQ:FUFU,19 Aug 2025,$4.77,4,$6.00,5,,$1.40,240.93%,,,,,-100.00%,-$2.00,-242.86%,-$2.00,-242.86%,FUFU,NASDAQ:FUFU,-2.000,,
NYSE:FUL,26 May 2026,$68.79,4,$73.00,6,3.63,$56.96,20.78%,,,,$60.22,5.72%,$86.20,51.33%,$143.66,152.21%,FUL,NYSE:FUL,0.417,$73.29,-0.40%
NASDAQ:FULT,18 Mar 2026,$21.38,4,$23.00,5,1.88,$24.79,-13.76%,,,,$24.73,-0.24%,$0.00,-100.00%,$0.00,-100.00%,FULT,NASDAQ:FULT,-0.297,$24.71,-6.92%
NASDAQ:FUNC,23 Dec 2025,$39.14,3,$42.00,6,1.26,$45.35,-13.69%,,,,$43.37,-4.37%,$0.00,-100.00%,$0.00,-100.00%,FUNC,NASDAQ:FUNC,-0.581,$47.25,-11.11%
NASDAQ:FUTU,27 Aug 2025,$135.45,1,,,,$95.10,42.43%,,,,,-100.00%,-$2.00,-102.10%,-$2.00,-102.10%,FUTU,NASDAQ:FUTU,-2.000,,
NYSE:G,18 May 2026,$44.63,3,$40.00,3,1.82,$30.89,29.49%,,,,$30.72,-0.55%,$0.00,-100.00%,$0.00,-100.00%,G,NYSE:G,-0.392,$40.09,-0.22%
NASDAQ:GABC,27 May 2026,$45.62,3,$49.00,6,2.19,$48.57,-6.06%,,,,$48.62,0.10%,$0.00,-100.00%,$0.00,-100.00%,GABC,NASDAQ:GABC,-0.166,$50.20,-2.39%
NASDAQ:GAIN,10 Jun 2024,$15.26,3,,,2.25,$16.54,-7.74%,,,,$16.66,0.73%,$0.00,-100.00%,$0.00,-100.00%,GAIN,NASDAQ:GAIN,-0.139,$16.83,
NASDAQ:GAMB,28 Oct 2025,$12.14,5,$13.00,5,5.00,$1.80,574.56%,,,,$0.00,-100.00%,$0.00,-100.00%,$0.00,-100.00%,GAMB,NASDAQ:GAMB,-1.000,$5.29,145.75%
NASDAQ:GAME,12 Oct 2025,$0.98,3,$1.75,5,,$0.35,180.23%,,,,,-100.00%,-$2.00,-671.43%,-$2.00,-671.43%,GAME,NASDAQ:GAME,-2.000,,
NASDAQ:GANX,23 Dec 2025,$5.20,3,$7.60,8,5.00,$1.71,203.80%,,,,$0.00,-100.00%,$0.00,-100.00%,$0.00,-100.00%,GANX,NASDAQ:GANX,-1.000,$7.20,5.56%
NYSE:GAP,16 Jul 2026,$29.07,5,$27.44,7,4.11,$20.35,34.84%,34.84%,$26.91,$29.07,$22.02,8.21%,$19.65,-3.43%,$38.20,87.70%,GAP,NYSE:GAP,0.623,$26.91,1.97%
NASDAQ:GASS,5 Mar 2026,$9.44,3,,,5.00,$8.53,10.67%,,,,$0.00,-100.00%,$0.00,-100.00%,$0.00,-100.00%,GASS,NASDAQ:GASS,-1.000,$14.00,
NYSE:GBCI,21 Oct 2025,$45.69,3,$52.20,7,2.43,$53.57,-14.71%,,,,$53.70,0.24%,$0.00,-100.00%,$0.00,-100.00%,GBCI,NYSE:GBCI,-0.067,$56.58,-7.74%
NYSE:GBX,6 Feb 2026,$68.91,3,$49.00,3,0.27,$50.02,-2.04%,,,,$46.10,-7.84%,$79.33,58.60%,$124.18,148.26%,GBX,NYSE:GBX,-0.992,$45.33,8.10%
NASDAQ:GCT,11 Feb 2026,$42.86,3,$33.00,7,5.00,$38.01,-13.18%,,,,$0.00,-100.00%,$0.00,-100.00%,$0.00,-100.00%,GCT,NASDAQ:GCT,-1.000,$56.75,-41.85%
NYSE:GCTS,2 Feb 2026,$1.46,3,$3.50,7,5.00,$2.10,-30.48%,,,,$0.00,-100.00%,$0.00,-100.00%,$0.00,-100.00%,GCTS,NYSE:GCTS,-1.000,$3.70,-5.41%
NYSE:GDDY,11 Feb 2026,$143.01,3,$171.11,7,3.93,$94.35,51.58%,,,,$0.00,-100.00%,$0.00,-100.00%,$0.00,-100.00%,GDDY,NYSE:GDDY,-1.000,$111.93,52.87%
NASDAQ:GDS,16 Feb 2026,$38.86,1,$51.45,10,,$31.16,24.72%,,,,,-100.00%,-$2.00,-106.42%,-$2.00,-106.42%,GDS,NASDAQ:GDS,-2.000,,
NASDAQ:GDYN,27 Jan 2026,$17.06,3,$12.25,1,5.00,$5.79,111.57%,,,,$0.00,-100.00%,$0.00,-100.00%,$0.00,-100.00%,GDYN,NASDAQ:GDYN,-1.000,$8.20,49.39%
NYSE:GEF,5 Sep 2025,$73.44,5,$80.00,2,1.41,$76.32,-3.77%,,,,$75.44,-1.15%,$0.00,-100.00%,$0.00,-100.00%,GEF,NYSE:GEF,-0.508,$77.40,3.36%
NYSE:GES,15 Aug 2025,$28.70,3,$13.00,5,,#N/A,#N/A,,,,$0.00,#N/A,$46.22,#N/A,$57.02,#N/A,GES,NYSE:GES,-1.000,$16.75,-22.39%
NASDAQ:GFS,9 Feb 2026,$46.85,4,$39.80,4,0.74,$57.48,-30.76%,,,,$53.63,-6.70%,$0.00,-100.00%,$0.00,-100.00%,GFS,NASDAQ:GFS,-0.892,$81.00,-50.86%
NASDAQ:GGAL,11 Sep 2025,$34.39,3,$38.00,5,,$49.94,-31.14%,,,,,-100.00%,-$2.00,-104.00%,-$2.00,-104.00%,GGAL,NASDAQ:GGAL,-2.000,,
NYSE:GGB,4 Jan 2026,$3.55,3,$4.60,9,2.04,$4.72,-24.71%,,,,$4.64,-1.69%,$0.00,-100.00%,$0.00,-100.00%,GGB,NYSE:GGB,-0.268,$5.58,-17.56%
NYSE:GGG,6 Nov 2025,$84.33,3,$93.50,1,3.17,$74.59,13.06%,,,,$78.41,5.12%,$0.00,-100.00%,$0.00,-100.00%,GGG,NYSE:GGG,0.230,$90.29,3.56%
NYSE:GHC,15 Oct 2025,$995.96,4,,4,2.14,"$1,177.86",-15.44%,,,,"$1,178.87",0.09%,$0.00,-100.00%,$0.00,-100.00%,GHC,NYSE:GHC,-0.148,$990.00,
NYSE:GHM,28 Oct 2025,$48.90,2,,,4.07,$107.79,-54.63%,,,,$0.00,-100.00%,$0.00,-100.00%,$0.00,-100.00%,GHM,NYSE:GHM,-1.000,$130.75,
NYSE:GIB,19 Jan 2026,$107.59,5,$129.19,3,3.28,$68.12,57.94%,,,,$0.00,-100.00%,$0.00,-100.00%,$0.00,-100.00%,GIB,NYSE:GIB,-1.000,$71.93,79.61%
NYSE:GIS,27 Mar 2026,$54.42,5,$40.93,2,1.99,$37.97,7.80%,,,,$38.11,0.37%,$35.33,-6.94%,$48.74,28.37%,GIS,NYSE:GIS,-0.251,$38.11,7.40%
NYSE:GKOS,11 Dec 2025,$119.46,3,$118.10,3,,$156.83,-24.70%,,,,,-100.00%,-$2.00,-101.28%,-$2.00,-101.28%,GKOS,NYSE:GKOS,-2.000,,
NASDAQ:GLDD,4 Nov 2025,$12.92,3,$14.00,7,,#N/A,#N/A,,,,$0.00,#N/A,$35.26,#N/A,$44.14,#N/A,GLDD,NASDAQ:GLDD,-1.000,$17.00,-17.65%
NYSE:GLOB,4 May 2026,$71.94,3,$63.17,7,5.00,$32.23,96.00%,,,,$0.00,-100.00%,$0.00,-100.00%,$0.00,-100.00%,GLOB,NYSE:GLOB,-1.000,$55.68,13.45%
NASDAQ:GLRE,13 Nov 2025,$15.68,4,,1,1.00,$17.07,-8.14%,,,,$0.00,-100.00%,$0.00,-100.00%,$0.00,-100.00%,GLRE,NASDAQ:GLRE,-1.000,$1.00,
NYSE:GLW,26 Jan 2026,$93.28,1,,,3.23,$154.61,-39.67%,,,,$161.81,4.66%,$0.00,-100.00%,$0.00,-100.00%,GLW,NYSE:GLW,0.219,$213.07,
NYSE:GM,15 Dec 2025,$80.89,1,,1,1.50,$76.07,6.34%,,,,$75.79,-0.37%,$0.00,-100.00%,$0.00,-100.00%,GM,NYSE:GM,-0.527,$95.85,
NYSE:GME,23 Aug 2024,$28.89,3,,,1.00,$21.89,31.97%,,,,$21.53,-1.64%,$59.20,170.43%,$59.82,173.27%,GME,NYSE:GME,-0.605,$13.50,
NYSE:GMED,11 Dec 2025,$101.94,3,$94.50,9,4.87,$77.00,22.73%,,,,$0.00,-100.00%,$0.00,-100.00%,$0.00,-100.00%,GMED,NYSE:GMED,-1.000,$105.75,-10.64%
NYSE:GMRE,23 Dec 2025,$53.07,3,$40.70,9,,#N/A,#N/A,,,,,#N/A,-$2.00,#N/A,-$2.00,#N/A,GMRE,NYSE:GMRE,-2.000,,
NASDAQ:GNLN,15 Jul 2025,$4.44,3,,,,$2.49,78.11%,,,,,-100.00%,-$2.00,-180.32%,-$2.00,-180.32%,GNLN,NASDAQ:GNLN,-2.000,,
NYSE:GNRC,11 Nov 2025,$159.25,3,$205.69,9,4.75,$214.91,-25.90%,,,,$0.00,-100.00%,$0.00,-100.00%,$0.00,-100.00%,GNRC,NYSE:GNRC,-1.000,$290.27,-29.14%
NYSEAMERICAN:GNS,18 Aug 2025,$0.99,,$1.00,3,,$0.17,482.35%,,,,,-100.00%,-$2.00,-1276.47%,-$2.00,-1276.47%,GNS,NYSEAMERICAN:GNS,-2.000,,
NYSE:GNTY,2 Oct 2025,$48.75,1,,,,#N/A,#N/A,,,,,#N/A,-$2.00,#N/A,-$2.00,#N/A,GNTY,NYSE:GNTY,-2.000,,
NASDAQ:GOOD,31 Aug 2025,$17.01,5,$15.00,5,2.24,$13.10,14.50%,,,,$13.09,-0.08%,$0.00,-100.00%,$0.00,-100.00%,GOOD,NASDAQ:GOOD,-0.153,$13.88,8.07%
NASDAQ:GOOG,27 Feb 2026,$301.88,3,,,1.39,$346.12,-12.78%,,,,$339.62,-1.88%,$0.00,-100.00%,$0.00,-100.00%,GOOG,NASDAQ:GOOG,-0.569,$427.77,
NASDAQ:GOOGL,17 Apr 2026,$309.14,3,$385.97,8,1.08,$346.77,-10.85%,,,,$337.41,-2.70%,$0.00,-100.00%,$0.00,-100.00%,GOOGL,NASDAQ:GOOGL,-0.709,$431.72,-10.60%
NYSEAMERICAN:GORO,20 Aug 2025,$0.83,,$1.25,5,,$1.00,-17.00%,,,,,-100.00%,-$2.00,-300.00%,-$2.00,-300.00%,GORO,NYSEAMERICAN:GORO,-2.000,,
NYSE:GOTU,3 Sep 2025,$6.27,3,,4,,$1.71,266.61%,,,,,-100.00%,-$2.00,-216.96%,-$2.00,-216.96%,GOTU,NYSE:GOTU,-2.000,,
NYSE:GPC,14 Sep 2023,$168.90,4,,,0.71,$124.82,35.31%,,,,$121.14,-2.95%,$0.00,-100.00%,$0.00,-100.00%,GPC,NYSE:GPC,-0.836,$134.62,
NYSE:GPOR,22 Jan 2026,$170.96,3,$231.50,7,5.00,$152.91,11.81%,,,,$0.00,-100.00%,$0.00,-100.00%,$0.00,-100.00%,GPOR,NYSE:GPOR,-1.000,$237.45,-2.51%
NYSE:GPRK,22 Sep 2025,$10.05,3,$7.75,2,2.82,$9.68,-19.94%,,,,$9.91,2.38%,$0.00,-100.00%,$0.00,-100.00%,GPRK,NYSE:GPRK,0.101,$10.47,-25.98%
NASDAQ:GPRO,27 Jan 2026,$1.35,3,$1.30,5,5.00,$0.66,96.97%,,,,$0.00,-100.00%,$0.00,-100.00%,$0.00,-100.00%,GPRO,NASDAQ:GPRO,-1.000,$1.30,0.00%
NASDAQ:GRAB,3 Sep 2025,$4.97,3,$6.03,6,5.00,$3.57,39.22%,,,,$0.00,-100.00%,$0.00,-100.00%,$0.00,-100.00%,GRAB,NASDAQ:GRAB,-1.000,$5.90,2.20%
NYSE:GRBK,27 Feb 2026,$85.87,4,,8,,$72.75,18.03%,,,,,-100.00%,-$2.00,-102.75%,-$2.00,-102.75%,GRBK,NYSE:GRBK,-2.000,,
NYSE:GRMN,2 Feb 2026,$214.19,3,$240.50,6,,$249.56,-14.17%,,,,,-100.00%,-$2.00,-100.80%,-$2.00,-100.80%,GRMN,NYSE:GRMN,-2.000,,
NYSE:GRND,27 Jan 2026,$13.86,3,$22.00,2,4.16,$15.26,-9.19%,,,,$0.00,-100.00%,$0.00,-100.00%,$0.00,-100.00%,GRND,NYSE:GRND,-1.000,$18.80,17.02%
NYSE:GS,24 Feb 2026,$814.68,2,,,3.45,"$1,065.22",-23.52%,,,,"$1,115.76",4.74%,$0.00,-100.00%,$0.00,-100.00%,GS,NYSE:GS,0.393,"$1,090.10",
NASDAQ:GSBC,27 May 2026,$73.74,3,$65.00,2,2.11,$78.25,-16.93%,,,,$77.60,-0.83%,$0.00,-100.00%,$0.00,-100.00%,GSBC,NASDAQ:GSBC,-0.177,$71.00,-8.45%
NASDAQ:GSIT,28 Jan 2026,$9.51,3,,7,5.00,$5.45,74.45%,,,,$0.00,-100.00%,$0.00,-100.00%,$0.00,-100.00%,GSIT,NASDAQ:GSIT,-1.000,$8.00,
NYSE:GSL,4 Mar 2026,$37.11,3,,5,2.77,$40.16,-7.59%,,,,$42.07,4.76%,$0.00,-100.00%,$0.00,-100.00%,GSL,NYSE:GSL,0.056,$48.00,
NASDAQ:GSM,15 Aug 2025,$7.64,3,$4.00,4,1.40,$3.35,19.40%,,,,$3.26,-2.69%,$0.00,-100.00%,$0.00,-100.00%,GSM,NASDAQ:GSM,-0.600,$6.00,-33.33%
NASDAQ:GT,20 Sep 2025,$10.53,4,$11.42,10,3.12,$7.29,44.44%,,,,$0.00,-100.00%,$0.00,-100.00%,$0.00,-100.00%,GT,NASDAQ:GT,-1.000,$7.46,53.08%
NYSE:GTES,12 May 2025,$25.10,5,$23.20,4,3.96,$26.61,-12.81%,,,,$0.00,-100.00%,$0.00,-100.00%,$0.00,-100.00%,GTES,NYSE:GTES,-1.000,$31.73,-26.88%
NYSE:GTLS,23 Dec 2025,$198.45,3,$211.00,1,1.82,$209.90,-5.46%,,,,$105.44,-49.77%,$0.00,-100.00%,$0.00,-100.00%,GTLS,NYSE:GTLS,-0.317,$204.43,3.21%
NASDAQ:GTM,30 Mar 2026,$9.68,3,,,5.00,$3.07,215.31%,,,,$0.00,-100.00%,$0.00,-100.00%,$0.00,-100.00%,GTM,NASDAQ:GTM,-1.000,$5.03,
NYSE:GTY,19 Sep 2025,$32.43,4,$32.00,4,3.70,$36.25,-11.72%,,,,$37.71,4.03%,$0.00,-100.00%,$0.00,-100.00%,GTY,NYSE:GTY,0.522,$34.71,-7.81%
NYSE:GVA,12 Jun 2025,$88.52,3,,,1.99,$124.03,-28.63%,,,,$124.59,0.45%,$0.00,-100.00%,$0.00,-100.00%,GVA,NYSE:GVA,-0.331,$169.00,
NYSE:GWH,14 Jan 2026,$3.79,3,$3.50,3,,$0.88,297.73%,,,,,-100.00%,-$2.00,-327.27%,-$2.00,-327.27%,GWH,NYSE:GWH,-2.000,,
NYSE:GWW,23 Aug 2025,$866.00,2,,,1.08,"$1,395.01",-37.92%,,,,"$1,376.54",-1.32%,$0.00,-100.00%,$0.00,-100.00%,GWW,NYSE:GWW,-0.634,"$1,281.57",
NYSE:HAE,16 Dec 2025,$105.08,3,$86.29,9,3.56,$77.86,10.83%,,,,$0.00,-100.00%,$0.00,-100.00%,$0.00,-100.00%,HAE,NYSE:HAE,-1.000,$86.60,-0.36%
NASDAQ:HAFC,27 May 2026,$31.91,3,$32.83,5,2.65,$32.63,-2.22%,,,,$33.68,3.22%,$0.00,-100.00%,$0.00,-100.00%,HAFC,NASDAQ:HAFC,0.037,$33.62,-2.35%
NYSE:HASI,27 Jan 2026,$36.24,3,$40.27,9,2.08,$38.42,-5.68%,,,,$38.04,-0.99%,$0.00,-100.00%,$0.00,-100.00%,HASI,NYSE:HASI,-0.274,$49.27,-18.27%
NASDAQ:HBAN,6 Apr 2026,$16.83,4,$19.75,9,2.63,$18.25,-7.78%,,,,$18.85,3.29%,$0.00,-100.00%,$0.00,-100.00%,HBAN,NASDAQ:HBAN,0.009,$20.45,-3.42%
NASDAQ:HBCP,1 Jun 2026,$67.68,3,$69.00,3,2.49,$69.31,-2.35%,,,,$69.75,0.63%,$0.00,-100.00%,$0.00,-100.00%,HBCP,NASDAQ:HBCP,-0.022,$68.12,1.29%
NYSE:HBM,2 Apr 2026,$15.01,2,$28.81,10,,$20.36,-26.26%,,,,,-100.00%,-$2.00,-109.82%,-$2.00,-109.82%,HBM,NYSE:HBM,-2.000,,
NASDAQ:HBNC,19 Nov 2025,$17.31,3,$19.83,9,2.78,$20.30,-14.73%,,,,$20.88,2.86%,$0.00,-100.00%,$0.00,-100.00%,HBNC,NASDAQ:HBNC,0.088,$21.40,-7.34%
NASDAQ:HBT,2 Oct 2025,$24.23,3,$29.50,7,1.58,$32.77,-26.07%,,,,$32.65,-0.37%,$0.00,-100.00%,$0.00,-100.00%,HBT,NASDAQ:HBT,-0.429,$32.80,-10.06%
NYSE:HCA,13 Apr 2026,$417.60,2,$551.50,1,2.98,$371.18,12.51%,,,,$393.59,6.04%,$0.00,-100.00%,$0.00,-100.00%,HCA,NYSE:HCA,0.131,$470.55,17.20%
NYSE:HCC,11 Dec 2025,$71.17,3,,,1.89,$78.91,-9.81%,,,,$78.92,0.01%,$0.00,-100.00%,$0.00,-100.00%,HCC,NYSE:HCC,-0.362,$103.00,
NASDAQ:HCKT,16 Feb 2026,$21.62,3,$27.00,4,1.71,$10.34,109.10%,,,,$10.24,-0.97%,$0.00,-100.00%,$0.00,-100.00%,HCKT,NASDAQ:HCKT,-0.460,$17.67,52.80%
NASDAQ:HCSG,20 Dec 2023,$15.43,3,,,0.74,$25.31,-39.04%,,,,$24.28,-4.07%,$0.00,-100.00%,$0.00,-100.00%,HCSG,NASDAQ:HCSG,-0.816,$26.80,
NASDAQ:HCTI,11 Jul 2025,$0.04,3,,,,$1.84,-98.10%,,,,,-100.00%,-$2.00,-208.70%,-$2.00,-208.70%,HCTI,NASDAQ:HCTI,-2.000,,
NYSE:HDB,21 Oct 2025,$30.79,2,,,1.84,$26.38,16.73%,,,,$26.26,-0.45%,$0.00,-100.00%,$0.00,-100.00%,HDB,NYSE:HDB,-0.388,$34.80,
NYSE:HE,18 Nov 2025,$12.33,3,$11.13,7,2.74,$13.45,-17.25%,,,,$0.00,-100.00%,$0.00,-100.00%,$0.00,-100.00%,HE,NYSE:HE,-1.000,$12.75,-12.71%
NYSE:HEI,2 May 2025,$235.97,3,$274.82,7,3.64,$342.66,-31.14%,,,,$0.00,-100.00%,$585.49,70.87%,$652.24,90.35%,HEI,NYSE:HEI,-1.000,$386.53,-28.90%
NYSE:HEI.A,5 May 2025,$186.04,3,,,4.40,$250.07,-25.61%,,,,$0.00,-100.00%,$408.80,63.47%,$452.43,80.92%,HEI.A,NYSE:HEI.A,-1.000,$320.00,
NASDAQ:HELE,3 Nov 2023,$131.05,4,,,3.52,$28.10,366.36%,,,,$0.00,-100.00%,$24.42,-13.10%,-$13.13,-146.72%,HELE,NASDAQ:HELE,-1.000,$31.00,
NASDAQ:HFWA,19 Jun 2026,$30.72,3,$32.00,4,2.47,$30.52,0.66%,,,,$30.81,0.95%,$0.00,-100.00%,$0.00,-100.00%,HFWA,NASDAQ:HFWA,-0.044,$31.40,1.91%
NYSE:HG,9 Sep 2025,$24.44,3,$25.43,7,,$34.94,-30.05%,,,,,-100.00%,-$2.00,-105.72%,-$2.00,-105.72%,HG,NYSE:HG,-2.000,,
NYSE:HI,6 Nov 2025,$42.28,5,$32.00,7,,#N/A,#N/A,,,,,#N/A,-$2.00,#N/A,-$2.00,#N/A,HI,NYSE:HI,-2.000,,
NASDAQ:HIFS,10 Oct 2025,$271.84,3,,7,1.34,$295.14,-7.89%,,,,$289.02,-2.07%,$0.00,-100.00%,$0.00,-100.00%,HIFS,NASDAQ:HIFS,-0.463,,
NYSE:HIMS,20 Aug 2025,$35.82,2,,,2.33,$32.84,9.08%,,,,$0.00,-100.00%,$0.00,-100.00%,$0.00,-100.00%,HIMS,NYSE:HIMS,-1.000,$28.42,
NASDAQ:HIMX,16 Feb 2026,$9.25,5,,,3.52,$12.80,-27.73%,,,,$13.45,5.08%,$0.00,-100.00%,$0.00,-100.00%,HIMX,NASDAQ:HIMX,0.343,$23.70,
NYSE:HLIO,6 Nov 2025,$52.24,3,,,2.59,$81.15,-35.63%,,,,$80.20,-1.17%,$0.00,-100.00%,$0.00,-100.00%,HLIO,NYSE:HLIO,-0.002,$87.83,
NASDAQ:HLIT,5 Feb 2026,$11.73,3,$13.00,5,4.35,$12.03,-2.45%,,,,$0.00,-100.00%,$0.00,-100.00%,$0.00,-100.00%,HLIT,NASDAQ:HLIT,-1.000,$15.29,-14.98%
NASDAQ:HLMN,25 Jul 2023,$11.24,3,,,,$8.09,38.97%,,,,,-100.00%,-$2.00,-124.72%,-$2.00,-124.72%,HLMN,NASDAQ:HLMN,-2.000,,
NYSE:HMC,26 Mar 2026,$30.58,5,,5,1.74,$28.16,8.61%,,,,$28.19,0.11%,$0.00,-100.00%,$0.00,-100.00%,HMC,NYSE:HMC,-0.383,$30.91,
NYSE:HNI,8 Jan 2025,$45.54,2,,,3.01,$41.73,9.13%,,,,$43.84,5.06%,$0.00,-100.00%,$0.00,-100.00%,HNI,NYSE:HNI,0.115,$69.00,
NASDAQ:HNRG,16 Dec 2024,$15.00,3,,8,5.00,$15.98,-6.13%,,,,$0.00,-100.00%,$0.00,-100.00%,$0.00,-100.00%,HNRG,NASDAQ:HNRG,-1.000,$30.33,
NYSE:HOMB,2 Oct 2025,$27.30,2,$32.17,6,2.61,$30.84,-11.49%,,,,$31.67,2.69%,$0.00,-100.00%,$0.00,-100.00%,HOMB,NYSE:HOMB,0.024,$31.14,3.31%
NASDAQ:HON,2 Jul 2026,,1,$446.29,9,3.14,$225.02,98.33%,98.33%,$446.29,$446.29,$235.63,4.72%,$0.00,-100.00%,$0.00,-100.00%,HON,NASDAQ:HON,0.241,$246.25,81.23%
NASDAQ:HONE,2 Oct 2025,$15.33,3,$13.00,2,,#N/A,#N/A,,,,,#N/A,-$2.00,#N/A,-$2.00,#N/A,HONE,NASDAQ:HONE,-2.000,,
NASDAQ:HOOD,2 Sep 2025,$86.65,2,$113.71,7,3.92,$99.96,-13.32%,,,,$0.00,-100.00%,$0.00,-100.00%,$0.00,-100.00%,HOOD,NASDAQ:HOOD,-1.000,$118.28,-3.86%
NASDAQ:HOPE,2 Oct 2025,$14.53,4,$13.00,4,3.22,$13.74,-5.39%,,,,$14.21,3.42%,$0.00,-100.00%,$0.00,-100.00%,HOPE,NASDAQ:HOPE,0.287,$14.38,-9.60%
NYSE:HOV,26 Mar 2025,$163.07,3,$125.00,1,1.00,$131.70,-5.09%,,,,$0.00,-100.00%,$558.08,323.75%,$578.85,339.52%,HOV,NYSE:HOV,-1.000,$74.00,68.92%
NASDAQ:HOVR,12 Dec 2024,$2.00,3,,6,5.00,$1.57,27.39%,,,,$0.00,-100.00%,$2.20,40.35%,$2.21,40.67%,HOVR,NASDAQ:HOVR,-1.000,$8.20,
NYSE:HP,22 Jan 2026,$39.81,4,$33.25,5,3.64,$34.14,-2.61%,,,,$35.28,3.34%,$0.00,-100.00%,$0.00,-100.00%,HP,NYSE:HP,0.442,$40.80,-18.50%
NYSE:HPE,12 Aug 2025,$26.45,3,,,4.12,$45.82,-42.28%,,,,$48.53,5.91%,$48.68,6.23%,$91.68,100.09%,HPE,NYSE:HPE,0.610,$64.13,
NASDAQ:HPK,22 Sep 2025,$12.06,3,$7.00,3,2.95,$7.37,-5.02%,,,,$7.72,4.75%,$0.00,-100.00%,$0.00,-100.00%,HPK,NASDAQ:HPK,0.164,$7.88,-11.17%
NYSE:HPQ,30 Mar 2026,$24.72,3,$18.58,2,2.61,$24.84,-25.20%,,,,$25.55,2.86%,$14.88,-40.10%,$25.77,3.74%,HPQ,NYSE:HPQ,0.044,$22.91,-18.90%
NYSE:HRL,6 Nov 2024,$31.61,3,,,2.02,$25.39,24.48%,,,,$25.43,0.16%,$25.99,2.37%,$30.89,21.65%,HRL,NYSE:HRL,-0.248,$26.88,
NASDAQ:HSAI,1 Sep 2025,$21.70,3,$27.74,9,,$15.00,44.67%,,,,,-100.00%,-$2.00,-113.33%,-$2.00,-113.33%,HSAI,NASDAQ:HSAI,-2.000,,
NYSE:HSBC,19 Aug 2025,$64.63,3,,,,$100.61,-35.76%,,,,,-100.00%,-$2.00,-101.99%,-$2.00,-101.99%,HSBC,NYSE:HSBC,-2.000,,
NASDAQ:HSIC,20 Aug 2025,$69.76,3,,,3.04,$87.82,-20.57%,,,,$0.00,-100.00%,$0.00,-100.00%,$0.00,-100.00%,HSIC,NASDAQ:HSIC,-1.000,$88.50,
NASDAQ:HSII,15 Dec 2025,$59.01,1,,1,,#N/A,#N/A,,,,,#N/A,-$2.00,#N/A,-$2.00,#N/A,HSII,NASDAQ:HSII,-2.000,,
NASDAQ:HST,20 Apr 2026,$19.63,3,$21.71,6,2.40,$23.94,-18.02%,,,,$23.72,-0.92%,$0.00,-100.00%,$0.00,-100.00%,HST,NASDAQ:HST,-0.070,$24.50,-11.39%
NYSE:HTB,19 Nov 2025,$38.55,3,,,1.62,$49.05,-21.41%,,,,$48.77,-0.57%,$0.00,-100.00%,$0.00,-100.00%,HTB,NYSE:HTB,-0.425,$51.81,
NASDAQ:HTBK,13 Apr 2026,$12.56,3,$15.00,6,,#N/A,#N/A,,,,,#N/A,-$2.00,#N/A,-$2.00,#N/A,HTBK,NASDAQ:HTBK,-2.000,,
NASDAQ:HTZ,22 Dec 2023,$16.71,3,,,5.00,$1.80,828.33%,,,,$0.00,-100.00%,$0.00,-100.00%,$0.00,-100.00%,HTZ,NASDAQ:HTZ,-1.000,$4.43,
NYSE:HUBS,8 Jul 2024,$562.84,3,,,4.15,$224.26,150.98%,,,,$0.00,-100.00%,$0.00,-100.00%,$0.00,-100.00%,HUBS,NYSE:HUBS,-1.000,$275.72,
NYSE:HUYA,26 Aug 2025,$4.89,4,$5.00,7,,$2.40,103.71%,,,,,-100.00%,-$2.00,-183.33%,-$2.00,-183.33%,HUYA,NYSE:HUYA,-2.000,,
NYSE:HVT,20 Mar 2026,$26.93,4,,4,2.01,$25.63,5.06%,,,,$25.59,-0.16%,$0.00,-100.00%,$0.00,-100.00%,HVT,NYSE:HVT,-0.271,$29.50,
NASDAQ:HWC,10 Oct 2025,$58.42,2,,,2.36,$78.46,-25.54%,,,,$78.86,0.51%,$0.00,-100.00%,$0.00,-100.00%,HWC,NASDAQ:HWC,-0.090,$80.60,
NYSE:HWM,3 Sep 2025,$148.98,2,,,0.75,$272.43,-45.32%,,,,$260.23,-4.48%,$0.00,-100.00%,$0.00,-100.00%,HWM,NYSE:HWM,-0.831,$311.68,
NASDAQ:IART,11 Dec 2025,$22.26,3,$12.33,2,2.68,$19.25,-35.95%,,,,$0.00,-100.00%,$0.00,-100.00%,$0.00,-100.00%,IART,NASDAQ:IART,-1.000,$18.00,-31.50%
NASDAQ:IBEX,30 Jan 2026,$37.25,3,$41.00,9,3.30,$35.39,5.25%,,,,$0.00,-100.00%,$0.00,-100.00%,$0.00,-100.00%,IBEX,NASDAQ:IBEX,-1.000,$37.50,9.33%
NASDAQ:IBKR,23 Aug 2025,$51.95,1,$67.92,10,1.47,$90.53,-42.61%,,,,$87.74,-3.08%,$0.00,-100.00%,$0.00,-100.00%,IBKR,NASDAQ:IBKR,-0.499,$98.58,-31.10%
NYSE:IBM,27 Jan 2026,$263.05,1,$321.27,10,2.22,$212.67,23.69%,,,,$211.95,-0.34%,$0.00,-100.00%,$0.00,-100.00%,IBM,NYSE:IBM,-0.222,$283.80,13.20%
NYSE:IBN,2 Oct 2025,$29.15,3,,3,0.79,$29.76,-2.05%,,,,$28.96,-2.69%,$0.00,-100.00%,$0.00,-100.00%,IBN,NYSE:IBN,-0.827,$35.73,
NASDAQ:IBOC,1 Jun 2026,$77.76,3,,4,2.53,$76.53,1.61%,,,,$76.96,0.56%,$0.00,-100.00%,$0.00,-100.00%,IBOC,NASDAQ:IBOC,-0.040,$87.00,
NYSE:IBP,7 Jan 2025,$148.52,2,$231.00,6,1.03,$228.65,-35.05%,,,,$223.58,-2.22%,$0.00,-100.00%,$0.00,-100.00%,IBP,NYSE:IBP,-0.678,$233.27,-0.97%
NYSE:ICE,24 Oct 2025,$156.00,3,,,1.11,$139.65,11.71%,,,,$137.47,-1.56%,$0.00,-100.00%,$0.00,-100.00%,ICE,NYSE:ICE,-0.709,$182.33,
NASDAQ:ICHR,2 Jan 2026,$31.56,3,$24.80,2,3.57,$82.87,-70.07%,,,,$0.00,-100.00%,$0.00,-100.00%,$0.00,-100.00%,ICHR,NASDAQ:ICHR,-1.000,$92.29,-73.13%
NASDAQ:ICON,23 Jan 2026,$3.43,3,$2.00,,,$0.89,124.72%,,,,,-100.00%,-$2.00,-324.72%,-$2.00,-324.72%,ICON,NASDAQ:ICON,-2.000,,
NYSE:IDA,18 Sep 2025,$114.64,2,,,2.79,$148.73,-22.92%,,,,$156.31,5.10%,$0.00,-100.00%,$0.00,-100.00%,IDA,NYSE:IDA,0.100,$153.80,
NASDAQ:IDCC,21 Jan 2026,$317.69,3,,,0.53,$260.45,21.98%,,,,$240.69,-7.59%,$0.00,-100.00%,$0.00,-100.00%,IDCC,NASDAQ:IDCC,-0.987,$462.67,
NASDAQ:IEP,22 Nov 2023,$27.45,3,,,4.16,$7.49,266.44%,,,,$7.86,4.94%,$0.00,-100.00%,$0.00,-100.00%,IEP,NASDAQ:IEP,0.628,$12.00,
NASDAQ:IESC,23 Aug 2025,$257.92,2,,,,$613.02,-57.93%,,,,,-100.00%,-$2.00,-100.33%,-$2.00,-100.33%,IESC,NASDAQ:IESC,-2.000,,
NYSE:IEX,28 Oct 2025,$189.30,3,$194.86,8,2.64,$224.94,-15.84%,,,,$235.35,4.63%,$0.00,-100.00%,$0.00,-100.00%,IEX,NYSE:IEX,0.026,$238.93,-18.44%
NYSE:IFS,27 May 2026,$48.43,3,$61.50,9,2.29,$59.46,-18.55%,,,,$57.62,-3.09%,$0.00,-100.00%,$0.00,-100.00%,IFS,NYSE:IFS,-0.137,$65.32,-5.85%
NASDAQ:IGIC,23 Jun 2026,$24.69,3,,,,$27.89,-11.47%,-11.47%,$24.69,$24.69,,-100.00%,-$2.00,-107.17%,-$2.00,-107.17%,IGIC,NASDAQ:IGIC,-2.000,,
NYSE:IHS,4 Mar 2026,$6.80,2,$8.50,7,3.06,$8.15,-16.56%,,,,$0.00,-100.00%,$0.00,-100.00%,$0.00,-100.00%,IHS,NYSE:IHS,-1.000,$8.25,3.03%
NASDAQ:III,5 Feb 2026,$5.27,3,$6.50,8,,$3.99,32.16%,,,,,-100.00%,-$2.00,-150.13%,-$2.00,-150.13%,III,NASDAQ:III,-2.000,,
NASDAQ:IMKTA,19 Mar 2026,$96.09,3,,5,1.31,$90.15,6.59%,,,,$89.84,-0.34%,$0.00,-100.00%,$0.00,-100.00%,IMKTA,NASDAQ:IMKTA,-0.475,,
NASDAQ:IMMP,15 Dec 2025,$2.06,3,$12.00,7,,$0.41,403.02%,,,,,-100.00%,-$2.00,-587.80%,-$2.00,-587.80%,IMMP,NASDAQ:IMMP,-2.000,,
NYSEAMERICAN:IMO,24 Oct 2025,$89.93,1,,,,$122.52,-26.60%,,,,,-100.00%,-$2.00,-101.63%,-$2.00,-101.63%,IMO,NYSEAMERICAN:IMO,-2.000,,
NASDAQ:IMOS,28 Jan 2026,$41.27,3,,6,,$68.81,-40.02%,,,,,-100.00%,-$2.00,-102.91%,-$2.00,-102.91%,IMOS,NASDAQ:IMOS,-2.000,,
NASDAQ:IMPP,16 Feb 2026,$3.71,3,$6.00,7,2.45,$4.68,-20.65%,,,,$4.68,0.00%,$0.00,-100.00%,$0.00,-100.00%,IMPP,NASDAQ:IMPP,-0.135,$9.00,-33.33%
NASDAQ:IMRN,15 Dec 2025,$1.93,4,,,,$1.21,59.62%,,,,,-100.00%,-$2.00,-265.29%,-$2.00,-265.29%,IMRN,NASDAQ:IMRN,-2.000,,
NASDAQ:IMXI,14 Feb 2026,$28.35,3,,3,3.96,$13.42,111.25%,,,,$0.00,-100.00%,$0.00,-100.00%,$0.00,-100.00%,IMXI,NASDAQ:IMXI,-1.000,$16.00,
NASDAQ:INDB,20 Mar 2026,$77.46,3,$86.67,6,2.12,$84.51,-8.34%,,,,$80.73,-4.47%,$0.00,-100.00%,$0.00,-100.00%,INDB,NASDAQ:INDB,-0.210,$92.14,-5.94%
NASDAQ:INDI,16 Feb 2026,$5.81,4,$8.00,5,0.91,$3.83,51.61%,,,,$3.55,-7.31%,$0.00,-100.00%,$0.00,-100.00%,INDI,NASDAQ:INDI,-0.816,$5.91,35.36%
NYSE:ING,27 Aug 2025,$23.00,3,,,2.50,$32.33,-28.86%,,,,$32.35,0.06%,$0.00,-100.00%,$0.00,-100.00%,ING,NYSE:ING,-0.020,$31.97,
NYSE:INGM,22 Feb 2026,$26.24,5,,,1.24,$29.28,-10.38%,,,,$27.79,-5.09%,$0.00,-100.00%,$0.00,-100.00%,INGM,NYSE:INGM,-0.609,$32.62,
NASDAQ:INGN,11 Dec 2025,$9.54,4,$13.00,6,5.00,$6.57,45.26%,,,,$0.00,-100.00%,$0.00,-100.00%,$0.00,-100.00%,INGN,NASDAQ:INGN,-1.000,$12.67,2.60%
NYSE:INGR,26 Aug 2025,$23.71,3,,,1.07,$102.56,-76.88%,,,,$99.95,-2.54%,$0.00,-100.00%,$0.00,-100.00%,INGR,NYSE:INGR,-0.698,$121.17,
NASDAQ:INOD,26 Jan 2026,$55.24,3,,,5.00,$60.81,-9.16%,,,,$0.00,-100.00%,$0.00,-100.00%,$0.00,-100.00%,INOD,NASDAQ:INOD,-1.000,$122.75,
NASDAQ:INSG,5 Feb 2026,$12.35,3,,,5.00,$7.49,64.91%,,,,$0.00,-100.00%,$0.00,-100.00%,$0.00,-100.00%,INSG,NASDAQ:INSG,-1.000,$21.25,
NYSE:INSP,4 Dec 2025,$192.39,3,$117.67,8,3.15,$50.60,132.55%,,,,$0.00,-100.00%,$0.00,-100.00%,$0.00,-100.00%,INSP,NYSE:INSP,-1.000,$52.08,125.94%
NASDAQ:INTA,22 Jan 2026,$50.05,3,$50.05,6,3.67,$29.12,71.88%,,,,$0.00,-100.00%,$0.00,-100.00%,$0.00,-100.00%,INTA,NASDAQ:INTA,-1.000,$33.00,51.67%
NASDAQ:INTC,19 Jan 2026,$31.91,1,$42.36,6,,$95.04,-66.42%,,,,,-100.00%,-$2.00,-102.10%,-$2.00,-102.10%,INTC,NASDAQ:INTC,-2.000,,
NASDAQ:INTR,24 Jun 2026,$6.34,4,$8.60,7,1.62,$5.37,18.06%,18.06%,$6.34,$9.33,$5.34,-0.56%,$0.00,-100.00%,$0.00,-100.00%,INTR,NASDAQ:INTR,-0.504,$9.33,-7.82%
NYSE:INVH,16 Sep 2025,$35.78,5,$35.79,1,1.31,$30.12,18.80%,,,,$29.71,-1.36%,$0.00,-100.00%,$0.00,-100.00%,INVH,NYSE:INVH,-0.570,$32.61,9.75%
NYSE:IONQ,23 Dec 2025,$39.58,3,$75.91,9,5.00,$34.78,13.81%,,,,$0.00,-100.00%,$0.00,-100.00%,$0.00,-100.00%,IONQ,NYSE:IONQ,-1.000,$69.11,9.84%
NYSE:IP,10 Jul 2025,$49.22,3,$190.70,,1.72,$37.56,#REF!,,,,$37.20,-0.96%,$0.00,-100.00%,$0.00,-100.00%,IP,NYSE:IP,-0.396,$41.91,355.02%
NASDAQ:IPGP,4 Feb 2026,$89.57,3,,,4.25,$104.33,-14.15%,,,,$0.00,-100.00%,$0.00,-100.00%,$0.00,-100.00%,IPGP,NASDAQ:IPGP,-1.000,$130.50,
NASDAQ:IPWR,9 Feb 2026,$5.25,3,,4,5.00,$4.09,28.36%,,,,$0.00,-100.00%,$0.00,-100.00%,$0.00,-100.00%,IPWR,NASDAQ:IPWR,-1.000,$10.75,
NASDAQ:IQ,29 Nov 2024,$3.18,3,,,4.47,$1.19,167.06%,,,,$0.00,-100.00%,$0.00,-100.00%,$0.00,-100.00%,IQ,NASDAQ:IQ,-1.000,$1.54,
NYSE:IR,11 Nov 2025,$79.48,3,$87.67,6,,$82.24,-3.36%,,,,,-100.00%,-$2.00,-102.43%,-$2.00,-102.43%,IR,NYSE:IR,-2.000,,
NASDAQ:IREN,11 Dec 2025,$45.06,3,$84.00,6,5.00,$33.62,34.03%,,,,$0.00,-100.00%,$0.00,-100.00%,$0.00,-100.00%,IREN,NASDAQ:IREN,-1.000,$80.93,3.79%
NYSE:IRM,19 Aug 2025,$97.43,3,$116.80,3,3.23,$123.82,-21.31%,,,,$128.10,3.46%,$0.00,-100.00%,$0.00,-100.00%,IRM,NYSE:IRM,0.288,$132.82,-12.06%
NASDAQ:IRMD,4 Dec 2025,$84.32,3,$99.00,8,1.28,$97.03,-13.10%,,,,$95.63,-1.44%,$0.00,-100.00%,$0.00,-100.00%,IRMD,NASDAQ:IRMD,-0.615,$118.00,-16.10%
NYSE:IRS,13 Mar 2026,$17.95,5,$23.00,6,2.80,$15.08,19.03%,,,,$15.61,3.51%,$0.00,-100.00%,$0.00,-100.00%,IRS,NYSE:IRS,0.021,$21.33,7.83%
NASDAQ:IRTC,11 Dec 2025,$121.66,2,$220.38,6,5.00,$110.88,9.72%,,,,$0.00,-100.00%,$0.00,-100.00%,$0.00,-100.00%,IRTC,NASDAQ:IRTC,-1.000,$179.46,22.80%
NASDAQ:ISRG,19 Jul 2024,$316.11,1,,,5.00,$345.42,-8.49%,,,,$0.00,-100.00%,$0.00,-100.00%,$0.00,-100.00%,ISRG,NASDAQ:ISRG,-1.000,$549.66,
NASDAQ:ISTR,1 Jun 2026,$27.26,3,$31.50,6,2.25,$29.87,-8.75%,,,,$29.87,0.00%,$0.00,-100.00%,$0.00,-100.00%,ISTR,NASDAQ:ISTR,-0.157,$33.00,-4.55%
NYSE:IT,25 Feb 2026,$197.67,3,187,2,3.86,$140.19,36.03%,,,,$0.00,-100.00%,$0.00,-100.00%,$0.00,-100.00%,IT,NYSE:IT,-1.000,$164.23,13.86%
NYSE:ITGR,11 Dec 2025,$113.99,3,$91.50,2,3.14,$95.42,-4.11%,,,,$0.00,-100.00%,$0.00,-100.00%,$0.00,-100.00%,ITGR,NYSE:ITGR,-1.000,$98.00,-6.63%
NASDAQ:ITIC,29 Jan 2025,$206.10,3,,7,1.80,$289.22,-28.74%,,,,$285.21,-1.39%,$0.00,-100.00%,$0.00,-100.00%,ITIC,NASDAQ:ITIC,-0.247,$39.00,
NASDAQ:ITRI,21 May 2026,$114.84,5,$126.20,4,5.00,$85.99,33.55%,,,,$0.00,-100.00%,$0.00,-100.00%,$0.00,-100.00%,ITRI,NASDAQ:ITRI,-1.000,$126.70,-0.39%
NASDAQ:ITRN,18 Feb 2026,$47.36,3,$50.00,8,2.93,$55.74,-15.03%,,,,$57.25,2.71%,$0.00,-100.00%,$0.00,-100.00%,ITRN,NASDAQ:ITRN,0.097,$73.50,-31.97%
NYSE:ITT,16 Feb 2026,$184.72,1,$225.86,10,2.36,$192.51,-4.04%,,,,$191.83,-0.35%,$0.00,-100.00%,$0.00,-100.00%,ITT,NYSE:ITT,-0.143,$244.69,-7.70%
NYSE:ITUB,10 Mar 2026,$7.88,3,$9.00,9,3.03,$8.20,-3.90%,,,,$8.45,3.05%,$0.00,-100.00%,$0.00,-100.00%,ITUB,NYSE:ITUB,0.196,$8.84,1.81%
NYSE:ITW,11 Nov 2025,$245.17,2,$257.11,6,2.51,$276.05,-11.19%,,,,$279.29,1.17%,$0.00,-100.00%,$0.00,-100.00%,ITW,NYSE:ITW,-0.020,$280.05,-8.19%
NYSE:IX,11 Dec 2025,$27.24,3,,5,1.27,$38.40,-29.06%,,,,$37.74,-1.72%,$0.00,-100.00%,$0.00,-100.00%,IX,NYSE:IX,-0.571,$38.87,
NASDAQ:IXHL,11 Dec 2025,$0.76,3,,,5.00,$3.17,-76.18%,,,,$0.00,-100.00%,$0.00,-100.00%,$0.00,-100.00%,IXHL,NASDAQ:IXHL,-1.000,$17.78,
NYSE:JBGS,23 Dec 2025,$16.92,3,$17.50,1,1.65,$14.88,13.73%,,,,$14.69,-1.28%,$0.00,-100.00%,$0.00,-100.00%,JBGS,NYSE:JBGS,-0.402,$15.00,16.67%
NYSE:JBTM,28 Oct 2025,$114.25,3,,,4.67,$134.00,-14.74%,,,,$0.00,-100.00%,$0.00,-100.00%,$0.00,-100.00%,JBTM,NYSE:JBTM,-1.000,$178.75,
NYSE:JCI,4 Jan 2026,$97.19,1,$128.78,9,1.83,$140.46,-30.81%,,,,$137.70,-1.96%,$0.00,-100.00%,$0.00,-100.00%,JCI,NYSE:JCI,-0.346,$155.74,-17.31%
NASDAQ:JD,1 Apr 2026,$43.40,3,$34.69,3,1.41,$29.62,17.12%,,,,$29.10,-1.76%,$137.39,363.85%,$139.09,369.59%,JD,NASDAQ:JD,-0.583,$39.55,-12.29%
NYSE:JEF,23 Aug 2025,$58.78,3,,,4.03,$54.87,7.13%,,,,$57.52,4.83%,$0.00,-100.00%,$0.00,-100.00%,JEF,NYSE:JEF,0.630,$61.33,
NYSE:JELD,25 Oct 2024,$18.28,3,,,0.80,$1.17,1462.05%,,,,$1.10,-5.98%,-$18.18,-1654.20%,-$0.53,-145.57%,JELD,NYSE:JELD,-0.867,$1.65,
NASDAQ:JFIN,1 Sep 2025,$12.96,3,,7,,$2.49,420.44%,,,,,-100.00%,-$2.00,-180.32%,-$2.00,-180.32%,JFIN,NASDAQ:JFIN,-2.000,,
NYSE:JHX,22 Aug 2025,$30.58,3,$26.94,8,3.84,$25.82,4.34%,,,,$0.00,-100.00%,$0.00,-100.00%,$0.00,-100.00%,JHX,NYSE:JHX,-1.000,$30.18,-10.74%
NYSE:JILL,3 Jan 2025,$36.04,3,$36.67,6,2.66,$16.61,116.97%,,,,$17.47,5.18%,$28.92,74.12%,$17.03,2.50%,JILL,NYSE:JILL,0.063,$15.50,136.58%
NASDAQ:JJSF,31 Jan 2025,$136.25,3,$200.00,3,0.93,$76.68,77.69%,,,,$74.52,-2.82%,$0.00,-100.00%,$0.00,-100.00%,JJSF,NASDAQ:JJSF,-0.787,$100.50,99.00%
NASDAQ:JKHY,27 Jan 2026,$182.29,3,,,1.67,$151.67,20.19%,,,,$149.72,-1.29%,$0.00,-100.00%,$0.00,-100.00%,JKHY,NASDAQ:JKHY,-0.441,$184.29,
NYSE:JKS,9 Feb 2026,$25.42,3,$23.33,6,1.71,$16.49,41.48%,,,,$15.75,-4.49%,$0.00,-100.00%,$0.00,-100.00%,JKS,NYSE:JKS,-0.460,$26.02,-10.34%
NYSE:JOBY,7 Jul 2025,$8.26,2,,,5.00,$7.23,14.19%,,,,$0.00,-100.00%,$0.00,-100.00%,$0.00,-100.00%,JOBY,NYSE:JOBY,-1.000,$11.01,
NYSE:JOE,4 Sep 2025,$58.64,3,,4,1.37,$60.55,-3.15%,,,,$60.54,-0.02%,$0.00,-100.00%,$0.00,-100.00%,JOE,NYSE:JOE,-0.436,$19.00,
NYSE:KAI,11 Nov 2025,$276.48,3,$360.00,2,2.04,$311.01,-11.10%,,,,$309.96,-0.34%,$0.00,-100.00%,$0.00,-100.00%,KAI,NYSE:KAI,-0.250,$342.00,5.26%
NASDAQ:KALU,23 Jun 2026,$168.39,3,$161.67,6,2.97,$157.78,2.47%,2.47%,$159.67,$168.39,$163.26,3.47%,$0.00,-100.00%,$0.00,-100.00%,KALU,NASDAQ:KALU,0.186,$159.67,1.25%
NASDAQ:KARO,23 Aug 2025,$42.41,2,,,1.55,$62.69,-32.35%,,,,$60.98,-2.73%,$121.01,93.04%,$123.82,97.51%,KARO,NASDAQ:KARO,-0.447,$63.48,
NYSE:KB,19 Nov 2025,$83.35,3,,,2.21,$119.37,-30.18%,,,,$117.75,-1.36%,$0.00,-100.00%,$0.00,-100.00%,KB,NYSE:KB,-0.187,$139.73,
NYSE:KBH,27 Apr 2026,$73.02,5,$56.73,6,2.04,$56.10,1.12%,,,,$56.12,0.04%,$114.48,104.07%,$120.28,114.40%,KBH,NYSE:KBH,-0.238,$58.67,-3.31%
NYSE:KD,9 Feb 2026,$28.74,3,$34.00,5,3.80,$12.15,136.54%,,,,$0.00,-100.00%,$0.00,-100.00%,$0.00,-100.00%,KD,NYSE:KD,-1.000,$14.10,141.13%
NASDAQ:KDP,19 Jun 2026,$36.23,3,$31.83,9,1.97,$30.91,2.98%,,,,$30.89,-0.06%,$0.00,-100.00%,$0.00,-100.00%,KDP,NASDAQ:KDP,-0.286,$34.71,-8.30%
NYSE:KEP,23 Dec 2025,$17.51,3,$20.00,4,5.00,$11.37,54.00%,,,,$0.00,-100.00%,$0.00,-100.00%,$0.00,-100.00%,KEP,NYSE:KEP,-1.000,$16.00,25.00%
NYSE:KEY,20 Mar 2026,$21.47,3,$24.04,3,2.64,$23.55,-8.84%,,,,$24.44,3.78%,$0.00,-100.00%,$0.00,-100.00%,KEY,NYSE:KEY,0.018,$25.85,-7.00%
NYSE:KGC,14 Aug 2025,$8.59,1,,,2.92,$22.57,-61.94%,,,,$23.28,3.15%,$0.00,-100.00%,$0.00,-100.00%,KGC,NYSE:KGC,0.075,$36.01,
NASDAQ:KIDS,11 Dec 2025,$25.39,3,$24.00,6,4.42,$19.22,24.87%,,,,$0.00,-100.00%,$0.00,-100.00%,$0.00,-100.00%,KIDS,NASDAQ:KIDS,-1.000,$24.67,-2.72%
NYSE:KIM,19 Sep 2025,$25.08,5,$24.84,7,3.30,$26.12,-4.90%,,,,$27.12,3.83%,$0.00,-100.00%,$0.00,-100.00%,KIM,NYSE:KIM,0.329,$26.43,-6.02%
NASDAQ:KLAC,4 Jan 2026,"$1,084.54",2,"$1,372.72",8,2.84,$212.75,409.77%,,,,$220.75,3.76%,$0.00,-100.00%,$0.00,-100.00%,KLAC,NASDAQ:KLAC,0.108,$232.43,490.60%
NYSE:KLC,14 Jan 2026,$8.03,3,$5.70,3,2.06,$5.22,9.20%,,,,$0.00,-100.00%,$0.00,-100.00%,$0.00,-100.00%,KLC,NYSE:KLC,-1.000,$4.24,34.43%
NASDAQ:KLIC,23 Aug 2025,$42.70,3,,,3.25,$97.22,-56.08%,,,,$102.94,5.88%,$0.00,-100.00%,$0.00,-100.00%,KLIC,NASDAQ:KLIC,0.304,$100.00,
NYSE:KMT,26 Aug 2025,$29.15,5,$22.25,5,2.14,$33.74,-34.05%,,,,$32.40,-3.97%,$0.00,-100.00%,$0.00,-100.00%,KMT,NYSE:KMT,-0.203,$36.93,-39.75%
NYSE:KN,2 Feb 2026,$24.86,3,,,3.14,$35.23,-29.44%,,,,$0.00,-100.00%,$0.00,-100.00%,$0.00,-100.00%,KN,NYSE:KN,-1.000,$36.25,
NYSE:KOF,16 Jun 2026,$111.51,3,$115.00,5,,$103.25,8.00%,,,,,-100.00%,-$2.00,-101.94%,-$2.00,-101.94%,KOF,NYSE:KOF,-2.000,,
NASDAQ:KOPN,16 Feb 2026,$2.24,3,,6,,$3.81,-41.10%,,,,,-100.00%,-$2.00,-152.49%,-$2.00,-152.49%,KOPN,NASDAQ:KOPN,-2.000,,
NYSE:KR,2 Jan 2026,$62.39,3,,,2.86,$58.82,6.07%,,,,$61.42,4.42%,$18.93,-67.81%,$90.44,53.75%,KR,NYSE:KR,0.094,$70.64,
NASDAQ:KRNT,6 Nov 2025,$18.46,3,$23.50,4,5.00,$15.03,22.82%,,,,$0.00,-100.00%,$0.00,-100.00%,$0.00,-100.00%,KRNT,NASDAQ:KRNT,-1.000,$23.38,0.51%
NASDAQ:KRT,16 Sep 2025,$27.50,4,$31.50,2,2.34,$38.09,-27.79%,,,,$37.53,-1.47%,$0.00,-100.00%,$0.00,-100.00%,KRT,NASDAQ:KRT,-0.083,$36.50,-13.70%
NASDAQ:KSPI,11 Feb 2026,$112.77,3,$92.50,6,2.24,$87.91,5.22%,,,,$86.79,-1.27%,$0.00,-100.00%,$0.00,-100.00%,KSPI,NASDAQ:KSPI,-0.163,$97.87,-5.49%
NYSE:KSS,25 Jul 2023,$47.54,3,,,2.57,$17.30,174.82%,,,,$18.32,5.90%,$93.76,441.99%,-$23.35,-234.95%,KSS,NYSE:KSS,0.004,$17.85,
NYSEAMERICAN:KULR,4 Feb 2026,,,$3.36,1,,$2.63,27.76%,,,,,-100.00%,-$2.00,-176.05%,-$2.00,-176.05%,KULR,NYSEAMERICAN:KULR,-2.000,,
NYSE:KVUE,14 Aug 2025,$22.53,4,$23.83,8,0.96,$18.98,18.70%,,,,$18.62,-1.90%,$0.00,-100.00%,$0.00,-100.00%,KVUE,NYSE:KVUE,-0.716,$19.75,20.66%
NYSE:KVYO,22 Jan 2026,$29.82,3,$42.31,7,5.00,$17.67,68.77%,,,,$0.00,-100.00%,$0.00,-100.00%,$0.00,-100.00%,KVYO,NYSE:KVYO,-1.000,$28.90,46.40%
NYSE:KWR,7 Dec 2023,$246.30,3,,,2.87,$150.61,63.53%,,,,$156.64,4.00%,$0.00,-100.00%,$0.00,-100.00%,KWR,NYSE:KWR,0.112,$170.57,
NASDAQ:LAB,11 Dec 2025,$2.34,3,$1.35,8,5.00,$0.89,51.69%,,,,$0.00,-100.00%,$0.00,-100.00%,$0.00,-100.00%,LAB,NASDAQ:LAB,-1.000,$1.55,-12.90%
NYSE:LAC,2 Sep 2025,$4.84,5,$4.00,4,5.00,$2.95,35.59%,,,,$0.00,-100.00%,$0.00,-100.00%,$0.00,-100.00%,LAC,NYSE:LAC,-1.000,$5.87,-31.86%
NYSE:LAD,6 Feb 2026,$430.33,5,$385.50,5,3.61,$335.28,14.98%,,,,$0.00,-100.00%,$0.00,-100.00%,$0.00,-100.00%,LAD,NYSE:LAD,-1.000,$375.88,2.56%
NASDAQ:LAKE,31 Dec 2025,$12.09,4,$18.50,6,,$11.43,5.77%,,,,,-100.00%,-$2.00,-117.50%,-$2.00,-117.50%,LAKE,NASDAQ:LAKE,-2.000,,
NASDAQ:LAMR,16 Sep 2025,$136.02,4,$129.00,9,3.08,$162.32,-20.53%,,,,$168.04,3.52%,$0.00,-100.00%,$0.00,-100.00%,LAMR,NASDAQ:LAMR,0.238,$158.60,-18.66%
NASDAQ:LASR,27 Jan 2026,$28.42,2,,,4.55,$69.25,-58.96%,,,,$0.00,-100.00%,$0.00,-100.00%,$0.00,-100.00%,LASR,NASDAQ:LASR,-1.000,$90.71,
NASDAQ:LAUR,15 Oct 2025,$28.37,2,,,3.52,$36.45,-22.17%,,,,$0.00,-100.00%,$0.00,-100.00%,$0.00,-100.00%,LAUR,NASDAQ:LAUR,-1.000,$40.25,
NYSE:LB,26 Aug 2025,$40.37,2,,,2.32,$77.67,-48.03%,,,,$77.14,-0.68%,$0.00,-100.00%,$0.00,-100.00%,LB,NYSE:LB,-0.111,$80.57,
NYSE:LC,16 Mar 2026,$17.29,4,$24.00,6,,#N/A,#N/A,,,,$0.00,#N/A,$0.00,#N/A,$0.00,#N/A,LC,NYSE:LC,-1.000,$23.25,3.23%
NASDAQ:LCID,15 Dec 2025,$16.47,3,$17.00,3,3.64,$7.36,123.72%,,,,$0.00,-100.00%,$0.00,-100.00%,$0.00,-100.00%,LCID,NASDAQ:LCID,-1.000,$8.30,104.82%
NYSE:LDOS,17 Feb 2026,$176.70,3,$202.40,10,1.15,$106.48,65.95%,,,,$104.51,-1.85%,$0.00,-100.00%,$0.00,-100.00%,LDOS,NYSE:LDOS,-0.711,$153.67,31.71%
NASDAQ:LECO,31 May 2024,$190.67,3,,,1.70,$252.74,-24.56%,,,,$252.19,-0.22%,$0.00,-100.00%,$0.00,-100.00%,LECO,NASDAQ:LECO,-0.417,$296.70,
NYSE:LEN,21 Feb 2026,$150.73,5,$98.80,4,1.81,$83.89,17.77%,,,,$83.89,0.00%,$204.58,143.87%,$210.42,150.83%,LEN,NYSE:LEN,-0.339,$87.31,13.16%
NYSE:LEN.B,19 Feb 2026,$140.83,5,,,1.45,$82.17,71.39%,,,,$81.93,-0.29%,$918.19,1017.43%,$958.68,1066.70%,LEN.B,NYSE:LEN.B,-0.420,,
NASDAQ:LENZ,15 May 2025,$26.93,3,$47.14,9,5.00,$5.18,419.94%,,,,$0.00,-100.00%,$0.00,-100.00%,$0.00,-100.00%,LENZ,NASDAQ:LENZ,-1.000,$32.00,47.31%
NYSEAMERICAN:LEU,23 Dec 2025,$221.63,3,$289.10,9,,$156.05,42.02%,,,,,-100.00%,-$2.00,-101.28%,-$2.00,-101.28%,LEU,NYSE:LEU,-2.000,,
NASDAQ:LFUS,30 Jan 2026,$287.28,3,$366.67,8,2.21,$397.75,-27.77%,,,,$383.65,-3.54%,$0.00,-100.00%,$0.00,-100.00%,LFUS,NASDAQ:LFUS,-0.200,$482.50,-24.01%
NASDAQ:LFVN,16 Sep 2025,$9.29,3,,,3.65,$6.20,49.84%,,,,$0.00,-100.00%,$0.00,-100.00%,$0.00,-100.00%,LFVN,NASDAQ:LFVN,-1.000,$7.00,
NASDAQ:LFWD,4 Dec 2025,$1.24,3,$4.50,,,$7.91,-84.30%,,,,,-100.00%,-$2.00,-125.28%,-$2.00,-125.28%,LFWD,NASDAQ:LFWD,-2.000,,
NASDAQ:LGHL,1 Sep 2025,$2.89,3,,,,$1.75,65.26%,,,,,-100.00%,-$2.00,-214.29%,-$2.00,-214.29%,LGHL,NASDAQ:LGHL,-2.000,,
NASDAQ:LGIH,10 Apr 2026,$71.78,3,$38.00,3,5.00,$58.48,-35.02%,,,,$0.00,-100.00%,$0.00,-100.00%,$0.00,-100.00%,LGIH,NASDAQ:LGIH,-1.000,$93.00,-59.14%
NYSE:LH,19 May 2025,$246.54,3,$276.82,5,1.28,$283.36,-12.99%,,,,$277.56,-2.05%,$0.00,-100.00%,$0.00,-100.00%,LH,NYSE:LH,-0.588,$312.35,-11.38%
NASDAQ:LI,15 Dec 2025,$17.08,1,,1,,$12.39,37.85%,,,,,-100.00%,-$2.00,-116.14%,-$2.00,-116.14%,LI,NASDAQ:LI,-2.000,,
NASDAQ:LIF,22 Jan 2026,$44.97,2,$89.23,1,3.95,$53.79,-16.40%,,,,$0.00,-100.00%,$0.00,-100.00%,$0.00,-100.00%,LIF,NASDAQ:LIF,-1.000,$63.96,39.51%
NYSE:LII,26 Aug 2025,$486.80,1,,,0.96,$543.93,-10.50%,,,,$532.41,-2.12%,$0.00,-100.00%,$0.00,-100.00%,LII,NYSE:LII,-0.717,$572.92,
NASDAQ:LIN,8 Jul 2024,$400.00,0,,,,$513.22,-22.06%,,,,,-100.00%,-$2.00,-100.39%,-$2.00,-100.39%,LIN,NASDAQ:LIN,-2.000,,
NASDAQ:LITE,2 Feb 2026,$174.97,1,,,5.00,$732.82,-76.12%,,,,$0.00,-100.00%,$0.00,-100.00%,$0.00,-100.00%,LITE,NASDAQ:LITE,-1.000,"$1,103.49",
NASDAQ:LIVN,11 Dec 2025,$69.34,3,$65.83,9,3.25,$80.70,-18.43%,,,,$0.00,-100.00%,$0.00,-100.00%,$0.00,-100.00%,LIVN,NASDAQ:LIVN,-1.000,$84.80,-22.37%
NASDAQ:LKFN,19 Nov 2025,$61.67,3,,,2.01,$62.68,-1.61%,,,,$62.66,-0.03%,$0.00,-100.00%,$0.00,-100.00%,LKFN,NASDAQ:LKFN,-0.247,$65.00,
NASDAQ:LKQ,15 May 2025,$47.72,5,$53.00,8,2.01,$25.38,88.02%,,,,$25.15,-0.91%,$0.00,-100.00%,$0.00,-100.00%,LKQ,NASDAQ:LKQ,-0.328,$40.81,29.87%
NYSE:LMT,23 Dec 2025,$488.93,3,$524.93,7,1.81,$508.77,-3.90%,,,,$509.31,0.11%,$0.00,-100.00%,$0.00,-100.00%,LMT,NYSE:LMT,-0.374,$608.42,-13.72%
NYSE:LOB,18 Nov 2025,$45.74,3,$42.50,4,1.00,$42.48,0.05%,,,,$41.80,-1.60%,$0.00,-100.00%,$0.00,-100.00%,LOB,NYSE:LOB,-0.700,$44.25,-3.95%
NYSE:LOMA,16 Dec 2025,$12.58,3,,7,4.53,$11.25,11.82%,,,,$0.00,-100.00%,$19.15,70.23%,$26.91,139.23%,LOMA,NYSE:LOMA,-1.000,$14.70,
NASDAQ:LOVE,30 Aug 2023,$33.25,3,,,4.64,$18.20,82.68%,,,,$0.00,-100.00%,$79.17,334.99%,$76.48,320.23%,LOVE,NASDAQ:LOVE,-1.000,$24.17,
NASDAQ:LPRO,23 Aug 2025,$2.92,3,$2.58,2,2.65,$3.14,-17.83%,,,,$0.00,-100.00%,$0.00,-100.00%,$0.00,-100.00%,LPRO,NASDAQ:LPRO,-1.000,$2.92,-11.64%
NASDAQ:LPTH,29 Jan 2026,$6.12,3,$12.67,8,5.00,$10.46,-41.49%,,,,$0.00,-100.00%,$0.00,-100.00%,$0.00,-100.00%,LPTH,NASDAQ:LPTH,-1.000,$15.97,-20.66%
NYSE:LPX,9 May 2025,$89.40,3,,,1.75,$73.98,20.84%,,,,$73.77,-0.28%,$0.00,-100.00%,$0.00,-100.00%,LPX,NYSE:LPX,-0.412,$93.31,
NASDAQ:LQDT,23 Dec 2025,$37.03,4,$41.00,3,3.57,$39.52,-6.29%,,,,$0.00,-100.00%,$0.00,-100.00%,$0.00,-100.00%,LQDT,NASDAQ:LQDT,-1.000,$44.00,-6.82%
NASDAQ:LRCX,17 Jul 2024,$725.21,1,,,2.74,$313.30,131.47%,,,,$327.34,4.48%,$0.00,-100.00%,$0.00,-100.00%,LRCX,NASDAQ:LRCX,0.045,$366.48,
NASDAQ:LSCC,19 Jan 2026,$69.35,1,$83.73,10,3.92,$125.23,-44.62%,,,,$0.00,-100.00%,$0.00,-100.00%,$0.00,-100.00%,LSCC,NASDAQ:LSCC,-1.000,$148.33,-43.55%
NYSE:LSPD,11 Sep 2025,$13.68,3,$15.02,6,3.16,$10.40,31.55%,,,,$0.00,-100.00%,$0.00,-100.00%,$0.00,-100.00%,LSPD,NYSE:LSPD,-1.000,$10.73,39.98%
NASDAQ:LTBR,25 Aug 2025,$13.94,3,,,,$7.28,91.45%,,,,,-100.00%,-$2.00,-127.47%,-$2.00,-127.47%,LTBR,NASDAQ:LTBR,-2.000,,
NYSE:LTH,15 Aug 2025,$22.60,2,,,3.24,$42.15,-46.37%,,,,$0.00,-100.00%,$0.00,-100.00%,$0.00,-100.00%,LTH,NYSE:LTH,-1.000,$44.14,
NASDAQ:LTRX,5 Feb 2026,$7.76,3,$7.88,9,5.00,$5.19,49.59%,,,,$0.00,-100.00%,$0.00,-100.00%,$0.00,-100.00%,LTRX,NASDAQ:LTRX,-1.000,$10.33,-23.72%
NYSE:LU,1 Sep 2025,$3.43,3,,4,1.40,$1.39,146.47%,,,,$1.33,-4.32%,$0.00,-100.00%,$0.00,-100.00%,LU,NYSE:LU,-0.601,$2.72,
NASDAQ:LUNG,4 Dec 2025,$3.40,3,$4.10,1,,$1.40,142.86%,,,,,-100.00%,-$2.00,-242.86%,-$2.00,-242.86%,LUNG,NASDAQ:LUNG,-2.000,,
NYSE:LUXE,26 Mar 2026,$9.82,3,,,3.54,$8.13,20.73%,,,,$0.00,-100.00%,$0.00,-100.00%,$0.00,-100.00%,LUXE,NYSE:LUXE,-1.000,$9.00,
NASDAQ:LWAY,27 Aug 2025,$25.66,2,,,3.40,$31.95,-19.69%,,,,$0.00,-100.00%,$0.00,-100.00%,$0.00,-100.00%,LWAY,NASDAQ:LWAY,-1.000,$34.50,
NASDAQ:LX,9 Sep 2025,$5.80,3,,7,,$1.54,276.62%,,,,,-100.00%,-$2.00,-229.87%,-$2.00,-229.87%,LX,NASDAQ:LX,-2.000,,
NYSE:LXFR,11 Nov 2025,$12.33,3,,5,3.86,$16.51,-25.35%,,,,$17.58,6.48%,$0.00,-100.00%,$0.00,-100.00%,LXFR,NYSE:LXFR,0.530,$20.50,
NYSE:LXU,22 Jan 2026,$9.49,3,$10.38,3,4.01,$11.39,-16.69%,,,,$0.00,-100.00%,$0.00,-100.00%,$0.00,-100.00%,LXU,NYSE:LXU,-1.000,$13.70,-24.23%
NYSE:LYG,10 Mar 2026,$4.90,3,,5,2.14,$5.96,-17.79%,,,,$5.88,-1.34%,$0.00,-100.00%,$0.00,-100.00%,LYG,NYSE:LYG,-0.191,$6.17,
NASDAQ:LYTS,5 Feb 2026,$23.01,3,$29.33,7,3.15,$23.93,-3.85%,,,,$24.93,4.18%,$0.00,-100.00%,$0.00,-100.00%,LYTS,NASDAQ:LYTS,0.208,$30.33,-3.30%
NYSE:LZM,28 Oct 2025,$7.28,3,$8.00,6,,$3.17,129.65%,,,,,-100.00%,-$2.00,-163.09%,-$2.00,-163.09%,LZM,NYSE:LZM,-2.000,,
NYSE:M,17 Nov 2023,$28.11,3,,,3.66,$23.68,18.72%,,,,$25.86,9.21%,$14.50,-38.75%,$33.80,42.72%,M,NYSE:M,0.501,$22.77,
NYSE:MAA,18 Sep 2025,$156.08,4,$158.89,4,1.20,$132.96,17.39%,,,,$130.94,-1.52%,$0.00,-100.00%,$0.00,-100.00%,MAA,NYSE:MAA,-0.614,$142.64,11.39%
NASDAQ:MAPS,9 Feb 2026,$1.32,3,,2,,#N/A,#N/A,,,,,#N/A,-$2.00,#N/A,-$2.00,#N/A,MAPS,NASDAQ:MAPS,-2.000,,
NASDAQ:MAR,23 Dec 2025,$276.62,2,$301.75,6,1.54,$366.24,-24.47%,,,,$363.54,-0.74%,$0.00,-100.00%,$0.00,-100.00%,MAR,NASDAQ:MAR,-0.460,$381.96,-21.00%
NYSE:MAS,9 Apr 2026,$74.88,5,$77.30,2,2.09,$78.65,-4.79%,,,,$79.05,0.51%,$0.00,-100.00%,$0.00,-100.00%,MAS,NYSE:MAS,-0.211,$81.59,-5.26%
NASDAQ:MASI,11 Dec 2025,$144.64,3,$188.40,8,,#N/A,#N/A,,,,,#N/A,-$2.00,#N/A,-$2.00,#N/A,MASI,NASDAQ:MASI,-2.000,,
NASDAQ:MASS,16 Dec 2025,$6.35,3,$8.00,6,5.00,$7.35,-13.61%,,,,$0.00,-100.00%,$0.00,-100.00%,$0.00,-100.00%,MASS,NASDAQ:MASS,-1.000,$11.00,-27.27%
NASDAQ:MAT,18 May 2026,$22.83,3,$16.20,6,4.40,$14.30,13.29%,,,,$0.00,-100.00%,$0.00,-100.00%,$0.00,-100.00%,MAT,NASDAQ:MAT,-1.000,$18.31,-11.52%
NASDAQ:MATW,12 Jun 2025,$31.87,5,,6,3.08,$27.46,16.05%,,,,$28.81,4.92%,$0.00,-100.00%,$0.00,-100.00%,MATW,NASDAQ:MATW,0.149,$38.00,
NYSE:MATX,24 May 2026,$189.11,3,$213.00,6,1.15,$222.18,-14.88%,,,,$215.64,-2.94%,$0.00,-100.00%,$0.00,-100.00%,MATX,NYSE:MATX,-0.641,$241.67,-11.86%
NYSE:MAX,23 Aug 2025,$13.82,3,$15.83,3,2.90,$14.12,-2.15%,,,,$0.00,-100.00%,$0.00,-100.00%,$0.00,-100.00%,MAX,NYSE:MAX,-1.000,$13.83,14.46%
NYSE:MBC,24 Dec 2024,$17.00,4,$23.00,4,3.28,$8.67,96.03%,,,,$0.00,-100.00%,$0.00,-100.00%,$0.00,-100.00%,MBC,NYSE:MBC,-1.000,$9.15,151.37%
NYSE:MBI,3 Jan 2025,$6.33,3,$6.75,2,3.54,$6.54,-3.20%,,,,$0.00,-100.00%,$0.00,-100.00%,$0.00,-100.00%,MBI,NYSE:MBI,-1.000,$7.25,-6.90%
NASDAQ:MBIN,16 Mar 2026,$47.75,3,$48.50,4,2.14,$49.71,-3.94%,,,,$49.98,0.54%,$0.00,-100.00%,$0.00,-100.00%,MBIN,NASDAQ:MBIN,-0.200,$53.50,-9.35%
NASDAQ:MBWM,24 Mar 2026,$55.58,3,$56.00,6,2.30,$57.80,-3.84%,,,,$57.77,-0.05%,$0.00,-100.00%,$0.00,-100.00%,MBWM,NASDAQ:MBWM,-0.120,$60.00,-6.67%
NYSE:MC,24 Oct 2025,$64.64,3,,,3.17,$67.51,-4.25%,,,,$71.39,5.75%,$0.00,-100.00%,$0.00,-100.00%,MC,NYSE:MC,0.264,$71.50,
NYSE:MCB,18 Nov 2025,$66.26,3,$88.00,4,3.72,$98.45,-32.70%,,,,$0.00,-100.00%,$0.00,-100.00%,$0.00,-100.00%,MCB,NYSE:MCB,-1.000,$112.67,-21.90%
NASDAQ:MCBS,24 Oct 2025,$30.06,3,$31.00,4,1.33,$36.38,-17.37%,,,,$36.03,-0.96%,$0.00,-100.00%,$0.00,-100.00%,MCBS,NASDAQ:MCBS,-0.551,$38.00,-18.42%
NYSE:MCD,18 Sep 2025,$295.53,3,$322.80,8,,$267.71,10.39%,,,,,-100.00%,-$2.00,-100.75%,-$2.00,-100.75%,MCD,NYSE:MCD,-2.000,,
NASDAQ:MCHP,27 Jan 2026,$69.09,2,$81.39,8,3.55,$80.96,-14.66%,,,,$84.14,3.93%,$0.00,-100.00%,$0.00,-100.00%,MCHP,NASDAQ:MCHP,0.356,$113.38,-28.21%
NYSE:MCK,23 Aug 2024,$496.23,2,,,1.34,$841.39,-41.02%,,,,$836.36,-0.60%,$0.00,-100.00%,$0.00,-100.00%,MCK,NYSE:MCK,-0.565,$940.73,
NYSE:MCO,16 Sep 2025,$491.12,3,,,1.41,$510.86,-3.86%,,,,$506.15,-0.92%,$0.00,-100.00%,$0.00,-100.00%,MCO,NYSE:MCO,-0.521,$542.65,
NYSE:MD,2 May 2025,$17.20,4,$18.10,6,2.69,$26.13,-34.17%,,,,$0.00,-100.00%,$0.00,-100.00%,$0.00,-100.00%,MD,NYSE:MD,-1.000,$24.50,-26.12%
NYSE:MDT,14 Jan 2026,$99.63,3,$111.63,6,1.69,$83.20,19.75%,,,,$82.84,-0.43%,$154.16,85.28%,$187.54,125.41%,MDT,NYSE:MDT,-0.422,$97.84,14.09%
NASDAQ:MDWD,1 Sep 2025,$18.47,3,$30.00,4,5.00,$14.61,26.43%,,,,$0.00,-100.00%,$0.00,-100.00%,$0.00,-100.00%,MDWD,NASDAQ:MDWD,-1.000,$30.17,-0.56%
NYSE:MED,23 Dec 2025,$14.30,3,,4,3.85,$10.26,39.42%,,,,$0.00,-100.00%,$0.00,-100.00%,$0.00,-100.00%,MED,NYSE:MED,-1.000,$12.00,
NYSE:MEI,19 Mar 2025,$11.38,3,$11.50,4,4.02,$14.99,-24.06%,,,,$15.89,6.00%,$17.47,16.51%,$20.49,36.67%,MEI,NYSE:MEI,0.587,$19.33,-40.51%
NASDAQ:MELI,29 Aug 2025,"$2,075.00",2,,,4.11,"$1,813.91",14.39%,,,,$0.00,-100.00%,$0.00,-100.00%,$0.00,-100.00%,MELI,NASDAQ:MELI,-1.000,"$2,214.88",
NASDAQ:MERC,9 Apr 2025,$9.51,3,$7.00,5,,$0.66,960.61%,,,,,-100.00%,-$2.00,-403.03%,-$2.00,-403.03%,MERC,NASDAQ:MERC,-2.000,,
NASDAQ:MESO,11 Dec 2025,$18.44,3,,,,$17.32,6.47%,,,,,-100.00%,-$2.00,-111.55%,-$2.00,-111.55%,MESO,NASDAQ:MESO,-2.000,,
NASDAQ:META,19 Jul 2024,$436.35,2,,,4.40,$646.01,-32.46%,,,,$0.00,-100.00%,$0.00,-100.00%,$0.00,-100.00%,META,NASDAQ:META,-1.000,$826.63,
NASDAQ:METC,16 Jun 2025,$18.15,3,$13.00,2,2.95,$11.66,11.49%,,,,$12.47,6.95%,$0.00,-100.00%,$0.00,-100.00%,METC,NASDAQ:METC,0.087,$26.12,-50.23%
NYSE:MFG,19 Nov 2025,$6.09,2,,,2.14,$9.87,-38.30%,,,,$9.82,-0.51%,$0.00,-100.00%,$0.00,-100.00%,MFG,NYSE:MFG,-0.197,$10.48,
NASDAQ:MGEE,29 Jan 2025,$79.73,3,$76.50,7,2.16,$81.05,-5.61%,,,,$81.57,0.64%,$0.00,-100.00%,$0.00,-100.00%,MGEE,NASDAQ:MGEE,-0.165,$77.25,-0.97%
NASDAQ:MGNX,23 Dec 2025,$2.57,3,$3.00,2,5.00,$4.49,-42.66%,,,,$0.00,-100.00%,$0.00,-100.00%,$0.00,-100.00%,MGNX,NASDAQ:MGNX,-1.000,$6.75,-55.56%
NASDAQ:MGPI,19 Jun 2025,$49.20,3,$38.50,6,2.14,$17.86,115.57%,,,,$17.82,-0.22%,$0.00,-100.00%,$0.00,-100.00%,MGPI,NASDAQ:MGPI,-0.272,$27.40,40.51%
NYSE:MGY,27 Jan 2026,$27.84,4,$26.85,6,2.93,$27.26,-1.50%,,,,$28.19,3.41%,$0.00,-100.00%,$0.00,-100.00%,MGY,NYSE:MGY,0.124,$32.53,-17.46%
NYSE:MHO,18 Mar 2026,$159.41,5,$165.00,4,3.46,$149.53,6.61%,,,,$0.00,-100.00%,$0.00,-100.00%,$0.00,-100.00%,MHO,NYSE:MHO,-1.000,$163.33,1.02%
NASDAQ:MIDD,28 Apr 2026,$161.75,5,$180.00,6,3.65,$133.22,21.41%,,,,$142.29,6.81%,$0.00,-100.00%,$0.00,-100.00%,MIDD,NASDAQ:MIDD,0.423,$171.33,5.06%
NYSE:MIR,19 Nov 2025,$18.40,2,$31.83,9,5.00,$15.97,15.20%,,,,$0.00,-100.00%,$0.00,-100.00%,$0.00,-100.00%,MIR,NYSE:MIR,-1.000,$27.40,16.17%
NASDAQ:MITK,27 Jan 2026,$157.37,5,$14.67,9,2.88,$18.97,-22.67%,,,,$0.00,-100.00%,$0.00,-100.00%,$0.00,-100.00%,MITK,NASDAQ:MITK,-1.000,$18.50,-20.70%
NYSE:MKC,23 Dec 2025,$74.06,5,$78.11,5,1.11,$51.70,43.25%,,,,$50.95,-1.45%,$101.53,96.38%,$120.24,132.58%,MKC,NYSE:MKC,-0.677,$60.23,29.69%
NASDAQ:MKSI,30 Jan 2026,$186.47,1,$225.25,10,2.47,$324.69,-42.57%,,,,$310.87,-4.26%,$0.00,-100.00%,$0.00,-100.00%,MKSI,NASDAQ:MKSI,-0.090,$406.92,-44.65%
NASDAQ:MKTX,23 Aug 2025,$211.29,4,$232.14,4,3.14,$113.80,85.67%,,,,$120.44,5.83%,$0.00,-100.00%,$0.00,-100.00%,MKTX,NASDAQ:MKTX,0.175,$158.27,46.67%
NASDAQ:MLKN,20 Sep 2024,$28.93,3,,,2.93,$21.82,32.59%,,,,$22.68,3.94%,$33.44,53.25%,$18.38,-15.78%,MLKN,NASDAQ:MLKN,0.081,$35.00,
NYSE:MNR,22 Jan 2026,$25.78,3,$20.00,7,3.17,$13.15,52.09%,,,,$13.50,2.66%,$0.00,-100.00%,$0.00,-100.00%,MNR,NYSE:MNR,0.186,$18.43,8.52%
NASDAQ:MNRO,6 Jun 2025,$30.40,3,$17.67,8,2.86,$16.96,4.19%,,,,$17.85,5.25%,$0.00,-100.00%,$0.00,-100.00%,MNRO,NASDAQ:MNRO,0.053,$23.38,-24.42%
NYSE:MNSO,1 Sep 2025,$24.84,3,$26.94,8,2.41,$12.75,94.79%,,,,$12.75,0.00%,$0.00,-100.00%,$0.00,-100.00%,MNSO,NYSE:MNSO,-0.153,$19.92,35.24%
NYSE:MO,17 Mar 2026,$65.79,3,$68.00,4,2.37,$74.21,-11.34%,,,,$74.54,0.44%,$0.00,-100.00%,$0.00,-100.00%,MO,NYSE:MO,-0.071,$70.64,-3.74%
NASDAQ:MOFG,2 Oct 2025,$33.83,3,$34.50,5,,#N/A,#N/A,,,,,#N/A,-$2.00,#N/A,-$2.00,#N/A,MOFG,NASDAQ:MOFG,-2.000,,
NYSE:MOS,23 Dec 2025,$27.76,5,$33.54,7,1.86,$22.13,25.42%,,,,$22.16,0.14%,$0.00,-100.00%,$0.00,-100.00%,MOS,NYSE:MOS,-0.356,$27.19,23.35%
NYSE:MOV,26 Mar 2026,$28.60,4,$30.75,7,2.60,$38.65,-26.01%,,,,$38.65,0.00%,$56.93,47.29%,$62.73,62.30%,MOV,NYSE:MOV,-0.028,$47.50,-35.26%
NASDAQ:MPB,19 Mar 2026,$32.84,3,$37.00,7,2.03,$35.44,-7.34%,,,,$35.48,0.11%,$0.00,-100.00%,$0.00,-100.00%,MPB,NASDAQ:MPB,-0.241,$37.17,-0.46%
NYSE:MPLX,16 Jun 2026,$55.67,1,,,3.44,$57.06,-2.44%,,,,$59.16,3.68%,$0.00,-100.00%,$0.00,-100.00%,MPLX,NYSE:MPLX,0.380,$60.86,
NYSEAMERICAN:MPTI,11 Feb 2026,$62.49,,,6,,$75.95,-17.72%,,,,,-100.00%,-$2.00,-102.63%,-$2.00,-102.63%,MPTI,NYSEAMERICAN:MPTI,-2.000,,
NASDAQ:MPWR,26 Jan 2026,$897.84,2,,,2.50,"$1,312.00",-31.57%,,,,"$1,245.58",-5.06%,$0.00,-100.00%,$0.00,-100.00%,MPWR,NASDAQ:MPWR,-0.105,"$1,789.23",
NASDAQ:MRAM,19 Jan 2026,$10.62,3,$10.50,8,,$14.55,-27.84%,,,,,-100.00%,-$2.00,-113.75%,-$2.00,-113.75%,MRAM,NASDAQ:MRAM,-2.000,,
NASDAQ:MRVL,15 Jan 2026,$93.91,4,$119.56,10,2.17,$188.68,-50.23%,,,,$179.28,-4.98%,$209.93,11.26%,$228.99,21.36%,MRVL,NASDAQ:MRVL,-0.246,$253.69,-52.87%
NASDAQ:MRX,10 Sep 2025,$29.58,2,,,2.82,$60.16,-50.84%,,,,$62.95,4.64%,$0.00,-100.00%,$0.00,-100.00%,MRX,NASDAQ:MRX,0.093,$67.00,
NYSE:MS,27 Aug 2025,$131.18,2,,,3.52,$215.50,-39.13%,,,,$224.59,4.22%,$0.00,-100.00%,$0.00,-100.00%,MS,NYSE:MS,0.421,$224.33,
NYSE:MSB,1 Sep 2025,$30.89,1,,,2.99,$24.40,26.60%,,,,$25.59,4.88%,"$832,878.24",3413335.40%,"$832,878.24",3413335.40%,MSB,NYSE:MSB,0.115,$33.00,
NASDAQ:MSBI,2 Oct 2025,$21.79,3,$20.67,3,2.50,$31.12,-33.58%,,,,$30.90,-0.71%,$0.00,-100.00%,$0.00,-100.00%,MSBI,NASDAQ:MSBI,-0.020,$30.75,-32.78%
NYSE:MSCI,24 Oct 2025,$568.24,3,,,2.09,$628.66,-9.61%,,,,$627.22,-0.23%,$0.00,-100.00%,$0.00,-100.00%,MSCI,NYSE:MSCI,-0.229,$699.88,
NASDAQ:MSFT,26 Jan 2026,$49.22,3,,,0.93,$393.82,-87.50%,,,,$382.04,-2.99%,$0.00,-100.00%,$0.00,-100.00%,MSFT,NASDAQ:MSFT,-0.811,$558.66,
NYSE:MSI,2 Feb 2026,$451.69,3,$462.25,8,2.41,$413.31,9.29%,,,,$416.11,0.68%,$0.00,-100.00%,$0.00,-100.00%,MSI,NYSE:MSI,-0.111,$506.55,-8.75%
NASDAQ:MSTR,9 Feb 2026,$240.05,3,$361.73,4,5.00,$94.85,153.09%,,,,$0.00,-100.00%,$0.00,-100.00%,$0.00,-100.00%,MSTR,NASDAQ:MSTR,-1.000,$303.64,19.13%
NYSE:MT,29 Apr 2026,$53.35,2,$66.60,9,2.58,$66.45,-19.71%,,,,$67.93,2.23%,$0.00,-100.00%,$0.00,-100.00%,MT,NYSE:MT,0.002,$70.05,-4.93%
NYSE:MTB,20 Oct 2025,$182.98,3,$219.71,4,2.77,$249.24,-26.58%,,,,$259.56,4.14%,$0.00,-100.00%,$0.00,-100.00%,MTB,NYSE:MTB,0.096,$251.92,-12.79%
NYSE:MTDR,19 Aug 2025,$64.64,3,$62.88,4,2.94,$53.80,16.88%,,,,$55.63,3.40%,$0.00,-100.00%,$0.00,-100.00%,MTDR,NYSE:MTDR,0.103,$71.00,-11.44%
NYSE:MTG,16 Jul 2024,$24.62,3,,,1.75,$29.47,-16.46%,,,,$29.29,-0.61%,$65.13,121.00%,$65.50,122.26%,MTG,NYSE:MTG,-0.351,$28.80,
NASDAQ:MTRX,23 Jan 2026,$15.94,3,,1,5.00,$12.15,31.17%,,,,$0.00,-100.00%,$0.00,-100.00%,$0.00,-100.00%,MTRX,NASDAQ:MTRX,-1.000,$20.00,
NASDAQ:MTSI,27 Jan 2026,$193.58,2,$204.75,8,5.00,$267.36,-27.59%,,,,$0.00,-100.00%,$0.00,-100.00%,$0.00,-100.00%,MTSI,NASDAQ:MTSI,-1.000,$404.77,-49.42%
NYSE:MTW,20 Sep 2024,$13.92,3,,,2.03,$13.03,6.83%,,,,$0.00,-100.00%,$0.00,-100.00%,$0.00,-100.00%,MTW,NYSE:MTW,-1.000,$10.50,
NYSE:MTZ,4 Sep 2024,$99.99,3,,,5.00,$329.59,-69.66%,,,,$0.00,-100.00%,$0.00,-100.00%,$0.00,-100.00%,MTZ,NYSE:MTZ,-1.000,$481.74,
NYSE:MUFG,21 Oct 2025,$13.65,3,,10,,$21.32,-35.98%,,,,,-100.00%,-$2.00,-109.38%,-$2.00,-109.38%,MUFG,NYSE:MUFG,-2.000,,
NYSE:MUX,20 Aug 2025,$12.92,3,$15.83,6,5.00,$16.37,-21.06%,,,,$0.00,-100.00%,$0.00,-100.00%,$0.00,-100.00%,MUX,NYSE:MUX,-1.000,$32.10,-50.69%
NASDAQ:MVIS,5 Feb 2026,$1.11,4,,1,0.57,$0.30,271.37%,,,,$0.27,-10.00%,$0.00,-100.00%,$0.00,-100.00%,MVIS,NASDAQ:MVIS,-0.970,$2.00,
NYSE:MWA,13 Nov 2025,$22.51,2,$27.20,1,1.72,$25.46,-11.60%,,,,$25.50,0.16%,$0.00,-100.00%,$0.00,-100.00%,MWA,NYSE:MWA,-0.416,$31.00,-12.26%
NYSE:MX,9 Feb 2026,$4.11,3,,3,,$3.42,20.18%,,,,,-100.00%,-$2.00,-158.48%,-$2.00,-158.48%,MX,NYSE:MX,-2.000,,
NASDAQ:MXCT,23 Dec 2025,$2.30,3,$6.84,,5.00,$1.24,85.16%,,,,$0.00,-100.00%,$0.00,-100.00%,$0.00,-100.00%,MXCT,NASDAQ:MXCT,-1.000,$4.11,66.42%
NASDAQ:MXL,19 Jan 2026,$27.04,4,$22.00,4,2.93,$71.84,-69.38%,,,,$0.00,-100.00%,$0.00,-100.00%,$0.00,-100.00%,MXL,NASDAQ:MXL,-1.000,$70.82,-68.94%
NYSEAMERICAN:MYO,16 Dec 2025,$1.00,1,,,,$0.95,5.26%,,,,,-100.00%,-$2.00,-310.53%,-$2.00,-310.53%,MYO,NYSEAMERICAN:MYO,-2.000,,
NASDAQ:MYRG,25 Sep 2024,$129.33,3,,,3.69,$391.51,-66.97%,,,,$0.00,-100.00%,$0.00,-100.00%,$0.00,-100.00%,MYRG,NASDAQ:MYRG,-1.000,$445.50,
NYSE:NABL,5 Feb 2026,$8.30,3,$9.65,5,5.00,$4.77,73.92%,,,,$0.00,-100.00%,$0.00,-100.00%,$0.00,-100.00%,NABL,NYSE:NABL,-1.000,$6.85,40.88%
NYSEAMERICAN:NAK,3 Sep 2025,$1.18,,$2.50,4,,$1.63,-27.61%,,,,,-100.00%,-$2.00,-222.70%,-$2.00,-222.70%,NAK,NYSEAMERICAN:NAK,-2.000,,
NASDAQ:NAVI,23 Aug 2025,$18.59,4,$13.20,6,2.99,$8.65,52.60%,,,,$8.91,3.01%,$0.00,-100.00%,$0.00,-100.00%,NAVI,NASDAQ:NAVI,0.181,$9.19,43.63%
NASDAQ:NB,12 Aug 2025,$5.09,3,,,5.00,$4.26,19.39%,,,,$0.00,-100.00%,$0.00,-100.00%,$0.00,-100.00%,NB,NASDAQ:NB,-1.000,$11.72,
NASDAQ:NBBK,28 Nov 2025,$21.28,3,$22.00,9,3.64,$21.28,0.00%,,,,$0.00,-100.00%,$0.00,-100.00%,$0.00,-100.00%,NBBK,NASDAQ:NBBK,-1.000,$24.00,-8.33%
NYSE:NBHC,6 Oct 2025,$47.71,4,$44.75,5,1.94,$46.49,-3.74%,,,,$46.42,-0.15%,$0.00,-100.00%,$0.00,-100.00%,NBHC,NYSE:NBHC,-0.288,$49.50,-9.60%
NASDAQ:NBN,27 May 2026,$126.48,3,$130.50,8,3.15,$132.48,-4.53%,,,,$0.00,-100.00%,$0.00,-100.00%,$0.00,-100.00%,NBN,NASDAQ:NBN,-1.000,$136.50,-4.40%
NASDAQ:NBTB,2 Oct 2025,$49.04,3,$50.67,4,2.28,$52.45,-6.50%,,,,$52.78,0.63%,$0.00,-100.00%,$0.00,-100.00%,NBTB,NASDAQ:NBTB,-0.115,$51.42,-1.46%
NASDAQ:NCNA,7 Jul 2025,$0.15,3,,,,$1.32,-89.02%,,,,,-100.00%,-$2.00,-251.52%,-$2.00,-251.52%,NCNA,NASDAQ:NCNA,-2.000,,
NASDAQ:NECB,2 Oct 2025,$25.63,3,$25.00,2,2.37,$26.51,-5.70%,,,,$26.68,0.64%,$0.00,-100.00%,$0.00,-100.00%,NECB,NASDAQ:NECB,-0.106,$29.75,-15.97%
NYSE:NEM,21 Jul 2025,$58.12,3,$67.81,10,3.12,$89.70,-35.21%,,,,$92.77,3.42%,$0.00,-100.00%,$0.00,-100.00%,NEM,NYSE:NEM,0.165,$133.47,-49.19%
NASDAQ:NEO,2 Sep 2025,$7.13,3,$9.83,6,3.55,$14.61,-51.18%,,,,$0.00,-100.00%,$0.00,-100.00%,$0.00,-100.00%,NEO,NASDAQ:NEO,-1.000,$16.22,-39.40%
NYSE:NET,22 Jan 2026,$169.89,3,$246.25,6,2.55,$277.66,-38.81%,,,,$0.00,-100.00%,$0.00,-100.00%,$0.00,-100.00%,NET,NYSE:NET,-1.000,$252.84,-2.61%
NASDAQ:NEWT,19 Nov 2025,$11.21,4,$14.38,4,2.87,$15.20,-26.25%,,,,$15.79,3.88%,$0.00,-100.00%,$0.00,-100.00%,NEWT,NASDAQ:NEWT,0.115,$17.20,-16.40%
NASDAQ:NFLX,8 Jul 2024,$571.61,2,,,5.00,$68.95,729.02%,,,,$0.00,-100.00%,$88.11,27.79%,$157.49,128.42%,NFLX,NASDAQ:NFLX,-1.000,$111.03,
NYSE:NGG,19 Sep 2025,$70.94,3,$78.00,8,,$83.99,-15.54%,,,,,-100.00%,-$2.00,-102.38%,-$2.00,-102.38%,NGG,NYSE:NGG,-2.000,,
NYSE:NGL,22 Jan 2026,$10.10,1,,,1.00,$15.16,-33.38%,,,,$0.00,-100.00%,$0.00,-100.00%,$0.00,-100.00%,NGL,NYSE:NGL,-1.000,$5.00,
NYSE:NGVC,20 Mar 2026,$44.77,3,,4,0.76,$32.73,36.78%,,,,$31.61,-3.42%,$0.00,-100.00%,$0.00,-100.00%,NGVC,NYSE:NGVC,-0.886,$46.33,
NYSE:NGVT,2 Oct 2025,$58.97,4,$60.67,7,3.81,$76.53,-22.95%,,,,$0.00,-100.00%,$0.00,-100.00%,$0.00,-100.00%,NGVT,NYSE:NGVT,-1.000,$89.00,-31.83%
NYSE:NIC,2 Oct 2025,$118.87,3,$139.67,4,1.16,$169.77,-29.98%,,,,$167.37,-1.41%,$0.00,-100.00%,$0.00,-100.00%,NIC,NYSE:NIC,-0.630,$177.80,-21.45%
NASDAQ:NICE,11 Feb 2026,$180.97,3,$158.57,6,4.56,$100.15,58.33%,,,,$0.00,-100.00%,$0.00,-100.00%,$0.00,-100.00%,NICE,NASDAQ:NICE,-1.000,$131.43,20.65%
NYSE:NIO,15 Dec 2025,$5.32,3,$6.36,6,,$4.88,9.04%,,,,,-100.00%,-$2.00,-140.98%,-$2.00,-140.98%,NIO,NYSE:NIO,-2.000,,
NASDAQ:NIU,15 Dec 2025,$4.01,4,,5,,$2.62,53.10%,,,,,-100.00%,-$2.00,-176.34%,-$2.00,-176.34%,NIU,NASDAQ:NIU,-2.000,,
NYSE:NKE,26 Mar 2026,$81.79,5,$73.31,3,3.86,$43.76,67.53%,,,,$0.00,-100.00%,$64.75,47.97%,$71.25,62.82%,NKE,NYSE:NKE,-1.000,$51.30,42.90%
NYSE:NLOP,14 Jan 2026,$25.14,4,,6,4.79,$11.61,116.53%,,,,$12.50,7.67%,$0.00,-100.00%,$0.00,-100.00%,NLOP,NYSE:NLOP,0.908,$46.00,
NASDAQ:NMFC,10 Jun 2024,$13.42,3,,,2.99,$7.11,88.75%,,,,$7.42,4.36%,$0.00,-100.00%,$0.00,-100.00%,NMFC,NASDAQ:NMFC,0.153,$8.54,
NASDAQ:NMIH,6 Mar 2024,$30.63,3,,,3.46,$43.01,-28.77%,,,,$0.00,-100.00%,$0.00,-100.00%,$0.00,-100.00%,NMIH,NASDAQ:NMIH,-1.000,$47.00,
NYSE:NMM,5 Mar 2026,$85.02,4,,,1.13,$71.37,19.13%,,,,$70.24,-1.58%,$0.00,-100.00%,$0.00,-100.00%,NMM,NYSE:NMM,-0.697,$92.75,
NYSE:NMR,15 Oct 2025,$6.87,3,,7,3.48,$9.40,-26.91%,,,,$9.75,3.72%,$0.00,-100.00%,$0.00,-100.00%,NMR,NYSE:NMR,0.395,$10.20,
NASDAQ:NNE,28 Oct 2025,$34.69,3,,,5.00,$16.03,116.41%,,,,$0.00,-100.00%,$0.00,-100.00%,$0.00,-100.00%,NNE,NASDAQ:NNE,-1.000,$41.40,
NYSE:NNN,16 Sep 2025,$49.73,5,$44.93,5,3.05,$49.59,-9.40%,,,,$51.11,3.07%,$0.00,-100.00%,$0.00,-100.00%,NNN,NYSE:NNN,0.234,$46.63,-3.65%
NYSE:NOA,16 Jul 2026,$17.10,4,$18.64,9,2.13,$13.26,28.96%,28.96%,$17.10,$27.79,$13.17,-0.68%,$0.00,-100.00%,$0.00,-100.00%,NOA,NYSE:NOA,-0.274,$27.79,-32.93%
NYSE:NOG,19 Sep 2025,$38.23,3,$30.29,2,3.47,$21.19,42.94%,,,,$21.75,2.64%,$0.00,-100.00%,$0.00,-100.00%,NOG,NYSE:NOG,0.321,$31.44,-3.66%
NYSE:NOK,28 Jan 2026,$6.27,3,$7.69,8,1.95,$10.12,-38.06%,,,,$9.87,-2.47%,$0.00,-100.00%,$0.00,-100.00%,NOK,NYSE:NOK,-0.355,$15.16,-49.27%
NYSE:NOMD,27 Apr 2026,$15.76,3,$12.80,5,1.23,$11.51,11.21%,,,,$11.44,-0.61%,$0.00,-100.00%,$0.00,-100.00%,NOMD,NYSE:NOMD,-0.610,$12.74,0.47%
NYSE:NOTE,13 Nov 2025,$4.93,3,$6.00,4,,#N/A,#N/A,,,,,#N/A,-$2.00,#N/A,-$2.00,#N/A,NOTE,NYSE:NOTE,-2.000,,
NYSE:NOV,21 Jul 2025,$17.42,3,$15.75,4,3.05,$19.52,-19.31%,,,,$20.07,2.82%,$0.00,-100.00%,$0.00,-100.00%,NOV,NYSE:NOV,0.199,$21.75,-27.59%
NASDAQ:NOVT,30 Jan 2026,$158.93,3,$138.00,6,0.58,$148.71,-7.20%,,,,$139.52,-6.18%,$0.00,-100.00%,$0.00,-100.00%,NOVT,NASDAQ:NOVT,-0.913,$175.00,-21.14%
NASDAQ:NPCE,11 Dec 2025,$17.05,3,$18.40,5,4.22,$16.08,6.06%,,,,$0.00,-100.00%,$0.00,-100.00%,$0.00,-100.00%,NPCE,NASDAQ:NPCE,-1.000,$20.00,-8.00%
NYSE:NPO,29 Oct 2025,$196.10,1,$245.00,5,1.98,$322.68,-39.23%,,,,$310.10,-3.90%,$0.00,-100.00%,$0.00,-100.00%,NPO,NYSE:NPO,-0.261,$335.33,-26.94%
NYSE:NPWR,11 Nov 2025,$5.54,3,$4.00,3,5.00,$1.54,159.74%,,,,$0.00,-100.00%,$0.00,-100.00%,$0.00,-100.00%,NPWR,NYSE:NPWR,-1.000,$3.13,27.80%
NYSE:NRG,18 Sep 2025,$102.90,1,,,3.18,$129.11,-20.30%,,,,$135.07,4.62%,$0.00,-100.00%,$0.00,-100.00%,NRG,NYSE:NRG,0.192,$198.00,
NASDAQ:NRIM,27 May 2026,$24.39,3,,6,2.45,$27.84,-12.39%,,,,$27.96,0.43%,$0.00,-100.00%,$0.00,-100.00%,NRIM,NASDAQ:NRIM,-0.062,$30.00,
NYSE:NSA,19 Aug 2025,$45.71,3,$33.59,2,4.04,$44.50,-24.52%,,,,$47.86,7.55%,$0.00,-100.00%,$0.00,-100.00%,NSA,NYSE:NSA,0.662,$44.26,-24.11%
NYSE:NSC,31 May 2024,$224.71,3,,,0.41,$340.16,-33.94%,,,,$324.22,-4.69%,$0.00,-100.00%,$0.00,-100.00%,NSC,NYSE:NSC,-0.950,$341.72,
NASDAQ:NSIT,11 Feb 2026,$144.78,3,$100.00,6,2.34,$115.33,-13.29%,,,,$0.00,-100.00%,$0.00,-100.00%,$0.00,-100.00%,NSIT,NASDAQ:NSIT,-1.000,$100.00,0.00%
NASDAQ:NTCT,19 Jan 2026,$29.00,3,$32.00,8,3.25,$41.30,-29.78%,,,,$0.00,-100.00%,$0.00,-100.00%,$0.00,-100.00%,NTCT,NASDAQ:NTCT,-1.000,$43.38,-26.23%
NASDAQ:NTGR,5 Feb 2026,$23.48,3,,,5.00,$22.43,4.67%,,,,$0.00,-100.00%,$0.00,-100.00%,$0.00,-100.00%,NTGR,NASDAQ:NTGR,-1.000,$35.00,
NASDAQ:NTLA,20 Nov 2025,$23.74,3,$15.97,5,5.00,$11.38,40.33%,,,,$0.00,-100.00%,$0.00,-100.00%,$0.00,-100.00%,NTLA,NASDAQ:NTLA,-1.000,$25.68,-37.81%
NYSE:NU,21 Oct 2025,$17.44,3,$17.38,9,4.60,$13.59,27.89%,,,,$0.00,-100.00%,$0.00,-100.00%,$0.00,-100.00%,NU,NYSE:NU,-1.000,$17.94,-3.12%
NYSE:NUE,20 Aug 2024,$172.03,4,,,2.56,$236.61,-27.29%,,,,$234.42,-0.93%,$0.00,-100.00%,$0.00,-100.00%,NUE,NYSE:NUE,-0.025,$267.62,
NASDAQ:NVA,11 Dec 2025,$9.58,3,,7,,#N/A,#N/A,,,,,#N/A,-$2.00,#N/A,-$2.00,#N/A,NVA,NASDAQ:NVA,-2.000,,
NASDAQ:NVAX,23 Dec 2025,$9.60,3,$10.00,6,5.00,$8.21,16.95%,,,,$0.00,-100.00%,$0.00,-100.00%,$0.00,-100.00%,NVAX,NASDAQ:NVAX,-1.000,$14.11,-29.13%
NASDAQ:NVCR,11 Dec 2025,$13.87,3,$27.00,2,5.00,$15.92,-12.88%,,,,$0.00,-100.00%,$0.00,-100.00%,$0.00,-100.00%,NVCR,NASDAQ:NVCR,-1.000,$24.88,8.52%
NASDAQ:NVDA,4 Jan 2026,$195.15,3,$262.79,8,0.68,$202.81,-3.78%,,,,$191.56,-5.55%,$322.56,59.05%,$325.14,60.32%,NVDA,NASDAQ:NVDA,-0.919,$301.97,-12.97%
NASDAQ:NVEC,19 Jan 2026,$71.83,4,,2,,$86.31,-16.78%,,,,,-100.00%,-$2.00,-102.32%,-$2.00,-102.32%,NVEC,NASDAQ:NVEC,-2.000,,
NASDAQ:NVMI,24 Oct 2025,$305.31,3,$328.75,7,4.90,$437.46,-30.21%,,,,$0.00,-100.00%,$0.00,-100.00%,$0.00,-100.00%,NVMI,NASDAQ:NVMI,-1.000,$603.38,-45.52%
NYSE:NVO,20 Aug 2025,$67.89,3,$68.50,6,,$50.32,34.92%,,,,,-100.00%,-$2.00,-103.97%,-$2.00,-103.97%,NVO,NYSE:NVO,-2.000,,
NYSE:NVR,8 Jul 2024,"$6,194.00",2,,,3.49,"$6,490.04",-4.56%,,,,$0.00,-100.00%,$0.00,-100.00%,$0.00,-100.00%,NVR,NYSE:NVR,-1.000,"$7,130.00",
NYSE:NVRI,31 May 2024,$10.35,3,,,2.58,$22.91,-54.85%,,,,$0.00,-100.00%,$0.00,-100.00%,$0.00,-100.00%,NVRI,NYSE:NVRI,-1.000,$21.00,
NYSE:NVST,20 Aug 2025,$24.25,4,$22.30,9,3.50,$26.74,-16.60%,,,,$0.00,-100.00%,$0.00,-100.00%,$0.00,-100.00%,NVST,NYSE:NVST,-1.000,$29.43,-24.23%
NYSE:NVT,19 Aug 2025,$88.41,3,,,2.49,$154.92,-42.93%,,,,$147.50,-4.79%,$0.00,-100.00%,$0.00,-100.00%,NVT,NYSE:NVT,-0.079,$190.60,
NASDAQ:NVTS,5 Feb 2026,$8.26,3,$8.00,5,4.31,$11.46,-30.19%,,,,$0.00,-100.00%,$0.00,-100.00%,$0.00,-100.00%,NVTS,NASDAQ:NVTS,-1.000,$14.46,-44.67%
NASDAQ:NVX,11 Dec 2025,$1.56,3,,4,,$0.41,280.49%,,,,,-100.00%,-$2.00,-587.80%,-$2.00,-587.80%,NVX,NASDAQ:NVX,-2.000,,
NASDAQ:NWBI,18 Mar 2026,$14.02,3,$13.00,7,3.56,$15.53,-16.29%,,,,$16.14,3.93%,$0.00,-100.00%,$0.00,-100.00%,NWBI,NASDAQ:NWBI,0.457,$15.00,-13.33%
NYSE:NWG,27 May 2026,$16.57,3,$18.20,9,2.18,$17.92,-7.52%,,,,$17.70,-1.23%,$0.00,-100.00%,$0.00,-100.00%,NWG,NYSE:NWG,-0.198,$20.48,-11.13%
NYSE:NWN,6 Feb 2026,$46.99,3,$53.50,7,1.24,$51.20,-8.22%,,,,$50.56,-1.25%,$0.00,-100.00%,$0.00,-100.00%,NWN,NYSE:NWN,-0.608,$57.40,-6.79%
NYSE:NX,16 Aug 2025,$26.24,3,,1,2.17,$18.17,44.43%,,,,$18.02,-0.83%,$3.26,-82.05%,$29.69,63.40%,NX,NYSE:NX,-0.259,$27.25,
NYSE:NXE,24 Oct 2025,$8.68,3,,,5.00,$8.80,-1.36%,,,,$0.00,-100.00%,$0.00,-100.00%,$0.00,-100.00%,NXE,NYSE:NXE,-1.000,$19.08,
NASDAQ:NXPI,27 Jan 2026,$261.92,5,$258.76,9,2.97,$266.53,-2.92%,,,,$276.38,3.70%,$0.00,-100.00%,$0.00,-100.00%,NXPI,NASDAQ:NXPI,0.149,$310.66,-16.71%
NYSE:NXRT,25 Aug 2025,$38.18,4,$36.33,3,2.37,$26.59,36.63%,,,,$26.79,0.75%,$0.00,-100.00%,$0.00,-100.00%,NXRT,NYSE:NXRT,-0.112,$30.20,20.30%
NASDAQ:NXTC,28 Oct 2025,$22.52,3,$20.00,,5.00,$5.99,233.89%,,,,$0.00,-100.00%,$0.00,-100.00%,$0.00,-100.00%,NXTC,NASDAQ:NXTC,-1.000,$20.00,0.00%
NYSE:O,23 Sep 2025,$70.69,5,$62.00,9,3.76,$65.71,-5.65%,,,,$69.36,5.55%,$0.00,-100.00%,$0.00,-100.00%,O,NYSE:O,0.531,$68.21,-9.10%
NYSE:OBK,10 Mar 2026,$48.92,3,$46.67,5,2.36,$52.27,-10.71%,,,,$52.47,0.38%,$0.00,-100.00%,$0.00,-100.00%,OBK,NYSE:OBK,-0.093,$54.60,-14.52%
NASDAQ:OBT,2 Oct 2025,$34.16,3,$29.00,4,2.59,$37.56,-22.79%,,,,$39.17,4.29%,$0.00,-100.00%,$0.00,-100.00%,OBT,NASDAQ:OBT,0.007,$39.50,-26.58%
NYSE:OC,30 Sep 2024,$164.18,3,,,1.54,$143.91,14.08%,,,,$142.02,-1.31%,$0.00,-100.00%,$0.00,-100.00%,OC,NYSE:OC,-0.474,$160.71,
NASDAQ:OCC,10 Feb 2026,$3.85,3,,3,,$14.73,-73.84%,,,,,-100.00%,-$2.00,-113.58%,-$2.00,-113.58%,OCC,NASDAQ:OCC,-2.000,,
NYSE:OFG,27 May 2026,$53.57,3,$47.00,7,1.78,$50.07,-6.13%,,,,$50.02,-0.10%,$0.00,-100.00%,$0.00,-100.00%,OFG,NYSE:OFG,-0.346,$51.00,-7.84%
NYSE:OGE,22 Jan 2026,$43.01,2,$46.14,7,2.79,$48.70,-11.68%,,,,$51.16,5.05%,$0.00,-100.00%,$0.00,-100.00%,OGE,NYSE:OGE,0.098,$50.67,-8.94%
NYSE:OGS,19 Jun 2026,$79.20,3,$87.00,5,2.78,$79.74,-0.68%,,,,$83.06,4.16%,$0.00,-100.00%,$0.00,-100.00%,OGS,NYSE:OGS,0.071,$91.25,-4.66%
NYSE:OHI,23 Dec 2025,$49.04,5,$46.80,9,2.50,$50.21,-6.79%,,,,$50.42,0.42%,$0.00,-100.00%,$0.00,-100.00%,OHI,NYSE:OHI,-0.025,$50.89,-8.04%
NYSE:OI,26 Mar 2026,$12.61,4,$18.00,6,4.84,$9.10,38.62%,,,,$0.00,-100.00%,$0.00,-100.00%,$0.00,-100.00%,OI,NYSE:OI,-1.000,$12.44,44.69%
NYSE:OKE,29 Apr 2026,$98.03,4,$92.57,10,2.75,$93.52,-1.02%,,,,$95.64,2.27%,$0.00,-100.00%,$0.00,-100.00%,OKE,NYSE:OKE,0.083,$95.76,-3.33%
NASDAQ:OLED,24 Feb 2026,$147.14,3,$151.67,6,2.02,$80.18,83.51%,,,,$77.88,-2.87%,$0.00,-100.00%,$0.00,-100.00%,OLED,NASDAQ:OLED,-0.325,$127.56,18.90%
NASDAQ:OM,4 Dec 2025,$4.31,1,,1,,$4.20,2.62%,,,,,-100.00%,-$2.00,-147.62%,-$2.00,-147.62%,OM,NASDAQ:OM,-2.000,,
NASDAQ:OMAB,1 Jun 2026,$112.42,4,$134.00,6,2.00,$105.31,6.75%,,,,$105.50,0.18%,$0.00,-100.00%,$0.00,-100.00%,OMAB,NASDAQ:OMAB,-0.286,$124.78,7.39%
NASDAQ:ON,5 Feb 2026,$68.86,3,,,4.50,$87.37,-21.19%,,,,$0.00,-100.00%,$0.00,-100.00%,$0.00,-100.00%,ON,NASDAQ:ON,-1.000,$113.52,
NASDAQ:ONB,20 Mar 2026,$23.78,3,$27.78,4,2.21,$26.74,-11.06%,,,,$26.93,0.71%,$0.00,-100.00%,$0.00,-100.00%,ONB,NASDAQ:ONB,-0.168,$28.55,-2.70%
NYSE:ONIT,26 Mar 2025,$40.67,4,$42.50,5,4.62,$40.81,-0.34%,,,,$0.00,-100.00%,$0.00,-100.00%,$0.00,-100.00%,ONIT,NYSE:ONIT,-1.000,$54.00,-21.30%
NYSE:ONON,15 Aug 2025,$41.55,2,,,5.00,$37.20,11.69%,,,,$0.00,-100.00%,$0.00,-100.00%,$0.00,-100.00%,ONON,NYSE:ONON,-1.000,$52.20,
NYSE:ONTO,9 Feb 2026,$215.21,4,$201.67,8,4.60,$279.85,-27.94%,,,,$0.00,-100.00%,$0.00,-100.00%,$0.00,-100.00%,ONTO,NYSE:ONTO,-1.000,$369.60,-45.44%
NYSEAMERICAN:OPTT,13 Nov 2025,$0.44,1,$1.50,5,,$0.20,120.00%,,,,,-100.00%,-$2.00,-1100.00%,-$2.00,-1100.00%,OPTT,NYSEAMERICAN:OPTT,-2.000,,
NYSE:OPY,16 Jun 2026,$115.64,4,,9,3.05,$109.13,5.97%,,,,$114.61,5.02%,$0.00,-100.00%,$0.00,-100.00%,OPY,NYSE:OPY,0.311,$37.00,
NYSE:ORI,28 Apr 2026,$42.27,3,$42.00,3,1.98,$42.24,-0.57%,,,,$42.23,-0.02%,$0.00,-100.00%,$0.00,-100.00%,ORI,NYSE:ORI,-0.253,$42.00,0.00%
NASDAQ:ORKA,23 Aug 2025,$26.17,3,,,3.09,$92.70,-71.76%,,,,$94.81,2.28%,$0.00,-100.00%,$0.00,-100.00%,ORKA,NASDAQ:ORKA,0.149,$144.67,
NASDAQ:ORRF,19 Nov 2025,$37.94,3,$40.50,8,2.31,$41.34,-8.22%,,,,$41.57,0.56%,$0.00,-100.00%,$0.00,-100.00%,ORRF,NASDAQ:ORRF,-0.113,$42.25,-4.14%
NASDAQ:OSBC,28 Apr 2026,$22.52,3,$25.00,7,1.51,$23.64,-4.74%,,,,$23.48,-0.68%,$0.00,-100.00%,$0.00,-100.00%,OSBC,NASDAQ:OSBC,-0.478,$25.33,-1.30%
NASDAQ:OSIS,27 Jan 2026,$261.70,2,$287.33,6,5.00,$212.66,23.06%,,,,$0.00,-100.00%,$0.00,-100.00%,$0.00,-100.00%,OSIS,NASDAQ:OSIS,-1.000,$300.29,-4.32%
NASDAQ:OSPN,10 Feb 2026,$17.74,3,,4,1.63,$15.47,14.66%,,,,$15.27,-1.29%,$0.00,-100.00%,$0.00,-100.00%,OSPN,NASDAQ:OSPN,-0.419,$16.25,
NYSEAMERICAN:OSTX,23 Dec 2025,$1.60,1,$11.50,1,,$1.53,4.58%,,,,,-100.00%,-$2.00,-230.72%,-$2.00,-230.72%,OSTX,NYSEAMERICAN:OSTX,-2.000,,
NASDAQ:OSW,29 Nov 2024,$17.98,3,,,,$26.41,-31.92%,,,,,-100.00%,-$2.00,-107.57%,-$2.00,-107.57%,OSW,NASDAQ:OSW,-2.000,,
NASDAQ:OTEX,19 Jan 2026,$32.75,3,$38.78,2,1.43,$23.27,40.73%,,,,$22.86,-1.76%,$0.00,-100.00%,$0.00,-100.00%,OTEX,NASDAQ:OTEX,-0.551,$29.00,33.72%
NYSE:OTIS,29 Oct 2025,$94.34,3,$105.25,6,3.03,$73.45,28.44%,,,,$77.38,5.35%,$0.00,-100.00%,$0.00,-100.00%,OTIS,NYSE:OTIS,0.144,$96.00,9.64%
NASDAQ:OUST,5 Feb 2026,$21.62,3,$37.00,8,4.61,$37.04,-41.62%,,,,$0.00,-100.00%,$0.00,-100.00%,$0.00,-100.00%,OUST,NASDAQ:OUST,-1.000,$49.00,-24.49%
NYSE:OVV,18 Aug 2025,$55.37,3,,,2.37,$57.79,-4.19%,,,,$57.35,-0.76%,$0.00,-100.00%,$0.00,-100.00%,OVV,NYSE:OVV,-0.131,$70.59,
NASDAQ:OXSQ,19 Aug 2025,$2.97,4,$2.50,4,2.89,$1.46,71.23%,,,,$1.56,6.85%,$0.00,-100.00%,$0.00,-100.00%,OXSQ,NASDAQ:OXSQ,0.106,$1.75,42.86%
NYSE:OXY,2 Jul 2026,$55.97,4,$64.21,8,2.79,$54.86,2.03%,2.03%,$55.97,$64.61,$56.11,2.28%,$0.00,-100.00%,$0.00,-100.00%,OXY,NYSE:OXY,0.067,$64.61,-0.62%
NASDAQ:OZK,2 Oct 2025,$49.29,3,$59.63,8,2.39,$52.01,-5.23%,,,,$52.46,0.87%,$0.00,-100.00%,$0.00,-100.00%,OZK,NASDAQ:OZK,-0.077,$53.56,11.33%
NYSE:PAC,13 Jun 2025,$210.00,3,$236.70,6,2.76,$220.91,-4.94%,,,,$228.97,3.65%,$296.12,34.05%,$378.85,71.50%,PAC,NYSE:PAC,0.048,$267.91,-11.65%
NASDAQ:PACB,11 Dec 2025,$2.97,3,$2.30,5,5.00,$1.44,59.72%,,,,$0.00,-100.00%,$0.00,-100.00%,$0.00,-100.00%,PACB,NASDAQ:PACB,-1.000,$2.46,-6.50%
NASDAQ:PANW,20 Aug 2025,$177.95,3,,,2.56,$358.68,-50.39%,,,,$0.00,-100.00%,$403.98,12.63%,$439.13,22.43%,PANW,NASDAQ:PANW,-1.000,$327.46,
NYSE:PAR,19 Aug 2025,$40.18,2,,,5.00,$16.35,145.72%,,,,$0.00,-100.00%,$0.00,-100.00%,$0.00,-100.00%,PAR,NYSE:PAR,-1.000,$26.81,
NASDAQ:PAX,13 Nov 2025,$16.56,3,$16.00,6,2.03,$11.01,45.32%,,,,$10.93,-0.73%,$0.00,-100.00%,$0.00,-100.00%,PAX,NASDAQ:PAX,-0.318,$15.57,2.76%
NYSE:PAYC,26 Mar 2026,$152.82,3,$150.36,7,3.11,$147.94,1.64%,,,,$0.00,-100.00%,$0.00,-100.00%,$0.00,-100.00%,PAYC,NYSE:PAYC,-1.000,$151.12,-0.50%
NASDAQ:PAYO,3 Sep 2025,$7.80,3,$10.50,7,3.20,$7.12,9.49%,,,,$0.00,-100.00%,$0.00,-100.00%,$0.00,-100.00%,PAYO,NASDAQ:PAYO,-1.000,$7.40,41.89%
NASDAQ:PAYS,11 Feb 2026,$3.74,3,$9.00,7,3.82,$8.55,-56.27%,,,,$0.00,-100.00%,$0.00,-100.00%,$0.00,-100.00%,PAYS,NASDAQ:PAYS,-1.000,$9.95,-9.55%
NASDAQ:PAYX,19 Aug 2025,$129.02,2,,,1.56,$114.39,12.79%,,,,$112.65,-1.52%,$167.75,46.64%,$185.32,62.01%,PAYX,NASDAQ:PAYX,-0.427,$106.57,
NYSE:PB,19 Nov 2025,$75.08,4,$78.17,7,2.29,$73.49,2.16%,,,,$73.94,0.61%,$0.00,-100.00%,$0.00,-100.00%,PB,NYSE:PB,-0.136,$79.62,-1.82%
NYSE:PBA,16 Sep 2025,$40.71,4,$41.47,8,3.09,$51.29,-20.63%,,,,$52.77,2.89%,$0.00,-100.00%,$0.00,-100.00%,PBA,NYSE:PBA,0.278,$42.51,-2.45%
NYSE:PBI,19 Aug 2025,$11.44,3,$11.50,7,2.58,$18.51,-38.19%,,,,$18.93,2.27%,$0.00,-100.00%,$0.00,-100.00%,PBI,NYSE:PBI,0.029,$17.14,-32.91%
NYSE:PBR,30 Jun 2026,$19.22,5,$22.75,9,3.63,$17.97,6.96%,6.96%,$19.22,$22.82,$18.51,3.01%,$20.15,12.12%,$83.26,363.33%,PBR,NYSE:PBR,0.421,$22.82,-0.31%
NYSE:PBR.A,30 Jun 2026,$17.20,5,,,3.61,$16.00,7.50%,7.50%,$17.20,$22.07,$16.52,3.25%,$44.14,175.90%,$144.51,803.18%,PBR.A,NYSE:PBR.A,0.386,$22.07,
NYSE:PCG,14 Jul 2026,$19.14,4,$23.57,4,2.34,$17.32,10.49%,10.49%,$19.14,$23.57,$17.44,0.69%,$0.00,-100.00%,$0.00,-100.00%,PCG,NYSE:PCG,-0.163,$22.84,3.20%
NYSE:PCOR,27 Jan 2026,$68.73,3,$87.91,7,5.00,$45.95,49.58%,,,,$0.00,-100.00%,$0.00,-100.00%,$0.00,-100.00%,PCOR,NYSE:PCOR,-1.000,$68.21,28.88%
NASDAQ:PDD,20 Aug 2025,$133.52,3,$124.92,5,4.90,$84.14,48.47%,,,,$0.00,-100.00%,$0.00,-100.00%,$0.00,-100.00%,PDD,NASDAQ:PDD,-1.000,$116.08,7.62%
NASDAQ:PDFS,27 Jan 2026,$35.52,3,$34.75,7,4.07,$51.14,-32.05%,,,,$0.00,-100.00%,$0.00,-100.00%,$0.00,-100.00%,PDFS,NASDAQ:PDFS,-1.000,$62.12,-44.06%
NYSE:PDM,14 Jul 2025,$11.58,4,$8.50,6,1.44,$9.80,-13.27%,,,,$9.71,-0.92%,$0.00,-100.00%,$0.00,-100.00%,PDM,NYSE:PDM,-0.499,$10.00,-15.00%
NYSE:PEB,23 Dec 2025,$17.33,3,$12.00,7,2.09,$19.01,-36.88%,,,,$18.57,-2.31%,$0.00,-100.00%,$0.00,-100.00%,PEB,NYSE:PEB,-0.179,$16.85,-28.78%
NASDAQ:PEBO,16 Jan 2026,$32.08,3,$33.17,10,2.75,$39.39,-18.55%,,,,$40.49,2.79%,$0.00,-100.00%,$0.00,-100.00%,PEBO,NASDAQ:PEBO,0.089,$39.17,-15.32%
NASDAQ:PEGA,11 Feb 2026,$49.55,5,$72.00,9,5.00,$32.16,54.06%,,,,$0.00,-100.00%,$0.00,-100.00%,$0.00,-100.00%,PEGA,NASDAQ:PEGA,-1.000,$58.18,23.75%
NYSE:PEN,11 Dec 2025,$225.97,1,$307.92,10,3.69,$318.32,-29.01%,,,,$0.00,-100.00%,$0.00,-100.00%,$0.00,-100.00%,PEN,NYSE:PEN,-1.000,$362.54,-15.07%
NASDAQ:PFBC,27 May 2026,$99.21,3,$107.50,5,2.35,$107.39,-7.62%,,,,$106.03,-1.27%,$0.00,-100.00%,$0.00,-100.00%,PFBC,NASDAQ:PFBC,-0.082,$105.00,2.38%
NYSE:PFE,26 Mar 2026,$30.96,5,$29.07,6,3.74,$25.05,16.05%,,,,$26.45,5.59%,$0.00,-100.00%,$0.00,-100.00%,PFE,NYSE:PFE,0.495,$28.79,0.97%
NYSE:PFGC,4 Sep 2025,$88.60,1,,,3.49,$111.76,-20.72%,,,,$0.00,-100.00%,$0.00,-100.00%,$0.00,-100.00%,PFGC,NYSE:PFGC,-1.000,$122.69,
NASDAQ:PFIS,19 Mar 2026,$59.16,3,$56.00,6,2.63,$68.73,-18.52%,,,,$71.21,3.61%,$0.00,-100.00%,$0.00,-100.00%,PFIS,NASDAQ:PFIS,0.053,$63.00,-11.11%
NYSE:PFLT,20 Feb 2026,$9.26,3,$10.25,8,2.54,#N/A,#N/A,,,,$7.52,#N/A,$0.00,#N/A,$0.00,#N/A,PFLT,NYSE:PFLT,0.015,$10.10,1.49%
NYSE:PFS,18 Nov 2025,$20.08,3,$22.00,3,2.41,$24.07,-16.58%,,,,$24.17,0.42%,$0.00,-100.00%,$0.00,-100.00%,PFS,NYSE:PFS,-0.079,$25.75,-14.56%
NASDAQ:PFSA,11 Dec 2025,$0.26,3,,,,$1.73,-84.72%,,,,,-100.00%,-$2.00,-215.61%,-$2.00,-215.61%,PFSA,NASDAQ:PFSA,-2.000,,
NYSE:PFSI,4 Oct 2024,$102.39,3,,,2.08,$85.29,20.05%,,,,$85.45,0.19%,$0.00,-100.00%,$0.00,-100.00%,PFSI,NYSE:PFSI,-0.255,$102.57,
NASDAQ:PGEN,23 Dec 2025,$3.53,3,$9.00,7,5.00,$4.95,-28.61%,,,,$0.00,-100.00%,$0.00,-100.00%,$0.00,-100.00%,PGEN,NASDAQ:PGEN,-1.000,$12.45,-27.71%
NYSE:PGR,18 Sep 2025,$210.79,1,,,2.51,$207.95,1.36%,,,,$209.77,0.88%,$0.00,-100.00%,$0.00,-100.00%,PGR,NYSE:PGR,-0.045,$233.86,
NYSE:PH,3 Jul 2024,$534.00,1,$759.92,6,2.66,$953.21,-43.98%,,,,$987.66,3.61%,$0.00,-100.00%,$0.00,-100.00%,PH,NYSE:PH,0.028,"$1,044.04",-27.21%
NYSE:PHG,11 Dec 2025,$35.54,3,,7,1.77,$26.95,31.89%,,,,$26.90,-0.19%,$0.00,-100.00%,$0.00,-100.00%,PHG,NYSE:PHG,-0.399,$33.26,
NYSE:PHM,31 Mar 2026,$124.03,4,$141.83,3,3.54,$126.08,-1.63%,,,,$0.00,-100.00%,$0.00,-100.00%,$0.00,-100.00%,PHM,NYSE:PHM,-1.000,$139.77,1.47%
NASDAQ:PI,27 Jan 2026,$144.68,2,$240.50,8,4.32,$138.37,4.56%,,,,$0.00,-100.00%,$0.00,-100.00%,$0.00,-100.00%,PI,NASDAQ:PI,-1.000,$175.00,37.43%
NYSE:PIPR,29 Jun 2026,$77.12,3,$97.00,3,3.32,$76.32,1.05%,1.05%,$77.12,$97.00,$79.57,4.26%,$0.00,-100.00%,$0.00,-100.00%,PIPR,NYSE:PIPR,0.309,$88.12,10.08%
NYSE:PKST,14 Jan 2026,$15.34,4,$17.00,6,,#N/A,#N/A,,,,,#N/A,-$2.00,#N/A,-$2.00,#N/A,PKST,NYSE:PKST,-2.000,,
NYSE:PL,7 Jul 2025,$5.02,3,,,5.00,$22.47,-77.66%,,,,$0.00,-100.00%,$24.21,7.75%,$22.89,1.86%,PL,NYSE:PL,-1.000,$40.10,
NASDAQ:PLAB,1 May 2026,$41.22,2,$47.00,6,5.00,$28.85,42.86%,,,,$0.00,-100.00%,$40.07,38.87%,$62.87,117.93%,PLAB,NASDAQ:PLAB,-1.000,$42.33,11.03%
NASDAQ:PLMR,16 Sep 2025,$107.46,3,,,3.75,$135.44,-20.66%,,,,$0.00,-100.00%,$0.00,-100.00%,$0.00,-100.00%,PLMR,NASDAQ:PLMR,-1.000,$155.67,
NYSE:PLNT,4 Sep 2025,$92.00,1,,,4.37,$52.36,75.70%,,,,$0.00,-100.00%,$0.00,-100.00%,$0.00,-100.00%,PLNT,NYSE:PLNT,-1.000,$66.75,
NYSE:PLOW,20 Sep 2024,$36.15,4,,,1.35,$44.62,-18.98%,,,,$43.54,-2.42%,$0.00,-100.00%,$0.00,-100.00%,PLOW,NYSE:PLOW,-0.585,$55.25,
NASDAQ:PLTR,14 Aug 2025,$120.98,1,,,4.92,$132.38,-8.61%,,,,$0.00,-100.00%,$0.00,-100.00%,$0.00,-100.00%,PLTR,NASDAQ:PLTR,-1.000,$183.12,
NASDAQ:PLUS,27 Oct 2025,$88.78,3,,6,4.22,$89.27,-0.55%,,,,$0.00,-100.00%,$0.00,-100.00%,$0.00,-100.00%,PLUS,NASDAQ:PLUS,-1.000,$111.00,
NASDAQ:PLXS,27 Jan 2026,$181.83,3,,,3.85,$250.63,-27.45%,,,,$0.00,-100.00%,$0.00,-100.00%,$0.00,-100.00%,PLXS,NASDAQ:PLXS,-1.000,$293.25,
NYSE:PM,25 Aug 2025,$144.36,2,,,,$192.98,-25.19%,,,,,-100.00%,-$2.00,-101.04%,-$2.00,-101.04%,PM,NYSE:PM,-2.000,,
NASDAQ:PMTS,26 Aug 2025,$22.24,3,,,,$18.81,18.24%,,,,,-100.00%,-$2.00,-110.63%,-$2.00,-110.63%,PMTS,NASDAQ:PMTS,-2.000,,
NYSE:PNC,19 Nov 2025,$182.16,3,$223.09,8,2.60,$252.86,-27.96%,,,,$260.38,2.97%,$0.00,-100.00%,$0.00,-100.00%,PNC,NYSE:PNC,0.005,$272.98,-18.28%
NASDAQ:PNFP,28 Jul 2025,$101.11,3,$121.91,7,,$101.05,0.06%,,,,,-100.00%,-$2.00,-101.98%,-$2.00,-101.98%,PNFP,NYSE:PNFP,-2.000,,
NYSE:PNNT,20 Feb 2026,$6.99,4,$5.50,1,3.03,$3.35,64.18%,,,,$3.55,5.97%,$0.00,-100.00%,$0.00,-100.00%,PNNT,NYSE:PNNT,0.124,$4.75,15.79%
NYSE:PNR,11 Nov 2025,$102.58,2,$124.75,7,2.90,$62.45,64.26%,,,,$67.03,7.33%,$0.00,-100.00%,$0.00,-100.00%,PNR,NYSE:PNR,0.071,$86.13,44.84%
NASDAQ:PODD,11 Dec 2025,$276.82,2,$381.12,9,5.00,$164.06,68.73%,,,,$0.00,-100.00%,$0.00,-100.00%,$0.00,-100.00%,PODD,NASDAQ:PODD,-1.000,$238.22,59.99%
NASDAQ:POET,5 Feb 2026,$6.44,3,,7,5.00,$7.39,-12.85%,,,,$0.00,-100.00%,$0.00,-100.00%,$0.00,-100.00%,POET,NASDAQ:POET,-1.000,$17.50,
NASDAQ:POOL,23 Aug 2025,$310.70,3,,,1.90,$201.17,54.44%,,,,$201.20,0.01%,$0.00,-100.00%,$0.00,-100.00%,POOL,NASDAQ:POOL,-0.348,$254.55,
NYSE:POR,6 Feb 2026,$50.85,4,$49.60,7,1.48,$52.43,-5.40%,,,,$52.18,-0.48%,$0.00,-100.00%,$0.00,-100.00%,POR,NYSE:POR,-0.480,$53.09,-6.57%
NYSE:POST,2 Apr 2026,$109.06,5,$128.50,2,4.93,$86.86,25.56%,,,,$0.00,-100.00%,$0.00,-100.00%,$0.00,-100.00%,POST,NYSE:POST,-1.000,$120.33,6.79%
NASDAQ:POWI,5 Feb 2026,$72.10,3,$52.50,5,3.32,$70.45,-25.48%,,,,$73.37,4.14%,$0.00,-100.00%,$0.00,-100.00%,POWI,NASDAQ:POWI,0.326,$76.20,-31.10%
NASDAQ:PPC,19 Aug 2025,$43.27,2,,,2.11,$29.11,48.63%,,,,$28.87,-0.82%,$0.00,-100.00%,$0.00,-100.00%,PPC,NASDAQ:PPC,-0.234,$34.19,
NASDAQ:PPIH,20 Apr 2026,$30.77,3,,7,4.29,$25.42,21.04%,,,,$0.00,-100.00%,$50.73,99.57%,$63.15,148.43%,PPIH,NASDAQ:PPIH,-1.000,$32.00,
NYSE:PR,11 Nov 2025,$15.75,5,$18.13,3,3.24,$20.21,-22.07%,,,,$20.69,2.38%,$0.00,-100.00%,$0.00,-100.00%,PR,NYSE:PR,0.252,$25.05,-27.62%
NYSE:PRA,11 Dec 2025,$26.77,3,,3,,#N/A,#N/A,,,,,#N/A,-$2.00,#N/A,-$2.00,#N/A,PRA,NYSE:PRA,-2.000,,
NASDAQ:PRCH,29 Jan 2026,$6.54,3,$18.17,8,,$13.68,-52.19%,,,,,-100.00%,-$2.00,-114.62%,-$2.00,-114.62%,PRCH,NASDAQ:PRCH,-2.000,,
NASDAQ:PRCT,11 Dec 2025,$43.52,3,$50.71,5,5.00,$19.22,126.43%,,,,$0.00,-100.00%,$0.00,-100.00%,$0.00,-100.00%,PRCT,NASDAQ:PRCT,-1.000,$29.30,73.07%
NASDAQ:PRDO,28 Apr 2026,$43.66,5,$42.00,8,1.65,$31.66,32.66%,,,,$31.24,-1.33%,$0.00,-100.00%,$0.00,-100.00%,PRDO,NASDAQ:PRDO,-0.485,$44.00,-4.55%
NASDAQ:PRGS,22 Jan 2026,$57.12,3,$59.75,7,4.25,$40.55,40.85%,,,,$0.00,-100.00%,$90.82,123.98%,$136.35,236.26%,PRGS,NASDAQ:PRGS,-1.000,$50.67,17.92%
NYSE:PRIM,23 Aug 2024,$53.96,3,,,1.27,$85.96,-37.23%,,,,$83.84,-2.47%,$0.00,-100.00%,$0.00,-100.00%,PRIM,NYSE:PRIM,-0.658,$127.50,
NYSEAMERICAN:PRK,7 Oct 2025,$164.00,1,,,,$189.47,-13.44%,,,,,-100.00%,-$2.00,-101.06%,-$2.00,-101.06%,PRK,NYSEAMERICAN:PRK,-2.000,,
NASDAQ:PROK,10 Jul 2025,$2.60,,$4.50,7,5.00,$1.62,60.49%,,,,$0.00,-100.00%,$0.00,-100.00%,$0.00,-100.00%,PROK,NASDAQ:PROK,-1.000,$6.25,-28.00%
NASDAQ:PRSO,29 Jan 2026,$1.15,4,$3.00,,,$0.76,51.01%,,,,,-100.00%,-$2.00,-363.16%,-$2.00,-363.16%,PRSO,NASDAQ:PRSO,-2.000,,
NASDAQ:PRTH,10 Feb 2026,$10.32,3,$13.00,1,5.00,$6.69,54.28%,,,,$0.00,-100.00%,$0.00,-100.00%,$0.00,-100.00%,PRTH,NASDAQ:PRTH,-1.000,$10.10,28.71%
NASDAQ:PSIX,28 Apr 2026,$74.87,3,$109.00,9,5.00,$30.25,147.51%,,,,$0.00,-100.00%,$0.00,-100.00%,$0.00,-100.00%,PSIX,NASDAQ:PSIX,-1.000,$70.37,54.90%
NYSE:PSN,16 Feb 2026,$83.99,5,$81.64,7,,$56.05,45.66%,,,,,-100.00%,-$2.00,-103.57%,-$2.00,-103.57%,PSN,NYSE:PSN,-2.000,,
NASDAQ:PSNY,29 Nov 2024,$1.30,3,,,3.87,$14.90,-91.28%,,,,$0.00,-100.00%,$0.00,-100.00%,$0.00,-100.00%,PSNY,NASDAQ:PSNY,-1.000,$17.50,
NYSE:PSTG,19 Aug 2025,$64.73,3,,,,#N/A,#N/A,,,,$0.00,#N/A,$0.00,#N/A,$0.00,#N/A,PSTG,NYSE:PSTG,-1.000,$91.21,
NYSE:PSX,26 Jun 2026,$162.80,2,$194.00,7,3.15,$206.86,-21.30%,-21.30%,$162.80,$198.44,$212.00,2.48%,$0.00,-100.00%,$0.00,-100.00%,PSX,NYSE:PSX,0.275,$198.44,-2.24%
NASDAQ:PTC,19 Jan 2026,$176.72,3,$218.00,6,5.00,$124.37,42.09%,,,,$0.00,-100.00%,$0.00,-100.00%,$0.00,-100.00%,PTC,NASDAQ:PTC,-1.000,$177.50,22.82%
NASDAQ:PTEN,21 Jul 2025,$10.35,3,$8.03,2,3.88,$10.02,-19.86%,,,,$10.40,3.79%,$0.00,-100.00%,$0.00,-100.00%,PTEN,NASDAQ:PTEN,0.527,$13.00,-38.23%
NASDAQ:PTLO,14 Jan 2026,$9.61,3,$6.30,3,4.83,$4.67,34.90%,,,,$0.00,-100.00%,$0.00,-100.00%,$0.00,-100.00%,PTLO,NASDAQ:PTLO,-1.000,$6.38,-1.25%
NASDAQ:PUBM,29 Jan 2026,$11.75,3,$12.92,7,3.06,$12.73,-7.66%,,,,$0.00,-100.00%,$0.00,-100.00%,$0.00,-100.00%,PUBM,NASDAQ:PUBM,-1.000,$12.89,0.23%
NYSE:PWR,23 Aug 2025,$272.00,1,,,1.28,$628.53,-56.72%,,,,$604.86,-3.77%,$0.00,-100.00%,$0.00,-100.00%,PWR,NYSE:PWR,-0.613,$760.81,
NASDAQ:PZZA,18 Sep 2025,$56.89,4,$48.40,9,1.41,$32.86,47.29%,,,,$32.28,-1.77%,$0.00,-100.00%,$0.00,-100.00%,PZZA,NASDAQ:PZZA,-0.537,$37.10,30.46%
NYSE:Q,9 Feb 2026,$106.61,3,,,4.37,$136.35,-21.81%,,,,$0.00,-100.00%,$0.00,-100.00%,$0.00,-100.00%,Q,NYSE:Q,-1.000,$173.62,
NASDAQ:QCOM,27 Jan 2026,$171.89,4,$193.33,6,3.15,$171.78,0.06%,,,,$176.04,2.48%,$0.00,-100.00%,$0.00,-100.00%,QCOM,NASDAQ:QCOM,0.202,$222.73,-13.20%
NASDAQ:QCRH,28 Apr 2026,$93.80,3,$102.67,9,3.17,$98.60,-4.87%,,,,$0.00,-100.00%,$0.00,-100.00%,$0.00,-100.00%,QCRH,NASDAQ:QCRH,-1.000,$102.00,0.66%
NASDAQ:QDEL,11 Dec 2025,$47.57,3,$27.75,6,3.90,$17.38,59.67%,,,,$0.00,-100.00%,$0.00,-100.00%,$0.00,-100.00%,QDEL,NASDAQ:QDEL,-1.000,$20.50,35.37%
NASDAQ:QFIN,9 Sep 2025,$29.99,3,$48.39,5,,$12.73,135.58%,,,,,-100.00%,-$2.00,-115.71%,-$2.00,-115.71%,QFIN,NASDAQ:QFIN,-2.000,,
NASDAQ:QLYS,10 Feb 2026,$147.47,5,$136.87,5,1.67,$159.43,-14.15%,,,,$0.00,-100.00%,$0.00,-100.00%,$0.00,-100.00%,QLYS,NASDAQ:QLYS,-1.000,$116.96,17.02%
NASDAQ:QRVO,19 Jan 2026,$81.21,3,$100.08,6,3.35,$85.50,-5.02%,,,,$0.00,-100.00%,$0.00,-100.00%,$0.00,-100.00%,QRVO,NASDAQ:QRVO,-1.000,$91.46,9.42%
NASDAQ:QSI,11 Dec 2025,$1.94,3,$2.83,2,5.00,$0.82,137.11%,,,,$0.00,-100.00%,$0.00,-100.00%,$0.00,-100.00%,QSI,NASDAQ:QSI,-1.000,$2.50,13.20%
NYSE:QSR,4 Mar 2026,$71.96,3,$79.11,9,1.69,$75.01,-4.07%,,,,$75.02,0.01%,$0.00,-100.00%,$0.00,-100.00%,QSR,NYSE:QSR,-0.415,$85.50,-7.47%
NASDAQ:QTRX,16 Dec 2025,$12.46,3,$6.00,5,3.59,$3.87,55.04%,,,,$0.00,-100.00%,$0.00,-100.00%,$0.00,-100.00%,QTRX,NASDAQ:QTRX,-1.000,$4.33,38.57%
NYSE:QUAD,19 Jun 2026,$7.33,3,$9.93,9,2.37,$8.64,-15.16%,,,,$8.68,0.46%,$0.00,-100.00%,$0.00,-100.00%,QUAD,NYSE:QUAD,-0.113,$9.93,0.00%
NASDAQ:QUIK,5 Feb 2026,$6.78,3,,,5.00,$13.00,-47.87%,,,,$0.00,-100.00%,$0.00,-100.00%,$0.00,-100.00%,QUIK,NASDAQ:QUIK,-1.000,$23.67,
NYSE:QXO,19 Aug 2025,$30.22,3,$31.06,10,5.00,$14.40,109.84%,,,,$0.00,-100.00%,$0.00,-100.00%,$0.00,-100.00%,QXO,NYSE:QXO,-1.000,$30.33,2.41%
NYSE:RACE,15 Dec 2025,$403.82,3,$465.44,6,0.79,$376.83,7.16%,,,,$368.10,-2.32%,$0.00,-100.00%,$0.00,-100.00%,RACE,NYSE:RACE,-0.824,$446.73,4.19%
NASDAQ:RAIL,28 Apr 2026,$11.16,4,,,,$7.52,48.46%,,,,,-100.00%,-$2.00,-126.60%,-$2.00,-126.60%,RAIL,NASDAQ:RAIL,-2.000,,
NYSE:RAMP,23 Jan 2026,$30.65,5,$42.20,7,3.36,$37.88,-19.10%,,,,$0.00,-100.00%,$0.00,-100.00%,$0.00,-100.00%,RAMP,NYSE:RAMP,-1.000,$40.58,3.99%
NASDAQ:RBB,1 Jun 2026,$24.58,3,$24.00,4,2.16,$27.06,-11.31%,,,,$27.25,0.70%,$0.00,-100.00%,$0.00,-100.00%,RBB,NASDAQ:RBB,-0.176,$27.60,-13.04%
NYSE:RBC,23 Aug 2025,$337.00,1,,,3.39,$575.22,-41.41%,,,,$0.00,-100.00%,$0.00,-100.00%,$0.00,-100.00%,RBC,NYSE:RBC,-1.000,$620.00,
NASDAQ:RBCAA,20 Oct 2025,$70.90,3,,,1.47,$90.91,-22.01%,,,,$90.41,-0.55%,$0.00,-100.00%,$0.00,-100.00%,RBCAA,NASDAQ:RBCAA,-0.452,$80.00,
NYSE:RBLX,2 Jan 2026,$67.48,2,,,4.38,$51.68,30.57%,,,,$0.00,-100.00%,$0.00,-100.00%,$0.00,-100.00%,RBLX,NYSE:RBLX,-1.000,$65.97,
NYSE:RBOT,16 Dec 2025,$3.89,3,,,,#N/A,#N/A,,,,,#N/A,-$2.00,#N/A,-$2.00,#N/A,RBOT,NYSE:RBOT,-2.000,,
NYSE:RBRK,20 Aug 2025,$54.72,2,,,4.00,$78.97,-30.71%,,,,$0.00,-100.00%,$76.52,-3.10%,$79.56,0.74%,RBRK,NYSE:RBRK,-1.000,$94.77,
NYSE:RC,1 Sep 2025,$5.36,3,$4.15,4,2.34,$1.55,167.74%,,,,$1.56,0.65%,$0.00,-100.00%,$0.00,-100.00%,RC,NYSE:RC,-0.113,$1.70,144.12%
NASDAQ:RCEL,4 Dec 2025,$9.25,3,$8.38,1,5.00,$5.10,64.31%,,,,$0.00,-100.00%,$0.00,-100.00%,$0.00,-100.00%,RCEL,NASDAQ:RCEL,-1.000,$9.09,-7.81%
NASDAQ:RCKY,16 Apr 2026,$43.95,3,$53.00,8,2.70,$40.94,7.36%,,,,$43.14,5.37%,$0.00,-100.00%,$0.00,-100.00%,RCKY,NASDAQ:RCKY,0.000,$53.00,0.00%
NYSE:RCL,8 Apr 2026,$279.75,3,$368.93,4,1.58,$286.96,-2.51%,,,,$285.02,-0.68%,$0.00,-100.00%,$0.00,-100.00%,RCL,NYSE:RCL,-0.472,$338.26,9.07%
NYSE:RDN,23 Jun 2026,$35.58,4,$45.33,8,2.15,$39.38,-9.66%,-9.66%,$35.58,$45.33,$39.43,0.13%,$0.00,-100.00%,$0.00,-100.00%,RDN,NYSE:RDN,-0.209,$45.00,0.73%
NYSE:RDW,21 Jul 2025,$13.29,2,,,5.00,$8.45,57.24%,,,,$0.00,-100.00%,$0.00,-100.00%,$0.00,-100.00%,RDW,NYSE:RDW,-1.000,$14.88,
NASDAQ:REG,21 Jul 2025,$72.09,1,,,2.72,$82.68,-12.81%,,,,$85.08,2.90%,$0.00,-100.00%,$0.00,-100.00%,REG,NASDAQ:REG,0.066,$86.11,
NYSEAMERICAN:REI,20 Aug 2025,$1.08,,$2.99,3,,$1.23,-12.20%,,,,,-100.00%,-$2.00,-262.60%,-$2.00,-262.60%,REI,NYSEAMERICAN:REI,-2.000,,
NASDAQ:REKR,9 Feb 2026,$1.09,3,$4.00,4,5.00,$0.57,90.60%,,,,$0.00,-100.00%,$0.00,-100.00%,$0.00,-100.00%,REKR,NASDAQ:REKR,-1.000,$3.00,33.33%
NYSE:RELX,19 Aug 2025,$47.40,3,,,,$33.70,40.65%,,,,,-100.00%,-$2.00,-105.93%,-$2.00,-105.93%,RELX,NYSE:RELX,-2.000,,
NASDAQ:RELY,29 Jan 2026,$17.63,3,$20.20,4,3.99,$24.13,-26.92%,,,,$0.00,-100.00%,$0.00,-100.00%,$0.00,-100.00%,RELY,NASDAQ:RELY,-1.000,$28.89,-30.08%
NYSEAMERICAN:REPX,12 Feb 2026,,,$36.00,7,,$35.00,2.86%,,,,,-100.00%,-$2.00,-105.71%,-$2.00,-105.71%,REPX,NYSEAMERICAN:REPX,-2.000,,
NYSE:RES,30 Dec 2025,$6.58,4,$5.50,5,1.64,$5.91,-6.94%,,,,$5.83,-1.35%,$0.00,-100.00%,$0.00,-100.00%,RES,NYSE:RES,-0.422,$6.44,-14.60%
NYSE:REVG,24 Oct 2024,$28.28,3,,,,#N/A,#N/A,,,,,#N/A,-$2.00,#N/A,-$2.00,#N/A,REVG,NYSE:REVG,-2.000,,
NASDAQ:REYN,28 Apr 2026,$27.91,5,$24.00,6,0.95,$26.24,-8.54%,,,,$25.82,-1.60%,$0.00,-100.00%,$0.00,-100.00%,REYN,NASDAQ:REYN,-0.713,$26.29,-8.71%
NYSE:REZI,17 Aug 2025,$32.83,3,$32.00,9,4.88,$35.83,-10.69%,,,,$0.00,-100.00%,$0.00,-100.00%,$0.00,-100.00%,REZI,NYSE:REZI,-1.000,$49.33,-35.13%
NYSE:RF,1 Jun 2026,$29.85,3,$30.31,3,2.99,$31.65,-5.68%,,,,$33.15,4.74%,$0.00,-100.00%,$0.00,-100.00%,RF,NYSE:RF,0.194,$31.82,-4.75%
NASDAQ:RGLD,16 Aug 2025,$142.50,1,,,2.65,$189.17,-24.67%,,,,$191.14,1.04%,$0.00,-100.00%,$0.00,-100.00%,RGLD,NASDAQ:RGLD,-0.045,$305.67,
NASDAQ:RGNX,23 Dec 2025,$16.55,3,$28.57,9,5.00,$9.89,67.30%,,,,$0.00,-100.00%,$0.00,-100.00%,$0.00,-100.00%,RGNX,NASDAQ:RGNX,-1.000,$24.36,17.28%
NASDAQ:RGTI,28 Jul 2025,$11.56,2,,,5.00,$14.11,-18.05%,,,,$0.00,-100.00%,$0.00,-100.00%,$0.00,-100.00%,RGTI,NASDAQ:RGTI,-1.000,$30.07,
NYSE:RH,31 Jul 2024,$352.46,3,,,2.51,$187.88,87.60%,,,,$0.00,-100.00%,-$43.03,-122.90%,$60.86,-67.61%,RH,NYSE:RH,-1.000,$169.47,
NYSE:RHI,15 Dec 2025,$46.27,3,$29.57,5,0.67,$41.80,-29.26%,,,,$40.00,-4.31%,$0.00,-100.00%,$0.00,-100.00%,RHI,NYSE:RHI,-0.776,$30.78,-3.93%
NYSE:RIO,18 Aug 2025,$75.60,5,$64.00,8,,$90.15,-29.01%,,,,,-100.00%,-$2.00,-102.22%,-$2.00,-102.22%,RIO,NYSE:RIO,-2.000,,
NYSE:RITM,12 Aug 2025,$14.18,4,$14.06,8,2.59,$9.32,50.86%,,,,$9.36,0.43%,$0.00,-100.00%,$0.00,-100.00%,RITM,NYSE:RITM,-0.072,$13.20,6.52%
NASDAQ:RIVN,15 Dec 2025,$17.90,3,$20.62,6,3.38,$17.45,2.60%,,,,$0.00,-100.00%,$23.23,33.15%,$29.28,67.78%,RIVN,NASDAQ:RIVN,-1.000,$18.77,9.86%
NYSE:RJF,18 Feb 2026,$166.94,3,$187.40,5,1.27,$168.36,-0.84%,,,,$165.33,-1.80%,$0.00,-100.00%,$0.00,-100.00%,RJF,NYSE:RJF,-0.588,$182.67,2.59%
NYSE:RKT,5 Mar 2025,$14.85,3,$13.29,3,2.91,$14.54,-8.60%,,,,$15.22,4.68%,$0.00,-100.00%,$0.00,-100.00%,RKT,NYSE:RKT,0.092,$19.02,-30.13%
NYSE:RLJ,23 Dec 2025,$12.06,3,$8.20,7,,$11.91,-31.15%,,,,,-100.00%,-$2.00,-116.79%,-$2.00,-116.79%,RLJ,NYSE:RLJ,-2.000,,
NYSE:RLX,25 Aug 2025,$2.18,3,,,,$2.05,6.58%,,,,,-100.00%,-$2.00,-197.56%,-$2.00,-197.56%,RLX,NYSE:RLX,-2.000,,
NYSE:RM,19 Nov 2025,$39.22,3,,3,2.12,$41.66,-5.86%,,,,$41.91,0.60%,$0.00,-100.00%,$0.00,-100.00%,RM,NYSE:RM,-0.226,$48.00,
NASDAQ:RMBS,27 Jan 2026,$80.55,1,$113.50,10,5.00,$101.44,-20.60%,,,,$0.00,-100.00%,$0.00,-100.00%,$0.00,-100.00%,RMBS,NASDAQ:RMBS,-1.000,$149.00,-23.83%
NASDAQ:RMNI,11 Feb 2026,$3.40,3,$5.50,5,,$4.64,-26.70%,,,,,-100.00%,-$2.00,-143.10%,-$2.00,-143.10%,RMNI,NASDAQ:RMNI,-2.000,,
NASDAQ:RNAC,23 Dec 2025,$16.10,3,$34.67,9,5.00,$8.26,94.90%,,,,$0.00,-100.00%,$0.00,-100.00%,$0.00,-100.00%,RNAC,NASDAQ:RNAC,-1.000,$34.57,0.29%
NYSE:RNG,5 Feb 2026,$39.74,3,$31.25,4,3.49,$41.32,-24.37%,,,,$0.00,-100.00%,$0.00,-100.00%,$0.00,-100.00%,RNG,NYSE:RNG,-1.000,$45.40,-31.17%
NYSE:RNR,9 Sep 2025,$267.70,4,$269.36,7,1.49,$323.06,-17.13%,,,,$316.04,-2.17%,$0.00,-100.00%,$0.00,-100.00%,RNR,NYSE:RNR,-0.479,$336.93,-20.05%
NYSE:RNST,19 Nov 2025,$35.55,3,$42.67,4,2.76,$43.70,-18.65%,,,,$44.92,2.79%,$0.00,-100.00%,$0.00,-100.00%,RNST,NYSE:RNST,0.080,$46.43,-8.10%
NASDAQ:ROAD,31 Dec 2025,$101.87,2,,,4.94,$104.47,-2.49%,,,,$0.00,-100.00%,$0.00,-100.00%,$0.00,-100.00%,ROAD,NASDAQ:ROAD,-1.000,$145.00,
NYSE:ROG,10 Feb 2026,$105.63,3,$301.50,9,4.93,$132.24,-20.13%,,,,$0.00,-100.00%,$0.00,-100.00%,$0.00,-100.00%,ROG,NYSE:ROG,-1.000,$183.33,64.46%
NYSE:ROK,11 Nov 2025,$273.44,1,,,2.53,$461.85,-40.80%,,,,$458.09,-0.81%,$0.00,-100.00%,$0.00,-100.00%,ROK,NYSE:ROK,-0.016,$472.61,
NASDAQ:ROP,2 May 2025,$525.02,3,$640.91,8,4.14,$363.14,44.58%,,,,$0.00,-100.00%,$0.00,-100.00%,$0.00,-100.00%,ROP,NASDAQ:ROP,-1.000,$445.92,43.73%
NASDAQ:ROST,16 Sep 2025,$141.75,2,,,3.68,$233.46,-39.29%,,,,$244.34,4.66%,$344.34,47.49%,$371.56,59.15%,ROST,NASDAQ:ROST,0.480,$256.18,
NASDAQ:RPAY,2 Sep 2025,$8.53,3,$7.31,3,,$3.88,88.40%,,,,,-100.00%,-$2.00,-151.55%,-$2.00,-151.55%,RPAY,NASDAQ:RPAY,-2.000,,
NASDAQ:RPD,20 Jan 2026,$22.06,3,$18.18,7,1.14,$12.20,49.02%,,,,$0.00,-100.00%,$0.00,-100.00%,$0.00,-100.00%,RPD,NASDAQ:RPD,-1.000,$7.67,137.03%
NASDAQ:RR,19 Nov 2025,$2.75,3,$4.50,6,,$1.60,71.62%,,,,,-100.00%,-$2.00,-225.00%,-$2.00,-225.00%,RR,NASDAQ:RR,-2.000,,
NASDAQ:RRBI,1 Jun 2026,$84.03,3,$94.00,6,1.88,$97.73,-14.02%,,,,$97.79,0.06%,$0.00,-100.00%,$0.00,-100.00%,RRBI,NASDAQ:RRBI,-0.308,$103.00,-8.74%
NYSE:RRX,27 Jan 2026,$182.63,5,$180.29,6,2.61,$206.81,-12.82%,,,,$203.65,-1.53%,$0.00,-100.00%,$0.00,-100.00%,RRX,NYSE:RRX,-0.032,$260.00,-30.66%
NYSE:RS,24 Aug 2025,$278.17,3,$327.75,9,2.63,$395.93,-29.74%,,,,$405.17,2.33%,$0.00,-100.00%,$0.00,-100.00%,RS,NYSE:RS,0.043,$381.88,-14.17%
NYSE:RTX,18 Aug 2025,$145.60,2,$168.14,8,2.42,$193.51,-24.76%,,,,$195.40,0.98%,$267.08,38.02%,$324.21,67.54%,RTX,NYSE:RTX,-0.081,$215.14,-21.85%
NASDAQ:RUN,19 Jan 2026,$14.49,2,$23.86,8,5.00,$11.85,22.26%,,,,$0.00,-100.00%,$0.00,-100.00%,$0.00,-100.00%,RUN,NASDAQ:RUN,-1.000,$18.95,25.91%
NASDAQ:RXST,11 Dec 2025,$19.74,3,$9.80,1,5.00,$5.55,76.58%,,,,$0.00,-100.00%,$0.00,-100.00%,$0.00,-100.00%,RXST,NASDAQ:RXST,-1.000,$8.43,16.25%
NASDAQ:RXT,9 Feb 2026,$0.88,3,$1.35,4,3.90,$4.15,-78.88%,,,,$0.00,-100.00%,$0.00,-100.00%,$0.00,-100.00%,RXT,NASDAQ:RXT,-1.000,$4.90,-72.45%
NYSE:RYI,24 Aug 2025,$26.20,3,$24.00,4,,#N/A,#N/A,,,,,#N/A,-$2.00,#N/A,-$2.00,#N/A,RYI,NYSE:RYI,-2.000,,
NASDAQ:SABR,11 Feb 2026,$2.46,3,$2.95,2,3.75,$1.73,41.94%,,,,$0.00,-100.00%,$0.00,-100.00%,$0.00,-100.00%,SABR,NASDAQ:SABR,-1.000,$1.99,48.24%
NYSE:SAM,20 Mar 2026,$295.72,5,$238.40,3,4.28,$178.80,33.33%,,,,$0.00,-100.00%,$0.00,-100.00%,$0.00,-100.00%,SAM,NYSE:SAM,-1.000,$224.55,6.17%
NYSE:SAN,11 Sep 2025,$7.72,2,,,,$13.55,-43.00%,,,,,-100.00%,-$2.00,-114.76%,-$2.00,-114.76%,SAN,NYSE:SAN,-2.000,,
NASDAQ:SANM,27 Jan 2026,$128.36,1,$180.00,9,3.67,$197.24,-34.92%,,,,$0.00,-100.00%,$0.00,-100.00%,$0.00,-100.00%,SANM,NASDAQ:SANM,-1.000,$223.75,-19.55%
NYSE:SAP,19 Jan 2026,$252.69,3,$275.84,9,,$159.04,58.89%,,,,,-100.00%,-$2.00,-101.26%,-$2.00,-101.26%,SAP,NYSE:SAP,-2.000,,
NASDAQ:SBCF,19 Nov 2025,$31.14,3,$34.17,5,2.35,$33.89,-8.11%,,,,$34.04,0.44%,$0.00,-100.00%,$0.00,-100.00%,SBCF,NASDAQ:SBCF,-0.096,$34.83,-1.89%
NASDAQ:SBGI,23 Dec 2025,$15.71,3,$19.20,5,1.92,$13.82,13.66%,,,,$13.83,0.07%,$0.00,-100.00%,$0.00,-100.00%,SBGI,NASDAQ:SBGI,-0.344,$17.71,8.41%
NASDAQ:SBLK,16 Feb 2026,$23.85,3,,6,2.79,$24.90,-4.20%,,,,$26.40,6.02%,$0.00,-100.00%,$0.00,-100.00%,SBLK,NASDAQ:SBLK,0.052,$30.98,
NYSE:SBS,23 Jun 2026,$5.49,3,,1,2.60,$5.75,-4.45%,-4.45%,$5.49,$6.84,$5.78,0.52%,$0.00,-100.00%,$0.00,-100.00%,SBS,NYSE:SBS,-0.019,$6.84,
NASDAQ:SBSI,14 Oct 2025,$30.23,3,$34.50,3,,$34.84,-13.23%,,,,,-100.00%,-$2.00,-105.74%,-$2.00,-105.74%,SBSI,NYSE:SBSI,-2.000,,
NYSE:SBSI,1 Jun 2026,$34.46,3,$35.50,6,3.12,$34.84,-1.10%,,,,$36.47,4.68%,$0.00,-100.00%,$0.00,-100.00%,SBSI,NYSE:SBSI,0.238,$37.33,-4.90%
NYSE:SCHW,24 Jun 2026,$96.20,3,$116.58,7,2.76,$101.56,-5.28%,-5.28%,$96.20,$120.37,$104.51,2.90%,$0.00,-100.00%,$0.00,-100.00%,SCHW,NYSE:SCHW,0.051,$120.37,-3.15%
NASDAQ:SCNX,6 Jun 2025,$1.16,3,,,2.72,$0.41,182.44%,,,,$0.40,-2.44%,$0.00,-100.00%,$0.00,-100.00%,SCNX,NASDAQ:SCNX,-0.014,$1.50,
NYSE:SCS,28 Oct 2024,$12.86,3,,,,#N/A,#N/A,,,,,#N/A,-$2.00,#N/A,-$2.00,#N/A,SCS,NYSE:SCS,-2.000,,
NASDAQ:SCSC,19 Nov 2025,$53.05,5,$43.00,3,2.99,$54.79,-21.52%,,,,$0.00,-100.00%,$0.00,-100.00%,$0.00,-100.00%,SCSC,NASDAQ:SCSC,-1.000,$54.67,-21.35%
NYSE:SD,22 Jan 2026,$15.77,3,,5,2.74,$13.63,15.72%,,,,$14.15,3.82%,$0.00,-100.00%,$0.00,-100.00%,SD,NYSE:SD,0.062,$15.00,
NYSE:SE,19 Aug 2025,$134.13,1,,,,$104.05,28.91%,,,,,-100.00%,-$2.00,-101.92%,-$2.00,-101.92%,SE,NYSE:SE,-2.000,,
NASDAQ:SEIC,27 Aug 2025,$87.30,2,,,1.33,$99.25,-12.04%,,,,$98.22,-1.04%,$0.00,-100.00%,$0.00,-100.00%,SEIC,NASDAQ:SEIC,-0.559,$107.57,
NYSE:SEM,27 Apr 2026,$23.31,5,$16.50,8,0.21,#N/A,#N/A,,,,$7.99,#N/A,$0.00,#N/A,$0.00,#N/A,SEM,NYSE:SEM,-0.915,$16.62,-0.72%
NYSE:SEMR,5 Feb 2026,$14.95,4,,,,#N/A,#N/A,,,,,#N/A,-$2.00,#N/A,-$2.00,#N/A,SEMR,NYSE:SEMR,-2.000,,
NYSEAMERICAN:SENS,28 Oct 2025,$7.44,1,$2.69,1,,$5.11,-47.36%,,,,,-100.00%,-$2.00,-139.14%,-$2.00,-139.14%,SENS,NASDAQ:SENS,-2.000,,
NASDAQ:SENS,23 Dec 2025,$8.28,4,$18.92,6,5.00,$5.11,62.12%,,,,$0.00,-100.00%,$0.00,-100.00%,$0.00,-100.00%,SENS,NASDAQ:SENS,-1.000,$13.40,41.19%
NASDAQ:SERV,11 Nov 2025,$12.60,3,$20.50,2,5.00,$5.09,147.62%,,,,$0.00,-100.00%,$0.00,-100.00%,$0.00,-100.00%,SERV,NASDAQ:SERV,-1.000,$18.45,11.11%
NYSE:SF,29 Jun 2026,$83.09,3,$84.00,6,3.30,$77.16,7.69%,7.69%,$83.09,$85.12,$80.53,4.37%,$0.00,-100.00%,$0.00,-100.00%,SF,NYSE:SF,0.309,$85.12,-1.32%
NYSE:SFBS,16 Mar 2026,$84.39,4,$91.00,8,2.16,$86.94,-2.94%,,,,$86.85,-0.10%,$0.00,-100.00%,$0.00,-100.00%,SFBS,NYSE:SFBS,-0.192,$94.33,-3.53%
NASDAQ:SFM,19 Mar 2026,$146.44,3,$91.64,9,4.09,$75.78,20.93%,,,,$0.00,-100.00%,$0.00,-100.00%,$0.00,-100.00%,SFM,NASDAQ:SFM,-1.000,$92.29,-0.70%
NASDAQ:SFNC,2 Oct 2025,$20.10,3,$22.60,8,2.89,$22.95,-12.43%,,,,$23.97,4.44%,$0.00,-100.00%,$0.00,-100.00%,SFNC,NASDAQ:SFNC,0.141,$24.14,-6.38%
NASDAQ:SFST,13 Apr 2026,$53.20,3,$64.00,7,,$62.20,-14.47%,,,,,-100.00%,-$2.00,-103.22%,-$2.00,-103.22%,SFST,NASDAQ:SFST,-2.000,,
NYSE:SG,22 Sep 2025,$11.88,3,$14.64,2,3.64,$7.08,67.81%,,,,$0.00,-100.00%,$0.00,-100.00%,$0.00,-100.00%,SG,NYSE:SG,-1.000,$7.99,83.23%
NYSE:SGHC,28 Oct 2025,$9.69,2,,,,$14.73,-34.25%,,,,,-100.00%,-$2.00,-113.58%,-$2.00,-113.58%,SGHC,NYSE:SGHC,-2.000,,
NASDAQ:SGHT,11 Dec 2025,$10.39,3,$6.67,5,5.00,$5.03,32.60%,,,,$0.00,-100.00%,$0.00,-100.00%,$0.00,-100.00%,SGHT,NASDAQ:SGHT,-1.000,$8.75,-23.77%
NASDAQ:SGML,12 Aug 2025,$7.24,3,,,5.00,$10.26,-29.42%,,,,$0.00,-100.00%,$0.00,-100.00%,$0.00,-100.00%,SGML,NASDAQ:SGML,-1.000,$20.62,
NASDAQ:SGRY,24 Aug 2025,$30.88,4,$30.70,8,0.66,$15.99,91.99%,,,,$15.50,-3.06%,$0.00,-100.00%,$0.00,-100.00%,SGRY,NASDAQ:SGRY,-0.872,$18.41,66.76%
NYSE:SHAK,19 Sep 2025,$85.64,2,$132.93,5,5.00,$58.00,47.66%,,,,$0.00,-100.00%,$0.00,-100.00%,$0.00,-100.00%,SHAK,NYSE:SHAK,-1.000,$81.48,63.14%
NASDAQ:SHBI,19 Mar 2026,$18.10,3,$20.50,6,1.43,$23.18,-21.92%,,,,$22.94,-1.04%,$0.00,-100.00%,$0.00,-100.00%,SHBI,NASDAQ:SHBI,-0.494,$22.75,-9.89%
NYSE:SHG,19 Nov 2025,$55.13,3,,5,1.35,$70.76,-22.09%,,,,$69.28,-2.09%,$0.00,-100.00%,$0.00,-100.00%,SHG,NYSE:SHG,-0.615,$97.29,
NASDAQ:SHIP,16 Feb 2026,$10.93,3,$16.00,10,2.26,$14.01,-22.00%,,,,$14.11,0.71%,$0.00,-100.00%,$0.00,-100.00%,SHIP,NASDAQ:SHIP,-0.219,$22.00,-27.27%
NASDAQ:SHLS,9 Feb 2026,$7.09,2,$10.69,7,3.21,$10.30,-31.21%,,,,$0.00,-100.00%,$0.00,-100.00%,$0.00,-100.00%,SHLS,NASDAQ:SHLS,-1.000,$10.74,-0.47%
NASDAQ:SHOP,22 Jan 2026,$148.25,3,$180.62,6,4.03,$123.56,19.99%,,,,$0.00,-100.00%,$0.00,-100.00%,$0.00,-100.00%,SHOP,NASDAQ:SHOP,-1.000,$148.93,21.28%
NASDAQ:SHPH,28 Oct 2025,$5.16,3,,,,$3.16,63.16%,,,,$0.00,-100.00%,$0.00,-100.00%,$0.00,-100.00%,SHPH,NASDAQ:SHPH,-1.000,,
NYSE:SHW,15 May 2024,$256.70,1,,,2.96,$331.32,-22.52%,,,,$350.42,5.76%,$0.00,-100.00%,$0.00,-100.00%,SHW,NYSE:SHW,0.152,$378.90,
NASDAQ:SIBN,11 Dec 2025,$22.76,3,$23.20,6,4.94,$17.38,30.96%,,,,$0.00,-100.00%,$0.00,-100.00%,$0.00,-100.00%,SIBN,NASDAQ:SIBN,-1.000,$24.12,-3.81%
NYSE:SIG,27 Mar 2026,$92.19,3,$113.60,10,2.23,$91.65,0.59%,,,,$89.83,-1.99%,$294.16,220.96%,$288.77,215.08%,SIG,NYSE:SIG,-0.188,$110.44,2.86%
NASDAQ:SILC,9 Feb 2026,$16.71,3,,4,4.81,$44.06,-62.09%,,,,$0.00,-100.00%,$0.00,-100.00%,$0.00,-100.00%,SILC,NASDAQ:SILC,-1.000,$60.00,
NASDAQ:SIMO,27 Jan 2026,$94.86,1,$119.17,10,2.32,$264.33,-64.11%,,,,$247.81,-6.25%,$0.00,-100.00%,$0.00,-100.00%,SIMO,NASDAQ:SIMO,-0.117,$281.20,-57.62%
NASDAQ:SIRI,5 May 2025,$31.75,3,$22.14,6,2.81,$30.59,-27.62%,,,,$31.71,3.66%,$0.00,-100.00%,$0.00,-100.00%,SIRI,NASDAQ:SIRI,0.135,$28.00,-20.93%
NYSE:SITC,30 Jun 2026,$6.94,5,$6.00,3,4.77,$4.48,33.93%,33.93%,$6.00,$6.94,$4.85,8.26%,$0.00,-100.00%,$0.00,-100.00%,SITC,NYSE:SITC,0.912,$6.00,0.00%
NASDAQ:SITM,5 Feb 2026,$354.78,3,,,5.00,$554.97,-36.07%,,,,$0.00,-100.00%,$0.00,-100.00%,$0.00,-100.00%,SITM,NASDAQ:SITM,-1.000,$837.50,
NYSE:SJM,18 Aug 2025,$126.48,5,$113.93,4,1.92,$112.01,1.71%,,,,$112.14,0.12%,$290.31,159.18%,$453.76,305.11%,SJM,NYSE:SJM,-0.301,$122.31,-6.85%
NYSE:SKE,24 Oct 2025,$9.86,2,,,,$25.18,-60.84%,,,,$0.00,-100.00%,$0.00,-100.00%,$0.00,-100.00%,SKE,NYSE:SKE,-1.000,,
NASDAQ:SKWD,26 Aug 2025,$42.11,3,,,3.47,$59.21,-28.88%,,,,$0.00,-100.00%,$0.00,-100.00%,$0.00,-100.00%,SKWD,NASDAQ:SKWD,-1.000,$64.82,
NYSE:SKY,31 Mar 2026,$97.81,5,$102.33,4,3.59,$82.70,18.27%,,,,$0.00,-100.00%,$0.00,-100.00%,$0.00,-100.00%,SKY,NYSE:SKY,-1.000,$92.50,10.63%
NASDAQ:SKYT,26 May 2026,$23.87,3,$35.00,8,0.40,$31.36,-23.87%,,,,$28.79,-8.20%,$0.00,-100.00%,$0.00,-100.00%,SKYT,NASDAQ:SKYT,-0.984,$35.00,0.00%
NASDAQ:SLAB,27 Jan 2026,$111.32,1,,,1.65,$217.47,-48.81%,,,,$217.75,0.13%,$0.00,-100.00%,$0.00,-100.00%,SLAB,NASDAQ:SLAB,-0.406,$222.86,
NYSE:SLB,2 Jul 2026,$49.71,4,$63.13,9,3.00,$46.99,5.79%,5.79%,$49.71,$63.13,$48.19,2.55%,$0.00,-100.00%,$0.00,-100.00%,SLB,NYSE:SLB,0.133,$60.97,3.54%
NYSE:SLGN,29 Aug 2025,$46.96,3,$59.57,7,1.11,$47.18,-0.47%,,,,$46.25,-1.97%,$0.00,-100.00%,$0.00,-100.00%,SLGN,NYSE:SLGN,-0.677,$54.58,9.14%
NASDAQ:SLM,14 Jul 2026,$31.92,3,$29.00,8,2.97,$25.34,14.44%,14.44%,$28.64,$31.92,$26.14,3.16%,$0.00,-100.00%,$0.00,-100.00%,SLM,NASDAQ:SLM,0.159,$28.64,1.26%
NYSE:SM,20 Sep 2025,$40.61,3,$36.25,6,2.63,$31.32,15.74%,,,,$30.86,-1.47%,$0.00,-100.00%,$0.00,-100.00%,SM,NYSE:SM,-0.017,$38.67,-6.26%
NASDAQ:SMBK,7 Oct 2025,$38.18,3,$37.00,5,,$48.15,-23.16%,,,,,-100.00%,-$2.00,-104.15%,-$2.00,-104.15%,SMBK,NYSE:SMBK,-2.000,,
NYSE:SMFG,19 Aug 2025,$16.00,3,,,1.48,$24.95,-35.86%,,,,$24.61,-1.36%,$0.00,-100.00%,$0.00,-100.00%,SMFG,NYSE:SMFG,-0.512,$28.86,
NASDAQ:SMLR,11 Dec 2025,$21.60,3,$68.50,4,,#N/A,#N/A,,,,,#N/A,-$2.00,#N/A,-$2.00,#N/A,SMLR,NASDAQ:SMLR,-2.000,,
NYSE:SMR,14 Jan 2026,$19.90,3,$32.77,7,5.00,$7.72,157.78%,,,,$0.00,-100.00%,$0.00,-100.00%,$0.00,-100.00%,SMR,NYSE:SMR,-1.000,$14.80,121.42%
NYSE:SNDA,15 Nov 2024,$24.98,3,,,3.05,$40.84,-38.83%,,,,$0.00,-100.00%,$0.00,-100.00%,$0.00,-100.00%,SNDA,NYSE:SNDA,-1.000,$41.25,
NYSE:SNN,11 Dec 2025,$33.47,3,$35.75,3,,$30.59,9.41%,,,,,-100.00%,-$2.00,-106.54%,-$2.00,-106.54%,SNN,NYSE:SNN,-2.000,,
NASDAQ:SNSE,28 Oct 2025,$14.48,3,$30.00,,,#N/A,#N/A,,,,,#N/A,-$2.00,#N/A,-$2.00,#N/A,SNSE,NASDAQ:SNSE,-2.000,,
NYSE:SNV,18 Nov 2025,$47.73,3,$56.00,4,,#N/A,#N/A,,,,,#N/A,-$2.00,#N/A,-$2.00,#N/A,SNV,NYSE:SNV,-2.000,,
NYSE:SO,24 Oct 2025,$88.60,2,,,1.91,$95.30,-7.03%,,,,$95.68,0.40%,$0.00,-100.00%,$0.00,-100.00%,SO,NYSE:SO,-0.300,$101.45,
NASDAQ:SOFI,7 Jul 2025,$14.49,2,,,3.95,$17.28,-16.15%,,,,$0.00,-100.00%,$0.00,-100.00%,$0.00,-100.00%,SOFI,NASDAQ:SOFI,-1.000,$20.58,
NYSE:SON,19 Nov 2025,$53.35,3,$52.43,10,1.71,$56.57,-7.32%,,,,$55.87,-1.24%,$0.00,-100.00%,$0.00,-100.00%,SON,NYSE:SON,-0.396,$62.00,-15.44%
NASDAQ:SONO,22 Jan 2026,$16.57,3,$19.67,8,4.33,$15.11,9.68%,,,,$0.00,-100.00%,$0.00,-100.00%,$0.00,-100.00%,SONO,NASDAQ:SONO,-1.000,$19.12,2.88%
NYSE:SONY,18 Feb 2026,$26.99,4,$32.00,8,4.96,$21.12,27.79%,,,,$0.00,-100.00%,$0.00,-100.00%,$0.00,-100.00%,SONY,NYSE:SONY,-1.000,$29.38,8.92%
NASDAQ:SOUN,28 Jul 2025,$8.77,2,,,5.00,$6.27,39.87%,,,,$0.00,-100.00%,$0.00,-100.00%,$0.00,-100.00%,SOUN,NASDAQ:SOUN,-1.000,$13.14,
NASDAQ:SPFI,19 Nov 2025,$37.17,3,$43.00,2,2.06,$45.96,-19.13%,,,,$45.30,-1.44%,$0.00,-100.00%,$0.00,-100.00%,SPFI,NASDAQ:SPFI,-0.230,$48.75,-11.79%
NYSE:SPGI,25 Jun 2026,$468.23,5,,,1.74,$450.84,3.86%,3.86%,$468.23,$515.31,$449.67,-0.26%,$0.00,-100.00%,$0.00,-100.00%,SPGI,NYSE:SPGI,-0.390,$515.31,
NYSE:SPOT,19 May 2025,$495.00,2,$659.00,7,4.27,$478.14,3.53%,,,,$0.00,-100.00%,$0.00,-100.00%,$0.00,-100.00%,SPOT,NYSE:SPOT,-1.000,$599.64,9.90%
NASDAQ:SPSC,10 Feb 2026,$142.13,3,$102.87,2,3.19,$65.59,56.84%,,,,$0.00,-100.00%,$0.00,-100.00%,$0.00,-100.00%,SPSC,NASDAQ:SPSC,-1.000,$68.09,51.08%
NASDAQ:SPWR,9 Feb 2026,$1.50,3,,,5.00,$0.60,150.00%,,,,$0.00,-100.00%,$0.00,-100.00%,$0.00,-100.00%,SPWR,NASDAQ:SPWR,-1.000,$4.70,
NYSE:SPXC,16 May 2025,$153.79,3,$180.00,7,4.43,$211.73,-27.37%,,,,$0.00,-100.00%,$0.00,-100.00%,$0.00,-100.00%,SPXC,NYSE:SPXC,-1.000,$272.25,-33.88%
NYSE:SQNS,4 Feb 2026,$12.48,3,$14.50,5,,$2.91,328.87%,,,,,-100.00%,-$2.00,-168.73%,-$2.00,-168.73%,SQNS,NYSE:SQNS,-2.000,,
NASDAQ:SRCE,19 Nov 2025,$63.63,3,,,2.20,$83.48,-23.78%,,,,$83.90,0.50%,$0.00,-100.00%,$0.00,-100.00%,SRCE,NASDAQ:SRCE,-0.147,$80.33,
NASDAQ:SSB,9 Oct 2025,$96.36,3,,,,$103.19,-6.62%,,,,,-100.00%,-$2.00,-101.94%,-$2.00,-101.94%,SSB,NYSE:SSB,-2.000,,
NYSE:SSB,19 Nov 2025,$91.92,3,,,2.04,$103.19,-10.92%,,,,$103.14,-0.05%,$0.00,-100.00%,$0.00,-100.00%,SSB,NYSE:SSB,-0.253,$115.14,
NASDAQ:SSNC,22 Jan 2026,$86.73,3,$103.29,6,0.69,$69.56,24.68%,,,,$67.28,-3.28%,$0.00,-100.00%,$0.00,-100.00%,SSNC,NASDAQ:SSNC,-0.903,$93.00,11.06%
NASDAQ:SSRM,19 Aug 2025,$11.31,2,,,5.00,$25.57,-55.77%,,,,$0.00,-100.00%,$0.00,-100.00%,$0.00,-100.00%,SSRM,NASDAQ:SSRM,-1.000,$41.40,
NYSE:ST,16 Feb 2026,$42.55,5,$38.40,4,,$45.05,-14.76%,,,,,-100.00%,-$2.00,-104.44%,-$2.00,-104.44%,ST,NYSE:ST,-2.000,,
NYSE:STAG,19 Aug 2025,$40.11,5,$38.25,9,3.18,$41.68,-8.23%,,,,$43.62,4.65%,$0.00,-100.00%,$0.00,-100.00%,STAG,NYSE:STAG,0.280,$41.91,-8.73%
NASDAQ:STBA,27 May 2026,$47.60,3,$44.00,7,2.23,$49.97,-11.95%,,,,$50.09,0.24%,$0.00,-100.00%,$0.00,-100.00%,STBA,NASDAQ:STBA,-0.138,$48.50,-9.28%
NYSE:STC,6 Jan 2025,$58.82,3,$83.00,2,1.58,$72.00,-18.31%,,,,$71.55,-0.63%,$0.00,-100.00%,$0.00,-100.00%,STC,NYSE:STC,-0.462,$81.67,1.63%
NYSE:STE,4 Dec 2025,$261.00,3,$290.00,2,1.05,$217.84,19.81%,,,,$214.49,-1.54%,$0.00,-100.00%,$0.00,-100.00%,STE,NYSE:STE,-0.707,$256.86,12.90%
NYSE:STEL,19 Nov 2025,$31.12,3,$32.50,5,,#N/A,#N/A,,,,,#N/A,-$2.00,#N/A,-$2.00,#N/A,STEL,NYSE:STEL,-2.000,,
NASDAQ:STIM,4 Dec 2025,$1.24,3,,4,5.00,$1.62,-23.66%,,,,$0.00,-100.00%,$0.00,-100.00%,$0.00,-100.00%,STIM,NASDAQ:STIM,-1.000,$4.33,
NASDAQ:STKL,24 Aug 2025,$6.28,3,$10.00,3,,#N/A,#N/A,,,,,#N/A,-$2.00,#N/A,-$2.00,#N/A,STKL,NASDAQ:STKL,-2.000,,
NYSE:STLA,15 Dec 2025,$15.78,3,$11.43,6,2.20,$5.79,97.41%,,,,$5.82,0.52%,$0.00,-100.00%,$0.00,-100.00%,STLA,NYSE:STLA,-0.243,$8.89,28.57%
NASDAQ:STLD,20 Aug 2024,$128.16,3,,,2.48,$235.51,-45.58%,,,,$232.62,-1.23%,$0.00,-100.00%,$0.00,-100.00%,STLD,NASDAQ:STLD,-0.067,$271.33,
NYSE:STM,5 Feb 2026,$31.81,3,,,2.14,$62.06,-48.74%,,,,$59.14,-4.71%,$0.00,-100.00%,$0.00,-100.00%,STM,NYSE:STM,-0.212,$69.91,
NYSE:STN,23 Aug 2024,$76.85,2,,,2.03,$69.56,10.49%,,,,$69.41,-0.22%,$0.00,-100.00%,$0.00,-100.00%,STN,NYSE:STN,-0.308,$94.28,
NASDAQ:STNE,1 Dec 2025,$15.75,3,$21.00,6,3.47,$11.15,41.24%,,,,$11.50,3.14%,-$10.68,-195.77%,-$0.62,-105.54%,STNE,NASDAQ:STNE,0.320,$16.39,28.13%
NASDAQ:STRL,12 Jun 2025,$186.70,3,,,5.00,$638.56,-70.76%,,,,$0.00,-100.00%,$0.00,-100.00%,$0.00,-100.00%,STRL,NASDAQ:STRL,-1.000,$946.67,
NYSE:STT,22 Feb 2026,$119.80,2,$144.32,7,1.62,$182.50,-34.36%,,,,$179.68,-1.55%,$0.00,-100.00%,$0.00,-100.00%,STT,NYSE:STT,-0.413,$182.25,-20.81%
NYSE:STVN,16 Feb 2026,$17.21,3,$23.83,3,4.38,$19.17,-10.22%,,,,$0.00,-100.00%,$0.00,-100.00%,$0.00,-100.00%,STVN,NYSE:STVN,-1.000,$24.45,-2.54%
NYSE:SU,30 Jun 2026,$58.27,3,$71.58,9,2.64,$62.43,-6.66%,-6.66%,$58.27,$71.58,$63.66,1.97%,$0.00,-100.00%,$0.00,-100.00%,SU,NYSE:SU,0.036,$63.53,12.67%
NASDAQ:SUPN,23 Dec 2025,$50.64,3,$61.33,10,4.61,$48.04,5.40%,,,,$0.00,-100.00%,$0.00,-100.00%,$0.00,-100.00%,SUPN,NASDAQ:SUPN,-1.000,$63.50,-3.42%
NYSE:SUPV,19 Nov 2025,$12.63,4,$12.00,5,,$9.71,23.58%,,,,,-100.00%,-$2.00,-120.60%,-$2.00,-120.60%,SUPV,NYSE:SUPV,-2.000,,
NYSEAMERICAN:SVM,20 Aug 2025,$6.52,0,,1,,$8.92,-26.91%,,,,,-100.00%,-$2.00,-122.42%,-$2.00,-122.42%,SVM,NYSEAMERICAN:SVM,-2.000,,
NYSE:SW,22 Aug 2025,$50.29,5,$54.66,8,2.12,$44.30,13.53%,,,,$44.24,-0.14%,$0.00,-100.00%,$0.00,-100.00%,SW,NYSE:SW,-0.242,$54.82,-0.29%
NASDAQ:SWKS,27 Apr 2026,$82.45,5,$63.83,1,3.53,$59.35,7.55%,,,,$61.20,3.12%,$0.00,-100.00%,$0.00,-100.00%,SWKS,NASDAQ:SWKS,0.384,$72.94,-12.49%
NYSE:SXI,11 Nov 2025,$213.24,3,$264.25,5,2.73,$302.72,-29.56%,,,,$312.75,3.31%,$0.00,-100.00%,$0.00,-100.00%,SXI,NYSE:SXI,0.087,$290.80,-9.13%
NASDAQ:SYBT,13 Apr 2026,$73.37,3,$77.00,4,1.80,$81.14,-9.57%,,,,$80.53,-0.75%,$0.00,-100.00%,$0.00,-100.00%,SYBT,NASDAQ:SYBT,-0.328,$79.00,-2.53%
NYSE:SYF,19 Feb 2026,$71.94,3,$91.60,6,2.45,$73.62,-2.28%,,,,$72.86,-1.03%,$0.00,-100.00%,$0.00,-100.00%,SYF,NYSE:SYF,-0.094,$89.83,1.97%
NYSE:SYK,11 Dec 2025,$359.86,3,$434.53,3,0.94,$319.87,12.50%,,,,$313.25,-2.07%,$0.00,-100.00%,$0.00,-100.00%,SYK,NYSE:SYK,-0.764,$386.52,12.42%
NASDAQ:SYM,19 Nov 2025,$41.10,2,$52.14,6,5.00,$41.25,-0.37%,,,,$0.00,-100.00%,$0.00,-100.00%,$0.00,-100.00%,SYM,NASDAQ:SYM,-1.000,$65.67,-20.60%
NASDAQ:SYNA,27 Jan 2026,$98.81,4,$93.33,9,4.37,$114.05,-18.17%,,,,$0.00,-100.00%,$0.00,-100.00%,$0.00,-100.00%,SYNA,NASDAQ:SYNA,-1.000,$145.33,-35.78%
NYSE:SYY,23 Aug 2024,$74.21,3,,,2.14,$81.69,-9.16%,,,,$81.87,0.22%,$0.00,-100.00%,$0.00,-100.00%,SYY,NYSE:SYY,-0.196,$87.36,
NYSE:TAK,19 Oct 2025,$15.76,5,$18.00,6,,$17.15,-8.10%,,,,,-100.00%,-$2.00,-111.66%,-$2.00,-111.66%,TAK,NYSE:TAK,-2.000,,
NYSE:TAL,20 Aug 2025,$11.69,3,$12.31,4,5.00,$10.24,14.15%,,,,$0.00,-100.00%,$0.00,-100.00%,$0.00,-100.00%,TAL,NYSE:TAL,-1.000,$15.59,-21.04%
NASDAQ:TASK,30 Jan 2026,$15.02,3,$15.90,2,4.78,#N/A,#N/A,,,,$6.33,#N/A,$0.00,#N/A,$0.00,#N/A,TASK,NASDAQ:TASK,0.911,$9.50,67.37%
NASDAQ:TATT,24 Oct 2025,$40.25,3,,,5.00,$40.20,0.12%,,,,$0.00,-100.00%,$0.00,-100.00%,$0.00,-100.00%,TATT,NASDAQ:TATT,-1.000,$60.71,
NYSE:TBB,6 Nov 2025,$23.22,1,,1,,$22.69,2.34%,,,,,-100.00%,-$2.00,-108.81%,-$2.00,-108.81%,TBB,NYSE:TBB,-2.000,,
NYSE:TBBB,13 Jun 2025,$23.99,3,,,,$40.74,-41.12%,,,,,-100.00%,-$2.00,-104.91%,-$2.00,-104.91%,TBBB,NYSE:TBBB,-2.000,,
NASDAQ:TBBK,1 Jun 2026,$64.98,3,$66.00,4,3.39,$68.40,-4.99%,,,,$0.00,-100.00%,$0.00,-100.00%,$0.00,-100.00%,TBBK,NASDAQ:TBBK,-1.000,$73.67,-10.41%
NASDAQ:TBCH,27 Jan 2026,$17.12,3,$19.75,6,4.30,$13.01,31.59%,,,,$0.00,-100.00%,$0.00,-100.00%,$0.00,-100.00%,TBCH,NASDAQ:TBCH,-1.000,$16.40,20.43%
NYSE:TBN,11 Dec 2025,$26.01,3,$37.75,8,5.00,$31.43,-17.25%,,,,$0.00,-100.00%,$0.00,-100.00%,$0.00,-100.00%,TBN,NYSE:TBN,-1.000,$56.83,-33.57%
NASDAQ:TBRG,31 Dec 2025,$24.09,3,$21.00,5,,#N/A,#N/A,,,,$0.00,#N/A,$0.00,#N/A,$0.00,#N/A,TBRG,NASDAQ:TBRG,-1.000,$25.44,-17.45%
NASDAQ:TCBI,27 May 2026,$96.83,3,$105.20,4,3.21,$105.07,-7.84%,,,,$0.00,-100.00%,$0.00,-100.00%,$0.00,-100.00%,TCBI,NASDAQ:TCBI,-1.000,$109.38,-3.82%
NASDAQ:TCBK,27 May 2026,$51.81,3,$63.00,3,2.21,$60.52,-14.39%,,,,$60.87,0.58%,$0.00,-100.00%,$0.00,-100.00%,TCBK,NASDAQ:TCBK,-0.155,$61.17,2.99%
NYSE:TCBX,1 Jun 2026,$39.78,3,$45.00,5,3.32,$40.62,-2.06%,,,,$0.00,-100.00%,$0.00,-100.00%,$0.00,-100.00%,TCBX,NYSE:TCBX,-1.000,$43.25,4.05%
NASDAQ:TCMD,4 Dec 2025,$31.83,5,$26.67,8,4.87,$28.74,-7.20%,,,,$0.00,-100.00%,$0.00,-100.00%,$0.00,-100.00%,TCMD,NASDAQ:TCMD,-1.000,$39.50,-32.48%
NYSE:TD,19 Aug 2025,$67.13,3,$73.85,7,2.02,$123.60,-45.69%,,,,$123.28,-0.26%,-$577.97,-567.61%,-$566.20,-558.09%,TD,NYSE:TD,-0.218,$113.15,-34.73%
NYSE:TDC,11 Feb 2026,$35.11,5,$32.80,10,3.82,$30.52,7.47%,,,,$0.00,-100.00%,$0.00,-100.00%,$0.00,-100.00%,TDC,NYSE:TDC,-1.000,$35.50,-7.61%
NYSE:TDG,20 Sep 2024,"$1,185.75",2,"$1,509.83",4,2.92,"$1,214.43",-2.36%,,,,"$1,276.56",5.12%,$0.00,-100.00%,$0.00,-100.00%,TDG,NYSE:TDG,0.110,"$1,508.95",0.06%
NYSE:TDOC,22 Aug 2025,$12.69,3,$9.06,7,2.06,$9.43,-3.92%,,,,$0.00,-100.00%,$0.00,-100.00%,$0.00,-100.00%,TDOC,NYSE:TDOC,-1.000,$7.66,18.28%
NASDAQ:TEAM,11 Dec 2025,$216.58,3,$237.35,8,5.00,$93.29,132.16%,,,,$0.00,-100.00%,$0.00,-100.00%,$0.00,-100.00%,TEAM,NASDAQ:TEAM,-1.000,$139.70,69.90%
NYSE:TEL,19 Jan 2026,$189.61,1,$275.58,6,3.09,$203.31,-6.74%,,,,$208.48,2.54%,$0.00,-100.00%,$0.00,-100.00%,TEL,NYSE:TEL,0.180,$258.65,6.55%
NYSE:TEN,29 Apr 2026,$34.19,3,$50.00,8,3.48,$37.62,-9.12%,,,,$40.03,6.41%,$0.00,-100.00%,$0.00,-100.00%,TEN,NYSE:TEN,0.364,$46.00,8.70%
NASDAQ:TENB,23 Dec 2025,$34.90,3,$37.75,7,2.06,$39.88,-12.49%,,,,$0.00,-100.00%,$0.00,-100.00%,$0.00,-100.00%,TENB,NASDAQ:TENB,-1.000,$32.40,16.51%
NYSE:TEO,18 Sep 2025,$8.99,5,$9.60,3,2.88,$13.12,-31.48%,,,,$13.74,4.73%,$0.00,-100.00%,$0.00,-100.00%,TEO,NYSE:TEO,0.108,$15.54,-38.22%
NASDAQ:TER,19 Jan 2026,$152.12,1,$213.18,7,2.21,$322.36,-52.81%,,,,$299.26,-7.17%,$0.00,-100.00%,$0.00,-100.00%,TER,NASDAQ:TER,-0.222,$423.41,-49.65%
NYSE:TFC,19 Nov 2025,$46.61,3,$49.70,7,2.33,$52.50,-11.21%,,,,$53.04,1.03%,$0.00,-100.00%,$0.00,-100.00%,TFC,NYSE:TFC,-0.110,$55.10,-9.80%
NASDAQ:TFIN,2 Oct 2025,$64.43,3,$64.00,1,,$80.61,-20.61%,,,,,-100.00%,-$2.00,-102.48%,-$2.00,-102.48%,TFIN,NYSE:TFIN,-2.000,,
NYSE:TFIN,19 Nov 2025,$53.40,3,,,2.70,$80.61,-33.76%,,,,$0.00,-100.00%,$0.00,-100.00%,$0.00,-100.00%,TFIN,NYSE:TFIN,-1.000,$75.80,
NYSE:TFPM,16 Aug 2025,$20.81,1,,,2.28,$27.36,-23.93%,,,,$26.90,-1.68%,$0.00,-100.00%,$0.00,-100.00%,TFPM,NYSE:TFPM,-0.211,$39.00,
NASDAQ:TFSL,12 Oct 2025,$12.76,3,$13.50,4,,$18.28,-30.19%,,,,,-100.00%,-$2.00,-110.94%,-$2.00,-110.94%,TFSL,NASDAQ:TFSL,-2.000,,
NYSE:TGLS,23 Aug 2025,$69.51,3,,,0.94,$46.48,49.55%,,,,$44.65,-3.94%,$0.00,-100.00%,$0.00,-100.00%,TGLS,NYSE:TGLS,-0.767,$57.00,
NYSE:TGS,19 Nov 2025,$29.26,3,$13.33,7,4.77,$29.75,-55.19%,,,,$0.00,-100.00%,$0.00,-100.00%,$0.00,-100.00%,TGS,NYSE:TGS,-1.000,$40.29,-66.91%
NYSE:TGT,21 Sep 2025,$120.25,3,$103.27,3,3.07,$139.60,-26.02%,,,,$147.63,5.75%,$228.49,63.67%,$155.85,11.64%,TGT,NYSE:TGT,0.240,$133.70,-22.76%
NASDAQ:THFF,27 May 2026,$67.98,3,$70.00,5,2.03,$76.45,-11.08%,,,,$76.17,-0.37%,$0.00,-100.00%,$0.00,-100.00%,THFF,NASDAQ:THFF,-0.224,$74.50,-6.04%
NYSE:THO,29 Jul 2024,$143.00,5,,,2.73,$76.27,87.49%,,,,$80.15,5.09%,$160.74,110.75%,$211.17,176.88%,THO,NYSE:THO,0.037,$90.58,
NYSE:THR,19 Nov 2025,$40.68,4,$38.00,8,,#N/A,#N/A,,,,,#N/A,-$2.00,#N/A,-$2.00,#N/A,THR,NYSE:THR,-2.000,,
NASDAQ:THRY,11 Feb 2026,$8.29,3,$13.00,2,4.06,$3.85,115.23%,,,,$0.00,-100.00%,$0.00,-100.00%,$0.00,-100.00%,THRY,NASDAQ:THRY,-1.000,$4.67,178.37%
NASDAQ:TIGR,24 Oct 2025,$10.39,3,$11.86,9,5.00,$4.61,125.38%,,,,$0.00,-100.00%,$0.00,-100.00%,$0.00,-100.00%,TIGR,NASDAQ:TIGR,-1.000,$7.69,54.23%
NASDAQ:TILE,13 Feb 2025,$17.99,3,$30.00,7,3.56,$33.06,-45.60%,,,,$0.00,-100.00%,$0.00,-100.00%,$0.00,-100.00%,TILE,NASDAQ:TILE,-1.000,$36.75,-18.37%
NYSE:TJX,18 Aug 2025,$107.88,1,$144.77,9,3.61,$154.46,-30.16%,,,,$162.75,5.37%,$170.10,10.12%,$190.01,23.02%,TJX,NYSE:TJX,0.438,$177.63,-18.50%
NASDAQ:TKLF,19 Oct 2025,$5.59,3,,,,$2.22,151.80%,,,,,-100.00%,-$2.00,-190.09%,-$2.00,-190.09%,TKLF,NASDAQ:TKLF,-2.000,,
NYSE:TKR,16 Jun 2026,$121.71,2,$138.67,6,2.28,$137.78,-11.67%,,,,$133.98,-2.76%,$0.00,-100.00%,$0.00,-100.00%,TKR,NYSE:TKR,-0.131,$143.27,-3.21%
NASDAQ:TLRY,14 Aug 2025,$1.31,3,,,5.00,$4.30,-69.60%,,,,$0.00,-100.00%,$0.00,-100.00%,$0.00,-100.00%,TLRY,NASDAQ:TLRY,-1.000,$9.30,
NASDAQ:TLSI,11 Dec 2025,$8.40,3,$11.60,9,5.00,$4.29,95.76%,,,,$0.00,-100.00%,$0.00,-100.00%,$0.00,-100.00%,TLSI,NASDAQ:TLSI,-1.000,$9.00,28.89%
NASDAQ:TLX,11 Dec 2025,$12.46,3,,,,$10.46,19.08%,,,,,-100.00%,-$2.00,-119.12%,-$2.00,-119.12%,TLX,NASDAQ:TLX,-2.000,,
NYSE:TM,15 Dec 2025,$215.08,5,,9,,$177.61,21.10%,,,,,-100.00%,-$2.00,-101.13%,-$2.00,-101.13%,TM,NYSE:TM,-2.000,,
NASDAQ:TMC,18 Aug 2025,$4.39,3,,,5.00,$3.74,17.33%,,,,$0.00,-100.00%,$0.00,-100.00%,$0.00,-100.00%,TMC,NASDAQ:TMC,-1.000,$10.83,
NASDAQ:TMCI,4 Dec 2025,$3.25,3,$5.47,4,2.65,$4.30,-24.47%,,,,$0.00,-100.00%,$0.00,-100.00%,$0.00,-100.00%,TMCI,NASDAQ:TMCI,-1.000,$4.00,36.75%
NASDAQ:TMDX,11 Dec 2025,$138.40,3,$147.00,8,5.00,$73.98,87.08%,,,,$0.00,-100.00%,$0.00,-100.00%,$0.00,-100.00%,TMDX,NASDAQ:TMDX,-1.000,$114.00,28.95%
NYSE:TME,12 Aug 2025,$23.93,3,$19.85,8,,$9.12,117.65%,,,,,-100.00%,-$2.00,-121.93%,-$2.00,-121.93%,TME,NYSE:TME,-2.000,,
NYSE:TMHC,15 Jun 2026,$82.94,4,$62.90,9,2.63,$72.13,-12.80%,,,,$0.00,-100.00%,$0.00,-100.00%,$0.00,-100.00%,TMHC,NYSE:TMHC,-1.000,$66.75,-5.77%
NYSEAMERICAN:TMP,2 Oct 2025,$65.36,1,,,,$94.04,-30.50%,,,,,-100.00%,-$2.00,-102.13%,-$2.00,-102.13%,TMP,NYSEAMERICAN:TMP,-2.000,,
NYSE:TNC,11 Nov 2025,$100.24,5,$105.00,4,3.08,$86.11,16.41%,,,,$90.40,4.98%,$0.00,-100.00%,$0.00,-100.00%,TNC,NYSE:TNC,0.218,$93.50,12.30%
NASDAQ:TNDM,11 Dec 2025,$20.68,3,$23.06,9,5.00,$17.08,21.08%,,,,$0.00,-100.00%,$0.00,-100.00%,$0.00,-100.00%,TNDM,NASDAQ:TNDM,-1.000,$29.08,-20.70%
NYSE:TNET,15 Dec 2025,$73.13,3,$65.50,7,2.52,$59.56,9.97%,,,,$0.00,-100.00%,$0.00,-100.00%,$0.00,-100.00%,TNET,NYSE:TNET,-1.000,$53.80,21.75%
NASDAQ:TOI,15 Aug 2025,$3.94,3,$6.25,8,5.00,$5.35,-26.37%,,,,$0.00,-100.00%,$0.00,-100.00%,$0.00,-100.00%,TOI,NASDAQ:TOI,-1.000,$8.40,-25.60%
NYSE:TOL,1 Apr 2026,$149.13,5,$165.90,4,2.11,$150.76,-1.08%,,,,$151.67,0.60%,$161.33,7.01%,$168.91,12.04%,TOL,NYSE:TOL,-0.223,$168.20,-1.37%
NYSE:TOST,22 Jan 2026,$36.30,3,$46.56,4,3.73,$30.08,20.67%,,,,$0.00,-100.00%,$0.00,-100.00%,$0.00,-100.00%,TOST,NYSE:TOST,-1.000,$34.46,35.11%
NASDAQ:TOWN,2 Oct 2025,$37.19,3,$41.00,5,1.84,$36.57,1.69%,,,,$36.44,-0.36%,$0.00,-100.00%,$0.00,-100.00%,TOWN,NASDAQ:TOWN,-0.334,$39.25,4.46%
NYSE:TPB,18 Sep 2025,$86.86,3,,,5.00,$82.84,4.85%,,,,$0.00,-100.00%,$0.00,-100.00%,$0.00,-100.00%,TPB,NYSE:TPB,-1.000,$130.00,
NYSE:TPC,24 Dec 2025,$68.65,1,,,5.00,$78.62,-12.68%,,,,$0.00,-100.00%,$0.00,-100.00%,$0.00,-100.00%,TPC,NYSE:TPC,-1.000,$113.25,
NYSE:TPH,16 Mar 2026,$59.96,5,$46.50,1,,#N/A,#N/A,,,,,#N/A,-$2.00,#N/A,-$2.00,#N/A,TPH,NYSE:TPH,-2.000,,
NYSE:TPL,9 Apr 2025,$774.67,2,,9,1.44,$415.70,86.35%,,,,$405.69,-2.41%,$0.00,-100.00%,$0.00,-100.00%,TPL,NYSE:TPL,-0.510,$443.50,
NYSE:TPR,26 Aug 2025,$73.71,2,,,2.49,$141.46,-47.89%,,,,$142.64,0.83%,$0.00,-100.00%,$0.00,-100.00%,TPR,NYSE:TPR,-0.067,$166.75,
NASDAQ:TREE,11 Aug 2025,$78.94,3,$63.86,8,4.90,$46.25,38.08%,,,,$0.00,-100.00%,$0.00,-100.00%,$0.00,-100.00%,TREE,NASDAQ:TREE,-1.000,$63.83,0.05%
NYSE:TREX,9 Apr 2024,$83.55,2,,,3.85,$45.13,85.14%,,,,$0.00,-100.00%,$0.00,-100.00%,$0.00,-100.00%,TREX,NYSE:TREX,-1.000,$52.76,
NYSE:TRGP,1 Sep 2025,$152.25,2,$206.29,6,2.59,$282.91,-46.18%,,,,$289.94,2.48%,$0.00,-100.00%,$0.00,-100.00%,TRGP,NYSE:TRGP,0.011,$289.86,-28.83%
NASDAQ:TRI,26 Aug 2025,$160.83,2,,,2.58,$96.20,67.18%,,,,$97.06,0.89%,$0.00,-100.00%,$0.00,-100.00%,TRI,NASDAQ:TRI,-0.041,$119.33,
NASDAQ:TRMB,29 Jan 2026,$71.27,3,$98.71,5,5.00,$52.72,35.19%,,,,$0.00,-100.00%,$0.00,-100.00%,$0.00,-100.00%,TRMB,NASDAQ:TRMB,-1.000,$82.25,20.01%
NASDAQ:TRMK,19 Nov 2025,$39.99,3,$42.50,4,2.33,$46.88,-14.70%,,,,$47.19,0.66%,$0.00,-100.00%,$0.00,-100.00%,TRMK,NASDAQ:TRMK,-0.100,$47.65,-10.81%
NYSE:TRN,23 Aug 2025,$33.90,4,$29.00,3,,$36.47,-20.48%,,,,,-100.00%,-$2.00,-105.48%,-$2.00,-105.48%,TRN,NYSE:TRN,-2.000,,
NASDAQ:TROW,8 Jan 2026,$118.25,5,$113.60,7,1.06,$117.35,-3.20%,,,,$115.37,-1.69%,$0.00,-100.00%,$0.00,-100.00%,TROW,NASDAQ:TROW,-0.650,$110.08,3.20%
NASDAQ:TRST,19 Nov 2025,$40.35,3,,3,2.43,$54.92,-26.53%,,,,$56.22,2.37%,$0.00,-100.00%,$0.00,-100.00%,TRST,NASDAQ:TRST,0.036,$26.00,
NYSE:TRV,18 Sep 2025,$253.19,2,,,1.41,$368.98,-31.38%,,,,$341.24,-7.52%,$470.93,27.63%,$524.82,42.23%,TRV,NYSE:TRV,-0.483,$327.12,
NASDAQ:TSAT,19 Jan 2026,$24.33,2,,1,1.00,$36.38,-33.12%,,,,$0.00,-100.00%,$0.00,-100.00%,$0.00,-100.00%,TSAT,NASDAQ:TSAT,-1.000,$19.04,
NASDAQ:TSCO,14 July 2026,$48.46,3,$44.00,3,3.29,$30.51,44.22%,44.22%,$41.15,$48.46,$32.63,6.95%,$0.00,-100.00%,$0.00,-100.00%,TSCO,NASDAQ:TSCO,0.252,$41.15,6.93%
NASDAQ:TSEM,9 Feb 2026,$95.60,2,$131.00,10,4.70,$234.10,-59.16%,,,,$0.00,-100.00%,$0.00,-100.00%,$0.00,-100.00%,TSEM,NASDAQ:TSEM,-1.000,$313.83,-58.26%
NASDAQ:TSLA,15 Dec 2025,$312.61,1,$386.42,7,3.59,$380.84,-17.92%,,,,$0.00,-100.00%,$0.00,-100.00%,$0.00,-100.00%,TSLA,NASDAQ:TSLA,-1.000,$425.61,-9.21%
NYSE:TSN,26 Jun 2026,$58.80,4,$73.00,9,,$57.77,1.78%,1.78%,$58.80,$73.00,,-100.00%,-$2.00,-103.46%,-$2.00,-103.46%,TSN,NYSE:TSN,-2.000,,
NASDAQ:TSSI,4 Feb 2026,$12.86,4,$15.00,2,5.00,$9.76,31.76%,,,,$0.00,-100.00%,$0.00,-100.00%,$0.00,-100.00%,TSSI,NASDAQ:TSSI,-1.000,$18.00,-16.67%
NYSE:TT,31 Mar 2026,$379.88,2,$480.38,10,,$469.98,-19.17%,,,,,-100.00%,-$2.00,-100.43%,-$2.00,-100.43%,TT,NYSE:TT,-2.000,,
NYSE:TTC,3 Apr 2024,$80.79,2,,,2.74,$94.42,-14.44%,,,,$98.49,4.31%,$160.37,69.85%,$175.25,85.61%,TTC,NYSE:TTC,0.048,$109.25,
NASDAQ:TTGT,30 Jan 2026,$10.74,3,,,5.00,$3.72,188.65%,,,,$0.00,-100.00%,$0.00,-100.00%,$0.00,-100.00%,TTGT,NASDAQ:TTGT,-1.000,$10.67,
NASDAQ:TTMI,5 Feb 2026,$83.36,2,$100.00,7,5.00,$132.00,-36.85%,,,,$0.00,-100.00%,$0.00,-100.00%,$0.00,-100.00%,TTMI,NASDAQ:TTMI,-1.000,$212.00,-52.83%
NASDAQ:TTWO,12 Oct 2025,$173.47,1,,,4.00,$236.68,-26.71%,,,,$0.00,-100.00%,$0.00,-100.00%,$0.00,-100.00%,TTWO,NASDAQ:TTWO,-1.000,$284.14,
NYSE:TUYA,19 Aug 2025,$2.34,3,,,,$1.74,34.66%,,,,,-100.00%,-$2.00,-214.94%,-$2.00,-214.94%,TUYA,NYSE:TUYA,-2.000,,
NYSE:TV,3 Oct 2025,$2.63,3,$4.70,6,3.97,$2.71,-2.90%,,,,$2.84,4.80%,$0.00,-100.00%,$0.00,-100.00%,TV,NYSE:TV,0.544,$3.87,21.45%
NYSE:TWI,20 Sep 2024,$12.61,3,,,5.00,$7.66,64.58%,,,,$0.00,-100.00%,$0.00,-100.00%,$0.00,-100.00%,TWI,NYSE:TWI,-1.000,$11.75,
NYSE:TWLO,27 Jan 2026,$126.44,3,$147.11,8,2.96,$206.78,-38.86%,,,,$0.00,-100.00%,$0.00,-100.00%,$0.00,-100.00%,TWLO,NYSE:TWLO,-1.000,$205.24,-28.32%
NASDAQ:TXN,19 Jan 2026,$191.02,3,,,,$284.02,-32.74%,,,,,-100.00%,-$2.00,-100.70%,-$2.00,-100.70%,TXN,NASDAQ:TXN,-2.000,,
NASDAQ:TXRH,18 Sep 2025,$146.40,1,,,1.43,$197.03,-25.70%,,,,$195.19,-0.93%,$0.00,-100.00%,$0.00,-100.00%,TXRH,NASDAQ:TXRH,-0.497,$196.30,
NYSE:TYL,24 Aug 2025,$541.31,3,$682.54,7,4.85,$319.51,69.42%,,,,$0.00,-100.00%,$0.00,-100.00%,$0.00,-100.00%,TYL,NYSE:TYL,-1.000,$437.52,56.00%
NYSE:UA,23 Dec 2025,$10.78,3,$7.50,4,5.00,$7.28,3.02%,,,,$0.00,-100.00%,$0.00,-100.00%,$0.00,-100.00%,UA,NYSE:UA,-1.000,$14.00,-46.43%
NYSE:UAA,23 Dec 2025,$11.22,3,$5.58,3,2.23,$7.43,-24.90%,,,,$0.00,-100.00%,$0.00,-100.00%,$0.00,-100.00%,UAA,NYSE:UAA,-1.000,$6.28,-11.15%
NYSEAMERICAN:UAMY,3 Jul 2025,$7.55,1,$4.94,7,,#N/A,#N/A,,,,,#N/A,-$2.00,#N/A,-$2.00,#N/A,UAMY,NYSEAMERICAN:UAMY,-2.000,,
NYSE:UBER,3 Feb 2026,$84.31,3,$111.26,7,5.00,$72.46,16.35%,,,,$0.00,-100.00%,$0.00,-100.00%,$0.00,-100.00%,UBER,NYSE:UBER,-1.000,$104.41,6.56%
NYSE:UBS,19 Aug 2025,$37.97,3,,,1.85,$52.73,-27.99%,,,,$52.38,-0.66%,$0.00,-100.00%,$0.00,-100.00%,UBS,NYSE:UBS,-0.307,$52.20,
NASDAQ:UBSI,27 May 2026,$44.17,3,$47.00,7,2.26,$47.58,-7.17%,,,,$47.68,0.21%,$0.00,-100.00%,$0.00,-100.00%,UBSI,NASDAQ:UBSI,-0.132,$48.00,-2.08%
NASDAQ:UCB,21 Oct 2025,$31.41,3,$35.00,5,,$36.45,-13.83%,,,,,-100.00%,-$2.00,-105.49%,-$2.00,-105.49%,UCB,NYSE:UCB,-2.000,,
NYSE:UCB,19 Nov 2025,$31.12,3,$35.33,7,1.75,$36.45,-14.62%,,,,$36.29,-0.44%,$0.00,-100.00%,$0.00,-100.00%,UCB,NYSE:UCB,-0.373,$39.10,-9.64%
NASDAQ:UDMY,20 Aug 2025,$10.79,4,$10.00,5,,#N/A,#N/A,,,,,#N/A,-$2.00,#N/A,-$2.00,#N/A,UDMY,NASDAQ:UDMY,-2.000,,
NYSE:UDR,10 Sep 2025,$42.82,4,$44.23,9,1.46,$39.76,7.70%,,,,$39.39,-0.93%,$0.00,-100.00%,$0.00,-100.00%,UDR,NYSE:UDR,-0.495,$41.43,6.76%
NASDAQ:UFPI,31 Jan 2025,$119.95,3,$155.00,3,2.45,$85.93,39.59%,,,,$86.47,0.63%,$0.00,-100.00%,$0.00,-100.00%,UFPI,NASDAQ:UFPI,-0.087,$103.00,50.49%
NASDAQ:UFPT,4 Dec 2025,$299.56,3,,5,4.70,$242.05,23.76%,,,,$0.00,-100.00%,$0.00,-100.00%,$0.00,-100.00%,UFPT,NASDAQ:UFPT,-1.000,$324.50,
NYSE:UGP,20 Aug 2025,$4.45,3,$4.00,5,2.77,$6.25,-36.00%,,,,$6.39,2.24%,$0.00,-100.00%,$0.00,-100.00%,UGP,NYSE:UGP,0.090,$6.43,-37.79%
NYSE:UI,26 Jan 2026,$379.66,1,,,1.75,$545.95,-30.46%,,,,$526.49,-3.56%,$0.00,-100.00%,$0.00,-100.00%,UI,NYSE:UI,-0.445,$826.00,
NYSE:UIS,29 Jan 2026,$4.30,3,$4.00,5,5.00,$3.64,9.89%,,,,$0.00,-100.00%,$0.00,-100.00%,$0.00,-100.00%,UIS,NYSE:UIS,-1.000,$5.75,-30.43%
NYSE:UL,10 Sep 2025,$66.09,3,$67.00,6,,$62.39,5.93%,,,,,-100.00%,-$2.00,-103.21%,-$2.00,-103.21%,UL,NYSE:UL,-2.000,,
NYSE:ULS,19 Aug 2025,$55.15,1,,,1.93,$87.76,-37.16%,,,,$87.81,0.06%,$0.00,-100.00%,$0.00,-100.00%,ULS,NYSE:ULS,-0.331,$108.95,
NASDAQ:UMBF,27 May 2026,$132.22,3,$147.00,9,2.40,$145.99,-9.43%,,,,$147.18,0.82%,$0.00,-100.00%,$0.00,-100.00%,UMBF,NASDAQ:UMBF,-0.086,$157.77,-6.83%
NYSE:UMC,19 Jan 2026,$9.15,3,,,4.13,$21.25,-56.94%,,,,$22.71,6.87%,$0.00,-100.00%,$0.00,-100.00%,UMC,NYSE:UMC,0.756,$16.25,
NYSE:UNFI,24 Mar 2026,$78.83,5,$44.00,7,3.03,$49.10,-10.39%,,,,$0.00,-100.00%,$0.82,-98.33%,$64.79,31.96%,UNFI,NYSE:UNFI,-1.000,$49.38,-10.90%
NYSE:UNM,17 Feb 2025,$69.73,2,$100.00,7,2.20,$89.05,-21.70%,,,,$89.46,0.46%,$0.00,-100.00%,$0.00,-100.00%,UNM,NYSE:UNM,-0.186,$101.38,-1.36%
NYSE:UNP,21 May 2024,$230.08,3,,,1.24,$301.75,-23.75%,,,,$296.56,-1.72%,$0.00,-100.00%,$0.00,-100.00%,UNP,NYSE:UNP,-0.587,$306.21,
NASDAQ:UPBD,5 Feb 2026,$31.13,3,$29.00,6,2.72,$22.16,30.87%,,,,$23.45,5.82%,$0.00,-100.00%,$0.00,-100.00%,UPBD,NASDAQ:UPBD,0.011,$28.64,1.26%
NASDAQ:URBN,4 Apr 2026,$63.30,3,$87.71,9,1.12,$72.98,-13.26%,,,,$71.96,-1.40%,$158.76,117.54%,$142.57,95.35%,URBN,NASDAQ:URBN,-0.673,$84.85,3.37%
NYSE:URI,9 Apr 2025,$683.12,5,$774.77,6,1.57,"$1,045.21",-34.64%,,,,"$1,041.82",-0.32%,$0.00,-100.00%,$0.00,-100.00%,URI,NYSE:URI,-0.459,"$1,154.86",-32.91%
NASDAQ:UROY,18 Aug 2025,$3.73,4,$3.44,6,5.00,$2.81,22.42%,,,,$0.00,-100.00%,$0.00,-100.00%,$0.00,-100.00%,UROY,NASDAQ:UROY,-1.000,$4.40,-21.82%
NASDAQ:USAR,22 Jan 2026,$17.53,3,,,5.00,$15.65,12.01%,,,,$0.00,-100.00%,$0.00,-100.00%,$0.00,-100.00%,USAR,NASDAQ:USAR,-1.000,$39.50,
NYSE:USB,20 Mar 2026,$56.96,3,$64.06,8,2.26,$63.14,-9.79%,,,,$63.79,1.03%,$0.00,-100.00%,$0.00,-100.00%,USB,NYSE:USB,-0.142,$67.43,-5.00%
NYSEAMERICAN:USBC,29 Jan 2026,$0.61,1,,,,$0.34,79.41%,,,,,-100.00%,-$2.00,-688.24%,-$2.00,-688.24%,USBC,NYSEAMERICAN:USBC,-2.000,,
NASDAQ:UTHR,23 Dec 2025,$479.02,3,$521.25,5,4.19,$535.67,-10.57%,,,,$0.00,-100.00%,$0.00,-100.00%,$0.00,-100.00%,UTHR,NASDAQ:UTHR,-1.000,$663.46,-21.43%
NYSE:UTL,23 Jun 2026,$55.21,4,,,3.04,$54.55,1.20%,1.20%,$55.21,$55.67,$56.79,4.11%,$0.00,-100.00%,$0.00,-100.00%,UTL,NYSE:UTL,0.213,$55.67,
NASDAQ:UVSP,19 Nov 2025,$30.95,3,$34.00,4,2.08,$44.58,-30.56%,,,,$44.52,-0.13%,$0.00,-100.00%,$0.00,-100.00%,UVSP,NASDAQ:UVSP,-0.201,$42.67,-20.32%
NYSE:UVV,17 Mar 2026,$66.56,4,,2,2.88,$53.14,25.26%,,,,$54.72,2.97%,$0.00,-100.00%,$0.00,-100.00%,UVV,NYSE:UVV,0.061,$74.00,
NYSE:UWMC,26 Jun 2026,$3.01,4,$4.39,2,2.99,$2.02,49.01%,49.01%,$3.01,$4.39,$2.10,3.96%,$0.00,-100.00%,$0.00,-100.00%,UWMC,NYSE:UWMC,0.108,$4.22,4.03%
NYSE:V,7 Sep 2025,$315.05,2,$397.95,10,,$358.56,-12.13%,,,,,-100.00%,-$2.00,-100.56%,-$2.00,-100.56%,V,NYSE:V,-2.000,,
NYSE:VAL,30 Jun 2026,$84.57,3,$98.00,7,0.50,$76.54,10.50%,10.50%,$67.27,$98.00,$73.36,-4.15%,$0.00,-100.00%,$0.00,-100.00%,VAL,NYSE:VAL,-0.885,$67.27,45.68%
NYSE:VALE,14 Jan 2026,$14.72,4,$14.34,10,1.82,$14.19,1.06%,,,,$14.06,-0.92%,$0.00,-100.00%,$0.00,-100.00%,VALE,NYSE:VALE,-0.372,$17.14,-16.34%
NASDAQ:VBNK,24 Aug 2025,$12.54,3,$12.24,3,1.37,$21.15,-42.13%,,,,$20.62,-2.51%,-$35.77,-269.12%,-$35.13,-266.12%,VBNK,NASDAQ:VBNK,-0.556,$24.00,-49.00%
NASDAQ:VECO,5 Sep 2025,$35.14,3,$26.33,4,3.77,$52.27,-49.63%,,,,$0.00,-100.00%,$0.00,-100.00%,$0.00,-100.00%,VECO,NASDAQ:VECO,-1.000,$60.33,-56.36%
NYSE:VFC,26 Aug 2025,$31.37,5,$14.25,6,2.68,$16.98,-16.08%,,,,$17.57,3.47%,$0.00,-100.00%,$0.00,-100.00%,VFC,NYSE:VFC,0.014,$20.21,-29.49%
NASDAQ:VIAV,30 Jan 2026,$16.67,1,$25.06,2,0.70,$38.16,-56.30%,,,,$33.74,-11.58%,$0.00,-100.00%,$0.00,-100.00%,VIAV,NASDAQ:VIAV,-0.913,$64.57,-61.19%
NYSE:VICI,19 Jun 2026,$33.66,5,$34.09,9,3.27,$26.87,25.27%,,,,$28.22,5.02%,$51.74,92.56%,$51.80,92.78%,VICI,NYSE:VICI,0.265,$33.38,2.13%
NASDAQ:VICR,30 Jan 2026,$121.65,1,$187.50,8,5.00,$237.62,-48.80%,,,,$0.00,-100.00%,$0.00,-100.00%,$0.00,-100.00%,VICR,NASDAQ:VICR,-1.000,$406.25,-53.85%
NASDAQ:VISN,14 Jul 2026,$12.21,3,,,4.81,$12.13,0.65%,0.65%,$12.21,$17.33,$13.13,8.24%,$0.00,-100.00%,$0.00,-100.00%,VISN,NASDAQ:VISN,0.915,$17.33,
NYSE:VIST,13 Jun 2025,$50.56,3,$70.00,6,5.00,$64.02,-21.03%,,,,$0.00,-100.00%,$253.95,296.67%,$406.94,535.64%,VIST,NYSE:VIST,-1.000,$97.05,-27.87%
NYSE:VIV,17 Feb 2025,$11.28,3,$11.80,5,3.29,$13.95,-19.15%,,,,$14.40,3.23%,$0.00,-100.00%,$0.00,-100.00%,VIV,NYSE:VIV,0.311,$15.07,-21.70%
NASDAQ:VLGEA,17 Mar 2026,$43.63,3,,6,1.39,$44.49,-1.93%,,,,$44.03,-1.03%,$113.51,155.13%,$169.56,281.12%,VLGEA,NASDAQ:VLGEA,-0.443,,
NYSE:VLN,9 Feb 2026,$2.14,3,$3.33,6,5.00,$1.71,25.15%,,,,$0.00,-100.00%,$0.00,-100.00%,$0.00,-100.00%,VLN,NYSE:VLN,-1.000,$4.33,-23.09%
NYSE:VLO,29 Jun 2026,$198.17,1,$266.27,9,3.04,$309.65,-36.00%,-36.00%,$198.17,$276.33,$316.84,2.32%,$0.00,-100.00%,$0.00,-100.00%,VLO,NYSE:VLO,0.242,$276.33,-3.64%
NYSE:VLRS,22 Aug 2025,$7.94,3,$7.67,4,3.99,$7.66,0.13%,,,,$0.00,-100.00%,$0.00,-100.00%,$0.00,-100.00%,VLRS,NYSE:VLRS,-1.000,$9.17,-16.36%
NASDAQ:VLY,19 Nov 2025,$10.95,3,$13.73,9,2.35,$14.95,-26.74%,,,,$15.01,0.40%,$0.00,-100.00%,$0.00,-100.00%,VLY,NASDAQ:VLY,-0.113,$16.47,-16.64%
NYSE:VMC,31 Dec 2025,$246.19,1,$331.22,9,,$288.33,-14.62%,,,,,-100.00%,-$2.00,-100.69%,-$2.00,-100.69%,VMC,NYSE:VMC,-2.000,,
NASDAQ:VNDA,13 Nov 2025,$5.38,3,$15.50,8,5.00,$5.44,-1.14%,,,,$0.00,-100.00%,$0.00,-100.00%,$0.00,-100.00%,VNDA,NASDAQ:VNDA,-1.000,$14.12,9.77%
NASDAQ:VNET,9 Feb 2026,$7.43,1,$13.80,7,,$7.39,0.52%,,,,,-100.00%,-$2.00,-127.06%,-$2.00,-127.06%,VNET,NASDAQ:VNET,-2.000,,
NYSE:VNO,28 May 2026,$40.08,3,$31.60,8,2.59,$40.34,-21.67%,,,,$41.92,3.92%,$0.00,-100.00%,$0.00,-100.00%,VNO,NYSE:VNO,0.039,$36.62,-13.71%
NYSEAMERICAN:VNRX,11 Dec 2025,$0.32,1,$2.25,8,,$1.10,-70.91%,,,,,-100.00%,-$2.00,-281.82%,-$2.00,-281.82%,VNRX,NYSEAMERICAN:VNRX,-2.000,,
NYSE:VNT,11 Feb 2026,$45.33,3,$47.25,4,1.53,$30.35,49.35%,,,,$30.15,-0.66%,$0.00,-100.00%,$0.00,-100.00%,VNT,NYSE:VNT,-0.523,$39.70,19.02%
NASDAQ:VRDN,19 May 2025,$24.97,4,$37.70,3,5.00,$18.03,38.49%,,,,$0.00,-100.00%,$0.00,-100.00%,$0.00,-100.00%,VRDN,NASDAQ:VRDN,-1.000,$36.12,4.37%
NASDAQ:VREX,16 Dec 2025,$15.01,4,$15.33,7,5.00,$10.55,42.27%,,,,$0.00,-100.00%,$0.00,-100.00%,$0.00,-100.00%,VREX,NASDAQ:VREX,-1.000,$18.00,-14.83%
NASDAQ:VRRM,30 Jan 2026,$22.14,4,$25.00,5,5.00,$4.12,437.36%,,,,$0.00,-100.00%,$0.00,-100.00%,$0.00,-100.00%,VRRM,NASDAQ:VRRM,-1.000,$9.86,153.55%
NASDAQ:VSAT,30 Jan 2026,$27.54,2,$45.00,6,4.61,$71.48,-61.47%,,,,$0.00,-100.00%,$0.00,-100.00%,$0.00,-100.00%,VSAT,NASDAQ:VSAT,-1.000,$94.56,-52.41%
NYSE:VSCO,12 Jun 2025,$36.51,5,$22.56,8,,#N/A,#N/A,,,,$0.00,#N/A,$0.00,#N/A,$0.00,#N/A,VSCO,NYSE:VSCO,-1.000,$64.44,-64.99%
NYSE:VSH,28 Jan 2026,$21.32,3,$16.00,5,3.71,$37.81,-57.68%,,,,$39.90,5.53%,$0.00,-100.00%,$0.00,-100.00%,VSH,NYSE:VSH,0.538,$34.00,-52.94%
NYSE:VTEX,15 Dec 2025,$4.81,3,$6.10,1,5.00,$4.20,14.64%,,,,$0.00,-100.00%,$0.00,-100.00%,$0.00,-100.00%,VTEX,NYSE:VTEX,-1.000,$6.01,1.50%
NYSE:VTMX,15 Jun 2025,$34.66,3,$21.00,5,2.08,$34.61,-39.32%,,,,$34.66,0.14%,$0.00,-100.00%,$0.00,-100.00%,VTMX,NYSE:VTMX,-0.225,$36.90,-43.09%
NYSE:VTR,19 Sep 2025,$68.32,3,$76.83,9,,$96.10,-28.91%,,,,,-100.00%,-$2.00,-102.08%,-$2.00,-102.08%,VTR,NYSE:VTR,-2.000,,
NASDAQ:VVPR,9 Feb 2026,$2.07,3,,,,#N/A,#N/A,,,,,#N/A,-$2.00,#N/A,-$2.00,#N/A,VVPR,NASDAQ:VVPR,-2.000,,
NYSE:VVV,18 Sep 2025,$45.89,3,,,3.28,$39.97,14.82%,,,,$0.00,-100.00%,$0.00,-100.00%,$0.00,-100.00%,VVV,NYSE:VVV,-1.000,$42.20,
NYSE:VVX,11 Aug 2025,$66.16,5,$61.22,3,3.45,$75.61,-19.03%,,,,$0.00,-100.00%,$302.44,300.00%,$347.88,360.10%,VVX,NYSE:VVX,-1.000,$82.45,-25.75%
NYSE:VYX,25 Feb 2026,$13.06,5,$15.13,6,5.00,$8.21,59.04%,,,,$0.00,-100.00%,$0.00,-100.00%,$0.00,-100.00%,VYX,NYSE:VYX,-1.000,$12.96,16.74%
NYSEAMERICAN:VZLA,14 Aug 2025,$4.47,,$4.07,8,5.00,$3.07,32.57%,,,,$0.00,-100.00%,$0.00,-100.00%,$0.00,-100.00%,VZLA,NYSEAMERICAN:VZLA,-1.000,$6.63,-38.61%
NYSE:WAB,23 Aug 2025,$179.00,2,,,3.78,$262.08,-31.70%,,,,$0.00,-100.00%,$0.00,-100.00%,$0.00,-100.00%,WAB,NYSE:WAB,-1.000,$302.83,
NASDAQ:WABC,1 Jun 2026,$57.44,3,$58.00,4,2.42,$61.36,-6.39%,,,,$57.10,-6.94%,$0.00,-100.00%,$0.00,-100.00%,WABC,NASDAQ:WABC,-0.068,$64.00,-9.38%
NASDAQ:WAFD,27 May 2026,$37.31,3,$37.00,8,2.36,$38.12,-2.94%,,,,$38.05,-0.18%,$0.00,-100.00%,$0.00,-100.00%,WAFD,NASDAQ:WAFD,-0.083,$37.75,-1.99%
NYSE:WAL,14 Jul 2026,$86.73,3,$90.38,7,2.43,$82.30,5.39%,5.39%,$86.73,$90.53,$82.70,0.49%,$0.00,-100.00%,$0.00,-100.00%,WAL,NYSE:WAL,-0.075,$90.53,-0.17%
NASDAQ:WASH,27 May 2026,$34.83,3,$33.33,8,2.93,$36.62,-8.98%,,,,$38.16,4.21%,$0.00,-100.00%,$0.00,-100.00%,WASH,NASDAQ:WASH,0.188,$33.75,-1.24%
NYSE:WBS,10 Mar 2026,$76.23,3,$74.69,7,1.93,$76.01,-1.74%,,,,$76.00,-0.01%,$0.00,-100.00%,$0.00,-100.00%,WBS,NYSE:WBS,-0.275,$75.25,-0.74%
NYSE:WD,23 Dec 2025,$82.23,3,$84.00,6,1.58,$50.08,64.21%,,,,$49.54,-1.08%,$0.00,-100.00%,$0.00,-100.00%,WD,NYSE:WD,-0.507,$67.33,24.76%
NASDAQ:WDC,23 Aug 2024,$68.21,3,,,4.61,$477.22,-85.71%,,,,$0.00,-100.00%,$0.00,-100.00%,$0.00,-100.00%,WDC,NASDAQ:WDC,-1.000,$631.12,
NYSE:WDS,18 May 2026,$26.11,4,,6,3.39,$21.72,20.21%,,,,$22.30,2.67%,$0.00,-100.00%,$0.00,-100.00%,WDS,NYSE:WDS,0.354,,
NYSE:WEC,14 Jan 2026,$103.97,2,,,2.34,$113.35,-8.28%,,,,$114.18,0.73%,$0.00,-100.00%,$0.00,-100.00%,WEC,NYSE:WEC,-0.116,$124.36,
NYSE:WELL,18 Sep 2025,$151.80,2,,,1.87,$243.25,-37.60%,,,,$243.62,0.15%,$0.00,-100.00%,$0.00,-100.00%,WELL,NYSE:WELL,-0.300,$242.55,
NASDAQ:WEN,9 Sep 2025,$16.85,3,$11.97,6,2.07,$7.76,54.25%,,,,$7.67,-1.16%,$0.00,-100.00%,$0.00,-100.00%,WEN,NASDAQ:WEN,-0.213,$7.78,53.86%
NYSE:WF,19 Nov 2025,$51.73,3,,,1.65,$62.45,-17.17%,,,,$62.01,-0.70%,$0.00,-100.00%,$0.00,-100.00%,WF,NYSE:WF,-0.488,$93.48,
NYSE:WFC,14 Aug 2025,$71.42,3,$87.67,6,2.41,$87.51,-18.38%,,,,$87.56,0.06%,$0.00,-100.00%,$0.00,-100.00%,WFC,NYSE:WFC,-0.092,$98.48,-10.98%
NYSE:WFG,24 Oct 2025,$81.03,3,$95.74,7,2.55,$70.41,15.08%,,,,$70.64,0.33%,$0.00,-100.00%,$0.00,-100.00%,WFG,NYSE:WFG,-0.045,$84.33,13.53%
NASDAQ:WFRD,30 Jun 2026,$88.84,3,$121.78,10,3.22,$80.70,10.08%,10.08%,$88.84,$121.78,$82.55,2.29%,$0.00,-100.00%,$0.00,-100.00%,WFRD,NASDAQ:WFRD,0.209,$117.83,3.35%
NYSE:WGO,13 Sep 2024,$83.32,5,,,2.63,$30.70,171.38%,,,,$30.61,-0.29%,$0.00,-100.00%,$0.00,-100.00%,WGO,NYSE:WGO,-0.018,$38.00,
NYSE:WHD,18 Feb 2026,$69.67,3,$55.50,5,3.09,$54.50,1.83%,,,,$55.97,2.70%,$0.00,-100.00%,$0.00,-100.00%,WHD,NYSE:WHD,0.203,$63.89,-13.13%
NYSE:WIT,19 Jan 2026,$2.58,2,,7,1.44,$1.86,38.70%,,,,$1.83,-1.61%,$0.00,-100.00%,$0.00,-100.00%,WIT,NYSE:WIT,-0.503,$1.94,
NYSE:WK,10 Feb 2026,$82.53,4,$109.00,8,4.80,$57.18,44.33%,,,,$0.00,-100.00%,$0.00,-100.00%,$0.00,-100.00%,WK,NYSE:WK,-1.000,$77.80,40.10%
NYSE:WKC,16 Sep 2025,$32.51,4,$29.00,6,2.83,#N/A,#N/A,,,,$37.98,#N/A,$0.00,#N/A,$0.00,#N/A,WKC,NYSE:WKC,0.132,$29.33,-1.13%
NASDAQ:WKHS,12 Dec 2024,$1.13,,,4,,$2.63,-57.03%,,,,,-100.00%,-$2.00,-176.05%,-$2.00,-176.05%,WKHS,NASDAQ:WKHS,-2.000,,
NYSE:WMB,22 Jan 2026,$57.39,2,$71.00,9,,$73.38,-21.80%,,,,,-100.00%,-$2.00,-102.73%,-$2.00,-102.73%,WMB,NYSE:WMB,-2.000,,
NYSE:WMK,17 Mar 2026,$74.25,4,,4,1.85,$78.05,-4.87%,,,,$78.03,-0.03%,$0.00,-100.00%,$0.00,-100.00%,WMK,NYSE:WMK,-0.224,$31.00,
NYSE:WMS,5 May 2025,$162.55,3,$140.71,7,0.67,$147.55,-4.64%,,,,$143.13,-3.00%,$0.00,-100.00%,$0.00,-100.00%,WMS,NYSE:WMS,-0.889,$182.20,-22.77%
NYSE:WOR,16 Dec 2024,$43.00,4,,4,3.69,$55.77,-22.90%,,,,$59.08,5.94%,$81.47,46.08%,$94.16,68.83%,WOR,NYSE:WOR,0.468,$65.60,
NYSE:WPM,19 Nov 2025,$65.01,2,$128.93,7,2.57,$104.18,-37.60%,,,,$102.87,-1.26%,$0.00,-100.00%,$0.00,-100.00%,WPM,NYSE:WPM,-0.079,$171.45,-24.80%
NYSE:WPP,9 Sep 2025,$37.50,3,,6,,$19.05,96.82%,,,,,-100.00%,-$2.00,-110.50%,-$2.00,-110.50%,WPP,NYSE:WPP,-2.000,,
NASDAQ:WRLD,19 Nov 2025,$145.37,3,,1,2.82,$192.06,-24.31%,,,,$0.00,-100.00%,$0.00,-100.00%,$0.00,-100.00%,WRLD,NASDAQ:WRLD,-1.000,$185.00,
NASDAQ:WSBC,27 May 2026,$35.79,3,$39.75,9,2.53,$40.80,-12.28%,,,,$40.98,0.44%,$0.00,-100.00%,$0.00,-100.00%,WSBC,NASDAQ:WSBC,-0.008,$40.44,-1.71%
NASDAQ:WSC,19 Aug 2025,$32.85,3,$33.40,7,1.20,$27.23,20.65%,,,,$26.05,-4.33%,$0.00,-100.00%,$0.00,-100.00%,WSC,NASDAQ:WSC,-0.610,$28.40,17.61%
NASDAQ:WSFS,27 May 2026,$70.81,3,$78.70,6,2.22,$79.84,-11.30%,,,,$79.91,0.09%,$0.00,-100.00%,$0.00,-100.00%,WSFS,NASDAQ:WSFS,-0.155,$82.67,-4.80%
NYSE:WSM,19 Aug 2025,$178.74,2,,,3.31,$228.41,-21.75%,,,,$239.85,5.01%,$262.31,14.84%,$285.04,24.79%,WSM,NYSE:WSM,0.355,$212.63,
NYSE:WSO,1 Jul 2024,$356.65,1,,,2.25,$371.91,-4.10%,,,,$371.75,-0.04%,$0.00,-100.00%,$0.00,-100.00%,WSO,NYSE:WSO,-0.169,$430.20,
NYSE:WT,27 Aug 2025,$14.51,4,$13.88,8,1.87,$20.05,-30.77%,,,,$19.43,-3.09%,$0.00,-100.00%,$0.00,-100.00%,WT,NYSE:WT,-0.307,$20.56,-32.49%
NASDAQ:WTFC,28 Apr 2026,$145.18,3,$179.88,8,1.70,$164.30,-11.64%,,,,$164.26,-0.02%,$0.00,-100.00%,$0.00,-100.00%,WTFC,NASDAQ:WTFC,-0.398,$179.14,0.41%
NYSE:WTS,19 Nov 2025,$243.48,2,$290.50,3,2.40,$346.43,-29.72%,,,,$350.35,1.13%,$0.00,-100.00%,$0.00,-100.00%,WTS,NYSE:WTS,-0.072,$355.67,-18.32%
NASDAQ:WTW,3 Sep 2025,$319.57,3,,,3.76,$293.43,8.91%,,,,$0.00,-100.00%,$0.00,-100.00%,$0.00,-100.00%,WTW,NASDAQ:WTW,-1.000,$337.89,
NYSE:WU,9 Sep 2025,$14.43,3,$8.65,5,3.47,$8.88,-2.59%,,,,$9.20,3.60%,$0.00,-100.00%,$0.00,-100.00%,WU,NYSE:WU,0.414,$8.64,0.12%
NASDAQ:WULF,23 Dec 2025,$11.85,3,$21.73,10,0.55,$18.16,-34.72%,,,,$15.67,-13.71%,$0.00,-100.00%,$0.00,-100.00%,WULF,NASDAQ:WULF,-0.978,$38.59,-43.69%
NASDAQ:WVE,19 Aug 2025,$9.10,3,,,,$5.82,56.29%,,,,,-100.00%,-$2.00,-134.36%,-$2.00,-134.36%,WVE,NASDAQ:WVE,-2.000,,
NYSE:WWW,24 May 2026,$24.95,5,$22.50,8,2.31,$18.37,22.48%,,,,$18.53,0.87%,$0.00,-100.00%,$0.00,-100.00%,WWW,NYSE:WWW,-0.146,$21.70,3.69%
NASDAQ:XEL,18 Sep 2025,$67.13,2,,,2.98,$78.77,-14.78%,,,,$83.12,5.52%,$0.00,-100.00%,$0.00,-100.00%,XEL,NASDAQ:XEL,0.153,$92.17,
NASDAQ:XGN,25 Aug 2025,$7.35,3,,,5.00,$4.39,67.51%,,,,$0.00,-100.00%,$0.00,-100.00%,$0.00,-100.00%,XGN,NASDAQ:XGN,-1.000,$8.57,
NASDAQ:XMTR,23 Dec 2025,$38.29,2,,,2.88,$98.54,-61.15%,,,,$0.00,-100.00%,$0.00,-100.00%,$0.00,-100.00%,XMTR,NASDAQ:XMTR,-1.000,$96.25,
NASDAQ:XNET,11 Feb 2026,$5.15,3,,5,5.00,$5.77,-10.71%,,,,$0.00,-100.00%,$0.00,-100.00%,$0.00,-100.00%,XNET,NASDAQ:XNET,-1.000,$12.00,
NYSE:XOM,23 Aug 2024,$132.36,4,,,2.81,$147.36,-10.18%,,,,$152.63,3.58%,$0.00,-100.00%,$0.00,-100.00%,XOM,NYSE:XOM,0.084,$167.38,
NASDAQ:XP,26 Jun 2026,$17.06,3,$24.00,4,2.58,$16.67,2.34%,2.34%,$17.06,$24.00,$16.47,-1.20%,$0.00,-100.00%,$0.00,-100.00%,XP,NASDAQ:XP,-0.075,$23.45,2.35%
NASDAQ:XPEL,29 Nov 2024,$53.10,3,,,3.97,$43.25,22.78%,,,,$0.00,-100.00%,$0.00,-100.00%,$0.00,-100.00%,XPEL,NASDAQ:XPEL,-1.000,$51.67,
NYSE:XPEV,15 Dec 2025,$20.30,3,$29.67,6,,$13.53,50.06%,,,,,-100.00%,-$2.00,-114.78%,-$2.00,-114.78%,XPEV,NYSE:XPEV,-2.000,,
NYSE:XYF,9 Sep 2025,$13.63,3,,,,$4.64,193.69%,,,,,-100.00%,-$2.00,-143.10%,-$2.00,-143.10%,XYF,NYSE:XYF,-2.000,,
NYSE:XYL,11 Nov 2025,$146.77,2,,,1.94,$122.78,19.54%,,,,$123.28,0.41%,$0.00,-100.00%,$0.00,-100.00%,XYL,NYSE:XYL,-0.321,$150.76,
NYSE:XYZ,11 Feb 2026,$75.58,3,,,3.75,$79.94,-5.45%,,,,$0.00,-100.00%,$0.00,-100.00%,$0.00,-100.00%,XYZ,NYSE:XYZ,-1.000,$91.92,
NYSE:YALA,11 Feb 2026,$6.10,3,,6,,$5.38,13.38%,,,,,-100.00%,-$2.00,-137.17%,-$2.00,-137.17%,YALA,NYSE:YALA,-2.000,,
NASDAQ:YB,11 Feb 2026,$20.18,3,,,,$13.84,45.79%,,,,,-100.00%,-$2.00,-114.45%,-$2.00,-114.45%,YB,NASDAQ:YB,-2.000,,
NYSE:YMM,11 Feb 2026,$11.83,4,$11.96,6,,$9.14,29.43%,,,,,-100.00%,-$2.00,-121.88%,-$2.00,-121.88%,YMM,NYSE:YMM,-2.000,,
NYSE:YPF,12 Feb 2026,$42.64,3,$39.40,2,3.82,$49.68,-20.69%,,,,$0.00,-100.00%,$0.00,-100.00%,$0.00,-100.00%,YPF,NYSE:YPF,-1.000,$57.83,-31.87%
NYSE:YUM,18 Sep 2025,$140.70,3,,,,$147.92,-4.88%,,,,,-100.00%,-$2.00,-101.35%,-$2.00,-101.35%,YUM,NYSE:YUM,-2.000,,
NASDAQ:YYGH,19 Aug 2025,$1.90,3,,,,$1.06,79.67%,,,,,-100.00%,-$2.00,-288.68%,-$2.00,-288.68%,YYGH,NASDAQ:YYGH,-2.000,,
NYSE:ZBH,11 Dec 2025,$110.32,5,$103.50,5,1.37,$91.12,13.59%,,,,$90.64,-0.53%,$0.00,-100.00%,$0.00,-100.00%,ZBH,NYSE:ZBH,-0.543,$98.60,4.97%
NASDAQ:ZBRA,30 Jan 2026,$311.75,3,$319.75,8,4.23,$267.40,16.59%,,,,$0.00,-100.00%,$0.00,-100.00%,$0.00,-100.00%,ZBRA,NASDAQ:ZBRA,-1.000,$333.18,-4.03%
NASDAQ:ZD,23 Feb 2024,$75.69,3,,,2.58,$53.98,40.23%,,,,$0.00,-100.00%,$0.00,-100.00%,$0.00,-100.00%,ZD,NASDAQ:ZD,-1.000,$49.40,
NASDAQ:ZEUS,22 Aug 2025,$42.35,3,$38.00,3,,#N/A,#N/A,,,,$0.00,#N/A,$0.00,#N/A,$0.00,#N/A,ZEUS,NASDAQ:ZEUS,-1.000,$38.00,0.00%
NYSE:ZGN,23 Dec 2025,$14.49,4,$11.45,8,,$13.90,-17.63%,,,,,-100.00%,-$2.00,-114.39%,-$2.00,-114.39%,ZGN,NYSE:ZGN,-2.000,,
NYSE:ZH,3 Sep 2025,$6.32,4,,8,,$3.17,99.46%,,,,,-100.00%,-$2.00,-163.09%,-$2.00,-163.09%,ZH,NYSE:ZH,-2.000,,
NYSE:ZIM,19 Nov 2025,$20.23,4,$11.83,3,2.14,$24.30,-51.32%,,,,$24.24,-0.25%,$0.00,-100.00%,$0.00,-100.00%,ZIM,NYSE:ZIM,-0.188,$24.95,-52.59%
NASDAQ:ZION,12 Oct 2025,$55.40,3,,,1.93,$72.27,-23.34%,,,,$72.09,-0.25%,$0.00,-100.00%,$0.00,-100.00%,ZION,NASDAQ:ZION,-0.280,$73.19,
NASDAQ:LULU,30 Mar 2026,$260.18,3,$182.42,2,3.53,$116.33,56.81%,,,,$0.00,-100.00%,$176.18,51.45%,$257.85,121.66%,LULU,NASDAQ:LULU,-1.000,$128.73,41.71%
NYSE:LOW,26 Mar 2026,$245.53,4,$293.29,8,2.46,$208.73,17.63%,,,,$210.93,1.05%,$301.28,44.34%,$349.69,67.53%,LOW,NYSE:LOW,-0.098,$263.73,11.21%
NYSE:OII,30 Jun 2026,$31.11,2,$38.00,10,0.27,$42.28,-26.41%,-26.41%,$31.11,$38.00,$39.15,-7.40%,$0.00,-100.00%,$0.00,-100.00%,OII,NYSE:OII,-0.981,$36.50,4.11%
NASDAQ:SPOK,10 Apr 2026,$17.65,5,$14.00,4,2.58,$10.64,31.58%,,,,$10.68,0.38%,$0.00,-100.00%,$0.00,-100.00%,SPOK,NASDAQ:SPOK,-0.056,$14.00,0.00%
NYSE:HTGC,30 Mar 2026,$16.87,3,$19.25,4,2.89,$16.17,4.32%,,,,$16.75,3.59%,$0.00,-100.00%,$0.00,-100.00%,HTGC,NYSE:HTGC,0.110,$19.03,1.16%
NASDAQ:RWAY,30 Mar 2026,$9.18,4,$8.00,6,2.88,$5.63,42.10%,,,,$5.88,4.44%,$0.00,-100.00%,$0.00,-100.00%,RWAY,NASDAQ:RWAY,0.060,$8.29,-3.50%
NASDAQ:CCAP,30 Mar 2026,$15.59,3,$14.25,6,3.04,$11.05,28.96%,,,,$11.46,3.71%,$0.00,-100.00%,$0.00,-100.00%,CCAP,NASDAQ:CCAP,0.158,$14.00,1.79%
NASDAQ:CCEP,19 Mar 2026,$99.72,3,$108.12,7,,$105.18,-5.19%,,,,,-100.00%,-$2.00,-101.90%,-$2.00,-101.90%,CCEP,NASDAQ:CCEP,-2.000,,
NASDAQ:CIVB,19 Mar 2026,$24.05,3,$27.33,6,2.19,$28.51,-15.65%,,,,$28.56,0.18%,$0.00,-100.00%,$0.00,-100.00%,CIVB,NASDAQ:CIVB,-0.165,$29.00,-5.76%
NASDAQ:AUPH,1 Jun 2026,$13.51,3,$15.67,7,3.33,$15.96,-15.38%,,,,$0.00,-100.00%,$0.00,-100.00%,$0.00,-100.00%,AUPH,NASDAQ:AUPH,-1.000,$17.00,-7.82%
NASDAQ:CASS,24 Jun 2026,$50.17,3,,,2.88,$53.32,-5.91%,-5.91%,$50.17,$54.00,$55.46,4.01%,$0.00,-100.00%,$0.00,-100.00%,CASS,NASDAQ:CASS,0.143,$54.00,
NASDAQ:EXEL,1 May 2026,$47.67,3,$46.00,6,2.58,$55.92,-17.74%,,,,$0.00,-100.00%,$0.00,-100.00%,$0.00,-100.00%,EXEL,NASDAQ:EXEL,-1.000,$51.19,-10.14%
NASDAQ:PBYI,1 Jun 2026,$5.88,3,$5.00,6,0.40,$8.53,-41.38%,,,,$8.04,-5.74%,$0.00,-100.00%,$0.00,-100.00%,PBYI,NASDAQ:PBYI,-0.864,$5.00,0.00%
NASDAQ:LEGH,29 Jun 2026,$32.03,4,$28.00,8,2.85,$26.79,4.52%,4.52%,$26.00,$32.03,$0.00,-100.00%,$0.00,-100.00%,$0.00,-100.00%,LEGH,NASDAQ:LEGH,-1.000,$26.00,7.69%
NYSE:UHS,30 Mar 2026,$213.24,5,$245.00,3,1.91,$151.16,41.07%,,,,$151.54,0.25%,$0.00,-100.00%,$0.00,-100.00%,UHS,NYSE:UHS,-0.363,$206.18,18.83%
NYSE:EMA,30 Mar 2026,$47.50,2,,,3.63,$55.11,-13.81%,,,,$0.00,-100.00%,$0.00,-100.00%,$0.00,-100.00%,EMA,NYSE:EMA,-1.000,$62.00,
NYSE:NXDT,30 Mar 2026,$4.25,3,,,3.11,$5.62,-24.38%,,,,$5.90,4.98%,$0.00,-100.00%,$0.00,-100.00%,NXDT,NYSE:NXDT,0.245,,
NASDAQ:LOGI,30 Mar 2026,$102.94,4,$112.27,6,1.76,$102.83,0.11%,,,,$101.80,-1.00%,$0.00,-100.00%,$0.00,-100.00%,LOGI,NASDAQ:LOGI,-0.368,$111.20,0.96%
NASDAQ:ACAD,14 Jun 2026,$22.38,3,$32.18,7,4.38,$25.60,-12.57%,,,,$0.00,-100.00%,$0.00,-100.00%,$0.00,-100.00%,ACAD,NASDAQ:ACAD,-1.000,$32.65,-1.44%
NASDAQ:PDEX,31 Mar 2026,$63.00,4,,5,4.10,$57.38,9.80%,,,,$0.00,-100.00%,$0.00,-100.00%,$0.00,-100.00%,PDEX,NASDAQ:PDEX,-1.000,$70.00,
NYSE:HLF,10 Apr 2026,$16.11,3,$15.00,10,5.00,$11.99,25.10%,,,,$0.00,-100.00%,$0.00,-100.00%,$0.00,-100.00%,HLF,NYSE:HLF,-1.000,$18.33,-18.17%
NASDAQ:INVA,27 May 2026,$23.82,3,$34.50,8,5.00,$21.71,9.70%,,,,$0.00,-100.00%,$0.00,-100.00%,$0.00,-100.00%,INVA,NASDAQ:INVA,-1.000,$35.50,-2.82%
NYSE:MTH,31 Mar 2026,$81.04,5,$83.50,1,1.55,$74.17,9.26%,,,,$73.79,-0.51%,$0.00,-100.00%,$0.00,-100.00%,MTH,NYSE:MTH,-0.468,$81.62,2.30%
NYSE:CBT,29 Apr 2026,$98.58,5,$78.00,6,2.98,$90.39,-13.71%,,,,$94.00,3.99%,$0.00,-100.00%,$0.00,-100.00%,CBT,NYSE:CBT,0.193,$90.33,-13.65%
NASDAQ:JOYY,21 May 2026,$63.47,5,,,1.39,$70.07,-9.42%,,,,$68.19,-2.68%,$0.00,-100.00%,$0.00,-100.00%,JOYY,NASDAQ:JOYY,-0.544,$79.87,
NASDAQ:MU,22 Apr 2026,$420.62,3,$543.20,8,2.77,$848.95,-50.45%,,,,$917.74,8.10%,"$1,503.40",77.09%,"$1,608.68",89.49%,MU,NASDAQ:MU,0.008,"$1,489.57",-63.53%
NASDAQ:MDXG,22 Apr 2026,$5.83,3,$8.00,7,5.00,$4.30,35.67%,,,,$0.00,-100.00%,$0.00,-100.00%,$0.00,-100.00%,MDXG,NASDAQ:MDXG,-1.000,$6.60,21.21%
NASDAQ:RIGL,4 Apr 2026,$33.48,4,$45.67,9,4.68,$40.54,-17.41%,,,,$0.00,-100.00%,$0.00,-100.00%,$0.00,-100.00%,RIGL,NASDAQ:RIGL,-1.000,$54.20,-15.74%
NASDAQ:BKNG,15 Jun 2026,$206.77,5,$220.15,7,1.06,$181.68,13.81%,,,,$176.62,-2.79%,$0.00,-100.00%,$0.00,-100.00%,BKNG,NASDAQ:BKNG,-0.716,$224.66,-2.01%
NASDAQ:RMR,15 Jun 2026,$22.56,4,$21.00,7,1.94,$20.64,1.74%,,,,$20.65,0.05%,$0.00,-100.00%,$0.00,-100.00%,RMR,NASDAQ:RMR,-0.271,$20.75,1.20%
NYSE:REX,7 Apr 2026,$45.52,3,,,0.36,$47.32,-3.80%,,,,$42.96,-9.21%,$100.79,113.01%,$110.65,133.83%,REX,NYSE:REX,-0.986,$50.00,
NYSE:WS,23 Apr 2026,$36.83,3,$38.00,7,2.61,$35.33,4.24%,,,,$34.37,-2.72%,$44.79,26.76%,$55.44,56.91%,WS,NYSE:WS,-0.038,$46.00,-17.39%
NYSE:ARDT,9 Apr 2026,$17.13,3,$12.47,4,3.94,$10.15,22.86%,,,,$0.00,-100.00%,$0.00,-100.00%,$0.00,-100.00%,ARDT,NYSE:ARDT,-1.000,$12.05,3.49%
NASDAQ:BYRN,10 Apr 2026,$17.11,3,$20.50,4,5.00,$3.34,412.28%,,,,$0.00,-100.00%,$8.17,144.66%,$9.32,178.92%,BYRN,NASDAQ:BYRN,-1.000,$6.83,200.15%
NYSE:VTOL,30 Jun 2026,$44.08,3,$56.00,5,5.00,$44.17,-0.20%,-0.20%,$44.08,$62.00,$0.00,-100.00%,$0.00,-100.00%,$0.00,-100.00%,VTOL,NYSE:VTOL,-1.000,$62.00,-9.68%
NYSE:YELP,10 Apr 2026,$41.52,3,$25.00,3,3.09,$26.22,-4.65%,,,,$0.00,-100.00%,$0.00,-100.00%,$0.00,-100.00%,YELP,NYSE:YELP,-1.000,$26.71,-6.40%
NYSE:EMN,14 Jul 2026,$94.90,5,$84.75,8,3.99,$68.60,23.54%,23.54%,$82.33,$94.90,$72.91,6.28%,$0.00,-100.00%,$0.00,-100.00%,EMN,NYSE:EMN,0.595,$82.33,2.94%
NYSE:LEVI,24 Jun 2026,$25.35,4,$26.91,4,3.26,$24.36,4.06%,4.06%,$25.35,$28.20,$25.54,4.84%,$133.30,447.19%,$170.72,600.81%,LEVI,NYSE:LEVI,0.278,$28.20,-4.57%
NASDAQ:CWBC,14 Apr 2026,$22.95,3,$27.50,9,2.45,$27.16,-15.49%,,,,$27.26,0.37%,$0.00,-100.00%,$0.00,-100.00%,CWBC,NASDAQ:CWBC,-0.060,$28.88,-4.78%
NASDAQ:NRDS,16 Apr 2026,$15.41,5,$14.75,5,4.48,$9.26,59.29%,,,,$0.00,-100.00%,$0.00,-100.00%,$0.00,-100.00%,NRDS,NASDAQ:NRDS,-1.000,$12.00,22.92%
NYSE:LZB,29 Apr 2026,$50.16,5,$44.50,1,2.84,$39.87,11.61%,,,,$41.64,4.44%,$36.68,-7.99%,$69.52,74.37%,LZB,NYSE:LZB,0.096,$46.00,-3.26%
NASDAQ:UPWK,16 Apr 2026,$16.52,5,$21.22,4,4.87,$9.06,82.38%,,,,$0.00,-100.00%,$0.00,-100.00%,$0.00,-100.00%,UPWK,NASDAQ:UPWK,-1.000,$12.44,70.58%
NASDAQ:MTCH,16 Apr 2026,$41.38,5,$35.45,6,1.58,$39.15,-9.45%,,,,$38.86,-0.74%,$0.00,-100.00%,$0.00,-100.00%,MTCH,NASDAQ:MTCH,-0.441,$41.31,-14.19%
NASDAQ:REGN,29 Apr 2026,$775.92,3,$869.88,8,1.47,$676.69,14.66%,,,,$670.55,-0.91%,$0.00,-100.00%,$0.00,-100.00%,REGN,NASDAQ:REGN,-0.528,$820.72,5.99%
NASDAQ:INCY,1 Jun 2026,$81.23,2,$106.83,6,2.85,$117.25,-30.72%,,,,$0.00,-100.00%,$0.00,-100.00%,$0.00,-100.00%,INCY,NASDAQ:INCY,-1.000,$113.82,-6.14%
NYSE:LTC,29 Apr 2026,$40.57,4,$41.00,5,3.44,$41.75,-2.82%,,,,$43.92,5.20%,$0.00,-100.00%,$0.00,-100.00%,LTC,NYSE:LTC,0.396,$41.43,-1.04%
NYSE:ELV,8 May 2026,$512.46,3,$382.71,8,2.52,$373.11,2.57%,,,,$370.24,-0.77%,$0.00,-100.00%,$0.00,-100.00%,ELV,NYSE:ELV,-0.056,$447.62,-14.50%
NYSE:MOH,20 Apr 2026,$251.44,3,$142.77,6,2.68,$225.37,-36.65%,,,,$0.00,-100.00%,$0.00,-100.00%,$0.00,-100.00%,MOH,NYSE:MOH,-1.000,$210.76,-32.26%
NASDAQ:SAIC,29 Apr 2026,$138.59,5,$101.61,7,1.74,$115.51,-12.03%,,,,$115.07,-0.38%,$213.02,84.42%,$275.58,138.58%,SAIC,NASDAQ:SAIC,-0.368,$120.00,-15.33%
NYSE:CI,14 Jul 2026,$334.04,5,$343.67,10,2.45,$281.45,18.69%,18.69%,$334.04,$343.67,$283.17,0.61%,$0.00,-100.00%,$0.00,-100.00%,CI,NYSE:CI,-0.092,$340.92,0.81%
NYSE:TX,29 Apr 2026,$44.92,3,$43.17,7,3.70,$44.70,-3.42%,,,,$46.41,3.83%,$0.00,-100.00%,$0.00,-100.00%,TX,NYSE:TX,0.467,$53.27,-18.96%
NASDAQ:FDUS,28 Apr 2026,$22.45,3,,,2.04,$20.36,10.27%,,,,$20.36,0.00%,$0.00,-100.00%,$0.00,-100.00%,FDUS,NASDAQ:FDUS,-0.239,$21.50,
NYSE:OPFI,28 Apr 2026,$13.04,3,$15.50,7,2.21,$9.38,39.04%,,,,$9.32,-0.64%,$0.00,-100.00%,$0.00,-100.00%,OPFI,NYSE:OPFI,-0.240,$14.00,10.71%
NASDAQ:UAL,28 Apr 2026,$106.86,4,$130.71,5,4.72,$115.41,-7.41%,,,,$0.00,-100.00%,$236.34,104.78%,$257.44,123.07%,UAL,NASDAQ:UAL,-1.000,$155.05,-15.70%
NYSE:CNA,28 Apr 2026,$48.98,3,,6,1.97,$52.27,-6.30%,,,,$52.31,0.08%,$0.00,-100.00%,$0.00,-100.00%,CNA,NYSE:CNA,-0.228,$45.00,
NASDAQ:JBSS,28 Apr 2026,$92.51,4,$109.00,8,,$79.47,16.41%,,,,,-100.00%,-$2.00,-102.52%,-$2.00,-102.52%,JBSS,NASDAQ:JBSS,-2.000,,
NYSE:HMN,28 Apr 2026,$54.29,4,$48.00,6,0.93,$52.61,-8.76%,,,,$50.73,-3.57%,$0.00,-100.00%,$0.00,-100.00%,HMN,NYSE:HMN,-0.719,$52.00,-7.69%
NYSE:ENVA,28 Apr 2026,$163.50,3,$198.33,8,3.39,$232.52,-29.68%,,,,$0.00,-100.00%,$0.00,-100.00%,$0.00,-100.00%,ENVA,NYSE:ENVA,-1.000,$250.71,-20.89%
NYSE:CF,28 Apr 2026,$121.68,3,$130.71,6,1.54,$121.42,0.21%,,,,$119.54,-1.55%,$0.00,-100.00%,$0.00,-100.00%,CF,NYSE:CF,-0.457,$125.72,3.97%
NYSE:KMPR,28 Apr 2026,$53.67,3,$54.67,2,1.08,$28.02,91.53%,,,,$27.45,-2.03%,$0.00,-100.00%,$0.00,-100.00%,KMPR,NYSE:KMPR,-0.743,$51.00,7.20%
NYSE:RLI,28 Apr 2026,$66.40,5,$62.50,7,1.45,$61.57,1.51%,,,,$60.24,-2.16%,$0.00,-100.00%,$0.00,-100.00%,RLI,NYSE:RLI,-0.486,$60.75,2.88%
NASDAQ:MORN,28 Apr 2026,,,$280.00,7,0.46,$172.48,62.34%,,,,$149.85,-13.12%,$0.00,-100.00%,$0.00,-100.00%,MORN,NASDAQ:MORN,-1.000,$227.33,23.17%
NASDAQ:GEHC,28 Apr 2026,$91.01,5,$94.25,9,4.30,$63.07,44.30%,,,,$0.00,-100.00%,$0.00,-100.00%,$0.00,-100.00%,GEHC,NASDAQ:GEHC,-1.000,$79.44,18.64%
NASDAQ:NTRS,28 Apr 2026,$135.85,2,$169.95,5,1.01,$184.68,-26.44%,,,,$181.08,-1.95%,$0.00,-100.00%,$0.00,-100.00%,NTRS,NASDAQ:NTRS,-0.676,$179.35,-5.24%
NYSE:WES,2 Jul 2026,$43.13,1,,,3.45,$45.97,-6.18%,-6.18%,$43.13,$45.83,$47.80,3.98%,$0.00,-100.00%,$0.00,-100.00%,WES,NYSE:WES,0.401,$45.83,
NYSE:DHT,25 Jun 2026,$16.49,3,,,3.77,$17.41,-5.28%,-5.28%,$16.49,$20.20,$18.29,5.05%,$0.00,-100.00%,$0.00,-100.00%,DHT,NYSE:DHT,0.508,$20.20,
NYSE:D,21 May 2026,$62.63,3,$66.64,8,3.05,$71.04,-11.84%,,,,$74.59,5.00%,$0.00,-100.00%,$0.00,-100.00%,D,NYSE:D,0.226,$70.00,-4.80%
NASDAQ:CBK,1 Jun 2026,$30.03,3,,,2.99,$34.04,-11.77%,,,,$0.00,-100.00%,$0.00,-100.00%,$0.00,-100.00%,CBK,NASDAQ:CBK,-1.000,$34.00,
NYSE:ELPC,12 May 2026,$11.13,3,$13.10,8,3.64,$11.57,-3.78%,,,,$11.91,2.94%,$0.00,-100.00%,$0.00,-100.00%,ELPC,NYSE:ELPC,0.397,$16.93,-22.62%
NYSE:FDX,25 Jun 2026,$291.89,1,,,4.67,$312.98,-6.74%,-6.74%,$291.89,$352.43,$338.33,8.10%,$471.29,50.58%,$728.95,132.91%,FDX,NYSE:FDX,0.915,$352.43,
NYSE:FBK,27 May 2026,$53.58,3,$64.25,5,2.62,$59.96,-10.64%,,,,$61.36,2.33%,$0.00,-100.00%,$0.00,-100.00%,FBK,NYSE:FBK,0.008,$66.09,-2.78%
NYSE:AXTA,14 Jul 2026,$37.80,5,$36.40,5,3.70,$32.34,12.55%,12.55%,$36.40,$37.80,$0.00,-100.00%,$0.00,-100.00%,$0.00,-100.00%,AXTA,NYSE:AXTA,-1.000,$36.86,-1.25%
NASDAQ:LOPE,26 Jun 2026,$168.79,5,$209.33,3,5.00,$140.44,20.19%,20.19%,$168.79,$209.33,$0.00,-100.00%,$420.98,199.76%,$446.46,217.90%,LOPE,NASDAQ:LOPE,-1.000,$205.00,2.11%
NASDAQ:PAA,29 Jun 2026,$21.85,1,,,3.84,$23.87,-8.46%,-8.46%,$21.85,$24.06,$24.94,4.48%,$0.00,-100.00%,$0.00,-100.00%,PAA,NASDAQ:PAA,0.573,$24.06,
NASDAQ:NKSH,27 May 2026,$35.84,3,,7,2.56,$36.59,-2.06%,,,,$36.27,-0.87%,$0.00,-100.00%,$0.00,-100.00%,NKSH,NASDAQ:NKSH,-0.023,$41.00,
NYSE:KRC,15 Jun 2026,$46.60,5,$37.20,5,2.77,$40.25,-7.58%,,,,$41.60,3.35%,$0.00,-100.00%,$0.00,-100.00%,KRC,NYSE:KRC,0.111,$37.50,-0.80%
NASDAQ:MRBK,27 May 2026,$18.24,3,$21.00,7,2.32,$20.24,-9.88%,,,,$20.31,0.35%,$0.00,-100.00%,$0.00,-100.00%,MRBK,NASDAQ:MRBK,-0.132,$23.00,-8.70%
NYSE:TTE,30 Jun 2026,$85.46,4,$99.63,,3.85,$81.39,5.00%,5.00%,$85.46,$99.63,$84.21,3.46%,$0.00,-100.00%,$0.00,-100.00%,TTE,NYSE:TTE,0.542,$94.14,5.83%
NASDAQ:SMBC,27 May 2026,$70.66,3,$73.33,5,2.50,$77.44,-8.75%,,,,$77.23,-0.27%,$0.00,-100.00%,$0.00,-100.00%,SMBC,NASDAQ:SMBC,-0.022,$76.67,-4.36%
NYSE:EPD,30 Jun 2026,$36.66,1,,,3.73,$38.20,-4.03%,-4.03%,$36.66,$41.30,$39.72,3.98%,$0.00,-100.00%,$0.00,-100.00%,EPD,NYSE:EPD,0.508,$41.30,
NASDAQ:SHOE,14 Jul 2026,$26.62,5,,,3.07,$14.49,83.71%,83.71%,$26.62,$26.62,$15.92,9.87%,$0.00,-100.00%,$0.00,-100.00%,SHOE,NASDAQ:SHOE,0.141,$22.00,
NYSE:AD,16 Jul 2026,$35.29,3,,,4.77,$35.00,0.83%,0.83%,$35.29,$46.34,$37.42,6.91%,$0.00,-100.00%,$0.00,-100.00%,AD,NYSE:AD,0.913,$46.34,
NASDAQ:SCVL,15 Jun 2026,$31.19,5,,,,$14.49,115.25%,,,,,-100.00%,-$2.00,-113.80%,-$2.00,-113.80%,SCVL,NASDAQ:SHOE,-2.000,,
NYSE:SBR,30 Jun 2026,$69.55,3,,6,3.74,$73.01,-4.74%,-4.74%,$69.55,$69.55,$77.23,5.78%,$0.00,-100.00%,$0.00,-100.00%,SBR,NYSE:SBR,0.617,$32.50,
NYSE:MATV,14 Jul 2026,$11.50,5,,5,2.64,$8.02,43.44%,43.44%,$11.50,$21.00,$8.08,0.75%,$0.00,-100.00%,$0.00,-100.00%,MATV,NYSE:MATV,-0.049,$21.00,
NYSE:TK,30 Jun 2026,$11.24,3,,2,,$10.64,5.65%,5.65%,$11.24,$11.24,,-100.00%,-$2.00,-118.80%,-$2.00,-118.80%,TK,NYSE:TK,-2.000,,
NYSE:AVA,29 Jun 2026,$41.07,3,$39.25,5,3.83,$41.80,-6.10%,-6.10%,$39.25,$41.83,$44.58,6.65%,$0.00,-100.00%,$0.00,-100.00%,AVA,NYSE:AVA,0.569,$41.83,-6.17%
NYSE:TNK,16 Jun 2026,$68.85,3,$80.50,6,2.57,$70.07,-1.74%,,,,$70.21,0.20%,$0.00,-100.00%,$0.00,-100.00%,TNK,NYSE:TNK,-0.044,$87.00,-7.47%
NASDAQ:BCML,16 Jun 2026,$34.03,3,$33.00,7,2.62,$33.97,-2.86%,,,,$35.18,3.56%,$0.00,-100.00%,$0.00,-100.00%,BCML,NASDAQ:BCML,0.042,$32.67,1.01%
NYSE:CBL,23 Jun 2026,$47.75,3,$55.00,8,3.75,$55.27,-13.60%,-13.60%,$47.75,$60.00,$57.24,3.56%,$0.00,-100.00%,$0.00,-100.00%,CBL,NYSE:CBL,0.513,$60.00,-8.33%
NASDAQ:JCAP,14 Jul 2026,$21.86,3,,,4.65,$19.54,11.86%,11.86%,$21.86,$26.00,$0.00,-100.00%,$0.00,-100.00%,$0.00,-100.00%,JCAP,NASDAQ:JCAP,-1.000,$26.00,
NYSE:BKH,16 Jun 2026,$76.81,4,$83.00,9,3.64,$74.61,2.95%,,,,$79.01,5.90%,$0.00,-100.00%,$0.00,-100.00%,BKH,NYSE:BKH,0.451,$85.20,-2.58%
NYSE:CPK,25 Jun 2026,$113.77,3,,,2.81,$133.29,-14.64%,-14.64%,$113.77,$146.80,$140.83,5.66%,$0.00,-100.00%,$0.00,-100.00%,CPK,NYSE:CPK,0.092,$146.80,
NYSE:HESM,30 Jun 2026,$37.34,1,,,3.34,$40.34,-7.44%,-7.44%,$37.34,$37.34,$41.72,3.42%,$0.00,-100.00%,$0.00,-100.00%,HESM,NYSE:HESM,0.370,$37.17,
NYSE:SOBO,23 Jun 2026,$37.00,3,,,2.71,$37.83,-2.19%,-2.19%,$37.00,$37.00,$38.98,3.04%,$0.00,-100.00%,$0.00,-100.00%,SOBO,NYSE:SOBO,0.095,$33.59,
NYSE:AEE,16 Jun 2026,$106.67,3,$119.00,7,3.14,$111.55,-4.37%,,,,$117.66,5.48%,$0.00,-100.00%,$0.00,-100.00%,AEE,NYSE:AEE,0.243,$121.73,-2.24%
NYSE:SUN,24 Jun 2026,$65.25,3,,,3.82,$74.00,-11.82%,-11.82%,$65.25,$76.29,$76.82,3.81%,$0.00,-100.00%,$0.00,-100.00%,SUN,NYSE:SUN,0.557,$76.29,
NYSE:RGA,25 Jun 2026,$194.90,3,,,2.44,$241.79,-19.39%,-19.39%,$194.90,$257.44,$243.04,0.52%,$0.00,-100.00%,$0.00,-100.00%,RGA,NYSE:RGA,-0.064,$257.44,
NYSE:MPC,16 Jun 2026,$210.97,1,$279.30,8,3.14,$312.60,-32.51%,,,,$320.52,2.53%,$0.00,-100.00%,$0.00,-100.00%,MPC,NYSE:MPC,0.277,$290.65,-3.91%
NYSE:ATO,16 Jun 2026,$164.62,3,,,3.14,$177.68,-7.35%,,,,$185.58,4.45%,$0.00,-100.00%,$0.00,-100.00%,ATO,NYSE:ATO,0.250,$188.33,
NYSE:OMF,23 Jun 2026,$58.80,3,,,3.73,$60.30,-2.50%,-2.50%,$58.80,$68.21,$62.69,3.96%,$0.00,-100.00%,$0.00,-100.00%,OMF,NYSE:OMF,0.493,$68.21,
NYSE:SPG,25 Jun 2026,$192.49,3,$210.75,9,3.15,$228.70,-15.83%,-15.83%,$192.49,$224.42,$236.92,3.59%,$0.00,-100.00%,$0.00,-100.00%,SPG,NYSE:SPG,0.269,$224.42,-6.09%
NYSE:HTH,16 Jun 2026,$40.96,3,$39.50,3,2.70,$38.68,2.12%,,,,$40.12,3.72%,$0.00,-100.00%,$0.00,-100.00%,HTH,NYSE:HTH,0.059,$40.33,-2.06%
NASDAQ:HTO,23 Jun 2026,$57.81,3,,,2.87,$65.43,-11.65%,-11.65%,$57.81,$64.71,$66.83,2.14%,$0.00,-100.00%,$0.00,-100.00%,HTO,NASDAQ:HTO,0.147,$64.71,
NYSE:MLI,17 Jun 2026,$127.13,2,,,3.04,$59.13,115.00%,,,,$60.49,2.30%,$0.00,-100.00%,$0.00,-100.00%,MLI,NYSE:MLI,0.158,$74.50,
NYSE:EG,17 Jun 2026,$338.53,3,,,2.39,$382.57,-11.51%,,,,$379.96,-0.68%,$0.00,-100.00%,$0.00,-100.00%,EG,NYSE:EG,-0.082,$400.80,
NYSE:SR,23 Jun 2026,$82.84,4,,,3.41,$81.41,1.76%,1.76%,$82.84,$96.10,$86.52,6.28%,$0.00,-100.00%,$0.00,-100.00%,SR,NYSE:SR,0.341,$96.10,
NYSE:BFH,19 Jun 2026,$90.04,3,$98.33,10,2.18,$99.31,-9.33%,,,,$95.72,-3.61%,$0.00,-100.00%,$0.00,-100.00%,BFH,NYSE:BFH,-0.188,$109.73,-10.39%
NASDAQ:SNY,14 Jul 2026,$58.72,5,$53.50,6,3.47,$44.66,19.79%,19.79%,$53.50,$58.72,$46.03,3.07%,$0.00,-100.00%,$0.00,-100.00%,SNY,NASDAQ:SNY,0.359,$55.06,-2.83%
NASDAQ:TMUS,30 Jun 2026,$234.16,3,$254.24,7,,$192.43,21.69%,21.69%,$234.16,$254.24,,-100.00%,-$2.00,-101.04%,-$2.00,-101.04%,TMUS,NASDAQ:TMUS,-2.000,,
NYSE:ES,23 Jun 2026,$73.60,4,$70.67,8,3.26,$74.62,-5.29%,-5.29%,$70.67,$73.60,$78.13,4.70%,$0.00,-100.00%,$0.00,-100.00%,ES,NYSE:ES,0.322,$72.83,-2.97%
NASDAQ:TIGO,24 Jun 2026,$78.80,3,,,3.57,$98.34,-19.87%,-19.87%,$78.80,$87.80,$102.33,4.06%,$0.00,-100.00%,$0.00,-100.00%,TIGO,NASDAQ:TIGO,0.478,$87.80,
NASDAQ:EZPW,29 Jun 2026,$31.35,3,$41.00,9,4.36,$32.09,-2.31%,-2.31%,$31.35,$41.00,$0.00,-100.00%,$0.00,-100.00%,$0.00,-100.00%,EZPW,NASDAQ:EZPW,-1.000,$40.80,0.49%
NYSE:NRP,24 Jun 2026,$100.40,3,,,3.38,$96.40,4.15%,4.15%,$100.40,$100.40,$99.90,3.63%,$0.00,-100.00%,$0.00,-100.00%,NRP,NYSE:NRP,0.368,$96.00,
NYSE:DINO,24 Jun 2026,$67.54,3,$72.58,9,,$88.59,-23.76%,-23.76%,$67.54,$72.58,,-100.00%,-$2.00,-102.26%,-$2.00,-102.26%,DINO,NYSE:DINO,-2.000,,
NYSE:T,14 Jul 2026,$27.34,5,$29.43,7,3.79,$21.81,25.36%,25.36%,$27.34,$29.43,$23.47,7.61%,$16.62,-23.80%,$54.50,149.90%,T,NYSE:T,0.478,$29.21,0.75%
NYSE:HAL,30 Jun 2026,$33.26,3,$45.07,7,2.83,$35.22,-5.58%,-5.58%,$33.26,$45.07,$35.96,2.10%,$0.00,-100.00%,$0.00,-100.00%,HAL,NYSE:HAL,0.068,$44.04,2.34%
NYSE:TS,30 Jun 2026,$56.32,3,$63.20,7,3.06,$57.16,-1.46%,-1.46%,$56.32,$63.88,$58.41,2.19%,$0.00,-100.00%,$0.00,-100.00%,TS,NYSE:TS,0.201,$63.88,-1.06%
NYSE:TDW,30 Jun 2026,$68.88,3,,7,,$75.82,-9.15%,-9.15%,$68.88,$68.88,,-100.00%,-$2.00,-102.64%,-$2.00,-102.64%,TDW,NYSE:TDW,-2.000,,
NYSE:FLOC,14 Jul 2026,$22.44,4,,,0.98,$20.24,10.88%,10.88%,$22.44,$31.22,$19.54,-3.46%,$0.00,-100.00%,$0.00,-100.00%,FLOC,NYSE:FLOC,-0.787,$31.22,
NYSE:CLB,30 Jun 2026,$16.13,5,,,1.07,$11.34,42.24%,42.24%,$16.13,$16.13,$11.03,-2.73%,$0.00,-100.00%,$0.00,-100.00%,CLB,NYSE:CLB,-0.738,$15.50,
NASDAQ:SND,30 Jun 2026,$5.71,3,,6,3.53,$4.77,19.71%,19.71%,$5.71,$5.71,$5.01,5.03%,$0.00,-100.00%,$0.00,-100.00%,SND,NASDAQ:SND,0.520,$3.00,
NYSE:BWLP,26 Jun 2026,$17.09,3,,,3.02,$20.37,-16.10%,-16.10%,$17.09,$17.09,$20.84,2.31%,$0.00,-100.00%,$0.00,-100.00%,BWLP,NYSE:BWLP,0.206,,
NYSE:RCI,14 Jul 2026,$41.33,5,$42.53,10,2.71,$34.66,19.25%,19.25%,$40.73,$42.53,$35.72,3.06%,$0.00,-100.00%,$0.00,-100.00%,RCI,NYSE:RCI,0.034,$40.73,4.42%
NYSE:TIMB,30 Jun 2026,$23.56,4,$27.83,1,3.18,$22.14,6.40%,6.40%,$23.56,$27.83,$22.67,2.39%,$0.00,-100.00%,$0.00,-100.00%,TIMB,NYSE:TIMB,0.247,$25.37,9.70%
NYSE:UGI,2 Jul 2026,$38.21,4,$40.00,4,2.97,$36.62,4.33%,4.33%,$38.21,$43.33,$38.26,4.48%,$0.00,-100.00%,$0.00,-100.00%,UGI,NYSE:UGI,0.146,$43.33,-7.69%
NYSE:WSR,2 Jul 2026,$19.20,3,$19.00,7,,$18.99,0.05%,0.05%,$19.00,$19.20,,-100.00%,-$2.00,-110.53%,-$2.00,-110.53%,WSR,NYSE:WSR,-2.000,,
NYSE:BSM,2 Jul 2026,$13.68,1,,,3.63,$14.31,-4.40%,-4.40%,$13.68,$16.00,$14.98,4.68%,$0.00,-100.00%,$0.00,-100.00%,BSM,NYSE:BSM,0.456,$16.00,
NASDAQ:STRS,17 Jul 2026,$26.82,4,,3,4.17,$20.72,29.44%,29.44%,$26.82,$26.82,$21.87,5.55%,$0.00,-100.00%,$0.00,-100.00%,STRS,NASDAQ:STRS,0.667,,
NYSE:USAC,,,,,,4.66,$26.09,-100.00%,,,,$28.72,10.08%,$0.00,-100.00%,$0.00,-100.00%,USAC,NYSE:USAC,0.906,$29.60,
NASDAQ:SWBI,,,,,,4.14,$14.86,-100.00%,,,,$15.89,6.93%,$59.13,297.90%,$65.92,343.61%,SWBI,NASDAQ:SWBI,0.673,$17.25,
NYSE:INN,,,,,,4.25,$6.66,-100.00%,,,,$6.96,4.50%,$0.00,-100.00%,$0.00,-100.00%,INN,NYSE:INN,0.770,$6.19,
NYSE:NTST,,,,,,3.93,$22.26,-100.00%,,,,$23.28,4.58%,$0.00,-100.00%,$0.00,-100.00%,NTST,NYSE:NTST,0.608,$22.78,
NYSE:NE,,,,,,4.32,$41.50,-100.00%,,,,$43.38,4.53%,$0.00,-100.00%,$0.00,-100.00%,NE,NYSE:NE,0.749,$48.82,
NYSE:HUN,,,,,,4.04,$11.79,-100.00%,,,,$12.50,6.02%,$0.00,-100.00%,$0.00,-100.00%,HUN,NYSE:HUN,0.630,$13.58,
NYSE:DOW,,,,,,4.46,$29.92,-100.00%,,,,$31.99,6.92%,$0.00,-100.00%,$0.00,-100.00%,DOW,NYSE:DOW,0.794,$37.44,
NYSE:TU,,,,,,4.09,$10.40,-100.00%,,,,$11.08,6.54%,$0.00,-100.00%,$0.00,-100.00%,TU,NYSE:TU,0.597,$16.67,
NYSE:DKS,,,,,,3.89,$217.36,-100.00%,,,,$230.30,5.95%,$258.23,18.80%,"$5,772.45",2555.71%,DKS,NYSE:DKS,0.562,$250.14,
NYSE:GLP,,,,,,3.58,$47.80,-100.00%,,,,$50.73,6.13%,$0.00,-100.00%,$0.00,-100.00%,GLP,NYSE:GLP,0.470,$45.00,
NYSE:UAN,,,,,,3.40,$119.02,-100.00%,,,,$123.82,4.03%,$0.00,-100.00%,$0.00,-100.00%,UAN,NYSE:UAN,0.466,$9.50,
NYSE:BCE,,,,,,3.63,$21.84,-100.00%,,,,$23.03,5.45%,$0.00,-100.00%,$0.00,-100.00%,BCE,NYSE:BCE,0.424,$27.33,
NASDAQ:CMCSA,,,,,,3.93,$23.79,-100.00%,,,,$25.50,7.19%,$0.00,-100.00%,$0.00,-100.00%,CMCSA,NASDAQ:CMCSA,0.544,$31.18,
NYSE:CUBE,,,,,,3.80,$41.89,-100.00%,,,,$44.33,5.82%,$0.00,-100.00%,$0.00,-100.00%,CUBE,NYSE:CUBE,0.545,$43.69,
NYSE:XIFR,,,,,,3.97,$12.02,-100.00%,,,,$12.67,5.41%,$0.00,-100.00%,$0.00,-100.00%,XIFR,NYSE:XIFR,0.631,$12.09,
NASDAQ:RILY,,,,,,3.13,$6.83,-100.00%,,,,$7.15,4.69%,$0.00,-100.00%,$0.00,-100.00%,RILY,NASDAQ:RILY,0.345,$1.50,
NYSE:BCC,,,,,,3.21,$77.19,-100.00%,,,,$83.72,8.46%,$0.00,-100.00%,$0.00,-100.00%,BCC,NYSE:BCC,0.250,$92.33,
NYSE:CC,,,,,,4.34,$17.52,-100.00%,,,,$18.61,6.22%,$0.00,-100.00%,$0.00,-100.00%,CC,NYSE:CC,0.707,$25.33,
NASDAQ:BBCP,,,,,,3.94,$10.53,-100.00%,,,,$11.15,5.89%,$8.22,-21.92%,$10.39,-1.34%,BBCP,NASDAQ:BBCP,0.588,$12.00,
NASDAQ:PAGP,,,,,,3.71,$25.61,-100.00%,,,,$26.64,4.02%,$0.00,-100.00%,$0.00,-100.00%,PAGP,NASDAQ:PAGP,0.525,$24.43,
NYSE:AEO,,,,,,3.98,$17.03,-100.00%,,,,$18.52,8.75%,$59.72,250.66%,$56.49,231.71%,AEO,NYSE:AEO,0.602,$19.50,
NYSE:BEP,,,,,,3.86,$31.76,-100.00%,,,,$33.16,4.41%,$0.00,-100.00%,$0.00,-100.00%,BEP,NYSE:BEP,0.552,$35.85,
NASDAQ:NWE,,,,,,3.79,$72.06,-100.00%,,,,$76.61,6.31%,$0.00,-100.00%,$0.00,-100.00%,NWE,NASDAQ:NWE,0.550,$71.92,
NYSE:PINE,,,,,,3.48,$21.75,-100.00%,,,,$22.50,3.45%,$0.00,-100.00%,$0.00,-100.00%,PINE,NYSE:PINE,0.417,$21.36,
NYSE:LYB,,,,,,3.84,$59.17,-100.00%,,,,$62.15,5.04%,$0.00,-100.00%,$0.00,-100.00%,LYB,NYSE:LYB,0.537,$69.24,
NYSE:CODI,,,,,,3.79,$10.33,-100.00%,,,,$11.08,7.26%,$0.00,-100.00%,$0.00,-100.00%,CODI,NYSE:CODI,0.495,$13.00,
NYSE:KEN,,,,,,3.45,$65.91,-100.00%,,,,$68.54,3.99%,$0.00,-100.00%,$0.00,-100.00%,KEN,NYSE:KEN,0.488,$29.85,
NYSE:SPH,,,,,,3.46,$18.12,-100.00%,,,,$19.03,5.02%,$0.00,-100.00%,$0.00,-100.00%,SPH,NYSE:SPH,0.419,$17.00,
NASDAQ:VNOM,,,,,,3.43,$44.38,-100.00%,,,,$45.88,3.38%,$0.00,-100.00%,$0.00,-100.00%,VNOM,NASDAQ:VNOM,0.327,$57.06,
NYSE:ENR,,,,,,3.60,$20.23,-100.00%,,,,$21.52,6.38%,$0.00,-100.00%,$0.00,-100.00%,ENR,NYSE:ENR,0.453,$21.50,
NYSE:PII,,,,,,2.98,$73.20,-100.00%,,,,$76.25,4.17%,$0.00,-100.00%,$0.00,-100.00%,PII,NYSE:PII,0.205,$68.33,
NYSE:BIP,,,,,,3.69,$39.26,-100.00%,,,,$40.84,4.02%,$0.00,-100.00%,$0.00,-100.00%,BIP,NYSE:BIP,0.480,$44.18,
NYSE:CWEN,,,,,,3.77,$33.41,-100.00%,,,,$34.96,4.64%,$0.00,-100.00%,$0.00,-100.00%,CWEN,NYSE:CWEN,0.472,$43.75,
NYSE:OLN,,,,,,3.62,$21.99,-100.00%,,,,$23.04,4.77%,$0.00,-100.00%,$0.00,-100.00%,OLN,NYSE:OLN,0.432,$26.21,
NYSE:CTO,,,,,,3.19,$22.22,-100.00%,,,,$23.19,4.37%,$0.00,-100.00%,$0.00,-100.00%,CTO,NYSE:CTO,0.271,$23.50,
NYSE:MMM,,,,,,2.96,$159.84,-100.00%,,,,$167.52,4.80%,$0.00,-100.00%,$0.00,-100.00%,MMM,NYSE:MMM,0.166,$170.85,
NYSE:BWMX,,,,,,3.69,$18.34,-100.00%,,,,$19.03,3.76%,$0.00,-100.00%,$0.00,-100.00%,BWMX,NYSE:BWMX,0.419,$28.75,
NASDAQ:WDFC,,,,,,3.69,$246.79,-100.00%,,,,$267.80,8.51%,$375.91,52.32%,$392.23,58.93%,WDFC,NASDAQ:WDFC,0.486,$271.67,
NYSE:KRP,,,,,,4.05,$14.98,-100.00%,,,,$15.79,5.41%,$0.00,-100.00%,$0.00,-100.00%,KRP,NYSE:KRP,0.607,$19.00,
NYSE:BEPC,,,,,,3.99,$33.91,-100.00%,,,,$35.42,4.45%,$0.00,-100.00%,$0.00,-100.00%,BEPC,NYSE:BEPC,0.594,$41.00,
NYSE:SXC,,,,,,3.85,$8.37,-100.00%,,,,$8.78,4.90%,$0.00,-100.00%,$0.00,-100.00%,SXC,NYSE:SXC,0.547,$9.50,
NYSE:OUT,,,,,,3.83,$33.21,-100.00%,,,,$34.87,5.00%,$0.00,-100.00%,$0.00,-100.00%,OUT,NYSE:OUT,0.547,$36.33,
NYSE:FLNG,,,,,,3.65,$30.67,-100.00%,,,,$32.31,5.35%,$0.00,-100.00%,$0.00,-100.00%,FLNG,NYSE:FLNG,0.523,$25.88,
NYSE:NAT,,,,,,3.71,$6.05,-100.00%,,,,$6.33,4.63%,$0.00,-100.00%,$0.00,-100.00%,NAT,NYSE:NAT,0.518,$6.00,
NYSE:KGS,,,,,,3.83,$65.19,-100.00%,,,,$67.37,3.34%,$0.00,-100.00%,$0.00,-100.00%,KGS,NYSE:KGS,0.504,$83.93,
NYSE:GRNT,,,,,,3.87,$4.67,-100.00%,,,,$4.89,4.71%,$0.00,-100.00%,$0.00,-100.00%,GRNT,NYSE:GRNT,0.496,$7.60,
NYSE:TSM,,,,,,3.81,$398.37,-100.00%,,,,$417.28,4.75%,$513.74,28.96%,$594.03,49.12%,TSM,NYSE:TSM,0.490,$520.37,
NASDAQ:FEIM,,,,,,3.72,$65.90,-100.00%,,,,$69.47,5.42%,$0.00,-100.00%,$0.00,-100.00%,FEIM,NASDAQ:FEIM,0.490,$75.00,
NYSE:INSW,,,,,,3.67,$86.76,-100.00%,,,,$90.25,4.02%,$0.00,-100.00%,$0.00,-100.00%,INSW,NYSE:INSW,0.482,$93.00,
NASDAQ:CSCO,,,,,,3.69,$111.94,-100.00%,,,,$116.67,4.23%,$132.94,18.76%,$139.97,25.04%,CSCO,NASDAQ:CSCO,0.471,$129.09,
NASDAQ:GLPI,,,,,,3.69,$45.08,-100.00%,,,,$47.13,4.55%,$0.00,-100.00%,$0.00,-100.00%,GLPI,NASDAQ:GLPI,0.462,$54.26,
