Stock,Date,MS Fair Value,MS,Tips Target,Tips Stars,Stars,Current Price,Fair Value,Valid Fair Value,Low Price,High Price,"3 Mths
Target","3 Mths
Target %",Intrinsic Value Basic,Intrinsic Value Basic %,Intrinsic Value Adjusted,Intrinsic Value Adjusted %,🙈 Symbol,"🙈 Google
Symbol",Score,Analyst Target Price,Tip Ranks Difference
NYSE:AA,23 Jun 2026,$55.51,3,$78.71,7,3.16,$45.27,22.63%,,,,$48.00,6.03%,$83.00,83.34%,$88.97,96.54%,AA,NYSE:AA,0.187,$62.48,25.98%
NASDAQ:AAL,28 Jul 2025,$12.45,3,$13.73,1,5.00,$13.56,-8.18%,,,,$0.00,-100.00%,$65.96,386.43%,$95.14,601.65%,AAL,NASDAQ:AAL,-1.000,$19.60,-29.95%
NASDAQ:AAOI,30 Jan 2026,$36.44,3,$38.25,6,4.75,$112.02,-67.47%,,,,$0.00,-100.00%,$117.82,5.18%,$120.18,7.29%,AAOI,NASDAQ:AAOI,-1.000,$151.30,-74.72%
NASDAQ:AAON,22 Jan 2026,$81.94,2,$119.00,4,2.60,$107.68,-23.90%,,,,$105.50,-2.02%,$107.11,-0.53%,$100.85,-6.34%,AAON,NASDAQ:AAON,-0.069,$151.33,-21.36%
NASDAQ:AAPL,19 Jan 2026,$237.95,2,$299.69,8,1.52,$321.66,-26.02%,,,,$323.43,0.55%,$431.56,34.17%,$446.77,38.89%,AAPL,NASDAQ:AAPL,-0.454,$318.25,-5.83%
NYSE:AAT,22 Apr 2026,$25.97,5,$19.00,3,3.91,$24.24,-21.62%,,,,$26.18,8.00%,$9.61,-60.37%,$30.05,23.97%,AAT,NYSE:AAT,0.611,$23.50,-19.15%
NASDAQ:ABCB,12 Oct 2025,$69.25,3,$77.00,6,,$89.16,-22.33%,,,,,-100.00%,-$2.00,-102.24%,-$2.00,-102.24%,ABCB,NYSE:ABCB,-2.000,,
NYSE:ABCB,19 Nov 2025,$73.43,3,,,2.75,$89.16,-17.64%,,,,$92.81,4.09%,$0.00,-100.00%,$0.00,-100.00%,ABCB,NYSE:ABCB,0.074,$95.17,
NYSE:ABEV,19 Mar 2026,$3.23,4,$3.12,5,3.46,$3.09,0.97%,,,,$3.26,5.50%,$4.48,45.06%,$5.35,73.24%,ABEV,NYSE:ABEV,0.385,$3.36,-7.14%
NYSE:ABM,30 Aug 2025,$55.78,4,$58.40,6,2.82,$47.34,17.83%,,,,$48.68,2.83%,$2.88,-93.91%,$22.60,-52.26%,ABM,NYSE:ABM,0.094,$52.43,11.39%
NYSE:ABT,11 Dec 2025,$121.58,3,$147.38,6,2.95,$100.75,20.67%,,,,$103.79,3.02%,$0.00,-100.00%,$0.00,-100.00%,ABT,NYSE:ABT,0.140,$118.33,24.55%
NYSE:ACCO,28 Apr 2026,$4.93,5,$7.00,6,3.94,$3.92,25.88%,,,,$4.22,7.65%,-$8.30,-311.80%,$1.18,-69.83%,ACCO,NYSE:ACCO,0.528,$7.67,-8.74%
NYSE:ACEL,18 Sep 2025,$12.91,4,$15.00,7,4.47,$11.97,7.83%,,,,$0.00,-100.00%,$13.81,15.40%,$22.62,88.97%,ACEL,NYSE:ACEL,-1.000,$15.50,-3.23%
NASDAQ:ACGL,29 Aug 2025,$97.27,4,$108.00,5,4.21,$100.10,-2.82%,,,,$104.67,4.57%,$209.74,109.53%,$215.84,115.62%,ACGL,NASDAQ:ACGL,0.713,$110.61,-2.36%
NYSE:ACI,21 May 2026,$24.29,3,$22.00,6,2.76,$11.44,92.31%,,,,$15.07,31.73%,-$12.94,-213.11%,$36.46,218.74%,ACI,NYSE:ACI,0.007,$20.25,8.64%
NASDAQ:ACIW,10 Feb 2026,$52.10,5,$63.33,2,4.11,$54.53,-4.46%,,,,$0.00,-100.00%,$74.32,36.30%,$91.84,68.42%,ACIW,NASDAQ:ACIW,-1.000,$66.67,-5.01%
NASDAQ:ACLS,27 May 2026,$130.64,2,$167.25,8,3.99,$141.51,-7.68%,,,,$0.00,-100.00%,$161.54,14.16%,$167.04,18.04%,ACLS,NASDAQ:ACLS,-1.000,$169.67,-1.43%
NASDAQ:ACMR,5 Feb 2026,$52.94,2,$43.25,9,3.78,$88.42,-51.09%,,,,$0.00,-100.00%,$118.17,33.65%,$121.55,37.47%,ACMR,NASDAQ:ACMR,-1.000,$102.14,-57.66%
NYSE:ACN,24 May 2026,$244.46,3,$254.70,8,3.47,$138.74,76.20%,,,,$147.18,6.08%,$381.85,175.23%,$427.49,208.12%,ACN,NYSE:ACN,0.343,$178.89,42.38%
NYSE:ACVA,18 Sep 2025,$10.72,3,,,4.23,$7.57,41.64%,,,,$0.00,-100.00%,$17.90,136.50%,$20.40,169.47%,ACVA,NYSE:ACVA,-1.000,$9.43,
NYSE:ADC,19 Sep 2025,$79.26,4,$81.90,8,,$79.81,-0.69%,,,,,-100.00%,-$2.00,-102.51%,-$2.00,-102.51%,ADC,NYSE:ADC,-2.000,,
NASDAQ:ADEA,5 Feb 2026,$20.67,3,,,,$26.91,-23.17%,,,,,-100.00%,-$2.00,-107.43%,-$2.00,-107.43%,ADEA,NASDAQ:ADEA,-2.000,,
NASDAQ:ADI,4 Jan 2026,$270.08,3,$290.50,7,2.83,$380.20,-28.96%,,,,$394.35,3.72%,$425.15,11.82%,$465.27,22.37%,ADI,NASDAQ:ADI,0.079,$457.40,-36.49%
NASDAQ:ADIL,11 Jul 2025,$0.51,3,,,,$2.68,-80.86%,,,,,-100.00%,-$2.00,-174.63%,-$2.00,-174.63%,ADIL,NASDAQ:ADIL,-2.000,,
NASDAQ:ADP,27 Jan 2026,$279.90,4,$288.80,7,2.94,$242.88,15.24%,,,,$254.23,4.67%,$420.65,73.19%,$487.61,100.76%,ADP,NASDAQ:ADP,0.164,$254.13,13.64%
NASDAQ:ADTN,10 Feb 2026,$10.14,3,$12.50,8,2.60,$10.15,-0.09%,,,,$9.38,-7.59%,$5.66,-44.26%,$17.63,73.65%,ADTN,NASDAQ:ADTN,-0.065,$19.50,-35.90%
NYSE:AEM,24 Oct 2025,$79.48,1,,,2.59,$144.51,-45.00%,,,,$146.11,1.11%,$230.14,59.26%,$285.47,97.55%,AEM,NYSE:AEM,-0.073,$220.12,
NASDAQ:AEMD,4 Dec 2025,$7.60,3,,,,$0.60,1166.67%,,,,,-100.00%,-$2.00,-433.33%,-$2.00,-433.33%,AEMD,NASDAQ:AEMD,-2.000,,
NASDAQ:AEP,18 Sep 2025,$104.71,2,,,3.15,$134.92,-22.39%,,,,$136.30,1.02%,$47.38,-64.89%,$72.55,-46.23%,AEP,NASDAQ:AEP,0.250,$145.95,
NYSE:AER,5 Mar 2026,$119.70,1,,,,$148.57,-19.43%,,,,,-100.00%,-$2.00,-101.35%,-$2.00,-101.35%,AER,NYSE:AER,-2.000,,
NYSE:AES,11 Jul 2025,$13.47,3,,,3.41,$14.83,-9.20%,,,,$15.27,2.97%,-$56.98,-484.19%,-$31.89,-315.07%,AES,NYSE:AES,0.379,$15.00,
NASDAQ:AFYA,30 Jun 2026,$16.79,3,$21.00,2,3.15,$13.76,22.05%,22.05%,$16.79,$21.00,$14.31,4.00%,$95.60,594.77%,$117.20,751.73%,AFYA,NASDAQ:AFYA,0.219,$16.86,24.56%
NYSE:AG,12 Aug 2025,$7.66,3,,,5.00,$16.45,-53.47%,,,,$0.00,-100.00%,$32.40,96.96%,$38.17,132.05%,AG,NYSE:AG,-1.000,$24.25,
NYSE:AGI,24 Oct 2025,$19.15,2,,,1.87,$29.38,-34.82%,,,,$30.05,2.28%,$36.17,23.12%,$43.58,48.34%,AGI,NYSE:AGI,-0.393,$47.50,
NYSE:AGM,11 Nov 2025,$179.75,4,$219.00,5,2.73,$205.47,-12.52%,,,,$212.31,3.33%,"-$2,812.06",-1468.60%,"-$2,830.63",-1477.64%,AGM,NYSE:AGM,0.063,$219.67,-0.31%
NASDAQ:AGNC,23 Dec 2025,$10.87,3,$10.31,9,3.99,$10.56,-2.37%,,,,$11.31,7.10%,$0.00,-100.00%,$0.00,-100.00%,AGNC,NASDAQ:AGNC,0.621,$11.44,-9.88%
NYSE:AGO,3 Jan 2025,$100.22,4,$105.33,1,2.67,$84.19,19.05%,,,,$86.30,2.51%,$184.05,118.61%,$184.01,118.56%,AGO,NYSE:AGO,0.033,$91.67,14.90%
NYSE:AGRO,27 Aug 2025,$9.55,4,$9.40,1,2.86,$10.77,-12.72%,,,,$11.67,8.36%,$14.87,38.06%,$31.28,190.44%,AGRO,NYSE:AGRO,0.077,$13.65,-31.14%
NASDAQ:AHCO,3 Dec 2025,$13.94,3,$13.67,6,4.75,$10.47,30.56%,,,,$0.00,-100.00%,$12.68,21.10%,$27.45,162.14%,AHCO,NASDAQ:AHCO,-1.000,$14.14,-3.32%
NYSE:AIG,17 Jul 2025,$84.76,3,$90.60,5,3.12,$78.16,8.44%,,,,$81.83,4.70%,-$126.95,-262.42%,-$62.87,-180.44%,AIG,NYSE:AIG,0.224,$88.55,2.32%
NASDAQ:AIMD,29 Jan 2026,$2.10,3,,,,$1.51,39.34%,,,,,-100.00%,-$2.00,-232.45%,-$2.00,-232.45%,AIMD,NASDAQ:AIMD,-2.000,,
NYSE:AIN,15 Aug 2025,$77.61,3,$66.80,4,3.06,$74.69,-10.56%,,,,$77.85,4.23%,$108.45,45.21%,$78.85,5.57%,AIN,NYSE:AIN,0.275,$58.67,13.86%
NASDAQ:AIP,5 Feb 2026,$16.04,3,$20.50,7,0.43,$33.33,-51.87%,,,,$31.05,-6.84%,$32.58,-2.26%,$33.79,1.37%,AIP,NASDAQ:AIP,-0.974,$38.20,-46.34%
NASDAQ:AIRS,23 Aug 2025,$6.69,3,$5.00,5,4.69,$4.67,7.07%,,,,$0.00,-100.00%,$6.09,30.48%,$7.90,69.19%,AIRS,NASDAQ:AIRS,-1.000,$6.25,-20.00%
NYSE:AIV,20 Jul 2026,$2.91,3,,3,4.80,$2.64,10.23%,10.23%,$2.91,$7.00,$2.88,9.09%,-$2.35,-188.90%,$3.60,36.36%,AIV,NYSE:AIV,0.911,$7.00,
NYSE:AIZ,29 Aug 2025,$221.82,3,$239.50,10,2.91,$273.80,-18.98%,,,,$280.31,2.38%,-$19.31,-107.05%,$67.82,-75.23%,AIZ,NYSE:AIZ,0.144,$293.00,-18.26%
NASDAQ:AKAM,11 Feb 2026,$114.28,5,$103.73,9,4.79,$117.37,-11.62%,,,,$0.00,-100.00%,$119.64,1.93%,$167.77,42.94%,AKAM,NASDAQ:AKAM,-1.000,$159.30,-34.88%
NYSE:AL,2 Jan 2026,$58.27,3,$66.50,5,,#N/A,#N/A,,,,,#N/A,-$2.00,#N/A,-$2.00,#N/A,AL,NYSE:AL,-2.000,,
NASDAQ:ALAB,27 Jan 2026,$140.56,1,$194.64,5,2.54,$326.97,-57.01%,,,,$0.00,-100.00%,$337.72,3.29%,$338.67,3.58%,ALAB,NASDAQ:ALAB,-1.000,$297.01,-34.47%
NYSE:ALC,27 Aug 2025,$81.45,1,,,2.46,$67.21,21.19%,,,,$67.88,1.00%,$89.63,33.35%,$128.05,90.53%,ALC,NYSE:ALC,-0.107,$87.32,
NYSE:ALEX,18 Nov 2025,$16.62,4,$21.00,5,,#N/A,#N/A,,,,$0.00,#N/A,$20.80,#N/A,$26.28,#N/A,ALEX,NYSE:ALEX,-1.000,$21.00,0.00%
NASDAQ:ALGM,19 Jan 2026,$25.92,2,$39.14,8,0.39,$50.07,-48.24%,,,,$44.94,-10.25%,$53.32,6.50%,$58.16,16.16%,ALGM,NASDAQ:ALGM,-0.987,$56.55,-30.79%
NYSE:ALIT,11 Feb 2026,$3.53,3,$3.67,5,3.07,$18.28,-80.66%,,,,$19.78,8.21%,$43.82,139.71%,$303.89,1562.44%,ALIT,NYSE:ALIT,0.141,$44.00,-91.66%
NYSE:ALL,28 Apr 2026,$199.62,2,$248.30,5,3.22,$254.52,-21.57%,,,,$258.62,1.61%,$538.45,111.55%,$561.65,120.67%,ALL,NYSE:ALL,0.299,$254.64,-2.49%
NYSE:ALLE,24 Oct 2025,$165.38,3,,,2.66,$154.57,6.99%,,,,$142.72,-7.67%,$176.82,14.39%,$203.74,31.81%,ALLE,NYSE:ALLE,0.034,$165.18,
NYSE:ALLY,29 Jun 2026,$48.35,3,$53.00,9,3.04,$43.97,9.97%,9.97%,$48.35,$54.11,$45.66,3.84%,-$453.82,-1132.12%,-$407.00,-1025.64%,ALLY,NYSE:ALLY,0.168,$54.11,-2.05%
NASDAQ:ALNT,4 Feb 2026,$50.47,2,,,1.52,$88.62,-43.05%,,,,$87.45,-1.32%,$91.93,3.73%,$113.03,27.55%,ALNT,NASDAQ:ALNT,-0.428,$76.80,
NASDAQ:ALRM,11 Feb 2026,$60.94,3,$85.00,1,3.94,$50.50,20.68%,,,,$0.00,-100.00%,$110.91,119.62%,$127.80,153.06%,ALRM,NASDAQ:ALRM,-1.000,$60.00,41.67%
NASDAQ:ALRS,27 Oct 2025,$24.54,3,$25.63,7,3.06,$32.17,-23.72%,,,,$33.11,2.92%,-$116.46,-462.00%,-$111.27,-445.87%,ALRS,NASDAQ:ALRS,0.236,$31.00,-17.32%
NYSE:ALSN,22 Sep 2025,$99.81,4,$98.14,3,3.04,$119.64,-17.97%,,,,$122.46,2.36%,$95.95,-19.80%,$128.42,7.34%,ALSN,NYSE:ALSN,0.185,$137.30,-28.52%
NASDAQ:ALT,23 Dec 2025,$9.35,5,$13.00,2,5.00,$2.84,229.23%,,,,$0.00,-100.00%,$2.07,-27.12%,$2.08,-26.82%,ALT,NASDAQ:ALT,-1.000,$15.45,-15.86%
NASDAQ:ALTS,12 Aug 2025,$5.33,2,,,,#N/A,#N/A,,,,,#N/A,-$2.00,#N/A,-$2.00,#N/A,ALTS,NASDAQ:ALTS,-2.000,,
NASDAQ:ALVO,23 Aug 2025,$8.66,3,,,5.00,$3.18,172.39%,,,,$0.00,-100.00%,-$0.01,-100.23%,$1.00,-68.58%,ALVO,NASDAQ:ALVO,-1.000,$14.60,
NASDAQ:AMAL,2 Oct 2025,$30.65,3,,1,3.13,$48.66,-37.01%,,,,$48.58,-0.16%,$0.00,-100.00%,$0.00,-100.00%,AMAL,NASDAQ:AMAL,0.251,$50.50,
NYSE:AMBP,29 Aug 2025,$5.14,4,,6,3.59,$4.72,8.88%,,,,$4.94,4.66%,$6.09,28.93%,$13.46,185.12%,AMBP,NYSE:AMBP,0.453,$4.91,
NYSE:AMBQ,29 Jan 2026,$40.84,3,,,3.46,$74.77,-45.38%,,,,$0.00,-100.00%,$0.00,-100.00%,$0.00,-100.00%,AMBQ,NYSE:AMBQ,-1.000,$81.67,
NYSE:AMCR,21 May 2026,$52.70,5,$46.80,4,3.97,$42.63,9.78%,,,,$45.07,5.72%,$26.89,-36.91%,$20.25,-52.50%,AMCR,NYSE:AMCR,0.600,$48.53,-3.56%
NASDAQ:AMD,28 Jan 2026,$229.36,2,$286.66,9,3.02,$539.69,-57.50%,,,,$0.00,-100.00%,$640.99,18.77%,$672.05,24.52%,AMD,NASDAQ:AMD,-1.000,$541.66,-47.08%
NYSE:AME,19 Nov 2025,$189.82,2,$220.17,2,2.32,$241.14,-21.28%,,,,$239.39,-0.73%,$338.26,40.28%,$368.10,52.65%,AME,NYSE:AME,-0.124,$263.39,-16.41%
NASDAQ:AMPG,9 Feb 2026,$2.53,3,$9.00,7,3.52,$6.34,-60.13%,,,,$0.00,-100.00%,$5.59,-11.86%,$5.70,-10.14%,AMPG,NASDAQ:AMPG,-1.000,$7.00,28.57%
NASDAQ:AMPL,5 Feb 2026,$11.31,4,$15.17,4,4.75,$8.05,40.49%,,,,$0.00,-100.00%,$10.59,31.59%,$11.00,36.70%,AMPL,NASDAQ:AMPL,-1.000,$10.86,39.69%
NYSE:AMPY,20 Mar 2026,$8.49,3,$7.25,8,5.00,$4.13,75.54%,,,,$0.00,-100.00%,$6.15,48.84%,$22.95,455.66%,AMPY,NYSE:AMPY,-1.000,$8.75,-17.14%
NASDAQ:AMSC,29 Oct 2025,$40.66,2,,,5.00,$33.00,23.21%,,,,$0.00,-100.00%,$39.61,20.02%,$42.85,29.85%,AMSC,NASDAQ:AMSC,-1.000,$62.50,
NASDAQ:AMSF,26 Aug 2025,$45.99,3,,,4.16,$30.24,52.07%,,,,$34.16,12.96%,$0.28,-99.08%,$0.82,-97.28%,AMSF,NASDAQ:AMSF,0.668,$36.67,
NYSE:AMTB,19 Nov 2025,$19.34,3,$21.00,4,3.01,$25.85,-25.18%,,,,$26.34,1.90%,-$193.56,-848.78%,-$191.96,-842.61%,AMTB,NYSE:AMTB,0.193,$27.25,-22.94%
NASDAQ:AMTX,4 Sep 2025,$3.19,3,,5,5.00,$1.85,72.22%,,,,$0.00,-100.00%,$0.28,-84.81%,-$4.22,-327.94%,AMTX,NASDAQ:AMTX,-1.000,$13.88,
NASDAQ:AMWD,30 Aug 2025,$86.63,3,,6,,#N/A,#N/A,,,,,#N/A,-$2.00,#N/A,-$2.00,#N/A,AMWD,NASDAQ:AMWD,-2.000,,
NYSE:AMX,23 Jun 2026,$26.38,3,$28.60,8,3.04,$25.95,1.64%,,,,$26.84,3.43%,$36.82,41.89%,$124.17,378.51%,AMX,NYSE:AMX,0.192,$29.21,-2.09%
NYSE:ANF,21 Sep 2025,$118.40,3,,1,4.00,$90.89,30.27%,,,,$0.00,-100.00%,$280.23,208.32%,$130.73,43.83%,ANF,NYSE:ANF,-1.000,$109.09,
NYSE:AON,29 Aug 2025,$347.01,2,,,2.60,$355.78,-2.47%,,,,$356.22,0.12%,$295.89,-16.83%,$355.86,0.02%,AON,NYSE:AON,0.000,$393.11,
NYSE:AORT,11 Dec 2025,$47.98,3,$51.71,4,5.00,$25.00,91.92%,,,,$0.00,-100.00%,$24.90,-0.41%,$31.08,24.32%,AORT,NYSE:AORT,-1.000,$42.00,23.12%
NYSE:AOS,14 Jan 2026,$71.54,4,$76.86,8,2.82,$59.49,20.26%,,,,$60.63,1.92%,$117.19,96.99%,$131.06,120.30%,AOS,NYSE:AOS,0.077,$70.55,8.94%
NASDAQ:AOSL,5 Feb 2026,$36.47,3,$24.33,6,4.95,$33.81,-28.04%,,,,$0.00,-100.00%,$40.95,21.11%,$62.50,84.86%,AOSL,NASDAQ:AOSL,-1.000,$47.00,-48.23%
NASDAQ:APA,12 Aug 2025,$28.49,3,,7,3.84,$36.42,-21.79%,,,,$37.78,3.73%,$16.26,-55.36%,$81.76,124.48%,APA,NASDAQ:APA,0.540,$41.62,
NYSE:APAM,25 Feb 2026,$47.32,4,$45.00,6,3.59,$38.52,16.82%,,,,$40.89,6.15%,$183.74,377.00%,$185.91,382.63%,APAM,NYSE:APAM,0.471,$36.75,22.45%
NYSE:APD,30 Aug 2025,$296.29,3,,8,2.83,$294.29,0.68%,,,,$305.64,3.86%,$163.62,-44.40%,$210.23,-28.56%,APD,NYSE:APD,0.092,$337.05,
NASDAQ:APEI,15 Oct 2025,$34.52,3,,,4.45,$48.18,-28.35%,,,,$0.00,-100.00%,$189.48,293.28%,$201.58,318.39%,APEI,NASDAQ:APEI,-1.000,$62.17,
NYSE:APH,22 Jan 2026,$121.05,1,$163.27,10,1.83,$157.43,-23.11%,,,,$154.29,-1.99%,$0.00,-100.00%,$0.00,-100.00%,APH,NYSE:APH,-0.366,$189.39,-13.79%
NASDAQ:API,24 Aug 2025,$3.05,3,,,,$3.89,-21.72%,,,,,-100.00%,-$2.00,-151.41%,-$2.00,-151.41%,API,NASDAQ:API,-2.000,,
NASDAQ:APOG,5 May 2025,$66.39,5,,2,2.97,$40.27,64.86%,,,,$41.05,1.94%,$28.71,-28.69%,$51.80,28.64%,APOG,NASDAQ:APOG,0.165,$44.00,
NYSE:AQN,26 Aug 2025,$6.14,4,,8,2.32,$5.99,2.56%,,,,$5.86,-2.17%,-$4.60,-176.71%,-$4.13,-168.90%,AQN,NYSE:AQN,-0.130,$6.75,
NYSE:AR,20 Aug 2025,$31.31,3,,,4.87,$35.07,-10.73%,,,,$0.00,-100.00%,$97.40,177.73%,$122.96,250.62%,AR,NYSE:AR,-1.000,$48.20,
NASDAQ:ARAI,10 Feb 2026,$3.71,3,,,,$0.31,1097.71%,,,,,-100.00%,-$2.00,-745.16%,-$2.00,-745.16%,ARAI,NASDAQ:ARAI,-2.000,,
NASDAQ:ARAY,11 Dec 2025,$1.27,4,$4.00,4,,$0.24,429.17%,,,,,-100.00%,-$2.00,-933.33%,-$2.00,-933.33%,ARAY,NASDAQ:ARAY,-2.000,,
NASDAQ:ARCC,30 Mar 2026,$19.78,3,$20.83,9,3.60,$18.61,6.26%,,,,$19.60,5.32%,$14.19,-23.73%,$15.08,-18.96%,ARCC,NASDAQ:ARCC,0.442,$20.62,1.02%
NYSE:ARCO,29 Aug 2025,$10.31,3,,9,2.81,$8.28,24.48%,,,,$8.61,3.99%,-$3.75,-145.32%,$5.68,-31.37%,ARCO,NYSE:ARCO,0.033,$11.32,
NASDAQ:ARHS,7 Jul 2025,$13.03,3,,4,4.23,$7.18,81.43%,,,,$0.00,-100.00%,$6.41,-10.78%,$17.24,140.04%,ARHS,NASDAQ:ARHS,-1.000,$8.94,
NASDAQ:ARKO,26 Aug 2025,$6.50,3,,,2.59,$7.98,-18.49%,,,,$8.34,4.51%,-$7.91,-199.07%,-$7.18,-189.94%,ARKO,NASDAQ:ARKO,0.002,$8.50,
NASDAQ:ARLP,29 Jun 2026,$24.48,1,,,3.22,$24.77,-1.17%,-1.17%,$24.48,$31.00,$25.50,2.95%,$26.12,5.47%,$50.41,103.50%,ARLP,NASDAQ:ARLP,0.244,$31.00,
NASDAQ:ARM,19 Jan 2026,$90.86,2,$170.59,1,,$283.04,-67.90%,,,,,-100.00%,-$2.00,-100.71%,-$2.00,-100.71%,ARM,NASDAQ:ARM,-2.000,,
NASDAQ:AROW,2 Oct 2025,$52.81,3,$48.67,4,3.47,$39.14,24.35%,,,,$42.25,7.95%,-$155.85,-498.20%,-$151.08,-486.01%,AROW,NASDAQ:AROW,0.400,$41.00,18.71%
NYSE:ARX,13 Nov 2025,$14.59,3,,,4.94,$13.77,5.96%,,,,$0.00,-100.00%,$0.00,-100.00%,$0.00,-100.00%,ARX,NYSE:ARX,-1.000,$19.11,
NYSE:ASB,10 Apr 2025,$23.54,5,,6,2.98,$30.26,-22.21%,,,,$31.55,4.26%,-$136.79,-552.06%,-$127.50,-521.35%,ASB,NYSE:ASB,0.171,$33.11,
NYSE:ASGN,20 Feb 2026,$71.47,3,$56.80,5,,#N/A,#N/A,,,,,#N/A,-$2.00,#N/A,-$2.00,#N/A,ASGN,NYSE:ASGN,-2.000,,
NYSE:ASH,14 May 2025,$83.18,3,,4,2.89,$66.56,24.97%,,,,$71.00,6.67%,$52.83,-20.63%,$108.08,62.38%,ASH,NYSE:ASH,0.141,$70.00,
NASDAQ:ASML,30 Aug 2025,$871.20,3,,10,3.42,"$1,803.00",-51.68%,,,,"$1,864.30",3.40%,"$2,285.28",26.75%,"$2,332.90",29.39%,ASML,NASDAQ:ASML,0.349,"$2,117.91",
NASDAQ:ASPI,19 Nov 2025,$6.33,3,$13.00,3,,$4.04,56.77%,,,,,-100.00%,-$2.00,-149.50%,-$2.00,-149.50%,ASPI,NASDAQ:ASPI,-2.000,,
NYSE:ASR,10 Jul 2025,$344.93,4,,7,3.25,$269.84,27.83%,,,,$283.14,4.93%,-$566.86,-310.07%,-$471.28,-274.65%,ASR,NYSE:ASR,0.239,$355.09,
NASDAQ:ASTS,29 Jan 2026,$76.75,2,$91.68,6,5.00,$59.18,29.69%,,,,$0.00,-100.00%,$55.44,-6.31%,$55.98,-5.40%,ASTS,NASDAQ:ASTS,-1.000,$83.32,10.03%
NYSE:ASX,19 Jan 2026,$16.81,2,,,2.99,$39.46,-57.40%,,,,$41.19,4.38%,$29.55,-25.11%,$31.59,-19.93%,ASX,NYSE:ASX,0.177,$42.47,
NASDAQ:ATEC,11 Dec 2025,$16.73,3,$23.17,2,5.00,$8.21,103.78%,,,,$0.00,-100.00%,$4.96,-39.54%,$6.94,-15.41%,ATEC,NASDAQ:ATEC,-1.000,$16.00,44.81%
NYSE:ATEN,20 Jan 2026,$18.80,3,$23.25,7,2.47,$34.66,-45.76%,,,,$36.02,3.92%,$40.04,15.53%,$34.50,-0.45%,ATEN,NYSE:ATEN,-0.043,$35.60,-34.69%
NYSE:ATGE,15 Oct 2025,$131.23,2,,,,#N/A,#N/A,,,,,#N/A,-$2.00,#N/A,-$2.00,#N/A,ATGE,NYSE:ATGE,-2.000,,
NYSE:ATI,30 Aug 2025,$63.00,2,,7,0.34,$199.84,-68.47%,,,,$182.85,-8.50%,$204.47,2.32%,$223.33,11.75%,ATI,NYSE:ATI,-0.984,$200.33,
NASDAQ:ATOM,10 Feb 2026,$5.03,3,,1,5.00,$5.58,-9.78%,,,,$0.00,-100.00%,$5.10,-8.61%,$5.18,-7.22%,ATOM,NASDAQ:ATOM,-1.000,$10.00,
NYSE:ATS,31 Oct 2025,$26.18,3,,,4.60,$26.50,-1.21%,,,,$0.00,-100.00%,$38.11,43.82%,$51.17,93.08%,ATS,NYSE:ATS,-1.000,$35.00,
NYSE:AU,20 Aug 2025,$29.75,2,,,3.84,$78.42,-62.06%,,,,$85.00,8.39%,$228.26,191.07%,$232.87,196.95%,AU,NYSE:AU,0.483,$114.12,
NYSE:AUB,20 Jan 2026,$40.52,3,$42.50,6,2.96,$42.16,-3.89%,,,,$43.96,4.27%,-$116.70,-376.81%,-$111.61,-364.73%,AUB,NYSE:AUB,0.163,$46.00,-7.61%
NASDAQ:AUDC,26 Mar 2026,$12.39,3,$12.50,5,2.31,$9.53,30.00%,,,,$9.49,-0.42%,$19.96,109.48%,$21.56,126.25%,AUDC,NASDAQ:AUDC,-0.177,$12.50,0.00%
NASDAQ:AUR,5 Feb 2026,$5.15,3,,,5.00,$5.99,-14.09%,,,,$0.00,-100.00%,$5.66,-5.58%,$5.69,-4.96%,AUR,NASDAQ:AUR,-1.000,$11.22,
NYSE:AVB,18 Sep 2025,$217.02,5,,7,2.80,$190.80,13.74%,,,,$195.20,2.31%,$258.42,35.44%,$349.22,83.03%,AVB,NYSE:AVB,0.104,$198.44,
NASDAQ:AVGO,26 May 2026,$447.08,3,$478.56,9,2.59,$392.47,13.92%,,,,$385.05,-1.89%,$515.86,31.44%,$545.85,39.08%,AVGO,NASDAQ:AVGO,-0.057,$524.51,-8.76%
NYSE:AVNS,11 Dec 2025,$18.52,3,,5,0.43,$24.98,-25.86%,,,,$24.41,-2.28%,$42.18,68.84%,$49.13,96.67%,AVNS,NYSE:AVNS,-0.853,$14.00,
NASDAQ:AVNW,23 Jul 2026,$28.01,3,$32.00,7,5.00,$20.35,37.64%,37.64%,$28.01,$32.00,$0.00,-100.00%,$57.57,182.89%,$63.37,211.41%,AVNW,NASDAQ:AVNW,-1.000,$31.62,1.20%
NASDAQ:AVT,30 Aug 2025,$60.84,5,,1,3.18,$89.92,-32.34%,,,,$93.47,3.95%,$73.99,-17.71%,$90.02,0.11%,AVT,NASDAQ:AVT,0.283,$89.50,
NASDAQ:AVTX,23 Dec 2025,$33.36,4,$37.40,3,5.00,$17.76,87.84%,,,,$0.00,-100.00%,$15.83,-10.85%,$15.84,-10.79%,AVTX,NASDAQ:AVTX,-1.000,$44.69,-16.31%
NYSE:AVY,30 Aug 2025,$186.52,3,,1,3.12,$155.20,20.18%,,,,$161.30,3.93%,$140.39,-9.54%,$185.36,19.43%,AVY,NYSE:AVY,0.191,$199.60,
NYSE:AX,19 Nov 2025,$76.16,3,$103.25,5,,$95.22,-20.02%,,,,,-100.00%,-$2.00,-102.10%,-$2.00,-102.10%,AX,NYSE:AX,-2.000,,
NYSE:B,24 Oct 2025,$29.72,2,,,3.16,$37.16,-20.02%,,,,$38.70,4.14%,$91.50,146.24%,$111.18,199.20%,B,NYSE:B,0.181,$53.31,
NYSE:BA,9 Apr 2025,$179.31,5,,9,1.48,$209.23,-14.30%,,,,$204.24,-2.38%,$106.01,-49.33%,$89.85,-57.06%,BA,NYSE:BA,-0.540,$270.08,
NYSE:BABA,20 Aug 2025,$133.65,4,,7,1.88,$114.06,17.18%,,,,$115.46,1.23%,$250.71,119.81%,$525.64,360.84%,BABA,NYSE:BABA,-0.386,$190.62,
NYSE:BAC,14 Aug 2025,$45.19,3,,6,2.87,$61.28,-26.26%,,,,$63.05,2.89%,$0.00,-100.00%,$0.00,-100.00%,BAC,NYSE:BAC,0.116,$68.02,
NYSE:BALL,20 Aug 2025,$67.98,3,,6,2.83,$62.23,9.24%,,,,$64.11,3.02%,$108.99,75.13%,$149.04,139.49%,BALL,NYSE:BALL,0.092,$71.14,
NYSE:BANC,19 Nov 2025,$18.77,3,$20.69,3,2.87,$21.38,-12.21%,,,,$22.25,4.07%,-$165.01,-871.81%,-$157.38,-836.13%,BANC,NYSE:BANC,0.122,$23.14,-10.59%
NASDAQ:BANF,1 Jun 2026,$118.00,3,$125.00,2,2.62,$114.92,2.68%,,,,$117.45,2.20%,$0.00,-100.00%,$0.00,-100.00%,BANF,NASDAQ:BANF,0.015,$124.33,0.54%
NASDAQ:BANR,19 Nov 2025,$63.81,3,$71.50,3,2.97,$68.85,-7.32%,,,,$72.54,5.36%,-$234.82,-441.05%,-$230.32,-434.53%,BANR,NASDAQ:BANR,0.167,$74.40,-3.90%
NYSE:BAP,27 May 2026,$279.24,2,,,,$387.63,-27.96%,,,,,-100.00%,-$2.00,-100.52%,-$2.00,-100.52%,BAP,NYSE:BAP,-2.000,,
NYSE:BB,18 Aug 2025,$3.38,3,,6,3.63,$8.63,-60.86%,,,,$0.00,-100.00%,$8.46,-1.96%,$8.91,3.28%,BB,NYSE:BB,-1.000,$9.71,
NYSE:BBAI,9 Feb 2026,$4.92,3,$6.33,2,5.00,$2.85,72.63%,,,,$0.00,-100.00%,$3.18,11.71%,$3.19,11.98%,BBAI,NYSE:BBAI,-1.000,$5.00,26.60%
NYSE:BBD,1 Jun 2026,$3.72,3,,5,3.67,$3.66,1.69%,,,,$3.85,5.19%,$78.74,2051.34%,$83.29,2175.78%,BBD,NYSE:BBD,0.453,$4.40,
NASDAQ:BBNX,11 Dec 2025,$41.35,4,,,,$16.13,156.35%,,,,,-100.00%,-$2.00,-112.40%,-$2.00,-112.40%,BBNX,NASDAQ:BBNX,-2.000,,
NYSE:BBT,19 Nov 2025,$27.72,3,,,3.13,$29.99,-7.57%,,,,$31.25,4.20%,$0.00,-100.00%,$0.00,-100.00%,BBT,NYSE:BBT,0.231,$33.67,
NYSE:BBVA,9 Sep 2025,$17.20,3,,9,3.92,$25.31,-32.03%,,,,$27.31,7.90%,$0.54,-97.85%,-$21.58,-185.26%,BBVA,NYSE:BBVA,0.623,$23.79,
NYSE:BBW,15 Aug 2025,$41.34,2,,8,3.45,$33.84,22.17%,,,,$35.02,3.49%,$86.58,155.85%,$105.91,212.98%,BBW,NYSE:BBW,0.311,$61.25,
NYSE:BBWI,24 Mar 2026,$46.95,3,$23.83,5,3.40,$19.34,23.22%,,,,$20.83,7.70%,$31.88,64.84%,$44.06,127.84%,BBWI,NYSE:BBWI,0.313,$25.13,-5.17%
NYSE:BBY,30 Aug 2025,$87.98,3,,5,3.64,$84.43,4.20%,,,,$89.97,6.56%,$85.26,0.99%,$122.41,44.98%,BBY,NYSE:BBY,0.500,$79.15,
NYSE:BCH,19 Nov 2025,$33.72,2,,,3.85,$40.62,-16.99%,,,,$43.00,5.86%,$22.35,-44.99%,$25.34,-37.61%,BCH,NYSE:BCH,0.589,$38.59,
NYSE:BCS,19 Aug 2025,$17.24,2,,,2.83,$27.66,-37.66%,,,,$28.86,4.34%,-$39.06,-241.23%,-$39.06,-241.23%,BCS,NYSE:BCS,0.112,$29.19,
NYSE:BCSF,25 Feb 2026,$14.48,3,$15.00,6,3.71,$12.46,16.23%,,,,$13.33,6.98%,$6.68,-46.39%,$6.62,-46.84%,BCSF,NYSE:BCSF,0.490,$13.83,8.46%
NYSE:BDC,27 Jan 2026,$129.16,4,$147.50,3,,$103.03,25.36%,,,,,-100.00%,-$2.00,-101.94%,-$2.00,-101.94%,BDC,NYSE:BDC,-2.000,,
NASDAQ:BELFA,26 Jan 2026,$136.39,2,,,1.43,$241.33,-43.48%,,,,$231.03,-4.27%,$313.41,29.87%,$427.68,77.22%,BELFA,NASDAQ:BELFA,-0.571,$322.00,
NASDAQ:BELFB,26 Jan 2026,$149.36,2,,,0.99,$285.92,-47.76%,,,,$271.72,-4.97%,$295.30,3.28%,$315.27,10.26%,BELFB,NASDAQ:BELFB,-0.722,$320.56,
NYSE:BF.A,24 May 2026,$36.21,3,,,2.61,$26.25,37.94%,,,,$27.70,5.52%,$59.78,127.72%,$65.25,148.56%,BF.A,NYSE:BF.A,0.042,,
NYSE:BF.B,26 Mar 2026,$32.79,5,,,3.11,$25.70,27.60%,,,,$27.29,6.19%,$45.48,76.98%,$48.66,89.34%,BF.B,NYSE:BF.B,0.233,$27.79,
NYSE:BFAM,1 Sep 2025,$119.95,3,,8,4.12,$74.32,61.39%,,,,$0.00,-100.00%,$129.07,73.67%,$158.74,113.59%,BFAM,NYSE:BFAM,-1.000,$91.00,
NASDAQ:BFC,21 Oct 2025,$117.45,3,$137.00,6,3.30,$147.39,-20.31%,,,,$150.46,2.08%,$0.00,-100.00%,$0.00,-100.00%,BFC,NASDAQ:BFC,0.312,$161.00,-14.91%
NYSE:BFLY,16 Dec 2025,$4.29,3,$4.25,7,3.33,$6.62,-35.80%,,,,$0.00,-100.00%,$7.26,9.66%,$7.58,14.52%,BFLY,NYSE:BFLY,-1.000,$7.06,-39.80%
NYSE:BFS,23 Dec 2025,$44.26,3,,5,3.88,$35.27,25.49%,,,,$37.96,7.63%,-$13.64,-138.69%,$10.76,-69.48%,BFS,NYSE:BFS,0.540,$43.50,
NASDAQ:BFST,27 May 2026,$30.53,3,$33.00,3,3.21,$30.47,0.21%,,,,$31.59,3.68%,-$141.76,-565.24%,-$138.55,-554.71%,BFST,NASDAQ:BFST,0.278,$32.60,1.23%
NYSEAMERICAN:BHB,10 Oct 2025,$29.37,1,,,,$38.22,-23.16%,,,,,-100.00%,-$2.00,-105.23%,-$2.00,-105.23%,BHB,NYSEAMERICAN:BHB,-2.000,,
NYSE:BHE,2 Feb 2026,$52.61,3,$56.00,6,2.88,$83.85,-37.26%,,,,$86.46,3.11%,$98.35,17.29%,$111.26,32.69%,BHE,NYSE:BHE,0.162,$78.00,-28.21%
NYSE:BHP,11 Dec 2025,$58.46,3,$49.75,6,,$83.65,-40.53%,,,,,-100.00%,-$2.00,-102.39%,-$2.00,-102.39%,BHP,NYSE:BHP,-2.000,,
NASDAQ:BHRB,19 Nov 2025,$66.02,3,$72.00,5,2.84,$70.77,-6.71%,,,,$72.59,2.57%,-$199.57,-382.00%,-$182.07,-357.27%,BHRB,NASDAQ:BHRB,0.117,$74.75,-3.68%
NYSE:BIO,11 Dec 2025,$345.93,4,$357.50,4,2.69,$316.38,9.34%,,,,$0.00,-100.00%,$375.07,18.55%,$468.78,48.17%,BIO,NYSE:BIO,-1.000,$297.00,20.37%
NYSE:BIRK,8 Mar 2026,$48.62,3,$58.44,5,0.95,$40.61,19.72%,,,,$40.87,0.64%,$35.49,-12.61%,$48.53,19.51%,BIRK,NYSE:BIRK,-0.770,$51.66,13.12%
NYSE:BJ,20 Aug 2025,$90.76,0,,1,3.54,$91.29,-0.58%,,,,$0.00,-100.00%,$83.08,-8.99%,$69.38,-24.00%,BJ,NYSE:BJ,-1.000,$101.10,
NYSE:BKD,30 Aug 2025,$9.20,4,,6,0.53,$14.50,-36.55%,,,,$13.82,-4.69%,-$6.29,-143.37%,$4.24,-70.78%,BKD,NYSE:BKD,-0.974,$19.58,
NYSE:BKE,13 Apr 2026,$50.82,3,$53.00,5,3.64,$41.99,21.02%,,,,$44.80,6.69%,$66.91,59.35%,$71.80,71.00%,BKE,NYSE:BKE,0.458,$47.00,12.77%
NASDAQ:BKR,30 Jun 2026,$56.35,3,$74.62,6,3.29,$56.09,0.46%,0.46%,$56.35,$74.62,$58.98,5.15%,$52.10,-7.11%,$69.71,24.28%,BKR,NASDAQ:BKR,0.272,$70.32,6.11%
NYSEAMERICAN:BKTI,10 Feb 2026,$81.00,,,8,,$77.32,4.76%,,,,,-100.00%,-$2.00,-102.59%,-$2.00,-102.59%,BKTI,NYSEAMERICAN:BKTI,-2.000,,
NYSE:BKU,19 Nov 2025,$43.87,3,,,3.13,$46.98,-6.62%,,,,$48.84,3.96%,-$376.78,-902.00%,-$371.23,-890.19%,BKU,NYSE:BKU,0.231,$52.45,
NASDAQ:BL,29 Jan 2026,$60.96,4,$59.00,6,5.00,$27.44,115.01%,,,,$0.00,-100.00%,$50.37,83.56%,$61.01,122.33%,BL,NASDAQ:BL,-1.000,$43.00,37.21%
NYSE:BLD,30 Aug 2025,$467.93,3,,3,,#N/A,#N/A,,,,,#N/A,-$2.00,#N/A,-$2.00,#N/A,BLD,NYSE:BLD,-2.000,,
NASDAQ:BLDP,29 Oct 2025,$3.68,3,$2.20,5,5.00,$2.98,-26.17%,,,,$0.00,-100.00%,$4.39,47.20%,$4.57,53.26%,BLDP,NASDAQ:BLDP,-1.000,$4.44,-50.45%
NYSE:BLK,27 Aug 2025,"$1,027.97",2,,,2.27,"$1,037.16",-0.89%,,,,"$1,044.07",0.67%,$0.00,-100.00%,$0.00,-100.00%,BLK,NYSE:BLK,-0.184,"$1,313.50",
NASDAQ:BLKB,19 Nov 2025,$76.27,3,$75.00,4,5.00,$31.25,140.00%,,,,$0.00,-100.00%,$44.38,42.01%,$68.25,118.39%,BLKB,NASDAQ:BLKB,-1.000,$48.00,56.25%
NYSE:BLND,27 Jan 2026,$3.86,3,$4.19,7,5.00,$1.69,128.42%,,,,$0.00,-100.00%,$1.36,-19.24%,$1.65,-2.10%,BLND,NYSE:BLND,-1.000,$3.58,17.04%
NASDAQ:BLNK,23 Dec 2025,$0.94,3,,6,,$0.55,70.91%,,,,,-100.00%,-$2.00,-463.64%,-$2.00,-463.64%,BLNK,NASDAQ:BLNK,-2.000,,
NYSE:BLSH,13 Nov 2025,$55.70,3,,,5.00,$24.24,129.77%,,,,$0.00,-100.00%,$0.00,-100.00%,$0.00,-100.00%,BLSH,NYSE:BLSH,-1.000,$44.28,
NYSE:BLX,19 Nov 2025,$40.42,3,,,3.66,$58.82,-31.28%,,,,$61.31,4.23%,-$146.31,-348.74%,-$146.01,-348.23%,BLX,NYSE:BLX,0.472,$64.65,
NASDAQ:BLZE,27 Jan 2026,$6.36,3,$9.00,6,1.09,$12.76,-50.14%,,,,$12.68,-0.63%,$13.37,4.82%,$17.76,39.22%,BLZE,NASDAQ:BLZE,-0.686,$14.83,-39.31%
NYSE:BMI,28 Jan 2026,$175.41,3,$204.00,3,2.10,$123.20,42.38%,,,,$124.08,0.71%,$192.88,56.56%,$200.65,62.86%,BMI,NYSE:BMI,-0.262,$157.00,29.94%
NASDAQ:BMRC,19 Nov 2025,$27.20,3,$29.50,7,3.07,$28.29,-3.85%,,,,$29.46,4.14%,-$168.06,-694.05%,-$166.69,-689.23%,BMRC,NASDAQ:BMRC,0.225,$29.20,1.03%
NYSE:BN,26 Aug 2024,$55.96,2,,,2.38,$41.21,35.80%,,,,$42.10,2.16%,-$91.14,-321.15%,-$57.67,-239.94%,BN,NYSE:BN,-0.147,$54.50,
NYSE:BNS,19 Aug 2025,$55.34,3,,,3.42,$86.61,-36.11%,,,,$90.68,4.70%,-$115.39,-233.23%,-$98.80,-214.07%,BNS,NYSE:BNS,0.387,$86.25,
NYSE:BOH,16 Apr 2026,$78.42,3,$83.80,3,2.96,$84.75,-7.47%,,,,$86.68,2.28%,-$436.14,-614.61%,-$428.82,-605.99%,BOH,NYSE:BOH,0.174,$87.83,-4.59%
NASDAQ:BOKF,1 Jun 2026,$132.35,3,$139.00,2,2.94,$141.22,-6.28%,,,,$144.79,2.53%,$0.00,-100.00%,$0.00,-100.00%,BOKF,NASDAQ:BOKF,0.166,$146.25,-4.96%
NYSE:BOW,19 Sep 2025,$29.01,3,,,3.78,$29.55,-1.83%,,,,$0.00,-100.00%,$73.35,148.21%,$74.32,151.51%,BOW,NYSE:BOW,-1.000,$34.14,
NYSE:BP,18 Aug 2025,$39.40,4,,9,3.73,$43.93,-10.31%,,,,$44.93,2.28%,$23.80,-45.83%,$44.44,1.16%,BP,NYSE:BP,0.507,$47.58,
NASDAQ:BPOP,19 Nov 2025,$104.09,2,,,3.10,$170.88,-39.09%,,,,$178.62,4.53%,-$738.69,-532.29%,-$730.09,-527.25%,BPOP,NASDAQ:BPOP,0.226,$186.20,
NYSE:BR,29 Jan 2026,$214.91,4,$265.40,4,2.68,$144.40,48.83%,,,,$145.13,0.51%,$259.85,79.95%,$316.27,119.03%,BR,NYSE:BR,-0.032,$206.50,28.52%
NYSEAMERICAN:BRBS,19 Nov 2025,$4.10,,,6,,$3.39,20.94%,,,,,-100.00%,-$2.00,-159.00%,-$2.00,-159.00%,BRBS,NYSEAMERICAN:BRBS,-2.000,,
NASDAQ:BRKR,11 Dec 2025,$76.60,3,$47.88,3,2.53,$62.15,-22.96%,,,,$59.82,-3.75%,$51.69,-16.83%,$70.41,13.29%,BRKR,NASDAQ:BRKR,0.000,$59.75,-19.87%
NYSE:BROS,14 Jan 2026,$57.62,2,$76.64,9,4.22,$63.99,-9.95%,,,,$0.00,-100.00%,$59.49,-7.03%,$70.48,10.15%,BROS,NYSE:BROS,-1.000,$79.58,-3.69%
NYSE:BSAC,19 Nov 2025,$26.95,3,,,,$33.74,-20.12%,,,,,-100.00%,-$2.00,-105.93%,-$2.00,-105.93%,BSAC,NYSE:BSAC,-2.000,,
NYSE:BSBR,13 Oct 2025,$5.76,3,,5,3.93,$5.36,7.46%,,,,$5.63,5.04%,$72.78,1257.88%,$75.05,1300.21%,BSBR,NYSE:BSBR,0.547,$6.92,
NASDAQ:BSRR,27 May 2026,$37.81,3,$36.50,6,3.20,$41.72,-12.51%,,,,$43.00,3.07%,-$149.34,-457.96%,-$146.49,-451.12%,BSRR,NASDAQ:BSRR,0.287,$42.25,-13.61%
NASDAQ:BSVN,2 Oct 2025,$44.09,3,$53.50,5,2.75,$50.40,-12.51%,,,,$50.02,-0.75%,$0.00,-100.00%,$0.00,-100.00%,BSVN,NASDAQ:BSVN,0.056,$57.33,-6.68%
NYSE:BSX,11 Dec 2025,$90.36,2,$126.57,10,0.59,$43.58,107.35%,,,,$40.82,-6.33%,$42.62,-2.21%,$58.30,33.78%,BSX,NYSE:BSX,-0.961,$72.43,74.75%
NASDAQ:BSY,11 Feb 2026,$40.46,5,$48.60,7,1.34,$30.12,34.33%,,,,$29.23,-2.95%,$62.22,106.57%,$65.91,118.83%,BSY,NASDAQ:BSY,-0.627,$45.07,7.83%
NASDAQ:BTCS,23 Dec 2025,$3.00,3,$7.00,7,,$1.01,197.03%,,,,,-100.00%,-$2.00,-298.02%,-$2.00,-298.02%,BTCS,NASDAQ:BTCS,-2.000,,
NASDAQ:BTDR,19 Aug 2025,$10.25,2,,,5.00,$12.17,-15.78%,,,,$0.00,-100.00%,-$12.28,-200.93%,-$11.62,-195.48%,BTDR,NASDAQ:BTDR,-1.000,$22.64,
NYSE:BTI,17 Mar 2026,$55.65,2,,7,,$59.84,-7.01%,,,,,-100.00%,-$2.00,-103.34%,-$2.00,-103.34%,BTI,NYSE:BTI,-2.000,,
NASDAQ:BTOG,18 Aug 2025,$0.57,3,,,,$0.87,-34.83%,,,,,-100.00%,-$2.00,-329.89%,-$2.00,-329.89%,BTOG,NASDAQ:BTOG,-2.000,,
NASDAQ:BULL,2 Sep 2025,$18.16,3,,,,$7.84,131.66%,,,,,-100.00%,-$2.00,-125.51%,-$2.00,-125.51%,BULL,NASDAQ:BULL,-2.000,,
NYSE:BUR,28 Oct 2025,$12.88,3,$21.32,4,2.80,$4.15,210.36%,,,,$4.32,4.10%,$17.52,322.10%,$17.36,318.20%,BUR,NYSE:BUR,0.024,$8.67,145.91%
NYSE:BURL,25 Jul 2023,$199.81,4,,,3.41,$339.48,-41.14%,,,,$0.00,-100.00%,$383.60,13.00%,$399.58,17.70%,BURL,NYSE:BURL,-1.000,$367.07,
NASDAQ:BUSE,27 May 2026,$28.96,3,$29.33,8,3.14,$29.56,-2.03%,,,,$30.57,3.42%,$0.00,-100.00%,$0.00,-100.00%,BUSE,NASDAQ:BUSE,0.253,$30.57,-4.06%
NASDAQ:BVFL,29 Oct 2025,$15.68,3,,4,,$20.68,-24.18%,,,,,-100.00%,-$2.00,-109.67%,-$2.00,-109.67%,BVFL,NASDAQ:BVFL,-2.000,,
NASDAQ:BWFG,9 Oct 2025,$39.87,3,,,3.12,$60.57,-34.18%,,,,$61.44,1.44%,-$262.60,-533.54%,-$257.34,-524.86%,BWFG,NASDAQ:BWFG,0.266,$56.50,
NYSE:BXP,14 Jan 2026,$81.17,5,$77.89,2,3.46,$67.84,14.81%,,,,$70.84,4.42%,$10.87,-83.98%,$4.99,-92.64%,BXP,NYSE:BXP,0.388,$72.40,7.58%
NYSE:BXSL,19 Aug 2025,$31.13,3,,7,3.62,$23.13,34.60%,,,,$24.30,5.06%,-$3.28,-114.17%,$15.80,-31.68%,BXSL,NYSE:BXSL,0.463,$24.50,
NYSE:BY,28 Apr 2026,$33.91,3,$36.00,7,3.04,$37.64,-9.90%,,,,$38.80,3.08%,-$75.06,-299.43%,-$73.40,-295.00%,BY,NYSE:BY,0.210,$38.60,-6.74%
NYSE:BZH,31 Dec 2025,$31.99,3,$25.00,1,1.81,$32.79,-23.76%,,,,$0.00,-100.00%,$176.18,437.31%,$141.80,332.44%,BZH,NYSE:BZH,-1.000,$25.00,0.00%
NYSE:C,12 Aug 2025,$86.32,3,,,3.13,$131.88,-34.55%,,,,$136.82,3.75%,$0.00,-100.00%,$0.00,-100.00%,C,NYSE:C,0.221,$154.00,
NYSE:CAAP,15 Aug 2025,$22.01,3,,9,4.48,$25.02,-12.04%,,,,$0.00,-100.00%,$51.84,107.21%,$77.33,209.09%,CAAP,NYSE:CAAP,-1.000,$32.43,
NASDAQ:CAC,14 Oct 2025,$41.96,3,$44.00,3,2.71,$53.60,-21.72%,,,,$55.11,2.82%,-$244.64,-556.41%,-$234.94,-538.31%,CAC,NASDAQ:CAC,0.070,$53.25,-17.37%
NYSE:CADE,14 Oct 2025,$37.02,3,,,,#N/A,#N/A,,,,,#N/A,-$2.00,#N/A,-$2.00,#N/A,CADE,NYSE:CADE,-2.000,,
NYSE:CAL,21 Sep 2025,$26.47,3,,1,3.43,$11.68,126.63%,,,,$12.93,10.70%,$9.77,-16.38%,$21.93,87.73%,CAL,NYSE:CAL,0.301,$17.00,
NASDAQ:CALM,11 Jul 2025,$93.94,3,,6,3.18,$88.14,6.58%,,,,$90.49,2.67%,$163.04,84.98%,$186.74,111.87%,CALM,NASDAQ:CALM,0.292,$84.25,
NYSE:CALX,29 Jan 2026,$45.47,2,$82.00,6,0.81,$35.77,27.13%,,,,$34.64,-3.16%,$39.01,9.06%,$41.73,16.66%,CALX,NYSE:CALX,-0.863,$63.50,29.13%
NASDAQ:CAMT,24 Oct 2024,$87.99,4,,,4.04,$155.19,-43.30%,,,,$0.00,-100.00%,$150.01,-3.34%,$150.01,-3.34%,CAMT,NASDAQ:CAMT,-1.000,$187.58,
NYSE:CANG,24 Aug 2025,$4.01,3,,7,,$1.83,118.96%,,,,,-100.00%,-$2.00,-209.29%,-$2.00,-209.29%,CANG,NYSE:CANG,-2.000,,
NASDAQ:CAR,11 Mar 2024,$159.62,3,,,2.22,$159.04,0.36%,,,,$0.00,-100.00%,"-$1,461.73",-1019.09%,-$731.18,-559.75%,CAR,NASDAQ:CAR,-1.000,$134.14,
NASDAQ:CARE,19 Nov 2025,$18.50,3,$22.00,5,0.66,$33.90,-45.43%,,,,$31.91,-5.87%,$627.56,1751.22%,$633.78,1769.56%,CARE,NASDAQ:CARE,-0.800,$28.00,-21.43%
NYSE:CARR,24 Dec 2025,$35.78,3,$48.75,5,3.18,$69.15,-48.26%,,,,$69.84,1.00%,$66.65,-3.62%,$59.71,-13.66%,CARR,NYSE:CARR,0.255,$76.94,-36.64%
NASDAQ:CASH,19 Nov 2025,$71.98,3,$88.00,2,1.54,$83.12,-13.40%,,,,$87.56,5.34%,$435.38,423.79%,$475.29,471.81%,CASH,NASDAQ:CASH,-0.512,$107.50,-18.14%
NYSEAMERICAN:CATX,11 Dec 2025,$2.54,1,$11.92,8,,$2.95,-13.90%,,,,,-100.00%,-$2.00,-167.80%,-$2.00,-167.80%,CATX,NYSEAMERICAN:CATX,-2.000,,
NASDAQ:CATY,27 May 2026,$59.45,3,$53.67,6,3.12,$62.53,-14.17%,,,,$63.54,1.62%,-$196.09,-413.59%,-$193.69,-409.76%,CATY,NASDAQ:CATY,0.263,$60.10,-10.70%
NYSE:CAVA,11 Nov 2025,$63.28,3,$72.31,6,5.00,$63.21,0.11%,,,,$0.00,-100.00%,$65.54,3.68%,$75.90,20.07%,CAVA,NYSE:CAVA,-1.000,$93.04,-22.28%
NYSE:CB,18 Sep 2025,$273.39,3,,,2.61,$353.25,-22.61%,,,,$355.44,0.62%,$511.83,44.89%,$524.46,48.47%,CB,NYSE:CB,0.021,$360.30,
NASDAQ:CBLL,11 Dec 2025,$36.55,3,$25.00,6,5.00,$16.28,53.56%,,,,$0.00,-100.00%,$14.37,-11.71%,$14.44,-11.31%,CBLL,NASDAQ:CBLL,-1.000,$26.86,-6.92%
NASDAQ:CBNK,23 Dec 2025,$29.70,3,$34.00,3,2.98,$35.63,-16.64%,,,,$36.46,2.33%,-$91.17,-355.88%,-$85.91,-341.11%,CBNK,NASDAQ:CBNK,0.186,$36.25,-6.21%
BATS:CBOE,18 Sep 2025,$214.25,2,,,2.36,$284.86,-24.79%,,,,$279.63,-1.84%,$303.25,6.45%,$322.38,13.17%,CBOE,BATS:CBOE,-0.105,$311.64,
NYSE:CBU,27 Oct 2025,$62.61,3,$63.00,3,2.86,$66.74,-6.18%,,,,$68.94,3.30%,-$146.31,-319.22%,-$134.71,-301.85%,CBU,NYSE:CBU,0.130,$69.17,-8.92%
NYSE:CBZ,7 Jan 2025,$77.57,3,,,0.48,$40.25,92.72%,,,,$38.32,-4.80%,$69.82,73.47%,$89.11,121.40%,CBZ,NYSE:CBZ,-0.933,$42.60,
NASDAQ:CCB,19 Nov 2025,$95.54,3,$127.50,8,0.77,$71.41,33.79%,,,,$74.24,3.96%,-$48.03,-167.26%,-$43.41,-160.79%,CCB,NASDAQ:CCB,-0.880,$103.75,22.89%
NASDAQ:CCBG,19 Nov 2025,$38.91,3,$47.00,7,3.15,$50.95,-23.63%,,,,$53.44,4.89%,-$90.05,-276.74%,-$82.92,-262.75%,CCBG,NASDAQ:CCBG,0.274,$49.67,-5.38%
NYSE:CCI,19 Sep 2025,$108.34,5,,6,3.84,$74.57,45.29%,,,,$80.21,7.56%,$43.82,-41.24%,$62.65,-15.98%,CCI,NYSE:CCI,0.503,$98.76,
NYSE:CCK,29 Aug 2025,$107.03,3,,5,2.21,$114.49,-6.52%,,,,$116.84,2.05%,$0.00,-100.00%,$0.00,-100.00%,CCK,NYSE:CCK,-0.177,$128.50,
NYSE:CCL,23 Jul 2026,$30.88,5,$35.19,7,5.00,$25.27,22.20%,22.20%,$30.88,$35.47,$0.00,-100.00%,$56.18,122.30%,$82.72,227.36%,CCL,NYSE:CCL,-1.000,$35.47,-0.79%
NASDAQ:CCNE,30 Mar 2026,$32.74,3,$35.00,5,3.08,$33.92,-3.48%,,,,$34.97,3.10%,$0.00,-100.00%,$0.00,-100.00%,CCNE,NASDAQ:CCNE,0.229,$35.25,-0.71%
NASDAQ:CCOI,6 Nov 2025,$50.57,3,$44.20,5,3.77,$12.90,242.64%,,,,$13.67,5.97%,-$19.82,-253.61%,-$24.11,-286.88%,CCOI,NASDAQ:CCOI,0.451,$21.27,107.80%
NASDAQ:CCSI,11 Feb 2026,$30.28,4,$37.00,3,3.50,$34.55,-12.36%,,,,$0.00,-100.00%,$133.94,287.68%,$151.58,338.74%,CCSI,NASDAQ:CCSI,-1.000,$38.00,-2.63%
NYSE:CDE,28 Apr 2026,$9.27,2,$26.86,9,5.00,$15.24,-39.16%,,,,$0.00,-100.00%,$23.06,51.34%,$27.67,81.57%,CDE,NYSE:CDE,-1.000,$25.86,3.87%
NASDAQ:CDNS,19 Jan 2026,$321.30,3,$376.64,6,3.99,$330.46,-2.77%,,,,$0.00,-100.00%,$396.90,20.10%,$415.97,25.88%,CDNS,NASDAQ:CDNS,-1.000,$395.94,-4.87%
NYSE:CDP,18 Feb 2026,$33.25,3,$35.60,7,2.33,$37.48,-11.29%,,,,$37.38,-0.27%,$35.05,-6.48%,$32.37,-13.63%,CDP,NYSE:CDP,-0.095,$37.00,-3.78%
NASDAQ:CDW,18 May 2026,$131.51,3,$138.83,9,3.11,$130.18,1.02%,,,,$133.76,2.75%,$106.17,-18.44%,$128.83,-1.04%,CDW,NASDAQ:CDW,0.209,$152.56,-9.00%
NYSE:CE,28 Mar 2025,$111.30,3,,9,3.25,$47.35,135.06%,,,,$49.87,5.32%,-$65.53,-238.39%,$30.33,-35.94%,CE,NYSE:CE,0.221,$67.50,
NASDAQ:CEG,23 Dec 2025,$300.57,2,$409.82,9,1.68,$275.60,9.06%,,,,$261.92,-4.96%,$198.52,-27.97%,$133.17,-51.68%,CEG,NASDAQ:CEG,-0.453,$357.81,14.54%
NASDAQ:CELC,29 Nov 2024,$21.98,3,,,5.00,$88.34,-75.12%,,,,$0.00,-100.00%,$80.21,-9.21%,$80.22,-9.20%,CELC,NASDAQ:CELC,-1.000,$163.45,
NASDAQ:CENT,9 Apr 2026,$50.35,5,$50.00,5,3.53,$42.98,16.33%,,,,$0.00,-100.00%,"$1,289.69",2900.66%,"$1,440.55",3251.68%,CENT,NASDAQ:CENT,-1.000,$47.50,5.26%
NASDAQ:CENTA,16 Jul 2026,$43.82,5,,,3.93,$37.72,16.17%,16.17%,$43.82,$44.75,$0.00,-100.00%,$272.56,622.58%,$300.93,697.79%,CENTA,NASDAQ:CENTA,-1.000,$44.75,
NASDAQ:CENX,20 Aug 2025,$23.49,3,,9,5.00,$46.36,-49.33%,,,,$0.00,-100.00%,$51.24,10.52%,$42.79,-7.70%,CENX,NASDAQ:CENX,-1.000,$74.00,
NYSE:CEPU,16 Dec 2025,$17.50,3,$17.50,9,,$15.26,14.68%,,,,,-100.00%,-$2.00,-113.11%,-$2.00,-113.11%,CEPU,NYSE:CEPU,-2.000,,
NASDAQ:CERS,11 Dec 2025,$2.70,4,$4.50,4,1.04,$2.87,-6.05%,,,,$3.03,5.57%,$2.66,-7.24%,$2.76,-3.75%,CERS,NASDAQ:CERS,-0.760,$4.67,-3.64%
NASDAQ:CEVA,10 Feb 2026,$35.04,4,$36.00,5,0.82,$38.76,-9.60%,,,,$39.10,0.88%,$42.78,10.37%,$43.54,12.32%,CEVA,NASDAQ:CEVA,-0.832,$50.00,-28.00%
NASDAQ:CFFN,1 Jun 2026,$8.16,3,$8.25,6,4.06,$8.55,-4.62%,,,,$8.99,5.15%,-$52.04,-708.64%,-$51.27,-699.70%,CFFN,NASDAQ:CFFN,0.663,$8.83,-6.57%
NYSE:CFG,27 May 2026,$59.16,3,$72.63,6,2.90,$71.80,-17.60%,,,,$73.94,2.98%,$0.00,-100.00%,$0.00,-100.00%,CFG,NYSE:CFG,0.133,$79.24,-8.34%
NASDAQ:CFLT,27 Jan 2026,$37.00,3,$29.10,1,,#N/A,#N/A,,,,,#N/A,-$2.00,#N/A,-$2.00,#N/A,CFLT,NASDAQ:CFLT,-2.000,,
NYSE:CFR,19 Nov 2025,$122.52,3,$139.13,7,2.60,$161.46,-24.12%,,,,$165.62,2.58%,-$479.79,-397.16%,-$463.48,-387.05%,CFR,NYSE:CFR,0.027,$159.00,-12.50%
NASDAQ:CG,19 Nov 2025,$51.54,3,$66.70,6,2.92,$44.41,16.05%,,,,$45.79,3.11%,$23.16,-47.86%,$28.55,-35.71%,CG,NASDAQ:CG,0.105,$56.12,18.85%
NYSE:CGAU,15 Aug 2025,$8.68,4,,7,2.46,$16.30,-46.73%,,,,$16.54,1.47%,$18.86,15.68%,$25.32,55.31%,CGAU,NYSE:CGAU,-0.130,$23.25,
NASDAQ:CGNX,29 Jan 2026,$39.12,3,$45.64,9,2.83,$63.44,-38.33%,,,,$64.59,1.81%,$70.56,11.22%,$72.26,13.91%,CGNX,NASDAQ:CGNX,0.075,$77.60,-41.19%
NASDAQ:CHCO,27 May 2026,$129.27,3,$130.00,4,2.98,$137.56,-6.02%,,,,$142.70,3.74%,-$90.94,-166.11%,-$80.42,-158.46%,CHCO,NASDAQ:CHCO,0.200,$131.40,-1.07%
NYSE:CHCT,24 Aug 2025,$20.57,3,,8,3.57,$18.51,11.15%,,,,$19.51,5.40%,$9.91,-46.46%,$24.57,32.72%,CHCT,NYSE:CHCT,0.449,$18.75,
NYSE:CHD,20 Feb 2024,$80.10,1,,,2.93,$96.19,-16.73%,,,,$99.07,2.99%,$122.68,27.54%,$130.80,35.98%,CHD,NYSE:CHD,0.151,$103.84,
NASDAQ:CHDN,18 Sep 2025,$128.82,3,$132.71,9,2.33,$83.75,53.82%,,,,$82.71,-1.24%,$101.17,20.80%,$133.01,58.82%,CHDN,NASDAQ:CHDN,-0.188,$136.00,-2.42%
NYSE:CHE,3 Jul 2024,$512.61,3,,,2.38,$503.01,1.91%,,,,$506.85,0.76%,$728.32,44.79%,$790.80,57.21%,CHE,NYSE:CHE,-0.064,$474.00,
NASDAQ:CHEF,3 Sep 2025,$48.50,2,,,,$94.48,-48.67%,,,,,-100.00%,-$2.00,-102.12%,-$2.00,-102.12%,CHEF,NASDAQ:CHEF,-2.000,,
NYSE:CHGG,20 Aug 2025,$2.28,3,,5,2.17,$0.97,135.05%,,,,$0.89,-8.25%,$2.45,152.99%,$9.70,900.28%,CHGG,NYSE:CHGG,-0.259,$2.79,
NYSE:CHH,23 Dec 2025,$119.50,3,$100.00,4,,$108.00,-7.41%,,,,,-100.00%,-$2.00,-101.85%,-$2.00,-101.85%,CHH,NYSE:CHH,-2.000,,
NASDAQ:CHKP,26 Mar 2026,$188.31,3,$200.68,7,3.86,$126.01,49.44%,,,,$0.00,-100.00%,$354.86,181.61%,$367.27,191.46%,CHKP,NASDAQ:CHKP,-1.000,$147.71,35.86%
NASDAQ:CHRD,23 Aug 2024,$167.62,3,,,3.35,$138.89,20.69%,,,,$142.40,2.53%,$199.21,43.43%,$529.24,281.05%,CHRD,NASDAQ:CHRD,0.313,$165.47,
NYSE:CHT,17 Jun 2024,$40.37,3,,,3.34,$42.36,-4.70%,,,,$44.14,4.20%,$59.14,39.61%,$87.24,105.95%,CHT,NYSE:CHT,0.321,$48.08,
NASDAQ:CHX,23 Aug 2024,$37.87,4,,,,#N/A,#N/A,,,,$0.00,#N/A,$0.00,#N/A,$0.00,#N/A,CHX,NASDAQ:CHX,-2.000,$40.80,
NYSE:CIB,6 Oct 2025,$49.03,3,,,3.46,$86.79,-43.51%,,,,$87.66,1.00%,-$626.26,-821.58%,-$586.40,-775.66%,CIB,NYSE:CIB,0.450,$68.57,
NYSE:CIEN,23 Dec 2025,$134.99,1,$248.93,10,4.94,$407.53,-66.88%,,,,$0.00,-100.00%,$477.63,17.20%,$506.95,24.40%,CIEN,NYSE:CIEN,-1.000,$565.71,-56.00%
NASDAQ:CIFR,4 Aug 2025,$6.62,3,$7.06,3,4.30,$25.82,-74.37%,,,,$0.00,-100.00%,$9.10,-64.76%,$9.85,-61.85%,CIFR,NASDAQ:CIFR,-1.000,$32.53,-78.30%
NYSE:CIG,26 Jun 2026,$2.37,4,,5,,$2.17,9.22%,9.22%,$2.37,$2.37,,-100.00%,-$2.00,-192.17%,-$2.00,-192.17%,CIG,NYSE:CIG,-2.000,,
NASDAQ:CINF,19 Sep 2025,$146.60,2,$165.40,6,2.62,$179.38,-18.27%,,,,$183.33,2.20%,$304.19,69.58%,$320.94,78.92%,CINF,NASDAQ:CINF,0.019,$189.17,-12.57%
NYSE:CINT,10 Jun 2026,$5.65,3,$6.94,7,,$3.04,85.98%,,,,,-100.00%,-$2.00,-165.79%,-$2.00,-165.79%,CINT,NYSE:CINT,-2.000,,
NASDAQ:CISS,16 Feb 2026,$2.33,3,,,,$0.96,143.00%,,,,,-100.00%,-$2.00,-308.33%,-$2.00,-308.33%,CISS,NASDAQ:CISS,-2.000,,
NYSE:CL,18 Aug 2025,$84.33,3,$97.40,5,3.20,$90.08,-6.39%,,,,$94.41,4.81%,$126.79,40.75%,$140.12,55.55%,CL,NYSE:CL,0.272,$97.65,-0.26%
NASDAQ:CLBK,8 Oct 2025,$15.20,3,,,1.92,$11.01,38.06%,,,,$0.00,-100.00%,-$79.55,-822.52%,-$78.09,-809.26%,CLBK,NASDAQ:CLBK,-1.000,$8.64,
NYSE:CLF,17 Aug 2025,$12.62,3,$10.78,6,2.82,$10.96,-1.64%,,,,$0.00,-100.00%,$24.03,119.27%,$28.35,158.69%,CLF,NYSE:CLF,-1.000,$10.56,2.08%
NYSE:CLH,9 Apr 2025,$216.05,5,$271.56,9,0.35,$306.47,-29.50%,,,,$283.00,-7.66%,$326.98,6.69%,$275.90,-9.98%,CLH,NYSE:CLH,-0.995,$328.29,-17.28%
NASDAQ:CLMB,26 Jan 2026,$137.18,3,$136.00,4,,$25.10,441.83%,,,,,-100.00%,-$2.00,-107.97%,-$2.00,-107.97%,CLMB,NASDAQ:CLMB,-2.000,,
NASDAQ:CLPT,11 Dec 2025,$12.35,3,$29.00,6,5.00,$14.49,-14.77%,,,,$0.00,-100.00%,$12.71,-12.29%,$12.84,-11.41%,CLPT,NASDAQ:CLPT,-1.000,$28.33,2.36%
NYSE:CLS,19 Jan 2026,$187.07,1,$376.73,10,4.69,$334.75,-44.12%,,,,$0.00,-100.00%,$355.26,6.13%,$378.10,12.95%,CLS,NYSE:CLS,-1.000,$448.00,-15.91%
NYSE:CLVT,2 Feb 2026,$5.35,3,$3.87,4,4.44,$1.94,99.48%,,,,$0.00,-100.00%,-$2.28,-217.55%,$8.11,318.05%,CLVT,NYSE:CLVT,-1.000,$2.50,54.80%
NYSE:CLW,26 Dec 2024,$20.46,,$37.00,5,3.49,$16.40,24.76%,,,,$0.00,-100.00%,$61.47,274.80%,$26.73,63.01%,CLW,NYSE:CLW,-1.000,$18.00,105.56%
NYSE:CLX,13 Apr 2026,$137.41,5,$115.33,4,3.47,$93.80,22.95%,,,,$100.29,6.92%,$154.94,65.18%,$177.98,89.75%,CLX,NYSE:CLX,0.383,$104.65,10.21%
NYSE:CM,10 Sep 2025,$68.57,2,,,2.31,$116.53,-41.15%,,,,$118.31,1.53%,$23.75,-79.62%,$39.91,-65.75%,CM,NYSE:CM,-0.095,$110.11,
NYSE:CMA,19 Nov 2025,$78.08,3,$79.46,6,,#N/A,#N/A,,,,,#N/A,-$2.00,#N/A,-$2.00,#N/A,CMA,NYSE:CMA,-2.000,,
NYSE:CMC,27 Feb 2026,$67.56,3,,,3.04,$68.04,-0.71%,,,,$70.20,3.17%,$56.10,-17.54%,$91.19,34.02%,CMC,NYSE:CMC,0.177,$80.09,
NYSEAMERICAN:CMCL,28 Oct 2025,$29.76,1,$48.00,8,,$18.53,60.60%,,,,,-100.00%,-$2.00,-110.79%,-$2.00,-110.79%,CMCL,NYSEAMERICAN:CMCL,-2.000,,
NASDAQ:CME,24 Oct 2025,$252.85,2,,,2.51,$254.32,-0.58%,,,,$248.04,-2.47%,-$10.12,-103.98%,$5.23,-97.94%,CME,NASDAQ:CME,-0.040,$281.47,
NYSE:CMI,19 Nov 2025,$437.53,2,$508.60,4,3.13,$665.03,-34.21%,,,,$683.57,2.79%,$590.28,-11.24%,$683.25,2.74%,CMI,NYSE:CMI,0.226,$754.86,-32.62%
NASDAQ:CMPR,23 Aug 2025,$95.87,3,$72.00,5,3.73,$97.35,-26.04%,,,,$0.00,-100.00%,$186.26,91.33%,$192.60,97.84%,CMPR,NASDAQ:CMPR,-1.000,$111.50,-35.43%
NYSE:CMRE,23 Dec 2025,$17.94,5,$12.00,6,3.03,$15.67,-23.42%,,,,$15.72,0.32%,$13.43,-14.29%,$24.63,57.19%,CMRE,NYSE:CMRE,0.139,$21.00,-42.86%
NASDAQ:CNDT,29 Jan 2026,$2.60,3,$7.00,3,5.00,$1.46,77.94%,,,,$0.00,-100.00%,$0.49,-66.28%,-$0.39,-126.98%,CNDT,NASDAQ:CNDT,-1.000,$5.00,40.00%
NYSE:CNH,18 Aug 2025,$16.66,5,$14.39,4,2.29,$10.62,35.50%,,,,$10.31,-2.92%,$0.92,-91.29%,-$10.07,-194.86%,CNH,NYSE:CNH,-0.171,$13.28,8.36%
NYSE:CNM,15 Aug 2025,$59.25,2,,,4.99,$43.12,37.42%,,,,$0.00,-100.00%,$52.59,21.95%,$69.16,60.40%,CNM,NYSE:CNM,-1.000,$60.27,
NYSE:CNMD,11 Dec 2025,$60.78,3,$53.00,2,2.33,$41.27,28.42%,,,,$41.75,1.16%,$26.70,-35.30%,$38.06,-7.77%,CNMD,NYSE:CNMD,-0.087,$39.00,35.90%
NYSE:CNO,20 Oct 2023,$30.57,5,,,2.89,$52.60,-41.89%,,,,$54.28,3.19%,$0.00,-100.00%,$0.00,-100.00%,CNO,NYSE:CNO,0.154,$51.75,
NASDAQ:CNOB,19 Nov 2025,$25.36,3,,,3.53,$31.40,-19.24%,,,,$34.24,9.04%,$0.00,-100.00%,$0.00,-100.00%,CNOB,NASDAQ:CNOB,0.404,$36.00,
NASDAQ:CNXC,28 Jan 2026,$61.95,4,,,3.02,$21.94,182.34%,,,,$25.08,14.31%,$60.46,175.57%,$193.34,781.23%,CNXC,NASDAQ:CNXC,0.122,$35.25,
NYSE:COF,18 Aug 2025,$1.55,4,$1.15,4,2.66,$199.96,-99.42%,,,,$201.68,0.86%,-$254.59,-227.32%,-$167.44,-183.74%,COF,NYSE:COF,-0.014,$258.00,-99.55%
NASDAQ:COFS,1 Jun 2026,$34.09,3,$34.00,7,2.81,$33.67,0.98%,,,,$35.09,4.22%,-$155.03,-560.43%,-$202.16,-700.41%,COFS,NASDAQ:COFS,0.110,$34.33,-0.96%
NYSE:COHR,15 Aug 2025,$108.88,2,$111.93,7,4.25,$313.22,-65.24%,,,,$0.00,-100.00%,$303.56,-3.08%,$332.49,6.15%,COHR,NYSE:COHR,-1.000,$391.45,-71.41%
NASDAQ:COHU,4 Feb 2026,$30.91,3,$32.33,9,3.81,$54.51,-43.29%,,,,$0.00,-100.00%,$58.44,7.21%,$67.45,23.74%,COHU,NASDAQ:COHU,-1.000,$63.38,-48.99%
NASDAQ:COLB,27 May 2026,$30.60,3,$31.75,6,4.04,$32.26,-5.15%,,,,$34.24,6.14%,-$67.42,-308.99%,-$62.04,-292.33%,COLB,NASDAQ:COLB,0.655,$33.64,-5.62%
NASDAQ:COLM,6 Feb 2026,$85.03,3,$62.40,6,3.13,$61.73,1.09%,,,,$64.72,4.84%,$329.04,433.04%,$256.00,314.71%,COLM,NASDAQ:COLM,0.225,$70.83,-11.90%
NASDAQ:COMM,27 Jan 2026,$19.58,1,,,,#N/A,#N/A,,,,,#N/A,-$2.00,#N/A,-$2.00,#N/A,COMM,NASDAQ:COMM,-2.000,,
NYSE:COP,2 Jul 2026,$119.17,5,$146.53,7,3.17,$120.20,-0.86%,-0.86%,$119.17,$146.53,$122.41,1.84%,$121.55,1.13%,$211.74,76.15%,COP,NYSE:COP,0.239,$140.72,4.13%
NASDAQ:CORZ,22 Jan 2026,$21.48,3,$27.60,7,0.52,$23.96,-10.35%,,,,$22.05,-7.97%,$12.41,-48.21%,$14.55,-39.29%,CORZ,NASDAQ:CORZ,-0.988,$33.36,-17.27%
NYSE:COTY,18 Aug 2025,$8.16,3,$6.34,4,4.02,$2.60,143.85%,,,,$0.00,-100.00%,$5.61,115.59%,$10.76,313.74%,COTY,NYSE:COTY,-1.000,$3.13,102.56%
NYSE:CP,13 Nov 2024,$75.90,3,,,2.23,$92.32,-17.78%,,,,$91.98,-0.37%,$81.53,-11.69%,$100.92,9.31%,CP,NYSE:CP,-0.153,$97.52,
NYSE:CPF,16 Apr 2026,$32.84,3,$37.00,6,2.66,$38.68,-15.11%,,,,$39.49,2.09%,-$168.03,-534.40%,-$163.35,-522.30%,CPF,NYSE:CPF,0.031,$41.67,-11.21%
NYSE:CPRI,26 Mar 2026,$38.69,5,$26.00,5,0.85,$15.54,67.31%,,,,$15.50,-0.26%,$43.12,177.51%,$39.96,157.11%,CPRI,NYSE:CPRI,-0.845,$25.09,3.63%
NASDAQ:CPRT,22 Sep 2025,$50.82,4,$55.60,4,5.00,$27.20,86.84%,,,,$0.00,-100.00%,$63.44,133.22%,$67.59,148.49%,CPRT,NASDAQ:CPRT,-1.000,$40.90,35.94%
NASDAQ:CPSH,27 Jan 2026,$4.29,2,,,3.83,$4.72,-9.06%,,,,$0.00,-100.00%,$5.71,21.04%,$6.07,28.52%,CPSH,NASDAQ:CPSH,-1.000,$5.50,
NYSE:CPT,18 Sep 2025,$121.77,4,$121.40,1,2.75,$112.84,7.59%,,,,$114.47,1.44%,$103.66,-8.13%,$119.86,6.22%,CPT,NYSE:CPT,0.084,$115.85,4.79%
NYSE:CR,13 Nov 2025,$172.71,2,$220.67,6,,$218.10,-20.81%,,,,,-100.00%,-$2.00,-100.92%,-$2.00,-100.92%,CR,NYSE:CR,-2.000,,
NASDAQ:CRAI,20 Aug 2024,$164.05,3,,,2.71,$167.32,-1.95%,,,,$168.74,0.85%,$465.90,178.45%,$464.96,177.88%,CRAI,NASDAQ:CRAI,-0.016,$252.50,
NASDAQ:CRCT,11 Feb 2026,$6.18,5,$3.67,3,3.37,$4.25,-13.65%,,,,$4.63,8.94%,$33.12,679.38%,$40.14,844.39%,CRCT,NASDAQ:CRCT,0.399,$3.62,1.38%
NASDAQ:CRDO,15 Dec 2025,$162.57,3,$223.89,7,3.89,$236.50,-31.26%,,,,$0.00,-100.00%,$274.12,15.91%,$277.92,17.51%,CRDO,NASDAQ:CRDO,-1.000,$278.50,-19.61%
NASDAQ:CRESY,11 Jul 2025,$10.53,3,,,2.72,$11.22,-6.18%,,,,$11.34,1.07%,$9.11,-18.78%,$11.46,2.14%,CRESY,NASDAQ:CRESY,-0.008,$15.51,
NYSE:CRGY,20 Aug 2025,$15.13,3,,,3.48,$11.39,32.84%,,,,$11.75,3.16%,$4.87,-57.23%,$5.56,-51.15%,CRGY,NYSE:CRGY,0.325,$16.60,
NYSE:CRH,30 Mar 2026,$109.97,3,,,,$98.02,12.19%,,,,,-100.00%,-$2.00,-102.04%,-$2.00,-102.04%,CRH,NYSE:CRH,-2.000,,
NASDAQ:CRML,4 Dec 2025,$6.88,3,$14.00,6,,$6.11,12.55%,,,,,-100.00%,-$2.00,-132.73%,-$2.00,-132.73%,CRML,NASDAQ:CRML,-2.000,,
NASDAQ:CROX,26 Jul 2024,$132.28,3,,,2.87,$132.47,-0.14%,,,,$0.00,-100.00%,$354.00,167.23%,$371.82,180.68%,CROX,NASDAQ:CROX,-1.000,$128.92,
NASDAQ:CRTO,6 Nov 2025,$38.27,3,$35.00,2,4.11,$20.83,68.03%,,,,$0.00,-100.00%,$30.82,47.98%,$58.94,182.94%,CRTO,NASDAQ:CRTO,-1.000,$25.45,37.52%
NASDAQ:CRUS,6 Feb 2026,$143.98,4,$143.60,10,4.81,$133.53,7.54%,,,,$0.00,-100.00%,$337.72,152.92%,$355.13,165.96%,CRUS,NASDAQ:CRUS,-1.000,$181.75,-20.99%
NASDAQ:CRWD,13 Sep 2024,$299.53,4,,,3.16,$183.42,63.30%,,,,$0.00,-100.00%,$203.34,10.86%,$206.43,12.55%,CRWD,NASDAQ:CRWD,-1.000,$189.18,
NASDAQ:CRWV,11 Feb 2026,$83.61,3,,,5.00,$81.10,3.09%,,,,$0.00,-100.00%,$0.00,-100.00%,$0.00,-100.00%,CRWV,NASDAQ:CRWV,-1.000,$140.55,
NASDAQ:CSIQ,9 Feb 2026,$19.05,3,$21.51,6,,$14.69,29.68%,,,,,-100.00%,-$2.00,-113.61%,-$2.00,-113.61%,CSIQ,NASDAQ:CSIQ,-2.000,,
NYSE:CSL,20 Jan 2026,$384.54,3,$400.00,8,3.22,$331.55,15.98%,,,,$336.42,1.47%,$505.01,52.32%,$521.56,57.31%,CSL,NYSE:CSL,0.248,$403.29,-0.82%
NASDAQ:CSTL,23 Aug 2024,$38.33,3,,,5.00,$25.48,50.42%,,,,$0.00,-100.00%,$38.24,50.09%,$43.94,72.44%,CSTL,NASDAQ:CSTL,-1.000,$42.78,
NYSE:CSTM,25 Jun 2026,$27.88,2,,,0.75,$30.00,-7.07%,-7.07%,$27.88,$37.19,$27.64,-7.87%,-$2.67,-108.90%,$37.70,25.67%,CSTM,NYSE:CSTM,-0.853,$37.19,
NASDAQ:CSW,3 Sep 2025,$247.77,1,,,,$290.29,-14.65%,,,,,-100.00%,-$2.00,-100.69%,-$2.00,-100.69%,CSW,NYSE:CSW,-2.000,,
NASDAQ:CTBI,19 Nov 2025,$57.46,3,$61.00,6,2.90,$74.72,-23.10%,,,,$76.43,2.29%,$0.00,-100.00%,$0.00,-100.00%,CTBI,NASDAQ:CTBI,0.138,$81.33,-25.00%
NASDAQ:CTKB,11 Dec 2025,$6.69,3,$5.83,7,4.24,$4.56,27.85%,,,,$0.00,-100.00%,$6.75,48.04%,$6.95,52.43%,CTKB,NASDAQ:CTKB,-1.000,$5.69,2.46%
NASDAQ:CTLP,21 Jan 2026,$11.18,3,,5,,#N/A,#N/A,,,,,#N/A,-$2.00,#N/A,-$2.00,#N/A,CTLP,NASDAQ:CTLP,-2.000,,
NYSEAMERICAN:CTM,2 Feb 2026,$3.50,1,$3.50,3,,$0.70,400.00%,,,,,-100.00%,-$2.00,-385.71%,-$2.00,-385.71%,CTM,NYSEAMERICAN:CTM,-2.000,,
NYSE:CTRA,2 Nov 2025,$26.29,4,$32.29,7,,#N/A,#N/A,,,,$0.00,#N/A,$41.25,#N/A,$71.61,#N/A,CTRA,NYSE:CTRA,-1.000,$37.77,-14.51%
NYSE:CTS,2 Feb 2026,$52.59,3,,6,2.36,$60.92,-13.67%,,,,$60.86,-0.10%,$87.17,43.09%,$107.33,76.18%,CTS,NYSE:CTS,-0.072,$58.00,
NASDAQ:CTSH,4 Feb 2026,$83.87,4,,,,$43.01,95.00%,,,,,-100.00%,-$2.00,-104.65%,-$2.00,-104.65%,CTSH,NASDAQ:CTSH,-2.000,,
NYSE:CUBI,19 Nov 2025,$67.11,3,$85.43,9,0.50,$76.09,-11.80%,,,,$72.61,-4.57%,$0.00,-100.00%,$0.00,-100.00%,CUBI,NYSE:CUBI,-0.957,$92.45,-7.59%
NASDAQ:CURI,23 Dec 2025,$4.18,3,$6.33,10,3.11,$2.38,75.63%,,,,$2.67,12.18%,$2.99,25.65%,$5.60,135.11%,CURI,NASDAQ:CURI,0.161,$5.33,18.76%
NASDAQ:CVBF,25 Jun 2026,$20.88,3,,,2.95,$22.36,-6.62%,-6.62%,$20.88,$24.33,$22.93,2.55%,$0.00,-100.00%,$0.00,-100.00%,CVBF,NASDAQ:CVBF,0.159,$24.33,
NYSE:CVE,19 Jun 2026,$26.66,3,$32.60,8,2.68,$29.72,-10.30%,,,,$29.97,0.84%,$44.56,49.93%,$84.34,183.79%,CVE,NYSE:CVE,0.022,$34.36,-5.12%
NYSE:CVI,23 Aug 2024,$33.80,3,,,2.92,$33.94,-0.42%,,,,$36.82,8.49%,$21.96,-35.29%,$62.63,84.52%,CVI,NYSE:CVI,0.198,$28.80,
NASDAQ:CVLT,26 Jan 2026,$137.85,3,$174.58,8,3.49,$141.14,-2.33%,,,,$0.00,-100.00%,$260.00,84.22%,$263.25,86.52%,CVLT,NASDAQ:CVLT,-1.000,$155.09,12.57%
NASDAQ:CVRX,4 Dec 2025,$11.33,4,$12.67,7,5.00,$4.89,131.72%,,,,$0.00,-100.00%,$1.22,-75.08%,$1.28,-73.80%,CVRX,NASDAQ:CVRX,-1.000,$11.17,13.43%
NYSE:CVS,16 Oct 2025,$91.02,5,$86.60,8,3.47,$106.89,-18.98%,,,,$113.74,6.41%,$69.75,-34.74%,$102.11,-4.47%,CVS,NYSE:CVS,0.397,$111.92,-22.62%
NYSE:CVX,20 Aug 2025,$174.36,4,$171.33,9,,$194.42,-11.88%,,,,,-100.00%,-$2.00,-101.03%,-$2.00,-101.03%,CVX,NYSE:CVX,-2.000,,
NYSE:CW,17 May 2024,$250.04,2,,,1.46,$750.03,-66.66%,,,,$714.99,-4.67%,$985.17,31.35%,$730.03,-2.67%,CW,NYSE:CW,-0.507,$822.17,
NYSE:CWAN,26 Jan 2026,$25.43,3,$27.15,4,,#N/A,#N/A,,,,,#N/A,-$2.00,#N/A,-$2.00,#N/A,CWAN,NYSE:CWAN,-2.000,,
NASDAQ:CWCO,13 Nov 2025,$34.36,3,,8,2.87,$29.30,17.27%,,,,$29.93,2.15%,$55.84,90.59%,$63.89,118.07%,CWCO,NASDAQ:CWCO,0.055,$43.00,
NYSE:CWH,19 Sep 2025,$21.04,3,$19.56,7,3.97,$5.63,247.42%,,,,$6.33,12.43%,$41.80,642.47%,$59.01,948.10%,CWH,NYSE:CWH,0.540,$13.17,48.52%
NYSE:CX,19 Jun 2025,$8.65,3,$7.31,8,2.57,$12.26,-40.38%,,,,$12.82,4.57%,$5.51,-55.02%,$14.58,18.92%,CX,NYSE:CX,-0.033,$14.47,-49.48%
NASDAQ:CXAI,4 Feb 2026,$0.59,3,,,,$0.12,393.33%,,,,,-100.00%,-$2.00,-1766.67%,-$2.00,-1766.67%,CXAI,NASDAQ:CXAI,-2.000,,
NYSE:CXT,11 Nov 2025,$76.10,5,$74.00,8,2.55,$52.05,42.17%,,,,$51.67,-0.73%,$65.00,24.88%,$31.33,-39.80%,CXT,NYSE:CXT,-0.064,$66.83,10.73%
NYSE:CYD,15 Dec 2025,$33.36,3,,7,2.89,$45.84,-27.22%,,,,$47.43,3.47%,$0.00,-100.00%,$0.00,-100.00%,CYD,NYSE:CYD,0.060,$64.17,
NYSE:DAC,5 Mar 2026,$126.35,3,,,2.72,$137.44,-8.07%,,,,$135.22,-1.62%,$157.99,14.95%,$344.19,150.43%,DAC,NYSE:DAC,0.042,$157.00,
NYSE:DAL,18 Sep 2025,$41.35,2,,,3.18,$81.97,-49.55%,,,,$86.43,5.44%,$35.00,-57.30%,$128.65,56.94%,DAL,NYSE:DAL,0.218,$105.52,
NYSE:DAVA,9 Feb 2026,$13.03,3,$10.00,3,,$2.76,262.32%,,,,,-100.00%,-$2.00,-172.46%,-$2.00,-172.46%,DAVA,NYSE:DAVA,-2.000,,
NASDAQ:DAVE,11 Feb 2026,$175.69,3,$312.50,9,2.75,$408.59,-57.00%,,,,$0.00,-100.00%,$738.02,80.63%,$745.40,82.43%,DAVE,NASDAQ:DAVE,-1.000,$388.55,-19.57%
NYSE:DB,2 Apr 2026,$30.42,3,$41.60,10,3.52,$34.14,-10.90%,,,,$36.69,7.47%,$453.56,1228.52%,$527.71,1445.73%,DB,NYSE:DB,0.383,$41.45,0.36%
NYSE:DBI,4 Feb 2026,$8.49,3,$6.25,2,3.59,$5.36,16.60%,,,,$6.03,12.50%,$3.91,-27.02%,$17.94,234.72%,DBI,NYSE:DBI,0.372,$7.75,-19.35%
NASDAQ:DBX,11 Feb 2026,$25.55,3,,,0.45,$28.43,-10.13%,,,,$27.49,-3.31%,$55.81,96.32%,$65.52,130.45%,DBX,NASDAQ:DBX,-0.913,$26.17,
NYSE:DCI,6 Nov 2025,$76.88,2,,,2.86,$91.14,-15.65%,,,,$93.11,2.16%,$143.64,57.60%,$157.50,72.81%,DCI,NYSE:DCI,0.124,$96.80,
NASDAQ:DCOM,2 Oct 2025,$31.72,3,$36.00,5,,#N/A,#N/A,,,,,#N/A,-$2.00,#N/A,-$2.00,#N/A,DCOM,NASDAQ:DCOM,-2.000,,
NASDAQ:DCTH,11 Dec 2025,$11.63,3,$24.00,6,5.00,$12.43,-6.43%,,,,$0.00,-100.00%,$12.96,4.24%,$13.13,5.64%,DCTH,NASDAQ:DCTH,-1.000,$21.55,11.37%
NYSE:DD,16 Jul 2026,$150.29,4,$165.80,8,4.73,$137.40,9.38%,9.38%,$150.29,$169.63,$150.95,9.86%,$140.13,1.99%,$207.72,51.18%,DD,NYSE:DD,0.915,$169.63,-2.26%
NYSE:DDD,19 Nov 2025,$2.85,3,$3.63,6,5.00,$2.59,10.04%,,,,$0.00,-100.00%,$0.20,-92.18%,$2.88,11.20%,DDD,NYSE:DDD,-1.000,$4.00,-9.25%
NASDAQ:DDOG,18 Aug 2025,$131.92,3,$161.38,8,3.42,$244.39,-46.02%,,,,$0.00,-100.00%,$284.68,16.49%,$287.36,17.58%,DDOG,NASDAQ:DDOG,-1.000,$264.99,-39.10%
NYSE:DDS,21 May 2024,$424.51,3,,,2.84,$560.97,-24.33%,,,,$601.10,7.15%,"$1,520.71",171.09%,"$1,668.06",197.35%,DDS,NYSE:DDS,0.139,$537.00,
NYSE:DEA,13 Nov 2025,$33.12,3,$23.30,4,3.61,$25.09,-7.13%,,,,$26.00,3.63%,-$3.37,-113.43%,$22.92,-8.65%,DEA,NYSE:DEA,0.477,$24.36,-4.35%
NYSE:DECK,13 Apr 2026,$122.67,3,$124.47,2,4.64,$96.23,27.48%,,,,$0.00,-100.00%,$136.95,42.31%,$145.95,51.67%,DECK,NYSE:DECK,-1.000,$127.81,-2.61%
NYSE:DEO,20 Mar 2026,$109.50,3,$107.50,8,,$82.26,30.68%,,,,,-100.00%,-$2.00,-102.43%,-$2.00,-102.43%,DEO,NYSE:DEO,-2.000,,
NASDAQ:DFDV,3 Jun 2025,$23.65,3,,,5.00,$2.87,724.11%,,,,$0.00,-100.00%,-$9.04,-414.91%,-$9.00,-413.44%,DFDV,NASDAQ:DFDV,-1.000,$5.85,
NYSE:DFH,26 Mar 2025,$30.22,3,$32.00,4,0.62,$14.63,106.57%,,,,$14.64,0.07%,$75.48,415.95%,$83.69,472.07%,DFH,NYSE:DFH,-0.910,$18.00,77.78%
NASDAQ:DGII,29 Jan 2026,$43.01,3,$48.80,7,3.49,$65.80,-34.63%,,,,$0.00,-100.00%,$126.48,92.22%,$145.78,121.56%,DGII,NASDAQ:DGII,-1.000,$72.20,-32.41%
NYSE:DGX,29 Jul 2024,$148.07,3,,,2.91,$227.90,-35.03%,,,,$216.53,-4.99%,$240.74,5.63%,$330.02,44.81%,DGX,NYSE:DGX,0.162,$223.94,
NYSE:DHI,29 May 2026,$164.34,5,$164.82,7,3.19,$142.12,15.64%,,,,$148.42,4.43%,$262.57,84.75%,$265.97,87.14%,DHI,NYSE:DHI,0.244,$168.00,-1.89%
NYSE:DHR,13 Nov 2025,$244.54,3,$243.45,9,1.08,$192.50,26.47%,,,,$171.00,-11.17%,$207.61,7.85%,$241.84,25.63%,DHR,NYSE:DHR,-0.710,$242.52,0.38%
NASDAQ:DIOD,28 Jan 2026,$63.86,3,$58.67,7,4.98,$92.74,-36.74%,,,,$0.00,-100.00%,$117.58,26.78%,$147.56,59.12%,DIOD,NASDAQ:DIOD,-1.000,$129.50,-54.69%
NASDAQ:DJCO,11 Feb 2026,$662.32,3,,5,,$576.76,14.84%,,,,$0.00,-100.00%,$633.60,9.86%,$635.20,10.13%,DJCO,NASDAQ:DJCO,-1.000,,
NYSE:DKL,25 Jun 2026,$49.01,1,,,,$57.76,-15.15%,-15.15%,$49.01,$49.01,,-100.00%,-$2.00,-103.46%,-$2.00,-103.46%,DKL,NYSE:DKL,-2.000,,
NASDAQ:DKNG,18 Aug 2025,$46.45,3,$54.69,7,5.00,$22.81,103.64%,,,,$0.00,-100.00%,$33.13,45.26%,$21.72,-4.80%,DKNG,NASDAQ:DKNG,-1.000,$34.87,56.84%
NYSE:DLX,17 Jul 2026,$28.09,3,,5,3.71,$25.57,9.86%,9.86%,$28.09,$32.67,$26.89,5.16%,$27.56,7.77%,$81.33,218.07%,DLX,NYSE:DLX,0.455,$32.67,
NASDAQ:DMLP,20 Sep 2025,$25.83,1,$25.30,1,3.56,$27.44,-7.80%,,,,$28.45,3.68%,$49.02,78.64%,$64.15,133.80%,DMLP,NASDAQ:DMLP,0.423,,
NASDAQ:DMRC,14 Jan 2026,$14.02,3,$10.00,2,5.00,$5.89,69.78%,,,,$0.00,-100.00%,$4.92,-16.53%,$4.79,-18.76%,DMRC,NASDAQ:DMRC,-1.000,$11.50,-13.04%
NYSEAMERICAN:DNN,31 Jul 2024,$1.76,0,,,,$3.09,-43.04%,,,,,-100.00%,-$2.00,-164.72%,-$2.00,-164.72%,DNN,NYSEAMERICAN:DNN,-2.000,,
NASDAQ:DNUT,22 Dec 2023,$17.24,4,,,3.37,$3.11,454.28%,,,,$3.29,5.79%,-$3.83,-223.11%,$8.62,177.05%,DNUT,NASDAQ:DNUT,0.284,$4.22,
NYSE:DOLE,6 Mar 2026,$17.35,3,$14.00,4,3.46,$14.05,-0.36%,,,,$14.68,4.48%,$12.49,-11.07%,$20.49,45.83%,DOLE,NYSE:DOLE,0.347,$17.69,-20.86%
NYSE:DOV,11 Nov 2025,$186.11,3,$210.90,7,3.24,$197.80,-5.91%,,,,$219.94,11.19%,$231.02,16.79%,$260.95,31.93%,DOV,NYSE:DOV,0.248,$250.94,-15.96%
NASDAQ:DOX,21 May 2026,$85.47,3,$74.50,10,3.31,$50.85,46.51%,,,,$53.40,5.01%,$64.27,26.40%,$84.30,65.78%,DOX,NASDAQ:DOX,0.247,$81.21,-8.26%
NASDAQ:DOYU,2 Apr 2025,$7.06,3,$9.75,9,,$4.43,59.28%,,,,,-100.00%,-$2.00,-145.15%,-$2.00,-145.15%,DOYU,NASDAQ:DOYU,-2.000,,
NASDAQ:DPZ,9 Apr 2025,$433.44,3,$487.39,9,2.97,$323.25,34.09%,,,,$338.01,4.57%,$479.69,48.40%,$520.97,61.17%,DPZ,NASDAQ:DPZ,0.139,$390.86,24.70%
NYSE:DQ,9 Feb 2026,$22.12,3,$28.07,5,5.00,$11.91,85.73%,,,,$0.00,-100.00%,$60.05,404.17%,$115.57,870.38%,DQ,NYSE:DQ,-1.000,$26.77,4.86%
NYSE:DRD,28 Feb 2024,$9.55,4,,,,$20.45,-53.31%,,,,,-100.00%,-$2.00,-109.78%,-$2.00,-109.78%,DRD,NYSE:DRD,-2.000,,
NYSE:DRH,23 Dec 2025,$11.46,5,$9.65,3,,$12.67,-23.84%,,,,,-100.00%,-$2.00,-115.79%,-$2.00,-115.79%,DRH,NASDAQ:DRH,-2.000,,
NYSE:DRI,18 Sep 2025,$167.77,1,,,2.79,$194.12,-13.58%,,,,$200.17,3.12%,$254.75,31.23%,$328.13,69.03%,DRI,NYSE:DRI,0.067,$228.33,
NASDAQ:DRVN,4 Apr 2025,$17.90,3,$19.91,7,4.22,$13.68,30.85%,,,,$0.00,-100.00%,$5.76,-57.89%,$15.61,14.14%,DRVN,NASDAQ:DRVN,-1.000,$17.01,17.05%
NYSE:DSX,5 Mar 2026,$3.21,4,,,,$2.22,44.59%,,,,,-100.00%,-$2.00,-190.09%,-$2.00,-190.09%,DSX,NYSE:DSX,-2.000,,
NYSE:DT,10 Feb 2026,$53.18,3,$54.08,8,3.86,$40.65,30.83%,,,,$0.00,-100.00%,$83.19,104.66%,$84.75,108.49%,DT,NYSE:DT,-1.000,$47.61,13.59%
NYSE:DUK,19 Sep 2025,$124.46,3,$130.90,7,2.62,$129.26,-3.71%,,,,$129.96,0.54%,-$30.84,-123.86%,$54.61,-57.75%,DUK,NYSE:DUK,0.015,$138.83,-5.71%
NASDAQ:DUOL,8 Feb 2026,$234.17,3,$232.22,4,,$120.67,92.44%,,,,,-100.00%,-$2.00,-101.66%,-$2.00,-101.66%,DUOL,NASDAQ:DUOL,-2.000,,
NASDAQ:DVLT,14 Jan 2026,$1.31,3,,,5.00,$0.37,255.38%,,,,$0.00,-100.00%,$0.29,-22.15%,$0.43,16.97%,DVLT,NASDAQ:DVLT,-1.000,$3.00,
NYSE:DVN,27 Jan 2026,$43.47,4,$43.37,10,3.03,$45.29,-4.24%,,,,$46.13,1.85%,$51.07,12.77%,$78.60,73.55%,DVN,NYSE:DVN,0.144,$59.35,-26.93%
NASDAQ:DXCM,11 Dec 2025,$71.56,4,$85.74,7,4.08,$70.48,1.53%,,,,$0.00,-100.00%,$135.71,92.56%,$146.97,108.53%,DXCM,NASDAQ:DXCM,-1.000,$85.75,-0.01%
NYSE:DY,23 Aug 2024,$143.30,1,,,0.81,$440.39,-67.46%,,,,$402.85,-8.52%,$657.93,49.40%,$375.61,-14.71%,DY,NYSE:DY,-0.863,$637.27,
NASDAQ:EA,2 Jan 2026,$198.31,3,,,1.85,$209.00,-5.11%,,,,$209.55,0.26%,$305.89,46.36%,$323.97,55.01%,EA,NASDAQ:EA,-0.306,$205.79,
NASDAQ:EBAY,22 Feb 2026,$73.85,1,$99.00,7,,$109.32,-32.45%,,,,,-100.00%,-$2.00,-101.83%,-$2.00,-101.83%,EBAY,NASDAQ:EBAY,-2.000,,
NASDAQ:EBC,1 Jun 2026,$20.59,3,$22.75,7,2.96,$22.62,-8.97%,,,,$23.38,3.36%,-$80.69,-456.73%,-$94.10,-515.99%,EBC,NASDAQ:EBC,0.171,$23.94,-4.97%
NYSE:EBF,23 Jun 2026,$22.32,4,,,3.68,$21.33,4.64%,,,,$22.00,3.14%,$45.73,114.39%,$52.62,146.71%,EBF,NYSE:EBF,0.474,$24.00,
NYSE:EBS,5 Jan 2026,$13.61,3,$15.00,5,5.00,$7.50,81.51%,,,,$0.00,-100.00%,$37.36,398.13%,$45.65,508.70%,EBS,NYSE:EBS,-1.000,$12.00,25.00%
NYSE:ECO,5 Mar 2026,$47.32,2,,,3.74,$57.46,-17.65%,,,,$59.47,3.50%,$102.83,78.95%,$114.37,99.04%,ECO,NYSE:ECO,0.460,$75.00,
NASDAQ:ECPG,23 Jun 2026,$78.21,3,$113.33,10,4.62,$85.63,-8.67%,,,,$0.00,-100.00%,$111.56,30.28%,$133.51,55.91%,ECPG,NASDAQ:ECPG,-1.000,$113.33,0.00%
NASDAQ:ECX,10 Sep 2025,$1.94,4,,3,5.00,$1.01,92.48%,,,,$0.00,-100.00%,-$1.16,-214.86%,-$1.22,-220.33%,ECX,NASDAQ:ECX,-1.000,$3.23,
NYSE:ED,16 Sep 2025,$102.44,3,$102.88,2,3.04,$112.79,-9.18%,,,,$114.76,1.75%,-$13.32,-111.81%,$32.79,-70.93%,ED,NYSE:ED,0.221,$111.21,-7.49%
NYSE:EDN,16 Dec 2025,$46.50,3,,5,,$26.59,74.88%,,,,,-100.00%,-$2.00,-107.52%,-$2.00,-107.52%,EDN,NYSE:EDN,-2.000,,
NYSE:EDU,19 Aug 2025,$59.25,3,,,2.42,$49.35,20.07%,,,,$48.42,-1.88%,$109.48,121.84%,$127.30,157.96%,EDU,NYSE:EDU,-0.147,$70.61,
NASDAQ:EEFT,11 Feb 2026,$105.16,3,$96.80,7,3.71,$77.29,25.24%,,,,$0.00,-100.00%,$272.66,252.78%,$306.89,297.06%,EEFT,NASDAQ:EEFT,-1.000,$88.33,9.59%
NYSE:EFX,10 May 2024,$252.67,3,,,2.66,$166.72,51.55%,,,,$169.93,1.93%,$186.80,12.05%,$289.93,73.90%,EFX,NYSE:EFX,-0.023,$219.67,
NASDAQ:EGAN,28 Jan 2026,$10.58,3,$15.17,6,5.00,$6.32,67.41%,,,,$0.00,-100.00%,$17.26,173.04%,$18.02,185.17%,EGAN,NASDAQ:EGAN,-1.000,$12.83,18.24%
NASDAQ:EGBN,23 Dec 2025,$22.58,3,$18.50,6,2.70,$27.60,-32.97%,,,,$27.96,1.30%,-$233.71,-946.79%,-$232.64,-942.88%,EGBN,NASDAQ:EGBN,0.043,$30.50,-39.34%
NASDAQ:EGHT,22 Jan 2026,$2.71,3,$2.25,3,5.00,$1.62,38.89%,,,,$0.00,-100.00%,$1.35,-16.37%,$3.32,104.98%,EGHT,NASDAQ:EGHT,-1.000,$2.50,-10.00%
NYSE:EGY,26 Aug 2025,$6.31,3,,,4.00,$5.71,10.43%,,,,$5.84,2.28%,$11.54,102.07%,$22.19,288.55%,EGY,NYSE:EGY,0.556,$9.90,
NASDAQ:EH,3 Sep 2025,$17.27,3,,,5.00,$5.09,239.19%,,,,$0.00,-100.00%,$4.85,-4.78%,$4.90,-3.69%,EH,NASDAQ:EH,-1.000,$11.44,
NYSE:EHC,31 Dec 2025,$95.51,2,$145.00,8,2.22,$111.06,-14.00%,,,,$111.19,0.12%,$167.32,50.66%,$224.74,102.36%,EHC,NYSE:EHC,-0.207,$140.50,3.20%
NYSE:EIX,29 Jun 2026,$78.39,4,$76.14,4,3.87,$79.64,-4.39%,-4.39%,$75.96,$78.39,$83.79,5.21%,-$16.69,-120.95%,$4.74,-94.04%,EIX,NYSE:EIX,0.595,$75.96,0.24%
NYSE:EL,18 Aug 2025,$118.27,3,$95.25,6,2.27,$79.92,19.18%,,,,$82.59,3.34%,$85.65,7.17%,$127.35,59.34%,EL,NYSE:EL,-0.168,$95.15,0.11%
NYSE:ELF,18 Aug 2025,$118.35,3,,,3.04,$76.15,55.41%,,,,$0.00,-100.00%,$117.01,53.65%,$132.13,73.51%,ELF,NYSE:ELF,-1.000,$76.69,
NYSE:ELME,16 Jul 2026,$2.60,4,,4,4.80,$1.47,76.53%,76.53%,$2.60,$18.00,$1.62,10.20%,$0.00,-100.00%,$0.00,-100.00%,ELME,NYSE:ELME,0.910,$18.00,
NYSE:ELP,13 Feb 2025,$6.84,3,$8.20,6,,#N/A,#N/A,,,,,#N/A,-$2.00,#N/A,-$2.00,#N/A,ELP,NYSE:ELP,-2.000,,
NYSE:ELS,19 Sep 2025,$70.10,5,$67.65,7,2.82,$66.03,2.45%,,,,$66.65,0.94%,$92.54,40.15%,$111.06,68.20%,ELS,NYSE:ELS,0.107,$70.39,-3.89%
NASDAQ:ELVR,11 Dec 2025,$44.92,3,,,,$56.57,-20.59%,,,,,-100.00%,-$2.00,-103.54%,-$2.00,-103.54%,ELVR,NASDAQ:ELVR,-2.000,,
NYSE:EME,23 Aug 2025,$518.72,1,$670.50,8,1.04,$769.07,-32.55%,,,,$730.61,-5.00%,"$1,111.44",44.52%,$754.32,-1.92%,EME,NYSE:EME,-0.733,$991.57,-32.38%
NYSE:EMR,19 Nov 2025,$120.30,2,$146.64,9,3.11,$144.90,-16.98%,,,,$143.97,-0.64%,$149.91,3.46%,$175.77,21.31%,EMR,NYSE:EMR,0.219,$163.54,-10.33%
NYSE:ENB,19 Aug 2025,$43.53,2,,,3.40,$56.40,-22.82%,,,,$57.96,2.77%,-$8.26,-114.65%,$33.68,-40.29%,ENB,NYSE:ENB,0.393,$52.71,
NYSE:ENOV,11 Dec 2025,$37.01,3,$49.00,5,5.00,$26.06,42.03%,,,,$0.00,-100.00%,$6.06,-76.75%,$41.12,57.77%,ENOV,NYSE:ENOV,-1.000,$40.73,20.30%
NYSE:ENS,11 Mar 2026,$152.00,3,,,2.73,$200.05,-24.02%,,,,$208.30,4.12%,$380.37,90.14%,$432.17,116.03%,ENS,NYSE:ENS,0.029,$247.29,
NASDAQ:ENSG,3 Jul 2025,$137.40,2,,,0.85,$167.52,-17.98%,,,,$164.83,-1.61%,$197.66,17.99%,$229.26,36.86%,ENSG,NASDAQ:ENSG,-0.822,$217.80,
NASDAQ:ENTG,9 Feb 2026,$124.28,3,$123.14,3,1.62,$135.30,-8.99%,,,,$138.47,2.34%,$157.34,16.29%,$171.67,26.88%,ENTG,NASDAQ:ENTG,-0.462,$166.00,-25.82%
NASDAQ:ENVX,20 Aug 2025,$9.75,3,,,5.00,$4.34,124.59%,,,,$0.00,-100.00%,$0.63,-85.50%,$1.10,-74.74%,ENVX,NASDAQ:ENVX,-1.000,$13.10,
NYSE:EOG,2 Jul 2026,$143.14,4,$155.08,6,3.35,$145.49,-1.61%,-1.61%,$143.14,$158.07,$149.70,2.89%,$203.71,40.01%,$286.81,97.14%,EOG,NYSE:EOG,0.337,$158.07,-1.89%
NYSE:EPAC,11 Nov 2025,$44.87,3,$51.00,1,1.79,$34.34,30.68%,,,,$33.80,-1.57%,$73.84,115.02%,$79.20,130.64%,EPAC,NYSE:EPAC,-0.428,$48.00,6.25%
NYSE:EPAM,26 Mar 2026,$178.81,3,$199.40,8,5.00,$86.14,107.58%,,,,$0.00,-100.00%,$187.78,117.99%,$213.96,148.39%,EPAM,NYSE:EPAM,-1.000,$135.94,46.68%
NYSE:EQBK,16 Mar 2026,$41.43,3,$52.50,4,2.81,$49.57,-16.42%,,,,$51.50,3.89%,$0.00,-100.00%,$0.00,-100.00%,EQBK,NYSE:EQBK,0.093,$54.86,-4.30%
NYSE:EQNR,9 Sep 2025,$26.30,4,$25.60,9,3.38,$40.99,-37.55%,,,,$39.04,-4.76%,$30.92,-24.57%,$72.73,77.42%,EQNR,NYSE:EQNR,0.409,$33.80,-24.26%
NYSE:EQT,20 Aug 2025,$46.57,2,,,2.80,$53.39,-12.78%,,,,$54.96,2.94%,$155.11,190.52%,$194.56,264.41%,EQT,NYSE:EQT,0.054,$67.16,
NASDAQ:ERIC,27 May 2026,$11.70,1,$10.60,8,3.05,$9.31,13.86%,,,,$9.78,5.05%,$9.80,5.23%,$14.53,56.02%,ERIC,NASDAQ:ERIC,0.212,$9.67,9.62%
NASDAQ:ERII,4 Sep 2025,$16.86,3,$17.00,6,4.54,$8.41,100.49%,,,,$0.00,-100.00%,$32.31,284.23%,$33.66,300.25%,ERII,NASDAQ:ERII,-1.000,$11.00,54.55%
NYSE:ERO,2 Sep 2025,$21.17,3,$18.76,5,4.67,$26.37,-28.86%,,,,$0.00,-100.00%,$26.70,1.25%,$48.84,85.21%,ERO,NYSE:ERO,-1.000,$35.20,-46.70%
NYSE:ESAB,23 Dec 2025,$119.83,3,$147.33,7,1.39,$83.67,43.22%,,,,$83.04,-0.75%,$74.16,-11.37%,$96.12,14.87%,ESAB,NYSE:ESAB,-0.605,$135.40,8.81%
NYSE:ESE,29 Jan 2026,$185.93,2,$275.00,4,0.53,$331.41,-43.90%,,,,$313.59,-5.38%,$407.36,22.92%,$373.55,12.72%,ESE,NYSE:ESE,-0.932,$385.00,-28.57%
NASDAQ:ESEA,5 Mar 2026,$65.04,3,,,3.99,$75.67,-14.05%,,,,$77.39,2.27%,$188.26,148.79%,$225.09,197.46%,ESEA,NASDAQ:ESEA,0.602,$88.67,
NASDAQ:ESLT,24 Oct 2025,$494.42,3,,,1.33,$808.60,-38.85%,,,,$785.23,-2.89%,$875.07,8.22%,$939.09,16.14%,ESLT,NASDAQ:ESLT,-0.554,$846.33,
NYSE:ESNT,23 Jun 2026,$59.83,4,$68.00,1,3.13,$64.42,-7.13%,,,,$67.23,4.36%,$128.93,100.15%,$129.47,100.98%,ESNT,NYSE:ESNT,0.243,$68.75,-1.09%
NASDAQ:ESQ,21 Oct 2025,$91.76,3,$110.00,5,2.38,$116.02,-20.91%,,,,$120.75,4.08%,$39.98,-65.54%,$47.51,-59.05%,ESQ,NASDAQ:ESQ,-0.094,$126.67,-13.16%
NYSE:ESS,16 Sep 2025,$294.27,5,$293.97,7,2.89,$293.20,0.26%,,,,$301.06,2.68%,$426.85,45.58%,$585.50,99.69%,ESS,NYSE:ESS,0.145,$299.27,-1.77%
NASDAQ:ESTA,4 Dec 2025,$72.19,3,$71.75,6,3.23,$91.10,-21.24%,,,,$0.00,-100.00%,$78.05,-14.33%,$78.73,-13.58%,ESTA,NASDAQ:ESTA,-1.000,$95.33,-24.74%
NYSE:ESTC,19 Aug 2025,$94.39,3,$107.50,2,4.48,$57.33,64.65%,,,,$0.00,-100.00%,$112.87,96.89%,$114.48,99.68%,ESTC,NYSE:ESTC,-1.000,$74.26,44.76%
NYSE:ET,2 Jul 2026,$19.05,1,,,4.03,$20.42,-6.71%,-6.71%,$19.05,$23.81,$21.30,4.31%,$11.55,-43.42%,$31.29,53.23%,ET,NYSE:ET,0.620,$23.81,
NYSE:ETD,11 Nov 2024,$36.07,4,,,3.20,$22.50,60.29%,,,,$23.74,5.51%,$35.13,56.12%,$41.06,82.48%,ETD,NYSE:ETD,0.273,$24.00,
NYSE:ETN,11 Nov 2025,$317.45,1,,,2.90,$415.13,-23.53%,,,,$420.34,1.26%,$0.00,-100.00%,$0.00,-100.00%,ETN,NYSE:ETN,0.135,$455.79,
NYSE:ETR,24 Oct 2025,$79.12,1,,,2.63,$115.80,-31.68%,,,,$117.07,1.10%,$7.10,-93.87%,$51.79,-55.27%,ETR,NYSE:ETR,0.018,$124.21,
NASDAQ:EVCM,9 Feb 2026,$14.79,3,$12.00,3,3.07,$11.06,8.50%,,,,$0.00,-100.00%,$15.33,38.59%,$20.05,81.31%,EVCM,NASDAQ:EVCM,-1.000,$11.21,7.05%
NYSE:EVTC,11 Feb 2026,$34.62,3,$30.50,4,1.92,$29.08,4.88%,,,,$29.38,1.03%,$19.58,-32.67%,$42.86,47.37%,EVTC,NYSE:EVTC,-0.301,$32.00,-4.69%
NYSE:EVTL,1 Sep 2025,$5.43,3,$11.60,5,0.87,$1.51,259.60%,,,,$1.59,5.30%,-$1.27,-183.85%,-$1.20,-179.56%,EVTL,NYSE:EVTL,-0.834,$9.99,16.12%
NYSE:EW,11 Dec 2025,$87.08,3,$95.29,8,3.91,$83.82,3.89%,,,,$0.00,-100.00%,$0.00,-100.00%,$0.00,-100.00%,EW,NYSE:EW,-1.000,$99.00,-3.75%
NASDAQ:EWBC,18 Mar 2026,$117.29,3,,,2.96,$130.63,-10.21%,,,,$135.68,3.87%,-$246.95,-289.05%,-$218.18,-267.02%,EWBC,NASDAQ:EWBC,0.161,$144.12,
NASDAQ:EXC,28 Apr 2026,$47.55,3,$50.83,5,3.48,$47.28,0.57%,,,,$48.12,1.78%,-$34.06,-172.05%,-$16.92,-135.79%,EXC,NASDAQ:EXC,0.402,$49.50,2.69%
NASDAQ:EXE,22 Jan 2026,$97.25,3,$133.00,9,3.15,$91.73,6.02%,,,,$95.34,3.94%,$277.73,202.77%,$386.67,321.53%,EXE,NASDAQ:EXE,0.187,$125.16,6.26%
NASDAQ:EXFY,9 Feb 2026,$2.87,3,$5.00,2,1.25,$1.74,64.94%,,,,$0.00,-100.00%,$3.82,119.75%,$2.89,66.22%,EXFY,NASDAQ:EXFY,-1.000,$1.13,342.48%
NYSE:EXK,12 Aug 2025,$5.26,3,,,5.00,$7.91,-33.49%,,,,$0.00,-100.00%,$5.81,-26.52%,$6.79,-14.13%,EXK,NYSE:EXK,-1.000,$16.17,
NASDAQ:EXLS,24 Feb 2026,$44.69,5,$53.00,3,5.00,$26.88,66.26%,,,,$0.00,-100.00%,$54.90,104.25%,$27.74,3.20%,EXLS,NASDAQ:EXLS,-1.000,$40.12,32.10%
NYSE:EXP,23 Aug 2025,$240.86,4,$230.75,1,2.64,$207.11,11.41%,,,,$213.04,2.86%,$251.29,21.33%,$198.21,-4.30%,EXP,NYSE:EXP,0.021,$226.22,2.00%
NASDAQ:EXPE,4 Mar 2026,$219.55,3,$275.04,6,2.15,$257.61,-14.77%,,,,$261.94,1.68%,"$2,006.69",678.96%,"$2,137.63",729.79%,EXPE,NASDAQ:EXPE,-0.203,$289.31,-4.93%
NYSE:EXR,12 Oct 2025,$164.54,3,$156.20,5,3.07,$145.42,7.41%,,,,$149.29,2.66%,$175.59,20.75%,$222.43,52.96%,EXR,NYSE:EXR,0.215,$156.45,-0.16%
NYSE:F,15 Dec 2025,$13.76,1,,1,3.88,$14.15,-2.76%,,,,$15.21,7.49%,-$11.70,-182.69%,-$24.23,-271.24%,F,NYSE:F,0.578,$15.05,
NASDAQ:FANG,20 Sep 2025,$163.23,3,$183.50,2,2.66,$205.49,-20.57%,,,,$208.12,1.28%,$192.48,-6.33%,$356.41,73.44%,FANG,NASDAQ:FANG,0.020,$230.04,-20.23%
NASDAQ:FAST,14 Jun 2024,$55.48,2,,,2.96,$46.15,20.22%,,,,$46.52,0.80%,$50.56,9.55%,$53.18,15.24%,FAST,NASDAQ:FAST,0.174,$47.84,
NYSE:FBIN,28 Apr 2026,$58.23,5,$48.75,6,3.15,$49.80,-2.11%,,,,$51.97,4.36%,$78.14,56.91%,$93.36,87.47%,FBIN,NYSE:FBIN,0.249,$53.77,-9.34%
NASDAQ:FBIZ,8 Oct 2025,$51.75,3,$58.00,7,2.88,$66.02,-21.61%,,,,$67.95,2.92%,-$351.40,-632.27%,-$344.03,-621.09%,FBIZ,NASDAQ:FBIZ,0.144,$67.20,-13.69%
NASDAQ:FBNC,7 Oct 2025,$47.21,3,,,3.04,$63.27,-25.38%,,,,$65.95,4.24%,-$154.34,-343.94%,-$150.89,-338.49%,FBNC,NASDAQ:FBNC,0.198,$68.55,
NYSE:FBP,27 May 2026,$27.08,3,$26.00,6,2.93,$28.85,-9.88%,,,,$29.48,2.18%,$0.00,-100.00%,$0.00,-100.00%,FBP,NYSE:FBP,0.170,$28.86,-9.91%
NYSE:FC,15 Oct 2025,$24.97,3,$32.00,4,5.00,$20.87,19.65%,,,,$0.00,-100.00%,$41.06,96.75%,$19.79,-5.16%,FC,NYSE:FC,-1.000,$31.00,3.23%
NASDAQ:FCBC,21 Oct 2025,$36.41,3,,5,3.62,$47.26,-22.96%,,,,$48.97,3.62%,$0.00,-100.00%,$0.00,-100.00%,FCBC,NASDAQ:FCBC,0.487,$45.00,
NASDAQ:FCCO,2 Oct 2025,$26.67,3,$30.00,7,2.13,$32.96,-19.09%,,,,$32.19,-2.34%,-$154.68,-569.28%,-$156.35,-574.36%,FCCO,NASDAQ:FCCO,-0.196,$34.67,-13.47%
NYSE:FCF,18 Nov 2025,$17.15,3,$19.00,3,3.11,$20.76,-17.39%,,,,$21.42,3.18%,-$34.08,-264.15%,-$32.80,-258.00%,FCF,NYSE:FCF,0.241,$21.33,-10.92%
NYSE:FCN,13 Nov 2025,$198.73,3,$165.00,9,3.46,$157.45,4.80%,,,,$0.00,-100.00%,$518.97,229.61%,$546.11,246.85%,FCN,NYSE:FCN,-1.000,$172.00,-4.07%
NYSE:FCPT,4 Sep 2025,$29.64,4,$29.40,6,,$25.85,13.73%,,,,,-100.00%,-$2.00,-107.74%,-$2.00,-107.74%,FCPT,NYSE:FCPT,-2.000,,
NYSE:FDP,13 Nov 2025,$39.53,3,,4,,#N/A,#N/A,,,,,#N/A,-$2.00,#N/A,-$2.00,#N/A,FDP,NYSE:FDP,-2.000,,
NYSE:FE,19 Sep 2025,$47.44,4,$46.00,7,2.66,$49.49,-7.05%,,,,$50.18,1.39%,-$15.82,-131.96%,-$3.81,-107.70%,FE,NYSE:FE,0.032,$52.92,-13.08%
NASDAQ:FELE,6 Nov 2025,$93.75,3,,,2.79,$105.58,-11.20%,,,,$107.12,1.46%,$159.20,50.78%,$165.86,57.09%,FELE,NASDAQ:FELE,0.089,$113.25,
NYSE:FERG,8 Jul 2024,$169.94,2,,,2.80,$228.67,-25.68%,,,,$235.25,2.88%,$340.29,48.81%,$366.10,60.10%,FERG,NYSE:FERG,0.057,$281.70,
NYSE:FF,15 May 2025,$5.93,5,,7,3.53,$4.72,25.64%,,,,$5.23,10.81%,$28.29,499.31%,$26.29,457.04%,FF,NYSE:FF,0.347,$14.00,
NASDAQ:FFAI,15 Dec 2025,$1.88,3,,,5.00,$0.07,2584.14%,,,,$0.00,-100.00%,-$1.70,-2525.49%,-$0.75,-1174.50%,FFAI,NASDAQ:FFAI,-1.000,$3.50,
NASDAQ:FFBC,20 Mar 2026,$29.92,3,$31.67,5,3.20,$33.79,-11.46%,,,,$34.78,2.93%,$0.00,-100.00%,$0.00,-100.00%,FFBC,NASDAQ:FFBC,0.276,$36.00,-12.03%
NASDAQ:FFIC,27 Oct 2025,$16.10,4,$15.00,5,,#N/A,#N/A,,,,,#N/A,-$2.00,#N/A,-$2.00,#N/A,FFIC,NASDAQ:FFIC,-2.000,,
NASDAQ:FFIN,19 Nov 2025,$32.29,3,$37.50,5,3.02,$34.50,-6.41%,,,,$35.59,3.16%,$0.00,-100.00%,$0.00,-100.00%,FFIN,NASDAQ:FFIN,0.191,$37.00,1.35%
NYSE:FFWM,18 Nov 2025,$6.01,3,$6.38,5,,#N/A,#N/A,,,,,#N/A,-$2.00,#N/A,-$2.00,#N/A,FFWM,NYSE:FFWM,-2.000,,
NASDAQ:FHB,16 Apr 2026,$28.27,3,$26.67,2,3.17,$28.65,-6.91%,,,,$29.78,3.94%,-$97.92,-441.78%,-$94.87,-431.15%,FHB,NASDAQ:FHB,0.266,$30.11,-11.42%
NYSE:FHN,28 May 2026,$23.86,3,$26.61,3,2.66,$25.52,-6.49%,,,,$26.15,2.47%,$0.00,-100.00%,$0.00,-100.00%,FHN,NYSE:FHN,0.028,$27.95,-4.79%
NASDAQ:FIBK,27 May 2026,$35.12,3,$36.60,3,4.13,$38.10,-7.82%,,,,$40.55,6.43%,-$167.67,-540.07%,-$161.48,-523.83%,FIBK,NASDAQ:FIBK,0.705,$37.38,-2.09%
NYSE:FIG,29 Jan 2026,$46.89,3,$51.00,5,5.00,$20.00,134.43%,,,,$0.00,-100.00%,$0.00,-100.00%,$0.00,-100.00%,FIG,NYSE:FIG,-1.000,$30.50,67.21%
NYSE:FINV,24 Oct 2025,$5.94,3,,6,2.69,$4.72,25.85%,,,,$4.82,2.12%,$27.64,485.53%,$27.88,490.67%,FINV,NYSE:FINV,-0.025,$7.27,
NYSE:FIS,11 Feb 2026,$71.87,3,,,3.18,$40.04,79.50%,,,,$43.12,7.69%,$73.51,83.60%,$133.43,233.23%,FIS,NYSE:FIS,0.191,$56.64,
NASDAQ:FISI,20 Oct 2025,$28.36,3,$30.00,5,3.33,$38.72,-26.76%,,,,$40.42,4.39%,-$174.13,-549.70%,-$167.97,-533.81%,FISI,NASDAQ:FISI,0.337,$40.00,-25.00%
NASDAQ:FITB,27 May 2026,$50.92,3,$57.17,9,3.29,#N/A,#N/A,,,,$59.32,#N/A,$0.00,#N/A,$0.00,#N/A,FITB,NASDAQ:FITB,0.318,$61.90,-7.64%
NYSE:FIX,23 Aug 2025,$534.79,1,$736.60,8,1.30,"$1,831.15",-70.79%,,,,"$1,703.33",-6.98%,"$2,146.69",17.23%,"$2,187.31",19.45%,FIX,NYSE:FIX,-0.584,"$2,064.00",-64.31%
NASDAQ:FIZZ,17 Mar 2026,$41.05,3,$35.00,2,0.55,$30.53,14.64%,,,,$30.13,-1.31%,$58.43,91.37%,$62.58,104.99%,FIZZ,NASDAQ:FIZZ,-0.908,$33.00,6.06%
NASDAQ:FLEX,5 Feb 2026,$63.22,2,$73.75,6,2.04,$127.94,-50.59%,,,,$124.70,-2.53%,$119.43,-6.65%,$138.89,8.56%,FLEX,NASDAQ:FLEX,-0.302,$170.70,-56.80%
NYSE:FLG,21 Oct 2025,$10.62,3,$13.90,6,3.62,$14.71,-27.81%,,,,$0.00,-100.00%,$0.00,-100.00%,$0.00,-100.00%,FLG,NYSE:FLG,-1.000,$16.53,-15.91%
NYSE:FLR,20 Aug 2025,$51.95,5,,5,2.92,$53.26,-2.45%,,,,$0.00,-100.00%,$71.87,34.95%,$77.87,46.21%,FLR,NYSE:FLR,-1.000,$52.44,
NYSE:FLS,23 Aug 2024,$48.32,3,,,3.12,$71.66,-32.56%,,,,$70.69,-1.35%,$116.87,63.10%,$123.20,71.93%,FLS,NYSE:FLS,0.202,$88.50,
NYSE:FLUT,18 Sep 2025,$272.62,3,,,5.00,$100.82,170.40%,,,,$0.00,-100.00%,$59.57,-40.91%,$177.36,75.92%,FLUT,NYSE:FLUT,-1.000,$157.81,
NASDAQ:FMBH,28 Apr 2026,$47.14,3,,,2.76,$50.05,-5.82%,,,,$50.18,0.26%,-$183.28,-466.19%,-$170.15,-439.96%,FMBH,NASDAQ:FMBH,0.091,$50.71,
NASDAQ:FMNB,18 Mar 2026,$14.01,3,$14.50,6,3.31,$14.82,-5.45%,,,,$15.42,4.05%,-$85.44,-676.49%,-$83.68,-664.63%,FMNB,NASDAQ:FMNB,0.322,$16.00,-9.38%
NYSE:FMS,16 Mar 2026,$34.95,5,$26.00,2,2.57,$24.44,6.38%,,,,$24.66,0.90%,$3.97,-83.77%,$68.43,180.01%,FMS,NYSE:FMS,-0.002,$25.67,1.29%
NYSE:FMX,19 Mar 2026,$123.52,3,$128.33,8,3.09,$127.08,-2.80%,,,,$135.57,6.68%,$140.30,10.40%,$155.93,22.71%,FMX,NYSE:FMX,0.235,$129.42,-0.84%
NYSE:FN,11 Dec 2025,$411.82,2,$533.80,8,,$517.73,-20.46%,,,,,-100.00%,-$2.00,-100.39%,-$2.00,-100.39%,FN,NYSE:FN,-2.000,,
NYSE:FNB,30 Mar 2026,$17.16,3,$19.63,9,3.15,$18.87,-9.06%,,,,$19.52,3.44%,$0.00,-100.00%,$0.00,-100.00%,FNB,NYSE:FNB,0.238,$21.25,-7.62%
NYSE:FNF,10 Apr 2025,$64.78,4,$70.33,4,3.40,$48.61,33.25%,,,,$52.09,7.16%,-$165.86,-441.20%,-$135.90,-379.58%,FNF,NYSE:FNF,0.320,$61.40,14.54%
NASDAQ:FOSL,29 Aug 2025,$4.98,5,$5.00,7,5.00,$3.99,24.83%,,,,$0.00,-100.00%,$6.72,68.49%,$7.92,98.61%,FOSL,NASDAQ:FOSL,-1.000,$7.00,-28.57%
NASDAQ:FRHC,27 Aug 2025,$170.00,3,,,,$154.48,10.05%,,,,,-100.00%,-$2.00,-101.29%,-$2.00,-101.29%,FRHC,NASDAQ:FRHC,-2.000,,
NYSE:FRO,23 Jun 2026,$33.92,2,$43.67,8,4.12,$38.85,-12.68%,,,,$40.46,4.14%,$39.55,1.80%,$62.15,59.97%,FRO,NYSE:FRO,0.666,$44.25,-1.31%
NASDAQ:FRSH,27 Jan 2026,$14.36,3,$18.75,5,4.01,$9.77,46.97%,,,,$0.00,-100.00%,$21.07,115.68%,$22.55,130.83%,FRSH,NASDAQ:FRSH,-1.000,$11.75,59.57%
NYSE:FRT,23 Dec 2025,$100.99,1,,,3.04,$124.83,-19.10%,,,,$129.05,3.38%,$149.92,20.10%,$224.78,80.07%,FRT,NYSE:FRT,0.207,$130.89,
NASDAQ:FSBC,27 May 2026,$39.25,3,$44.83,7,3.14,$47.35,-17.11%,,,,$50.33,6.29%,-$114.39,-341.58%,-$112.88,-338.39%,FSBC,NASDAQ:FSBC,0.262,$47.40,-5.42%
NASDAQ:FSLR,11 Feb 2026,$209.76,2,,,0.83,$205.92,1.86%,,,,$200.94,-2.42%,$570.92,177.25%,$645.76,213.60%,FSLR,NASDAQ:FSLR,-0.818,$254.54,
NYSE:FSLY,19 Jan 2026,$10.88,4,$11.30,4,,$19.43,-44.01%,,,,,-100.00%,-$2.00,-110.29%,-$2.00,-110.29%,FSLY,NASDAQ:FSLY,-2.000,,
NYSE:FSM,14 Aug 2025,$6.09,3,$7.46,7,5.00,$8.42,-27.66%,,,,$0.00,-100.00%,$32.82,289.84%,$40.92,385.95%,FSM,NYSE:FSM,-1.000,$13.50,-44.74%
NASDAQ:FSTR,4 Oct 2024,$28.19,4,,,0.85,$42.71,-33.99%,,,,$41.58,-2.65%,$89.10,108.62%,$113.78,166.41%,FSTR,NASDAQ:FSTR,-0.744,$40.00,
NASDAQ:FTAI,19 Aug 2025,$88.62,1,,,2.90,$216.81,-59.13%,,,,$235.02,8.40%,$154.68,-28.65%,$160.61,-25.92%,FTAI,NASDAQ:FTAI,0.065,$382.30,
NASDAQ:FTDR,1 Jun 2026,$66.83,3,$74.50,7,3.37,$70.49,-5.19%,,,,$0.00,-100.00%,$153.54,117.82%,$171.74,143.63%,FTDR,NASDAQ:FTDR,-1.000,$75.75,-1.65%
NASDAQ:FTEL,15 Dec 2025,$1.46,3,,,,#N/A,#N/A,,,,,#N/A,-$2.00,#N/A,-$2.00,#N/A,FTEL,NASDAQ:FTEL,-2.000,,
NYSE:FTI,21 Jul 2025,$33.54,3,$37.80,10,2.33,$76.02,-55.88%,,,,$75.61,-0.54%,$96.02,26.31%,$109.27,43.74%,FTI,NYSE:FTI,-0.095,$75.71,-50.07%
NYSE:FTK,29 Apr 2026,$14.15,3,$21.50,9,3.19,$25.94,-45.44%,,,,$0.00,-100.00%,$30.01,15.70%,$26.50,2.15%,FTK,NYSE:FTK,-1.000,$26.92,-20.13%
NASDAQ:FTNT,4 Feb 2026,$100.54,5,$84.05,3,2.20,$151.54,-44.54%,,,,$0.00,-100.00%,$230.21,51.91%,$238.04,57.08%,FTNT,NASDAQ:FTNT,-1.000,$127.38,-34.02%
NASDAQ:FTRE,27 Jun 2025,$13.66,3,$5.97,1,0.24,$19.50,-69.38%,,,,$15.34,-21.33%,$40.59,108.16%,$42.99,120.47%,FTRE,NASDAQ:FTRE,-1.000,$17.25,-65.39%
NYSE:FTV,5 Feb 2026,$54.58,4,$55.50,8,1.72,$60.62,-9.97%,,,,$60.18,-0.73%,$73.63,21.46%,$88.47,45.94%,FTV,NYSE:FTV,-0.381,$64.23,-13.59%
NYSE:FUBO,4 Apr 2025,$4.27,3,$4.85,8,5.00,$8.62,-50.52%,,,,$0.00,-100.00%,$44.87,420.52%,$4.20,-51.29%,FUBO,NYSE:FUBO,-1.000,$17.00,-71.47%
NASDAQ:FUFU,19 Aug 2025,$4.77,4,$6.00,5,,$1.31,264.35%,,,,,-100.00%,-$2.00,-252.67%,-$2.00,-252.67%,FUFU,NASDAQ:FUFU,-2.000,,
NYSE:FUL,26 May 2026,$68.79,4,$73.00,6,3.24,$55.12,24.81%,,,,$58.37,5.90%,$84.53,53.36%,$141.40,156.54%,FUL,NYSE:FUL,0.234,$73.29,-0.40%
NASDAQ:FULT,18 Mar 2026,$21.38,4,$23.00,5,3.24,$24.26,-11.87%,,,,$25.21,3.92%,-$82.45,-439.87%,-$78.19,-422.32%,FULT,NASDAQ:FULT,0.304,$24.71,-6.92%
NASDAQ:FUNC,23 Dec 2025,$39.14,3,$42.00,6,2.91,$43.94,-10.92%,,,,$44.99,2.39%,-$142.35,-423.97%,-$136.39,-410.40%,FUNC,NASDAQ:FUNC,0.145,$47.25,-11.11%
NASDAQ:FUTU,27 Aug 2025,$135.45,1,,,,$98.96,36.87%,,,,,-100.00%,-$2.00,-102.02%,-$2.00,-102.02%,FUTU,NASDAQ:FUTU,-2.000,,
NYSE:G,18 May 2026,$44.63,3,$40.00,3,3.04,$30.37,31.71%,,,,$31.28,3.00%,$82.83,172.75%,$91.78,202.22%,G,NYSE:G,0.151,$39.64,0.91%
NASDAQ:GABC,27 May 2026,$45.62,3,$49.00,6,2.82,$47.66,-4.27%,,,,$48.94,2.69%,-$80.64,-269.21%,-$72.46,-252.03%,GABC,NASDAQ:GABC,0.109,$50.20,-2.39%
NASDAQ:GAIN,10 Jun 2024,$15.26,3,,,4.25,$16.02,-4.75%,,,,$17.29,7.93%,$22.53,40.63%,$40.69,154.03%,GAIN,NASDAQ:GAIN,0.746,$16.83,
NASDAQ:GAMB,28 Oct 2025,$12.14,5,$13.00,5,,#N/A,#N/A,,,,,#N/A,-$2.00,#N/A,-$2.00,#N/A,GAMB,NASDAQ:GAMB,-2.000,,
NASDAQ:GAME,12 Oct 2025,$0.98,3,$1.75,5,,$0.38,158.11%,,,,,-100.00%,-$2.00,-626.32%,-$2.00,-626.32%,GAME,NASDAQ:GAME,-2.000,,
NASDAQ:GANX,23 Dec 2025,$5.20,3,$7.60,8,5.00,$1.82,185.44%,,,,$0.00,-100.00%,$0.98,-46.00%,$0.99,-45.71%,GANX,NASDAQ:GANX,-1.000,$7.20,5.56%
NYSE:GAP,16 Jul 2026,$29.07,5,$27.44,7,3.09,$18.88,45.34%,45.34%,$26.91,$29.07,$20.23,7.15%,$18.86,-0.09%,$37.27,97.39%,GAP,NYSE:GAP,0.152,$26.91,1.97%
NASDAQ:GASS,5 Mar 2026,$9.44,3,,,5.00,$9.01,4.77%,,,,$0.00,-100.00%,$46.79,419.30%,$25.15,179.11%,GASS,NASDAQ:GASS,-1.000,$14.00,
NYSE:GBCI,21 Oct 2025,$45.69,3,$52.20,7,3.10,$50.65,-9.79%,,,,$53.72,6.06%,-$126.38,-349.52%,-$124.00,-344.82%,GBCI,NYSE:GBCI,0.218,$56.58,-7.74%
NYSE:GBX,6 Feb 2026,$68.91,3,$49.00,3,2.58,$51.54,-4.93%,,,,$51.96,0.81%,$79.08,53.43%,$123.50,139.62%,GBX,NYSE:GBX,0.041,$45.33,8.10%
NASDAQ:GCT,11 Feb 2026,$42.86,3,$33.00,7,5.00,$35.78,-7.77%,,,,$0.00,-100.00%,$109.30,205.47%,$113.17,216.31%,GCT,NASDAQ:GCT,-1.000,$56.75,-41.85%
NYSE:GCTS,2 Feb 2026,$1.46,3,$3.50,7,5.00,$2.05,-28.78%,,,,$0.00,-100.00%,$0.46,-77.73%,$0.50,-75.61%,GCTS,NYSE:GCTS,-1.000,$3.70,-5.41%
NYSE:GDDY,11 Feb 2026,$143.01,3,$171.11,7,4.39,$87.62,63.22%,,,,$0.00,-100.00%,$262.70,199.81%,$275.57,214.50%,GDDY,NYSE:GDDY,-1.000,$111.93,52.87%
NASDAQ:GDS,16 Feb 2026,$38.86,1,$51.45,10,,$32.52,19.50%,,,,,-100.00%,-$2.00,-106.15%,-$2.00,-106.15%,GDS,NASDAQ:GDS,-2.000,,
NASDAQ:GDYN,27 Jan 2026,$17.06,3,$12.25,1,5.00,$5.61,118.36%,,,,$0.00,-100.00%,$11.52,105.41%,$15.36,173.71%,GDYN,NASDAQ:GDYN,-1.000,$8.20,49.39%
NYSE:GEF,5 Sep 2025,$73.44,5,$80.00,2,2.96,$76.79,-4.36%,,,,$78.39,2.08%,$137.46,79.00%,$296.48,286.09%,GEF,NYSE:GEF,0.182,$77.40,3.36%
NYSE:GES,15 Aug 2025,$28.70,3,$13.00,5,,#N/A,#N/A,,,,$0.00,#N/A,$45.74,#N/A,$56.48,#N/A,GES,NYSE:GES,-1.000,$16.75,-22.39%
NASDAQ:GFS,9 Feb 2026,$46.85,4,$39.80,4,5.00,$56.91,-30.07%,,,,$0.00,-100.00%,$69.50,22.12%,$92.64,62.79%,GFS,NASDAQ:GFS,-1.000,$81.00,-50.86%
NASDAQ:GGAL,11 Sep 2025,$34.39,3,$38.00,5,,$50.15,-31.43%,,,,,-100.00%,-$2.00,-103.99%,-$2.00,-103.99%,GGAL,NASDAQ:GGAL,-2.000,,
NYSE:GGB,4 Jan 2026,$3.55,3,$4.60,9,2.69,$4.77,-25.50%,,,,$4.77,0.00%,$3.70,-22.42%,$9.53,99.71%,GGB,NYSE:GGB,0.023,$5.64,-18.44%
NYSE:GGG,6 Nov 2025,$84.33,3,$93.50,1,3.59,$77.75,8.46%,,,,$76.33,-1.83%,$105.36,35.51%,$112.84,45.13%,GGG,NYSE:GGG,0.428,$90.29,3.56%
NYSE:GHC,15 Oct 2025,$995.96,4,,4,2.21,"$1,143.13",-12.87%,,,,"$1,149.40",0.55%,"$1,195.28",4.56%,"$2,364.09",106.81%,GHC,NYSE:GHC,-0.121,$990.00,
NYSE:GHM,28 Oct 2025,$48.90,2,,,4.20,$105.50,-53.65%,,,,$0.00,-100.00%,$120.43,14.15%,$128.98,22.26%,GHM,NYSE:GHM,-1.000,$130.75,
NYSE:GIB,19 Jan 2026,$107.59,5,$129.19,3,1.15,$63.79,68.66%,,,,$65.03,1.94%,$144.49,126.51%,$185.94,191.49%,GIB,NYSE:GIB,-0.651,$71.70,80.18%
NYSE:GIS,27 Mar 2026,$54.42,5,$40.93,2,3.31,$35.55,15.13%,,,,$38.91,9.45%,$34.00,-4.35%,$47.31,33.08%,GIS,NYSE:GIS,0.326,$37.56,8.97%
NYSE:GKOS,11 Dec 2025,$119.46,3,$118.10,3,,$152.13,-22.37%,,,,,-100.00%,-$2.00,-101.31%,-$2.00,-101.31%,GKOS,NYSE:GKOS,-2.000,,
NASDAQ:GLDD,4 Nov 2025,$12.92,3,$14.00,7,,#N/A,#N/A,,,,$0.00,#N/A,$34.97,#N/A,$43.78,#N/A,GLDD,NASDAQ:GLDD,-1.000,$17.00,-17.65%
NYSE:GLOB,4 May 2026,$71.94,3,$63.17,7,5.00,$30.61,106.37%,,,,$0.00,-100.00%,$44.09,44.05%,$77.97,154.71%,GLOB,NYSE:GLOB,-1.000,$55.68,13.45%
NASDAQ:GLRE,13 Nov 2025,$15.68,4,,1,0.36,$16.35,-4.10%,,,,$15.57,-4.77%,$44.36,171.34%,$44.39,171.49%,GLRE,NASDAQ:GLRE,-0.886,$1.00,
NYSE:GLW,26 Jan 2026,$93.28,1,,,3.67,$156.06,-40.23%,,,,$166.01,6.38%,$139.50,-10.61%,$166.84,6.91%,GLW,NYSE:GLW,0.414,$214.07,
NYSE:GM,15 Dec 2025,$80.89,1,,1,2.94,$80.67,0.27%,,,,$85.92,6.51%,-$82.35,-202.08%,$51.75,-35.85%,GM,NYSE:GM,0.130,$95.85,
NYSE:GME,23 Aug 2024,$28.89,3,,,1.16,$21.35,35.31%,,,,$0.00,-100.00%,$58.60,174.47%,$59.22,177.37%,GME,NYSE:GME,-1.000,$13.50,
NYSE:GMED,11 Dec 2025,$101.94,3,$94.50,9,0.55,$75.42,25.30%,,,,$71.29,-5.48%,$164.04,117.50%,$204.07,170.57%,GMED,NYSE:GMED,-0.977,$105.75,-10.64%
NYSE:GMRE,23 Dec 2025,$53.07,3,$40.70,9,,#N/A,#N/A,,,,,#N/A,-$2.00,#N/A,-$2.00,#N/A,GMRE,NYSE:GMRE,-2.000,,
NASDAQ:GNLN,15 Jul 2025,$4.44,3,,,,$2.10,111.19%,,,,,-100.00%,-$2.00,-195.24%,-$2.00,-195.24%,GNLN,NASDAQ:GNLN,-2.000,,
NYSE:GNRC,11 Nov 2025,$159.25,3,$205.69,9,5.00,$210.50,-24.35%,,,,$0.00,-100.00%,$232.62,10.51%,$268.08,27.35%,GNRC,NYSE:GNRC,-1.000,$294.80,-30.23%
NYSEAMERICAN:GNS,18 Aug 2025,$0.99,,$1.00,3,,$0.18,450.00%,,,,,-100.00%,-$2.00,-1211.11%,-$2.00,-1211.11%,GNS,NYSEAMERICAN:GNS,-2.000,,
NYSE:GNTY,2 Oct 2025,$48.75,1,,,,#N/A,#N/A,,,,,#N/A,-$2.00,#N/A,-$2.00,#N/A,GNTY,NYSE:GNTY,-2.000,,
NASDAQ:GOOD,31 Aug 2025,$17.01,5,$15.00,5,3.48,$12.78,17.37%,,,,$13.49,5.56%,$13.94,9.06%,$32.40,153.54%,GOOD,NASDAQ:GOOD,0.392,$13.88,8.07%
NASDAQ:GOOG,27 Feb 2026,$301.88,3,,,2.36,$318.34,-5.17%,,,,$345.10,8.41%,$443.59,39.34%,$517.64,62.61%,GOOG,NASDAQ:GOOG,-0.161,$430.07,
NASDAQ:GOOGL,17 Apr 2026,$309.14,3,$385.97,8,2.87,$317.69,-2.69%,,,,$355.85,12.01%,$437.40,37.68%,$506.82,59.53%,GOOGL,NASDAQ:GOOGL,0.063,$433.51,-10.97%
NYSEAMERICAN:GORO,20 Aug 2025,$0.83,,$1.25,5,,#N/A,#N/A,,,,,#N/A,-$2.00,#N/A,-$2.00,#N/A,GORO,NYSEAMERICAN:GORO,-2.000,,
NYSE:GOTU,3 Sep 2025,$6.27,3,,4,,$1.60,291.81%,,,,,-100.00%,-$2.00,-225.00%,-$2.00,-225.00%,GOTU,NYSE:GOTU,-2.000,,
NYSE:GPC,14 Sep 2023,$168.90,4,,,3.10,$120.05,40.69%,,,,$127.71,6.38%,$65.71,-45.27%,$45.13,-62.40%,GPC,NYSE:GPC,0.218,$134.62,
NYSE:GPOR,22 Jan 2026,$170.96,3,$231.50,7,5.00,$158.00,8.20%,,,,$0.00,-100.00%,$367.43,132.55%,$529.18,234.93%,GPOR,NYSE:GPOR,-1.000,$233.91,-1.03%
NYSE:GPRK,22 Sep 2025,$10.05,3,$7.75,2,3.94,$10.26,-24.46%,,,,$11.08,7.99%,$6.09,-40.60%,$23.54,129.45%,GPRK,NYSE:GPRK,0.607,$10.72,-27.71%
NASDAQ:GPRO,27 Jan 2026,$1.35,3,$1.30,5,5.00,$0.69,88.41%,,,,$0.00,-100.00%,$4.93,614.52%,$4.17,503.78%,GPRO,NASDAQ:GPRO,-1.000,$1.30,0.00%
NASDAQ:GRAB,3 Sep 2025,$4.97,3,$6.03,6,5.00,$3.30,50.61%,,,,$0.00,-100.00%,$4.87,47.50%,$3.44,4.38%,GRAB,NASDAQ:GRAB,-1.000,$5.89,2.38%
NYSE:GRBK,27 Feb 2026,$85.87,4,,8,,$70.96,21.01%,,,,,-100.00%,-$2.00,-102.82%,-$2.00,-102.82%,GRBK,NYSE:GRBK,-2.000,,
NYSE:GRMN,2 Feb 2026,$214.19,3,$240.50,6,,$240.10,-10.79%,,,,,-100.00%,-$2.00,-100.83%,-$2.00,-100.83%,GRMN,NYSE:GRMN,-2.000,,
NYSE:GRND,27 Jan 2026,$13.86,3,$22.00,2,4.39,$14.70,-5.73%,,,,$0.00,-100.00%,$21.01,42.90%,$21.47,46.03%,GRND,NYSE:GRND,-1.000,$18.80,17.02%
NYSE:GS,24 Feb 2026,$814.68,2,,,3.05,"$1,074.72",-24.20%,,,,"$1,130.46",5.19%,$0.00,-100.00%,$0.00,-100.00%,GS,NYSE:GS,0.213,"$1,112.85",
NASDAQ:GSBC,27 May 2026,$73.74,3,$65.00,2,3.23,$78.33,-17.02%,,,,$80.90,3.28%,$0.00,-100.00%,$0.00,-100.00%,GSBC,NASDAQ:GSBC,0.307,$76.00,-14.47%
NASDAQ:GSIT,28 Jan 2026,$9.51,3,,7,4.60,$6.06,56.89%,,,,$0.00,-100.00%,$6.47,6.72%,$6.51,7.48%,GSIT,NASDAQ:GSIT,-1.000,$8.00,
NYSE:GSL,4 Mar 2026,$37.11,3,,5,3.95,$43.02,-13.73%,,,,$44.02,2.32%,$167.92,290.34%,$217.68,406.00%,GSL,NYSE:GSL,0.598,$48.00,
NASDAQ:GSM,15 Aug 2025,$7.64,3,$4.00,4,2.90,$3.35,19.40%,,,,$3.55,5.97%,$10.88,224.86%,$9.35,179.04%,GSM,NASDAQ:GSM,0.068,$6.00,-33.33%
NASDAQ:GT,20 Sep 2025,$10.53,4,$11.42,10,3.31,$7.03,49.79%,,,,$0.00,-100.00%,$78.33,1014.23%,$77.34,1000.15%,GT,NASDAQ:GT,-1.000,$7.46,53.08%
NYSE:GTES,12 May 2025,$25.10,5,$23.20,4,3.87,$27.02,-14.14%,,,,$0.00,-100.00%,$23.55,-12.83%,$37.70,39.54%,GTES,NYSE:GTES,-1.000,$31.73,-26.88%
NYSE:GTLS,23 Dec 2025,$198.45,3,$211.00,1,2.87,$209.90,-5.46%,,,,$0.00,-100.00%,$234.91,11.91%,$330.15,57.29%,GTLS,NYSE:GTLS,-1.000,$204.43,3.21%
NASDAQ:GTM,30 Mar 2026,$9.68,3,,,0.68,$2.88,236.11%,,,,$2.79,-3.13%,$7.31,153.78%,$12.53,334.95%,GTM,NASDAQ:GTM,-0.918,$4.96,
NYSE:GTY,19 Sep 2025,$32.43,4,$32.00,4,3.38,$34.71,-7.81%,,,,$37.82,8.96%,$42.07,21.20%,$54.43,56.82%,GTY,NYSE:GTY,0.368,$34.71,-7.81%
NYSE:GVA,12 Jun 2025,$88.52,3,,,2.19,$126.71,-30.14%,,,,$125.76,-0.75%,$297.05,134.43%,$285.41,125.25%,GVA,NYSE:GVA,-0.234,$169.00,
NYSE:GWH,14 Jan 2026,$3.79,3,$3.50,3,5.00,$0.80,337.50%,,,,$0.00,-100.00%,-$5.37,-771.55%,-$4.84,-705.57%,GWH,NYSE:GWH,-1.000,$2.00,75.00%
NYSE:GWW,23 Aug 2025,$866.00,2,,,2.94,"$1,367.46",-36.67%,,,,"$1,405.85",2.81%,"$1,790.37",30.93%,"$1,851.73",35.41%,GWW,NYSE:GWW,0.188,"$1,292.29",
NYSE:HAE,16 Dec 2025,$105.08,3,$86.29,9,3.59,$77.40,11.49%,,,,$0.00,-100.00%,$91.70,18.47%,$115.18,48.81%,HAE,NYSE:HAE,-1.000,$86.60,-0.36%
NASDAQ:HAFC,27 May 2026,$31.91,3,$32.83,5,3.20,$32.22,-0.97%,,,,$32.42,0.62%,-$164.12,-609.37%,-$162.76,-605.17%,HAFC,NASDAQ:HAFC,0.278,$33.62,-2.35%
NYSE:HASI,27 Jan 2026,$36.24,3,$40.27,9,3.53,$38.35,-5.51%,,,,$39.89,4.02%,$5.45,-85.79%,$5.56,-85.51%,HASI,NYSE:HASI,0.371,$49.27,-18.27%
NASDAQ:HBAN,6 Apr 2026,$16.83,4,$19.75,9,2.91,$17.40,-3.28%,,,,$18.72,7.59%,-$96.91,-656.93%,-$93.23,-635.82%,HBAN,NASDAQ:HBAN,0.121,$20.51,-3.71%
NASDAQ:HBCP,1 Jun 2026,$67.68,3,$69.00,3,2.62,$69.26,-2.28%,,,,$70.76,2.17%,$0.00,-100.00%,$0.00,-100.00%,HBCP,NASDAQ:HBCP,0.035,$68.12,1.29%
NYSE:HBM,2 Apr 2026,$15.01,2,$28.81,10,,$22.63,-33.65%,,,,,-100.00%,-$2.00,-108.84%,-$2.00,-108.84%,HBM,NYSE:HBM,-2.000,,
NASDAQ:HBNC,19 Nov 2025,$17.31,3,$19.83,9,2.86,$20.05,-13.67%,,,,$20.77,3.59%,-$75.42,-476.17%,-$72.38,-461.02%,HBNC,NASDAQ:HBNC,0.124,$21.40,-7.34%
NASDAQ:HBT,2 Oct 2025,$24.23,3,$29.50,7,2.78,$32.52,-25.50%,,,,$33.45,2.86%,-$87.13,-367.94%,-$83.84,-357.82%,HBT,NASDAQ:HBT,0.098,$32.80,-10.06%
NYSE:HCA,13 Apr 2026,$417.60,2,$551.50,1,2.87,$376.50,10.92%,,,,$383.68,1.91%,$382.14,1.50%,$656.23,74.30%,HCA,NYSE:HCA,0.090,$467.60,17.94%
NYSE:HCC,11 Dec 2025,$71.17,3,,,1.79,$81.05,-12.19%,,,,$80.31,-0.91%,$88.72,9.46%,$110.04,35.76%,HCC,NYSE:HCC,-0.399,$103.00,
NASDAQ:HCKT,16 Feb 2026,$21.62,3,$27.00,4,3.39,$9.30,132.48%,,,,$10.57,13.66%,$19.71,111.96%,$21.41,130.21%,HCKT,NASDAQ:HCKT,0.284,$17.67,52.80%
NASDAQ:HCSG,20 Dec 2023,$15.43,3,,,1.10,$22.43,-31.21%,,,,$21.04,-6.20%,$58.89,162.57%,$62.61,179.16%,HCSG,NASDAQ:HCSG,-0.686,$26.80,
NASDAQ:HCTI,11 Jul 2025,$0.04,3,,,,$1.71,-97.95%,,,,,-100.00%,-$2.00,-216.96%,-$2.00,-216.96%,HCTI,NASDAQ:HCTI,-2.000,,
NYSE:HDB,21 Oct 2025,$30.79,2,,,4.12,$23.13,33.13%,,,,$24.63,6.49%,"$11,466.65",49474.81%,"$11,469.98",49489.19%,HDB,NYSE:HDB,0.610,$33.95,
NYSE:HE,18 Nov 2025,$12.33,3,$11.13,7,2.71,$13.53,-17.74%,,,,$0.00,-100.00%,-$17.16,-226.85%,-$16.75,-223.80%,HE,NYSE:HE,-1.000,$12.75,-12.71%
NYSE:HEI,2 May 2025,$235.97,3,$274.82,7,1.05,$340.54,-30.71%,,,,$331.59,-2.63%,$574.63,68.74%,$640.67,88.13%,HEI,NYSE:HEI,-0.697,$386.53,-28.90%
NYSE:HEI.A,5 May 2025,$186.04,3,,,1.38,$248.87,-25.25%,,,,$242.92,-2.39%,$400.73,61.02%,$443.90,78.37%,HEI.A,NYSE:HEI.A,-0.585,$320.00,
NASDAQ:HELE,3 Nov 2023,$131.05,4,,,3.77,$26.84,388.25%,,,,$0.00,-100.00%,$23.89,-11.01%,-$13.26,-149.41%,HELE,NASDAQ:HELE,-1.000,$31.00,
NASDAQ:HFWA,19 Jun 2026,$30.72,3,$32.00,4,3.55,$30.29,1.42%,,,,$31.18,2.94%,-$132.65,-537.93%,-$131.75,-534.95%,HFWA,NASDAQ:HFWA,0.438,$31.40,1.91%
NYSE:HG,9 Sep 2025,$24.44,3,$25.43,7,,$34.88,-29.93%,,,,,-100.00%,-$2.00,-105.73%,-$2.00,-105.73%,HG,NYSE:HG,-2.000,,
NYSE:HI,6 Nov 2025,$42.28,5,$32.00,7,,#N/A,#N/A,,,,,#N/A,-$2.00,#N/A,-$2.00,#N/A,HI,NYSE:HI,-2.000,,
NASDAQ:HIFS,10 Oct 2025,$271.84,3,,7,2.55,$279.86,-2.87%,,,,$299.99,7.19%,"-$1,196.40",-527.50%,"-$1,190.76",-525.48%,HIFS,NASDAQ:HIFS,0.020,,
NYSE:HIMS,20 Aug 2025,$35.82,2,,,0.61,$32.74,9.41%,,,,$30.78,-5.99%,$32.77,0.10%,$35.99,9.92%,HIMS,NYSE:HIMS,-0.834,$28.42,
NASDAQ:HIMX,16 Feb 2026,$9.25,5,,,2.67,$13.27,-30.29%,,,,$13.43,1.21%,$15.36,15.78%,$16.68,25.66%,HIMX,NASDAQ:HIMX,-0.037,$23.70,
NYSE:HLIO,6 Nov 2025,$52.24,3,,,2.97,$79.78,-34.52%,,,,$85.01,6.56%,$86.86,8.87%,$105.03,31.65%,HLIO,NYSE:HLIO,0.164,$88.50,
NASDAQ:HLIT,5 Feb 2026,$11.73,3,$13.00,5,4.59,$11.60,1.16%,,,,$0.00,-100.00%,$22.50,94.00%,$23.73,104.59%,HLIT,NASDAQ:HLIT,-1.000,$15.29,-14.98%
NASDAQ:HLMN,25 Jul 2023,$11.24,3,,,,$7.87,42.86%,,,,,-100.00%,-$2.00,-125.41%,-$2.00,-125.41%,HLMN,NASDAQ:HLMN,-2.000,,
NYSE:HMC,26 Mar 2026,$30.58,5,,5,3.12,$27.99,9.27%,,,,$29.31,4.72%,-$1.74,-106.21%,$138.22,393.82%,HMC,NYSE:HMC,0.232,$30.91,
NYSE:HNI,8 Jan 2025,$45.54,2,,,3.15,$40.57,12.25%,,,,$42.61,5.03%,$31.96,-21.23%,$43.16,6.38%,HNI,NYSE:HNI,0.176,$69.00,
NASDAQ:HNRG,16 Dec 2024,$15.00,3,,8,5.00,$16.05,-6.54%,,,,$0.00,-100.00%,$20.03,24.82%,$29.86,86.05%,HNRG,NASDAQ:HNRG,-1.000,$30.33,
NYSE:HOMB,2 Oct 2025,$27.30,2,$32.17,6,2.60,$30.73,-11.17%,,,,$30.92,0.62%,$0.00,-100.00%,$0.00,-100.00%,HOMB,NYSE:HOMB,0.007,$32.57,-1.23%
NASDAQ:HON,2 Jul 2026,,1,$446.29,9,3.08,$246.27,81.22%,81.22%,$446.29,$446.29,$243.41,-1.16%,$274.00,11.26%,$314.13,27.55%,HON,NASDAQ:HON,0.238,$245.88,81.51%
NASDAQ:HONE,2 Oct 2025,$15.33,3,$13.00,2,,#N/A,#N/A,,,,,#N/A,-$2.00,#N/A,-$2.00,#N/A,HONE,NASDAQ:HONE,-2.000,,
NASDAQ:HOOD,2 Sep 2025,$86.65,2,$113.71,7,3.98,$101.58,-14.70%,,,,$0.00,-100.00%,$130.40,28.38%,$131.85,29.80%,HOOD,NASDAQ:HOOD,-1.000,$121.40,-6.33%
NASDAQ:HOPE,2 Oct 2025,$14.53,4,$13.00,4,4.01,$13.44,-3.27%,,,,$14.21,5.73%,-$102.64,-863.72%,-$98.41,-832.20%,HOPE,NASDAQ:HOPE,0.635,$14.38,-9.60%
NYSE:HOV,26 Mar 2025,$163.07,3,$125.00,1,1.00,$130.88,-4.49%,,,,$0.00,-100.00%,$553.67,323.04%,$574.33,338.82%,HOV,NYSE:HOV,-1.000,$74.00,68.92%
NASDAQ:HOVR,12 Dec 2024,$2.00,3,,6,5.00,$1.85,8.11%,,,,$0.00,-100.00%,$2.54,37.50%,$2.55,37.78%,HOVR,NASDAQ:HOVR,-1.000,$8.17,
NYSE:HP,22 Jan 2026,$39.81,4,$33.25,5,3.52,$35.07,-5.19%,,,,$36.51,4.11%,$39.78,13.43%,$82.71,135.84%,HP,NYSE:HP,0.394,$40.80,-18.50%
NYSE:HPE,12 Aug 2025,$26.45,3,,,3.19,$47.64,-44.49%,,,,$50.74,6.51%,$50.55,6.12%,$93.10,95.42%,HPE,NYSE:HPE,0.209,$64.13,
NASDAQ:HPK,22 Sep 2025,$12.06,3,$7.00,3,2.64,$8.03,-12.83%,,,,$8.36,4.11%,$0.43,-94.70%,$18.07,125.09%,HPK,NASDAQ:HPK,0.043,$7.88,-11.17%
NYSE:HPQ,30 Mar 2026,$24.72,3,$18.58,2,3.42,$24.51,-24.19%,,,,$26.25,7.10%,$14.96,-38.96%,$25.79,5.22%,HPQ,NYSE:HPQ,0.401,$22.98,-19.15%
NYSE:HRL,6 Nov 2024,$31.61,3,,,2.95,$25.02,26.32%,,,,$25.94,3.68%,$25.77,3.01%,$30.64,22.46%,HRL,NYSE:HRL,0.163,$26.88,
NASDAQ:HSAI,1 Sep 2025,$21.70,3,$27.74,9,,$14.76,47.02%,,,,,-100.00%,-$2.00,-113.55%,-$2.00,-113.55%,HSAI,NASDAQ:HSAI,-2.000,,
NYSE:HSBC,19 Aug 2025,$64.63,3,,,,$101.75,-36.48%,,,,,-100.00%,-$2.00,-101.97%,-$2.00,-101.97%,HSBC,NYSE:HSBC,-2.000,,
NASDAQ:HSIC,20 Aug 2025,$69.76,3,,,3.23,$84.53,-17.48%,,,,$0.00,-100.00%,$86.22,1.99%,$106.51,26.00%,HSIC,NASDAQ:HSIC,-1.000,$88.50,
NASDAQ:HSII,15 Dec 2025,$59.01,1,,1,,#N/A,#N/A,,,,,#N/A,-$2.00,#N/A,-$2.00,#N/A,HSII,NASDAQ:HSII,-2.000,,
NASDAQ:HST,20 Apr 2026,$19.63,3,$21.71,6,2.64,$23.96,-18.08%,,,,$25.06,4.59%,$39.39,64.39%,$57.80,141.23%,HST,NASDAQ:HST,0.035,$24.70,-12.11%
NYSE:HTB,19 Nov 2025,$38.55,3,,,2.86,$48.48,-20.48%,,,,$49.81,2.74%,$211.88,337.05%,$222.85,359.68%,HTB,NYSE:HTB,0.124,$51.81,
NASDAQ:HTBK,13 Apr 2026,$12.56,3,$15.00,6,,#N/A,#N/A,,,,,#N/A,-$2.00,#N/A,-$2.00,#N/A,HTBK,NASDAQ:HTBK,-2.000,,
NASDAQ:HTZ,22 Dec 2023,$16.71,3,,,5.00,$1.91,774.87%,,,,$0.00,-100.00%,-$72.24,-3882.40%,$24.18,1166.15%,HTZ,NASDAQ:HTZ,-1.000,$4.33,
NYSE:HUBS,8 Jul 2024,$562.84,3,,,5.00,$190.01,196.21%,,,,$0.00,-100.00%,$359.24,89.06%,$396.80,108.83%,HUBS,NYSE:HUBS,-1.000,$273.45,
NYSE:HUYA,26 Aug 2025,$4.89,4,$5.00,7,,$2.40,103.71%,,,,,-100.00%,-$2.00,-183.33%,-$2.00,-183.33%,HUYA,NYSE:HUYA,-2.000,,
NYSE:HVT,20 Mar 2026,$26.93,4,,4,3.39,$24.71,8.97%,,,,$26.29,6.39%,$38.67,56.48%,$50.16,103.00%,HVT,NYSE:HVT,0.332,$29.50,
NASDAQ:HWC,10 Oct 2025,$58.42,2,,,2.98,$75.68,-22.81%,,,,$79.06,4.47%,-$244.30,-422.80%,-$239.85,-416.93%,HWC,NASDAQ:HWC,0.176,$80.60,
NYSE:HWM,3 Sep 2025,$148.98,2,,,1.12,$287.09,-48.11%,,,,$275.12,-4.17%,$325.18,13.27%,$337.35,17.51%,HWM,NYSE:HWM,-0.655,$311.68,
NASDAQ:IART,11 Dec 2025,$22.26,3,$12.33,2,3.02,$18.56,-33.57%,,,,$0.00,-100.00%,-$2.18,-111.72%,$11.84,-36.23%,IART,NASDAQ:IART,-1.000,$18.62,-33.78%
NASDAQ:IBEX,30 Jan 2026,$37.25,3,$41.00,9,3.82,$32.21,15.64%,,,,$0.00,-100.00%,$56.01,73.89%,$80.39,149.58%,IBEX,NASDAQ:IBEX,-1.000,$37.50,9.33%
NASDAQ:IBKR,23 Aug 2025,$51.95,1,$67.92,10,1.74,$91.76,-43.38%,,,,$92.45,0.75%,$296.06,222.65%,$299.76,226.68%,IBKR,NASDAQ:IBKR,-0.381,$99.99,-32.07%
NYSE:IBM,27 Jan 2026,$263.05,1,$321.27,10,3.57,$206.65,27.29%,,,,$218.12,5.55%,$405.12,96.04%,$491.09,137.64%,IBM,NYSE:IBM,0.385,$271.25,18.44%
NYSE:IBN,2 Oct 2025,$29.15,3,,3,2.06,$29.24,-0.31%,,,,$29.54,1.03%,$162.53,455.86%,$166.47,469.32%,IBN,NYSE:IBN,-0.268,$35.73,
NASDAQ:IBOC,1 Jun 2026,$77.76,3,,4,3.27,$75.76,2.64%,,,,$77.81,2.71%,-$9.08,-111.99%,-$2.57,-103.39%,IBOC,NASDAQ:IBOC,0.286,$87.00,
NYSE:IBP,7 Jan 2025,$148.52,2,$231.00,6,2.53,$222.88,-33.37%,,,,$223.85,0.44%,$319.44,43.32%,$380.76,70.83%,IBP,NYSE:IBP,-0.020,$233.27,-0.97%
NYSE:ICE,24 Oct 2025,$156.00,3,,,3.02,$143.21,8.93%,,,,$146.29,2.15%,$12.59,-91.21%,$57.38,-59.93%,ICE,NYSE:ICE,0.150,$181.93,
NASDAQ:ICHR,2 Jan 2026,$31.56,3,$24.80,2,2.91,$94.02,-73.62%,,,,$0.00,-100.00%,$101.36,7.80%,$111.75,18.85%,ICHR,NASDAQ:ICHR,-1.000,$92.29,-73.13%
NASDAQ:ICON,23 Jan 2026,$3.43,3,$2.00,,,$1.02,96.08%,,,,,-100.00%,-$2.00,-296.08%,-$2.00,-296.08%,ICON,NASDAQ:ICON,-2.000,,
NYSE:IDA,18 Sep 2025,$114.64,2,,,2.51,$149.36,-23.25%,,,,$149.39,0.02%,$10.84,-92.75%,$55.29,-62.98%,IDA,NYSE:IDA,-0.031,$158.50,
NASDAQ:IDCC,21 Jan 2026,$317.69,3,,,2.37,$256.06,24.07%,,,,$259.17,1.21%,$277.15,8.24%,$326.32,27.44%,IDCC,NASDAQ:IDCC,-0.170,$462.67,
NASDAQ:IEP,22 Nov 2023,$27.45,3,,,3.59,$7.71,255.98%,,,,$8.01,3.89%,$14.01,81.69%,$21.37,177.22%,IEP,NASDAQ:IEP,0.373,$12.00,
NASDAQ:IESC,23 Aug 2025,$257.92,2,,,,$663.70,-61.14%,,,,,-100.00%,-$2.00,-100.30%,-$2.00,-100.30%,IESC,NASDAQ:IESC,-2.000,,
NYSE:IEX,28 Oct 2025,$189.30,3,$194.86,8,2.77,$222.22,-14.81%,,,,$227.64,2.44%,$246.91,11.11%,$274.22,23.40%,IEX,NYSE:IEX,0.082,$239.43,-18.62%
NYSE:IFS,27 May 2026,$48.43,3,$61.50,9,3.16,$59.16,-18.14%,,,,$61.64,4.19%,$305.59,416.54%,$331.73,460.74%,IFS,NYSE:IFS,0.247,$65.15,-5.60%
NASDAQ:IGIC,23 Jun 2026,$24.69,3,,,,$27.81,-11.22%,,,,,-100.00%,-$2.00,-107.19%,-$2.00,-107.19%,IGIC,NASDAQ:IGIC,-2.000,,
NYSE:IHS,4 Mar 2026,$6.80,2,$8.50,7,3.01,$8.24,-17.48%,,,,$0.00,-100.00%,$19.90,141.45%,$29.67,260.06%,IHS,NYSE:IHS,-1.000,$8.25,3.03%
NASDAQ:III,5 Feb 2026,$5.27,3,$6.50,8,,$3.84,37.32%,,,,,-100.00%,-$2.00,-152.08%,-$2.00,-152.08%,III,NASDAQ:III,-2.000,,
NASDAQ:IMKTA,19 Mar 2026,$96.09,3,,5,3.01,$84.88,13.21%,,,,$91.88,8.25%,$202.40,138.46%,$283.55,234.05%,IMKTA,NASDAQ:IMKTA,0.205,,
NASDAQ:IMMP,15 Dec 2025,$2.06,3,$12.00,7,,$0.39,428.82%,,,,,-100.00%,-$2.00,-612.82%,-$2.00,-612.82%,IMMP,NASDAQ:IMMP,-2.000,,
NYSEAMERICAN:IMO,24 Oct 2025,$89.93,1,,,,$128.83,-30.19%,,,,,-100.00%,-$2.00,-101.55%,-$2.00,-101.55%,IMO,NYSEAMERICAN:IMO,-2.000,,
NASDAQ:IMOS,28 Jan 2026,$41.27,3,,6,,$59.78,-30.96%,,,,,-100.00%,-$2.00,-103.35%,-$2.00,-103.35%,IMOS,NASDAQ:IMOS,-2.000,,
NASDAQ:IMPP,16 Feb 2026,$3.71,3,$6.00,7,2.73,$4.86,-23.59%,,,,$4.82,-0.82%,$0.00,-100.00%,$0.00,-100.00%,IMPP,NASDAQ:IMPP,-0.010,$9.00,-33.33%
NASDAQ:IMRN,15 Dec 2025,$1.93,4,,,,$1.17,65.08%,,,,,-100.00%,-$2.00,-270.94%,-$2.00,-270.94%,IMRN,NASDAQ:IMRN,-2.000,,
NASDAQ:IMXI,14 Feb 2026,$28.35,3,,3,0.58,$13.32,112.84%,,,,$12.55,-5.78%,$52.23,292.14%,$56.96,327.63%,IMXI,NASDAQ:IMXI,-0.922,$16.00,
NASDAQ:INDB,20 Mar 2026,$77.46,3,$86.67,6,2.84,$84.77,-8.63%,,,,$86.99,2.62%,$0.00,-100.00%,$0.00,-100.00%,INDB,NASDAQ:INDB,0.111,$91.71,-5.50%
NASDAQ:INDI,16 Feb 2026,$5.81,4,$8.00,5,5.00,$3.64,59.52%,,,,$0.00,-100.00%,$1.17,-67.91%,$1.83,-49.67%,INDI,NASDAQ:INDI,-1.000,$5.91,35.36%
NYSE:ING,27 Aug 2025,$23.00,3,,,4.13,$32.44,-29.10%,,,,$34.84,7.40%,-$240.39,-841.04%,-$232.82,-817.70%,ING,NYSE:ING,0.705,$31.97,
NYSE:INGM,22 Feb 2026,$26.24,5,,,2.37,$29.57,-11.26%,,,,$29.82,0.85%,$31.37,6.09%,$29.16,-1.40%,INGM,NYSE:INGM,-0.103,$32.58,
NASDAQ:INGN,11 Dec 2025,$9.54,4,$13.00,6,5.00,$6.32,51.01%,,,,$0.00,-100.00%,$5.56,-12.01%,$11.41,80.58%,INGN,NASDAQ:INGN,-1.000,$12.67,2.60%
NYSE:INGR,26 Aug 2025,$23.71,3,,,2.52,$100.25,-76.35%,,,,$103.01,2.75%,$312.08,211.31%,$348.64,247.77%,INGR,NYSE:INGR,-0.060,$121.17,
NASDAQ:INOD,26 Jan 2026,$55.24,3,,,5.00,$60.01,-7.95%,,,,$0.00,-100.00%,$108.56,80.90%,$111.76,86.24%,INOD,NASDAQ:INOD,-1.000,$122.75,
NASDAQ:INSG,5 Feb 2026,$12.35,3,,,5.00,$7.08,74.46%,,,,$0.00,-100.00%,$6.28,-11.25%,$11.68,64.96%,INSG,NASDAQ:INSG,-1.000,$21.25,
NYSE:INSP,4 Dec 2025,$192.39,3,$117.67,8,3.15,$50.81,131.59%,,,,$0.00,-100.00%,$59.14,16.39%,$67.19,32.23%,INSP,NYSE:INSP,-1.000,$52.38,124.65%
NASDAQ:INTA,22 Jan 2026,$50.05,3,$50.05,6,4.28,$26.27,90.52%,,,,$0.00,-100.00%,$48.91,86.17%,$52.25,98.88%,INTA,NASDAQ:INTA,-1.000,$33.00,51.67%
NASDAQ:INTC,19 Jan 2026,$31.91,1,$42.36,6,,$100.23,-68.16%,,,,,-100.00%,-$2.00,-102.00%,-$2.00,-102.00%,INTC,NASDAQ:INTC,-2.000,,
NASDAQ:INTR,24 Jun 2026,$6.34,4,$8.60,7,3.32,$5.46,16.12%,,,,$5.84,6.96%,-$26.53,-585.90%,-$23.90,-537.73%,INTR,NASDAQ:INTR,0.253,$9.33,-7.82%
NYSE:INVH,16 Sep 2025,$35.78,5,$35.79,1,3.15,$29.44,21.55%,,,,$30.70,4.28%,$39.70,34.84%,$61.06,107.39%,INVH,NYSE:INVH,0.242,$32.61,9.75%
NYSE:IONQ,23 Dec 2025,$39.58,3,$75.91,9,5.00,$34.07,16.18%,,,,$0.00,-100.00%,$29.98,-12.00%,$30.28,-11.12%,IONQ,NYSE:IONQ,-1.000,$69.11,9.84%
NYSE:IP,10 Jul 2025,$49.22,3,$190.70,,2.61,$37.91,#REF!,,,,$36.95,-2.53%,$9.18,-75.78%,$55.91,47.49%,IP,NYSE:IP,0.000,$42.73,346.29%
NASDAQ:IPGP,4 Feb 2026,$89.57,3,,,4.84,$96.46,-7.14%,,,,$0.00,-100.00%,$135.64,40.62%,$147.31,52.71%,IPGP,NASDAQ:IPGP,-1.000,$131.93,
NASDAQ:IPWR,9 Feb 2026,$5.25,3,,4,,$4.09,28.36%,,,,,-100.00%,-$2.00,-148.90%,-$2.00,-148.90%,IPWR,NASDAQ:IPWR,-2.000,,
NASDAQ:IQ,29 Nov 2024,$3.18,3,,,4.36,$1.21,162.64%,,,,$0.00,-100.00%,-$4.74,-491.45%,-$0.39,-132.02%,IQ,NASDAQ:IQ,-1.000,$1.54,
NYSE:IR,11 Nov 2025,$79.48,3,$87.67,6,,$84.31,-5.73%,,,,,-100.00%,-$2.00,-102.37%,-$2.00,-102.37%,IR,NYSE:IR,-2.000,,
NASDAQ:IREN,11 Dec 2025,$45.06,3,$84.00,6,5.00,$40.58,11.04%,,,,$0.00,-100.00%,$29.74,-26.71%,$35.44,-12.68%,IREN,NASDAQ:IREN,-1.000,$80.93,3.79%
NYSE:IRM,19 Aug 2025,$97.43,3,$116.80,3,2.90,$124.55,-21.77%,,,,$128.69,3.32%,$51.85,-58.37%,$53.55,-57.00%,IRM,NYSE:IRM,0.143,$132.82,-12.06%
NASDAQ:IRMD,4 Dec 2025,$84.32,3,$99.00,8,2.76,$93.86,-10.16%,,,,$98.24,4.67%,$135.09,43.93%,$137.29,46.27%,IRMD,NASDAQ:IRMD,0.038,$118.00,-16.10%
NYSE:IRS,13 Mar 2026,$17.95,5,$23.00,6,3.29,$15.15,18.48%,,,,$15.98,5.48%,"$2,139.23",14020.30%,"$2,140.18",14026.61%,IRS,NYSE:IRS,0.241,$21.33,7.83%
NASDAQ:IRTC,11 Dec 2025,$121.66,2,$220.38,6,5.00,$107.67,12.99%,,,,$0.00,-100.00%,$97.57,-9.38%,$103.98,-3.42%,IRTC,NASDAQ:IRTC,-1.000,$178.38,23.55%
NASDAQ:ISRG,19 Jul 2024,$316.11,1,,,5.00,$332.02,-4.79%,,,,$0.00,-100.00%,$0.00,-100.00%,$0.00,-100.00%,ISRG,NASDAQ:ISRG,-1.000,$504.15,
NASDAQ:ISTR,1 Jun 2026,$27.26,3,$31.50,6,2.91,$29.32,-7.04%,,,,$30.48,3.96%,$0.00,-100.00%,$0.00,-100.00%,ISTR,NASDAQ:ISTR,0.134,$33.00,-4.55%
NYSE:IT,25 Feb 2026,$197.67,3,187,2,4.08,$133.69,42.64%,,,,$0.00,-100.00%,$252.88,89.15%,$279.86,109.34%,IT,NYSE:IT,-1.000,$162.46,15.11%
NYSE:ITGR,11 Dec 2025,$113.99,3,$91.50,2,3.13,$97.50,-6.15%,,,,$0.00,-100.00%,$54.50,-44.10%,$121.14,24.25%,ITGR,NYSE:ITGR,-1.000,$100.00,-8.50%
NASDAQ:ITIC,29 Jan 2025,$206.10,3,,7,3.09,$276.21,-25.38%,,,,$293.18,6.14%,$294.99,6.80%,$335.29,21.39%,ITIC,NASDAQ:ITIC,0.330,$39.00,
NASDAQ:ITRI,21 May 2026,$114.84,5,$126.20,4,5.00,$83.93,36.83%,,,,$0.00,-100.00%,$133.39,58.93%,$153.49,82.88%,ITRI,NASDAQ:ITRI,-1.000,$126.70,-0.39%
NASDAQ:ITRN,18 Feb 2026,$47.36,3,$50.00,8,3.30,$55.30,-14.35%,,,,$59.04,6.76%,$97.17,75.72%,$112.97,104.29%,ITRN,NASDAQ:ITRN,0.262,$73.50,-31.97%
NYSE:ITT,16 Feb 2026,$184.72,1,$225.86,10,2.78,$195.20,-5.37%,,,,$197.68,1.27%,$150.36,-22.97%,$189.26,-3.04%,ITT,NYSE:ITT,0.045,$245.00,-7.81%
NYSE:ITUB,10 Mar 2026,$7.88,3,$9.00,9,3.79,$8.35,-5.63%,,,,$8.78,5.15%,-$17.25,-306.62%,-$13.53,-261.99%,ITUB,NYSE:ITUB,0.539,$8.84,1.81%
NYSE:ITW,11 Nov 2025,$245.17,2,$257.11,6,2.87,$276.91,-11.46%,,,,$281.07,1.50%,$332.69,20.14%,$346.50,25.13%,ITW,NYSE:ITW,0.141,$280.05,-8.19%
NYSE:IX,11 Dec 2025,$27.24,3,,5,3.27,$40.10,-32.07%,,,,$41.69,3.97%,$428.42,968.39%,$573.57,1330.34%,IX,NYSE:IX,0.326,$38.87,
NASDAQ:IXHL,11 Dec 2025,$0.76,3,,,,$3.16,-76.11%,,,,,-100.00%,-$2.00,-163.29%,-$2.00,-163.29%,IXHL,NASDAQ:IXHL,-2.000,,
NYSE:JBGS,23 Dec 2025,$16.92,3,$17.50,1,2.21,$14.48,16.87%,,,,$14.39,-0.62%,-$34.80,-340.34%,-$7.73,-153.40%,JBGS,NYSE:JBGS,-0.159,$15.00,16.67%
NYSE:JBTM,28 Oct 2025,$114.25,3,,,1.46,$134.33,-14.95%,,,,$132.01,-1.73%,$177.02,31.78%,$258.14,92.17%,JBTM,NYSE:JBTM,-0.559,$178.75,
NYSE:JCI,4 Jan 2026,$97.19,1,$128.78,9,3.27,$143.29,-32.17%,,,,$146.91,2.53%,$166.49,16.19%,$185.41,29.39%,JCI,NYSE:JCI,0.299,$155.74,-17.31%
NASDAQ:JD,1 Apr 2026,$43.40,3,$34.69,3,1.93,$30.09,15.29%,,,,$30.22,0.43%,$136.40,353.30%,$138.10,358.95%,JD,NASDAQ:JD,-0.344,$39.56,-12.31%
NYSE:JEF,23 Aug 2025,$58.78,3,,,3.03,$55.58,5.76%,,,,$58.33,4.95%,$0.00,-100.00%,$0.00,-100.00%,JEF,NYSE:JEF,0.190,$61.33,
NYSE:JELD,25 Oct 2024,$18.28,3,,,1.08,$1.10,1561.45%,,,,$1.13,2.73%,-$18.19,-1753.49%,-$0.67,-160.97%,JELD,NYSE:JELD,-0.742,$1.65,
NASDAQ:JFIN,1 Sep 2025,$12.96,3,,7,,$2.22,483.74%,,,,,-100.00%,-$2.00,-190.09%,-$2.00,-190.09%,JFIN,NASDAQ:JFIN,-2.000,,
NYSE:JHX,22 Aug 2025,$30.58,3,$26.94,8,0.43,$25.86,4.18%,,,,$23.26,-10.05%,$17.10,-33.88%,$26.50,2.49%,JHX,NYSE:JHX,-0.979,$30.18,-10.74%
NYSE:JILL,3 Jan 2025,$36.04,3,$36.67,6,1.98,$16.54,117.88%,,,,$16.39,-0.91%,$28.84,74.34%,$17.05,3.07%,JILL,NYSE:JILL,-0.241,$15.50,136.58%
NASDAQ:JJSF,31 Jan 2025,$136.25,3,$200.00,3,3.32,$76.14,78.95%,,,,$79.62,4.57%,$166.65,118.88%,$134.69,76.89%,JJSF,NASDAQ:JJSF,0.273,$100.50,99.00%
NASDAQ:JKHY,27 Jan 2026,$182.29,3,,,2.29,$148.23,22.98%,,,,$147.18,-0.71%,$286.37,93.19%,$336.12,126.76%,JKHY,NASDAQ:JKHY,-0.169,$184.29,
NYSE:JKS,9 Feb 2026,$25.42,3,$23.33,6,3.02,$15.75,48.13%,,,,$17.52,11.24%,-$184.98,-1274.46%,-$184.98,-1274.46%,JKS,NYSE:JKS,0.120,$26.02,-10.34%
NYSE:JOBY,7 Jul 2025,$8.26,2,,,0.68,$7.54,9.50%,,,,$7.31,-3.05%,$6.25,-17.16%,$6.34,-15.91%,JOBY,NYSE:JOBY,-0.921,$11.01,
NYSE:JOE,4 Sep 2025,$58.64,3,,4,3.07,$62.13,-5.62%,,,,$63.46,2.14%,$94.52,52.13%,$108.40,74.48%,JOE,NYSE:JOE,0.320,$19.00,
NYSE:KAI,11 Nov 2025,$276.48,3,$360.00,2,2.52,$307.70,-10.15%,,,,$307.99,0.09%,$331.84,7.85%,$377.78,22.77%,KAI,NYSE:KAI,-0.037,$342.00,5.26%
NASDAQ:KALU,23 Jun 2026,$168.39,3,$161.67,6,3.04,$180.60,-10.48%,,,,$172.67,-4.39%,$229.72,27.20%,$324.20,79.51%,KALU,NASDAQ:KALU,0.241,$159.67,1.25%
NASDAQ:KARO,23 Aug 2025,$42.41,2,,,3.45,$61.19,-30.69%,,,,$65.14,6.46%,$120.06,96.21%,$122.86,100.79%,KARO,NASDAQ:KARO,0.352,$73.91,
NYSE:KB,19 Nov 2025,$83.35,3,,,3.03,$120.85,-31.03%,,,,$122.76,1.58%,"-$1,120.49",-1027.17%,"-$1,092.49",-1004.01%,KB,NYSE:KB,0.175,$140.51,
NYSE:KBH,27 Apr 2026,$73.02,5,$56.73,6,2.81,$55.62,2.00%,,,,$57.85,4.01%,$114.21,105.33%,$119.97,115.70%,KBH,NYSE:KBH,0.105,$58.67,-3.31%
NYSE:KD,9 Feb 2026,$28.74,3,$34.00,5,0.45,$11.66,146.48%,,,,$10.93,-6.26%,$43.45,272.68%,$111.94,860.06%,KD,NYSE:KD,-0.980,$14.10,141.13%
NASDAQ:KDP,19 Jun 2026,$36.23,3,$31.83,9,3.08,$29.67,7.28%,,,,$31.36,5.70%,$7.94,-73.23%,$15.45,-47.93%,KDP,NASDAQ:KDP,0.196,$34.94,-8.90%
NYSE:KEP,23 Jul 2026,$13.39,4,,3,4.77,$12.07,10.89%,10.89%,$13.39,$16.00,$12.63,4.64%,"$1,518.92",12484.27%,"$5,659.95",46792.70%,KEP,NYSE:KEP,0.914,$16.00,
NYSE:KEY,20 Mar 2026,$21.47,3,$24.04,3,3.35,$22.72,-5.51%,,,,$23.68,4.23%,$0.00,-100.00%,$0.00,-100.00%,KEY,NYSE:KEY,0.327,$25.85,-7.00%
NYSE:KGC,14 Aug 2025,$8.59,1,,,2.44,$23.67,-63.71%,,,,$24.19,2.20%,$65.85,178.18%,$81.61,244.79%,KGC,NYSE:KGC,-0.137,$36.01,
NASDAQ:KIDS,11 Dec 2025,$25.39,3,$24.00,6,4.68,$18.72,28.21%,,,,$0.00,-100.00%,$25.62,36.87%,$13.10,-30.00%,KIDS,NASDAQ:KIDS,-1.000,$25.00,-4.00%
NYSE:KIM,19 Sep 2025,$25.08,5,$24.84,7,2.83,$25.74,-3.50%,,,,$26.74,3.89%,$30.24,17.48%,$44.41,72.55%,KIM,NYSE:KIM,0.118,$26.70,-6.97%
NASDAQ:KLAC,4 Jan 2026,"$1,084.54",2,"$1,372.72",8,2.72,$218.73,395.83%,,,,$224.71,2.73%,$242.08,10.68%,$246.89,12.88%,KLAC,NASDAQ:KLAC,0.059,$234.04,486.53%
NYSE:KLC,14 Jan 2026,$8.03,3,$5.70,3,0.56,$4.83,18.01%,,,,$4.81,-0.41%,-$17.51,-462.60%,-$4.21,-187.09%,KLC,NYSE:KLC,-0.858,$4.24,34.43%
NASDAQ:KLIC,23 Aug 2025,$42.70,3,,,3.31,$106.08,-59.75%,,,,$111.80,5.39%,$112.06,5.64%,$115.39,8.77%,KLIC,NASDAQ:KLIC,0.351,$100.00,
NYSE:KMT,26 Aug 2025,$29.15,5,$22.25,5,3.00,$34.86,-36.17%,,,,$35.99,3.24%,$51.89,48.86%,$37.84,8.54%,KMT,NYSE:KMT,0.202,$34.86,-36.17%
NYSE:KN,2 Feb 2026,$24.86,3,,,0.53,$38.81,-35.94%,,,,$35.45,-8.66%,$52.22,34.56%,$54.99,41.69%,KN,NYSE:KN,-0.883,$36.25,
NYSE:KOF,16 Jun 2026,$111.51,3,$115.00,5,,$102.48,8.81%,,,,,-100.00%,-$2.00,-101.95%,-$2.00,-101.95%,KOF,NYSE:KOF,-2.000,,
NASDAQ:KOPN,16 Feb 2026,$2.24,3,,6,,$3.80,-40.95%,,,,,-100.00%,-$2.00,-152.63%,-$2.00,-152.63%,KOPN,NASDAQ:KOPN,-2.000,,
NYSE:KR,2 Jan 2026,$62.39,3,,,3.39,$55.76,11.89%,,,,$60.37,8.27%,$17.49,-68.64%,$88.58,58.87%,KR,NYSE:KR,0.315,$70.64,
NASDAQ:KRNT,6 Nov 2025,$18.46,3,$23.50,4,5.00,$14.87,24.14%,,,,$0.00,-100.00%,$16.13,8.47%,$18.83,26.66%,KRNT,NASDAQ:KRNT,-1.000,$23.38,0.51%
NASDAQ:KRT,16 Sep 2025,$27.50,4,$31.50,2,3.79,$38.73,-28.99%,,,,$40.26,3.95%,$56.23,45.18%,$74.34,91.95%,KRT,NASDAQ:KRT,0.563,$36.50,-13.70%
NASDAQ:KSPI,11 Feb 2026,$112.77,3,$92.50,6,3.90,$85.00,8.82%,,,,$92.26,8.54%,$39.69,-53.31%,$39.82,-53.15%,KSPI,NASDAQ:KSPI,0.565,$98.87,-6.44%
NYSE:KSS,25 Jul 2023,$47.54,3,,,3.08,$18.20,161.23%,,,,$19.54,7.36%,$94.24,417.80%,-$21.65,-218.93%,KSS,NYSE:KSS,0.241,$17.85,
NYSEAMERICAN:KULR,4 Feb 2026,,,$3.36,1,,$2.77,21.30%,,,,,-100.00%,-$2.00,-172.20%,-$2.00,-172.20%,KULR,NYSEAMERICAN:KULR,-2.000,,
NYSE:KVUE,14 Aug 2025,$22.53,4,$23.83,8,2.78,$18.90,19.21%,,,,$19.58,3.60%,$18.91,0.06%,$21.87,15.71%,KVUE,NYSE:KVUE,0.092,$19.83,20.17%
NYSE:KVYO,22 Jan 2026,$29.82,3,$42.31,7,5.00,$15.67,90.32%,,,,$0.00,-100.00%,$29.05,85.38%,$30.67,95.72%,KVYO,NYSE:KVYO,-1.000,$28.90,46.40%
NYSE:KWR,7 Dec 2023,$246.30,3,,,2.55,$148.82,65.50%,,,,$150.83,1.35%,$220.21,47.97%,$168.22,13.03%,KWR,NYSE:KWR,-0.037,$173.43,
NASDAQ:LAB,11 Dec 2025,$2.34,3,$1.35,8,5.00,$0.88,53.41%,,,,$0.00,-100.00%,$0.61,-30.52%,$0.71,-19.31%,LAB,NASDAQ:LAB,-1.000,$1.55,-12.90%
NYSE:LAC,2 Sep 2025,$4.84,5,$4.00,4,5.00,$2.91,37.46%,,,,$0.00,-100.00%,-$0.63,-121.62%,-$0.62,-121.34%,LAC,NYSE:LAC,-1.000,$5.87,-31.86%
NYSE:LAD,6 Feb 2026,$430.33,5,$385.50,5,1.70,$334.02,15.41%,,,,$334.21,0.06%,-$321.74,-196.32%,-$252.13,-175.48%,LAD,NYSE:LAD,-0.407,$376.19,2.47%
NASDAQ:LAKE,31 Dec 2025,$12.09,4,$18.50,6,,$10.82,11.74%,,,,,-100.00%,-$2.00,-118.48%,-$2.00,-118.48%,LAKE,NASDAQ:LAKE,-2.000,,
NASDAQ:LAMR,16 Sep 2025,$136.02,4,$129.00,9,3.16,$157.73,-18.21%,,,,$163.96,3.95%,$185.96,17.90%,$249.47,58.16%,LAMR,NASDAQ:LAMR,0.270,$158.60,-18.66%
NASDAQ:LASR,27 Jan 2026,$28.42,2,,,4.21,$73.00,-61.07%,,,,$0.00,-100.00%,$80.27,9.96%,$82.72,13.31%,LASR,NASDAQ:LASR,-1.000,$90.71,
NASDAQ:LAUR,15 Oct 2025,$28.37,2,,,3.50,$36.60,-22.49%,,,,$0.00,-100.00%,$53.91,47.28%,$68.60,87.43%,LAUR,NASDAQ:LAUR,-1.000,$40.25,
NYSE:LB,26 Aug 2025,$40.37,2,,,1.71,$76.72,-47.39%,,,,$77.59,1.13%,$123.88,61.48%,$131.24,71.07%,LB,NYSE:LB,-0.389,$82.57,
NYSE:LC,16 Mar 2026,$17.29,4,$24.00,6,,#N/A,#N/A,,,,$0.00,#N/A,-$118.71,#N/A,-$117.49,#N/A,LC,NYSE:LC,-1.000,$23.25,3.23%
NASDAQ:LCID,15 Dec 2025,$16.47,3,$17.00,3,4.43,$6.45,155.29%,,,,$0.00,-100.00%,-$27.90,-532.52%,-$25.84,-500.57%,LCID,NASDAQ:LCID,-1.000,$8.30,104.82%
NYSE:LDOS,17 Feb 2026,$176.70,3,$202.40,10,2.39,$110.33,60.16%,,,,$106.86,-3.15%,$177.75,61.11%,$216.04,95.81%,LDOS,NYSE:LDOS,-0.153,$150.67,34.33%
NASDAQ:LECO,31 May 2024,$190.67,3,,,2.76,$250.38,-23.85%,,,,$256.04,2.26%,$297.54,18.83%,$327.45,30.78%,LECO,NASDAQ:LECO,0.053,$297.00,
NYSE:LEN,21 Feb 2026,$150.73,5,$98.80,4,3.17,$82.13,20.30%,,,,$85.71,4.36%,$201.80,145.70%,$207.61,152.78%,LEN,NYSE:LEN,0.260,$87.31,13.16%
NYSE:LEN.B,19 Feb 2026,$140.83,5,,,3.78,$80.72,74.47%,,,,$84.71,4.94%,$909.37,1026.57%,$949.64,1076.46%,LEN.B,NYSE:LEN.B,0.511,,
NASDAQ:LENZ,15 May 2025,$26.93,3,$47.14,9,5.00,$5.05,433.33%,,,,$0.00,-100.00%,-$0.25,-104.99%,-$0.32,-106.39%,LENZ,NASDAQ:LENZ,-1.000,$32.00,47.31%
NYSEAMERICAN:LEU,23 Dec 2025,$221.63,3,$289.10,9,,$170.78,29.77%,,,,,-100.00%,-$2.00,-101.17%,-$2.00,-101.17%,LEU,NYSE:LEU,-2.000,,
NASDAQ:LFUS,30 Jan 2026,$287.28,3,$366.67,8,2.54,$415.17,-30.80%,,,,$413.93,-0.30%,$521.81,25.69%,$592.84,42.79%,LFUS,NASDAQ:LFUS,-0.041,$482.50,-24.01%
NASDAQ:LFVN,16 Sep 2025,$9.29,3,,,,$6.27,48.17%,,,,,-100.00%,-$2.00,-131.90%,-$2.00,-131.90%,LFVN,NASDAQ:LFVN,-2.000,,
NASDAQ:LFWD,4 Dec 2025,$1.24,3,$4.50,,,$7.03,-82.33%,,,,,-100.00%,-$2.00,-128.45%,-$2.00,-128.45%,LFWD,NASDAQ:LFWD,-2.000,,
NASDAQ:LGHL,1 Sep 2025,$2.89,3,,,,$1.24,133.23%,,,,,-100.00%,-$2.00,-261.29%,-$2.00,-261.29%,LGHL,NASDAQ:LGHL,-2.000,,
NASDAQ:LGIH,10 Apr 2026,$71.78,3,$38.00,3,5.00,$58.33,-34.85%,,,,$0.00,-100.00%,$26.04,-55.37%,$27.50,-52.86%,LGIH,NASDAQ:LGIH,-1.000,$93.00,-59.14%
NYSE:LH,19 May 2025,$246.54,3,$276.82,5,2.80,$291.02,-15.28%,,,,$287.13,-1.34%,$225.19,-22.62%,$306.47,5.31%,LH,NYSE:LH,0.093,$312.35,-11.38%
NASDAQ:LI,15 Dec 2025,$17.08,1,,1,,$12.37,38.08%,,,,,-100.00%,-$2.00,-116.17%,-$2.00,-116.17%,LI,NASDAQ:LI,-2.000,,
NASDAQ:LIF,22 Jan 2026,$44.97,2,$89.23,1,4.48,$49.55,-9.25%,,,,$0.00,-100.00%,$60.18,21.44%,$63.34,27.84%,LIF,NASDAQ:LIF,-1.000,$64.21,38.97%
NYSE:LII,26 Aug 2025,$486.80,1,,,2.39,$537.89,-9.50%,,,,$536.95,-0.17%,$877.41,63.12%,$925.02,71.97%,LII,NYSE:LII,-0.084,$572.92,
NASDAQ:LIN,8 Jul 2024,$400.00,0,,,,$506.32,-21.00%,,,,,-100.00%,-$2.00,-100.40%,-$2.00,-100.40%,LIN,NASDAQ:LIN,-2.000,,
NASDAQ:LITE,2 Feb 2026,$174.97,1,,,4.63,$833.64,-79.01%,,,,$0.00,-100.00%,$851.68,2.16%,$895.47,7.42%,LITE,NASDAQ:LITE,-1.000,"$1,104.89",
NASDAQ:LIVN,11 Dec 2025,$69.34,3,$65.83,9,3.39,$78.61,-16.26%,,,,$0.00,-100.00%,$70.05,-10.88%,$84.24,7.16%,LIVN,NASDAQ:LIVN,-1.000,$84.80,-22.37%
NASDAQ:LKFN,19 Nov 2025,$61.67,3,,,2.93,$61.12,0.90%,,,,$63.50,3.89%,-$138.18,-326.09%,-$135.49,-321.68%,LKFN,NASDAQ:LKFN,0.153,$65.00,
NASDAQ:LKQ,15 May 2025,$47.72,5,$53.00,8,3.28,$24.82,92.26%,,,,$26.11,5.20%,$29.92,20.54%,$5.01,-79.80%,LKQ,NASDAQ:LKQ,0.237,$40.12,32.10%
NYSE:LMT,23 Dec 2025,$488.93,3,$524.93,7,3.03,$568.59,-14.01%,,,,$531.96,-6.44%,$578.64,1.77%,$391.95,-31.07%,LMT,NYSE:LMT,0.199,$606.68,-13.47%
NYSE:LOB,18 Nov 2025,$45.74,3,$42.50,4,1.30,$42.65,-0.35%,,,,$40.33,-5.44%,-$172.46,-504.36%,-$166.81,-491.10%,LOB,NYSE:LOB,-0.564,$44.25,-3.95%
NYSE:LOMA,16 Dec 2025,$12.58,3,,7,4.17,$11.92,5.54%,,,,$0.00,-100.00%,$19.95,67.34%,$27.63,131.78%,LOMA,NYSE:LOMA,-1.000,$14.70,
NASDAQ:LOVE,30 Aug 2023,$33.25,3,,,5.00,$16.37,103.10%,,,,$0.00,-100.00%,$77.33,372.38%,$74.68,356.19%,LOVE,NASDAQ:LOVE,-1.000,$24.17,
NASDAQ:LPRO,23 Aug 2025,$2.92,3,$2.58,2,2.66,$3.13,-17.57%,,,,$0.00,-100.00%,$7.67,145.02%,$7.86,151.06%,LPRO,NASDAQ:LPRO,-1.000,$2.92,-11.64%
NASDAQ:LPTH,29 Jan 2026,$6.12,3,$12.67,8,0.77,$12.37,-50.52%,,,,$11.81,-4.53%,$13.20,6.67%,$13.25,7.14%,LPTH,NASDAQ:LPTH,-0.855,$15.97,-20.66%
NYSE:LPX,9 May 2025,$89.40,3,,,2.72,$72.14,23.92%,,,,$73.74,2.22%,$106.88,48.16%,$118.58,64.38%,LPX,NYSE:LPX,0.009,$93.31,
NASDAQ:LQDT,23 Dec 2025,$37.03,4,$41.00,3,3.87,$37.47,-1.17%,,,,$0.00,-100.00%,$68.84,83.71%,$72.21,92.71%,LQDT,NASDAQ:LQDT,-1.000,$44.00,-6.82%
NASDAQ:LRCX,17 Jul 2024,$725.21,1,,,3.01,$319.78,126.78%,,,,$328.74,2.80%,$361.11,12.92%,$367.12,14.80%,LRCX,NASDAQ:LRCX,0.170,$368.26,
NASDAQ:LSCC,19 Jan 2026,$69.35,1,$83.73,10,3.37,$138.13,-49.79%,,,,$0.00,-100.00%,$147.30,6.64%,$150.02,8.61%,LSCC,NASDAQ:LSCC,-1.000,$148.33,-43.55%
NYSE:LSPD,11 Sep 2025,$13.68,3,$15.02,6,3.61,$9.57,42.96%,,,,$0.00,-100.00%,$14.41,50.62%,$20.10,109.98%,LSPD,NYSE:LSPD,-1.000,$10.73,39.98%
NASDAQ:LTBR,25 Aug 2025,$13.94,3,,,,$8.03,73.57%,,,,,-100.00%,-$2.00,-124.91%,-$2.00,-124.91%,LTBR,NASDAQ:LTBR,-2.000,,
NYSE:LTH,15 Aug 2025,$22.60,2,,,3.33,$41.93,-46.09%,,,,$0.00,-100.00%,$29.57,-29.49%,$28.22,-32.69%,LTH,NYSE:LTH,-1.000,$44.71,
NASDAQ:LTRX,5 Feb 2026,$7.76,3,$7.88,9,5.00,$5.59,38.89%,,,,$0.00,-100.00%,$8.08,44.49%,$9.20,64.60%,LTRX,NASDAQ:LTRX,-1.000,$10.33,-23.72%
NYSE:LU,1 Sep 2025,$3.43,3,,4,1.57,$1.35,153.78%,,,,$1.36,0.74%,$0.00,-100.00%,$0.00,-100.00%,LU,NYSE:LU,-0.526,$2.72,
NASDAQ:LUNG,4 Dec 2025,$3.40,3,$4.10,1,,$1.22,178.69%,,,,,-100.00%,-$2.00,-263.93%,-$2.00,-263.93%,LUNG,NASDAQ:LUNG,-2.000,,
NYSE:LUXE,26 Mar 2026,$9.82,3,,,3.64,$7.96,23.30%,,,,$0.00,-100.00%,$16.50,107.25%,$18.92,137.65%,LUXE,NYSE:LUXE,-1.000,$8.98,
NASDAQ:LWAY,27 Aug 2025,$25.66,2,,,3.69,$30.33,-15.40%,,,,$0.00,-100.00%,$42.14,38.93%,$45.73,50.78%,LWAY,NASDAQ:LWAY,-1.000,$34.50,
NASDAQ:LX,9 Sep 2025,$5.80,3,,7,,$1.46,297.26%,,,,,-100.00%,-$2.00,-236.99%,-$2.00,-236.99%,LX,NASDAQ:LX,-2.000,,
NYSE:LXFR,11 Nov 2025,$12.33,3,,5,3.28,$17.07,-27.80%,,,,$17.54,2.75%,$24.97,46.26%,$28.22,65.32%,LXFR,NYSE:LXFR,0.282,$20.50,
NYSE:LXU,22 Jan 2026,$9.49,3,$10.38,3,0.77,$12.21,-22.28%,,,,$11.49,-5.90%,$17.67,44.71%,$28.79,135.76%,LXU,NYSE:LXU,-0.819,$13.70,-24.23%
NYSE:LYG,10 Mar 2026,$4.90,3,,5,3.09,$5.99,-18.20%,,,,$6.31,5.34%,-$52.70,-979.82%,-$57.03,-1052.17%,LYG,NYSE:LYG,0.235,$6.18,
NASDAQ:LYTS,5 Feb 2026,$23.01,3,$29.33,7,3.66,$23.42,-1.76%,,,,$24.80,5.89%,$19.56,-16.47%,$23.04,-1.62%,LYTS,NASDAQ:LYTS,0.427,$30.33,-3.30%
NYSE:LZM,28 Oct 2025,$7.28,3,$8.00,6,,$3.29,121.28%,,,,,-100.00%,-$2.00,-160.79%,-$2.00,-160.79%,LZM,NYSE:LZM,-2.000,,
NYSE:M,17 Nov 2023,$28.11,3,,,3.44,$23.33,20.51%,,,,$25.29,8.40%,$14.98,-35.81%,$34.01,45.76%,M,NYSE:M,0.402,$22.77,
NYSE:MAA,18 Sep 2025,$156.08,4,$158.89,4,3.00,$132.75,17.58%,,,,$135.67,2.20%,$96.68,-27.17%,$150.16,13.11%,MAA,NYSE:MAA,0.184,$142.00,11.89%
NASDAQ:MAPS,9 Feb 2026,$1.32,3,,2,,#N/A,#N/A,,,,,#N/A,-$2.00,#N/A,-$2.00,#N/A,MAPS,NASDAQ:MAPS,-2.000,,
NASDAQ:MAR,23 Dec 2025,$276.62,2,$301.75,6,2.83,$364.47,-24.10%,,,,$378.22,3.77%,$353.87,-2.91%,$376.29,3.24%,MAR,NASDAQ:MAR,0.112,$384.83,-21.59%
NYSE:MAS,9 Apr 2026,$74.88,5,$77.30,2,3.06,$77.34,-3.18%,,,,$80.18,3.67%,$123.84,60.12%,$131.70,70.28%,MAS,NYSE:MAS,0.212,$81.82,-5.52%
NASDAQ:MASI,11 Dec 2025,$144.64,3,$188.40,8,,#N/A,#N/A,,,,,#N/A,-$2.00,#N/A,-$2.00,#N/A,MASI,NASDAQ:MASI,-2.000,,
NASDAQ:MASS,16 Dec 2025,$6.35,3,$8.00,6,5.00,$7.11,-10.69%,,,,$0.00,-100.00%,$6.83,-3.94%,$7.88,10.84%,MASS,NASDAQ:MASS,-1.000,$11.00,-27.27%
NASDAQ:MAT,18 May 2026,$22.83,3,$16.20,6,4.43,$14.24,13.76%,,,,$0.00,-100.00%,$84.55,493.75%,$85.53,500.62%,MAT,NASDAQ:MAT,-1.000,$18.31,-11.52%
NASDAQ:MATW,12 Jun 2025,$31.87,5,,6,2.77,$27.04,17.85%,,,,$28.20,4.29%,$18.97,-29.85%,$44.21,63.48%,MATW,NASDAQ:MATW,0.007,$38.00,
NYSE:MATX,24 May 2026,$189.11,3,$213.00,6,2.81,$213.59,-11.46%,,,,$222.76,4.29%,$226.62,6.10%,$324.07,51.73%,MATX,NYSE:MATX,0.087,$241.67,-11.86%
NYSE:MAX,23 Aug 2025,$13.82,3,$15.83,3,3.28,$13.10,5.47%,,,,$0.00,-100.00%,$18.96,44.73%,$19.23,46.81%,MAX,NYSE:MAX,-1.000,$13.83,14.46%
NYSE:MBC,24 Dec 2024,$17.00,4,$23.00,4,3.43,$8.42,101.85%,,,,$0.00,-100.00%,$19.99,137.35%,$27.88,231.17%,MBC,NYSE:MBC,-1.000,$9.15,151.37%
NYSE:MBI,3 Jan 2025,$6.33,3,$6.75,2,4.29,$5.76,9.91%,,,,$0.00,-100.00%,-$64.24,-1215.23%,-$64.24,-1215.23%,MBI,NYSE:MBI,-1.000,$7.25,-6.90%
NASDAQ:MBIN,16 Mar 2026,$47.75,3,$48.50,4,3.16,$46.67,2.32%,,,,$49.95,7.03%,-$232.23,-597.61%,-$231.55,-596.15%,MBIN,NASDAQ:MBIN,0.237,$53.50,-9.35%
NASDAQ:MBWM,24 Mar 2026,$55.58,3,$56.00,6,2.42,$57.18,-2.80%,,,,$57.84,1.15%,-$200.98,-451.48%,-$194.12,-439.49%,MBWM,NASDAQ:MBWM,-0.067,$60.00,-6.67%
NYSE:MC,24 Oct 2025,$64.64,3,,,3.10,$65.57,-1.42%,,,,$69.97,6.71%,$203.40,210.21%,$205.73,213.76%,MC,NYSE:MC,0.226,$71.50,
NYSE:MCB,18 Nov 2025,$66.26,3,$88.00,4,4.20,$90.79,-27.02%,,,,$0.00,-100.00%,-$290.10,-419.53%,-$305.13,-436.08%,MCB,NYSE:MCB,-1.000,$112.67,-21.90%
NASDAQ:MCBS,24 Oct 2025,$30.06,3,$31.00,4,2.92,$36.10,-16.73%,,,,$36.97,2.41%,-$20.79,-157.60%,-$19.16,-153.06%,MCBS,NASDAQ:MCBS,0.153,$38.00,-18.42%
NYSE:MCD,18 Sep 2025,$295.53,3,$322.80,8,,$262.80,12.46%,,,,,-100.00%,-$2.00,-100.76%,-$2.00,-100.76%,MCD,NYSE:MCD,-2.000,,
NASDAQ:MCHP,27 Jan 2026,$69.09,2,$81.39,8,2.98,$81.35,-15.07%,,,,$87.22,7.22%,$90.79,11.61%,$103.73,27.52%,MCHP,NASDAQ:MCHP,0.106,$113.08,-28.02%
NYSE:MCK,23 Aug 2024,$496.23,2,,,1.50,$824.49,-39.81%,,,,$807.41,-2.07%,"$1,826.32",121.51%,"$1,932.61",134.40%,MCK,NYSE:MCK,-0.499,$940.87,
NYSE:MCO,16 Sep 2025,$491.12,3,,,2.43,$472.24,4.00%,,,,$488.92,3.53%,$738.01,56.28%,$783.63,65.94%,MCO,NYSE:MCO,-0.089,$549.19,
NYSE:MD,2 May 2025,$17.20,4,$18.10,6,2.79,$25.58,-32.76%,,,,$0.00,-100.00%,$87.71,242.89%,$93.63,266.01%,MD,NYSE:MD,-1.000,$24.50,-26.12%
NYSE:MDT,14 Jan 2026,$99.63,3,$111.63,6,2.64,$82.01,21.49%,,,,$82.73,0.88%,$151.72,85.00%,$184.77,125.30%,MDT,NYSE:MDT,-0.003,$97.84,14.09%
NASDAQ:MDWD,1 Sep 2025,$18.47,3,$30.00,4,5.00,$14.27,29.44%,,,,$0.00,-100.00%,$10.63,-25.50%,$10.94,-23.34%,MDWD,NASDAQ:MDWD,-1.000,$30.17,-0.56%
NYSE:MED,23 Dec 2025,$14.30,3,,4,4.35,$9.45,51.37%,,,,$0.00,-100.00%,$73.06,673.09%,$32.43,243.15%,MED,NYSE:MED,-1.000,$12.00,
NYSE:MEI,19 Mar 2025,$11.38,3,$11.50,4,3.10,$16.03,-28.98%,,,,$17.26,7.67%,$18.75,16.96%,$21.78,35.86%,MEI,NYSE:MEI,0.198,$19.33,-40.51%
NASDAQ:MELI,29 Aug 2025,"$2,075.00",2,,,4.16,"$1,798.70",15.36%,,,,$0.00,-100.00%,"$2,869.91",59.55%,"$3,174.67",76.50%,MELI,NASDAQ:MELI,-1.000,"$2,214.88",
NASDAQ:MERC,9 Apr 2025,$9.51,3,$7.00,5,,$0.69,914.49%,,,,,-100.00%,-$2.00,-389.86%,-$2.00,-389.86%,MERC,NASDAQ:MERC,-2.000,,
NASDAQ:MESO,11 Dec 2025,$18.44,3,,,,$16.08,14.68%,,,,,-100.00%,-$2.00,-112.44%,-$2.00,-112.44%,MESO,NASDAQ:MESO,-2.000,,
NASDAQ:META,19 Jul 2024,$436.35,2,,,1.68,$606.10,-28.01%,,,,$623.86,2.93%,$965.51,59.30%,"$1,137.55",87.68%,META,NASDAQ:META,-0.468,$826.01,
NASDAQ:METC,16 Jun 2025,$18.15,3,$13.00,2,2.99,$11.20,16.07%,,,,$12.68,13.21%,$19.46,73.77%,$34.66,209.49%,METC,NASDAQ:METC,0.105,$26.12,-50.23%
NYSE:MFG,19 Nov 2025,$6.09,2,,,3.07,$10.57,-42.38%,,,,$10.77,1.89%,-$96.54,-1013.37%,-$96.21,-1010.21%,MFG,NYSE:MFG,0.232,$10.48,
NASDAQ:MGEE,29 Jan 2025,$79.73,3,$76.50,7,2.83,$82.40,-7.16%,,,,$84.71,2.80%,$67.56,-18.02%,$52.48,-36.31%,MGEE,NASDAQ:MGEE,0.138,$77.25,-0.97%
NASDAQ:MGNX,23 Dec 2025,$2.57,3,$3.00,2,5.00,$4.01,-35.80%,,,,$0.00,-100.00%,$22.10,451.18%,$15.21,279.39%,MGNX,NASDAQ:MGNX,-1.000,$6.75,-55.56%
NASDAQ:MGPI,19 Jun 2025,$49.20,3,$38.50,6,2.69,$17.65,118.13%,,,,$18.05,2.27%,$8.55,-51.55%,$23.31,32.08%,MGPI,NASDAQ:MGPI,-0.025,$27.40,40.51%
NYSE:MGY,27 Jan 2026,$27.84,4,$26.85,6,3.33,$25.76,4.23%,,,,$26.56,3.11%,$33.66,30.67%,$52.12,102.32%,MGY,NYSE:MGY,0.288,$32.53,-17.46%
NYSE:MHO,18 Mar 2026,$159.41,5,$165.00,4,3.56,$146.84,8.56%,,,,$0.00,-100.00%,$295.05,100.93%,$301.60,105.39%,MHO,NYSE:MHO,-1.000,$163.33,1.02%
NASDAQ:MIDD,28 Apr 2026,$161.75,5,$180.00,6,4.09,$131.14,23.34%,,,,$136.49,4.08%,$152.24,16.09%,$182.18,38.92%,MIDD,NASDAQ:MIDD,0.628,$165.50,8.76%
NYSE:MIR,19 Nov 2025,$18.40,2,$31.83,9,5.00,$16.88,8.99%,,,,$0.00,-100.00%,$13.86,-17.91%,$22.58,33.78%,MIR,NYSE:MIR,-1.000,$27.40,16.17%
NASDAQ:MITK,27 Jan 2026,$157.37,5,$14.67,9,3.81,$15.91,-7.79%,,,,$0.00,-100.00%,$34.52,117.00%,$20.97,31.82%,MITK,NASDAQ:MITK,-1.000,$18.50,-20.70%
NYSE:MKC,23 Dec 2025,$74.06,5,$78.11,5,2.70,$50.19,47.56%,,,,$54.09,7.77%,$100.93,101.10%,$119.45,137.99%,MKC,NYSE:MKC,0.022,$60.62,28.85%
NASDAQ:MKSI,30 Jan 2026,$186.47,1,$225.25,10,2.39,$345.30,-46.00%,,,,$332.25,-3.78%,$302.78,-12.31%,$387.00,12.08%,MKSI,NASDAQ:MKSI,-0.112,$406.92,-44.65%
NASDAQ:MKTX,23 Aug 2025,$211.29,4,$232.14,4,2.82,$114.31,84.84%,,,,$117.43,2.73%,$266.54,133.17%,$304.55,166.43%,MKTX,NASDAQ:MKTX,0.043,$153.73,51.01%
NASDAQ:MLKN,20 Sep 2024,$28.93,3,,,2.95,$21.46,34.82%,,,,$22.41,4.43%,$33.01,53.84%,$18.18,-15.28%,MLKN,NASDAQ:MLKN,0.090,$35.00,
NYSE:MNR,22 Jan 2026,$25.78,3,$20.00,7,3.62,$13.48,48.37%,,,,$13.95,3.49%,$20.75,53.94%,$41.65,208.94%,MNR,NYSE:MNR,0.402,$18.00,11.11%
NASDAQ:MNRO,6 Jun 2025,$30.40,3,$17.67,8,3.67,$16.71,5.75%,,,,$17.88,7.00%,-$6.98,-141.76%,$32.15,92.38%,MNRO,NASDAQ:MNRO,0.408,$23.38,-24.42%
NYSE:MNSO,1 Sep 2025,$24.84,3,$26.94,8,2.47,$12.40,100.29%,,,,$12.60,1.61%,$42.81,245.26%,$42.81,245.26%,MNSO,NYSE:MNSO,-0.126,$19.95,35.04%
NYSE:MO,17 Mar 2026,$65.79,3,$68.00,4,4.15,$72.08,-8.72%,,,,$77.40,7.38%,$139.92,94.12%,$142.23,97.32%,MO,NYSE:MO,0.716,$70.64,-3.74%
NASDAQ:MOFG,2 Oct 2025,$33.83,3,$34.50,5,,#N/A,#N/A,,,,,#N/A,-$2.00,#N/A,-$2.00,#N/A,MOFG,NASDAQ:MOFG,-2.000,,
NYSE:MOS,23 Dec 2025,$27.76,5,$33.54,7,2.52,$22.28,24.57%,,,,$22.58,1.35%,$17.20,-22.79%,$0.23,-98.96%,MOS,NYSE:MOS,-0.063,$27.19,23.35%
NYSE:MOV,26 Mar 2026,$28.60,4,$30.75,7,3.57,$35.94,-20.43%,,,,$39.11,8.82%,$55.82,55.30%,$61.58,71.35%,MOV,NYSE:MOV,0.380,$47.50,-35.26%
NASDAQ:MPB,19 Mar 2026,$32.84,3,$37.00,7,2.30,$36.46,-9.93%,,,,$34.90,-4.28%,-$166.70,-557.22%,-$162.72,-546.31%,MPB,NASDAQ:MPB,-0.115,$37.17,-0.46%
NYSE:MPLX,16 Jun 2026,$55.67,1,,,3.59,$57.51,-3.20%,,,,$58.77,2.19%,$83.47,45.15%,$106.45,85.10%,MPLX,NYSE:MPLX,0.448,$60.86,
NYSEAMERICAN:MPTI,11 Feb 2026,$62.49,,,6,,$85.49,-26.90%,,,,,-100.00%,-$2.00,-102.34%,-$2.00,-102.34%,MPTI,NYSEAMERICAN:MPTI,-2.000,,
NASDAQ:MPWR,26 Jan 2026,$897.84,2,,,2.22,"$1,397.15",-35.74%,,,,"$1,362.28",-2.50%,"$1,641.60",17.50%,"$1,661.17",18.90%,MPWR,NASDAQ:MPWR,-0.206,"$1,776.92",
NASDAQ:MRAM,19 Jan 2026,$10.62,3,$10.50,8,,$16.60,-36.75%,,,,,-100.00%,-$2.00,-112.05%,-$2.00,-112.05%,MRAM,NASDAQ:MRAM,-2.000,,
NASDAQ:MRVL,15 Jan 2026,$93.91,4,$119.56,10,1.61,$209.32,-55.14%,,,,$200.55,-4.19%,$232.02,10.85%,$250.94,19.88%,MRVL,NASDAQ:MRVL,-0.466,$253.69,-52.87%
NASDAQ:MRX,10 Sep 2025,$29.58,2,,,3.38,$64.24,-53.96%,,,,$68.24,6.23%,-$32.23,-150.17%,-$23.55,-136.66%,MRX,NASDAQ:MRX,0.341,$72.38,
NYSE:MS,27 Aug 2025,$131.18,2,,,2.99,$215.18,-39.04%,,,,$224.11,4.15%,$0.00,-100.00%,$0.00,-100.00%,MS,NYSE:MS,0.178,$232.43,
NYSE:MSB,1 Sep 2025,$30.89,1,,,2.75,$22.77,35.66%,,,,$22.10,-2.94%,"$831,634.32",3652224.62%,"$831,634.32",3652224.62%,MSB,NYSE:MSB,0.000,$33.00,
NASDAQ:MSBI,2 Oct 2025,$21.79,3,$20.67,3,4.04,$30.97,-33.26%,,,,$32.48,4.88%,-$211.54,-783.06%,-$206.20,-765.81%,MSBI,NASDAQ:MSBI,0.664,$30.75,-32.78%
NYSE:MSCI,24 Oct 2025,$568.24,3,,,3.10,$552.51,2.85%,,,,$583.75,5.65%,$725.17,31.25%,$773.95,40.08%,MSCI,NYSE:MSCI,0.182,$704.59,
NASDAQ:MSFT,26 Jan 2026,$49.22,3,,,2.61,$381.58,-87.10%,,,,$392.04,2.74%,$501.02,31.30%,$588.27,54.17%,MSFT,NASDAQ:MSFT,-0.063,$556.75,
NYSE:MSI,2 Feb 2026,$451.69,3,$462.25,8,3.24,$407.02,10.97%,,,,$418.40,2.80%,$477.15,17.23%,$531.59,30.61%,MSI,NYSE:MSI,0.253,$507.00,-8.83%
NASDAQ:MSTR,9 Feb 2026,$240.05,3,$361.73,4,0.76,$93.63,156.38%,,,,$95.49,1.99%,-$31.32,-133.45%,-$29.79,-131.81%,MSTR,NASDAQ:MSTR,-0.885,$303.64,19.13%
NYSE:MT,29 Apr 2026,$53.35,2,$66.60,9,2.82,$66.12,-19.31%,,,,$68.11,3.01%,$57.01,-13.77%,$90.20,36.42%,MT,NYSE:MT,0.108,$70.05,-4.93%
NYSE:MTB,20 Oct 2025,$182.98,3,$219.71,4,2.65,$245.97,-25.61%,,,,$255.11,3.72%,$0.00,-100.00%,$0.00,-100.00%,MTB,NYSE:MTB,0.040,$252.47,-12.98%
NYSE:MTDR,19 Aug 2025,$64.64,3,$62.88,4,2.78,$51.71,21.60%,,,,$56.53,9.32%,$13.51,-73.88%,$102.49,98.19%,MTDR,NYSE:MTDR,0.028,$69.37,-9.36%
NYSE:MTG,16 Jul 2024,$24.62,3,,,2.65,$28.96,-14.99%,,,,$29.65,2.38%,$64.48,122.64%,$64.85,123.92%,MTG,NYSE:MTG,0.046,$28.80,
NASDAQ:MTRX,23 Jan 2026,$15.94,3,,1,5.00,$12.83,24.21%,,,,$0.00,-100.00%,$43.80,241.39%,$46.82,264.91%,MTRX,NASDAQ:MTRX,-1.000,$20.00,
NASDAQ:MTSI,27 Jan 2026,$193.58,2,$204.75,8,5.00,$282.82,-31.55%,,,,$0.00,-100.00%,$306.21,8.27%,$314.25,11.11%,MTSI,NASDAQ:MTSI,-1.000,$400.92,-48.93%
NYSE:MTW,20 Sep 2024,$13.92,3,,,1.24,$14.02,-0.71%,,,,$13.09,-6.63%,$5.01,-64.27%,$26.41,88.36%,MTW,NYSE:MTW,-0.526,$10.50,
NYSE:MTZ,4 Sep 2024,$99.99,3,,,4.81,$358.86,-72.14%,,,,$0.00,-100.00%,$293.34,-18.26%,$375.00,4.50%,MTZ,NYSE:MTZ,-1.000,$488.87,
NYSE:MUFG,21 Oct 2025,$13.65,3,,10,,$22.62,-39.66%,,,,,-100.00%,-$2.00,-108.84%,-$2.00,-108.84%,MUFG,NYSE:MUFG,-2.000,,
NYSE:MUX,20 Aug 2025,$12.92,3,$15.83,6,5.00,$17.59,-26.53%,,,,$0.00,-100.00%,$16.50,-6.22%,$17.25,-1.94%,MUX,NYSE:MUX,-1.000,$32.10,-50.69%
NASDAQ:MVIS,5 Feb 2026,$1.11,4,,1,5.00,$0.28,297.89%,,,,$0.00,-100.00%,-$0.26,-191.95%,-$0.21,-174.17%,MVIS,NASDAQ:MVIS,-1.000,$2.00,
NYSE:MWA,13 Nov 2025,$22.51,2,$27.20,1,2.72,$24.88,-9.54%,,,,$25.53,2.61%,$43.99,76.80%,$49.91,100.60%,MWA,NYSE:MWA,0.023,$31.00,-12.26%
NYSE:MX,9 Feb 2026,$4.11,3,,3,,$3.65,12.60%,,,,,-100.00%,-$2.00,-154.79%,-$2.00,-154.79%,MX,NYSE:MX,-2.000,,
NASDAQ:MXCT,23 Dec 2025,$2.30,3,$6.84,,0.54,$1.12,105.00%,,,,$1.05,-6.25%,$0.32,-71.33%,$1.01,-10.18%,MXCT,NASDAQ:MXCT,-0.983,$4.11,66.42%
NASDAQ:MXL,19 Jan 2026,$27.04,4,$22.00,4,2.05,$91.24,-75.89%,,,,$0.00,-100.00%,$87.98,-3.57%,$84.77,-7.09%,MXL,NASDAQ:MXL,-1.000,$73.82,-70.20%
NYSEAMERICAN:MYO,16 Dec 2025,$1.00,1,,,,$1.00,0.00%,,,,,-100.00%,-$2.00,-300.00%,-$2.00,-300.00%,MYO,NYSEAMERICAN:MYO,-2.000,,
NASDAQ:MYRG,25 Sep 2024,$129.33,3,,,0.83,$407.40,-68.26%,,,,$384.15,-5.71%,$618.31,51.77%,$693.08,70.12%,MYRG,NASDAQ:MYRG,-0.786,$445.50,
NYSE:NABL,5 Feb 2026,$8.30,3,$9.65,5,5.00,$3.89,113.27%,,,,$0.00,-100.00%,$5.95,53.06%,$8.85,127.53%,NABL,NYSE:NABL,-1.000,$6.85,40.88%
NYSEAMERICAN:NAK,3 Sep 2025,$1.18,,$2.50,4,,$1.71,-30.99%,,,,,-100.00%,-$2.00,-216.96%,-$2.00,-216.96%,NAK,NYSEAMERICAN:NAK,-2.000,,
NASDAQ:NAVI,23 Aug 2025,$18.59,4,$13.20,6,3.50,$8.44,56.40%,,,,$8.96,6.16%,-$394.43,-4773.40%,-$386.12,-4674.82%,NAVI,NASDAQ:NAVI,0.408,$9.06,45.70%
NASDAQ:NB,12 Aug 2025,$5.09,3,,,5.00,$4.36,16.65%,,,,$0.00,-100.00%,$6.62,51.80%,$6.62,51.83%,NB,NASDAQ:NB,-1.000,$11.72,
NASDAQ:NBBK,28 Nov 2025,$21.28,3,$22.00,9,0.37,$22.29,-4.53%,,,,$19.43,-12.83%,-$81.41,-465.25%,-$78.92,-454.05%,NBBK,NASDAQ:NBBK,-0.988,$24.00,-8.33%
NYSE:NBHC,6 Oct 2025,$47.71,4,$44.75,5,3.17,$43.16,3.68%,,,,$45.53,5.49%,-$143.27,-431.94%,-$134.33,-411.23%,NBHC,NYSE:NBHC,0.244,$49.50,-9.60%
NASDAQ:NBN,27 May 2026,$126.48,3,$130.50,8,0.76,$127.82,-1.05%,,,,$124.61,-2.51%,-$294.78,-330.62%,-$288.73,-325.89%,NBN,NASDAQ:NBN,-0.812,$136.50,-4.40%
NASDAQ:NBTB,2 Oct 2025,$49.04,3,$50.67,4,2.83,$51.32,-4.44%,,,,$53.33,3.92%,-$158.33,-408.51%,-$150.76,-393.76%,NBTB,NASDAQ:NBTB,0.125,$51.42,-1.46%
NASDAQ:NCNA,7 Jul 2025,$0.15,3,,,,$1.33,-89.10%,,,,,-100.00%,-$2.00,-250.38%,-$2.00,-250.38%,NCNA,NASDAQ:NCNA,-2.000,,
NASDAQ:NECB,2 Oct 2025,$25.63,3,$25.00,2,2.54,$26.45,-5.48%,,,,$26.50,0.19%,-$38.17,-244.31%,-$36.76,-238.99%,NECB,NASDAQ:NECB,-0.031,$29.75,-15.97%
NYSE:NEM,21 Jul 2025,$58.12,3,$67.81,10,3.12,$94.72,-38.64%,,,,$98.87,4.38%,$212.15,123.98%,$242.19,155.69%,NEM,NYSE:NEM,0.166,$131.38,-48.39%
NASDAQ:NEO,2 Sep 2025,$7.13,3,$9.83,6,3.70,$14.24,-49.91%,,,,$0.00,-100.00%,$12.10,-15.02%,$12.77,-10.35%,NEO,NASDAQ:NEO,-1.000,$16.22,-39.40%
NYSE:NET,22 Jan 2026,$169.89,3,$246.25,6,2.93,$262.32,-35.24%,,,,$0.00,-100.00%,$266.81,1.71%,$273.66,4.32%,NET,NYSE:NET,-1.000,$258.87,-4.88%
NASDAQ:NEWT,19 Nov 2025,$11.21,4,$14.38,4,4.10,$14.32,-21.72%,,,,$15.42,7.68%,$0.00,-100.00%,$0.00,-100.00%,NEWT,NASDAQ:NEWT,0.644,$17.20,-16.40%
NASDAQ:NFLX,8 Jul 2024,$571.61,2,,,5.00,$68.89,729.74%,,,,$0.00,-100.00%,$87.68,27.27%,$157.10,128.05%,NFLX,NASDAQ:NFLX,-1.000,$97.70,
NYSE:NGG,19 Sep 2025,$70.94,3,$78.00,8,,$82.37,-13.88%,,,,,-100.00%,-$2.00,-102.43%,-$2.00,-102.43%,NGG,NYSE:NGG,-2.000,,
NYSE:NGL,22 Jan 2026,$10.10,1,,,1.06,$16.08,-37.19%,,,,$15.65,-2.67%,$11.32,-29.63%,$37.78,134.97%,NGL,NYSE:NGL,-0.572,$5.00,
NYSE:NGVC,20 Mar 2026,$44.77,3,,4,2.05,$29.35,52.53%,,,,$30.75,4.77%,$21.22,-27.71%,$44.55,51.78%,NGVC,NYSE:NGVC,-0.313,$46.33,
NYSE:NGVT,2 Oct 2025,$58.97,4,$60.67,7,0.62,$73.76,-20.05%,,,,$71.80,-2.66%,$96.32,30.59%,$61.51,-16.61%,NGVT,NYSE:NGVT,-0.906,$89.00,-31.83%
NYSE:NIC,2 Oct 2025,$118.87,3,$139.67,4,1.95,$168.91,-29.63%,,,,$166.19,-1.61%,-$375.60,-322.37%,-$367.76,-317.72%,NIC,NYSE:NIC,-0.282,$180.00,-22.41%
NASDAQ:NICE,11 Feb 2026,$180.97,3,$158.57,6,5.00,$86.82,82.64%,,,,$0.00,-100.00%,$259.59,199.00%,$327.26,276.94%,NICE,NASDAQ:NICE,-1.000,$131.43,20.65%
NYSE:NIO,15 Dec 2025,$5.32,3,$6.36,6,,$4.64,14.68%,,,,,-100.00%,-$2.00,-143.10%,-$2.00,-143.10%,NIO,NYSE:NIO,-2.000,,
NASDAQ:NIU,15 Dec 2025,$4.01,4,,5,,$2.56,56.69%,,,,,-100.00%,-$2.00,-178.13%,-$2.00,-178.13%,NIU,NASDAQ:NIU,-2.000,,
NYSE:NKE,26 Mar 2026,$81.79,5,$73.31,3,3.61,$40.99,78.85%,,,,$44.12,7.64%,$63.01,53.72%,$69.47,69.48%,NKE,NYSE:NKE,0.417,$51.12,43.41%
NYSE:NLOP,23 Jul 2026,$12.12,3,,6,4.79,$11.67,3.81%,3.81%,$12.12,$46.00,$12.60,7.97%,$47.96,310.96%,$68.08,483.42%,NLOP,NYSE:NLOP,0.907,$46.00,
NASDAQ:NMFC,10 Jun 2024,$13.42,3,,,3.46,$6.82,96.77%,,,,$7.26,6.45%,$175.79,2477.54%,$195.24,2762.72%,NMFC,NASDAQ:NMFC,0.346,$8.54,
NASDAQ:NMIH,6 Mar 2024,$30.63,3,,,2.62,$41.58,-26.33%,,,,$42.62,2.50%,"-$16,670.93",-40193.64%,"-$16,668.72",-40188.31%,NMIH,NASDAQ:NMIH,0.002,$47.00,
NYSE:NMM,5 Mar 2026,$85.02,4,,,1.80,$76.82,10.67%,,,,$73.73,-4.02%,$42.41,-44.79%,$145.82,89.81%,NMM,NYSE:NMM,-0.378,$92.75,
NYSE:NMR,15 Oct 2025,$6.87,3,,7,3.50,$9.77,-29.68%,,,,$10.15,3.89%,"$3,283.88",33511.91%,"$3,494.91",35671.83%,NMR,NYSE:NMR,0.413,$10.20,
NASDAQ:NNE,28 Oct 2025,$34.69,3,,,5.00,$16.88,105.51%,,,,$0.00,-100.00%,$20.03,18.68%,$20.05,18.81%,NNE,NASDAQ:NNE,-1.000,$41.40,
NYSE:NNN,16 Sep 2025,$49.73,5,$44.93,5,3.21,$48.64,-7.63%,,,,$50.26,3.33%,$62.07,27.60%,$83.39,71.44%,NNN,NYSE:NNN,0.301,$46.63,-3.65%
NYSE:NOA,23 Jul 2026,$16.74,4,$18.93,7,2.78,$13.95,19.98%,19.98%,$16.74,$27.62,$14.27,2.29%,-$0.79,-105.67%,$20.45,46.59%,NOA,NYSE:NOA,0.013,$27.62,-31.46%
NYSE:NOG,19 Sep 2025,$38.23,3,$30.29,2,3.18,$21.80,38.94%,,,,$23.21,6.47%,$5.42,-75.13%,$96.19,341.24%,NOG,NYSE:NOG,0.192,$30.89,-1.94%
NYSE:NOK,28 Jan 2026,$6.27,3,$7.69,8,2.49,$9.73,-35.57%,,,,$10.31,5.96%,$12.62,29.72%,$14.42,48.16%,NOK,NYSE:NOK,-0.116,$15.16,-49.27%
NYSE:NOMD,27 Apr 2026,$15.76,3,$12.80,5,2.85,$11.65,9.87%,,,,$12.43,6.70%,-$9.91,-185.03%,-$1.94,-116.66%,NOMD,NYSE:NOMD,0.111,$12.74,0.47%
NYSE:NOTE,13 Nov 2025,$4.93,3,$6.00,4,,#N/A,#N/A,,,,,#N/A,-$2.00,#N/A,-$2.00,#N/A,NOTE,NYSE:NOTE,-2.000,,
NYSE:NOV,21 Jul 2025,$17.42,3,$15.75,4,2.78,$20.13,-21.76%,,,,$20.96,4.12%,$37.72,87.36%,$17.20,-14.56%,NOV,NYSE:NOV,0.083,$21.75,-27.59%
NASDAQ:NOVT,30 Jan 2026,$158.93,3,$138.00,6,4.11,$143.26,-3.67%,,,,$0.00,-100.00%,$188.02,31.25%,$203.50,42.05%,NOVT,NASDAQ:NOVT,-1.000,$175.00,-21.14%
NASDAQ:NPCE,11 Dec 2025,$17.05,3,$18.40,5,4.81,$14.68,16.18%,,,,$0.00,-100.00%,$11.73,-20.06%,$12.31,-16.12%,NPCE,NASDAQ:NPCE,-1.000,$20.00,-8.00%
NYSE:NPO,29 Oct 2025,$196.10,1,$245.00,5,2.51,$336.95,-41.80%,,,,$338.08,0.34%,$342.50,1.65%,$392.35,16.44%,NPO,NYSE:NPO,-0.034,$359.25,-31.80%
NYSE:NPWR,11 Nov 2025,$5.54,3,$4.00,3,5.00,$1.47,172.11%,,,,$0.00,-100.00%,-$1.07,-172.78%,$5.79,294.00%,NPWR,NYSE:NPWR,-1.000,$3.13,27.80%
NYSE:NRG,18 Sep 2025,$102.90,1,,,2.55,$142.99,-28.04%,,,,$132.75,-7.16%,$69.34,-51.51%,$121.41,-15.09%,NRG,NYSE:NRG,-0.083,$197.53,
NASDAQ:NRIM,27 May 2026,$24.39,3,,6,3.08,$27.15,-10.17%,,,,$28.63,5.45%,-$31.85,-217.33%,-$29.51,-208.71%,NRIM,NASDAQ:NRIM,0.211,$30.00,
NYSE:NSA,19 Aug 2025,$45.71,3,$33.59,2,,$43.41,-22.62%,,,,,-100.00%,-$2.00,-104.61%,-$2.00,-104.61%,NSA,NYSE:NSA,-2.000,,
NYSE:NSC,31 May 2024,$224.71,3,,,2.30,$348.55,-35.53%,,,,$333.69,-4.26%,$267.69,-23.20%,$267.55,-23.24%,NSC,NYSE:NSC,-0.109,$341.72,
NASDAQ:NSIT,11 Feb 2026,$144.78,3,$100.00,6,2.65,$115.66,-13.54%,,,,$0.00,-100.00%,-$90.91,-178.60%,-$55.78,-148.23%,NSIT,NASDAQ:NSIT,-1.000,$107.50,-6.98%
NASDAQ:NTCT,19 Jan 2026,$29.00,3,$32.00,8,3.50,$39.45,-26.49%,,,,$0.00,-100.00%,$163.08,313.38%,$178.65,352.85%,NTCT,NASDAQ:NTCT,-1.000,$43.38,-26.23%
NASDAQ:NTGR,5 Feb 2026,$23.48,3,,,0.68,$25.05,-6.28%,,,,$23.11,-7.74%,$98.98,295.14%,$28.70,14.58%,NTGR,NASDAQ:NTGR,-0.919,$35.00,
NASDAQ:NTLA,20 Nov 2025,$23.74,3,$15.97,5,5.00,$11.10,43.87%,,,,$0.00,-100.00%,$4.01,-63.83%,$4.20,-62.20%,NTLA,NASDAQ:NTLA,-1.000,$26.17,-38.98%
NYSE:NU,21 Oct 2025,$17.44,3,$17.38,9,4.32,$14.19,22.48%,,,,$0.00,-100.00%,$28.25,99.09%,$28.53,101.04%,NU,NYSE:NU,-1.000,$17.94,-3.12%
NYSE:NUE,20 Aug 2024,$172.03,4,,,2.51,$241.15,-28.66%,,,,$237.53,-1.50%,$237.61,-1.47%,$293.51,21.71%,NUE,NYSE:NUE,-0.042,$267.12,
NASDAQ:NVA,11 Dec 2025,$9.58,3,,7,,#N/A,#N/A,,,,,#N/A,-$2.00,#N/A,-$2.00,#N/A,NVA,NASDAQ:NVA,-2.000,,
NASDAQ:NVAX,23 Dec 2025,$9.60,3,$10.00,6,5.00,$7.83,22.63%,,,,$0.00,-100.00%,$34.50,340.56%,$36.65,368.03%,NVAX,NASDAQ:NVAX,-1.000,$14.11,-29.13%
NASDAQ:NVCR,11 Dec 2025,$13.87,3,$27.00,2,4.15,$19.99,-30.62%,,,,$0.00,-100.00%,$17.89,-10.51%,$14.30,-28.47%,NVCR,NASDAQ:NVCR,-1.000,$24.57,9.89%
NASDAQ:NVDA,4 Jan 2026,$195.15,3,$262.79,8,0.74,$208.76,-6.52%,,,,$199.17,-4.59%,$330.43,58.28%,$332.98,59.50%,NVDA,NASDAQ:NVDA,-0.894,$302.31,-13.07%
NASDAQ:NVEC,19 Jan 2026,$71.83,4,,2,,$134.21,-46.48%,,,,,-100.00%,-$2.00,-101.49%,-$2.00,-101.49%,NVEC,NASDAQ:NVEC,-2.000,,
NASDAQ:NVMI,24 Oct 2025,$305.31,3,$328.75,7,4.63,$455.37,-32.95%,,,,$0.00,-100.00%,$513.77,12.82%,$525.59,15.42%,NVMI,NASDAQ:NVMI,-1.000,$603.38,-45.52%
NYSE:NVO,20 Aug 2025,$67.89,3,$68.50,6,,$48.18,40.92%,,,,,-100.00%,-$2.00,-104.15%,-$2.00,-104.15%,NVO,NYSE:NVO,-2.000,,
NYSE:NVR,8 Jul 2024,"$6,194.00",2,,,3.73,"$6,155.02",0.63%,,,,$0.00,-100.00%,"$11,050.52",79.54%,"$11,142.31",81.03%,NVR,NYSE:NVR,-1.000,"$7,050.00",
NYSE:NVRI,31 May 2024,$10.35,3,,,2.66,$22.53,-54.08%,,,,$0.00,-100.00%,-$46.42,-306.05%,$23.77,5.51%,NVRI,NYSE:NVRI,-1.000,$21.00,
NYSE:NVST,20 Aug 2025,$24.25,4,$22.30,9,3.62,$26.17,-14.79%,,,,$0.00,-100.00%,$35.44,35.41%,$27.89,6.56%,NVST,NYSE:NVST,-1.000,$29.43,-24.23%
NYSE:NVT,19 Aug 2025,$88.41,3,,,2.92,$158.78,-44.32%,,,,$163.39,2.90%,$163.94,3.25%,$171.60,8.08%,NVT,NYSE:NVT,0.120,$190.60,
NASDAQ:NVTS,5 Feb 2026,$8.26,3,$8.00,5,4.01,$12.03,-33.50%,,,,$0.00,-100.00%,$12.75,6.02%,$13.77,14.44%,NVTS,NASDAQ:NVTS,-1.000,$14.46,-44.67%
NASDAQ:NVX,11 Dec 2025,$1.56,3,,4,,$0.42,271.43%,,,,,-100.00%,-$2.00,-576.19%,-$2.00,-576.19%,NVX,NASDAQ:NVX,-2.000,,
NASDAQ:NWBI,18 Mar 2026,$14.02,3,$13.00,7,4.17,$15.29,-14.98%,,,,$16.08,5.17%,-$69.25,-552.90%,-$69.25,-552.90%,NWBI,NASDAQ:NWBI,0.723,$15.00,-13.33%
NYSE:NWG,27 May 2026,$16.57,3,$18.20,9,3.15,$17.86,-7.21%,,,,$18.82,5.38%,-$114.24,-739.62%,-$112.19,-728.17%,NWG,NYSE:NWG,0.235,$20.48,-11.13%
NYSE:NWN,6 Feb 2026,$46.99,3,$53.50,7,3.47,$51.33,-8.46%,,,,$52.95,3.16%,-$70.08,-236.54%,$14.83,-71.10%,NWN,NYSE:NWN,0.381,$57.40,-6.79%
NYSE:NX,16 Aug 2025,$26.24,3,,1,2.77,$18.26,43.72%,,,,$19.00,4.05%,$3.49,-80.87%,$29.71,62.71%,NX,NYSE:NX,0.008,$27.25,
NYSE:NXE,24 Oct 2025,$8.68,3,,,0.57,$9.37,-7.36%,,,,$8.82,-5.87%,$8.91,-4.87%,$8.92,-4.81%,NXE,NYSE:NXE,-0.971,$18.98,
NASDAQ:NXPI,27 Jan 2026,$261.92,5,$258.76,9,3.31,$277.29,-6.68%,,,,$286.64,3.37%,$334.83,20.75%,$364.79,31.56%,NXPI,NASDAQ:NXPI,0.307,$313.24,-17.39%
NYSE:NXRT,25 Aug 2025,$38.18,4,$36.33,3,3.70,$25.92,40.16%,,,,$27.09,4.51%,$21.92,-15.45%,$85.14,228.49%,NXRT,NYSE:NXRT,0.476,$30.20,20.30%
NASDAQ:NXTC,28 Oct 2025,$22.52,3,$20.00,,5.00,$4.18,378.47%,,,,$0.00,-100.00%,-$24.71,-691.26%,-$23.04,-651.15%,NXTC,NASDAQ:NXTC,-1.000,$20.00,0.00%
NYSE:O,23 Sep 2025,$70.69,5,$62.00,9,3.79,$64.72,-4.20%,,,,$67.81,4.77%,$80.15,23.85%,$124.47,92.32%,O,NYSE:O,0.540,$68.16,-9.04%
NYSE:OBK,10 Mar 2026,$48.92,3,$46.67,5,2.89,$52.54,-11.17%,,,,$52.67,0.25%,-$179.52,-441.69%,-$174.58,-432.27%,OBK,NYSE:OBK,0.144,$54.60,-14.52%
NASDAQ:OBT,2 Oct 2025,$34.16,3,$29.00,4,3.27,$37.24,-22.13%,,,,$38.89,4.43%,$0.00,-100.00%,$0.00,-100.00%,OBT,NASDAQ:OBT,0.305,$39.50,-26.58%
NYSE:OC,30 Sep 2024,$164.18,3,,,3.38,$138.95,18.16%,,,,$146.89,5.71%,$299.41,115.48%,$351.79,153.18%,OC,NYSE:OC,0.328,$164.21,
NASDAQ:OCC,10 Feb 2026,$3.85,3,,3,,$15.77,-75.56%,,,,,-100.00%,-$2.00,-112.68%,-$2.00,-112.68%,OCC,NASDAQ:OCC,-2.000,,
NYSE:OFG,27 May 2026,$53.57,3,$47.00,7,2.65,$52.43,-10.36%,,,,$54.08,3.15%,$0.00,-100.00%,$0.00,-100.00%,OFG,NYSE:OFG,0.049,$51.00,-7.84%
NYSE:OGE,22 Jan 2026,$43.01,2,$46.14,7,2.86,$49.61,-13.30%,,,,$50.25,1.29%,$15.49,-68.79%,$16.76,-66.22%,OGE,NYSE:OGE,0.133,$50.67,-8.94%
NYSE:OGS,19 Jun 2026,$79.20,3,$87.00,5,2.90,$79.98,-0.98%,,,,$81.85,2.34%,$7.38,-90.77%,$88.29,10.39%,OGS,NYSE:OGS,0.124,$91.25,-4.66%
NYSE:OHI,23 Dec 2025,$49.04,5,$46.80,9,3.39,$50.97,-8.18%,,,,$52.42,2.84%,$78.81,54.62%,$97.41,91.11%,OHI,NYSE:OHI,0.373,$50.89,-8.04%
NYSE:OI,26 Mar 2026,$12.61,4,$18.00,6,0.67,$8.94,41.11%,,,,$8.56,-4.25%,-$0.55,-106.18%,$40.13,348.93%,OI,NYSE:OI,-0.925,$12.44,44.69%
NYSE:OKE,29 Apr 2026,$98.03,4,$92.57,10,3.30,$93.23,-0.71%,,,,$95.46,2.39%,$35.57,-61.85%,$74.09,-20.53%,OKE,NYSE:OKE,0.328,$96.05,-3.62%
NASDAQ:OLED,24 Feb 2026,$147.14,3,$151.67,6,2.97,$79.42,85.27%,,,,$84.49,6.38%,$169.01,112.81%,$182.04,129.21%,OLED,NASDAQ:OLED,0.099,$125.89,20.48%
NASDAQ:OM,4 Dec 2025,$4.31,1,,1,,$4.23,1.89%,,,,,-100.00%,-$2.00,-147.28%,-$2.00,-147.28%,OM,NASDAQ:OM,-2.000,,
NASDAQ:OMAB,1 Jun 2026,$112.42,4,$134.00,6,3.34,$104.14,7.95%,,,,$109.68,5.32%,$167.76,61.09%,$187.58,80.12%,OMAB,NASDAQ:OMAB,0.306,$124.78,7.39%
NASDAQ:ON,5 Feb 2026,$68.86,3,,,4.28,$90.13,-23.60%,,,,$0.00,-100.00%,$108.61,20.50%,$134.47,49.19%,ON,NASDAQ:ON,-1.000,$113.12,
NASDAQ:ONB,20 Mar 2026,$23.78,3,$27.78,4,3.03,$26.11,-8.91%,,,,$26.96,3.26%,-$103.84,-497.69%,-$97.75,-474.36%,ONB,NASDAQ:ONB,0.195,$28.55,-2.70%
NYSE:ONIT,26 Mar 2025,$40.67,4,$42.50,5,4.96,$38.79,4.85%,,,,$0.00,-100.00%,"-$1,115.06",-2974.61%,"-$1,101.25",-2939.00%,ONIT,NYSE:ONIT,-1.000,$54.00,-21.30%
NYSE:ONON,15 Aug 2025,$41.55,2,,,5.00,$34.84,19.26%,,,,$0.00,-100.00%,$40.50,16.26%,$50.05,43.67%,ONON,NYSE:ONON,-1.000,$51.86,
NYSE:ONTO,9 Feb 2026,$215.21,4,$201.67,8,4.34,$291.27,-30.76%,,,,$0.00,-100.00%,$318.88,9.48%,$337.00,15.70%,ONTO,NYSE:ONTO,-1.000,$369.60,-45.44%
NYSEAMERICAN:OPTT,13 Nov 2025,$0.44,1,$1.50,5,,$0.18,144.44%,,,,,-100.00%,-$2.00,-1211.11%,-$2.00,-1211.11%,OPTT,NYSEAMERICAN:OPTT,-2.000,,
NYSE:OPY,16 Jun 2026,$115.64,4,,9,2.50,$109.85,5.27%,,,,$112.62,2.52%,$199.91,81.98%,$259.39,136.13%,OPY,NYSE:OPY,0.065,$37.00,
NYSE:ORI,28 Apr 2026,$42.27,3,$42.00,3,3.99,$41.32,1.65%,,,,$43.57,5.45%,$54.54,32.00%,$54.67,32.30%,ORI,NYSE:ORI,0.636,$42.00,0.00%
NASDAQ:ORKA,23 Aug 2025,$26.17,3,,,3.09,$91.95,-71.53%,,,,$96.77,5.24%,$0.00,-100.00%,$0.00,-100.00%,ORKA,NASDAQ:ORKA,0.149,$148.17,
NASDAQ:ORRF,19 Nov 2025,$37.94,3,$40.50,8,2.77,$41.96,-9.58%,,,,$42.46,1.19%,-$130.45,-410.90%,-$118.98,-383.56%,ORRF,NASDAQ:ORRF,0.095,$42.25,-4.14%
NASDAQ:OSBC,28 Apr 2026,$22.52,3,$25.00,7,2.96,$23.51,-4.21%,,,,$24.15,2.72%,$0.00,-100.00%,$0.00,-100.00%,OSBC,NASDAQ:OSBC,0.165,$25.33,-1.30%
NASDAQ:OSIS,27 Jan 2026,$261.70,2,$287.33,6,0.60,$214.39,22.07%,,,,$199.66,-6.87%,$172.48,-19.55%,$211.63,-1.29%,OSIS,NASDAQ:OSIS,-0.955,$298.14,-3.63%
NASDAQ:OSPN,10 Feb 2026,$17.74,3,,4,3.25,$14.75,20.26%,,,,$15.86,7.53%,$42.97,191.29%,$47.06,219.03%,OSPN,NASDAQ:OSPN,0.286,$16.25,
NYSEAMERICAN:OSTX,23 Dec 2025,$1.60,1,$11.50,1,,$1.56,2.56%,,,,,-100.00%,-$2.00,-228.21%,-$2.00,-228.21%,OSTX,NYSEAMERICAN:OSTX,-2.000,,
NASDAQ:OSW,29 Nov 2024,$17.98,3,,,,$25.79,-30.29%,,,,,-100.00%,-$2.00,-107.75%,-$2.00,-107.75%,OSW,NASDAQ:OSW,-2.000,,
NASDAQ:OTEX,19 Jan 2026,$32.75,3,$38.78,2,3.12,$21.52,52.17%,,,,$23.45,8.97%,$66.33,208.20%,$106.62,395.44%,OTEX,NASDAQ:OTEX,0.177,$29.00,33.72%
NYSE:OTIS,29 Oct 2025,$94.34,3,$105.25,6,3.66,$70.77,33.31%,,,,$74.30,4.99%,$96.50,36.36%,$103.72,46.56%,OTIS,NYSE:OTIS,0.412,$96.00,9.64%
NASDAQ:OUST,5 Feb 2026,$21.62,3,$37.00,8,4.92,$37.69,-42.63%,,,,$0.00,-100.00%,$35.89,-4.79%,$36.90,-2.10%,OUST,NASDAQ:OUST,-1.000,$52.14,-29.04%
NYSE:OVV,18 Aug 2025,$55.37,3,,,3.07,$61.39,-9.81%,,,,$62.12,1.19%,$78.51,27.89%,$150.37,144.94%,OVV,NYSE:OVV,0.198,$70.68,
NASDAQ:OXSQ,19 Aug 2025,$2.97,4,$2.50,4,3.66,$1.44,73.61%,,,,$1.54,6.94%,$3.70,157.02%,"$1,775,745.30",123315545.99%,OXSQ,NASDAQ:OXSQ,0.444,$1.75,42.86%
NYSE:OXY,2 Jul 2026,$55.97,4,$64.21,8,3.10,$57.60,-2.82%,-2.82%,$55.97,$64.26,$59.07,2.55%,$67.48,17.16%,$103.60,79.86%,OXY,NYSE:OXY,0.217,$64.26,-0.08%
NASDAQ:OZK,2 Oct 2025,$49.29,3,$59.63,8,2.99,$50.12,-1.66%,,,,$53.02,5.79%,$0.00,-100.00%,$0.00,-100.00%,OZK,NASDAQ:OZK,0.180,$53.56,11.33%
NYSE:PAC,13 Jun 2025,$210.00,3,$236.70,6,3.41,$215.45,-2.53%,,,,$226.74,5.24%,$291.09,35.11%,$373.07,73.16%,PAC,NYSE:PAC,0.328,$267.91,-11.65%
NASDAQ:PACB,11 Dec 2025,$2.97,3,$2.30,5,5.00,$1.40,64.29%,,,,$0.00,-100.00%,-$2.51,-279.50%,$28.81,1958.21%,PACB,NASDAQ:PACB,-1.000,$2.46,-6.50%
NASDAQ:PANW,20 Aug 2025,$177.95,3,,,3.09,$325.63,-45.35%,,,,$0.00,-100.00%,$379.90,16.67%,$414.65,27.34%,PANW,NASDAQ:PANW,-1.000,$331.34,
NYSE:PAR,19 Aug 2025,$40.18,2,,,5.00,$15.54,158.53%,,,,$0.00,-100.00%,$5.57,-64.13%,$15.25,-1.90%,PAR,NYSE:PAR,-1.000,$26.81,
NASDAQ:PAX,13 Nov 2025,$16.56,3,$16.00,6,3.74,$10.79,48.29%,,,,$11.54,6.95%,$30.09,178.86%,$31.35,190.55%,PAX,NASDAQ:PAX,0.441,$15.57,2.76%
NYSE:PAYC,26 Mar 2026,$152.82,3,$150.36,7,2.14,$138.70,8.41%,,,,$139.44,0.53%,$294.92,112.63%,$364.79,163.01%,PAYC,NYSE:PAYC,-0.204,$151.50,-0.75%
NASDAQ:PAYO,3 Sep 2025,$7.80,3,$10.50,7,3.20,$7.12,9.49%,,,,$0.00,-100.00%,-$11.47,-261.06%,-$8.80,-223.61%,PAYO,NASDAQ:PAYO,-1.000,$7.40,41.89%
NASDAQ:PAYS,11 Feb 2026,$3.74,3,$9.00,7,0.92,$8.39,-55.44%,,,,$8.59,2.38%,$23.26,177.27%,$26.21,212.41%,PAYS,NASDAQ:PAYS,-0.765,$9.95,-9.55%
NASDAQ:PAYX,19 Aug 2025,$129.02,2,,,2.92,$110.66,16.59%,,,,$115.52,4.39%,$163.31,47.58%,$180.71,63.30%,PAYX,NASDAQ:PAYX,0.170,$107.79,
NYSE:PB,19 Nov 2025,$75.08,4,$78.17,7,2.84,$72.68,3.30%,,,,$74.71,2.79%,-$154.68,-312.82%,-$151.22,-308.07%,PB,NYSE:PB,0.106,$79.62,-1.82%
NYSE:PBA,16 Sep 2025,$40.71,4,$41.47,8,3.11,$51.21,-20.51%,,,,$52.31,2.15%,$38.60,-24.62%,$49.59,-3.16%,PBA,NYSE:PBA,0.288,$42.38,-2.15%
NYSE:PBI,19 Aug 2025,$11.44,3,$11.50,7,2.86,$17.85,-35.90%,,,,$18.90,5.88%,$5.46,-69.44%,$18.37,2.94%,PBI,NYSE:PBI,0.147,$17.14,-32.91%
NYSE:PBR,20 Jul 2026,$19.86,5,$22.55,6,3.62,$19.00,4.53%,4.53%,$19.86,$22.58,$19.67,3.53%,$20.88,9.90%,$83.74,340.73%,PBR,NYSE:PBR,0.433,$22.58,-0.13%
NYSE:PBR.A,30 Jun 2026,$17.20,5,,,3.52,$16.88,1.90%,1.90%,$17.20,$21.76,$17.40,3.08%,$44.10,161.24%,$143.36,749.29%,PBR.A,NYSE:PBR.A,0.367,$21.76,
NYSE:PCG,14 Jul 2026,$19.14,4,$23.57,4,2.06,$17.54,9.11%,9.11%,$19.14,$23.57,$17.61,0.40%,-$25.01,-242.60%,-$23.00,-231.10%,PCG,NYSE:PCG,-0.287,$22.91,2.88%
NYSE:PCOR,27 Jan 2026,$68.73,3,$87.91,7,5.00,$41.08,67.31%,,,,$0.00,-100.00%,$51.58,25.56%,$58.77,43.05%,PCOR,NYSE:PCOR,-1.000,$67.16,30.90%
NASDAQ:PDD,20 Aug 2025,$133.52,3,$124.92,5,4.98,$83.30,49.96%,,,,$0.00,-100.00%,$203.13,143.86%,$203.30,144.06%,PDD,NASDAQ:PDD,-1.000,$116.27,7.44%
NASDAQ:PDFS,27 Jan 2026,$35.52,3,$34.75,7,0.65,$52.35,-33.62%,,,,$51.38,-1.85%,$59.86,14.35%,$59.64,13.92%,PDFS,NASDAQ:PDFS,-0.885,$62.12,-44.06%
NYSE:PDM,14 Jul 2025,$11.58,4,$8.50,6,3.26,$9.57,-11.18%,,,,$9.93,3.76%,-$6.85,-171.55%,$9.95,3.93%,PDM,NYSE:PDM,0.307,$10.00,-15.00%
NYSE:PEB,23 Dec 2025,$17.33,3,$12.00,7,2.22,$18.97,-36.74%,,,,$19.85,4.64%,$24.99,31.72%,$48.98,158.21%,PEB,NYSE:PEB,-0.130,$17.55,-31.62%
NASDAQ:PEBO,16 Jan 2026,$32.08,3,$33.17,10,3.28,$39.80,-19.39%,,,,$41.12,3.32%,-$148.03,-471.93%,-$147.31,-470.13%,PEBO,NASDAQ:PEBO,0.328,$39.17,-15.32%
NASDAQ:PEGA,11 Feb 2026,$49.55,5,$72.00,9,1.50,$26.01,90.49%,,,,$25.01,-3.84%,$79.01,203.78%,$81.06,211.64%,PEGA,NASDAQ:PEGA,-0.555,$58.18,23.75%
NYSE:PEN,11 Dec 2025,$225.97,1,$307.92,10,3.70,$317.90,-28.92%,,,,$0.00,-100.00%,$426.25,34.08%,$434.33,36.62%,PEN,NYSE:PEN,-1.000,$362.54,-15.07%
NASDAQ:PFBC,27 May 2026,$99.21,3,$107.50,5,2.48,$101.38,-2.14%,,,,$105.26,3.83%,$0.00,-100.00%,$0.00,-100.00%,PFBC,NASDAQ:PFBC,-0.037,$105.00,2.38%
NYSE:PFE,26 Mar 2026,$30.96,5,$29.07,6,3.81,$25.01,16.23%,,,,$26.01,4.00%,$19.37,-22.57%,$30.56,22.20%,PFE,NYSE:PFE,0.525,$28.75,1.11%
NYSE:PFGC,4 Sep 2025,$88.60,1,,,3.56,$110.31,-19.68%,,,,$0.00,-100.00%,$139.07,26.07%,$189.66,71.93%,PFGC,NYSE:PFGC,-1.000,$122.69,
NASDAQ:PFIS,19 Mar 2026,$59.16,3,$56.00,6,3.25,$68.01,-17.66%,,,,$70.61,3.82%,$0.00,-100.00%,$0.00,-100.00%,PFIS,NASDAQ:PFIS,0.327,$63.00,-11.11%
NYSE:PFLT,20 Feb 2026,$9.26,3,$10.25,8,3.88,#N/A,#N/A,,,,$7.44,#N/A,$7.40,#N/A,$12.50,#N/A,PFLT,NYSE:PFLT,0.552,$10.10,1.49%
NYSE:PFS,18 Nov 2025,$20.08,3,$22.00,3,3.21,$23.76,-15.49%,,,,$24.59,3.49%,-$104.19,-538.50%,-$98.14,-513.06%,PFS,NYSE:PFS,0.273,$25.75,-14.56%
NASDAQ:PFSA,11 Dec 2025,$0.26,3,,,,$1.76,-84.98%,,,,,-100.00%,-$2.00,-213.64%,-$2.00,-213.64%,PFSA,NASDAQ:PFSA,-2.000,,
NYSE:PFSI,4 Oct 2024,$102.39,3,,,2.47,$82.61,23.95%,,,,$84.61,2.42%,$531.82,543.77%,$554.07,570.70%,PFSI,NYSE:PFSI,-0.091,$102.57,
NASDAQ:PGEN,23 Dec 2025,$3.53,3,$9.00,7,0.78,$5.54,-36.21%,,,,$5.10,-7.94%,$4.40,-20.63%,$4.43,-20.02%,PGEN,NASDAQ:PGEN,-0.877,$12.45,-27.71%
NYSE:PGR,18 Sep 2025,$210.79,1,,,3.76,$207.07,1.79%,,,,$213.51,3.11%,$0.00,-100.00%,$0.00,-100.00%,PGR,NYSE:PGR,0.511,$231.95,
NYSE:PH,3 Jul 2024,$534.00,1,$759.92,6,2.58,$985.48,-45.81%,,,,$989.66,0.42%,"$1,305.45",32.47%,"$1,231.83",25.00%,PH,NYSE:PH,0.001,"$1,039.70",-26.91%
NYSE:PHG,11 Dec 2025,$35.54,3,,7,3.35,$26.03,36.55%,,,,$27.52,5.72%,$18.86,-27.53%,$35.75,37.33%,PHG,NYSE:PHG,0.295,$33.26,
NYSE:PHM,31 Mar 2026,$124.03,4,$141.83,3,2.30,$124.67,-0.52%,,,,$125.79,0.90%,$130.06,4.32%,$131.24,5.27%,PHM,NYSE:PHM,-0.136,$139.77,1.47%
NASDAQ:PI,27 Jan 2026,$144.68,2,$240.50,8,4.90,$126.82,14.09%,,,,$0.00,-100.00%,$136.78,7.85%,$144.73,14.12%,PI,NASDAQ:PI,-1.000,$175.00,37.43%
NYSE:PIPR,29 Jun 2026,$77.12,3,$97.00,3,3.54,$75.81,1.73%,1.73%,$77.12,$97.00,$80.09,5.65%,$0.00,-100.00%,$0.00,-100.00%,PIPR,NYSE:PIPR,0.404,$88.12,10.08%
NYSE:PKST,14 Jan 2026,$15.34,4,$17.00,6,,#N/A,#N/A,,,,,#N/A,-$2.00,#N/A,-$2.00,#N/A,PKST,NYSE:PKST,-2.000,,
NYSE:PL,7 Jul 2025,$5.02,3,,,5.00,$22.36,-77.55%,,,,$0.00,-100.00%,$24.31,8.73%,$23.01,2.90%,PL,NYSE:PL,-1.000,$40.10,
NASDAQ:PLAB,1 May 2026,$41.22,2,$47.00,6,4.84,$30.94,33.21%,,,,$0.00,-100.00%,$42.44,37.16%,$65.01,110.12%,PLAB,NASDAQ:PLAB,-1.000,$42.33,11.03%
NASDAQ:PLMR,16 Sep 2025,$107.46,3,,,4.35,$129.18,-16.81%,,,,$0.00,-100.00%,$152.74,18.23%,$153.23,18.62%,PLMR,NASDAQ:PLMR,-1.000,$164.00,
NYSE:PLNT,4 Sep 2025,$92.00,1,,,4.16,$54.23,69.64%,,,,$0.00,-100.00%,$107.32,97.90%,$140.95,159.92%,PLNT,NYSE:PLNT,-1.000,$66.86,
NYSE:PLOW,20 Sep 2024,$36.15,4,,,2.88,$46.11,-21.60%,,,,$47.80,3.67%,$273.26,492.63%,$359.39,679.42%,PLOW,NYSE:PLOW,0.103,$55.25,
NASDAQ:PLTR,14 Aug 2025,$120.98,1,,,5.00,$123.37,-1.94%,,,,$0.00,-100.00%,$142.40,15.43%,$142.56,15.55%,PLTR,NASDAQ:PLTR,-1.000,$183.12,
NASDAQ:PLUS,27 Oct 2025,$88.78,3,,6,4.39,$86.83,2.25%,,,,$0.00,-100.00%,$269.32,210.17%,$283.18,226.13%,PLUS,NASDAQ:PLUS,-1.000,$111.00,
NASDAQ:PLXS,27 Jan 2026,$181.83,3,,,3.60,$261.71,-30.52%,,,,$0.00,-100.00%,$242.20,-7.46%,$279.54,6.81%,PLXS,NASDAQ:PLXS,-1.000,$293.25,
NYSE:PM,25 Aug 2025,$144.36,2,,,,$191.12,-24.47%,,,,,-100.00%,-$2.00,-101.05%,-$2.00,-101.05%,PM,NYSE:PM,-2.000,,
NASDAQ:PMTS,26 Aug 2025,$22.24,3,,,,$19.59,13.53%,,,,,-100.00%,-$2.00,-110.21%,-$2.00,-110.21%,PMTS,NASDAQ:PMTS,-2.000,,
NYSE:PNC,19 Nov 2025,$182.16,3,$223.09,8,2.64,$249.26,-26.92%,,,,$257.01,3.11%,$0.00,-100.00%,$0.00,-100.00%,PNC,NYSE:PNC,0.015,$276.48,-19.31%
NASDAQ:PNFP,28 Jul 2025,$101.11,3,$121.91,7,,$99.81,1.31%,,,,,-100.00%,-$2.00,-102.00%,-$2.00,-102.00%,PNFP,NYSE:PNFP,-2.000,,
NYSE:PNNT,23 Jul 2026,,1,$5.00,4,4.79,$3.24,54.32%,54.32%,$5.00,$5.00,$3.55,9.57%,"-$12,282.47",-379188.47%,"-$12,274.56",-378944.30%,PNNT,NYSE:PNNT,0.909,$4.75,5.26%
NYSE:PNR,11 Nov 2025,$102.58,2,$124.75,7,3.26,$62.07,65.27%,,,,$64.53,3.96%,$142.55,129.66%,$153.80,147.79%,PNR,NYSE:PNR,0.248,$81.33,53.39%
NASDAQ:PODD,11 Dec 2025,$276.82,2,$381.12,9,5.00,$158.38,74.78%,,,,$0.00,-100.00%,$221.58,39.91%,$245.92,55.27%,PODD,NASDAQ:PODD,-1.000,$238.22,59.99%
NASDAQ:POET,5 Feb 2026,$6.44,3,,7,5.00,$7.60,-15.26%,,,,$0.00,-100.00%,$7.24,-4.75%,$7.28,-4.26%,POET,NASDAQ:POET,-1.000,$17.50,
NASDAQ:POOL,23 Aug 2025,$310.70,3,,,3.30,$183.33,69.47%,,,,$204.53,11.56%,$412.00,124.73%,$457.08,149.32%,POOL,NASDAQ:POOL,0.249,$252.27,
NYSE:POR,6 Feb 2026,$50.85,4,$49.60,7,3.45,$52.39,-5.33%,,,,$54.64,4.29%,-$32.29,-161.63%,$17.10,-67.36%,POR,NYSE:POR,0.399,$53.00,-6.42%
NYSE:POST,2 Apr 2026,$109.06,5,$128.50,2,4.53,$90.16,20.96%,,,,$0.00,-100.00%,$9.11,-89.90%,$102.60,13.80%,POST,NYSE:POST,-1.000,$117.67,9.20%
NASDAQ:POWI,5 Feb 2026,$72.10,3,$52.50,5,2.93,$70.87,-25.92%,,,,$75.88,7.07%,$84.26,18.89%,$89.17,25.83%,POWI,NASDAQ:POWI,0.151,$76.20,-31.10%
NASDAQ:PPC,19 Aug 2025,$43.27,2,,,3.23,$27.92,54.96%,,,,$30.07,7.70%,$68.54,145.47%,$23.20,-16.89%,PPC,NASDAQ:PPC,0.258,$33.56,
NASDAQ:PPIH,20 Apr 2026,$30.77,3,,7,4.24,$25.64,20.00%,,,,$0.00,-100.00%,$50.22,95.86%,$62.50,143.78%,PPIH,NASDAQ:PPIH,-1.000,$32.00,
NYSE:PR,11 Nov 2025,$15.75,5,$18.13,3,3.13,$21.37,-26.30%,,,,$21.99,2.90%,$21.61,1.12%,$51.37,140.39%,PR,NYSE:PR,0.219,$25.05,-27.62%
NYSE:PRA,11 Dec 2025,$26.77,3,,3,,#N/A,#N/A,,,,,#N/A,-$2.00,#N/A,-$2.00,#N/A,PRA,NYSE:PRA,-2.000,,
NASDAQ:PRCH,29 Jan 2026,$6.54,3,$18.17,8,,$11.63,-43.76%,,,,,-100.00%,-$2.00,-117.20%,-$2.00,-117.20%,PRCH,NASDAQ:PRCH,-2.000,,
NASDAQ:PRCT,11 Dec 2025,$43.52,3,$50.71,5,5.00,$17.55,147.98%,,,,$0.00,-100.00%,$15.10,-13.95%,$15.34,-12.58%,PRCT,NASDAQ:PRCT,-1.000,$29.30,73.07%
NASDAQ:PRDO,28 Apr 2026,$43.66,5,$42.00,8,3.14,$30.84,36.19%,,,,$31.24,1.30%,$106.20,244.37%,$115.59,274.82%,PRDO,NASDAQ:PRDO,0.174,$44.00,-4.55%
NASDAQ:PRGS,22 Jan 2026,$57.12,3,$59.75,7,1.47,$36.92,54.70%,,,,$37.51,1.60%,$87.43,136.82%,$132.60,259.16%,PRGS,NASDAQ:PRGS,-0.564,$50.67,17.92%
NYSE:PRIM,23 Aug 2024,$53.96,3,,,1.53,$90.63,-40.46%,,,,$85.97,-5.14%,$176.53,94.79%,$193.91,113.96%,PRIM,NYSE:PRIM,-0.540,$127.50,
NYSEAMERICAN:PRK,7 Oct 2025,$164.00,1,,,,$184.93,-11.32%,,,,,-100.00%,-$2.00,-101.08%,-$2.00,-101.08%,PRK,NYSEAMERICAN:PRK,-2.000,,
NASDAQ:PROK,10 Jul 2025,$2.60,,$4.50,7,5.00,$1.52,71.05%,,,,$0.00,-100.00%,$0.09,-94.02%,$0.16,-89.61%,PROK,NASDAQ:PROK,-1.000,$6.25,-28.00%
NASDAQ:PRSO,29 Jan 2026,$1.15,4,$3.00,,,$0.72,59.40%,,,,,-100.00%,-$2.00,-377.78%,-$2.00,-377.78%,PRSO,NASDAQ:PRSO,-2.000,,
NASDAQ:PRTH,10 Feb 2026,$10.32,3,$13.00,1,5.00,$6.25,65.14%,,,,$0.00,-100.00%,-$12.09,-293.49%,-$1.37,-121.98%,PRTH,NASDAQ:PRTH,-1.000,$10.10,28.71%
NASDAQ:PSIX,28 Apr 2026,$74.87,3,$109.00,9,0.64,$31.38,138.59%,,,,$30.36,-3.25%,$72.50,131.05%,$77.24,146.13%,PSIX,NASDAQ:PSIX,-0.938,$70.37,54.90%
NYSE:PSN,16 Feb 2026,$83.99,5,$81.64,7,,$58.46,39.65%,,,,,-100.00%,-$2.00,-103.42%,-$2.00,-103.42%,PSN,NYSE:PSN,-2.000,,
NASDAQ:PSNY,29 Nov 2024,$1.30,3,,,3.82,$15.03,-91.35%,,,,$0.00,-100.00%,$0.00,-100.00%,$0.00,-100.00%,PSNY,NASDAQ:PSNY,-1.000,$17.50,
NYSE:PSTG,19 Aug 2025,$64.73,3,,,,#N/A,#N/A,,,,$0.00,#N/A,$95.05,#N/A,$102.93,#N/A,PSTG,NYSE:PSTG,-1.000,$91.21,
NYSE:PSX,26 Jun 2026,$162.80,2,$194.00,7,2.72,$206.98,-21.35%,-21.35%,$162.80,$203.89,$219.74,6.16%,$182.31,-11.92%,$236.89,14.45%,PSX,NYSE:PSX,0.077,$203.89,-4.85%
NASDAQ:PTC,19 Jan 2026,$176.72,3,$218.00,6,5.00,$113.05,56.32%,,,,$0.00,-100.00%,$273.46,141.89%,$292.87,159.06%,PTC,NASDAQ:PTC,-1.000,$177.50,22.82%
NASDAQ:PTEN,21 Jul 2025,$10.35,3,$8.03,2,3.77,$10.34,-22.34%,,,,$11.21,8.41%,$22.09,113.68%,$32.16,211.05%,PTEN,NASDAQ:PTEN,0.486,$13.00,-38.23%
NASDAQ:PTLO,14 Jan 2026,$9.61,3,$6.30,3,5.00,$4.34,45.16%,,,,$0.00,-100.00%,-$4.83,-211.34%,-$4.33,-199.70%,PTLO,NASDAQ:PTLO,-1.000,$6.28,0.32%
NASDAQ:PUBM,29 Jan 2026,$11.75,3,$12.92,7,3.24,$12.30,-4.43%,,,,$0.00,-100.00%,$27.29,121.85%,$40.97,233.07%,PUBM,NASDAQ:PUBM,-1.000,$12.89,0.23%
NYSE:PWR,23 Aug 2025,$272.00,1,,,0.81,$653.80,-58.40%,,,,$612.86,-6.26%,$624.13,-4.54%,$736.92,12.71%,PWR,NYSE:PWR,-0.810,$756.01,
NASDAQ:PZZA,18 Sep 2025,$56.89,4,$48.40,9,3.12,$30.35,59.47%,,,,$33.57,10.61%,$18.53,-38.95%,$15.42,-49.19%,PZZA,NASDAQ:PZZA,0.205,$36.90,31.17%
NYSE:Q,9 Feb 2026,$106.61,3,,,4.30,$138.66,-23.11%,,,,$0.00,-100.00%,$0.00,-100.00%,$0.00,-100.00%,Q,NYSE:Q,-1.000,$174.75,
NASDAQ:QCOM,27 Jan 2026,$171.89,4,$193.33,6,3.37,$171.11,0.45%,,,,$182.98,6.94%,$234.59,37.10%,$250.05,46.14%,QCOM,NASDAQ:QCOM,0.299,$221.23,-12.61%
NASDAQ:QCRH,28 Apr 2026,$93.80,3,$102.67,9,1.85,$97.43,-3.73%,,,,$96.02,-1.45%,$0.00,-100.00%,$0.00,-100.00%,QCRH,NASDAQ:QCRH,-0.320,$102.00,0.66%
NASDAQ:QDEL,11 Dec 2025,$47.57,3,$27.75,6,4.18,$16.58,67.37%,,,,$0.00,-100.00%,-$7.96,-148.03%,$21.75,31.21%,QDEL,NASDAQ:QDEL,-1.000,$20.50,35.37%
NASDAQ:QFIN,9 Sep 2025,$29.99,3,$48.39,5,,$13.13,128.40%,,,,,-100.00%,-$2.00,-115.23%,-$2.00,-115.23%,QFIN,NASDAQ:QFIN,-2.000,,
NASDAQ:QLYS,10 Feb 2026,$147.47,5,$136.87,5,2.77,$133.74,2.34%,,,,$0.00,-100.00%,$301.88,125.72%,$308.12,130.38%,QLYS,NASDAQ:QLYS,-1.000,$127.46,7.38%
NASDAQ:QRVO,19 Jan 2026,$81.21,3,$100.08,6,3.27,$86.73,-6.36%,,,,$0.00,-100.00%,$255.47,194.56%,$303.94,250.44%,QRVO,NASDAQ:QRVO,-1.000,$91.46,9.42%
NASDAQ:QSI,11 Dec 2025,$1.94,3,$2.83,2,5.00,$0.79,146.11%,,,,$0.00,-100.00%,-$0.30,-137.81%,-$0.24,-130.39%,QSI,NASDAQ:QSI,-1.000,$2.50,13.20%
NYSE:QSR,4 Mar 2026,$71.96,3,$79.11,9,2.96,$72.38,-0.58%,,,,$76.00,5.00%,$43.59,-39.78%,$52.02,-28.12%,QSR,NYSE:QSR,0.143,$85.29,-7.25%
NASDAQ:QTRX,16 Dec 2025,$12.46,3,$6.00,5,3.52,$3.92,53.06%,,,,$0.00,-100.00%,$0.22,-94.47%,$3.82,-2.57%,QTRX,NASDAQ:QTRX,-1.000,$4.33,38.57%
NYSE:QUAD,19 Jun 2026,$7.33,3,$9.93,9,2.85,$8.30,-11.69%,,,,$8.81,6.14%,$68.32,723.10%,$78.83,849.79%,QUAD,NYSE:QUAD,0.088,$9.93,0.00%
NASDAQ:QUIK,5 Feb 2026,$6.78,3,,,0.51,$13.35,-49.24%,,,,$12.30,-7.87%,$13.45,0.77%,$19.25,44.17%,QUIK,NASDAQ:QUIK,-0.994,$23.67,
NYSE:QXO,19 Aug 2025,$30.22,3,$31.06,10,5.00,$13.83,118.49%,,,,$0.00,-100.00%,$12.66,-8.45%,$19.58,41.56%,QXO,NYSE:QXO,-1.000,$30.33,2.41%
NYSE:RACE,15 Dec 2025,$403.82,3,$465.44,6,3.22,$359.44,12.35%,,,,$383.41,6.67%,$639.45,77.90%,$717.03,99.49%,RACE,NYSE:RACE,0.246,$445.55,4.46%
NASDAQ:RAIL,28 Apr 2026,$11.16,4,,,,$8.34,33.86%,,,,,-100.00%,-$2.00,-123.98%,-$2.00,-123.98%,RAIL,NASDAQ:RAIL,-2.000,,
NYSE:RAMP,23 Jan 2026,$30.65,5,$42.20,7,3.38,$37.68,-18.67%,,,,$0.00,-100.00%,$84.87,125.24%,$87.69,132.73%,RAMP,NYSE:RAMP,-1.000,$40.58,3.99%
NASDAQ:RBB,1 Jun 2026,$24.58,3,$24.00,4,2.83,$26.36,-8.95%,,,,$27.32,3.64%,$0.00,-100.00%,$0.00,-100.00%,RBB,NASDAQ:RBB,0.112,$27.60,-13.04%
NYSE:RBC,23 Aug 2025,$337.00,1,,,0.88,$595.31,-43.39%,,,,$573.69,-3.63%,$679.78,14.19%,$748.99,25.81%,RBC,NYSE:RBC,-0.753,$620.00,
NASDAQ:RBCAA,20 Oct 2025,$70.90,3,,,3.25,$90.76,-21.88%,,,,$94.23,3.82%,$12.78,-85.91%,$27.61,-69.58%,RBCAA,NASDAQ:RBCAA,0.339,$80.00,
NYSE:RBLX,2 Jan 2026,$67.48,2,,,4.97,$47.55,41.91%,,,,$0.00,-100.00%,$72.61,52.71%,$76.74,61.38%,RBLX,NYSE:RBLX,-1.000,$66.29,
NYSE:RBOT,16 Dec 2025,$3.89,3,,,,#N/A,#N/A,,,,,#N/A,-$2.00,#N/A,-$2.00,#N/A,RBOT,NYSE:RBOT,-2.000,,
NYSE:RBRK,20 Aug 2025,$54.72,2,,,1.14,$72.63,-24.66%,,,,$72.21,-0.58%,$71.14,-2.05%,$74.16,2.11%,RBRK,NYSE:RBRK,-0.697,$95.23,
NYSE:RC,1 Sep 2025,$5.36,3,$4.15,4,3.52,$1.48,180.41%,,,,$1.60,8.11%,$113.68,7580.79%,$114.30,7622.78%,RC,NYSE:RC,0.381,$1.80,130.56%
NASDAQ:RCEL,4 Dec 2025,$9.25,3,$8.38,1,5.00,$4.61,81.78%,,,,$0.00,-100.00%,-$0.74,-116.00%,-$0.63,-113.60%,RCEL,NASDAQ:RCEL,-1.000,$9.10,-7.91%
NASDAQ:RCKY,16 Apr 2026,$43.95,3,$53.00,8,2.93,$40.10,9.61%,,,,$42.24,5.34%,$0.00,-100.00%,$0.00,-100.00%,RCKY,NASDAQ:RCKY,0.098,$53.00,0.00%
NYSE:RCL,8 Apr 2026,$279.75,3,$368.93,4,2.67,$283.41,-1.29%,,,,$293.93,3.71%,$384.81,35.78%,$470.62,66.06%,RCL,NYSE:RCL,0.013,$337.04,9.46%
NYSE:RDN,23 Jun 2026,$35.58,4,$45.33,8,2.91,$38.16,-6.77%,,,,$39.41,3.28%,$60.26,57.92%,$60.96,59.75%,RDN,NYSE:RDN,0.121,$45.00,0.73%
NYSE:RDW,21 Jul 2025,$13.29,2,,,5.00,$9.28,43.18%,,,,$0.00,-100.00%,$8.07,-13.06%,$8.95,-3.58%,RDW,NYSE:RDW,-1.000,$14.88,
NASDAQ:REG,21 Jul 2025,$72.09,1,,,2.77,$81.18,-11.20%,,,,$84.22,3.74%,$105.20,29.59%,$141.44,74.22%,REG,NASDAQ:REG,0.084,$86.11,
NYSEAMERICAN:REI,20 Aug 2025,$1.08,,$2.99,3,,$1.31,-17.56%,,,,,-100.00%,-$2.00,-252.67%,-$2.00,-252.67%,REI,NYSEAMERICAN:REI,-2.000,,
NASDAQ:REKR,9 Feb 2026,$1.09,3,$4.00,4,0.95,$0.60,81.07%,,,,$0.59,-1.67%,-$0.15,-124.93%,$0.28,-53.16%,REKR,NASDAQ:REKR,-0.798,$3.00,33.33%
NYSE:RELX,19 Aug 2025,$47.40,3,,,,$32.86,44.25%,,,,,-100.00%,-$2.00,-106.09%,-$2.00,-106.09%,RELX,NYSE:RELX,-2.000,,
NASDAQ:RELY,29 Jan 2026,$17.63,3,$20.20,4,4.41,$22.87,-22.89%,,,,$0.00,-100.00%,$39.87,74.35%,$42.99,87.98%,RELY,NASDAQ:RELY,-1.000,$29.33,-31.13%
NYSEAMERICAN:REPX,12 Feb 2026,,,$36.00,7,,$36.03,-0.08%,,,,,-100.00%,-$2.00,-105.55%,-$2.00,-105.55%,REPX,NYSEAMERICAN:REPX,-2.000,,
NYSE:RES,30 Dec 2025,$6.58,4,$5.50,5,2.58,$5.86,-6.14%,,,,$6.01,2.56%,$10.37,76.94%,$13.54,130.99%,RES,NYSE:RES,-0.008,$6.44,-14.60%
NYSE:REVG,24 Oct 2024,$28.28,3,,,,#N/A,#N/A,,,,,#N/A,-$2.00,#N/A,-$2.00,#N/A,REVG,NYSE:REVG,-2.000,,
NASDAQ:REYN,28 Apr 2026,$27.91,5,$24.00,6,3.00,$25.21,-4.80%,,,,$26.68,5.83%,$25.76,2.18%,$36.14,43.34%,REYN,NASDAQ:REYN,0.187,$26.43,-9.19%
NYSE:REZI,17 Aug 2025,$32.83,3,$32.00,9,0.52,$34.05,-6.02%,,,,$31.42,-7.72%,$39.06,14.71%,$46.11,35.43%,REZI,NYSE:REZI,-0.991,$49.33,-35.13%
NYSE:RF,1 Jun 2026,$29.85,3,$30.31,3,3.39,$30.66,-2.64%,,,,$31.78,3.65%,$0.00,-100.00%,$0.00,-100.00%,RF,NYSE:RF,0.363,$32.22,-5.93%
NASDAQ:RGLD,16 Aug 2025,$142.50,1,,,2.94,$199.64,-28.62%,,,,$207.65,4.01%,$380.61,90.65%,$446.01,123.41%,RGLD,NASDAQ:RGLD,0.085,$305.67,
NASDAQ:RGNX,23 Dec 2025,$16.55,3,$28.57,9,5.00,$10.25,61.43%,,,,$0.00,-100.00%,$17.72,72.87%,$20.70,101.98%,RGNX,NASDAQ:RGNX,-1.000,$24.27,17.72%
NASDAQ:RGTI,28 Jul 2025,$11.56,2,,,5.00,$14.85,-22.13%,,,,$0.00,-100.00%,$14.67,-1.22%,$14.73,-0.82%,RGTI,NASDAQ:RGTI,-1.000,$30.07,
NYSE:RH,31 Jul 2024,$352.46,3,,,3.10,$166.08,112.22%,,,,$0.00,-100.00%,-$56.09,-133.78%,$47.00,-71.70%,RH,NYSE:RH,-1.000,$169.47,
NYSE:RHI,15 Dec 2025,$46.27,3,$29.57,5,3.38,$37.85,-21.88%,,,,$43.01,13.63%,$77.64,105.13%,$85.14,124.94%,RHI,NYSE:RHI,0.411,$30.78,-3.93%
NYSE:RIO,18 Aug 2025,$75.60,5,$64.00,8,,$91.51,-30.06%,,,,,-100.00%,-$2.00,-102.19%,-$2.00,-102.19%,RIO,NYSE:RIO,-2.000,,
NYSE:RITM,12 Aug 2025,$14.18,4,$14.06,8,3.85,$8.98,56.57%,,,,$9.52,6.01%,-$46.57,-618.59%,-$37.14,-513.54%,RITM,NYSE:RITM,0.487,$13.20,6.52%
NASDAQ:RIVN,15 Dec 2025,$17.90,3,$20.62,6,3.70,$16.46,8.77%,,,,$0.00,-100.00%,$22.85,38.80%,$28.86,75.32%,RIVN,NASDAQ:RIVN,-1.000,$18.77,9.86%
NYSE:RJF,18 Feb 2026,$166.94,3,$187.40,5,2.56,$166.14,0.48%,,,,$166.35,0.13%,$145.04,-12.70%,$161.88,-2.56%,RJF,NYSE:RJF,-0.018,$182.67,2.59%
NYSE:RKT,5 Mar 2025,$14.85,3,$13.29,3,4.14,$12.78,3.99%,,,,$14.13,10.56%,$51.17,300.38%,$57.74,351.80%,RKT,NYSE:RKT,0.618,$19.02,-30.13%
NYSE:RLJ,23 Dec 2025,$12.06,3,$8.20,7,,$12.06,-32.01%,,,,,-100.00%,-$2.00,-116.58%,-$2.00,-116.58%,RLJ,NYSE:RLJ,-2.000,,
NYSE:RLX,25 Aug 2025,$2.18,3,,,,$2.02,8.16%,,,,,-100.00%,-$2.00,-199.01%,-$2.00,-199.01%,RLX,NYSE:RLX,-2.000,,
NYSE:RM,19 Nov 2025,$39.22,3,,3,2.67,$41.11,-4.60%,,,,$44.06,7.18%,$413.19,905.09%,$446.48,986.07%,RM,NYSE:RM,0.015,$48.00,
NASDAQ:RMBS,27 Jan 2026,$80.55,1,$113.50,10,5.00,$103.19,-21.94%,,,,$0.00,-100.00%,$146.72,42.19%,$153.62,48.87%,RMBS,NASDAQ:RMBS,-1.000,$149.00,-23.83%
NASDAQ:RMNI,11 Feb 2026,$3.40,3,$5.50,5,,$4.30,-20.90%,,,,,-100.00%,-$2.00,-146.51%,-$2.00,-146.51%,RMNI,NASDAQ:RMNI,-2.000,,
NASDAQ:RNAC,23 Dec 2025,$16.10,3,$34.67,9,5.00,$7.92,103.27%,,,,$0.00,-100.00%,$6.60,-16.73%,$7.32,-7.59%,RNAC,NASDAQ:RNAC,-1.000,$34.57,0.29%
NYSE:RNG,5 Feb 2026,$39.74,3,$31.25,4,3.79,$38.62,-19.08%,,,,$0.00,-100.00%,$114.21,195.73%,$153.45,297.33%,RNG,NYSE:RNG,-1.000,$44.71,-30.11%
NYSE:RNR,9 Sep 2025,$267.70,4,$269.36,7,1.77,$317.41,-15.66%,,,,$318.01,0.19%,$279.32,-12.00%,$258.19,-18.66%,RNR,NYSE:RNR,-0.362,$336.93,-20.05%
NYSE:RNST,19 Nov 2025,$35.55,3,$42.67,4,2.98,$43.01,-17.34%,,,,$44.50,3.46%,-$133.29,-409.91%,-$132.41,-407.86%,RNST,NYSE:RNST,0.171,$46.43,-8.10%
NASDAQ:ROAD,31 Dec 2025,$101.87,2,,,0.86,$104.04,-2.09%,,,,$100.17,-3.72%,$84.05,-19.22%,$144.62,39.00%,ROAD,NASDAQ:ROAD,-0.838,$145.00,
NYSE:ROG,10 Feb 2026,$105.63,3,$301.50,9,4.89,$133.04,-20.61%,,,,$0.00,-100.00%,$147.11,10.57%,$182.86,37.45%,ROG,NYSE:ROG,-1.000,$183.33,64.46%
NYSE:ROK,11 Nov 2025,$273.44,1,,,3.03,$460.65,-40.64%,,,,$479.63,4.12%,$491.13,6.62%,$519.07,12.68%,ROK,NYSE:ROK,0.209,$473.61,
NASDAQ:ROP,2 May 2025,$525.02,3,$640.91,8,2.38,$355.12,47.84%,,,,$339.25,-4.47%,$563.49,58.68%,$712.86,100.74%,ROP,NASDAQ:ROP,-0.127,$440.32,45.56%
NASDAQ:ROST,20 Jul 2026,$178.47,1,,,2.73,$232.39,-23.20%,-23.20%,$178.47,$256.18,$243.04,4.58%,$347.73,49.63%,$374.67,61.22%,ROST,NASDAQ:ROST,0.057,$256.18,
NASDAQ:RPAY,2 Sep 2025,$8.53,3,$7.31,3,,$3.60,103.06%,,,,,-100.00%,-$2.00,-155.56%,-$2.00,-155.56%,RPAY,NASDAQ:RPAY,-2.000,,
NASDAQ:RPD,20 Jan 2026,$22.06,3,$18.18,7,2.24,$9.56,90.17%,,,,$0.00,-100.00%,$20.63,115.83%,$29.26,206.05%,RPD,NASDAQ:RPD,-1.000,$8.10,124.44%
NASDAQ:RR,19 Nov 2025,$2.75,3,$4.50,6,,$1.61,70.55%,,,,,-100.00%,-$2.00,-224.22%,-$2.00,-224.22%,RR,NASDAQ:RR,-2.000,,
NASDAQ:RRBI,1 Jun 2026,$84.03,3,$94.00,6,2.67,$97.23,-13.58%,,,,$99.22,2.05%,-$194.36,-299.90%,-$186.20,-291.50%,RRBI,NASDAQ:RRBI,0.041,$103.00,-8.74%
NYSE:RRX,27 Jan 2026,$182.63,5,$180.29,6,2.94,$214.03,-15.76%,,,,$220.85,3.19%,$215.77,0.81%,$172.60,-19.36%,RRX,NYSE:RRX,0.124,$260.00,-30.66%
NYSE:RS,24 Aug 2025,$278.17,3,$327.75,9,2.92,$395.37,-29.64%,,,,$396.96,0.40%,$411.29,4.03%,$463.89,17.33%,RS,NYSE:RS,0.171,$386.25,-15.15%
NYSE:RTX,18 Aug 2025,$145.60,2,$168.14,8,2.71,$209.16,-30.39%,,,,$200.69,-4.05%,$266.81,27.56%,$323.35,54.59%,RTX,NYSE:RTX,0.064,$215.36,-21.93%
NASDAQ:RUN,19 Jan 2026,$14.49,2,$23.86,8,0.97,$10.38,39.58%,,,,$10.72,3.28%,-$70.48,-779.04%,-$19.77,-290.42%,RUN,NASDAQ:RUN,-0.790,$18.84,26.65%
NASDAQ:RXST,11 Dec 2025,$19.74,3,$9.80,1,5.00,$5.37,82.50%,,,,$0.00,-100.00%,$3.19,-40.54%,$3.96,-26.28%,RXST,NASDAQ:RXST,-1.000,$8.43,16.25%
NASDAQ:RXT,9 Feb 2026,$0.88,3,$1.35,4,4.09,$4.02,-78.20%,,,,$0.00,-100.00%,-$3.59,-189.19%,$0.91,-77.37%,RXT,NASDAQ:RXT,-1.000,$4.90,-72.45%
NYSE:RYI,24 Aug 2025,$26.20,3,$24.00,4,,#N/A,#N/A,,,,,#N/A,-$2.00,#N/A,-$2.00,#N/A,RYI,NYSE:RYI,-2.000,,
NASDAQ:SABR,11 Feb 2026,$2.46,3,$2.95,2,1.06,$1.69,45.30%,,,,$1.64,-2.96%,-$5.93,-451.02%,-$1.93,-213.92%,SABR,NASDAQ:SABR,-0.704,$1.99,48.24%
NYSE:SAM,20 Mar 2026,$295.72,5,$238.40,3,4.22,$174.51,36.61%,,,,$0.00,-100.00%,$553.59,217.22%,$629.64,260.80%,SAM,NYSE:SAM,-1.000,$217.24,9.74%
NYSE:SAN,11 Sep 2025,$7.72,2,,,,$13.21,-41.54%,,,,,-100.00%,-$2.00,-115.14%,-$2.00,-115.14%,SAN,NYSE:SAN,-2.000,,
NASDAQ:SANM,27 Jan 2026,$128.36,1,$180.00,9,0.59,$218.56,-41.27%,,,,$207.03,-5.28%,$317.83,45.42%,$349.43,59.88%,SANM,NASDAQ:SANM,-0.893,$240.00,-25.00%
NYSE:SAP,19 Jan 2026,$252.69,3,$275.84,9,,$146.38,72.63%,,,,,-100.00%,-$2.00,-101.37%,-$2.00,-101.37%,SAP,NYSE:SAP,-2.000,,
NASDAQ:SBCF,19 Nov 2025,$31.14,3,$34.17,5,2.94,$33.05,-5.78%,,,,$34.31,3.81%,$0.00,-100.00%,$0.00,-100.00%,SBCF,NASDAQ:SBCF,0.163,$34.83,-1.89%
NASDAQ:SBGI,23 Dec 2025,$15.71,3,$19.20,5,3.50,$13.37,17.49%,,,,$14.27,6.73%,-$58.92,-540.69%,$7.46,-44.20%,SBGI,NASDAQ:SBGI,0.348,$17.71,8.41%
NASDAQ:SBLK,16 Feb 2026,$23.85,3,,6,3.72,$27.15,-12.14%,,,,$27.78,2.32%,$50.49,85.98%,$64.44,137.33%,SBLK,NASDAQ:SBLK,0.480,$31.98,
NYSE:SBS,23 Jun 2026,$5.49,3,,1,2.85,$5.73,-4.12%,,,,$5.96,4.01%,$4.69,-18.20%,$7.27,26.92%,SBS,NYSE:SBS,0.089,$6.84,
NASDAQ:SBSI,14 Oct 2025,$30.23,3,$34.50,3,,$34.09,-11.32%,,,,,-100.00%,-$2.00,-105.87%,-$2.00,-105.87%,SBSI,NYSE:SBSI,-2.000,,
NYSE:SBSI,1 Jun 2026,$34.46,3,$35.50,6,3.49,$34.09,1.08%,,,,$35.77,4.93%,-$179.15,-625.52%,-$175.74,-615.51%,SBSI,NYSE:SBSI,0.397,$37.33,-4.90%
NYSE:SCHW,24 Jun 2026,$96.20,3,$116.58,7,2.51,$101.61,-5.32%,,,,$100.74,-0.86%,$0.00,-100.00%,$0.00,-100.00%,SCHW,NYSE:SCHW,-0.058,$120.74,-3.45%
NASDAQ:SCNX,6 Jun 2025,$1.16,3,,,5.00,$0.39,196.92%,,,,$0.00,-100.00%,-$250.56,-64345.80%,-$250.49,-64326.95%,SCNX,NASDAQ:SCNX,-1.000,$1.50,
NYSE:SCS,28 Oct 2024,$12.86,3,,,,#N/A,#N/A,,,,,#N/A,-$2.00,#N/A,-$2.00,#N/A,SCS,NYSE:SCS,-2.000,,
NASDAQ:SCSC,19 Nov 2025,$53.05,5,$43.00,3,3.07,$53.88,-20.19%,,,,$0.00,-100.00%,$138.95,157.88%,$150.58,179.47%,SCSC,NASDAQ:SCSC,-1.000,$54.67,-21.35%
NYSE:SD,22 Jan 2026,$15.77,3,,5,3.19,$14.19,11.15%,,,,$14.41,1.55%,$27.10,90.97%,$25.57,80.20%,SD,NYSE:SD,0.271,$15.00,
NYSE:SE,19 Aug 2025,$134.13,1,,,,$99.50,34.81%,,,,,-100.00%,-$2.00,-102.01%,-$2.00,-102.01%,SE,NYSE:SE,-2.000,,
NASDAQ:SEIC,27 Aug 2025,$87.30,2,,,2.47,$96.73,-9.75%,,,,$98.40,1.73%,$206.74,113.73%,$220.45,127.91%,SEIC,NASDAQ:SEIC,-0.061,$107.57,
NYSE:SEM,27 Apr 2026,$23.31,5,$16.50,8,,#N/A,#N/A,,,,$0.00,#N/A,$14.81,#N/A,$29.23,#N/A,SEM,NYSE:SEM,-1.000,$16.62,-0.72%
NYSE:SEMR,5 Feb 2026,$14.95,4,,,,#N/A,#N/A,,,,,#N/A,-$2.00,#N/A,-$2.00,#N/A,SEMR,NYSE:SEMR,-2.000,,
NYSEAMERICAN:SENS,28 Oct 2025,$7.44,1,$2.69,1,,$4.87,-44.76%,,,,,-100.00%,-$2.00,-141.07%,-$2.00,-141.07%,SENS,NASDAQ:SENS,-2.000,,
NASDAQ:SENS,23 Dec 2025,$8.28,4,$18.92,6,5.00,$4.87,70.11%,,,,$0.00,-100.00%,$0.79,-83.88%,$0.84,-82.75%,SENS,NASDAQ:SENS,-1.000,$13.40,41.19%
NASDAQ:SERV,11 Nov 2025,$12.60,3,$20.50,2,5.00,$5.04,150.07%,,,,$0.00,-100.00%,$3.68,-26.90%,$3.83,-23.97%,SERV,NASDAQ:SERV,-1.000,$18.45,11.11%
NYSE:SF,29 Jun 2026,$83.09,3,$84.00,6,2.91,$79.56,4.44%,4.44%,$83.09,$85.12,$81.12,1.96%,$16.03,-79.85%,$28.35,-64.37%,SF,NYSE:SF,0.144,$85.12,-1.32%
NYSE:SFBS,16 Mar 2026,$84.39,4,$91.00,8,2.59,$87.02,-3.03%,,,,$86.65,-0.43%,$0.00,-100.00%,$0.00,-100.00%,SFBS,NYSE:SFBS,-0.003,$94.33,-3.53%
NASDAQ:SFM,19 Mar 2026,$146.44,3,$91.64,9,0.52,$73.49,24.70%,,,,$68.84,-6.33%,$136.59,85.86%,$193.85,163.78%,SFM,NASDAQ:SFM,-0.959,$92.79,-1.24%
NASDAQ:SFNC,2 Oct 2025,$20.10,3,$22.60,8,3.21,$23.01,-12.66%,,,,$23.69,2.96%,$0.00,-100.00%,$0.00,-100.00%,SFNC,NASDAQ:SFNC,0.277,$24.86,-9.09%
NASDAQ:SFST,13 Apr 2026,$53.20,3,$64.00,7,3.49,$60.55,-12.14%,,,,$0.00,-100.00%,$0.00,-100.00%,$0.00,-100.00%,SFST,NASDAQ:SFST,-1.000,$66.50,-3.76%
NYSE:SG,22 Sep 2025,$11.88,3,$14.64,2,1.56,$6.04,96.71%,,,,$5.88,-2.65%,$2.00,-66.91%,$9.25,53.20%,SG,NYSE:SG,-0.511,$8.00,83.00%
NYSE:SGHC,28 Oct 2025,$9.69,2,,,,$14.49,-33.16%,,,,,-100.00%,-$2.00,-113.80%,-$2.00,-113.80%,SGHC,NYSE:SGHC,-2.000,,
NASDAQ:SGHT,11 Dec 2025,$10.39,3,$6.67,5,5.00,$4.70,41.91%,,,,$0.00,-100.00%,$4.41,-6.07%,$4.58,-2.64%,SGHT,NASDAQ:SGHT,-1.000,$8.75,-23.77%
NASDAQ:SGML,12 Aug 2025,$7.24,3,,,1.55,$10.02,-27.73%,,,,$10.10,0.80%,$12.11,20.87%,$12.96,29.33%,SGML,NASDAQ:SGML,-0.534,$20.62,
NASDAQ:SGRY,24 Aug 2025,$30.88,4,$30.70,8,4.05,$15.22,101.71%,,,,$0.00,-100.00%,-$1.91,-112.56%,-$4.22,-127.72%,SGRY,NASDAQ:SGRY,-1.000,$18.41,66.76%
NYSE:SHAK,19 Sep 2025,$85.64,2,$132.93,5,5.00,$55.99,52.96%,,,,$0.00,-100.00%,$43.33,-22.62%,$51.18,-8.59%,SHAK,NYSE:SHAK,-1.000,$81.30,63.51%
NASDAQ:SHBI,19 Mar 2026,$18.10,3,$20.50,6,3.05,$22.90,-20.97%,,,,$23.75,3.71%,-$88.83,-487.91%,-$81.69,-456.74%,SHBI,NASDAQ:SHBI,0.224,$22.75,-9.89%
NYSE:SHG,19 Nov 2025,$55.13,3,,5,3.08,$71.65,-23.06%,,,,$73.62,2.75%,"-$1,533,679.77",-2140616.07%,"-$1,531,049.78",-2136945.48%,SHG,NYSE:SHG,0.157,$97.29,
NASDAQ:SHIP,16 Feb 2026,$10.93,3,$16.00,10,3.84,$16.37,-33.24%,,,,$15.87,-3.05%,$35.66,117.81%,$59.90,265.89%,SHIP,NASDAQ:SHIP,0.497,$22.00,-27.27%
NASDAQ:SHLS,9 Feb 2026,$7.09,2,$10.69,7,3.56,$9.89,-28.36%,,,,$0.00,-100.00%,$11.59,17.16%,$12.31,24.43%,SHLS,NASDAQ:SHLS,-1.000,$11.00,-2.82%
NASDAQ:SHOP,22 Jan 2026,$148.25,3,$180.62,6,4.65,$112.00,32.37%,,,,$0.00,-100.00%,$142.55,27.28%,$142.87,27.56%,SHOP,NASDAQ:SHOP,-1.000,$149.07,21.16%
NASDAQ:SHPH,28 Oct 2025,$5.16,3,,,,$2.99,72.44%,,,,$0.00,-100.00%,-$43.24,-1546.20%,-$42.05,-1506.34%,SHPH,NASDAQ:SHPH,-1.000,,
NYSE:SHW,15 May 2024,$256.70,1,,,2.51,$310.54,-17.34%,,,,$322.46,3.84%,$258.20,-16.85%,$307.48,-0.98%,SHW,NYSE:SHW,-0.066,$379.60,
NASDAQ:SIBN,11 Dec 2025,$22.76,3,$23.20,6,5.00,$16.47,38.19%,,,,$0.00,-100.00%,$15.35,-6.80%,$16.52,0.30%,SIBN,NASDAQ:SIBN,-1.000,$24.50,-5.31%
NYSE:SIG,27 Mar 2026,$92.19,3,$113.60,10,2.48,$89.67,2.81%,,,,$91.05,1.54%,$291.33,224.90%,$286.03,218.98%,SIG,NYSE:SIG,-0.082,$110.44,2.86%
NASDAQ:SILC,9 Feb 2026,$16.71,3,,4,5.00,$42.27,-60.48%,,,,$0.00,-100.00%,$47.93,13.38%,$48.14,13.88%,SILC,NASDAQ:SILC,-1.000,$60.00,
NASDAQ:SIMO,27 Jan 2026,$94.86,1,$119.17,10,2.85,$289.08,-67.18%,,,,$296.91,2.71%,$324.89,12.39%,$325.37,12.55%,SIMO,NASDAQ:SIMO,0.128,$298.20,-60.04%
NASDAQ:SIRI,5 May 2025,$31.75,3,$22.14,6,3.14,$29.87,-25.88%,,,,$31.30,4.79%,$7.17,-75.99%,$25.22,-15.57%,SIRI,NASDAQ:SIRI,0.275,$28.38,-21.99%
NYSE:SITC,20 Jul 2026,$6.31,5,$6.00,5,4.69,$4.26,40.85%,40.85%,$5.00,$6.31,$4.68,9.86%,$24.44,473.62%,$50.99,1096.92%,SITC,NYSE:SITC,0.911,$5.00,20.00%
NASDAQ:SITM,5 Feb 2026,$354.78,3,,,5.00,$576.41,-38.45%,,,,$0.00,-100.00%,$627.63,8.89%,$647.20,12.28%,SITM,NASDAQ:SITM,-1.000,$837.50,
NYSE:SJM,18 Aug 2025,$126.48,5,$113.93,4,2.94,$115.71,-1.54%,,,,$120.48,4.12%,$293.22,153.41%,$454.83,293.08%,SJM,NYSE:SJM,0.158,$123.31,-7.61%
NYSE:SKE,24 Oct 2025,$9.86,2,,,,$26.90,-63.35%,,,,$0.00,-100.00%,$19.66,-26.90%,$19.72,-26.68%,SKE,NYSE:SKE,-1.000,,
NASDAQ:SKWD,26 Aug 2025,$42.11,3,,,3.56,$58.65,-28.20%,,,,$0.00,-100.00%,$113.89,94.19%,$114.00,94.37%,SKWD,NASDAQ:SKWD,-1.000,$65.18,
NYSE:SKY,31 Mar 2026,$97.81,5,$102.33,4,3.79,$79.91,22.40%,,,,$0.00,-100.00%,$116.13,45.32%,$124.35,55.62%,SKY,NYSE:SKY,-1.000,$92.50,10.63%
NASDAQ:SKYT,26 May 2026,$23.87,3,$35.00,8,3.70,$30.72,-22.29%,,,,$0.00,-100.00%,$35.60,15.90%,$49.03,59.59%,SKYT,NASDAQ:SKYT,-1.000,$35.00,0.00%
NASDAQ:SLAB,27 Jan 2026,$111.32,1,,,2.05,$216.76,-48.65%,,,,$218.75,0.92%,$251.27,15.92%,$231.25,6.69%,SLAB,NASDAQ:SLAB,-0.229,$222.86,
NYSE:SLB,2 Jul 2026,$49.71,4,$63.13,9,3.02,$47.22,5.28%,5.28%,$49.71,$63.13,$48.79,3.32%,$42.15,-10.74%,$59.04,25.03%,SLB,NYSE:SLB,0.143,$60.97,3.54%
NYSE:SLGN,29 Aug 2025,$46.96,3,$59.57,7,2.78,$45.46,3.30%,,,,$47.02,3.43%,$154.16,239.11%,$160.25,252.51%,SLGN,NYSE:SLGN,0.055,$54.77,8.76%
NASDAQ:SLM,23 Jul 2026,$29.41,3,$29.00,7,3.24,$24.18,19.93%,19.93%,$28.73,$29.41,$25.94,7.28%,$37.11,53.48%,-$5.77,-123.85%,SLM,NASDAQ:SLM,0.264,$28.73,0.94%
NYSE:SM,20 Sep 2025,$40.61,3,$36.25,6,2.95,$33.51,8.18%,,,,$34.31,2.39%,-$10.49,-131.31%,$51.77,54.49%,SM,NYSE:SM,0.143,$38.40,-5.60%
NASDAQ:SMBK,7 Oct 2025,$38.18,3,$37.00,5,,$49.06,-24.58%,,,,,-100.00%,-$2.00,-104.08%,-$2.00,-104.08%,SMBK,NYSE:SMBK,-2.000,,
NYSE:SMFG,19 Aug 2025,$16.00,3,,,3.10,$25.91,-38.23%,,,,$26.74,3.20%,$203.19,684.21%,$203.41,685.06%,SMFG,NYSE:SMFG,0.220,$28.86,
NASDAQ:SMLR,11 Dec 2025,$21.60,3,$68.50,4,,#N/A,#N/A,,,,,#N/A,-$2.00,#N/A,-$2.00,#N/A,SMLR,NASDAQ:SMLR,-2.000,,
NYSE:SMR,14 Jan 2026,$19.90,3,$32.77,7,5.00,$8.81,125.89%,,,,$0.00,-100.00%,$7.19,-18.36%,$7.21,-18.20%,SMR,NYSE:SMR,-1.000,$14.80,121.42%
NYSE:SNDA,15 Nov 2024,$24.98,3,,,3.13,$40.17,-37.81%,,,,$0.00,-100.00%,$5.85,-85.43%,$16.07,-59.99%,SNDA,NYSE:SNDA,-1.000,$41.25,
NYSE:SNN,11 Dec 2025,$33.47,3,$35.75,3,,$29.77,12.43%,,,,,-100.00%,-$2.00,-106.72%,-$2.00,-106.72%,SNN,NYSE:SNN,-2.000,,
NASDAQ:SNSE,28 Oct 2025,$14.48,3,$30.00,,,#N/A,#N/A,,,,,#N/A,-$2.00,#N/A,-$2.00,#N/A,SNSE,NASDAQ:SNSE,-2.000,,
NYSE:SNV,18 Nov 2025,$47.73,3,$56.00,4,,#N/A,#N/A,,,,,#N/A,-$2.00,#N/A,-$2.00,#N/A,SNV,NYSE:SNV,-2.000,,
NYSE:SO,24 Oct 2025,$88.60,2,,,2.81,$96.60,-8.28%,,,,$97.59,1.02%,$10.35,-89.29%,$59.14,-38.78%,SO,NYSE:SO,0.105,$101.92,
NASDAQ:SOFI,7 Jul 2025,$14.49,2,,,4.18,$16.65,-12.97%,,,,$0.00,-100.00%,-$18.33,-210.08%,-$15.73,-194.49%,SOFI,NASDAQ:SOFI,-1.000,$20.58,
NYSE:SON,19 Nov 2025,$53.35,3,$52.43,10,3.06,$56.32,-6.91%,,,,$56.80,0.85%,$88.21,56.62%,$180.30,220.14%,SON,NYSE:SON,0.205,$62.00,-15.44%
NASDAQ:SONO,22 Jan 2026,$16.57,3,$19.67,8,0.81,$14.53,14.06%,,,,$14.02,-3.51%,$52.49,261.27%,$48.64,234.79%,SONO,NASDAQ:SONO,-0.842,$19.12,2.88%
NYSE:SONY,18 Feb 2026,$26.99,4,$32.00,8,2.43,$20.69,30.45%,,,,$21.14,2.17%,$35.92,73.62%,$54.78,164.76%,SONY,NYSE:SONY,-0.141,$29.38,8.92%
NASDAQ:SOUN,28 Jul 2025,$8.77,2,,,5.00,$6.22,41.00%,,,,$0.00,-100.00%,$5.93,-4.65%,$6.06,-2.53%,SOUN,NASDAQ:SOUN,-1.000,$13.14,
NASDAQ:SPFI,19 Nov 2025,$37.17,3,$43.00,2,3.06,$44.25,-16.00%,,,,$45.46,2.73%,$0.00,-100.00%,$0.00,-100.00%,SPFI,NASDAQ:SPFI,0.196,$50.75,-15.27%
NYSE:SPGI,25 Jun 2026,$468.23,5,,,2.36,$420.00,11.48%,11.48%,$468.23,$518.72,$433.20,3.14%,$586.67,39.68%,$655.05,55.96%,SPGI,NYSE:SPGI,-0.137,$518.72,
NYSE:SPOT,19 May 2025,$495.00,2,$659.00,7,4.39,$468.99,5.55%,,,,$0.00,-100.00%,$698.47,48.93%,$706.22,50.58%,SPOT,NYSE:SPOT,-1.000,$599.22,9.98%
NASDAQ:SPSC,10 Feb 2026,$142.13,3,$102.87,2,3.72,$58.98,74.42%,,,,$0.00,-100.00%,$143.08,142.60%,$169.51,187.40%,SPSC,NASDAQ:SPSC,-1.000,$67.45,52.51%
NASDAQ:SPWR,9 Feb 2026,$1.50,3,,,5.00,$0.50,200.00%,,,,$0.00,-100.00%,$0.00,-100.00%,$0.00,-100.00%,SPWR,NASDAQ:SPWR,-1.000,$4.70,
NYSE:SPXC,16 May 2025,$153.79,3,$180.00,7,0.50,$219.80,-30.03%,,,,$205.23,-6.63%,$345.96,57.40%,$385.38,75.33%,SPXC,NYSE:SPXC,-0.963,$272.92,-34.05%
NYSE:SQNS,4 Feb 2026,$12.48,3,$14.50,5,,$2.53,393.28%,,,,,-100.00%,-$2.00,-179.05%,-$2.00,-179.05%,SQNS,NYSE:SQNS,-2.000,,
NASDAQ:SRCE,19 Nov 2025,$63.63,3,,,3.08,$83.18,-23.50%,,,,$85.56,2.86%,-$81.97,-198.55%,-$75.69,-190.99%,SRCE,NASDAQ:SRCE,0.243,$80.33,
NASDAQ:SSB,9 Oct 2025,$96.36,3,,,,$101.25,-4.83%,,,,,-100.00%,-$2.00,-101.98%,-$2.00,-101.98%,SSB,NYSE:SSB,-2.000,,
NYSE:SSB,19 Nov 2025,$91.92,3,,,3.04,$101.25,-9.21%,,,,$104.66,3.37%,-$320.82,-416.86%,-$296.04,-392.39%,SSB,NYSE:SSB,0.188,$115.14,
NASDAQ:SSNC,22 Jan 2026,$86.73,3,$103.29,6,3.11,$66.95,29.54%,,,,$70.24,4.91%,$94.60,41.30%,$144.14,115.30%,SSNC,NASDAQ:SSNC,0.169,$91.22,13.23%
NASDAQ:SSRM,19 Aug 2025,$11.31,2,,,5.00,$27.20,-58.42%,,,,$0.00,-100.00%,$73.03,168.48%,$86.04,216.32%,SSRM,NASDAQ:SSRM,-1.000,$41.40,
NYSE:ST,16 Feb 2026,$42.55,5,$38.40,4,,$45.62,-15.83%,,,,,-100.00%,-$2.00,-104.38%,-$2.00,-104.38%,ST,NYSE:ST,-2.000,,
NYSE:STAG,19 Aug 2025,$40.11,5,$38.25,9,2.14,$40.50,-5.56%,,,,$41.58,2.67%,$49.75,22.83%,$76.76,89.53%,STAG,NYSE:STAG,-0.189,$41.91,-8.73%
NASDAQ:STBA,27 May 2026,$47.60,3,$44.00,7,3.17,$50.98,-13.69%,,,,$51.02,0.08%,-$140.75,-376.09%,-$140.43,-375.47%,STBA,NASDAQ:STBA,0.288,$48.50,-9.28%
NYSE:STC,6 Jan 2025,$58.82,3,$83.00,2,2.76,$64.25,-8.45%,,,,$71.80,11.75%,$120.48,87.53%,$154.35,140.23%,STC,NYSE:STC,0.034,$81.67,1.63%
NYSE:STE,4 Dec 2025,$261.00,3,$290.00,2,2.52,$210.64,23.91%,,,,$212.45,0.86%,$340.50,61.65%,$564.92,168.19%,STE,NYSE:STE,-0.058,$252.57,14.82%
NYSE:STEL,19 Nov 2025,$31.12,3,$32.50,5,,#N/A,#N/A,,,,,#N/A,-$2.00,#N/A,-$2.00,#N/A,STEL,NYSE:STEL,-2.000,,
NASDAQ:STIM,4 Dec 2025,$1.24,3,,4,5.00,$1.88,-34.22%,,,,$0.00,-100.00%,-$0.04,-102.34%,$0.32,-83.00%,STIM,NASDAQ:STIM,-1.000,$4.50,
NASDAQ:STKL,24 Aug 2025,$6.28,3,$10.00,3,,#N/A,#N/A,,,,,#N/A,-$2.00,#N/A,-$2.00,#N/A,STKL,NASDAQ:STKL,-2.000,,
NYSE:STLA,15 Dec 2025,$15.78,3,$11.43,6,4.45,$5.75,98.78%,,,,$6.18,7.48%,$0.00,-100.00%,$0.00,-100.00%,STLA,NYSE:STLA,0.754,$8.89,28.57%
NASDAQ:STLD,20 Aug 2024,$128.16,3,,,2.62,$240.57,-46.73%,,,,$245.22,1.93%,$203.48,-15.42%,$244.39,1.59%,STLD,NASDAQ:STLD,0.006,$268.46,
NYSE:STM,5 Feb 2026,$31.81,3,,,3.08,$53.49,-40.53%,,,,$67.83,26.81%,$66.59,24.50%,$85.13,59.14%,STM,NYSE:STM,0.152,$73.36,
NYSE:STN,23 Aug 2024,$76.85,2,,,1.76,$66.75,15.14%,,,,$67.78,1.54%,$105.93,58.69%,$80.38,20.42%,STN,NYSE:STN,-0.439,$94.28,
NASDAQ:STNE,1 Dec 2025,$15.75,3,$21.00,6,4.34,$10.98,43.43%,,,,$11.90,8.38%,-$10.63,-196.86%,-$0.65,-105.92%,STNE,NASDAQ:STNE,0.709,$16.40,28.05%
NASDAQ:STRL,12 Jun 2025,$186.70,3,,,4.60,$717.34,-73.97%,,,,$0.00,-100.00%,$987.58,37.67%,"$1,035.61",44.37%,STRL,NASDAQ:STRL,-1.000,$946.67,
NYSE:STT,22 Feb 2026,$119.80,2,$144.32,7,2.70,$184.21,-34.97%,,,,$188.52,2.34%,$0.00,-100.00%,$0.00,-100.00%,STT,NYSE:STT,0.052,$196.90,-26.70%
NYSE:STVN,16 Feb 2026,$17.21,3,$23.83,3,1.52,$19.40,-11.28%,,,,$18.84,-2.89%,-$10.15,-152.31%,$19.82,2.15%,STVN,NYSE:STVN,-0.514,$24.45,-2.54%
NYSE:SU,30 Jun 2026,$58.27,3,$71.58,9,2.90,$66.41,-12.26%,-12.26%,$58.27,$71.58,$66.46,0.08%,$74.52,12.21%,$116.19,74.95%,SU,NYSE:SU,0.148,$68.86,3.95%
NASDAQ:SUPN,23 Dec 2025,$50.64,3,$61.33,10,4.73,$47.19,7.30%,,,,$0.00,-100.00%,$94.82,100.94%,$117.84,149.71%,SUPN,NASDAQ:SUPN,-1.000,$63.50,-3.42%
NYSE:SUPV,19 Nov 2025,$12.63,4,$12.00,5,,$9.67,24.10%,,,,,-100.00%,-$2.00,-120.68%,-$2.00,-120.68%,SUPV,NYSE:SUPV,-2.000,,
NYSEAMERICAN:SVM,20 Aug 2025,$6.52,0,,1,,$9.62,-32.22%,,,,,-100.00%,-$2.00,-120.79%,-$2.00,-120.79%,SVM,NYSEAMERICAN:SVM,-2.000,,
NYSE:SW,22 Aug 2025,$50.29,5,$54.66,8,3.38,$43.71,15.06%,,,,$45.76,4.69%,$14.60,-66.59%,$22.19,-49.23%,SW,NYSE:SW,0.310,$55.04,-0.69%
NASDAQ:SWKS,27 Apr 2026,$82.45,5,$63.83,1,2.65,$60.47,5.56%,,,,$64.85,7.24%,$142.89,136.30%,$102.91,70.18%,SWKS,NASDAQ:SWKS,0.001,$72.94,-12.49%
NYSE:SXI,11 Nov 2025,$213.24,3,$264.25,5,2.90,$308.58,-30.90%,,,,$318.85,3.33%,$285.69,-7.42%,$315.25,2.16%,SXI,NYSE:SXI,0.169,$290.80,-9.13%
NASDAQ:SYBT,13 Apr 2026,$73.37,3,$77.00,4,3.00,$80.59,-8.96%,,,,$83.17,3.20%,-$169.15,-309.90%,-$162.38,-301.48%,SYBT,NASDAQ:SYBT,0.206,$79.00,-2.53%
NYSE:SYF,19 Feb 2026,$71.94,3,$91.60,6,3.23,$71.77,0.24%,,,,$74.63,3.98%,$264.92,269.13%,$293.49,308.94%,SYF,NYSE:SYF,0.247,$89.83,1.97%
NYSE:SYK,11 Dec 2025,$359.86,3,$434.53,3,2.19,$318.97,12.82%,,,,$311.83,-2.24%,$340.91,6.88%,$392.26,22.98%,SYK,NYSE:SYK,-0.205,$386.52,12.42%
NASDAQ:SYM,19 Nov 2025,$41.10,2,$52.14,6,5.00,$40.57,1.30%,,,,$0.00,-100.00%,$95.87,136.31%,$99.66,145.65%,SYM,NASDAQ:SYM,-1.000,$65.67,-20.60%
NASDAQ:SYNA,27 Jan 2026,$98.81,4,$93.33,9,0.41,$117.60,-20.64%,,,,$104.27,-11.34%,$115.49,-1.80%,$160.20,36.22%,SYNA,NASDAQ:SYNA,-0.999,$143.67,-35.04%
NYSE:SYY,23 Aug 2024,$74.21,3,,,3.13,$81.73,-9.20%,,,,$84.92,3.90%,$111.08,35.90%,$145.06,77.48%,SYY,NYSE:SYY,0.242,$87.50,
NYSE:TAK,19 Oct 2025,$15.76,5,$18.00,6,,$16.82,-6.30%,,,,,-100.00%,-$2.00,-111.89%,-$2.00,-111.89%,TAK,NYSE:TAK,-2.000,,
NYSE:TAL,20 Aug 2025,$11.69,3,$12.31,4,0.55,$10.34,13.05%,,,,$9.66,-6.58%,$0.00,-100.00%,$0.00,-100.00%,TAL,NYSE:TAL,-0.976,$15.59,-21.04%
NASDAQ:TASK,30 Jan 2026,$15.02,3,$15.90,2,4.78,#N/A,#N/A,,,,$6.25,#N/A,$52.84,#N/A,$81.82,#N/A,TASK,NASDAQ:TASK,0.912,$9.50,67.37%
NASDAQ:TATT,24 Oct 2025,$40.25,3,,,0.56,$42.17,-4.55%,,,,$38.70,-8.23%,$42.90,1.72%,$49.60,17.61%,TATT,NASDAQ:TATT,-0.973,$60.71,
NYSE:TBB,6 Nov 2025,$23.22,1,,1,,$22.69,2.34%,,,,,-100.00%,-$2.00,-108.81%,-$2.00,-108.81%,TBB,NYSE:TBB,-2.000,,
NYSE:TBBB,13 Jun 2025,$23.99,3,,,,$39.85,-39.80%,,,,,-100.00%,-$2.00,-105.02%,-$2.00,-105.02%,TBBB,NYSE:TBBB,-2.000,,
NASDAQ:TBBK,1 Jun 2026,$64.98,3,$66.00,4,3.60,$65.73,-1.13%,,,,$0.00,-100.00%,-$24.37,-137.08%,-$22.44,-134.14%,TBBK,NASDAQ:TBBK,-1.000,$73.67,-10.41%
NASDAQ:TBCH,27 Jan 2026,$17.12,3,$19.75,6,0.60,$12.12,41.25%,,,,$11.71,-3.38%,$70.48,481.50%,$77.72,541.25%,TBCH,NASDAQ:TBCH,-0.947,$16.40,20.43%
NYSE:TBN,11 Dec 2025,$26.01,3,$37.75,8,5.00,$35.25,-26.22%,,,,$0.00,-100.00%,$24.85,-29.52%,$24.87,-29.46%,TBN,NYSE:TBN,-1.000,$56.83,-33.57%
NASDAQ:TBRG,31 Dec 2025,$24.09,3,$21.00,5,,#N/A,#N/A,,,,,#N/A,-$2.00,#N/A,-$2.00,#N/A,TBRG,NASDAQ:TBRG,-2.000,,
NASDAQ:TCBI,27 May 2026,$96.83,3,$105.20,4,3.54,$98.67,-1.86%,,,,$0.00,-100.00%,-$406.94,-512.42%,-$392.08,-497.37%,TCBI,NASDAQ:TCBI,-1.000,$109.38,-3.82%
NASDAQ:TCBK,27 May 2026,$51.81,3,$63.00,3,2.58,$59.28,-12.60%,,,,$60.96,2.83%,-$161.73,-372.82%,-$157.16,-365.12%,TCBK,NASDAQ:TCBK,0.005,$61.17,2.99%
NYSE:TCBX,1 Jun 2026,$39.78,3,$45.00,5,0.35,$42.39,-6.15%,,,,$37.43,-11.70%,-$249.74,-689.16%,-$251.46,-693.21%,TCBX,NYSE:TCBX,-0.983,$43.25,4.05%
NASDAQ:TCMD,4 Dec 2025,$31.83,5,$26.67,8,0.77,$27.44,-2.81%,,,,$26.64,-2.92%,$51.39,87.29%,$34.40,25.37%,TCMD,NASDAQ:TCMD,-0.878,$39.50,-32.48%
NYSE:TD,19 Aug 2025,$67.13,3,$73.85,7,2.42,$119.22,-43.69%,,,,$121.98,2.32%,-$581.73,-587.95%,-$570.05,-578.15%,TD,NYSE:TD,-0.046,$112.48,-34.34%
NYSE:TDC,11 Feb 2026,$35.11,5,$32.80,10,4.41,$27.68,18.50%,,,,$0.00,-100.00%,$263.20,850.87%,$280.89,914.79%,TDC,NYSE:TDC,-1.000,$35.50,-7.61%
NYSE:TDG,20 Sep 2024,"$1,185.75",2,"$1,509.83",4,4.32,"$1,213.83",-2.31%,,,,"$1,266.16",4.31%,$786.85,-35.18%,$908.01,-25.19%,TDG,NYSE:TDG,0.731,"$1,508.95",0.06%
NYSE:TDOC,22 Aug 2025,$12.69,3,$9.06,7,2.48,$8.66,4.62%,,,,$0.00,-100.00%,$9.85,13.69%,$29.87,244.88%,TDOC,NYSE:TDOC,-1.000,$7.76,16.75%
NASDAQ:TEAM,11 Dec 2025,$216.58,3,$237.35,8,5.00,$80.15,170.22%,,,,$0.00,-100.00%,$185.40,131.32%,$194.40,142.54%,TEAM,NASDAQ:TEAM,-1.000,$139.70,69.90%
NYSE:TEL,19 Jan 2026,$189.61,1,$275.58,6,2.91,$198.79,-4.62%,,,,$204.49,2.87%,$318.07,60.01%,$372.29,87.28%,TEL,NYSE:TEL,0.096,$257.40,7.06%
NYSE:TEN,29 Apr 2026,$34.19,3,$50.00,8,4.03,$39.43,-13.29%,,,,$42.06,6.67%,$91.98,133.28%,$103.39,162.20%,TEN,NYSE:TEN,0.622,$46.00,8.70%
NASDAQ:TENB,23 Dec 2025,$34.90,3,$37.75,7,3.36,$31.62,10.37%,,,,$0.00,-100.00%,$49.00,54.96%,$52.38,65.64%,TENB,NASDAQ:TENB,-1.000,$33.90,11.36%
NYSE:TEO,18 Sep 2025,$8.99,5,$9.60,3,2.96,$13.62,-33.99%,,,,$14.36,5.43%,$54.22,298.08%,$197.54,1350.33%,TEO,NYSE:TEO,0.151,$15.54,-38.22%
NASDAQ:TER,19 Jan 2026,$152.12,1,$213.18,7,1.82,$373.75,-59.30%,,,,$357.37,-4.38%,$447.76,19.80%,$461.35,23.44%,TER,NASDAQ:TER,-0.356,$429.88,-50.41%
NYSE:TFC,19 Nov 2025,$46.61,3,$49.70,7,3.33,$51.20,-8.96%,,,,$53.18,3.87%,$0.00,-100.00%,$0.00,-100.00%,TFC,NYSE:TFC,0.328,$55.18,-9.93%
NASDAQ:TFIN,2 Oct 2025,$64.43,3,$64.00,1,,$79.91,-19.91%,,,,,-100.00%,-$2.00,-102.50%,-$2.00,-102.50%,TFIN,NYSE:TFIN,-2.000,,
NYSE:TFIN,19 Nov 2025,$53.40,3,,,2.74,$79.91,-33.17%,,,,$0.00,-100.00%,-$159.02,-299.00%,-$148.99,-286.45%,TFIN,NYSE:TFIN,-1.000,$75.80,
NYSE:TFPM,16 Aug 2025,$20.81,1,,,2.34,$28.72,-27.53%,,,,$29.31,2.05%,$53.49,86.24%,$54.13,88.48%,TFPM,NYSE:TFPM,-0.175,$39.00,
NASDAQ:TFSL,12 Oct 2025,$12.76,3,$13.50,4,,$18.16,-29.73%,,,,,-100.00%,-$2.00,-111.01%,-$2.00,-111.01%,TFSL,NASDAQ:TFSL,-2.000,,
NYSE:TGLS,23 Aug 2025,$69.51,3,,,2.19,$43.74,58.91%,,,,$45.23,3.41%,$50.44,15.32%,$38.03,-13.05%,TGLS,NYSE:TGLS,-0.225,$57.00,
NYSE:TGS,19 Nov 2025,$29.26,3,$13.33,7,4.40,$31.50,-57.68%,,,,$0.00,-100.00%,$48.12,52.77%,$88.60,181.26%,TGS,NYSE:TGS,-1.000,$40.29,-66.91%
NYSE:TGT,21 Sep 2025,$120.25,3,$103.27,3,3.32,$134.48,-23.21%,,,,$143.28,6.54%,$224.97,67.29%,$153.39,14.06%,TGT,NYSE:TGT,0.342,$133.84,-22.84%
NASDAQ:THFF,27 May 2026,$67.98,3,$70.00,5,3.03,$76.12,-10.69%,,,,$78.46,3.07%,-$257.42,-438.18%,-$237.96,-412.61%,THFF,NASDAQ:THFF,0.218,$74.50,-6.04%
NYSE:THO,29 Jul 2024,$143.00,5,,,2.63,$74.99,90.69%,,,,$76.63,2.19%,$161.29,115.09%,$211.46,181.98%,THO,NYSE:THO,-0.011,$90.58,
NYSE:THR,19 Nov 2025,$40.68,4,$38.00,8,,#N/A,#N/A,,,,,#N/A,-$2.00,#N/A,-$2.00,#N/A,THR,NYSE:THR,-2.000,,
NASDAQ:THRY,11 Feb 2026,$8.29,3,$13.00,2,0.71,$3.75,120.97%,,,,$3.60,-4.00%,$11.26,200.38%,$2.24,-40.19%,THRY,NASDAQ:THRY,-0.872,$4.67,178.37%
NASDAQ:TIGR,24 Oct 2025,$10.39,3,$11.86,9,0.59,$4.87,113.35%,,,,$4.54,-6.78%,$62.95,1192.57%,$63.50,1203.91%,TIGR,NASDAQ:TIGR,-0.960,$7.69,54.23%
NASDAQ:TILE,13 Feb 2025,$17.99,3,$30.00,7,0.96,$32.65,-44.92%,,,,$32.16,-1.50%,$31.93,-2.21%,$43.42,32.98%,TILE,NASDAQ:TILE,-0.761,$40.50,-25.93%
NYSE:TJX,18 Aug 2025,$107.88,1,$144.77,9,3.06,$153.48,-29.71%,,,,$161.30,5.10%,$170.76,11.26%,$190.46,24.09%,TJX,NYSE:TJX,0.193,$177.63,-18.50%
NASDAQ:TKLF,19 Oct 2025,$5.59,3,,,,$2.11,164.93%,,,,$0.00,-100.00%,$0.00,-100.00%,$0.00,-100.00%,TKLF,NASDAQ:TKLF,-1.000,,
NYSE:TKR,16 Jun 2026,$121.71,2,$138.67,6,3.16,$140.89,-13.62%,,,,$145.32,3.14%,$108.99,-22.64%,$141.70,0.57%,TKR,NYSE:TKR,0.266,$144.91,-4.31%
NASDAQ:TLRY,14 Aug 2025,$1.31,3,,,5.00,$3.99,-67.24%,,,,$0.00,-100.00%,$6.55,64.06%,$9.40,135.66%,TLRY,NASDAQ:TLRY,-1.000,$9.05,
NASDAQ:TLSI,11 Dec 2025,$8.40,3,$11.60,9,5.00,$4.27,96.68%,,,,$0.00,-100.00%,$2.67,-37.45%,$2.70,-36.75%,TLSI,NASDAQ:TLSI,-1.000,$9.00,28.89%
NASDAQ:TLX,11 Dec 2025,$12.46,3,,,,$10.51,18.51%,,,,,-100.00%,-$2.00,-119.03%,-$2.00,-119.03%,TLX,NASDAQ:TLX,-2.000,,
NYSE:TM,15 Dec 2025,$215.08,5,,9,,$176.80,21.65%,,,,,-100.00%,-$2.00,-101.13%,-$2.00,-101.13%,TM,NYSE:TM,-2.000,,
NASDAQ:TMC,18 Aug 2025,$4.39,3,,,0.51,$3.81,15.17%,,,,$3.56,-6.56%,$3.47,-8.96%,$3.47,-8.91%,TMC,NASDAQ:TMC,-0.997,$10.83,
NASDAQ:TMCI,4 Dec 2025,$3.25,3,$5.47,4,3.77,$4.05,-19.81%,,,,$0.00,-100.00%,$4.72,16.49%,$5.81,43.51%,TMCI,NASDAQ:TMCI,-1.000,$4.67,17.13%
NASDAQ:TMDX,11 Dec 2025,$138.40,3,$147.00,8,5.00,$71.13,94.58%,,,,$0.00,-100.00%,$94.41,32.73%,$103.41,45.38%,TMDX,NASDAQ:TMDX,-1.000,$114.00,28.95%
NYSE:TME,12 Aug 2025,$23.93,3,$19.85,8,,$8.76,126.60%,,,,,-100.00%,-$2.00,-122.83%,-$2.00,-122.83%,TME,NYSE:TME,-2.000,,
NYSE:TMHC,15 Jun 2026,$82.94,4,$62.90,9,2.61,$72.45,-13.18%,,,,$0.00,-100.00%,$142.65,96.89%,$145.92,101.41%,TMHC,NYSE:TMHC,-1.000,$66.75,-5.77%
NYSEAMERICAN:TMP,2 Oct 2025,$65.36,1,,,,$92.65,-29.45%,,,,,-100.00%,-$2.00,-102.16%,-$2.00,-102.16%,TMP,NYSEAMERICAN:TMP,-2.000,,
NYSE:TNC,11 Nov 2025,$100.24,5,$105.00,4,2.78,$86.82,15.46%,,,,$89.19,2.73%,$108.18,24.60%,$129.85,49.56%,TNC,NYSE:TNC,0.087,$93.50,12.30%
NASDAQ:TNDM,11 Dec 2025,$20.68,3,$23.06,9,5.00,$16.90,22.37%,,,,$0.00,-100.00%,$5.65,-66.55%,$7.87,-53.41%,TNDM,NASDAQ:TNDM,-1.000,$29.08,-20.70%
NYSE:TNET,15 Dec 2025,$73.13,3,$65.50,7,2.81,$60.35,8.53%,,,,$62.39,3.38%,$110.71,83.45%,$127.26,110.87%,TNET,NYSE:TNET,0.141,$53.80,21.75%
NASDAQ:TOI,15 Aug 2025,$3.94,3,$6.25,8,0.80,$5.07,-22.31%,,,,$5.13,1.18%,$3.48,-31.30%,$3.76,-25.93%,TOI,NASDAQ:TOI,-0.867,$8.40,-25.60%
NYSE:TOL,1 Apr 2026,$149.13,5,$165.90,4,2.33,$146.55,1.76%,,,,$148.41,1.27%,$159.28,8.69%,$166.82,13.83%,TOL,NYSE:TOL,-0.132,$168.20,-1.37%
NYSE:TOST,22 Jan 2026,$36.30,3,$46.56,4,4.08,$28.40,27.80%,,,,$0.00,-100.00%,$40.21,41.59%,$41.24,45.23%,TOST,NYSE:TOST,-1.000,$34.54,34.80%
NASDAQ:TOWN,2 Oct 2025,$37.19,3,$41.00,5,3.34,$35.95,3.44%,,,,$37.31,3.78%,-$162.48,-551.97%,-$157.25,-537.41%,TOWN,NASDAQ:TOWN,0.330,$39.25,4.46%
NYSE:TPB,18 Sep 2025,$86.86,3,,,1.05,$73.10,18.82%,,,,$75.12,2.76%,$119.32,63.23%,$120.37,64.67%,TPB,NYSE:TPB,-0.753,$125.50,
NYSE:TPC,24 Dec 2025,$68.65,1,,,4.46,$87.66,-21.69%,,,,$0.00,-100.00%,$151.79,73.15%,$163.14,86.11%,TPC,NYSE:TPC,-1.000,$113.25,
NYSE:TPH,16 Mar 2026,$59.96,5,$46.50,1,,#N/A,#N/A,,,,,#N/A,-$2.00,#N/A,-$2.00,#N/A,TPH,NYSE:TPH,-2.000,,
NYSE:TPL,9 Apr 2025,$774.67,2,,9,1.57,$425.55,82.04%,,,,$420.27,-1.24%,$575.38,35.21%,$588.16,38.21%,TPL,NYSE:TPL,-0.443,$443.50,
NYSE:TPR,26 Aug 2025,$73.71,2,,,2.17,$139.13,-47.02%,,,,$141.07,1.39%,$163.51,17.52%,$167.76,20.58%,TPR,NYSE:TPR,-0.214,$166.75,
NASDAQ:TREE,11 Aug 2025,$78.94,3,$63.86,8,0.55,$39.45,61.88%,,,,$38.75,-1.77%,$43.21,9.53%,$47.38,20.09%,TREE,NASDAQ:TREE,-0.977,$63.83,0.05%
NYSE:TREX,9 Apr 2024,$83.55,2,,,4.25,$42.38,97.15%,,,,$0.00,-100.00%,$102.62,142.15%,$111.55,163.20%,TREX,NYSE:TREX,-1.000,$53.00,
NYSE:TRGP,1 Sep 2025,$152.25,2,$206.29,6,2.92,$285.58,-46.69%,,,,$290.57,1.75%,$253.23,-11.33%,$265.57,-7.01%,TRGP,NYSE:TRGP,0.157,$294.90,-30.05%
NASDAQ:TRI,26 Aug 2025,$160.83,2,,,3.33,$85.69,87.68%,,,,$94.23,9.97%,$130.65,52.47%,$167.12,95.03%,TRI,NASDAQ:TRI,0.257,$120.17,
NASDAQ:TRMB,29 Jan 2026,$71.27,3,$98.71,5,5.00,$50.35,41.55%,,,,$0.00,-100.00%,$74.69,48.34%,$83.45,65.73%,TRMB,NASDAQ:TRMB,-1.000,$81.27,21.46%
NASDAQ:TRMK,19 Nov 2025,$39.99,3,$42.50,4,2.76,$46.12,-13.29%,,,,$48.21,4.53%,-$205.29,-545.13%,-$194.37,-521.45%,TRMK,NASDAQ:TRMK,0.085,$47.65,-10.81%
NYSE:TRN,23 Aug 2025,$33.90,4,$29.00,3,,$36.77,-21.13%,,,,,-100.00%,-$2.00,-105.44%,-$2.00,-105.44%,TRN,NYSE:TRN,-2.000,,
NASDAQ:TROW,8 Jan 2026,$118.25,5,$113.60,7,2.95,$114.95,-1.17%,,,,$120.22,4.58%,$373.29,224.74%,$398.05,246.28%,TROW,NASDAQ:TROW,0.186,$110.00,3.27%
NASDAQ:TRST,19 Nov 2025,$40.35,3,,3,2.78,$56.45,-28.53%,,,,$57.29,1.49%,-$251.34,-545.24%,-$244.89,-533.82%,TRST,NASDAQ:TRST,0.190,$26.00,
NYSE:TRV,18 Sep 2025,$253.19,2,,,2.59,$376.37,-32.73%,,,,$380.09,0.99%,$469.61,24.77%,$523.98,39.22%,TRV,NYSE:TRV,0.043,$336.92,
NASDAQ:TSAT,19 Jan 2026,$24.33,2,,1,1.00,$39.38,-38.22%,,,,$0.00,-100.00%,$30.05,-23.68%,$37.62,-4.47%,TSAT,NASDAQ:TSAT,-1.000,$19.04,
NASDAQ:TSCO,23 July 2026,$47.09,3,$39.00,4,3.50,$30.32,28.63%,28.63%,$38.48,$47.09,$31.07,2.47%,$29.32,-3.30%,$18.72,-38.26%,TSCO,NASDAQ:TSCO,0.363,$38.48,1.35%
NASDAQ:TSEM,9 Feb 2026,$95.60,2,$131.00,10,4.03,$260.42,-63.29%,,,,$0.00,-100.00%,$340.29,30.67%,$367.97,41.30%,TSEM,NASDAQ:TSEM,-1.000,$313.83,-58.26%
NASDAQ:TSLA,15 Dec 2025,$312.61,1,$386.42,7,4.65,$319.69,-2.21%,,,,$0.00,-100.00%,$377.22,17.99%,$393.25,23.01%,TSLA,NASDAQ:TSLA,-1.000,$425.22,-9.12%
NYSE:TSN,26 Jun 2026,$58.80,4,$73.00,9,,$56.75,3.61%,3.61%,$58.80,$73.00,,-100.00%,-$2.00,-103.52%,-$2.00,-103.52%,TSN,NYSE:TSN,-2.000,,
NASDAQ:TSSI,4 Feb 2026,$12.86,4,$15.00,2,5.00,$10.47,22.83%,,,,$0.00,-100.00%,$28.73,174.43%,$29.49,181.67%,TSSI,NASDAQ:TSSI,-1.000,$18.00,-16.67%
NYSE:TT,31 Mar 2026,$379.88,2,$480.38,10,,$479.71,-20.81%,,,,,-100.00%,-$2.00,-100.42%,-$2.00,-100.42%,TT,NYSE:TT,-2.000,,
NYSE:TTC,3 Apr 2024,$80.79,2,,,3.25,$91.58,-11.79%,,,,$97.45,6.41%,$160.26,74.99%,$175.05,91.15%,TTC,NYSE:TTC,0.268,$109.25,
NASDAQ:TTGT,30 Jan 2026,$10.74,3,,,5.00,$3.56,201.62%,,,,$0.00,-100.00%,$4.79,34.60%,$1.19,-66.44%,TTGT,NASDAQ:TTGT,-1.000,$10.67,
NASDAQ:TTMI,5 Feb 2026,$83.36,2,$100.00,7,5.00,$144.85,-42.45%,,,,$0.00,-100.00%,$140.41,-3.07%,$158.16,9.19%,TTMI,NASDAQ:TTMI,-1.000,$212.00,-52.83%
NASDAQ:TTWO,12 Oct 2025,$173.47,1,,,1.10,$230.25,-24.66%,,,,$230.08,-0.07%,$239.47,4.00%,$331.26,43.87%,TTWO,NASDAQ:TTWO,-0.695,$284.14,
NYSE:TUYA,19 Aug 2025,$2.34,3,,,,$1.62,44.63%,,,,,-100.00%,-$2.00,-223.46%,-$2.00,-223.46%,TUYA,NYSE:TUYA,-2.000,,
NYSE:TV,3 Oct 2025,$2.63,3,$4.70,6,2.77,$2.79,-5.68%,,,,$2.89,3.58%,$5.22,87.08%,$47.48,1601.65%,TV,NYSE:TV,0.018,$3.81,23.36%
NYSE:TWI,20 Sep 2024,$12.61,3,,,5.00,$7.89,59.78%,,,,$0.00,-100.00%,$14.76,87.02%,$20.92,165.16%,TWI,NYSE:TWI,-1.000,$11.75,
NYSE:TWLO,27 Jan 2026,$126.44,3,$147.11,8,3.61,$185.06,-31.68%,,,,$0.00,-100.00%,$223.30,20.67%,$235.75,27.39%,TWLO,NYSE:TWLO,-1.000,$207.66,-29.16%
NASDAQ:TXN,19 Jan 2026,$191.02,3,,,,$284.99,-32.97%,,,,,-100.00%,-$2.00,-100.70%,-$2.00,-100.70%,TXN,NASDAQ:TXN,-2.000,,
NASDAQ:TXRH,18 Sep 2025,$146.40,1,,,2.67,$190.86,-23.29%,,,,$198.15,3.82%,$329.46,72.62%,$385.21,101.83%,TXRH,NASDAQ:TXRH,0.046,$198.00,
NYSE:TYL,24 Aug 2025,$541.31,3,$682.54,7,5.00,$288.16,87.85%,,,,$0.00,-100.00%,$435.91,51.27%,$501.99,74.21%,TYL,NYSE:TYL,-1.000,$437.52,56.00%
NYSE:UA,23 Dec 2025,$10.78,3,$7.50,4,5.00,$6.59,13.81%,,,,$0.00,-100.00%,$28.38,330.65%,$36.55,454.62%,UA,NYSE:UA,-1.000,$14.00,-46.43%
NYSE:UAA,23 Dec 2025,$11.22,3,$5.58,3,2.66,$6.74,-17.21%,,,,$0.00,-100.00%,$30.16,347.49%,$38.83,476.06%,UAA,NYSE:UAA,-1.000,$6.28,-11.15%
NYSEAMERICAN:UAMY,3 Jul 2025,$7.55,1,$4.94,7,,#N/A,#N/A,,,,,#N/A,-$2.00,#N/A,-$2.00,#N/A,UAMY,NYSEAMERICAN:UAMY,-2.000,,
NYSE:UBER,3 Feb 2026,$84.31,3,$111.26,7,5.00,$68.91,22.35%,,,,$0.00,-100.00%,$111.19,61.36%,$116.00,68.33%,UBER,NYSE:UBER,-1.000,$104.01,6.97%
NYSE:UBS,19 Aug 2025,$37.97,3,,,2.53,$51.55,-26.35%,,,,$53.39,3.57%,$19.99,-61.23%,-$5.12,-109.92%,UBS,NYSE:UBS,-0.010,$52.20,
NASDAQ:UBSI,27 May 2026,$44.17,3,$47.00,7,3.28,$47.36,-6.74%,,,,$48.52,2.45%,-$69.15,-246.01%,-$69.12,-245.94%,UBSI,NASDAQ:UBSI,0.322,$48.00,-2.08%
NASDAQ:UCB,21 Oct 2025,$31.41,3,$35.00,5,,$34.89,-9.97%,,,,,-100.00%,-$2.00,-105.73%,-$2.00,-105.73%,UCB,NYSE:UCB,-2.000,,
NYSE:UCB,19 Nov 2025,$31.12,3,$35.33,7,3.02,$34.89,-10.81%,,,,$36.08,3.41%,-$129.91,-472.34%,-$119.63,-442.87%,UCB,NYSE:UCB,0.181,$39.10,-9.64%
NASDAQ:UDMY,20 Aug 2025,$10.79,4,$10.00,5,,#N/A,#N/A,,,,,#N/A,-$2.00,#N/A,-$2.00,#N/A,UDMY,NASDAQ:UDMY,-2.000,,
NYSE:UDR,10 Sep 2025,$42.82,4,$44.23,9,2.99,$39.48,8.46%,,,,$40.49,2.56%,$36.48,-7.59%,$70.35,78.20%,UDR,NYSE:UDR,0.179,$42.00,5.31%
NASDAQ:UFPI,31 Jan 2025,$119.95,3,$155.00,3,3.02,$86.18,39.18%,,,,$88.52,2.72%,$207.06,140.27%,$232.96,170.32%,UFPI,NASDAQ:UFPI,0.164,$103.00,50.49%
NASDAQ:UFPT,4 Dec 2025,$299.56,3,,5,0.54,$236.21,26.82%,,,,$225.42,-4.57%,$238.98,1.17%,$279.68,18.40%,UFPT,NASDAQ:UFPT,-0.978,$324.50,
NYSE:UGP,20 Aug 2025,$4.45,3,$4.00,5,2.92,$6.56,-39.02%,,,,$6.63,1.07%,$7.72,17.61%,$12.41,89.11%,UGP,NYSE:UGP,0.170,$6.43,-37.79%
NYSE:UI,26 Jan 2026,$379.66,1,,,2.06,$529.36,-28.28%,,,,$534.46,0.96%,$710.12,34.15%,$715.24,35.11%,UI,NYSE:UI,-0.307,$826.00,
NYSE:UIS,29 Jan 2026,$4.30,3,$4.00,5,5.00,$3.26,22.70%,,,,$0.00,-100.00%,$2.62,-19.64%,-$10.65,-426.77%,UIS,NYSE:UIS,-1.000,$5.75,-30.43%
NYSE:UL,10 Sep 2025,$66.09,3,$67.00,6,,$60.21,9.76%,,,,,-100.00%,-$2.00,-103.32%,-$2.00,-103.32%,UL,NYSE:UL,-2.000,,
NYSE:ULS,19 Aug 2025,$55.15,1,,,2.88,$86.60,-36.31%,,,,$87.83,1.42%,$187.50,116.51%,$227.15,162.30%,ULS,NYSE:ULS,0.091,$108.95,
NASDAQ:UMBF,27 May 2026,$132.22,3,$147.00,9,2.66,$139.12,-4.96%,,,,$146.25,5.13%,-$416.02,-399.03%,-$389.31,-379.83%,UMBF,NASDAQ:UMBF,0.018,$157.77,-6.83%
NYSE:UMC,19 Jan 2026,$9.15,3,,,3.57,$20.87,-56.16%,,,,$22.28,6.76%,$36.37,74.28%,$58.62,180.86%,UMC,NYSE:UMC,0.502,$16.25,
NYSE:UNFI,24 Mar 2026,$78.83,5,$44.00,7,3.08,$48.59,-9.45%,,,,$0.00,-100.00%,$1.48,-96.96%,$64.97,33.71%,UNFI,NYSE:UNFI,-1.000,$49.38,-10.90%
NYSE:UNM,17 Feb 2025,$69.73,2,$100.00,7,3.01,$86.45,-19.35%,,,,$90.44,4.62%,-$163.37,-288.97%,-$155.72,-280.13%,UNM,NYSE:UNM,0.164,$102.23,-2.18%
NYSE:UNP,21 May 2024,$230.08,3,,,2.82,$304.33,-24.40%,,,,$301.41,-0.96%,$314.10,3.21%,$356.34,17.09%,UNP,NYSE:UNP,0.118,$306.67,
NASDAQ:UPBD,5 Feb 2026,$31.13,3,$29.00,6,3.90,$21.08,37.57%,,,,$22.92,8.73%,$136.81,549.00%,$541.72,2469.82%,UPBD,NASDAQ:UPBD,0.518,$28.64,1.26%
NASDAQ:URBN,4 Apr 2026,$63.30,3,$87.71,9,4.09,$69.61,-9.06%,,,,$0.00,-100.00%,$158.29,127.39%,$142.33,104.47%,URBN,NASDAQ:URBN,-1.000,$84.85,3.37%
NYSE:URI,9 Apr 2025,$683.12,5,$774.77,6,2.88,"$1,139.71",-40.06%,,,,"$1,057.05",-7.25%,"$1,305.64",14.56%,"$2,093.11",83.65%,URI,NYSE:URI,0.140,"$1,164.14",-33.45%
NASDAQ:UROY,18 Aug 2025,$3.73,4,$3.44,6,5.00,$3.10,10.97%,,,,$0.00,-100.00%,$4.96,60.04%,$4.97,60.33%,UROY,NASDAQ:UROY,-1.000,$4.49,-23.39%
NASDAQ:USAR,22 Jan 2026,$17.53,3,,,5.00,$15.14,15.79%,,,,$0.00,-100.00%,$20.98,38.60%,$23.00,51.90%,USAR,NASDAQ:USAR,-1.000,$39.50,
NYSE:USB,20 Mar 2026,$56.96,3,$64.06,8,2.79,$63.33,-10.06%,,,,$65.65,3.66%,$0.00,-100.00%,$0.00,-100.00%,USB,NYSE:USB,0.084,$69.66,-8.04%
NYSEAMERICAN:USBC,29 Jan 2026,$0.61,1,,,,$0.34,79.41%,,,,,-100.00%,-$2.00,-688.24%,-$2.00,-688.24%,USBC,NYSEAMERICAN:USBC,-2.000,,
NASDAQ:UTHR,23 Dec 2025,$479.02,3,$521.25,5,4.26,$529.53,-9.54%,,,,$0.00,-100.00%,$990.05,86.97%,"$1,019.26",92.48%,UTHR,NASDAQ:UTHR,-1.000,$663.08,-21.39%
NYSE:UTL,23 Jun 2026,$55.21,4,,,3.17,$55.28,-0.13%,,,,$56.77,2.70%,$22.07,-60.07%,$106.04,91.82%,UTL,NYSE:UTL,0.274,$55.67,
NASDAQ:UVSP,19 Nov 2025,$30.95,3,$34.00,4,3.12,$44.18,-29.94%,,,,$45.33,2.60%,-$155.33,-451.59%,-$151.59,-443.11%,UVSP,NASDAQ:UVSP,0.259,$42.67,-20.32%
NYSE:UVV,17 Mar 2026,$66.56,4,,2,3.81,$52.71,26.28%,,,,$55.49,5.27%,$207.24,293.17%,$230.56,337.41%,UVV,NYSE:UVV,0.473,$74.00,
NYSE:UWMC,26 Jun 2026,$3.01,4,$4.39,2,3.94,$1.74,72.99%,72.99%,$3.01,$4.39,$2.00,14.94%,-$26.53,-1624.93%,-$23.75,-1464.98%,UWMC,NYSE:UWMC,0.528,$3.98,10.30%
NYSE:V,7 Sep 2025,$315.05,2,$397.95,10,,$351.60,-10.39%,,,,,-100.00%,-$2.00,-100.57%,-$2.00,-100.57%,V,NYSE:V,-2.000,,
NYSE:VAL,30 Jun 2026,$84.57,3,$98.00,7,2.25,$79.15,6.85%,6.85%,$67.27,$98.00,$0.00,-100.00%,$107.57,35.90%,$67.36,-14.90%,VAL,NYSE:VAL,-1.000,$67.27,45.68%
NYSE:VALE,14 Jan 2026,$14.72,4,$14.34,10,3.66,$14.83,-3.30%,,,,$15.30,3.17%,$10.14,-31.63%,$16.87,13.76%,VALE,NYSE:VALE,0.461,$17.14,-16.34%
NASDAQ:VBNK,24 Aug 2025,$12.54,3,$12.24,3,1.95,$19.83,-38.28%,,,,$20.03,1.01%,-$37.14,-287.31%,-$36.51,-284.13%,VBNK,NASDAQ:VBNK,-0.312,$24.00,-49.00%
NASDAQ:VECO,5 Sep 2025,$35.14,3,$26.33,4,0.83,$54.58,-51.76%,,,,$52.09,-4.56%,$52.97,-2.96%,$56.26,3.08%,VECO,NASDAQ:VECO,-0.789,$60.33,-56.36%
NYSE:VFC,26 Aug 2025,$31.37,5,$14.25,6,2.93,$16.53,-13.79%,,,,$17.50,5.87%,$112.65,581.50%,$13.81,-16.44%,VFC,NYSE:VFC,0.117,$20.21,-29.49%
NASDAQ:VIAV,30 Jan 2026,$16.67,1,$25.06,2,5.00,$41.80,-60.11%,,,,$0.00,-100.00%,$41.72,-0.20%,$45.27,8.30%,VIAV,NASDAQ:VIAV,-1.000,$64.57,-61.19%
NYSE:VICI,19 Jun 2026,$33.66,5,$34.09,9,3.65,$26.32,27.89%,,,,$27.59,4.83%,$51.01,93.82%,$51.07,94.04%,VICI,NYSE:VICI,0.431,$33.25,2.53%
NASDAQ:VICR,30 Jan 2026,$121.65,1,$187.50,8,5.00,$231.38,-47.42%,,,,$0.00,-100.00%,$263.95,14.07%,$273.33,18.13%,VICR,NASDAQ:VICR,-1.000,$406.25,-53.85%
NASDAQ:VISN,23 Jul 2026,$12.68,3,,,4.81,$11.94,6.18%,6.18%,$12.68,$17.33,$13.13,9.97%,$45.60,281.89%,$67.04,461.47%,VISN,NASDAQ:VISN,0.915,$17.33,
NYSE:VIST,13 Jun 2025,$50.56,3,$70.00,6,5.00,$69.06,-26.79%,,,,$0.00,-100.00%,$253.93,267.69%,$405.22,486.77%,VIST,NYSE:VIST,-1.000,$97.29,-28.05%
NYSE:VIV,17 Feb 2025,$11.28,3,$11.80,5,3.16,$13.70,-17.68%,,,,$14.58,6.42%,$32.07,134.06%,$64.19,368.53%,VIV,NYSE:VIV,0.247,$15.27,-22.72%
NASDAQ:VLGEA,17 Mar 2026,$43.63,3,,6,2.71,$42.20,3.39%,,,,$44.79,6.14%,$111.37,163.91%,$166.85,295.37%,VLGEA,NASDAQ:VLGEA,0.084,,
NYSE:VLN,9 Feb 2026,$2.14,3,$3.33,6,5.00,$1.72,24.42%,,,,$0.00,-100.00%,$3.46,101.26%,$2.60,51.07%,VLN,NYSE:VLN,-1.000,$4.33,-23.09%
NYSE:VLO,29 Jun 2026,$198.17,1,$266.27,9,2.57,$305.26,-35.08%,-35.08%,$198.17,$287.28,$325.24,6.55%,$379.14,24.20%,$486.27,59.30%,VLO,NYSE:VLO,0.020,$287.28,-7.31%
NYSE:VLRS,22 Aug 2025,$7.94,3,$7.67,4,4.12,$7.56,1.46%,,,,$0.00,-100.00%,$58.33,671.55%,$149.69,1880.04%,VLRS,NYSE:VLRS,-1.000,$9.25,-17.08%
NASDAQ:VLY,19 Nov 2025,$10.95,3,$13.73,9,3.78,$14.45,-24.20%,,,,$15.17,4.98%,$0.00,-100.00%,$0.00,-100.00%,VLY,NASDAQ:VLY,0.514,$16.47,-16.64%
NYSE:VMC,31 Dec 2025,$246.19,1,$331.22,9,,$274.93,-10.45%,,,,,-100.00%,-$2.00,-100.73%,-$2.00,-100.73%,VMC,NYSE:VMC,-2.000,,
NASDAQ:VNDA,13 Nov 2025,$5.38,3,$15.50,8,5.00,$5.36,0.34%,,,,$0.00,-100.00%,$6.26,16.76%,$8.06,50.41%,VNDA,NASDAQ:VNDA,-1.000,$14.12,9.77%
NASDAQ:VNET,9 Feb 2026,$7.43,1,$13.80,7,,$7.77,-4.40%,,,,,-100.00%,-$2.00,-125.74%,-$2.00,-125.74%,VNET,NASDAQ:VNET,-2.000,,
NYSE:VNO,28 May 2026,$40.08,3,$31.60,8,3.24,$39.00,-18.97%,,,,$40.65,4.23%,-$0.28,-100.71%,$33.17,-14.95%,VNO,NYSE:VNO,0.307,$38.85,-18.66%
NYSEAMERICAN:VNRX,11 Dec 2025,$0.32,1,$2.25,8,,$1.08,-70.37%,,,,,-100.00%,-$2.00,-285.19%,-$2.00,-285.19%,VNRX,NYSEAMERICAN:VNRX,-2.000,,
NYSE:VNT,11 Feb 2026,$45.33,3,$47.25,4,1.39,$30.27,49.75%,,,,$29.77,-1.65%,$28.29,-6.55%,$43.31,43.07%,VNT,NYSE:VNT,-0.586,$39.70,19.02%
NASDAQ:VRDN,19 May 2025,$24.97,4,$37.70,3,5.00,$19.26,29.65%,,,,$0.00,-100.00%,$13.70,-28.85%,$13.61,-29.33%,VRDN,NASDAQ:VRDN,-1.000,$36.12,4.37%
NASDAQ:VREX,16 Dec 2025,$15.01,4,$15.33,7,5.00,$10.72,40.02%,,,,$0.00,-100.00%,$14.54,35.60%,$20.56,91.79%,VREX,NASDAQ:VREX,-1.000,$18.00,-14.83%
NASDAQ:VRRM,30 Jan 2026,$22.14,4,$25.00,5,0.52,$3.90,467.67%,,,,$3.67,-5.90%,$0.94,-75.84%,$13.63,249.39%,VRRM,NASDAQ:VRRM,-0.992,$9.86,153.55%
NASDAQ:VSAT,30 Jan 2026,$27.54,2,$45.00,6,0.79,$74.27,-62.91%,,,,$71.74,-3.41%,$14.14,-80.96%,$142.34,91.65%,VSAT,NASDAQ:VSAT,-0.841,$94.56,-52.41%
NYSE:VSCO,12 Jun 2025,$36.51,5,$22.56,8,,#N/A,#N/A,,,,$0.00,#N/A,$247.33,#N/A,$274.77,#N/A,VSCO,NYSE:VSCO,-1.000,$64.44,-64.99%
NYSE:VSH,28 Jan 2026,$21.32,3,$16.00,5,3.07,$40.80,-60.78%,,,,$41.88,2.65%,$34.72,-14.89%,$31.96,-21.65%,VSH,NYSE:VSH,0.269,$34.00,-52.94%
NYSE:VTEX,15 Dec 2025,$4.81,3,$6.10,1,5.00,$3.88,24.10%,,,,$0.00,-100.00%,$9.80,152.59%,$10.31,165.83%,VTEX,NYSE:VTEX,-1.000,$6.01,1.50%
NYSE:VTMX,15 Jun 2025,$34.66,3,$21.00,5,2.56,$33.69,-37.67%,,,,$34.13,1.31%,$26.68,-20.82%,$26.94,-20.03%,VTMX,NYSE:VTMX,-0.018,$36.90,-43.09%
NYSE:VTR,19 Sep 2025,$68.32,3,$76.83,9,,$97.92,-30.23%,,,,,-100.00%,-$2.00,-102.04%,-$2.00,-102.04%,VTR,NYSE:VTR,-2.000,,
NASDAQ:VVPR,9 Feb 2026,$2.07,3,,,,#N/A,#N/A,,,,,#N/A,-$2.00,#N/A,-$2.00,#N/A,VVPR,NASDAQ:VVPR,-2.000,,
NYSE:VVV,18 Sep 2025,$45.89,3,,,0.46,$38.31,19.80%,,,,$37.24,-2.79%,$23.03,-39.88%,$33.86,-11.61%,VVV,NYSE:VVV,-0.954,$42.40,
NYSE:VVX,11 Aug 2025,$66.16,5,$61.22,3,0.38,$83.98,-27.10%,,,,$75.69,-9.87%,$305.28,263.52%,$350.39,317.23%,VVX,NYSE:VVX,-0.961,$82.45,-25.75%
NYSE:VYX,25 Feb 2026,$13.06,5,$15.13,6,5.00,$7.60,71.80%,,,,$0.00,-100.00%,-$10.92,-243.75%,$11.14,46.57%,VYX,NYSE:VYX,-1.000,$12.96,16.74%
NYSEAMERICAN:VZLA,14 Aug 2025,$4.47,,$4.07,8,0.91,$3.24,25.62%,,,,$3.24,0.00%,$3.09,-4.62%,$3.09,-4.57%,VZLA,NYSEAMERICAN:VZLA,-0.816,$6.60,-38.33%
NYSE:WAB,23 Aug 2025,$179.00,2,,,1.70,$297.99,-39.93%,,,,$272.23,-8.64%,$294.36,-1.22%,$350.12,17.49%,WAB,NYSE:WAB,-0.382,$302.83,
NASDAQ:WABC,1 Jun 2026,$57.44,3,$58.00,4,2.88,$60.31,-4.76%,,,,$61.72,2.34%,$0.00,-100.00%,$0.00,-100.00%,WABC,NASDAQ:WABC,0.134,$64.00,-9.38%
NASDAQ:WAFD,27 May 2026,$37.31,3,$37.00,8,3.08,$36.72,0.76%,,,,$37.85,3.08%,$0.00,-100.00%,$0.00,-100.00%,WAFD,NASDAQ:WAFD,0.228,$38.25,-3.27%
NYSE:WAL,14 Jul 2026,$86.73,3,$90.38,7,2.79,$82.97,4.54%,4.54%,$86.73,$90.53,$85.45,2.99%,-$641.27,-872.89%,-$632.87,-862.76%,WAL,NYSE:WAL,0.085,$90.53,-0.17%
NASDAQ:WASH,27 May 2026,$34.83,3,$33.33,8,3.79,$37.62,-11.40%,,,,$40.41,7.42%,$0.00,-100.00%,$0.00,-100.00%,WASH,NASDAQ:WASH,0.573,$33.75,-1.24%
NYSE:WBS,10 Mar 2026,$76.23,3,$74.69,7,2.74,$75.46,-1.02%,,,,$78.38,3.87%,-$260.65,-445.41%,-$252.55,-434.68%,WBS,NYSE:WBS,0.087,$75.25,-0.74%
NYSE:WD,23 Dec 2025,$82.23,3,$84.00,6,3.30,$46.81,75.68%,,,,$49.62,6.00%,$277.02,491.79%,$345.14,637.32%,WD,NYSE:WD,0.242,$67.33,24.76%
NASDAQ:WDC,23 Aug 2024,$68.21,3,,,1.08,$558.30,-87.78%,,,,$519.68,-6.92%,$668.47,19.73%,$683.61,22.45%,WDC,NASDAQ:WDC,-0.685,$633.83,
NYSE:WDS,18 May 2026,$26.11,4,,6,2.98,$22.34,16.88%,,,,$23.06,3.22%,$0.00,-100.00%,$0.00,-100.00%,WDS,NYSE:WDS,0.193,,
NYSE:WEC,14 Jan 2026,$103.97,2,,,2.85,$114.72,-9.37%,,,,$115.62,0.78%,$69.07,-39.79%,$145.44,26.78%,WEC,NYSE:WEC,0.115,$124.42,
NYSE:WELL,18 Sep 2025,$151.80,2,,,2.45,$247.05,-38.56%,,,,$247.51,0.19%,$250.32,1.32%,$307.58,24.50%,WELL,NYSE:WELL,-0.042,$243.50,
NASDAQ:WEN,9 Sep 2025,$16.85,3,$11.97,6,3.28,$7.17,66.95%,,,,$7.93,10.60%,-$4.78,-166.71%,$4.18,-41.65%,WEN,NASDAQ:WEN,0.308,$7.78,53.86%
NYSE:WF,19 Nov 2025,$51.73,3,,,3.25,$62.72,-17.52%,,,,$64.69,3.14%,-$314.22,-600.99%,-$280.34,-546.97%,WF,NYSE:WF,0.221,$91.12,
NYSE:WFC,14 Aug 2025,$71.42,3,$87.67,6,2.77,$86.19,-17.13%,,,,$89.68,4.05%,$0.00,-100.00%,$0.00,-100.00%,WFC,NYSE:WFC,0.063,$100.07,-12.39%
NYSE:WFG,24 Oct 2025,$81.03,3,$95.74,7,3.49,$66.70,21.48%,,,,$69.46,4.14%,$113.69,70.45%,$190.91,186.22%,WFG,NYSE:WFG,0.354,$85.17,12.41%
NASDAQ:WFRD,20 Jul 2026,$84.88,3,$121.00,10,3.30,$85.60,-0.84%,-0.84%,$84.88,$121.00,$93.76,9.53%,$137.89,61.08%,$203.80,138.09%,WFRD,NASDAQ:WFRD,0.252,$117.67,2.83%
NYSE:WGO,13 Sep 2024,$83.32,5,,,2.67,$30.07,177.07%,,,,$30.86,2.63%,$0.00,-100.00%,$0.00,-100.00%,WGO,NYSE:WGO,-0.004,$38.00,
NYSE:WHD,18 Feb 2026,$69.67,3,$55.50,5,2.96,$55.39,0.20%,,,,$57.95,4.62%,$108.67,96.19%,$125.91,127.32%,WHD,NYSE:WHD,0.150,$63.89,-13.13%
NYSE:WIT,19 Jan 2026,$2.58,2,,7,4.60,$1.78,44.94%,,,,$1.96,10.11%,$170.68,9488.55%,$217.33,12109.59%,WIT,NYSE:WIT,0.914,$1.75,
NYSE:WK,10 Feb 2026,$82.53,4,$109.00,8,5.00,$50.68,62.85%,,,,$0.00,-100.00%,$56.09,10.67%,$58.58,15.59%,WK,NYSE:WK,-1.000,$77.80,40.10%
NYSE:WKC,16 Sep 2025,$32.51,4,$29.00,6,2.47,#N/A,#N/A,,,,$36.31,#N/A,-$13.56,#N/A,$5.13,#N/A,WKC,NYSE:WKC,-0.012,$30.00,-3.33%
NASDAQ:WKHS,12 Dec 2024,$1.13,,,4,,$2.76,-59.06%,,,,,-100.00%,-$2.00,-172.46%,-$2.00,-172.46%,WKHS,NASDAQ:WKHS,-2.000,,
NYSE:WMB,22 Jan 2026,$57.39,2,$71.00,9,,$75.25,-23.74%,,,,,-100.00%,-$2.00,-102.66%,-$2.00,-102.66%,WMB,NYSE:WMB,-2.000,,
NYSE:WMK,17 Mar 2026,$74.25,4,,4,2.92,$74.74,-0.65%,,,,$79.73,6.68%,$108.20,44.76%,$98.19,31.38%,WMK,NYSE:WMK,0.254,$31.00,
NYSE:WMS,5 May 2025,$162.55,3,$140.71,7,2.54,$140.46,0.18%,,,,$140.73,0.19%,$191.89,36.61%,$151.72,8.02%,WMS,NYSE:WMS,-0.069,$182.20,-22.77%
NYSE:WOR,16 Dec 2024,$43.00,4,,4,3.11,$55.19,-22.09%,,,,$56.78,2.88%,$80.46,45.79%,$93.08,68.65%,WOR,NYSE:WOR,0.205,$65.60,
NYSE:WPM,19 Nov 2025,$65.01,2,$128.93,7,2.57,$110.03,-40.92%,,,,$112.02,1.81%,$203.17,84.65%,$213.96,94.45%,WPM,NYSE:WPM,-0.081,$171.45,-24.80%
NYSE:WPP,9 Sep 2025,$37.50,3,,6,,$18.13,106.81%,,,,,-100.00%,-$2.00,-111.03%,-$2.00,-111.03%,WPP,NYSE:WPP,-2.000,,
NASDAQ:WRLD,19 Nov 2025,$145.37,3,,1,3.11,$181.08,-19.72%,,,,$0.00,-100.00%,$0.00,-100.00%,$0.00,-100.00%,WRLD,NASDAQ:WRLD,-1.000,$185.00,
NASDAQ:WSBC,27 May 2026,$35.79,3,$39.75,9,3.23,$40.08,-10.70%,,,,$42.20,5.29%,-$131.82,-428.90%,-$131.54,-428.19%,WSBC,NASDAQ:WSBC,0.299,$40.44,-1.71%
NASDAQ:WSC,19 Aug 2025,$32.85,3,$33.40,7,1.95,$26.88,22.22%,,,,$26.19,-2.57%,$48.10,78.95%,$74.50,177.14%,WSC,NASDAQ:WSC,-0.282,$28.80,15.97%
NASDAQ:WSFS,27 May 2026,$70.81,3,$78.70,6,2.69,$78.96,-10.32%,,,,$80.52,1.98%,-$166.15,-310.42%,-$155.52,-296.96%,WSFS,NASDAQ:WSFS,0.051,$82.67,-4.80%
NYSE:WSM,19 Aug 2025,$178.74,2,,,2.53,$218.60,-18.23%,,,,$223.50,2.24%,$255.97,17.09%,$278.55,27.43%,WSM,NYSE:WSM,-0.003,$212.63,
NYSE:WSO,1 Jul 2024,$356.65,1,,,3.70,$359.85,-0.89%,,,,$384.56,6.87%,$592.03,64.52%,$605.38,68.23%,WSO,NYSE:WSO,0.468,$428.70,
NYSE:WT,27 Aug 2025,$14.51,4,$13.88,8,2.40,$19.70,-29.54%,,,,$20.14,2.23%,$22.22,12.80%,$22.97,16.62%,WT,NYSE:WT,-0.078,$20.56,-32.49%
NASDAQ:WTFC,28 Apr 2026,$145.18,3,$179.88,8,3.04,$157.77,-7.98%,,,,$162.39,2.93%,$0.00,-100.00%,$0.00,-100.00%,WTFC,NASDAQ:WTFC,0.187,$179.14,0.41%
NYSE:WTS,19 Nov 2025,$243.48,2,$290.50,3,2.39,$343.67,-29.15%,,,,$343.63,-0.01%,$367.17,6.84%,$403.59,17.44%,WTS,NYSE:WTS,-0.080,$358.33,-18.93%
NASDAQ:WTW,3 Sep 2025,$319.57,3,,,2.34,$288.37,10.82%,,,,$286.88,-0.52%,$364.14,26.28%,$143.49,-50.24%,WTW,NASDAQ:WTW,-0.134,$339.68,
NYSE:WU,9 Sep 2025,$14.43,3,$8.65,5,4.01,$8.31,4.09%,,,,$8.97,7.94%,-$0.46,-105.51%,$5.31,-36.04%,WU,NYSE:WU,0.642,$8.57,0.93%
NASDAQ:WULF,23 Dec 2025,$11.85,3,$21.73,10,1.52,$20.05,-40.87%,,,,$19.16,-4.44%,$7.65,-61.85%,$8.04,-59.91%,WULF,NASDAQ:WULF,-0.547,$38.59,-43.69%
NASDAQ:WVE,19 Aug 2025,$9.10,3,,,,$5.78,57.37%,,,,,-100.00%,-$2.00,-134.60%,-$2.00,-134.60%,WVE,NASDAQ:WVE,-2.000,,
NYSE:WWW,24 May 2026,$24.95,5,$22.50,8,1.99,$18.45,21.95%,,,,$18.74,1.57%,$52.40,184.03%,$57.82,213.39%,WWW,NYSE:WWW,-0.287,$21.70,3.69%
NASDAQ:XEL,18 Sep 2025,$67.13,2,,,3.13,$80.77,-16.89%,,,,$82.11,1.66%,-$16.95,-120.99%,$14.55,-81.98%,XEL,NASDAQ:XEL,0.225,$93.00,
NASDAQ:XGN,25 Aug 2025,$7.35,3,,,5.00,$4.95,48.56%,,,,$0.00,-100.00%,$7.20,45.37%,$8.02,62.06%,XGN,NASDAQ:XGN,-1.000,$8.57,
NASDAQ:XMTR,23 Dec 2025,$38.29,2,,,3.56,$86.51,-55.74%,,,,$0.00,-100.00%,$91.37,5.62%,$94.81,9.59%,XMTR,NASDAQ:XMTR,-1.000,$96.25,
NASDAQ:XNET,11 Feb 2026,$5.15,3,,5,5.00,$5.56,-7.34%,,,,$0.00,-100.00%,$28.59,414.19%,$37.23,569.61%,XNET,NASDAQ:XNET,-1.000,$12.00,
NYSE:XOM,23 Aug 2024,$132.36,4,,,2.89,$156.89,-15.64%,,,,$157.76,0.55%,$139.55,-11.05%,$204.63,30.43%,XOM,NYSE:XOM,0.135,$167.14,
NASDAQ:XP,26 Jun 2026,$17.06,3,$24.00,4,2.76,$16.83,1.37%,1.37%,$17.06,$24.00,$17.60,4.58%,-$718.59,-4369.68%,-$716.45,-4356.99%,XP,NASDAQ:XP,0.003,$23.59,1.74%
NASDAQ:XPEL,29 Nov 2024,$53.10,3,,,4.09,$42.44,25.12%,,,,$0.00,-100.00%,$77.81,83.34%,$48.54,14.38%,XPEL,NASDAQ:XPEL,-1.000,$51.67,
NYSE:XPEV,15 Dec 2025,$20.30,3,$29.67,6,,$12.76,59.11%,,,,,-100.00%,-$2.00,-115.67%,-$2.00,-115.67%,XPEV,NYSE:XPEV,-2.000,,
NYSE:XYF,9 Sep 2025,$13.63,3,,,,$4.78,185.08%,,,,,-100.00%,-$2.00,-141.84%,-$2.00,-141.84%,XYF,NYSE:XYF,-2.000,,
NYSE:XYL,11 Nov 2025,$146.77,2,,,2.68,$116.87,25.59%,,,,$117.46,0.50%,$108.60,-7.08%,$147.59,26.28%,XYL,NYSE:XYL,-0.004,$150.35,
NYSE:XYZ,11 Feb 2026,$75.58,3,,,4.06,$76.49,-1.18%,,,,$0.00,-100.00%,$145.60,90.35%,$132.98,73.85%,XYZ,NYSE:XYZ,-1.000,$92.65,
NYSE:YALA,11 Feb 2026,$6.10,3,,6,,$5.21,17.08%,,,,,-100.00%,-$2.00,-138.39%,-$2.00,-138.39%,YALA,NYSE:YALA,-2.000,,
NASDAQ:YB,11 Feb 2026,$20.18,3,,,,$13.43,50.24%,,,,,-100.00%,-$2.00,-114.89%,-$2.00,-114.89%,YB,NASDAQ:YB,-2.000,,
NYSE:YMM,11 Feb 2026,$11.83,4,$11.96,6,,$9.07,30.43%,,,,,-100.00%,-$2.00,-122.05%,-$2.00,-122.05%,YMM,NYSE:YMM,-2.000,,
NYSE:YPF,12 Feb 2026,$42.64,3,$39.40,2,2.58,$51.92,-24.11%,,,,$52.51,1.14%,"$94,794.13",182477.28%,"$244,769.03",471334.96%,YPF,NYSE:YPF,-0.014,$57.91,-31.96%
NYSE:YUM,18 Sep 2025,$140.70,3,,,,$147.37,-4.53%,,,,,-100.00%,-$2.00,-101.36%,-$2.00,-101.36%,YUM,NYSE:YUM,-2.000,,
NASDAQ:YYGH,19 Aug 2025,$1.90,3,,,,$1.28,48.79%,,,,,-100.00%,-$2.00,-256.25%,-$2.00,-256.25%,YYGH,NASDAQ:YYGH,-2.000,,
NYSE:ZBH,11 Dec 2025,$110.32,5,$103.50,5,2.68,$89.65,15.45%,,,,$91.37,1.92%,$159.55,77.97%,$251.47,180.50%,ZBH,NYSE:ZBH,0.037,$98.60,4.97%
NASDAQ:ZBRA,30 Jan 2026,$311.75,3,$319.75,8,0.47,$256.95,21.33%,,,,$240.66,-6.34%,$303.96,18.30%,$350.59,36.44%,ZBRA,NASDAQ:ZBRA,-0.991,$333.18,-4.03%
NASDAQ:ZD,23 Feb 2024,$75.69,3,,,2.77,$51.81,46.10%,,,,$0.00,-100.00%,$143.85,177.65%,$123.36,138.11%,ZD,NASDAQ:ZD,-1.000,$49.40,
NASDAQ:ZEUS,22 Aug 2025,$42.35,3,$38.00,3,,#N/A,#N/A,,,,$0.00,#N/A,$0.00,#N/A,$0.00,#N/A,ZEUS,NASDAQ:ZEUS,-1.000,$38.00,0.00%
NYSE:ZGN,23 Dec 2025,$14.49,4,$11.45,8,,$13.81,-17.09%,,,,,-100.00%,-$2.00,-114.48%,-$2.00,-114.48%,ZGN,NYSE:ZGN,-2.000,,
NYSE:ZH,3 Sep 2025,$6.32,4,,8,,$3.13,102.01%,,,,,-100.00%,-$2.00,-163.90%,-$2.00,-163.90%,ZH,NYSE:ZH,-2.000,,
NYSE:ZIM,19 Nov 2025,$20.23,4,$11.83,3,3.46,$25.59,-53.77%,,,,$25.85,1.02%,$78.29,205.95%,$181.97,611.09%,ZIM,NYSE:ZIM,0.410,$24.95,-52.59%
NASDAQ:ZION,12 Oct 2025,$55.40,3,,,3.05,$69.16,-19.90%,,,,$71.73,3.72%,$0.00,-100.00%,$0.00,-100.00%,ZION,NASDAQ:ZION,0.208,$73.19,
NASDAQ:LULU,30 Mar 2026,$260.18,3,$182.42,2,3.78,$110.63,64.89%,,,,$0.00,-100.00%,$172.64,56.05%,$253.45,129.10%,LULU,NASDAQ:LULU,-1.000,$127.92,42.60%
NYSE:LOW,26 Mar 2026,$245.53,4,$293.29,8,3.73,$201.92,21.60%,,,,$211.17,4.58%,$295.56,46.38%,$343.68,70.20%,LOW,NYSE:LOW,0.456,$263.73,11.21%
NYSE:OII,30 Jun 2026,$31.11,2,$38.00,10,1.80,$48.02,-35.21%,-35.21%,$31.11,$38.00,$0.00,-100.00%,$85.60,78.27%,$96.97,101.94%,OII,NYSE:OII,-1.000,$36.50,4.11%
NASDAQ:SPOK,10 Apr 2026,$17.65,5,$14.00,4,3.97,$10.51,33.21%,,,,$11.04,5.04%,$14.49,37.87%,$16.35,55.60%,SPOK,NASDAQ:SPOK,0.559,$14.00,0.00%
NYSE:HTGC,30 Mar 2026,$16.87,3,$19.25,4,3.62,$15.64,7.85%,,,,$16.68,6.65%,$29.50,88.64%,$29.82,90.65%,HTGC,NYSE:HTGC,0.425,$19.03,1.16%
NASDAQ:RWAY,30 Mar 2026,$9.18,4,$8.00,6,3.30,$5.47,46.25%,,,,$5.80,6.03%,$6.22,13.78%,$4.42,-19.25%,RWAY,NASDAQ:RWAY,0.245,$8.29,-3.50%
NASDAQ:CCAP,30 Mar 2026,$15.59,3,$14.25,6,3.47,$10.78,32.19%,,,,$11.41,5.84%,$30.14,179.55%,$32.44,200.97%,CCAP,NASDAQ:CCAP,0.345,$14.00,1.79%
NASDAQ:CCEP,19 Mar 2026,$99.72,3,$108.12,7,,$103.62,-3.76%,,,,,-100.00%,-$2.00,-101.93%,-$2.00,-101.93%,CCEP,NASDAQ:CCEP,-2.000,,
NASDAQ:CIVB,19 Mar 2026,$24.05,3,$27.33,6,2.62,$28.29,-14.99%,,,,$29.18,3.15%,-$110.62,-491.01%,-$109.99,-488.78%,CIVB,NASDAQ:CIVB,0.028,$29.00,-5.76%
NASDAQ:AUPH,1 Jun 2026,$13.51,3,$15.67,7,0.38,$15.24,-11.38%,,,,$14.31,-6.10%,$26.06,70.99%,$27.20,78.47%,AUPH,NASDAQ:AUPH,-0.990,$17.00,-7.82%
NASDAQ:CASS,24 Jun 2026,$50.17,3,,,2.79,$53.97,-7.04%,,,,$53.93,-0.07%,-$68.59,-227.10%,-$62.97,-216.68%,CASS,NASDAQ:CASS,0.106,$54.00,
NASDAQ:EXEL,1 May 2026,$47.67,3,$46.00,6,2.58,$55.65,-17.34%,,,,$0.00,-100.00%,$115.18,106.97%,$117.02,110.27%,EXEL,NASDAQ:EXEL,-1.000,$50.93,-9.68%
NASDAQ:PBYI,1 Jun 2026,$5.88,3,$5.00,6,0.26,$8.01,-37.58%,,,,$7.55,-5.74%,$26.31,228.45%,$29.73,271.12%,PBYI,NASDAQ:PBYI,-0.936,$5.00,0.00%
NASDAQ:LEGH,29 Jun 2026,$32.03,4,$28.00,8,2.98,$26.10,7.28%,7.28%,$26.00,$32.03,$0.00,-100.00%,$32.46,24.35%,$33.48,28.26%,LEGH,NASDAQ:LEGH,-1.000,$26.00,7.69%
NYSE:UHS,30 Mar 2026,$213.24,5,$245.00,3,1.81,$151.27,40.97%,,,,$148.84,-1.61%,$234.11,54.76%,$426.45,181.91%,UHS,NYSE:UHS,-0.410,$205.24,19.37%
NYSE:EMA,30 Mar 2026,$47.50,2,,,3.79,$54.81,-13.34%,,,,$0.00,-100.00%,$10.02,-81.71%,$12.61,-77.00%,EMA,NYSE:EMA,-1.000,$63.50,
NYSE:NXDT,30 Mar 2026,$4.25,3,,,3.33,$5.42,-21.59%,,,,$5.90,8.86%,$1.17,-78.48%,$2.33,-57.07%,NXDT,NYSE:NXDT,0.334,,
NASDAQ:LOGI,30 Mar 2026,$102.94,4,$112.27,6,2.89,$102.90,0.04%,,,,$107.67,4.64%,$195.99,90.46%,$204.69,98.92%,LOGI,NASDAQ:LOGI,0.134,$111.20,0.96%
NASDAQ:ACAD,14 Jun 2026,$22.38,3,$32.18,7,4.60,$24.83,-9.86%,,,,$0.00,-100.00%,$31.84,28.25%,$32.72,31.77%,ACAD,NASDAQ:ACAD,-1.000,$32.80,-1.89%
NASDAQ:PDEX,31 Mar 2026,$63.00,4,,5,1.15,$54.67,15.24%,,,,$52.46,-4.04%,$76.65,40.20%,$84.00,53.64%,PDEX,NASDAQ:PDEX,-0.686,$70.00,
NYSE:HLF,10 Apr 2026,$16.11,3,$15.00,10,5.00,$11.80,27.12%,,,,$0.00,-100.00%,$19.27,63.32%,$30.43,157.88%,HLF,NYSE:HLF,-1.000,$18.33,-18.17%
NASDAQ:INVA,27 May 2026,$23.82,3,$34.50,8,5.00,$21.20,12.34%,,,,$0.00,-100.00%,$55.45,161.57%,$64.71,205.22%,INVA,NASDAQ:INVA,-1.000,$35.50,-2.82%
NYSE:MTH,31 Mar 2026,$81.04,5,$83.50,1,3.04,$71.58,13.22%,,,,$75.12,4.95%,$90.83,26.89%,$94.14,31.52%,MTH,NYSE:MTH,0.188,$81.62,2.30%
NYSE:CBT,29 Apr 2026,$98.58,5,$78.00,6,2.95,$89.11,-12.47%,,,,$92.34,3.62%,$88.86,-0.28%,$124.06,39.22%,CBT,NYSE:CBT,0.174,$91.17,-14.45%
NASDAQ:JOYY,21 May 2026,$63.47,5,,,3.01,$72.58,-12.55%,,,,$74.07,2.05%,$162.11,123.36%,$189.08,160.52%,JOYY,NASDAQ:JOYY,0.183,$79.87,
NASDAQ:MU,22 Apr 2026,$420.62,3,$543.20,8,2.39,$990.21,-57.52%,,,,$945.57,-4.51%,"$1,607.94",62.38%,"$1,712.40",72.93%,MU,NASDAQ:MU,-0.160,"$1,491.95",-63.59%
NASDAQ:MDXG,22 Apr 2026,$5.83,3,$8.00,7,5.00,$4.13,41.26%,,,,$0.00,-100.00%,$6.03,45.98%,$6.63,60.47%,MDXG,NASDAQ:MDXG,-1.000,$6.60,21.21%
NASDAQ:RIGL,4 Apr 2026,$33.48,4,$45.67,9,1.09,$36.82,-9.07%,,,,$37.00,0.49%,$44.12,19.84%,$45.72,24.18%,RIGL,NASDAQ:RIGL,-0.737,$54.20,-15.74%
NASDAQ:BKNG,15 Jun 2026,$206.77,5,$220.15,7,2.38,$172.83,19.64%,,,,$178.33,3.18%,$403.29,133.34%,$415.15,140.21%,BKNG,NASDAQ:BKNG,-0.141,$224.06,-1.75%
NASDAQ:RMR,15 Jun 2026,$22.56,4,$21.00,7,3.89,$19.79,6.11%,,,,$21.05,6.37%,$104.14,426.20%,$113.44,473.23%,RMR,NASDAQ:RMR,0.586,$20.75,1.20%
NYSE:REX,7 Apr 2026,$45.52,3,,,3.52,$45.33,0.42%,,,,$0.00,-100.00%,$99.66,119.86%,$109.41,141.37%,REX,NYSE:REX,-1.000,$50.00,
NYSE:WS,23 Apr 2026,$36.83,3,$38.00,7,2.80,$35.98,2.36%,,,,$37.20,3.39%,$44.79,24.50%,$55.39,53.96%,WS,NYSE:WS,0.050,$46.00,-17.39%
NYSE:ARDT,9 Apr 2026,$17.13,3,$12.47,4,0.63,$10.42,19.67%,,,,$10.02,-3.84%,$9.78,-6.13%,$23.14,122.05%,ARDT,NYSE:ARDT,-0.887,$12.05,3.49%
NASDAQ:BYRN,10 Apr 2026,$17.11,3,$20.50,4,0.71,$3.37,407.72%,,,,$3.23,-4.15%,$8.34,147.42%,$9.48,181.18%,BYRN,NASDAQ:BYRN,-0.909,$6.83,200.15%
NYSE:VTOL,30 Jun 2026,$44.08,3,$56.00,5,0.59,$45.16,-2.39%,-2.39%,$44.08,$62.00,$43.06,-4.65%,$70.03,55.07%,$84.11,86.24%,VTOL,NYSE:VTOL,-0.952,$62.00,-9.68%
NYSE:YELP,10 Apr 2026,$41.52,3,$25.00,3,3.45,$24.50,2.04%,,,,$0.00,-100.00%,$78.82,221.73%,$100.15,308.77%,YELP,NYSE:YELP,-1.000,$26.71,-6.40%
NYSE:EMN,23 Jul 2026,$93.34,5,$82.75,7,3.18,$67.92,21.83%,21.83%,$81.13,$93.34,$72.05,6.08%,$73.59,8.34%,$116.53,71.56%,EMN,NYSE:EMN,0.235,$81.13,2.00%
NYSE:LEVI,24 Jun 2026,$25.35,4,$26.91,4,3.03,$24.10,5.19%,,,,$25.25,4.77%,$132.09,448.08%,$169.11,601.71%,LEVI,NYSE:LEVI,0.174,$28.20,-4.57%
NASDAQ:CWBC,14 Apr 2026,$22.95,3,$27.50,9,3.36,$26.62,-13.77%,,,,$27.82,4.51%,$0.00,-100.00%,$0.00,-100.00%,CWBC,NASDAQ:CWBC,0.339,$28.88,-4.78%
NASDAQ:NRDS,16 Apr 2026,$15.41,5,$14.75,5,0.89,$8.71,69.35%,,,,$8.72,0.11%,$65.28,649.54%,$84.82,873.82%,NRDS,NASDAQ:NRDS,-0.823,$12.00,22.92%
NYSE:LZB,29 Apr 2026,$50.16,5,$44.50,1,2.73,$38.84,14.57%,,,,$40.23,3.58%,$36.06,-7.15%,$68.72,76.92%,LZB,NYSE:LZB,0.041,$46.00,-3.26%
NASDAQ:UPWK,16 Apr 2026,$16.52,5,$21.22,4,5.00,$8.72,89.50%,,,,$0.00,-100.00%,$16.00,83.49%,$19.53,123.98%,UPWK,NASDAQ:UPWK,-1.000,$12.44,70.58%
NASDAQ:MTCH,16 Apr 2026,$41.38,5,$35.45,6,3.19,$37.40,-5.21%,,,,$39.75,6.28%,$74.72,99.78%,$87.25,133.30%,MTCH,NASDAQ:MTCH,0.259,$41.31,-14.19%
NASDAQ:REGN,29 Apr 2026,$775.92,3,$869.88,8,1.08,$651.91,19.02%,,,,$641.36,-1.62%,$972.37,49.16%,"$1,026.90",57.52%,REGN,NASDAQ:REGN,-0.710,$819.25,6.18%
NASDAQ:INCY,1 Jun 2026,$81.23,2,$106.83,6,2.90,$116.69,-30.38%,,,,$0.00,-100.00%,$235.52,101.84%,$243.36,108.56%,INCY,NASDAQ:INCY,-1.000,$114.32,-6.55%
NYSE:LTC,29 Apr 2026,$40.57,4,$41.00,5,3.29,$41.77,-2.86%,,,,$44.00,5.34%,$36.95,-11.53%,$46.13,10.43%,LTC,NYSE:LTC,0.332,$41.43,-1.04%
NYSE:ELV,8 May 2026,$512.46,3,$382.71,8,2.96,$379.31,0.90%,,,,$403.66,6.42%,$0.00,-100.00%,$0.00,-100.00%,ELV,NYSE:ELV,0.143,$449.10,-14.78%
NYSE:MOH,20 Apr 2026,$251.44,3,$142.77,6,3.26,$200.29,-28.72%,,,,$0.00,-100.00%,$702.20,250.59%,$732.83,265.89%,MOH,NYSE:MOH,-1.000,$210.76,-32.26%
NASDAQ:SAIC,29 Apr 2026,$138.59,5,$101.61,7,2.92,$116.50,-12.78%,,,,$118.78,1.96%,$211.52,81.56%,$273.42,134.70%,SAIC,NASDAQ:SAIC,0.158,$120.00,-15.33%
NYSE:CI,14 Jul 2026,$334.04,5,$343.67,10,3.00,$286.29,16.68%,16.68%,$334.04,$343.67,$298.99,4.44%,$63.66,-77.76%,$162.33,-43.30%,CI,NYSE:CI,0.156,$340.92,0.81%
NYSE:TX,29 Apr 2026,$44.92,3,$43.17,7,3.25,$47.14,-8.42%,,,,$47.68,1.15%,$48.30,2.46%,$66.73,41.57%,TX,NYSE:TX,0.280,$53.42,-19.19%
NASDAQ:FDUS,28 Apr 2026,$22.45,3,,,3.79,$19.43,15.55%,,,,$20.58,5.92%,$21.27,9.46%,$262.79,1252.47%,FDUS,NASDAQ:FDUS,0.529,$21.50,
NYSE:OPFI,28 Apr 2026,$13.04,3,$15.50,7,2.72,$8.86,47.20%,,,,$9.33,5.30%,$71.87,711.13%,$72.51,718.40%,OPFI,NYSE:OPFI,-0.013,$14.00,10.71%
NASDAQ:UAL,28 Apr 2026,$106.86,4,$130.71,5,4.97,$115.35,-7.36%,,,,$0.00,-100.00%,$234.76,103.52%,$255.85,121.80%,UAL,NASDAQ:UAL,-1.000,$160.89,-18.76%
NYSE:CNA,28 Apr 2026,$48.98,3,,6,3.75,$52.22,-6.21%,,,,$54.35,4.08%,$153.01,193.00%,$157.85,202.27%,CNA,NYSE:CNA,0.562,$45.00,
NASDAQ:JBSS,28 Apr 2026,$92.51,4,$109.00,8,,$80.36,15.12%,,,,,-100.00%,-$2.00,-102.49%,-$2.00,-102.49%,JBSS,NASDAQ:JBSS,-2.000,,
NYSE:HMN,28 Apr 2026,$54.29,4,$48.00,6,2.67,$51.31,-6.45%,,,,$52.79,2.88%,-$174.65,-440.37%,-$163.64,-418.93%,HMN,NYSE:HMN,0.052,$52.00,-7.69%
NYSE:ENVA,28 Apr 2026,$163.50,3,$198.33,8,3.76,$217.80,-24.93%,,,,$0.00,-100.00%,"$1,208.00",454.64%,"$1,232.16",465.73%,ENVA,NYSE:ENVA,-1.000,$250.71,-20.89%
NYSE:CF,28 Apr 2026,$121.68,3,$130.71,6,2.63,$126.71,-3.97%,,,,$129.54,2.23%,$172.47,36.11%,$230.54,81.94%,CF,NYSE:CF,0.040,$125.20,4.40%
NYSE:KMPR,28 Apr 2026,$53.67,3,$54.67,2,3.27,$27.64,94.16%,,,,$28.85,4.38%,-$73.10,-364.47%,-$62.41,-325.79%,KMPR,NYSE:KMPR,0.231,$51.00,7.20%
NYSE:RLI,28 Apr 2026,$66.40,5,$62.50,7,2.76,$61.16,2.19%,,,,$61.11,-0.08%,$37.41,-38.83%,$37.58,-38.56%,RLI,NYSE:RLI,0.095,$60.75,2.88%
NASDAQ:MORN,28 Apr 2026,,,$280.00,7,2.18,$167.57,67.09%,,,,$166.25,-0.79%,$206.28,23.10%,$293.47,75.13%,MORN,NASDAQ:MORN,-0.243,$226.00,23.89%
NASDAQ:GEHC,28 Apr 2026,$91.01,5,$94.25,9,4.40,$61.99,46.81%,,,,$0.00,-100.00%,$24.39,-60.65%,$37.45,-39.59%,GEHC,NASDAQ:GEHC,-1.000,$79.33,18.81%
NASDAQ:NTRS,28 Apr 2026,$135.85,2,$169.95,5,2.72,$177.95,-23.66%,,,,$186.02,4.53%,$1.15,-99.35%,$12.15,-93.17%,NTRS,NASDAQ:NTRS,0.076,$179.35,-5.24%
NYSE:WES,2 Jul 2026,$43.13,1,,,3.24,$47.93,-10.01%,-10.01%,$43.13,$45.92,$48.62,1.44%,$51.94,8.37%,$75.99,58.53%,WES,NYSE:WES,0.314,$45.92,
NYSE:DHT,25 Jun 2026,$16.49,3,,,4.10,$18.41,-10.43%,-10.43%,$16.49,$20.20,$19.31,4.89%,$32.46,76.32%,$43.76,137.71%,DHT,NYSE:DHT,0.667,$20.20,
NYSE:D,21 May 2026,$62.63,3,$66.64,8,3.26,$71.46,-12.36%,,,,$73.00,2.16%,-$44.25,-161.92%,-$14.96,-120.93%,D,NYSE:D,0.319,$70.50,-5.48%
NASDAQ:CBK,1 Jun 2026,$30.03,3,,,3.18,$32.79,-8.41%,,,,$0.00,-100.00%,$0.00,-100.00%,$0.00,-100.00%,CBK,NASDAQ:CBK,-1.000,$34.00,
NYSE:ELPC,12 May 2026,$11.13,3,$13.10,8,3.78,$11.74,-5.17%,,,,$12.24,4.26%,$5.57,-52.59%,$36.40,210.09%,ELPC,NYSE:ELPC,0.459,$16.93,-22.62%
NYSE:FDX,25 Jun 2026,$291.89,1,,,4.12,$315.62,-7.52%,-7.52%,$291.89,$352.43,$334.80,6.08%,$477.13,51.17%,$734.80,132.81%,FDX,NYSE:FDX,0.670,$352.43,
NYSE:FBK,27 May 2026,$53.58,3,$64.25,5,2.71,$58.17,-7.89%,,,,$60.35,3.75%,$0.00,-100.00%,$0.00,-100.00%,FBK,NYSE:FBK,0.042,$66.09,-2.78%
NYSE:AXTA,23 Jul 2026,$40.33,5,$37.00,5,3.82,$31.68,16.79%,16.79%,$36.86,$40.33,$0.00,-100.00%,$22.36,-29.42%,$45.71,44.29%,AXTA,NYSE:AXTA,-1.000,$36.86,0.38%
NASDAQ:LOPE,26 Jun 2026,$168.79,5,$209.33,3,5.00,$139.21,21.25%,21.25%,$168.79,$209.33,$0.00,-100.00%,$414.07,197.44%,$439.27,215.55%,LOPE,NASDAQ:LOPE,-1.000,$205.00,2.11%
NASDAQ:PAA,29 Jun 2026,$21.85,1,,,4.14,$24.69,-11.50%,-11.50%,$21.85,$24.06,$25.63,3.81%,$17.16,-30.49%,$30.72,24.42%,PAA,NASDAQ:PAA,0.712,$24.06,
NASDAQ:NKSH,27 May 2026,$35.84,3,,7,3.41,$35.88,-0.12%,,,,$37.66,4.96%,$0.00,-100.00%,$0.00,-100.00%,NKSH,NASDAQ:NKSH,0.348,$41.00,
NYSE:KRC,15 Jun 2026,$46.60,5,$37.20,5,3.07,$38.35,-3.00%,,,,$40.34,5.19%,-$1.14,-102.97%,$28.00,-26.98%,KRC,NYSE:KRC,0.237,$37.50,-0.80%
NASDAQ:MRBK,27 May 2026,$18.24,3,$21.00,7,3.07,$19.79,-7.83%,,,,$20.96,5.91%,$0.00,-100.00%,$0.00,-100.00%,MRBK,NASDAQ:MRBK,0.196,$23.00,-8.70%
NYSE:TTE,20 Jul 2026,$86.21,5,$96.34,,3.90,$86.23,-0.02%,-0.02%,$86.21,$96.34,$88.06,2.12%,$111.04,28.77%,$89.74,4.07%,TTE,NYSE:TTE,0.576,$96.12,0.23%
NASDAQ:SMBC,27 May 2026,$70.66,3,$73.33,5,3.05,$77.72,-9.08%,,,,$78.52,1.03%,-$167.21,-315.14%,-$153.01,-296.88%,SMBC,NASDAQ:SMBC,0.224,$76.67,-4.36%
NYSE:EPD,30 Jun 2026,$36.66,1,,,3.86,$38.80,-5.52%,-5.52%,$36.66,$41.30,$40.39,4.10%,$0.00,-100.00%,$0.00,-100.00%,EPD,NYSE:EPD,0.567,$41.30,
NASDAQ:SHOE,23 Jul 2026,$22.99,5,,,2.98,$14.30,60.79%,60.79%,$22.99,$22.99,$15.19,6.22%,$0.00,-100.00%,$0.00,-100.00%,SHOE,NASDAQ:SHOE,0.104,$22.00,
NYSE:AD,16 Jul 2026,$35.29,3,,,4.78,$34.18,3.25%,3.25%,$35.29,$46.34,$37.18,8.78%,$19.94,-41.68%,$54.91,60.64%,AD,NYSE:AD,0.912,$46.34,
NASDAQ:SCVL,15 Jun 2026,$31.19,5,,,,$14.30,118.11%,,,,,-100.00%,-$2.00,-113.99%,-$2.00,-113.99%,SCVL,NASDAQ:SHOE,-2.000,,
NYSE:SBR,30 Jun 2026,$69.55,3,,6,3.37,$74.18,-6.24%,-6.24%,$69.55,$69.55,$76.40,2.99%,$164.17,121.32%,$164.17,121.31%,SBR,NYSE:SBR,0.452,$32.50,
NYSE:MATV,23 Jul 2026,$12.14,5,,5,3.60,$7.85,54.64%,54.64%,$12.14,$21.00,$8.53,8.66%,$6.62,-15.73%,$11.42,45.49%,MATV,NYSE:MATV,0.379,$21.00,
NYSE:TK,30 Jun 2026,$11.24,3,,2,,$11.18,0.55%,0.55%,$11.24,$11.24,,-100.00%,-$2.00,-117.89%,-$2.00,-117.89%,TK,NYSE:TK,-2.000,,
NYSE:AVA,29 Jun 2026,$41.07,3,$39.25,5,3.30,$42.18,-6.95%,-6.95%,$39.25,$41.83,$43.32,2.70%,-$7.06,-116.74%,$47.04,11.53%,AVA,NYSE:AVA,0.336,$41.83,-6.17%
NYSE:TNK,16 Jun 2026,$68.85,3,$80.50,6,3.07,$75.69,-9.04%,,,,$78.35,3.51%,$207.81,174.56%,$240.19,217.34%,TNK,NYSE:TNK,0.198,$87.00,-7.47%
NASDAQ:BCML,16 Jun 2026,$34.03,3,$33.00,7,2.60,$33.13,-0.39%,,,,$34.44,3.95%,$0.00,-100.00%,$0.00,-100.00%,BCML,NASDAQ:BCML,0.026,$32.67,1.01%
NYSE:CBL,23 Jun 2026,$47.75,3,$55.00,8,3.27,$55.98,-14.69%,,,,$58.33,4.20%,$61.49,9.85%,$86.88,55.20%,CBL,NYSE:CBL,0.305,$60.00,-8.33%
NASDAQ:JCAP,14 Jul 2026,$21.86,3,,,0.55,$19.13,14.26%,14.26%,$21.86,$26.00,$17.98,-6.01%,$0.00,-100.00%,$0.00,-100.00%,JCAP,NASDAQ:JCAP,-0.968,$26.00,
NYSE:BKH,16 Jun 2026,$76.81,4,$83.00,9,3.04,$75.10,2.28%,,,,$76.67,2.09%,$35.28,-53.02%,$58.14,-22.58%,BKH,NYSE:BKH,0.189,$85.20,-2.58%
NYSE:CPK,25 Jun 2026,$113.77,3,,,2.43,$134.61,-15.48%,-15.48%,$113.77,$148.00,$132.84,-1.31%,$64.42,-52.14%,$30.16,-77.59%,CPK,NYSE:CPK,-0.075,$148.00,
NYSE:HESM,30 Jun 2026,$37.34,1,,,3.00,$40.48,-7.76%,-7.76%,$37.34,$37.34,$41.68,2.96%,$121.35,199.77%,$151.06,273.17%,HESM,NYSE:HESM,0.219,$37.17,
NYSE:SOBO,23 Jun 2026,$37.00,3,,,2.51,$38.67,-4.32%,,,,$39.19,1.34%,$37.93,-1.90%,$53.65,38.74%,SOBO,NYSE:SOBO,0.008,$34.08,
NYSE:AEE,16 Jun 2026,$106.67,3,$119.00,7,2.90,$113.27,-5.83%,,,,$114.31,0.92%,-$2.08,-101.84%,$41.68,-63.20%,AEE,NYSE:AEE,0.138,$122.00,-2.46%
NYSE:SUN,24 Jun 2026,$65.25,3,,,3.72,$74.59,-12.52%,,,,$78.79,5.63%,$40.72,-45.41%,$166.88,123.73%,SUN,NYSE:SUN,0.515,$76.29,
NYSE:RGA,25 Jun 2026,$194.90,3,,,3.07,$234.28,-16.81%,-16.81%,$194.90,$259.22,$246.79,5.34%,$719.14,206.96%,$717.92,206.44%,RGA,NYSE:RGA,0.209,$259.22,
NYSE:MPC,16 Jun 2026,$210.97,1,$279.30,8,3.18,$312.27,-32.44%,,,,$328.71,5.26%,$185.71,-40.53%,$289.63,-7.25%,MPC,NYSE:MPC,0.291,$298.12,-6.31%
NYSE:ATO,16 Jun 2026,$164.62,3,,,2.66,$178.04,-7.54%,,,,$181.42,1.90%,$94.54,-46.90%,$163.76,-8.02%,ATO,NYSE:ATO,0.034,$188.92,
NYSE:OMF,23 Jun 2026,$58.80,3,,,3.59,$58.78,0.03%,,,,$61.71,4.98%,$152.72,159.81%,$181.66,209.06%,OMF,NYSE:OMF,0.428,$68.21,
NYSE:SPG,25 Jun 2026,$192.49,3,$210.75,9,3.16,$225.20,-14.52%,-14.52%,$192.49,$227.95,$233.08,3.50%,$258.21,14.66%,$362.00,60.75%,SPG,NYSE:SPG,0.268,$227.95,-7.55%
NYSE:HTH,16 Jun 2026,$40.96,3,$39.50,3,3.13,$37.94,4.11%,,,,$39.21,3.35%,$71.39,88.16%,$76.72,102.20%,HTH,NYSE:HTH,0.242,$40.33,-2.06%
NASDAQ:HTO,23 Jun 2026,$57.81,3,,,2.45,$63.92,-9.57%,,,,$64.61,1.08%,-$31.31,-148.99%,-$18.35,-128.71%,HTO,NASDAQ:HTO,-0.047,$64.71,
NYSE:MLI,17 Jun 2026,$127.13,2,,,2.50,$63.13,101.38%,,,,$62.13,-1.58%,$111.78,77.06%,$116.07,83.87%,MLI,NYSE:MLI,-0.062,$74.75,
NYSE:EG,17 Jun 2026,$338.53,3,,,3.25,$375.56,-9.86%,,,,$387.46,3.17%,$311.01,-17.19%,$263.60,-29.81%,EG,NYSE:EG,0.296,$400.80,
NYSE:SR,23 Jun 2026,$82.84,4,,,3.29,$82.50,0.41%,,,,$84.19,2.05%,$96.20,16.61%,$189.01,129.10%,SR,NYSE:SR,0.291,$96.10,
NYSE:BFH,19 Jun 2026,$90.04,3,$98.33,10,2.59,$103.58,-13.07%,,,,$104.20,0.60%,$513.19,395.45%,$545.40,426.55%,BFH,NYSE:BFH,0.006,$109.73,-10.39%
NASDAQ:SNY,23 Jul 2026,$57.39,5,$57.00,3,3.82,$43.36,31.46%,31.46%,$55.06,$57.39,$46.13,6.39%,$52.39,20.83%,$63.61,46.71%,SNY,NASDAQ:SNY,0.504,$55.06,3.52%
NASDAQ:TMUS,30 Jun 2026,$234.16,3,$254.24,7,,$170.42,37.40%,37.40%,$234.16,$254.24,,-100.00%,-$2.00,-101.17%,-$2.00,-101.17%,TMUS,NASDAQ:TMUS,-2.000,,
NYSE:ES,23 Jun 2026,$73.60,4,$70.67,8,3.46,$74.62,-5.29%,,,,$76.78,2.89%,-$14.80,-119.83%,$119.42,60.04%,ES,NYSE:ES,0.408,$73.25,-3.52%
NASDAQ:TIGO,24 Jun 2026,$78.80,3,,,3.34,$96.25,-18.13%,,,,$103.44,7.47%,$165.11,71.55%,$341.93,255.26%,TIGO,NASDAQ:TIGO,0.371,$87.80,
NASDAQ:EZPW,29 Jun 2026,$31.35,3,$41.00,9,0.88,$30.16,3.95%,3.95%,$31.35,$41.00,$30.91,2.49%,$62.41,106.93%,$73.99,145.31%,EZPW,NASDAQ:EZPW,-0.820,$40.80,0.49%
NYSE:NRP,24 Jun 2026,$100.40,3,,,2.53,$97.35,3.13%,,,,$97.42,0.07%,$203.95,109.50%,$224.23,130.34%,NRP,NYSE:NRP,-0.007,$96.00,
NYSE:DINO,24 Jun 2026,$67.54,3,$72.58,9,,$89.09,-24.19%,,,,,-100.00%,-$2.00,-102.24%,-$2.00,-102.24%,DINO,NYSE:DINO,-2.000,,
NYSE:T,23 Jul 2026,$28.76,5,$27.54,10,3.07,$22.96,19.95%,19.95%,$27.54,$29.03,$24.13,5.10%,$17.59,-23.38%,$55.19,140.36%,T,NYSE:T,0.171,$29.03,-5.13%
NYSE:HAL,30 Jun 2026,$33.26,3,$45.07,7,3.58,$32.71,1.67%,1.67%,$33.26,$45.07,$34.73,6.18%,$27.74,-15.18%,$41.30,26.25%,HAL,NYSE:HAL,0.381,$44.04,2.34%
NYSE:TS,30 Jun 2026,$56.32,3,$63.20,7,2.69,$57.36,-1.81%,-1.81%,$56.32,$64.29,$59.66,4.01%,$96.61,68.42%,$108.41,89.00%,TS,NYSE:TS,0.037,$64.29,-1.70%
NYSE:TDW,30 Jun 2026,$68.88,3,,7,,$77.44,-11.05%,-11.05%,$68.88,$68.88,,-100.00%,-$2.00,-102.58%,-$2.00,-102.58%,TDW,NYSE:TDW,-2.000,,
NYSE:FLOC,23 Jul 2026,$22.03,4,,,1.72,$20.75,6.18%,6.18%,$22.03,$31.22,$20.20,-2.65%,$65.61,216.17%,$115.18,455.06%,FLOC,NYSE:FLOC,-0.458,$31.22,
NYSE:CLB,21 Jul 2026,$13.82,5,$11.00,1,1.99,$11.80,-6.78%,-6.78%,$11.00,$15.50,$11.07,-6.19%,$17.63,49.38%,$11.00,-6.75%,CLB,NYSE:CLB,-0.320,$15.50,-29.03%
NASDAQ:SND,30 Jun 2026,$5.71,3,,6,3.89,$4.81,18.71%,18.71%,$5.71,$5.71,$5.26,9.36%,$4.99,3.68%,$16.72,247.57%,SND,NASDAQ:SND,0.678,$3.00,
NYSE:BWLP,26 Jun 2026,$17.09,3,,,4.00,$21.71,-21.28%,-21.28%,$17.09,$17.09,$22.70,4.56%,$74.41,242.75%,$100.62,363.49%,BWLP,NYSE:BWLP,0.602,,
NYSE:RCI,14 Jul 2026,$41.33,5,$42.53,10,3.26,$32.67,26.51%,26.51%,$40.68,$42.53,$35.34,8.17%,-$3.28,-110.03%,$138.48,323.87%,RCI,NYSE:RCI,0.261,$40.68,4.55%
NYSE:TIMB,30 Jun 2026,$23.56,4,$27.83,1,2.89,$21.05,11.90%,11.90%,$23.56,$27.83,$22.80,8.31%,$48.33,129.58%,$94.94,351.02%,TIMB,NYSE:TIMB,0.107,$25.39,9.61%
NYSE:UGI,2 Jul 2026,$38.21,4,$40.00,4,2.69,$36.95,3.40%,3.40%,$38.21,$43.00,$37.59,1.73%,$88.53,139.59%,$121.48,228.78%,UGI,NYSE:UGI,0.025,$43.00,-6.98%
NYSE:WSR,2 Jul 2026,$19.20,3,$19.00,7,,$18.99,0.05%,0.05%,$19.00,$19.20,,-100.00%,-$2.00,-110.53%,-$2.00,-110.53%,WSR,NYSE:WSR,-2.000,,
NYSE:BSM,2 Jul 2026,$13.68,1,,,3.44,$14.56,-6.04%,-6.04%,$13.68,$16.00,$15.00,3.02%,$25.73,76.74%,$27.52,89.02%,BSM,NYSE:BSM,0.376,$16.00,
NASDAQ:STRS,17 Jul 2026,$26.82,4,,3,4.78,$19.86,35.05%,35.05%,$26.82,$26.82,$21.89,10.22%,-$11.44,-157.62%,-$9.62,-148.45%,STRS,NASDAQ:STRS,0.911,,
NYSE:USAC,,,,,,3.81,$26.90,-100.00%,,,,$28.29,5.17%,$30.19,12.24%,$68.77,155.66%,USAC,NYSE:USAC,0.536,$29.60,
NASDAQ:SWBI,,,,,,4.06,$14.43,-100.00%,,,,$15.77,9.29%,$58.56,305.85%,$65.32,352.66%,SWBI,NASDAQ:SWBI,0.627,$17.25,
NYSE:INN,,,,,,3.80,$6.91,-100.00%,,,,$7.34,6.22%,$0.52,-92.53%,$17.93,159.54%,INN,NYSE:INN,0.578,$6.19,
NYSE:NTST,,,,,,3.33,$21.83,-100.00%,,,,$22.67,3.85%,$21.25,-2.67%,$34.43,57.70%,NTST,NYSE:NTST,0.337,$22.78,
NYSE:NE,,,,,,3.99,$43.11,-100.00%,,,,$45.49,5.52%,$65.24,51.34%,$96.58,124.02%,NE,NYSE:NE,0.610,$48.82,
NYSE:HUN,,,,,,3.63,$12.81,-100.00%,,,,$13.64,6.48%,$13.00,1.52%,$28.74,124.37%,HUN,NYSE:HUN,0.468,$13.58,
NYSE:DOW,,,,,,4.09,$30.90,-100.00%,,,,$32.79,6.12%,$13.66,-55.78%,$66.69,115.81%,DOW,NYSE:DOW,0.645,$36.56,
NYSE:TU,,,,,,4.16,$10.11,-100.00%,,,,$10.78,6.63%,$0.90,-91.14%,$11.40,12.76%,TU,NYSE:TU,0.625,$16.67,
NYSE:DKS,,,,,,3.46,$204.36,-100.00%,,,,$215.74,5.57%,$249.69,22.18%,"$5,756.37",2716.78%,DKS,NYSE:DKS,0.355,$250.14,
NYSE:GLP,,,,,,3.52,$48.32,-100.00%,,,,$50.70,4.93%,$42.74,-11.55%,$56.83,17.61%,GLP,NYSE:GLP,0.445,$45.00,
NYSE:UAN,,,,,,3.46,$123.90,-100.00%,,,,$126.69,2.25%,$258.78,108.86%,$338.09,172.88%,UAN,NYSE:UAN,0.493,$9.50,
NYSE:BCE,,,,,,3.88,$21.21,-100.00%,,,,$22.65,6.79%,-$2.93,-113.80%,$64.98,206.37%,BCE,NYSE:BCE,0.528,$27.26,
NASDAQ:CMCSA,,,,,,4.08,$21.92,-100.00%,,,,$25.11,14.55%,$61.12,178.85%,$132.89,506.26%,CMCSA,NASDAQ:CMCSA,0.590,$30.94,
NYSE:CUBE,,,,,,3.65,$41.01,-100.00%,,,,$42.42,3.44%,$49.59,20.93%,$60.17,46.72%,CUBE,NYSE:CUBE,0.474,$43.69,
NYSE:XIFR,,,,,,3.07,$12.51,-100.00%,,,,$13.20,5.52%,-$35.44,-383.33%,-$14.56,-216.37%,XIFR,NYSE:XIFR,0.237,$12.18,
NASDAQ:RILY,,,,,,3.89,$6.93,-100.00%,,,,$7.64,10.25%,$205.22,2861.28%,$215.69,3012.34%,RILY,NASDAQ:RILY,0.683,$1.50,
NYSE:BCC,,,,,,4.07,$76.46,-100.00%,,,,$80.69,5.53%,$149.54,95.58%,$181.13,136.89%,BCC,NYSE:BCC,0.628,$92.33,
NYSE:CC,,,,,,4.12,$17.47,-100.00%,,,,$19.30,10.48%,-$3.65,-120.90%,$33.61,92.37%,CC,NYSE:CC,0.609,$24.67,
NASDAQ:BBCP,,,,,,3.71,$10.92,-100.00%,,,,$11.25,3.02%,$8.46,-22.52%,$10.63,-2.65%,BBCP,NASDAQ:BBCP,0.493,$12.00,
NASDAQ:PAGP,,,,,,4.22,$26.51,-100.00%,,,,$27.48,3.66%,-$0.33,-101.23%,$48.29,82.14%,PAGP,NASDAQ:PAGP,0.759,$24.43,
NYSE:AEO,,,,,,3.44,$17.08,-100.00%,,,,$18.41,7.79%,$59.84,250.38%,$56.69,231.94%,AEO,NYSE:AEO,0.366,$19.50,
NYSE:BEP,,,,,,3.46,$33.07,-100.00%,,,,$34.95,5.68%,-$194.12,-687.00%,-$146.56,-543.17%,BEP,NYSE:BEP,0.384,$35.92,
NASDAQ:NWE,,,,,,3.04,$72.55,-100.00%,,,,$74.28,2.38%,-$4.59,-106.32%,$1.14,-98.43%,NWE,NASDAQ:NWE,0.216,$72.92,
NYSE:PINE,,,,,,3.41,$20.53,-100.00%,,,,$21.91,6.72%,-$3.82,-118.61%,$12.45,-39.37%,PINE,NYSE:PINE,0.372,$21.36,
NYSE:LYB,,,,,,3.83,$61.72,-100.00%,,,,$65.41,5.98%,$112.15,81.70%,$163.50,164.91%,LYB,NYSE:LYB,0.552,$66.71,
NYSE:CODI,,,,,,3.69,$9.91,-100.00%,,,,$10.85,9.49%,-$13.18,-232.99%,$9.54,-3.77%,CODI,NYSE:CODI,0.442,$12.83,
NYSE:KEN,,,,,,3.04,$68.06,-100.00%,,,,$71.99,5.77%,$81.92,20.37%,$86.43,26.99%,KEN,NYSE:KEN,0.305,$29.85,
NYSE:SPH,,,,,,3.59,$18.34,-100.00%,,,,$19.20,4.69%,$75.09,309.43%,$91.48,398.79%,SPH,NYSE:SPH,0.481,$17.00,
NASDAQ:VNOM,,,,,,3.82,$45.14,-100.00%,,,,$47.00,4.12%,$78.24,73.33%,$125.70,178.46%,VNOM,NASDAQ:VNOM,0.507,$57.06,
NYSE:ENR,,,,,,3.36,$20.65,-100.00%,,,,$21.59,4.55%,$11.47,-44.45%,-$18.81,-191.07%,ENR,NYSE:ENR,0.351,$21.67,
NYSE:PII,,,,,,3.12,$72.55,-100.00%,,,,$76.71,5.73%,$130.21,79.48%,$176.83,143.74%,PII,NYSE:PII,0.266,$68.80,
NYSE:BIP,,,,,,3.49,$41.04,-100.00%,,,,$41.80,1.85%,-$112.01,-372.93%,-$2.16,-105.26%,BIP,NYSE:BIP,0.402,$44.18,
NYSE:CWEN,,,,,,3.87,$33.57,-100.00%,,,,$35.41,5.48%,$14.48,-56.87%,$86.84,158.68%,CWEN,NYSE:CWEN,0.518,$43.67,
NYSE:OLN,,,,,,3.06,$23.64,-100.00%,,,,$24.77,4.78%,$46.63,97.23%,$6.90,-70.83%,OLN,NYSE:OLN,0.202,$26.07,
NYSE:CTO,,,,,,3.55,$21.81,-100.00%,,,,$23.19,6.33%,$6.13,-71.87%,$29.84,36.83%,CTO,NYSE:CTO,0.428,$23.50,
NYSE:MMM,,,,,,3.24,$169.59,-100.00%,,,,$178.93,5.51%,$146.71,-13.49%,$172.60,1.77%,MMM,NYSE:MMM,0.306,$171.55,
NYSE:BWMX,,,,,,3.78,$17.31,-100.00%,,,,$18.89,9.13%,$32.08,85.34%,$41.43,139.33%,BWMX,NYSE:BWMX,0.457,$28.97,
NASDAQ:WDFC,,,,,,3.18,$232.61,-100.00%,,,,$244.50,5.11%,$364.73,56.80%,$380.87,63.74%,WDFC,NASDAQ:WDFC,0.243,$271.67,
NYSE:KRP,,,,,,3.73,$15.17,-100.00%,,,,$15.84,4.42%,$24.50,61.50%,$36.07,137.76%,KRP,NYSE:KRP,0.468,$19.00,
NYSE:BEPC,,,,,,3.56,$33.61,-100.00%,,,,$35.40,5.33%,-$323.27,-1061.83%,-$262.29,-880.40%,BEPC,NYSE:BEPC,0.402,$40.83,
NYSE:SXC,,,,,,3.51,$8.99,-100.00%,,,,$9.01,0.22%,$26.88,199.05%,$52.80,487.27%,SXC,NYSE:SXC,0.413,$9.50,
NYSE:OUT,,,,,,3.79,$31.89,-100.00%,,,,$33.32,4.48%,$25.91,-18.74%,$40.28,26.29%,OUT,NYSE:OUT,0.520,$36.33,
NYSE:FLNG,,,,,,3.07,$30.96,-100.00%,,,,$32.30,4.33%,$15.83,-48.88%,$29.73,-3.98%,FLNG,NYSE:FLNG,0.270,$25.88,
NYSE:NAT,,,,,,4.03,$6.42,-100.00%,,,,$6.78,5.61%,$8.85,37.87%,$11.44,78.22%,NAT,NYSE:NAT,0.673,$6.00,
NYSE:KGS,,,,,,3.79,$65.28,-100.00%,,,,$69.94,7.14%,$66.51,1.89%,$55.65,-14.75%,KGS,NYSE:KGS,0.488,$83.93,
NYSE:GRNT,,,,,,3.95,$4.93,-100.00%,,,,$5.03,2.03%,$4.30,-12.86%,$15.92,222.83%,GRNT,NYSE:GRNT,0.532,$7.60,
NYSE:TSM,,,,,,2.74,$415.58,-100.00%,,,,$431.52,3.84%,$535.28,28.80%,$614.73,47.92%,TSM,NYSE:TSM,0.026,$522.82,
NASDAQ:FEIM,,,,,,2.85,$73.24,-100.00%,,,,$82.00,11.96%,$0.00,-100.00%,$0.00,-100.00%,FEIM,NASDAQ:FEIM,0.112,$81.00,
NYSE:INSW,,,,,,3.58,$91.35,-100.00%,,,,$93.18,2.00%,$131.74,44.22%,$163.29,78.75%,INSW,NYSE:INSW,0.452,$93.00,
NASDAQ:CSCO,,,,,,2.97,$112.76,-100.00%,,,,$116.02,2.89%,$132.96,17.92%,$139.94,24.11%,CSCO,NASDAQ:CSCO,0.154,$130.23,
NASDAQ:GLPI,,,,,,4.11,$44.42,-100.00%,,,,$46.77,5.29%,$54.71,23.15%,$70.59,58.92%,GLPI,NASDAQ:GLPI,0.646,$54.13,
NYSE:LPL,23 Jul 2026,$3.52,4,,2,4.76,$3.37,4.42%,4.42%,$3.52,$4.42,$3.61,7.12%,"$49,799.58",1477632.27%,"-$19,054.61",-565518.66%,LPL,NYSE:LPL,0.914,$4.42,
NYSE:TSLX,,,,,,4.69,$16.58,-100.00%,,,,$18.35,10.68%,"-$19,145.95",-115576.16%,"-$19,459.97",-117470.15%,TSLX,NYSE:TSLX,0.913,$19.27,
NYSE:GNK,,,,,,3.71,$25.75,-100.00%,,,,$26.26,1.98%,"-$7,082.08",-27603.22%,"-$7,069.61",-27554.80%,GNK,NYSE:GNK,0.488,$28.75,
NYSE:TDS,,,,,,4.60,$33.61,-100.00%,,,,$36.13,7.50%,$101.15,200.96%,$44.99,33.86%,TDS,NYSE:TDS,0.822,$50.50,
NYSE:AXIA,,,,,,4.06,$10.12,-100.00%,,,,$10.63,5.04%,$6.34,-37.33%,$37.81,273.65%,AXIA,NYSE:AXIA,0.594,$13.73,
NASDAQ:BLMN,,,,,,3.89,$8.19,-100.00%,,,,$8.96,9.40%,-$2.45,-129.94%,$18.58,126.89%,BLMN,NASDAQ:BLMN,0.582,$8.67,
NYSE:CPA,,,,,,4.03,$135.72,-100.00%,,,,$146.07,7.63%,$388.59,186.32%,$76.86,-43.37%,CPA,NYSE:CPA,0.595,$175.13,
NYSE:AB,,,,,,3.77,$37.15,-100.00%,,,,$38.99,4.95%,$98.22,164.38%,$98.58,165.36%,AB,NYSE:AB,0.533,$39.00,
NASDAQ:PANL,,,,,,4.12,$7.63,-100.00%,,,,$7.81,2.36%,$2.36,-69.13%,$9.00,17.95%,PANL,NASDAQ:PANL,0.609,$10.85,
NASDAQ:BCBP,,,,,,4.07,$10.03,-100.00%,,,,$10.74,7.08%,-$129.25,-1388.66%,-$128.47,-1380.86%,BCBP,NASDAQ:BCBP,0.635,$11.75,
NYSE:SSTK,,,,,,4.28,$5.76,-100.00%,,,,$7.92,37.50%,$0.20,-96.50%,$31.57,448.12%,SSTK,NYSE:SSTK,0.682,$28.85,
NASDAQ:EMBC,,,,,,4.06,$3.25,-100.00%,,,,$3.50,7.69%,$10.81,232.71%,$24.54,655.13%,EMBC,NASDAQ:EMBC,0.621,$4.00,
NYSE:OTF,,,,,,4.15,$9.93,-100.00%,,,,$10.64,7.15%,$0.00,-100.00%,$0.00,-100.00%,OTF,NYSE:OTF,0.637,$13.25,
NYSE:OGN,,,,,,3.91,$13.56,-100.00%,,,,$14.05,3.61%,$40.03,195.19%,$31.03,128.85%,OGN,NYSE:OGN,0.644,$11.25,
NYSE:ARE,,,,,,3.70,$50.12,-100.00%,,,,$52.67,5.09%,-$18.88,-137.68%,$69.75,39.16%,ARE,NYSE:ARE,0.507,$51.00,
NASDAQ:CGBD,,,,,,3.92,$10.01,-100.00%,,,,$10.83,8.19%,$86.03,759.44%,$86.51,764.24%,CGBD,NASDAQ:CGBD,0.559,$12.36,
NASDAQ:ADAM,,,,,,4.38,$8.59,-100.00%,,,,$9.27,7.92%,$0.00,-100.00%,$0.00,-100.00%,ADAM,NASDAQ:ADAM,0.728,$11.88,
NYSE:EC,,,,,,3.58,$16.33,-100.00%,,,,$17.61,7.84%,"-$82,805.37",-507175.17%,"-$82,787.11",-507063.33%,EC,NYSE:EC,0.497,$13.35,
NASDAQ:TRIN,,,,,,4.17,$17.46,-100.00%,,,,$18.73,7.27%,$6.20,-64.51%,$8.89,-49.07%,TRIN,NASDAQ:TRIN,0.713,$18.03,
NYSE:ARR,,,,,,3.97,$16.13,-100.00%,,,,$17.15,6.32%,-$96.46,-698.00%,-$95.31,-690.90%,ARR,NYSE:ARR,0.599,$18.38,
NYSE:ARI,,,,,,4.15,$6.76,-100.00%,,,,$7.16,5.92%,-$50.04,-840.26%,-$49.72,-835.44%,ARI,NYSE:ARI,0.622,$9.88,
NYSE:OLP,,,,,,3.90,$24.87,-100.00%,,,,$26.57,6.84%,$15.60,-37.27%,$29.50,18.61%,OLP,NYSE:OLP,0.584,$26.50,
NYSE:BDN,,,,,,3.75,$3.07,-100.00%,,,,$3.30,7.49%,-$8.51,-377.14%,$2.08,-32.18%,BDN,NYSE:BDN,0.539,$3.00,
NYSE:TRTX,,,,,,4.00,$8.50,-100.00%,,,,$9.04,6.35%,-$19.42,-328.52%,-$17.65,-307.65%,TRTX,NYSE:TRTX,0.602,$10.08,
NYSE:NSP,,,,,,3.27,$47.98,-100.00%,,,,$52.89,10.23%,$0.00,-100.00%,$0.00,-100.00%,NSP,NYSE:NSP,0.361,$39.50,
NYSE:MTN,,,,,,3.90,$144.06,-100.00%,,,,$153.67,6.67%,$74.68,-48.16%,$158.15,9.78%,MTN,NYSE:MTN,0.593,$148.50,
NYSE:FLO,,,,,,3.84,$7.75,-100.00%,,,,$8.93,15.23%,$10.17,31.24%,$19.20,147.70%,FLO,NYSE:FLO,0.539,$9.00,
NYSE:BGS,,,,,,3.83,$3.51,-100.00%,,,,$3.85,9.69%,-$8.88,-352.89%,$8.04,129.12%,BGS,NYSE:BGS,0.487,$4.80,
NYSE:ENIC,,,,,,3.82,$4.39,-100.00%,,,,$4.62,5.24%,$7.48,70.29%,$10.30,134.71%,ENIC,NYSE:ENIC,0.549,$4.68,
NYSE:E,,,,,,3.66,$51.99,-100.00%,,,,$52.73,1.42%,$21.85,-57.98%,$25.61,-50.73%,E,NYSE:E,0.491,$52.88,
NYSE:UHT,,,,,,3.71,$43.29,-100.00%,,,,$45.34,4.74%,$0.00,-100.00%,$0.00,-100.00%,UHT,NYSE:UHT,0.522,$42.00,
NYSE:NEXA,,,,,,3.55,$13.22,-100.00%,,,,$14.09,6.58%,$8.94,-32.36%,$44.40,235.82%,NEXA,NYSE:NEXA,0.450,$12.75,
NYSE:DX,,,,,,4.34,$12.60,-100.00%,,,,$13.70,8.73%,$0.00,-100.00%,$0.00,-100.00%,DX,NYSE:DX,0.755,$14.80,
NYSE:SCM,,,,,,4.28,$7.04,-100.00%,,,,$7.70,9.38%,$28.98,311.67%,"$10,585,197.77",150357822.89%,SCM,NYSE:SCM,0.681,$10.25,
NASDAQ:SEVN,,,,,,4.14,$7.83,-100.00%,,,,$8.44,7.79%,-$1.72,-121.97%,-$2.43,-131.09%,SEVN,NASDAQ:SEVN,0.640,$10.25,
NASDAQ:PLTK,,,,,,4.10,$3.58,-100.00%,,,,$4.30,20.11%,-$0.07,-101.85%,$5.99,67.45%,PLTK,NASDAQ:PLTK,0.599,$5.05,
NYSE:KBDC,,,,,,3.93,$13.35,-100.00%,,,,$14.15,5.99%,$30.86,131.15%,$992.71,7336.03%,KBDC,NYSE:KBDC,0.582,$15.20,
NYSE:UPS,,,,,,3.47,$114.10,-100.00%,,,,$120.86,5.92%,$112.59,-1.33%,$163.19,43.02%,UPS,NYSE:UPS,0.406,$115.04,
NASDAQ:KRNY,,,,,,3.79,$9.12,-100.00%,,,,$9.87,8.22%,-$92.46,-1113.79%,-$91.75,-1106.06%,KRNY,NASDAQ:KRNY,0.519,$10.50,
NASDAQ:JACK,,,,,,3.95,$13.77,-100.00%,,,,$15.75,14.38%,-$74.51,-641.09%,-$62.95,-557.15%,JACK,NASDAQ:JACK,0.582,$16.12,
NYSE:PK,,,,,,3.79,$14.59,-100.00%,,,,$15.68,7.47%,$4.89,-66.49%,$6.77,-53.60%,PK,NYSE:PK,0.551,$14.47,
NYSE:BEN,,,,,,3.86,$32.29,-100.00%,,,,$34.06,5.48%,$40.42,25.18%,$10.31,-68.06%,BEN,NYSE:BEN,0.567,$34.45,
NASDAQ:WTBA,,,,,,3.76,$27.19,-100.00%,,,,$28.06,3.20%,-$156.16,-674.33%,-$151.94,-658.79%,WTBA,NASDAQ:WTBA,0.544,$26.25,
NASDAQ:REFI,,,,,,4.03,$10.08,-100.00%,,,,$10.75,6.65%,$12.87,27.71%,$34.86,245.86%,REFI,NASDAQ:REFI,0.569,$16.38,
