date,ticker,high,low,open,close,split_coefficient,volume
2026-07-24,NYSE:DD,138.94,137.075,137.81,137.7,1.0,796234
2026-07-27,NYSE:DD,140.03,137.44,138.73,139.96,1.0,1079389
2026-07-28,NYSE:DD,142.67,139.49,140.47,140.77,1.0,1338859
2026-07-29,NYSE:DD,141.08,136.4,141.08,138.1,1.0,1463510
2026-07-30,NYSE:DD,140.985,138.34,140.0,138.84,1.0,1689980
2026-07-31,NYSE:DD,139.395,136.58,137.95,137.0,1.0,7537197
2026-08-03,NYSE:DD,141.59,137.18,138.38,141.28,1.0,2019120
2026-08-04,NYSE:DD,143.545,130.19,130.19,142.93,1.0,3279080
2026-08-05,NYSE:DD,147.86,143.31,143.73,147.37,1.0,1533516
2026-08-06,NYSE:DD,149.42,143.33,147.8,144.05,1.0,1859575
2026-08-07,NYSE:DD,146.2,141.79,144.8,142.47,1.0,1367037
2026-08-10,NYSE:DD,142.97,140.31,142.85,141.55,1.0,1337492
2026-08-11,NYSE:DD,146.35,141.34,141.34,144.49,1.0,1189990
2026-08-12,NYSE:DD,144.95,142.1501,144.45,144.37,1.0,1422671
2026-08-13,NYSE:DD,144.84,143.025,144.31,144.1,1.0,908183
2026-08-14,NYSE:DD,146.815,143.105,143.68,146.26,1.0,1108689
2026-08-17,NYSE:DD,146.5,142.71,145.93,143.07,1.0,1567724
2026-08-18,NYSE:DD,142.32,138.5,142.32,138.81,1.0,1291985
2026-08-19,NYSE:DD,141.0,138.9,140.41,139.68,1.0,969123
2026-08-20,NYSE:DD,140.54,138.45,138.51,138.46,1.0,983508
2026-08-21,NYSE:DD,141.0,138.24,139.92,138.33,1.0,1119143
2026-08-24,NYSE:DD,139.055,135.84,138.75,136.67,1.0,1013482
2026-08-25,NYSE:DD,137.71,135.07,137.55,136.04,1.0,1347138
2026-07-24,NASDAQ:VISN,12.2051,11.755,11.92,11.8,1.0,3514587
2026-07-27,NASDAQ:VISN,11.905,11.625,11.87,11.85,1.0,4062081
2026-07-28,NASDAQ:VISN,11.84,11.46,11.73,11.82,1.0,6336224
2026-07-29,NASDAQ:VISN,11.91,11.515,11.84,11.55,1.0,4170307
2026-07-30,NASDAQ:VISN,11.866,11.575,11.79,11.71,1.0,6011404
2026-07-31,NASDAQ:VISN,11.93,11.68,11.85,11.74,1.0,6906655
2026-08-03,NASDAQ:VISN,12.08,11.61,11.77,12.05,1.0,6565267
2026-08-04,NASDAQ:VISN,12.515,12.185,12.24,12.49,1.0,7861158
2026-08-05,NASDAQ:VISN,12.525,12.2825,12.495,12.35,1.0,6453639
2026-08-06,NASDAQ:VISN,11.18,10.06,10.97,10.1,1.0,24195507
2026-08-07,NASDAQ:VISN,10.96,10.18,10.2,10.94,1.0,16667708
2026-08-10,NASDAQ:VISN,11.47,10.68,10.785,11.42,1.0,12177931
2026-08-11,NASDAQ:VISN,11.725,11.26,11.4,11.7,1.0,12840381
2026-08-12,NASDAQ:VISN,11.966,11.5,11.75,11.58,1.0,6941804
2026-08-13,NASDAQ:VISN,11.9,11.255,11.79,11.35,1.0,5802834
2026-08-14,NASDAQ:VISN,11.54,11.3,11.475,11.53,1.0,5036173
2026-08-17,NASDAQ:VISN,11.765,11.51,11.52,11.66,1.0,7060310
2026-08-18,NASDAQ:VISN,11.59,11.18,11.48,11.38,1.0,9531822
2026-08-19,NASDAQ:VISN,11.47,11.105,11.39,11.2,1.0,11998195
2026-08-20,NASDAQ:VISN,11.355,11.125,11.18,11.31,1.0,7456243
2026-08-21,NASDAQ:VISN,11.35,11.065,11.35,11.21,1.0,6465849
2026-08-24,NASDAQ:VISN,11.18,10.82,11.11,10.84,1.0,8270759
2026-08-25,NASDAQ:VISN,11.07,10.755,10.96,11.04,1.0,5755159
2026-07-24,NYSE:WIT,1.87,1.8,1.81,1.87,1.0,8166172
2026-07-27,NYSE:WIT,1.99,1.86,1.87,1.91,1.0,17777907
2026-07-28,NYSE:WIT,1.97,1.91,1.93,1.92,1.0,11335857
2026-07-29,NYSE:WIT,2.04,1.93,2.04,1.97,1.0,7058986
2026-07-30,NYSE:WIT,1.98,1.9311,1.96,1.95,1.0,5308093
2026-07-31,NYSE:WIT,2.0,1.92,1.92,1.98,1.0,5822859
2026-08-03,NYSE:WIT,2.07,2.005,2.02,2.05,1.0,9668259
2026-08-04,NYSE:WIT,2.0791,2.01,2.03,2.05,1.0,8491825
2026-08-05,NYSE:WIT,2.06,1.985,2.04,2.0,1.0,4379464
2026-08-06,NYSE:WIT,2.04,1.955,1.98,1.99,1.0,5410454
2026-08-07,NYSE:WIT,2.03,1.985,2.01,2.02,1.0,8205001
2026-08-10,NYSE:WIT,2.01,1.97,1.99,1.99,1.0,3142981
2026-08-11,NYSE:WIT,2.0,1.96,1.98,1.97,1.0,3196953
2026-08-12,NYSE:WIT,1.975,1.92,1.96,1.95,1.0,4735176
2026-08-13,NYSE:WIT,1.98,1.92,1.96,1.96,1.0,3803932
2026-08-14,NYSE:WIT,1.97,1.9311,1.97,1.94,1.0,2059356
2026-08-17,NYSE:WIT,1.945,1.9,1.93,1.91,1.0,3618175
2026-08-18,NYSE:WIT,1.93,1.89,1.89,1.91,1.0,5328389
2026-08-19,NYSE:WIT,1.97,1.9,1.9,1.95,1.0,8465216
2026-08-20,NYSE:WIT,1.96,1.89,1.94,1.91,1.0,4409470
2026-08-21,NYSE:WIT,1.9280000000000002,1.87,1.91,1.89,1.0,6190776
2026-08-24,NYSE:WIT,1.915,1.86,1.89,1.88,1.0,5637279
2026-08-25,NYSE:WIT,1.89,1.86,1.88,1.88,1.0,2406321
2026-07-24,NYSE:KEP,12.32,12.06,12.23,12.06,1.0,810724
2026-07-27,NYSE:KEP,12.27,12.125,12.26,12.21,1.0,828883
2026-07-28,NYSE:KEP,11.78,11.53,11.65,11.64,1.0,1279236
2026-07-29,NYSE:KEP,11.63,11.33,11.5,11.38,1.0,1114251
2026-07-30,NYSE:KEP,12.115,11.61,11.67,12.11,1.0,903672
2026-07-31,NYSE:KEP,12.25,11.85,12.25,11.95,1.0,1073139
2026-08-03,NYSE:KEP,12.145,12.01,12.1,12.11,1.0,978864
2026-08-04,NYSE:KEP,12.435,12.29,12.4,12.34,1.0,1357783
2026-08-05,NYSE:KEP,12.5,12.31,12.46,12.36,1.0,856556
2026-08-06,NYSE:KEP,12.575,12.43,12.48,12.46,1.0,672613
2026-08-07,NYSE:KEP,12.68,12.395,12.6,12.49,1.0,714031
2026-08-10,NYSE:KEP,12.47,12.25,12.35,12.26,1.0,721029
2026-08-11,NYSE:KEP,12.475577000000001,12.3,12.33,12.3,1.0,613217
2026-08-12,NYSE:KEP,12.32,11.71,12.32,11.88,1.0,2306947
2026-08-13,NYSE:KEP,11.655,11.33,11.52,11.51,1.0,1554128
2026-08-14,NYSE:KEP,11.78,11.6,11.63,11.77,1.0,1000531
2026-08-17,NYSE:KEP,11.9189,11.6914,11.78,11.81,1.0,849057
2026-08-18,NYSE:KEP,11.555,11.28,11.51,11.28,1.0,1317187
2026-08-19,NYSE:KEP,11.28,11.155,11.19,11.18,1.0,1305626
2026-08-20,NYSE:KEP,11.38,11.22,11.3,11.23,1.0,722124
2026-08-21,NYSE:KEP,11.4,11.255,11.4,11.26,1.0,632120
2026-08-24,NYSE:KEP,11.36,11.225,11.28,11.31,1.0,801775
2026-08-25,NYSE:KEP,11.835,11.63,11.63,11.8,1.0,785624
2026-07-24,NYSE:LPL,3.318,3.16,3.28,3.17,1.0,2870142
2026-07-27,NYSE:LPL,3.2,3.09,3.19,3.14,1.0,4131623
2026-07-28,NYSE:LPL,3.11,2.88,3.11,2.93,1.0,3291084
2026-07-29,NYSE:LPL,2.9726,2.76,2.92,2.79,1.0,4761563
2026-07-30,NYSE:LPL,3.02,2.925,2.96,2.98,1.0,4077142
2026-07-31,NYSE:LPL,3.15,2.96,3.14,3.0,1.0,3916972
2026-08-03,NYSE:LPL,3.12,3.035,3.09,3.07,1.0,3706758
2026-08-04,NYSE:LPL,3.3,3.205,3.26,3.23,1.0,3426970
2026-08-05,NYSE:LPL,3.33,3.21,3.21,3.26,1.0,3452252
2026-08-06,NYSE:LPL,3.27,3.16,3.23,3.24,1.0,1833679
2026-08-07,NYSE:LPL,3.355,3.25,3.34,3.3,1.0,2858058
2026-08-10,NYSE:LPL,3.44,3.36,3.38,3.36,1.0,2915316
2026-08-11,NYSE:LPL,3.49,3.41,3.46,3.43,1.0,2335453
2026-08-12,NYSE:LPL,3.53,3.39,3.53,3.46,1.0,3794793
2026-08-13,NYSE:LPL,3.43,3.355,3.4,3.37,1.0,2494233
2026-08-14,NYSE:LPL,3.61,3.47,3.54,3.5,1.0,2257317
2026-08-17,NYSE:LPL,3.56,3.48,3.52,3.53,1.0,1946832
2026-08-18,NYSE:LPL,3.39,3.2825,3.38,3.3,1.0,4406472
2026-08-19,NYSE:LPL,3.42,3.335,3.39,3.37,1.0,3019354
2026-08-20,NYSE:LPL,3.38,3.3,3.33,3.33,1.0,1758420
2026-08-21,NYSE:LPL,3.37,3.25,3.32,3.28,1.0,2843943
2026-08-24,NYSE:LPL,3.34,3.25,3.31,3.29,1.0,1511862
2026-08-25,NYSE:LPL,3.395,3.305,3.37,3.38,1.0,1648140
2026-07-24,NYSE:STC,68.49,64.74,64.95,67.42,1.0,289896
2026-07-27,NYSE:STC,67.36,64.92,64.92,66.34,1.0,275272
2026-07-28,NYSE:STC,70.14,66.6375,67.04,69.5,1.0,309745
2026-07-29,NYSE:STC,70.71,68.72,68.72,70.24,1.0,283010
2026-07-30,NYSE:STC,70.49,67.68,70.34,68.17,1.0,252834
2026-07-31,NYSE:STC,68.85,67.475,67.54,67.59,1.0,241633
2026-08-03,NYSE:STC,69.76,68.14,68.14,69.04,1.0,155442
2026-08-04,NYSE:STC,69.14,68.15,68.39,68.65,1.0,146474
2026-08-05,NYSE:STC,68.93,67.78,68.89,68.08,1.0,123919
2026-08-06,NYSE:STC,69.05,67.69,69.03,68.42,1.0,410291
2026-08-07,NYSE:STC,69.44,68.015,68.87,68.19,1.0,205559
2026-08-10,NYSE:STC,67.95,65.09,67.51,65.7,1.0,121471
2026-08-11,NYSE:STC,66.46,65.23,66.01,65.48,1.0,251152
2026-08-12,NYSE:STC,66.31,65.44,65.69,65.6,1.0,185847
2026-08-13,NYSE:STC,67.96,66.01,66.01,67.69,1.0,174563
2026-08-14,NYSE:STC,68.48,67.575,68.0,68.2,1.0,139336
2026-08-17,NYSE:STC,68.29,67.58,67.66,68.07,1.0,165657
2026-08-18,NYSE:STC,68.985,67.59,68.47,68.01,1.0,136318
2026-08-19,NYSE:STC,70.0351,68.42,68.42,68.9,1.0,132793
2026-08-20,NYSE:STC,69.06,68.17,68.48,68.96,1.0,129808
2026-08-21,NYSE:STC,69.9899,68.8,69.29,69.2,1.0,214415
2026-08-24,NYSE:STC,70.71,69.49,69.49,69.93,1.0,199127
2026-08-25,NYSE:STC,70.02,68.505,70.02,69.3,1.0,142134
2026-07-24,NYSE:TSLX,16.86,16.6,16.67,16.72,1.0,379019
2026-07-27,NYSE:TSLX,17.29,16.9347,16.95,17.13,1.0,439087
2026-07-28,NYSE:TSLX,17.71,17.21,17.235,17.68,1.0,598411
2026-07-29,NYSE:TSLX,17.9563,17.53,17.54,17.62,1.0,486057
2026-07-30,NYSE:TSLX,17.785,17.07,17.69,17.24,1.0,465773
2026-07-31,NYSE:TSLX,17.4731,17.05,17.27,17.16,1.0,461430
2026-08-03,NYSE:TSLX,17.805,17.35,17.35,17.72,1.0,347485
2026-08-04,NYSE:TSLX,18.09,17.57,17.63,18.01,1.0,527774
2026-08-05,NYSE:TSLX,18.205,17.41,17.6,18.08,1.0,703800
2026-08-06,NYSE:TSLX,18.8,18.24,18.25,18.69,1.0,633860
2026-08-07,NYSE:TSLX,19.1351,18.68,18.83,19.1,1.0,642354
2026-08-10,NYSE:TSLX,18.92,18.61,18.86,18.8,1.0,749676
2026-08-11,NYSE:TSLX,18.875,18.6,18.72,18.76,1.0,484976
2026-08-12,NYSE:TSLX,18.84,18.57,18.64,18.8,1.0,305502
2026-08-13,NYSE:TSLX,19.2624,18.9,18.9,19.17,1.0,427935
2026-08-14,NYSE:TSLX,19.13,18.74,19.07,18.77,1.0,507161
2026-08-17,NYSE:TSLX,18.79,18.44,18.61,18.44,1.0,705519
2026-08-18,NYSE:TSLX,18.75,18.4437,18.52,18.54,1.0,365310
2026-08-19,NYSE:TSLX,18.87,18.5,18.5,18.7,1.0,334017
2026-08-20,NYSE:TSLX,18.9,18.535,18.74,18.77,1.0,559804
2026-08-21,NYSE:TSLX,18.91,18.72,18.83,18.79,1.0,222438
2026-08-24,NYSE:TSLX,18.97,18.75,18.77,18.91,1.0,301330
2026-08-25,NYSE:TSLX,19.06,18.83,18.85,18.98,1.0,854646
2026-07-24,NYSE:AD,35.09,34.51,34.51,34.88,1.0,97470
2026-07-27,NYSE:AD,35.45,34.6,35.12,34.6,1.0,115150
2026-07-28,NYSE:AD,35.4799,34.72,35.03,35.0,1.0,95519
2026-07-29,NYSE:AD,35.71,34.65,34.97,35.13,1.0,124438
2026-07-30,NYSE:AD,35.5,34.605,34.86,34.98,1.0,131395
2026-07-31,NYSE:AD,34.98,34.51,34.7,34.84,1.0,114714
2026-08-03,NYSE:AD,35.69,34.82,35.03,35.0,1.0,235143
2026-08-04,NYSE:AD,35.82,34.83,35.0,35.44,1.0,169026
2026-08-05,NYSE:AD,35.31,34.64,35.01,35.2,1.0,145339
2026-08-06,NYSE:AD,36.04,35.33,35.53,35.65,1.0,164839
2026-08-07,NYSE:AD,36.76,34.9,36.76,35.24,1.0,183603
2026-08-10,NYSE:AD,35.42,35.0,35.24,35.06,1.0,143939
2026-08-11,NYSE:AD,35.43,34.8,35.32,34.85,1.0,134562
2026-08-12,NYSE:AD,35.2,34.85,34.89,35.14,1.0,104010
2026-08-13,NYSE:AD,35.8299,34.81,35.39,35.7,1.0,131023
2026-08-14,NYSE:AD,36.235,35.7,35.94,35.98,1.0,143674
2026-08-17,NYSE:AD,35.965,35.3,35.65,35.36,1.0,106977
2026-08-18,NYSE:AD,36.0,35.0,35.58,35.05,1.0,116822
2026-08-19,NYSE:AD,36.17,34.71,34.85,35.29,1.0,215002
2026-08-20,NYSE:AD,35.91,34.65,34.91,35.54,1.0,255726
2026-08-21,NYSE:AD,36.09,35.32,35.94,35.66,1.0,229516
2026-08-24,NYSE:AD,35.68,35.21,35.48,35.59,1.0,185723
2026-08-25,NYSE:AD,36.1,35.39,35.58,35.86,1.0,174969
2026-07-24,NASDAQ:TASK,5.54,5.355,5.36,5.52,1.0,1692111
2026-07-27,NASDAQ:TASK,6.135,5.58,5.64,5.8,1.0,1931015
2026-07-28,NASDAQ:TASK,6.32,5.9,5.9,6.2,1.0,436340
2026-07-29,NASDAQ:TASK,6.55,6.22,6.24,6.49,1.0,545463
2026-07-30,NASDAQ:TASK,6.5208,5.84,6.42,5.915,1.0,1720253
2026-07-31,NASDAQ:TASK,6.08,5.835,5.92,6.07,1.0,437848
2026-08-03,NASDAQ:TASK,6.46,6.135,6.22,6.36,1.0,1280337
2026-08-04,NASDAQ:TASK,6.54,6.23,6.28,6.54,1.0,648643
2026-08-05,NASDAQ:TASK,6.6,6.28,6.54,6.32,1.0,453604
2026-08-06,NASDAQ:TASK,8.225,7.02,7.04,7.82,1.0,3169669
2026-08-07,NASDAQ:TASK,7.7875,7.025,7.71,7.3,1.0,1271416
2026-08-10,NASDAQ:TASK,7.22,6.95,7.15,7.1,1.0,572747
2026-08-11,NASDAQ:TASK,7.1579999999999995,6.885,7.05,6.9,1.0,347317
2026-08-12,NASDAQ:TASK,6.925,6.57,6.84,6.92,1.0,501804
2026-08-13,NASDAQ:TASK,7.365,6.96,7.02,7.27,1.0,891241
2026-08-14,NASDAQ:TASK,7.55,7.29,7.32,7.5,1.0,630513
2026-08-17,NASDAQ:TASK,7.925,7.105,7.5,7.19,1.0,541183
2026-08-18,NASDAQ:TASK,7.51,7.165,7.22,7.38,1.0,729121
2026-08-19,NASDAQ:TASK,8.13,7.38,7.38,8.08,1.0,746580
2026-08-20,NASDAQ:TASK,8.08,7.68,7.96,7.76,1.0,425631
2026-08-21,NASDAQ:TASK,8.02,7.72,7.8,8.0,1.0,454903
2026-08-24,NASDAQ:TASK,8.04,7.815,7.99,7.83,1.0,246328
2026-08-25,NASDAQ:TASK,7.97,7.725,7.83,7.96,1.0,188187
2026-07-24,NYSE:AIV,2.66,2.635,2.65,2.64,1.0,796026
2026-07-27,NYSE:AIV,2.7,2.62,2.68,2.62,1.0,800808
2026-07-28,NYSE:AIV,2.65,2.6,2.64,2.61,1.0,732417
2026-07-29,NYSE:AIV,2.66,2.6,2.64,2.62,1.0,794504
2026-07-30,NYSE:AIV,2.675,2.605,2.61,2.66,1.0,665780
2026-07-31,NYSE:AIV,2.71,2.65,2.66,2.69,1.0,618043
2026-08-03,NYSE:AIV,2.735,2.69,2.69,2.69,1.0,606398
2026-08-04,NYSE:AIV,2.705,2.66,2.69,2.67,1.0,721309
2026-08-05,NYSE:AIV,2.675,2.635,2.66,2.65,1.0,815056
2026-08-06,NYSE:AIV,2.68,2.62,2.68,2.65,1.0,723040
2026-08-07,NYSE:AIV,2.69,2.64,2.65,2.66,1.0,1039822
2026-08-10,NYSE:AIV,2.665,2.59,2.65,2.62,1.0,1254674
2026-08-11,NYSE:AIV,2.67,2.59,2.64,2.59,1.0,883857
2026-08-12,NYSE:AIV,2.63,2.59,2.63,2.61,1.0,756703
2026-08-13,NYSE:AIV,2.6277,2.595,2.6,2.61,1.0,819833
2026-08-14,NYSE:AIV,2.67,2.595,2.62,2.64,1.0,710771
2026-08-17,NYSE:AIV,2.625,2.59,2.62,2.62,1.0,864145
2026-08-18,NYSE:AIV,2.645,2.615,2.62,2.62,1.0,968127
2026-08-19,NYSE:AIV,2.65,2.61,2.62,2.63,1.0,656086
2026-08-20,NYSE:AIV,2.63,2.595,2.63,2.61,1.0,772389
2026-08-21,NYSE:AIV,2.64,2.61,2.64,2.62,1.0,504749
2026-08-24,NYSE:AIV,2.64,2.59,2.62,2.6,1.0,771515
2026-08-25,NYSE:AIV,2.605,2.57,2.58,2.58,1.0,481843
2026-07-24,NYSE:SITC,4.39,4.26,4.27,4.38,1.0,516442
2026-07-27,NYSE:SITC,4.51,4.395,4.42,4.43,1.0,589519
2026-07-28,NYSE:SITC,4.53,4.43,4.43,4.47,1.0,520399
2026-07-29,NYSE:SITC,4.49,4.435,4.47,4.49,1.0,402614
2026-07-30,NYSE:SITC,4.5,4.265,4.49,4.33,1.0,422176
2026-07-31,NYSE:SITC,4.35,4.225,4.32,4.28,1.0,792789
2026-08-03,NYSE:SITC,3.395,3.3,3.32,3.31,1.0,1208058
2026-08-04,NYSE:SITC,3.2108,2.89,3.03,3.17,1.0,2581298
2026-08-05,NYSE:SITC,3.3,3.105,3.16,3.28,1.0,1444077
2026-08-06,NYSE:SITC,3.29,3.04,3.29,3.13,1.0,1632457
2026-08-07,NYSE:SITC,3.1899,3.1,3.12,3.15,1.0,801391
2026-08-10,NYSE:SITC,3.13,3.005,3.13,3.02,1.0,776615
2026-08-11,NYSE:SITC,3.04,2.96,3.04,2.96,1.0,1192379
2026-08-12,NYSE:SITC,3.02,2.96,2.99,2.98,1.0,779894
2026-08-13,NYSE:SITC,3.03,2.98,2.98,3.02,1.0,859669
2026-08-14,NYSE:SITC,3.03,2.95,3.0,2.96,1.0,746647
2026-08-17,NYSE:SITC,2.98,2.89,2.95,2.97,1.0,1008832
2026-08-18,NYSE:SITC,3.05,2.965,2.97,3.03,1.0,811950
2026-08-19,NYSE:SITC,3.08,3.01,3.03,3.03,1.0,681769
2026-08-20,NYSE:SITC,3.065,3.0009,3.05,3.02,1.0,569824
2026-08-21,NYSE:SITC,3.08,3.01,3.04,3.07,1.0,579676
2026-08-24,NYSE:SITC,3.11,3.02,3.08,3.07,1.0,965163
2026-08-25,NYSE:SITC,3.085,2.98,3.08,2.98,1.0,781651
2026-07-24,NASDAQ:STRS,19.925,19.57,19.885,19.82,1.0,73407
2026-07-27,NASDAQ:STRS,20.095,19.53,19.82,19.98,1.0,56138
2026-07-28,NASDAQ:STRS,20.2,19.58,20.2,19.58,1.0,32805
2026-07-29,NASDAQ:STRS,19.78,18.85,19.5,19.4,1.0,113200
2026-07-30,NASDAQ:STRS,19.7199,19.2,19.2,19.4,1.0,75107
2026-07-31,NASDAQ:STRS,19.93,19.1,19.7,19.6,1.0,216795
2026-08-03,NASDAQ:STRS,20.4,19.12,20.0,19.68,1.0,100638
2026-08-04,NASDAQ:STRS,20.13,19.54,19.825,20.1,1.0,51690
2026-08-05,NASDAQ:STRS,20.15,19.65,20.015,19.92,1.0,55149
2026-08-06,NASDAQ:STRS,20.03,19.71,19.74,19.77,1.0,21341
2026-08-07,NASDAQ:STRS,20.38,18.75,20.3005,19.32,1.0,482348
2026-07-24,NYSE:ELME,1.52,1.47,1.47,1.49,1.0,1843329
2026-07-27,NYSE:ELME,1.64,1.59,1.62,1.62,1.0,3077744
2026-07-28,NYSE:ELME,1.63,1.59,1.63,1.6,1.0,1762209
2026-07-29,NYSE:ELME,1.63,1.6,1.62,1.63,1.0,884350
2026-07-30,NYSE:ELME,1.63,1.6,1.63,1.62,1.0,513827
2026-07-31,NYSE:ELME,1.63,1.6,1.63,1.61,1.0,347160
2026-08-03,NYSE:ELME,1.67,1.62,1.63,1.64,1.0,739838
2026-08-04,NYSE:ELME,1.65,1.62,1.63,1.62,1.0,444849
2026-08-05,NYSE:ELME,1.64,1.615,1.63,1.64,1.0,242716
2026-08-06,NYSE:ELME,1.65,1.62,1.62,1.63,1.0,648958
2026-08-07,NYSE:ELME,1.6389,1.62,1.62,1.62,1.0,510141
2026-08-10,NYSE:ELME,1.6389,1.61,1.63,1.62,1.0,778033
2026-08-11,NYSE:ELME,1.63,1.61,1.61,1.62,1.0,343242
2026-08-12,NYSE:ELME,1.64,1.6129,1.64,1.62,1.0,274684
2026-08-13,NYSE:ELME,1.645,1.62,1.63,1.62,1.0,421427
2026-08-14,NYSE:ELME,1.64,1.62,1.64,1.62,1.0,208831
2026-08-17,NYSE:ELME,1.625,1.61,1.62,1.61,1.0,260400
2026-08-18,NYSE:ELME,1.62,1.61,1.62,1.61,1.0,175605
2026-08-19,NYSE:ELME,1.635,1.61,1.62,1.62,1.0,398517
2026-08-20,NYSE:ELME,1.63,1.61,1.61,1.62,1.0,267243
2026-08-21,NYSE:ELME,1.69,1.66,1.67,1.66,1.0,1276831
2026-08-24,NYSE:ELME,1.685,1.66,1.68,1.68,1.0,388038
2026-08-25,NYSE:ELME,1.69,1.66,1.69,1.69,1.0,758825
2026-07-24,NYSE:PNNT,3.3,3.24,3.24,3.29,1.0,452253
2026-07-27,NYSE:PNNT,3.41,3.34,3.34,3.36,1.0,395487
2026-07-28,NYSE:PNNT,3.41,3.3418,3.36,3.38,1.0,344234
2026-07-29,NYSE:PNNT,3.44,3.345,3.35,3.37,1.0,796082
2026-07-30,NYSE:PNNT,3.39,3.25,3.38,3.33,1.0,537339
2026-07-31,NYSE:PNNT,3.38,3.28,3.32,3.29,1.0,584589
2026-08-03,NYSE:PNNT,3.42,3.33,3.33,3.41,1.0,525246
2026-08-04,NYSE:PNNT,3.535,3.39,3.39,3.52,1.0,643788
2026-08-05,NYSE:PNNT,3.5549,3.44,3.55,3.48,1.0,307041
2026-08-06,NYSE:PNNT,3.685,3.48,3.48,3.62,1.0,776027
2026-08-07,NYSE:PNNT,3.73,3.625,3.65,3.69,1.0,473673
2026-08-10,NYSE:PNNT,3.76,3.66,3.68,3.71,1.0,1160220
2026-08-11,NYSE:PNNT,3.81,3.65,3.77,3.74,1.0,959009
2026-08-12,NYSE:PNNT,3.82,3.7,3.72,3.82,1.0,573324
2026-08-13,NYSE:PNNT,3.9,3.79,3.82,3.82,1.0,716143
2026-08-14,NYSE:PNNT,3.78,3.71,3.77,3.72,1.0,341399
2026-08-17,NYSE:PNNT,3.7,3.61,3.7,3.63,1.0,499628
2026-08-18,NYSE:PNNT,3.7,3.6,3.6,3.67,1.0,245849
2026-08-19,NYSE:PNNT,3.8,3.66,3.66,3.76,1.0,479580
2026-08-20,NYSE:PNNT,3.7654,3.66,3.73,3.68,1.0,414272
2026-08-21,NYSE:PNNT,3.75,3.68,3.7,3.73,1.0,180445
2026-08-24,NYSE:PNNT,3.78,3.73,3.74,3.77,1.0,189370
2026-08-25,NYSE:PNNT,3.825,3.77,3.78,3.81,1.0,454196
2026-07-24,NYSE:NLOP,11.715,11.21,11.67,11.34,1.0,187568
2026-07-27,NYSE:NLOP,11.595,11.21,11.34,11.55,1.0,135567
2026-07-28,NYSE:NLOP,12.11,11.59,11.59,12.05,1.0,203207
2026-07-29,NYSE:NLOP,12.05,11.735,11.99,11.81,1.0,109491
2026-07-30,NYSE:NLOP,11.85,11.57,11.69,11.76,1.0,89681
2026-07-31,NYSE:NLOP,11.9328,11.56,11.7,11.7,1.0,88034
2026-08-03,NYSE:NLOP,12.12,11.68,11.68,12.03,1.0,127371
2026-08-04,NYSE:NLOP,12.01,11.75,11.93,11.93,1.0,136694
2026-08-05,NYSE:NLOP,11.95,11.7601,11.88,11.87,1.0,149957
2026-08-06,NYSE:NLOP,11.92,11.55,11.77,11.67,1.0,198875
2026-08-07,NYSE:NLOP,11.8,11.5,11.55,11.57,1.0,105267
2026-08-10,NYSE:NLOP,11.64,11.385,11.56,11.48,1.0,113393
2026-08-11,NYSE:NLOP,11.68,11.4801,11.53,11.5,1.0,100211
2026-08-12,NYSE:NLOP,11.6394,11.46,11.57,11.57,1.0,129987
2026-08-13,NYSE:NLOP,11.74,11.6,11.61,11.66,1.0,90106
2026-08-14,NYSE:NLOP,11.72,11.53,11.69,11.59,1.0,85865
2026-08-17,NYSE:NLOP,11.69,11.38,11.58,11.42,1.0,84538
2026-08-18,NYSE:NLOP,11.64,11.3,11.33,11.48,1.0,113719
2026-08-19,NYSE:NLOP,11.59,11.3442,11.52,11.46,1.0,69761
2026-08-20,NYSE:NLOP,11.64,11.32,11.47,11.57,1.0,71012
2026-08-21,NYSE:NLOP,11.64,11.48,11.56,11.61,1.0,63548
2026-08-24,NYSE:NLOP,11.7572,11.45,11.63,11.53,1.0,71475
2026-08-25,NYSE:NLOP,11.67,11.49,11.55,11.61,1.0,94974
2026-07-24,NYSE:TDS,34.86,33.66,33.77,34.37,1.0,1143052
2026-07-27,NYSE:TDS,34.7547,33.63,34.65,33.65,1.0,605093
2026-07-28,NYSE:TDS,34.07,33.64,33.8,34.0,1.0,505778
2026-07-29,NYSE:TDS,34.26,33.5,33.91,33.95,1.0,940570
2026-07-30,NYSE:TDS,34.22,33.3601,34.02,33.58,1.0,705326
2026-07-31,NYSE:TDS,33.61,32.94,33.43,33.58,1.0,716925
2026-08-03,NYSE:TDS,34.52,33.42,33.42,34.41,1.0,1252043
2026-08-04,NYSE:TDS,36.57,34.41,34.41,35.73,1.0,1912780
2026-08-05,NYSE:TDS,35.71,34.82,35.45,35.39,1.0,1635724
2026-08-06,NYSE:TDS,36.03,35.25,35.62,36.0,1.0,1999207
2026-08-07,NYSE:TDS,35.265,31.51,35.22,32.98,1.0,3333432
2026-08-10,NYSE:TDS,33.75,32.56,33.0,33.7,1.0,1508479
2026-08-11,NYSE:TDS,33.94,32.87,33.61,33.33,1.0,1003376
2026-08-12,NYSE:TDS,33.78,33.0,33.33,33.17,1.0,820028
2026-08-13,NYSE:TDS,35.205,33.335,33.43,35.04,1.0,1238779
2026-08-14,NYSE:TDS,35.405,34.53,34.53,35.21,1.0,701829
2026-08-17,NYSE:TDS,35.355,34.485,35.03,34.52,1.0,990274
2026-08-18,NYSE:TDS,34.815,33.98,34.55,34.17,1.0,572315
2026-08-19,NYSE:TDS,35.02,34.29,34.42,34.67,1.0,660107
2026-08-20,NYSE:TDS,35.39,34.25,34.275,34.71,1.0,503619
2026-08-21,NYSE:TDS,35.31,33.54,35.01,33.6,1.0,1374572
2026-08-24,NYSE:TDS,34.035,32.83,33.62,33.09,1.0,1201017
2026-08-25,NYSE:TDS,33.865,32.92,33.09,33.8,1.0,873269
2026-07-24,NASDAQ:ADAM,8.76,8.61,8.67,8.65,1.0,535179
2026-07-27,NASDAQ:ADAM,8.83,8.7,8.7,8.71,1.0,575574
2026-07-28,NASDAQ:ADAM,8.8299,8.6126,8.74,8.71,1.0,844326
2026-07-29,NASDAQ:ADAM,8.77,8.635,8.71,8.65,1.0,695545
2026-07-30,NASDAQ:ADAM,9.389,8.85,9.12,8.94,1.0,1801118
2026-07-31,NASDAQ:ADAM,9.292,8.845,9.07,9.07,1.0,1541782
2026-08-03,NASDAQ:ADAM,9.455,9.12,9.13,9.44,1.0,1455983
2026-08-04,NASDAQ:ADAM,9.585,9.36,9.44,9.51,1.0,874882
2026-08-05,NASDAQ:ADAM,9.57,9.335,9.57,9.44,1.0,647597
2026-08-06,NASDAQ:ADAM,9.59,9.39,9.47,9.52,1.0,601167
2026-08-07,NASDAQ:ADAM,9.915,9.54,9.54,9.82,1.0,781569
2026-08-10,NASDAQ:ADAM,9.82,9.58,9.81,9.79,1.0,699985
2026-08-11,NASDAQ:ADAM,10.36,9.925,9.94,10.23,1.0,1440294
2026-08-12,NASDAQ:ADAM,10.3,10.11,10.25,10.16,1.0,980175
2026-08-13,NASDAQ:ADAM,10.23,10.085,10.18,10.09,1.0,954795
2026-08-14,NASDAQ:ADAM,10.21,10.045,10.11,10.12,1.0,740381
2026-08-17,NASDAQ:ADAM,10.145,10.06,10.12,10.12,1.0,621010
2026-08-18,NASDAQ:ADAM,10.17,10.005,10.14,10.08,1.0,776004
2026-08-19,NASDAQ:ADAM,10.23,10.075,10.18,10.18,1.0,731216
2026-08-20,NASDAQ:ADAM,10.145,9.83,10.06,9.93,1.0,835515
2026-08-21,NASDAQ:ADAM,10.04,9.87,10.04,9.94,1.0,1329703
2026-08-24,NASDAQ:ADAM,9.975,9.785,9.9,9.86,1.0,705985
2026-08-25,NASDAQ:ADAM,9.95,9.75,9.92,9.84,1.0,612160
2026-07-24,NYSE:SSTK,5.93,5.56,5.75,5.58,1.0,1323477
2026-07-27,NYSE:SSTK,6.0399,5.6401,5.65,5.89,1.0,1611931
2026-07-28,NYSE:SSTK,6.25,5.79,5.99,5.98,1.0,1066057
2026-07-29,NYSE:SSTK,6.2,5.63,6.0,5.7,1.0,1186898
2026-07-30,NYSE:SSTK,5.76,5.25,5.76,5.38,1.0,1247126
2026-07-31,NYSE:SSTK,5.6199,5.1721,5.36,5.4,1.0,1723565
2026-08-03,NYSE:SSTK,6.14,5.46,5.47,6.06,1.0,1559108
2026-08-04,NYSE:SSTK,6.2382,5.75,5.96,6.02,1.0,1259098
2026-08-05,NYSE:SSTK,6.65,5.81,6.24,6.24,1.0,1578374
2026-08-06,NYSE:SSTK,6.24,5.77,6.12,5.91,1.0,1161822
2026-08-07,NYSE:SSTK,6.25,5.72,5.9,5.96,1.0,1235461
2026-08-10,NYSE:SSTK,5.935,5.64,5.91,5.89,1.0,1284071
2026-08-11,NYSE:SSTK,5.9,5.32,5.9,5.41,1.0,1207914
2026-08-12,NYSE:SSTK,5.81,5.445,5.51,5.64,1.0,1035034
2026-08-13,NYSE:SSTK,5.87,5.49,5.64,5.86,1.0,1031144
2026-08-14,NYSE:SSTK,5.83,5.61,5.79,5.69,1.0,734316
2026-08-17,NYSE:SSTK,5.6799,5.24,5.58,5.41,1.0,1011138
2026-08-18,NYSE:SSTK,5.5,5.31,5.43,5.37,1.0,706626
2026-08-19,NYSE:SSTK,5.62,5.38,5.41,5.52,1.0,690914
2026-08-20,NYSE:SSTK,5.45,5.27,5.41,5.35,1.0,626035
2026-08-21,NYSE:SSTK,5.3899,5.22,5.37,5.32,1.0,1146751
2026-08-24,NYSE:SSTK,5.485,5.27,5.32,5.36,1.0,638721
2026-08-25,NYSE:SSTK,5.56,5.26,5.39,5.54,1.0,849717
2026-07-24,NYSE:ARR,16.435,16.2,16.21,16.27,1.0,3904430
2026-07-27,NYSE:ARR,16.435,16.18,16.36,16.21,1.0,3572980
2026-07-28,NYSE:ARR,16.425,16.08,16.12,16.41,1.0,2752985
2026-07-29,NYSE:ARR,16.6,16.29,16.37,16.36,1.0,3123402
2026-07-30,NYSE:ARR,16.53,16.16,16.52,16.45,1.0,2506541
2026-07-31,NYSE:ARR,16.518,16.24,16.5,16.47,1.0,2792368
2026-08-03,NYSE:ARR,16.625,16.33,16.48,16.33,1.0,3756189
2026-08-04,NYSE:ARR,16.45,16.17,16.34,16.43,1.0,2899861
2026-08-05,NYSE:ARR,16.65,16.295,16.47,16.63,1.0,3242126
2026-08-06,NYSE:ARR,16.68,16.48,16.62,16.55,1.0,2215553
2026-08-07,NYSE:ARR,16.875,16.61,16.61,16.68,1.0,4280758
2026-08-10,NYSE:ARR,16.7,16.39,16.7,16.54,1.0,4513304
2026-08-11,NYSE:ARR,16.755,16.51,16.55,16.67,1.0,4013134
2026-08-12,NYSE:ARR,16.7994,16.615,16.7,16.64,1.0,4714341
2026-08-13,NYSE:ARR,16.79,16.6729,16.72,16.72,1.0,3985647
2026-08-14,NYSE:ARR,16.87,16.725,16.75,16.74,1.0,4427835
2026-08-17,NYSE:ARR,16.5,16.37,16.425,16.46,1.0,3607578
2026-08-18,NYSE:ARR,16.5,16.3244,16.43,16.38,1.0,2872233
2026-08-19,NYSE:ARR,16.54,16.36,16.45,16.48,1.0,3155241
2026-08-20,NYSE:ARR,16.52,16.255,16.38,16.32,1.0,2720831
2026-08-21,NYSE:ARR,16.4328,16.28,16.41,16.34,1.0,2129162
2026-08-24,NYSE:ARR,16.39,16.235,16.34,16.38,1.0,2609651
2026-08-25,NYSE:ARR,16.44,16.28,16.4,16.4,1.0,2105052
2026-07-24,NYSE:OLP,25.28,24.82,24.82,25.13,1.0,119336
2026-07-27,NYSE:OLP,25.45,24.965,25.45,25.25,1.0,88895
2026-07-28,NYSE:OLP,25.6073,25.02,25.52,25.09,1.0,76582
2026-07-29,NYSE:OLP,25.25,24.83,25.25,24.85,1.0,88295
2026-07-30,NYSE:OLP,25.06,24.0,24.96,24.37,1.0,70667
2026-07-31,NYSE:OLP,24.55,24.0,24.3,24.31,1.0,78893
2026-08-03,NYSE:OLP,24.9399,24.175,24.58,24.34,1.0,175812
2026-08-04,NYSE:OLP,24.6,24.0,24.27,24.6,1.0,109612
2026-08-05,NYSE:OLP,24.52,23.8,24.4,23.82,1.0,158879
2026-08-06,NYSE:OLP,24.3,23.83,24.15,24.16,1.0,93961
2026-08-07,NYSE:OLP,24.38,23.98,24.06,24.16,1.0,76978
2026-08-10,NYSE:OLP,24.24,23.28,24.24,23.47,1.0,100842
2026-08-11,NYSE:OLP,23.84,23.35,23.44,23.59,1.0,96585
2026-08-12,NYSE:OLP,24.02,23.66,23.66,23.95,1.0,72119
2026-08-13,NYSE:OLP,24.66,24.09,24.09,24.62,1.0,92981
2026-08-14,NYSE:OLP,24.66,24.14,24.6,24.23,1.0,86111
2026-08-17,NYSE:OLP,24.28,23.81,24.15,24.25,1.0,86000
2026-08-18,NYSE:OLP,24.58,24.01,24.41,24.1,1.0,50681
2026-08-19,NYSE:OLP,24.6,24.09,24.09,24.42,1.0,58153
2026-08-20,NYSE:OLP,24.47,24.0701,24.23,24.41,1.0,42166
2026-08-21,NYSE:OLP,24.45,24.15,24.36,24.17,1.0,37841
2026-08-24,NYSE:OLP,24.605,24.25,24.33,24.53,1.0,58181
2026-08-25,NYSE:OLP,24.6638,24.33,24.58,24.52,1.0,29025
2026-07-24,NYSE:DX,12.755,12.58,12.62,12.6,1.0,5301856
2026-07-27,NYSE:DX,12.79,12.64,12.64,12.64,1.0,5081438
2026-07-28,NYSE:DX,12.925,12.6,12.64,12.91,1.0,6244844
2026-07-29,NYSE:DX,12.94,12.79,12.86,12.83,1.0,4972426
2026-07-30,NYSE:DX,12.89,12.64,12.89,12.82,1.0,5029549
2026-07-31,NYSE:DX,12.85,12.595,12.85,12.71,1.0,4392268
2026-08-03,NYSE:DX,12.865,12.67,12.75,12.71,1.0,5098612
2026-08-04,NYSE:DX,12.78,12.61,12.72,12.76,1.0,7640682
2026-08-05,NYSE:DX,12.86,12.62,12.81,12.85,1.0,4701401
2026-08-06,NYSE:DX,12.98,12.785,12.87,12.81,1.0,5647954
2026-08-07,NYSE:DX,13.05,12.85,12.88,12.95,1.0,5136973
2026-08-10,NYSE:DX,12.9,12.67,12.9,12.78,1.0,5340413
2026-08-11,NYSE:DX,12.96,12.74,12.79,12.93,1.0,3550303
2026-08-12,NYSE:DX,13.0899,12.95,12.99,12.97,1.0,5167408
2026-08-13,NYSE:DX,13.0689,13.0,13.05,13.02,1.0,4297382
2026-08-14,NYSE:DX,13.14,13.02,13.02,13.06,1.0,2973092
2026-08-17,NYSE:DX,13.12,13.019,13.09,13.07,1.0,4823852
2026-08-18,NYSE:DX,13.19,13.025,13.08,13.18,1.0,5242299
2026-08-19,NYSE:DX,13.4,13.235,13.25,13.33,1.0,7018683
2026-08-20,NYSE:DX,13.38,13.18,13.29,13.25,1.0,5616130
2026-08-21,NYSE:DX,13.1835,12.995,13.15,13.03,1.0,4667592
2026-08-24,NYSE:DX,13.1,12.94,13.03,13.05,1.0,5397417
2026-08-25,NYSE:DX,13.09,12.93,13.05,13.005,1.0,4262706
2026-07-24,NASDAQ:TRIN,17.57,17.155,17.46,17.26,1.0,805252
2026-07-27,NASDAQ:TRIN,17.518,17.31,17.4,17.41,1.0,695812
2026-07-28,NASDAQ:TRIN,17.72,17.4,17.57,17.7,1.0,835569
2026-07-29,NASDAQ:TRIN,17.77,17.54,17.66,17.57,1.0,937246
2026-07-30,NASDAQ:TRIN,17.66,17.27,17.66,17.41,1.0,1119720
2026-07-31,NASDAQ:TRIN,17.71,17.355,17.55,17.55,1.0,918918
2026-08-03,NASDAQ:TRIN,17.868,17.5,17.52,17.83,1.0,999275
2026-08-04,NASDAQ:TRIN,18.245,17.83,17.84,18.16,1.0,1314280
2026-08-05,NASDAQ:TRIN,18.0,16.935,17.55,17.24,1.0,3446742
2026-08-06,NASDAQ:TRIN,17.77,17.35,17.37,17.6,1.0,1499146
2026-08-07,NASDAQ:TRIN,18.085,17.639,17.68,18.05,1.0,1028951
2026-08-10,NASDAQ:TRIN,18.43,17.96,18.08,18.43,1.0,1191627
2026-08-11,NASDAQ:TRIN,18.4622,18.12,18.36,18.19,1.0,997155
2026-08-12,NASDAQ:TRIN,18.4,18.155,18.4,18.29,1.0,1198840
2026-08-13,NASDAQ:TRIN,18.565,18.25,18.32,18.43,1.0,1005146
2026-08-14,NASDAQ:TRIN,18.275,18.13,18.2,18.14,1.0,599184
2026-08-17,NASDAQ:TRIN,18.1057,17.835,18.0,17.92,1.0,1043673
2026-08-18,NASDAQ:TRIN,18.185,17.95,17.96,18.15,1.0,772458
2026-08-19,NASDAQ:TRIN,18.255,18.02,18.18,18.13,1.0,732418
2026-08-20,NASDAQ:TRIN,18.28,18.07,18.15,18.27,1.0,712419
2026-08-21,NASDAQ:TRIN,18.4749,18.17,18.39,18.35,1.0,568658
2026-08-24,NASDAQ:TRIN,18.745,18.27,18.35,18.61,1.0,1104487
2026-08-25,NASDAQ:TRIN,18.74,18.5142,18.66,18.7,1.0,683248
2026-07-24,NYSE:STLA,5.7299,5.63,5.69,5.69,1.0,16885517
2026-07-27,NYSE:STLA,5.7095,5.58,5.63,5.7,1.0,23819251
2026-07-28,NYSE:STLA,5.8399,5.64,5.69,5.76,1.0,30405104
2026-07-29,NYSE:STLA,6.13,5.92,5.95,6.01,1.0,34507744
2026-07-30,NYSE:STLA,5.885,5.575,5.7,5.86,1.0,42068430
2026-07-31,NYSE:STLA,5.9,5.68,5.85,5.76,1.0,34126926
2026-08-03,NYSE:STLA,5.94,5.59,5.9,5.65,1.0,23772094
2026-08-04,NYSE:STLA,5.87,5.64,5.66,5.86,1.0,23778235
2026-08-05,NYSE:STLA,5.76,5.61,5.75,5.63,1.0,18713328
2026-08-06,NYSE:STLA,5.65,5.54,5.61,5.55,1.0,13548493
2026-08-07,NYSE:STLA,5.5895,5.4132,5.455,5.52,1.0,30783681
2026-08-10,NYSE:STLA,5.65,5.49,5.545,5.58,1.0,18656233
2026-08-11,NYSE:STLA,5.55,5.44,5.51,5.45,1.0,15448489
2026-08-12,NYSE:STLA,5.45,5.31,5.45,5.35,1.0,16350221
2026-08-13,NYSE:STLA,5.49,5.3,5.47,5.37,1.0,13779254
2026-08-14,NYSE:STLA,5.425,5.33,5.36,5.36,1.0,10332359
2026-08-17,NYSE:STLA,5.291,5.1,5.29,5.12,1.0,24878984
2026-08-18,NYSE:STLA,5.2,5.05,5.16,5.05,1.0,14148544
2026-08-19,NYSE:STLA,5.47,5.274,5.29,5.43,1.0,32579728
2026-08-20,NYSE:STLA,5.2991,5.11,5.16,5.26,1.0,25567757
2026-08-21,NYSE:STLA,5.46,5.3368,5.34,5.41,1.0,23181800
2026-08-24,NYSE:STLA,5.3,5.14,5.26,5.22,1.0,25920251
2026-08-25,NYSE:STLA,5.29,5.12,5.13,5.26,1.0,22357809
2026-07-24,NASDAQ:NWBI,15.48,15.305,15.35,15.4,1.0,1123966
2026-07-27,NASDAQ:NWBI,15.54,15.39,15.49,15.41,1.0,1210307
2026-07-28,NASDAQ:NWBI,16.16,15.725,15.87,15.9,1.0,1812308
2026-07-29,NASDAQ:NWBI,15.9201,15.79,15.81,15.89,1.0,1343848
2026-07-30,NASDAQ:NWBI,15.94,15.645,15.91,15.69,1.0,1012305
2026-07-31,NASDAQ:NWBI,15.79,15.53,15.74,15.74,1.0,1646717
2026-08-03,NASDAQ:NWBI,15.935,15.75,15.86,15.88,1.0,1074302
2026-08-04,NASDAQ:NWBI,16.09,15.8,15.89,16.01,1.0,1116081
2026-08-05,NASDAQ:NWBI,16.04,15.9,16.03,15.96,1.0,1161093
2026-08-06,NASDAQ:NWBI,15.88,15.61,15.8,15.65,1.0,923801
2026-08-07,NASDAQ:NWBI,15.64,15.51,15.6,15.55,1.0,839114
2026-08-10,NASDAQ:NWBI,15.62,15.365,15.49,15.49,1.0,1066733
2026-08-11,NASDAQ:NWBI,15.675,15.5,15.5,15.63,1.0,607123
2026-08-12,NASDAQ:NWBI,15.795,15.625,15.63,15.72,1.0,622785
2026-08-13,NASDAQ:NWBI,15.9,15.75,15.82,15.79,1.0,509102
2026-08-14,NASDAQ:NWBI,15.89,15.75,15.78,15.75,1.0,419976
2026-08-17,NASDAQ:NWBI,15.815,15.65,15.662,15.69,1.0,667203
2026-08-18,NASDAQ:NWBI,15.75,15.56,15.71,15.64,1.0,828552
2026-08-19,NASDAQ:NWBI,15.66,15.24,15.65,15.27,1.0,921449
2026-08-20,NASDAQ:NWBI,15.35,15.185,15.22,15.31,1.0,666973
2026-08-21,NASDAQ:NWBI,15.505,15.235,15.48,15.42,1.0,864823
2026-08-24,NASDAQ:NWBI,15.5295,15.34,15.41,15.37,1.0,476536
2026-08-25,NASDAQ:NWBI,15.4,15.25,15.39,15.3,1.0,573084
2026-07-24,NASDAQ:SWBI,14.75,14.44,14.57,14.64,1.0,402921
2026-07-27,NASDAQ:SWBI,14.98,14.68,14.68,14.89,1.0,450510
2026-07-28,NASDAQ:SWBI,15.14,14.65,14.91,14.68,1.0,388566
2026-07-29,NASDAQ:SWBI,14.81,14.41,14.68,14.5,1.0,391732
2026-07-30,NASDAQ:SWBI,15.14,14.57,14.72,14.95,1.0,452191
2026-07-31,NASDAQ:SWBI,15.02,14.4338,15.01,14.55,1.0,364265
2026-08-03,NASDAQ:SWBI,14.87,14.54,14.61,14.76,1.0,440690
2026-08-04,NASDAQ:SWBI,15.005,14.72,14.88,14.97,1.0,396685
2026-08-05,NASDAQ:SWBI,14.97,14.69,14.95,14.71,1.0,379413
2026-08-06,NASDAQ:SWBI,14.86,14.412,14.82,14.55,1.0,343676
2026-08-07,NASDAQ:SWBI,14.585,14.21,14.56,14.25,1.0,344448
2026-08-10,NASDAQ:SWBI,14.25,14.0977,14.2,14.21,1.0,368538
2026-08-11,NASDAQ:SWBI,14.42,14.14,14.21,14.22,1.0,451933
2026-08-12,NASDAQ:SWBI,14.35,14.08,14.31,14.19,1.0,475576
2026-08-13,NASDAQ:SWBI,14.405,14.09,14.19,14.34,1.0,404923
2026-08-14,NASDAQ:SWBI,14.42,14.17,14.31,14.33,1.0,289348
2026-08-17,NASDAQ:SWBI,14.37,14.12,14.25,14.15,1.0,326857
2026-08-18,NASDAQ:SWBI,14.2,14.022,14.12,14.17,1.0,401309
2026-08-19,NASDAQ:SWBI,14.27,14.06,14.27,14.12,1.0,428111
2026-08-20,NASDAQ:SWBI,14.075,13.87,14.01,13.91,1.0,676927
2026-08-21,NASDAQ:SWBI,14.11,13.9,13.99,14.1,1.0,925528
2026-08-24,NASDAQ:SWBI,14.13,13.635,14.04,13.65,1.0,596039
2026-08-25,NASDAQ:SWBI,13.805,13.47,13.65,13.51,1.0,444359
2026-07-24,NYSE:BCC,78.81,76.405,76.46,77.84,1.0,188363
2026-07-27,NYSE:BCC,79.76,77.88,78.41,78.22,1.0,275007
2026-07-28,NYSE:BCC,81.8599,79.92,79.92,80.38,1.0,301582
2026-07-29,NYSE:BCC,79.2675,76.635,78.79,77.68,1.0,389877
2026-07-30,NYSE:BCC,77.685,74.81,77.63,75.38,1.0,326572
2026-07-31,NYSE:BCC,76.78,75.0,75.94,76.38,1.0,302384
2026-08-03,NYSE:BCC,83.09,78.12,78.12,83.03,1.0,813869
2026-08-04,NYSE:BCC,88.4299,82.28,82.76,86.49,1.0,688182
2026-08-05,NYSE:BCC,85.6275,82.3634,84.51,84.8,1.0,419317
2026-08-06,NYSE:BCC,84.955,81.65,84.53,84.26,1.0,471369
2026-08-07,NYSE:BCC,87.82,84.065,84.55,86.6,1.0,325849
2026-08-10,NYSE:BCC,85.645,84.26,85.56,84.75,1.0,234495
2026-08-11,NYSE:BCC,86.365,84.78,85.11,85.53,1.0,261235
2026-08-12,NYSE:BCC,85.46,82.18,85.46,84.25,1.0,271141
2026-08-13,NYSE:BCC,85.7,83.6925,84.88,84.13,1.0,217470
2026-08-14,NYSE:BCC,84.43,82.8,84.29,83.24,1.0,193207
2026-08-17,NYSE:BCC,82.63,81.11,82.38,81.94,1.0,275359
2026-08-18,NYSE:BCC,82.33,80.07,82.28,80.18,1.0,230371
2026-08-19,NYSE:BCC,83.94,81.0,81.61,83.13,1.0,279396
2026-08-20,NYSE:BCC,82.18,80.0,80.73,81.77,1.0,248370
2026-08-21,NYSE:BCC,83.23,81.53,82.05,82.47,1.0,261150
2026-08-24,NYSE:BCC,83.44,81.53,82.95,82.24,1.0,229531
2026-08-25,NYSE:BCC,82.73,80.255,82.73,81.04,1.0,227037
2026-07-24,NYSE:ING,33.0199,32.73,32.79,32.83,1.0,1668129
2026-07-27,NYSE:ING,33.595,33.2499,33.47,33.49,1.0,1862457
2026-07-28,NYSE:ING,33.355,32.885,33.04,33.28,1.0,2179627
2026-07-29,NYSE:ING,33.04,32.445,32.9,32.51,1.0,3363617
2026-07-30,NYSE:ING,34.97,34.45,34.5,34.94,1.0,2886068
2026-07-31,NYSE:ING,35.065,34.54,34.855,34.93,1.0,2536145
2026-08-03,NYSE:ING,35.375,34.95,35.11,35.35,1.0,2366343
2026-08-04,NYSE:ING,35.9,35.28,35.68,35.34,1.0,4573350
2026-08-05,NYSE:ING,36.0499,35.65,35.74,35.92,1.0,4918089
2026-08-06,NYSE:ING,36.235,35.66,36.09,35.71,1.0,1985090
2026-08-07,NYSE:ING,35.78,35.54,35.76,35.68,1.0,1884531
2026-08-10,NYSE:ING,35.385,35.16,35.2,35.24,1.0,1801079
2026-08-11,NYSE:ING,35.605,35.245,35.48,35.35,1.0,1828146
2026-08-12,NYSE:ING,35.685,35.5,35.57,35.61,1.0,1796387
2026-08-13,NYSE:ING,35.87,35.5,35.79,35.6,1.0,1405244
2026-08-14,NYSE:ING,35.73,35.48,35.52,35.7,1.0,1128219
2026-08-17,NYSE:ING,35.975,35.6,35.87,35.63,1.0,1616318
2026-08-18,NYSE:ING,35.68,35.36,35.61,35.49,1.0,1708123
2026-08-19,NYSE:ING,35.43,34.58,35.41,34.69,1.0,2698629
2026-08-20,NYSE:ING,34.94,34.5,34.84,34.5,1.0,1839056
2026-08-21,NYSE:ING,34.94,34.73,34.8,34.84,1.0,1354389
2026-08-24,NYSE:ING,35.085,34.83,34.87,35.03,1.0,1530187
2026-07-24,NYSE:CPA,140.0,135.75,137.19,136.28,1.0,411923
2026-07-27,NYSE:CPA,140.96,136.29,139.71,138.43,1.0,434879
2026-07-28,NYSE:CPA,140.64,136.37,138.44,140.01,1.0,390660
2026-07-29,NYSE:CPA,140.32,135.79,136.95,136.28,1.0,307672
2026-07-30,NYSE:CPA,142.47,138.0101,138.89,142.23,1.0,419874
2026-07-31,NYSE:CPA,143.5,140.9,143.5,141.22,1.0,166431
2026-08-03,NYSE:CPA,146.52,143.3,144.0,146.06,1.0,222708
2026-08-04,NYSE:CPA,150.42,146.5585,148.98,146.65,1.0,243514
2026-08-05,NYSE:CPA,152.67,145.945,147.22,150.78,1.0,425727
2026-08-06,NYSE:CPA,145.79,138.37,142.495,142.05,1.0,558785
2026-08-07,NYSE:CPA,143.935,139.865,143.1,142.13,1.0,265786
2026-08-10,NYSE:CPA,140.835,136.28,140.31,136.69,1.0,273587
2026-08-11,NYSE:CPA,138.015,134.46,137.01,134.5,1.0,239513
2026-08-12,NYSE:CPA,138.33,135.175,137.02,135.86,1.0,269368
2026-08-13,NYSE:CPA,138.0,135.53,138.0,136.37,1.0,138330
2026-08-14,NYSE:CPA,137.83,134.78,136.54,135.87,1.0,223732
2026-08-17,NYSE:CPA,136.05,133.3675,135.18,133.79,1.0,183565
2026-08-18,NYSE:CPA,133.01,129.215,132.5,129.46,1.0,287995
2026-08-19,NYSE:CPA,130.435,128.8,130.0,129.78,1.0,499604
2026-08-20,NYSE:CPA,128.93,127.28,127.96,128.29,1.0,250622
2026-08-21,NYSE:CPA,130.83,128.29,129.97,129.95,1.0,202278
2026-08-24,NYSE:CPA,132.75,129.7,130.0,131.5,1.0,292860
2026-08-25,NYSE:CPA,134.56,130.5,133.32,133.45,1.0,244225
2026-07-24,NYSE:AMCR,44.64,42.92,43.04,44.54,1.0,3827236
2026-07-27,NYSE:AMCR,45.4101,44.5908,44.64,45.24,1.0,3673787
2026-07-28,NYSE:AMCR,46.955,45.47,45.7,46.69,1.0,4594910
2026-07-29,NYSE:AMCR,46.21,45.06,45.6,45.84,1.0,4274371
2026-07-30,NYSE:AMCR,46.14,44.9125,46.0,45.15,1.0,3395496
2026-07-31,NYSE:AMCR,45.245,44.41,45.12,44.88,1.0,8643428
2026-08-03,NYSE:AMCR,46.36,45.32,45.8,46.02,1.0,3596474
2026-08-04,NYSE:AMCR,47.235,45.655,46.1,47.14,1.0,2910737
2026-08-05,NYSE:AMCR,47.95,47.23,47.25,47.75,1.0,3447884
2026-08-06,NYSE:AMCR,47.91,46.87,47.61,47.06,1.0,3259772
2026-08-07,NYSE:AMCR,47.9,46.89,47.18,47.86,1.0,2209184
2026-08-10,NYSE:AMCR,47.39,46.87,47.39,47.11,1.0,2380822
2026-08-11,NYSE:AMCR,47.58,46.55,46.8,47.4,1.0,6018230
2026-08-12,NYSE:AMCR,48.0,45.9,48.0,46.56,1.0,5882921
2026-08-13,NYSE:AMCR,47.085,45.68,47.0,46.38,1.0,4812347
2026-08-14,NYSE:AMCR,46.3,45.69,46.0,46.03,1.0,3548508
2026-08-17,NYSE:AMCR,45.615,44.81,45.06,45.53,1.0,3281228
2026-08-18,NYSE:AMCR,46.335,45.69,45.86,45.86,1.0,3839545
2026-08-19,NYSE:AMCR,47.49,46.435,46.47,47.45,1.0,3196521
2026-08-20,NYSE:AMCR,48.28,46.596000000000004,46.64,47.81,1.0,4900130
2026-08-21,NYSE:AMCR,48.77,47.93,48.23,48.59,1.0,3057981
2026-08-24,NYSE:AMCR,48.94,47.58,48.71,47.91,1.0,5029131
2026-08-25,NYSE:AMCR,48.05,47.02,47.94,47.26,1.0,3397620
2026-07-24,NYSE:FRO,39.77,38.85,39.4,39.29,1.0,1295148
2026-07-27,NYSE:FRO,39.29,38.06,38.297,38.59,1.0,1583694
2026-07-28,NYSE:FRO,39.49,38.6,39.1,38.78,1.0,1534010
2026-07-29,NYSE:FRO,39.58,38.305,39.15,39.13,1.0,2461132
2026-07-30,NYSE:FRO,39.17,38.16,38.91,39.1,1.0,2164675
2026-07-31,NYSE:FRO,39.7863,38.96,39.43,39.37,1.0,1624516
2026-08-03,NYSE:FRO,40.0,38.26,39.8,39.91,1.0,2286369
2026-08-04,NYSE:FRO,40.21,38.72,40.0,38.97,1.0,2052738
2026-08-05,NYSE:FRO,39.32,37.91,39.09,37.97,1.0,2258435
2026-08-06,NYSE:FRO,39.830648,38.65,38.84,39.56,1.0,1844858
2026-08-07,NYSE:FRO,40.3,38.55,39.86,39.74,1.0,1497235
2026-08-10,NYSE:FRO,39.91,38.37,39.85,38.45,1.0,1407504
2026-08-11,NYSE:FRO,38.5,37.291,38.3,38.14,1.0,1827398
2026-08-12,NYSE:FRO,39.645,38.2,38.25,39.57,1.0,2057926
2026-08-13,NYSE:FRO,41.2,39.8,39.8,40.52,1.0,2319715
2026-08-14,NYSE:FRO,41.52,40.49,40.74,41.21,1.0,1266486
2026-08-17,NYSE:FRO,42.52,41.56,41.96,42.18,1.0,1919232
2026-08-18,NYSE:FRO,43.89,41.98,42.46,43.5,1.0,2262248
2026-08-19,NYSE:FRO,45.17,43.9,44.9,44.45,1.0,2444759
2026-08-20,NYSE:FRO,44.09,43.45,43.81,43.56,1.0,1614227
2026-08-21,NYSE:FRO,45.005,43.08,43.67,43.67,1.0,1927465
2026-08-24,NYSE:FRO,44.2162,43.29,43.32,44.05,1.0,2455264
2026-08-25,NYSE:FRO,43.9,42.76,43.3,43.46,1.0,3174165
2026-07-24,NASDAQ:GLPI,45.28,44.5651,44.79,45.17,1.0,1538247
2026-07-27,NASDAQ:GLPI,45.65,44.85,45.01,45.04,1.0,1561239
2026-07-28,NASDAQ:GLPI,46.63,45.545,45.68,45.85,1.0,2459839
2026-07-29,NASDAQ:GLPI,46.08,45.385,45.63,46.01,1.0,2251982
2026-07-30,NASDAQ:GLPI,46.12,44.22,45.84,44.71,1.0,2977777
2026-07-31,NASDAQ:GLPI,44.89,43.89,44.21,44.79,1.0,3386438
2026-08-03,NASDAQ:GLPI,45.0,44.17,44.85,44.81,1.0,2428969
2026-08-04,NASDAQ:GLPI,44.71,44.15,44.32,44.41,1.0,2423478
2026-08-05,NASDAQ:GLPI,44.41,43.62,44.3,43.81,1.0,2441457
2026-08-06,NASDAQ:GLPI,44.43,43.705,44.26,43.86,1.0,1886048
2026-08-07,NASDAQ:GLPI,44.2,43.635,44.0,44.14,1.0,1402521
2026-08-10,NASDAQ:GLPI,43.81,42.63,43.81,42.81,1.0,2286668
2026-08-11,NASDAQ:GLPI,43.15,42.46,42.815,42.64,1.0,2043278
2026-08-12,NASDAQ:GLPI,43.15,42.5,42.57,43.1,1.0,2322396
2026-08-13,NASDAQ:GLPI,43.69,43.22,43.4,43.65,1.0,2437711
2026-08-14,NASDAQ:GLPI,43.825,43.43,43.6,43.57,1.0,1797112
2026-08-17,NASDAQ:GLPI,43.1,41.73,42.75,42.25,1.0,5859563
2026-08-18,NASDAQ:GLPI,42.74,42.04,42.6,42.08,1.0,2999384
2026-08-19,NASDAQ:GLPI,42.975,42.235,42.26,42.9,1.0,3019414
2026-08-20,NASDAQ:GLPI,44.18,42.95,43.09,43.71,1.0,4721705
2026-08-21,NASDAQ:GLPI,43.87,43.395,43.69,43.55,1.0,2708732
2026-08-24,NASDAQ:GLPI,44.56,43.69,43.78,43.93,1.0,3347674
2026-08-25,NASDAQ:GLPI,44.12,43.01,43.855,43.03,1.0,3049443
2026-07-24,NYSE:TDG,1255.705,1217.13,1217.15,1236.71,1.0,269688
2026-07-27,NYSE:TDG,1291.86,1247.65,1250.99,1286.27,1.0,343831
2026-07-28,NYSE:TDG,1317.66,1288.905,1296.78,1307.97,1.0,292479
2026-07-29,NYSE:TDG,1298.5,1261.23,1298.5,1264.6,1.0,299121
2026-07-30,NYSE:TDG,1265.0,1236.88,1264.6,1249.91,1.0,306705
2026-07-31,NYSE:TDG,1265.08,1240.88,1249.79,1254.38,1.0,393093
2026-08-03,NYSE:TDG,1291.49,1260.04,1280.27,1285.56,1.0,711648
2026-08-04,NYSE:TDG,1359.273,1233.11,1355.6,1275.05,1.0,912269
2026-08-05,NYSE:TDG,1271.51,1234.24,1271.51,1254.71,1.0,879113
2026-08-06,NYSE:TDG,1280.17,1250.725,1264.08,1262.07,1.0,551718
2026-08-07,NYSE:TDG,1273.07,1220.42,1272.95,1225.25,1.0,521716
2026-08-10,NYSE:TDG,1234.98,1212.17,1230.0,1223.48,1.0,435828
2026-08-11,NYSE:TDG,1250.545,1221.08,1225.0,1242.04,1.0,545111
2026-08-12,NYSE:TDG,1251.06,1234.01,1244.68,1235.48,1.0,240793
2026-08-13,NYSE:TDG,1249.375,1216.67,1242.0,1246.31,1.0,380198
2026-08-14,NYSE:TDG,1265.7611,1238.4,1258.87,1256.9,1.0,438626
2026-08-17,NYSE:TDG,1257.1,1232.275,1257.0,1237.82,1.0,243342
2026-08-18,NYSE:TDG,1243.18,1225.175,1238.21,1233.78,1.0,250823
2026-08-19,NYSE:TDG,1240.2,1220.345,1235.0,1222.91,1.0,254145
2026-08-20,NYSE:TDG,1221.225,1179.95,1219.61,1180.4,1.0,440394
2026-08-21,NYSE:TDG,1206.2,1185.14,1188.04,1200.35,1.0,533795
2026-08-24,NYSE:TDG,1203.705,1187.85,1199.88,1199.08,1.0,466655
2026-08-25,NYSE:TDG,1212.38,1183.74,1211.33,1192.6,1.0,397776
2026-07-24,NASDAQ:FIBK,38.52,37.54,37.68,38.12,1.0,1996797
2026-07-27,NASDAQ:FIBK,38.655,37.74,38.28,37.76,1.0,1599417
2026-07-28,NASDAQ:FIBK,38.42,37.76,38.0,38.09,1.0,2118138
2026-07-29,NASDAQ:FIBK,38.11,37.54,38.08,37.75,1.0,1480762
2026-07-30,NASDAQ:FIBK,38.67,37.95,38.04,38.46,1.0,1103258
2026-07-31,NASDAQ:FIBK,38.75,37.935,38.65,38.02,1.0,1015606
2026-08-03,NASDAQ:FIBK,38.62,37.8,37.8,38.57,1.0,1119475
2026-08-04,NASDAQ:FIBK,38.84,37.99,38.1,38.4,1.0,1585673
2026-08-05,NASDAQ:FIBK,38.53,38.03,38.52,38.07,1.0,1095849
2026-08-06,NASDAQ:FIBK,38.32,37.39,38.17,37.42,1.0,1120982
2026-08-07,NASDAQ:FIBK,37.77,37.17,37.32,37.53,1.0,878865
2026-08-10,NASDAQ:FIBK,37.56,37.04,37.22,37.38,1.0,943364
2026-08-11,NASDAQ:FIBK,38.13,37.405,37.63,38.02,1.0,930559
2026-08-12,NASDAQ:FIBK,38.64,37.88,38.3,38.53,1.0,975099
2026-08-13,NASDAQ:FIBK,39.09,38.69,38.81,38.84,1.0,688183
2026-08-14,NASDAQ:FIBK,39.27,38.75,38.75,39.17,1.0,884389
2026-08-17,NASDAQ:FIBK,39.455,38.89,39.03,38.89,1.0,903528
2026-08-18,NASDAQ:FIBK,39.04,38.38,38.89,38.46,1.0,894720
2026-08-19,NASDAQ:FIBK,38.485,37.69,38.46,37.84,1.0,886910
2026-08-20,NASDAQ:FIBK,37.98,37.55,37.78,37.81,1.0,837033
2026-08-21,NASDAQ:FIBK,38.33,37.45,38.25,37.49,1.0,1075571
2026-08-24,NASDAQ:FIBK,37.89,37.19,37.46,37.24,1.0,1007427
2026-08-25,NASDAQ:FIBK,37.38,36.875,37.37,37.06,1.0,749637
2026-07-24,NASDAQ:EMBC,3.355,3.23,3.29,3.29,1.0,737380
2026-07-27,NASDAQ:EMBC,3.49,3.34,3.34,3.435,1.0,875294
2026-07-28,NASDAQ:EMBC,3.625,3.47,3.47,3.59,1.0,1031705
2026-07-29,NASDAQ:EMBC,3.745,3.5698,3.59,3.68,1.0,1082303
2026-07-30,NASDAQ:EMBC,3.7,3.575,3.62,3.66,1.0,1071760
2026-07-31,NASDAQ:EMBC,3.69,3.525,3.61,3.64,1.0,1252895
2026-08-03,NASDAQ:EMBC,3.8984,3.67,3.69,3.72,1.0,1122516
2026-08-04,NASDAQ:EMBC,3.85,3.7,3.7,3.82,1.0,1047875
2026-08-05,NASDAQ:EMBC,3.81,3.51,3.81,3.57,1.0,1098246
2026-08-06,NASDAQ:EMBC,3.6189,3.47,3.52,3.5,1.0,1323806
2026-08-07,NASDAQ:EMBC,4.69,3.96,4.14,4.42,1.0,5588459
2026-08-10,NASDAQ:EMBC,5.01,4.2,4.44,4.99,1.0,4011533
2026-08-11,NASDAQ:EMBC,5.14,4.845,4.92,4.88,1.0,2463853
2026-08-12,NASDAQ:EMBC,4.9999,4.63,4.99,4.75,1.0,1651179
2026-08-13,NASDAQ:EMBC,5.22,4.72,4.72,5.11,1.0,2618693
2026-08-14,NASDAQ:EMBC,5.21,4.985,5.16,5.1,1.0,1540033
2026-08-17,NASDAQ:EMBC,5.26,4.975,5.02,5.13,1.0,1570681
2026-08-18,NASDAQ:EMBC,5.38,5.065,5.13,5.1,1.0,1109457
2026-08-19,NASDAQ:EMBC,5.43,5.1,5.1,5.42,1.0,1263581
2026-08-20,NASDAQ:EMBC,5.625,5.32,5.32,5.47,1.0,1624331
2026-08-21,NASDAQ:EMBC,5.47,5.12,5.43,5.23,1.0,1126878
2026-08-24,NASDAQ:EMBC,5.275,4.95,5.195,4.99,1.0,991821
2026-08-25,NASDAQ:EMBC,5.04,4.875,4.99,5.03,1.0,1286962
2026-07-24,NYSE:MO,73.54,72.2,72.29,72.99,1.0,4797962
2026-07-27,NYSE:MO,73.3,71.92,72.33,72.89,1.0,6468512
2026-07-28,NYSE:MO,77.06,74.06,74.74,74.82,1.0,10115795
2026-07-29,NYSE:MO,75.94,74.61,74.78,74.92,1.0,8965785
2026-07-30,NYSE:MO,70.695,67.63,70.695,67.94,1.0,21341187
2026-07-31,NYSE:MO,69.77,66.83,67.56,68.33,1.0,11159061
2026-08-03,NYSE:MO,69.08,67.7,68.38,68.26,1.0,9750406
2026-08-04,NYSE:MO,68.35,67.52,67.78,68.07,1.0,10678711
2026-08-05,NYSE:MO,68.58,67.56,68.25,68.44,1.0,10632753
2026-08-06,NYSE:MO,69.36,67.5,69.3,67.75,1.0,10528460
2026-08-07,NYSE:MO,68.54,67.15,67.15,68.35,1.0,9490711
2026-08-10,NYSE:MO,68.38,65.41,68.38,65.54,1.0,11817893
2026-08-11,NYSE:MO,65.38,64.51,64.88,65.03,1.0,9792846
2026-08-12,NYSE:MO,65.065,64.34,64.47,64.38,1.0,7570946
2026-08-13,NYSE:MO,66.03,64.72,65.0,65.08,1.0,10796221
2026-08-14,NYSE:MO,66.0,64.72,65.19,65.7,1.0,6250370
2026-08-17,NYSE:MO,65.75,63.92,65.28,63.96,1.0,13976874
2026-08-18,NYSE:MO,65.45,64.615,64.9,65.19,1.0,11187976
2026-08-19,NYSE:MO,66.445,64.9482,65.31,66.03,1.0,11094659
2026-08-20,NYSE:MO,67.25,65.985,65.985,66.94,1.0,10277342
2026-08-21,NYSE:MO,67.11,65.77,66.81,66.09,1.0,9334076
2026-08-24,NYSE:MO,68.73,66.7,66.79,68.47,1.0,10124542
2026-08-25,NYSE:MO,68.57,67.6,68.205,68.07,1.0,5817965
2026-07-24,NASDAQ:ACGL,103.42,100.39,100.39,103.36,1.0,2502679
2026-07-27,NASDAQ:ACGL,104.795,101.925,103.37,103.88,1.0,1874603
2026-07-28,NASDAQ:ACGL,107.085,104.553,105.19,106.48,1.0,2062374
2026-07-29,NASDAQ:ACGL,105.66,101.36,102.01,104.55,1.0,2885698
2026-07-30,NASDAQ:ACGL,103.705,99.14,103.43,101.14,1.0,2149809
2026-07-31,NASDAQ:ACGL,101.39,99.8,100.35,100.53,1.0,1744067
2026-08-03,NASDAQ:ACGL,101.96,100.0,101.12,101.12,1.0,1596164
2026-08-04,NASDAQ:ACGL,100.21,98.9387,100.09,99.52,1.0,1948988
2026-08-05,NASDAQ:ACGL,100.01,98.31,99.92,99.09,1.0,1726536
2026-08-06,NASDAQ:ACGL,100.39,98.5809,100.39,99.29,1.0,1194460
2026-08-07,NASDAQ:ACGL,99.33,97.43,98.77,98.48,1.0,1125174
2026-08-10,NASDAQ:ACGL,98.5,97.12,97.895,98.245,1.0,1264679
2026-08-11,NASDAQ:ACGL,98.82,97.66,98.02,98.26,1.0,2550571
2026-08-12,NASDAQ:ACGL,99.075,96.95,97.39,97.29,1.0,1644831
2026-08-13,NASDAQ:ACGL,98.86,97.16,98.03,98.03,1.0,1084692
2026-08-14,NASDAQ:ACGL,98.8799,97.8087,98.09,98.71,1.0,1000275
2026-08-17,NASDAQ:ACGL,99.73,97.74,98.36,97.81,1.0,1738728
2026-08-18,NASDAQ:ACGL,100.575,98.76,99.37,98.91,1.0,1730649
2026-08-19,NASDAQ:ACGL,100.355,98.3,99.06,98.53,1.0,1477284
2026-08-20,NASDAQ:ACGL,99.85,98.0,98.51,99.31,1.0,1672909
2026-08-21,NASDAQ:ACGL,100.23,99.29,99.7,99.39,1.0,1413821
2026-08-24,NASDAQ:ACGL,101.58,99.53,100.0,101.14,1.0,1202533
2026-08-25,NASDAQ:ACGL,101.27,100.145,101.14,100.56,1.0,1037977
2026-07-24,NASDAQ:BLMN,8.225,7.91,8.07,7.94,1.0,1781717
2026-07-27,NASDAQ:BLMN,8.615,8.0,8.01,8.54,1.0,2097937
2026-07-28,NASDAQ:BLMN,8.8,8.54,8.55,8.6,1.0,1513151
2026-07-29,NASDAQ:BLMN,8.96,8.62,8.63,8.81,1.0,1294322
2026-07-30,NASDAQ:BLMN,8.94,8.565,8.94,8.86,1.0,1177767
2026-07-31,NASDAQ:BLMN,8.855,8.465,8.81,8.66,1.0,1652133
2026-08-03,NASDAQ:BLMN,9.215,8.64,8.72,9.04,1.0,2016576
2026-08-04,NASDAQ:BLMN,9.13,8.775,9.005,8.92,1.0,1953546
2026-08-05,NASDAQ:BLMN,12.63,11.4,12.12,11.85,1.0,10745258
2026-08-06,NASDAQ:BLMN,12.15,10.665,12.15,10.88,1.0,4080409
2026-08-07,NASDAQ:BLMN,11.15,10.68,10.73,10.95,1.0,2011531
2026-08-10,NASDAQ:BLMN,11.37,10.89,10.89,11.02,1.0,1952190
2026-08-11,NASDAQ:BLMN,11.27,10.82,10.87,11.12,1.0,1363576
2026-08-12,NASDAQ:BLMN,11.425,10.94,11.24,11.39,1.0,1567642
2026-08-13,NASDAQ:BLMN,11.635,10.755,11.41,10.79,1.0,1558385
2026-08-14,NASDAQ:BLMN,10.94,10.43,10.84,10.55,1.0,1521459
2026-08-17,NASDAQ:BLMN,10.81,10.235,10.42,10.69,1.0,1720738
2026-08-18,NASDAQ:BLMN,10.93,10.5,10.67,10.66,1.0,1528708
2026-08-19,NASDAQ:BLMN,11.015,10.505,10.6,10.61,1.0,1409739
2026-08-20,NASDAQ:BLMN,10.5369,10.135,10.45,10.48,1.0,1469953
2026-08-21,NASDAQ:BLMN,11.655,10.56,10.61,11.63,1.0,1851203
2026-08-24,NASDAQ:BLMN,11.75,11.36,11.63,11.44,1.0,2517067
2026-08-25,NASDAQ:BLMN,11.56,10.74,11.44,11.04,1.0,1718991
2026-07-24,NYSE:BBVA,26.025,25.75,25.77,25.95,1.0,993222
2026-07-27,NYSE:BBVA,26.59,26.31,26.42,26.59,1.0,1140384
2026-07-28,NYSE:BBVA,26.565,26.18,26.25,26.52,1.0,1074020
2026-07-29,NYSE:BBVA,26.185,25.65,25.96,25.66,1.0,1412780
2026-07-30,NYSE:BBVA,27.6,27.17,27.28,27.6,1.0,3161775
2026-07-31,NYSE:BBVA,28.05,27.495,27.73,27.95,1.0,2253994
2026-08-03,NYSE:BBVA,28.39,28.12,28.19,28.36,1.0,1901232
2026-08-04,NYSE:BBVA,28.48,27.925,28.3,28.12,1.0,1845837
2026-08-05,NYSE:BBVA,28.21,27.91,28.09,28.07,1.0,3415121
2026-08-06,NYSE:BBVA,28.65,28.1,28.6,28.14,1.0,2371780
2026-08-07,NYSE:BBVA,28.615,28.285,28.58,28.35,1.0,1597049
2026-08-10,NYSE:BBVA,28.579,28.35,28.54,28.35,1.0,1294528
2026-08-11,NYSE:BBVA,28.735,28.47,28.67,28.5,1.0,1574793
2026-08-12,NYSE:BBVA,28.7,28.48,28.67,28.5,1.0,1861511
2026-08-13,NYSE:BBVA,28.935,28.61,28.9,28.65,1.0,2449497
2026-08-14,NYSE:BBVA,28.86,28.685,28.78,28.7,1.0,1896781
2026-08-17,NYSE:BBVA,28.895,28.6901,28.82,28.8,1.0,2453646
2026-08-18,NYSE:BBVA,29.105,28.715,29.02,28.79,1.0,1056369
2026-08-19,NYSE:BBVA,28.93,28.52,28.9,28.53,1.0,1731387
2026-08-20,NYSE:BBVA,28.74,28.47,28.6,28.63,1.0,1626931
2026-08-21,NYSE:BBVA,29.13,28.855,28.9,29.04,1.0,1372375
2026-08-24,NYSE:BBVA,29.32,29.07,29.08,29.21,1.0,1242034
2026-08-25,NYSE:BBVA,28.95,28.6316,28.88,28.95,1.0,985868
2026-07-24,NYSE:FDX,318.555,314.0002,316.04,314.96,1.0,1076695
2026-07-27,NYSE:FDX,315.99,308.71,314.5,310.79,1.0,1782254
2026-07-28,NYSE:FDX,313.75,303.0,310.85,312.64,1.0,1461614
2026-07-29,NYSE:FDX,312.8486,307.66,312.0,308.61,1.0,1833452
2026-07-30,NYSE:FDX,311.33,304.18,311.28,308.55,1.0,1536417
2026-07-31,NYSE:FDX,311.45,306.98,311.01,307.4,1.0,1309093
2026-08-03,NYSE:FDX,310.55,306.91,307.52,309.24,1.0,944576
2026-08-04,NYSE:FDX,314.96,307.81,310.25,313.34,1.0,1273575
2026-08-05,NYSE:FDX,313.735,309.07,312.5,310.72,1.0,1283010
2026-08-06,NYSE:FDX,318.5,312.39,312.64,315.87,1.0,1920235
2026-08-07,NYSE:FDX,319.69,313.3101,315.06,318.57,1.0,1215155
2026-08-10,NYSE:FDX,326.1375,316.895,317.62,325.08,1.0,1674742
2026-08-11,NYSE:FDX,328.353,320.76,327.21,322.43,1.0,2145420
2026-08-12,NYSE:FDX,326.81,321.12,322.96,326.77,1.0,1449031
2026-08-13,NYSE:FDX,340.25,326.99,326.99,339.35,1.0,2497250
2026-08-14,NYSE:FDX,341.69,333.49,339.03,334.64,1.0,1314927
2026-08-17,NYSE:FDX,340.09,331.42,334.76,331.49,1.0,1469270
2026-08-18,NYSE:FDX,334.15,328.04,333.38,328.38,1.0,1072116
2026-08-19,NYSE:FDX,338.04,327.06,330.95,328.38,1.0,1295665
2026-08-20,NYSE:FDX,333.23,325.38,326.17,326.04,1.0,1666019
2026-08-21,NYSE:FDX,330.6299,324.655,328.3,325.08,1.0,1776696
2026-08-24,NYSE:FDX,334.37,324.3,325.0,334.05,1.0,1490230
2026-08-25,NYSE:FDX,336.68,328.9001,336.33,333.68,1.0,1096849
2026-07-24,NASDAQ:GAIN,16.12,15.785,15.97,15.95,1.0,174388
2026-07-27,NASDAQ:GAIN,16.32,15.995,16.0,16.28,1.0,172828
2026-07-28,NASDAQ:GAIN,16.46,16.2,16.28,16.46,1.0,178880
2026-07-29,NASDAQ:GAIN,16.54,16.12,16.46,16.13,1.0,149445
2026-07-30,NASDAQ:GAIN,16.39,16.0,16.24,16.22,1.0,150230
2026-07-31,NASDAQ:GAIN,16.395,15.98,16.31,16.15,1.0,193647
2026-08-03,NASDAQ:GAIN,16.84,16.1142,16.14,16.62,1.0,312644
2026-08-04,NASDAQ:GAIN,16.88,16.605,16.66,16.85,1.0,199563
2026-08-05,NASDAQ:GAIN,16.89,16.402,16.825,16.45,1.0,182629
2026-08-06,NASDAQ:GAIN,17.02,16.45,16.45,16.86,1.0,285086
2026-08-07,NASDAQ:GAIN,16.86,16.1,16.61,16.59,1.0,547700
2026-08-10,NASDAQ:GAIN,16.6905,16.22,16.62,16.35,1.0,183827
2026-08-11,NASDAQ:GAIN,16.65,16.28,16.29,16.46,1.0,155330
2026-08-12,NASDAQ:GAIN,16.65,16.36,16.46,16.42,1.0,152695
2026-08-13,NASDAQ:GAIN,16.65,16.38,16.43,16.53,1.0,180940
2026-08-14,NASDAQ:GAIN,16.7,16.23,16.6,16.31,1.0,218167
2026-08-17,NASDAQ:GAIN,16.38,16.15,16.34,16.34,1.0,346118
2026-08-18,NASDAQ:GAIN,16.43,16.16,16.26,16.18,1.0,207010
2026-08-19,NASDAQ:GAIN,16.53,16.2,16.22,16.27,1.0,177151
2026-08-20,NASDAQ:GAIN,16.39,16.2,16.28,16.35,1.0,130708
2026-08-21,NASDAQ:GAIN,16.49,16.2836,16.45,16.36,1.0,105254
2026-08-24,NASDAQ:GAIN,16.52,16.33,16.33,16.51,1.0,144337
2026-08-25,NASDAQ:GAIN,16.61,16.41,16.56,16.49,1.0,253777
2026-07-24,NASDAQ:PAGP,26.65,26.435,26.52,26.45,1.0,1385056
2026-07-27,NASDAQ:PAGP,26.3,25.94,26.0,26.09,1.0,1379423
2026-07-28,NASDAQ:PAGP,26.5,26.05,26.32,26.27,1.0,975553
2026-07-29,NASDAQ:PAGP,26.775,26.35,26.35,26.66,1.0,1989275
2026-07-30,NASDAQ:PAGP,26.6763,26.52,26.66,26.585,1.0,3104459
2026-07-31,NASDAQ:PAGP,26.38,25.865,26.18,26.33,1.0,1931952
2026-08-03,NASDAQ:PAGP,26.18,25.85,26.02,26.0,1.0,1481919
2026-08-04,NASDAQ:PAGP,25.74,25.225,25.66,25.45,1.0,2832660
2026-08-05,NASDAQ:PAGP,25.58,25.03,25.58,25.08,1.0,1314305
2026-08-06,NASDAQ:PAGP,25.56,25.23,25.55,25.38,1.0,1430738
2026-08-07,NASDAQ:PAGP,25.16,24.665,25.16,24.74,1.0,1950932
2026-08-10,NASDAQ:PAGP,25.225,24.83,24.835,25.15,1.0,1214474
2026-08-11,NASDAQ:PAGP,25.32,25.0,25.18,25.11,1.0,899397
2026-08-12,NASDAQ:PAGP,25.3,24.92,24.92,25.15,1.0,878112
2026-08-13,NASDAQ:PAGP,25.68,25.1,25.14,25.49,1.0,2312180
2026-08-14,NASDAQ:PAGP,25.88,25.475,25.58,25.84,1.0,1934866
2026-08-17,NASDAQ:PAGP,25.975,25.685,25.85,25.79,1.0,1618942
2026-08-18,NASDAQ:PAGP,26.36,25.98,25.98,26.3,1.0,1640615
2026-08-19,NASDAQ:PAGP,26.38,25.85,26.27,26.095,1.0,1691322
2026-08-20,NASDAQ:PAGP,26.85,26.2651,26.41,26.8,1.0,1429395
2026-08-21,NASDAQ:PAGP,27.17,26.8,26.87,26.84,1.0,2373704
2026-08-24,NASDAQ:PAGP,27.395,26.6736,26.72,27.27,1.0,1472436
2026-08-25,NASDAQ:PAGP,27.48,27.09,27.09,27.16,1.0,1246703
2026-07-24,NASDAQ:BCBP,10.325,10.03,10.03,10.14,1.0,113761
2026-07-27,NASDAQ:BCBP,10.4,10.18,10.3,10.31,1.0,97280
2026-07-28,NASDAQ:BCBP,10.74,10.31,10.31,10.72,1.0,193450
2026-07-29,NASDAQ:BCBP,10.7,10.28,10.7,10.33,1.0,116010
2026-07-30,NASDAQ:BCBP,10.43,10.21,10.33,10.21,1.0,99832
2026-07-31,NASDAQ:BCBP,10.35,9.73,10.23,9.99,1.0,357741
2026-08-03,NASDAQ:BCBP,9.91,8.78,8.95,9.79,1.0,413184
2026-08-04,NASDAQ:BCBP,9.76,9.06,9.74,9.16,1.0,355384
2026-08-05,NASDAQ:BCBP,9.13,8.75,9.11,8.76,1.0,345263
2026-08-06,NASDAQ:BCBP,9.07,8.69,8.71,8.8,1.0,198456
2026-08-07,NASDAQ:BCBP,9.08,8.8,8.85,8.91,1.0,155860
2026-08-10,NASDAQ:BCBP,8.9345,8.5651,8.9,8.57,1.0,305369
2026-08-11,NASDAQ:BCBP,8.82,8.58,8.58,8.75,1.0,132855
2026-08-12,NASDAQ:BCBP,8.9,8.73,8.75,8.87,1.0,116010
2026-08-13,NASDAQ:BCBP,9.02,8.89,8.89,9.0,1.0,126302
2026-08-14,NASDAQ:BCBP,9.055,8.93,8.97,9.0,1.0,142745
2026-08-17,NASDAQ:BCBP,9.06,8.91,9.0,8.94,1.0,89376
2026-08-18,NASDAQ:BCBP,8.96,8.87,8.9,8.92,1.0,88967
2026-08-19,NASDAQ:BCBP,8.97,8.62,8.97,8.67,1.0,154170
2026-08-20,NASDAQ:BCBP,8.77,8.599,8.61,8.69,1.0,122850
2026-08-21,NASDAQ:BCBP,8.83,8.5901,8.78,8.76,1.0,125311
2026-08-24,NASDAQ:BCBP,8.82,8.65,8.77,8.68,1.0,115139
2026-08-25,NASDAQ:BCBP,8.72,8.62,8.68,8.66,1.0,101500
2026-07-24,NASDAQ:CMCSA,22.485,21.28,21.3,22.295,1.0,48229751
2026-07-27,NASDAQ:CMCSA,23.29,22.355,22.425,22.8,1.0,37498119
2026-07-28,NASDAQ:CMCSA,24.26,23.23,23.25,24.19,1.0,41669513
2026-07-29,NASDAQ:CMCSA,24.875,23.84,24.155,24.61,1.0,37047730
2026-07-30,NASDAQ:CMCSA,24.085,23.355,23.85,23.67,1.0,29280467
2026-07-31,NASDAQ:CMCSA,24.145,23.28,23.44,23.96,1.0,28202430
2026-08-03,NASDAQ:CMCSA,24.895,24.39,24.43,24.56,1.0,37773947
2026-08-04,NASDAQ:CMCSA,24.97,24.33,24.4,24.93,1.0,31994567
2026-08-05,NASDAQ:CMCSA,24.93,24.335,24.915,24.75,1.0,28978332
2026-08-06,NASDAQ:CMCSA,25.2,24.76,24.99,25.17,1.0,27604574
2026-08-07,NASDAQ:CMCSA,25.5,24.94,24.99,25.36,1.0,19058887
2026-08-10,NASDAQ:CMCSA,25.235,24.775,25.16,25.2,1.0,19015012
2026-08-11,NASDAQ:CMCSA,25.68,25.04,25.04,25.65,1.0,22284152
2026-08-12,NASDAQ:CMCSA,25.63,25.07,25.54,25.47,1.0,21388491
2026-08-13,NASDAQ:CMCSA,26.26,25.6207,25.63,26.18,1.0,18079778
2026-08-14,NASDAQ:CMCSA,26.49,26.13,26.31,26.18,1.0,20010476
2026-08-17,NASDAQ:CMCSA,26.09,25.5025,25.88,25.57,1.0,21547008
2026-08-18,NASDAQ:CMCSA,26.28,25.695,25.9,26.2,1.0,26609146
2026-08-19,NASDAQ:CMCSA,27.04,26.14,26.14,26.59,1.0,23087483
2026-08-20,NASDAQ:CMCSA,26.76,26.25,26.57,26.42,1.0,18865507
2026-08-21,NASDAQ:CMCSA,26.965,26.425,26.57,26.85,1.0,20309153
2026-08-24,NASDAQ:CMCSA,27.18,26.84,26.9,27.02,1.0,16801453
2026-08-25,NASDAQ:CMCSA,27.35,26.69,26.97,27.1,1.0,22648713
2026-07-24,NASDAQ:PAA,24.87,24.59,24.61,24.6,1.0,1900824
2026-07-27,NASDAQ:PAA,24.55,24.25,24.35,24.29,1.0,2342476
2026-07-28,NASDAQ:PAA,24.67,24.175,24.42,24.43,1.0,1916489
2026-07-29,NASDAQ:PAA,25.03,24.66,24.77,24.89,1.0,2885125
2026-07-30,NASDAQ:PAA,24.96,24.7174,24.825,24.82,1.0,2503418
2026-07-31,NASDAQ:PAA,24.62,24.13,24.33,24.57,1.0,3223471
2026-08-03,NASDAQ:PAA,24.4,24.02,24.305,24.2,1.0,2709370
2026-08-04,NASDAQ:PAA,23.9974,23.36,23.97,23.55,1.0,4410954
2026-08-05,NASDAQ:PAA,23.6,23.08,23.6,23.17,1.0,3086230
2026-08-06,NASDAQ:PAA,23.6,23.3,23.3,23.52,1.0,2539514
2026-08-07,NASDAQ:PAA,23.34,22.725,23.2,22.81,1.0,4416745
2026-08-10,NASDAQ:PAA,23.32,22.85,22.98,23.26,1.0,4323612
2026-08-11,NASDAQ:PAA,23.36,23.055,23.11,23.15,1.0,1622941
2026-08-12,NASDAQ:PAA,23.305,22.97,23.2,23.24,1.0,1523274
2026-08-13,NASDAQ:PAA,23.61,23.1543,23.21,23.45,1.0,1908536
2026-08-14,NASDAQ:PAA,23.95,23.44,23.67,23.9,1.0,1893359
2026-08-17,NASDAQ:PAA,23.94,23.6855,23.81,23.75,1.0,2020027
2026-08-18,NASDAQ:PAA,24.2855,23.93,23.98,24.19,1.0,2807155
2026-08-19,NASDAQ:PAA,24.33,23.79,24.33,23.99,1.0,2737415
2026-08-20,NASDAQ:PAA,24.67,24.18,24.26,24.59,1.0,2603583
2026-08-21,NASDAQ:PAA,24.96,24.565,24.66,24.61,1.0,2882163
2026-08-24,NASDAQ:PAA,25.1,24.45,24.55,24.96,1.0,2303668
2026-08-25,NASDAQ:PAA,25.035,24.64,24.8,24.7,1.0,2629414
2026-07-24,NYSE:OGN,13.58,13.52,13.58,13.52,1.0,3824238
2026-07-27,NYSE:OGN,13.54,13.51,13.52,13.54,1.0,2654587
2026-07-28,NYSE:OGN,13.55,13.52,13.52,13.52,1.0,2330089
2026-07-29,NYSE:OGN,13.56,13.52,13.52,13.54,1.0,2599995
2026-07-30,NYSE:OGN,13.56,13.53,13.55,13.55,1.0,1804954
2026-07-31,NYSE:OGN,13.57,13.54,13.55,13.55,1.0,2689352
2026-08-03,NYSE:OGN,13.57,13.545,13.57,13.56,1.0,1908392
2026-08-04,NYSE:OGN,13.57,13.55,13.57,13.56,1.0,1610741
2026-08-05,NYSE:OGN,13.58,13.56,13.56,13.57,1.0,2148190
2026-08-06,NYSE:OGN,13.58,13.54,13.58,13.55,1.0,1879457
2026-08-07,NYSE:OGN,13.61,13.55,13.57,13.6,1.0,3332606
2026-08-10,NYSE:OGN,13.63,13.56,13.56,13.62,1.0,1464153
2026-08-11,NYSE:OGN,13.66,13.61,13.61,13.65,1.0,2687932
2026-08-12,NYSE:OGN,13.7,13.65,13.65,13.66,1.0,5606650
2026-08-13,NYSE:OGN,13.72,13.66,13.71,13.72,1.0,2082536
2026-08-14,NYSE:OGN,13.72,13.69,13.69,13.72,1.0,2113279
2026-08-17,NYSE:OGN,13.72,13.69,13.71,13.7,1.0,2317452
2026-08-18,NYSE:OGN,13.72,13.665,13.7,13.68,1.0,2158468
2026-08-19,NYSE:OGN,13.74,13.69,13.71,13.73,1.0,3314288
2026-08-20,NYSE:OGN,13.74,13.7,13.7,13.74,1.0,4045022
2026-08-21,NYSE:OGN,13.76,13.73,13.74,13.75,1.0,1766373
2026-08-24,NYSE:OGN,13.76,13.72,13.73,13.75,1.0,4583388
2026-08-25,NYSE:OGN,13.76,13.74,13.74,13.755,1.0,3562736
2026-07-24,NYSE:TEN,40.35,38.9405,39.61,39.4,1.0,191313
2026-07-27,NYSE:TEN,39.22,38.19,38.21,39.17,1.0,129113
2026-07-28,NYSE:TEN,39.92,38.4,39.18,39.24,1.0,158706
2026-07-29,NYSE:TEN,39.83,38.55,39.37,39.42,1.0,147439
2026-07-30,NYSE:TEN,39.89,38.79,39.17,39.69,1.0,130544
2026-07-31,NYSE:TEN,41.0,39.53,40.15,40.12,1.0,171705
2026-08-03,NYSE:TEN,40.89,38.985,39.98,39.61,1.0,180227
2026-08-04,NYSE:TEN,39.73,38.66,39.73,38.83,1.0,218962
2026-08-05,NYSE:TEN,39.52,37.91,39.35,38.01,1.0,234366
2026-08-06,NYSE:TEN,39.47,38.52,38.52,39.06,1.0,169985
2026-08-07,NYSE:TEN,39.5,38.11,39.28,39.14,1.0,162200
2026-08-10,NYSE:TEN,39.34,38.31,39.22,38.31,1.0,186934
2026-08-11,NYSE:TEN,38.905,37.28,38.46,38.23,1.0,174971
2026-08-12,NYSE:TEN,39.35,38.19,38.19,39.31,1.0,198634
2026-08-13,NYSE:TEN,41.5,39.36,39.36,40.81,1.0,322384
2026-08-14,NYSE:TEN,42.0,40.8,40.81,41.45,1.0,246061
2026-08-17,NYSE:TEN,42.69,41.75,42.0,42.16,1.0,257611
2026-08-18,NYSE:TEN,42.22,41.55,42.22,42.03,1.0,175360
2026-08-19,NYSE:TEN,42.95,42.03,42.39,42.6,1.0,170492
2026-08-20,NYSE:TEN,42.77,41.78,42.64,42.32,1.0,140321
2026-08-21,NYSE:TEN,44.0,42.49,42.78,42.71,1.0,316384
2026-08-24,NYSE:TEN,42.82,42.18,42.38,42.63,1.0,230391
2026-08-25,NYSE:TEN,42.65,42.0,42.255,42.27,1.0,144296
2026-07-24,NASDAQ:UPBD,21.455,20.43,21.06,20.46,1.0,1133255
2026-07-27,NASDAQ:UPBD,21.31,20.56,20.76,20.61,1.0,857367
2026-07-28,NASDAQ:UPBD,21.7,20.8,20.82,21.59,1.0,995482
2026-07-29,NASDAQ:UPBD,21.4,20.83,21.365,20.95,1.0,959279
2026-07-30,NASDAQ:UPBD,20.93,19.33,19.685,20.12,1.0,1379029
2026-07-31,NASDAQ:UPBD,20.12,18.9,20.03,19.39,1.0,4170040
2026-08-03,NASDAQ:UPBD,20.35,19.67,19.68,20.3,1.0,935001
2026-08-04,NASDAQ:UPBD,20.88,20.28,20.28,20.53,1.0,1136577
2026-08-05,NASDAQ:UPBD,21.22,20.0,21.0,20.12,1.0,1013824
2026-08-06,NASDAQ:UPBD,20.01,19.355,20.0,19.51,1.0,1575844
2026-08-07,NASDAQ:UPBD,19.91,19.42,19.46,19.83,1.0,1111889
2026-08-10,NASDAQ:UPBD,19.6537,19.16,19.58,19.22,1.0,839166
2026-08-11,NASDAQ:UPBD,19.45,19.01,19.2,19.1,1.0,791326
2026-08-12,NASDAQ:UPBD,19.25,18.76,19.15,19.04,1.0,807185
2026-08-13,NASDAQ:UPBD,19.75,19.2,19.33,19.675,1.0,651114
2026-08-14,NASDAQ:UPBD,19.71,19.42,19.64,19.62,1.0,781431
2026-08-17,NASDAQ:UPBD,19.6,19.1939,19.54,19.42,1.0,777835
2026-08-18,NASDAQ:UPBD,19.51,19.155,19.49,19.17,1.0,601980
2026-08-19,NASDAQ:UPBD,19.71,19.2,19.36,19.5,1.0,681240
2026-08-20,NASDAQ:UPBD,19.13,18.2328,19.11,18.54,1.0,804179
2026-08-21,NASDAQ:UPBD,18.92,18.65,18.69,18.8,1.0,742030
2026-08-24,NASDAQ:UPBD,19.305,18.81,18.81,19.17,1.0,747286
2026-08-25,NASDAQ:UPBD,19.375,18.95,19.2,19.36,1.0,750433
2026-07-24,NYSE:FLO,7.96,7.72,7.83,7.74,1.0,3673325
2026-07-27,NYSE:FLO,7.9,7.64,7.87,7.64,1.0,4471419
2026-07-28,NYSE:FLO,8.07,7.525,7.81,7.54,1.0,6414931
2026-07-29,NYSE:FLO,7.725,7.335,7.52,7.46,1.0,6681957
2026-07-30,NYSE:FLO,7.4,7.13,7.37,7.14,1.0,5930830
2026-07-31,NYSE:FLO,7.175,6.925,7.12,7.02,1.0,7711330
2026-08-03,NYSE:FLO,7.39,6.985,7.11,7.22,1.0,7096871
2026-08-04,NYSE:FLO,7.44,7.16,7.16,7.33,1.0,4799349
2026-08-05,NYSE:FLO,7.43,7.249,7.38,7.39,1.0,4100351
2026-08-06,NYSE:FLO,7.44,7.14,7.41,7.24,1.0,6959923
2026-08-07,NYSE:FLO,7.456,7.23,7.25,7.4,1.0,3697821
2026-08-10,NYSE:FLO,7.44,7.09,7.35,7.14,1.0,5062250
2026-08-11,NYSE:FLO,7.31,7.08,7.13,7.16,1.0,4716447
2026-08-12,NYSE:FLO,7.185,7.03,7.175,7.17,1.0,4804929
2026-08-13,NYSE:FLO,7.58,7.24,7.25,7.53,1.0,4866674
2026-08-14,NYSE:FLO,7.595,7.46,7.55,7.52,1.0,3616707
2026-08-17,NYSE:FLO,7.558,7.29,7.49,7.31,1.0,5173179
2026-08-18,NYSE:FLO,7.6,7.27,7.36,7.38,1.0,4241614
2026-08-19,NYSE:FLO,7.53,7.37,7.43,7.46,1.0,4485055
2026-08-20,NYSE:FLO,7.48,7.04,7.43,7.1,1.0,9801977
2026-08-21,NYSE:FLO,7.31,6.81,6.9,6.95,1.0,15568742
2026-08-24,NYSE:FLO,7.305,6.8219,6.96,7.28,1.0,8438357
2026-08-25,NYSE:FLO,7.36,7.0,7.25,7.11,1.0,6504098
2026-07-24,NASDAQ:COLB,31.65,30.82,31.04,31.15,1.0,5851563
2026-07-27,NASDAQ:COLB,31.56,30.865,31.37,30.9,1.0,2940809
2026-07-28,NASDAQ:COLB,31.335,30.9,30.9,31.27,1.0,2874161
2026-07-29,NASDAQ:COLB,31.245,30.745,31.09,30.78,1.0,2676987
2026-07-30,NASDAQ:COLB,31.395,31.0,31.06,31.25,1.0,4174065
2026-07-31,NASDAQ:COLB,31.5,30.87,31.5,31.27,1.0,2966161
2026-08-03,NASDAQ:COLB,31.745,31.265,31.43,31.5,1.0,2583661
2026-08-04,NASDAQ:COLB,32.175,31.44,31.65,31.78,1.0,2329462
2026-08-05,NASDAQ:COLB,31.99,31.33,31.93,31.35,1.0,1924962
2026-08-06,NASDAQ:COLB,31.69,31.01,31.64,31.03,1.0,1871183
2026-08-07,NASDAQ:COLB,31.29,30.76,30.94,31.24,1.0,2881825
2026-08-10,NASDAQ:COLB,31.385,30.95,31.19,31.26,1.0,2429587
2026-08-11,NASDAQ:COLB,31.88,31.271,31.29,31.71,1.0,2056100
2026-08-12,NASDAQ:COLB,32.275,31.74,31.88,32.25,1.0,3109029
2026-08-13,NASDAQ:COLB,32.6,32.325,32.5,32.44,1.0,4270553
2026-08-14,NASDAQ:COLB,32.78,32.31,32.46,32.69,1.0,2543430
2026-08-17,NASDAQ:COLB,32.83,32.295,32.69,32.34,1.0,2609411
2026-08-18,NASDAQ:COLB,32.485,32.015,32.37,32.14,1.0,2956601
2026-08-19,NASDAQ:COLB,32.35,30.91,32.19,31.07,1.0,5157396
2026-08-20,NASDAQ:COLB,31.095,30.76,30.97,30.84,1.0,2771870
2026-08-21,NASDAQ:COLB,31.23,30.61,31.01,30.81,1.0,1991410
2026-08-24,NASDAQ:COLB,31.08,30.59,30.81,30.64,1.0,2428267
2026-08-25,NASDAQ:COLB,30.9,30.37,30.9,30.53,1.0,2332290
2026-07-24,NYSE:LYB,61.73,60.25,61.65,60.32,1.0,4717118
2026-07-27,NYSE:LYB,59.2,57.84,58.3,58.62,1.0,4608376
2026-07-28,NYSE:LYB,60.59,58.19,59.02,58.22,1.0,4898085
2026-07-29,NYSE:LYB,61.02,59.45,59.89,60.49,1.0,4945638
2026-07-30,NYSE:LYB,60.54,59.04,60.23,60.44,1.0,4091505
2026-07-31,NYSE:LYB,62.76,60.05,61.27,62.08,1.0,6433019
2026-08-03,NYSE:LYB,62.83,60.54,62.09,60.62,1.0,6072730
2026-08-04,NYSE:LYB,61.37,57.86,58.82,61.11,1.0,3989452
2026-08-05,NYSE:LYB,61.62,58.95,61.14,59.03,1.0,4263523
2026-08-06,NYSE:LYB,61.98,59.72,60.15,61.44,1.0,5176848
2026-08-07,NYSE:LYB,60.81,59.21,60.57,59.59,1.0,4892312
2026-08-10,NYSE:LYB,62.67,60.07,60.15,62.65,1.0,4165281
2026-08-11,NYSE:LYB,64.38,62.43,62.43,63.98,1.0,4069318
2026-08-12,NYSE:LYB,63.75,62.6,63.51,62.8,1.0,3293627
2026-08-13,NYSE:LYB,62.8,61.9,62.23,62.4,1.0,5142581
2026-08-14,NYSE:LYB,64.2,63.14,63.14,63.76,1.0,2513413
2026-08-17,NYSE:LYB,65.32,63.42,63.71,64.73,1.0,7705515
2026-08-18,NYSE:LYB,65.7,64.175,65.24,65.33,1.0,3380199
2026-08-19,NYSE:LYB,67.76,65.54,65.71,66.06,1.0,3887706
2026-08-20,NYSE:LYB,68.99,66.7,66.7,68.1,1.0,4403618
2026-08-21,NYSE:LYB,69.13,67.49,67.92,67.53,1.0,2840009
2026-08-24,NYSE:LYB,66.795,64.83,66.37,65.2,1.0,2897597
2026-07-24,NYSE:ARI,6.81,6.75,6.76,6.77,1.0,3020126
2026-07-27,NYSE:ARI,6.825,6.68,6.78,6.69,1.0,4003754
2026-07-28,NYSE:ARI,6.76,6.66,6.72,6.73,1.0,2533451
2026-07-29,NYSE:ARI,6.8,6.53,6.8,6.6,1.0,4965307
2026-07-30,NYSE:ARI,6.705,6.43,6.67,6.5,1.0,3644437
2026-07-31,NYSE:ARI,6.7,6.505,6.54,6.62,1.0,3187571
2026-08-03,NYSE:ARI,6.85,6.61,6.61,6.81,1.0,4460390
2026-08-04,NYSE:ARI,6.85,6.755,6.78,6.79,1.0,2482675
2026-08-05,NYSE:ARI,6.765,6.64,6.76,6.66,1.0,1930225
2026-08-06,NYSE:ARI,6.725,6.631,6.67,6.69,1.0,2774332
2026-08-07,NYSE:ARI,6.785,6.7,6.7,6.76,1.0,1869149
2026-08-10,NYSE:ARI,6.76,6.65,6.73,6.65,1.0,2285115
2026-08-11,NYSE:ARI,6.81,6.65,6.75,6.72,1.0,2838663
2026-08-12,NYSE:ARI,6.965,6.77,6.77,6.9,1.0,9359038
2026-08-13,NYSE:ARI,6.995,6.87,6.87,6.91,1.0,3420652
2026-08-14,NYSE:ARI,6.95,6.8111,6.893,6.83,1.0,3285199
2026-08-17,NYSE:ARI,6.905,6.82,6.83,6.83,1.0,3567076
2026-08-18,NYSE:ARI,6.88,6.79,6.84,6.82,1.0,4502540
2026-08-19,NYSE:ARI,6.98,6.85,6.85,6.9,1.0,3107227
2026-08-20,NYSE:ARI,6.95,6.85,6.88,6.94,1.0,3560330
2026-08-21,NYSE:ARI,6.955,6.88,6.93,6.93,1.0,1470854
2026-08-24,NYSE:ARI,6.94,6.855,6.89,6.89,1.0,2625446
2026-08-25,NYSE:ARI,6.91,6.835,6.91,6.86,1.0,2529594
2026-07-24,NASDAQ:STNE,11.135,10.68,11.06,10.76,1.0,2985141
2026-07-27,NASDAQ:STNE,11.035,10.82,10.85,10.89,1.0,2399438
2026-07-28,NASDAQ:STNE,11.22,10.76,10.94,11.16,1.0,3100579
2026-07-29,NASDAQ:STNE,11.175,10.8,11.0,10.96,1.0,4088950
2026-07-30,NASDAQ:STNE,11.47,10.815,11.06,11.43,1.0,2942063
2026-07-31,NASDAQ:STNE,11.395,10.97,11.33,11.375,1.0,3776745
2026-08-03,NASDAQ:STNE,11.5499,11.2,11.45,11.35,1.0,2818534
2026-08-04,NASDAQ:STNE,11.4514,11.12,11.4,11.23,1.0,2255442
2026-08-05,NASDAQ:STNE,11.47,11.14,11.395,11.17,1.0,3151067
2026-08-06,NASDAQ:STNE,11.195,10.975,11.16,11.08,1.0,2895008
2026-08-07,NASDAQ:STNE,11.12,10.555,11.12,10.6,1.0,3435162
2026-08-10,NASDAQ:STNE,10.63,10.35,10.61,10.37,1.0,2520072
2026-08-11,NASDAQ:STNE,10.39,9.95,10.37,9.96,1.0,3993942
2026-08-12,NASDAQ:STNE,10.02,9.785,9.95,10.0,1.0,5055556
2026-08-13,NASDAQ:STNE,10.33,9.94,10.09,10.23,1.0,7921629
2026-08-14,NASDAQ:STNE,9.98,9.38,9.89,9.55,1.0,11366249
2026-08-17,NASDAQ:STNE,9.74,9.18,9.63,9.27,1.0,7882479
2026-08-18,NASDAQ:STNE,9.31,9.08,9.26,9.12,1.0,5688041
2026-08-19,NASDAQ:STNE,9.54,9.21,9.26,9.47,1.0,6682110
2026-08-20,NASDAQ:STNE,9.5,9.15,9.45,9.16,1.0,4540465
2026-08-21,NASDAQ:STNE,9.495,9.185,9.23,9.36,1.0,3897088
2026-08-24,NASDAQ:STNE,9.825,9.1998,9.28,9.55,1.0,4937291
2026-08-25,NASDAQ:STNE,9.82,9.36,9.55,9.78,1.0,4508798
2026-07-24,NYSE:PFLT,6.94,6.83,6.89,6.86,1.0,1748899
2026-07-27,NYSE:PFLT,7.035,6.91,6.91,6.97,1.0,920602
2026-07-28,NYSE:PFLT,7.16,6.975,7.0,7.11,1.0,1053143
2026-07-29,NYSE:PFLT,7.14,7.005,7.12,7.03,1.0,827443
2026-07-30,NYSE:PFLT,7.02,6.89,7.02,7.01,1.0,971755
2026-07-31,NYSE:PFLT,7.13,6.88,7.01,6.94,1.0,1130788
2026-08-03,NYSE:PFLT,7.165,6.97,6.98,7.15,1.0,1473774
2026-08-04,NYSE:PFLT,7.235,7.09,7.12,7.21,1.0,975366
2026-08-05,NYSE:PFLT,7.25,7.0323,7.23,7.1,1.0,960152
2026-08-06,NYSE:PFLT,7.335,7.12,7.12,7.3,1.0,1319940
2026-08-07,NYSE:PFLT,7.55,7.29,7.29,7.52,1.0,1011841
2026-08-10,NYSE:PFLT,7.48,7.3,7.48,7.4,1.0,1337400
2026-08-11,NYSE:PFLT,7.56,7.25,7.56,7.49,1.0,1331197
2026-08-12,NYSE:PFLT,7.587999999999999,7.43,7.55,7.48,1.0,883482
2026-08-13,NYSE:PFLT,7.64,7.48,7.5,7.58,1.0,1170026
2026-08-14,NYSE:PFLT,7.5,7.36,7.49,7.36,1.0,820973
2026-08-17,NYSE:PFLT,7.3472,7.225,7.32,7.26,1.0,1103756
2026-08-18,NYSE:PFLT,7.38,7.27,7.3,7.32,1.0,823028
2026-08-19,NYSE:PFLT,7.43,7.33,7.33,7.36,1.0,799864
2026-08-20,NYSE:PFLT,7.41,7.3009,7.37,7.37,1.0,706635
2026-08-21,NYSE:PFLT,7.43,7.34,7.37,7.37,1.0,717900
2026-08-24,NYSE:PFLT,7.47,7.34,7.37,7.46,1.0,720600
2026-08-25,NYSE:PFLT,7.48,7.3901,7.43,7.42,1.0,766782
2026-07-24,NASDAQ:AMSF,31.04,30.335,30.39,30.41,1.0,261227
2026-07-27,NASDAQ:AMSF,30.59,29.925,30.54,30.06,1.0,333060
2026-07-28,NASDAQ:AMSF,31.055,30.31,30.63,30.61,1.0,270232
2026-07-29,NASDAQ:AMSF,30.92,29.925,30.53,30.03,1.0,268631
2026-07-30,NASDAQ:AMSF,30.455,28.94,30.29,29.35,1.0,282364
2026-07-31,NASDAQ:AMSF,29.333000000000002,28.96,29.05,29.04,1.0,372249
2026-08-03,NASDAQ:AMSF,30.36,29.3501,29.48,30.18,1.0,498609
2026-08-04,NASDAQ:AMSF,30.23,29.4501,29.79,29.78,1.0,357036
2026-08-05,NASDAQ:AMSF,30.05,29.515,29.95,29.84,1.0,295549
2026-08-06,NASDAQ:AMSF,30.27,29.5569,30.17,29.73,1.0,172558
2026-08-07,NASDAQ:AMSF,29.87,28.995,29.55,29.12,1.0,211737
2026-08-10,NASDAQ:AMSF,29.1124,28.02,28.96,28.14,1.0,375437
2026-08-11,NASDAQ:AMSF,28.34,27.94,28.13,28.02,1.0,370123
2026-08-12,NASDAQ:AMSF,28.245,27.795,28.245,27.87,1.0,299008
2026-08-13,NASDAQ:AMSF,28.41,27.09,28.15,27.2,1.0,1790943
2026-08-14,NASDAQ:AMSF,28.02,27.22,27.45,27.65,1.0,470242
2026-08-17,NASDAQ:AMSF,27.745,26.32,27.53,26.41,1.0,446534
2026-08-18,NASDAQ:AMSF,26.94,26.37,26.81,26.53,1.0,500645
2026-08-19,NASDAQ:AMSF,26.8499,26.08,26.75,26.18,1.0,486062
2026-08-20,NASDAQ:AMSF,26.54,25.66,26.13,25.7,1.0,404458
2026-08-21,NASDAQ:AMSF,26.05,25.65,25.74,26.01,1.0,399426
2026-08-24,NASDAQ:AMSF,26.7,26.0,26.19,26.415,1.0,271049
2026-08-25,NASDAQ:AMSF,26.48,26.11,26.46,26.18,1.0,281072
2026-07-24,NASDAQ:RILY,7.01,6.83,6.98,6.88,1.0,438567
2026-07-27,NASDAQ:RILY,7.117999999999999,6.59,6.93,6.8,1.0,525792
2026-07-28,NASDAQ:RILY,6.89,6.5,6.785,6.72,1.0,773035
2026-07-29,NASDAQ:RILY,6.815,6.37,6.72,6.56,1.0,579054
2026-07-30,NASDAQ:RILY,7.13,6.65,6.7,7.01,1.0,637983
2026-07-31,NASDAQ:RILY,7.263999999999999,6.92,7.01,7.16,1.0,544551
2026-08-03,NASDAQ:RILY,7.6149,7.04,7.26,7.49,1.0,725663
2026-08-04,NASDAQ:RILY,7.74,7.495,7.57,7.67,1.0,612819
2026-08-05,NASDAQ:RILY,7.77,7.375,7.69,7.41,1.0,557056
2026-08-06,NASDAQ:RILY,7.595,7.1285,7.34,7.26,1.0,592265
2026-08-07,NASDAQ:RILY,7.44,6.95,7.06,7.18,1.0,989762
2026-08-10,NASDAQ:RILY,7.38,7.01,7.16,7.27,1.0,805453
2026-08-11,NASDAQ:RILY,7.75,7.21,7.71,7.27,1.0,923376
2026-08-12,NASDAQ:RILY,7.67,7.2741,7.42,7.55,1.0,465974
2026-08-13,NASDAQ:RILY,7.8,7.4737,7.54,7.54,1.0,535665
2026-08-14,NASDAQ:RILY,7.84,7.38,7.57,7.45,1.0,409273
2026-08-17,NASDAQ:RILY,7.42,7.02,7.42,7.11,1.0,559209
2026-08-18,NASDAQ:RILY,7.22,6.97,7.07,7.16,1.0,306780
2026-08-19,NASDAQ:RILY,7.325,6.88,7.2,7.23,1.0,556680
2026-08-20,NASDAQ:RILY,7.26,6.92,7.2,6.93,1.0,548749
2026-08-21,NASDAQ:RILY,7.19,7.0438,7.05,7.12,1.0,596010
2026-08-24,NASDAQ:RILY,7.25,7.0,7.07,7.04,1.0,583290
2026-08-25,NASDAQ:RILY,7.24,6.959,7.15,7.22,1.0,638444
2026-07-24,NYSE:DOW,30.775,29.3,30.61,29.84,1.0,10427203
2026-07-27,NYSE:DOW,29.22,28.23,28.93,28.75,1.0,13173926
2026-07-28,NYSE:DOW,29.49,28.7,29.0,28.85,1.0,12168203
2026-07-29,NYSE:DOW,30.63,29.53,29.67,30.45,1.0,13814322
2026-07-30,NYSE:DOW,30.48,29.45,30.06,30.09,1.0,9164684
2026-07-31,NYSE:DOW,30.51,29.595,29.97,30.29,1.0,9113772
2026-08-03,NYSE:DOW,30.45,29.74,30.19,29.89,1.0,9264764
2026-08-04,NYSE:DOW,30.449,28.69,29.03,30.33,1.0,9348778
2026-08-05,NYSE:DOW,30.68,29.17,30.61,29.67,1.0,10208478
2026-08-06,NYSE:DOW,30.91,29.72,30.0,30.3,1.0,9296852
2026-08-07,NYSE:DOW,29.94,29.265,29.8,29.34,1.0,9022055
2026-08-10,NYSE:DOW,30.58,29.545,29.65,30.58,1.0,7474891
2026-08-11,NYSE:DOW,31.44,30.405,30.405,31.26,1.0,7519423
2026-08-12,NYSE:DOW,31.22,30.495,31.11,30.57,1.0,6615197
2026-08-13,NYSE:DOW,30.725,30.185,30.35,30.36,1.0,6867471
2026-08-14,NYSE:DOW,31.2,30.63,30.69,31.07,1.0,7305955
2026-08-17,NYSE:DOW,31.535,30.82,31.09,31.34,1.0,6019999
2026-08-18,NYSE:DOW,31.93,31.0609,31.6,31.19,1.0,7367898
2026-08-19,NYSE:DOW,32.125,31.35,31.4,31.75,1.0,6138055
2026-08-20,NYSE:DOW,33.4,31.77,31.77,32.9,1.0,14366263
2026-08-21,NYSE:DOW,33.325,32.28,32.78,32.35,1.0,9185101
2026-08-24,NYSE:DOW,32.05,31.27,32.03,31.44,1.0,8244017
2026-08-25,NYSE:DOW,30.96,30.14,30.96,30.16,1.0,9169841
2026-07-24,NASDAQ:SEVN,7.92,7.79,7.83,7.9,1.0,131002
2026-07-27,NASDAQ:SEVN,8.03,7.85,7.85,8.0,1.0,164541
2026-07-28,NASDAQ:SEVN,8.1,7.92,8.0,8.04,1.0,183505
2026-07-29,NASDAQ:SEVN,8.1,7.66,8.01,7.66,1.0,343259
2026-07-30,NASDAQ:SEVN,7.787999999999999,7.5,7.77,7.53,1.0,165400
2026-07-31,NASDAQ:SEVN,7.5754,7.365,7.55,7.54,1.0,232741
2026-08-03,NASDAQ:SEVN,7.7947,7.61,7.65,7.62,1.0,136415
2026-08-04,NASDAQ:SEVN,7.72,7.6,7.71,7.65,1.0,127511
2026-08-05,NASDAQ:SEVN,7.745,7.58,7.66,7.73,1.0,115911
2026-08-06,NASDAQ:SEVN,7.83,7.67,7.76,7.72,1.0,144008
2026-08-07,NASDAQ:SEVN,7.763,7.65,7.72,7.69,1.0,184455
2026-08-10,NASDAQ:SEVN,7.65,7.45,7.65,7.49,1.0,162733
2026-08-11,NASDAQ:SEVN,7.67,7.47,7.5,7.58,1.0,153290
2026-08-12,NASDAQ:SEVN,7.76,7.55,7.55,7.66,1.0,195156
2026-08-13,NASDAQ:SEVN,7.8,7.69,7.72,7.72,1.0,134114
2026-08-14,NASDAQ:SEVN,7.805,7.715,7.77,7.76,1.0,142947
2026-08-17,NASDAQ:SEVN,7.75,7.65,7.73,7.65,1.0,68889
2026-08-18,NASDAQ:SEVN,7.675,7.55,7.65,7.63,1.0,74610
2026-08-19,NASDAQ:SEVN,7.78,7.59,7.59,7.68,1.0,87824
2026-08-20,NASDAQ:SEVN,7.72,7.63,7.68,7.69,1.0,76250
2026-08-21,NASDAQ:SEVN,7.73,7.66,7.72,7.7,1.0,73161
2026-08-24,NASDAQ:SEVN,7.87,7.74,7.76,7.76,1.0,120659
2026-08-25,NASDAQ:SEVN,7.775,7.63,7.76,7.73,1.0,88806
2026-07-24,NYSE:WU,8.32,8.01,8.32,8.22,1.0,7372806
2026-07-27,NYSE:WU,8.345,8.13,8.23,8.17,1.0,6612405
2026-07-28,NYSE:WU,8.385,8.19,8.25,8.26,1.0,8112494
2026-07-29,NYSE:WU,8.37,8.04,8.22,8.09,1.0,7131947
2026-07-30,NYSE:WU,8.16,7.58,8.16,7.69,1.0,21414903
2026-07-31,NYSE:WU,7.21,6.27,7.085,6.36,1.0,55657190
2026-08-03,NYSE:WU,6.665,6.38,6.398,6.55,1.0,20254764
2026-08-04,NYSE:WU,7.355,6.575,6.61,7.31,1.0,33744347
2026-08-05,NYSE:WU,7.41,7.195,7.27,7.26,1.0,11307228
2026-08-06,NYSE:WU,7.23,7.06,7.21,7.16,1.0,8536171
2026-08-07,NYSE:WU,7.21,7.03,7.21,7.08,1.0,7276526
2026-08-10,NYSE:WU,7.04,6.89,7.01,7.03,1.0,8076544
2026-08-11,NYSE:WU,7.13,6.99,6.99,7.05,1.0,6144113
2026-08-12,NYSE:WU,7.17,6.92,7.0,7.14,1.0,8675025
2026-08-13,NYSE:WU,7.52,7.11,7.11,7.49,1.0,13393415
2026-08-14,NYSE:WU,7.51,7.3,7.46,7.45,1.0,7938545
2026-08-17,NYSE:WU,7.4063,7.07,7.4,7.18,1.0,8694345
2026-08-18,NYSE:WU,7.41,7.195,7.225,7.21,1.0,7615868
2026-08-19,NYSE:WU,7.34,7.18,7.21,7.2,1.0,7568596
2026-08-20,NYSE:WU,7.325,7.16,7.17,7.29,1.0,6342551
2026-08-21,NYSE:WU,7.3999,7.25,7.31,7.3,1.0,7132863
2026-08-24,NYSE:WU,7.49,7.3,7.32,7.32,1.0,9630371
2026-08-25,NYSE:WU,7.4288,7.225,7.29,7.34,1.0,5365179
2026-07-24,NYSE:MTN,148.93,144.25,144.84,145.72,1.0,1012628
2026-07-27,NYSE:MTN,151.85,146.75,147.24,148.28,1.0,906008
2026-07-28,NYSE:MTN,157.21,148.29,149.88,157.08,1.0,1414007
2026-07-29,NYSE:MTN,160.49,156.27,156.28,160.01,1.0,673762
2026-07-30,NYSE:MTN,158.18,151.29,157.34,152.82,1.0,842273
2026-07-31,NYSE:MTN,152.8,149.11,152.8,149.38,1.0,500420
2026-08-03,NYSE:MTN,153.62,148.82,151.06,149.23,1.0,471415
2026-08-04,NYSE:MTN,150.5,147.775,148.15,149.59,1.0,571032
2026-08-05,NYSE:MTN,151.59,148.76,149.82,151.26,1.0,267194
2026-08-06,NYSE:MTN,151.95,145.5,151.54,146.71,1.0,464426
2026-08-07,NYSE:MTN,149.45,147.0,147.13,148.83,1.0,268494
2026-08-10,NYSE:MTN,148.5,145.8,147.78,146.26,1.0,428434
2026-08-11,NYSE:MTN,149.075,145.7,145.7,147.66,1.0,498059
2026-08-12,NYSE:MTN,148.68,146.245,147.5,148.36,1.0,330378
2026-08-13,NYSE:MTN,147.87,140.07,140.07,145.42,1.0,676724
2026-08-14,NYSE:MTN,149.05,145.16,145.68,148.3,1.0,371901
2026-08-17,NYSE:MTN,148.15,143.02,146.38,146.6,1.0,555131
2026-08-18,NYSE:MTN,150.62,147.0,147.86,149.78,1.0,775760
2026-08-19,NYSE:MTN,153.89,149.75,150.0,153.05,1.0,448998
2026-08-20,NYSE:MTN,153.99,149.94,152.99,150.22,1.0,436005
2026-08-21,NYSE:MTN,154.58,151.5,152.47,152.81,1.0,619288
2026-08-24,NYSE:MTN,154.27,150.0,153.09,150.0,1.0,514371
2026-08-25,NYSE:MTN,150.77,146.905,149.14,147.84,1.0,386663
2026-07-24,NASDAQ:HOPE,13.615,13.36,13.48,13.45,1.0,1090483
2026-07-27,NASDAQ:HOPE,13.95,13.59,13.59,13.82,1.0,1244757
2026-07-28,NASDAQ:HOPE,14.21,13.755,13.85,14.12,1.0,1095855
2026-07-29,NASDAQ:HOPE,14.19,13.98,14.03,14.12,1.0,1229458
2026-07-30,NASDAQ:HOPE,14.225,13.97,14.17,14.03,1.0,908454
2026-07-31,NASDAQ:HOPE,14.125,13.87,14.11,14.01,1.0,1101607
2026-08-03,NASDAQ:HOPE,14.28,14.11,14.11,14.19,1.0,1478280
2026-08-04,NASDAQ:HOPE,14.48,14.12,14.2,14.36,1.0,1477289
2026-08-05,NASDAQ:HOPE,14.4,14.205,14.38,14.27,1.0,1238684
2026-08-06,NASDAQ:HOPE,14.195,13.93,14.16,13.96,1.0,927179
2026-08-07,NASDAQ:HOPE,14.05,13.83,13.96,13.99,1.0,988438
2026-08-10,NASDAQ:HOPE,14.01,13.82,13.94,14.0,1.0,898680
2026-08-11,NASDAQ:HOPE,14.27,14.02,14.02,14.24,1.0,997570
2026-08-12,NASDAQ:HOPE,14.365,14.215,14.28,14.3,1.0,815928
2026-08-13,NASDAQ:HOPE,14.5,14.3,14.3,14.5,1.0,1189321
2026-08-14,NASDAQ:HOPE,14.594000000000001,14.355,14.5,14.45,1.0,859037
2026-08-17,NASDAQ:HOPE,14.45,14.305,14.4,14.36,1.0,722562
2026-08-18,NASDAQ:HOPE,14.43,14.17,14.38,14.24,1.0,640264
2026-08-19,NASDAQ:HOPE,14.335,13.912,14.29,13.97,1.0,1203911
2026-08-20,NASDAQ:HOPE,14.02,13.86,13.92,13.97,1.0,825502
2026-08-21,NASDAQ:HOPE,14.13,13.845,14.11,13.97,1.0,1408305
2026-08-24,NASDAQ:HOPE,14.075,13.92,13.96,13.95,1.0,585721
2026-08-25,NASDAQ:HOPE,13.975,13.85,13.96,13.87,1.0,608268
2026-07-24,NYSE:EIX,80.76,79.36,79.96,79.75,1.0,1801301
2026-07-27,NYSE:EIX,79.78,78.24,79.23,78.64,1.0,2065086
2026-07-28,NYSE:EIX,81.62,78.77,79.12,79.79,1.0,2505954
2026-07-29,NYSE:EIX,80.29,78.35,80.28,78.63,1.0,1998475
2026-07-30,NYSE:EIX,80.1281,77.1,78.5,78.73,1.0,2874684
2026-07-31,NYSE:EIX,76.8316,73.15,75.94,73.37,1.0,6187587
2026-08-03,NYSE:EIX,73.98,71.13,73.78,71.46,1.0,3824297
2026-08-04,NYSE:EIX,72.5,70.59,71.08,70.69,1.0,6084011
2026-08-05,NYSE:EIX,69.3825,66.58,69.26,68.32,1.0,4922281
2026-08-06,NYSE:EIX,69.37,66.84,69.1,67.23,1.0,4514369
2026-08-07,NYSE:EIX,68.9199,67.05,67.29,68.62,1.0,3440978
2026-08-10,NYSE:EIX,68.369,67.5,68.08,67.83,1.0,3237269
2026-08-11,NYSE:EIX,70.29,67.81,67.83,69.89,1.0,3905141
2026-08-12,NYSE:EIX,70.35,68.6001,69.62,69.4,1.0,2438524
2026-08-13,NYSE:EIX,71.4,69.1,69.78,70.68,1.0,2672658
2026-08-14,NYSE:EIX,71.56,70.495,70.52,71.41,1.0,1479995
2026-08-17,NYSE:EIX,72.29,70.37,71.09,71.3,1.0,6692107
2026-08-18,NYSE:EIX,74.23,72.3825,72.5,73.69,1.0,3226287
2026-08-19,NYSE:EIX,75.07,72.91,74.32,73.44,1.0,2134742
2026-08-20,NYSE:EIX,75.9,72.5,73.1,74.66,1.0,3660994
2026-08-21,NYSE:EIX,75.1869,71.12,74.62,71.59,1.0,3946408
2026-08-24,NYSE:EIX,74.07,71.6124,71.74,73.97,1.0,1803463
2026-08-25,NYSE:EIX,75.02,73.645,73.9,74.78,1.0,1808623
2026-07-24,NYSE:PK,14.935,14.595,14.7,14.74,1.0,3565348
2026-07-27,NYSE:PK,15.275,14.8691,14.9,15.03,1.0,4308490
2026-07-28,NYSE:PK,15.29,14.61,15.26,15.19,1.0,4449124
2026-07-29,NYSE:PK,15.45,15.08,15.13,15.32,1.0,3722501
2026-07-30,NYSE:PK,15.48,14.759,15.48,15.06,1.0,3040010
2026-07-31,NYSE:PK,15.215,14.97,15.11,15.06,1.0,2946144
2026-08-03,NYSE:PK,15.295,15.0,15.13,15.12,1.0,6346464
2026-08-04,NYSE:PK,15.27,14.94,15.14,15.0,1.0,6582757
2026-08-05,NYSE:PK,15.16,14.83,14.97,14.94,1.0,4783531
2026-08-06,NYSE:PK,14.89,14.33,14.88,14.35,1.0,4823876
2026-08-07,NYSE:PK,14.93,14.285,14.64,14.76,1.0,6809131
2026-08-10,NYSE:PK,14.555,14.28,14.47,14.51,1.0,3069448
2026-08-11,NYSE:PK,14.68,14.31,14.51,14.34,1.0,3062540
2026-08-12,NYSE:PK,14.85,14.36,14.43,14.85,1.0,2986005
2026-08-13,NYSE:PK,15.09,14.79,14.94,15.03,1.0,5053557
2026-08-14,NYSE:PK,15.325,15.035,15.05,15.13,1.0,2532560
2026-08-17,NYSE:PK,15.15,14.82,15.04,15.0,1.0,4679449
2026-08-18,NYSE:PK,15.4896,14.9499,14.98,15.37,1.0,4290552
2026-08-19,NYSE:PK,15.965,15.475,15.5,15.83,1.0,4399057
2026-08-20,NYSE:PK,15.87,15.58,15.69,15.82,1.0,3701838
2026-08-21,NYSE:PK,15.96,15.65,15.93,15.78,1.0,3432964
2026-08-24,NYSE:PK,15.99,15.73,15.86,15.86,1.0,4423203
2026-08-25,NYSE:PK,16.195,15.8001,15.93,16.17,1.0,2816092
2026-07-24,NASDAQ:KRNY,9.465,9.2,9.23,9.4,1.0,559225
2026-07-27,NASDAQ:KRNY,9.545,9.38,9.42,9.45,1.0,456580
2026-07-28,NASDAQ:KRNY,9.76,9.485,9.49,9.65,1.0,886040
2026-07-29,NASDAQ:KRNY,9.73,9.525,9.61,9.59,1.0,534999
2026-07-30,NASDAQ:KRNY,9.705,9.61,9.63,9.63,1.0,374440
2026-07-31,NASDAQ:KRNY,9.675,9.465,9.61,9.59,1.0,431347
2026-08-03,NASDAQ:KRNY,9.805,9.64,9.7,9.7,1.0,608402
2026-08-04,NASDAQ:KRNY,9.815,9.68,9.73,9.74,1.0,412512
2026-08-05,NASDAQ:KRNY,9.785,9.68,9.76,9.68,1.0,607942
2026-08-06,NASDAQ:KRNY,9.77,9.54,9.77,9.59,1.0,495667
2026-08-07,NASDAQ:KRNY,9.605,9.47,9.57,9.52,1.0,294843
2026-08-10,NASDAQ:KRNY,9.52,9.3801,9.52,9.46,1.0,378904
2026-08-11,NASDAQ:KRNY,9.625,9.49,9.49,9.53,1.0,523814
2026-08-12,NASDAQ:KRNY,9.565,9.36,9.42,9.53,1.0,537925
2026-08-13,NASDAQ:KRNY,9.66,9.54,9.54,9.6,1.0,405138
2026-08-14,NASDAQ:KRNY,9.69,9.535,9.63,9.62,1.0,424669
2026-08-17,NASDAQ:KRNY,9.83,9.585,9.59,9.77,1.0,2022214
2026-08-18,NASDAQ:KRNY,9.85,9.71,9.82,9.775,1.0,664226
2026-08-19,NASDAQ:KRNY,9.965,9.585,9.78,9.63,1.0,1567799
2026-08-20,NASDAQ:KRNY,9.715,9.54,9.58,9.67,1.0,594647
2026-08-21,NASDAQ:KRNY,9.77,9.6,9.77,9.73,1.0,688816
2026-08-24,NASDAQ:KRNY,9.83,9.59,9.68,9.82,1.0,665629
2026-08-25,NASDAQ:KRNY,9.9,9.76,9.83,9.89,1.0,760192
2026-07-24,NYSE:SCM,7.21,6.995,7.04,7.01,1.0,228159
2026-07-27,NYSE:SCM,7.32,7.05,7.1,7.06,1.0,195617
2026-07-28,NYSE:SCM,7.34,7.05,7.05,7.28,1.0,133589
2026-07-29,NYSE:SCM,7.3,7.05,7.22,7.09,1.0,241185
2026-07-30,NYSE:SCM,7.48,7.1,7.1,7.46,1.0,279547
2026-07-31,NYSE:SCM,7.51,7.25,7.31,7.5,1.0,255057
2026-08-03,NYSE:SCM,7.91,7.46,7.47,7.78,1.0,388547
2026-08-04,NYSE:SCM,8.09,7.72,7.72,8.05,1.0,382133
2026-08-05,NYSE:SCM,8.15,7.85,8.1,8.08,1.0,254280
2026-08-06,NYSE:SCM,8.5,8.08,8.11,8.46,1.0,405079
2026-08-07,NYSE:SCM,8.6285,8.3187,8.49,8.41,1.0,309514
2026-08-10,NYSE:SCM,8.5,8.2401,8.41,8.47,1.0,152401
2026-08-11,NYSE:SCM,8.97,8.5,8.5,8.8,1.0,285894
2026-08-12,NYSE:SCM,8.7991,8.51,8.74,8.76,1.0,162619
2026-08-13,NYSE:SCM,8.95,8.71,8.86,8.91,1.0,161228
2026-08-14,NYSE:SCM,8.84,8.64,8.84,8.78,1.0,191187
2026-08-17,NYSE:SCM,8.78,8.52,8.73,8.58,1.0,145519
2026-08-18,NYSE:SCM,8.69,8.53,8.58,8.58,1.0,98769
2026-08-19,NYSE:SCM,8.75,8.59,8.61,8.73,1.0,119926
2026-08-20,NYSE:SCM,8.74,8.58,8.68,8.64,1.0,70838
2026-08-21,NYSE:SCM,8.69,8.5906,8.66,8.65,1.0,42198
2026-08-24,NYSE:SCM,8.8,8.65,8.69,8.79,1.0,81243
2026-08-25,NYSE:SCM,8.83,8.62,8.75,8.66,1.0,114701
2026-07-24,NYSE:ORI,42.31,40.73,40.73,42.29,1.0,1322030
2026-07-27,NYSE:ORI,43.42,42.2,42.5,43.07,1.0,1703828
2026-07-28,NYSE:ORI,44.42,43.36,43.48,44.41,1.0,1406209
2026-07-29,NYSE:ORI,44.65,43.75,44.25,44.59,1.0,1280904
2026-07-30,NYSE:ORI,44.4,42.782,44.4,43.38,1.0,1309648
2026-07-31,NYSE:ORI,43.44,42.755,43.01,43.21,1.0,1563957
2026-08-03,NYSE:ORI,43.915,43.01,43.3,43.33,1.0,1492622
2026-08-04,NYSE:ORI,43.57,42.5,42.81,43.42,1.0,1290738
2026-08-05,NYSE:ORI,43.78,43.15,43.69,43.52,1.0,1232493
2026-08-06,NYSE:ORI,43.99,43.075,43.75,43.45,1.0,1032535
2026-08-07,NYSE:ORI,43.37,42.935,43.31,43.03,1.0,848804
2026-08-10,NYSE:ORI,43.05,42.11,42.81,42.47,1.0,1101065
2026-08-11,NYSE:ORI,42.71,42.05,42.2,42.43,1.0,1009083
2026-08-12,NYSE:ORI,42.72,42.07,42.08,42.47,1.0,973022
2026-08-13,NYSE:ORI,42.96,42.42,42.7,42.76,1.0,960213
2026-08-14,NYSE:ORI,42.925,42.585,42.77,42.85,1.0,746268
2026-08-17,NYSE:ORI,43.14,42.43,42.67,42.51,1.0,885241
2026-08-18,NYSE:ORI,43.12,42.37,42.93,42.37,1.0,1189899
2026-08-19,NYSE:ORI,42.585,41.75,42.54,41.88,1.0,1031455
2026-08-20,NYSE:ORI,42.245,41.61,41.73,41.8,1.0,890248
2026-08-21,NYSE:ORI,42.21,41.555,41.99,41.58,1.0,1095023
2026-08-24,NYSE:ORI,42.62,41.775,41.88,41.97,1.0,977083
2026-08-25,NYSE:ORI,42.13,41.46,41.97,42.11,1.0,1215429
2026-07-24,NYSE:TU,10.25,10.06,10.12,10.22,1.0,3914454
2026-07-27,NYSE:TU,10.485,10.27,10.3,10.4,1.0,6224114
2026-07-28,NYSE:TU,10.74,10.48,10.5,10.69,1.0,6978925
2026-07-29,NYSE:TU,11.14,10.675,10.68,11.13,1.0,13778110
2026-07-30,NYSE:TU,11.1,10.71,11.1,10.77,1.0,11587285
2026-07-31,NYSE:TU,10.05,9.22,10.05,9.56,1.0,32791252
2026-08-03,NYSE:TU,9.63,9.28,9.41,9.59,1.0,8452251
2026-08-04,NYSE:TU,9.54,9.2,9.32,9.53,1.0,20171425
2026-08-05,NYSE:TU,9.825,9.42,9.53,9.8,1.0,12597456
2026-08-06,NYSE:TU,10.04,9.73,9.82,9.81,1.0,12715128
2026-08-07,NYSE:TU,9.97,9.7,9.88,9.72,1.0,7071135
2026-08-10,NYSE:TU,9.675,9.425,9.62,9.59,1.0,9801563
2026-08-11,NYSE:TU,9.75,9.58,9.59,9.64,1.0,5232218
2026-08-12,NYSE:TU,9.625,9.44,9.6,9.52,1.0,5603081
2026-08-13,NYSE:TU,9.72,9.475,9.54,9.68,1.0,7731206
2026-08-14,NYSE:TU,9.78,9.68,9.71,9.76,1.0,5801302
2026-08-17,NYSE:TU,9.83,9.64,9.71,9.69,1.0,3787592
2026-08-18,NYSE:TU,9.81,9.66,9.74,9.67,1.0,4712203
2026-08-19,NYSE:TU,10.05,9.68,9.69,10.03,1.0,5817886
2026-08-20,NYSE:TU,10.105,9.87,10.02,10.02,1.0,6053013
2026-08-21,NYSE:TU,10.1,9.88,10.04,9.9,1.0,5843784
2026-08-24,NYSE:TU,9.9,9.8,9.87,9.83,1.0,3798687
2026-08-25,NYSE:TU,9.86,9.72,9.76,9.83,1.0,3973513
2026-07-24,NASDAQ:AGNC,10.6666,10.55,10.62,10.59,1.0,22111502
2026-07-27,NASDAQ:AGNC,10.7,10.595,10.655,10.64,1.0,17827394
2026-07-28,NASDAQ:AGNC,11.095,10.67,10.7,11.07,1.0,31272839
2026-07-29,NASDAQ:AGNC,11.06,10.87,11.03,10.9,1.0,23430042
2026-07-30,NASDAQ:AGNC,10.99,10.81,10.95,10.92,1.0,24276615
2026-07-31,NASDAQ:AGNC,10.77,10.62,10.75,10.66,1.0,19248731
2026-08-03,NASDAQ:AGNC,10.81,10.6,10.7,10.64,1.0,23616055
2026-08-04,NASDAQ:AGNC,10.77,10.6,10.7,10.64,1.0,26254191
2026-08-05,NASDAQ:AGNC,10.72,10.53,10.65,10.67,1.0,15283245
2026-08-06,NASDAQ:AGNC,10.73,10.58,10.67,10.61,1.0,19340421
2026-08-07,NASDAQ:AGNC,10.93,10.65,10.65,10.84,1.0,18004025
2026-08-10,NASDAQ:AGNC,10.85,10.64,10.845,10.76,1.0,14080087
2026-08-11,NASDAQ:AGNC,10.89,10.7209,10.77,10.89,1.0,14345107
2026-08-12,NASDAQ:AGNC,11.02,10.87,10.95,10.88,1.0,16630305
2026-08-13,NASDAQ:AGNC,10.99,10.87,10.96,10.96,1.0,14084854
2026-08-14,NASDAQ:AGNC,11.08,10.94,10.98,10.96,1.0,12215143
2026-08-17,NASDAQ:AGNC,11.01,10.9,10.95,10.95,1.0,11619947
2026-08-18,NASDAQ:AGNC,10.97,10.89,10.955,10.92,1.0,11326219
2026-08-19,NASDAQ:AGNC,11.13,10.97,11.0,11.08,1.0,17359460
2026-08-20,NASDAQ:AGNC,11.1,10.89,11.03,10.92,1.0,12638791
2026-08-21,NASDAQ:AGNC,11.0,10.88,10.97,10.89,1.0,10216105
2026-08-24,NASDAQ:AGNC,11.0,10.84,10.91,10.98,1.0,14103323
2026-08-25,NASDAQ:AGNC,11.0301,10.88,11.01,10.91,1.0,13760177
2026-07-24,NASDAQ:MSBI,32.51,30.99,30.99,32.25,1.0,204474
2026-07-27,NASDAQ:MSBI,33.11,31.98,32.3,32.83,1.0,300519
2026-07-28,NASDAQ:MSBI,34.355,33.0,33.22,34.1,1.0,324857
2026-07-29,NASDAQ:MSBI,34.11,33.35,33.82,33.62,1.0,254571
2026-07-30,NASDAQ:MSBI,33.875,33.23,33.66,33.28,1.0,161622
2026-07-31,NASDAQ:MSBI,33.8155,32.8,33.39,33.67,1.0,176408
2026-08-03,NASDAQ:MSBI,34.68,33.8464,34.25,34.24,1.0,243165
2026-08-04,NASDAQ:MSBI,34.848,34.03,34.25,34.53,1.0,174287
2026-08-05,NASDAQ:MSBI,35.1,33.8801,35.1,34.24,1.0,118996
2026-08-06,NASDAQ:MSBI,34.72,33.735,34.49,33.76,1.0,157658
2026-08-07,NASDAQ:MSBI,33.9499,33.29,33.67,33.49,1.0,223115
2026-08-10,NASDAQ:MSBI,33.72,33.04,33.31,33.2,1.0,112645
2026-08-11,NASDAQ:MSBI,33.66,33.2144,33.34,33.35,1.0,225512
2026-08-12,NASDAQ:MSBI,33.785,33.42,33.49,33.53,1.0,139230
2026-08-13,NASDAQ:MSBI,34.33,33.57,33.81,33.63,1.0,138608
2026-08-14,NASDAQ:MSBI,33.72,33.16,33.3,33.38,1.0,158854
2026-08-17,NASDAQ:MSBI,33.55,33.2,33.23,33.32,1.0,204540
2026-08-18,NASDAQ:MSBI,33.36,32.9625,33.33,33.14,1.0,204150
2026-08-19,NASDAQ:MSBI,33.26,32.12,33.26,32.31,1.0,195530
2026-08-20,NASDAQ:MSBI,32.77,32.065,32.2,32.53,1.0,129955
2026-08-21,NASDAQ:MSBI,33.445,32.21,32.86,32.85,1.0,256765
2026-08-24,NASDAQ:MSBI,33.45,32.1888,32.75,32.795,1.0,142255
2026-08-25,NASDAQ:MSBI,33.185,32.375,32.88,32.71,1.0,103714
2026-07-24,NASDAQ:SIGA,3.175,3.03,3.14,3.11,1.0,877473
2026-07-27,NASDAQ:SIGA,3.21,3.02,3.13,3.1,1.0,3966473
2026-07-28,NASDAQ:SIGA,3.34,3.01,3.11,3.34,1.0,1176213
2026-07-29,NASDAQ:SIGA,3.43,3.29,3.33,3.34,1.0,1012254
2026-07-30,NASDAQ:SIGA,3.33,3.21,3.33,3.25,1.0,431697
2026-07-31,NASDAQ:SIGA,3.32,3.15,3.25,3.27,1.0,661031
2026-08-03,NASDAQ:SIGA,3.31,3.175,3.31,3.21,1.0,515535
2026-08-04,NASDAQ:SIGA,3.29,3.19,3.2,3.24,1.0,468236
2026-08-05,NASDAQ:SIGA,3.24,3.11,3.24,3.15,1.0,418103
2026-08-06,NASDAQ:SIGA,3.195,3.1,3.15,3.12,1.0,493549
2026-08-07,NASDAQ:SIGA,3.19,3.035,3.15,3.05,1.0,678828
2026-08-10,NASDAQ:SIGA,3.0810000000000004,2.86,3.07,2.93,1.0,1019763
2026-08-11,NASDAQ:SIGA,2.99,2.87,2.93,2.88,1.0,582334
2026-08-12,NASDAQ:SIGA,2.92,2.83,2.87,2.87,1.0,636597
2026-08-13,NASDAQ:SIGA,2.94,2.855,2.89,2.88,1.0,479913
2026-08-14,NASDAQ:SIGA,3.01,2.855,2.89,3.0,1.0,588162
2026-08-17,NASDAQ:SIGA,3.0,2.8811,3.0,2.93,1.0,766757
2026-08-18,NASDAQ:SIGA,3.0,2.88,2.92,2.99,1.0,457038
2026-08-19,NASDAQ:SIGA,3.12,2.97,2.99,3.11,1.0,898452
2026-08-20,NASDAQ:SIGA,3.1,2.93,3.1,2.97,1.0,582591
2026-08-21,NASDAQ:SIGA,3.09,2.95,2.99,3.04,1.0,1535996
2026-08-24,NASDAQ:SIGA,3.12,2.915,3.08,2.94,1.0,667090
2026-08-25,NASDAQ:SIGA,3.05,2.96,2.96,3.04,1.0,374933
2026-07-24,NASDAQ:ESEA,78.845,75.65,75.67,76.99,1.0,62749
2026-07-27,NASDAQ:ESEA,77.96,75.0,76.99,76.11,1.0,40372
2026-07-28,NASDAQ:ESEA,77.34,75.19,76.05,76.21,1.0,49795
2026-07-29,NASDAQ:ESEA,77.585,74.42,76.84,75.99,1.0,53357
2026-07-30,NASDAQ:ESEA,79.48,76.3455,76.94,79.39,1.0,25964
2026-07-31,NASDAQ:ESEA,79.12,76.56,78.92,78.94,1.0,36383
2026-08-03,NASDAQ:ESEA,79.67,76.91,79.0,78.39,1.0,50709
2026-08-04,NASDAQ:ESEA,78.94,75.745,78.94,77.45,1.0,45741
2026-08-05,NASDAQ:ESEA,78.488,74.74,77.91,75.57,1.0,79117
2026-08-06,NASDAQ:ESEA,77.98899999999999,76.13,76.13,76.89,1.0,21256
2026-08-07,NASDAQ:ESEA,77.36,74.7001,77.36,75.29,1.0,28430
2026-08-10,NASDAQ:ESEA,75.72,73.183,74.81,74.84,1.0,30904
2026-08-11,NASDAQ:ESEA,74.84,71.07,74.84,72.02,1.0,63923
2026-08-12,NASDAQ:ESEA,74.57,72.45,72.69,74.48,1.0,34132
2026-08-13,NASDAQ:ESEA,76.725,72.47,74.48,73.59,1.0,68510
2026-08-14,NASDAQ:ESEA,75.725,72.0,74.34,73.8,1.0,72587
2026-08-17,NASDAQ:ESEA,79.25,75.02,75.02,77.17,1.0,60757
2026-08-18,NASDAQ:ESEA,77.11,72.47,77.11,72.82,1.0,40507
2026-08-19,NASDAQ:ESEA,74.99,73.17,73.48,74.55,1.0,31822
2026-08-20,NASDAQ:ESEA,76.0768,74.55,74.55,75.02,1.0,15988
2026-08-21,NASDAQ:ESEA,77.08,74.75,74.85,75.03,1.0,43038
2026-08-24,NASDAQ:ESEA,77.255,74.291,75.03,76.79,1.0,38824
2026-08-25,NASDAQ:ESEA,77.965,75.74,76.72,77.0,1.0,32231
2026-07-24,NYSE:GNL,9.005,8.82,8.94,8.88,1.0,1786887
2026-07-27,NYSE:GNL,8.985,8.84,8.86,8.85,1.0,1367448
2026-07-28,NYSE:GNL,8.965,8.81,8.94,8.82,1.0,1793603
2026-07-29,NYSE:GNL,8.895,8.8,8.8,8.87,1.0,1498297
2026-07-30,NYSE:GNL,8.91,8.71,8.89,8.8,1.0,1930263
2026-07-31,NYSE:GNL,8.79,8.665,8.79,8.72,1.0,1989417
2026-08-03,NYSE:GNL,8.805,8.645,8.73,8.65,1.0,1967419
2026-08-04,NYSE:GNL,8.68,8.504,8.64,8.57,1.0,2284537
2026-08-05,NYSE:GNL,8.67,8.43,8.66,8.62,1.0,2806334
2026-08-06,NYSE:GNL,9.15,8.81,8.94,9.07,1.0,3890385
2026-08-07,NYSE:GNL,9.23,9.025,9.04,9.23,1.0,3177311
2026-08-10,NYSE:GNL,9.33,9.055,9.16,9.25,1.0,4712011
2026-08-11,NYSE:GNL,9.28,9.015,9.24,9.06,1.0,8442770
2026-08-12,NYSE:GNL,9.15,8.93,9.15,8.99,1.0,4731806
2026-08-13,NYSE:GNL,9.105,8.94,8.99,9.02,1.0,2470538
2026-08-14,NYSE:GNL,9.07,8.735,8.99,8.76,1.0,2896151
2026-08-17,NYSE:GNL,8.9,8.74,8.76,8.81,1.0,2343217
2026-08-18,NYSE:GNL,8.95,8.78,8.86,8.84,1.0,2116823
2026-08-19,NYSE:GNL,9.03,8.86,8.89,9.01,1.0,2353797
2026-08-20,NYSE:GNL,9.12,8.94,8.99,9.09,1.0,1719964
2026-08-21,NYSE:GNL,9.14,9.02,9.12,9.04,1.0,1463213
2026-08-24,NYSE:GNL,9.22,9.1,9.12,9.22,1.0,1458781
2026-08-25,NYSE:GNL,9.285,9.145,9.22,9.25,1.0,1508538
2026-07-24,NYSE:TTE,87.03,85.92,86.51,86.8,1.0,1213383
2026-07-27,NYSE:TTE,85.1495,84.15,84.34,84.16,1.0,1164791
2026-07-28,NYSE:TTE,85.2399,83.48,84.57,84.18,1.0,1163644
2026-07-29,NYSE:TTE,87.13,86.11,86.42,86.75,1.0,1248055
2026-07-30,NYSE:TTE,87.41,86.43,86.44,87.03,1.0,1093682
2026-07-31,NYSE:TTE,88.620891,86.95,87.29,87.86,1.0,1119152
2026-08-03,NYSE:TTE,87.9839,87.05,87.48,87.2,1.0,1513551
2026-08-04,NYSE:TTE,85.86,84.96,85.78,85.19,1.0,1461651
2026-08-05,NYSE:TTE,86.76,84.47,86.6,84.74,1.0,1395834
2026-08-06,NYSE:TTE,86.61,85.64,86.03,86.27,1.0,1189571
2026-08-07,NYSE:TTE,86.0114,85.25,85.7,85.83,1.0,1325290
2026-08-10,NYSE:TTE,87.9975,86.06,86.16,87.96,1.0,1069981
2026-08-11,NYSE:TTE,88.66,87.81,88.0,87.95,1.0,797429
2026-08-12,NYSE:TTE,87.86,86.66,86.78,87.7,1.0,1019435
2026-08-13,NYSE:TTE,87.23,85.785,86.28,87.05,1.0,1184944
2026-08-14,NYSE:TTE,88.47,87.36,87.52,88.33,1.0,1294332
2026-08-17,NYSE:TTE,88.81,87.91,88.31,88.63,1.0,1425846
2026-08-18,NYSE:TTE,90.2,89.14,90.0,89.29,1.0,1072086
2026-08-19,NYSE:TTE,91.2248,89.765,90.78,90.07,1.0,1856608
2026-08-20,NYSE:TTE,92.16,90.75,91.82,90.9,1.0,1450405
2026-08-21,NYSE:TTE,90.9,89.87,90.83,89.89,1.0,971687
2026-08-24,NYSE:TTE,89.54,88.5525,88.83,89.35,1.0,1796260
2026-08-25,NYSE:TTE,88.98899999999999,88.0,88.4,88.8,1.0,2410978
2026-07-24,NYSE:AAT,24.44,24.2,24.4,24.3,1.0,493806
2026-07-27,NYSE:AAT,24.66,24.26,24.44,24.33,1.0,375946
2026-07-28,NYSE:AAT,24.54,24.02,24.53,24.11,1.0,351772
2026-07-29,NYSE:AAT,23.91,23.08,23.08,23.72,1.0,616188
2026-07-30,NYSE:AAT,24.0571,23.53,23.9,24.03,1.0,546583
2026-07-31,NYSE:AAT,24.05,23.43,23.92,23.59,1.0,437469
2026-08-03,NYSE:AAT,23.985,23.61,23.74,23.87,1.0,367337
2026-08-04,NYSE:AAT,23.71,23.04,23.71,23.17,1.0,625304
2026-08-05,NYSE:AAT,23.19,22.79,23.05,23.07,1.0,349683
2026-08-06,NYSE:AAT,23.29,22.4,23.23,22.52,1.0,512314
2026-08-07,NYSE:AAT,22.95,22.52,22.64,22.83,1.0,340540
2026-08-10,NYSE:AAT,22.8811,22.3,22.85,22.54,1.0,400637
2026-08-11,NYSE:AAT,22.647,22.24,22.63,22.32,1.0,431502
2026-08-12,NYSE:AAT,22.6,22.235,22.46,22.56,1.0,282208
2026-08-13,NYSE:AAT,23.0,22.71,22.79,22.96,1.0,410778
2026-08-14,NYSE:AAT,23.155,22.69,22.9,22.77,1.0,316426
2026-08-17,NYSE:AAT,22.82,22.46,22.82,22.65,1.0,412314
2026-08-18,NYSE:AAT,22.765,22.56,22.73,22.6,1.0,204802
2026-08-19,NYSE:AAT,22.94,22.61,22.67,22.8,1.0,222048
2026-08-20,NYSE:AAT,22.99,22.61,22.835,22.83,1.0,200401
2026-08-21,NYSE:AAT,22.89,22.685,22.81,22.83,1.0,567286
2026-08-24,NYSE:AAT,23.1058,22.7,22.95,23.0,1.0,617183
2026-08-25,NYSE:AAT,23.1462,22.8984,23.11,23.09,1.0,342963
2026-07-24,NASDAQ:KSPI,86.09,84.46,85.36,85.79,1.0,322209
2026-07-27,NASDAQ:KSPI,87.65,86.0,87.33,86.48,1.0,364182
2026-07-28,NASDAQ:KSPI,87.14,85.02,86.75,86.68,1.0,368524
2026-07-29,NASDAQ:KSPI,89.195,86.68,86.68,87.14,1.0,321104
2026-07-30,NASDAQ:KSPI,89.08,86.82,87.67,89.04,1.0,176525
2026-07-31,NASDAQ:KSPI,89.38,87.95,89.04,88.78,1.0,297255
2026-08-03,NASDAQ:KSPI,93.75,90.41,91.0,92.0,1.0,850466
2026-08-04,NASDAQ:KSPI,93.4899,90.0,92.35,92.0,1.0,646084
2026-08-05,NASDAQ:KSPI,93.7895,91.99,92.94,92.19,1.0,716491
2026-08-06,NASDAQ:KSPI,93.5,91.33,93.1,91.8,1.0,643807
2026-08-07,NASDAQ:KSPI,92.619,90.02,92.5,90.3,1.0,544110
2026-08-10,NASDAQ:KSPI,97.5,90.7697,91.45,94.0,1.0,1384803
2026-08-11,NASDAQ:KSPI,98.46,94.12,94.775,95.36,1.0,801855
2026-08-12,NASDAQ:KSPI,99.6,94.88,96.02,99.55,1.0,831392
2026-08-13,NASDAQ:KSPI,100.99,98.1,100.0,99.46,1.0,624818
2026-08-14,NASDAQ:KSPI,99.18,97.8,98.98,98.7,1.0,311762
2026-08-17,NASDAQ:KSPI,99.8,98.0,99.18,99.05,1.0,397527
2026-08-18,NASDAQ:KSPI,99.34,96.48,98.01,98.09,1.0,501354
2026-08-19,NASDAQ:KSPI,102.24,98.4,98.4,101.48,1.0,763944
2026-08-20,NASDAQ:KSPI,104.8,99.74,100.87,103.7,1.0,646556
2026-08-21,NASDAQ:KSPI,106.05,104.02,104.36,105.55,1.0,548334
2026-08-24,NASDAQ:KSPI,107.88,104.88,105.96,106.46,1.0,580063
2026-08-25,NASDAQ:KSPI,108.99,105.1,106.5,108.75,1.0,707193
2026-07-24,NYSE:O,65.73,64.85,64.9,65.6,1.0,3589497
2026-07-27,NYSE:O,66.245,65.31,65.57,65.5,1.0,3925341
2026-07-28,NYSE:O,66.57,65.6305,66.275,65.73,1.0,4618710
2026-07-29,NYSE:O,66.27,65.17,65.98,65.54,1.0,4391621
2026-07-30,NYSE:O,65.99,63.655,65.57,64.43,1.0,5606502
2026-07-31,NYSE:O,64.065,63.24,63.91,63.87,1.0,5733483
2026-08-03,NYSE:O,64.13,62.955,63.875,63.48,1.0,6055546
2026-08-04,NYSE:O,63.227,62.13,63.01,62.9,1.0,5369806
2026-08-05,NYSE:O,63.05,62.145,62.99,62.7,1.0,5685070
2026-08-06,NYSE:O,64.95,62.3,64.335,62.36,1.0,6024123
2026-08-07,NYSE:O,62.91,62.16,62.3,62.51,1.0,4787227
2026-08-10,NYSE:O,62.26,61.27,62.26,61.89,1.0,6015688
2026-08-11,NYSE:O,62.23,61.49,61.75,61.89,1.0,4234706
2026-08-12,NYSE:O,62.645,61.7891,62.0,62.59,1.0,12364974
2026-08-13,NYSE:O,63.25899999999999,62.77,62.77,62.95,1.0,5172953
2026-08-14,NYSE:O,63.2795,62.685,62.975,62.74,1.0,3651670
2026-08-17,NYSE:O,62.59,62.1301,62.49,62.4,1.0,5340912
2026-08-18,NYSE:O,62.96,62.2,62.87,62.21,1.0,4035815
2026-08-19,NYSE:O,63.175,62.53,62.61,62.95,1.0,9578978
2026-08-20,NYSE:O,63.5401,62.8,63.0,63.17,1.0,3589304
2026-08-21,NYSE:O,63.4,62.5,63.28,62.6,1.0,4102614
2026-08-24,NYSE:O,63.41,62.7545,62.91,63.17,1.0,3895279
2026-08-25,NYSE:O,63.1,62.63,62.95,62.83,1.0,4367427
2026-07-24,NASDAQ:PANL,7.775,7.61,7.64,7.66,1.0,375749
2026-07-27,NASDAQ:PANL,7.69,7.38,7.67,7.46,1.0,364098
2026-07-28,NASDAQ:PANL,7.565,7.34,7.45,7.54,1.0,380852
2026-07-29,NASDAQ:PANL,7.575,7.3599,7.54,7.4,1.0,234320
2026-07-30,NASDAQ:PANL,7.575,7.335,7.39,7.54,1.0,233062
2026-07-31,NASDAQ:PANL,7.615,7.46,7.5,7.61,1.0,296370
2026-08-03,NASDAQ:PANL,7.747999999999999,7.43,7.747999999999999,7.61,1.0,411822
2026-08-04,NASDAQ:PANL,7.59,7.385,7.56,7.42,1.0,292177
2026-08-05,NASDAQ:PANL,7.45,7.21,7.45,7.24,1.0,427623
2026-08-06,NASDAQ:PANL,7.475,7.285,7.33,7.44,1.0,306863
2026-08-07,NASDAQ:PANL,7.54,7.22,7.44,7.42,1.0,287154
2026-08-10,NASDAQ:PANL,7.5,7.29,7.42,7.33,1.0,433904
2026-08-11,NASDAQ:PANL,6.97,6.61,6.81,6.91,1.0,952356
2026-08-12,NASDAQ:PANL,7.285,6.93,6.95,7.28,1.0,416840
2026-08-13,NASDAQ:PANL,7.63,7.28,7.28,7.57,1.0,548858
2026-08-14,NASDAQ:PANL,7.6,7.39,7.59,7.44,1.0,326473
2026-08-17,NASDAQ:PANL,7.685,7.45,7.47,7.67,1.0,419408
2026-08-18,NASDAQ:PANL,7.8,7.56,7.67,7.76,1.0,287920
2026-08-19,NASDAQ:PANL,7.9,7.77,7.77,7.82,1.0,297595
2026-08-20,NASDAQ:PANL,7.95,7.7,7.79,7.9,1.0,459965
2026-08-21,NASDAQ:PANL,8.2303,7.97,7.99,8.14,1.0,500337
2026-08-24,NASDAQ:PANL,8.37,8.081,8.09,8.36,1.0,475124
2026-08-25,NASDAQ:PANL,8.39,8.175,8.35,8.39,1.0,323545
2026-07-24,NASDAQ:CGBD,10.14,9.975,10.07,10.04,1.0,286502
2026-07-27,NASDAQ:CGBD,10.335,10.1,10.1,10.21,1.0,516928
2026-07-28,NASDAQ:CGBD,10.355,10.18,10.355,10.34,1.0,474076
2026-07-29,NASDAQ:CGBD,10.375,10.16,10.345,10.19,1.0,304825
2026-07-30,NASDAQ:CGBD,10.25,9.99,10.2,10.1,1.0,460302
2026-07-31,NASDAQ:CGBD,10.345,9.945,10.345,9.99,1.0,566903
2026-08-03,NASDAQ:CGBD,10.31,10.01,10.01,10.26,1.0,327226
2026-08-04,NASDAQ:CGBD,10.55,10.29,10.29,10.49,1.0,523474
2026-08-05,NASDAQ:CGBD,10.48,10.2027,10.48,10.28,1.0,499630
2026-08-06,NASDAQ:CGBD,10.69,10.32,10.32,10.66,1.0,500852
2026-08-07,NASDAQ:CGBD,11.1,10.65,10.66,11.02,1.0,842383
2026-08-10,NASDAQ:CGBD,11.22,10.88,11.0,11.14,1.0,1019262
2026-08-11,NASDAQ:CGBD,11.33,11.07,11.15,11.17,1.0,712280
2026-08-12,NASDAQ:CGBD,11.24,10.9439,11.17,11.1,1.0,432869
2026-08-13,NASDAQ:CGBD,11.5,11.12,11.12,11.37,1.0,832447
2026-08-14,NASDAQ:CGBD,11.46,11.32,11.36,11.35,1.0,583220
2026-08-17,NASDAQ:CGBD,11.355,11.185,11.28,11.26,1.0,702232
2026-08-18,NASDAQ:CGBD,11.25,11.12,11.22,11.21,1.0,385930
2026-08-19,NASDAQ:CGBD,11.39,11.22,11.23,11.33,1.0,596953
2026-08-20,NASDAQ:CGBD,11.4,11.23,11.32,11.33,1.0,574570
2026-08-21,NASDAQ:CGBD,11.46,11.27,11.44,11.35,1.0,380279
2026-08-24,NASDAQ:CGBD,11.475,11.22,11.3,11.45,1.0,297915
2026-08-25,NASDAQ:CGBD,11.48,11.33,11.48,11.41,1.0,355567
2026-07-24,NASDAQ:CFFN,8.73,8.57,8.59,8.65,1.0,843961
2026-07-27,NASDAQ:CFFN,8.8116,8.595,8.7,8.64,1.0,621135
2026-07-28,NASDAQ:CFFN,8.84,8.66,8.67,8.78,1.0,955744
2026-07-29,NASDAQ:CFFN,8.785,8.24,8.24,8.75,1.0,1281943
2026-07-30,NASDAQ:CFFN,9.1,8.77,8.8,8.86,1.0,1247356
2026-07-31,NASDAQ:CFFN,8.97,8.735,8.88,8.84,1.0,1137746
2026-08-03,NASDAQ:CFFN,9.26,8.99,8.99,9.1,1.0,1359852
2026-08-04,NASDAQ:CFFN,9.235,9.07,9.12,9.19,1.0,907481
2026-08-05,NASDAQ:CFFN,9.22,9.07,9.21,9.09,1.0,788142
2026-08-06,NASDAQ:CFFN,9.17,8.975,9.12,8.99,1.0,946088
2026-08-07,NASDAQ:CFFN,8.955,8.82,8.92,8.88,1.0,725884
2026-08-10,NASDAQ:CFFN,8.885,8.76,8.83,8.77,1.0,701984
2026-08-11,NASDAQ:CFFN,8.88,8.759,8.8,8.81,1.0,683069
2026-08-12,NASDAQ:CFFN,8.93,8.835,8.86,8.88,1.0,682789
2026-08-13,NASDAQ:CFFN,8.991,8.83,8.97,8.84,1.0,794983
2026-08-14,NASDAQ:CFFN,8.895,8.72,8.85,8.73,1.0,654123
2026-08-17,NASDAQ:CFFN,8.765,8.675,8.72,8.72,1.0,749354
2026-08-18,NASDAQ:CFFN,8.76,8.56,8.73,8.64,1.0,784806
2026-08-19,NASDAQ:CFFN,8.71,8.435,8.66,8.49,1.0,894923
2026-08-20,NASDAQ:CFFN,8.55,8.435,8.46,8.49,1.0,941742
2026-08-21,NASDAQ:CFFN,8.59,8.385,8.56,8.53,1.0,907346
2026-08-24,NASDAQ:CFFN,8.6,8.52,8.59,8.53,1.0,628532
2026-08-25,NASDAQ:CFFN,8.665,8.5,8.57,8.54,1.0,741615
2026-07-24,NYSE:DOC,22.41,22.115,22.18,22.27,1.0,7422016
2026-07-27,NYSE:DOC,22.54,22.17,22.22,22.52,1.0,5733786
2026-07-28,NYSE:DOC,22.949,22.575,22.7,22.82,1.0,7430070
2026-07-29,NYSE:DOC,22.9064,22.4,22.79,22.48,1.0,5539501
2026-07-30,NYSE:DOC,22.47,21.885,22.45,22.06,1.0,5462770
2026-07-31,NYSE:DOC,22.175,21.68,22.07,21.83,1.0,7333406
2026-08-03,NYSE:DOC,22.03,21.64,21.89,21.64,1.0,5963608
2026-08-04,NYSE:DOC,21.845,21.19,21.52,21.62,1.0,7445886
2026-08-05,NYSE:DOC,22.44,21.75,22.0,21.79,1.0,10595173
2026-08-06,NYSE:DOC,22.005,21.06,21.98,21.1,1.0,8198386
2026-08-07,NYSE:DOC,21.41,21.01,21.09,21.41,1.0,4094056
2026-08-10,NYSE:DOC,21.3,20.885,21.3,20.9,1.0,5563283
2026-08-11,NYSE:DOC,20.9891,20.465,20.88,20.51,1.0,5072060
2026-08-12,NYSE:DOC,20.835,20.55,20.7,20.66,1.0,4087409
2026-08-13,NYSE:DOC,20.96,20.7,20.88,20.81,1.0,3220654
2026-08-14,NYSE:DOC,20.89,20.695,20.77,20.79,1.0,2952345
2026-08-17,NYSE:DOC,20.65,20.4,20.61,20.58,1.0,4515353
2026-08-18,NYSE:DOC,20.755,20.4,20.4,20.44,1.0,4446201
2026-08-19,NYSE:DOC,20.77,20.47,20.53,20.76,1.0,3358535
2026-08-20,NYSE:DOC,21.32,20.69,20.69,21.2,1.0,4808670
2026-08-21,NYSE:DOC,21.425,20.97,21.3,21.4,1.0,5746241
2026-08-24,NYSE:DOC,21.765,21.405,21.54,21.63,1.0,4029584
2026-08-25,NYSE:DOC,21.78,21.495,21.68,21.655,1.0,4167008
2026-07-24,NYSE:EGY,5.705,5.5,5.66,5.55,1.0,965253
2026-07-27,NYSE:EGY,5.43,5.155,5.36,5.16,1.0,1484222
2026-07-28,NYSE:EGY,5.18,5.0,5.17,5.05,1.0,1313030
2026-07-29,NYSE:EGY,5.3,5.135,5.28,5.25,1.0,1120447
2026-07-30,NYSE:EGY,5.315,5.205,5.21,5.3,1.0,720177
2026-07-31,NYSE:EGY,5.39,5.25,5.36,5.33,1.0,940324
2026-08-03,NYSE:EGY,5.31,5.11,5.12,5.27,1.0,866304
2026-08-04,NYSE:EGY,5.2,5.09,5.13,5.15,1.0,1418928
2026-08-05,NYSE:EGY,5.23,5.075,5.23,5.15,1.0,1169957
2026-08-06,NYSE:EGY,5.24,5.14,5.14,5.16,1.0,1123209
2026-08-07,NYSE:EGY,5.81,5.4586,5.507000000000001,5.55,1.0,2227670
2026-08-10,NYSE:EGY,5.82,5.53,5.69,5.81,1.0,1297276
2026-08-11,NYSE:EGY,5.885,5.725,5.75,5.79,1.0,1304578
2026-08-12,NYSE:EGY,5.85,5.7,5.82,5.72,1.0,1321201
2026-08-13,NYSE:EGY,5.73,5.53,5.61,5.63,1.0,1324211
2026-08-14,NYSE:EGY,5.8101,5.67,5.71,5.78,1.0,1007079
2026-08-17,NYSE:EGY,5.9199,5.715,5.8,5.85,1.0,1115426
2026-08-18,NYSE:EGY,5.95,5.755,5.95,5.83,1.0,1075668
2026-08-19,NYSE:EGY,6.02,5.875,5.88,5.93,1.0,1188177
2026-08-20,NYSE:EGY,6.115,5.95,6.04,6.03,1.0,1869525
2026-08-21,NYSE:EGY,6.0095,5.87,5.99,5.94,1.0,2462023
2026-08-24,NYSE:EGY,5.92,5.71,5.9,5.78,1.0,1244612
2026-08-25,NYSE:EGY,5.775,5.6075,5.64,5.72,1.0,920078
2026-07-24,NASDAQ:PLTK,3.72,3.58,3.58,3.68,1.0,526099
2026-07-27,NASDAQ:PLTK,3.91,3.695,3.695,3.88,1.0,652966
2026-07-28,NASDAQ:PLTK,4.0,3.88,3.92,3.98,1.0,821933
2026-07-29,NASDAQ:PLTK,4.09,3.96,4.0,4.03,1.0,1198425
2026-07-30,NASDAQ:PLTK,4.0563,3.92,4.03,3.97,1.0,1044874
2026-07-31,NASDAQ:PLTK,4.05,3.895,3.94,3.99,1.0,695349
2026-08-03,NASDAQ:PLTK,4.19,4.05,4.07,4.06,1.0,902980
2026-08-04,NASDAQ:PLTK,4.1,4.01,4.05,4.06,1.0,1261999
2026-08-05,NASDAQ:PLTK,4.07,3.865,4.05,3.89,1.0,1036316
2026-08-06,NASDAQ:PLTK,3.555,3.17,3.47,3.29,1.0,3019979
2026-08-07,NASDAQ:PLTK,3.29,2.91,3.26,2.94,1.0,2637326
2026-08-10,NASDAQ:PLTK,2.96,2.79,2.95,2.8,1.0,2752645
2026-08-11,NASDAQ:PLTK,2.786,2.5,2.76,2.67,1.0,3408435
2026-08-12,NASDAQ:PLTK,2.68,2.35,2.68,2.365,1.0,3009418
2026-08-13,NASDAQ:PLTK,2.53,2.345,2.4,2.52,1.0,2005481
2026-08-14,NASDAQ:PLTK,2.54,2.45,2.49,2.51,1.0,2217498
2026-08-17,NASDAQ:PLTK,2.53,2.26,2.49,2.26,1.0,2077204
2026-08-18,NASDAQ:PLTK,2.29,2.09,2.26,2.23,1.0,2052722
2026-08-19,NASDAQ:PLTK,2.4,2.245,2.25,2.35,1.0,2700879
2026-08-20,NASDAQ:PLTK,2.44,2.324,2.35,2.35,1.0,1602969
2026-08-21,NASDAQ:PLTK,2.395,2.285,2.35,2.37,1.0,1336428
2026-08-24,NASDAQ:PLTK,2.47,2.3,2.35,2.42,1.0,1816513
2026-08-25,NASDAQ:PLTK,2.46,2.365,2.4,2.45,1.0,1119616
2026-07-24,NYSE:GPRK,10.35,9.97,10.21,10.0,1.0,407266
2026-07-27,NYSE:GPRK,9.86,9.47,9.805,9.48,1.0,476057
2026-07-28,NYSE:GPRK,9.39,9.08,9.38,9.26,1.0,453818
2026-07-29,NYSE:GPRK,9.5599,9.26,9.5,9.39,1.0,464938
2026-07-30,NYSE:GPRK,9.64,9.37,9.37,9.59,1.0,223524
2026-07-31,NYSE:GPRK,9.98,9.555,9.98,9.75,1.0,355021
2026-08-03,NYSE:GPRK,9.67,9.41,9.5,9.5,1.0,334162
2026-08-04,NYSE:GPRK,9.47,9.15,9.45,9.38,1.0,469262
2026-08-05,NYSE:GPRK,9.64,9.25,9.44,9.49,1.0,281680
2026-08-06,NYSE:GPRK,9.66,9.45,9.66,9.51,1.0,243169
2026-08-07,NYSE:GPRK,9.52,9.25,9.44,9.43,1.0,519256
2026-08-10,NYSE:GPRK,9.755,9.545,9.58,9.66,1.0,505276
2026-08-11,NYSE:GPRK,9.7,9.24,9.62,9.31,1.0,367511
2026-08-12,NYSE:GPRK,9.37,9.175,9.3,9.27,1.0,254925
2026-08-13,NYSE:GPRK,9.38,9.05,9.07,9.37,1.0,261636
2026-08-14,NYSE:GPRK,9.6,9.41,9.47,9.47,1.0,207054
2026-08-17,NYSE:GPRK,9.68,9.39,9.5,9.59,1.0,216842
2026-08-18,NYSE:GPRK,9.76,9.37,9.7,9.37,1.0,266594
2026-08-19,NYSE:GPRK,9.66,9.4415,9.53,9.53,1.0,456610
2026-08-20,NYSE:GPRK,10.01,9.62,9.67,9.78,1.0,294174
2026-08-21,NYSE:GPRK,9.84,9.7,9.76,9.79,1.0,303431
2026-08-24,NYSE:GPRK,9.865,9.63,9.74,9.84,1.0,328199
2026-08-25,NYSE:GPRK,9.79,9.56,9.69,9.74,1.0,341160
2026-07-24,NYSE:PRU,119.99,117.07,117.35,119.96,1.0,1694027
2026-07-27,NYSE:PRU,122.57,120.62,120.62,121.89,1.0,2253989
2026-07-28,NYSE:PRU,124.57,121.595,122.0,123.93,1.0,2036615
2026-07-29,NYSE:PRU,124.5,122.07,123.14,122.63,1.0,2146121
2026-07-30,NYSE:PRU,123.625,122.01,123.23,122.77,1.0,2124965
2026-07-31,NYSE:PRU,123.13,121.5,122.29,122.08,1.0,2329491
2026-08-03,NYSE:PRU,123.6,122.485,122.62,122.98,1.0,2061084
2026-08-04,NYSE:PRU,123.7003,120.0,120.9,123.54,1.0,2035515
2026-08-05,NYSE:PRU,127.72,117.63,124.04,120.16,1.0,4944644
2026-08-06,NYSE:PRU,121.86,119.54,121.2,121.5,1.0,2350119
2026-08-07,NYSE:PRU,122.51,120.31,121.0,121.28,1.0,2079939
2026-08-10,NYSE:PRU,122.26,120.54,120.54,122.11,1.0,1311810
2026-08-11,NYSE:PRU,123.6546,121.31,122.0,122.32,1.0,1805204
2026-08-12,NYSE:PRU,123.2652,121.54,122.04,122.74,1.0,1324424
2026-08-13,NYSE:PRU,124.93,122.98,123.44,124.75,1.0,1164274
2026-08-14,NYSE:PRU,125.52,124.4056,124.89,125.13,1.0,1211292
2026-08-17,NYSE:PRU,126.33,124.38,125.02,124.56,1.0,1239583
2026-08-18,NYSE:PRU,126.2035,124.5,125.52,124.54,1.0,1324094
2026-08-19,NYSE:PRU,125.1764,122.1,124.71,122.22,1.0,1283909
2026-08-20,NYSE:PRU,122.62,120.50200000000001,122.22,120.59,1.0,1485932
2026-08-21,NYSE:PRU,122.55,120.65899999999999,121.5,121.15,1.0,2213405
2026-08-24,NYSE:PRU,122.8,121.15,121.15,122.67,1.0,1636597
2026-08-25,NYSE:PRU,121.62,117.955,121.62,120.165,1.0,2044022
2026-07-24,NASDAQ:MIDD,134.71,131.41,131.41,133.88,1.0,364665
2026-07-27,NASDAQ:MIDD,137.68,133.54,134.69,136.0,1.0,461015
2026-07-28,NASDAQ:MIDD,138.74,134.05,136.15,135.09,1.0,547444
2026-07-29,NASDAQ:MIDD,135.19,130.525,133.64,133.02,1.0,461030
2026-07-30,NASDAQ:MIDD,135.64,131.56,135.02,133.32,1.0,393167
2026-07-31,NASDAQ:MIDD,134.15,131.2701,133.66,133.58,1.0,294837
2026-08-03,NASDAQ:MIDD,137.27,133.85,134.33,135.81,1.0,327897
2026-08-04,NASDAQ:MIDD,138.93,135.14,136.8,138.78,1.0,560502
2026-08-05,NASDAQ:MIDD,138.035,133.895,137.3,135.34,1.0,463074
2026-08-06,NASDAQ:MIDD,135.8299,132.11,135.34,133.28,1.0,496683
2026-08-07,NASDAQ:MIDD,135.16,133.0301,133.73,134.5,1.0,467113
2026-08-10,NASDAQ:MIDD,134.365,129.4,134.08,130.3,1.0,516585
2026-08-11,NASDAQ:MIDD,126.64,119.225,124.09,119.99,1.0,1330960
2026-08-12,NASDAQ:MIDD,120.095,115.8,118.69,118.95,1.0,1280875
2026-08-13,NASDAQ:MIDD,120.155,116.22,118.62,117.02,1.0,658918
2026-08-14,NASDAQ:MIDD,118.08,114.84,116.38,117.91,1.0,871856
2026-08-17,NASDAQ:MIDD,118.5917,114.28,116.86,114.88,1.0,1009495
2026-08-18,NASDAQ:MIDD,116.785,113.8,114.15,114.0,1.0,577917
2026-08-19,NASDAQ:MIDD,115.06,111.955,114.86,112.43,1.0,850303
2026-08-20,NASDAQ:MIDD,112.72,110.98,110.98,112.52,1.0,531452
2026-08-21,NASDAQ:MIDD,115.66,112.195,113.315,115.48,1.0,515514
2026-08-24,NASDAQ:MIDD,116.685,113.97,115.47,115.22,1.0,532816
2026-08-25,NASDAQ:MIDD,116.27,112.985,115.98,113.97,1.0,378112
2026-07-24,NYSE:NE,43.6,42.58,43.23,43.26,1.0,1837790
2026-07-27,NYSE:NE,43.4,42.62,42.83,43.11,1.0,2070739
2026-07-28,NYSE:NE,41.42,39.02,40.25,39.2,1.0,4200621
2026-07-29,NYSE:NE,41.03,39.345,40.1,41.01,1.0,3122385
2026-07-30,NYSE:NE,41.72,40.29,41.26,41.44,1.0,2307472
2026-07-31,NYSE:NE,42.57,41.36,41.87,42.4,1.0,1039402
2026-08-03,NYSE:NE,41.82,40.22,41.62,40.42,1.0,1374403
2026-08-04,NYSE:NE,40.9,39.78,39.87,40.83,1.0,1439166
2026-08-05,NYSE:NE,41.235,39.4,41.21,39.9,1.0,1074187
2026-08-06,NYSE:NE,41.51,40.62,40.62,40.69,1.0,1006711
2026-08-07,NYSE:NE,41.49,40.27,40.62,40.77,1.0,1026457
2026-08-10,NYSE:NE,43.61,41.43,41.49,43.55,1.0,1856451
2026-08-11,NYSE:NE,44.65,43.4,43.84,44.48,1.0,1376876
2026-08-12,NYSE:NE,44.55,43.535,44.07,44.08,1.0,1124928
2026-08-13,NYSE:NE,44.41,43.11,44.17,44.29,1.0,843732
2026-08-14,NYSE:NE,45.6599,44.37,44.54,45.1,1.0,904330
2026-08-17,NYSE:NE,45.49,44.8,45.2,45.18,1.0,833676
2026-08-18,NYSE:NE,45.59,45.13,45.53,45.25,1.0,734851
2026-08-19,NYSE:NE,46.535,45.43,45.72,45.87,1.0,1116320
2026-08-20,NYSE:NE,47.24,46.205,46.56,46.98,1.0,714542
2026-08-21,NYSE:NE,47.79,46.24,47.15,46.27,1.0,1319154
2026-08-24,NYSE:NE,46.17,44.37,46.0,45.98,1.0,1720142
2026-08-25,NYSE:NE,46.36,45.0201,45.58,45.86,1.0,1098880
2026-07-24,NYSE:RKT,13.31,12.605,12.93,13.05,1.0,28193366
2026-07-27,NYSE:RKT,13.62,13.27,13.3,13.49,1.0,25653847
2026-07-28,NYSE:RKT,14.0,13.2,13.46,13.98,1.0,26727945
2026-07-29,NYSE:RKT,14.57,13.48,13.59,13.7,1.0,49523561
2026-07-30,NYSE:RKT,13.9,12.63,13.9,13.26,1.0,35194533
2026-07-31,NYSE:RKT,13.305,12.765,13.16,12.9,1.0,21349099
2026-08-03,NYSE:RKT,13.78,13.25,13.27,13.68,1.0,18988744
2026-08-04,NYSE:RKT,14.39,13.9,13.9,14.11,1.0,26861570
2026-08-05,NYSE:RKT,14.275,13.735,14.0,13.86,1.0,17897726
2026-08-06,NYSE:RKT,13.52,13.015,13.5,13.22,1.0,40050393
2026-08-07,NYSE:RKT,14.28,13.13,14.23,13.72,1.0,42103090
2026-08-10,NYSE:RKT,14.0,13.29,13.41,13.76,1.0,27865235
2026-08-11,NYSE:RKT,14.385,13.635,13.77,14.32,1.0,32739764
2026-08-12,NYSE:RKT,14.65,13.7501,14.65,14.05,1.0,33655399
2026-08-13,NYSE:RKT,15.18,14.26,14.3,15.04,1.0,35236921
2026-08-14,NYSE:RKT,15.09,14.66,15.025,14.76,1.0,18904290
2026-08-17,NYSE:RKT,14.795,14.3,14.53,14.5,1.0,18414917
2026-08-18,NYSE:RKT,14.32,13.975,14.2,13.99,1.0,17697323
2026-08-19,NYSE:RKT,15.09,14.530999999999999,14.85,14.63,1.0,19663048
2026-08-20,NYSE:RKT,14.48,13.9,14.29,14.06,1.0,22330014
2026-08-21,NYSE:RKT,14.25,13.72,14.24,13.93,1.0,23450045
2026-08-24,NYSE:RKT,14.11,13.8,13.92,14.09,1.0,17800059
2026-08-25,NYSE:RKT,14.4,13.865,14.38,14.3,1.0,28871102
2026-07-24,NYSE:NAT,6.6,6.405,6.48,6.45,1.0,3785379
2026-07-27,NYSE:NAT,6.48,6.18,6.31,6.46,1.0,3302601
2026-07-28,NYSE:NAT,6.55,6.365,6.44,6.39,1.0,3175664
2026-07-29,NYSE:NAT,6.505,6.3,6.48,6.41,1.0,4483632
2026-07-30,NYSE:NAT,6.69,6.35,6.45,6.66,1.0,4846064
2026-07-31,NYSE:NAT,6.73,6.48,6.69,6.53,1.0,3034449
2026-08-03,NYSE:NAT,6.562,6.32,6.49,6.43,1.0,3058991
2026-08-04,NYSE:NAT,6.49,6.21,6.41,6.26,1.0,2767715
2026-08-05,NYSE:NAT,6.34,6.12,6.28,6.13,1.0,2468629
2026-08-06,NYSE:NAT,6.47,6.22,6.27,6.4,1.0,2850795
2026-08-07,NYSE:NAT,6.53,6.29,6.42,6.46,1.0,2090253
2026-08-10,NYSE:NAT,6.58,6.28,6.48,6.28,1.0,2159248
2026-08-11,NYSE:NAT,6.29,6.02,6.29,6.17,1.0,2714963
2026-08-12,NYSE:NAT,6.455,6.1901,6.21,6.44,1.0,2353238
2026-08-13,NYSE:NAT,6.68,6.45,6.46,6.61,1.0,2295195
2026-08-14,NYSE:NAT,6.82,6.64,6.65,6.71,1.0,2251871
2026-08-17,NYSE:NAT,6.85,6.68,6.75,6.82,1.0,2178951
2026-08-18,NYSE:NAT,6.94,6.765,6.84,6.93,1.0,2330566
2026-08-19,NYSE:NAT,7.1,6.945,7.0,7.02,1.0,2612951
2026-08-20,NYSE:NAT,7.075,6.9,6.99,6.99,1.0,2179573
2026-08-21,NYSE:NAT,7.195,6.93,7.04,6.97,1.0,3912787
2026-08-24,NYSE:NAT,7.085,6.91,6.91,7.0,1.0,3444510
2026-08-25,NYSE:NAT,6.98,6.81,6.95,6.9,1.0,1925497
2026-07-24,NYSE:BEN,32.8199,32.195,32.47,32.49,1.0,2208626
2026-07-27,NYSE:BEN,33.655,32.705,32.87,33.22,1.0,5682978
2026-07-28,NYSE:BEN,33.42,32.73,33.2,33.33,1.0,4329558
2026-07-29,NYSE:BEN,33.35,32.325,33.11,32.39,1.0,5229275
2026-07-30,NYSE:BEN,33.31,32.255,32.54,33.17,1.0,6073888
2026-07-31,NYSE:BEN,34.64,32.83,33.48,33.86,1.0,11986661
2026-08-03,NYSE:BEN,35.43,34.05,34.12,35.24,1.0,7392289
2026-08-04,NYSE:BEN,35.86,35.2,35.2,35.77,1.0,4957844
2026-08-05,NYSE:BEN,36.28,34.835,36.0,34.92,1.0,4835498
2026-08-06,NYSE:BEN,35.25,33.97,35.0,34.0,1.0,4801890
2026-08-07,NYSE:BEN,34.16,33.5,34.0,33.77,1.0,3543628
2026-08-10,NYSE:BEN,33.92,33.45,33.57,33.52,1.0,3558044
2026-08-11,NYSE:BEN,33.84,33.31,33.77,33.36,1.0,2947818
2026-08-12,NYSE:BEN,33.7,33.25,33.6,33.59,1.0,2544895
2026-08-13,NYSE:BEN,34.02,33.58,33.68,33.86,1.0,1815463
2026-08-14,NYSE:BEN,33.975,33.44,33.74,33.86,1.0,2929160
2026-08-17,NYSE:BEN,34.44,33.33,33.33,34.19,1.0,3140365
2026-08-18,NYSE:BEN,34.055,33.685,34.03,33.99,1.0,2226398
2026-08-19,NYSE:BEN,34.54,33.84,34.23,33.98,1.0,3111208
2026-08-20,NYSE:BEN,34.52,33.8,33.9,33.97,1.0,3400161
2026-08-21,NYSE:BEN,34.7161,34.16,34.31,34.31,1.0,6235058
2026-08-24,NYSE:BEN,34.66,34.15,34.36,34.62,1.0,2393097
2026-08-25,NYSE:BEN,35.135,34.54,34.69,35.03,1.0,1942497
2026-07-24,NYSE:OMF,60.21,58.6,58.75,59.74,1.0,990984
2026-07-27,NYSE:OMF,61.5,60.18,60.19,61.26,1.0,1285668
2026-07-28,NYSE:OMF,62.36,61.24,61.53,62.24,1.0,1136270
2026-07-29,NYSE:OMF,64.65,61.14,61.14,62.94,1.0,1703029
2026-07-30,NYSE:OMF,63.83,61.5536,63.46,63.4,1.0,1152502
2026-07-31,NYSE:OMF,63.545,62.28,63.4,62.58,1.0,847059
2026-08-03,NYSE:OMF,64.745,62.67,62.67,64.68,1.0,803749
2026-08-04,NYSE:OMF,65.75,64.53,64.67,65.42,1.0,761529
2026-08-05,NYSE:OMF,66.05,64.835,65.43,65.55,1.0,995611
2026-08-06,NYSE:OMF,65.81,64.9175,65.77,65.03,1.0,1191160
2026-08-07,NYSE:OMF,65.18,64.2547,64.9,64.95,1.0,1075369
2026-08-10,NYSE:OMF,63.73,62.7101,63.21,63.16,1.0,1159380
2026-08-11,NYSE:OMF,64.44,63.01,63.01,63.67,1.0,939411
2026-08-12,NYSE:OMF,64.75,63.21,63.73,64.65,1.0,695140
2026-08-13,NYSE:OMF,65.49,64.025,64.82,65.29,1.0,1095189
2026-08-14,NYSE:OMF,65.955,64.97,65.21,65.68,1.0,645925
2026-08-17,NYSE:OMF,65.89,64.61,65.35,65.15,1.0,752204
2026-08-18,NYSE:OMF,66.35,64.73,65.02,64.73,1.0,756117
2026-08-19,NYSE:OMF,65.81,64.17,65.01,64.21,1.0,878387
2026-08-20,NYSE:OMF,64.055,61.7,63.79,61.7,1.0,957338
2026-08-21,NYSE:OMF,63.43,62.23,62.23,63.19,1.0,590306
2026-08-24,NYSE:OMF,64.23,62.8,63.38,62.89,1.0,843261
2026-08-25,NYSE:OMF,63.46,62.2531,63.22,63.23,1.0,464718
2026-07-24,NYSE:GNK,26.8,25.715,25.88,26.77,1.0,232220
2026-07-27,NYSE:GNK,26.415,25.01,26.29,25.09,1.0,282973
2026-07-28,NYSE:GNK,25.44,24.83,25.04,25.39,1.0,275255
2026-07-29,NYSE:GNK,25.54,24.8,25.5,25.22,1.0,281747
2026-07-30,NYSE:GNK,26.02,25.3236,25.43,25.98,1.0,256260
2026-07-31,NYSE:GNK,26.03,25.44,25.87,25.54,1.0,247172
2026-08-03,NYSE:GNK,26.5025,25.42,25.82,26.24,1.0,414873
2026-08-04,NYSE:GNK,26.7299,25.825,26.04,25.97,1.0,647122
2026-08-05,NYSE:GNK,26.3499,25.55,26.13,25.57,1.0,405688
2026-08-06,NYSE:GNK,26.6,24.92,26.57,25.13,1.0,569173
2026-08-07,NYSE:GNK,25.75,24.485,25.12,25.33,1.0,407263
2026-08-10,NYSE:GNK,25.84,25.02,25.4,25.06,1.0,582856
2026-08-11,NYSE:GNK,25.07,24.32,25.02,24.72,1.0,423117
2026-08-12,NYSE:GNK,25.45,24.48,24.75,25.26,1.0,278235
2026-08-13,NYSE:GNK,26.08,25.48,25.5,25.99,1.0,386974
2026-08-14,NYSE:GNK,26.38,25.825,26.0,26.34,1.0,343463
2026-08-17,NYSE:GNK,26.53,25.41,25.55,26.22,1.0,470887
2026-08-18,NYSE:GNK,26.14,25.5232,26.14,26.05,1.0,444162
2026-08-19,NYSE:GNK,26.5,25.845,26.31,26.2,1.0,459990
2026-08-20,NYSE:GNK,26.33,25.8,26.28,26.09,1.0,403694
2026-08-21,NYSE:GNK,27.76,26.13,26.24,26.52,1.0,1427745
2026-08-24,NYSE:GNK,27.7133,26.36,26.72,26.94,1.0,1460545
2026-08-25,NYSE:GNK,27.35,26.44,26.85,27.32,1.0,1417557
2026-07-24,NASDAQ:SLRC,13.05,12.88,12.91,12.94,1.0,167142
2026-07-27,NASDAQ:SLRC,13.16,12.93,12.99,12.93,1.0,328871
2026-07-28,NASDAQ:SLRC,13.18,12.94,13.03,12.97,1.0,1875396
2026-07-29,NASDAQ:SLRC,13.15,12.88,13.1,12.91,1.0,356433
2026-07-30,NASDAQ:SLRC,12.87,12.58,12.86,12.76,1.0,246207
2026-07-31,NASDAQ:SLRC,12.875,12.51,12.76,12.58,1.0,332652
2026-08-03,NASDAQ:SLRC,13.095,12.6,12.6,13.0,1.0,455287
2026-08-04,NASDAQ:SLRC,13.18,12.97,13.01,13.18,1.0,408452
2026-08-05,NASDAQ:SLRC,12.98,12.47,12.86,12.66,1.0,633538
2026-08-06,NASDAQ:SLRC,13.03,12.5727,12.69,12.93,1.0,543968
2026-08-07,NASDAQ:SLRC,13.195,12.9,12.96,13.1,1.0,397884
2026-08-10,NASDAQ:SLRC,13.07,12.8,13.07,12.97,1.0,256089
2026-08-11,NASDAQ:SLRC,12.98,12.78,12.85,12.94,1.0,398686
2026-08-12,NASDAQ:SLRC,12.94,12.81,12.93,12.83,1.0,249125
2026-08-13,NASDAQ:SLRC,13.12,12.87,12.87,13.04,1.0,381418
2026-08-14,NASDAQ:SLRC,13.13,12.88,13.04,12.89,1.0,209835
2026-08-17,NASDAQ:SLRC,12.89,12.64,12.89,12.67,1.0,322062
2026-08-18,NASDAQ:SLRC,12.74,12.625,12.67,12.65,1.0,243872
2026-08-19,NASDAQ:SLRC,12.8,12.665,12.7,12.73,1.0,253292
2026-08-20,NASDAQ:SLRC,12.8,12.56,12.66,12.58,1.0,601464
2026-08-21,NASDAQ:SLRC,12.675,12.47,12.6,12.63,1.0,424208
2026-08-24,NASDAQ:SLRC,12.73,12.55,12.64,12.71,1.0,425292
2026-08-25,NASDAQ:SLRC,12.68,12.57,12.67,12.6,1.0,278078
2026-07-24,NASDAQ:RMR,20.295,19.79,19.83,20.02,1.0,104179
2026-07-27,NASDAQ:RMR,20.39,20.0,20.1,20.35,1.0,121215
2026-07-28,NASDAQ:RMR,20.5,20.05,20.375,20.05,1.0,165309
2026-07-29,NASDAQ:RMR,20.17,19.45,20.0,19.59,1.0,179974
2026-07-30,NASDAQ:RMR,19.61,19.32,19.61,19.46,1.0,152682
2026-07-31,NASDAQ:RMR,19.647000000000002,18.96,19.44,19.04,1.0,148411
2026-08-03,NASDAQ:RMR,19.35,18.8,19.15,18.85,1.0,166075
2026-08-04,NASDAQ:RMR,19.16,18.79,19.0,18.99,1.0,280585
2026-08-05,NASDAQ:RMR,19.5,18.82,19.13,18.95,1.0,168980
2026-08-06,NASDAQ:RMR,19.06,17.8801,18.64,18.8,1.0,303808
2026-08-07,NASDAQ:RMR,19.52,18.95,19.02,19.45,1.0,237808
2026-08-10,NASDAQ:RMR,19.62,19.125,19.28,19.59,1.0,185210
2026-08-11,NASDAQ:RMR,19.91,19.555,19.6,19.72,1.0,112997
2026-08-12,NASDAQ:RMR,19.945,19.57,19.83,19.72,1.0,106456
2026-08-13,NASDAQ:RMR,20.28,19.79,19.79,20.26,1.0,109577
2026-08-14,NASDAQ:RMR,20.3028,20.105,20.22,20.26,1.0,130854
2026-08-17,NASDAQ:RMR,20.45,20.04,20.19,20.38,1.0,106411
2026-08-18,NASDAQ:RMR,20.53,19.78,20.48,19.85,1.0,97093
2026-08-19,NASDAQ:RMR,20.37,19.85,19.91,19.97,1.0,81674
2026-08-20,NASDAQ:RMR,19.925,19.67,19.85,19.81,1.0,51526
2026-08-21,NASDAQ:RMR,20.04,19.675,19.89,20.0,1.0,146117
2026-08-24,NASDAQ:RMR,20.2799,19.62,19.98,19.68,1.0,87975
2026-08-25,NASDAQ:RMR,19.75,19.47,19.68,19.67,1.0,76541
2026-07-24,NYSE:BORR,4.33,4.195,4.24,4.23,1.0,2797591
2026-07-27,NYSE:BORR,4.275,4.09,4.18,4.11,1.0,2646645
2026-07-28,NYSE:BORR,4.119,3.87,4.09,3.9,1.0,4796056
2026-07-29,NYSE:BORR,4.02,3.775,3.98,3.85,1.0,5102778
2026-07-30,NYSE:BORR,4.01,3.86,3.91,3.99,1.0,3935925
2026-07-31,NYSE:BORR,4.055,3.925,4.0,4.03,1.0,3473664
2026-08-03,NYSE:BORR,4.02,3.89,3.98,3.93,1.0,3411192
2026-08-04,NYSE:BORR,4.11,3.875,3.9,4.02,1.0,4485058
2026-08-05,NYSE:BORR,4.09,3.86,4.05,3.89,1.0,5786894
2026-08-06,NYSE:BORR,4.06,3.88,3.94,3.88,1.0,3551522
2026-08-07,NYSE:BORR,3.9599,3.825,3.87,3.86,1.0,4703121
2026-08-10,NYSE:BORR,4.199,3.87,3.88,4.16,1.0,7507319
2026-08-11,NYSE:BORR,4.325,4.11,4.15,4.26,1.0,6501768
2026-08-12,NYSE:BORR,4.17,3.75,3.91,4.11,1.0,13636005
2026-08-13,NYSE:BORR,4.13,3.9410000000000003,4.01,4.04,1.0,8955106
2026-08-14,NYSE:BORR,4.445,4.26,4.3,4.43,1.0,11671572
2026-08-17,NYSE:BORR,4.62,4.3817,4.59,4.5,1.0,9269887
2026-08-18,NYSE:BORR,4.57,4.325,4.56,4.43,1.0,7771768
2026-08-19,NYSE:BORR,4.53,4.365,4.51,4.4,1.0,4239585
2026-08-20,NYSE:BORR,4.54,4.425,4.46,4.43,1.0,3456043
2026-08-21,NYSE:BORR,4.669,4.46,4.51,4.5,1.0,3774717
2026-08-24,NYSE:BORR,4.54,4.31,4.5,4.38,1.0,4528739
2026-08-25,NYSE:BORR,4.525,4.38,4.47,4.46,1.0,4730664
2026-07-24,NYSE:TRTX,8.7,8.515,8.52,8.62,1.0,470476
2026-07-27,NYSE:TRTX,8.735,8.55,8.68,8.56,1.0,433828
2026-07-28,NYSE:TRTX,8.7757,8.5,8.55,8.54,1.0,549441
2026-07-29,NYSE:TRTX,8.42,8.11,8.35,8.21,1.0,1746752
2026-07-30,NYSE:TRTX,8.35,8.095,8.3,8.18,1.0,1306561
2026-07-31,NYSE:TRTX,8.27,7.925,8.16,7.97,1.0,1163870
2026-08-03,NYSE:TRTX,8.11,7.94,7.94,8.06,1.0,961698
2026-08-04,NYSE:TRTX,8.08,7.965,8.03,8.0,1.0,902724
2026-08-05,NYSE:TRTX,8.02,7.9,8.02,7.94,1.0,934567
2026-08-06,NYSE:TRTX,7.985,7.89,7.96,7.89,1.0,970464
2026-08-07,NYSE:TRTX,8.15,7.93,7.93,8.05,1.0,923255
2026-08-10,NYSE:TRTX,8.0368,7.89,8.0,7.92,1.0,894125
2026-08-11,NYSE:TRTX,8.055,7.91,7.94,8.0,1.0,914897
2026-08-12,NYSE:TRTX,8.12,7.91,8.05,7.95,1.0,1510813
2026-08-13,NYSE:TRTX,8.06,7.98,8.03,8.02,1.0,589273
2026-08-14,NYSE:TRTX,8.08,7.915,8.04,7.93,1.0,575710
2026-08-17,NYSE:TRTX,7.9625,7.91,7.93,7.94,1.0,605617
2026-08-18,NYSE:TRTX,7.995,7.82,7.99,7.9,1.0,661226
2026-08-19,NYSE:TRTX,8.079,7.915,7.96,7.92,1.0,1148717
2026-08-20,NYSE:TRTX,7.915,7.76,7.89,7.86,1.0,1246335
2026-08-21,NYSE:TRTX,7.9299,7.84,7.88,7.89,1.0,1009274
2026-08-24,NYSE:TRTX,7.955,7.805,7.93,7.82,1.0,975427
2026-08-25,NYSE:TRTX,7.88,7.71,7.86,7.8,1.0,943675
2026-07-24,NYSE:RITM,9.175,8.99,9.0,9.12,1.0,4090852
2026-07-27,NYSE:RITM,9.355,9.15,9.19,9.23,1.0,6796685
2026-07-28,NYSE:RITM,9.86,9.335,9.335,9.78,1.0,12474664
2026-07-29,NYSE:RITM,10.08,9.67,9.79,9.99,1.0,9346421
2026-07-30,NYSE:RITM,10.01,9.59,9.98,9.87,1.0,8077783
2026-07-31,NYSE:RITM,9.895,9.715,9.87,9.88,1.0,6829279
2026-08-03,NYSE:RITM,10.14,9.9219,9.94,10.06,1.0,7336605
2026-08-04,NYSE:RITM,10.27,9.92,10.0,10.25,1.0,7714331
2026-08-05,NYSE:RITM,10.28,10.06,10.27,10.1,1.0,7058742
2026-08-06,NYSE:RITM,10.145,9.91,10.14,9.94,1.0,5416350
2026-08-07,NYSE:RITM,10.27,9.95,10.0,10.19,1.0,4840646
2026-08-10,NYSE:RITM,10.15,9.98,10.14,10.11,1.0,5963854
2026-08-11,NYSE:RITM,10.34,10.04,10.09,10.25,1.0,4895352
2026-08-12,NYSE:RITM,10.32,10.19,10.29,10.23,1.0,2763524
2026-08-13,NYSE:RITM,10.375,10.24,10.3,10.36,1.0,3893705
2026-08-14,NYSE:RITM,10.45,10.3412,10.41,10.36,1.0,3459556
2026-08-17,NYSE:RITM,10.355,10.23,10.32,10.26,1.0,2726379
2026-08-18,NYSE:RITM,10.33,10.2,10.31,10.2,1.0,3034712
2026-08-19,NYSE:RITM,10.465,10.275,10.29,10.38,1.0,4048911
2026-08-20,NYSE:RITM,10.37,10.14,10.33,10.16,1.0,3335213
2026-08-21,NYSE:RITM,10.3,10.155,10.23,10.19,1.0,4624700
2026-08-24,NYSE:RITM,10.3,10.21,10.26,10.25,1.0,4709162
2026-08-25,NYSE:RITM,10.26,10.16,10.25,10.17,1.0,3417289
2026-07-24,NYSE:ARE,51.15,49.76,50.48,50.94,1.0,1062147
2026-07-27,NYSE:ARE,52.21,50.94,51.13,51.39,1.0,1468180
2026-07-28,NYSE:ARE,54.05,51.95,52.01,54.0,1.0,2690696
2026-07-29,NYSE:ARE,55.74,53.43,54.44,53.77,1.0,2497335
2026-07-30,NYSE:ARE,53.675,51.9,53.35,52.49,1.0,1475348
2026-07-31,NYSE:ARE,52.63,51.2,52.06,51.45,1.0,1559487
2026-08-03,NYSE:ARE,53.34,52.28,52.3,53.03,1.0,2387828
2026-08-04,NYSE:ARE,52.49,48.52,51.9,48.87,1.0,4251534
2026-08-05,NYSE:ARE,50.49,47.54,49.375,50.1,1.0,2697013
2026-08-06,NYSE:ARE,50.88,48.45,50.85,48.48,1.0,1708920
2026-08-07,NYSE:ARE,50.17,48.145,48.7,49.74,1.0,1946124
2026-08-10,NYSE:ARE,49.461999999999996,47.51,49.12,48.35,1.0,1949390
2026-08-11,NYSE:ARE,48.955,47.82,48.31,48.12,1.0,1359154
2026-08-12,NYSE:ARE,48.37,47.66,48.11,48.06,1.0,1130366
2026-08-13,NYSE:ARE,48.805,47.85,47.85,48.42,1.0,1873102
2026-08-14,NYSE:ARE,48.5675,48.01,48.37,48.14,1.0,1199507
2026-08-17,NYSE:ARE,47.948,46.1,47.63,46.94,1.0,2276322
2026-08-18,NYSE:ARE,47.19,45.78,46.98,45.84,1.0,2199067
2026-08-19,NYSE:ARE,50.895,46.74,46.8,50.55,1.0,3150610
2026-08-20,NYSE:ARE,53.295,50.145,50.78,52.94,1.0,2965640
2026-08-21,NYSE:ARE,54.01,51.81,53.3,53.49,1.0,2997344
2026-08-24,NYSE:ARE,54.71,53.07,53.12,54.04,1.0,2423116
2026-07-24,NASDAQ:NEWT,14.675,14.13,14.37,14.43,1.0,156901
2026-07-27,NASDAQ:NEWT,14.87,14.205,14.59,14.37,1.0,197786
2026-07-28,NASDAQ:NEWT,14.95,14.25,14.38,14.7,1.0,216665
2026-07-29,NASDAQ:NEWT,15.0599,14.51,14.7,14.74,1.0,200156
2026-07-30,NASDAQ:NEWT,14.88,14.385,14.75,14.63,1.0,176808
2026-07-31,NASDAQ:NEWT,14.87,14.38,14.7,14.83,1.0,140483
2026-08-03,NASDAQ:NEWT,15.15,14.73,15.08,14.92,1.0,249953
2026-08-04,NASDAQ:NEWT,15.45,14.8295,14.99,15.4,1.0,259706
2026-08-05,NASDAQ:NEWT,15.55,14.93,15.43,15.13,1.0,309929
2026-08-06,NASDAQ:NEWT,15.19,14.8001,15.14,14.95,1.0,208870
2026-08-07,NASDAQ:NEWT,14.7,13.3,14.7,13.53,1.0,498344
2026-08-10,NASDAQ:NEWT,13.7074,12.79,13.48,12.88,1.0,432246
2026-08-11,NASDAQ:NEWT,13.05,12.67,12.9,12.73,1.0,217503
2026-08-12,NASDAQ:NEWT,12.91,12.7,12.76,12.81,1.0,204012
2026-08-13,NASDAQ:NEWT,13.22,12.86,12.86,13.07,1.0,206977
2026-08-14,NASDAQ:NEWT,13.14,12.93,13.04,13.02,1.0,138331
2026-08-17,NASDAQ:NEWT,13.065,12.775,13.01,12.83,1.0,182665
2026-08-18,NASDAQ:NEWT,12.88,12.74,12.88,12.79,1.0,176173
2026-08-19,NASDAQ:NEWT,12.91,12.5,12.9,12.6,1.0,311504
2026-08-20,NASDAQ:NEWT,12.52,12.27,12.52,12.5,1.0,247458
2026-08-21,NASDAQ:NEWT,12.64,12.45,12.49,12.53,1.0,328371
2026-08-24,NASDAQ:NEWT,12.68,12.34,12.57,12.37,1.0,216069
2026-08-25,NASDAQ:NEWT,12.5,12.19,12.43,12.45,1.0,336436
2026-07-24,NYSE:EFC,13.43,13.33,13.35,13.37,1.0,780243
2026-07-27,NYSE:EFC,13.51,13.355,13.44,13.36,1.0,821362
2026-07-28,NYSE:EFC,13.605,13.37,13.38,13.55,1.0,1094986
2026-07-29,NYSE:EFC,13.61,13.424000000000001,13.52,13.46,1.0,1097814
2026-07-30,NYSE:EFC,13.5638,13.35,13.55,13.49,1.0,1317584
2026-07-31,NYSE:EFC,13.3801,13.195,13.37,13.28,1.0,1650453
2026-08-03,NYSE:EFC,13.44,13.3,13.315,13.33,1.0,1656851
2026-08-04,NYSE:EFC,13.36,13.205,13.33,13.3,1.0,1089689
2026-08-05,NYSE:EFC,13.29,13.18,13.28,13.24,1.0,987662
2026-08-06,NYSE:EFC,13.3,13.125,13.21,13.14,1.0,1125951
2026-08-07,NYSE:EFC,13.75,13.365,13.45,13.6,1.0,2231603
2026-08-10,NYSE:EFC,13.63,13.34,13.59,13.47,1.0,1350393
2026-08-11,NYSE:EFC,13.695,13.38,13.43,13.6,1.0,1323447
2026-08-12,NYSE:EFC,13.725,13.56,13.65,13.62,1.0,983005
2026-08-13,NYSE:EFC,13.72,13.62,13.65,13.68,1.0,821587
2026-08-14,NYSE:EFC,13.77,13.645,13.68,13.67,1.0,1023044
2026-08-17,NYSE:EFC,13.7426,13.545,13.62,13.59,1.0,755160
2026-08-18,NYSE:EFC,13.645,13.53,13.63,13.61,1.0,789034
2026-08-19,NYSE:EFC,13.82,13.67,13.75,13.71,1.0,1078545
2026-08-20,NYSE:EFC,13.7,13.54,13.67,13.62,1.0,812526
2026-08-21,NYSE:EFC,13.69,13.61,13.69,13.63,1.0,789527
2026-08-24,NYSE:EFC,13.67,13.57,13.64,13.62,1.0,850647
2026-08-25,NYSE:EFC,13.6783,13.55,13.65,13.58,1.0,978637
2026-07-24,NYSE:PFE,24.75,24.51,24.62,24.54,1.0,28905660
2026-07-27,NYSE:PFE,24.875,24.4417,24.57,24.67,1.0,38355183
2026-07-28,NYSE:PFE,25.5,24.94,24.97,25.25,1.0,49942743
2026-07-29,NYSE:PFE,25.37,25.061,25.35,25.15,1.0,30394967
2026-07-30,NYSE:PFE,24.975,24.55,24.835,24.91,1.0,44954469
2026-07-31,NYSE:PFE,25.18,24.67,24.82,25.01,1.0,45080173
2026-08-03,NYSE:PFE,25.39,24.865,25.15,25.03,1.0,40645813
2026-08-04,NYSE:PFE,25.64,24.7,25.04,25.41,1.0,62189547
2026-08-05,NYSE:PFE,25.81,25.3,25.5,25.81,1.0,47058338
2026-08-06,NYSE:PFE,26.2,25.81,26.01,26.2,1.0,51074467
2026-08-07,NYSE:PFE,26.76,26.0503,26.22,26.76,1.0,42744071
2026-08-10,NYSE:PFE,27.19,26.52,26.585,27.05,1.0,49786755
2026-08-11,NYSE:PFE,27.2,26.47,26.94,26.62,1.0,37943593
2026-08-12,NYSE:PFE,26.435,26.18,26.385,26.31,1.0,32591426
2026-08-13,NYSE:PFE,26.95,26.41,26.49,26.8,1.0,35355834
2026-08-14,NYSE:PFE,26.915,26.42,26.66,26.79,1.0,23174152
2026-08-17,NYSE:PFE,27.02,26.55,26.76,26.87,1.0,29261200
2026-08-18,NYSE:PFE,27.395,27.1,27.15,27.25,1.0,34660086
2026-08-19,NYSE:PFE,28.435,27.58,27.6,28.24,1.0,59804172
2026-08-20,NYSE:PFE,28.16,27.645,28.0,27.79,1.0,29297031
2026-08-21,NYSE:PFE,28.425,27.655,27.77,28.07,1.0,37109565
2026-08-24,NYSE:PFE,28.1561,27.81,28.1,27.97,1.0,23845604
2026-08-25,NYSE:PFE,28.58,27.84,27.92,28.565,1.0,30904568
2026-07-24,NYSE:ACCO,4.06,3.9101,3.97,4.0,1.0,586513
2026-07-27,NYSE:ACCO,4.155,4.04,4.04,4.13,1.0,527476
2026-07-28,NYSE:ACCO,4.36,4.195,4.2,4.35,1.0,853728
2026-07-29,NYSE:ACCO,4.39,4.26,4.34,4.33,1.0,669096
2026-07-30,NYSE:ACCO,4.37,4.16,4.32,4.23,1.0,643335
2026-07-31,NYSE:ACCO,4.37,4.165,4.23,4.22,1.0,710558
2026-08-03,NYSE:ACCO,4.5584,4.26,4.26,4.32,1.0,854952
2026-08-04,NYSE:ACCO,4.44,4.2501,4.27,4.37,1.0,810031
2026-08-05,NYSE:ACCO,4.475,4.26,4.42,4.36,1.0,824344
2026-08-06,NYSE:ACCO,4.44,4.33,4.35,4.41,1.0,821757
2026-08-07,NYSE:ACCO,4.4275,4.37,4.38,4.41,1.0,442070
2026-08-10,NYSE:ACCO,4.38,4.32,4.36,4.35,1.0,394808
2026-08-11,NYSE:ACCO,4.395,4.28,4.39,4.29,1.0,912595
2026-08-12,NYSE:ACCO,4.34,4.22,4.3,4.32,1.0,393618
2026-08-13,NYSE:ACCO,4.405,4.31,4.34,4.32,1.0,769599
2026-08-14,NYSE:ACCO,4.39,4.275,4.38,4.34,1.0,539956
2026-08-17,NYSE:ACCO,4.29,4.23,4.28,4.23,1.0,658941
2026-08-18,NYSE:ACCO,4.365,4.24,4.28,4.28,1.0,664239
2026-08-19,NYSE:ACCO,4.39,4.3,4.3,4.3,1.0,789755
2026-08-20,NYSE:ACCO,4.31,4.2011,4.27,4.23,1.0,1036347
2026-08-21,NYSE:ACCO,4.26,4.18,4.22,4.24,1.0,598741
2026-08-24,NYSE:ACCO,4.26,4.19,4.24,4.19,1.0,511300
2026-08-25,NYSE:ACCO,4.22,4.09,4.18,4.21,1.0,799630
