Stock,Date,MS Fair Value,MS,Tips Target,Tips Stars,Stars,Current Price,Fair Value,Valid Fair Value,Low Price,High Price,"3 Mths
Target","3 Mths
Target %",Intrinsic Value Basic,Intrinsic Value Basic %,Intrinsic Value Adjusted,Intrinsic Value Adjusted %,🙈 Symbol,"🙈 Google
Symbol",Score,Analyst Target Price,Tip Ranks Difference
NYSE:AA,23 Jun 2026,$55.51,3,$78.71,7,3.19,$44.24,25.48%,,,,$46.14,4.29%,$80.27,81.45%,$86.24,94.94%,AA,NYSE:AA,0.197,$62.48,25.98%
NASDAQ:AAL,28 Jul 2025,$12.45,3,$13.73,1,4.77,$14.48,-14.01%,,,,$0.00,-100.00%,$64.20,343.36%,$93.15,543.32%,AAL,NASDAQ:AAL,-1.000,$19.60,-29.95%
NASDAQ:AAOI,30 Jan 2026,$36.44,3,$38.25,6,5.00,$100.15,-63.62%,,,,$0.00,-100.00%,$98.67,-1.48%,$101.02,0.87%,AAOI,NASDAQ:AAOI,-1.000,$157.30,-75.68%
NASDAQ:AAON,22 Jan 2026,$81.94,2,$119.00,4,2.53,$102.67,-20.19%,,,,$103.68,0.98%,$102.50,-0.16%,$96.32,-6.19%,AAON,NASDAQ:AAON,-0.098,$151.33,-21.36%
NASDAQ:AAPL,19 Jan 2026,$237.95,2,$299.69,8,1.50,$333.02,-28.55%,,,,$321.70,-3.40%,$437.04,31.24%,$452.04,35.74%,AAPL,NASDAQ:AAPL,-0.456,$318.81,-6.00%
NYSE:AAT,22 Apr 2026,$25.97,5,$19.00,3,3.58,$24.30,-21.81%,,,,$25.17,3.58%,$9.51,-60.86%,$29.81,22.66%,AAT,NYSE:AAT,0.463,$23.50,-19.15%
NASDAQ:ABCB,12 Oct 2025,$69.25,3,$77.00,6,,$87.73,-21.06%,,,,,-100.00%,-$2.00,-102.28%,-$2.00,-102.28%,ABCB,NYSE:ABCB,-2.000,,
NYSE:ABCB,19 Nov 2025,$73.43,3,,,2.90,$87.73,-16.30%,,,,$89.77,2.33%,$0.00,-100.00%,$0.00,-100.00%,ABCB,NYSE:ABCB,0.138,$95.17,
NYSE:ABEV,19 Mar 2026,$3.23,4,$3.12,5,3.63,$3.06,1.96%,,,,$3.20,4.58%,$4.39,43.47%,$5.25,71.69%,ABEV,NYSE:ABEV,0.458,$3.36,-7.14%
NYSE:ABM,30 Aug 2025,$55.78,4,$58.40,6,3.01,$47.72,16.89%,,,,$48.88,2.43%,$3.47,-92.73%,$23.04,-51.71%,ABM,NYSE:ABM,0.183,$52.43,11.39%
NYSE:ABT,11 Dec 2025,$121.58,3,$147.38,6,2.85,$103.06,17.97%,,,,$106.05,2.90%,$0.00,-100.00%,$0.00,-100.00%,ABT,NYSE:ABT,0.098,$118.67,24.19%
NYSE:ACCO,28 Apr 2026,$4.93,5,$7.00,6,3.72,$4.00,23.37%,,,,$4.18,4.50%,-$8.38,-309.58%,$1.01,-74.79%,ACCO,NYSE:ACCO,0.431,$7.67,-8.74%
NYSE:ACEL,18 Sep 2025,$12.91,4,$15.00,7,4.44,$12.03,7.29%,,,,$0.00,-100.00%,$13.86,15.18%,$22.59,87.79%,ACEL,NYSE:ACEL,-1.000,$15.50,-3.23%
NASDAQ:ACGL,29 Aug 2025,$97.27,4,$108.00,5,4.14,$103.36,-5.89%,,,,$107.60,4.10%,$211.41,104.54%,$217.43,110.36%,ACGL,NASDAQ:ACGL,0.690,$110.61,-2.36%
NYSE:ACI,21 May 2026,$24.29,3,$22.00,6,3.66,$11.03,99.46%,,,,$11.51,4.35%,-$16.68,-251.21%,$32.35,193.26%,ACI,NYSE:ACI,0.405,$20.25,8.64%
NASDAQ:ACIW,10 Feb 2026,$52.10,5,$63.33,2,3.92,$56.31,-7.48%,,,,$0.00,-100.00%,$75.48,34.04%,$92.75,64.71%,ACIW,NASDAQ:ACIW,-1.000,$66.67,-5.01%
NASDAQ:ACLS,27 May 2026,$130.64,2,$167.25,8,4.33,$134.10,-2.58%,,,,$0.00,-100.00%,$153.54,14.50%,$159.00,18.57%,ACLS,NASDAQ:ACLS,-1.000,$169.67,-1.43%
NASDAQ:ACMR,5 Feb 2026,$52.94,2,$43.25,9,4.06,$84.32,-48.71%,,,,$0.00,-100.00%,$112.47,33.39%,$115.80,37.34%,ACMR,NASDAQ:ACMR,-1.000,$102.14,-57.66%
NYSE:ACN,24 May 2026,$244.46,3,$254.70,8,3.23,$146.99,66.31%,,,,$150.89,2.65%,$385.76,162.44%,$430.91,193.16%,ACN,NYSE:ACN,0.253,$178.89,42.38%
NYSE:ACVA,18 Sep 2025,$10.72,3,,,4.10,$7.73,38.71%,,,,$0.00,-100.00%,$17.59,127.50%,$20.06,159.54%,ACVA,NYSE:ACVA,-1.000,$9.43,
NYSE:ADC,19 Sep 2025,$79.26,4,$81.90,8,,$80.63,-1.70%,,,,,-100.00%,-$2.00,-102.48%,-$2.00,-102.48%,ADC,NYSE:ADC,-2.000,,
NASDAQ:ADEA,5 Feb 2026,$20.67,3,,,,$25.95,-20.33%,,,,,-100.00%,-$2.00,-107.71%,-$2.00,-107.71%,ADEA,NASDAQ:ADEA,-2.000,,
NASDAQ:ADI,4 Jan 2026,$270.08,3,$290.50,7,3.01,$371.86,-27.37%,,,,$387.01,4.07%,$409.84,10.21%,$449.68,20.93%,ADI,NASDAQ:ADI,0.151,$457.73,-36.53%
NASDAQ:ADIL,11 Jul 2025,$0.51,3,,,,$2.71,-81.07%,,,,,-100.00%,-$2.00,-173.80%,-$2.00,-173.80%,ADIL,NASDAQ:ADIL,-2.000,,
NASDAQ:ADP,27 Jan 2026,$279.90,4,$288.80,7,2.94,$250.09,11.92%,,,,$255.87,2.31%,$423.02,69.15%,$488.98,95.52%,ADP,NASDAQ:ADP,0.167,$257.53,12.14%
NASDAQ:ADTN,10 Feb 2026,$10.14,3,$12.50,8,2.67,$9.85,2.95%,,,,$9.92,0.71%,$5.04,-48.85%,$16.92,71.77%,ADTN,NASDAQ:ADTN,-0.036,$18.50,-32.43%
NYSE:AEM,24 Oct 2025,$79.48,1,,,2.63,$145.13,-45.24%,,,,$144.08,-0.72%,$226.28,55.92%,$280.86,93.52%,AEM,NYSE:AEM,-0.054,$220.12,
NASDAQ:AEMD,4 Dec 2025,$7.60,3,,,,$0.58,1210.34%,,,,,-100.00%,-$2.00,-444.83%,-$2.00,-444.83%,AEMD,NASDAQ:AEMD,-2.000,,
NASDAQ:AEP,18 Sep 2025,$104.71,2,,,3.05,$135.54,-22.75%,,,,$139.48,2.91%,$48.66,-64.10%,$73.67,-45.65%,AEP,NASDAQ:AEP,0.208,$145.76,
NYSE:AER,5 Mar 2026,$119.70,1,,,,$151.30,-20.89%,,,,,-100.00%,-$2.00,-101.32%,-$2.00,-101.32%,AER,NYSE:AER,-2.000,,
NYSE:AES,11 Jul 2025,$13.47,3,,,3.30,$14.84,-9.27%,,,,$15.22,2.56%,-$56.98,-483.99%,-$32.16,-316.70%,AES,NYSE:AES,0.329,$15.00,
NASDAQ:AFYA,30 Jun 2026,$16.79,3,$21.00,2,3.18,$13.90,20.82%,20.82%,$16.79,$21.00,$14.29,2.81%,$94.26,578.12%,$115.55,731.33%,AFYA,NASDAQ:AFYA,0.233,$16.84,24.70%
NYSE:AG,12 Aug 2025,$7.66,3,,,5.00,$16.31,-53.07%,,,,$0.00,-100.00%,$31.22,91.42%,$36.93,126.44%,AG,NYSE:AG,-1.000,$24.25,
NYSE:AGI,24 Oct 2025,$19.15,2,,,1.95,$29.58,-35.26%,,,,$29.17,-1.39%,$34.90,17.97%,$42.21,42.68%,AGI,NYSE:AGI,-0.355,$47.50,
NYSE:AGM,11 Nov 2025,$179.75,4,$219.00,5,2.46,$209.51,-14.20%,,,,$207.61,-0.91%,"-$2,819.40",-1445.71%,"-$2,837.49",-1454.35%,AGM,NYSE:AGM,-0.050,$219.67,-0.31%
NASDAQ:AGNC,23 Dec 2025,$10.87,3,$10.31,9,4.01,$10.59,-2.64%,,,,$11.07,4.53%,$0.00,-100.00%,$0.00,-100.00%,AGNC,NASDAQ:AGNC,0.635,$11.22,-8.11%
NYSE:AGO,3 Jan 2025,$100.22,4,$105.33,1,2.68,$85.36,17.41%,,,,$87.32,2.30%,$181.11,112.17%,$181.06,112.11%,AGO,NYSE:AGO,0.042,$91.67,14.90%
NYSE:AGRO,27 Aug 2025,$9.55,4,$9.40,1,3.07,$10.58,-11.15%,,,,$11.02,4.16%,$13.95,31.81%,$30.25,185.89%,AGRO,NYSE:AGRO,0.165,$13.65,-31.14%
NASDAQ:AHCO,3 Dec 2025,$13.94,3,$13.67,6,4.57,$10.76,27.04%,,,,$0.00,-100.00%,$12.32,14.45%,$26.98,150.76%,AHCO,NASDAQ:AHCO,-1.000,$14.14,-3.32%
NYSE:AIG,17 Jul 2025,$84.76,3,$90.60,5,3.23,$79.06,7.21%,,,,$81.08,2.56%,-$126.23,-259.66%,-$62.61,-179.19%,AIG,NYSE:AIG,0.277,$88.55,2.32%
NASDAQ:AIMD,29 Jan 2026,$2.10,3,,,,$1.40,50.29%,,,,,-100.00%,-$2.00,-242.86%,-$2.00,-242.86%,AIMD,NASDAQ:AIMD,-2.000,,
NYSE:AIN,15 Aug 2025,$77.61,3,$66.80,4,3.18,$75.49,-11.51%,,,,$77.98,3.30%,$108.88,44.23%,$79.72,5.61%,AIN,NYSE:AIN,0.329,$58.67,13.86%
NASDAQ:AIP,5 Feb 2026,$16.04,3,$20.50,7,0.72,$30.26,-46.99%,,,,$29.40,-2.84%,$29.28,-3.25%,$30.47,0.69%,AIP,NASDAQ:AIP,-0.874,$38.20,-46.34%
NASDAQ:AIRS,23 Aug 2025,$6.69,3,$5.00,5,4.78,$4.61,8.46%,,,,$0.00,-100.00%,$5.86,27.18%,$7.66,66.13%,AIRS,NASDAQ:AIRS,-1.000,$6.25,-20.00%
NYSE:AIV,20 Jul 2026,$2.91,3,,3,4.80,$2.64,10.23%,10.23%,$2.91,$7.00,$2.82,6.82%,-$2.35,-188.92%,$3.52,33.47%,AIV,NYSE:AIV,0.911,$7.00,
NYSE:AIZ,29 Aug 2025,$221.82,3,$239.50,10,3.03,$276.94,-19.90%,,,,$283.76,2.46%,-$19.07,-106.88%,$66.85,-75.86%,AIZ,NYSE:AIZ,0.201,$293.00,-18.26%
NASDAQ:AKAM,11 Feb 2026,$114.28,5,$103.73,9,4.90,$115.37,-10.09%,,,,$0.00,-100.00%,$110.47,-4.25%,$158.25,37.16%,AKAM,NASDAQ:AKAM,-1.000,$159.30,-34.88%
NYSE:AL,2 Jan 2026,$58.27,3,$66.50,5,,#N/A,#N/A,,,,,#N/A,-$2.00,#N/A,-$2.00,#N/A,AL,NYSE:AL,-2.000,,
NASDAQ:ALAB,27 Jan 2026,$140.56,1,$194.64,5,3.09,$291.58,-51.79%,,,,$0.00,-100.00%,$309.31,6.08%,$310.25,6.40%,ALAB,NASDAQ:ALAB,-1.000,$297.01,-34.47%
NYSE:ALC,27 Aug 2025,$81.45,1,,,2.62,$67.91,19.94%,,,,$68.37,0.68%,$89.68,32.05%,$127.59,87.88%,ALC,NYSE:ALC,-0.031,$87.32,
NYSE:ALEX,18 Nov 2025,$16.62,4,$21.00,5,,#N/A,#N/A,,,,$0.00,#N/A,$20.70,#N/A,$26.13,#N/A,ALEX,NYSE:ALEX,-1.000,$21.00,0.00%
NASDAQ:ALGM,19 Jan 2026,$25.92,2,$39.14,8,4.14,$46.03,-43.70%,,,,$0.00,-100.00%,$49.43,7.39%,$54.22,17.79%,ALGM,NASDAQ:ALGM,-1.000,$56.55,-30.79%
NYSE:ALIT,11 Feb 2026,$3.53,3,$3.67,5,3.08,$18.87,-81.27%,,,,$19.65,4.13%,$41.51,119.98%,$298.02,1479.33%,ALIT,NYSE:ALIT,0.146,$44.00,-91.66%
NYSE:ALL,28 Apr 2026,$199.62,2,$248.30,5,3.28,$259.97,-23.21%,,,,$267.22,2.79%,$539.67,107.59%,$562.67,116.44%,ALL,NYSE:ALL,0.327,$254.64,-2.49%
NYSE:ALLE,24 Oct 2025,$165.38,3,,,2.36,$153.36,7.84%,,,,$153.36,0.00%,$189.75,23.73%,$216.58,41.22%,ALLE,NYSE:ALLE,-0.103,$165.18,
NYSE:ALLY,29 Jun 2026,$48.35,3,$53.00,9,3.12,$42.92,12.66%,12.66%,$48.35,$54.11,$45.57,6.17%,$0.00,-100.00%,$0.00,-100.00%,ALLY,NYSE:ALLY,0.196,$54.11,-2.05%
NASDAQ:ALNT,4 Feb 2026,$50.47,2,,,1.48,$86.78,-41.84%,,,,$85.86,-1.06%,$90.19,3.93%,$111.05,27.97%,ALNT,NASDAQ:ALNT,-0.451,$76.80,
NASDAQ:ALRM,11 Feb 2026,$60.94,3,$85.00,1,3.79,$51.78,17.70%,,,,$0.00,-100.00%,$111.24,114.83%,$127.90,147.00%,ALRM,NASDAQ:ALRM,-1.000,$60.00,41.67%
NASDAQ:ALRS,27 Oct 2025,$24.54,3,$25.63,7,2.95,$32.70,-24.96%,,,,$33.48,2.39%,-$116.20,-455.35%,-$111.05,-439.60%,ALRS,NASDAQ:ALRS,0.188,$31.00,-17.32%
NYSE:ALSN,22 Sep 2025,$99.81,4,$98.14,3,2.76,$122.34,-19.78%,,,,$125.68,2.73%,$98.91,-19.15%,$131.11,7.17%,ALSN,NYSE:ALSN,0.066,$137.30,-28.52%
NASDAQ:ALT,23 Dec 2025,$9.35,5,$13.00,2,5.00,$2.77,237.55%,,,,$0.00,-100.00%,$2.02,-27.05%,$2.03,-26.74%,ALT,NASDAQ:ALT,-1.000,$15.45,-15.86%
NASDAQ:ALTS,12 Aug 2025,$5.33,2,,,,#N/A,#N/A,,,,,#N/A,-$2.00,#N/A,-$2.00,#N/A,ALTS,NASDAQ:ALTS,-2.000,,
NASDAQ:ALVO,23 Aug 2025,$8.66,3,,,5.00,$3.06,183.07%,,,,$0.00,-100.00%,-$0.17,-105.53%,$0.83,-72.88%,ALVO,NASDAQ:ALVO,-1.000,$14.60,
NASDAQ:AMAL,2 Oct 2025,$30.65,3,,1,2.69,$49.44,-38.00%,,,,$49.90,0.93%,$0.00,-100.00%,$0.00,-100.00%,AMAL,NASDAQ:AMAL,0.060,$50.50,
NYSE:AMBP,29 Aug 2025,$5.14,4,,6,3.40,$4.78,7.51%,,,,$5.02,5.02%,$6.06,26.75%,$13.38,179.87%,AMBP,NYSE:AMBP,0.373,$4.91,
NYSE:AMBQ,29 Jan 2026,$40.84,3,,,3.81,$70.28,-41.89%,,,,$0.00,-100.00%,$0.00,-100.00%,$0.00,-100.00%,AMBQ,NYSE:AMBQ,-1.000,$81.67,
NYSE:AMCR,21 May 2026,$52.70,5,$46.80,4,3.73,$44.54,5.07%,,,,$46.05,3.39%,$27.93,-37.30%,$21.38,-52.00%,AMCR,NYSE:AMCR,0.505,$47.99,-2.48%
NASDAQ:AMD,28 Jan 2026,$229.36,2,$286.66,9,3.47,$521.95,-56.06%,,,,$0.00,-100.00%,$609.19,16.71%,$639.83,22.59%,AMD,NASDAQ:AMD,-1.000,$570.60,-49.76%
NYSE:AME,19 Nov 2025,$189.82,2,$220.17,2,2.34,$241.97,-21.55%,,,,$243.32,0.56%,$341.46,41.12%,$370.88,53.28%,AME,NYSE:AME,-0.112,$263.39,-16.41%
NASDAQ:AMPG,9 Feb 2026,$2.53,3,$9.00,7,4.47,$5.41,-53.27%,,,,$0.00,-100.00%,$4.53,-16.28%,$4.64,-14.26%,AMPG,NASDAQ:AMPG,-1.000,$7.00,28.57%
NASDAQ:AMPL,5 Feb 2026,$11.31,4,$15.17,4,5.00,$8.10,39.63%,,,,$0.00,-100.00%,$9.93,22.60%,$10.34,27.65%,AMPL,NASDAQ:AMPL,-1.000,$11.36,33.54%
NYSE:AMPY,20 Mar 2026,$8.49,3,$7.25,8,5.00,$3.94,84.01%,,,,$0.00,-100.00%,$6.12,55.22%,$22.80,478.62%,AMPY,NYSE:AMPY,-1.000,$8.75,-17.14%
NASDAQ:AMSC,29 Oct 2025,$40.66,2,,,5.00,$30.52,33.22%,,,,$0.00,-100.00%,$36.65,20.07%,$39.86,30.59%,AMSC,NASDAQ:AMSC,-1.000,$62.50,
NASDAQ:AMSF,26 Aug 2025,$45.99,3,,,4.48,$30.41,51.22%,,,,$32.58,7.14%,$0.00,-100.00%,$0.00,-100.00%,AMSF,NASDAQ:AMSF,0.818,$35.67,
NYSE:AMTB,19 Nov 2025,$19.34,3,$21.00,4,2.62,$28.50,-32.14%,,,,$29.10,2.11%,-$190.59,-768.73%,-$189.00,-763.17%,AMTB,NYSE:AMTB,0.042,$27.25,-22.94%
NASDAQ:AMTX,4 Sep 2025,$3.19,3,,5,5.00,$1.69,88.52%,,,,$0.00,-100.00%,$0.19,-88.91%,-$4.27,-352.41%,AMTX,NASDAQ:AMTX,-1.000,$13.88,
NASDAQ:AMWD,30 Aug 2025,$86.63,3,,6,,#N/A,#N/A,,,,,#N/A,-$2.00,#N/A,-$2.00,#N/A,AMWD,NASDAQ:AMWD,-2.000,,
NYSE:AMX,23 Jun 2026,$26.38,3,$28.60,8,2.78,$26.01,1.41%,,,,$26.72,2.73%,$36.60,40.73%,$123.16,373.51%,AMX,NYSE:AMX,0.075,$29.21,-2.09%
NYSE:ANF,21 Sep 2025,$118.40,3,,1,3.81,$93.81,26.21%,,,,$0.00,-100.00%,$274.94,193.08%,$127.94,36.38%,ANF,NYSE:ANF,-1.000,$109.09,
NYSE:AON,29 Aug 2025,$347.01,2,,,2.38,$361.70,-4.06%,,,,$359.96,-0.48%,$303.71,-16.03%,$362.83,0.31%,AON,NYSE:AON,-0.096,$393.11,
NYSE:AORT,11 Dec 2025,$47.98,3,$51.71,4,5.00,$25.28,89.79%,,,,$0.00,-100.00%,$24.95,-1.30%,$31.07,22.91%,AORT,NYSE:AORT,-1.000,$42.00,23.12%
NYSE:AOS,14 Jan 2026,$71.54,4,$76.86,8,2.84,$60.78,17.70%,,,,$62.32,2.53%,$117.65,93.57%,$131.32,116.06%,AOS,NYSE:AOS,0.095,$70.55,8.94%
NASDAQ:AOSL,5 Feb 2026,$36.47,3,$24.33,6,5.00,$30.85,-21.13%,,,,$0.00,-100.00%,$36.94,19.75%,$58.28,88.92%,AOSL,NASDAQ:AOSL,-1.000,$47.00,-48.23%
NASDAQ:APA,12 Aug 2025,$28.49,3,,7,3.83,$36.15,-21.20%,,,,$38.17,5.59%,$16.21,-55.16%,$81.22,124.68%,APA,NASDAQ:APA,0.534,$41.62,
NYSE:APAM,25 Feb 2026,$47.32,4,$45.00,6,3.65,$39.34,14.39%,,,,$40.78,3.66%,$181.81,362.16%,$183.95,367.60%,APAM,NYSE:APAM,0.504,$36.75,22.45%
NYSE:APD,30 Aug 2025,$296.29,3,,8,2.91,$297.87,-0.53%,,,,$304.42,2.20%,$164.49,-44.78%,$210.81,-29.23%,APD,NYSE:APD,0.132,$337.05,
NASDAQ:APEI,15 Oct 2025,$34.52,3,,,0.65,$47.71,-27.65%,,,,$45.97,-3.65%,$188.22,294.51%,$200.20,319.62%,APEI,NASDAQ:APEI,-0.912,$62.17,
NYSE:APH,22 Jan 2026,$121.05,1,$163.27,10,1.74,$152.67,-20.71%,,,,$151.56,-0.73%,$0.00,-100.00%,$0.00,-100.00%,APH,NYSE:APH,-0.413,$189.39,-13.79%
NASDAQ:API,24 Aug 2025,$3.05,3,,,,$3.85,-20.91%,,,,,-100.00%,-$2.00,-151.95%,-$2.00,-151.95%,API,NASDAQ:API,-2.000,,
NASDAQ:APOG,5 May 2025,$66.39,5,,2,3.20,$40.74,62.96%,,,,$42.18,3.53%,$29.25,-28.21%,$52.16,28.04%,APOG,NASDAQ:APOG,0.273,$44.00,
NYSE:AQN,26 Aug 2025,$6.14,4,,8,2.32,$6.10,0.71%,,,,$6.03,-1.15%,-$4.49,-173.60%,-$4.01,-165.77%,AQN,NYSE:AQN,-0.127,$6.75,
NYSE:AR,20 Aug 2025,$31.31,3,,,4.83,$35.28,-11.26%,,,,$0.00,-100.00%,$96.66,173.98%,$122.03,245.90%,AR,NYSE:AR,-1.000,$48.20,
NASDAQ:ARAI,10 Feb 2026,$3.71,3,,,,$0.29,1180.31%,,,,,-100.00%,-$2.00,-789.66%,-$2.00,-789.66%,ARAI,NASDAQ:ARAI,-2.000,,
NASDAQ:ARAY,11 Dec 2025,$1.27,4,$4.00,4,,$0.24,429.17%,,,,,-100.00%,-$2.00,-933.33%,-$2.00,-933.33%,ARAY,NASDAQ:ARAY,-2.000,,
NASDAQ:ARCC,30 Mar 2026,$19.78,3,$20.83,9,3.83,$18.78,5.30%,,,,$19.49,3.78%,$13.88,-26.09%,$14.76,-21.42%,ARCC,NASDAQ:ARCC,0.545,$20.62,1.02%
NYSE:ARCO,29 Aug 2025,$10.31,3,,9,2.95,$8.22,25.39%,,,,$8.55,4.01%,-$4.13,-150.26%,$5.21,-36.67%,ARCO,NYSE:ARCO,0.093,$11.32,
NASDAQ:ARHS,7 Jul 2025,$13.03,3,,4,3.65,$7.91,64.69%,,,,$0.00,-100.00%,$6.76,-14.48%,$17.52,121.52%,ARHS,NASDAQ:ARHS,-1.000,$8.94,
NASDAQ:ARKO,26 Aug 2025,$6.50,3,,,2.76,$7.93,-17.97%,,,,$8.27,4.29%,-$8.22,-203.67%,-$7.48,-194.34%,ARKO,NASDAQ:ARKO,0.049,$9.50,
NASDAQ:ARLP,29 Jun 2026,$24.48,1,,,3.49,$24.71,-0.93%,-0.93%,$24.48,$31.00,$25.57,3.48%,$25.90,4.80%,$50.00,102.34%,ARLP,NASDAQ:ARLP,0.362,$31.00,
NASDAQ:ARM,19 Jan 2026,$90.86,2,$170.59,1,,$260.01,-65.05%,,,,,-100.00%,-$2.00,-100.77%,-$2.00,-100.77%,ARM,NASDAQ:ARM,-2.000,,
NASDAQ:AROW,2 Oct 2025,$52.81,3,$48.67,4,3.51,$39.45,23.37%,,,,$40.86,3.57%,-$157.78,-499.96%,-$153.07,-488.01%,AROW,NASDAQ:AROW,0.416,$41.00,18.71%
NYSE:ARX,13 Nov 2025,$14.59,3,,,4.71,$14.23,2.54%,,,,$0.00,-100.00%,$0.00,-100.00%,$0.00,-100.00%,ARX,NYSE:ARX,-1.000,$19.11,
NYSE:ASB,10 Apr 2025,$23.54,5,,6,3.42,$30.81,-23.60%,,,,$31.93,3.64%,-$137.29,-545.61%,-$128.13,-515.86%,ASB,NYSE:ASB,0.369,$33.11,
NYSE:ASGN,20 Feb 2026,$71.47,3,$56.80,5,,#N/A,#N/A,,,,,#N/A,-$2.00,#N/A,-$2.00,#N/A,ASGN,NYSE:ASGN,-2.000,,
NYSE:ASH,14 May 2025,$83.18,3,,4,3.33,$66.40,25.28%,,,,$69.50,4.67%,$50.54,-23.89%,$105.28,58.56%,ASH,NYSE:ASH,0.335,$70.00,
NASDAQ:ASML,30 Aug 2025,$871.20,3,,10,3.34,"$1,757.09",-50.42%,,,,"$1,841.78",4.82%,"$2,232.54",27.06%,"$2,279.51",29.73%,ASML,NASDAQ:ASML,0.304,"$2,113.33",
NASDAQ:ASPI,19 Nov 2025,$6.33,3,$13.00,3,,$3.87,63.66%,,,,,-100.00%,-$2.00,-151.68%,-$2.00,-151.68%,ASPI,NASDAQ:ASPI,-2.000,,
NYSE:ASR,10 Jul 2025,$344.93,4,,7,3.46,$267.76,28.82%,,,,$276.71,3.34%,-$576.69,-315.37%,-$482.09,-280.04%,ASR,NYSE:ASR,0.333,$355.09,
NASDAQ:ASTS,29 Jan 2026,$76.75,2,$91.68,6,5.00,$56.20,36.57%,,,,$0.00,-100.00%,$49.70,-11.56%,$50.24,-10.61%,ASTS,NASDAQ:ASTS,-1.000,$83.32,10.03%
NYSE:ASX,19 Jan 2026,$16.81,2,,,3.26,$36.84,-54.37%,,,,$39.39,6.92%,$26.36,-28.43%,$28.41,-22.89%,ASX,NYSE:ASX,0.282,$42.47,
NASDAQ:ATEC,11 Dec 2025,$16.73,3,$23.17,2,5.00,$8.26,102.54%,,,,$0.00,-100.00%,$5.15,-37.61%,$7.13,-13.71%,ATEC,NASDAQ:ATEC,-1.000,$15.92,45.54%
NYSE:ATEN,20 Jan 2026,$18.80,3,$23.25,7,2.87,$34.27,-45.14%,,,,$35.70,4.17%,$38.70,12.94%,$33.22,-3.07%,ATEN,NYSE:ATEN,0.132,$35.60,-34.69%
NYSE:ATGE,15 Oct 2025,$131.23,2,,,,#N/A,#N/A,,,,,#N/A,-$2.00,#N/A,-$2.00,#N/A,ATGE,NYSE:ATGE,-2.000,,
NYSE:ATI,30 Aug 2025,$63.00,2,,7,3.06,$197.80,-68.15%,,,,$0.00,-100.00%,$206.39,4.34%,$225.03,13.76%,ATI,NYSE:ATI,-1.000,$200.33,
NASDAQ:ATOM,10 Feb 2026,$5.03,3,,1,5.00,$5.18,-2.81%,,,,$0.00,-100.00%,$4.50,-13.11%,$4.58,-11.62%,ATOM,NASDAQ:ATOM,-1.000,$10.00,
NYSE:ATS,31 Oct 2025,$26.18,3,,,0.47,$26.42,-0.91%,,,,$24.35,-7.83%,$37.41,41.59%,$50.37,90.63%,ATS,NYSE:ATS,-0.996,$35.00,
NYSE:AU,20 Aug 2025,$29.75,2,,,3.60,$79.67,-62.66%,,,,$83.11,4.32%,$224.47,181.75%,$229.08,187.53%,AU,NYSE:AU,0.378,$114.12,
NYSE:AUB,20 Jan 2026,$40.52,3,$42.50,6,2.86,$42.23,-4.05%,,,,$43.44,2.87%,$0.00,-100.00%,$0.00,-100.00%,AUB,NYSE:AUB,0.110,$47.00,-9.57%
NASDAQ:AUDC,26 Mar 2026,$12.39,3,$12.50,5,2.81,$9.58,29.32%,,,,$9.73,1.57%,$19.93,108.01%,$21.51,124.57%,AUDC,NASDAQ:AUDC,0.047,$12.50,0.00%
NASDAQ:AUR,5 Feb 2026,$5.15,3,,,5.00,$5.95,-13.51%,,,,$0.00,-100.00%,$5.00,-16.02%,$5.03,-15.39%,AUR,NASDAQ:AUR,-1.000,$11.22,
NYSE:AVB,18 Sep 2025,$217.02,5,,7,3.12,$189.61,14.45%,,,,$197.26,4.03%,$256.94,35.51%,$346.14,82.55%,AVB,NYSE:AVB,0.238,$201.44,
NASDAQ:AVGO,26 May 2026,$447.08,3,$478.56,9,2.34,$381.92,17.06%,,,,$382.39,0.12%,$499.03,30.66%,$528.61,38.41%,AVGO,NASDAQ:AVGO,-0.178,$525.44,-8.92%
NYSE:AVNS,11 Dec 2025,$18.52,3,,5,0.87,$24.99,-25.89%,,,,$24.77,-0.88%,$41.95,67.87%,$48.84,95.45%,AVNS,NYSE:AVNS,-0.656,$14.00,
NASDAQ:AVNW,23 Jul 2026,$28.01,3,$32.00,7,5.00,$20.25,38.32%,38.32%,$28.01,$32.00,$0.00,-100.00%,$56.63,179.66%,$62.39,208.08%,AVNW,NASDAQ:AVNW,-1.000,$31.62,1.20%
NASDAQ:AVT,30 Aug 2025,$60.84,5,,1,2.76,$89.42,-31.96%,,,,$92.13,3.03%,$72.58,-18.83%,$88.50,-1.03%,AVT,NASDAQ:AVT,0.092,$89.50,
NASDAQ:AVTX,23 Dec 2025,$33.36,4,$37.40,3,5.00,$18.44,80.91%,,,,$0.00,-100.00%,$16.13,-12.55%,$16.14,-12.49%,AVTX,NASDAQ:AVTX,-1.000,$44.69,-16.31%
NYSE:AVY,30 Aug 2025,$186.52,3,,1,2.96,$160.90,15.92%,,,,$164.47,2.22%,$143.08,-11.08%,$187.70,16.66%,AVY,NYSE:AVY,0.130,$199.60,
NYSE:AX,19 Nov 2025,$76.16,3,$103.25,5,,$95.83,-20.53%,,,,,-100.00%,-$2.00,-102.09%,-$2.00,-102.09%,AX,NYSE:AX,-2.000,,
NYSE:B,24 Oct 2025,$29.72,2,,,3.20,$37.11,-19.91%,,,,$38.51,3.77%,$90.23,143.14%,$109.64,195.45%,B,NYSE:B,0.202,$53.31,
NYSE:BA,9 Apr 2025,$179.31,5,,9,1.36,$209.52,-14.42%,,,,$207.27,-1.07%,$105.64,-49.58%,$89.74,-57.17%,BA,NYSE:BA,-0.592,$270.08,
NYSE:BABA,20 Aug 2025,$133.65,4,,7,2.12,$112.14,19.18%,,,,$112.38,0.21%,$243.77,117.38%,$514.45,358.76%,BABA,NYSE:BABA,-0.278,$190.08,
NYSE:BAC,14 Aug 2025,$45.19,3,,6,3.00,$62.05,-27.18%,,,,$63.55,2.42%,$0.00,-100.00%,$0.00,-100.00%,BAC,NYSE:BAC,0.178,$68.11,
NYSE:BALL,20 Aug 2025,$67.98,3,,6,2.65,$63.84,6.49%,,,,$64.87,1.61%,$108.98,70.72%,$148.49,132.60%,BALL,NYSE:BALL,0.018,$71.14,
NYSE:BANC,19 Nov 2025,$18.77,3,$20.69,3,3.06,$21.28,-11.80%,,,,$22.02,3.48%,-$165.19,-876.29%,-$157.64,-840.81%,BANC,NYSE:BANC,0.209,$23.14,-10.59%
NASDAQ:BANF,1 Jun 2026,$118.00,3,$125.00,2,2.60,$116.58,1.21%,,,,$119.99,2.93%,$0.00,-100.00%,$0.00,-100.00%,BANF,NASDAQ:BANF,0.007,$124.33,0.54%
NASDAQ:BANR,19 Nov 2025,$63.81,3,$71.50,3,3.14,$70.29,-9.22%,,,,$72.04,2.49%,$0.00,-100.00%,$0.00,-100.00%,BANR,NASDAQ:BANR,0.250,$74.40,-3.90%
NYSE:BAP,27 May 2026,$279.24,2,,,,$388.42,-28.11%,,,,,-100.00%,-$2.00,-100.51%,-$2.00,-100.51%,BAP,NYSE:BAP,-2.000,,
NYSE:BB,18 Aug 2025,$3.38,3,,6,3.69,$8.54,-60.44%,,,,$0.00,-100.00%,$8.05,-5.73%,$8.50,-0.48%,BB,NYSE:BB,-1.000,$9.71,
NYSE:BBAI,9 Feb 2026,$4.92,3,$6.33,2,5.00,$2.76,78.26%,,,,$0.00,-100.00%,$3.06,10.76%,$3.07,11.07%,BBAI,NYSE:BBAI,-1.000,$5.00,26.60%
NYSE:BBD,1 Jun 2026,$3.72,3,,5,3.69,$3.60,3.39%,,,,$3.77,4.72%,$75.91,2008.68%,$80.41,2133.53%,BBD,NYSE:BBD,0.457,$4.40,
NASDAQ:BBNX,11 Dec 2025,$41.35,4,,,,$15.85,160.88%,,,,,-100.00%,-$2.00,-112.62%,-$2.00,-112.62%,BBNX,NASDAQ:BBNX,-2.000,,
NYSE:BBT,19 Nov 2025,$27.72,3,,,2.86,$30.14,-8.03%,,,,$31.11,3.22%,$0.00,-100.00%,$0.00,-100.00%,BBT,NYSE:BBT,0.113,$33.67,
NYSE:BBVA,9 Sep 2025,$17.20,3,,9,3.87,$25.95,-33.70%,,,,$26.97,3.93%,-$1.84,-107.11%,-$23.60,-190.96%,BBVA,NYSE:BBVA,0.603,$23.79,
NYSE:BBW,15 Aug 2025,$41.34,2,,8,3.57,$33.70,22.67%,,,,$35.28,4.69%,$85.49,153.68%,$104.58,210.33%,BBW,NYSE:BBW,0.363,$61.25,
NYSE:BBWI,24 Mar 2026,$46.95,3,$23.83,5,3.51,$19.90,19.75%,,,,$20.76,4.32%,$31.44,58.01%,$43.54,118.80%,BBWI,NYSE:BBWI,0.367,$25.13,-5.17%
NYSE:BBY,30 Aug 2025,$87.98,3,,5,3.83,$85.43,2.98%,,,,$89.05,4.24%,$83.28,-2.52%,$120.16,40.65%,BBY,NYSE:BBY,0.585,$79.15,
NYSE:BCH,19 Nov 2025,$33.72,2,,,4.02,$40.72,-17.19%,,,,$42.86,5.26%,$20.89,-48.71%,$23.86,-41.40%,BCH,NYSE:BCH,0.666,$38.59,
NYSE:BCS,19 Aug 2025,$17.24,2,,,2.70,$27.91,-38.22%,,,,$28.60,2.47%,-$46.32,-265.96%,-$46.32,-265.96%,BCS,NYSE:BCS,0.055,$29.19,
NYSE:BCSF,25 Feb 2026,$14.48,3,$15.00,6,3.91,$12.36,17.17%,,,,$13.11,6.07%,$6.45,-47.79%,$6.40,-48.24%,BCSF,NYSE:BCSF,0.580,$13.83,8.46%
NYSE:BDC,27 Jan 2026,$129.16,4,$147.50,3,,$102.76,25.69%,,,,,-100.00%,-$2.00,-101.95%,-$2.00,-101.95%,BDC,NYSE:BDC,-2.000,,
NASDAQ:BELFA,26 Jan 2026,$136.39,2,,,1.27,$233.15,-41.50%,,,,$229.08,-1.75%,$307.42,31.86%,$420.81,80.49%,BELFA,NASDAQ:BELFA,-0.652,$322.00,
NASDAQ:BELFB,26 Jan 2026,$149.36,2,,,0.79,$272.80,-45.25%,,,,$267.39,-1.98%,$285.78,4.76%,$305.59,12.02%,BELFB,NASDAQ:BELFB,-0.821,$320.56,
NYSE:BF.A,24 May 2026,$36.21,3,,,3.01,$26.71,35.57%,,,,$27.48,2.88%,$59.15,121.44%,$64.58,141.77%,BF.A,NYSE:BF.A,0.203,,
NYSE:BF.B,26 Mar 2026,$32.79,5,,,3.09,$26.08,25.74%,,,,$26.77,2.65%,$44.89,72.12%,$48.04,84.21%,BF.B,NYSE:BF.B,0.225,$27.79,
NYSE:BFAM,1 Sep 2025,$119.95,3,,8,4.01,$75.77,58.30%,,,,$0.00,-100.00%,$131.30,73.29%,$160.57,111.92%,BFAM,NYSE:BFAM,-1.000,$91.00,
NASDAQ:BFC,21 Oct 2025,$117.45,3,$137.00,6,3.21,$150.78,-22.10%,,,,$155.18,2.92%,$0.00,-100.00%,$0.00,-100.00%,BFC,NASDAQ:BFC,0.279,$161.00,-14.91%
NYSE:BFLY,16 Dec 2025,$4.29,3,$4.25,7,3.36,$6.58,-35.41%,,,,$0.00,-100.00%,$7.22,9.74%,$7.54,14.59%,BFLY,NYSE:BFLY,-1.000,$7.06,-39.80%
NYSE:BFS,23 Dec 2025,$44.26,3,,5,3.88,$35.68,24.05%,,,,$37.04,3.81%,-$14.04,-139.35%,$10.19,-71.45%,BFS,NYSE:BFS,0.541,$43.50,
NASDAQ:BFST,27 May 2026,$30.53,3,$33.00,3,2.78,$31.16,-2.01%,,,,$31.02,-0.45%,-$142.51,-557.36%,-$139.35,-547.21%,BFST,NASDAQ:BFST,0.092,$32.60,1.23%
NYSEAMERICAN:BHB,10 Oct 2025,$29.37,1,,,,$39.02,-24.73%,,,,,-100.00%,-$2.00,-105.13%,-$2.00,-105.13%,BHB,NYSEAMERICAN:BHB,-2.000,,
NYSE:BHE,2 Feb 2026,$52.61,3,$56.00,6,2.78,$81.10,-35.13%,,,,$85.96,5.99%,$95.71,18.01%,$108.53,33.82%,BHE,NYSE:BHE,0.109,$78.00,-28.21%
NYSE:BHP,11 Dec 2025,$58.46,3,$49.75,6,,$83.72,-40.58%,,,,,-100.00%,-$2.00,-102.39%,-$2.00,-102.39%,BHP,NYSE:BHP,-2.000,,
NASDAQ:BHRB,19 Nov 2025,$66.02,3,$72.00,5,2.73,$70.47,-6.31%,,,,$72.09,2.30%,-$201.22,-385.53%,-$183.96,-361.05%,BHRB,NASDAQ:BHRB,0.065,$74.75,-3.68%
NYSE:BIO,11 Dec 2025,$345.93,4,$357.50,4,2.72,$314.46,10.01%,,,,$0.00,-100.00%,$383.58,21.98%,$476.33,51.48%,BIO,NYSE:BIO,-1.000,$297.00,20.37%
NYSE:BIRK,8 Mar 2026,$48.62,3,$58.44,5,0.92,$40.63,19.67%,,,,$39.68,-2.34%,$33.13,-18.45%,$46.00,13.21%,BIRK,NYSE:BIRK,-0.782,$51.56,13.34%
NYSE:BJ,20 Aug 2025,$90.76,0,,1,3.44,$92.94,-2.35%,,,,$0.00,-100.00%,$83.72,-9.92%,$70.26,-24.40%,BJ,NYSE:BJ,-1.000,$101.10,
NYSE:BKD,30 Aug 2025,$9.20,4,,6,0.64,$15.15,-39.27%,,,,$14.13,-6.73%,-$5.83,-138.49%,$4.60,-69.64%,BKD,NYSE:BKD,-0.915,$19.58,
NYSE:BKE,13 Apr 2026,$50.82,3,$53.00,5,3.87,$42.47,19.66%,,,,$44.26,4.21%,$65.95,55.28%,$70.80,66.71%,BKE,NYSE:BKE,0.565,$47.00,12.77%
NASDAQ:BKR,30 Jun 2026,$56.35,3,$74.62,6,3.10,$57.25,-1.58%,-1.58%,$56.35,$74.62,$59.42,3.79%,$52.66,-8.01%,$70.08,22.42%,BKR,NASDAQ:BKR,0.195,$70.32,6.11%
NYSEAMERICAN:BKTI,10 Feb 2026,$81.00,,,8,,$77.91,3.97%,,,,,-100.00%,-$2.00,-102.57%,-$2.00,-102.57%,BKTI,NYSEAMERICAN:BKTI,-2.000,,
NYSE:BKU,19 Nov 2025,$43.87,3,,,3.00,$46.47,-5.60%,,,,$48.58,4.54%,$0.00,-100.00%,$0.00,-100.00%,BKU,NYSE:BKU,0.173,$52.45,
NASDAQ:BL,29 Jan 2026,$60.96,4,$59.00,6,5.00,$28.74,105.29%,,,,$0.00,-100.00%,$50.85,76.94%,$61.39,113.59%,BL,NASDAQ:BL,-1.000,$41.45,42.34%
NYSE:BLD,30 Aug 2025,$467.93,3,,3,,#N/A,#N/A,,,,,#N/A,-$2.00,#N/A,-$2.00,#N/A,BLD,NYSE:BLD,-2.000,,
NASDAQ:BLDP,29 Oct 2025,$3.68,3,$2.20,5,5.00,$2.90,-24.14%,,,,$0.00,-100.00%,$4.18,44.15%,$4.36,50.34%,BLDP,NASDAQ:BLDP,-1.000,$4.44,-50.45%
NYSE:BLK,27 Aug 2025,"$1,027.97",2,,,2.31,"$1,055.67",-2.62%,,,,"$1,043.97",-1.11%,$0.00,-100.00%,$0.00,-100.00%,BLK,NYSE:BLK,-0.161,"$1,313.50",
NASDAQ:BLKB,19 Nov 2025,$76.27,3,$75.00,4,5.00,$32.71,129.29%,,,,$0.00,-100.00%,$45.61,39.43%,$69.25,111.70%,BLKB,NASDAQ:BLKB,-1.000,$48.00,56.25%
NYSE:BLND,27 Jan 2026,$3.86,3,$4.19,7,5.00,$1.69,128.42%,,,,$0.00,-100.00%,$1.31,-22.61%,$1.60,-5.60%,BLND,NYSE:BLND,-1.000,$3.58,17.04%
NASDAQ:BLNK,23 Dec 2025,$0.94,3,,6,,$0.52,80.77%,,,,,-100.00%,-$2.00,-484.62%,-$2.00,-484.62%,BLNK,NASDAQ:BLNK,-2.000,,
NYSE:BLSH,13 Nov 2025,$55.70,3,,,5.00,$23.96,132.45%,,,,$0.00,-100.00%,$0.00,-100.00%,$0.00,-100.00%,BLSH,NYSE:BLSH,-1.000,$44.28,
NYSE:BLX,19 Nov 2025,$40.42,3,,,3.46,$59.64,-32.23%,,,,$61.82,3.66%,-$147.74,-347.72%,-$147.45,-347.23%,BLX,NYSE:BLX,0.384,$64.65,
NASDAQ:BLZE,27 Jan 2026,$6.36,3,$9.00,6,1.03,$11.61,-45.20%,,,,$11.36,-2.15%,$11.55,-0.50%,$15.91,37.04%,BLZE,NASDAQ:BLZE,-0.744,$15.17,-40.67%
NYSE:BMI,28 Jan 2026,$175.41,3,$204.00,3,2.11,$126.32,38.86%,,,,$124.77,-1.23%,$171.25,35.57%,$178.87,41.60%,BMI,NYSE:BMI,-0.250,$158.33,28.84%
NASDAQ:BMRC,19 Nov 2025,$27.20,3,$29.50,7,2.57,$28.77,-5.46%,,,,$29.40,2.19%,-$167.77,-683.13%,-$166.42,-678.44%,BMRC,NASDAQ:BMRC,0.004,$29.20,1.03%
NYSE:BN,26 Aug 2024,$55.96,2,,,2.50,$41.67,34.30%,,,,$41.67,0.00%,-$91.66,-319.96%,-$58.56,-240.52%,BN,NYSE:BN,-0.092,$54.30,
NYSE:BNS,19 Aug 2025,$55.34,3,,,3.69,$87.00,-36.39%,,,,$90.10,3.56%,-$125.11,-243.81%,-$108.74,-224.99%,BNS,NYSE:BNS,0.510,$86.18,
NYSE:BOH,16 Apr 2026,$78.42,3,$83.80,3,3.35,$83.97,-6.61%,,,,$88.09,4.91%,-$437.05,-620.48%,-$429.79,-611.84%,BOH,NYSE:BOH,0.346,$87.83,-4.59%
NASDAQ:BOKF,1 Jun 2026,$132.35,3,$139.00,2,3.01,$142.28,-6.98%,,,,$146.59,3.03%,$0.00,-100.00%,$0.00,-100.00%,BOKF,NASDAQ:BOKF,0.194,$148.50,-6.40%
NYSE:BOW,19 Sep 2025,$29.01,3,,,0.51,$31.11,-6.75%,,,,$28.63,-7.97%,$74.23,138.60%,$75.19,141.70%,BOW,NYSE:BOW,-0.928,$34.14,
NYSE:BP,18 Aug 2025,$39.40,4,,9,3.68,$43.82,-10.08%,,,,$45.67,4.22%,$23.90,-45.47%,$44.49,1.52%,BP,NYSE:BP,0.486,$47.27,
NASDAQ:BPOP,19 Nov 2025,$104.09,2,,,3.14,$171.73,-39.39%,,,,$178.92,4.19%,-$751.13,-537.39%,-$742.49,-532.36%,BPOP,NASDAQ:BPOP,0.242,$186.20,
NYSE:BR,29 Jan 2026,$214.91,4,$265.40,4,2.45,$148.92,44.32%,,,,$146.90,-1.36%,$262.44,76.23%,$318.09,113.60%,BR,NYSE:BR,-0.132,$206.50,28.52%
NYSEAMERICAN:BRBS,19 Nov 2025,$4.10,,,6,,$3.46,18.50%,,,,,-100.00%,-$2.00,-157.80%,-$2.00,-157.80%,BRBS,NYSEAMERICAN:BRBS,-2.000,,
NASDAQ:BRKR,11 Dec 2025,$76.60,3,$47.88,3,2.17,$60.45,-20.79%,,,,$60.04,-0.68%,$52.24,-13.58%,$70.76,17.06%,BRKR,NASDAQ:BRKR,-0.168,$59.75,-19.87%
NYSE:BROS,14 Jan 2026,$57.62,2,$76.64,9,4.22,$64.00,-9.97%,,,,$0.00,-100.00%,$58.44,-8.68%,$69.32,8.31%,BROS,NYSE:BROS,-1.000,$79.58,-3.69%
NYSE:BSAC,19 Nov 2025,$26.95,3,,,,$33.47,-19.48%,,,,,-100.00%,-$2.00,-105.98%,-$2.00,-105.98%,BSAC,NYSE:BSAC,-2.000,,
NYSE:BSBR,13 Oct 2025,$5.76,3,,5,3.97,$5.30,8.68%,,,,$5.54,4.53%,$70.84,1236.59%,$73.08,1278.82%,BSBR,NYSE:BSBR,0.565,$6.92,
NASDAQ:BSRR,27 May 2026,$37.81,3,$36.50,6,3.18,$41.88,-12.85%,,,,$43.60,4.11%,-$149.69,-457.42%,-$146.87,-450.69%,BSRR,NASDAQ:BSRR,0.276,$42.25,-13.61%
NASDAQ:BSVN,2 Oct 2025,$44.09,3,$53.50,5,2.77,$49.44,-10.82%,,,,$51.10,3.36%,$0.00,-100.00%,$0.00,-100.00%,BSVN,NASDAQ:BSVN,0.061,$57.33,-6.68%
NYSE:BSX,11 Dec 2025,$90.36,2,$126.57,10,5.00,$44.25,104.21%,,,,$0.00,-100.00%,$43.79,-1.04%,$59.26,33.92%,BSX,NYSE:BSX,-1.000,$72.43,74.75%
NASDAQ:BSY,11 Feb 2026,$40.46,5,$48.60,7,1.23,$31.40,28.85%,,,,$30.10,-4.14%,$63.30,101.59%,$66.94,113.20%,BSY,NASDAQ:BSY,-0.678,$44.80,8.48%
NASDAQ:BTCS,23 Dec 2025,$3.00,3,$7.00,7,,$0.99,203.03%,,,,,-100.00%,-$2.00,-302.02%,-$2.00,-302.02%,BTCS,NASDAQ:BTCS,-2.000,,
NASDAQ:BTDR,19 Aug 2025,$10.25,2,,,5.00,$11.56,-11.34%,,,,$0.00,-100.00%,-$12.96,-212.13%,-$12.30,-206.39%,BTDR,NASDAQ:BTDR,-1.000,$22.64,
NYSE:BTI,17 Mar 2026,$55.65,2,,7,,$60.96,-8.72%,,,,,-100.00%,-$2.00,-103.28%,-$2.00,-103.28%,BTI,NYSE:BTI,-2.000,,
NASDAQ:BTOG,18 Aug 2025,$0.57,3,,,,$0.83,-31.69%,,,,,-100.00%,-$2.00,-340.96%,-$2.00,-340.96%,BTOG,NASDAQ:BTOG,-2.000,,
NASDAQ:BULL,2 Sep 2025,$18.16,3,,,,$7.49,142.48%,,,,,-100.00%,-$2.00,-126.70%,-$2.00,-126.70%,BULL,NASDAQ:BULL,-2.000,,
NYSE:BUR,28 Oct 2025,$12.88,3,$21.32,4,2.74,$4.14,211.11%,,,,$4.19,1.21%,$17.20,315.45%,$17.04,311.58%,BUR,NYSE:BUR,-0.003,$8.67,145.91%
NYSE:BURL,25 Jul 2023,$199.81,4,,,3.24,$349.97,-42.91%,,,,$0.00,-100.00%,$377.14,7.76%,$393.09,12.32%,BURL,NYSE:BURL,-1.000,$367.07,
NASDAQ:BUSE,27 May 2026,$28.96,3,$29.33,8,3.34,$29.85,-2.98%,,,,$30.74,2.98%,$0.00,-100.00%,$0.00,-100.00%,BUSE,NASDAQ:BUSE,0.347,$30.57,-4.06%
NASDAQ:BVFL,29 Oct 2025,$15.68,3,,4,,$20.48,-23.44%,,,,,-100.00%,-$2.00,-109.77%,-$2.00,-109.77%,BVFL,NASDAQ:BVFL,-2.000,,
NASDAQ:BWFG,9 Oct 2025,$39.87,3,,,2.91,$62.21,-35.91%,,,,$63.68,2.36%,-$260.15,-518.17%,-$254.92,-509.78%,BWFG,NASDAQ:BWFG,0.179,$56.50,
NYSE:BXP,14 Jan 2026,$81.17,5,$77.89,2,3.46,$69.11,12.70%,,,,$71.00,2.73%,$10.94,-84.18%,$5.23,-92.43%,BXP,NYSE:BXP,0.393,$72.40,7.58%
NYSE:BXSL,19 Aug 2025,$31.13,3,,7,3.70,$23.24,33.96%,,,,$23.97,3.14%,-$3.53,-115.18%,$15.38,-33.84%,BXSL,NYSE:BXSL,0.500,$24.50,
NYSE:BY,28 Apr 2026,$33.91,3,$36.00,7,2.82,$38.60,-12.14%,,,,$40.24,4.25%,-$75.29,-295.04%,-$73.64,-290.79%,BY,NYSE:BY,0.119,$38.60,-6.74%
NYSE:BZH,31 Dec 2025,$31.99,3,$25.00,1,1.77,$33.19,-24.68%,,,,$0.00,-100.00%,$173.87,423.86%,$139.92,321.57%,BZH,NYSE:BZH,-1.000,$25.00,0.00%
NYSE:C,12 Aug 2025,$86.32,3,,,3.36,$132.19,-34.70%,,,,$136.62,3.35%,$0.00,-100.00%,$0.00,-100.00%,C,NYSE:C,0.323,$154.50,
NYSE:CAAP,15 Aug 2025,$22.01,3,,9,4.44,$25.17,-12.57%,,,,$0.00,-100.00%,$51.39,104.16%,$76.52,204.00%,CAAP,NYSE:CAAP,-1.000,$32.43,
NASDAQ:CAC,14 Oct 2025,$41.96,3,$44.00,3,2.93,$54.63,-23.19%,,,,$56.30,3.06%,-$244.61,-547.75%,-$235.05,-530.25%,CAC,NASDAQ:CAC,0.176,$53.25,-17.37%
NYSE:CADE,14 Oct 2025,$37.02,3,,,,#N/A,#N/A,,,,,#N/A,-$2.00,#N/A,-$2.00,#N/A,CADE,NYSE:CADE,-2.000,,
NYSE:CAL,21 Sep 2025,$26.47,3,,1,3.48,$11.78,124.70%,,,,$12.32,4.58%,$8.67,-26.44%,$20.75,76.13%,CAL,NYSE:CAL,0.324,$17.00,
NASDAQ:CALM,11 Jul 2025,$93.94,3,,6,2.88,$90.32,4.01%,,,,$92.77,2.71%,$165.04,82.73%,$188.57,108.78%,CALM,NASDAQ:CALM,0.162,$84.25,
NYSE:CALX,29 Jan 2026,$45.47,2,$82.00,6,0.89,$36.00,26.31%,,,,$34.72,-3.56%,$46.13,28.15%,$50.63,40.63%,CALX,NYSE:CALX,-0.827,$62.33,31.56%
NASDAQ:CAMT,24 Oct 2024,$87.99,4,,,4.35,$147.79,-40.46%,,,,$0.00,-100.00%,$140.99,-4.60%,$140.99,-4.60%,CAMT,NASDAQ:CAMT,-1.000,$187.58,
NYSE:CANG,24 Aug 2025,$4.01,3,,7,,$1.69,137.10%,,,,,-100.00%,-$2.00,-218.34%,-$2.00,-218.34%,CANG,NYSE:CANG,-2.000,,
NASDAQ:CAR,11 Mar 2024,$159.62,3,,,2.35,$159.48,0.08%,,,,$0.00,-100.00%,"-$1,466.16",-1019.34%,-$741.46,-564.92%,CAR,NASDAQ:CAR,-1.000,$138.86,
NASDAQ:CARE,19 Nov 2025,$18.50,3,$22.00,5,0.63,$34.01,-45.60%,,,,$33.02,-2.91%,$616.49,1712.67%,$622.62,1730.70%,CARE,NASDAQ:CARE,-0.829,$30.33,-27.46%
NYSE:CARR,24 Dec 2025,$35.78,3,$48.75,5,3.24,$68.88,-48.05%,,,,$71.17,3.32%,$67.23,-2.40%,$60.38,-12.34%,CARR,NYSE:CARR,0.281,$77.28,-36.92%
NASDAQ:CASH,19 Nov 2025,$71.98,3,$88.00,2,1.27,$85.90,-16.20%,,,,$83.36,-2.96%,$0.00,-100.00%,$0.00,-100.00%,CASH,NASDAQ:CASH,-0.627,$107.50,-18.14%
NYSEAMERICAN:CATX,11 Dec 2025,$2.54,1,$11.92,8,,$2.91,-12.71%,,,,,-100.00%,-$2.00,-168.73%,-$2.00,-168.73%,CATX,NYSEAMERICAN:CATX,-2.000,,
NASDAQ:CATY,27 May 2026,$59.45,3,$53.67,6,2.42,$62.92,-14.70%,,,,$63.03,0.17%,$0.00,-100.00%,$0.00,-100.00%,CATY,NASDAQ:CATY,-0.047,$60.10,-10.70%
NYSE:CAVA,11 Nov 2025,$63.28,3,$72.31,6,5.00,$62.01,2.04%,,,,$0.00,-100.00%,$65.13,5.03%,$75.38,21.56%,CAVA,NYSE:CAVA,-1.000,$93.04,-22.28%
NYSE:CB,18 Sep 2025,$273.39,3,,,2.63,$359.75,-24.01%,,,,$365.98,1.73%,$0.00,-100.00%,$0.00,-100.00%,CB,NYSE:CB,0.031,$364.09,
NASDAQ:CBLL,11 Dec 2025,$36.55,3,$25.00,6,5.00,$16.91,47.84%,,,,$0.00,-100.00%,$14.47,-14.45%,$14.53,-14.06%,CBLL,NASDAQ:CBLL,-1.000,$26.86,-6.92%
NASDAQ:CBNK,23 Dec 2025,$29.70,3,$34.00,3,2.72,$36.13,-17.80%,,,,$37.23,3.04%,-$91.66,-353.69%,-$86.47,-339.34%,CBNK,NASDAQ:CBNK,0.077,$36.25,-6.21%
BATS:CBOE,18 Sep 2025,$214.25,2,,,2.34,$285.07,-24.84%,,,,$284.57,-0.18%,$305.74,7.25%,$324.62,13.88%,CBOE,BATS:CBOE,-0.116,$311.64,
NYSE:CBU,27 Oct 2025,$62.61,3,$63.00,3,3.15,$67.24,-6.88%,,,,$69.47,3.32%,-$147.32,-319.09%,-$135.88,-302.09%,CBU,NYSE:CBU,0.262,$69.17,-8.92%
NYSE:CBZ,7 Jan 2025,$77.57,3,,,3.21,$42.63,81.96%,,,,$0.00,-100.00%,$70.94,66.42%,$89.97,111.06%,CBZ,NYSE:CBZ,-1.000,$44.40,
NASDAQ:CCB,19 Nov 2025,$95.54,3,$127.50,8,0.62,$72.19,32.35%,,,,$69.13,-4.24%,-$55.27,-176.57%,-$50.69,-170.22%,CCB,NASDAQ:CCB,-0.946,$103.75,22.89%
NASDAQ:CCBG,19 Nov 2025,$38.91,3,$47.00,7,2.77,$51.60,-24.59%,,,,$52.97,2.66%,$0.00,-100.00%,$0.00,-100.00%,CCBG,NASDAQ:CCBG,0.103,$50.33,-6.62%
NYSE:CCI,19 Sep 2025,$108.34,5,,6,3.81,$74.90,44.65%,,,,$79.15,5.67%,$0.00,-100.00%,$0.00,-100.00%,CCI,NYSE:CCI,0.489,$98.27,
NYSE:CCK,29 Aug 2025,$107.03,3,,5,2.11,$117.88,-9.20%,,,,$114.31,-3.03%,$0.00,-100.00%,$0.00,-100.00%,CCK,NYSE:CCK,-0.229,$134.79,
NYSE:CCL,23 Jul 2026,$30.88,5,$35.19,7,4.74,$26.33,17.28%,17.28%,$30.88,$35.47,$0.00,-100.00%,$55.76,111.76%,$82.03,211.56%,CCL,NYSE:CCL,-1.000,$35.47,-0.79%
NASDAQ:CCNE,30 Mar 2026,$32.74,3,$35.00,5,2.96,$34.67,-5.57%,,,,$35.51,2.42%,$0.00,-100.00%,$0.00,-100.00%,CCNE,NASDAQ:CCNE,0.178,$35.25,-0.71%
NASDAQ:CCOI,6 Nov 2025,$50.57,3,$44.20,5,3.68,$11.87,272.37%,,,,$13.31,12.13%,-$21.32,-279.59%,-$25.40,-313.97%,CCOI,NASDAQ:CCOI,0.413,$21.27,107.80%
NASDAQ:CCSI,11 Feb 2026,$30.28,4,$37.00,3,3.22,$36.37,-16.74%,,,,$0.00,-100.00%,$134.16,268.88%,$151.56,316.72%,CCSI,NASDAQ:CCSI,-1.000,$38.00,-2.63%
NYSE:CDE,28 Apr 2026,$9.27,2,$26.86,9,5.00,$15.13,-38.72%,,,,$0.00,-100.00%,$22.22,46.88%,$26.78,76.99%,CDE,NYSE:CDE,-1.000,$24.84,8.13%
NASDAQ:CDNS,19 Jan 2026,$321.30,3,$376.64,6,4.07,$326.24,-1.52%,,,,$0.00,-100.00%,$385.12,18.05%,$403.92,23.81%,CDNS,NASDAQ:CDNS,-1.000,$395.94,-4.87%
NYSE:CDP,18 Feb 2026,$33.25,3,$35.60,7,2.17,$38.03,-12.57%,,,,$37.78,-0.66%,$35.59,-6.43%,$32.96,-13.33%,CDP,NYSE:CDP,-0.165,$37.00,-3.78%
NASDAQ:CDW,18 May 2026,$131.51,3,$138.83,9,2.65,$133.82,-1.73%,,,,$136.50,2.00%,$109.60,-18.10%,$132.10,-1.28%,CDW,NASDAQ:CDW,0.014,$152.56,-9.00%
NYSE:CE,28 Mar 2025,$111.30,3,,9,3.31,$46.43,139.72%,,,,$49.07,5.69%,-$67.51,-245.41%,$27.37,-41.04%,CE,NYSE:CE,0.250,$67.50,
NASDAQ:CEG,23 Dec 2025,$300.57,2,$409.82,9,1.62,$274.35,9.56%,,,,$272.56,-0.65%,$196.46,-28.39%,$132.13,-51.84%,CEG,NASDAQ:CEG,-0.480,$357.91,14.50%
NASDAQ:CELC,29 Nov 2024,$21.98,3,,,5.00,$82.62,-73.40%,,,,$0.00,-100.00%,$72.70,-12.01%,$72.70,-12.00%,CELC,NASDAQ:CELC,-1.000,$163.45,
NASDAQ:CENT,9 Apr 2026,$50.35,5,$50.00,5,3.43,$43.75,14.29%,,,,$0.00,-100.00%,"$1,268.93",2800.41%,"$1,417.74",3140.55%,CENT,NASDAQ:CENT,-1.000,$47.50,5.26%
NASDAQ:CENTA,16 Jul 2026,$43.82,5,,,3.82,$38.45,13.97%,13.97%,$43.82,$44.75,$0.00,-100.00%,$268.84,599.20%,$296.83,671.98%,CENTA,NASDAQ:CENTA,-1.000,$44.75,
NASDAQ:CENX,20 Aug 2025,$23.49,3,,9,5.00,$46.21,-49.17%,,,,$0.00,-100.00%,$51.90,12.32%,$43.58,-5.68%,CENX,NASDAQ:CENX,-1.000,$74.00,
NYSE:CEPU,16 Dec 2025,$17.50,3,$17.50,9,,$14.78,18.40%,,,,,-100.00%,-$2.00,-113.53%,-$2.00,-113.53%,CEPU,NYSE:CEPU,-2.000,,
NASDAQ:CERS,11 Dec 2025,$2.70,4,$4.50,4,1.11,$2.93,-7.98%,,,,$2.76,-5.80%,$2.47,-15.73%,$2.57,-12.34%,CERS,NASDAQ:CERS,-0.730,$4.67,-3.64%
NASDAQ:CEVA,10 Feb 2026,$35.04,4,$36.00,5,1.10,$36.35,-3.60%,,,,$35.39,-2.64%,$39.03,7.38%,$39.78,9.44%,CEVA,NASDAQ:CEVA,-0.729,$50.00,-28.00%
NASDAQ:CFFN,1 Jun 2026,$8.16,3,$8.25,6,3.84,$8.65,-5.72%,,,,$9.03,4.39%,-$52.06,-701.87%,-$51.30,-693.11%,CFFN,NASDAQ:CFFN,0.567,$8.83,-6.57%
NYSE:CFG,27 May 2026,$59.16,3,$72.63,6,2.72,$71.88,-17.69%,,,,$73.53,2.30%,$0.00,-100.00%,$0.00,-100.00%,CFG,NYSE:CFG,0.052,$80.06,-9.28%
NASDAQ:CFLT,27 Jan 2026,$37.00,3,$29.10,1,,#N/A,#N/A,,,,,#N/A,-$2.00,#N/A,-$2.00,#N/A,CFLT,NASDAQ:CFLT,-2.000,,
NYSE:CFR,19 Nov 2025,$122.52,3,$139.13,7,2.66,$164.23,-25.40%,,,,$167.92,2.25%,-$478.74,-391.51%,-$462.56,-381.65%,CFR,NYSE:CFR,0.057,$159.00,-12.50%
NASDAQ:CG,19 Nov 2025,$51.54,3,$66.70,6,2.83,$45.40,13.52%,,,,$46.31,2.00%,$24.15,-46.81%,$29.50,-35.02%,CG,NASDAQ:CG,0.074,$55.59,19.99%
NYSE:CGAU,15 Aug 2025,$8.68,4,,7,2.60,$16.19,-46.37%,,,,$16.37,1.11%,$18.31,13.07%,$24.70,52.59%,CGAU,NYSE:CGAU,-0.067,$23.25,
NASDAQ:CGNX,29 Jan 2026,$39.12,3,$45.64,9,3.03,$62.05,-36.95%,,,,$65.10,4.92%,$69.99,12.80%,$71.69,15.53%,CGNX,NASDAQ:CGNX,0.159,$77.60,-41.19%
NASDAQ:CHCO,27 May 2026,$129.27,3,$130.00,4,2.77,$139.62,-7.41%,,,,$142.86,2.32%,-$92.88,-166.52%,-$82.49,-159.08%,CHCO,NASDAQ:CHCO,0.113,$131.40,-1.07%
NYSE:CHCT,24 Aug 2025,$20.57,3,,8,3.70,$18.79,9.49%,,,,$19.49,3.73%,$10.28,-45.27%,$24.83,32.17%,CHCT,NYSE:CHCT,0.506,$19.25,
NYSE:CHD,20 Feb 2024,$80.10,1,,,2.89,$97.64,-17.97%,,,,$99.64,2.05%,$122.64,25.60%,$130.68,33.84%,CHD,NYSE:CHD,0.139,$103.84,
NASDAQ:CHDN,18 Sep 2025,$128.82,3,$132.71,9,1.95,$86.50,48.93%,,,,$83.56,-3.40%,$104.59,20.92%,$136.20,57.46%,CHDN,NASDAQ:CHDN,-0.356,$135.58,-2.12%
NYSE:CHE,3 Jul 2024,$512.61,3,,,1.45,$511.13,0.29%,,,,$495.56,-3.05%,$725.17,41.88%,$787.03,53.98%,CHE,NYSE:CHE,-0.472,$474.00,
NASDAQ:CHEF,3 Sep 2025,$48.50,2,,,,$94.86,-48.87%,,,,,-100.00%,-$2.00,-102.11%,-$2.00,-102.11%,CHEF,NASDAQ:CHEF,-2.000,,
NYSE:CHGG,20 Aug 2025,$2.28,3,,5,2.30,$0.96,137.50%,,,,$0.95,-1.04%,$2.51,161.43%,$9.69,909.78%,CHGG,NYSE:CHGG,-0.200,$2.79,
NYSE:CHH,23 Dec 2025,$119.50,3,$100.00,4,,$110.52,-9.52%,,,,,-100.00%,-$2.00,-101.81%,-$2.00,-101.81%,CHH,NYSE:CHH,-2.000,,
NASDAQ:CHKP,26 Mar 2026,$188.31,3,$200.68,7,3.67,$130.57,44.22%,,,,$0.00,-100.00%,$357.96,174.15%,$370.43,183.70%,CHKP,NASDAQ:CHKP,-1.000,$148.03,35.57%
NASDAQ:CHRD,23 Aug 2024,$167.62,3,,,3.67,$138.36,21.15%,,,,$145.28,5.00%,$198.74,43.64%,$525.28,279.64%,CHRD,NASDAQ:CHRD,0.454,$165.47,
NYSE:CHT,17 Jun 2024,$40.37,3,,,3.24,$42.75,-5.57%,,,,$43.93,2.76%,$58.85,37.66%,$86.56,102.49%,CHT,NYSE:CHT,0.280,$48.08,
NASDAQ:CHX,23 Aug 2024,$37.87,4,,,,#N/A,#N/A,,,,$0.00,#N/A,$0.00,#N/A,$0.00,#N/A,CHX,NASDAQ:CHX,-2.000,$40.80,
NYSE:CIB,6 Oct 2025,$49.03,3,,,3.69,$86.01,-42.99%,,,,$90.98,5.78%,-$625.78,-827.57%,-$586.47,-781.86%,CIB,NYSE:CIB,0.547,$70.64,
NYSE:CIEN,23 Dec 2025,$134.99,1,$248.93,10,5.00,$390.96,-65.47%,,,,$0.00,-100.00%,$470.04,20.23%,$498.94,27.62%,CIEN,NYSE:CIEN,-1.000,$565.71,-56.00%
NASDAQ:CIFR,4 Aug 2025,$6.62,3,$7.06,3,5.00,$23.15,-71.41%,,,,$0.00,-100.00%,$7.79,-66.33%,$8.54,-63.09%,CIFR,NASDAQ:CIFR,-1.000,$32.53,-78.30%
NYSE:CIG,26 Jun 2026,$2.37,4,,5,,$2.13,11.27%,,,,,-100.00%,-$2.00,-193.90%,-$2.00,-193.90%,CIG,NYSE:CIG,-2.000,,
NASDAQ:CINF,19 Sep 2025,$146.60,2,$165.40,6,2.91,$182.81,-19.81%,,,,$186.88,2.23%,$303.94,66.26%,$320.47,75.30%,CINF,NASDAQ:CINF,0.153,$189.17,-12.57%
NYSE:CINT,10 Jun 2026,$5.65,3,$6.94,7,,$3.11,81.80%,,,,,-100.00%,-$2.00,-164.31%,-$2.00,-164.31%,CINT,NYSE:CINT,-2.000,,
NASDAQ:CISS,16 Feb 2026,$2.33,3,,,,$0.52,348.62%,,,,,-100.00%,-$2.00,-484.62%,-$2.00,-484.62%,CISS,NASDAQ:CISS,-2.000,,
NYSE:CL,18 Aug 2025,$84.33,3,$97.40,5,3.56,$90.75,-7.08%,,,,$93.75,3.31%,$125.22,37.98%,$138.37,52.48%,CL,NYSE:CL,0.434,$97.65,-0.26%
NASDAQ:CLBK,8 Oct 2025,$15.20,3,,,1.97,$10.88,39.71%,,,,$0.00,-100.00%,-$79.61,-831.75%,-$78.16,-818.42%,CLBK,NASDAQ:CLBK,-1.000,$8.64,
NYSE:CLF,17 Aug 2025,$12.62,3,$10.78,6,2.46,$11.93,-9.64%,,,,$0.00,-100.00%,$26.04,118.25%,$30.36,154.46%,CLF,NYSE:CLF,-1.000,$10.65,1.22%
NYSE:CLH,9 Apr 2025,$216.05,5,$271.56,9,3.43,$303.74,-28.87%,,,,$0.00,-100.00%,$323.65,6.55%,$273.21,-10.05%,CLH,NYSE:CLH,-1.000,$330.07,-17.73%
NASDAQ:CLMB,26 Jan 2026,$137.18,3,$136.00,4,,$25.46,434.17%,,,,,-100.00%,-$2.00,-107.86%,-$2.00,-107.86%,CLMB,NASDAQ:CLMB,-2.000,,
NASDAQ:CLPT,11 Dec 2025,$12.35,3,$29.00,6,5.00,$14.12,-12.54%,,,,$0.00,-100.00%,$11.42,-19.11%,$11.55,-18.21%,CLPT,NASDAQ:CLPT,-1.000,$28.33,2.36%
NYSE:CLS,19 Jan 2026,$187.07,1,$376.73,10,5.00,$305.28,-38.72%,,,,$0.00,-100.00%,$324.04,6.15%,$346.58,13.53%,CLS,NYSE:CLS,-1.000,$448.00,-15.91%
NYSE:CLVT,2 Feb 2026,$5.35,3,$3.87,4,4.13,$2.04,89.71%,,,,$0.00,-100.00%,-$2.28,-211.54%,$8.04,293.90%,CLVT,NYSE:CLVT,-1.000,$2.50,54.80%
NYSE:CLW,26 Dec 2024,$20.46,,$37.00,5,3.35,$16.82,21.64%,,,,$0.00,-100.00%,$60.59,260.23%,$26.45,57.27%,CLW,NYSE:CLW,-1.000,$18.00,105.56%
NYSE:CLX,13 Apr 2026,$137.41,5,$115.33,4,3.20,$95.55,20.70%,,,,$98.27,2.85%,$153.31,60.45%,$176.06,84.26%,CLX,NYSE:CLX,0.270,$103.94,10.96%
NYSE:CM,10 Sep 2025,$68.57,2,,,2.22,$117.44,-41.61%,,,,$117.55,0.09%,$11.94,-89.83%,$27.88,-76.26%,CM,NYSE:CM,-0.131,$110.34,
NYSE:CMA,19 Nov 2025,$78.08,3,$79.46,6,,#N/A,#N/A,,,,,#N/A,-$2.00,#N/A,-$2.00,#N/A,CMA,NYSE:CMA,-2.000,,
NYSE:CMC,27 Feb 2026,$67.56,3,,,3.15,$68.95,-2.02%,,,,$71.18,3.23%,$56.78,-17.65%,$91.59,32.83%,CMC,NYSE:CMC,0.233,$80.09,
NYSEAMERICAN:CMCL,28 Oct 2025,$29.76,1,$48.00,8,,$18.66,59.49%,,,,,-100.00%,-$2.00,-110.72%,-$2.00,-110.72%,CMCL,NYSEAMERICAN:CMCL,-2.000,,
NASDAQ:CME,24 Oct 2025,$252.85,2,,,2.26,$255.31,-0.96%,,,,$253.96,-0.53%,-$27.08,-110.61%,-$11.99,-104.70%,CME,NASDAQ:CME,-0.152,$280.13,
NYSE:CMI,19 Nov 2025,$437.53,2,$508.60,4,3.08,$664.65,-34.17%,,,,$685.47,3.13%,$593.64,-10.68%,$685.78,3.18%,CMI,NYSE:CMI,0.204,$754.86,-32.62%
NASDAQ:CMPR,23 Aug 2025,$95.87,3,$72.00,5,0.40,$97.78,-26.37%,,,,$91.17,-6.76%,$183.91,88.08%,$190.34,94.66%,CMPR,NASDAQ:CMPR,-0.988,$111.50,-35.43%
NYSE:CMRE,23 Dec 2025,$17.94,5,$12.00,6,3.03,$15.72,-23.66%,,,,$16.16,2.80%,$13.87,-11.75%,$25.00,59.01%,CMRE,NYSE:CMRE,0.141,$21.00,-42.86%
NASDAQ:CNDT,29 Jan 2026,$2.60,3,$7.00,3,5.00,$1.48,75.53%,,,,$0.00,-100.00%,$0.38,-74.45%,-$0.47,-131.73%,CNDT,NASDAQ:CNDT,-1.000,$5.00,40.00%
NYSE:CNH,18 Aug 2025,$16.66,5,$14.39,4,2.20,$11.15,29.06%,,,,$10.76,-3.50%,$1.58,-85.83%,-$9.30,-183.43%,CNH,NYSE:CNH,-0.197,$13.28,8.36%
NYSE:CNM,15 Aug 2025,$59.25,2,,,4.91,$43.62,35.84%,,,,$0.00,-100.00%,$52.13,19.52%,$68.48,57.00%,CNM,NYSE:CNM,-1.000,$60.27,
NYSE:CNMD,11 Dec 2025,$60.78,3,$53.00,2,2.34,$42.68,24.18%,,,,$42.52,-0.37%,$27.18,-36.32%,$38.47,-9.87%,CNMD,NYSE:CNMD,-0.073,$39.00,35.90%
NYSE:CNO,20 Oct 2023,$30.57,5,,,2.99,$53.23,-42.58%,,,,$54.21,1.84%,$0.00,-100.00%,$0.00,-100.00%,CNO,NYSE:CNO,0.200,$51.75,
NASDAQ:CNOB,19 Nov 2025,$25.36,3,,,3.56,$32.36,-21.63%,,,,$33.31,2.94%,$0.00,-100.00%,$0.00,-100.00%,CNOB,NASDAQ:CNOB,0.423,$36.00,
NASDAQ:CNXC,28 Jan 2026,$61.95,4,,,3.23,$22.25,178.41%,,,,$23.33,4.85%,$57.07,156.51%,$188.61,747.68%,CNXC,NASDAQ:CNXC,0.212,$35.25,
NYSE:COF,18 Aug 2025,$1.55,4,$1.15,4,2.75,$202.84,-99.43%,,,,$207.70,2.40%,-$257.51,-226.95%,-$170.70,-184.15%,COF,NYSE:COF,0.031,$257.45,-99.55%
NASDAQ:COFS,1 Jun 2026,$34.09,3,$34.00,7,2.95,$32.72,3.91%,,,,$34.31,4.86%,-$156.77,-579.14%,-$203.12,-720.78%,COFS,NASDAQ:COFS,0.169,$34.33,-0.96%
NYSE:COHR,15 Aug 2025,$108.88,2,$111.93,7,4.93,$282.39,-61.44%,,,,$0.00,-100.00%,$273.58,-3.12%,$302.24,7.03%,COHR,NYSE:COHR,-1.000,$391.45,-71.41%
NASDAQ:COHU,4 Feb 2026,$30.91,3,$32.33,9,4.31,$50.70,-39.03%,,,,$0.00,-100.00%,$54.04,6.59%,$62.97,24.21%,COHU,NASDAQ:COHU,-1.000,$64.00,-49.48%
NASDAQ:COLB,27 May 2026,$30.60,3,$31.75,6,3.86,$31.15,-1.77%,,,,$33.40,7.22%,-$69.27,-322.37%,-$63.96,-305.33%,COLB,NASDAQ:COLB,0.564,$33.64,-5.62%
NASDAQ:COLM,6 Feb 2026,$85.03,3,$62.40,6,3.35,$62.32,0.13%,,,,$64.45,3.42%,$325.69,422.61%,$253.36,306.55%,COLM,NASDAQ:COLM,0.323,$70.83,-11.90%
NASDAQ:COMM,27 Jan 2026,$19.58,1,,,,#N/A,#N/A,,,,,#N/A,-$2.00,#N/A,-$2.00,#N/A,COMM,NASDAQ:COMM,-2.000,,
NYSE:COP,2 Jul 2026,$119.17,5,$146.53,7,3.17,$120.26,-0.91%,-0.91%,$119.17,$146.53,$125.10,4.02%,$122.65,1.99%,$212.16,76.42%,COP,NYSE:COP,0.237,$140.84,4.04%
NASDAQ:CORZ,22 Jan 2026,$21.48,3,$27.60,7,5.00,$22.75,-5.59%,,,,$0.00,-100.00%,$11.53,-49.30%,$13.66,-39.97%,CORZ,NASDAQ:CORZ,-1.000,$33.36,-17.27%
NYSE:COTY,18 Aug 2025,$8.16,3,$6.34,4,3.91,$2.65,139.25%,,,,$0.00,-100.00%,$5.41,104.12%,$10.51,296.68%,COTY,NYSE:COTY,-1.000,$3.13,102.56%
NYSE:CP,13 Nov 2024,$75.90,3,,,2.10,$92.36,-17.82%,,,,$91.88,-0.52%,$82.46,-10.72%,$101.67,10.08%,CP,NYSE:CP,-0.213,$97.34,
NYSE:CPF,16 Apr 2026,$32.84,3,$37.00,6,2.72,$38.65,-15.04%,,,,$40.13,3.83%,-$168.48,-535.92%,-$163.86,-523.96%,CPF,NYSE:CPF,0.057,$41.67,-11.21%
NYSE:CPRI,26 Mar 2026,$38.69,5,$26.00,5,0.63,$15.44,68.39%,,,,$14.62,-5.31%,$41.95,171.71%,$38.84,151.56%,CPRI,NYSE:CPRI,-0.941,$25.09,3.63%
NASDAQ:CPRT,22 Sep 2025,$50.82,4,$55.60,4,5.00,$27.94,81.89%,,,,$0.00,-100.00%,$63.72,128.05%,$67.81,142.71%,CPRT,NASDAQ:CPRT,-1.000,$40.30,37.97%
NASDAQ:CPSH,27 Jan 2026,$4.29,2,,,4.19,$4.44,-3.33%,,,,$0.00,-100.00%,$5.48,23.40%,$5.83,31.27%,CPSH,NASDAQ:CPSH,-1.000,$5.50,
NYSE:CPT,18 Sep 2025,$121.77,4,$121.40,1,2.67,$113.73,6.74%,,,,$115.74,1.77%,$105.09,-7.59%,$121.27,6.63%,CPT,NYSE:CPT,0.047,$116.12,4.55%
NYSE:CR,13 Nov 2025,$172.71,2,$220.67,6,,$226.14,-23.63%,,,,,-100.00%,-$2.00,-100.88%,-$2.00,-100.88%,CR,NYSE:CR,-2.000,,
NASDAQ:CRAI,20 Aug 2024,$164.05,3,,,2.70,$169.77,-3.37%,,,,$152.29,-10.30%,$461.55,171.87%,$460.73,171.39%,CRAI,NASDAQ:CRAI,-0.021,$252.50,
NASDAQ:CRCT,11 Feb 2026,$6.18,5,$3.67,3,3.33,$4.46,-17.71%,,,,$4.59,2.91%,$32.84,636.24%,$39.76,791.40%,CRCT,NASDAQ:CRCT,0.387,$3.62,1.38%
NASDAQ:CRDO,15 Dec 2025,$162.57,3,$223.89,7,4.55,$213.15,-23.73%,,,,$0.00,-100.00%,$258.52,21.29%,$262.27,23.05%,CRDO,NASDAQ:CRDO,-1.000,$279.29,-19.84%
NASDAQ:CRESY,11 Jul 2025,$10.53,3,,,2.62,$11.19,-5.92%,,,,$11.23,0.36%,$8.03,-28.25%,$10.34,-7.56%,CRESY,NASDAQ:CRESY,-0.056,$15.51,
NYSE:CRGY,20 Aug 2025,$15.13,3,,,3.24,$11.27,34.26%,,,,$11.81,4.79%,$4.55,-59.62%,$5.32,-52.80%,CRGY,NYSE:CRGY,0.219,$15.80,
NYSE:CRH,30 Mar 2026,$109.97,3,,,,$99.87,10.11%,,,,,-100.00%,-$2.00,-102.00%,-$2.00,-102.00%,CRH,NYSE:CRH,-2.000,,
NASDAQ:CRML,4 Dec 2025,$6.88,3,$14.00,6,,$5.81,18.36%,,,,,-100.00%,-$2.00,-134.42%,-$2.00,-134.42%,CRML,NASDAQ:CRML,-2.000,,
NASDAQ:CROX,26 Jul 2024,$132.28,3,,,2.89,$134.72,-1.81%,,,,$0.00,-100.00%,$349.63,159.52%,$367.27,172.62%,CROX,NASDAQ:CROX,-1.000,$131.67,
NASDAQ:CRTO,6 Nov 2025,$38.27,3,$35.00,2,4.23,$20.44,71.23%,,,,$0.00,-100.00%,$30.05,47.01%,$57.87,183.13%,CRTO,NASDAQ:CRTO,-1.000,$25.45,37.52%
NASDAQ:CRUS,6 Feb 2026,$143.98,4,$143.60,10,4.80,$133.61,7.48%,,,,$0.00,-100.00%,$329.17,146.37%,$346.35,159.22%,CRUS,NASDAQ:CRUS,-1.000,$181.75,-20.99%
NASDAQ:CRWD,13 Sep 2024,$299.53,4,,,3.21,$183.28,63.43%,,,,$0.00,-100.00%,$198.21,8.14%,$201.27,9.82%,CRWD,NASDAQ:CRWD,-1.000,$190.85,
NASDAQ:CRWV,11 Feb 2026,$83.61,3,,,5.00,$71.88,16.31%,,,,$0.00,-100.00%,$0.00,-100.00%,$0.00,-100.00%,CRWV,NASDAQ:CRWV,-1.000,$138.03,
NASDAQ:CSIQ,9 Feb 2026,$19.05,3,$21.51,6,,$13.35,42.69%,,,,,-100.00%,-$2.00,-114.98%,-$2.00,-114.98%,CSIQ,NASDAQ:CSIQ,-2.000,,
NYSE:CSL,20 Jan 2026,$384.54,3,$400.00,8,2.98,$336.04,14.43%,,,,$347.70,3.47%,$511.28,52.15%,$527.75,57.05%,CSL,NYSE:CSL,0.147,$403.29,-0.82%
NASDAQ:CSTL,23 Aug 2024,$38.33,3,,,5.00,$24.69,55.24%,,,,$0.00,-100.00%,$38.00,53.91%,$43.66,76.82%,CSTL,NASDAQ:CSTL,-1.000,$42.78,
NYSE:CSTM,25 Jun 2026,$27.88,2,,,0.83,$29.05,-4.03%,,,,$28.41,-2.20%,-$2.97,-110.22%,$36.85,26.86%,CSTM,NYSE:CSTM,-0.824,$37.04,
NASDAQ:CSW,3 Sep 2025,$247.77,1,,,,$289.18,-14.32%,,,,,-100.00%,-$2.00,-100.69%,-$2.00,-100.69%,CSW,NYSE:CSW,-2.000,,
NASDAQ:CTBI,19 Nov 2025,$57.46,3,$61.00,6,2.64,$76.15,-24.54%,,,,$78.22,2.72%,$0.00,-100.00%,$0.00,-100.00%,CTBI,NASDAQ:CTBI,0.026,$81.33,-25.00%
NASDAQ:CTKB,11 Dec 2025,$6.69,3,$5.83,7,4.38,$4.46,30.72%,,,,$0.00,-100.00%,$6.63,48.64%,$6.83,53.13%,CTKB,NASDAQ:CTKB,-1.000,$5.69,2.46%
NASDAQ:CTLP,21 Jan 2026,$11.18,3,,5,,#N/A,#N/A,,,,,#N/A,-$2.00,#N/A,-$2.00,#N/A,CTLP,NASDAQ:CTLP,-2.000,,
NYSEAMERICAN:CTM,2 Feb 2026,$3.50,1,$3.50,3,,$0.63,455.56%,,,,,-100.00%,-$2.00,-417.46%,-$2.00,-417.46%,CTM,NYSEAMERICAN:CTM,-2.000,,
NYSE:CTRA,2 Nov 2025,$26.29,4,$32.29,7,,#N/A,#N/A,,,,$0.00,#N/A,$41.11,#N/A,$71.22,#N/A,CTRA,NYSE:CTRA,-1.000,$37.77,-14.51%
NYSE:CTS,2 Feb 2026,$52.59,3,,6,2.33,$59.99,-12.34%,,,,$60.55,0.93%,$86.62,44.39%,$106.50,77.52%,CTS,NYSE:CTS,-0.091,$58.00,
NASDAQ:CTSH,4 Feb 2026,$83.87,4,,,,$45.45,84.53%,,,,,-100.00%,-$2.00,-104.40%,-$2.00,-104.40%,CTSH,NASDAQ:CTSH,-2.000,,
NYSE:CUBI,19 Nov 2025,$67.11,3,$85.43,9,0.57,$76.52,-12.30%,,,,$71.78,-6.19%,$0.00,-100.00%,$0.00,-100.00%,CUBI,NYSE:CUBI,-0.927,$92.45,-7.59%
NASDAQ:CURI,23 Dec 2025,$4.18,3,$6.33,10,3.27,$2.35,77.87%,,,,$2.47,5.11%,$2.81,19.77%,$5.40,129.88%,CURI,NASDAQ:CURI,0.232,$5.33,18.76%
NASDAQ:CVBF,25 Jun 2026,$20.88,3,,,2.74,$22.56,-7.45%,,,,$23.03,2.08%,$0.00,-100.00%,$0.00,-100.00%,CVBF,NASDAQ:CVBF,0.065,$24.33,
NYSE:CVE,19 Jun 2026,$26.66,3,$32.60,8,2.91,$29.28,-8.95%,,,,$30.42,3.89%,$44.49,51.94%,$83.74,185.98%,CVE,NYSE:CVE,0.109,$35.86,-9.09%
NYSE:CVI,23 Aug 2024,$33.80,3,,,3.34,$33.45,1.03%,,,,$35.17,5.14%,$20.45,-38.87%,$60.70,81.47%,CVI,NYSE:CVI,0.380,$29.40,
NASDAQ:CVLT,26 Jan 2026,$137.85,3,$174.58,8,3.59,$142.31,-3.13%,,,,$0.00,-100.00%,$260.46,83.02%,$263.67,85.28%,CVLT,NASDAQ:CVLT,-1.000,$159.15,9.70%
NASDAQ:CVRX,4 Dec 2025,$11.33,4,$12.67,7,5.00,$4.74,139.05%,,,,$0.00,-100.00%,$0.87,-81.58%,$0.94,-80.27%,CVRX,NASDAQ:CVRX,-1.000,$11.17,13.43%
NYSE:CVS,16 Oct 2025,$91.02,5,$86.60,8,2.93,$107.74,-19.62%,,,,$110.54,2.60%,$68.66,-36.27%,$100.78,-6.46%,CVS,NYSE:CVS,0.159,$112.19,-22.81%
NYSE:CVX,20 Aug 2025,$174.36,4,$171.33,9,,$194.79,-12.04%,,,,,-100.00%,-$2.00,-101.03%,-$2.00,-101.03%,CVX,NYSE:CVX,-2.000,,
NYSE:CW,17 May 2024,$250.04,2,,,1.38,$750.19,-66.67%,,,,$738.93,-1.50%,$998.40,33.09%,$747.43,-0.37%,CW,NYSE:CW,-0.542,$822.17,
NYSE:CWAN,26 Jan 2026,$25.43,3,$27.15,4,,#N/A,#N/A,,,,,#N/A,-$2.00,#N/A,-$2.00,#N/A,CWAN,NYSE:CWAN,-2.000,,
NASDAQ:CWCO,13 Nov 2025,$34.36,3,,8,3.09,$29.32,17.19%,,,,$30.13,2.76%,$55.49,89.24%,$63.43,116.33%,CWCO,NASDAQ:CWCO,0.153,$43.00,
NYSE:CWH,19 Sep 2025,$21.04,3,$19.56,7,3.58,$5.71,242.56%,,,,$5.97,4.55%,$40.18,603.73%,$57.22,902.03%,CWH,NYSE:CWH,0.367,$13.00,50.46%
NYSE:CX,19 Jun 2025,$8.65,3,$7.31,8,2.55,$12.06,-39.39%,,,,$12.34,2.32%,$11.05,-8.38%,$18.17,50.67%,CX,NYSE:CX,-0.043,$14.47,-49.48%
NASDAQ:CXAI,4 Feb 2026,$0.59,3,,,,$0.11,438.18%,,,,,-100.00%,-$2.00,-1918.18%,-$2.00,-1918.18%,CXAI,NASDAQ:CXAI,-2.000,,
NYSE:CXT,11 Nov 2025,$76.10,5,$74.00,8,2.80,$52.86,39.99%,,,,$54.16,2.46%,$65.70,24.29%,$32.38,-38.74%,CXT,NYSE:CXT,0.051,$66.83,10.73%
NYSE:CYD,15 Dec 2025,$33.36,3,,7,3.09,$45.07,-25.98%,,,,$47.31,4.97%,$0.00,-100.00%,$0.00,-100.00%,CYD,NYSE:CYD,0.150,$64.07,
NYSE:DAC,5 Mar 2026,$126.35,3,,,2.81,$140.22,-9.89%,,,,$143.14,2.08%,$165.58,18.09%,$349.15,149.00%,DAC,NYSE:DAC,0.088,$157.00,
NYSE:DAL,18 Sep 2025,$41.35,2,,,3.28,$85.06,-51.39%,,,,$88.02,3.48%,$35.94,-57.75%,$128.22,50.74%,DAL,NYSE:DAL,0.272,$105.52,
NYSE:DAVA,9 Feb 2026,$13.03,3,$10.00,3,,$2.66,275.94%,,,,,-100.00%,-$2.00,-175.19%,-$2.00,-175.19%,DAVA,NYSE:DAVA,-2.000,,
NASDAQ:DAVE,11 Feb 2026,$175.69,3,$312.50,9,2.82,$402.81,-56.38%,,,,$0.00,-100.00%,$713.51,77.13%,$720.81,78.94%,DAVE,NASDAQ:DAVE,-1.000,$388.55,-19.57%
NYSE:DB,2 Apr 2026,$30.42,3,$41.60,10,3.31,$34.66,-12.23%,,,,$35.80,3.29%,$433.90,1151.86%,$506.95,1362.62%,DB,NYSE:DB,0.293,$41.45,0.36%
NYSE:DBI,4 Feb 2026,$8.49,3,$6.25,2,3.88,$5.46,14.47%,,,,$5.73,4.95%,$3.28,-39.95%,$17.21,215.15%,DBI,NYSE:DBI,0.504,$7.75,-19.35%
NASDAQ:DBX,11 Feb 2026,$25.55,3,,,0.66,$29.19,-12.47%,,,,$28.04,-3.94%,$55.95,91.66%,$65.58,124.67%,DBX,NASDAQ:DBX,-0.815,$26.17,
NYSE:DCI,6 Nov 2025,$76.88,2,,,2.84,$92.79,-17.15%,,,,$95.33,2.74%,$144.59,55.83%,$158.27,70.56%,DCI,NYSE:DCI,0.120,$96.80,
NASDAQ:DCOM,2 Oct 2025,$31.72,3,$36.00,5,,#N/A,#N/A,,,,,#N/A,-$2.00,#N/A,-$2.00,#N/A,DCOM,NASDAQ:DCOM,-2.000,,
NASDAQ:DCTH,11 Dec 2025,$11.63,3,$24.00,6,5.00,$12.22,-4.82%,,,,$0.00,-100.00%,$12.64,3.45%,$12.81,4.86%,DCTH,NASDAQ:DCTH,-1.000,$21.55,11.37%
NYSE:DD,16 Jul 2026,$150.29,4,$165.80,8,4.72,$137.70,9.14%,9.14%,$150.29,$169.63,$147.51,7.12%,$137.72,0.01%,$204.71,48.67%,DD,NYSE:DD,0.915,$169.63,-2.26%
NYSE:DDD,19 Nov 2025,$2.85,3,$3.63,6,5.00,$2.57,10.89%,,,,$0.00,-100.00%,$0.13,-94.79%,$2.78,8.32%,DDD,NYSE:DDD,-1.000,$4.00,-9.25%
NASDAQ:DDOG,18 Aug 2025,$131.92,3,$161.38,8,3.38,$246.86,-46.56%,,,,$0.00,-100.00%,$285.27,15.56%,$287.92,16.63%,DDOG,NASDAQ:DDOG,-1.000,$265.53,-39.22%
NYSE:DDS,21 May 2024,$424.51,3,,,2.72,$568.05,-25.27%,,,,$582.40,2.53%,"$1,491.55",162.57%,"$1,637.84",188.33%,DDS,NYSE:DDS,0.086,$537.00,
NYSE:DEA,13 Nov 2025,$33.12,3,$23.30,4,3.55,$25.33,-8.01%,,,,$26.25,3.63%,-$3.32,-113.10%,$22.77,-10.11%,DEA,NYSE:DEA,0.453,$24.36,-4.35%
NYSE:DECK,13 Apr 2026,$122.67,3,$124.47,2,4.65,$96.04,27.73%,,,,$0.00,-100.00%,$130.33,35.71%,$139.21,44.95%,DECK,NYSE:DECK,-1.000,$127.81,-2.61%
NYSE:DEO,20 Mar 2026,$109.50,3,$107.50,8,,$83.08,29.39%,,,,,-100.00%,-$2.00,-102.41%,-$2.00,-102.41%,DEO,NYSE:DEO,-2.000,,
NASDAQ:DFDV,3 Jun 2025,$23.65,3,,,5.00,$2.70,776.00%,,,,$0.00,-100.00%,-$9.43,-449.22%,-$9.39,-447.66%,DFDV,NASDAQ:DFDV,-1.000,$5.85,
NYSE:DFH,26 Mar 2025,$30.22,3,$32.00,4,0.46,$15.92,89.83%,,,,$14.07,-11.62%,$75.17,372.19%,$83.32,423.37%,DFH,NYSE:DFH,-0.958,$18.00,77.78%
NASDAQ:DGII,29 Jan 2026,$43.01,3,$48.80,7,3.39,$66.95,-35.75%,,,,$0.00,-100.00%,$126.25,88.57%,$145.28,117.00%,DGII,NASDAQ:DGII,-1.000,$72.20,-32.41%
NYSE:DGX,29 Jul 2024,$148.07,3,,,2.51,$227.86,-35.02%,,,,$226.67,-0.52%,$257.59,13.05%,$346.23,51.95%,DGX,NYSE:DGX,-0.015,$223.94,
NYSE:DHI,29 May 2026,$164.34,5,$164.82,7,2.97,$146.76,11.98%,,,,$149.77,2.05%,$265.58,80.97%,$268.95,83.26%,DHI,NYSE:DHI,0.157,$165.25,-0.26%
NYSE:DHR,13 Nov 2025,$244.54,3,$243.45,9,0.52,$191.50,27.13%,,,,$182.67,-4.61%,$211.43,10.41%,$246.83,28.90%,DHR,NYSE:DHR,-0.945,$228.61,6.49%
NASDAQ:DIOD,28 Jan 2026,$63.86,3,$58.67,7,5.00,$87.11,-32.65%,,,,$0.00,-100.00%,$109.48,25.68%,$139.25,59.85%,DIOD,NASDAQ:DIOD,-1.000,$129.50,-54.69%
NASDAQ:DJCO,11 Feb 2026,$662.32,3,,5,,$575.10,15.17%,,,,$0.00,-100.00%,$632.54,9.99%,$634.13,10.26%,DJCO,NASDAQ:DJCO,-1.000,,
NYSE:DKL,25 Jun 2026,$49.01,1,,,,$57.19,-14.30%,,,,,-100.00%,-$2.00,-103.50%,-$2.00,-103.50%,DKL,NYSE:DKL,-2.000,,
NASDAQ:DKNG,18 Aug 2025,$46.45,3,$54.69,7,0.54,$23.01,101.87%,,,,$21.57,-6.26%,$33.14,44.02%,$21.87,-4.93%,DKNG,NASDAQ:DKNG,-0.983,$34.78,57.25%
NYSE:DLX,17 Jul 2026,$28.09,3,,5,3.86,$26.02,7.96%,7.96%,$28.09,$32.67,$27.24,4.69%,$26.95,3.59%,$80.00,207.47%,DLX,NYSE:DLX,0.525,$32.67,
NASDAQ:DMLP,20 Sep 2025,$25.83,1,$25.30,1,3.96,$27.79,-8.96%,,,,$28.91,4.03%,$49.40,77.75%,$64.41,131.77%,DMLP,NASDAQ:DMLP,0.586,,
NASDAQ:DMRC,14 Jan 2026,$14.02,3,$10.00,2,5.00,$5.95,68.07%,,,,$0.00,-100.00%,$4.69,-21.22%,$4.56,-23.28%,DMRC,NASDAQ:DMRC,-1.000,$11.50,-13.04%
NYSEAMERICAN:DNN,31 Jul 2024,$1.76,0,,,,$2.91,-39.52%,,,,,-100.00%,-$2.00,-168.73%,-$2.00,-168.73%,DNN,NYSEAMERICAN:DNN,-2.000,,
NASDAQ:DNUT,22 Dec 2023,$17.24,4,,,3.49,$3.15,447.24%,,,,$3.31,5.08%,-$3.91,-224.03%,$8.37,165.71%,DNUT,NASDAQ:DNUT,0.343,$4.22,
NYSE:DOLE,6 Mar 2026,$17.35,3,$14.00,4,3.57,$14.14,-0.99%,,,,$14.60,3.25%,$12.12,-14.30%,$20.06,41.87%,DOLE,NYSE:DOLE,0.397,$17.69,-20.86%
NYSE:DOV,11 Nov 2025,$186.11,3,$210.90,7,3.27,$202.20,-7.96%,,,,$209.68,3.70%,$218.35,7.98%,$248.04,22.67%,DOV,NYSE:DOV,0.264,$250.94,-15.96%
NASDAQ:DOX,21 May 2026,$85.47,3,$74.50,10,3.32,$52.10,42.99%,,,,$53.89,3.44%,$64.91,24.58%,$84.78,62.72%,DOX,NASDAQ:DOX,0.254,$81.21,-8.26%
NASDAQ:DOYU,2 Apr 2025,$7.06,3,$9.75,9,,$4.51,56.45%,,,,,-100.00%,-$2.00,-144.35%,-$2.00,-144.35%,DOYU,NASDAQ:DOYU,-2.000,,
NASDAQ:DPZ,9 Apr 2025,$433.44,3,$487.39,9,2.65,$332.97,30.17%,,,,$340.99,2.41%,$488.28,46.64%,$529.00,58.87%,DPZ,NASDAQ:DPZ,0.006,$388.33,25.51%
NYSE:DQ,9 Feb 2026,$22.12,3,$28.07,5,5.00,$11.67,89.54%,,,,$0.00,-100.00%,$58.90,404.68%,$113.80,875.16%,DQ,NYSE:DQ,-1.000,$26.77,4.86%
NYSE:DRD,28 Feb 2024,$9.55,4,,,,$20.94,-54.40%,,,,,-100.00%,-$2.00,-109.55%,-$2.00,-109.55%,DRD,NYSE:DRD,-2.000,,
NYSE:DRH,23 Dec 2025,$11.46,5,$9.65,3,,$12.85,-24.90%,,,,,-100.00%,-$2.00,-115.56%,-$2.00,-115.56%,DRH,NASDAQ:DRH,-2.000,,
NYSE:DRI,18 Sep 2025,$167.77,1,,,2.65,$196.31,-14.54%,,,,$200.19,1.98%,$255.05,29.92%,$327.42,66.79%,DRI,NYSE:DRI,0.009,$228.33,
NASDAQ:DRVN,4 Apr 2025,$17.90,3,$19.91,7,4.25,$13.61,31.52%,,,,$0.00,-100.00%,$5.12,-62.41%,$14.85,9.12%,DRVN,NASDAQ:DRVN,-1.000,$17.01,17.05%
NYSE:DSX,5 Mar 2026,$3.21,4,,,3.01,$2.25,42.67%,,,,$2.37,5.33%,$3.74,66.31%,$4.26,89.16%,DSX,NYSE:DSX,0.117,$3.80,
NYSE:DT,10 Feb 2026,$53.18,3,$54.08,8,0.40,$41.62,27.78%,,,,$38.68,-7.06%,$82.82,98.98%,$84.35,102.68%,DT,NYSE:DT,-0.987,$47.61,13.59%
NYSE:DUK,19 Sep 2025,$124.46,3,$130.90,7,2.48,$130.52,-4.64%,,,,$131.03,0.39%,-$28.75,-122.03%,$55.60,-57.40%,DUK,NYSE:DUK,-0.045,$138.95,-5.79%
NASDAQ:DUOL,8 Feb 2026,$234.17,3,$232.22,4,,$122.24,89.97%,,,,,-100.00%,-$2.00,-101.64%,-$2.00,-101.64%,DUOL,NASDAQ:DUOL,-2.000,,
NASDAQ:DVLT,14 Jan 2026,$1.31,3,,,5.00,$0.36,265.25%,,,,$0.00,-100.00%,$0.27,-25.52%,$0.41,14.09%,DVLT,NASDAQ:DVLT,-1.000,$3.00,
NYSE:DVN,27 Jan 2026,$43.47,4,$43.37,10,2.85,$45.04,-3.71%,,,,$46.51,3.26%,$51.08,13.41%,$78.39,74.04%,DVN,NYSE:DVN,0.061,$59.35,-26.93%
NASDAQ:DXCM,11 Dec 2025,$71.56,4,$85.74,7,3.99,$71.54,0.03%,,,,$0.00,-100.00%,$134.78,88.40%,$145.88,103.92%,DXCM,NASDAQ:DXCM,-1.000,$85.75,-0.01%
NYSE:DY,23 Aug 2024,$143.30,1,,,0.67,$429.81,-66.66%,,,,$415.08,-3.43%,$648.14,50.80%,$370.58,-13.78%,DY,NYSE:DY,-0.925,$637.27,
NASDAQ:EA,2 Jan 2026,$198.31,3,,,1.97,$209.06,-5.14%,,,,$210.47,0.67%,$304.82,45.81%,$322.71,54.36%,EA,NASDAQ:EA,-0.253,$205.79,
NASDAQ:EBAY,22 Feb 2026,$73.85,1,$99.00,7,,$109.39,-32.49%,,,,,-100.00%,-$2.00,-101.83%,-$2.00,-101.83%,EBAY,NASDAQ:EBAY,-2.000,,
NASDAQ:EBC,1 Jun 2026,$20.59,3,$22.75,7,2.62,$22.92,-10.16%,,,,$23.74,3.58%,-$80.54,-451.37%,-$93.77,-509.11%,EBC,NASDAQ:EBC,0.022,$23.94,-4.97%
NYSE:EBF,23 Jun 2026,$22.32,4,,,3.85,$21.58,3.43%,,,,$22.37,3.66%,$45.83,112.37%,$52.67,144.05%,EBF,NYSE:EBF,0.554,$24.00,
NYSE:EBS,5 Jan 2026,$13.61,3,$15.00,5,5.00,$7.26,87.51%,,,,$0.00,-100.00%,$36.65,404.86%,$44.91,518.62%,EBS,NYSE:EBS,-1.000,$12.00,25.00%
NYSE:ECO,5 Mar 2026,$47.32,2,,,3.75,$57.88,-18.24%,,,,$60.86,5.15%,$103.36,78.58%,$114.76,98.27%,ECO,NYSE:ECO,0.466,$75.00,
NASDAQ:ECPG,23 Jun 2026,$78.21,3,$113.33,10,4.28,$90.16,-13.25%,,,,$0.00,-100.00%,$110.26,22.30%,$131.93,46.32%,ECPG,NASDAQ:ECPG,-1.000,$113.33,0.00%
NASDAQ:ECX,10 Sep 2025,$1.94,4,,3,5.00,$1.00,94.40%,,,,$0.00,-100.00%,-$1.17,-217.41%,-$1.23,-222.87%,ECX,NASDAQ:ECX,-1.000,$3.23,
NYSE:ED,16 Sep 2025,$102.44,3,$102.88,2,3.02,$113.01,-9.36%,,,,$115.43,2.14%,-$12.77,-111.30%,$33.03,-70.78%,ED,NYSE:ED,0.210,$111.44,-7.68%
NYSE:EDN,16 Dec 2025,$46.50,3,,5,,$25.71,80.86%,,,,,-100.00%,-$2.00,-107.78%,-$2.00,-107.78%,EDN,NYSE:EDN,-2.000,,
NYSE:EDU,19 Aug 2025,$59.25,3,,,2.44,$49.24,20.34%,,,,$49.15,-0.18%,$109.28,121.94%,$126.93,157.78%,EDU,NYSE:EDU,-0.140,$70.61,
NASDAQ:EEFT,11 Feb 2026,$105.16,3,$96.80,7,3.57,$79.31,22.05%,,,,$0.00,-100.00%,$270.03,240.48%,$303.85,283.12%,EEFT,NASDAQ:EEFT,-1.000,$88.33,9.59%
NYSE:EFX,10 May 2024,$252.67,3,,,2.40,$172.54,46.44%,,,,$167.46,-2.94%,$226.25,31.13%,$331.45,92.10%,EFX,NYSE:EFX,-0.115,$211.24,
NASDAQ:EGAN,28 Jan 2026,$10.58,3,$15.17,6,5.00,$6.41,65.05%,,,,$0.00,-100.00%,$17.13,167.21%,$17.89,179.05%,EGAN,NASDAQ:EGAN,-1.000,$12.83,18.24%
NASDAQ:EGBN,23 Dec 2025,$22.58,3,$18.50,6,2.56,$28.44,-34.95%,,,,$28.06,-1.34%,-$232.45,-917.35%,-$231.39,-913.60%,EGBN,NASDAQ:EGBN,-0.014,$30.50,-39.34%
NASDAQ:EGHT,22 Jan 2026,$2.71,3,$2.25,3,5.00,$1.74,29.31%,,,,$0.00,-100.00%,$1.37,-21.54%,$3.31,90.51%,EGHT,NASDAQ:EGHT,-1.000,$2.50,-10.00%
NYSE:EGY,26 Aug 2025,$6.31,3,,,3.73,$5.55,13.61%,,,,$5.88,5.95%,$11.33,104.06%,$21.88,294.16%,EGY,NYSE:EGY,0.435,$9.90,
NASDAQ:EH,3 Sep 2025,$17.27,3,,,5.00,$4.90,252.35%,,,,$0.00,-100.00%,$4.49,-8.40%,$4.54,-7.27%,EH,NASDAQ:EH,-1.000,$11.41,
NYSE:EHC,31 Dec 2025,$95.51,2,$145.00,8,2.18,$112.89,-15.40%,,,,$113.23,0.30%,$167.87,48.70%,$224.48,98.85%,EHC,NYSE:EHC,-0.220,$140.50,3.20%
NYSE:EIX,29 Jun 2026,$78.39,4,$76.14,4,4.00,$79.75,-4.53%,-4.53%,$76.14,$78.39,$83.88,5.18%,-$18.96,-123.78%,$2.42,-96.96%,EIX,NYSE:EIX,0.654,$76.32,-0.24%
NYSE:EL,18 Aug 2025,$118.27,3,$95.25,6,2.65,$80.29,18.63%,,,,$82.34,2.55%,$82.67,2.96%,$123.95,54.38%,EL,NYSE:EL,0.005,$95.15,0.11%
NYSE:ELF,18 Aug 2025,$118.35,3,,,2.96,$77.36,52.98%,,,,$0.00,-100.00%,$114.86,48.48%,$129.86,67.86%,ELF,NYSE:ELF,-1.000,$76.69,
NYSE:ELME,16 Jul 2026,$2.60,4,,4,4.80,$1.49,74.16%,74.16%,$2.60,$18.00,$1.61,8.05%,$0.00,-100.00%,$0.00,-100.00%,ELME,NYSE:ELME,0.910,$18.00,
NYSE:ELP,13 Feb 2025,$6.84,3,$8.20,6,,#N/A,#N/A,,,,,#N/A,-$2.00,#N/A,-$2.00,#N/A,ELP,NYSE:ELP,-2.000,,
NYSE:ELS,19 Sep 2025,$70.10,5,$67.65,7,2.64,$66.05,2.42%,,,,$68.05,3.03%,$93.00,40.81%,$111.27,68.47%,ELS,NYSE:ELS,0.024,$70.45,-3.97%
NASDAQ:ELVR,11 Dec 2025,$44.92,3,,,,$54.45,-17.50%,,,,,-100.00%,-$2.00,-103.67%,-$2.00,-103.67%,ELVR,NASDAQ:ELVR,-2.000,,
NYSE:EME,23 Aug 2025,$518.72,1,$670.50,8,1.37,$744.85,-30.36%,,,,$738.83,-0.81%,"$1,094.21",46.90%,$742.88,-0.26%,EME,NYSE:EME,-0.596,$991.57,-32.38%
NYSE:EMR,19 Nov 2025,$120.30,2,$146.64,9,2.96,$147.94,-18.68%,,,,$152.13,2.83%,$157.87,6.71%,$183.55,24.07%,EMR,NYSE:EMR,0.159,$163.54,-10.33%
NYSE:ENB,19 Aug 2025,$43.53,2,,,3.52,$56.86,-23.45%,,,,$58.65,3.15%,-$7.72,-113.57%,$33.64,-40.84%,ENB,NYSE:ENB,0.448,$52.74,
NYSE:ENOV,11 Dec 2025,$37.01,3,$49.00,5,5.00,$27.03,36.93%,,,,$0.00,-100.00%,$6.21,-77.01%,$40.89,51.29%,ENOV,NYSE:ENOV,-1.000,$40.73,20.30%
NYSE:ENS,11 Mar 2026,$152.00,3,,,2.93,$190.75,-20.31%,,,,$202.47,6.14%,$366.45,92.11%,$417.52,118.88%,ENS,NYSE:ENS,0.104,$247.29,
NASDAQ:ENSG,3 Jul 2025,$137.40,2,,,0.93,$172.99,-20.57%,,,,$166.84,-3.56%,$200.53,15.92%,$231.70,33.94%,ENSG,NASDAQ:ENSG,-0.779,$217.80,
NASDAQ:ENTG,9 Feb 2026,$124.28,3,$123.14,3,1.73,$129.15,-4.65%,,,,$127.34,-1.40%,$145.85,12.93%,$160.06,23.94%,ENTG,NASDAQ:ENTG,-0.430,$166.00,-25.82%
NASDAQ:ENVX,20 Aug 2025,$9.75,3,,,5.00,$3.95,146.76%,,,,$0.00,-100.00%,-$0.10,-102.50%,$0.37,-90.69%,ENVX,NASDAQ:ENVX,-1.000,$13.10,
NYSE:EOG,2 Jul 2026,$143.14,4,$155.08,6,3.26,$146.39,-2.22%,-2.22%,$143.14,$157.89,$151.81,3.70%,$205.40,40.31%,$287.87,96.65%,EOG,NYSE:EOG,0.298,$157.89,-1.78%
NYSE:EPAC,11 Nov 2025,$44.87,3,$51.00,1,1.70,$34.67,29.43%,,,,$34.20,-1.36%,$73.25,111.27%,$78.54,126.53%,EPAC,NYSE:EPAC,-0.465,$48.00,6.25%
NYSE:EPAM,26 Mar 2026,$178.81,3,$199.40,8,5.00,$89.85,99.01%,,,,$0.00,-100.00%,$190.28,111.77%,$216.27,140.70%,EPAM,NYSE:EPAM,-1.000,$135.94,46.68%
NYSE:EQBK,16 Mar 2026,$41.43,3,$52.50,4,3.02,$50.30,-17.64%,,,,$51.75,2.88%,$0.00,-100.00%,$0.00,-100.00%,EQBK,NYSE:EQBK,0.191,$54.86,-4.30%
NYSE:EQNR,9 Sep 2025,$26.30,4,$25.60,9,3.44,$40.35,-36.56%,,,,$42.33,4.91%,$91.26,126.17%,$135.24,235.17%,EQNR,NYSE:EQNR,0.433,$33.80,-24.26%
NYSE:EQT,20 Aug 2025,$46.57,2,,,2.06,$53.03,-12.19%,,,,$53.12,0.17%,$59.61,12.40%,$100.77,90.02%,EQT,NYSE:EQT,-0.278,$67.24,
NASDAQ:ERIC,27 May 2026,$11.70,1,$10.60,8,3.14,$9.34,13.49%,,,,$9.62,3.00%,$9.60,2.84%,$14.28,52.93%,ERIC,NASDAQ:ERIC,0.254,$9.67,9.62%
NASDAQ:ERII,4 Sep 2025,$16.86,3,$17.00,6,4.53,$8.42,100.25%,,,,$0.00,-100.00%,$31.76,277.22%,$33.09,293.03%,ERII,NASDAQ:ERII,-1.000,$11.00,54.55%
NYSE:ERO,2 Sep 2025,$21.17,3,$18.76,5,4.90,$25.98,-27.79%,,,,$0.00,-100.00%,$25.44,-2.08%,$47.27,81.93%,ERO,NYSE:ERO,-1.000,$35.87,-47.70%
NYSE:ESAB,23 Dec 2025,$119.83,3,$147.33,7,1.22,$84.44,41.91%,,,,$82.78,-1.97%,$74.38,-11.91%,$96.14,13.86%,ESAB,NYSE:ESAB,-0.679,$135.40,8.81%
NYSE:ESE,29 Jan 2026,$185.93,2,$275.00,4,0.75,$327.78,-43.28%,,,,$320.08,-2.35%,$407.77,24.40%,$374.60,14.28%,ESE,NYSE:ESE,-0.838,$385.00,-28.57%
NASDAQ:ESEA,5 Mar 2026,$65.04,3,,,4.24,$76.99,-15.52%,,,,$82.18,6.74%,$190.37,147.27%,$226.93,194.76%,ESEA,NASDAQ:ESEA,0.719,$88.67,
NASDAQ:ESLT,24 Oct 2025,$494.42,3,,,0.87,$820.21,-39.72%,,,,$806.42,-1.68%,$898.56,9.55%,$961.70,17.25%,ESLT,NASDAQ:ESLT,-0.755,$846.33,
NYSE:ESNT,23 Jun 2026,$59.83,4,$68.00,1,3.02,$65.75,-9.01%,,,,$67.19,2.19%,$129.05,96.28%,$129.59,97.09%,ESNT,NYSE:ESNT,0.197,$68.75,-1.09%
NASDAQ:ESQ,21 Oct 2025,$91.76,3,$110.00,5,2.01,$120.10,-23.59%,,,,$117.38,-2.26%,$37.05,-69.15%,$44.48,-62.96%,ESQ,NASDAQ:ESQ,-0.250,$126.67,-13.16%
NYSE:ESS,16 Sep 2025,$294.27,5,$293.97,7,2.64,$293.46,0.17%,,,,$299.65,2.11%,$423.84,44.43%,$580.31,97.75%,ESS,NYSE:ESS,0.034,$299.27,-1.77%
NASDAQ:ESTA,4 Dec 2025,$72.19,3,$71.75,6,3.16,$92.32,-22.28%,,,,$0.00,-100.00%,$76.51,-17.13%,$77.19,-16.39%,ESTA,NASDAQ:ESTA,-1.000,$95.33,-24.74%
NYSE:ESTC,19 Aug 2025,$94.39,3,$107.50,2,4.31,$58.68,60.86%,,,,$0.00,-100.00%,$112.14,91.11%,$113.73,93.81%,ESTC,NYSE:ESTC,-1.000,$74.00,45.27%
NYSE:ET,2 Jul 2026,$19.05,1,,,3.79,$20.36,-6.43%,-6.43%,$19.05,$23.90,$21.17,3.98%,$11.38,-44.11%,$30.94,51.96%,ET,NYSE:ET,0.511,$23.90,
NYSE:ETD,11 Nov 2024,$36.07,4,,,3.38,$22.82,58.04%,,,,$23.56,3.24%,$34.96,53.21%,$40.85,79.01%,ETD,NYSE:ETD,0.359,$24.00,
NYSE:ETN,11 Nov 2025,$317.45,1,,,2.85,$404.07,-21.44%,,,,$422.44,4.55%,$0.00,-100.00%,$0.00,-100.00%,ETN,NYSE:ETN,0.103,$455.79,
NYSE:ETR,24 Oct 2025,$79.12,1,,,2.39,$115.95,-31.76%,,,,$116.68,0.63%,$7.91,-93.18%,$52.05,-55.11%,ETR,NYSE:ETR,-0.086,$124.26,
NASDAQ:EVCM,9 Feb 2026,$14.79,3,$12.00,3,2.85,$11.56,3.81%,,,,$0.00,-100.00%,$15.36,32.87%,$20.04,73.36%,EVCM,NASDAQ:EVCM,-1.000,$11.21,7.05%
NYSE:EVTC,11 Feb 2026,$34.62,3,$30.50,4,1.85,$29.73,2.59%,,,,$29.26,-1.58%,$19.98,-32.78%,$43.08,44.92%,EVTC,NYSE:EVTC,-0.328,$32.00,-4.69%
NYSE:EVTL,1 Sep 2025,$5.43,3,$11.60,5,1.01,$1.38,293.48%,,,,$1.36,-1.45%,-$1.51,-209.66%,-$1.45,-204.97%,EVTL,NYSE:EVTL,-0.772,$9.99,16.12%
NYSE:EW,11 Dec 2025,$87.08,3,$95.29,8,3.99,$82.63,5.38%,,,,$0.00,-100.00%,$0.00,-100.00%,$0.00,-100.00%,EW,NYSE:EW,-1.000,$99.00,-3.75%
NASDAQ:EWBC,18 Mar 2026,$117.29,3,,,2.97,$131.00,-10.47%,,,,$134.75,2.86%,$0.00,-100.00%,$0.00,-100.00%,EWBC,NASDAQ:EWBC,0.166,$144.12,
NASDAQ:EXC,28 Apr 2026,$47.55,3,$50.83,5,3.38,$47.53,0.04%,,,,$49.13,3.37%,-$33.37,-170.21%,-$16.38,-134.45%,EXC,NASDAQ:EXC,0.361,$49.56,2.56%
NASDAQ:EXE,22 Jan 2026,$97.25,3,$133.00,9,2.95,$91.52,6.26%,,,,$95.04,3.85%,$274.14,199.54%,$382.24,317.65%,EXE,NASDAQ:EXE,0.100,$124.12,7.15%
NASDAQ:EXFY,9 Feb 2026,$2.87,3,$5.00,2,1.28,$1.72,66.86%,,,,$0.00,-100.00%,$3.78,119.74%,$2.86,66.19%,EXFY,NASDAQ:EXFY,-1.000,$1.13,342.48%
NYSE:EXK,12 Aug 2025,$5.26,3,,,5.00,$7.82,-32.72%,,,,$0.00,-100.00%,$5.43,-30.52%,$6.41,-18.08%,EXK,NYSE:EXK,-1.000,$16.17,
NASDAQ:EXLS,24 Feb 2026,$44.69,5,$53.00,3,5.00,$27.67,61.51%,,,,$0.00,-100.00%,$55.27,99.76%,$28.56,3.21%,EXLS,NASDAQ:EXLS,-1.000,$40.12,32.10%
NYSE:EXP,23 Aug 2025,$240.86,4,$230.75,1,2.24,$213.55,8.05%,,,,$207.94,-2.63%,$260.54,22.00%,$208.08,-2.56%,EXP,NYSE:EXP,-0.152,$226.22,2.00%
NASDAQ:EXPE,4 Mar 2026,$219.55,3,$275.04,6,1.85,$259.94,-15.54%,,,,$259.42,-0.20%,"$1,976.27",660.28%,"$2,105.41",709.96%,EXPE,NASDAQ:EXPE,-0.335,$289.31,-4.93%
NYSE:EXR,12 Oct 2025,$164.54,3,$156.20,5,3.06,$147.71,5.75%,,,,$151.55,2.60%,$177.20,19.97%,$223.54,51.34%,EXR,NYSE:EXR,0.215,$156.45,-0.16%
NYSE:F,15 Dec 2025,$13.76,1,,1,3.91,$14.37,-4.24%,,,,$15.07,4.87%,-$12.09,-184.16%,-$24.41,-269.87%,F,NYSE:F,0.593,$15.05,
NASDAQ:FANG,20 Sep 2025,$163.23,3,$183.50,2,2.63,$204.68,-20.25%,,,,$213.77,4.44%,$193.28,-5.57%,$355.92,73.89%,FANG,NASDAQ:FANG,0.009,$230.04,-20.23%
NASDAQ:FAST,14 Jun 2024,$55.48,2,,,2.90,$47.02,17.99%,,,,$48.01,2.11%,$52.19,10.98%,$54.77,16.49%,FAST,NASDAQ:FAST,0.150,$47.84,
NYSE:FBIN,28 Apr 2026,$58.23,5,$48.75,6,2.87,$51.27,-4.92%,,,,$52.85,3.08%,$78.70,53.50%,$93.81,82.97%,FBIN,NYSE:FBIN,0.131,$53.77,-9.34%
NASDAQ:FBIZ,8 Oct 2025,$51.75,3,$58.00,7,2.93,$67.18,-22.97%,,,,$68.96,2.65%,-$350.69,-622.02%,-$343.42,-611.19%,FBIZ,NASDAQ:FBIZ,0.170,$67.20,-13.69%
NASDAQ:FBNC,7 Oct 2025,$47.21,3,,,2.73,$62.74,-24.75%,,,,$64.91,3.46%,-$154.61,-346.43%,-$151.19,-340.98%,FBNC,NASDAQ:FBNC,0.058,$68.55,
NYSE:FBP,27 May 2026,$27.08,3,$26.00,6,3.17,$28.82,-9.78%,,,,$29.68,2.98%,$0.00,-100.00%,$0.00,-100.00%,FBP,NYSE:FBP,0.274,$28.86,-9.91%
NYSE:FC,15 Oct 2025,$24.97,3,$32.00,4,5.00,$20.60,21.21%,,,,$0.00,-100.00%,$40.04,94.35%,$18.98,-7.86%,FC,NYSE:FC,-1.000,$31.00,3.23%
NASDAQ:FCBC,21 Oct 2025,$36.41,3,,5,3.66,$48.48,-24.90%,,,,$50.25,3.65%,$0.00,-100.00%,$0.00,-100.00%,FCBC,NASDAQ:FCBC,0.510,$45.00,
NASDAQ:FCCO,2 Oct 2025,$26.67,3,$30.00,7,2.63,$33.65,-20.75%,,,,$34.60,2.82%,-$153.86,-557.24%,-$155.50,-562.12%,FCCO,NASDAQ:FCCO,0.029,$34.67,-13.47%
NYSE:FCF,18 Nov 2025,$17.15,3,$19.00,3,2.98,$20.87,-17.82%,,,,$21.54,3.21%,-$34.77,-266.59%,-$33.51,-260.56%,FCF,NYSE:FCF,0.186,$21.33,-10.92%
NYSE:FCN,13 Nov 2025,$198.73,3,$165.00,9,3.38,$159.79,3.26%,,,,$0.00,-100.00%,$515.91,222.86%,$542.67,239.62%,FCN,NYSE:FCN,-1.000,$172.00,-4.07%
NYSE:FCPT,4 Sep 2025,$29.64,4,$29.40,6,,$26.07,12.77%,,,,,-100.00%,-$2.00,-107.67%,-$2.00,-107.67%,FCPT,NYSE:FCPT,-2.000,,
NYSE:FDP,13 Nov 2025,$39.53,3,,4,,#N/A,#N/A,,,,,#N/A,-$2.00,#N/A,-$2.00,#N/A,FDP,NYSE:FDP,-2.000,,
NYSE:FE,19 Sep 2025,$47.44,4,$46.00,7,3.09,$49.92,-7.85%,,,,$51.18,2.52%,-$15.46,-130.97%,-$3.55,-107.12%,FE,NYSE:FE,0.226,$53.08,-13.34%
NASDAQ:FELE,6 Nov 2025,$93.75,3,,,2.80,$105.59,-11.21%,,,,$109.19,3.41%,$159.60,51.15%,$166.22,57.42%,FELE,NASDAQ:FELE,0.094,$113.25,
NYSE:FERG,8 Jul 2024,$169.94,2,,,2.63,$230.67,-26.33%,,,,$230.27,-0.17%,$339.50,47.18%,$365.03,58.25%,FERG,NYSE:FERG,-0.010,$279.42,
NYSE:FF,15 May 2025,$5.93,5,,7,3.75,$4.65,27.53%,,,,$4.94,6.24%,$27.77,497.18%,$25.80,454.93%,FF,NYSE:FF,0.444,$14.00,
NASDAQ:FFAI,15 Dec 2025,$1.88,3,,,5.00,$6.49,-71.05%,,,,$0.00,-100.00%,$706.98,10793.43%,$847.87,12964.25%,FFAI,NASDAQ:FFAI,-1.000,$525.00,
NASDAQ:FFBC,20 Mar 2026,$29.92,3,$31.67,5,2.99,$33.87,-11.67%,,,,$34.86,2.92%,$0.00,-100.00%,$0.00,-100.00%,FFBC,NASDAQ:FFBC,0.183,$36.00,-12.03%
NASDAQ:FFIC,27 Oct 2025,$16.10,4,$15.00,5,,#N/A,#N/A,,,,,#N/A,-$2.00,#N/A,-$2.00,#N/A,FFIC,NASDAQ:FFIC,-2.000,,
NASDAQ:FFIN,19 Nov 2025,$32.29,3,$37.50,5,3.00,$34.68,-6.89%,,,,$35.84,3.34%,$0.00,-100.00%,$0.00,-100.00%,FFIN,NASDAQ:FFIN,0.184,$37.00,1.35%
NYSE:FFWM,18 Nov 2025,$6.01,3,$6.38,5,,#N/A,#N/A,,,,,#N/A,-$2.00,#N/A,-$2.00,#N/A,FFWM,NYSE:FFWM,-2.000,,
NASDAQ:FHB,16 Apr 2026,$28.27,3,$26.67,2,3.45,$28.11,-5.12%,,,,$29.75,5.83%,-$99.06,-452.40%,-$96.04,-441.65%,FHB,NASDAQ:FHB,0.386,$30.11,-11.42%
NYSE:FHN,28 May 2026,$23.86,3,$26.61,3,2.21,$25.53,-6.53%,,,,$25.65,0.47%,$0.00,-100.00%,$0.00,-100.00%,FHN,NYSE:FHN,-0.172,$27.95,-4.79%
NASDAQ:FIBK,27 May 2026,$35.12,3,$36.60,3,4.17,$38.12,-7.87%,,,,$40.16,5.35%,-$168.16,-541.14%,-$162.03,-525.05%,FIBK,NASDAQ:FIBK,0.722,$37.38,-2.09%
NYSE:FIG,29 Jan 2026,$46.89,3,$51.00,5,5.00,$21.12,122.00%,,,,$0.00,-100.00%,$0.00,-100.00%,$0.00,-100.00%,FIG,NYSE:FIG,-1.000,$30.50,67.21%
NYSE:FINV,24 Oct 2025,$5.94,3,,6,2.70,$4.75,25.05%,,,,$4.72,-0.63%,$27.38,476.39%,$27.62,481.49%,FINV,NYSE:FINV,-0.020,$7.28,
NYSE:FIS,11 Feb 2026,$71.87,3,,,3.23,$41.51,73.14%,,,,$42.89,3.32%,$73.78,77.75%,$133.08,220.59%,FIS,NYSE:FIS,0.220,$56.64,
NASDAQ:FISI,20 Oct 2025,$28.36,3,$30.00,5,3.09,$40.62,-30.18%,,,,$42.11,3.67%,-$173.44,-526.99%,-$167.37,-512.05%,FISI,NASDAQ:FISI,0.244,$40.00,-25.00%
NASDAQ:FITB,27 May 2026,$50.92,3,$57.17,9,3.37,#N/A,#N/A,,,,$59.27,#N/A,$0.00,#N/A,$0.00,#N/A,FITB,NASDAQ:FITB,0.348,$62.15,-8.01%
NYSE:FIX,23 Aug 2025,$534.79,1,$736.60,8,1.28,"$1,733.60",-69.15%,,,,"$1,690.72",-2.47%,"$2,083.03",20.16%,"$2,123.13",22.47%,FIX,NYSE:FIX,-0.606,"$2,064.00",-64.31%
NASDAQ:FIZZ,17 Mar 2026,$41.05,3,$35.00,2,1.04,$30.70,14.01%,,,,$30.11,-1.92%,$57.66,87.82%,$61.76,101.17%,FIZZ,NASDAQ:FIZZ,-0.688,$33.00,6.06%
NASDAQ:FLEX,5 Feb 2026,$63.22,2,$73.75,6,1.28,$118.51,-46.65%,,,,$116.81,-1.43%,$110.60,-6.67%,$129.85,9.57%,FLEX,NASDAQ:FLEX,-0.652,$170.70,-56.80%
NYSE:FLG,21 Oct 2025,$10.62,3,$13.90,6,3.97,$13.85,-23.33%,,,,$0.00,-100.00%,$0.00,-100.00%,$0.00,-100.00%,FLG,NYSE:FLG,-1.000,$16.53,-15.91%
NYSE:FLR,20 Aug 2025,$51.95,5,,5,3.02,$52.19,-0.45%,,,,$0.00,-100.00%,$72.11,38.18%,$78.05,49.55%,FLR,NYSE:FLR,-1.000,$52.44,
NYSE:FLS,23 Aug 2024,$48.32,3,,,3.10,$72.40,-33.25%,,,,$74.89,3.44%,$119.71,65.35%,$125.97,73.99%,FLS,NYSE:FLS,0.197,$88.50,
NYSE:FLUT,18 Sep 2025,$272.62,3,,,5.00,$101.25,169.25%,,,,$0.00,-100.00%,$60.61,-40.14%,$177.17,74.98%,FLUT,NYSE:FLUT,-1.000,$157.81,
NASDAQ:FMBH,28 Apr 2026,$47.14,3,,,2.89,$51.00,-7.57%,,,,$52.23,2.41%,-$181.56,-456.01%,-$168.62,-430.62%,FMBH,NASDAQ:FMBH,0.154,$50.00,
NASDAQ:FMNB,18 Mar 2026,$14.01,3,$14.50,6,3.03,$15.19,-7.76%,,,,$15.61,2.76%,$0.00,-100.00%,$0.00,-100.00%,FMNB,NASDAQ:FMNB,0.200,$16.00,-9.38%
NYSE:FMS,16 Mar 2026,$34.95,5,$26.00,2,2.47,$24.59,5.73%,,,,$24.72,0.53%,$4.18,-83.02%,$67.75,175.50%,FMS,NYSE:FMS,-0.044,$25.58,1.64%
NYSE:FMX,19 Mar 2026,$123.52,3,$128.33,8,3.33,$127.12,-2.84%,,,,$133.33,4.89%,$136.39,7.30%,$151.98,19.56%,FMX,NYSE:FMX,0.340,$130.56,-1.71%
NYSE:FN,11 Dec 2025,$411.82,2,$533.80,8,,$476.04,-13.49%,,,,,-100.00%,-$2.00,-100.42%,-$2.00,-100.42%,FN,NYSE:FN,-2.000,,
NYSE:FNB,30 Mar 2026,$17.16,3,$19.63,9,3.17,$19.05,-9.92%,,,,$19.56,2.68%,$0.00,-100.00%,$0.00,-100.00%,FNB,NYSE:FNB,0.253,$20.94,-6.26%
NYSE:FNF,10 Apr 2025,$64.78,4,$70.33,4,3.10,$51.62,25.48%,,,,$52.88,2.44%,-$165.36,-420.33%,-$135.63,-362.75%,FNF,NYSE:FNF,0.201,$61.40,14.54%
NASDAQ:FOSL,29 Aug 2025,$4.98,5,$5.00,7,5.00,$4.05,22.98%,,,,$0.00,-100.00%,$6.51,60.74%,$7.71,90.26%,FOSL,NASDAQ:FOSL,-1.000,$7.00,-28.57%
NASDAQ:FRHC,27 Aug 2025,$170.00,3,,,,$151.02,12.57%,,,,,-100.00%,-$2.00,-101.32%,-$2.00,-101.32%,FRHC,NASDAQ:FRHC,-2.000,,
NYSE:FRO,23 Jun 2026,$33.92,2,$43.67,8,4.37,$39.29,-13.66%,,,,$41.62,5.93%,$40.64,3.44%,$62.93,60.17%,FRO,NYSE:FRO,0.780,$44.25,-1.31%
NASDAQ:FRSH,27 Jan 2026,$14.36,3,$18.75,5,3.72,$10.27,39.81%,,,,$0.00,-100.00%,$21.16,106.07%,$22.63,120.33%,FRSH,NASDAQ:FRSH,-1.000,$11.75,59.57%
NYSE:FRT,23 Dec 2025,$100.99,1,,,3.31,$126.08,-19.90%,,,,$129.35,2.59%,$148.44,17.73%,$222.26,76.28%,FRT,NYSE:FRT,0.330,$130.89,
NASDAQ:FSBC,27 May 2026,$39.25,3,$44.83,7,3.02,$46.81,-16.15%,,,,$48.86,4.38%,-$133.98,-386.23%,-$132.40,-382.84%,FSBC,NASDAQ:FSBC,0.208,$47.40,-5.42%
NASDAQ:FSLR,11 Feb 2026,$209.76,2,,,0.79,$202.82,3.42%,,,,$196.61,-3.06%,$558.95,175.59%,$632.75,211.98%,FSLR,NASDAQ:FSLR,-0.840,$256.36,
NYSE:FSLY,19 Jan 2026,$10.88,4,$11.30,4,,$20.24,-46.25%,,,,,-100.00%,-$2.00,-109.88%,-$2.00,-109.88%,FSLY,NASDAQ:FSLY,-2.000,,
NYSE:FSM,14 Aug 2025,$6.09,3,$7.46,7,5.00,$8.55,-28.76%,,,,$0.00,-100.00%,$32.49,279.99%,$40.50,373.74%,FSM,NYSE:FSM,-1.000,$13.50,-44.74%
NASDAQ:FSTR,4 Oct 2024,$28.19,4,,,0.91,$42.40,-33.51%,,,,$41.87,-1.25%,$88.52,108.77%,$112.94,166.36%,FSTR,NASDAQ:FSTR,-0.683,$34.00,
NASDAQ:FTAI,19 Aug 2025,$88.62,1,,,2.85,$215.98,-58.97%,,,,$222.91,3.21%,$148.21,-31.38%,$154.13,-28.64%,FTAI,NASDAQ:FTAI,0.045,$382.30,
NASDAQ:FTDR,1 Jun 2026,$66.83,3,$74.50,7,3.30,$71.49,-6.52%,,,,$0.00,-100.00%,$151.54,111.98%,$169.48,137.07%,FTDR,NASDAQ:FTDR,-1.000,$75.75,-1.65%
NASDAQ:FTEL,15 Dec 2025,$1.46,3,,,,#N/A,#N/A,,,,,#N/A,-$2.00,#N/A,-$2.00,#N/A,FTEL,NASDAQ:FTEL,-2.000,,
NYSE:FTI,21 Jul 2025,$33.54,3,$37.80,10,2.04,$76.75,-56.30%,,,,$76.93,0.23%,$97.31,26.79%,$110.43,43.88%,FTI,NYSE:FTI,-0.223,$75.71,-50.07%
NYSE:FTK,29 Apr 2026,$14.15,3,$21.50,9,3.21,$25.84,-45.23%,,,,$0.00,-100.00%,$28.57,10.56%,$25.10,-2.86%,FTK,NYSE:FTK,-1.000,$26.92,-20.13%
NASDAQ:FTNT,4 Feb 2026,$100.54,5,$84.05,3,2.36,$152.37,-44.84%,,,,$0.00,-100.00%,$226.29,48.52%,$234.01,53.58%,FTNT,NASDAQ:FTNT,-1.000,$133.00,-36.80%
NASDAQ:FTRE,27 Jun 2025,$13.66,3,$5.97,1,2.42,$19.52,-69.42%,,,,$0.00,-100.00%,$41.14,110.74%,$43.53,123.02%,FTRE,NASDAQ:FTRE,-1.000,$17.25,-65.39%
NYSE:FTV,5 Feb 2026,$54.58,4,$55.50,8,1.71,$62.31,-12.41%,,,,$60.74,-2.52%,$75.49,21.16%,$90.23,44.81%,FTV,NYSE:FTV,-0.381,$64.23,-13.59%
NYSE:FUBO,4 Apr 2025,$4.27,3,$4.85,8,5.00,$8.33,-48.80%,,,,$0.00,-100.00%,$43.42,421.19%,$3.16,-62.01%,FUBO,NYSE:FUBO,-1.000,$17.00,-71.47%
NASDAQ:FUFU,19 Aug 2025,$4.77,4,$6.00,5,,$1.31,264.35%,,,,,-100.00%,-$2.00,-252.67%,-$2.00,-252.67%,FUFU,NASDAQ:FUFU,-2.000,,
NYSE:FUL,26 May 2026,$68.79,4,$73.00,6,3.36,$55.70,23.51%,,,,$57.61,3.43%,$82.74,48.55%,$138.84,149.26%,FUL,NYSE:FUL,0.289,$73.29,-0.40%
NASDAQ:FULT,18 Mar 2026,$21.38,4,$23.00,5,3.34,$24.57,-12.98%,,,,$25.35,3.17%,-$82.67,-436.47%,-$78.48,-419.41%,FULT,NASDAQ:FULT,0.350,$24.71,-6.92%
NASDAQ:FUNC,23 Dec 2025,$39.14,3,$42.00,6,3.06,$44.57,-12.18%,,,,$45.94,3.07%,$0.00,-100.00%,$0.00,-100.00%,FUNC,NASDAQ:FUNC,0.213,$47.25,-11.11%
NASDAQ:FUTU,27 Aug 2025,$135.45,1,,,,$99.36,36.32%,,,,,-100.00%,-$2.00,-102.01%,-$2.00,-102.01%,FUTU,NASDAQ:FUTU,-2.000,,
NYSE:G,18 May 2026,$44.63,3,$40.00,3,2.99,$31.26,27.96%,,,,$32.24,3.13%,$83.12,165.90%,$91.95,194.14%,G,NYSE:G,0.137,$39.27,1.86%
NASDAQ:GABC,27 May 2026,$45.62,3,$49.00,6,2.82,$48.43,-5.79%,,,,$49.51,2.23%,-$80.64,-266.51%,-$72.57,-249.84%,GABC,NASDAQ:GABC,0.111,$50.20,-2.39%
NASDAQ:GAIN,10 Jun 2024,$15.26,3,,,4.49,$15.95,-4.33%,,,,$16.97,6.39%,$21.80,36.70%,$39.62,148.42%,GAIN,NASDAQ:GAIN,0.849,$16.83,
NASDAQ:GAMB,28 Oct 2025,$12.14,5,$13.00,5,,#N/A,#N/A,,,,$0.00,#N/A,$8.31,#N/A,$1.09,#N/A,GAMB,NASDAQ:GAMB,-1.000,$5.00,160.00%
NASDAQ:GAME,12 Oct 2025,$0.98,3,$1.75,5,,$0.36,172.44%,,,,,-100.00%,-$2.00,-655.56%,-$2.00,-655.56%,GAME,NASDAQ:GAME,-2.000,,
NASDAQ:GANX,23 Dec 2025,$5.20,3,$7.60,8,5.00,$1.75,196.86%,,,,$0.00,-100.00%,$0.89,-48.91%,$0.90,-48.61%,GANX,NASDAQ:GANX,-1.000,$7.20,5.56%
NYSE:GAP,16 Jul 2026,$29.07,5,$27.44,7,3.48,$19.01,44.35%,44.35%,$26.91,$29.07,$19.77,4.00%,$18.11,-4.75%,$36.33,91.09%,GAP,NYSE:GAP,0.325,$26.91,1.97%
NASDAQ:GASS,5 Mar 2026,$9.44,3,,,5.00,$8.83,6.91%,,,,$0.00,-100.00%,$46.27,423.97%,$24.99,183.07%,GASS,NASDAQ:GASS,-1.000,$14.00,
NYSE:GBCI,21 Oct 2025,$45.69,3,$52.20,7,2.81,$50.27,-9.11%,,,,$51.62,2.69%,-$127.44,-353.52%,-$125.08,-348.82%,GBCI,NYSE:GBCI,0.086,$56.58,-7.74%
NYSE:GBX,6 Feb 2026,$68.91,3,$49.00,3,2.52,$52.12,-5.99%,,,,$53.16,2.00%,$78.32,50.27%,$122.18,134.41%,GBX,NYSE:GBX,0.017,$45.33,8.10%
NASDAQ:GCT,11 Feb 2026,$42.86,3,$33.00,7,5.00,$36.09,-8.56%,,,,$0.00,-100.00%,$107.11,196.78%,$110.93,207.37%,GCT,NASDAQ:GCT,-1.000,$56.75,-41.85%
NYSE:GCTS,2 Feb 2026,$1.46,3,$3.50,7,5.00,$1.95,-25.13%,,,,$0.00,-100.00%,$0.24,-87.82%,$0.28,-85.60%,GCTS,NYSE:GCTS,-1.000,$3.70,-5.41%
NYSE:GDDY,11 Feb 2026,$143.01,3,$171.11,7,4.01,$93.16,53.51%,,,,$0.00,-100.00%,$263.28,182.61%,$275.99,196.25%,GDDY,NYSE:GDDY,-1.000,$111.93,52.87%
NASDAQ:GDS,16 Feb 2026,$38.86,1,$51.45,10,,$31.63,22.87%,,,,,-100.00%,-$2.00,-106.32%,-$2.00,-106.32%,GDS,NASDAQ:GDS,-2.000,,
NASDAQ:GDYN,27 Jan 2026,$17.06,3,$12.25,1,5.00,$5.69,115.29%,,,,$0.00,-100.00%,$11.59,103.62%,$15.38,170.26%,GDYN,NASDAQ:GDYN,-1.000,$8.20,49.39%
NYSE:GEF,5 Sep 2025,$73.44,5,$80.00,2,2.95,$78.62,-6.58%,,,,$80.46,2.34%,$137.12,74.41%,$294.06,274.02%,GEF,NYSE:GEF,0.180,$77.40,3.36%
NYSE:GES,15 Aug 2025,$28.70,3,$13.00,5,,#N/A,#N/A,,,,$0.00,#N/A,$45.11,#N/A,$55.78,#N/A,GES,NYSE:GES,-1.000,$16.75,-22.39%
NASDAQ:GFS,9 Feb 2026,$46.85,4,$39.80,4,5.00,$53.53,-25.65%,,,,$0.00,-100.00%,$64.42,20.34%,$87.40,63.28%,GFS,NASDAQ:GFS,-1.000,$81.00,-50.86%
NASDAQ:GGAL,11 Sep 2025,$34.39,3,$38.00,5,,$49.30,-30.25%,,,,,-100.00%,-$2.00,-104.06%,-$2.00,-104.06%,GGAL,NASDAQ:GGAL,-2.000,,
NYSE:GGB,4 Jan 2026,$3.55,3,$4.60,9,2.53,$4.81,-26.12%,,,,$4.78,-0.62%,$3.86,-19.81%,$9.64,100.47%,GGB,NYSE:GGB,-0.048,$5.62,-18.15%
NYSE:GGG,6 Nov 2025,$84.33,3,$93.50,1,3.08,$79.50,6.08%,,,,$82.37,3.61%,$122.34,53.89%,$128.75,61.95%,GGG,NYSE:GGG,0.205,$90.29,3.56%
NYSE:GHC,15 Oct 2025,$995.96,4,,4,2.14,"$1,154.88",-13.76%,,,,"$1,155.93",0.09%,"$1,191.06",3.13%,"$2,344.12",102.97%,GHC,NYSE:GHC,-0.149,$990.00,
NYSE:GHM,28 Oct 2025,$48.90,2,,,0.47,$103.93,-52.95%,,,,$96.60,-7.05%,$118.39,13.91%,$126.81,22.02%,GHM,NYSE:GHM,-0.984,$130.75,
NYSE:GIB,19 Jan 2026,$107.59,5,$129.19,3,1.21,$66.43,61.96%,,,,$62.75,-5.54%,$141.13,112.45%,$182.00,173.98%,GIB,NYSE:GIB,-0.612,$71.55,80.56%
NYSE:GIS,27 Mar 2026,$54.42,5,$40.93,2,3.52,$36.03,13.60%,,,,$37.25,3.39%,$32.77,-9.06%,$45.94,27.50%,GIS,NYSE:GIS,0.421,$37.56,8.97%
NYSE:GKOS,11 Dec 2025,$119.46,3,$118.10,3,,$153.58,-23.10%,,,,,-100.00%,-$2.00,-101.30%,-$2.00,-101.30%,GKOS,NYSE:GKOS,-2.000,,
NASDAQ:GLDD,4 Nov 2025,$12.92,3,$14.00,7,,#N/A,#N/A,,,,$0.00,#N/A,$34.59,#N/A,$43.32,#N/A,GLDD,NASDAQ:GLDD,-1.000,$17.00,-17.65%
NYSE:GLOB,4 May 2026,$71.94,3,$63.17,7,5.00,$31.30,101.82%,,,,$0.00,-100.00%,$44.49,42.13%,$78.11,149.55%,GLOB,NYSE:GLOB,-1.000,$55.68,13.45%
NASDAQ:GLRE,13 Nov 2025,$15.68,4,,1,0.33,$16.99,-7.71%,,,,$15.92,-6.30%,$44.16,159.91%,$44.18,160.05%,GLRE,NASDAQ:GLRE,-0.898,$1.00,
NYSE:GLW,26 Jan 2026,$93.28,1,,,3.61,$146.65,-36.39%,,,,$161.66,10.24%,$132.05,-9.95%,$159.02,8.44%,GLW,NYSE:GLW,0.381,$215.47,
NYSE:GM,15 Dec 2025,$80.89,1,,1,2.92,$82.64,-2.12%,,,,$85.33,3.26%,$11.84,-85.67%,$147.12,78.02%,GM,NYSE:GM,0.124,$97.81,
NYSE:GME,23 Aug 2024,$28.89,3,,,1.19,$21.17,36.46%,,,,$0.00,-100.00%,$57.83,173.19%,$58.45,176.09%,GME,NYSE:GME,-1.000,$13.50,
NYSE:GMED,11 Dec 2025,$101.94,3,$94.50,9,0.63,$76.49,23.55%,,,,$72.45,-5.28%,$163.68,113.98%,$203.14,165.58%,GMED,NYSE:GMED,-0.936,$105.75,-10.64%
NYSE:GMRE,23 Dec 2025,$53.07,3,$40.70,9,,#N/A,#N/A,,,,,#N/A,-$2.00,#N/A,-$2.00,#N/A,GMRE,NYSE:GMRE,-2.000,,
NASDAQ:GNLN,15 Jul 2025,$4.44,3,,,,$2.11,110.19%,,,,,-100.00%,-$2.00,-194.79%,-$2.00,-194.79%,GNLN,NASDAQ:GNLN,-2.000,,
NYSE:GNRC,11 Nov 2025,$159.25,3,$205.69,9,0.80,$202.01,-21.17%,,,,$192.63,-4.64%,$220.80,9.30%,$255.99,26.72%,GNRC,NYSE:GNRC,-0.868,$293.75,-29.98%
NYSEAMERICAN:GNS,18 Aug 2025,$0.99,,$1.00,3,,$0.17,482.35%,,,,,-100.00%,-$2.00,-1276.47%,-$2.00,-1276.47%,GNS,NYSEAMERICAN:GNS,-2.000,,
NYSE:GNTY,2 Oct 2025,$48.75,1,,,,#N/A,#N/A,,,,,#N/A,-$2.00,#N/A,-$2.00,#N/A,GNTY,NYSE:GNTY,-2.000,,
NASDAQ:GOOD,31 Aug 2025,$17.01,5,$15.00,5,3.54,$12.96,15.74%,,,,$13.42,3.55%,$13.58,4.75%,$31.79,145.29%,GOOD,NASDAQ:GOOD,0.423,$13.88,8.07%
NASDAQ:GOOG,27 Feb 2026,$301.88,3,,,2.75,$319.09,-5.39%,,,,$328.96,3.09%,$474.84,48.81%,$527.08,65.18%,GOOG,NASDAQ:GOOG,0.012,$430.07,
NASDAQ:GOOGL,17 Apr 2026,$309.14,3,$385.97,8,2.97,$319.74,-3.31%,,,,$330.08,3.23%,$466.46,45.89%,$515.67,61.28%,GOOGL,NASDAQ:GOOGL,0.106,$433.55,-10.97%
NYSEAMERICAN:GORO,20 Aug 2025,$0.83,,$1.25,5,,#N/A,#N/A,,,,,#N/A,-$2.00,#N/A,-$2.00,#N/A,GORO,NYSEAMERICAN:GORO,-2.000,,
NYSE:GOTU,3 Sep 2025,$6.27,3,,4,,$1.56,301.86%,,,,,-100.00%,-$2.00,-228.21%,-$2.00,-228.21%,GOTU,NYSE:GOTU,-2.000,,
NYSE:GPC,14 Sep 2023,$168.90,4,,,2.88,$124.21,35.98%,,,,$126.69,2.00%,$82.29,-33.75%,$118.77,-4.38%,GPC,NYSE:GPC,0.120,$137.88,
NYSE:GPOR,22 Jan 2026,$170.96,3,$231.50,7,5.00,$157.27,8.71%,,,,$0.00,-100.00%,$363.19,130.93%,$523.75,233.03%,GPOR,NYSE:GPOR,-1.000,$233.91,-1.03%
NYSE:GPRK,22 Sep 2025,$10.05,3,$7.75,2,4.13,$10.00,-22.50%,,,,$10.77,7.70%,$5.76,-42.42%,$23.09,130.85%,GPRK,NYSE:GPRK,0.684,$10.72,-27.71%
NASDAQ:GPRO,27 Jan 2026,$1.35,3,$1.30,5,5.00,$0.67,94.03%,,,,$0.00,-100.00%,$4.74,607.95%,$3.99,495.96%,GPRO,NASDAQ:GPRO,-1.000,$1.30,0.00%
NASDAQ:GRAB,3 Sep 2025,$4.97,3,$6.03,6,5.00,$3.31,50.15%,,,,$0.00,-100.00%,$4.81,45.18%,$3.40,2.75%,GRAB,NASDAQ:GRAB,-1.000,$5.88,2.55%
NYSE:GRBK,27 Feb 2026,$85.87,4,,8,,$72.48,18.47%,,,,,-100.00%,-$2.00,-102.76%,-$2.00,-102.76%,GRBK,NYSE:GRBK,-2.000,,
NYSE:GRMN,2 Feb 2026,$214.19,3,$240.50,6,,$243.03,-11.87%,,,,,-100.00%,-$2.00,-100.82%,-$2.00,-100.82%,GRMN,NYSE:GRMN,-2.000,,
NYSE:GRND,27 Jan 2026,$13.86,3,$22.00,2,4.33,$14.85,-6.68%,,,,$0.00,-100.00%,$21.26,43.17%,$21.72,46.24%,GRND,NYSE:GRND,-1.000,$18.80,17.02%
NYSE:GS,24 Feb 2026,$814.68,2,,,3.07,"$1,061.23",-23.23%,,,,"$1,100.64",3.71%,$0.00,-100.00%,$0.00,-100.00%,GS,NYSE:GS,0.216,"$1,134.40",
NASDAQ:GSBC,27 May 2026,$73.74,3,$65.00,2,2.90,$79.25,-17.98%,,,,$81.81,3.23%,$0.00,-100.00%,$0.00,-100.00%,GSBC,NASDAQ:GSBC,0.164,$76.00,-14.47%
NASDAQ:GSIT,28 Jan 2026,$9.51,3,,7,5.00,$5.63,68.87%,,,,$0.00,-100.00%,$5.89,4.59%,$5.93,5.41%,GSIT,NASDAQ:GSIT,-1.000,$8.00,
NYSE:GSL,4 Mar 2026,$37.11,3,,5,3.99,$43.61,-14.90%,,,,$45.50,4.33%,$167.48,284.05%,$216.56,396.58%,GSL,NYSE:GSL,0.619,$48.00,
NASDAQ:GSM,15 Aug 2025,$7.64,3,$4.00,4,2.90,$3.36,19.05%,,,,$3.47,3.27%,$10.69,218.09%,$9.18,173.32%,GSM,NASDAQ:GSM,0.067,$6.00,-33.33%
NASDAQ:GT,20 Sep 2025,$10.53,4,$11.42,10,3.17,$7.21,46.05%,,,,$0.00,-100.00%,$76.59,962.31%,$75.72,950.17%,GT,NASDAQ:GT,-1.000,$7.46,53.08%
NYSE:GTES,12 May 2025,$25.10,5,$23.20,4,3.90,$26.89,-13.72%,,,,$0.00,-100.00%,$22.98,-14.53%,$36.95,37.40%,GTES,NYSE:GTES,-1.000,$31.73,-26.88%
NYSE:GTLS,23 Dec 2025,$198.45,3,$211.00,1,2.87,$209.90,-5.46%,,,,$0.00,-100.00%,$232.59,10.81%,$326.54,55.57%,GTLS,NYSE:GTLS,-1.000,$204.43,3.21%
NASDAQ:GTM,30 Mar 2026,$9.68,3,,,1.02,$2.92,231.51%,,,,$2.82,-3.42%,$7.03,140.79%,$12.18,317.22%,GTM,NASDAQ:GTM,-0.769,$4.96,
NYSE:GTY,19 Sep 2025,$32.43,4,$32.00,4,3.45,$34.80,-8.05%,,,,$36.04,3.56%,$49.26,41.54%,$38.33,10.14%,GTY,NYSE:GTY,0.401,$34.71,-7.81%
NYSE:GVA,12 Jun 2025,$88.52,3,,,1.96,$124.47,-28.88%,,,,$125.11,0.51%,$294.65,136.72%,$283.35,127.64%,GVA,NYSE:GVA,-0.342,$169.00,
NYSE:GWH,14 Jan 2026,$3.79,3,$3.50,3,5.00,$0.75,366.67%,,,,$0.00,-100.00%,-$5.51,-834.18%,-$4.98,-763.88%,GWH,NYSE:GWH,-1.000,$2.00,75.00%
NYSE:GWW,23 Aug 2025,$866.00,2,,,3.05,"$1,382.60",-37.36%,,,,"$1,414.12",2.28%,"$1,813.84",31.19%,"$1,874.64",35.59%,GWW,NYSE:GWW,0.237,"$1,292.29",
NYSE:HAE,16 Dec 2025,$105.08,3,$86.29,9,3.50,$78.78,9.53%,,,,$0.00,-100.00%,$92.12,16.93%,$115.43,46.52%,HAE,NYSE:HAE,-1.000,$86.60,-0.36%
NASDAQ:HAFC,27 May 2026,$31.91,3,$32.83,5,3.38,$31.69,0.68%,,,,$33.09,4.42%,$0.00,-100.00%,$0.00,-100.00%,HAFC,NASDAQ:HAFC,0.353,$33.62,-2.35%
NYSE:HASI,27 Jan 2026,$36.24,3,$40.27,9,3.60,$38.37,-5.56%,,,,$39.73,3.54%,$5.75,-85.00%,$5.86,-84.72%,HASI,NYSE:HASI,0.405,$49.27,-18.27%
NASDAQ:HBAN,6 Apr 2026,$16.83,4,$19.75,9,3.48,$17.36,-3.05%,,,,$17.90,3.11%,-$98.26,-665.99%,-$94.60,-644.92%,HBAN,NASDAQ:HBAN,0.375,$20.51,-3.71%
NASDAQ:HBCP,1 Jun 2026,$67.68,3,$69.00,3,2.96,$70.21,-3.60%,,,,$72.38,3.09%,$0.00,-100.00%,$0.00,-100.00%,HBCP,NASDAQ:HBCP,0.185,$69.38,-0.55%
NYSE:HBM,2 Apr 2026,$15.01,2,$28.81,10,,$22.35,-32.82%,,,,,-100.00%,-$2.00,-108.95%,-$2.00,-108.95%,HBM,NYSE:HBM,-2.000,,
NASDAQ:HBNC,19 Nov 2025,$17.31,3,$19.83,9,2.66,$20.06,-13.71%,,,,$20.67,3.04%,-$50.99,-354.21%,-$47.96,-339.11%,HBNC,NASDAQ:HBNC,0.032,$21.40,-7.34%
NASDAQ:HBT,2 Oct 2025,$24.23,3,$29.50,7,2.92,$33.29,-27.23%,,,,$34.04,2.25%,-$86.86,-360.92%,-$83.62,-351.18%,HBT,NASDAQ:HBT,0.167,$32.80,-10.06%
NYSE:HCA,13 Apr 2026,$417.60,2,$551.50,1,2.83,$382.19,9.27%,,,,$405.87,6.20%,$388.78,1.72%,$659.08,72.45%,HCA,NYSE:HCA,0.074,$467.60,17.94%
NYSE:HCC,11 Dec 2025,$71.17,3,,,1.60,$80.07,-11.12%,,,,$79.54,-0.66%,$85.54,6.83%,$106.72,33.28%,HCC,NYSE:HCC,-0.484,$103.00,
NASDAQ:HCKT,16 Feb 2026,$21.62,3,$27.00,4,3.43,$9.71,122.67%,,,,$10.10,4.02%,$19.88,104.71%,$21.56,122.06%,HCKT,NASDAQ:HCKT,0.302,$17.67,52.80%
NASDAQ:HCSG,20 Dec 2023,$15.43,3,,,1.12,$22.74,-32.15%,,,,$21.98,-3.34%,$0.00,-100.00%,$0.00,-100.00%,HCSG,NASDAQ:HCSG,-0.677,$26.80,
NASDAQ:HCTI,11 Jul 2025,$0.04,3,,,,$1.62,-97.84%,,,,,-100.00%,-$2.00,-223.46%,-$2.00,-223.46%,HCTI,NASDAQ:HCTI,-2.000,,
NYSE:HDB,21 Oct 2025,$30.79,2,,,4.46,$23.23,32.56%,,,,$24.71,6.37%,$0.00,-100.00%,$0.00,-100.00%,HDB,NYSE:HDB,0.760,$33.95,
NYSE:HE,18 Nov 2025,$12.33,3,$11.13,7,2.72,$13.50,-17.56%,,,,$0.00,-100.00%,-$17.33,-228.34%,-$16.88,-225.06%,HE,NYSE:HE,-1.000,$12.75,-12.71%
NYSE:HEI,2 May 2025,$235.97,3,$274.82,7,1.03,$349.61,-32.51%,,,,$334.88,-4.21%,$584.54,67.20%,$649.65,85.82%,HEI,NYSE:HEI,-0.698,$386.53,-28.90%
NYSE:HEI.A,5 May 2025,$186.04,3,,,1.31,$253.40,-26.58%,,,,$243.01,-4.10%,$402.43,58.81%,$445.00,75.61%,HEI.A,NYSE:HEI.A,-0.608,$320.00,
NASDAQ:HELE,3 Nov 2023,$131.05,4,,,3.44,$28.47,360.30%,,,,$0.00,-100.00%,$21.72,-23.70%,-$14.90,-152.35%,HELE,NASDAQ:HELE,-1.000,$31.00,
NASDAQ:HFWA,19 Jun 2026,$30.72,3,$32.00,4,3.55,$30.16,1.86%,,,,$31.79,5.40%,-$132.76,-540.18%,-$131.86,-537.21%,HFWA,NASDAQ:HFWA,0.434,$31.40,1.91%
NYSE:HG,9 Sep 2025,$24.44,3,$25.43,7,,$36.16,-32.41%,,,,,-100.00%,-$2.00,-105.53%,-$2.00,-105.53%,HG,NYSE:HG,-2.000,,
NYSE:HI,6 Nov 2025,$42.28,5,$32.00,7,,#N/A,#N/A,,,,,#N/A,-$2.00,#N/A,-$2.00,#N/A,HI,NYSE:HI,-2.000,,
NASDAQ:HIFS,10 Oct 2025,$271.84,3,,7,2.58,$279.37,-2.70%,,,,$293.17,4.94%,$0.00,-100.00%,$0.00,-100.00%,HIFS,NASDAQ:HIFS,0.032,,
NYSE:HIMS,20 Aug 2025,$35.82,2,,,0.72,$28.09,27.53%,,,,$27.38,-2.53%,$29.12,3.66%,$32.30,15.00%,HIMS,NYSE:HIMS,-0.814,$28.42,
NASDAQ:HIMX,16 Feb 2026,$9.25,5,,,2.57,$12.62,-26.70%,,,,$12.63,0.08%,$14.36,13.79%,$15.66,24.11%,HIMX,NASDAQ:HIMX,-0.079,$23.70,
NYSE:HLIO,6 Nov 2025,$52.24,3,,,2.71,$79.83,-34.56%,,,,$82.24,3.02%,$85.78,7.45%,$103.82,30.05%,HLIO,NYSE:HLIO,0.049,$88.50,
NASDAQ:HLIT,5 Feb 2026,$11.73,3,$13.00,5,4.83,$11.19,4.87%,,,,$0.00,-100.00%,$21.55,92.60%,$22.77,103.47%,HLIT,NASDAQ:HLIT,-1.000,$15.29,-14.98%
NASDAQ:HLMN,25 Jul 2023,$11.24,3,,,,$7.97,41.07%,,,,,-100.00%,-$2.00,-125.09%,-$2.00,-125.09%,HLMN,NASDAQ:HLMN,-2.000,,
NYSE:HMC,26 Mar 2026,$30.58,5,,5,2.84,$28.16,8.61%,,,,$28.82,2.34%,-$2.68,-109.53%,$135.65,381.73%,HMC,NYSE:HMC,0.106,$30.91,
NYSE:HNI,8 Jan 2025,$45.54,2,,,3.20,$41.62,9.41%,,,,$43.07,3.48%,$32.10,-22.87%,$43.24,3.88%,HNI,NYSE:HNI,0.198,$69.00,
NASDAQ:HNRG,16 Dec 2024,$15.00,3,,8,5.00,$15.24,-1.57%,,,,$0.00,-100.00%,$18.91,24.08%,$28.67,88.13%,HNRG,NASDAQ:HNRG,-1.000,$30.33,
NYSE:HOMB,2 Oct 2025,$27.30,2,$32.17,6,2.43,$30.98,-11.89%,,,,$31.15,0.55%,$0.00,-100.00%,$0.00,-100.00%,HOMB,NYSE:HOMB,-0.067,$33.00,-2.52%
NASDAQ:HON,2 Jul 2026,,1,$446.29,9,3.13,$243.15,83.55%,83.55%,$446.29,$446.29,$253.41,4.22%,$282.90,16.35%,$322.75,32.74%,HON,NASDAQ:HON,0.255,$245.88,81.51%
NASDAQ:HONE,2 Oct 2025,$15.33,3,$13.00,2,,#N/A,#N/A,,,,,#N/A,-$2.00,#N/A,-$2.00,#N/A,HONE,NASDAQ:HONE,-2.000,,
NASDAQ:HOOD,2 Sep 2025,$86.65,2,$113.71,7,4.40,$94.91,-8.71%,,,,$0.00,-100.00%,$120.07,26.51%,$121.50,28.02%,HOOD,NASDAQ:HOOD,-1.000,$121.40,-6.33%
NASDAQ:HOPE,2 Oct 2025,$14.53,4,$13.00,4,4.08,$13.45,-3.35%,,,,$14.15,5.20%,-$102.76,-864.03%,-$98.56,-832.79%,HOPE,NASDAQ:HOPE,0.665,$14.38,-9.60%
NYSE:HOV,26 Mar 2025,$163.07,3,$125.00,1,1.00,$133.89,-6.64%,,,,$0.00,-100.00%,$546.34,308.05%,$566.84,323.36%,HOV,NYSE:HOV,-1.000,$74.00,68.92%
NASDAQ:HOVR,12 Dec 2024,$2.00,3,,6,5.00,$1.78,12.36%,,,,$0.00,-100.00%,$2.41,35.64%,$2.42,35.92%,HOVR,NASDAQ:HOVR,-1.000,$8.33,
NYSE:HP,22 Jan 2026,$39.81,4,$33.25,5,3.38,$35.34,-5.91%,,,,$36.84,4.24%,$39.47,11.67%,$82.01,132.07%,HP,NYSE:HP,0.335,$40.80,-18.50%
NYSE:HPE,12 Aug 2025,$26.45,3,,,3.30,$47.69,-44.54%,,,,$50.34,5.56%,$49.55,3.91%,$91.50,91.87%,HPE,NYSE:HPE,0.258,$64.13,
NASDAQ:HPK,22 Sep 2025,$12.06,3,$7.00,3,2.64,$7.65,-8.50%,,,,$8.23,7.58%,$0.01,-99.82%,$17.54,129.23%,HPK,NASDAQ:HPK,0.035,$7.88,-11.17%
NYSE:HPQ,30 Mar 2026,$24.72,3,$18.58,2,3.36,$25.75,-27.84%,,,,$26.71,3.73%,$15.39,-40.25%,$26.13,1.49%,HPQ,NYSE:HPQ,0.384,$22.98,-19.15%
NYSE:HRL,6 Nov 2024,$31.61,3,,,3.09,$25.31,24.87%,,,,$26.00,2.73%,$25.82,2.02%,$30.65,21.11%,HRL,NYSE:HRL,0.226,$26.88,
NASDAQ:HSAI,1 Sep 2025,$21.70,3,$27.74,9,,$14.60,48.63%,,,,,-100.00%,-$2.00,-113.70%,-$2.00,-113.70%,HSAI,NASDAQ:HSAI,-2.000,,
NYSE:HSBC,19 Aug 2025,$64.63,3,,,,$103.40,-37.50%,,,,,-100.00%,-$2.00,-101.93%,-$2.00,-101.93%,HSBC,NYSE:HSBC,-2.000,,
NASDAQ:HSIC,20 Aug 2025,$69.76,3,,,3.18,$85.47,-18.38%,,,,$0.00,-100.00%,$86.43,1.12%,$106.58,24.70%,HSIC,NASDAQ:HSIC,-1.000,$88.50,
NASDAQ:HSII,15 Dec 2025,$59.01,1,,1,,#N/A,#N/A,,,,,#N/A,-$2.00,#N/A,-$2.00,#N/A,HSII,NASDAQ:HSII,-2.000,,
NASDAQ:HST,20 Apr 2026,$19.63,3,$21.71,6,2.62,$24.50,-19.89%,,,,$25.13,2.57%,$39.10,59.58%,$57.26,133.70%,HST,NASDAQ:HST,0.031,$24.75,-12.28%
NYSE:HTB,19 Nov 2025,$38.55,3,,,2.49,$48.70,-20.84%,,,,$49.15,0.92%,$206.51,324.04%,$217.33,346.27%,HTB,NYSE:HTB,-0.042,$51.81,
NASDAQ:HTBK,13 Apr 2026,$12.56,3,$15.00,6,,#N/A,#N/A,,,,,#N/A,-$2.00,#N/A,-$2.00,#N/A,HTBK,NASDAQ:HTBK,-2.000,,
NASDAQ:HTZ,22 Dec 2023,$16.71,3,,,5.00,$1.81,823.20%,,,,$0.00,-100.00%,-$72.89,-4127.07%,$22.62,1149.80%,HTZ,NASDAQ:HTZ,-1.000,$4.17,
NYSE:HUBS,8 Jul 2024,$562.84,3,,,4.67,$204.89,174.70%,,,,$0.00,-100.00%,$357.38,74.42%,$394.54,92.56%,HUBS,NYSE:HUBS,-1.000,$273.45,
NYSE:HUYA,26 Aug 2025,$4.89,4,$5.00,7,,$2.36,107.16%,,,,,-100.00%,-$2.00,-184.75%,-$2.00,-184.75%,HUYA,NYSE:HUYA,-2.000,,
NYSE:HVT,20 Mar 2026,$26.93,4,,4,3.35,$24.91,8.09%,,,,$25.94,4.13%,$37.99,52.52%,$49.41,98.36%,HVT,NYSE:HVT,0.316,$29.50,
NASDAQ:HWC,10 Oct 2025,$58.42,2,,,3.01,$76.20,-23.33%,,,,$78.57,3.11%,$0.00,-100.00%,$0.00,-100.00%,HWC,NASDAQ:HWC,0.190,$81.80,
NYSE:HWM,3 Sep 2025,$148.98,2,,,1.08,$289.26,-48.50%,,,,$283.76,-1.90%,$332.93,15.10%,$344.93,19.25%,HWM,NYSE:HWM,-0.671,$311.68,
NASDAQ:IART,11 Dec 2025,$22.26,3,$12.33,2,2.70,$19.79,-37.70%,,,,$0.00,-100.00%,-$1.31,-106.60%,$12.59,-36.40%,IART,NASDAQ:IART,-1.000,$18.62,-33.78%
NASDAQ:IBEX,30 Jan 2026,$37.25,3,$41.00,9,3.60,$33.46,11.32%,,,,$0.00,-100.00%,$54.67,63.40%,$78.71,135.23%,IBEX,NASDAQ:IBEX,-1.000,$37.50,9.33%
NASDAQ:IBKR,23 Aug 2025,$51.95,1,$67.92,10,1.35,$91.74,-43.37%,,,,$89.13,-2.84%,$0.00,-100.00%,$0.00,-100.00%,IBKR,NASDAQ:IBKR,-0.564,$105.41,-35.57%
NYSE:IBM,27 Jan 2026,$263.05,1,$321.27,10,3.44,$214.19,22.81%,,,,$221.67,3.49%,$408.19,90.57%,$492.74,130.05%,IBM,NYSE:IBM,0.345,$262.85,22.23%
NYSE:IBN,2 Oct 2025,$29.15,3,,3,1.91,$29.51,-1.22%,,,,$29.53,0.07%,$159.49,440.45%,$163.36,453.58%,IBN,NYSE:IBN,-0.330,$35.83,
NASDAQ:IBOC,1 Jun 2026,$77.76,3,,4,3.41,$76.79,1.26%,,,,$79.12,3.03%,-$9.87,-112.85%,-$3.44,-104.48%,IBOC,NASDAQ:IBOC,0.352,$87.00,
NYSE:IBP,7 Jan 2025,$148.52,2,$231.00,6,2.19,$227.43,-34.70%,,,,$223.46,-1.75%,$320.37,40.87%,$381.10,67.57%,IBP,NYSE:IBP,-0.167,$233.27,-0.97%
NYSE:ICE,24 Oct 2025,$156.00,3,,,2.90,$145.79,7.00%,,,,$148.76,2.04%,$14.01,-90.39%,$58.20,-60.08%,ICE,NYSE:ICE,0.101,$181.93,
NASDAQ:ICHR,2 Jan 2026,$31.56,3,$24.80,2,3.33,$86.55,-71.35%,,,,$0.00,-100.00%,$92.45,6.82%,$102.74,18.70%,ICHR,NASDAQ:ICHR,-1.000,$92.29,-73.13%
NASDAQ:ICON,23 Jan 2026,$3.43,3,$2.00,,,$0.97,106.19%,,,,,-100.00%,-$2.00,-306.19%,-$2.00,-306.19%,ICON,NASDAQ:ICON,-2.000,,
NYSE:IDA,18 Sep 2025,$114.64,2,,,2.43,$148.57,-22.84%,,,,$150.36,1.20%,$10.62,-92.85%,$54.53,-63.30%,IDA,NYSE:IDA,-0.070,$158.90,
NASDAQ:IDCC,21 Jan 2026,$317.69,3,,,2.54,$258.30,22.99%,,,,$256.71,-0.62%,$276.30,6.97%,$324.79,25.74%,IDCC,NASDAQ:IDCC,-0.095,$462.67,
NASDAQ:IEP,22 Nov 2023,$27.45,3,,,3.57,$7.69,256.91%,,,,$7.93,3.12%,$13.82,79.75%,$21.14,174.85%,IEP,NASDAQ:IEP,0.364,$12.00,
NASDAQ:IESC,23 Aug 2025,$257.92,2,,,,$626.07,-58.80%,,,,,-100.00%,-$2.00,-100.32%,-$2.00,-100.32%,IESC,NASDAQ:IESC,-2.000,,
NYSE:IEX,28 Oct 2025,$189.30,3,$194.86,8,2.69,$223.27,-15.21%,,,,$228.37,2.28%,$246.59,10.44%,$273.69,22.58%,IEX,NYSE:IEX,0.044,$239.43,-18.62%
NYSE:IFS,27 May 2026,$48.43,3,$61.50,9,3.12,$59.73,-18.92%,,,,$61.55,3.05%,$298.66,400.02%,$324.45,443.19%,IFS,NYSE:IFS,0.234,$65.13,-5.57%
NASDAQ:IGIC,23 Jun 2026,$24.69,3,,,,$28.78,-14.21%,,,,,-100.00%,-$2.00,-106.95%,-$2.00,-106.95%,IGIC,NASDAQ:IGIC,-2.000,,
NYSE:IHS,4 Mar 2026,$6.80,2,$8.50,7,3.01,$8.23,-17.38%,,,,$0.00,-100.00%,$19.63,138.56%,$29.32,256.25%,IHS,NYSE:IHS,-1.000,$8.25,3.03%
NASDAQ:III,5 Feb 2026,$5.27,3,$6.50,8,2.20,$3.86,36.61%,,,,$3.87,0.26%,$5.93,53.52%,$7.06,83.01%,III,NASDAQ:III,-0.243,$6.67,-2.55%
NASDAQ:IMKTA,19 Mar 2026,$96.09,3,,5,2.88,$85.83,11.95%,,,,$87.69,2.17%,$197.33,129.91%,$277.89,223.77%,IMKTA,NASDAQ:IMKTA,0.152,,
NASDAQ:IMMP,15 Dec 2025,$2.06,3,$12.00,7,,$0.38,442.74%,,,,,-100.00%,-$2.00,-626.32%,-$2.00,-626.32%,IMMP,NASDAQ:IMMP,-2.000,,
NYSEAMERICAN:IMO,24 Oct 2025,$89.93,1,,,,$128.48,-30.00%,,,,,-100.00%,-$2.00,-101.56%,-$2.00,-101.56%,IMO,NYSEAMERICAN:IMO,-2.000,,
NASDAQ:IMOS,28 Jan 2026,$41.27,3,,6,,$55.17,-25.19%,,,,,-100.00%,-$2.00,-103.63%,-$2.00,-103.63%,IMOS,NASDAQ:IMOS,-2.000,,
NASDAQ:IMPP,16 Feb 2026,$3.71,3,$6.00,7,,$4.76,-21.99%,,,,,-100.00%,-$2.00,-142.02%,-$2.00,-142.02%,IMPP,NASDAQ:IMPP,-2.000,,
NASDAQ:IMRN,15 Dec 2025,$1.93,4,,,,$1.11,74.00%,,,,,-100.00%,-$2.00,-280.18%,-$2.00,-280.18%,IMRN,NASDAQ:IMRN,-2.000,,
NASDAQ:IMXI,14 Feb 2026,$28.35,3,,3,0.55,$13.03,117.57%,,,,$12.50,-4.07%,$51.64,296.35%,$56.34,332.37%,IMXI,NASDAQ:IMXI,-0.941,$16.00,
NASDAQ:INDB,20 Mar 2026,$77.46,3,$86.67,6,2.81,$85.12,-9.00%,,,,$87.32,2.58%,$0.00,-100.00%,$0.00,-100.00%,INDB,NASDAQ:INDB,0.099,$91.71,-5.50%
NASDAQ:INDI,16 Feb 2026,$5.81,4,$8.00,5,5.00,$3.47,67.34%,,,,$0.00,-100.00%,$0.85,-75.53%,$1.51,-56.48%,INDI,NASDAQ:INDI,-1.000,$5.91,35.36%
NYSE:ING,27 Aug 2025,$23.00,3,,,3.55,$32.83,-29.94%,,,,$33.98,3.50%,-$243.11,-840.52%,-$235.65,-817.78%,ING,NYSE:ING,0.438,$33.67,
NYSE:INGM,22 Feb 2026,$26.24,5,,,2.41,$29.44,-10.87%,,,,$29.61,0.58%,$30.24,2.73%,$28.07,-4.64%,INGM,NYSE:INGM,-0.084,$32.58,
NASDAQ:INGN,11 Dec 2025,$9.54,4,$13.00,6,5.00,$6.15,55.18%,,,,$0.00,-100.00%,$5.19,-15.58%,$11.00,78.93%,INGN,NASDAQ:INGN,-1.000,$12.67,2.60%
NYSE:INGR,26 Aug 2025,$23.71,3,,,2.82,$101.12,-76.55%,,,,$103.19,2.05%,$307.29,203.89%,$343.40,239.59%,INGR,NYSE:INGR,0.076,$121.17,
NASDAQ:INOD,26 Jan 2026,$55.24,3,,,5.00,$55.89,-1.16%,,,,$0.00,-100.00%,$102.50,83.40%,$105.67,89.07%,INOD,NASDAQ:INOD,-1.000,$122.75,
NASDAQ:INSG,5 Feb 2026,$12.35,3,,,5.00,$6.66,85.47%,,,,$0.00,-100.00%,$5.48,-17.78%,$10.84,62.74%,INSG,NASDAQ:INSG,-1.000,$21.25,
NYSE:INSP,4 Dec 2025,$192.39,3,$117.67,8,3.32,$49.19,139.22%,,,,$0.00,-100.00%,$57.87,17.64%,$65.82,33.81%,INSP,NYSE:INSP,-1.000,$52.38,124.65%
NASDAQ:INTA,22 Jan 2026,$50.05,3,$50.05,6,4.14,$27.47,82.20%,,,,$0.00,-100.00%,$50.09,82.33%,$53.40,94.40%,INTA,NASDAQ:INTA,-1.000,$33.71,48.47%
NASDAQ:INTC,19 Jan 2026,$31.91,1,$42.36,6,,$92.32,-65.44%,,,,,-100.00%,-$2.00,-102.17%,-$2.00,-102.17%,INTC,NASDAQ:INTC,-2.000,,
NASDAQ:INTR,24 Jun 2026,$6.34,4,$8.60,7,3.49,$5.29,19.85%,,,,$5.66,6.99%,-$27.03,-610.94%,-$24.43,-561.76%,INTR,NASDAQ:INTR,0.330,$9.33,-7.82%
NYSE:INVH,16 Sep 2025,$35.78,5,$35.79,1,3.06,$29.78,20.16%,,,,$30.43,2.18%,$39.62,33.03%,$60.68,103.78%,INVH,NYSE:INVH,0.204,$32.78,9.18%
NYSE:IONQ,23 Dec 2025,$39.58,3,$75.91,9,5.00,$32.84,20.53%,,,,$0.00,-100.00%,$28.14,-14.30%,$28.44,-13.39%,IONQ,NYSE:IONQ,-1.000,$69.11,9.84%
NYSE:IP,10 Jul 2025,$49.22,3,$190.70,,2.23,$42.16,#REF!,,,,$38.11,-9.61%,$13.16,-68.79%,$59.42,40.93%,IP,NYSE:IP,-0.147,$42.73,346.29%
NASDAQ:IPGP,4 Feb 2026,$89.57,3,,,5.00,$91.70,-2.32%,,,,$0.00,-100.00%,$129.24,40.94%,$140.83,53.58%,IPGP,NASDAQ:IPGP,-1.000,$131.93,
NASDAQ:IPWR,9 Feb 2026,$5.25,3,,4,,$3.98,31.90%,,,,,-100.00%,-$2.00,-150.25%,-$2.00,-150.25%,IPWR,NASDAQ:IPWR,-2.000,,
NASDAQ:IQ,29 Nov 2024,$3.18,3,,,4.31,$1.22,160.49%,,,,$0.00,-100.00%,-$4.77,-491.17%,-$0.43,-134.89%,IQ,NASDAQ:IQ,-1.000,$1.54,
NYSE:IR,11 Nov 2025,$79.48,3,$87.67,6,,$84.40,-5.83%,,,,,-100.00%,-$2.00,-102.37%,-$2.00,-102.37%,IR,NYSE:IR,-2.000,,
NASDAQ:IREN,11 Dec 2025,$45.06,3,$84.00,6,5.00,$37.07,21.55%,,,,$0.00,-100.00%,$25.52,-31.16%,$31.16,-15.96%,IREN,NASDAQ:IREN,-1.000,$81.07,3.61%
NYSE:IRM,19 Aug 2025,$97.43,3,$116.80,3,3.06,$128.31,-24.06%,,,,$135.75,5.80%,$55.60,-56.67%,$57.34,-55.31%,IRM,NYSE:IRM,0.219,$132.82,-12.06%
NASDAQ:IRMD,4 Dec 2025,$84.32,3,$99.00,8,2.85,$94.49,-10.76%,,,,$97.69,3.39%,$134.95,42.82%,$137.11,45.11%,IRMD,NASDAQ:IRMD,0.080,$118.00,-16.10%
NYSE:IRS,13 Mar 2026,$17.95,5,$23.00,6,2.98,$14.92,20.31%,,,,$15.57,4.36%,"$2,135.84",14215.31%,"$2,136.83",14221.93%,IRS,NYSE:IRS,0.100,$21.33,7.83%
NASDAQ:IRTC,11 Dec 2025,$121.66,2,$220.38,6,5.00,$109.20,11.41%,,,,$0.00,-100.00%,$100.58,-7.89%,$106.95,-2.06%,IRTC,NASDAQ:IRTC,-1.000,$178.38,23.55%
NASDAQ:ISRG,19 Jul 2024,$316.11,1,,,5.00,$337.50,-6.34%,,,,$0.00,-100.00%,$0.00,-100.00%,$0.00,-100.00%,ISRG,NASDAQ:ISRG,-1.000,$490.47,
NASDAQ:ISTR,1 Jun 2026,$27.26,3,$31.50,6,3.15,$29.86,-8.72%,,,,$30.84,3.28%,$0.00,-100.00%,$0.00,-100.00%,ISTR,NASDAQ:ISTR,0.235,$34.25,-8.03%
NYSE:IT,25 Feb 2026,$197.67,3,187,2,3.71,$140.50,35.73%,,,,$0.00,-100.00%,$259.72,84.85%,$286.51,103.92%,IT,NYSE:IT,-1.000,$160.38,16.60%
NYSE:ITGR,11 Dec 2025,$113.99,3,$91.50,2,3.07,$98.62,-7.22%,,,,$0.00,-100.00%,$56.53,-42.67%,$122.25,23.96%,ITGR,NYSE:ITGR,-1.000,$100.00,-8.50%
NASDAQ:ITIC,29 Jan 2025,$206.10,3,,7,3.25,$282.55,-27.06%,,,,$293.16,3.76%,$293.94,4.03%,$333.69,18.10%,ITIC,NASDAQ:ITIC,0.401,$39.00,
NASDAQ:ITRI,21 May 2026,$114.84,5,$126.20,4,5.00,$84.22,36.36%,,,,$0.00,-100.00%,$133.49,58.50%,$153.37,82.11%,ITRI,NASDAQ:ITRI,-1.000,$126.70,-0.39%
NASDAQ:ITRN,18 Feb 2026,$47.36,3,$50.00,8,3.33,$54.77,-13.52%,,,,$57.26,4.55%,$95.19,73.79%,$110.77,102.25%,ITRN,NASDAQ:ITRN,0.271,$73.50,-31.97%
NYSE:ITT,16 Feb 2026,$184.72,1,$225.86,10,2.87,$195.86,-5.69%,,,,$201.16,2.71%,$153.00,-21.88%,$191.35,-2.30%,ITT,NYSE:ITT,0.087,$245.00,-7.81%
NYSE:ITUB,10 Mar 2026,$7.88,3,$9.00,9,4.04,$8.28,-4.83%,,,,$8.69,4.95%,-$18.49,-323.29%,-$14.81,-278.89%,ITUB,NYSE:ITUB,0.649,$8.84,1.81%
NYSE:ITW,11 Nov 2025,$245.17,2,$257.11,6,2.70,$283.02,-13.37%,,,,$287.85,1.71%,$341.01,20.49%,$354.71,25.33%,ITW,NYSE:ITW,0.068,$280.05,-8.19%
NYSE:IX,11 Dec 2025,$27.24,3,,5,2.99,$40.31,-32.42%,,,,$41.33,2.53%,$421.09,944.63%,$564.02,1299.20%,IX,NYSE:IX,0.204,$38.87,
NASDAQ:IXHL,11 Dec 2025,$0.76,3,,,,$2.95,-74.41%,,,,,-100.00%,-$2.00,-167.80%,-$2.00,-167.80%,IXHL,NASDAQ:IXHL,-2.000,,
NYSE:JBGS,23 Dec 2025,$16.92,3,$17.50,1,2.47,$14.52,16.55%,,,,$14.54,0.14%,-$34.69,-338.90%,-$7.85,-154.05%,JBGS,NYSE:JBGS,-0.041,$15.00,16.67%
NYSE:JBTM,28 Oct 2025,$114.25,3,,,1.37,$137.14,-16.69%,,,,$132.92,-3.08%,$177.31,29.29%,$257.26,87.59%,JBTM,NYSE:JBTM,-0.590,$178.75,
NYSE:JCI,4 Jan 2026,$97.19,1,$128.78,9,3.02,$143.37,-32.21%,,,,$147.24,2.70%,$166.48,16.12%,$185.14,29.14%,JCI,NYSE:JCI,0.191,$156.37,-17.64%
NASDAQ:JD,1 Apr 2026,$43.40,3,$34.69,3,1.88,$30.19,14.91%,,,,$30.09,-0.33%,$134.45,345.36%,$136.15,350.98%,JD,NASDAQ:JD,-0.368,$39.52,-12.22%
NYSE:JEF,23 Aug 2025,$58.78,3,,,3.25,$55.86,5.23%,,,,$57.49,2.92%,$0.00,-100.00%,$0.00,-100.00%,JEF,NYSE:JEF,0.287,$61.33,
NYSE:JELD,25 Oct 2024,$18.28,3,,,1.23,$1.10,1561.45%,,,,$1.06,-3.64%,-$18.29,-1762.46%,-$0.94,-185.80%,JELD,NYSE:JELD,-0.676,$1.65,
NASDAQ:JFIN,1 Sep 2025,$12.96,3,,7,,$2.16,499.95%,,,,,-100.00%,-$2.00,-192.59%,-$2.00,-192.59%,JFIN,NASDAQ:JFIN,-2.000,,
NYSE:JHX,22 Aug 2025,$30.58,3,$26.94,8,3.69,$26.54,1.51%,,,,$0.00,-100.00%,$18.83,-29.04%,$28.16,6.10%,JHX,NYSE:JHX,-1.000,$30.18,-10.74%
NYSE:JILL,3 Jan 2025,$36.04,3,$36.67,6,2.51,$16.86,113.75%,,,,$17.31,2.67%,$28.83,70.98%,$17.18,1.89%,JILL,NYSE:JILL,0.002,$15.50,136.58%
NASDAQ:JJSF,31 Jan 2025,$136.25,3,$200.00,3,3.20,$76.44,78.24%,,,,$79.12,3.51%,$164.17,114.77%,$132.86,73.80%,JJSF,NASDAQ:JJSF,0.221,$100.50,99.00%
NASDAQ:JKHY,27 Jan 2026,$182.29,3,,,1.79,$150.58,21.06%,,,,$148.23,-1.56%,$288.64,91.69%,$337.71,124.27%,JKHY,NASDAQ:JKHY,-0.389,$185.71,
NYSE:JKS,9 Feb 2026,$25.42,3,$23.33,6,3.22,$14.80,57.64%,,,,$16.14,9.05%,-$186.29,-1358.70%,-$186.29,-1358.70%,JKS,NYSE:JKS,0.211,$25.44,-8.29%
NYSE:JOBY,7 Jul 2025,$8.26,2,,,0.93,$6.93,19.13%,,,,$6.80,-1.88%,$5.55,-19.94%,$5.64,-18.58%,JOBY,NYSE:JOBY,-0.810,$11.01,
NYSE:JOE,4 Sep 2025,$58.64,3,,4,2.77,$62.12,-5.60%,,,,$64.79,4.30%,$94.19,51.62%,$107.89,73.68%,JOE,NYSE:JOE,0.186,$19.00,
NYSE:KAI,11 Nov 2025,$276.48,3,$360.00,2,2.18,$312.36,-11.49%,,,,$308.83,-1.13%,$336.85,7.84%,$382.43,22.43%,KAI,NYSE:KAI,-0.186,$342.00,5.26%
NASDAQ:KALU,23 Jun 2026,$168.39,3,$161.67,6,2.48,$163.17,-0.92%,,,,$165.19,1.24%,$311.64,90.99%,$343.33,110.41%,KALU,NASDAQ:KALU,-0.027,$159.67,1.25%
NASDAQ:KARO,23 Aug 2025,$42.41,2,,,3.42,$63.34,-33.04%,,,,$65.29,3.08%,$119.97,89.41%,$122.77,93.83%,KARO,NASDAQ:KARO,0.358,$71.83,
NYSE:KB,19 Nov 2025,$83.35,3,,,3.08,$117.43,-29.02%,,,,$121.81,3.73%,"-$1,124.46",-1057.55%,"-$1,096.83",-1034.03%,KB,NYSE:KB,0.145,$170.70,
NYSE:KBH,27 Apr 2026,$73.02,5,$56.73,6,2.63,$56.76,-0.05%,,,,$58.21,2.55%,$113.65,100.22%,$119.37,110.30%,KBH,NYSE:KBH,0.028,$58.67,-3.31%
NYSE:KD,9 Feb 2026,$28.74,3,$34.00,5,0.60,$12.05,138.51%,,,,$11.09,-7.97%,$42.59,253.46%,$110.47,816.77%,KD,NYSE:KD,-0.899,$13.90,144.60%
NASDAQ:KDP,19 Jun 2026,$36.23,3,$31.83,9,3.32,$29.68,7.24%,,,,$30.67,3.34%,$7.31,-75.37%,$14.72,-50.42%,KDP,NASDAQ:KDP,0.299,$35.24,-9.68%
NYSE:KEP,23 Jul 2026,$13.39,4,,3,4.77,$12.06,10.99%,10.99%,$13.39,$16.00,$13.08,8.46%,"$1,515.56",12466.83%,"$5,648.01",46732.55%,KEP,NYSE:KEP,0.914,$16.00,
NYSE:KEY,20 Mar 2026,$21.47,3,$24.04,3,3.65,$22.65,-5.22%,,,,$23.57,4.06%,$0.00,-100.00%,$0.00,-100.00%,KEY,NYSE:KEY,0.458,$25.85,-7.00%
NYSE:KGC,14 Aug 2025,$8.59,1,,,2.45,$23.85,-63.98%,,,,$23.88,0.13%,$64.84,171.85%,$80.39,237.06%,KGC,NYSE:KGC,-0.133,$36.01,
NASDAQ:KIDS,11 Dec 2025,$25.39,3,$24.00,6,4.62,$18.87,27.19%,,,,$0.00,-100.00%,$25.04,32.72%,$12.70,-32.69%,KIDS,NASDAQ:KIDS,-1.000,$25.00,-4.00%
NYSE:KIM,19 Sep 2025,$25.08,5,$24.84,7,3.20,$26.10,-4.83%,,,,$26.77,2.57%,$29.96,14.79%,$43.93,68.30%,KIM,NYSE:KIM,0.283,$26.70,-6.97%
NASDAQ:KLAC,4 Jan 2026,"$1,084.54",2,"$1,372.72",8,2.38,$210.52,415.17%,,,,$209.92,-0.29%,$234.61,11.44%,$239.35,13.70%,KLAC,NASDAQ:KLAC,-0.102,$234.04,486.53%
NYSE:KLC,14 Jan 2026,$8.03,3,$5.70,3,0.65,$4.93,15.62%,,,,$4.77,-3.25%,-$17.54,-455.76%,-$4.37,-188.57%,KLC,NYSE:KLC,-0.815,$4.24,34.43%
NASDAQ:KLIC,23 Aug 2025,$42.70,3,,,3.28,$101.33,-57.87%,,,,$109.78,8.34%,$107.75,6.34%,$111.06,9.60%,KLIC,NASDAQ:KLIC,0.325,$100.00,
NYSE:KMT,26 Aug 2025,$29.15,5,$22.25,5,3.22,$35.23,-36.84%,,,,$36.51,3.63%,$51.99,47.58%,$38.17,8.35%,KMT,NYSE:KMT,0.298,$34.86,-36.17%
NYSE:KN,2 Feb 2026,$24.86,3,,,2.82,$37.58,-33.85%,,,,$0.00,-100.00%,$53.00,41.03%,$55.74,48.34%,KN,NYSE:KN,-1.000,$36.25,
NYSE:KOF,16 Jun 2026,$111.51,3,$115.00,5,,$102.71,8.57%,,,,,-100.00%,-$2.00,-101.95%,-$2.00,-101.95%,KOF,NYSE:KOF,-2.000,,
NASDAQ:KOPN,16 Feb 2026,$2.24,3,,6,,$3.58,-37.32%,,,,,-100.00%,-$2.00,-155.87%,-$2.00,-155.87%,KOPN,NASDAQ:KOPN,-2.000,,
NYSE:KR,2 Jan 2026,$62.39,3,,,3.49,$56.87,9.71%,,,,$57.56,1.21%,$15.49,-72.76%,$86.05,51.31%,KR,NYSE:KR,0.363,$70.64,
NASDAQ:KRNT,6 Nov 2025,$18.46,3,$23.50,4,5.00,$15.23,21.21%,,,,$0.00,-100.00%,$16.10,5.69%,$18.78,23.32%,KRNT,NASDAQ:KRNT,-1.000,$23.38,0.51%
NASDAQ:KRT,16 Sep 2025,$27.50,4,$31.50,2,3.80,$39.52,-30.41%,,,,$40.93,3.57%,$56.76,43.63%,$74.63,88.84%,KRT,NASDAQ:KRT,0.574,$36.50,-13.70%
NASDAQ:KSPI,11 Feb 2026,$112.77,3,$92.50,6,4.15,$85.79,7.82%,,,,$89.51,4.34%,$37.86,-55.87%,$37.99,-55.71%,KSPI,NASDAQ:KSPI,0.676,$98.95,-6.52%
NYSE:KSS,25 Jul 2023,$47.54,3,,,3.13,$17.94,165.01%,,,,$18.99,5.85%,$91.39,409.44%,-$22.89,-227.59%,KSS,NYSE:KSS,0.259,$17.85,
NYSEAMERICAN:KULR,4 Feb 2026,,,$3.36,1,,$2.52,33.33%,,,,,-100.00%,-$2.00,-179.37%,-$2.00,-179.37%,KULR,NYSEAMERICAN:KULR,-2.000,,
NYSE:KVUE,14 Aug 2025,$22.53,4,$23.83,8,3.03,$19.28,16.86%,,,,$19.69,2.13%,$19.01,-1.40%,$21.95,13.83%,KVUE,NYSE:KVUE,0.207,$19.83,20.17%
NYSE:KVYO,22 Jan 2026,$29.82,3,$42.31,7,5.00,$16.40,81.84%,,,,$0.00,-100.00%,$29.19,78.00%,$30.80,87.80%,KVYO,NYSE:KVYO,-1.000,$29.05,45.65%
NYSE:KWR,7 Dec 2023,$246.30,3,,,2.50,$151.43,62.65%,,,,$151.19,-0.16%,$218.01,43.97%,$166.80,10.15%,KWR,NYSE:KWR,-0.054,$173.43,
NASDAQ:LAB,11 Dec 2025,$2.34,3,$1.35,8,5.00,$0.83,62.65%,,,,$0.00,-100.00%,$0.62,-25.03%,$0.72,-13.15%,LAB,NASDAQ:LAB,-1.000,$1.55,-12.90%
NYSE:LAC,2 Sep 2025,$4.84,5,$4.00,4,5.00,$2.81,42.35%,,,,$0.00,-100.00%,-$0.80,-128.60%,-$0.80,-128.31%,LAC,NYSE:LAC,-1.000,$5.87,-31.86%
NYSE:LAD,6 Feb 2026,$430.33,5,$385.50,5,1.59,$340.95,13.07%,,,,$329.22,-3.44%,-$322.76,-194.67%,-$253.47,-174.34%,LAD,NYSE:LAD,-0.452,$376.19,2.47%
NASDAQ:LAKE,31 Dec 2025,$12.09,4,$18.50,6,,$10.76,12.36%,,,,,-100.00%,-$2.00,-118.59%,-$2.00,-118.59%,LAKE,NASDAQ:LAKE,-2.000,,
NASDAQ:LAMR,16 Sep 2025,$136.02,4,$129.00,9,2.98,$159.46,-19.10%,,,,$163.45,2.50%,$185.31,16.21%,$247.97,55.51%,LAMR,NASDAQ:LAMR,0.192,$158.60,-18.66%
NASDAQ:LASR,27 Jan 2026,$28.42,2,,,4.48,$70.02,-59.41%,,,,$0.00,-100.00%,$77.82,11.14%,$80.24,14.60%,LASR,NASDAQ:LASR,-1.000,$90.71,
NASDAQ:LAUR,15 Oct 2025,$28.37,2,,,3.44,$37.00,-23.32%,,,,$0.00,-100.00%,$54.48,47.24%,$68.97,86.41%,LAUR,NASDAQ:LAUR,-1.000,$40.25,
NYSE:LB,26 Aug 2025,$40.37,2,,,1.80,$76.33,-47.12%,,,,$76.49,0.21%,$121.58,59.29%,$128.86,68.82%,LB,NYSE:LB,-0.352,$82.57,
NYSE:LC,16 Mar 2026,$17.29,4,$24.00,6,,#N/A,#N/A,,,,$0.00,#N/A,-$118.64,#N/A,-$117.42,#N/A,LC,NYSE:LC,-1.000,$23.25,3.23%
NASDAQ:LCID,15 Dec 2025,$16.47,3,$17.00,3,4.59,$6.30,161.36%,,,,$0.00,-100.00%,-$28.35,-550.00%,-$26.29,-517.32%,LCID,NASDAQ:LCID,-1.000,$8.30,104.82%
NYSE:LDOS,17 Feb 2026,$176.70,3,$202.40,10,2.48,$112.14,57.57%,,,,$112.82,0.61%,$180.68,61.12%,$218.45,94.80%,LDOS,NYSE:LDOS,-0.106,$150.67,34.33%
NASDAQ:LECO,31 May 2024,$190.67,3,,,2.63,$251.47,-24.18%,,,,$249.66,-0.72%,$298.86,18.85%,$328.38,30.58%,LECO,NASDAQ:LECO,-0.005,$297.00,
NYSE:LEN,21 Feb 2026,$150.73,5,$98.80,4,3.26,$84.64,16.73%,,,,$87.43,3.30%,$202.92,139.74%,$208.69,146.56%,LEN,NYSE:LEN,0.308,$87.31,13.16%
NYSE:LEN.B,19 Feb 2026,$140.83,5,,,3.75,$82.92,69.84%,,,,$83.31,0.47%,$900.02,985.41%,$940.00,1033.62%,LEN.B,NYSE:LEN.B,0.499,,
NASDAQ:LENZ,15 May 2025,$26.93,3,$47.14,9,5.00,$5.48,391.48%,,,,$0.00,-100.00%,-$0.11,-101.92%,-$0.18,-103.20%,LENZ,NASDAQ:LENZ,-1.000,$32.00,47.31%
NYSEAMERICAN:LEU,23 Dec 2025,$221.63,3,$289.10,9,,$163.89,35.23%,,,,,-100.00%,-$2.00,-101.22%,-$2.00,-101.22%,LEU,NYSE:LEU,-2.000,,
NASDAQ:LFUS,30 Jan 2026,$287.28,3,$366.67,8,2.72,$404.86,-29.04%,,,,$423.23,4.54%,$509.28,25.79%,$579.59,43.16%,LFUS,NASDAQ:LFUS,0.034,$482.50,-24.01%
NASDAQ:LFVN,16 Sep 2025,$9.29,3,,,,$6.53,42.27%,,,,,-100.00%,-$2.00,-130.63%,-$2.00,-130.63%,LFVN,NASDAQ:LFVN,-2.000,,
NASDAQ:LFWD,4 Dec 2025,$1.24,3,$4.50,,,$7.05,-82.38%,,,,,-100.00%,-$2.00,-128.37%,-$2.00,-128.37%,LFWD,NASDAQ:LFWD,-2.000,,
NASDAQ:LGHL,1 Sep 2025,$2.89,3,,,,$0.91,217.80%,,,,,-100.00%,-$2.00,-319.78%,-$2.00,-319.78%,LGHL,NASDAQ:LGHL,-2.000,,
NASDAQ:LGIH,10 Apr 2026,$71.78,3,$38.00,3,5.00,$60.16,-36.84%,,,,$0.00,-100.00%,$27.79,-53.81%,$29.24,-51.40%,LGIH,NASDAQ:LGIH,-1.000,$93.00,-59.14%
NYSE:LH,19 May 2025,$246.54,3,$276.82,5,2.26,$296.77,-16.93%,,,,$293.34,-1.16%,$240.23,-19.05%,$320.91,8.13%,LH,NYSE:LH,-0.140,$312.35,-11.38%
NASDAQ:LI,15 Dec 2025,$17.08,1,,1,,$12.12,40.92%,,,,,-100.00%,-$2.00,-116.50%,-$2.00,-116.50%,LI,NASDAQ:LI,-2.000,,
NASDAQ:LIF,22 Jan 2026,$44.97,2,$89.23,1,4.57,$48.86,-7.97%,,,,$0.00,-100.00%,$56.91,16.47%,$60.04,22.88%,LIF,NASDAQ:LIF,-1.000,$64.21,38.97%
NYSE:LII,26 Aug 2025,$486.80,1,,,2.02,$541.13,-10.04%,,,,$536.16,-0.92%,$879.63,62.55%,$926.59,71.23%,LII,NYSE:LII,-0.249,$576.46,
NASDAQ:LIN,8 Jul 2024,$400.00,0,,,,$512.28,-21.92%,,,,,-100.00%,-$2.00,-100.39%,-$2.00,-100.39%,LIN,NASDAQ:LIN,-2.000,,
NASDAQ:LITE,2 Feb 2026,$174.97,1,,,5.00,$762.99,-77.07%,,,,$0.00,-100.00%,$784.46,2.81%,$827.82,8.50%,LITE,NASDAQ:LITE,-1.000,"$1,104.89",
NASDAQ:LIVN,11 Dec 2025,$69.34,3,$65.83,9,3.42,$78.19,-15.81%,,,,$0.00,-100.00%,$69.96,-10.53%,$84.00,7.43%,LIVN,NASDAQ:LIVN,-1.000,$84.80,-22.37%
NASDAQ:LKFN,19 Nov 2025,$61.67,3,,,3.32,$61.11,0.92%,,,,$63.57,4.03%,-$138.84,-327.20%,-$136.17,-322.83%,LKFN,NASDAQ:LKFN,0.329,$65.00,
NASDAQ:LKQ,15 May 2025,$47.72,5,$53.00,8,3.26,$25.82,84.81%,,,,$26.49,2.59%,$30.27,17.23%,$5.63,-78.21%,LKQ,NASDAQ:LKQ,0.227,$40.12,32.10%
NYSE:LMT,23 Dec 2025,$488.93,3,$524.93,7,3.02,$582.60,-16.08%,,,,$600.83,3.13%,$644.68,10.66%,$459.43,-21.14%,LMT,NYSE:LMT,0.201,$606.68,-13.47%
NYSE:LOB,18 Nov 2025,$45.74,3,$42.50,4,1.24,$42.08,1.00%,,,,$41.79,-0.69%,-$171.93,-508.58%,-$166.32,-495.24%,LOB,NYSE:LOB,-0.594,$44.25,-3.95%
NYSE:LOMA,16 Dec 2025,$12.58,3,,7,4.45,$11.40,10.35%,,,,$0.00,-100.00%,$18.99,66.57%,$26.57,133.04%,LOMA,NYSE:LOMA,-1.000,$14.70,
NASDAQ:LOVE,30 Aug 2023,$33.25,3,,,0.56,$16.34,103.47%,,,,$15.33,-6.18%,$76.08,365.63%,$73.48,349.69%,LOVE,NASDAQ:LOVE,-0.973,$24.17,
NASDAQ:LPRO,23 Aug 2025,$2.92,3,$2.58,2,2.63,$3.15,-18.10%,,,,$0.00,-100.00%,$7.63,142.29%,$7.82,148.24%,LPRO,NASDAQ:LPRO,-1.000,$2.92,-11.64%
NASDAQ:LPTH,29 Jan 2026,$6.12,3,$12.67,8,0.96,$10.83,-43.49%,,,,$10.57,-2.40%,$11.88,9.70%,$11.94,10.25%,LPTH,NASDAQ:LPTH,-0.797,$15.97,-20.66%
NYSE:LPX,9 May 2025,$89.40,3,,,2.83,$74.48,20.03%,,,,$76.12,2.20%,$108.41,45.56%,$120.04,61.17%,LPX,NYSE:LPX,0.070,$93.31,
NASDAQ:LQDT,23 Dec 2025,$37.03,4,$41.00,3,3.86,$37.56,-1.40%,,,,$0.00,-100.00%,$67.80,80.52%,$71.15,89.43%,LQDT,NASDAQ:LQDT,-1.000,$44.00,-6.82%
NASDAQ:LRCX,17 Jul 2024,$725.21,1,,,2.96,$305.21,137.61%,,,,$325.80,6.75%,$346.44,13.51%,$352.37,15.45%,LRCX,NASDAQ:LRCX,0.135,$372.32,
NASDAQ:LSCC,19 Jan 2026,$69.35,1,$83.73,10,3.78,$128.42,-46.00%,,,,$0.00,-100.00%,$139.81,8.87%,$142.51,10.97%,LSCC,NASDAQ:LSCC,-1.000,$148.33,-43.55%
NYSE:LSPD,11 Sep 2025,$13.68,3,$15.02,6,3.41,$9.91,38.05%,,,,$0.00,-100.00%,$14.53,46.64%,$20.18,103.65%,LSPD,NYSE:LSPD,-1.000,$10.73,39.98%
NASDAQ:LTBR,25 Aug 2025,$13.94,3,,,,$7.50,85.84%,,,,,-100.00%,-$2.00,-126.67%,-$2.00,-126.67%,LTBR,NASDAQ:LTBR,-2.000,,
NYSE:LTH,15 Aug 2025,$22.60,2,,,3.34,$42.33,-46.60%,,,,$0.00,-100.00%,$29.69,-29.87%,$28.41,-32.88%,LTH,NYSE:LTH,-1.000,$45.21,
NASDAQ:LTRX,5 Feb 2026,$7.76,3,$7.88,9,5.00,$5.30,46.48%,,,,$0.00,-100.00%,$7.83,47.69%,$8.94,68.67%,LTRX,NASDAQ:LTRX,-1.000,$10.33,-23.72%
NYSE:LU,1 Sep 2025,$3.43,3,,4,1.80,$1.38,148.26%,,,,$1.35,-2.17%,$0.00,-100.00%,$0.00,-100.00%,LU,NYSE:LU,-0.421,$2.72,
NASDAQ:LUNG,4 Dec 2025,$3.40,3,$4.10,1,,$1.17,190.60%,,,,,-100.00%,-$2.00,-270.94%,-$2.00,-270.94%,LUNG,NASDAQ:LUNG,-2.000,,
NYSE:LUXE,26 Mar 2026,$9.82,3,,,3.60,$8.00,22.69%,,,,$0.00,-100.00%,$16.26,103.27%,$18.66,133.22%,LUXE,NYSE:LUXE,-1.000,$8.96,
NASDAQ:LWAY,27 Aug 2025,$25.66,2,,,0.43,$30.44,-15.70%,,,,$28.33,-6.93%,$42.05,38.15%,$45.60,49.80%,LWAY,NASDAQ:LWAY,-0.973,$34.50,
NASDAQ:LX,9 Sep 2025,$5.80,3,,7,,$1.48,291.89%,,,,,-100.00%,-$2.00,-235.14%,-$2.00,-235.14%,LX,NASDAQ:LX,-2.000,,
NYSE:LXFR,11 Nov 2025,$12.33,3,,5,3.15,$17.05,-27.71%,,,,$17.57,3.05%,$25.07,47.05%,$28.31,66.01%,LXFR,NYSE:LXFR,0.220,$20.50,
NYSE:LXU,22 Jan 2026,$9.49,3,$10.38,3,0.91,$12.24,-22.47%,,,,$11.78,-3.76%,$17.94,46.55%,$28.97,136.70%,LXU,NYSE:LXU,-0.755,$13.70,-24.23%
NYSE:LYG,10 Mar 2026,$4.90,3,,5,3.13,$6.02,-18.60%,,,,$6.21,3.16%,-$53.01,-980.60%,-$57.31,-1051.92%,LYG,NYSE:LYG,0.250,$6.18,
NASDAQ:LYTS,5 Feb 2026,$23.01,3,$29.33,7,3.61,$23.23,-0.95%,,,,$24.34,4.78%,$18.92,-18.53%,$22.38,-3.68%,LYTS,NASDAQ:LYTS,0.405,$30.33,-3.30%
NYSE:LZM,28 Oct 2025,$7.28,3,$8.00,6,,$3.19,128.21%,,,,,-100.00%,-$2.00,-162.70%,-$2.00,-162.70%,LZM,NYSE:LZM,-2.000,,
NYSE:M,17 Nov 2023,$28.11,3,,,3.58,$23.38,20.25%,,,,$24.73,5.77%,$13.76,-41.13%,$32.45,38.80%,M,NYSE:M,0.463,$22.77,
NYSE:MAA,18 Sep 2025,$156.08,4,$158.89,4,2.78,$133.88,16.59%,,,,$136.65,2.07%,$99.07,-26.00%,$152.15,13.65%,MAA,NYSE:MAA,0.088,$143.08,11.05%
NASDAQ:MAPS,9 Feb 2026,$1.32,3,,2,,#N/A,#N/A,,,,,#N/A,-$2.00,#N/A,-$2.00,#N/A,MAPS,NASDAQ:MAPS,-2.000,,
NASDAQ:MAR,23 Dec 2025,$276.62,2,$301.75,6,2.65,$374.43,-26.12%,,,,$381.86,1.98%,$357.73,-4.46%,$379.97,1.48%,MAR,NASDAQ:MAR,0.039,$384.83,-21.59%
NYSE:MAS,9 Apr 2026,$74.88,5,$77.30,2,2.85,$79.27,-5.54%,,,,$81.27,2.52%,$124.51,57.07%,$132.31,66.91%,MAS,NYSE:MAS,0.127,$81.82,-5.52%
NASDAQ:MASI,11 Dec 2025,$144.64,3,$188.40,8,,#N/A,#N/A,,,,,#N/A,-$2.00,#N/A,-$2.00,#N/A,MASI,NASDAQ:MASI,-2.000,,
NASDAQ:MASS,16 Dec 2025,$6.35,3,$8.00,6,5.00,$7.14,-11.06%,,,,$0.00,-100.00%,$6.72,-5.82%,$7.77,8.79%,MASS,NASDAQ:MASS,-1.000,$11.00,-27.27%
NASDAQ:MAT,18 May 2026,$22.83,3,$16.20,6,4.38,$14.34,12.97%,,,,$0.00,-100.00%,$83.27,480.72%,$84.26,487.62%,MAT,NASDAQ:MAT,-1.000,$18.31,-11.52%
NASDAQ:MATW,12 Jun 2025,$31.87,5,,6,2.70,$27.69,15.08%,,,,$27.51,-0.65%,$18.64,-32.69%,$43.63,57.58%,MATW,NASDAQ:MATW,-0.016,$38.00,
NYSE:MATX,24 May 2026,$189.11,3,$213.00,6,2.86,$210.57,-10.19%,,,,$218.48,3.76%,$220.97,4.94%,$317.72,50.88%,MATX,NYSE:MATX,0.105,$241.67,-11.86%
NYSE:MAX,23 Aug 2025,$13.82,3,$15.83,3,3.27,$13.13,5.23%,,,,$0.00,-100.00%,$18.64,41.94%,$18.91,44.01%,MAX,NYSE:MAX,-1.000,$13.83,14.46%
NYSE:MBC,24 Dec 2024,$17.00,4,$23.00,4,3.38,$8.50,99.95%,,,,$0.00,-100.00%,$19.83,133.24%,$27.65,225.24%,MBC,NYSE:MBC,-1.000,$9.15,151.37%
NYSE:MBI,3 Jan 2025,$6.33,3,$6.75,2,4.40,$5.66,11.86%,,,,$0.00,-100.00%,-$64.75,-1244.00%,-$64.75,-1244.00%,MBI,NYSE:MBI,-1.000,$7.25,-6.90%
NASDAQ:MBIN,16 Mar 2026,$47.75,3,$48.50,4,3.00,$47.69,0.13%,,,,$48.90,2.54%,-$233.92,-590.49%,-$233.24,-589.07%,MBIN,NASDAQ:MBIN,0.174,$53.50,-9.35%
NASDAQ:MBWM,24 Mar 2026,$55.58,3,$56.00,6,2.87,$58.50,-4.99%,,,,$60.42,3.28%,-$201.53,-444.49%,-$194.77,-432.93%,MBWM,NASDAQ:MBWM,0.128,$62.17,-9.92%
NYSE:MC,24 Oct 2025,$64.64,3,,,3.20,$67.00,-3.52%,,,,$69.16,3.22%,$202.41,202.11%,$204.71,205.54%,MC,NYSE:MC,0.274,$71.50,
NYSE:MCB,18 Nov 2025,$66.26,3,$88.00,4,4.19,$91.03,-27.21%,,,,$0.00,-100.00%,$0.00,-100.00%,$0.00,-100.00%,MCB,NYSE:MCB,-1.000,$112.67,-21.90%
NASDAQ:MCBS,24 Oct 2025,$30.06,3,$31.00,4,3.11,$36.57,-17.80%,,,,$36.92,0.96%,-$21.73,-159.42%,-$20.11,-155.00%,MCBS,NASDAQ:MCBS,0.242,$38.00,-18.42%
NYSE:MCD,18 Sep 2025,$295.53,3,$322.80,8,,$264.76,11.62%,,,,,-100.00%,-$2.00,-100.76%,-$2.00,-100.76%,MCD,NYSE:MCD,-2.000,,
NASDAQ:MCHP,27 Jan 2026,$69.09,2,$81.39,8,3.23,$78.86,-12.39%,,,,$82.99,5.24%,$84.51,7.16%,$97.36,23.46%,MCHP,NASDAQ:MCHP,0.215,$113.08,-28.02%
NYSE:MCK,23 Aug 2024,$496.23,2,,,1.57,$840.90,-40.99%,,,,$827.44,-1.60%,"$1,827.80",117.36%,"$1,932.58",129.82%,MCK,NYSE:MCK,-0.463,$945.47,
NYSE:MCO,16 Sep 2025,$491.12,3,,,2.52,$471.50,4.16%,,,,$474.70,0.68%,$665.87,41.22%,$712.29,51.07%,MCO,NYSE:MCO,-0.049,$549.67,
NYSE:MD,2 May 2025,$17.20,4,$18.10,6,2.66,$26.26,-34.50%,,,,$0.00,-100.00%,$87.05,231.49%,$92.88,253.70%,MD,NYSE:MD,-1.000,$24.50,-26.12%
NYSE:MDT,14 Jan 2026,$99.63,3,$111.63,6,2.78,$83.21,19.73%,,,,$84.99,2.14%,$151.57,82.16%,$184.18,121.34%,MDT,NYSE:MDT,0.063,$97.84,14.09%
NASDAQ:MDWD,1 Sep 2025,$18.47,3,$30.00,4,5.00,$14.23,29.80%,,,,$0.00,-100.00%,$10.45,-26.59%,$10.75,-24.42%,MDWD,NASDAQ:MDWD,-1.000,$30.17,-0.56%
NYSE:MED,23 Dec 2025,$14.30,3,,4,4.20,$9.68,47.77%,,,,$0.00,-100.00%,$72.31,646.99%,$32.21,232.77%,MED,NYSE:MED,-1.000,$12.00,
NYSE:MEI,19 Mar 2025,$11.38,3,$11.50,4,3.40,$15.31,-25.64%,,,,$16.67,8.88%,$17.43,13.82%,$20.46,33.66%,MEI,NYSE:MEI,0.317,$19.33,-40.51%
NASDAQ:MELI,29 Aug 2025,"$2,075.00",2,,,4.15,"$1,801.44",15.19%,,,,$0.00,-100.00%,"$2,849.12",58.16%,"$3,149.52",74.83%,MELI,NASDAQ:MELI,-1.000,"$2,214.88",
NASDAQ:MERC,9 Apr 2025,$9.51,3,$7.00,5,,$0.67,944.78%,,,,,-100.00%,-$2.00,-398.51%,-$2.00,-398.51%,MERC,NASDAQ:MERC,-2.000,,
NASDAQ:MESO,11 Dec 2025,$18.44,3,,,,$15.31,20.44%,,,,,-100.00%,-$2.00,-113.06%,-$2.00,-113.06%,MESO,NASDAQ:MESO,-2.000,,
NASDAQ:META,19 Jul 2024,$436.35,2,,,1.48,$595.19,-26.69%,,,,$592.23,-0.50%,$928.09,55.93%,"$1,097.67",84.42%,META,NASDAQ:META,-0.560,$825.84,
NASDAQ:METC,16 Jun 2025,$18.15,3,$13.00,2,3.22,$10.35,25.60%,,,,$11.56,11.69%,$17.22,66.41%,$32.27,211.80%,METC,NASDAQ:METC,0.208,$26.12,-50.23%
NYSE:MFG,19 Nov 2025,$6.09,2,,,2.95,$10.63,-42.71%,,,,$10.96,3.10%,-$96.63,-1009.07%,-$96.30,-1005.93%,MFG,NYSE:MFG,0.179,$10.48,
NASDAQ:MGEE,29 Jan 2025,$79.73,3,$76.50,7,2.86,$82.42,-7.18%,,,,$85.26,3.45%,$66.45,-19.37%,$51.72,-37.24%,MGEE,NASDAQ:MGEE,0.152,$77.25,-0.97%
NASDAQ:MGNX,23 Dec 2025,$2.57,3,$3.00,2,5.00,$3.70,-30.42%,,,,$0.00,-100.00%,$21.29,475.33%,$14.47,290.96%,MGNX,NASDAQ:MGNX,-1.000,$6.75,-55.56%
NASDAQ:MGPI,19 Jun 2025,$49.20,3,$38.50,6,2.75,$17.69,117.64%,,,,$18.24,3.11%,$8.07,-54.38%,$22.68,28.21%,MGPI,NASDAQ:MGPI,0.002,$27.40,40.51%
NYSE:MGY,27 Jan 2026,$27.84,4,$26.85,6,3.19,$25.33,6.00%,,,,$26.43,4.34%,$33.55,32.45%,$52.42,106.96%,MGY,NYSE:MGY,0.221,$32.47,-17.31%
NYSE:MHO,18 Mar 2026,$159.41,5,$165.00,4,3.45,$149.83,6.39%,,,,$0.00,-100.00%,$294.55,96.59%,$301.06,100.93%,MHO,NYSE:MHO,-1.000,$163.33,1.02%
NASDAQ:MIDD,28 Apr 2026,$161.75,5,$180.00,6,4.31,$133.88,20.81%,,,,$140.47,4.92%,$154.45,15.37%,$184.10,37.51%,MIDD,NASDAQ:MIDD,0.729,$165.50,8.76%
NYSE:MIR,19 Nov 2025,$18.40,2,$31.83,9,5.00,$16.54,11.23%,,,,$0.00,-100.00%,$13.81,-16.52%,$22.45,35.70%,MIR,NYSE:MIR,-1.000,$27.40,16.17%
NASDAQ:MITK,27 Jan 2026,$157.37,5,$14.67,9,3.48,$16.87,-13.04%,,,,$0.00,-100.00%,$32.72,93.94%,$19.39,14.96%,MITK,NASDAQ:MITK,-1.000,$18.50,-20.70%
NYSE:MKC,23 Dec 2025,$74.06,5,$78.11,5,2.91,$49.96,48.24%,,,,$52.07,4.22%,$97.68,95.52%,$115.93,132.05%,MKC,NYSE:MKC,0.114,$60.62,28.85%
NASDAQ:MKSI,30 Jan 2026,$186.47,1,$225.25,10,2.19,$329.18,-43.35%,,,,$328.79,-0.12%,$286.73,-12.90%,$369.82,12.35%,MKSI,NASDAQ:MKSI,-0.218,$412.31,-45.37%
NASDAQ:MKTX,23 Aug 2025,$211.29,4,$232.14,4,2.82,$116.69,81.07%,,,,$118.73,1.75%,$267.85,129.54%,$305.35,161.67%,MKTX,NASDAQ:MKTX,0.051,$153.73,51.01%
NASDAQ:MLKN,20 Sep 2024,$28.93,3,,,3.38,$22.08,31.03%,,,,$22.85,3.49%,$32.58,47.54%,$17.99,-18.53%,MLKN,NASDAQ:MLKN,0.282,$35.00,
NYSE:MNR,22 Jan 2026,$25.78,3,$20.00,7,3.51,$13.39,49.37%,,,,$13.98,4.41%,$20.45,52.73%,$41.18,207.54%,MNR,NYSE:MNR,0.349,$18.00,11.11%
NASDAQ:MNRO,6 Jun 2025,$30.40,3,$17.67,8,3.95,$16.79,5.24%,,,,$17.62,4.94%,-$7.03,-141.85%,$31.77,89.20%,MNRO,NASDAQ:MNRO,0.534,$23.38,-24.42%
NYSE:MNSO,1 Sep 2025,$24.84,3,$26.94,8,2.46,$12.21,103.41%,,,,$12.26,0.41%,$41.95,243.54%,$41.95,243.54%,MNSO,NYSE:MNSO,-0.128,$19.93,35.17%
NYSE:MO,17 Mar 2026,$65.79,3,$68.00,4,3.59,$72.99,-9.86%,,,,$75.77,3.81%,$139.52,91.15%,$141.80,94.27%,MO,NYSE:MO,0.468,$70.64,-3.74%
NASDAQ:MOFG,2 Oct 2025,$33.83,3,$34.50,5,,#N/A,#N/A,,,,,#N/A,-$2.00,#N/A,-$2.00,#N/A,MOFG,NASDAQ:MOFG,-2.000,,
NYSE:MOS,23 Dec 2025,$27.76,5,$33.54,7,2.66,$22.30,24.46%,,,,$23.11,3.63%,$16.44,-26.27%,-$0.30,-101.35%,MOS,NYSE:MOS,0.001,$27.19,23.35%
NYSE:MOV,26 Mar 2026,$28.60,4,$30.75,7,3.74,$36.51,-21.68%,,,,$38.15,4.49%,$54.60,49.54%,$60.32,65.23%,MOV,NYSE:MOV,0.462,$47.50,-35.26%
NASDAQ:MPB,19 Mar 2026,$32.84,3,$37.00,7,2.36,$37.17,-11.65%,,,,$36.93,-0.65%,$0.00,-100.00%,$0.00,-100.00%,MPB,NASDAQ:MPB,-0.083,$37.17,-0.46%
NYSE:MPLX,16 Jun 2026,$55.67,1,,,3.46,$58.65,-5.08%,,,,$60.51,3.17%,$84.83,44.64%,$107.49,83.28%,MPLX,NYSE:MPLX,0.395,$60.86,
NYSEAMERICAN:MPTI,11 Feb 2026,$62.49,,,6,,$83.58,-25.23%,,,,,-100.00%,-$2.00,-102.39%,-$2.00,-102.39%,MPTI,NYSEAMERICAN:MPTI,-2.000,,
NASDAQ:MPWR,26 Jan 2026,$897.84,2,,,2.05,"$1,333.81",-32.69%,,,,"$1,326.50",-0.55%,"$1,573.66",17.98%,"$1,592.96",19.43%,MPWR,NASDAQ:MPWR,-0.294,"$1,776.92",
NASDAQ:MRAM,19 Jan 2026,$10.62,3,$10.50,8,,$15.09,-30.42%,,,,,-100.00%,-$2.00,-113.25%,-$2.00,-113.25%,MRAM,NASDAQ:MRAM,-2.000,,
NASDAQ:MRVL,15 Jan 2026,$93.91,4,$119.56,10,1.49,$194.23,-51.65%,,,,$190.71,-1.81%,$214.98,10.68%,$233.71,20.33%,MRVL,NASDAQ:MRVL,-0.538,$254.41,-53.00%
NASDAQ:MRX,10 Sep 2025,$29.58,2,,,3.23,$65.56,-54.89%,,,,$67.42,2.84%,-$36.44,-155.58%,-$27.86,-142.49%,MRX,NASDAQ:MRX,0.279,$72.38,
NYSE:MS,27 Aug 2025,$131.18,2,,,2.97,$214.48,-38.84%,,,,$220.74,2.92%,$0.00,-100.00%,$0.00,-100.00%,MS,NYSE:MS,0.166,$235.76,
NYSE:MSB,1 Sep 2025,$30.89,1,,,2.67,$22.50,37.29%,,,,$22.20,-1.33%,"$829,983.23",3688714.38%,"$829,983.23",3688714.38%,MSB,NYSE:MSB,-0.035,$33.00,
NASDAQ:MSBI,2 Oct 2025,$21.79,3,$20.67,3,3.90,$32.25,-35.91%,,,,$33.69,4.47%,-$210.38,-752.34%,-$205.07,-735.88%,MSBI,NASDAQ:MSBI,0.612,$30.75,-32.78%
NYSE:MSCI,24 Oct 2025,$568.24,3,,,3.10,$550.79,3.17%,,,,$572.59,3.96%,$761.69,38.29%,$803.09,45.81%,MSCI,NYSE:MSCI,0.187,$696.71,
NASDAQ:MSFT,26 Jan 2026,$49.22,3,,,2.62,$381.70,-87.11%,,,,$385.69,1.05%,$490.46,28.49%,$576.48,51.03%,MSFT,NASDAQ:MSFT,-0.059,$556.75,
NYSE:MSI,2 Feb 2026,$451.69,3,$462.25,8,2.88,$417.83,8.10%,,,,$426.24,2.01%,$488.47,16.91%,$542.13,29.75%,MSI,NYSE:MSI,0.100,$507.00,-8.83%
NASDAQ:MSTR,9 Feb 2026,$240.05,3,$361.73,4,0.94,$91.67,161.87%,,,,$88.12,-3.87%,-$39.54,-143.13%,-$38.02,-141.48%,MSTR,NASDAQ:MSTR,-0.804,$303.64,19.13%
NYSE:MT,29 Apr 2026,$53.35,2,$66.60,9,2.81,$66.88,-20.22%,,,,$68.76,2.81%,$57.04,-14.71%,$90.01,34.58%,MT,NYSE:MT,0.107,$70.05,-4.93%
NYSE:MTB,20 Oct 2025,$182.98,3,$219.71,4,2.77,$249.60,-26.69%,,,,$254.15,1.82%,$0.00,-100.00%,$0.00,-100.00%,MTB,NYSE:MTB,0.095,$254.58,-13.70%
NYSE:MTDR,19 Aug 2025,$64.64,3,$62.88,4,3.20,$50.81,23.76%,,,,$53.50,5.29%,$9.28,-81.74%,$97.59,92.07%,MTDR,NYSE:MTDR,0.210,$69.37,-9.36%
NYSE:MTG,16 Jul 2024,$24.62,3,,,2.86,$29.65,-16.97%,,,,$30.33,2.29%,$64.77,118.45%,$65.14,119.69%,MTG,NYSE:MTG,0.146,$28.80,
NASDAQ:MTRX,23 Jan 2026,$15.94,3,,1,5.00,$12.34,29.15%,,,,$0.00,-100.00%,$43.28,250.75%,$46.28,275.04%,MTRX,NASDAQ:MTRX,-1.000,$20.00,
NASDAQ:MTSI,27 Jan 2026,$193.58,2,$204.75,8,5.00,$266.99,-27.49%,,,,$0.00,-100.00%,$290.34,8.75%,$298.32,11.74%,MTSI,NASDAQ:MTSI,-1.000,$400.92,-48.93%
NYSE:MTW,20 Sep 2024,$13.92,3,,,0.69,$14.37,-3.13%,,,,$13.37,-6.96%,$5.02,-65.07%,$26.21,82.36%,MTW,NYSE:MTW,-0.768,$10.50,
NYSE:MTZ,4 Sep 2024,$99.99,3,,,5.00,$337.84,-70.40%,,,,$0.00,-100.00%,$273.66,-19.00%,$354.52,4.94%,MTZ,NYSE:MTZ,-1.000,$488.50,
NYSE:MUFG,21 Oct 2025,$13.65,3,,10,,$22.89,-40.37%,,,,,-100.00%,-$2.00,-108.74%,-$2.00,-108.74%,MUFG,NYSE:MUFG,-2.000,,
NYSE:MUX,20 Aug 2025,$12.92,3,$15.83,6,5.00,$17.17,-24.74%,,,,$0.00,-100.00%,$15.62,-9.01%,$16.38,-4.58%,MUX,NYSE:MUX,-1.000,$31.70,-50.06%
NASDAQ:MVIS,5 Feb 2026,$1.11,4,,1,5.00,$0.25,345.64%,,,,$0.00,-100.00%,-$0.32,-226.40%,-$0.27,-206.18%,MVIS,NASDAQ:MVIS,-1.000,$2.00,
NYSE:MWA,13 Nov 2025,$22.51,2,$27.20,1,2.94,$25.03,-10.08%,,,,$25.80,3.08%,$43.85,75.17%,$49.69,98.51%,MWA,NYSE:MWA,0.120,$31.00,-12.26%
NYSE:MX,9 Feb 2026,$4.11,3,,3,,$3.50,17.43%,,,,,-100.00%,-$2.00,-157.14%,-$2.00,-157.14%,MX,NYSE:MX,-2.000,,
NASDAQ:MXCT,23 Dec 2025,$2.30,3,$6.84,,5.00,$1.08,112.59%,,,,$0.00,-100.00%,$0.26,-75.80%,$0.94,-13.24%,MXCT,NASDAQ:MXCT,-1.000,$4.11,66.42%
NASDAQ:MXL,19 Jan 2026,$27.04,4,$22.00,4,3.16,$71.59,-69.27%,,,,$0.00,-100.00%,$72.71,1.57%,$69.56,-2.84%,MXL,NASDAQ:MXL,-1.000,$73.82,-70.20%
NYSEAMERICAN:MYO,16 Dec 2025,$1.00,1,,,,$0.97,3.09%,,,,,-100.00%,-$2.00,-306.19%,-$2.00,-306.19%,MYO,NYSEAMERICAN:MYO,-2.000,,
NASDAQ:MYRG,25 Sep 2024,$129.33,3,,,0.72,$379.17,-65.89%,,,,$368.47,-2.82%,$584.45,54.14%,$658.19,73.59%,MYRG,NASDAQ:MYRG,-0.854,$445.50,
NYSE:NABL,5 Feb 2026,$8.30,3,$9.65,5,5.00,$4.08,103.34%,,,,$0.00,-100.00%,$5.31,30.09%,$8.17,100.34%,NABL,NYSE:NABL,-1.000,$6.85,40.88%
NYSEAMERICAN:NAK,3 Sep 2025,$1.18,,$2.50,4,,$1.58,-25.32%,,,,,-100.00%,-$2.00,-226.58%,-$2.00,-226.58%,NAK,NYSEAMERICAN:NAK,-2.000,,
NASDAQ:NAVI,23 Aug 2025,$18.59,4,$13.20,6,3.72,$8.23,60.39%,,,,$8.96,8.87%,-$395.60,-4906.75%,-$387.35,-4806.53%,NAVI,NASDAQ:NAVI,0.500,$9.06,45.70%
NASDAQ:NB,12 Aug 2025,$5.09,3,,,5.00,$4.14,22.85%,,,,$0.00,-100.00%,$6.28,51.68%,$6.28,51.70%,NB,NASDAQ:NB,-1.000,$11.72,
NASDAQ:NBBK,28 Nov 2025,$21.28,3,$22.00,9,3.35,$22.43,-5.13%,,,,$0.00,-100.00%,$0.00,-100.00%,$0.00,-100.00%,NBBK,NASDAQ:NBBK,-1.000,$24.00,-8.33%
NYSE:NBHC,6 Oct 2025,$47.71,4,$44.75,5,3.41,$43.33,3.28%,,,,$44.96,3.76%,$0.00,-100.00%,$0.00,-100.00%,NBHC,NYSE:NBHC,0.351,$49.50,-9.60%
NASDAQ:NBN,27 May 2026,$126.48,3,$130.50,8,0.76,$129.24,-2.14%,,,,$124.18,-3.92%,-$295.67,-328.78%,-$289.70,-324.16%,NBN,NASDAQ:NBN,-0.809,$136.50,-4.40%
NASDAQ:NBTB,2 Oct 2025,$49.04,3,$50.67,4,2.98,$52.38,-6.38%,,,,$53.68,2.48%,-$158.52,-402.64%,-$151.06,-388.39%,NBTB,NASDAQ:NBTB,0.195,$51.42,-1.46%
NASDAQ:NCNA,7 Jul 2025,$0.15,3,,,,$1.30,-88.85%,,,,,-100.00%,-$2.00,-253.85%,-$2.00,-253.85%,NCNA,NASDAQ:NCNA,-2.000,,
NASDAQ:NECB,2 Oct 2025,$25.63,3,$25.00,2,2.72,$26.66,-6.23%,,,,$27.45,2.96%,-$38.60,-244.77%,-$37.21,-239.57%,NECB,NASDAQ:NECB,0.052,$29.75,-15.97%
NYSE:NEM,21 Jul 2025,$58.12,3,$67.81,10,3.11,$93.19,-37.64%,,,,$97.24,4.35%,$208.10,123.31%,$237.84,155.22%,NEM,NYSE:NEM,0.163,$129.95,-47.82%
NASDAQ:NEO,2 Sep 2025,$7.13,3,$9.83,6,3.84,$13.89,-48.65%,,,,$0.00,-100.00%,$11.97,-13.83%,$12.64,-9.02%,NEO,NASDAQ:NEO,-1.000,$16.22,-39.40%
NYSE:NET,22 Jan 2026,$169.89,3,$246.25,6,2.96,$262.15,-35.19%,,,,$0.00,-100.00%,$259.90,-0.86%,$266.71,1.74%,NET,NYSE:NET,-1.000,$259.84,-5.23%
NASDAQ:NEWT,19 Nov 2025,$11.21,4,$14.38,4,3.92,$14.43,-22.31%,,,,$15.18,5.20%,$0.00,-100.00%,$0.00,-100.00%,NEWT,NASDAQ:NEWT,0.566,$17.20,-16.40%
NASDAQ:NFLX,8 Jul 2024,$571.61,2,,,4.80,$70.09,715.54%,,,,$0.00,-100.00%,$88.94,26.89%,$157.41,124.58%,NFLX,NASDAQ:NFLX,-1.000,$95.28,
NYSE:NGG,19 Sep 2025,$70.94,3,$78.00,8,,$82.30,-13.81%,,,,,-100.00%,-$2.00,-102.43%,-$2.00,-102.43%,NGG,NYSE:NGG,-2.000,,
NYSE:NGL,22 Jan 2026,$10.10,1,,,1.07,$15.56,-35.09%,,,,$15.30,-1.67%,$10.41,-33.08%,$36.62,135.34%,NGL,NYSE:NGL,-0.571,$5.00,
NYSE:NGVC,20 Mar 2026,$44.77,3,,4,2.66,$30.01,49.17%,,,,$29.34,-2.23%,$19.88,-33.76%,$42.89,42.91%,NGVC,NYSE:NGVC,-0.039,$46.33,
NYSE:NGVT,2 Oct 2025,$58.97,4,$60.67,7,0.96,$73.26,-19.51%,,,,$71.72,-2.10%,$94.69,29.26%,$60.40,-17.56%,NGVT,NYSE:NGVT,-0.753,$89.00,-31.83%
NYSE:NIC,2 Oct 2025,$118.87,3,$139.67,4,2.17,$169.64,-29.93%,,,,$170.54,0.53%,$0.00,-100.00%,$0.00,-100.00%,NIC,NYSE:NIC,-0.183,$180.00,-22.41%
NASDAQ:NICE,11 Feb 2026,$180.97,3,$158.57,6,5.00,$90.26,75.68%,,,,$0.00,-100.00%,$258.72,186.64%,$325.44,260.56%,NICE,NASDAQ:NICE,-1.000,$128.29,23.60%
NYSE:NIO,15 Dec 2025,$5.32,3,$6.36,6,,$4.49,18.51%,,,,,-100.00%,-$2.00,-144.54%,-$2.00,-144.54%,NIO,NYSE:NIO,-2.000,,
NASDAQ:NIU,15 Dec 2025,$4.01,4,,5,,$2.57,56.08%,,,,,-100.00%,-$2.00,-177.82%,-$2.00,-177.82%,NIU,NASDAQ:NIU,-2.000,,
NYSE:NKE,26 Mar 2026,$81.79,5,$73.31,3,3.50,$41.70,75.80%,,,,$43.28,3.79%,$62.25,49.27%,$68.66,64.65%,NKE,NYSE:NKE,0.373,$51.12,43.41%
NYSE:NLOP,23 Jul 2026,$12.12,3,,6,4.79,$11.34,6.83%,6.83%,$12.12,$46.00,$12.43,9.61%,$47.30,317.10%,$67.26,493.09%,NLOP,NYSE:NLOP,0.908,$46.00,
NASDAQ:NMFC,10 Jun 2024,$13.42,3,,,3.97,$6.84,96.20%,,,,$7.16,4.68%,$173.56,2437.47%,$192.79,2718.55%,NMFC,NASDAQ:NMFC,0.576,$8.54,
NASDAQ:NMIH,6 Mar 2024,$30.63,3,,,2.67,$42.75,-28.34%,,,,$43.43,1.59%,"-$16,671.24",-39097.05%,"-$16,669.05",-39091.94%,NMIH,NASDAQ:NMIH,0.033,$47.00,
NYSE:NMM,5 Mar 2026,$85.02,4,,,1.94,$79.10,7.48%,,,,$77.50,-2.02%,$47.35,-40.14%,$149.97,89.60%,NMM,NYSE:NMM,-0.312,$92.75,
NYSE:NMR,15 Oct 2025,$6.87,3,,7,3.41,$9.81,-29.97%,,,,$10.17,3.67%,"$3,231.83",32844.25%,"$3,439.63",34962.46%,NMR,NYSE:NMR,0.374,$10.20,
NASDAQ:NNE,28 Oct 2025,$34.69,3,,,5.00,$15.59,122.51%,,,,$0.00,-100.00%,$18.31,17.42%,$18.33,17.55%,NNE,NASDAQ:NNE,-1.000,$41.40,
NYSE:NNN,16 Sep 2025,$49.73,5,$44.93,5,3.02,$49.38,-9.01%,,,,$50.50,2.27%,$61.75,25.05%,$82.82,67.72%,NNN,NYSE:NNN,0.219,$46.63,-3.65%
NYSE:NOA,23 Jul 2026,$16.74,4,$18.93,7,2.97,$13.92,20.24%,20.24%,$16.74,$27.67,$14.28,2.59%,-$1.07,-107.66%,$20.07,44.21%,NOA,NYSE:NOA,0.097,$27.67,-31.59%
NYSE:NOG,19 Sep 2025,$38.23,3,$30.29,2,3.59,$21.18,43.01%,,,,$22.49,6.19%,$4.24,-80.00%,$94.14,344.48%,NOG,NYSE:NOG,0.375,$30.89,-1.94%
NYSE:NOK,28 Jan 2026,$6.27,3,$7.69,8,2.94,$9.10,-31.11%,,,,$9.86,8.35%,$10.92,20.01%,$12.98,42.59%,NOK,NYSE:NOK,0.082,$15.16,-49.27%
NYSE:NOMD,27 Apr 2026,$15.76,3,$12.80,5,2.95,$11.72,9.22%,,,,$12.07,2.99%,-$10.06,-185.82%,-$2.15,-118.35%,NOMD,NYSE:NOMD,0.144,$13.40,-4.48%
NYSE:NOTE,13 Nov 2025,$4.93,3,$6.00,4,,#N/A,#N/A,,,,,#N/A,-$2.00,#N/A,-$2.00,#N/A,NOTE,NYSE:NOTE,-2.000,,
NYSE:NOV,21 Jul 2025,$17.42,3,$15.75,4,2.85,$20.76,-24.13%,,,,$21.32,2.70%,$37.92,82.68%,$17.62,-15.13%,NOV,NYSE:NOV,0.125,$21.75,-27.59%
NASDAQ:NOVT,30 Jan 2026,$158.93,3,$138.00,6,4.18,$141.54,-2.50%,,,,$0.00,-100.00%,$183.95,29.96%,$199.31,40.82%,NOVT,NASDAQ:NOVT,-1.000,$175.00,-21.14%
NASDAQ:NPCE,11 Dec 2025,$17.05,3,$18.40,5,4.75,$14.81,15.16%,,,,$0.00,-100.00%,$11.96,-19.22%,$12.54,-15.35%,NPCE,NASDAQ:NPCE,-1.000,$20.00,-8.00%
NYSE:NPO,29 Oct 2025,$196.10,1,$245.00,5,2.44,$333.88,-41.27%,,,,$336.09,0.66%,$341.60,2.31%,$391.08,17.13%,NPO,NYSE:NPO,-0.066,$359.25,-31.80%
NYSE:NPWR,11 Nov 2025,$5.54,3,$4.00,3,5.00,$1.41,183.69%,,,,$0.00,-100.00%,-$1.19,-184.75%,$5.59,296.22%,NPWR,NYSE:NPWR,-1.000,$3.13,27.80%
NYSE:NRG,18 Sep 2025,$102.90,1,,,2.40,$141.03,-27.04%,,,,$140.67,-0.26%,$69.39,-50.80%,$120.99,-14.21%,NRG,NYSE:NRG,-0.157,$197.53,
NASDAQ:NRIM,27 May 2026,$24.39,3,,6,3.34,$27.09,-9.97%,,,,$28.44,4.98%,-$33.42,-223.36%,-$31.11,-214.83%,NRIM,NASDAQ:NRIM,0.329,$30.00,
NYSE:NSA,19 Aug 2025,$45.71,3,$33.59,2,,$43.41,-22.62%,,,,,-100.00%,-$2.00,-104.61%,-$2.00,-104.61%,NSA,NYSE:NSA,-2.000,,
NYSE:NSC,31 May 2024,$224.71,3,,,2.02,$350.66,-35.92%,,,,$350.07,-0.17%,$286.88,-18.19%,$286.87,-18.19%,NSC,NYSE:NSC,-0.231,$341.72,
NASDAQ:NSIT,11 Feb 2026,$144.78,3,$100.00,6,2.57,$117.65,-15.00%,,,,$0.00,-100.00%,-$91.39,-177.68%,-$56.53,-148.05%,NSIT,NASDAQ:NSIT,-1.000,$107.50,-6.98%
NASDAQ:NTCT,19 Jan 2026,$29.00,3,$32.00,8,3.42,$40.00,-27.50%,,,,$0.00,-100.00%,$160.53,301.31%,$175.89,339.71%,NTCT,NASDAQ:NTCT,-1.000,$43.38,-26.23%
NASDAQ:NTGR,5 Feb 2026,$23.48,3,,,0.83,$24.93,-5.82%,,,,$23.91,-4.09%,$98.11,293.54%,$28.96,16.15%,NTGR,NASDAQ:NTGR,-0.852,$35.00,
NASDAQ:NTLA,20 Nov 2025,$23.74,3,$15.97,5,5.00,$10.73,48.84%,,,,$0.00,-100.00%,$3.62,-66.24%,$3.80,-64.56%,NTLA,NASDAQ:NTLA,-1.000,$26.17,-38.98%
NYSE:NU,21 Oct 2025,$17.44,3,$17.38,9,4.37,$14.09,23.35%,,,,$0.00,-100.00%,$27.54,95.45%,$27.81,97.38%,NU,NYSE:NU,-1.000,$17.94,-3.12%
NYSE:NUE,20 Aug 2024,$172.03,4,,,2.07,$247.56,-30.51%,,,,$243.54,-1.62%,$248.99,0.58%,$304.49,23.00%,NUE,NYSE:NUE,-0.232,$267.12,
NASDAQ:NVA,11 Dec 2025,$9.58,3,,7,,#N/A,#N/A,,,,,#N/A,-$2.00,#N/A,-$2.00,#N/A,NVA,NASDAQ:NVA,-2.000,,
NASDAQ:NVAX,23 Dec 2025,$9.60,3,$10.00,6,5.00,$7.46,28.71%,,,,$0.00,-100.00%,$33.71,351.81%,$35.84,380.44%,NVAX,NASDAQ:NVAX,-1.000,$14.11,-29.13%
NASDAQ:NVCR,11 Dec 2025,$13.87,3,$27.00,2,4.96,$17.65,-21.42%,,,,$0.00,-100.00%,$19.86,12.50%,$16.32,-7.51%,NVCR,NASDAQ:NVCR,-1.000,$24.57,9.89%
NASDAQ:NVDA,4 Jan 2026,$195.15,3,$262.79,8,0.59,$206.84,-5.65%,,,,$196.03,-5.23%,$323.41,56.36%,$325.92,57.57%,NVDA,NASDAQ:NVDA,-0.959,$302.83,-13.22%
NASDAQ:NVEC,19 Jan 2026,$71.83,4,,2,3.11,$117.55,-38.89%,,,,$138.37,17.71%,$156.95,33.52%,$158.55,34.88%,NVEC,NASDAQ:NVEC,0.321,$79.00,
NASDAQ:NVMI,24 Oct 2025,$305.31,3,$328.75,7,4.89,$437.98,-30.29%,,,,$0.00,-100.00%,$496.30,13.32%,$507.96,15.98%,NVMI,NASDAQ:NVMI,-1.000,$603.38,-45.52%
NYSE:NVO,20 Aug 2025,$67.89,3,$68.50,6,,$48.77,39.21%,,,,,-100.00%,-$2.00,-104.10%,-$2.00,-104.10%,NVO,NYSE:NVO,-2.000,,
NYSE:NVR,8 Jul 2024,"$6,194.00",2,,,3.50,"$6,414.67",-3.44%,,,,$0.00,-100.00%,"$11,117.55",73.31%,"$11,209.36",74.75%,NVR,NYSE:NVR,-1.000,"$7,050.00",
NYSE:NVRI,31 May 2024,$10.35,3,,,2.76,$22.08,-53.15%,,,,$0.00,-100.00%,-$47.49,-315.10%,$21.93,-0.69%,NVRI,NYSE:NVRI,-1.000,$21.00,
NYSE:NVST,20 Aug 2025,$24.25,4,$22.30,9,3.59,$26.33,-15.31%,,,,$0.00,-100.00%,$35.20,33.70%,$27.74,5.37%,NVST,NYSE:NVST,-1.000,$29.43,-24.23%
NYSE:NVT,19 Aug 2025,$88.41,3,,,2.95,$151.79,-41.75%,,,,$162.29,6.92%,$157.00,3.43%,$164.57,8.42%,NVT,NYSE:NVT,0.120,$190.60,
NASDAQ:NVTS,5 Feb 2026,$8.26,3,$8.00,5,4.62,$10.92,-26.74%,,,,$0.00,-100.00%,$11.01,0.78%,$12.01,9.94%,NVTS,NASDAQ:NVTS,-1.000,$14.46,-44.67%
NASDAQ:NVX,11 Dec 2025,$1.56,3,,4,,$0.41,280.49%,,,,,-100.00%,-$2.00,-587.80%,-$2.00,-587.80%,NVX,NASDAQ:NVX,-2.000,,
NASDAQ:NWBI,18 Mar 2026,$14.02,3,$13.00,7,4.21,$15.40,-15.58%,,,,$16.16,4.94%,-$69.32,-550.14%,-$69.32,-550.12%,NWBI,NASDAQ:NWBI,0.743,$15.00,-13.33%
NYSE:NWG,27 May 2026,$16.57,3,$18.20,9,3.02,$17.97,-7.77%,,,,$18.48,2.84%,-$115.72,-743.97%,-$113.70,-732.74%,NWG,NYSE:NWG,0.180,$20.48,-11.13%
NYSE:NWN,6 Feb 2026,$46.99,3,$53.50,7,3.46,$51.68,-9.08%,,,,$53.62,3.75%,-$70.00,-235.45%,$13.71,-73.48%,NWN,NYSE:NWN,0.379,$57.40,-6.79%
NYSE:NX,16 Aug 2025,$26.24,3,,1,2.89,$18.60,41.09%,,,,$19.35,4.03%,$3.53,-81.00%,$29.48,58.48%,NX,NYSE:NX,0.063,$27.25,
NYSE:NXE,24 Oct 2025,$8.68,3,,,0.95,$9.14,-5.03%,,,,$8.91,-2.52%,$8.61,-5.75%,$8.62,-5.69%,NXE,NYSE:NXE,-0.801,$19.02,
NASDAQ:NXPI,27 Jan 2026,$261.92,5,$258.76,9,3.28,$269.24,-3.89%,,,,$284.82,5.79%,$324.48,20.52%,$354.23,31.57%,NXPI,NASDAQ:NXPI,0.285,$314.10,-17.62%
NYSE:NXRT,25 Aug 2025,$38.18,4,$36.33,3,3.74,$26.07,39.36%,,,,$27.21,4.37%,$21.10,-19.06%,$83.47,220.18%,NXRT,NYSE:NXRT,0.495,$30.20,20.30%
NASDAQ:NXTC,28 Oct 2025,$22.52,3,$20.00,,5.00,$4.24,371.70%,,,,$0.00,-100.00%,-$28.52,-772.65%,-$26.63,-728.15%,NXTC,NASDAQ:NXTC,-1.000,$20.00,0.00%
NYSE:O,23 Sep 2025,$70.69,5,$62.00,9,3.63,$65.60,-5.49%,,,,$67.72,3.23%,$79.90,21.80%,$123.61,88.43%,O,NYSE:O,0.471,$68.01,-8.84%
NYSE:OBK,10 Mar 2026,$48.92,3,$46.67,5,2.34,$53.62,-12.96%,,,,$53.50,-0.22%,$0.00,-100.00%,$0.00,-100.00%,OBK,NYSE:OBK,-0.098,$54.60,-14.52%
NASDAQ:OBT,2 Oct 2025,$34.16,3,$29.00,4,3.32,$37.69,-23.06%,,,,$39.16,3.90%,$0.00,-100.00%,$0.00,-100.00%,OBT,NASDAQ:OBT,0.332,$39.50,-26.58%
NYSE:OC,30 Sep 2024,$164.18,3,,,3.31,$142.34,15.34%,,,,$147.11,3.35%,$299.06,110.11%,$351.03,146.62%,OC,NYSE:OC,0.305,$164.57,
NASDAQ:OCC,10 Feb 2026,$3.85,3,,3,,$14.41,-73.25%,,,,,-100.00%,-$2.00,-113.88%,-$2.00,-113.88%,OCC,NASDAQ:OCC,-2.000,,
NYSE:OFG,27 May 2026,$53.57,3,$47.00,7,2.86,$52.40,-10.31%,,,,$53.89,2.84%,$0.00,-100.00%,$0.00,-100.00%,OFG,NYSE:OFG,0.127,$55.00,-14.55%
NYSE:OGE,22 Jan 2026,$43.01,2,$46.14,7,2.63,$49.95,-13.89%,,,,$51.13,2.36%,$15.99,-68.00%,$17.31,-65.34%,OGE,NYSE:OGE,0.033,$50.67,-8.94%
NYSE:OGS,19 Jun 2026,$79.20,3,$87.00,5,3.08,$80.53,-1.65%,,,,$83.01,3.08%,$7.37,-90.85%,$87.17,8.24%,OGS,NYSE:OGS,0.207,$91.62,-5.04%
NYSE:OHI,23 Dec 2025,$49.04,5,$46.80,9,3.19,$51.72,-9.51%,,,,$53.16,2.78%,$79.29,53.30%,$97.63,88.76%,OHI,NYSE:OHI,0.286,$50.89,-8.04%
NYSE:OI,26 Mar 2026,$12.61,4,$18.00,6,0.74,$9.08,38.93%,,,,$8.61,-5.18%,-$0.96,-110.62%,$39.31,332.98%,OI,NYSE:OI,-0.888,$12.44,44.69%
NYSE:OKE,29 Apr 2026,$98.03,4,$92.57,10,3.47,$93.16,-0.63%,,,,$98.55,5.79%,$36.83,-60.47%,$74.81,-19.70%,OKE,NYSE:OKE,0.403,$96.05,-3.62%
NASDAQ:OLED,24 Feb 2026,$147.14,3,$151.67,6,2.90,$79.27,85.62%,,,,$81.43,2.72%,$165.77,109.12%,$178.67,125.40%,OLED,NASDAQ:OLED,0.067,$125.89,20.48%
NASDAQ:OM,4 Dec 2025,$4.31,1,,1,,$4.04,6.68%,,,,,-100.00%,-$2.00,-149.50%,-$2.00,-149.50%,OM,NASDAQ:OM,-2.000,,
NASDAQ:OMAB,1 Jun 2026,$112.42,4,$134.00,6,3.12,$103.43,8.69%,,,,$106.49,2.96%,$164.77,59.30%,$184.31,78.20%,OMAB,NASDAQ:OMAB,0.207,$124.78,7.39%
NASDAQ:ON,5 Feb 2026,$68.86,3,,,4.52,$86.81,-20.68%,,,,$0.00,-100.00%,$102.93,18.57%,$128.58,48.12%,ON,NASDAQ:ON,-1.000,$113.12,
NASDAQ:ONB,20 Mar 2026,$23.78,3,$27.78,4,3.02,$26.49,-10.22%,,,,$27.13,2.42%,$0.00,-100.00%,$0.00,-100.00%,ONB,NASDAQ:ONB,0.188,$29.00,-4.21%
NYSE:ONIT,26 Mar 2025,$40.67,4,$42.50,5,4.85,$39.44,3.12%,,,,$0.00,-100.00%,"-$1,129.52",-2963.88%,"-$1,115.84",-2929.21%,ONIT,NYSE:ONIT,-1.000,$54.00,-21.30%
NYSE:ONON,15 Aug 2025,$41.55,2,,,5.00,$35.82,15.99%,,,,$0.00,-100.00%,$39.68,10.76%,$49.09,37.05%,ONON,NYSE:ONON,-1.000,$51.81,
NYSE:ONTO,9 Feb 2026,$215.21,4,$201.67,8,4.78,$272.62,-26.03%,,,,$0.00,-100.00%,$296.34,8.70%,$314.31,15.29%,ONTO,NYSE:ONTO,-1.000,$369.60,-45.44%
NYSEAMERICAN:OPTT,13 Nov 2025,$0.44,1,$1.50,5,,$0.15,193.33%,,,,,-100.00%,-$2.00,-1433.33%,-$2.00,-1433.33%,OPTT,NYSEAMERICAN:OPTT,-2.000,,
NYSE:OPY,16 Jun 2026,$115.64,4,,9,2.47,$109.69,5.42%,,,,$112.76,2.80%,$193.23,76.16%,$251.91,129.65%,OPY,NYSE:OPY,0.053,$37.00,
NYSE:ORI,28 Apr 2026,$42.27,3,$42.00,3,4.24,$42.29,-0.69%,,,,$44.19,4.49%,$54.19,28.13%,$54.31,28.43%,ORI,NYSE:ORI,0.754,$42.00,0.00%
NASDAQ:ORKA,23 Aug 2025,$26.17,3,,,3.15,$92.16,-71.60%,,,,$96.42,4.62%,$0.00,-100.00%,$0.00,-100.00%,ORKA,NASDAQ:ORKA,0.177,$148.17,
NASDAQ:ORRF,19 Nov 2025,$37.94,3,$40.50,8,2.78,$42.56,-10.86%,,,,$43.70,2.68%,-$130.41,-406.42%,-$119.10,-379.85%,ORRF,NASDAQ:ORRF,0.103,$42.25,-4.14%
NASDAQ:OSBC,28 Apr 2026,$22.52,3,$25.00,7,2.70,$24.03,-6.28%,,,,$24.61,2.41%,$0.00,-100.00%,$0.00,-100.00%,OSBC,NASDAQ:OSBC,0.052,$25.33,-1.30%
NASDAQ:OSIS,27 Jan 2026,$261.70,2,$287.33,6,4.88,$216.70,20.77%,,,,$0.00,-100.00%,$178.61,-17.58%,$217.23,0.24%,OSIS,NASDAQ:OSIS,-1.000,$298.14,-3.63%
NASDAQ:OSPN,10 Feb 2026,$17.74,3,,4,3.30,$15.15,17.08%,,,,$15.54,2.57%,$42.62,181.34%,$46.67,208.06%,OSPN,NASDAQ:OSPN,0.319,$16.25,
NYSEAMERICAN:OSTX,23 Dec 2025,$1.60,1,$11.50,1,,$1.52,5.26%,,,,,-100.00%,-$2.00,-231.58%,-$2.00,-231.58%,OSTX,NYSEAMERICAN:OSTX,-2.000,,
NASDAQ:OSW,29 Nov 2024,$17.98,3,,,,$26.29,-31.61%,,,,,-100.00%,-$2.00,-107.61%,-$2.00,-107.61%,OSW,NASDAQ:OSW,-2.000,,
NASDAQ:OTEX,19 Jan 2026,$32.75,3,$38.78,2,3.03,$22.37,46.39%,,,,$22.91,2.41%,$65.37,192.21%,$105.13,369.98%,OTEX,NASDAQ:OTEX,0.150,$29.00,33.72%
NYSE:OTIS,29 Oct 2025,$94.34,3,$105.25,6,3.54,$71.93,31.16%,,,,$74.07,2.98%,$74.36,3.38%,$81.10,12.76%,OTIS,NYSE:OTIS,0.365,$96.00,9.64%
NASDAQ:OUST,5 Feb 2026,$21.62,3,$37.00,8,5.00,$34.04,-36.47%,,,,$0.00,-100.00%,$31.07,-8.73%,$32.08,-5.77%,OUST,NASDAQ:OUST,-1.000,$52.14,-29.04%
NYSE:OVV,18 Aug 2025,$55.37,3,,,3.26,$63.13,-12.30%,,,,$66.13,4.75%,$80.70,27.84%,$152.01,140.78%,OVV,NYSE:OVV,0.287,$70.68,
NASDAQ:OXSQ,19 Aug 2025,$2.97,4,$2.50,4,3.67,$1.44,73.61%,,,,$1.51,4.86%,$3.64,153.12%,"$1,759,986.95",122221216.15%,OXSQ,NASDAQ:OXSQ,0.450,$1.75,42.86%
NYSE:OXY,2 Jul 2026,$55.97,4,$64.21,8,3.29,$57.30,-2.32%,-2.32%,$55.97,$64.26,$59.34,3.56%,$66.94,16.82%,$102.95,79.66%,OXY,NYSE:OXY,0.304,$64.26,-0.08%
NASDAQ:OZK,2 Oct 2025,$49.29,3,$59.63,8,3.03,$50.33,-2.07%,,,,$51.82,2.96%,$0.00,-100.00%,$0.00,-100.00%,OZK,NASDAQ:OZK,0.199,$54.00,10.43%
NYSE:PAC,13 Jun 2025,$210.00,3,$236.70,6,2.57,$216.28,-2.90%,,,,$214.90,-0.64%,$287.67,33.01%,$368.66,70.46%,PAC,NYSE:PAC,-0.045,$267.91,-11.65%
NASDAQ:PACB,11 Dec 2025,$2.97,3,$2.30,5,5.00,$1.36,69.12%,,,,$0.00,-100.00%,-$2.53,-286.14%,$28.51,1996.53%,PACB,NASDAQ:PACB,-1.000,$2.46,-6.50%
NASDAQ:PANW,20 Aug 2025,$177.95,3,,,3.15,$323.79,-45.04%,,,,$0.00,-100.00%,$367.54,13.51%,$401.75,24.08%,PANW,NASDAQ:PANW,-1.000,$333.50,
NYSE:PAR,19 Aug 2025,$40.18,2,,,5.00,$15.44,160.20%,,,,$0.00,-100.00%,$5.63,-63.55%,$15.21,-1.52%,PAR,NYSE:PAR,-1.000,$26.81,
NASDAQ:PAX,13 Nov 2025,$16.56,3,$16.00,6,3.75,$10.80,48.15%,,,,$11.22,3.89%,$29.60,174.07%,$30.86,185.75%,PAX,NASDAQ:PAX,0.444,$15.57,2.76%
NYSE:PAYC,26 Mar 2026,$152.82,3,$150.36,7,1.91,$145.35,3.45%,,,,$141.51,-2.64%,$297.48,104.66%,$366.36,152.05%,PAYC,NYSE:PAYC,-0.296,$151.50,-0.75%
NASDAQ:PAYO,3 Sep 2025,$7.80,3,$10.50,7,3.20,$7.12,9.49%,,,,$0.00,-100.00%,-$11.50,-261.56%,-$8.87,-224.51%,PAYO,NASDAQ:PAYO,-1.000,$7.40,41.89%
NASDAQ:PAYS,11 Feb 2026,$3.74,3,$9.00,7,0.84,$8.69,-56.98%,,,,$8.12,-6.56%,$22.72,161.42%,$25.62,194.86%,PAYS,NASDAQ:PAYS,-0.793,$9.95,-9.55%
NASDAQ:PAYX,19 Aug 2025,$129.02,2,,,2.50,$113.55,13.62%,,,,$112.26,-1.14%,$165.11,45.41%,$182.29,60.54%,PAYX,NASDAQ:PAYX,-0.012,$108.50,
NYSE:PB,19 Nov 2025,$75.08,4,$78.17,7,2.89,$73.15,2.64%,,,,$74.95,2.46%,-$155.00,-311.89%,-$151.57,-307.20%,PB,NYSE:PB,0.133,$79.62,-1.82%
NYSE:PBA,16 Sep 2025,$40.71,4,$41.47,8,3.52,$51.37,-20.76%,,,,$53.14,3.45%,$39.09,-23.91%,$50.00,-2.67%,PBA,NYSE:PBA,0.468,$42.29,-1.94%
NYSE:PBI,19 Aug 2025,$11.44,3,$11.50,7,2.70,$17.88,-36.01%,,,,$18.37,2.74%,$5.15,-71.18%,$17.90,0.12%,PBI,NYSE:PBI,0.076,$17.14,-32.91%
NYSE:PBR,20 Jul 2026,$19.86,5,$22.55,6,3.60,$18.77,5.81%,5.81%,$19.86,$22.58,$19.69,4.90%,$20.51,9.28%,$83.03,342.38%,PBR,NYSE:PBR,0.421,$22.58,-0.13%
NYSE:PBR.A,30 Jun 2026,$17.20,5,,,3.63,$16.62,3.49%,3.49%,$17.20,$22.30,$17.42,4.81%,$42.88,158.03%,$140.71,746.64%,PBR.A,NYSE:PBR.A,0.404,$22.30,
NYSE:PCG,14 Jul 2026,$19.14,4,$23.57,4,2.13,$17.85,7.21%,7.21%,$19.14,$23.57,$17.66,-1.06%,-$19.04,-206.68%,-$6.30,-135.30%,PCG,NYSE:PCG,-0.247,$22.84,3.20%
NYSE:PCOR,27 Jan 2026,$68.73,3,$87.91,7,5.00,$42.83,60.48%,,,,$0.00,-100.00%,$52.68,22.99%,$59.81,39.64%,PCOR,NYSE:PCOR,-1.000,$66.05,33.10%
NASDAQ:PDD,20 Aug 2025,$133.52,3,$124.92,5,5.00,$82.66,51.13%,,,,$0.00,-100.00%,$200.68,142.77%,$200.84,142.97%,PDD,NASDAQ:PDD,-1.000,$116.28,7.43%
NASDAQ:PDFS,27 Jan 2026,$35.52,3,$34.75,7,0.79,$50.98,-31.84%,,,,$49.07,-3.75%,$57.27,12.34%,$57.06,11.92%,PDFS,NASDAQ:PDFS,-0.832,$62.12,-44.06%
NYSE:PDM,14 Jul 2025,$11.58,4,$8.50,6,3.35,$9.79,-13.18%,,,,$10.12,3.37%,-$6.67,-168.18%,$9.96,1.76%,PDM,NYSE:PDM,0.350,$10.00,-15.00%
NYSE:PEB,23 Dec 2025,$17.33,3,$12.00,7,2.34,$19.09,-37.14%,,,,$19.22,0.68%,$24.07,26.11%,$47.83,150.57%,PEB,NYSE:PEB,-0.077,$17.55,-31.62%
NASDAQ:PEBO,16 Jan 2026,$32.08,3,$33.17,10,3.58,$40.31,-20.41%,,,,$41.59,3.18%,$0.00,-100.00%,$0.00,-100.00%,PEBO,NASDAQ:PEBO,0.445,$42.67,-22.26%
NASDAQ:PEGA,11 Feb 2026,$49.55,5,$72.00,9,1.00,$26.82,84.74%,,,,$24.93,-7.05%,$48.05,79.15%,$46.93,74.97%,PEGA,NASDAQ:PEGA,-0.776,$58.20,23.71%
NYSE:PEN,11 Dec 2025,$225.97,1,$307.92,10,3.69,$318.73,-29.10%,,,,$0.00,-100.00%,$426.95,33.95%,$434.93,36.46%,PEN,NYSE:PEN,-1.000,$362.54,-15.07%
NASDAQ:PFBC,27 May 2026,$99.21,3,$107.50,5,3.06,$102.96,-3.64%,,,,$106.40,3.34%,$0.00,-100.00%,$0.00,-100.00%,PFBC,NASDAQ:PFBC,0.221,$105.00,2.38%
NYSE:PFE,26 Mar 2026,$30.96,5,$29.07,6,4.24,$24.54,18.46%,,,,$25.79,5.09%,$18.99,-22.63%,$30.10,22.66%,PFE,NYSE:PFE,0.714,$28.75,1.11%
NYSE:PFGC,4 Sep 2025,$88.60,1,,,3.50,$111.49,-20.53%,,,,$0.00,-100.00%,$138.16,23.92%,$188.35,68.94%,PFGC,NYSE:PFGC,-1.000,$122.69,
NASDAQ:PFIS,19 Mar 2026,$59.16,3,$56.00,6,3.17,$69.44,-19.35%,,,,$71.54,3.02%,$0.00,-100.00%,$0.00,-100.00%,PFIS,NASDAQ:PFIS,0.297,$63.00,-11.11%
NYSE:PFLT,20 Feb 2026,$9.26,3,$10.25,8,4.04,#N/A,#N/A,,,,$7.19,#N/A,$6.97,#N/A,$12.01,#N/A,PFLT,NYSE:PFLT,0.615,$10.10,1.49%
NYSE:PFS,18 Nov 2025,$20.08,3,$22.00,3,3.53,$23.89,-15.95%,,,,$24.84,3.98%,-$104.86,-538.93%,-$98.90,-513.98%,PFS,NYSE:PFS,0.419,$25.75,-14.56%
NASDAQ:PFSA,11 Dec 2025,$0.26,3,,,,$1.71,-84.54%,,,,,-100.00%,-$2.00,-216.96%,-$2.00,-216.96%,PFSA,NASDAQ:PFSA,-2.000,,
NYSE:PFSI,4 Oct 2024,$102.39,3,,,2.58,$84.35,21.39%,,,,$83.57,-0.92%,$515.19,510.77%,$537.13,536.79%,PFSI,NYSE:PFSI,-0.036,$102.57,
NASDAQ:PGEN,23 Dec 2025,$3.53,3,$9.00,7,5.00,$5.40,-34.56%,,,,$0.00,-100.00%,$4.48,-17.07%,$4.51,-16.45%,PGEN,NASDAQ:PGEN,-1.000,$12.45,-27.71%
NYSE:PGR,18 Sep 2025,$210.79,1,,,3.40,$213.83,-1.42%,,,,$220.41,3.08%,$0.00,-100.00%,$0.00,-100.00%,PGR,NYSE:PGR,0.358,$231.71,
NYSE:PH,3 Jul 2024,$534.00,1,$759.92,6,2.64,$987.54,-45.93%,,,,"$1,016.53",2.94%,"$1,315.91",33.25%,"$1,243.70",25.94%,PH,NYSE:PH,0.027,"$1,039.70",-26.91%
NYSE:PHG,11 Dec 2025,$35.54,3,,7,3.59,$26.17,35.82%,,,,$27.14,3.71%,$18.69,-28.58%,$35.41,35.31%,PHG,NYSE:PHG,0.403,$33.26,
NYSE:PHM,31 Mar 2026,$124.03,4,$141.83,3,2.15,$128.75,-3.67%,,,,$125.48,-2.54%,$201.77,56.71%,$147.91,14.88%,PHM,NYSE:PHM,-0.199,$139.77,1.47%
NASDAQ:PI,27 Jan 2026,$144.68,2,$240.50,8,4.86,$127.55,13.43%,,,,$0.00,-100.00%,$126.24,-1.03%,$134.08,5.12%,PI,NASDAQ:PI,-1.000,$175.00,37.43%
NYSE:PIPR,29 Jun 2026,$77.12,3,$97.00,3,3.57,$76.09,1.35%,1.35%,$77.12,$97.00,$79.90,5.01%,$0.00,-100.00%,$0.00,-100.00%,PIPR,NYSE:PIPR,0.417,$88.12,10.08%
NYSE:PKST,14 Jan 2026,$15.34,4,$17.00,6,,#N/A,#N/A,,,,,#N/A,-$2.00,#N/A,-$2.00,#N/A,PKST,NYSE:PKST,-2.000,,
NYSE:PL,7 Jul 2025,$5.02,3,,,5.00,$20.47,-75.48%,,,,$0.00,-100.00%,$22.12,8.07%,$20.84,1.83%,PL,NYSE:PL,-1.000,$40.10,
NASDAQ:PLAB,1 May 2026,$41.22,2,$47.00,6,4.98,$30.33,35.89%,,,,$0.00,-100.00%,$41.50,36.84%,$63.77,110.26%,PLAB,NASDAQ:PLAB,-1.000,$42.33,11.03%
NASDAQ:PLMR,16 Sep 2025,$107.46,3,,,3.96,$137.56,-21.88%,,,,$0.00,-100.00%,$158.30,15.07%,$158.79,15.44%,PLMR,NASDAQ:PLMR,-1.000,$164.00,
NYSE:PLNT,4 Sep 2025,$92.00,1,,,4.22,$53.48,72.02%,,,,$0.00,-100.00%,$105.37,97.03%,$138.55,159.07%,PLNT,NYSE:PLNT,-1.000,$66.53,
NYSE:PLOW,20 Sep 2024,$36.15,4,,,2.58,$46.18,-21.72%,,,,$46.34,0.35%,$270.88,486.58%,$357.36,673.84%,PLOW,NYSE:PLOW,-0.030,$55.25,
NASDAQ:PLTR,14 Aug 2025,$120.98,1,,,5.00,$122.92,-1.58%,,,,$0.00,-100.00%,$140.56,14.35%,$140.71,14.47%,PLTR,NASDAQ:PLTR,-1.000,$183.12,
NASDAQ:PLUS,27 Oct 2025,$88.78,3,,6,4.23,$89.02,-0.27%,,,,$0.00,-100.00%,$266.68,199.57%,$280.26,214.83%,PLUS,NASDAQ:PLUS,-1.000,$111.00,
NASDAQ:PLXS,27 Jan 2026,$181.83,3,,,0.57,$254.45,-28.54%,,,,$245.20,-3.64%,$237.04,-6.84%,$274.00,7.68%,PLXS,NASDAQ:PLXS,-0.916,$293.25,
NYSE:PM,25 Aug 2025,$144.36,2,,,2.09,$193.00,-25.20%,,,,$193.45,0.23%,$334.35,73.24%,$355.58,84.24%,PM,NYSE:PM,-0.207,$196.27,
NASDAQ:PMTS,26 Aug 2025,$22.24,3,,,,$19.52,13.94%,,,,,-100.00%,-$2.00,-110.25%,-$2.00,-110.25%,PMTS,NASDAQ:PMTS,-2.000,,
NYSE:PNC,19 Nov 2025,$182.16,3,$223.09,8,2.76,$250.99,-27.42%,,,,$256.67,2.26%,$0.00,-100.00%,$0.00,-100.00%,PNC,NYSE:PNC,0.070,$276.98,-19.46%
NASDAQ:PNFP,28 Jul 2025,$101.11,3,$121.91,7,,$102.60,-1.45%,,,,,-100.00%,-$2.00,-101.95%,-$2.00,-101.95%,PNFP,NYSE:PNFP,-2.000,,
NYSE:PNNT,23 Jul 2026,,1,$5.00,4,4.79,$3.29,51.98%,51.98%,$5.00,$5.00,$3.50,6.38%,"-$12,282.67",-373433.48%,"-$12,274.85",-373195.76%,PNNT,NYSE:PNNT,0.909,$4.75,5.26%
NYSE:PNR,11 Nov 2025,$102.58,2,$124.75,7,3.49,$62.88,63.14%,,,,$65.42,4.04%,$141.00,124.23%,$152.10,141.89%,PNR,NYSE:PNR,0.354,$81.33,53.39%
NASDAQ:PODD,11 Dec 2025,$276.82,2,$381.12,9,5.00,$163.26,69.56%,,,,$0.00,-100.00%,$224.79,37.69%,$248.79,52.39%,PODD,NASDAQ:PODD,-1.000,$238.22,59.99%
NASDAQ:POET,5 Feb 2026,$6.44,3,,7,5.00,$6.89,-6.52%,,,,$0.00,-100.00%,$7.19,4.34%,$7.23,4.89%,POET,NASDAQ:POET,-1.000,$17.50,
NASDAQ:POOL,23 Aug 2025,$310.70,3,,,3.34,$183.77,69.07%,,,,$190.76,3.80%,$397.22,116.15%,$441.91,140.47%,POOL,NASDAQ:POOL,0.268,$252.27,
NYSE:POR,6 Feb 2026,$50.85,4,$49.60,7,3.55,$52.05,-4.71%,,,,$54.24,4.21%,-$33.21,-163.80%,$15.80,-69.64%,POR,NYSE:POR,0.440,$53.09,-6.57%
NYSE:POST,2 Apr 2026,$109.06,5,$128.50,2,4.44,$90.91,19.96%,,,,$0.00,-100.00%,$8.15,-91.04%,$100.96,11.05%,POST,NYSE:POST,-1.000,$117.17,9.67%
NASDAQ:POWI,5 Feb 2026,$72.10,3,$52.50,5,2.83,$63.46,-17.27%,,,,$72.00,13.46%,$75.14,18.40%,$80.02,26.09%,POWI,NASDAQ:POWI,0.080,$76.20,-31.10%
NASDAQ:PPC,19 Aug 2025,$43.27,2,,,3.33,$28.68,50.85%,,,,$29.53,2.96%,$67.89,136.71%,$23.35,-18.59%,PPC,NASDAQ:PPC,0.311,$33.56,
NASDAQ:PPIH,20 Apr 2026,$30.77,3,,7,0.47,$25.11,22.53%,,,,$23.65,-5.81%,$49.47,97.03%,$61.58,145.25%,PPIH,NASDAQ:PPIH,-0.984,$32.00,
NYSE:PR,11 Nov 2025,$15.75,5,$18.13,3,3.15,$21.35,-26.23%,,,,$22.24,4.17%,$21.50,0.71%,$50.97,138.73%,PR,NYSE:PR,0.229,$25.05,-27.62%
NYSE:PRA,11 Dec 2025,$26.77,3,,3,,#N/A,#N/A,,,,,#N/A,-$2.00,#N/A,-$2.00,#N/A,PRA,NYSE:PRA,-2.000,,
NASDAQ:PRCH,29 Jan 2026,$6.54,3,$18.17,8,,$11.84,-44.76%,,,,,-100.00%,-$2.00,-116.89%,-$2.00,-116.89%,PRCH,NASDAQ:PRCH,-2.000,,
NASDAQ:PRCT,11 Dec 2025,$43.52,3,$50.71,5,5.00,$16.69,160.75%,,,,$0.00,-100.00%,$14.10,-15.54%,$14.34,-14.10%,PRCT,NASDAQ:PRCT,-1.000,$29.30,73.07%
NASDAQ:PRDO,28 Apr 2026,$43.66,5,$42.00,8,2.80,$30.36,38.34%,,,,$31.72,4.48%,$106.18,249.74%,$115.44,280.23%,PRDO,NASDAQ:PRDO,0.023,$44.00,-4.55%
NASDAQ:PRGS,22 Jan 2026,$57.12,3,$59.75,7,1.77,$37.85,50.90%,,,,$37.23,-1.64%,$86.39,128.25%,$131.09,246.34%,PRGS,NASDAQ:PRGS,-0.420,$50.67,17.92%
NYSE:PRIM,23 Aug 2024,$53.96,3,,,1.05,$86.51,-37.63%,,,,$84.73,-2.06%,$171.69,98.47%,$188.86,118.32%,PRIM,NYSE:PRIM,-0.756,$127.50,
NYSEAMERICAN:PRK,7 Oct 2025,$164.00,1,,,,$188.58,-13.03%,,,,,-100.00%,-$2.00,-101.06%,-$2.00,-101.06%,PRK,NYSEAMERICAN:PRK,-2.000,,
NASDAQ:PROK,10 Jul 2025,$2.60,,$4.50,7,5.00,$1.50,73.33%,,,,$0.00,-100.00%,$0.06,-95.80%,$0.13,-91.33%,PROK,NASDAQ:PROK,-1.000,$6.25,-28.00%
NASDAQ:PRSO,29 Jan 2026,$1.15,4,$3.00,,,$0.68,68.78%,,,,,-100.00%,-$2.00,-394.12%,-$2.00,-394.12%,PRSO,NASDAQ:PRSO,-2.000,,
NASDAQ:PRTH,10 Feb 2026,$10.32,3,$13.00,1,5.00,$6.29,64.09%,,,,$0.00,-100.00%,-$12.36,-296.45%,-$1.75,-127.78%,PRTH,NASDAQ:PRTH,-1.000,$10.10,28.71%
NASDAQ:PSIX,28 Apr 2026,$74.87,3,$109.00,9,0.62,$29.96,149.90%,,,,$28.68,-4.27%,$68.59,128.94%,$73.26,144.52%,PSIX,NASDAQ:PSIX,-0.947,$70.37,54.90%
NYSE:PSN,16 Feb 2026,$83.99,5,$81.64,7,,$58.73,39.01%,,,,,-100.00%,-$2.00,-103.41%,-$2.00,-103.41%,PSN,NYSE:PSN,-2.000,,
NASDAQ:PSNY,29 Nov 2024,$1.30,3,,,4.40,$13.68,-90.50%,,,,$0.00,-100.00%,$0.00,-100.00%,$0.00,-100.00%,PSNY,NASDAQ:PSNY,-1.000,$17.50,
NYSE:PSTG,19 Aug 2025,$64.73,3,,,,#N/A,#N/A,,,,$0.00,#N/A,$94.50,#N/A,$102.27,#N/A,PSTG,NYSE:PSTG,-1.000,$91.21,
NYSE:PSX,26 Jun 2026,$162.80,2,$194.00,7,2.67,$206.77,-21.27%,,,,$214.16,3.57%,$177.12,-14.34%,$231.32,11.87%,PSX,NYSE:PSX,0.057,$204.11,-4.95%
NASDAQ:PTC,19 Jan 2026,$176.72,3,$218.00,6,5.00,$118.52,49.10%,,,,$0.00,-100.00%,$268.73,126.73%,$287.88,142.89%,PTC,NASDAQ:PTC,-1.000,$175.35,24.32%
NASDAQ:PTEN,21 Jul 2025,$10.35,3,$8.03,2,3.32,$10.20,-21.27%,,,,$11.29,10.69%,$21.54,111.20%,$31.55,209.34%,PTEN,NASDAQ:PTEN,0.283,$13.00,-38.23%
NASDAQ:PTLO,14 Jan 2026,$9.61,3,$6.30,3,5.00,$4.35,44.83%,,,,$0.00,-100.00%,-$5.05,-215.99%,-$4.53,-204.24%,PTLO,NASDAQ:PTLO,-1.000,$6.28,0.32%
NASDAQ:PUBM,29 Jan 2026,$11.75,3,$12.92,7,3.15,$12.52,-6.11%,,,,$0.00,-100.00%,$26.93,115.08%,$40.47,223.26%,PUBM,NASDAQ:PUBM,-1.000,$12.89,0.23%
NYSE:PWR,23 Aug 2025,$272.00,1,,,0.77,$625.84,-56.54%,,,,$612.01,-2.21%,$605.78,-3.20%,$716.97,14.56%,PWR,NYSE:PWR,-0.837,$756.01,
NASDAQ:PZZA,18 Sep 2025,$56.89,4,$48.40,9,3.21,$30.37,59.37%,,,,$32.65,7.51%,$16.75,-44.86%,$13.71,-54.84%,PZZA,NASDAQ:PZZA,0.246,$36.90,31.17%
NYSE:Q,9 Feb 2026,$106.61,3,,,4.47,$135.06,-21.06%,,,,$0.00,-100.00%,$0.00,-100.00%,$0.00,-100.00%,Q,NYSE:Q,-1.000,$174.75,
NASDAQ:QCOM,27 Jan 2026,$171.89,4,$193.33,6,3.33,$166.97,2.95%,,,,$175.12,4.88%,$225.40,34.99%,$240.75,44.19%,QCOM,NASDAQ:QCOM,0.277,$221.23,-12.61%
NASDAQ:QCRH,28 Apr 2026,$93.80,3,$102.67,9,1.52,$100.15,-6.34%,,,,$97.40,-2.75%,$0.00,-100.00%,$0.00,-100.00%,QCRH,NASDAQ:QCRH,-0.462,$102.00,0.66%
NASDAQ:QDEL,11 Dec 2025,$47.57,3,$27.75,6,4.39,$16.05,72.90%,,,,$0.00,-100.00%,-$8.98,-155.93%,$20.57,28.13%,QDEL,NASDAQ:QDEL,-1.000,$20.50,35.37%
NASDAQ:QFIN,9 Sep 2025,$29.99,3,$48.39,5,,$13.19,127.36%,,,,,-100.00%,-$2.00,-115.16%,-$2.00,-115.16%,QFIN,NASDAQ:QFIN,-2.000,,
NASDAQ:QLYS,10 Feb 2026,$147.47,5,$136.87,5,2.75,$137.48,-0.44%,,,,$0.00,-100.00%,$296.74,115.84%,$302.89,120.32%,QLYS,NASDAQ:QLYS,-1.000,$130.52,4.87%
NASDAQ:QRVO,19 Jan 2026,$81.21,3,$100.08,6,3.29,$86.51,-6.13%,,,,$0.00,-100.00%,$249.90,188.87%,$297.73,244.15%,QRVO,NASDAQ:QRVO,-1.000,$91.46,9.42%
NASDAQ:QSI,11 Dec 2025,$1.94,3,$2.83,2,5.00,$0.77,152.51%,,,,$0.00,-100.00%,-$0.33,-142.51%,-$0.27,-134.90%,QSI,NASDAQ:QSI,-1.000,$2.50,13.20%
NYSE:QSR,4 Mar 2026,$71.96,3,$79.11,9,2.99,$72.47,-0.71%,,,,$74.66,3.02%,$42.72,-41.05%,$51.10,-29.49%,QSR,NYSE:QSR,0.157,$85.29,-7.25%
NASDAQ:QTRX,16 Dec 2025,$12.46,3,$6.00,5,0.53,$3.67,63.49%,,,,$3.53,-3.81%,$0.05,-98.63%,$3.61,-1.73%,QTRX,NASDAQ:QTRX,-0.938,$4.33,38.57%
NYSE:QUAD,19 Jun 2026,$7.33,3,$9.93,9,2.79,$8.34,-12.11%,,,,$8.56,2.64%,$67.07,704.17%,$77.53,829.60%,QUAD,NYSE:QUAD,0.063,$9.93,0.00%
NASDAQ:QUIK,5 Feb 2026,$6.78,3,,,0.55,$12.66,-46.47%,,,,$11.70,-7.58%,$11.98,-5.37%,$17.69,39.74%,QUIK,NASDAQ:QUIK,-0.976,$23.67,
NYSE:QXO,19 Aug 2025,$30.22,3,$31.06,10,1.21,$13.67,121.05%,,,,$13.18,-3.58%,$12.46,-8.86%,$19.29,41.14%,QXO,NYSE:QXO,-0.687,$30.33,2.41%
NYSE:RACE,15 Dec 2025,$403.82,3,$465.44,6,3.23,$360.14,12.13%,,,,$371.22,3.08%,$623.74,73.19%,$700.30,94.45%,RACE,NYSE:RACE,0.249,$445.05,4.58%
NASDAQ:RAIL,28 Apr 2026,$11.16,4,,,,$8.40,32.91%,,,,,-100.00%,-$2.00,-123.81%,-$2.00,-123.81%,RAIL,NASDAQ:RAIL,-2.000,,
NYSE:RAMP,23 Jan 2026,$30.65,5,$42.20,7,3.39,$37.67,-18.65%,,,,$0.00,-100.00%,$84.38,123.99%,$87.17,131.41%,RAMP,NYSE:RAMP,-1.000,$40.58,3.99%
NASDAQ:RBB,1 Jun 2026,$24.58,3,$24.00,4,2.87,$26.28,-8.68%,,,,$27.32,3.96%,$0.00,-100.00%,$0.00,-100.00%,RBB,NASDAQ:RBB,0.127,$27.90,-13.98%
NYSE:RBC,23 Aug 2025,$337.00,1,,,0.52,$595.07,-43.37%,,,,$575.17,-3.34%,$681.20,14.47%,$749.46,25.94%,RBC,NYSE:RBC,-0.911,$620.00,
NASDAQ:RBCAA,20 Oct 2025,$70.90,3,,,3.10,$93.63,-24.28%,,,,$96.53,3.10%,$12.30,-86.86%,$26.93,-71.24%,RBCAA,NASDAQ:RBCAA,0.276,$80.00,
NYSE:RBLX,2 Jan 2026,$67.48,2,,,4.97,$47.55,41.91%,,,,$0.00,-100.00%,$70.16,47.55%,$74.25,56.15%,RBLX,NYSE:RBLX,-1.000,$66.29,
NYSE:RBOT,16 Dec 2025,$3.89,3,,,,#N/A,#N/A,,,,,#N/A,-$2.00,#N/A,-$2.00,#N/A,RBOT,NYSE:RBOT,-2.000,,
NYSE:RBRK,20 Aug 2025,$54.72,2,,,1.17,$73.24,-25.29%,,,,$70.87,-3.24%,$70.53,-3.70%,$73.52,0.39%,RBRK,NYSE:RBRK,-0.679,$95.23,
NYSE:RC,1 Sep 2025,$5.36,3,$4.15,4,3.59,$1.47,182.31%,,,,$1.57,6.80%,$111.97,7517.34%,$112.59,7559.31%,RC,NYSE:RC,0.413,$1.80,130.56%
NASDAQ:RCEL,4 Dec 2025,$9.25,3,$8.38,1,5.00,$4.61,81.78%,,,,$0.00,-100.00%,-$1.06,-123.08%,-$0.95,-120.67%,RCEL,NASDAQ:RCEL,-1.000,$9.05,-7.40%
NASDAQ:RCKY,16 Apr 2026,$43.95,3,$53.00,8,3.10,$40.37,8.88%,,,,$41.64,3.15%,$0.00,-100.00%,$0.00,-100.00%,RCKY,NASDAQ:RCKY,0.173,$53.00,0.00%
NYSE:RCL,8 Apr 2026,$279.75,3,$368.93,4,2.40,$293.54,-4.70%,,,,$287.97,-1.90%,$389.99,32.86%,$474.91,61.79%,RCL,NYSE:RCL,-0.101,$337.04,9.46%
NYSE:RDN,23 Jun 2026,$35.58,4,$45.33,8,2.94,$38.68,-8.03%,,,,$39.72,2.69%,$60.13,55.45%,$60.83,57.25%,RDN,NYSE:RDN,0.138,$45.00,0.73%
NYSE:RDW,21 Jul 2025,$13.29,2,,,5.00,$8.69,52.90%,,,,$0.00,-100.00%,$7.75,-10.78%,$8.62,-0.78%,RDW,NYSE:RDW,-1.000,$14.88,
NASDAQ:REG,21 Jul 2025,$72.09,1,,,2.97,$82.15,-12.25%,,,,$83.91,2.14%,$104.38,27.06%,$140.11,70.56%,REG,NASDAQ:REG,0.177,$86.11,
NYSEAMERICAN:REI,20 Aug 2025,$1.08,,$2.99,3,,$1.27,-14.96%,,,,,-100.00%,-$2.00,-257.48%,-$2.00,-257.48%,REI,NYSEAMERICAN:REI,-2.000,,
NASDAQ:REKR,9 Feb 2026,$1.09,3,$4.00,4,0.99,$0.61,78.10%,,,,$0.58,-4.92%,-$0.16,-126.08%,$0.27,-55.94%,REKR,NASDAQ:REKR,-0.783,$3.00,33.33%
NYSE:RELX,19 Aug 2025,$47.40,3,,,,$34.41,37.75%,,,,,-100.00%,-$2.00,-105.81%,-$2.00,-105.81%,RELX,NYSE:RELX,-2.000,,
NASDAQ:RELY,29 Jan 2026,$17.63,3,$20.20,4,4.51,$22.53,-21.73%,,,,$0.00,-100.00%,$39.12,73.63%,$42.20,87.30%,RELY,NASDAQ:RELY,-1.000,$29.33,-31.13%
NYSEAMERICAN:REPX,12 Feb 2026,,,$36.00,7,,$35.48,1.47%,,,,,-100.00%,-$2.00,-105.64%,-$2.00,-105.64%,REPX,NYSEAMERICAN:REPX,-2.000,,
NYSE:RES,30 Dec 2025,$6.58,4,$5.50,5,3.09,$5.61,-1.96%,,,,$6.02,7.31%,$9.96,77.55%,$13.11,133.71%,RES,NYSE:RES,0.205,$6.44,-14.60%
NYSE:REVG,24 Oct 2024,$28.28,3,,,,#N/A,#N/A,,,,,#N/A,-$2.00,#N/A,-$2.00,#N/A,REVG,NYSE:REVG,-2.000,,
NASDAQ:REYN,28 Apr 2026,$27.91,5,$24.00,6,2.86,$25.61,-6.29%,,,,$26.27,2.58%,$25.27,-1.33%,$35.51,38.64%,REYN,NASDAQ:REYN,0.129,$26.43,-9.19%
NYSE:REZI,17 Aug 2025,$32.83,3,$32.00,9,5.00,$34.54,-7.35%,,,,$0.00,-100.00%,$39.05,13.05%,$46.05,33.31%,REZI,NYSE:REZI,-1.000,$49.33,-35.13%
NYSE:RF,1 Jun 2026,$29.85,3,$30.31,3,3.94,$30.86,-3.27%,,,,$32.14,4.15%,$0.00,-100.00%,$0.00,-100.00%,RF,NYSE:RF,0.605,$32.90,-7.87%
NASDAQ:RGLD,16 Aug 2025,$142.50,1,,,2.80,$200.96,-29.09%,,,,$206.94,2.98%,$377.22,87.71%,$441.66,119.77%,RGLD,NASDAQ:RGLD,0.023,$301.08,
NASDAQ:RGNX,23 Dec 2025,$16.55,3,$28.57,9,5.00,$9.73,70.05%,,,,$0.00,-100.00%,$17.04,75.09%,$19.99,105.47%,RGNX,NASDAQ:RGNX,-1.000,$24.27,17.72%
NASDAQ:RGTI,28 Jul 2025,$11.56,2,,,5.00,$14.15,-18.28%,,,,$0.00,-100.00%,$13.59,-3.96%,$13.65,-3.54%,RGTI,NASDAQ:RGTI,-1.000,$30.07,
NYSE:RH,31 Jul 2024,$352.46,3,,,2.86,$174.51,101.97%,,,,$0.00,-100.00%,-$57.03,-132.68%,$45.01,-74.21%,RH,NYSE:RH,-1.000,$169.47,
NYSE:RHI,15 Dec 2025,$46.27,3,$29.57,5,3.37,$35.29,-16.21%,,,,$39.46,11.82%,$71.86,103.61%,$79.30,124.71%,RHI,NYSE:RHI,0.385,$31.89,-7.28%
NYSE:RIO,18 Aug 2025,$75.60,5,$64.00,8,,$91.22,-29.84%,,,,,-100.00%,-$2.00,-102.19%,-$2.00,-102.19%,RIO,NYSE:RIO,-2.000,,
NYSE:RITM,12 Aug 2025,$14.18,4,$14.06,8,4.01,$9.12,54.17%,,,,$9.49,4.06%,-$46.98,-615.11%,-$37.69,-513.29%,RITM,NYSE:RITM,0.561,$13.20,6.52%
NASDAQ:RIVN,15 Dec 2025,$17.90,3,$20.62,6,3.92,$15.84,13.02%,,,,$0.00,-100.00%,$21.35,34.79%,$27.32,72.47%,RIVN,NASDAQ:RIVN,-1.000,$18.77,9.86%
NYSE:RJF,18 Feb 2026,$166.94,3,$187.40,5,2.58,$169.30,-1.39%,,,,$166.80,-1.48%,$356.24,110.42%,$371.95,119.70%,RJF,NYSE:RJF,-0.003,$182.67,2.59%
NYSE:RKT,5 Mar 2025,$14.85,3,$13.29,3,4.19,$13.05,1.84%,,,,$13.81,5.82%,$49.85,282.02%,$56.35,331.80%,RKT,NYSE:RKT,0.638,$19.02,-30.13%
NYSE:RLJ,23 Dec 2025,$12.06,3,$8.20,7,,$12.34,-33.55%,,,,,-100.00%,-$2.00,-116.21%,-$2.00,-116.21%,RLJ,NYSE:RLJ,-2.000,,
NYSE:RLX,25 Aug 2025,$2.18,3,,,,$2.03,7.63%,,,,,-100.00%,-$2.00,-198.52%,-$2.00,-198.52%,RLX,NYSE:RLX,-2.000,,
NYSE:RM,19 Nov 2025,$39.22,3,,3,2.72,$41.65,-5.83%,,,,$43.61,4.71%,$404.80,871.90%,$437.62,950.71%,RM,NYSE:RM,0.040,$48.00,
NASDAQ:RMBS,27 Jan 2026,$80.55,1,$113.50,10,0.86,$96.01,-16.11%,,,,$93.20,-2.93%,$138.31,44.05%,$145.11,51.14%,RMBS,NASDAQ:RMBS,-0.841,$149.00,-23.83%
NASDAQ:RMNI,11 Feb 2026,$3.40,3,$5.50,5,,$4.41,-22.87%,,,,,-100.00%,-$2.00,-145.35%,-$2.00,-145.35%,RMNI,NASDAQ:RMNI,-2.000,,
NASDAQ:RNAC,23 Dec 2025,$16.10,3,$34.67,9,5.00,$7.88,104.30%,,,,$0.00,-100.00%,$6.12,-22.28%,$6.84,-13.22%,RNAC,NASDAQ:RNAC,-1.000,$34.57,0.29%
NYSE:RNG,5 Feb 2026,$39.74,3,$31.25,4,2.63,$48.31,-35.31%,,,,$0.00,-100.00%,$123.78,156.21%,$162.62,236.61%,RNG,NYSE:RNG,-1.000,$44.71,-30.11%
NYSE:RNR,9 Sep 2025,$267.70,4,$269.36,7,1.73,$329.10,-18.66%,,,,$315.33,-4.18%,$0.00,-100.00%,$0.00,-100.00%,RNR,NYSE:RNR,-0.372,$339.00,-20.54%
NYSE:RNST,19 Nov 2025,$35.55,3,$42.67,4,3.10,$43.47,-18.22%,,,,$44.87,3.22%,-$134.13,-408.55%,-$133.25,-406.53%,RNST,NYSE:RNST,0.230,$46.43,-8.10%
NASDAQ:ROAD,31 Dec 2025,$101.87,2,,,1.00,$103.29,-1.37%,,,,$100.19,-3.00%,$82.73,-19.90%,$142.44,37.90%,ROAD,NASDAQ:ROAD,-0.779,$145.00,
NYSE:ROG,10 Feb 2026,$105.63,3,$301.50,9,5.00,$130.69,-19.18%,,,,$0.00,-100.00%,$141.41,8.20%,$176.78,35.27%,ROG,NYSE:ROG,-1.000,$183.33,64.46%
NYSE:ROK,11 Nov 2025,$273.44,1,,,2.95,$462.16,-40.84%,,,,$476.59,3.12%,$494.39,6.97%,$522.13,12.98%,ROK,NYSE:ROK,0.172,$474.58,
NASDAQ:ROP,2 May 2025,$525.02,3,$640.91,8,2.17,$367.34,42.93%,,,,$362.48,-1.32%,$593.47,61.56%,$743.77,102.48%,ROP,NASDAQ:ROP,-0.213,$440.32,45.56%
NASDAQ:ROST,20 Jul 2026,$178.47,1,,,2.56,$238.89,-25.29%,-25.29%,$178.47,$256.18,$235.85,-1.27%,$346.65,45.11%,$373.21,56.23%,ROST,NASDAQ:ROST,-0.010,$256.18,
NASDAQ:RPAY,2 Sep 2025,$8.53,3,$7.31,3,,$3.80,92.37%,,,,,-100.00%,-$2.00,-152.63%,-$2.00,-152.63%,RPAY,NASDAQ:RPAY,-2.000,,
NASDAQ:RPD,20 Jan 2026,$22.06,3,$18.18,7,2.27,$9.49,91.57%,,,,$0.00,-100.00%,$19.92,109.94%,$28.46,199.92%,RPD,NASDAQ:RPD,-1.000,$8.10,124.44%
NASDAQ:RR,19 Nov 2025,$2.75,3,$4.50,6,,$1.55,77.15%,,,,,-100.00%,-$2.00,-229.03%,-$2.00,-229.03%,RR,NASDAQ:RR,-2.000,,
NASDAQ:RRBI,1 Jun 2026,$84.03,3,$94.00,6,2.68,$99.49,-15.54%,,,,$101.80,2.32%,-$193.16,-294.15%,-$185.10,-286.05%,RRBI,NASDAQ:RRBI,0.050,$103.00,-8.74%
NYSE:RRX,27 Jan 2026,$182.63,5,$180.29,6,3.06,$212.74,-15.25%,,,,$221.60,4.16%,$212.98,0.11%,$170.36,-19.92%,RRX,NYSE:RRX,0.177,$260.00,-30.66%
NYSE:RS,24 Aug 2025,$278.17,3,$327.75,9,2.24,$407.83,-31.79%,,,,$400.04,-1.91%,$0.00,-100.00%,$0.00,-100.00%,RS,NYSE:RS,-0.128,$386.25,-15.15%
NYSE:RTX,18 Aug 2025,$145.60,2,$168.14,8,2.42,$212.79,-31.58%,,,,$212.02,-0.36%,$282.59,32.80%,$338.35,59.01%,RTX,NYSE:RTX,-0.060,$215.41,-21.94%
NASDAQ:RUN,19 Jan 2026,$14.49,2,$23.86,8,1.13,$9.94,45.76%,,,,$9.59,-3.52%,-$71.82,-822.55%,-$21.80,-319.33%,RUN,NASDAQ:RUN,-0.719,$18.84,26.65%
NASDAQ:RXST,11 Dec 2025,$19.74,3,$9.80,1,5.00,$5.19,88.82%,,,,$0.00,-100.00%,$3.17,-38.83%,$3.94,-24.17%,RXST,NASDAQ:RXST,-1.000,$8.43,16.25%
NASDAQ:RXT,9 Feb 2026,$0.88,3,$1.35,4,4.22,$3.94,-77.75%,,,,$0.00,-100.00%,-$3.85,-197.65%,$0.64,-83.81%,RXT,NASDAQ:RXT,-1.000,$4.90,-72.45%
NYSE:RYI,24 Aug 2025,$26.20,3,$24.00,4,,#N/A,#N/A,,,,,#N/A,-$2.00,#N/A,-$2.00,#N/A,RYI,NYSE:RYI,-2.000,,
NASDAQ:SABR,11 Feb 2026,$2.46,3,$2.95,2,1.21,$1.66,47.92%,,,,$1.64,-1.20%,-$5.99,-460.91%,-$2.02,-221.95%,SABR,NASDAQ:SABR,-0.641,$1.99,48.24%
NYSE:SAM,20 Mar 2026,$295.72,5,$238.40,3,4.03,$180.15,32.33%,,,,$0.00,-100.00%,$555.40,208.30%,$630.85,250.18%,SAM,NYSE:SAM,-1.000,$217.24,9.74%
NYSE:SAN,11 Sep 2025,$7.72,2,,,,$13.54,-42.96%,,,,,-100.00%,-$2.00,-114.77%,-$2.00,-114.77%,SAN,NYSE:SAN,-2.000,,
NASDAQ:SANM,27 Jan 2026,$128.36,1,$180.00,9,0.58,$208.43,-38.42%,,,,$199.42,-4.32%,$307.14,47.36%,$338.49,62.40%,SANM,NASDAQ:SANM,-0.911,$240.00,-25.00%
NYSE:SAP,19 Jan 2026,$252.69,3,$275.84,9,,$160.00,57.93%,,,,,-100.00%,-$2.00,-101.25%,-$2.00,-101.25%,SAP,NYSE:SAP,-2.000,,
NASDAQ:SBCF,19 Nov 2025,$31.14,3,$34.17,5,2.82,$33.49,-7.02%,,,,$34.37,2.63%,$0.00,-100.00%,$0.00,-100.00%,SBCF,NASDAQ:SBCF,0.111,$34.83,-1.89%
NASDAQ:SBGI,23 Dec 2025,$15.71,3,$19.20,5,3.55,$13.49,16.44%,,,,$14.14,4.82%,-$59.43,-540.58%,$6.46,-52.11%,SBGI,NASDAQ:SBGI,0.374,$17.71,8.41%
NASDAQ:SBLK,16 Feb 2026,$23.85,3,,6,4.02,$28.14,-15.23%,,,,$29.45,4.66%,$51.63,83.49%,$65.47,132.67%,SBLK,NASDAQ:SBLK,0.622,$31.98,
NYSE:SBS,23 Jun 2026,$5.49,3,,1,3.17,$5.61,-2.07%,,,,$5.81,3.57%,$4.43,-21.01%,$6.98,24.46%,SBS,NYSE:SBS,0.225,$6.84,
NASDAQ:SBSI,14 Oct 2025,$30.23,3,$34.50,3,,$34.21,-11.63%,,,,,-100.00%,-$2.00,-105.85%,-$2.00,-105.85%,SBSI,NYSE:SBSI,-2.000,,
NYSE:SBSI,1 Jun 2026,$34.46,3,$35.50,6,3.48,$34.21,0.72%,,,,$35.77,4.56%,-$179.59,-624.96%,-$176.20,-615.05%,SBSI,NYSE:SBSI,0.393,$37.33,-4.90%
NYSE:SCHW,24 Jun 2026,$96.20,3,$116.58,7,2.65,$101.97,-5.66%,,,,$102.05,0.08%,$0.00,-100.00%,$0.00,-100.00%,SCHW,NYSE:SCHW,-0.003,$123.68,-5.74%
NASDAQ:SCNX,6 Jun 2025,$1.16,3,,,5.00,$0.37,212.97%,,,,$0.00,-100.00%,-$250.64,-67839.92%,-$250.56,-67820.25%,SCNX,NASDAQ:SCNX,-1.000,$1.50,
NYSE:SCS,28 Oct 2024,$12.86,3,,,,#N/A,#N/A,,,,,#N/A,-$2.00,#N/A,-$2.00,#N/A,SCS,NYSE:SCS,-2.000,,
NASDAQ:SCSC,19 Nov 2025,$53.05,5,$43.00,3,0.34,$54.88,-21.65%,,,,$50.53,-7.93%,$137.06,149.74%,$148.61,170.80%,SCSC,NASDAQ:SCSC,-0.981,$54.67,-21.35%
NYSE:SD,22 Jan 2026,$15.77,3,,5,3.14,$13.82,14.13%,,,,$14.59,5.57%,$26.82,94.05%,$25.33,83.27%,SD,NYSE:SD,0.245,$15.00,
NYSE:SE,19 Aug 2025,$134.13,1,,,,$100.00,34.13%,,,,,-100.00%,-$2.00,-102.00%,-$2.00,-102.00%,SE,NYSE:SE,-2.000,,
NASDAQ:SEIC,27 Aug 2025,$87.30,2,,,2.62,$99.22,-12.01%,,,,$101.39,2.19%,$162.92,64.20%,$152.60,53.80%,SEIC,NASDAQ:SEIC,0.007,$109.86,
NYSE:SEM,27 Apr 2026,$23.31,5,$16.50,8,0.12,#N/A,#N/A,,,,$7.91,#N/A,$14.57,#N/A,$28.90,#N/A,SEM,NYSE:SEM,-0.952,$16.62,-0.72%
NYSE:SEMR,5 Feb 2026,$14.95,4,,,,#N/A,#N/A,,,,,#N/A,-$2.00,#N/A,-$2.00,#N/A,SEMR,NYSE:SEMR,-2.000,,
NYSEAMERICAN:SENS,28 Oct 2025,$7.44,1,$2.69,1,,$4.86,-44.65%,,,,,-100.00%,-$2.00,-141.15%,-$2.00,-141.15%,SENS,NASDAQ:SENS,-2.000,,
NASDAQ:SENS,23 Dec 2025,$8.28,4,$18.92,6,5.00,$4.86,70.46%,,,,$0.00,-100.00%,$0.79,-83.77%,$0.84,-82.64%,SENS,NASDAQ:SENS,-1.000,$13.40,41.19%
NASDAQ:SERV,11 Nov 2025,$12.60,3,$20.50,2,5.00,$4.81,162.03%,,,,$0.00,-100.00%,$3.19,-33.73%,$3.33,-30.67%,SERV,NASDAQ:SERV,-1.000,$18.45,11.11%
NYSE:SF,29 Jun 2026,$83.09,3,$84.00,6,3.04,$80.82,2.81%,2.81%,$83.09,$85.12,$82.23,1.74%,$13.17,-83.71%,$25.46,-68.50%,SF,NYSE:SF,0.205,$85.12,-1.32%
NYSE:SFBS,16 Mar 2026,$84.39,4,$91.00,8,2.72,$87.61,-3.68%,,,,$90.09,2.83%,$0.00,-100.00%,$0.00,-100.00%,SFBS,NYSE:SFBS,0.052,$97.00,-6.19%
NASDAQ:SFM,19 Mar 2026,$146.44,3,$91.64,9,0.68,$74.89,22.37%,,,,$70.58,-5.76%,$136.25,81.94%,$192.72,157.34%,SFM,NASDAQ:SFM,-0.886,$92.79,-1.24%
NASDAQ:SFNC,2 Oct 2025,$20.10,3,$22.60,8,3.22,$23.18,-13.30%,,,,$23.93,3.24%,$0.00,-100.00%,$0.00,-100.00%,SFNC,NASDAQ:SFNC,0.279,$25.00,-9.60%
NASDAQ:SFST,13 Apr 2026,$53.20,3,$64.00,7,3.41,$61.49,-13.48%,,,,$0.00,-100.00%,$0.00,-100.00%,$0.00,-100.00%,SFST,NASDAQ:SFST,-1.000,$66.50,-3.76%
NYSE:SG,22 Sep 2025,$11.88,3,$14.64,2,1.85,$6.00,98.02%,,,,$6.00,0.00%,$1.70,-71.65%,$8.89,48.17%,SG,NYSE:SG,-0.385,$8.00,83.00%
NYSE:SGHC,28 Oct 2025,$9.69,2,,,,$14.36,-32.56%,,,,,-100.00%,-$2.00,-113.93%,-$2.00,-113.93%,SGHC,NYSE:SGHC,-2.000,,
NASDAQ:SGHT,11 Dec 2025,$10.39,3,$6.67,5,5.00,$4.91,35.85%,,,,$0.00,-100.00%,$4.29,-12.56%,$4.45,-9.30%,SGHT,NASDAQ:SGHT,-1.000,$8.75,-23.77%
NASDAQ:SGML,12 Aug 2025,$7.24,3,,,1.27,$9.63,-24.81%,,,,$9.47,-1.66%,$11.54,19.81%,$12.38,28.56%,SGML,NASDAQ:SGML,-0.659,$20.62,
NASDAQ:SGRY,24 Aug 2025,$30.88,4,$30.70,8,3.85,$15.73,95.17%,,,,$0.00,-100.00%,-$1.46,-109.26%,-$3.72,-123.63%,SGRY,NASDAQ:SGRY,-1.000,$18.41,66.76%
NYSE:SHAK,19 Sep 2025,$85.64,2,$132.93,5,0.64,$57.10,49.98%,,,,$53.92,-5.57%,$44.35,-22.33%,$52.19,-8.60%,SHAK,NYSE:SHAK,-0.940,$81.30,63.51%
NASDAQ:SHBI,19 Mar 2026,$18.10,3,$20.50,6,2.89,$23.61,-23.35%,,,,$24.39,3.30%,-$88.91,-476.58%,-$81.87,-446.76%,SHBI,NASDAQ:SHBI,0.158,$22.75,-9.89%
NYSE:SHG,19 Nov 2025,$55.13,3,,5,2.86,$71.49,-22.88%,,,,$74.39,4.06%,"-$1,533,632.38",-2145340.43%,"-$1,531,007.91",-2141669.33%,SHG,NYSE:SHG,0.060,$97.29,
NASDAQ:SHIP,16 Feb 2026,$10.93,3,$16.00,10,4.06,$16.18,-32.46%,,,,$17.22,6.43%,$36.05,122.82%,$59.96,270.58%,SHIP,NASDAQ:SHIP,0.592,$22.00,-27.27%
NASDAQ:SHLS,9 Feb 2026,$7.09,2,$10.69,7,0.44,$9.39,-24.55%,,,,$8.76,-6.71%,$10.52,12.01%,$11.23,19.60%,SHLS,NASDAQ:SHLS,-0.979,$11.05,-3.26%
NASDAQ:SHOP,22 Jan 2026,$148.25,3,$180.62,6,0.46,$113.75,30.33%,,,,$103.10,-9.36%,$133.07,16.98%,$133.38,17.26%,SHOP,NASDAQ:SHOP,-0.994,$148.41,21.70%
NASDAQ:SHPH,28 Oct 2025,$5.16,3,,,,$2.89,78.41%,,,,$0.00,-100.00%,-$43.37,-1600.68%,-$42.18,-1559.53%,SHPH,NASDAQ:SHPH,-1.000,,
NYSE:SHW,15 May 2024,$256.70,1,,,2.33,$317.51,-19.15%,,,,$316.36,-0.36%,$255.77,-19.44%,$304.37,-4.14%,SHW,NYSE:SHW,-0.142,$379.60,
NASDAQ:SIBN,11 Dec 2025,$22.76,3,$23.20,6,5.00,$16.62,36.94%,,,,$0.00,-100.00%,$15.26,-8.20%,$16.42,-1.21%,SIBN,NASDAQ:SIBN,-1.000,$24.50,-5.31%
NYSE:SIG,27 Mar 2026,$92.19,3,$113.60,10,2.53,$91.29,0.99%,,,,$89.43,-2.04%,$287.23,214.63%,$282.11,209.02%,SIG,NYSE:SIG,-0.054,$110.44,2.86%
NASDAQ:SILC,9 Feb 2026,$16.71,3,,4,5.00,$39.72,-57.94%,,,,$0.00,-100.00%,$43.29,9.00%,$43.50,9.52%,SILC,NASDAQ:SILC,-1.000,$60.00,
NASDAQ:SIMO,27 Jan 2026,$94.86,1,$119.17,10,2.94,$270.90,-64.98%,,,,$289.23,6.77%,$313.34,15.67%,$313.85,15.86%,SIMO,NASDAQ:SIMO,0.152,$298.20,-60.04%
NASDAQ:SIRI,5 May 2025,$31.75,3,$22.14,6,2.98,$29.80,-25.70%,,,,$30.86,3.56%,$7.00,-76.52%,$24.92,-16.39%,SIRI,NASDAQ:SIRI,0.204,$28.38,-21.99%
NYSE:SITC,20 Jul 2026,$6.31,5,$6.00,5,4.67,$4.38,36.99%,36.99%,$5.00,$6.31,$4.66,6.39%,$24.38,456.66%,$50.72,1057.92%,SITC,NYSE:SITC,0.911,$5.00,20.00%
NASDAQ:SITM,5 Feb 2026,$354.78,3,,,5.00,$554.46,-36.01%,,,,$0.00,-100.00%,$591.12,6.61%,$610.48,10.10%,SITM,NASDAQ:SITM,-1.000,$837.50,
NYSE:SJM,18 Aug 2025,$126.48,5,$113.93,4,2.66,$118.32,-3.71%,,,,$120.33,1.70%,$289.43,144.61%,$448.64,279.18%,SJM,NYSE:SJM,0.038,$123.62,-7.84%
NYSE:SKE,24 Oct 2025,$9.86,2,,,,$27.11,-63.63%,,,,$0.00,-100.00%,$18.63,-31.29%,$18.69,-31.07%,SKE,NYSE:SKE,-1.000,,
NASDAQ:SKWD,26 Aug 2025,$42.11,3,,,3.39,$60.46,-30.35%,,,,$0.00,-100.00%,$113.87,88.34%,$113.97,88.51%,SKWD,NASDAQ:SKWD,-1.000,$65.18,
NYSE:SKY,31 Mar 2026,$97.81,5,$102.33,4,3.67,$81.63,19.82%,,,,$0.00,-100.00%,$115.61,41.63%,$123.78,51.63%,SKY,NYSE:SKY,-1.000,$92.50,10.63%
NASDAQ:SKYT,26 May 2026,$23.87,3,$35.00,8,3.72,$30.62,-22.03%,,,,$0.00,-100.00%,$35.18,14.90%,$48.46,58.26%,SKYT,NASDAQ:SKYT,-1.000,$35.00,0.00%
NASDAQ:SLAB,27 Jan 2026,$111.32,1,,,1.91,$216.88,-48.67%,,,,$217.96,0.50%,$250.64,15.57%,$230.90,6.47%,SLAB,NASDAQ:SLAB,-0.291,$222.86,
NYSE:SLB,2 Jul 2026,$49.71,4,$63.13,9,2.79,$52.42,-5.17%,-5.17%,$49.71,$63.13,$53.49,2.04%,$46.86,-10.60%,$63.62,21.37%,SLB,NYSE:SLB,0.073,$60.93,3.61%
NYSE:SLGN,29 Aug 2025,$46.96,3,$59.57,7,2.66,$46.43,1.14%,,,,$47.15,1.55%,$153.57,230.75%,$159.66,243.88%,SLGN,NYSE:SLGN,0.007,$54.77,8.76%
NASDAQ:SLM,23 Jul 2026,$29.41,3,$29.00,7,3.42,$24.29,19.39%,19.39%,$28.73,$29.41,$25.15,3.54%,$34.01,40.03%,-$8.18,-133.67%,SLM,NASDAQ:SLM,0.345,$28.73,0.94%
NYSE:SM,20 Sep 2025,$40.61,3,$36.25,6,3.15,$33.19,9.22%,,,,$34.67,4.46%,-$10.58,-131.88%,$51.18,54.20%,SM,NYSE:SM,0.230,$38.40,-5.60%
NASDAQ:SMBK,7 Oct 2025,$38.18,3,$37.00,5,,$50.01,-26.01%,,,,,-100.00%,-$2.00,-104.00%,-$2.00,-104.00%,SMBK,NYSE:SMBK,-2.000,,
NYSE:SMFG,19 Aug 2025,$16.00,3,,,3.14,$26.18,-38.87%,,,,$27.03,3.25%,$196.78,651.65%,$197.00,652.48%,SMFG,NYSE:SMFG,0.240,$28.86,
NASDAQ:SMLR,11 Dec 2025,$21.60,3,$68.50,4,,#N/A,#N/A,,,,,#N/A,-$2.00,#N/A,-$2.00,#N/A,SMLR,NASDAQ:SMLR,-2.000,,
NYSE:SMR,14 Jan 2026,$19.90,3,$32.77,7,5.00,$8.09,145.99%,,,,$0.00,-100.00%,$6.62,-18.22%,$6.63,-18.04%,SMR,NYSE:SMR,-1.000,$14.57,124.91%
NYSE:SNDA,15 Nov 2024,$24.98,3,,,2.95,$41.69,-40.08%,,,,$0.00,-100.00%,$7.51,-81.98%,$17.60,-57.77%,SNDA,NYSE:SNDA,-1.000,$41.25,
NYSE:SNN,11 Dec 2025,$33.47,3,$35.75,3,,$30.57,9.49%,,,,,-100.00%,-$2.00,-106.54%,-$2.00,-106.54%,SNN,NYSE:SNN,-2.000,,
NASDAQ:SNSE,28 Oct 2025,$14.48,3,$30.00,,,#N/A,#N/A,,,,,#N/A,-$2.00,#N/A,-$2.00,#N/A,SNSE,NASDAQ:SNSE,-2.000,,
NYSE:SNV,18 Nov 2025,$47.73,3,$56.00,4,,#N/A,#N/A,,,,,#N/A,-$2.00,#N/A,-$2.00,#N/A,SNV,NYSE:SNV,-2.000,,
NYSE:SO,24 Oct 2025,$88.60,2,,,2.77,$97.25,-8.89%,,,,$99.69,2.51%,$11.47,-88.21%,$59.66,-38.65%,SO,NYSE:SO,0.091,$100.72,
NASDAQ:SOFI,7 Jul 2025,$14.49,2,,,4.27,$16.46,-11.97%,,,,$0.00,-100.00%,-$18.95,-215.15%,-$16.38,-199.54%,SOFI,NASDAQ:SOFI,-1.000,$20.63,
NYSE:SON,19 Nov 2025,$53.35,3,$52.43,10,2.63,$58.23,-9.96%,,,,$59.53,2.23%,$0.00,-100.00%,$0.00,-100.00%,SON,NYSE:SON,0.019,$62.00,-15.44%
NASDAQ:SONO,22 Jan 2026,$16.57,3,$19.67,8,1.06,$14.69,12.81%,,,,$14.20,-3.34%,$52.06,254.40%,$48.27,228.61%,SONO,NASDAQ:SONO,-0.728,$19.12,2.88%
NYSE:SONY,18 Feb 2026,$26.99,4,$32.00,8,2.45,$20.98,28.65%,,,,$21.02,0.19%,$35.78,70.55%,$54.45,159.52%,SONY,NYSE:SONY,-0.135,$29.38,8.92%
NASDAQ:SOUN,28 Jul 2025,$8.77,2,,,5.00,$6.16,42.37%,,,,$0.00,-100.00%,$5.63,-8.58%,$5.76,-6.44%,SOUN,NASDAQ:SOUN,-1.000,$13.14,
NASDAQ:SPFI,19 Nov 2025,$37.17,3,$43.00,2,2.88,$44.63,-16.72%,,,,$46.03,3.14%,$0.00,-100.00%,$0.00,-100.00%,SPFI,NASDAQ:SPFI,0.118,$50.75,-15.27%
NYSE:SPGI,25 Jun 2026,$468.23,5,,,2.44,$426.40,9.81%,,,,$425.07,-0.31%,$580.92,36.24%,$648.36,52.05%,SPGI,NYSE:SPGI,-0.098,$518.72,
NYSE:SPOT,19 May 2025,$495.00,2,$659.00,7,4.19,$482.66,2.56%,,,,$0.00,-100.00%,$704.48,45.96%,$712.15,47.55%,SPOT,NYSE:SPOT,-1.000,$597.60,10.27%
NASDAQ:SPSC,10 Feb 2026,$142.13,3,$102.87,2,3.51,$61.16,68.20%,,,,$0.00,-100.00%,$142.93,133.70%,$168.98,176.30%,SPSC,NASDAQ:SPSC,-1.000,$67.45,52.51%
NASDAQ:SPWR,9 Feb 2026,$1.50,3,,,5.00,$0.48,212.50%,,,,$0.00,-100.00%,$0.00,-100.00%,$0.00,-100.00%,SPWR,NASDAQ:SPWR,-1.000,$4.70,
NYSE:SPXC,16 May 2025,$153.79,3,$180.00,7,4.20,$220.07,-30.12%,,,,$0.00,-100.00%,$344.70,56.63%,$383.57,74.30%,SPXC,NYSE:SPXC,-1.000,$272.92,-34.05%
NYSE:SQNS,4 Feb 2026,$12.48,3,$14.50,5,,$2.50,399.20%,,,,,-100.00%,-$2.00,-180.00%,-$2.00,-180.00%,SQNS,NYSE:SQNS,-2.000,,
NASDAQ:SRCE,19 Nov 2025,$63.63,3,,,2.71,$85.84,-25.87%,,,,$84.90,-1.10%,-$83.81,-197.63%,-$77.61,-190.41%,SRCE,NASDAQ:SRCE,0.087,$80.33,
NASDAQ:SSB,9 Oct 2025,$96.36,3,,,,$106.00,-9.09%,,,,,-100.00%,-$2.00,-101.89%,-$2.00,-101.89%,SSB,NYSE:SSB,-2.000,,
NYSE:SSB,19 Nov 2025,$91.92,3,,,2.34,$106.00,-13.28%,,,,$104.36,-1.55%,-$319.61,-401.52%,-$295.18,-378.48%,SSB,NYSE:SSB,-0.111,$115.14,
NASDAQ:SSNC,22 Jan 2026,$86.73,3,$103.29,6,2.61,$73.88,17.39%,,,,$72.21,-2.26%,$100.36,35.84%,$149.22,101.97%,SSNC,NASDAQ:SSNC,-0.025,$91.22,13.23%
NASDAQ:SSRM,19 Aug 2025,$11.31,2,,,5.00,$26.86,-57.89%,,,,$0.00,-100.00%,$71.06,164.55%,$83.91,212.41%,SSRM,NASDAQ:SSRM,-1.000,$41.40,
NYSE:ST,16 Feb 2026,$42.55,5,$38.40,4,,$45.71,-15.99%,,,,,-100.00%,-$2.00,-104.38%,-$2.00,-104.38%,ST,NYSE:ST,-2.000,,
NYSE:STAG,19 Aug 2025,$40.11,5,$38.25,9,2.41,$41.11,-6.96%,,,,$41.28,0.41%,$49.21,19.70%,$75.85,84.50%,STAG,NYSE:STAG,-0.067,$41.92,-8.75%
NASDAQ:STBA,27 May 2026,$47.60,3,$44.00,7,2.76,$51.79,-15.04%,,,,$52.25,0.89%,-$139.69,-369.73%,-$139.38,-369.13%,STBA,NASDAQ:STBA,0.107,$48.50,-9.28%
NYSE:STC,6 Jan 2025,$58.82,3,$83.00,2,4.72,$67.42,-12.76%,,,,$72.68,7.80%,$0.00,-100.00%,$0.00,-100.00%,STC,NYSE:STC,0.914,$83.00,0.00%
NYSE:STE,4 Dec 2025,$261.00,3,$290.00,2,2.30,$214.07,21.92%,,,,$213.98,-0.04%,$341.73,59.63%,$562.83,162.92%,STE,NYSE:STE,-0.152,$252.57,14.82%
NYSE:STEL,19 Nov 2025,$31.12,3,$32.50,5,,#N/A,#N/A,,,,,#N/A,-$2.00,#N/A,-$2.00,#N/A,STEL,NYSE:STEL,-2.000,,
NASDAQ:STIM,4 Dec 2025,$1.24,3,,4,5.00,$1.73,-28.51%,,,,$0.00,-100.00%,-$0.25,-114.27%,$0.11,-93.41%,STIM,NASDAQ:STIM,-1.000,$4.50,
NASDAQ:STKL,24 Aug 2025,$6.28,3,$10.00,3,,#N/A,#N/A,,,,,#N/A,-$2.00,#N/A,-$2.00,#N/A,STKL,NASDAQ:STKL,-2.000,,
NYSE:STLA,15 Dec 2025,$15.78,3,$11.43,6,4.37,$5.69,100.88%,,,,$5.97,4.92%,$0.00,-100.00%,$0.00,-100.00%,STLA,NYSE:STLA,0.720,$8.89,28.57%
NASDAQ:STLD,20 Aug 2024,$128.16,3,,,2.54,$247.11,-48.14%,,,,$242.61,-1.82%,$268.11,8.50%,$311.97,26.25%,STLD,NASDAQ:STLD,-0.027,$270.08,
NYSE:STM,5 Feb 2026,$31.81,3,,,3.29,$51.54,-38.28%,,,,$55.89,8.44%,$52.31,1.49%,$70.70,37.17%,STM,NYSE:STM,0.239,$73.36,
NYSE:STN,23 Aug 2024,$76.85,2,,,1.90,$67.46,13.93%,,,,$66.85,-0.90%,$104.44,54.81%,$79.37,17.66%,STN,NYSE:STN,-0.376,$94.28,
NASDAQ:STNE,1 Dec 2025,$15.75,3,$21.00,6,4.46,$10.76,46.36%,,,,$11.64,8.18%,-$11.45,-206.43%,-$1.57,-114.56%,STNE,NASDAQ:STNE,0.760,$16.27,29.07%
NASDAQ:STRL,12 Jun 2025,$186.70,3,,,5.00,$660.94,-71.75%,,,,$0.00,-100.00%,$924.89,39.94%,$972.25,47.10%,STRL,NASDAQ:STRL,-1.000,$946.67,
NYSE:STT,22 Feb 2026,$119.80,2,$144.32,7,2.72,$185.40,-35.38%,,,,$189.46,2.19%,$0.00,-100.00%,$0.00,-100.00%,STT,NYSE:STT,0.059,$198.75,-27.39%
NYSE:STVN,16 Feb 2026,$17.21,3,$23.83,3,1.44,$19.68,-12.54%,,,,$19.06,-3.15%,-$9.89,-150.25%,$19.76,0.41%,STVN,NYSE:STVN,-0.546,$24.45,-2.54%
NYSE:SU,30 Jun 2026,$58.27,3,$71.58,9,2.59,$65.81,-11.46%,-11.46%,$58.27,$71.58,$67.75,2.95%,$75.39,14.56%,$116.75,77.41%,SU,NYSE:SU,0.010,$68.72,4.16%
NASDAQ:SUPN,23 Dec 2025,$50.64,3,$61.33,10,4.87,$46.20,9.60%,,,,$0.00,-100.00%,$93.50,102.38%,$116.29,151.70%,SUPN,NASDAQ:SUPN,-1.000,$63.50,-3.42%
NYSE:SUPV,19 Nov 2025,$12.63,4,$12.00,5,,$9.52,26.05%,,,,,-100.00%,-$2.00,-121.01%,-$2.00,-121.01%,SUPV,NYSE:SUPV,-2.000,,
NYSEAMERICAN:SVM,20 Aug 2025,$6.52,0,,1,,$9.64,-32.37%,,,,,-100.00%,-$2.00,-120.75%,-$2.00,-120.75%,SVM,NYSEAMERICAN:SVM,-2.000,,
NYSE:SW,22 Aug 2025,$50.29,5,$54.66,8,3.26,$48.56,3.57%,,,,$49.86,2.68%,$18.48,-61.94%,$26.07,-46.32%,SW,NYSE:SW,0.284,$55.04,-0.69%
NASDAQ:SWKS,27 Apr 2026,$82.45,5,$63.83,1,3.00,$60.21,6.01%,,,,$62.61,3.99%,$139.32,131.39%,$99.78,65.73%,SWKS,NASDAQ:SWKS,0.152,$72.94,-12.49%
NYSE:SXI,11 Nov 2025,$213.24,3,$264.25,5,2.73,$303.65,-29.77%,,,,$318.41,4.86%,$279.19,-8.06%,$308.53,1.61%,SXI,NYSE:SXI,0.090,$290.80,-9.13%
NASDAQ:SYBT,13 Apr 2026,$73.37,3,$77.00,4,2.93,$81.80,-10.30%,,,,$83.74,2.37%,-$167.97,-305.34%,-$161.28,-297.16%,SYBT,NASDAQ:SYBT,0.179,$79.00,-2.53%
NYSE:SYF,19 Feb 2026,$71.94,3,$91.60,6,2.99,$72.90,-1.32%,,,,$75.27,3.25%,$0.00,-100.00%,$0.00,-100.00%,SYF,NYSE:SYF,0.145,$89.22,2.67%
NYSE:SYK,11 Dec 2025,$359.86,3,$434.53,3,2.14,$330.25,8.97%,,,,$326.70,-1.07%,$361.09,9.34%,$411.73,24.67%,SYK,NYSE:SYK,-0.219,$386.52,12.42%
NASDAQ:SYM,19 Nov 2025,$41.10,2,$52.14,6,0.57,$40.15,2.36%,,,,$37.32,-7.05%,$93.08,131.84%,$96.84,141.20%,SYM,NASDAQ:SYM,-0.968,$65.67,-20.60%
NASDAQ:SYNA,27 Jan 2026,$98.81,4,$93.33,9,4.36,$113.00,-17.41%,,,,$0.00,-100.00%,$107.74,-4.66%,$152.00,34.51%,SYNA,NASDAQ:SYNA,-1.000,$143.67,-35.04%
NYSE:SYY,23 Aug 2024,$74.21,3,,,3.11,$83.11,-10.71%,,,,$85.08,2.37%,$111.13,33.71%,$144.71,74.12%,SYY,NYSE:SYY,0.235,$87.64,
NYSE:TAK,19 Oct 2025,$15.76,5,$18.00,6,,$17.24,-8.58%,,,,,-100.00%,-$2.00,-111.60%,-$2.00,-111.60%,TAK,NYSE:TAK,-2.000,,
NYSE:TAL,20 Aug 2025,$11.69,3,$12.31,4,5.00,$10.30,13.49%,,,,$0.00,-100.00%,$0.00,-100.00%,$0.00,-100.00%,TAL,NYSE:TAL,-1.000,$15.59,-21.04%
NASDAQ:TASK,30 Jan 2026,$15.02,3,$15.90,2,4.78,#N/A,#N/A,,,,$5.88,#N/A,$51.63,#N/A,$80.20,#N/A,TASK,NASDAQ:TASK,0.913,$9.50,67.37%
NASDAQ:TATT,24 Oct 2025,$40.25,3,,,0.51,$41.83,-3.78%,,,,$38.29,-8.46%,$43.24,3.37%,$49.85,19.17%,TATT,NASDAQ:TATT,-0.996,$60.71,
NYSE:TBB,6 Nov 2025,$23.22,1,,1,,$22.69,2.34%,,,,,-100.00%,-$2.00,-108.81%,-$2.00,-108.81%,TBB,NYSE:TBB,-2.000,,
NYSE:TBBB,13 Jun 2025,$23.99,3,,,,$40.22,-40.36%,,,,,-100.00%,-$2.00,-104.97%,-$2.00,-104.97%,TBBB,NYSE:TBBB,-2.000,,
NASDAQ:TBBK,1 Jun 2026,$64.98,3,$66.00,4,3.50,$66.98,-2.98%,,,,$0.00,-100.00%,-$25.70,-138.37%,-$23.80,-135.53%,TBBK,NASDAQ:TBBK,-1.000,$73.67,-10.41%
NASDAQ:TBCH,27 Jan 2026,$17.12,3,$19.75,6,0.69,$12.04,42.19%,,,,$11.47,-4.73%,$69.42,476.56%,$76.58,536.08%,TBCH,NASDAQ:TBCH,-0.908,$16.40,20.43%
NYSE:TBN,11 Dec 2025,$26.01,3,$37.75,8,5.00,$34.19,-23.93%,,,,$0.00,-100.00%,$24.38,-28.70%,$24.40,-28.65%,TBN,NYSE:TBN,-1.000,$55.17,-31.58%
NASDAQ:TBRG,31 Dec 2025,$24.09,3,$21.00,5,,#N/A,#N/A,,,,,#N/A,-$2.00,#N/A,-$2.00,#N/A,TBRG,NASDAQ:TBRG,-2.000,,
NASDAQ:TCBI,27 May 2026,$96.83,3,$105.20,4,3.51,$99.25,-2.44%,,,,$0.00,-100.00%,-$413.83,-516.95%,-$399.04,-502.05%,TCBI,NASDAQ:TCBI,-1.000,$109.38,-3.82%
NASDAQ:TCBK,27 May 2026,$51.81,3,$63.00,3,3.05,$58.12,-10.86%,,,,$61.15,5.21%,-$163.39,-381.13%,-$158.86,-373.32%,TCBK,NASDAQ:TCBK,0.209,$61.17,2.99%
NYSE:TCBX,1 Jun 2026,$39.78,3,$45.00,5,0.44,$42.75,-6.94%,,,,$38.32,-10.36%,$0.00,-100.00%,$0.00,-100.00%,TCBX,NYSE:TCBX,-0.939,$43.25,4.05%
NASDAQ:TCMD,4 Dec 2025,$31.83,5,$26.67,8,0.93,$27.48,-2.95%,,,,$26.36,-4.08%,$50.98,85.51%,$34.21,24.48%,TCMD,NASDAQ:TCMD,-0.808,$39.50,-32.48%
NYSE:TD,19 Aug 2025,$67.13,3,$73.85,7,2.21,$119.78,-43.96%,,,,$120.19,0.34%,-$585.17,-588.54%,-$573.60,-578.87%,TD,NYSE:TD,-0.136,$112.70,-34.47%
NYSE:TDC,11 Feb 2026,$35.11,5,$32.80,10,4.22,$28.52,15.01%,,,,$0.00,-100.00%,$259.92,811.36%,$277.37,872.55%,TDC,NYSE:TDC,-1.000,$35.50,-7.61%
NYSE:TDG,20 Sep 2024,"$1,185.75",2,"$1,509.83",4,3.88,"$1,236.71",-4.12%,,,,"$1,297.49",4.91%,$827.75,-33.07%,$947.22,-23.41%,TDG,NYSE:TDG,0.543,"$1,508.95",0.06%
NYSE:TDOC,22 Aug 2025,$12.69,3,$9.06,7,2.42,$8.77,3.31%,,,,$0.00,-100.00%,$9.69,10.49%,$29.57,237.14%,TDOC,NYSE:TDOC,-1.000,$7.76,16.75%
NASDAQ:TEAM,11 Dec 2025,$216.58,3,$237.35,8,5.00,$86.88,149.29%,,,,$0.00,-100.00%,$185.90,113.98%,$194.83,124.25%,TEAM,NASDAQ:TEAM,-1.000,$139.70,69.90%
NYSE:TEL,19 Jan 2026,$189.61,1,$275.58,6,2.81,$202.94,-6.57%,,,,$206.74,1.87%,$403.33,98.75%,$459.79,126.57%,TEL,NYSE:TEL,0.056,$257.40,7.06%
NYSE:TEN,29 Apr 2026,$34.19,3,$50.00,8,4.29,$39.40,-13.22%,,,,$42.10,6.85%,$91.02,131.02%,$102.41,159.93%,TEN,NYSE:TEN,0.737,$46.00,8.70%
NASDAQ:TENB,23 Dec 2025,$34.90,3,$37.75,7,3.49,$32.25,8.22%,,,,$0.00,-100.00%,$48.20,49.46%,$51.55,59.86%,TENB,NASDAQ:TENB,-1.000,$35.40,6.64%
NYSE:TEO,18 Sep 2025,$8.99,5,$9.60,3,3.31,$13.67,-34.24%,,,,$14.15,3.51%,$53.02,287.83%,$194.79,1324.94%,TEO,NYSE:TEO,0.310,$15.52,-38.14%
NASDAQ:TER,19 Jan 2026,$152.12,1,$213.18,7,2.03,$349.92,-56.53%,,,,$347.63,-0.65%,$422.49,20.74%,$435.89,24.57%,TER,NASDAQ:TER,-0.283,$429.88,-50.41%
NYSE:TFC,19 Nov 2025,$46.61,3,$49.70,7,3.32,$51.76,-9.94%,,,,$53.35,3.07%,$0.00,-100.00%,$0.00,-100.00%,TFC,NYSE:TFC,0.329,$55.13,-9.85%
NASDAQ:TFIN,2 Oct 2025,$64.43,3,$64.00,1,,$76.91,-16.79%,,,,,-100.00%,-$2.00,-102.60%,-$2.00,-102.60%,TFIN,NYSE:TFIN,-2.000,,
NYSE:TFIN,19 Nov 2025,$53.40,3,,,2.93,$76.91,-30.57%,,,,$0.00,-100.00%,-$142.63,-285.45%,"$1,058.41",1276.17%,TFIN,NYSE:TFIN,-1.000,$75.80,
NYSE:TFPM,16 Aug 2025,$20.81,1,,,2.56,$29.03,-28.31%,,,,$28.93,-0.34%,$52.94,82.37%,$53.58,84.58%,TFPM,NYSE:TFPM,-0.072,$39.00,
NASDAQ:TFSL,12 Oct 2025,$12.76,3,$13.50,4,,$18.19,-29.85%,,,,,-100.00%,-$2.00,-111.00%,-$2.00,-111.00%,TFSL,NASDAQ:TFSL,-2.000,,
NYSE:TGLS,23 Aug 2025,$69.51,3,,,2.14,$45.30,53.44%,,,,$44.13,-2.58%,$50.39,11.23%,$38.11,-15.88%,TGLS,NYSE:TGLS,-0.240,$57.00,
NYSE:TGS,19 Nov 2025,$29.26,3,$13.33,7,4.61,$30.48,-56.27%,,,,$0.00,-100.00%,$46.58,52.82%,$86.52,183.85%,TGS,NYSE:TGS,-1.000,$40.29,-66.91%
NYSE:TGT,21 Sep 2025,$120.25,3,$103.27,3,3.33,$136.78,-24.50%,,,,$141.15,3.19%,$221.44,61.89%,$151.24,10.57%,TGT,NYSE:TGT,0.350,$133.99,-22.93%
NASDAQ:THFF,27 May 2026,$67.98,3,$70.00,5,3.06,$77.51,-12.29%,,,,$79.93,3.12%,-$256.95,-431.50%,-$237.76,-406.74%,THFF,NASDAQ:THFF,0.235,$74.50,-6.04%
NYSE:THO,29 Jul 2024,$143.00,5,,,2.68,$76.66,86.54%,,,,$78.91,2.94%,$159.26,107.75%,$209.07,172.72%,THO,NYSE:THO,0.015,$90.58,
NYSE:THR,19 Nov 2025,$40.68,4,$38.00,8,,#N/A,#N/A,,,,,#N/A,-$2.00,#N/A,-$2.00,#N/A,THR,NYSE:THR,-2.000,,
NASDAQ:THRY,11 Feb 2026,$8.29,3,$13.00,2,0.78,$3.82,116.92%,,,,$3.65,-4.45%,$11.13,191.28%,$2.21,-42.04%,THRY,NASDAQ:THRY,-0.835,$4.67,178.37%
NASDAQ:TIGR,24 Oct 2025,$10.39,3,$11.86,9,5.00,$4.73,119.66%,,,,$0.00,-100.00%,$61.50,1200.28%,$62.05,1211.78%,TIGR,NASDAQ:TIGR,-1.000,$7.69,54.23%
NASDAQ:TILE,13 Feb 2025,$17.99,3,$30.00,7,1.00,$32.98,-45.47%,,,,$32.21,-2.33%,$32.12,-2.60%,$43.46,31.78%,TILE,NASDAQ:TILE,-0.740,$40.50,-25.93%
NYSE:TJX,18 Aug 2025,$107.88,1,$144.77,9,3.17,$154.22,-30.05%,,,,$158.84,3.00%,$169.18,9.70%,$188.61,22.30%,TJX,NYSE:TJX,0.243,$177.63,-18.50%
NASDAQ:TKLF,19 Oct 2025,$5.59,3,,,,$2.06,171.36%,,,,,-100.00%,-$2.00,-197.09%,-$2.00,-197.09%,TKLF,NASDAQ:TKLF,-2.000,,
NYSE:TKR,16 Jun 2026,$121.71,2,$138.67,6,3.01,$141.30,-13.87%,,,,$145.88,3.24%,$108.63,-23.12%,$141.10,-0.14%,TKR,NYSE:TKR,0.198,$144.91,-4.31%
NASDAQ:TLRY,14 Aug 2025,$1.31,3,,,0.70,$3.88,-66.31%,,,,$3.68,-5.15%,$6.20,59.84%,$9.06,133.45%,TLRY,NASDAQ:TLRY,-0.913,$9.05,
NASDAQ:TLSI,11 Dec 2025,$8.40,3,$11.60,9,5.00,$4.22,99.01%,,,,$0.00,-100.00%,$2.65,-37.15%,$2.68,-36.44%,TLSI,NASDAQ:TLSI,-1.000,$9.00,28.89%
NASDAQ:TLX,11 Dec 2025,$12.46,3,,,,$10.22,21.88%,,,,,-100.00%,-$2.00,-119.57%,-$2.00,-119.57%,TLX,NASDAQ:TLX,-2.000,,
NYSE:TM,15 Dec 2025,$215.08,5,,9,,$177.42,21.23%,,,,,-100.00%,-$2.00,-101.13%,-$2.00,-101.13%,TM,NYSE:TM,-2.000,,
NASDAQ:TMC,18 Aug 2025,$4.39,3,,,5.00,$3.67,19.56%,,,,$0.00,-100.00%,$3.21,-12.57%,$3.21,-12.52%,TMC,NASDAQ:TMC,-1.000,$10.83,
NASDAQ:TMCI,4 Dec 2025,$3.25,3,$5.47,4,3.84,$4.00,-18.81%,,,,$0.00,-100.00%,$4.69,17.29%,$5.77,44.34%,TMCI,NASDAQ:TMCI,-1.000,$4.67,17.13%
NASDAQ:TMDX,11 Dec 2025,$138.40,3,$147.00,8,5.00,$72.26,91.54%,,,,$0.00,-100.00%,$94.97,31.43%,$103.88,43.75%,TMDX,NASDAQ:TMDX,-1.000,$112.89,30.22%
NYSE:TME,12 Aug 2025,$23.93,3,$19.85,8,,$8.86,124.04%,,,,,-100.00%,-$2.00,-122.57%,-$2.00,-122.57%,TME,NYSE:TME,-2.000,,
NYSE:TMHC,15 Jun 2026,$82.94,4,$62.90,9,0.27,$72.45,-13.18%,,,,$66.81,-7.78%,$141.77,95.69%,$145.02,100.17%,TMHC,NYSE:TMHC,-0.996,$66.75,-5.77%
NYSEAMERICAN:TMP,2 Oct 2025,$65.36,1,,,,$101.12,-35.36%,,,,,-100.00%,-$2.00,-101.98%,-$2.00,-101.98%,TMP,NYSEAMERICAN:TMP,-2.000,,
NYSE:TNC,11 Nov 2025,$100.24,5,$105.00,4,2.90,$87.77,14.21%,,,,$90.58,3.20%,$109.31,24.55%,$130.85,49.08%,TNC,NYSE:TNC,0.141,$93.50,12.30%
NASDAQ:TNDM,11 Dec 2025,$20.68,3,$23.06,9,5.00,$17.12,20.80%,,,,$0.00,-100.00%,$5.84,-65.86%,$8.05,-52.98%,TNDM,NASDAQ:TNDM,-1.000,$29.08,-20.70%
NYSE:TNET,15 Dec 2025,$73.13,3,$65.50,7,2.82,$61.75,6.07%,,,,$63.82,3.35%,$111.49,80.55%,$127.92,107.16%,TNET,NYSE:TNET,0.149,$53.80,21.75%
NASDAQ:TOI,15 Aug 2025,$3.94,3,$6.25,8,0.74,$4.98,-20.90%,,,,$4.82,-3.21%,$3.17,-36.36%,$3.44,-30.92%,TOI,NASDAQ:TOI,-0.893,$8.40,-25.60%
NYSE:TOL,1 Apr 2026,$149.13,5,$165.90,4,2.10,$149.87,-0.49%,,,,$147.47,-1.60%,$159.82,6.64%,$167.31,11.64%,TOL,NYSE:TOL,-0.229,$168.20,-1.37%
NYSE:TOST,22 Jan 2026,$36.30,3,$46.56,4,3.95,$29.04,24.99%,,,,$0.00,-100.00%,$39.93,37.49%,$40.95,41.01%,TOST,NYSE:TOST,-1.000,$34.54,34.80%
NASDAQ:TOWN,2 Oct 2025,$37.19,3,$41.00,5,3.27,$36.65,1.46%,,,,$37.61,2.62%,-$162.01,-542.04%,-$156.81,-527.87%,TOWN,NASDAQ:TOWN,0.306,$39.25,4.46%
NYSE:TPB,18 Sep 2025,$86.86,3,,,0.82,$76.12,14.11%,,,,$72.78,-4.39%,$116.40,52.92%,$117.45,54.29%,TPB,NYSE:TPB,-0.856,$125.50,
NYSE:TPC,24 Dec 2025,$68.65,1,,,4.53,$86.77,-20.88%,,,,$0.00,-100.00%,$150.30,73.21%,$161.54,86.18%,TPC,NYSE:TPC,-1.000,$113.25,
NYSE:TPH,16 Mar 2026,$59.96,5,$46.50,1,,#N/A,#N/A,,,,,#N/A,-$2.00,#N/A,-$2.00,#N/A,TPH,NYSE:TPH,-2.000,,
NYSE:TPL,9 Apr 2025,$774.67,2,,9,1.90,$419.44,84.69%,,,,$421.39,0.46%,$559.70,33.44%,$572.29,36.44%,TPL,NYSE:TPL,-0.302,$443.50,
NYSE:TPR,26 Aug 2025,$73.71,2,,,2.37,$142.60,-48.31%,,,,$139.04,-2.50%,$162.11,13.68%,$166.35,16.65%,TPR,NYSE:TPR,-0.117,$167.15,
NASDAQ:TREE,11 Aug 2025,$78.94,3,$63.86,8,0.74,$39.00,63.74%,,,,$37.59,-3.62%,$40.49,3.83%,$44.65,14.50%,TREE,NASDAQ:TREE,-0.895,$63.83,0.05%
NYSE:TREX,9 Apr 2024,$83.55,2,,,4.10,$43.43,92.38%,,,,$0.00,-100.00%,$102.23,135.39%,$111.03,155.65%,TREX,NYSE:TREX,-1.000,$53.00,
NYSE:TRGP,1 Sep 2025,$152.25,2,$206.29,6,2.87,$281.33,-45.88%,,,,$296.55,5.41%,$248.92,-11.52%,$261.32,-7.11%,TRGP,NYSE:TRGP,0.130,$294.90,-30.05%
NASDAQ:TRI,26 Aug 2025,$160.83,2,,,3.05,$90.15,78.40%,,,,$92.53,2.64%,$132.74,47.25%,$168.71,87.14%,TRI,NASDAQ:TRI,0.146,$120.17,
NASDAQ:TRMB,29 Jan 2026,$71.27,3,$98.71,5,5.00,$52.91,34.71%,,,,$0.00,-100.00%,$77.18,45.87%,$85.88,62.31%,TRMB,NASDAQ:TRMB,-1.000,$81.27,21.46%
NASDAQ:TRMK,19 Nov 2025,$39.99,3,$42.50,4,2.99,$46.61,-14.20%,,,,$47.88,2.72%,-$205.63,-541.16%,-$194.85,-518.05%,TRMK,NASDAQ:TRMK,0.189,$47.65,-10.81%
NYSE:TRN,23 Aug 2025,$33.90,4,$29.00,3,,$37.41,-22.48%,,,,,-100.00%,-$2.00,-105.35%,-$2.00,-105.35%,TRN,NYSE:TRN,-2.000,,
NASDAQ:TROW,8 Jan 2026,$118.25,5,$113.60,7,3.05,$116.50,-2.49%,,,,$119.50,2.58%,$370.04,217.63%,$394.51,238.64%,TROW,NASDAQ:TROW,0.233,$110.00,3.27%
NASDAQ:TRST,19 Nov 2025,$40.35,3,,3,2.53,$57.35,-29.65%,,,,$58.89,2.69%,$0.00,-100.00%,$0.00,-100.00%,TRST,NASDAQ:TRST,0.081,$26.00,
NYSE:TRV,18 Sep 2025,$253.19,2,,,2.70,$387.26,-34.62%,,,,$395.95,2.24%,$476.50,23.04%,$530.13,36.89%,TRV,NYSE:TRV,0.086,$354.71,
NASDAQ:TSAT,19 Jan 2026,$24.33,2,,1,1.00,$37.47,-35.07%,,,,$0.00,-100.00%,$25.49,-31.97%,$33.22,-11.34%,TSAT,NASDAQ:TSAT,-1.000,$19.04,
NASDAQ:TSCO,23 July 2026,$47.09,3,$39.00,4,3.12,$31.02,25.73%,25.73%,$38.48,$47.09,$31.69,2.16%,$30.85,-0.56%,$20.37,-34.35%,TSCO,NASDAQ:TSCO,0.199,$38.48,1.35%
NASDAQ:TSEM,9 Feb 2026,$95.60,2,$131.00,10,4.72,$233.37,-59.04%,,,,$0.00,-100.00%,$323.27,38.52%,$350.74,50.30%,TSEM,NASDAQ:TSEM,-1.000,$313.83,-58.26%
NASDAQ:TSLA,15 Dec 2025,$312.61,1,$386.42,7,4.79,$313.03,-0.13%,,,,$0.00,-100.00%,$315.97,0.94%,$331.11,5.77%,TSLA,NASDAQ:TSLA,-1.000,$425.09,-9.10%
NYSE:TSN,26 Jun 2026,$58.80,4,$73.00,9,,$57.45,2.35%,,,,,-100.00%,-$2.00,-103.48%,-$2.00,-103.48%,TSN,NYSE:TSN,-2.000,,
NASDAQ:TSSI,4 Feb 2026,$12.86,4,$15.00,2,5.00,$9.70,32.58%,,,,$0.00,-100.00%,$28.05,189.21%,$28.80,196.94%,TSSI,NASDAQ:TSSI,-1.000,$18.00,-16.67%
NYSE:TT,31 Mar 2026,$379.88,2,$480.38,10,,$480.99,-21.02%,,,,,-100.00%,-$2.00,-100.42%,-$2.00,-100.42%,TT,NYSE:TT,-2.000,,
NYSE:TTC,3 Apr 2024,$80.79,2,,,3.02,$93.76,-13.84%,,,,$95.82,2.20%,$158.42,68.97%,$173.11,84.63%,TTC,NYSE:TTC,0.173,$109.25,
NASDAQ:TTGT,30 Jan 2026,$10.74,3,,,0.56,$3.40,215.81%,,,,$3.21,-5.59%,$4.53,33.19%,$1.00,-70.62%,TTGT,NASDAQ:TTGT,-0.973,$10.67,
NASDAQ:TTMI,5 Feb 2026,$83.36,2,$100.00,7,5.00,$131.41,-36.56%,,,,$0.00,-100.00%,$126.92,-3.42%,$144.44,9.91%,TTMI,NASDAQ:TTMI,-1.000,$212.00,-52.83%
NASDAQ:TTWO,12 Oct 2025,$173.47,1,,,1.13,$231.65,-25.12%,,,,$227.29,-1.88%,$237.26,2.42%,$328.36,41.75%,TTWO,NASDAQ:TTWO,-0.680,$284.14,
NYSE:TUYA,19 Aug 2025,$2.34,3,,,,$1.65,42.00%,,,,,-100.00%,-$2.00,-221.21%,-$2.00,-221.21%,TUYA,NYSE:TUYA,-2.000,,
NYSE:TV,3 Oct 2025,$2.63,3,$4.70,6,2.73,$2.75,-4.31%,,,,$2.63,-4.36%,$5.09,85.11%,$46.91,1605.91%,TV,NYSE:TV,-0.005,$3.80,23.68%
NYSE:TWI,20 Sep 2024,$12.61,3,,,5.00,$8.02,57.19%,,,,$0.00,-100.00%,$14.56,81.60%,$20.68,157.85%,TWI,NYSE:TWI,-1.000,$11.75,
NYSE:TWLO,27 Jan 2026,$126.44,3,$147.11,8,3.48,$191.46,-33.96%,,,,$0.00,-100.00%,$230.86,20.58%,$243.20,27.02%,TWLO,NYSE:TWLO,-1.000,$209.76,-29.87%
NASDAQ:TXN,19 Jan 2026,$191.02,3,,,3.00,$279.58,-31.68%,,,,$289.56,3.57%,$340.47,21.78%,$362.65,29.71%,TXN,NASDAQ:TXN,0.177,$307.58,
NASDAQ:TXRH,18 Sep 2025,$146.40,1,,,2.49,$193.27,-24.25%,,,,$193.06,-0.11%,$328.86,70.15%,$383.83,98.60%,TXRH,NASDAQ:TXRH,-0.032,$198.43,
NYSE:TYL,24 Aug 2025,$541.31,3,$682.54,7,5.00,$297.15,82.17%,,,,$0.00,-100.00%,$446.54,50.27%,$511.72,72.21%,TYL,NYSE:TYL,-1.000,$437.64,55.96%
NYSE:UA,23 Dec 2025,$10.78,3,$7.50,4,5.00,$6.86,9.33%,,,,$0.00,-100.00%,$27.73,304.25%,$35.82,422.16%,UA,NYSE:UA,-1.000,$14.00,-46.43%
NYSE:UAA,23 Dec 2025,$11.22,3,$5.58,3,2.47,$7.03,-20.63%,,,,$0.00,-100.00%,$29.48,319.35%,$38.06,441.39%,UAA,NYSE:UAA,-1.000,$6.28,-11.15%
NYSEAMERICAN:UAMY,3 Jul 2025,$7.55,1,$4.94,7,,#N/A,#N/A,,,,,#N/A,-$2.00,#N/A,-$2.00,#N/A,UAMY,NYSEAMERICAN:UAMY,-2.000,,
NYSE:UBER,3 Feb 2026,$84.31,3,$111.26,7,5.00,$65.94,27.86%,,,,$0.00,-100.00%,$106.22,61.09%,$110.98,68.31%,UBER,NYSE:UBER,-1.000,$104.09,6.89%
NYSE:UBS,19 Aug 2025,$37.97,3,,,2.66,$51.74,-26.62%,,,,$52.80,2.05%,$13.46,-73.99%,-$11.21,-121.66%,UBS,NYSE:UBS,0.047,$52.20,
NASDAQ:UBSI,27 May 2026,$44.17,3,$47.00,7,2.80,$47.80,-7.59%,,,,$48.96,2.43%,-$70.01,-246.47%,-$69.98,-246.40%,UBSI,NASDAQ:UBSI,0.111,$48.00,-2.08%
NASDAQ:UCB,21 Oct 2025,$31.41,3,$35.00,5,,$35.25,-10.89%,,,,,-100.00%,-$2.00,-105.67%,-$2.00,-105.67%,UCB,NYSE:UCB,-2.000,,
NYSE:UCB,19 Nov 2025,$31.12,3,$35.33,7,2.79,$35.25,-11.72%,,,,$36.15,2.55%,$0.00,-100.00%,$0.00,-100.00%,UCB,NYSE:UCB,0.083,$38.75,-8.83%
NASDAQ:UDMY,20 Aug 2025,$10.79,4,$10.00,5,,#N/A,#N/A,,,,,#N/A,-$2.00,#N/A,-$2.00,#N/A,UDMY,NASDAQ:UDMY,-2.000,,
NYSE:UDR,10 Sep 2025,$42.82,4,$44.23,9,3.38,$39.59,8.16%,,,,$40.96,3.46%,$36.20,-8.56%,$69.61,75.83%,UDR,NYSE:UDR,0.357,$42.00,5.31%
NASDAQ:UFPI,31 Jan 2025,$119.95,3,$155.00,3,2.87,$87.94,36.40%,,,,$88.31,0.42%,$205.58,133.77%,$231.29,163.00%,UFPI,NASDAQ:UFPI,0.103,$103.00,50.49%
NASDAQ:UFPT,4 Dec 2025,$299.56,3,,5,4.84,$237.20,26.29%,,,,$0.00,-100.00%,$238.03,0.35%,$278.16,17.27%,UFPT,NASDAQ:UFPT,-1.000,$324.50,
NYSE:UGP,20 Aug 2025,$4.45,3,$4.00,5,3.05,$6.43,-37.79%,,,,$6.68,3.89%,$7.63,18.61%,$12.25,90.49%,UGP,NYSE:UGP,0.222,$6.43,-37.79%
NYSE:UI,26 Jan 2026,$379.66,1,,,1.92,$525.70,-27.78%,,,,$523.47,-0.42%,$695.20,32.24%,$700.25,33.20%,UI,NYSE:UI,-0.367,$826.00,
NYSE:UIS,29 Jan 2026,$4.30,3,$4.00,5,5.00,$3.12,28.21%,,,,$0.00,-100.00%,$1.97,-36.71%,-$11.03,-453.65%,UIS,NYSE:UIS,-1.000,$5.67,-29.45%
NYSE:UL,10 Sep 2025,$66.09,3,$67.00,6,,$60.94,8.45%,,,,,-100.00%,-$2.00,-103.28%,-$2.00,-103.28%,UL,NYSE:UL,-2.000,,
NYSE:ULS,19 Aug 2025,$55.15,1,,,2.54,$85.46,-35.46%,,,,$86.38,1.08%,$185.15,116.66%,$224.26,162.41%,ULS,NYSE:ULS,-0.066,$108.95,
NASDAQ:UMBF,27 May 2026,$132.22,3,$147.00,9,2.42,$141.20,-6.36%,,,,$141.11,-0.06%,-$419.84,-397.33%,-$393.51,-378.69%,UMBF,NASDAQ:UMBF,-0.084,$157.77,-6.83%
NYSE:UMC,19 Jan 2026,$9.15,3,,,3.78,$19.48,-53.03%,,,,$21.85,12.17%,$35.84,83.96%,$57.88,197.14%,UMC,NYSE:UMC,0.583,$16.25,
NYSE:UNFI,24 Mar 2026,$78.83,5,$44.00,7,2.97,$49.67,-11.42%,,,,$0.00,-100.00%,$0.58,-98.83%,$63.44,27.72%,UNFI,NYSE:UNFI,-1.000,$49.38,-10.90%
NYSE:UNM,17 Feb 2025,$69.73,2,$100.00,7,3.03,$86.22,-19.13%,,,,$88.49,2.63%,-$165.47,-291.91%,-$157.88,-283.11%,UNM,NYSE:UNM,0.172,$102.23,-2.18%
NYSE:UNP,21 May 2024,$230.08,3,,,2.62,$307.32,-25.13%,,,,$314.22,2.25%,$328.29,6.82%,$370.17,20.45%,UNP,NYSE:UNP,0.030,$308.04,
NASDAQ:UPBD,5 Feb 2026,$31.13,3,$29.00,6,4.29,$20.46,41.74%,,,,$22.08,7.92%,$134.09,555.40%,$533.43,2507.21%,UPBD,NASDAQ:UPBD,0.683,$28.64,1.26%
NASDAQ:URBN,4 Apr 2026,$63.30,3,$87.71,9,4.16,$69.97,-9.53%,,,,$0.00,-100.00%,$152.99,118.64%,$137.33,96.28%,URBN,NASDAQ:URBN,-1.000,$86.15,1.81%
NYSE:URI,9 Apr 2025,$683.12,5,$774.77,6,2.35,"$1,141.59",-40.16%,,,,"$1,138.08",-0.31%,"$1,664.91",45.84%,"$2,499.92",118.99%,URI,NYSE:URI,-0.093,"$1,164.14",-33.45%
NASDAQ:UROY,18 Aug 2025,$3.73,4,$3.44,6,5.00,$2.96,16.22%,,,,$0.00,-100.00%,$4.87,64.50%,$4.88,64.81%,UROY,NASDAQ:UROY,-1.000,$4.49,-23.39%
NASDAQ:USAR,22 Jan 2026,$17.53,3,,,5.00,$14.15,23.89%,,,,$0.00,-100.00%,$19.31,36.50%,$21.31,50.60%,USAR,NASDAQ:USAR,-1.000,$38.25,
NYSE:USB,20 Mar 2026,$56.96,3,$64.06,8,2.97,$63.97,-10.96%,,,,$65.41,2.25%,$0.00,-100.00%,$0.00,-100.00%,USB,NYSE:USB,0.166,$70.07,-8.58%
NYSEAMERICAN:USBC,29 Jan 2026,$0.61,1,,,,$0.32,90.63%,,,,,-100.00%,-$2.00,-725.00%,-$2.00,-725.00%,USBC,NYSEAMERICAN:USBC,-2.000,,
NASDAQ:UTHR,23 Dec 2025,$479.02,3,$521.25,5,4.28,$528.47,-9.36%,,,,$0.00,-100.00%,$984.90,86.37%,"$1,013.70",91.82%,UTHR,NASDAQ:UTHR,-1.000,$663.23,-21.41%
NYSE:UTL,23 Jun 2026,$55.21,4,,,3.03,$55.58,-0.67%,,,,$57.39,3.26%,$21.55,-61.22%,$104.35,87.74%,UTL,NYSE:UTL,0.216,$55.33,
NASDAQ:UVSP,19 Nov 2025,$30.95,3,$34.00,4,2.89,$44.10,-29.81%,,,,$45.97,4.24%,-$155.72,-453.11%,-$152.03,-444.73%,UVSP,NASDAQ:UVSP,0.158,$42.67,-20.32%
NYSE:UVV,17 Mar 2026,$66.56,4,,2,3.93,$53.75,23.83%,,,,$55.63,3.50%,$205.28,281.92%,$228.45,325.02%,UVV,NYSE:UVV,0.529,$74.00,
NYSE:UWMC,26 Jun 2026,$3.01,4,$4.39,2,3.81,$1.83,64.48%,,,,$1.93,5.46%,-$27.35,-1594.54%,-$24.61,-1444.56%,UWMC,NYSE:UWMC,0.473,$3.98,10.30%
NYSE:V,7 Sep 2025,$315.05,2,$397.95,10,,$355.74,-11.44%,,,,,-100.00%,-$2.00,-100.56%,-$2.00,-100.56%,V,NYSE:V,-2.000,,
NYSE:VAL,30 Jun 2026,$84.57,3,$98.00,7,2.23,$79.53,6.34%,6.34%,$67.27,$98.00,$0.00,-100.00%,$107.39,35.03%,$67.89,-14.64%,VAL,NYSE:VAL,-1.000,$67.27,45.68%
NYSE:VALE,14 Jan 2026,$14.72,4,$14.34,10,3.51,$14.79,-3.04%,,,,$15.31,3.52%,$10.03,-32.17%,$16.71,12.99%,VALE,NYSE:VALE,0.395,$16.94,-15.35%
NASDAQ:VBNK,24 Aug 2025,$12.54,3,$12.24,3,1.98,$19.85,-38.34%,,,,$19.80,-0.25%,-$38.07,-291.81%,-$37.45,-288.66%,VBNK,NASDAQ:VBNK,-0.299,$24.00,-49.00%
NASDAQ:VECO,5 Sep 2025,$35.14,3,$26.33,4,1.03,$51.66,-49.03%,,,,$49.50,-4.18%,$50.01,-3.19%,$53.29,3.15%,VECO,NASDAQ:VECO,-0.711,$60.33,-56.36%
NYSE:VFC,26 Aug 2025,$31.37,5,$14.25,6,2.87,$17.03,-16.32%,,,,$17.59,3.29%,$110.78,550.51%,$13.53,-20.54%,VFC,NYSE:VFC,0.102,$20.21,-29.49%
NASDAQ:VIAV,30 Jan 2026,$16.67,1,$25.06,2,5.00,$39.52,-57.81%,,,,$0.00,-100.00%,$41.22,4.31%,$44.74,13.20%,VIAV,NASDAQ:VIAV,-1.000,$64.57,-61.19%
NYSE:VICI,19 Jun 2026,$33.66,5,$34.09,9,3.53,$26.73,25.93%,,,,$27.53,2.99%,$50.60,89.29%,$50.66,89.51%,VICI,NYSE:VICI,0.382,$33.25,2.53%
NASDAQ:VICR,30 Jan 2026,$121.65,1,$187.50,8,5.00,$211.01,-42.35%,,,,$0.00,-100.00%,$0.00,-100.00%,$0.00,-100.00%,VICR,NASDAQ:VICR,-1.000,$386.25,-51.46%
NASDAQ:VISN,23 Jul 2026,$12.68,3,,,4.81,$11.80,7.44%,7.44%,$12.68,$17.33,$12.96,9.83%,$45.02,281.55%,$66.25,461.44%,VISN,NASDAQ:VISN,0.915,$17.33,
NYSE:VIST,13 Jun 2025,$50.56,3,$70.00,6,4.92,$69.50,-27.26%,,,,$0.00,-100.00%,$252.57,263.41%,$401.66,477.93%,VIST,NYSE:VIST,-1.000,$96.12,-27.17%
NYSE:VIV,17 Feb 2025,$11.28,3,$11.80,5,3.10,$14.05,-19.73%,,,,$14.39,2.42%,$31.77,126.11%,$63.47,351.72%,VIV,NYSE:VIV,0.228,$15.18,-22.27%
NASDAQ:VLGEA,17 Mar 2026,$43.63,3,,6,2.83,$42.62,2.37%,,,,$43.63,2.37%,$109.04,155.85%,$163.77,284.27%,VLGEA,NASDAQ:VLGEA,0.132,,
NYSE:VLN,9 Feb 2026,$2.14,3,$3.33,6,5.00,$1.63,31.29%,,,,$0.00,-100.00%,$3.31,102.86%,$2.46,50.68%,VLN,NYSE:VLN,-1.000,$4.33,-23.09%
NYSE:VLO,29 Jun 2026,$198.17,1,$266.27,9,3.03,$302.50,-34.49%,-34.49%,$198.17,$289.47,$315.71,4.37%,$369.60,22.18%,$475.93,57.33%,VLO,NYSE:VLO,0.221,$289.47,-8.01%
NYSE:VLRS,22 Aug 2025,$7.94,3,$7.67,4,4.17,$7.62,0.66%,,,,$0.00,-100.00%,$102.03,1239.02%,$108.18,1319.67%,VLRS,NYSE:VLRS,-1.000,$9.40,-18.40%
NASDAQ:VLY,19 Nov 2025,$10.95,3,$13.73,9,3.76,$14.34,-23.62%,,,,$15.07,5.09%,$0.00,-100.00%,$0.00,-100.00%,VLY,NASDAQ:VLY,0.506,$16.47,-16.64%
NYSE:VMC,31 Dec 2025,$246.19,1,$331.22,9,,$279.70,-11.98%,,,,,-100.00%,-$2.00,-100.72%,-$2.00,-100.72%,VMC,NYSE:VMC,-2.000,,
NASDAQ:VNDA,13 Nov 2025,$5.38,3,$15.50,8,5.00,$5.18,3.82%,,,,$0.00,-100.00%,$6.03,16.40%,$7.81,50.85%,VNDA,NASDAQ:VNDA,-1.000,$14.12,9.77%
NASDAQ:VNET,9 Feb 2026,$7.43,1,$13.80,7,,$7.21,3.03%,,,,,-100.00%,-$2.00,-127.74%,-$2.00,-127.74%,VNET,NASDAQ:VNET,-2.000,,
NYSE:VNO,28 May 2026,$40.08,3,$31.60,8,2.87,$39.72,-20.44%,,,,$41.06,3.37%,$0.80,-97.98%,$33.91,-14.63%,VNO,NYSE:VNO,0.146,$38.85,-18.66%
NYSEAMERICAN:VNRX,11 Dec 2025,$0.32,1,$2.25,8,,$1.00,-68.00%,,,,,-100.00%,-$2.00,-300.00%,-$2.00,-300.00%,VNRX,NYSEAMERICAN:VNRX,-2.000,,
NYSE:VNT,11 Feb 2026,$45.33,3,$47.25,4,1.23,$30.78,47.27%,,,,$29.99,-2.57%,$28.70,-6.75%,$43.52,41.38%,VNT,NYSE:VNT,-0.650,$39.70,19.02%
NASDAQ:VRDN,19 May 2025,$24.97,4,$37.70,3,5.00,$19.27,29.58%,,,,$0.00,-100.00%,$13.81,-28.33%,$13.72,-28.81%,VRDN,NASDAQ:VRDN,-1.000,$36.12,4.37%
NASDAQ:VREX,16 Dec 2025,$15.01,4,$15.33,7,5.00,$10.92,37.45%,,,,$0.00,-100.00%,$14.62,33.90%,$20.59,88.57%,VREX,NASDAQ:VREX,-1.000,$18.00,-14.83%
NASDAQ:VRRM,30 Jan 2026,$22.14,4,$25.00,5,5.00,$4.05,446.65%,,,,$0.00,-100.00%,$0.94,-76.87%,$13.45,232.02%,VRRM,NASDAQ:VRRM,-1.000,$9.86,153.55%
NASDAQ:VSAT,30 Jan 2026,$27.54,2,$45.00,6,0.88,$71.70,-61.58%,,,,$68.82,-4.02%,$11.38,-84.13%,$138.27,92.85%,VSAT,NASDAQ:VSAT,-0.815,$94.56,-52.41%
NYSE:VSCO,12 Jun 2025,$36.51,5,$22.56,8,,#N/A,#N/A,,,,$0.00,#N/A,$245.13,#N/A,$272.38,#N/A,VSCO,NYSE:VSCO,-1.000,$64.44,-64.99%
NYSE:VSH,28 Jan 2026,$21.32,3,$16.00,5,3.39,$38.21,-58.13%,,,,$41.93,9.74%,$32.96,-13.73%,$30.26,-20.80%,VSH,NYSE:VSH,0.399,$34.00,-52.94%
NYSE:VTEX,15 Dec 2025,$4.81,3,$6.10,1,5.00,$3.90,23.46%,,,,$0.00,-100.00%,$9.58,145.52%,$10.08,158.57%,VTEX,NYSE:VTEX,-1.000,$6.01,1.50%
NYSE:VTMX,15 Jun 2025,$34.66,3,$21.00,5,2.69,$33.66,-37.61%,,,,$34.71,3.12%,$26.29,-21.89%,$26.55,-21.12%,VTMX,NYSE:VTMX,0.039,$36.90,-43.09%
NYSE:VTR,19 Sep 2025,$68.32,3,$76.83,9,,$100.53,-32.04%,,,,,-100.00%,-$2.00,-101.99%,-$2.00,-101.99%,VTR,NYSE:VTR,-2.000,,
NASDAQ:VVPR,9 Feb 2026,$2.07,3,,,,#N/A,#N/A,,,,,#N/A,-$2.00,#N/A,-$2.00,#N/A,VVPR,NASDAQ:VVPR,-2.000,,
NYSE:VVV,18 Sep 2025,$45.89,3,,,0.65,$38.96,17.80%,,,,$37.04,-4.93%,$22.23,-42.94%,$32.98,-15.35%,VVV,NYSE:VVV,-0.871,$43.33,
NYSE:VVX,11 Aug 2025,$66.16,5,$61.22,3,0.43,$83.57,-26.74%,,,,$80.45,-3.73%,$304.50,264.37%,$349.15,317.80%,VVX,NYSE:VVX,-0.940,$82.45,-25.75%
NYSE:VYX,25 Feb 2026,$13.06,5,$15.13,6,5.00,$7.67,70.23%,,,,$0.00,-100.00%,-$11.06,-244.21%,$10.80,40.86%,VYX,NYSE:VYX,-1.000,$12.12,24.83%
NYSEAMERICAN:VZLA,14 Aug 2025,$4.47,,$4.07,8,5.00,$3.30,23.33%,,,,$0.00,-100.00%,$3.40,2.98%,$3.40,3.02%,VZLA,NYSEAMERICAN:VZLA,-1.000,$6.61,-38.43%
NYSE:WAB,23 Aug 2025,$179.00,2,,,1.58,$302.50,-40.83%,,,,$297.34,-1.71%,$307.93,1.80%,$419.54,38.69%,WAB,NYSE:WAB,-0.432,$301.27,
NASDAQ:WABC,1 Jun 2026,$57.44,3,$58.00,4,2.99,$60.49,-5.04%,,,,$62.42,3.19%,$0.00,-100.00%,$0.00,-100.00%,WABC,NASDAQ:WABC,0.181,$64.00,-9.38%
NASDAQ:WAFD,27 May 2026,$37.31,3,$37.00,8,3.06,$36.73,0.74%,,,,$37.84,3.02%,$0.00,-100.00%,$0.00,-100.00%,WAFD,NASDAQ:WAFD,0.213,$39.00,-5.13%
NYSE:WAL,14 Jul 2026,$86.73,3,$90.38,7,3.03,$83.11,4.36%,4.36%,$86.73,$90.53,$85.35,2.70%,$0.00,-100.00%,$0.00,-100.00%,WAL,NYSE:WAL,0.192,$90.53,-0.17%
NASDAQ:WASH,27 May 2026,$34.83,3,$33.33,8,3.40,$38.39,-13.18%,,,,$39.78,3.62%,$0.00,-100.00%,$0.00,-100.00%,WASH,NASDAQ:WASH,0.394,$36.00,-7.42%
NYSE:WBS,10 Mar 2026,$76.23,3,$74.69,7,2.86,$76.07,-1.81%,,,,$77.79,2.26%,-$262.74,-445.40%,-$254.76,-434.90%,WBS,NYSE:WBS,0.141,$75.25,-0.74%
NYSE:WD,23 Dec 2025,$82.23,3,$84.00,6,3.38,$48.20,70.61%,,,,$50.13,4.00%,$274.01,468.49%,$341.65,608.81%,WD,NYSE:WD,0.281,$67.33,24.76%
NASDAQ:WDC,23 Aug 2024,$68.21,3,,,0.64,$519.80,-86.88%,,,,$494.82,-4.81%,$630.17,21.23%,$645.16,24.12%,WDC,NASDAQ:WDC,-0.898,$633.83,
NYSE:WDS,18 May 2026,$26.11,4,,6,3.32,$22.56,15.74%,,,,$23.32,3.37%,$0.00,-100.00%,$0.00,-100.00%,WDS,NYSE:WDS,0.327,,
NYSE:WEC,14 Jan 2026,$103.97,2,,,2.69,$115.77,-10.19%,,,,$118.36,2.24%,$70.29,-39.29%,$145.60,25.77%,WEC,NYSE:WEC,0.047,$123.75,
NYSE:WELL,18 Sep 2025,$151.80,2,,,2.41,$252.07,-39.78%,,,,$249.32,-1.09%,$256.98,1.95%,$313.45,24.35%,WELL,NYSE:WELL,-0.054,$243.50,
NASDAQ:WEN,9 Sep 2025,$16.85,3,$11.97,6,3.94,$6.99,71.24%,,,,$7.53,7.73%,-$5.26,-175.32%,$3.64,-47.99%,WEN,NASDAQ:WEN,0.591,$7.78,53.86%
NYSE:WF,19 Nov 2025,$51.73,3,,,2.81,$65.07,-20.50%,,,,$67.07,3.07%,-$321.54,-594.14%,-$287.90,-542.45%,WF,NYSE:WF,0.025,$91.76,
NYSE:WFC,14 Aug 2025,$71.42,3,$87.67,6,2.86,$86.31,-17.25%,,,,$88.52,2.56%,$0.00,-100.00%,$0.00,-100.00%,WFC,NYSE:WFC,0.102,$100.07,-12.39%
NYSE:WFG,24 Oct 2025,$81.03,3,$95.74,7,3.38,$66.19,22.42%,,,,$68.50,3.49%,$111.44,68.36%,$187.93,183.92%,WFG,NYSE:WFG,0.303,$85.17,12.41%
NASDAQ:WFRD,20 Jul 2026,$84.88,3,$121.00,10,3.21,$88.68,-4.29%,-4.29%,$84.88,$121.00,$91.39,3.06%,$180.60,103.65%,$246.33,177.78%,WFRD,NASDAQ:WFRD,0.221,$117.67,2.83%
NYSE:WGO,13 Sep 2024,$83.32,5,,,2.60,$30.77,170.77%,,,,$30.19,-1.88%,$0.00,-100.00%,$0.00,-100.00%,WGO,NYSE:WGO,-0.028,$38.00,
NYSE:WHD,18 Feb 2026,$69.67,3,$55.50,5,2.91,$55.12,0.69%,,,,$58.04,5.30%,$107.31,94.69%,$124.41,125.71%,WHD,NYSE:WHD,0.125,$63.89,-13.13%
NYSE:WIT,19 Jan 2026,$2.58,2,,7,4.57,$1.87,37.96%,,,,$1.99,6.42%,$167.37,8850.26%,$213.29,11306.06%,WIT,NYSE:WIT,0.914,$1.75,
NYSE:WK,10 Feb 2026,$82.53,4,$109.00,8,5.00,$52.42,57.44%,,,,$0.00,-100.00%,$56.20,7.22%,$58.67,11.93%,WK,NYSE:WK,-1.000,$77.80,40.10%
NYSE:WKC,16 Sep 2025,$32.51,4,$29.00,6,2.49,$38.14,-23.96%,,,,$41.84,9.70%,-$12.33,-132.34%,$6.19,-83.78%,WKC,NYSE:WKC,0.019,$30.00,-3.33%
NASDAQ:WKHS,12 Dec 2024,$1.13,,,4,,$2.71,-58.30%,,,,,-100.00%,-$2.00,-173.80%,-$2.00,-173.80%,WKHS,NASDAQ:WKHS,-2.000,,
NYSE:WMB,22 Jan 2026,$57.39,2,$71.00,9,,$74.00,-22.45%,,,,,-100.00%,-$2.00,-102.70%,-$2.00,-102.70%,WMB,NYSE:WMB,-2.000,,
NYSE:WMK,17 Mar 2026,$74.25,4,,4,2.85,$73.36,1.22%,,,,$76.94,4.88%,$103.15,40.61%,$93.34,27.24%,WMK,NYSE:WMK,0.222,$31.00,
NYSE:WMS,5 May 2025,$162.55,3,$140.71,7,2.00,$141.84,-0.80%,,,,$140.99,-0.60%,$191.36,34.91%,$151.62,6.90%,WMS,NYSE:WMS,-0.306,$182.20,-22.77%
NYSE:WOR,16 Dec 2024,$43.00,4,,4,3.02,$56.00,-23.21%,,,,$57.50,2.68%,$81.15,44.91%,$93.68,67.28%,WOR,NYSE:WOR,0.171,$65.60,
NYSE:WPM,19 Nov 2025,$65.01,2,$128.93,7,2.63,$111.48,-41.69%,,,,$111.09,-0.35%,$201.93,81.13%,$212.56,90.67%,WPM,NYSE:WPM,-0.052,$171.45,-24.80%
NYSE:WPP,9 Sep 2025,$37.50,3,,6,,$18.75,99.97%,,,,,-100.00%,-$2.00,-110.67%,-$2.00,-110.67%,WPP,NYSE:WPP,-2.000,,
NASDAQ:WRLD,19 Nov 2025,$145.37,3,,1,2.52,$204.67,-28.97%,,,,$0.00,-100.00%,$0.00,-100.00%,$0.00,-100.00%,WRLD,NASDAQ:WRLD,-1.000,$185.00,
NASDAQ:WSBC,27 May 2026,$35.79,3,$39.75,9,3.16,$41.25,-13.24%,,,,$42.28,2.50%,$0.00,-100.00%,$0.00,-100.00%,WSBC,NASDAQ:WSBC,0.273,$40.44,-1.71%
NASDAQ:WSC,19 Aug 2025,$32.85,3,$33.40,7,1.68,$26.50,23.97%,,,,$26.49,-0.04%,$47.70,80.02%,$73.84,178.63%,WSC,NASDAQ:WSC,-0.408,$28.80,15.97%
NASDAQ:WSFS,27 May 2026,$70.81,3,$78.70,6,2.41,$79.84,-11.30%,,,,$80.75,1.14%,-$166.03,-307.96%,-$155.51,-294.78%,WSFS,NASDAQ:WSFS,-0.072,$82.67,-4.80%
NYSE:WSM,19 Aug 2025,$178.74,2,,,2.57,$226.74,-21.17%,,,,$231.58,2.13%,$260.03,14.68%,$282.42,24.56%,WSM,NYSE:WSM,0.023,$212.63,
NYSE:WSO,1 Jul 2024,$356.65,1,,,3.60,$362.01,-1.48%,,,,$379.00,4.69%,$589.97,62.97%,$603.23,66.63%,WSO,NYSE:WSO,0.428,$428.70,
NYSE:WT,27 Aug 2025,$14.51,4,$13.88,8,2.43,$19.45,-28.64%,,,,$19.60,0.77%,$21.68,11.46%,$22.42,15.28%,WT,NYSE:WT,-0.064,$20.56,-32.49%
NASDAQ:WTFC,28 Apr 2026,$145.18,3,$179.88,8,3.08,$158.66,-8.50%,,,,$163.05,2.77%,$0.00,-100.00%,$0.00,-100.00%,WTFC,NASDAQ:WTFC,0.207,$179.93,-0.03%
NYSE:WTS,19 Nov 2025,$243.48,2,$290.50,3,2.37,$344.45,-29.31%,,,,$345.16,0.21%,$369.83,7.37%,$405.75,17.80%,WTS,NYSE:WTS,-0.087,$358.33,-18.93%
NASDAQ:WTW,3 Sep 2025,$319.57,3,,,2.40,$295.11,8.29%,,,,$290.98,-1.40%,$368.67,24.93%,$151.68,-48.60%,WTW,NASDAQ:WTW,-0.098,$339.68,
NYSE:WU,9 Sep 2025,$14.43,3,$8.65,5,3.98,$8.22,5.23%,,,,$8.63,4.99%,-$0.77,-109.32%,$4.96,-39.60%,WU,NYSE:WU,0.631,$8.43,2.61%
NASDAQ:WULF,23 Dec 2025,$11.85,3,$21.73,10,1.73,$18.46,-35.78%,,,,$18.40,-0.33%,$6.62,-64.12%,$7.01,-62.01%,WULF,NASDAQ:WULF,-0.453,$38.59,-43.69%
NASDAQ:WVE,19 Aug 2025,$9.10,3,,,,$5.81,56.56%,,,,,-100.00%,-$2.00,-134.42%,-$2.00,-134.42%,WVE,NASDAQ:WVE,-2.000,,
NYSE:WWW,24 May 2026,$24.95,5,$22.50,8,2.14,$18.79,19.74%,,,,$18.45,-1.81%,$51.05,171.68%,$56.41,200.22%,WWW,NYSE:WWW,-0.215,$21.70,3.69%
NASDAQ:XEL,18 Sep 2025,$67.13,2,,,2.94,$81.67,-17.80%,,,,$83.64,2.41%,-$15.72,-119.25%,$15.45,-81.08%,XEL,NASDAQ:XEL,0.142,$92.83,
NASDAQ:XGN,25 Aug 2025,$7.35,3,,,5.00,$4.68,57.13%,,,,$0.00,-100.00%,$6.90,47.34%,$7.72,64.87%,XGN,NASDAQ:XGN,-1.000,$8.57,
NASDAQ:XMTR,23 Dec 2025,$38.29,2,,,3.58,$86.31,-55.64%,,,,$0.00,-100.00%,$79.22,-8.21%,$82.63,-4.26%,XMTR,NASDAQ:XMTR,-1.000,$96.25,
NASDAQ:XNET,11 Feb 2026,$5.15,3,,5,5.00,$5.52,-6.67%,,,,$0.00,-100.00%,$27.91,405.68%,$36.42,559.80%,XNET,NASDAQ:XNET,-1.000,$12.00,
NYSE:XOM,23 Aug 2024,$132.36,4,,,2.91,$156.94,-15.66%,,,,$161.78,3.08%,$141.88,-9.60%,$206.49,31.58%,XOM,NYSE:XOM,0.144,$166.73,
NASDAQ:XP,26 Jun 2026,$17.06,3,$24.00,4,2.82,$16.69,2.22%,,,,$17.27,3.48%,-$721.36,-4422.08%,-$719.25,-4409.45%,XP,NASDAQ:XP,0.031,$23.73,1.14%
NASDAQ:XPEL,29 Nov 2024,$53.10,3,,,4.05,$42.73,24.27%,,,,$0.00,-100.00%,$77.39,81.11%,$48.60,13.75%,XPEL,NASDAQ:XPEL,-1.000,$51.67,
NYSE:XPEV,15 Dec 2025,$20.30,3,$29.67,6,,$12.33,64.66%,,,,,-100.00%,-$2.00,-116.22%,-$2.00,-116.22%,XPEV,NYSE:XPEV,-2.000,,
NYSE:XYF,9 Sep 2025,$13.63,3,,,,$4.79,184.49%,,,,,-100.00%,-$2.00,-141.75%,-$2.00,-141.75%,XYF,NYSE:XYF,-2.000,,
NYSE:XYL,11 Nov 2025,$146.77,2,,,2.85,$119.75,22.57%,,,,$122.28,2.11%,$112.14,-6.36%,$150.60,25.76%,XYL,NYSE:XYL,0.078,$150.35,
NYSE:XYZ,11 Feb 2026,$75.58,3,,,4.04,$77.15,-2.03%,,,,$0.00,-100.00%,$144.40,87.17%,$131.95,71.03%,XYZ,NYSE:XYZ,-1.000,$93.22,
NYSE:YALA,11 Feb 2026,$6.10,3,,6,,$5.18,17.76%,,,,,-100.00%,-$2.00,-138.61%,-$2.00,-138.61%,YALA,NYSE:YALA,-2.000,,
NASDAQ:YB,11 Feb 2026,$20.18,3,,,,$13.32,51.49%,,,,,-100.00%,-$2.00,-115.02%,-$2.00,-115.02%,YB,NASDAQ:YB,-2.000,,
NYSE:YMM,11 Feb 2026,$11.83,4,$11.96,6,,$9.21,28.45%,,,,,-100.00%,-$2.00,-121.72%,-$2.00,-121.72%,YMM,NYSE:YMM,-2.000,,
NYSE:YPF,12 Feb 2026,$42.64,3,$39.40,2,2.14,$51.40,-23.35%,,,,$51.19,-0.41%,"$92,337.37",179544.69%,"$239,958.00",466744.35%,YPF,NYSE:YPF,-0.208,$57.91,-31.96%
NYSE:YUM,18 Sep 2025,$140.70,3,,,,$148.92,-5.52%,,,,,-100.00%,-$2.00,-101.34%,-$2.00,-101.34%,YUM,NYSE:YUM,-2.000,,
NASDAQ:YYGH,19 Aug 2025,$1.90,3,,,,$1.17,62.78%,,,,,-100.00%,-$2.00,-270.94%,-$2.00,-270.94%,YYGH,NASDAQ:YYGH,-2.000,,
NYSE:ZBH,11 Dec 2025,$110.32,5,$103.50,5,2.45,$91.35,13.30%,,,,$91.62,0.30%,$160.71,75.93%,$251.37,175.17%,ZBH,NYSE:ZBH,-0.060,$98.60,4.97%
NASDAQ:ZBRA,30 Jan 2026,$311.75,3,$319.75,8,4.41,$259.92,19.94%,,,,$0.00,-100.00%,$297.05,14.28%,$343.29,32.08%,ZBRA,NASDAQ:ZBRA,-1.000,$333.18,-4.03%
NASDAQ:ZD,23 Feb 2024,$75.69,3,,,2.79,$51.60,46.69%,,,,$0.00,-100.00%,$141.51,174.24%,$121.58,135.62%,ZD,NASDAQ:ZD,-1.000,$49.40,
NASDAQ:ZEUS,22 Aug 2025,$42.35,3,$38.00,3,,#N/A,#N/A,,,,$0.00,#N/A,$0.00,#N/A,$0.00,#N/A,ZEUS,NASDAQ:ZEUS,-1.000,$38.00,0.00%
NYSE:ZGN,23 Dec 2025,$14.49,4,$11.45,8,,$14.32,-20.04%,,,,,-100.00%,-$2.00,-113.97%,-$2.00,-113.97%,ZGN,NYSE:ZGN,-2.000,,
NYSE:ZH,3 Sep 2025,$6.32,4,,8,,$3.14,101.37%,,,,,-100.00%,-$2.00,-163.69%,-$2.00,-163.69%,ZH,NYSE:ZH,-2.000,,
NYSE:ZIM,19 Nov 2025,$20.23,4,$11.83,3,3.42,$24.90,-52.49%,,,,$26.45,6.22%,$77.61,211.67%,$180.53,625.04%,ZIM,NYSE:ZIM,0.386,$24.95,-52.59%
NASDAQ:ZION,12 Oct 2025,$55.40,3,,,3.30,$69.29,-20.05%,,,,$71.32,2.93%,$0.00,-100.00%,$0.00,-100.00%,ZION,NASDAQ:ZION,0.315,$75.00,
NASDAQ:LULU,30 Mar 2026,$260.18,3,$182.42,2,3.59,$114.28,59.63%,,,,$0.00,-100.00%,$169.15,48.01%,$248.83,117.74%,LULU,NASDAQ:LULU,-1.000,$127.73,42.82%
NYSE:LOW,26 Mar 2026,$245.53,4,$293.29,8,3.79,$207.64,18.25%,,,,$214.32,3.22%,$296.96,43.02%,$344.63,65.97%,LOW,NYSE:LOW,0.493,$263.73,11.21%
NYSE:OII,30 Jun 2026,$31.11,2,$38.00,10,1.46,$52.73,-41.00%,-41.00%,$31.11,$38.00,$0.00,-100.00%,$0.00,-100.00%,$0.00,-100.00%,OII,NYSE:OII,-1.000,$36.50,4.11%
NASDAQ:SPOK,10 Apr 2026,$17.65,5,$14.00,4,4.13,$10.59,32.20%,,,,$11.12,5.00%,$14.40,36.01%,$16.25,53.48%,SPOK,NASDAQ:SPOK,0.630,$14.00,0.00%
NYSE:HTGC,30 Mar 2026,$16.87,3,$19.25,4,3.93,$15.73,7.24%,,,,$16.32,3.75%,$28.86,83.49%,$29.17,85.46%,HTGC,NYSE:HTGC,0.567,$19.03,1.16%
NASDAQ:RWAY,30 Mar 2026,$9.18,4,$8.00,6,3.41,$5.36,49.25%,,,,$5.66,5.60%,$6.03,12.49%,$4.25,-20.80%,RWAY,NASDAQ:RWAY,0.293,$8.29,-3.50%
NASDAQ:CCAP,30 Mar 2026,$15.59,3,$14.25,6,3.73,$10.84,31.46%,,,,$11.24,3.69%,$29.29,170.17%,$31.57,191.21%,CCAP,NASDAQ:CCAP,0.459,$14.00,1.79%
NASDAQ:CCEP,19 Mar 2026,$99.72,3,$108.12,7,,$105.11,-5.13%,,,,,-100.00%,-$2.00,-101.90%,-$2.00,-101.90%,CCEP,NASDAQ:CCEP,-2.000,,
NASDAQ:CIVB,19 Mar 2026,$24.05,3,$27.33,6,2.75,$28.58,-15.86%,,,,$29.49,3.18%,-$110.72,-487.39%,-$110.09,-485.19%,CIVB,NASDAQ:CIVB,0.087,$29.00,-5.76%
NASDAQ:AUPH,1 Jun 2026,$13.51,3,$15.67,7,0.60,$15.35,-12.01%,,,,$14.71,-4.17%,$25.95,69.05%,$27.08,76.42%,AUPH,NASDAQ:AUPH,-0.890,$17.00,-7.82%
NASDAQ:CASS,24 Jun 2026,$50.17,3,,,2.70,$54.25,-7.52%,,,,$55.80,2.86%,-$67.20,-223.88%,-$61.62,-213.59%,CASS,NASDAQ:CASS,0.068,$54.00,
NASDAQ:EXEL,1 May 2026,$47.67,3,$46.00,6,2.70,$55.37,-16.92%,,,,$0.00,-100.00%,$114.68,107.11%,$116.49,110.38%,EXEL,NASDAQ:EXEL,-1.000,$52.07,-11.66%
NASDAQ:PBYI,1 Jun 2026,$5.88,3,$5.00,6,1.13,$7.98,-37.34%,,,,$0.00,-100.00%,$26.15,227.64%,$29.52,269.90%,PBYI,NASDAQ:PBYI,-1.000,$5.00,0.00%
NASDAQ:LEGH,29 Jun 2026,$32.03,4,$28.00,8,2.91,$26.49,5.70%,5.70%,$26.00,$32.03,$0.00,-100.00%,$32.78,23.75%,$33.79,27.57%,LEGH,NASDAQ:LEGH,-1.000,$26.00,7.69%
NYSE:UHS,30 Mar 2026,$213.24,5,$245.00,3,1.53,$155.75,36.91%,,,,$154.82,-0.60%,$237.39,52.41%,$427.09,174.22%,UHS,NYSE:UHS,-0.522,$205.24,19.37%
NYSE:EMA,30 Mar 2026,$47.50,2,,,3.78,$54.95,-13.56%,,,,$0.00,-100.00%,$10.50,-80.88%,$13.13,-76.11%,EMA,NYSE:EMA,-1.000,$63.50,
NYSE:NXDT,30 Mar 2026,$4.25,3,,,3.32,$5.44,-21.88%,,,,$5.66,4.04%,$0.98,-81.95%,$2.13,-60.82%,NXDT,NYSE:NXDT,0.328,,
NASDAQ:LOGI,30 Mar 2026,$102.94,4,$112.27,6,3.24,$105.78,-2.68%,,,,$109.06,3.10%,$196.13,85.42%,$204.71,93.53%,LOGI,NASDAQ:LOGI,0.294,$111.20,0.96%
NASDAQ:ACAD,14 Jun 2026,$22.38,3,$32.18,7,4.60,$24.84,-9.89%,,,,$0.00,-100.00%,$31.63,27.33%,$32.49,30.81%,ACAD,NASDAQ:ACAD,-1.000,$32.80,-1.89%
NASDAQ:PDEX,31 Mar 2026,$63.00,4,,5,1.12,$54.93,14.70%,,,,$53.40,-2.79%,$77.72,41.48%,$84.97,54.68%,PDEX,NASDAQ:PDEX,-0.695,$70.00,
NYSE:HLF,10 Apr 2026,$16.11,3,$15.00,10,5.00,$11.89,26.16%,,,,$0.00,-100.00%,$18.69,57.23%,$29.77,150.40%,HLF,NYSE:HLF,-1.000,$18.33,-18.17%
NASDAQ:INVA,27 May 2026,$23.82,3,$34.50,8,5.00,$21.44,11.08%,,,,$0.00,-100.00%,$54.80,155.58%,$63.93,198.16%,INVA,NASDAQ:INVA,-1.000,$35.50,-2.82%
NYSE:MTH,31 Mar 2026,$81.04,5,$83.50,1,2.96,$72.95,11.09%,,,,$75.31,3.24%,$91.11,24.89%,$94.40,29.41%,MTH,NYSE:MTH,0.155,$81.62,2.30%
NYSE:CBT,29 Apr 2026,$98.58,5,$78.00,6,3.07,$90.15,-13.48%,,,,$92.58,2.70%,$89.24,-1.01%,$124.18,37.75%,CBT,NYSE:CBT,0.226,$91.17,-14.45%
NASDAQ:JOYY,21 May 2026,$63.47,5,,,2.65,$73.95,-14.17%,,,,$75.51,2.11%,$161.93,118.98%,$188.49,154.89%,JOYY,NASDAQ:JOYY,0.029,$79.87,
NASDAQ:MU,22 Apr 2026,$420.62,3,$543.20,8,1.52,$920.95,-54.33%,,,,$900.93,-2.17%,"$1,561.57",69.56%,"$1,664.95",80.79%,MU,NASDAQ:MU,-0.546,"$1,507.38",-63.96%
NASDAQ:MDXG,22 Apr 2026,$5.83,3,$8.00,7,5.00,$4.20,38.90%,,,,$0.00,-100.00%,$6.05,44.13%,$6.65,58.25%,MDXG,NASDAQ:MDXG,-1.000,$6.60,21.21%
NASDAQ:RIGL,4 Apr 2026,$33.48,4,$45.67,9,0.83,$36.74,-8.87%,,,,$34.20,-6.91%,$42.98,16.99%,$44.56,21.30%,RIGL,NASDAQ:RIGL,-0.852,$54.20,-15.74%
NASDAQ:BKNG,15 Jun 2026,$206.77,5,$220.15,7,2.48,$177.46,16.52%,,,,$176.64,-0.46%,$399.28,125.00%,$410.99,131.60%,BKNG,NASDAQ:BKNG,-0.091,$224.06,-1.75%
NASDAQ:RMR,15 Jun 2026,$22.56,4,$21.00,7,3.96,$20.02,4.90%,,,,$21.04,5.09%,$103.24,415.70%,$112.47,461.80%,RMR,NASDAQ:RMR,0.619,$20.75,1.20%
NYSE:REX,7 Apr 2026,$45.52,3,,,3.63,$44.41,2.50%,,,,$0.00,-100.00%,$96.52,117.35%,$106.14,139.01%,REX,NYSE:REX,-1.000,$50.00,
NYSE:WS,23 Apr 2026,$36.83,3,$38.00,7,2.62,$35.98,2.36%,,,,$35.74,-0.67%,$45.04,25.18%,$55.57,54.44%,WS,NYSE:WS,-0.031,$46.00,-17.39%
NYSE:ARDT,9 Apr 2026,$17.13,3,$12.47,4,0.47,$10.64,17.20%,,,,$10.13,-4.79%,$9.83,-7.57%,$23.06,116.69%,ARDT,NYSE:ARDT,-0.955,$12.05,3.49%
NASDAQ:BYRN,10 Apr 2026,$17.11,3,$20.50,4,0.90,$3.54,383.33%,,,,$3.45,-2.54%,$8.29,134.30%,$9.42,166.18%,BYRN,NASDAQ:BYRN,-0.824,$6.83,200.15%
NYSE:VTOL,30 Jun 2026,$44.08,3,$56.00,5,0.50,$45.71,-3.56%,-3.56%,$44.08,$62.00,$42.70,-6.58%,$69.68,52.44%,$83.64,82.99%,VTOL,NYSE:VTOL,-0.989,$62.00,-9.68%
NYSE:YELP,10 Apr 2026,$41.52,3,$25.00,3,0.34,$25.10,-0.40%,,,,$22.47,-10.48%,$78.37,212.21%,$99.40,296.00%,YELP,NYSE:YELP,-0.997,$26.71,-6.40%
NYSE:EMN,23 Jul 2026,$93.34,5,$82.75,7,3.34,$68.20,21.33%,21.33%,$81.13,$93.34,$70.74,3.72%,$71.78,5.24%,$114.41,67.75%,EMN,NYSE:EMN,0.310,$81.13,2.00%
NYSE:LEVI,24 Jun 2026,$25.35,4,$26.91,4,2.98,$24.54,3.30%,,,,$25.22,2.77%,$129.82,429.02%,$166.33,577.80%,LEVI,NYSE:LEVI,0.157,$28.20,-4.57%
NASDAQ:CWBC,14 Apr 2026,$22.95,3,$27.50,9,3.14,$25.00,-8.19%,,,,$26.83,7.32%,$0.00,-100.00%,$0.00,-100.00%,CWBC,NASDAQ:CWBC,0.229,$28.88,-4.78%
NASDAQ:NRDS,16 Apr 2026,$15.41,5,$14.75,5,1.11,$8.88,66.10%,,,,$8.63,-2.82%,$64.28,623.91%,$83.56,840.99%,NRDS,NASDAQ:NRDS,-0.720,$12.00,22.92%
NYSE:LZB,29 Apr 2026,$50.16,5,$44.50,1,2.96,$39.68,12.15%,,,,$40.56,2.22%,$36.37,-8.33%,$68.79,73.36%,LZB,NYSE:LZB,0.147,$46.00,-3.26%
NASDAQ:UPWK,16 Apr 2026,$16.52,5,$21.22,4,5.00,$8.83,87.13%,,,,$0.00,-100.00%,$15.78,78.71%,$19.27,118.25%,UPWK,NASDAQ:UPWK,-1.000,$12.44,70.58%
NASDAQ:MTCH,16 Apr 2026,$41.38,5,$35.45,6,3.01,$37.91,-6.49%,,,,$39.34,3.77%,$73.92,94.99%,$86.27,127.57%,MTCH,NASDAQ:MTCH,0.185,$41.31,-14.19%
NASDAQ:REGN,29 Apr 2026,$775.92,3,$869.88,8,0.71,$656.01,18.28%,,,,$637.43,-2.83%,$973.90,48.46%,"$1,027.95",56.70%,REGN,NASDAQ:REGN,-0.873,$819.25,6.18%
NASDAQ:INCY,1 Jun 2026,$81.23,2,$106.83,6,2.87,$117.67,-30.96%,,,,$0.00,-100.00%,$234.81,99.55%,$242.54,106.12%,INCY,NASDAQ:INCY,-1.000,$114.55,-6.74%
NYSE:LTC,29 Apr 2026,$40.57,4,$41.00,5,3.38,$42.18,-3.81%,,,,$43.53,3.20%,$36.75,-12.87%,$45.85,8.70%,LTC,NYSE:LTC,0.371,$41.43,-1.04%
NYSE:ELV,8 May 2026,$512.46,3,$382.71,8,2.95,$377.68,1.33%,,,,$390.10,3.29%,$0.00,-100.00%,$0.00,-100.00%,ELV,NYSE:ELV,0.136,$449.10,-14.78%
NYSE:MOH,20 Apr 2026,$251.44,3,$142.77,6,3.33,$197.55,-27.73%,,,,$0.00,-100.00%,$671.58,239.95%,$701.93,255.32%,MOH,NYSE:MOH,-1.000,$210.76,-32.26%
NASDAQ:SAIC,29 Apr 2026,$138.59,5,$101.61,7,3.16,$118.99,-14.61%,,,,$125.17,5.19%,$212.04,78.20%,$273.08,129.50%,SAIC,NASDAQ:SAIC,0.267,$120.00,-15.33%
NYSE:CI,14 Jul 2026,$334.04,5,$343.67,10,3.11,$289.57,15.36%,15.36%,$334.04,$343.67,$296.77,2.49%,$67.41,-76.72%,$165.38,-42.89%,CI,NYSE:CI,0.208,$340.92,0.81%
NYSE:TX,29 Apr 2026,$44.92,3,$43.17,7,3.21,$47.30,-8.73%,,,,$48.61,2.77%,$49.06,3.73%,$67.41,42.51%,TX,NYSE:TX,0.265,$53.42,-19.19%
NASDAQ:FDUS,28 Apr 2026,$22.45,3,,,3.82,$19.41,15.67%,,,,$20.33,4.74%,$20.68,6.52%,$262.24,1251.04%,FDUS,NASDAQ:FDUS,0.540,$21.50,
NYSE:OPFI,28 Apr 2026,$13.04,3,$15.50,7,2.67,$9.02,44.59%,,,,$8.93,-1.00%,$70.75,684.36%,$71.39,691.44%,OPFI,NYSE:OPFI,-0.037,$14.00,10.71%
NASDAQ:UAL,28 Apr 2026,$106.86,4,$130.71,5,4.86,$118.27,-9.65%,,,,$0.00,-100.00%,$231.31,95.58%,$252.38,113.39%,UAL,NASDAQ:UAL,-1.000,$162.15,-19.39%
NYSE:CNA,28 Apr 2026,$48.98,3,,6,3.58,$53.66,-8.73%,,,,$55.45,3.34%,$153.54,186.13%,$158.31,195.03%,CNA,NYSE:CNA,0.495,$45.00,
NASDAQ:JBSS,28 Apr 2026,$92.51,4,$109.00,8,,$81.19,13.94%,,,,,-100.00%,-$2.00,-102.46%,-$2.00,-102.46%,JBSS,NASDAQ:JBSS,-2.000,,
NYSE:HMN,28 Apr 2026,$54.29,4,$48.00,6,2.97,$52.10,-7.87%,,,,$53.63,2.94%,-$175.29,-436.45%,-$164.44,-415.62%,HMN,NYSE:HMN,0.185,$52.00,-7.69%
NYSE:ENVA,28 Apr 2026,$163.50,3,$198.33,8,3.28,$237.27,-31.09%,,,,$0.00,-100.00%,"$1,205.87",408.23%,"$1,229.71",418.28%,ENVA,NYSE:ENVA,-1.000,$250.71,-20.89%
NYSE:CF,28 Apr 2026,$121.68,3,$130.71,6,2.57,$125.07,-2.71%,,,,$128.88,3.05%,$169.72,35.70%,$227.37,81.80%,CF,NYSE:CF,0.008,$125.25,4.36%
NYSE:KMPR,28 Apr 2026,$53.67,3,$54.67,2,3.11,$28.81,86.28%,,,,$29.64,2.88%,-$72.43,-351.42%,-$61.84,-314.66%,KMPR,NYSE:KMPR,0.159,$51.00,7.20%
NYSE:RLI,28 Apr 2026,$66.40,5,$62.50,7,3.19,$61.92,0.94%,,,,$63.72,2.91%,$0.00,-100.00%,$0.00,-100.00%,RLI,NYSE:RLI,0.287,$60.75,2.88%
NASDAQ:MORN,28 Apr 2026,,,$280.00,7,1.91,$172.61,62.22%,,,,$168.16,-2.58%,$210.77,22.11%,$296.74,71.91%,MORN,NASDAQ:MORN,-0.353,$226.00,23.89%
NASDAQ:GEHC,28 Apr 2026,$91.01,5,$94.25,9,0.90,$60.58,50.23%,,,,$59.11,-2.43%,$23.48,-61.23%,$36.45,-39.84%,GEHC,NASDAQ:GEHC,-0.801,$79.33,18.81%
NASDAQ:NTRS,28 Apr 2026,$135.85,2,$169.95,5,2.51,$180.52,-24.75%,,,,$179.68,-0.47%,-$96.56,-153.49%,-$80.05,-144.35%,NTRS,NASDAQ:NTRS,-0.015,$179.35,-5.24%
NYSE:WES,2 Jul 2026,$43.13,1,,,3.42,$47.47,-9.14%,-9.14%,$43.13,$45.92,$49.97,5.27%,$52.07,9.69%,$75.88,59.85%,WES,NYSE:WES,0.393,$45.92,
NYSE:DHT,25 Jun 2026,$16.49,3,,,3.78,$18.45,-10.62%,,,,$19.48,5.58%,$32.54,76.36%,$43.69,136.78%,DHT,NYSE:DHT,0.526,$20.20,
NYSE:D,21 May 2026,$62.63,3,$66.64,8,3.12,$71.10,-11.91%,,,,$73.55,3.45%,-$44.22,-162.19%,-$15.28,-121.49%,D,NYSE:D,0.255,$71.00,-6.14%
NASDAQ:CBK,1 Jun 2026,$30.03,3,,,3.13,$33.11,-9.29%,,,,$0.00,-100.00%,$0.00,-100.00%,$0.00,-100.00%,CBK,NASDAQ:CBK,-1.000,$34.00,
NYSE:ELPC,12 May 2026,$11.13,3,$13.10,8,3.98,$11.43,-2.60%,,,,$12.03,5.25%,$4.54,-60.27%,$34.90,205.36%,ELPC,NYSE:ELPC,0.549,$16.93,-22.62%
NYSE:FDX,25 Jun 2026,$291.89,1,,,3.99,$314.96,-7.32%,,,,$330.18,4.83%,$466.41,48.09%,$721.21,128.98%,FDX,NYSE:FDX,0.614,$352.43,
NYSE:FBK,27 May 2026,$53.58,3,$64.25,5,3.05,$59.10,-9.34%,,,,$60.50,2.37%,$0.00,-100.00%,$0.00,-100.00%,FBK,NYSE:FBK,0.198,$66.09,-2.78%
NYSE:AXTA,23 Jul 2026,$40.33,5,$37.00,5,3.63,$32.76,12.94%,12.94%,$36.86,$40.33,$0.00,-100.00%,$22.24,-32.12%,$45.27,38.18%,AXTA,NYSE:AXTA,-1.000,$36.86,0.38%
NASDAQ:LOPE,26 Jun 2026,$168.79,5,$209.33,3,5.00,$139.94,20.62%,,,,$0.00,-100.00%,$413.13,195.22%,$437.98,212.98%,LOPE,NASDAQ:LOPE,-1.000,$205.00,2.11%
NASDAQ:PAA,29 Jun 2026,$21.85,1,,,4.15,$24.60,-11.18%,-11.18%,$21.85,$24.18,$25.90,5.28%,$17.19,-30.11%,$30.65,24.61%,PAA,NASDAQ:PAA,0.717,$24.18,
NASDAQ:NKSH,27 May 2026,$35.84,3,,7,2.97,$36.64,-2.19%,,,,$37.92,3.49%,$0.00,-100.00%,$0.00,-100.00%,NKSH,NASDAQ:NKSH,0.162,$41.00,
NYSE:KRC,15 Jun 2026,$46.60,5,$37.20,5,3.25,$39.42,-5.63%,,,,$40.91,3.78%,-$0.41,-101.04%,$28.51,-27.68%,KRC,NYSE:KRC,0.316,$38.50,-3.38%
NASDAQ:MRBK,27 May 2026,$18.24,3,$21.00,7,3.17,$19.82,-7.97%,,,,$20.63,4.09%,$0.00,-100.00%,$0.00,-100.00%,MRBK,NASDAQ:MRBK,0.239,$23.00,-8.70%
NYSE:TTE,20 Jul 2026,$86.21,5,$96.34,,3.88,$86.80,-0.68%,-0.68%,$86.21,$96.34,$90.02,3.71%,$112.18,29.24%,$91.24,5.11%,TTE,NYSE:TTE,0.569,$94.89,1.53%
NASDAQ:SMBC,27 May 2026,$70.66,3,$73.33,5,2.73,$77.63,-8.97%,,,,$80.52,3.72%,$0.00,-100.00%,$0.00,-100.00%,SMBC,NASDAQ:SMBC,0.084,$76.67,-4.36%
NYSE:EPD,30 Jun 2026,$36.66,1,,,4.06,$38.73,-5.34%,-5.34%,$36.66,$41.15,$40.57,4.75%,$0.00,-100.00%,$0.00,-100.00%,EPD,NYSE:EPD,0.658,$41.15,
NASDAQ:SHOE,23 Jul 2026,$22.99,5,,,2.99,$14.55,58.03%,58.03%,$22.99,$22.99,$14.83,1.92%,$0.00,-100.00%,$0.00,-100.00%,SHOE,NASDAQ:SHOE,0.106,$22.00,
NYSE:AD,16 Jul 2026,$35.29,3,,,4.77,$34.88,1.18%,1.18%,$35.29,$46.34,$37.25,6.79%,$20.01,-42.64%,$54.84,57.22%,AD,NYSE:AD,0.913,$46.34,
NASDAQ:SCVL,15 Jun 2026,$31.19,5,,,,$14.55,114.36%,,,,,-100.00%,-$2.00,-113.75%,-$2.00,-113.75%,SCVL,NASDAQ:SHOE,-2.000,,
NYSE:SBR,30 Jun 2026,$69.55,3,,6,3.50,$73.80,-5.76%,-5.76%,$69.55,$69.55,$77.03,4.38%,$163.27,121.23%,$163.26,121.22%,SBR,NYSE:SBR,0.509,$32.50,
NYSE:MATV,23 Jul 2026,$12.14,5,,5,3.11,$8.12,49.50%,49.50%,$12.14,$21.00,$8.42,3.69%,$6.33,-22.04%,$11.15,37.32%,MATV,NYSE:MATV,0.160,$21.00,
NYSE:TK,30 Jun 2026,$11.24,3,,2,,$11.20,0.37%,0.37%,$11.24,$11.24,,-100.00%,-$2.00,-117.86%,-$2.00,-117.86%,TK,NYSE:TK,-2.000,,
NYSE:AVA,29 Jun 2026,$41.07,3,$39.25,5,3.27,$42.05,-6.66%,-6.66%,$39.25,$41.83,$43.63,3.76%,-$7.55,-117.96%,$45.82,8.96%,AVA,NYSE:AVA,0.320,$41.83,-6.17%
NYSE:TNK,16 Jun 2026,$68.85,3,$80.50,6,2.92,$75.81,-9.18%,,,,$78.63,3.72%,$207.95,174.30%,$240.06,216.67%,TNK,NYSE:TNK,0.130,$88.00,-8.52%
NASDAQ:BCML,16 Jun 2026,$34.03,3,$33.00,7,2.37,$31.70,4.10%,,,,$32.54,2.65%,$0.00,-100.00%,$0.00,-100.00%,BCML,NASDAQ:BCML,-0.088,$32.67,1.01%
NYSE:CBL,23 Jun 2026,$47.75,3,$55.00,8,3.63,$57.57,-17.05%,,,,$59.59,3.51%,$61.30,6.48%,$86.53,50.30%,CBL,NYSE:CBL,0.469,$60.00,-8.33%
NASDAQ:JCAP,14 Jul 2026,$21.86,3,,,0.48,$19.82,10.28%,10.28%,$21.86,$26.00,$17.98,-9.28%,$0.00,-100.00%,$0.00,-100.00%,JCAP,NASDAQ:JCAP,-0.988,$26.00,
NYSE:BKH,16 Jun 2026,$76.81,4,$83.00,9,3.22,$75.29,2.02%,,,,$77.61,3.08%,$34.85,-53.71%,$57.50,-23.63%,BKH,NYSE:BKH,0.267,$85.00,-2.35%
NYSE:CPK,25 Jun 2026,$113.77,3,,,2.28,$135.78,-16.21%,,,,$133.62,-1.59%,$64.23,-52.69%,$30.66,-77.42%,CPK,NYSE:CPK,-0.138,$148.00,
NYSE:HESM,30 Jun 2026,$37.34,1,,,3.19,$40.64,-8.12%,-8.12%,$37.34,$37.34,$42.30,4.08%,$119.64,194.40%,$148.94,266.49%,HESM,NYSE:HESM,0.302,$37.33,
NYSE:SOBO,23 Jun 2026,$37.00,3,,,2.60,$38.50,-3.90%,,,,$39.58,2.81%,$37.58,-2.39%,$53.14,38.03%,SOBO,NYSE:SOBO,0.050,$34.08,
NYSE:AEE,16 Jun 2026,$106.67,3,$119.00,7,2.80,$113.78,-6.25%,,,,$116.88,2.72%,-$0.77,-100.68%,$42.51,-62.64%,AEE,NYSE:AEE,0.097,$121.56,-2.11%
NYSE:SUN,24 Jun 2026,$65.25,3,,,3.42,$75.21,-13.24%,,,,$79.12,5.20%,$38.18,-49.24%,$162.46,116.01%,SUN,NYSE:SUN,0.383,$76.29,
NYSE:RGA,25 Jun 2026,$194.90,3,,,3.04,$238.92,-18.42%,,,,$245.85,2.90%,$683.34,186.01%,$682.13,185.50%,RGA,NYSE:RGA,0.197,$261.78,
NYSE:MPC,16 Jun 2026,$210.97,1,$279.30,8,3.46,$309.24,-31.78%,,,,$325.43,5.24%,$174.95,-43.43%,$278.08,-10.08%,MPC,NYSE:MPC,0.415,$298.12,-6.31%
NYSE:ATO,16 Jun 2026,$164.62,3,,,2.83,$179.22,-8.15%,,,,$183.01,2.11%,$93.64,-47.75%,$161.92,-9.65%,ATO,NYSE:ATO,0.112,$188.92,
NYSE:OMF,23 Jun 2026,$58.80,3,,,3.84,$59.74,-1.58%,,,,$62.21,4.13%,$150.06,151.19%,$178.75,199.22%,OMF,NYSE:OMF,0.543,$68.21,
NYSE:SPG,25 Jun 2026,$192.49,3,$210.75,9,2.97,$229.78,-16.23%,,,,$234.62,2.11%,$259.91,13.11%,$362.23,57.64%,SPG,NYSE:SPG,0.189,$227.95,-7.55%
NYSE:HTH,16 Jun 2026,$40.96,3,$39.50,3,3.18,$39.08,1.07%,,,,$41.30,5.68%,$68.53,75.35%,$73.78,88.80%,HTH,NYSE:HTH,0.275,$40.33,-2.06%
NASDAQ:HTO,23 Jun 2026,$57.81,3,,,2.45,$63.84,-9.45%,,,,$64.65,1.27%,-$31.38,-149.15%,-$18.52,-129.01%,HTO,NASDAQ:HTO,-0.051,$65.43,
NYSE:MLI,17 Jun 2026,$127.13,2,,,2.42,$63.91,98.92%,,,,$63.55,-0.56%,$112.41,75.89%,$116.65,82.53%,MLI,NYSE:MLI,-0.095,$74.75,
NYSE:EG,17 Jun 2026,$338.53,3,,,3.10,$385.12,-12.10%,,,,$395.48,2.69%,$308.47,-19.90%,$261.72,-32.04%,EG,NYSE:EG,0.237,$400.80,
NYSE:SR,23 Jun 2026,$82.84,4,,,3.40,$83.28,-0.53%,,,,$86.33,3.66%,$94.11,13.01%,$185.63,122.90%,SR,NYSE:SR,0.345,$96.10,
NYSE:BFH,19 Jun 2026,$90.04,3,$98.33,10,2.44,$104.31,-13.68%,,,,$100.73,-3.43%,$504.89,384.03%,$536.67,414.50%,BFH,NYSE:BFH,-0.063,$110.00,-10.61%
NASDAQ:SNY,23 Jul 2026,$57.39,5,$57.00,3,3.60,$43.35,31.49%,31.49%,$55.06,$57.39,$44.70,3.11%,$51.71,19.28%,$62.85,44.98%,SNY,NASDAQ:SNY,0.405,$55.06,3.52%
NASDAQ:TMUS,30 Jun 2026,$234.16,3,$254.24,7,,$180.09,30.02%,30.02%,$234.16,$254.24,,-100.00%,-$2.00,-101.11%,-$2.00,-101.11%,TMUS,NASDAQ:TMUS,-2.000,,
NYSE:ES,23 Jun 2026,$73.60,4,$70.67,8,3.19,$74.91,-5.66%,,,,$76.80,2.52%,-$15.38,-120.53%,$116.87,56.01%,ES,NYSE:ES,0.289,$73.00,-3.19%
NASDAQ:TIGO,24 Jun 2026,$78.80,3,,,3.68,$94.54,-16.65%,,,,$100.75,6.57%,$159.38,68.59%,$333.69,252.97%,TIGO,NASDAQ:TIGO,0.519,$87.80,
NASDAQ:EZPW,29 Jun 2026,$31.35,3,$41.00,9,1.06,$29.54,6.13%,6.13%,$31.35,$41.00,$29.01,-1.79%,$58.80,99.07%,$70.23,137.76%,EZPW,NASDAQ:EZPW,-0.749,$40.80,0.49%
NYSE:NRP,24 Jun 2026,$100.40,3,,,2.20,$98.00,2.45%,,,,$98.11,0.11%,$204.09,108.26%,$224.22,128.79%,NRP,NYSE:NRP,-0.152,$96.00,
NYSE:DINO,24 Jun 2026,$67.54,3,$72.58,9,,$88.30,-23.51%,,,,,-100.00%,-$2.00,-102.27%,-$2.00,-102.27%,DINO,NYSE:DINO,-2.000,,
NYSE:T,23 Jul 2026,$28.76,5,$27.54,10,3.14,$24.13,14.13%,14.13%,$27.54,$29.03,$24.65,2.15%,$20.45,-15.26%,$57.32,137.56%,T,NYSE:T,0.215,$29.03,-5.13%
NYSE:HAL,30 Jun 2026,$33.26,3,$45.07,7,3.81,$33.36,-0.31%,-0.31%,$33.26,$45.07,$34.79,4.29%,$44.80,34.30%,$58.35,74.90%,HAL,NYSE:HAL,0.492,$43.68,3.18%
NYSE:TS,30 Jun 2026,$56.32,3,$63.20,7,2.66,$57.67,-2.33%,-2.33%,$56.32,$64.29,$59.68,3.49%,$95.67,65.90%,$107.39,86.21%,TS,NYSE:TS,0.025,$64.29,-1.70%
NYSE:TDW,30 Jun 2026,$68.88,3,,7,,$78.54,-12.30%,-12.30%,$68.88,$68.88,,-100.00%,-$2.00,-102.55%,-$2.00,-102.55%,TDW,NYSE:TDW,-2.000,,
NYSE:FLOC,23 Jul 2026,$22.03,4,,,1.46,$20.15,9.34%,9.34%,$22.03,$31.22,$19.92,-1.14%,$64.46,219.89%,$113.49,463.23%,FLOC,NYSE:FLOC,-0.575,$31.22,
NYSE:CLB,21 Jul 2026,$13.82,5,$11.00,1,1.54,$11.67,-5.74%,-5.74%,$11.00,$15.50,$11.54,-1.11%,$17.71,51.77%,$11.21,-3.97%,CLB,NYSE:CLB,-0.523,$15.50,-29.03%
NASDAQ:SND,30 Jun 2026,$5.71,3,,6,3.10,$4.66,22.53%,22.53%,$5.71,$5.71,$4.99,7.08%,$4.81,3.18%,$16.38,251.44%,SND,NASDAQ:SND,0.322,$3.00,
NYSE:BWLP,26 Jun 2026,$17.09,3,,,4.26,$21.83,-21.71%,,,,$23.00,5.36%,$74.04,239.18%,$99.90,357.61%,BWLP,NYSE:BWLP,0.703,,
NYSE:RCI,14 Jul 2026,$41.33,5,$42.53,10,3.12,$32.73,26.28%,26.28%,$40.61,$42.53,$33.65,2.81%,$5.18,-84.16%,$138.05,321.79%,RCI,NYSE:RCI,0.200,$40.61,4.73%
NYSE:TIMB,30 Jun 2026,$23.56,4,$27.83,1,3.13,$21.30,10.59%,10.59%,$23.56,$27.83,$22.16,4.04%,$47.12,121.24%,$93.10,337.10%,TIMB,NYSE:TIMB,0.213,$25.39,9.61%
NYSE:UGI,2 Jul 2026,$38.21,4,$40.00,4,2.38,$37.33,2.35%,2.35%,$38.21,$43.00,$37.56,0.62%,$87.86,135.37%,$120.49,222.77%,UGI,NYSE:UGI,-0.110,$43.00,-6.98%
NYSE:WSR,2 Jul 2026,$19.20,3,$19.00,7,,$18.99,0.05%,0.05%,$19.00,$19.20,,-100.00%,-$2.00,-110.53%,-$2.00,-110.53%,WSR,NYSE:WSR,-2.000,,
NYSE:BSM,2 Jul 2026,$13.68,1,,,3.57,$14.65,-6.62%,-6.62%,$13.68,$16.00,$15.22,3.89%,$25.79,76.04%,$27.56,88.16%,BSM,NYSE:BSM,0.434,$16.00,
NASDAQ:STRS,17 Jul 2026,$26.82,4,,3,4.71,$19.82,35.32%,35.32%,$26.82,$26.82,$21.06,6.26%,-$11.40,-157.49%,-$9.58,-148.32%,STRS,NASDAQ:STRS,0.884,,
NYSE:USAC,,,,,,3.99,$26.38,-100.00%,,,,$28.23,7.01%,$29.32,11.13%,$67.35,155.32%,USAC,NYSE:USAC,0.612,$29.60,
NASDAQ:SWBI,,,,,,4.22,$14.64,-100.00%,,,,$15.36,4.92%,$58.16,297.25%,$64.86,343.06%,SWBI,NASDAQ:SWBI,0.705,$17.25,
NYSE:INN,,,,,,3.70,$7.02,-100.00%,,,,$7.34,4.56%,$0.44,-93.72%,$17.68,151.91%,INN,NYSE:INN,0.536,$6.19,
NYSE:NTST,,,,,,3.15,$22.20,-100.00%,,,,$22.74,2.43%,$18.04,-18.76%,$31.32,41.07%,NTST,NYSE:NTST,0.260,$22.83,
NYSE:NE,,,,,,4.00,$43.26,-100.00%,,,,$45.19,4.46%,$64.87,49.95%,$95.96,121.82%,NE,NYSE:NE,0.616,$48.73,
NYSE:HUN,,,,,,3.61,$12.80,-100.00%,,,,$13.33,4.14%,$12.34,-3.56%,$27.93,118.23%,HUN,NYSE:HUN,0.456,$13.58,
NYSE:DOW,,,,,,4.22,$29.84,-100.00%,,,,$32.03,7.34%,$11.86,-60.24%,$64.25,115.33%,DOW,NYSE:DOW,0.694,$36.56,
NYSE:TU,,,,,,4.35,$10.22,-100.00%,,,,$10.68,4.50%,$0.83,-91.83%,$11.28,10.38%,TU,NYSE:TU,0.711,$16.67,
NYSE:DKS,,,,,,3.41,$206.04,-100.00%,,,,$212.70,3.23%,$243.87,18.36%,"$5,740.51",2686.12%,DKS,NYSE:DKS,0.336,$250.14,
NYSE:GLP,,,,,,3.74,$48.38,-100.00%,,,,$50.87,5.15%,$41.10,-15.06%,$55.12,13.94%,GLP,NYSE:GLP,0.545,$45.00,
NYSE:UAN,,,,,,3.56,$123.06,-100.00%,,,,$129.12,4.92%,$257.92,109.58%,$336.69,173.60%,UAN,NYSE:UAN,0.536,$9.50,
NYSE:BCE,,,,,,4.05,$21.30,-100.00%,,,,$22.18,4.13%,-$3.33,-115.61%,$63.64,198.77%,BCE,NYSE:BCE,0.607,$27.19,
NASDAQ:CMCSA,,,,,,4.33,$22.30,-100.00%,,,,$23.42,5.02%,$58.75,163.46%,$129.54,480.90%,CMCSA,NASDAQ:CMCSA,0.706,$30.94,
NYSE:CUBE,,,,,,3.64,$42.09,-100.00%,,,,$43.46,3.25%,$50.38,19.69%,$60.87,44.63%,CUBE,NYSE:CUBE,0.476,$43.69,
NYSE:XIFR,,,,,,3.14,$12.54,-100.00%,,,,$13.01,3.75%,-$36.12,-388.05%,-$15.29,-221.91%,XIFR,NYSE:XIFR,0.268,$12.18,
NASDAQ:RILY,,,,,,3.45,$6.88,-100.00%,,,,$7.23,5.09%,$202.22,2839.22%,$212.59,2989.96%,RILY,NASDAQ:RILY,0.491,$1.50,
NYSE:BCC,,,,,,4.01,$77.84,-100.00%,,,,$81.66,4.91%,$148.89,91.28%,$180.27,131.59%,BCC,NYSE:BCC,0.609,$92.33,
NYSE:CC,,,,,,3.94,$17.22,-100.00%,,,,$18.29,6.21%,-$4.96,-128.82%,$31.91,85.32%,CC,NYSE:CC,0.528,$24.67,
NASDAQ:BBCP,,,,,,3.59,$10.53,-100.00%,,,,$11.47,8.93%,$8.10,-23.03%,$10.28,-2.40%,BBCP,NASDAQ:BBCP,0.430,$12.00,
NASDAQ:PAGP,,,,,,4.12,$26.45,-100.00%,,,,$27.77,4.99%,-$0.51,-101.93%,$47.75,80.54%,PAGP,NASDAQ:PAGP,0.715,$24.43,
NYSE:AEO,,,,,,3.06,$17.00,-100.00%,,,,$17.69,4.06%,$58.19,242.27%,$55.14,224.33%,AEO,NYSE:AEO,0.192,$19.50,
NYSE:BEP,,,,,,3.22,$33.12,-100.00%,,,,$34.51,4.20%,-$193.16,-683.23%,-$145.98,-540.77%,BEP,NYSE:BEP,0.279,$35.77,
NASDAQ:NWE,,,,,,3.47,$72.86,-100.00%,,,,$75.36,3.43%,-$4.44,-106.10%,$1.27,-98.25%,NWE,NASDAQ:NWE,0.410,$73.08,
NYSE:PINE,,,,,,3.67,$20.49,-100.00%,,,,$22.09,7.81%,-$4.71,-123.01%,$11.43,-44.20%,PINE,NYSE:PINE,0.487,$21.36,
NYSE:LYB,,,,,,3.92,$60.32,-100.00%,,,,$63.90,5.94%,$108.87,80.49%,$159.70,164.75%,LYB,NYSE:LYB,0.587,$66.71,
NYSE:CODI,,,,,,3.63,$10.03,-100.00%,,,,$10.52,4.89%,-$13.61,-235.72%,$8.87,-11.60%,CODI,NYSE:CODI,0.420,$12.83,
NYSE:KEN,,,,,,3.14,$69.37,-100.00%,,,,$72.25,4.15%,$81.84,17.98%,$86.36,24.49%,KEN,NYSE:KEN,0.353,$29.85,
NYSE:SPH,,,,,,3.69,$18.56,-100.00%,,,,$19.33,4.15%,$73.94,298.40%,$90.11,385.51%,SPH,NYSE:SPH,0.523,$17.00,
NASDAQ:VNOM,,,,,,3.91,$45.13,-100.00%,,,,$47.10,4.37%,$77.37,71.44%,$124.29,175.41%,VNOM,NASDAQ:VNOM,0.547,$56.67,
NYSE:ENR,,,,,,3.46,$20.96,-100.00%,,,,$21.83,4.15%,$11.41,-45.56%,-$18.44,-187.99%,ENR,NYSE:ENR,0.397,$21.67,
NYSE:PII,,,,,,3.11,$73.04,-100.00%,,,,$75.45,3.30%,$127.60,74.70%,$173.79,137.94%,PII,NYSE:PII,0.263,$68.80,
NYSE:BIP,,,,,,3.47,$40.88,-100.00%,,,,$42.79,4.67%,-$111.98,-373.93%,-$3.58,-108.77%,BIP,NYSE:BIP,0.388,$44.36,
NYSE:CWEN,,,,,,3.85,$32.09,-100.00%,,,,$34.92,8.82%,$12.32,-61.60%,$84.14,162.21%,CWEN,NYSE:CWEN,0.496,$43.67,
NYSE:OLN,,,,,,2.83,$23.20,-100.00%,,,,$24.18,4.22%,$44.84,93.27%,$5.73,-75.32%,OLN,NYSE:OLN,0.099,$26.07,
NYSE:CTO,,,,,,3.56,$22.00,-100.00%,,,,$22.75,3.41%,$5.78,-73.72%,$29.25,32.94%,CTO,NYSE:CTO,0.432,$23.50,
NYSE:MMM,,,,,,3.12,$172.62,-100.00%,,,,$177.27,2.69%,$186.90,8.27%,$167.73,-2.83%,MMM,NYSE:MMM,0.248,$177.61,
NYSE:BWMX,,,,,,3.78,$16.73,-100.00%,,,,$18.22,8.91%,$30.82,84.22%,$40.04,139.34%,BWMX,NYSE:BWMX,0.457,$28.79,
NASDAQ:WDFC,,,,,,3.05,$231.33,-100.00%,,,,$239.82,3.67%,$356.97,54.31%,$372.88,61.19%,WDFC,NASDAQ:WDFC,0.183,$271.67,
NYSE:KRP,,,,,,3.96,$14.94,-100.00%,,,,$15.69,5.02%,$24.17,61.79%,$35.65,138.65%,KRP,NYSE:KRP,0.568,$19.00,
NYSE:BEPC,,,,,,3.40,$33.53,-100.00%,,,,$35.08,4.62%,-$322.78,-1062.67%,-$262.23,-882.09%,BEPC,NYSE:BEPC,0.327,$40.83,
NYSE:SXC,,,,,,3.56,$8.92,-100.00%,,,,$9.35,4.82%,$26.77,200.13%,$52.41,487.58%,SXC,NYSE:SXC,0.436,$9.50,
NYSE:OUT,,,,,,3.75,$32.03,-100.00%,,,,$33.26,3.84%,$25.75,-19.60%,$39.92,24.63%,OUT,NYSE:OUT,0.503,$36.33,
NYSE:FLNG,,,,,,3.09,$30.85,-100.00%,,,,$31.87,3.31%,$15.79,-48.81%,$29.59,-4.08%,FLNG,NYSE:FLNG,0.275,$25.88,
NYSE:NAT,,,,,,4.11,$6.45,-100.00%,,,,$6.87,6.51%,$8.90,38.05%,$11.48,77.92%,NAT,NYSE:NAT,0.707,$6.00,
NYSE:KGS,,,,,,3.93,$59.08,-100.00%,,,,$68.76,16.38%,$58.06,-1.73%,$47.46,-19.67%,KGS,NYSE:KGS,0.522,$83.93,
NYSE:GRNT,,,,,,4.07,$4.85,-100.00%,,,,$5.14,5.98%,$4.23,-12.76%,$15.75,224.71%,GRNT,NYSE:GRNT,0.585,$7.60,
NYSE:TSM,,,,,,2.72,$403.41,-100.00%,,,,$419.16,3.90%,$516.21,27.96%,$594.57,47.39%,TSM,NYSE:TSM,0.007,$527.26,
NASDAQ:FEIM,,,,,,2.02,$72.46,-100.00%,,,,$71.58,-1.21%,$0.00,-100.00%,$0.00,-100.00%,FEIM,NASDAQ:FEIM,-0.262,$81.00,
NYSE:INSW,,,,,,3.91,$92.28,-100.00%,,,,$96.83,4.93%,$134.72,45.99%,$166.03,79.92%,INSW,NYSE:INSW,0.601,$93.00,
NASDAQ:CSCO,,,,,,2.92,$114.17,-100.00%,,,,$116.75,2.26%,$134.60,17.89%,$141.52,23.95%,CSCO,NASDAQ:CSCO,0.133,$130.23,
NASDAQ:GLPI,,,,,,4.21,$45.17,-100.00%,,,,$47.12,4.32%,$54.66,21.00%,$70.32,55.69%,GLPI,NASDAQ:GLPI,0.694,$54.13,
NYSE:LPL,23 Jul 2026,$3.52,4,,2,4.78,$3.17,11.01%,11.01%,$3.52,$4.24,$3.52,11.04%,"$48,742.87",1537530.03%,"-$19,052.05",-601111.03%,LPL,NYSE:LPL,0.914,$4.24,
NYSE:TSLX,,,,,,4.68,$16.72,-100.00%,,,,$17.90,7.06%,"-$19,146.03",-114609.74%,"-$19,460.31",-116489.43%,TSLX,NYSE:TSLX,0.913,$19.27,
NYSE:GNK,,,,,,3.80,$26.77,-100.00%,,,,$27.69,3.44%,"-$7,080.83",-26550.62%,"-$7,068.45",-26504.35%,GNK,NYSE:GNK,0.540,$28.75,
NYSE:TDS,,,,,,4.52,$34.37,-100.00%,,,,$36.50,6.20%,$100.47,192.31%,$45.48,32.33%,TDS,NYSE:TDS,0.789,$50.50,
NYSE:AXIA,,,,,,4.22,$9.91,-100.00%,,,,$10.53,6.26%,$5.12,-48.37%,$36.09,264.16%,AXIA,NYSE:AXIA,0.658,$13.73,
NASDAQ:BLMN,,,,,,4.22,$7.94,-100.00%,,,,$8.58,8.06%,-$3.09,-138.98%,$17.79,124.01%,BLMN,NASDAQ:BLMN,0.723,$8.60,
NYSE:CPA,,,,,,4.34,$136.28,-100.00%,,,,$146.02,7.15%,$379.41,178.40%,$72.96,-46.47%,CPA,NYSE:CPA,0.732,$175.13,
NYSE:AB,,,,,,3.53,$37.20,-100.00%,,,,$38.31,2.98%,$97.22,161.35%,$97.59,162.33%,AB,NYSE:AB,0.424,$39.00,
NASDAQ:PANL,,,,,,4.23,$7.66,-100.00%,,,,$8.08,5.48%,$2.52,-67.08%,$9.11,18.99%,PANL,NASDAQ:PANL,0.658,$10.85,
NASDAQ:BCBP,,,,,,4.04,$10.14,-100.00%,,,,$10.71,5.62%,-$129.49,-1376.98%,-$128.71,-1369.33%,BCBP,NASDAQ:BCBP,0.628,$11.75,
NYSE:SSTK,,,,,,4.39,$5.58,-100.00%,,,,$6.18,10.75%,-$1.68,-130.15%,$29.37,426.36%,SSTK,NYSE:SSTK,0.730,$28.85,
NASDAQ:EMBC,,,,,,4.14,$3.29,-100.00%,,,,$3.49,6.08%,$10.39,215.72%,$23.92,627.10%,EMBC,NASDAQ:EMBC,0.661,$4.00,
NYSE:OTF,,,,,,4.06,$9.95,-100.00%,,,,$10.38,4.32%,$0.00,-100.00%,$0.00,-100.00%,OTF,NYSE:OTF,0.597,$13.25,
NYSE:OGN,,,,,,3.74,$13.52,-100.00%,,,,$14.05,3.92%,$39.82,194.53%,$30.93,128.80%,OGN,NYSE:OGN,0.568,$11.25,
NYSE:ARE,,,,,,3.68,$50.94,-100.00%,,,,$52.76,3.57%,-$18.10,-135.53%,$69.63,36.69%,ARE,NYSE:ARE,0.500,$51.00,
NASDAQ:CGBD,,,,,,4.34,$10.04,-100.00%,,,,$10.58,5.38%,$84.91,745.74%,$85.39,750.49%,CGBD,NASDAQ:CGBD,0.743,$12.36,
NASDAQ:ADAM,,,,,,4.44,$8.65,-100.00%,,,,$9.15,5.78%,$0.00,-100.00%,$0.00,-100.00%,ADAM,NASDAQ:ADAM,0.758,$11.88,
NYSE:EC,,,,,,3.69,$16.01,-100.00%,,,,$17.04,6.43%,"-$82,806.18",-517315.38%,"-$82,788.05",-517202.14%,EC,NYSE:EC,0.542,$13.35,
NASDAQ:TRIN,,,,,,4.40,$17.26,-100.00%,,,,$18.40,6.60%,$5.91,-65.75%,$8.56,-50.40%,TRIN,NASDAQ:TRIN,0.813,$18.03,
NYSE:ARR,,,,,,4.06,$16.27,-100.00%,,,,$17.06,4.86%,-$71.75,-540.97%,-$71.26,-538.01%,ARR,NYSE:ARR,0.644,$18.38,
NYSE:ARI,,,,,,4.27,$6.77,-100.00%,,,,$7.08,4.58%,-$50.09,-839.90%,-$49.77,-835.13%,ARI,NYSE:ARI,0.675,$9.88,
NYSE:OLP,,,,,,4.20,$25.13,-100.00%,,,,$26.35,4.85%,$15.29,-39.16%,$29.08,15.72%,OLP,NYSE:OLP,0.721,$26.50,
NYSE:BDN,,,,,,3.60,$3.17,-100.00%,,,,$3.34,5.36%,-$8.46,-366.83%,$2.03,-36.04%,BDN,NYSE:BDN,0.479,$3.00,
NYSE:TRTX,,,,,,4.10,$8.62,-100.00%,,,,$9.03,4.76%,-$19.62,-327.65%,-$17.87,-307.26%,TRTX,NYSE:TRTX,0.652,$10.08,
NYSE:NSP,,,,,,3.26,$48.35,-100.00%,,,,$50.82,5.11%,$0.00,-100.00%,$0.00,-100.00%,NSP,NYSE:NSP,0.358,$39.50,
NYSE:MTN,,,,,,3.88,$145.72,-100.00%,,,,$154.18,5.81%,$75.17,-48.42%,$158.02,8.44%,MTN,NYSE:MTN,0.588,$148.50,
NYSE:FLO,,,,,,4.11,$7.74,-100.00%,,,,$8.27,6.85%,$9.55,23.32%,$18.50,139.05%,FLO,NYSE:FLO,0.658,$9.00,
NYSE:BGS,,,,,,3.95,$3.51,-100.00%,,,,$3.70,5.41%,-$9.16,-360.85%,$7.53,114.67%,BGS,NYSE:BGS,0.540,$4.80,
NYSE:ENIC,,,,,,3.71,$4.31,-100.00%,,,,$4.53,5.10%,$7.28,68.88%,$10.08,133.98%,ENIC,NYSE:ENIC,0.500,$4.62,
NYSE:E,,,,,,3.86,$52.40,-100.00%,,,,$54.43,3.87%,$22.88,-56.33%,$26.77,-48.92%,E,NYSE:E,0.579,$52.88,
NYSE:UHT,,,,,,3.78,$43.83,-100.00%,,,,$45.49,3.79%,$0.00,-100.00%,$0.00,-100.00%,UHT,NYSE:UHT,0.556,$42.00,
NYSE:NEXA,,,,,,3.75,$12.87,-100.00%,,,,$14.00,8.78%,$7.92,-38.50%,$43.01,234.19%,NEXA,NYSE:NEXA,0.516,$13.88,
NYSE:DX,,,,,,4.30,$12.60,-100.00%,,,,$13.31,5.63%,$0.00,-100.00%,$0.00,-100.00%,DX,NYSE:DX,0.739,$14.75,
NYSE:SCM,,,,,,4.42,$7.01,-100.00%,,,,$7.52,7.28%,$28.16,301.70%,"$10,405,720.00",148440984.20%,SCM,NYSE:SCM,0.742,$10.25,
NASDAQ:SEVN,,,,,,4.30,$7.90,-100.00%,,,,$8.25,4.43%,-$1.99,-125.22%,-$2.70,-134.18%,SEVN,NASDAQ:SEVN,0.711,$10.25,
NASDAQ:PLTK,,,,,,3.95,$3.68,-100.00%,,,,$3.84,4.35%,-$0.23,-106.31%,$5.77,56.73%,PLTK,NASDAQ:PLTK,0.540,$5.05,
NYSE:KBDC,,,,,,3.93,$13.45,-100.00%,,,,$13.96,3.79%,$30.39,125.97%,$977.18,7165.28%,KBDC,NYSE:KBDC,0.586,$15.20,
NYSE:UPS,,,,,,3.72,$114.79,-100.00%,,,,$119.17,3.82%,$111.08,-3.23%,$161.31,40.53%,UPS,NYSE:UPS,0.520,$115.04,
NASDAQ:KRNY,,,,,,4.04,$9.40,-100.00%,,,,$9.83,4.57%,-$92.57,-1084.81%,-$91.87,-1077.36%,KRNY,NASDAQ:KRNY,0.637,$10.50,
NASDAQ:JACK,,,,,,3.81,$14.55,-100.00%,,,,$15.35,5.50%,-$74.74,-613.67%,-$63.22,-534.49%,JACK,NASDAQ:JACK,0.534,$16.12,
NYSE:PK,,,,,,4.00,$14.74,-100.00%,,,,$15.51,5.22%,$4.45,-69.84%,$6.34,-56.96%,PK,NYSE:PK,0.647,$14.59,
NYSE:BEN,,,,,,3.86,$32.49,-100.00%,,,,$33.95,4.49%,$40.21,23.75%,$10.40,-67.99%,BEN,NYSE:BEN,0.568,$34.45,
NASDAQ:WTBA,,,,,,3.25,$27.27,-100.00%,,,,$28.48,4.44%,-$155.71,-671.01%,-$151.52,-655.63%,WTBA,NASDAQ:WTBA,0.319,$26.25,
NASDAQ:REFI,,,,,,4.23,$10.17,-100.00%,,,,$10.64,4.62%,$12.40,21.95%,$30.85,203.32%,REFI,NASDAQ:REFI,0.658,$16.38,
