date,ticker,high,low,open,close,split_coefficient,volume
2026-07-27,NYSE:DD,140.03,137.44,138.73,139.96,1.0,1079389
2026-07-28,NYSE:DD,142.67,139.49,140.47,140.77,1.0,1338859
2026-07-29,NYSE:DD,141.08,136.4,141.08,138.1,1.0,1463510
2026-07-30,NYSE:DD,140.985,138.34,140.0,138.84,1.0,1689980
2026-07-31,NYSE:DD,139.395,136.58,137.95,137.0,1.0,7537197
2026-08-03,NYSE:DD,141.59,137.18,138.38,141.28,1.0,2019120
2026-08-04,NYSE:DD,143.545,130.19,130.19,142.93,1.0,3279080
2026-08-05,NYSE:DD,147.86,143.31,143.73,147.37,1.0,1533516
2026-08-06,NYSE:DD,149.42,143.33,147.8,144.05,1.0,1859575
2026-08-07,NYSE:DD,146.2,141.79,144.8,142.47,1.0,1367037
2026-08-10,NYSE:DD,142.97,140.31,142.85,141.55,1.0,1337492
2026-08-11,NYSE:DD,146.35,141.34,141.34,144.49,1.0,1189990
2026-08-12,NYSE:DD,144.95,142.1501,144.45,144.37,1.0,1422671
2026-08-13,NYSE:DD,144.84,143.025,144.31,144.1,1.0,908183
2026-08-14,NYSE:DD,146.815,143.105,143.68,146.26,1.0,1108689
2026-08-17,NYSE:DD,146.5,142.71,145.93,143.07,1.0,1567724
2026-08-18,NYSE:DD,142.32,138.5,142.32,138.81,1.0,1291985
2026-08-19,NYSE:DD,141.0,138.9,140.41,139.68,1.0,969123
2026-08-20,NYSE:DD,140.54,138.45,138.51,138.46,1.0,983508
2026-08-21,NYSE:DD,141.0,138.24,139.92,138.33,1.0,1119143
2026-08-24,NYSE:DD,139.055,135.84,138.75,136.67,1.0,1013482
2026-08-25,NYSE:DD,137.71,135.07,137.55,136.04,1.0,1347241
2026-08-26,NYSE:DD,138.22,136.01,136.61,137.98,1.0,914960
2026-08-27,NYSE:DD,139.46,137.5,137.5,138.8,1.0,860257
2026-08-28,NYSE:DD,141.0,135.83,140.0,136.98,1.0,1055518
2026-08-31,NYSE:DD,136.56,133.68,136.5,134.59,1.0,1713230
2026-09-01,NYSE:DD,134.035,131.56,133.52,132.11,1.0,982965
2026-09-02,NYSE:DD,134.42,132.38,132.89,132.93,1.0,872120
2026-09-03,NYSE:DD,134.39,130.69,134.39,131.13,1.0,1656040
2026-09-04,NYSE:DD,132.14,129.17,130.36,131.59,1.0,1684273
2026-07-27,NASDAQ:GNTX,23.1,22.525,22.99,22.92,1.0,4024045
2026-07-28,NASDAQ:GNTX,24.1,23.12,23.13,24.05,1.0,3419508
2026-07-29,NASDAQ:GNTX,24.44,23.87,24.085,23.97,1.0,3451167
2026-07-30,NASDAQ:GNTX,24.105,23.255,24.03,23.635,1.0,2251451
2026-07-31,NASDAQ:GNTX,23.67,23.105,23.59,23.36,1.0,2129080
2026-08-03,NASDAQ:GNTX,23.815,23.335,23.5,23.45,1.0,1944210
2026-08-04,NASDAQ:GNTX,24.145,23.145,23.49,24.12,1.0,2673310
2026-08-05,NASDAQ:GNTX,24.235,24.01,24.07,24.12,1.0,2189936
2026-08-06,NASDAQ:GNTX,24.205,23.505,24.15,23.54,1.0,1977448
2026-08-07,NASDAQ:GNTX,24.185,23.475,23.53,24.08,1.0,1461054
2026-08-10,NASDAQ:GNTX,24.05,23.475,23.96,23.85,1.0,2240384
2026-08-11,NASDAQ:GNTX,24.15,23.8501,23.86,23.93,1.0,1886195
2026-08-12,NASDAQ:GNTX,23.88,23.31,23.75,23.4,1.0,2083973
2026-08-13,NASDAQ:GNTX,23.775,23.11,23.35,23.7,1.0,2314941
2026-08-14,NASDAQ:GNTX,23.915,23.5,23.63,23.87,1.0,1578452
2026-08-17,NASDAQ:GNTX,23.945,23.53,23.91,23.81,1.0,2214601
2026-08-18,NASDAQ:GNTX,23.915,23.56,23.78,23.68,1.0,2255840
2026-08-19,NASDAQ:GNTX,24.15,23.495,23.83,23.64,1.0,2275480
2026-08-20,NASDAQ:GNTX,23.66,23.325,23.53,23.59,1.0,1858189
2026-08-21,NASDAQ:GNTX,24.06,23.63,23.77,23.64,1.0,2593470
2026-08-24,NASDAQ:GNTX,23.82,23.405,23.61,23.59,1.0,2779737
2026-08-25,NASDAQ:GNTX,23.865,23.43,23.7,23.65,1.0,2182147
2026-08-26,NASDAQ:GNTX,23.905,23.41,23.65,23.87,1.0,2499988
2026-08-27,NASDAQ:GNTX,23.73,23.02,23.72,23.06,1.0,3157471
2026-08-28,NASDAQ:GNTX,23.4,22.665,23.22,22.67,1.0,3597270
2026-08-31,NASDAQ:GNTX,22.88,22.32,22.78,22.37,1.0,2967204
2026-09-01,NASDAQ:GNTX,22.505,22.03,22.305,22.13,1.0,2307945
2026-09-02,NASDAQ:GNTX,22.93,22.23,22.24,22.86,1.0,2621359
2026-09-03,NASDAQ:GNTX,23.1,22.605,22.93,22.84,1.0,2318227
2026-09-04,NASDAQ:GNTX,23.255,22.78,22.79,23.14,1.0,1903762
2026-07-27,NASDAQ:VISN,11.905,11.625,11.87,11.85,1.0,4062081
2026-07-28,NASDAQ:VISN,11.84,11.46,11.73,11.82,1.0,6336224
2026-07-29,NASDAQ:VISN,11.91,11.515,11.84,11.55,1.0,4170307
2026-07-30,NASDAQ:VISN,11.866,11.575,11.79,11.71,1.0,6011404
2026-07-31,NASDAQ:VISN,11.93,11.68,11.85,11.74,1.0,6906655
2026-08-03,NASDAQ:VISN,12.08,11.61,11.77,12.05,1.0,6565267
2026-08-04,NASDAQ:VISN,12.515,12.185,12.24,12.49,1.0,7861158
2026-08-05,NASDAQ:VISN,12.525,12.2825,12.495,12.35,1.0,6453639
2026-08-06,NASDAQ:VISN,11.18,10.06,10.97,10.1,1.0,24195507
2026-08-07,NASDAQ:VISN,10.96,10.18,10.2,10.94,1.0,16667708
2026-08-10,NASDAQ:VISN,11.47,10.68,10.785,11.42,1.0,12177931
2026-08-11,NASDAQ:VISN,11.725,11.26,11.4,11.7,1.0,12840381
2026-08-12,NASDAQ:VISN,11.966,11.5,11.75,11.58,1.0,6941804
2026-08-13,NASDAQ:VISN,11.9,11.255,11.79,11.35,1.0,5802834
2026-08-14,NASDAQ:VISN,11.54,11.3,11.475,11.53,1.0,5036173
2026-08-17,NASDAQ:VISN,11.765,11.51,11.52,11.66,1.0,7060310
2026-08-18,NASDAQ:VISN,11.59,11.18,11.48,11.38,1.0,9531822
2026-08-19,NASDAQ:VISN,11.47,11.105,11.39,11.2,1.0,11998195
2026-08-20,NASDAQ:VISN,11.355,11.125,11.18,11.31,1.0,7456243
2026-08-21,NASDAQ:VISN,11.35,11.065,11.35,11.21,1.0,6465849
2026-08-24,NASDAQ:VISN,11.18,10.82,11.11,10.84,1.0,8270759
2026-08-25,NASDAQ:VISN,11.07,10.755,10.96,11.04,1.0,5755331
2026-08-26,NASDAQ:VISN,11.09,10.895,10.98,11.05,1.0,13119433
2026-08-27,NASDAQ:VISN,11.7,11.33,11.61,11.63,1.0,7603070
2026-08-28,NASDAQ:VISN,6.85,6.0003,6.8,6.06,1.0,31223654
2026-08-31,NASDAQ:VISN,6.48,6.19,6.21,6.31,1.0,18644400
2026-09-01,NASDAQ:VISN,6.32,6.07,6.21,6.22,1.0,8443292
2026-09-02,NASDAQ:VISN,6.56,6.2,6.2,6.47,1.0,10137189
2026-09-03,NASDAQ:VISN,6.505,6.32,6.39,6.37,1.0,6648351
2026-09-04,NASDAQ:VISN,6.45,6.26,6.35,6.4,1.0,6257742
2026-07-27,NYSE:STC,67.36,64.92,64.92,66.34,1.0,275272
2026-07-28,NYSE:STC,70.14,66.6375,67.04,69.5,1.0,309745
2026-07-29,NYSE:STC,70.71,68.72,68.72,70.24,1.0,283010
2026-07-30,NYSE:STC,70.49,67.68,70.34,68.17,1.0,252834
2026-07-31,NYSE:STC,68.85,67.475,67.54,67.59,1.0,241633
2026-08-03,NYSE:STC,69.76,68.14,68.14,69.04,1.0,155442
2026-08-04,NYSE:STC,69.14,68.15,68.39,68.65,1.0,146474
2026-08-05,NYSE:STC,68.93,67.78,68.89,68.08,1.0,123919
2026-08-06,NYSE:STC,69.05,67.69,69.03,68.42,1.0,410291
2026-08-07,NYSE:STC,69.44,68.015,68.87,68.19,1.0,205559
2026-08-10,NYSE:STC,67.95,65.09,67.51,65.7,1.0,121471
2026-08-11,NYSE:STC,66.46,65.23,66.01,65.48,1.0,251152
2026-08-12,NYSE:STC,66.31,65.44,65.69,65.6,1.0,185847
2026-08-13,NYSE:STC,67.96,66.01,66.01,67.69,1.0,174563
2026-08-14,NYSE:STC,68.48,67.575,68.0,68.2,1.0,139336
2026-08-17,NYSE:STC,68.29,67.58,67.66,68.07,1.0,165657
2026-08-18,NYSE:STC,68.985,67.59,68.47,68.01,1.0,136318
2026-08-19,NYSE:STC,70.0351,68.42,68.42,68.9,1.0,132793
2026-08-20,NYSE:STC,69.06,68.17,68.48,68.96,1.0,129808
2026-08-21,NYSE:STC,69.9899,68.8,69.29,69.2,1.0,214415
2026-08-24,NYSE:STC,70.71,69.49,69.49,69.93,1.0,199127
2026-08-25,NYSE:STC,70.02,68.505,70.02,69.3,1.0,142135
2026-08-26,NYSE:STC,69.99,69.11,69.55,69.9,1.0,175489
2026-08-27,NYSE:STC,70.85,68.94,69.7,69.93,1.0,117508
2026-08-28,NYSE:STC,70.85,69.85,70.33,69.91,1.0,290923
2026-08-31,NYSE:STC,70.09,68.54,69.86,68.65,1.0,143994
2026-09-01,NYSE:STC,70.48,68.15,68.6,68.61,1.0,263519
2026-09-02,NYSE:STC,69.82,68.0,69.28,68.06,1.0,344923
2026-09-03,NYSE:STC,70.81,68.87,68.87,69.63,1.0,249297
2026-09-04,NYSE:STC,69.03,66.53,68.53,67.45,1.0,229704
2026-07-27,NYSE:WIT,1.99,1.86,1.87,1.91,1.0,17777907
2026-07-28,NYSE:WIT,1.97,1.91,1.93,1.92,1.0,11335857
2026-07-29,NYSE:WIT,2.04,1.93,2.04,1.97,1.0,7058986
2026-07-30,NYSE:WIT,1.98,1.9311,1.96,1.95,1.0,5308093
2026-07-31,NYSE:WIT,2.0,1.92,1.92,1.98,1.0,5822859
2026-08-03,NYSE:WIT,2.07,2.005,2.02,2.05,1.0,9668259
2026-08-04,NYSE:WIT,2.0791,2.01,2.03,2.05,1.0,8491825
2026-08-05,NYSE:WIT,2.06,1.985,2.04,2.0,1.0,4379464
2026-08-06,NYSE:WIT,2.04,1.955,1.98,1.99,1.0,5410454
2026-08-07,NYSE:WIT,2.03,1.985,2.01,2.02,1.0,8205001
2026-08-10,NYSE:WIT,2.01,1.97,1.99,1.99,1.0,3142981
2026-08-11,NYSE:WIT,2.0,1.96,1.98,1.97,1.0,3196953
2026-08-12,NYSE:WIT,1.975,1.92,1.96,1.95,1.0,4735176
2026-08-13,NYSE:WIT,1.98,1.92,1.96,1.96,1.0,3803932
2026-08-14,NYSE:WIT,1.97,1.9311,1.97,1.94,1.0,2059356
2026-08-17,NYSE:WIT,1.945,1.9,1.93,1.91,1.0,3618175
2026-08-18,NYSE:WIT,1.93,1.89,1.89,1.91,1.0,5328389
2026-08-19,NYSE:WIT,1.97,1.9,1.9,1.95,1.0,8465216
2026-08-20,NYSE:WIT,1.96,1.89,1.94,1.91,1.0,4409470
2026-08-21,NYSE:WIT,1.9280000000000002,1.87,1.91,1.89,1.0,6190776
2026-08-24,NYSE:WIT,1.915,1.86,1.89,1.88,1.0,5637279
2026-08-25,NYSE:WIT,1.89,1.86,1.88,1.88,1.0,2407512
2026-08-26,NYSE:WIT,1.885,1.82,1.85,1.83,1.0,4667235
2026-08-27,NYSE:WIT,1.86,1.78,1.84,1.8,1.0,14679579
2026-08-28,NYSE:WIT,1.87,1.785,1.87,1.82,1.0,26074408
2026-08-31,NYSE:WIT,1.86,1.825,1.86,1.85,1.0,11502844
2026-09-01,NYSE:WIT,1.87,1.82,1.86,1.83,1.0,8575072
2026-09-02,NYSE:WIT,1.84,1.795,1.83,1.8,1.0,7375363
2026-09-03,NYSE:WIT,1.83,1.79,1.81,1.8,1.0,6340323
2026-09-04,NYSE:WIT,1.82,1.77,1.8,1.81,1.0,7804958
2026-07-27,NYSE:KEP,12.27,12.125,12.26,12.21,1.0,828883
2026-07-28,NYSE:KEP,11.78,11.53,11.65,11.64,1.0,1279236
2026-07-29,NYSE:KEP,11.63,11.33,11.5,11.38,1.0,1114251
2026-07-30,NYSE:KEP,12.115,11.61,11.67,12.11,1.0,903672
2026-07-31,NYSE:KEP,12.25,11.85,12.25,11.95,1.0,1073139
2026-08-03,NYSE:KEP,12.145,12.01,12.1,12.11,1.0,978864
2026-08-04,NYSE:KEP,12.435,12.29,12.4,12.34,1.0,1357783
2026-08-05,NYSE:KEP,12.5,12.31,12.46,12.36,1.0,856556
2026-08-06,NYSE:KEP,12.575,12.43,12.48,12.46,1.0,672613
2026-08-07,NYSE:KEP,12.68,12.395,12.6,12.49,1.0,714031
2026-08-10,NYSE:KEP,12.47,12.25,12.35,12.26,1.0,721029
2026-08-11,NYSE:KEP,12.475577000000001,12.3,12.33,12.3,1.0,613217
2026-08-12,NYSE:KEP,12.32,11.71,12.32,11.88,1.0,2306947
2026-08-13,NYSE:KEP,11.655,11.33,11.52,11.51,1.0,1554128
2026-08-14,NYSE:KEP,11.78,11.6,11.63,11.77,1.0,1000531
2026-08-17,NYSE:KEP,11.9189,11.6914,11.78,11.81,1.0,849057
2026-08-18,NYSE:KEP,11.555,11.28,11.51,11.28,1.0,1317187
2026-08-19,NYSE:KEP,11.28,11.155,11.19,11.18,1.0,1305626
2026-08-20,NYSE:KEP,11.38,11.22,11.3,11.23,1.0,722124
2026-08-21,NYSE:KEP,11.4,11.255,11.4,11.26,1.0,632120
2026-08-24,NYSE:KEP,11.36,11.225,11.28,11.31,1.0,801775
2026-08-25,NYSE:KEP,11.835,11.63,11.63,11.8,1.0,788706
2026-08-26,NYSE:KEP,12.45,12.215,12.42,12.24,1.0,1267321
2026-08-27,NYSE:KEP,12.16,11.805,12.16,11.93,1.0,992796
2026-08-28,NYSE:KEP,11.84,11.55,11.82,11.68,1.0,1090768
2026-08-31,NYSE:KEP,11.68,11.595,11.61,11.6,1.0,619061
2026-09-01,NYSE:KEP,11.78,11.6,11.67,11.66,1.0,784264
2026-09-02,NYSE:KEP,11.66,11.55,11.57,11.6,1.0,571380
2026-09-03,NYSE:KEP,12.0699,11.92,11.99,12.0,1.0,1597313
2026-07-27,NYSE:TSLX,17.29,16.9347,16.95,17.13,1.0,439087
2026-07-28,NYSE:TSLX,17.71,17.21,17.235,17.68,1.0,598411
2026-07-29,NYSE:TSLX,17.9563,17.53,17.54,17.62,1.0,486057
2026-07-30,NYSE:TSLX,17.785,17.07,17.69,17.24,1.0,465773
2026-07-31,NYSE:TSLX,17.4731,17.05,17.27,17.16,1.0,461430
2026-08-03,NYSE:TSLX,17.805,17.35,17.35,17.72,1.0,347485
2026-08-04,NYSE:TSLX,18.09,17.57,17.63,18.01,1.0,527774
2026-08-05,NYSE:TSLX,18.205,17.41,17.6,18.08,1.0,703800
2026-08-06,NYSE:TSLX,18.8,18.24,18.25,18.69,1.0,633860
2026-08-07,NYSE:TSLX,19.1351,18.68,18.83,19.1,1.0,642354
2026-08-10,NYSE:TSLX,18.92,18.61,18.86,18.8,1.0,749676
2026-08-11,NYSE:TSLX,18.875,18.6,18.72,18.76,1.0,484976
2026-08-12,NYSE:TSLX,18.84,18.57,18.64,18.8,1.0,305502
2026-08-13,NYSE:TSLX,19.2624,18.9,18.9,19.17,1.0,427935
2026-08-14,NYSE:TSLX,19.13,18.74,19.07,18.77,1.0,507161
2026-08-17,NYSE:TSLX,18.79,18.44,18.61,18.44,1.0,705519
2026-08-18,NYSE:TSLX,18.75,18.4437,18.52,18.54,1.0,365310
2026-08-19,NYSE:TSLX,18.87,18.5,18.5,18.7,1.0,334017
2026-08-20,NYSE:TSLX,18.9,18.535,18.74,18.77,1.0,559804
2026-08-21,NYSE:TSLX,18.91,18.72,18.83,18.79,1.0,222438
2026-08-24,NYSE:TSLX,18.97,18.75,18.77,18.91,1.0,301330
2026-08-25,NYSE:TSLX,19.06,18.83,18.85,18.98,1.0,854657
2026-08-26,NYSE:TSLX,19.05,18.81,18.87,18.82,1.0,226318
2026-08-27,NYSE:TSLX,18.9105,18.6428,18.85,18.75,1.0,374613
2026-08-28,NYSE:TSLX,18.96,18.73,18.75,18.74,1.0,285798
2026-08-31,NYSE:TSLX,19.0986,18.64,18.67,18.86,1.0,341177
2026-09-01,NYSE:TSLX,19.0119,18.41,18.89,18.45,1.0,503173
2026-09-02,NYSE:TSLX,18.62,18.16,18.48,18.2,1.0,369601
2026-09-03,NYSE:TSLX,18.37,17.98,18.3,18.31,1.0,236652
2026-09-04,NYSE:TSLX,18.54,18.0793,18.12,18.38,1.0,202294
2026-07-27,NASDAQ:TASK,6.135,5.58,5.64,5.8,1.0,1931015
2026-07-28,NASDAQ:TASK,6.32,5.9,5.9,6.2,1.0,436340
2026-07-29,NASDAQ:TASK,6.55,6.22,6.24,6.49,1.0,545463
2026-07-30,NASDAQ:TASK,6.5208,5.84,6.42,5.915,1.0,1720253
2026-07-31,NASDAQ:TASK,6.08,5.835,5.92,6.07,1.0,437848
2026-08-03,NASDAQ:TASK,6.46,6.135,6.22,6.36,1.0,1280337
2026-08-04,NASDAQ:TASK,6.54,6.23,6.28,6.54,1.0,648643
2026-08-05,NASDAQ:TASK,6.6,6.28,6.54,6.32,1.0,453604
2026-08-06,NASDAQ:TASK,8.225,7.02,7.04,7.82,1.0,3169669
2026-08-07,NASDAQ:TASK,7.7875,7.025,7.71,7.3,1.0,1271416
2026-08-10,NASDAQ:TASK,7.22,6.95,7.15,7.1,1.0,572747
2026-08-11,NASDAQ:TASK,7.1579999999999995,6.885,7.05,6.9,1.0,347317
2026-08-12,NASDAQ:TASK,6.925,6.57,6.84,6.92,1.0,501804
2026-08-13,NASDAQ:TASK,7.365,6.96,7.02,7.27,1.0,891241
2026-08-14,NASDAQ:TASK,7.55,7.29,7.32,7.5,1.0,630513
2026-08-17,NASDAQ:TASK,7.925,7.105,7.5,7.19,1.0,541183
2026-08-18,NASDAQ:TASK,7.51,7.165,7.22,7.38,1.0,729121
2026-08-19,NASDAQ:TASK,8.13,7.38,7.38,8.08,1.0,746580
2026-08-20,NASDAQ:TASK,8.08,7.68,7.96,7.76,1.0,425631
2026-08-21,NASDAQ:TASK,8.02,7.72,7.8,8.0,1.0,454903
2026-08-24,NASDAQ:TASK,8.04,7.815,7.99,7.83,1.0,246328
2026-08-25,NASDAQ:TASK,7.97,7.72,7.83,7.96,1.0,190710
2026-08-26,NASDAQ:TASK,7.93,7.7,7.9,7.75,1.0,247170
2026-08-27,NASDAQ:TASK,8.22,7.7704,7.78,8.21,1.0,362243
2026-08-28,NASDAQ:TASK,8.43,8.1,8.15,8.39,1.0,603829
2026-08-31,NASDAQ:TASK,8.43,8.18,8.3,8.25,1.0,482329
2026-09-01,NASDAQ:TASK,8.22,7.745,8.1,7.76,1.0,320903
2026-09-02,NASDAQ:TASK,8.125,7.78,7.78,8.06,1.0,595353
2026-09-03,NASDAQ:TASK,8.2899,7.91,8.05,8.08,1.0,327066
2026-09-04,NASDAQ:TASK,8.18,7.805,8.05,7.91,1.0,447944
2026-07-27,NYSE:AD,35.45,34.6,35.12,34.6,1.0,115150
2026-07-28,NYSE:AD,35.4799,34.72,35.03,35.0,1.0,95519
2026-07-29,NYSE:AD,35.71,34.65,34.97,35.13,1.0,124438
2026-07-30,NYSE:AD,35.5,34.605,34.86,34.98,1.0,131395
2026-07-31,NYSE:AD,34.98,34.51,34.7,34.84,1.0,114714
2026-08-03,NYSE:AD,35.69,34.82,35.03,35.0,1.0,235143
2026-08-04,NYSE:AD,35.82,34.83,35.0,35.44,1.0,169026
2026-08-05,NYSE:AD,35.31,34.64,35.01,35.2,1.0,145339
2026-08-06,NYSE:AD,36.04,35.33,35.53,35.65,1.0,164839
2026-08-07,NYSE:AD,36.76,34.9,36.76,35.24,1.0,183603
2026-08-10,NYSE:AD,35.42,35.0,35.24,35.06,1.0,143939
2026-08-11,NYSE:AD,35.43,34.8,35.32,34.85,1.0,134562
2026-08-12,NYSE:AD,35.2,34.85,34.89,35.14,1.0,104010
2026-08-13,NYSE:AD,35.8299,34.81,35.39,35.7,1.0,131023
2026-08-14,NYSE:AD,36.235,35.7,35.94,35.98,1.0,143674
2026-08-17,NYSE:AD,35.965,35.3,35.65,35.36,1.0,106977
2026-08-18,NYSE:AD,36.0,35.0,35.58,35.05,1.0,116822
2026-08-19,NYSE:AD,36.17,34.71,34.85,35.29,1.0,215002
2026-08-20,NYSE:AD,35.91,34.65,34.91,35.54,1.0,255726
2026-08-21,NYSE:AD,36.09,35.32,35.94,35.66,1.0,229516
2026-08-24,NYSE:AD,35.68,35.21,35.48,35.59,1.0,185723
2026-08-25,NYSE:AD,36.1,35.39,35.58,35.86,1.0,174970
2026-08-26,NYSE:AD,36.0,35.31,35.7,35.66,1.0,229585
2026-08-27,NYSE:AD,35.69,34.82,35.63,35.49,1.0,179733
2026-08-28,NYSE:AD,36.48,35.49,35.49,36.0,1.0,209625
2026-08-31,NYSE:AD,37.2,35.91,35.91,36.66,1.0,154590
2026-09-01,NYSE:AD,37.4199,36.23,36.65,36.92,1.0,248296
2026-09-02,NYSE:AD,38.14,36.945,37.28,37.96,1.0,352088
2026-09-03,NYSE:AD,38.97,37.86,38.13,38.73,1.0,192855
2026-09-04,NYSE:AD,38.76,38.22,38.55,38.5,1.0,266305
2026-07-27,NYSE:AIV,2.7,2.62,2.68,2.62,1.0,800808
2026-07-28,NYSE:AIV,2.65,2.6,2.64,2.61,1.0,732417
2026-07-29,NYSE:AIV,2.66,2.6,2.64,2.62,1.0,794504
2026-07-30,NYSE:AIV,2.675,2.605,2.61,2.66,1.0,665780
2026-07-31,NYSE:AIV,2.71,2.65,2.66,2.69,1.0,618043
2026-08-03,NYSE:AIV,2.735,2.69,2.69,2.69,1.0,606398
2026-08-04,NYSE:AIV,2.705,2.66,2.69,2.67,1.0,721309
2026-08-05,NYSE:AIV,2.675,2.635,2.66,2.65,1.0,815056
2026-08-06,NYSE:AIV,2.68,2.62,2.68,2.65,1.0,723040
2026-08-07,NYSE:AIV,2.69,2.64,2.65,2.66,1.0,1039822
2026-08-10,NYSE:AIV,2.665,2.59,2.65,2.62,1.0,1254674
2026-08-11,NYSE:AIV,2.67,2.59,2.64,2.59,1.0,883857
2026-08-12,NYSE:AIV,2.63,2.59,2.63,2.61,1.0,756703
2026-08-13,NYSE:AIV,2.6277,2.595,2.6,2.61,1.0,819833
2026-08-14,NYSE:AIV,2.67,2.595,2.62,2.64,1.0,710771
2026-08-17,NYSE:AIV,2.625,2.59,2.62,2.62,1.0,864145
2026-08-18,NYSE:AIV,2.645,2.615,2.62,2.62,1.0,968127
2026-08-19,NYSE:AIV,2.65,2.61,2.62,2.63,1.0,656086
2026-08-20,NYSE:AIV,2.63,2.595,2.63,2.61,1.0,772389
2026-08-21,NYSE:AIV,2.64,2.61,2.64,2.62,1.0,504749
2026-08-24,NYSE:AIV,2.64,2.59,2.62,2.6,1.0,771515
2026-08-25,NYSE:AIV,2.605,2.57,2.58,2.58,1.0,481849
2026-08-26,NYSE:AIV,2.58,2.52,2.57,2.53,1.0,2230016
2026-08-27,NYSE:AIV,2.54,2.49,2.52,2.51,1.0,1067139
2026-08-28,NYSE:AIV,2.6,2.5,2.5,2.55,1.0,1702239
2026-08-31,NYSE:AIV,2.535,2.5,2.52,2.51,1.0,4891557
2026-09-01,NYSE:AIV,2.565,2.51,2.52,2.55,1.0,1299707
2026-09-02,NYSE:AIV,2.57,2.53,2.54,2.56,1.0,608647
2026-09-03,NYSE:AIV,2.58,2.53,2.56,2.54,1.0,512040
2026-09-04,NYSE:AIV,2.59,2.52,2.52,2.56,1.0,792136
2026-07-27,NYSE:SITC,4.51,4.395,4.42,4.43,1.0,589519
2026-07-28,NYSE:SITC,4.53,4.43,4.43,4.47,1.0,520399
2026-07-29,NYSE:SITC,4.49,4.435,4.47,4.49,1.0,402614
2026-07-30,NYSE:SITC,4.5,4.265,4.49,4.33,1.0,422176
2026-07-31,NYSE:SITC,4.35,4.225,4.32,4.28,1.0,792789
2026-08-03,NYSE:SITC,3.395,3.3,3.32,3.31,1.0,1208058
2026-08-04,NYSE:SITC,3.2108,2.89,3.03,3.17,1.0,2581298
2026-08-05,NYSE:SITC,3.3,3.105,3.16,3.28,1.0,1444077
2026-08-06,NYSE:SITC,3.29,3.04,3.29,3.13,1.0,1632457
2026-08-07,NYSE:SITC,3.1899,3.1,3.12,3.15,1.0,801391
2026-08-10,NYSE:SITC,3.13,3.005,3.13,3.02,1.0,776615
2026-08-11,NYSE:SITC,3.04,2.96,3.04,2.96,1.0,1192379
2026-08-12,NYSE:SITC,3.02,2.96,2.99,2.98,1.0,779894
2026-08-13,NYSE:SITC,3.03,2.98,2.98,3.02,1.0,859669
2026-08-14,NYSE:SITC,3.03,2.95,3.0,2.96,1.0,746647
2026-08-17,NYSE:SITC,2.98,2.89,2.95,2.97,1.0,1008832
2026-08-18,NYSE:SITC,3.05,2.965,2.97,3.03,1.0,811950
2026-08-19,NYSE:SITC,3.08,3.01,3.03,3.03,1.0,681769
2026-08-20,NYSE:SITC,3.065,3.0009,3.05,3.02,1.0,569824
2026-08-21,NYSE:SITC,3.08,3.01,3.04,3.07,1.0,579676
2026-08-24,NYSE:SITC,3.11,3.02,3.08,3.07,1.0,965163
2026-08-25,NYSE:SITC,3.085,2.98,3.08,2.98,1.0,784061
2026-08-26,NYSE:SITC,3.055,2.955,2.98,3.03,1.0,952641
2026-08-27,NYSE:SITC,3.02,2.97,3.01,2.98,1.0,879856
2026-08-28,NYSE:SITC,3.045,2.945,3.03,2.99,1.0,1548453
2026-08-31,NYSE:SITC,3.005,2.93,2.99,2.95,1.0,1455847
2026-09-01,NYSE:SITC,3.02,2.9,2.95,2.9,1.0,1191644
2026-09-02,NYSE:SITC,2.99,2.9,2.9,2.93,1.0,635657
2026-09-03,NYSE:SITC,2.95,2.86,2.95,2.87,1.0,663942
2026-09-04,NYSE:SITC,2.9,2.82,2.86,2.87,1.0,647798
2026-07-27,NYSE:ELME,1.64,1.59,1.62,1.62,1.0,3077744
2026-07-28,NYSE:ELME,1.63,1.59,1.63,1.6,1.0,1762209
2026-07-29,NYSE:ELME,1.63,1.6,1.62,1.63,1.0,884350
2026-07-30,NYSE:ELME,1.63,1.6,1.63,1.62,1.0,513827
2026-07-31,NYSE:ELME,1.63,1.6,1.63,1.61,1.0,347160
2026-08-03,NYSE:ELME,1.67,1.62,1.63,1.64,1.0,739838
2026-08-04,NYSE:ELME,1.65,1.62,1.63,1.62,1.0,444849
2026-08-05,NYSE:ELME,1.64,1.615,1.63,1.64,1.0,242716
2026-08-06,NYSE:ELME,1.65,1.62,1.62,1.63,1.0,648958
2026-08-07,NYSE:ELME,1.6389,1.62,1.62,1.62,1.0,510141
2026-08-10,NYSE:ELME,1.6389,1.61,1.63,1.62,1.0,778033
2026-08-11,NYSE:ELME,1.63,1.61,1.61,1.62,1.0,343242
2026-08-12,NYSE:ELME,1.64,1.6129,1.64,1.62,1.0,274684
2026-08-13,NYSE:ELME,1.645,1.62,1.63,1.62,1.0,421427
2026-08-14,NYSE:ELME,1.64,1.62,1.64,1.62,1.0,208831
2026-08-17,NYSE:ELME,1.625,1.61,1.62,1.61,1.0,260400
2026-08-18,NYSE:ELME,1.62,1.61,1.62,1.61,1.0,175605
2026-08-19,NYSE:ELME,1.635,1.61,1.62,1.62,1.0,398517
2026-08-20,NYSE:ELME,1.63,1.61,1.61,1.62,1.0,267243
2026-08-21,NYSE:ELME,1.69,1.66,1.67,1.66,1.0,1276831
2026-08-24,NYSE:ELME,1.685,1.66,1.68,1.68,1.0,388038
2026-08-25,NYSE:ELME,1.69,1.66,1.69,1.69,1.0,758969
2026-08-26,NYSE:ELME,1.69,1.67,1.68,1.67,1.0,1216048
2026-08-27,NYSE:ELME,1.68,1.66,1.67,1.67,1.0,546459
2026-08-28,NYSE:ELME,1.68,1.66,1.66,1.68,1.0,546635
2026-08-31,NYSE:ELME,1.68,1.66,1.66,1.68,1.0,437373
2026-09-01,NYSE:ELME,1.71,1.67,1.69,1.68,1.0,922735
2026-09-02,NYSE:ELME,1.69,1.675,1.68,1.69,1.0,371673
2026-09-03,NYSE:ELME,1.69,1.675,1.69,1.68,1.0,282969
2026-09-04,NYSE:ELME,1.7,1.67,1.68,1.69,1.0,421096
2026-07-27,NYSE:PNNT,3.41,3.34,3.34,3.36,1.0,395487
2026-07-28,NYSE:PNNT,3.41,3.3418,3.36,3.38,1.0,344234
2026-07-29,NYSE:PNNT,3.44,3.345,3.35,3.37,1.0,796082
2026-07-30,NYSE:PNNT,3.39,3.25,3.38,3.33,1.0,537339
2026-07-31,NYSE:PNNT,3.38,3.28,3.32,3.29,1.0,584589
2026-08-03,NYSE:PNNT,3.42,3.33,3.33,3.41,1.0,525246
2026-08-04,NYSE:PNNT,3.535,3.39,3.39,3.52,1.0,643788
2026-08-05,NYSE:PNNT,3.5549,3.44,3.55,3.48,1.0,307041
2026-08-06,NYSE:PNNT,3.685,3.48,3.48,3.62,1.0,776027
2026-08-07,NYSE:PNNT,3.73,3.625,3.65,3.69,1.0,473673
2026-08-10,NYSE:PNNT,3.76,3.66,3.68,3.71,1.0,1160220
2026-08-11,NYSE:PNNT,3.81,3.65,3.77,3.74,1.0,959009
2026-08-12,NYSE:PNNT,3.82,3.7,3.72,3.82,1.0,573324
2026-08-13,NYSE:PNNT,3.9,3.79,3.82,3.82,1.0,716143
2026-08-14,NYSE:PNNT,3.78,3.71,3.77,3.72,1.0,341399
2026-08-17,NYSE:PNNT,3.7,3.61,3.7,3.63,1.0,499628
2026-08-18,NYSE:PNNT,3.7,3.6,3.6,3.67,1.0,245849
2026-08-19,NYSE:PNNT,3.8,3.66,3.66,3.76,1.0,479580
2026-08-20,NYSE:PNNT,3.7654,3.66,3.73,3.68,1.0,414272
2026-08-21,NYSE:PNNT,3.75,3.68,3.7,3.73,1.0,180445
2026-08-24,NYSE:PNNT,3.78,3.73,3.74,3.77,1.0,189370
2026-08-25,NYSE:PNNT,3.825,3.77,3.78,3.81,1.0,454598
2026-08-26,NYSE:PNNT,3.855,3.75,3.8,3.76,1.0,459367
2026-08-27,NYSE:PNNT,3.79,3.72,3.77,3.74,1.0,401073
2026-08-28,NYSE:PNNT,3.78,3.7,3.74,3.7,1.0,312958
2026-08-31,NYSE:PNNT,3.835,3.69,3.69,3.75,1.0,953779
2026-09-01,NYSE:PNNT,3.78,3.68,3.75,3.73,1.0,1186809
2026-09-02,NYSE:PNNT,3.7753,3.67,3.73,3.7,1.0,543022
2026-09-03,NYSE:PNNT,3.8,3.685,3.78,3.74,1.0,456223
2026-09-04,NYSE:PNNT,3.75,3.695,3.73,3.74,1.0,602987
2026-07-27,NYSE:NLOP,11.595,11.21,11.34,11.55,1.0,135567
2026-07-28,NYSE:NLOP,12.11,11.59,11.59,12.05,1.0,203207
2026-07-29,NYSE:NLOP,12.05,11.735,11.99,11.81,1.0,109491
2026-07-30,NYSE:NLOP,11.85,11.57,11.69,11.76,1.0,89681
2026-07-31,NYSE:NLOP,11.9328,11.56,11.7,11.7,1.0,88034
2026-08-03,NYSE:NLOP,12.12,11.68,11.68,12.03,1.0,127371
2026-08-04,NYSE:NLOP,12.01,11.75,11.93,11.93,1.0,136694
2026-08-05,NYSE:NLOP,11.95,11.7601,11.88,11.87,1.0,149957
2026-08-06,NYSE:NLOP,11.92,11.55,11.77,11.67,1.0,198875
2026-08-07,NYSE:NLOP,11.8,11.5,11.55,11.57,1.0,105267
2026-08-10,NYSE:NLOP,11.64,11.385,11.56,11.48,1.0,113393
2026-08-11,NYSE:NLOP,11.68,11.4801,11.53,11.5,1.0,100211
2026-08-12,NYSE:NLOP,11.6394,11.46,11.57,11.57,1.0,129987
2026-08-13,NYSE:NLOP,11.74,11.6,11.61,11.66,1.0,90106
2026-08-14,NYSE:NLOP,11.72,11.53,11.69,11.59,1.0,85865
2026-08-17,NYSE:NLOP,11.69,11.38,11.58,11.42,1.0,84538
2026-08-18,NYSE:NLOP,11.64,11.3,11.33,11.48,1.0,113719
2026-08-19,NYSE:NLOP,11.59,11.3442,11.52,11.46,1.0,69761
2026-08-20,NYSE:NLOP,11.64,11.32,11.47,11.57,1.0,71012
2026-08-21,NYSE:NLOP,11.64,11.48,11.56,11.61,1.0,63548
2026-08-24,NYSE:NLOP,11.7572,11.45,11.63,11.53,1.0,71475
2026-08-25,NYSE:NLOP,11.67,11.49,11.5,11.61,1.0,94975
2026-08-26,NYSE:NLOP,11.7199,11.48,11.57,11.53,1.0,53768
2026-08-27,NYSE:NLOP,11.63,11.45,11.49,11.51,1.0,51399
2026-08-28,NYSE:NLOP,11.58,11.46,11.58,11.51,1.0,69838
2026-08-31,NYSE:NLOP,11.6919,11.31,11.47,11.42,1.0,94503
2026-09-01,NYSE:NLOP,11.4399,11.14,11.33,11.18,1.0,125245
2026-09-02,NYSE:NLOP,11.335,11.12,11.18,11.13,1.0,107151
2026-09-03,NYSE:NLOP,11.25,10.99,11.25,11.13,1.0,108128
2026-09-04,NYSE:NLOP,11.163,10.97,11.075,10.99,1.0,84568
2026-07-27,NASDAQ:VYNE,28.56,23.37,25.5,28.56,0.02,93254
2026-07-27,NASDAQ:STRS,20.095,19.53,19.82,19.98,1.0,56138
2026-07-28,NASDAQ:STRS,20.2,19.58,20.2,19.58,1.0,32805
2026-07-29,NASDAQ:STRS,19.78,18.85,19.5,19.4,1.0,113200
2026-07-30,NASDAQ:STRS,19.7199,19.2,19.2,19.4,1.0,75107
2026-07-31,NASDAQ:STRS,19.93,19.1,19.7,19.6,1.0,216795
2026-08-03,NASDAQ:STRS,20.4,19.12,20.0,19.68,1.0,100638
2026-08-04,NASDAQ:STRS,20.13,19.54,19.825,20.1,1.0,51690
2026-08-05,NASDAQ:STRS,20.15,19.65,20.015,19.92,1.0,55149
2026-08-06,NASDAQ:STRS,20.03,19.71,19.74,19.77,1.0,21341
2026-08-07,NASDAQ:STRS,20.38,18.75,20.3005,19.32,1.0,482348
2026-07-27,NASDAQ:AMSF,30.59,29.925,30.54,30.06,1.0,333060
2026-07-28,NASDAQ:AMSF,31.055,30.31,30.63,30.61,1.0,270232
2026-07-29,NASDAQ:AMSF,30.92,29.925,30.53,30.03,1.0,268631
2026-07-30,NASDAQ:AMSF,30.455,28.94,30.29,29.35,1.0,282364
2026-07-31,NASDAQ:AMSF,29.333000000000002,28.96,29.05,29.04,1.0,372249
2026-08-03,NASDAQ:AMSF,30.36,29.3501,29.48,30.18,1.0,498609
2026-08-04,NASDAQ:AMSF,30.23,29.4501,29.79,29.78,1.0,357036
2026-08-05,NASDAQ:AMSF,30.05,29.515,29.95,29.84,1.0,295549
2026-08-06,NASDAQ:AMSF,30.27,29.5569,30.17,29.73,1.0,172558
2026-08-07,NASDAQ:AMSF,29.87,28.995,29.55,29.12,1.0,211737
2026-08-10,NASDAQ:AMSF,29.1124,28.02,28.96,28.14,1.0,375437
2026-08-11,NASDAQ:AMSF,28.34,27.94,28.13,28.02,1.0,370123
2026-08-12,NASDAQ:AMSF,28.245,27.795,28.245,27.87,1.0,299008
2026-08-13,NASDAQ:AMSF,28.41,27.09,28.15,27.2,1.0,1790943
2026-08-14,NASDAQ:AMSF,28.02,27.22,27.45,27.65,1.0,470242
2026-08-17,NASDAQ:AMSF,27.745,26.32,27.53,26.41,1.0,446534
2026-08-18,NASDAQ:AMSF,26.94,26.37,26.81,26.53,1.0,500645
2026-08-19,NASDAQ:AMSF,26.8499,26.08,26.75,26.18,1.0,486062
2026-08-20,NASDAQ:AMSF,26.54,25.66,26.13,25.7,1.0,404458
2026-08-21,NASDAQ:AMSF,26.05,25.65,25.74,26.01,1.0,399426
2026-08-24,NASDAQ:AMSF,26.7,26.0,26.19,26.415,1.0,271049
2026-08-25,NASDAQ:AMSF,26.48,26.11,26.46,26.18,1.0,281072
2026-08-26,NASDAQ:AMSF,26.44,26.06,26.35,26.29,1.0,166192
2026-08-27,NASDAQ:AMSF,26.18,25.7,26.02,26.14,1.0,203067
2026-08-28,NASDAQ:AMSF,26.67,26.14,26.14,26.25,1.0,255587
2026-08-31,NASDAQ:AMSF,26.34,25.63,26.12,26.04,1.0,444553
2026-09-01,NASDAQ:AMSF,26.295,25.76,26.04,25.94,1.0,346028
2026-09-02,NASDAQ:AMSF,26.38,25.85,25.94,26.14,1.0,296626
2026-09-03,NASDAQ:AMSF,26.5,26.04,26.3,26.31,1.0,311701
2026-09-04,NASDAQ:AMSF,26.22,25.74,25.99,25.99,1.0,364164
2026-07-27,NASDAQ:GAIN,16.32,15.995,16.0,16.28,1.0,172828
2026-07-28,NASDAQ:GAIN,16.46,16.2,16.28,16.46,1.0,178880
2026-07-29,NASDAQ:GAIN,16.54,16.12,16.46,16.13,1.0,149445
2026-07-30,NASDAQ:GAIN,16.39,16.0,16.24,16.22,1.0,150230
2026-07-31,NASDAQ:GAIN,16.395,15.98,16.31,16.15,1.0,193647
2026-08-03,NASDAQ:GAIN,16.84,16.1142,16.14,16.62,1.0,312644
2026-08-04,NASDAQ:GAIN,16.88,16.605,16.66,16.85,1.0,199563
2026-08-05,NASDAQ:GAIN,16.89,16.402,16.825,16.45,1.0,182629
2026-08-06,NASDAQ:GAIN,17.02,16.45,16.45,16.86,1.0,285086
2026-08-07,NASDAQ:GAIN,16.86,16.1,16.61,16.59,1.0,547700
2026-08-10,NASDAQ:GAIN,16.6905,16.22,16.62,16.35,1.0,183827
2026-08-11,NASDAQ:GAIN,16.65,16.28,16.29,16.46,1.0,155330
2026-08-12,NASDAQ:GAIN,16.65,16.36,16.46,16.42,1.0,152695
2026-08-13,NASDAQ:GAIN,16.65,16.38,16.43,16.53,1.0,180940
2026-08-14,NASDAQ:GAIN,16.7,16.23,16.6,16.31,1.0,218167
2026-08-17,NASDAQ:GAIN,16.38,16.15,16.34,16.34,1.0,346118
2026-08-18,NASDAQ:GAIN,16.43,16.16,16.26,16.18,1.0,207010
2026-08-19,NASDAQ:GAIN,16.53,16.2,16.22,16.27,1.0,177151
2026-08-20,NASDAQ:GAIN,16.39,16.2,16.28,16.35,1.0,130708
2026-08-21,NASDAQ:GAIN,16.49,16.2836,16.45,16.36,1.0,105254
2026-08-24,NASDAQ:GAIN,16.52,16.33,16.33,16.51,1.0,144337
2026-08-25,NASDAQ:GAIN,16.61,16.41,16.56,16.49,1.0,254065
2026-08-26,NASDAQ:GAIN,16.59,16.36,16.45,16.39,1.0,95670
2026-08-27,NASDAQ:GAIN,16.525,16.34,16.39,16.4,1.0,124272
2026-08-28,NASDAQ:GAIN,16.5962,16.41,16.46,16.43,1.0,105905
2026-08-31,NASDAQ:GAIN,16.7,16.38,16.39,16.56,1.0,224894
2026-09-01,NASDAQ:GAIN,16.64,16.35,16.55,16.37,1.0,140967
2026-09-02,NASDAQ:GAIN,16.48,16.32,16.42,16.4,1.0,111326
2026-09-03,NASDAQ:GAIN,16.53,16.23,16.46,16.38,1.0,108970
2026-09-04,NASDAQ:GAIN,16.54,16.29,16.38,16.4,1.0,138891
2026-07-27,NASDAQ:TRIN,17.518,17.31,17.4,17.41,1.0,695812
2026-07-28,NASDAQ:TRIN,17.72,17.4,17.57,17.7,1.0,835569
2026-07-29,NASDAQ:TRIN,17.77,17.54,17.66,17.57,1.0,937246
2026-07-30,NASDAQ:TRIN,17.66,17.27,17.66,17.41,1.0,1119720
2026-07-31,NASDAQ:TRIN,17.71,17.355,17.55,17.55,1.0,918918
2026-08-03,NASDAQ:TRIN,17.868,17.5,17.52,17.83,1.0,999275
2026-08-04,NASDAQ:TRIN,18.245,17.83,17.84,18.16,1.0,1314280
2026-08-05,NASDAQ:TRIN,18.0,16.935,17.55,17.24,1.0,3446742
2026-08-06,NASDAQ:TRIN,17.77,17.35,17.37,17.6,1.0,1499146
2026-08-07,NASDAQ:TRIN,18.085,17.639,17.68,18.05,1.0,1028951
2026-08-10,NASDAQ:TRIN,18.43,17.96,18.08,18.43,1.0,1191627
2026-08-11,NASDAQ:TRIN,18.4622,18.12,18.36,18.19,1.0,997155
2026-08-12,NASDAQ:TRIN,18.4,18.155,18.4,18.29,1.0,1198840
2026-08-13,NASDAQ:TRIN,18.565,18.25,18.32,18.43,1.0,1005146
2026-08-14,NASDAQ:TRIN,18.275,18.13,18.2,18.14,1.0,599184
2026-08-17,NASDAQ:TRIN,18.1057,17.835,18.0,17.92,1.0,1043673
2026-08-18,NASDAQ:TRIN,18.185,17.95,17.96,18.15,1.0,772458
2026-08-19,NASDAQ:TRIN,18.255,18.02,18.18,18.13,1.0,732418
2026-08-20,NASDAQ:TRIN,18.28,18.07,18.15,18.27,1.0,712419
2026-08-21,NASDAQ:TRIN,18.4749,18.17,18.39,18.35,1.0,568658
2026-08-24,NASDAQ:TRIN,18.745,18.27,18.35,18.61,1.0,1104487
2026-08-25,NASDAQ:TRIN,18.74,18.5142,18.66,18.7,1.0,685818
2026-08-26,NASDAQ:TRIN,18.81,18.6332,18.7,18.73,1.0,760511
2026-08-27,NASDAQ:TRIN,18.86,18.66,18.7,18.7,1.0,690096
2026-08-28,NASDAQ:TRIN,18.895,18.5,18.7,18.56,1.0,749210
2026-08-31,NASDAQ:TRIN,18.86,18.52,18.63,18.62,1.0,983460
2026-09-01,NASDAQ:TRIN,18.63,18.25,18.52,18.34,1.0,1044024
2026-09-02,NASDAQ:TRIN,18.7546,18.2661,18.33,18.43,1.0,728352
2026-09-03,NASDAQ:TRIN,18.65,18.26,18.62,18.35,1.0,932223
2026-09-04,NASDAQ:TRIN,18.3691,18.18,18.25,18.22,1.0,923746
2026-07-27,NASDAQ:CMCSA,23.29,22.355,22.425,22.8,1.0,37498119
2026-07-28,NASDAQ:CMCSA,24.26,23.23,23.25,24.19,1.0,41669513
2026-07-29,NASDAQ:CMCSA,24.875,23.84,24.155,24.61,1.0,37047730
2026-07-30,NASDAQ:CMCSA,24.085,23.355,23.85,23.67,1.0,29280467
2026-07-31,NASDAQ:CMCSA,24.145,23.28,23.44,23.96,1.0,28202430
2026-08-03,NASDAQ:CMCSA,24.895,24.39,24.43,24.56,1.0,37773947
2026-08-04,NASDAQ:CMCSA,24.97,24.33,24.4,24.93,1.0,31994567
2026-08-05,NASDAQ:CMCSA,24.93,24.335,24.915,24.75,1.0,28978332
2026-08-06,NASDAQ:CMCSA,25.2,24.76,24.99,25.17,1.0,27604574
2026-08-07,NASDAQ:CMCSA,25.5,24.94,24.99,25.36,1.0,19058887
2026-08-10,NASDAQ:CMCSA,25.235,24.775,25.16,25.2,1.0,19015012
2026-08-11,NASDAQ:CMCSA,25.68,25.04,25.04,25.65,1.0,22284152
2026-08-12,NASDAQ:CMCSA,25.63,25.07,25.54,25.47,1.0,21388491
2026-08-13,NASDAQ:CMCSA,26.26,25.6207,25.63,26.18,1.0,18079778
2026-08-14,NASDAQ:CMCSA,26.49,26.13,26.31,26.18,1.0,20010476
2026-08-17,NASDAQ:CMCSA,26.09,25.5025,25.88,25.57,1.0,21547008
2026-08-18,NASDAQ:CMCSA,26.28,25.695,25.9,26.2,1.0,26609146
2026-08-19,NASDAQ:CMCSA,27.04,26.14,26.14,26.59,1.0,23087483
2026-08-20,NASDAQ:CMCSA,26.76,26.25,26.57,26.42,1.0,18865507
2026-08-21,NASDAQ:CMCSA,26.965,26.425,26.57,26.85,1.0,20309153
2026-08-24,NASDAQ:CMCSA,27.18,26.84,26.9,27.02,1.0,16801453
2026-08-25,NASDAQ:CMCSA,27.35,26.69,26.9,27.1,1.0,22653867
2026-08-26,NASDAQ:CMCSA,27.265,26.97,27.11,27.2,1.0,13764861
2026-08-27,NASDAQ:CMCSA,27.05,26.365,26.81,26.41,1.0,20704614
2026-08-28,NASDAQ:CMCSA,27.115,26.53,26.74,27.06,1.0,20587292
2026-08-31,NASDAQ:CMCSA,26.97,26.595,26.83,26.62,1.0,23306590
2026-09-01,NASDAQ:CMCSA,26.76,26.27,26.52,26.3,1.0,19366771
2026-09-02,NASDAQ:CMCSA,27.19,26.46,26.49,26.81,1.0,18891220
2026-09-03,NASDAQ:CMCSA,27.13,26.5,26.89,26.65,1.0,21940051
2026-09-04,NASDAQ:CMCSA,26.725,26.38,26.57,26.49,1.0,17188028
2026-07-27,NYSE:DOW,29.22,28.23,28.93,28.75,1.0,13173926
2026-07-28,NYSE:DOW,29.49,28.7,29.0,28.85,1.0,12168203
2026-07-29,NYSE:DOW,30.63,29.53,29.67,30.45,1.0,13814322
2026-07-30,NYSE:DOW,30.48,29.45,30.06,30.09,1.0,9164684
2026-07-31,NYSE:DOW,30.51,29.595,29.97,30.29,1.0,9113772
2026-08-03,NYSE:DOW,30.45,29.74,30.19,29.89,1.0,9264764
2026-08-04,NYSE:DOW,30.449,28.69,29.03,30.33,1.0,9348778
2026-08-05,NYSE:DOW,30.68,29.17,30.61,29.67,1.0,10208478
2026-08-06,NYSE:DOW,30.91,29.72,30.0,30.3,1.0,9296852
2026-08-07,NYSE:DOW,29.94,29.265,29.8,29.34,1.0,9022055
2026-08-10,NYSE:DOW,30.58,29.545,29.65,30.58,1.0,7474891
2026-08-11,NYSE:DOW,31.44,30.405,30.405,31.26,1.0,7519423
2026-08-12,NYSE:DOW,31.22,30.495,31.11,30.57,1.0,6615197
2026-08-13,NYSE:DOW,30.725,30.185,30.35,30.36,1.0,6867471
2026-08-14,NYSE:DOW,31.2,30.63,30.69,31.07,1.0,7305955
2026-08-17,NYSE:DOW,31.535,30.82,31.09,31.34,1.0,6019999
2026-08-18,NYSE:DOW,31.93,31.0609,31.6,31.19,1.0,7367898
2026-08-19,NYSE:DOW,32.125,31.35,31.4,31.75,1.0,6138055
2026-08-20,NYSE:DOW,33.4,31.77,31.77,32.9,1.0,14366263
2026-08-21,NYSE:DOW,33.325,32.28,32.78,32.35,1.0,9185101
2026-08-24,NYSE:DOW,32.05,31.27,32.03,31.44,1.0,8244017
2026-08-25,NYSE:DOW,30.96,30.14,30.96,30.16,1.0,9178020
2026-08-26,NYSE:DOW,30.41,29.73,30.01,30.33,1.0,9603278
2026-08-27,NYSE:DOW,30.6,29.955,30.31,30.33,1.0,6435525
2026-08-28,NYSE:DOW,30.84,30.11,30.63,30.51,1.0,5964175
2026-08-31,NYSE:DOW,31.26,30.19,30.55,30.52,1.0,9531678
2026-09-01,NYSE:DOW,30.85,30.075,30.7,30.46,1.0,7679289
2026-09-02,NYSE:DOW,31.46,30.26,30.26,31.28,1.0,7908554
2026-09-03,NYSE:DOW,31.6898,30.33,31.55,30.36,1.0,8175431
2026-09-04,NYSE:DOW,30.45,29.1,30.1,29.44,1.0,9400064
2026-07-27,NYSE:TDS,34.7547,33.63,34.65,33.65,1.0,605093
2026-07-28,NYSE:TDS,34.07,33.64,33.8,34.0,1.0,505778
2026-07-29,NYSE:TDS,34.26,33.5,33.91,33.95,1.0,940570
2026-07-30,NYSE:TDS,34.22,33.3601,34.02,33.58,1.0,705326
2026-07-31,NYSE:TDS,33.61,32.94,33.43,33.58,1.0,716925
2026-08-03,NYSE:TDS,34.52,33.42,33.42,34.41,1.0,1252043
2026-08-04,NYSE:TDS,36.57,34.41,34.41,35.73,1.0,1912780
2026-08-05,NYSE:TDS,35.71,34.82,35.45,35.39,1.0,1635724
2026-08-06,NYSE:TDS,36.03,35.25,35.62,36.0,1.0,1999207
2026-08-07,NYSE:TDS,35.265,31.51,35.22,32.98,1.0,3333432
2026-08-10,NYSE:TDS,33.75,32.56,33.0,33.7,1.0,1508479
2026-08-11,NYSE:TDS,33.94,32.87,33.61,33.33,1.0,1003376
2026-08-12,NYSE:TDS,33.78,33.0,33.33,33.17,1.0,820028
2026-08-13,NYSE:TDS,35.205,33.335,33.43,35.04,1.0,1238779
2026-08-14,NYSE:TDS,35.405,34.53,34.53,35.21,1.0,701829
2026-08-17,NYSE:TDS,35.355,34.485,35.03,34.52,1.0,990274
2026-08-18,NYSE:TDS,34.815,33.98,34.55,34.17,1.0,572315
2026-08-19,NYSE:TDS,35.02,34.29,34.42,34.67,1.0,660107
2026-08-20,NYSE:TDS,35.39,34.25,34.275,34.71,1.0,503619
2026-08-21,NYSE:TDS,35.31,33.54,35.01,33.6,1.0,1374572
2026-08-24,NYSE:TDS,34.035,32.83,33.62,33.09,1.0,1201017
2026-08-25,NYSE:TDS,33.865,32.92,33.33,33.82,1.0,884459
2026-08-26,NYSE:TDS,34.3,33.19,33.67,33.28,1.0,704438
2026-08-27,NYSE:TDS,33.35,32.64,32.93,33.15,1.0,666346
2026-08-28,NYSE:TDS,33.72,33.205,33.41,33.65,1.0,545371
2026-08-31,NYSE:TDS,34.025,33.39,33.63,33.68,1.0,1532513
2026-09-01,NYSE:TDS,34.425,33.075,33.53,33.62,1.0,1066953
2026-09-02,NYSE:TDS,36.4299,34.12,34.12,35.87,1.0,1895233
2026-09-03,NYSE:TDS,38.04,36.26,36.27,37.82,1.0,1767151
2026-09-04,NYSE:TDS,38.22,37.47,37.78,37.83,1.0,1287162
2026-07-27,NYSE:FRO,39.29,38.06,38.297,38.59,1.0,1583694
2026-07-28,NYSE:FRO,39.49,38.6,39.1,38.78,1.0,1534010
2026-07-29,NYSE:FRO,39.58,38.305,39.15,39.13,1.0,2461132
2026-07-30,NYSE:FRO,39.17,38.16,38.91,39.1,1.0,2164675
2026-07-31,NYSE:FRO,39.7863,38.96,39.43,39.37,1.0,1624516
2026-08-03,NYSE:FRO,40.0,38.26,39.8,39.91,1.0,2286369
2026-08-04,NYSE:FRO,40.21,38.72,40.0,38.97,1.0,2052738
2026-08-05,NYSE:FRO,39.32,37.91,39.09,37.97,1.0,2258435
2026-08-06,NYSE:FRO,39.830648,38.65,38.84,39.56,1.0,1844858
2026-08-07,NYSE:FRO,40.3,38.55,39.86,39.74,1.0,1497235
2026-08-10,NYSE:FRO,39.91,38.37,39.85,38.45,1.0,1407504
2026-08-11,NYSE:FRO,38.5,37.291,38.3,38.14,1.0,1827398
2026-08-12,NYSE:FRO,39.645,38.2,38.25,39.57,1.0,2057926
2026-08-13,NYSE:FRO,41.2,39.8,39.8,40.52,1.0,2319715
2026-08-14,NYSE:FRO,41.52,40.49,40.74,41.21,1.0,1266486
2026-08-17,NYSE:FRO,42.52,41.56,41.96,42.18,1.0,1919232
2026-08-18,NYSE:FRO,43.89,41.98,42.46,43.5,1.0,2262248
2026-08-19,NYSE:FRO,45.17,43.9,44.9,44.45,1.0,2444759
2026-08-20,NYSE:FRO,44.09,43.45,43.81,43.56,1.0,1614227
2026-08-21,NYSE:FRO,45.005,43.08,43.67,43.67,1.0,1927465
2026-08-24,NYSE:FRO,44.2162,43.29,43.32,44.05,1.0,2455264
2026-08-25,NYSE:FRO,43.9,42.76,43.3,43.46,1.0,3176107
2026-08-26,NYSE:FRO,42.44,41.16,41.95,41.2,1.0,3480100
2026-08-27,NYSE:FRO,43.99,42.51,42.51,43.75,1.0,2839124
2026-08-28,NYSE:FRO,45.29,43.5701,44.4,44.19,1.0,3321389
2026-08-31,NYSE:FRO,44.875,43.42,44.85,43.78,1.0,2580214
2026-09-01,NYSE:FRO,45.16,43.86,44.39,44.32,1.0,2188490
2026-09-02,NYSE:FRO,45.585,43.94,44.17,45.42,1.0,1840815
2026-09-03,NYSE:FRO,45.95,44.73,45.61,45.42,1.0,2537247
2026-09-04,NYSE:FRO,47.04,45.68,45.86,46.12,1.0,3087058
2026-07-27,NYSE:TEN,39.22,38.19,38.21,39.17,1.0,129113
2026-07-28,NYSE:TEN,39.92,38.4,39.18,39.24,1.0,158706
2026-07-29,NYSE:TEN,39.83,38.55,39.37,39.42,1.0,147439
2026-07-30,NYSE:TEN,39.89,38.79,39.17,39.69,1.0,130544
2026-07-31,NYSE:TEN,41.0,39.53,40.15,40.12,1.0,171705
2026-08-03,NYSE:TEN,40.89,38.985,39.98,39.61,1.0,180227
2026-08-04,NYSE:TEN,39.73,38.66,39.73,38.83,1.0,218962
2026-08-05,NYSE:TEN,39.52,37.91,39.35,38.01,1.0,234366
2026-08-06,NYSE:TEN,39.47,38.52,38.52,39.06,1.0,169985
2026-08-07,NYSE:TEN,39.5,38.11,39.28,39.14,1.0,162200
2026-08-10,NYSE:TEN,39.34,38.31,39.22,38.31,1.0,186934
2026-08-11,NYSE:TEN,38.905,37.28,38.46,38.23,1.0,174971
2026-08-12,NYSE:TEN,39.35,38.19,38.19,39.31,1.0,198634
2026-08-13,NYSE:TEN,41.5,39.36,39.36,40.81,1.0,322384
2026-08-14,NYSE:TEN,42.0,40.8,40.81,41.45,1.0,246061
2026-08-17,NYSE:TEN,42.69,41.75,42.0,42.16,1.0,257611
2026-08-18,NYSE:TEN,42.22,41.55,42.22,42.03,1.0,175360
2026-08-19,NYSE:TEN,42.95,42.03,42.39,42.6,1.0,170492
2026-08-20,NYSE:TEN,42.77,41.78,42.64,42.32,1.0,140321
2026-08-21,NYSE:TEN,44.0,42.49,42.78,42.71,1.0,316384
2026-08-24,NYSE:TEN,42.82,42.18,42.38,42.63,1.0,230391
2026-08-25,NYSE:TEN,42.65,42.0,42.38,42.27,1.0,144357
2026-08-26,NYSE:TEN,41.828,40.02,41.75,40.25,1.0,329676
2026-08-27,NYSE:TEN,42.33,40.74,40.74,42.09,1.0,294180
2026-08-28,NYSE:TEN,42.93,42.0,42.135,42.52,1.0,148571
2026-08-31,NYSE:TEN,42.91,42.02,42.81,42.4,1.0,260474
2026-09-01,NYSE:TEN,43.21,42.14,42.9,42.82,1.0,193439
2026-09-02,NYSE:TEN,43.3,42.37,42.82,43.25,1.0,270798
2026-09-03,NYSE:TEN,44.0,42.83,43.5,43.28,1.0,349459
2026-09-04,NYSE:TEN,43.99,43.13,43.41,43.74,1.0,221246
2026-07-27,NASDAQ:FIBK,38.655,37.74,38.28,37.76,1.0,1599417
2026-07-28,NASDAQ:FIBK,38.42,37.76,38.0,38.09,1.0,2118138
2026-07-29,NASDAQ:FIBK,38.11,37.54,38.08,37.75,1.0,1480762
2026-07-30,NASDAQ:FIBK,38.67,37.95,38.04,38.46,1.0,1103258
2026-07-31,NASDAQ:FIBK,38.75,37.935,38.65,38.02,1.0,1015606
2026-08-03,NASDAQ:FIBK,38.62,37.8,37.8,38.57,1.0,1119475
2026-08-04,NASDAQ:FIBK,38.84,37.99,38.1,38.4,1.0,1585673
2026-08-05,NASDAQ:FIBK,38.53,38.03,38.52,38.07,1.0,1095849
2026-08-06,NASDAQ:FIBK,38.32,37.39,38.17,37.42,1.0,1120982
2026-08-07,NASDAQ:FIBK,37.77,37.17,37.32,37.53,1.0,878865
2026-08-10,NASDAQ:FIBK,37.56,37.04,37.22,37.38,1.0,943364
2026-08-11,NASDAQ:FIBK,38.13,37.405,37.63,38.02,1.0,930559
2026-08-12,NASDAQ:FIBK,38.64,37.88,38.3,38.53,1.0,975099
2026-08-13,NASDAQ:FIBK,39.09,38.69,38.81,38.84,1.0,688183
2026-08-14,NASDAQ:FIBK,39.27,38.75,38.75,39.17,1.0,884389
2026-08-17,NASDAQ:FIBK,39.455,38.89,39.03,38.89,1.0,903528
2026-08-18,NASDAQ:FIBK,39.04,38.38,38.89,38.46,1.0,894720
2026-08-19,NASDAQ:FIBK,38.485,37.69,38.46,37.84,1.0,886910
2026-08-20,NASDAQ:FIBK,37.98,37.55,37.78,37.81,1.0,837033
2026-08-21,NASDAQ:FIBK,38.33,37.45,38.25,37.49,1.0,1075571
2026-08-24,NASDAQ:FIBK,37.89,37.19,37.46,37.24,1.0,1007427
2026-08-25,NASDAQ:FIBK,37.38,36.875,37.37,37.06,1.0,749638
2026-08-26,NASDAQ:FIBK,37.42,36.92,37.2,37.2,1.0,632320
2026-08-27,NASDAQ:FIBK,37.28,36.71,36.92,37.27,1.0,596781
2026-08-28,NASDAQ:FIBK,37.615,36.98,37.27,37.04,1.0,801048
2026-08-31,NASDAQ:FIBK,37.28,36.63,37.07,36.81,1.0,792142
2026-09-01,NASDAQ:FIBK,37.2,36.16,36.68,36.315,1.0,1216083
2026-09-02,NASDAQ:FIBK,37.39,36.335,36.53,37.16,1.0,891970
2026-09-03,NASDAQ:FIBK,37.77,37.19,37.19,37.48,1.0,1066528
2026-09-04,NASDAQ:FIBK,37.94,37.45,37.51,37.85,1.0,794652
2026-07-27,NYSE:ARR,16.435,16.18,16.36,16.21,1.0,3572980
2026-07-28,NYSE:ARR,16.425,16.08,16.12,16.41,1.0,2752985
2026-07-29,NYSE:ARR,16.6,16.29,16.37,16.36,1.0,3123402
2026-07-30,NYSE:ARR,16.53,16.16,16.52,16.45,1.0,2506541
2026-07-31,NYSE:ARR,16.518,16.24,16.5,16.47,1.0,2792368
2026-08-03,NYSE:ARR,16.625,16.33,16.48,16.33,1.0,3756189
2026-08-04,NYSE:ARR,16.45,16.17,16.34,16.43,1.0,2899861
2026-08-05,NYSE:ARR,16.65,16.295,16.47,16.63,1.0,3242126
2026-08-06,NYSE:ARR,16.68,16.48,16.62,16.55,1.0,2215553
2026-08-07,NYSE:ARR,16.875,16.61,16.61,16.68,1.0,4280758
2026-08-10,NYSE:ARR,16.7,16.39,16.7,16.54,1.0,4513304
2026-08-11,NYSE:ARR,16.755,16.51,16.55,16.67,1.0,4013134
2026-08-12,NYSE:ARR,16.7994,16.615,16.7,16.64,1.0,4714341
2026-08-13,NYSE:ARR,16.79,16.6729,16.72,16.72,1.0,3985647
2026-08-14,NYSE:ARR,16.87,16.725,16.75,16.74,1.0,4427835
2026-08-17,NYSE:ARR,16.5,16.37,16.425,16.46,1.0,3607578
2026-08-18,NYSE:ARR,16.5,16.3244,16.43,16.38,1.0,2872233
2026-08-19,NYSE:ARR,16.54,16.36,16.45,16.48,1.0,3155241
2026-08-20,NYSE:ARR,16.52,16.255,16.38,16.32,1.0,2720831
2026-08-21,NYSE:ARR,16.4328,16.28,16.41,16.34,1.0,2129162
2026-08-24,NYSE:ARR,16.39,16.235,16.34,16.38,1.0,2609651
2026-08-25,NYSE:ARR,16.44,16.28,16.4,16.4,1.0,2107036
2026-08-26,NYSE:ARR,16.43,16.2,16.43,16.22,1.0,2347604
2026-08-27,NYSE:ARR,16.44,16.16,16.17,16.41,1.0,2703963
2026-08-28,NYSE:ARR,16.5251,16.295,16.47,16.32,1.0,3594635
2026-08-31,NYSE:ARR,16.375,16.125,16.31,16.22,1.0,3231962
2026-09-01,NYSE:ARR,16.2,16.065,16.13,16.12,1.0,3327594
2026-09-02,NYSE:ARR,16.19,16.06,16.18,16.15,1.0,3256839
2026-09-03,NYSE:ARR,16.28,16.01,16.24,16.13,1.0,3685792
2026-07-27,NASDAQ:ADAM,8.83,8.7,8.7,8.71,1.0,575574
2026-07-28,NASDAQ:ADAM,8.8299,8.6126,8.74,8.71,1.0,844326
2026-07-29,NASDAQ:ADAM,8.77,8.635,8.71,8.65,1.0,695545
2026-07-30,NASDAQ:ADAM,9.389,8.85,9.12,8.94,1.0,1801118
2026-07-31,NASDAQ:ADAM,9.292,8.845,9.07,9.07,1.0,1541782
2026-08-03,NASDAQ:ADAM,9.455,9.12,9.13,9.44,1.0,1455983
2026-08-04,NASDAQ:ADAM,9.585,9.36,9.44,9.51,1.0,874882
2026-08-05,NASDAQ:ADAM,9.57,9.335,9.57,9.44,1.0,647597
2026-08-06,NASDAQ:ADAM,9.59,9.39,9.47,9.52,1.0,601167
2026-08-07,NASDAQ:ADAM,9.915,9.54,9.54,9.82,1.0,781569
2026-08-10,NASDAQ:ADAM,9.82,9.58,9.81,9.79,1.0,699985
2026-08-11,NASDAQ:ADAM,10.36,9.925,9.94,10.23,1.0,1440294
2026-08-12,NASDAQ:ADAM,10.3,10.11,10.25,10.16,1.0,980175
2026-08-13,NASDAQ:ADAM,10.23,10.085,10.18,10.09,1.0,954795
2026-08-14,NASDAQ:ADAM,10.21,10.045,10.11,10.12,1.0,740381
2026-08-17,NASDAQ:ADAM,10.145,10.06,10.12,10.12,1.0,621010
2026-08-18,NASDAQ:ADAM,10.17,10.005,10.14,10.08,1.0,776004
2026-08-19,NASDAQ:ADAM,10.23,10.075,10.18,10.18,1.0,731216
2026-08-20,NASDAQ:ADAM,10.145,9.83,10.06,9.93,1.0,835515
2026-08-21,NASDAQ:ADAM,10.04,9.87,10.04,9.94,1.0,1329703
2026-08-24,NASDAQ:ADAM,9.975,9.785,9.9,9.86,1.0,705985
2026-08-25,NASDAQ:ADAM,9.95,9.75,9.92,9.84,1.0,612369
2026-08-26,NASDAQ:ADAM,9.84,9.71,9.84,9.77,1.0,486449
2026-08-27,NASDAQ:ADAM,9.915,9.74,9.77,9.84,1.0,745461
2026-08-28,NASDAQ:ADAM,9.956,9.78,9.88,9.8,1.0,834089
2026-08-31,NASDAQ:ADAM,9.85,9.65,9.85,9.74,1.0,796817
2026-09-01,NASDAQ:ADAM,9.72,9.55,9.63,9.61,1.0,536413
2026-09-02,NASDAQ:ADAM,9.655,9.57,9.61,9.61,1.0,580753
2026-09-03,NASDAQ:ADAM,9.75,9.605,9.74,9.7,1.0,587629
2026-09-04,NASDAQ:ADAM,9.81,9.64,9.66,9.75,1.0,509804
2026-07-27,NYSE:SSTK,6.0399,5.6401,5.65,5.89,1.0,1611931
2026-07-28,NYSE:SSTK,6.25,5.79,5.99,5.98,1.0,1066057
2026-07-29,NYSE:SSTK,6.2,5.63,6.0,5.7,1.0,1186898
2026-07-30,NYSE:SSTK,5.76,5.25,5.76,5.38,1.0,1247126
2026-07-31,NYSE:SSTK,5.6199,5.1721,5.36,5.4,1.0,1723565
2026-08-03,NYSE:SSTK,6.14,5.46,5.47,6.06,1.0,1559108
2026-08-04,NYSE:SSTK,6.2382,5.75,5.96,6.02,1.0,1259098
2026-08-05,NYSE:SSTK,6.65,5.81,6.24,6.24,1.0,1578374
2026-08-06,NYSE:SSTK,6.24,5.77,6.12,5.91,1.0,1161822
2026-08-07,NYSE:SSTK,6.25,5.72,5.9,5.96,1.0,1235461
2026-08-10,NYSE:SSTK,5.935,5.64,5.91,5.89,1.0,1284071
2026-08-11,NYSE:SSTK,5.9,5.32,5.9,5.41,1.0,1207914
2026-08-12,NYSE:SSTK,5.81,5.445,5.51,5.64,1.0,1035034
2026-08-13,NYSE:SSTK,5.87,5.49,5.64,5.86,1.0,1031144
2026-08-14,NYSE:SSTK,5.83,5.61,5.79,5.69,1.0,734316
2026-08-17,NYSE:SSTK,5.6799,5.24,5.58,5.41,1.0,1011138
2026-08-18,NYSE:SSTK,5.5,5.31,5.43,5.37,1.0,706626
2026-08-19,NYSE:SSTK,5.62,5.38,5.41,5.52,1.0,690914
2026-08-20,NYSE:SSTK,5.45,5.27,5.41,5.35,1.0,626035
2026-08-21,NYSE:SSTK,5.3899,5.22,5.37,5.32,1.0,1146751
2026-08-24,NYSE:SSTK,5.485,5.27,5.32,5.36,1.0,638721
2026-08-25,NYSE:SSTK,5.56,5.26,5.39,5.54,1.0,849992
2026-08-26,NYSE:SSTK,5.55,5.26,5.53,5.54,1.0,741423
2026-08-27,NYSE:SSTK,5.54,5.4,5.54,5.49,1.0,820366
2026-08-28,NYSE:SSTK,5.995,5.49,5.49,5.97,1.0,1192386
2026-08-31,NYSE:SSTK,5.85,5.54,5.83,5.54,1.0,1719312
2026-09-01,NYSE:SSTK,5.8,5.45,5.64,5.75,1.0,1224403
2026-09-02,NYSE:SSTK,5.85,5.62,5.7,5.75,1.0,747183
2026-09-03,NYSE:SSTK,6.1,5.745,5.79,5.77,1.0,581307
2026-09-04,NYSE:SSTK,5.805,5.59,5.72,5.74,1.0,886694
2026-07-27,NYSE:CPA,140.96,136.29,139.71,138.43,1.0,434879
2026-07-28,NYSE:CPA,140.64,136.37,138.44,140.01,1.0,390660
2026-07-29,NYSE:CPA,140.32,135.79,136.95,136.28,1.0,307672
2026-07-30,NYSE:CPA,142.47,138.0101,138.89,142.23,1.0,419874
2026-07-31,NYSE:CPA,143.5,140.9,143.5,141.22,1.0,166431
2026-08-03,NYSE:CPA,146.52,143.3,144.0,146.06,1.0,222708
2026-08-04,NYSE:CPA,150.42,146.5585,148.98,146.65,1.0,243514
2026-08-05,NYSE:CPA,152.67,145.945,147.22,150.78,1.0,425727
2026-08-06,NYSE:CPA,145.79,138.37,142.495,142.05,1.0,558785
2026-08-07,NYSE:CPA,143.935,139.865,143.1,142.13,1.0,265786
2026-08-10,NYSE:CPA,140.835,136.28,140.31,136.69,1.0,273587
2026-08-11,NYSE:CPA,138.015,134.46,137.01,134.5,1.0,239513
2026-08-12,NYSE:CPA,138.33,135.175,137.02,135.86,1.0,269368
2026-08-13,NYSE:CPA,138.0,135.53,138.0,136.37,1.0,138330
2026-08-14,NYSE:CPA,137.83,134.78,136.54,135.87,1.0,223732
2026-08-17,NYSE:CPA,136.05,133.3675,135.18,133.79,1.0,183565
2026-08-18,NYSE:CPA,133.01,129.215,132.5,129.46,1.0,287995
2026-08-19,NYSE:CPA,130.435,128.8,130.0,129.78,1.0,499604
2026-08-20,NYSE:CPA,128.93,127.28,127.96,128.29,1.0,250622
2026-08-21,NYSE:CPA,130.83,128.29,129.97,129.95,1.0,202278
2026-08-24,NYSE:CPA,132.75,129.7,130.0,131.5,1.0,292860
2026-08-25,NYSE:CPA,134.74,130.5,134.69,133.47,1.0,244327
2026-08-26,NYSE:CPA,135.955,132.285,134.41,132.47,1.0,177833
2026-08-27,NYSE:CPA,132.73,130.785,131.56,131.28,1.0,233182
2026-08-28,NYSE:CPA,133.9,129.17,132.21,129.5,1.0,257720
2026-08-31,NYSE:CPA,127.38,124.74,127.0,126.45,1.0,304657
2026-09-01,NYSE:CPA,127.02,124.56,124.65,125.49,1.0,264928
2026-09-02,NYSE:CPA,129.455,125.0,127.94,128.88,1.0,145132
2026-09-03,NYSE:CPA,130.97,128.24,129.75,129.41,1.0,115025
2026-09-04,NYSE:CPA,132.35,130.485,130.77,132.17,1.0,212348
2026-07-27,NYSE:HDB,23.375,23.105,23.28,23.22,1.0,13591946
2026-07-28,NYSE:HDB,23.97,23.27,23.3,23.58,1.0,12721407
2026-07-29,NYSE:HDB,24.055,23.5,23.5,24.03,1.0,11634511
2026-07-30,NYSE:HDB,24.395,23.995,24.34,24.14,1.0,5396851
2026-07-31,NYSE:HDB,24.04,23.8,23.93,23.93,1.0,7161544
2026-08-03,NYSE:HDB,24.38,23.92,24.16,24.1,1.0,4697871
2026-08-04,NYSE:HDB,23.99,23.65,23.65,23.89,1.0,5476955
2026-08-05,NYSE:HDB,23.915,23.67,23.89,23.85,1.0,8861590
2026-08-06,NYSE:HDB,23.95,23.68,23.84,23.77,1.0,14363903
2026-08-07,NYSE:HDB,23.72,23.44,23.51,23.63,1.0,4637518
2026-08-10,NYSE:HDB,23.57,23.345,23.41,23.45,1.0,3313116
2026-08-11,NYSE:HDB,23.715,23.285,23.55,23.29,1.0,5125401
2026-08-12,NYSE:HDB,23.365,23.03,23.32,23.11,1.0,10306587
2026-08-13,NYSE:HDB,23.29,23.08,23.13,23.1,1.0,5042266
2026-08-14,NYSE:HDB,23.41,23.15,23.15,23.37,1.0,5401053
2026-08-17,NYSE:HDB,23.31,23.035,23.24,23.15,1.0,5931380
2026-08-18,NYSE:HDB,23.2217,22.96,23.0,23.17,1.0,7468381
2026-08-19,NYSE:HDB,23.41,22.95,23.08,23.16,1.0,7946067
2026-08-20,NYSE:HDB,23.44,23.13,23.23,23.34,1.0,8223341
2026-08-21,NYSE:HDB,23.7,23.49,23.5,23.6,1.0,7525527
2026-08-24,NYSE:HDB,23.68,23.1,23.35,23.54,1.0,7599205
2026-08-25,NYSE:HDB,23.745,23.27,23.53,23.63,1.0,12416650
2026-08-26,NYSE:HDB,23.57,23.16,23.52,23.17,1.0,18071803
2026-08-27,NYSE:HDB,23.085,22.45,23.04,22.46,1.0,12378923
2026-08-28,NYSE:HDB,23.15,22.78,22.82,23.08,1.0,21841666
2026-08-31,NYSE:HDB,22.7999,22.3,22.56,22.7,1.0,11395675
2026-09-01,NYSE:HDB,23.0,22.65,22.66,22.95,1.0,13077800
2026-09-02,NYSE:HDB,23.22,22.73,22.79,23.21,1.0,11156578
2026-09-03,NYSE:HDB,23.46,23.075,23.36,23.28,1.0,12137407
2026-09-04,NYSE:HDB,23.4,23.13,23.25,23.18,1.0,7267147
2026-07-27,NYSE:DX,12.79,12.64,12.64,12.64,1.0,5081438
2026-07-28,NYSE:DX,12.925,12.6,12.64,12.91,1.0,6244844
2026-07-29,NYSE:DX,12.94,12.79,12.86,12.83,1.0,4972426
2026-07-30,NYSE:DX,12.89,12.64,12.89,12.82,1.0,5029549
2026-07-31,NYSE:DX,12.85,12.595,12.85,12.71,1.0,4392268
2026-08-03,NYSE:DX,12.865,12.67,12.75,12.71,1.0,5098612
2026-08-04,NYSE:DX,12.78,12.61,12.72,12.76,1.0,7640682
2026-08-05,NYSE:DX,12.86,12.62,12.81,12.85,1.0,4701401
2026-08-06,NYSE:DX,12.98,12.785,12.87,12.81,1.0,5647954
2026-08-07,NYSE:DX,13.05,12.85,12.88,12.95,1.0,5136973
2026-08-10,NYSE:DX,12.9,12.67,12.9,12.78,1.0,5340413
2026-08-11,NYSE:DX,12.96,12.74,12.79,12.93,1.0,3550303
2026-08-12,NYSE:DX,13.0899,12.95,12.99,12.97,1.0,5167408
2026-08-13,NYSE:DX,13.0689,13.0,13.05,13.02,1.0,4297382
2026-08-14,NYSE:DX,13.14,13.02,13.02,13.06,1.0,2973092
2026-08-17,NYSE:DX,13.12,13.019,13.09,13.07,1.0,4823852
2026-08-18,NYSE:DX,13.19,13.025,13.08,13.18,1.0,5242299
2026-08-19,NYSE:DX,13.4,13.235,13.25,13.33,1.0,7018683
2026-08-20,NYSE:DX,13.38,13.18,13.29,13.25,1.0,5616130
2026-08-21,NYSE:DX,13.1835,12.995,13.15,13.03,1.0,4667592
2026-08-24,NYSE:DX,13.1,12.94,13.03,13.05,1.0,5397417
2026-08-25,NYSE:DX,13.09,12.93,13.06,13.01,1.0,4281995
2026-08-26,NYSE:DX,13.02,12.87,13.02,12.88,1.0,3022543
2026-08-27,NYSE:DX,12.94,12.82,12.84,12.9,1.0,3593137
2026-08-28,NYSE:DX,12.98,12.87,12.95,12.91,1.0,3080043
2026-08-31,NYSE:DX,13.02,12.83,12.87,12.89,1.0,4977329
2026-09-01,NYSE:DX,12.88,12.71,12.84,12.74,1.0,4884066
2026-09-02,NYSE:DX,12.78,12.71,12.74,12.75,1.0,4919221
2026-09-03,NYSE:DX,12.88,12.73,12.85,12.83,1.0,4085587
2026-09-04,NYSE:DX,12.96,12.74,12.78,12.9,1.0,2855588
2026-07-27,NYSE:TU,10.485,10.27,10.3,10.4,1.0,6224114
2026-07-28,NYSE:TU,10.74,10.48,10.5,10.69,1.0,6978925
2026-07-29,NYSE:TU,11.14,10.675,10.68,11.13,1.0,13778110
2026-07-30,NYSE:TU,11.1,10.71,11.1,10.77,1.0,11587285
2026-07-31,NYSE:TU,10.05,9.22,10.05,9.56,1.0,32791252
2026-08-03,NYSE:TU,9.63,9.28,9.41,9.59,1.0,8452251
2026-08-04,NYSE:TU,9.54,9.2,9.32,9.53,1.0,20171425
2026-08-05,NYSE:TU,9.825,9.42,9.53,9.8,1.0,12597456
2026-08-06,NYSE:TU,10.04,9.73,9.82,9.81,1.0,12715128
2026-08-07,NYSE:TU,9.97,9.7,9.88,9.72,1.0,7071135
2026-08-10,NYSE:TU,9.675,9.425,9.62,9.59,1.0,9801563
2026-08-11,NYSE:TU,9.75,9.58,9.59,9.64,1.0,5232218
2026-08-12,NYSE:TU,9.625,9.44,9.6,9.52,1.0,5603081
2026-08-13,NYSE:TU,9.72,9.475,9.54,9.68,1.0,7731206
2026-08-14,NYSE:TU,9.78,9.68,9.71,9.76,1.0,5801302
2026-08-17,NYSE:TU,9.83,9.64,9.71,9.69,1.0,3787592
2026-08-18,NYSE:TU,9.81,9.66,9.74,9.67,1.0,4712203
2026-08-19,NYSE:TU,10.05,9.68,9.69,10.03,1.0,5817886
2026-08-20,NYSE:TU,10.105,9.87,10.02,10.02,1.0,6053013
2026-08-21,NYSE:TU,10.1,9.88,10.04,9.9,1.0,5843784
2026-08-24,NYSE:TU,9.9,9.8,9.87,9.83,1.0,3798687
2026-08-25,NYSE:TU,9.86,9.72,9.76,9.83,1.0,4118409
2026-08-26,NYSE:TU,9.8,9.64,9.76,9.7,1.0,5415927
2026-08-27,NYSE:TU,9.87,9.62,9.67,9.76,1.0,5659282
2026-08-28,NYSE:TU,9.85,9.51,9.77,9.67,1.0,6150874
2026-08-31,NYSE:TU,9.785,9.64,9.73,9.68,1.0,5429771
2026-09-01,NYSE:TU,9.74,9.59,9.66,9.65,1.0,5321280
2026-09-02,NYSE:TU,9.77,9.55,9.68,9.57,1.0,4587381
2026-09-03,NYSE:TU,9.78,9.62,9.68,9.74,1.0,6288007
2026-09-04,NYSE:TU,9.73,9.62,9.72,9.67,1.0,3336784
2026-07-27,NASDAQ:CGBD,10.335,10.1,10.1,10.21,1.0,516928
2026-07-28,NASDAQ:CGBD,10.355,10.18,10.355,10.34,1.0,474076
2026-07-29,NASDAQ:CGBD,10.375,10.16,10.345,10.19,1.0,304825
2026-07-30,NASDAQ:CGBD,10.25,9.99,10.2,10.1,1.0,460302
2026-07-31,NASDAQ:CGBD,10.345,9.945,10.345,9.99,1.0,566903
2026-08-03,NASDAQ:CGBD,10.31,10.01,10.01,10.26,1.0,327226
2026-08-04,NASDAQ:CGBD,10.55,10.29,10.29,10.49,1.0,523474
2026-08-05,NASDAQ:CGBD,10.48,10.2027,10.48,10.28,1.0,499630
2026-08-06,NASDAQ:CGBD,10.69,10.32,10.32,10.66,1.0,500852
2026-08-07,NASDAQ:CGBD,11.1,10.65,10.66,11.02,1.0,842383
2026-08-10,NASDAQ:CGBD,11.22,10.88,11.0,11.14,1.0,1019262
2026-08-11,NASDAQ:CGBD,11.33,11.07,11.15,11.17,1.0,712280
2026-08-12,NASDAQ:CGBD,11.24,10.9439,11.17,11.1,1.0,432869
2026-08-13,NASDAQ:CGBD,11.5,11.12,11.12,11.37,1.0,832447
2026-08-14,NASDAQ:CGBD,11.46,11.32,11.36,11.35,1.0,583220
2026-08-17,NASDAQ:CGBD,11.355,11.185,11.28,11.26,1.0,702232
2026-08-18,NASDAQ:CGBD,11.25,11.12,11.22,11.21,1.0,385930
2026-08-19,NASDAQ:CGBD,11.39,11.22,11.23,11.33,1.0,596953
2026-08-20,NASDAQ:CGBD,11.4,11.23,11.32,11.33,1.0,574570
2026-08-21,NASDAQ:CGBD,11.46,11.27,11.44,11.35,1.0,380279
2026-08-24,NASDAQ:CGBD,11.475,11.22,11.3,11.45,1.0,297915
2026-08-25,NASDAQ:CGBD,11.48,11.33,11.48,11.41,1.0,355567
2026-08-26,NASDAQ:CGBD,11.44,11.245,11.41,11.33,1.0,214194
2026-08-27,NASDAQ:CGBD,11.675,11.35,11.37,11.66,1.0,1576066
2026-08-28,NASDAQ:CGBD,11.91,11.6,11.6,11.78,1.0,668441
2026-08-31,NASDAQ:CGBD,12.1,11.75,11.78,11.98,1.0,719934
2026-09-01,NASDAQ:CGBD,11.95,11.55,11.91,11.55,1.0,583762
2026-09-02,NASDAQ:CGBD,11.735,11.5,11.59,11.56,1.0,348808
2026-09-03,NASDAQ:CGBD,11.6948,11.425,11.58,11.57,1.0,357744
2026-09-04,NASDAQ:CGBD,11.845,11.5,11.52,11.69,1.0,350661
2026-07-27,NYSE:SCM,7.32,7.05,7.1,7.06,1.0,195617
2026-07-28,NYSE:SCM,7.34,7.05,7.05,7.28,1.0,133589
2026-07-29,NYSE:SCM,7.3,7.05,7.22,7.09,1.0,241185
2026-07-30,NYSE:SCM,7.48,7.1,7.1,7.46,1.0,279547
2026-07-31,NYSE:SCM,7.51,7.25,7.31,7.5,1.0,255057
2026-08-03,NYSE:SCM,7.91,7.46,7.47,7.78,1.0,388547
2026-08-04,NYSE:SCM,8.09,7.72,7.72,8.05,1.0,382133
2026-08-05,NYSE:SCM,8.15,7.85,8.1,8.08,1.0,254280
2026-08-06,NYSE:SCM,8.5,8.08,8.11,8.46,1.0,405079
2026-08-07,NYSE:SCM,8.6285,8.3187,8.49,8.41,1.0,309514
2026-08-10,NYSE:SCM,8.5,8.2401,8.41,8.47,1.0,152401
2026-08-11,NYSE:SCM,8.97,8.5,8.5,8.8,1.0,285894
2026-08-12,NYSE:SCM,8.7991,8.51,8.74,8.76,1.0,162619
2026-08-13,NYSE:SCM,8.95,8.71,8.86,8.91,1.0,161228
2026-08-14,NYSE:SCM,8.84,8.64,8.84,8.78,1.0,191187
2026-08-17,NYSE:SCM,8.78,8.52,8.73,8.58,1.0,145519
2026-08-18,NYSE:SCM,8.69,8.53,8.58,8.58,1.0,98769
2026-08-19,NYSE:SCM,8.75,8.59,8.61,8.73,1.0,119926
2026-08-20,NYSE:SCM,8.74,8.58,8.68,8.64,1.0,70838
2026-08-21,NYSE:SCM,8.69,8.5906,8.66,8.65,1.0,42198
2026-08-24,NYSE:SCM,8.8,8.65,8.69,8.79,1.0,81243
2026-08-25,NYSE:SCM,8.83,8.62,8.75,8.66,1.0,114718
2026-08-26,NYSE:SCM,8.745,8.62,8.65,8.64,1.0,70099
2026-08-27,NYSE:SCM,8.76,8.5972,8.67,8.66,1.0,81765
2026-08-28,NYSE:SCM,8.82,8.635,8.69,8.73,1.0,141010
2026-08-31,NYSE:SCM,8.86,8.59,8.6,8.66,1.0,264108
2026-09-01,NYSE:SCM,8.8131,8.6,8.6,8.72,1.0,186077
2026-09-02,NYSE:SCM,8.8617,8.7,8.72,8.74,1.0,177022
2026-09-03,NYSE:SCM,8.87,8.66,8.8,8.7,1.0,148714
2026-09-04,NYSE:SCM,8.86,8.54,8.69,8.78,1.0,423854
2026-07-27,NASDAQ:STNE,11.035,10.82,10.85,10.89,1.0,2399438
2026-07-28,NASDAQ:STNE,11.22,10.76,10.94,11.16,1.0,3100579
2026-07-29,NASDAQ:STNE,11.175,10.8,11.0,10.96,1.0,4088950
2026-07-30,NASDAQ:STNE,11.47,10.815,11.06,11.43,1.0,2942063
2026-07-31,NASDAQ:STNE,11.395,10.97,11.33,11.375,1.0,3776745
2026-08-03,NASDAQ:STNE,11.5499,11.2,11.45,11.35,1.0,2818534
2026-08-04,NASDAQ:STNE,11.4514,11.12,11.4,11.23,1.0,2255442
2026-08-05,NASDAQ:STNE,11.47,11.14,11.395,11.17,1.0,3151067
2026-08-06,NASDAQ:STNE,11.195,10.975,11.16,11.08,1.0,2895008
2026-08-07,NASDAQ:STNE,11.12,10.555,11.12,10.6,1.0,3435162
2026-08-10,NASDAQ:STNE,10.63,10.35,10.61,10.37,1.0,2520072
2026-08-11,NASDAQ:STNE,10.39,9.95,10.37,9.96,1.0,3993942
2026-08-12,NASDAQ:STNE,10.02,9.785,9.95,10.0,1.0,5055556
2026-08-13,NASDAQ:STNE,10.33,9.94,10.09,10.23,1.0,7921629
2026-08-14,NASDAQ:STNE,9.98,9.38,9.89,9.55,1.0,11366249
2026-08-17,NASDAQ:STNE,9.74,9.18,9.63,9.27,1.0,7882479
2026-08-18,NASDAQ:STNE,9.31,9.08,9.26,9.12,1.0,5688041
2026-08-19,NASDAQ:STNE,9.54,9.21,9.26,9.47,1.0,6682110
2026-08-20,NASDAQ:STNE,9.5,9.15,9.45,9.16,1.0,4540465
2026-08-21,NASDAQ:STNE,9.495,9.185,9.23,9.36,1.0,3897088
2026-08-24,NASDAQ:STNE,9.825,9.1998,9.28,9.55,1.0,4937291
2026-08-25,NASDAQ:STNE,9.82,9.36,9.55,9.78,1.0,4509970
2026-08-26,NASDAQ:STNE,9.99,9.71,9.78,9.72,1.0,4567311
2026-08-27,NASDAQ:STNE,9.845,9.5,9.7,9.56,1.0,3990221
2026-08-28,NASDAQ:STNE,9.72,9.33,9.51,9.705,1.0,4291647
2026-08-31,NASDAQ:STNE,9.84,9.525,9.75,9.7,1.0,33439285
2026-09-01,NASDAQ:STNE,9.9,9.53,9.61,9.66,1.0,4676801
2026-09-02,NASDAQ:STNE,10.43,9.67,9.68,10.37,1.0,7269448
2026-09-03,NASDAQ:STNE,10.8,10.22,10.725,10.32,1.0,6521465
2026-09-04,NASDAQ:STNE,10.31,10.005,10.12,10.11,1.0,3610463
2026-07-27,NASDAQ:PAA,24.55,24.25,24.35,24.29,1.0,2342476
2026-07-28,NASDAQ:PAA,24.67,24.175,24.42,24.43,1.0,1916489
2026-07-29,NASDAQ:PAA,25.03,24.66,24.77,24.89,1.0,2885125
2026-07-30,NASDAQ:PAA,24.96,24.7174,24.825,24.82,1.0,2503418
2026-07-31,NASDAQ:PAA,24.62,24.13,24.33,24.57,1.0,3223471
2026-08-03,NASDAQ:PAA,24.4,24.02,24.305,24.2,1.0,2709370
2026-08-04,NASDAQ:PAA,23.9974,23.36,23.97,23.55,1.0,4410954
2026-08-05,NASDAQ:PAA,23.6,23.08,23.6,23.17,1.0,3086230
2026-08-06,NASDAQ:PAA,23.6,23.3,23.3,23.52,1.0,2539514
2026-08-07,NASDAQ:PAA,23.34,22.725,23.2,22.81,1.0,4416745
2026-08-10,NASDAQ:PAA,23.32,22.85,22.98,23.26,1.0,4323612
2026-08-11,NASDAQ:PAA,23.36,23.055,23.11,23.15,1.0,1622941
2026-08-12,NASDAQ:PAA,23.305,22.97,23.2,23.24,1.0,1523274
2026-08-13,NASDAQ:PAA,23.61,23.1543,23.21,23.45,1.0,1908536
2026-08-14,NASDAQ:PAA,23.95,23.44,23.67,23.9,1.0,1893359
2026-08-17,NASDAQ:PAA,23.94,23.6855,23.81,23.75,1.0,2020027
2026-08-18,NASDAQ:PAA,24.2855,23.93,23.98,24.19,1.0,2807155
2026-08-19,NASDAQ:PAA,24.33,23.79,24.33,23.99,1.0,2737415
2026-08-20,NASDAQ:PAA,24.67,24.18,24.26,24.59,1.0,2603583
2026-08-21,NASDAQ:PAA,24.96,24.565,24.66,24.61,1.0,2882163
2026-08-24,NASDAQ:PAA,25.1,24.45,24.55,24.96,1.0,2303668
2026-08-25,NASDAQ:PAA,25.035,24.64,24.8,24.7,1.0,2631219
2026-08-26,NASDAQ:PAA,25.645,24.64,24.7,25.63,1.0,2763286
2026-08-27,NASDAQ:PAA,25.745,25.26,25.64,25.51,1.0,2364128
2026-08-28,NASDAQ:PAA,25.69,25.43,25.5,25.48,1.0,1443715
2026-08-31,NASDAQ:PAA,25.69,25.39,25.53,25.65,1.0,2710348
2026-09-01,NASDAQ:PAA,25.89,25.675,25.75,25.86,1.0,2294610
2026-09-02,NASDAQ:PAA,25.97,25.44,25.87,25.72,1.0,2869967
2026-09-03,NASDAQ:PAA,25.79,25.49,25.77,25.525,1.0,3161515
2026-09-04,NASDAQ:PAA,25.75,25.17,25.52,25.7,1.0,1824619
2026-07-27,NASDAQ:PAGP,26.3,25.94,26.0,26.09,1.0,1379423
2026-07-28,NASDAQ:PAGP,26.5,26.05,26.32,26.27,1.0,975553
2026-07-29,NASDAQ:PAGP,26.775,26.35,26.35,26.66,1.0,1989275
2026-07-30,NASDAQ:PAGP,26.6763,26.52,26.66,26.585,1.0,3104459
2026-07-31,NASDAQ:PAGP,26.38,25.865,26.18,26.33,1.0,1931952
2026-08-03,NASDAQ:PAGP,26.18,25.85,26.02,26.0,1.0,1481919
2026-08-04,NASDAQ:PAGP,25.74,25.225,25.66,25.45,1.0,2832660
2026-08-05,NASDAQ:PAGP,25.58,25.03,25.58,25.08,1.0,1314305
2026-08-06,NASDAQ:PAGP,25.56,25.23,25.55,25.38,1.0,1430738
2026-08-07,NASDAQ:PAGP,25.16,24.665,25.16,24.74,1.0,1950932
2026-08-10,NASDAQ:PAGP,25.225,24.83,24.835,25.15,1.0,1214474
2026-08-11,NASDAQ:PAGP,25.32,25.0,25.18,25.11,1.0,899397
2026-08-12,NASDAQ:PAGP,25.3,24.92,24.92,25.15,1.0,878112
2026-08-13,NASDAQ:PAGP,25.68,25.1,25.14,25.49,1.0,2312180
2026-08-14,NASDAQ:PAGP,25.88,25.475,25.58,25.84,1.0,1934866
2026-08-17,NASDAQ:PAGP,25.975,25.685,25.85,25.79,1.0,1618942
2026-08-18,NASDAQ:PAGP,26.36,25.98,25.98,26.3,1.0,1640615
2026-08-19,NASDAQ:PAGP,26.38,25.85,26.27,26.095,1.0,1691322
2026-08-20,NASDAQ:PAGP,26.85,26.2651,26.41,26.8,1.0,1429395
2026-08-21,NASDAQ:PAGP,27.17,26.8,26.87,26.84,1.0,2373704
2026-08-24,NASDAQ:PAGP,27.395,26.6736,26.72,27.27,1.0,1472436
2026-08-25,NASDAQ:PAGP,27.48,27.09,27.09,27.16,1.0,1247880
2026-08-26,NASDAQ:PAGP,28.15,27.0,27.11,28.13,1.0,1830792
2026-08-27,NASDAQ:PAGP,28.28,27.81,28.0,28.03,1.0,1835087
2026-08-28,NASDAQ:PAGP,28.23,27.945,28.08,27.97,1.0,1866557
2026-08-31,NASDAQ:PAGP,28.33,27.96,28.32,28.22,1.0,1953670
2026-09-01,NASDAQ:PAGP,28.7,28.3,28.7,28.47,1.0,1524279
2026-09-02,NASDAQ:PAGP,28.52,28.02,28.26,28.35,1.0,1441668
2026-09-03,NASDAQ:PAGP,28.4499,27.665,28.42,27.68,1.0,3073280
2026-09-04,NASDAQ:PAGP,27.915,27.38,27.64,27.89,1.0,1212250
2026-07-27,NASDAQ:BLMN,8.615,8.0,8.01,8.54,1.0,2097937
2026-07-28,NASDAQ:BLMN,8.8,8.54,8.55,8.6,1.0,1513151
2026-07-29,NASDAQ:BLMN,8.96,8.62,8.63,8.81,1.0,1294322
2026-07-30,NASDAQ:BLMN,8.94,8.565,8.94,8.86,1.0,1177767
2026-07-31,NASDAQ:BLMN,8.855,8.465,8.81,8.66,1.0,1652133
2026-08-03,NASDAQ:BLMN,9.215,8.64,8.72,9.04,1.0,2016576
2026-08-04,NASDAQ:BLMN,9.13,8.775,9.005,8.92,1.0,1953546
2026-08-05,NASDAQ:BLMN,12.63,11.4,12.12,11.85,1.0,10745258
2026-08-06,NASDAQ:BLMN,12.15,10.665,12.15,10.88,1.0,4080409
2026-08-07,NASDAQ:BLMN,11.15,10.68,10.73,10.95,1.0,2011531
2026-08-10,NASDAQ:BLMN,11.37,10.89,10.89,11.02,1.0,1952190
2026-08-11,NASDAQ:BLMN,11.27,10.82,10.87,11.12,1.0,1363576
2026-08-12,NASDAQ:BLMN,11.425,10.94,11.24,11.39,1.0,1567642
2026-08-13,NASDAQ:BLMN,11.635,10.755,11.41,10.79,1.0,1558385
2026-08-14,NASDAQ:BLMN,10.94,10.43,10.84,10.55,1.0,1521459
2026-08-17,NASDAQ:BLMN,10.81,10.235,10.42,10.69,1.0,1720738
2026-08-18,NASDAQ:BLMN,10.93,10.5,10.67,10.66,1.0,1528708
2026-08-19,NASDAQ:BLMN,11.015,10.505,10.6,10.61,1.0,1409739
2026-08-20,NASDAQ:BLMN,10.5369,10.135,10.45,10.48,1.0,1469953
2026-08-21,NASDAQ:BLMN,11.655,10.56,10.61,11.63,1.0,1851203
2026-08-24,NASDAQ:BLMN,11.75,11.36,11.63,11.44,1.0,2517067
2026-08-25,NASDAQ:BLMN,11.56,10.74,11.44,11.04,1.0,1725079
2026-08-26,NASDAQ:BLMN,11.365,10.78,11.1,11.15,1.0,1855153
2026-08-27,NASDAQ:BLMN,11.215,10.42,11.2,10.44,1.0,2007942
2026-08-28,NASDAQ:BLMN,10.72,10.44,10.54,10.58,1.0,1337348
2026-08-31,NASDAQ:BLMN,10.765,10.225,10.62,10.3,1.0,2065021
2026-09-01,NASDAQ:BLMN,10.32,9.6924,10.17,9.74,1.0,2041244
2026-09-02,NASDAQ:BLMN,10.09,9.8,9.87,9.93,1.0,2203843
2026-09-03,NASDAQ:BLMN,10.1,9.6,10.05,9.73,1.0,1563702
2026-09-04,NASDAQ:BLMN,10.0,9.63,9.68,9.79,1.0,1233687
2026-07-27,NASDAQ:ESEA,77.96,75.0,76.99,76.11,1.0,40372
2026-07-28,NASDAQ:ESEA,77.34,75.19,76.05,76.21,1.0,49795
2026-07-29,NASDAQ:ESEA,77.585,74.42,76.84,75.99,1.0,53357
2026-07-30,NASDAQ:ESEA,79.48,76.3455,76.94,79.39,1.0,25964
2026-07-31,NASDAQ:ESEA,79.12,76.56,78.92,78.94,1.0,36383
2026-08-03,NASDAQ:ESEA,79.67,76.91,79.0,78.39,1.0,50709
2026-08-04,NASDAQ:ESEA,78.94,75.745,78.94,77.45,1.0,45741
2026-08-05,NASDAQ:ESEA,78.488,74.74,77.91,75.57,1.0,79117
2026-08-06,NASDAQ:ESEA,77.98899999999999,76.13,76.13,76.89,1.0,21256
2026-08-07,NASDAQ:ESEA,77.36,74.7001,77.36,75.29,1.0,28430
2026-08-10,NASDAQ:ESEA,75.72,73.183,74.81,74.84,1.0,30904
2026-08-11,NASDAQ:ESEA,74.84,71.07,74.84,72.02,1.0,63923
2026-08-12,NASDAQ:ESEA,74.57,72.45,72.69,74.48,1.0,34132
2026-08-13,NASDAQ:ESEA,76.725,72.47,74.48,73.59,1.0,68510
2026-08-14,NASDAQ:ESEA,75.725,72.0,74.34,73.8,1.0,72587
2026-08-17,NASDAQ:ESEA,79.25,75.02,75.02,77.17,1.0,60757
2026-08-18,NASDAQ:ESEA,77.11,72.47,77.11,72.82,1.0,40507
2026-08-19,NASDAQ:ESEA,74.99,73.17,73.48,74.55,1.0,31822
2026-08-20,NASDAQ:ESEA,76.0768,74.55,74.55,75.02,1.0,15988
2026-08-21,NASDAQ:ESEA,77.08,74.75,74.85,75.03,1.0,43038
2026-08-24,NASDAQ:ESEA,77.255,74.291,75.03,76.79,1.0,38824
2026-08-25,NASDAQ:ESEA,77.965,75.74,76.72,77.0,1.0,32332
2026-08-26,NASDAQ:ESEA,78.4662,73.9,76.59,74.43,1.0,34614
2026-08-27,NASDAQ:ESEA,77.0088,74.57,74.57,76.44,1.0,23762
2026-08-28,NASDAQ:ESEA,77.0,76.18,76.47,76.63,1.0,20638
2026-08-31,NASDAQ:ESEA,77.43,75.915,76.86,76.83,1.0,36460
2026-09-01,NASDAQ:ESEA,79.5,76.73,77.32,76.73,1.0,46780
2026-09-02,NASDAQ:ESEA,77.46,76.0881,77.38,77.1,1.0,34113
2026-09-03,NASDAQ:ESEA,77.45,76.53,76.77,76.935,1.0,30271
2026-09-04,NASDAQ:ESEA,78.09,76.08,76.82,76.35,1.0,26851
2026-07-27,NYSE:STLA,5.7095,5.58,5.63,5.7,1.0,23819251
2026-07-28,NYSE:STLA,5.8399,5.64,5.69,5.76,1.0,30405104
2026-07-29,NYSE:STLA,6.13,5.92,5.95,6.01,1.0,34507744
2026-07-30,NYSE:STLA,5.885,5.575,5.7,5.86,1.0,42068430
2026-07-31,NYSE:STLA,5.9,5.68,5.85,5.76,1.0,34126926
2026-08-03,NYSE:STLA,5.94,5.59,5.9,5.65,1.0,23772094
2026-08-04,NYSE:STLA,5.87,5.64,5.66,5.86,1.0,23778235
2026-08-05,NYSE:STLA,5.76,5.61,5.75,5.63,1.0,18713328
2026-08-06,NYSE:STLA,5.65,5.54,5.61,5.55,1.0,13548493
2026-08-07,NYSE:STLA,5.5895,5.4132,5.455,5.52,1.0,30783681
2026-08-10,NYSE:STLA,5.65,5.49,5.545,5.58,1.0,18656233
2026-08-11,NYSE:STLA,5.55,5.44,5.51,5.45,1.0,15448489
2026-08-12,NYSE:STLA,5.45,5.31,5.45,5.35,1.0,16350221
2026-08-13,NYSE:STLA,5.49,5.3,5.47,5.37,1.0,13779254
2026-08-14,NYSE:STLA,5.425,5.33,5.36,5.36,1.0,10332359
2026-08-17,NYSE:STLA,5.291,5.1,5.29,5.12,1.0,24878984
2026-08-18,NYSE:STLA,5.2,5.05,5.16,5.05,1.0,14148544
2026-08-19,NYSE:STLA,5.47,5.274,5.29,5.43,1.0,32579728
2026-08-20,NYSE:STLA,5.2991,5.11,5.16,5.26,1.0,25567757
2026-08-21,NYSE:STLA,5.46,5.3368,5.34,5.41,1.0,23181800
2026-08-24,NYSE:STLA,5.3,5.14,5.26,5.22,1.0,25920251
2026-08-25,NYSE:STLA,5.29,5.12,5.13,5.26,1.0,22396909
2026-08-26,NYSE:STLA,5.29,5.14,5.27,5.15,1.0,19740211
2026-08-27,NYSE:STLA,5.35,5.24,5.27,5.28,1.0,16409682
2026-08-28,NYSE:STLA,5.4899,5.37,5.47,5.42,1.0,23915119
2026-08-31,NYSE:STLA,5.57,5.47,5.475,5.49,1.0,17380702
2026-09-01,NYSE:STLA,5.41,5.31,5.38,5.35,1.0,19568486
2026-09-02,NYSE:STLA,5.33,5.21,5.27,5.27,1.0,20620105
2026-09-03,NYSE:STLA,5.52,5.31,5.35,5.49,1.0,18728884
2026-09-04,NYSE:STLA,5.57,5.51,5.55,5.56,1.0,16230650
2026-07-27,NYSE:PFE,24.875,24.4417,24.57,24.67,1.0,38355183
2026-07-28,NYSE:PFE,25.5,24.94,24.97,25.25,1.0,49942743
2026-07-29,NYSE:PFE,25.37,25.061,25.35,25.15,1.0,30394967
2026-07-30,NYSE:PFE,24.975,24.55,24.835,24.91,1.0,44954469
2026-07-31,NYSE:PFE,25.18,24.67,24.82,25.01,1.0,45080173
2026-08-03,NYSE:PFE,25.39,24.865,25.15,25.03,1.0,40645813
2026-08-04,NYSE:PFE,25.64,24.7,25.04,25.41,1.0,62189547
2026-08-05,NYSE:PFE,25.81,25.3,25.5,25.81,1.0,47058338
2026-08-06,NYSE:PFE,26.2,25.81,26.01,26.2,1.0,51074467
2026-08-07,NYSE:PFE,26.76,26.0503,26.22,26.76,1.0,42744071
2026-08-10,NYSE:PFE,27.19,26.52,26.585,27.05,1.0,49786755
2026-08-11,NYSE:PFE,27.2,26.47,26.94,26.62,1.0,37943593
2026-08-12,NYSE:PFE,26.435,26.18,26.385,26.31,1.0,32591426
2026-08-13,NYSE:PFE,26.95,26.41,26.49,26.8,1.0,35355834
2026-08-14,NYSE:PFE,26.915,26.42,26.66,26.79,1.0,23174152
2026-08-17,NYSE:PFE,27.02,26.55,26.76,26.87,1.0,29261200
2026-08-18,NYSE:PFE,27.395,27.1,27.15,27.25,1.0,34660086
2026-08-19,NYSE:PFE,28.435,27.58,27.6,28.24,1.0,59804172
2026-08-20,NYSE:PFE,28.16,27.645,28.0,27.79,1.0,29297031
2026-08-21,NYSE:PFE,28.425,27.655,27.77,28.07,1.0,37109565
2026-08-24,NYSE:PFE,28.1561,27.81,28.1,27.97,1.0,23845604
2026-08-25,NYSE:PFE,28.58,27.84,27.915,28.57,1.0,31915704
2026-08-26,NYSE:PFE,28.5,28.145,28.44,28.3,1.0,35069969
2026-08-27,NYSE:PFE,28.18,27.83,27.97,28.02,1.0,31174426
2026-08-28,NYSE:PFE,28.02,27.77,28.0,27.96,1.0,27183853
2026-08-31,NYSE:PFE,28.7,27.64,27.85,28.46,1.0,45930349
2026-09-01,NYSE:PFE,29.09,28.465,28.818,28.55,1.0,42493395
2026-09-02,NYSE:PFE,29.09,28.705,28.79,29.02,1.0,39277907
2026-09-03,NYSE:PFE,29.21,28.44,29.09,28.81,1.0,26724290
2026-09-04,NYSE:PFE,28.69,28.38,28.58,28.45,1.0,23393896
2026-07-27,NASDAQ:ACGL,104.795,101.925,103.37,103.88,1.0,1874603
2026-07-28,NASDAQ:ACGL,107.085,104.553,105.19,106.48,1.0,2062374
2026-07-29,NASDAQ:ACGL,105.66,101.36,102.01,104.55,1.0,2885698
2026-07-30,NASDAQ:ACGL,103.705,99.14,103.43,101.14,1.0,2149809
2026-07-31,NASDAQ:ACGL,101.39,99.8,100.35,100.53,1.0,1744067
2026-08-03,NASDAQ:ACGL,101.96,100.0,101.12,101.12,1.0,1596164
2026-08-04,NASDAQ:ACGL,100.21,98.9387,100.09,99.52,1.0,1948988
2026-08-05,NASDAQ:ACGL,100.01,98.31,99.92,99.09,1.0,1726536
2026-08-06,NASDAQ:ACGL,100.39,98.5809,100.39,99.29,1.0,1194460
2026-08-07,NASDAQ:ACGL,99.33,97.43,98.77,98.48,1.0,1125174
2026-08-10,NASDAQ:ACGL,98.5,97.12,97.895,98.245,1.0,1264679
2026-08-11,NASDAQ:ACGL,98.82,97.66,98.02,98.26,1.0,2550571
2026-08-12,NASDAQ:ACGL,99.075,96.95,97.39,97.29,1.0,1644831
2026-08-13,NASDAQ:ACGL,98.86,97.16,98.03,98.03,1.0,1084692
2026-08-14,NASDAQ:ACGL,98.8799,97.8087,98.09,98.71,1.0,1000275
2026-08-17,NASDAQ:ACGL,99.73,97.74,98.36,97.81,1.0,1738728
2026-08-18,NASDAQ:ACGL,100.575,98.76,99.37,98.91,1.0,1730649
2026-08-19,NASDAQ:ACGL,100.355,98.3,99.06,98.53,1.0,1477284
2026-08-20,NASDAQ:ACGL,99.85,98.0,98.51,99.31,1.0,1672909
2026-08-21,NASDAQ:ACGL,100.23,99.29,99.7,99.39,1.0,1413821
2026-08-24,NASDAQ:ACGL,101.58,99.53,100.0,101.14,1.0,1202533
2026-08-25,NASDAQ:ACGL,101.27,100.145,101.14,100.56,1.0,1062644
2026-08-26,NASDAQ:ACGL,101.49,100.48,100.6,100.72,1.0,1333104
2026-08-27,NASDAQ:ACGL,100.095,98.42,99.74,98.76,1.0,1862813
2026-08-28,NASDAQ:ACGL,99.825,98.08,99.3,98.84,1.0,3990833
2026-08-31,NASDAQ:ACGL,98.93,97.89,98.56,98.07,1.0,3796928
2026-09-01,NASDAQ:ACGL,99.555,98.0,98.73,98.61,1.0,1914385
2026-09-02,NASDAQ:ACGL,100.0,97.87,99.34,98.21,1.0,3983424
2026-09-03,NASDAQ:ACGL,100.51,98.915,99.0,99.83,1.0,7682371
2026-09-04,NASDAQ:ACGL,99.79,97.86,98.9,98.1,1.0,1980108
2026-07-27,NYSE:NAT,6.48,6.18,6.31,6.46,1.0,3302601
2026-07-28,NYSE:NAT,6.55,6.365,6.44,6.39,1.0,3175664
2026-07-29,NYSE:NAT,6.505,6.3,6.48,6.41,1.0,4483632
2026-07-30,NYSE:NAT,6.69,6.35,6.45,6.66,1.0,4846064
2026-07-31,NYSE:NAT,6.73,6.48,6.69,6.53,1.0,3034449
2026-08-03,NYSE:NAT,6.562,6.32,6.49,6.43,1.0,3058991
2026-08-04,NYSE:NAT,6.49,6.21,6.41,6.26,1.0,2767715
2026-08-05,NYSE:NAT,6.34,6.12,6.28,6.13,1.0,2468629
2026-08-06,NYSE:NAT,6.47,6.22,6.27,6.4,1.0,2850795
2026-08-07,NYSE:NAT,6.53,6.29,6.42,6.46,1.0,2090253
2026-08-10,NYSE:NAT,6.58,6.28,6.48,6.28,1.0,2159248
2026-08-11,NYSE:NAT,6.29,6.02,6.29,6.17,1.0,2714963
2026-08-12,NYSE:NAT,6.455,6.1901,6.21,6.44,1.0,2353238
2026-08-13,NYSE:NAT,6.68,6.45,6.46,6.61,1.0,2295195
2026-08-14,NYSE:NAT,6.82,6.64,6.65,6.71,1.0,2251871
2026-08-17,NYSE:NAT,6.85,6.68,6.75,6.82,1.0,2178951
2026-08-18,NYSE:NAT,6.94,6.765,6.84,6.93,1.0,2330566
2026-08-19,NYSE:NAT,7.1,6.945,7.0,7.02,1.0,2612951
2026-08-20,NYSE:NAT,7.075,6.9,6.99,6.99,1.0,2179573
2026-08-21,NYSE:NAT,7.195,6.93,7.04,6.97,1.0,3912787
2026-08-24,NYSE:NAT,7.085,6.91,6.91,7.0,1.0,3444510
2026-08-25,NYSE:NAT,6.98,6.81,6.95,6.9,1.0,1926566
2026-08-26,NYSE:NAT,6.76,6.41,6.71,6.52,1.0,4434744
2026-08-27,NYSE:NAT,7.0,6.46,6.55,6.76,1.0,7539466
2026-08-28,NYSE:NAT,6.985,6.69,6.9,6.77,1.0,4643141
2026-08-31,NYSE:NAT,6.9195,6.67,6.88,6.83,1.0,4372929
2026-09-01,NYSE:NAT,6.975,6.76,6.86,6.91,1.0,4880516
2026-09-02,NYSE:NAT,7.11,6.86,6.93,7.07,1.0,4824770
2026-09-03,NYSE:NAT,7.1995,6.995,7.13,7.1,1.0,3988698
2026-09-04,NYSE:NAT,7.345,7.0675,7.12,7.24,1.0,3974284
2026-07-27,NASDAQ:MIDD,137.68,133.54,134.69,136.0,1.0,461015
2026-07-28,NASDAQ:MIDD,138.74,134.05,136.15,135.09,1.0,547444
2026-07-29,NASDAQ:MIDD,135.19,130.525,133.64,133.02,1.0,461030
2026-07-30,NASDAQ:MIDD,135.64,131.56,135.02,133.32,1.0,393167
2026-07-31,NASDAQ:MIDD,134.15,131.2701,133.66,133.58,1.0,294837
2026-08-03,NASDAQ:MIDD,137.27,133.85,134.33,135.81,1.0,327897
2026-08-04,NASDAQ:MIDD,138.93,135.14,136.8,138.78,1.0,560502
2026-08-05,NASDAQ:MIDD,138.035,133.895,137.3,135.34,1.0,463074
2026-08-06,NASDAQ:MIDD,135.8299,132.11,135.34,133.28,1.0,496683
2026-08-07,NASDAQ:MIDD,135.16,133.0301,133.73,134.5,1.0,467113
2026-08-10,NASDAQ:MIDD,134.365,129.4,134.08,130.3,1.0,516585
2026-08-11,NASDAQ:MIDD,126.64,119.225,124.09,119.99,1.0,1330960
2026-08-12,NASDAQ:MIDD,120.095,115.8,118.69,118.95,1.0,1280875
2026-08-13,NASDAQ:MIDD,120.155,116.22,118.62,117.02,1.0,658918
2026-08-14,NASDAQ:MIDD,118.08,114.84,116.38,117.91,1.0,871856
2026-08-17,NASDAQ:MIDD,118.5917,114.28,116.86,114.88,1.0,1009495
2026-08-18,NASDAQ:MIDD,116.785,113.8,114.15,114.0,1.0,577917
2026-08-19,NASDAQ:MIDD,115.06,111.955,114.86,112.43,1.0,850303
2026-08-20,NASDAQ:MIDD,112.72,110.98,110.98,112.52,1.0,531452
2026-08-21,NASDAQ:MIDD,115.66,112.195,113.315,115.48,1.0,515514
2026-08-24,NASDAQ:MIDD,116.685,113.97,115.47,115.22,1.0,532816
2026-08-25,NASDAQ:MIDD,116.57,112.985,115.98,113.97,1.0,378113
2026-08-26,NASDAQ:MIDD,116.31,113.26,113.97,115.44,1.0,419723
2026-08-27,NASDAQ:MIDD,115.19,113.38,114.75,113.61,1.0,454251
2026-08-28,NASDAQ:MIDD,115.29,112.07,114.34,112.75,1.0,350492
2026-08-31,NASDAQ:MIDD,113.285,110.33,112.33,110.84,1.0,375270
2026-09-01,NASDAQ:MIDD,113.5,109.68,110.75,111.6,1.0,677519
2026-09-02,NASDAQ:MIDD,114.235,111.86,112.22,112.44,1.0,508854
2026-09-03,NASDAQ:MIDD,113.62,111.325,113.62,112.4,1.0,368282
2026-07-27,NASDAQ:SWBI,14.98,14.68,14.68,14.89,1.0,450510
2026-07-28,NASDAQ:SWBI,15.14,14.65,14.91,14.68,1.0,388566
2026-07-29,NASDAQ:SWBI,14.81,14.41,14.68,14.5,1.0,391732
2026-07-30,NASDAQ:SWBI,15.14,14.57,14.72,14.95,1.0,452191
2026-07-31,NASDAQ:SWBI,15.02,14.4338,15.01,14.55,1.0,364265
2026-08-03,NASDAQ:SWBI,14.87,14.54,14.61,14.76,1.0,440690
2026-08-04,NASDAQ:SWBI,15.005,14.72,14.88,14.97,1.0,396685
2026-08-05,NASDAQ:SWBI,14.97,14.69,14.95,14.71,1.0,379413
2026-08-06,NASDAQ:SWBI,14.86,14.412,14.82,14.55,1.0,343676
2026-08-07,NASDAQ:SWBI,14.585,14.21,14.56,14.25,1.0,344448
2026-08-10,NASDAQ:SWBI,14.25,14.0977,14.2,14.21,1.0,368538
2026-08-11,NASDAQ:SWBI,14.42,14.14,14.21,14.22,1.0,451933
2026-08-12,NASDAQ:SWBI,14.35,14.08,14.31,14.19,1.0,475576
2026-08-13,NASDAQ:SWBI,14.405,14.09,14.19,14.34,1.0,404923
2026-08-14,NASDAQ:SWBI,14.42,14.17,14.31,14.33,1.0,289348
2026-08-17,NASDAQ:SWBI,14.37,14.12,14.25,14.15,1.0,326857
2026-08-18,NASDAQ:SWBI,14.2,14.022,14.12,14.17,1.0,401309
2026-08-19,NASDAQ:SWBI,14.27,14.06,14.27,14.12,1.0,428111
2026-08-20,NASDAQ:SWBI,14.075,13.87,14.01,13.91,1.0,676927
2026-08-21,NASDAQ:SWBI,14.11,13.9,13.99,14.1,1.0,925528
2026-08-24,NASDAQ:SWBI,14.13,13.635,14.04,13.65,1.0,596039
2026-08-25,NASDAQ:SWBI,13.805,13.47,13.65,13.51,1.0,444637
2026-08-26,NASDAQ:SWBI,13.51,13.335,13.47,13.37,1.0,362563
2026-08-27,NASDAQ:SWBI,13.32,12.87,13.25,13.07,1.0,532089
2026-08-28,NASDAQ:SWBI,13.18,12.73,13.0,12.78,1.0,532063
2026-08-31,NASDAQ:SWBI,12.86,12.63,12.8,12.72,1.0,608917
2026-09-01,NASDAQ:SWBI,12.81,12.55,12.7,12.77,1.0,457275
2026-09-02,NASDAQ:SWBI,12.9899,12.7,12.78,12.78,1.0,453525
2026-09-03,NASDAQ:SWBI,12.825,12.0945,12.78,12.27,1.0,1358241
2026-09-04,NASDAQ:SWBI,14.12,12.12,14.12,12.89,1.0,1702927
2026-07-27,NYSE:OLP,25.45,24.965,25.45,25.25,1.0,88895
2026-07-28,NYSE:OLP,25.6073,25.02,25.52,25.09,1.0,76582
2026-07-29,NYSE:OLP,25.25,24.83,25.25,24.85,1.0,88295
2026-07-30,NYSE:OLP,25.06,24.0,24.96,24.37,1.0,70667
2026-07-31,NYSE:OLP,24.55,24.0,24.3,24.31,1.0,78893
2026-08-03,NYSE:OLP,24.9399,24.175,24.58,24.34,1.0,175812
2026-08-04,NYSE:OLP,24.6,24.0,24.27,24.6,1.0,109612
2026-08-05,NYSE:OLP,24.52,23.8,24.4,23.82,1.0,158879
2026-08-06,NYSE:OLP,24.3,23.83,24.15,24.16,1.0,93961
2026-08-07,NYSE:OLP,24.38,23.98,24.06,24.16,1.0,76978
2026-08-10,NYSE:OLP,24.24,23.28,24.24,23.47,1.0,100842
2026-08-11,NYSE:OLP,23.84,23.35,23.44,23.59,1.0,96585
2026-08-12,NYSE:OLP,24.02,23.66,23.66,23.95,1.0,72119
2026-08-13,NYSE:OLP,24.66,24.09,24.09,24.62,1.0,92981
2026-08-14,NYSE:OLP,24.66,24.14,24.6,24.23,1.0,86111
2026-08-17,NYSE:OLP,24.28,23.81,24.15,24.25,1.0,86000
2026-08-18,NYSE:OLP,24.58,24.01,24.41,24.1,1.0,50681
2026-08-19,NYSE:OLP,24.6,24.09,24.09,24.42,1.0,58153
2026-08-20,NYSE:OLP,24.47,24.0701,24.23,24.41,1.0,42166
2026-08-21,NYSE:OLP,24.45,24.15,24.36,24.17,1.0,37841
2026-08-24,NYSE:OLP,24.605,24.25,24.33,24.53,1.0,58181
2026-08-25,NYSE:OLP,24.6638,24.33,24.63,24.57,1.0,29066
2026-08-26,NYSE:OLP,24.75,24.17,24.59,24.18,1.0,63535
2026-08-27,NYSE:OLP,24.23,23.9,24.15,24.13,1.0,74684
2026-08-28,NYSE:OLP,24.6838,24.11,24.21,24.16,1.0,38663
2026-08-31,NYSE:OLP,24.15,23.79,24.07,23.93,1.0,110551
2026-09-01,NYSE:OLP,24.1833,23.8,24.15,23.86,1.0,64649
2026-09-02,NYSE:OLP,24.08,23.715,23.98,23.84,1.0,78995
2026-09-03,NYSE:OLP,24.15,23.73,24.05,23.74,1.0,42675
2026-09-04,NYSE:OLP,24.19,23.74,23.76,23.92,1.0,41895
2026-07-27,NYSE:EPD,38.68,38.07,38.68,38.12,1.0,4144811
2026-07-28,NYSE:EPD,39.25,38.33,38.4,38.63,1.0,4663483
2026-07-29,NYSE:EPD,39.28,38.43,39.2,38.67,1.0,3585155
2026-07-30,NYSE:EPD,39.25,37.95,39.22,38.12,1.0,6431465
2026-07-31,NYSE:EPD,38.14,37.22,37.57,38.05,1.0,3828243
2026-08-03,NYSE:EPD,38.1,37.3869,37.47,37.87,1.0,2840796
2026-08-04,NYSE:EPD,38.255,37.44,37.7,38.12,1.0,4108252
2026-08-05,NYSE:EPD,38.07,37.415,38.0,37.72,1.0,3043746
2026-08-06,NYSE:EPD,38.15,37.67,38.1,38.05,1.0,2321447
2026-08-07,NYSE:EPD,38.185,37.75,37.81,37.75,1.0,2492875
2026-08-10,NYSE:EPD,38.19,37.76,37.76,37.99,1.0,3301996
2026-08-11,NYSE:EPD,38.16,37.68,37.77,37.86,1.0,2812351
2026-08-12,NYSE:EPD,38.12,37.75,37.75,37.92,1.0,2417617
2026-08-13,NYSE:EPD,38.18,37.76,37.76,38.02,1.0,2358018
2026-08-14,NYSE:EPD,38.9,38.11,38.23,38.9,1.0,7378972
2026-08-17,NYSE:EPD,39.01,38.23,38.85,38.61,1.0,2815628
2026-08-18,NYSE:EPD,39.1,38.51,38.88,38.64,1.0,2418447
2026-08-19,NYSE:EPD,38.7471,38.04,38.58,38.12,1.0,3391332
2026-08-20,NYSE:EPD,38.6,38.085,38.34,38.43,1.0,2333178
2026-08-21,NYSE:EPD,38.59,37.955,38.3,38.01,1.0,3051457
2026-08-24,NYSE:EPD,38.53,37.97,38.01,38.36,1.0,2638066
2026-08-25,NYSE:EPD,38.49,38.06,38.16,38.27,1.0,2360617
2026-08-26,NYSE:EPD,39.16,38.25,38.27,39.14,1.0,2586499
2026-08-27,NYSE:EPD,39.23,38.7846,39.0,39.05,1.0,2088289
2026-08-28,NYSE:EPD,39.2,38.85,39.0,39.02,1.0,1049002
2026-08-31,NYSE:EPD,39.226,38.79,39.02,38.82,1.0,3818164
2026-09-01,NYSE:EPD,39.41,39.09,39.21,39.28,1.0,2295422
2026-09-02,NYSE:EPD,39.5279,38.99,39.28,39.36,1.0,1989207
2026-09-03,NYSE:EPD,39.58,39.17,39.36,39.17,1.0,2198664
2026-09-04,NYSE:EPD,39.15,38.78,39.04,38.94,1.0,1597393
2026-07-27,NYSE:ORI,43.42,42.2,42.5,43.07,1.0,1703828
2026-07-28,NYSE:ORI,44.42,43.36,43.48,44.41,1.0,1406209
2026-07-29,NYSE:ORI,44.65,43.75,44.25,44.59,1.0,1280904
2026-07-30,NYSE:ORI,44.4,42.782,44.4,43.38,1.0,1309648
2026-07-31,NYSE:ORI,43.44,42.755,43.01,43.21,1.0,1563957
2026-08-03,NYSE:ORI,43.915,43.01,43.3,43.33,1.0,1492622
2026-08-04,NYSE:ORI,43.57,42.5,42.81,43.42,1.0,1290738
2026-08-05,NYSE:ORI,43.78,43.15,43.69,43.52,1.0,1232493
2026-08-06,NYSE:ORI,43.99,43.075,43.75,43.45,1.0,1032535
2026-08-07,NYSE:ORI,43.37,42.935,43.31,43.03,1.0,848804
2026-08-10,NYSE:ORI,43.05,42.11,42.81,42.47,1.0,1101065
2026-08-11,NYSE:ORI,42.71,42.05,42.2,42.43,1.0,1009083
2026-08-12,NYSE:ORI,42.72,42.07,42.08,42.47,1.0,973022
2026-08-13,NYSE:ORI,42.96,42.42,42.7,42.76,1.0,960213
2026-08-14,NYSE:ORI,42.925,42.585,42.77,42.85,1.0,746268
2026-08-17,NYSE:ORI,43.14,42.43,42.67,42.51,1.0,885241
2026-08-18,NYSE:ORI,43.12,42.37,42.93,42.37,1.0,1189899
2026-08-19,NYSE:ORI,42.585,41.75,42.54,41.88,1.0,1031455
2026-08-20,NYSE:ORI,42.245,41.61,41.73,41.8,1.0,890248
2026-08-21,NYSE:ORI,42.21,41.555,41.99,41.58,1.0,1095023
2026-08-24,NYSE:ORI,42.62,41.775,41.88,41.97,1.0,977083
2026-08-25,NYSE:ORI,42.13,41.46,41.97,42.11,1.0,1215431
2026-08-26,NYSE:ORI,42.59,42.13,42.18,42.45,1.0,820869
2026-08-27,NYSE:ORI,42.37,41.74,42.0,42.24,1.0,740210
2026-08-28,NYSE:ORI,42.555,41.935,42.42,42.07,1.0,801217
2026-08-31,NYSE:ORI,42.065,41.73,42.0,41.73,1.0,1746817
2026-09-01,NYSE:ORI,42.28,41.49,42.03,41.72,1.0,935231
2026-09-02,NYSE:ORI,42.32,41.88,41.99,42.09,1.0,995702
2026-09-03,NYSE:ORI,43.02,42.24,42.3,42.57,1.0,1094715
2026-09-04,NYSE:ORI,42.26,41.35,41.89,41.43,1.0,1253411
2026-07-27,NASDAQ:UPBD,21.31,20.56,20.76,20.61,1.0,857367
2026-07-28,NASDAQ:UPBD,21.7,20.8,20.82,21.59,1.0,995482
2026-07-29,NASDAQ:UPBD,21.4,20.83,21.365,20.95,1.0,959279
2026-07-30,NASDAQ:UPBD,20.93,19.33,19.685,20.12,1.0,1379029
2026-07-31,NASDAQ:UPBD,20.12,18.9,20.03,19.39,1.0,4170040
2026-08-03,NASDAQ:UPBD,20.35,19.67,19.68,20.3,1.0,935001
2026-08-04,NASDAQ:UPBD,20.88,20.28,20.28,20.53,1.0,1136577
2026-08-05,NASDAQ:UPBD,21.22,20.0,21.0,20.12,1.0,1013824
2026-08-06,NASDAQ:UPBD,20.01,19.355,20.0,19.51,1.0,1575844
2026-08-07,NASDAQ:UPBD,19.91,19.42,19.46,19.83,1.0,1111889
2026-08-10,NASDAQ:UPBD,19.6537,19.16,19.58,19.22,1.0,839166
2026-08-11,NASDAQ:UPBD,19.45,19.01,19.2,19.1,1.0,791326
2026-08-12,NASDAQ:UPBD,19.25,18.76,19.15,19.04,1.0,807185
2026-08-13,NASDAQ:UPBD,19.75,19.2,19.33,19.675,1.0,651114
2026-08-14,NASDAQ:UPBD,19.71,19.42,19.64,19.62,1.0,781431
2026-08-17,NASDAQ:UPBD,19.6,19.1939,19.54,19.42,1.0,777835
2026-08-18,NASDAQ:UPBD,19.51,19.155,19.49,19.17,1.0,601980
2026-08-19,NASDAQ:UPBD,19.71,19.2,19.36,19.5,1.0,681240
2026-08-20,NASDAQ:UPBD,19.13,18.2328,19.11,18.54,1.0,804179
2026-08-21,NASDAQ:UPBD,18.92,18.65,18.69,18.8,1.0,742030
2026-08-24,NASDAQ:UPBD,19.305,18.81,18.81,19.17,1.0,747286
2026-08-25,NASDAQ:UPBD,19.375,18.95,19.2,19.36,1.0,750434
2026-08-26,NASDAQ:UPBD,19.8,19.18,19.47,19.44,1.0,654556
2026-08-27,NASDAQ:UPBD,19.4299,19.06,19.16,19.29,1.0,758871
2026-08-28,NASDAQ:UPBD,19.57,19.2,19.38,19.22,1.0,732247
2026-08-31,NASDAQ:UPBD,19.12,18.26,19.12,18.3,1.0,1181153
2026-09-01,NASDAQ:UPBD,18.51,17.9,18.11,18.42,1.0,811644
2026-09-02,NASDAQ:UPBD,19.05,18.53,18.53,18.8,1.0,700786
2026-09-03,NASDAQ:UPBD,19.305,18.33,19.08,18.67,1.0,716375
2026-09-04,NASDAQ:UPBD,19.19,18.51,18.51,18.98,1.0,812318
2026-07-27,NASDAQ:SEVN,8.03,7.85,7.85,8.0,1.0,164541
2026-07-28,NASDAQ:SEVN,8.1,7.92,8.0,8.04,1.0,183505
2026-07-29,NASDAQ:SEVN,8.1,7.66,8.01,7.66,1.0,343259
2026-07-30,NASDAQ:SEVN,7.787999999999999,7.5,7.77,7.53,1.0,165400
2026-07-31,NASDAQ:SEVN,7.5754,7.365,7.55,7.54,1.0,232741
2026-08-03,NASDAQ:SEVN,7.7947,7.61,7.65,7.62,1.0,136415
2026-08-04,NASDAQ:SEVN,7.72,7.6,7.71,7.65,1.0,127511
2026-08-05,NASDAQ:SEVN,7.745,7.58,7.66,7.73,1.0,115911
2026-08-06,NASDAQ:SEVN,7.83,7.67,7.76,7.72,1.0,144008
2026-08-07,NASDAQ:SEVN,7.763,7.65,7.72,7.69,1.0,184455
2026-08-10,NASDAQ:SEVN,7.65,7.45,7.65,7.49,1.0,162733
2026-08-11,NASDAQ:SEVN,7.67,7.47,7.5,7.58,1.0,153290
2026-08-12,NASDAQ:SEVN,7.76,7.55,7.55,7.66,1.0,195156
2026-08-13,NASDAQ:SEVN,7.8,7.69,7.72,7.72,1.0,134114
2026-08-14,NASDAQ:SEVN,7.805,7.715,7.77,7.76,1.0,142947
2026-08-17,NASDAQ:SEVN,7.75,7.65,7.73,7.65,1.0,68889
2026-08-18,NASDAQ:SEVN,7.675,7.55,7.65,7.63,1.0,74610
2026-08-19,NASDAQ:SEVN,7.78,7.59,7.59,7.68,1.0,87824
2026-08-20,NASDAQ:SEVN,7.72,7.63,7.68,7.69,1.0,76250
2026-08-21,NASDAQ:SEVN,7.73,7.66,7.72,7.7,1.0,73161
2026-08-24,NASDAQ:SEVN,7.87,7.74,7.76,7.76,1.0,120659
2026-08-25,NASDAQ:SEVN,7.775,7.63,7.76,7.73,1.0,88834
2026-08-26,NASDAQ:SEVN,7.71,7.595,7.71,7.62,1.0,102931
2026-08-27,NASDAQ:SEVN,7.6677,7.555,7.6,7.6,1.0,151052
2026-08-28,NASDAQ:SEVN,7.67,7.56,7.6,7.58,1.0,109491
2026-08-31,NASDAQ:SEVN,7.66,7.54,7.55,7.57,1.0,209625
2026-09-01,NASDAQ:SEVN,7.59,7.455,7.56,7.48,1.0,199046
2026-09-02,NASDAQ:SEVN,7.54,7.415,7.54,7.42,1.0,161886
2026-09-03,NASDAQ:SEVN,7.575,7.42,7.49,7.51,1.0,147057
2026-09-04,NASDAQ:SEVN,7.61,7.495,7.5,7.54,1.0,92428
2026-07-27,NYSE:BWLP,21.425,20.76,20.86,21.06,1.0,299907
2026-07-28,NYSE:BWLP,21.66,21.21,21.46,21.45,1.0,312680
2026-07-29,NYSE:BWLP,22.085,21.49,21.84,21.86,1.0,247001
2026-07-30,NYSE:BWLP,22.42,21.8,22.02,22.37,1.0,277083
2026-07-31,NYSE:BWLP,22.69,22.285,22.4,22.56,1.0,262000
2026-08-03,NYSE:BWLP,22.15,21.71,22.0,21.87,1.0,262195
2026-08-04,NYSE:BWLP,22.095,21.4,22.07,21.42,1.0,403241
2026-08-05,NYSE:BWLP,21.87,20.79,21.8,20.85,1.0,369809
2026-08-06,NYSE:BWLP,21.72,21.33,21.4,21.58,1.0,321634
2026-08-07,NYSE:BWLP,21.9495,21.44,21.68,21.75,1.0,223422
2026-08-10,NYSE:BWLP,22.044,21.53,22.02,21.59,1.0,259799
2026-08-11,NYSE:BWLP,21.65,21.09,21.65,21.28,1.0,249858
2026-08-12,NYSE:BWLP,22.21,21.4,21.44,22.16,1.0,241575
2026-08-13,NYSE:BWLP,22.66,22.05,22.05,22.29,1.0,274718
2026-08-14,NYSE:BWLP,22.77,22.2,22.3,22.62,1.0,245163
2026-08-17,NYSE:BWLP,23.33,22.88,23.0,23.1,1.0,283614
2026-08-18,NYSE:BWLP,23.2,22.77,23.14,23.07,1.0,207601
2026-08-19,NYSE:BWLP,23.89,23.24,23.79,23.32,1.0,394536
2026-08-20,NYSE:BWLP,23.84,23.331999999999997,23.76,23.51,1.0,475961
2026-08-21,NYSE:BWLP,24.87,24.33,24.35,24.72,1.0,455096
2026-08-24,NYSE:BWLP,24.76,24.305,24.44,24.61,1.0,259188
2026-08-25,NYSE:BWLP,25.475,24.74,25.2,24.8,1.0,559930
2026-08-26,NYSE:BWLP,24.03,23.4101,23.93,23.53,1.0,409858
2026-08-27,NYSE:BWLP,24.52,23.71,23.71,24.41,1.0,523355
2026-08-28,NYSE:BWLP,24.175,23.49,23.5,23.94,1.0,394472
2026-08-31,NYSE:BWLP,24.365,23.77,24.34,24.25,1.0,362308
2026-09-01,NYSE:BWLP,24.68,23.15,24.28,24.21,1.0,807320
2026-09-02,NYSE:BWLP,24.35,22.94,22.99,24.35,1.0,1004579
2026-09-03,NYSE:BWLP,24.705,24.34,24.68,24.61,1.0,503592
2026-09-04,NYSE:BWLP,25.1968,24.61,24.76,24.86,1.0,570838
2026-07-27,NASDAQ:NWBI,15.54,15.39,15.49,15.41,1.0,1210307
2026-07-28,NASDAQ:NWBI,16.16,15.725,15.87,15.9,1.0,1812308
2026-07-29,NASDAQ:NWBI,15.9201,15.79,15.81,15.89,1.0,1343848
2026-07-30,NASDAQ:NWBI,15.94,15.645,15.91,15.69,1.0,1012305
2026-07-31,NASDAQ:NWBI,15.79,15.53,15.74,15.74,1.0,1646717
2026-08-03,NASDAQ:NWBI,15.935,15.75,15.86,15.88,1.0,1074302
2026-08-04,NASDAQ:NWBI,16.09,15.8,15.89,16.01,1.0,1116081
2026-08-05,NASDAQ:NWBI,16.04,15.9,16.03,15.96,1.0,1161093
2026-08-06,NASDAQ:NWBI,15.88,15.61,15.8,15.65,1.0,923801
2026-08-07,NASDAQ:NWBI,15.64,15.51,15.6,15.55,1.0,839114
2026-08-10,NASDAQ:NWBI,15.62,15.365,15.49,15.49,1.0,1066733
2026-08-11,NASDAQ:NWBI,15.675,15.5,15.5,15.63,1.0,607123
2026-08-12,NASDAQ:NWBI,15.795,15.625,15.63,15.72,1.0,622785
2026-08-13,NASDAQ:NWBI,15.9,15.75,15.82,15.79,1.0,509102
2026-08-14,NASDAQ:NWBI,15.89,15.75,15.78,15.75,1.0,419976
2026-08-17,NASDAQ:NWBI,15.815,15.65,15.662,15.69,1.0,667203
2026-08-18,NASDAQ:NWBI,15.75,15.56,15.71,15.64,1.0,828552
2026-08-19,NASDAQ:NWBI,15.66,15.24,15.65,15.27,1.0,921449
2026-08-20,NASDAQ:NWBI,15.35,15.185,15.22,15.31,1.0,666973
2026-08-21,NASDAQ:NWBI,15.505,15.235,15.48,15.42,1.0,864823
2026-08-24,NASDAQ:NWBI,15.5295,15.34,15.41,15.37,1.0,476536
2026-08-25,NASDAQ:NWBI,15.4,15.25,15.39,15.3,1.0,573085
2026-08-26,NASDAQ:NWBI,15.39,15.24,15.37,15.32,1.0,784903
2026-08-27,NASDAQ:NWBI,15.33,15.105,15.18,15.33,1.0,684210
2026-08-28,NASDAQ:NWBI,15.43,15.27,15.38,15.34,1.0,902525
2026-08-31,NASDAQ:NWBI,15.38,15.24,15.35,15.29,1.0,1037285
2026-09-01,NASDAQ:NWBI,15.375,15.0739,15.26,15.14,1.0,925989
2026-09-02,NASDAQ:NWBI,15.49,15.17,15.19,15.43,1.0,1245000
2026-09-03,NASDAQ:NWBI,15.65,15.46,15.49,15.51,1.0,1095540
2026-09-04,NASDAQ:NWBI,15.715,15.46,15.46,15.62,1.0,688133
2026-07-27,NYSE:ARI,6.825,6.68,6.78,6.69,1.0,4003754
2026-07-28,NYSE:ARI,6.76,6.66,6.72,6.73,1.0,2533451
2026-07-29,NYSE:ARI,6.8,6.53,6.8,6.6,1.0,4965307
2026-07-30,NYSE:ARI,6.705,6.43,6.67,6.5,1.0,3644437
2026-07-31,NYSE:ARI,6.7,6.505,6.54,6.62,1.0,3187571
2026-08-03,NYSE:ARI,6.85,6.61,6.61,6.81,1.0,4460390
2026-08-04,NYSE:ARI,6.85,6.755,6.78,6.79,1.0,2482675
2026-08-05,NYSE:ARI,6.765,6.64,6.76,6.66,1.0,1930225
2026-08-06,NYSE:ARI,6.725,6.631,6.67,6.69,1.0,2774332
2026-08-07,NYSE:ARI,6.785,6.7,6.7,6.76,1.0,1869149
2026-08-10,NYSE:ARI,6.76,6.65,6.73,6.65,1.0,2285115
2026-08-11,NYSE:ARI,6.81,6.65,6.75,6.72,1.0,2838663
2026-08-12,NYSE:ARI,6.965,6.77,6.77,6.9,1.0,9359038
2026-08-13,NYSE:ARI,6.995,6.87,6.87,6.91,1.0,3420652
2026-08-14,NYSE:ARI,6.95,6.8111,6.893,6.83,1.0,3285199
2026-08-17,NYSE:ARI,6.905,6.82,6.83,6.83,1.0,3567076
2026-08-18,NYSE:ARI,6.88,6.79,6.84,6.82,1.0,4502540
2026-08-19,NYSE:ARI,6.98,6.85,6.85,6.9,1.0,3107227
2026-08-20,NYSE:ARI,6.95,6.85,6.88,6.94,1.0,3560330
2026-08-21,NYSE:ARI,6.955,6.88,6.93,6.93,1.0,1470854
2026-08-24,NYSE:ARI,6.94,6.855,6.89,6.89,1.0,2625446
2026-08-25,NYSE:ARI,6.91,6.835,6.91,6.86,1.0,2529613
2026-08-26,NYSE:ARI,6.88,6.8,6.86,6.81,1.0,1974407
2026-08-27,NYSE:ARI,6.93,6.81,6.81,6.9,1.0,3048710
2026-08-28,NYSE:ARI,6.905,6.785,6.88,6.85,1.0,2007950
2026-08-31,NYSE:ARI,6.93,6.81,6.81,6.91,1.0,2593337
2026-09-01,NYSE:ARI,6.875,6.78,6.85,6.81,1.0,2042943
2026-09-02,NYSE:ARI,6.88,6.79,6.82,6.86,1.0,1546431
2026-09-03,NYSE:ARI,6.9,6.801,6.9,6.88,1.0,1816965
2026-09-04,NYSE:ARI,6.91,6.85,6.85,6.88,1.0,1062330
2026-07-27,NYSE:AXIA,10.11,10.0,10.05,10.06,1.0,2020905
2026-07-28,NYSE:AXIA,10.345,10.165,10.25,10.19,1.0,2467101
2026-07-29,NYSE:AXIA,10.18,9.98,10.15,10.03,1.0,4009935
2026-07-30,NYSE:AXIA,10.51,10.19,10.19,10.5,1.0,1449223
2026-07-31,NYSE:AXIA,10.72,10.445,10.57,10.47,1.0,1612443
2026-08-03,NYSE:AXIA,10.595,10.32,10.44,10.56,1.0,1596568
2026-08-04,NYSE:AXIA,10.7,10.46,10.7,10.5,1.0,1885839
2026-08-05,NYSE:AXIA,10.67,10.43,10.67,10.47,1.0,5257468
2026-08-06,NYSE:AXIA,10.72,10.01,10.5,10.22,1.0,21164551
2026-07-27,NYSE:VZ,47.555,46.32,46.3797,47.32,1.0,30412886
2026-07-28,NYSE:VZ,49.01,47.8,47.85,48.19,1.0,29692559
2026-07-29,NYSE:VZ,48.54,45.7,48.48,47.22,1.0,41396239
2026-07-30,NYSE:VZ,47.09,45.725,46.4,46.11,1.0,20937924
2026-07-31,NYSE:VZ,46.91,45.47,45.9,46.81,1.0,28291337
2026-08-03,NYSE:VZ,47.81,47.145,47.32,47.36,1.0,23007878
2026-08-04,NYSE:VZ,47.08,46.06,47.0,46.88,1.0,23748620
2026-08-05,NYSE:VZ,46.91,45.085,46.0,46.47,1.0,39580637
2026-08-06,NYSE:VZ,47.48,46.58,47.2,46.99,1.0,24297036
2026-08-07,NYSE:VZ,47.06,46.09,46.34,47.06,1.0,20544983
2026-08-10,NYSE:VZ,47.115,46.095,46.735,47.03,1.0,15462500
2026-08-11,NYSE:VZ,47.45,46.8,46.9,47.27,1.0,13314642
2026-08-12,NYSE:VZ,47.08,46.61,46.89,46.98,1.0,12120534
2026-08-13,NYSE:VZ,48.24,47.0014,47.03,48.22,1.0,17937291
2026-08-14,NYSE:VZ,48.605,48.19,48.46,48.48,1.0,15062289
2026-08-17,NYSE:VZ,48.675,48.0,48.24,48.06,1.0,14466197
2026-08-18,NYSE:VZ,49.005,48.405,48.57,48.54,1.0,14376329
2026-08-19,NYSE:VZ,49.595,48.59,48.6,49.36,1.0,17795954
2026-08-20,NYSE:VZ,49.59,49.138999999999996,49.28,49.19,1.0,12546286
2026-08-21,NYSE:VZ,49.72,49.17,49.37,49.45,1.0,15082012
2026-08-24,NYSE:VZ,50.28,49.36,49.49,50.15,1.0,19502087
2026-08-25,NYSE:VZ,50.33,49.79,49.995,50.25,1.0,21340957
2026-08-26,NYSE:VZ,50.78,50.08,50.31,50.19,1.0,20726697
2026-08-27,NYSE:VZ,49.9,49.12,49.56,49.43,1.0,16389716
2026-08-28,NYSE:VZ,50.33,49.54,49.545,50.1,1.0,15790820
2026-08-31,NYSE:VZ,50.54,49.91,50.06,50.02,1.0,21408545
2026-09-01,NYSE:VZ,50.925,50.24,50.5,50.3,1.0,20188842
2026-09-02,NYSE:VZ,50.84,50.145,50.495,50.22,1.0,18677280
2026-09-03,NYSE:VZ,50.82,50.145,50.61,50.59,1.0,18001086
2026-09-04,NYSE:VZ,50.7,50.08,50.43,50.135,1.0,13319508
2026-07-27,NYSE:ITUB,8.415,8.29,8.35,8.37,1.0,19920943
2026-07-28,NYSE:ITUB,8.48,8.31,8.44,8.31,1.0,10527843
2026-07-29,NYSE:ITUB,8.29,8.15,8.26,8.15,1.0,21097072
2026-07-30,NYSE:ITUB,8.46,8.2,8.2,8.44,1.0,12744467
2026-07-31,NYSE:ITUB,8.57,8.43,8.5,8.46,1.0,10878882
2026-08-03,NYSE:ITUB,8.52,8.42,8.46,8.49,1.0,13177942
2026-08-04,NYSE:ITUB,8.52,8.18,8.49,8.19,1.0,16828514
2026-08-05,NYSE:ITUB,8.485,8.2,8.4,8.21,1.0,26570593
2026-08-06,NYSE:ITUB,8.37,8.17,8.31,8.18,1.0,17817438
2026-08-07,NYSE:ITUB,8.2,7.925,8.2,7.94,1.0,27126155
2026-08-10,NYSE:ITUB,7.98,7.86,7.95,7.88,1.0,14854957
2026-08-11,NYSE:ITUB,7.9,7.48,7.88,7.5,1.0,32778381
2026-08-12,NYSE:ITUB,7.52,7.38,7.47,7.4,1.0,32416108
2026-08-13,NYSE:ITUB,7.49,7.33,7.39,7.34,1.0,24080875
2026-08-14,NYSE:ITUB,7.465,7.235,7.32,7.4,1.0,31065216
2026-08-17,NYSE:ITUB,7.45,7.32,7.42,7.36,1.0,14307367
2026-08-18,NYSE:ITUB,7.44,7.27,7.34,7.27,1.0,19682186
2026-08-19,NYSE:ITUB,7.53,7.36,7.51,7.37,1.0,17928454
2026-08-20,NYSE:ITUB,7.355,7.16,7.32,7.17,1.0,31383581
2026-08-21,NYSE:ITUB,7.52,7.265,7.27,7.48,1.0,23793908
2026-08-24,NYSE:ITUB,7.59,7.37,7.37,7.52,1.0,16967645
2026-08-25,NYSE:ITUB,7.675,7.435,7.54,7.66,1.0,12818169
2026-08-26,NYSE:ITUB,7.77,7.6,7.72,7.61,1.0,26139421
2026-08-27,NYSE:ITUB,7.625,7.48,7.6,7.53,1.0,22479028
2026-08-28,NYSE:ITUB,7.55,7.39,7.55,7.5,1.0,14861139
2026-08-31,NYSE:ITUB,7.69,7.55,7.66,7.61,1.0,14608780
2026-09-01,NYSE:ITUB,7.83,7.6,7.6,7.68,1.0,16113236
2026-09-02,NYSE:ITUB,8.13,7.79,7.83,8.08,1.0,24592765
2026-09-03,NYSE:ITUB,8.31,8.1,8.25,8.22,1.0,19403485
2026-09-04,NYSE:ITUB,8.275,8.05,8.05,8.15,1.0,15169909
2026-07-27,NYSE:FLO,7.9,7.64,7.87,7.64,1.0,4471419
2026-07-28,NYSE:FLO,8.07,7.525,7.81,7.54,1.0,6414931
2026-07-29,NYSE:FLO,7.725,7.335,7.52,7.46,1.0,6681957
2026-07-30,NYSE:FLO,7.4,7.13,7.37,7.14,1.0,5930830
2026-07-31,NYSE:FLO,7.175,6.925,7.12,7.02,1.0,7711330
2026-08-03,NYSE:FLO,7.39,6.985,7.11,7.22,1.0,7096871
2026-08-04,NYSE:FLO,7.44,7.16,7.16,7.33,1.0,4799349
2026-08-05,NYSE:FLO,7.43,7.249,7.38,7.39,1.0,4100351
2026-08-06,NYSE:FLO,7.44,7.14,7.41,7.24,1.0,6959923
2026-08-07,NYSE:FLO,7.456,7.23,7.25,7.4,1.0,3697821
2026-08-10,NYSE:FLO,7.44,7.09,7.35,7.14,1.0,5062250
2026-08-11,NYSE:FLO,7.31,7.08,7.13,7.16,1.0,4716447
2026-08-12,NYSE:FLO,7.185,7.03,7.175,7.17,1.0,4804929
2026-08-13,NYSE:FLO,7.58,7.24,7.25,7.53,1.0,4866674
2026-08-14,NYSE:FLO,7.595,7.46,7.55,7.52,1.0,3616707
2026-08-17,NYSE:FLO,7.558,7.29,7.49,7.31,1.0,5173179
2026-08-18,NYSE:FLO,7.6,7.27,7.36,7.38,1.0,4241614
2026-08-19,NYSE:FLO,7.53,7.37,7.43,7.46,1.0,4485055
2026-08-20,NYSE:FLO,7.48,7.04,7.43,7.1,1.0,9801977
2026-08-21,NYSE:FLO,7.31,6.81,6.9,6.95,1.0,15568742
2026-08-24,NYSE:FLO,7.305,6.8219,6.96,7.28,1.0,8438357
2026-08-25,NYSE:FLO,7.36,7.0,7.25,7.11,1.0,6505340
2026-08-26,NYSE:FLO,7.355,7.1,7.13,7.17,1.0,5453753
2026-08-27,NYSE:FLO,7.13,6.91,7.13,6.98,1.0,6650712
2026-08-28,NYSE:FLO,7.125,6.97,6.99,7.1,1.0,5180539
2026-08-31,NYSE:FLO,7.125,6.9,7.05,6.92,1.0,9905340
2026-09-01,NYSE:FLO,6.985,6.615,6.92,6.69,1.0,9650743
2026-09-02,NYSE:FLO,6.87,6.665,6.745,6.68,1.0,7301512
2026-09-03,NYSE:FLO,6.6982,6.33,6.65,6.45,1.0,12129904
2026-09-04,NYSE:FLO,6.45,6.27,6.36,6.27,1.0,5621807
2026-07-27,NYSE:ORC,6.6294,6.48,6.59,6.49,1.0,7025588
2026-07-28,NYSE:ORC,6.595,6.4401,6.49,6.57,1.0,6304372
2026-07-29,NYSE:ORC,6.69,6.55,6.57,6.56,1.0,6884594
2026-07-30,NYSE:ORC,6.65,6.525,6.61,6.63,1.0,7283988
2026-07-31,NYSE:ORC,6.531000000000001,6.42,6.5,6.49,1.0,5461853
2026-08-03,NYSE:ORC,6.56,6.46,6.5,6.47,1.0,6791512
2026-08-04,NYSE:ORC,6.49,6.35,6.48,6.38,1.0,6591790
2026-08-05,NYSE:ORC,6.47,6.31,6.4,6.42,1.0,5246264
2026-08-06,NYSE:ORC,6.48,6.4,6.4,6.42,1.0,2975398
2026-08-07,NYSE:ORC,6.5856,6.4631,6.47,6.56,1.0,4618315
2026-08-10,NYSE:ORC,6.54,6.42,6.53,6.5,1.0,4550415
2026-08-11,NYSE:ORC,6.6,6.47,6.5,6.57,1.0,3733951
2026-08-12,NYSE:ORC,6.66,6.591,6.6,6.62,1.0,3842685
2026-08-13,NYSE:ORC,6.67,6.61,6.65,6.63,1.0,2796744
2026-08-14,NYSE:ORC,6.71,6.62,6.64,6.65,1.0,2602868
2026-08-17,NYSE:ORC,6.7,6.63,6.65,6.67,1.0,3065500
2026-08-18,NYSE:ORC,6.685,6.63,6.67,6.67,1.0,2425309
2026-08-19,NYSE:ORC,6.81,6.6763,6.7,6.78,1.0,3751689
2026-08-20,NYSE:ORC,6.79,6.66,6.77,6.71,1.0,3481868
2026-08-21,NYSE:ORC,6.755,6.67,6.75,6.7,1.0,2306652
2026-08-24,NYSE:ORC,6.76,6.69,6.72,6.75,1.0,2707361
2026-08-25,NYSE:ORC,6.78,6.675,6.76,6.72,1.0,4758690
2026-08-26,NYSE:ORC,6.7296,6.61,6.725,6.67,1.0,4519981
2026-08-27,NYSE:ORC,6.75,6.66,6.68,6.74,1.0,4422152
2026-08-28,NYSE:ORC,6.78,6.67,6.72,6.69,1.0,7484593
2026-08-31,NYSE:ORC,6.64,6.53,6.56,6.59,1.0,4772023
2026-09-01,NYSE:ORC,6.5795,6.5,6.55,6.54,1.0,5228724
2026-09-02,NYSE:ORC,6.56,6.49,6.53,6.52,1.0,3907551
2026-09-03,NYSE:ORC,6.596,6.47,6.56,6.52,1.0,3696190
2026-09-04,NYSE:ORC,6.58,6.48,6.49,6.55,1.0,3673380
2026-07-27,NASDAQ:KSPI,87.65,86.0,87.33,86.48,1.0,364182
2026-07-28,NASDAQ:KSPI,87.14,85.02,86.75,86.68,1.0,368524
2026-07-29,NASDAQ:KSPI,89.195,86.68,86.68,87.14,1.0,321104
2026-07-30,NASDAQ:KSPI,89.08,86.82,87.67,89.04,1.0,176525
2026-07-31,NASDAQ:KSPI,89.38,87.95,89.04,88.78,1.0,297255
2026-08-03,NASDAQ:KSPI,93.75,90.41,91.0,92.0,1.0,850466
2026-08-04,NASDAQ:KSPI,93.4899,90.0,92.35,92.0,1.0,646084
2026-08-05,NASDAQ:KSPI,93.7895,91.99,92.94,92.19,1.0,716491
2026-08-06,NASDAQ:KSPI,93.5,91.33,93.1,91.8,1.0,643807
2026-08-07,NASDAQ:KSPI,92.619,90.02,92.5,90.3,1.0,544110
2026-08-10,NASDAQ:KSPI,97.5,90.7697,91.45,94.0,1.0,1384803
2026-08-11,NASDAQ:KSPI,98.46,94.12,94.775,95.36,1.0,801855
2026-08-12,NASDAQ:KSPI,99.6,94.88,96.02,99.55,1.0,831392
2026-08-13,NASDAQ:KSPI,100.99,98.1,100.0,99.46,1.0,624818
2026-08-14,NASDAQ:KSPI,99.18,97.8,98.98,98.7,1.0,311762
2026-08-17,NASDAQ:KSPI,99.8,98.0,99.18,99.05,1.0,397527
2026-08-18,NASDAQ:KSPI,99.34,96.48,98.01,98.09,1.0,501354
2026-08-19,NASDAQ:KSPI,102.24,98.4,98.4,101.48,1.0,763944
2026-08-20,NASDAQ:KSPI,104.8,99.74,100.87,103.7,1.0,646556
2026-08-21,NASDAQ:KSPI,106.05,104.02,104.36,105.55,1.0,548334
2026-08-24,NASDAQ:KSPI,107.88,104.88,105.96,106.46,1.0,580063
2026-08-25,NASDAQ:KSPI,108.99,105.1,106.5,108.75,1.0,709200
2026-08-26,NASDAQ:KSPI,109.94,107.22,108.37,107.68,1.0,925745
2026-08-27,NASDAQ:KSPI,108.11,103.65,108.0,105.01,1.0,597426
2026-08-28,NASDAQ:KSPI,108.18,105.5,105.89,106.29,1.0,759112
2026-08-31,NASDAQ:KSPI,106.025,103.92,105.59,105.14,1.0,566308
2026-09-01,NASDAQ:KSPI,105.79,102.2,103.06,104.08,1.0,555384
2026-09-02,NASDAQ:KSPI,106.99,103.05,104.26,106.81,1.0,358894
2026-09-03,NASDAQ:KSPI,108.2399,106.01,106.5,107.81,1.0,385239
2026-09-04,NASDAQ:KSPI,108.6099,106.9,107.6,107.53,1.0,396675
2026-07-27,NYSE:RKT,13.62,13.27,13.3,13.49,1.0,25653847
2026-07-28,NYSE:RKT,14.0,13.2,13.46,13.98,1.0,26727945
2026-07-29,NYSE:RKT,14.57,13.48,13.59,13.7,1.0,49523561
2026-07-30,NYSE:RKT,13.9,12.63,13.9,13.26,1.0,35194533
2026-07-31,NYSE:RKT,13.305,12.765,13.16,12.9,1.0,21349099
2026-08-03,NYSE:RKT,13.78,13.25,13.27,13.68,1.0,18988744
2026-08-04,NYSE:RKT,14.39,13.9,13.9,14.11,1.0,26861570
2026-08-05,NYSE:RKT,14.275,13.735,14.0,13.86,1.0,17897726
2026-08-06,NYSE:RKT,13.52,13.015,13.5,13.22,1.0,40050393
2026-08-07,NYSE:RKT,14.28,13.13,14.23,13.72,1.0,42103090
2026-08-10,NYSE:RKT,14.0,13.29,13.41,13.76,1.0,27865235
2026-08-11,NYSE:RKT,14.385,13.635,13.77,14.32,1.0,32739764
2026-08-12,NYSE:RKT,14.65,13.7501,14.65,14.05,1.0,33655399
2026-08-13,NYSE:RKT,15.18,14.26,14.3,15.04,1.0,35236921
2026-08-14,NYSE:RKT,15.09,14.66,15.025,14.76,1.0,18904290
2026-08-17,NYSE:RKT,14.795,14.3,14.53,14.5,1.0,18414917
2026-08-18,NYSE:RKT,14.32,13.975,14.2,13.99,1.0,17697323
2026-08-19,NYSE:RKT,15.09,14.530999999999999,14.85,14.63,1.0,19663048
2026-08-20,NYSE:RKT,14.48,13.9,14.29,14.06,1.0,22330014
2026-08-21,NYSE:RKT,14.25,13.72,14.24,13.93,1.0,23450045
2026-08-24,NYSE:RKT,14.11,13.8,13.92,14.09,1.0,17800059
2026-08-25,NYSE:RKT,14.4,13.865,14.38,14.3,1.0,28883497
2026-08-26,NYSE:RKT,14.29,13.8,14.09,13.9,1.0,14514557
2026-08-27,NYSE:RKT,14.315,13.78,13.84,14.24,1.0,23578727
2026-08-28,NYSE:RKT,14.545,13.75,14.23,13.77,1.0,23451816
2026-08-31,NYSE:RKT,13.535,13.25,13.5,13.41,1.0,24698365
2026-09-01,NYSE:RKT,13.505,12.95,13.1,13.03,1.0,21580767
2026-09-02,NYSE:RKT,13.7699,13.01,13.04,13.56,1.0,25846644
2026-09-03,NYSE:RKT,14.35,13.82,13.95,14.22,1.0,27867632
2026-09-04,NYSE:RKT,14.14,13.65,13.85,14.055,1.0,24655173
2026-07-27,NYSE:TRTX,8.735,8.55,8.68,8.56,1.0,433828
2026-07-28,NYSE:TRTX,8.7757,8.5,8.55,8.54,1.0,549441
2026-07-29,NYSE:TRTX,8.42,8.11,8.35,8.21,1.0,1746752
2026-07-30,NYSE:TRTX,8.35,8.095,8.3,8.18,1.0,1306561
2026-07-31,NYSE:TRTX,8.27,7.925,8.16,7.97,1.0,1163870
2026-08-03,NYSE:TRTX,8.11,7.94,7.94,8.06,1.0,961698
2026-08-04,NYSE:TRTX,8.08,7.965,8.03,8.0,1.0,902724
2026-08-05,NYSE:TRTX,8.02,7.9,8.02,7.94,1.0,934567
2026-08-06,NYSE:TRTX,7.985,7.89,7.96,7.89,1.0,970464
2026-08-07,NYSE:TRTX,8.15,7.93,7.93,8.05,1.0,923255
2026-08-10,NYSE:TRTX,8.0368,7.89,8.0,7.92,1.0,894125
2026-08-11,NYSE:TRTX,8.055,7.91,7.94,8.0,1.0,914897
2026-08-12,NYSE:TRTX,8.12,7.91,8.05,7.95,1.0,1510813
2026-08-13,NYSE:TRTX,8.06,7.98,8.03,8.02,1.0,589273
2026-08-14,NYSE:TRTX,8.08,7.915,8.04,7.93,1.0,575710
2026-08-17,NYSE:TRTX,7.9625,7.91,7.93,7.94,1.0,605617
2026-08-18,NYSE:TRTX,7.995,7.82,7.99,7.9,1.0,661226
2026-08-19,NYSE:TRTX,8.079,7.915,7.96,7.92,1.0,1148717
2026-08-20,NYSE:TRTX,7.915,7.76,7.89,7.86,1.0,1246335
2026-08-21,NYSE:TRTX,7.9299,7.84,7.88,7.89,1.0,1009274
2026-08-24,NYSE:TRTX,7.955,7.805,7.93,7.82,1.0,975427
2026-08-25,NYSE:TRTX,7.88,7.71,7.86,7.8,1.0,1036341
2026-08-26,NYSE:TRTX,7.82,7.68,7.82,7.71,1.0,728133
2026-08-27,NYSE:TRTX,7.8,7.68,7.68,7.74,1.0,555790
2026-08-28,NYSE:TRTX,7.81,7.73,7.78,7.73,1.0,621618
2026-08-31,NYSE:TRTX,7.8017,7.715,7.74,7.73,1.0,626133
2026-09-01,NYSE:TRTX,7.765,7.65,7.73,7.68,1.0,705947
2026-09-02,NYSE:TRTX,7.83,7.71,7.74,7.8,1.0,533555
2026-09-03,NYSE:TRTX,7.9,7.765,7.87,7.85,1.0,592191
2026-09-04,NYSE:TRTX,7.925,7.8,7.8,7.89,1.0,483132
2026-07-27,NASDAQ:SIGA,3.21,3.02,3.13,3.1,1.0,3966473
2026-07-28,NASDAQ:SIGA,3.34,3.01,3.11,3.34,1.0,1176213
2026-07-29,NASDAQ:SIGA,3.43,3.29,3.33,3.34,1.0,1012254
2026-07-30,NASDAQ:SIGA,3.33,3.21,3.33,3.25,1.0,431697
2026-07-31,NASDAQ:SIGA,3.32,3.15,3.25,3.27,1.0,661031
2026-08-03,NASDAQ:SIGA,3.31,3.175,3.31,3.21,1.0,515535
2026-08-04,NASDAQ:SIGA,3.29,3.19,3.2,3.24,1.0,468236
2026-08-05,NASDAQ:SIGA,3.24,3.11,3.24,3.15,1.0,418103
2026-08-06,NASDAQ:SIGA,3.195,3.1,3.15,3.12,1.0,493549
2026-08-07,NASDAQ:SIGA,3.19,3.035,3.15,3.05,1.0,678828
2026-08-10,NASDAQ:SIGA,3.0810000000000004,2.86,3.07,2.93,1.0,1019763
2026-08-11,NASDAQ:SIGA,2.99,2.87,2.93,2.88,1.0,582334
2026-08-12,NASDAQ:SIGA,2.92,2.83,2.87,2.87,1.0,636597
2026-08-13,NASDAQ:SIGA,2.94,2.855,2.89,2.88,1.0,479913
2026-08-14,NASDAQ:SIGA,3.01,2.855,2.89,3.0,1.0,588162
2026-08-17,NASDAQ:SIGA,3.0,2.8811,3.0,2.93,1.0,766757
2026-08-18,NASDAQ:SIGA,3.0,2.88,2.92,2.99,1.0,457038
2026-08-19,NASDAQ:SIGA,3.12,2.97,2.99,3.11,1.0,898452
2026-08-20,NASDAQ:SIGA,3.1,2.93,3.1,2.97,1.0,582591
2026-08-21,NASDAQ:SIGA,3.09,2.95,2.99,3.04,1.0,1535996
2026-08-24,NASDAQ:SIGA,3.12,2.915,3.08,2.94,1.0,667090
2026-08-25,NASDAQ:SIGA,3.05,2.96,2.96,3.04,1.0,375047
2026-08-26,NASDAQ:SIGA,3.11,3.0,3.06,3.07,1.0,651123
2026-08-27,NASDAQ:SIGA,3.085,2.91,3.05,3.06,1.0,813649
2026-08-28,NASDAQ:SIGA,3.08,2.985,3.08,3.06,1.0,569084
2026-08-31,NASDAQ:SIGA,3.155,3.0,3.06,3.14,1.0,889211
2026-09-01,NASDAQ:SIGA,3.275,3.105,3.13,3.24,1.0,1077115
2026-09-02,NASDAQ:SIGA,3.26,3.18,3.24,3.21,1.0,663248
2026-09-03,NASDAQ:SIGA,3.28,3.155,3.22,3.23,1.0,830215
2026-09-04,NASDAQ:SIGA,3.32,3.095,3.2,3.29,1.0,899421
2026-07-27,NYSE:EIX,79.78,78.24,79.23,78.64,1.0,2065086
2026-07-28,NYSE:EIX,81.62,78.77,79.12,79.79,1.0,2505954
2026-07-29,NYSE:EIX,80.29,78.35,80.28,78.63,1.0,1998475
2026-07-30,NYSE:EIX,80.1281,77.1,78.5,78.73,1.0,2874684
2026-07-31,NYSE:EIX,76.8316,73.15,75.94,73.37,1.0,6187587
2026-08-03,NYSE:EIX,73.98,71.13,73.78,71.46,1.0,3824297
2026-08-04,NYSE:EIX,72.5,70.59,71.08,70.69,1.0,6084011
2026-08-05,NYSE:EIX,69.3825,66.58,69.26,68.32,1.0,4922281
2026-08-06,NYSE:EIX,69.37,66.84,69.1,67.23,1.0,4514369
2026-08-07,NYSE:EIX,68.9199,67.05,67.29,68.62,1.0,3440978
2026-08-10,NYSE:EIX,68.369,67.5,68.08,67.83,1.0,3237269
2026-08-11,NYSE:EIX,70.29,67.81,67.83,69.89,1.0,3905141
2026-08-12,NYSE:EIX,70.35,68.6001,69.62,69.4,1.0,2438524
2026-08-13,NYSE:EIX,71.4,69.1,69.78,70.68,1.0,2672658
2026-08-14,NYSE:EIX,71.56,70.495,70.52,71.41,1.0,1479995
2026-08-17,NYSE:EIX,72.29,70.37,71.09,71.3,1.0,6692107
2026-08-18,NYSE:EIX,74.23,72.3825,72.5,73.69,1.0,3226287
2026-08-19,NYSE:EIX,75.07,72.91,74.32,73.44,1.0,2134742
2026-08-20,NYSE:EIX,75.9,72.5,73.1,74.66,1.0,3660994
2026-08-21,NYSE:EIX,75.1869,71.12,74.62,71.59,1.0,3946408
2026-08-24,NYSE:EIX,74.07,71.6124,71.74,73.97,1.0,1803463
2026-08-25,NYSE:EIX,75.02,73.645,73.9,74.78,1.0,1809553
2026-08-26,NYSE:EIX,75.04,72.65,73.5,74.51,1.0,3432541
2026-08-27,NYSE:EIX,74.135,72.655,73.56,73.68,1.0,3376351
2026-08-28,NYSE:EIX,75.3,68.94,74.64,70.17,1.0,7395377
2026-08-31,NYSE:EIX,57.23,53.11,55.71,53.98,1.0,24759595
2026-09-01,NYSE:EIX,59.81,52.5,54.01,58.8,1.0,24605069
2026-09-02,NYSE:EIX,57.17,53.785,56.78,55.19,1.0,12352207
2026-09-03,NYSE:EIX,56.83,55.0,55.42,56.3,1.0,8451896
2026-09-04,NYSE:EIX,56.77,55.54,55.79,56.77,1.0,4665575
2026-07-27,NYSE:PFLT,7.035,6.91,6.91,6.97,1.0,920602
2026-07-28,NYSE:PFLT,7.16,6.975,7.0,7.11,1.0,1053143
2026-07-29,NYSE:PFLT,7.14,7.005,7.12,7.03,1.0,827443
2026-07-30,NYSE:PFLT,7.02,6.89,7.02,7.01,1.0,971755
2026-07-31,NYSE:PFLT,7.13,6.88,7.01,6.94,1.0,1130788
2026-08-03,NYSE:PFLT,7.165,6.97,6.98,7.15,1.0,1473774
2026-08-04,NYSE:PFLT,7.235,7.09,7.12,7.21,1.0,975366
2026-08-05,NYSE:PFLT,7.25,7.0323,7.23,7.1,1.0,960152
2026-08-06,NYSE:PFLT,7.335,7.12,7.12,7.3,1.0,1319940
2026-08-07,NYSE:PFLT,7.55,7.29,7.29,7.52,1.0,1011841
2026-08-10,NYSE:PFLT,7.48,7.3,7.48,7.4,1.0,1337400
2026-08-11,NYSE:PFLT,7.56,7.25,7.56,7.49,1.0,1331197
2026-08-12,NYSE:PFLT,7.587999999999999,7.43,7.55,7.48,1.0,883482
2026-08-13,NYSE:PFLT,7.64,7.48,7.5,7.58,1.0,1170026
2026-08-14,NYSE:PFLT,7.5,7.36,7.49,7.36,1.0,820973
2026-08-17,NYSE:PFLT,7.3472,7.225,7.32,7.26,1.0,1103756
2026-08-18,NYSE:PFLT,7.38,7.27,7.3,7.32,1.0,823028
2026-08-19,NYSE:PFLT,7.43,7.33,7.33,7.36,1.0,799864
2026-08-20,NYSE:PFLT,7.41,7.3009,7.37,7.37,1.0,706635
2026-08-21,NYSE:PFLT,7.43,7.34,7.37,7.37,1.0,717900
2026-08-24,NYSE:PFLT,7.47,7.34,7.37,7.46,1.0,720600
2026-08-25,NYSE:PFLT,7.48,7.3901,7.43,7.42,1.0,768871
2026-08-26,NYSE:PFLT,7.46,7.37,7.43,7.37,1.0,572587
2026-08-27,NYSE:PFLT,7.47,7.35,7.36,7.44,1.0,586758
2026-08-28,NYSE:PFLT,7.479,7.36,7.44,7.39,1.0,749331
2026-08-31,NYSE:PFLT,7.53,7.3285,7.33,7.49,1.0,870977
2026-09-01,NYSE:PFLT,7.49,7.37,7.45,7.39,1.0,869689
2026-09-02,NYSE:PFLT,7.48,7.38,7.44,7.43,1.0,570103
2026-09-03,NYSE:PFLT,7.54,7.34,7.5,7.43,1.0,756733
2026-09-04,NYSE:PFLT,7.455,7.3701,7.45,7.39,1.0,509176
2026-07-27,NYSE:PK,15.275,14.8691,14.9,15.03,1.0,4308490
2026-07-28,NYSE:PK,15.29,14.61,15.26,15.19,1.0,4449124
2026-07-29,NYSE:PK,15.45,15.08,15.13,15.32,1.0,3722501
2026-07-30,NYSE:PK,15.48,14.759,15.48,15.06,1.0,3040010
2026-07-31,NYSE:PK,15.215,14.97,15.11,15.06,1.0,2946144
2026-08-03,NYSE:PK,15.295,15.0,15.13,15.12,1.0,6346464
2026-08-04,NYSE:PK,15.27,14.94,15.14,15.0,1.0,6582757
2026-08-05,NYSE:PK,15.16,14.83,14.97,14.94,1.0,4783531
2026-08-06,NYSE:PK,14.89,14.33,14.88,14.35,1.0,4823876
2026-08-07,NYSE:PK,14.93,14.285,14.64,14.76,1.0,6809131
2026-08-10,NYSE:PK,14.555,14.28,14.47,14.51,1.0,3069448
2026-08-11,NYSE:PK,14.68,14.31,14.51,14.34,1.0,3062540
2026-08-12,NYSE:PK,14.85,14.36,14.43,14.85,1.0,2986005
2026-08-13,NYSE:PK,15.09,14.79,14.94,15.03,1.0,5053557
2026-08-14,NYSE:PK,15.325,15.035,15.05,15.13,1.0,2532560
2026-08-17,NYSE:PK,15.15,14.82,15.04,15.0,1.0,4679449
2026-08-18,NYSE:PK,15.4896,14.9499,14.98,15.37,1.0,4290552
2026-08-19,NYSE:PK,15.965,15.475,15.5,15.83,1.0,4399057
2026-08-20,NYSE:PK,15.87,15.58,15.69,15.82,1.0,3701838
2026-08-21,NYSE:PK,15.96,15.65,15.93,15.78,1.0,3432964
2026-08-24,NYSE:PK,15.99,15.73,15.86,15.86,1.0,4423203
2026-08-25,NYSE:PK,16.195,15.8001,15.93,16.17,1.0,2817636
2026-08-26,NYSE:PK,16.2,15.825,16.17,15.93,1.0,4375949
2026-08-27,NYSE:PK,15.935,15.7,15.79,15.71,1.0,2466087
2026-08-28,NYSE:PK,15.95,15.63,15.76,15.83,1.0,3375488
2026-08-31,NYSE:PK,15.81,15.255,15.81,15.3,1.0,4736977
2026-09-01,NYSE:PK,15.63,15.12,15.53,15.22,1.0,6140023
2026-09-02,NYSE:PK,15.63,15.25,15.29,15.56,1.0,4358237
2026-09-03,NYSE:PK,15.72,15.06,15.72,15.08,1.0,3126741
2026-09-04,NYSE:PK,15.33,14.985,15.015,15.27,1.0,3959691
2026-07-27,NASDAQ:GLPI,45.65,44.85,45.01,45.04,1.0,1561239
2026-07-28,NASDAQ:GLPI,46.63,45.545,45.68,45.85,1.0,2459839
2026-07-29,NASDAQ:GLPI,46.08,45.385,45.63,46.01,1.0,2251982
2026-07-30,NASDAQ:GLPI,46.12,44.22,45.84,44.71,1.0,2977777
2026-07-31,NASDAQ:GLPI,44.89,43.89,44.21,44.79,1.0,3386438
2026-08-03,NASDAQ:GLPI,45.0,44.17,44.85,44.81,1.0,2428969
2026-08-04,NASDAQ:GLPI,44.71,44.15,44.32,44.41,1.0,2423478
2026-08-05,NASDAQ:GLPI,44.41,43.62,44.3,43.81,1.0,2441457
2026-08-06,NASDAQ:GLPI,44.43,43.705,44.26,43.86,1.0,1886048
2026-08-07,NASDAQ:GLPI,44.2,43.635,44.0,44.14,1.0,1402521
2026-08-10,NASDAQ:GLPI,43.81,42.63,43.81,42.81,1.0,2286668
2026-08-11,NASDAQ:GLPI,43.15,42.46,42.815,42.64,1.0,2043278
2026-08-12,NASDAQ:GLPI,43.15,42.5,42.57,43.1,1.0,2322396
2026-08-13,NASDAQ:GLPI,43.69,43.22,43.4,43.65,1.0,2437711
2026-08-14,NASDAQ:GLPI,43.825,43.43,43.6,43.57,1.0,1797112
2026-08-17,NASDAQ:GLPI,43.1,41.73,42.75,42.25,1.0,5859563
2026-08-18,NASDAQ:GLPI,42.74,42.04,42.6,42.08,1.0,2999384
2026-08-19,NASDAQ:GLPI,42.975,42.235,42.26,42.9,1.0,3019414
2026-08-20,NASDAQ:GLPI,44.18,42.95,43.09,43.71,1.0,4721705
2026-08-21,NASDAQ:GLPI,43.87,43.395,43.69,43.55,1.0,2708732
2026-08-24,NASDAQ:GLPI,44.56,43.69,43.78,43.93,1.0,3347674
2026-08-25,NASDAQ:GLPI,44.12,43.01,43.855,43.03,1.0,3049591
2026-08-26,NASDAQ:GLPI,43.05,42.55,43.01,42.57,1.0,2267317
2026-08-27,NASDAQ:GLPI,42.55,42.02,42.29,42.31,1.0,3486294
2026-08-28,NASDAQ:GLPI,42.725,42.222,42.585,42.56,1.0,2522153
2026-08-31,NASDAQ:GLPI,42.34,41.88,42.335,42.07,1.0,21740857
2026-09-01,NASDAQ:GLPI,42.51,41.685,42.37,41.8,1.0,4322747
2026-09-02,NASDAQ:GLPI,42.5,41.41,41.95,42.34,1.0,4179422
2026-09-03,NASDAQ:GLPI,42.66,41.89,42.5,42.36,1.0,3686287
2026-09-04,NASDAQ:GLPI,42.485,41.915,42.13,41.92,1.0,2552222
2026-07-27,NYSE:BBDC,8.395,8.27,8.28,8.29,1.0,382215
2026-07-28,NYSE:BBDC,8.45,8.32,8.34,8.45,1.0,357685
2026-07-29,NYSE:BBDC,8.46,8.28,8.42,8.3,1.0,422420
2026-07-30,NYSE:BBDC,8.28,8.155,8.27,8.26,1.0,433966
2026-07-31,NYSE:BBDC,8.32,8.165,8.29,8.25,1.0,652511
2026-08-03,NYSE:BBDC,8.425,8.295,8.3,8.41,1.0,363485
2026-08-04,NYSE:BBDC,8.6,8.4,8.4,8.57,1.0,833101
2026-08-05,NYSE:BBDC,8.58,8.39,8.58,8.42,1.0,646778
2026-08-06,NYSE:BBDC,9.205,8.51,8.51,9.2,1.0,1803499
2026-08-07,NYSE:BBDC,9.295,9.13,9.2,9.22,1.0,1471806
2026-08-10,NYSE:BBDC,9.395,9.13,9.24,9.36,1.0,1411424
2026-08-11,NYSE:BBDC,9.4,9.275,9.4,9.31,1.0,438105
2026-08-12,NYSE:BBDC,9.31,9.1702,9.3,9.23,1.0,373500
2026-08-13,NYSE:BBDC,9.45,9.275,9.29,9.43,1.0,1041936
2026-08-14,NYSE:BBDC,9.415,9.26,9.32,9.31,1.0,593555
2026-08-17,NYSE:BBDC,9.45,9.26,9.35,9.39,1.0,988746
2026-08-18,NYSE:BBDC,9.515,9.3,9.3,9.39,1.0,1403856
2026-08-19,NYSE:BBDC,9.51,9.38,9.43,9.42,1.0,563025
2026-08-20,NYSE:BBDC,9.445,9.24,9.35,9.4,1.0,1107362
2026-08-21,NYSE:BBDC,9.43,9.32,9.42,9.34,1.0,799126
2026-08-24,NYSE:BBDC,9.455,9.3,9.38,9.45,1.0,530324
2026-08-25,NYSE:BBDC,9.468,9.365,9.45,9.45,1.0,696948
2026-08-26,NYSE:BBDC,9.45,9.29,9.45,9.35,1.0,667345
2026-08-27,NYSE:BBDC,9.395,9.3,9.35,9.38,1.0,766325
2026-08-28,NYSE:BBDC,9.405,9.3231,9.35,9.35,1.0,799294
2026-08-31,NYSE:BBDC,9.535,9.38,9.4,9.44,1.0,1061618
2026-09-01,NYSE:BBDC,9.49,9.29,9.42,9.3,1.0,1331869
2026-09-02,NYSE:BBDC,9.14,8.995,9.02,9.11,1.0,630900
2026-09-03,NYSE:BBDC,9.225,8.94,9.17,8.99,1.0,725999
2026-09-04,NYSE:BBDC,9.075,8.84,8.95,9.02,1.0,445248
2026-07-27,NYSE:GPRK,9.86,9.47,9.805,9.48,1.0,476057
2026-07-28,NYSE:GPRK,9.39,9.08,9.38,9.26,1.0,453818
2026-07-29,NYSE:GPRK,9.5599,9.26,9.5,9.39,1.0,464938
2026-07-30,NYSE:GPRK,9.64,9.37,9.37,9.59,1.0,223524
2026-07-31,NYSE:GPRK,9.98,9.555,9.98,9.75,1.0,355021
2026-08-03,NYSE:GPRK,9.67,9.41,9.5,9.5,1.0,334162
2026-08-04,NYSE:GPRK,9.47,9.15,9.45,9.38,1.0,469262
2026-08-05,NYSE:GPRK,9.64,9.25,9.44,9.49,1.0,281680
2026-08-06,NYSE:GPRK,9.66,9.45,9.66,9.51,1.0,243169
2026-08-07,NYSE:GPRK,9.52,9.25,9.44,9.43,1.0,519256
2026-08-10,NYSE:GPRK,9.755,9.545,9.58,9.66,1.0,505276
2026-08-11,NYSE:GPRK,9.7,9.24,9.62,9.31,1.0,367511
2026-08-12,NYSE:GPRK,9.37,9.175,9.3,9.27,1.0,254925
2026-08-13,NYSE:GPRK,9.38,9.05,9.07,9.37,1.0,261636
2026-08-14,NYSE:GPRK,9.6,9.41,9.47,9.47,1.0,207054
2026-08-17,NYSE:GPRK,9.68,9.39,9.5,9.59,1.0,216842
2026-08-18,NYSE:GPRK,9.76,9.37,9.7,9.37,1.0,266594
2026-08-19,NYSE:GPRK,9.66,9.4415,9.53,9.53,1.0,456610
2026-08-20,NYSE:GPRK,10.01,9.62,9.67,9.78,1.0,294174
2026-08-21,NYSE:GPRK,9.84,9.7,9.76,9.79,1.0,303431
2026-08-24,NYSE:GPRK,9.865,9.63,9.74,9.84,1.0,328199
2026-08-25,NYSE:GPRK,9.79,9.56,9.69,9.74,1.0,341160
2026-08-26,NYSE:GPRK,9.83,9.6,9.62,9.71,1.0,223981
2026-08-27,NYSE:GPRK,9.88,9.5415,9.67,9.85,1.0,274826
2026-08-28,NYSE:GPRK,10.04,9.7,9.86,9.83,1.0,371134
2026-08-31,NYSE:GPRK,11.2132,10.25,10.26,11.0,1.0,2051118
2026-09-01,NYSE:GPRK,11.23,10.73,11.14,11.23,1.0,1162967
2026-09-02,NYSE:GPRK,11.98,10.82,11.1,11.69,1.0,1153952
2026-09-03,NYSE:GPRK,13.13,11.8,12.695,11.9,1.0,3857167
2026-09-04,NYSE:GPRK,11.92,11.445,11.77,11.56,1.0,1309935
2026-07-27,NASDAQ:HOPE,13.95,13.59,13.59,13.82,1.0,1244757
2026-07-28,NASDAQ:HOPE,14.21,13.755,13.85,14.12,1.0,1095855
2026-07-29,NASDAQ:HOPE,14.19,13.98,14.03,14.12,1.0,1229458
2026-07-30,NASDAQ:HOPE,14.225,13.97,14.17,14.03,1.0,908454
2026-07-31,NASDAQ:HOPE,14.125,13.87,14.11,14.01,1.0,1101607
2026-08-03,NASDAQ:HOPE,14.28,14.11,14.11,14.19,1.0,1478280
2026-08-04,NASDAQ:HOPE,14.48,14.12,14.2,14.36,1.0,1477289
2026-08-05,NASDAQ:HOPE,14.4,14.205,14.38,14.27,1.0,1238684
2026-08-06,NASDAQ:HOPE,14.195,13.93,14.16,13.96,1.0,927179
2026-08-07,NASDAQ:HOPE,14.05,13.83,13.96,13.99,1.0,988438
2026-08-10,NASDAQ:HOPE,14.01,13.82,13.94,14.0,1.0,898680
2026-08-11,NASDAQ:HOPE,14.27,14.02,14.02,14.24,1.0,997570
2026-08-12,NASDAQ:HOPE,14.365,14.215,14.28,14.3,1.0,815928
2026-08-13,NASDAQ:HOPE,14.5,14.3,14.3,14.5,1.0,1189321
2026-08-14,NASDAQ:HOPE,14.594000000000001,14.355,14.5,14.45,1.0,859037
2026-08-17,NASDAQ:HOPE,14.45,14.305,14.4,14.36,1.0,722562
2026-08-18,NASDAQ:HOPE,14.43,14.17,14.38,14.24,1.0,640264
2026-08-19,NASDAQ:HOPE,14.335,13.912,14.29,13.97,1.0,1203911
2026-08-20,NASDAQ:HOPE,14.02,13.86,13.92,13.97,1.0,825502
2026-08-21,NASDAQ:HOPE,14.13,13.845,14.11,13.97,1.0,1408305
2026-08-24,NASDAQ:HOPE,14.075,13.92,13.96,13.95,1.0,585721
2026-08-25,NASDAQ:HOPE,13.975,13.85,13.96,13.87,1.0,608268
2026-08-26,NASDAQ:HOPE,13.94,13.78,13.87,13.92,1.0,743650
2026-08-27,NASDAQ:HOPE,13.955,13.725,13.86,13.93,1.0,757008
2026-08-28,NASDAQ:HOPE,14.045,13.89,13.93,13.92,1.0,637286
2026-08-31,NASDAQ:HOPE,13.91,13.71,13.91,13.79,1.0,856713
2026-09-01,NASDAQ:HOPE,13.909,13.6,13.75,13.63,1.0,755678
2026-09-02,NASDAQ:HOPE,14.065,13.67,13.71,13.96,1.0,953647
2026-09-03,NASDAQ:HOPE,14.22,14.0,14.11,14.0,1.0,676647
2026-09-04,NASDAQ:HOPE,14.22,13.96,13.96,14.13,1.0,486826
2026-07-27,NYSE:NCDL,12.57,12.1501,12.26,12.45,1.0,258442
2026-07-28,NYSE:NCDL,12.68,12.43,12.56,12.64,1.0,258929
2026-07-29,NYSE:NCDL,12.71,12.17,12.71,12.34,1.0,238439
2026-07-30,NYSE:NCDL,12.3,12.14,12.23,12.19,1.0,369122
2026-07-31,NYSE:NCDL,12.37,11.99,12.17,12.12,1.0,258688
2026-08-03,NYSE:NCDL,12.52,12.23,12.23,12.46,1.0,127041
2026-08-04,NYSE:NCDL,12.8,12.435,12.48,12.73,1.0,189568
2026-08-05,NYSE:NCDL,12.79,12.37,12.75,12.5,1.0,188200
2026-08-06,NYSE:NCDL,12.68,12.26,12.35,12.53,1.0,144625
2026-08-07,NYSE:NCDL,13.05,12.44,12.47,12.82,1.0,187959
2026-08-10,NYSE:NCDL,12.7652,12.41,12.71,12.61,1.0,98874
2026-08-11,NYSE:NCDL,12.6855,12.49,12.53,12.54,1.0,83675
2026-08-12,NYSE:NCDL,12.82,12.19,12.54,12.38,1.0,269218
2026-08-13,NYSE:NCDL,12.63,12.35,12.35,12.61,1.0,78128
2026-08-14,NYSE:NCDL,12.74,12.405,12.52,12.44,1.0,75034
2026-08-17,NYSE:NCDL,12.55,12.22,12.39,12.22,1.0,208334
2026-08-18,NYSE:NCDL,12.42,12.1595,12.25,12.3,1.0,101287
2026-08-19,NYSE:NCDL,12.54,12.34,12.43,12.35,1.0,146889
2026-08-20,NYSE:NCDL,12.44,12.27,12.27,12.37,1.0,103260
2026-08-21,NYSE:NCDL,12.535,12.21,12.4,12.31,1.0,150147
2026-08-24,NYSE:NCDL,12.47,12.17,12.28,12.32,1.0,121666
2026-08-25,NYSE:NCDL,12.42,12.28,12.41,12.36,1.0,72182
2026-08-26,NYSE:NCDL,12.42,12.245,12.4,12.27,1.0,129140
2026-08-27,NYSE:NCDL,12.49,12.23,12.23,12.4,1.0,198127
2026-08-28,NYSE:NCDL,12.4799,12.29,12.32,12.31,1.0,104608
2026-08-31,NYSE:NCDL,12.68,12.355,12.39,12.51,1.0,161364
2026-09-01,NYSE:NCDL,12.8301,12.53,12.78,12.54,1.0,220297
2026-09-02,NYSE:NCDL,12.7,12.52,12.7,12.6,1.0,158575
2026-09-03,NYSE:NCDL,12.8199,12.535,12.65,12.57,1.0,272414
2026-09-04,NYSE:NCDL,12.61,12.4576,12.55,12.51,1.0,159232
2026-07-27,NASDAQ:EMBC,3.49,3.34,3.34,3.435,1.0,875294
2026-07-28,NASDAQ:EMBC,3.625,3.47,3.47,3.59,1.0,1031705
2026-07-29,NASDAQ:EMBC,3.745,3.5698,3.59,3.68,1.0,1082303
2026-07-30,NASDAQ:EMBC,3.7,3.575,3.62,3.66,1.0,1071760
2026-07-31,NASDAQ:EMBC,3.69,3.525,3.61,3.64,1.0,1252895
2026-08-03,NASDAQ:EMBC,3.8984,3.67,3.69,3.72,1.0,1122516
2026-08-04,NASDAQ:EMBC,3.85,3.7,3.7,3.82,1.0,1047875
2026-08-05,NASDAQ:EMBC,3.81,3.51,3.81,3.57,1.0,1098246
2026-08-06,NASDAQ:EMBC,3.6189,3.47,3.52,3.5,1.0,1323806
2026-08-07,NASDAQ:EMBC,4.69,3.96,4.14,4.42,1.0,5588459
2026-08-10,NASDAQ:EMBC,5.01,4.2,4.44,4.99,1.0,4011533
2026-08-11,NASDAQ:EMBC,5.14,4.845,4.92,4.88,1.0,2463853
2026-08-12,NASDAQ:EMBC,4.9999,4.63,4.99,4.75,1.0,1651179
2026-08-13,NASDAQ:EMBC,5.22,4.72,4.72,5.11,1.0,2618693
2026-08-14,NASDAQ:EMBC,5.21,4.985,5.16,5.1,1.0,1540033
2026-08-17,NASDAQ:EMBC,5.26,4.975,5.02,5.13,1.0,1570681
2026-08-18,NASDAQ:EMBC,5.38,5.065,5.13,5.1,1.0,1109457
2026-08-19,NASDAQ:EMBC,5.43,5.1,5.1,5.42,1.0,1263581
2026-08-20,NASDAQ:EMBC,5.625,5.32,5.32,5.47,1.0,1624331
2026-08-21,NASDAQ:EMBC,5.47,5.12,5.43,5.23,1.0,1126878
2026-08-24,NASDAQ:EMBC,5.275,4.95,5.195,4.99,1.0,991821
2026-08-25,NASDAQ:EMBC,5.04,4.875,4.99,5.03,1.0,1287688
2026-08-26,NASDAQ:EMBC,5.015,4.89,4.98,4.96,1.0,817063
2026-08-27,NASDAQ:EMBC,5.0,4.8,4.9,4.97,1.0,952637
2026-08-28,NASDAQ:EMBC,5.1793,4.99,5.03,5.05,1.0,1473295
2026-08-31,NASDAQ:EMBC,5.235,4.92,5.0,5.14,1.0,2765941
2026-09-01,NASDAQ:EMBC,5.315,5.06,5.07,5.25,1.0,2090339
2026-09-02,NASDAQ:EMBC,5.695,5.27,5.27,5.69,1.0,1301665
2026-09-03,NASDAQ:EMBC,5.77,5.505,5.7,5.69,1.0,1160095
2026-09-04,NASDAQ:EMBC,5.91,5.6,5.63,5.8,1.0,1000728
2026-07-27,NYSE:DOC,22.54,22.17,22.22,22.52,1.0,5733786
2026-07-28,NYSE:DOC,22.949,22.575,22.7,22.82,1.0,7430070
2026-07-29,NYSE:DOC,22.9064,22.4,22.79,22.48,1.0,5539501
2026-07-30,NYSE:DOC,22.47,21.885,22.45,22.06,1.0,5462770
2026-07-31,NYSE:DOC,22.175,21.68,22.07,21.83,1.0,7333406
2026-08-03,NYSE:DOC,22.03,21.64,21.89,21.64,1.0,5963608
2026-08-04,NYSE:DOC,21.845,21.19,21.52,21.62,1.0,7445886
2026-08-05,NYSE:DOC,22.44,21.75,22.0,21.79,1.0,10595173
2026-08-06,NYSE:DOC,22.005,21.06,21.98,21.1,1.0,8198386
2026-08-07,NYSE:DOC,21.41,21.01,21.09,21.41,1.0,4094056
2026-08-10,NYSE:DOC,21.3,20.885,21.3,20.9,1.0,5563283
2026-08-11,NYSE:DOC,20.9891,20.465,20.88,20.51,1.0,5072060
2026-08-12,NYSE:DOC,20.835,20.55,20.7,20.66,1.0,4087409
2026-08-13,NYSE:DOC,20.96,20.7,20.88,20.81,1.0,3220654
2026-08-14,NYSE:DOC,20.89,20.695,20.77,20.79,1.0,2952345
2026-08-17,NYSE:DOC,20.65,20.4,20.61,20.58,1.0,4515353
2026-08-18,NYSE:DOC,20.755,20.4,20.4,20.44,1.0,4446201
2026-08-19,NYSE:DOC,20.77,20.47,20.53,20.76,1.0,3358535
2026-08-20,NYSE:DOC,21.32,20.69,20.69,21.2,1.0,4808670
2026-08-21,NYSE:DOC,21.425,20.97,21.3,21.4,1.0,5746241
2026-08-24,NYSE:DOC,21.765,21.405,21.54,21.63,1.0,4029584
2026-08-25,NYSE:DOC,21.78,21.495,21.72,21.66,1.0,4205359
2026-08-26,NYSE:DOC,21.8,21.52,21.66,21.58,1.0,4301859
2026-08-27,NYSE:DOC,21.54,21.21,21.46,21.22,1.0,3434637
2026-08-28,NYSE:DOC,21.37,20.94,21.34,20.96,1.0,3090358
2026-08-31,NYSE:DOC,20.9952,20.685,20.87,20.82,1.0,5595775
2026-09-01,NYSE:DOC,21.03,20.66,20.8,20.82,1.0,4503842
2026-09-02,NYSE:DOC,21.125,20.62,20.72,21.03,1.0,5637400
2026-09-03,NYSE:DOC,21.28,20.815,21.21,21.03,1.0,4255499
2026-09-04,NYSE:DOC,21.15,20.62,20.94,20.65,1.0,3052387
2026-07-27,NYSE:VTS,15.57,15.21,15.45,15.24,1.0,519844
2026-07-28,NYSE:VTS,15.36,15.0,15.36,15.0,1.0,443892
2026-07-29,NYSE:VTS,15.5,15.235,15.38,15.45,1.0,416903
2026-07-30,NYSE:VTS,15.4,15.07,15.26,15.25,1.0,360536
2026-07-31,NYSE:VTS,15.6,15.135,15.31,15.6,1.0,413718
2026-08-03,NYSE:VTS,15.5801,15.21,15.32,15.52,1.0,434543
2026-08-04,NYSE:VTS,15.68,15.05,15.2,15.67,1.0,852317
2026-08-05,NYSE:VTS,15.98,15.51,15.88,15.8,1.0,591462
2026-08-06,NYSE:VTS,16.035,15.73,15.99,15.73,1.0,581055
2026-08-07,NYSE:VTS,16.05,15.63,15.63,15.8,1.0,523628
2026-08-10,NYSE:VTS,16.18,15.83,15.99,16.15,1.0,612622
2026-08-11,NYSE:VTS,16.42,16.0,16.1,16.4,1.0,685561
2026-08-12,NYSE:VTS,16.4,16.09,16.23,16.27,1.0,450523
2026-08-13,NYSE:VTS,16.23,15.85,16.03,16.2,1.0,368283
2026-08-14,NYSE:VTS,16.4,16.15,16.32,16.22,1.0,560319
2026-08-17,NYSE:VTS,16.66,16.18,16.26,16.63,1.0,461047
2026-08-18,NYSE:VTS,16.88,16.41,16.85,16.45,1.0,383539
2026-08-19,NYSE:VTS,16.93,16.54,16.54,16.82,1.0,364292
2026-08-20,NYSE:VTS,17.44,16.95,17.02,17.16,1.0,579182
2026-08-21,NYSE:VTS,17.36,16.97,17.36,17.11,1.0,382433
2026-08-24,NYSE:VTS,17.2299,16.89,16.89,17.05,1.0,364220
2026-08-25,NYSE:VTS,17.03,16.69,16.8,16.99,1.0,339216
2026-08-26,NYSE:VTS,17.115,16.69,16.79,16.93,1.0,369669
2026-08-27,NYSE:VTS,17.24,16.7717,17.01,17.21,1.0,367820
2026-08-28,NYSE:VTS,17.33,17.0,17.26,17.19,1.0,344055
2026-08-31,NYSE:VTS,17.58,17.23,17.38,17.49,1.0,479928
2026-09-01,NYSE:VTS,17.7,17.42,17.69,17.64,1.0,522254
2026-09-02,NYSE:VTS,17.72,17.52,17.52,17.62,1.0,642428
2026-09-03,NYSE:VTS,17.7,17.31,17.7,17.41,1.0,374229
2026-09-04,NYSE:VTS,17.84,17.19,17.35,17.78,1.0,584775
2026-07-27,NYSE:WU,8.345,8.13,8.23,8.17,1.0,6612405
2026-07-28,NYSE:WU,8.385,8.19,8.25,8.26,1.0,8112494
2026-07-29,NYSE:WU,8.37,8.04,8.22,8.09,1.0,7131947
2026-07-30,NYSE:WU,8.16,7.58,8.16,7.69,1.0,21414903
2026-07-31,NYSE:WU,7.21,6.27,7.085,6.36,1.0,55657190
2026-08-03,NYSE:WU,6.665,6.38,6.398,6.55,1.0,20254764
2026-08-04,NYSE:WU,7.355,6.575,6.61,7.31,1.0,33744347
2026-08-05,NYSE:WU,7.41,7.195,7.27,7.26,1.0,11307228
2026-08-06,NYSE:WU,7.23,7.06,7.21,7.16,1.0,8536171
2026-08-07,NYSE:WU,7.21,7.03,7.21,7.08,1.0,7276526
2026-08-10,NYSE:WU,7.04,6.89,7.01,7.03,1.0,8076544
2026-08-11,NYSE:WU,7.13,6.99,6.99,7.05,1.0,6144113
2026-08-12,NYSE:WU,7.17,6.92,7.0,7.14,1.0,8675025
2026-08-13,NYSE:WU,7.52,7.11,7.11,7.49,1.0,13393415
2026-08-14,NYSE:WU,7.51,7.3,7.46,7.45,1.0,7938545
2026-08-17,NYSE:WU,7.4063,7.07,7.4,7.18,1.0,8694345
2026-08-18,NYSE:WU,7.41,7.195,7.225,7.21,1.0,7615868
2026-08-19,NYSE:WU,7.34,7.18,7.21,7.2,1.0,7568596
2026-08-20,NYSE:WU,7.325,7.16,7.17,7.29,1.0,6342551
2026-08-21,NYSE:WU,7.3999,7.25,7.31,7.3,1.0,7132863
2026-08-24,NYSE:WU,7.49,7.3,7.32,7.32,1.0,9630371
2026-08-25,NYSE:WU,7.4288,7.225,7.29,7.34,1.0,5365816
2026-08-26,NYSE:WU,7.34,7.23,7.32,7.26,1.0,4134500
2026-08-27,NYSE:WU,7.28,7.17,7.25,7.21,1.0,6376406
2026-08-28,NYSE:WU,7.3,7.2,7.22,7.24,1.0,6769258
2026-08-31,NYSE:WU,7.24,7.07,7.24,7.16,1.0,12438951
2026-09-01,NYSE:WU,7.25,6.98,7.098,7.06,1.0,10776577
2026-09-02,NYSE:WU,7.36,7.06,7.08,7.3,1.0,7942338
2026-09-03,NYSE:WU,7.4239999999999995,7.19,7.39,7.25,1.0,5810694
2026-09-04,NYSE:WU,7.24,7.135,7.2,7.18,1.0,6148461
2026-07-27,NYSE:BCH,41.9999,41.15,41.35,41.4,1.0,289864
2026-07-28,NYSE:BCH,41.59,40.41,41.06,40.44,1.0,183012
2026-07-29,NYSE:BCH,41.365,39.5989,40.16,40.79,1.0,318928
2026-07-30,NYSE:BCH,42.34,41.48,41.48,42.25,1.0,245586
2026-07-31,NYSE:BCH,42.4,41.1301,42.4,41.35,1.0,355178
2026-08-03,NYSE:BCH,42.05,40.87,41.76,41.55,1.0,454911
2026-08-04,NYSE:BCH,42.0,41.38,42.0,41.38,1.0,436084
2026-08-05,NYSE:BCH,42.18,41.51,41.51,41.64,1.0,201316
2026-08-06,NYSE:BCH,42.5599,41.65,41.78,42.16,1.0,176433
2026-08-07,NYSE:BCH,42.68,41.13,42.29,41.42,1.0,603218
2026-08-10,NYSE:BCH,41.695,40.91,41.24,41.49,1.0,179833
2026-08-11,NYSE:BCH,41.78,40.8,41.43,40.9,1.0,310249
2026-08-12,NYSE:BCH,41.43,39.89,41.15,39.9,1.0,252520
2026-08-13,NYSE:BCH,40.61,39.64,39.9,40.55,1.0,341949
2026-08-14,NYSE:BCH,41.01,40.41,40.87,40.69,1.0,153011
2026-08-17,NYSE:BCH,41.275,40.35,40.65,41.09,1.0,215503
2026-08-18,NYSE:BCH,41.33,40.7,40.91,41.09,1.0,277647
2026-08-19,NYSE:BCH,42.03,41.33,41.44,41.76,1.0,447113
2026-08-20,NYSE:BCH,41.63,40.64,41.63,41.05,1.0,252576
2026-08-21,NYSE:BCH,42.475,41.225,41.61,42.2,1.0,240766
2026-08-24,NYSE:BCH,43.14,41.98,41.98,43.04,1.0,246848
2026-08-25,NYSE:BCH,43.05,42.41,43.02,42.65,1.0,418591
2026-08-26,NYSE:BCH,42.84,41.34,42.79,41.63,1.0,282160
2026-08-27,NYSE:BCH,41.88,41.18,41.68,41.6,1.0,234888
2026-08-28,NYSE:BCH,41.96,41.26,41.75,41.63,1.0,150010
2026-08-31,NYSE:BCH,41.84,41.05,41.84,41.11,1.0,279280
2026-09-01,NYSE:BCH,41.76,40.9,40.9,41.45,1.0,271715
2026-09-02,NYSE:BCH,42.4,41.5,41.85,42.38,1.0,535180
2026-09-03,NYSE:BCH,43.12,42.295,42.81,42.92,1.0,323384
2026-09-04,NYSE:BCH,42.72,42.06,42.34,42.37,1.0,199283
2026-07-27,NASDAQ:PANL,7.69,7.38,7.67,7.46,1.0,364098
2026-07-28,NASDAQ:PANL,7.565,7.34,7.45,7.54,1.0,380852
2026-07-29,NASDAQ:PANL,7.575,7.3599,7.54,7.4,1.0,234320
2026-07-30,NASDAQ:PANL,7.575,7.335,7.39,7.54,1.0,233062
2026-07-31,NASDAQ:PANL,7.615,7.46,7.5,7.61,1.0,296370
2026-08-03,NASDAQ:PANL,7.747999999999999,7.43,7.747999999999999,7.61,1.0,411822
2026-08-04,NASDAQ:PANL,7.59,7.385,7.56,7.42,1.0,292177
2026-08-05,NASDAQ:PANL,7.45,7.21,7.45,7.24,1.0,427623
2026-08-06,NASDAQ:PANL,7.475,7.285,7.33,7.44,1.0,306863
2026-08-07,NASDAQ:PANL,7.54,7.22,7.44,7.42,1.0,287154
2026-08-10,NASDAQ:PANL,7.5,7.29,7.42,7.33,1.0,433904
2026-08-11,NASDAQ:PANL,6.97,6.61,6.81,6.91,1.0,952356
2026-08-12,NASDAQ:PANL,7.285,6.93,6.95,7.28,1.0,416840
2026-08-13,NASDAQ:PANL,7.63,7.28,7.28,7.57,1.0,548858
2026-08-14,NASDAQ:PANL,7.6,7.39,7.59,7.44,1.0,326473
2026-08-17,NASDAQ:PANL,7.685,7.45,7.47,7.67,1.0,419408
2026-08-18,NASDAQ:PANL,7.8,7.56,7.67,7.76,1.0,287920
2026-08-19,NASDAQ:PANL,7.9,7.77,7.77,7.82,1.0,297595
2026-08-20,NASDAQ:PANL,7.95,7.7,7.79,7.9,1.0,459965
2026-08-21,NASDAQ:PANL,8.2303,7.97,7.99,8.14,1.0,500337
2026-08-24,NASDAQ:PANL,8.37,8.081,8.09,8.36,1.0,475124
2026-08-25,NASDAQ:PANL,8.39,8.175,8.35,8.39,1.0,323548
2026-08-26,NASDAQ:PANL,8.35,7.87,8.35,7.92,1.0,332866
2026-08-27,NASDAQ:PANL,8.18,7.89,7.95,7.9,1.0,414738
2026-08-28,NASDAQ:PANL,8.29,8.055,8.07,8.06,1.0,380844
2026-08-31,NASDAQ:PANL,8.185,7.97,8.058,8.12,1.0,397117
2026-09-01,NASDAQ:PANL,8.15,8.0,8.0,8.07,1.0,301997
2026-09-02,NASDAQ:PANL,8.37,8.08,8.16,8.31,1.0,420359
2026-09-03,NASDAQ:PANL,8.405,8.17,8.33,8.29,1.0,523580
2026-09-04,NASDAQ:PANL,8.64,8.35,8.35,8.55,1.0,408706
2026-07-27,NYSE:BCC,79.76,77.88,78.41,78.22,1.0,275007
2026-07-28,NYSE:BCC,81.8599,79.92,79.92,80.38,1.0,301582
2026-07-29,NYSE:BCC,79.2675,76.635,78.79,77.68,1.0,389877
2026-07-30,NYSE:BCC,77.685,74.81,77.63,75.38,1.0,326572
2026-07-31,NYSE:BCC,76.78,75.0,75.94,76.38,1.0,302384
2026-08-03,NYSE:BCC,83.09,78.12,78.12,83.03,1.0,813869
2026-08-04,NYSE:BCC,88.4299,82.28,82.76,86.49,1.0,688182
2026-08-05,NYSE:BCC,85.6275,82.3634,84.51,84.8,1.0,419317
2026-08-06,NYSE:BCC,84.955,81.65,84.53,84.26,1.0,471369
2026-08-07,NYSE:BCC,87.82,84.065,84.55,86.6,1.0,325849
2026-08-10,NYSE:BCC,85.645,84.26,85.56,84.75,1.0,234495
2026-08-11,NYSE:BCC,86.365,84.78,85.11,85.53,1.0,261235
2026-08-12,NYSE:BCC,85.46,82.18,85.46,84.25,1.0,271141
2026-08-13,NYSE:BCC,85.7,83.6925,84.88,84.13,1.0,217470
2026-08-14,NYSE:BCC,84.43,82.8,84.29,83.24,1.0,193207
2026-08-17,NYSE:BCC,82.63,81.11,82.38,81.94,1.0,275359
2026-08-18,NYSE:BCC,82.33,80.07,82.28,80.18,1.0,230371
2026-08-19,NYSE:BCC,83.94,81.0,81.61,83.13,1.0,279396
2026-08-20,NYSE:BCC,82.18,80.0,80.73,81.77,1.0,248370
2026-08-21,NYSE:BCC,83.23,81.53,82.05,82.47,1.0,261150
2026-08-24,NYSE:BCC,83.44,81.53,82.95,82.24,1.0,229531
2026-08-25,NYSE:BCC,82.73,80.255,82.73,81.04,1.0,227141
2026-08-26,NYSE:BCC,81.33,79.58,81.16,79.94,1.0,194237
2026-08-27,NYSE:BCC,79.965,78.6106,78.99,78.77,1.0,320824
2026-08-28,NYSE:BCC,79.595,77.135,78.89,78.75,1.0,243381
2026-08-31,NYSE:BCC,78.75,76.75,78.49,78.01,1.0,365420
2026-09-01,NYSE:BCC,77.22,74.99,76.75,75.84,1.0,383892
2026-09-02,NYSE:BCC,77.74,75.62,75.82,76.31,1.0,294552
2026-09-03,NYSE:BCC,78.54,75.414,77.69,77.12,1.0,290680
2026-09-04,NYSE:BCC,80.245,76.41,76.41,79.235,1.0,244395
2026-07-27,NYSE:USAC,26.025,25.53,25.75,25.69,1.0,331348
2026-07-28,NYSE:USAC,26.08,25.37,25.68,25.89,1.0,181590
2026-07-29,NYSE:USAC,26.16,25.4,25.91,25.44,1.0,207024
2026-07-30,NYSE:USAC,26.14,25.51,25.51,26.12,1.0,242575
2026-07-31,NYSE:USAC,26.61,25.81,26.34,26.16,1.0,333803
2026-08-03,NYSE:USAC,26.32,25.26,26.03,25.7,1.0,420583
2026-08-04,NYSE:USAC,26.4,25.6415,26.0,26.32,1.0,211386
2026-08-05,NYSE:USAC,26.4707,25.66,26.25,25.71,1.0,178014
2026-08-06,NYSE:USAC,26.39,25.97,26.04,26.08,1.0,212223
2026-08-07,NYSE:USAC,26.2299,25.46,26.09,25.82,1.0,278471
2026-08-10,NYSE:USAC,26.085,25.535,25.75,26.03,1.0,538049
2026-08-11,NYSE:USAC,26.23,25.6,25.66,25.84,1.0,208615
2026-08-12,NYSE:USAC,26.53,25.8,25.93,26.5,1.0,157647
2026-08-13,NYSE:USAC,26.51,25.85,26.51,26.06,1.0,344990
2026-08-14,NYSE:USAC,26.75,25.96,25.96,26.62,1.0,621281
2026-08-17,NYSE:USAC,27.03,26.4,26.84,26.91,1.0,368236
2026-08-18,NYSE:USAC,27.06,26.46,27.06,26.67,1.0,285458
2026-08-19,NYSE:USAC,26.92,26.31,26.86,26.85,1.0,327457
2026-08-20,NYSE:USAC,26.92,26.32,26.92,26.36,1.0,157688
2026-08-21,NYSE:USAC,26.61,26.06,26.61,26.55,1.0,154620
2026-08-24,NYSE:USAC,26.765,26.3333,26.6,26.44,1.0,279013
2026-08-25,NYSE:USAC,26.91,26.34,26.5,26.76,1.0,354497
2026-08-26,NYSE:USAC,27.205,26.6937,26.82,27.07,1.0,274902
2026-08-27,NYSE:USAC,27.15,26.63,27.15,26.75,1.0,338148
2026-08-28,NYSE:USAC,26.9899,26.55,26.55,26.93,1.0,89850
2026-08-31,NYSE:USAC,27.135,26.8299,27.07,27.06,1.0,217902
2026-09-01,NYSE:USAC,27.265,26.81,27.12,27.2,1.0,475674
2026-09-02,NYSE:USAC,27.6,26.96,27.2,27.47,1.0,369650
2026-09-03,NYSE:USAC,27.62,27.21,27.55,27.56,1.0,227911
2026-09-04,NYSE:USAC,27.4579,27.1,27.19,27.26,1.0,173749
2026-07-27,NASDAQ:RMR,20.39,20.0,20.1,20.35,1.0,121215
2026-07-28,NASDAQ:RMR,20.5,20.05,20.375,20.05,1.0,165309
2026-07-29,NASDAQ:RMR,20.17,19.45,20.0,19.59,1.0,179974
2026-07-30,NASDAQ:RMR,19.61,19.32,19.61,19.46,1.0,152682
2026-07-31,NASDAQ:RMR,19.647000000000002,18.96,19.44,19.04,1.0,148411
2026-08-03,NASDAQ:RMR,19.35,18.8,19.15,18.85,1.0,166075
2026-08-04,NASDAQ:RMR,19.16,18.79,19.0,18.99,1.0,280585
2026-08-05,NASDAQ:RMR,19.5,18.82,19.13,18.95,1.0,168980
2026-08-06,NASDAQ:RMR,19.06,17.8801,18.64,18.8,1.0,303808
2026-08-07,NASDAQ:RMR,19.52,18.95,19.02,19.45,1.0,237808
2026-08-10,NASDAQ:RMR,19.62,19.125,19.28,19.59,1.0,185210
2026-08-11,NASDAQ:RMR,19.91,19.555,19.6,19.72,1.0,112997
2026-08-12,NASDAQ:RMR,19.945,19.57,19.83,19.72,1.0,106456
2026-08-13,NASDAQ:RMR,20.28,19.79,19.79,20.26,1.0,109577
2026-08-14,NASDAQ:RMR,20.3028,20.105,20.22,20.26,1.0,130854
2026-08-17,NASDAQ:RMR,20.45,20.04,20.19,20.38,1.0,106411
2026-08-18,NASDAQ:RMR,20.53,19.78,20.48,19.85,1.0,97093
2026-08-19,NASDAQ:RMR,20.37,19.85,19.91,19.97,1.0,81674
2026-08-20,NASDAQ:RMR,19.925,19.67,19.85,19.81,1.0,51526
2026-08-21,NASDAQ:RMR,20.04,19.675,19.89,20.0,1.0,146117
2026-08-24,NASDAQ:RMR,20.2799,19.62,19.98,19.68,1.0,87975
2026-08-25,NASDAQ:RMR,19.75,19.47,19.68,19.67,1.0,79042
2026-08-26,NASDAQ:RMR,19.9208,19.4,19.7,19.5,1.0,71037
2026-08-27,NASDAQ:RMR,19.68,19.36,19.48,19.48,1.0,69364
2026-08-28,NASDAQ:RMR,19.725,19.3,19.49,19.46,1.0,104041
2026-08-31,NASDAQ:RMR,19.51,19.31,19.46,19.32,1.0,103251
2026-09-01,NASDAQ:RMR,19.3694,19.125,19.28,19.22,1.0,82237
2026-09-02,NASDAQ:RMR,19.6,19.2381,19.26,19.48,1.0,111793
2026-09-03,NASDAQ:RMR,19.74,19.37,19.67,19.4,1.0,74257
2026-09-04,NASDAQ:RMR,19.68,19.28,19.31,19.55,1.0,92939
2026-07-27,NYSE:WES,47.5,46.47,47.3,46.73,1.0,1152409
2026-07-28,NYSE:WES,47.9299,46.7501,46.78,47.06,1.0,980880
2026-07-29,NYSE:WES,47.6819,46.77,47.24,46.99,1.0,1083403
2026-07-30,NYSE:WES,47.81,46.735,46.9,47.52,1.0,1001976
2026-07-31,NYSE:WES,46.77,45.85,46.35,46.57,1.0,1073506
2026-08-03,NYSE:WES,46.74,45.4234,46.0,46.74,1.0,749055
2026-08-04,NYSE:WES,46.97,45.8,46.12,46.67,1.0,831514
2026-08-05,NYSE:WES,46.85,45.99,46.59,46.15,1.0,891345
2026-08-06,NYSE:WES,47.4,46.13,47.03,46.96,1.0,1141393
2026-08-07,NYSE:WES,47.43,46.51,47.0,46.62,1.0,742297
2026-08-10,NYSE:WES,47.59,46.8,46.8,47.4,1.0,1250908
2026-08-11,NYSE:WES,48.4899,47.44,47.5,48.12,1.0,774807
2026-08-12,NYSE:WES,48.84,48.16,48.26,48.17,1.0,645023
2026-08-13,NYSE:WES,48.8,48.215,48.34,48.29,1.0,865723
2026-08-14,NYSE:WES,49.0,48.29,48.65,48.92,1.0,1786016
2026-08-17,NYSE:WES,49.1682,48.41,48.77,48.59,1.0,656463
2026-08-18,NYSE:WES,50.07,48.9,48.9,49.8,1.0,850062
2026-08-19,NYSE:WES,49.9779,48.8,49.85,49.01,1.0,742297
2026-08-20,NYSE:WES,49.843,48.62,49.39,48.65,1.0,495194
2026-08-21,NYSE:WES,49.12,48.1,48.76,48.36,1.0,542676
2026-08-24,NYSE:WES,48.64,47.92,48.45,48.53,1.0,525751
2026-08-25,NYSE:WES,48.71,47.93,48.42,47.94,1.0,542383
2026-08-26,NYSE:WES,48.8255,48.0,48.0,48.53,1.0,574094
2026-08-27,NYSE:WES,48.49,47.62,48.28,47.81,1.0,750496
2026-08-28,NYSE:WES,48.3,47.72,48.01,48.3,1.0,427103
2026-08-31,NYSE:WES,48.7463,47.72,48.31,48.1,1.0,755848
2026-09-01,NYSE:WES,49.14,48.215,48.38,48.99,1.0,891420
2026-09-02,NYSE:WES,49.1,48.12,48.64,48.96,1.0,1198917
2026-09-03,NYSE:WES,49.75,48.9,49.17,49.19,1.0,615282
2026-09-04,NYSE:WES,49.57,48.62,49.18,49.54,1.0,739166
2026-07-27,NASDAQ:WEN,7.51,7.05,7.075,7.31,1.0,9353981
2026-07-28,NASDAQ:WEN,7.685,7.33,7.4,7.67,1.0,6725371
2026-07-29,NASDAQ:WEN,7.84,7.52,7.54,7.65,1.0,6714205
2026-07-30,NASDAQ:WEN,7.7319,7.28,7.71,7.36,1.0,5417035
2026-07-31,NASDAQ:WEN,7.395,7.26,7.335,7.36,1.0,5321316
2026-08-03,NASDAQ:WEN,7.61,7.415,7.415,7.53,1.0,5038481
2026-08-04,NASDAQ:WEN,7.74,7.495,7.55,7.69,1.0,5089583
2026-08-05,NASDAQ:WEN,7.99,7.68,7.69,7.99,1.0,5099502
2026-08-06,NASDAQ:WEN,7.85,7.325,7.84,7.39,1.0,12691810
2026-08-07,NASDAQ:WEN,7.73,7.06,7.08,7.69,1.0,18286071
2026-08-10,NASDAQ:WEN,7.54,7.195,7.5,7.3,1.0,13528886
2026-08-11,NASDAQ:WEN,7.59,7.235,7.235,7.55,1.0,7920257
2026-08-12,NASDAQ:WEN,8.8,7.5,7.51,8.66,1.0,45088860
2026-08-13,NASDAQ:WEN,8.71,8.37,8.57,8.65,1.0,12612162
2026-08-14,NASDAQ:WEN,8.71,8.5,8.66,8.64,1.0,7164622
2026-08-17,NASDAQ:WEN,8.67,8.46,8.526,8.62,1.0,6377522
2026-08-18,NASDAQ:WEN,8.565,8.34,8.45,8.44,1.0,6644764
2026-08-19,NASDAQ:WEN,8.99,8.52,8.52,8.93,1.0,10327299
2026-08-20,NASDAQ:WEN,8.89,8.66,8.88,8.81,1.0,5053835
2026-08-21,NASDAQ:WEN,9.04,8.725,8.84,9.01,1.0,5562130
2026-08-24,NASDAQ:WEN,9.005,8.81,8.88,8.84,1.0,4551479
2026-08-25,NASDAQ:WEN,9.14,8.805,8.9,9.12,1.0,5302438
2026-08-26,NASDAQ:WEN,9.11,8.8244,9.05,9.04,1.0,7990572
2026-08-27,NASDAQ:WEN,8.0,7.67,7.865,7.815,1.0,23371324
2026-08-28,NASDAQ:WEN,8.3,7.85,7.85,8.27,1.0,8253771
2026-08-31,NASDAQ:WEN,8.425,8.1844,8.22,8.3,1.0,5425659
2026-09-01,NASDAQ:WEN,8.48,8.155,8.155,8.27,1.0,4712365
2026-09-02,NASDAQ:WEN,8.43,8.18,8.27,8.24,1.0,5196828
2026-09-03,NASDAQ:WEN,8.3075,7.82,8.27,7.88,1.0,5936157
2026-09-04,NASDAQ:WEN,8.125,7.775,7.79,8.03,1.0,5013629
2026-07-27,NYSE:GNL,8.985,8.84,8.86,8.85,1.0,1367448
2026-07-28,NYSE:GNL,8.965,8.81,8.94,8.82,1.0,1793603
2026-07-29,NYSE:GNL,8.895,8.8,8.8,8.87,1.0,1498297
2026-07-30,NYSE:GNL,8.91,8.71,8.89,8.8,1.0,1930263
2026-07-31,NYSE:GNL,8.79,8.665,8.79,8.72,1.0,1989417
2026-08-03,NYSE:GNL,8.805,8.645,8.73,8.65,1.0,1967419
2026-08-04,NYSE:GNL,8.68,8.504,8.64,8.57,1.0,2284537
2026-08-05,NYSE:GNL,8.67,8.43,8.66,8.62,1.0,2806334
2026-08-06,NYSE:GNL,9.15,8.81,8.94,9.07,1.0,3890385
2026-08-07,NYSE:GNL,9.23,9.025,9.04,9.23,1.0,3177311
2026-08-10,NYSE:GNL,9.33,9.055,9.16,9.25,1.0,4712011
2026-08-11,NYSE:GNL,9.28,9.015,9.24,9.06,1.0,8442770
2026-08-12,NYSE:GNL,9.15,8.93,9.15,8.99,1.0,4731806
2026-08-13,NYSE:GNL,9.105,8.94,8.99,9.02,1.0,2470538
2026-08-14,NYSE:GNL,9.07,8.735,8.99,8.76,1.0,2896151
2026-08-17,NYSE:GNL,8.9,8.74,8.76,8.81,1.0,2343217
2026-08-18,NYSE:GNL,8.95,8.78,8.86,8.84,1.0,2116823
2026-08-19,NYSE:GNL,9.03,8.86,8.89,9.01,1.0,2353797
2026-08-20,NYSE:GNL,9.12,8.94,8.99,9.09,1.0,1719964
2026-08-21,NYSE:GNL,9.14,9.02,9.12,9.04,1.0,1463213
2026-08-24,NYSE:GNL,9.22,9.1,9.12,9.22,1.0,1458781
2026-08-25,NYSE:GNL,9.285,9.145,9.22,9.25,1.0,1508557
2026-08-26,NYSE:GNL,9.255,9.12,9.25,9.14,1.0,1283285
2026-08-27,NYSE:GNL,9.15,9.03,9.07,9.13,1.0,1261366
2026-08-28,NYSE:GNL,9.225,9.135,9.18,9.16,1.0,1205743
2026-08-31,NYSE:GNL,9.235,9.0554,9.14,9.18,1.0,2745706
2026-09-01,NYSE:GNL,9.325,9.07,9.18,9.13,1.0,2354258
2026-09-02,NYSE:GNL,9.215,9.1,9.15,9.15,1.0,1491173
2026-09-03,NYSE:GNL,9.22,9.1001,9.21,9.14,1.0,1124162
2026-09-04,NYSE:GNL,9.2282,9.08,9.08,9.12,1.0,1525157
2026-07-27,NASDAQ:SHIP,16.36,15.665,16.1,16.14,1.0,206907
2026-07-28,NASDAQ:SHIP,16.36,15.88,16.04,16.07,1.0,171621
2026-07-29,NASDAQ:SHIP,16.42,15.8,16.2,16.09,1.0,219145
2026-07-30,NASDAQ:SHIP,17.93,16.58,16.58,17.82,1.0,671877
2026-07-31,NASDAQ:SHIP,18.0793,17.11,17.99,17.49,1.0,359372
2026-08-03,NASDAQ:SHIP,18.48,17.65,17.89,18.17,1.0,816829
2026-08-04,NASDAQ:SHIP,18.28,17.12,18.24,17.26,1.0,460984
2026-08-05,NASDAQ:SHIP,17.5,16.75,17.31,16.82,1.0,272696
2026-08-06,NASDAQ:SHIP,17.46,16.89,16.98,17.24,1.0,232783
2026-08-07,NASDAQ:SHIP,17.48,16.71,17.3,16.86,1.0,221627
2026-08-10,NASDAQ:SHIP,16.57,16.01,16.54,16.08,1.0,307327
2026-08-11,NASDAQ:SHIP,16.49,15.8,16.11,15.92,1.0,279602
2026-08-12,NASDAQ:SHIP,16.12,15.615,15.89,16.08,1.0,202079
2026-08-13,NASDAQ:SHIP,16.9257,16.15,16.15,16.6,1.0,271052
2026-08-14,NASDAQ:SHIP,16.82,16.4,16.62,16.77,1.0,283146
2026-08-17,NASDAQ:SHIP,17.24,16.71,16.76,17.1,1.0,325379
2026-08-18,NASDAQ:SHIP,17.1,16.64,17.1,17.0,1.0,199163
2026-08-19,NASDAQ:SHIP,17.215,16.81,17.0,16.89,1.0,158691
2026-08-20,NASDAQ:SHIP,17.28,16.885,17.09,16.92,1.0,193458
2026-08-21,NASDAQ:SHIP,17.89,17.28,17.28,17.5,1.0,405434
2026-08-24,NASDAQ:SHIP,17.94,17.35,17.55,17.82,1.0,423630
2026-08-25,NASDAQ:SHIP,18.06,17.535,17.79,17.98,1.0,258059
2026-08-26,NASDAQ:SHIP,18.0479,16.92,18.0,17.03,1.0,331917
2026-08-27,NASDAQ:SHIP,17.72,17.04,17.04,17.66,1.0,233793
2026-08-28,NASDAQ:SHIP,18.01,17.5,17.54,17.79,1.0,245216
2026-08-31,NASDAQ:SHIP,17.97,17.4,17.9,17.66,1.0,289838
2026-09-01,NASDAQ:SHIP,18.17,17.42,17.7,18.01,1.0,274449
2026-09-02,NASDAQ:SHIP,18.74,18.245,18.34,18.6,1.0,396953
2026-09-03,NASDAQ:SHIP,18.85,18.32,18.71,18.53,1.0,609457
2026-09-04,NASDAQ:SHIP,19.22,18.78,18.79,18.92,1.0,449576
2026-07-27,NASDAQ:SBLK,27.68,26.89,27.51,27.1,1.0,1216597
2026-07-28,NASDAQ:SBLK,28.06,26.815,26.97,28.0,1.0,1876348
2026-07-29,NASDAQ:SBLK,28.23,27.25,28.1,27.39,1.0,1099903
2026-07-30,NASDAQ:SBLK,29.17,27.69,27.69,29.15,1.0,1934434
2026-07-31,NASDAQ:SBLK,29.34,28.61,28.97,28.75,1.0,990203
2026-08-03,NASDAQ:SBLK,29.34,28.45,29.12,28.73,1.0,1426985
2026-08-04,NASDAQ:SBLK,28.91,28.03,28.91,28.22,1.0,1432307
2026-08-05,NASDAQ:SBLK,28.51,27.815,28.24,27.96,1.0,881407
2026-08-06,NASDAQ:SBLK,29.5,28.1,29.5,28.59,1.0,1568314
2026-08-07,NASDAQ:SBLK,29.08,28.42,28.67,28.9,1.0,1915285
2026-08-10,NASDAQ:SBLK,29.21,28.3,28.87,28.42,1.0,1259932
2026-08-11,NASDAQ:SBLK,28.361,27.29,28.21,27.67,1.0,1456211
2026-08-12,NASDAQ:SBLK,27.97,27.15,27.48,27.89,1.0,1051902
2026-08-13,NASDAQ:SBLK,28.84,27.9,27.9,28.74,1.0,1612183
2026-08-14,NASDAQ:SBLK,29.19,28.6,28.94,29.05,1.0,1196641
2026-08-17,NASDAQ:SBLK,30.18,29.0,29.05,30.09,1.0,2027205
2026-08-18,NASDAQ:SBLK,30.25,29.6126,30.03,30.13,1.0,1891919
2026-08-19,NASDAQ:SBLK,30.9,30.03,30.3,30.17,1.0,1542299
2026-08-20,NASDAQ:SBLK,30.505,29.86,30.245,30.06,1.0,1605181
2026-08-21,NASDAQ:SBLK,31.0,29.451999999999998,29.5,30.5,1.0,2808266
2026-08-24,NASDAQ:SBLK,30.97,30.405,30.41,30.7,1.0,1664563
2026-08-25,NASDAQ:SBLK,31.25,30.25,30.75,31.11,1.0,2016129
2026-08-26,NASDAQ:SBLK,30.9753,29.42,30.95,29.58,1.0,1208782
2026-08-27,NASDAQ:SBLK,30.74,29.97,30.02,30.42,1.0,1373093
2026-08-28,NASDAQ:SBLK,30.79,30.39,30.44,30.48,1.0,797673
2026-08-31,NASDAQ:SBLK,31.005,30.281,30.55,30.87,1.0,1364230
2026-09-01,NASDAQ:SBLK,31.37,30.7001,30.99,31.05,1.0,1173492
2026-09-02,NASDAQ:SBLK,31.88,31.21,31.21,31.82,1.0,1716845
2026-09-03,NASDAQ:SBLK,32.4,31.71,32.024,31.87,1.0,1826284
2026-09-04,NASDAQ:SBLK,32.88,32.25,32.5,32.42,1.0,1434389
2026-07-27,NASDAQ:DMLP,27.9798,27.0,27.61,27.17,1.0,529366
2026-07-28,NASDAQ:DMLP,27.5,26.77,27.19,27.02,1.0,267074
2026-07-29,NASDAQ:DMLP,27.8,26.76,27.56,26.9,1.0,327148
2026-07-30,NASDAQ:DMLP,27.115,26.68,26.92,26.95,1.0,385746
2026-07-31,NASDAQ:DMLP,27.63,27.01,27.29,27.61,1.0,327854
2026-08-03,NASDAQ:DMLP,26.14,25.35,26.14,25.71,1.0,366894
2026-08-04,NASDAQ:DMLP,25.88,25.4,25.61,25.48,1.0,154704
2026-08-05,NASDAQ:DMLP,25.7236,25.345,25.65,25.51,1.0,141397
2026-08-06,NASDAQ:DMLP,25.98,25.55,25.63,25.82,1.0,122500
2026-08-07,NASDAQ:DMLP,26.22,25.6168,25.83,26.08,1.0,94004
2026-08-10,NASDAQ:DMLP,26.7,26.08,26.12,26.53,1.0,167964
2026-08-11,NASDAQ:DMLP,27.205,26.6,26.7,27.18,1.0,176741
2026-08-12,NASDAQ:DMLP,27.61,27.11,27.26,27.49,1.0,154348
2026-08-13,NASDAQ:DMLP,27.7456,27.27,27.38,27.59,1.0,220009
2026-08-14,NASDAQ:DMLP,28.03,27.59,27.7,27.71,1.0,179726
2026-08-17,NASDAQ:DMLP,28.11,27.86,28.0,28.11,1.0,137634
2026-08-18,NASDAQ:DMLP,28.11,27.95,28.11,28.05,1.0,97677
2026-08-19,NASDAQ:DMLP,28.36,27.99,27.99,28.21,1.0,194084
2026-08-20,NASDAQ:DMLP,28.61,28.26,28.34,28.61,1.0,156717
2026-08-21,NASDAQ:DMLP,29.15,28.61,28.61,29.02,1.0,192138
2026-08-24,NASDAQ:DMLP,29.26,28.8311,29.04,29.2,1.0,144943
2026-08-25,NASDAQ:DMLP,29.1699,28.83,29.1,28.93,1.0,86424
2026-08-26,NASDAQ:DMLP,29.23,28.71,28.82,28.72,1.0,99845
2026-08-27,NASDAQ:DMLP,29.09,28.4213,28.72,28.71,1.0,103040
2026-08-28,NASDAQ:DMLP,28.91,28.36,28.36,28.65,1.0,78526
2026-08-31,NASDAQ:DMLP,29.07,28.68,29.07,28.91,1.0,78850
2026-09-01,NASDAQ:DMLP,29.26,28.945,29.24,29.2,1.0,82806
2026-09-02,NASDAQ:DMLP,29.6,29.0,29.24,29.29,1.0,98461
2026-09-03,NASDAQ:DMLP,29.48,29.155,29.48,29.25,1.0,73026
2026-09-04,NASDAQ:DMLP,29.4799,29.025,29.15,29.21,1.0,103921
2026-07-27,NASDAQ:LBRDK,31.14,29.105,29.19,30.92,1.0,1072760
2026-07-28,NASDAQ:LBRDK,33.1475,31.01,31.575,32.87,1.0,2102226
2026-07-29,NASDAQ:LBRDK,34.44,32.01,32.38,34.1,1.0,2493167
2026-07-30,NASDAQ:LBRDK,33.375,32.1,33.12,33.36,1.0,938227
2026-07-31,NASDAQ:LBRDK,34.44,32.635,33.1,34.04,1.0,1413659
2026-08-03,NASDAQ:LBRDK,34.94,33.46,34.89,33.86,1.0,1514063
2026-08-04,NASDAQ:LBRDK,36.05,33.56,33.8,36.01,1.0,2314456
2026-08-05,NASDAQ:LBRDK,36.12,34.895,35.54,35.99,1.0,1305321
2026-08-06,NASDAQ:LBRDK,37.12,35.76,35.99,37.04,1.0,1157171
2026-08-07,NASDAQ:LBRDK,36.85,35.7819,36.85,35.88,1.0,1916796
2026-08-10,NASDAQ:LBRDK,36.27,34.87,35.45,36.1,1.0,723918
2026-08-11,NASDAQ:LBRDK,37.33,35.64,35.77,37.1,1.0,1623359
2026-08-12,NASDAQ:LBRDK,36.685,35.17,36.65,35.36,1.0,3573953
2026-08-13,NASDAQ:LBRDK,36.97,35.63,35.71,36.85,1.0,1055062
2026-08-14,NASDAQ:LBRDK,37.37,36.29,37.06,36.33,1.0,971748
2026-08-17,NASDAQ:LBRDK,36.0,33.95,36.0,33.96,1.0,1364180
2026-08-18,NASDAQ:LBRDK,35.89,34.25,34.49,35.01,1.0,3230232
2026-08-19,NASDAQ:LBRDK,37.61,35.01,35.01,36.02,1.0,22345718
2026-08-20,NASDAQ:LBRDK,36.02,36.02,36.02,36.02,1.0,0
2026-08-21,NASDAQ:LBRDK,36.02,36.02,36.02,36.02,1.0,0
2026-07-27,NASDAQ:SPOK,10.915,10.68,10.68,10.81,1.0,128248
2026-07-28,NASDAQ:SPOK,11.04,10.85,10.85,10.89,1.0,151270
2026-07-29,NASDAQ:SPOK,11.03,10.86,10.94,10.96,1.0,135438
2026-07-30,NASDAQ:SPOK,11.0551,10.5518,10.76,10.75,1.0,225347
2026-07-31,NASDAQ:SPOK,10.925,10.32,10.61,10.9,1.0,148884
2026-08-03,NASDAQ:SPOK,11.24,10.9,10.95,11.1,1.0,212860
2026-08-04,NASDAQ:SPOK,11.25,10.99,11.09,11.21,1.0,210737
2026-08-05,NASDAQ:SPOK,11.26,10.96,11.2,11.24,1.0,241482
2026-08-06,NASDAQ:SPOK,11.32,11.08,11.29,11.3,1.0,172975
2026-08-07,NASDAQ:SPOK,11.54,11.265,11.32,11.52,1.0,98488
2026-08-10,NASDAQ:SPOK,11.595,11.22,11.54,11.33,1.0,134715
2026-08-11,NASDAQ:SPOK,11.5,11.31,11.38,11.44,1.0,174530
2026-08-12,NASDAQ:SPOK,11.385,10.98,11.31,10.98,1.0,188131
2026-08-13,NASDAQ:SPOK,11.105,10.82,11.0,11.0,1.0,161105
2026-08-14,NASDAQ:SPOK,11.07,10.92,11.04,10.96,1.0,174103
2026-08-17,NASDAQ:SPOK,11.025,10.83,11.01,10.99,1.0,263505
2026-08-18,NASDAQ:SPOK,11.16,10.925,11.03,10.97,1.0,224123
2026-08-19,NASDAQ:SPOK,10.71,10.48,10.69,10.48,1.0,176717
2026-08-20,NASDAQ:SPOK,10.56,10.4,10.46,10.44,1.0,204552
2026-08-21,NASDAQ:SPOK,10.53,10.28,10.47,10.31,1.0,304586
2026-08-24,NASDAQ:SPOK,10.7,10.33,10.33,10.62,1.0,154027
2026-08-25,NASDAQ:SPOK,10.61,10.47,10.61,10.575,1.0,133102
2026-08-26,NASDAQ:SPOK,10.6199,10.375,10.58,10.415,1.0,97022
2026-08-27,NASDAQ:SPOK,10.425,10.2901,10.4,10.36,1.0,127677
2026-08-28,NASDAQ:SPOK,10.65,10.36,10.42,10.65,1.0,155421
2026-08-31,NASDAQ:SPOK,10.75,10.49,10.65,10.51,1.0,159609
2026-09-01,NASDAQ:SPOK,10.6449,10.51,10.51,10.56,1.0,140721
2026-09-02,NASDAQ:SPOK,10.63,10.5106,10.62,10.56,1.0,91560
2026-09-03,NASDAQ:SPOK,10.68,10.53,10.61,10.68,1.0,96846
2026-09-04,NASDAQ:SPOK,10.79,10.63,10.7,10.71,1.0,87237
2026-07-27,NASDAQ:KRNY,9.545,9.38,9.42,9.45,1.0,456580
2026-07-28,NASDAQ:KRNY,9.76,9.485,9.49,9.65,1.0,886040
2026-07-29,NASDAQ:KRNY,9.73,9.525,9.61,9.59,1.0,534999
2026-07-30,NASDAQ:KRNY,9.705,9.61,9.63,9.63,1.0,374440
2026-07-31,NASDAQ:KRNY,9.675,9.465,9.61,9.59,1.0,431347
2026-08-03,NASDAQ:KRNY,9.805,9.64,9.7,9.7,1.0,608402
2026-08-04,NASDAQ:KRNY,9.815,9.68,9.73,9.74,1.0,412512
2026-08-05,NASDAQ:KRNY,9.785,9.68,9.76,9.68,1.0,607942
2026-08-06,NASDAQ:KRNY,9.77,9.54,9.77,9.59,1.0,495667
2026-08-07,NASDAQ:KRNY,9.605,9.47,9.57,9.52,1.0,294843
2026-08-10,NASDAQ:KRNY,9.52,9.3801,9.52,9.46,1.0,378904
2026-08-11,NASDAQ:KRNY,9.625,9.49,9.49,9.53,1.0,523814
2026-08-12,NASDAQ:KRNY,9.565,9.36,9.42,9.53,1.0,537925
2026-08-13,NASDAQ:KRNY,9.66,9.54,9.54,9.6,1.0,405138
2026-08-14,NASDAQ:KRNY,9.69,9.535,9.63,9.62,1.0,424669
2026-08-17,NASDAQ:KRNY,9.83,9.585,9.59,9.77,1.0,2022214
2026-08-18,NASDAQ:KRNY,9.85,9.71,9.82,9.775,1.0,664226
2026-08-19,NASDAQ:KRNY,9.965,9.585,9.78,9.63,1.0,1567799
2026-08-20,NASDAQ:KRNY,9.715,9.54,9.58,9.67,1.0,594647
2026-08-21,NASDAQ:KRNY,9.77,9.6,9.77,9.73,1.0,688816
2026-08-24,NASDAQ:KRNY,9.83,9.59,9.68,9.82,1.0,665629
2026-08-25,NASDAQ:KRNY,9.9,9.76,9.83,9.89,1.0,760192
2026-08-26,NASDAQ:KRNY,9.96,9.795,9.92,9.84,1.0,877682
2026-08-27,NASDAQ:KRNY,10.035,9.785,9.84,10.01,1.0,1009158
2026-08-28,NASDAQ:KRNY,10.075,9.81,10.02,9.82,1.0,601299
2026-08-31,NASDAQ:KRNY,9.9,9.495,9.495,9.87,1.0,668191
2026-09-01,NASDAQ:KRNY,9.955,9.735,9.87,9.77,1.0,781541
2026-09-02,NASDAQ:KRNY,10.07,9.685,9.8,10.04,1.0,720592
2026-09-03,NASDAQ:KRNY,10.235,10.03,10.11,10.06,1.0,502254
2026-09-04,NASDAQ:KRNY,10.21,10.01,10.01,10.13,1.0,378585
2026-07-27,NASDAQ:AGNC,10.7,10.595,10.655,10.64,1.0,17827394
2026-07-28,NASDAQ:AGNC,11.095,10.67,10.7,11.07,1.0,31272839
2026-07-29,NASDAQ:AGNC,11.06,10.87,11.03,10.9,1.0,23430042
2026-07-30,NASDAQ:AGNC,10.99,10.81,10.95,10.92,1.0,24276615
2026-07-31,NASDAQ:AGNC,10.77,10.62,10.75,10.66,1.0,19248731
2026-08-03,NASDAQ:AGNC,10.81,10.6,10.7,10.64,1.0,23616055
2026-08-04,NASDAQ:AGNC,10.77,10.6,10.7,10.64,1.0,26254191
2026-08-05,NASDAQ:AGNC,10.72,10.53,10.65,10.67,1.0,15283245
2026-08-06,NASDAQ:AGNC,10.73,10.58,10.67,10.61,1.0,19340421
2026-08-07,NASDAQ:AGNC,10.93,10.65,10.65,10.84,1.0,18004025
2026-08-10,NASDAQ:AGNC,10.85,10.64,10.845,10.76,1.0,14080087
2026-08-11,NASDAQ:AGNC,10.89,10.7209,10.77,10.89,1.0,14345107
2026-08-12,NASDAQ:AGNC,11.02,10.87,10.95,10.88,1.0,16630305
2026-08-13,NASDAQ:AGNC,10.99,10.87,10.96,10.96,1.0,14084854
2026-08-14,NASDAQ:AGNC,11.08,10.94,10.98,10.96,1.0,12215143
2026-08-17,NASDAQ:AGNC,11.01,10.9,10.95,10.95,1.0,11619947
2026-08-18,NASDAQ:AGNC,10.97,10.89,10.955,10.92,1.0,11326219
2026-08-19,NASDAQ:AGNC,11.13,10.97,11.0,11.08,1.0,17359460
2026-08-20,NASDAQ:AGNC,11.1,10.89,11.03,10.92,1.0,12638791
2026-08-21,NASDAQ:AGNC,11.0,10.88,10.97,10.89,1.0,10216105
2026-08-24,NASDAQ:AGNC,11.0,10.84,10.91,10.98,1.0,14103323
2026-08-25,NASDAQ:AGNC,11.0301,10.88,11.015,10.91,1.0,13773035
2026-08-26,NASDAQ:AGNC,10.93,10.81,10.92,10.81,1.0,12299646
2026-08-27,NASDAQ:AGNC,10.96,10.79,10.82,10.94,1.0,12494435
2026-08-28,NASDAQ:AGNC,11.0,10.88,10.95,10.9,1.0,20394260
2026-08-31,NASDAQ:AGNC,10.8389,10.68,10.74,10.73,1.0,16710393
2026-09-01,NASDAQ:AGNC,10.74,10.58,10.65,10.6,1.0,16193152
2026-09-02,NASDAQ:AGNC,10.65,10.57,10.63,10.62,1.0,18853694
2026-09-03,NASDAQ:AGNC,10.76,10.575,10.7,10.66,1.0,15770280
2026-09-04,NASDAQ:AGNC,10.73,10.57,10.61,10.65,1.0,15990967
2026-07-27,NYSE:AFG,145.0,143.45,143.52,143.88,1.0,314053
2026-07-28,NYSE:AFG,147.0,144.415,145.01,144.87,1.0,451967
2026-07-29,NYSE:AFG,145.5,143.07,144.0,143.51,1.0,510499
2026-07-30,NYSE:AFG,144.0,140.68,143.69,141.7,1.0,420203
2026-07-31,NYSE:AFG,142.07,139.95,140.42,141.72,1.0,367493
2026-08-03,NYSE:AFG,143.505,141.3,141.42,141.92,1.0,340107
2026-08-04,NYSE:AFG,142.3356,139.605,139.78,140.6,1.0,453122
2026-08-05,NYSE:AFG,146.73,143.99,144.49,146.73,1.0,648039
2026-08-06,NYSE:AFG,148.05,144.64,146.08,146.73,1.0,461374
2026-08-07,NYSE:AFG,146.39,144.6144,146.08,145.59,1.0,271782
2026-08-10,NYSE:AFG,145.555,143.23,145.19,143.87,1.0,306359
2026-08-11,NYSE:AFG,145.21,141.9401,143.27,144.35,1.0,287521
2026-08-12,NYSE:AFG,145.305,142.72,143.33,144.77,1.0,349453
2026-08-13,NYSE:AFG,146.01,143.845,145.72,145.68,1.0,311453
2026-08-14,NYSE:AFG,146.42,145.0,146.0,146.29,1.0,300278
2026-08-17,NYSE:AFG,147.9999,145.145,146.01,146.6,1.0,313583
2026-08-18,NYSE:AFG,148.709,145.0501,148.53,145.59,1.0,367246
2026-08-19,NYSE:AFG,146.21,142.81,145.83,143.29,1.0,377104
2026-08-20,NYSE:AFG,145.0,142.545,143.19,143.65,1.0,349342
2026-08-21,NYSE:AFG,144.26,142.86,143.55,143.7,1.0,251840
2026-08-24,NYSE:AFG,145.97,144.09,144.35,144.44,1.0,292359
2026-08-25,NYSE:AFG,144.3,142.3892,144.3,143.66,1.0,316844
2026-08-26,NYSE:AFG,145.1,143.52,144.0,144.97,1.0,348885
2026-08-27,NYSE:AFG,144.31,141.3,143.95,142.62,1.0,291887
2026-08-28,NYSE:AFG,143.93,142.18,143.59,143.62,1.0,371718
2026-08-31,NYSE:AFG,143.79,141.735,143.79,142.55,1.0,353788
2026-09-01,NYSE:AFG,143.62,141.465,143.62,142.42,1.0,267814
2026-09-02,NYSE:AFG,143.44,142.095,142.87,142.6,1.0,213710
2026-09-03,NYSE:AFG,145.5731,143.4,143.69,144.34,1.0,181614
2026-09-04,NYSE:AFG,144.385,142.735,143.74,142.75,1.0,166226
2026-07-27,NYSE:MTN,151.85,146.75,147.24,148.28,1.0,906008
2026-07-28,NYSE:MTN,157.21,148.29,149.88,157.08,1.0,1414007
2026-07-29,NYSE:MTN,160.49,156.27,156.28,160.01,1.0,673762
2026-07-30,NYSE:MTN,158.18,151.29,157.34,152.82,1.0,842273
2026-07-31,NYSE:MTN,152.8,149.11,152.8,149.38,1.0,500420
2026-08-03,NYSE:MTN,153.62,148.82,151.06,149.23,1.0,471415
2026-08-04,NYSE:MTN,150.5,147.775,148.15,149.59,1.0,571032
2026-08-05,NYSE:MTN,151.59,148.76,149.82,151.26,1.0,267194
2026-08-06,NYSE:MTN,151.95,145.5,151.54,146.71,1.0,464426
2026-08-07,NYSE:MTN,149.45,147.0,147.13,148.83,1.0,268494
2026-08-10,NYSE:MTN,148.5,145.8,147.78,146.26,1.0,428434
2026-08-11,NYSE:MTN,149.075,145.7,145.7,147.66,1.0,498059
2026-08-12,NYSE:MTN,148.68,146.245,147.5,148.36,1.0,330378
2026-08-13,NYSE:MTN,147.87,140.07,140.07,145.42,1.0,676724
2026-08-14,NYSE:MTN,149.05,145.16,145.68,148.3,1.0,371901
2026-08-17,NYSE:MTN,148.15,143.02,146.38,146.6,1.0,555131
2026-08-18,NYSE:MTN,150.62,147.0,147.86,149.78,1.0,775760
2026-08-19,NYSE:MTN,153.89,149.75,150.0,153.05,1.0,448998
2026-08-20,NYSE:MTN,153.99,149.94,152.99,150.22,1.0,436005
2026-08-21,NYSE:MTN,154.58,151.5,152.47,152.81,1.0,619288
2026-08-24,NYSE:MTN,154.27,150.0,153.09,150.0,1.0,514371
2026-08-25,NYSE:MTN,150.77,146.905,149.14,147.84,1.0,386865
2026-08-26,NYSE:MTN,149.395,145.915,147.31,148.72,1.0,459191
2026-08-27,NYSE:MTN,147.84,144.19,146.67,144.61,1.0,531484
2026-08-28,NYSE:MTN,145.54,141.92,145.51,141.93,1.0,482415
2026-08-31,NYSE:MTN,142.0,136.53,140.67,136.91,1.0,614992
2026-09-01,NYSE:MTN,137.57,131.75,136.02,132.39,1.0,724508
2026-09-02,NYSE:MTN,137.7,132.7583,133.29,136.3,1.0,499685
2026-09-03,NYSE:MTN,137.915,133.94,136.59,136.06,1.0,575517
2026-09-04,NYSE:MTN,136.56,134.695,135.95,134.96,1.0,442105
2026-07-27,NYSE:BCE,21.535,21.24,21.36,21.24,1.0,3486328
2026-07-28,NYSE:BCE,21.87,21.44,21.44,21.81,1.0,3427771
2026-07-29,NYSE:BCE,22.41,21.8,21.8,22.33,1.0,5567250
2026-07-30,NYSE:BCE,22.25,21.635,22.25,21.7,1.0,4039233
2026-07-31,NYSE:BCE,21.69,21.295,21.58,21.68,1.0,4364586
2026-08-03,NYSE:BCE,22.03,21.6701,21.9,21.79,1.0,1900323
2026-08-04,NYSE:BCE,22.01,21.36,21.6,22.0,1.0,8582528
2026-08-05,NYSE:BCE,22.09,21.675,22.03,22.06,1.0,7715703
2026-08-06,NYSE:BCE,23.02,22.14,22.16,22.77,1.0,5450115
2026-08-07,NYSE:BCE,22.92,22.58,22.805,22.75,1.0,3122143
2026-08-10,NYSE:BCE,22.69,22.415,22.64,22.54,1.0,3521160
2026-08-11,NYSE:BCE,23.44,22.885,22.93,23.37,1.0,4274998
2026-08-12,NYSE:BCE,23.28,22.94,23.22,23.13,1.0,2841732
2026-08-13,NYSE:BCE,23.32,22.995,23.15,23.32,1.0,2732397
2026-08-14,NYSE:BCE,23.63,23.37,23.39,23.47,1.0,2974495
2026-08-17,NYSE:BCE,23.63,23.35,23.46,23.35,1.0,2490137
2026-08-18,NYSE:BCE,23.655,23.36,23.45,23.36,1.0,2454949
2026-08-19,NYSE:BCE,23.765,23.435,23.44,23.7,1.0,2354776
2026-08-20,NYSE:BCE,23.865,23.54,23.72,23.78,1.0,2497230
2026-08-21,NYSE:BCE,23.91,23.65,23.84,23.71,1.0,1589913
2026-08-24,NYSE:BCE,23.94,23.59,23.62,23.85,1.0,2282650
2026-08-25,NYSE:BCE,23.84,23.5015,23.75,23.59,1.0,1678398
2026-08-26,NYSE:BCE,23.63,23.4,23.53,23.49,1.0,2109193
2026-08-27,NYSE:BCE,23.57,23.29,23.4,23.4,1.0,1709368
2026-08-28,NYSE:BCE,23.59,23.28,23.48,23.46,1.0,1854337
2026-08-31,NYSE:BCE,23.69,23.39,23.42,23.59,1.0,3257510
2026-09-01,NYSE:BCE,23.895,23.38,23.61,23.41,1.0,4205889
2026-09-02,NYSE:BCE,23.74,23.35,23.51,23.4,1.0,3143545
2026-09-03,NYSE:BCE,23.89,23.525,23.57,23.81,1.0,2766946
2026-09-04,NYSE:BCE,23.81,23.56,23.65,23.67,1.0,2327354
2026-07-27,NYSE:BBVA,26.59,26.31,26.42,26.59,1.0,1140384
2026-07-28,NYSE:BBVA,26.565,26.18,26.25,26.52,1.0,1074020
2026-07-29,NYSE:BBVA,26.185,25.65,25.96,25.66,1.0,1412780
2026-07-30,NYSE:BBVA,27.6,27.17,27.28,27.6,1.0,3161775
2026-07-31,NYSE:BBVA,28.05,27.495,27.73,27.95,1.0,2253994
2026-08-03,NYSE:BBVA,28.39,28.12,28.19,28.36,1.0,1901232
2026-08-04,NYSE:BBVA,28.48,27.925,28.3,28.12,1.0,1845837
2026-08-05,NYSE:BBVA,28.21,27.91,28.09,28.07,1.0,3415121
2026-08-06,NYSE:BBVA,28.65,28.1,28.6,28.14,1.0,2371780
2026-08-07,NYSE:BBVA,28.615,28.285,28.58,28.35,1.0,1597049
2026-08-10,NYSE:BBVA,28.579,28.35,28.54,28.35,1.0,1294528
2026-08-11,NYSE:BBVA,28.735,28.47,28.67,28.5,1.0,1574793
2026-08-12,NYSE:BBVA,28.7,28.48,28.67,28.5,1.0,1861511
2026-08-13,NYSE:BBVA,28.935,28.61,28.9,28.65,1.0,2449497
2026-08-14,NYSE:BBVA,28.86,28.685,28.78,28.7,1.0,1896781
2026-08-17,NYSE:BBVA,28.895,28.6901,28.82,28.8,1.0,2453646
2026-08-18,NYSE:BBVA,29.105,28.715,29.02,28.79,1.0,1056369
2026-08-19,NYSE:BBVA,28.93,28.52,28.9,28.53,1.0,1731387
2026-08-20,NYSE:BBVA,28.74,28.47,28.6,28.63,1.0,1626931
2026-08-21,NYSE:BBVA,29.13,28.855,28.9,29.04,1.0,1372375
2026-08-24,NYSE:BBVA,29.32,29.07,29.08,29.21,1.0,1242034
2026-08-25,NYSE:BBVA,28.95,28.6316,28.88,28.95,1.0,985869
2026-08-26,NYSE:BBVA,29.2,28.99,29.2,29.03,1.0,1245853
2026-08-27,NYSE:BBVA,28.96,28.67,28.93,28.69,1.0,900037
2026-08-28,NYSE:BBVA,29.07,28.87,28.99,29.0,1.0,1741211
2026-08-31,NYSE:BBVA,29.18,28.9,29.15,28.96,1.0,800993
2026-09-01,NYSE:BBVA,29.06,28.59,28.95,28.64,1.0,1240432
2026-09-02,NYSE:BBVA,29.18,28.94,29.04,29.16,1.0,974204
2026-09-03,NYSE:BBVA,29.64,29.31,29.43,29.64,1.0,1204267
2026-09-04,NYSE:BBVA,29.5599,29.28,29.28,29.505,1.0,743146
2026-07-27,NYSE:INSW,92.0648,88.9201,90.0,90.69,1.0,533990
2026-07-28,NYSE:INSW,94.3099,90.43,91.13,93.6,1.0,511631
2026-07-29,NYSE:INSW,95.65,92.84,94.31,94.55,1.0,543027
2026-07-30,NYSE:INSW,95.545,92.51,93.78,95.21,1.0,427505
2026-07-31,NYSE:INSW,97.0675,95.0001,95.41,96.18,1.0,345958
2026-08-03,NYSE:INSW,98.2327,93.91,96.17,95.23,1.0,455415
2026-08-04,NYSE:INSW,95.05,91.76,95.05,92.57,1.0,538941
2026-08-05,NYSE:INSW,93.68,90.01,93.11,90.71,1.0,403070
2026-08-06,NYSE:INSW,94.96,91.8,92.51,93.21,1.0,428455
2026-08-07,NYSE:INSW,95.3855,91.36,92.94,92.41,1.0,628709
2026-08-10,NYSE:INSW,94.5,89.665,93.25,90.4,1.0,817825
2026-08-11,NYSE:INSW,91.97,86.13,91.97,89.06,1.0,715612
2026-08-12,NYSE:INSW,93.09,88.62,89.0,92.38,1.0,737183
2026-08-13,NYSE:INSW,96.43,93.22,93.56,95.15,1.0,397133
2026-08-14,NYSE:INSW,97.64,95.02,95.63,97.05,1.0,356445
2026-08-17,NYSE:INSW,99.43,97.05,97.85,98.36,1.0,571862
2026-08-18,NYSE:INSW,99.68,97.13,99.17,98.77,1.0,541280
2026-08-19,NYSE:INSW,100.5,98.85,100.0,99.71,1.0,388650
2026-08-20,NYSE:INSW,100.05,97.89,99.5,99.36,1.0,393571
2026-08-21,NYSE:INSW,102.36,98.96,100.44,99.52,1.0,486597
2026-08-24,NYSE:INSW,101.14,99.01,99.01,99.95,1.0,407708
2026-08-25,NYSE:INSW,100.21,98.465,99.45,99.05,1.0,357993
2026-08-26,NYSE:INSW,97.34,93.14,97.34,93.67,1.0,616621
2026-08-27,NYSE:INSW,100.09,94.3,95.08,99.26,1.0,551656
2026-08-28,NYSE:INSW,101.2,98.41,99.28,98.81,1.0,463762
2026-08-31,NYSE:INSW,101.66,97.64,101.66,98.64,1.0,841613
2026-09-01,NYSE:INSW,102.1,98.8851,100.36,99.76,1.0,577938
2026-09-02,NYSE:INSW,101.55,99.12,99.82,101.19,1.0,603584
2026-09-03,NYSE:INSW,103.03,100.1,101.98,102.24,1.0,558401
2026-09-04,NYSE:INSW,105.5,102.21,102.21,104.5,1.0,739477
2026-07-27,NASDAQ:NEWT,14.87,14.205,14.59,14.37,1.0,197786
2026-07-28,NASDAQ:NEWT,14.95,14.25,14.38,14.7,1.0,216665
2026-07-29,NASDAQ:NEWT,15.0599,14.51,14.7,14.74,1.0,200156
2026-07-30,NASDAQ:NEWT,14.88,14.385,14.75,14.63,1.0,176808
2026-07-31,NASDAQ:NEWT,14.87,14.38,14.7,14.83,1.0,140483
2026-08-03,NASDAQ:NEWT,15.15,14.73,15.08,14.92,1.0,249953
2026-08-04,NASDAQ:NEWT,15.45,14.8295,14.99,15.4,1.0,259706
2026-08-05,NASDAQ:NEWT,15.55,14.93,15.43,15.13,1.0,309929
2026-08-06,NASDAQ:NEWT,15.19,14.8001,15.14,14.95,1.0,208870
2026-08-07,NASDAQ:NEWT,14.7,13.3,14.7,13.53,1.0,498344
2026-08-10,NASDAQ:NEWT,13.7074,12.79,13.48,12.88,1.0,432246
2026-08-11,NASDAQ:NEWT,13.05,12.67,12.9,12.73,1.0,217503
2026-08-12,NASDAQ:NEWT,12.91,12.7,12.76,12.81,1.0,204012
2026-08-13,NASDAQ:NEWT,13.22,12.86,12.86,13.07,1.0,206977
2026-08-14,NASDAQ:NEWT,13.14,12.93,13.04,13.02,1.0,138331
2026-08-17,NASDAQ:NEWT,13.065,12.775,13.01,12.83,1.0,182665
2026-08-18,NASDAQ:NEWT,12.88,12.74,12.88,12.79,1.0,176173
2026-08-19,NASDAQ:NEWT,12.91,12.5,12.9,12.6,1.0,311504
2026-08-20,NASDAQ:NEWT,12.52,12.27,12.52,12.5,1.0,247458
2026-08-21,NASDAQ:NEWT,12.64,12.45,12.49,12.53,1.0,328371
2026-08-24,NASDAQ:NEWT,12.68,12.34,12.57,12.37,1.0,216069
2026-08-25,NASDAQ:NEWT,12.5,12.19,12.43,12.45,1.0,336437
2026-08-26,NASDAQ:NEWT,12.58,12.32,12.47,12.33,1.0,322977
2026-08-27,NASDAQ:NEWT,12.335,12.12,12.29,12.32,1.0,274719
2026-08-28,NASDAQ:NEWT,12.39,11.8541,12.29,11.91,1.0,670462
2026-08-31,NASDAQ:NEWT,11.83,11.58,11.81,11.79,1.0,394320
2026-09-01,NASDAQ:NEWT,11.8,11.6,11.78,11.66,1.0,213253
2026-09-02,NASDAQ:NEWT,12.11,11.65,11.74,12.08,1.0,227559
2026-09-03,NASDAQ:NEWT,12.42,12.175,12.19,12.31,1.0,250346
2026-09-04,NASDAQ:NEWT,12.46,12.152000000000001,12.152000000000001,12.44,1.0,195250
2026-07-27,NYSE:RF,31.195,30.57,31.0,30.74,1.0,8214480
2026-07-28,NYSE:RF,31.31,30.84,30.9,31.27,1.0,8104939
2026-07-29,NYSE:RF,31.34,30.795,31.06,30.94,1.0,8528527
2026-07-30,NYSE:RF,31.15,30.54,31.13,30.85,1.0,6175147
2026-07-31,NYSE:RF,31.075,30.725,30.95,30.95,1.0,7194349
2026-08-03,NYSE:RF,31.545,30.92,31.03,31.48,1.0,8493150
2026-08-04,NYSE:RF,32.05,31.325,31.4,31.95,1.0,9040208
2026-08-05,NYSE:RF,32.285,31.835,32.12,31.88,1.0,12309316
2026-08-06,NYSE:RF,32.16,31.335,32.12,31.39,1.0,8862676
2026-08-07,NYSE:RF,31.62,31.12,31.31,31.43,1.0,7592283
2026-08-10,NYSE:RF,31.53,31.18,31.25,31.46,1.0,5272877
2026-08-11,NYSE:RF,31.71,31.335,31.39,31.6,1.0,5174356
2026-08-12,NYSE:RF,31.755,31.38,31.68,31.6,1.0,6716060
2026-08-13,NYSE:RF,31.905,31.565,31.82,31.66,1.0,6388147
2026-08-14,NYSE:RF,31.96,31.53,31.64,31.9,1.0,6197975
2026-08-17,NYSE:RF,32.105,31.675,31.81,31.7,1.0,8445357
2026-08-18,NYSE:RF,31.89,31.42,31.84,31.7,1.0,7921643
2026-08-19,NYSE:RF,31.78,30.545,31.78,30.59,1.0,7530099
2026-08-20,NYSE:RF,30.65,30.2158,30.49,30.22,1.0,6876626
2026-08-21,NYSE:RF,30.56,30.115,30.44,30.41,1.0,7041071
2026-08-24,NYSE:RF,31.035,30.47,30.47,30.63,1.0,9868856
2026-08-25,NYSE:RF,30.715,30.295,30.68,30.63,1.0,7208093
2026-08-26,NYSE:RF,30.8999,30.53,30.73,30.7,1.0,5870997
2026-08-27,NYSE:RF,30.47,29.98,30.22,30.4,1.0,7608423
2026-08-28,NYSE:RF,30.755,30.2411,30.53,30.33,1.0,5901893
2026-08-31,NYSE:RF,30.33,29.8401,30.24,29.88,1.0,9284126
2026-09-01,NYSE:RF,29.84,29.2502,29.55,29.29,1.0,6252529
2026-09-02,NYSE:RF,30.255,29.4,29.51,29.93,1.0,7004368
2026-09-03,NYSE:RF,30.485,29.965,29.965,30.44,1.0,6344487
2026-09-04,NYSE:RF,30.625,30.2,30.27,30.42,1.0,6149907
2026-07-27,NYSE:EC,16.04,15.501,15.72,15.8,1.0,3132543
2026-07-28,NYSE:EC,15.865,15.4,15.66,15.83,1.0,2037657
2026-07-29,NYSE:EC,16.555,16.09,16.2,16.4,1.0,2146936
2026-07-30,NYSE:EC,17.09,16.315,16.45,17.04,1.0,2219462
2026-07-31,NYSE:EC,17.31,16.675,17.2,16.77,1.0,2174141
2026-08-03,NYSE:EC,16.71,16.18,16.44,16.6,1.0,2372624
2026-08-04,NYSE:EC,16.5,16.05,16.14,16.31,1.0,2822152
2026-08-05,NYSE:EC,16.835,16.17,16.46,16.39,1.0,2693392
2026-08-06,NYSE:EC,17.425,16.52,16.64,17.4,1.0,2461629
2026-08-07,NYSE:EC,17.35,16.505,17.22,16.78,1.0,1976768
2026-08-10,NYSE:EC,17.405,16.975,16.98,17.05,1.0,2651419
2026-08-11,NYSE:EC,17.24,16.76,17.04,17.01,1.0,2011275
2026-08-12,NYSE:EC,17.05,16.78,16.91,16.96,1.0,1252800
2026-08-13,NYSE:EC,17.25,16.6,16.75,17.21,1.0,1404354
2026-08-14,NYSE:EC,17.62,17.155,17.45,17.17,1.0,1864249
2026-08-17,NYSE:EC,17.73,17.28,17.28,17.67,1.0,1257196
2026-08-18,NYSE:EC,17.82,17.5016,17.77,17.68,1.0,1124506
2026-08-19,NYSE:EC,18.18,17.82,17.82,17.89,1.0,1881909
2026-08-20,NYSE:EC,18.19,17.595,18.1,17.65,1.0,1246683
2026-08-21,NYSE:EC,17.79,17.37,17.59,17.53,1.0,1288945
2026-08-24,NYSE:EC,17.365,17.06,17.3,17.33,1.0,1282530
2026-08-25,NYSE:EC,17.27,16.775,17.1,16.79,1.0,1844300
2026-08-26,NYSE:EC,16.77,16.46,16.68,16.52,1.0,1866573
2026-08-27,NYSE:EC,16.81,16.29,16.48,16.56,1.0,1365887
2026-08-28,NYSE:EC,16.67,16.3,16.51,16.5,1.0,928782
2026-08-31,NYSE:EC,17.1499,16.485,16.98,16.67,1.0,2886505
2026-09-01,NYSE:EC,17.56,16.74,16.99,17.45,1.0,2889038
2026-09-02,NYSE:EC,17.64,17.24,17.24,17.51,1.0,1932187
2026-09-03,NYSE:EC,17.87,17.1319,17.58,17.2,1.0,1496760
2026-09-04,NYSE:EC,17.48,16.95,17.37,17.25,1.0,1710135
2026-07-27,NASDAQ:CZNC,24.7299,24.08,24.35,24.6,1.0,91728
2026-07-28,NASDAQ:CZNC,25.44,24.75,24.78,25.1,1.0,81883
2026-07-29,NASDAQ:CZNC,25.4098,24.6608,24.95,25.05,1.0,62528
2026-07-30,NASDAQ:CZNC,25.78,25.07,25.07,25.43,1.0,80166
2026-07-31,NASDAQ:CZNC,25.8432,25.1085,25.33,25.39,1.0,73117
2026-08-03,NASDAQ:CZNC,25.84,25.2,25.36,25.3,1.0,70442
2026-08-04,NASDAQ:CZNC,25.74,25.13,25.3,25.36,1.0,69871
2026-08-05,NASDAQ:CZNC,25.44,24.51,25.06,25.24,1.0,43989
2026-08-06,NASDAQ:CZNC,25.38,24.87,25.38,25.27,1.0,40883
2026-08-07,NASDAQ:CZNC,25.58,24.5892,25.28,25.36,1.0,53785
2026-08-10,NASDAQ:CZNC,25.36,24.85,25.15,25.32,1.0,76728
2026-08-11,NASDAQ:CZNC,25.68,25.32,25.39,25.59,1.0,65326
2026-08-12,NASDAQ:CZNC,26.0,25.52,25.67,25.95,1.0,41660
2026-08-13,NASDAQ:CZNC,26.26,25.88,26.0,26.0,1.0,69199
2026-08-14,NASDAQ:CZNC,26.25,25.53,26.0,25.98,1.0,78089
2026-08-17,NASDAQ:CZNC,26.185,25.8,25.85,25.99,1.0,72315
2026-08-18,NASDAQ:CZNC,26.215,25.9,26.05,26.09,1.0,82817
2026-08-19,NASDAQ:CZNC,26.14,25.57,26.12,25.58,1.0,117173
2026-08-20,NASDAQ:CZNC,25.755,25.16,25.54,25.7,1.0,77917
2026-08-21,NASDAQ:CZNC,25.9999,25.51,25.81,25.8,1.0,70435
2026-08-24,NASDAQ:CZNC,26.25,25.75,25.75,26.01,1.0,94563
2026-08-25,NASDAQ:CZNC,26.0,25.72,25.95,25.78,1.0,55679
2026-08-26,NASDAQ:CZNC,25.88,25.215,25.88,25.36,1.0,98648
2026-08-27,NASDAQ:CZNC,25.56,25.0,25.28,25.49,1.0,63865
2026-08-28,NASDAQ:CZNC,25.83,25.48,25.59,25.54,1.0,68637
2026-08-31,NASDAQ:CZNC,25.54,25.29,25.54,25.34,1.0,40107
2026-09-01,NASDAQ:CZNC,25.47,25.09,25.29,25.32,1.0,50970
2026-09-02,NASDAQ:CZNC,26.1099,25.38,25.45,25.83,1.0,77431
2026-09-03,NASDAQ:CZNC,26.24,25.7517,25.98,25.83,1.0,62357
2026-09-04,NASDAQ:CZNC,26.1662,25.675,25.74,26.11,1.0,33021
2026-07-27,NYSE:UMC,20.15,18.565,20.03,19.08,1.0,15479947
2026-07-28,NYSE:UMC,17.7,16.54,16.9,17.36,1.0,26577219
2026-07-29,NYSE:UMC,18.13,16.96,17.05,17.11,1.0,24695073
2026-07-30,NYSE:UMC,19.02,17.53,17.53,18.94,1.0,24762983
2026-07-31,NYSE:UMC,20.08,18.82,19.78,19.03,1.0,16738113
2026-08-03,NYSE:UMC,18.76,17.49,17.69,18.69,1.0,12063279
2026-08-04,NYSE:UMC,20.85,19.59,19.78,20.63,1.0,20080637
2026-08-05,NYSE:UMC,19.945,19.2,19.66,19.29,1.0,15095865
2026-08-06,NYSE:UMC,19.565,18.73,18.9,19.2,1.0,11956773
2026-08-07,NYSE:UMC,18.82,18.175,18.59,18.72,1.0,13371533
2026-08-10,NYSE:UMC,19.35,18.77,19.27,18.79,1.0,9610853
2026-08-11,NYSE:UMC,19.4486,18.91,19.35,18.94,1.0,7547465
2026-08-12,NYSE:UMC,19.67,19.3,19.67,19.31,1.0,10598477
2026-08-13,NYSE:UMC,19.72,19.225,19.25,19.38,1.0,7682253
2026-08-14,NYSE:UMC,19.17,18.75,18.94,19.15,1.0,7176746
2026-08-17,NYSE:UMC,19.77,19.27,19.38,19.53,1.0,7972813
2026-08-18,NYSE:UMC,18.76,18.14,18.56,18.48,1.0,17417079
2026-08-19,NYSE:UMC,18.97,17.965,18.8,18.12,1.0,12432541
2026-08-20,NYSE:UMC,18.235,17.88,18.03,18.0,1.0,10509534
2026-08-21,NYSE:UMC,18.605,18.275,18.45,18.34,1.0,7306057
2026-08-24,NYSE:UMC,19.5,18.77,19.5,19.05,1.0,14926891
2026-08-25,NYSE:UMC,20.0,19.42,19.5,19.6,1.0,10103741
2026-08-26,NYSE:UMC,19.46,18.84,19.41,19.03,1.0,6789313
2026-08-27,NYSE:UMC,19.08,18.68,18.8,19.07,1.0,9121513
2026-08-28,NYSE:UMC,20.78,19.59,20.65,19.79,1.0,19845665
2026-08-31,NYSE:UMC,20.31,19.735,20.0,19.88,1.0,8837801
2026-09-01,NYSE:UMC,20.8395,20.19,20.43,20.47,1.0,17944694
2026-09-02,NYSE:UMC,20.135,19.4862,19.54,19.97,1.0,8757490
2026-09-03,NYSE:UMC,19.95,19.45,19.57,19.86,1.0,6069193
2026-09-04,NYSE:UMC,21.03,20.33,20.47,20.755,1.0,10011025
2026-07-27,NASDAQ:GLAD,19.16,18.79,18.79,19.03,1.0,121280
2026-07-28,NASDAQ:GLAD,19.4187,19.1,19.21,19.32,1.0,126958
2026-07-29,NASDAQ:GLAD,19.48,18.8975,19.14,18.9,1.0,122742
2026-07-30,NASDAQ:GLAD,18.98,18.59,18.9,18.86,1.0,186659
2026-07-31,NASDAQ:GLAD,19.06,18.53,19.03,18.67,1.0,229763
2026-08-03,NASDAQ:GLAD,19.1884,18.7004,18.9,19.02,1.0,162653
2026-08-04,NASDAQ:GLAD,19.35,18.91,19.12,19.35,1.0,176234
2026-08-05,NASDAQ:GLAD,19.3843,18.67,19.0,19.08,1.0,295108
2026-08-06,NASDAQ:GLAD,19.76,19.145,19.21,19.51,1.0,282959
2026-08-07,NASDAQ:GLAD,19.98,19.53,19.55,19.73,1.0,184158
2026-08-10,NASDAQ:GLAD,19.75,19.35,19.7,19.48,1.0,138570
2026-08-11,NASDAQ:GLAD,19.76,19.44,19.54,19.73,1.0,133425
2026-08-12,NASDAQ:GLAD,19.83,19.52,19.78,19.67,1.0,126126
2026-08-13,NASDAQ:GLAD,20.05,19.745,19.85,20.0,1.0,143741
2026-08-14,NASDAQ:GLAD,20.1,19.725,20.06,19.76,1.0,202448
2026-08-17,NASDAQ:GLAD,20.0,19.44,19.81,19.47,1.0,253242
2026-08-18,NASDAQ:GLAD,19.57,19.26,19.28,19.46,1.0,107591
2026-08-19,NASDAQ:GLAD,19.77,19.39,19.39,19.66,1.0,137319
2026-08-20,NASDAQ:GLAD,19.79,19.4951,19.69,19.73,1.0,157290
2026-08-21,NASDAQ:GLAD,19.75,19.545,19.73,19.67,1.0,99647
2026-08-24,NASDAQ:GLAD,19.87,19.52,19.62,19.82,1.0,177331
2026-08-25,NASDAQ:GLAD,19.86,19.6,19.84,19.84,1.0,106455
2026-08-26,NASDAQ:GLAD,19.91,19.68,19.81,19.74,1.0,113887
2026-08-27,NASDAQ:GLAD,19.93,19.7,19.75,19.84,1.0,118923
2026-08-28,NASDAQ:GLAD,20.05,19.85,19.89,19.895,1.0,113473
2026-08-31,NASDAQ:GLAD,20.38,19.89,19.94,20.15,1.0,231619
2026-09-01,NASDAQ:GLAD,20.325,19.9,20.09,19.93,1.0,191145
2026-09-02,NASDAQ:GLAD,20.21,19.88,20.0,20.09,1.0,211703
2026-09-03,NASDAQ:GLAD,20.34,19.76,20.24,20.11,1.0,168803
2026-09-04,NASDAQ:GLAD,20.1999,19.87,19.91,20.1,1.0,124764
