Stock,Date,MS Fair Value,MS,Tips Target,Tips Stars,Stars,Current Price,Fair Value,Valid Fair Value,Low Price,High Price,"3 Mths
Target","3 Mths
Target %",Intrinsic Value Basic,Intrinsic Value Basic %,Intrinsic Value Adjusted,Intrinsic Value Adjusted %,🙈 Symbol,"🙈 Google
Symbol",Score,Analyst Target Price,Tip Ranks Difference
NYSE:AA,23 Jun 2026,$55.51,3,$78.71,7,3.75,$52.30,6.14%,6.14%,$55.51,$78.71,$57.84,10.59%,$49.18,-5.96%,$69.11,32.13%,AA,NYSE:AA,0.590,$75.02,4.92%
NASDAQ:AAL,28 Jul 2025,$12.45,3,$13.73,1,,$17.43,-28.57%,,,,$15.84,-9.12%,-$19.24,-210.38%,-$10.81,-161.99%,AAL,NASDAQ:AAL,-0.319,$14.94,-8.10%
NASDAQ:AAOI,30 Jan 2026,$36.44,3,$38.25,6,,$146.97,-75.21%,,,,$164.19,11.72%,$0.00,-100.00%,$0.00,-100.00%,AAOI,NASDAQ:AAOI,0.160,$102.30,-62.61%
NASDAQ:AAON,22 Jan 2026,$81.94,2,$119.00,4,,$131.60,-37.73%,,,,$126.90,-3.57%,$0.00,-100.00%,$0.00,-100.00%,AAON,NASDAQ:AAON,-0.246,$122.75,-3.05%
NASDAQ:AAPL,19 Jan 2026,$237.95,2,$299.69,8,,$293.17,-18.83%,,,,$307.64,4.94%,$403.63,37.68%,$419.31,43.02%,AAPL,NASDAQ:AAPL,0.161,$303.38,-1.22%
NYSE:AAT,22 Apr 2026,$25.97,5,$19.00,3,,$24.37,-22.04%,,,,$25.16,3.24%,$9.87,-59.50%,$30.64,25.73%,AAT,NYSE:AAT,0.256,$19.00,0.00%
NASDAQ:ABCB,12 Oct 2025,$69.25,3,$77.00,6,,$89.32,-22.47%,,,,,-100.00%,-$2.00,-102.24%,-$2.00,-102.24%,ABCB,NYSE:ABCB,-2.000,,
NYSE:ABCB,19 Nov 2025,$73.43,3,,,,$89.32,-17.79%,,,,$90.69,1.53%,$0.00,-100.00%,$0.00,-100.00%,ABCB,NYSE:ABCB,0.332,$93.50,
NYSE:ABEV,19 Mar 2026,$3.23,4,$3.12,5,,$3.13,-0.32%,,,,$3.23,3.19%,$0.00,-100.00%,$0.00,-100.00%,ABEV,NYSE:ABEV,0.146,$3.18,-1.89%
NYSE:ABM,30 Aug 2025,$55.78,4,$58.40,6,,$44.57,25.15%,,,,$45.86,2.89%,$0.00,-100.00%,$0.00,-100.00%,ABM,NYSE:ABM,0.341,$51.43,13.55%
NYSE:ABT,11 Dec 2025,$121.58,3,$147.38,6,,$90.49,34.36%,,,,$89.07,-1.57%,$0.00,-100.00%,$0.00,-100.00%,ABT,NYSE:ABT,-0.355,$120.00,22.82%
NYSE:ACCO,28 Apr 2026,$4.93,5,$7.00,6,,$3.98,23.98%,,,,$4.01,0.75%,-$8.46,-312.56%,$1.23,-69.07%,ACCO,NYSE:ACCO,0.385,$7.67,-8.74%
NYSE:ACEL,18 Sep 2025,$12.91,4,$15.00,7,,$13.06,-1.17%,,,,$12.87,-1.45%,$13.11,0.38%,$19.83,51.85%,ACEL,NYSE:ACEL,-0.251,$15.50,-3.23%
NASDAQ:ACGL,29 Aug 2025,$97.27,4,$108.00,5,,$94.92,2.48%,,,,$96.68,1.85%,$210.36,121.62%,$216.56,128.15%,ACGL,NASDAQ:ACGL,0.453,$109.03,-0.94%
NYSE:ACI,21 May 2026,$24.29,3,$22.00,6,,$14.13,55.70%,,,,$14.36,1.63%,$0.00,-100.00%,$0.00,-100.00%,ACI,NYSE:ACI,0.111,$21.53,2.18%
NASDAQ:ACIW,10 Feb 2026,$52.10,5,$63.33,2,,$46.39,12.31%,,,,$43.16,-6.96%,$104.58,125.43%,$110.20,137.55%,ACIW,NASDAQ:ACIW,-0.365,$64.00,-1.05%
NASDAQ:ACLS,27 May 2026,$130.64,2,$167.25,8,2.75,$168.91,-22.66%,-22.66%,$111.67,$167.25,$179.14,6.06%,$208.95,23.70%,$213.90,26.64%,ACLS,NASDAQ:ACLS,0.303,$111.67,49.77%
NASDAQ:ACMR,5 Feb 2026,$52.94,2,$43.25,9,,$101.60,-57.43%,,,,$102.86,1.24%,$0.00,-100.00%,$0.00,-100.00%,ACMR,NASDAQ:ACMR,0.152,$70.50,-38.65%
NYSE:ACN,24 May 2026,$244.46,3,$254.70,8,,$129.15,89.28%,,,,$131.13,1.53%,$0.00,-100.00%,$0.00,-100.00%,ACN,NYSE:ACN,0.345,$250.51,1.67%
NYSE:ACVA,18 Sep 2025,$10.72,3,,,,$6.60,62.45%,,,,$6.37,-3.48%,$9.37,42.03%,$9.77,48.05%,ACVA,NYSE:ACVA,-0.363,$8.98,
NYSE:ADC,19 Sep 2025,$79.26,4,$81.90,8,,$75.32,5.23%,,,,$77.59,3.01%,$55.30,-26.58%,$87.89,16.69%,ADC,NYSE:ADC,0.702,$85.44,-4.14%
NASDAQ:ADEA,5 Feb 2026,$20.67,3,,,,$30.06,-31.22%,,,,$32.73,8.88%,$53.42,77.72%,$60.78,102.20%,ADEA,NASDAQ:ADEA,0.116,$35.25,
NASDAQ:ADI,4 Jan 2026,$270.08,3,$290.50,7,,$413.16,-34.63%,,,,$437.11,5.80%,$0.00,-100.00%,$0.00,-100.00%,ADI,NASDAQ:ADI,0.292,$392.94,-26.07%
NASDAQ:ADIL,11 Jul 2025,$0.51,3,,,,$2.48,-79.31%,,,,$2.52,1.61%,-$8.57,-445.46%,-$8.57,-445.42%,ADIL,NASDAQ:ADIL,-0.638,$25.00,
NASDAQ:ADP,27 Jan 2026,$279.90,4,$288.80,7,,$219.86,27.31%,,,,$219.71,-0.07%,$218.13,-0.79%,$239.36,8.87%,ADP,NASDAQ:ADP,-0.217,$260.60,10.82%
NASDAQ:ADTN,10 Feb 2026,$10.14,3,$12.50,8,,$13.96,-27.36%,,,,$15.53,11.25%,$0.00,-100.00%,$0.00,-100.00%,ADTN,NASDAQ:ADTN,0.351,$17.00,-26.47%
NYSE:AEM,24 Oct 2025,$79.48,1,,,,$153.46,-48.21%,,,,$161.88,5.49%,$309.95,101.98%,$366.81,139.02%,AEM,NYSE:AEM,-0.107,$254.29,
NASDAQ:AEMD,4 Dec 2025,$7.60,3,,,,$1.22,522.95%,,,,,-100.00%,-$2.00,-263.93%,-$2.00,-263.93%,AEMD,NASDAQ:AEMD,-2.000,,
NASDAQ:AEP,18 Sep 2025,$104.71,2,,,,$134.95,-22.41%,,,,$136.52,1.16%,$0.00,-100.00%,$0.00,-100.00%,AEP,NASDAQ:AEP,0.111,$138.37,
NYSE:AER,5 Mar 2026,$119.70,1,,,,$147.89,-19.06%,,,,$140.97,-4.68%,-$15.84,-110.71%,-$6.76,-104.57%,AER,NYSE:AER,-0.303,$163.78,
NYSE:AES,11 Jul 2025,$13.47,3,,,,$14.68,-8.28%,,,,$15.06,2.59%,$0.00,-100.00%,$0.00,-100.00%,AES,NYSE:AES,0.310,$15.11,
NASDAQ:AFYA,20 Apr 2026,$21.45,3,$16.67,2,,$14.59,14.26%,,,,$15.00,2.81%,$40.20,175.55%,$62.19,326.24%,AFYA,NASDAQ:AFYA,0.535,$17.39,-4.14%
NYSE:AG,12 Aug 2025,$7.66,3,,,,$16.06,-52.33%,,,,$17.54,9.22%,$37.71,134.83%,$45.13,181.04%,AG,NYSE:AG,0.396,$26.50,
NYSE:AGI,24 Oct 2025,$19.15,2,,,,$30.10,-36.38%,,,,$30.61,1.69%,$36.77,22.14%,$44.40,47.49%,AGI,NYSE:AGI,-0.155,$60.50,
NYSE:AGM,11 Nov 2025,$179.75,4,$219.00,5,,$192.66,-6.70%,,,,$194.72,1.07%,"-$2,590.27",-1444.48%,"-$2,609.28",-1454.35%,AGM,NYSE:AGM,0.343,$215.33,1.70%
NASDAQ:AGNC,23 Dec 2025,$10.87,3,$10.31,9,,$10.49,-1.72%,,,,$10.35,-1.33%,-$67.27,-741.24%,-$66.96,-738.31%,AGNC,NASDAQ:AGNC,-0.319,$11.44,-9.88%
NYSE:AGO,3 Jan 2025,$100.22,4,$105.33,1,,$78.33,27.95%,,,,$79.92,2.03%,$9.46,-87.93%,$9.46,-87.93%,AGO,NYSE:AGO,0.246,$102.33,2.93%
NYSE:AGRO,27 Aug 2025,$9.55,4,$9.40,1,,$9.11,3.18%,,,,$9.67,6.15%,$21.31,133.95%,$46.16,406.68%,AGRO,NYSE:AGRO,0.185,$13.11,-28.30%
NASDAQ:AHCO,3 Dec 2025,$13.94,3,$13.67,6,,$10.03,36.29%,,,,$9.62,-4.09%,$18.15,80.98%,$55.52,453.57%,AHCO,NASDAQ:AHCO,-0.490,$13.44,1.71%
NYSE:AIG,17 Jul 2025,$84.76,3,$90.60,5,,$76.14,11.32%,,,,$79.25,4.08%,-$128.47,-268.73%,-$63.41,-183.28%,AIG,NYSE:AIG,0.410,$87.65,3.37%
NASDAQ:AIMD,29 Jan 2026,$2.10,3,,,,$1.80,16.89%,,,,,-100.00%,-$2.00,-211.11%,-$2.00,-211.11%,AIMD,NASDAQ:AIMD,-2.000,,
NYSE:AIN,15 Aug 2025,$77.61,3,$66.80,4,,$71.96,-7.17%,,,,$74.64,3.72%,$124.08,72.43%,$165.50,129.99%,AIN,NYSE:AIN,0.745,$56.25,18.76%
NASDAQ:AIP,5 Feb 2026,$16.04,3,$20.50,7,,$41.03,-60.90%,,,,$44.46,8.36%,$0.00,-100.00%,$0.00,-100.00%,AIP,NASDAQ:AIP,0.563,$20.50,0.00%
NASDAQ:AIRS,23 Aug 2025,$6.69,3,$5.00,5,,$4.55,9.89%,,,,$4.53,-0.44%,$5.32,17.00%,$9.66,112.40%,AIRS,NASDAQ:AIRS,-0.047,$3.00,66.67%
NYSE:AIV,23 Jun 2026,$3.11,3,,3,3.75,$2.92,6.51%,6.51%,$3.11,$7.00,$3.12,6.85%,-$5.46,-286.88%,-$3.62,-223.90%,AIV,NYSE:AIV,0.913,$7.00,
NYSE:AIZ,29 Aug 2025,$221.82,3,$239.50,10,,$263.82,-15.92%,,,,$272.08,3.13%,$466.09,76.67%,$561.60,112.87%,AIZ,NYSE:AIZ,0.146,$260.00,-7.88%
NASDAQ:AKAM,11 Feb 2026,$114.28,5,$103.73,9,,$119.42,-13.14%,,,,$118.80,-0.52%,$126.91,6.27%,$174.67,46.27%,AKAM,NASDAQ:AKAM,-0.545,$112.28,-7.61%
NYSE:AL,2 Jan 2026,$58.27,3,$66.50,5,,#N/A,#N/A,,,,,#N/A,-$2.00,#N/A,-$2.00,#N/A,AL,NYSE:AL,-2.000,,
NASDAQ:ALAB,27 Jan 2026,$140.56,1,$194.64,5,,$399.92,-64.85%,,,,$426.07,6.54%,$0.00,-100.00%,$0.00,-100.00%,ALAB,NASDAQ:ALAB,0.012,$202.24,-3.76%
NYSE:ALC,27 Aug 2025,$81.45,1,,,,$67.93,19.90%,,,,$65.38,-3.75%,$114.70,68.85%,$143.54,111.31%,ALC,NYSE:ALC,-0.432,$94.68,
NYSE:ALEX,18 Nov 2025,$16.62,4,$21.00,5,,#N/A,#N/A,,,,$10.08,#N/A,$21.01,#N/A,$26.62,#N/A,ALEX,NYSE:ALEX,-0.915,$21.00,0.00%
NASDAQ:ALGM,19 Jan 2026,$25.92,2,$39.14,8,,$55.42,-53.24%,,,,$60.34,8.88%,$64.21,15.85%,$68.98,24.48%,ALGM,NASDAQ:ALGM,0.518,$46.75,-16.28%
NYSE:ALIT,11 Feb 2026,$3.53,3,$3.67,5,,$0.57,520.09%,,,,$0.53,-7.02%,$6.30,1005.49%,$19.59,3337.45%,ALIT,NYSE:ALIT,-0.156,$2.38,54.20%
NYSE:ALL,28 Apr 2026,$199.62,2,$248.30,5,,$233.54,-14.53%,,,,$226.85,-2.86%,$533.55,128.46%,$557.20,138.59%,ALL,NYSE:ALL,-0.172,$241.52,2.81%
NYSE:ALLE,24 Oct 2025,$165.38,3,,,,$134.00,23.42%,,,,$129.08,-3.67%,$167.52,25.02%,$195.28,45.73%,ALLE,NYSE:ALLE,-0.389,$167.58,
NYSE:ALLY,23 Jun 2026,$46.74,3,,,4,$45.56,2.59%,2.59%,$46.74,$51.77,$48.37,6.17%,$0.00,-100.00%,$0.00,-100.00%,ALLY,NYSE:ALLY,0.915,$51.77,
NASDAQ:ALNT,4 Feb 2026,$50.47,2,,,,$97.97,-48.48%,,,,$99.79,1.86%,$130.64,33.35%,$144.61,47.61%,ALNT,NASDAQ:ALNT,0.311,$69.10,
NASDAQ:ALRM,11 Feb 2026,$60.94,3,$85.00,1,,$44.47,37.05%,,,,$43.09,-3.10%,$85.78,92.89%,$101.80,128.92%,ALRM,NASDAQ:ALRM,-0.444,$58.00,46.55%
NASDAQ:ALRS,27 Oct 2025,$24.54,3,$25.63,7,,$30.61,-19.84%,,,,$31.33,2.35%,-$115.12,-476.08%,-$109.94,-459.15%,ALRS,NASDAQ:ALRS,0.472,$26.00,-1.42%
NYSE:ALSN,22 Sep 2025,$99.81,4,$98.14,3,,$119.68,-18.00%,,,,$121.60,1.60%,$218.64,82.69%,$245.16,104.85%,ALSN,NYSE:ALSN,0.046,$131.00,-25.08%
NASDAQ:ALT,23 Dec 2025,$9.35,5,$13.00,2,,$2.95,216.95%,,,,$2.89,-2.03%,$1.87,-36.75%,$1.87,-36.55%,ALT,NASDAQ:ALT,-0.272,$18.15,-28.37%
NASDAQ:ALTS,12 Aug 2025,$5.33,2,,,,#N/A,#N/A,,,,$0.00,#N/A,$0.00,#N/A,$0.00,#N/A,ALTS,NASDAQ:ALTS,-1.000,$6.50,
NASDAQ:ALVO,23 Aug 2025,$8.66,3,,,,$3.71,133.48%,,,,$3.67,-1.08%,$2.11,-43.07%,$3.56,-4.00%,ALVO,NASDAQ:ALVO,-0.340,$13.83,
NASDAQ:AMAL,2 Oct 2025,$30.65,3,,1,,$45.50,-32.63%,,,,$46.57,2.35%,$0.00,-100.00%,$0.00,-100.00%,AMAL,NASDAQ:AMAL,0.255,$46.00,
NYSE:AMBP,29 Aug 2025,$5.14,4,,6,,$4.48,14.71%,,,,$4.68,4.46%,$11.39,154.25%,$19.22,329.05%,AMBP,NYSE:AMBP,0.080,$4.66,
NYSE:AMBQ,29 Jan 2026,$40.84,3,,,,$81.18,-49.69%,,,,$88.30,8.77%,$0.00,-100.00%,$0.00,-100.00%,AMBQ,NYSE:AMBQ,0.057,$42.00,
NYSE:AMCR,21 May 2026,$52.70,5,$46.80,4,,$41.71,12.20%,,,,$40.24,-3.52%,$0.00,-100.00%,$0.00,-100.00%,AMCR,NYSE:AMCR,-0.341,$50.22,-6.81%
NASDAQ:AMD,28 Jan 2026,$229.36,2,$286.66,9,,$519.05,-55.81%,,,,$545.93,5.18%,$611.66,17.84%,$643.66,24.01%,AMD,NASDAQ:AMD,0.537,$312.28,-8.20%
NYSE:AME,19 Nov 2025,$189.82,2,$220.17,2,,$235.38,-19.36%,,,,$246.97,4.92%,$364.28,54.76%,$395.02,67.82%,AME,NYSE:AME,0.585,$250.00,-11.93%
NASDAQ:AMPG,9 Feb 2026,$2.53,3,$9.00,7,,$7.07,-64.24%,,,,$8.39,18.67%,$6.38,-9.83%,$6.47,-8.47%,AMPG,NASDAQ:AMPG,0.234,$7.00,28.57%
NASDAQ:AMPL,5 Feb 2026,$11.31,4,$15.17,4,,$6.83,65.59%,,,,$6.51,-4.69%,$9.84,44.02%,$10.71,56.88%,AMPL,NASDAQ:AMPL,-0.326,$11.40,33.07%
NYSE:AMPY,20 Mar 2026,$8.49,3,$7.25,8,,$3.97,82.62%,,,,$3.98,0.25%,$0.00,-100.00%,$0.00,-100.00%,AMPY,NYSE:AMPY,-0.186,$9.12,-20.50%
NASDAQ:AMSC,29 Oct 2025,$40.66,2,,,,$40.85,-0.47%,,,,$44.92,9.96%,$43.36,6.16%,$45.33,10.98%,AMSC,NASDAQ:AMSC,0.108,$52.33,
NASDAQ:AMSF,26 Aug 2025,$45.99,3,,,,$32.46,41.67%,,,,$33.25,2.43%,$8.17,-74.82%,$8.23,-74.66%,AMSF,NASDAQ:AMSF,0.304,$38.67,
NYSE:AMTB,19 Nov 2025,$19.34,3,$21.00,4,,$24.67,-21.61%,,,,$24.79,0.49%,-$149.00,-703.99%,-$147.14,-696.44%,AMTB,NYSE:AMTB,0.121,$24.50,-14.29%
NASDAQ:AMTX,4 Sep 2025,$3.19,3,,5,,$1.66,91.93%,,,,$1.94,16.87%,$0.79,-52.12%,-$3.95,-337.78%,AMTX,NASDAQ:AMTX,0.274,$13.62,
NASDAQ:AMWD,30 Aug 2025,$86.63,3,,6,,#N/A,#N/A,,,,,#N/A,-$2.00,#N/A,-$2.00,#N/A,AMWD,NASDAQ:AMWD,-2.000,,
NYSE:AMX,23 Jun 2026,$26.38,3,$28.60,8,3.5,$25.99,1.49%,1.49%,$26.38,$28.60,$26.85,3.31%,$36.76,41.44%,$125.70,383.65%,AMX,NYSE:AMX,0.588,$26.70,7.12%
NYSE:ANF,21 Sep 2025,$118.40,3,,1,,$88.83,33.29%,,,,$83.04,-6.52%,$0.00,-100.00%,$0.00,-100.00%,ANF,NYSE:ANF,-0.703,$119.50,
NYSE:AON,29 Aug 2025,$347.01,2,,,,$325.48,6.61%,,,,$317.15,-2.56%,$529.32,62.63%,$599.88,84.31%,AON,NYSE:AON,-0.423,$389.95,
NYSE:AORT,11 Dec 2025,$47.98,3,$51.71,4,,$22.03,117.79%,,,,$20.07,-8.90%,$0.00,-100.00%,$0.00,-100.00%,AORT,NYSE:AORT,-0.473,$50.75,1.89%
NYSE:AOS,14 Jan 2026,$71.54,4,$76.86,8,,$60.18,18.88%,,,,$59.89,-0.48%,$145.45,141.68%,$158.82,163.91%,AOS,NYSE:AOS,0.361,$78.30,-1.84%
NASDAQ:AOSL,5 Feb 2026,$36.47,3,$24.33,6,,$41.96,-42.02%,,,,$49.02,16.83%,$51.71,23.23%,$73.76,75.79%,AOSL,NASDAQ:AOSL,0.449,$30.33,-19.78%
NASDAQ:APA,12 Aug 2025,$28.49,3,,7,,$33.33,-14.54%,,,,$35.19,5.58%,$27.67,-16.98%,$95.28,185.87%,APA,NASDAQ:APA,0.300,$41.30,
NYSE:APAM,25 Feb 2026,$47.32,4,$45.00,6,,$34.85,29.12%,,,,$35.52,1.92%,$109.59,214.47%,$111.94,221.20%,APAM,NYSE:APAM,-0.227,$39.50,13.92%
NYSE:APD,30 Aug 2025,$296.29,3,,8,,$278.73,6.30%,,,,$295.28,5.94%,$149.35,-46.42%,$170.05,-38.99%,APD,NYSE:APD,0.639,$307.67,
NASDAQ:APEI,15 Oct 2025,$34.52,3,,,,$52.13,-33.78%,,,,$56.53,8.44%,$85.94,64.86%,$97.58,87.19%,APEI,NASDAQ:APEI,0.549,$59.00,
NYSE:APH,22 Jan 2026,$121.05,1,$163.27,10,,$162.78,-25.63%,,,,$166.05,2.01%,$0.00,-100.00%,$0.00,-100.00%,APH,NYSE:APH,0.270,$169.78,-3.83%
NASDAQ:API,24 Aug 2025,$3.05,3,,,,$4.12,-26.09%,,,,$4.04,-1.94%,$3.80,-7.87%,$5.10,23.89%,API,NASDAQ:API,-0.274,$6.05,
NASDAQ:APOG,5 May 2025,$66.39,5,,2,,$41.96,58.22%,,,,$42.29,0.79%,$0.00,-100.00%,$0.00,-100.00%,APOG,NASDAQ:APOG,0.200,$40.50,
NYSE:AQN,26 Aug 2025,$6.14,4,,8,,$5.98,2.74%,,,,$6.18,3.34%,-$4.76,-179.52%,-$2.18,-136.49%,AQN,NYSE:AQN,0.711,$6.78,
NYSE:AR,20 Aug 2025,$31.31,3,,,,$34.71,-9.80%,,,,$33.79,-2.65%,$50.63,45.86%,$74.77,115.40%,AR,NYSE:AR,-0.310,$48.81,
NASDAQ:ARAI,10 Feb 2026,$3.71,3,,,,$0.41,805.59%,,,,,-100.00%,-$2.00,-587.80%,-$2.00,-587.80%,ARAI,NASDAQ:ARAI,-2.000,,
NASDAQ:ARAY,11 Dec 2025,$1.27,4,$4.00,4,,$0.33,284.85%,,,,,-100.00%,-$2.00,-706.06%,-$2.00,-706.06%,ARAY,NASDAQ:ARAY,-2.000,,
NASDAQ:ARCC,30 Mar 2026,$19.78,3,$20.83,9,,$17.85,10.79%,,,,$18.33,2.69%,$13.74,-23.02%,$14.66,-17.88%,ARCC,NASDAQ:ARCC,0.104,$20.85,-0.10%
NYSE:ARCO,29 Aug 2025,$10.31,3,,9,,$8.19,25.85%,,,,$8.19,0.00%,-$1.02,-112.42%,$25.67,213.44%,ARCO,NYSE:ARCO,-0.179,$10.69,
NASDAQ:ARHS,7 Jul 2025,$13.03,3,,4,,$7.83,66.37%,,,,$7.28,-7.02%,$8.47,8.12%,$8.07,3.10%,ARHS,NASDAQ:ARHS,0.103,$10.56,
NASDAQ:ARKO,26 Aug 2025,$6.50,3,,,,$7.73,-15.85%,,,,$8.03,3.88%,-$12.41,-260.51%,-$1.18,-115.21%,ARKO,NASDAQ:ARKO,0.542,$8.50,
NASDAQ:ARLP,16 Jun 2026,$24.60,1,,,3,$24.24,1.49%,1.49%,$24.60,$30.33,$25.43,4.91%,$48.02,98.12%,$71.19,193.70%,ARLP,NASDAQ:ARLP,0.497,$30.33,
NASDAQ:ARM,19 Jan 2026,$90.86,2,$170.59,1,,$359.12,-74.70%,,,,$400.83,11.61%,$376.05,4.71%,$378.99,5.53%,ARM,NASDAQ:ARM,0.416,$171.98,-0.81%
NASDAQ:AROW,2 Oct 2025,$52.81,3,$48.67,4,,$40.36,20.59%,,,,$41.04,1.68%,$0.00,-100.00%,$0.00,-100.00%,AROW,NASDAQ:AROW,0.303,$35.50,37.10%
NYSE:ARX,13 Nov 2025,$14.59,3,,,,$13.37,9.13%,,,,$12.63,-5.53%,$0.00,-100.00%,$0.00,-100.00%,ARX,NYSE:ARX,-0.501,$17.94,
NYSE:ASB,10 Apr 2025,$23.54,5,,6,,$30.44,-22.67%,,,,$30.54,0.33%,-$109.07,-458.30%,-$99.41,-426.57%,ASB,NYSE:ASB,0.164,$30.10,
NYSE:ASGN,20 Feb 2026,$71.47,3,$56.80,5,,#N/A,#N/A,,,,$0.00,#N/A,$85.12,#N/A,$112.92,#N/A,ASGN,NYSE:ASGN,-1.000,$51.50,10.29%
NYSE:ASH,14 May 2025,$83.18,3,,4,,$63.44,31.12%,,,,$69.07,8.87%,$127.39,100.80%,$186.75,194.37%,ASH,NYSE:ASH,0.607,$67.50,
NASDAQ:ASML,30 Aug 2025,$871.20,3,,10,,"$1,763.50",-50.60%,,,,"$1,871.71",6.14%,"$2,283.30",29.48%,"$2,271.27",28.79%,ASML,NASDAQ:ASML,0.526,"$1,663.09",
NASDAQ:ASPI,19 Nov 2025,$6.33,3,$13.00,3,,$7.07,-10.41%,,,,$7.75,9.62%,$6.95,-1.73%,$6.96,-1.52%,ASPI,NASDAQ:ASPI,0.156,$13.00,0.00%
NYSE:ASR,10 Jul 2025,$344.93,4,,7,,$302.31,14.10%,,,,$295.85,-2.14%,-$535.26,-277.06%,-$437.52,-244.73%,ASR,NYSE:ASR,-0.018,$375.44,
NASDAQ:ASTS,29 Jan 2026,$76.75,2,$91.68,6,,$68.01,12.85%,,,,$79.73,17.23%,$67.30,-1.04%,$67.79,-0.32%,ASTS,NASDAQ:ASTS,0.316,$86.40,6.11%
NYSE:ASX,19 Jan 2026,$16.81,2,,,,$41.34,-59.34%,,,,$42.54,2.90%,$29.37,-28.94%,$31.42,-24.00%,ASX,NYSE:ASX,0.753,$38.65,
NASDAQ:ATEC,11 Dec 2025,$16.73,3,$23.17,2,,$8.70,92.30%,,,,$8.34,-4.14%,$5.42,-37.65%,$7.42,-14.67%,ATEC,NASDAQ:ATEC,-0.517,$23.33,-0.69%
NYSE:ATEN,20 Jan 2026,$18.80,3,$23.25,7,,$34.18,-45.00%,,,,$34.95,2.25%,$37.61,10.04%,$39.67,16.06%,ATEN,NYSE:ATEN,0.045,$24.50,-5.10%
NYSE:ATGE,15 Oct 2025,$131.23,2,,,,#N/A,#N/A,,,,$0.00,#N/A,$96.73,#N/A,$122.01,#N/A,ATGE,NYSE:ATGE,-1.000,$161.00,
NYSE:ATI,30 Aug 2025,$63.00,2,,7,,$197.59,-68.12%,,,,$211.27,6.92%,$276.22,39.80%,$297.49,50.56%,ATI,NYSE:ATI,0.530,$173.22,
NASDAQ:ATOM,10 Feb 2026,$5.03,3,,1,,$7.41,-32.06%,,,,$8.40,13.36%,$0.00,-100.00%,$0.00,-100.00%,ATOM,NASDAQ:ATOM,0.437,$7.00,
NYSE:ATS,31 Oct 2025,$26.18,3,,,,$27.98,-6.43%,,,,$28.17,0.68%,$34.31,22.61%,$46.19,65.10%,ATS,NYSE:ATS,0.178,$35.00,
NYSE:AU,20 Aug 2025,$29.75,2,,,,$78.59,-62.14%,,,,$82.62,5.13%,$190.90,142.90%,$194.69,147.73%,AU,NYSE:AU,-0.239,$120.57,
NYSE:AUB,20 Jan 2026,$40.52,3,$42.50,6,,$40.81,-0.71%,,,,$41.11,0.74%,-$127.72,-412.97%,-$123.12,-401.69%,AUB,NYSE:AUB,0.035,$44.31,-4.08%
NASDAQ:AUDC,26 Mar 2026,$12.39,3,$12.50,5,,$9.12,35.85%,,,,$9.43,3.40%,$9.72,6.58%,$11.37,24.69%,AUDC,NASDAQ:AUDC,0.451,$12.50,0.00%
NASDAQ:AUR,5 Feb 2026,$5.15,3,,,,$6.23,-17.40%,,,,$6.33,1.61%,$5.46,-12.29%,$5.50,-11.70%,AUR,NASDAQ:AUR,-0.410,$10.59,
NYSE:AVB,18 Sep 2025,$217.02,5,,7,,$183.60,18.20%,,,,$182.66,-0.51%,$185.70,1.15%,$251.09,36.76%,AVB,NYSE:AVB,-0.040,$193.65,
NASDAQ:AVGO,26 May 2026,$447.08,3,$478.56,9,3.75,$382.08,17.01%,,,,$403.96,5.73%,$0.00,-100.00%,$0.00,-100.00%,AVGO,NASDAQ:AVGO,0.540,$475.49,0.65%
NYSE:AVNS,11 Dec 2025,$18.52,3,,5,,$24.95,-25.77%,,,,$24.96,0.04%,$0.00,-100.00%,$0.00,-100.00%,AVNS,NYSE:AVNS,-0.374,$14.00,
NASDAQ:AVNW,15 Jun 2026,$24.32,4,$29.20,6,3.5,$20.72,17.37%,17.37%,$24.32,$34.86,$21.24,2.51%,$59.15,185.46%,$65.08,214.08%,AVNW,NASDAQ:AVNW,0.178,$34.86,-16.24%
NASDAQ:AVT,30 Aug 2025,$60.84,5,,1,,$88.26,-31.07%,,,,$92.99,5.36%,$74.98,-15.05%,$91.26,3.40%,AVT,NASDAQ:AVT,0.048,$81.50,
NASDAQ:AVTX,23 Dec 2025,$33.36,4,$37.40,3,,$18.19,83.40%,,,,$16.68,-8.30%,$12.21,-32.89%,$12.23,-32.75%,AVTX,NASDAQ:AVTX,-0.501,$40.09,-6.71%
NYSE:AVY,30 Aug 2025,$186.52,3,,1,,$163.15,14.32%,,,,$157.75,-3.31%,$215.51,32.10%,$306.45,87.83%,AVY,NYSE:AVY,-0.331,$207.55,
NYSE:AX,19 Nov 2025,$76.16,3,$103.25,5,,$94.35,-19.28%,,,,$89.62,-5.01%,-$234.78,-348.84%,-$209.60,-322.15%,AX,NYSE:AX,-0.082,$112.67,-8.36%
NYSE:B,24 Oct 2025,$29.72,2,,,,$36.46,-18.49%,,,,$39.76,9.05%,$85.67,134.96%,$107.07,193.66%,B,NYSE:B,0.122,$56.99,
NYSE:BA,9 Apr 2025,$179.31,5,,9,,$220.25,-18.59%,,,,$226.17,2.69%,$116.50,-47.10%,$99.71,-54.73%,BA,NYSE:BA,0.202,$265.76,
NYSE:BABA,20 Aug 2025,$133.65,4,,7,,$99.80,33.92%,,,,$105.57,5.78%,$242.21,142.70%,$526.29,427.35%,BABA,NYSE:BABA,0.152,$189.43,
NYSE:BAC,14 Aug 2025,$45.19,3,,6,,$57.73,-21.73%,,,,$59.37,2.84%,$0.00,-100.00%,$0.00,-100.00%,BAC,NYSE:BAC,0.275,$62.33,
NYSE:BALL,20 Aug 2025,$67.98,3,,6,,$60.98,11.48%,,,,$58.51,-4.05%,$110.46,81.14%,$151.74,148.83%,BALL,NYSE:BALL,-0.267,$70.69,
NYSE:BANC,19 Nov 2025,$18.77,3,$20.69,3,,$20.74,-9.50%,,,,$21.21,2.27%,-$133.45,-743.43%,-$122.84,-692.31%,BANC,NYSE:BANC,0.520,$22.55,-8.25%
NASDAQ:BANF,1 Jun 2026,$118.00,3,$125.00,2,2.5,$114.24,3.29%,3.29%,$118.00,$125.00,$114.56,0.28%,$0.00,-100.00%,$0.00,-100.00%,BANF,NASDAQ:BANF,0.022,$124.33,0.54%
NASDAQ:BANR,19 Nov 2025,$63.81,3,$71.50,3,,$67.62,-5.63%,,,,$69.36,2.57%,-$314.87,-565.64%,-$301.12,-545.32%,BANR,NASDAQ:BANR,0.556,$69.33,3.13%
NYSE:BAP,27 May 2026,$279.24,2,,,3,$376.49,-25.83%,-25.83%,$279.24,$359.80,$390.11,3.62%,"-$1,359.38",-461.07%,"-$1,740.70",-562.35%,BAP,NYSE:BAP,0.483,$359.80,
NYSE:BB,18 Aug 2025,$3.38,3,,6,,$8.62,-60.81%,,,,$8.49,-1.51%,$0.00,-100.00%,$0.00,-100.00%,BB,NYSE:BB,-0.464,$4.81,
NYSE:BBAI,9 Feb 2026,$4.92,3,$6.33,2,,$3.52,39.77%,,,,$3.78,7.39%,$0.00,-100.00%,$0.00,-100.00%,BBAI,NYSE:BBAI,-0.321,$5.33,18.76%
NYSE:BBD,1 Jun 2026,$3.72,3,,5,3,$3.37,10.45%,10.45%,$3.72,$4.00,$3.51,4.15%,$0.00,-100.00%,$0.00,-100.00%,BBD,NYSE:BBD,0.196,$4.00,
NASDAQ:BBNX,11 Dec 2025,$41.35,4,,,,$14.73,180.71%,,,,$13.59,-7.74%,$0.00,-100.00%,$0.00,-100.00%,BBNX,NASDAQ:BBNX,-0.264,$20.27,
NYSE:BBT,19 Nov 2025,$27.72,3,,,,$30.60,-9.41%,,,,$30.95,1.14%,$0.00,-100.00%,$0.00,-100.00%,BBT,NYSE:BBT,0.267,$35.14,
NYSE:BBVA,9 Sep 2025,$17.20,3,,9,,$24.16,-28.79%,,,,$25.42,5.22%,-$80.81,-434.47%,-$75.25,-411.46%,BBVA,NYSE:BBVA,0.317,$22.52,
NYSE:BBW,15 Aug 2025,$41.34,2,,8,,$32.58,26.89%,,,,$32.82,0.74%,$0.00,-100.00%,$0.00,-100.00%,BBW,NYSE:BBW,0.517,$62.00,
NYSE:BBWI,24 Mar 2026,$46.95,3,$23.83,5,,$21.81,9.26%,,,,$21.80,-0.05%,$0.00,-100.00%,$0.00,-100.00%,BBWI,NYSE:BBWI,0.502,$27.62,-13.72%
NYSE:BBY,30 Aug 2025,$87.98,3,,5,,$77.63,13.33%,,,,$80.44,3.62%,$0.00,-100.00%,$0.00,-100.00%,BBY,NYSE:BBY,0.531,$73.00,
NYSE:BCH,19 Nov 2025,$33.72,2,,,,$38.00,-11.26%,,,,$39.24,3.26%,"$107,799.08",283581.80%,"$118,894.05",312779.07%,BCH,NYSE:BCH,-0.237,$38.58,
NYSE:BCS,19 Aug 2025,$17.24,2,,,,$26.60,-35.18%,,,,$27.93,5.00%,$2.11,-92.05%,$2.11,-92.05%,BCS,NYSE:BCS,0.326,$26.93,
NYSE:BCSF,25 Feb 2026,$14.48,3,$15.00,6,,$11.98,20.88%,,,,$12.19,1.75%,-$5.70,-147.55%,-$5.74,-147.92%,BCSF,NYSE:BCSF,-0.205,$13.67,9.73%
NYSE:BDC,27 Jan 2026,$129.16,4,$147.50,3,,$118.49,9.00%,,,,$123.64,4.35%,$172.94,45.95%,$206.30,74.11%,BDC,NYSE:BDC,0.494,$157.67,-6.45%
NASDAQ:BELFA,26 Jan 2026,$136.39,2,,,,$256.65,-46.86%,,,,$270.01,5.21%,$331.80,29.28%,$447.98,74.55%,BELFA,NASDAQ:BELFA,0.222,$110.00,
NASDAQ:BELFB,26 Jan 2026,$149.36,2,,,,$294.15,-49.22%,,,,$309.39,5.18%,$304.37,3.47%,$327.46,11.32%,BELFB,NASDAQ:BELFB,0.297,$308.83,
NYSE:BF.A,24 May 2026,$36.21,3,,,,$28.07,29.00%,,,,$28.12,0.18%,$0.00,-100.00%,$0.00,-100.00%,BF.A,NYSE:BF.A,0.107,,
NYSE:BF.B,26 Mar 2026,$32.79,5,,,,$27.80,17.96%,,,,$28.28,1.73%,$0.00,-100.00%,$0.00,-100.00%,BF.B,NYSE:BF.B,0.205,$29.23,
NYSE:BFAM,1 Sep 2025,$119.95,3,,8,,$67.92,76.60%,,,,$64.46,-5.09%,$146.39,115.54%,$177.22,160.93%,BFAM,NYSE:BFAM,-0.357,$97.11,
NASDAQ:BFC,21 Oct 2025,$117.45,3,$137.00,6,,$146.44,-19.79%,,,,$147.33,0.61%,$0.00,-100.00%,$0.00,-100.00%,BFC,NASDAQ:BFC,0.029,$158.50,-13.56%
NYSE:BFLY,16 Dec 2025,$4.29,3,$4.25,7,,$7.77,-45.30%,,,,$6.86,-11.71%,$8.34,7.32%,$8.66,11.52%,BFLY,NYSE:BFLY,-0.354,$5.56,-23.56%
NYSE:BFS,23 Dec 2025,$44.26,3,,5,,$37.07,19.40%,,,,$37.97,2.43%,$0.00,-100.00%,$0.00,-100.00%,BFS,NYSE:BFS,0.365,$43.50,
NASDAQ:BFST,27 May 2026,$30.53,3,$33.00,3,3,$30.15,1.27%,1.27%,$30.53,$33.00,$30.33,0.60%,-$150.40,-598.85%,-$147.49,-589.18%,BFST,NASDAQ:BFST,0.332,$32.60,1.23%
NYSEAMERICAN:BHB,10 Oct 2025,$29.37,1,,,,$37.79,-22.28%,,,,$38.31,1.38%,$0.00,-100.00%,$0.00,-100.00%,BHB,NYSEAMERICAN:BHB,0.296,$36.50,
NYSE:BHE,2 Feb 2026,$52.61,3,$56.00,6,,$91.88,-42.74%,,,,$94.92,3.31%,$119.71,30.29%,$133.00,44.75%,BHE,NYSE:BHE,0.597,$60.00,-6.67%
NYSE:BHP,11 Dec 2025,$58.46,3,$49.75,6,,$80.72,-38.37%,,,,$85.04,5.35%,$0.00,-100.00%,$0.00,-100.00%,BHP,NYSE:BHP,0.171,$67.07,-25.82%
NASDAQ:BHRB,19 Nov 2025,$66.02,3,$72.00,5,,$67.85,-2.70%,,,,$68.15,0.44%,-$280.22,-513.01%,-$256.48,-478.02%,BHRB,NASDAQ:BHRB,0.056,$73.25,-1.71%
NYSE:BIO,11 Dec 2025,$345.93,4,$357.50,4,,$280.05,23.52%,,,,$272.73,-2.61%,$413.73,47.73%,$530.49,89.43%,BIO,NYSE:BIO,-0.201,$302.50,18.18%
NYSE:BIRK,8 Mar 2026,$48.62,3,$58.44,5,,$45.09,7.83%,,,,$42.65,-5.41%,$85.03,88.57%,$95.43,111.65%,BIRK,NYSE:BIRK,-0.081,$56.88,2.74%
NYSE:BJ,20 Aug 2025,$90.76,0,,1,,$87.51,3.71%,,,,$83.99,-4.02%,$0.00,-100.00%,$0.00,-100.00%,BJ,NYSE:BJ,-0.397,$104.60,
NYSE:BKD,30 Aug 2025,$9.20,4,,6,,$14.69,-37.37%,,,,$14.44,-1.70%,-$7.39,-150.34%,$2.88,-80.41%,BKD,NYSE:BKD,0.173,$19.10,
NYSE:BKE,13 Apr 2026,$50.82,3,$53.00,5,,$44.57,14.02%,,,,$44.57,0.00%,$0.00,-100.00%,$0.00,-100.00%,BKE,NYSE:BKE,-0.141,$53.00,0.00%
NASDAQ:BKR,21 Jul 2025,$40.95,3,,5,,$56.38,-27.37%,,,,$61.62,9.29%,$100.35,77.98%,$117.14,107.78%,BKR,NASDAQ:BKR,0.657,$63.48,
NYSEAMERICAN:BKTI,10 Feb 2026,$81.00,,,8,,$81.33,-0.41%,,,,$83.83,3.07%,$118.33,45.50%,$124.60,53.20%,BKTI,NYSEAMERICAN:BKTI,0.336,$97.00,
NYSE:BKU,19 Nov 2025,$43.87,3,,,,$50.43,-13.01%,,,,$50.54,0.22%,-$315.82,-726.25%,-$309.25,-713.22%,BKU,NYSE:BKU,0.341,$53.64,
NASDAQ:BL,29 Jan 2026,$60.96,4,$59.00,6,,$27.03,118.28%,,,,$25.91,-4.14%,$0.00,-100.00%,$0.00,-100.00%,BL,NASDAQ:BL,-0.530,$50.69,16.39%
NYSE:BLD,30 Aug 2025,$467.93,3,,3,,$415.68,12.57%,,,,$423.51,1.88%,$491.27,18.18%,$563.06,35.46%,BLD,NYSE:BLD,0.216,$474.79,
NASDAQ:BLDP,29 Oct 2025,$3.68,3,$2.20,5,,$3.69,-40.38%,,,,$3.98,7.86%,$5.37,45.42%,$5.56,50.55%,BLDP,NASDAQ:BLDP,-0.187,$3.25,-32.31%
NYSE:BLK,27 Aug 2025,"$1,027.97",2,,,,$982.60,4.62%,,,,"$1,016.80",3.48%,$0.00,-100.00%,$0.00,-100.00%,BLK,NYSE:BLK,-0.245,"$1,251.88",
NASDAQ:BLKB,19 Nov 2025,$76.27,3,$75.00,4,,$27.61,171.64%,,,,$26.38,-4.45%,$56.25,103.72%,$64.20,132.53%,BLKB,NASDAQ:BLKB,-0.622,$59.80,25.42%
NYSE:BLND,27 Jan 2026,$3.86,3,$4.19,7,,$1.70,127.08%,,,,$1.66,-2.35%,$2.38,39.99%,$0.65,-61.93%,BLND,NYSE:BLND,-0.323,$4.10,2.20%
NASDAQ:BLNK,23 Dec 2025,$0.94,3,,6,,$0.60,56.67%,,,,$0.62,3.33%,-$0.94,-256.97%,-$0.74,-222.55%,BLNK,NASDAQ:BLNK,-0.021,$2.25,
NYSE:BLSH,13 Nov 2025,$55.70,3,,,,$23.47,137.31%,,,,$24.30,3.54%,$0.00,-100.00%,$0.00,-100.00%,BLSH,NYSE:BLSH,-0.563,$45.90,
NYSE:BLX,19 Nov 2025,$40.42,3,,,,$62.78,-35.62%,,,,$63.37,0.94%,-$140.13,-323.21%,-$139.83,-322.74%,BLX,NYSE:BLX,0.063,$65.53,
NASDAQ:BLZE,27 Jan 2026,$6.36,3,$9.00,6,,$11.97,-46.85%,,,,$9.73,-18.71%,$11.64,-2.74%,$16.10,34.51%,BLZE,NASDAQ:BLZE,-0.077,$9.34,-3.64%
NYSE:BMI,28 Jan 2026,$175.41,3,$204.00,3,,$133.58,31.32%,,,,$138.40,3.61%,$196.17,46.86%,$204.14,52.82%,BMI,NYSE:BMI,0.375,$147.00,38.78%
NASDAQ:BMRC,19 Nov 2025,$27.20,3,$29.50,7,,$26.54,2.49%,,,,$27.41,3.28%,-$147.95,-657.45%,-$144.51,-644.51%,BMRC,NASDAQ:BMRC,0.597,$29.60,-0.34%
NYSE:BN,26 Aug 2024,$55.96,2,,,,$42.93,30.36%,,,,$44.89,4.57%,-$97.05,-326.06%,-$75.76,-276.48%,BN,NYSE:BN,0.023,$53.70,
NYSE:BNS,19 Aug 2025,$55.34,3,,,,$85.30,-35.13%,,,,$89.31,4.70%,$0.00,-100.00%,$0.00,-100.00%,BNS,NYSE:BNS,0.378,$76.59,
NYSE:BOH,16 Apr 2026,$78.42,3,$83.80,3,,$81.75,-4.08%,,,,$81.06,-0.84%,$0.00,-100.00%,$0.00,-100.00%,BOH,NYSE:BOH,0.200,$81.83,2.41%
NASDAQ:BOKF,1 Jun 2026,$132.35,3,$139.00,2,3,$137.02,-3.41%,-3.41%,$132.35,$144.00,$138.98,1.43%,$0.00,-100.00%,$0.00,-100.00%,BOKF,NASDAQ:BOKF,0.371,$144.00,-3.47%
NYSE:BOW,19 Sep 2025,$29.01,3,,,,$29.07,-0.21%,,,,$27.58,-5.13%,$0.00,-100.00%,$0.00,-100.00%,BOW,NYSE:BOW,-0.521,$29.86,
NYSE:BP,18 Aug 2025,$39.40,4,,9,,$37.86,4.08%,,,,$41.23,8.90%,$20.68,-45.37%,$41.44,9.46%,BP,NYSE:BP,0.697,$49.54,
NASDAQ:BPOP,19 Nov 2025,$104.09,2,,,,$165.65,-37.16%,,,,$168.11,1.49%,-$770.38,-565.06%,-$761.34,-559.61%,BPOP,NASDAQ:BPOP,0.064,$160.00,
NYSE:BR,29 Jan 2026,$214.91,4,$265.40,4,,$140.10,53.40%,,,,$142.99,2.06%,$272.61,94.58%,$316.63,126.00%,BR,NYSE:BR,0.336,$245.88,7.94%
NYSEAMERICAN:BRBS,19 Nov 2025,$4.10,,,6,,$3.48,17.82%,,,,$3.43,-1.44%,-$14.40,-513.78%,-$14.11,-505.36%,BRBS,NYSEAMERICAN:BRBS,-0.154,,
NASDAQ:BRKR,11 Dec 2025,$76.60,3,$47.88,3,,$58.45,-18.08%,,,,$55.43,-5.17%,$92.22,57.77%,$111.12,90.11%,BRKR,NASDAQ:BRKR,-0.169,$46.79,2.33%
NYSE:BROS,14 Jan 2026,$57.62,2,$76.64,9,,$67.15,-14.19%,,,,$65.63,-2.26%,$55.59,-17.22%,$67.91,1.13%,BROS,NYSE:BROS,-0.198,$75.80,1.11%
NYSE:BSAC,19 Nov 2025,$26.95,3,,,,$31.46,-14.34%,,,,$33.17,5.44%,-$49.54,-257.46%,-$50.31,-259.92%,BSAC,NYSE:BSAC,0.082,$33.69,
NYSE:BSBR,13 Oct 2025,$5.76,3,,5,,$5.14,12.06%,,,,$5.39,4.86%,$12.20,137.34%,$13.20,156.80%,BSBR,NYSE:BSBR,0.058,$6.82,
NASDAQ:BSRR,27 May 2026,$37.81,3,$36.50,6,3.25,$40.66,-10.23%,-10.23%,$36.50,$40.25,$41.91,3.07%,-$148.58,-465.41%,-$145.64,-458.18%,BSRR,NASDAQ:BSRR,0.509,$40.25,-9.32%
NASDAQ:BSVN,2 Oct 2025,$44.09,3,$53.50,5,,$46.93,-6.05%,,,,,-100.00%,-$2.00,-104.26%,-$2.00,-104.26%,BSVN,NASDAQ:BSVN,-2.000,,
NYSE:BSX,11 Dec 2025,$90.36,2,$126.57,10,,$44.46,103.25%,,,,$44.43,-0.07%,$78.01,75.45%,$94.67,112.94%,BSX,NYSE:BSX,-0.445,$96.66,30.94%
NASDAQ:BSY,11 Feb 2026,$40.46,5,$48.60,7,,$28.66,41.17%,,,,$28.73,0.24%,$51.78,80.68%,$55.35,93.11%,BSY,NASDAQ:BSY,-0.073,$46.93,3.56%
NASDAQ:BTCS,23 Dec 2025,$3.00,3,$7.00,7,,$1.01,197.03%,,,,$1.19,17.82%,-$0.68,-167.71%,-$0.68,-167.68%,BTCS,NASDAQ:BTCS,0.063,$5.00,40.00%
NASDAQ:BTDR,19 Aug 2025,$10.25,2,,,,$17.52,-41.50%,,,,$16.25,-7.25%,-$3.88,-122.14%,-$0.49,-102.80%,BTDR,NASDAQ:BTDR,-0.362,$20.87,
NYSE:BTI,17 Mar 2026,$55.65,2,,7,,$61.39,-9.36%,,,,$62.21,1.34%,$0.00,-100.00%,$0.00,-100.00%,BTI,NYSE:BTI,0.190,$66.04,
NASDAQ:BTOG,18 Aug 2025,$0.57,3,,,,$1.77,-67.97%,,,,,-100.00%,-$2.00,-212.99%,-$2.00,-212.99%,BTOG,NASDAQ:BTOG,-2.000,,
NASDAQ:BULL,2 Sep 2025,$18.16,3,,,,$6.71,170.67%,,,,$6.62,-1.34%,$17.81,165.43%,$17.93,167.14%,BULL,NASDAQ:BULL,-0.413,$11.67,
NYSE:BUR,28 Oct 2025,$12.88,3,$21.32,4,,$4.11,213.38%,,,,$4.38,6.57%,$24.84,504.42%,$24.64,499.44%,BUR,NYSE:BUR,0.128,$8.94,138.48%
NYSE:BURL,25 Jul 2023,$199.81,4,,,,$337.79,-40.85%,,,,$337.57,-0.07%,$0.00,-100.00%,$0.00,-100.00%,BURL,NYSE:BURL,-0.515,$370.50,
NASDAQ:BUSE,27 May 2026,$28.96,3,$29.33,8,3.25,$29.25,-0.99%,-0.99%,$28.57,$29.33,$29.70,1.54%,$0.00,-100.00%,$0.00,-100.00%,BUSE,NASDAQ:BUSE,0.315,$28.57,2.66%
NASDAQ:BVFL,29 Oct 2025,$15.68,3,,4,,$21.32,-26.45%,,,,$19.99,-6.24%,$0.00,-100.00%,$0.00,-100.00%,BVFL,NASDAQ:BVFL,-0.384,,
NASDAQ:BWFG,9 Oct 2025,$39.87,3,,,,$57.78,-31.00%,,,,$59.13,2.34%,-$265.53,-559.55%,-$275.59,-576.96%,BWFG,NASDAQ:BWFG,0.243,$52.00,
NYSE:BXP,14 Jan 2026,$81.17,5,$77.89,2,,$64.14,21.44%,,,,$66.51,3.70%,$19.92,-68.94%,$77.32,20.54%,BXP,NYSE:BXP,0.110,$70.05,11.19%
NYSE:BXSL,19 Aug 2025,$31.13,3,,7,,$23.70,31.36%,,,,$23.42,-1.18%,$27.26,15.03%,$27.77,17.19%,BXSL,NYSE:BXSL,-0.225,$26.48,
NYSE:BY,28 Apr 2026,$33.91,3,$36.00,7,,$36.49,-7.06%,,,,$36.85,0.99%,-$63.95,-275.25%,-$62.22,-270.52%,BY,NYSE:BY,0.148,$35.60,1.12%
NYSE:BZH,31 Dec 2025,$31.99,3,$25.00,1,,$27.68,-9.68%,,,,$27.24,-1.59%,$175.23,533.07%,$139.89,405.39%,BZH,NYSE:BZH,0.120,$25.67,-2.61%
NYSE:C,12 Aug 2025,$86.32,3,,,,$143.59,-39.88%,,,,$150.11,4.54%,$0.00,-100.00%,$0.00,-100.00%,C,NYSE:C,0.384,$141.19,
NYSE:CAAP,15 Aug 2025,$22.01,3,,9,,$26.08,-15.62%,,,,$26.24,0.61%,$63.04,141.73%,$87.94,237.19%,CAAP,NYSE:CAAP,-0.151,$32.00,
NASDAQ:CAC,14 Oct 2025,$41.96,3,$44.00,3,,$53.17,-21.08%,,,,$54.55,2.60%,-$267.50,-603.11%,-$285.37,-636.71%,CAC,NASDAQ:CAC,0.444,$51.75,-14.98%
NYSE:CADE,14 Oct 2025,$37.02,3,,,,#N/A,#N/A,,,,,#N/A,-$2.00,#N/A,-$2.00,#N/A,CADE,NYSE:CADE,-2.000,,
NYSE:CAL,21 Sep 2025,$26.47,3,,1,,$12.97,104.09%,,,,$12.36,-4.70%,$0.00,-100.00%,$0.00,-100.00%,CAL,NYSE:CAL,-0.043,$15.00,
NASDAQ:CALM,11 Jul 2025,$93.94,3,,6,,$78.94,19.00%,,,,$78.06,-1.11%,$0.00,-100.00%,$0.00,-100.00%,CALM,NASDAQ:CALM,-0.034,$88.00,
NYSE:CALX,29 Jan 2026,$45.47,2,$82.00,6,,$36.54,24.45%,,,,$36.19,-0.96%,$0.00,-100.00%,$0.00,-100.00%,CALX,NYSE:CALX,-0.394,$75.00,9.33%
NASDAQ:CAMT,24 Oct 2024,$87.99,4,,,,$166.90,-47.28%,,,,$185.35,11.05%,$161.58,-3.19%,$161.58,-3.19%,CAMT,NASDAQ:CAMT,0.212,$175.92,
NYSE:CANG,24 Aug 2025,$4.01,3,,7,,$0.23,1642.17%,,,,,-100.00%,-$2.00,-969.57%,-$2.00,-969.57%,CANG,NYSE:CANG,-2.000,,
NASDAQ:CAR,11 Mar 2024,$159.62,3,,,,$175.29,-8.94%,,,,$0.00,-100.00%,"-$1,437.51",-920.08%,-$694.16,-496.01%,CAR,NASDAQ:CAR,-1.000,$121.71,
NASDAQ:CARE,19 Nov 2025,$18.50,3,$22.00,5,,$32.50,-43.08%,,,,$31.80,-2.15%,-$149.71,-560.64%,-$146.17,-549.76%,CARE,NASDAQ:CARE,-0.049,$26.00,-15.38%
NYSE:CARR,24 Dec 2025,$35.78,3,$48.75,5,,$74.06,-51.69%,,,,$73.27,-1.07%,$80.57,8.79%,$95.26,28.62%,CARR,NYSE:CARR,0.198,$71.13,-31.46%
NASDAQ:CASH,19 Nov 2025,$71.98,3,$88.00,2,,$86.45,-16.74%,,,,$87.08,0.73%,-$34.95,-140.43%,$6.42,-92.57%,CASH,NASDAQ:CASH,0.242,$103.50,-14.98%
NYSEAMERICAN:CATX,11 Dec 2025,$2.54,1,$11.92,8,,$3.00,-15.33%,,,,$2.97,-1.00%,$3.73,24.38%,$3.95,31.62%,CATX,NYSEAMERICAN:CATX,-0.550,$13.00,-8.31%
NASDAQ:CATY,27 May 2026,$59.45,3,$53.67,6,3.25,$61.62,-12.90%,-12.90%,$53.67,$59.45,$62.80,1.91%,-$220.01,-457.05%,-$217.68,-453.26%,CATY,NASDAQ:CATY,0.469,$54.60,-1.70%
NYSE:CAVA,11 Nov 2025,$63.28,3,$72.31,6,,$82.24,-23.06%,,,,$77.95,-5.22%,$76.30,-7.23%,$84.27,2.47%,CAVA,NYSE:CAVA,-0.297,$85.83,-15.75%
NYSE:CB,18 Sep 2025,$273.39,3,,,,$335.15,-18.43%,,,,$328.95,-1.85%,$709.56,111.71%,$723.14,115.77%,CB,NYSE:CB,-0.234,$341.39,
NASDAQ:CBLL,11 Dec 2025,$36.55,3,$25.00,6,,$18.61,34.34%,,,,$18.30,-1.67%,$15.94,-14.33%,$16.01,-13.96%,CBLL,NASDAQ:CBLL,-0.030,$27.57,-9.32%
NASDAQ:CBNK,23 Dec 2025,$29.70,3,$34.00,3,,$34.40,-13.66%,,,,$33.35,-3.05%,$0.00,-100.00%,$0.00,-100.00%,CBNK,NASDAQ:CBNK,-0.283,$34.75,-2.16%
BATS:CBOE,18 Sep 2025,$214.25,2,,,,$249.59,-14.16%,,,,$257.98,3.36%,$467.64,87.37%,$488.43,95.69%,CBOE,BATS:CBOE,-0.010,$297.00,
NYSE:CBU,27 Oct 2025,$62.61,3,$63.00,3,,$66.60,-5.99%,,,,$65.71,-1.34%,-$170.66,-356.25%,-$161.36,-342.28%,CBU,NYSE:CBU,0.071,$67.17,-6.21%
NYSE:CBZ,7 Jan 2025,$77.57,3,,,,$31.22,148.46%,,,,$30.00,-3.91%,$83.25,166.67%,$104.63,235.14%,CBZ,NYSE:CBZ,-0.058,$41.00,
NASDAQ:CCB,19 Nov 2025,$95.54,3,$127.50,8,,$74.87,27.61%,,,,$75.42,0.73%,$47.38,-36.72%,$54.54,-27.15%,CCB,NASDAQ:CCB,0.228,$126.25,0.99%
NASDAQ:CCBG,19 Nov 2025,$38.91,3,$47.00,7,,$48.56,-19.87%,,,,$49.64,2.22%,-$91.18,-287.78%,-$83.84,-272.66%,CCBG,NASDAQ:CCBG,0.478,$49.00,-4.08%
NYSE:CCI,19 Sep 2025,$108.34,5,,6,,$82.14,31.90%,,,,$86.33,5.10%,$51.29,-37.56%,$70.37,-14.33%,CCI,NYSE:CCI,0.129,$98.77,
NYSE:CCK,29 Aug 2025,$107.03,3,,5,,$108.96,-1.77%,,,,$103.10,-5.38%,$100.67,-7.61%,$143.31,31.52%,CCK,NYSE:CCK,-0.261,$125.85,
NYSE:CCL,15 Jun 2026,$33.02,5,$32.77,7,3,$28.91,13.35%,13.35%,$32.77,$34.51,$26.89,-6.99%,$0.00,-100.00%,$0.00,-100.00%,CCL,NYSE:CCL,-0.561,$34.51,-5.04%
NASDAQ:CCNE,30 Mar 2026,$32.74,3,$35.00,5,,$33.57,-2.47%,,,,$34.04,1.40%,$0.00,-100.00%,$0.00,-100.00%,CCNE,NASDAQ:CCNE,0.316,$34.67,0.95%
NASDAQ:CCOI,6 Nov 2025,$50.57,3,$44.20,5,,$13.52,226.92%,,,,$14.15,4.66%,-$17.61,-230.28%,-$22.37,-265.45%,CCOI,NASDAQ:CCOI,-0.134,$22.27,98.47%
NASDAQ:CCSI,11 Feb 2026,$30.28,4,$37.00,3,,$35.20,-13.98%,,,,$32.70,-7.10%,$43.60,23.86%,$61.62,75.06%,CCSI,NASDAQ:CCSI,-0.146,$33.00,12.12%
NYSE:CDE,28 Apr 2026,$9.27,2,$26.86,9,,$15.47,-40.07%,,,,$15.96,3.17%,$0.00,-100.00%,$0.00,-100.00%,CDE,NYSE:CDE,-0.676,$27.55,-2.50%
NASDAQ:CDNS,19 Jan 2026,$321.30,3,$376.64,6,,$372.40,-13.72%,,,,$382.67,2.76%,$441.19,18.47%,$460.87,23.76%,CDNS,NASDAQ:CDNS,-0.028,$379.46,-0.74%
NYSE:CDP,18 Feb 2026,$33.25,3,$35.60,7,,$34.97,-4.92%,,,,$35.54,1.63%,$32.59,-6.82%,$29.79,-14.82%,CDP,NYSE:CDP,0.310,$35.50,0.28%
NASDAQ:CDW,18 May 2026,$131.51,3,$138.83,9,,$130.22,0.99%,,,,$135.33,3.92%,$146.32,12.36%,$169.14,29.89%,CDW,NASDAQ:CDW,0.438,$166.20,-16.47%
NYSE:CE,28 Mar 2025,$111.30,3,,9,,$48.04,131.68%,,,,$52.08,8.41%,-$11.01,-122.93%,$75.75,57.68%,CE,NYSE:CE,0.619,$71.25,
NASDAQ:CEG,23 Dec 2025,$300.57,2,$409.82,9,,$267.97,12.17%,,,,$285.33,6.48%,$265.81,-0.81%,$193.70,-27.72%,CEG,NASDAQ:CEG,0.165,$367.93,11.39%
NASDAQ:CELC,29 Nov 2024,$21.98,3,,,,$96.38,-77.20%,,,,$95.26,-1.16%,$81.11,-15.84%,$81.12,-15.83%,CELC,NASDAQ:CELC,0.425,$157.50,
NASDAQ:CENT,9 Apr 2026,$50.35,5,$50.00,5,,$45.15,10.74%,,,,$43.33,-4.03%,"$1,325.86",2836.56%,"$1,479.91",3177.76%,CENT,NASDAQ:CENT,-0.153,$46.50,7.53%
NASDAQ:CENTA,23 Jun 2026,$46.39,5,,,3.5,$39.49,17.47%,17.47%,$46.39,$46.39,$37.71,-4.51%,$280.54,610.40%,$309.68,684.19%,CENTA,NASDAQ:CENTA,-0.105,$43.50,
NASDAQ:CENX,20 Aug 2025,$23.49,3,,9,,$44.50,-47.22%,,,,$49.20,10.56%,$63.76,43.29%,$78.72,76.91%,CENX,NASDAQ:CENX,0.335,$79.33,
NYSE:CEPU,16 Dec 2025,$17.50,3,$17.50,9,,$14.11,24.03%,,,,$15.06,6.73%,$34.44,144.11%,$55.31,291.96%,CEPU,NYSE:CEPU,-0.374,$21.75,-19.54%
NASDAQ:CERS,11 Dec 2025,$2.70,4,$4.50,4,,$2.64,2.13%,,,,$2.55,-3.41%,$2.14,-18.99%,$2.24,-15.14%,CERS,NASDAQ:CERS,-0.108,$4.67,-3.64%
NASDAQ:CEVA,10 Feb 2026,$35.04,4,$36.00,5,,$45.04,-22.20%,,,,$49.01,8.81%,$52.24,16.00%,$53.73,19.29%,CEVA,NASDAQ:CEVA,0.100,$32.71,10.06%
NASDAQ:CFFN,1 Jun 2026,$8.16,3,$8.25,6,3,$8.39,-2.80%,-2.80%,$7.75,$8.25,$8.52,1.55%,-$54.09,-744.70%,-$53.71,-740.14%,CFFN,NASDAQ:CFFN,0.318,$7.75,6.45%
NYSE:CFG,27 May 2026,$59.16,3,$72.63,6,3.25,$69.46,-14.82%,-14.82%,$59.16,$72.63,$71.04,2.27%,$0.00,-100.00%,$0.00,-100.00%,CFG,NYSE:CFG,0.415,$72.47,0.22%
NASDAQ:CFLT,27 Jan 2026,$37.00,3,$29.10,1,,#N/A,#N/A,,,,,#N/A,-$2.00,#N/A,-$2.00,#N/A,CFLT,NASDAQ:CFLT,-2.000,,
NYSE:CFR,19 Nov 2025,$122.52,3,$139.13,7,,$150.90,-18.81%,,,,$154.44,2.35%,-$356.63,-336.33%,-$336.54,-323.02%,CFR,NYSE:CFR,0.399,$146.67,-5.14%
NASDAQ:CG,19 Nov 2025,$51.54,3,$66.70,6,,$41.06,25.52%,,,,$42.66,3.90%,$0.00,-100.00%,$0.00,-100.00%,CG,NASDAQ:CG,-0.453,$61.81,7.91%
NYSE:CGAU,15 Aug 2025,$8.68,4,,7,,$15.52,-44.05%,,,,$15.82,1.93%,$18.23,17.47%,$24.83,59.96%,CGAU,NYSE:CGAU,-0.184,$17.75,
NASDAQ:CGNX,29 Jan 2026,$39.12,3,$45.64,9,,$63.64,-38.52%,,,,$66.87,5.08%,$0.00,-100.00%,$0.00,-100.00%,CGNX,NASDAQ:CGNX,0.277,$65.50,-30.32%
NASDAQ:CHCO,27 May 2026,$129.27,3,$130.00,4,3.25,$131.31,-1.55%,-1.55%,$129.27,$131.00,$134.25,2.24%,-$115.20,-187.73%,-$102.80,-178.28%,CHCO,NASDAQ:CHCO,0.568,$131.00,-0.76%
NYSE:CHCT,24 Aug 2025,$20.57,3,,8,,$18.03,14.10%,,,,$18.37,1.89%,$3.08,-82.94%,$17.14,-4.93%,CHCT,NYSE:CHCT,0.426,$18.50,
NYSE:CHD,20 Feb 2024,$80.10,1,,,,$98.67,-18.82%,,,,$95.77,-2.94%,$123.25,24.91%,$131.56,33.34%,CHD,NYSE:CHD,-0.225,$102.11,
NASDAQ:CHDN,18 Sep 2025,$128.82,3,$132.71,9,,$84.61,52.25%,,,,$84.88,0.32%,$11.90,-85.93%,$45.38,-46.36%,CHDN,NASDAQ:CHDN,-0.533,$135.58,-2.12%
NYSE:CHE,3 Jul 2024,$512.61,3,,,,$447.29,14.60%,,,,$438.86,-1.88%,$784.72,75.44%,$841.84,88.21%,CHE,NYSE:CHE,-0.095,$443.00,
NASDAQ:CHEF,3 Sep 2025,$48.50,2,,,,$95.63,-49.28%,,,,$96.95,1.38%,$159.92,67.23%,$193.84,102.70%,CHEF,NASDAQ:CHEF,0.033,$84.88,
NYSE:CHGG,20 Aug 2025,$2.28,3,,5,,$1.06,115.09%,,,,$1.11,4.72%,$0.00,-100.00%,$0.00,-100.00%,CHGG,NYSE:CHGG,0.124,$2.79,
NYSE:CHH,23 Dec 2025,$119.50,3,$100.00,4,,$112.04,-10.75%,,,,$111.13,-0.81%,$119.80,6.93%,$135.84,21.24%,CHH,NYSE:CHH,-0.187,$113.60,-11.97%
NASDAQ:CHKP,26 Mar 2026,$188.31,3,$200.68,7,,$124.68,51.03%,,,,$120.75,-3.15%,$358.76,187.74%,$371.52,197.98%,CHKP,NASDAQ:CHKP,-0.501,$144.32,39.05%
NASDAQ:CHRD,23 Aug 2024,$167.62,3,,,,$119.93,39.76%,,,,$129.28,7.80%,$132.05,10.11%,$370.72,209.11%,CHRD,NASDAQ:CHRD,0.351,$160.00,
NYSE:CHT,17 Jun 2024,$40.37,3,,,,$44.51,-9.30%,,,,$46.69,4.90%,$97.73,119.57%,$126.25,183.65%,CHT,NYSE:CHT,0.289,$41.67,
NASDAQ:CHX,23 Aug 2024,$37.87,4,,,,#N/A,#N/A,,,,$0.00,#N/A,$0.00,#N/A,$0.00,#N/A,CHX,NASDAQ:CHX,-2.000,$40.80,
NYSE:CIB,6 Oct 2025,$49.03,3,,,,$79.28,-38.15%,,,,$80.34,1.34%,$0.00,-100.00%,$0.00,-100.00%,CIB,NYSE:CIB,-0.137,$63.69,
NYSE:CIEN,23 Dec 2025,$134.99,1,$248.93,10,,$463.51,-70.88%,,,,$437.89,-5.53%,$0.00,-100.00%,$0.00,-100.00%,CIEN,NYSE:CIEN,-0.084,$371.50,-32.99%
NASDAQ:CIFR,4 Aug 2025,$6.62,3,$7.06,3,,$26.25,-74.79%,,,,$26.01,-0.91%,$18.07,-31.17%,$19.33,-26.37%,CIFR,NASDAQ:CIFR,-0.037,$27.61,-74.43%
NYSE:CIG,22 Jun 2026,$2.44,4,,6,3.75,$2.07,17.69%,17.69%,$2.44,$2.44,$2.20,6.28%,$1.80,-13.17%,$4.65,124.67%,CIG,NYSE:CIG,0.519,$2.20,
NASDAQ:CINF,19 Sep 2025,$146.60,2,$165.40,6,,$178.45,-17.85%,,,,$172.56,-3.30%,$309.27,73.31%,$326.54,82.99%,CINF,NASDAQ:CINF,-0.307,$179.17,-7.69%
NYSE:CINT,10 Jun 2026,$5.65,3,$6.94,7,,$3.44,64.36%,64.36%,$5.65,$6.94,,-100.00%,-$2.00,-158.14%,-$2.00,-158.14%,CINT,NYSE:CINT,-2.000,,
NASDAQ:CISS,16 Feb 2026,$2.33,3,,,,$1.72,35.63%,,,,,-100.00%,-$2.00,-216.28%,-$2.00,-216.28%,CISS,NASDAQ:CISS,-2.000,,
NYSE:CL,18 Aug 2025,$84.33,3,$97.40,5,,$91.88,-8.22%,,,,$90.79,-1.19%,$128.12,39.44%,$141.84,54.38%,CL,NYSE:CL,-0.228,$96.00,1.46%
NASDAQ:CLBK,8 Oct 2025,$15.20,3,,,,$19.85,-23.43%,,,,$20.18,1.66%,-$64.39,-424.40%,-$62.94,-417.06%,CLBK,NASDAQ:CLBK,0.010,$18.50,
NYSE:CLF,17 Aug 2025,$12.62,3,$10.78,6,,$10.57,1.99%,,,,$11.07,4.73%,$26.80,153.50%,$31.12,194.39%,CLF,NYSE:CLF,-0.405,$10.67,1.03%
NYSE:CLH,9 Apr 2025,$216.05,5,$271.56,9,,$298.78,-27.69%,,,,$283.38,-5.15%,$359.97,20.48%,$438.48,46.76%,CLH,NYSE:CLH,-0.366,$318.00,-14.60%
NASDAQ:CLMB,26 Jan 2026,$137.18,3,$136.00,4,,$22.14,514.27%,,,,$20.80,-6.05%,$54.60,146.62%,$58.84,165.74%,CLMB,NASDAQ:CLMB,-0.287,$31.50,331.75%
NASDAQ:CLPT,11 Dec 2025,$12.35,3,$29.00,6,,$17.98,-31.31%,,,,$16.23,-9.73%,$16.38,-8.87%,$16.49,-8.27%,CLPT,NASDAQ:CLPT,-0.487,$25.00,16.00%
NYSE:CLS,19 Jan 2026,$187.07,1,$376.73,10,,$362.24,-48.36%,,,,$367.59,1.48%,$400.61,10.59%,$430.77,18.92%,CLS,NYSE:CLS,0.411,$387.78,-2.85%
NYSE:CLVT,2 Feb 2026,$5.35,3,$3.87,4,,$2.01,92.54%,,,,$2.01,0.00%,-$2.27,-213.16%,$8.29,312.43%,CLVT,NYSE:CLVT,0.013,$3.64,6.32%
NYSE:CLW,26 Dec 2024,$20.46,,$37.00,5,,$16.82,21.64%,,,,$16.27,-3.27%,$58.83,249.78%,$20.04,19.15%,CLW,NYSE:CLW,0.201,$18.00,105.56%
NYSE:CLX,13 Apr 2026,$137.41,5,$115.33,4,,$95.38,20.92%,,,,$95.03,-0.37%,$193.42,102.79%,$224.75,135.63%,CLX,NYSE:CLX,0.061,$117.76,-2.06%
NYSE:CM,10 Sep 2025,$68.57,2,,,,$113.80,-39.74%,,,,$118.52,4.15%,$0.00,-100.00%,$0.00,-100.00%,CM,NYSE:CM,0.483,$102.79,
NYSE:CMA,19 Nov 2025,$78.08,3,$79.46,6,,#N/A,#N/A,,,,,#N/A,-$2.00,#N/A,-$2.00,#N/A,CMA,NYSE:CMA,-2.000,,
NYSE:CMC,27 Feb 2026,$67.56,3,,,,$71.28,-5.22%,,,,$75.16,5.44%,$0.00,-100.00%,$0.00,-100.00%,CMC,NYSE:CMC,0.507,$77.60,
NYSEAMERICAN:CMCL,28 Oct 2025,$29.76,1,$48.00,8,,$19.59,51.91%,,,,$19.92,1.68%,$53.28,171.99%,$66.86,241.28%,CMCL,NYSEAMERICAN:CMCL,-0.056,$42.73,12.33%
NASDAQ:CME,24 Oct 2025,$252.85,2,,,,$231.58,9.18%,,,,$254.58,9.93%,-$9.52,-104.11%,$6.25,-97.30%,CME,NASDAQ:CME,0.143,$306.60,
NYSE:CMI,19 Nov 2025,$437.53,2,$508.60,4,,$694.87,-37.03%,,,,$741.40,6.70%,"$1,020.23",46.82%,"$1,157.72",66.61%,CMI,NYSE:CMI,0.720,$640.36,-20.58%
NASDAQ:CMPR,23 Aug 2025,$95.87,3,$72.00,5,,$90.20,-20.18%,,,,$90.00,-0.22%,$180.45,100.05%,$186.57,106.84%,CMPR,NASDAQ:CMPR,0.254,$102.50,-29.76%
NYSE:CMRE,23 Dec 2025,$17.94,5,$12.00,6,,$15.07,-20.37%,,,,$15.15,0.53%,$30.90,105.07%,$43.81,190.74%,CMRE,NYSE:CMRE,-0.258,$17.00,-29.41%
NASDAQ:CNDT,29 Jan 2026,$2.60,3,$7.00,3,,$1.33,95.33%,,,,$1.31,-1.50%,$0.00,-100.00%,$0.00,-100.00%,CNDT,NASDAQ:CNDT,-0.145,$5.50,27.27%
NYSE:CNH,18 Aug 2025,$16.66,5,$14.39,4,,$10.31,39.57%,,,,$10.02,-2.81%,$0.88,-91.48%,-$10.37,-200.60%,CNH,NYSE:CNH,-0.327,$13.67,5.27%
NYSE:CNM,15 Aug 2025,$59.25,2,,,,$47.13,25.72%,,,,$46.38,-1.59%,$0.00,-100.00%,$0.00,-100.00%,CNM,NYSE:CNM,-0.345,$60.88,
NYSE:CNMD,11 Dec 2025,$60.78,3,$53.00,2,,$35.40,49.72%,,,,$32.56,-8.02%,$18.91,-46.59%,$30.43,-14.03%,CNMD,NYSE:CNMD,-0.249,$42.00,26.19%
NYSE:CNO,20 Oct 2023,$30.57,5,,,,$52.14,-41.38%,,,,$54.14,3.84%,$0.00,-100.00%,$0.00,-100.00%,CNO,NYSE:CNO,0.323,$47.50,
NASDAQ:CNOB,19 Nov 2025,$25.36,3,,,,$33.37,-24.00%,,,,$33.73,1.08%,$0.00,-100.00%,$0.00,-100.00%,CNOB,NASDAQ:CNOB,0.096,$33.80,
NASDAQ:CNXC,28 Jan 2026,$61.95,4,,,,$24.24,155.55%,,,,$25.43,4.91%,$0.00,-100.00%,$0.00,-100.00%,CNXC,NASDAQ:CNXC,0.291,$41.25,
NYSE:COF,18 Aug 2025,$1.55,4,$1.15,4,,$200.48,-99.43%,,,,$205.20,2.35%,-$200.35,-199.94%,-$108.22,-153.98%,COF,NYSE:COF,0.243,$261.14,-99.56%
NASDAQ:COFS,1 Jun 2026,$34.09,3,$34.00,7,3.25,$33.09,2.75%,2.75%,$33.00,$34.09,$33.66,1.72%,-$183.79,-655.42%,-$160.60,-585.33%,COFS,NASDAQ:COFS,0.435,$33.00,3.03%
NYSE:COHR,15 Aug 2025,$108.88,2,$111.93,7,,$392.50,-72.26%,,,,$407.92,3.93%,$376.44,-4.09%,$366.63,-6.59%,COHR,NYSE:COHR,0.229,$320.26,-65.05%
NASDAQ:COHU,4 Feb 2026,$30.91,3,$32.33,9,,$63.70,-51.48%,,,,$68.07,6.86%,$67.99,6.74%,$77.19,21.17%,COHU,NASDAQ:COHU,0.516,$57.43,-43.71%
NASDAQ:COLB,27 May 2026,$30.60,3,$31.75,6,3.25,$31.53,-2.95%,-2.95%,$30.60,$31.75,$32.28,2.38%,$0.00,-100.00%,$0.00,-100.00%,COLB,NASDAQ:COLB,0.476,$31.38,1.18%
NASDAQ:COLM,6 Feb 2026,$85.03,3,$62.40,6,,$64.51,-3.27%,,,,$66.95,3.78%,$335.14,419.52%,$260.54,303.87%,COLM,NASDAQ:COLM,0.529,$70.67,-11.70%
NASDAQ:COMM,27 Jan 2026,$19.58,1,,,,#N/A,#N/A,,,,,#N/A,-$2.00,#N/A,-$2.00,#N/A,COMM,NASDAQ:COMM,-2.000,,
NYSE:COP,21 Sep 2025,$108.25,3,$115.53,10,,$106.92,1.25%,,,,$113.63,6.28%,$114.13,6.74%,$207.31,93.89%,COP,NYSE:COP,0.400,$137.74,-16.12%
NASDAQ:CORZ,22 Jan 2026,$21.48,3,$27.60,7,,$27.79,-22.71%,,,,$28.83,3.74%,$19.59,-29.51%,$21.73,-21.80%,CORZ,NASDAQ:CORZ,-0.185,$26.55,3.95%
NYSE:COTY,18 Aug 2025,$8.16,3,$6.34,4,,$1.95,225.13%,,,,$1.89,-3.08%,$19.67,908.91%,$27.14,1291.64%,COTY,NYSE:COTY,-0.330,$3.19,98.75%
NYSE:CP,13 Nov 2024,$75.90,3,,,,$84.78,-10.47%,,,,$86.30,1.79%,$75.74,-10.67%,$95.52,12.67%,CP,NYSE:CP,-0.025,$92.69,
NYSE:CPF,16 Apr 2026,$32.84,3,$37.00,6,,$37.17,-11.66%,,,,$37.97,2.15%,-$187.04,-603.20%,-$183.62,-594.00%,CPF,NYSE:CPF,0.224,$37.00,0.00%
NYSE:CPRI,26 Mar 2026,$38.69,5,$26.00,5,,$19.13,35.91%,,,,$19.77,3.35%,$61.96,223.89%,$70.07,266.27%,CPRI,NYSE:CPRI,0.048,$26.72,-2.69%
NASDAQ:CPRT,22 Sep 2025,$50.82,4,$55.60,4,,$30.40,67.17%,,,,$30.56,0.53%,$0.00,-100.00%,$0.00,-100.00%,CPRT,NASDAQ:CPRT,0.050,$42.67,30.30%
NASDAQ:CPSH,27 Jan 2026,$4.29,2,,,,$5.38,-20.22%,,,,$6.34,17.84%,$6.49,20.69%,"$1,011,165.07",18794789.82%,CPSH,NASDAQ:CPSH,0.012,$6.00,
NYSE:CPT,18 Sep 2025,$121.77,4,$121.40,1,,$111.26,9.11%,,,,$113.47,1.99%,$131.78,18.45%,$187.55,68.57%,CPT,NYSE:CPT,0.345,$114.48,6.04%
NYSE:CR,13 Nov 2025,$172.71,2,$220.67,6,,$213.87,-19.24%,,,,$223.10,4.32%,$324.91,51.92%,$333.67,56.01%,CR,NYSE:CR,0.414,$219.67,0.46%
NASDAQ:CRAI,20 Aug 2024,$164.05,3,,,,$144.37,13.63%,,,,$152.69,5.76%,$626.24,333.77%,$434.96,201.28%,CRAI,NASDAQ:CRAI,0.413,$252.50,
NASDAQ:CRCT,11 Feb 2026,$6.18,5,$3.67,3,,$4.42,-16.97%,,,,$4.57,3.39%,$94.97,2048.62%,$102.93,2228.82%,CRCT,NASDAQ:CRCT,0.402,$3.45,6.38%
NASDAQ:CRDO,15 Dec 2025,$162.57,3,$223.89,7,,$269.20,-39.61%,,,,$266.83,-0.88%,$0.00,-100.00%,$0.00,-100.00%,CRDO,NASDAQ:CRDO,-0.325,$207.53,7.88%
NASDAQ:CRESY,11 Jul 2025,$10.53,3,,,,$11.27,-6.59%,,,,$11.40,1.15%,$15.52,37.70%,$19.01,68.66%,CRESY,NASDAQ:CRESY,-0.038,$14.93,
NYSE:CRGY,20 Aug 2025,$15.13,3,,,,$10.17,48.78%,,,,$10.92,7.37%,$4.50,-55.78%,$5.02,-50.62%,CRGY,NYSE:CRGY,0.391,$17.43,
NYSE:CRH,30 Mar 2026,$109.97,3,,,,$112.02,-1.83%,,,,$114.43,2.15%,$217.55,94.20%,$261.11,133.09%,CRH,NYSE:CRH,0.279,$142.34,
NASDAQ:CRML,4 Dec 2025,$6.88,3,$14.00,6,,$9.34,-26.37%,,,,,-100.00%,-$2.00,-121.41%,-$2.00,-121.41%,CRML,NASDAQ:CRML,-2.000,,
NASDAQ:CROX,26 Jul 2024,$132.28,3,,,,$121.52,8.85%,,,,$124.65,2.58%,$313.16,157.71%,$334.12,174.95%,CROX,NASDAQ:CROX,0.283,$108.25,
NASDAQ:CRTO,6 Nov 2025,$38.27,3,$35.00,2,,$18.12,93.16%,,,,$16.71,-7.78%,$169.05,832.95%,$212.27,1071.48%,CRTO,NASDAQ:CRTO,-0.029,$29.77,17.57%
NASDAQ:CRUS,6 Feb 2026,$143.98,4,$143.60,10,,$157.67,-8.92%,,,,$166.63,5.68%,$513.39,225.61%,$530.94,236.74%,CRUS,NASDAQ:CRUS,0.456,$160.00,-10.25%
NASDAQ:CRWD,13 Sep 2024,$299.53,4,,,,$673.02,-55.49%,,,,$666.95,-0.90%,$0.00,-100.00%,$0.00,-100.00%,CRWD,NASDAQ:CRWD,-0.246,$489.86,
NASDAQ:CRWV,11 Feb 2026,$83.61,3,,,,$100.88,-17.12%,,,,$106.69,5.76%,$0.00,-100.00%,$0.00,-100.00%,CRWV,NASDAQ:CRWV,-0.442,$129.13,
NASDAQ:CSIQ,9 Feb 2026,$19.05,3,$21.51,6,,$14.98,27.17%,,,,$14.64,-2.27%,-$15.61,-204.22%,-$30.76,-305.31%,CSIQ,NASDAQ:CSIQ,-0.474,$17.74,21.25%
NYSE:CSL,20 Jan 2026,$384.54,3,$400.00,8,,$378.53,1.59%,,,,$365.67,-3.40%,$581.22,53.55%,$627.58,65.79%,CSL,NYSE:CSL,0.142,$388.29,3.02%
NASDAQ:CSTL,23 Aug 2024,$38.33,3,,,,$22.12,73.27%,,,,$21.24,-3.98%,$41.99,89.85%,$47.57,115.07%,CSTL,NASDAQ:CSTL,-0.189,$47.25,
NYSE:CSTM,19 Jun 2026,$30.65,2,$36.80,8,3.5,$32.66,-6.15%,-6.15%,$30.65,$37.67,$35.38,8.33%,$1.29,-96.06%,$42.88,31.30%,CSTM,NYSE:CSTM,0.707,$37.67,-2.31%
NASDAQ:CSW,3 Sep 2025,$247.77,1,,,,$280.46,-11.66%,,,,,-100.00%,-$2.00,-100.71%,-$2.00,-100.71%,CSW,NYSE:CSW,-2.000,,
NASDAQ:CTBI,19 Nov 2025,$57.46,3,$61.00,6,,$70.94,-19.00%,,,,$71.69,1.06%,$0.00,-100.00%,$0.00,-100.00%,CTBI,NASDAQ:CTBI,0.199,$72.50,-15.86%
NASDAQ:CTKB,11 Dec 2025,$6.69,3,$5.83,7,,$4.28,36.21%,,,,$3.90,-8.88%,$5.69,32.84%,$4.56,6.57%,CTKB,NASDAQ:CTKB,-0.350,$6.00,-2.83%
NASDAQ:CTLP,21 Jan 2026,$11.18,3,,5,,#N/A,#N/A,,,,,#N/A,-$2.00,#N/A,-$2.00,#N/A,CTLP,NASDAQ:CTLP,-2.000,,
NYSEAMERICAN:CTM,2 Feb 2026,$3.50,1,$3.50,3,,$0.75,366.67%,,,,$0.72,-4.00%,$0.91,20.92%,$1.34,78.68%,CTM,NYSEAMERICAN:CTM,-0.405,$3.50,0.00%
NYSE:CTRA,2 Nov 2025,$26.29,4,$32.29,7,,#N/A,#N/A,,,,$0.00,#N/A,$41.56,#N/A,$72.45,#N/A,CTRA,NYSE:CTRA,-1.000,$37.77,-14.51%
NYSE:CTS,2 Feb 2026,$52.59,3,,6,,$67.01,-21.52%,,,,$68.99,2.95%,$93.74,39.89%,$114.52,70.89%,CTS,NYSE:CTS,0.387,$58.00,
NASDAQ:CTSH,4 Feb 2026,$83.87,4,,,,$41.43,102.44%,,,,$43.81,5.74%,$93.19,124.95%,$104.90,153.21%,CTSH,NASDAQ:CTSH,0.349,$74.71,
NYSE:CUBI,19 Nov 2025,$67.11,3,$85.43,9,,$78.64,-14.66%,,,,$79.50,1.09%,$0.00,-100.00%,$0.00,-100.00%,CUBI,NYSE:CUBI,0.164,$90.00,-5.08%
NASDAQ:CURI,23 Dec 2025,$4.18,3,$6.33,10,,$2.48,68.55%,,,,$2.43,-2.02%,$4.20,69.48%,$6.99,181.82%,CURI,NASDAQ:CURI,-0.372,$6.17,2.59%
NASDAQ:CVBF,27 May 2026,$22.30,3,$27.00,10,3.5,$22.05,1.13%,1.13%,$22.30,$27.00,$22.25,0.91%,$0.00,-100.00%,$0.00,-100.00%,CVBF,NASDAQ:CVBF,0.486,$24.00,12.50%
NYSE:CVE,19 Jun 2026,$26.66,3,$32.60,8,3.5,$24.69,7.98%,7.98%,$26.66,$32.60,$26.69,8.10%,$0.00,-100.00%,$0.00,-100.00%,CVE,NYSE:CVE,0.517,$28.59,14.03%
NYSE:CVI,23 Aug 2024,$33.80,3,,,,$26.80,26.10%,,,,$28.79,7.43%,$37.53,40.02%,$88.57,230.47%,CVI,NYSE:CVI,0.693,$30.50,
NASDAQ:CVLT,26 Jan 2026,$137.85,3,$174.58,8,,$130.76,5.42%,,,,$124.55,-4.75%,$120.97,-7.49%,$126.62,-3.16%,CVLT,NASDAQ:CVLT,-0.358,$136.46,27.93%
NASDAQ:CVRX,4 Dec 2025,$11.33,4,$12.67,7,,$5.16,119.59%,,,,$4.81,-6.78%,$0.00,-100.00%,$0.00,-100.00%,CVRX,NASDAQ:CVRX,-0.430,$11.17,13.43%
NYSE:CVS,16 Oct 2025,$91.02,5,$86.60,8,,$101.87,-14.99%,,,,$104.61,2.69%,$40.45,-60.29%,$73.90,-27.46%,CVS,NYSE:CVS,0.323,$96.58,-10.33%
NYSE:CVX,20 Aug 2025,$174.36,4,$171.33,9,,$171.45,-0.07%,,,,$187.28,9.23%,$214.94,25.37%,$450.52,162.77%,CVX,NYSE:CVX,0.915,$213.29,-19.67%
NYSE:CW,17 May 2024,$250.04,2,,,,$762.92,-67.23%,,,,$806.64,5.73%,"$1,230.73",61.32%,"$1,288.43",68.88%,CW,NYSE:CW,0.430,$727.86,
NYSE:CWAN,26 Jan 2026,$25.43,3,$27.15,4,,$24.56,3.54%,,,,$24.58,0.08%,$32.61,32.78%,$38.68,57.49%,CWAN,NYSE:CWAN,-0.401,$24.47,10.95%
NASDAQ:CWCO,13 Nov 2025,$34.36,3,,8,,$29.45,16.67%,,,,$30.48,3.50%,$50.94,72.97%,$58.99,100.31%,CWCO,NASDAQ:CWCO,0.388,$43.00,
NYSE:CWH,19 Sep 2025,$21.04,3,$19.56,7,,$7.56,158.73%,,,,$7.23,-4.37%,$53.22,603.94%,$69.94,825.07%,CWH,NYSE:CWH,-0.348,$14.33,36.50%
NYSE:CX,19 Jun 2025,$8.65,3,$7.31,8,,$12.02,-39.18%,,,,$12.65,5.24%,$4.97,-58.64%,$14.18,18.00%,CX,NYSE:CX,0.254,$14.13,-48.27%
NASDAQ:CXAI,4 Feb 2026,$0.59,3,,,,$0.18,228.89%,,,,$0.22,22.22%,$0.00,-100.00%,$0.00,-100.00%,CXAI,NASDAQ:CXAI,-0.643,$1.00,
NYSE:CXT,11 Nov 2025,$76.10,5,$74.00,8,,$45.57,62.39%,,,,$47.46,4.15%,$75.38,65.41%,$94.21,106.75%,CXT,NYSE:CXT,0.402,$70.50,4.96%
NYSE:CYD,15 Dec 2025,$33.36,3,,7,,$45.98,-27.45%,,,,$47.33,2.94%,$0.00,-100.00%,$0.00,-100.00%,CYD,NYSE:CYD,-0.098,$55.68,
NYSE:DAC,5 Mar 2026,$126.35,3,,,,$125.29,0.85%,,,,$131.20,4.72%,$246.52,96.76%,$352.35,181.23%,DAC,NYSE:DAC,0.174,$147.00,
NYSE:DAL,18 Sep 2025,$41.35,2,,,,$90.65,-54.38%,,,,$85.37,-5.82%,$115.82,27.77%,$181.61,100.35%,DAL,NYSE:DAL,-0.065,$79.61,
NYSE:DAVA,9 Feb 2026,$13.03,3,$10.00,3,,$2.70,270.37%,,,,$2.63,-2.59%,$23.74,779.07%,$40.46,1398.70%,DAVA,NYSE:DAVA,-0.455,$8.59,16.41%
NASDAQ:DAVE,11 Feb 2026,$175.69,3,$312.50,9,,$323.22,-45.64%,,,,$299.42,-7.36%,$677.51,109.61%,$686.66,112.44%,DAVE,NASDAQ:DAVE,-0.536,$325.50,-3.99%
NYSE:DB,2 Apr 2026,$30.42,3,$41.60,10,,$34.00,-10.53%,,,,$36.53,7.44%,$494.79,1355.26%,$571.41,1580.61%,DB,NYSE:DB,0.497,$45.00,-7.56%
NYSE:DBI,4 Feb 2026,$8.49,3,$6.25,2,,$6.27,-0.32%,,,,$6.31,0.64%,$0.00,-100.00%,$0.00,-100.00%,DBI,NYSE:DBI,0.054,$6.50,-3.85%
NASDAQ:DBX,11 Feb 2026,$25.55,3,,,,$26.32,-2.93%,,,,$26.27,-0.19%,$57.17,117.20%,$67.02,154.62%,DBX,NASDAQ:DBX,-0.073,$25.50,
NYSE:DCI,6 Nov 2025,$76.88,2,,,,$86.07,-10.68%,,,,$88.13,2.39%,$0.00,-100.00%,$0.00,-100.00%,DCI,NYSE:DCI,0.401,$96.40,
NASDAQ:DCOM,2 Oct 2025,$31.72,3,$36.00,5,,#N/A,#N/A,,,,$40.48,#N/A,-$180.89,#N/A,-$179.68,#N/A,DCOM,NASDAQ:DCOM,0.059,$43.00,-16.28%
NASDAQ:DCTH,11 Dec 2025,$11.63,3,$24.00,6,,$12.24,-4.97%,,,,$11.29,-7.76%,$21.72,77.46%,$21.87,78.67%,DCTH,NASDAQ:DCTH,-0.580,$21.33,12.52%
NYSE:DD,10 Feb 2026,$46.81,3,$48.40,7,,$137.82,-66.03%,,,,$50.82,-63.13%,$66.31,-51.89%,$48.39,-64.89%,DD,NYSE:DD,0.915,$55.87,-13.37%
NYSE:DDD,19 Nov 2025,$2.85,3,$3.63,6,,$3.01,-5.32%,,,,$3.12,3.65%,$0.30,-89.88%,$3.39,12.65%,DDD,NYSE:DDD,-0.319,$3.75,-3.20%
NASDAQ:DDOG,18 Aug 2025,$131.92,3,$161.38,8,,$222.65,-40.75%,,,,$219.49,-1.42%,$259.49,16.55%,$262.05,17.69%,DDOG,NASDAQ:DDOG,-0.456,$176.80,-8.72%
NYSE:DDS,21 May 2024,$424.51,3,,,,$581.53,-27.00%,,,,$584.65,0.54%,$0.00,-100.00%,$0.00,-100.00%,DDS,NYSE:DDS,0.062,$519.67,
NYSE:DEA,13 Nov 2025,$33.12,3,$23.30,4,,$24.14,-3.48%,,,,$24.71,2.36%,$0.13,-99.45%,$12.23,-49.32%,DEA,NYSE:DEA,0.112,$24.25,-3.92%
NYSE:DECK,13 Apr 2026,$122.67,3,$124.47,2,,$105.70,16.05%,,,,$108.00,2.18%,$543.13,413.84%,$551.44,421.70%,DECK,NYSE:DECK,0.445,$128.76,-3.33%
NYSE:DEO,20 Mar 2026,$109.50,3,$107.50,8,,$82.97,29.56%,,,,$83.87,1.08%,$0.00,-100.00%,$0.00,-100.00%,DEO,NYSE:DEO,0.094,$103.71,3.65%
NASDAQ:DFDV,3 Jun 2025,$23.65,3,,,,$2.62,802.75%,,,,$2.78,6.11%,-$8.69,-431.73%,-$8.66,-430.45%,DFDV,NASDAQ:DFDV,-0.562,$7.50,
NYSE:DFH,26 Mar 2025,$30.22,3,$32.00,4,,$16.73,80.64%,,,,$14.43,-13.75%,$77.34,362.26%,$85.69,412.17%,DFH,NYSE:DFH,-0.062,$18.00,77.78%
NASDAQ:DGII,29 Jan 2026,$43.01,3,$48.80,7,,$67.74,-36.50%,,,,$71.38,5.37%,$122.33,80.58%,$129.02,90.46%,DGII,NASDAQ:DGII,0.580,$50.50,-3.37%
NYSE:DGX,29 Jul 2024,$148.07,3,,,,$203.11,-27.10%,,,,$196.24,-3.38%,$231.06,13.76%,$323.02,59.04%,DGX,NYSE:DGX,-0.140,$223.12,
NYSE:DHI,29 May 2026,$164.34,5,$164.82,7,3.75,$166.51,-1.30%,-1.30%,$164.34,$165.29,$161.53,-2.99%,$277.57,66.70%,$280.98,68.75%,DHI,NYSE:DHI,0.260,$165.29,-0.28%
NYSE:DHR,13 Nov 2025,$244.54,3,$243.45,9,,$188.87,28.90%,,,,$176.01,-6.81%,$0.00,-100.00%,$0.00,-100.00%,DHR,NYSE:DHR,-0.604,$256.05,-4.92%
NASDAQ:DIOD,28 Jan 2026,$63.86,3,$58.67,7,,$113.04,-48.10%,,,,$120.03,6.18%,$122.74,8.58%,$153.17,35.50%,DIOD,NASDAQ:DIOD,0.415,$92.67,-36.69%
NASDAQ:DJCO,11 Feb 2026,$662.32,3,,5,,$541.93,22.22%,,,,$522.14,-3.65%,$596.41,10.05%,$598.91,10.51%,DJCO,NASDAQ:DJCO,-0.593,,
NYSE:DKL,16 Jun 2026,$49.52,1,,,2.75,$49.01,1.04%,1.04%,$49.52,$51.40,$52.52,7.16%,$1.03,-97.90%,$36.93,-24.64%,DKL,NYSE:DKL,0.672,$51.40,
NASDAQ:DKNG,18 Aug 2025,$46.45,3,$54.69,7,,$24.53,89.36%,,,,$25.01,1.96%,$0.00,-100.00%,$0.00,-100.00%,DKNG,NASDAQ:DKNG,-0.438,$34.86,56.88%
NYSE:DLX,3 Jun 2025,$20.45,4,$23.00,7,,$23.50,-12.99%,,,,$23.52,0.09%,$0.00,-100.00%,$0.00,-100.00%,DLX,NYSE:DLX,0.650,$32.67,-29.60%
NASDAQ:DMLP,20 Sep 2025,$25.83,1,$25.30,1,,$25.62,-1.25%,,,,$27.05,5.58%,$55.20,115.45%,$68.45,167.19%,DMLP,NASDAQ:DMLP,0.395,,
NASDAQ:DMRC,14 Jan 2026,$14.02,3,$10.00,2,,$7.53,32.80%,,,,$8.10,7.57%,$6.87,-8.82%,$9.62,27.78%,DMRC,NASDAQ:DMRC,-0.618,$8.00,25.00%
NYSEAMERICAN:DNN,31 Jul 2024,$1.76,0,,,,$3.17,-44.48%,,,,$3.14,-0.95%,$2.89,-8.94%,$2.83,-10.86%,DNN,NYSEAMERICAN:DNN,-0.150,$5.01,
NASDAQ:DNUT,22 Dec 2023,$17.24,4,,,,$3.73,362.14%,,,,$3.58,-4.02%,$0.43,-88.47%,$13.84,271.12%,DNUT,NASDAQ:DNUT,0.123,$4.35,
NYSE:DOLE,6 Mar 2026,$17.35,3,$14.00,4,,$14.19,-1.34%,,,,$14.09,-0.70%,$8.60,-39.37%,$20.49,44.37%,DOLE,NYSE:DOLE,-0.155,$17.55,-20.23%
NYSE:DOV,11 Nov 2025,$186.11,3,$210.90,7,,$224.31,-17.03%,,,,$233.39,4.05%,$325.44,45.09%,$355.80,58.62%,DOV,NYSE:DOV,0.395,$231.96,-9.08%
NASDAQ:DOX,21 May 2026,$85.47,3,$74.50,10,,$51.65,44.24%,,,,$54.23,5.00%,$105.89,105.02%,$126.97,145.82%,DOX,NASDAQ:DOX,0.117,$90.21,-17.41%
NASDAQ:DOYU,2 Apr 2025,$7.06,3,$9.75,9,,$4.53,55.76%,,,,,-100.00%,-$2.00,-144.15%,-$2.00,-144.15%,DOYU,NASDAQ:DOYU,-2.000,,
NASDAQ:DPZ,9 Apr 2025,$433.44,3,$487.39,9,,$287.62,50.70%,,,,$298.97,3.95%,$417.83,45.27%,$460.20,60.00%,DPZ,NASDAQ:DPZ,0.022,$414.90,17.47%
NYSE:DQ,9 Feb 2026,$22.12,3,$28.07,5,,$13.38,65.32%,,,,$13.07,-2.32%,$47.16,252.45%,$314.54,2250.84%,DQ,NYSE:DQ,-0.646,$31.86,-11.90%
NYSE:DRD,28 Feb 2024,$9.55,4,,,,$21.05,-54.64%,,,,$21.10,0.24%,$0.00,-100.00%,$0.00,-100.00%,DRD,NYSE:DRD,-0.189,$46.50,
NYSE:DRH,23 Dec 2025,$11.46,5,$9.65,3,,$12.19,-20.84%,,,,,-100.00%,-$2.00,-116.41%,-$2.00,-116.41%,DRH,NASDAQ:DRH,-2.000,,
NYSE:DRI,18 Sep 2025,$167.77,1,,,,$213.45,-21.40%,,,,$211.41,-0.96%,$0.00,-100.00%,$0.00,-100.00%,DRI,NYSE:DRI,-0.084,$225.48,
NASDAQ:DRVN,4 Apr 2025,$17.90,3,$19.91,7,,$13.19,35.71%,,,,,-100.00%,-$2.00,-115.16%,-$2.00,-115.16%,DRVN,NASDAQ:DRVN,-2.000,,
NYSE:DSX,5 Mar 2026,$3.21,4,,,,$2.06,55.83%,,,,$2.14,3.88%,$0.72,-65.13%,$1.22,-40.73%,DSX,NYSE:DSX,-0.141,$3.80,
NYSE:DT,10 Feb 2026,$53.18,3,$54.08,8,,$40.61,30.96%,,,,$40.43,-0.44%,$48.32,18.98%,$49.55,22.01%,DT,NYSE:DT,-0.385,$47.75,13.26%
NYSE:DUK,19 Sep 2025,$124.46,3,$130.90,7,,$126.53,-1.64%,,,,$128.79,1.79%,-$36.26,-128.66%,$33.32,-73.67%,DUK,NYSE:DUK,0.338,$139.65,-6.27%
NASDAQ:DUOL,8 Feb 2026,$234.17,3,$232.22,4,,$132.15,75.72%,,,,$125.20,-5.26%,$266.15,101.40%,$270.80,104.92%,DUOL,NASDAQ:DUOL,-0.362,$104.49,122.24%
NASDAQ:DVLT,14 Jan 2026,$1.31,3,,,,$0.34,286.74%,,,,$0.36,5.88%,$0.25,-25.88%,$0.43,26.91%,DVLT,NASDAQ:DVLT,-0.729,$3.00,
NYSE:DVN,27 Jan 2026,$43.47,4,$43.37,10,,$42.74,1.47%,,,,$44.32,3.70%,$0.00,-100.00%,$0.00,-100.00%,DVN,NYSE:DVN,0.088,$59.68,-27.33%
NASDAQ:DXCM,11 Dec 2025,$71.56,4,$85.74,7,,$69.73,2.63%,,,,$69.47,-0.37%,$135.53,94.36%,$147.14,111.01%,DXCM,NASDAQ:DXCM,-0.133,$83.54,2.63%
NYSE:DY,23 Aug 2024,$143.30,1,,,,$483.48,-70.36%,,,,$483.75,0.06%,$0.00,-100.00%,$0.00,-100.00%,DY,NYSE:DY,0.114,$467.91,
NASDAQ:EA,2 Jan 2026,$198.31,3,,,,$204.52,-3.04%,,,,$207.81,1.61%,$416.95,103.87%,$430.35,110.42%,EA,NASDAQ:EA,0.179,$205.59,
NASDAQ:EBAY,22 Feb 2026,$73.85,1,$99.00,7,,$109.45,-32.53%,,,,$115.42,5.45%,$138.49,26.54%,$151.57,38.48%,EBAY,NASDAQ:EBAY,0.855,$104.57,-5.33%
NASDAQ:EBC,1 Jun 2026,$20.59,3,$22.75,7,3.25,$21.43,-3.92%,-3.92%,$20.59,$23.50,$21.54,0.51%,-$79.68,-471.83%,-$76.33,-456.17%,EBC,NASDAQ:EBC,0.318,$23.50,-3.19%
NYSE:EBF,23 Jun 2026,$22.32,4,,,4,$21.23,5.13%,5.13%,$22.32,$24.00,$22.38,5.42%,$46.31,118.15%,$53.33,151.19%,EBF,NYSE:EBF,0.718,$24.00,
NYSE:EBS,5 Jan 2026,$13.61,3,$15.00,5,,$8.43,61.49%,,,,$7.74,-8.19%,$38.63,358.27%,$47.00,457.50%,EBS,NYSE:EBS,-0.644,$12.00,25.00%
NYSE:ECO,5 Mar 2026,$47.32,2,,,,$54.44,-13.08%,,,,$57.60,5.80%,$116.40,113.81%,$61.07,12.18%,ECO,NYSE:ECO,0.063,$56.00,
NASDAQ:ECPG,23 Jun 2026,$78.21,3,$113.33,10,3.75,$87.08,-10.19%,-10.19%,$78.21,$113.33,$89.85,3.18%,-$69.13,-179.39%,-$46.20,-153.05%,ECPG,NASDAQ:ECPG,0.665,$96.67,17.23%
NASDAQ:ECX,10 Sep 2025,$1.94,4,,3,,$1.19,63.36%,,,,$0.98,-17.65%,-$0.98,-182.05%,-$1.09,-191.20%,ECX,NASDAQ:ECX,-0.707,$3.68,
NYSE:ED,16 Sep 2025,$102.44,3,$102.88,2,,$110.72,-7.48%,,,,$111.77,0.95%,-$7.38,-106.66%,$101.58,-8.25%,ED,NYSE:ED,0.316,$111.56,-7.78%
NYSE:EDN,16 Dec 2025,$46.50,3,,5,,$24.03,93.51%,,,,$25.59,6.49%,"-$4,294.33",-17970.69%,"-$2,232.53",-9390.58%,EDN,NYSE:EDN,-0.086,$38.50,
NYSE:EDU,19 Aug 2025,$59.25,3,,,,$44.97,31.76%,,,,$44.41,-1.25%,$0.00,-100.00%,$0.00,-100.00%,EDU,NYSE:EDU,-0.543,$70.80,
NASDAQ:EEFT,11 Feb 2026,$105.16,3,$96.80,7,,$67.50,43.41%,,,,$63.49,-5.94%,$192.54,185.25%,$257.04,280.81%,EEFT,NASDAQ:EEFT,-0.422,$86.29,12.18%
NYSE:EFX,10 May 2024,$252.67,3,,,,$157.61,60.31%,,,,$163.73,3.88%,$170.75,8.34%,$275.72,74.94%,EFX,NYSE:EFX,0.516,$228.48,
NASDAQ:EGAN,28 Jan 2026,$10.58,3,$15.17,6,,$6.59,60.55%,,,,$6.60,0.15%,$23.67,259.24%,$24.46,271.19%,EGAN,NASDAQ:EGAN,-0.366,$14.50,4.62%
NASDAQ:EGBN,23 Dec 2025,$22.58,3,$18.50,6,,$28.26,-34.54%,,,,$28.88,2.19%,-$216.08,-864.62%,-$214.91,-860.47%,EGBN,NASDAQ:EGBN,0.107,$28.30,-34.63%
NASDAQ:EGHT,22 Jan 2026,$2.71,3,$2.25,3,,$1.72,30.81%,,,,$1.72,0.00%,$3.27,90.01%,$3.91,127.59%,EGHT,NASDAQ:EGHT,-0.106,$2.31,-2.60%
NYSE:EGY,26 Aug 2025,$6.31,3,,,,$5.04,25.11%,,,,$5.63,11.71%,$16.27,222.85%,$31.38,522.61%,EGY,NYSE:EGY,0.464,$8.80,
NASDAQ:EH,3 Sep 2025,$17.27,3,,,,$6.63,160.41%,,,,$6.39,-3.62%,$0.00,-100.00%,$0.00,-100.00%,EH,NASDAQ:EH,-0.694,$19.04,
NYSE:EHC,31 Dec 2025,$95.51,2,$145.00,8,,$102.25,-6.59%,,,,$103.80,1.52%,$159.28,55.78%,$218.46,113.65%,EHC,NYSE:EHC,0.257,$140.64,3.10%
NYSE:EIX,23 Jun 2026,$77.59,4,$75.33,3,3.5,$74.22,1.50%,1.50%,$74.35,$77.59,$75.99,2.38%,-$21.58,-129.08%,-$35.76,-148.18%,EIX,NYSE:EIX,0.653,$74.35,1.32%
NYSE:EL,18 Aug 2025,$118.27,3,$95.25,6,,$83.27,14.39%,,,,$82.98,-0.35%,$88.16,5.87%,$130.77,57.05%,EL,NYSE:EL,-0.330,$94.32,0.99%
NYSE:ELF,18 Aug 2025,$118.35,3,,,,$64.54,83.37%,,,,$61.72,-4.37%,$103.37,60.16%,$126.49,95.99%,ELF,NYSE:ELF,-0.377,$99.53,
NYSE:ELME,16 Feb 2026,$2.75,4,,3,,$2.02,35.92%,,,,$2.16,6.93%,$0.00,-100.00%,$0.00,-100.00%,ELME,NYSE:ELME,0.909,$18.00,
NYSE:ELP,13 Feb 2025,$6.84,3,$8.20,6,,#N/A,#N/A,,,,,#N/A,-$2.00,#N/A,-$2.00,#N/A,ELP,NYSE:ELP,-2.000,,
NYSE:ELS,19 Sep 2025,$70.10,5,$67.65,7,,$63.30,6.87%,,,,$63.91,0.96%,$58.00,-8.37%,$77.04,21.70%,ELS,NYSE:ELS,0.087,$70.31,-3.78%
NASDAQ:ELVR,11 Dec 2025,$44.92,3,,,,$76.57,-41.33%,,,,,-100.00%,-$2.00,-102.61%,-$2.00,-102.61%,ELVR,NASDAQ:ELVR,-2.000,,
NYSE:EME,23 Aug 2025,$518.72,1,$670.50,8,,$847.17,-38.77%,,,,$887.36,4.74%,"$1,436.25",69.54%,"$1,509.88",78.23%,EME,NYSE:EME,0.481,$887.00,-24.41%
NYSE:EMR,19 Nov 2025,$120.30,2,$146.64,9,,$141.44,-14.94%,,,,$151.08,6.82%,$0.00,-100.00%,$0.00,-100.00%,EMR,NYSE:EMR,0.414,$164.17,-10.68%
NYSE:ENB,19 Aug 2025,$43.53,2,,,,$55.29,-21.27%,,,,$57.68,4.32%,-$4.94,-108.93%,$49.51,-10.46%,ENB,NYSE:ENB,0.572,$51.37,
NYSE:ENOV,11 Dec 2025,$37.01,3,$49.00,5,,$21.38,73.12%,,,,$21.10,-1.31%,$13.04,-38.99%,$103.44,383.81%,ENOV,NYSE:ENOV,-0.409,$44.73,9.55%
NYSE:ENS,11 Mar 2026,$152.00,3,,,,$218.94,-30.57%,,,,$235.40,7.52%,$469.61,114.49%,$523.35,139.04%,ENS,NYSE:ENS,0.478,$199.89,
NASDAQ:ENSG,3 Jul 2025,$137.40,2,,,,$164.07,-16.26%,,,,$164.33,0.16%,$189.66,15.60%,$222.26,35.47%,ENSG,NASDAQ:ENSG,0.105,$220.40,
NASDAQ:ENTG,9 Feb 2026,$124.28,3,$123.14,3,,$171.44,-28.17%,,,,$176.99,3.24%,$186.44,8.75%,$201.03,17.26%,ENTG,NASDAQ:ENTG,0.312,$141.90,-13.22%
NASDAQ:ENVX,20 Aug 2025,$9.75,3,,,,$5.94,64.09%,,,,$6.41,7.91%,$0.00,-100.00%,$0.00,-100.00%,ENVX,NASDAQ:ENVX,-0.014,$14.45,
NYSE:EOG,21 Sep 2025,$130.14,5,$141.91,7,,$134.45,-3.21%,,,,$138.90,3.31%,$182.54,35.77%,$211.89,57.60%,EOG,NYSE:EOG,0.386,$153.87,-7.77%
NYSE:EPAC,11 Nov 2025,$44.87,3,$51.00,1,,$36.41,23.25%,,,,$35.79,-1.70%,$0.00,-100.00%,$0.00,-100.00%,EPAC,NYSE:EPAC,-0.025,$50.50,0.99%
NYSE:EPAM,26 Mar 2026,$178.81,3,$199.40,8,,$78.39,128.10%,,,,$74.95,-4.39%,$0.00,-100.00%,$0.00,-100.00%,EPAM,NYSE:EPAM,-0.211,$187.24,6.49%
NYSE:EQBK,16 Mar 2026,$41.43,3,$52.50,4,,$47.80,-13.33%,,,,$48.79,2.07%,$0.00,-100.00%,$0.00,-100.00%,EQBK,NYSE:EQBK,0.293,$51.60,1.74%
NYSE:EQNR,9 Sep 2025,$26.30,4,$25.60,9,,$31.60,-18.99%,,,,$33.56,6.20%,$76.69,142.68%,$25.74,-18.56%,EQNR,NYSE:EQNR,0.375,$36.97,-30.75%
NYSE:EQT,20 Aug 2025,$46.57,2,,,,$51.48,-9.54%,,,,$52.78,2.53%,$155.11,201.30%,$195.21,279.19%,EQT,NYSE:EQT,0.133,$70.64,
NASDAQ:ERIC,27 May 2026,$11.70,1,$10.60,8,2.75,$11.16,-5.02%,-5.02%,$10.45,$11.70,$11.92,6.81%,$23.27,108.49%,$28.13,152.06%,ERIC,NASDAQ:ERIC,0.432,$10.45,1.44%
NASDAQ:ERII,4 Sep 2025,$16.86,3,$17.00,6,,$8.77,92.26%,,,,$8.66,-1.25%,$13.87,58.10%,$18.55,111.46%,ERII,NASDAQ:ERII,-0.031,$14.00,21.43%
NYSE:ERO,2 Sep 2025,$21.17,3,$18.76,5,,$26.44,-29.05%,,,,$30.08,13.77%,$48.17,82.17%,$77.25,192.18%,ERO,NYSE:ERO,0.385,$33.97,-44.77%
NYSE:ESAB,23 Dec 2025,$119.83,3,$147.33,7,,$96.85,23.73%,,,,$103.22,6.58%,$108.15,11.67%,$124.09,28.13%,ESAB,NYSE:ESAB,0.176,$136.56,7.89%
NYSE:ESE,29 Jan 2026,$185.93,2,$275.00,4,,$346.51,-46.34%,,,,$358.52,3.47%,$463.49,33.76%,$529.20,52.72%,ESE,NYSE:ESE,0.481,$365.00,-24.66%
NASDAQ:ESEA,5 Mar 2026,$65.04,3,,,,$68.26,-4.72%,,,,$68.71,0.66%,$225.18,229.88%,$262.69,284.84%,ESEA,NASDAQ:ESEA,-0.140,$85.00,
NASDAQ:ESLT,24 Oct 2025,$494.42,3,,,,$750.90,-34.16%,,,,$795.45,5.93%,$904.93,20.51%,$968.35,28.96%,ESLT,NASDAQ:ESLT,0.187,$900.50,
NYSE:ESNT,23 Jun 2026,$59.83,4,$68.00,1,3.25,$61.70,-3.04%,-3.04%,$59.83,$68.00,$61.76,0.10%,$137.06,122.13%,$137.59,123.00%,ESNT,NYSE:ESNT,0.504,$67.81,0.28%
NASDAQ:ESQ,21 Oct 2025,$91.76,3,$110.00,5,,$114.71,-20.00%,,,,$114.36,-0.31%,-$7.32,-106.38%,$9.34,-91.86%,ESQ,NASDAQ:ESQ,-0.049,$123.33,-10.81%
NYSE:ESS,16 Sep 2025,$294.27,5,$293.97,7,,$281.65,4.37%,,,,$286.66,1.78%,$420.71,49.37%,$584.20,107.42%,ESS,NYSE:ESS,0.296,$280.37,4.85%
NASDAQ:ESTA,4 Dec 2025,$72.19,3,$71.75,6,,$87.21,-17.73%,,,,$80.39,-7.82%,$70.99,-18.60%,$71.74,-17.74%,ESTA,NASDAQ:ESTA,-0.326,$88.00,-18.47%
NYSE:ESTC,19 Aug 2025,$94.39,3,$107.50,2,,$58.71,60.78%,,,,$58.24,-0.80%,$0.00,-100.00%,$0.00,-100.00%,ESTC,NYSE:ESTC,-0.594,$81.71,31.56%
NYSE:ET,1 Jun 2026,$19.17,1,,,2.75,$18.94,1.21%,1.21%,$19.17,$22.36,$19.90,5.07%,$0.00,-100.00%,$0.00,-100.00%,ET,NYSE:ET,0.483,$22.36,
NYSE:ETD,11 Nov 2024,$36.07,4,,,,$22.68,59.02%,,,,$21.02,-7.32%,$41.03,80.92%,$46.96,107.06%,ETD,NYSE:ETD,-0.221,$27.00,
NYSE:ETN,11 Nov 2025,$317.45,1,,,,$404.59,-21.54%,,,,$432.31,6.85%,$0.00,-100.00%,$0.00,-100.00%,ETN,NYSE:ETN,0.337,$412.95,
NYSE:ETR,24 Oct 2025,$79.12,1,,,,$114.69,-31.01%,,,,$117.15,2.14%,$6.96,-93.93%,$49.99,-56.41%,ETR,NYSE:ETR,0.407,$115.56,
NASDAQ:EVCM,9 Feb 2026,$14.79,3,$12.00,3,,$8.80,36.36%,,,,$8.64,-1.82%,$9.69,10.06%,$15.03,70.81%,EVCM,NASDAQ:EVCM,-0.604,$10.93,9.79%
NYSE:EVTC,11 Feb 2026,$34.62,3,$30.50,4,,$26.45,15.31%,,,,$24.99,-5.52%,$0.00,-100.00%,$0.00,-100.00%,EVTC,NYSE:EVTC,-0.472,$32.60,-6.44%
NYSE:EVTL,1 Sep 2025,$5.43,3,$11.60,5,,$1.86,191.94%,,,,$2.01,8.06%,-$1.59,-185.27%,-$1.52,-181.92%,EVTL,NYSE:EVTL,-0.285,$10.12,14.62%
NYSE:EW,11 Dec 2025,$87.08,3,$95.29,8,,$89.66,-2.88%,,,,$86.34,-3.70%,$0.00,-100.00%,$0.00,-100.00%,EW,NYSE:EW,-0.154,$97.15,-1.91%
NASDAQ:EWBC,18 Mar 2026,$117.29,3,,,,$130.69,-10.25%,,,,$135.51,3.69%,-$56.82,-143.48%,$23.97,-81.66%,EWBC,NASDAQ:EWBC,0.518,$129.75,
NASDAQ:EXC,28 Apr 2026,$47.55,3,$50.83,5,,$46.90,1.38%,,,,$48.17,2.71%,-$34.28,-173.09%,-$10.46,-122.31%,EXC,NASDAQ:EXC,0.419,$50.22,1.21%
NASDAQ:EXE,22 Jan 2026,$97.25,3,$133.00,9,,$88.60,9.77%,,,,$90.68,2.35%,$276.61,212.20%,$386.83,336.61%,EXE,NASDAQ:EXE,0.013,$132.96,0.03%
NASDAQ:EXFY,9 Feb 2026,$2.87,3,$5.00,2,,$1.49,92.62%,,,,$1.48,-0.67%,$2.51,68.24%,$3.46,132.25%,EXFY,NASDAQ:EXFY,-0.256,$1.38,262.32%
NYSE:EXK,12 Aug 2025,$5.26,3,,,,$7.71,-31.76%,,,,$8.41,9.08%,$5.41,-29.88%,$8.12,5.33%,EXK,NYSE:EXK,0.196,$16.17,
NASDAQ:EXLS,24 Feb 2026,$44.69,5,$53.00,3,,$26.34,69.67%,,,,$26.75,1.56%,$65.23,147.66%,$74.65,183.42%,EXLS,NASDAQ:EXLS,0.066,$41.71,27.07%
NYSE:EXP,23 Aug 2025,$240.86,4,$230.75,1,,$233.65,-1.24%,,,,$231.12,-1.08%,$244.95,4.83%,$300.00,28.40%,EXP,NYSE:EXP,0.180,$222.90,3.52%
NASDAQ:EXPE,4 Mar 2026,$219.55,3,$275.04,6,,$262.15,-16.25%,,,,$239.66,-8.58%,$0.00,-100.00%,$0.00,-100.00%,EXPE,NASDAQ:EXPE,-0.257,$283.79,-3.08%
NYSE:EXR,12 Oct 2025,$164.54,3,$156.20,5,,$145.86,7.09%,,,,$155.05,6.30%,$185.07,26.88%,$236.45,62.11%,EXR,NYSE:EXR,0.746,$152.00,2.76%
NYSE:F,15 Dec 2025,$13.76,1,,1,,$13.84,-0.58%,,,,$14.46,4.48%,-$11.38,-182.21%,-$24.38,-276.16%,F,NYSE:F,0.061,$13.70,
NASDAQ:FANG,20 Sep 2025,$163.23,3,$183.50,2,,$183.48,-11.04%,,,,$193.53,5.48%,$227.24,23.85%,$401.39,118.76%,FANG,NASDAQ:FANG,0.293,$221.35,-17.10%
NASDAQ:FAST,14 Jun 2024,$55.48,2,,,,$46.26,19.93%,,,,$47.04,1.69%,$63.39,37.03%,$66.05,42.77%,FAST,NASDAQ:FAST,0.156,$46.49,
NYSE:FBIN,28 Apr 2026,$58.23,5,$48.75,6,,$44.65,9.18%,,,,$40.76,-8.71%,$0.00,-100.00%,$0.00,-100.00%,FBIN,NYSE:FBIN,-0.170,$52.43,-7.02%
NASDAQ:FBIZ,8 Oct 2025,$51.75,3,$58.00,7,,$62.44,-17.12%,,,,$63.18,1.19%,-$248.54,-498.05%,-$240.78,-485.62%,FBIZ,NASDAQ:FBIZ,0.116,$66.60,-12.91%
NASDAQ:FBNC,7 Oct 2025,$47.21,3,,,,$62.71,-24.72%,,,,$63.15,0.70%,-$151.68,-341.87%,-$148.05,-336.09%,FBNC,NASDAQ:FBNC,0.061,$66.25,
NYSE:FBP,27 May 2026,$27.08,3,$26.00,6,3,$26.42,-1.59%,-1.59%,$26.00,$27.08,$26.81,1.48%,$0.00,-100.00%,$0.00,-100.00%,FBP,NYSE:FBP,0.180,$26.00,0.00%
NYSE:FC,15 Oct 2025,$24.97,3,$32.00,4,,$23.75,5.14%,,,,$24.76,4.25%,$0.00,-100.00%,$0.00,-100.00%,FC,NYSE:FC,0.331,$28.33,12.95%
NASDAQ:FCBC,21 Oct 2025,$36.41,3,,5,,$44.61,-18.38%,,,,$45.34,1.64%,$0.00,-100.00%,$0.00,-100.00%,FCBC,NASDAQ:FCBC,0.012,$40.00,
NASDAQ:FCCO,2 Oct 2025,$26.67,3,$30.00,7,,$32.74,-18.55%,,,,$32.87,0.40%,-$146.31,-546.88%,-$146.84,-548.49%,FCCO,NASDAQ:FCCO,0.097,$35.33,-15.09%
NYSE:FCF,18 Nov 2025,$17.15,3,$19.00,3,,$20.19,-15.06%,,,,$20.55,1.78%,-$60.87,-401.47%,-$59.75,-395.94%,FCF,NYSE:FCF,0.318,$20.67,-8.08%
NYSE:FCN,13 Nov 2025,$198.73,3,$165.00,9,,$144.35,14.31%,,,,$147.74,2.35%,$520.26,260.42%,$548.23,279.79%,FCN,NYSE:FCN,0.078,$187.00,-11.76%
NYSE:FCPT,4 Sep 2025,$29.64,4,$29.40,6,,$25.15,16.90%,,,,$25.63,1.91%,$39.23,55.98%,$48.34,92.21%,FCPT,NYSE:FCPT,0.651,$28.11,4.59%
NYSE:FDP,13 Nov 2025,$39.53,3,,4,,$28.85,37.02%,,,,$27.49,-4.71%,$48.80,69.15%,$20.63,-28.47%,FDP,NYSE:FDP,-0.031,$52.00,
NYSE:FE,19 Sep 2025,$47.44,4,$46.00,7,,$47.82,-3.81%,,,,$48.75,1.94%,-$17.11,-135.79%,-$4.89,-110.22%,FE,NYSE:FE,0.354,$53.31,-13.71%
NASDAQ:FELE,6 Nov 2025,$93.75,3,,,,$104.88,-10.61%,,,,$108.70,3.64%,$159.29,51.88%,$166.03,58.31%,FELE,NASDAQ:FELE,0.606,$113.25,
NYSE:FERG,8 Jul 2024,$169.94,2,,,,$236.68,-28.20%,,,,$228.52,-3.45%,$0.00,-100.00%,$0.00,-100.00%,FERG,NYSE:FERG,-0.468,$276.05,
NYSE:FF,15 May 2025,$5.93,5,,7,,$4.16,42.55%,,,,$4.10,-1.44%,$28.45,583.93%,$26.39,534.35%,FF,NYSE:FF,-0.009,$14.00,
NASDAQ:FFAI,15 Dec 2025,$1.88,3,,,,$0.26,622.65%,,,,$0.26,0.00%,$0.00,-100.00%,$0.00,-100.00%,FFAI,NASDAQ:FFAI,-0.567,$5.00,
NASDAQ:FFBC,20 Mar 2026,$29.92,3,$31.67,5,,$32.92,-9.12%,,,,$33.40,1.46%,$0.00,-100.00%,$0.00,-100.00%,FFBC,NASDAQ:FFBC,0.334,$33.43,-5.26%
NASDAQ:FFIC,27 Oct 2025,$16.10,4,$15.00,5,,#N/A,#N/A,,,,,#N/A,-$2.00,#N/A,-$2.00,#N/A,FFIC,NASDAQ:FFIC,-2.000,,
NASDAQ:FFIN,19 Nov 2025,$32.29,3,$37.50,5,,$34.04,-5.14%,,,,$34.57,1.56%,$0.00,-100.00%,$0.00,-100.00%,FFIN,NASDAQ:FFIN,0.453,$33.75,11.11%
NYSE:FFWM,18 Nov 2025,$6.01,3,$6.38,5,,#N/A,#N/A,,,,,#N/A,-$2.00,#N/A,-$2.00,#N/A,FFWM,NYSE:FFWM,-2.000,,
NASDAQ:FHB,16 Apr 2026,$28.27,3,$26.67,2,,$28.96,-7.91%,,,,$29.41,1.55%,-$108.59,-474.97%,-$105.60,-464.63%,FHB,NASDAQ:FHB,0.161,$26.89,-0.82%
NYSE:FHN,28 May 2026,$23.86,3,$26.61,3,3.25,$25.28,-5.61%,-5.61%,$23.86,$26.84,$25.87,2.33%,$0.00,-100.00%,$0.00,-100.00%,FHN,NYSE:FHN,0.531,$26.84,-0.86%
NASDAQ:FIBK,27 May 2026,$35.12,3,$36.60,3,3,$37.88,-7.29%,-7.29%,$35.12,$36.60,$38.60,1.90%,-$152.97,-503.83%,-$142.95,-477.37%,FIBK,NASDAQ:FIBK,0.546,$36.38,0.60%
NYSE:FIG,29 Jan 2026,$46.89,3,$51.00,5,,$18.64,151.53%,,,,$18.92,1.50%,$0.00,-100.00%,$0.00,-100.00%,FIG,NYSE:FIG,-0.485,$40.25,26.71%
NYSE:FINV,24 Oct 2025,$5.94,3,,6,,$4.85,22.47%,,,,$4.62,-4.74%,$28.15,480.31%,$28.39,485.32%,FINV,NYSE:FINV,-0.350,$7.71,
NYSE:FIS,11 Feb 2026,$71.87,3,,,,$38.66,85.91%,,,,$39.72,2.74%,$93.34,141.45%,$151.36,291.51%,FIS,NYSE:FIS,0.557,$64.95,
NASDAQ:FISI,20 Oct 2025,$28.36,3,$30.00,5,,$38.72,-26.76%,,,,$39.52,2.07%,-$185.17,-578.22%,-$177.85,-559.32%,FISI,NASDAQ:FISI,0.271,$37.00,-18.92%
NASDAQ:FITB,27 May 2026,$50.92,3,$57.17,9,3.25,#N/A,#N/A,#N/A,#N/A,#N/A,$55.87,#N/A,-$116.21,#N/A,-$109.45,#N/A,FITB,NASDAQ:FITB,0.120,$56.55,1.10%
NYSE:FIX,23 Aug 2025,$534.79,1,$736.60,8,,"$1,954.47",-72.64%,,,,"$2,047.88",4.78%,"$2,542.29",30.08%,"$2,612.86",33.69%,FIX,NYSE:FIX,0.429,"$1,722.25",-57.23%
NASDAQ:FIZZ,17 Mar 2026,$41.05,3,$35.00,2,,$33.59,4.20%,,,,$35.94,7.00%,$0.00,-100.00%,$0.00,-100.00%,FIZZ,NASDAQ:FIZZ,0.095,$35.00,0.00%
NASDAQ:FLEX,5 Feb 2026,$63.22,2,$73.75,6,,$150.66,-58.04%,,,,$157.71,4.68%,$149.52,-0.76%,$165.85,10.08%,FLEX,NASDAQ:FLEX,0.518,$81.44,-9.44%
NYSE:FLG,21 Oct 2025,$10.62,3,$13.90,6,,$15.08,-29.58%,,,,$15.31,1.53%,$0.00,-100.00%,$0.00,-100.00%,FLG,NYSE:FLG,0.018,$15.69,-11.41%
NYSE:FLR,20 Aug 2025,$51.95,5,,5,,$53.17,-2.29%,,,,$55.31,4.02%,$0.00,-100.00%,$0.00,-100.00%,FLR,NYSE:FLR,0.215,$53.50,
NYSE:FLS,23 Aug 2024,$48.32,3,,,,$72.93,-33.74%,,,,$84.99,16.54%,$123.89,69.88%,$92.13,26.32%,FLS,NYSE:FLS,0.776,$96.10,
NYSE:FLUT,18 Sep 2025,$272.62,3,,,,$98.51,176.74%,,,,$96.04,-2.51%,$112.37,14.07%,$236.56,140.14%,FLUT,NYSE:FLUT,-0.730,$187.00,
NASDAQ:FMBH,28 Apr 2026,$47.14,3,,,,$47.62,-1.01%,,,,$47.90,0.59%,-$116.38,-344.40%,-$103.90,-318.18%,FMBH,NASDAQ:FMBH,0.093,$47.57,
NASDAQ:FMNB,18 Mar 2026,$14.01,3,$14.50,6,,$14.57,-3.83%,,,,$14.70,0.89%,-$58.29,-500.05%,-$57.12,-492.06%,FMNB,NASDAQ:FMNB,0.115,$14.67,-1.16%
NYSE:FMS,16 Mar 2026,$34.95,5,$26.00,2,,$23.85,9.01%,,,,$24.45,2.52%,$71.00,197.68%,$125.52,426.28%,FMS,NYSE:FMS,0.342,$27.72,-6.20%
NYSE:FMX,19 Mar 2026,$123.52,3,$128.33,8,,$123.08,0.35%,,,,$130.98,6.42%,$141.10,14.64%,"$4,079.12",3214.20%,FMX,NYSE:FMX,0.393,$117.22,9.48%
NYSE:FN,11 Dec 2025,$411.82,2,$533.80,8,,$568.17,-27.52%,,,,$612.09,7.73%,$682.25,20.08%,$598.20,5.29%,FN,NYSE:FN,0.363,$749.11,-28.74%
NYSE:FNB,30 Mar 2026,$17.16,3,$19.63,9,,$18.98,-9.59%,,,,$19.36,2.00%,$0.00,-100.00%,$0.00,-100.00%,FNB,NYSE:FNB,0.416,$20.31,-3.35%
NYSE:FNF,10 Apr 2025,$64.78,4,$70.33,4,,$46.34,39.78%,,,,$49.45,6.71%,-$51.77,-211.71%,-$31.48,-167.93%,FNF,NYSE:FNF,0.484,$64.60,8.87%
NASDAQ:FOSL,29 Aug 2025,$4.98,5,$5.00,7,,$4.03,23.59%,,,,$4.27,5.96%,$7.86,95.00%,$15.36,281.24%,FOSL,NASDAQ:FOSL,0.286,$7.00,-28.57%
NASDAQ:FRHC,27 Aug 2025,$170.00,3,,,,$135.45,25.51%,,,,$140.61,3.81%,$322.47,138.07%,$327.20,141.57%,FRHC,NASDAQ:FRHC,-0.138,$76.00,
NYSE:FRO,23 Jun 2026,$33.92,2,$43.67,8,3.25,$40.72,-16.69%,-16.69%,$33.92,$43.67,$44.31,8.82%,$63.79,56.67%,$77.41,90.10%,FRO,NYSE:FRO,0.545,$41.25,5.87%
NASDAQ:FRSH,27 Jan 2026,$14.36,3,$18.75,5,,$9.37,53.24%,,,,$9.01,-3.84%,$0.00,-100.00%,$0.00,-100.00%,FRSH,NASDAQ:FRSH,-0.403,$12.38,51.45%
NYSE:FRT,23 Dec 2025,$100.99,1,,,,$124.62,-18.96%,,,,$127.20,2.07%,$151.32,21.42%,$228.48,83.34%,FRT,NYSE:FRT,0.409,$118.36,
NASDAQ:FSBC,27 May 2026,$39.25,3,$44.83,7,3.25,$47.26,-16.95%,-16.95%,$39.25,$45.10,$48.22,2.03%,-$114.45,-342.16%,-$112.89,-338.88%,FSBC,NASDAQ:FSBC,0.420,$45.10,-0.60%
NASDAQ:FSLR,11 Feb 2026,$209.76,2,,,,$248.57,-15.61%,,,,$249.70,0.45%,$624.48,151.23%,$701.63,182.26%,FSLR,NASDAQ:FSLR,-0.368,$246.21,
NYSE:FSLY,19 Jan 2026,$10.88,4,$11.30,4,,$16.38,-33.59%,,,,,-100.00%,-$2.00,-112.21%,-$2.00,-112.21%,FSLY,NASDAQ:FSLY,-2.000,,
NYSE:FSM,14 Aug 2025,$6.09,3,$7.46,7,,$8.33,-26.88%,,,,$8.59,3.12%,$26.19,214.45%,$34.44,313.41%,FSM,NYSE:FSM,-0.267,$14.00,-46.71%
NASDAQ:FSTR,4 Oct 2024,$28.19,4,,,,$43.31,-34.91%,,,,$42.73,-1.34%,$92.26,113.03%,$117.52,171.34%,FSTR,NASDAQ:FSTR,-0.308,$36.50,
NASDAQ:FTAI,19 Aug 2025,$88.62,1,,,,$272.14,-67.44%,,,,$276.54,1.62%,$194.20,-28.64%,$200.13,-26.46%,FTAI,NASDAQ:FTAI,0.656,$341.40,
NASDAQ:FTDR,1 Jun 2026,$66.83,3,$74.50,7,2.75,$72.89,-8.32%,-8.32%,$66.83,$74.50,$72.37,-0.71%,$157.93,116.67%,$176.70,142.41%,FTDR,NASDAQ:FTDR,-0.071,$74.20,0.40%
NASDAQ:FTEL,15 Dec 2025,$1.46,3,,,,#N/A,#N/A,,,,,#N/A,-$2.00,#N/A,-$2.00,#N/A,FTEL,NASDAQ:FTEL,-2.000,,
NYSE:FTI,21 Jul 2025,$33.54,3,$37.80,10,,$64.29,-47.83%,,,,$68.94,7.23%,$87.85,36.64%,$101.39,57.70%,FTI,NYSE:FTI,0.491,$72.57,-47.91%
NYSE:FTK,29 Apr 2026,$14.15,3,$21.50,9,,$21.74,-34.90%,,,,$25.01,15.04%,$27.42,26.15%,$30.90,42.16%,FTK,NYSE:FTK,0.361,$21.25,1.18%
NASDAQ:FTNT,4 Feb 2026,$100.54,5,$84.05,3,,$145.28,-42.15%,,,,$150.67,3.71%,$191.57,31.87%,$202.43,39.34%,FTNT,NASDAQ:FTNT,0.016,$89.43,-6.02%
NASDAQ:FTRE,27 Jun 2025,$13.66,3,$5.97,1,,$17.02,-64.92%,,,,$16.82,-1.18%,$53.59,214.89%,$64.57,279.35%,FTRE,NASDAQ:FTRE,0.099,$12.66,-52.84%
NYSE:FTV,5 Feb 2026,$54.58,4,$55.50,8,,$60.39,-9.62%,,,,$63.66,5.41%,$86.70,43.57%,$97.34,61.19%,FTV,NYSE:FTV,0.650,$62.27,-10.87%
NYSE:FUBO,4 Apr 2025,$4.27,3,$4.85,8,,$8.75,-51.26%,,,,$8.43,-3.66%,$0.00,-100.00%,$0.00,-100.00%,FUBO,NYSE:FUBO,-0.739,$18.12,-73.23%
NASDAQ:FUFU,19 Aug 2025,$4.77,4,$6.00,5,,$1.52,214.01%,,,,,-100.00%,-$2.00,-231.58%,-$2.00,-231.58%,FUFU,NASDAQ:FUFU,-2.000,,
NYSE:FUL,26 May 2026,$68.79,4,$73.00,6,3.75,$64.60,6.49%,,,,$66.77,3.36%,$0.00,-100.00%,$0.00,-100.00%,FUL,NYSE:FUL,0.555,$70.43,3.65%
NASDAQ:FULT,18 Mar 2026,$21.38,4,$23.00,5,,$23.87,-10.43%,,,,$23.85,-0.08%,-$97.85,-509.91%,-$89.96,-476.88%,FULT,NASDAQ:FULT,0.389,$22.92,0.35%
NASDAQ:FUNC,23 Dec 2025,$39.14,3,$42.00,6,,$43.43,-9.88%,,,,$42.63,-1.84%,-$180.54,-515.71%,-$174.81,-502.51%,FUNC,NASDAQ:FUNC,-0.122,$44.00,-4.55%
NASDAQ:FUTU,27 Aug 2025,$135.45,1,,,,$98.30,37.79%,,,,$102.47,4.24%,$113.18,15.14%,$116.54,18.56%,FUTU,NASDAQ:FUTU,0.201,$229.74,
NYSE:G,18 May 2026,$44.63,3,$40.00,3,,$28.53,40.20%,,,,$30.24,5.99%,$114.34,300.78%,$140.16,391.26%,G,NYSE:G,0.638,$48.18,-16.98%
NASDAQ:GABC,27 May 2026,$45.62,3,$49.00,6,3.25,$46.51,-1.90%,-1.90%,$45.62,$49.00,$47.34,1.78%,-$73.26,-257.51%,-$64.68,-239.07%,GABC,NASDAQ:GABC,0.390,$48.60,0.82%
NASDAQ:GAIN,10 Jun 2024,$15.26,3,,,,$14.73,3.59%,,,,$14.59,-0.95%,$25.68,74.35%,$35.79,142.99%,GAIN,NASDAQ:GAIN,-0.296,$14.83,
NASDAQ:GAMB,28 Oct 2025,$12.14,5,$13.00,5,,$2.19,454.43%,,,,$2.24,2.28%,$8.98,309.84%,$10.46,377.74%,GAMB,NASDAQ:GAMB,-0.290,$6.79,91.46%
NASDAQ:GAME,12 Oct 2025,$0.98,3,$1.75,5,,$0.39,151.49%,,,,,-100.00%,-$2.00,-612.82%,-$2.00,-612.82%,GAME,NASDAQ:GAME,-2.000,,
NASDAQ:GANX,23 Dec 2025,$5.20,3,$7.60,8,,$1.74,198.56%,,,,$1.77,1.72%,$1.03,-40.61%,$1.04,-40.31%,GANX,NASDAQ:GANX,-0.468,$7.60,0.00%
NYSE:GAP,19 Jun 2026,$27.72,5,$28.15,2,3.75,$20.92,32.50%,32.50%,$27.72,$30.65,$21.45,2.53%,$0.00,-100.00%,$0.00,-100.00%,GAP,NYSE:GAP,0.285,$30.65,-8.16%
NASDAQ:GASS,5 Mar 2026,$9.44,3,,,,$8.33,13.33%,,,,$8.50,2.04%,$39.05,368.77%,$49.25,491.23%,GASS,NASDAQ:GASS,-0.006,$14.00,
NYSE:GBCI,21 Oct 2025,$45.69,3,$52.20,7,,$50.33,-9.22%,,,,$51.16,1.65%,-$127.56,-353.44%,-$125.15,-348.65%,GBCI,NYSE:GBCI,0.419,$56.50,-7.61%
NYSE:GBX,6 Feb 2026,$68.91,3,$49.00,3,,$49.88,-1.76%,,,,$49.47,-0.82%,$0.00,-100.00%,$0.00,-100.00%,GBX,NYSE:GBX,-0.506,$44.67,9.69%
NASDAQ:GCT,11 Feb 2026,$42.86,3,$33.00,7,,$33.37,-1.11%,,,,$34.56,3.57%,$155.73,366.69%,$160.26,380.27%,GCT,NASDAQ:GCT,0.027,$53.75,-38.60%
NYSE:GCTS,2 Feb 2026,$1.46,3,$3.50,7,,$2.60,-43.85%,,,,$2.98,14.62%,$0.66,-74.75%,$0.71,-72.67%,GCTS,NYSE:GCTS,0.171,$3.47,0.86%
NYSE:GDDY,11 Feb 2026,$143.01,3,$171.11,7,,$81.33,75.84%,,,,$76.11,-6.42%,$256.10,214.89%,$269.31,231.13%,GDDY,NYSE:GDDY,-0.419,$115.53,48.11%
NASDAQ:GDS,16 Feb 2026,$38.86,1,$51.45,10,,$31.24,24.40%,,,,$29.76,-4.74%,-$0.69,-102.22%,$32.78,4.93%,GDS,NASDAQ:GDS,-0.915,$56.94,-9.64%
NASDAQ:GDYN,27 Jan 2026,$17.06,3,$12.25,1,,$5.41,126.43%,,,,$5.79,7.02%,$12.38,128.90%,$16.12,197.95%,GDYN,NASDAQ:GDYN,0.309,$10.60,15.57%
NYSE:GEF,5 Sep 2025,$73.44,5,$80.00,2,,$72.68,1.05%,,,,$67.37,-7.31%,$0.00,-100.00%,$0.00,-100.00%,GEF,NYSE:GEF,-0.493,$78.20,2.30%
NYSE:GES,15 Aug 2025,$28.70,3,$13.00,5,,#N/A,#N/A,,,,$8.12,#N/A,$47.11,#N/A,$58.01,#N/A,GES,NYSE:GES,-0.915,$16.75,-22.39%
NASDAQ:GFS,9 Feb 2026,$46.85,4,$39.80,4,,$83.70,-52.45%,,,,$88.12,5.28%,$89.97,7.49%,$113.59,35.72%,GFS,NASDAQ:GFS,0.157,$51.30,-22.42%
NASDAQ:GGAL,11 Sep 2025,$34.39,3,$38.00,5,,$49.10,-29.96%,,,,$51.60,5.09%,$327.41,566.81%,$343.35,599.29%,GGAL,NASDAQ:GGAL,-0.125,$68.23,-44.31%
NYSE:GGB,4 Jan 2026,$3.55,3,$4.60,9,,$4.09,-13.11%,,,,$4.19,2.44%,$3.26,-20.22%,$9.16,123.89%,GGB,NYSE:GGB,-0.044,$5.18,-11.20%
NYSE:GGG,6 Nov 2025,$84.33,3,$93.50,1,,$75.00,12.44%,,,,$78.30,4.40%,$106.98,42.64%,$114.61,52.81%,GGG,NYSE:GGG,0.603,$92.00,1.63%
NYSE:GHC,15 Oct 2025,$995.96,4,,4,,"$1,172.86",-15.08%,,,,"$1,180.88",0.68%,"$1,227.21",4.63%,"$2,431.01",107.27%,GHC,NYSE:GHC,0.249,"$1,040.00",
NYSE:GHM,28 Oct 2025,$48.90,2,,,,$115.32,-57.60%,,,,$114.80,-0.45%,$108.91,-5.56%,$117.93,2.26%,GHM,NYSE:GHM,0.315,$90.60,
NYSE:GIB,19 Jan 2026,$107.59,5,$129.19,3,,$63.09,70.53%,,,,$64.79,2.69%,$144.41,128.89%,$187.15,196.64%,GIB,NYSE:GIB,0.385,$75.94,70.12%
NYSE:GIS,27 Mar 2026,$54.42,5,$40.93,2,,$34.80,17.61%,,,,$35.47,1.93%,$0.00,-100.00%,$0.00,-100.00%,GIS,NYSE:GIS,0.092,$40.79,0.34%
NYSE:GKOS,11 Dec 2025,$119.46,3,$118.10,3,,$137.76,-14.27%,,,,$132.11,-4.10%,$133.48,-3.11%,$144.06,4.57%,GKOS,NYSE:GKOS,-0.274,$151.08,-21.83%
NASDAQ:GLDD,4 Nov 2025,$12.92,3,$14.00,7,,#N/A,#N/A,,,,$0.00,#N/A,$35.80,#N/A,$44.81,#N/A,GLDD,NASDAQ:GLDD,-1.000,$17.00,-17.65%
NYSE:GLOB,4 May 2026,$71.94,3,$63.17,7,,$29.12,116.93%,,,,$31.77,9.10%,$107.90,270.52%,$115.26,295.81%,GLOB,NYSE:GLOB,0.324,$69.04,-8.50%
NASDAQ:GLRE,13 Nov 2025,$15.68,4,,1,,$16.52,-5.08%,,,,$16.98,2.78%,$157.91,855.86%,$157.83,855.40%,GLRE,NASDAQ:GLRE,0.451,$1.00,
NYSE:GLW,26 Jan 2026,$93.28,1,,,,$205.83,-54.68%,,,,$217.90,5.86%,$234.68,14.02%,$262.49,27.53%,GLW,NYSE:GLW,0.348,$139.21,
NYSE:GM,15 Dec 2025,$80.89,1,,1,,$78.95,2.46%,,,,$81.88,3.71%,-$84.55,-207.10%,$51.63,-34.61%,GM,NYSE:GM,0.193,$94.08,
NYSE:GME,23 Aug 2024,$28.89,3,,,,$21.44,34.74%,,,,$21.95,2.38%,$0.00,-100.00%,$0.00,-100.00%,GME,NYSE:GME,0.217,$13.50,
NYSE:GMED,11 Dec 2025,$101.94,3,$94.50,9,,$82.12,15.08%,,,,$79.33,-3.40%,$185.34,125.69%,$226.45,175.75%,GMED,NYSE:GMED,-0.317,$110.08,-14.15%
NYSE:GMRE,23 Dec 2025,$53.07,3,$40.70,9,,#N/A,#N/A,,,,,#N/A,-$2.00,#N/A,-$2.00,#N/A,GMRE,NYSE:GMRE,-2.000,,
NASDAQ:GNLN,15 Jul 2025,$4.44,3,,,,$2.40,84.79%,,,,,-100.00%,-$2.00,-183.33%,-$2.00,-183.33%,GNLN,NASDAQ:GNLN,-2.000,,
NYSE:GNRC,11 Nov 2025,$159.25,3,$205.69,9,,$284.14,-43.95%,,,,$274.55,-3.38%,$314.03,10.52%,$347.54,22.31%,GNRC,NYSE:GNRC,-0.186,$248.13,-17.10%
NYSEAMERICAN:GNS,18 Aug 2025,$0.99,,$1.00,3,,$0.20,395.00%,,,,$0.19,-5.00%,$0.00,-100.00%,$0.00,-100.00%,GNS,NYSEAMERICAN:GNS,-0.407,$3.25,-69.23%
NYSE:GNTY,2 Oct 2025,$48.75,1,,,,#N/A,#N/A,,,,,#N/A,-$2.00,#N/A,-$2.00,#N/A,GNTY,NYSE:GNTY,-2.000,,
NASDAQ:GOOD,31 Aug 2025,$17.01,5,$15.00,5,,$12.16,23.36%,,,,$12.34,1.48%,$12.78,5.13%,$8.55,-29.68%,GOOD,NASDAQ:GOOD,0.089,$13.38,12.11%
NASDAQ:GOOG,27 Feb 2026,$301.88,3,,,,$345.03,-12.51%,,,,$355.10,2.92%,$452.33,31.10%,$529.35,53.42%,GOOG,NASDAQ:GOOG,0.110,$398.06,
NASDAQ:GOOGL,17 Apr 2026,$309.14,3,$385.97,8,,$345.28,-10.47%,,,,$355.53,2.97%,$597.31,72.99%,$664.53,92.46%,GOOGL,NASDAQ:GOOGL,0.096,$376.50,2.52%
NYSEAMERICAN:GORO,20 Aug 2025,$0.83,,$1.25,5,,$1.34,-38.06%,,,,$1.37,2.24%,$3.48,160.07%,$3.23,140.82%,GORO,NYSEAMERICAN:GORO,0.385,$1.50,-16.67%
NYSE:GOTU,3 Sep 2025,$6.27,3,,4,,$1.76,256.19%,,,,$1.58,-10.23%,-$4.51,-356.10%,-$4.52,-356.92%,GOTU,NYSE:GOTU,-0.939,$3.52,
NYSE:GPC,14 Sep 2023,$168.90,4,,,,$110.73,52.53%,,,,$106.08,-4.20%,$52.74,-52.37%,$31.57,-71.49%,GPC,NYSE:GPC,-0.095,$132.43,
NYSE:GPOR,22 Jan 2026,$170.96,3,$231.50,7,,$160.96,6.21%,,,,$160.27,-0.43%,$193.15,20.00%,$366.30,127.57%,GPOR,NYSE:GPOR,-0.406,$243.50,-4.93%
NYSE:GPRK,22 Sep 2025,$10.05,3,$7.75,2,,$9.24,-16.13%,,,,$10.03,8.55%,$24.43,164.34%,$37.77,308.80%,GPRK,NYSE:GPRK,0.008,$11.98,-35.31%
NASDAQ:GPRO,27 Jan 2026,$1.35,3,$1.30,5,,$0.72,80.56%,,,,$0.72,0.00%,$1.87,160.14%,$2.56,255.77%,GPRO,NASDAQ:GPRO,-0.312,$1.30,0.00%
NASDAQ:GRAB,3 Sep 2025,$4.97,3,$6.03,6,,$3.49,42.41%,,,,$3.39,-2.87%,$0.00,-100.00%,$0.00,-100.00%,GRAB,NASDAQ:GRAB,-0.492,$6.07,-0.66%
NYSE:GRBK,27 Feb 2026,$85.87,4,,8,,$80.22,7.04%,,,,$76.25,-4.95%,$144.06,79.58%,$145.36,81.20%,GRBK,NYSE:GRBK,0.133,$62.00,
NYSE:GRMN,2 Feb 2026,$214.19,3,$240.50,6,,$240.02,-10.76%,,,,$247.18,2.98%,$383.95,59.97%,$400.24,66.75%,GRMN,NYSE:GRMN,0.661,$261.71,-8.10%
NYSE:GRND,27 Jan 2026,$13.86,3,$22.00,2,,$13.18,5.14%,,,,$13.15,-0.23%,$19.73,49.71%,$20.35,54.37%,GRND,NYSE:GRND,-0.051,$18.00,22.22%
NYSE:GS,24 Feb 2026,$814.68,2,,,,"$1,076.91",-24.35%,,,,"$1,143.41",6.18%,$0.00,-100.00%,$0.00,-100.00%,GS,NYSE:GS,0.607,$933.25,
NASDAQ:GSBC,27 May 2026,$73.74,3,$65.00,2,3,$76.54,-15.08%,-15.08%,$65.00,$73.74,$78.78,2.93%,$0.00,-100.00%,$0.00,-100.00%,GSBC,NASDAQ:GSBC,0.505,$67.50,-3.70%
NASDAQ:GSIT,28 Jan 2026,$9.51,3,,7,,$6.63,43.40%,,,,$7.44,12.22%,$7.29,9.92%,$7.34,10.69%,GSIT,NASDAQ:GSIT,0.254,$8.00,
NYSE:GSL,4 Mar 2026,$37.11,3,,5,,$38.69,-4.08%,,,,$40.03,3.46%,$201.49,420.77%,$265.00,584.94%,GSL,NYSE:GSL,0.018,$40.00,
NASDAQ:GSM,15 Aug 2025,$7.64,3,$4.00,4,,$3.58,11.73%,,,,$3.63,1.40%,$15.92,344.79%,$4.76,32.92%,GSM,NASDAQ:GSM,-0.231,$6.00,-33.33%
NASDAQ:GT,20 Sep 2025,$10.53,4,$11.42,10,,$6.29,67.41%,,,,$5.93,-5.72%,$150.80,2297.52%,$194.04,2984.84%,GT,NASDAQ:GT,-0.106,$8.94,27.74%
NYSE:GTES,12 May 2025,$25.10,5,$23.20,4,,$27.25,-14.86%,,,,$28.56,4.81%,$23.50,-13.76%,$38.03,39.54%,GTES,NYSE:GTES,0.218,$31.08,-25.35%
NYSE:GTLS,23 Dec 2025,$198.45,3,$211.00,1,,$208.70,-4.91%,,,,$216.12,3.56%,$171.62,-17.77%,$273.69,31.14%,GTLS,NYSE:GTLS,0.562,$204.43,3.21%
NASDAQ:GTM,30 Mar 2026,$9.68,3,,,,$2.83,242.05%,,,,$2.60,-8.13%,$0.00,-100.00%,$0.00,-100.00%,GTM,NASDAQ:GTM,-0.496,$9.11,
NYSE:GTY,19 Sep 2025,$32.43,4,$32.00,4,,$33.86,-5.49%,,,,$34.73,2.57%,$35.97,6.22%,$44.76,32.19%,GTY,NYSE:GTY,0.486,$33.71,-5.07%
NYSE:GVA,12 Jun 2025,$88.52,3,,,,$151.88,-41.72%,,,,$158.15,4.13%,$328.97,116.60%,$316.59,108.45%,GVA,NYSE:GVA,0.581,$166.50,
NYSE:GWH,14 Jan 2026,$3.79,3,$3.50,3,,$0.85,311.76%,,,,,-100.00%,-$2.00,-335.29%,-$2.00,-335.29%,GWH,NYSE:GWH,-2.000,,
NYSE:GWW,23 Aug 2025,$866.00,2,,,,"$1,342.57",-35.50%,,,,"$1,322.88",-1.47%,"$1,562.75",16.40%,"$1,634.90",21.77%,GWW,NYSE:GWW,-0.224,"$1,158.60",
NYSE:HAE,16 Dec 2025,$105.08,3,$86.29,9,,$72.87,18.42%,,,,$72.80,-0.10%,$165.50,127.12%,$205.66,182.23%,HAE,NYSE:HAE,-0.454,$84.60,2.00%
NASDAQ:HAFC,27 May 2026,$31.91,3,$32.83,5,3.25,$32.11,-0.63%,-0.63%,$31.12,$32.83,$33.13,3.18%,-$137.76,-529.04%,-$137.96,-529.64%,HAFC,NASDAQ:HAFC,0.552,$31.12,5.49%
NYSE:HASI,27 Jan 2026,$36.24,3,$40.27,9,,$39.10,-7.32%,,,,$38.84,-0.66%,$0.00,-100.00%,$0.00,-100.00%,HASI,NYSE:HASI,-0.358,$45.87,-12.21%
NASDAQ:HBAN,6 Apr 2026,$16.83,4,$19.75,9,,$17.57,-4.21%,,,,$17.80,1.31%,-$67.33,-483.20%,-$63.65,-462.28%,HBAN,NASDAQ:HBAN,0.173,$19.69,0.30%
NASDAQ:HBCP,1 Jun 2026,$67.68,3,$69.00,3,3,$68.18,-0.73%,-0.73%,$65.62,$69.00,$69.42,1.82%,$0.00,-100.00%,$0.00,-100.00%,HBCP,NASDAQ:HBCP,0.315,$65.62,5.15%
NYSE:HBM,2 Apr 2026,$15.01,2,$28.81,10,,$22.99,-34.69%,,,,$28.75,25.05%,$29.57,28.61%,$55.49,141.35%,HBM,NYSE:HBM,0.446,$32.65,-11.76%
NASDAQ:HBNC,19 Nov 2025,$17.31,3,$19.83,9,,$19.80,-12.58%,,,,$20.31,2.58%,-$76.05,-484.11%,-$72.93,-468.34%,HBNC,NASDAQ:HBNC,0.478,$21.20,-6.46%
NASDAQ:HBT,2 Oct 2025,$24.23,3,$29.50,7,,$31.47,-23.02%,,,,$31.73,0.83%,-$55.56,-276.53%,-$52.75,-267.64%,HBT,NASDAQ:HBT,0.116,$30.20,-2.32%
NYSE:HCA,13 Apr 2026,$417.60,2,$551.50,1,,$387.76,7.70%,,,,$402.07,3.69%,$401.40,3.52%,$676.12,74.37%,HCA,NYSE:HCA,0.497,$542.67,1.63%
NYSE:HCC,11 Dec 2025,$71.17,3,,,,$84.15,-15.42%,,,,$90.23,7.23%,$92.05,9.39%,$113.67,35.09%,HCC,NYSE:HCC,0.458,$104.83,
NASDAQ:HCKT,16 Feb 2026,$21.62,3,$27.00,4,,$10.54,105.13%,,,,$11.16,5.88%,$29.43,179.26%,$31.71,200.84%,HCKT,NASDAQ:HCKT,0.610,$23.67,14.07%
NASDAQ:HCSG,20 Dec 2023,$15.43,3,,,,$23.60,-34.62%,,,,$23.45,-0.64%,$36.49,54.62%,$40.32,70.84%,HCSG,NASDAQ:HCSG,0.249,$24.00,
NASDAQ:HCTI,11 Jul 2025,$0.04,3,,,,$1.90,-98.16%,,,,,-100.00%,-$2.00,-205.26%,-$2.00,-205.26%,HCTI,NASDAQ:HCTI,-2.000,,
NYSE:HDB,21 Oct 2025,$30.79,2,,,,$25.56,20.48%,,,,$24.80,-2.97%,$0.00,-100.00%,$0.00,-100.00%,HDB,NYSE:HDB,-0.095,$33.77,
NYSE:HE,18 Nov 2025,$12.33,3,$11.13,7,,$13.32,-16.44%,,,,$13.09,-1.73%,-$18.51,-238.98%,-$0.10,-100.77%,HE,NYSE:HE,-0.005,$13.75,-19.05%
NYSE:HEI,2 May 2025,$235.97,3,$274.82,7,,$335.30,-29.62%,,,,$343.22,2.36%,$0.00,-100.00%,$0.00,-100.00%,HEI,NYSE:HEI,0.139,$354.11,-22.39%
NYSE:HEI.A,5 May 2025,$186.04,3,,,,$245.97,-24.37%,,,,$252.98,2.85%,$0.00,-100.00%,$0.00,-100.00%,HEI.A,NYSE:HEI.A,0.310,$280.00,
NASDAQ:HELE,3 Nov 2023,$131.05,4,,,,$27.93,369.20%,,,,$26.10,-6.55%,-$6.67,-123.88%,$22.55,-19.25%,HELE,NASDAQ:HELE,-0.204,$24.67,
NASDAQ:HFWA,19 Jun 2026,$30.72,3,$32.00,4,3.25,$28.98,6.00%,6.00%,$30.72,$32.00,$29.81,2.86%,-$95.85,-430.74%,-$96.78,-433.95%,HFWA,NASDAQ:HFWA,0.555,$30.80,3.90%
NYSE:HG,9 Sep 2025,$24.44,3,$25.43,7,,$32.61,-25.05%,,,,$33.59,3.01%,$155.67,377.37%,$158.06,384.69%,HG,NYSE:HG,0.525,$33.29,-23.61%
NYSE:HI,6 Nov 2025,$42.28,5,$32.00,7,,#N/A,#N/A,,,,,#N/A,-$2.00,#N/A,-$2.00,#N/A,HI,NYSE:HI,-2.000,,
NASDAQ:HIFS,10 Oct 2025,$271.84,3,,7,,$295.82,-8.11%,,,,$289.92,-1.99%,$0.00,-100.00%,$0.00,-100.00%,HIFS,NASDAQ:HIFS,-0.128,,
NYSE:HIMS,20 Aug 2025,$35.82,2,,,,$32.70,9.55%,,,,$32.62,-0.24%,$28.09,-14.09%,$31.80,-2.74%,HIMS,NYSE:HIMS,-0.373,$26.04,
NASDAQ:HIMX,16 Feb 2026,$9.25,5,,,,$15.74,-41.23%,,,,$18.19,15.57%,$20.28,28.85%,$21.74,38.12%,HIMX,NASDAQ:HIMX,0.403,$9.00,
NYSE:HLIO,6 Nov 2025,$52.24,3,,,,$89.57,-41.68%,,,,$94.18,5.15%,$116.27,29.80%,$134.77,50.47%,HLIO,NYSE:HLIO,0.466,$80.17,
NASDAQ:HLIT,5 Feb 2026,$11.73,3,$13.00,5,,$14.54,-19.29%,,,,$15.13,4.06%,$0.00,-100.00%,$0.00,-100.00%,HLIT,NASDAQ:HLIT,0.089,$12.71,2.28%
NASDAQ:HLMN,25 Jul 2023,$11.24,3,,,,$8.21,36.94%,,,,$7.81,-4.87%,$7.01,-14.65%,$16.42,99.98%,HLMN,NASDAQ:HLMN,-0.311,$12.12,
NYSE:HMC,26 Mar 2026,$30.58,5,,5,,$25.76,18.73%,,,,$26.15,1.51%,-$24.17,-193.84%,$11.88,-53.88%,HMC,NYSE:HMC,0.019,$28.28,
NYSE:HNI,8 Jan 2025,$45.54,2,,,,$37.33,21.99%,,,,$34.23,-8.30%,$0.00,-100.00%,$0.00,-100.00%,HNI,NYSE:HNI,-0.215,$72.00,
NASDAQ:HNRG,16 Dec 2024,$15.00,3,,8,,$17.70,-15.25%,,,,$19.64,10.96%,$27.37,54.61%,$45.68,158.09%,HNRG,NASDAQ:HNRG,0.192,$27.12,
NYSE:HOMB,2 Oct 2025,$27.30,2,$32.17,6,,$28.73,-4.99%,,,,$28.98,0.87%,$0.00,-100.00%,$0.00,-100.00%,HOMB,NYSE:HOMB,0.350,$31.29,2.81%
NASDAQ:HON,2 May 2025,$201.34,3,$227.54,6,,$227.42,-11.47%,,,,$234.65,3.18%,$244.57,7.54%,$264.95,16.50%,HON,NASDAQ:HON,0.669,$251.50,-9.53%
NASDAQ:HONE,2 Oct 2025,$15.33,3,$13.00,2,,#N/A,#N/A,,,,,#N/A,-$2.00,#N/A,-$2.00,#N/A,HONE,NASDAQ:HONE,-2.000,,
NASDAQ:HOOD,2 Sep 2025,$86.65,2,$113.71,7,,$97.22,-10.88%,,,,$109.86,13.00%,$130.85,34.59%,$132.33,36.11%,HOOD,NASDAQ:HOOD,0.615,$98.44,15.51%
NASDAQ:HOPE,2 Oct 2025,$14.53,4,$13.00,4,,$13.40,-2.99%,,,,$13.65,1.87%,-$88.51,-760.54%,-$88.79,-762.62%,HOPE,NASDAQ:HOPE,0.514,$13.62,-4.55%
NYSE:HOV,26 Mar 2025,$163.07,3,$125.00,1,,$141.91,-11.92%,,,,$124.15,-12.51%,$0.00,-100.00%,$0.00,-100.00%,HOV,NYSE:HOV,-0.432,$74.00,68.92%
NASDAQ:HOVR,12 Dec 2024,$2.00,3,,6,,$1.88,6.38%,,,,$2.17,15.43%,$1.90,1.15%,$1.91,1.41%,HOVR,NASDAQ:HOVR,0.137,$8.58,
NYSE:HP,22 Jan 2026,$39.81,4,$33.25,5,,$32.76,1.50%,,,,$36.94,12.76%,$0.00,-100.00%,$0.00,-100.00%,HP,NYSE:HP,0.460,$38.40,-13.41%
NYSE:HPE,12 Aug 2025,$26.45,3,,,,$48.75,-45.75%,,,,$51.65,5.95%,$0.00,-100.00%,$0.00,-100.00%,HPE,NYSE:HPE,0.661,$26.43,
NASDAQ:HPK,22 Sep 2025,$12.06,3,$7.00,3,,$6.78,3.24%,,,,$7.76,14.45%,-$2.01,-129.58%,$25.98,283.13%,HPK,NASDAQ:HPK,0.207,$7.88,-11.17%
NYSE:HPQ,30 Mar 2026,$24.72,3,$18.58,2,,$23.29,-20.22%,,,,$24.74,6.23%,$0.00,-100.00%,$0.00,-100.00%,HPQ,NYSE:HPQ,0.391,$19.43,-4.37%
NYSE:HRL,6 Nov 2024,$31.61,3,,,,$25.55,23.70%,,,,$25.27,-1.10%,$0.00,-100.00%,$0.00,-100.00%,HRL,NYSE:HRL,0.126,$26.75,
NASDAQ:HSAI,1 Sep 2025,$21.70,3,$27.74,9,,$15.61,39.01%,,,,$0.00,-100.00%,$16.49,5.65%,$16.51,5.75%,HSAI,NASDAQ:HSAI,-1.000,$30.43,-8.84%
NYSE:HSBC,19 Aug 2025,$64.63,3,,,,$93.85,-31.14%,,,,$99.52,6.04%,-$548.21,-684.13%,-$548.21,-684.13%,HSBC,NYSE:HSBC,0.567,$95.75,
NASDAQ:HSIC,20 Aug 2025,$69.76,3,,,,$82.82,-15.77%,,,,$79.23,-4.33%,$0.00,-100.00%,$0.00,-100.00%,HSIC,NASDAQ:HSIC,-0.280,$89.54,
NASDAQ:HSII,15 Dec 2025,$59.01,1,,1,,#N/A,#N/A,,,,,#N/A,-$2.00,#N/A,-$2.00,#N/A,HSII,NASDAQ:HSII,-2.000,,
NASDAQ:HST,20 Apr 2026,$19.63,3,$21.71,6,,$24.58,-20.15%,,,,$26.09,6.14%,$49.51,101.44%,$69.91,184.40%,HST,NASDAQ:HST,0.475,$22.25,-2.43%
NYSE:HTB,19 Nov 2025,$38.55,3,,,,$48.98,-21.29%,,,,$50.07,2.23%,-$87.20,-278.02%,-$90.77,-285.32%,HTB,NYSE:HTB,0.177,$48.62,
NASDAQ:HTBK,13 Apr 2026,$12.56,3,$15.00,6,,#N/A,#N/A,,,,,#N/A,-$2.00,#N/A,-$2.00,#N/A,HTBK,NASDAQ:HTBK,-2.000,,
NASDAQ:HTZ,22 Dec 2023,$16.71,3,,,,$2.99,458.86%,,,,$5.02,67.89%,-$61.77,-2165.92%,$36.57,1122.93%,HTZ,NASDAQ:HTZ,-0.408,$4.43,
NYSE:HUBS,8 Jul 2024,$562.84,3,,,,$180.73,211.42%,,,,$171.46,-5.13%,$345.02,90.90%,$381.50,111.09%,HUBS,NYSE:HUBS,-0.516,$344.71,
NYSE:HUYA,26 Aug 2025,$4.89,4,$5.00,7,,$2.23,119.24%,,,,$2.22,-0.45%,$0.34,-84.85%,$0.34,-84.85%,HUYA,NYSE:HUYA,-0.453,$4.06,23.15%
NYSE:HVT,20 Mar 2026,$26.93,4,,4,,$25.43,5.88%,,,,$25.41,-0.08%,$22.50,-11.53%,$37.96,49.28%,HVT,NYSE:HVT,0.368,$30.00,
NASDAQ:HWC,10 Oct 2025,$58.42,2,,,,$73.00,-19.97%,,,,$74.08,1.48%,$0.00,-100.00%,$0.00,-100.00%,HWC,NASDAQ:HWC,0.390,$76.44,
NYSE:HWM,3 Sep 2025,$148.98,2,,,,$276.06,-46.04%,,,,,-100.00%,-$2.00,-100.72%,-$2.00,-100.72%,HWM,NYSE:HWM,-2.000,,
NASDAQ:IART,11 Dec 2025,$22.26,3,$12.33,2,,$17.78,-30.65%,,,,$16.94,-4.72%,$0.00,-100.00%,$0.00,-100.00%,IART,NASDAQ:IART,-0.707,$15.67,-21.31%
NASDAQ:IBEX,30 Jan 2026,$37.25,3,$41.00,9,,$29.92,24.49%,,,,$30.62,2.34%,$61.51,105.60%,$75.24,151.48%,IBEX,NASDAQ:IBEX,0.027,$37.50,9.33%
NASDAQ:IBKR,23 Aug 2025,$51.95,1,$67.92,10,,$92.79,-44.01%,,,,$98.84,6.52%,$0.00,-100.00%,$0.00,-100.00%,IBKR,NASDAQ:IBKR,0.271,$78.30,-13.26%
NYSE:IBM,27 Jan 2026,$263.05,1,$321.27,10,,$262.96,0.03%,,,,$273.71,4.09%,$378.63,43.99%,$468.76,78.26%,IBM,NYSE:IBM,0.263,$298.83,7.51%
NYSE:IBN,2 Oct 2025,$29.15,3,,3,,$29.00,0.52%,,,,$27.92,-3.72%,$121.10,317.59%,$124.21,328.30%,IBN,NYSE:IBN,-0.342,$35.38,
NASDAQ:IBOC,1 Jun 2026,$77.76,3,,4,3.25,$76.46,1.70%,1.70%,$77.76,$87.00,$78.79,3.05%,$33.83,-55.75%,$40.89,-46.52%,IBOC,NASDAQ:IBOC,0.514,$87.00,
NYSE:IBP,7 Jan 2025,$148.52,2,$231.00,6,,$223.30,-33.49%,,,,$211.80,-5.15%,$295.78,32.46%,$388.04,73.78%,IBP,NYSE:IBP,-0.019,$289.25,-20.14%
NYSE:ICE,24 Oct 2025,$156.00,3,,,,$130.02,19.98%,,,,$139.08,6.97%,$7.14,-94.51%,$53.30,-59.01%,ICE,NYSE:ICE,0.665,$200.67,
NASDAQ:ICHR,2 Jan 2026,$31.56,3,$24.80,2,,$89.38,-72.25%,,,,$96.65,8.13%,$98.53,10.23%,$109.18,22.15%,ICHR,NASDAQ:ICHR,0.461,$50.43,-50.82%
NASDAQ:ICON,23 Jan 2026,$3.43,3,$2.00,,,$0.85,135.29%,,,,$0.88,3.53%,$0.00,-100.00%,$0.00,-100.00%,ICON,NASDAQ:ICON,-0.393,$10.00,-80.00%
NYSE:IDA,18 Sep 2025,$114.64,2,,,,$147.27,-22.16%,,,,$148.85,1.07%,$7.32,-95.03%,$52.99,-64.02%,IDA,NYSE:IDA,0.284,$154.56,
NASDAQ:IDCC,21 Jan 2026,$317.69,3,,,,$274.05,15.92%,,,,$278.31,1.55%,$331.25,20.87%,$382.20,39.46%,IDCC,NASDAQ:IDCC,-0.163,$462.67,
NASDAQ:IEP,22 Nov 2023,$27.45,3,,,,$7.23,279.61%,,,,$7.49,3.60%,$60.69,739.37%,$59.79,727.01%,IEP,NASDAQ:IEP,0.340,$12.00,
NASDAQ:IESC,23 Aug 2025,$257.92,2,,,,$747.49,-65.50%,,,,$764.03,2.21%,$789.78,5.66%,$831.84,11.28%,IESC,NASDAQ:IESC,0.492,$700.00,
NYSE:IEX,28 Oct 2025,$189.30,3,$194.86,8,,$222.16,-14.79%,,,,$230.37,3.70%,$245.65,10.58%,$273.41,23.07%,IEX,NYSE:IEX,0.399,$236.64,-17.66%
NYSE:IFS,27 May 2026,$48.43,3,$61.50,9,3.25,$54.76,-11.56%,-11.56%,$48.43,$61.50,$57.89,5.72%,$540.36,886.79%,$782.12,1328.26%,IFS,NYSE:IFS,0.306,$54.58,12.68%
NASDAQ:IGIC,23 Jun 2026,$24.69,3,,,3.75,$25.74,-4.08%,-4.08%,$24.69,$30.00,$27.00,4.90%,$9.56,-62.87%,$9.56,-62.87%,IGIC,NASDAQ:IGIC,0.743,$30.00,
NYSE:IHS,4 Mar 2026,$6.80,2,$8.50,7,,$8.18,-16.87%,,,,$8.50,3.91%,$11.26,37.60%,$25.85,216.00%,IHS,NYSE:IHS,0.508,$9.00,-5.56%
NASDAQ:III,5 Feb 2026,$5.27,3,$6.50,8,,$4.10,28.61%,,,,$4.02,-1.95%,$0.00,-100.00%,$0.00,-100.00%,III,NASDAQ:III,-0.072,$6.67,-2.55%
NASDAQ:IMKTA,19 Mar 2026,$96.09,3,,5,,$90.38,6.32%,,,,$91.72,1.48%,$65.22,-27.84%,$148.00,63.75%,IMKTA,NASDAQ:IMKTA,0.126,,
NASDAQ:IMMP,15 Dec 2025,$2.06,3,$12.00,7,,$0.39,428.82%,,,,,-100.00%,-$2.00,-612.82%,-$2.00,-612.82%,IMMP,NASDAQ:IMMP,-2.000,,
NYSEAMERICAN:IMO,24 Oct 2025,$89.93,1,,,,$112.50,-20.06%,,,,$119.40,6.13%,$104.51,-7.10%,$149.71,33.07%,IMO,NYSEAMERICAN:IMO,0.623,$96.42,
NASDAQ:IMOS,28 Jan 2026,$41.27,3,,6,,$62.80,-34.28%,,,,$68.78,9.52%,$100.04,59.30%,$156.23,148.77%,IMOS,NASDAQ:IMOS,0.463,$20.00,
NASDAQ:IMPP,16 Feb 2026,$3.71,3,$6.00,7,,$4.93,-24.68%,,,,$5.22,5.88%,$0.00,-100.00%,$0.00,-100.00%,IMPP,NASDAQ:IMPP,0.291,$8.00,-25.00%
NASDAQ:IMRN,15 Dec 2025,$1.93,4,,,,$1.08,78.83%,,,,,-100.00%,-$2.00,-285.19%,-$2.00,-285.19%,IMRN,NASDAQ:IMRN,-2.000,,
NASDAQ:IMXI,14 Feb 2026,$28.35,3,,3,,$13.31,113.00%,,,,$13.77,3.46%,$56.00,320.75%,$54.37,308.48%,IMXI,NASDAQ:IMXI,-0.327,$16.00,
NASDAQ:INDB,20 Mar 2026,$77.46,3,$86.67,6,,$83.84,-7.61%,,,,$85.01,1.40%,$0.00,-100.00%,$0.00,-100.00%,INDB,NASDAQ:INDB,0.239,$90.17,-3.88%
NASDAQ:INDI,16 Feb 2026,$5.81,4,$8.00,5,,$3.57,62.65%,,,,$4.10,14.85%,$1.13,-68.22%,$1.78,-50.10%,INDI,NASDAQ:INDI,0.350,$6.04,32.45%
NYSE:ING,27 Aug 2025,$23.00,3,,,,$31.05,-25.93%,,,,$32.61,5.02%,-$215.15,-792.90%,-$207.39,-767.93%,ING,NYSE:ING,0.244,$30.80,
NYSE:INGM,22 Feb 2026,$26.24,5,,,,$27.63,-5.03%,,,,$29.83,7.96%,$31.25,13.10%,$28.95,4.77%,INGM,NYSE:INGM,0.605,$31.35,
NASDAQ:INGN,11 Dec 2025,$9.54,4,$13.00,6,,$6.76,41.18%,,,,$6.37,-5.77%,$5.62,-16.87%,$8.51,25.92%,INGN,NASDAQ:INGN,-0.519,$12.67,2.60%
NYSE:INGR,26 Aug 2025,$23.71,3,,,,$98.11,-75.83%,,,,$97.85,-0.27%,$0.00,-100.00%,$0.00,-100.00%,INGR,NYSE:INGR,-0.224,$127.67,
NASDAQ:INOD,26 Jan 2026,$55.24,3,,,,$81.55,-32.26%,,,,$87.71,7.55%,$102.17,25.29%,$105.17,28.96%,INOD,NASDAQ:INOD,-0.041,$91.25,
NASDAQ:INSG,5 Feb 2026,$12.35,3,,,,$9.93,24.39%,,,,$10.55,6.24%,$37.83,280.94%,$46.56,368.89%,INSG,NASDAQ:INSG,0.297,$20.50,
NYSE:INSP,4 Dec 2025,$192.39,3,$117.67,8,,$43.20,172.38%,,,,$41.50,-3.94%,$105.95,145.26%,$112.19,159.70%,INSP,NYSE:INSP,-0.339,$72.25,62.87%
NASDAQ:INTA,22 Jan 2026,$50.05,3,$50.05,6,,$22.67,120.78%,,,,$20.84,-8.07%,$25.11,10.76%,$28.20,24.41%,INTA,NASDAQ:INTA,-0.347,$41.00,22.07%
NASDAQ:INTC,19 Jan 2026,$31.91,1,$42.36,6,,$131.91,-75.81%,,,,$146.41,10.99%,$127.33,-3.47%,$158.22,19.94%,INTC,NASDAQ:INTC,0.584,$52.26,-18.94%
NASDAQ:INTR,24 Jun 2026,$6.34,4,$8.60,7,3.5,$5.28,20.08%,20.08%,$6.34,$10.44,$5.43,2.84%,-$3.52,-166.70%,-$0.54,-110.22%,INTR,NASDAQ:INTR,0.070,$10.44,-17.62%
NYSE:INVH,16 Sep 2025,$35.78,5,$35.79,1,,$29.64,20.73%,,,,$30.00,1.21%,$40.05,35.13%,$62.07,109.40%,INVH,NYSE:INVH,0.477,$31.14,14.93%
NYSE:IONQ,23 Dec 2025,$39.58,3,$75.91,9,,$53.60,-26.15%,,,,$55.85,4.20%,$0.00,-100.00%,$0.00,-100.00%,IONQ,NYSE:IONQ,-0.528,$64.56,17.58%
NYSE:IP,10 Jul 2025,$49.22,3,$190.70,,,$38.30,#REF!,,,,$37.82,-1.25%,$17.45,-54.44%,$84.09,119.56%,IP,NYSE:IP,0.045,$43.43,339.10%
NASDAQ:IPGP,4 Feb 2026,$89.57,3,,,,$107.72,-16.85%,,,,$114.75,6.53%,$146.39,35.90%,$157.95,46.63%,IPGP,NASDAQ:IPGP,0.063,$144.75,
NASDAQ:IPWR,9 Feb 2026,$5.25,3,,4,,$5.26,-0.19%,,,,$6.46,22.81%,$4.09,-22.26%,$4.14,-21.30%,IPWR,NASDAQ:IPWR,0.180,$10.75,
NASDAQ:IQ,29 Nov 2024,$3.18,3,,,,$1.01,214.65%,,,,$0.98,-2.97%,$4.10,305.63%,-$0.16,-115.69%,IQ,NASDAQ:IQ,-0.856,$1.82,
NYSE:IR,11 Nov 2025,$79.48,3,$87.67,6,,$78.32,1.48%,,,,$79.71,1.77%,$101.99,30.22%,$115.72,47.75%,IR,NYSE:IR,0.124,$94.67,-7.39%
NASDAQ:IREN,11 Dec 2025,$45.06,3,$84.00,6,,$50.28,-10.38%,,,,$58.94,17.22%,$49.05,-2.45%,$57.56,14.47%,IREN,NASDAQ:IREN,0.303,$70.40,19.32%
NYSE:IRM,19 Aug 2025,$97.43,3,$116.80,3,,$130.59,-25.39%,,,,$136.45,4.49%,$60.53,-53.65%,$62.13,-52.42%,IRM,NYSE:IRM,0.216,$128.55,-9.14%
NASDAQ:IRMD,4 Dec 2025,$84.32,3,$99.00,8,,$94.66,-10.92%,,,,$94.98,0.34%,$134.60,42.20%,$136.87,44.59%,IRMD,NASDAQ:IRMD,0.053,$118.67,-16.58%
NYSE:IRS,13 Mar 2026,$17.95,5,$23.00,6,,$15.84,13.32%,,,,$16.09,1.58%,"-$7,326.18",-46351.15%,"-$19,300.28",-121945.23%,IRS,NYSE:IRS,-0.156,$21.33,7.83%
NASDAQ:IRTC,11 Dec 2025,$121.66,2,$220.38,6,,$112.47,8.17%,,,,$104.94,-6.70%,$101.26,-9.97%,$109.01,-3.07%,IRTC,NASDAQ:IRTC,-0.311,$195.00,13.02%
NASDAQ:ISRG,19 Jul 2024,$316.11,1,,,,$401.83,-21.33%,,,,$400.58,-0.31%,$546.63,36.03%,$583.42,45.19%,ISRG,NASDAQ:ISRG,-0.373,$577.01,
NASDAQ:ISTR,1 Jun 2026,$27.26,3,$31.50,6,3.25,$29.97,-9.06%,-9.06%,$27.26,$33.17,$30.69,2.40%,$0.00,-100.00%,$0.00,-100.00%,ISTR,NASDAQ:ISTR,0.282,$33.17,-5.03%
NYSE:IT,25 Feb 2026,$197.67,3,187,2,,$130.47,46.16%,,,,$128.62,-1.42%,$0.00,-100.00%,$0.00,-100.00%,IT,NYSE:IT,-0.202,$173.00,8.09%
NYSE:ITGR,11 Dec 2025,$113.99,3,$91.50,2,,$91.38,0.13%,,,,$87.93,-3.78%,$47.54,-47.97%,$116.25,27.22%,ITGR,NYSE:ITGR,-0.133,$95.00,-3.68%
NASDAQ:ITIC,29 Jan 2025,$206.10,3,,7,,$264.64,-22.12%,,,,$269.40,1.80%,$357.35,35.03%,$397.29,50.12%,ITIC,NASDAQ:ITIC,0.055,$39.00,
NASDAQ:ITRI,21 May 2026,$114.84,5,$126.20,4,,$81.61,40.72%,,,,$84.49,3.53%,$177.65,117.68%,$181.59,122.51%,ITRI,NASDAQ:ITRI,0.476,$135.00,-6.52%
NASDAQ:ITRN,18 Feb 2026,$47.36,3,$50.00,8,,$61.85,-23.42%,,,,$68.10,10.11%,$148.00,139.29%,$165.04,166.83%,ITRN,NASDAQ:ITRN,0.528,$60.67,-17.59%
NYSE:ITT,16 Feb 2026,$184.72,1,$225.86,10,,$194.60,-5.07%,,,,$201.45,3.52%,$0.00,-100.00%,$0.00,-100.00%,ITT,NYSE:ITT,0.229,$235.58,-4.13%
NYSE:ITUB,10 Mar 2026,$7.88,3,$9.00,9,,$7.88,0.00%,,,,$8.17,3.68%,$14.84,88.32%,$19.03,141.52%,ITUB,NYSE:ITUB,0.249,$8.36,7.66%
NYSE:ITW,11 Nov 2025,$245.17,2,$257.11,6,,$263.68,-7.02%,,,,$273.86,3.86%,$322.01,22.12%,$336.04,27.44%,ITW,NYSE:ITW,0.557,$276.12,-6.88%
NYSE:IX,11 Dec 2025,$27.24,3,,5,,$38.35,-28.97%,,,,$39.41,2.76%,$94.98,147.67%,$65.11,69.79%,IX,NYSE:IX,-0.063,$34.66,
NASDAQ:IXHL,11 Dec 2025,$0.76,3,,,,$3.25,-76.77%,,,,$3.10,-4.62%,$5.53,70.29%,$5.67,74.36%,IXHL,NASDAQ:IXHL,-0.645,,
NYSE:JBGS,23 Dec 2025,$16.92,3,$17.50,1,,$14.37,17.77%,,,,$14.88,3.55%,$0.00,-100.00%,$0.00,-100.00%,JBGS,NYSE:JBGS,0.187,$14.50,20.69%
NYSE:JBTM,28 Oct 2025,$114.25,3,,,,$134.46,-15.03%,,,,$130.29,-3.10%,$135.17,0.53%,$196.95,46.47%,JBTM,NYSE:JBTM,-0.038,$183.50,
NYSE:JCI,4 Jan 2026,$97.19,1,$128.78,9,,$142.81,-31.95%,,,,$142.90,0.06%,$0.00,-100.00%,$0.00,-100.00%,JCI,NYSE:JCI,-0.069,$144.86,-11.10%
NASDAQ:JD,1 Apr 2026,$43.40,3,$34.69,3,,$25.48,36.15%,,,,$26.10,2.43%,$150.15,489.27%,$152.05,496.75%,JD,NASDAQ:JD,-0.374,$39.77,-12.77%
NYSE:JEF,23 Aug 2025,$58.78,3,,,,$57.94,1.46%,,,,$63.59,9.75%,$0.00,-100.00%,$0.00,-100.00%,JEF,NYSE:JEF,0.341,$54.00,
NYSE:JELD,25 Oct 2024,$18.28,3,,,,$1.69,981.42%,,,,$1.52,-10.06%,-$17.77,-1151.65%,$0.10,-94.31%,JELD,NYSE:JELD,-0.210,$2.19,
NASDAQ:JFIN,1 Sep 2025,$12.96,3,,7,,$3.01,330.53%,,,,,-100.00%,-$2.00,-166.45%,-$2.00,-166.45%,JFIN,NASDAQ:JFIN,-2.000,,
NYSE:JHX,22 Aug 2025,$30.58,3,$26.94,8,,$25.82,4.34%,,,,$24.37,-5.62%,$18.46,-28.50%,$27.10,4.94%,JHX,NYSE:JHX,-0.078,$29.36,-8.24%
NYSE:JILL,3 Jan 2025,$36.04,3,$36.67,6,,$14.97,140.73%,,,,$14.46,-3.41%,$0.00,-100.00%,$0.00,-100.00%,JILL,NYSE:JILL,-0.316,$14.50,152.90%
NASDAQ:JJSF,31 Jan 2025,$136.25,3,$200.00,3,,$74.91,81.88%,,,,$71.62,-4.39%,$0.00,-100.00%,$0.00,-100.00%,JJSF,NASDAQ:JJSF,-0.452,$110.00,81.82%
NASDAQ:JKHY,27 Jan 2026,$182.29,3,,,,$128.06,42.35%,,,,$130.34,1.78%,$235.58,83.96%,$285.59,123.02%,JKHY,NASDAQ:JKHY,0.368,$198.07,
NYSE:JKS,9 Feb 2026,$25.42,3,$23.33,6,,$17.27,35.09%,,,,,-100.00%,-$2.00,-111.58%,-$2.00,-111.58%,JKS,NYSE:JKS,-2.000,,
NYSE:JOBY,7 Jul 2025,$8.26,2,,,,$9.28,-11.03%,,,,$9.45,1.83%,$8.22,-11.41%,$8.31,-10.43%,JOBY,NYSE:JOBY,-0.434,$11.79,
NYSE:JOE,4 Sep 2025,$58.64,3,,4,,$66.82,-12.24%,,,,$66.16,-0.99%,$100.41,50.27%,$114.70,71.65%,JOE,NYSE:JOE,-0.025,$19.00,
NYSE:KAI,11 Nov 2025,$276.48,3,$360.00,2,,$308.39,-10.35%,,,,$314.26,1.90%,$0.00,-100.00%,$0.00,-100.00%,KAI,NYSE:KAI,0.199,$341.00,5.57%
NASDAQ:KALU,23 Jun 2026,$168.39,3,$161.67,6,3.5,$174.87,-7.55%,-7.55%,$161.67,$168.39,$189.92,8.61%,$249.14,42.47%,$345.72,97.70%,KALU,NASDAQ:KALU,0.733,$165.25,-2.17%
NASDAQ:KARO,23 Aug 2025,$42.41,2,,,,$47.95,-11.55%,,,,,-100.00%,-$2.00,-104.17%,-$2.00,-104.17%,KARO,NASDAQ:KARO,-2.000,,
NYSE:KB,19 Nov 2025,$83.35,3,,,,$99.91,-16.57%,,,,$101.14,1.23%,"$783,005.54",783610.88%,"$934,949.82",935692.03%,KB,NYSE:KB,-0.326,$127.27,
NYSE:KBH,27 Apr 2026,$73.02,5,$56.73,6,,$61.51,-7.77%,,,,$54.42,-11.53%,$0.00,-100.00%,$0.00,-100.00%,KBH,NYSE:KBH,0.264,$55.46,2.29%
NYSE:KD,9 Feb 2026,$28.74,3,$34.00,5,,$11.10,158.92%,,,,$11.49,3.51%,$4.49,-59.53%,$140.15,1162.60%,KD,NYSE:KD,0.166,$14.70,131.29%
NASDAQ:KDP,19 Jun 2026,$36.23,3,$31.83,9,3.5,$31.39,1.40%,1.40%,$31.83,$36.23,$32.14,2.39%,$8.86,-71.78%,$16.59,-47.16%,KDP,NASDAQ:KDP,0.475,$33.25,-4.27%
NYSE:KEP,23 Dec 2025,$17.51,3,$20.00,4,,$12.15,44.11%,,,,$11.89,-2.14%,"-$136,994.71",-1127628.48%,"-$60,358.46",-496877.47%,KEP,NYSE:KEP,-0.179,$16.00,25.00%
NYSE:KEY,20 Mar 2026,$21.47,3,$24.04,3,,$23.12,-7.14%,,,,$23.48,1.56%,$0.00,-100.00%,$0.00,-100.00%,KEY,NYSE:KEY,0.101,$24.76,-2.91%
NYSE:KGC,14 Aug 2025,$8.59,1,,,,$23.70,-63.76%,,,,$25.19,6.29%,$68.01,186.98%,$84.26,255.52%,KGC,NYSE:KGC,-0.130,$40.55,
NASDAQ:KIDS,11 Dec 2025,$25.39,3,$24.00,6,,$19.14,25.39%,,,,$18.14,-5.22%,$24.75,29.30%,$36.00,88.10%,KIDS,NASDAQ:KIDS,-0.348,$24.89,-3.58%
NYSE:KIM,19 Sep 2025,$25.08,5,$24.84,7,,$25.42,-2.28%,,,,$26.02,2.36%,$29.82,17.33%,$44.46,74.90%,KIM,NYSE:KIM,0.524,$25.22,-1.51%
NASDAQ:KLAC,4 Jan 2026,"$1,084.54",2,"$1,372.72",8,,$240.48,350.99%,,,,$260.33,8.25%,$499.33,107.64%,$548.97,128.28%,KLAC,NASDAQ:KLAC,0.610,"$1,814.28",-24.34%
NYSE:KLC,14 Jan 2026,$8.03,3,$5.70,3,,$4.18,36.36%,,,,$4.36,4.31%,$0.09,-97.77%,-$13.66,-426.89%,KLC,NYSE:KLC,0.010,$3.19,78.68%
NASDAQ:KLIC,23 Aug 2025,$42.70,3,,,,$123.32,-65.38%,,,,$133.62,8.35%,$154.52,25.30%,$156.86,27.20%,KLIC,NASDAQ:KLIC,0.479,$71.67,
NYSE:KMT,26 Aug 2025,$29.15,5,$22.25,5,,$34.45,-35.41%,,,,$36.50,5.95%,$42.61,23.70%,$58.53,69.90%,KMT,NYSE:KMT,0.310,$37.57,-40.78%
NYSE:KN,2 Feb 2026,$24.86,3,,,,$40.15,-38.08%,,,,$42.48,5.80%,$56.13,39.79%,$58.94,46.80%,KN,NYSE:KN,0.211,$36.25,
NYSE:KOF,16 Jun 2026,$111.51,3,$115.00,5,3.5,$104.69,6.51%,6.51%,$111.51,$115.81,$112.82,7.77%,$396.24,278.49%,$338.68,223.50%,KOF,NYSE:KOF,0.602,$115.81,-0.70%
NASDAQ:KOPN,16 Feb 2026,$2.24,3,,6,,$3.85,-41.71%,,,,$4.51,17.14%,$3.82,-0.85%,$3.83,-0.59%,KOPN,NASDAQ:KOPN,0.180,$5.15,
NYSE:KR,2 Jan 2026,$62.39,3,,,,$58.48,6.69%,,,,$58.81,0.56%,$0.00,-100.00%,$0.00,-100.00%,KR,NYSE:KR,0.225,$75.45,
NASDAQ:KRNT,6 Nov 2025,$18.46,3,$23.50,4,,$15.95,15.74%,,,,$17.12,7.34%,$17.03,6.76%,$19.80,24.15%,KRNT,NASDAQ:KRNT,0.171,$22.62,3.89%
NASDAQ:KRT,16 Sep 2025,$27.50,4,$31.50,2,,$30.66,-10.30%,,,,$30.53,-0.42%,$71.69,133.83%,$118.70,287.15%,KRT,NASDAQ:KRT,0.090,$29.50,6.78%
NASDAQ:KSPI,11 Feb 2026,$112.77,3,$92.50,6,,$85.80,7.81%,,,,$83.93,-2.18%,$138.44,61.35%,$139.60,62.70%,KSPI,NASDAQ:KSPI,-0.023,$99.68,-7.20%
NYSE:KSS,25 Jul 2023,$47.54,3,,,,$18.91,151.42%,,,,$17.35,-8.25%,$0.00,-100.00%,$0.00,-100.00%,KSS,NYSE:KSS,-0.052,$17.46,
NYSEAMERICAN:KULR,4 Feb 2026,,,$3.36,1,,$3.69,-8.94%,,,,$3.78,2.44%,$0.00,-100.00%,$0.00,-100.00%,KULR,NYSEAMERICAN:KULR,-0.181,$8.00,-58.00%
NYSE:KVUE,14 Aug 2025,$22.53,4,$23.83,8,,$18.80,19.84%,,,,$18.10,-3.72%,$24.52,30.44%,$27.45,46.04%,KVUE,NYSE:KVUE,-0.273,$19.58,21.71%
NYSE:KVYO,22 Jan 2026,$29.82,3,$42.31,7,,$14.06,112.11%,,,,$13.05,-7.18%,$38.90,176.70%,$40.34,186.89%,KVYO,NYSE:KVYO,-0.467,$31.23,35.48%
NYSE:KWR,7 Dec 2023,$246.30,3,,,,$153.66,60.29%,,,,$156.00,1.52%,$217.78,41.73%,$164.08,6.78%,KWR,NYSE:KWR,0.386,$170.33,
NASDAQ:LAB,11 Dec 2025,$2.34,3,$1.35,8,,$0.75,80.00%,,,,$0.77,2.67%,$0.11,-84.78%,$0.22,-71.01%,LAB,NASDAQ:LAB,-0.333,$1.55,-12.90%
NYSE:LAC,2 Sep 2025,$4.84,5,$4.00,4,,$3.94,1.52%,,,,$4.14,5.08%,$0.00,-99.94%,$0.01,-99.73%,LAC,NYSE:LAC,-0.259,$6.10,-34.43%
NYSE:LAD,6 Feb 2026,$430.33,5,$385.50,5,,$305.30,26.27%,,,,$290.86,-4.73%,-$361.06,-218.26%,-$290.75,-195.23%,LAD,NYSE:LAD,-0.523,$372.07,3.61%
NASDAQ:LAKE,31 Dec 2025,$12.09,4,$18.50,6,,$10.97,10.21%,,,,$10.26,-6.47%,$0.00,-100.00%,$0.00,-100.00%,LAKE,NASDAQ:LAKE,0.229,$14.00,32.14%
NASDAQ:LAMR,16 Sep 2025,$136.02,4,$129.00,9,,$153.73,-16.09%,,,,$156.79,1.99%,$0.00,-100.00%,$0.00,-100.00%,LAMR,NASDAQ:LAMR,0.043,$139.80,-7.73%
NASDAQ:LASR,27 Jan 2026,$28.42,2,,,,$63.81,-55.46%,,,,$70.65,10.72%,$0.00,-100.00%,$0.00,-100.00%,LASR,NASDAQ:LASR,0.386,$75.50,
NASDAQ:LAUR,15 Oct 2025,$28.37,2,,,,$36.85,-23.01%,,,,$38.29,3.91%,$45.05,22.25%,$59.85,62.43%,LAUR,NASDAQ:LAUR,0.142,$40.08,
NYSE:LB,26 Aug 2025,$40.37,2,,,,$61.42,-34.28%,,,,$66.87,8.87%,$83.03,35.18%,$89.46,45.65%,LB,NYSE:LB,0.490,$80.57,
NYSE:LC,16 Mar 2026,$17.29,4,$24.00,6,,#N/A,#N/A,,,,$19.65,#N/A,-$118.85,#N/A,-$117.63,#N/A,LC,NYSE:LC,0.250,$23.05,4.12%
NASDAQ:LCID,15 Dec 2025,$16.47,3,$17.00,3,,$5.14,220.35%,,,,$5.04,-1.95%,$0.00,-100.00%,$0.00,-100.00%,LCID,NASDAQ:LCID,-0.524,$12.77,33.12%
NYSE:LDOS,17 Feb 2026,$176.70,3,$202.40,10,,$104.32,69.38%,,,,$107.37,2.92%,$0.00,-100.00%,$0.00,-100.00%,LDOS,NYSE:LDOS,0.036,$199.21,1.60%
NASDAQ:LECO,31 May 2024,$190.67,3,,,,$268.91,-29.10%,,,,$279.01,3.76%,$299.26,11.29%,$323.97,20.47%,LECO,NASDAQ:LECO,0.055,$290.44,
NYSE:LEN,21 Feb 2026,$150.73,5,$98.80,4,,$92.95,6.29%,,,,$88.44,-4.85%,$0.00,-100.00%,$0.00,-100.00%,LEN,NYSE:LEN,-0.069,$94.00,5.11%
NYSE:LEN.B,19 Feb 2026,$140.83,5,,,,$91.17,54.47%,,,,$86.23,-5.42%,$0.00,-100.00%,$0.00,-100.00%,LEN.B,NYSE:LEN.B,-0.023,,
NASDAQ:LENZ,15 May 2025,$26.93,3,$47.14,9,,$5.57,383.54%,,,,$6.02,8.08%,$0.81,-85.39%,$0.74,-86.67%,LENZ,NASDAQ:LENZ,0.031,$39.57,19.13%
NYSEAMERICAN:LEU,23 Dec 2025,$221.63,3,$289.10,9,,$171.13,29.51%,,,,,-100.00%,-$2.00,-101.17%,-$2.00,-101.17%,LEU,NYSE:LEU,-2.000,,
NASDAQ:LFUS,30 Jan 2026,$287.28,3,$366.67,8,,$463.69,-38.04%,,,,$466.50,0.61%,$0.00,-100.00%,$0.00,-100.00%,LFUS,NASDAQ:LFUS,-0.012,$398.00,-7.87%
NASDAQ:LFVN,16 Sep 2025,$9.29,3,,,,$6.23,49.12%,,,,$6.12,-1.77%,$12.58,101.88%,$15.64,151.02%,LFVN,NASDAQ:LFVN,-0.234,$8.00,
NASDAQ:LFWD,4 Dec 2025,$1.24,3,$4.50,,,$6.94,-82.10%,,,,,-100.00%,-$2.00,-128.82%,-$2.00,-128.82%,LFWD,NASDAQ:LFWD,-2.000,,
NASDAQ:LGHL,1 Sep 2025,$2.89,3,,,,$0.46,528.70%,,,,,-100.00%,-$2.00,-534.78%,-$2.00,-534.78%,LGHL,NASDAQ:LGHL,-2.000,,
NASDAQ:LGIH,10 Apr 2026,$71.78,3,$38.00,3,,$61.44,-38.15%,,,,$55.63,-9.46%,$25.59,-58.34%,$27.08,-55.93%,LGIH,NASDAQ:LGIH,-0.128,$67.00,-43.28%
NYSE:LH,19 May 2025,$246.54,3,$276.82,5,,$265.18,-7.03%,,,,$257.92,-2.74%,$202.92,-23.48%,$285.50,7.66%,LH,NYSE:LH,-0.297,$310.06,-10.72%
NASDAQ:LI,15 Dec 2025,$17.08,1,,1,,$12.39,37.85%,,,,$11.82,-4.60%,$82.73,567.72%,$87.01,602.26%,LI,NASDAQ:LI,-0.948,$21.20,
NASDAQ:LIF,22 Jan 2026,$44.97,2,$89.23,1,,$49.42,-9.01%,,,,$46.43,-6.05%,$67.41,36.41%,$69.62,40.88%,LIF,NASDAQ:LIF,-0.325,$66.37,34.44%
NYSE:LII,26 Aug 2025,$486.80,1,,,,$551.75,-11.77%,,,,$544.03,-1.40%,"$1,115.39",102.16%,"$1,177.82",113.47%,LII,NYSE:LII,0.305,$546.12,
NASDAQ:LIN,8 Jul 2024,$400.00,0,,,,$515.73,-22.44%,,,,$542.26,5.14%,$647.47,25.54%,$787.68,52.73%,LIN,NASDAQ:LIN,0.585,$516.41,
NASDAQ:LITE,2 Feb 2026,$174.97,1,,,,$842.95,-79.24%,,,,$872.77,3.54%,$0.00,-100.00%,$0.00,-100.00%,LITE,NASDAQ:LITE,0.128,$904.89,
NASDAQ:LIVN,11 Dec 2025,$69.34,3,$65.83,9,,$79.95,-17.66%,,,,$78.39,-1.95%,$122.96,53.79%,$141.09,76.48%,LIVN,NASDAQ:LIVN,-0.374,$79.18,-16.86%
NASDAQ:LKFN,19 Nov 2025,$61.67,3,,,,$61.59,0.13%,,,,$63.03,2.34%,-$137.22,-322.80%,-$134.48,-318.35%,LKFN,NASDAQ:LKFN,0.332,$65.50,
NASDAQ:LKQ,15 May 2025,$47.72,5,$53.00,8,,$26.23,81.93%,,,,$26.03,-0.76%,$30.75,17.23%,$5.27,-79.92%,LKQ,NASDAQ:LKQ,0.013,$40.81,29.87%
NYSE:LMT,23 Dec 2025,$488.93,3,$524.93,7,,$491.64,-0.55%,,,,$524.98,6.78%,$712.44,44.91%,$789.06,60.50%,LMT,NYSE:LMT,0.700,$668.00,-21.42%
NYSE:LOB,18 Nov 2025,$45.74,3,$42.50,4,,$40.30,5.46%,,,,$40.58,0.69%,-$178.11,-541.97%,-$170.79,-523.81%,LOB,NYSE:LOB,0.077,$44.00,-3.41%
NYSE:LOMA,16 Dec 2025,$12.58,3,,7,,$11.44,9.97%,,,,$11.70,2.27%,$20.37,78.10%,$28.29,147.27%,LOMA,NYSE:LOMA,-0.451,$14.90,
NASDAQ:LOVE,30 Aug 2023,$33.25,3,,,,$16.03,107.40%,,,,$14.48,-9.67%,$0.00,-100.00%,$0.00,-100.00%,LOVE,NASDAQ:LOVE,-0.421,$24.17,
NASDAQ:LPRO,23 Aug 2025,$2.92,3,$2.58,2,,$3.13,-17.57%,,,,$3.16,0.96%,$5.62,79.49%,$5.89,88.10%,LPRO,NASDAQ:LPRO,-0.017,$2.38,8.40%
NASDAQ:LPTH,29 Jan 2026,$6.12,3,$12.67,8,,$13.01,-52.96%,,,,$14.75,13.37%,$15.41,18.48%,"$2,520.43",19273.00%,LPTH,NASDAQ:LPTH,0.151,$15.10,-16.09%
NYSE:LPX,9 May 2025,$89.40,3,,,,$79.69,12.18%,,,,$77.89,-2.26%,$107.91,35.42%,$89.15,11.87%,LPX,NYSE:LPX,0.192,$94.75,
NASDAQ:LQDT,23 Dec 2025,$37.03,4,$41.00,3,,$38.90,-4.80%,,,,$39.54,1.65%,$64.72,66.36%,$68.36,75.73%,LQDT,NASDAQ:LQDT,0.267,$43.00,-4.65%
NASDAQ:LRCX,17 Jul 2024,$725.21,1,,,,$374.82,93.48%,,,,$396.28,5.73%,$414.46,10.58%,$420.66,12.23%,LRCX,NASDAQ:LRCX,0.832,$310.47,
NASDAQ:LSCC,19 Jan 2026,$69.35,1,$83.73,10,,$143.93,-51.82%,,,,$152.01,5.61%,$156.25,8.56%,$159.01,10.48%,LSCC,NASDAQ:LSCC,0.201,$145.00,-42.26%
NYSE:LSPD,11 Sep 2025,$13.68,3,$15.02,6,,$9.66,41.63%,,,,$9.10,-5.80%,$15.64,61.95%,$42.58,340.81%,LSPD,NYSE:LSPD,-0.327,$12.88,16.61%
NASDAQ:LTBR,25 Aug 2025,$13.94,3,,,,$9.07,53.67%,,,,$9.30,2.54%,$14.67,61.73%,$14.67,61.73%,LTBR,NASDAQ:LTBR,-0.368,$10.50,
NYSE:LTH,15 Aug 2025,$22.60,2,,,,$38.87,-41.85%,,,,$36.68,-5.63%,$19.64,-49.47%,$18.08,-53.48%,LTH,NYSE:LTH,-0.115,$40.00,
NASDAQ:LTRX,5 Feb 2026,$7.76,3,$7.88,9,,$5.67,36.93%,,,,$6.55,15.52%,$9.41,66.02%,$11.31,99.48%,LTRX,NASDAQ:LTRX,0.442,$9.12,-13.60%
NYSE:LU,1 Sep 2025,$3.43,3,,4,,$1.28,167.66%,,,,$1.22,-4.69%,$0.00,-100.00%,$0.00,-100.00%,LU,NYSE:LU,-0.762,$2.83,
NASDAQ:LUNG,4 Dec 2025,$3.40,3,$4.10,1,,$1.39,144.60%,,,,,-100.00%,-$2.00,-243.88%,-$2.00,-243.88%,LUNG,NASDAQ:LUNG,-2.000,,
NYSE:LUXE,26 Mar 2026,$9.82,3,,,,$7.72,27.14%,,,,$8.01,3.76%,$0.00,-100.00%,$0.00,-100.00%,LUXE,NYSE:LUXE,0.281,$10.50,
NASDAQ:LWAY,27 Aug 2025,$25.66,2,,,,$29.75,-13.75%,,,,$26.37,-11.36%,$40.84,37.28%,$44.50,49.58%,LWAY,NASDAQ:LWAY,-0.517,$34.50,
NASDAQ:LX,9 Sep 2025,$5.80,3,,7,,$2.00,190.00%,,,,$1.98,-1.00%,-$6.14,-406.82%,-$6.14,-406.82%,LX,NASDAQ:LX,-0.220,$4.13,
NYSE:LXFR,11 Nov 2025,$12.33,3,,5,,$18.23,-32.39%,,,,$19.76,8.39%,$27.00,48.13%,$30.30,66.23%,LXFR,NYSE:LXFR,0.684,$19.00,
NYSE:LXU,22 Jan 2026,$9.49,3,$10.38,3,,$10.71,-11.40%,,,,$11.44,6.82%,$17.16,60.20%,$28.46,165.70%,LXU,NYSE:LXU,0.291,$14.90,-30.34%
NYSE:LYG,10 Mar 2026,$4.90,3,,5,,$5.61,-12.66%,,,,$5.91,5.35%,-$32.42,-677.84%,-$45.97,-919.39%,LYG,NYSE:LYG,0.233,$5.90,
NASDAQ:LYTS,5 Feb 2026,$23.01,3,$29.33,7,,$25.99,-11.47%,,,,$26.99,3.85%,$61.55,136.82%,$67.45,159.53%,LYTS,NASDAQ:LYTS,0.495,$30.50,-3.84%
NYSE:LZM,28 Oct 2025,$7.28,3,$8.00,6,,$4.03,80.65%,,,,$3.92,-2.73%,$0.00,-100.00%,$0.00,-100.00%,LZM,NYSE:LZM,-0.617,$8.93,-10.41%
NYSE:M,17 Nov 2023,$28.11,3,,,,$25.34,10.95%,,,,$23.83,-5.96%,$0.00,-100.00%,$0.00,-100.00%,M,NYSE:M,-0.049,$19.40,
NYSE:MAA,18 Sep 2025,$156.08,4,$158.89,4,,$134.42,16.12%,,,,$137.54,2.32%,$137.34,2.17%,$190.99,42.08%,MAA,NYSE:MAA,0.303,$142.69,11.35%
NASDAQ:MAPS,9 Feb 2026,$1.32,3,,2,,#N/A,#N/A,,,,,#N/A,-$2.00,#N/A,-$2.00,#N/A,MAPS,NASDAQ:MAPS,-2.000,,
NASDAQ:MAR,23 Dec 2025,$276.62,2,$301.75,6,,$383.56,-27.88%,,,,$396.64,3.41%,$403.05,5.08%,$436.77,13.87%,MAR,NASDAQ:MAR,0.036,$371.88,-18.86%
NYSE:MAS,9 Apr 2026,$74.88,5,$77.30,2,,$78.05,-4.06%,,,,$78.12,0.09%,$117.49,50.54%,$125.07,60.24%,MAS,NYSE:MAS,0.325,$77.84,-0.69%
NASDAQ:MASI,11 Dec 2025,$144.64,3,$188.40,8,,$179.95,-19.62%,,,,$0.00,-100.00%,$212.40,18.03%,$227.32,26.32%,MASI,NASDAQ:MASI,-1.000,$180.00,4.67%
NASDAQ:MASS,16 Dec 2025,$6.35,3,$8.00,6,,$8.97,-29.21%,,,,$8.51,-5.13%,$8.90,-0.78%,$10.85,20.97%,MASS,NASDAQ:MASS,-0.377,$10.00,-20.00%
NASDAQ:MAT,18 May 2026,$22.83,3,$16.20,6,,$13.88,16.71%,,,,$13.72,-1.15%,$85.11,513.15%,$86.55,523.53%,MAT,NASDAQ:MAT,-0.251,$19.14,-15.36%
NASDAQ:MATW,12 Jun 2025,$31.87,5,,6,,$26.31,21.12%,,,,$27.23,3.50%,$32.02,21.69%,$57.49,118.51%,MATW,NASDAQ:MATW,0.547,$38.00,
NYSE:MATX,24 May 2026,$189.11,3,$213.00,6,,$195.59,-3.31%,,,,$196.41,0.42%,$245.21,25.37%,$344.97,76.37%,MATX,NYSE:MATX,-0.208,$215.00,-0.93%
NYSE:MAX,23 Aug 2025,$13.82,3,$15.83,3,,$10.76,28.41%,,,,$9.79,-9.01%,$16.32,51.72%,$16.75,55.65%,MAX,NYSE:MAX,-0.381,$13.64,16.06%
NYSE:MBC,24 Dec 2024,$17.00,4,$23.00,4,,$9.34,81.97%,,,,$8.33,-10.81%,$12.87,37.76%,$19.78,111.74%,MBC,NYSE:MBC,-0.510,$11.59,98.45%
NYSE:MBI,3 Jan 2025,$6.33,3,$6.75,2,,$6.25,1.30%,,,,$6.04,-3.36%,-$63.47,-1115.52%,-$63.47,-1115.52%,MBI,NYSE:MBI,-0.275,$7.25,-6.90%
NASDAQ:MBIN,16 Mar 2026,$47.75,3,$48.50,4,,$50.04,-4.57%,,,,$51.58,3.08%,-$210.50,-520.67%,-$209.85,-519.36%,MBIN,NASDAQ:MBIN,0.387,$48.67,-0.35%
NASDAQ:MBWM,24 Mar 2026,$55.58,3,$56.00,6,,$55.79,-0.38%,,,,$56.60,1.45%,-$244.90,-538.97%,-$238.82,-528.07%,MBWM,NASDAQ:MBWM,0.423,$56.83,-1.46%
NYSE:MC,24 Oct 2025,$64.64,3,,,,$65.15,-0.78%,,,,$69.74,7.05%,$331.69,409.11%,$334.74,413.80%,MC,NYSE:MC,0.481,$69.20,
NYSE:MCB,18 Nov 2025,$66.26,3,$88.00,4,,$97.48,-32.03%,,,,$96.36,-1.15%,-$327.49,-435.95%,-$339.02,-447.78%,MCB,NYSE:MCB,-0.024,$101.33,-13.16%
NASDAQ:MCBS,24 Oct 2025,$30.06,3,$31.00,4,,$35.17,-14.53%,,,,$36.00,2.36%,-$59.92,-270.38%,-$92.02,-361.65%,MCBS,NASDAQ:MCBS,0.511,$33.00,-6.06%
NYSE:MCD,18 Sep 2025,$295.53,3,$322.80,8,,$273.88,7.91%,,,,$271.84,-0.74%,$345.90,26.30%,$400.55,46.25%,MCD,NYSE:MCD,-0.325,$344.55,-6.31%
NASDAQ:MCHP,27 Jan 2026,$69.09,2,$81.39,8,,$92.54,-25.34%,,,,$101.60,9.79%,$111.76,20.77%,$128.92,39.31%,MCHP,NASDAQ:MCHP,0.530,$87.92,-7.43%
NYSE:MCK,23 Aug 2024,$496.23,2,,,,$766.55,-35.26%,,,,$781.28,1.92%,$713.68,-6.90%,$756.09,-1.36%,MCK,NYSE:MCK,0.509,$990.87,
NYSE:MCO,16 Sep 2025,$491.12,3,,,,$449.79,9.19%,,,,$448.20,-0.35%,$678.83,50.92%,$725.46,61.29%,MCO,NYSE:MCO,-0.054,$534.05,
NYSE:MD,2 May 2025,$17.20,4,$18.10,6,,$24.22,-28.98%,,,,$24.72,2.06%,$93.12,284.48%,$98.01,304.65%,MD,NYSE:MD,0.209,$22.17,-18.36%
NYSE:MDT,14 Jan 2026,$99.63,3,$111.63,6,,$80.13,24.34%,,,,$79.67,-0.57%,$0.00,-100.00%,$0.00,-100.00%,MDT,NYSE:MDT,-0.431,$109.08,2.34%
NASDAQ:MDWD,1 Sep 2025,$18.47,3,$30.00,4,,$14.85,24.38%,,,,$13.99,-5.79%,$8.07,-45.66%,$8.37,-43.61%,MDWD,NASDAQ:MDWD,-0.336,$31.33,-4.25%
NYSE:MED,23 Dec 2025,$14.30,3,,4,,$10.36,38.07%,,,,$10.53,1.64%,$102.57,890.01%,$118.10,1039.95%,MED,NYSE:MED,-0.601,$12.00,
NYSE:MEI,19 Mar 2025,$11.38,3,$11.50,4,,$13.09,-13.03%,,,,$14.20,8.48%,$0.00,-100.00%,$0.00,-100.00%,MEI,NYSE:MEI,0.494,$8.25,39.39%
NASDAQ:MELI,29 Aug 2025,"$2,075.00",2,,,,"$1,659.57",25.03%,,,,"$1,637.83",-1.31%,"$6,784.10",308.79%,"$7,087.52",327.07%,MELI,NASDAQ:MELI,0.144,"$2,439.88",
NASDAQ:MERC,9 Apr 2025,$9.51,3,$7.00,5,,$0.73,858.90%,,,,,-100.00%,-$2.00,-373.97%,-$2.00,-373.97%,MERC,NASDAQ:MERC,-2.000,,
NASDAQ:MESO,11 Dec 2025,$18.44,3,,,,$15.55,18.59%,,,,,-100.00%,-$2.00,-112.86%,-$2.00,-112.86%,MESO,NASDAQ:MESO,-2.000,,
NASDAQ:META,19 Jul 2024,$436.35,2,,,,$557.80,-21.77%,,,,$582.18,4.37%,$959.40,72.00%,"$1,120.01",100.79%,META,NASDAQ:META,0.080,$855.76,
NASDAQ:METC,16 Jun 2025,$18.15,3,$13.00,2,,$12.57,3.42%,,,,$13.66,8.67%,$22.50,78.97%,$35.92,185.76%,METC,NASDAQ:METC,0.359,$28.00,-53.57%
NYSE:MFG,19 Nov 2025,$6.09,2,,,,$9.58,-36.43%,,,,$10.00,4.38%,-$95.94,-1101.45%,-$93.17,-1072.55%,MFG,NYSE:MFG,0.216,$9.00,
NASDAQ:MGEE,29 Jan 2025,$79.73,3,$76.50,7,,$78.72,-2.82%,,,,$79.02,0.38%,$0.00,-100.00%,$0.00,-100.00%,MGEE,NASDAQ:MGEE,0.045,$78.50,-2.55%
NASDAQ:MGNX,23 Dec 2025,$2.57,3,$3.00,2,,$4.78,-46.14%,,,,$5.03,5.23%,$19.13,300.22%,$20.18,322.24%,MGNX,NASDAQ:MGNX,0.029,$6.00,-50.00%
NASDAQ:MGPI,19 Jun 2025,$49.20,3,$38.50,6,,$16.76,129.71%,,,,$17.27,3.04%,$46.38,176.71%,$61.42,266.47%,MGPI,NASDAQ:MGPI,0.163,$28.80,33.68%
NYSE:MGY,27 Jan 2026,$27.84,4,$26.85,6,,$26.92,-0.26%,,,,$27.79,3.23%,$38.60,43.40%,$62.17,130.94%,MGY,NYSE:MGY,0.218,$33.89,-20.77%
NYSE:MHO,18 Mar 2026,$159.41,5,$165.00,4,,$158.83,0.37%,,,,$149.64,-5.79%,$298.00,87.62%,$304.66,91.82%,MHO,NYSE:MHO,-0.141,$160.00,3.13%
NASDAQ:MIDD,28 Apr 2026,$161.75,5,$180.00,6,,$168.91,-4.24%,,,,$170.09,0.70%,$292.33,73.07%,$306.43,81.41%,MIDD,NASDAQ:MIDD,0.167,$185.25,-2.83%
NYSE:MIR,19 Nov 2025,$18.40,2,$31.83,9,,$18.21,1.03%,,,,$20.13,10.54%,$16.09,-11.63%,$25.01,37.32%,MIR,NYSE:MIR,0.452,$27.90,14.09%
NASDAQ:MITK,27 Jan 2026,$157.37,5,$14.67,9,,$17.38,-15.59%,,,,$17.24,-0.81%,$0.00,-100.00%,$0.00,-100.00%,MITK,NASDAQ:MITK,-0.367,$15.75,-6.86%
NYSE:MKC,23 Dec 2025,$74.06,5,$78.11,5,,$47.60,55.59%,,,,$46.44,-2.44%,$0.00,-100.00%,$0.00,-100.00%,MKC,NYSE:MKC,-0.439,$62.69,24.60%
NASDAQ:MKSI,30 Jan 2026,$186.47,1,$225.25,10,,$381.62,-51.14%,,,,$402.48,5.47%,$362.47,-5.02%,$416.85,9.23%,MKSI,NASDAQ:MKSI,0.175,$304.17,-25.95%
NASDAQ:MKTX,23 Aug 2025,$211.29,4,$232.14,4,,$113.46,86.23%,,,,$123.27,8.65%,$257.56,127.00%,$281.54,148.14%,MKTX,NASDAQ:MKTX,0.295,$195.45,18.77%
NASDAQ:MLKN,20 Sep 2024,$28.93,3,,,,$17.24,67.82%,,,,$16.55,-4.00%,$0.00,-100.00%,$0.00,-100.00%,MLKN,NASDAQ:MLKN,0.074,$32.00,
NYSE:MNR,22 Jan 2026,$25.78,3,$20.00,7,,$12.52,59.74%,,,,$12.51,-0.08%,$0.00,-100.00%,$0.00,-100.00%,MNR,NYSE:MNR,-0.090,$19.14,4.49%
NASDAQ:MNRO,6 Jun 2025,$30.40,3,$17.67,8,,$15.71,12.48%,,,,$15.28,-2.74%,$4.03,-74.37%,$31.36,99.61%,MNRO,NASDAQ:MNRO,-0.218,$25.62,-31.03%
NYSE:MNSO,1 Sep 2025,$24.84,3,$26.94,8,,$11.35,118.82%,,,,$11.31,-0.35%,$0.00,-100.00%,$0.00,-100.00%,MNSO,NYSE:MNSO,-0.427,$23.29,15.67%
NYSE:MO,17 Mar 2026,$65.79,3,$68.00,4,,$72.07,-8.71%,,,,$73.49,1.97%,$142.04,97.09%,$144.42,100.39%,MO,NYSE:MO,0.304,$69.00,-1.45%
NASDAQ:MOFG,2 Oct 2025,$33.83,3,$34.50,5,,#N/A,#N/A,,,,,#N/A,-$2.00,#N/A,-$2.00,#N/A,MOFG,NASDAQ:MOFG,-2.000,,
NYSE:MOS,23 Dec 2025,$27.76,5,$33.54,7,,$20.86,33.05%,,,,$22.14,6.14%,$0.00,-100.00%,$0.00,-100.00%,MOS,NYSE:MOS,0.058,$29.80,12.55%
NYSE:MOV,26 Mar 2026,$28.60,4,$30.75,7,,$38.04,-24.83%,,,,$38.71,1.76%,$0.00,-100.00%,$0.00,-100.00%,MOV,NYSE:MOV,-0.058,$30.75,0.00%
NASDAQ:MPB,19 Mar 2026,$32.84,3,$37.00,7,,$34.29,-4.23%,,,,$34.89,1.75%,-$165.42,-582.40%,-$146.60,-527.53%,MPB,NASDAQ:MPB,0.281,$36.50,1.37%
NYSE:MPLX,16 Jun 2026,$55.67,1,,,2.75,$56.23,-1.00%,-1.00%,$55.67,$60.07,$59.66,6.10%,$87.86,56.25%,$111.16,97.68%,MPLX,NYSE:MPLX,0.542,$60.07,
NYSEAMERICAN:MPTI,11 Feb 2026,$62.49,,,6,,$90.11,-30.65%,,,,$99.38,10.29%,$131.04,45.42%,$135.46,50.33%,MPTI,NYSEAMERICAN:MPTI,0.250,$81.50,
NASDAQ:MPWR,26 Jan 2026,$897.84,2,,,,"$1,434.95",-37.43%,,,,"$1,544.45",7.63%,"$1,538.81",7.24%,"$1,557.90",8.57%,MPWR,NASDAQ:MPWR,0.658,"$1,389.00",
NASDAQ:MRAM,19 Jan 2026,$10.62,3,$10.50,8,,$21.40,-50.93%,,,,$25.20,17.76%,$28.07,31.16%,$29.20,36.45%,MRAM,NASDAQ:MRAM,0.066,$18.00,-41.67%
NASDAQ:MRVL,15 Jan 2026,$93.91,4,$119.56,10,,$276.70,-66.06%,,,,$297.74,7.60%,$0.00,-100.00%,$0.00,-100.00%,MRVL,NASDAQ:MRVL,0.271,$126.44,-5.44%
NASDAQ:MRX,10 Sep 2025,$29.58,2,,,,$64.84,-54.38%,,,,$68.87,6.22%,$46.94,-27.61%,$54.08,-16.60%,MRX,NASDAQ:MRX,0.439,$55.00,
NYSE:MS,27 Aug 2025,$131.18,2,,,,$219.86,-40.33%,,,,$235.62,7.17%,$0.00,-100.00%,$0.00,-100.00%,MS,NYSE:MS,0.552,$195.14,
NYSE:MSB,1 Sep 2025,$30.89,1,,,,$24.31,27.07%,,,,,-100.00%,-$2.00,-108.23%,-$2.00,-108.23%,MSB,NYSE:MSB,-2.000,,
NASDAQ:MSBI,2 Oct 2025,$21.79,3,$20.67,3,,$30.19,-31.53%,,,,$30.83,2.12%,-$203.39,-773.70%,-$198.15,-756.34%,MSBI,NASDAQ:MSBI,0.166,$23.62,-12.49%
NYSE:MSCI,24 Oct 2025,$568.24,3,,,,$577.29,-1.57%,,,,$600.93,4.09%,$743.43,28.78%,$793.72,37.49%,MSCI,NYSE:MSCI,0.109,$685.44,
NASDAQ:MSFT,26 Jan 2026,$49.22,3,,,,$365.45,-86.53%,,,,$376.15,2.93%,$488.90,33.78%,$578.90,58.41%,MSFT,NASDAQ:MSFT,-0.007,$559.85,
NYSE:MSI,2 Feb 2026,$451.69,3,$462.25,8,,$400.60,12.75%,,,,$406.17,1.39%,$0.00,-100.00%,$0.00,-100.00%,MSI,NYSE:MSI,0.356,$505.45,-8.55%
NASDAQ:MSTR,9 Feb 2026,$240.05,3,$361.73,4,,$94.23,154.75%,,,,$101.62,7.84%,$0.00,-100.00%,$0.00,-100.00%,MSTR,NASDAQ:MSTR,-0.804,$380.50,-4.93%
NYSE:MT,29 Apr 2026,$53.35,2,$66.60,9,,$61.47,-13.20%,,,,$65.28,6.20%,$54.69,-11.02%,$88.04,43.22%,MT,NYSE:MT,0.211,$65.60,1.52%
NYSE:MTB,20 Oct 2025,$182.98,3,$219.71,4,,$233.26,-21.56%,,,,$236.04,1.19%,$0.00,-100.00%,$0.00,-100.00%,MTB,NYSE:MTB,0.115,$233.76,-6.01%
NYSE:MTDR,19 Aug 2025,$64.64,3,$62.88,4,,$50.09,25.53%,,,,$52.50,4.81%,$34.14,-31.84%,$74.09,47.92%,MTDR,NYSE:MTDR,0.369,$72.47,-13.23%
NYSE:MTG,16 Jul 2024,$24.62,3,,,,$27.05,-8.99%,,,,$27.37,1.18%,$62.58,131.36%,$62.96,132.74%,MTG,NYSE:MTG,0.356,$28.67,
NASDAQ:MTRX,23 Jan 2026,$15.94,3,,1,,$13.38,19.11%,,,,$14.32,7.03%,$14.51,8.42%,$17.84,33.35%,MTRX,NASDAQ:MTRX,0.173,$20.00,
NASDAQ:MTSI,27 Jan 2026,$193.58,2,$204.75,8,,$373.08,-48.11%,,,,$391.22,4.86%,$0.00,-100.00%,$0.00,-100.00%,MTSI,NASDAQ:MTSI,-0.261,$281.14,-27.17%
NYSE:MTW,20 Sep 2024,$13.92,3,,,,$13.47,3.34%,,,,$12.80,-4.97%,$74.85,455.71%,$98.36,630.21%,MTW,NYSE:MTW,-0.315,$10.50,
NYSE:MTZ,4 Sep 2024,$99.99,3,,,,$393.14,-74.57%,,,,$407.89,3.75%,$326.50,-16.95%,$409.90,4.26%,MTZ,NYSE:MTZ,0.278,$448.28,
NYSE:MUFG,21 Oct 2025,$13.65,3,,10,,$19.81,-31.10%,,,,$20.70,4.49%,-$153.10,-872.86%,-$153.10,-872.86%,MUFG,NYSE:MUFG,0.117,$17.47,
NYSE:MUX,20 Aug 2025,$12.92,3,$15.83,6,,$17.04,-24.16%,,,,$18.86,10.68%,$17.10,0.33%,$20.76,21.82%,MUX,NYSE:MUX,0.082,$31.70,-50.06%
NASDAQ:MVIS,5 Feb 2026,$1.11,4,,1,,$0.31,259.39%,,,,$0.38,22.58%,-$0.22,-172.48%,-$0.17,-154.91%,MVIS,NASDAQ:MVIS,0.549,$2.00,
NYSE:MWA,13 Nov 2025,$22.51,2,$27.20,1,,$26.23,-14.19%,,,,$27.05,3.13%,$45.42,73.17%,$51.53,96.44%,MWA,NYSE:MWA,0.666,$31.60,-13.92%
NYSE:MX,9 Feb 2026,$4.11,3,,3,,$4.86,-15.43%,,,,$5.24,7.82%,$10.32,112.28%,$15.38,216.52%,MX,NYSE:MX,-0.052,$4.00,
NASDAQ:MXCT,23 Dec 2025,$2.30,3,$6.84,,,$1.19,92.94%,,,,$1.14,-4.20%,$0.39,-67.06%,$1.10,-7.84%,MXCT,NASDAQ:MXCT,-0.595,$4.11,66.42%
NASDAQ:MXL,19 Jan 2026,$27.04,4,$22.00,4,,$84.98,-74.11%,,,,$95.27,12.11%,$88.84,4.54%,$95.35,12.21%,MXL,NASDAQ:MXL,0.385,$21.55,2.09%
NYSEAMERICAN:MYO,16 Dec 2025,$1.00,1,,,,$1.18,-15.25%,,,,$1.19,0.85%,$4.01,239.67%,$4.78,304.96%,MYO,NYSEAMERICAN:MYO,-0.472,$4.32,
NASDAQ:MYRG,25 Sep 2024,$129.33,3,,,,$470.31,-72.50%,,,,$486.52,3.45%,$686.05,45.87%,$763.10,62.25%,MYRG,NASDAQ:MYRG,0.287,$368.00,
NYSE:NABL,5 Feb 2026,$8.30,3,$9.65,5,,$3.25,155.26%,,,,$3.09,-4.92%,$6.06,86.45%,$9.08,179.30%,NABL,NYSE:NABL,-0.163,$6.95,38.85%
NYSEAMERICAN:NAK,3 Sep 2025,$1.18,,$2.50,4,,$1.81,-34.81%,,,,$1.92,6.08%,$1.83,0.86%,$1.83,0.90%,NAK,NYSEAMERICAN:NAK,-0.549,$2.53,-1.19%
NASDAQ:NAVI,23 Aug 2025,$18.59,4,$13.20,6,,$8.43,56.58%,,,,$8.36,-0.83%,-$393.35,-4766.06%,-$384.87,-4665.52%,NAVI,NASDAQ:NAVI,0.596,$9.44,39.83%
NASDAQ:NB,12 Aug 2025,$5.09,3,,,,$4.62,10.09%,,,,$4.85,4.98%,$6.37,37.90%,$6.37,37.91%,NB,NASDAQ:NB,-0.583,$11.18,
NASDAQ:NBBK,28 Nov 2025,$21.28,3,$22.00,9,,$21.01,1.29%,,,,$20.54,-2.24%,-$84.52,-502.29%,-$103.99,-594.98%,NBBK,NASDAQ:NBBK,-0.030,$24.50,-10.20%
NYSE:NBHC,6 Oct 2025,$47.71,4,$44.75,5,,$44.56,0.43%,,,,$44.82,0.58%,-$114.38,-356.69%,-$101.02,-326.71%,NBHC,NYSE:NBHC,0.054,$46.00,-2.72%
NASDAQ:NBN,27 May 2026,$126.48,3,$130.50,8,3,$128.48,-1.56%,-1.56%,$126.48,$130.50,$132.05,2.78%,-$216.09,-268.19%,-$209.75,-263.26%,NBN,NASDAQ:NBN,0.156,$126.50,3.16%
NASDAQ:NBTB,2 Oct 2025,$49.04,3,$50.67,4,,$48.72,0.66%,,,,$49.30,1.19%,-$155.43,-419.03%,-$168.56,-445.98%,NBTB,NASDAQ:NBTB,0.271,$48.83,3.77%
NASDAQ:NCNA,7 Jul 2025,$0.15,3,,,,$1.64,-91.16%,,,,,-100.00%,-$2.00,-221.95%,-$2.00,-221.95%,NCNA,NASDAQ:NCNA,-2.000,,
NASDAQ:NECB,2 Oct 2025,$25.63,3,$25.00,2,,$26.81,-6.75%,,,,$26.40,-1.53%,-$38.15,-242.30%,-$36.68,-236.82%,NECB,NASDAQ:NECB,-0.078,$28.25,-11.50%
NYSE:NEM,21 Jul 2025,$58.12,3,$67.81,10,,$94.04,-38.20%,,,,$97.97,4.18%,$217.52,131.31%,$248.23,163.96%,NEM,NYSE:NEM,-0.230,$144.01,-52.91%
NASDAQ:NEO,2 Sep 2025,$7.13,3,$9.83,6,,$12.90,-44.71%,,,,$11.16,-13.49%,$9.59,-25.66%,$10.24,-20.60%,NEO,NASDAQ:NEO,-0.381,$15.06,-34.73%
NYSE:NET,22 Jan 2026,$169.89,3,$246.25,6,,$223.48,-23.98%,,,,$233.74,4.59%,$229.55,2.72%,$245.42,9.82%,NET,NYSE:NET,0.025,$231.85,6.21%
NASDAQ:NEWT,19 Nov 2025,$11.21,4,$14.38,4,,$14.12,-20.61%,,,,$14.64,3.68%,$0.00,-100.00%,$0.00,-100.00%,NEWT,NASDAQ:NEWT,0.189,$16.50,-12.85%
NASDAQ:NFLX,8 Jul 2024,$571.61,2,,,,$71.85,695.56%,,,,$75.40,4.94%,$144.06,100.50%,$213.31,196.89%,NFLX,NASDAQ:NFLX,0.141,$114.46,
NYSE:NGG,19 Sep 2025,$70.94,3,$78.00,8,,$82.83,-14.36%,,,,,-100.00%,-$2.00,-102.41%,-$2.00,-102.41%,NGG,NYSE:NGG,-2.000,,
NYSE:NGL,22 Jan 2026,$10.10,1,,,,$15.69,-35.63%,,,,$16.97,8.16%,$11.46,-26.95%,$48.02,206.03%,NGL,NYSE:NGL,0.162,$5.00,
NYSE:NGVC,20 Mar 2026,$44.77,3,,4,,$32.69,36.94%,,,,$32.95,0.80%,$47.12,44.15%,$70.68,116.22%,NGVC,NYSE:NGVC,0.162,$43.33,
NYSE:NGVT,2 Oct 2025,$58.97,4,$60.67,7,,$74.75,-21.11%,,,,$74.95,0.27%,$126.18,68.80%,$167.46,124.03%,NGVT,NYSE:NGVT,0.346,$80.50,-24.63%
NYSE:NIC,2 Oct 2025,$118.87,3,$139.67,4,,$156.38,-23.99%,,,,$150.98,-3.45%,$0.00,-100.00%,$0.00,-100.00%,NIC,NYSE:NIC,-0.050,$176.60,-20.91%
NASDAQ:NICE,11 Feb 2026,$180.97,3,$158.57,6,,$87.41,81.41%,,,,$84.02,-3.88%,$276.91,216.80%,$347.39,297.43%,NICE,NASDAQ:NICE,-0.450,$148.86,6.52%
NYSE:NIO,15 Dec 2025,$5.32,3,$6.36,6,,$4.90,8.59%,,,,$0.00,-100.00%,-$1.22,-124.87%,$2.91,-40.71%,NIO,NYSE:NIO,-1.000,$6.59,-3.49%
NASDAQ:NIU,15 Dec 2025,$4.01,4,,5,,$2.06,94.72%,,,,$1.84,-10.68%,$0.13,-93.66%,$0.13,-93.66%,NIU,NASDAQ:NIU,-0.982,$3.94,
NYSE:NKE,26 Mar 2026,$81.79,5,$73.31,3,,$41.82,75.30%,,,,$44.11,5.48%,$0.00,-100.00%,$0.00,-100.00%,NKE,NYSE:NKE,0.208,$62.37,17.54%
NYSE:NLOP,14 Jan 2026,$25.14,4,,6,,$11.24,123.65%,,,,$12.41,10.41%,$100.08,790.37%,$141.68,1160.54%,NLOP,NYSE:NLOP,0.907,$46.00,
NASDAQ:NMFC,10 Jun 2024,$13.42,3,,,,$6.95,93.09%,,,,$7.08,1.87%,$180.74,2500.61%,$200.68,2787.52%,NMFC,NASDAQ:NMFC,-0.134,$8.50,
NASDAQ:NMIH,6 Mar 2024,$30.63,3,,,,$39.45,-22.35%,,,,$39.46,0.03%,"-$15,703.66",-39906.48%,"-$15,701.38",-39900.71%,NMIH,NASDAQ:NMIH,0.349,$46.29,
NYSE:NMM,5 Mar 2026,$85.02,4,,,,$71.19,19.43%,,,,$72.21,1.43%,$20.76,-70.84%,$74.09,4.07%,NMM,NYSE:NMM,-0.143,$86.33,
NYSE:NMR,15 Oct 2025,$6.87,3,,7,,$8.61,-20.21%,,,,$8.73,1.39%,"$2,597.99",30074.06%,"$2,766.26",32028.50%,NMR,NYSE:NMR,-0.023,$9.37,
NASDAQ:NNE,28 Oct 2025,$34.69,3,,,,$23.17,49.72%,,,,$24.02,3.67%,-$78.24,-437.69%,-$71.42,-408.24%,NNE,NASDAQ:NNE,-0.265,$46.67,
NYSE:NNN,16 Sep 2025,$49.73,5,$44.93,5,,$46.51,-3.40%,,,,$47.77,2.71%,$60.46,30.00%,$82.35,77.05%,NNN,NYSE:NNN,0.572,$45.63,-1.53%
NYSE:NOA,16 Feb 2026,$20.79,3,$19.25,8,,$13.46,43.02%,,,,$13.77,2.30%,$0.00,-100.00%,$0.00,-100.00%,NOA,NYSE:NOA,0.014,$25.09,-23.28%
NYSE:NOG,19 Sep 2025,$38.23,3,$30.29,2,,$19.49,55.41%,,,,$20.08,3.03%,$3.07,-84.24%,$98.36,404.65%,NOG,NYSE:NOG,0.372,$36.10,-16.09%
NYSE:NOK,28 Jan 2026,$6.27,3,$7.69,8,,$13.81,-54.61%,,,,$14.17,2.61%,$13.50,-2.23%,$15.81,14.46%,NOK,NYSE:NOK,0.165,$8.70,-11.61%
NYSE:NOMD,27 Apr 2026,$15.76,3,$12.80,5,,$10.65,20.19%,,,,$10.06,-5.54%,$20.76,94.93%,$28.61,168.66%,NOMD,NYSE:NOMD,-0.171,$13.07,-2.07%
NYSE:NOTE,13 Nov 2025,$4.93,3,$6.00,4,,#N/A,#N/A,,,,,#N/A,-$2.00,#N/A,-$2.00,#N/A,NOTE,NYSE:NOTE,-2.000,,
NYSE:NOV,21 Jul 2025,$17.42,3,$15.75,4,,$18.35,-14.17%,,,,$20.02,9.10%,$51.60,181.21%,$61.34,234.28%,NOV,NYSE:NOV,0.658,$20.55,-23.36%
NASDAQ:NOVT,30 Jan 2026,$158.93,3,$138.00,6,,$152.00,-9.21%,,,,$156.47,2.94%,$159.49,4.93%,$177.58,16.83%,NOVT,NASDAQ:NOVT,0.276,$157.00,-12.10%
NASDAQ:NPCE,11 Dec 2025,$17.05,3,$18.40,5,,$16.22,5.15%,,,,$15.44,-4.81%,$13.08,-19.34%,$13.67,-15.71%,NPCE,NASDAQ:NPCE,-0.235,$19.88,-7.44%
NYSE:NPO,29 Oct 2025,$196.10,1,$245.00,5,,$367.00,-46.57%,,,,$393.51,7.22%,$409.09,11.47%,$459.18,25.12%,NPO,NYSE:NPO,0.336,$300.00,-18.33%
NYSE:NPWR,11 Nov 2025,$5.54,3,$4.00,3,,$1.71,133.92%,,,,$1.64,-4.09%,-$0.11,-106.45%,$6.89,302.86%,NPWR,NYSE:NPWR,-0.416,$6.62,-39.58%
NYSE:NRG,18 Sep 2025,$102.90,1,,,,$142.21,-27.64%,,,,$143.14,0.65%,$0.00,-100.00%,$0.00,-100.00%,NRG,NYSE:NRG,0.481,$201.47,
NASDAQ:NRIM,27 May 2026,$24.39,3,,6,3.5,$26.68,-8.58%,-8.58%,$24.39,$31.00,$26.98,1.12%,-$30.86,-215.68%,-$28.46,-206.66%,NRIM,NASDAQ:NRIM,0.520,$31.00,
NYSE:NSA,19 Aug 2025,$45.71,3,$33.59,2,,$44.44,-24.41%,,,,$46.73,5.15%,$0.00,-100.00%,$0.00,-100.00%,NSA,NYSE:NSA,0.292,$38.59,-12.96%
NYSE:NSC,31 May 2024,$224.71,3,,,,$303.82,-26.04%,,,,$310.49,2.20%,$247.88,-18.41%,$298.87,-1.63%,NSC,NYSE:NSC,0.039,$311.21,
NASDAQ:NSIT,11 Feb 2026,$144.78,3,$100.00,6,,$113.30,-11.74%,,,,$106.32,-6.16%,$0.00,-100.00%,$0.00,-100.00%,NSIT,NASDAQ:NSIT,-0.436,$101.25,-1.23%
NASDAQ:NTCT,19 Jan 2026,$29.00,3,$32.00,8,,$40.29,-28.02%,,,,$40.19,-0.25%,$92.36,129.23%,$107.88,167.76%,NTCT,NASDAQ:NTCT,-0.334,$33.71,-5.07%
NASDAQ:NTGR,5 Feb 2026,$23.48,3,,,,$23.21,1.15%,,,,$24.54,5.73%,$100.22,331.78%,$27.43,18.19%,NTGR,NASDAQ:NTGR,0.388,$35.00,
NASDAQ:NTLA,20 Nov 2025,$23.74,3,$15.97,5,,$15.50,3.03%,,,,$15.15,-2.26%,$0.00,-100.00%,$0.00,-100.00%,NTLA,NASDAQ:NTLA,-0.293,$26.80,-40.41%
NYSE:NU,21 Oct 2025,$17.44,3,$17.38,9,,$12.46,39.49%,,,,$12.62,1.28%,$8.17,-34.47%,$8.52,-31.59%,NU,NYSE:NU,-0.183,$19.87,-12.53%
NYSE:NUE,20 Aug 2024,$172.03,4,,,,$240.52,-28.47%,,,,$245.80,2.20%,$242.07,0.65%,$298.85,24.25%,NUE,NYSE:NUE,0.028,$232.71,
NASDAQ:NVA,11 Dec 2025,$9.58,3,,7,,#N/A,#N/A,,,,$0.00,#N/A,$0.00,#N/A,$0.00,#N/A,NVA,NASDAQ:NVA,-1.000,$10.00,
NASDAQ:NVAX,23 Dec 2025,$9.60,3,$10.00,6,,$8.90,7.88%,,,,$8.88,-0.22%,$49.72,458.61%,$52.60,491.00%,NVAX,NASDAQ:NVAX,-0.229,$14.00,-28.57%
NASDAQ:NVCR,11 Dec 2025,$13.87,3,$27.00,2,,$14.72,-5.77%,,,,$13.45,-8.63%,$16.70,13.46%,$12.98,-11.84%,NVCR,NASDAQ:NVCR,-0.412,$26.29,2.70%
NASDAQ:NVDA,4 Jan 2026,$195.15,3,$262.79,8,,$198.91,-1.89%,,,,$208.89,5.02%,$0.00,-100.00%,$0.00,-100.00%,NVDA,NASDAQ:NVDA,0.325,$269.17,-2.37%
NASDAQ:NVEC,19 Jan 2026,$71.83,4,,2,,$91.17,-21.21%,,,,$108.09,18.56%,$124.24,36.28%,$125.00,37.10%,NVEC,NASDAQ:NVEC,0.734,$79.00,
NASDAQ:NVMI,24 Oct 2025,$305.31,3,$328.75,7,,$521.99,-41.51%,,,,$557.98,6.89%,$604.59,15.82%,$619.45,18.67%,NVMI,NASDAQ:NVMI,0.270,$497.25,-33.89%
NYSE:NVO,20 Aug 2025,$67.89,3,$68.50,6,,$47.41,43.20%,,,,$48.27,1.81%,$12.95,-72.68%,$19.39,-59.10%,NVO,NYSE:NVO,0.089,$46.52,47.25%
NYSE:NVR,8 Jul 2024,"$6,194.00",2,,,,"$6,764.83",-8.44%,,,,"$6,288.79",-7.04%,"$12,220.14",80.64%,"$12,312.20",82.00%,NVR,NYSE:NVR,-0.599,"$7,514.33",
NYSE:NVRI,31 May 2024,$10.35,3,,,,$21.81,-52.57%,,,,$21.32,-2.25%,$0.00,-100.00%,$0.00,-100.00%,NVRI,NYSE:NVRI,-0.403,$21.67,
NYSE:NVST,20 Aug 2025,$24.25,4,$22.30,9,,$26.04,-14.36%,,,,$25.31,-2.80%,$37.42,43.70%,$50.18,92.71%,NVST,NYSE:NVST,-0.313,$28.69,-22.27%
NYSE:NVT,19 Aug 2025,$88.41,3,,,,$167.55,-47.23%,,,,$178.89,6.77%,$174.37,4.07%,$182.24,8.77%,NVT,NYSE:NVT,0.348,$139.07,
NASDAQ:NVTS,5 Feb 2026,$8.26,3,$8.00,5,,$18.33,-56.36%,,,,$24.15,31.75%,$21.60,17.86%,$22.45,22.49%,NVTS,NASDAQ:NVTS,0.151,$10.56,-24.24%
NASDAQ:NVX,11 Dec 2025,$1.56,3,,4,,$0.45,246.67%,,,,,-100.00%,-$2.00,-544.44%,-$2.00,-544.44%,NVX,NASDAQ:NVX,-2.000,,
NASDAQ:NWBI,18 Mar 2026,$14.02,3,$13.00,7,,$14.99,-13.28%,,,,$15.22,1.53%,-$82.51,-650.42%,-$82.54,-650.66%,NWBI,NASDAQ:NWBI,0.203,$13.86,-6.20%
NYSE:NWG,27 May 2026,$16.57,3,$18.20,9,3.5,$16.99,-2.45%,-2.45%,$16.57,$19.24,$17.91,5.41%,-$112.78,-763.82%,-$110.67,-751.40%,NWG,NYSE:NWG,0.425,$19.24,-5.41%
NYSE:NWN,6 Feb 2026,$46.99,3,$53.50,7,,$50.53,-7.01%,,,,$51.48,1.88%,$6.41,-87.31%,$51.62,2.16%,NWN,NYSE:NWN,0.484,$58.00,-7.76%
NYSE:NX,16 Aug 2025,$26.24,3,,1,,$17.77,47.68%,,,,$17.19,-3.26%,$0.00,-100.00%,$0.00,-100.00%,NX,NYSE:NX,0.154,$28.75,
NYSE:NXE,24 Oct 2025,$8.68,3,,,,$10.07,-13.80%,,,,$10.08,0.10%,$10.16,0.85%,$10.16,0.91%,NXE,NYSE:NXE,-0.190,$19.69,
NASDAQ:NXPI,27 Jan 2026,$261.92,5,$258.76,9,,$294.36,-12.09%,,,,$318.43,8.18%,$362.98,23.31%,$397.91,35.18%,NXPI,NASDAQ:NXPI,0.351,$258.68,0.03%
NYSE:NXRT,25 Aug 2025,$38.18,4,$36.33,3,,$27.73,31.01%,,,,$27.99,0.94%,-$15.95,-157.52%,$47.48,71.24%,NXRT,NYSE:NXRT,0.281,$32.00,13.53%
NASDAQ:NXTC,28 Oct 2025,$22.52,3,$20.00,,,$1.77,1029.94%,,,,,-100.00%,-$2.00,-212.99%,-$2.00,-212.99%,NXTC,NASDAQ:NXTC,-2.000,,
NYSE:O,23 Sep 2025,$70.69,5,$62.00,9,,$61.99,0.02%,,,,$63.97,3.19%,$96.67,55.95%,$142.50,129.87%,O,NYSE:O,0.625,$68.40,-9.36%
NYSE:OBK,10 Mar 2026,$48.92,3,$46.67,5,,$51.41,-9.22%,,,,$51.68,0.53%,-$173.60,-437.68%,-$168.64,-428.04%,OBK,NYSE:OBK,0.238,$48.20,-3.17%
NASDAQ:OBT,2 Oct 2025,$34.16,3,$29.00,4,,$36.74,-21.07%,,,,$37.78,2.83%,$0.00,-100.00%,$0.00,-100.00%,OBT,NASDAQ:OBT,0.210,$40.00,-27.50%
NYSE:OC,30 Sep 2024,$164.18,3,,,,$134.17,22.37%,,,,$124.78,-7.00%,$294.28,119.33%,$155.98,16.26%,OC,NYSE:OC,-0.096,$138.19,
NASDAQ:OCC,10 Feb 2026,$3.85,3,,3,,$18.82,-79.52%,,,,$19.37,2.92%,$22.36,18.79%,$23.91,27.02%,OCC,NASDAQ:OCC,-0.062,,
NYSE:OFG,27 May 2026,$53.57,3,$47.00,7,2.75,$48.51,-3.11%,-3.11%,$47.00,$53.57,$48.80,0.60%,$0.00,-100.00%,$0.00,-100.00%,OFG,NYSE:OFG,0.007,$47.75,-1.57%
NYSE:OGE,22 Jan 2026,$43.01,2,$46.14,7,,$48.60,-11.50%,,,,$49.83,2.53%,$14.92,-69.31%,$16.06,-66.94%,OGE,NYSE:OGE,0.403,$49.86,-7.46%
NYSE:OGS,19 Jun 2026,$79.20,3,$87.00,5,3.25,$78.07,1.45%,1.45%,$79.20,$90.14,$80.68,3.34%,$149.08,90.96%,$131.63,68.60%,OGS,NYSE:OGS,0.422,$90.14,-3.48%
NYSE:OHI,23 Dec 2025,$49.04,5,$46.80,9,,$47.38,-1.22%,,,,$47.40,0.04%,$68.58,44.75%,$86.83,83.27%,OHI,NYSE:OHI,0.099,$49.38,-5.22%
NYSE:OI,26 Mar 2026,$12.61,4,$18.00,6,,$9.57,31.82%,,,,$8.91,-6.90%,$48.55,407.31%,$91.80,859.29%,OI,NYSE:OI,-0.536,$16.00,12.50%
NYSE:OKE,29 Apr 2026,$98.03,4,$92.57,10,,$87.31,6.02%,,,,$90.74,3.93%,$32.08,-63.25%,$71.81,-17.75%,OKE,NYSE:OKE,0.432,$94.76,-2.31%
NASDAQ:OLED,24 Feb 2026,$147.14,3,$151.67,6,,$87.60,67.97%,,,,$92.80,5.94%,$109.49,24.99%,$126.70,44.64%,OLED,NASDAQ:OLED,0.087,$143.25,5.88%
NASDAQ:OM,4 Dec 2025,$4.31,1,,1,,$4.63,-6.91%,,,,$4.70,1.51%,-$15.07,-425.57%,-$14.65,-416.36%,OM,NASDAQ:OM,-0.525,$9.00,
NASDAQ:OMAB,1 Jun 2026,$112.42,4,$134.00,6,3,$107.65,4.43%,4.43%,$112.42,$134.00,$106.09,-1.45%,$172.44,60.19%,$192.88,79.18%,OMAB,NASDAQ:OMAB,-0.146,$127.08,5.45%
NASDAQ:ON,5 Feb 2026,$68.86,3,,,,$115.78,-40.53%,,,,$126.66,9.40%,$153.22,32.34%,$173.57,49.91%,ON,NASDAQ:ON,0.200,$69.31,
NASDAQ:ONB,20 Mar 2026,$23.78,3,$27.78,4,,$25.65,-7.28%,,,,$26.06,1.60%,-$113.55,-542.69%,-$107.16,-517.78%,ONB,NASDAQ:ONB,0.358,$27.36,1.54%
NYSE:ONIT,26 Mar 2025,$40.67,4,$42.50,5,,$36.57,11.21%,,,,$36.63,0.16%,-$304.50,-932.66%,-$285.92,-881.84%,ONIT,NYSE:ONIT,0.147,$60.00,-29.17%
NYSE:ONON,15 Aug 2025,$41.55,2,,,,$36.92,12.54%,,,,$36.67,-0.68%,$57.16,54.81%,$66.60,80.38%,ONON,NYSE:ONON,0.025,$56.63,
NYSE:ONTO,9 Feb 2026,$215.21,4,$201.67,8,,$322.24,-37.42%,,,,$330.46,2.55%,$382.02,18.55%,$400.55,24.30%,ONTO,NYSE:ONTO,0.200,$334.29,-39.67%
NYSEAMERICAN:OPTT,13 Nov 2025,$0.44,1,$1.50,5,,$0.26,69.23%,,,,$0.27,3.85%,$0.00,-100.00%,$0.00,-100.00%,OPTT,NYSEAMERICAN:OPTT,-0.539,$1.50,0.00%
NYSE:OPY,16 Jun 2026,$115.64,4,,9,3.75,$104.94,10.20%,10.20%,$115.64,$115.64,$116.84,11.34%,$805.09,667.19%,$864.90,724.19%,OPY,NYSE:OPY,0.562,$37.00,
NYSE:ORI,28 Apr 2026,$42.27,3,$42.00,3,,$40.30,4.22%,,,,$39.34,-2.38%,$40.25,-0.13%,$40.37,0.18%,ORI,NYSE:ORI,-0.249,$42.50,-1.18%
NASDAQ:ORKA,23 Aug 2025,$26.17,3,,,,$82.15,-68.14%,,,,$89.47,8.91%,$0.00,-100.00%,$0.00,-100.00%,ORKA,NASDAQ:ORKA,0.386,$142.17,
NASDAQ:ORRF,19 Nov 2025,$37.94,3,$40.50,8,,$40.67,-6.71%,,,,$40.89,0.54%,-$157.21,-486.54%,-$130.99,-422.09%,ORRF,NASDAQ:ORRF,0.272,$42.00,-3.57%
NASDAQ:OSBC,28 Apr 2026,$22.52,3,$25.00,7,,$22.89,-1.62%,,,,$23.07,0.79%,$0.00,-100.00%,$0.00,-100.00%,OSBC,NASDAQ:OSBC,0.140,$23.20,7.76%
NASDAQ:OSIS,27 Jan 2026,$261.70,2,$287.33,6,,$213.72,22.45%,,,,$225.09,5.32%,$180.10,-15.73%,$220.41,3.13%,OSIS,NASDAQ:OSIS,0.178,$309.71,-7.23%
NASDAQ:OSPN,10 Feb 2026,$17.74,3,,4,,$13.52,31.20%,,,,$13.54,0.15%,$42.13,211.60%,$46.31,242.57%,OSPN,NASDAQ:OSPN,-0.119,$16.25,
NYSEAMERICAN:OSTX,23 Dec 2025,$1.60,1,$11.50,1,,$1.80,-11.11%,,,,$1.76,-2.22%,$0.00,-100.00%,$0.00,-100.00%,OSTX,NYSEAMERICAN:OSTX,-0.635,$10.89,5.60%
NASDAQ:OSW,29 Nov 2024,$17.98,3,,,,$27.62,-34.91%,,,,$26.74,-3.19%,$36.83,33.36%,$41.19,49.14%,OSW,NASDAQ:OSW,-0.187,$28.00,
NASDAQ:OTEX,19 Jan 2026,$32.75,3,$38.78,2,,$21.20,54.47%,,,,$20.18,-4.81%,$0.00,-100.00%,$0.00,-100.00%,OTEX,NASDAQ:OTEX,-0.301,$32.18,20.51%
NYSE:OTIS,29 Oct 2025,$94.34,3,$105.25,6,,$72.63,29.89%,,,,$75.41,3.83%,$131.21,80.66%,$137.56,89.40%,OTIS,NYSE:OTIS,0.617,$99.29,6.00%
NASDAQ:OUST,5 Feb 2026,$21.62,3,$37.00,8,,$40.71,-46.88%,,,,$51.33,26.09%,$0.00,-100.00%,$0.00,-100.00%,OUST,NASDAQ:OUST,0.046,$39.67,-6.73%
NYSE:OVV,18 Aug 2025,$55.37,3,,,,$52.76,4.94%,,,,$54.20,2.73%,$68.88,30.56%,$134.88,155.66%,OVV,NYSE:OVV,-0.113,$68.74,
NASDAQ:OXSQ,19 Aug 2025,$2.97,4,$2.50,4,,$1.32,89.39%,,,,$1.18,-10.61%,$2.43,84.36%,"$5,570,221.54",421986380.26%,OXSQ,NASDAQ:OXSQ,-0.076,$1.75,42.86%
NYSE:OXY,18 Aug 2025,$59.40,3,$47.78,4,,$51.09,-6.48%,,,,$53.99,5.68%,$72.42,41.75%,$159.28,211.76%,OXY,NYSE:OXY,0.374,$63.08,-24.25%
NASDAQ:OZK,2 Oct 2025,$49.29,3,$59.63,8,,$50.96,-3.28%,,,,$52.04,2.12%,$0.00,-100.00%,$0.00,-100.00%,OZK,NASDAQ:OZK,0.370,$52.33,13.95%
NYSE:PAC,13 Jun 2025,$210.00,3,$236.70,6,,$245.58,-14.49%,,,,$243.81,-0.72%,$631.96,157.33%,$728.83,196.78%,PAC,NYSE:PAC,-0.023,$277.07,-14.57%
NASDAQ:PACB,11 Dec 2025,$2.97,3,$2.30,5,,$1.44,59.72%,,,,$1.30,-9.72%,-$2.73,-289.65%,$58.88,3989.12%,PACB,NASDAQ:PACB,-0.207,$2.38,-3.36%
NASDAQ:PANW,20 Aug 2025,$177.95,3,,,,$285.26,-37.62%,,,,$283.54,-0.60%,$0.00,-100.00%,$0.00,-100.00%,PANW,NASDAQ:PANW,-0.362,$206.14,
NYSE:PAR,19 Aug 2025,$40.18,2,,,,$16.38,145.27%,,,,$14.95,-8.73%,$7.66,-53.23%,$20.11,22.78%,PAR,NYSE:PAR,-0.628,$35.00,
NASDAQ:PAX,13 Nov 2025,$16.56,3,$16.00,6,,$10.76,48.70%,,,,$11.49,6.78%,$30.44,182.88%,$31.67,194.32%,PAX,NASDAQ:PAX,0.147,$16.36,-2.20%
NYSE:PAYC,26 Mar 2026,$152.82,3,$150.36,7,,$127.22,18.19%,,,,$123.55,-2.88%,$0.00,-100.00%,$0.00,-100.00%,PAYC,NYSE:PAYC,-0.552,$151.53,-0.77%
NASDAQ:PAYO,3 Sep 2025,$7.80,3,$10.50,7,,$7.09,9.96%,,,,$7.05,-0.56%,-$10.24,-244.40%,-$7.46,-205.16%,PAYO,NASDAQ:PAYO,-0.364,$7.50,40.00%
NASDAQ:PAYS,11 Feb 2026,$3.74,3,$9.00,7,,$7.69,-51.38%,,,,$7.22,-6.11%,$53.09,590.42%,$55.70,624.27%,PAYS,NASDAQ:PAYS,-0.339,$9.80,-8.16%
NASDAQ:PAYX,19 Aug 2025,$129.02,2,,,,$96.30,33.97%,,,,$97.95,1.71%,$0.00,-100.00%,$0.00,-100.00%,PAYX,NASDAQ:PAYX,-0.349,$100.93,
NYSE:PB,19 Nov 2025,$75.08,4,$78.17,7,,$72.60,3.42%,,,,$74.07,2.02%,-$197.87,-372.54%,-$194.04,-367.27%,PB,NYSE:PB,0.267,$77.38,1.02%
NYSE:PBA,16 Sep 2025,$40.71,4,$41.47,8,,$46.49,-12.44%,,,,$48.57,4.47%,$53.17,14.38%,$64.40,38.53%,PBA,NYSE:PBA,0.436,$41.07,0.97%
NYSE:PBI,19 Aug 2025,$11.44,3,$11.50,7,,$17.37,-34.13%,,,,$17.73,2.07%,$80.28,362.16%,$93.50,438.26%,PBI,NYSE:PBI,0.349,$12.70,-9.45%
NYSE:PBR,19 Jun 2026,$19.59,5,$22.50,9,4.5,$16.45,19.09%,19.09%,$19.59,$22.50,$17.80,8.21%,$19.55,18.84%,$83.14,405.39%,PBR,NYSE:PBR,0.691,$21.29,5.68%
NYSE:PBR.A,16 Jun 2026,$17.40,5,,,4.25,$14.74,18.02%,18.02%,$17.40,$19.04,$15.72,6.65%,$44.94,204.87%,$147.39,899.92%,PBR.A,NYSE:PBR.A,0.472,$19.04,
NYSE:PCG,10 Jun 2026,$18.32,4,$23.13,3,3.75,$17.12,7.01%,7.01%,$18.32,$23.13,$17.47,2.04%,-$26.03,-252.03%,-$24.11,-240.86%,PCG,NYSE:PCG,0.512,$22.84,1.27%
NYSE:PCOR,27 Jan 2026,$68.73,3,$87.91,7,,$39.00,76.24%,,,,$38.61,-1.00%,$0.00,-100.00%,$0.00,-100.00%,PCOR,NYSE:PCOR,-0.443,$70.58,24.55%
NASDAQ:PDD,20 Aug 2025,$133.52,3,$124.92,5,,$75.75,64.91%,,,,$76.39,0.84%,"$1,097.63",1349.02%,"$1,098.07",1349.59%,PDD,NASDAQ:PDD,-0.194,$142.99,-12.64%
NASDAQ:PDFS,27 Jan 2026,$35.52,3,$34.75,7,,$63.56,-45.33%,,,,$64.14,0.91%,$63.13,-0.67%,$66.30,4.31%,PDFS,NASDAQ:PDFS,0.101,$41.00,-15.24%
NYSE:PDM,14 Jul 2025,$11.58,4,$8.50,6,,$8.86,-4.06%,,,,$9.33,5.30%,-$7.27,-182.09%,$9.86,11.31%,PDM,NYSE:PDM,0.294,$9.67,-12.10%
NYSE:PEB,23 Dec 2025,$17.33,3,$12.00,7,,$18.62,-35.55%,,,,$19.35,3.92%,$24.37,30.87%,$48.88,162.52%,PEB,NYSE:PEB,0.241,$14.15,-15.19%
NASDAQ:PEBO,16 Jan 2026,$32.08,3,$33.17,10,,$37.71,-14.92%,,,,$38.02,0.82%,-$149.94,-497.62%,-$149.23,-495.72%,PEBO,NASDAQ:PEBO,0.117,$37.17,-10.76%
NASDAQ:PEGA,11 Feb 2026,$49.55,5,$72.00,9,,$29.92,65.60%,,,,$28.98,-3.14%,$84.24,181.56%,$86.33,188.53%,PEGA,NASDAQ:PEGA,-0.504,$58.18,23.75%
NYSE:PEN,11 Dec 2025,$225.97,1,$307.92,10,,$316.36,-28.57%,,,,$316.01,-0.11%,$0.00,-100.00%,$0.00,-100.00%,PEN,NYSE:PEN,-0.510,$365.79,-15.82%
NASDAQ:PFBC,27 May 2026,$99.21,3,$107.50,5,3.25,$103.94,-4.55%,-4.55%,$99.21,$107.50,$104.68,0.71%,$0.00,-100.00%,$0.00,-100.00%,PFBC,NASDAQ:PFBC,0.403,$103.75,3.61%
NYSE:PFE,26 Mar 2026,$30.96,5,$29.07,6,,$24.04,20.92%,,,,$24.98,3.91%,$0.00,-100.00%,$0.00,-100.00%,PFE,NYSE:PFE,-0.102,$29.00,0.24%
NYSE:PFGC,4 Sep 2025,$88.60,1,,,,$106.43,-16.75%,,,,$106.61,0.17%,$209.75,97.08%,$294.07,176.31%,PFGC,NYSE:PFGC,0.105,$117.83,
NASDAQ:PFIS,19 Mar 2026,$59.16,3,$56.00,6,,$65.00,-13.85%,,,,$65.91,1.40%,$0.00,-100.00%,$0.00,-100.00%,PFIS,NASDAQ:PFIS,0.264,$58.50,-4.27%
NYSE:PFLT,20 Feb 2026,$9.26,3,$10.25,8,,#N/A,#N/A,,,,$7.28,#N/A,$47.06,#N/A,$60.83,#N/A,PFLT,NYSE:PFLT,-0.114,$10.25,0.00%
NYSE:PFS,18 Nov 2025,$20.08,3,$22.00,3,,$23.37,-14.08%,,,,$23.87,2.14%,-$110.61,-573.31%,-$102.67,-539.33%,PFS,NYSE:PFS,0.137,$24.60,-10.57%
NASDAQ:PFSA,11 Dec 2025,$0.26,3,,,,$0.13,103.38%,,,,$0.12,-7.69%,$0.00,-100.00%,$0.00,-100.00%,PFSA,NASDAQ:PFSA,-0.715,,
NYSE:PFSI,4 Oct 2024,$102.39,3,,,,$83.35,22.84%,,,,$82.75,-0.72%,$0.00,-100.00%,$0.00,-100.00%,PFSI,NYSE:PFSI,0.166,$123.29,
NASDAQ:PGEN,23 Dec 2025,$3.53,3,$9.00,7,,$5.40,-34.56%,,,,$5.34,-1.11%,$4.50,-16.58%,$4.54,-15.92%,PGEN,NASDAQ:PGEN,-0.017,$9.50,-5.26%
NYSE:PGR,18 Sep 2025,$210.79,1,,,,$220.50,-4.41%,,,,$211.99,-3.86%,$0.00,-100.00%,$0.00,-100.00%,PGR,NYSE:PGR,-0.211,$229.90,
NYSE:PH,3 Jul 2024,$534.00,1,$759.92,6,,$961.09,-44.44%,,,,$983.17,2.30%,"$1,296.28",34.88%,"$1,219.53",26.89%,PH,NYSE:PH,0.373,"$1,043.04",-27.14%
NYSE:PHG,11 Dec 2025,$35.54,3,,7,,$26.73,32.97%,,,,$26.83,0.37%,$73.20,173.84%,$89.06,233.19%,PHG,NYSE:PHG,-0.145,$33.74,
NYSE:PHM,31 Mar 2026,$124.03,4,$141.83,3,,$135.71,-8.61%,,,,$129.73,-4.41%,$249.07,83.53%,$256.02,88.65%,PHM,NYSE:PHM,0.214,$135.57,4.62%
NASDAQ:PI,27 Jan 2026,$144.68,2,$240.50,8,,$127.98,13.05%,,,,$133.14,4.03%,$131.21,2.52%,$136.24,6.45%,PI,NASDAQ:PI,0.392,$167.00,44.01%
NYSE:PIPR,16 Jun 2026,$72.06,3,$97.00,4,3.5,$79.08,-8.88%,-8.88%,$72.06,$97.00,$85.95,8.69%,$0.00,-100.00%,$0.00,-100.00%,PIPR,NYSE:PIPR,0.809,$95.12,1.98%
NYSE:PKST,14 Jan 2026,$15.34,4,$17.00,6,,#N/A,#N/A,,,,,#N/A,-$2.00,#N/A,-$2.00,#N/A,PKST,NYSE:PKST,-2.000,,
NYSE:PL,7 Jul 2025,$5.02,3,,,,$26.30,-80.91%,,,,$29.97,13.95%,$0.00,-100.00%,$0.00,-100.00%,PL,NYSE:PL,0.322,$35.22,
NASDAQ:PLAB,1 May 2026,$41.22,2,$47.00,6,,$31.65,30.22%,,,,$31.67,0.06%,$0.00,-100.00%,$0.00,-100.00%,PLAB,NASDAQ:PLAB,-0.076,$47.00,0.00%
NASDAQ:PLMR,16 Sep 2025,$107.46,3,,,,$118.91,-9.63%,,,,$113.93,-4.19%,$349.23,193.70%,$372.29,213.08%,PLMR,NASDAQ:PLMR,-0.326,$164.17,
NYSE:PLNT,4 Sep 2025,$92.00,1,,,,$53.86,70.81%,,,,$50.83,-5.63%,$61.11,13.46%,$95.52,77.36%,PLNT,NYSE:PLNT,-0.273,$108.39,
NYSE:PLOW,20 Sep 2024,$36.15,4,,,,$50.31,-28.15%,,,,$49.01,-2.58%,$271.00,438.67%,$282.85,462.21%,PLOW,NYSE:PLOW,-0.263,$50.50,
NASDAQ:PLTR,14 Aug 2025,$120.98,1,,,,$113.51,6.58%,,,,$115.90,2.11%,$134.97,18.90%,$135.12,19.04%,PLTR,NASDAQ:PLTR,-0.523,$181.14,
NASDAQ:PLUS,27 Oct 2025,$88.78,3,,6,,$80.81,9.86%,,,,$77.66,-3.90%,$301.87,273.55%,$319.41,295.26%,PLUS,NASDAQ:PLUS,-0.502,$115.00,
NASDAQ:PLXS,27 Jan 2026,$181.83,3,,,,$286.59,-36.55%,,,,$300.24,4.76%,$389.97,36.07%,$416.29,45.26%,PLXS,NASDAQ:PLXS,0.211,$200.80,
NYSE:PM,25 Aug 2025,$144.36,2,,,,$178.78,-19.25%,,,,$185.13,3.55%,$307.21,71.84%,$329.87,84.51%,PM,NYSE:PM,0.514,$194.83,
NASDAQ:PMTS,26 Aug 2025,$22.24,3,,,,$18.88,17.80%,,,,,-100.00%,-$2.00,-110.59%,-$2.00,-110.59%,PMTS,NASDAQ:PMTS,-2.000,,
NYSE:PNC,19 Nov 2025,$182.16,3,$223.09,8,,$239.92,-24.07%,,,,$244.57,1.94%,$0.00,-100.00%,$0.00,-100.00%,PNC,NYSE:PNC,0.289,$253.32,-11.93%
NASDAQ:PNFP,28 Jul 2025,$101.11,3,$121.91,7,,$97.02,4.22%,,,,,-100.00%,-$2.00,-102.06%,-$2.00,-102.06%,PNFP,NYSE:PNFP,-2.000,,
NYSE:PNNT,20 Feb 2026,$6.99,4,$5.50,1,,$3.38,62.72%,,,,$3.53,4.44%,$35.22,941.97%,$74.40,2101.10%,PNNT,NYSE:PNNT,0.086,$5.38,2.23%
NYSE:PNR,11 Nov 2025,$102.58,2,$124.75,7,,$74.81,37.12%,,,,$76.38,2.10%,$155.83,108.31%,$167.43,123.80%,PNR,NYSE:PNR,0.396,$102.26,21.99%
NASDAQ:PODD,11 Dec 2025,$276.82,2,$381.12,9,,$148.88,85.93%,,,,$140.45,-5.66%,$0.00,-100.00%,$0.00,-100.00%,PODD,NASDAQ:PODD,-0.649,$326.35,16.78%
NASDAQ:POET,5 Feb 2026,$6.44,3,,7,,$10.69,-39.75%,,,,$10.75,0.56%,$9.59,-10.28%,$9.63,-9.90%,POET,NASDAQ:POET,-0.053,$8.20,
NASDAQ:POOL,23 Aug 2025,$310.70,3,,,,$205.36,51.29%,,,,$195.12,-4.99%,$415.77,102.46%,$461.71,124.83%,POOL,NASDAQ:POOL,-0.189,$262.73,
NYSE:POR,6 Feb 2026,$50.85,4,$49.60,7,,$52.08,-4.76%,,,,$52.44,0.69%,$8.95,-82.81%,-$25.33,-148.64%,POR,NYSE:POR,0.348,$52.50,-5.52%
NYSE:POST,2 Apr 2026,$109.06,5,$128.50,2,,$90.84,20.06%,,,,$87.62,-3.54%,$0.00,-100.00%,$0.00,-100.00%,POST,NYSE:POST,-0.419,$122.43,4.96%
NASDAQ:POWI,5 Feb 2026,$72.10,3,$52.50,5,,$81.86,-35.87%,,,,$87.30,6.65%,$0.00,-100.00%,$0.00,-100.00%,POWI,NASDAQ:POWI,0.380,$55.75,-5.83%
NASDAQ:PPC,19 Aug 2025,$43.27,2,,,,$27.56,56.98%,,,,$27.08,-1.74%,$69.82,153.33%,$22.73,-17.53%,PPC,NASDAQ:PPC,-0.263,$40.57,
NASDAQ:PPIH,20 Apr 2026,$30.77,3,,7,,$27.42,12.21%,,,,$28.33,3.32%,$106.60,288.75%,$114.82,318.74%,PPIH,NASDAQ:PPIH,0.131,$39.00,
NYSE:PR,11 Nov 2025,$15.75,5,$18.13,3,,$18.70,-15.78%,,,,$19.88,6.31%,$25.17,34.60%,$66.39,255.03%,PR,NYSE:PR,0.327,$25.20,-28.06%
NYSE:PRA,11 Dec 2025,$26.77,3,,3,,$25.00,7.08%,,,,$24.71,-1.16%,-$42.79,-271.17%,-$44.37,-277.50%,PRA,NYSE:PRA,-0.292,$25.00,
NASDAQ:PRCH,29 Jan 2026,$6.54,3,$18.17,8,,$13.15,-50.26%,,,,$12.03,-8.52%,$17.24,31.07%,$20.11,52.92%,PRCH,NASDAQ:PRCH,-0.065,$16.25,11.82%
NASDAQ:PRCT,11 Dec 2025,$43.52,3,$50.71,5,,$20.85,108.73%,,,,$20.05,-3.84%,$18.57,-10.96%,$18.79,-9.86%,PRCT,NASDAQ:PRCT,-0.279,$30.11,68.42%
NASDAQ:PRDO,28 Apr 2026,$43.66,5,$42.00,8,,$32.89,27.70%,,,,$34.46,4.77%,$71.60,117.70%,$81.53,147.87%,PRDO,NASDAQ:PRDO,0.566,$42.00,0.00%
NASDAQ:PRGS,22 Jan 2026,$57.12,3,$59.75,7,,$29.96,90.64%,,,,$27.94,-6.74%,$0.00,-100.00%,$0.00,-100.00%,PRGS,NASDAQ:PRGS,-0.518,$50.83,17.55%
NYSE:PRIM,23 Aug 2024,$53.96,3,,,,$92.69,-41.79%,,,,$89.65,-3.28%,$186.59,101.31%,$217.19,134.32%,PRIM,NYSE:PRIM,0.593,$178.00,
NYSEAMERICAN:PRK,7 Oct 2025,$164.00,1,,,,$180.83,-9.31%,,,,$182.86,1.12%,$0.00,-100.00%,$0.00,-100.00%,PRK,NYSEAMERICAN:PRK,0.132,$184.00,
NASDAQ:PROK,10 Jul 2025,$2.60,,$4.50,7,,$1.77,46.89%,,,,$1.72,-2.82%,-$0.17,-109.33%,-$0.07,-104.05%,PROK,NASDAQ:PROK,-0.468,$6.25,-28.00%
NASDAQ:PRSO,29 Jan 2026,$1.15,4,$3.00,,,$0.82,39.96%,,,,,-100.00%,-$2.00,-343.90%,-$2.00,-343.90%,PRSO,NASDAQ:PRSO,-2.000,,
NASDAQ:PRTH,10 Feb 2026,$10.32,3,$13.00,1,,$7.09,45.58%,,,,$6.95,-1.97%,-$4.49,-163.36%,$7.80,10.08%,PRTH,NASDAQ:PRTH,-0.253,$9.80,32.65%
NASDAQ:PSIX,28 Apr 2026,$74.87,3,$109.00,9,,$38.44,94.77%,,,,$37.72,-1.87%,$68.06,77.05%,$72.06,87.46%,PSIX,NASDAQ:PSIX,-0.136,$102.97,5.86%
NYSE:PSN,16 Feb 2026,$83.99,5,$81.64,7,,$48.84,67.16%,,,,$49.44,1.23%,$108.98,123.13%,$128.29,162.68%,PSN,NYSE:PSN,-0.192,$71.50,14.18%
NASDAQ:PSNY,29 Nov 2024,$1.30,3,,,,$20.33,-93.61%,,,,,-100.00%,-$2.00,-109.84%,-$2.00,-109.84%,PSNY,NASDAQ:PSNY,-2.000,,
NYSE:PSTG,19 Aug 2025,$64.73,3,,,,#N/A,#N/A,,,,$0.00,#N/A,$0.00,#N/A,$0.00,#N/A,PSTG,NYSE:PSTG,-1.000,$91.21,
NYSE:PSX,16 Jun 2026,$157.96,2,$198.64,9,3.5,$168.64,-6.33%,-6.33%,$157.96,$198.64,$179.31,6.33%,$142.91,-15.26%,$198.32,17.60%,PSX,NYSE:PSX,0.742,$185.58,7.04%
NASDAQ:PTC,19 Jan 2026,$176.72,3,$218.00,6,,$112.93,56.48%,,,,$111.70,-1.09%,$239.24,111.84%,$258.93,129.28%,PTC,NASDAQ:PTC,-0.529,$184.16,18.38%
NASDAQ:PTEN,21 Jul 2025,$10.35,3,$8.03,2,,$9.52,-15.65%,,,,$10.67,12.08%,$21.95,130.59%,$32.14,237.65%,PTEN,NASDAQ:PTEN,0.754,$11.36,-29.31%
NASDAQ:PTLO,14 Jan 2026,$9.61,3,$6.30,3,,$4.34,45.16%,,,,$4.00,-7.83%,$0.00,-100.00%,$0.00,-100.00%,PTLO,NASDAQ:PTLO,-0.739,$7.71,-18.29%
NASDAQ:PUBM,29 Jan 2026,$11.75,3,$12.92,7,,$11.92,-1.39%,,,,$11.42,-4.19%,$19.80,66.10%,$13.39,12.35%,PUBM,NASDAQ:PUBM,-0.111,$11.83,9.21%
NYSE:PWR,23 Aug 2025,$272.00,1,,,,$701.88,-61.25%,,,,$746.33,6.33%,$685.62,-2.32%,$801.95,14.26%,PWR,NYSE:PWR,0.597,$600.67,
NASDAQ:PZZA,18 Sep 2025,$56.89,4,$48.40,9,,$35.99,34.48%,,,,$34.53,-4.06%,$6.01,-83.29%,$38.92,8.15%,PZZA,NASDAQ:PZZA,-0.136,$38.27,26.47%
NYSE:Q,9 Feb 2026,$106.61,3,,,,$158.73,-32.83%,,,,$170.57,7.46%,$0.00,-100.00%,$0.00,-100.00%,Q,NYSE:Q,0.183,$144.25,
NASDAQ:QCOM,27 Jan 2026,$171.89,4,$193.33,6,,$197.33,-12.89%,,,,$216.85,9.89%,$264.23,33.90%,$279.94,41.86%,QCOM,NASDAQ:QCOM,0.618,$168.50,14.74%
NASDAQ:QCRH,28 Apr 2026,$93.80,3,$102.67,9,,$96.23,-2.53%,,,,$97.44,1.26%,$0.00,-100.00%,$0.00,-100.00%,QCRH,NASDAQ:QCRH,0.044,$100.40,2.26%
NASDAQ:QDEL,11 Dec 2025,$47.57,3,$27.75,6,,$12.21,127.27%,,,,$11.96,-2.05%,$10.89,-10.82%,$97.38,697.53%,QDEL,NASDAQ:QDEL,-0.405,$27.00,2.78%
NASDAQ:QFIN,9 Sep 2025,$29.99,3,$48.39,5,,$15.18,97.56%,,,,$15.06,-0.79%,$227.31,1397.41%,$227.68,1399.87%,QFIN,NASDAQ:QFIN,-0.266,$23.56,105.39%
NASDAQ:QLYS,10 Feb 2026,$147.47,5,$136.87,5,,$115.34,18.67%,,,,$110.90,-3.85%,$244.95,112.37%,$251.54,118.08%,QLYS,NASDAQ:QLYS,-0.335,$130.44,4.93%
NASDAQ:QRVO,19 Jan 2026,$81.21,3,$100.08,6,,$97.18,-16.43%,,,,$99.13,2.01%,$0.00,-100.00%,$0.00,-100.00%,QRVO,NASDAQ:QRVO,-0.026,$88.93,12.54%
NASDAQ:QSI,11 Dec 2025,$1.94,3,$2.83,2,,$0.83,134.25%,,,,$0.88,6.02%,-$0.40,-148.51%,-$0.35,-141.61%,QSI,NASDAQ:QSI,-0.355,$2.50,13.20%
NYSE:QSR,4 Mar 2026,$71.96,3,$79.11,9,,$72.76,-1.10%,,,,$71.88,-1.21%,$63.07,-13.31%,$71.90,-1.18%,QSR,NYSE:QSR,-0.062,$83.29,-5.02%
NASDAQ:QTRX,16 Dec 2025,$12.46,3,$6.00,5,,$3.78,58.73%,,,,$3.18,-15.87%,-$1.22,-132.36%,$1.73,-54.14%,QTRX,NASDAQ:QTRX,-0.515,$5.33,12.57%
NYSE:QUAD,19 Jun 2026,$7.33,3,$9.93,9,3.75,$7.92,-7.45%,-7.45%,$7.33,$9.93,$8.30,4.80%,$195.85,2372.80%,$232.26,2832.55%,QUAD,NYSE:QUAD,0.507,$9.93,0.00%
NASDAQ:QUIK,5 Feb 2026,$6.78,3,,,,$17.73,-61.78%,,,,$22.45,26.62%,$22.31,25.83%,$20.96,18.19%,QUIK,NASDAQ:QUIK,0.391,$9.67,
NYSE:QXO,19 Aug 2025,$30.22,3,$31.06,10,,$16.93,78.48%,,,,$16.21,-4.25%,$0.00,-100.00%,$0.00,-100.00%,QXO,NYSE:QXO,-0.434,$32.69,-4.99%
NYSE:RACE,15 Dec 2025,$403.82,3,$465.44,6,,$348.75,15.79%,,,,$344.07,-1.34%,$0.00,-100.00%,$0.00,-100.00%,RACE,NYSE:RACE,-0.408,$447.45,4.02%
NASDAQ:RAIL,28 Apr 2026,$11.16,4,,,,$9.26,20.56%,,,,$8.61,-7.02%,$13.69,47.81%,$17.96,93.96%,RAIL,NASDAQ:RAIL,-0.560,$15.00,
NYSE:RAMP,23 Jan 2026,$30.65,5,$42.20,7,,$37.45,-18.17%,,,,$38.15,1.87%,$89.05,137.79%,$91.85,145.27%,RAMP,NYSE:RAMP,-0.009,$37.88,11.40%
NASDAQ:RBB,1 Jun 2026,$24.58,3,$24.00,4,3,$26.61,-9.81%,-9.81%,$22.60,$24.58,$26.64,0.11%,$0.00,-100.00%,$0.00,-100.00%,RBB,NASDAQ:RBB,0.392,$22.60,6.19%
NYSE:RBC,23 Aug 2025,$337.00,1,,,,$638.94,-47.26%,,,,$634.34,-0.72%,$781.54,22.32%,$851.89,33.33%,RBC,NYSE:RBC,-0.134,$598.71,
NASDAQ:RBCAA,20 Oct 2025,$70.90,3,,,,$87.87,-19.31%,,,,$89.25,1.57%,-$110.67,-225.95%,-$96.06,-209.32%,RBCAA,NASDAQ:RBCAA,0.213,$75.00,
NYSE:RBLX,2 Jan 2026,$67.48,2,,,,$47.94,40.76%,,,,$46.50,-3.00%,$63.74,32.96%,$69.89,45.80%,RBLX,NYSE:RBLX,-0.328,$104.17,
NYSE:RBOT,16 Dec 2025,$3.89,3,,,,#N/A,#N/A,,,,,#N/A,-$2.00,#N/A,-$2.00,#N/A,RBOT,NYSE:RBOT,-2.000,,
NYSE:RBRK,20 Aug 2025,$54.72,2,,,,$74.52,-26.57%,,,,$70.03,-6.03%,$0.00,-100.00%,$0.00,-100.00%,RBRK,NYSE:RBRK,-0.244,$85.79,
NYSE:RC,1 Sep 2025,$5.36,3,$4.15,4,,$1.71,142.69%,,,,$1.60,-6.43%,-$9.57,-659.44%,-$13.38,-882.18%,RC,NYSE:RC,-0.302,$1.80,130.56%
NASDAQ:RCEL,4 Dec 2025,$9.25,3,$8.38,1,,$3.95,112.15%,,,,$3.79,-4.05%,-$1.52,-138.57%,-$1.43,-136.12%,RCEL,NASDAQ:RCEL,-0.306,$8.68,-3.46%
NASDAQ:RCKY,16 Apr 2026,$43.95,3,$53.00,8,,$40.65,8.13%,,,,$42.31,4.08%,$0.00,-100.00%,$0.00,-100.00%,RCKY,NASDAQ:RCKY,0.267,$53.00,0.00%
NYSE:RCL,8 Apr 2026,$279.75,3,$368.93,4,,$320.95,-12.84%,,,,$280.60,-12.57%,$414.02,29.00%,$501.76,56.33%,RCL,NYSE:RCL,-0.325,$341.50,8.03%
NYSE:RDN,23 Jun 2026,$35.58,4,$45.33,8,4,$36.56,-2.69%,-2.69%,$35.58,$45.33,$36.88,0.88%,$100.04,173.64%,$91.17,149.36%,RDN,NYSE:RDN,0.577,$40.67,11.46%
NYSE:RDW,21 Jul 2025,$13.29,2,,,,$11.38,16.76%,,,,$13.55,19.07%,$11.09,-2.59%,$12.14,6.64%,RDW,NYSE:RDW,0.241,$14.00,
NASDAQ:REG,21 Jul 2025,$72.09,1,,,,$79.86,-9.73%,,,,$81.82,2.45%,$103.33,29.38%,$140.67,76.15%,REG,NASDAQ:REG,0.648,$83.42,
NYSEAMERICAN:REI,20 Aug 2025,$1.08,,$2.99,3,,$1.07,0.93%,,,,$1.18,10.28%,$1.93,80.08%,$6.13,472.87%,REI,NYSEAMERICAN:REI,0.060,$2.50,19.60%
NASDAQ:REKR,9 Feb 2026,$1.09,3,$4.00,4,,$0.62,75.23%,,,,$0.63,1.61%,-$0.12,-119.85%,$0.32,-48.47%,REKR,NASDAQ:REKR,-0.325,$3.00,33.33%
NYSE:RELX,19 Aug 2025,$47.40,3,,,,$31.15,52.16%,,,,$32.49,4.30%,$0.00,-100.00%,$0.00,-100.00%,RELX,NYSE:RELX,0.439,$52.10,
NASDAQ:RELY,29 Jan 2026,$17.63,3,$20.20,4,,$21.45,-17.79%,,,,$20.53,-4.29%,$50.99,137.73%,$57.01,165.80%,RELY,NASDAQ:RELY,-0.057,$22.22,-9.09%
NYSEAMERICAN:REPX,12 Feb 2026,,,$36.00,7,,$32.69,10.13%,,,,$33.29,1.84%,$57.92,77.17%,$138.48,323.62%,REPX,NYSEAMERICAN:REPX,-0.202,$48.00,-25.00%
NYSE:RES,30 Dec 2025,$6.58,4,$5.50,5,,$5.72,-3.85%,,,,$6.75,18.01%,$0.00,-100.00%,$0.00,-100.00%,RES,NYSE:RES,0.426,$6.44,-14.60%
NYSE:REVG,24 Oct 2024,$28.28,3,,,,#N/A,#N/A,,,,,#N/A,-$2.00,#N/A,-$2.00,#N/A,REVG,NYSE:REVG,-2.000,,
NASDAQ:REYN,28 Apr 2026,$27.91,5,$24.00,6,,$25.73,-6.72%,,,,$24.05,-6.53%,$72.66,182.39%,$83.89,226.05%,REYN,NASDAQ:REYN,-0.237,$25.14,-4.53%
NYSE:REZI,17 Aug 2025,$32.83,3,$32.00,9,,$31.87,0.41%,,,,$30.02,-5.80%,$0.00,-100.00%,$0.00,-100.00%,REZI,NYSE:REZI,-0.630,$49.00,-34.69%
NYSE:RF,1 Jun 2026,$29.85,3,$30.31,3,2.75,$29.49,1.22%,1.22%,$29.85,$30.32,$29.96,1.59%,$0.00,-100.00%,$0.00,-100.00%,RF,NYSE:RF,0.184,$30.32,-0.03%
NASDAQ:RGLD,16 Aug 2025,$142.50,1,,,,$202.24,-29.54%,,,,$206.97,2.34%,$352.14,74.12%,$411.89,103.67%,RGLD,NASDAQ:RGLD,-0.358,$335.33,
NASDAQ:RGNX,23 Dec 2025,$16.55,3,$28.57,9,,$9.97,65.96%,,,,$8.99,-9.83%,$0.00,-100.00%,$0.00,-100.00%,RGNX,NASDAQ:RGNX,-0.308,$27.82,2.70%
NASDAQ:RGTI,28 Jul 2025,$11.56,2,,,,$19.54,-40.82%,,,,$20.39,4.35%,$20.54,5.14%,$20.60,5.44%,RGTI,NASDAQ:RGTI,-0.229,$31.54,
NYSE:RH,31 Jul 2024,$352.46,3,,,,$156.54,125.16%,,,,$142.37,-9.05%,$0.00,-100.00%,$0.00,-100.00%,RH,NYSE:RH,-0.056,$158.59,
NYSE:RHI,15 Dec 2025,$46.27,3,$29.57,5,,$30.08,-1.70%,,,,$30.52,1.46%,$78.05,159.48%,$85.52,184.31%,RHI,NYSE:RHI,0.105,$30.00,-1.43%
NYSE:RIO,18 Aug 2025,$75.60,5,$64.00,8,,$94.03,-31.94%,,,,$96.26,2.37%,$0.00,-100.00%,$0.00,-100.00%,RIO,NYSE:RIO,-0.130,$97.66,-34.47%
NYSE:RITM,12 Aug 2025,$14.18,4,$14.06,8,,$9.24,52.16%,,,,$9.15,-0.97%,-$28.85,-412.22%,-$29.19,-415.90%,RITM,NYSE:RITM,-0.325,$14.06,0.00%
NASDAQ:RIVN,15 Dec 2025,$17.90,3,$20.62,6,,$14.64,22.29%,,,,$14.94,2.05%,$21.36,45.93%,$27.94,90.87%,RIVN,NASDAQ:RIVN,-0.204,$18.12,13.80%
NYSE:RJF,18 Feb 2026,$166.94,3,$187.40,5,,$154.79,7.85%,,,,$155.22,0.28%,$0.00,-100.00%,$0.00,-100.00%,RJF,NYSE:RJF,-0.357,$170.83,9.70%
NYSE:RKT,5 Mar 2025,$14.85,3,$13.29,3,,$14.73,-9.78%,,,,$14.21,-3.53%,$0.00,-100.00%,$0.00,-100.00%,RKT,NYSE:RKT,0.586,$20.73,-35.89%
NYSE:RLJ,23 Dec 2025,$12.06,3,$8.20,7,,$11.32,-27.56%,,,,$11.84,4.59%,$8.56,-24.39%,$21.07,86.10%,RLJ,NYSE:RLJ,0.259,$8.43,-2.73%
NYSE:RLX,25 Aug 2025,$2.18,3,,,,$1.79,22.06%,,,,$1.76,-1.68%,$76.94,4198.15%,$77.01,4202.27%,RLX,NYSE:RLX,-0.914,$3.12,
NYSE:RM,19 Nov 2025,$39.22,3,,3,,$38.95,0.69%,,,,$40.14,3.06%,$176.74,353.75%,$195.18,401.09%,RM,NYSE:RM,0.398,$47.00,
NASDAQ:RMBS,27 Jan 2026,$80.55,1,$113.50,10,,$124.54,-35.33%,,,,$138.90,11.53%,$172.43,38.46%,$179.54,44.16%,RMBS,NASDAQ:RMBS,0.654,$139.25,-18.49%
NASDAQ:RMNI,11 Feb 2026,$3.40,3,$5.50,5,,$4.22,-19.40%,,,,$4.05,-4.03%,$9.33,121.07%,$10.01,137.24%,RMNI,NASDAQ:RMNI,-0.452,$6.20,-11.29%
NASDAQ:RNAC,23 Dec 2025,$16.10,3,$34.67,9,,$9.64,67.00%,,,,$9.86,2.28%,$9.14,-5.21%,$9.88,2.51%,RNAC,NASDAQ:RNAC,-0.304,$35.57,-2.53%
NYSE:RNG,5 Feb 2026,$39.74,3,$31.25,4,,$35.85,-12.83%,,,,$34.84,-2.82%,$92.62,158.36%,$132.66,270.05%,RNG,NYSE:RNG,-0.113,$37.47,-16.60%
NYSE:RNR,9 Sep 2025,$267.70,4,$269.36,7,,$310.08,-13.67%,,,,$318.61,2.75%,$285.41,-7.95%,$263.66,-14.97%,RNR,NYSE:RNR,0.536,$327.07,-17.64%
NYSE:RNST,19 Nov 2025,$35.55,3,$42.67,4,,$43.29,-17.88%,,,,$44.17,2.03%,$0.00,-100.00%,$0.00,-100.00%,RNST,NYSE:RNST,0.508,$43.86,-2.71%
NASDAQ:ROAD,31 Dec 2025,$101.87,2,,,,$125.15,-18.60%,,,,$129.25,3.28%,$139.11,11.15%,$199.68,59.55%,ROAD,NASDAQ:ROAD,0.270,$139.00,
NYSE:ROG,10 Feb 2026,$105.63,3,$301.50,9,,$162.14,-34.85%,,,,$167.88,3.54%,$217.06,33.87%,$238.93,47.36%,ROG,NYSE:ROG,0.285,$124.33,142.50%
NYSE:ROK,11 Nov 2025,$273.44,1,,,,$460.37,-40.61%,,,,$477.05,3.62%,$0.00,-100.00%,$0.00,-100.00%,ROK,NYSE:ROK,0.210,$421.57,
NASDAQ:ROP,2 May 2025,$525.02,3,$640.91,8,,$331.46,58.40%,,,,$329.84,-0.49%,$564.44,70.29%,$716.21,116.08%,ROP,NASDAQ:ROP,-0.229,$455.88,40.59%
NASDAQ:ROST,16 Sep 2025,$141.75,2,,,,$228.62,-38.00%,,,,$239.12,4.59%,$0.00,-100.00%,$0.00,-100.00%,ROST,NASDAQ:ROST,0.085,$229.81,
NASDAQ:RPAY,2 Sep 2025,$8.53,3,$7.31,3,,$3.26,124.23%,,,,$3.17,-2.76%,$10.06,208.57%,$33.84,937.93%,RPAY,NASDAQ:RPAY,-0.342,$6.11,19.64%
NASDAQ:RPD,20 Jan 2026,$22.06,3,$18.18,7,,$7.08,156.78%,,,,$6.27,-11.44%,$0.00,-100.00%,$0.00,-100.00%,RPD,NASDAQ:RPD,-0.714,$8.93,103.58%
NASDAQ:RR,19 Nov 2025,$2.75,3,$4.50,6,,$1.92,43.02%,,,,$2.00,4.17%,$3.60,87.25%,$3.72,93.53%,RR,NASDAQ:RR,-0.139,$4.00,12.50%
NASDAQ:RRBI,1 Jun 2026,$84.03,3,$94.00,6,3.25,$91.44,-8.10%,-8.10%,$84.03,$101.00,$92.08,0.70%,-$259.95,-384.29%,-$250.78,-374.26%,RRBI,NASDAQ:RRBI,0.353,$101.00,-6.93%
NYSE:RRX,27 Jan 2026,$182.63,5,$180.29,6,,$218.75,-17.58%,,,,$231.67,5.91%,$207.20,-5.28%,$240.94,10.15%,RRX,NYSE:RRX,0.394,$242.44,-25.64%
NYSE:RS,24 Aug 2025,$278.17,3,$327.75,9,,$396.86,-29.91%,,,,$399.92,0.77%,$424.82,7.04%,$478.25,20.51%,RS,NYSE:RS,-0.028,$357.75,-8.39%
NYSE:RTX,18 Aug 2025,$145.60,2,$168.14,8,,$185.06,-21.32%,,,,$193.23,4.41%,$263.10,42.17%,$321.39,73.67%,RTX,NYSE:RTX,0.580,$216.02,-22.16%
NASDAQ:RUN,19 Jan 2026,$14.49,2,$23.86,8,,$14.42,0.47%,,,,$12.81,-11.17%,-$74.31,-615.30%,-$21.67,-250.28%,RUN,NASDAQ:RUN,-0.384,$19.67,21.30%
NASDAQ:RXST,11 Dec 2025,$19.74,3,$9.80,1,,$5.31,84.56%,,,,$4.92,-7.34%,$2.87,-45.90%,$3.59,-32.30%,RXST,NASDAQ:RXST,-0.245,$9.93,-1.31%
NASDAQ:RXT,9 Feb 2026,$0.88,3,$1.35,4,,$6.82,-87.15%,,,,$6.65,-2.49%,-$0.75,-110.96%,$14.17,107.80%,RXT,NASDAQ:RXT,-0.419,$2.17,-37.79%
NYSE:RYI,24 Aug 2025,$26.20,3,$24.00,4,,#N/A,#N/A,,,,$0.00,#N/A,$108.52,#N/A,$88.28,#N/A,RYI,NYSE:RYI,-1.000,$31.00,-22.58%
NASDAQ:SABR,11 Feb 2026,$2.46,3,$2.95,2,,$1.88,30.61%,,,,$1.74,-7.45%,$0.00,-100.00%,$0.00,-100.00%,SABR,NASDAQ:SABR,-0.252,$1.90,55.26%
NYSE:SAM,20 Mar 2026,$295.72,5,$238.40,3,,$182.84,30.39%,,,,$179.42,-1.87%,$378.49,107.01%,$746.42,308.24%,SAM,NYSE:SAM,-0.225,$235.78,1.11%
NYSE:SAN,11 Sep 2025,$7.72,2,,,,$13.37,-42.24%,,,,$13.92,4.11%,-$71.99,-638.44%,-$74.81,-659.53%,SAN,NYSE:SAN,0.230,$11.72,
NASDAQ:SANM,27 Jan 2026,$128.36,1,$180.00,9,,$248.81,-48.41%,,,,$258.27,3.80%,$205.25,-17.51%,$232.45,-6.58%,SANM,NASDAQ:SANM,0.224,$168.75,6.67%
NYSE:SAP,19 Jan 2026,$252.69,3,$275.84,9,,$152.75,65.43%,,,,$154.31,1.02%,$215.42,41.03%,$296.07,93.83%,SAP,NYSE:SAP,-0.125,$290.17,-4.94%
NASDAQ:SBCF,19 Nov 2025,$31.14,3,$34.17,5,,$32.26,-3.47%,,,,$32.55,0.90%,$0.00,-100.00%,$0.00,-100.00%,SBCF,NASDAQ:SBCF,0.318,$35.08,-2.59%
NASDAQ:SBGI,23 Dec 2025,$15.71,3,$19.20,5,,$14.03,11.96%,,,,$13.65,-2.71%,-$10.41,-174.20%,$143.28,921.24%,SBGI,NASDAQ:SBGI,-0.348,$17.71,8.41%
NASDAQ:SBLK,16 Feb 2026,$23.85,3,,6,,$25.67,-7.07%,,,,$27.56,7.36%,$37.13,44.63%,$51.63,101.11%,SBLK,NASDAQ:SBLK,0.027,$29.98,
NYSE:SBS,23 Jun 2026,$5.49,3,,1,3.25,$5.53,-0.65%,-0.65%,$5.49,$32.97,$5.69,2.89%,$8.68,56.93%,$11.94,115.94%,SBS,NYSE:SBS,0.518,$32.97,
NASDAQ:SBSI,14 Oct 2025,$30.23,3,$34.50,3,,$34.90,-13.38%,,,,,-100.00%,-$2.00,-105.73%,-$2.00,-105.73%,SBSI,NYSE:SBSI,-2.000,,
NYSE:SBSI,1 Jun 2026,$34.46,3,$35.50,6,3.25,$34.90,-1.27%,-1.27%,$34.46,$35.50,$35.52,1.78%,-$186.87,-635.46%,-$183.38,-625.43%,SBSI,NYSE:SBSI,0.368,$35.00,1.43%
NYSE:SCHW,24 Jun 2026,$96.20,3,$116.58,7,3.75,$91.39,5.26%,5.26%,$96.20,$116.58,$97.05,6.19%,$0.00,-100.00%,$0.00,-100.00%,SCHW,NYSE:SCHW,0.686,$115.25,1.15%
NASDAQ:SCNX,6 Jun 2025,$1.16,3,,,,$0.37,212.97%,,,,$0.37,0.00%,-$178.99,-48474.65%,$471.32,127282.68%,SCNX,NASDAQ:SCNX,-0.567,$1.50,
NYSE:SCS,28 Oct 2024,$12.86,3,,,,#N/A,#N/A,,,,,#N/A,-$2.00,#N/A,-$2.00,#N/A,SCS,NYSE:SCS,-2.000,,
NASDAQ:SCSC,19 Nov 2025,$53.05,5,$43.00,3,,$49.71,-13.50%,,,,$48.66,-2.11%,$76.52,53.92%,$88.07,77.16%,SCSC,NASDAQ:SCSC,-0.385,$51.67,-16.78%
NYSE:SD,22 Jan 2026,$15.77,3,,5,,$13.74,14.79%,,,,$13.93,1.38%,$28.40,106.70%,$66.02,380.50%,SD,NYSE:SD,-0.069,$15.00,
NYSE:SE,19 Aug 2025,$134.13,1,,,,$92.75,44.62%,,,,$88.24,-4.86%,$197.01,112.41%,$197.90,113.37%,SE,NYSE:SE,-0.023,$138.27,
NASDAQ:SEIC,27 Aug 2025,$87.30,2,,,,$88.89,-1.79%,,,,$90.00,1.25%,$0.00,-100.00%,$0.00,-100.00%,SEIC,NASDAQ:SEIC,-0.378,$97.43,
NYSE:SEM,27 Apr 2026,$23.31,5,$16.50,8,,$16.57,-0.42%,,,,$16.98,2.47%,$15.37,-7.25%,$30.02,81.18%,SEM,NYSE:SEM,0.292,$16.62,-0.72%
NYSE:SEMR,5 Feb 2026,$14.95,4,,,,#N/A,#N/A,,,,,#N/A,-$2.00,#N/A,-$2.00,#N/A,SEMR,NYSE:SEMR,-2.000,,
NYSEAMERICAN:SENS,28 Oct 2025,$7.44,1,$2.69,1,,$5.69,-52.72%,,,,,-100.00%,-$2.00,-135.15%,-$2.00,-135.15%,SENS,NASDAQ:SENS,-2.000,,
NASDAQ:SENS,23 Dec 2025,$8.28,4,$18.92,6,,$5.69,45.60%,,,,$5.94,4.39%,$2.38,-58.16%,$2.44,-57.09%,SENS,NASDAQ:SENS,-0.683,$18.92,0.00%
NASDAQ:SERV,11 Nov 2025,$12.60,3,$20.50,2,,$6.12,105.94%,,,,$6.99,14.22%,$5.85,-4.40%,$5.96,-2.64%,SERV,NASDAQ:SERV,0.354,$18.25,12.33%
NYSE:SF,23 Jun 2026,$83.53,3,$84.00,3,3.5,$72.88,14.61%,14.61%,$83.53,$87.75,$77.92,6.92%,$15.62,-78.57%,$28.28,-61.19%,SF,NYSE:SF,0.816,$87.75,-4.27%
NYSE:SFBS,16 Mar 2026,$84.39,4,$91.00,8,,$84.79,-0.48%,,,,$84.81,0.02%,$0.00,-100.00%,$0.00,-100.00%,SFBS,NYSE:SFBS,0.166,$93.67,-2.85%
NASDAQ:SFM,19 Mar 2026,$146.44,3,$91.64,9,,$85.38,7.33%,,,,$86.85,1.72%,$107.95,26.43%,$165.02,93.28%,SFM,NASDAQ:SFM,0.049,$92.14,-0.54%
NASDAQ:SFNC,2 Oct 2025,$20.10,3,$22.60,8,,$22.71,-11.51%,,,,$23.10,1.72%,$0.00,-100.00%,$0.00,-100.00%,SFNC,NASDAQ:SFNC,0.343,$23.57,-4.12%
NASDAQ:SFST,13 Apr 2026,$53.20,3,$64.00,7,,$59.96,-11.27%,,,,$59.22,-1.23%,-$374.27,-724.20%,-$367.97,-713.70%,SFST,NASDAQ:SFST,-0.132,$64.00,0.00%
NYSE:SG,22 Sep 2025,$11.88,3,$14.64,2,,$8.90,33.49%,,,,$8.18,-8.09%,$0.00,-100.00%,$0.00,-100.00%,SG,NYSE:SG,-0.247,$6.83,114.35%
NYSE:SGHC,28 Oct 2025,$9.69,2,,,,$13.32,-27.29%,,,,$14.04,5.41%,$14.33,7.55%,$14.33,7.55%,SGHC,NYSE:SGHC,0.058,$17.38,
NASDAQ:SGHT,11 Dec 2025,$10.39,3,$6.67,5,,$5.50,21.27%,,,,$5.01,-8.91%,$4.82,-12.29%,$4.99,-9.19%,SGHT,NASDAQ:SGHT,-0.245,$8.34,-20.02%
NASDAQ:SGML,12 Aug 2025,$7.24,3,,,,$12.48,-41.98%,,,,$12.33,-1.20%,$0.00,-100.00%,$0.00,-100.00%,SGML,NASDAQ:SGML,-0.620,$18.17,
NASDAQ:SGRY,24 Aug 2025,$30.88,4,$30.70,8,,$15.22,101.71%,,,,$14.53,-4.53%,$0.00,-100.00%,$0.00,-100.00%,SGRY,NASDAQ:SGRY,-0.130,$18.05,70.08%
NYSE:SHAK,19 Sep 2025,$85.64,2,$132.93,5,,$54.75,56.42%,,,,$53.19,-2.85%,$0.00,-100.00%,$0.00,-100.00%,SHAK,NYSE:SHAK,-0.633,$115.04,15.55%
NASDAQ:SHBI,19 Mar 2026,$18.10,3,$20.50,6,,$22.68,-20.20%,,,,$22.94,1.15%,-$87.40,-485.37%,-$80.05,-452.96%,SHBI,NASDAQ:SHBI,0.101,$21.38,-4.12%
NYSE:SHG,19 Nov 2025,$55.13,3,,5,,$62.52,-11.82%,,,,$64.77,3.60%,"-$1,521,536.30",-2433779.30%,"-$1,518,915.60",-2429587.53%,SHG,NYSE:SHG,-0.066,$91.71,
NASDAQ:SHIP,16 Feb 2026,$10.93,3,$16.00,10,,$14.68,-25.56%,,,,$15.08,2.72%,$76.08,418.23%,$104.61,612.59%,SHIP,NASDAQ:SHIP,-0.121,$17.50,-8.57%
NASDAQ:SHLS,9 Feb 2026,$7.09,2,$10.69,7,,$10.20,-30.54%,,,,$10.19,-0.10%,$12.34,20.97%,$13.05,27.96%,SHLS,NASDAQ:SHLS,-0.296,$9.45,13.12%
NASDAQ:SHOP,22 Jan 2026,$148.25,3,$180.62,6,,$114.17,29.85%,,,,$107.55,-5.80%,$135.18,18.40%,$135.52,18.70%,SHOP,NASDAQ:SHOP,-0.315,$159.70,13.10%
NASDAQ:SHPH,28 Oct 2025,$5.16,3,,,,$3.69,39.73%,,,,,-100.00%,-$2.00,-154.20%,-$2.00,-154.20%,SHPH,NASDAQ:SHPH,-2.000,,
NYSE:SHW,15 May 2024,$256.70,1,,,,$333.13,-22.94%,,,,$338.30,1.55%,$261.36,-21.54%,$312.17,-6.29%,SHW,NYSE:SHW,0.338,$378.19,
NASDAQ:SIBN,11 Dec 2025,$22.76,3,$23.20,6,,$16.34,39.29%,,,,$15.87,-2.88%,$14.64,-10.43%,$17.43,6.68%,SIBN,NASDAQ:SIBN,-0.292,$25.50,-9.02%
NYSE:SIG,27 Mar 2026,$92.19,3,$113.60,10,,$85.09,8.35%,,,,$88.01,3.43%,$0.00,-100.00%,$0.00,-100.00%,SIG,NYSE:SIG,0.167,$110.78,2.55%
NASDAQ:SILC,9 Feb 2026,$16.71,3,,4,,$38.98,-57.14%,,,,$44.70,14.67%,$47.12,20.89%,$47.33,21.42%,SILC,NASDAQ:SILC,0.030,$20.00,
NASDAQ:SIMO,27 Jan 2026,$94.86,1,$119.17,10,,$321.66,-70.51%,,,,$329.91,2.56%,$343.88,6.91%,$321.25,-0.13%,SIMO,NASDAQ:SIMO,0.229,$157.20,-24.19%
NASDAQ:SIRI,5 May 2025,$31.75,3,$22.14,6,,$27.91,-20.67%,,,,$27.78,-0.47%,$37.39,33.98%,$55.27,98.02%,SIRI,NASDAQ:SIRI,-0.033,$24.23,-8.63%
NYSE:SITC,19 Jun 2026,$6.74,5,$6.00,4,4.5,$4.77,25.79%,25.79%,$6.00,$6.74,$5.08,6.50%,$24.57,415.01%,$92.80,1845.54%,SITC,NYSE:SITC,0.911,$6.00,0.00%
NASDAQ:SITM,5 Feb 2026,$354.78,3,,,,$693.57,-48.85%,,,,$741.22,6.87%,$723.05,4.25%,$743.98,7.27%,SITM,NASDAQ:SITM,0.209,$495.56,
NYSE:SJM,18 Aug 2025,$126.48,5,$113.93,4,,$111.63,2.06%,,,,$109.26,-2.12%,$0.00,-100.00%,$0.00,-100.00%,SJM,NYSE:SJM,-0.207,$120.25,-5.26%
NYSE:SKE,24 Oct 2025,$9.86,2,,,,$25.52,-61.36%,,,,$25.84,1.25%,$20.32,-20.37%,$20.38,-20.13%,SKE,NYSE:SKE,-0.609,,
NASDAQ:SKWD,26 Aug 2025,$42.11,3,,,,$54.40,-22.59%,,,,$51.95,-4.50%,$0.00,-100.00%,$0.00,-100.00%,SKWD,NASDAQ:SKWD,-0.231,$60.18,
NYSE:SKY,31 Mar 2026,$97.81,5,$102.33,4,,$88.23,10.86%,,,,$82.16,-6.88%,$145.95,65.42%,$154.32,74.91%,SKY,NYSE:SKY,-0.136,$95.40,7.26%
NASDAQ:SKYT,26 May 2026,$23.87,3,$35.00,8,3.25,$35.05,-31.89%,,,,$39.06,11.44%,$41.64,18.80%,$38.86,10.86%,SKYT,NASDAQ:SKYT,0.354,$35.00,0.00%
NASDAQ:SLAB,27 Jan 2026,$111.32,1,,,,$218.00,-48.94%,,,,$228.62,4.87%,$252.30,15.73%,$257.19,17.98%,SLAB,NASDAQ:SLAB,0.692,$222.86,
NYSE:SLB,4 Dec 2025,$45.66,3,$45.76,9,,$46.61,-2.04%,,,,$49.86,6.97%,$88.10,89.02%,$106.08,127.59%,SLB,NYSE:SLB,0.540,$56.36,-18.81%
NYSE:SLGN,29 Aug 2025,$46.96,3,$59.57,7,,$44.67,5.12%,,,,$41.61,-6.85%,$338.81,658.47%,$368.41,724.73%,SLGN,NYSE:SLGN,-0.190,$53.92,10.48%
NASDAQ:SLM,16 Jun 2026,$29.39,5,$27.20,7,4.5,$23.84,14.09%,14.09%,$27.20,$29.39,$24.78,3.94%,$39.96,67.61%,-$4.45,-118.68%,SLM,NASDAQ:SLM,0.880,$29.00,-6.21%
NYSE:SM,20 Sep 2025,$40.61,3,$36.25,6,,$26.49,36.84%,,,,$27.52,3.89%,$0.00,-100.00%,$0.00,-100.00%,SM,NYSE:SM,-0.197,$37.62,-3.64%
NASDAQ:SMBK,7 Oct 2025,$38.18,3,$37.00,5,,$46.21,-19.93%,,,,,-100.00%,-$2.00,-104.33%,-$2.00,-104.33%,SMBK,NYSE:SMBK,-2.000,,
NYSE:SMFG,19 Aug 2025,$16.00,3,,,,$23.62,-32.24%,,,,$24.75,4.78%,-$201.36,-952.48%,-$196.54,-932.11%,SMFG,NYSE:SMFG,0.350,$25.84,
NASDAQ:SMLR,11 Dec 2025,$21.60,3,$68.50,4,,#N/A,#N/A,,,,,#N/A,-$2.00,#N/A,-$2.00,#N/A,SMLR,NASDAQ:SMLR,-2.000,,
NYSE:SMR,14 Jan 2026,$19.90,3,$32.77,7,,$10.21,94.91%,,,,$10.72,5.00%,$10.62,4.06%,$10.64,4.20%,SMR,NYSE:SMR,-0.157,$17.00,92.76%
NYSE:SNDA,15 Nov 2024,$24.98,3,,,,$38.58,-35.25%,,,,$35.47,-8.06%,$0.00,-100.00%,$0.00,-100.00%,SNDA,NYSE:SNDA,-0.137,$35.75,
NYSE:SNN,11 Dec 2025,$33.47,3,$35.75,3,,$30.26,10.61%,,,,$29.90,-1.19%,$0.00,-100.00%,$0.00,-100.00%,SNN,NYSE:SNN,-0.073,$36.06,-0.86%
NASDAQ:SNSE,28 Oct 2025,$14.48,3,$30.00,,,#N/A,#N/A,,,,$13.33,#N/A,-$32.66,#N/A,-$30.93,#N/A,SNSE,NASDAQ:SNSE,-0.631,$32.50,-7.69%
NYSE:SNV,18 Nov 2025,$47.73,3,$56.00,4,,#N/A,#N/A,,,,,#N/A,-$2.00,#N/A,-$2.00,#N/A,SNV,NYSE:SNV,-2.000,,
NYSE:SO,24 Oct 2025,$88.60,2,,,,$95.78,-7.50%,,,,$98.04,2.36%,$13.27,-86.15%,$59.37,-38.02%,SO,NYSE:SO,0.484,$101.72,
NASDAQ:SOFI,7 Jul 2025,$14.49,2,,,,$17.32,-16.34%,,,,$18.17,4.91%,-$6.42,-137.09%,-$8.49,-149.02%,SOFI,NASDAQ:SOFI,0.399,$23.52,
NYSE:SON,19 Nov 2025,$53.35,3,$52.43,10,,$53.54,-2.07%,,,,$50.46,-5.75%,$87.28,63.01%,$182.17,240.25%,SON,NYSE:SON,-0.251,$60.89,-13.89%
NASDAQ:SONO,22 Jan 2026,$16.57,3,$19.67,8,,$14.07,17.79%,,,,$14.22,1.07%,$69.14,391.38%,$75.19,434.37%,SONO,NASDAQ:SONO,-0.197,$19.12,2.88%
NYSE:SONY,18 Feb 2026,$26.99,4,$32.00,8,,$20.01,34.88%,,,,$19.37,-3.20%,$58.31,191.42%,$74.51,272.35%,SONY,NYSE:SONY,-0.484,$28.54,12.12%
NASDAQ:SOUN,28 Jul 2025,$8.77,2,,,,$6.34,38.33%,,,,$6.46,1.89%,$5.87,-7.47%,$5.98,-5.63%,SOUN,NASDAQ:SOUN,-0.369,$14.62,
NASDAQ:SPFI,19 Nov 2025,$37.17,3,$43.00,2,,$42.24,-12.00%,,,,$42.92,1.61%,-$174.00,-511.93%,-$170.36,-503.31%,SPFI,NASDAQ:SPFI,0.446,$47.67,-9.80%
NYSE:SPGI,19 Oct 2025,$495.77,3,$616.53,9,,$402.35,23.22%,,,,$404.32,0.49%,$697.24,73.29%,$765.69,90.30%,SPGI,NYSE:SPGI,-0.129,$534.05,15.44%
NYSE:SPOT,19 May 2025,$495.00,2,$659.00,7,,$455.01,8.79%,,,,$452.38,-0.58%,$684.77,50.50%,$692.68,52.23%,SPOT,NYSE:SPOT,-0.579,$644.76,2.21%
NASDAQ:SPSC,10 Feb 2026,$142.13,3,$102.87,2,,$55.54,85.22%,,,,$53.61,-3.47%,$140.39,152.77%,$167.64,201.84%,SPSC,NASDAQ:SPSC,-0.354,$68.09,51.08%
NASDAQ:SPWR,9 Feb 2026,$1.50,3,,,,$0.62,141.94%,,,,$0.00,-100.00%,$0.00,-100.00%,$0.00,-100.00%,SPWR,NASDAQ:SPWR,-1.000,$4.70,
NYSE:SPXC,16 May 2025,$153.79,3,$180.00,7,,$237.22,-35.17%,,,,$234.62,-1.10%,$368.04,55.15%,$408.69,72.28%,SPXC,NYSE:SPXC,-0.241,$265.42,-32.18%
NYSE:SQNS,4 Feb 2026,$12.48,3,$14.50,5,,$3.07,306.51%,,,,,-100.00%,-$2.00,-165.15%,-$2.00,-165.15%,SQNS,NYSE:SQNS,-2.000,,
NASDAQ:SRCE,19 Nov 2025,$63.63,3,,,,$80.27,-20.73%,,,,$81.16,1.11%,-$88.24,-209.93%,-$76.45,-195.25%,SRCE,NASDAQ:SRCE,0.349,$76.33,
NASDAQ:SSB,9 Oct 2025,$96.36,3,,,,$99.75,-3.40%,,,,,-100.00%,-$2.00,-102.01%,-$2.00,-102.01%,SSB,NYSE:SSB,-2.000,,
NYSE:SSB,19 Nov 2025,$91.92,3,,,,$99.75,-7.85%,,,,$101.52,1.77%,-$427.92,-528.99%,-$400.97,-501.98%,SSB,NYSE:SSB,0.373,$116.54,
NASDAQ:SSNC,22 Jan 2026,$86.73,3,$103.29,6,,$65.92,31.57%,,,,$65.94,0.03%,$96.22,45.96%,$147.26,123.40%,SSNC,NASDAQ:SSNC,-0.255,$94.78,8.98%
NASDAQ:SSRM,19 Aug 2025,$11.31,2,,,,$28.35,-60.11%,,,,$28.51,0.56%,$55.31,95.09%,$69.77,146.11%,SSRM,NASDAQ:SSRM,-0.637,$44.10,
NYSE:ST,16 Feb 2026,$42.55,5,$38.40,4,,$48.20,-20.33%,,,,$53.35,10.68%,$65.87,36.66%,$84.77,75.87%,ST,NYSE:ST,0.503,$46.67,-17.72%
NYSE:STAG,19 Aug 2025,$40.11,5,$38.25,9,,$39.11,-2.20%,,,,$40.27,2.97%,$48.14,23.08%,$75.98,94.26%,STAG,NYSE:STAG,0.544,$41.45,-7.72%
NASDAQ:STBA,27 May 2026,$47.60,3,$44.00,7,3.25,$48.62,-9.50%,-9.50%,$44.00,$47.60,$49.54,1.89%,-$137.03,-381.83%,-$136.73,-381.21%,STBA,NASDAQ:STBA,0.339,$44.67,-1.50%
NYSE:STC,6 Jan 2025,$58.82,3,$83.00,2,,$68.06,-13.58%,,,,$66.13,-2.84%,"$10,630.18",15518.84%,"$10,650.12",15548.13%,STC,NYSE:STC,-0.168,$80.00,3.75%
NYSE:STE,4 Dec 2025,$261.00,3,$290.00,2,,$207.17,25.98%,,,,$201.96,-2.51%,$277.59,33.99%,$344.78,66.42%,STE,NYSE:STE,-0.404,$279.29,3.83%
NYSE:STEL,19 Nov 2025,$31.12,3,$32.50,5,,$38.97,-20.14%,,,,$40.00,2.64%,-$106.87,-374.23%,-$97.42,-349.99%,STEL,NYSE:STEL,0.415,$38.00,-14.47%
NASDAQ:STIM,4 Dec 2025,$1.24,3,,4,,$1.26,-1.85%,,,,$1.17,-7.14%,-$0.62,-149.49%,-$0.14,-111.46%,STIM,NASDAQ:STIM,-0.396,$4.33,
NASDAQ:STKL,24 Aug 2025,$6.28,3,$10.00,3,,#N/A,#N/A,,,,,#N/A,-$2.00,#N/A,-$2.00,#N/A,STKL,NASDAQ:STKL,-2.000,,
NYSE:STLA,15 Dec 2025,$15.78,3,$11.43,6,,$5.84,95.72%,,,,$6.00,2.74%,$0.00,-100.00%,$0.00,-100.00%,STLA,NYSE:STLA,-0.285,$9.48,20.57%
NASDAQ:STLD,20 Aug 2024,$128.16,3,,,,$241.43,-46.92%,,,,$253.41,4.96%,$208.59,-13.60%,$250.18,3.62%,STLD,NASDAQ:STLD,0.127,$227.61,
NYSE:STM,5 Feb 2026,$31.81,3,,,,$71.84,-55.72%,,,,$75.85,5.58%,$76.88,7.01%,$92.15,28.26%,STM,NYSE:STM,0.296,$37.08,
NYSE:STN,23 Aug 2024,$76.85,2,,,,$69.45,10.66%,,,,$70.78,1.92%,$157.22,126.38%,$200.71,189.01%,STN,NYSE:STN,0.390,$94.28,
NASDAQ:STNE,1 Dec 2025,$15.75,3,$21.00,6,,$10.82,45.55%,,,,$10.72,-0.92%,-$10.80,-199.79%,-$0.59,-105.48%,STNE,NASDAQ:STNE,-0.033,$19.51,7.64%
NASDAQ:STRL,12 Jun 2025,$186.70,3,,,,$867.23,-78.47%,,,,$929.10,7.13%,"$1,170.06",34.92%,"$1,219.60",40.63%,STRL,NASDAQ:STRL,0.445,$609.80,
NYSE:STT,22 Feb 2026,$119.80,2,$144.32,7,,$168.87,-29.06%,,,,$173.05,2.48%,$0.00,-100.00%,$0.00,-100.00%,STT,NYSE:STT,-0.181,$149.75,-3.63%
NYSE:STVN,16 Feb 2026,$17.21,3,$23.83,3,,$17.24,-0.17%,,,,$16.53,-4.12%,-$14.83,-186.00%,$12.09,-29.89%,STVN,NYSE:STVN,-0.407,$24.72,-3.60%
NYSE:SU,22 Jun 2026,$55.33,1,$71.78,5,3,$54.46,1.60%,1.60%,$55.33,$71.78,$59.18,8.67%,$93.89,72.40%,$153.67,182.17%,SU,NYSE:SU,0.770,$61.37,16.96%
NASDAQ:SUPN,23 Dec 2025,$50.64,3,$61.33,10,,$45.14,12.17%,,,,$44.48,-1.46%,$93.64,107.44%,$117.16,159.55%,SUPN,NASDAQ:SUPN,-0.440,$62.67,-2.14%
NYSE:SUPV,19 Nov 2025,$12.63,4,$12.00,5,,$9.35,28.34%,,,,$9.95,6.42%,"-$24,963.51",-267089.38%,"-$24,961.65",-267069.54%,SUPV,NYSE:SUPV,-0.128,$12.87,-6.76%
NYSEAMERICAN:SVM,20 Aug 2025,$6.52,0,,1,,$10.40,-37.31%,,,,$11.21,7.79%,$26.60,155.75%,$29.06,179.45%,SVM,NYSEAMERICAN:SVM,0.474,$13.00,
NYSE:SW,22 Aug 2025,$50.29,5,$54.66,8,,$46.56,8.02%,,,,$44.45,-4.53%,$33.63,-27.78%,$79.14,69.97%,SW,NYSE:SW,-0.158,$55.13,-0.85%
NASDAQ:SWKS,27 Apr 2026,$82.45,5,$63.83,1,,$71.44,-10.65%,,,,$77.68,8.73%,$159.28,122.96%,$190.80,167.08%,SWKS,NASDAQ:SWKS,0.567,$67.16,-4.96%
NYSE:SXI,11 Nov 2025,$213.24,3,$264.25,5,,$317.84,-32.91%,,,,$333.68,4.98%,$306.75,-3.49%,$337.94,6.32%,SXI,NYSE:SXI,0.660,$276.80,-4.53%
NASDAQ:SYBT,13 Apr 2026,$73.37,3,$77.00,4,,$74.97,-2.13%,,,,$76.07,1.47%,-$103.74,-238.37%,-$94.94,-226.64%,SYBT,NASDAQ:SYBT,0.116,$74.40,3.49%
NYSE:SYF,19 Feb 2026,$71.94,3,$91.60,6,,$76.32,-5.74%,,,,$78.24,2.52%,$303.52,297.70%,$330.34,332.84%,SYF,NYSE:SYF,0.610,$85.30,7.39%
NYSE:SYK,11 Dec 2025,$359.86,3,$434.53,3,,$313.68,14.72%,,,,$308.41,-1.68%,$562.56,79.34%,$617.86,96.97%,SYK,NYSE:SYK,-0.020,$419.11,3.68%
NASDAQ:SYM,19 Nov 2025,$41.10,2,$52.14,6,,$39.42,4.25%,,,,$38.72,-1.78%,$87.65,122.35%,$90.26,128.96%,SYM,NASDAQ:SYM,-0.028,$64.81,-19.55%
NASDAQ:SYNA,27 Jan 2026,$98.81,4,$93.33,9,,$130.16,-28.30%,,,,$141.59,8.78%,$141.62,8.80%,$207.83,59.67%,SYNA,NASDAQ:SYNA,0.351,$101.45,-8.00%
NYSE:SYY,23 Aug 2024,$74.21,3,,,,$80.59,-7.92%,,,,$82.14,1.92%,$110.31,36.87%,$145.16,80.12%,SYY,NYSE:SYY,0.517,$86.20,
NYSE:TAK,19 Oct 2025,$15.76,5,$18.00,6,,$15.72,0.25%,,,,$15.64,-0.51%,$23.27,48.01%,$38.90,147.47%,TAK,NYSE:TAK,-0.204,$20.59,-12.58%
NYSE:TAL,20 Aug 2025,$11.69,3,$12.31,4,,$9.16,27.61%,,,,$9.05,-1.20%,$0.00,-100.00%,$0.00,-100.00%,TAL,NYSE:TAL,-0.863,$15.61,-21.14%
NASDAQ:TASK,30 Jan 2026,$15.02,3,$15.90,2,,#N/A,#N/A,,,,$5.38,#N/A,$20.77,#N/A,$50.32,#N/A,TASK,NASDAQ:TASK,0.911,$12.00,32.50%
NASDAQ:TATT,24 Oct 2025,$40.25,3,,,,$42.54,-5.38%,,,,$43.60,2.49%,$0.00,-100.00%,$0.00,-100.00%,TATT,NASDAQ:TATT,-0.012,$60.14,
NYSE:TBB,6 Nov 2025,$23.22,1,,1,,$22.69,2.34%,,,,$20.68,-8.86%,$0.00,-100.00%,$0.00,-100.00%,TBB,NYSE:TBB,-0.124,,
NYSE:TBBB,13 Jun 2025,$23.99,3,,,,$42.03,-42.92%,,,,$43.50,3.50%,$47.24,12.39%,$74.54,77.36%,TBBB,NYSE:TBBB,0.001,$40.39,
NASDAQ:TBBK,1 Jun 2026,$64.98,3,$66.00,4,3,$60.67,7.11%,7.11%,$64.98,$71.33,$60.60,-0.12%,-$47.41,-178.15%,-$45.82,-175.52%,TBBK,NASDAQ:TBBK,0.257,$71.33,-7.47%
NASDAQ:TBCH,27 Jan 2026,$17.12,3,$19.75,6,,$12.01,42.55%,,,,$12.40,3.25%,$36.42,203.26%,$44.24,268.34%,TBCH,NASDAQ:TBCH,-0.094,$16.33,20.94%
NYSE:TBN,11 Dec 2025,$26.01,3,$37.75,8,,$32.51,-20.00%,,,,$32.93,1.29%,$20.47,-37.02%,$20.51,-36.93%,TBN,NYSE:TBN,-0.347,$59.50,-36.55%
NASDAQ:TBRG,31 Dec 2025,$24.09,3,$21.00,5,,$26.18,-19.79%,,,,$26.30,0.46%,$30.66,17.12%,$88.16,236.74%,TBRG,NASDAQ:TBRG,-0.251,$25.67,-18.19%
NASDAQ:TCBI,27 May 2026,$96.83,3,$105.20,4,2.75,$103.07,-6.05%,-6.05%,$96.83,$105.20,$100.89,-2.12%,-$370.95,-459.90%,-$356.86,-446.23%,TCBI,NASDAQ:TCBI,-0.008,$104.31,0.85%
NASDAQ:TCBK,27 May 2026,$51.81,3,$63.00,3,3,$53.22,-2.65%,-2.65%,$51.81,$63.00,$54.27,1.97%,-$170.99,-421.29%,-$166.19,-412.26%,TCBK,NASDAQ:TCBK,0.417,$54.50,15.60%
NYSE:TCBX,1 Jun 2026,$39.78,3,$45.00,5,3,$40.63,-2.08%,-2.08%,$39.78,$45.00,$40.82,0.47%,-$218.17,-636.98%,-$205.46,-605.69%,TCBX,NYSE:TCBX,0.264,$43.67,3.05%
NASDAQ:TCMD,4 Dec 2025,$31.83,5,$26.67,8,,$27.49,-2.98%,,,,$25.63,-6.77%,$50.73,84.55%,$33.27,21.02%,TCMD,NASDAQ:TCMD,-0.149,$38.50,-30.73%
NYSE:TD,19 Aug 2025,$67.13,3,$73.85,7,,$118.82,-43.51%,,,,$123.03,3.54%,$0.00,-100.00%,$0.00,-100.00%,TD,NYSE:TD,0.425,$98.92,-25.34%
NYSE:TDC,11 Feb 2026,$35.11,5,$32.80,10,,$31.69,3.50%,,,,$29.93,-5.55%,$0.00,-100.00%,$0.00,-100.00%,TDC,NYSE:TDC,-0.321,$35.18,-6.77%
NYSE:TDG,20 Sep 2024,"$1,185.75",2,"$1,509.83",4,,"$1,322.67",-10.35%,,,,"$1,348.47",1.95%,"$1,632.48",23.42%,"$1,762.00",33.22%,TDG,NYSE:TDG,0.480,"$1,537.14",-1.78%
NYSE:TDOC,22 Aug 2025,$12.69,3,$9.06,7,,$7.81,16.01%,,,,$7.50,-3.97%,$8.66,10.87%,$28.99,271.23%,TDOC,NYSE:TDOC,-0.322,$7.14,26.89%
NASDAQ:TEAM,11 Dec 2025,$216.58,3,$237.35,8,,$81.51,165.71%,,,,$80.37,-1.40%,$183.48,125.11%,$192.64,136.34%,TEAM,NASDAQ:TEAM,-0.321,$141.70,67.50%
NYSE:TEL,19 Jan 2026,$189.61,1,$275.58,6,,$198.55,-4.50%,,,,$214.36,7.96%,$325.50,63.94%,$381.39,92.09%,TEL,NYSE:TEL,0.482,$264.47,4.20%
NYSE:TEN,29 Apr 2026,$34.19,3,$50.00,8,,$39.14,-12.65%,,,,$42.57,8.76%,$0.00,-100.00%,$0.00,-100.00%,TEN,NYSE:TEN,0.444,$46.00,8.70%
NASDAQ:TENB,23 Dec 2025,$34.90,3,$37.75,7,,$27.92,25.00%,,,,$26.40,-5.44%,$43.28,55.02%,$46.59,66.85%,TENB,NASDAQ:TENB,-0.396,$27.05,39.56%
NYSE:TEO,18 Sep 2025,$8.99,5,$9.60,3,,$12.74,-29.43%,,,,$12.89,1.18%,"$2,518.27",19666.63%,"$9,974.77",78194.93%,TEO,NYSE:TEO,-0.225,$13.84,-30.64%
NASDAQ:TER,19 Jan 2026,$152.12,1,$213.18,7,,$427.21,-64.39%,,,,$442.69,3.62%,$461.78,8.09%,$470.46,10.12%,TER,NASDAQ:TER,0.530,$329.59,-35.32%
NYSE:TFC,19 Nov 2025,$46.61,3,$49.70,7,,$49.79,-6.38%,,,,$50.58,1.59%,$0.00,-100.00%,$0.00,-100.00%,TFC,NYSE:TFC,0.067,$54.82,-9.34%
NASDAQ:TFIN,2 Oct 2025,$64.43,3,$64.00,1,,$75.63,-15.38%,,,,,-100.00%,-$2.00,-102.64%,-$2.00,-102.64%,TFIN,NYSE:TFIN,-2.000,,
NYSE:TFIN,19 Nov 2025,$53.40,3,,,,$75.63,-29.39%,,,,$76.71,1.43%,-$166.58,-320.26%,-$156.41,-306.81%,TFIN,NYSE:TFIN,0.278,$68.80,
NYSE:TFPM,16 Aug 2025,$20.81,1,,,,$28.07,-25.86%,,,,$30.06,7.09%,$55.34,97.16%,$61.66,119.67%,TFPM,NYSE:TFPM,0.375,$45.00,
NASDAQ:TFSL,12 Oct 2025,$12.76,3,$13.50,4,,$17.04,-25.11%,,,,$17.24,1.17%,-$26.42,-255.07%,-$25.14,-247.52%,TFSL,NASDAQ:TFSL,0.194,$15.50,-12.90%
NYSE:TGLS,23 Aug 2025,$69.51,3,,,,$45.31,53.41%,,,,$47.40,4.61%,$47.34,4.49%,$56.45,24.60%,TGLS,NYSE:TGLS,0.102,$57.00,
NYSE:TGS,19 Nov 2025,$29.26,3,$13.33,7,,$29.44,-54.72%,,,,$30.73,4.38%,$38.80,31.80%,$84.12,185.75%,TGS,NYSE:TGS,-0.001,$38.21,-65.11%
NYSE:TGT,21 Sep 2025,$120.25,3,$103.27,3,,$141.20,-26.86%,,,,$138.24,-2.10%,$0.00,-100.00%,$0.00,-100.00%,TGT,NYSE:TGT,0.314,$125.53,-17.73%
NASDAQ:THFF,27 May 2026,$67.98,3,$70.00,5,3,$76.12,-10.69%,-10.69%,$67.98,$71.50,$77.28,1.52%,$0.00,-100.00%,$0.00,-100.00%,THFF,NASDAQ:THFF,0.317,$71.50,-2.10%
NYSE:THO,29 Jul 2024,$143.00,5,,,,$75.49,89.43%,,,,$72.54,-3.91%,$0.00,-100.00%,$0.00,-100.00%,THO,NYSE:THO,-0.012,$105.50,
NYSE:THR,19 Nov 2025,$40.68,4,$38.00,8,,#N/A,#N/A,,,,,#N/A,-$2.00,#N/A,-$2.00,#N/A,THR,NYSE:THR,-2.000,,
NASDAQ:THRY,11 Feb 2026,$8.29,3,$13.00,2,,$3.78,119.22%,,,,$3.37,-10.85%,$11.42,202.22%,$2.16,-42.73%,THRY,NASDAQ:THRY,-0.110,$4.67,178.37%
NASDAQ:TIGR,24 Oct 2025,$10.39,3,$11.86,9,,$4.66,122.96%,,,,$4.84,3.86%,$0.00,-100.00%,$0.00,-100.00%,TIGR,NASDAQ:TIGR,0.061,$12.63,-6.10%
NASDAQ:TILE,13 Feb 2025,$17.99,3,$30.00,7,,$34.24,-47.47%,,,,$31.88,-6.89%,$0.00,-100.00%,$0.00,-100.00%,TILE,NASDAQ:TILE,-0.423,$36.67,-18.19%
NYSE:TJX,18 Aug 2025,$107.88,1,$144.77,9,,$165.17,-34.69%,,,,$165.19,0.01%,$0.00,-100.00%,$0.00,-100.00%,TJX,NYSE:TJX,-0.139,$172.17,-15.91%
NASDAQ:TKLF,19 Oct 2025,$5.59,3,,,,$2.04,174.02%,,,,,-100.00%,-$2.00,-198.04%,-$2.00,-198.04%,TKLF,NASDAQ:TKLF,-2.000,,
NYSE:TKR,16 Jun 2026,$121.71,2,$138.67,6,2.25,$137.99,-11.80%,-11.80%,$113.64,$138.67,$135.65,-1.70%,$167.67,21.51%,$200.72,45.46%,TKR,NYSE:TKR,-0.089,$113.64,22.03%
NASDAQ:TLRY,14 Aug 2025,$1.31,3,,,,$4.59,-71.53%,,,,$4.42,-3.70%,$0.00,-100.00%,$0.00,-100.00%,TLRY,NASDAQ:TLRY,-0.828,$10.04,
NASDAQ:TLSI,11 Dec 2025,$8.40,3,$11.60,9,,$4.16,101.88%,,,,$3.96,-4.81%,$1.64,-60.62%,$1.67,-59.88%,TLSI,NASDAQ:TLSI,-0.682,$9.20,26.09%
NASDAQ:TLX,11 Dec 2025,$12.46,3,,,,$10.90,14.27%,,,,$10.49,-3.76%,$0.00,-100.00%,$0.00,-100.00%,TLX,NASDAQ:TLX,0.100,$21.75,
NYSE:TM,15 Dec 2025,$215.08,5,,9,,$167.76,28.21%,,,,$167.23,-0.32%,"-$46,018.97",-27531.43%,"-$36,598.02",-21915.70%,TM,NYSE:TM,-0.379,$255.52,
NASDAQ:TMC,18 Aug 2025,$4.39,3,,,,$4.56,-3.77%,,,,$4.80,5.26%,$4.30,-5.69%,$4.30,-5.65%,TMC,NASDAQ:TMC,-0.421,$11.00,
NASDAQ:TMCI,4 Dec 2025,$3.25,3,$5.47,4,,$4.13,-21.36%,,,,$3.99,-3.39%,$1.98,-51.94%,$3.13,-24.10%,TMCI,NASDAQ:TMCI,-0.325,$4.25,28.71%
NASDAQ:TMDX,11 Dec 2025,$138.40,3,$147.00,8,,$77.61,78.33%,,,,$71.56,-7.80%,$0.00,-100.00%,$0.00,-100.00%,TMDX,NASDAQ:TMDX,-0.785,$156.00,-5.77%
NYSE:TME,12 Aug 2025,$23.93,3,$19.85,8,,$8.18,142.67%,,,,$8.04,-1.71%,$36.14,341.76%,$98.86,1108.51%,TME,NYSE:TME,-0.645,$17.60,12.78%
NYSE:TMHC,15 Jun 2026,$82.94,4,$62.90,9,3,$71.93,-12.55%,-12.55%,$62.90,$82.94,$72.17,0.33%,$142.54,98.16%,$145.80,102.70%,TMHC,NYSE:TMHC,-0.228,$70.22,-10.42%
NYSEAMERICAN:TMP,2 Oct 2025,$65.36,1,,,,$92.94,-29.68%,,,,$93.97,1.11%,-$130.08,-239.96%,-$118.95,-227.99%,TMP,NYSEAMERICAN:TMP,0.096,$88.50,
NYSE:TNC,11 Nov 2025,$100.24,5,$105.00,4,,$88.77,12.92%,,,,$92.58,4.29%,$111.47,25.57%,$133.43,50.31%,TNC,NYSE:TNC,0.657,$83.75,25.37%
NASDAQ:TNDM,11 Dec 2025,$20.68,3,$23.06,9,,$15.02,37.69%,,,,$13.99,-6.86%,$6.33,-57.87%,$10.77,-28.29%,TNDM,NASDAQ:TNDM,-0.393,$31.19,-26.07%
NYSE:TNET,15 Dec 2025,$73.13,3,$65.50,7,,$47.21,38.74%,,,,$46.65,-1.19%,$55.99,18.61%,$72.11,52.73%,TNET,NYSE:TNET,0.013,$54.00,21.30%
NASDAQ:TOI,15 Aug 2025,$3.94,3,$6.25,8,,$5.25,-24.97%,,,,$5.30,0.95%,$3.60,-31.46%,$2.94,-44.06%,TOI,NASDAQ:TOI,0.210,$7.00,-10.71%
NYSE:TOL,1 Apr 2026,$149.13,5,$165.90,4,,$161.03,-7.39%,,,,$156.78,-2.64%,$0.00,-100.00%,$0.00,-100.00%,TOL,NYSE:TOL,0.105,$168.38,-1.47%
NYSE:TOST,22 Jan 2026,$36.30,3,$46.56,4,,$26.02,39.50%,,,,$24.36,-6.38%,$41.25,58.52%,$42.87,64.75%,TOST,NYSE:TOST,-0.345,$36.36,28.05%
NASDAQ:TOWN,2 Oct 2025,$37.19,3,$41.00,5,,$35.98,3.35%,,,,$36.31,0.92%,-$112.44,-412.51%,-$107.72,-399.38%,TOWN,NASDAQ:TOWN,0.158,$40.50,1.23%
NYSE:TPB,18 Sep 2025,$86.86,3,,,,$84.74,2.50%,,,,$75.76,-10.60%,$151.90,79.26%,$160.11,88.94%,TPB,NYSE:TPB,-0.173,$131.25,
NYSE:TPC,24 Dec 2025,$68.65,1,,,,$82.36,-16.65%,,,,$84.06,2.06%,$120.61,46.44%,$132.71,61.14%,TPC,NYSE:TPC,0.452,$109.50,
NYSE:TPH,16 Mar 2026,$59.96,5,$46.50,1,,#N/A,#N/A,,,,,#N/A,-$2.00,#N/A,-$2.00,#N/A,TPH,NYSE:TPH,-2.000,,
NYSE:TPL,9 Apr 2025,$774.67,2,,9,,$377.56,105.18%,,,,$388.73,2.96%,$435.05,15.23%,$448.96,18.91%,TPL,NYSE:TPL,0.342,$445.50,
NYSE:TPR,26 Aug 2025,$73.71,2,,,,$149.75,-50.78%,,,,$155.04,3.53%,$299.26,99.84%,$309.95,106.98%,TPR,NYSE:TPR,0.350,$162.05,
NASDAQ:TREE,11 Aug 2025,$78.94,3,$63.86,8,,$38.21,67.13%,,,,$36.51,-4.45%,$39.28,2.80%,$43.45,13.72%,TREE,NASDAQ:TREE,-0.232,$65.83,-2.99%
NYSE:TREX,9 Apr 2024,$83.55,2,,,,$48.88,70.93%,,,,$45.44,-7.04%,$79.97,63.61%,$85.73,75.40%,TREX,NYSE:TREX,-0.324,$48.10,
NYSE:TRGP,1 Sep 2025,$152.25,2,$206.29,6,,$266.32,-42.83%,,,,$276.11,3.68%,$0.00,-100.00%,$0.00,-100.00%,TRGP,NYSE:TRGP,0.383,$265.10,-22.18%
NASDAQ:TRI,26 Aug 2025,$160.83,2,,,,$80.98,98.60%,,,,$84.64,4.52%,$146.62,81.06%,$178.04,119.86%,TRI,NASDAQ:TRI,0.776,$128.32,
NASDAQ:TRMB,29 Jan 2026,$71.27,3,$98.71,5,,$50.13,42.18%,,,,$50.78,1.30%,$56.35,12.40%,$66.47,32.60%,TRMB,NASDAQ:TRMB,0.061,$90.58,8.98%
NASDAQ:TRMK,19 Nov 2025,$39.99,3,$42.50,4,,$46.04,-13.14%,,,,$47.12,2.35%,-$179.10,-489.00%,-$165.83,-460.18%,TRMK,NASDAQ:TRMK,0.471,$45.20,-5.97%
NYSE:TRN,23 Aug 2025,$33.90,4,$29.00,3,,$35.32,-17.89%,,,,$35.79,1.33%,$42.79,21.15%,-$37.91,-207.33%,TRN,NYSE:TRN,0.050,$35.50,-18.31%
NASDAQ:TROW,8 Jan 2026,$118.25,5,$113.60,7,,$105.20,7.98%,,,,$106.64,1.37%,$269.74,156.41%,$216.98,106.26%,TROW,NASDAQ:TROW,-0.259,$94.25,20.53%
NASDAQ:TRST,19 Nov 2025,$40.35,3,,3,,$53.89,-25.13%,,,,$55.19,2.41%,-$240.63,-546.52%,-$234.05,-534.31%,TRST,NASDAQ:TRST,0.282,$26.00,
NYSE:TRV,18 Sep 2025,$253.19,2,,,,$320.74,-21.06%,,,,$311.72,-2.81%,$506.50,57.92%,$567.76,77.02%,TRV,NYSE:TRV,-0.263,$314.14,
NASDAQ:TSAT,19 Jan 2026,$24.33,2,,1,,$42.62,-42.91%,,,,$45.48,6.71%,-$15.71,-136.87%,$13.37,-68.62%,TSAT,NASDAQ:TSAT,0.112,$19.04,
NASDAQ:TSCO,19 June 2026,$45.62,5,$45.83,2,4.25,$30.07,51.71%,51.71%,$45.62,$56.15,$31.63,5.19%,$20.72,-31.09%,$30.19,0.41%,TSCO,NASDAQ:TSCO,0.737,$56.15,-18.38%
NASDAQ:TSEM,9 Feb 2026,$95.60,2,$131.00,10,,$275.21,-65.26%,,,,$280.11,1.78%,$298.66,8.52%,$289.66,5.25%,TSEM,NASDAQ:TSEM,-0.013,$173.00,-24.28%
NASDAQ:TSLA,15 Dec 2025,$312.61,1,$386.42,7,,$375.47,-16.74%,,,,$382.56,1.89%,$385.67,2.72%,$402.27,7.14%,TSLA,NASDAQ:TSLA,-0.190,$414.59,-6.79%
NYSE:TSN,9 May 2025,$71.67,5,$64.00,7,,$57.81,10.71%,,,,$56.84,-1.68%,$79.43,37.40%,$131.49,127.45%,TSN,NYSE:TSN,-0.168,$71.15,-10.05%
NASDAQ:TSSI,4 Feb 2026,$12.86,4,$15.00,2,,$12.00,7.17%,,,,$13.61,13.42%,$34.94,191.20%,$37.05,208.74%,TSSI,NASDAQ:TSSI,0.333,$18.00,-16.67%
NYSE:TT,31 Mar 2026,$379.88,2,$480.38,10,,$483.15,-21.37%,,,,$496.80,2.83%,$733.03,51.72%,$760.93,57.49%,TT,NYSE:TT,0.121,$517.69,-7.21%
NYSE:TTC,3 Apr 2024,$80.79,2,,,,$94.78,-14.76%,,,,$95.56,0.82%,$0.00,-100.00%,$0.00,-100.00%,TTC,NYSE:TTC,0.159,$110.50,
NASDAQ:TTGT,30 Jan 2026,$10.74,3,,,,$3.70,190.21%,,,,$3.57,-3.51%,$3.26,-11.93%,$35.95,871.75%,TTGT,NASDAQ:TTGT,-0.254,$10.00,
NASDAQ:TTMI,5 Feb 2026,$83.36,2,$100.00,7,,$209.74,-60.25%,,,,$229.92,9.62%,$220.01,4.90%,$227.99,8.70%,TTMI,NASDAQ:TTMI,0.386,$118.50,-15.61%
NASDAQ:TTWO,12 Oct 2025,$173.47,1,,,,$235.72,-26.41%,,,,$239.28,1.51%,$292.10,23.92%,$411.79,74.69%,TTWO,NASDAQ:TTWO,-0.547,$277.63,
NYSE:TUYA,19 Aug 2025,$2.34,3,,,,$1.78,31.63%,,,,$1.75,-1.69%,$5.23,193.76%,$5.28,196.81%,TUYA,NYSE:TUYA,-0.904,$3.43,
NYSE:TV,3 Oct 2025,$2.63,3,$4.70,6,,$2.74,-3.96%,,,,$2.83,3.28%,$168.20,6038.58%,$472.63,17149.17%,TV,NYSE:TV,0.350,$3.82,23.04%
NYSE:TWI,20 Sep 2024,$12.61,3,,,,$7.51,67.87%,,,,$7.15,-4.79%,$14.65,95.09%,$20.93,178.65%,TWI,NYSE:TWI,-0.708,$11.75,
NYSE:TWLO,27 Jan 2026,$126.44,3,$147.11,8,,$188.34,-32.87%,,,,$181.44,-3.66%,$224.96,19.44%,$237.65,26.18%,TWLO,NYSE:TWLO,-0.334,$186.34,-21.05%
NASDAQ:TXN,19 Jan 2026,$191.02,3,,,,$303.11,-36.98%,,,,$329.48,8.70%,$335.85,10.80%,$359.68,18.66%,TXN,NASDAQ:TXN,0.713,$222.96,
NASDAQ:TXRH,18 Sep 2025,$146.40,1,,,,$187.02,-21.72%,,,,$178.42,-4.60%,$0.00,-100.00%,$0.00,-100.00%,TXRH,NASDAQ:TXRH,-0.405,$193.60,
NYSE:TYL,24 Aug 2025,$541.31,3,$682.54,7,,$286.03,89.25%,,,,$275.93,-3.53%,$432.01,51.04%,$498.46,74.27%,TYL,NYSE:TYL,-0.400,$445.14,53.33%
NYSE:UA,23 Dec 2025,$10.78,3,$7.50,4,,$5.88,27.55%,,,,$5.83,-0.85%,$46.61,692.66%,$53.97,817.88%,UA,NYSE:UA,0.126,$14.00,-46.43%
NYSE:UAA,23 Dec 2025,$11.22,3,$5.58,3,,$6.06,-7.92%,,,,$6.02,-0.66%,$49.77,721.26%,$57.65,851.40%,UAA,NYSE:UAA,0.113,$7.73,-27.81%
NYSEAMERICAN:UAMY,3 Jul 2025,$7.55,1,$4.94,7,,#N/A,#N/A,,,,$6.97,#N/A,$0.00,#N/A,$0.00,#N/A,UAMY,NYSEAMERICAN:UAMY,-0.571,$12.67,-61.01%
NYSE:UBER,3 Feb 2026,$84.31,3,$111.26,7,,$73.85,14.16%,,,,$70.19,-4.96%,$123.04,66.60%,$127.99,73.32%,UBER,NYSE:UBER,-0.196,$104.00,6.98%
NYSE:UBS,19 Aug 2025,$37.97,3,,,,$49.40,-23.14%,,,,$52.04,5.34%,$30.13,-39.02%,$4.04,-91.81%,UBS,NYSE:UBS,0.390,$48.13,
NASDAQ:UBSI,27 May 2026,$44.17,3,$47.00,7,3.5,$45.68,-3.31%,-3.31%,$44.17,$47.00,$46.90,2.67%,-$77.21,-269.03%,-$77.16,-268.92%,UBSI,NASDAQ:UBSI,0.541,$45.80,2.62%
NASDAQ:UCB,21 Oct 2025,$31.41,3,$35.00,5,,$34.55,-9.09%,,,,,-100.00%,-$2.00,-105.79%,-$2.00,-105.79%,UCB,NYSE:UCB,-2.000,,
NYSE:UCB,19 Nov 2025,$31.12,3,$35.33,7,,$34.55,-9.93%,,,,$33.86,-2.00%,$0.00,-100.00%,$0.00,-100.00%,UCB,NYSE:UCB,-0.063,$38.00,-7.03%
NASDAQ:UDMY,20 Aug 2025,$10.79,4,$10.00,5,,#N/A,#N/A,,,,,#N/A,-$2.00,#N/A,-$2.00,#N/A,UDMY,NASDAQ:UDMY,-2.000,,
NYSE:UDR,10 Sep 2025,$42.82,4,$44.23,9,,$38.39,11.54%,,,,$39.20,2.11%,$35.74,-6.89%,$70.63,83.99%,UDR,NYSE:UDR,0.143,$40.33,9.67%
NASDAQ:UFPI,31 Jan 2025,$119.95,3,$155.00,3,,$89.80,33.57%,,,,$88.02,-1.98%,$149.32,66.28%,$177.68,97.86%,UFPI,NASDAQ:UFPI,0.280,$111.80,38.64%
NASDAQ:UFPT,4 Dec 2025,$299.56,3,,5,,$242.95,23.30%,,,,$230.95,-4.94%,$321.33,32.26%,$363.37,49.57%,UFPT,NASDAQ:UFPT,-0.438,$324.50,
NYSE:UGP,20 Aug 2025,$4.45,3,$4.00,5,,$4.88,-18.03%,,,,$5.11,4.71%,$11.14,128.29%,$15.97,227.26%,UGP,NYSE:UGP,0.466,$5.97,-33.00%
NYSE:UI,26 Jan 2026,$379.66,1,,,,$550.00,-30.97%,,,,$587.15,6.75%,$826.23,50.22%,$831.42,51.17%,UI,NYSE:UI,0.156,$753.50,
NYSE:UIS,29 Jan 2026,$4.30,3,$4.00,5,,$3.61,10.80%,,,,$3.45,-4.43%,$0.00,-100.00%,$0.00,-100.00%,UIS,NYSE:UIS,-0.006,$4.88,-18.03%
NYSE:UL,10 Sep 2025,$66.09,3,$67.00,6,,$59.97,10.20%,,,,$59.05,-1.53%,$0.00,-100.00%,$0.00,-100.00%,UL,NYSE:UL,-0.301,$69.35,-3.39%
NYSE:ULS,19 Aug 2025,$55.15,1,,,,$92.62,-40.45%,,,,$95.02,2.59%,$132.29,42.83%,$167.29,80.62%,ULS,NYSE:ULS,0.509,$93.44,
NASDAQ:UMBF,27 May 2026,$132.22,3,$147.00,9,3.5,$141.47,-6.54%,-6.54%,$132.22,$147.08,$143.68,1.56%,-$407.89,-388.32%,-$380.34,-368.85%,UMBF,NASDAQ:UMBF,0.383,$147.08,-0.05%
NYSE:UMC,19 Jan 2026,$9.15,3,,,,$28.01,-67.33%,,,,$27.67,-1.21%,$452.50,1515.50%,$854.33,2950.10%,UMC,NYSE:UMC,0.611,$8.69,
NYSE:UNFI,24 Mar 2026,$78.83,5,$44.00,7,,$51.18,-14.03%,,,,$53.09,3.73%,$0.00,-100.00%,$0.00,-100.00%,UNFI,NYSE:UNFI,0.238,$46.25,-4.86%
NYSE:UNM,17 Feb 2025,$69.73,2,$100.00,7,,$88.65,-21.35%,,,,$94.22,6.28%,-$160.94,-281.54%,-$153.39,-273.03%,UNM,NYSE:UNM,0.463,$93.15,7.35%
NYSE:UNP,21 May 2024,$230.08,3,,,,$259.96,-11.49%,,,,$259.66,-0.12%,$262.78,1.08%,$303.96,16.92%,UNP,NYSE:UNP,-0.294,$273.33,
NASDAQ:UPBD,5 Feb 2026,$31.13,3,$29.00,6,,$19.59,48.03%,,,,$19.05,-2.76%,$138.99,609.51%,$556.27,2739.58%,UPBD,NASDAQ:UPBD,0.200,$28.50,1.75%
NASDAQ:URBN,4 Apr 2026,$63.30,3,$87.71,9,,$72.33,-12.48%,,,,$70.82,-2.09%,$0.00,-100.00%,$0.00,-100.00%,URBN,NASDAQ:URBN,-0.470,$82.42,6.42%
NYSE:URI,9 Apr 2025,$683.12,5,$774.77,6,,"$1,083.72",-36.97%,,,,"$1,062.46",-1.96%,"$1,294.95",19.49%,"$2,158.52",99.18%,URI,NYSE:URI,-0.279,$977.54,-20.74%
NASDAQ:UROY,18 Aug 2025,$3.73,4,$3.44,6,,$2.79,23.30%,,,,$2.84,1.79%,$0.00,-100.00%,$0.00,-100.00%,UROY,NASDAQ:UROY,-0.290,$4.50,-23.56%
NASDAQ:USAR,22 Jan 2026,$17.53,3,,,,$21.42,-18.16%,,,,$22.05,2.94%,$0.00,-100.00%,$0.00,-100.00%,USAR,NASDAQ:USAR,-0.625,$35.71,
NYSE:USB,20 Mar 2026,$56.96,3,$64.06,8,,$60.11,-5.24%,,,,$61.85,2.89%,$0.00,-100.00%,$0.00,-100.00%,USB,NYSE:USB,0.424,$62.95,1.76%
NYSEAMERICAN:USBC,29 Jan 2026,$0.61,1,,,,$0.33,84.85%,,,,,-100.00%,-$2.00,-706.06%,-$2.00,-706.06%,USBC,NYSEAMERICAN:USBC,-2.000,,
NASDAQ:UTHR,23 Dec 2025,$479.02,3,$521.25,5,,$550.01,-12.91%,,,,$541.21,-1.60%,$857.54,55.91%,$892.97,62.36%,UTHR,NASDAQ:UTHR,-0.386,$644.62,-19.14%
NYSE:UTL,23 Jun 2026,$55.21,4,,,4,$53.01,4.14%,4.14%,$55.21,$56.50,$54.48,2.77%,-$4.69,-108.85%,$57.68,8.80%,UTL,NYSE:UTL,0.675,$56.50,
NASDAQ:UVSP,19 Nov 2025,$30.95,3,$34.00,4,,$43.38,-28.64%,,,,$43.97,1.36%,-$144.12,-432.22%,-$140.47,-423.82%,UVSP,NASDAQ:UVSP,0.261,$36.33,-6.41%
NYSE:UVV,17 Mar 2026,$66.56,4,,2,,$52.84,25.97%,,,,$54.03,2.25%,$105.86,100.35%,$129.24,144.59%,UVV,NYSE:UVV,0.225,$78.00,
NYSE:UWMC,22 Jun 2026,$2.22,1,$4.37,2,2.75,$2.02,9.90%,9.90%,$2.22,$6.22,$2.14,5.94%,-$58.68,-3004.76%,-$56.64,-2903.78%,UWMC,NYSE:UWMC,0.696,$6.22,-29.74%
NYSE:V,7 Sep 2025,$315.05,2,$397.95,10,,$332.23,-5.17%,,,,$341.94,2.92%,$555.71,67.27%,$568.65,71.16%,V,NYSE:V,0.517,$393.43,1.15%
NYSE:VAL,16 Feb 2026,$64.80,1,$55.00,7,,$75.52,-27.17%,,,,$81.85,8.38%,$115.72,53.23%,$58.09,-23.08%,VAL,NYSE:VAL,0.150,$66.17,-16.88%
NYSE:VALE,14 Jan 2026,$14.72,4,$14.34,10,,$14.84,-3.37%,,,,$15.62,5.26%,$11.22,-24.43%,$17.89,20.57%,VALE,NYSE:VALE,-0.279,$17.18,-16.53%
NASDAQ:VBNK,24 Aug 2025,$12.54,3,$12.24,3,,$19.25,-36.42%,,,,$19.08,-0.88%,$0.00,-100.00%,$0.00,-100.00%,VBNK,NASDAQ:VBNK,-0.105,$15.50,-21.03%
NASDAQ:VECO,5 Sep 2025,$35.14,3,$26.33,4,,$71.08,-62.96%,,,,$77.56,9.12%,$82.69,16.33%,$86.07,21.08%,VECO,NASDAQ:VECO,0.192,$33.33,-21.00%
NYSE:VFC,26 Aug 2025,$31.37,5,$14.25,6,,$17.22,-17.25%,,,,$17.44,1.28%,$42.00,143.92%,$8.10,-52.98%,VFC,NYSE:VFC,0.461,$20.70,-31.16%
NASDAQ:VIAV,30 Jan 2026,$16.67,1,$25.06,2,,$49.46,-66.29%,,,,$52.69,6.53%,$49.51,0.10%,$53.34,7.84%,VIAV,NASDAQ:VIAV,0.457,$64.43,-61.11%
NYSE:VICI,19 Jun 2026,$33.66,5,$34.09,9,4,$26.72,25.97%,25.97%,$33.66,$34.22,$27.18,1.72%,$52.89,97.95%,$52.95,98.18%,VICI,NYSE:VICI,0.161,$34.22,-0.38%
NASDAQ:VICR,30 Jan 2026,$121.65,1,$187.50,8,,$322.28,-62.25%,,,,$324.13,0.57%,$368.01,14.19%,$378.38,17.41%,VICR,NASDAQ:VICR,-0.146,$213.75,-12.28%
NASDAQ:VISN,15 Jun 2026,$10.94,3,,,4.25,$12.56,-12.90%,-12.90%,$10.94,$17.00,$13.54,7.80%,$46.66,271.54%,$68.58,446.01%,VISN,NASDAQ:VISN,0.915,$17.00,
NYSE:VIST,13 Jun 2025,$50.56,3,$70.00,6,,$64.42,-21.52%,,,,$66.94,3.91%,$28.91,-55.12%,$88.84,37.90%,VIST,NYSE:VIST,-0.058,$91.99,-23.90%
NYSE:VIV,17 Feb 2025,$11.28,3,$11.80,5,,$13.15,-14.24%,,,,$13.54,2.97%,$30.34,130.73%,$61.83,370.19%,VIV,NYSE:VIV,0.122,$16.44,-28.22%
NASDAQ:VLGEA,17 Mar 2026,$43.63,3,,6,,$43.02,1.42%,,,,$42.94,-0.19%,$0.00,-100.00%,$0.00,-100.00%,VLGEA,NASDAQ:VLGEA,0.111,,
NYSE:VLN,9 Feb 2026,$2.14,3,$3.33,6,,$2.02,5.94%,,,,$2.11,4.46%,$4.05,100.71%,$2.13,5.67%,VLN,NYSE:VLN,-0.049,$4.00,-16.75%
NYSE:VLO,16 Jun 2026,$192.86,1,$270.08,10,3.25,$242.43,-20.45%,-20.45%,$192.86,$270.08,$257.58,6.25%,$411.30,69.66%,$516.66,113.12%,VLO,NYSE:VLO,0.801,$246.67,9.49%
NYSE:VLRS,22 Aug 2025,$7.94,3,$7.67,4,,$9.23,-16.90%,,,,$8.74,-5.31%,$55.84,505.02%,$146.76,1490.02%,VLRS,NYSE:VLRS,-0.286,$9.33,-17.79%
NASDAQ:VLY,19 Nov 2025,$10.95,3,$13.73,9,,$14.61,-25.03%,,,,$14.75,0.96%,$0.00,-100.00%,$0.00,-100.00%,VLY,NASDAQ:VLY,0.280,$15.64,-12.21%
NYSE:VMC,31 Dec 2025,$246.19,1,$331.22,9,,$307.29,-19.88%,,,,$303.50,-1.23%,$414.86,35.01%,$510.48,66.12%,VMC,NYSE:VMC,0.000,$329.09,0.65%
NASDAQ:VNDA,13 Nov 2025,$5.38,3,$15.50,8,,$5.90,-8.85%,,,,$5.99,1.53%,$17.00,188.13%,$18.26,209.53%,VNDA,NASDAQ:VNDA,-0.186,$15.50,0.00%
NASDAQ:VNET,9 Feb 2026,$7.43,1,$13.80,7,,$8.15,-8.86%,,,,$8.28,1.60%,-$9.64,-218.23%,-$4.79,-158.72%,VNET,NASDAQ:VNET,-0.788,$15.69,-12.05%
NYSE:VNO,28 May 2026,$40.08,3,$31.60,8,3,$37.98,-16.80%,-16.80%,$31.60,$40.08,$38.67,1.82%,$45.26,19.18%,$54.14,42.55%,VNO,NYSE:VNO,0.164,$32.46,-2.65%
NYSEAMERICAN:VNRX,11 Dec 2025,$0.32,1,$2.25,8,,$1.23,-73.98%,,,,,-100.00%,-$2.00,-262.60%,-$2.00,-262.60%,VNRX,NYSEAMERICAN:VNRX,-2.000,,
NYSE:VNT,11 Feb 2026,$45.33,3,$47.25,4,,$30.25,49.85%,,,,$31.39,3.77%,$56.60,87.11%,$65.34,115.99%,VNT,NYSE:VNT,0.253,$47.91,-1.38%
NASDAQ:VRDN,19 May 2025,$24.97,4,$37.70,3,,$17.32,44.17%,,,,$17.43,0.64%,$11.92,-31.15%,$11.83,-31.72%,VRDN,NASDAQ:VRDN,-0.159,$33.75,11.70%
NASDAQ:VREX,16 Dec 2025,$15.01,4,$15.33,7,,$10.37,44.74%,,,,$10.26,-1.06%,$0.00,-100.00%,$0.00,-100.00%,VREX,NASDAQ:VREX,-0.458,$18.40,-16.68%
NASDAQ:VRRM,30 Jan 2026,$22.14,4,$25.00,5,,$4.39,404.31%,,,,$4.61,5.01%,$0.59,-86.48%,$13.55,208.63%,VRRM,NASDAQ:VRRM,0.054,$24.86,0.56%
NASDAQ:VSAT,30 Jan 2026,$27.54,2,$45.00,6,,$62.22,-55.73%,,,,$66.95,7.60%,$127.10,104.27%,$295.31,374.62%,VSAT,NASDAQ:VSAT,0.333,$60.57,-25.71%
NYSE:VSCO,12 Jun 2025,$36.51,5,$22.56,8,,#N/A,#N/A,,,,$0.00,#N/A,$0.00,#N/A,$0.00,#N/A,VSCO,NYSE:VSCO,-1.000,$64.44,-64.99%
NYSE:VSH,28 Jan 2026,$21.32,3,$16.00,5,,$55.59,-71.22%,,,,$62.47,12.38%,$63.09,13.49%,$86.90,56.33%,VSH,NYSE:VSH,0.442,$17.50,-8.57%
NYSE:VTEX,15 Dec 2025,$4.81,3,$6.10,1,,$3.68,30.84%,,,,$3.52,-4.35%,$8.00,117.45%,$8.51,131.32%,VTEX,NYSE:VTEX,-0.225,$6.00,1.67%
NYSE:VTMX,15 Jun 2025,$34.66,3,$21.00,5,,$32.34,-35.06%,,,,$34.40,6.37%,$41.21,27.42%,$41.51,28.35%,VTMX,NYSE:VTMX,0.247,$36.28,-42.12%
NYSE:VTR,19 Sep 2025,$68.32,3,$76.83,9,,$86.57,-21.08%,,,,$87.21,0.74%,$93.29,7.77%,$130.88,51.18%,VTR,NYSE:VTR,0.090,$94.95,-19.08%
NASDAQ:VVPR,9 Feb 2026,$2.07,3,,,,#N/A,#N/A,,,,,#N/A,-$2.00,#N/A,-$2.00,#N/A,VVPR,NASDAQ:VVPR,-2.000,,
NYSE:VVV,18 Sep 2025,$45.89,3,,,,$39.61,15.86%,,,,$37.20,-6.08%,$15.55,-60.74%,$25.52,-35.58%,VVV,NYSE:VVV,-0.277,$41.73,
NYSE:VVX,11 Aug 2025,$66.16,5,$61.22,3,,$76.03,-19.48%,,,,$86.00,13.11%,$314.84,314.10%,$360.93,374.72%,VVX,NYSE:VVX,0.287,$78.79,-22.30%
NYSE:VYX,25 Feb 2026,$13.06,5,$15.13,6,,$7.50,74.09%,,,,$7.31,-2.53%,$0.00,-100.00%,$0.00,-100.00%,VYX,NYSE:VYX,0.119,$12.75,18.67%
NYSEAMERICAN:VZLA,14 Aug 2025,$4.47,,$4.07,8,,$3.11,30.87%,,,,$3.46,11.25%,$0.00,-100.00%,$0.00,-100.00%,VZLA,NYSEAMERICAN:VZLA,-0.633,$6.58,-38.15%
NYSE:WAB,23 Aug 2025,$179.00,2,,,,$272.48,-34.31%,,,,$271.23,-0.46%,$276.45,1.46%,$333.98,22.57%,WAB,NYSE:WAB,-0.012,$300.00,
NASDAQ:WABC,1 Jun 2026,$57.44,3,$58.00,4,3,$59.15,-2.89%,-2.89%,$57.44,$58.00,$60.74,2.69%,$0.00,-100.00%,$0.00,-100.00%,WABC,NASDAQ:WABC,0.463,$58.00,0.00%
NASDAQ:WAFD,27 May 2026,$37.31,3,$37.00,8,3.5,$37.74,-1.96%,-1.96%,$37.00,$37.31,$38.58,2.23%,$0.00,-100.00%,$0.00,-100.00%,WAFD,NASDAQ:WAFD,0.561,$37.00,0.00%
NYSE:WAL,28 May 2026,$87.82,3,$87.55,9,3.25,$80.29,9.04%,9.04%,$87.55,$88.53,$82.66,2.95%,-$617.59,-869.19%,-$609.51,-859.13%,WAL,NYSE:WAL,0.217,$88.53,-1.11%
NASDAQ:WASH,27 May 2026,$34.83,3,$33.33,8,3.25,$36.01,-7.44%,-7.44%,$32.75,$34.83,$36.73,2.00%,$0.00,-100.00%,$0.00,-100.00%,WASH,NASDAQ:WASH,0.342,$32.75,1.77%
NYSE:WBS,10 Mar 2026,$76.23,3,$74.69,7,,$75.41,-0.95%,,,,$77.77,3.13%,-$258.12,-442.29%,-$250.21,-431.80%,WBS,NYSE:WBS,0.279,$73.75,1.27%
NYSE:WD,23 Dec 2025,$82.23,3,$84.00,6,,$53.00,55.16%,,,,$51.72,-2.42%,$0.00,-100.00%,$0.00,-100.00%,WD,NYSE:WD,-0.056,$68.00,23.53%
NASDAQ:WDC,23 Aug 2024,$68.21,3,,,,$644.38,-89.41%,,,,$701.22,8.82%,$734.87,14.04%,$750.40,16.45%,WDC,NASDAQ:WDC,0.391,$347.26,
NYSE:WDS,18 May 2026,$26.11,4,,6,,$19.06,36.99%,,,,$20.52,7.66%,$0.00,-100.00%,$0.00,-100.00%,WDS,NYSE:WDS,0.400,,
NYSE:WEC,14 Jan 2026,$103.97,2,,,,$115.61,-10.07%,,,,$117.99,2.06%,$40.04,-65.36%,$76.16,-34.12%,WEC,NYSE:WEC,0.384,$123.03,
NYSE:WELL,18 Sep 2025,$151.80,2,,,,$221.43,-31.45%,,,,$222.96,0.69%,$223.76,1.05%,$282.79,27.71%,WELL,NYSE:WELL,0.101,$232.95,
NASDAQ:WEN,9 Sep 2025,$16.85,3,$11.97,6,,$7.87,52.10%,,,,$6.11,-22.36%,-$9.26,-217.61%,-$0.16,-102.06%,WEN,NASDAQ:WEN,-0.275,$7.74,54.65%
NYSE:WF,19 Nov 2025,$51.73,3,,,,$57.77,-10.46%,,,,$57.88,0.19%,"-$2,238,661.03",-3875227.28%,"-$2,234,797.52",-3868539.53%,WF,NYSE:WF,-0.350,$94.00,
NYSE:WFC,14 Aug 2025,$71.42,3,$87.67,6,,$84.30,-15.28%,,,,$87.17,3.40%,$0.00,-100.00%,$0.00,-100.00%,WFC,NYSE:WFC,0.553,$96.17,-8.84%
NYSE:WFG,24 Oct 2025,$81.03,3,$95.74,7,,$69.37,16.81%,,,,$71.78,3.47%,$117.25,69.01%,$196.07,182.65%,WFG,NYSE:WFG,0.199,$83.67,14.43%
NASDAQ:WFRD,20 Apr 2026,$92.61,2,$112.57,8,,$84.49,9.61%,,,,$94.43,11.76%,$142.31,68.43%,$210.01,148.56%,WFRD,NASDAQ:WFRD,0.599,$114.17,-1.40%
NYSE:WGO,13 Sep 2024,$83.32,5,,,,$27.27,205.52%,,,,$29.12,6.78%,$0.00,-100.00%,$0.00,-100.00%,WGO,NYSE:WGO,0.218,$44.17,
NYSE:WHD,18 Feb 2026,$69.67,3,$55.50,5,,$50.98,8.87%,,,,$56.80,11.42%,$116.65,128.81%,$78.28,53.54%,WHD,NYSE:WHD,0.743,$58.22,-4.67%
NYSE:WIT,19 Jan 2026,$2.58,2,,7,,$2.19,17.80%,,,,$2.41,10.05%,$3.30,50.66%,$3.66,67.07%,WIT,NYSE:WIT,0.409,$2.09,
NYSE:WK,10 Feb 2026,$82.53,4,$109.00,8,,$47.83,72.55%,,,,$46.18,-3.45%,$57.91,21.07%,$59.81,25.05%,WK,NYSE:WK,-0.420,$89.45,21.86%
NYSE:WKC,16 Sep 2025,$32.51,4,$29.00,6,,$31.60,-8.23%,,,,$33.03,4.53%,-$16.53,-152.31%,$2.54,-91.96%,WKC,NYSE:WKC,0.546,$29.33,-1.13%
NASDAQ:WKHS,12 Dec 2024,$1.13,,,4,,$2.76,-59.06%,,,,,-100.00%,-$2.00,-172.46%,-$2.00,-172.46%,WKHS,NASDAQ:WKHS,-2.000,,
NYSE:WMB,22 Jan 2026,$57.39,2,$71.00,9,,$75.87,-24.36%,,,,$78.10,2.94%,$75.85,-0.03%,$51.35,-32.32%,WMB,NYSE:WMB,0.442,$80.07,-11.33%
NYSE:WMK,17 Mar 2026,$74.25,4,,4,,$80.36,-7.60%,,,,$82.43,2.58%,$105.90,31.78%,$157.06,95.45%,WMK,NYSE:WMK,0.439,$31.00,
NYSE:WMS,5 May 2025,$162.55,3,$140.71,7,,$149.05,-5.60%,,,,$137.76,-7.57%,$213.08,42.96%,$238.80,60.22%,WMS,NYSE:WMS,-0.305,$190.30,-26.06%
NYSE:WOR,16 Dec 2024,$43.00,4,,4,,$57.30,-24.96%,,,,$63.07,10.07%,$0.00,-100.00%,$0.00,-100.00%,WOR,NYSE:WOR,0.177,$65.40,
NYSE:WPM,19 Nov 2025,$65.01,2,$128.93,7,,$112.79,-42.36%,,,,$117.11,3.83%,$132.68,17.63%,$145.36,28.87%,WPM,NYSE:WPM,-0.181,$187.14,-31.11%
NYSE:WPP,9 Sep 2025,$37.50,3,,6,,$16.57,126.28%,,,,$16.44,-0.78%,$0.00,-100.00%,$0.00,-100.00%,WPP,NYSE:WPP,-0.373,$18.53,
NASDAQ:WRLD,19 Nov 2025,$145.37,3,,1,,$194.76,-25.36%,,,,$188.68,-3.12%,$0.00,-100.00%,$0.00,-100.00%,WRLD,NASDAQ:WRLD,0.164,$141.00,
NASDAQ:WSBC,27 May 2026,$35.79,3,$39.75,9,3.5,$37.88,-5.52%,-5.52%,$35.79,$40.25,$38.37,1.29%,-$153.46,-505.11%,-$140.94,-472.06%,WSBC,NASDAQ:WSBC,0.383,$40.25,-1.24%
NASDAQ:WSC,19 Aug 2025,$32.85,3,$33.40,7,,$28.85,13.87%,,,,$27.73,-3.88%,$0.00,-100.00%,$0.00,-100.00%,WSC,NASDAQ:WSC,-0.342,$23.45,42.43%
NASDAQ:WSFS,27 May 2026,$70.81,3,$78.70,6,3.25,$76.62,-7.58%,-7.58%,$70.81,$78.70,$77.81,1.55%,-$187.06,-344.14%,-$173.29,-326.17%,WSFS,NASDAQ:WSFS,0.544,$73.75,6.71%
NYSE:WSM,19 Aug 2025,$178.74,2,,,,$235.66,-24.15%,,,,$234.94,-0.31%,$0.00,-100.00%,$0.00,-100.00%,WSM,NYSE:WSM,0.546,$206.79,
NYSE:WSO,1 Jul 2024,$356.65,1,,,,$400.98,-11.06%,,,,$391.04,-2.48%,$625.86,56.08%,$639.63,59.52%,WSO,NYSE:WSO,-0.084,$423.55,
NYSE:WT,27 Aug 2025,$14.51,4,$13.88,8,,$17.83,-22.15%,,,,$18.37,3.03%,$20.77,16.47%,$21.54,20.81%,WT,NYSE:WT,-0.175,$19.69,-29.51%
NASDAQ:WTFC,28 Apr 2026,$145.18,3,$179.88,8,,$159.81,-9.15%,,,,$160.92,0.69%,$0.00,-100.00%,$0.00,-100.00%,WTFC,NASDAQ:WTFC,0.173,$174.67,2.98%
NYSE:WTS,19 Nov 2025,$243.48,2,$290.50,3,,$355.03,-31.42%,,,,$361.07,1.70%,$651.66,83.55%,$689.05,94.08%,WTS,NYSE:WTS,0.407,$333.67,-12.94%
NASDAQ:WTW,3 Sep 2025,$319.57,3,,,,$261.50,22.21%,,,,$255.33,-2.36%,$344.22,31.63%,$115.45,-55.85%,WTW,NASDAQ:WTW,-0.398,$337.79,
NYSE:WU,9 Sep 2025,$14.43,3,$8.65,5,,$7.24,19.48%,,,,$7.35,1.52%,$1.14,-84.26%,$6.54,-9.61%,WU,NYSE:WU,0.601,$9.62,-10.08%
NASDAQ:WULF,23 Dec 2025,$11.85,3,$21.73,10,,$26.97,-56.04%,,,,$30.27,12.24%,$19.94,-26.05%,$20.30,-24.74%,WULF,NASDAQ:WULF,0.428,$28.42,-23.54%
NASDAQ:WVE,19 Aug 2025,$9.10,3,,,,$5.95,52.87%,,,,$6.07,2.02%,$32.80,451.26%,$33.66,465.64%,WVE,NASDAQ:WVE,-0.201,$22.19,
NYSE:WWW,24 May 2026,$24.95,5,$22.50,8,,$17.54,28.28%,,,,$17.68,0.80%,$82.09,367.99%,$93.29,431.89%,WWW,NYSE:WWW,0.505,$23.20,-3.02%
NASDAQ:XEL,18 Sep 2025,$67.13,2,,,,$81.47,-17.60%,,,,$83.40,2.37%,-$8.65,-110.62%,$27.07,-66.77%,XEL,NASDAQ:XEL,0.598,$89.94,
NASDAQ:XGN,25 Aug 2025,$7.35,3,,,,$4.52,62.69%,,,,$4.31,-4.65%,$6.97,54.17%,$7.81,72.74%,XGN,NASDAQ:XGN,-0.395,$8.67,
NASDAQ:XMTR,23 Dec 2025,$38.29,2,,,,$91.74,-58.27%,,,,$89.21,-2.76%,$84.51,-7.88%,$82.77,-9.78%,XMTR,NASDAQ:XMTR,-0.352,$62.62,
NASDAQ:XNET,11 Feb 2026,$5.15,3,,5,,$4.86,6.00%,,,,$4.51,-7.20%,$0.00,-100.00%,$0.00,-100.00%,XNET,NASDAQ:XNET,-0.991,$12.00,
NYSE:XOM,23 Aug 2024,$132.36,4,,,,$136.90,-3.32%,,,,$147.52,7.76%,$125.18,-8.56%,$191.27,39.72%,XOM,NYSE:XOM,0.831,$165.91,
NASDAQ:XP,16 Jun 2026,$15.62,3,$25.00,6,3.75,$15.56,0.36%,0.36%,$15.62,$25.44,$16.50,6.04%,-$715.37,-4697.49%,-$713.17,-4683.38%,XP,NASDAQ:XP,0.632,$25.44,-1.73%
NASDAQ:XPEL,29 Nov 2024,$53.10,3,,,,$45.84,15.84%,,,,$45.43,-0.89%,$51.37,12.06%,$60.44,31.86%,XPEL,NASDAQ:XPEL,-0.217,$55.33,
NYSE:XPEV,15 Dec 2025,$20.30,3,$29.67,6,,$12.48,62.68%,,,,$12.19,-2.32%,$6.75,-45.88%,$6.48,-48.10%,XPEV,NYSE:XPEV,-0.937,$24.71,20.07%
NYSE:XYF,9 Sep 2025,$13.63,3,,,,$4.83,182.13%,,,,,-100.00%,-$2.00,-141.41%,-$2.00,-141.41%,XYF,NYSE:XYF,-2.000,,
NYSE:XYL,11 Nov 2025,$146.77,2,,,,$112.04,31.00%,,,,$114.58,2.27%,$211.47,88.75%,$251.53,124.50%,XYL,NYSE:XYL,0.238,$155.35,
NYSE:XYZ,11 Feb 2026,$75.58,3,,,,$75.68,-0.13%,,,,$71.70,-5.26%,$0.00,-100.00%,$0.00,-100.00%,XYZ,NYSE:XYZ,-0.387,$86.53,
NYSE:YALA,11 Feb 2026,$6.10,3,,6,,$5.14,18.68%,,,,$4.94,-3.89%,-$0.18,-103.42%,$6.35,23.54%,YALA,NYSE:YALA,-0.732,$8.60,
NASDAQ:YB,11 Feb 2026,$20.18,3,,,,$14.34,40.71%,,,,,-100.00%,-$2.00,-113.95%,-$2.00,-113.95%,YB,NASDAQ:YB,-2.000,,
NYSE:YMM,11 Feb 2026,$11.83,4,$11.96,6,,$7.81,51.47%,,,,$7.46,-4.48%,$15.00,92.11%,$15.29,95.80%,YMM,NYSE:YMM,-0.737,$12.43,-3.78%
NYSE:YPF,12 Feb 2026,$42.64,3,$39.40,2,,$45.62,-13.63%,,,,$48.07,5.37%,"-$15,060.89",-33113.79%,"$111,846.79",245070.51%,YPF,NYSE:YPF,-0.123,$53.94,-26.96%
NYSE:YUM,18 Sep 2025,$140.70,3,,,,$153.02,-8.05%,,,,$152.17,-0.56%,$212.91,39.14%,$258.31,68.81%,YUM,NYSE:YUM,-0.191,$174.42,
NASDAQ:YYGH,19 Aug 2025,$1.90,3,,,,$1.72,10.73%,,,,,-100.00%,-$2.00,-216.28%,-$2.00,-216.28%,YYGH,NASDAQ:YYGH,-2.000,,
NYSE:ZBH,11 Dec 2025,$110.32,5,$103.50,5,,$90.56,14.29%,,,,$88.00,-2.83%,$161.79,78.66%,$256.51,183.25%,ZBH,NYSE:ZBH,-0.222,$98.52,5.05%
NASDAQ:ZBRA,30 Jan 2026,$311.75,3,$319.75,8,,$247.78,25.82%,,,,$240.13,-3.09%,$366.61,47.96%,$412.09,66.31%,ZBRA,NASDAQ:ZBRA,-0.155,$325.31,-1.71%
NASDAQ:ZD,23 Feb 2024,$75.69,3,,,,$48.18,57.11%,,,,$45.28,-6.02%,$152.60,216.73%,$213.18,342.47%,ZD,NASDAQ:ZD,-0.101,$43.43,
NASDAQ:ZEUS,22 Aug 2025,$42.35,3,$38.00,3,,#N/A,#N/A,,,,$0.00,#N/A,$0.00,#N/A,$0.00,#N/A,ZEUS,NASDAQ:ZEUS,-1.000,$38.00,0.00%
NYSE:ZGN,23 Dec 2025,$14.49,4,$11.45,8,,$13.11,-12.66%,,,,$13.69,4.42%,$0.00,-100.00%,$0.00,-100.00%,ZGN,NYSE:ZGN,0.217,$12.20,-6.15%
NYSE:ZH,3 Sep 2025,$6.32,4,,8,,$3.07,105.96%,,,,$0.00,-100.00%,$30.85,904.76%,$30.85,904.76%,ZH,NYSE:ZH,-1.000,$4.59,
NYSE:ZIM,19 Nov 2025,$20.23,4,$11.83,3,,$25.58,-53.75%,,,,$25.14,-1.72%,$81.36,218.04%,$186.23,628.03%,ZIM,NYSE:ZIM,-0.308,$22.77,-48.05%
NASDAQ:ZION,12 Oct 2025,$55.40,3,,,,$68.30,-18.89%,,,,$70.58,3.34%,$0.00,-100.00%,$0.00,-100.00%,ZION,NASDAQ:ZION,0.449,$65.60,
NASDAQ:LULU,30 Mar 2026,$260.18,3,$182.42,2,,$113.09,61.31%,,,,$105.03,-7.13%,$0.00,-100.00%,$0.00,-100.00%,LULU,NASDAQ:LULU,-0.506,$183.80,-0.75%
NYSE:LOW,26 Mar 2026,$245.53,4,$293.29,8,,$221.45,10.87%,,,,$221.30,-0.07%,$0.00,-100.00%,$0.00,-100.00%,LOW,NYSE:LOW,0.234,$284.97,2.92%
NYSE:OII,16 Mar 2026,$36.31,3,$33.67,6,,$36.29,-7.22%,,,,$38.02,4.77%,$141.56,290.07%,$159.55,339.65%,OII,NYSE:OII,0.499,$31.50,6.89%
NASDAQ:SPOK,10 Apr 2026,$17.65,5,$14.00,4,,$10.45,33.97%,,,,$10.92,4.50%,$14.62,39.90%,$16.51,58.01%,SPOK,NASDAQ:SPOK,0.106,$14.00,0.00%
NYSE:HTGC,30 Mar 2026,$16.87,3,$19.25,4,,$15.15,11.34%,,,,$15.61,3.04%,$31.84,110.19%,$31.99,111.16%,HTGC,NYSE:HTGC,0.092,$19.58,-1.69%
NASDAQ:RWAY,30 Mar 2026,$9.18,4,$8.00,6,,$5.28,51.52%,,,,$5.60,6.06%,$36.13,584.24%,$32.28,511.44%,RWAY,NASDAQ:RWAY,0.088,$8.89,-10.01%
NASDAQ:CCAP,30 Mar 2026,$15.59,3,$14.25,6,,$11.17,27.57%,,,,$11.51,3.04%,$16.34,46.27%,$27.33,144.65%,CCAP,NASDAQ:CCAP,0.119,$15.07,-5.44%
NASDAQ:CCEP,19 Mar 2026,$99.72,3,$108.12,7,,$98.80,0.93%,,,,$98.29,-0.52%,$0.00,-100.00%,$0.00,-100.00%,CCEP,NASDAQ:CCEP,-0.064,$105.60,2.39%
NASDAQ:CIVB,19 Mar 2026,$24.05,3,$27.33,6,,$28.00,-14.11%,,,,$28.02,0.07%,-$114.67,-509.53%,-$113.84,-506.57%,CIVB,NASDAQ:CIVB,0.178,$26.33,3.80%
NASDAQ:AUPH,1 Jun 2026,$13.51,3,$15.67,7,3,$18.62,-27.47%,-27.47%,$13.51,$17.00,$18.38,-1.29%,$0.00,-100.00%,$0.00,-100.00%,AUPH,NASDAQ:AUPH,0.118,$17.00,-7.82%
NASDAQ:CASS,24 Jun 2026,$50.17,3,,,3.5,$50.92,-1.47%,-1.47%,$50.17,$50.17,$52.09,2.30%,$0.00,-100.00%,$0.00,-100.00%,CASS,NASDAQ:CASS,0.707,$50.00,
NASDAQ:EXEL,1 May 2026,$47.67,3,$46.00,6,,$52.87,-12.99%,,,,$53.77,1.70%,$113.35,114.40%,$115.22,117.94%,EXEL,NASDAQ:EXEL,0.529,$47.53,-3.22%
NASDAQ:PBYI,1 Jun 2026,$5.88,3,$5.00,6,3,$7.95,-37.11%,-37.11%,$5.00,$5.88,$8.34,4.91%,$0.00,-100.00%,$0.00,-100.00%,PBYI,NASDAQ:PBYI,0.506,$5.00,0.00%
NASDAQ:LEGH,10 Jun 2026,$30.54,5,$28.00,7,3.75,$25.33,10.54%,10.54%,$25.67,$30.54,$25.31,-0.08%,$43.41,71.37%,$44.32,74.98%,LEGH,NASDAQ:LEGH,0.093,$25.67,9.08%
NYSE:UHS,30 Mar 2026,$213.24,5,$245.00,3,,$145.41,46.65%,,,,$150.35,3.40%,$236.75,62.82%,$433.13,197.87%,UHS,NYSE:UHS,0.117,$223.31,9.71%
NYSE:EMA,30 Mar 2026,$47.50,2,,,,$52.90,-10.21%,,,,$54.07,2.21%,-$12.80,-124.20%,-$4.44,-108.39%,EMA,NYSE:EMA,0.382,$62.50,
NYSE:NXDT,30 Mar 2026,$4.25,3,,,,$4.62,-8.01%,,,,,-100.00%,-$2.00,-143.29%,-$2.00,-143.29%,NXDT,NYSE:NXDT,-2.000,,
NASDAQ:LOGI,30 Mar 2026,$102.94,4,$112.27,6,,$102.37,0.56%,,,,$106.99,4.51%,$306.12,199.04%,$315.19,207.90%,LOGI,NASDAQ:LOGI,0.115,$109.20,2.81%
NASDAQ:ACAD,14 Jun 2026,$22.38,3,$32.18,7,3.5,$23.36,-4.18%,-4.18%,$22.38,$32.18,$23.28,-0.34%,$34.44,47.44%,$35.42,51.64%,ACAD,NASDAQ:ACAD,0.392,$31.70,1.51%
NASDAQ:PDEX,31 Mar 2026,$63.00,4,,5,,$64.72,-2.65%,,,,$63.58,-1.76%,$125.89,94.51%,$132.50,104.73%,PDEX,NASDAQ:PDEX,-0.018,$56.00,
NYSE:HLF,10 Apr 2026,$16.11,3,$15.00,10,,$12.47,20.29%,,,,$12.01,-3.69%,$0.00,-100.00%,$0.00,-100.00%,HLF,NYSE:HLF,-0.451,$17.50,-14.29%
NASDAQ:INVA,27 May 2026,$23.82,3,$34.50,8,3.5,$23.64,0.74%,0.74%,$23.82,$34.50,$24.17,2.24%,$72.60,207.11%,$129.30,446.95%,INVA,NASDAQ:INVA,0.300,$33.20,3.92%
NYSE:MTH,31 Mar 2026,$81.04,5,$83.50,1,,$82.39,-1.64%,,,,$75.33,-8.57%,$0.00,-100.00%,$0.00,-100.00%,MTH,NYSE:MTH,-0.137,$79.44,5.11%
NYSE:CBT,29 Apr 2026,$98.58,5,$78.00,6,,$91.89,-15.12%,,,,$94.70,3.06%,$105.57,14.89%,$136.22,48.24%,CBT,NYSE:CBT,0.570,$77.80,0.26%
NASDAQ:JOYY,21 May 2026,$63.47,5,,,,$65.91,-3.70%,,,,$66.10,0.29%,$0.00,-100.00%,$0.00,-100.00%,JOYY,NASDAQ:JOYY,-0.120,$78.17,
NASDAQ:MU,22 Apr 2026,$420.62,3,$543.20,8,,"$1,047.92",-59.86%,,,,"$1,144.59",9.22%,$0.00,-100.00%,$0.00,-100.00%,MU,NASDAQ:MU,0.080,$533.73,1.77%
NASDAQ:MDXG,22 Apr 2026,$5.83,3,$8.00,7,,$3.83,52.32%,,,,$3.69,-3.66%,$5.60,46.24%,$6.21,62.19%,MDXG,NASDAQ:MDXG,-0.226,$6.50,23.08%
NASDAQ:RIGL,4 Apr 2026,$33.48,4,$45.67,9,,$36.55,-8.40%,,,,$37.13,1.59%,$84.64,131.56%,$86.27,136.04%,RIGL,NASDAQ:RIGL,0.075,$51.20,-10.80%
NASDAQ:BKNG,15 Jun 2026,$206.77,5,$220.15,7,3.5,$181.28,14.06%,14.06%,$206.77,$232.65,$167.51,-7.60%,$276.64,52.61%,$293.02,61.64%,BKNG,NASDAQ:BKNG,-0.165,$232.65,-5.37%
NASDAQ:RMR,15 Jun 2026,$22.56,4,$21.00,7,3.5,$20.72,1.35%,1.35%,$19.75,$22.56,$21.42,3.38%,$36.54,76.37%,$50.71,144.73%,RMR,NASDAQ:RMR,0.378,$19.75,6.33%
NYSE:REX,7 Apr 2026,$45.52,3,,,,$43.31,5.11%,,,,$44.99,3.88%,$0.00,-100.00%,$0.00,-100.00%,REX,NYSE:REX,0.127,$50.00,
NYSE:WS,23 Apr 2026,$36.83,3,$38.00,7,,$39.62,-7.04%,,,,$39.40,-0.56%,$0.00,-100.00%,$0.00,-100.00%,WS,NYSE:WS,-0.362,$38.00,0.00%
NYSE:ARDT,9 Apr 2026,$17.13,3,$12.47,4,,$9.40,32.66%,,,,$9.45,0.53%,$32.09,241.40%,$46.79,397.75%,ARDT,NYSE:ARDT,0.111,$12.44,0.24%
NASDAQ:BYRN,10 Apr 2026,$17.11,3,$20.50,4,,$5.69,200.70%,,,,$5.58,-1.93%,$0.00,-100.00%,$0.00,-100.00%,BYRN,NASDAQ:BYRN,-0.165,$13.69,49.74%
NYSE:VTOL,10 Apr 2026,$47.84,3,,,,$41.15,16.26%,,,,$44.98,9.31%,$101.27,146.09%,$149.00,262.09%,VTOL,NYSE:VTOL,0.261,$60.67,
NYSE:YELP,10 Apr 2026,$41.52,3,$25.00,3,,$23.36,7.02%,,,,$22.61,-3.21%,$109.63,369.30%,$126.00,439.38%,YELP,NYSE:YELP,-0.197,$25.62,-2.42%
NYSE:EMN,15 Jun 2026,$100.52,5,$83.00,9,4.75,$70.40,17.90%,17.90%,$79.20,$100.52,$75.32,6.99%,$110.11,56.41%,$155.35,120.66%,EMN,NYSE:EMN,0.883,$79.20,4.80%
NYSE:LEVI,24 Jun 2026,$25.35,4,$26.91,4,3.75,$23.56,7.60%,7.60%,$25.35,$26.91,$24.45,3.78%,$0.00,-100.00%,$0.00,-100.00%,LEVI,NYSE:LEVI,0.683,$26.87,0.15%
NASDAQ:CWBC,14 Apr 2026,$22.95,3,$27.50,9,,$26.87,-14.57%,,,,$26.62,-0.93%,$0.00,-100.00%,$0.00,-100.00%,CWBC,NASDAQ:CWBC,0.545,$28.38,-3.10%
NASDAQ:NRDS,16 Apr 2026,$15.41,5,$14.75,5,,$8.62,71.11%,,,,$8.33,-3.36%,$0.00,-100.00%,$0.00,-100.00%,NRDS,NASDAQ:NRDS,-0.402,$14.50,1.72%
NYSE:LZB,29 Apr 2026,$50.16,5,$44.50,1,,$41.85,6.33%,,,,$39.90,-4.66%,$0.00,-100.00%,$0.00,-100.00%,LZB,NYSE:LZB,-0.253,$44.50,0.00%
NASDAQ:UPWK,16 Apr 2026,$16.52,5,$21.22,4,,$8.22,101.02%,,,,$7.96,-3.16%,$29.25,255.84%,$32.09,290.35%,UPWK,NASDAQ:UPWK,-0.224,$21.40,-0.84%
NASDAQ:MTCH,16 Apr 2026,$41.38,5,$35.45,6,,$35.34,0.31%,,,,$35.19,-0.42%,$73.50,107.99%,$86.45,144.62%,MTCH,NASDAQ:MTCH,-0.093,$36.65,-3.27%
NASDAQ:REGN,29 Apr 2026,$775.92,3,$869.88,8,,$623.27,24.49%,,,,$632.06,1.41%,$952.48,52.82%,"$1,011.39",62.27%,REGN,NASDAQ:REGN,0.050,$875.45,-0.64%
NASDAQ:INCY,1 Jun 2026,$81.23,2,$106.83,6,2.5,$108.46,-25.10%,-25.10%,$81.23,$108.50,$107.56,-0.83%,$227.73,109.97%,$235.81,117.42%,INCY,NASDAQ:INCY,0.157,$108.50,-1.54%
NYSE:LTC,29 Apr 2026,$40.57,4,$41.00,5,,$38.07,6.58%,,,,$38.25,0.47%,$0.00,-100.00%,$0.00,-100.00%,LTC,NYSE:LTC,0.323,$41.29,-0.70%
NYSE:ELV,8 May 2026,$512.46,3,$382.71,8,,$384.00,-0.34%,,,,$407.70,6.17%,$387.64,0.95%,$190.08,-50.50%,ELV,NYSE:ELV,0.200,$378.38,1.14%
NYSE:MOH,20 Apr 2026,$251.44,3,$142.77,6,,$201.42,-29.12%,,,,$201.20,-0.11%,$413.52,105.30%,$450.05,123.44%,MOH,NYSE:MOH,0.051,$149.18,-4.30%
NASDAQ:SAIC,29 Apr 2026,$138.59,5,$101.61,7,,$108.47,-6.32%,,,,$99.68,-8.10%,$0.00,-100.00%,$0.00,-100.00%,SAIC,NASDAQ:SAIC,-0.045,$111.44,-8.82%
NYSE:CI,10 Jun 2026,$331.16,5,$346.27,10,4.25,$279.46,18.50%,18.50%,$331.16,$346.27,$293.52,5.03%,$64.01,-77.09%,$164.20,-41.24%,CI,NYSE:CI,0.281,$340.50,1.69%
NYSE:TX,29 Apr 2026,$44.92,3,$43.17,7,,$44.96,-3.98%,,,,$46.63,3.71%,$0.00,-100.00%,$0.00,-100.00%,TX,NYSE:TX,0.010,$43.46,-0.67%
NASDAQ:FDUS,28 Apr 2026,$22.45,3,,,,$18.13,23.83%,,,,$18.00,-0.72%,$42.48,134.31%,$274.06,1411.61%,FDUS,NASDAQ:FDUS,-0.225,$21.30,
NYSE:OPFI,28 Apr 2026,$13.04,3,$15.50,7,,$8.80,48.20%,,,,$8.97,1.93%,$273.58,3008.84%,$276.08,3037.24%,OPFI,NYSE:OPFI,0.261,$13.33,16.28%
NASDAQ:UAL,28 Apr 2026,$106.86,4,$130.71,5,,$130.54,-18.14%,,,,$117.31,-10.13%,$212.32,62.65%,$323.29,147.66%,UAL,NASDAQ:UAL,-0.332,$130.17,0.41%
NYSE:CNA,28 Apr 2026,$48.98,3,,6,,$46.94,4.34%,,,,$45.94,-2.13%,$150.91,221.50%,$155.90,232.13%,CNA,NYSE:CNA,-0.294,$42.00,
NASDAQ:JBSS,28 Apr 2026,$92.51,4,$109.00,8,,$84.28,9.76%,,,,$79.71,-5.42%,$300.71,256.80%,$356.76,323.30%,JBSS,NASDAQ:JBSS,-0.255,$109.00,0.00%
NYSE:HMN,28 Apr 2026,$54.29,4,$48.00,6,,$50.57,-5.08%,,,,$49.30,-2.51%,$0.00,-100.00%,$0.00,-100.00%,HMN,NYSE:HMN,-0.309,$51.50,-6.80%
NYSE:ENVA,28 Apr 2026,$163.50,3,$198.33,8,,$216.58,-24.51%,,,,$215.45,-0.52%,"$1,291.90",496.50%,"$1,317.14",508.16%,ENVA,NYSE:ENVA,0.136,$187.29,5.89%
NYSE:CF,28 Apr 2026,$121.68,3,$130.71,6,,$103.09,18.03%,,,,$105.33,2.17%,$159.72,54.94%,$218.58,112.03%,CF,NYSE:CF,0.028,$120.95,8.07%
NYSE:KMPR,28 Apr 2026,$53.67,3,$54.67,2,,$26.08,105.78%,,,,$25.22,-3.30%,$0.00,-100.00%,$0.00,-100.00%,KMPR,NYSE:KMPR,-0.366,$54.67,0.00%
NYSE:RLI,28 Apr 2026,$66.40,5,$62.50,7,,$54.75,14.16%,,,,$53.46,-2.36%,$71.47,30.54%,$74.30,35.72%,RLI,NYSE:RLI,-0.193,$58.00,7.76%
NASDAQ:MORN,28 Apr 2026,,,$280.00,7,,$153.23,82.73%,,,,$156.61,2.21%,$373.96,144.05%,$455.68,197.38%,MORN,NASDAQ:MORN,-0.187,$250.00,12.00%
NASDAQ:GEHC,28 Apr 2026,$91.01,5,$94.25,9,,$64.86,40.31%,,,,$61.07,-5.84%,$26.87,-58.58%,$40.13,-38.12%,GEHC,NASDAQ:GEHC,-0.431,$79.95,17.89%
NASDAQ:NTRS,28 Apr 2026,$135.85,2,$169.95,5,,$173.93,-21.89%,,,,$174.91,0.56%,$0.00,-100.00%,$0.00,-100.00%,NTRS,NASDAQ:NTRS,-0.306,$153.04,11.05%
NYSE:WES,29 Apr 2026,$41.40,3,,,,$42.11,-1.69%,,,,$45.28,7.53%,$51.60,22.53%,$110.21,161.71%,WES,NYSE:WES,0.661,$41.83,
NYSE:DHT,16 Jun 2026,$15.77,3,$23.00,10,3.5,$19.39,-18.67%,-18.67%,$15.77,$23.00,$20.71,6.81%,$35.87,85.01%,$47.46,144.74%,DHT,NYSE:DHT,0.485,$20.20,13.86%
NYSE:D,21 May 2026,$62.63,3,$66.64,8,,$69.26,-9.57%,,,,$70.77,2.18%,-$46.95,-167.79%,-$16.87,-124.35%,D,NYSE:D,0.397,$66.35,0.44%
NASDAQ:CBK,1 Jun 2026,$30.03,3,,,3,$31.99,-6.12%,-6.12%,$30.03,$33.00,$32.58,1.84%,$0.00,-100.00%,$0.00,-100.00%,CBK,NASDAQ:CBK,0.127,$33.00,
NYSE:ELPC,12 May 2026,$11.13,3,$13.10,8,,$11.57,-3.78%,,,,$12.04,4.06%,$6.70,-42.10%,$38.59,233.54%,ELPC,NYSE:ELPC,0.429,$16.93,-22.62%
NYSE:FDX,21 May 2026,$336.52,2,$430.76,5,,$316.83,6.22%,,,,$338.70,6.90%,$0.00,-100.00%,$0.00,-100.00%,FDX,NYSE:FDX,0.572,$403.07,6.87%
NYSE:FBK,27 May 2026,$53.58,3,$64.25,5,3.5,$54.68,-2.01%,-2.01%,$53.58,$64.86,$56.65,3.60%,$0.00,-100.00%,$0.00,-100.00%,FBK,NYSE:FBK,0.541,$64.86,-0.94%
NYSE:AXTA,15 Jun 2026,$41.16,5,$33.67,4,3.75,$34.66,-2.86%,-2.86%,$33.67,$41.16,$35.29,1.82%,$23.38,-32.55%,$47.44,36.88%,AXTA,NYSE:AXTA,0.435,$35.21,-4.37%
NASDAQ:LOPE,23 Jun 2026,$172.08,5,$209.33,5,4,$144.65,18.96%,18.96%,$172.08,$214.00,$148.98,2.99%,$429.75,197.10%,$455.74,215.06%,LOPE,NASDAQ:LOPE,0.415,$214.00,-2.18%
NASDAQ:PAA,23 Jun 2026,$21.48,1,,,3,$21.47,0.05%,0.05%,$21.48,$22.67,$23.06,7.41%,$64.63,201.01%,$89.42,316.47%,PAA,NASDAQ:PAA,0.824,$22.67,
NASDAQ:NKSH,27 May 2026,$35.84,3,,7,3,$36.61,-2.11%,-2.11%,$35.84,$41.00,$37.39,2.13%,$0.00,-100.00%,$0.00,-100.00%,NKSH,NASDAQ:NKSH,0.029,$41.00,
NYSE:KRC,15 Jun 2026,$46.60,5,$37.20,5,3.75,$36.92,0.76%,0.76%,$35.14,$46.60,$38.50,4.28%,$19.74,-46.53%,$52.65,42.62%,KRC,NYSE:KRC,0.371,$35.14,5.86%
NASDAQ:MRBK,27 May 2026,$18.24,3,$21.00,7,3.5,$19.86,-8.16%,-8.16%,$18.24,$22.00,$20.19,1.66%,$0.00,-100.00%,$0.00,-100.00%,MRBK,NASDAQ:MRBK,0.437,$22.00,-4.55%
NYSE:TTE,19 Jun 2026,$90.07,4,$99.60,,4.25,$78.69,14.47%,14.47%,$90.07,$99.60,$85.67,8.87%,$108.05,37.31%,$85.98,9.26%,TTE,NYSE:TTE,0.915,$97.07,2.61%
NASDAQ:SMBC,27 May 2026,$70.66,3,$73.33,5,3,$74.46,-5.10%,-5.10%,$68.33,$73.33,$75.98,2.04%,$0.00,-100.00%,$0.00,-100.00%,SMBC,NASDAQ:SMBC,0.294,$68.33,7.32%
NYSE:EPD,16 Jun 2026,$36.79,1,,,3,$36.09,1.94%,1.94%,$36.79,$40.70,$38.80,7.51%,$0.00,-100.00%,$0.00,-100.00%,EPD,NYSE:EPD,0.744,$40.70,
NASDAQ:SHOE,15 Jun 2026,$31.19,5,,,3.25,$15.98,95.18%,95.18%,$31.19,$31.19,$15.25,-4.57%,$0.00,-100.00%,$0.00,-100.00%,SHOE,NASDAQ:SHOE,-0.344,,
NYSE:AD,17 Jun 2026,38:58:00,3,,,4.25,$36.25,-95.52%,-95.52%,$1.62,$53.83,$41.37,14.12%,$0.00,-100.00%,$0.00,-100.00%,AD,NYSE:AD,0.914,$53.83,
NASDAQ:SCVL,15 Jun 2026,$31.19,5,,,,$15.98,95.18%,95.18%,$31.19,$31.19,,-100.00%,-$2.00,-112.52%,-$2.00,-112.52%,SCVL,NASDAQ:SHOE,-2.000,,
NYSE:SBR,16 Jun 2026,$78.38,3,,7,3.25,$71.68,9.35%,9.35%,$78.38,$78.38,$75.54,5.39%,$238.69,232.99%,$238.69,232.99%,SBR,NYSE:SBR,0.664,$32.50,
NYSE:MATV,24 Jun 2026,$12.06,5,,7,4.5,$8.07,49.44%,49.44%,$12.06,$21.00,$8.34,3.35%,-$7.94,-198.37%,$36.03,346.51%,MATV,NYSE:MATV,0.711,$21.00,
NYSE:TK,16 Jun 2026,$10.89,3,,4,3,$12.06,-9.67%,-9.67%,$10.89,$10.89,$12.94,7.30%,$0.00,-100.00%,$0.00,-100.00%,TK,NYSE:TK,0.573,$5.00,
NYSE:AVA,23 Jun 2026,$43.52,3,$39.25,1,3.25,$41.13,-4.57%,-4.57%,$39.25,$43.52,$42.68,3.77%,$0.00,-100.00%,$0.00,-100.00%,AVA,NYSE:AVA,0.796,$42.00,-6.55%
NYSE:TNK,16 Jun 2026,$68.85,3,$80.50,6,3.5,$76.34,-9.81%,-9.81%,$68.85,$86.60,$81.85,7.22%,$327.74,329.31%,$377.36,394.32%,TNK,NYSE:TNK,0.536,$86.60,-7.04%
NASDAQ:BCML,16 Jun 2026,$34.03,3,$33.00,7,3.5,$32.58,1.29%,1.29%,$32.67,$34.03,$33.79,3.71%,$0.00,-100.00%,$0.00,-100.00%,BCML,NASDAQ:BCML,0.582,$32.67,1.01%
NYSE:CBL,23 Jun 2026,$47.75,3,$55.00,8,3.5,$50.99,-6.35%,-6.35%,$45.00,$55.00,$52.48,2.92%,$28.84,-43.44%,$104.76,105.46%,CBL,NYSE:CBL,0.667,$45.00,22.22%
NASDAQ:JCAP,24 Jun 2026,$21.24,4,,,4.25,$18.05,17.67%,17.67%,$21.24,$26.20,$18.33,1.55%,$0.00,-100.00%,$0.00,-100.00%,JCAP,NASDAQ:JCAP,0.688,$26.20,
NYSE:BKH,16 Jun 2026,$76.81,4,$83.00,9,4,$74.56,3.02%,3.02%,$76.81,$83.00,$76.75,2.94%,$52.83,-29.15%,$73.93,-0.84%,BKH,NYSE:BKH,0.645,$83.00,0.00%
NYSE:CPK,16 Jun 2026,$124.03,3,$151.00,2,3.25,$122.04,1.63%,1.63%,$124.03,$151.00,$126.71,3.83%,$70.02,-42.62%,$91.38,-25.12%,CPK,NYSE:CPK,0.573,$149.25,1.17%
NYSE:HESM,23 Jun 2026,$37.21,1,,,3,$37.28,-0.19%,-0.19%,$37.21,$38.67,$39.69,6.46%,$35.78,-4.01%,$64.19,72.18%,HESM,NYSE:HESM,0.750,$38.67,
NYSE:SOBO,23 Jun 2026,$37.00,3,,,3.5,$35.81,3.32%,3.32%,$37.00,$37.00,$37.45,4.58%,$36.21,1.12%,$52.27,45.96%,SOBO,NYSE:SOBO,0.634,$34.78,
NYSE:AEE,16 Jun 2026,$106.67,3,$119.00,7,3.5,$113.32,-5.87%,-5.87%,$106.67,$119.36,$115.79,2.18%,$4.76,-95.80%,$55.60,-50.93%,AEE,NYSE:AEE,0.570,$119.36,-0.30%
NYSE:SUN,24 Jun 2026,$65.25,3,,,3.75,$62.12,5.04%,5.04%,$65.25,$67.25,$68.60,10.43%,$35.14,-43.43%,$135.61,118.31%,SUN,NYSE:SUN,0.737,$67.25,
NYSE:RGA,16 Jun 2026,$209.11,3,$262.14,2,3.5,$207.79,0.63%,0.63%,$209.11,$262.14,$221.41,6.55%,-$921.90,-543.67%,-$923.09,-544.24%,RGA,NYSE:RGA,0.714,$248.44,5.51%
NYSE:MPC,16 Jun 2026,$210.97,1,$279.30,8,2.75,$246.51,-14.42%,-14.42%,$210.97,$279.30,$257.35,4.40%,$115.49,-53.15%,$220.72,-10.46%,MPC,NYSE:MPC,0.481,$249.29,12.04%
NYSE:ATO,16 Jun 2026,$164.62,3,,,3.75,$172.59,-4.62%,-4.62%,$164.62,$189.45,$180.78,4.75%,$336.25,94.83%,$404.96,134.63%,ATO,NYSE:ATO,0.780,$189.45,
NYSE:OMF,23 Jun 2026,$58.80,3,,,3.75,$58.58,0.37%,0.37%,$58.80,$68.00,$61.16,4.40%,$139.85,138.74%,$164.25,180.38%,OMF,NYSE:OMF,0.665,$68.00,
NYSE:SPG,16 Jun 2026,$197.72,3,$210.14,8,3.5,$222.15,-11.00%,-11.00%,$197.72,$210.14,$225.29,1.41%,$315.49,42.02%,$401.85,80.89%,SPG,NYSE:SPG,0.579,$208.55,0.76%
NYSE:HTH,16 Jun 2026,$40.96,3,$39.50,3,3.25,$39.18,0.82%,0.82%,$39.50,$40.96,$39.93,1.91%,$80.37,105.14%,$85.86,119.15%,HTH,NYSE:HTH,0.517,$39.67,-0.43%
NASDAQ:HTO,23 Jun 2026,$57.81,3,,,3.5,$59.17,-2.31%,-2.31%,$57.81,$62.33,$60.33,1.96%,-$45.41,-176.74%,-$26.16,-144.21%,HTO,NASDAQ:HTO,0.708,$62.33,
NYSE:MLI,17 Jun 2026,$127.13,2,,,3,$133.17,-4.54%,-4.54%,$127.13,$149.50,$143.14,7.49%,$190.60,43.13%,$200.64,50.66%,MLI,NYSE:MLI,0.661,$149.50,
NYSE:EG,17 Jun 2026,$338.53,3,,,3.25,$345.74,-2.09%,-2.09%,$338.53,$369.87,$354.53,2.54%,$959.62,177.55%,$934.10,170.17%,EG,NYSE:EG,0.466,$369.87,
NYSE:SR,23 Jun 2026,$82.84,4,,,4.25,$79.48,4.23%,4.23%,$82.84,$99.50,$82.00,3.17%,$50.97,-35.87%,$116.79,46.94%,SR,NYSE:SR,0.669,$99.50,
NYSE:BFH,19 Jun 2026,$90.04,3,$98.33,10,3.5,$104.91,-14.17%,-14.17%,$85.53,$98.33,$108.17,3.11%,$528.55,403.81%,$560.89,434.64%,BFH,NYSE:BFH,0.623,$85.53,14.97%
NASDAQ:SNY,19 Jun 2026,$55.62,5,$53.00,4,4,$41.33,28.24%,28.24%,$53.00,$57.12,$43.54,5.35%,$50.38,21.89%,$84.23,103.79%,SNY,NASDAQ:SNY,0.327,$57.12,-7.21%
NASDAQ:TMUS,23 Jun 2026,$241.78,3,$254.20,7,3.5,$180.79,33.73%,33.73%,$241.78,$268.35,$191.22,5.77%,$292.23,61.64%,$520.88,188.11%,TMUS,NASDAQ:TMUS,0.490,$268.35,-5.27%
NYSE:ES,23 Jun 2026,$73.60,4,$70.67,8,3.75,$71.71,-1.45%,-1.45%,$70.67,$73.60,$73.31,2.23%,-$63.17,-188.09%,$21.27,-70.34%,ES,NYSE:ES,0.413,$72.58,-2.63%
NASDAQ:TIGO,24 Jun 2026,$78.80,3,,,3.25,$87.56,-10.00%,-10.00%,$78.80,$78.80,$91.90,4.96%,$129.24,47.61%,$277.37,216.78%,TIGO,NASDAQ:TIGO,0.687,$75.84,
NASDAQ:EZPW,24 Jun 2026,$31.35,3,,,3.5,$32.43,-3.33%,-3.33%,$31.35,$34.00,$35.14,8.36%,$60.10,85.31%,$71.10,119.24%,EZPW,NASDAQ:EZPW,0.709,$34.00,
NYSE:NRP,24 Jun 2026,$100.40,3,,,3.5,$100.02,0.38%,0.38%,$100.40,$100.40,$105.61,5.59%,$239.17,139.12%,$258.44,158.39%,NRP,NYSE:NRP,0.714,$96.00,
NYSE:DINO,24 Jun 2026,$67.54,3,$72.58,9,3.75,$65.76,2.71%,2.71%,$67.54,$72.58,$69.37,5.49%,$117.86,79.23%,$73.97,12.48%,DINO,NYSE:DINO,0.723,$72.29,0.40%
