Stock,Date,MS Fair Value,MS,Tips Target,Tips Stars,Stars,Current Price,Fair Value,Valid Fair Value,Low Price,High Price,"3 Mths
Target","3 Mths
Target %",Intrinsic Value Basic,Intrinsic Value Basic %,Intrinsic Value Adjusted,Intrinsic Value Adjusted %,🙈 Symbol,"🙈 Google
Symbol",Score,Analyst Target Price,Tip Ranks Difference
NYSE:AA,23 Jun 2026,$55.51,3,$78.71,7,1.91,$49.95,11.14%,,,,$49.89,-0.12%,$86.75,73.68%,$92.72,85.63%,AA,NYSE:AA,-0.344,$62.98,24.98%
NASDAQ:AAL,28 Jul 2025,$12.45,3,$13.73,1,1.99,$13.43,-7.29%,,,,$13.67,1.79%,$0.00,-100.00%,$0.00,-100.00%,AAL,NASDAQ:AAL,-0.334,$18.50,-25.78%
NASDAQ:AAOI,30 Jan 2026,$36.44,3,$38.25,6,2.52,$107.69,-66.16%,,,,$106.41,-1.19%,$0.00,-100.00%,$0.00,-100.00%,AAOI,NASDAQ:AAOI,-0.101,$163.40,-76.59%
NASDAQ:AAON,22 Jan 2026,$81.94,2,$119.00,4,2.14,$75.97,7.86%,,,,$76.05,0.11%,$0.00,-100.00%,$0.00,-100.00%,AAON,NASDAQ:AAON,-0.273,$143.00,-16.78%
NASDAQ:AAPL,19 Jan 2026,$237.95,2,$299.69,8,1.60,$316.85,-24.90%,,,,$315.86,-0.31%,$0.00,-100.00%,$0.00,-100.00%,AAPL,NASDAQ:AAPL,-0.428,$324.45,-7.63%
NYSE:AAT,22 Apr 2026,$25.97,5,$19.00,3,1.89,$22.46,-15.41%,,,,$22.55,0.40%,$0.00,-100.00%,$0.00,-100.00%,AAT,NYSE:AAT,-0.305,$23.50,-19.15%
NASDAQ:ABCB,12 Oct 2025,$69.25,3,$77.00,6,,$84.25,-17.80%,,,,,-100.00%,-$2.00,-102.37%,-$2.00,-102.37%,ABCB,NYSE:ABCB,-2.000,,
NYSE:ABCB,19 Nov 2025,$73.43,3,,,1.93,$84.25,-12.84%,,,,$85.66,1.67%,$0.00,-100.00%,$0.00,-100.00%,ABCB,NYSE:ABCB,-0.300,$94.17,
NYSE:ABEV,19 Mar 2026,$3.23,4,$3.12,5,1.61,$2.87,8.71%,,,,$2.82,-1.74%,$5.25,82.82%,$6.30,119.52%,ABEV,NYSE:ABEV,-0.452,$3.34,-6.59%
NYSE:ABM,30 Aug 2025,$55.78,4,$58.40,6,1.87,$46.63,19.62%,,,,$47.38,1.61%,$3.01,-93.55%,$22.65,-51.42%,ABM,NYSE:ABM,-0.332,$52.43,11.39%
NYSE:ABT,11 Dec 2025,$121.58,3,$147.38,6,1.99,$110.36,10.17%,,,,$111.85,1.35%,$0.00,-100.00%,$0.00,-100.00%,ABT,NYSE:ABT,-0.270,$120.20,22.61%
NYSE:ACCO,28 Apr 2026,$4.93,5,$7.00,6,2.07,$4.28,15.29%,,,,$4.28,0.00%,$11.23,162.34%,$21.38,399.50%,ACCO,NYSE:ACCO,-0.302,$8.00,-12.50%
NYSE:ACEL,18 Sep 2025,$12.91,4,$15.00,7,2.59,$11.64,10.88%,,,,$11.84,1.72%,$0.00,-100.00%,$0.00,-100.00%,ACEL,NYSE:ACEL,-0.058,$15.57,-3.66%
NASDAQ:ACGL,29 Aug 2025,$97.27,4,$108.00,5,2.55,$98.07,-0.81%,,,,$99.46,1.42%,$0.00,-100.00%,$0.00,-100.00%,ACGL,NASDAQ:ACGL,-0.032,$111.87,-3.46%
NYSE:ACI,21 May 2026,$24.29,3,$22.00,6,2.14,$12.35,78.14%,,,,$12.38,0.24%,$0.00,-100.00%,$0.00,-100.00%,ACI,NYSE:ACI,-0.214,$14.19,55.04%
NASDAQ:ACIW,10 Feb 2026,$52.10,5,$63.33,2,1.31,$53.28,-2.21%,,,,$53.34,0.11%,$0.00,-100.00%,$0.00,-100.00%,ACIW,NASDAQ:ACIW,-0.609,$67.33,-5.94%
NASDAQ:ACLS,27 May 2026,$130.64,2,$167.25,8,2.79,$115.33,13.27%,,,,$124.92,8.32%,$0.00,-100.00%,$0.00,-100.00%,ACLS,NASDAQ:ACLS,0.020,$161.00,3.88%
NASDAQ:ACMR,5 Feb 2026,$52.94,2,$43.25,9,2.11,$72.82,-40.61%,,,,$74.27,1.99%,$0.00,-100.00%,$0.00,-100.00%,ACMR,NASDAQ:ACMR,-0.286,$117.75,-63.27%
NYSE:ACN,24 May 2026,$244.46,3,$254.70,8,1.89,$189.76,28.83%,,,,$189.84,0.04%,$429.87,126.53%,$475.26,150.45%,ACN,NYSE:ACN,-0.285,$184.19,38.28%
NYSE:ACVA,18 Sep 2025,$10.72,3,,,2.13,$7.03,52.52%,,,,$7.09,0.85%,$0.00,-100.00%,$0.00,-100.00%,ACVA,NYSE:ACVA,-0.273,$9.77,
NYSE:ADC,19 Sep 2025,$79.26,4,$81.90,8,2.66,$72.25,9.70%,,,,$74.87,3.63%,$47.18,-34.70%,$77.91,7.83%,ADC,NYSE:ADC,0.008,$84.86,-3.49%
NASDAQ:ADEA,5 Feb 2026,$20.67,3,,,2.08,$25.23,-18.06%,,,,$25.79,2.22%,$0.00,-100.00%,$0.00,-100.00%,ADEA,NASDAQ:ADEA,-0.297,$43.00,
NASDAQ:ADI,4 Jan 2026,$270.08,3,$290.50,7,2.25,$362.14,-25.42%,,,,$362.73,0.16%,$0.00,-100.00%,$0.00,-100.00%,ADI,NASDAQ:ADI,-0.202,$470.25,-38.22%
NASDAQ:ADIL,11 Jul 2025,$0.51,3,,,,$5.75,-91.08%,,,,,-100.00%,-$2.00,-134.78%,-$2.00,-134.78%,ADIL,NASDAQ:ADIL,-2.000,,
NASDAQ:ADP,27 Jan 2026,$279.90,4,$288.80,7,0.81,$286.16,-2.19%,,,,$280.45,-2.00%,$355.34,24.17%,$377.14,31.79%,ADP,NASDAQ:ADP,-0.775,$287.27,0.53%
NASDAQ:ADTN,10 Feb 2026,$10.14,3,$12.50,8,2.10,$7.75,30.85%,,,,$7.62,-1.68%,$0.00,-100.00%,$0.00,-100.00%,ADTN,NASDAQ:ADTN,-0.289,$14.67,-14.79%
NYSE:AEM,24 Oct 2025,$79.48,1,,,1.37,$203.11,-60.87%,,,,$204.18,0.53%,$351.57,73.09%,$405.04,99.42%,AEM,NYSE:AEM,-0.537,$214.98,
NASDAQ:AEMD,4 Dec 2025,$7.60,3,,,1.86,$2.06,268.93%,,,,$2.45,18.93%,$0.00,-100.00%,$0.00,-100.00%,AEMD,NASDAQ:AEMD,-0.395,$13.25,
NASDAQ:AEP,18 Sep 2025,$104.71,2,,,2.45,$122.43,-14.47%,,,,$123.40,0.79%,$30.06,-75.45%,$55.41,-54.74%,AEP,NASDAQ:AEP,-0.084,$144.00,
NYSE:AER,5 Mar 2026,$119.70,1,,,1.85,$145.94,-17.98%,,,,$146.94,0.69%,-$140.16,-196.04%,$129.42,-11.32%,AER,NYSE:AER,-0.361,$179.30,
NYSE:AES,11 Jul 2025,$13.47,3,,,1.13,$14.74,-8.65%,,,,$14.60,-0.95%,$0.00,-100.00%,$0.00,-100.00%,AES,NYSE:AES,-0.636,$15.00,
NASDAQ:AFYA,30 Jun 2026,$16.79,3,$21.00,2,0.47,$14.60,15.03%,,,,$13.67,-6.37%,$0.00,-100.00%,$0.00,-100.00%,AFYA,NASDAQ:AFYA,-0.957,$16.74,25.45%
NYSE:AG,12 Aug 2025,$7.66,3,,,2.03,$20.59,-62.82%,,,,$20.50,-0.44%,$0.00,-100.00%,$0.00,-100.00%,AG,NYSE:AG,-0.276,$24.75,
NYSE:AGI,24 Oct 2025,$19.15,2,,,1.38,$36.61,-47.69%,,,,$36.12,-1.34%,$41.23,12.61%,$49.22,34.46%,AGI,NYSE:AGI,-0.579,$46.25,
NYSE:AGM,11 Nov 2025,$179.75,4,$219.00,5,2.32,$219.90,-18.26%,,,,$223.49,1.63%,"-$3,346.20",-1621.69%,"-$3,411.56",-1651.41%,AGM,NYSE:AGM,-0.139,$257.00,-14.79%
NASDAQ:AGNC,6 Aug 2026,$12.07,3,$11.25,6,2.03,$10.73,4.85%,4.85%,$11.06,$12.07,$10.96,2.14%,$0.00,-100.00%,$0.00,-100.00%,AGNC,NASDAQ:AGNC,-0.239,$11.06,1.72%
NYSE:AGO,3 Jan 2025,$100.22,4,$105.33,1,1.83,$74.70,34.17%,,,,$74.76,0.08%,$0.00,-100.00%,$0.00,-100.00%,AGO,NYSE:AGO,-0.369,$90.33,16.61%
NYSE:AGRO,27 Aug 2025,$9.55,4,$9.40,1,1.58,$11.38,-17.40%,,,,$10.64,-6.50%,$0.00,-100.00%,$0.00,-100.00%,AGRO,NYSE:AGRO,-0.467,$13.14,-28.46%
NASDAQ:AHCO,3 Dec 2025,$13.94,3,$13.67,6,2.32,$5.59,144.54%,,,,$5.82,4.11%,$0.00,-100.00%,$0.00,-100.00%,AHCO,NASDAQ:AHCO,-0.192,$9.14,49.56%
NYSE:AIG,17 Jul 2025,$84.76,3,$90.60,5,2.60,$76.36,11.00%,,,,$77.58,1.60%,$0.00,-100.00%,$0.00,-100.00%,AIG,NYSE:AIG,-0.013,$88.50,2.37%
NASDAQ:AIMD,29 Jan 2026,$2.10,3,,,,$1.40,50.29%,,,,,-100.00%,-$2.00,-242.86%,-$2.00,-242.86%,AIMD,NASDAQ:AIMD,-2.000,,
NYSE:AIN,15 Aug 2025,$77.61,3,$66.80,4,2.88,$55.43,20.51%,,,,$60.83,9.74%,$0.00,-100.00%,$0.00,-100.00%,AIN,NYSE:AIN,0.119,$62.00,7.74%
NASDAQ:AIP,5 Feb 2026,$16.04,3,$20.50,7,1.86,$21.88,-26.69%,,,,$21.98,0.46%,$0.00,-100.00%,$0.00,-100.00%,AIP,NASDAQ:AIP,-0.397,$41.00,-50.00%
NASDAQ:AIRS,23 Aug 2025,$6.69,3,$5.00,5,1.16,$2.52,98.41%,,,,$2.45,-2.78%,$0.00,-100.00%,$0.00,-100.00%,AIRS,NASDAQ:AIRS,-0.708,$4.50,11.11%
NYSE:AIV,6 Aug 2026,$3.23,3,,3,4.77,$2.51,28.73%,28.73%,$3.23,$7.00,$2.75,9.56%,-$3.52,-240.11%,-$1.66,-166.12%,AIV,NYSE:AIV,0.896,$7.00,
NYSE:AIZ,29 Aug 2025,$221.82,3,$239.50,10,2.42,$281.86,-21.30%,,,,$288.19,2.25%,$0.00,-100.00%,$0.00,-100.00%,AIZ,NYSE:AIZ,-0.088,$322.33,-25.70%
NASDAQ:AKAM,11 Feb 2026,$114.28,5,$103.73,9,2.49,$108.62,-4.50%,,,,$108.12,-0.46%,$0.00,-100.00%,$0.00,-100.00%,AKAM,NASDAQ:AKAM,-0.113,$157.43,-34.11%
NYSE:AL,2 Jan 2026,$58.27,3,$66.50,5,,,#DIV/0!,,,,,#DIV/0!,-$2.00,#DIV/0!,-$2.00,#DIV/0!,AL,NYSE:AL,-2.000,,
NASDAQ:ALAB,27 Jan 2026,$140.56,1,$194.64,5,1.69,$296.98,-52.67%,,,,$287.13,-3.32%,$0.00,-100.00%,$0.00,-100.00%,ALAB,NASDAQ:ALAB,-0.451,$389.95,-50.09%
NYSE:ALC,27 Aug 2025,$81.45,1,,,2.40,$72.06,13.03%,,,,$72.22,0.22%,$0.00,-100.00%,$0.00,-100.00%,ALC,NYSE:ALC,-0.109,$85.24,
NYSE:ALEX,18 Nov 2025,$16.62,4,$21.00,5,3.04,$20.84,-20.26%,,,,$0.00,-100.00%,$20.75,-0.43%,$26.21,25.76%,ALEX,NYSE:ALEX,-1.000,$21.00,0.00%
NASDAQ:ALGM,19 Jan 2026,$25.92,2,$39.14,8,3.04,$36.25,-28.51%,,,,$38.22,5.43%,$0.00,-100.00%,$0.00,-100.00%,ALGM,NASDAQ:ALGM,0.130,$54.83,-28.62%
NYSE:ALIT,11 Feb 2026,$3.53,3,$3.67,5,0.60,$14.31,-75.30%,,,,$13.44,-6.08%,$0.00,-100.00%,$0.00,-100.00%,ALIT,NYSE:ALIT,-0.954,$40.25,-90.88%
NYSE:ALL,28 Apr 2026,$199.62,2,$248.30,5,2.45,$257.80,-22.57%,,,,$260.33,0.98%,$0.00,-100.00%,$0.00,-100.00%,ALL,NYSE:ALL,-0.059,$274.09,-9.41%
NYSE:ALLE,24 Oct 2025,$165.38,3,,,1.34,$155.25,6.52%,,,,$155.71,0.30%,$260.10,67.54%,$287.27,85.04%,ALLE,NYSE:ALLE,-0.564,$174.64,
NYSE:ALLY,29 Jun 2026,$48.35,3,$53.00,9,2.77,$42.21,14.55%,,,,$43.67,3.46%,$0.00,-100.00%,$0.00,-100.00%,ALLY,NYSE:ALLY,0.037,$53.70,-1.30%
NASDAQ:ALNT,4 Feb 2026,$50.47,2,,,2.76,$94.01,-46.31%,,,,$101.58,8.05%,$0.00,-100.00%,$0.00,-100.00%,ALNT,NASDAQ:ALNT,0.035,$118.00,
NASDAQ:ALRM,11 Feb 2026,$60.94,3,$85.00,1,1.15,$57.56,5.88%,,,,$56.88,-1.18%,$0.00,-100.00%,$0.00,-100.00%,ALRM,NASDAQ:ALRM,-0.645,$63.00,34.92%
NASDAQ:ALRS,27 Oct 2025,$24.54,3,$25.63,7,2.07,$32.90,-25.42%,,,,$33.33,1.31%,$0.00,-100.00%,$0.00,-100.00%,ALRS,NASDAQ:ALRS,-0.229,$35.40,-27.60%
NYSE:ALSN,22 Sep 2025,$99.81,4,$98.14,3,2.17,$125.71,-21.93%,,,,$126.06,0.28%,$0.00,-100.00%,$0.00,-100.00%,ALSN,NYSE:ALSN,-0.191,$139.40,-29.60%
NASDAQ:ALT,23 Dec 2025,$9.35,5,$13.00,2,1.80,$3.11,200.64%,,,,$3.06,-1.61%,$0.00,-100.00%,$0.00,-100.00%,ALT,NASDAQ:ALT,-0.424,$17.22,-24.51%
NASDAQ:ALTS,12 Aug 2025,$5.33,2,,,,,#DIV/0!,,,,,#DIV/0!,-$2.00,#DIV/0!,-$2.00,#DIV/0!,ALTS,NASDAQ:ALTS,-2.000,,
NASDAQ:ALVO,23 Aug 2025,$8.66,3,,,1.76,$5.19,66.90%,,,,$4.83,-6.94%,$0.00,-100.00%,$0.00,-100.00%,ALVO,NASDAQ:ALVO,-0.385,$6.00,
NASDAQ:AMAL,2 Oct 2025,$30.65,3,,1,1.65,$48.07,-36.24%,,,,$48.39,0.67%,$0.00,-100.00%,$0.00,-100.00%,AMAL,NASDAQ:AMAL,-0.427,$53.50,
NYSE:AMBP,29 Aug 2025,$5.14,4,,6,1.17,$5.08,1.16%,,,,$4.97,-2.17%,$8.51,67.58%,$16.30,220.93%,AMBP,NYSE:AMBP,-0.619,$5.16,
NYSE:AMBQ,29 Jan 2026,$40.84,3,,,2.94,$58.31,-29.96%,,,,$61.29,5.11%,$0.00,-100.00%,$0.00,-100.00%,AMBQ,NYSE:AMBQ,0.084,$85.67,
NYSE:AMCR,21 May 2026,$52.70,5,$46.80,4,1.59,$45.89,1.98%,,,,$46.53,1.39%,$0.00,-100.00%,$0.00,-100.00%,AMCR,NYSE:AMCR,-0.445,$49.93,-6.27%
NASDAQ:AMD,28 Jan 2026,$229.36,2,$286.66,9,1.56,$470.72,-51.27%,,,,$464.46,-1.33%,$0.00,-100.00%,$0.00,-100.00%,AMD,NASDAQ:AMD,-0.507,$613.84,-53.30%
NYSE:AME,19 Nov 2025,$189.82,2,$220.17,2,1.41,$235.17,-19.28%,,,,$235.24,0.03%,$0.00,-100.00%,$0.00,-100.00%,AME,NYSE:AME,-0.546,$277.50,-20.66%
NASDAQ:AMPG,9 Feb 2026,$2.53,3,$9.00,7,2.34,$3.37,-24.99%,,,,$3.39,0.59%,$0.00,-100.00%,$0.00,-100.00%,AMPG,NASDAQ:AMPG,-0.180,$7.00,28.57%
NASDAQ:AMPL,5 Feb 2026,$11.31,4,$15.17,4,0.32,$14.10,-19.79%,,,,$13.32,-5.53%,$0.00,-100.00%,$0.00,-100.00%,AMPL,NASDAQ:AMPL,-0.985,$13.77,10.17%
NYSE:AMPY,20 Mar 2026,$8.49,3,$7.25,8,1.62,$4.92,47.36%,,,,$4.64,-5.69%,$0.00,-100.00%,$0.00,-100.00%,AMPY,NYSE:AMPY,-0.501,$7.75,-6.45%
NASDAQ:AMSC,29 Oct 2025,$40.66,2,,,4.61,$28.71,41.62%,,,,$31.44,9.51%,$0.00,-100.00%,$0.00,-100.00%,AMSC,NASDAQ:AMSC,0.828,$61.75,
NASDAQ:AMSF,26 Aug 2025,$45.99,3,,,3.02,$26.04,76.60%,,,,$27.17,4.34%,$0.00,-100.00%,$0.00,-100.00%,AMSF,NASDAQ:AMSF,0.127,$35.67,
NYSE:AMTB,19 Nov 2025,$19.34,3,$21.00,4,2.25,$28.71,-32.64%,,,,$28.77,0.21%,$0.00,-100.00%,$0.00,-100.00%,AMTB,NYSE:AMTB,-0.158,$31.88,-34.13%
NASDAQ:AMTX,4 Sep 2025,$3.19,3,,5,1.27,$1.87,70.37%,,,,$1.78,-4.81%,$0.00,-100.00%,$0.00,-100.00%,AMTX,NASDAQ:AMTX,-0.659,$13.38,
NASDAQ:AMWD,30 Aug 2025,$86.63,3,,6,,,#DIV/0!,,,,,#DIV/0!,-$2.00,#DIV/0!,-$2.00,#DIV/0!,AMWD,NASDAQ:AMWD,-2.000,,
NYSE:AMX,23 Jun 2026,$26.38,3,$28.60,8,1.73,$23.04,14.48%,,,,$23.08,0.17%,$34.22,48.52%,$70.98,208.06%,AMX,NYSE:AMX,-0.428,$29.44,-2.85%
NYSE:ANF,21 Sep 2025,$118.40,3,,1,1.11,$143.08,-17.25%,,,,$143.88,0.56%,$0.00,-100.00%,$0.00,-100.00%,ANF,NYSE:ANF,-0.646,$147.89,
NYSE:AON,29 Aug 2025,$347.01,2,,,0.72,$321.52,7.93%,,,,$341.06,6.08%,$318.27,-1.01%,$385.47,19.89%,AON,NYSE:AON,-0.869,$404.05,
NYSE:AORT,11 Dec 2025,$47.98,3,$51.71,4,2.39,$26.99,77.77%,,,,$26.95,-0.15%,$0.00,-100.00%,$0.00,-100.00%,AORT,NYSE:AORT,-0.160,$42.15,22.68%
NYSE:AOS,14 Jan 2026,$71.54,4,$76.86,8,1.94,$59.13,20.99%,,,,$59.81,1.15%,$116.09,96.32%,$130.49,120.68%,AOS,NYSE:AOS,-0.313,$69.91,9.94%
NASDAQ:AOSL,5 Feb 2026,$36.47,3,$24.33,6,2.54,$24.66,-1.34%,,,,$24.79,0.53%,$0.00,-100.00%,$0.00,-100.00%,AOSL,NASDAQ:AOSL,-0.092,$43.75,-44.39%
NASDAQ:APA,12 Aug 2025,$28.49,3,,7,0.97,$43.15,-33.99%,,,,$41.57,-3.66%,$0.00,-100.00%,$0.00,-100.00%,APA,NASDAQ:APA,-0.706,$43.75,
NYSE:APAM,25 Feb 2026,$47.32,4,$45.00,6,1.94,$42.57,5.71%,,,,$43.77,2.82%,$0.00,-100.00%,$0.00,-100.00%,APAM,NYSE:APAM,-0.252,$39.25,14.65%
NYSE:APD,30 Aug 2025,$296.29,3,,8,1.61,$309.46,-4.26%,,,,$305.40,-1.31%,$232.17,-24.98%,$319.81,3.34%,APD,NYSE:APD,-0.444,$343.63,
NASDAQ:APEI,15 Oct 2025,$34.52,3,,,2.07,$45.65,-24.38%,,,,$45.63,-0.04%,$0.00,-100.00%,$0.00,-100.00%,APEI,NASDAQ:APEI,-0.298,$62.83,
NYSE:APH,22 Jan 2026,$121.05,1,$163.27,10,1.49,$158.55,-23.65%,,,,$157.28,-0.80%,$198.85,25.42%,$215.97,36.22%,APH,NYSE:APH,-0.519,$192.12,-15.02%
NASDAQ:API,24 Aug 2025,$3.05,3,,,,$4.19,-27.33%,,,,,-100.00%,-$2.00,-147.73%,-$2.00,-147.73%,API,NASDAQ:API,-2.000,,
NASDAQ:APOG,5 May 2025,$66.39,5,,2,2.01,$39.06,69.97%,,,,$40.41,3.46%,$28.85,-26.14%,$51.85,32.75%,APOG,NASDAQ:APOG,-0.269,$44.00,
NYSE:AQN,26 Aug 2025,$6.14,4,,8,1.76,$5.66,8.54%,,,,$5.64,-0.35%,$0.00,-100.00%,$0.00,-100.00%,AQN,NYSE:AQN,-0.396,$6.75,
NYSE:AR,20 Aug 2025,$31.31,3,,,1.70,$38.48,-18.64%,,,,$38.28,-0.52%,$65.86,71.16%,$93.64,143.35%,AR,NYSE:AR,-0.443,$49.40,
NASDAQ:ARAI,10 Feb 2026,$3.71,3,,,,$0.24,1447.04%,,,,,-100.00%,-$2.00,-933.33%,-$2.00,-933.33%,ARAI,NASDAQ:ARAI,-2.000,,
NASDAQ:ARAY,11 Dec 2025,$1.27,4,$4.00,4,,$0.26,388.46%,,,,,-100.00%,-$2.00,-869.23%,-$2.00,-869.23%,ARAY,NASDAQ:ARAY,-2.000,,
NASDAQ:ARCC,30 Mar 2026,$19.78,3,$20.83,9,1.38,$20.07,-1.47%,,,,$19.79,-1.40%,$19.38,-3.43%,$20.59,2.58%,ARCC,NASDAQ:ARCC,-0.527,$20.62,1.02%
NYSE:ARCO,29 Aug 2025,$10.31,3,,9,1.89,$7.92,30.14%,,,,$7.95,0.38%,$0.00,-100.00%,$0.00,-100.00%,ARCO,NYSE:ARCO,-0.380,$11.29,
NASDAQ:ARHS,7 Jul 2025,$13.03,3,,4,1.93,$8.71,49.56%,,,,$8.83,1.38%,$0.00,-100.00%,$0.00,-100.00%,ARHS,NASDAQ:ARHS,-0.323,$10.50,
NASDAQ:ARKO,26 Aug 2025,$6.50,3,,,2.05,$4.56,42.65%,,,,$4.36,-4.39%,$0.00,-100.00%,$0.00,-100.00%,ARKO,NASDAQ:ARKO,-0.313,$9.00,
NASDAQ:ARLP,29 Jun 2026,$24.48,1,,,2.92,$26.50,-7.62%,,,,$26.89,1.47%,"$17,862.61",67306.09%,"$17,867.95",67326.23%,ARLP,NASDAQ:ARLP,0.125,$31.17,
NASDAQ:ARM,19 Jan 2026,$90.86,2,$170.59,1,1.51,$241.91,-62.44%,,,,$238.27,-1.50%,$277.98,14.91%,$282.39,16.73%,ARM,NASDAQ:ARM,-0.504,$286.44,-40.44%
NASDAQ:AROW,2 Oct 2025,$52.81,3,$48.67,4,1.78,$37.74,28.96%,,,,$37.93,0.50%,$0.00,-100.00%,$0.00,-100.00%,AROW,NASDAQ:AROW,-0.377,$43.33,12.32%
NYSE:ARX,13 Nov 2025,$14.59,3,,,2.58,$19.73,-26.05%,,,,$19.96,1.17%,$0.00,-100.00%,$0.00,-100.00%,ARX,NYSE:ARX,-0.028,$23.50,
NYSE:ASB,10 Apr 2025,$23.54,5,,6,1.77,$30.61,-23.10%,,,,$30.87,0.85%,$0.00,-100.00%,$0.00,-100.00%,ASB,NYSE:ASB,-0.374,$34.40,
NYSE:ASGN,20 Feb 2026,$71.47,3,$56.80,5,,,#DIV/0!,,,,,#DIV/0!,-$2.00,#DIV/0!,-$2.00,#DIV/0!,ASGN,NYSE:ASGN,-2.000,,
NYSE:ASH,14 May 2025,$83.18,3,,4,1.93,$73.33,13.44%,,,,$73.48,0.20%,$101.94,39.02%,$146.32,99.54%,ASH,NYSE:ASH,-0.298,$80.18,
NASDAQ:ASML,30 Aug 2025,$871.20,3,,10,2.62,"$1,696.01",-48.63%,,,,"$1,716.81",1.23%,"$2,175.57",28.28%,"$2,222.86",31.06%,ASML,NASDAQ:ASML,-0.029,"$2,142.89",
NASDAQ:ASPI,19 Nov 2025,$6.33,3,$13.00,3,1.03,$4.02,57.55%,,,,$3.80,-5.47%,$0.00,-100.00%,$0.00,-100.00%,ASPI,NASDAQ:ASPI,-0.765,$13.00,0.00%
NYSE:ASR,10 Jul 2025,$344.93,4,,7,2.35,$256.51,34.47%,,,,$259.44,1.14%,-$583.01,-327.29%,$872.51,240.15%,ASR,NYSE:ASR,-0.163,$343.64,
NASDAQ:ASTS,29 Jan 2026,$76.75,2,$91.68,6,3.01,$59.10,29.87%,,,,$62.35,5.50%,$0.00,-100.00%,$0.00,-100.00%,ASTS,NASDAQ:ASTS,0.132,$78.48,16.82%
NYSE:ASX,19 Jan 2026,$16.81,2,,,1.74,$36.95,-54.51%,,,,$37.58,1.71%,$31.30,-15.28%,$38.27,3.58%,ASX,NYSE:ASX,-0.428,$48.00,
NASDAQ:ATEC,11 Dec 2025,$16.73,3,$23.17,2,,$9.37,78.55%,,,,$0.00,-100.00%,$0.00,-100.00%,$0.00,-100.00%,ATEC,NASDAQ:ATEC,-1.120,$15.79,46.74%
NYSE:ATEN,20 Jan 2026,$18.80,3,$23.25,7,2.02,$25.39,-25.96%,,,,$25.81,1.65%,$0.00,-100.00%,$0.00,-100.00%,ATEN,NYSE:ATEN,-0.325,$38.40,-39.45%
NYSE:ATGE,15 Oct 2025,$131.23,2,,,,,#DIV/0!,,,,,#DIV/0!,-$2.00,#DIV/0!,-$2.00,#DIV/0!,ATGE,NYSE:ATGE,-2.000,,
NYSE:ATI,30 Aug 2025,$63.00,2,,7,1.67,$204.20,-69.15%,,,,$209.70,2.69%,$0.00,-100.00%,$0.00,-100.00%,ATI,NYSE:ATI,-0.440,$248.44,
NASDAQ:ATOM,10 Feb 2026,$5.03,3,,1,2.49,$4.16,21.02%,,,,$4.23,1.68%,$0.00,-100.00%,$0.00,-100.00%,ATOM,NASDAQ:ATOM,-0.114,$10.00,
NYSE:ATS,31 Oct 2025,$26.18,3,,,2.75,$19.26,35.93%,,,,$19.76,2.60%,$0.00,-100.00%,$0.00,-100.00%,ATS,NYSE:ATS,0.002,$35.00,
NYSE:AU,20 Aug 2025,$29.75,2,,,1.92,$112.32,-73.51%,,,,$112.81,0.44%,$259.08,130.67%,$263.69,134.77%,AU,NYSE:AU,-0.280,$113.12,
NYSE:AUB,20 Jan 2026,$40.52,3,$42.50,6,1.89,$40.33,0.47%,,,,$40.80,1.17%,$0.00,-100.00%,$0.00,-100.00%,AUB,NYSE:AUB,-0.329,$47.00,-9.57%
NASDAQ:AUDC,26 Mar 2026,$12.39,3,$12.50,5,1.44,$10.00,23.89%,,,,$9.88,-1.20%,$0.00,-100.00%,$0.00,-100.00%,AUDC,NASDAQ:AUDC,-0.547,$12.50,0.00%
NASDAQ:AUR,5 Feb 2026,$5.15,3,,,1.43,$5.63,-8.60%,,,,$5.58,-0.89%,$4.80,-14.69%,$4.84,-14.03%,AUR,NASDAQ:AUR,-0.587,$11.22,
NYSE:AVB,18 Sep 2025,$217.02,5,,7,,$184.06,17.91%,,,,,-100.00%,-$2.00,-101.09%,-$2.00,-101.09%,AVB,NYSE:AVB,-2.000,,
NASDAQ:AVGO,26 May 2026,$447.08,3,$478.56,9,1.90,$370.34,20.72%,,,,$366.47,-1.04%,$486.86,31.46%,$516.65,39.51%,AVGO,NASDAQ:AVGO,-0.378,$525.97,-9.01%
NYSE:AVNS,11 Dec 2025,$18.52,3,,5,,,#DIV/0!,,,,,#DIV/0!,-$2.00,#DIV/0!,-$2.00,#DIV/0!,AVNS,NYSE:AVNS,-2.000,,
NASDAQ:AVNW,13 Aug 2026,,1,$32.33,5,2.42,$19.93,62.22%,62.22%,$32.33,$32.33,$20.01,0.40%,$0.00,-100.00%,$0.00,-100.00%,AVNW,NASDAQ:AVNW,-0.145,$31.62,2.25%
NASDAQ:AVT,30 Aug 2025,$60.84,5,,1,2.23,$89.56,-32.07%,,,,$89.27,-0.32%,$0.00,-100.00%,$0.00,-100.00%,AVT,NASDAQ:AVT,-0.183,$106.25,
NASDAQ:AVTX,23 Dec 2025,$33.36,4,$37.40,3,1.93,$19.34,72.49%,,,,$19.61,1.40%,$0.00,-100.00%,$0.00,-100.00%,AVTX,NASDAQ:AVTX,-0.365,$44.15,-15.29%
NYSE:AVY,30 Aug 2025,$186.52,3,,1,2.11,$174.11,7.13%,,,,$178.02,2.25%,$387.73,122.69%,$462.09,165.40%,AVY,NYSE:AVY,-0.229,$201.80,
NYSE:AX,19 Nov 2025,$76.16,3,$103.25,5,2.42,$96.79,-21.31%,,,,$98.31,1.57%,$0.00,-100.00%,$0.00,-100.00%,AX,NYSE:AX,-0.111,$119.14,-13.34%
NYSE:B,24 Oct 2025,$29.72,2,,,1.92,$44.83,-33.71%,,,,$45.56,1.63%,$0.00,-100.00%,$0.00,-100.00%,B,NYSE:B,-0.317,$52.16,
NYSE:BA,9 Apr 2025,$179.31,5,,9,,$207.78,-13.70%,,,,$0.00,-100.00%,$85.19,-59.00%,$65.61,-68.42%,BA,NYSE:BA,-1.114,$274.85,
NYSE:BABA,20 Aug 2025,$133.65,4,,7,2.15,$114.02,17.22%,,,,$117.64,3.17%,$0.00,-100.00%,$0.00,-100.00%,BABA,NYSE:BABA,-0.268,$186.69,
NYSE:BAC,14 Aug 2025,$45.19,3,,6,1.83,$61.94,-27.05%,,,,$61.62,-0.52%,$0.00,-100.00%,$0.00,-100.00%,BAC,NYSE:BAC,-0.345,$68.77,
NYSE:BALL,20 Aug 2025,$67.98,3,,6,2.32,$62.97,7.96%,,,,$64.00,1.64%,$0.00,-100.00%,$0.00,-100.00%,BALL,NYSE:BALL,-0.137,$72.57,
NYSE:BANC,19 Nov 2025,$18.77,3,$20.69,3,2.04,$18.62,0.81%,,,,$18.69,0.38%,$0.00,-100.00%,$0.00,-100.00%,BANC,NYSE:BANC,-0.269,$22.27,-7.09%
NASDAQ:BANF,1 Jun 2026,$118.00,3,$125.00,2,3.29,$109.22,8.03%,,,,$114.08,4.45%,$0.00,-100.00%,$0.00,-100.00%,BANF,NASDAQ:BANF,0.299,$124.33,0.54%
NASDAQ:BANR,19 Nov 2025,$63.81,3,$71.50,3,2.59,$70.14,-9.02%,,,,$71.11,1.38%,$0.00,-100.00%,$0.00,-100.00%,BANR,NASDAQ:BANR,-0.002,$76.50,-6.54%
NYSE:BAP,27 May 2026,$279.24,2,,,2.03,$366.38,-23.78%,,,,$370.46,1.11%,$0.00,-100.00%,$0.00,-100.00%,BAP,NYSE:BAP,-0.267,$422.70,
NYSE:BB,18 Aug 2025,$3.38,3,,6,1.87,$8.15,-58.55%,,,,$8.11,-0.49%,$7.67,-5.88%,$8.12,-0.35%,BB,NYSE:BB,-0.343,$9.71,
NYSE:BBAI,9 Feb 2026,$4.92,3,$6.33,2,1.14,$3.13,57.19%,,,,$3.01,-3.83%,$0.00,-100.00%,$0.00,-100.00%,BBAI,NYSE:BBAI,-0.686,$4.00,58.25%
NYSE:BBD,1 Jun 2026,$3.72,3,,5,0.75,$3.28,13.48%,,,,$3.11,-5.18%,$0.00,-100.00%,$0.00,-100.00%,BBD,NYSE:BBD,-0.886,$4.55,
NASDAQ:BBNX,11 Dec 2025,$41.35,4,,,0.56,$19.95,107.26%,,,,$18.73,-6.12%,$17.04,-14.57%,$17.18,-13.90%,BBNX,NASDAQ:BBNX,-0.886,$20.31,
NYSE:BBT,19 Nov 2025,$27.72,3,,,2.53,$31.05,-10.72%,,,,$31.81,2.45%,$0.00,-100.00%,$0.00,-100.00%,BBT,NYSE:BBT,-0.034,$34.83,
NYSE:BBVA,9 Sep 2025,$17.20,3,,9,1.73,$28.96,-40.59%,,,,$29.00,0.14%,$0.00,-100.00%,$0.00,-100.00%,BBVA,NYSE:BBVA,-0.332,$24.53,
NYSE:BBW,15 Aug 2025,$41.34,2,,8,2.27,$30.27,36.57%,,,,$28.89,-4.56%,$0.00,-100.00%,$0.00,-100.00%,BBW,NYSE:BBW,-0.214,$61.25,
NYSE:BBWI,24 Mar 2026,$46.95,3,$23.83,5,2.29,$19.25,23.79%,,,,$18.88,-1.92%,$0.00,-100.00%,$0.00,-100.00%,BBWI,NYSE:BBWI,-0.182,$25.07,-4.95%
NYSE:BBY,30 Aug 2025,$87.98,3,,5,2.68,$80.15,9.77%,,,,$85.38,6.53%,$0.00,-100.00%,$0.00,-100.00%,BBY,NYSE:BBY,0.047,$83.40,
NYSE:BCH,19 Nov 2025,$33.72,2,,,1.85,$41.11,-17.98%,,,,$41.49,0.92%,"-$77,738.52",-189198.81%,"-$77,737.92",-189197.36%,BCH,NYSE:BCH,-0.303,$39.86,
NYSE:BCS,19 Aug 2025,$17.24,2,,,1.58,$26.64,-35.28%,,,,$26.68,0.15%,-$78.83,-395.91%,-$78.83,-395.91%,BCS,NYSE:BCS,-0.463,$30.27,
NYSE:BCSF,25 Feb 2026,$14.48,3,$15.00,6,2.18,$12.02,20.48%,,,,$11.99,-0.25%,$0.00,-100.00%,$0.00,-100.00%,BCSF,NYSE:BCSF,-0.178,$12.67,18.39%
NYSE:BDC,27 Jan 2026,$129.16,4,$147.50,3,2.33,$114.46,12.84%,,,,$114.96,0.44%,$146.47,27.97%,$181.02,58.15%,BDC,NYSE:BDC,-0.179,$156.50,-5.75%
NASDAQ:BELFA,26 Jan 2026,$136.39,2,,,3.26,$204.77,-33.39%,,,,$217.66,6.29%,$536.06,161.78%,$655.23,219.98%,BELFA,NASDAQ:BELFA,0.227,$313.00,
NASDAQ:BELFB,26 Jan 2026,$149.36,2,,,2.05,$249.28,-40.08%,,,,$248.80,-0.19%,$0.00,-100.00%,$0.00,-100.00%,BELFB,NASDAQ:BELFB,-0.294,$329.67,
NYSE:BF.A,24 May 2026,$36.21,3,,,1.49,$27.24,32.93%,,,,$27.70,1.69%,$0.00,-100.00%,$0.00,-100.00%,BF.A,NYSE:BF.A,-0.403,,
NYSE:BF.B,26 Mar 2026,$32.79,5,,,1.66,$26.57,23.42%,,,,$27.20,2.37%,$0.00,-100.00%,$0.00,-100.00%,BF.B,NYSE:BF.B,-0.408,$28.08,
NYSE:BFAM,1 Sep 2025,$119.95,3,,8,2.23,$74.18,61.69%,,,,$74.34,0.22%,$0.00,-100.00%,$0.00,-100.00%,BFAM,NYSE:BFAM,-0.188,$89.44,
NASDAQ:BFC,21 Oct 2025,$117.45,3,$137.00,6,1.29,$150.66,-22.04%,,,,$150.99,0.22%,$0.00,-100.00%,$0.00,-100.00%,BFC,NASDAQ:BFC,-0.578,$163.00,-15.95%
NYSE:BFLY,16 Dec 2025,$4.29,3,$4.25,7,1.61,$7.89,-46.13%,,,,$8.40,6.46%,$0.00,-100.00%,$0.00,-100.00%,BFLY,NYSE:BFLY,-0.457,$9.31,-54.35%
NYSE:BFS,23 Dec 2025,$44.26,3,,5,1.66,$32.61,35.73%,,,,$33.19,1.78%,$0.00,-100.00%,$0.00,-100.00%,BFS,NYSE:BFS,-0.468,$43.00,
NASDAQ:BFST,27 May 2026,$30.53,3,$33.00,3,2.29,$31.02,-1.57%,,,,$31.53,1.64%,$0.00,-100.00%,$0.00,-100.00%,BFST,NASDAQ:BFST,-0.144,$34.70,-4.90%
NYSEAMERICAN:BHB,10 Oct 2025,$29.37,1,,,,$39.23,-25.13%,,,,,-100.00%,-$2.00,-105.10%,-$2.00,-105.10%,BHB,NYSEAMERICAN:BHB,-2.000,,
NYSE:BHE,2 Feb 2026,$52.61,3,$56.00,6,2.57,$70.28,-25.14%,,,,$72.18,2.70%,$79.62,13.29%,$92.54,31.68%,BHE,NYSE:BHE,-0.039,$86.00,-34.88%
NYSE:BHP,11 Dec 2025,$58.46,3,$49.75,6,1.75,$93.92,-47.03%,,,,$95.15,1.31%,$0.00,-100.00%,$0.00,-100.00%,BHP,NYSE:BHP,-0.308,$74.07,-32.83%
NASDAQ:BHRB,19 Nov 2025,$66.02,3,$72.00,5,1.52,$71.31,-7.42%,,,,$71.54,0.32%,$0.00,-100.00%,$0.00,-100.00%,BHRB,NASDAQ:BHRB,-0.486,$80.00,-10.00%
NYSE:BIO,11 Dec 2025,$345.93,4,$357.50,4,1.33,$386.12,-10.41%,,,,$381.38,-1.23%,$0.00,-100.00%,$0.00,-100.00%,BIO,NYSE:BIO,-0.510,$329.00,8.66%
NYSE:BIRK,8 Mar 2026,$48.62,3,$58.44,5,2.70,$34.91,39.27%,,,,$36.02,3.18%,$0.00,-100.00%,$0.00,-100.00%,BIRK,NYSE:BIRK,-0.021,$53.98,8.26%
NYSE:BJ,20 Aug 2025,$90.76,0,,1,1.26,$90.65,0.12%,,,,$89.55,-1.21%,$0.00,-100.00%,$0.00,-100.00%,BJ,NYSE:BJ,-0.610,$105.65,
NYSE:BKD,30 Aug 2025,$9.20,4,,6,2.72,$11.79,-21.96%,,,,$11.86,0.59%,$0.00,-100.00%,$0.00,-100.00%,BKD,NYSE:BKD,-0.014,$19.25,
NYSE:BKE,13 Apr 2026,$50.82,3,$53.00,5,2.83,$42.60,19.29%,,,,$44.53,4.53%,$0.00,-100.00%,$0.00,-100.00%,BKE,NYSE:BKE,0.106,$46.00,15.22%
NASDAQ:BKR,30 Jun 2026,$56.35,3,$74.62,6,2.10,$63.55,-11.34%,,,,$62.16,-2.19%,$109.99,73.07%,$131.71,107.26%,BKR,NASDAQ:BKR,-0.229,$72.13,3.45%
NYSEAMERICAN:BKTI,10 Feb 2026,$81.00,,,8,,$72.37,11.92%,,,,,-100.00%,-$2.00,-102.76%,-$2.00,-102.76%,BKTI,NYSEAMERICAN:BKTI,-2.000,,
NYSE:BKU,19 Nov 2025,$43.87,3,,,2.23,$45.60,-3.79%,,,,$46.65,2.30%,$0.00,-100.00%,$0.00,-100.00%,BKU,NYSE:BKU,-0.163,$50.27,
NASDAQ:BL,29 Jan 2026,$60.96,4,$59.00,6,1.33,$33.22,77.60%,,,,$32.45,-2.32%,$0.00,-100.00%,$0.00,-100.00%,BL,NASDAQ:BL,-0.580,$38.80,52.06%
NYSE:BLD,30 Aug 2025,$467.93,3,,3,,,#DIV/0!,,,,,#DIV/0!,-$2.00,#DIV/0!,-$2.00,#DIV/0!,BLD,NYSE:BLD,-2.000,,
NASDAQ:BLDP,29 Oct 2025,$3.68,3,$2.20,5,1.53,$2.31,-4.76%,,,,$2.21,-4.33%,$0.00,-100.00%,$0.00,-100.00%,BLDP,NASDAQ:BLDP,-0.542,$4.11,-46.47%
NYSE:BLK,27 Aug 2025,"$1,027.97",2,,,1.48,"$1,155.61",-11.05%,,,,"$1,156.21",0.05%,$0.00,-100.00%,$0.00,-100.00%,BLK,NYSE:BLK,-0.509,"$1,320.81",
NASDAQ:BLKB,19 Nov 2025,$76.27,3,$75.00,4,2.28,$48.06,56.05%,,,,$48.63,1.19%,$41.20,-14.28%,$65.31,35.88%,BLKB,NASDAQ:BLKB,-0.130,$50.50,48.51%
NYSE:BLND,27 Jan 2026,$3.86,3,$4.19,7,1.17,$1.55,149.05%,,,,$1.48,-4.52%,$0.00,-100.00%,$0.00,-100.00%,BLND,NYSE:BLND,-0.700,$2.96,41.55%
NASDAQ:BLNK,23 Dec 2025,$0.94,3,,6,,$0.52,80.77%,,,,,-100.00%,-$2.00,-484.62%,-$2.00,-484.62%,BLNK,NASDAQ:BLNK,-2.000,,
NYSE:BLSH,13 Nov 2025,$55.70,3,,,1.25,$34.03,63.67%,,,,$31.99,-5.99%,$0.00,-100.00%,$0.00,-100.00%,BLSH,NYSE:BLSH,-0.607,$38.44,
NYSE:BLX,19 Nov 2025,$40.42,3,,,3.67,$53.92,-25.04%,,,,$56.82,5.38%,$0.00,-100.00%,$0.00,-100.00%,BLX,NYSE:BLX,0.447,$65.90,
NASDAQ:BLZE,27 Jan 2026,$6.36,3,$9.00,6,2.08,$14.13,-54.97%,,,,$14.32,1.34%,$0.00,-100.00%,$0.00,-100.00%,BLZE,NASDAQ:BLZE,-0.297,$22.83,-60.58%
NYSE:BMI,28 Jan 2026,$175.41,3,$204.00,3,0.91,$135.47,29.48%,,,,$133.04,-1.79%,$181.06,33.65%,$188.77,39.35%,BMI,NYSE:BMI,-0.768,$157.75,29.32%
NASDAQ:BMRC,19 Nov 2025,$27.20,3,$29.50,7,2.15,$26.58,2.33%,,,,$26.65,0.26%,-$140.61,-628.99%,-$137.83,-618.54%,BMRC,NASDAQ:BMRC,-0.220,$31.80,-7.23%
NYSE:BN,26 Aug 2024,$55.96,2,,,1.64,$41.22,35.76%,,,,$41.06,-0.39%,$0.00,-100.00%,$0.00,-100.00%,BN,NYSE:BN,-0.477,$54.40,
NYSE:BNS,19 Aug 2025,$55.34,3,,,2.18,$91.66,-39.63%,,,,$92.76,1.20%,$0.00,-100.00%,$0.00,-100.00%,BNS,NYSE:BNS,-0.161,$90.91,
NYSE:BOH,16 Apr 2026,$78.42,3,$83.80,3,2.17,$75.93,3.28%,,,,$77.60,2.20%,$0.00,-100.00%,$0.00,-100.00%,BOH,NYSE:BOH,-0.199,$86.83,-3.49%
NASDAQ:BOKF,1 Jun 2026,$132.35,3,$139.00,2,2.21,$136.08,-2.74%,,,,$138.61,1.86%,$0.00,-100.00%,$0.00,-100.00%,BOKF,NASDAQ:BOKF,-0.178,$152.00,-8.55%
NYSE:BOW,19 Sep 2025,$29.01,3,,,1.47,$33.52,-13.45%,,,,$33.51,-0.03%,$109.61,227.00%,$110.22,228.81%,BOW,NYSE:BOW,-0.485,$34.43,
NYSE:BP,18 Aug 2025,$39.40,4,,9,3.28,$42.87,-8.09%,,,,$43.19,0.75%,$0.00,-100.00%,$0.00,-100.00%,BP,NYSE:BP,0.302,$47.63,
NASDAQ:BPOP,19 Nov 2025,$104.09,2,,,1.51,$168.19,-38.11%,,,,$168.67,0.29%,$0.00,-100.00%,$0.00,-100.00%,BPOP,NASDAQ:BPOP,-0.503,$197.30,
NYSE:BR,29 Jan 2026,$214.91,4,$265.40,4,2.75,$182.38,17.84%,,,,$187.76,2.95%,$0.00,-100.00%,$0.00,-100.00%,BR,NYSE:BR,0.052,$213.25,24.45%
NYSEAMERICAN:BRBS,19 Nov 2025,$4.10,,,6,,$3.90,5.13%,,,,,-100.00%,-$2.00,-151.28%,-$2.00,-151.28%,BRBS,NYSEAMERICAN:BRBS,-2.000,,
NASDAQ:BRKR,11 Dec 2025,$76.60,3,$47.88,3,0.69,$58.01,-17.46%,,,,$55.68,-4.02%,$0.00,-100.00%,$0.00,-100.00%,BRKR,NASDAQ:BRKR,-0.827,$58.75,-18.50%
NYSE:BROS,14 Jan 2026,$57.62,2,$76.64,9,1.99,$48.86,17.93%,,,,$50.07,2.48%,$0.00,-100.00%,$0.00,-100.00%,BROS,NYSE:BROS,-0.336,$77.76,-1.44%
NYSE:BSAC,19 Nov 2025,$26.95,3,,,2.31,$34.75,-22.45%,,,,$35.24,1.41%,$0.00,-100.00%,$0.00,-100.00%,BSAC,NYSE:BSAC,-0.113,$35.34,
NYSE:BSBR,13 Oct 2025,$5.76,3,,5,2.21,$5.75,0.17%,,,,$5.82,1.22%,$0.00,-100.00%,$0.00,-100.00%,BSBR,NYSE:BSBR,-0.203,$7.10,
NASDAQ:BSRR,27 May 2026,$37.81,3,$36.50,6,2.03,$39.62,-7.87%,,,,$40.10,1.21%,$0.00,-100.00%,$0.00,-100.00%,BSRR,NASDAQ:BSRR,-0.251,$43.00,-15.12%
NASDAQ:BSVN,2 Oct 2025,$44.09,3,$53.50,5,2.58,$51.36,-14.15%,,,,$52.79,2.78%,$0.00,-100.00%,$0.00,-100.00%,BSVN,NASDAQ:BSVN,-0.010,$57.33,-6.68%
NYSE:BSX,11 Dec 2025,$90.36,2,$126.57,10,2.02,$48.30,87.09%,,,,$46.77,-3.17%,$0.00,-100.00%,$0.00,-100.00%,BSX,NYSE:BSX,-0.300,$62.69,101.90%
NASDAQ:BSY,11 Feb 2026,$40.46,5,$48.60,7,1.59,$36.75,10.09%,,,,$36.92,0.46%,$0.00,-100.00%,$0.00,-100.00%,BSY,NASDAQ:BSY,-0.475,$44.47,9.29%
NASDAQ:BTCS,23 Dec 2025,$3.00,3,$7.00,7,1.92,$1.36,120.59%,,,,$1.34,-1.47%,$0.00,-100.00%,$0.00,-100.00%,BTCS,NASDAQ:BTCS,-0.368,$5.00,40.00%
NASDAQ:BTDR,19 Aug 2025,$10.25,2,,,1.56,$10.85,-5.54%,,,,$10.04,-7.47%,$0.00,-100.00%,$0.00,-100.00%,BTDR,NASDAQ:BTDR,-0.529,$21.77,
NYSE:BTI,17 Mar 2026,$55.65,2,,7,1.80,$55.57,0.13%,,,,$56.08,0.92%,$0.00,-100.00%,$0.00,-100.00%,BTI,NYSE:BTI,-0.392,$70.20,
NASDAQ:BTOG,18 Aug 2025,$0.57,3,,,,$2.77,-79.53%,,,,,-100.00%,-$2.00,-172.20%,-$2.00,-172.20%,BTOG,NASDAQ:BTOG,-2.000,,
NASDAQ:BULL,2 Sep 2025,$18.16,3,,,1.03,$9.48,91.58%,,,,$9.15,-3.48%,$0.00,-100.00%,$0.00,-100.00%,BULL,NASDAQ:BULL,-0.765,$14.33,
NYSE:BUR,28 Oct 2025,$12.88,3,$21.32,4,0.84,$4.15,210.36%,,,,$4.20,1.20%,$0.00,-100.00%,$0.00,-100.00%,BUR,NYSE:BUR,-0.847,$8.67,145.91%
NYSE:BURL,25 Jul 2023,$199.81,4,,,1.74,$259.76,-23.08%,,,,$272.87,5.05%,$0.00,-100.00%,$0.00,-100.00%,BURL,NYSE:BURL,-0.447,$364.75,
NASDAQ:BUSE,27 May 2026,$28.96,3,$29.33,8,1.76,$30.10,-3.79%,,,,$30.30,0.66%,$0.00,-100.00%,$0.00,-100.00%,BUSE,NASDAQ:BUSE,-0.373,$33.29,-11.90%
NASDAQ:BVFL,29 Oct 2025,$15.68,3,,4,,$21.24,-26.18%,,,,,-100.00%,-$2.00,-109.42%,-$2.00,-109.42%,BVFL,NASDAQ:BVFL,-2.000,,
NASDAQ:BWFG,9 Oct 2025,$39.87,3,,,2.00,$65.74,-39.35%,,,,$66.05,0.47%,$0.00,-100.00%,$0.00,-100.00%,BWFG,NASDAQ:BWFG,-0.259,$69.50,
NYSE:BXP,14 Jan 2026,$81.17,5,$77.89,2,1.74,$67.99,14.56%,,,,$69.48,2.19%,$0.00,-100.00%,$0.00,-100.00%,BXP,NYSE:BXP,-0.388,$76.25,2.15%
NYSE:BXSL,19 Aug 2025,$31.13,3,,7,2.56,$25.01,24.48%,,,,$25.34,1.32%,$0.00,-100.00%,$0.00,-100.00%,BXSL,NYSE:BXSL,0.007,$24.57,
NYSE:BY,28 Apr 2026,$33.91,3,$36.00,7,1.96,$37.92,-10.56%,,,,$38.30,1.00%,$0.00,-100.00%,$0.00,-100.00%,BY,NYSE:BY,-0.293,$43.20,-16.67%
NYSE:BZH,31 Dec 2025,$31.99,3,$25.00,1,1.52,$33.18,-24.65%,,,,$33.23,0.15%,$130.28,292.66%,$91.03,174.34%,BZH,NYSE:BZH,-0.419,$27.50,-9.09%
NYSE:C,12 Aug 2025,$86.32,3,,,0.80,$131.62,-34.42%,,,,$129.75,-1.42%,$0.00,-100.00%,$0.00,-100.00%,C,NYSE:C,-0.817,$154.50,
NYSE:CAAP,15 Aug 2025,$22.01,3,,9,2.31,$23.47,-6.23%,,,,$24.22,3.20%,$0.00,-100.00%,$0.00,-100.00%,CAAP,NYSE:CAAP,-0.189,$32.27,
NASDAQ:CAC,14 Oct 2025,$41.96,3,$44.00,3,1.75,$56.48,-25.71%,,,,$55.88,-1.06%,$0.00,-100.00%,$0.00,-100.00%,CAC,NASDAQ:CAC,-0.367,$59.50,-26.05%
NYSE:CADE,14 Oct 2025,$37.02,3,,,,,#DIV/0!,,,,,#DIV/0!,-$2.00,#DIV/0!,-$2.00,#DIV/0!,CADE,NYSE:CADE,-2.000,,
NYSE:CAL,21 Sep 2025,$26.47,3,,1,2.37,$12.18,117.32%,,,,$12.57,3.20%,$9.53,-21.75%,$21.65,77.77%,CAL,NYSE:CAL,-0.169,$17.00,
NASDAQ:CALM,11 Jul 2025,$93.94,3,,6,2.28,$78.92,19.03%,,,,$80.31,1.76%,$209.48,165.43%,$115.97,46.94%,CALM,NASDAQ:CALM,-0.146,$88.00,
NYSE:CALX,29 Jan 2026,$45.47,2,$82.00,6,2.20,$38.12,19.29%,,,,$37.75,-0.97%,$47.84,25.49%,$52.42,37.51%,CALX,NYSE:CALX,-0.247,$62.33,31.56%
NASDAQ:CAMT,24 Oct 2024,$87.99,4,,,2.50,$134.00,-34.34%,,,,$136.96,2.21%,$0.00,-100.00%,$0.00,-100.00%,CAMT,NASDAQ:CAMT,-0.110,$185.45,
NYSE:CANG,24 Aug 2025,$4.01,3,,7,,$2.39,67.66%,,,,$0.00,-100.00%,-$85.94,-3695.86%,-$54.85,-2394.81%,CANG,NYSE:CANG,-1.708,$30.00,
NASDAQ:CAR,11 Mar 2024,$159.62,3,,,1.35,$147.49,8.22%,,,,$136.52,-7.44%,"-$1,543.70",-1146.65%,-$819.38,-655.55%,CAR,NASDAQ:CAR,-0.506,$129.14,
NASDAQ:CARE,19 Nov 2025,$18.50,3,$22.00,5,1.76,$31.24,-40.78%,,,,$31.40,0.51%,$0.00,-100.00%,$0.00,-100.00%,CARE,NASDAQ:CARE,-0.377,$35.08,-37.29%
NYSE:CARR,24 Dec 2025,$35.78,3,$48.75,5,2.04,$58.22,-38.54%,,,,$57.92,-0.52%,$64.62,11.00%,$78.97,35.64%,CARR,NYSE:CARR,-0.303,$77.82,-37.36%
NASDAQ:CASH,19 Nov 2025,$71.98,3,$88.00,2,1.79,$81.46,-11.64%,,,,$81.41,-0.06%,$0.00,-100.00%,$0.00,-100.00%,CASH,NASDAQ:CASH,-0.392,$101.00,-12.87%
NYSEAMERICAN:CATX,11 Dec 2025,$2.54,1,$11.92,8,,$3.16,-19.62%,,,,,-100.00%,-$2.00,-163.29%,-$2.00,-163.29%,CATX,NYSEAMERICAN:CATX,-2.000,,
NASDAQ:CATY,27 May 2026,$59.45,3,$53.67,6,3.29,$61.21,-12.32%,,,,$63.69,4.05%,$0.00,-100.00%,$0.00,-100.00%,CATY,NASDAQ:CATY,0.314,$65.80,-18.43%
NYSE:CAVA,11 Nov 2025,$63.28,3,$72.31,6,2.61,$65.75,-3.76%,,,,$67.22,2.24%,$0.00,-100.00%,$0.00,-100.00%,CAVA,NYSE:CAVA,-0.038,$84.79,-14.72%
NYSE:CB,18 Sep 2025,$273.39,3,,,2.55,$338.60,-19.26%,,,,$342.84,1.25%,$0.00,-100.00%,$0.00,-100.00%,CB,NYSE:CB,-0.020,$366.13,
NASDAQ:CBLL,11 Dec 2025,$36.55,3,$25.00,6,,$23.98,4.25%,,,,$0.00,-100.00%,$0.00,-100.00%,$0.00,-100.00%,CBLL,NASDAQ:CBLL,-1.035,$27.29,-8.39%
NASDAQ:CBNK,23 Dec 2025,$29.70,3,$34.00,3,1.72,$36.14,-17.82%,,,,$36.36,0.61%,$0.00,-100.00%,$0.00,-100.00%,CBNK,NASDAQ:CBNK,-0.403,$41.50,-18.07%
BATS:CBOE,18 Sep 2025,$214.25,2,,,2.15,$300.20,-28.63%,,,,$310.25,3.35%,$0.00,-100.00%,$0.00,-100.00%,CBOE,BATS:CBOE,-0.190,$315.14,
NYSE:CBU,27 Oct 2025,$62.61,3,$63.00,3,2.02,$62.75,-0.22%,,,,$63.34,0.94%,$0.00,-100.00%,$0.00,-100.00%,CBU,NYSE:CBU,-0.264,$70.17,-10.22%
NYSE:CBZ,7 Jan 2025,$77.57,3,,,0.95,$54.49,42.36%,,,,$53.87,-1.14%,$105.28,93.21%,$123.44,126.53%,CBZ,NYSE:CBZ,-0.698,$51.67,
NASDAQ:CCB,19 Nov 2025,$95.54,3,$127.50,8,2.63,$47.11,102.80%,,,,$49.47,5.01%,$0.00,-100.00%,$0.00,-100.00%,CCB,NASDAQ:CCB,0.023,$49.50,157.58%
NASDAQ:CCBG,19 Nov 2025,$38.91,3,$47.00,7,1.42,$50.48,-22.92%,,,,$50.76,0.55%,$0.00,-100.00%,$0.00,-100.00%,CCBG,NASDAQ:CCBG,-0.509,$51.67,-9.04%
NYSE:CCI,19 Sep 2025,$108.34,5,,6,2.75,$76.14,42.29%,,,,$77.81,2.19%,$0.00,-100.00%,$0.00,-100.00%,CCI,NYSE:CCI,0.034,$95.07,
NYSE:CCK,29 Aug 2025,$107.03,3,,5,2.42,$116.39,-8.04%,,,,$118.45,1.77%,$0.00,-100.00%,$0.00,-100.00%,CCK,NYSE:CCK,-0.098,$136.57,
NYSE:CCL,23 Jul 2026,$30.88,5,$35.19,7,2.42,$23.89,29.26%,,,,$24.95,4.44%,$54.51,128.17%,$80.92,238.72%,CCL,NYSE:CCL,-0.148,$35.30,-0.31%
NASDAQ:CCNE,30 Mar 2026,$32.74,3,$35.00,5,1.57,$33.82,-3.19%,,,,$33.61,-0.62%,$0.00,-100.00%,$0.00,-100.00%,CCNE,NASDAQ:CCNE,-0.463,$37.80,-7.41%
NASDAQ:CCOI,6 Nov 2025,$50.57,3,$44.20,5,0.98,$9.54,363.31%,,,,$9.24,-3.14%,$0.00,-100.00%,$0.00,-100.00%,CCOI,NASDAQ:CCOI,-0.787,$15.27,189.46%
NASDAQ:CCSI,11 Feb 2026,$30.28,4,$37.00,3,1.59,$38.25,-20.84%,,,,$37.78,-1.23%,$0.00,-100.00%,$0.00,-100.00%,CCSI,NASDAQ:CCSI,-0.451,$42.25,-12.43%
NYSE:CDE,28 Apr 2026,$9.27,2,$26.86,9,1.36,$20.78,-55.38%,,,,$20.78,0.00%,$0.00,-100.00%,$0.00,-100.00%,CDE,NYSE:CDE,-0.556,$23.32,15.18%
NASDAQ:CDNS,19 Jan 2026,$321.30,3,$376.64,6,1.09,$338.78,-5.16%,,,,$334.52,-1.26%,$464.02,36.97%,$490.09,44.66%,CDNS,NASDAQ:CDNS,-0.693,$403.12,-6.57%
NYSE:CDP,18 Feb 2026,$33.25,3,$35.60,7,1.71,$36.00,-7.64%,,,,$36.67,1.86%,$33.21,-7.74%,$46.83,30.08%,CDP,NYSE:CDP,-0.397,$40.00,-11.00%
NASDAQ:CDW,18 May 2026,$131.51,3,$138.83,9,1.83,$151.58,-13.24%,,,,$147.73,-2.54%,$0.00,-100.00%,$0.00,-100.00%,CDW,NASDAQ:CDW,-0.327,$155.89,-10.94%
NYSE:CE,28 Mar 2025,$111.30,3,,9,2.40,$45.48,144.72%,,,,$44.53,-2.09%,$0.00,-100.00%,$0.00,-100.00%,CE,NYSE:CE,-0.156,$63.62,
NASDAQ:CEG,23 Dec 2025,$300.57,2,$409.82,9,2.62,$274.77,9.39%,,,,$279.88,1.86%,$0.00,-100.00%,$0.00,-100.00%,CEG,NASDAQ:CEG,-0.030,$348.30,17.66%
NASDAQ:CELC,29 Nov 2024,$21.98,3,,,2.66,$89.06,-75.33%,,,,$89.44,0.43%,$0.00,-100.00%,$0.00,-100.00%,CELC,NASDAQ:CELC,-0.038,$161.09,
NASDAQ:CENT,9 Apr 2026,$50.35,5,$50.00,5,2.31,$42.98,16.33%,,,,$43.90,2.14%,$0.00,-100.00%,$0.00,-100.00%,CENT,NASDAQ:CENT,-0.157,$53.00,-5.66%
NASDAQ:CENTA,13 Aug 2026,$45.29,4,,,2.37,$37.21,21.71%,21.71%,$45.29,$46.25,$37.93,1.93%,$0.00,-100.00%,$0.00,-100.00%,CENTA,NASDAQ:CENTA,-0.136,$46.25,
NASDAQ:CENX,20 Aug 2025,$23.49,3,,9,2.01,$45.77,-48.68%,,,,$45.74,-0.07%,$0.00,-100.00%,$0.00,-100.00%,CENX,NASDAQ:CENX,-0.327,$70.00,
NYSE:CEPU,16 Dec 2025,$17.50,3,$17.50,9,1.83,$13.62,28.49%,,,,$13.13,-3.60%,$0.00,-100.00%,$0.00,-100.00%,CEPU,NYSE:CEPU,-0.408,$24.01,-27.11%
NASDAQ:CERS,11 Dec 2025,$2.70,4,$4.50,4,1.24,$2.64,2.13%,,,,$2.61,-1.14%,$2.27,-13.85%,$2.37,-10.13%,CERS,NASDAQ:CERS,-0.672,$4.67,-3.64%
NASDAQ:CEVA,10 Feb 2026,$35.04,4,$36.00,5,1.57,$27.05,29.54%,,,,$26.96,-0.33%,$0.00,-100.00%,$0.00,-100.00%,CEVA,NASDAQ:CEVA,-0.524,$47.25,-23.81%
NASDAQ:CFFN,1 Jun 2026,$8.16,3,$8.25,6,2.38,$8.61,-5.28%,,,,$8.74,1.51%,$0.00,-100.00%,$0.00,-100.00%,CFFN,NASDAQ:CFFN,-0.099,$9.50,-13.16%
NYSE:CFG,27 May 2026,$59.16,3,$72.63,6,2.01,$68.87,-14.09%,,,,$70.12,1.82%,$0.00,-100.00%,$0.00,-100.00%,CFG,NYSE:CFG,-0.279,$80.82,-10.13%
NASDAQ:CFLT,27 Jan 2026,$37.00,3,$29.10,1,,,#DIV/0!,,,,,#DIV/0!,-$2.00,#DIV/0!,-$2.00,#DIV/0!,CFLT,NASDAQ:CFLT,-2.000,,
NYSE:CFR,19 Nov 2025,$122.52,3,$139.13,7,2.29,$160.87,-23.84%,,,,$163.13,1.40%,-$421.86,-362.24%,-$498.99,-410.18%,CFR,NYSE:CFR,-0.131,$170.21,-18.26%
NASDAQ:CG,19 Nov 2025,$51.54,3,$66.70,6,0.59,$48.39,6.51%,,,,$47.44,-1.96%,$0.00,-100.00%,$0.00,-100.00%,CG,NASDAQ:CG,-0.914,$58.18,14.64%
NYSE:CGAU,15 Aug 2025,$8.68,4,,7,1.88,$22.92,-62.12%,,,,$23.26,1.48%,$38.24,66.86%,$27.40,19.55%,CGAU,NYSE:CGAU,-0.303,$23.25,
NASDAQ:CGNX,29 Jan 2026,$39.12,3,$45.64,9,2.30,$60.96,-35.82%,,,,$61.00,0.07%,$0.00,-100.00%,$0.00,-100.00%,CGNX,NASDAQ:CGNX,-0.182,$80.05,-42.99%
NASDAQ:CHCO,27 May 2026,$129.27,3,$130.00,4,2.79,$142.95,-9.57%,,,,$147.65,3.29%,$0.00,-100.00%,$0.00,-100.00%,CHCO,NASDAQ:CHCO,0.110,$140.40,-7.41%
NYSE:CHCT,24 Aug 2025,$20.57,3,,8,2.23,$14.71,39.86%,,,,$15.00,1.97%,$0.00,-100.00%,$0.00,-100.00%,CHCT,NYSE:CHCT,-0.190,$17.75,
NYSE:CHD,20 Feb 2024,$80.10,1,,,1.95,$99.78,-19.73%,,,,$101.73,1.95%,$0.00,-100.00%,$0.00,-100.00%,CHD,NYSE:CHD,-0.277,$105.37,
NASDAQ:CHDN,18 Sep 2025,$128.82,3,$132.71,9,2.23,$87.48,47.26%,,,,$87.63,0.17%,$135.83,55.27%,$189.46,116.57%,CHDN,NASDAQ:CHDN,-0.232,$131.64,0.81%
NYSE:CHE,3 Jul 2024,$512.61,3,,,1.46,$518.71,-1.18%,,,,$516.66,-0.40%,$825.83,59.21%,$910.79,75.59%,CHE,NYSE:CHE,-0.498,$552.00,
NASDAQ:CHEF,3 Sep 2025,$48.50,2,,,1.81,$112.47,-56.88%,,,,$111.77,-0.62%,$0.00,-100.00%,$0.00,-100.00%,CHEF,NASDAQ:CHEF,-0.338,$116.56,
NYSE:CHGG,20 Aug 2025,$2.28,3,,5,,$0.85,168.24%,,,,,-100.00%,-$2.00,-335.29%,-$2.00,-335.29%,CHGG,NYSE:CHGG,-2.000,,
NYSE:CHH,23 Dec 2025,$119.50,3,$100.00,4,0.93,$103.36,-3.25%,,,,$105.92,2.48%,$0.00,-100.00%,$0.00,-100.00%,CHH,NYSE:CHH,-0.744,$115.27,-13.25%
NASDAQ:CHKP,26 Mar 2026,$188.31,3,$200.68,7,0.91,$138.91,35.56%,,,,$130.23,-6.25%,$212.97,53.32%,$225.53,62.36%,CHKP,NASDAQ:CHKP,-0.739,$146.32,37.15%
NASDAQ:CHRD,23 Aug 2024,$167.62,3,,,2.64,$147.11,13.94%,,,,$150.17,2.08%,$0.00,-100.00%,$0.00,-100.00%,CHRD,NASDAQ:CHRD,0.011,$167.47,
NYSE:CHT,17 Jun 2024,$40.37,3,,,2.45,$43.21,-6.57%,,,,$43.50,0.67%,$59.18,36.97%,$87.09,101.55%,CHT,NYSE:CHT,-0.070,$48.08,
NASDAQ:CHX,23 Aug 2024,$37.87,4,,,,$25.81,46.71%,,,,$0.00,-100.00%,$0.00,-100.00%,$0.00,-100.00%,CHX,NASDAQ:CHX,-2.000,$40.80,
NYSE:CIB,6 Oct 2025,$49.03,3,,,2.28,$96.12,-48.99%,,,,$97.95,1.90%,$0.00,-100.00%,$0.00,-100.00%,CIB,NYSE:CIB,-0.088,$82.61,
NYSE:CIEN,23 Dec 2025,$134.99,1,$248.93,10,1.62,$382.80,-64.74%,,,,$376.07,-1.76%,$458.21,19.70%,$487.32,27.30%,CIEN,NYSE:CIEN,-0.501,$557.29,-55.33%
NASDAQ:CIFR,4 Aug 2025,$6.62,3,$7.06,3,1.93,$15.50,-57.30%,,,,$15.16,-2.19%,$0.00,-100.00%,$0.00,-100.00%,CIFR,NASDAQ:CIFR,-0.366,$32.18,-78.06%
NYSE:CIG,26 Jun 2026,$2.37,4,,5,2.15,$2.02,17.33%,,,,$1.96,-2.97%,$0.00,-100.00%,$0.00,-100.00%,CIG,NYSE:CIG,-0.193,$2.14,
NASDAQ:CINF,19 Sep 2025,$146.60,2,$165.40,6,1.62,$169.90,-13.71%,,,,$171.39,0.88%,$309.33,82.06%,$326.86,92.38%,CINF,NASDAQ:CINF,-0.440,$191.67,-13.71%
NYSE:CINT,10 Jun 2026,$5.65,3,$6.94,7,,$3.46,63.41%,,,,,-100.00%,-$2.00,-157.80%,-$2.00,-157.80%,CINT,NYSE:CINT,-2.000,,
NASDAQ:CISS,16 Feb 2026,$2.33,3,,,3.04,$1.71,36.42%,,,,$1.99,16.37%,$0.00,-100.00%,$0.00,-100.00%,CISS,NASDAQ:CISS,0.215,,
NYSE:CL,18 Aug 2025,$84.33,3,$97.40,5,0.44,$89.82,-6.12%,,,,$86.61,-3.57%,$0.00,-100.00%,$0.00,-100.00%,CL,NYSE:CL,-0.959,$98.95,-1.57%
NASDAQ:CLBK,8 Oct 2025,$15.20,3,,,0.54,$11.62,30.81%,,,,$11.11,-4.39%,$0.00,-100.00%,$0.00,-100.00%,CLBK,NASDAQ:CLBK,-0.942,$14.17,
NYSE:CLF,17 Aug 2025,$12.62,3,$10.78,6,1.79,$11.55,-6.67%,,,,$11.52,-0.26%,-$9.19,-179.57%,$14.24,23.31%,CLF,NYSE:CLF,-0.347,$11.90,-9.41%
NYSE:CLH,9 Apr 2025,$216.05,5,$271.56,9,1.87,$315.25,-31.47%,,,,$310.00,-1.67%,$357.25,13.32%,$434.07,37.69%,CLH,NYSE:CLH,-0.333,$359.93,-24.55%
NASDAQ:CLMB,26 Jan 2026,$137.18,3,$136.00,4,1.29,$28.53,376.69%,,,,$27.98,-1.93%,$61.58,115.86%,$68.77,141.05%,CLMB,NASDAQ:CLMB,-0.588,$32.33,320.66%
NASDAQ:CLPT,11 Dec 2025,$12.35,3,$29.00,6,1.22,$15.14,-18.43%,,,,$15.29,0.99%,$0.00,-100.00%,$0.00,-100.00%,CLPT,NASDAQ:CLPT,-0.680,$25.67,12.97%
NYSE:CLS,19 Jan 2026,$187.07,1,$376.73,10,1.95,$299.40,-37.52%,,,,$299.69,0.10%,$317.66,6.10%,$340.32,13.67%,CLS,NYSE:CLS,-0.353,$477.22,-21.06%
NYSE:CLVT,2 Feb 2026,$5.35,3,$3.87,4,1.54,$2.05,88.78%,,,,$1.97,-3.90%,-$4.03,-296.49%,$6.38,211.23%,CLVT,NYSE:CLVT,-0.537,$2.97,30.30%
NYSE:CLW,26 Dec 2024,$20.46,,$37.00,5,2.61,$20.99,-2.53%,,,,$21.57,2.76%,$130.97,523.98%,$204.83,875.85%,CLW,NYSE:CLW,0.026,$21.25,74.12%
NYSE:CLX,13 Apr 2026,$137.41,5,$115.33,4,2.07,$97.68,18.07%,,,,$103.09,5.54%,$0.00,-100.00%,$0.00,-100.00%,CLX,NYSE:CLX,-0.223,$101.65,13.46%
NYSE:CM,10 Sep 2025,$68.57,2,,,1.58,$113.52,-39.59%,,,,$113.12,-0.35%,$0.00,-100.00%,$0.00,-100.00%,CM,NYSE:CM,-0.441,$119.32,
NYSE:CMA,19 Nov 2025,$78.08,3,$79.46,6,,,#DIV/0!,,,,,#DIV/0!,-$2.00,#DIV/0!,-$2.00,#DIV/0!,CMA,NYSE:CMA,-2.000,,
NYSE:CMC,27 Feb 2026,$67.56,3,,,2.61,$67.47,0.13%,,,,$68.44,1.44%,$55.56,-17.66%,$90.50,34.13%,CMC,NYSE:CMC,-0.021,$81.55,
NYSEAMERICAN:CMCL,28 Oct 2025,$29.76,1,$48.00,8,,$25.31,17.58%,,,,,-100.00%,-$2.00,-107.90%,-$2.00,-107.90%,CMCL,NYSEAMERICAN:CMCL,-2.000,,
NASDAQ:CME,24 Oct 2025,$252.85,2,,,2.04,$285.50,-11.44%,,,,$282.11,-1.19%,$3.27,-98.85%,$18.54,-93.51%,CME,NASDAQ:CME,-0.227,$283.07,
NYSE:CMI,19 Nov 2025,$437.53,2,$508.60,4,3.35,$564.40,-22.48%,,,,$593.94,5.23%,$0.00,-100.00%,$0.00,-100.00%,CMI,NYSE:CMI,0.279,$757.02,-32.82%
NASDAQ:CMPR,23 Aug 2025,$95.87,3,$72.00,5,1.68,$89.11,-19.20%,,,,$88.50,-0.68%,$0.00,-100.00%,$0.00,-100.00%,CMPR,NASDAQ:CMPR,-0.449,$114.50,-37.12%
NYSE:CMRE,23 Dec 2025,$17.94,5,$12.00,6,2.45,$15.28,-21.47%,,,,$15.50,1.44%,$32.23,110.95%,$35.29,130.93%,CMRE,NYSE:CMRE,-0.114,$20.00,-40.00%
NASDAQ:CNDT,29 Jan 2026,$2.60,3,$7.00,3,1.19,$1.72,51.04%,,,,$1.69,-1.74%,$0.00,-100.00%,$0.00,-100.00%,CNDT,NASDAQ:CNDT,-0.694,$5.00,40.00%
NYSE:CNH,18 Aug 2025,$16.66,5,$14.39,4,1.86,$11.83,21.64%,,,,$11.38,-3.80%,$0.00,-100.00%,$0.00,-100.00%,CNH,NYSE:CNH,-0.334,$13.24,8.69%
NYSE:CNM,15 Aug 2025,$59.25,2,,,2.00,$42.96,37.93%,,,,$42.73,-0.54%,$51.70,20.34%,$68.16,58.66%,CNM,NYSE:CNM,-0.332,$60.07,
NYSE:CNMD,11 Dec 2025,$60.78,3,$53.00,2,1.56,$49.85,6.32%,,,,$49.95,0.20%,$54.80,9.92%,$64.08,28.54%,CNMD,NYSE:CNMD,-0.419,$45.50,16.48%
NYSE:CNO,20 Oct 2023,$30.57,5,,,1.45,$54.79,-44.21%,,,,$54.97,0.33%,$0.00,-100.00%,$0.00,-100.00%,CNO,NYSE:CNO,-0.484,$53.75,
NASDAQ:CNOB,19 Nov 2025,$25.36,3,,,2.00,$31.44,-19.34%,,,,$31.90,1.46%,$0.00,-100.00%,$0.00,-100.00%,CNOB,NASDAQ:CNOB,-0.284,$36.75,
NASDAQ:CNXC,28 Jan 2026,$61.95,4,,,2.93,$30.10,105.80%,,,,$30.50,1.33%,$65.07,116.19%,$197.28,555.41%,CNXC,NASDAQ:CNXC,0.132,$35.25,
NYSE:COF,18 Aug 2025,$1.55,4,$1.15,4,2.50,$214.51,-99.46%,,,,$218.39,1.81%,$123.40,-42.48%,$285.34,33.02%,COF,NYSE:COF,-0.067,$258.27,-99.55%
NASDAQ:COFS,1 Jun 2026,$34.09,3,$34.00,7,1.57,$33.21,2.38%,,,,$33.17,-0.12%,$0.00,-100.00%,$0.00,-100.00%,COFS,NASDAQ:COFS,-0.462,$37.00,-8.11%
NYSE:COHR,15 Aug 2025,$108.88,2,$111.93,7,2.65,$277.83,-60.81%,,,,$281.83,1.44%,$0.00,-100.00%,$0.00,-100.00%,COHR,NYSE:COHR,-0.046,$416.09,-73.10%
NASDAQ:COHU,4 Feb 2026,$30.91,3,$32.33,9,3.38,$46.10,-32.95%,,,,$52.29,13.43%,$50.16,8.82%,$61.19,32.72%,COHU,NASDAQ:COHU,0.279,$70.88,-54.39%
NASDAQ:COLB,27 May 2026,$30.60,3,$31.75,6,1.62,$29.64,3.24%,,,,$30.04,1.35%,$0.00,-100.00%,$0.00,-100.00%,COLB,NASDAQ:COLB,-0.447,$34.14,-7.00%
NASDAQ:COLM,6 Feb 2026,$85.03,3,$62.40,6,2.47,$57.40,8.71%,,,,$57.79,0.68%,$71.82,25.13%,$91.03,58.59%,COLM,NASDAQ:COLM,-0.083,$69.83,-10.64%
NASDAQ:COMM,27 Jan 2026,$19.58,1,,,,,#DIV/0!,,,,,#DIV/0!,-$2.00,#DIV/0!,-$2.00,#DIV/0!,COMM,NASDAQ:COMM,-2.000,,
NYSE:COP,2 Jul 2026,$119.17,5,$146.53,7,1.76,$132.49,-10.06%,,,,$129.79,-2.04%,$0.00,-100.00%,$0.00,-100.00%,COP,NYSE:COP,-0.370,$145.33,0.83%
NASDAQ:CORZ,22 Jan 2026,$21.48,3,$27.60,7,2.72,$16.30,31.77%,,,,$16.44,0.86%,-$3.70,-122.68%,-$0.10,-100.64%,CORZ,NASDAQ:CORZ,-0.012,$37.12,-25.65%
NYSE:COTY,18 Aug 2025,$8.16,3,$6.34,4,1.27,$2.85,122.46%,,,,$2.76,-3.16%,$0.00,-100.00%,$0.00,-100.00%,COTY,NYSE:COTY,-0.555,$2.69,135.69%
NYSE:CP,13 Nov 2024,$75.90,3,,,1.47,$92.69,-18.11%,,,,$93.10,0.44%,$87.89,-5.18%,$103.99,12.19%,CP,NYSE:CP,-0.500,$100.76,
NYSE:CPF,16 Apr 2026,$32.84,3,$37.00,6,1.78,$37.22,-11.78%,,,,$37.73,1.37%,$0.00,-100.00%,$0.00,-100.00%,CPF,NYSE:CPF,-0.377,$43.00,-13.95%
NYSE:CPRI,26 Mar 2026,$38.69,5,$26.00,5,2.56,$13.25,96.23%,,,,$13.42,1.28%,$0.00,-100.00%,$0.00,-100.00%,CPRI,NYSE:CPRI,-0.084,$22.53,15.40%
NASDAQ:CPRT,22 Sep 2025,$50.82,4,$55.60,4,2.22,$32.99,54.05%,,,,$33.14,0.45%,$67.61,104.93%,$71.57,116.95%,CPRT,NASDAQ:CPRT,-0.196,$40.20,38.31%
NASDAQ:CPSH,27 Jan 2026,$4.29,2,,,1.43,$3.89,10.34%,,,,$3.75,-3.60%,$0.00,-100.00%,$0.00,-100.00%,CPSH,NASDAQ:CPSH,-0.588,$6.00,
NYSE:CPT,18 Sep 2025,$121.77,4,$121.40,1,2.55,$105.80,14.74%,,,,$107.31,1.43%,$0.00,-100.00%,$0.00,-100.00%,CPT,NYSE:CPT,-0.023,$117.51,3.31%
NYSE:CR,13 Nov 2025,$172.71,2,$220.67,6,0.83,$205.07,-15.78%,,,,$201.91,-1.54%,$296.43,44.55%,$325.43,58.69%,CR,NYSE:CR,-0.802,$238.00,-7.28%
NASDAQ:CRAI,20 Aug 2024,$164.05,3,,,2.06,$174.50,-5.99%,,,,$173.46,-0.60%,$0.00,-100.00%,$0.00,-100.00%,CRAI,NASDAQ:CRAI,-0.306,$250.50,
NASDAQ:CRCT,11 Feb 2026,$6.18,5,$3.67,3,1.59,$5.90,-37.80%,,,,$5.69,-3.56%,$0.00,-100.00%,$0.00,-100.00%,CRCT,NASDAQ:CRCT,-0.358,$4.07,-9.83%
NASDAQ:CRDO,15 Dec 2025,$162.57,3,$223.89,7,0.81,$226.19,-28.12%,,,,$223.85,-1.03%,$278.01,22.91%,$281.75,24.56%,CRDO,NASDAQ:CRDO,-0.831,$283.23,-20.95%
NASDAQ:CRESY,11 Jul 2025,$10.53,3,,,0.75,$11.50,-8.46%,,,,$10.66,-7.30%,$8.16,-29.01%,$10.50,-8.74%,CRESY,NASDAQ:CRESY,-0.877,$15.51,
NYSE:CRGY,20 Aug 2025,$15.13,3,,,1.67,$13.69,10.53%,,,,$13.40,-2.12%,$0.00,-100.00%,$0.00,-100.00%,CRGY,NYSE:CRGY,-0.439,$16.73,
NYSE:CRH,30 Mar 2026,$109.97,3,,,2.35,$94.29,16.63%,,,,$95.72,1.52%,$96.96,2.83%,$150.11,59.20%,CRH,NYSE:CRH,-0.177,$138.32,
NASDAQ:CRML,4 Dec 2025,$6.88,3,$14.00,6,,$7.21,-4.62%,,,,,-100.00%,-$2.00,-127.74%,-$2.00,-127.74%,CRML,NASDAQ:CRML,-2.000,,
NASDAQ:CROX,26 Jul 2024,$132.28,3,,,2.75,$120.38,9.89%,,,,$126.36,4.97%,$288.40,139.57%,$304.29,152.78%,CROX,NASDAQ:CROX,0.058,$138.25,
NASDAQ:CRTO,6 Nov 2025,$38.27,3,$35.00,2,1.55,$17.65,98.30%,,,,$17.13,-2.95%,$0.00,-100.00%,$0.00,-100.00%,CRTO,NASDAQ:CRTO,-0.476,$20.15,73.70%
NASDAQ:CRUS,6 Feb 2026,$143.98,4,$143.60,10,2.41,$109.51,31.13%,,,,$109.24,-0.25%,$0.00,-100.00%,$0.00,-100.00%,CRUS,NASDAQ:CRUS,-0.152,$165.00,-12.97%
NASDAQ:CRWD,13 Sep 2024,$299.53,4,,,2.10,$231.00,29.67%,,,,$212.43,-8.04%,$0.00,-100.00%,$0.00,-100.00%,CRWD,NASDAQ:CRWD,-0.196,$227.58,
NASDAQ:CRWV,11 Feb 2026,$83.61,3,,,1.29,$84.89,-1.51%,,,,$82.49,-2.83%,$0.00,-100.00%,$0.00,-100.00%,CRWV,NASDAQ:CRWV,-0.649,$144.46,
NASDAQ:CSIQ,9 Feb 2026,$19.05,3,$21.51,6,2.49,$12.33,54.50%,,,,$13.06,5.92%,$0.00,-100.00%,$0.00,-100.00%,CSIQ,NASDAQ:CSIQ,-0.116,$18.22,18.06%
NYSE:CSL,20 Jan 2026,$384.54,3,$400.00,8,2.54,$346.58,10.95%,,,,$357.81,3.24%,$484.59,39.82%,$456.82,31.81%,CSL,NYSE:CSL,-0.046,$411.88,-2.88%
NASDAQ:CSTL,23 Aug 2024,$38.33,3,,,0.95,$33.03,16.04%,,,,$32.24,-2.39%,$0.00,-100.00%,$0.00,-100.00%,CSTL,NASDAQ:CSTL,-0.783,$44.00,
NYSE:CSTM,25 Jun 2026,$27.88,2,,,2.32,$26.43,5.49%,,,,$27.00,2.16%,$28.25,6.89%,$68.92,160.77%,CSTM,NYSE:CSTM,-0.190,$37.63,
NASDAQ:CSW,3 Sep 2025,$247.77,1,,,,$308.95,-19.80%,,,,,-100.00%,-$2.00,-100.65%,-$2.00,-100.65%,CSW,NYSE:CSW,-2.000,,
NASDAQ:CTBI,19 Nov 2025,$57.46,3,$61.00,6,1.50,$76.13,-24.52%,,,,$76.24,0.14%,$0.00,-100.00%,$0.00,-100.00%,CTBI,NASDAQ:CTBI,-0.483,$81.33,-25.00%
NASDAQ:CTKB,11 Dec 2025,$6.69,3,$5.83,7,1.78,$4.78,21.97%,,,,$4.49,-6.07%,$0.00,-100.00%,$0.00,-100.00%,CTKB,NASDAQ:CTKB,-0.378,$5.56,4.86%
NASDAQ:CTLP,21 Jan 2026,$11.18,3,,5,,,#DIV/0!,,,,,#DIV/0!,-$2.00,#DIV/0!,-$2.00,#DIV/0!,CTLP,NASDAQ:CTLP,-2.000,,
NYSEAMERICAN:CTM,2 Feb 2026,$3.50,1,$3.50,3,,$0.60,483.33%,,,,,-100.00%,-$2.00,-433.33%,-$2.00,-433.33%,CTM,NYSEAMERICAN:CTM,-2.000,,
NYSE:CTRA,2 Nov 2025,$26.29,4,$32.29,7,3.45,$34.63,-24.08%,,,,$0.00,-100.00%,$41.18,18.92%,$71.42,106.22%,CTRA,NYSE:CTRA,-1.000,$37.77,-14.51%
NYSE:CTS,2 Feb 2026,$52.59,3,,6,2.41,$56.47,-6.87%,,,,$57.09,1.10%,$59.71,5.73%,$79.73,41.20%,CTS,NYSE:CTS,-0.096,$65.00,
NASDAQ:CTSH,4 Feb 2026,$83.87,4,,,2.13,$64.58,29.87%,,,,$64.51,-0.11%,$95.00,47.10%,$88.28,36.70%,CTSH,NASDAQ:CTSH,-0.185,$63.94,
NYSE:CUBI,19 Nov 2025,$67.11,3,$85.43,9,2.47,$78.18,-14.16%,,,,$79.44,1.61%,$0.00,-100.00%,$0.00,-100.00%,CUBI,NYSE:CUBI,-0.080,$94.00,-9.12%
NASDAQ:CURI,23 Dec 2025,$4.18,3,$6.33,10,1.25,$2.68,55.97%,,,,$2.54,-5.22%,$0.00,-100.00%,$0.00,-100.00%,CURI,NASDAQ:CURI,-0.669,$5.33,18.76%
NASDAQ:CVBF,25 Jun 2026,$20.88,3,,,2.38,$22.17,-5.82%,,,,$22.41,1.08%,$0.00,-100.00%,$0.00,-100.00%,CVBF,NASDAQ:CVBF,-0.117,$26.17,
NYSE:CVE,19 Jun 2026,$26.66,3,$32.60,8,2.07,$32.15,-17.08%,,,,$31.33,-2.55%,$120.60,275.10%,$159.83,397.14%,CVE,NYSE:CVE,-0.245,$36.77,-11.34%
NYSE:CVI,23 Aug 2024,$33.80,3,,,1.75,$41.86,-19.26%,,,,$40.08,-4.25%,$97.26,132.35%,$128.76,207.60%,CVI,NYSE:CVI,-0.299,$31.40,
NASDAQ:CVLT,26 Jan 2026,$137.85,3,$174.58,8,0.59,$137.52,0.24%,,,,$131.84,-4.13%,$236.21,71.76%,$239.22,73.95%,CVLT,NASDAQ:CVLT,-0.907,$160.90,8.50%
NASDAQ:CVRX,4 Dec 2025,$11.33,4,$12.67,7,1.79,$2.96,282.80%,,,,$2.94,-0.68%,$0.00,-100.00%,$0.00,-100.00%,CVRX,NASDAQ:CVRX,-0.425,$4.58,176.64%
NYSE:CVS,16 Oct 2025,$91.02,5,$86.60,8,2.13,$93.91,-7.78%,,,,$93.73,-0.19%,$0.00,-100.00%,$0.00,-100.00%,CVS,NYSE:CVS,-0.237,$116.08,-25.40%
NYSE:CVX,20 Aug 2025,$174.36,4,$171.33,9,2.39,$206.14,-16.89%,,,,$202.03,-1.99%,$0.00,-100.00%,$0.00,-100.00%,CVX,NYSE:CVX,-0.086,$218.29,-21.51%
NYSE:CW,17 May 2024,$250.04,2,,,3.18,$582.53,-57.08%,,,,$620.73,6.56%,$0.00,-100.00%,$0.00,-100.00%,CW,NYSE:CW,0.197,$806.50,
NYSE:CWAN,26 Jan 2026,$25.43,3,$27.15,4,,,#DIV/0!,,,,,#DIV/0!,-$2.00,#DIV/0!,-$2.00,#DIV/0!,CWAN,NYSE:CWAN,-2.000,,
NASDAQ:CWCO,13 Nov 2025,$34.36,3,,8,2.13,$29.77,15.42%,,,,$29.94,0.57%,$0.00,-100.00%,$0.00,-100.00%,CWCO,NASDAQ:CWCO,-0.276,$43.00,
NYSE:CWH,19 Sep 2025,$21.04,3,$19.56,7,1.59,$6.46,202.79%,,,,$6.24,-3.41%,$176.63,2634.17%,$195.79,2930.80%,CWH,NYSE:CWH,-0.517,$10.94,78.79%
NYSE:CX,19 Jun 2025,$8.65,3,$7.31,8,1.55,$10.74,-31.94%,,,,$10.71,-0.28%,$9.70,-9.72%,$16.84,56.81%,CX,NYSE:CX,-0.527,$14.75,-50.44%
NASDAQ:CXAI,4 Feb 2026,$0.59,3,,,1.67,$3.66,-83.83%,,,,$3.53,-3.55%,$0.00,-100.00%,$0.00,-100.00%,CXAI,NASDAQ:CXAI,-0.481,$15.00,
NYSE:CXT,11 Nov 2025,$76.10,5,$74.00,8,1.45,$48.90,51.33%,,,,$48.81,-0.18%,$0.00,-100.00%,$0.00,-100.00%,CXT,NYSE:CXT,-0.576,$70.17,5.46%
NYSE:CYD,15 Dec 2025,$33.36,3,,7,2.92,$38.34,-12.99%,,,,$41.28,7.67%,$0.00,-100.00%,$0.00,-100.00%,CYD,NYSE:CYD,0.076,$68.46,
NYSE:DAC,5 Mar 2026,$126.35,3,,,1.43,$151.48,-16.59%,,,,$149.89,-1.05%,$0.00,-100.00%,$0.00,-100.00%,DAC,NYSE:DAC,-0.517,$164.50,
NYSE:DAL,18 Sep 2025,$41.35,2,,,2.06,$78.00,-46.99%,,,,$80.36,3.03%,$31.27,-59.90%,$124.23,59.27%,DAL,NYSE:DAL,-0.294,$105.19,
NYSE:DAVA,9 Feb 2026,$13.03,3,$10.00,3,,$3.32,201.20%,,,,,-100.00%,-$2.00,-160.24%,-$2.00,-160.24%,DAVA,NYSE:DAVA,-2.000,,
NASDAQ:DAVE,11 Feb 2026,$175.69,3,$312.50,9,1.04,$359.52,-51.13%,,,,$361.55,0.56%,$0.00,-100.00%,$0.00,-100.00%,DAVE,NASDAQ:DAVE,-0.718,$436.58,-28.42%
NYSE:DB,2 Apr 2026,$30.42,3,$41.60,10,1.59,$40.06,-24.07%,,,,$40.33,0.67%,$433.16,981.28%,$507.54,1166.94%,DB,NYSE:DB,-0.431,$40.50,2.72%
NYSE:DBI,4 Feb 2026,$8.49,3,$6.25,2,2.18,$5.47,14.26%,,,,$5.51,0.73%,$3.46,-36.66%,$17.44,218.89%,DBI,NYSE:DBI,-0.252,$7.75,-19.35%
NASDAQ:DBX,11 Feb 2026,$25.55,3,,,1.23,$35.19,-27.39%,,,,$35.49,0.85%,$0.00,-100.00%,$0.00,-100.00%,DBX,NASDAQ:DBX,-0.560,$30.67,
NYSE:DCI,6 Nov 2025,$76.88,2,,,1.67,$90.89,-15.41%,,,,$91.02,0.14%,$0.00,-100.00%,$0.00,-100.00%,DCI,NYSE:DCI,-0.409,$98.80,
NASDAQ:DCOM,2 Oct 2025,$31.72,3,$36.00,5,,,#DIV/0!,,,,,#DIV/0!,-$2.00,#DIV/0!,-$2.00,#DIV/0!,DCOM,NASDAQ:DCOM,-2.000,,
NASDAQ:DCTH,11 Dec 2025,$11.63,3,$24.00,6,0.88,$16.46,-29.34%,,,,$15.80,-4.01%,$0.00,-100.00%,$0.00,-100.00%,DCTH,NASDAQ:DCTH,-0.832,$24.00,0.00%
NYSE:DD,12 Aug 2026,$152.47,4,$167.70,9,4.71,$134.59,13.28%,13.28%,$152.47,$170.00,$149.35,10.97%,$0.00,-100.00%,$0.00,-100.00%,DD,NYSE:DD,0.900,$170.00,-1.35%
NYSE:DDD,19 Nov 2025,$2.85,3,$3.63,6,2.29,$3.28,-13.11%,,,,$3.29,0.30%,$0.00,-100.00%,$0.00,-100.00%,DDD,NYSE:DDD,-0.205,$5.50,-34.00%
NASDAQ:DDOG,18 Aug 2025,$131.92,3,$161.38,8,1.35,$237.04,-44.35%,,,,$234.60,-1.03%,$0.00,-100.00%,$0.00,-100.00%,DDOG,NASDAQ:DDOG,-0.577,$285.18,-43.41%
NYSE:DDS,21 May 2024,$424.51,3,,,2.09,$625.97,-32.18%,,,,$623.22,-0.44%,$0.00,-100.00%,$0.00,-100.00%,DDS,NYSE:DDS,-0.177,$545.67,
NYSE:DEA,13 Nov 2025,$33.12,3,$23.30,4,1.03,$24.53,-5.01%,,,,$24.32,-0.86%,$0.00,-100.00%,$0.00,-100.00%,DEA,NYSE:DEA,-0.684,$25.50,-8.63%
NYSE:DECK,13 Apr 2026,$122.67,3,$124.47,2,2.08,$87.08,40.87%,,,,$87.02,-0.07%,$0.00,-100.00%,$0.00,-100.00%,DECK,NYSE:DECK,-0.297,$122.81,1.35%
NYSE:DEO,20 Mar 2026,$109.50,3,$107.50,8,0.93,$91.85,17.04%,,,,$90.98,-0.95%,$0.00,-100.00%,$0.00,-100.00%,DEO,NYSE:DEO,-0.755,$106.43,1.01%
NASDAQ:DFDV,3 Jun 2025,$23.65,3,,,1.31,$5.38,339.63%,,,,$4.90,-8.92%,$0.00,-100.00%,$0.00,-100.00%,DFDV,NASDAQ:DFDV,-0.570,$5.85,
NYSE:DFH,26 Mar 2025,$30.22,3,$32.00,4,1.61,$14.05,115.10%,,,,$14.57,3.70%,$0.00,-100.00%,$0.00,-100.00%,DFH,NYSE:DFH,-0.479,$18.00,77.78%
NASDAQ:DGII,29 Jan 2026,$43.01,3,$48.80,7,1.63,$74.94,-42.60%,,,,$75.30,0.48%,$0.00,-100.00%,$0.00,-100.00%,DGII,NASDAQ:DGII,-0.438,$85.40,-42.86%
NYSE:DGX,29 Jul 2024,$148.07,3,,,1.74,$240.30,-38.38%,,,,$243.13,1.18%,$357.78,48.89%,$443.56,84.59%,DGX,NYSE:DGX,-0.364,$245.87,
NYSE:DHI,29 May 2026,$164.34,5,$164.82,7,1.73,$144.56,13.69%,,,,$145.73,0.81%,$175.04,21.08%,$178.92,23.77%,DHI,NYSE:DHI,-0.392,$162.92,1.17%
NYSE:DHR,13 Nov 2025,$244.54,3,$243.45,9,1.07,$213.56,14.00%,,,,$210.81,-1.29%,$236.26,10.63%,$271.79,27.27%,DHR,NYSE:DHR,-0.674,$227.96,6.80%
NASDAQ:DIOD,28 Jan 2026,$63.86,3,$58.67,7,3.37,$90.80,-35.39%,,,,$93.01,2.43%,$0.00,-100.00%,$0.00,-100.00%,DIOD,NASDAQ:DIOD,0.277,$162.50,-63.90%
NASDAQ:DJCO,11 Feb 2026,$662.32,3,,5,2.12,$622.93,6.32%,,,,$625.38,0.39%,$790.68,26.93%,$791.86,27.12%,DJCO,NASDAQ:DJCO,-0.152,,
NYSE:DKL,25 Jun 2026,$49.01,1,,,2.95,$55.47,-11.65%,,,,$56.57,1.98%,$0.00,-100.00%,$0.00,-100.00%,DKL,NYSE:DKL,0.189,$52.83,
NASDAQ:DKNG,18 Aug 2025,$46.45,3,$54.69,7,2.43,$24.29,91.23%,,,,$24.37,0.33%,$0.00,-100.00%,$0.00,-100.00%,DKNG,NASDAQ:DKNG,-0.144,$34.98,56.35%
NYSE:DLX,17 Jul 2026,$28.09,3,,5,2.31,$23.10,21.60%,,,,$23.72,2.68%,$0.00,-100.00%,$0.00,-100.00%,DLX,NYSE:DLX,-0.195,$32.67,
NASDAQ:DMLP,20 Sep 2025,$25.83,1,$25.30,1,1.64,$28.91,-12.49%,,,,$28.48,-1.49%,$0.00,-100.00%,$0.00,-100.00%,DMLP,NASDAQ:DMLP,-0.343,,
NASDAQ:DMRC,14 Jan 2026,$14.02,3,$10.00,2,1.37,$5.98,67.22%,,,,$5.93,-0.84%,$0.00,-100.00%,$0.00,-100.00%,DMRC,NASDAQ:DMRC,-0.613,$11.50,-13.04%
NYSEAMERICAN:DNN,31 Jul 2024,$1.76,0,,,,$3.39,-48.08%,,,,,-100.00%,-$2.00,-159.00%,-$2.00,-159.00%,DNN,NYSEAMERICAN:DNN,-2.000,,
NASDAQ:DNUT,22 Dec 2023,$17.24,4,,,0.89,$3.42,404.04%,,,,$3.34,-2.34%,$0.00,-100.00%,$0.00,-100.00%,DNUT,NASDAQ:DNUT,-0.792,$4.25,
NYSE:DOLE,6 Mar 2026,$17.35,3,$14.00,4,1.50,$13.85,1.08%,,,,$13.65,-1.44%,$0.00,-100.00%,$0.00,-100.00%,DOLE,NYSE:DOLE,-0.524,$17.44,-19.72%
NYSE:DOV,11 Nov 2025,$186.11,3,$210.90,7,2.43,$194.23,-4.18%,,,,$199.69,2.81%,$247.06,27.20%,$285.68,47.08%,DOV,NYSE:DOV,-0.115,$246.89,-14.58%
NASDAQ:DOX,21 May 2026,$85.47,3,$74.50,10,2.28,$63.06,18.14%,,,,$63.32,0.41%,$0.00,-100.00%,$0.00,-100.00%,DOX,NASDAQ:DOX,-0.179,$79.25,-5.99%
NASDAQ:DOYU,2 Apr 2025,$7.06,3,$9.75,9,,$4.30,64.09%,,,,,-100.00%,-$2.00,-146.51%,-$2.00,-146.51%,DOYU,NASDAQ:DOYU,-2.000,,
NASDAQ:DPZ,9 Apr 2025,$433.44,3,$487.39,9,1.90,$342.06,26.71%,,,,$338.24,-1.12%,$507.57,48.39%,$548.57,60.37%,DPZ,NASDAQ:DPZ,-0.315,$380.29,28.16%
NYSE:DQ,9 Feb 2026,$22.12,3,$28.07,5,2.21,$12.89,71.61%,,,,$13.57,5.28%,$63.07,389.30%,$118.59,820.00%,DQ,NYSE:DQ,-0.241,$22.35,25.59%
NYSE:DRD,28 Feb 2024,$9.55,4,,,,$28.23,-66.18%,,,,$0.00,-100.00%,$0.00,-100.00%,$0.00,-100.00%,DRD,NYSE:DRD,-1.039,$35.00,
NYSE:DRH,23 Dec 2025,$11.46,5,$9.65,3,,$12.31,-21.61%,,,,,-100.00%,-$2.00,-116.25%,-$2.00,-116.25%,DRH,NASDAQ:DRH,-2.000,,
NYSE:DRI,18 Sep 2025,$167.77,1,,,2.07,$214.26,-21.70%,,,,$212.57,-0.79%,$275.93,28.78%,$349.45,63.09%,DRI,NYSE:DRI,-0.229,$230.68,
NASDAQ:DRVN,4 Apr 2025,$17.90,3,$19.91,7,2.32,$12.42,44.12%,,,,$12.55,1.05%,$0.00,-100.00%,$0.00,-100.00%,DRVN,NASDAQ:DRVN,-0.179,$16.61,19.87%
NYSE:DSX,5 Mar 2026,$3.21,4,,,0.92,$2.73,17.58%,,,,$2.65,-2.93%,$0.00,-100.00%,$0.00,-100.00%,DSX,NYSE:DSX,-0.810,$3.80,
NYSE:DT,10 Feb 2026,$53.18,3,$54.08,8,2.03,$54.59,-2.58%,,,,$53.69,-1.65%,$0.00,-100.00%,$0.00,-100.00%,DT,NYSE:DT,-0.247,$58.88,-8.15%
NYSE:DUK,19 Sep 2025,$124.46,3,$130.90,7,1.65,$119.91,3.79%,,,,$119.85,-0.05%,$0.00,-100.00%,$0.00,-100.00%,DUK,NYSE:DUK,-0.434,$137.28,-4.65%
NASDAQ:DUOL,8 Feb 2026,$234.17,3,$232.22,4,2.08,$148.36,56.52%,,,,$143.99,-2.95%,$0.00,-100.00%,$0.00,-100.00%,DUOL,NASDAQ:DUOL,-0.179,$127.62,81.96%
NASDAQ:DVLT,14 Jan 2026,$1.31,3,,,1.16,$0.30,338.30%,,,,$0.27,-10.00%,$0.00,-100.00%,$0.00,-100.00%,DVLT,NASDAQ:DVLT,-0.707,$2.50,
NYSE:DVN,27 Jan 2026,$43.47,4,$43.37,10,2.49,$48.51,-10.60%,,,,$47.24,-2.62%,$0.00,-100.00%,$0.00,-100.00%,DVN,NYSE:DVN,-0.078,$59.54,-27.16%
NASDAQ:DXCM,11 Dec 2025,$71.56,4,$85.74,7,1.19,$91.06,-21.41%,,,,$88.25,-3.09%,$116.65,28.10%,$128.30,40.90%,DXCM,NASDAQ:DXCM,-0.612,$94.12,-8.90%
NYSE:DY,23 Aug 2024,$143.30,1,,,2.53,$291.21,-50.79%,,,,$293.68,0.85%,$0.00,-100.00%,$0.00,-100.00%,DY,NYSE:DY,-0.099,$541.73,
NASDAQ:EA,2 Jan 2026,$198.31,3,,,,,#DIV/0!,,,,,#DIV/0!,-$2.00,#DIV/0!,-$2.00,#DIV/0!,EA,NASDAQ:EA,-2.000,,
NASDAQ:EBAY,22 Feb 2026,$73.85,1,$99.00,7,1.75,$103.56,-28.69%,,,,$103.01,-0.53%,$0.00,-100.00%,$0.00,-100.00%,EBAY,NASDAQ:EBAY,-0.381,$116.15,-14.77%
NASDAQ:EBC,1 Jun 2026,$20.59,3,$22.75,7,1.71,$21.96,-6.23%,,,,$22.31,1.59%,$0.00,-100.00%,$0.00,-100.00%,EBC,NASDAQ:EBC,-0.404,$25.12,-9.43%
NYSE:EBF,23 Jun 2026,$22.32,4,,,2.16,$21.34,4.59%,,,,$21.50,0.75%,$50.75,137.81%,$57.30,168.52%,EBF,NYSE:EBF,-0.203,$24.00,
NYSE:EBS,5 Jan 2026,$13.61,3,$15.00,5,2.90,$6.10,123.17%,,,,$6.21,1.80%,$0.00,-100.00%,$0.00,-100.00%,EBS,NYSE:EBS,0.068,$11.00,36.36%
NYSE:ECO,5 Mar 2026,$47.32,2,,,3.68,$66.74,-29.10%,,,,$69.87,4.69%,$0.00,-100.00%,$0.00,-100.00%,ECO,NYSE:ECO,0.474,$75.00,
NASDAQ:ECPG,23 Jun 2026,$78.21,3,$113.33,10,2.63,$97.01,-19.38%,,,,$100.06,3.14%,$0.00,-100.00%,$0.00,-100.00%,ECPG,NASDAQ:ECPG,-0.007,$115.67,-2.02%
NASDAQ:ECX,10 Sep 2025,$1.94,4,,3,,$1.04,86.92%,,,,,-100.00%,-$2.00,-292.31%,-$2.00,-292.31%,ECX,NASDAQ:ECX,-2.000,,
NYSE:ED,16 Sep 2025,$102.44,3,$102.88,2,2.71,$107.02,-4.28%,,,,$109.55,2.36%,$0.00,-100.00%,$0.00,-100.00%,ED,NYSE:ED,0.065,$110.28,-6.71%
NYSE:EDN,16 Dec 2025,$46.50,3,,5,1.70,$23.61,96.95%,,,,$22.85,-3.22%,$0.00,-100.00%,$0.00,-100.00%,EDN,NYSE:EDN,-0.468,$38.50,
NYSE:EDU,19 Aug 2025,$59.25,3,,,1.36,$57.70,2.69%,,,,$57.01,-1.20%,$0.00,-100.00%,$0.00,-100.00%,EDU,NYSE:EDU,-0.591,$73.30,
NASDAQ:EEFT,11 Feb 2026,$105.16,3,$96.80,7,2.13,$69.51,39.26%,,,,$69.02,-0.70%,$0.00,-100.00%,$0.00,-100.00%,EEFT,NASDAQ:EEFT,-0.241,$86.67,11.69%
NYSE:EFX,10 May 2024,$252.67,3,,,1.88,$189.16,33.57%,,,,$192.07,1.54%,$248.84,31.55%,$354.78,87.55%,EFX,NYSE:EFX,-0.324,$211.52,
NASDAQ:EGAN,28 Jan 2026,$10.58,3,$15.17,6,,$7.46,41.82%,,,,,-100.00%,-$2.00,-126.81%,-$2.00,-126.81%,EGAN,NASDAQ:EGAN,-2.000,,
NASDAQ:EGBN,23 Dec 2025,$22.58,3,$18.50,6,1.64,$27.29,-32.21%,,,,$27.46,0.62%,$0.00,-100.00%,$0.00,-100.00%,EGBN,NASDAQ:EGBN,-0.434,$31.00,-40.32%
NASDAQ:EGHT,22 Jan 2026,$2.71,3,$2.25,3,1.73,$1.88,19.68%,,,,$1.98,5.32%,$0.00,-100.00%,$0.00,-100.00%,EGHT,NASDAQ:EGHT,-0.448,$2.58,-12.79%
NYSE:EGY,26 Aug 2025,$6.31,3,,,2.50,$5.94,6.15%,,,,$5.75,-3.20%,$0.00,-100.00%,$0.00,-100.00%,EGY,NYSE:EGY,-0.111,$9.88,
NASDAQ:EH,3 Sep 2025,$17.27,3,,,1.47,$4.49,284.52%,,,,$4.40,-2.00%,$0.00,-100.00%,$0.00,-100.00%,EH,NASDAQ:EH,-0.568,$11.38,
NYSE:EHC,31 Dec 2025,$95.51,2,$145.00,8,2.40,$120.21,-20.55%,,,,$120.35,0.12%,$0.00,-100.00%,$0.00,-100.00%,EHC,NYSE:EHC,-0.119,$148.17,-2.14%
NYSE:EIX,29 Jun 2026,$78.39,4,$76.14,4,1.93,$53.98,41.05%,,,,$69.18,28.16%,-$31.10,-157.62%,-$76.61,-241.92%,EIX,NYSE:EIX,-0.366,$76.25,-0.14%
NYSE:EL,18 Aug 2025,$118.27,3,$95.25,6,1.40,$102.30,-6.89%,,,,$102.35,0.05%,$0.00,-100.00%,$0.00,-100.00%,EL,NYSE:EL,-0.520,$106.46,-10.53%
NYSE:ELF,18 Aug 2025,$118.35,3,,,1.03,$109.05,8.52%,,,,$102.81,-5.72%,$0.00,-100.00%,$0.00,-100.00%,ELF,NYSE:ELF,-0.654,$98.56,
NYSE:ELME,4 Aug 2026,$2.41,4,,4,3.76,$1.68,43.59%,43.59%,$2.41,$18.00,$1.73,2.98%,$0.00,-100.00%,$0.00,-100.00%,ELME,NYSE:ELME,0.450,$18.00,
NYSE:ELP,13 Feb 2025,$6.84,3,$8.20,6,,,#DIV/0!,,,,,#DIV/0!,-$2.00,#DIV/0!,-$2.00,#DIV/0!,ELP,NYSE:ELP,-2.000,,
NYSE:ELS,19 Sep 2025,$70.10,5,$67.65,7,1.99,$63.45,6.62%,,,,$63.98,0.84%,$0.00,-100.00%,$0.00,-100.00%,ELS,NYSE:ELS,-0.272,$70.63,-4.22%
NASDAQ:ELVR,11 Dec 2025,$44.92,3,,,,$59.30,-24.25%,,,,,-100.00%,-$2.00,-103.37%,-$2.00,-103.37%,ELVR,NASDAQ:ELVR,-2.000,,
NYSE:EME,23 Aug 2025,$518.72,1,$670.50,8,2.84,$734.54,-29.38%,,,,$798.68,8.73%,"$1,015.52",38.25%,"$1,093.35",48.85%,EME,NYSE:EME,0.042,"$1,033.29",-35.11%
NYSE:EMR,19 Nov 2025,$120.30,2,$146.64,9,1.56,$152.44,-21.08%,,,,$154.38,1.27%,$0.00,-100.00%,$0.00,-100.00%,EMR,NYSE:EMR,-0.467,$171.44,-14.47%
NYSE:ENB,19 Aug 2025,$43.53,2,,,1.32,$50.57,-13.92%,,,,$49.75,-1.62%,$0.00,-100.00%,$0.00,-100.00%,ENB,NYSE:ENB,-0.555,$52.83,
NYSE:ENOV,11 Dec 2025,$37.01,3,$49.00,5,2.11,$24.59,50.52%,,,,$24.95,1.46%,$0.00,-100.00%,$0.00,-100.00%,ENOV,NYSE:ENOV,-0.283,$40.83,20.01%
NYSE:ENS,11 Mar 2026,$152.00,3,,,2.79,$183.86,-17.33%,,,,$194.62,5.85%,$0.00,-100.00%,$0.00,-100.00%,ENS,NYSE:ENS,0.022,$252.58,
NASDAQ:ENSG,3 Jul 2025,$137.40,2,,,2.07,$172.26,-20.24%,,,,$172.82,0.33%,$247.56,43.71%,$281.72,63.54%,ENSG,NASDAQ:ENSG,-0.275,$220.00,
NASDAQ:ENTG,9 Feb 2026,$124.28,3,$123.14,3,1.86,$135.29,-8.98%,,,,$134.03,-0.93%,$0.00,-100.00%,$0.00,-100.00%,ENTG,NASDAQ:ENTG,-0.368,$173.36,-28.97%
NASDAQ:ENVX,20 Aug 2025,$9.75,3,,,2.06,$3.38,188.37%,,,,$3.37,-0.30%,$0.00,-100.00%,$0.00,-100.00%,ENVX,NASDAQ:ENVX,-0.305,$11.35,
NYSE:EOG,2 Jul 2026,$143.14,4,$155.08,6,2.70,$144.96,-1.25%,,,,$147.93,2.05%,$0.00,-100.00%,$0.00,-100.00%,EOG,NYSE:EOG,0.044,$159.96,-3.05%
NYSE:EPAC,11 Nov 2025,$44.87,3,$51.00,1,1.43,$37.32,20.24%,,,,$36.87,-1.21%,$76.51,105.00%,$81.83,119.27%,EPAC,NYSE:EPAC,-0.562,$48.00,6.25%
NYSE:EPAM,26 Mar 2026,$178.81,3,$199.40,8,3.04,$117.83,51.75%,,,,$117.94,0.09%,$0.00,-100.00%,$0.00,-100.00%,EPAM,NYSE:EPAM,0.209,$122.82,62.35%
NYSE:EQBK,16 Mar 2026,$41.43,3,$52.50,4,1.87,$49.36,-16.07%,,,,$49.63,0.55%,$0.00,-100.00%,$0.00,-100.00%,EQBK,NYSE:EQBK,-0.329,$54.86,-4.30%
NYSE:EQNR,9 Sep 2025,$26.30,4,$25.60,9,2.79,$42.80,-40.19%,,,,$42.30,-1.17%,$92.75,116.70%,$136.95,219.98%,EQNR,NYSE:EQNR,0.150,$34.74,-26.31%
NYSE:EQT,20 Aug 2025,$46.57,2,,,1.84,$54.18,-14.05%,,,,$54.58,0.74%,$61.24,13.03%,$102.55,89.28%,EQT,NYSE:EQT,-0.371,$67.68,
NASDAQ:ERIC,27 May 2026,$11.70,1,$10.60,8,1.59,$10.09,5.05%,,,,$9.92,-1.68%,$10.24,1.46%,$14.98,48.42%,ERIC,NASDAQ:ERIC,-0.416,$9.67,9.62%
NASDAQ:ERII,4 Sep 2025,$16.86,3,$17.00,6,1.37,$7.71,118.69%,,,,$7.72,0.13%,$0.00,-100.00%,$0.00,-100.00%,ERII,NASDAQ:ERII,-0.573,$9.33,82.21%
NYSE:ERO,2 Sep 2025,$21.17,3,$18.76,5,2.38,$37.13,-49.47%,,,,$38.90,4.77%,$0.00,-100.00%,$0.00,-100.00%,ERO,NYSE:ERO,-0.088,$39.20,-52.14%
NYSE:ESAB,23 Dec 2025,$119.83,3,$147.33,7,2.92,$75.38,58.97%,,,,$80.78,7.16%,$0.00,-100.00%,$0.00,-100.00%,ESAB,NYSE:ESAB,0.074,$131.18,12.31%
NYSE:ESE,29 Jan 2026,$185.93,2,$275.00,4,2.62,$273.03,-31.90%,,,,$278.85,2.13%,$0.00,-100.00%,$0.00,-100.00%,ESE,NYSE:ESE,-0.057,$390.75,-29.62%
NASDAQ:ESEA,5 Mar 2026,$65.04,3,,,1.66,$76.83,-15.35%,,,,$76.27,-0.73%,$0.00,-100.00%,$0.00,-100.00%,ESEA,NASDAQ:ESEA,-0.430,$89.00,
NASDAQ:ESLT,24 Oct 2025,$494.42,3,,,2.80,$700.51,-29.42%,,,,$731.35,4.40%,$0.00,-100.00%,$0.00,-100.00%,ESLT,NASDAQ:ESLT,0.074,$816.33,
NYSE:ESNT,23 Jun 2026,$59.83,4,$68.00,1,1.78,$67.56,-11.45%,,,,$69.04,2.19%,$0.00,-100.00%,$0.00,-100.00%,ESNT,NYSE:ESNT,-0.367,$74.71,-8.98%
NASDAQ:ESQ,21 Oct 2025,$91.76,3,$110.00,5,1.57,$111.72,-17.86%,,,,$112.02,0.27%,$0.00,-100.00%,$0.00,-100.00%,ESQ,NASDAQ:ESQ,-0.471,$130.00,-15.38%
NYSE:ESS,16 Sep 2025,$294.27,5,$293.97,7,1.86,$282.96,3.89%,,,,$281.29,-0.59%,$304.31,7.55%,$393.89,39.20%,ESS,NYSE:ESS,-0.323,$304.99,-3.61%
NASDAQ:ESTA,4 Dec 2025,$72.19,3,$71.75,6,1.77,$69.33,3.49%,,,,$70.42,1.57%,$0.00,-100.00%,$0.00,-100.00%,ESTA,NASDAQ:ESTA,-0.435,$102.44,-29.96%
NYSE:ESTC,19 Aug 2025,$94.39,3,$107.50,2,0.80,$97.55,-3.24%,,,,$95.47,-2.13%,$0.00,-100.00%,$0.00,-100.00%,ESTC,NYSE:ESTC,-0.746,$84.41,27.35%
NYSE:ET,2 Jul 2026,$19.05,1,,,2.31,$21.51,-11.44%,,,,$21.47,-0.19%,$0.00,-100.00%,$0.00,-100.00%,ET,NYSE:ET,-0.138,$24.53,
NYSE:ETD,11 Nov 2024,$36.07,4,,,1.32,$23.65,52.49%,,,,$23.25,-1.69%,$47.60,101.27%,$49.06,107.43%,ETD,NYSE:ETD,-0.533,$22.00,
NYSE:ETN,11 Nov 2025,$317.45,1,,,2.55,$401.88,-21.01%,,,,$407.84,1.48%,$0.00,-100.00%,$0.00,-100.00%,ETN,NYSE:ETN,-0.041,$477.37,
NYSE:ETR,24 Oct 2025,$79.12,1,,,2.70,$106.31,-25.58%,,,,$109.61,3.10%,$0.00,-100.00%,$0.00,-100.00%,ETR,NYSE:ETR,0.033,$123.33,
NASDAQ:EVCM,9 Feb 2026,$14.79,3,$12.00,3,1.43,$8.87,35.29%,,,,$9.10,2.59%,$0.00,-100.00%,$0.00,-100.00%,EVCM,NASDAQ:EVCM,-0.553,$11.00,9.09%
NYSE:EVTC,11 Feb 2026,$34.62,3,$30.50,4,1.70,$29.63,2.94%,,,,$29.40,-0.78%,$0.00,-100.00%,$0.00,-100.00%,EVTC,NYSE:EVTC,-0.423,$35.60,-14.33%
NYSE:EVTL,1 Sep 2025,$5.43,3,$11.60,5,2.04,$0.68,698.53%,,,,$0.67,-1.47%,$0.00,-100.00%,$0.00,-100.00%,EVTL,NYSE:EVTL,-0.317,$7.84,47.96%
NYSE:EW,11 Dec 2025,$87.08,3,$95.29,8,1.95,$90.75,-4.05%,,,,$90.09,-0.73%,$0.00,-100.00%,$0.00,-100.00%,EW,NYSE:EW,-0.291,$100.96,-5.62%
NASDAQ:EWBC,18 Mar 2026,$117.29,3,,,2.08,$126.86,-7.54%,,,,$130.11,2.56%,$0.00,-100.00%,$0.00,-100.00%,EWBC,NASDAQ:EWBC,-0.246,$148.25,
NASDAQ:EXC,28 Apr 2026,$47.55,3,$50.83,5,2.52,$43.72,8.75%,,,,$44.27,1.26%,$0.00,-100.00%,$0.00,-100.00%,EXC,NASDAQ:EXC,-0.042,$48.88,3.99%
NASDAQ:EXE,22 Jan 2026,$97.25,3,$133.00,9,2.18,$98.16,-0.92%,,,,$98.40,0.24%,$119.94,22.19%,$234.74,139.14%,EXE,NASDAQ:EXE,-0.225,$125.52,5.96%
NASDAQ:EXFY,9 Feb 2026,$2.87,3,$5.00,2,,$2.52,13.89%,,,,$0.00,-100.00%,$0.00,-100.00%,$0.00,-100.00%,EXFY,NASDAQ:EXFY,-1.020,$2.83,76.68%
NYSE:EXK,12 Aug 2025,$5.26,3,,,2.19,$10.71,-50.88%,,,,$10.60,-1.03%,$0.00,-100.00%,$0.00,-100.00%,EXK,NYSE:EXK,-0.249,$15.50,
NASDAQ:EXLS,24 Feb 2026,$44.69,5,$53.00,3,1.71,$38.08,17.36%,,,,$38.26,0.47%,$64.31,68.88%,$70.78,85.86%,EXLS,NASDAQ:EXLS,-0.409,$44.38,19.42%
NYSE:EXP,23 Aug 2025,$240.86,4,$230.75,1,2.26,$194.26,18.78%,,,,$197.75,1.80%,$0.00,-100.00%,$0.00,-100.00%,EXP,NYSE:EXP,-0.167,$225.30,2.42%
NASDAQ:EXPE,4 Mar 2026,$219.55,3,$275.04,6,0.92,$317.12,-30.77%,,,,$311.96,-1.63%,$0.00,-100.00%,$0.00,-100.00%,EXPE,NASDAQ:EXPE,-0.741,$337.66,-18.55%
NYSE:EXR,12 Oct 2025,$164.54,3,$156.20,5,2.13,$141.10,10.70%,,,,$143.93,2.01%,$0.00,-100.00%,$0.00,-100.00%,EXR,NYSE:EXR,-0.213,$158.70,-1.58%
NYSE:F,15 Dec 2025,$13.76,1,,1,2.30,$13.94,-1.29%,,,,$13.95,0.07%,-$19.84,-242.29%,$0.68,-95.12%,F,NYSE:F,-0.140,$15.73,
NASDAQ:FANG,20 Sep 2025,$163.23,3,$183.50,2,1.77,$200.48,-18.58%,,,,$197.64,-1.42%,$0.00,-100.00%,$0.00,-100.00%,FANG,NASDAQ:FANG,-0.381,$232.54,-21.09%
NASDAQ:FAST,14 Jun 2024,$55.48,2,,,1.67,$49.31,12.51%,,,,$49.85,1.10%,$54.98,11.49%,$57.58,16.77%,FAST,NASDAQ:FAST,-0.390,$48.53,
NYSE:FBIN,28 Apr 2026,$58.23,5,$48.75,6,1.64,$44.33,9.97%,,,,$44.91,1.31%,$0.00,-100.00%,$0.00,-100.00%,FBIN,NYSE:FBIN,-0.470,$57.27,-14.88%
NASDAQ:FBIZ,8 Oct 2025,$51.75,3,$58.00,7,2.26,$69.87,-25.93%,,,,$70.72,1.22%,-$78.20,-211.92%,-$70.61,-201.07%,FBIZ,NASDAQ:FBIZ,-0.159,$79.20,-26.77%
NASDAQ:FBNC,7 Oct 2025,$47.21,3,,,3.12,$63.43,-25.57%,,,,$65.51,3.28%,$0.00,-100.00%,$0.00,-100.00%,FBNC,NASDAQ:FBNC,0.233,$69.40,
NYSE:FBP,27 May 2026,$27.08,3,$26.00,6,3.04,$27.88,-6.74%,,,,$28.67,2.83%,$0.00,-100.00%,$0.00,-100.00%,FBP,NYSE:FBP,0.187,$31.71,-18.01%
NYSE:FC,15 Oct 2025,$24.97,3,$32.00,4,1.84,$20.35,22.70%,,,,$20.34,-0.05%,$39.93,96.21%,$18.77,-7.78%,FC,NYSE:FC,-0.406,$31.00,3.23%
NASDAQ:FCBC,21 Oct 2025,$36.41,3,,5,1.79,$48.49,-24.91%,,,,$49.05,1.15%,$0.00,-100.00%,$0.00,-100.00%,FCBC,NASDAQ:FCBC,-0.343,$50.00,
NASDAQ:FCCO,2 Oct 2025,$26.67,3,$30.00,7,1.78,$33.10,-19.44%,,,,$33.22,0.36%,$0.00,-100.00%,$0.00,-100.00%,FCCO,NASDAQ:FCCO,-0.375,$37.83,-20.70%
NYSE:FCF,18 Nov 2025,$17.15,3,$19.00,3,1.90,$20.70,-17.15%,,,,$20.85,0.72%,$0.00,-100.00%,$0.00,-100.00%,FCF,NYSE:FCF,-0.325,$24.08,-21.10%
NYSE:FCN,13 Nov 2025,$198.73,3,$165.00,9,1.77,$150.57,9.58%,,,,$151.86,0.86%,$314.60,108.94%,$336.82,123.70%,FCN,NYSE:FCN,-0.382,$175.50,-5.98%
NYSE:FCPT,4 Sep 2025,$29.64,4,$29.40,6,1.77,$24.88,18.17%,,,,$25.25,1.49%,$0.00,-100.00%,$0.00,-100.00%,FCPT,NYSE:FCPT,-0.378,$28.22,4.18%
NYSE:FDP,13 Nov 2025,$39.53,3,,4,,,#DIV/0!,,,,,#DIV/0!,-$2.00,#DIV/0!,-$2.00,#DIV/0!,FDP,NYSE:FDP,-2.000,,
NYSE:FE,19 Sep 2025,$47.44,4,$46.00,7,1.57,$45.86,0.31%,,,,$45.70,-0.35%,-$20.23,-144.10%,-$3.65,-107.95%,FE,NYSE:FE,-0.471,$53.17,-13.49%
NASDAQ:FELE,6 Nov 2025,$93.75,3,,,1.50,$100.09,-6.33%,,,,$99.83,-0.26%,$157.75,57.61%,$172.50,72.35%,FELE,NASDAQ:FELE,-0.508,$118.50,
NYSE:FERG,8 Jul 2024,$169.94,2,,,1.98,$224.51,-24.31%,,,,$229.12,2.05%,$0.00,-100.00%,$0.00,-100.00%,FERG,NYSE:FERG,-0.314,$288.10,
NYSE:FF,15 May 2025,$5.93,5,,7,1.69,$5.27,12.52%,,,,$5.15,-2.28%,$0.00,-100.00%,$0.00,-100.00%,FF,NYSE:FF,-0.470,$14.00,
NASDAQ:FFAI,15 Dec 2025,$1.88,3,,,1.94,$2.26,-16.86%,,,,$2.17,-3.98%,$0.00,-100.00%,$0.00,-100.00%,FFAI,NASDAQ:FFAI,-0.359,$48.00,
NASDAQ:FFBC,20 Mar 2026,$29.92,3,$31.67,5,2.32,$32.63,-8.31%,,,,$32.96,1.01%,$0.00,-100.00%,$0.00,-100.00%,FFBC,NASDAQ:FFBC,-0.134,$37.57,-15.70%
NASDAQ:FFIC,27 Oct 2025,$16.10,4,$15.00,5,,,#DIV/0!,,,,,#DIV/0!,-$2.00,#DIV/0!,-$2.00,#DIV/0!,FFIC,NASDAQ:FFIC,-2.000,,
NASDAQ:FFIN,19 Nov 2025,$32.29,3,$37.50,5,1.81,$33.23,-2.83%,,,,$33.21,-0.06%,$0.00,-100.00%,$0.00,-100.00%,FFIN,NASDAQ:FFIN,-0.353,$36.67,2.26%
NYSE:FFWM,18 Nov 2025,$6.01,3,$6.38,5,,,#DIV/0!,,,,,#DIV/0!,-$2.00,#DIV/0!,-$2.00,#DIV/0!,FFWM,NYSE:FFWM,-2.000,,
NASDAQ:FHB,16 Apr 2026,$28.27,3,$26.67,2,2.71,$25.61,4.14%,,,,$26.44,3.24%,$0.00,-100.00%,$0.00,-100.00%,FHB,NASDAQ:FHB,0.026,$30.78,-13.35%
NYSE:FHN,28 May 2026,$23.86,3,$26.61,3,1.96,$24.32,-1.88%,,,,$24.52,0.82%,$0.00,-100.00%,$0.00,-100.00%,FHN,NYSE:FHN,-0.298,$28.11,-5.34%
NASDAQ:FIBK,27 May 2026,$35.12,3,$36.60,3,1.83,$36.81,-4.59%,,,,$37.15,0.92%,$0.00,-100.00%,$0.00,-100.00%,FIBK,NASDAQ:FIBK,-0.326,$37.50,-2.40%
NYSE:FIG,29 Jan 2026,$46.89,3,$51.00,5,0.80,$27.49,70.56%,,,,$28.23,2.69%,$0.00,-100.00%,$0.00,-100.00%,FIG,NYSE:FIG,-0.806,$30.80,65.58%
NYSE:FINV,24 Oct 2025,$5.94,3,,6,0.87,$3.67,61.85%,,,,$3.28,-10.63%,$0.00,-100.00%,$0.00,-100.00%,FINV,NYSE:FINV,-0.834,$6.11,
NYSE:FIS,11 Feb 2026,$71.87,3,,,2.40,$40.77,76.28%,,,,$41.04,0.66%,$0.00,-100.00%,$0.00,-100.00%,FIS,NYSE:FIS,-0.119,$50.35,
NASDAQ:FISI,20 Oct 2025,$28.36,3,$30.00,5,1.07,$40.52,-30.01%,,,,$40.40,-0.30%,$0.00,-100.00%,$0.00,-100.00%,FISI,NASDAQ:FISI,-0.683,$45.00,-33.33%
NASDAQ:FITB,27 May 2026,$50.92,3,$57.17,9,1.52,$54.54,-6.64%,,,,$54.10,-0.81%,$0.00,-100.00%,$0.00,-100.00%,FITB,NASDAQ:FITB,-0.493,$62.90,-9.11%
NYSE:FIX,23 Aug 2025,$534.79,1,$736.60,8,2.45,"$1,545.62",-65.40%,,,,"$1,531.94",-0.89%,"$3,079.45",99.24%,"$3,151.76",103.92%,FIX,NYSE:FIX,-0.133,"$2,197.00",-66.47%
NASDAQ:FIZZ,17 Mar 2026,$41.05,3,$35.00,2,1.31,$31.63,10.65%,,,,$32.16,1.68%,$59.71,88.79%,$63.84,101.83%,FIZZ,NASDAQ:FIZZ,-0.561,$33.00,6.06%
NASDAQ:FLEX,5 Feb 2026,$63.22,2,$73.75,6,2.72,$109.25,-42.13%,,,,$111.74,2.28%,$115.32,5.56%,$140.13,28.27%,FLEX,NASDAQ:FLEX,-0.012,$160.50,-54.05%
NYSE:FLG,21 Oct 2025,$10.62,3,$13.90,6,1.23,$13.31,-20.21%,,,,$13.27,-0.30%,$0.00,-100.00%,$0.00,-100.00%,FLG,NYSE:FLG,-0.635,$16.26,-14.51%
NYSE:FLR,20 Aug 2025,$51.95,5,,5,1.72,$54.51,-4.69%,,,,$53.08,-2.62%,$0.00,-100.00%,$0.00,-100.00%,FLR,NYSE:FLR,-0.392,$60.69,
NYSE:FLS,23 Aug 2024,$48.32,3,,,1.89,$79.09,-38.90%,,,,$79.85,0.96%,$111.13,40.52%,$123.92,56.68%,FLS,NYSE:FLS,-0.321,$89.10,
NYSE:FLUT,18 Sep 2025,$272.62,3,,,2.06,$100.18,172.13%,,,,$95.70,-4.47%,$0.00,-100.00%,$0.00,-100.00%,FLUT,NYSE:FLUT,-0.307,$140.14,
NASDAQ:FMBH,28 Apr 2026,$47.14,3,,,1.89,$49.76,-5.27%,,,,$49.17,-1.19%,$0.00,-100.00%,$0.00,-100.00%,FMBH,NASDAQ:FMBH,-0.326,$56.50,
NASDAQ:FMNB,18 Mar 2026,$14.01,3,$14.50,6,1.52,$15.61,-10.24%,,,,$15.67,0.38%,$0.00,-100.00%,$0.00,-100.00%,FMNB,NASDAQ:FMNB,-0.476,$17.00,-14.71%
NYSE:FMS,16 Mar 2026,$34.95,5,$26.00,2,1.82,$22.74,14.34%,,,,$23.00,1.14%,$0.00,-100.00%,$0.00,-100.00%,FMS,NYSE:FMS,-0.352,$25.76,0.93%
NYSE:FMX,19 Mar 2026,$123.52,3,$128.33,8,1.65,$120.41,2.58%,,,,$119.67,-0.61%,$0.00,-100.00%,$0.00,-100.00%,FMX,NYSE:FMX,-0.425,$134.14,-4.33%
NYSE:FN,11 Dec 2025,$411.82,2,$533.80,8,2.68,$412.93,-0.27%,,,,$418.39,1.32%,$0.00,-100.00%,$0.00,-100.00%,FN,NYSE:FN,-0.029,$734.11,-27.29%
NYSE:FNB,30 Mar 2026,$17.16,3,$19.63,9,1.76,$18.23,-5.87%,,,,$18.44,1.15%,$0.00,-100.00%,$0.00,-100.00%,FNB,NYSE:FNB,-0.384,$21.06,-6.79%
NYSE:FNF,10 Apr 2025,$64.78,4,$70.33,4,2.38,$46.45,39.45%,,,,$47.94,3.21%,$0.00,-100.00%,$0.00,-100.00%,FNF,NYSE:FNF,-0.148,$61.40,14.54%
NASDAQ:FOSL,29 Aug 2025,$4.98,5,$5.00,7,1.96,$4.97,0.22%,,,,$5.23,5.23%,$0.00,-100.00%,$0.00,-100.00%,FOSL,NASDAQ:FOSL,-0.350,$7.50,-33.33%
NASDAQ:FRHC,27 Aug 2025,$170.00,3,,,0.78,$175.01,-2.86%,,,,$163.82,-6.39%,$315.40,80.22%,$319.28,82.44%,FRHC,NASDAQ:FRHC,-0.700,$76.00,
NYSE:FRO,23 Jun 2026,$33.92,2,$43.67,8,3.10,$43.78,-22.51%,,,,$46.30,5.76%,$0.00,-100.00%,$0.00,-100.00%,FRO,NYSE:FRO,0.240,$45.00,-2.96%
NASDAQ:FRSH,27 Jan 2026,$14.36,3,$18.75,5,1.42,$13.92,3.15%,,,,$13.55,-2.66%,$0.00,-100.00%,$0.00,-100.00%,FRSH,NASDAQ:FRSH,-0.508,$14.38,30.39%
NYSE:FRT,23 Dec 2025,$100.99,1,,,2.93,$116.03,-12.96%,,,,$120.13,3.53%,$0.00,-100.00%,$0.00,-100.00%,FRT,NYSE:FRT,0.134,$133.25,
NASDAQ:FSBC,27 May 2026,$39.25,3,$44.83,7,1.88,$45.82,-14.34%,,,,$45.52,-0.65%,-$111.60,-343.56%,-$110.21,-340.52%,FSBC,NASDAQ:FSBC,-0.326,$52.00,-13.79%
NASDAQ:FSLR,11 Feb 2026,$209.76,2,,,3.13,$201.90,3.89%,,,,$215.46,6.72%,$563.24,178.97%,$638.16,216.08%,FSLR,NASDAQ:FSLR,0.178,$275.30,
NYSE:FSLY,19 Jan 2026,$10.88,4,$11.30,4,,$22.79,-52.27%,,,,,-100.00%,-$2.00,-108.78%,-$2.00,-108.78%,FSLY,NASDAQ:FSLY,-2.000,,
NYSE:FSM,14 Aug 2025,$6.09,3,$7.46,7,1.87,$12.08,-49.58%,,,,$12.13,0.41%,$0.00,-100.00%,$0.00,-100.00%,FSM,NYSE:FSM,-0.345,$14.50,-48.55%
NASDAQ:FSTR,4 Oct 2024,$28.19,4,,,2.17,$37.51,-24.84%,,,,$37.27,-0.64%,$0.00,-100.00%,$0.00,-100.00%,FSTR,NASDAQ:FSTR,-0.207,$44.00,
NASDAQ:FTAI,19 Aug 2025,$88.62,1,,,2.04,$190.10,-53.38%,,,,$194.00,2.05%,$127.37,-33.00%,$133.39,-29.83%,FTAI,NASDAQ:FTAI,-0.316,$368.10,
NASDAQ:FTDR,1 Jun 2026,$66.83,3,$74.50,7,,$80.87,-17.36%,,,,$0.00,-100.00%,$0.00,-100.00%,$0.00,-100.00%,FTDR,NASDAQ:FTDR,-1.051,$97.40,-23.51%
NASDAQ:FTEL,15 Dec 2025,$1.46,3,,,,,#DIV/0!,,,,,#DIV/0!,-$2.00,#DIV/0!,-$2.00,#DIV/0!,FTEL,NASDAQ:FTEL,-2.000,,
NYSE:FTI,21 Jul 2025,$33.54,3,$37.80,10,1.94,$78.15,-57.08%,,,,$75.77,-3.05%,$118.80,52.01%,$131.52,68.30%,FTI,NYSE:FTI,-0.265,$75.81,-50.14%
NYSE:FTK,29 Apr 2026,$14.15,3,$21.50,9,1.77,$23.72,-40.33%,,,,$23.72,0.00%,$0.00,-100.00%,$0.00,-100.00%,FTK,NYSE:FTK,-0.437,$38.25,-43.79%
NASDAQ:FTNT,4 Feb 2026,$100.54,5,$84.05,3,,$170.93,-50.83%,,,,$0.00,-100.00%,$238.28,39.40%,$238.87,39.74%,FTNT,NASDAQ:FTNT,-1.055,$160.86,-47.75%
NASDAQ:FTRE,27 Jun 2025,$13.66,3,$5.97,1,1.61,$18.37,-67.50%,,,,$18.47,0.54%,$35.30,92.16%,$37.16,102.28%,FTRE,NASDAQ:FTRE,-0.444,$20.55,-70.95%
NYSE:FTV,5 Feb 2026,$54.58,4,$55.50,8,1.81,$58.84,-7.24%,,,,$59.43,1.00%,$77.33,31.43%,$92.25,56.79%,FTV,NYSE:FTV,-0.348,$64.31,-13.70%
NYSE:FUBO,4 Apr 2025,$4.27,3,$4.85,8,2.32,$10.53,-59.50%,,,,$10.18,-3.32%,$0.00,-100.00%,$0.00,-100.00%,FUBO,NYSE:FUBO,-0.193,$17.00,-71.47%
NASDAQ:FUFU,19 Aug 2025,$4.77,4,$6.00,5,,$1.33,258.87%,,,,,-100.00%,-$2.00,-250.38%,-$2.00,-250.38%,FUFU,NASDAQ:FUFU,-2.000,,
NYSE:FUL,26 May 2026,$68.79,4,$73.00,6,2.34,$54.95,25.19%,,,,$56.87,3.49%,$84.01,52.88%,$140.49,155.67%,FUL,NYSE:FUL,-0.168,$73.29,-0.40%
NASDAQ:FULT,18 Mar 2026,$21.38,4,$23.00,5,2.47,$23.46,-8.87%,,,,$23.95,2.09%,$0.00,-100.00%,$0.00,-100.00%,FULT,NASDAQ:FULT,-0.064,$26.50,-13.21%
NASDAQ:FUNC,23 Dec 2025,$39.14,3,$42.00,6,,$42.90,-8.76%,,,,,-100.00%,-$2.00,-104.66%,-$2.00,-104.66%,FUNC,NASDAQ:FUNC,-2.000,,
NASDAQ:FUTU,27 Aug 2025,$135.45,1,,,1.56,$122.14,10.90%,,,,$122.97,0.68%,$0.00,-100.00%,$0.00,-100.00%,FUTU,NASDAQ:FUTU,-0.510,$161.00,
NYSE:G,18 May 2026,$44.63,3,$40.00,3,1.64,$37.98,5.32%,,,,$37.77,-0.55%,$0.00,-100.00%,$0.00,-100.00%,G,NYSE:G,-0.430,$42.18,-5.17%
NASDAQ:GABC,27 May 2026,$45.62,3,$49.00,6,1.57,$49.32,-7.49%,,,,$49.48,0.32%,$0.00,-100.00%,$0.00,-100.00%,GABC,NASDAQ:GABC,-0.465,$56.20,-12.81%
NASDAQ:GAIN,10 Jun 2024,$15.26,3,,,1.77,$16.56,-7.86%,,,,$16.48,-0.48%,$0.00,-100.00%,$0.00,-100.00%,GAIN,NASDAQ:GAIN,-0.351,$17.00,
NASDAQ:GAMB,28 Oct 2025,$12.14,5,$13.00,5,5.00,$1.84,559.89%,,,,$0.00,-100.00%,$8.38,355.46%,$1.11,-39.85%,GAMB,NASDAQ:GAMB,-1.000,$5.00,160.00%
NASDAQ:GAME,12 Oct 2025,$0.98,3,$1.75,5,1.52,$2.85,-65.59%,,,,$2.99,4.91%,$0.00,-100.00%,$0.00,-100.00%,GAME,NASDAQ:GAME,-0.545,$11.33,-84.55%
NASDAQ:GANX,23 Dec 2025,$5.20,3,$7.60,8,1.64,$1.80,188.61%,,,,$1.76,-2.22%,$0.00,-100.00%,$0.00,-100.00%,GANX,NASDAQ:GANX,-0.493,$7.20,5.56%
NYSE:GAP,16 Jul 2026,$29.07,5,$27.44,7,1.38,$22.31,22.99%,,,,$23.25,4.21%,$0.00,-100.00%,$0.00,-100.00%,GAP,NYSE:GAP,-0.552,$25.58,7.27%
NASDAQ:GASS,5 Mar 2026,$9.44,3,,,1.84,$9.56,-1.26%,,,,$9.48,-0.84%,$0.00,-100.00%,$0.00,-100.00%,GASS,NASDAQ:GASS,-0.405,$14.00,
NYSE:GBCI,21 Oct 2025,$45.69,3,$52.20,7,1.42,$46.31,-1.34%,,,,$46.68,0.80%,$0.00,-100.00%,$0.00,-100.00%,GBCI,NYSE:GBCI,-0.552,$56.83,-8.15%
NYSE:GBX,6 Feb 2026,$68.91,3,$49.00,3,1.99,$45.07,8.72%,,,,$45.91,1.86%,$72.97,61.90%,$117.10,159.83%,GBX,NYSE:GBX,-0.252,$45.33,8.10%
NASDAQ:GCT,11 Feb 2026,$42.86,3,$33.00,7,1.14,$48.53,-32.00%,,,,$51.13,5.36%,$0.00,-100.00%,$0.00,-100.00%,GCT,NASDAQ:GCT,-0.667,$57.00,-42.11%
NYSE:GCTS,2 Feb 2026,$1.46,3,$3.50,7,2.62,$1.80,-18.89%,,,,$1.87,3.89%,$0.00,-100.00%,$0.00,-100.00%,GCTS,NYSE:GCTS,-0.060,$3.20,9.38%
NYSE:GDDY,11 Feb 2026,$143.01,3,$171.11,7,0.97,$97.88,46.11%,,,,$94.79,-3.16%,$264.80,170.54%,$273.18,179.10%,GDDY,NYSE:GDDY,-0.716,$104.53,63.69%
NASDAQ:GDS,16 Feb 2026,$38.86,1,$51.45,10,2.43,$31.85,22.02%,,,,$33.60,5.49%,$0.00,-100.00%,$0.00,-100.00%,GDS,NASDAQ:GDS,-0.143,$51.39,0.12%
NASDAQ:GDYN,27 Jan 2026,$17.06,3,$12.25,1,1.64,$7.98,53.51%,,,,$7.83,-1.88%,$0.00,-100.00%,$0.00,-100.00%,GDYN,NASDAQ:GDYN,-0.441,$9.20,33.15%
NYSE:GEF,5 Sep 2025,$73.44,5,$80.00,2,2.04,$82.75,-11.25%,,,,$83.94,1.44%,$0.00,-100.00%,$0.00,-100.00%,GEF,NYSE:GEF,-0.240,$87.20,-8.26%
NYSE:GES,15 Aug 2025,$28.70,3,$13.00,5,2.98,$16.81,-22.67%,,,,$0.00,-100.00%,$45.42,170.23%,$56.13,233.89%,GES,NYSE:GES,-1.000,$16.75,-22.39%
NASDAQ:GFS,9 Feb 2026,$46.85,4,$39.80,4,3.21,$44.69,-10.94%,,,,$47.44,6.15%,$0.00,-100.00%,$0.00,-100.00%,GFS,NASDAQ:GFS,0.204,$76.76,-48.15%
NASDAQ:GGAL,11 Sep 2025,$34.39,3,$38.00,5,2.16,$43.75,-21.40%,,,,$41.98,-4.05%,$0.00,-100.00%,$0.00,-100.00%,GGAL,NASDAQ:GGAL,-0.262,$67.88,-44.02%
NYSE:GGB,4 Jan 2026,$3.55,3,$4.60,9,1.60,$4.61,-22.92%,,,,$4.54,-1.52%,$0.00,-100.00%,$0.00,-100.00%,GGB,NYSE:GGB,-0.465,$5.51,-16.52%
NYSE:GGG,6 Nov 2025,$84.33,3,$93.50,1,1.52,$77.43,8.91%,,,,$78.09,0.85%,$122.33,57.98%,$128.76,66.29%,GGG,NYSE:GGG,-0.499,$91.29,2.42%
NYSE:GHC,15 Oct 2025,$995.96,4,,4,2.15,"$1,128.89",-11.78%,,,,"$1,162.65",2.99%,"$1,803.94",59.80%,"$3,662.45",224.43%,GHC,NYSE:GHC,-0.149,$990.00,
NYSE:GHM,28 Oct 2025,$48.90,2,,,2.28,$87.21,-43.93%,,,,$86.80,-0.47%,$0.00,-100.00%,$0.00,-100.00%,GHM,NYSE:GHM,-0.210,$130.75,
NYSE:GIB,19 Jan 2026,$107.59,5,$129.19,3,1.56,$75.25,42.98%,,,,$74.44,-1.08%,$138.01,83.40%,$165.28,119.64%,GIB,NYSE:GIB,-0.462,$83.15,55.37%
NYSE:GIS,27 Mar 2026,$54.42,5,$40.93,2,1.48,$41.20,-0.66%,,,,$40.66,-1.31%,$38.47,-6.63%,$51.68,25.45%,GIS,NYSE:GIS,-0.455,$37.56,8.97%
NYSE:GKOS,11 Dec 2025,$119.46,3,$118.10,3,1.00,$179.56,-34.23%,,,,$175.69,-2.16%,$187.34,4.34%,$197.46,9.97%,GKOS,NYSE:GKOS,-0.711,$197.15,-40.10%
NASDAQ:GLDD,4 Nov 2025,$12.92,3,$14.00,7,3.00,$17.00,-24.00%,,,,$0.00,-100.00%,$34.78,104.60%,$43.55,156.16%,GLDD,NASDAQ:GLDD,-1.000,$17.00,-17.65%
NYSE:GLOB,4 May 2026,$71.94,3,$63.17,7,2.59,$40.71,55.17%,,,,$40.75,0.10%,$0.00,-100.00%,$0.00,-100.00%,GLOB,NYSE:GLOB,-0.042,$51.32,23.09%
NASDAQ:GLRE,13 Nov 2025,$15.68,4,,1,0.75,$15.16,3.43%,,,,$15.14,-0.13%,$0.00,-100.00%,$0.00,-100.00%,GLRE,NASDAQ:GLRE,-0.709,$1.00,
NYSE:GLW,26 Jan 2026,$93.28,1,,,1.88,$148.73,-37.28%,,,,$148.60,-0.09%,$217.00,45.90%,$246.37,65.65%,GLW,NYSE:GLW,-0.362,$191.40,
NYSE:GM,15 Dec 2025,$80.89,1,,1,2.69,$86.32,-6.29%,,,,$89.66,3.87%,$16.16,-81.28%,$151.92,75.99%,GM,NYSE:GM,0.023,$101.19,
NYSE:GME,23 Aug 2024,$28.89,3,,,1.43,$18.38,57.18%,,,,$17.87,-2.77%,$54.70,197.61%,$55.32,200.96%,GME,NYSE:GME,-0.437,$13.50,
NYSE:GMED,11 Dec 2025,$101.94,3,$94.50,9,2.46,$81.37,16.14%,,,,$82.79,1.75%,$0.00,-100.00%,$0.00,-100.00%,GMED,NYSE:GMED,-0.098,$103.23,-8.46%
NYSE:GMRE,23 Dec 2025,$53.07,3,$40.70,9,,,#DIV/0!,,,,,#DIV/0!,-$2.00,#DIV/0!,-$2.00,#DIV/0!,GMRE,NYSE:GMRE,-2.000,,
NASDAQ:GNLN,15 Jul 2025,$4.44,3,,,,$2.80,58.39%,,,,,-100.00%,-$2.00,-171.43%,-$2.00,-171.43%,GNLN,NASDAQ:GNLN,-2.000,,
NYSE:GNRC,11 Nov 2025,$159.25,3,$205.69,9,2.99,$185.38,-14.10%,,,,$202.62,9.30%,$219.03,18.15%,$223.74,20.69%,GNRC,NYSE:GNRC,0.106,$283.88,-27.54%
NYSEAMERICAN:GNS,18 Aug 2025,$0.99,,$1.00,3,,$0.18,450.00%,,,,,-100.00%,-$2.00,-1211.11%,-$2.00,-1211.11%,GNS,NYSEAMERICAN:GNS,-2.000,,
NYSE:GNTY,2 Oct 2025,$48.75,1,,,,,#DIV/0!,,,,,#DIV/0!,-$2.00,#DIV/0!,-$2.00,#DIV/0!,GNTY,NYSE:GNTY,-2.000,,
NASDAQ:GOOD,31 Aug 2025,$17.01,5,$15.00,5,2.31,$12.97,15.65%,,,,$13.15,1.39%,$0.00,-100.00%,$0.00,-100.00%,GOOD,NASDAQ:GOOD,-0.127,$14.12,6.23%
NASDAQ:GOOG,27 Feb 2026,$301.88,3,,,1.49,$335.41,-10.00%,,,,$336.39,0.29%,$500.00,49.07%,$552.60,64.75%,GOOG,NASDAQ:GOOG,-0.529,$422.34,
NASDAQ:GOOGL,17 Apr 2026,$309.14,3,$385.97,8,1.52,$339.35,-8.90%,,,,$339.54,0.06%,$494.60,45.75%,$544.15,60.35%,GOOGL,NASDAQ:GOOGL,-0.516,$428.07,-9.83%
NYSEAMERICAN:GORO,20 Aug 2025,$0.83,,$1.25,5,,$3.69,-77.51%,,,,,-100.00%,-$2.00,-154.20%,-$2.00,-154.20%,GORO,NYSEAMERICAN:GORO,-2.000,,
NYSE:GOTU,3 Sep 2025,$6.27,3,,4,,$1.91,228.22%,,,,,-100.00%,-$2.00,-204.71%,-$2.00,-204.71%,GOTU,NYSE:GOTU,-2.000,,
NYSE:GPC,14 Sep 2023,$168.90,4,,,1.95,$135.67,24.49%,,,,$136.27,0.44%,$95.88,-29.33%,$132.50,-2.34%,GPC,NYSE:GPC,-0.274,$140.38,
NYSE:GPOR,22 Jan 2026,$170.96,3,$231.50,7,1.54,$179.45,-4.73%,,,,$175.13,-2.41%,$0.00,-100.00%,$0.00,-100.00%,GPOR,NYSE:GPOR,-0.504,$225.33,2.74%
NYSE:GPRK,22 Sep 2025,$10.05,3,$7.75,2,0.94,$11.00,-29.55%,,,,$9.58,-12.91%,$0.00,-100.00%,$0.00,-100.00%,GPRK,NYSE:GPRK,-0.712,$10.80,-28.24%
NASDAQ:GPRO,27 Jan 2026,$1.35,3,$1.30,5,1.01,$0.88,47.73%,,,,$0.58,-34.09%,$0.00,-100.00%,$0.00,-100.00%,GPRO,NASDAQ:GPRO,-0.597,$0.50,160.00%
NASDAQ:GRAB,3 Sep 2025,$4.97,3,$6.03,6,1.17,$3.54,40.40%,,,,$3.54,0.00%,$0.00,-100.00%,$0.00,-100.00%,GRAB,NASDAQ:GRAB,-0.701,$5.86,2.90%
NYSE:GRBK,27 Feb 2026,$85.87,4,,8,0.69,$72.22,18.90%,,,,$71.03,-1.65%,$105.65,46.29%,$106.98,48.14%,GRBK,NYSE:GRBK,-0.796,$62.00,
NYSE:GRMN,2 Feb 2026,$214.19,3,$240.50,6,0.99,$284.11,-24.61%,,,,$281.72,-0.84%,$363.30,27.87%,$374.91,31.96%,GRMN,NYSE:GRMN,-0.697,$290.29,-17.15%
NYSE:GRND,27 Jan 2026,$13.86,3,$22.00,2,2.17,$15.48,-10.48%,,,,$15.60,0.78%,$0.00,-100.00%,$0.00,-100.00%,GRND,NYSE:GRND,-0.245,$20.80,5.77%
NYSE:GS,24 Feb 2026,$814.68,2,,,1.72,"$1,025.90",-20.59%,,,,"$1,034.14",0.80%,$0.00,-100.00%,$0.00,-100.00%,GS,NYSE:GS,-0.394,"$1,141.65",
NASDAQ:GSBC,27 May 2026,$73.74,3,$65.00,2,1.81,$78.27,-16.95%,,,,$78.90,0.80%,$0.00,-100.00%,$0.00,-100.00%,GSBC,NASDAQ:GSBC,-0.320,$76.00,-14.47%
NASDAQ:GSIT,28 Jan 2026,$9.51,3,,7,1.90,$5.54,71.61%,,,,$5.70,2.89%,$0.00,-100.00%,$0.00,-100.00%,GSIT,NASDAQ:GSIT,-0.376,$8.00,
NYSE:GSL,4 Mar 2026,$37.11,3,,5,2.61,$44.55,-16.69%,,,,$44.95,0.90%,$0.00,-100.00%,$0.00,-100.00%,GSL,NYSE:GSL,-0.007,$51.00,
NASDAQ:GSM,15 Aug 2025,$7.64,3,$4.00,4,1.69,$4.11,-2.68%,,,,$4.02,-2.19%,$0.00,-100.00%,$0.00,-100.00%,GSM,NASDAQ:GSM,-0.469,$6.00,-33.33%
NASDAQ:GT,20 Sep 2025,$10.53,4,$11.42,10,1.17,$6.27,67.94%,,,,$6.03,-3.83%,$0.00,-100.00%,$0.00,-100.00%,GT,NASDAQ:GT,-0.657,$7.46,53.08%
NYSE:GTES,12 May 2025,$25.10,5,$23.20,4,1.44,$25.58,-9.30%,,,,$25.62,0.16%,$0.00,-100.00%,$0.00,-100.00%,GTES,NYSE:GTES,-0.562,$33.45,-30.64%
NYSE:GTLS,23 Dec 2025,$198.45,3,$211.00,1,2.87,$209.90,-5.46%,,,,$0.00,-100.00%,$233.74,11.36%,$328.33,56.42%,GTLS,NYSE:GTLS,-1.000,$204.43,3.21%
NASDAQ:GTM,30 Mar 2026,$9.68,3,,,1.23,$4.24,128.30%,,,,$4.06,-4.25%,$0.00,-100.00%,$0.00,-100.00%,GTM,NASDAQ:GTM,-0.607,$4.60,
NYSE:GTY,19 Sep 2025,$32.43,4,$32.00,4,2.00,$32.42,-1.30%,,,,$33.01,1.82%,$47.21,45.63%,$36.44,12.40%,GTY,NYSE:GTY,-0.271,$36.43,-12.16%
NYSE:GVA,12 Jun 2025,$88.52,3,,,2.18,$120.56,-26.58%,,,,$123.23,2.21%,$73.59,-38.96%,$213.70,77.26%,GVA,NYSE:GVA,-0.252,$171.67,
NYSE:GWH,14 Jan 2026,$3.79,3,$3.50,3,,$0.35,900.00%,,,,,-100.00%,-$2.00,-671.43%,-$2.00,-671.43%,GWH,NYSE:GWH,-2.000,,
NYSE:GWW,23 Aug 2025,$866.00,2,,,1.87,"$1,309.49",-33.87%,,,,"$1,301.10",-0.64%,$0.00,-100.00%,$0.00,-100.00%,GWW,NYSE:GWW,-0.308,"$1,332.57",
NYSE:HAE,16 Dec 2025,$105.08,3,$86.29,9,2.09,$103.07,-16.28%,,,,$104.46,1.35%,$0.00,-100.00%,$0.00,-100.00%,HAE,NYSE:HAE,-0.211,$106.40,-18.90%
NASDAQ:HAFC,27 May 2026,$31.91,3,$32.83,5,2.58,$31.00,2.93%,,,,$31.48,1.55%,$0.00,-100.00%,$0.00,-100.00%,HAFC,NASDAQ:HAFC,-0.010,$34.25,-4.15%
NYSE:HASI,27 Jan 2026,$36.24,3,$40.27,9,2.11,$39.55,-8.38%,,,,$40.29,1.87%,$0.00,-100.00%,$0.00,-100.00%,HASI,NYSE:HASI,-0.252,$49.20,-18.15%
NASDAQ:HBAN,6 Apr 2026,$16.83,4,$19.75,9,2.02,$16.68,0.90%,,,,$16.94,1.56%,$0.00,-100.00%,$0.00,-100.00%,HBAN,NASDAQ:HBAN,-0.282,$20.30,-2.71%
NASDAQ:HBCP,1 Jun 2026,$67.68,3,$69.00,3,2.40,$68.49,-1.18%,,,,$70.14,2.41%,$0.00,-100.00%,$0.00,-100.00%,HBCP,NASDAQ:HBCP,-0.083,$73.00,-5.48%
NYSE:HBM,2 Apr 2026,$15.01,2,$28.81,10,3.00,$28.66,-47.61%,,,,$31.18,8.79%,$36.83,28.51%,$47.62,66.16%,HBM,NYSE:HBM,0.169,$32.60,-11.63%
NASDAQ:HBNC,19 Nov 2025,$17.31,3,$19.83,9,1.60,$19.42,-10.87%,,,,$19.53,0.57%,-$51.38,-364.57%,-$48.34,-348.90%,HBNC,NASDAQ:HBNC,-0.464,$22.90,-13.41%
NASDAQ:HBT,2 Oct 2025,$24.23,3,$29.50,7,1.41,$35.48,-31.72%,,,,$35.24,-0.68%,$0.00,-100.00%,$0.00,-100.00%,HBT,NASDAQ:HBT,-0.537,$40.40,-26.98%
NYSE:HCA,13 Apr 2026,$417.60,2,$551.50,1,2.15,$414.45,0.76%,,,,$420.25,1.40%,$482.38,16.39%,$758.77,83.08%,HCA,NYSE:HCA,-0.199,$451.48,22.15%
NYSE:HCC,11 Dec 2025,$71.17,3,,,2.64,$108.24,-34.25%,,,,$111.70,3.20%,$0.00,-100.00%,$0.00,-100.00%,HCC,NYSE:HCC,0.046,$105.17,
NASDAQ:HCKT,16 Feb 2026,$21.62,3,$27.00,4,2.26,$11.21,92.87%,,,,$11.27,0.54%,$0.00,-100.00%,$0.00,-100.00%,HCKT,NASDAQ:HCKT,-0.218,$16.67,61.97%
NASDAQ:HCSG,20 Dec 2023,$15.43,3,,,1.73,$21.99,-29.84%,,,,$22.31,1.46%,$0.00,-100.00%,$0.00,-100.00%,HCSG,NASDAQ:HCSG,-0.416,$27.00,
NASDAQ:HCTI,11 Jul 2025,$0.04,3,,,,$0.83,-95.78%,,,,,-100.00%,-$2.00,-340.96%,-$2.00,-340.96%,HCTI,NASDAQ:HCTI,-2.000,,
NYSE:HDB,21 Oct 2025,$30.79,2,,,1.52,$22.70,35.65%,,,,$22.70,0.00%,$0.00,-100.00%,$0.00,-100.00%,HDB,NYSE:HDB,-0.546,$33.95,
NYSE:HE,18 Nov 2025,$12.33,3,$11.13,7,1.78,$11.22,-0.80%,,,,$11.35,1.16%,$0.00,-100.00%,$0.00,-100.00%,HE,NYSE:HE,-0.358,$11.92,-6.63%
NYSE:HEI,2 May 2025,$235.97,3,$274.82,7,1.87,$331.15,-28.74%,,,,$332.38,0.37%,$0.00,-100.00%,$0.00,-100.00%,HEI,NYSE:HEI,-0.346,$395.00,-30.43%
NYSE:HEI.A,5 May 2025,$186.04,3,,,2.07,$244.17,-23.81%,,,,$247.94,1.54%,$0.00,-100.00%,$0.00,-100.00%,HEI.A,NYSE:HEI.A,-0.284,$320.00,
NASDAQ:HELE,3 Nov 2023,$131.05,4,,,1.68,$30.10,335.37%,,,,$28.62,-4.92%,$23.91,-20.58%,-$12.98,-143.12%,HELE,NASDAQ:HELE,-0.395,$31.00,
NASDAQ:HFWA,19 Jun 2026,$30.72,3,$32.00,4,2.24,$28.57,7.53%,,,,$28.84,0.95%,$0.00,-100.00%,$0.00,-100.00%,HFWA,NASDAQ:HFWA,-0.170,$33.00,-3.03%
NYSE:HG,9 Sep 2025,$24.44,3,$25.43,7,2.68,$35.16,-30.49%,,,,$36.12,2.73%,$0.00,-100.00%,$0.00,-100.00%,HG,NYSE:HG,0.036,$38.57,-34.07%
NYSE:HI,6 Nov 2025,$42.28,5,$32.00,7,,,#DIV/0!,,,,,#DIV/0!,-$2.00,#DIV/0!,-$2.00,#DIV/0!,HI,NYSE:HI,-2.000,,
NASDAQ:HIFS,10 Oct 2025,$271.84,3,,7,1.75,$288.27,-5.70%,,,,$295.12,2.38%,$0.00,-100.00%,$0.00,-100.00%,HIFS,NASDAQ:HIFS,-0.301,,
NYSE:HIMS,20 Aug 2025,$35.82,2,,,2.50,$29.58,21.10%,,,,$28.92,-2.23%,$0.00,-100.00%,$0.00,-100.00%,HIMS,NYSE:HIMS,-0.037,$31.23,
NASDAQ:HIMX,16 Feb 2026,$9.25,5,,,1.83,$13.72,-32.57%,,,,$13.59,-0.95%,$0.00,-100.00%,$0.00,-100.00%,HIMX,NASDAQ:HIMX,-0.411,$30.20,
NYSE:HLIO,6 Nov 2025,$52.24,3,,,2.36,$73.02,-28.46%,,,,$73.19,0.23%,$0.00,-100.00%,$0.00,-100.00%,HLIO,NYSE:HLIO,-0.148,$94.67,
NASDAQ:HLIT,5 Feb 2026,$11.73,3,$13.00,5,2.68,$11.98,-2.05%,,,,$12.16,1.50%,$0.00,-100.00%,$0.00,-100.00%,HLIT,NASDAQ:HLIT,-0.019,$16.14,-19.45%
NASDAQ:HLMN,25 Jul 2023,$11.24,3,,,1.70,$7.70,46.01%,,,,$7.74,0.52%,$0.00,-100.00%,$0.00,-100.00%,HLMN,NASDAQ:HLMN,-0.465,$12.43,
NYSE:HMC,26 Mar 2026,$30.58,5,,5,2.55,$31.96,-4.31%,,,,$32.20,0.75%,$0.00,-100.00%,$0.00,-100.00%,HMC,NYSE:HMC,-0.008,$32.90,
NYSE:HNI,8 Jan 2025,$45.54,2,,,1.04,$48.43,-5.97%,,,,$48.26,-0.35%,$59.31,22.46%,$90.89,87.68%,HNI,NYSE:HNI,-0.759,$69.75,
NASDAQ:HNRG,16 Dec 2024,$15.00,3,,8,1.85,$16.58,-9.53%,,,,$16.14,-2.65%,$0.00,-100.00%,$0.00,-100.00%,HNRG,NASDAQ:HNRG,-0.402,$28.33,
NYSE:HOMB,2 Oct 2025,$27.30,2,$32.17,6,2.17,$29.46,-7.34%,,,,$29.88,1.43%,$0.00,-100.00%,$0.00,-100.00%,HOMB,NYSE:HOMB,-0.198,$33.14,-2.93%
NASDAQ:HON,2 Jul 2026,,1,$446.29,9,1.93,$213.53,109.01%,,,,$216.11,1.21%,$135.67,-36.46%,$173.33,-18.83%,HON,NASDAQ:HON,-0.329,$264.09,68.99%
NASDAQ:HONE,2 Oct 2025,$15.33,3,$13.00,2,,,#DIV/0!,,,,,#DIV/0!,-$2.00,#DIV/0!,-$2.00,#DIV/0!,HONE,NASDAQ:HONE,-2.000,,
NASDAQ:HOOD,2 Sep 2025,$86.65,2,$113.71,7,0.53,$104.81,-17.33%,,,,$100.41,-4.20%,$91.30,-12.89%,$92.75,-11.51%,HOOD,NASDAQ:HOOD,-0.935,$121.51,-6.42%
NASDAQ:HOPE,2 Oct 2025,$14.53,4,$13.00,4,2.22,$13.79,-5.73%,,,,$14.02,1.67%,$0.00,-100.00%,$0.00,-100.00%,HOPE,NASDAQ:HOPE,-0.175,$15.50,-16.13%
NYSE:HOV,26 Mar 2025,$163.07,3,$125.00,1,2.19,$124.13,0.70%,,,,$128.18,3.26%,$0.00,-100.00%,$0.00,-100.00%,HOV,NYSE:HOV,-0.073,$74.00,68.92%
NASDAQ:HOVR,12 Dec 2024,$2.00,3,,6,1.45,$1.67,19.76%,,,,$1.73,3.59%,$2.40,43.96%,$2.41,44.26%,HOVR,NASDAQ:HOVR,-0.577,$8.44,
NYSE:HP,22 Jan 2026,$39.81,4,$33.25,5,2.03,$43.58,-23.70%,,,,$42.27,-3.01%,$0.00,-100.00%,$0.00,-100.00%,HP,NYSE:HP,-0.230,$43.20,-23.03%
NYSE:HPE,12 Aug 2025,$26.45,3,,,2.08,$52.24,-49.37%,,,,$52.37,0.25%,$54.45,4.23%,$96.70,85.10%,HPE,NYSE:HPE,-0.264,$65.35,
NASDAQ:HPK,22 Sep 2025,$12.06,3,$7.00,3,1.42,$8.19,-14.53%,,,,$7.90,-3.54%,$0.00,-100.00%,$0.00,-100.00%,HPK,NASDAQ:HPK,-0.496,$7.88,-11.17%
NYSE:HPQ,30 Mar 2026,$24.72,3,$18.58,2,1.63,$30.02,-38.11%,,,,$29.67,-1.17%,$0.00,-100.00%,$0.00,-100.00%,HPQ,NYSE:HPQ,-0.403,$29.19,-36.35%
NYSE:HRL,6 Nov 2024,$31.61,3,,,2.07,$21.85,44.65%,,,,$21.29,-2.56%,$0.00,-100.00%,$0.00,-100.00%,HRL,NYSE:HRL,-0.256,$26.12,
NASDAQ:HSAI,1 Sep 2025,$21.70,3,$27.74,9,2.16,$16.12,34.62%,,,,$17.42,8.06%,$0.00,-100.00%,$0.00,-100.00%,HSAI,NASDAQ:HSAI,-0.264,$28.30,-1.98%
NYSE:HSBC,19 Aug 2025,$64.63,3,,,2.49,$103.14,-37.34%,,,,$104.67,1.48%,$0.00,-100.00%,$0.00,-100.00%,HSBC,NYSE:HSBC,-0.031,$106.08,
NASDAQ:HSIC,20 Aug 2025,$69.76,3,,,1.69,$89.80,-22.32%,,,,$89.67,-0.14%,$0.00,-100.00%,$0.00,-100.00%,HSIC,NASDAQ:HSIC,-0.402,$98.19,
NASDAQ:HSII,15 Dec 2025,$59.01,1,,1,,,#DIV/0!,,,,,#DIV/0!,-$2.00,#DIV/0!,-$2.00,#DIV/0!,HSII,NASDAQ:HSII,-2.000,,
NASDAQ:HST,20 Apr 2026,$19.63,3,$21.71,6,3.02,$21.93,-10.50%,,,,$22.98,4.79%,$0.00,-100.00%,$0.00,-100.00%,HST,NASDAQ:HST,0.179,$25.07,-13.40%
NYSE:HTB,19 Nov 2025,$38.55,3,,,2.38,$46.44,-16.99%,,,,$46.87,0.93%,$0.00,-100.00%,$0.00,-100.00%,HTB,NYSE:HTB,-0.119,$55.25,
NASDAQ:HTBK,13 Apr 2026,$12.56,3,$15.00,6,,,#DIV/0!,,,,,#DIV/0!,-$2.00,#DIV/0!,-$2.00,#DIV/0!,HTBK,NASDAQ:HTBK,-2.000,,
NASDAQ:HTZ,22 Dec 2023,$16.71,3,,,1.53,$2.27,636.12%,,,,$2.00,-11.89%,$0.00,-100.00%,$0.00,-100.00%,HTZ,NASDAQ:HTZ,-0.458,$2.30,
NYSE:HUBS,8 Jul 2024,$562.84,3,,,1.51,$261.36,115.35%,,,,$254.74,-2.53%,$0.00,-100.00%,$0.00,-100.00%,HUBS,NYSE:HUBS,-0.445,$240.69,
NYSE:HUYA,26 Aug 2025,$4.89,4,$5.00,7,1.90,$2.14,128.46%,,,,$2.16,0.93%,$0.00,-100.00%,$0.00,-100.00%,HUYA,NYSE:HUYA,-0.378,$3.64,37.36%
NYSE:HVT,20 Mar 2026,$26.93,4,,4,1.03,$27.27,-1.26%,,,,$27.00,-0.99%,$0.00,-100.00%,$0.00,-100.00%,HVT,NYSE:HVT,-0.721,$33.00,
NASDAQ:HWC,10 Oct 2025,$58.42,2,,,2.63,$74.49,-21.57%,,,,$77.61,4.19%,$0.00,-100.00%,$0.00,-100.00%,HWC,NASDAQ:HWC,0.008,$83.80,
NYSE:HWM,3 Sep 2025,$148.98,2,,,1.73,$244.95,-39.18%,,,,$261.77,6.87%,$0.00,-100.00%,$0.00,-100.00%,HWM,NYSE:HWM,-0.447,$337.13,
NASDAQ:IART,11 Dec 2025,$22.26,3,$12.33,2,1.18,$16.92,-27.13%,,,,$16.73,-1.12%,-$8.48,-150.14%,$12.66,-25.19%,IART,NASDAQ:IART,-0.646,$19.56,-36.96%
NASDAQ:IBEX,30 Jan 2026,$37.25,3,$41.00,9,0.92,$38.46,-3.15%,,,,$36.98,-3.85%,$60.80,58.10%,$85.01,121.04%,IBEX,NASDAQ:IBEX,-0.721,$37.50,9.33%
NASDAQ:IBKR,23 Aug 2025,$51.95,1,$67.92,10,1.24,$97.29,-46.60%,,,,$94.89,-2.47%,$0.00,-100.00%,$0.00,-100.00%,IBKR,NASDAQ:IBKR,-0.601,$106.13,-36.00%
NYSE:IBM,27 Jan 2026,$263.05,1,$321.27,10,1.86,$233.87,12.47%,,,,$236.31,1.04%,$282.06,20.60%,$371.87,59.01%,IBM,NYSE:IBM,-0.315,$244.91,31.18%
NYSE:IBN,2 Oct 2025,$29.15,3,,3,0.43,$30.36,-3.99%,,,,$28.18,-7.18%,$161.34,431.42%,$165.24,444.27%,IBN,NYSE:IBN,-0.983,$35.83,
NASDAQ:IBOC,1 Jun 2026,$77.76,3,,4,1.84,$70.16,10.83%,,,,$70.66,0.71%,$0.00,-100.00%,$0.00,-100.00%,IBOC,NASDAQ:IBOC,-0.371,$87.00,
NYSE:IBP,7 Jan 2025,$148.52,2,$231.00,6,1.67,$242.83,-38.84%,,,,$241.63,-0.49%,$0.00,-100.00%,$0.00,-100.00%,IBP,NYSE:IBP,-0.394,$244.82,-5.64%
NYSE:ICE,24 Oct 2025,$156.00,3,,,1.06,$160.70,-2.92%,,,,$159.63,-0.67%,$97.77,-39.16%,$143.29,-10.84%,ICE,NYSE:ICE,-0.695,$185.36,
NASDAQ:ICHR,2 Jan 2026,$31.56,3,$24.80,2,2.44,$53.57,-53.71%,,,,$55.64,3.86%,$0.00,-100.00%,$0.00,-100.00%,ICHR,NASDAQ:ICHR,-0.138,$95.86,-74.13%
NASDAQ:ICON,23 Jan 2026,$3.43,3,$2.00,,,$0.98,104.08%,,,,,-100.00%,-$2.00,-304.08%,-$2.00,-304.08%,ICON,NASDAQ:ICON,-2.000,,
NYSE:IDA,18 Sep 2025,$114.64,2,,,2.67,$136.16,-15.81%,,,,$140.84,3.44%,$16.17,-88.13%,$58.80,-56.82%,IDA,NYSE:IDA,0.016,$158.22,
NASDAQ:IDCC,21 Jan 2026,$317.69,3,,,1.56,$335.03,-5.18%,,,,$330.76,-1.27%,$0.00,-100.00%,$0.00,-100.00%,IDCC,NASDAQ:IDCC,-0.526,$462.67,
NASDAQ:IEP,22 Nov 2023,$27.45,3,,,2.65,$6.80,303.62%,,,,$6.80,0.00%,$0.00,-100.00%,$0.00,-100.00%,IEP,NASDAQ:IEP,-0.045,$12.00,
NASDAQ:IESC,23 Aug 2025,$257.92,2,,,2.28,$303.00,-14.88%,,,,$311.92,2.94%,$0.00,-100.00%,$0.00,-100.00%,IESC,NASDAQ:IESC,-0.211,$440.00,
NYSE:IEX,28 Oct 2025,$189.30,3,$194.86,8,1.57,$228.64,-17.21%,,,,$228.67,0.01%,$290.01,26.84%,$317.40,38.82%,IEX,NYSE:IEX,-0.460,$254.50,-23.43%
NYSE:IFS,27 May 2026,$48.43,3,$61.50,9,1.86,$54.62,-11.33%,,,,$54.48,-0.26%,$0.00,-100.00%,$0.00,-100.00%,IFS,NYSE:IFS,-0.360,$68.05,-9.63%
NASDAQ:IGIC,23 Jun 2026,$24.69,3,,,1.80,$26.49,-6.80%,,,,$26.39,-0.38%,$0.00,-100.00%,$0.00,-100.00%,IGIC,NASDAQ:IGIC,-0.369,$31.00,
NYSE:IHS,4 Mar 2026,$6.80,2,$8.50,7,1.86,$8.41,-19.14%,,,,$8.40,-0.12%,$0.00,-100.00%,$0.00,-100.00%,IHS,NYSE:IHS,-0.304,$8.25,3.03%
NASDAQ:III,5 Feb 2026,$5.27,3,$6.50,8,1.43,$5.12,2.99%,,,,$4.99,-2.54%,$0.00,-100.00%,$0.00,-100.00%,III,NASDAQ:III,-0.572,$6.80,-4.41%
NASDAQ:IMKTA,19 Mar 2026,$96.09,3,,5,3.04,$81.80,17.47%,,,,$84.65,3.48%,$0.00,-100.00%,$0.00,-100.00%,IMKTA,NASDAQ:IMKTA,0.215,,
NASDAQ:IMMP,15 Dec 2025,$2.06,3,$12.00,7,,$0.37,457.41%,,,,,-100.00%,-$2.00,-640.54%,-$2.00,-640.54%,IMMP,NASDAQ:IMMP,-2.000,,
NYSEAMERICAN:IMO,24 Oct 2025,$89.93,1,,,,$131.34,-31.53%,,,,,-100.00%,-$2.00,-101.52%,-$2.00,-101.52%,IMO,NYSEAMERICAN:IMO,-2.000,,
NASDAQ:IMOS,28 Jan 2026,$41.27,3,,6,1.75,$54.64,-24.46%,,,,$55.47,1.52%,$0.00,-100.00%,$0.00,-100.00%,IMOS,NASDAQ:IMOS,-0.266,$20.00,
NASDAQ:IMPP,16 Feb 2026,$3.71,3,$6.00,7,3.01,$5.25,-29.27%,,,,$5.35,1.90%,$0.00,-100.00%,$0.00,-100.00%,IMPP,NASDAQ:IMPP,0.116,$9.00,-33.33%
NASDAQ:IMRN,15 Dec 2025,$1.93,4,,,,$1.11,74.00%,,,,,-100.00%,-$2.00,-280.18%,-$2.00,-280.18%,IMRN,NASDAQ:IMRN,-2.000,,
NASDAQ:IMXI,14 Feb 2026,$28.35,3,,3,1.94,$14.47,95.92%,,,,$14.51,0.28%,$0.00,-100.00%,$0.00,-100.00%,IMXI,NASDAQ:IMXI,-0.293,$16.00,
NASDAQ:INDB,20 Mar 2026,$77.46,3,$86.67,6,3.05,$81.18,-4.58%,,,,$85.15,4.89%,$0.00,-100.00%,$0.00,-100.00%,INDB,NASDAQ:INDB,0.188,$93.43,-7.24%
NASDAQ:INDI,16 Feb 2026,$5.81,4,$8.00,5,2.03,$3.72,56.09%,,,,$3.79,1.88%,$0.00,-100.00%,$0.00,-100.00%,INDI,NASDAQ:INDI,-0.321,$5.72,39.86%
NYSE:ING,27 Aug 2025,$23.00,3,,,1.84,$35.32,-34.88%,,,,$35.33,0.03%,$0.00,-100.00%,$0.00,-100.00%,ING,NYSE:ING,-0.306,$33.83,
NYSE:INGM,22 Feb 2026,$26.24,5,,,1.87,$28.17,-6.85%,,,,$28.70,1.88%,$0.00,-100.00%,$0.00,-100.00%,INGM,NYSE:INGM,-0.340,$33.17,
NASDAQ:INGN,11 Dec 2025,$9.54,4,$13.00,6,1.44,$5.37,77.72%,,,,$5.43,1.12%,$0.00,-100.00%,$0.00,-100.00%,INGN,NASDAQ:INGN,-0.581,$12.67,2.60%
NYSE:INGR,26 Aug 2025,$23.71,3,,,2.33,$103.46,-77.08%,,,,$104.84,1.33%,$0.00,-100.00%,$0.00,-100.00%,INGR,NYSE:INGR,-0.135,$121.50,
NASDAQ:INOD,26 Jan 2026,$55.24,3,,,2.79,$56.42,-2.09%,,,,$60.10,6.52%,$0.00,-100.00%,$0.00,-100.00%,INOD,NASDAQ:INOD,0.017,$122.75,
NASDAQ:INSG,5 Feb 2026,$12.35,3,,,1.61,$4.18,195.50%,,,,$4.35,4.07%,$0.00,-100.00%,$0.00,-100.00%,INSG,NASDAQ:INSG,-0.505,$12.50,
NYSE:INSP,4 Dec 2025,$192.39,3,$117.67,8,1.60,$62.99,86.81%,,,,$60.61,-3.78%,$0.00,-100.00%,$0.00,-100.00%,INSP,NYSE:INSP,-0.414,$60.40,94.82%
NASDAQ:INTA,22 Jan 2026,$50.05,3,$50.05,6,0.34,$43.37,15.40%,,,,$41.24,-4.91%,$0.00,-100.00%,$0.00,-100.00%,INTA,NASDAQ:INTA,-0.960,$39.43,26.93%
NASDAQ:INTC,19 Jan 2026,$31.91,1,$42.36,6,2.18,$89.51,-64.35%,,,,$89.77,0.29%,$116.48,30.13%,$155.98,74.26%,INTC,NASDAQ:INTC,-0.226,$114.88,-63.13%
NASDAQ:INTR,24 Jun 2026,$6.34,4,$8.60,7,1.11,$5.41,17.19%,,,,$5.17,-4.44%,$0.00,-100.00%,$0.00,-100.00%,INTR,NASDAQ:INTR,-0.729,$8.75,-1.71%
NYSE:INVH,16 Sep 2025,$35.78,5,$35.79,1,2.08,$29.14,22.80%,,,,$29.40,0.89%,$37.68,29.31%,$37.90,30.05%,INVH,NYSE:INVH,-0.243,$33.57,6.61%
NYSE:IONQ,23 Dec 2025,$39.58,3,$75.91,9,2.19,$39.31,0.69%,,,,$38.93,-0.97%,$0.00,-100.00%,$0.00,-100.00%,IONQ,NYSE:IONQ,-0.248,$67.68,12.16%
NYSE:IP,10 Jul 2025,$49.22,3,$190.70,,0.78,$37.93,#REF!,,,,$38.26,0.87%,$0.00,-100.00%,$0.00,-100.00%,IP,NYSE:IP,-0.847,$48.00,297.29%
NASDAQ:IPGP,4 Feb 2026,$89.57,3,,,2.13,$76.08,17.73%,,,,$75.94,-0.18%,$0.00,-100.00%,$0.00,-100.00%,IPGP,NASDAQ:IPGP,-0.277,$126.21,
NASDAQ:IPWR,9 Feb 2026,$5.25,3,,4,1.99,$4.90,7.14%,,,,$4.57,-6.73%,$0.00,-100.00%,$0.00,-100.00%,IPWR,NASDAQ:IPWR,-0.340,$10.75,
NASDAQ:IQ,29 Nov 2024,$3.18,3,,,,$0.93,241.72%,,,,$0.00,-100.00%,$0.00,-100.00%,$0.00,-100.00%,IQ,NASDAQ:IQ,-1.094,$1.40,
NYSE:IR,11 Nov 2025,$79.48,3,$87.67,6,1.21,$77.05,3.15%,,,,$77.33,0.36%,$108.20,40.43%,$130.53,69.41%,IR,NYSE:IR,-0.653,$96.25,-8.91%
NASDAQ:IREN,11 Dec 2025,$45.06,3,$84.00,6,1.96,$37.12,21.39%,,,,$34.95,-5.85%,$0.00,-100.00%,$0.00,-100.00%,IREN,NASDAQ:IREN,-0.352,$80.19,4.75%
NYSE:IRM,19 Aug 2025,$97.43,3,$116.80,3,2.70,$115.35,-15.53%,,,,$124.91,8.29%,$0.00,-100.00%,$0.00,-100.00%,IRM,NYSE:IRM,0.009,$144.60,-19.23%
NASDAQ:IRMD,4 Dec 2025,$84.32,3,$99.00,8,0.80,$86.38,-2.38%,,,,$84.38,-2.32%,$0.00,-100.00%,$0.00,-100.00%,IRMD,NASDAQ:IRMD,-0.860,$118.00,-16.10%
NYSE:IRS,13 Mar 2026,$17.95,5,$23.00,6,1.38,$14.96,19.99%,,,,$14.43,-3.54%,"$2,137.03",14184.95%,"$2,138.00",14191.45%,IRS,NYSE:IRS,-0.607,$21.33,7.83%
NASDAQ:IRTC,11 Dec 2025,$121.66,2,$220.38,6,2.24,$118.94,2.29%,,,,$115.98,-2.49%,$0.00,-100.00%,$0.00,-100.00%,IRTC,NASDAQ:IRTC,-0.225,$176.14,25.12%
NASDAQ:ISRG,19 Jul 2024,$316.11,1,,,2.42,$376.86,-16.12%,,,,$370.92,-1.58%,$0.00,-100.00%,$0.00,-100.00%,ISRG,NASDAQ:ISRG,-0.119,$478.01,
NASDAQ:ISTR,1 Jun 2026,$27.26,3,$31.50,6,1.46,$30.13,-9.54%,,,,$30.14,0.03%,$0.00,-100.00%,$0.00,-100.00%,ISTR,NASDAQ:ISTR,-0.516,$34.25,-8.03%
NYSE:IT,25 Feb 2026,$197.67,3,187,2,2.32,$198.11,-3.74%,,,,$198.19,0.04%,$0.00,-100.00%,$0.00,-100.00%,IT,NYSE:IT,-0.089,$185.15,1.00%
NYSE:ITGR,11 Dec 2025,$113.99,3,$91.50,2,1.11,$125.25,-26.95%,,,,$124.30,-0.76%,$143.99,14.96%,$209.64,67.38%,ITGR,NYSE:ITGR,-0.633,$121.80,-24.88%
NASDAQ:ITIC,29 Jan 2025,$206.10,3,,7,1.45,$294.40,-29.99%,,,,$299.73,1.81%,$0.00,-100.00%,$0.00,-100.00%,ITIC,NASDAQ:ITIC,-0.402,$39.00,
NASDAQ:ITRI,21 May 2026,$114.84,5,$126.20,4,2.01,$97.01,18.38%,,,,$97.33,0.33%,$179.69,85.23%,$206.73,113.10%,ITRI,NASDAQ:ITRI,-0.313,$129.60,-2.62%
NASDAQ:ITRN,18 Feb 2026,$47.36,3,$50.00,8,2.35,$50.96,-7.06%,,,,$51.15,0.37%,$0.00,-100.00%,$0.00,-100.00%,ITRN,NASDAQ:ITRN,-0.176,$74.50,-32.89%
NYSE:ITT,16 Feb 2026,$184.72,1,$225.86,10,2.15,$200.29,-7.77%,,,,$203.32,1.51%,$0.00,-100.00%,$0.00,-100.00%,ITT,NYSE:ITT,-0.238,$256.15,-11.83%
NYSE:ITUB,10 Mar 2026,$7.88,3,$9.00,9,1.44,$7.61,3.55%,,,,$7.37,-3.15%,$0.00,-100.00%,$0.00,-100.00%,ITUB,NYSE:ITUB,-0.529,$8.84,1.81%
NYSE:ITW,11 Nov 2025,$245.17,2,$257.11,6,1.81,$275.37,-10.97%,,,,$279.60,1.54%,$338.81,23.04%,$353.24,28.28%,ITW,NYSE:ITW,-0.352,$301.86,-14.82%
NYSE:IX,11 Dec 2025,$27.24,3,,5,1.09,$38.97,-30.10%,,,,$38.46,-1.31%,$0.00,-100.00%,$0.00,-100.00%,IX,NYSE:IX,-0.662,$41.38,
NASDAQ:IXHL,11 Dec 2025,$0.76,3,,,,$3.35,-77.46%,,,,,-100.00%,-$2.00,-159.70%,-$2.00,-159.70%,IXHL,NASDAQ:IXHL,-2.000,,
NYSE:JBGS,23 Dec 2025,$16.92,3,$17.50,1,1.79,$12.05,40.44%,,,,$12.09,0.33%,$0.00,-100.00%,$0.00,-100.00%,JBGS,NYSE:JBGS,-0.355,$13.00,34.62%
NYSE:JBTM,28 Oct 2025,$114.25,3,,,2.61,$116.87,-2.24%,,,,$118.14,1.09%,$0.00,-100.00%,$0.00,-100.00%,JBTM,NYSE:JBTM,-0.063,$172.64,
NYSE:JCI,4 Jan 2026,$97.19,1,$128.78,9,1.97,$138.24,-29.70%,,,,$139.62,1.00%,$245.93,77.90%,$264.14,91.07%,JCI,NYSE:JCI,-0.298,$163.11,-21.05%
NASDAQ:JD,1 Apr 2026,$43.40,3,$34.69,3,1.27,$28.24,22.84%,,,,$28.21,-0.11%,$0.00,-100.00%,$0.00,-100.00%,JD,NASDAQ:JD,-0.657,$39.66,-12.53%
NYSE:JEF,23 Aug 2025,$58.78,3,,,2.50,$52.64,11.67%,,,,$53.51,1.65%,$0.00,-100.00%,$0.00,-100.00%,JEF,NYSE:JEF,-0.058,$61.50,
NYSE:JELD,25 Oct 2024,$18.28,3,,,1.56,$2.39,664.69%,,,,$2.20,-7.95%,$0.00,-100.00%,$0.00,-100.00%,JELD,NYSE:JELD,-0.397,$1.93,
NASDAQ:JFIN,1 Sep 2025,$12.96,3,,7,,$2.01,544.73%,,,,,-100.00%,-$2.00,-199.50%,-$2.00,-199.50%,JFIN,NASDAQ:JFIN,-2.000,,
NYSE:JHX,22 Aug 2025,$30.58,3,$26.94,8,1.95,$29.71,-9.32%,,,,$29.65,-0.20%,$0.00,-100.00%,$0.00,-100.00%,JHX,NYSE:JHX,-0.308,$35.43,-23.96%
NYSE:JILL,3 Jan 2025,$36.04,3,$36.67,6,1.47,$19.53,84.53%,,,,$19.36,-0.87%,$31.82,62.94%,$20.10,2.94%,JILL,NYSE:JILL,-0.444,$16.50,122.24%
NASDAQ:JJSF,31 Jan 2025,$136.25,3,$200.00,3,2.21,$88.18,54.51%,,,,$87.03,-1.30%,$0.00,-100.00%,$0.00,-100.00%,JJSF,NASDAQ:JJSF,-0.209,$110.50,81.00%
NASDAQ:JKHY,27 Jan 2026,$182.29,3,,,1.87,$167.91,8.57%,,,,$168.04,0.08%,$0.00,-100.00%,$0.00,-100.00%,JKHY,NASDAQ:JKHY,-0.334,$191.53,
NYSE:JKS,9 Feb 2026,$25.42,3,$23.33,6,1.72,$12.58,85.45%,,,,$13.16,4.61%,$0.00,-100.00%,$0.00,-100.00%,JKS,NYSE:JKS,-0.457,$25.44,-8.29%
NYSE:JOBY,7 Jul 2025,$8.26,2,,,1.67,$6.84,20.70%,,,,$6.89,0.73%,$0.00,-100.00%,$0.00,-100.00%,JOBY,NYSE:JOBY,-0.480,$10.68,
NYSE:JOE,4 Sep 2025,$58.64,3,,4,1.87,$66.10,-11.29%,,,,$67.88,2.69%,$96.66,46.23%,$110.62,67.35%,JOE,NYSE:JOE,-0.213,$19.00,
NYSE:KAI,11 Nov 2025,$276.48,3,$360.00,2,2.56,$299.14,-7.58%,,,,$300.25,0.37%,$0.00,-100.00%,$0.00,-100.00%,KAI,NYSE:KAI,-0.042,$361.67,-0.46%
NASDAQ:KALU,23 Jun 2026,$168.39,3,$161.67,6,2.66,$158.78,1.82%,,,,$162.00,2.03%,$305.94,92.68%,$337.75,112.72%,KALU,NASDAQ:KALU,0.033,$169.25,-4.48%
NASDAQ:KARO,23 Aug 2025,$42.41,2,,,,$66.51,-36.24%,,,,$0.00,-100.00%,$124.31,86.90%,$127.11,91.11%,KARO,NASDAQ:KARO,-1.041,$75.02,
NYSE:KB,19 Nov 2025,$83.35,3,,,2.38,$124.79,-33.21%,,,,$124.75,-0.03%,"-$2,162,810.33",-1733259.97%,"-$2,162,776.65",-1733232.98%,KB,NYSE:KB,-0.166,$179.89,
NYSE:KBH,27 Apr 2026,$73.02,5,$56.73,6,0.63,$53.30,6.44%,,,,$52.74,-1.05%,$112.17,110.45%,$117.91,121.22%,KBH,NYSE:KBH,-0.877,$58.67,-3.31%
NYSE:KD,9 Feb 2026,$28.74,3,$34.00,5,1.31,$13.45,113.68%,,,,$13.09,-2.68%,$0.00,-100.00%,$0.00,-100.00%,KD,NYSE:KD,-0.565,$14.20,139.44%
NASDAQ:KDP,19 Jun 2026,$36.23,3,$31.83,9,2.02,$31.86,-0.09%,,,,$32.18,1.00%,$0.00,-100.00%,$0.00,-100.00%,KDP,NASDAQ:KDP,-0.265,$36.21,-12.10%
NYSE:KEP,27 Jul 2026,$13.39,4,,4,2.92,$11.60,15.43%,,,,$12.05,3.88%,"$1,516.94",12977.09%,"$5,653.67",48638.57%,KEP,NYSE:KEP,0.100,$15.00,
NYSE:KEY,20 Mar 2026,$21.47,3,$24.04,3,1.61,$21.61,-0.65%,,,,$21.87,1.20%,$0.00,-100.00%,$0.00,-100.00%,KEY,NYSE:KEY,-0.465,$26.02,-7.61%
NYSE:KGC,14 Aug 2025,$8.59,1,,,1.89,$30.68,-72.00%,,,,$30.99,1.01%,$68.73,124.04%,$70.98,131.36%,KGC,NYSE:KGC,-0.330,$35.93,
NASDAQ:KIDS,11 Dec 2025,$25.39,3,$24.00,6,1.33,$23.31,2.96%,,,,$22.89,-1.80%,$0.00,-100.00%,$0.00,-100.00%,KIDS,NASDAQ:KIDS,-0.579,$27.22,-11.83%
NYSE:KIM,19 Sep 2025,$25.08,5,$24.84,7,2.14,$23.71,4.77%,,,,$23.97,1.10%,$0.00,-100.00%,$0.00,-100.00%,KIM,NYSE:KIM,-0.213,$27.01,-8.03%
NASDAQ:KLAC,4 Jan 2026,"$1,084.54",2,"$1,372.72",8,2.60,$175.45,518.15%,,,,$177.04,0.91%,$209.61,19.47%,$214.59,22.31%,KLAC,NASDAQ:KLAC,-0.054,$234.35,485.76%
NYSE:KLC,14 Jan 2026,$8.03,3,$5.70,3,2.95,$2.52,126.19%,,,,$2.70,7.14%,$0.00,-100.00%,$0.00,-100.00%,KLC,NYSE:KLC,0.088,$4.13,38.01%
NASDAQ:KLIC,23 Aug 2025,$42.70,3,,,2.41,$80.06,-46.67%,,,,$81.38,1.65%,$0.00,-100.00%,$0.00,-100.00%,KLIC,NASDAQ:KLIC,-0.136,$106.67,
NYSE:KMT,26 Aug 2025,$29.15,5,$22.25,5,2.92,$29.34,-24.16%,,,,$31.04,5.79%,$0.00,-100.00%,$0.00,-100.00%,KMT,NYSE:KMT,0.135,$33.00,-32.58%
NYSE:KN,2 Feb 2026,$24.86,3,,,2.55,$34.18,-27.27%,,,,$34.60,1.23%,$44.95,31.52%,$50.74,48.44%,KN,NYSE:KN,-0.062,$43.75,
NYSE:KOF,16 Jun 2026,$111.51,3,$115.00,5,1.19,$111.16,0.31%,,,,$111.31,0.13%,$232.91,109.53%,$302.70,172.31%,KOF,NYSE:KOF,-0.623,$120.74,-4.75%
NASDAQ:KOPN,16 Feb 2026,$2.24,3,,6,1.93,$4.44,-49.46%,,,,$4.47,0.68%,$0.00,-100.00%,$0.00,-100.00%,KOPN,NASDAQ:KOPN,-0.365,$8.67,
NYSE:KR,2 Jan 2026,$62.39,3,,,3.00,$57.54,8.43%,,,,$59.10,2.71%,$17.56,-69.48%,$88.39,53.61%,KR,NYSE:KR,0.150,$70.45,
NASDAQ:KRNT,6 Nov 2025,$18.46,3,$23.50,4,1.71,$16.84,9.62%,,,,$16.69,-0.89%,$0.00,-100.00%,$0.00,-100.00%,KRNT,NASDAQ:KRNT,-0.464,$25.00,-6.00%
NASDAQ:KRT,16 Sep 2025,$27.50,4,$31.50,2,,$47.64,-42.27%,,,,$0.00,-100.00%,$0.00,-100.00%,$0.00,-100.00%,KRT,NASDAQ:KRT,-1.275,$41.50,-24.10%
NASDAQ:KSPI,11 Feb 2026,$112.77,3,$92.50,6,1.14,$105.14,-12.02%,,,,$104.78,-0.34%,$0.00,-100.00%,$0.00,-100.00%,KSPI,NASDAQ:KSPI,-0.622,$102.38,-9.65%
NYSE:KSS,25 Jul 2023,$47.54,3,,,1.67,$17.82,166.80%,,,,$17.47,-1.96%,$0.00,-100.00%,$0.00,-100.00%,KSS,NYSE:KSS,-0.404,$18.69,
NYSEAMERICAN:KULR,4 Feb 2026,,,$3.36,1,,$2.52,33.33%,,,,,-100.00%,-$2.00,-179.37%,-$2.00,-179.37%,KULR,NYSEAMERICAN:KULR,-2.000,,
NYSE:KVUE,14 Aug 2025,$22.53,4,$23.83,8,1.61,$18.88,19.33%,,,,$19.16,1.48%,$0.00,-100.00%,$0.00,-100.00%,KVUE,NYSE:KVUE,-0.427,$19.50,22.21%
NYSE:KVYO,22 Jan 2026,$29.82,3,$42.31,7,1.84,$20.58,44.91%,,,,$19.60,-4.76%,$0.00,-100.00%,$0.00,-100.00%,KVYO,NYSE:KVYO,-0.381,$26.65,58.76%
NYSE:KWR,7 Dec 2023,$246.30,3,,,2.17,$165.80,48.55%,,,,$165.00,-0.48%,$0.00,-100.00%,$0.00,-100.00%,KWR,NYSE:KWR,-0.205,$192.57,
NASDAQ:LAB,11 Dec 2025,$2.34,3,$1.35,8,0.96,$0.66,104.55%,,,,$0.62,-6.06%,$0.00,-100.00%,$0.00,-100.00%,LAB,NASDAQ:LAB,-0.794,$1.35,0.00%
NYSE:LAC,2 Sep 2025,$4.84,5,$4.00,4,1.65,$3.09,29.45%,,,,$3.06,-0.97%,$0.00,-100.00%,$0.00,-100.00%,LAC,NYSE:LAC,-0.488,$5.50,-27.27%
NYSE:LAD,6 Feb 2026,$430.33,5,$385.50,5,1.34,$367.32,4.95%,,,,$367.94,0.17%,-$345.12,-193.96%,-$250.26,-168.13%,LAD,NYSE:LAD,-0.588,$447.31,-13.82%
NASDAQ:LAKE,31 Dec 2025,$12.09,4,$18.50,6,,$11.63,3.96%,,,,,-100.00%,-$2.00,-117.20%,-$2.00,-117.20%,LAKE,NASDAQ:LAKE,-2.000,,
NASDAQ:LAMR,16 Sep 2025,$136.02,4,$129.00,9,2.78,$149.01,-13.43%,,,,$157.43,5.65%,$0.00,-100.00%,$0.00,-100.00%,LAMR,NASDAQ:LAMR,0.084,$162.20,-20.47%
NASDAQ:LASR,27 Jan 2026,$28.42,2,,,3.39,$42.27,-32.77%,,,,$45.76,8.26%,$0.00,-100.00%,$0.00,-100.00%,LASR,NASDAQ:LASR,0.284,$88.86,
NASDAQ:LAUR,15 Oct 2025,$28.37,2,,,2.08,$37.53,-24.41%,,,,$38.76,3.28%,$0.00,-100.00%,$0.00,-100.00%,LAUR,NASDAQ:LAUR,-0.232,$41.21,
NYSE:LB,26 Aug 2025,$40.37,2,,,2.53,$87.58,-53.91%,,,,$87.86,0.32%,$0.00,-100.00%,$0.00,-100.00%,LB,NYSE:LB,-0.007,$87.43,
NYSE:LC,16 Mar 2026,$17.29,4,$24.00,6,4.05,$19.21,-10.00%,,,,$0.00,-100.00%,$0.00,-100.00%,$0.00,-100.00%,LC,NYSE:LC,-1.000,$23.25,3.23%
NASDAQ:LCID,15 Dec 2025,$16.47,3,$17.00,3,2.09,$4.85,239.50%,,,,$4.98,2.68%,$0.00,-100.00%,$0.00,-100.00%,LCID,NASDAQ:LCID,-0.294,$8.11,109.62%
NYSE:LDOS,17 Feb 2026,$176.70,3,$202.40,10,2.46,$140.21,26.03%,,,,$140.53,0.23%,$0.00,-100.00%,$0.00,-100.00%,LDOS,NYSE:LDOS,-0.066,$156.60,29.25%
NASDAQ:LECO,31 May 2024,$190.67,3,,,1.59,$281.23,-32.20%,,,,$283.50,0.81%,$473.78,68.47%,$504.71,79.47%,LECO,NASDAQ:LECO,-0.447,$304.91,
NYSE:LEN,21 Feb 2026,$150.73,5,$98.80,4,2.40,$84.11,17.47%,,,,$85.76,1.96%,$205.29,144.07%,$211.08,150.96%,LEN,NYSE:LEN,-0.072,$86.23,14.58%
NYSE:LEN.B,19 Feb 2026,$140.83,5,,,2.50,$82.26,71.20%,,,,$86.79,5.51%,$908.98,1005.01%,$949.11,1053.79%,LEN.B,NYSE:LEN.B,0.002,,
NASDAQ:LENZ,15 May 2025,$26.93,3,$47.14,9,1.66,$5.21,416.95%,,,,$4.69,-9.98%,$0.00,-100.00%,$0.00,-100.00%,LENZ,NASDAQ:LENZ,-0.484,$24.00,96.42%
NYSEAMERICAN:LEU,23 Dec 2025,$221.63,3,$289.10,9,,$171.40,29.30%,,,,,-100.00%,-$2.00,-101.17%,-$2.00,-101.17%,LEU,NYSE:LEU,-2.000,,
NASDAQ:LFUS,30 Jan 2026,$287.28,3,$366.67,8,2.98,$412.18,-30.30%,,,,$430.23,4.38%,$616.63,49.60%,$571.26,38.60%,LFUS,NASDAQ:LFUS,0.149,$488.75,-24.98%
NASDAQ:LFVN,16 Sep 2025,$9.29,3,,,,$6.33,46.76%,,,,,-100.00%,-$2.00,-131.60%,-$2.00,-131.60%,LFVN,NASDAQ:LFVN,-2.000,,
NASDAQ:LFWD,4 Dec 2025,$1.24,3,$4.50,,,$7.65,-83.76%,,,,,-100.00%,-$2.00,-126.14%,-$2.00,-126.14%,LFWD,NASDAQ:LFWD,-2.000,,
NASDAQ:LGHL,1 Sep 2025,$2.89,3,,,,$0.51,467.06%,,,,,-100.00%,-$2.00,-492.16%,-$2.00,-492.16%,LGHL,NASDAQ:LGHL,-2.000,,
NASDAQ:LGIH,10 Apr 2026,$71.78,3,$38.00,3,2.01,$55.94,-32.07%,,,,$56.77,1.48%,$0.00,-100.00%,$0.00,-100.00%,LGIH,NASDAQ:LGIH,-0.327,$93.00,-59.14%
NYSE:LH,19 May 2025,$246.54,3,$276.82,5,2.27,$332.66,-25.89%,,,,$338.11,1.64%,$0.00,-100.00%,$0.00,-100.00%,LH,NYSE:LH,-0.132,$341.50,-18.94%
NASDAQ:LI,15 Dec 2025,$17.08,1,,1,1.70,$12.10,41.16%,,,,$12.11,0.08%,$0.00,-100.00%,$0.00,-100.00%,LI,NASDAQ:LI,-0.468,$17.21,
NASDAQ:LIF,22 Jan 2026,$44.97,2,$89.23,1,2.51,$42.86,4.91%,,,,$43.74,2.05%,$0.00,-100.00%,$0.00,-100.00%,LIF,NASDAQ:LIF,-0.108,$61.48,45.14%
NYSE:LII,26 Aug 2025,$486.80,1,,,1.72,$382.64,27.22%,,,,$388.21,1.46%,$569.74,48.90%,$629.99,64.64%,LII,NYSE:LII,-0.441,$511.15,
NASDAQ:LIN,8 Jul 2024,$400.00,0,,,1.58,$489.58,-18.30%,,,,$486.78,-0.57%,$0.00,-100.00%,$0.00,-100.00%,LIN,NASDAQ:LIN,-0.458,$547.24,
NASDAQ:LITE,2 Feb 2026,$174.97,1,,,2.61,$914.76,-80.87%,,,,$906.20,-0.94%,$0.00,-100.00%,$0.00,-100.00%,LITE,NASDAQ:LITE,-0.032,"$1,148.30",
NASDAQ:LIVN,11 Dec 2025,$69.34,3,$65.83,9,0.85,$79.81,-17.52%,,,,$78.13,-2.10%,$0.00,-100.00%,$0.00,-100.00%,LIVN,NASDAQ:LIVN,-0.779,$88.80,-25.87%
NASDAQ:LKFN,19 Nov 2025,$61.67,3,,,2.43,$59.09,4.37%,,,,$59.96,1.47%,$0.00,-100.00%,$0.00,-100.00%,LKFN,NASDAQ:LKFN,-0.083,$66.50,
NASDAQ:LKQ,15 May 2025,$47.72,5,$53.00,8,2.68,$25.10,90.12%,,,,$25.38,1.12%,$6.69,-73.35%,$22.46,-10.53%,LKQ,NASDAQ:LKQ,-0.006,$32.50,63.08%
NYSE:LMT,23 Dec 2025,$488.93,3,$524.93,7,2.12,$561.23,-12.88%,,,,$565.38,0.74%,$0.00,-100.00%,$0.00,-100.00%,LMT,NYSE:LMT,-0.219,$632.95,-17.07%
NYSE:LOB,18 Nov 2025,$45.74,3,$42.50,4,1.83,$39.39,7.90%,,,,$39.80,1.04%,$0.00,-100.00%,$0.00,-100.00%,LOB,NYSE:LOB,-0.358,$46.25,-8.11%
NYSE:LOMA,16 Dec 2025,$12.58,3,,7,2.45,$10.05,25.17%,,,,$9.69,-3.58%,$0.00,-100.00%,$0.00,-100.00%,LOMA,NYSE:LOMA,-0.135,$14.30,
NASDAQ:LOVE,30 Aug 2023,$33.25,3,,,1.52,$15.60,113.12%,,,,$15.86,1.67%,$76.08,387.70%,$73.45,370.85%,LOVE,NASDAQ:LOVE,-0.549,$24.17,
NASDAQ:LPRO,23 Aug 2025,$2.92,3,$2.58,2,,,#DIV/0!,,,,,#DIV/0!,-$2.00,#DIV/0!,-$2.00,#DIV/0!,LPRO,NASDAQ:LPRO,-2.000,,
NASDAQ:LPTH,29 Jan 2026,$6.12,3,$12.67,8,3.28,$10.06,-39.16%,,,,$12.93,28.53%,$12.29,22.15%,$12.35,22.73%,LPTH,NASDAQ:LPTH,0.236,$15.78,-19.71%
NYSE:LPX,9 May 2025,$89.40,3,,,1.31,$70.51,26.78%,,,,$69.61,-1.28%,$0.00,-100.00%,$0.00,-100.00%,LPX,NYSE:LPX,-0.621,$92.23,
NASDAQ:LQDT,23 Dec 2025,$37.03,4,$41.00,3,1.78,$41.68,-11.15%,,,,$41.11,-1.37%,$0.00,-100.00%,$0.00,-100.00%,LQDT,NASDAQ:LQDT,-0.391,$51.00,-19.61%
NASDAQ:LRCX,17 Jul 2024,$725.21,1,,,1.62,$301.49,140.54%,,,,$301.03,-0.15%,$343.84,14.05%,$349.97,16.08%,LRCX,NASDAQ:LRCX,-0.464,$371.19,
NASDAQ:LSCC,19 Jan 2026,$69.35,1,$83.73,10,2.92,$115.34,-39.87%,,,,$122.23,5.97%,$0.00,-100.00%,$0.00,-100.00%,LSCC,NASDAQ:LSCC,0.077,$164.54,-49.11%
NYSE:LSPD,11 Sep 2025,$13.68,3,$15.02,6,0.89,$10.54,29.80%,,,,$10.45,-0.85%,$0.00,-100.00%,$0.00,-100.00%,LSPD,NYSE:LSPD,-0.742,$10.77,39.46%
NASDAQ:LTBR,25 Aug 2025,$13.94,3,,,2.54,$7.53,85.10%,,,,$7.60,0.93%,$0.00,-100.00%,$0.00,-100.00%,LTBR,NASDAQ:LTBR,-0.092,$10.50,
NYSE:LTH,15 Aug 2025,$22.60,2,,,2.50,$42.02,-46.21%,,,,$44.01,4.74%,$0.00,-100.00%,$0.00,-100.00%,LTH,NYSE:LTH,-0.094,$55.43,
NASDAQ:LTRX,5 Feb 2026,$7.76,3,$7.88,9,2.10,$5.30,46.48%,,,,$5.38,1.51%,$0.00,-100.00%,$0.00,-100.00%,LTRX,NASDAQ:LTRX,-0.290,$10.33,-23.72%
NYSE:LU,1 Sep 2025,$3.43,3,,4,1.99,$1.26,171.90%,,,,$1.28,1.59%,$0.00,-100.00%,$0.00,-100.00%,LU,NYSE:LU,-0.336,$2.49,
NASDAQ:LUNG,4 Dec 2025,$3.40,3,$4.10,1,1.69,$2.38,42.86%,,,,$2.38,0.00%,$0.00,-100.00%,$0.00,-100.00%,LUNG,NASDAQ:LUNG,-0.469,$3.40,20.59%
NYSE:LUXE,26 Mar 2026,$9.82,3,,,,$7.64,28.47%,,,,$0.00,-100.00%,$16.04,110.00%,$18.45,141.51%,LUXE,NYSE:LUXE,-1.235,$9.32,
NASDAQ:LWAY,27 Aug 2025,$25.66,2,,,1.61,$26.03,-1.42%,,,,$26.07,0.15%,$0.00,-100.00%,$0.00,-100.00%,LWAY,NASDAQ:LWAY,-0.476,$33.00,
NASDAQ:LX,9 Sep 2025,$5.80,3,,7,,$1.07,442.06%,,,,$0.00,-100.00%,$0.00,-100.00%,$0.00,-100.00%,LX,NASDAQ:LX,-1.092,$3.50,
NYSE:LXFR,11 Nov 2025,$12.33,3,,5,0.93,$17.18,-28.26%,,,,$16.91,-1.57%,$24.93,45.12%,$18.03,4.97%,LXFR,NYSE:LXFR,-0.742,$18.75,
NYSE:LXU,22 Jan 2026,$9.49,3,$10.38,3,3.53,$10.67,-11.07%,,,,$11.04,3.47%,$0.00,-100.00%,$0.00,-100.00%,LXU,NYSE:LXU,0.374,$13.70,-24.23%
NYSE:LYG,10 Mar 2026,$4.90,3,,5,0.70,$5.87,-16.52%,,,,$5.77,-1.70%,-$66.59,-1234.46%,-$68.32,-1263.85%,LYG,NYSE:LYG,-0.845,$6.46,
NASDAQ:LYTS,5 Feb 2026,$23.01,3,$29.33,7,1.80,$19.59,17.45%,,,,$19.71,0.61%,$0.00,-100.00%,$0.00,-100.00%,LYTS,NASDAQ:LYTS,-0.423,$30.00,-2.23%
NYSE:LZM,28 Oct 2025,$7.28,3,$8.00,6,1.58,$4.63,57.24%,,,,$4.28,-7.56%,$0.00,-100.00%,$0.00,-100.00%,LZM,NYSE:LZM,-0.520,$8.63,-7.30%
NYSE:M,17 Nov 2023,$28.11,3,,,1.98,$21.96,28.02%,,,,$22.14,0.82%,$12.55,-42.83%,$31.41,43.05%,M,NYSE:M,-0.266,$23.23,
NYSE:MAA,18 Sep 2025,$156.08,4,$158.89,4,2.49,$128.85,21.14%,,,,$130.35,1.16%,$0.00,-100.00%,$0.00,-100.00%,MAA,NYSE:MAA,-0.054,$143.84,10.46%
NASDAQ:MAPS,9 Feb 2026,$1.32,3,,2,,,#DIV/0!,,,,,#DIV/0!,-$2.00,#DIV/0!,-$2.00,#DIV/0!,MAPS,NASDAQ:MAPS,-2.000,,
NASDAQ:MAR,23 Dec 2025,$276.62,2,$301.75,6,2.98,$341.76,-19.06%,,,,$365.32,6.89%,$0.00,-100.00%,$0.00,-100.00%,MAR,NASDAQ:MAR,0.165,$380.64,-20.73%
NYSE:MAS,9 Apr 2026,$74.88,5,$77.30,2,1.52,$72.16,3.77%,,,,$72.36,0.28%,$0.00,-100.00%,$0.00,-100.00%,MAS,NYSE:MAS,-0.485,$80.61,-4.11%
NASDAQ:MASI,11 Dec 2025,$144.64,3,$188.40,8,,,#DIV/0!,,,,,#DIV/0!,-$2.00,#DIV/0!,-$2.00,#DIV/0!,MASI,NASDAQ:MASI,-2.000,,
NASDAQ:MASS,16 Dec 2025,$6.35,3,$8.00,6,1.74,$10.67,-40.49%,,,,$10.52,-1.41%,$0.00,-100.00%,$0.00,-100.00%,MASS,NASDAQ:MASS,-0.407,$13.00,-38.46%
NASDAQ:MAT,18 May 2026,$22.83,3,$16.20,6,1.43,$14.95,8.36%,,,,$14.85,-0.67%,$0.00,-100.00%,$0.00,-100.00%,MAT,NASDAQ:MAT,-0.545,$18.23,-11.14%
NASDAQ:MATW,12 Jun 2025,$31.87,5,,6,2.07,$20.77,53.42%,,,,$21.02,1.20%,$0.00,-100.00%,$0.00,-100.00%,MATW,NASDAQ:MATW,-0.301,$31.33,
NYSE:MATX,24 May 2026,$189.11,3,$213.00,6,1.65,$224.81,-15.88%,,,,$222.75,-0.92%,$0.00,-100.00%,$0.00,-100.00%,MATX,NYSE:MATX,-0.437,$261.67,-18.60%
NYSE:MAX,23 Aug 2025,$13.82,3,$15.83,3,1.40,$12.62,9.48%,,,,$12.52,-0.79%,$40.95,224.47%,$41.63,229.88%,MAX,NYSE:MAX,-0.559,$15.43,2.59%
NYSE:MBC,24 Dec 2024,$17.00,4,$23.00,4,1.33,$8.25,106.01%,,,,$8.44,2.30%,$0.00,-100.00%,$0.00,-100.00%,MBC,NYSE:MBC,-0.601,$10.36,122.01%
NYSE:MBI,3 Jan 2025,$6.33,3,$6.75,2,2.46,$4.83,31.08%,,,,$4.81,-0.41%,$0.00,-100.00%,$0.00,-100.00%,MBI,NYSE:MBI,-0.128,$7.00,-3.57%
NASDAQ:MBIN,16 Mar 2026,$47.75,3,$48.50,4,1.82,$52.64,-9.29%,,,,$53.16,0.99%,$0.00,-100.00%,$0.00,-100.00%,MBIN,NASDAQ:MBIN,-0.342,$56.50,-14.16%
NASDAQ:MBWM,24 Mar 2026,$55.58,3,$56.00,6,1.65,$59.76,-6.99%,,,,$59.83,0.12%,$0.00,-100.00%,$0.00,-100.00%,MBWM,NASDAQ:MBWM,-0.412,$63.17,-11.35%
NYSE:MC,24 Oct 2025,$64.64,3,,,1.72,$68.07,-5.04%,,,,$68.36,0.43%,$237.52,248.93%,$241.07,254.15%,MC,NYSE:MC,-0.381,$72.00,
NYSE:MCB,18 Nov 2025,$66.26,3,$88.00,4,1.91,$90.78,-27.01%,,,,$91.44,0.73%,$0.00,-100.00%,$0.00,-100.00%,MCB,NYSE:MCB,-0.322,$106.00,-16.98%
NASDAQ:MCBS,24 Oct 2025,$30.06,3,$31.00,4,1.48,$34.82,-13.67%,,,,$35.03,0.60%,$0.00,-100.00%,$0.00,-100.00%,MCBS,NASDAQ:MCBS,-0.495,$38.00,-18.42%
NYSE:MCD,18 Sep 2025,$295.53,3,$322.80,8,2.06,$263.54,12.14%,,,,$262.14,-0.53%,$0.00,-100.00%,$0.00,-100.00%,MCD,NYSE:MCD,-0.260,$315.39,2.35%
NASDAQ:MCHP,27 Jan 2026,$69.09,2,$81.39,8,2.70,$73.45,-5.93%,,,,$73.71,0.35%,$0.00,-100.00%,$0.00,-100.00%,MCHP,NASDAQ:MCHP,-0.022,$108.64,-25.08%
NYSE:MCK,23 Aug 2024,$496.23,2,,,2.20,$885.32,-43.95%,,,,$899.29,1.58%,$0.00,-100.00%,$0.00,-100.00%,MCK,NYSE:MCK,-0.180,$986.94,
NYSE:MCO,16 Sep 2025,$491.12,3,,,1.04,$504.64,-2.68%,,,,$500.42,-0.84%,$712.78,41.24%,$759.92,50.59%,MCO,NYSE:MCO,-0.696,$560.48,
NYSE:MD,2 May 2025,$17.20,4,$18.10,6,1.62,$26.23,-34.42%,,,,$26.46,0.88%,$0.00,-100.00%,$0.00,-100.00%,MD,NYSE:MD,-0.412,$26.33,-31.26%
NYSE:MDT,14 Jan 2026,$99.63,3,$111.63,6,1.78,$90.65,9.91%,,,,$90.27,-0.42%,$160.33,76.86%,$193.15,113.07%,MDT,NYSE:MDT,-0.360,$97.92,14.00%
NASDAQ:MDWD,1 Sep 2025,$18.47,3,$30.00,4,1.66,$12.61,46.48%,,,,$12.51,-0.79%,$0.00,-100.00%,$0.00,-100.00%,MDWD,NASDAQ:MDWD,-0.484,$29.83,0.57%
NYSE:MED,23 Dec 2025,$14.30,3,,4,1.46,$12.14,17.83%,,,,$11.85,-2.39%,$0.00,-100.00%,$0.00,-100.00%,MED,NYSE:MED,-0.484,$12.00,
NYSE:MEI,19 Mar 2025,$11.38,3,$11.50,4,1.08,$18.23,-37.55%,,,,$17.47,-4.17%,$20.43,12.04%,$23.46,28.67%,MEI,NYSE:MEI,-0.698,$22.00,-47.73%
NASDAQ:MELI,29 Aug 2025,"$2,075.00",2,,,1.19,"$1,936.20",7.17%,,,,"$1,924.79",-0.59%,$0.00,-100.00%,$0.00,-100.00%,MELI,NASDAQ:MELI,-0.641,"$2,256.54",
NASDAQ:MERC,9 Apr 2025,$9.51,3,$7.00,5,0.80,$0.39,1694.87%,,,,$0.34,-12.82%,$0.00,-100.00%,$0.00,-100.00%,MERC,NASDAQ:MERC,-0.869,$0.60,1066.67%
NASDAQ:MESO,11 Dec 2025,$18.44,3,,,1.77,$16.76,10.02%,,,,$17.34,3.46%,$0.00,-100.00%,$0.00,-100.00%,MESO,NASDAQ:MESO,-0.436,$37.00,
NASDAQ:META,19 Jul 2024,$436.35,2,,,2.61,$572.34,-23.76%,,,,$578.77,1.12%,$0.00,-100.00%,$0.00,-100.00%,META,NASDAQ:META,-0.046,$754.72,
NASDAQ:METC,16 Jun 2025,$18.15,3,$13.00,2,1.78,$14.24,-8.71%,,,,$13.31,-6.53%,$0.00,-100.00%,$0.00,-100.00%,METC,NASDAQ:METC,-0.414,$18.88,-31.14%
NYSE:MFG,19 Nov 2025,$6.09,2,,,1.91,$10.64,-42.76%,,,,$10.68,0.38%,$0.00,-100.00%,$0.00,-100.00%,MFG,NYSE:MFG,-0.283,$10.48,
NASDAQ:MGEE,29 Jan 2025,$79.73,3,$76.50,7,2.68,$77.69,-1.53%,,,,$80.51,3.63%,$0.00,-100.00%,$0.00,-100.00%,MGEE,NASDAQ:MGEE,0.056,$77.75,-1.61%
NASDAQ:MGNX,23 Dec 2025,$2.57,3,$3.00,2,1.20,$3.99,-35.48%,,,,$3.93,-1.50%,$0.00,-100.00%,$0.00,-100.00%,MGNX,NASDAQ:MGNX,-0.688,$7.25,-58.62%
NASDAQ:MGPI,19 Jun 2025,$49.20,3,$38.50,6,2.64,$16.61,131.79%,,,,$16.66,0.30%,$0.00,-100.00%,$0.00,-100.00%,MGPI,NASDAQ:MGPI,-0.048,$27.80,38.49%
NYSE:MGY,27 Jan 2026,$27.84,4,$26.85,6,1.97,$26.85,0.00%,,,,$26.33,-1.94%,$0.00,-100.00%,$0.00,-100.00%,MGY,NYSE:MGY,-0.308,$32.88,-18.34%
NYSE:MHO,18 Mar 2026,$159.41,5,$165.00,4,1.93,$148.81,7.12%,,,,$151.08,1.53%,$0.00,-100.00%,$0.00,-100.00%,MHO,NYSE:MHO,-0.308,$170.67,-3.32%
NASDAQ:MIDD,28 Apr 2026,$161.75,5,$180.00,6,2.81,$110.84,45.93%,,,,$117.11,5.66%,$0.00,-100.00%,$0.00,-100.00%,MIDD,NASDAQ:MIDD,0.027,$154.89,16.21%
NYSE:MIR,19 Nov 2025,$18.40,2,$31.83,9,2.10,$15.07,22.08%,,,,$14.44,-4.18%,$18.38,21.99%,$26.45,75.52%,MIR,NYSE:MIR,-0.290,$24.70,28.87%
NASDAQ:MITK,27 Jan 2026,$157.37,5,$14.67,9,1.29,$18.46,-20.53%,,,,$18.45,-0.05%,$0.00,-100.00%,$0.00,-100.00%,MITK,NASDAQ:MITK,-0.609,$22.62,-35.15%
NYSE:MKC,23 Dec 2025,$74.06,5,$78.11,5,0.94,$54.22,36.60%,,,,$54.01,-0.39%,$103.64,91.15%,$122.03,125.06%,MKC,NYSE:MKC,-0.742,$60.62,28.85%
NASDAQ:MKSI,30 Jan 2026,$186.47,1,$225.25,10,2.63,$256.24,-27.23%,,,,$258.57,0.91%,$0.00,-100.00%,$0.00,-100.00%,MKSI,NASDAQ:MKSI,-0.052,$411.31,-45.24%
NASDAQ:MKTX,23 Aug 2025,$211.29,4,$232.14,4,0.98,$162.63,29.92%,,,,$160.80,-1.13%,$0.00,-100.00%,$0.00,-100.00%,MKTX,NASDAQ:MKTX,-0.691,$158.00,46.92%
NASDAQ:MLKN,20 Sep 2024,$28.93,3,,,1.14,$22.59,28.07%,,,,$22.77,0.80%,$33.95,50.31%,$19.22,-14.93%,MLKN,NASDAQ:MLKN,-0.717,$35.00,
NYSE:MNR,22 Jan 2026,$25.78,3,$20.00,7,0.95,$12.50,60.00%,,,,$12.28,-1.76%,$0.00,-100.00%,$0.00,-100.00%,MNR,NYSE:MNR,-0.800,$17.57,13.83%
NASDAQ:MNRO,6 Jun 2025,$30.40,3,$17.67,8,2.22,$12.46,41.81%,,,,$12.35,-0.88%,$5.44,-56.33%,$21.14,69.69%,MNRO,NASDAQ:MNRO,-0.234,$22.00,-19.68%
NYSE:MNSO,1 Sep 2025,$24.84,3,$26.94,8,2.03,$9.30,167.05%,,,,$10.06,8.17%,$0.00,-100.00%,$0.00,-100.00%,MNSO,NYSE:MNSO,-0.318,$19.07,41.27%
NYSE:MO,17 Mar 2026,$65.79,3,$68.00,4,1.88,$68.48,-3.92%,,,,$68.08,-0.58%,$0.00,-100.00%,$0.00,-100.00%,MO,NYSE:MO,-0.303,$70.00,-2.86%
NASDAQ:MOFG,2 Oct 2025,$33.83,3,$34.50,5,,,#DIV/0!,,,,,#DIV/0!,-$2.00,#DIV/0!,-$2.00,#DIV/0!,MOFG,NASDAQ:MOFG,-2.000,,
NYSE:MOS,23 Dec 2025,$27.76,5,$33.54,7,2.09,$24.12,15.07%,,,,$23.51,-2.53%,$0.00,-100.00%,$0.00,-100.00%,MOS,NYSE:MOS,-0.228,$26.47,26.71%
NYSE:MOV,26 Mar 2026,$28.60,4,$30.75,7,2.11,$33.73,-15.22%,,,,$34.57,2.49%,$0.00,-100.00%,$0.00,-100.00%,MOV,NYSE:MOV,-0.286,$47.50,-35.26%
NASDAQ:MPB,19 Mar 2026,$32.84,3,$37.00,7,2.10,$36.41,-9.80%,,,,$36.94,1.46%,$0.00,-100.00%,$0.00,-100.00%,MPB,NASDAQ:MPB,-0.222,$40.33,-8.26%
NYSE:MPLX,16 Jun 2026,$55.67,1,,,1.73,$59.17,-5.92%,,,,$59.41,0.41%,$0.00,-100.00%,$0.00,-100.00%,MPLX,NYSE:MPLX,-0.378,$62.23,
NYSEAMERICAN:MPTI,11 Feb 2026,$62.49,,,6,,$76.16,-17.95%,,,,,-100.00%,-$2.00,-102.63%,-$2.00,-102.63%,MPTI,NYSEAMERICAN:MPTI,-2.000,,
NASDAQ:MPWR,26 Jan 2026,$897.84,2,,,2.25,"$1,267.77",-29.18%,,,,"$1,264.40",-0.27%,$0.00,-100.00%,$0.00,-100.00%,MPWR,NASDAQ:MPWR,-0.220,"$1,842.64",
NASDAQ:MRAM,19 Jan 2026,$10.62,3,$10.50,8,2.19,$16.25,-35.38%,,,,$16.42,1.05%,$0.00,-100.00%,$0.00,-100.00%,MRAM,NASDAQ:MRAM,-0.249,$25.67,-59.10%
NASDAQ:MRVL,15 Jan 2026,$93.91,4,$119.56,10,2.30,$211.66,-55.63%,,,,$217.59,2.80%,$0.00,-100.00%,$0.00,-100.00%,MRVL,NASDAQ:MRVL,-0.182,$278.89,-57.13%
NASDAQ:MRX,10 Sep 2025,$29.58,2,,,1.66,$72.48,-59.19%,,,,$71.11,-1.89%,$0.00,-100.00%,$0.00,-100.00%,MRX,NASDAQ:MRX,-0.420,$79.88,
NYSE:MS,27 Aug 2025,$131.18,2,,,2.07,$213.32,-38.50%,,,,$215.85,1.19%,$0.00,-100.00%,$0.00,-100.00%,MS,NYSE:MS,-0.238,$236.62,
NYSE:MSB,1 Sep 2025,$30.89,1,,,1.17,$24.46,26.29%,,,,$23.35,-4.54%,"$830,809.91",3396506.32%,"$830,809.91",3396506.32%,MSB,NYSE:MSB,-0.692,$33.00,
NASDAQ:MSBI,2 Oct 2025,$21.79,3,$20.67,3,1.91,$32.79,-36.96%,,,,$32.89,0.30%,$0.00,-100.00%,$0.00,-100.00%,MSBI,NASDAQ:MSBI,-0.285,$33.25,-37.83%
NYSE:MSCI,24 Oct 2025,$568.24,3,,,1.42,$570.64,-0.42%,,,,$567.81,-0.50%,$784.13,37.41%,$825.80,44.72%,MSCI,NYSE:MSCI,-0.551,$692.06,
NASDAQ:MSFT,26 Jan 2026,$49.22,3,,,1.41,$507.29,-90.30%,,,,$503.37,-0.77%,$645.62,27.27%,$702.17,38.42%,MSFT,NASDAQ:MSFT,-0.536,$569.45,
NYSE:MSI,2 Feb 2026,$451.69,3,$462.25,8,0.51,$485.30,-6.93%,,,,$466.91,-3.79%,$0.00,-100.00%,$0.00,-100.00%,MSI,NYSE:MSI,-0.926,$526.82,-12.26%
NASDAQ:MSTR,9 Feb 2026,$240.05,3,$361.73,4,1.02,$132.94,80.57%,,,,$124.38,-6.44%,$0.00,-100.00%,$0.00,-100.00%,MSTR,NASDAQ:MSTR,-0.768,$225.14,60.67%
NYSE:MT,29 Apr 2026,$53.35,2,$66.60,9,1.73,$74.60,-28.48%,,,,$74.11,-0.66%,$0.00,-100.00%,$0.00,-100.00%,MT,NYSE:MT,-0.368,$76.20,-12.60%
NYSE:MTB,20 Oct 2025,$182.98,3,$219.71,4,2.52,$233.94,-21.78%,,,,$240.60,2.85%,$0.00,-100.00%,$0.00,-100.00%,MTB,NYSE:MTB,-0.035,$257.25,-14.59%
NYSE:MTDR,19 Aug 2025,$64.64,3,$62.88,4,1.85,$58.01,8.40%,,,,$56.27,-3.00%,$0.00,-100.00%,$0.00,-100.00%,MTDR,NYSE:MTDR,-0.351,$68.79,-8.59%
NYSE:MTG,16 Jul 2024,$24.62,3,,,1.54,$30.65,-19.68%,,,,$31.00,1.14%,$59.72,94.84%,$60.18,96.36%,MTG,NYSE:MTG,-0.451,$31.00,
NASDAQ:MTRX,23 Jan 2026,$15.94,3,,1,2.25,$10.81,47.42%,,,,$10.75,-0.56%,$41.94,287.93%,$44.94,315.76%,MTRX,NASDAQ:MTRX,-0.222,$20.00,
NASDAQ:MTSI,27 Jan 2026,$193.58,2,$204.75,8,1.92,$263.83,-26.63%,,,,$263.69,-0.05%,$0.00,-100.00%,$0.00,-100.00%,MTSI,NASDAQ:MTSI,-0.369,$395.33,-48.21%
NYSE:MTW,20 Sep 2024,$13.92,3,,,1.74,$19.42,-28.32%,,,,$18.97,-2.32%,$0.00,-100.00%,$0.00,-100.00%,MTW,NYSE:MTW,-0.299,$14.00,
NYSE:MTZ,4 Sep 2024,$99.99,3,,,2.54,$239.78,-58.30%,,,,$243.16,1.41%,$277.97,15.93%,$284.11,18.49%,MTZ,NYSE:MTZ,-0.095,$422.00,
NYSE:MUFG,21 Oct 2025,$13.65,3,,10,1.41,$22.75,-40.00%,,,,$22.78,0.13%,$0.00,-100.00%,$0.00,-100.00%,MUFG,NYSE:MUFG,-0.494,$21.59,
NYSE:MUX,20 Aug 2025,$12.92,3,$15.83,6,2.57,$20.16,-35.90%,,,,$20.52,1.79%,$0.00,-100.00%,$0.00,-100.00%,MUX,NYSE:MUX,-0.081,$31.00,-48.94%
NASDAQ:MVIS,5 Feb 2026,$1.11,4,,1,1.87,$1.81,-38.45%,,,,$1.78,-1.66%,$0.00,-100.00%,$0.00,-100.00%,MVIS,NASDAQ:MVIS,-0.325,$2.00,
NYSE:MWA,13 Nov 2025,$22.51,2,$27.20,1,2.62,$24.14,-6.76%,,,,$24.56,1.74%,$0.00,-100.00%,$0.00,-100.00%,MWA,NYSE:MWA,-0.034,$31.00,-12.26%
NYSE:MX,9 Feb 2026,$4.11,3,,3,1.81,$3.13,31.31%,,,,$3.15,0.64%,$2.97,-5.05%,$5.00,59.79%,MX,NYSE:MX,-0.391,$4.00,
NASDAQ:MXCT,23 Dec 2025,$2.30,3,$6.84,,,$1.29,77.98%,,,,,-100.00%,-$2.00,-255.04%,-$2.00,-255.04%,MXCT,NASDAQ:MXCT,-2.000,,
NASDAQ:MXL,19 Jan 2026,$27.04,4,$22.00,4,2.27,$59.91,-63.28%,,,,$61.42,2.52%,$58.68,-2.05%,$64.02,6.85%,MXL,NASDAQ:MXL,-0.214,$94.55,-76.73%
NYSEAMERICAN:MYO,16 Dec 2025,$1.00,1,,,,$1.49,-32.89%,,,,,-100.00%,-$2.00,-234.23%,-$2.00,-234.23%,MYO,NYSEAMERICAN:MYO,-2.000,,
NASDAQ:MYRG,25 Sep 2024,$129.33,3,,,4.00,$291.42,-55.62%,,,,$322.11,10.53%,$399.63,37.13%,$452.39,55.24%,MYRG,NASDAQ:MYRG,0.565,$392.50,
NYSE:NABL,5 Feb 2026,$8.30,3,$9.65,5,2.02,$3.98,108.44%,,,,$4.16,4.52%,$0.00,-100.00%,$0.00,-100.00%,NABL,NYSE:NABL,-0.277,$4.68,106.20%
NYSEAMERICAN:NAK,3 Sep 2025,$1.18,,$2.50,4,,$1.68,-29.76%,,,,,-100.00%,-$2.00,-219.05%,-$2.00,-219.05%,NAK,NYSEAMERICAN:NAK,-2.000,,
NASDAQ:NAVI,23 Aug 2025,$18.59,4,$13.20,6,0.94,$9.51,38.80%,,,,$9.26,-2.63%,$0.00,-100.00%,$0.00,-100.00%,NAVI,NASDAQ:NAVI,-0.703,$9.07,45.53%
NASDAQ:NB,12 Aug 2025,$5.09,3,,,1.10,$4.19,21.38%,,,,$4.07,-2.86%,$0.00,-100.00%,$0.00,-100.00%,NB,NASDAQ:NB,-0.733,$12.40,
NASDAQ:NBBK,28 Nov 2025,$21.28,3,$22.00,9,1.71,$22.33,-4.70%,,,,$21.36,-4.34%,$0.00,-100.00%,$0.00,-100.00%,NBBK,NASDAQ:NBBK,-0.406,$25.50,-13.73%
NYSE:NBHC,6 Oct 2025,$47.71,4,$44.75,5,1.82,$41.29,8.38%,,,,$40.95,-0.82%,$0.00,-100.00%,$0.00,-100.00%,NBHC,NYSE:NBHC,-0.364,$48.50,-7.73%
NASDAQ:NBN,27 May 2026,$126.48,3,$130.50,8,2.25,$126.15,0.26%,,,,$130.20,3.21%,$0.00,-100.00%,$0.00,-100.00%,NBN,NASDAQ:NBN,-0.162,$143.50,-9.06%
NASDAQ:NBTB,2 Oct 2025,$49.04,3,$50.67,4,2.24,$51.42,-4.63%,,,,$51.79,0.72%,$0.00,-100.00%,$0.00,-100.00%,NBTB,NASDAQ:NBTB,-0.160,$56.83,-10.84%
NASDAQ:NCNA,7 Jul 2025,$0.15,3,,,,$1.47,-90.14%,,,,,-100.00%,-$2.00,-236.05%,-$2.00,-236.05%,NCNA,NASDAQ:NCNA,-2.000,,
NASDAQ:NECB,2 Oct 2025,$25.63,3,$25.00,2,2.22,$26.35,-5.12%,,,,$26.67,1.21%,$0.00,-100.00%,$0.00,-100.00%,NECB,NASDAQ:NECB,-0.175,$29.75,-15.97%
NYSE:NEM,21 Jul 2025,$58.12,3,$67.81,10,0.73,$126.06,-53.90%,,,,$124.59,-1.17%,$211.14,67.49%,$359.82,185.43%,NEM,NYSE:NEM,-0.821,$132.87,-48.97%
NASDAQ:NEO,2 Sep 2025,$7.13,3,$9.83,6,0.70,$17.91,-60.17%,,,,$17.49,-2.35%,$17.03,-4.93%,$22.06,23.18%,NEO,NASDAQ:NEO,-0.846,$19.72,-50.15%
NYSE:NET,22 Jan 2026,$169.89,3,$246.25,6,1.72,$305.11,-44.32%,,,,$298.83,-2.06%,$0.00,-100.00%,$0.00,-100.00%,NET,NYSE:NET,-0.388,$333.55,-26.17%
NASDAQ:NEWT,19 Nov 2025,$11.21,4,$14.38,4,1.69,$11.79,-4.92%,,,,$11.85,0.51%,$0.00,-100.00%,$0.00,-100.00%,NEWT,NASDAQ:NEWT,-0.452,$15.50,-7.23%
NASDAQ:NFLX,8 Jul 2024,$571.61,2,,,0.89,$81.05,605.26%,,,,$78.68,-2.92%,$100.72,24.26%,$169.66,109.33%,NFLX,NASDAQ:NFLX,-0.774,$93.66,
NYSE:NGG,19 Sep 2025,$70.94,3,$78.00,8,,$79.16,-10.39%,,,,,-100.00%,-$2.00,-102.53%,-$2.00,-102.53%,NGG,NYSE:NGG,-2.000,,
NYSE:NGL,22 Jan 2026,$10.10,1,,,1.74,$18.97,-46.76%,,,,$17.75,-6.43%,$0.00,-100.00%,$0.00,-100.00%,NGL,NYSE:NGL,-0.272,$5.00,
NYSE:NGVC,20 Mar 2026,$44.77,3,,4,2.86,$27.37,63.56%,,,,$28.59,4.46%,$0.00,-100.00%,$0.00,-100.00%,NGVC,NYSE:NGVC,0.047,$44.67,
NYSE:NGVT,2 Oct 2025,$58.97,4,$60.67,7,1.67,$69.29,-14.89%,,,,$68.76,-0.76%,$79.24,14.36%,$98.84,42.65%,NGVT,NYSE:NGVT,-0.452,$89.00,-31.83%
NYSE:NIC,2 Oct 2025,$118.87,3,$139.67,4,1.85,$169.34,-29.80%,,,,$171.52,1.29%,$0.00,-100.00%,$0.00,-100.00%,NIC,NYSE:NIC,-0.341,$191.80,-27.18%
NASDAQ:NICE,11 Feb 2026,$180.97,3,$158.57,6,1.79,$109.18,45.24%,,,,$104.73,-4.08%,$0.00,-100.00%,$0.00,-100.00%,NICE,NASDAQ:NICE,-0.372,$125.85,26.00%
NYSE:NIO,15 Dec 2025,$5.32,3,$6.36,6,1.13,$4.23,25.79%,,,,$4.25,0.47%,-$2.84,-167.09%,$1.03,-75.63%,NIO,NYSE:NIO,-0.720,$7.37,-13.70%
NASDAQ:NIU,15 Dec 2025,$4.01,4,,5,,$2.02,98.58%,,,,,-100.00%,-$2.00,-199.01%,-$2.00,-199.01%,NIU,NASDAQ:NIU,-2.000,,
NYSE:NKE,26 Mar 2026,$81.79,5,$73.31,3,2.29,$39.06,87.69%,,,,$38.93,-0.33%,$60.32,54.42%,$66.77,70.94%,NKE,NYSE:NKE,-0.181,$50.52,45.11%
NYSE:NLOP,7 Aug 2026,$11.85,3,,6,3.76,$11.42,3.77%,3.77%,$11.85,$46.00,$11.92,4.38%,$0.00,-100.00%,$0.00,-100.00%,NLOP,NYSE:NLOP,0.450,$46.00,
NASDAQ:NMFC,10 Jun 2024,$13.42,3,,,1.03,$7.63,75.88%,,,,$7.45,-2.36%,$0.00,-100.00%,$0.00,-100.00%,NMFC,NASDAQ:NMFC,-0.696,$8.29,
NASDAQ:NMIH,6 Mar 2024,$30.63,3,,,2.02,$44.35,-30.93%,,,,$44.93,1.31%,"-$16,057.12",-36305.47%,"-$16,054.91",-36300.47%,NMIH,NASDAQ:NMIH,-0.259,$49.17,
NYSE:NMM,5 Mar 2026,$85.02,4,,,2.10,$88.33,-3.75%,,,,$87.34,-1.12%,$0.00,-100.00%,$0.00,-100.00%,NMM,NYSE:NMM,-0.223,$96.75,
NYSE:NMR,15 Oct 2025,$6.87,3,,7,1.57,$10.18,-32.51%,,,,$10.25,0.69%,"$4,855.29",47594.37%,"$5,164.30",50629.85%,NMR,NYSE:NMR,-0.440,$10.31,
NASDAQ:NNE,28 Oct 2025,$34.69,3,,,2.42,$18.29,89.67%,,,,$17.99,-1.64%,$0.00,-100.00%,$0.00,-100.00%,NNE,NASDAQ:NNE,-0.146,$40.83,
NYSE:NNN,16 Sep 2025,$49.73,5,$44.93,5,2.34,$45.20,-0.60%,,,,$45.82,1.37%,$0.00,-100.00%,$0.00,-100.00%,NNN,NYSE:NNN,-0.105,$47.80,-6.00%
NYSE:NOA,23 Jul 2026,$16.74,4,$18.93,7,1.54,$13.39,25.00%,,,,$13.05,-2.54%,$0.00,-100.00%,$0.00,-100.00%,NOA,NYSE:NOA,-0.537,$26.95,-29.76%
NYSE:NOG,19 Sep 2025,$38.23,3,$30.29,2,1.53,$26.01,16.46%,,,,$25.44,-2.19%,$0.00,-100.00%,$0.00,-100.00%,NOG,NYSE:NOG,-0.487,$29.78,1.71%
NYSE:NOK,28 Jan 2026,$6.27,3,$7.69,8,2.32,$10.14,-38.18%,,,,$10.25,1.08%,$12.04,18.75%,$14.10,39.03%,NOK,NYSE:NOK,-0.193,$15.02,-48.80%
NYSE:NOMD,27 Apr 2026,$15.76,3,$12.80,5,2.12,$11.64,9.97%,,,,$11.96,2.75%,$0.00,-100.00%,$0.00,-100.00%,NOMD,NYSE:NOMD,-0.232,$13.65,-6.23%
NYSE:NOTE,13 Nov 2025,$4.93,3,$6.00,4,,,#DIV/0!,,,,,#DIV/0!,-$2.00,#DIV/0!,-$2.00,#DIV/0!,NOTE,NYSE:NOTE,-2.000,,
NYSE:NOV,21 Jul 2025,$17.42,3,$15.75,4,2.29,$21.29,-26.02%,,,,$20.70,-2.77%,$38.10,78.95%,$19.87,-6.67%,NOV,NYSE:NOV,-0.125,$22.24,-29.18%
NASDAQ:NOVT,30 Jan 2026,$158.93,3,$138.00,6,3.07,$146.22,-5.62%,,,,$149.20,2.04%,$0.00,-100.00%,$0.00,-100.00%,NOVT,NASDAQ:NOVT,0.156,$194.50,-29.05%
NASDAQ:NPCE,11 Dec 2025,$17.05,3,$18.40,5,1.96,$14.65,16.42%,,,,$13.82,-5.67%,$0.00,-100.00%,$0.00,-100.00%,NPCE,NASDAQ:NPCE,-0.346,$20.22,-9.00%
NYSE:NPO,29 Oct 2025,$196.10,1,$245.00,5,2.69,$296.22,-33.80%,,,,$301.97,1.94%,$0.00,-100.00%,$0.00,-100.00%,NPO,NYSE:NPO,-0.009,$389.50,-37.10%
NYSE:NPWR,11 Nov 2025,$5.54,3,$4.00,3,1.23,$1.78,124.72%,,,,$1.78,0.00%,$0.00,-100.00%,$0.00,-100.00%,NPWR,NYSE:NPWR,-0.677,$3.00,33.33%
NYSE:NRG,18 Sep 2025,$102.90,1,,,2.38,$110.12,-6.56%,,,,$111.76,1.49%,$0.00,-100.00%,$0.00,-100.00%,NRG,NYSE:NRG,-0.164,$188.75,
NASDAQ:NRIM,27 May 2026,$24.39,3,,6,2.49,$25.57,-4.61%,,,,$25.96,1.53%,$0.00,-100.00%,$0.00,-100.00%,NRIM,NASDAQ:NRIM,-0.069,$30.50,
NYSE:NSA,19 Aug 2025,$45.71,3,$33.59,2,,,#DIV/0!,,,,,#DIV/0!,-$2.00,#DIV/0!,-$2.00,#DIV/0!,NSA,NYSE:NSA,-2.000,,
NYSE:NSC,31 May 2024,$224.71,3,,,1.77,$342.79,-34.45%,,,,$347.50,1.37%,$317.50,-7.38%,$383.08,11.75%,NSC,NYSE:NSC,-0.362,$365.28,
NASDAQ:NSIT,11 Feb 2026,$144.78,3,$100.00,6,1.05,$157.02,-36.31%,,,,$153.48,-2.25%,$0.00,-100.00%,$0.00,-100.00%,NSIT,NASDAQ:NSIT,-0.678,$163.75,-38.93%
NASDAQ:NTCT,19 Jan 2026,$29.00,3,$32.00,8,1.61,$38.83,-25.31%,,,,$39.07,0.62%,$0.00,-100.00%,$0.00,-100.00%,NTCT,NASDAQ:NTCT,-0.444,$43.38,-26.23%
NASDAQ:NTGR,5 Feb 2026,$23.48,3,,,2.88,$21.16,10.95%,,,,$22.41,5.91%,$0.00,-100.00%,$0.00,-100.00%,NTGR,NASDAQ:NTGR,0.057,$35.00,
NASDAQ:NTLA,20 Nov 2025,$23.74,3,$15.97,5,1.57,$12.73,25.45%,,,,$12.65,-0.63%,$0.00,-100.00%,$0.00,-100.00%,NTLA,NASDAQ:NTLA,-0.523,$23.94,-33.29%
NYSE:NU,21 Oct 2025,$17.44,3,$17.38,9,1.26,$14.55,19.45%,,,,$14.11,-3.02%,$0.00,-100.00%,$0.00,-100.00%,NU,NYSE:NU,-0.638,$18.78,-7.45%
NYSE:NUE,20 Aug 2024,$172.03,4,,,2.05,$249.64,-31.09%,,,,$249.95,0.12%,$0.00,-100.00%,$0.00,-100.00%,NUE,NYSE:NUE,-0.251,$282.81,
NASDAQ:NVA,11 Dec 2025,$9.58,3,,7,,,#DIV/0!,,,,,#DIV/0!,-$2.00,#DIV/0!,-$2.00,#DIV/0!,NVA,NASDAQ:NVA,-2.000,,
NASDAQ:NVAX,23 Dec 2025,$9.60,3,$10.00,6,1.29,$9.37,2.47%,,,,$8.82,-5.87%,$0.00,-100.00%,$0.00,-100.00%,NVAX,NASDAQ:NVAX,-0.647,$14.00,-28.57%
NASDAQ:NVCR,11 Dec 2025,$13.87,3,$27.00,2,1.75,$17.65,-21.42%,,,,$17.43,-1.25%,$14.45,-18.11%,$15.04,-14.78%,NVCR,NASDAQ:NVCR,-0.444,$27.14,-0.52%
NASDAQ:NVDA,4 Jan 2026,$195.15,3,$262.79,8,1.68,$220.78,-11.61%,,,,$216.68,-1.86%,$0.00,-100.00%,$0.00,-100.00%,NVDA,NASDAQ:NVDA,-0.477,$323.42,-18.75%
NASDAQ:NVEC,19 Jan 2026,$71.83,4,,2,0.80,$100.12,-28.26%,,,,$97.78,-2.34%,$140.44,40.27%,$142.05,41.88%,NVEC,NASDAQ:NVEC,-0.731,$79.00,
NASDAQ:NVMI,24 Oct 2025,$305.31,3,$328.75,7,3.48,$348.45,-12.38%,,,,$379.76,8.99%,$0.00,-100.00%,$0.00,-100.00%,NVMI,NASDAQ:NVMI,0.326,$532.00,-38.20%
NYSE:NVO,20 Aug 2025,$67.89,3,$68.50,6,1.89,$45.33,49.77%,,,,$45.66,0.73%,$0.00,-100.00%,$0.00,-100.00%,NVO,NYSE:NVO,-0.302,$47.08,45.50%
NYSE:NVR,8 Jul 2024,"$6,194.00",2,,,1.03,"$6,315.23",-1.92%,,,,"$6,268.83",-0.73%,$0.00,-100.00%,$0.00,-100.00%,NVR,NYSE:NVR,-0.690,"$6,780.00",
NYSE:NVRI,31 May 2024,$10.35,3,,,0.82,$22.28,-53.57%,,,,$21.53,-3.37%,$0.00,-100.00%,$0.00,-100.00%,NVRI,NYSE:NVRI,-0.831,$28.67,
NYSE:NVST,20 Aug 2025,$24.25,4,$22.30,9,1.65,$27.14,-17.83%,,,,$27.11,-0.11%,$0.00,-100.00%,$0.00,-100.00%,NVST,NYSE:NVST,-0.429,$30.57,-27.05%
NYSE:NVT,19 Aug 2025,$88.41,3,,,2.35,$150.75,-41.35%,,,,$149.71,-0.69%,$0.00,-100.00%,$0.00,-100.00%,NVT,NYSE:NVT,-0.169,$204.07,
NASDAQ:NVTS,5 Feb 2026,$8.26,3,$8.00,5,1.95,$11.59,-30.97%,,,,$11.34,-2.16%,$12.91,11.37%,$13.85,19.49%,NVTS,NASDAQ:NVTS,-0.314,$14.07,-43.14%
NASDAQ:NVX,11 Dec 2025,$1.56,3,,4,,$3.08,-49.35%,,,,,-100.00%,-$2.00,-164.94%,-$2.00,-164.94%,NVX,NASDAQ:NVX,-2.000,,
NASDAQ:NWBI,18 Mar 2026,$14.02,3,$13.00,7,2.21,$15.29,-14.98%,,,,$15.42,0.85%,$0.00,-100.00%,$0.00,-100.00%,NWBI,NASDAQ:NWBI,-0.168,$16.57,-21.54%
NYSE:NWG,27 May 2026,$16.57,3,$18.20,9,2.29,$18.20,-8.94%,,,,$18.51,1.70%,$0.00,-100.00%,$0.00,-100.00%,NWG,NYSE:NWG,-0.157,$21.54,-15.51%
NYSE:NWN,6 Feb 2026,$46.99,3,$53.50,7,2.47,$49.07,-4.24%,,,,$49.69,1.26%,$0.00,-100.00%,$0.00,-100.00%,NWN,NYSE:NWN,-0.072,$57.40,-6.79%
NYSE:NX,16 Aug 2025,$26.24,3,,1,2.63,$19.22,36.54%,,,,$19.62,2.08%,$4.40,-77.12%,$30.48,58.57%,NX,NYSE:NX,-0.051,$27.25,
NYSE:NXE,24 Oct 2025,$8.68,3,,,1.71,$10.47,-17.10%,,,,$10.28,-1.81%,$0.00,-100.00%,$0.00,-100.00%,NXE,NYSE:NXE,-0.464,$19.34,
NASDAQ:NXPI,27 Jan 2026,$261.92,5,$258.76,9,2.77,$224.64,15.19%,,,,$229.31,2.08%,$316.33,40.82%,$352.77,57.04%,NXPI,NASDAQ:NXPI,0.012,$311.10,-16.82%
NYSE:NXRT,25 Aug 2025,$38.18,4,$36.33,3,2.45,$23.71,53.23%,,,,$23.76,0.21%,$0.00,-100.00%,$0.00,-100.00%,NXRT,NYSE:NXRT,-0.097,$29.50,23.15%
NASDAQ:NXTC,28 Oct 2025,$22.52,3,$20.00,,,$6.39,212.99%,,,,,-100.00%,-$2.00,-131.30%,-$2.00,-131.30%,NXTC,NASDAQ:NXTC,-2.000,,
NYSE:O,23 Sep 2025,$70.69,5,$62.00,9,2.48,$61.28,1.17%,,,,$62.62,2.19%,$0.00,-100.00%,$0.00,-100.00%,O,NYSE:O,-0.058,$68.21,-9.10%
NYSE:OBK,10 Mar 2026,$48.92,3,$46.67,5,1.65,$53.13,-12.16%,,,,$53.12,-0.02%,$0.00,-100.00%,$0.00,-100.00%,OBK,NYSE:OBK,-0.421,$58.60,-20.36%
NASDAQ:OBT,2 Oct 2025,$34.16,3,$29.00,4,2.42,$37.95,-23.58%,,,,$38.33,1.00%,$0.00,-100.00%,$0.00,-100.00%,OBT,NASDAQ:OBT,-0.088,$43.00,-32.56%
NYSE:OC,30 Sep 2024,$164.18,3,,,2.20,$138.15,18.84%,,,,$142.40,3.08%,$0.00,-100.00%,$0.00,-100.00%,OC,NYSE:OC,-0.217,$176.53,
NASDAQ:OCC,10 Feb 2026,$3.85,3,,3,,$13.42,-71.28%,,,,,-100.00%,-$2.00,-114.90%,-$2.00,-114.90%,OCC,NASDAQ:OCC,-2.000,,
NYSE:OFG,27 May 2026,$53.57,3,$47.00,7,1.37,$52.05,-9.70%,,,,$51.93,-0.23%,$0.00,-100.00%,$0.00,-100.00%,OFG,NYSE:OFG,-0.543,$56.50,-16.81%
NYSE:OGE,22 Jan 2026,$43.01,2,$46.14,7,3.19,$45.63,-5.73%,,,,$47.34,3.75%,$18.40,-59.68%,$49.95,9.48%,OGE,NYSE:OGE,0.259,$50.45,-8.54%
NYSE:OGS,19 Jun 2026,$79.20,3,$87.00,5,2.55,$79.27,-0.09%,,,,$80.25,1.24%,$0.00,-100.00%,$0.00,-100.00%,OGS,NYSE:OGS,-0.029,$89.56,-2.86%
NYSE:OHI,23 Dec 2025,$49.04,5,$46.80,9,2.14,$45.72,2.36%,,,,$46.27,1.20%,$74.35,62.63%,$92.31,101.90%,OHI,NYSE:OHI,-0.211,$51.94,-9.90%
NYSE:OI,26 Mar 2026,$12.61,4,$18.00,6,1.83,$7.27,73.52%,,,,$7.14,-1.79%,$2.74,-62.36%,$5.48,-24.66%,OI,NYSE:OI,-0.397,$9.83,83.11%
NYSE:OKE,29 Apr 2026,$98.03,4,$92.57,10,2.54,$96.01,-3.58%,,,,$95.96,-0.05%,$0.00,-100.00%,$0.00,-100.00%,OKE,NYSE:OKE,-0.005,$96.62,-4.19%
NASDAQ:OLED,24 Feb 2026,$147.14,3,$151.67,6,2.22,$83.17,76.91%,,,,$83.57,0.48%,$104.10,25.16%,$115.18,38.49%,OLED,NASDAQ:OLED,-0.234,$115.37,31.46%
NASDAQ:OM,4 Dec 2025,$4.31,1,,1,,$3.82,12.83%,,,,,-100.00%,-$2.00,-152.36%,-$2.00,-152.36%,OM,NASDAQ:OM,-2.000,,
NASDAQ:OMAB,1 Jun 2026,$112.42,4,$134.00,6,1.55,$99.30,13.21%,,,,$100.11,0.82%,$159.37,60.50%,$179.79,81.05%,OMAB,NASDAQ:OMAB,-0.496,$122.65,9.25%
NASDAQ:ON,5 Feb 2026,$68.86,3,,,2.62,$74.09,-7.06%,,,,$72.99,-1.48%,$0.00,-100.00%,$0.00,-100.00%,ON,NASDAQ:ON,-0.059,$107.68,
NASDAQ:ONB,20 Mar 2026,$23.78,3,$27.78,4,1.64,$25.58,-7.03%,,,,$25.76,0.70%,$0.00,-100.00%,$0.00,-100.00%,ONB,NASDAQ:ONB,-0.441,$29.82,-6.84%
NYSE:ONIT,26 Mar 2025,$40.67,4,$42.50,5,1.76,$34.24,18.78%,,,,$34.53,0.85%,$0.00,-100.00%,$0.00,-100.00%,ONIT,NYSE:ONIT,-0.442,$52.50,-19.05%
NYSE:ONON,15 Aug 2025,$41.55,2,,,2.22,$28.50,45.79%,,,,$29.08,2.04%,$0.00,-100.00%,$0.00,-100.00%,ONON,NYSE:ONON,-0.234,$44.67,
NYSE:ONTO,9 Feb 2026,$215.21,4,$201.67,8,1.92,$267.21,-24.53%,,,,$271.23,1.50%,$0.00,-100.00%,$0.00,-100.00%,ONTO,NYSE:ONTO,-0.370,$388.45,-48.08%
NYSEAMERICAN:OPTT,13 Nov 2025,$0.44,1,$1.50,5,,$0.17,158.82%,,,,,-100.00%,-$2.00,-1276.47%,-$2.00,-1276.47%,OPTT,NYSEAMERICAN:OPTT,-2.000,,
NYSE:OPY,16 Jun 2026,$115.64,4,,9,2.23,$118.79,-2.65%,,,,$120.60,1.52%,$205.44,72.94%,$264.52,122.68%,OPY,NYSE:OPY,-0.055,$37.00,
NYSE:ORI,28 Apr 2026,$42.27,3,$42.00,3,1.82,$41.73,0.65%,,,,$42.12,0.93%,$0.00,-100.00%,$0.00,-100.00%,ORI,NYSE:ORI,-0.333,$43.50,-3.45%
NASDAQ:ORKA,23 Aug 2025,$26.17,3,,,3.90,$92.62,-71.74%,,,,$98.50,6.35%,$0.00,-100.00%,$0.00,-100.00%,ORKA,NASDAQ:ORKA,0.513,$153.75,
NASDAQ:ORRF,19 Nov 2025,$37.94,3,$40.50,8,2.29,$41.70,-9.02%,,,,$42.23,1.27%,$0.00,-100.00%,$0.00,-100.00%,ORRF,NASDAQ:ORRF,-0.137,$45.75,-11.48%
NASDAQ:OSBC,28 Apr 2026,$22.52,3,$25.00,7,1.94,$25.08,-10.21%,,,,$25.30,0.88%,$0.00,-100.00%,$0.00,-100.00%,OSBC,NASDAQ:OSBC,-0.291,$27.50,-9.09%
NASDAQ:OSIS,27 Jan 2026,$261.70,2,$287.33,6,2.59,$207.91,25.87%,,,,$208.42,0.25%,$0.00,-100.00%,$0.00,-100.00%,OSIS,NASDAQ:OSIS,-0.059,$281.14,2.20%
NASDAQ:OSPN,10 Feb 2026,$17.74,3,,4,1.57,$16.52,7.37%,,,,$16.30,-1.33%,$0.00,-100.00%,$0.00,-100.00%,OSPN,NASDAQ:OSPN,-0.455,$18.00,
NYSEAMERICAN:OSTX,23 Dec 2025,$1.60,1,$11.50,1,,$1.69,-5.33%,,,,,-100.00%,-$2.00,-218.34%,-$2.00,-218.34%,OSTX,NYSEAMERICAN:OSTX,-2.000,,
NASDAQ:OSW,29 Nov 2024,$17.98,3,,,2.94,$24.83,-27.59%,,,,$27.05,8.94%,$0.00,-100.00%,$0.00,-100.00%,OSW,NASDAQ:OSW,0.117,$31.20,
NASDAQ:OTEX,19 Jan 2026,$32.75,3,$38.78,2,1.95,$24.93,31.36%,,,,$25.16,0.92%,$0.00,-100.00%,$0.00,-100.00%,OTEX,NASDAQ:OTEX,-0.294,$27.95,38.75%
NYSE:OTIS,29 Oct 2025,$94.34,3,$105.25,6,1.53,$71.13,32.63%,,,,$71.20,0.10%,$74.45,4.67%,$81.29,14.29%,OTIS,NYSE:OTIS,-0.507,$88.83,18.48%
NASDAQ:OUST,5 Feb 2026,$21.62,3,$37.00,8,2.44,$34.44,-37.21%,,,,$34.48,0.12%,$0.00,-100.00%,$0.00,-100.00%,OUST,NASDAQ:OUST,-0.137,$57.83,-36.02%
NYSE:OVV,18 Aug 2025,$55.37,3,,,2.59,$65.65,-15.66%,,,,$64.85,-1.22%,$0.00,-100.00%,$0.00,-100.00%,OVV,NYSE:OVV,-0.012,$74.18,
NASDAQ:OXSQ,19 Aug 2025,$2.97,4,$2.50,4,1.49,$1.34,86.57%,,,,$1.36,1.49%,$0.00,-100.00%,$0.00,-100.00%,OXSQ,NASDAQ:OXSQ,-0.538,$1.75,42.86%
NYSE:OXY,2 Jul 2026,$55.97,4,$64.21,8,1.86,$60.18,-6.99%,,,,$58.94,-2.06%,$0.00,-100.00%,$0.00,-100.00%,OXY,NYSE:OXY,-0.333,$66.83,-3.92%
NASDAQ:OZK,2 Oct 2025,$49.29,3,$59.63,8,2.08,$49.08,0.43%,,,,$49.66,1.18%,$0.00,-100.00%,$0.00,-100.00%,OZK,NASDAQ:OZK,-0.232,$54.67,9.07%
NYSE:PAC,13 Jun 2025,$210.00,3,$236.70,6,,$206.04,1.92%,,,,$0.00,-100.00%,$280.02,35.91%,$361.50,75.45%,PAC,NYSE:PAC,-1.010,$256.20,-7.61%
NASDAQ:PACB,11 Dec 2025,$2.97,3,$2.30,5,1.87,$1.36,69.12%,,,,$1.39,2.21%,$0.00,-100.00%,$0.00,-100.00%,PACB,NASDAQ:PACB,-0.392,$2.29,0.44%
NASDAQ:PANW,20 Aug 2025,$177.95,3,,,1.04,$382.13,-53.43%,,,,$352.40,-7.78%,$415.77,8.80%,$450.25,17.83%,PANW,NASDAQ:PANW,-0.659,$364.01,
NYSE:PAR,19 Aug 2025,$40.18,2,,,2.15,$18.80,113.70%,,,,$19.28,2.55%,$0.00,-100.00%,$0.00,-100.00%,PAR,NYSE:PAR,-0.255,$25.31,
NASDAQ:PAX,13 Nov 2025,$16.56,3,$16.00,6,2.10,$11.34,41.09%,,,,$11.36,0.18%,$21.01,85.31%,$7.38,-34.92%,PAX,NASDAQ:PAX,-0.284,$15.57,2.76%
NYSE:PAYC,26 Mar 2026,$152.82,3,$150.36,7,0.54,$239.10,-37.11%,,,,$227.43,-4.88%,$0.00,-100.00%,$0.00,-100.00%,PAYC,NYSE:PAYC,-0.867,$211.56,-28.93%
NASDAQ:PAYO,3 Sep 2025,$7.80,3,$10.50,7,0.91,$7.11,9.65%,,,,$7.01,-1.41%,$0.00,-100.00%,$0.00,-100.00%,PAYO,NASDAQ:PAYO,-0.739,$7.40,41.89%
NASDAQ:PAYS,11 Feb 2026,$3.74,3,$9.00,7,,$12.46,-70.00%,,,,$0.00,-100.00%,$0.00,-100.00%,$0.00,-100.00%,PAYS,NASDAQ:PAYS,-1.251,$13.10,-31.30%
NASDAQ:PAYX,19 Aug 2025,$129.02,2,,,1.07,$127.34,1.32%,,,,$125.29,-1.61%,$179.10,40.65%,$196.39,54.22%,PAYX,NASDAQ:PAYX,-0.629,$111.36,
NYSE:PB,19 Nov 2025,$75.08,4,$78.17,7,2.29,$71.56,4.92%,,,,$73.02,2.04%,-$136.87,-291.27%,-$131.47,-283.71%,PB,NYSE:PB,-0.148,$81.38,-3.94%
NYSE:PBA,16 Sep 2025,$40.71,4,$41.47,8,2.50,$48.70,-16.41%,,,,$48.55,-0.31%,$0.00,-100.00%,$0.00,-100.00%,PBA,NYSE:PBA,-0.017,$47.43,-12.57%
NYSE:PBI,19 Aug 2025,$11.44,3,$11.50,7,2.06,$17.13,-33.21%,,,,$17.20,0.41%,$33.33,94.56%,$42.51,148.16%,PBI,NYSE:PBI,-0.250,$19.56,-41.21%
NYSE:PBR,14 Aug 2026,$18.64,4,$23.03,8,2.02,$19.35,-3.67%,-3.67%,$18.64,$23.03,$18.30,-5.43%,$0.00,-100.00%,$0.00,-100.00%,PBR,NYSE:PBR,-0.267,$22.03,4.54%
NYSE:PBR.A,30 Jun 2026,$17.20,5,,,1.80,$17.40,-1.15%,,,,$16.50,-5.17%,$32.03,84.09%,$56.53,224.91%,PBR.A,NYSE:PBR.A,-0.386,$21.57,
NYSE:PCG,14 Jul 2026,$19.14,4,$23.57,4,1.54,$13.27,44.21%,,,,$15.79,18.99%,-$28.24,-312.78%,-$12.65,-195.29%,PCG,NYSE:PCG,-0.538,$22.72,3.74%
NYSE:PCOR,27 Jan 2026,$68.73,3,$87.91,7,1.12,$62.72,9.59%,,,,$62.54,-0.29%,$79.12,26.15%,$86.62,38.10%,PCOR,NYSE:PCOR,-0.658,$68.55,28.24%
NASDAQ:PDD,20 Aug 2025,$133.52,3,$124.92,5,1.41,$84.00,48.71%,,,,$84.24,0.29%,$0.00,-100.00%,$0.00,-100.00%,PDD,NASDAQ:PDD,-0.589,$116.07,7.62%
NASDAQ:PDFS,27 Jan 2026,$35.52,3,$34.75,7,2.18,$44.48,-21.88%,,,,$44.22,-0.58%,$0.00,-100.00%,$0.00,-100.00%,PDFS,NASDAQ:PDFS,-0.250,$61.67,-43.65%
NYSE:PDM,14 Jul 2025,$11.58,4,$8.50,6,1.42,$9.57,-11.18%,,,,$9.51,-0.63%,-$0.75,-107.88%,$13.06,36.43%,PDM,NYSE:PDM,-0.526,$10.50,-19.05%
NYSE:PEB,23 Dec 2025,$17.33,3,$12.00,7,1.18,$18.12,-33.77%,,,,$18.11,-0.06%,$29.92,65.13%,$53.91,197.54%,PEB,NYSE:PEB,-0.622,$19.02,-36.91%
NASDAQ:PEBO,16 Jan 2026,$32.08,3,$33.17,10,2.04,$39.37,-18.51%,,,,$39.84,1.19%,$0.00,-100.00%,$0.00,-100.00%,PEBO,NASDAQ:PEBO,-0.245,$43.00,-22.86%
NASDAQ:PEGA,11 Feb 2026,$49.55,5,$72.00,9,1.86,$36.81,34.60%,,,,$35.84,-2.64%,$58.33,58.48%,$57.20,55.40%,PEGA,NASDAQ:PEGA,-0.347,$43.36,66.05%
NYSE:PEN,11 Dec 2025,$225.97,1,$307.92,10,1.75,$323.10,-30.06%,,,,$321.76,-0.41%,$430.58,33.26%,$438.59,35.74%,PEN,NYSE:PEN,-0.383,$361.83,-14.90%
NASDAQ:PFBC,27 May 2026,$99.21,3,$107.50,5,3.31,$102.43,-3.14%,,,,$106.90,4.36%,$0.00,-100.00%,$0.00,-100.00%,PFBC,NASDAQ:PFBC,0.319,$111.50,-3.59%
NYSE:PFE,26 Mar 2026,$30.96,5,$29.07,6,1.94,$28.46,2.14%,,,,$27.95,-1.79%,$0.00,-100.00%,$0.00,-100.00%,PFE,NYSE:PFE,-0.272,$28.61,1.61%
NYSE:PFGC,4 Sep 2025,$88.60,1,,,2.20,$99.17,-10.66%,,,,$101.23,2.08%,$0.00,-100.00%,$0.00,-100.00%,PFGC,NYSE:PFGC,-0.211,$123.62,
NASDAQ:PFIS,19 Mar 2026,$59.16,3,$56.00,6,2.03,$68.67,-18.45%,,,,$69.77,1.60%,$0.00,-100.00%,$0.00,-100.00%,PFIS,NASDAQ:PFIS,-0.249,$73.50,-23.81%
NYSE:PFLT,20 Feb 2026,$9.26,3,$10.25,8,3.09,$7.39,25.30%,,,,$7.63,3.25%,$0.00,-100.00%,$0.00,-100.00%,PFLT,NYSE:PFLT,0.169,$9.75,5.13%
NYSE:PFS,18 Nov 2025,$20.08,3,$22.00,3,1.57,$23.40,-14.19%,,,,$23.41,0.04%,$0.00,-100.00%,$0.00,-100.00%,PFS,NYSE:PFS,-0.480,$27.92,-21.20%
NASDAQ:PFSA,11 Dec 2025,$0.26,3,,,1.09,$3.00,-91.19%,,,,$2.73,-9.00%,$0.00,-100.00%,$0.00,-100.00%,PFSA,NASDAQ:PFSA,-0.565,,
NYSE:PFSI,4 Oct 2024,$102.39,3,,,2.27,$73.11,40.05%,,,,$73.98,1.19%,$0.00,-100.00%,$0.00,-100.00%,PFSI,NYSE:PFSI,-0.179,$90.57,
NASDAQ:PGEN,23 Dec 2025,$3.53,3,$9.00,7,0.78,$6.93,-49.01%,,,,$6.74,-2.74%,$0.00,-100.00%,$0.00,-100.00%,PGEN,NASDAQ:PGEN,-0.877,$14.50,-37.93%
NYSE:PGR,18 Sep 2025,$210.79,1,,,1.07,$218.08,-3.35%,,,,$215.48,-1.19%,$0.00,-100.00%,$0.00,-100.00%,PGR,NYSE:PGR,-0.671,$230.81,
NYSE:PH,3 Jul 2024,$534.00,1,$759.92,6,1.62,$979.44,-45.48%,,,,$990.61,1.14%,$0.00,-100.00%,$0.00,-100.00%,PH,NYSE:PH,-0.455,"$1,160.95",-34.54%
NYSE:PHG,11 Dec 2025,$35.54,3,,7,1.12,$26.57,33.77%,,,,$26.40,-0.64%,$24.30,-8.54%,$45.91,72.79%,PHG,NYSE:PHG,-0.681,$32.21,
NYSE:PHM,31 Mar 2026,$124.03,4,$141.83,3,1.55,$126.32,-1.82%,,,,$126.95,0.50%,$201.84,59.78%,$147.72,16.94%,PHM,NYSE:PHM,-0.472,$141.86,-0.02%
NASDAQ:PI,27 Jan 2026,$144.68,2,$240.50,8,2.24,$174.32,-17.00%,,,,$168.27,-3.47%,$219.73,26.05%,$227.63,30.58%,PI,NASDAQ:PI,-0.147,$180.89,32.95%
NYSE:PIPR,29 Jun 2026,$77.12,3,$97.00,3,2.04,$75.06,2.74%,,,,$74.87,-0.25%,$0.00,-100.00%,$0.00,-100.00%,PIPR,NYSE:PIPR,-0.261,$87.12,11.34%
NYSE:PKST,14 Jan 2026,$15.34,4,$17.00,6,,,#DIV/0!,,,,,#DIV/0!,-$2.00,#DIV/0!,-$2.00,#DIV/0!,PKST,NYSE:PKST,-2.000,,
NYSE:PL,7 Jul 2025,$5.02,3,,,2.24,$19.85,-74.71%,,,,$20.03,0.91%,$21.66,9.10%,$20.37,2.60%,PL,NYSE:PL,-0.226,$40.10,
NASDAQ:PLAB,1 May 2026,$41.22,2,$47.00,6,3.29,$28.14,46.47%,,,,$30.68,9.03%,$0.00,-100.00%,$0.00,-100.00%,PLAB,NASDAQ:PLAB,0.239,$41.33,13.72%
NASDAQ:PLMR,16 Sep 2025,$107.46,3,,,1.30,$132.57,-18.94%,,,,$128.46,-3.10%,$0.00,-100.00%,$0.00,-100.00%,PLMR,NASDAQ:PLMR,-0.606,$163.17,
NYSE:PLNT,4 Sep 2025,$92.00,1,,,2.60,$51.60,78.29%,,,,$52.47,1.69%,$0.00,-100.00%,$0.00,-100.00%,PLNT,NYSE:PLNT,-0.045,$67.54,
NYSE:PLOW,20 Sep 2024,$36.15,4,,,1.39,$41.07,-11.98%,,,,$41.16,0.22%,$0.00,-100.00%,$0.00,-100.00%,PLOW,NYSE:PLOW,-0.585,$54.00,
NASDAQ:PLTR,14 Aug 2025,$120.98,1,,,1.49,$186.38,-35.09%,,,,$184.26,-1.14%,$0.00,-100.00%,$0.00,-100.00%,PLTR,NASDAQ:PLTR,-0.479,$191.68,
NASDAQ:PLUS,27 Oct 2025,$88.78,3,,6,1.37,$87.97,0.92%,,,,$86.52,-1.65%,$0.00,-100.00%,$0.00,-100.00%,PLUS,NASDAQ:PLUS,-0.583,$111.00,
NASDAQ:PLXS,27 Jan 2026,$181.83,3,,,2.04,$239.47,-24.07%,,,,$242.15,1.12%,$332.59,38.89%,$379.93,58.65%,PLXS,NASDAQ:PLXS,-0.290,$305.75,
NYSE:PM,25 Aug 2025,$144.36,2,,,1.75,$187.30,-22.93%,,,,$190.81,1.87%,$334.59,78.64%,$355.97,90.06%,PM,NYSE:PM,-0.374,$203.80,
NASDAQ:PMTS,26 Aug 2025,$22.24,3,,,0.91,$28.97,-23.23%,,,,$28.19,-2.69%,$0.00,-100.00%,$0.00,-100.00%,PMTS,NASDAQ:PMTS,-0.754,$32.50,
NYSE:PNC,19 Nov 2025,$182.16,3,$223.09,8,1.69,$239.63,-23.98%,,,,$242.31,1.12%,$0.00,-100.00%,$0.00,-100.00%,PNC,NYSE:PNC,-0.419,$277.73,-19.67%
NASDAQ:PNFP,28 Jul 2025,$101.11,3,$121.91,7,,$99.97,1.14%,,,,,-100.00%,-$2.00,-102.00%,-$2.00,-102.00%,PNFP,NYSE:PNFP,-2.000,,
NYSE:PNNT,13 Aug 2026,,1,$3.82,6,2.23,$3.75,1.87%,1.87%,$3.82,$4.75,$3.73,-0.53%,$0.00,-100.00%,$0.00,-100.00%,PNNT,NYSE:PNNT,-0.202,$4.75,-19.58%
NYSE:PNR,11 Nov 2025,$102.58,2,$124.75,7,2.14,$60.46,69.67%,,,,$61.17,1.17%,$248.02,310.22%,$254.84,321.50%,PNR,NYSE:PNR,-0.243,$76.31,63.48%
NASDAQ:PODD,11 Dec 2025,$276.82,2,$381.12,9,2.10,$148.66,86.21%,,,,$144.92,-2.52%,$0.00,-100.00%,$0.00,-100.00%,PODD,NASDAQ:PODD,-0.236,$171.91,121.70%
NASDAQ:POET,5 Feb 2026,$6.44,3,,7,1.61,$7.46,-13.67%,,,,$7.47,0.13%,$0.00,-100.00%,$0.00,-100.00%,POET,NASDAQ:POET,-0.505,$14.75,
NASDAQ:POOL,23 Aug 2025,$310.70,3,,,1.69,$186.52,66.57%,,,,$184.93,-0.85%,$298.33,59.95%,$315.22,69.00%,POOL,NASDAQ:POOL,-0.423,$219.50,
NYSE:POR,6 Feb 2026,$50.85,4,$49.60,7,2.42,$48.86,1.51%,,,,$50.11,2.56%,$0.00,-100.00%,$0.00,-100.00%,POR,NYSE:POR,-0.082,$53.68,-7.60%
NYSE:POST,2 Apr 2026,$109.06,5,$128.50,2,2.25,$83.36,30.83%,,,,$82.48,-1.06%,$0.00,-100.00%,$0.00,-100.00%,POST,NYSE:POST,-0.191,$105.17,22.18%
NASDAQ:POWI,5 Feb 2026,$72.10,3,$52.50,5,2.17,$51.38,2.18%,,,,$51.68,0.58%,$0.00,-100.00%,$0.00,-100.00%,POWI,NASDAQ:POWI,-0.258,$77.50,-32.26%
NASDAQ:PPC,19 Aug 2025,$43.27,2,,,1.94,$31.38,37.87%,,,,$31.31,-0.22%,$38.83,23.74%,$72.50,131.03%,PPC,NASDAQ:PPC,-0.286,$33.64,
NASDAQ:PPIH,20 Apr 2026,$30.77,3,,7,2.07,$27.43,12.17%,,,,$26.43,-3.65%,$51.27,86.91%,$63.47,131.37%,PPIH,NASDAQ:PPIH,-0.251,$32.00,
NYSE:PR,11 Nov 2025,$15.75,5,$18.13,3,1.73,$23.29,-32.37%,,,,$22.73,-2.40%,$0.00,-100.00%,$0.00,-100.00%,PR,NYSE:PR,-0.391,$26.21,-30.83%
NYSE:PRA,11 Dec 2025,$26.77,3,,3,,,#DIV/0!,,,,,#DIV/0!,-$2.00,#DIV/0!,-$2.00,#DIV/0!,PRA,NYSE:PRA,-2.000,,
NASDAQ:PRCH,29 Jan 2026,$6.54,3,$18.17,8,2.11,$16.99,-61.50%,,,,$17.48,2.88%,$19.34,13.86%,$19.86,16.87%,PRCH,NASDAQ:PRCH,-0.231,$19.75,-8.00%
NASDAQ:PRCT,11 Dec 2025,$43.52,3,$50.71,5,2.75,$21.20,105.28%,,,,$21.34,0.66%,$0.00,-100.00%,$0.00,-100.00%,PRCT,NASDAQ:PRCT,0.085,$21.64,134.33%
NASDAQ:PRDO,28 Apr 2026,$43.66,5,$42.00,8,1.88,$33.24,26.35%,,,,$33.25,0.03%,$0.00,-100.00%,$0.00,-100.00%,PRDO,NASDAQ:PRDO,-0.369,$44.00,-4.55%
NASDAQ:PRGS,22 Jan 2026,$57.12,3,$59.75,7,1.41,$46.27,23.44%,,,,$44.32,-4.21%,$93.79,102.70%,$138.72,199.81%,PRGS,NASDAQ:PRGS,-0.550,$55.80,7.08%
NYSE:PRIM,23 Aug 2024,$53.96,3,,,2.86,$72.11,-25.17%,,,,$78.25,8.51%,$0.00,-100.00%,$0.00,-100.00%,PRIM,NYSE:PRIM,0.051,$119.79,
NYSEAMERICAN:PRK,7 Oct 2025,$164.00,1,,,,$195.29,-16.02%,,,,,-100.00%,-$2.00,-101.02%,-$2.00,-101.02%,PRK,NYSEAMERICAN:PRK,-2.000,,
NASDAQ:PROK,10 Jul 2025,$2.60,,$4.50,7,,$1.89,37.57%,,,,$0.00,-100.00%,$0.21,-89.08%,$0.28,-85.41%,PROK,NASDAQ:PROK,-1.169,$6.25,-28.00%
NASDAQ:PRSO,29 Jan 2026,$1.15,4,$3.00,,,$0.60,91.28%,,,,,-100.00%,-$2.00,-433.33%,-$2.00,-433.33%,PRSO,NASDAQ:PRSO,-2.000,,
NASDAQ:PRTH,10 Feb 2026,$10.32,3,$13.00,1,2.22,$5.31,94.38%,,,,$5.38,1.32%,$0.00,-100.00%,$0.00,-100.00%,PRTH,NASDAQ:PRTH,-0.235,$9.10,42.86%
NASDAQ:PSIX,28 Apr 2026,$74.87,3,$109.00,9,1.24,$36.31,106.20%,,,,$35.66,-1.79%,$0.00,-100.00%,$0.00,-100.00%,PSIX,NASDAQ:PSIX,-0.670,$69.79,56.18%
NYSE:PSN,16 Feb 2026,$83.99,5,$81.64,7,1.43,$48.64,67.85%,,,,$48.15,-1.01%,$52.12,7.16%,$74.00,52.15%,PSN,NYSE:PSN,-0.548,$59.36,37.53%
NASDAQ:PSNY,29 Nov 2024,$1.30,3,,,1.65,$12.59,-89.67%,,,,$12.22,-2.94%,$0.00,-100.00%,$0.00,-100.00%,PSNY,NASDAQ:PSNY,-0.488,$17.50,
NYSE:PSTG,19 Aug 2025,$64.73,3,,,,,#DIV/0!,,,,,#DIV/0!,-$2.00,#DIV/0!,-$2.00,#DIV/0!,PSTG,NYSE:PSTG,-2.000,,
NYSE:PSX,26 Jun 2026,$162.80,2,$194.00,7,1.56,$246.58,-33.98%,,,,$240.28,-2.55%,$0.00,-100.00%,$0.00,-100.00%,PSX,NYSE:PSX,-0.416,$222.00,-12.61%
NASDAQ:PTC,19 Jan 2026,$176.72,3,$218.00,6,1.57,$155.74,13.47%,,,,$155.97,0.15%,$0.00,-100.00%,$0.00,-100.00%,PTC,NASDAQ:PTC,-0.461,$173.35,25.76%
NASDAQ:PTEN,21 Jul 2025,$10.35,3,$8.03,2,2.68,$12.64,-36.47%,,,,$12.69,0.40%,$24.22,91.60%,$28.31,123.99%,PTEN,NASDAQ:PTEN,0.034,$13.86,-42.06%
NASDAQ:PTLO,14 Jan 2026,$9.61,3,$6.30,3,1.12,$4.57,37.86%,,,,$4.44,-2.84%,$0.00,-100.00%,$0.00,-100.00%,PTLO,NASDAQ:PTLO,-0.715,$6.22,1.29%
NASDAQ:PUBM,29 Jan 2026,$11.75,3,$12.92,7,0.77,$16.63,-29.32%,,,,$16.04,-3.55%,$0.00,-100.00%,$0.00,-100.00%,PUBM,NASDAQ:PUBM,-0.840,$20.30,-36.35%
NYSE:PWR,23 Aug 2025,$272.00,1,,,2.82,$607.09,-55.20%,,,,$633.09,4.28%,$657.16,8.25%,$623.63,2.72%,PWR,NYSE:PWR,0.062,$770.04,
NASDAQ:PZZA,18 Sep 2025,$56.89,4,$48.40,9,0.98,$23.48,106.13%,,,,$22.90,-2.47%,$0.00,-100.00%,$0.00,-100.00%,PZZA,NASDAQ:PZZA,-0.747,$28.67,68.82%
NYSE:Q,9 Feb 2026,$106.61,3,,,3.05,$119.43,-10.73%,,,,$128.40,7.51%,$0.00,-100.00%,$0.00,-100.00%,Q,NYSE:Q,0.134,$176.75,
NASDAQ:QCOM,27 Jan 2026,$171.89,4,$193.33,6,1.83,$170.48,0.83%,,,,$162.56,-4.65%,$186.04,9.13%,$204.02,19.68%,QCOM,NASDAQ:QCOM,-0.350,$193.10,0.12%
NASDAQ:QCRH,28 Apr 2026,$93.80,3,$102.67,9,2.22,$99.47,-5.70%,,,,$100.98,1.52%,$0.00,-100.00%,$0.00,-100.00%,QCRH,NASDAQ:QCRH,-0.173,$111.20,-7.67%
NASDAQ:QDEL,11 Dec 2025,$47.57,3,$27.75,6,0.77,$14.43,92.31%,,,,$14.36,-0.49%,$0.00,-100.00%,$0.00,-100.00%,QDEL,NASDAQ:QDEL,-0.797,$14.67,89.16%
NASDAQ:QFIN,9 Sep 2025,$29.99,3,$48.39,5,3.37,$8.66,246.29%,,,,$9.39,8.43%,$0.00,-100.00%,$0.00,-100.00%,QFIN,NASDAQ:QFIN,0.278,$16.76,188.72%
NASDAQ:QLYS,10 Feb 2026,$147.47,5,$136.87,5,0.64,$186.14,-26.47%,,,,$179.67,-3.48%,$0.00,-100.00%,$0.00,-100.00%,QLYS,NASDAQ:QLYS,-0.833,$171.74,-20.30%
NASDAQ:QRVO,19 Jan 2026,$81.21,3,$100.08,6,1.36,$96.08,-15.48%,,,,$93.19,-3.01%,$154.27,60.57%,$185.66,93.23%,QRVO,NASDAQ:QRVO,-0.513,$90.17,10.99%
NASDAQ:QSI,11 Dec 2025,$1.94,3,$2.83,2,0.61,$0.77,152.51%,,,,$0.74,-3.90%,$0.00,-100.00%,$0.00,-100.00%,QSI,NASDAQ:QSI,-0.952,$2.30,23.04%
NYSE:QSR,4 Mar 2026,$71.96,3,$79.11,9,1.93,$77.88,-7.60%,,,,$78.31,0.55%,$0.00,-100.00%,$0.00,-100.00%,QSR,NYSE:QSR,-0.299,$85.83,-7.83%
NASDAQ:QTRX,16 Dec 2025,$12.46,3,$6.00,5,2.39,$2.67,124.72%,,,,$2.61,-2.25%,$0.00,-100.00%,$0.00,-100.00%,QTRX,NASDAQ:QTRX,-0.099,$3.00,100.00%
NYSE:QUAD,19 Jun 2026,$7.33,3,$9.93,9,2.05,$10.06,-27.14%,,,,$10.09,0.30%,$29.40,192.25%,$54.08,437.60%,QUAD,NYSE:QUAD,-0.291,$13.17,-24.60%
NASDAQ:QUIK,5 Feb 2026,$6.78,3,,,1.90,$10.73,-36.84%,,,,$10.84,1.03%,$0.00,-100.00%,$0.00,-100.00%,QUIK,NASDAQ:QUIK,-0.378,$23.00,
NYSE:QXO,19 Aug 2025,$30.22,3,$31.06,10,2.20,$13.28,127.54%,,,,$13.50,1.66%,$0.00,-100.00%,$0.00,-100.00%,QXO,NYSE:QXO,-0.244,$29.11,6.70%
NYSE:RACE,15 Dec 2025,$403.82,3,$465.44,6,1.30,$422.60,-4.44%,,,,$416.64,-1.41%,$524.03,24.00%,$584.94,38.41%,RACE,NYSE:RACE,-0.578,$461.62,0.83%
NASDAQ:RAIL,28 Apr 2026,$11.16,4,,,,$6.89,62.03%,,,,$0.00,-100.00%,$0.00,-100.00%,$0.00,-100.00%,RAIL,NASDAQ:RAIL,-1.186,$14.67,
NYSE:RAMP,23 Jan 2026,$30.65,5,$42.20,7,1.74,$37.72,-18.75%,,,,$37.84,0.32%,$0.00,-100.00%,$0.00,-100.00%,RAMP,NYSE:RAMP,-0.366,$38.70,9.04%
NASDAQ:RBB,1 Jun 2026,$24.58,3,$24.00,4,2.41,$25.95,-7.51%,,,,$26.38,1.66%,$0.00,-100.00%,$0.00,-100.00%,RBB,NASDAQ:RBB,-0.083,$28.50,-15.79%
NYSE:RBC,23 Aug 2025,$337.00,1,,,2.45,$494.26,-31.82%,,,,$504.36,2.04%,$0.00,-100.00%,$0.00,-100.00%,RBC,NYSE:RBC,-0.109,$634.50,
NASDAQ:RBCAA,20 Oct 2025,$70.90,3,,,1.44,$93.51,-24.18%,,,,$93.78,0.29%,$0.00,-100.00%,$0.00,-100.00%,RBCAA,NASDAQ:RBCAA,-0.506,$98.00,
NYSE:RBLX,2 Jan 2026,$67.48,2,,,2.36,$41.29,63.43%,,,,$38.41,-6.98%,$0.00,-100.00%,$0.00,-100.00%,RBLX,NYSE:RBLX,-0.124,$48.32,
NYSE:RBOT,16 Dec 2025,$3.89,3,,,,,#DIV/0!,,,,,#DIV/0!,-$2.00,#DIV/0!,-$2.00,#DIV/0!,RBOT,NYSE:RBOT,-2.000,,
NYSE:RBRK,20 Aug 2025,$54.72,2,,,1.13,$93.04,-41.19%,,,,$92.17,-0.94%,$0.00,-100.00%,$0.00,-100.00%,RBRK,NYSE:RBRK,-0.663,$107.11,
NYSE:RC,1 Sep 2025,$5.36,3,$4.15,4,1.50,$1.77,134.46%,,,,$1.79,1.13%,$0.00,-100.00%,$0.00,-100.00%,RC,NYSE:RC,-0.469,$1.80,130.56%
NASDAQ:RCEL,4 Dec 2025,$9.25,3,$8.38,1,0.53,$10.10,-17.03%,,,,$9.81,-2.87%,$0.00,-100.00%,$0.00,-100.00%,RCEL,NASDAQ:RCEL,-0.923,$11.17,-24.98%
NASDAQ:RCKY,16 Apr 2026,$43.95,3,$53.00,8,2.57,$45.21,-2.78%,,,,$45.98,1.70%,$0.00,-100.00%,$0.00,-100.00%,RCKY,NASDAQ:RCKY,-0.044,$56.00,-5.36%
NYSE:RCL,8 Apr 2026,$279.75,3,$368.93,4,1.45,$268.74,4.10%,,,,$278.35,3.58%,$286.73,6.69%,$365.57,36.03%,RCL,NYSE:RCL,-0.556,$346.92,6.34%
NYSE:RDN,23 Jun 2026,$35.58,4,$45.33,8,1.84,$35.86,-0.79%,,,,$36.51,1.81%,$0.00,-100.00%,$0.00,-100.00%,RDN,NYSE:RDN,-0.366,$43.80,3.49%
NYSE:RDW,21 Jul 2025,$13.29,2,,,1.11,$10.70,24.18%,,,,$10.55,-1.40%,$0.00,-100.00%,$0.00,-100.00%,RDW,NYSE:RDW,-0.719,$14.56,
NASDAQ:REG,21 Jul 2025,$72.09,1,,,2.85,$74.77,-3.58%,,,,$77.18,3.22%,$0.00,-100.00%,$0.00,-100.00%,REG,NASDAQ:REG,0.099,$87.06,
NYSEAMERICAN:REI,20 Aug 2025,$1.08,,$2.99,3,,$1.47,-26.53%,,,,,-100.00%,-$2.00,-236.05%,-$2.00,-236.05%,REI,NYSEAMERICAN:REI,-2.000,,
NASDAQ:REKR,9 Feb 2026,$1.09,3,$4.00,4,0.74,$0.55,97.53%,,,,$0.52,-5.45%,$0.00,-100.00%,$0.00,-100.00%,REKR,NASDAQ:REKR,-0.895,$2.50,60.00%
NYSE:RELX,19 Aug 2025,$47.40,3,,,2.31,$36.43,30.11%,,,,$36.44,0.03%,$0.00,-100.00%,$0.00,-100.00%,RELX,NYSE:RELX,-0.194,$53.05,
NASDAQ:RELY,29 Jan 2026,$17.63,3,$20.20,4,1.30,$26.74,-34.05%,,,,$25.45,-4.82%,$0.00,-100.00%,$0.00,-100.00%,RELY,NASDAQ:RELY,-0.602,$32.33,-37.52%
NYSEAMERICAN:REPX,12 Feb 2026,,,$36.00,7,,$39.03,-7.76%,,,,,-100.00%,-$2.00,-105.12%,-$2.00,-105.12%,REPX,NYSEAMERICAN:REPX,-2.000,,
NYSE:RES,30 Dec 2025,$6.58,4,$5.50,5,1.63,$6.53,-15.77%,,,,$6.33,-3.06%,$7.57,15.89%,$14.82,126.97%,RES,NYSE:RES,-0.407,$6.40,-14.06%
NYSE:REVG,24 Oct 2024,$28.28,3,,,,,#DIV/0!,,,,,#DIV/0!,-$2.00,#DIV/0!,-$2.00,#DIV/0!,REVG,NYSE:REVG,-2.000,,
NASDAQ:REYN,28 Apr 2026,$27.91,5,$24.00,6,2.14,$23.15,3.67%,,,,$23.93,3.37%,$0.00,-100.00%,$0.00,-100.00%,REYN,NASDAQ:REYN,-0.220,$27.14,-11.57%
NYSE:REZI,17 Aug 2025,$32.83,3,$32.00,9,1.85,$19.36,65.29%,,,,$19.52,0.83%,$0.00,-100.00%,$0.00,-100.00%,REZI,NYSE:REZI,-0.398,$34.25,-6.57%
NYSE:RF,1 Jun 2026,$29.85,3,$30.31,3,2.18,$29.88,-0.10%,,,,$30.52,2.14%,$0.00,-100.00%,$0.00,-100.00%,RF,NYSE:RF,-0.185,$32.94,-7.98%
NASDAQ:RGLD,16 Aug 2025,$142.50,1,,,2.03,$261.47,-45.50%,,,,$258.61,-1.09%,$0.00,-100.00%,$0.00,-100.00%,RGLD,NASDAQ:RGLD,-0.266,$302.67,
NASDAQ:RGNX,23 Dec 2025,$16.55,3,$28.57,9,2.21,$9.50,74.17%,,,,$9.28,-2.32%,$0.00,-100.00%,$0.00,-100.00%,RGNX,NASDAQ:RGNX,-0.238,$23.73,20.40%
NASDAQ:RGTI,28 Jul 2025,$11.56,2,,,2.89,$15.66,-26.16%,,,,$16.64,6.26%,$0.00,-100.00%,$0.00,-100.00%,RGTI,NASDAQ:RGTI,0.064,$28.81,
NYSE:RH,31 Jul 2024,$352.46,3,,,2.38,$149.15,136.31%,,,,$147.05,-1.41%,-$81.87,-154.89%,$20.69,-86.13%,RH,NYSE:RH,-0.121,$178.06,
NYSE:RHI,15 Dec 2025,$46.27,3,$29.57,5,2.05,$45.34,-34.78%,,,,$44.81,-1.17%,$0.00,-100.00%,$0.00,-100.00%,RHI,NYSE:RHI,-0.170,$35.00,-15.51%
NYSE:RIO,18 Aug 2025,$75.60,5,$64.00,8,2.44,$102.50,-37.56%,,,,$104.40,1.85%,$0.00,-100.00%,$0.00,-100.00%,RIO,NYSE:RIO,-0.051,$104.09,-38.51%
NYSE:RITM,12 Aug 2025,$14.18,4,$14.06,8,1.60,$10.03,40.18%,,,,$10.02,-0.10%,$0.00,-100.00%,$0.00,-100.00%,RITM,NYSE:RITM,-0.492,$13.15,6.92%
NASDAQ:RIVN,15 Dec 2025,$17.90,3,$20.62,6,1.35,$16.06,11.48%,,,,$15.53,-3.30%,$0.00,-100.00%,$0.00,-100.00%,RIVN,NASDAQ:RIVN,-0.578,$19.23,7.23%
NYSE:RJF,18 Feb 2026,$166.94,3,$187.40,5,1.10,$178.17,-6.30%,,,,$174.44,-2.09%,$367.61,106.33%,$383.43,115.21%,RJF,NYSE:RJF,-0.654,$185.92,0.80%
NYSE:RKT,5 Mar 2025,$14.85,3,$13.29,3,0.93,$13.41,-0.89%,,,,$13.51,0.75%,$0.00,-100.00%,$0.00,-100.00%,RKT,NYSE:RKT,-0.793,$17.70,-24.92%
NYSE:RLJ,23 Dec 2025,$12.06,3,$8.20,7,2.77,$11.04,-25.72%,,,,$11.72,6.16%,$0.00,-100.00%,$0.00,-100.00%,RLJ,NYSE:RLJ,0.088,$11.45,-28.38%
NYSE:RLX,25 Aug 2025,$2.18,3,,,1.97,$1.83,19.39%,,,,$1.80,-1.64%,$0.00,-100.00%,$0.00,-100.00%,RLX,NYSE:RLX,-0.349,$2.77,
NYSE:RM,19 Nov 2025,$39.22,3,,3,3.32,$32.09,22.22%,,,,$34.41,7.23%,$0.00,-100.00%,$0.00,-100.00%,RM,NYSE:RM,0.259,$43.83,
NASDAQ:RMBS,27 Jan 2026,$80.55,1,$113.50,10,2.83,$86.69,-7.09%,,,,$91.43,5.47%,$0.00,-100.00%,$0.00,-100.00%,RMBS,NASDAQ:RMBS,0.035,$147.50,-23.05%
NASDAQ:RMNI,11 Feb 2026,$3.40,3,$5.50,5,1.40,$5.61,-39.37%,,,,$5.35,-4.63%,$0.00,-100.00%,$0.00,-100.00%,RMNI,NASDAQ:RMNI,-0.567,$7.00,-21.43%
NASDAQ:RNAC,23 Dec 2025,$16.10,3,$34.67,9,1.10,$9.28,73.48%,,,,$9.43,1.62%,$0.00,-100.00%,$0.00,-100.00%,RNAC,NASDAQ:RNAC,-0.732,$34.57,0.29%
NYSE:RNG,5 Feb 2026,$39.74,3,$31.25,4,0.44,$69.62,-55.11%,,,,$67.03,-3.72%,$168.74,142.37%,$208.04,198.82%,RNG,NYSE:RNG,-0.875,$50.54,-38.17%
NYSE:RNR,9 Sep 2025,$267.70,4,$269.36,7,1.48,$327.64,-18.29%,,,,$329.05,0.43%,$0.00,-100.00%,$0.00,-100.00%,RNR,NYSE:RNR,-0.487,$346.40,-22.24%
NYSE:RNST,19 Nov 2025,$35.55,3,$42.67,4,1.99,$40.91,-13.10%,,,,$41.33,1.03%,$0.00,-100.00%,$0.00,-100.00%,RNST,NYSE:RNST,-0.286,$47.86,-10.84%
NASDAQ:ROAD,31 Dec 2025,$101.87,2,,,2.22,$106.20,-4.08%,,,,$109.90,3.48%,$0.00,-100.00%,$0.00,-100.00%,ROAD,NASDAQ:ROAD,-0.222,$142.57,
NYSE:ROG,10 Feb 2026,$105.63,3,$301.50,9,2.03,$125.57,-15.88%,,,,$125.24,-0.26%,$162.83,29.68%,$189.04,50.55%,ROG,NYSE:ROG,-0.314,$173.33,73.95%
NYSE:ROK,11 Nov 2025,$273.44,1,,,1.99,$424.43,-35.58%,,,,$430.22,1.36%,$0.00,-100.00%,$0.00,-100.00%,ROK,NYSE:ROK,-0.277,$477.79,
NASDAQ:ROP,2 May 2025,$525.02,3,$640.91,8,2.32,$424.64,23.64%,,,,$425.19,0.13%,$582.01,37.06%,$733.88,72.82%,ROP,NASDAQ:ROP,-0.114,$445.20,43.96%
NASDAQ:ROST,20 Jul 2026,$178.47,1,,,1.98,$228.54,-21.91%,,,,$229.52,0.43%,$0.00,-100.00%,$0.00,-100.00%,ROST,NASDAQ:ROST,-0.292,$269.94,
NASDAQ:RPAY,2 Sep 2025,$8.53,3,$7.31,3,1.01,$3.59,103.62%,,,,$3.63,1.11%,$0.00,-100.00%,$0.00,-100.00%,RPAY,NASDAQ:RPAY,-0.772,$6.85,6.72%
NASDAQ:RPD,20 Jan 2026,$22.06,3,$18.18,7,2.65,$13.46,35.07%,,,,$13.82,2.67%,$0.00,-100.00%,$0.00,-100.00%,RPD,NASDAQ:RPD,0.072,$11.71,55.25%
NASDAQ:RR,19 Nov 2025,$2.75,3,$4.50,6,2.35,$1.87,46.84%,,,,$1.84,-1.60%,$0.00,-100.00%,$0.00,-100.00%,RR,NASDAQ:RR,-0.105,$2.00,125.00%
NASDAQ:RRBI,1 Jun 2026,$84.03,3,$94.00,6,2.02,$100.04,-16.00%,,,,$101.27,1.23%,$0.00,-100.00%,$0.00,-100.00%,RRBI,NASDAQ:RRBI,-0.254,$108.00,-12.96%
NYSE:RRX,27 Jan 2026,$182.63,5,$180.29,6,3.36,$158.45,13.78%,,,,$169.88,7.21%,$0.00,-100.00%,$0.00,-100.00%,RRX,NYSE:RRX,0.271,$249.00,-27.59%
NYSE:RS,24 Aug 2025,$278.17,3,$327.75,9,2.14,$384.05,-27.57%,,,,$388.74,1.22%,$0.00,-100.00%,$0.00,-100.00%,RS,NYSE:RS,-0.198,$408.62,-19.79%
NYSE:RTX,18 Aug 2025,$145.60,2,$168.14,8,1.28,$207.73,-29.91%,,,,$209.54,0.87%,$302.33,45.54%,$355.18,70.98%,RTX,NYSE:RTX,-0.594,$234.82,-28.40%
NASDAQ:RUN,19 Jan 2026,$14.49,2,$23.86,8,2.23,$8.57,69.06%,,,,$8.83,3.03%,$0.00,-100.00%,$0.00,-100.00%,RUN,NASDAQ:RUN,-0.230,$15.97,49.41%
NASDAQ:RXST,11 Dec 2025,$19.74,3,$9.80,1,1.19,$7.33,33.70%,,,,$6.51,-11.19%,$0.00,-100.00%,$0.00,-100.00%,RXST,NASDAQ:RXST,-0.617,$7.79,25.80%
NASDAQ:RXT,9 Feb 2026,$0.88,3,$1.35,4,1.56,$3.13,-72.00%,,,,$3.09,-1.28%,-$4.16,-233.00%,-$5.19,-265.76%,RXT,NASDAQ:RXT,-0.530,$4.77,-71.70%
NYSE:RYI,24 Aug 2025,$26.20,3,$24.00,4,,,#DIV/0!,,,,,#DIV/0!,-$2.00,#DIV/0!,-$2.00,#DIV/0!,RYI,NYSE:RYI,-2.000,,
NASDAQ:SABR,11 Feb 2026,$2.46,3,$2.95,2,1.17,$2.17,13.16%,,,,$2.13,-1.84%,$0.00,-100.00%,$0.00,-100.00%,SABR,NASDAQ:SABR,-0.594,$1.99,48.24%
NYSE:SAM,20 Mar 2026,$295.72,5,$238.40,3,1.63,$177.81,34.08%,,,,$181.48,2.06%,$844.77,375.10%,$979.25,450.73%,SAM,NYSE:SAM,-0.438,$199.83,19.30%
NYSE:SAN,11 Sep 2025,$7.72,2,,,1.31,$14.56,-46.96%,,,,$14.56,0.00%,-$59.48,-508.54%,-$55.69,-482.46%,SAN,NYSE:SAN,-0.534,$13.56,
NASDAQ:SANM,27 Jan 2026,$128.36,1,$180.00,9,3.13,$196.72,-34.75%,,,,$206.98,5.22%,$211.36,7.44%,$243.70,23.88%,SANM,NASDAQ:SANM,0.187,$260.00,-30.77%
NYSE:SAP,19 Jan 2026,$252.69,3,$275.84,9,0.82,$220.89,14.40%,,,,$215.77,-2.32%,$387.34,75.36%,$408.72,85.03%,SAP,NYSE:SAP,-0.792,$245.33,12.44%
NASDAQ:SBCF,19 Nov 2025,$31.14,3,$34.17,5,1.66,$33.96,-8.30%,,,,$34.37,1.21%,$0.00,-100.00%,$0.00,-100.00%,SBCF,NASDAQ:SBCF,-0.417,$37.04,-7.75%
NASDAQ:SBGI,23 Dec 2025,$15.71,3,$19.20,5,1.23,$14.10,11.41%,,,,$13.91,-1.35%,$0.00,-100.00%,$0.00,-100.00%,SBGI,NASDAQ:SBGI,-0.641,$17.57,9.28%
NASDAQ:SBLK,16 Feb 2026,$23.85,3,,6,2.49,$30.87,-22.73%,,,,$30.81,-0.19%,$0.00,-100.00%,$0.00,-100.00%,SBLK,NASDAQ:SBLK,-0.036,$32.38,
NYSE:SBS,23 Jun 2026,$5.49,3,,1,2.10,$4.86,13.05%,,,,$4.78,-1.65%,$0.00,-100.00%,$0.00,-100.00%,SBS,NYSE:SBS,-0.285,$6.76,
NASDAQ:SBSI,14 Oct 2025,$30.23,3,$34.50,3,,$31.56,-4.21%,,,,,-100.00%,-$2.00,-106.34%,-$2.00,-106.34%,SBSI,NYSE:SBSI,-2.000,,
NYSE:SBSI,1 Jun 2026,$34.46,3,$35.50,6,2.28,$31.56,9.18%,,,,$32.05,1.55%,-$188.25,-696.49%,-$189.23,-699.60%,SBSI,NYSE:SBSI,-0.144,$35.00,1.43%
NYSE:SCHW,24 Jun 2026,$96.20,3,$116.58,7,1.28,$109.82,-12.40%,,,,$107.18,-2.40%,$0.00,-100.00%,$0.00,-100.00%,SCHW,NYSE:SCHW,-0.596,$124.95,-6.70%
NASDAQ:SCNX,6 Jun 2025,$1.16,3,,,,$0.39,196.92%,,,,$0.00,-100.00%,$0.00,-100.00%,$0.00,-100.00%,SCNX,NASDAQ:SCNX,-1.462,$1.50,
NYSE:SCS,28 Oct 2024,$12.86,3,,,,,#DIV/0!,,,,,#DIV/0!,-$2.00,#DIV/0!,-$2.00,#DIV/0!,SCS,NYSE:SCS,-2.000,,
NASDAQ:SCSC,19 Nov 2025,$53.05,5,$43.00,3,2.21,$57.09,-24.68%,,,,$56.88,-0.37%,$0.00,-100.00%,$0.00,-100.00%,SCSC,NASDAQ:SCSC,-0.165,$60.50,-28.93%
NYSE:SD,22 Jan 2026,$15.77,3,,5,2.01,$14.12,11.70%,,,,$13.96,-1.13%,$0.00,-100.00%,$0.00,-100.00%,SD,NYSE:SD,-0.238,$14.00,
NYSE:SE,19 Aug 2025,$134.13,1,,,1.88,$113.48,18.20%,,,,$118.16,4.12%,$0.00,-100.00%,$0.00,-100.00%,SE,NYSE:SE,-0.379,$155.29,
NASDAQ:SEIC,27 Aug 2025,$87.30,2,,,1.17,$110.98,-21.33%,,,,$110.41,-0.51%,$175.73,58.34%,$165.32,48.96%,SEIC,NASDAQ:SEIC,-0.623,$115.86,
NYSE:SEM,27 Apr 2026,$23.31,5,$16.50,8,3.03,$16.51,-0.06%,,,,$0.00,-100.00%,$14.69,-11.02%,$29.06,76.04%,SEM,NYSE:SEM,-1.000,$16.62,-0.72%
NYSE:SEMR,5 Feb 2026,$14.95,4,,,,,#DIV/0!,,,,,#DIV/0!,-$2.00,#DIV/0!,-$2.00,#DIV/0!,SEMR,NYSE:SEMR,-2.000,,
NYSEAMERICAN:SENS,28 Oct 2025,$7.44,1,$2.69,1,,$9.23,-70.86%,,,,,-100.00%,-$2.00,-121.67%,-$2.00,-121.67%,SENS,NASDAQ:SENS,-2.000,,
NASDAQ:SENS,23 Dec 2025,$8.28,4,$18.92,6,1.51,$9.23,-10.24%,,,,$9.21,-0.22%,$0.00,-100.00%,$0.00,-100.00%,SENS,NASDAQ:SENS,-0.552,$13.40,41.19%
NASDAQ:SERV,11 Nov 2025,$12.60,3,$20.50,2,1.24,$4.87,158.80%,,,,$4.75,-2.46%,$0.00,-100.00%,$0.00,-100.00%,SERV,NASDAQ:SERV,-0.673,$12.62,62.44%
NYSE:SF,29 Jun 2026,$83.09,3,$84.00,6,2.31,$80.78,2.86%,,,,$81.69,1.13%,$0.00,-100.00%,$0.00,-100.00%,SF,NYSE:SF,-0.129,$89.00,-5.62%
NYSE:SFBS,16 Mar 2026,$84.39,4,$91.00,8,1.95,$43.04,96.07%,,,,$43.22,0.42%,$0.00,-100.00%,$0.00,-100.00%,SFBS,NYSE:SFBS,-0.297,$49.00,85.71%
NASDAQ:SFM,19 Mar 2026,$146.44,3,$91.64,9,1.90,$82.04,11.70%,,,,$81.65,-0.48%,$90.36,10.14%,$150.13,82.99%,SFM,NASDAQ:SFM,-0.323,$94.64,-3.17%
NASDAQ:SFNC,2 Oct 2025,$20.10,3,$22.60,8,1.78,$22.58,-11.00%,,,,$22.65,0.31%,$0.00,-100.00%,$0.00,-100.00%,SFNC,NASDAQ:SFNC,-0.366,$25.00,-9.60%
NASDAQ:SFST,13 Apr 2026,$53.20,3,$64.00,7,2.28,$61.35,-13.28%,,,,$62.60,2.04%,$0.00,-100.00%,$0.00,-100.00%,SFST,NASDAQ:SFST,-0.145,$68.50,-6.57%
NYSE:SG,22 Sep 2025,$11.88,3,$14.64,2,1.98,$6.96,70.70%,,,,$6.85,-1.58%,$0.00,-100.00%,$0.00,-100.00%,SG,NYSE:SG,-0.242,$6.65,120.15%
NYSE:SGHC,28 Oct 2025,$9.69,2,,,,$13.54,-28.47%,,,,$0.00,-100.00%,$0.00,-100.00%,$0.00,-100.00%,SGHC,NYSE:SGHC,-1.013,$19.50,
NASDAQ:SGHT,11 Dec 2025,$10.39,3,$6.67,5,0.53,$8.50,-21.53%,,,,$8.06,-5.18%,$0.00,-100.00%,$0.00,-100.00%,SGHT,NASDAQ:SGHT,-0.913,$9.00,-25.89%
NASDAQ:SGML,12 Aug 2025,$7.24,3,,,2.23,$12.64,-42.71%,,,,$12.27,-2.93%,$0.00,-100.00%,$0.00,-100.00%,SGML,NASDAQ:SGML,-0.229,$19.75,
NASDAQ:SGRY,24 Aug 2025,$30.88,4,$30.70,8,1.42,$13.89,121.02%,,,,$13.44,-3.24%,$0.00,-100.00%,$0.00,-100.00%,SGRY,NASDAQ:SGRY,-0.580,$18.73,63.91%
NYSE:SHAK,19 Sep 2025,$85.64,2,$132.93,5,2.24,$68.89,24.31%,,,,$69.73,1.22%,$0.00,-100.00%,$0.00,-100.00%,SHAK,NYSE:SHAK,-0.183,$82.52,61.09%
NASDAQ:SHBI,19 Mar 2026,$18.10,3,$20.50,6,2.09,$22.96,-21.18%,,,,$23.24,1.22%,$0.00,-100.00%,$0.00,-100.00%,SHBI,NASDAQ:SHBI,-0.232,$25.75,-20.39%
NYSE:SHG,19 Nov 2025,$55.13,3,,5,1.42,$79.17,-30.37%,,,,$78.43,-0.93%,$0.00,-100.00%,$0.00,-100.00%,SHG,NYSE:SHG,-0.563,$100.00,
NASDAQ:SHIP,16 Feb 2026,$10.93,3,$16.00,10,1.19,$17.66,-38.12%,,,,$17.33,-1.87%,$0.00,-100.00%,$0.00,-100.00%,SHIP,NASDAQ:SHIP,-0.674,$23.25,-31.18%
NASDAQ:SHLS,9 Feb 2026,$7.09,2,$10.69,7,2.08,$6.92,2.39%,,,,$7.11,2.75%,$0.00,-100.00%,$0.00,-100.00%,SHLS,NASDAQ:SHLS,-0.299,$11.32,-5.57%
NASDAQ:SHOP,22 Jan 2026,$148.25,3,$180.62,6,1.90,$147.37,0.60%,,,,$153.20,3.96%,$0.00,-100.00%,$0.00,-100.00%,SHOP,NASDAQ:SHOP,-0.324,$171.15,5.53%
NASDAQ:SHPH,28 Oct 2025,$5.16,3,,,,$3.36,53.45%,,,,,-100.00%,-$2.00,-159.52%,-$2.00,-159.52%,SHPH,NASDAQ:SHPH,-2.000,,
NYSE:SHW,15 May 2024,$256.70,1,,,1.05,$338.81,-24.24%,,,,$339.22,0.12%,$547.41,61.57%,$594.87,75.58%,SHW,NYSE:SHW,-0.700,$391.00,
NASDAQ:SIBN,11 Dec 2025,$22.76,3,$23.20,6,1.45,$19.02,19.66%,,,,$19.06,0.21%,$0.00,-100.00%,$0.00,-100.00%,SIBN,NASDAQ:SIBN,-0.560,$25.00,-7.20%
NYSE:SIG,27 Mar 2026,$92.19,3,$113.60,10,1.70,$82.28,12.05%,,,,$81.72,-0.68%,$279.79,240.05%,$274.61,233.75%,SIG,NYSE:SIG,-0.455,$110.50,2.81%
NASDAQ:SILC,9 Feb 2026,$16.71,3,,4,1.58,$43.05,-61.20%,,,,$40.70,-5.46%,$44.57,3.54%,$44.79,4.03%,SILC,NASDAQ:SILC,-0.519,$60.00,
NASDAQ:SIMO,27 Jan 2026,$94.86,1,$119.17,10,1.87,$246.84,-61.57%,,,,$244.67,-0.88%,$280.78,13.75%,$279.86,13.38%,SIMO,NASDAQ:SIMO,-0.391,$369.70,-67.77%
NASDAQ:SIRI,5 May 2025,$31.75,3,$22.14,6,2.16,$28.17,-21.41%,,,,$28.47,1.06%,$43.57,54.68%,$47.86,69.90%,SIRI,NASDAQ:SIRI,-0.205,$32.00,-30.81%
NYSE:SITC,5 Aug 2026,$5.33,5,$3.50,3,4.66,$2.95,18.64%,18.64%,$3.50,$5.33,$3.23,9.49%,$0.00,-100.00%,$0.00,-100.00%,SITC,NYSE:SITC,0.896,$3.50,0.00%
NASDAQ:SITM,5 Feb 2026,$354.78,3,,,3.23,$565.42,-37.25%,,,,$611.91,8.22%,$0.00,-100.00%,$0.00,-100.00%,SITM,NASDAQ:SITM,0.215,$862.78,
NYSE:SJM,18 Aug 2025,$126.48,5,$113.93,4,2.34,$131.16,-13.14%,,,,$132.63,1.12%,$0.00,-100.00%,$0.00,-100.00%,SJM,NYSE:SJM,-0.110,$141.44,-19.45%
NYSE:SKE,24 Oct 2025,$9.86,2,,,3.00,$32.63,-69.78%,,,,$36.15,10.79%,$0.00,-100.00%,$0.00,-100.00%,SKE,NYSE:SKE,0.201,,
NASDAQ:SKWD,26 Aug 2025,$42.11,3,,,1.53,$57.41,-26.65%,,,,$57.75,0.59%,$0.00,-100.00%,$0.00,-100.00%,SKWD,NASDAQ:SKWD,-0.503,$70.55,
NYSE:SKY,31 Mar 2026,$97.81,5,$102.33,4,1.75,$89.27,9.57%,,,,$90.15,0.99%,$0.00,-100.00%,$0.00,-100.00%,SKY,NYSE:SKY,-0.391,$103.50,-1.13%
NASDAQ:SKYT,26 May 2026,$23.87,3,$35.00,8,,,#DIV/0!,,,,,#DIV/0!,-$2.00,#DIV/0!,-$2.00,#DIV/0!,SKYT,NASDAQ:SKYT,-2.000,,
NASDAQ:SLAB,27 Jan 2026,$111.32,1,,,2.47,$219.05,-49.18%,,,,$221.49,1.11%,$0.00,-100.00%,$0.00,-100.00%,SLAB,NASDAQ:SLAB,-0.040,$222.86,
NYSE:SLB,2 Jul 2026,$49.71,4,$63.13,9,1.66,$60.10,-17.28%,,,,$54.78,-8.85%,$0.00,-100.00%,$0.00,-100.00%,SLB,NYSE:SLB,-0.403,$61.93,1.94%
NYSE:SLGN,29 Aug 2025,$46.96,3,$59.57,7,2.05,$41.54,13.05%,,,,$42.07,1.28%,$0.00,-100.00%,$0.00,-100.00%,SLGN,NYSE:SLGN,-0.295,$55.31,7.70%
NASDAQ:SLM,23 Jul 2026,$29.41,3,$29.00,7,1.84,$25.97,11.67%,,,,$26.52,2.12%,$38.42,47.94%,-$4.26,-116.40%,SLM,NASDAQ:SLM,-0.339,$28.55,1.58%
NYSE:SM,20 Sep 2025,$40.61,3,$36.25,6,2.56,$37.18,-2.50%,,,,$36.67,-1.37%,$0.00,-100.00%,$0.00,-100.00%,SM,NYSE:SM,-0.021,$41.13,-11.86%
NASDAQ:SMBK,7 Oct 2025,$38.18,3,$37.00,5,,$50.55,-26.81%,,,,,-100.00%,-$2.00,-103.96%,-$2.00,-103.96%,SMBK,NYSE:SMBK,-2.000,,
NYSE:SMFG,19 Aug 2025,$16.00,3,,,1.39,$25.84,-38.07%,,,,$25.76,-0.31%,$0.00,-100.00%,$0.00,-100.00%,SMFG,NYSE:SMFG,-0.542,$28.86,
NASDAQ:SMLR,11 Dec 2025,$21.60,3,$68.50,4,,,#DIV/0!,,,,,#DIV/0!,-$2.00,#DIV/0!,-$2.00,#DIV/0!,SMLR,NASDAQ:SMLR,-2.000,,
NYSE:SMR,14 Jan 2026,$19.90,3,$32.77,7,2.20,$9.27,114.68%,,,,$9.23,-0.43%,$0.00,-100.00%,$0.00,-100.00%,SMR,NYSE:SMR,-0.237,$12.63,159.46%
NYSE:SNDA,15 Nov 2024,$24.98,3,,,1.92,$37.50,-33.39%,,,,$37.56,0.16%,$0.00,-100.00%,$0.00,-100.00%,SNDA,NYSE:SNDA,-0.341,$47.50,
NYSE:SNN,11 Dec 2025,$33.47,3,$35.75,3,2.15,$28.76,16.38%,,,,$28.99,0.80%,$0.00,-100.00%,$0.00,-100.00%,SNN,NYSE:SNN,-0.214,$33.66,6.21%
NASDAQ:SNSE,28 Oct 2025,$14.48,3,$30.00,,,,#DIV/0!,,,,,#DIV/0!,-$2.00,#DIV/0!,-$2.00,#DIV/0!,SNSE,NASDAQ:SNSE,-2.000,,
NYSE:SNV,18 Nov 2025,$47.73,3,$56.00,4,,,#DIV/0!,,,,,#DIV/0!,-$2.00,#DIV/0!,-$2.00,#DIV/0!,SNV,NYSE:SNV,-2.000,,
NYSE:SO,24 Oct 2025,$88.60,2,,,1.91,$88.00,0.68%,,,,$88.34,0.39%,$8.64,-90.18%,$58.56,-33.46%,SO,NYSE:SO,-0.314,$100.29,
NASDAQ:SOFI,7 Jul 2025,$14.49,2,,,,$17.88,-18.96%,,,,$0.00,-100.00%,$0.00,-100.00%,$0.00,-100.00%,SOFI,NASDAQ:SOFI,-1.005,$20.02,
NYSE:SON,19 Nov 2025,$53.35,3,$52.43,10,1.97,$55.15,-4.93%,,,,$56.69,2.79%,$0.00,-100.00%,$0.00,-100.00%,SON,NYSE:SON,-0.291,$63.89,-17.94%
NASDAQ:SONO,22 Jan 2026,$16.57,3,$19.67,8,1.35,$15.60,6.23%,,,,$15.05,-3.53%,$41.53,166.24%,$42.29,171.10%,SONO,NASDAQ:SONO,-0.578,$18.62,5.64%
NYSE:SONY,18 Feb 2026,$26.99,4,$32.00,8,1.26,$24.56,9.89%,,,,$24.48,-0.33%,$26.01,5.92%,$40.10,63.27%,SONY,NYSE:SONY,-0.625,$30.00,6.67%
NASDAQ:SOUN,28 Jul 2025,$8.77,2,,,2.20,$7.16,22.49%,,,,$7.07,-1.26%,$0.00,-100.00%,$0.00,-100.00%,SOUN,NASDAQ:SOUN,-0.246,$12.71,
NASDAQ:SPFI,19 Nov 2025,$37.17,3,$43.00,2,2.27,$43.60,-14.75%,,,,$43.98,0.87%,$0.00,-100.00%,$0.00,-100.00%,SPFI,NASDAQ:SPFI,-0.162,$50.75,-15.27%
NYSE:SPGI,25 Jun 2026,$468.23,5,,,0.67,$435.84,7.43%,,,,$424.58,-2.58%,$677.83,55.52%,$746.27,71.23%,SPGI,NYSE:SPGI,-0.879,$519.30,
NYSE:SPOT,19 May 2025,$495.00,2,$659.00,7,2.10,$543.62,-8.94%,,,,$534.26,-1.72%,$0.00,-100.00%,$0.00,-100.00%,SPOT,NYSE:SPOT,-0.228,$612.06,7.67%
NASDAQ:SPSC,10 Feb 2026,$142.13,3,$102.87,2,1.36,$85.40,20.46%,,,,$83.82,-1.85%,$184.24,115.74%,$211.76,147.96%,SPSC,NASDAQ:SPSC,-0.503,$75.45,36.34%
NASDAQ:SPWR,9 Feb 2026,$1.50,3,,,,$0.28,435.71%,,,,$0.00,-100.00%,$0.00,-100.00%,$0.00,-100.00%,SPWR,NASDAQ:SPWR,-1.149,$4.70,
NYSE:SPXC,16 May 2025,$153.79,3,$180.00,7,2.77,$196.75,-21.83%,,,,$210.96,7.22%,$277.61,41.10%,$302.06,53.53%,SPXC,NYSE:SPXC,0.011,$272.17,-33.86%
NYSE:SQNS,4 Feb 2026,$12.48,3,$14.50,5,,$2.90,330.34%,,,,,-100.00%,-$2.00,-168.97%,-$2.00,-168.97%,SQNS,NYSE:SQNS,-2.000,,
NASDAQ:SRCE,19 Nov 2025,$63.63,3,,,2.08,$85.63,-25.69%,,,,$86.52,1.04%,-$103.59,-220.98%,-$97.16,-213.47%,SRCE,NASDAQ:SRCE,-0.219,$89.67,
NASDAQ:SSB,9 Oct 2025,$96.36,3,,,,$104.89,-8.13%,,,,,-100.00%,-$2.00,-101.91%,-$2.00,-101.91%,SSB,NYSE:SSB,-2.000,,
NYSE:SSB,19 Nov 2025,$91.92,3,,,2.36,$104.89,-12.37%,,,,$106.79,1.81%,$0.00,-100.00%,$0.00,-100.00%,SSB,NYSE:SSB,-0.115,$119.86,
NASDAQ:SSNC,22 Jan 2026,$86.73,3,$103.29,6,1.65,$82.97,4.53%,,,,$83.38,0.49%,$135.78,63.65%,$186.31,124.55%,SSNC,NASDAQ:SSNC,-0.426,$92.33,11.87%
NASDAQ:SSRM,19 Aug 2025,$11.31,2,,,2.57,$37.61,-69.93%,,,,$37.40,-0.56%,$0.00,-100.00%,$0.00,-100.00%,SSRM,NASDAQ:SSRM,-0.012,$41.40,
NYSE:ST,16 Feb 2026,$42.55,5,$38.40,4,3.19,$41.03,-6.41%,,,,$44.08,7.43%,$63.34,54.37%,$77.95,89.99%,ST,NYSE:ST,0.219,$52.91,-27.42%
NYSE:STAG,19 Aug 2025,$40.11,5,$38.25,9,2.39,$37.25,2.68%,,,,$37.44,0.51%,$51.60,38.52%,$79.32,112.93%,STAG,NYSE:STAG,-0.100,$42.08,-9.10%
NASDAQ:STBA,27 May 2026,$47.60,3,$44.00,7,2.51,$49.48,-11.08%,,,,$50.33,1.72%,$0.00,-100.00%,$0.00,-100.00%,STBA,NASDAQ:STBA,-0.036,$53.33,-17.49%
NYSE:STC,27 Jul 2026,$72.68,3,$79.00,7,1.27,$68.65,5.87%,,,,$69.40,1.09%,$0.00,-100.00%,$0.00,-100.00%,STC,NYSE:STC,-0.612,$82.25,-3.95%
NYSE:STE,4 Dec 2025,$261.00,3,$290.00,2,1.89,$232.64,12.19%,,,,$231.72,-0.40%,$0.00,-100.00%,$0.00,-100.00%,STE,NYSE:STE,-0.322,$263.12,10.22%
NYSE:STEL,19 Nov 2025,$31.12,3,$32.50,5,,,#DIV/0!,,,,,#DIV/0!,-$2.00,#DIV/0!,-$2.00,#DIV/0!,STEL,NYSE:STEL,-2.000,,
NASDAQ:STIM,4 Dec 2025,$1.24,3,,4,1.23,$2.84,-56.45%,,,,$2.85,0.35%,$0.00,-100.00%,$0.00,-100.00%,STIM,NASDAQ:STIM,-0.676,$6.00,
NASDAQ:STKL,24 Aug 2025,$6.28,3,$10.00,3,,,#DIV/0!,,,,,#DIV/0!,-$2.00,#DIV/0!,-$2.00,#DIV/0!,STKL,NASDAQ:STKL,-2.000,,
NYSE:STLA,15 Dec 2025,$15.78,3,$11.43,6,3.01,$5.49,108.20%,,,,$5.60,2.00%,$0.00,-100.00%,$0.00,-100.00%,STLA,NYSE:STLA,0.142,$6.98,63.75%
NASDAQ:STLD,20 Aug 2024,$128.16,3,,,2.53,$232.62,-44.91%,,,,$235.20,1.11%,$256.09,10.09%,$300.39,29.13%,STLD,NASDAQ:STLD,-0.044,$271.21,
NYSE:STM,5 Feb 2026,$31.81,3,,,1.81,$50.14,-36.55%,,,,$49.24,-1.79%,$50.95,1.62%,$47.54,-5.18%,STM,NYSE:STM,-0.419,$74.96,
NYSE:STN,23 Aug 2024,$76.85,2,,,1.67,$73.00,5.28%,,,,$74.49,2.04%,$0.00,-100.00%,$0.00,-100.00%,STN,NYSE:STN,-0.458,$94.28,
NASDAQ:STNE,1 Dec 2025,$15.75,3,$21.00,6,1.81,$9.70,62.36%,,,,$9.35,-3.61%,$0.00,-100.00%,$0.00,-100.00%,STNE,NASDAQ:STNE,-0.417,$14.94,40.56%
NASDAQ:STRL,12 Jun 2025,$186.70,3,,,2.72,$470.07,-60.28%,,,,$475.22,1.10%,$0.00,-100.00%,$0.00,-100.00%,STRL,NASDAQ:STRL,-0.013,$876.00,
NYSE:STT,22 Feb 2026,$119.80,2,$144.32,7,2.21,$191.38,-37.40%,,,,$194.08,1.41%,$0.00,-100.00%,$0.00,-100.00%,STT,NYSE:STT,-0.159,$199.50,-27.66%
NYSE:STVN,16 Feb 2026,$17.21,3,$23.83,3,2.21,$21.43,-19.69%,,,,$21.05,-1.77%,$0.00,-100.00%,$0.00,-100.00%,STVN,NYSE:STVN,-0.188,$24.83,-4.03%
NYSE:SU,30 Jun 2026,$58.27,3,$71.58,9,1.73,$66.82,-12.80%,,,,$65.06,-2.63%,$0.00,-100.00%,$0.00,-100.00%,SU,NYSE:SU,-0.377,$70.43,1.63%
NASDAQ:SUPN,23 Dec 2025,$50.64,3,$61.33,10,1.06,$44.21,14.53%,,,,$42.50,-3.87%,$91.25,106.40%,$114.12,158.12%,SUPN,NASDAQ:SUPN,-0.752,$61.75,-0.68%
NYSE:SUPV,19 Nov 2025,$12.63,4,$12.00,5,,$8.74,37.30%,,,,$0.00,-100.00%,$0.00,-100.00%,$0.00,-100.00%,SUPV,NYSE:SUPV,-1.119,$12.48,-3.85%
NYSEAMERICAN:SVM,20 Aug 2025,$6.52,0,,1,,$12.44,-47.59%,,,,,-100.00%,-$2.00,-116.08%,-$2.00,-116.08%,SVM,NYSEAMERICAN:SVM,-2.000,,
NYSE:SW,22 Aug 2025,$50.29,5,$54.66,8,1.79,$46.90,7.23%,,,,$47.90,2.13%,$17.09,-63.56%,$63.44,35.26%,SW,NYSE:SW,-0.383,$56.72,-3.63%
NASDAQ:SWKS,27 Apr 2026,$82.45,5,$63.83,1,2.05,$67.01,-4.75%,,,,$64.99,-3.01%,$142.61,112.81%,$166.59,148.61%,SWKS,NASDAQ:SWKS,-0.226,$68.38,-6.65%
NYSE:SXI,11 Nov 2025,$213.24,3,$264.25,5,2.50,$289.66,-26.38%,,,,$300.69,3.81%,$305.63,5.51%,$348.66,20.37%,SXI,NYSE:SXI,-0.058,$338.40,-21.91%
NASDAQ:SYBT,13 Apr 2026,$73.37,3,$77.00,4,2.27,$79.21,-7.37%,,,,$80.21,1.26%,$0.00,-100.00%,$0.00,-100.00%,SYBT,NASDAQ:SYBT,-0.155,$90.20,-14.63%
NYSE:SYF,19 Feb 2026,$71.94,3,$91.60,6,2.22,$77.08,-6.67%,,,,$78.77,2.19%,$0.00,-100.00%,$0.00,-100.00%,SYF,NYSE:SYF,-0.183,$89.30,2.58%
NYSE:SYK,11 Dec 2025,$359.86,3,$434.53,3,2.28,$323.80,11.14%,,,,$325.40,0.49%,$0.00,-100.00%,$0.00,-100.00%,SYK,NYSE:SYK,-0.159,$382.72,13.54%
NASDAQ:SYM,19 Nov 2025,$41.10,2,$52.14,6,1.72,$39.67,3.59%,,,,$39.80,0.33%,$0.00,-100.00%,$0.00,-100.00%,SYM,NASDAQ:SYM,-0.457,$64.32,-18.94%
NASDAQ:SYNA,27 Jan 2026,$98.81,4,$93.33,9,2.66,$96.72,-3.50%,,,,$96.03,-0.71%,$0.00,-100.00%,$0.00,-100.00%,SYNA,NASDAQ:SYNA,-0.027,$130.33,-28.39%
NYSE:SYY,23 Aug 2024,$74.21,3,,,1.98,$81.08,-8.47%,,,,$82.01,1.15%,$0.00,-100.00%,$0.00,-100.00%,SYY,NYSE:SYY,-0.277,$90.31,
NYSE:TAK,19 Oct 2025,$15.76,5,$18.00,6,0.95,$17.98,-12.35%,,,,$17.70,-1.56%,$6.67,-62.90%,$10.34,-42.52%,TAK,NYSE:TAK,-0.757,$21.85,-17.62%
NYSE:TAL,20 Aug 2025,$11.69,3,$12.31,4,1.90,$11.74,-0.43%,,,,$11.68,-0.51%,$0.00,-100.00%,$0.00,-100.00%,TAL,NYSE:TAL,-0.369,$16.01,-23.11%
NASDAQ:TASK,30 Jan 2026,$15.02,3,$15.90,2,2.84,$8.39,79.01%,,,,$8.59,2.38%,$0.00,-100.00%,$0.00,-100.00%,TASK,NASDAQ:TASK,0.124,$8.50,87.06%
NASDAQ:TATT,24 Oct 2025,$40.25,3,,,1.80,$36.33,10.79%,,,,$36.08,-0.69%,$0.00,-100.00%,$0.00,-100.00%,TATT,NASDAQ:TATT,-0.423,$60.71,
NYSE:TBB,6 Nov 2025,$23.22,1,,1,,$22.69,2.34%,,,,,-100.00%,-$2.00,-108.81%,-$2.00,-108.81%,TBB,NYSE:TBB,-2.000,,
NYSE:TBBB,13 Jun 2025,$23.99,3,,,2.90,$48.57,-50.61%,,,,$50.93,4.86%,$0.00,-100.00%,$0.00,-100.00%,TBBB,NYSE:TBBB,0.152,$49.32,
NASDAQ:TBBK,1 Jun 2026,$64.98,3,$66.00,4,1.73,$65.00,-0.02%,,,,$65.75,1.15%,$0.00,-100.00%,$0.00,-100.00%,TBBK,NASDAQ:TBBK,-0.431,$84.33,-21.74%
NASDAQ:TBCH,27 Jan 2026,$17.12,3,$19.75,6,0.60,$12.81,33.64%,,,,$11.95,-6.71%,$0.00,-100.00%,$0.00,-100.00%,TBCH,NASDAQ:TBCH,-0.931,$16.40,20.43%
NYSE:TBN,11 Dec 2025,$26.01,3,$37.75,8,1.59,$37.88,-31.34%,,,,$36.70,-3.12%,$27.33,-27.85%,$27.35,-27.80%,TBN,NYSE:TBN,-0.514,$55.17,-31.58%
NASDAQ:TBRG,31 Dec 2025,$24.09,3,$21.00,5,,,#DIV/0!,,,,,#DIV/0!,-$2.00,#DIV/0!,-$2.00,#DIV/0!,TBRG,NASDAQ:TBRG,-2.000,,
NASDAQ:TCBI,27 May 2026,$96.83,3,$105.20,4,1.37,$97.18,-0.36%,,,,$97.24,0.06%,-$412.55,-524.53%,-$398.51,-510.07%,TCBI,NASDAQ:TCBI,-0.553,$109.31,-3.76%
NASDAQ:TCBK,27 May 2026,$51.81,3,$63.00,3,2.83,$53.38,-2.94%,,,,$55.21,3.43%,$0.00,-100.00%,$0.00,-100.00%,TCBK,NASDAQ:TCBK,0.086,$62.81,0.30%
NYSE:TCBX,1 Jun 2026,$39.78,3,$45.00,5,1.42,$44.60,-10.80%,,,,$44.36,-0.54%,$0.00,-100.00%,$0.00,-100.00%,TCBX,NYSE:TCBX,-0.509,$45.50,-1.10%
NASDAQ:TCMD,4 Dec 2025,$31.83,5,$26.67,8,2.25,$22.98,16.06%,,,,$22.92,-0.26%,$0.00,-100.00%,$0.00,-100.00%,TCMD,NASDAQ:TCMD,-0.220,$38.25,-30.27%
NYSE:TD,19 Aug 2025,$67.13,3,$73.85,7,2.01,$120.91,-44.48%,,,,$121.00,0.07%,$0.00,-100.00%,$0.00,-100.00%,TD,NYSE:TD,-0.240,$121.04,-38.99%
NYSE:TDC,11 Feb 2026,$35.11,5,$32.80,10,1.99,$29.00,13.10%,,,,$28.47,-1.83%,$0.00,-100.00%,$0.00,-100.00%,TDC,NYSE:TDC,-0.289,$34.00,-3.53%
NYSE:TDG,20 Sep 2024,"$1,185.75",2,"$1,509.83",4,2.04,"$1,171.74",1.20%,,,,"$1,186.02",1.22%,$0.00,-100.00%,$0.00,-100.00%,TDG,NYSE:TDG,-0.293,"$1,522.79",-0.85%
NYSE:TDOC,22 Aug 2025,$12.69,3,$9.06,7,0.63,$6.34,42.90%,,,,$6.20,-2.21%,$16.36,157.98%,$35.96,467.17%,TDOC,NYSE:TDOC,-0.901,$7.67,18.12%
NASDAQ:TEAM,11 Dec 2025,$216.58,3,$237.35,8,1.21,$194.17,11.54%,,,,$184.03,-5.22%,$0.00,-100.00%,$0.00,-100.00%,TEAM,NASDAQ:TEAM,-0.588,$189.61,25.18%
NYSE:TEL,19 Jan 2026,$189.61,1,$275.58,6,2.41,$205.25,-7.62%,,,,$202.38,-1.40%,$405.13,97.39%,$462.07,125.13%,TEL,NYSE:TEL,-0.106,$246.79,11.67%
NYSE:TEN,29 Apr 2026,$34.19,3,$50.00,8,3.04,$42.40,-19.36%,,,,$43.83,3.37%,$94.59,123.09%,$105.99,149.97%,TEN,NYSE:TEN,0.198,$46.00,8.70%
NASDAQ:TENB,23 Dec 2025,$34.90,3,$37.75,7,1.00,$38.15,-8.52%,,,,$36.13,-5.29%,$47.41,24.28%,$48.19,26.31%,TENB,NASDAQ:TENB,-0.672,$35.35,6.79%
NYSE:TEO,18 Sep 2025,$8.99,5,$9.60,3,3.09,$13.28,-32.30%,,,,$13.48,1.51%,$0.00,-100.00%,$0.00,-100.00%,TEO,NYSE:TEO,0.207,$15.29,-37.21%
NASDAQ:TER,19 Jan 2026,$152.12,1,$213.18,7,2.76,$349.83,-56.52%,,,,$376.49,7.62%,"$176,262.70",50285.24%,"$186,612.62",53243.80%,TER,NASDAQ:TER,0.031,$446.47,-52.25%
NYSE:TFC,19 Nov 2025,$46.61,3,$49.70,7,1.79,$49.58,-5.98%,,,,$50.31,1.47%,$0.00,-100.00%,$0.00,-100.00%,TFC,NYSE:TFC,-0.362,$55.36,-10.22%
NASDAQ:TFIN,2 Oct 2025,$64.43,3,$64.00,1,,$71.25,-10.18%,,,,,-100.00%,-$2.00,-102.81%,-$2.00,-102.81%,TFIN,NYSE:TFIN,-2.000,,
NYSE:TFIN,19 Nov 2025,$53.40,3,,,,$71.25,-25.05%,,,,$0.00,-100.00%,-$146.66,-305.83%,"$1,055.47",1381.36%,TFIN,NYSE:TFIN,-1.032,$85.80,
NYSE:TFPM,16 Aug 2025,$20.81,1,,,2.31,$33.70,-38.24%,,,,$33.96,0.77%,$0.00,-100.00%,$0.00,-100.00%,TFPM,NYSE:TFPM,-0.144,$39.25,
NASDAQ:TFSL,12 Oct 2025,$12.76,3,$13.50,4,2.59,$17.47,-26.95%,,,,$17.76,1.66%,$0.00,-100.00%,$0.00,-100.00%,TFSL,NASDAQ:TFSL,-0.003,$19.00,-28.95%
NYSE:TGLS,23 Aug 2025,$69.51,3,,,1.32,$39.70,75.09%,,,,$39.44,-0.65%,$44.96,13.25%,$48.32,21.72%,TGLS,NYSE:TGLS,-0.634,$56.33,
NYSE:TGS,19 Nov 2025,$29.26,3,$13.33,7,1.52,$28.90,-53.88%,,,,$27.81,-3.77%,$0.00,-100.00%,$0.00,-100.00%,TGS,NYSE:TGS,-0.545,$41.29,-67.72%
NYSE:TGT,21 Sep 2025,$120.25,3,$103.27,3,2.28,$160.88,-35.81%,,,,$164.49,2.24%,$0.00,-100.00%,$0.00,-100.00%,TGT,NYSE:TGT,-0.122,$161.62,-36.10%
NASDAQ:THFF,27 May 2026,$67.98,3,$70.00,5,1.70,$78.28,-13.16%,,,,$79.21,1.19%,$0.00,-100.00%,$0.00,-100.00%,THFF,NASDAQ:THFF,-0.402,$87.00,-19.54%
NYSE:THO,29 Jul 2024,$143.00,5,,,2.25,$76.00,88.16%,,,,$76.60,0.79%,$160.17,110.75%,$210.15,176.52%,THO,NYSE:THO,-0.176,$90.50,
NYSE:THR,19 Nov 2025,$40.68,4,$38.00,8,,,#DIV/0!,,,,,#DIV/0!,-$2.00,#DIV/0!,-$2.00,#DIV/0!,THR,NYSE:THR,-2.000,,
NASDAQ:THRY,11 Feb 2026,$8.29,3,$13.00,2,2.45,$1.91,333.85%,,,,$1.88,-1.57%,$0.00,-100.00%,$0.00,-100.00%,THRY,NASDAQ:THRY,-0.133,$4.00,225.00%
NASDAQ:TIGR,24 Oct 2025,$10.39,3,$11.86,9,1.56,$5.04,106.15%,,,,$4.97,-1.39%,$0.00,-100.00%,$0.00,-100.00%,TIGR,NASDAQ:TIGR,-0.528,$7.71,53.83%
NASDAQ:TILE,13 Feb 2025,$17.99,3,$30.00,7,1.61,$37.92,-52.57%,,,,$37.40,-1.37%,$0.00,-100.00%,$0.00,-100.00%,TILE,NASDAQ:TILE,-0.459,$45.25,-33.70%
NYSE:TJX,18 Aug 2025,$107.88,1,$144.77,9,2.13,$133.91,-19.44%,,,,$134.54,0.47%,$0.00,-100.00%,$0.00,-100.00%,TJX,NYSE:TJX,-0.248,$170.40,-15.04%
NASDAQ:TKLF,19 Oct 2025,$5.59,3,,,,$1.68,232.74%,,,,,-100.00%,-$2.00,-219.05%,-$2.00,-219.05%,TKLF,NASDAQ:TKLF,-2.000,,
NYSE:TKR,16 Jun 2026,$121.71,2,$138.67,6,2.44,$120.45,1.04%,,,,$122.26,1.50%,$0.00,-100.00%,$0.00,-100.00%,TKR,NYSE:TKR,-0.100,$147.20,-5.79%
NASDAQ:TLRY,14 Aug 2025,$1.31,3,,,0.91,$4.57,-71.40%,,,,$4.40,-3.72%,$4.82,5.50%,$6.44,40.87%,TLRY,NASDAQ:TLRY,-0.818,$7.84,
NASDAQ:TLSI,11 Dec 2025,$8.40,3,$11.60,9,,$4.95,69.66%,,,,,-100.00%,-$2.00,-140.40%,-$2.00,-140.40%,TLSI,NASDAQ:TLSI,-2.000,,
NASDAQ:TLX,11 Dec 2025,$12.46,3,,,1.74,$11.09,12.32%,,,,$11.21,1.08%,$0.00,-100.00%,$0.00,-100.00%,TLX,NASDAQ:TLX,-0.449,$21.19,
NYSE:TM,15 Dec 2025,$215.08,5,,9,1.56,$196.54,9.43%,,,,$192.42,-2.10%,"-$45,486.42",-23243.59%,"-$45,025.28",-23008.96%,TM,NYSE:TM,-0.479,$231.58,
NASDAQ:TMC,18 Aug 2025,$4.39,3,,,2.57,$4.77,-8.01%,,,,$4.81,0.84%,$0.00,-100.00%,$0.00,-100.00%,TMC,NASDAQ:TMC,-0.078,$10.80,
NASDAQ:TMCI,4 Dec 2025,$3.25,3,$5.47,4,0.54,$4.70,-30.90%,,,,$4.39,-6.60%,$0.00,-100.00%,$0.00,-100.00%,TMCI,NASDAQ:TMCI,-0.931,$5.50,-0.55%
NASDAQ:TMDX,11 Dec 2025,$138.40,3,$147.00,8,1.63,$84.87,63.08%,,,,$88.45,4.22%,$0.00,-100.00%,$0.00,-100.00%,TMDX,NASDAQ:TMDX,-0.439,$97.30,51.08%
NYSE:TME,12 Aug 2025,$23.93,3,$19.85,8,1.64,$8.27,140.02%,,,,$8.51,2.90%,$0.00,-100.00%,$0.00,-100.00%,TME,NYSE:TME,-0.494,$13.16,50.84%
NYSE:TMHC,15 Jun 2026,$82.94,4,$62.90,9,2.61,$72.45,-13.18%,,,,$0.00,-100.00%,$142.20,96.27%,$145.46,100.77%,TMHC,NYSE:TMHC,-1.000,$66.75,-5.77%
NYSEAMERICAN:TMP,2 Oct 2025,$65.36,1,,,,$97.12,-32.70%,,,,,-100.00%,-$2.00,-102.06%,-$2.00,-102.06%,TMP,NYSEAMERICAN:TMP,-2.000,,
NYSE:TNC,11 Nov 2025,$100.24,5,$105.00,4,2.27,$69.60,44.02%,,,,$69.31,-0.42%,$0.00,-100.00%,$0.00,-100.00%,TNC,NYSE:TNC,-0.181,$87.75,19.66%
NASDAQ:TNDM,11 Dec 2025,$20.68,3,$23.06,9,1.65,$22.01,-6.04%,,,,$21.22,-3.59%,$0.00,-100.00%,$0.00,-100.00%,TNDM,NASDAQ:TNDM,-0.468,$28.70,-19.65%
NYSE:TNET,15 Dec 2025,$73.13,3,$65.50,7,2.00,$70.29,-6.81%,,,,$70.20,-0.13%,$0.00,-100.00%,$0.00,-100.00%,TNET,NYSE:TNET,-0.232,$66.20,-1.06%
NASDAQ:TOI,15 Aug 2025,$3.94,3,$6.25,8,5.00,$5.13,-23.22%,,,,$0.00,-100.00%,$3.32,-35.26%,$3.59,-29.97%,TOI,NASDAQ:TOI,-1.000,$8.40,-25.60%
NYSE:TOL,1 Apr 2026,$149.13,5,$165.90,4,2.35,$143.45,3.96%,,,,$145.93,1.73%,$0.00,-100.00%,$0.00,-100.00%,TOL,NYSE:TOL,-0.133,$171.27,-3.14%
NYSE:TOST,22 Jan 2026,$36.30,3,$46.56,4,2.02,$34.09,6.47%,,,,$34.75,1.94%,$0.00,-100.00%,$0.00,-100.00%,TOST,NYSE:TOST,-0.266,$38.73,20.22%
NASDAQ:TOWN,2 Oct 2025,$37.19,3,$41.00,5,1.85,$37.04,0.40%,,,,$37.45,1.11%,$0.00,-100.00%,$0.00,-100.00%,TOWN,NASDAQ:TOWN,-0.328,$40.00,2.50%
NYSE:TPB,18 Sep 2025,$86.86,3,,,1.22,$80.97,7.27%,,,,$83.03,2.54%,$0.00,-100.00%,$0.00,-100.00%,TPB,NYSE:TPB,-0.682,$125.17,
NYSE:TPC,24 Dec 2025,$68.65,1,,,2.38,$88.52,-22.45%,,,,$89.45,1.05%,$0.00,-100.00%,$0.00,-100.00%,TPC,NYSE:TPC,-0.147,$116.25,
NYSE:TPH,16 Mar 2026,$59.96,5,$46.50,1,,,#DIV/0!,,,,,#DIV/0!,-$2.00,#DIV/0!,-$2.00,#DIV/0!,TPH,NYSE:TPH,-2.000,,
NYSE:TPL,9 Apr 2025,$774.67,2,,9,1.77,$374.34,106.94%,,,,$362.60,-3.14%,$0.00,-100.00%,$0.00,-100.00%,TPL,NYSE:TPL,-0.387,$442.00,
NYSE:TPR,26 Aug 2025,$73.71,2,,,2.50,$123.39,-40.26%,,,,$124.60,0.98%,$0.00,-100.00%,$0.00,-100.00%,TPR,NYSE:TPR,-0.103,$167.40,
NASDAQ:TREE,11 Aug 2025,$78.94,3,$63.86,8,3.06,$28.04,127.75%,,,,$29.62,5.63%,$80.80,188.16%,$68.70,145.02%,TREE,NASDAQ:TREE,0.138,$56.00,14.04%
NYSE:TREX,9 Apr 2024,$83.55,2,,,1.98,$45.58,83.31%,,,,$45.09,-1.08%,$0.00,-100.00%,$0.00,-100.00%,TREX,NYSE:TREX,-0.296,$54.67,
NYSE:TRGP,1 Sep 2025,$152.25,2,$206.29,6,1.95,$293.65,-48.15%,,,,$289.33,-1.47%,$0.00,-100.00%,$0.00,-100.00%,TRGP,NYSE:TRGP,-0.279,$308.10,-33.04%
NASDAQ:TRI,26 Aug 2025,$160.83,2,,,2.40,$107.32,49.86%,,,,$106.44,-0.82%,$0.00,-100.00%,$0.00,-100.00%,TRI,NASDAQ:TRI,-0.096,$122.29,
NASDAQ:TRMB,29 Jan 2026,$71.27,3,$98.71,5,1.65,$59.94,18.91%,,,,$60.85,1.52%,$0.00,-100.00%,$0.00,-100.00%,TRMB,NASDAQ:TRMB,-0.476,$80.18,23.11%
NASDAQ:TRMK,19 Nov 2025,$39.99,3,$42.50,4,1.91,$45.92,-12.91%,,,,$46.35,0.94%,$0.00,-100.00%,$0.00,-100.00%,TRMK,NASDAQ:TRMK,-0.302,$49.25,-13.71%
NYSE:TRN,23 Aug 2025,$33.90,4,$29.00,3,2.07,$28.82,0.62%,,,,$29.45,2.19%,$36.24,25.76%,-$2.55,-108.84%,TRN,NYSE:TRN,-0.255,$34.00,-14.71%
NASDAQ:TROW,8 Jan 2026,$118.25,5,$113.60,7,1.65,$111.28,2.08%,,,,$111.01,-0.24%,$0.00,-100.00%,$0.00,-100.00%,TROW,NASDAQ:TROW,-0.395,$109.58,3.67%
NASDAQ:TRST,19 Nov 2025,$40.35,3,,3,1.68,$56.72,-28.87%,,,,$57.27,0.97%,$0.00,-100.00%,$0.00,-100.00%,TRST,NASDAQ:TRST,-0.299,$26.00,
NYSE:TRV,18 Sep 2025,$253.19,2,,,3.01,$365.93,-30.81%,,,,$380.41,3.96%,$463.27,26.60%,$517.27,41.36%,TRV,NYSE:TRV,0.207,$360.33,
NASDAQ:TSAT,19 Jan 2026,$24.33,2,,1,1.72,$43.40,-43.94%,,,,$42.96,-1.01%,$0.00,-100.00%,$0.00,-100.00%,TSAT,NASDAQ:TSAT,-0.282,$19.04,
NASDAQ:TSCO,23 July 2026,$47.09,3,$39.00,4,1.73,$34.90,11.75%,,,,$34.68,-0.63%,$37.91,8.62%,$47.41,35.85%,TSCO,NASDAQ:TSCO,-0.370,$35.52,9.80%
NASDAQ:TSEM,9 Feb 2026,$95.60,2,$131.00,10,2.99,$205.05,-53.38%,,,,$224.60,9.53%,$0.00,-100.00%,$0.00,-100.00%,TSEM,NASDAQ:TSEM,0.108,$321.32,-59.23%
NASDAQ:TSLA,15 Dec 2025,$312.61,1,$386.42,7,1.28,$367.95,-15.04%,,,,$343.54,-6.63%,$352.14,-4.30%,$347.47,-5.57%,TSLA,NASDAQ:TSLA,-0.579,$390.09,-0.94%
NYSE:TSN,26 Jun 2026,$58.80,4,$73.00,9,2.27,$55.14,6.64%,,,,$55.52,0.69%,$0.00,-100.00%,$0.00,-100.00%,TSN,NYSE:TSN,-0.181,$68.75,6.18%
NASDAQ:TSSI,4 Feb 2026,$12.86,4,$15.00,2,1.44,$7.87,63.41%,,,,$8.01,1.78%,$0.00,-100.00%,$0.00,-100.00%,TSSI,NASDAQ:TSSI,-0.583,$16.50,-9.09%
NYSE:TT,31 Mar 2026,$379.88,2,$480.38,10,1.47,$444.40,-14.52%,,,,$445.25,0.19%,$675.75,52.06%,$707.79,59.27%,TT,NYSE:TT,-0.519,$526.99,-8.84%
NYSE:TTC,3 Apr 2024,$80.79,2,,,1.72,$97.81,-17.41%,,,,$98.10,0.30%,$164.06,67.73%,$178.80,82.80%,TTC,NYSE:TTC,-0.393,$109.25,
NASDAQ:TTGT,30 Jan 2026,$10.74,3,,,0.86,$3.87,177.46%,,,,$3.73,-3.62%,$0.00,-100.00%,$0.00,-100.00%,TTGT,NASDAQ:TTGT,-0.840,$7.67,
NASDAQ:TTMI,5 Feb 2026,$83.36,2,$100.00,7,3.04,$118.92,-29.90%,,,,$126.11,6.05%,$0.00,-100.00%,$0.00,-100.00%,TTMI,NASDAQ:TTMI,0.128,$214.25,-53.33%
NASDAQ:TTWO,12 Oct 2025,$173.47,1,,,1.66,$219.70,-21.04%,,,,$232.15,5.67%,$0.00,-100.00%,$0.00,-100.00%,TTWO,NASDAQ:TTWO,-0.462,$286.89,
NYSE:TUYA,19 Aug 2025,$2.34,3,,,0.85,$1.88,24.63%,,,,$1.83,-2.66%,$0.00,-100.00%,$0.00,-100.00%,TUYA,NYSE:TUYA,-0.846,$3.17,
NYSE:TV,3 Oct 2025,$2.63,3,$4.70,6,0.81,$2.75,-4.31%,,,,$2.67,-2.91%,$68.49,2390.60%,$187.45,6716.48%,TV,NYSE:TV,-0.863,$3.96,18.69%
NYSE:TWI,20 Sep 2024,$12.61,3,,,0.85,$7.19,75.34%,,,,$6.67,-7.23%,$11.39,58.47%,-$0.05,-100.76%,TWI,NYSE:TWI,-0.842,$11.75,
NYSE:TWLO,27 Jan 2026,$126.44,3,$147.11,8,1.97,$235.63,-46.34%,,,,$238.84,1.36%,$0.00,-100.00%,$0.00,-100.00%,TWLO,NYSE:TWLO,-0.275,$252.08,-41.64%
NASDAQ:TXN,19 Jan 2026,$191.02,3,,,2.87,$260.91,-26.79%,,,,$272.17,4.32%,$319.65,22.51%,$341.84,31.02%,TXN,NASDAQ:TXN,0.090,$324.71,
NASDAQ:TXRH,18 Sep 2025,$146.40,1,,,1.31,$195.60,-25.15%,,,,$197.50,0.97%,$0.00,-100.00%,$0.00,-100.00%,TXRH,NASDAQ:TXRH,-0.575,$217.74,
NYSE:TYL,24 Aug 2025,$541.31,3,$682.54,7,1.47,$372.22,45.43%,,,,$368.72,-0.94%,$0.00,-100.00%,$0.00,-100.00%,TYL,NYSE:TYL,-0.511,$426.64,59.98%
NYSE:UA,23 Dec 2025,$10.78,3,$7.50,4,2.30,$4.93,52.13%,,,,$4.98,1.01%,$0.00,-100.00%,$0.00,-100.00%,UA,NYSE:UA,-0.202,$14.00,-46.43%
NYSE:UAA,23 Dec 2025,$11.22,3,$5.58,3,2.05,$5.04,10.71%,,,,$5.08,0.79%,$0.00,-100.00%,$0.00,-100.00%,UAA,NYSE:UAA,-0.283,$6.40,-12.81%
NYSEAMERICAN:UAMY,3 Jul 2025,$7.55,1,$4.94,7,,,#DIV/0!,,,,,#DIV/0!,-$2.00,#DIV/0!,-$2.00,#DIV/0!,UAMY,NYSEAMERICAN:UAMY,-2.000,,
NYSE:UBER,3 Feb 2026,$84.31,3,$111.26,7,1.64,$75.65,11.45%,,,,$76.66,1.34%,$0.00,-100.00%,$0.00,-100.00%,UBER,NYSE:UBER,-0.483,$101.85,9.24%
NYSE:UBS,19 Aug 2025,$37.97,3,,,0.78,$55.72,-31.86%,,,,$53.59,-3.82%,-$233.87,-519.73%,-$240.13,-530.95%,UBS,NYSE:UBS,-0.782,$55.03,
NASDAQ:UBSI,27 May 2026,$44.17,3,$47.00,7,2.01,$47.13,-6.28%,,,,$47.69,1.19%,$0.00,-100.00%,$0.00,-100.00%,UBSI,NASDAQ:UBSI,-0.254,$50.33,-6.62%
NASDAQ:UCB,21 Oct 2025,$31.41,3,$35.00,5,,$34.84,-9.85%,,,,,-100.00%,-$2.00,-105.74%,-$2.00,-105.74%,UCB,NYSE:UCB,-2.000,,
NYSE:UCB,19 Nov 2025,$31.12,3,$35.33,7,1.40,$34.84,-10.68%,,,,$35.01,0.49%,$0.00,-100.00%,$0.00,-100.00%,UCB,NYSE:UCB,-0.537,$39.17,-9.80%
NASDAQ:UDMY,20 Aug 2025,$10.79,4,$10.00,5,,,#DIV/0!,,,,,#DIV/0!,-$2.00,#DIV/0!,-$2.00,#DIV/0!,UDMY,NASDAQ:UDMY,-2.000,,
NYSE:UDR,10 Sep 2025,$42.82,4,$44.23,9,3.75,$36.95,15.89%,,,,$38.48,4.14%,$0.00,-100.00%,$0.00,-100.00%,UDR,NYSE:UDR,0.504,$42.07,5.13%
NASDAQ:UFPI,31 Jan 2025,$119.95,3,$155.00,3,2.16,$84.52,41.92%,,,,$85.22,0.83%,$163.33,93.24%,$193.31,128.71%,UFPI,NASDAQ:UFPI,-0.222,$102.60,51.07%
NASDAQ:UFPT,4 Dec 2025,$299.56,3,,5,2.45,$297.95,0.54%,,,,$303.31,1.80%,$0.00,-100.00%,$0.00,-100.00%,UFPT,NASDAQ:UFPT,-0.089,$355.00,
NYSE:UGP,20 Aug 2025,$4.45,3,$4.00,5,1.62,$6.66,-39.94%,,,,$6.37,-4.35%,$0.00,-100.00%,$0.00,-100.00%,UGP,NYSE:UGP,-0.410,$6.62,-39.58%
NYSE:UI,26 Jan 2026,$379.66,1,,,1.99,$590.02,-35.65%,,,,$597.94,1.34%,$893.87,51.50%,$899.05,52.38%,UI,NYSE:UI,-0.301,$734.50,
NYSE:UIS,29 Jan 2026,$4.30,3,$4.00,5,2.93,$2.70,48.15%,,,,$2.80,3.70%,$10.07,273.13%,$0.38,-86.05%,UIS,NYSE:UIS,0.079,$4.81,-16.84%
NYSE:UL,10 Sep 2025,$66.09,3,$67.00,6,1.02,$64.85,1.91%,,,,$64.05,-1.23%,$0.00,-100.00%,$0.00,-100.00%,UL,NYSE:UL,-0.709,$73.98,-9.43%
NYSE:ULS,19 Aug 2025,$55.15,1,,,2.42,$74.52,-25.99%,,,,$75.07,0.74%,$0.00,-100.00%,$0.00,-100.00%,ULS,NYSE:ULS,-0.125,$97.32,
NASDAQ:UMBF,27 May 2026,$132.22,3,$147.00,9,2.11,$141.63,-6.64%,,,,$145.01,2.39%,$0.00,-100.00%,$0.00,-100.00%,UMBF,NASDAQ:UMBF,-0.239,$168.00,-12.50%
NYSE:UMC,19 Jan 2026,$9.15,3,,,2.09,$19.88,-53.97%,,,,$19.77,-0.55%,$46.11,131.92%,$68.80,246.08%,UMC,NYSE:UMC,-0.190,$18.49,
NYSE:UNFI,24 Mar 2026,$78.83,5,$44.00,7,2.87,$43.86,0.32%,,,,$48.56,10.72%,-$3.06,-106.98%,$60.11,37.06%,UNFI,NYSE:UNFI,0.115,$49.38,-10.90%
NYSE:UNM,17 Feb 2025,$69.73,2,$100.00,7,2.60,$93.22,-25.20%,,,,$93.32,0.11%,-$133.65,-243.38%,-$122.42,-231.33%,UNM,NYSE:UNM,0.000,$101.85,-1.82%
NYSE:UNP,21 May 2024,$230.08,3,,,0.65,$300.67,-23.48%,,,,$299.25,-0.47%,$337.52,12.26%,$375.95,25.04%,UNP,NYSE:UNP,-0.863,$329.25,
NASDAQ:UPBD,5 Feb 2026,$31.13,3,$29.00,6,0.68,$18.30,58.47%,,,,$18.58,1.53%,$62.72,242.72%,$386.97,2014.57%,UPBD,NASDAQ:UPBD,-0.918,$28.25,2.65%
NASDAQ:URBN,4 Apr 2026,$63.30,3,$87.71,9,1.22,$80.69,-21.55%,,,,$78.49,-2.73%,$0.00,-100.00%,$0.00,-100.00%,URBN,NASDAQ:URBN,-0.609,$87.69,0.02%
NYSE:URI,9 Apr 2025,$683.12,5,$774.77,6,1.61,"$1,038.00",-34.19%,,,,"$1,014.06",-2.31%,"$1,559.90",50.28%,"$2,400.57",131.27%,URI,NYSE:URI,-0.469,"$1,272.43",-39.11%
NASDAQ:UROY,18 Aug 2025,$3.73,4,$3.44,6,1.24,$3.89,-11.57%,,,,$4.17,7.20%,$0.00,-100.00%,$0.00,-100.00%,UROY,NASDAQ:UROY,-0.593,$4.10,-16.10%
NASDAQ:USAR,22 Jan 2026,$17.53,3,,,0.88,$17.82,-1.63%,,,,$17.43,-2.19%,$0.00,-100.00%,$0.00,-100.00%,USAR,NASDAQ:USAR,-0.831,$37.38,
NYSE:USB,20 Mar 2026,$56.96,3,$64.06,8,1.57,$61.58,-7.50%,,,,$62.24,1.07%,$0.00,-100.00%,$0.00,-100.00%,USB,NYSE:USB,-0.467,$70.32,-8.90%
NYSEAMERICAN:USBC,29 Jan 2026,$0.61,1,,,,$0.42,45.24%,,,,,-100.00%,-$2.00,-576.19%,-$2.00,-576.19%,USBC,NYSEAMERICAN:USBC,-2.000,,
NASDAQ:UTHR,23 Dec 2025,$479.02,3,$521.25,5,2.32,$510.38,-6.14%,,,,$518.78,1.65%,$0.00,-100.00%,$0.00,-100.00%,UTHR,NASDAQ:UTHR,-0.170,$664.33,-21.54%
NYSE:UTL,23 Jun 2026,$55.21,4,,,2.11,$53.54,3.11%,,,,$53.57,0.06%,$0.00,-100.00%,$0.00,-100.00%,UTL,NYSE:UTL,-0.203,$55.33,
NASDAQ:UVSP,19 Nov 2025,$30.95,3,$34.00,4,1.86,$41.52,-25.45%,,,,$41.71,0.46%,$0.00,-100.00%,$0.00,-100.00%,UVSP,NASDAQ:UVSP,-0.327,$45.50,-25.27%
NYSE:UVV,17 Mar 2026,$66.56,4,,2,1.86,$45.50,46.29%,,,,$45.83,0.73%,$0.00,-100.00%,$0.00,-100.00%,UVV,NYSE:UVV,-0.398,$67.00,
NYSE:UWMC,26 Jun 2026,$3.01,4,$4.39,2,0.93,$1.45,107.59%,,,,$1.42,-2.07%,$0.00,-100.00%,$0.00,-100.00%,UWMC,NYSE:UWMC,-0.809,$2.22,97.75%
NYSE:V,7 Sep 2025,$315.05,2,$397.95,10,1.26,$379.37,-16.95%,,,,$376.88,-0.66%,$585.69,54.38%,$599.43,58.01%,V,NYSE:V,-0.597,$417.90,-4.77%
NYSE:VAL,30 Jun 2026,$84.57,3,$98.00,7,2.54,$86.37,-2.08%,,,,$88.40,2.35%,$0.00,-100.00%,$0.00,-100.00%,VAL,NYSE:VAL,0.038,$69.05,41.93%
NYSE:VALE,14 Jan 2026,$14.72,4,$14.34,10,1.45,$15.09,-4.97%,,,,$14.86,-1.52%,$0.00,-100.00%,$0.00,-100.00%,VALE,NYSE:VALE,-0.512,$16.74,-14.34%
NASDAQ:VBNK,24 Aug 2025,$12.54,3,$12.24,3,1.77,$19.20,-36.25%,,,,$19.61,2.14%,-$37.41,-294.83%,-$36.78,-291.59%,VBNK,NASDAQ:VBNK,-0.402,$24.00,-49.00%
NASDAQ:VECO,5 Sep 2025,$35.14,3,$26.33,4,3.08,$44.30,-40.56%,,,,$48.03,8.42%,$0.00,-100.00%,$0.00,-100.00%,VECO,NASDAQ:VECO,0.149,$61.33,-57.07%
NYSE:VFC,26 Aug 2025,$31.37,5,$14.25,6,2.80,$13.44,6.03%,,,,$14.11,4.99%,$139.01,934.27%,$3.14,-76.66%,VFC,NYSE:VFC,0.024,$18.77,-24.08%
NASDAQ:VIAV,30 Jan 2026,$16.67,1,$25.06,2,2.25,$36.29,-54.05%,,,,$36.77,1.32%,$0.00,-100.00%,$0.00,-100.00%,VIAV,NASDAQ:VIAV,-0.223,$61.43,-59.21%
NYSE:VICI,19 Jun 2026,$33.66,5,$34.09,9,1.14,$25.65,31.23%,,,,$25.51,-0.55%,$51.67,101.45%,$51.73,101.68%,VICI,NYSE:VICI,-0.688,$32.50,4.89%
NASDAQ:VICR,30 Jan 2026,$121.65,1,$187.50,8,2.65,$187.68,-35.18%,,,,$188.10,0.22%,$0.00,-100.00%,$0.00,-100.00%,VICR,NASDAQ:VICR,-0.046,$386.25,-51.46%
NASDAQ:VISN,14 Aug 2026,$10.60,3,,,4.78,$6.31,68.05%,68.05%,$10.60,$14.67,$7.26,15.06%,$0.00,-100.00%,$0.00,-100.00%,VISN,NASDAQ:VISN,0.900,$14.67,
NYSE:VIST,13 Jun 2025,$50.56,3,$70.00,6,2.25,$71.46,-29.25%,,,,$69.91,-2.17%,$256.52,258.96%,$407.82,470.70%,VIST,NYSE:VIST,-0.215,$98.34,-28.82%
NYSE:VIV,17 Feb 2025,$11.28,3,$11.80,5,,$11.54,-2.27%,,,,$0.00,-100.00%,$35.14,204.54%,$73.45,536.47%,VIV,NYSE:VIV,-1.150,$14.88,-20.70%
NASDAQ:VLGEA,17 Mar 2026,$43.63,3,,6,2.31,$43.28,0.81%,,,,$44.04,1.76%,$111.16,156.84%,$166.26,284.16%,VLGEA,NASDAQ:VLGEA,-0.077,,
NYSE:VLN,9 Feb 2026,$2.14,3,$3.33,6,1.76,$1.78,20.22%,,,,$1.79,0.56%,$0.00,-100.00%,$0.00,-100.00%,VLN,NYSE:VLN,-0.441,$4.00,-16.75%
NYSE:VLO,29 Jun 2026,$198.17,1,$266.27,9,2.30,$358.92,-44.79%,,,,$349.41,-2.65%,$855.81,138.44%,$955.79,166.30%,VLO,NYSE:VLO,-0.086,$317.89,-16.24%
NYSE:VLRS,22 Aug 2025,$7.94,3,$7.67,4,1.73,$6.54,17.28%,,,,$6.72,2.75%,$102.22,1462.97%,$108.37,1557.00%,VLRS,NYSE:VLRS,-0.455,$9.46,-18.92%
NASDAQ:VLY,19 Nov 2025,$10.95,3,$13.73,9,2.05,$13.64,-19.70%,,,,$13.89,1.83%,$0.00,-100.00%,$0.00,-100.00%,VLY,NASDAQ:VLY,-0.273,$16.69,-17.74%
NYSE:VMC,31 Dec 2025,$246.19,1,$331.22,9,1.84,$269.58,-8.68%,,,,$271.42,0.68%,$296.44,9.96%,$385.87,43.14%,VMC,NYSE:VMC,-0.361,$325.74,1.68%
NASDAQ:VNDA,13 Nov 2025,$5.38,3,$15.50,8,0.93,$5.40,-0.41%,,,,$5.12,-5.19%,$0.00,-100.00%,$0.00,-100.00%,VNDA,NASDAQ:VNDA,-0.810,$12.19,27.15%
NASDAQ:VNET,9 Feb 2026,$7.43,1,$13.80,7,1.51,$6.06,22.58%,,,,$6.46,6.60%,$0.00,-100.00%,$0.00,-100.00%,VNET,NASDAQ:VNET,-0.549,$13.72,0.58%
NYSE:VNO,28 May 2026,$40.08,3,$31.60,8,2.08,$37.38,-15.46%,,,,$38.46,2.89%,$0.00,-100.00%,$0.00,-100.00%,VNO,NYSE:VNO,-0.225,$40.38,-21.74%
NYSEAMERICAN:VNRX,11 Dec 2025,$0.32,1,$2.25,8,,$0.43,-25.58%,,,,,-100.00%,-$2.00,-565.12%,-$2.00,-565.12%,VNRX,NYSEAMERICAN:VNRX,-2.000,,
NYSE:VNT,11 Feb 2026,$45.33,3,$47.25,4,1.64,$32.21,40.73%,,,,$32.76,1.71%,$0.00,-100.00%,$0.00,-100.00%,VNT,NYSE:VNT,-0.463,$41.05,15.10%
NASDAQ:VRDN,19 May 2025,$24.97,4,$37.70,3,1.61,$23.16,7.82%,,,,$23.00,-0.69%,$0.00,-100.00%,$0.00,-100.00%,VRDN,NASDAQ:VRDN,-0.507,$36.62,2.95%
NASDAQ:VREX,16 Dec 2025,$15.01,4,$15.33,7,1.81,$18.49,-18.82%,,,,$18.56,0.38%,$0.00,-100.00%,$0.00,-100.00%,VREX,NASDAQ:VREX,-0.333,$18.93,-19.02%
NASDAQ:VRRM,30 Jan 2026,$22.14,4,$25.00,5,2.96,$4.43,399.76%,,,,$4.70,6.09%,$0.00,-100.00%,$0.00,-100.00%,VRRM,NASDAQ:VRRM,0.093,$7.00,257.14%
NASDAQ:VSAT,30 Jan 2026,$27.54,2,$45.00,6,3.21,$67.27,-59.05%,,,,$74.68,11.02%,$0.00,-100.00%,$0.00,-100.00%,VSAT,NASDAQ:VSAT,0.206,$101.44,-55.64%
NYSE:VSCO,12 Jun 2025,$36.51,5,$22.56,8,4.23,$51.73,-56.39%,,,,$0.00,-100.00%,$246.22,375.98%,$273.57,428.84%,VSCO,NYSE:VSCO,-1.000,$64.44,-64.99%
NYSE:VSH,28 Jan 2026,$21.32,3,$16.00,5,2.94,$30.43,-47.42%,,,,$32.45,6.64%,$0.00,-100.00%,$0.00,-100.00%,VSH,NYSE:VSH,0.111,$39.00,-58.97%
NYSE:VTEX,15 Dec 2025,$4.81,3,$6.10,1,2.12,$3.60,33.75%,,,,$3.46,-3.89%,$0.00,-100.00%,$0.00,-100.00%,VTEX,NYSE:VTEX,-0.279,$5.68,7.39%
NYSE:VTMX,15 Jun 2025,$34.66,3,$21.00,5,1.63,$34.42,-38.99%,,,,$33.95,-1.37%,$37.37,8.57%,$37.61,9.28%,VTMX,NYSE:VTMX,-0.426,$36.90,-43.09%
NYSE:VTR,19 Sep 2025,$68.32,3,$76.83,9,2.52,$91.17,-25.06%,,,,$93.01,2.02%,$98.36,7.88%,$148.80,63.21%,VTR,NYSE:VTR,-0.034,$100.45,-23.51%
NASDAQ:VVPR,9 Feb 2026,$2.07,3,,,,,#DIV/0!,,,,,#DIV/0!,-$2.00,#DIV/0!,-$2.00,#DIV/0!,VVPR,NASDAQ:VVPR,-2.000,,
NYSE:VVV,18 Sep 2025,$45.89,3,,,1.84,$32.06,43.15%,,,,$31.93,-0.41%,$0.00,-100.00%,$0.00,-100.00%,VVV,NYSE:VVV,-0.393,$43.50,
NYSE:VVX,11 Aug 2025,$66.16,5,$61.22,3,2.53,$77.16,-20.66%,,,,$78.65,1.93%,$0.00,-100.00%,$0.00,-100.00%,VVX,NYSE:VVX,-0.046,$89.18,-31.35%
NYSE:VYX,25 Feb 2026,$13.06,5,$15.13,6,0.93,$8.38,55.81%,,,,$8.61,2.74%,$0.00,-100.00%,$0.00,-100.00%,VYX,NYSE:VYX,-0.809,$12.96,16.74%
NYSEAMERICAN:VZLA,14 Aug 2025,$4.47,,$4.07,8,0.96,$4.05,0.49%,,,,$3.86,-4.69%,$4.10,1.19%,$4.10,1.23%,VZLA,NYSEAMERICAN:VZLA,-0.794,$6.26,-34.98%
NYSE:WAB,23 Aug 2025,$179.00,2,,,1.66,$285.93,-37.40%,,,,$290.96,1.76%,$298.07,4.25%,$410.54,43.58%,WAB,NYSE:WAB,-0.427,$329.17,
NASDAQ:WABC,1 Jun 2026,$57.44,3,$58.00,4,2.11,$58.05,-1.05%,,,,$58.22,0.29%,$0.00,-100.00%,$0.00,-100.00%,WABC,NASDAQ:WABC,-0.220,$64.00,-9.38%
NASDAQ:WAFD,27 May 2026,$37.31,3,$37.00,8,2.60,$35.76,3.47%,,,,$36.94,3.30%,$0.00,-100.00%,$0.00,-100.00%,WAFD,NASDAQ:WAFD,0.000,$39.00,-5.13%
NYSE:WAL,14 Jul 2026,$86.73,3,$90.38,7,1.76,$78.13,11.01%,,,,$78.35,0.28%,$0.00,-100.00%,$0.00,-100.00%,WAL,NYSE:WAL,-0.392,$93.07,-2.89%
NASDAQ:WASH,27 May 2026,$34.83,3,$33.33,8,2.11,$39.13,-14.82%,,,,$39.79,1.69%,$0.00,-100.00%,$0.00,-100.00%,WASH,NASDAQ:WASH,-0.188,$38.00,-12.29%
NYSE:WBS,10 Mar 2026,$76.23,3,$74.69,7,,$77.57,-3.71%,,,,,-100.00%,-$2.00,-102.58%,-$2.00,-102.58%,WBS,NYSE:WBS,-2.000,,
NYSE:WD,23 Dec 2025,$82.23,3,$84.00,6,3.01,$40.53,102.90%,,,,$42.47,4.79%,$0.00,-100.00%,$0.00,-100.00%,WD,NYSE:WD,0.115,$57.00,47.37%
NASDAQ:WDC,23 Aug 2024,$68.21,3,,,2.22,$450.55,-84.86%,,,,$458.59,1.78%,$0.00,-100.00%,$0.00,-100.00%,WDC,NASDAQ:WDC,-0.238,$664.92,
NYSE:WDS,18 May 2026,$26.11,4,,6,2.36,$23.28,12.16%,,,,$23.32,0.17%,$0.00,-100.00%,$0.00,-100.00%,WDS,NYSE:WDS,-0.079,$22.73,
NYSE:WEC,14 Jan 2026,$103.97,2,,,2.23,$106.17,-2.07%,,,,$106.86,0.65%,$38.57,-63.67%,$18.65,-82.44%,WEC,NYSE:WEC,-0.176,$121.62,
NYSE:WELL,18 Sep 2025,$151.80,2,,,0.93,$236.24,-35.74%,,,,$234.26,-0.84%,$260.17,10.13%,$282.28,19.49%,WELL,NYSE:WELL,-0.740,$256.73,
NASDAQ:WEN,9 Sep 2025,$16.85,3,$11.97,6,2.62,$8.30,44.22%,,,,$8.45,1.81%,$0.00,-100.00%,$0.00,-100.00%,WEN,NASDAQ:WEN,0.045,$7.79,53.66%
NYSE:WF,19 Nov 2025,$51.73,3,,,2.88,$73.14,-29.27%,,,,$75.57,3.32%,$0.00,-100.00%,$0.00,-100.00%,WF,NYSE:WF,0.069,$99.11,
NYSE:WFC,14 Aug 2025,$71.42,3,$87.67,6,1.61,$86.39,-17.33%,,,,$85.22,-1.35%,$0.00,-100.00%,$0.00,-100.00%,WFC,NYSE:WFC,-0.454,$100.24,-12.54%
NYSE:WFG,24 Oct 2025,$81.03,3,$95.74,7,1.30,$68.16,18.88%,,,,$67.08,-1.58%,$135.67,99.05%,$251.44,268.89%,WFG,NYSE:WFG,-0.609,$84.83,12.86%
NASDAQ:WFRD,20 Jul 2026,$84.88,3,$121.00,10,2.13,$97.77,-13.18%,,,,$91.48,-6.43%,$186.47,90.72%,$252.65,158.41%,WFRD,NASDAQ:WFRD,-0.230,$116.92,3.49%
NYSE:WGO,13 Sep 2024,$83.32,5,,,2.24,$30.09,176.89%,,,,$30.50,1.36%,$0.00,-100.00%,$0.00,-100.00%,WGO,NYSE:WGO,-0.195,$38.00,
NYSE:WHD,18 Feb 2026,$69.67,3,$55.50,5,1.94,$70.32,-21.08%,,,,$68.42,-2.70%,$111.93,59.18%,$129.09,83.58%,WHD,NYSE:WHD,-0.262,$67.56,-17.85%
NYSE:WIT,19 Jan 2026,$2.58,2,,7,1.15,$1.85,39.45%,,,,$1.77,-4.32%,$168.98,9034.16%,$215.27,11536.00%,WIT,NYSE:WIT,-0.609,$1.75,
NYSE:WK,10 Feb 2026,$82.53,4,$109.00,8,1.18,$80.00,3.16%,,,,$76.75,-4.06%,$0.00,-100.00%,$0.00,-100.00%,WK,NYSE:WK,-0.600,$77.20,41.19%
NYSE:WKC,16 Sep 2025,$32.51,4,$29.00,6,1.86,$35.75,-18.88%,,,,$35.54,-0.59%,-$5.95,-116.64%,$11.11,-68.92%,WKC,NYSE:WKC,-0.318,$37.67,-23.02%
NASDAQ:WKHS,12 Dec 2024,$1.13,,,4,,$3.43,-67.06%,,,,,-100.00%,-$2.00,-158.31%,-$2.00,-158.31%,WKHS,NASDAQ:WKHS,-2.000,,
NYSE:WMB,22 Jan 2026,$57.39,2,$71.00,9,1.48,$75.05,-23.54%,,,,$73.33,-2.29%,$0.00,-100.00%,$0.00,-100.00%,WMB,NYSE:WMB,-0.504,$85.25,-16.72%
NYSE:WMK,17 Mar 2026,$74.25,4,,4,1.27,$71.05,4.51%,,,,$70.79,-0.37%,$0.00,-100.00%,$0.00,-100.00%,WMK,NYSE:WMK,-0.481,$31.00,
NYSE:WMS,5 May 2025,$162.55,3,$140.71,7,1.86,$135.73,3.67%,,,,$136.58,0.63%,$0.00,-100.00%,$0.00,-100.00%,WMS,NYSE:WMS,-0.385,$183.92,-23.49%
NYSE:WOR,16 Dec 2024,$43.00,4,,4,1.41,$57.44,-25.14%,,,,$56.56,-1.53%,$82.79,44.14%,$95.45,66.17%,WOR,NYSE:WOR,-0.540,$65.60,
NYSE:WPM,19 Nov 2025,$65.01,2,$128.93,7,2.64,$150.83,-56.90%,,,,$162.88,7.99%,$0.00,-100.00%,$0.00,-100.00%,WPM,NYSE:WPM,0.003,$174.61,-26.16%
NYSE:WPP,9 Sep 2025,$37.50,3,,6,1.63,$25.58,46.58%,,,,$25.65,0.27%,$0.00,-100.00%,$0.00,-100.00%,WPP,NYSE:WPP,-0.366,$20.80,
NASDAQ:WRLD,19 Nov 2025,$145.37,3,,1,1.55,$183.81,-20.91%,,,,$187.96,2.26%,$0.00,-100.00%,$0.00,-100.00%,WRLD,NASDAQ:WRLD,-0.476,$210.00,
NASDAQ:WSBC,27 May 2026,$35.79,3,$39.75,9,1.61,$40.01,-10.55%,,,,$40.35,0.85%,$0.00,-100.00%,$0.00,-100.00%,WSBC,NASDAQ:WSBC,-0.445,$44.50,-10.67%
NASDAQ:WSC,19 Aug 2025,$32.85,3,$33.40,7,2.33,$20.70,58.71%,,,,$20.88,0.87%,$0.00,-100.00%,$0.00,-100.00%,WSC,NASDAQ:WSC,-0.186,$29.40,13.61%
NASDAQ:WSFS,27 May 2026,$70.81,3,$78.70,6,2.34,$77.45,-8.57%,,,,$78.60,1.48%,$0.00,-100.00%,$0.00,-100.00%,WSFS,NASDAQ:WSFS,-0.128,$88.92,-11.49%
NYSE:WSM,19 Aug 2025,$178.74,2,,,1.93,$228.25,-21.69%,,,,$232.79,1.99%,$0.00,-100.00%,$0.00,-100.00%,WSM,NYSE:WSM,-0.293,$247.45,
NYSE:WSO,1 Jul 2024,$356.65,1,,,1.80,$309.82,15.11%,,,,$307.01,-0.91%,$0.00,-100.00%,$0.00,-100.00%,WSO,NYSE:WSO,-0.383,$378.70,
NYSE:WT,27 Aug 2025,$14.51,4,$13.88,8,1.44,$24.06,-42.31%,,,,$24.41,1.45%,$0.00,-100.00%,$0.00,-100.00%,WT,NYSE:WT,-0.479,$22.61,-38.61%
NASDAQ:WTFC,28 Apr 2026,$145.18,3,$179.88,8,2.09,$150.36,-3.45%,,,,$153.39,2.02%,$0.00,-100.00%,$0.00,-100.00%,WTFC,NASDAQ:WTFC,-0.249,$180.07,-0.11%
NYSE:WTS,19 Nov 2025,$243.48,2,$290.50,3,1.82,$365.75,-33.43%,,,,$364.80,-0.26%,$0.00,-100.00%,$0.00,-100.00%,WTS,NYSE:WTS,-0.344,$393.50,-26.18%
NASDAQ:WTW,3 Sep 2025,$319.57,3,,,1.77,$338.55,-5.61%,,,,$341.39,0.84%,$405.94,19.91%,$481.68,42.28%,WTW,NASDAQ:WTW,-0.372,$379.95,
NYSE:WU,9 Sep 2025,$14.43,3,$8.65,5,1.56,$7.16,20.81%,,,,$7.21,0.70%,$0.00,-100.00%,$0.00,-100.00%,WU,NYSE:WU,-0.440,$7.09,22.00%
NASDAQ:WULF,23 Dec 2025,$11.85,3,$21.73,10,1.57,$15.13,-21.65%,,,,$15.08,-0.33%,$0.00,-100.00%,$0.00,-100.00%,WULF,NASDAQ:WULF,-0.523,$36.34,-40.20%
NASDAQ:WVE,19 Aug 2025,$9.10,3,,,0.77,$4.90,85.63%,,,,$4.90,0.00%,$0.00,-100.00%,$0.00,-100.00%,WVE,NASDAQ:WVE,-0.879,$19.06,
NYSE:WWW,24 May 2026,$24.95,5,$22.50,8,1.82,$19.73,14.04%,,,,$19.99,1.32%,$0.00,-100.00%,$0.00,-100.00%,WWW,NYSE:WWW,-0.374,$24.30,-7.41%
NASDAQ:XEL,18 Sep 2025,$67.13,2,,,2.34,$75.69,-11.31%,,,,$76.79,1.45%,$0.00,-100.00%,$0.00,-100.00%,XEL,NASDAQ:XEL,-0.140,$91.76,
NASDAQ:XGN,25 Aug 2025,$7.35,3,,,1.10,$7.34,0.19%,,,,$7.22,-1.63%,$0.00,-100.00%,$0.00,-100.00%,XGN,NASDAQ:XGN,-0.719,$9.86,
NASDAQ:XMTR,23 Dec 2025,$38.29,2,,,1.84,$92.69,-58.69%,,,,$94.08,1.50%,$0.00,-100.00%,$0.00,-100.00%,XMTR,NASDAQ:XMTR,-0.357,$110.30,
NASDAQ:XNET,11 Feb 2026,$5.15,3,,5,1.22,$4.93,4.50%,,,,$4.90,-0.61%,$0.00,-100.00%,$0.00,-100.00%,XNET,NASDAQ:XNET,-0.680,$12.00,
NYSE:XOM,23 Aug 2024,$132.36,4,,,2.84,$160.95,-17.76%,,,,$160.33,-0.39%,$0.00,-100.00%,$0.00,-100.00%,XOM,NYSE:XOM,0.115,$169.68,
NASDAQ:XP,26 Jun 2026,$17.06,3,$24.00,4,0.83,$18.23,-6.42%,,,,$16.90,-7.30%,$0.00,-100.00%,$0.00,-100.00%,XP,NASDAQ:XP,-0.816,$22.34,7.43%
NASDAQ:XPEL,29 Nov 2024,$53.10,3,,,1.71,$49.26,7.80%,,,,$49.31,0.10%,$0.00,-100.00%,$0.00,-100.00%,XPEL,NASDAQ:XPEL,-0.431,$61.67,
NYSE:XPEV,15 Dec 2025,$20.30,3,$29.67,6,1.27,$11.36,78.72%,,,,$11.32,-0.35%,$0.00,-100.00%,$0.00,-100.00%,XPEV,NYSE:XPEV,-0.657,$20.56,44.31%
NYSE:XYF,9 Sep 2025,$13.63,3,,,,$5.70,139.07%,,,,,-100.00%,-$2.00,-135.09%,-$2.00,-135.09%,XYF,NYSE:XYF,-2.000,,
NYSE:XYL,11 Nov 2025,$146.77,2,,,1.87,$110.11,33.30%,,,,$110.74,0.57%,$145.15,31.82%,$184.78,67.81%,XYL,NYSE:XYL,-0.390,$153.88,
NYSE:XYZ,11 Feb 2026,$75.58,3,,,1.79,$82.02,-7.85%,,,,$83.23,1.48%,$0.00,-100.00%,$0.00,-100.00%,XYZ,NYSE:XYZ,-0.383,$98.35,
NYSE:YALA,11 Feb 2026,$6.10,3,,6,1.32,$5.49,11.11%,,,,$5.46,-0.55%,$0.00,-100.00%,$0.00,-100.00%,YALA,NYSE:YALA,-0.635,$7.68,
NASDAQ:YB,11 Feb 2026,$20.18,3,,,,$13.84,45.79%,,,,,-100.00%,-$2.00,-114.45%,-$2.00,-114.45%,YB,NASDAQ:YB,-2.000,,
NYSE:YMM,11 Feb 2026,$11.83,4,$11.96,6,1.36,$8.47,39.67%,,,,$8.67,2.36%,$0.00,-100.00%,$0.00,-100.00%,YMM,NYSE:YMM,-0.620,$12.52,-4.47%
NYSE:YPF,12 Feb 2026,$42.64,3,$39.40,2,3.83,$51.58,-23.61%,,,,$52.63,2.04%,$0.00,-100.00%,$0.00,-100.00%,YPF,NYSE:YPF,0.536,$59.58,-33.87%
NYSE:YUM,18 Sep 2025,$140.70,3,,,1.74,$153.31,-8.23%,,,,$151.84,-0.96%,$0.00,-100.00%,$0.00,-100.00%,YUM,NYSE:YUM,-0.391,$173.34,
NASDAQ:YYGH,19 Aug 2025,$1.90,3,,,1.16,$1.32,44.28%,,,,$1.46,10.61%,$0.00,-100.00%,$0.00,-100.00%,YYGH,NASDAQ:YYGH,-0.534,,
NYSE:ZBH,11 Dec 2025,$110.32,5,$103.50,5,2.59,$100.04,3.46%,,,,$102.85,2.81%,$0.00,-100.00%,$0.00,-100.00%,ZBH,NYSE:ZBH,0.002,$107.57,-3.78%
NASDAQ:ZBRA,30 Jan 2026,$311.75,3,$319.75,8,2.31,$353.55,-11.82%,,,,$357.33,1.07%,$0.00,-100.00%,$0.00,-100.00%,ZBRA,NASDAQ:ZBRA,-0.145,$412.87,-22.55%
NASDAQ:ZD,23 Feb 2024,$75.69,3,,,1.93,$55.15,37.25%,,,,$55.96,1.47%,$0.00,-100.00%,$0.00,-100.00%,ZD,NASDAQ:ZD,-0.314,$64.40,
NASDAQ:ZEUS,22 Aug 2025,$42.35,3,$38.00,3,1.97,$47.86,-20.60%,,,,$0.00,-100.00%,$0.00,-100.00%,$0.00,-100.00%,ZEUS,NASDAQ:ZEUS,-1.000,$38.00,0.00%
NYSE:ZGN,23 Dec 2025,$14.49,4,$11.45,8,0.91,$13.58,-15.68%,,,,$13.48,-0.74%,$0.00,-100.00%,$0.00,-100.00%,ZGN,NYSE:ZGN,-0.751,$14.92,-23.26%
NYSE:ZH,3 Sep 2025,$6.32,4,,8,0.75,$2.76,129.09%,,,,$2.75,-0.36%,$0.00,-100.00%,$0.00,-100.00%,ZH,NYSE:ZH,-0.888,$4.50,
NYSE:ZIM,19 Nov 2025,$20.23,4,$11.83,3,3.01,$27.40,-56.82%,,,,$28.76,4.96%,$0.00,-100.00%,$0.00,-100.00%,ZIM,NYSE:ZIM,0.217,$25.80,-54.15%
NASDAQ:ZION,12 Oct 2025,$55.40,3,,,1.64,$66.69,-16.93%,,,,$67.67,1.47%,$0.00,-100.00%,$0.00,-100.00%,ZION,NASDAQ:ZION,-0.432,$74.95,
NASDAQ:LULU,30 Mar 2026,$260.18,3,$182.42,2,2.46,$120.26,51.69%,,,,$117.92,-1.95%,$179.70,49.43%,$259.94,116.15%,LULU,NASDAQ:LULU,-0.052,$127.35,43.24%
NYSE:LOW,26 Mar 2026,$245.53,4,$293.29,8,2.81,$204.70,19.95%,,,,$212.22,3.67%,$0.00,-100.00%,$0.00,-100.00%,LOW,NYSE:LOW,0.060,$254.36,15.31%
NYSE:OII,30 Jun 2026,$31.11,2,$38.00,10,1.85,$51.76,-39.89%,,,,$50.31,-2.80%,$0.00,-100.00%,$0.00,-100.00%,OII,NYSE:OII,-0.288,$46.00,-17.39%
NASDAQ:SPOK,10 Apr 2026,$17.65,5,$14.00,4,1.83,$10.51,33.21%,,,,$10.39,-1.14%,$19.80,88.44%,$21.56,105.10%,SPOK,NASDAQ:SPOK,-0.392,$14.00,0.00%
NYSE:HTGC,30 Mar 2026,$16.87,3,$19.25,4,2.34,$17.64,-4.37%,,,,$17.65,0.06%,$50.46,186.05%,$53.00,200.47%,HTGC,NYSE:HTGC,-0.112,$19.17,0.42%
NASDAQ:RWAY,30 Mar 2026,$9.18,4,$8.00,6,2.44,$6.68,19.76%,,,,$6.61,-1.05%,$0.00,-100.00%,$0.00,-100.00%,RWAY,NASDAQ:RWAY,-0.094,$8.04,-0.50%
NASDAQ:CCAP,30 Mar 2026,$15.59,3,$14.25,6,2.32,$10.62,34.18%,,,,$10.64,0.19%,$0.00,-100.00%,$0.00,-100.00%,CCAP,NASDAQ:CCAP,-0.145,$12.64,12.74%
NASDAQ:CCEP,19 Mar 2026,$99.72,3,$108.12,7,2.41,$108.02,-7.68%,,,,$109.47,1.34%,$0.00,-100.00%,$0.00,-100.00%,CCEP,NASDAQ:CCEP,-0.070,$112.74,-4.10%
NASDAQ:CIVB,19 Mar 2026,$24.05,3,$27.33,6,2.16,$26.98,-10.87%,,,,$27.64,2.45%,$0.00,-100.00%,$0.00,-100.00%,CIVB,NASDAQ:CIVB,-0.209,$31.17,-12.32%
NASDAQ:AUPH,1 Jun 2026,$13.51,3,$15.67,7,1.47,$16.11,-16.16%,,,,$16.23,0.74%,$0.00,-100.00%,$0.00,-100.00%,AUPH,NASDAQ:AUPH,-0.505,$17.86,-12.26%
NASDAQ:CASS,24 Jun 2026,$50.17,3,,,1.68,$56.11,-10.59%,,,,$56.54,0.77%,$0.00,-100.00%,$0.00,-100.00%,CASS,NASDAQ:CASS,-0.402,$59.50,
NASDAQ:EXEL,1 May 2026,$47.67,3,$46.00,6,1.79,$54.64,-15.81%,,,,$54.37,-0.49%,$0.00,-100.00%,$0.00,-100.00%,EXEL,NASDAQ:EXEL,-0.333,$53.00,-13.21%
NASDAQ:PBYI,1 Jun 2026,$5.88,3,$5.00,6,2.12,$9.11,-45.12%,,,,$9.12,0.11%,$0.00,-100.00%,$0.00,-100.00%,PBYI,NASDAQ:PBYI,-0.114,$6.00,-16.67%
NASDAQ:LEGH,29 Jun 2026,$32.03,4,$28.00,8,1.16,$28.13,-0.46%,,,,$28.05,-0.28%,$0.00,-100.00%,$0.00,-100.00%,LEGH,NASDAQ:LEGH,-0.586,$24.00,16.67%
NYSE:UHS,30 Mar 2026,$213.24,5,$245.00,3,1.76,$170.33,25.19%,,,,$170.07,-0.15%,$0.00,-100.00%,$0.00,-100.00%,UHS,NYSE:UHS,-0.384,$193.94,26.33%
NYSE:EMA,30 Mar 2026,$47.50,2,,,2.45,$50.09,-5.17%,,,,$50.09,0.00%,$0.00,-100.00%,$0.00,-100.00%,EMA,NYSE:EMA,-0.101,$62.50,
NYSE:NXDT,30 Mar 2026,$4.25,3,,,1.06,$5.31,-19.96%,,,,$5.31,0.00%,$0.00,-100.00%,$0.00,-100.00%,NXDT,NYSE:NXDT,-0.577,,
NASDAQ:LOGI,30 Mar 2026,$102.94,4,$112.27,6,2.58,$98.69,4.31%,,,,$99.25,0.57%,$173.28,75.58%,$182.08,84.50%,LOGI,NASDAQ:LOGI,-0.007,$106.80,5.12%
NASDAQ:ACAD,14 Jun 2026,$22.38,3,$32.18,7,0.67,$28.91,-22.58%,,,,$28.27,-2.21%,$0.00,-100.00%,$0.00,-100.00%,ACAD,NASDAQ:ACAD,-0.876,$34.00,-5.35%
NASDAQ:PDEX,31 Mar 2026,$63.00,4,,5,2.69,$62.10,1.45%,,,,$65.93,6.17%,$85.56,37.78%,$92.86,49.53%,PDEX,NASDAQ:PDEX,0.035,$70.00,
NYSE:HLF,10 Apr 2026,$16.11,3,$15.00,10,1.23,$10.99,36.49%,,,,$12.13,10.37%,$0.00,-100.00%,$0.00,-100.00%,HLF,NYSE:HLF,-0.676,$17.00,-11.76%
NASDAQ:INVA,27 May 2026,$23.82,3,$34.50,8,1.45,$20.77,14.66%,,,,$20.70,-0.34%,$0.00,-100.00%,$0.00,-100.00%,INVA,NASDAQ:INVA,-0.579,$35.00,-1.43%
NYSE:MTH,31 Mar 2026,$81.04,5,$83.50,1,1.69,$69.43,16.72%,,,,$70.15,1.04%,$127.16,83.15%,$130.86,88.47%,MTH,NYSE:MTH,-0.423,$82.38,1.36%
NYSE:CBT,29 Apr 2026,$98.58,5,$78.00,6,3.19,$82.71,-5.69%,,,,$87.58,5.89%,$0.00,-100.00%,$0.00,-100.00%,CBT,NYSE:CBT,0.263,$91.33,-14.60%
NASDAQ:JOYY,21 May 2026,$63.47,5,,,1.42,$74.64,-14.96%,,,,$72.78,-2.49%,$0.00,-100.00%,$0.00,-100.00%,JOYY,NASDAQ:JOYY,-0.538,$86.08,
NASDAQ:MU,22 Apr 2026,$420.62,3,$543.20,8,1.98,$958.73,-56.13%,,,,$912.97,-4.77%,"$1,577.38",64.53%,"$1,681.30",75.37%,MU,NASDAQ:MU,-0.343,"$1,513.41",-64.11%
NASDAQ:MDXG,22 Apr 2026,$5.83,3,$8.00,7,1.28,$4.54,28.50%,,,,$4.44,-2.20%,$9.89,117.82%,$10.37,128.42%,MDXG,NASDAQ:MDXG,-0.655,$7.00,14.29%
NASDAQ:RIGL,4 Apr 2026,$33.48,4,$45.67,9,2.21,$46.18,-27.50%,,,,$46.04,-0.30%,$0.00,-100.00%,$0.00,-100.00%,RIGL,NASDAQ:RIGL,-0.234,$63.00,-27.51%
NASDAQ:BKNG,15 Jun 2026,$206.77,5,$220.15,7,1.96,$199.09,3.86%,,,,$204.19,2.56%,$0.00,-100.00%,$0.00,-100.00%,BKNG,NASDAQ:BKNG,-0.305,$237.81,-7.43%
NASDAQ:RMR,15 Jun 2026,$22.56,4,$21.00,7,2.41,$19.32,8.70%,,,,$19.54,1.14%,$0.00,-100.00%,$0.00,-100.00%,RMR,NASDAQ:RMR,-0.078,$20.75,1.20%
NYSE:REX,7 Apr 2026,$45.52,3,,,2.38,$41.08,10.81%,,,,$40.51,-1.39%,$93.85,128.45%,$103.53,152.02%,REX,NYSE:REX,-0.123,$50.00,
NYSE:WS,23 Apr 2026,$36.83,3,$38.00,7,2.08,$34.45,6.91%,,,,$34.00,-1.31%,$43.05,24.95%,$53.40,55.00%,WS,NYSE:WS,-0.282,$46.00,-17.39%
NYSE:ARDT,9 Apr 2026,$17.13,3,$12.47,4,2.05,$10.82,15.25%,,,,$10.78,-0.37%,$0.00,-100.00%,$0.00,-100.00%,ARDT,NYSE:ARDT,-0.262,$12.68,-1.66%
NASDAQ:BYRN,10 Apr 2026,$17.11,3,$20.50,4,1.67,$3.61,373.96%,,,,$3.51,-2.77%,$8.34,131.14%,$9.47,162.39%,BYRN,NASDAQ:BYRN,-0.480,$6.83,200.15%
NYSE:VTOL,30 Jun 2026,$44.08,3,$56.00,5,1.97,$45.39,-2.88%,,,,$43.74,-3.64%,$0.00,-100.00%,$0.00,-100.00%,VTOL,NYSE:VTOL,-0.348,$64.33,-12.95%
NYSE:YELP,10 Apr 2026,$41.52,3,$25.00,3,1.55,$22.35,11.86%,,,,$22.54,0.85%,$0.00,-100.00%,$0.00,-100.00%,YELP,NYSE:YELP,-0.480,$26.00,-3.85%
NYSE:EMN,29 Jul 2026,$92.37,5,$81.08,7,2.17,$72.44,11.93%,,,,$73.01,0.79%,$0.00,-100.00%,$0.00,-100.00%,EMN,NYSE:EMN,-0.198,$81.60,-0.64%
NYSE:LEVI,24 Jun 2026,$25.35,4,$26.91,4,1.82,$20.76,22.11%,,,,$21.28,2.50%,$127.60,514.63%,$164.36,691.73%,LEVI,NYSE:LEVI,-0.403,$28.27,-4.81%
NASDAQ:CWBC,14 Apr 2026,$22.95,3,$27.50,9,2.26,$25.93,-11.48%,,,,$26.01,0.31%,$0.00,-100.00%,$0.00,-100.00%,CWBC,NASDAQ:CWBC,-0.162,$29.62,-7.16%
NASDAQ:NRDS,16 Apr 2026,$15.41,5,$14.75,5,0.88,$9.88,49.29%,,,,$9.53,-3.54%,$0.00,-100.00%,$0.00,-100.00%,NRDS,NASDAQ:NRDS,-0.785,$11.80,25.00%
NYSE:LZB,29 Apr 2026,$50.16,5,$44.50,1,2.74,$31.64,40.64%,,,,$33.72,6.57%,$0.00,-100.00%,$0.00,-100.00%,LZB,NYSE:LZB,0.017,$41.00,8.54%
NASDAQ:UPWK,16 Apr 2026,$16.52,5,$21.22,4,1.91,$9.03,82.99%,,,,$8.93,-1.11%,$0.00,-100.00%,$0.00,-100.00%,UPWK,NASDAQ:UPWK,-0.307,$9.88,114.78%
NASDAQ:MTCH,16 Apr 2026,$41.38,5,$35.45,6,1.65,$40.65,-12.79%,,,,$41.38,1.80%,$0.00,-100.00%,$0.00,-100.00%,MTCH,NASDAQ:MTCH,-0.406,$41.88,-15.35%
NASDAQ:REGN,29 Apr 2026,$775.92,3,$869.88,8,0.91,$799.08,-2.90%,,,,$778.33,-2.60%,$961.87,20.37%,"$1,010.33",26.44%,REGN,NASDAQ:REGN,-0.742,$840.43,3.50%
NASDAQ:INCY,1 Jun 2026,$81.23,2,$106.83,6,1.51,$123.22,-34.07%,,,,$123.05,-0.14%,$283.44,130.03%,$291.88,136.87%,INCY,NASDAQ:INCY,-0.468,$127.12,-15.96%
NYSE:LTC,29 Apr 2026,$40.57,4,$41.00,5,2.01,$40.32,0.63%,,,,$40.87,1.36%,$0.00,-100.00%,$0.00,-100.00%,LTC,NYSE:LTC,-0.252,$42.29,-3.05%
NYSE:ELV,8 May 2026,$512.46,3,$382.71,8,2.97,$392.54,-2.50%,,,,$411.09,4.73%,$0.00,-100.00%,$0.00,-100.00%,ELV,NYSE:ELV,0.155,$449.10,-14.78%
NYSE:MOH,20 Apr 2026,$251.44,3,$142.77,6,1.57,$198.77,-28.17%,,,,$196.87,-0.96%,$578.56,191.07%,$621.93,212.89%,MOH,NYSE:MOH,-0.447,$209.12,-31.73%
NASDAQ:SAIC,29 Apr 2026,$138.59,5,$101.61,7,1.43,$128.22,-20.75%,,,,$124.90,-2.59%,$220.26,71.78%,$281.73,119.73%,SAIC,NASDAQ:SAIC,-0.484,$121.50,-16.37%
NYSE:CI,14 Jul 2026,$334.04,5,$343.67,10,2.51,$276.08,20.99%,,,,$281.21,1.86%,$0.00,-100.00%,$0.00,-100.00%,CI,NYSE:CI,-0.072,$341.42,0.66%
NYSE:TX,29 Apr 2026,$44.92,3,$43.17,7,2.69,$54.82,-21.25%,,,,$57.23,4.40%,$0.00,-100.00%,$0.00,-100.00%,TX,NYSE:TX,0.049,$58.00,-25.57%
NASDAQ:FDUS,28 Apr 2026,$22.45,3,,,1.73,$19.80,13.39%,,,,$19.73,-0.35%,$0.00,-100.00%,$0.00,-100.00%,FDUS,NASDAQ:FDUS,-0.384,$21.50,
NYSE:OPFI,28 Apr 2026,$13.04,3,$15.50,7,2.68,$6.93,88.19%,,,,$7.13,2.89%,$0.00,-100.00%,$0.00,-100.00%,OPFI,NYSE:OPFI,-0.033,$12.56,23.41%
NASDAQ:UAL,28 Apr 2026,$106.86,4,$130.71,5,2.42,$107.99,-1.05%,,,,$111.37,3.13%,$225.85,109.14%,$246.93,128.66%,UAL,NASDAQ:UAL,-0.147,$161.41,-19.02%
NYSE:CNA,28 Apr 2026,$48.98,3,,6,2.01,$48.57,0.84%,,,,$49.15,1.19%,$0.00,-100.00%,$0.00,-100.00%,CNA,NYSE:CNA,-0.243,$49.00,
NASDAQ:JBSS,28 Apr 2026,$92.51,4,$109.00,8,2.85,$73.69,25.54%,,,,$76.37,3.64%,$0.00,-100.00%,$0.00,-100.00%,JBSS,NASDAQ:JBSS,0.056,$100.00,9.00%
NYSE:HMN,28 Apr 2026,$54.29,4,$48.00,6,1.51,$50.89,-5.68%,,,,$50.55,-0.67%,$0.00,-100.00%,$0.00,-100.00%,HMN,NYSE:HMN,-0.486,$56.50,-15.04%
NYSE:ENVA,28 Apr 2026,$163.50,3,$198.33,8,1.86,$226.72,-27.88%,,,,$233.16,2.84%,$0.00,-100.00%,$0.00,-100.00%,ENVA,NYSE:ENVA,-0.356,$277.14,-28.44%
NYSE:CF,28 Apr 2026,$121.68,3,$130.71,6,3.08,$130.03,-6.42%,,,,$132.15,1.63%,$0.00,-100.00%,$0.00,-100.00%,CF,NYSE:CF,0.244,$125.77,3.93%
NYSE:KMPR,28 Apr 2026,$53.67,3,$54.67,2,,$28.18,90.44%,,,,$0.00,-100.00%,$0.00,-100.00%,$0.00,-100.00%,KMPR,NYSE:KMPR,-1.014,$36.33,50.48%
NYSE:RLI,28 Apr 2026,$66.40,5,$62.50,7,2.25,$63.47,-1.53%,,,,$64.92,2.28%,$0.00,-100.00%,$0.00,-100.00%,RLI,NYSE:RLI,-0.124,$60.50,3.31%
NASDAQ:MORN,28 Apr 2026,,,$280.00,7,1.22,$218.94,27.89%,,,,$214.87,-1.86%,$363.72,66.13%,$454.23,107.47%,MORN,NASDAQ:MORN,-0.611,$236.67,18.31%
NASDAQ:GEHC,28 Apr 2026,$91.01,5,$94.25,9,1.59,$71.23,27.77%,,,,$71.57,0.48%,$57.56,-19.20%,$70.12,-1.56%,GEHC,NASDAQ:GEHC,-0.461,$82.50,14.24%
NASDAQ:NTRS,28 Apr 2026,$135.85,2,$169.95,5,2.75,$185.56,-26.79%,,,,$191.26,3.07%,$0.00,-100.00%,$0.00,-100.00%,NTRS,NASDAQ:NTRS,0.089,$184.27,-7.77%
NYSE:WES,2 Jul 2026,$43.13,1,,,0.45,$48.10,-10.33%,,,,$46.03,-4.30%,$0.00,-100.00%,$0.00,-100.00%,WES,NYSE:WES,-0.933,$48.17,
NYSE:DHT,25 Jun 2026,$16.49,3,,,3.18,$19.60,-15.87%,,,,$20.32,3.67%,$0.00,-100.00%,$0.00,-100.00%,DHT,NYSE:DHT,0.269,$20.52,
NYSE:D,21 May 2026,$62.63,3,$66.64,8,1.75,$66.01,-5.12%,,,,$65.41,-0.91%,$0.00,-100.00%,$0.00,-100.00%,D,NYSE:D,-0.376,$71.82,-7.21%
NASDAQ:CBK,1 Jun 2026,$30.03,3,,,1.72,$33.78,-11.09%,,,,$33.85,0.21%,$0.00,-100.00%,$0.00,-100.00%,CBK,NASDAQ:CBK,-0.409,$40.00,
NYSE:ELPC,12 May 2026,$11.13,3,$13.10,8,1.99,$11.47,-2.94%,,,,$11.09,-3.31%,$0.00,-100.00%,$0.00,-100.00%,ELPC,NYSE:ELPC,-0.337,$17.27,-24.15%
NYSE:FDX,25 Jun 2026,$291.89,1,,,2.19,$327.40,-10.85%,,,,$331.95,1.39%,$484.59,48.01%,$740.72,126.24%,FDX,NYSE:FDX,-0.181,$356.37,
NYSE:FBK,27 May 2026,$53.58,3,$64.25,5,2.06,$56.96,-5.93%,,,,$57.69,1.28%,$0.00,-100.00%,$0.00,-100.00%,FBK,NYSE:FBK,-0.255,$66.34,-3.15%
NYSE:AXTA,23 Jul 2026,$40.33,5,$37.00,5,1.28,$36.42,1.59%,,,,$36.35,-0.19%,$48.92,34.31%,$72.15,98.10%,AXTA,NYSE:AXTA,-0.579,$38.57,-4.07%
NASDAQ:LOPE,26 Jun 2026,$168.79,5,$209.33,3,2.19,$148.13,13.95%,,,,$151.45,2.24%,$380.81,157.08%,$407.60,175.16%,LOPE,NASDAQ:LOPE,-0.229,$195.00,7.35%
NASDAQ:PAA,29 Jun 2026,$21.85,1,,,2.75,$25.65,-14.81%,,,,$26.15,1.95%,$0.00,-100.00%,$0.00,-100.00%,PAA,NASDAQ:PAA,0.095,$24.94,
NASDAQ:NKSH,27 May 2026,$35.84,3,,7,1.87,$41.20,-13.02%,,,,$40.89,-0.75%,$0.00,-100.00%,$0.00,-100.00%,NKSH,NASDAQ:NKSH,-0.332,$46.75,
NYSE:KRC,15 Jun 2026,$46.60,5,$37.20,5,0.71,$36.30,2.48%,,,,$35.40,-2.48%,$50.02,37.79%,$70.16,93.29%,KRC,NYSE:KRC,-0.841,$40.07,-7.16%
NASDAQ:MRBK,27 May 2026,$18.24,3,$21.00,7,2.07,$19.27,-5.35%,,,,$19.43,0.83%,$0.00,-100.00%,$0.00,-100.00%,MRBK,NASDAQ:MRBK,-0.261,$23.50,-10.64%
NYSE:TTE,20 Jul 2026,$86.21,5,$96.34,,3.52,$88.31,-2.38%,,,,$89.67,1.54%,$0.00,-100.00%,$0.00,-100.00%,TTE,NYSE:TTE,0.416,$95.10,1.30%
NASDAQ:SMBC,27 May 2026,$70.66,3,$73.33,5,2.19,$73.59,-3.97%,,,,$74.38,1.07%,$0.00,-100.00%,$0.00,-100.00%,SMBC,NASDAQ:SMBC,-0.192,$83.67,-12.36%
NYSE:EPD,30 Jun 2026,$36.66,1,,,1.55,$38.82,-5.56%,,,,$38.85,0.08%,$0.00,-100.00%,$0.00,-100.00%,EPD,NYSE:EPD,-0.460,$41.45,
NASDAQ:SHOE,23 Jul 2026,$22.99,5,,,2.73,$13.70,67.83%,,,,$13.79,0.66%,$0.00,-100.00%,$0.00,-100.00%,SHOE,NASDAQ:SHOE,-0.009,$22.00,
NYSE:AD,5 Aug 2026,$34.32,3,,,4.60,$36.66,-6.38%,-6.38%,$34.32,$43.33,$38.49,4.99%,$0.00,-100.00%,$0.00,-100.00%,AD,NYSE:AD,0.870,$43.33,
NASDAQ:SCVL,14 Aug 2026,$15.30,3,,,,$13.70,11.68%,11.68%,$15.30,$15.30,,-100.00%,-$2.00,-114.60%,-$2.00,-114.60%,SCVL,NASDAQ:SHOE,-2.000,,
NYSE:SBR,30 Jun 2026,$69.55,3,,6,2.27,$75.10,-7.39%,,,,$74.95,-0.20%,$134.39,78.94%,$134.38,78.94%,SBR,NYSE:SBR,-0.035,$32.50,
NYSE:MATV,23 Jul 2026,$12.14,5,,5,2.29,$11.89,2.09%,,,,$12.11,1.85%,$0.00,-100.00%,$0.00,-100.00%,MATV,NYSE:MATV,-0.203,$21.00,
NYSE:TK,30 Jun 2026,$11.24,3,,2,2.03,$13.16,-14.58%,,,,$12.92,-1.82%,$0.00,-100.00%,$0.00,-100.00%,TK,NYSE:TK,-0.143,$5.00,
NYSE:AVA,29 Jun 2026,$41.07,3,$39.25,5,2.68,$37.16,5.62%,,,,$38.76,4.31%,$0.00,-100.00%,$0.00,-100.00%,AVA,NYSE:AVA,0.031,$41.33,-5.03%
NYSE:TNK,16 Jun 2026,$68.85,3,$80.50,6,2.35,$89.64,-23.19%,,,,$88.18,-1.63%,$488.11,444.52%,$525.84,486.61%,TNK,NYSE:TNK,-0.099,$93.80,-14.18%
NASDAQ:BCML,16 Jun 2026,$34.03,3,$33.00,7,3.04,$29.83,10.63%,,,,$31.13,4.36%,$0.00,-100.00%,$0.00,-100.00%,BCML,NASDAQ:BCML,0.202,$32.00,3.13%
NYSE:CBL,23 Jun 2026,$47.75,3,$55.00,8,3.65,$54.69,-12.68%,,,,$57.70,5.50%,$0.00,-100.00%,$0.00,-100.00%,CBL,NYSE:CBL,0.455,$63.00,-12.70%
NASDAQ:JCAP,14 Aug 2026,$25.71,4,,,1.75,$20.81,23.55%,23.55%,$25.71,$28.20,$20.97,0.77%,$0.00,-100.00%,$0.00,-100.00%,JCAP,NASDAQ:JCAP,-0.436,$28.20,
NYSE:BKH,16 Jun 2026,$76.81,4,$83.00,9,3.01,$71.68,7.16%,,,,$75.45,5.26%,$0.00,-100.00%,$0.00,-100.00%,BKH,NYSE:BKH,0.165,$84.80,-2.12%
NYSE:CPK,25 Jun 2026,$113.77,3,,,3.11,$133.54,-14.80%,,,,$137.82,3.21%,$0.00,-100.00%,$0.00,-100.00%,CPK,NYSE:CPK,0.225,$146.90,
NYSE:HESM,30 Jun 2026,$37.34,1,,,2.69,$40.21,-7.14%,,,,$40.91,1.74%,$0.00,-100.00%,$0.00,-100.00%,HESM,NYSE:HESM,0.077,$37.50,
NYSE:SOBO,23 Jun 2026,$37.00,3,,,3.22,$37.77,-2.04%,,,,$38.44,1.77%,$0.00,-100.00%,$0.00,-100.00%,SOBO,NYSE:SOBO,0.313,$35.39,
NYSE:AEE,16 Jun 2026,$106.67,3,$119.00,7,1.87,$106.01,0.62%,,,,$106.32,0.29%,-$12.64,-111.93%,-$4.03,-103.80%,AEE,NYSE:AEE,-0.334,$120.40,-1.16%
NYSE:SUN,24 Jun 2026,$65.25,3,,,2.63,$76.04,-14.19%,,,,$76.97,1.22%,$0.00,-100.00%,$0.00,-100.00%,SUN,NYSE:SUN,0.017,$82.57,
NYSE:RGA,25 Jun 2026,$194.90,3,,,1.92,$246.04,-20.79%,,,,$245.33,-0.29%,$0.00,-100.00%,$0.00,-100.00%,RGA,NYSE:RGA,-0.306,$272.33,
NYSE:MPC,16 Jun 2026,$210.97,1,$279.30,8,1.95,$373.32,-43.49%,,,,$365.98,-1.97%,$0.00,-100.00%,$0.00,-100.00%,MPC,NYSE:MPC,-0.236,$324.56,-13.95%
NYSE:ATO,16 Jun 2026,$164.62,3,,,3.21,$166.13,-0.91%,,,,$172.25,3.68%,$0.00,-100.00%,$0.00,-100.00%,ATO,NYSE:ATO,0.266,$188.18,
NYSE:OMF,23 Jun 2026,$58.80,3,,,1.92,$62.46,-5.87%,,,,$63.17,1.14%,$309.86,396.09%,$315.61,405.30%,OMF,NYSE:OMF,-0.303,$69.57,
NYSE:SPG,25 Jun 2026,$192.49,3,$210.75,9,2.06,$212.32,-9.34%,,,,$215.88,1.68%,$0.00,-100.00%,$0.00,-100.00%,SPG,NYSE:SPG,-0.245,$236.89,-11.03%
NYSE:HTH,16 Jun 2026,$40.96,3,$39.50,3,1.43,$38.05,3.81%,,,,$38.35,0.79%,$64.80,70.29%,$70.17,84.41%,HTH,NYSE:HTH,-0.521,$42.00,-5.95%
NASDAQ:HTO,23 Jun 2026,$57.81,3,,,2.36,$63.37,-8.78%,,,,$63.59,0.35%,$0.00,-100.00%,$0.00,-100.00%,HTO,NASDAQ:HTO,-0.097,$67.14,
NYSE:MLI,17 Jun 2026,$127.13,2,,,1.72,$62.41,103.70%,,,,$62.63,0.35%,$111.60,78.82%,$115.87,85.65%,MLI,NYSE:MLI,-0.433,$80.00,
NYSE:EG,17 Jun 2026,$338.53,3,,,2.25,$374.65,-9.64%,,,,$380.30,1.51%,$0.00,-100.00%,$0.00,-100.00%,EG,NYSE:EG,-0.155,$408.47,
NYSE:SR,23 Jun 2026,$82.84,4,,,2.74,$81.84,1.22%,,,,$85.30,4.23%,$0.00,-100.00%,$0.00,-100.00%,SR,NYSE:SR,0.054,$92.67,
NYSE:BFH,19 Jun 2026,$90.04,3,$98.33,10,2.78,$104.47,-13.81%,,,,$111.03,6.28%,-$169.76,-262.50%,-$164.41,-257.38%,BFH,NYSE:BFH,0.079,$115.44,-14.82%
NASDAQ:SNY,23 Jul 2026,$57.39,5,$57.00,3,2.35,$44.36,28.49%,,,,$45.14,1.76%,$0.00,-100.00%,$0.00,-100.00%,SNY,NASDAQ:SNY,-0.136,$53.72,6.11%
NASDAQ:TMUS,30 Jun 2026,$234.16,3,$254.24,7,3.25,$180.44,29.77%,,,,$185.51,2.81%,$317.90,76.18%,$528.14,192.69%,TMUS,NASDAQ:TMUS,0.233,$243.38,4.46%
NYSE:ES,23 Jun 2026,$73.60,4,$70.67,8,1.73,$70.14,0.76%,,,,$70.65,0.73%,$0.00,-100.00%,$0.00,-100.00%,ES,NYSE:ES,-0.374,$73.58,-3.95%
NASDAQ:TIGO,24 Jun 2026,$78.80,3,,,2.32,$93.76,-15.96%,,,,$94.21,0.48%,$0.00,-100.00%,$0.00,-100.00%,TIGO,NASDAQ:TIGO,-0.112,$98.39,
NASDAQ:EZPW,29 Jun 2026,$31.35,3,$41.00,9,1.73,$32.32,-3.00%,,,,$32.84,1.61%,$0.00,-100.00%,$0.00,-100.00%,EZPW,NASDAQ:EZPW,-0.423,$40.80,0.49%
NYSE:NRP,24 Jun 2026,$100.40,3,,,0.91,$112.57,-10.81%,,,,$109.16,-3.03%,$0.00,-100.00%,$0.00,-100.00%,NRP,NYSE:NRP,-0.694,$96.00,
NYSE:DINO,24 Jun 2026,$67.54,3,$72.58,9,1.33,$101.61,-33.53%,,,,$96.78,-4.75%,$0.00,-100.00%,$0.00,-100.00%,DINO,NYSE:DINO,-0.519,$90.80,-20.07%
NYSE:T,23 Jul 2026,$28.76,5,$27.54,10,1.37,$25.89,6.37%,,,,$25.41,-1.85%,$22.53,-12.98%,$59.59,130.17%,T,NYSE:T,-0.547,$28.71,-4.08%
NYSE:HAL,30 Jun 2026,$33.26,3,$45.07,7,2.64,$36.85,-9.76%,,,,$37.04,0.52%,$47.75,29.59%,$61.38,66.57%,HAL,NYSE:HAL,0.001,$43.20,4.33%
NYSE:TS,30 Jun 2026,$56.32,3,$63.20,7,2.31,$55.87,0.81%,,,,$54.33,-2.76%,$0.00,-100.00%,$0.00,-100.00%,TS,NYSE:TS,-0.138,$63.91,-1.11%
NYSE:TDW,30 Jun 2026,$68.88,3,,7,0.69,$93.12,-26.03%,,,,$90.30,-3.03%,$0.00,-100.00%,$0.00,-100.00%,TDW,NYSE:TDW,-0.820,$90.86,
NYSE:FLOC,29 Jul 2026,$21.53,4,,,1.93,$21.94,-1.87%,,,,$21.09,-3.87%,$0.00,-100.00%,$0.00,-100.00%,FLOC,NYSE:FLOC,-0.363,$31.00,
NYSE:CLB,21 Jul 2026,$13.82,5,$11.00,1,1.53,$12.43,-11.50%,,,,$12.23,-1.61%,$9.52,-23.43%,$12.76,2.65%,CLB,NYSE:CLB,-0.500,$15.17,-27.49%
NASDAQ:SND,30 Jun 2026,$5.71,3,,6,1.33,$5.27,8.35%,,,,$4.99,-5.31%,$0.00,-100.00%,$0.00,-100.00%,SND,NASDAQ:SND,-0.453,$3.00,
NYSE:BWLP,26 Jun 2026,$17.09,3,,,3.02,$24.25,-29.53%,,,,$24.69,1.81%,$0.00,-100.00%,$0.00,-100.00%,BWLP,NYSE:BWLP,0.207,,
NYSE:RCI,14 Aug 2026,$40.30,5,$42.37,9,1.98,$36.89,9.24%,9.24%,$40.30,$42.53,$36.65,-0.65%,$9.62,-73.93%,$143.39,288.69%,RCI,NYSE:RCI,-0.288,$42.53,-0.38%
NYSE:TIMB,30 Jun 2026,$23.56,4,$27.83,1,1.79,$17.94,31.30%,,,,$17.35,-3.29%,$63.96,256.55%,$111.91,523.77%,TIMB,NYSE:TIMB,-0.418,$24.24,14.81%
NYSE:UGI,2 Jul 2026,$38.21,4,$40.00,4,2.05,$38.45,-0.63%,,,,$38.29,-0.42%,$0.00,-100.00%,$0.00,-100.00%,UGI,NYSE:UGI,-0.238,$41.33,-3.22%
NYSE:WSR,2 Jul 2026,$19.20,3,$19.00,7,,,#DIV/0!,,,,,#DIV/0!,-$2.00,#DIV/0!,-$2.00,#DIV/0!,WSR,NYSE:WSR,-2.000,,
NYSE:BSM,2 Jul 2026,$13.68,1,,,2.61,$14.88,-8.06%,,,,$15.20,2.15%,$0.00,-100.00%,$0.00,-100.00%,BSM,NYSE:BSM,0.011,$16.00,
NASDAQ:STRS,17 Jul 2026,$26.82,4,,3,,$19.32,38.82%,,,,$0.00,-100.00%,$0.00,-100.00%,$0.00,-100.00%,STRS,NASDAQ:STRS,-1.000,,
NYSE:USAC,,,,,,1.35,$27.06,-100.00%,,,,$26.45,-2.25%,$0.00,-100.00%,$0.00,-100.00%,USAC,NYSE:USAC,-0.558,$29.80,
NASDAQ:SWBI,,,,,,2.35,$12.72,-100.00%,,,,$12.86,1.10%,$56.40,343.39%,$63.11,396.18%,SWBI,NASDAQ:SWBI,-0.168,$17.25,
NYSE:INN,,,,,,1.71,$5.85,-100.00%,,,,$5.86,0.17%,$0.00,-100.00%,$0.00,-100.00%,INN,NYSE:INN,-0.405,$6.69,
NYSE:NTST,,,,,,1.85,$20.36,-100.00%,,,,$20.55,0.93%,$16.57,-18.60%,$29.38,44.31%,NTST,NYSE:NTST,-0.342,$23.18,
NYSE:NE,,,,,,1.76,$45.83,-100.00%,,,,$45.45,-0.83%,$56.97,24.30%,$56.87,24.08%,NE,NYSE:NE,-0.360,$48.00,
NYSE:HUN,,,,,,1.93,$9.58,-100.00%,,,,$9.49,-0.94%,$8.54,-10.90%,$26.49,176.51%,HUN,NYSE:HUN,-0.320,$11.45,
NYSE:DOW,,,,,,1.70,$30.52,-100.00%,,,,$30.17,-1.15%,$26.97,-11.62%,$76.61,151.01%,DOW,NYSE:DOW,-0.408,$34.69,
NYSE:TU,,,,,,1.64,$9.68,-100.00%,,,,$9.51,-1.76%,$0.40,-95.85%,$10.79,11.42%,TU,NYSE:TU,-0.451,$11.67,
NYSE:DKS,,,,,,2.78,$135.10,-100.00%,,,,$137.67,1.90%,$0.00,-100.00%,$0.00,-100.00%,DKS,NYSE:DKS,0.040,$174.28,
NYSE:GLP,,,,,,1.93,$51.35,-100.00%,,,,$50.27,-2.10%,$0.00,-100.00%,$0.00,-100.00%,GLP,NYSE:GLP,-0.248,$45.00,
NYSE:UAN,,,,,,0.73,$126.40,-100.00%,,,,$123.22,-2.52%,$238.54,88.72%,$319.73,152.95%,UAN,NYSE:UAN,-0.722,$9.50,
NYSE:BCE,,,,,,1.56,$23.59,-100.00%,,,,$23.26,-1.40%,$0.00,-100.00%,$0.00,-100.00%,BCE,NYSE:BCE,-0.487,$28.54,
NASDAQ:CMCSA,,,,,,1.35,$26.62,-100.00%,,,,$26.42,-0.75%,$99.30,273.02%,$168.31,532.27%,CMCSA,NASDAQ:CMCSA,-0.560,$30.08,
NYSE:CUBE,,,,,,2.52,$39.72,-100.00%,,,,$40.48,1.91%,$47.63,19.91%,$57.54,44.85%,CUBE,NYSE:CUBE,-0.037,$44.12,
NYSE:XIFR,,,,,,1.25,$12.00,-100.00%,,,,$11.62,-3.17%,-$35.51,-395.89%,-$14.86,-223.83%,XIFR,NYSE:XIFR,-0.583,$12.32,
NASDAQ:RILY,,,,,,2.07,$6.92,-100.00%,,,,$7.06,2.02%,$0.00,-100.00%,$0.00,-100.00%,RILY,NASDAQ:RILY,-0.126,$1.50,
NYSE:BCC,,,,,,3.08,$78.01,-100.00%,,,,$81.24,4.14%,$53.01,-32.05%,$100.32,28.60%,BCC,NYSE:BCC,0.185,$96.50,
NYSE:CC,,,,,,0.74,$15.56,-100.00%,,,,$15.09,-3.02%,$0.00,-100.00%,$0.00,-100.00%,CC,NYSE:CC,-0.865,$19.78,
NASDAQ:BBCP,,,,,,2.08,$9.03,-100.00%,,,,$9.07,0.44%,$6.82,-24.50%,$8.99,-0.46%,BBCP,NASDAQ:BBCP,-0.280,$12.00,
NASDAQ:PAGP,,,,,,3.16,$28.22,-100.00%,,,,$28.91,2.45%,$1.22,-95.67%,$49.66,75.97%,PAGP,NASDAQ:PAGP,0.296,$24.93,
NYSE:AEO,,,,,,2.12,$16.63,-100.00%,,,,$16.97,2.04%,$58.48,251.64%,$55.38,233.00%,AEO,NYSE:AEO,-0.234,$19.70,
NYSE:BEP,,,,,,3.09,$31.62,-100.00%,,,,$33.34,5.44%,$0.00,-100.00%,$0.00,-100.00%,BEP,NYSE:BEP,0.213,$35.62,
NASDAQ:NWE,,,,,,1.96,$69.16,-100.00%,,,,$70.44,1.85%,-$5.56,-108.03%,$8.83,-87.24%,NWE,NASDAQ:NWE,-0.279,$74.25,
NYSE:PINE,,,,,,2.41,$19.46,-100.00%,,,,$19.70,1.23%,-$0.30,-101.54%,$12.69,-34.81%,PINE,NYSE:PINE,-0.089,$21.73,
NYSE:LYB,,,,,,2.27,$65.08,-100.00%,,,,$63.18,-2.92%,$0.00,-100.00%,$0.00,-100.00%,LYB,NYSE:LYB,-0.139,$69.53,
NYSE:CODI,,,,,,2.68,$11.56,-100.00%,,,,$11.50,-0.52%,$0.00,-100.00%,$0.00,-100.00%,CODI,NYSE:CODI,-0.031,$17.00,
NYSE:KEN,,,,,,1.33,$68.52,-100.00%,,,,$67.19,-1.94%,$0.00,-100.00%,$0.00,-100.00%,KEN,NYSE:KEN,-0.452,$29.85,
NYSE:SPH,,,,,,2.08,$17.61,-100.00%,,,,$17.69,0.45%,$0.00,-100.00%,$0.00,-100.00%,SPH,NYSE:SPH,-0.201,$17.00,
NASDAQ:VNOM,,,,,,2.09,$44.79,-100.00%,,,,$44.42,-0.83%,$0.00,-100.00%,$0.00,-100.00%,VNOM,NASDAQ:VNOM,-0.261,$55.84,
NYSE:ENR,,,,,,2.10,$21.78,-100.00%,,,,$22.13,1.61%,$0.00,-100.00%,$0.00,-100.00%,ENR,NYSE:ENR,-0.204,$22.33,
NYSE:PII,,,,,,1.77,$64.54,-100.00%,,,,$62.44,-3.25%,$137.06,112.37%,$196.35,204.24%,PII,NYSE:PII,-0.375,$72.73,
NYSE:BIP,,,,,,2.93,$37.80,-100.00%,,,,$39.82,5.34%,-$132.47,-450.46%,-$42.64,-212.81%,BIP,NYSE:BIP,0.116,$47.10,
NYSE:CWEN,,,,,,2.10,$31.75,-100.00%,,,,$31.81,0.19%,$0.00,-100.00%,$0.00,-100.00%,CWEN,NYSE:CWEN,-0.283,$43.50,
NYSE:OLN,,,,,,2.63,$17.40,-100.00%,,,,$17.25,-0.86%,$32.94,89.30%,$22.98,32.08%,OLN,NYSE:OLN,-0.019,$21.62,
NYSE:CTO,,,,,,1.63,$21.34,-100.00%,,,,$21.44,0.47%,$0.93,-95.62%,$19.63,-8.03%,CTO,NYSE:CTO,-0.444,$24.60,
NYSE:MMM,,,,,,1.69,$171.83,-100.00%,,,,$173.97,1.25%,$188.99,9.99%,$169.67,-1.26%,MMM,NYSE:MMM,-0.399,$185.57,
NYSE:BWMX,,,,,,,$15.88,-100.00%,,,,,-100.00%,-$2.00,-112.59%,-$2.00,-112.59%,BWMX,NYSE:BWMX,-2.000,,
NASDAQ:WDFC,,,,,,1.42,$214.15,-100.00%,,,,$214.95,0.37%,$343.78,60.53%,$359.81,68.02%,WDFC,NASDAQ:WDFC,-0.562,$271.67,
NYSE:KRP,,,,,,1.20,$14.95,-100.00%,,,,$14.75,-1.34%,$0.00,-100.00%,$0.00,-100.00%,KRP,NYSE:KRP,-0.661,$19.20,
NYSE:BEPC,,,,,,1.25,$32.15,-100.00%,,,,$31.95,-0.62%,$0.00,-100.00%,$0.00,-100.00%,BEPC,NYSE:BEPC,-0.626,$39.17,
NYSE:SXC,,,,,,0.67,$10.33,-100.00%,,,,$9.91,-4.07%,$20.08,94.43%,$12.48,20.77%,SXC,NYSE:SXC,-0.819,$9.50,
NYSE:OUT,,,,,,2.61,$29.38,-100.00%,,,,$29.95,1.94%,$0.00,-100.00%,$0.00,-100.00%,OUT,NYSE:OUT,-0.038,$38.00,
NYSE:FLNG,,,,,,1.90,$31.66,-100.00%,,,,$31.58,-0.25%,$0.00,-100.00%,$0.00,-100.00%,FLNG,NYSE:FLNG,-0.247,$25.90,
NYSE:NAT,,,,,,2.03,$6.83,-100.00%,,,,$6.75,-1.17%,$0.00,-100.00%,$0.00,-100.00%,NAT,NYSE:NAT,-0.210,$6.25,
NYSE:KGS,,,,,,2.62,$58.77,-100.00%,,,,$58.30,-0.80%,$0.00,-100.00%,$0.00,-100.00%,KGS,NYSE:KGS,-0.059,$83.13,
NYSE:GRNT,,,,,,1.42,$5.03,-100.00%,,,,$4.90,-2.58%,$0.00,-100.00%,$0.00,-100.00%,GRNT,NYSE:GRNT,-0.593,$7.60,
NYSE:TSM,,,,,,1.03,$415.32,-100.00%,,,,$411.34,-0.96%,$530.89,27.83%,$609.79,46.83%,TSM,NYSE:TSM,-0.752,$554.45,
NASDAQ:FEIM,,,,,,2.48,$60.25,-100.00%,,,,$60.99,1.23%,$0.00,-100.00%,$0.00,-100.00%,FEIM,NASDAQ:FEIM,-0.107,$81.00,
NYSE:INSW,,,,,,3.55,$98.64,-100.00%,,,,$104.16,5.60%,$0.00,-100.00%,$0.00,-100.00%,INSW,NYSE:INSW,0.443,$100.00,
NASDAQ:CSCO,,,,,,2.94,$110.49,-100.00%,,,,$114.59,3.71%,$0.00,-100.00%,$0.00,-100.00%,CSCO,NASDAQ:CSCO,0.118,$137.74,
NASDAQ:GLPI,,,,,,2.30,$42.07,-100.00%,,,,$42.64,1.35%,$0.00,-100.00%,$0.00,-100.00%,GLPI,NASDAQ:GLPI,-0.170,$53.52,
NYSE:LPL,23 Jul 2026,$3.52,4,,2,,$3.39,3.81%,,,,$0.00,-100.00%,$0.00,-100.00%,$0.00,-100.00%,LPL,NYSE:LPL,-1.225,$4.30,
NYSE:TSLX,27 Jul 2026,$16.72,,$18.92,7,1.96,$18.86,-11.35%,,,,$18.85,-0.05%,$0.00,-100.00%,$0.00,-100.00%,TSLX,NYSE:TSLX,-0.273,$19.77,-4.30%
NYSE:GNK,,,,,,1.19,$26.23,-100.00%,,,,$25.23,-3.81%,$0.00,-100.00%,$0.00,-100.00%,GNK,NYSE:GNK,-0.634,$29.50,
NYSE:TDS,,,,,,2.69,$33.68,-100.00%,,,,$33.67,-0.03%,$0.00,-100.00%,$0.00,-100.00%,TDS,NYSE:TDS,-0.025,$47.50,
NYSE:AXIA,,,,,,,,#DIV/0!,,,,,#DIV/0!,-$2.00,#DIV/0!,-$2.00,#DIV/0!,AXIA,NYSE:AXIA,-2.000,,
NASDAQ:BLMN,,,,,,2.74,$10.30,-100.00%,,,,$10.90,5.83%,$0.00,-100.00%,$0.00,-100.00%,BLMN,NASDAQ:BLMN,0.065,$11.32,
NYSE:CPA,,,,,,2.38,$126.45,-100.00%,,,,$130.46,3.17%,$0.00,-100.00%,$0.00,-100.00%,CPA,NYSE:CPA,-0.163,$177.73,
NYSE:AB,,,,,,1.49,$36.72,-100.00%,,,,$36.61,-0.30%,$0.00,-100.00%,$0.00,-100.00%,AB,NYSE:AB,-0.488,$39.29,
NASDAQ:PANL,,,,,,1.58,$8.12,-100.00%,,,,$8.04,-0.99%,$0.00,-100.00%,$0.00,-100.00%,PANL,NASDAQ:PANL,-0.505,$10.85,
NASDAQ:BCBP,,,,,,2.18,$8.55,-100.00%,,,,$8.61,0.70%,$0.00,-100.00%,$0.00,-100.00%,BCBP,NASDAQ:BCBP,-0.249,$11.75,
NYSE:SSTK,,,,,,1.98,$5.54,-100.00%,,,,$5.51,-0.54%,$19.01,243.21%,$12.75,130.07%,SSTK,NYSE:SSTK,-0.341,$28.85,
NASDAQ:EMBC,,,,,,2.60,$5.14,-100.00%,,,,$5.27,2.53%,$0.00,-100.00%,$0.00,-100.00%,EMBC,NASDAQ:EMBC,0.071,$4.00,
NYSE:OTF,,,,,,1.35,$11.68,-100.00%,,,,$11.17,-4.37%,$0.00,-100.00%,$0.00,-100.00%,OTF,NYSE:OTF,-0.570,$13.61,
NYSE:OGN,,,,,,1.19,$13.76,-100.00%,,,,$13.70,-0.44%,$40.16,191.89%,$31.22,126.91%,OGN,NYSE:OGN,-0.565,$11.25,
NYSE:ARE,,,,,,1.57,$51.29,-100.00%,,,,$51.58,0.57%,$0.00,-100.00%,$0.00,-100.00%,ARE,NYSE:ARE,-0.444,$53.00,
NASDAQ:CGBD,,,,,,2.13,$11.98,-100.00%,,,,$11.71,-2.25%,$0.00,-100.00%,$0.00,-100.00%,CGBD,NASDAQ:CGBD,-0.192,$12.29,
NASDAQ:ADAM,,,,,,2.24,$9.74,-100.00%,,,,$9.86,1.23%,-$107.07,-1199.31%,-$103.99,-1167.63%,ADAM,NASDAQ:ADAM,-0.193,$12.12,
NYSE:EC,,,,,,1.53,$16.67,-100.00%,,,,$16.33,-2.04%,$0.00,-100.00%,$0.00,-100.00%,EC,NYSE:EC,-0.412,$13.73,
NASDAQ:TRIN,,,,,,1.77,$18.56,-100.00%,,,,$18.58,0.11%,$0.00,-100.00%,$0.00,-100.00%,TRIN,NASDAQ:TRIN,-0.346,$18.50,
NYSE:ARR,,,,,,1.80,$16.22,-100.00%,,,,$16.35,0.80%,-$60.44,-472.61%,-$60.01,-469.99%,ARR,NYSE:ARR,-0.364,$18.38,
NYSE:ARI,,,,,,3.05,$6.91,-100.00%,,,,$7.05,2.03%,$0.00,-100.00%,$0.00,-100.00%,ARI,NYSE:ARI,0.189,$8.00,
NYSE:OLP,,,,,,2.41,$23.93,-100.00%,,,,$24.41,2.01%,$0.00,-100.00%,$0.00,-100.00%,OLP,NYSE:OLP,-0.091,$26.83,
NYSE:BDN,,,,,,1.99,$3.02,-100.00%,,,,$3.08,1.99%,-$8.42,-378.79%,$1.68,-44.48%,BDN,NYSE:BDN,-0.249,$3.00,
NYSE:TRTX,,,,,,2.17,$7.73,-100.00%,,,,$7.79,0.78%,-$24.69,-419.40%,-$22.88,-395.94%,TRTX,NYSE:TRTX,-0.231,$9.88,
NYSE:NSP,,,,,,1.06,$53.35,-100.00%,,,,$50.68,-5.00%,$0.00,-100.00%,$0.00,-100.00%,NSP,NYSE:NSP,-0.655,$51.75,
NYSE:MTN,,,,,,2.43,$136.91,-100.00%,,,,$143.73,4.98%,$71.53,-47.76%,$154.69,12.98%,MTN,NYSE:MTN,-0.072,$147.23,
NYSE:FLO,,,,,,1.83,$6.92,-100.00%,,,,$7.00,1.16%,$0.00,-100.00%,$0.00,-100.00%,FLO,NYSE:FLO,-0.350,$7.90,
NYSE:BGS,,,,,,2.17,$3.47,-100.00%,,,,$3.51,1.15%,$0.00,-100.00%,$0.00,-100.00%,BGS,NYSE:BGS,-0.215,$4.20,
NYSE:ENIC,,,,,,2.39,$4.34,-100.00%,,,,$4.37,0.69%,$7.35,69.40%,$10.17,134.31%,ENIC,NYSE:ENIC,-0.097,$4.86,
NYSE:E,,,,,,3.34,$54.80,-100.00%,,,,$54.56,-0.44%,$0.00,-100.00%,$0.00,-100.00%,E,NYSE:E,0.351,$54.58,
NYSE:UHT,,,,,,1.55,$40.98,-100.00%,,,,$41.29,0.76%,$0.00,-100.00%,$0.00,-100.00%,UHT,NYSE:UHT,-0.462,$44.00,
NYSE:NEXA,,,,,,2.77,$13.61,-100.00%,,,,$14.45,6.17%,$0.00,-100.00%,$0.00,-100.00%,NEXA,NYSE:NEXA,0.076,$15.08,
NYSE:DX,,,,,,1.78,$12.89,-100.00%,,,,$12.91,0.16%,$0.00,-100.00%,$0.00,-100.00%,DX,NYSE:DX,-0.376,$14.75,
NYSE:SCM,,,,,,1.24,$8.66,-100.00%,,,,$8.57,-1.04%,$0.00,-100.00%,$0.00,-100.00%,SCM,NYSE:SCM,-0.620,$10.12,
NASDAQ:SEVN,4 Aug 2026,$8.85,3,$8.63,8,,$7.57,14.00%,14.00%,$8.63,$8.85,,-100.00%,-$2.00,-126.42%,-$2.00,-126.42%,SEVN,NASDAQ:SEVN,-2.000,,
NASDAQ:PLTK,,,,,,2.50,$2.27,-100.00%,,,,$2.30,1.32%,$0.00,-100.00%,$0.00,-100.00%,PLTK,NASDAQ:PLTK,-0.110,$4.90,
NYSE:KBDC,,,,,,1.39,$13.61,-100.00%,,,,$13.31,-2.20%,$0.00,-100.00%,$0.00,-100.00%,KBDC,NYSE:KBDC,-0.537,$14.80,
NYSE:UPS,,,,,,1.56,$104.23,-100.00%,,,,$104.86,0.60%,$59.60,-42.82%,$109.81,5.36%,UPS,NYSE:UPS,-0.467,$116.08,
NASDAQ:KRNY,,,,,,1.70,$9.87,-100.00%,,,,$9.83,-0.41%,$0.00,-100.00%,$0.00,-100.00%,KRNY,NASDAQ:KRNY,-0.398,$10.67,
NASDAQ:JACK,,,,,,2.40,$16.51,-100.00%,,,,$16.12,-2.36%,$0.00,-100.00%,$0.00,-100.00%,JACK,NASDAQ:JACK,-0.115,$20.00,
NYSE:PK,,,,,,1.90,$15.30,-100.00%,,,,$15.72,2.75%,$0.00,-100.00%,$0.00,-100.00%,PK,NYSE:PK,-0.289,$15.31,
NYSE:BEN,,,,,,2.00,$34.15,-100.00%,,,,$34.88,2.14%,$0.00,-100.00%,$0.00,-100.00%,BEN,NYSE:BEN,-0.253,$35.18,
NASDAQ:WTBA,,,,,,1.89,$28.25,-100.00%,,,,$28.50,0.88%,-$148.57,-625.92%,-$142.34,-603.87%,WTBA,NASDAQ:WTBA,-0.301,$29.00,
NASDAQ:REFI,5 Aug 2026,$10.41,3,,4,1.15,$10.88,-4.34%,-4.34%,$10.41,$15.12,$10.46,-3.86%,$0.00,-100.00%,$0.00,-100.00%,REFI,NASDAQ:REFI,-0.711,$15.12,
NASDAQ:GNTX,27 Jul 2026,$34.91,5,$27.33,6,2.00,$22.37,22.17%,,,,$22.79,1.88%,$0.00,-100.00%,$0.00,-100.00%,GNTX,NASDAQ:GNTX,-0.297,$27.78,-1.62%
NYSE:VZ,,,,,,2.10,$50.02,-100.00%,,,,$49.97,-0.10%,$33.94,-32.14%,$79.98,59.91%,VZ,NYSE:VZ,-0.205,$51.56,
NYSE:ORC,,,,,,1.89,$6.59,-100.00%,,,,$6.70,1.67%,$0.00,-100.00%,$0.00,-100.00%,ORC,NYSE:ORC,-0.322,$7.50,
NASDAQ:SIGA,,,,,,2.34,$3.14,-100.00%,,,,$3.01,-4.14%,$0.00,-100.00%,$0.00,-100.00%,SIGA,NASDAQ:SIGA,-0.182,$17.53,
NYSE:BBDC,,,,,,2.39,$9.44,-100.00%,,,,$9.44,0.00%,$0.00,-100.00%,$0.00,-100.00%,BBDC,NYSE:BBDC,-0.082,$9.96,
NYSE:NCDL,,,,,,0.99,$12.51,-100.00%,,,,$12.14,-2.96%,$0.00,-100.00%,$0.00,-100.00%,NCDL,NYSE:NCDL,-0.722,$14.05,
NYSE:DOC,,,,,,2.36,$20.82,-100.00%,,,,$21.19,1.78%,$0.00,-100.00%,$0.00,-100.00%,DOC,NYSE:DOC,-0.106,$22.92,
NYSE:VTS,,,,,,1.23,$17.49,-100.00%,,,,$16.87,-3.54%,$0.00,-100.00%,$0.00,-100.00%,VTS,NYSE:VTS,-0.633,$21.00,
NYSE:GNL,,,,,,2.53,$9.18,-100.00%,,,,$9.26,0.87%,$0.00,-100.00%,$0.00,-100.00%,GNL,NYSE:GNL,-0.031,$10.14,
NASDAQ:LBRDK,,,,,,2.27,$36.02,-100.00%,,,,$36.38,1.00%,$8.08,-77.56%,$16.41,-54.45%,LBRDK,NASDAQ:LBRDK,-0.163,$42.50,
NYSE:AFG,,,,,,2.56,$142.55,-100.00%,,,,$144.25,1.19%,$0.00,-100.00%,$0.00,-100.00%,AFG,NYSE:AFG,-0.015,$155.83,
NASDAQ:CZNC,,,,,,1.97,$25.34,-100.00%,,,,$25.65,1.22%,-$94.27,-472.01%,-$93.96,-470.78%,CZNC,NASDAQ:CZNC,-0.274,$27.00,
NASDAQ:GLAD,,,,,,1.31,$20.15,-100.00%,,,,$19.76,-1.94%,$0.00,-100.00%,$0.00,-100.00%,GLAD,NASDAQ:GLAD,-0.571,$22.00,
NYSE:LPG,,,,,,3.23,$50.04,-100.00%,,,,$51.51,2.94%,$0.00,-100.00%,$0.00,-100.00%,LPG,NYSE:LPG,0.294,$51.80,
NASDAQ:OCSL,,,,,,1.43,$13.26,-100.00%,,,,$12.94,-2.41%,$0.00,-100.00%,$0.00,-100.00%,OCSL,NASDAQ:OCSL,-0.485,$12.50,
NASDAQ:FNLC,,,,,,1.95,$34.26,-100.00%,,,,$34.77,1.49%,$0.00,-100.00%,$0.00,-100.00%,FNLC,NASDAQ:FNLC,-0.220,,
NYSE:CRI,,,,,,1.78,$32.39,-100.00%,,,,$33.51,3.46%,$0.00,-100.00%,$0.00,-100.00%,CRI,NYSE:CRI,-0.412,$42.67,
NASDAQ:TCPC,,,,,,2.02,$4.16,-100.00%,,,,$4.12,-0.96%,$0.00,-100.00%,$0.00,-100.00%,TCPC,NASDAQ:TCPC,-0.247,$4.33,
NYSE:SAR,4 Aug 2026,,,$22.00,3,2.72,$18.50,18.92%,18.92%,$22.00,$22.00,$18.75,1.35%,$85.96,364.66%,"$2,958.87",15893.87%,SAR,NYSE:SAR,0.043,$21.20,3.77%
NYSE:KREF,,,,,,1.71,$7.62,-100.00%,,,,$7.58,-0.52%,-$63.63,-934.99%,-$60.90,-899.16%,KREF,NYSE:KREF,-0.377,$7.75,
NYSE:MFA,13 Aug 2026,$11.08,4,$10.38,5,1.93,$8.82,17.69%,17.69%,$10.38,$14.00,$8.84,0.23%,$0.00,-100.00%,$0.00,-100.00%,MFA,NYSE:MFA,-0.365,$14.00,-25.86%
NYSE:CIM,,,,,,2.18,$11.46,-100.00%,,,,$11.59,1.13%,$0.00,-100.00%,$0.00,-100.00%,CIM,NYSE:CIM,-0.217,$14.17,
NASDAQ:XRX,,,,,,1.44,$3.23,-100.00%,,,,$2.94,-8.98%,-$39.65,-1327.67%,$9.22,185.35%,XRX,NASDAQ:XRX,-0.534,$3.82,
NYSE:TWO,,,,,,,$12.18,-100.00%,,,,,-100.00%,-$2.00,-116.42%,-$2.00,-116.42%,TWO,NYSE:TWO,-2.000,,
NYSE:FSK,,,,,,1.91,$12.41,-100.00%,,,,$12.28,-1.05%,$0.00,-100.00%,$0.00,-100.00%,FSK,NYSE:FSK,-0.277,$12.05,
NASDAQ:MFIC,,,,,,1.72,$9.81,-100.00%,,,,$9.64,-1.73%,$0.00,-100.00%,$0.00,-100.00%,MFIC,NASDAQ:MFIC,-0.380,$10.41,
NYSE:MSDL,,,,,,1.75,$15.35,-100.00%,,,,$15.24,-0.72%,$0.00,-100.00%,$0.00,-100.00%,MSDL,NYSE:MSDL,-0.361,$15.71,
NYSE:NLY,,,,,,1.18,$22.92,-100.00%,,,,$22.84,-0.35%,$0.00,-100.00%,$0.00,-100.00%,NLY,NYSE:NLY,-0.620,$24.23,
NASDAQ:SLRC,,,,,,1.44,$12.74,-100.00%,,,,$12.44,-2.35%,$0.00,-100.00%,$0.00,-100.00%,SLRC,NASDAQ:SLRC,-0.535,$15.00,
NYSE:PMT,,,,,,2.60,$9.32,-100.00%,,,,$9.46,1.50%,$0.00,-100.00%,$0.00,-100.00%,PMT,NYSE:PMT,-0.026,$11.29,
NASDAQ:CSWC,,,,,,1.41,$25.57,-100.00%,,,,$25.41,-0.63%,$0.00,-100.00%,$0.00,-100.00%,CSWC,NASDAQ:CSWC,-0.505,$25.30,
NASDAQ:GBDC,,,,,,0.83,$13.16,-100.00%,,,,$12.75,-3.12%,$0.00,-100.00%,$0.00,-100.00%,GBDC,NASDAQ:GBDC,-0.774,$13.62,
NYSE:SLG,,,,,,1.52,$55.98,-100.00%,,,,$57.52,2.75%,-$39.99,-171.43%,-$15.35,-127.42%,SLG,NYSE:SLG,-0.463,$57.24,
NYSE:EARN,,,,,,2.29,$4.37,-100.00%,,,,$4.47,2.29%,$0.00,-100.00%,$0.00,-100.00%,EARN,NYSE:EARN,-0.147,$5.00,
NYSE:EFC,13 Aug 2026,$15.83,3,$15.00,10,1.43,$13.38,12.11%,12.11%,$14.86,$15.83,$13.50,0.90%,$0.00,-100.00%,$0.00,-100.00%,EFC,NYSE:EFC,-0.522,$14.86,0.94%
NYSE:ACRE,,,,,,2.08,$4.57,-100.00%,,,,$4.65,1.75%,$0.00,-100.00%,$0.00,-100.00%,ACRE,NYSE:ACRE,-0.246,$5.30,
NASDAQ:HRZN,,,,,,1.11,$4.66,-100.00%,,,,$4.65,-0.21%,$0.00,-100.00%,$0.00,-100.00%,HRZN,NASDAQ:HRZN,-0.658,$5.04,
NYSE:BXMT,,,,,,2.63,$13.90,-100.00%,,,,$13.80,-0.72%,-$57.21,-511.57%,-$58.09,-517.92%,BXMT,NYSE:BXMT,-0.042,$18.86,
NASDAQ:TPG,,,,,,1.39,$54.12,-100.00%,,,,$53.65,-0.87%,$0.00,-100.00%,$0.00,-100.00%,TPG,NASDAQ:TPG,-0.540,$60.44,
NYSE:BRSL,,,,,,2.31,$11.27,-100.00%,,,,$11.49,1.95%,$0.00,-100.00%,$0.00,-100.00%,BRSL,NYSE:BRSL,-0.194,$16.61,
NYSE:BRSP,,,,,,2.10,$4.75,-100.00%,,,,$4.78,0.63%,-$8.96,-288.70%,-$6.34,-233.52%,BRSP,NYSE:BRSP,-0.275,$6.34,
NYSE:MPT,,,,,,2.46,$3.97,-100.00%,,,,$4.09,3.02%,$0.00,-100.00%,$0.00,-100.00%,MPT,NYSE:MPT,-0.103,$5.11,
NASDAQ:RELL,,,,,,2.27,$17.32,-100.00%,,,,$17.74,2.42%,$0.00,-100.00%,$0.00,-100.00%,RELL,NASDAQ:RELL,-0.167,$20.50,
NYSE:CION,,,,,,2.32,$7.51,-100.00%,,,,$7.42,-1.20%,$0.00,-100.00%,$0.00,-100.00%,CION,NYSE:CION,-0.138,$8.75,
NASDAQ:PSEC,,,,,,1.47,$2.28,-100.00%,,,,$2.24,-1.75%,$11.32,396.66%,$11.61,409.37%,PSEC,NASDAQ:PSEC,-0.452,$2.00,
NYSE:CMTG,,,,,,1.92,$1.59,-100.00%,,,,$1.63,2.52%,-$9.63,-705.77%,-$15.01,-1043.92%,CMTG,NYSE:CMTG,-0.368,$2.22,
NYSE:LDI,,,,,,0.77,$0.94,-100.00%,,,,$0.93,-1.06%,$0.00,-100.00%,$0.00,-100.00%,LDI,NYSE:LDI,-0.838,$1.13,
NYSE:ECVT,,,,,,2.29,$10.17,-100.00%,,,,$10.07,-0.98%,$0.00,-100.00%,$0.00,-100.00%,ECVT,NYSE:ECVT,-0.204,$15.50,
NYSE:HAFN,,,,,,2.82,$8.44,-100.00%,,,,$8.64,2.37%,$0.00,-100.00%,$0.00,-100.00%,HAFN,NYSE:HAFN,0.077,$10.00,
NYSE:GSBD,,,,,,1.84,$10.23,-100.00%,,,,$10.16,-0.68%,$0.00,-100.00%,$0.00,-100.00%,GSBD,NYSE:GSBD,-0.289,$8.94,
NYSE:RWT,,,,,,2.62,$4.62,-100.00%,,,,$4.66,0.87%,$0.00,-100.00%,$0.00,-100.00%,RWT,NYSE:RWT,-0.027,$5.84,
NASDAQ:VTRS,,,,,,1.42,$16.51,-100.00%,,,,$16.25,-1.57%,$0.00,-100.00%,$0.00,-100.00%,VTRS,NASDAQ:VTRS,-0.529,$18.50,
NYSE:AHRT,,,,,,1.75,$6.48,-100.00%,,,,$6.56,1.23%,$0.00,-100.00%,$0.00,-100.00%,AHRT,NYSE:AHRT,-0.391,$7.50,
NYSE:LADR,,,,,,1.98,$9.80,-100.00%,,,,$9.85,0.51%,-$11.28,-215.13%,-$8.57,-187.42%,LADR,NYSE:LADR,-0.302,$12.00,
NYSE:STWD,,,,,,2.53,$15.70,-100.00%,,,,$15.95,1.59%,$0.00,-100.00%,$0.00,-100.00%,STWD,NYSE:STWD,-0.068,$19.88,
NYSE:OBDC,,,,,,2.22,$11.53,-100.00%,,,,$11.36,-1.47%,$0.00,-100.00%,$0.00,-100.00%,OBDC,NYSE:OBDC,-0.179,$13.17,
NASDAQ:TRMD,,,,,,1.66,$32.81,-100.00%,,,,$32.03,-2.38%,$0.00,-100.00%,$0.00,-100.00%,TRMD,NASDAQ:TRMD,-0.422,$36.50,
NYSE:BHR,,,,,,,$2.02,-100.00%,,,,,-100.00%,-$2.00,-199.01%,-$2.00,-199.01%,BHR,NYSE:BHR,-2.000,,
NYSE:SHEL,,,,,,2.82,$91.45,-100.00%,,,,$92.74,1.41%,$240.47,162.95%,$322.66,252.82%,SHEL,NYSE:SHEL,0.106,$97.77,
NYSE:PRGO,,,,,,2.61,$14.64,-100.00%,,,,$14.21,-2.94%,$0.00,-100.00%,$0.00,-100.00%,PRGO,NYSE:PRGO,-0.002,$16.50,
NYSE:MITT,,,,,,2.26,$6.73,-100.00%,,,,$6.71,-0.30%,$0.00,-100.00%,$0.00,-100.00%,MITT,NYSE:MITT,-0.205,$9.00,
NYSE:CMBT,,,,,,1.68,$18.28,-100.00%,,,,$18.31,0.16%,$0.00,-100.00%,$0.00,-100.00%,CMBT,NYSE:CMBT,-0.398,$19.32,
NYSE:EPR,,,,,,3.35,$58.71,-100.00%,,,,$61.62,4.96%,$60.58,3.19%,$90.53,54.19%,EPR,NYSE:EPR,0.332,$64.41,
NYSE:IIPR,,,,,,1.58,$56.92,-100.00%,,,,$56.31,-1.07%,$0.00,-100.00%,$0.00,-100.00%,IIPR,NYSE:IIPR,-0.460,$64.50,
NYSE:COLD,,,,,,1.78,$14.95,-100.00%,,,,$15.00,0.33%,$0.00,-100.00%,$0.00,-100.00%,COLD,NYSE:COLD,-0.364,$16.44,
NYSE:HR,,,,,,2.61,$19.04,-100.00%,,,,$19.25,1.10%,$12.80,-32.75%,$28.22,48.23%,HR,NYSE:HR,-0.001,$21.58,
NYSE:BNL,,,,,,1.99,$20.86,-100.00%,,,,$21.22,1.73%,$0.00,-100.00%,$0.00,-100.00%,BNL,NYSE:BNL,-0.277,$23.70,
AMEX:SDEV,,,,,,2.62,$0.93,-100.00%,,,,$1.00,7.00%,$0.14,-84.95%,$0.15,-83.85%,SDEV,AMEX:SDEV,0.047,,
NYSE:FUN,,,,,,2.87,$15.05,-100.00%,,,,$16.63,10.50%,$0.00,-100.00%,$0.00,-100.00%,FUN,NYSE:FUN,0.053,$21.38,
NYSE:HSHP,,,,,,3.21,$16.74,-100.00%,,,,$17.20,2.75%,$0.00,-100.00%,$0.00,-100.00%,HSHP,NYSE:HSHP,0.292,$16.90,
NYSE:ALB,,,,,,4.06,$134.97,-100.00%,,,,$146.33,8.42%,$0.00,-100.00%,$0.00,-100.00%,ALB,NYSE:ALB,0.608,$172.56,
NASDAQ:NBIS,,,,,,4.30,$206.32,-100.00%,,,,$222.94,8.06%,$0.00,-100.00%,$0.00,-100.00%,NBIS,NASDAQ:NBIS,0.690,$286.69,
NASDAQ:ENLT,,,,,,3.39,$78.14,-100.00%,,,,$82.27,5.29%,$0.00,-100.00%,$0.00,-100.00%,ENLT,NASDAQ:ENLT,0.346,$87.88,
NYSE:SKT,,,,,,3.46,$37.71,-100.00%,,,,$38.99,3.39%,$0.00,-100.00%,$0.00,-100.00%,SKT,NYSE:SKT,0.384,$41.36,
NYSE:SMA,,,,,,3.61,$32.47,-100.00%,,,,$34.52,6.31%,$0.00,-100.00%,$0.00,-100.00%,SMA,NYSE:SMA,0.439,$36.89,
NASDAQ:CRNC,,,,,,3.69,$8.44,-100.00%,,,,$8.88,5.21%,$0.00,-100.00%,$0.00,-100.00%,CRNC,NASDAQ:CRNC,0.445,$10.75,
NYSE:DLR,,,,,,3.38,$185.59,-100.00%,,,,$197.82,6.59%,$0.00,-100.00%,$0.00,-100.00%,DLR,NYSE:DLR,0.322,$223.32,
NYSE:ARW,,,,,,3.62,$204.43,-100.00%,,,,$216.65,5.98%,$0.00,-100.00%,$0.00,-100.00%,ARW,NYSE:ARW,0.444,$235.00,
AMEX:EPM,,,,,,3.16,$3.64,-100.00%,,,,$3.82,4.95%,$4.16,14.36%,$3.83,5.10%,EPM,AMEX:EPM,0.194,$4.88,
NYSE:NTR,,,,,,3.14,$75.53,-100.00%,,,,$76.82,1.71%,$0.00,-100.00%,$0.00,-100.00%,NTR,NYSE:NTR,0.260,$76.43,
NYSE:IPI,,,,,,3.25,$38.67,-100.00%,,,,$39.61,2.43%,$0.00,-100.00%,$0.00,-100.00%,IPI,NYSE:IPI,0.322,$36.50,
NASDAQ:FOXF,,,,,,3.10,$20.43,-100.00%,,,,$21.75,6.46%,$0.00,-100.00%,$0.00,-100.00%,FOXF,NASDAQ:FOXF,0.229,$21.83,
NYSE:UTI,,,,,,3.45,$21.13,-100.00%,,,,$23.05,9.09%,$0.00,-100.00%,$0.00,-100.00%,UTI,NYSE:UTI,0.312,$41.83,
NASDAQ:LMB,,,,,,3.27,$41.22,-100.00%,,,,$43.77,6.19%,$0.00,-100.00%,$0.00,-100.00%,LMB,NASDAQ:LMB,0.233,$76.20,
NYSE:BC,,,,,,3.14,$75.90,-100.00%,,,,$80.28,5.77%,$0.00,-100.00%,$0.00,-100.00%,BC,NYSE:BC,0.217,$90.71,
NYSE:APTV,,,,,,3.45,$44.76,-100.00%,,,,$47.22,5.50%,$0.00,-100.00%,$0.00,-100.00%,APTV,NYSE:APTV,0.310,$66.61,
NASDAQ:ILPT,,,,,,3.01,$8.26,-100.00%,,,,$8.60,4.12%,-$42.73,-617.30%,-$23.16,-380.36%,ILPT,NASDAQ:ILPT,0.125,$11.17,
NASDAQ:LUNR,,,,,,3.39,$15.36,-100.00%,,,,$16.44,7.03%,$0.00,-100.00%,$0.00,-100.00%,LUNR,NASDAQ:LUNR,0.286,$29.25,
NASDAQ:LINE,,,,,,2.91,$39.25,-100.00%,,,,$40.85,4.08%,$0.00,-100.00%,$0.00,-100.00%,LINE,NASDAQ:LINE,0.126,$45.21,
NYSE:HII,,,,,,3.20,$291.20,-100.00%,,,,$303.94,4.38%,$0.00,-100.00%,$0.00,-100.00%,HII,NYSE:HII,0.231,$368.42,
AMEX:TRT,,,,,,3.00,$10.10,-100.00%,,,,$10.67,5.64%,$12.63,25.03%,$15.32,51.67%,TRT,AMEX:TRT,0.202,,
NYSE:AAUC,,,,,,3.16,$23.56,-100.00%,,,,$24.89,5.65%,$0.00,-100.00%,$0.00,-100.00%,AAUC,NYSE:AAUC,0.263,,
NASDAQ:SEDG,,,,,,3.27,$32.20,-100.00%,,,,$33.89,5.25%,$0.00,-100.00%,$0.00,-100.00%,SEDG,NASDAQ:SEDG,0.277,$38.45,
AMEX:TGB,,,,,,2.86,$9.18,-100.00%,,,,$10.00,8.93%,$0.00,-100.00%,$0.00,-100.00%,TGB,AMEX:TGB,0.105,$10.60,
NASDAQ:GPRE,,,,,,2.87,$14.45,-100.00%,,,,$15.08,4.36%,$0.00,-100.00%,$0.00,-100.00%,GPRE,NASDAQ:GPRE,0.090,$17.86,
NASDAQ:MRCY,,,,,,3.07,$87.33,-100.00%,,,,$92.50,5.92%,$0.00,-100.00%,$0.00,-100.00%,MRCY,NASDAQ:MRCY,0.159,$114.78,
NASDAQ:GTX,,,,,,3.26,$26.95,-100.00%,,,,$28.51,5.79%,$35.03,29.97%,$40.04,48.56%,GTX,NASDAQ:GTX,0.229,$37.17,
NASDAQ:OVLY,,,,,,2.95,$33.59,-100.00%,,,,$35.21,4.82%,$0.00,-100.00%,$0.00,-100.00%,OVLY,NASDAQ:OVLY,0.179,,
NASDAQ:TLN,,,,,,3.47,$295.76,-100.00%,,,,$315.50,6.67%,$0.00,-100.00%,$0.00,-100.00%,TLN,NASDAQ:TLN,0.320,$459.94,
NASDAQ:BILI,,,,,,3.10,$16.16,-100.00%,,,,$17.47,8.11%,$0.00,-100.00%,$0.00,-100.00%,BILI,NASDAQ:BILI,0.155,$29.88,
NASDAQ:PECO,,,,,,2.81,$38.65,-100.00%,,,,$40.30,4.27%,$62.81,62.51%,$96.73,150.27%,PECO,NASDAQ:PECO,0.074,$45.92,
NYSE:ALV,,,,,,3.20,$121.21,-100.00%,,,,$126.97,4.75%,$323.76,167.11%,$425.26,250.84%,ALV,NYSE:ALV,0.262,$134.71,
NASDAQ:MEOH,,,,,,2.90,$58.95,-100.00%,,,,$60.56,2.73%,$0.00,-100.00%,$0.00,-100.00%,MEOH,NASDAQ:MEOH,0.112,$70.00,
NYSE:PLD,,,,,,3.00,$139.92,-100.00%,,,,$145.31,3.85%,$0.00,-100.00%,$0.00,-100.00%,PLD,NYSE:PLD,0.171,$158.31,
NYSE:MSGE,,,,,,2.75,$77.69,-100.00%,,,,$80.49,3.60%,$143.13,84.24%,$319.32,311.02%,MSGE,NYSE:MSGE,0.049,$91.62,
