date,ticker,high,low,open,close,split_coefficient,volume
2026-09-08,NYSE:ALB,131.31,125.43,126.06,129.57,1.0,4964580
2026-09-09,NYSE:ALB,131.3,123.935,130.48,125.91,1.0,2589030
2026-09-10,NYSE:ALB,125.57,122.0,123.54,122.11,1.0,2013711
2026-09-11,NYSE:ALB,121.555,117.235,121.0,117.52,1.0,2392136
2026-09-14,NYSE:ALB,117.0,114.27,116.06,115.03,1.0,2101107
2026-09-15,NYSE:ALB,115.75,112.5,115.28,113.45,1.0,2336357
2026-09-16,NYSE:ALB,114.63,107.9,114.0,109.47,1.0,2748563
2026-09-17,NYSE:ALB,116.3,112.5,112.5,115.05,1.0,2161860
2026-09-18,NYSE:ALB,115.1275,110.42,115.1,110.91,1.0,4968017
2026-09-21,NYSE:ALB,114.49,111.57,113.5,112.92,1.0,1908295
2026-09-22,NYSE:ALB,117.59,112.8,113.62,116.8,1.0,4100392
2026-09-23,NYSE:ALB,115.075,112.3075,114.17,113.47,1.0,2202539
2026-09-24,NYSE:ALB,110.5,108.21,110.0,108.25,1.0,2502517
2026-09-25,NYSE:ALB,112.07,108.3,108.79,109.73,1.0,1990117
2026-09-28,NYSE:ALB,108.7,104.66,107.5,107.39,1.0,2662161
2026-09-29,NYSE:ALB,108.0,106.05,107.93,107.62,1.0,1782610
2026-09-30,NYSE:ALB,107.785,105.62,107.6,105.78,1.0,1697663
2026-10-01,NYSE:ALB,105.98,102.37,104.1,105.03,1.0,1948166
2026-10-02,NYSE:ALB,106.29,103.19,105.35,104.59,1.0,2004939
2026-10-05,NYSE:ALB,105.665,103.59,105.19,104.37,1.0,2029200
2026-10-06,NYSE:ALB,107.59,104.975,105.41,106.35,1.0,1496156
2026-09-08,NYSE:DD,132.39,130.3,131.39,131.32,1.0,1212078
2026-09-09,NYSE:DD,131.595,127.75200000000001,130.73,127.92,1.0,1223142
2026-09-10,NYSE:DD,128.305,126.44,127.48,127.32,1.0,1081261
2026-09-11,NYSE:DD,129.5,126.23,129.19,126.99,1.0,862361
2026-09-14,NYSE:DD,125.0,122.8,125.0,124.29,1.0,1178978
2026-09-15,NYSE:DD,128.285,123.0105,124.67,128.04,1.0,1674158
2026-09-16,NYSE:DD,129.51,126.11,128.73,127.57,1.0,1010636
2026-09-17,NYSE:DD,129.82,128.36,129.1,128.46,1.0,1214866
2026-09-18,NYSE:DD,129.275,127.77,128.39,129.01,1.0,2098210
2026-09-21,NYSE:DD,130.87,128.96,130.0,129.79,1.0,922164
2026-09-22,NYSE:DD,132.22,129.945,130.72,131.8,1.0,1186850
2026-09-23,NYSE:DD,131.89,130.53,130.83,130.88,1.0,686697
2026-09-24,NYSE:DD,131.65,129.1401,130.23,130.22,1.0,809956
2026-09-25,NYSE:DD,132.16,129.7301,130.5,131.71,1.0,780534
2026-09-28,NYSE:DD,131.63,129.805,130.5,130.98,1.0,834238
2026-09-29,NYSE:DD,131.21,129.59,130.97,130.12,1.0,1015558
2026-09-30,NYSE:DD,131.17,129.745,130.48,129.89,1.0,778274
2026-10-01,NYSE:DD,129.9,127.62,128.96,129.2,1.0,950685
2026-10-02,NYSE:DD,130.86,129.14,130.74,129.98,1.0,686013
2026-10-05,NYSE:DD,131.609,129.18,131.25,130.69,1.0,700665
2026-10-06,NYSE:DD,133.995,130.68,131.01,133.32,1.0,716682
2026-09-08,NASDAQ:VISN,6.58,6.355,6.4,6.47,1.0,6266935
2026-09-09,NASDAQ:VISN,6.515,6.37,6.45,6.405,1.0,4955894
2026-09-10,NASDAQ:VISN,6.46,6.325,6.34,6.4,1.0,4324085
2026-09-11,NASDAQ:VISN,6.53,6.43,6.49,6.48,1.0,4925759
2026-09-14,NASDAQ:VISN,6.72,6.39,6.4,6.465,1.0,10475523
2026-09-15,NASDAQ:VISN,6.78,6.5,6.5,6.73,1.0,8174861
2026-09-16,NASDAQ:VISN,6.79,6.49,6.79,6.51,1.0,6672137
2026-09-17,NASDAQ:VISN,6.72,6.43,6.72,6.45,1.0,6459103
2026-09-18,NASDAQ:VISN,6.63,6.46,6.51,6.57,1.0,30856593
2026-09-21,NASDAQ:VISN,6.58,6.43,6.56,6.48,1.0,7432297
2026-09-22,NASDAQ:VISN,6.6,6.45,6.48,6.48,1.0,3868422
2026-09-23,NASDAQ:VISN,6.505,6.42,6.49,6.45,1.0,5710748
2026-09-24,NASDAQ:VISN,6.41,6.295,6.38,6.35,1.0,4007386
2026-09-25,NASDAQ:VISN,6.39,6.2,6.39,6.22,1.0,6163920
2026-09-28,NASDAQ:VISN,6.225,5.95,6.17,6.09,1.0,6635258
2026-09-29,NASDAQ:VISN,6.13,5.92,6.12,5.94,1.0,6745557
2026-09-30,NASDAQ:VISN,6.04,5.92,6.025,5.98,1.0,5950907
2026-10-01,NASDAQ:VISN,6.19,5.9,5.99,6.16,1.0,6242646
2026-10-02,NASDAQ:VISN,6.3,6.125,6.15,6.21,1.0,6766023
2026-10-05,NASDAQ:VISN,6.23,6.1,6.23,6.2,1.0,4399305
2026-10-06,NASDAQ:VISN,6.245,6.085,6.24,6.15,1.0,4553828
2026-09-08,NYSE:AIV,2.555,2.48,2.55,2.48,1.0,1274098
2026-09-09,NYSE:AIV,2.5,2.46,2.48,2.46,1.0,1783403
2026-09-10,NYSE:AIV,2.46,2.42,2.46,2.44,1.0,2063072
2026-09-11,NYSE:AIV,2.45,2.4,2.45,2.4,1.0,948711
2026-09-14,NYSE:AIV,2.4189,2.32,2.39,2.37,1.0,2581769
2026-09-15,NYSE:AIV,2.38,2.27,2.38,2.29,1.0,1462119
2026-09-16,NYSE:AIV,2.33,2.25,2.29,2.25,1.0,1837036
2026-09-17,NYSE:AIV,2.29,2.22,2.26,2.22,1.0,1719822
2026-09-18,NYSE:AIV,2.225,2.175,2.2,2.18,1.0,1028296
2026-09-21,NYSE:AIV,2.19,2.14,2.18,2.16,1.0,2400554
2026-09-22,NYSE:AIV,2.19,2.145,2.17,2.16,1.0,1267722
2026-09-23,NYSE:AIV,2.21,2.115,2.16,2.2,1.0,5178157
2026-09-24,NYSE:AIV,2.215,2.14,2.19,2.18,1.0,3235688
2026-09-25,NYSE:AIV,2.18,2.15,2.18,2.18,1.0,1217856
2026-09-28,NYSE:AIV,2.18,2.12,2.17,2.14,1.0,1729149
2026-09-29,NYSE:AIV,2.15,2.05,2.15,2.06,1.0,2558843
2026-09-30,NYSE:AIV,2.08,1.92,2.08,1.98,1.0,3734613
2026-10-01,NYSE:AIV,2.04,1.97,2.0,1.99,1.0,5223903
2026-10-02,NYSE:AIV,2.01,1.92,2.0,1.93,1.0,2190545
2026-10-05,NYSE:AIV,1.92,1.87,1.91,1.88,1.0,1928512
2026-10-06,NYSE:AIV,1.905,1.87,1.88,1.87,1.0,1445326
2026-09-08,NYSE:SITC,2.91,2.855,2.87,2.88,1.0,718815
2026-09-09,NYSE:SITC,2.885,2.805,2.87,2.81,1.0,857832
2026-09-10,NYSE:SITC,2.84,2.8,2.83,2.83,1.0,1074967
2026-09-11,NYSE:SITC,2.87,2.8003,2.84,2.82,1.0,788575
2026-09-14,NYSE:SITC,2.925,2.82,2.84,2.9,1.0,831379
2026-09-15,NYSE:SITC,2.91,2.85,2.9,2.86,1.0,830426
2026-09-16,NYSE:SITC,2.91,2.85,2.87,2.91,1.0,909817
2026-09-17,NYSE:SITC,2.94,2.885,2.91,2.93,1.0,622689
2026-09-18,NYSE:SITC,2.96,2.89,2.91,2.95,1.0,2957939
2026-09-21,NYSE:SITC,3.05,2.95,2.95,3.02,1.0,1348280
2026-09-22,NYSE:SITC,3.08,3.015,3.04,3.06,1.0,732381
2026-09-23,NYSE:SITC,3.04,2.97,3.04,2.97,1.0,693437
2026-09-24,NYSE:SITC,3.04,2.96,2.96,3.02,1.0,1101155
2026-09-25,NYSE:SITC,3.0799,3.0,3.02,3.06,1.0,785388
2026-09-28,NYSE:SITC,3.08,3.035,3.04,3.05,1.0,643019
2026-09-29,NYSE:SITC,3.13,3.0308,3.04,3.11,1.0,1178463
2026-09-30,NYSE:SITC,3.38,3.1,3.13,3.37,1.0,4116125
2026-10-01,NYSE:SITC,3.545,3.31,3.35,3.5,1.0,5147509
2026-10-02,NYSE:SITC,3.53,3.42,3.49,3.42,1.0,2470005
2026-10-05,NYSE:SITC,3.41,3.225,3.41,3.24,1.0,1521248
2026-10-06,NYSE:SITC,3.405,3.185,3.24,3.205,1.0,1740211
2026-09-08,NYSE:AD,38.98,38.15,38.4,38.46,1.0,291665
2026-09-09,NYSE:AD,38.6,37.84,38.5,38.44,1.0,303507
2026-09-10,NYSE:AD,38.75,37.69,38.34,38.05,1.0,237746
2026-09-11,NYSE:AD,38.36,37.75,38.29,38.12,1.0,187406
2026-09-14,NYSE:AD,38.37,37.845,38.07,38.28,1.0,267965
2026-09-15,NYSE:AD,38.49,37.86,38.49,38.03,1.0,235032
2026-09-16,NYSE:AD,38.51,37.38,38.055,37.9,1.0,407392
2026-09-17,NYSE:AD,38.18,36.35,37.58,36.85,1.0,448125
2026-09-18,NYSE:AD,36.8,35.52,36.4,35.59,1.0,711930
2026-09-21,NYSE:AD,35.96,35.48,35.7,35.56,1.0,172509
2026-09-22,NYSE:AD,35.79,35.3,35.62,35.38,1.0,202557
2026-09-23,NYSE:AD,35.215,34.48,35.14,34.94,1.0,207507
2026-09-24,NYSE:AD,35.41,34.385,35.15,34.49,1.0,231496
2026-09-25,NYSE:AD,34.62,34.03,34.62,34.49,1.0,260908
2026-09-28,NYSE:AD,34.4799,33.43,34.43,33.45,1.0,296704
2026-09-29,NYSE:AD,34.01,33.12,33.45,33.81,1.0,310329
2026-09-30,NYSE:AD,34.08,33.594,34.08,33.72,1.0,207890
2026-10-01,NYSE:AD,34.545,33.49,33.8,34.17,1.0,261096
2026-10-02,NYSE:AD,35.2,34.315,34.38,34.39,1.0,173083
2026-10-05,NYSE:AD,34.88,34.22,34.29,34.5,1.0,250119
2026-10-06,NYSE:AD,34.45,33.995,34.45,34.305,1.0,131003
2026-09-08,NYSE:RHP,124.17,120.43,123.17,120.66,1.0,522358
2026-09-09,NYSE:RHP,122.92,120.4575,122.89,122.5,1.0,526538
2026-09-10,NYSE:RHP,123.88,120.695,122.24,122.35,1.0,449486
2026-09-11,NYSE:RHP,124.425,121.38,121.38,121.99,1.0,390408
2026-09-14,NYSE:RHP,123.235,120.79,120.79,122.2,1.0,534097
2026-09-15,NYSE:RHP,123.18,120.23,122.27,120.71,1.0,588487
2026-09-16,NYSE:RHP,122.955,118.91,120.78,119.93,1.0,541795
2026-09-17,NYSE:RHP,122.34,120.515,120.91,120.61,1.0,448848
2026-09-18,NYSE:RHP,122.08,118.63,119.76,121.94,1.0,1999148
2026-09-21,NYSE:RHP,122.68,120.38,122.35,121.68,1.0,458288
2026-09-22,NYSE:RHP,123.555,120.54,123.06,121.55,1.0,522325
2026-09-23,NYSE:RHP,122.055,120.12,121.06,120.74,1.0,413707
2026-09-24,NYSE:RHP,123.33,120.15,120.95,121.97,1.0,537973
2026-09-25,NYSE:RHP,122.13,120.195,122.13,121.46,1.0,433870
2026-09-28,NYSE:RHP,122.71,120.69,122.08,122.09,1.0,458800
2026-09-29,NYSE:RHP,123.41,120.46,122.0,122.08,1.0,446035
2026-09-30,NYSE:RHP,121.26,119.405,121.2,119.53,1.0,705924
2026-10-01,NYSE:RHP,122.26,117.96,118.56,120.94,1.0,894283
2026-10-02,NYSE:RHP,123.335,121.08,122.26,121.66,1.0,438030
2026-10-05,NYSE:RHP,121.8,119.85,120.94,120.62,1.0,585525
2026-10-06,NYSE:RHP,122.84,120.66,120.67,120.845,1.0,333831
2026-09-08,NASDAQ:AMSC,31.0,29.9,30.0,30.44,1.0,855403
2026-09-09,NASDAQ:AMSC,30.65,29.28,30.14,29.31,1.0,902091
2026-09-10,NASDAQ:AMSC,29.16,28.08,28.46,28.66,1.0,555746
2026-09-11,NASDAQ:AMSC,29.66,28.974,29.32,29.53,1.0,394555
2026-09-14,NASDAQ:AMSC,28.1751,27.2,27.62,27.28,1.0,890508
2026-09-15,NASDAQ:AMSC,27.988000000000003,27.28,27.69,27.7,1.0,724083
2026-09-16,NASDAQ:AMSC,28.265,27.26,28.26,27.81,1.0,733886
2026-09-17,NASDAQ:AMSC,29.5,28.77,29.14,29.15,1.0,650127
2026-09-18,NASDAQ:AMSC,30.34,28.8539,29.23,30.19,1.0,993573
2026-09-21,NASDAQ:AMSC,31.0,30.1214,31.0,30.24,1.0,571590
2026-09-22,NASDAQ:AMSC,31.5482,30.04,30.29,31.24,1.0,922726
2026-09-23,NASDAQ:AMSC,32.1325,30.78,32.01,31.05,1.0,879312
2026-09-24,NASDAQ:AMSC,30.74,29.69,30.22,30.42,1.0,700760
2026-09-25,NASDAQ:AMSC,31.0554,29.96,30.89,30.01,1.0,677410
2026-09-28,NASDAQ:AMSC,29.98,28.83,29.63,29.29,1.0,525544
2026-09-29,NASDAQ:AMSC,30.26,29.02,30.0,29.17,1.0,661868
2026-09-30,NASDAQ:AMSC,29.83,28.95,29.515,29.11,1.0,742478
2026-10-01,NASDAQ:AMSC,30.08,28.2,29.25,29.5,1.0,664979
2026-10-02,NASDAQ:AMSC,30.68,29.69,30.37,30.01,1.0,534780
2026-10-05,NASDAQ:AMSC,30.3,29.241,30.06,29.98,1.0,487666
2026-10-06,NASDAQ:AMSC,32.1,30.25,30.49,31.85,1.0,842716
2026-09-08,NASDAQ:LUNR,15.7815,14.745,14.98,15.68,1.0,7889150
2026-09-09,NASDAQ:LUNR,16.03,14.885,15.9,14.94,1.0,6770473
2026-09-10,NASDAQ:LUNR,15.38,14.38,14.555,14.62,1.0,6802174
2026-09-11,NASDAQ:LUNR,14.9396,14.27,14.6,14.35,1.0,5527022
2026-09-14,NASDAQ:LUNR,14.38,13.69,13.78,13.88,1.0,5038082
2026-09-15,NASDAQ:LUNR,14.28,13.565,13.87,13.87,1.0,6310825
2026-09-16,NASDAQ:LUNR,13.9865,13.48,13.98,13.87,1.0,6217345
2026-09-17,NASDAQ:LUNR,15.18,14.21,14.35,14.79,1.0,8266155
2026-09-18,NASDAQ:LUNR,14.94,13.79,14.9,13.92,1.0,14988182
2026-09-21,NASDAQ:LUNR,15.76,14.2099,14.21,15.72,1.0,11556125
2026-09-22,NASDAQ:LUNR,16.26,15.3017,15.68,16.24,1.0,8354960
2026-09-23,NASDAQ:LUNR,16.21,15.11,16.15,15.24,1.0,7216231
2026-09-24,NASDAQ:LUNR,16.085,14.865,15.095,15.7,1.0,8067864
2026-09-25,NASDAQ:LUNR,16.19,15.5937,15.8,15.61,1.0,6593392
2026-09-28,NASDAQ:LUNR,15.98,15.125,15.31,15.2,1.0,7712105
2026-09-29,NASDAQ:LUNR,15.545,14.54,15.38,14.55,1.0,6633237
2026-09-30,NASDAQ:LUNR,15.520999999999999,14.22,14.65,14.24,1.0,8940017
2026-10-01,NASDAQ:LUNR,14.53,13.92,14.305,14.05,1.0,8266984
2026-10-02,NASDAQ:LUNR,15.345,14.12,14.265,14.71,1.0,8760716
2026-10-05,NASDAQ:LUNR,14.7099,14.02,14.66,14.29,1.0,7578924
2026-10-06,NASDAQ:LUNR,15.31,14.5601,14.58,15.06,1.0,11950123
2026-09-08,NASDAQ:BILI,16.36,15.795,15.82,16.2,1.0,7119823
2026-09-09,NASDAQ:BILI,16.06,15.75,15.925,15.91,1.0,4313759
2026-09-10,NASDAQ:BILI,15.61,15.37,15.45,15.47,1.0,3430196
2026-09-11,NASDAQ:BILI,15.605,15.4,15.5,15.54,1.0,3658010
2026-09-14,NASDAQ:BILI,15.905,15.48,15.53,15.74,1.0,2335816
2026-09-15,NASDAQ:BILI,15.565,15.265,15.56,15.46,1.0,2010436
2026-09-16,NASDAQ:BILI,15.16,14.89,15.14,14.9,1.0,3529667
2026-09-17,NASDAQ:BILI,14.65,14.39,14.65,14.4,1.0,5671284
2026-09-18,NASDAQ:BILI,15.07,14.74,14.805,14.9,1.0,3049436
2026-09-21,NASDAQ:BILI,15.215,14.83,15.09,15.18,1.0,2313511
2026-09-22,NASDAQ:BILI,15.525,15.15,15.38,15.29,1.0,2190917
2026-09-23,NASDAQ:BILI,15.19,14.925,15.14,15.01,1.0,2703166
2026-09-24,NASDAQ:BILI,14.95,14.71,14.84,14.81,1.0,2603147
2026-09-25,NASDAQ:BILI,14.95,14.805,14.89,14.895,1.0,1336062
2026-09-28,NASDAQ:BILI,15.36,15.125,15.295,15.14,1.0,5479267
2026-09-29,NASDAQ:BILI,15.02,14.73,14.99,14.84,1.0,2188235
2026-09-30,NASDAQ:BILI,15.19,14.97,15.18,15.02,1.0,2692228
2026-10-01,NASDAQ:BILI,15.19,14.76,15.095,14.78,1.0,2110721
2026-10-02,NASDAQ:BILI,14.5632,14.315,14.49,14.44,1.0,2878417
2026-10-05,NASDAQ:BILI,14.795,14.575,14.58,14.75,1.0,1648596
2026-10-06,NASDAQ:BILI,14.94,14.66,14.77,14.9,1.0,1807774
2026-09-08,NYSE:ECO,72.75,69.54,72.75,69.95,1.0,702245
2026-09-09,NYSE:ECO,72.3,70.38,71.04,71.67,1.0,383599
2026-09-10,NYSE:ECO,73.4179,71.13,71.85,72.92,1.0,518423
2026-09-11,NYSE:ECO,76.21,73.19,73.2,76.15,1.0,680892
2026-09-14,NYSE:ECO,80.46,74.38,75.85,79.72,1.0,1132133
2026-09-15,NYSE:ECO,83.27,79.53,79.7,82.73,1.0,1137696
2026-09-16,NYSE:ECO,87.11,82.3439,82.49,84.74,1.0,1088176
2026-09-17,NYSE:ECO,87.31,84.78,85.66,86.3,1.0,986253
2026-09-18,NYSE:ECO,86.15,84.01,85.0,84.95,1.0,1143648
2026-09-21,NYSE:ECO,85.7999,81.71,82.83,82.63,1.0,1073197
2026-09-22,NYSE:ECO,79.14,75.56,77.83,77.54,1.0,1797700
2026-09-23,NYSE:ECO,79.08,75.61,77.55,78.03,1.0,723176
2026-09-24,NYSE:ECO,80.44,76.3,76.895,78.22,1.0,867674
2026-09-25,NYSE:ECO,79.71,76.38,78.01,77.9,1.0,655534
2026-09-28,NYSE:ECO,80.67,78.3025,79.55,79.17,1.0,561882
2026-09-29,NYSE:ECO,80.7,78.23,78.39,80.25,1.0,392823
2026-09-30,NYSE:ECO,83.7,80.5,81.72,80.88,1.0,448638
2026-10-01,NYSE:ECO,85.84,80.3563,80.7,85.74,1.0,748236
2026-10-02,NYSE:ECO,87.71,84.12,84.75,87.28,1.0,898567
2026-10-05,NYSE:ECO,90.64,85.81,90.17,88.6,1.0,766972
2026-10-06,NYSE:ECO,88.65,86.25,87.605,86.85,1.0,720971
2026-09-08,NYSE:CMI,567.59,560.53,565.05,561.55,1.0,770184
2026-09-09,NYSE:CMI,562.6,548.45,556.72,554.76,1.0,1103904
2026-09-10,NYSE:CMI,557.67,544.81,553.72,550.03,1.0,1115802
2026-09-11,NYSE:CMI,562.14,553.3511,558.46,556.75,1.0,705462
2026-09-14,NYSE:CMI,542.99,526.49,531.38,541.1,1.0,1230658
2026-09-15,NYSE:CMI,546.41,531.89,545.63,538.02,1.0,1401146
2026-09-16,NYSE:CMI,543.46,519.085,541.64,527.5,1.0,1452794
2026-09-17,NYSE:CMI,544.135,522.61,543.21,523.88,1.0,1193523
2026-09-18,NYSE:CMI,532.64,522.87,524.97,532.23,1.0,1718384
2026-09-21,NYSE:CMI,539.99,527.265,539.94,534.78,1.0,1017117
2026-09-22,NYSE:CMI,532.29,520.97,531.0,526.13,1.0,1076705
2026-09-23,NYSE:CMI,525.125,514.37,520.77,524.65,1.0,1416227
2026-09-24,NYSE:CMI,524.08,515.25,519.94,521.07,1.0,1186228
2026-09-25,NYSE:CMI,529.47,520.0,525.2,525.06,1.0,811971
2026-09-28,NYSE:CMI,525.35,514.72,522.74,517.84,1.0,950178
2026-09-29,NYSE:CMI,524.54,517.68,520.69,521.37,1.0,807578
2026-09-30,NYSE:CMI,523.38,515.02,523.35,516.57,1.0,1092336
2026-10-01,NYSE:CMI,525.62,507.2,515.0,517.0,1.0,1661364
2026-10-02,NYSE:CMI,531.255,521.42,524.73,528.32,1.0,1045941
2026-10-05,NYSE:CMI,533.1599,519.005,525.41,523.37,1.0,802779
2026-10-06,NYSE:CMI,540.49,525.5,527.0,535.43,1.0,785323
2026-09-08,NASDAQ:NNE,19.6,18.0,18.0,19.35,1.0,2372381
2026-09-09,NASDAQ:NNE,19.35,18.13,19.03,18.17,1.0,1515504
2026-09-10,NASDAQ:NNE,17.8858,17.23,17.845,17.36,1.0,1676051
2026-09-11,NASDAQ:NNE,17.5526,16.4,17.36,16.41,1.0,2259122
2026-09-14,NASDAQ:NNE,16.2425,15.7,15.73,15.89,1.0,1499195
2026-09-15,NASDAQ:NNE,15.965,15.44,15.8,15.78,1.0,1161573
2026-09-16,NASDAQ:NNE,16.15,15.03,16.07,15.64,1.0,1974109
2026-09-17,NASDAQ:NNE,17.14,16.0582,16.22,16.97,1.0,2345859
2026-09-18,NASDAQ:NNE,17.17,15.4,16.92,15.73,1.0,4843305
2026-09-21,NASDAQ:NNE,17.27,16.35,16.55,17.1,1.0,3189538
2026-09-22,NASDAQ:NNE,17.42,16.68,17.08,17.32,1.0,1684718
2026-09-23,NASDAQ:NNE,17.44,16.75,17.2,17.01,1.0,1596707
2026-09-24,NASDAQ:NNE,17.11,16.36,16.67,17.02,1.0,1889411
2026-09-25,NASDAQ:NNE,17.42,16.77,17.06,16.99,1.0,1328921
2026-09-28,NASDAQ:NNE,16.85,16.09,16.72,16.16,1.0,1442697
2026-09-29,NASDAQ:NNE,16.6,15.76,16.545,15.79,1.0,1739122
2026-09-30,NASDAQ:NNE,16.5499,15.82,16.09,15.85,1.0,1465130
2026-10-01,NASDAQ:NNE,16.15,15.52,15.85,15.73,1.0,1852948
2026-10-02,NASDAQ:NNE,16.4,15.595,16.32,15.62,1.0,1719678
2026-10-05,NASDAQ:NNE,15.96,15.26,15.7,15.51,1.0,2203539
2026-10-06,NASDAQ:NNE,16.94,16.0,16.1,16.49,1.0,2923687
2026-09-08,NYSE:UDR,36.51,36.005,36.25,36.11,1.0,4310061
2026-09-09,NYSE:UDR,36.26,35.325,36.2,35.4,1.0,7836531
2026-09-10,NYSE:UDR,35.645,34.825,35.56,35.14,1.0,4873895
2026-09-11,NYSE:UDR,35.45,34.995,35.31,35.12,1.0,3404565
2026-09-14,NYSE:UDR,35.44,34.87,35.2,35.37,1.0,3389068
2026-09-15,NYSE:UDR,35.25,34.85,35.15,34.91,1.0,6360572
2026-09-16,NYSE:UDR,35.1444,34.32,34.91,34.4,1.0,4168693
2026-09-17,NYSE:UDR,34.7043,34.18,34.58,34.21,1.0,4148489
2026-09-18,NYSE:UDR,34.225,33.865,34.15,33.9,1.0,6980255
2026-09-21,NYSE:UDR,34.01,33.68,33.97,33.89,1.0,3541317
2026-09-22,NYSE:UDR,34.415,33.82,34.06,34.1,1.0,4255580
2026-09-23,NYSE:UDR,34.095,33.625,33.95,33.79,1.0,5232343
2026-09-24,NYSE:UDR,34.02,33.395,33.87,33.55,1.0,3986140
2026-09-25,NYSE:UDR,33.94,33.3501,33.58,33.84,1.0,3649383
2026-09-28,NYSE:UDR,34.0,33.54,33.95,33.83,1.0,3989188
2026-09-29,NYSE:UDR,34.145,33.6,33.84,33.95,1.0,3096435
2026-09-30,NYSE:UDR,34.27,33.525,34.14,33.55,1.0,4084000
2026-10-01,NYSE:UDR,33.72,33.22,33.52,33.68,1.0,3959478
2026-10-02,NYSE:UDR,33.94,33.22,33.86,33.27,1.0,3133992
2026-10-05,NYSE:UDR,33.855,33.1,33.21,33.84,1.0,3628116
2026-10-06,NYSE:UDR,34.3028,33.785,34.01,33.9,1.0,4325778
2026-09-08,NYSE:UTI,22.6281,21.53,22.16,21.59,1.0,1545792
2026-09-09,NYSE:UTI,21.97,20.83,21.5,21.29,1.0,1324279
2026-09-10,NYSE:UTI,21.635,20.48,21.25,20.6,1.0,1105701
2026-09-11,NYSE:UTI,21.02,20.18,20.69,20.31,1.0,1899106
2026-09-14,NYSE:UTI,20.85,19.52,20.03,20.33,1.0,2194226
2026-09-15,NYSE:UTI,20.6399,19.68,20.16,20.55,1.0,1935406
2026-09-16,NYSE:UTI,21.19,20.34,20.65,20.88,1.0,2019045
2026-09-17,NYSE:UTI,21.3282,20.62,21.13,20.82,1.0,1278118
2026-09-18,NYSE:UTI,21.7,20.5,20.89,21.47,1.0,2046017
2026-09-21,NYSE:UTI,20.77,19.565,20.34,20.72,1.0,4465584
2026-09-22,NYSE:UTI,21.37,20.23,21.37,20.41,1.0,3026731
2026-09-23,NYSE:UTI,20.659000000000002,19.81,20.32,20.42,1.0,1983672
2026-09-24,NYSE:UTI,20.97,20.33,20.43,20.67,1.0,1213704
2026-09-25,NYSE:UTI,20.8,20.02,20.68,20.3,1.0,1719841
2026-09-28,NYSE:UTI,20.21,18.46,20.21,18.47,1.0,2569611
2026-09-29,NYSE:UTI,19.18,18.02,18.34,18.63,1.0,2165660
2026-09-30,NYSE:UTI,18.87,18.16,18.61,18.67,1.0,1475585
2026-10-01,NYSE:UTI,19.75,18.84,19.11,19.03,1.0,1830854
2026-10-02,NYSE:UTI,20.01,19.02,19.32,19.38,1.0,1375780
2026-10-05,NYSE:UTI,19.8355,18.6,19.32,19.17,1.0,1589741
2026-10-06,NYSE:UTI,19.71,19.035,19.28,19.67,1.0,935826
2026-09-08,NYSE:VST,154.9,150.365,151.0,151.72,1.0,7000150
2026-09-09,NYSE:VST,151.56,148.9,150.0,151.1,1.0,3891310
2026-09-10,NYSE:VST,152.8,147.03,150.0,147.05,1.0,4544322
2026-09-11,NYSE:VST,149.08,146.67,148.82,148.38,1.0,3174829
2026-09-14,NYSE:VST,145.2457,140.37,144.0,140.73,1.0,5241768
2026-09-15,NYSE:VST,143.22,140.26,141.84,141.53,1.0,5598477
2026-09-16,NYSE:VST,143.6999,139.62,143.38,140.39,1.0,3832556
2026-09-17,NYSE:VST,146.11,141.53,144.1,143.56,1.0,3957497
2026-09-18,NYSE:VST,144.45,140.21,143.395,140.67,1.0,5268950
2026-09-21,NYSE:VST,142.44,138.95,142.0,140.78,1.0,4506495
2026-09-22,NYSE:VST,142.64,140.0,141.44,140.41,1.0,4771307
2026-09-23,NYSE:VST,140.5,137.62,139.57,137.97,1.0,4412191
2026-09-24,NYSE:VST,139.13,135.98,136.2,137.94,1.0,3645027
2026-09-25,NYSE:VST,140.1,136.025,138.96,138.46,1.0,5006345
2026-09-28,NYSE:VST,139.01,135.77,138.08,138.02,1.0,4346508
2026-09-29,NYSE:VST,143.51,138.8501,140.0,140.83,1.0,4861096
2026-09-30,NYSE:VST,140.76,133.44,140.02,138.35,1.0,8066074
2026-10-01,NYSE:VST,141.68,137.08,139.16,139.75,1.0,4761621
2026-10-02,NYSE:VST,143.02,134.79,142.05,140.02,1.0,12680761
2026-10-05,NYSE:VST,146.94,140.9,144.04,144.89,1.0,10862041
2026-10-06,NYSE:VST,162.6899,151.44,151.47,160.5,1.0,17985736
2026-09-08,NASDAQ:LPTH,10.815,9.99,10.065,10.75,1.0,4275437
2026-09-09,NASDAQ:LPTH,10.96,10.06,10.55,10.14,1.0,2699231
2026-09-10,NASDAQ:LPTH,10.22,9.57,9.79,9.68,1.0,3548824
2026-09-11,NASDAQ:LPTH,9.93,9.04,9.365,9.2,1.0,4864754
2026-09-14,NASDAQ:LPTH,9.35,8.7,8.85,9.11,1.0,3269985
2026-09-15,NASDAQ:LPTH,9.49,8.77,9.135,9.29,1.0,3098198
2026-09-16,NASDAQ:LPTH,9.41,8.985,9.4,9.39,1.0,2487412
2026-09-17,NASDAQ:LPTH,10.28,9.8501,9.94,10.11,1.0,4579858
2026-09-18,NASDAQ:LPTH,10.3,9.63,10.175,9.9,1.0,4290162
2026-09-21,NASDAQ:LPTH,10.38,10.02,10.16,10.2,1.0,2856559
2026-09-22,NASDAQ:LPTH,10.26,9.7,10.11,10.15,1.0,2570735
2026-09-23,NASDAQ:LPTH,10.14,9.76,10.1,9.81,1.0,2072176
2026-09-24,NASDAQ:LPTH,10.135,9.55,9.63,10.06,1.0,2288396
2026-09-25,NASDAQ:LPTH,10.29,9.9203,10.06,9.98,1.0,1502374
2026-09-28,NASDAQ:LPTH,10.2,9.78,10.09,9.83,1.0,2119794
2026-09-29,NASDAQ:LPTH,10.1799,9.88,10.08,10.02,1.0,1720949
2026-09-30,NASDAQ:LPTH,10.55,10.0,10.14,10.31,1.0,2378589
2026-10-01,NASDAQ:LPTH,11.0,10.105,10.37,10.85,1.0,2946011
2026-10-02,NASDAQ:LPTH,11.16,10.64,11.12,11.04,1.0,2423673
2026-10-05,NASDAQ:LPTH,11.2,10.645,11.16,10.81,1.0,2252747
2026-10-06,NASDAQ:LPTH,11.31,10.77,10.97,10.87,1.0,2277022
2026-09-08,NYSE:BLX,56.43,55.11,55.64,56.33,1.0,148052
2026-09-09,NYSE:BLX,56.4899,55.055,56.33,55.35,1.0,186215
2026-09-10,NYSE:BLX,55.67,54.935,55.12,55.63,1.0,316772
2026-09-11,NYSE:BLX,56.315,55.14,56.21,55.29,1.0,193451
2026-09-14,NYSE:BLX,55.275,54.49,54.91,54.58,1.0,130713
2026-09-15,NYSE:BLX,55.2199,53.955,54.8,54.12,1.0,141238
2026-09-16,NYSE:BLX,54.57,52.94,54.06,53.61,1.0,214315
2026-09-17,NYSE:BLX,54.595,53.733999999999995,54.22,54.45,1.0,166117
2026-09-18,NYSE:BLX,54.87,53.695,54.2,53.83,1.0,218402
2026-09-21,NYSE:BLX,55.04,53.79,54.12,54.76,1.0,263463
2026-09-22,NYSE:BLX,56.01,54.82,55.12,55.55,1.0,307430
2026-09-23,NYSE:BLX,55.79,55.0,55.43,55.25,1.0,149314
2026-09-24,NYSE:BLX,55.54,54.19,55.05,54.66,1.0,158864
2026-09-25,NYSE:BLX,54.97,54.47,54.8,54.74,1.0,84773
2026-09-28,NYSE:BLX,55.295,54.525,54.59,54.97,1.0,127319
2026-09-29,NYSE:BLX,55.6,54.67,55.0,55.51,1.0,177020
2026-09-30,NYSE:BLX,55.82,54.54,55.52,55.02,1.0,291668
2026-10-01,NYSE:BLX,55.21,54.195,55.0,55.21,1.0,229812
2026-10-02,NYSE:BLX,56.38,54.4,55.4,54.78,1.0,165048
2026-10-05,NYSE:BLX,55.53,53.7701,54.59,55.02,1.0,186984
2026-10-06,NYSE:BLX,55.72,54.87,55.32,55.6,1.0,98480
2026-09-08,NASDAQ:AXTI,70.59,62.31,64.48,69.56,1.0,13825166
2026-09-09,NASDAQ:AXTI,73.94,68.18,68.59,68.91,1.0,8577441
2026-09-10,NASDAQ:AXTI,69.32,64.55,65.9,64.7,1.0,7230947
2026-09-11,NASDAQ:AXTI,68.68,64.65,66.46,64.77,1.0,6523419
2026-09-14,NASDAQ:AXTI,62.65,56.9,59.68,57.06,1.0,10223946
2026-09-15,NASDAQ:AXTI,59.7893,57.178999999999995,57.92,57.7,1.0,4699712
2026-09-16,NASDAQ:AXTI,66.58,59.3,59.49,64.3,1.0,12071699
2026-09-17,NASDAQ:AXTI,68.67,65.17,67.905,67.75,1.0,7751806
2026-09-18,NASDAQ:AXTI,71.31,67.67,69.72,70.03,1.0,16819914
2026-09-21,NASDAQ:AXTI,81.4999,72.77,73.45,79.93,1.0,12591458
2026-09-22,NASDAQ:AXTI,79.39,74.9,76.635,77.79,1.0,7665593
2026-09-23,NASDAQ:AXTI,78.7552,72.91,78.41,72.98,1.0,5353833
2026-09-24,NASDAQ:AXTI,78.7,69.6001,70.815,75.9,1.0,7597009
2026-09-25,NASDAQ:AXTI,80.435,75.0,77.5,78.94,1.0,7429738
2026-09-28,NASDAQ:AXTI,78.18,71.56,76.525,73.67,1.0,7016077
2026-09-29,NASDAQ:AXTI,82.14,75.58,76.64,78.18,1.0,9165305
2026-09-30,NASDAQ:AXTI,83.9794,75.285,79.79,77.41,1.0,7158191
2026-10-01,NASDAQ:AXTI,83.3,77.25,78.095,81.81,1.0,9167388
2026-10-02,NASDAQ:AXTI,87.55,80.71,83.0,85.87,1.0,7348275
2026-10-05,NASDAQ:AXTI,87.94,83.47,86.995,86.66,1.0,4952311
2026-10-06,NASDAQ:AXTI,88.36,83.91,87.85,84.06,1.0,6127798
2026-09-08,NASDAQ:MAR,336.74,328.2392,332.08,328.79,1.0,2107672
2026-09-09,NASDAQ:MAR,332.25,320.91,326.33,331.52,1.0,2233878
2026-09-10,NASDAQ:MAR,334.12,328.595,330.5,329.07,1.0,1580404
2026-09-11,NASDAQ:MAR,336.8,330.45,334.28,334.69,1.0,1502443
2026-09-14,NASDAQ:MAR,341.3,332.04,333.235,340.46,1.0,1698100
2026-09-15,NASDAQ:MAR,342.305,335.44,339.51,337.24,1.0,1556937
2026-09-16,NASDAQ:MAR,339.4207,332.76,337.59,334.97,1.0,1228358
2026-09-17,NASDAQ:MAR,338.67,332.68,337.72,334.0,1.0,1000938
2026-09-18,NASDAQ:MAR,340.64,332.35,333.83,338.92,1.0,4249828
2026-09-21,NASDAQ:MAR,343.15,337.02,337.51,342.66,1.0,1166962
2026-09-22,NASDAQ:MAR,349.34,343.15,346.69,348.06,1.0,1796044
2026-09-23,NASDAQ:MAR,354.11,345.3701,346.3,351.66,1.0,1654631
2026-09-24,NASDAQ:MAR,354.63,349.67,351.2,351.51,1.0,1105808
2026-09-25,NASDAQ:MAR,353.295,347.6,351.85,352.03,1.0,1353137
2026-09-28,NASDAQ:MAR,359.63,349.68,351.95,358.57,1.0,1713336
2026-09-29,NASDAQ:MAR,364.085,355.17,362.35,361.62,1.0,1466722
2026-09-30,NASDAQ:MAR,363.69,355.67,363.69,355.67,1.0,1122365
2026-10-01,NASDAQ:MAR,357.79,352.29,357.79,354.79,1.0,1117812
2026-10-02,NASDAQ:MAR,360.6,356.36,359.32,358.96,1.0,1000891
2026-10-05,NASDAQ:MAR,358.96,354.6927,357.79,355.89,1.0,1369752
2026-09-08,NASDAQ:QFIN,9.04,8.77,8.97,8.84,1.0,2397741
2026-09-09,NASDAQ:QFIN,8.635,8.38,8.38,8.6,1.0,1936544
2026-09-10,NASDAQ:QFIN,8.65,8.41,8.45,8.47,1.0,1410252
2026-09-11,NASDAQ:QFIN,8.64,8.45,8.5,8.47,1.0,1150099
2026-09-14,NASDAQ:QFIN,8.595,8.45,8.45,8.47,1.0,869466
2026-09-15,NASDAQ:QFIN,8.42,8.01,8.37,8.05,1.0,2998166
2026-09-16,NASDAQ:QFIN,8.2469,8.0,8.05,8.18,1.0,1496368
2026-09-17,NASDAQ:QFIN,8.34,8.095,8.25,8.29,1.0,1028480
2026-09-18,NASDAQ:QFIN,8.3478,8.075,8.29,8.09,1.0,3423119
2026-09-21,NASDAQ:QFIN,8.12,7.86,8.12,7.93,1.0,1763907
2026-09-22,NASDAQ:QFIN,8.1,7.7,8.04,7.87,1.0,2269131
2026-09-23,NASDAQ:QFIN,7.84,7.6,7.8,7.61,1.0,1760986
2026-09-24,NASDAQ:QFIN,7.6177,7.44,7.58,7.48,1.0,3277286
2026-09-25,NASDAQ:QFIN,7.5183,7.28,7.44,7.3,1.0,1455834
2026-09-28,NASDAQ:QFIN,7.32,7.03,7.23,7.05,1.0,1578206
2026-09-29,NASDAQ:QFIN,7.02,6.725,7.02,6.76,1.0,2562812
2026-09-30,NASDAQ:QFIN,6.88,6.695,6.83,6.7,1.0,2048374
2026-10-01,NASDAQ:QFIN,6.715,6.41,6.69,6.465,1.0,2205923
2026-10-02,NASDAQ:QFIN,6.55,6.245,6.52,6.46,1.0,2649946
2026-10-05,NASDAQ:QFIN,6.88,6.495,6.52,6.555,1.0,3188927
2026-10-06,NASDAQ:QFIN,6.57,6.33,6.57,6.37,1.0,2244199
2026-09-08,NASDAQ:MYRG,293.36,286.8101,290.71,288.16,1.0,233996
2026-09-09,NASDAQ:MYRG,292.74,284.7675,286.19,286.84,1.0,192825
2026-09-10,NASDAQ:MYRG,286.91,279.26,283.28,284.47,1.0,257199
2026-09-11,NASDAQ:MYRG,295.2999,285.9081,286.08,291.26,1.0,167272
2026-09-14,NASDAQ:MYRG,280.98,270.94,280.75,271.75,1.0,291319
2026-09-15,NASDAQ:MYRG,276.65,268.3,275.43,271.29,1.0,238368
2026-09-16,NASDAQ:MYRG,278.02,271.81,275.2,275.37,1.0,176084
2026-09-17,NASDAQ:MYRG,288.615,270.98,283.99,276.76,1.0,269470
2026-09-18,NASDAQ:MYRG,282.945,274.93,280.81,279.28,1.0,506321
2026-09-21,NASDAQ:MYRG,288.9356,276.085,282.74,288.45,1.0,288976
2026-09-22,NASDAQ:MYRG,291.37,286.11,290.0,289.05,1.0,235527
2026-09-23,NASDAQ:MYRG,298.33,286.49,288.61,295.18,1.0,323834
2026-09-24,NASDAQ:MYRG,297.29400000000004,286.9,290.31,295.18,1.0,211115
2026-09-25,NASDAQ:MYRG,298.945,285.0,296.68,292.58,1.0,230389
2026-09-28,NASDAQ:MYRG,295.0,283.28,290.84,285.93,1.0,222836
2026-09-29,NASDAQ:MYRG,293.565,283.32,288.79,288.31,1.0,234766
2026-09-30,NASDAQ:MYRG,295.96,284.505,291.05,292.46,1.0,329772
2026-10-01,NASDAQ:MYRG,299.8325,286.9,291.98,297.92,1.0,151139
2026-10-02,NASDAQ:MYRG,309.79,302.48,303.11,304.77,1.0,180847
2026-10-05,NASDAQ:MYRG,307.77,298.88,304.29,302.65,1.0,190034
2026-10-06,NASDAQ:MYRG,329.64,314.49,314.51,324.51,1.0,280002
2026-09-08,NASDAQ:CLFD,29.35,28.51,28.99,28.9,1.0,115961
2026-09-09,NASDAQ:CLFD,29.215,28.11,28.74,28.2,1.0,148612
2026-09-10,NASDAQ:CLFD,28.81,27.76,27.76,28.28,1.0,155425
2026-09-11,NASDAQ:CLFD,30.24,29.125,29.32,30.02,1.0,179994
2026-09-14,NASDAQ:CLFD,29.325,28.3,29.24,28.73,1.0,141585
2026-09-15,NASDAQ:CLFD,29.27,28.69,28.96,29.19,1.0,93817
2026-09-16,NASDAQ:CLFD,30.275,28.9601,29.25,30.09,1.0,173458
2026-09-17,NASDAQ:CLFD,31.2,30.6,30.72,30.64,1.0,193543
2026-09-18,NASDAQ:CLFD,30.78,29.72,30.78,30.16,1.0,342169
2026-09-21,NASDAQ:CLFD,31.3273,30.38,30.61,30.88,1.0,77617
2026-09-22,NASDAQ:CLFD,32.13,30.61,31.14,31.83,1.0,176586
2026-09-23,NASDAQ:CLFD,31.79,30.75,31.6,31.07,1.0,60573
2026-09-24,NASDAQ:CLFD,31.005,30.13,30.93,30.53,1.0,134540
2026-09-25,NASDAQ:CLFD,31.67,30.41,30.73,31.07,1.0,67917
2026-09-28,NASDAQ:CLFD,30.96,30.325,30.96,30.66,1.0,78161
2026-09-29,NASDAQ:CLFD,31.03,30.425,30.82,30.46,1.0,151501
2026-09-30,NASDAQ:CLFD,31.385,30.57,30.57,31.14,1.0,115336
2026-10-01,NASDAQ:CLFD,32.51,30.818,31.17,32.17,1.0,153986
2026-10-02,NASDAQ:CLFD,33.9,32.485,32.89,33.48,1.0,132084
2026-10-05,NASDAQ:CLFD,33.49,32.68,33.31,33.16,1.0,136179
2026-10-06,NASDAQ:CLFD,33.8,33.1265,33.34,33.74,1.0,76533
2026-09-08,NYSE:VVX,76.18,73.57,74.83,74.5,1.0,813761
2026-09-09,NYSE:VVX,75.97,71.85,74.74,71.91,1.0,599296
2026-09-10,NYSE:VVX,74.52,71.06,72.99,72.56,1.0,703418
2026-09-11,NYSE:VVX,73.71,71.14,72.83,72.22,1.0,615753
2026-09-14,NYSE:VVX,74.3475,72.1495,72.95,72.96,1.0,642062
2026-09-15,NYSE:VVX,75.42,72.09,73.21,75.17,1.0,687438
2026-09-16,NYSE:VVX,76.32,73.87,75.34,75.31,1.0,644552
2026-09-17,NYSE:VVX,78.31,75.0,75.0,76.43,1.0,672111
2026-09-18,NYSE:VVX,78.29,75.6812,76.105,76.84,1.0,3934732
2026-09-21,NYSE:VVX,79.13,76.425,76.64,77.27,1.0,547781
2026-09-22,NYSE:VVX,77.7,72.78,77.69,72.95,1.0,710669
2026-09-23,NYSE:VVX,74.98,72.695,73.25,74.94,1.0,531373
2026-09-24,NYSE:VVX,77.3,74.0,74.86,76.19,1.0,381882
2026-09-25,NYSE:VVX,76.715,75.03,75.98,75.65,1.0,342460
2026-09-28,NYSE:VVX,75.5299,73.4,75.47,73.71,1.0,369826
2026-09-29,NYSE:VVX,74.31,72.0,73.63,72.8,1.0,471617
2026-09-30,NYSE:VVX,73.65,70.6,72.71,70.77,1.0,539353
2026-10-01,NYSE:VVX,72.47,70.63,70.8,70.71,1.0,588059
2026-10-02,NYSE:VVX,71.74,69.14,71.37,70.79,1.0,456508
2026-10-05,NYSE:VVX,72.05,69.56,70.92,70.87,1.0,402537
2026-10-06,NYSE:VVX,71.83,68.62,71.07,70.96,1.0,390267
2026-09-08,NASDAQ:CYCU,3.5780000000000003,3.3,3.49,3.51,1.0,167194
2026-09-09,NASDAQ:CYCU,3.64,3.34,3.59,3.46,1.0,239313
2026-09-10,NASDAQ:CYCU,3.61,3.25,3.39,3.5,1.0,125649
2026-09-11,NASDAQ:CYCU,3.6,3.31,3.48,3.33,1.0,145579
2026-09-14,NASDAQ:CYCU,3.465415,3.3,3.3,3.36,1.0,69697
2026-09-15,NASDAQ:CYCU,3.62,3.25,3.51,3.42,1.0,275215
2026-09-16,NASDAQ:CYCU,3.3976,3.0801,3.37,3.17,1.0,257062
2026-09-17,NASDAQ:CYCU,3.6,3.18,3.28,3.42,1.0,365361
2026-09-18,NASDAQ:CYCU,3.41,3.25,3.34,3.31,1.0,103041
2026-09-21,NASDAQ:CYCU,3.4124,3.27,3.33,3.32,1.0,84712
2026-09-22,NASDAQ:CYCU,3.4386,3.21,3.3,3.23,1.0,93041
2026-09-23,NASDAQ:CYCU,3.2787,3.003,3.23,3.01,1.0,144693
2026-09-24,NASDAQ:CYCU,3.3,2.84,3.3,2.86,1.0,277620
2026-09-25,NASDAQ:CYCU,2.93,2.79,2.85,2.81,1.0,93055
2026-09-28,NASDAQ:CYCU,2.95,2.75,2.84,2.77,1.0,139173
2026-09-29,NASDAQ:CYCU,2.775,2.575,2.76,2.65,1.0,137039
2026-09-30,NASDAQ:CYCU,2.97,2.62,2.62,2.68,1.0,292197
2026-10-01,NASDAQ:CYCU,2.74,2.64,2.74,2.69,1.0,100434
2026-10-02,NASDAQ:CYCU,4.95,2.6401,2.98,3.82,1.0,49204591
2026-10-05,NASDAQ:CYCU,3.88,3.52,3.6,3.68,1.0,1353624
2026-10-06,NASDAQ:CYCU,4.1,3.27,3.84,3.27,1.0,1315092
2026-09-08,NASDAQ:BELFA,210.42,203.475,203.98,205.91,1.0,71290
2026-09-09,NASDAQ:BELFA,209.98,202.2201,204.94,204.1,1.0,114711
2026-09-10,NASDAQ:BELFA,204.95,197.84,197.84,202.11,1.0,62124
2026-09-11,NASDAQ:BELFA,210.05,204.37,204.55,208.72,1.0,43020
2026-09-14,NASDAQ:BELFA,202.0,188.55,202.0,189.34,1.0,46747
2026-09-15,NASDAQ:BELFA,193.09,188.01,193.09,190.92,1.0,55484
2026-09-16,NASDAQ:BELFA,195.94,188.6,192.91,192.44,1.0,102490
2026-09-17,NASDAQ:BELFA,200.7,192.7,199.785,194.82,1.0,109545
2026-09-18,NASDAQ:BELFA,199.25,193.53,196.76,198.83,1.0,78236
2026-09-21,NASDAQ:BELFA,201.31,196.525,201.31,197.66,1.0,72390
2026-09-22,NASDAQ:BELFA,203.23,196.28,197.62,203.21,1.0,71876
2026-09-23,NASDAQ:BELFA,207.09,200.09,203.05,204.16,1.0,64691
2026-09-24,NASDAQ:BELFA,204.36,198.0,201.01,203.15,1.0,56792
2026-09-25,NASDAQ:BELFA,209.25,202.95,207.0,203.1,1.0,65337
2026-09-28,NASDAQ:BELFA,204.3,195.75,203.1,200.5,1.0,130858
2026-09-29,NASDAQ:BELFA,203.12,194.4,200.81,198.34,1.0,96284
2026-09-30,NASDAQ:BELFA,199.32,194.25,199.32,197.73,1.0,59024
2026-10-01,NASDAQ:BELFA,206.0,195.44,197.43,203.75,1.0,66901
2026-10-02,NASDAQ:BELFA,211.58,205.625,206.5,209.31,1.0,49582
2026-10-05,NASDAQ:BELFA,209.61,206.5,209.61,208.71,1.0,50155
2026-10-06,NASDAQ:BELFA,212.735,208.97,210.3,209.58,1.0,46016
2026-09-08,NYSE:CAH,245.83,239.425,243.9,240.49,1.0,1596749
2026-09-09,NYSE:CAH,241.64,238.405,239.02,240.0,1.0,1029091
2026-09-10,NYSE:CAH,242.12,235.67,241.27,236.02,1.0,1216480
2026-09-11,NYSE:CAH,239.43,232.6,238.77,234.57,1.0,1111693
2026-09-14,NYSE:CAH,237.565,232.6,236.76,234.89,1.0,2165472
2026-09-15,NYSE:CAH,234.83,230.34,233.89,232.65,1.0,1796366
2026-09-16,NYSE:CAH,234.9,232.09,233.07,232.54,1.0,1220657
2026-09-17,NYSE:CAH,232.71,226.02,232.71,226.34,1.0,2260544
2026-09-18,NYSE:CAH,226.1197,221.6974,225.29,225.38,1.0,4143251
2026-09-21,NYSE:CAH,227.58,223.54,225.28,225.75,1.0,1189139
2026-09-22,NYSE:CAH,228.44,221.21,227.17,222.04,1.0,2776268
2026-09-23,NYSE:CAH,225.64,220.94,221.79,221.27,1.0,1215982
2026-09-24,NYSE:CAH,225.37,221.95,222.08,222.62,1.0,3480950
2026-09-25,NYSE:CAH,223.02,219.1,222.0,220.22,1.0,2092887
2026-09-28,NYSE:CAH,221.97,218.9,219.37,220.29,1.0,2392864
2026-09-29,NYSE:CAH,224.01,216.7,218.54,223.91,1.0,973624
2026-09-30,NYSE:CAH,226.485,222.07,223.66,222.5,1.0,1944992
2026-10-01,NYSE:CAH,235.95,227.3993,227.55,230.09,1.0,1913283
2026-10-02,NYSE:CAH,231.1,224.45,229.54,228.3,1.0,1860046
2026-10-05,NYSE:CAH,234.18,228.59,229.11,233.12,1.0,1721815
2026-10-06,NYSE:CAH,235.19,231.65,234.18,233.54,1.0,1149623
2026-09-08,NYSE:CW,579.27,566.31,566.95,572.71,1.0,443154
2026-09-09,NYSE:CW,570.92,562.095,568.33,565.34,1.0,354317
2026-09-10,NYSE:CW,567.72,555.0,560.0,559.74,1.0,315139
2026-09-11,NYSE:CW,570.995,557.12,568.52,558.9,1.0,292612
2026-09-14,NYSE:CW,558.08,543.39,551.3,551.21,1.0,327803
2026-09-15,NYSE:CW,567.475,550.75,559.69,562.85,1.0,459353
2026-09-16,NYSE:CW,575.31,562.04,567.75,570.04,1.0,537755
2026-09-17,NYSE:CW,584.965,565.7,579.0,567.45,1.0,343576
2026-09-18,NYSE:CW,572.51,560.24,568.21,568.27,1.0,923951
2026-09-21,NYSE:CW,573.51,565.0,570.44,568.02,1.0,363533
2026-09-22,NYSE:CW,565.02,544.48,565.02,550.27,1.0,883955
2026-09-23,NYSE:CW,555.6399,542.21,547.54,545.15,1.0,538372
2026-09-24,NYSE:CW,548.62,535.0,540.38,544.21,1.0,414883
2026-09-25,NYSE:CW,544.93,537.08,544.78,539.73,1.0,260420
2026-09-28,NYSE:CW,537.555,529.255,535.93,532.36,1.0,414132
2026-09-29,NYSE:CW,545.2699,529.685,532.65,533.85,1.0,460059
2026-09-30,NYSE:CW,549.4,526.01,535.38,543.82,1.0,476405
2026-10-01,NYSE:CW,546.01,533.66,541.87,544.94,1.0,400466
2026-10-02,NYSE:CW,551.395,541.91,550.32,545.64,1.0,338190
2026-10-05,NYSE:CW,548.975,537.96,545.0,540.79,1.0,379215
2026-09-08,NYSE:ARES,141.32,137.0,139.38,138.62,1.0,1836013
2026-09-09,NYSE:ARES,138.25,133.57,138.22,134.37,1.0,2301945
2026-09-10,NYSE:ARES,133.9,130.21,133.17,130.63,1.0,2679994
2026-09-11,NYSE:ARES,134.16,130.2,132.94,131.64,1.0,1354377
2026-09-14,NYSE:ARES,132.9299,129.9,130.59,131.52,1.0,1740310
2026-09-15,NYSE:ARES,131.7523,128.09,131.52,129.1,1.0,1352390
2026-09-16,NYSE:ARES,128.61,121.29,127.96,124.21,1.0,1803165
2026-09-17,NYSE:ARES,128.55,124.735,125.92,125.32,1.0,1551521
2026-09-18,NYSE:ARES,125.96,122.86,124.58,123.8,1.0,7913549
2026-09-21,NYSE:ARES,127.95,125.05,126.43,126.67,1.0,1615791
2026-09-22,NYSE:ARES,130.65,124.2,130.65,124.72,1.0,2369959
2026-09-23,NYSE:ARES,123.955,121.21,123.37,121.48,1.0,1637646
2026-09-24,NYSE:ARES,121.35,116.3,121.3,120.11,1.0,3150312
2026-09-25,NYSE:ARES,124.0223,119.65,120.14,122.01,1.0,1575614
2026-09-28,NYSE:ARES,120.69,117.47,120.69,118.34,1.0,2455397
2026-09-29,NYSE:ARES,119.58,117.61,118.3,118.97,1.0,2167880
2026-09-30,NYSE:ARES,119.5199,115.41,118.97,116.17,1.0,2079652
2026-10-01,NYSE:ARES,119.18,113.06,116.51,116.57,1.0,2330020
2026-10-02,NYSE:ARES,120.495,116.725,118.44,117.55,1.0,2594028
2026-10-05,NYSE:ARES,118.38,115.33,117.62,117.13,1.0,1688662
2026-10-06,NYSE:ARES,119.13,116.94,117.63,117.72,1.0,1972231
2026-09-08,NYSE:ARMK,58.32,57.2,57.24,57.58,1.0,2196655
2026-09-09,NYSE:ARMK,57.7,56.54,56.65,56.91,1.0,2088128
2026-09-10,NYSE:ARMK,57.13,56.525,56.93,56.76,1.0,2320750
2026-09-11,NYSE:ARMK,59.09,57.31,57.31,58.55,1.0,2854097
2026-09-14,NYSE:ARMK,58.74,56.86,58.14,58.53,1.0,3162296
2026-09-15,NYSE:ARMK,60.15,58.0,58.67,58.28,1.0,3417750
2026-09-16,NYSE:ARMK,58.79,57.43,58.41,57.61,1.0,2282394
2026-09-17,NYSE:ARMK,58.26,56.8,58.01,56.89,1.0,1900104
2026-09-18,NYSE:ARMK,57.11,55.98,56.8,56.45,1.0,3534934
2026-09-21,NYSE:ARMK,56.91,56.14,56.54,56.48,1.0,2236647
2026-09-22,NYSE:ARMK,57.07,56.17,56.9,56.59,1.0,2032985
2026-09-23,NYSE:ARMK,56.655,55.36,56.42,55.77,1.0,2255066
2026-09-24,NYSE:ARMK,55.91,54.04,55.63,54.32,1.0,2748926
2026-09-25,NYSE:ARMK,55.035,54.01,54.32,54.92,1.0,1230296
2026-09-28,NYSE:ARMK,55.03,54.19,55.03,54.26,1.0,1878807
2026-09-29,NYSE:ARMK,54.5,53.76,54.09,54.45,1.0,1711397
2026-09-30,NYSE:ARMK,54.53,53.55,54.52,53.55,1.0,2084596
2026-10-01,NYSE:ARMK,54.78,53.25,53.58,54.59,1.0,2737425
2026-10-02,NYSE:ARMK,56.01,54.93,55.07,55.55,1.0,1983698
2026-10-05,NYSE:ARMK,55.755,54.85,55.68,55.23,1.0,1552516
2026-10-06,NYSE:ARMK,55.945,55.2234,55.33,55.46,1.0,1776792
2026-09-08,NYSE:OGE,47.9,46.92,46.92,47.39,1.0,2229299
2026-09-09,NYSE:OGE,47.6,46.51,47.32,46.92,1.0,1380071
2026-09-10,NYSE:OGE,47.25,46.46,47.11,46.59,1.0,1199584
2026-09-11,NYSE:OGE,47.04,46.37,47.04,46.55,1.0,1610110
2026-09-14,NYSE:OGE,47.06,46.07,46.8,46.23,1.0,1725069
2026-09-15,NYSE:OGE,46.39,45.55,46.35,45.71,1.0,1610666
2026-09-16,NYSE:OGE,46.33,45.77,46.06,46.01,1.0,1456711
2026-09-17,NYSE:OGE,46.36,45.96,46.27,46.3,1.0,1099099
2026-09-18,NYSE:OGE,46.1,45.425,46.03,45.51,1.0,2385194
2026-09-21,NYSE:OGE,45.78,45.05,45.62,45.05,1.0,1487229
2026-09-22,NYSE:OGE,45.43,44.85,45.0,45.11,1.0,1652530
2026-09-23,NYSE:OGE,45.065,44.48,44.97,44.71,1.0,1856839
2026-09-24,NYSE:OGE,44.96,44.28,44.77,44.28,1.0,2048536
2026-09-25,NYSE:OGE,44.96,44.24,44.34,44.81,1.0,2274986
2026-09-28,NYSE:OGE,45.015,44.31,44.73,44.68,1.0,2185068
2026-09-29,NYSE:OGE,45.49,44.46,44.59,45.38,1.0,2246784
2026-09-30,NYSE:OGE,45.86,45.38,45.67,45.42,1.0,2170308
2026-10-01,NYSE:OGE,45.92,44.91,45.42,45.67,1.0,2089064
2026-10-02,NYSE:OGE,46.38,45.01,45.99,45.34,1.0,3934392
2026-10-05,NYSE:OGE,45.375,44.39,44.9,44.97,1.0,2842391
2026-10-06,NYSE:OGE,45.855,45.041000000000004,45.23,45.84,1.0,2086289
2026-09-08,NYSE:BCC,78.85,76.75,78.79,76.86,1.0,227344
2026-09-09,NYSE:BCC,76.99,75.655,76.42,75.93,1.0,186304
2026-09-10,NYSE:BCC,75.445,73.85,75.3,75.05,1.0,226800
2026-09-11,NYSE:BCC,76.3875,74.86,76.26,75.44,1.0,239003
2026-09-14,NYSE:BCC,76.025,74.32,74.32,75.25,1.0,267929
2026-09-15,NYSE:BCC,76.31,74.5,75.47,75.93,1.0,626950
2026-09-16,NYSE:BCC,76.86,74.71,76.28,75.31,1.0,340754
2026-09-17,NYSE:BCC,77.03,74.74,76.93,75.53,1.0,313313
2026-09-18,NYSE:BCC,75.87,74.27,75.05,75.69,1.0,916511
2026-09-21,NYSE:BCC,76.445,74.74,76.1,75.66,1.0,330518
2026-09-22,NYSE:BCC,79.21,76.8325,77.26,79.0,1.0,327452
2026-09-23,NYSE:BCC,79.305,77.735,78.07,77.76,1.0,197976
2026-09-24,NYSE:BCC,77.8,74.9827,77.22,76.1,1.0,269918
2026-09-25,NYSE:BCC,77.835,75.36,76.01,77.14,1.0,378115
2026-09-28,NYSE:BCC,77.82,75.0,76.35,76.59,1.0,467554
2026-09-29,NYSE:BCC,76.71,75.06,76.62,75.97,1.0,489557
2026-09-30,NYSE:BCC,76.2,74.11,76.2,74.15,1.0,421356
2026-10-01,NYSE:BCC,75.15,72.8,74.08,74.7,1.0,394011
2026-10-02,NYSE:BCC,76.71,73.9,76.55,74.99,1.0,308552
2026-10-05,NYSE:BCC,76.15,73.725,74.59,74.84,1.0,281876
2026-10-06,NYSE:BCC,76.05,74.94,75.36,75.47,1.0,236460
2026-09-08,NASDAQ:HTO,65.1499,64.01,64.3,64.81,1.0,333403
2026-09-09,NASDAQ:HTO,64.99,63.72,64.75,64.29,1.0,321494
2026-09-10,NASDAQ:HTO,64.74,62.91,64.62,63.03,1.0,479365
2026-09-11,NASDAQ:HTO,63.845,62.08,63.63,62.66,1.0,428890
2026-09-14,NASDAQ:HTO,63.5379,62.01,63.27,62.38,1.0,358291
2026-09-15,NASDAQ:HTO,62.9,61.86,62.38,62.47,1.0,405346
2026-09-16,NASDAQ:HTO,63.46,62.47,62.47,63.14,1.0,323979
2026-09-17,NASDAQ:HTO,63.41,62.59,63.0,63.08,1.0,301996
2026-09-18,NASDAQ:HTO,62.99,61.625,62.7,62.67,1.0,1668521
2026-09-21,NASDAQ:HTO,63.2499,62.41,62.59,62.61,1.0,424077
2026-09-22,NASDAQ:HTO,63.42,62.05,62.61,62.92,1.0,462583
2026-09-23,NASDAQ:HTO,63.28,61.62,62.87,62.2,1.0,484316
2026-09-24,NASDAQ:HTO,62.83,62.07,62.52,62.18,1.0,356488
2026-09-25,NASDAQ:HTO,62.33,61.408,62.02,62.27,1.0,433053
2026-09-28,NASDAQ:HTO,62.32,60.92,62.0,61.37,1.0,300815
2026-09-29,NASDAQ:HTO,61.7,60.5,60.96,61.65,1.0,374009
2026-09-30,NASDAQ:HTO,62.19,60.73,61.95,61.63,1.0,630523
2026-10-01,NASDAQ:HTO,61.22,59.7,61.22,60.2,1.0,577592
2026-10-02,NASDAQ:HTO,61.19,60.03,60.09,60.13,1.0,472010
2026-10-05,NASDAQ:HTO,60.05,58.16,60.01,58.44,1.0,723393
2026-10-06,NASDAQ:HTO,58.98,57.91,58.83,58.18,1.0,501248
2026-09-08,NYSE:BEP,32.63,31.3606,31.46,32.13,1.0,1144517
2026-09-09,NYSE:BEP,32.24,31.2,32.06,31.2,1.0,1488173
2026-09-10,NYSE:BEP,31.08,30.5,30.91,30.51,1.0,1844024
2026-09-11,NYSE:BEP,30.83,30.125,30.825,30.39,1.0,1131590
2026-09-14,NYSE:BEP,30.09,29.26,30.0,29.43,1.0,1696148
2026-09-15,NYSE:BEP,29.67,28.775,29.56,28.81,1.0,731227
2026-09-16,NYSE:BEP,29.345,28.77,29.09,29.09,1.0,1251034
2026-09-17,NYSE:BEP,29.82,29.31,29.38,29.66,1.0,512331
2026-09-18,NYSE:BEP,30.34,29.17,29.81,29.83,1.0,2075613
2026-09-21,NYSE:BEP,30.1,29.58,30.0,29.72,1.0,1295203
2026-09-22,NYSE:BEP,30.2,29.63,29.67,29.78,1.0,982548
2026-09-23,NYSE:BEP,29.78,29.05,29.69,29.08,1.0,882842
2026-09-24,NYSE:BEP,29.151999999999997,27.96,29.0,28.27,1.0,1318628
2026-09-25,NYSE:BEP,28.7201,28.24,28.24,28.35,1.0,716378
2026-09-28,NYSE:BEP,28.3,27.495,28.04,27.87,1.0,712157
2026-09-29,NYSE:BEP,28.02,27.45,27.76,28.0,1.0,796941
2026-09-30,NYSE:BEP,28.39,27.79,28.15,28.14,1.0,1074470
2026-10-01,NYSE:BEP,28.71,27.985,28.06,28.42,1.0,1530171
2026-10-02,NYSE:BEP,29.045,28.26,28.75,28.35,1.0,981970
2026-10-05,NYSE:BEP,28.49,28.01,28.44,28.22,1.0,948201
2026-10-06,NYSE:BEP,29.44,28.34,28.44,29.42,1.0,1668251
2026-09-08,NASDAQ:CASY,767.98,730.3,754.665,733.49,1.0,938704
2026-09-09,NASDAQ:CASY,634.0694,595.02,627.475,629.03,1.0,2584878
2026-09-10,NASDAQ:CASY,656.5,627.59,632.0,627.64,1.0,1120657
2026-09-11,NASDAQ:CASY,628.48,606.47,628.48,615.47,1.0,624353
2026-09-14,NASDAQ:CASY,628.0908,612.18,615.35,621.61,1.0,622961
2026-09-15,NASDAQ:CASY,619.79,586.42,617.59,587.14,1.0,823848
2026-09-16,NASDAQ:CASY,601.67,586.25,590.0,589.0,1.0,729923
2026-09-17,NASDAQ:CASY,612.3,588.03,591.04,607.45,1.0,623778
2026-09-18,NASDAQ:CASY,609.1,596.83,608.155,597.48,1.0,1085088
2026-09-21,NASDAQ:CASY,597.9307,584.16,591.0,585.34,1.0,647016
2026-09-22,NASDAQ:CASY,588.0,576.105,585.34,584.83,1.0,757003
2026-09-23,NASDAQ:CASY,609.245,575.1,584.81,597.31,1.0,1023445
2026-09-24,NASDAQ:CASY,603.9999,594.61,601.95,598.85,1.0,612069
2026-09-25,NASDAQ:CASY,600.13,589.56,598.45,598.46,1.0,509515
2026-09-28,NASDAQ:CASY,615.95,596.515,601.23,606.24,1.0,875579
2026-09-29,NASDAQ:CASY,607.54,595.825,606.24,599.9,1.0,441819
2026-09-30,NASDAQ:CASY,613.16,599.07,602.87,608.46,1.0,608491
2026-10-01,NASDAQ:CASY,621.9999,600.9975,609.68,619.5,1.0,690972
2026-10-02,NASDAQ:CASY,626.16,609.37,622.01,617.76,1.0,608766
2026-10-05,NASDAQ:CASY,619.045,600.31,617.37,617.33,1.0,606643
2026-10-06,NASDAQ:CASY,633.37,612.83,620.04,620.8,1.0,643651
2026-09-08,NASDAQ:CSCO,109.64,108.475,109.37,109.17,1.0,14687455
2026-09-09,NASDAQ:CSCO,110.43,108.98,109.275,109.43,1.0,10837245
2026-09-10,NASDAQ:CSCO,109.89,107.36,108.74,107.44,1.0,11546269
2026-09-11,NASDAQ:CSCO,112.215,108.36,108.89,112.13,1.0,14161150
2026-09-14,NASDAQ:CSCO,111.74,109.39,109.97,110.06,1.0,12547117
2026-09-15,NASDAQ:CSCO,111.69,109.62,110.915,110.07,1.0,15609253
2026-09-16,NASDAQ:CSCO,110.99,107.55,110.66,107.74,1.0,15563778
2026-09-17,NASDAQ:CSCO,111.44,109.32,109.72,110.24,1.0,16160055
2026-09-18,NASDAQ:CSCO,110.8068,108.09,110.35,109.51,1.0,41295921
2026-09-21,NASDAQ:CSCO,111.5,108.83,109.81,111.46,1.0,21567235
2026-09-22,NASDAQ:CSCO,110.43,104.51,110.275,106.44,1.0,32892687
2026-09-23,NASDAQ:CSCO,106.88,105.91,106.22,106.43,1.0,17637884
2026-09-24,NASDAQ:CSCO,107.06,105.06,105.65,106.97,1.0,32362194
2026-09-25,NASDAQ:CSCO,108.64,106.53,106.99,106.7,1.0,19951981
2026-09-28,NASDAQ:CSCO,107.68,105.98,106.52,106.74,1.0,19361338
2026-09-29,NASDAQ:CSCO,107.4,106.06,107.265,106.94,1.0,11743555
2026-09-30,NASDAQ:CSCO,108.67,107.02,107.03,107.63,1.0,17007372
2026-10-01,NASDAQ:CSCO,109.075,106.92,108.04,108.76,1.0,12758055
2026-10-02,NASDAQ:CSCO,112.23,109.0,109.83,112.2,1.0,17498115
2026-10-05,NASDAQ:CSCO,113.19,111.535,111.975,112.82,1.0,18548136
2026-10-06,NASDAQ:CSCO,118.4,113.31,113.53,117.94,1.0,20939455
2026-09-08,NYSE:CCI,77.6,74.98,75.31,75.97,1.0,3154545
2026-09-09,NYSE:CCI,76.19,74.865,75.83,75.18,1.0,2210410
2026-09-10,NYSE:CCI,75.62,73.4,74.99,73.87,1.0,3229580
2026-09-11,NYSE:CCI,75.92,74.2,74.57,75.62,1.0,2733397
2026-09-14,NYSE:CCI,75.415,73.11,74.99,74.17,1.0,3085876
2026-09-15,NYSE:CCI,73.83,71.36,71.82,73.25,1.0,6285039
2026-09-16,NYSE:CCI,74.85,72.92,73.25,73.22,1.0,4237815
2026-09-17,NYSE:CCI,74.105,72.795,73.87,73.74,1.0,3720761
2026-09-18,NYSE:CCI,73.94,72.47,73.49,73.06,1.0,7111359
2026-09-21,NYSE:CCI,73.84,72.84,73.34,73.22,1.0,3142304
2026-09-22,NYSE:CCI,74.11,72.22,73.29,72.37,1.0,3143457
2026-09-23,NYSE:CCI,72.47,70.08,71.85,70.23,1.0,2907442
2026-09-24,NYSE:CCI,70.4,67.54,70.23,67.63,1.0,4596098
2026-09-25,NYSE:CCI,68.09,66.83,67.63,67.84,1.0,3202788
2026-09-28,NYSE:CCI,67.82,66.17,67.68,67.1,1.0,3164920
2026-09-29,NYSE:CCI,67.67,66.35,67.0,67.07,1.0,3631587
2026-09-30,NYSE:CCI,67.995,66.13,67.5,66.65,1.0,3866845
2026-10-01,NYSE:CCI,67.01,65.68,66.87,66.12,1.0,3549443
2026-10-02,NYSE:CCI,68.175,65.83,66.29,66.44,1.0,2960729
2026-10-05,NYSE:CCI,67.6221,65.32,66.23,67.58,1.0,3258029
2026-10-06,NYSE:CCI,68.7,67.535,67.9,68.29,1.0,2757670
2026-09-08,NASDAQ:PLAY,8.9,8.64,8.8,8.84,1.0,1404498
2026-09-09,NASDAQ:PLAY,8.83,8.045,8.79,8.19,1.0,2064615
2026-09-10,NASDAQ:PLAY,8.35,7.94,8.07,8.17,1.0,1793299
2026-09-11,NASDAQ:PLAY,8.41,8.04,8.3,8.14,1.0,1461944
2026-09-14,NASDAQ:PLAY,8.51,8.084,8.11,8.47,1.0,8285975
2026-09-15,NASDAQ:PLAY,8.35,6.75,7.55,6.86,1.0,16591345
2026-09-16,NASDAQ:PLAY,7.14,6.45,6.86,6.86,1.0,6554890
2026-09-17,NASDAQ:PLAY,7.06,6.5,6.96,6.54,1.0,3536385
2026-09-18,NASDAQ:PLAY,6.84,6.5789,6.64,6.73,1.0,3126601
2026-09-21,NASDAQ:PLAY,6.82,6.57,6.68,6.79,1.0,2482722
2026-09-22,NASDAQ:PLAY,7.23,6.8801,6.9,7.12,1.0,3002126
2026-09-23,NASDAQ:PLAY,7.13,6.745,7.02,6.81,1.0,1885499
2026-09-24,NASDAQ:PLAY,6.8553,6.54,6.72,6.62,1.0,2522133
2026-09-25,NASDAQ:PLAY,6.7170000000000005,6.455,6.59,6.62,1.0,1857191
2026-09-28,NASDAQ:PLAY,6.64,6.38,6.59,6.41,1.0,2283387
2026-09-29,NASDAQ:PLAY,6.76,6.43,6.54,6.49,1.0,1395376
2026-09-30,NASDAQ:PLAY,6.59,6.37,6.59,6.38,1.0,1782911
2026-10-01,NASDAQ:PLAY,6.525,6.26,6.38,6.43,1.0,1475402
2026-10-02,NASDAQ:PLAY,6.79,6.265,6.55,6.75,1.0,2080923
2026-10-05,NASDAQ:PLAY,6.95,6.36,6.85,6.76,1.0,2604407
2026-10-06,NASDAQ:PLAY,7.095,6.8001,6.85,6.86,1.0,2043316
2026-09-08,NYSE:ARW,218.0,214.615,217.9,217.41,1.0,774819
2026-09-09,NYSE:ARW,217.99,213.93,216.19,214.73,1.0,410931
2026-09-10,NYSE:ARW,216.33,212.55,213.53,213.44,1.0,903584
2026-09-11,NYSE:ARW,230.44,216.6,216.6,228.2,1.0,794421
2026-09-14,NYSE:ARW,221.2,211.8045,220.71,213.85,1.0,764819
2026-09-15,NYSE:ARW,219.97,212.38,217.06,212.83,1.0,554038
2026-09-16,NYSE:ARW,216.95,207.8755,216.95,211.7,1.0,461331
2026-09-17,NYSE:ARW,217.71,214.49,215.16,215.02,1.0,391344
2026-09-18,NYSE:ARW,220.0,213.7801,215.93,219.31,1.0,1088895
2026-09-21,NYSE:ARW,223.87,217.11,222.84,219.1,1.0,409387
2026-09-22,NYSE:ARW,223.42,218.63,219.0,221.83,1.0,384007
2026-09-23,NYSE:ARW,230.12,219.73,221.0,226.82,1.0,429149
2026-09-24,NYSE:ARW,228.305,221.2,223.0,227.33,1.0,444154
2026-09-25,NYSE:ARW,233.94,228.83,229.43,232.8,1.0,330424
2026-09-28,NYSE:ARW,233.06599999999997,227.63,231.83,230.46,1.0,349310
2026-09-29,NYSE:ARW,233.065,226.9075,232.22,230.23,1.0,542489
2026-09-30,NYSE:ARW,232.51,226.0,229.59,227.0,1.0,525071
2026-10-01,NYSE:ARW,232.95,225.296,226.56,231.63,1.0,471854
2026-10-02,NYSE:ARW,247.245,234.55,234.98,242.01,1.0,1131358
2026-10-05,NYSE:ARW,249.43,240.09,249.43,240.22,1.0,772788
2026-10-06,NYSE:ARW,241.765,239.02,240.04,240.43,1.0,568094
2026-09-08,NASDAQ:TROW,110.24,108.5416,109.53,109.42,1.0,1364253
2026-09-09,NASDAQ:TROW,109.62,107.67,109.46,107.74,1.0,1218960
2026-09-10,NASDAQ:TROW,108.147,106.75,107.65,107.55,1.0,1102707
2026-09-11,NASDAQ:TROW,108.77,105.605,108.5,106.29,1.0,1520454
2026-09-14,NASDAQ:TROW,106.985,105.1041,106.425,105.8,1.0,1937351
2026-09-15,NASDAQ:TROW,105.14,103.5866,104.7,104.23,1.0,2181887
2026-09-16,NASDAQ:TROW,104.605,101.45,104.37,102.4,1.0,1531173
2026-09-17,NASDAQ:TROW,103.75,102.6207,103.75,102.84,1.0,1608636
2026-09-18,NASDAQ:TROW,104.77,102.18,102.84,104.16,1.0,2886340
2026-09-21,NASDAQ:TROW,104.925,103.381,104.72,104.63,1.0,1474576
2026-09-22,NASDAQ:TROW,105.35,102.56,105.26,104.17,1.0,1608302
2026-09-23,NASDAQ:TROW,105.42,103.47,103.62,104.57,1.0,1358544
2026-09-24,NASDAQ:TROW,104.9,102.98,104.35,104.27,1.0,1367372
2026-09-25,NASDAQ:TROW,105.79,104.115,104.86,105.51,1.0,1021273
2026-09-28,NASDAQ:TROW,105.16,102.91,104.83,103.81,1.0,1392648
2026-09-29,NASDAQ:TROW,104.63,103.1848,103.81,104.51,1.0,1285607
2026-09-30,NASDAQ:TROW,105.04,103.82,105.04,104.05,1.0,1894263
2026-10-01,NASDAQ:TROW,106.39,103.7,104.05,105.83,1.0,2122510
2026-10-02,NASDAQ:TROW,107.005,104.52,106.66,104.62,1.0,1620352
2026-10-05,NASDAQ:TROW,104.61,102.3201,104.22,103.93,1.0,1848860
2026-09-08,NYSE:AIN,63.09,61.2,62.4,62.34,1.0,266717
2026-09-09,NYSE:AIN,62.58,60.4,61.51,60.58,1.0,254252
2026-09-10,NYSE:AIN,60.19,58.86,60.01,59.9,1.0,233284
2026-09-11,NYSE:AIN,61.335,59.2475,60.77,60.28,1.0,231245
2026-09-14,NYSE:AIN,60.4525,58.79,59.13,60.19,1.0,347108
2026-09-15,NYSE:AIN,60.44,58.52,60.44,59.47,1.0,217309
2026-09-16,NYSE:AIN,61.07,59.3001,59.88,60.2,1.0,169933
2026-09-17,NYSE:AIN,61.36,59.67,61.36,60.01,1.0,256230
2026-09-18,NYSE:AIN,60.61,59.06,60.57,60.61,1.0,558685
2026-09-21,NYSE:AIN,61.17,59.15,61.17,59.33,1.0,182960
2026-09-22,NYSE:AIN,60.31,59.12,60.31,60.22,1.0,182972
2026-09-23,NYSE:AIN,60.87,58.9801,59.66,60.77,1.0,162068
2026-09-24,NYSE:AIN,61.46,59.7401,60.76,60.64,1.0,293611
2026-09-25,NYSE:AIN,61.28,60.07,60.66,60.98,1.0,185244
2026-09-28,NYSE:AIN,61.54,60.01,60.79,60.08,1.0,207707
2026-09-29,NYSE:AIN,60.84,59.43,60.81,59.59,1.0,153593
2026-09-30,NYSE:AIN,60.24,59.33,60.24,59.61,1.0,169215
2026-10-01,NYSE:AIN,59.77,58.5,59.68,59.05,1.0,190227
2026-10-02,NYSE:AIN,61.06,59.645,60.17,60.88,1.0,215690
2026-10-05,NYSE:AIN,61.98,59.115,60.24,59.48,1.0,351741
2026-10-06,NYSE:AIN,62.6999,58.99,61.01,59.22,1.0,293820
2026-09-08,NYSE:TEO,13.365,12.99,13.02,13.08,1.0,556277
2026-09-09,NYSE:TEO,13.29,12.78,13.01,13.04,1.0,307007
2026-09-10,NYSE:TEO,13.61,12.92,12.99,13.54,1.0,680252
2026-09-11,NYSE:TEO,13.9921,13.2,13.65,13.25,1.0,865216
2026-09-14,NYSE:TEO,13.84,13.01,13.13,13.8,1.0,361650
2026-09-15,NYSE:TEO,14.08,13.5,13.79,13.94,1.0,295195
2026-09-16,NYSE:TEO,14.06,13.56,13.9,13.8,1.0,265840
2026-09-17,NYSE:TEO,14.225,13.6848,13.9,14.01,1.0,197949
2026-09-18,NYSE:TEO,13.9999,13.55,13.94,13.7,1.0,113625
2026-09-21,NYSE:TEO,14.19,13.71,13.79,14.09,1.0,158451
2026-09-22,NYSE:TEO,14.35,13.75,14.15,14.18,1.0,449236
2026-09-23,NYSE:TEO,14.22,13.9,14.08,13.98,1.0,164374
2026-09-24,NYSE:TEO,14.0399,13.355,13.87,13.38,1.0,126457
2026-09-25,NYSE:TEO,13.39,12.81,13.39,13.02,1.0,155203
2026-09-28,NYSE:TEO,13.19,12.06,13.19,12.08,1.0,259651
2026-09-29,NYSE:TEO,12.3,11.75,12.1,12.15,1.0,318251
2026-09-30,NYSE:TEO,12.43,11.93,12.2,12.27,1.0,313946
2026-10-01,NYSE:TEO,12.405,11.46,12.35,11.65,1.0,455304
2026-10-02,NYSE:TEO,11.87,11.57,11.68,11.72,1.0,303100
2026-10-05,NYSE:TEO,12.66,12.14,12.14,12.51,1.0,329088
2026-10-06,NYSE:TEO,12.81,12.36,12.5,12.64,1.0,321807
2026-09-08,NASDAQ:JBSS,72.25,70.415,71.91,70.84,1.0,90865
2026-09-09,NASDAQ:JBSS,71.76,69.83,70.2,70.64,1.0,132883
2026-09-10,NASDAQ:JBSS,72.16,70.001,71.11,70.84,1.0,109633
2026-09-11,NASDAQ:JBSS,72.43,69.77,71.22,70.26,1.0,89892
2026-09-14,NASDAQ:JBSS,71.895,69.12,70.99,69.33,1.0,114940
2026-09-15,NASDAQ:JBSS,69.31,67.8375,69.31,68.31,1.0,99759
2026-09-16,NASDAQ:JBSS,69.5298,68.05,68.29,68.55,1.0,98633
2026-09-17,NASDAQ:JBSS,69.395,67.42,68.74,67.47,1.0,208590
2026-09-18,NASDAQ:JBSS,67.94,66.75,67.3,67.31,1.0,235000
2026-09-21,NASDAQ:JBSS,67.84,66.38,67.0,66.44,1.0,92608
2026-09-22,NASDAQ:JBSS,68.34,66.88,67.1,67.73,1.0,132231
2026-09-23,NASDAQ:JBSS,68.15,66.48,68.15,67.69,1.0,116577
2026-09-24,NASDAQ:JBSS,68.264,66.6201,67.83,67.05,1.0,88022
2026-09-25,NASDAQ:JBSS,67.5,66.52,67.12,67.24,1.0,114384
2026-09-28,NASDAQ:JBSS,68.2499,66.1994,67.08,67.57,1.0,116891
2026-09-29,NASDAQ:JBSS,67.65,66.69,67.07,67.34,1.0,116978
2026-09-30,NASDAQ:JBSS,68.04,66.09,67.76,66.51,1.0,151725
2026-10-01,NASDAQ:JBSS,67.14,65.75,66.54,66.62,1.0,125026
2026-10-02,NASDAQ:JBSS,68.62,66.8,67.25,68.52,1.0,133553
2026-10-05,NASDAQ:JBSS,69.165,67.55,68.82,68.03,1.0,141114
2026-10-06,NASDAQ:JBSS,68.85,67.445,68.53,67.76,1.0,107605
2026-09-08,NYSE:FICO,938.84,899.0,920.51,933.3,1.0,668025
2026-09-09,NYSE:FICO,994.5,913.04,934.99,983.19,1.0,793967
2026-09-10,NYSE:FICO,982.99,947.91,973.71,960.67,1.0,365480
2026-09-11,NYSE:FICO,1000.815,960.0201,965.23,985.39,1.0,400369
2026-09-14,NYSE:FICO,1014.0,982.78,1002.0,1001.5,1.0,253759
2026-09-15,NYSE:FICO,1009.0,975.8271,991.5,985.96,1.0,278738
2026-09-16,NYSE:FICO,1003.1699,976.0,980.0,991.35,1.0,215996
2026-09-17,NYSE:FICO,990.84,961.13,990.3,966.3,1.0,244806
2026-09-18,NYSE:FICO,970.4633,941.82,965.14,949.68,1.0,823508
2026-09-21,NYSE:FICO,967.99,921.02,964.19,924.52,1.0,487559
2026-09-22,NYSE:FICO,941.97,909.16,937.15,914.48,1.0,342305
2026-09-23,NYSE:FICO,916.05,875.45,910.0,879.62,1.0,501918
2026-09-24,NYSE:FICO,892.846,855.0,888.12,856.48,1.0,502492
2026-09-25,NYSE:FICO,870.0,848.6389999999999,857.0,863.09,1.0,387457
2026-09-28,NYSE:FICO,853.545,832.0,852.86,840.89,1.0,394267
2026-09-29,NYSE:FICO,685.0,595.19,668.08,617.87,1.0,4914500
2026-09-30,NYSE:FICO,612.01,586.0497,602.02,592.47,1.0,2010179
2026-10-01,NYSE:FICO,675.87,620.0,635.0,661.75,1.0,2999510
2026-10-02,NYSE:FICO,675.5,609.0,614.0,661.25,1.0,1645534
2026-10-05,NYSE:FICO,692.92,648.95,661.73,689.61,1.0,1168574
2026-10-06,NYSE:FICO,703.86,676.0234,694.99,695.32,1.0,1375838
2026-09-08,NYSE:AAP,44.185,42.33,44.0,42.56,1.0,1708584
2026-09-09,NYSE:AAP,43.93,41.69,42.17,43.38,1.0,1865500
2026-09-10,NYSE:AAP,43.5,42.29,43.04,43.31,1.0,1230686
2026-09-11,NYSE:AAP,45.28,43.49,44.0,44.68,1.0,1564409
2026-09-14,NYSE:AAP,45.515,44.42,44.42,45.01,1.0,1920067
2026-09-15,NYSE:AAP,45.23,43.18,44.73,43.47,1.0,1384712
2026-09-16,NYSE:AAP,44.09,41.85,43.5,41.9,1.0,1685845
2026-09-17,NYSE:AAP,42.98,41.82,42.98,41.98,1.0,1247914
2026-09-18,NYSE:AAP,42.93,41.61,41.67,42.55,1.0,2287309
2026-09-21,NYSE:AAP,43.2,40.95,43.0,41.01,1.0,1937496
2026-09-22,NYSE:AAP,43.565,41.98,41.98,42.66,1.0,1923485
2026-09-23,NYSE:AAP,42.675,40.9,42.26,41.1,1.0,2012955
2026-09-24,NYSE:AAP,42.2,40.75,41.76,41.43,1.0,1668749
2026-09-25,NYSE:AAP,42.24,41.23,42.02,41.73,1.0,1605948
2026-09-28,NYSE:AAP,42.1,39.61,41.725,39.77,1.0,2591339
2026-09-29,NYSE:AAP,40.6025,39.4,39.97,39.73,1.0,1958398
2026-09-30,NYSE:AAP,39.94,38.3,39.94,38.91,1.0,1760192
2026-10-01,NYSE:AAP,38.9099,38.05,38.77,38.74,1.0,2068872
2026-10-02,NYSE:AAP,39.63,38.37,39.36,38.68,1.0,1532791
2026-10-05,NYSE:AAP,39.8299,38.09,38.715,39.65,1.0,1868681
2026-10-06,NYSE:AAP,41.8,39.9501,40.24,41.24,1.0,1360426
2026-09-08,NYSE:IT,184.095,172.49,183.92,172.59,1.0,1458190
2026-09-09,NYSE:IT,172.7,166.01,172.7,169.69,1.0,1295798
2026-09-10,NYSE:IT,172.42,169.08,171.07,170.62,1.0,1012087
2026-09-11,NYSE:IT,179.63,170.71,171.24,179.59,1.0,900523
2026-09-14,NYSE:IT,197.635,184.88,186.09,197.07,1.0,1693332
2026-09-15,NYSE:IT,202.98,191.26,192.45,195.62,1.0,1248661
2026-09-16,NYSE:IT,195.84,190.04,192.71,191.57,1.0,912025
2026-09-17,NYSE:IT,193.01,187.61,191.61,187.8,1.0,754319
2026-09-18,NYSE:IT,189.385,183.42,188.32,185.78,1.0,2571815
2026-09-21,NYSE:IT,192.91,183.23,188.58,183.32,1.0,715822
2026-09-22,NYSE:IT,186.5,178.175,186.5,178.75,1.0,927873
2026-09-23,NYSE:IT,181.81,176.51,178.0,178.52,1.0,977766
2026-09-24,NYSE:IT,181.9,176.04,179.88,179.32,1.0,854956
2026-09-25,NYSE:IT,189.14,177.95,179.75,187.9,1.0,1070631
2026-09-28,NYSE:IT,187.01,182.64,185.29,185.73,1.0,903601
2026-09-29,NYSE:IT,186.94,180.68,184.1,185.85,1.0,787396
2026-09-30,NYSE:IT,190.495,183.0,186.35,186.54,1.0,777221
2026-10-01,NYSE:IT,204.29,192.42,196.19,192.8,1.0,1093685
2026-10-02,NYSE:IT,192.74,184.6,192.74,184.8,1.0,628568
2026-10-05,NYSE:IT,188.12,184.45,185.07,187.76,1.0,626088
2026-10-06,NYSE:IT,189.9899,184.62,187.485,184.93,1.0,653867
2026-09-08,NYSE:KEP,12.675,12.505,12.61,12.51,1.0,1449494
2026-09-09,NYSE:KEP,12.41,12.19,12.41,12.21,1.0,1142718
2026-09-10,NYSE:KEP,12.105,11.865,12.1,11.89,1.0,1228865
2026-09-11,NYSE:KEP,12.33,12.18,12.3,12.21,1.0,1017463
2026-09-14,NYSE:KEP,11.84,11.56,11.62,11.56,1.0,1047845
2026-09-15,NYSE:KEP,11.53,11.38,11.53,11.44,1.0,934098
2026-09-16,NYSE:KEP,11.45,11.105,11.38,11.22,1.0,1484513
2026-09-17,NYSE:KEP,11.44,11.3,11.43,11.32,1.0,709393
2026-09-18,NYSE:KEP,11.13,10.99,11.12,11.01,1.0,892413
2026-09-21,NYSE:KEP,11.28,11.14,11.26,11.23,1.0,745030
2026-09-22,NYSE:KEP,11.38,11.23,11.28,11.3,1.0,629887
2026-09-23,NYSE:KEP,11.11,10.85,11.11,10.89,1.0,816439
2026-09-24,NYSE:KEP,10.945,10.775,10.88,10.85,1.0,867291
2026-09-25,NYSE:KEP,11.02,10.91,11.0,11.01,1.0,697135
2026-09-28,NYSE:KEP,11.212,11.035,11.14,11.07,1.0,777654
2026-09-29,NYSE:KEP,11.11,10.94,11.07,11.1,1.0,666515
2026-09-30,NYSE:KEP,11.04,10.945,11.01,10.96,1.0,648075
2026-10-01,NYSE:KEP,11.005,10.805,10.98,10.97,1.0,767682
2026-10-02,NYSE:KEP,11.2,11.005,11.2,11.08,1.0,418205
2026-10-05,NYSE:KEP,11.3359,11.12,11.12,11.17,1.0,589083
2026-10-06,NYSE:KEP,11.365,11.11,11.265,11.32,1.0,749772
2026-09-08,NASDAQ:PAGP,28.19,27.65,27.94,28.07,1.0,1955912
2026-09-09,NASDAQ:PAGP,28.38,27.84,28.19,27.97,1.0,2325442
2026-09-10,NASDAQ:PAGP,28.43,27.76,28.31,27.89,1.0,1682642
2026-09-11,NASDAQ:PAGP,28.13,27.745,27.83,27.99,1.0,2413764
2026-09-14,NASDAQ:PAGP,28.5,27.885,28.23,28.0,1.0,1733755
2026-09-15,NASDAQ:PAGP,28.115,27.78,27.98,27.84,1.0,1525890
2026-09-16,NASDAQ:PAGP,27.88,27.47,27.83,27.68,1.0,1633014
2026-09-17,NASDAQ:PAGP,27.95,27.44,27.55,27.725,1.0,1308953
2026-09-18,NASDAQ:PAGP,27.915,27.6,27.63,27.67,1.0,1172391
2026-09-21,NASDAQ:PAGP,27.78,27.27,27.55,27.33,1.0,960491
2026-09-22,NASDAQ:PAGP,27.395,26.745,27.04,26.87,1.0,2208405
2026-09-23,NASDAQ:PAGP,27.085,26.655,26.88,26.69,1.0,1287780
2026-09-24,NASDAQ:PAGP,26.94,26.57,26.81,26.7,1.0,1112121
2026-09-25,NASDAQ:PAGP,26.69,26.13,26.64,26.58,1.0,2093322
2026-09-28,NASDAQ:PAGP,26.8581,26.325,26.82,26.6,1.0,2494190
2026-09-29,NASDAQ:PAGP,26.53,25.965,26.33,26.13,1.0,1994623
2026-09-30,NASDAQ:PAGP,26.22,25.65,26.13,25.9,1.0,2088098
2026-10-01,NASDAQ:PAGP,26.01,25.65,25.85,25.93,1.0,2079068
2026-10-02,NASDAQ:PAGP,26.17,25.62,25.62,26.06,1.0,2175255
2026-10-05,NASDAQ:PAGP,26.555,25.985,26.045,26.18,1.0,1645230
2026-10-06,NASDAQ:PAGP,26.4412,25.945,26.02,26.24,1.0,1245357
2026-09-08,NASDAQ:ESLT,728.0,706.5,724.55,708.51,1.0,115451
2026-09-09,NASDAQ:ESLT,724.42,714.04,714.04,714.4,1.0,85486
2026-09-10,NASDAQ:ESLT,733.15,723.5,725.0,723.91,1.0,76167
2026-09-11,NASDAQ:ESLT,729.65,720.2,723.91,728.0,1.0,49320
2026-09-14,NASDAQ:ESLT,727.33,715.13,721.39,724.91,1.0,69495
2026-09-15,NASDAQ:ESLT,736.75,722.91,726.58,731.75,1.0,54931
2026-09-16,NASDAQ:ESLT,742.19,730.65,735.0,738.16,1.0,51598
2026-09-17,NASDAQ:ESLT,753.71,744.22,749.57,748.56,1.0,63133
2026-09-18,NASDAQ:ESLT,748.5,737.11,745.89,743.345,1.0,81433
2026-09-21,NASDAQ:ESLT,753.94,745.26,747.95,750.69,1.0,45678
2026-09-22,NASDAQ:ESLT,760.35,734.425,759.81,744.75,1.0,89163
2026-09-23,NASDAQ:ESLT,752.46,739.32,744.21,742.49,1.0,69487
2026-09-24,NASDAQ:ESLT,748.75,738.25,744.33,739.72,1.0,83194
2026-09-25,NASDAQ:ESLT,745.26,730.515,739.89,735.0,1.0,70841
2026-09-28,NASDAQ:ESLT,719.0,701.7,715.53,704.27,1.0,74626
2026-09-29,NASDAQ:ESLT,704.34,692.24,702.0,703.37,1.0,176368
2026-09-30,NASDAQ:ESLT,692.0,680.03,687.0,682.01,1.0,102305
2026-10-01,NASDAQ:ESLT,697.39,680.33,680.33,695.68,1.0,55488
2026-10-02,NASDAQ:ESLT,703.36,695.69,703.36,696.23,1.0,39525
2026-10-05,NASDAQ:ESLT,727.32,705.57,717.87,709.37,1.0,112314
2026-10-06,NASDAQ:ESLT,704.72,680.74,704.72,691.1,1.0,96532
2026-09-08,NYSE:ESAB,75.485,73.7358,75.16,74.74,1.0,526938
2026-09-09,NYSE:ESAB,74.47,72.76,73.62,72.81,1.0,676161
2026-09-10,NYSE:ESAB,72.1,68.22,70.92,69.27,1.0,1153851
2026-09-11,NYSE:ESAB,71.37,70.09,70.94,70.69,1.0,791880
2026-09-14,NYSE:ESAB,69.03,67.21,68.44,67.52,1.0,1241022
2026-09-15,NYSE:ESAB,68.4,66.67,68.25,67.21,1.0,935623
2026-09-16,NYSE:ESAB,69.07,66.18,67.69,66.48,1.0,913207
2026-09-17,NYSE:ESAB,70.0,66.23,68.32,66.67,1.0,1066798
2026-09-18,NYSE:ESAB,67.1,64.83,66.82,64.94,1.0,1034787
2026-09-21,NYSE:ESAB,67.85,64.86,65.99,67.01,1.0,1489861
2026-09-22,NYSE:ESAB,69.165,67.385,68.65,68.44,1.0,944476
2026-09-23,NYSE:ESAB,70.065,66.985,67.68,67.33,1.0,1209940
2026-09-24,NYSE:ESAB,68.38,66.17,66.49,67.89,1.0,1069571
2026-09-25,NYSE:ESAB,71.99,67.89,68.42,71.91,1.0,1070397
2026-09-28,NYSE:ESAB,71.68,66.3,70.97,67.25,1.0,1182068
2026-09-29,NYSE:ESAB,68.695,67.055,68.06,67.6,1.0,862805
2026-09-30,NYSE:ESAB,67.89,65.66,67.84,65.88,1.0,996901
2026-10-01,NYSE:ESAB,68.7291,64.99,65.77,67.11,1.0,787261
2026-10-02,NYSE:ESAB,70.2,67.755,68.96,69.9,1.0,943132
2026-10-05,NYSE:ESAB,73.3,68.86,69.81,71.46,1.0,1412344
2026-09-08,NYSE:ZTO,20.94,20.72,20.78,20.84,1.0,2125221
2026-09-09,NYSE:ZTO,20.91,20.66,20.83,20.72,1.0,1461525
2026-09-10,NYSE:ZTO,21.11,20.701,21.02,20.85,1.0,2786095
2026-09-11,NYSE:ZTO,20.885,20.545,20.71,20.61,1.0,2256461
2026-09-14,NYSE:ZTO,20.99,20.64,20.64,20.9,1.0,2520353
2026-09-15,NYSE:ZTO,20.745,20.41,20.66,20.42,1.0,2233046
2026-09-16,NYSE:ZTO,20.46,20.18,20.39,20.21,1.0,2153969
2026-09-17,NYSE:ZTO,20.945,20.59,20.6,20.86,1.0,2400892
2026-09-18,NYSE:ZTO,21.04,20.79,20.94,20.96,1.0,1633696
2026-09-21,NYSE:ZTO,20.09,18.9532,20.03,19.45,1.0,11568281
2026-09-22,NYSE:ZTO,19.99,19.67,19.8,19.84,1.0,5075047
2026-09-23,NYSE:ZTO,19.77,19.54,19.76,19.61,1.0,3218952
2026-09-24,NYSE:ZTO,19.89,19.43,19.85,19.47,1.0,5709836
2026-09-25,NYSE:ZTO,19.53,19.39,19.46,19.49,1.0,2921753
2026-09-28,NYSE:ZTO,19.75,19.57,19.65,19.67,1.0,4323741
2026-09-29,NYSE:ZTO,19.68,19.335,19.65,19.6,1.0,2461114
2026-09-30,NYSE:ZTO,19.57,19.34,19.34,19.42,1.0,2453064
2026-10-01,NYSE:ZTO,19.535,19.38,19.45,19.39,1.0,2962712
2026-10-02,NYSE:ZTO,19.57,19.38,19.45,19.5,1.0,1985754
2026-10-05,NYSE:ZTO,19.72,19.41,19.49,19.7,1.0,1580562
2026-10-06,NYSE:ZTO,19.78,19.61,19.62,19.68,1.0,1783624
2026-09-08,NYSE:CBT,82.35,80.16,82.35,80.32,1.0,275902
2026-09-09,NYSE:CBT,80.53,78.5901,80.53,79.35,1.0,360090
2026-09-10,NYSE:CBT,78.94,77.6811,78.86,78.79,1.0,283679
2026-09-11,NYSE:CBT,80.088634,78.59,79.23,79.68,1.0,382075
2026-09-14,NYSE:CBT,80.82,78.02,79.1,80.76,1.0,452346
2026-09-15,NYSE:CBT,80.51,78.365,79.2,79.2,1.0,517543
2026-09-16,NYSE:CBT,80.03,77.615,80.03,78.46,1.0,425849
2026-09-17,NYSE:CBT,79.65,77.345,79.65,77.56,1.0,323197
2026-09-18,NYSE:CBT,77.51,76.03,77.09,77.44,1.0,1046680
2026-09-21,NYSE:CBT,77.88,76.21,77.88,76.59,1.0,313199
2026-09-22,NYSE:CBT,79.96,77.39,77.39,79.47,1.0,340224
2026-09-23,NYSE:CBT,80.04,78.75,79.09,78.8,1.0,335829
2026-09-24,NYSE:CBT,78.92,77.76,78.52,78.65,1.0,293573
2026-09-25,NYSE:CBT,80.105,78.43,78.52,78.76,1.0,413840
2026-09-28,NYSE:CBT,79.29,77.5,78.19,78.45,1.0,370749
2026-09-29,NYSE:CBT,78.65,77.65,78.65,77.76,1.0,362879
2026-09-30,NYSE:CBT,78.02,76.76,77.94,76.91,1.0,570092
2026-10-01,NYSE:CBT,77.135,74.55,76.5,76.35,1.0,606572
2026-10-02,NYSE:CBT,78.68,76.93,77.67,76.95,1.0,376701
2026-10-05,NYSE:CBT,78.1279,75.1,76.67,77.38,1.0,495975
2026-10-06,NYSE:CBT,77.99,76.685,77.99,77.1,1.0,418956
2026-09-08,NYSE:TTE,90.7551,89.8,89.87,90.1,1.0,1302712
2026-09-09,NYSE:TTE,91.785,90.745,91.59,91.64,1.0,1097377
2026-09-10,NYSE:TTE,91.79,90.815,91.73,91.23,1.0,983427
2026-09-11,NYSE:TTE,91.92,90.91,91.09,91.89,1.0,1214457
2026-09-14,NYSE:TTE,92.36,91.09,92.2,91.14,1.0,1464199
2026-09-15,NYSE:TTE,93.46,91.5,91.58,93.12,1.0,1033116
2026-09-16,NYSE:TTE,93.13,90.705,93.13,90.84,1.0,1504524
2026-09-17,NYSE:TTE,91.87,91.0401,91.14,91.59,1.0,973945
2026-09-18,NYSE:TTE,91.25,90.46,90.55,90.82,1.0,986715
2026-09-21,NYSE:TTE,91.35,89.79299999999999,91.25,90.06,1.0,1585802
2026-09-22,NYSE:TTE,90.04,88.9,89.1,89.85,1.0,1738542
2026-09-23,NYSE:TTE,91.73,89.7,89.775,91.67,1.0,2113638
2026-09-24,NYSE:TTE,92.5699,91.3225,91.78,91.89,1.0,1504323
2026-09-25,NYSE:TTE,91.72,90.69,90.98,90.94,1.0,1557412
2026-09-28,NYSE:TTE,91.69,90.13,91.69,90.34,1.0,2129111
2026-09-29,NYSE:TTE,89.28,87.595,88.1,87.71,1.0,1327802
2026-09-30,NYSE:TTE,86.63,85.5,86.12,85.5,1.0,1893378
2026-10-01,NYSE:TTE,84.77,83.28,84.2,84.51,1.0,2755730
2026-10-02,NYSE:TTE,84.97,83.15,83.16,84.4,1.0,2480532
2026-10-05,NYSE:TTE,85.21,83.57,84.6,84.37,1.0,2532986
2026-10-06,NYSE:TTE,85.44,83.92,84.82,83.98,1.0,4150019
2026-09-08,NYSE:NNI,128.565,124.73,128.565,125.14,1.0,164792
2026-09-09,NYSE:NNI,126.08,123.6125,124.91,125.4,1.0,129359
2026-09-10,NYSE:NNI,126.72,124.42,124.61,125.78,1.0,123469
2026-09-11,NYSE:NNI,127.5,125.735,127.43,126.69,1.0,174794
2026-09-14,NYSE:NNI,128.3,126.52,127.3,127.49,1.0,185983
2026-09-15,NYSE:NNI,128.125,126.4,126.54,127.45,1.0,176912
2026-09-16,NYSE:NNI,128.35,126.255,127.25,127.43,1.0,156295
2026-09-17,NYSE:NNI,128.735,126.01,128.46,126.58,1.0,185435
2026-09-18,NYSE:NNI,127.33,125.5,125.84,126.07,1.0,232736
2026-09-21,NYSE:NNI,127.24,126.005,126.52,126.29,1.0,142445
2026-09-22,NYSE:NNI,128.44,125.86,127.73,126.02,1.0,151636
2026-09-23,NYSE:NNI,126.485,124.59,125.5,125.03,1.0,117101
2026-09-24,NYSE:NNI,126.65,124.285,125.71,125.03,1.0,122440
2026-09-25,NYSE:NNI,126.12,124.31,125.77,124.34,1.0,108358
2026-09-28,NYSE:NNI,125.11,123.57,124.64,124.05,1.0,127396
2026-09-29,NYSE:NNI,125.41,123.95,124.71,124.03,1.0,106025
2026-09-30,NYSE:NNI,124.1281,122.585,123.91,123.08,1.0,112164
2026-10-01,NYSE:NNI,123.9,121.875,123.08,123.57,1.0,139534
2026-10-02,NYSE:NNI,125.79,123.28,124.33,123.87,1.0,129040
2026-10-05,NYSE:NNI,125.72,121.76,123.66,125.01,1.0,152304
2026-10-06,NYSE:NNI,125.56,124.08,124.95,124.32,1.0,125966
2026-09-08,NYSE:BOOT,154.955,151.35,154.82,152.6,1.0,363923
2026-09-09,NYSE:BOOT,152.145,142.72,151.01,143.02,1.0,597496
2026-09-10,NYSE:BOOT,142.79,139.04,140.57,140.68,1.0,615984
2026-09-11,NYSE:BOOT,145.77,141.72,142.79,144.39,1.0,502968
2026-09-14,NYSE:BOOT,145.49,141.62,141.91,142.84,1.0,487495
2026-09-15,NYSE:BOOT,143.515,126.8,142.0,128.37,1.0,1893304
2026-09-16,NYSE:BOOT,130.465,122.46,128.66,122.75,1.0,1462038
2026-09-17,NYSE:BOOT,125.2,120.64,125.1,122.83,1.0,678583
2026-09-18,NYSE:BOOT,124.69,122.58,123.48,122.92,1.0,983157
2026-09-21,NYSE:BOOT,126.27,122.16,124.09,124.33,1.0,576563
2026-09-22,NYSE:BOOT,131.8,126.825,126.99,129.28,1.0,874885
2026-09-23,NYSE:BOOT,128.68,123.63,127.43,124.49,1.0,463673
2026-09-24,NYSE:BOOT,127.385,123.44,124.93,126.0,1.0,608111
2026-09-25,NYSE:BOOT,126.67,122.8,126.26,123.3,1.0,523693
2026-09-28,NYSE:BOOT,126.92,122.01,123.24,126.16,1.0,850412
2026-09-29,NYSE:BOOT,126.25,119.21,124.51,121.89,1.0,664527
2026-09-30,NYSE:BOOT,123.73,119.7,122.6,120.47,1.0,637268
2026-10-01,NYSE:BOOT,123.4225,119.515,120.94,120.98,1.0,504858
2026-10-02,NYSE:BOOT,123.075,120.0,122.75,121.88,1.0,786688
2026-10-05,NYSE:BOOT,124.27,120.93,123.48,122.88,1.0,677265
2026-10-06,NYSE:BOOT,126.42,122.225,123.85,124.27,1.0,635223
2026-09-08,NYSE:CPK,133.5625,132.25,132.29,133.02,1.0,142261
2026-09-09,NYSE:CPK,133.86,129.15,133.53,130.65,1.0,151445
2026-09-10,NYSE:CPK,132.28,128.93,131.02,129.59,1.0,138816
2026-09-11,NYSE:CPK,131.51,129.36,131.45,129.82,1.0,177980
2026-09-14,NYSE:CPK,131.055,128.36,130.64,129.25,1.0,146123
2026-09-15,NYSE:CPK,129.67,127.5,128.92,128.69,1.0,146833
2026-09-16,NYSE:CPK,131.74,128.63,129.67,129.75,1.0,192569
2026-09-17,NYSE:CPK,131.48,129.85,130.54,130.84,1.0,186001
2026-09-18,NYSE:CPK,131.8,129.5,130.48,131.38,1.0,421974
2026-09-21,NYSE:CPK,132.115,130.555,130.71,131.15,1.0,236234
2026-09-22,NYSE:CPK,132.91,129.92,131.3,131.92,1.0,232853
2026-09-23,NYSE:CPK,132.115,129.53,131.35,129.64,1.0,187917
2026-09-24,NYSE:CPK,133.1,127.69,130.12,128.26,1.0,180918
2026-09-25,NYSE:CPK,133.01,128.03,128.27,128.77,1.0,215104
2026-09-28,NYSE:CPK,129.15,125.9,129.15,127.3,1.0,180955
2026-09-29,NYSE:CPK,128.779,126.27,127.21,128.15,1.0,145717
2026-09-30,NYSE:CPK,129.6,127.84,129.11,128.46,1.0,179739
2026-10-01,NYSE:CPK,128.15,124.33,127.14,124.33,1.0,272461
2026-10-02,NYSE:CPK,127.88,125.01,125.2,127.38,1.0,210192
2026-10-05,NYSE:CPK,127.74,125.465,126.99,126.27,1.0,210409
2026-10-06,NYSE:CPK,128.18,126.9,127.42,128.06,1.0,123232
2026-09-08,NYSE:XRN,37.18,36.64,36.84,37.17,1.0,89596
2026-09-09,NYSE:XRN,37.3,36.49,37.12,36.98,1.0,153886
2026-09-10,NYSE:XRN,37.44,36.355,36.89,36.62,1.0,89593
2026-09-11,NYSE:XRN,37.005,35.88,36.82,35.99,1.0,122719
2026-09-14,NYSE:XRN,36.46,35.5,35.85,36.27,1.0,130573
2026-09-15,NYSE:XRN,36.45,35.9908,36.43,36.14,1.0,82133
2026-09-16,NYSE:XRN,36.43,35.375,36.11,35.63,1.0,104626
2026-09-17,NYSE:XRN,36.37,35.53,35.94,36.11,1.0,88058
2026-09-18,NYSE:XRN,36.16,35.615,36.09,35.91,1.0,140550
2026-09-21,NYSE:XRN,36.71,36.18,36.25,36.22,1.0,84039
2026-09-22,NYSE:XRN,36.66,36.2301,36.28,36.54,1.0,79798
2026-09-23,NYSE:XRN,36.42,35.53,36.42,35.57,1.0,99577
2026-09-24,NYSE:XRN,36.0528,35.47,35.73,35.78,1.0,71936
2026-09-25,NYSE:XRN,36.03,35.4545,35.87,35.85,1.0,101236
2026-09-28,NYSE:XRN,36.0,35.24,35.83,35.42,1.0,152589
2026-09-29,NYSE:XRN,35.93,35.27,35.29,35.31,1.0,88797
2026-09-30,NYSE:XRN,35.5,34.75,35.5,34.76,1.0,96575
2026-10-01,NYSE:XRN,34.63,33.89,34.42,34.39,1.0,143194
2026-10-02,NYSE:XRN,34.9399,33.93,34.67,34.01,1.0,105667
2026-10-05,NYSE:XRN,34.05,33.49,33.85,33.81,1.0,127622
2026-10-06,NYSE:XRN,34.48,33.85,34.25,34.27,1.0,97993
2026-09-08,NYSE:IPI,42.115,40.51,40.79,41.54,1.0,287369
2026-09-09,NYSE:IPI,42.3587,40.77,42.06,41.26,1.0,173231
2026-09-10,NYSE:IPI,42.09,40.06,41.26,40.28,1.0,173390
2026-09-11,NYSE:IPI,40.795,39.05,40.11,39.68,1.0,161667
2026-09-14,NYSE:IPI,40.4225,38.0042,40.17,38.42,1.0,157423
2026-09-15,NYSE:IPI,38.935,38.0501,38.3,38.64,1.0,122278
2026-09-16,NYSE:IPI,38.86,37.805,38.62,38.17,1.0,123154
2026-09-17,NYSE:IPI,39.8,38.28,38.56,39.47,1.0,188894
2026-09-18,NYSE:IPI,39.54,37.47,39.54,37.49,1.0,277825
2026-09-21,NYSE:IPI,37.85,35.63,37.15,36.92,1.0,393007
2026-09-22,NYSE:IPI,37.6495,36.1051,37.0,37.21,1.0,161597
2026-09-23,NYSE:IPI,37.54,36.68,37.1,36.72,1.0,89292
2026-09-24,NYSE:IPI,36.99,35.51,36.99,35.84,1.0,163789
2026-09-25,NYSE:IPI,35.59,33.95,35.59,34.04,1.0,185595
2026-09-28,NYSE:IPI,34.34,32.34,34.34,32.34,1.0,186215
2026-09-29,NYSE:IPI,32.795,31.445,31.95,32.35,1.0,312468
2026-09-30,NYSE:IPI,32.95,32.03,32.45,32.08,1.0,252898
2026-10-01,NYSE:IPI,32.65,31.515,31.83,32.6,1.0,213999
2026-10-02,NYSE:IPI,33.5,32.57,32.6,32.76,1.0,150276
2026-10-05,NYSE:IPI,33.5,32.4,32.83,33.38,1.0,171659
2026-10-06,NYSE:IPI,34.0999,33.0,33.46,33.51,1.0,106529
2026-09-08,NYSE:AMN,33.98,32.73,33.45,33.73,1.0,494990
2026-09-09,NYSE:AMN,34.48,33.09,33.67,34.36,1.0,381169
2026-09-10,NYSE:AMN,34.6275,32.66,34.45,33.05,1.0,667421
2026-09-11,NYSE:AMN,33.96,33.065,33.68,33.34,1.0,480439
2026-09-14,NYSE:AMN,34.32,33.48,33.63,34.19,1.0,523667
2026-09-15,NYSE:AMN,34.5,33.49,33.57,34.15,1.0,1107240
2026-09-16,NYSE:AMN,35.56,34.07,34.07,34.92,1.0,552011
2026-09-17,NYSE:AMN,35.165,34.1,34.93,34.55,1.0,660482
2026-09-18,NYSE:AMN,34.56,33.76,34.52,34.26,1.0,1073149
2026-09-21,NYSE:AMN,34.55,33.845,34.47,34.24,1.0,374818
2026-09-22,NYSE:AMN,34.8,34.01,34.5,34.54,1.0,451644
2026-09-23,NYSE:AMN,34.78,33.66,34.78,33.91,1.0,347472
2026-09-24,NYSE:AMN,34.75,33.41,33.82,34.56,1.0,920400
2026-09-25,NYSE:AMN,34.985,34.2,34.78,34.56,1.0,463442
2026-09-28,NYSE:AMN,34.92,34.0017,34.34,34.26,1.0,341483
2026-09-29,NYSE:AMN,35.2,34.15,34.24,34.95,1.0,660061
2026-09-30,NYSE:AMN,36.2388,34.96,35.45,35.87,1.0,1042321
2026-10-01,NYSE:AMN,36.4,35.175,35.61,35.86,1.0,733047
2026-10-02,NYSE:AMN,36.9,36.205,36.36,36.63,1.0,887174
2026-10-05,NYSE:AMN,36.93,35.81,36.45,36.84,1.0,635232
2026-10-06,NYSE:AMN,38.44,36.59,37.03,36.71,1.0,670738
2026-09-08,NYSE:YPF,53.99,52.185,53.6,53.09,1.0,877222
2026-09-09,NYSE:YPF,55.24,52.79,53.71,54.61,1.0,2741019
2026-09-10,NYSE:YPF,56.94,54.9,55.21,56.06,1.0,3070764
2026-09-11,NYSE:YPF,57.0987,54.54,55.11,55.55,1.0,2282611
2026-09-14,NYSE:YPF,57.3,55.6,56.06,56.33,1.0,1355319
2026-09-15,NYSE:YPF,57.87,56.015,56.28,57.61,1.0,1637712
2026-09-16,NYSE:YPF,56.93,54.275,56.64,54.65,1.0,1093174
2026-09-17,NYSE:YPF,54.87,54.01,54.01,54.48,1.0,767327
2026-09-18,NYSE:YPF,54.98,54.1,54.4,54.96,1.0,908609
2026-09-21,NYSE:YPF,54.8797,52.57,54.52,53.18,1.0,1310589
2026-09-22,NYSE:YPF,54.21,52.71,52.8,53.35,1.0,2340366
2026-09-23,NYSE:YPF,55.6,52.99,53.88,53.93,1.0,1554200
2026-09-24,NYSE:YPF,55.08,53.14,54.47,53.61,1.0,730745
2026-09-25,NYSE:YPF,53.36,51.835,53.0,52.1,1.0,806748
2026-09-28,NYSE:YPF,53.0,51.25,53.0,51.37,1.0,1061647
2026-09-29,NYSE:YPF,50.99,49.92,50.71,50.31,1.0,1189409
2026-09-30,NYSE:YPF,50.818000000000005,50.0,50.46,50.13,1.0,1059011
2026-10-01,NYSE:YPF,50.39,48.945,50.0,49.27,1.0,985620
2026-10-02,NYSE:YPF,50.165,48.36,48.64,49.67,1.0,795835
2026-10-05,NYSE:YPF,51.84,50.3978,50.53,51.24,1.0,1178044
2026-10-06,NYSE:YPF,51.76,50.5,50.96,51.15,1.0,1009999
2026-09-08,NYSE:ED,108.905,107.05,107.07,108.27,1.0,2168886
2026-09-09,NYSE:ED,108.76,106.83,108.52,107.49,1.0,1686366
2026-09-10,NYSE:ED,108.5,106.7,108.41,106.73,1.0,1970582
2026-09-11,NYSE:ED,107.33,106.25,107.33,106.46,1.0,1417247
2026-09-14,NYSE:ED,107.48,105.72,107.09,105.78,1.0,1545656
2026-09-15,NYSE:ED,106.185,105.035,105.84,105.24,1.0,1706591
2026-09-16,NYSE:ED,106.015,105.02,105.92,105.42,1.0,1856604
2026-09-17,NYSE:ED,107.19,105.17,105.57,107.08,1.0,1773654
2026-09-18,NYSE:ED,106.6,105.34,106.6,105.43,1.0,3426685
2026-09-21,NYSE:ED,105.66,103.515,105.24,103.86,1.0,1825541
2026-09-22,NYSE:ED,104.62,103.305,103.5,103.84,1.0,1475834
2026-09-23,NYSE:ED,103.85,102.33,103.46,102.61,1.0,1857936
2026-09-24,NYSE:ED,103.885,102.7,103.05,102.71,1.0,3026347
2026-09-25,NYSE:ED,103.28,102.08,102.61,103.1,1.0,1921720
2026-09-28,NYSE:ED,103.745,102.33,103.18,102.83,1.0,1960050
2026-09-29,NYSE:ED,103.79,102.0,102.19,103.33,1.0,1759626
2026-09-30,NYSE:ED,104.41,102.21,103.69,102.21,1.0,4246924
2026-10-01,NYSE:ED,104.06,102.08,102.67,103.5,1.0,3442335
2026-10-02,NYSE:ED,104.48,103.03,103.76,103.39,1.0,2646419
2026-10-05,NYSE:ED,104.01,102.435,103.29,103.38,1.0,2095200
2026-10-06,NYSE:ED,105.23,103.57,104.01,105.13,1.0,3272281
2026-09-08,NASDAQ:GFS,46.69,44.9,46.3,45.09,1.0,5479391
2026-09-09,NASDAQ:GFS,46.34,45.0,45.09,45.95,1.0,3286239
2026-09-10,NASDAQ:GFS,46.3,44.64,44.83,45.96,1.0,3032107
2026-09-11,NASDAQ:GFS,47.33,46.03,46.44,46.95,1.0,3701201
2026-09-14,NASDAQ:GFS,45.3648,43.51,44.37,43.54,1.0,3999499
2026-09-15,NASDAQ:GFS,44.41,42.15,43.58,42.75,1.0,3913795
2026-09-16,NASDAQ:GFS,44.16,42.555,43.91,43.03,1.0,2753396
2026-09-17,NASDAQ:GFS,47.1,44.56,44.87,45.84,1.0,6389571
2026-09-18,NASDAQ:GFS,47.865,45.25,46.2,47.82,1.0,6585935
2026-09-21,NASDAQ:GFS,49.18,47.87,49.04,48.57,1.0,3973346
2026-09-22,NASDAQ:GFS,49.37,47.8,48.0,47.95,1.0,4503863
2026-09-23,NASDAQ:GFS,47.9,46.35,47.435,46.42,1.0,3271533
2026-09-24,NASDAQ:GFS,47.08,45.39,45.56,47.05,1.0,4730971
2026-09-25,NASDAQ:GFS,49.425,47.12,47.49,49.0,1.0,4944461
2026-09-28,NASDAQ:GFS,49.06,46.64,48.83,47.78,1.0,3190686
2026-09-29,NASDAQ:GFS,48.88,47.6001,48.5,47.86,1.0,2275577
2026-09-30,NASDAQ:GFS,48.5872,47.43,48.24,47.92,1.0,2270304
2026-10-01,NASDAQ:GFS,48.99,47.61,47.92,48.68,1.0,2341161
2026-10-02,NASDAQ:GFS,50.99,49.8269,50.0,50.17,1.0,3652041
2026-10-05,NASDAQ:GFS,49.2,47.503,48.905,48.56,1.0,4463852
2026-10-06,NASDAQ:GFS,49.44,48.5,48.83,48.63,1.0,2412920
2026-09-08,NASDAQ:MGEE,78.43,77.07,77.07,77.82,1.0,129769
2026-09-09,NASDAQ:MGEE,77.74,76.195,77.71,76.79,1.0,132989
2026-09-10,NASDAQ:MGEE,77.03,76.0714,76.91,76.44,1.0,103666
2026-09-11,NASDAQ:MGEE,78.21,76.02,77.0,76.48,1.0,123993
2026-09-14,NASDAQ:MGEE,77.13,75.945,76.58,76.12,1.0,149748
2026-09-15,NASDAQ:MGEE,76.35,74.79,76.35,75.36,1.0,189545
2026-09-16,NASDAQ:MGEE,76.245,74.88,75.6,75.31,1.0,148563
2026-09-17,NASDAQ:MGEE,75.865,74.87,75.59,75.0,1.0,220975
2026-09-18,NASDAQ:MGEE,75.22,73.81,75.22,74.08,1.0,435041
2026-09-21,NASDAQ:MGEE,74.105,72.66,73.98,72.86,1.0,199501
2026-09-22,NASDAQ:MGEE,73.87,72.3,73.01,72.7,1.0,263809
2026-09-23,NASDAQ:MGEE,72.7,70.71,72.7,70.86,1.0,163458
2026-09-24,NASDAQ:MGEE,70.86,68.29,70.86,68.49,1.0,280565
2026-09-25,NASDAQ:MGEE,70.085,68.01,68.25,70.06,1.0,244928
2026-09-28,NASDAQ:MGEE,70.08,68.23,70.08,68.93,1.0,168528
2026-09-29,NASDAQ:MGEE,69.335,68.183,68.82,69.24,1.0,366958
2026-09-30,NASDAQ:MGEE,70.26,68.805,69.79,69.45,1.0,369426
2026-10-01,NASDAQ:MGEE,70.3,68.24,69.33,70.05,1.0,173371
2026-10-02,NASDAQ:MGEE,72.05,70.53,70.67,70.77,1.0,174039
2026-10-05,NASDAQ:MGEE,71.348169,69.93,70.67,70.27,1.0,333926
2026-10-06,NASDAQ:MGEE,71.175,70.06,70.79,70.59,1.0,133277
2026-09-08,NYSE:LOW,204.75,200.72,204.0,200.8,1.0,2869278
2026-09-09,NYSE:LOW,201.14,197.14,200.0,198.6,1.0,2445208
2026-09-10,NYSE:LOW,198.1,195.06,198.1,196.59,1.0,2488243
2026-09-11,NYSE:LOW,199.85,196.705,199.0,196.82,1.0,3293411
2026-09-14,NYSE:LOW,199.78,195.99,196.17,198.17,1.0,2368380
2026-09-15,NYSE:LOW,197.76,194.09,197.73,194.61,1.0,4093663
2026-09-16,NYSE:LOW,197.77,193.35,196.27,194.1,1.0,2985119
2026-09-17,NYSE:LOW,199.35,193.93,198.61,194.19,1.0,2339074
2026-09-18,NYSE:LOW,194.64,192.09,193.3,192.49,1.0,5886336
2026-09-21,NYSE:LOW,193.09,188.22,192.54,190.98,1.0,3559478
2026-09-22,NYSE:LOW,196.75,192.62,194.77,196.08,1.0,3446548
2026-09-23,NYSE:LOW,195.51,191.31,194.15,191.36,1.0,2936827
2026-09-24,NYSE:LOW,192.69,187.5,190.97,188.49,1.0,3742859
2026-09-25,NYSE:LOW,190.58,187.145,188.36,189.28,1.0,3455500
2026-09-28,NYSE:LOW,189.71,186.3,187.15,187.66,1.0,4121824
2026-09-29,NYSE:LOW,188.9799,186.5,188.57,187.26,1.0,2901945
2026-09-30,NYSE:LOW,189.15,184.22,189.06,184.29,1.0,3695983
2026-10-01,NYSE:LOW,183.88,179.205,183.21,182.38,1.0,4385427
2026-10-02,NYSE:LOW,185.16,180.01,184.61,180.8,1.0,2773006
2026-10-05,NYSE:LOW,180.85,178.45,180.0,179.5,1.0,2775577
2026-10-06,NYSE:LOW,184.2,179.7198,179.74,183.67,1.0,2701105
2026-09-08,NYSE:KMT,31.15,30.2415,31.02,30.47,1.0,1432808
2026-09-09,NYSE:KMT,30.63,29.38,30.37,29.64,1.0,1457646
2026-09-10,NYSE:KMT,29.451,28.75,29.32,29.13,1.0,1432876
2026-09-11,NYSE:KMT,30.085,29.34,29.75,29.44,1.0,1301292
2026-09-14,NYSE:KMT,29.76,28.77,29.0,29.42,1.0,1068732
2026-09-15,NYSE:KMT,29.665,29.19,29.62,29.31,1.0,1098341
2026-09-16,NYSE:KMT,29.95,29.245,29.55,29.7,1.0,1214395
2026-09-17,NYSE:KMT,30.3099,29.745,30.27,29.84,1.0,1130113
2026-09-18,NYSE:KMT,30.09,29.465,29.69,29.77,1.0,2520261
2026-09-21,NYSE:KMT,30.24,29.46,30.16,29.47,1.0,1033920
2026-09-22,NYSE:KMT,29.82,29.31,29.82,29.6,1.0,1115016
2026-09-23,NYSE:KMT,30.1,29.2,29.47,29.94,1.0,860033
2026-09-24,NYSE:KMT,30.45,29.65,29.71,30.07,1.0,1788641
2026-09-25,NYSE:KMT,31.16,30.12,30.16,31.03,1.0,1234422
2026-09-28,NYSE:KMT,32.29,30.69,30.95,31.8,1.0,1496518
2026-09-29,NYSE:KMT,32.11,30.93,32.03,31.01,1.0,1115726
2026-09-30,NYSE:KMT,31.55,30.74,31.05,30.74,1.0,2002781
2026-10-01,NYSE:KMT,31.8,30.03,30.63,31.67,1.0,1764664
2026-10-02,NYSE:KMT,33.05,32.05,32.05,32.6,1.0,1547552
2026-10-05,NYSE:KMT,33.3,32.135,32.49,32.86,1.0,2163456
2026-10-06,NYSE:KMT,33.64,33.0,33.0,33.41,1.0,1320415
2026-09-08,NYSE:HASI,39.45,38.0,38.17,39.37,1.0,851386
2026-09-09,NYSE:HASI,39.92,38.05,39.61,38.4,1.0,1036348
2026-09-10,NYSE:HASI,38.25,37.38,38.21,37.61,1.0,872987
2026-09-11,NYSE:HASI,37.96,37.11,37.96,37.37,1.0,668861
2026-09-14,NYSE:HASI,37.435,36.69,37.24,36.84,1.0,843220
2026-09-15,NYSE:HASI,36.975,36.315,36.89,36.43,1.0,844317
2026-09-16,NYSE:HASI,36.97,35.99,36.68,36.4,1.0,827485
2026-09-17,NYSE:HASI,37.44,36.3913,36.6,37.18,1.0,913190
2026-09-18,NYSE:HASI,37.145,36.16,37.03,36.73,1.0,2315441
2026-09-21,NYSE:HASI,37.28,36.76,37.14,37.03,1.0,589755
2026-09-22,NYSE:HASI,37.63,37.15,37.38,37.21,1.0,653397
2026-09-23,NYSE:HASI,36.95,36.18,36.8,36.21,1.0,915419
2026-09-24,NYSE:HASI,36.32,35.66,35.92,36.16,1.0,1451272
2026-09-25,NYSE:HASI,36.8,35.98,36.39,36.44,1.0,2300118
2026-09-28,NYSE:HASI,36.52,35.7,36.21,36.25,1.0,729675
2026-09-29,NYSE:HASI,36.455,35.37,36.31,35.56,1.0,1029139
2026-09-30,NYSE:HASI,36.025,35.38,35.69,35.82,1.0,955058
2026-10-01,NYSE:HASI,36.15,35.43,35.61,36.03,1.0,1451798
2026-10-02,NYSE:HASI,36.735,36.0,36.07,36.27,1.0,935692
2026-10-05,NYSE:HASI,36.61,35.48,36.16,36.31,1.0,1345281
2026-10-06,NYSE:HASI,36.58,36.04,36.2,36.57,1.0,1237499
2026-09-08,NASDAQ:SBAC,192.1175,185.815,187.73,188.69,1.0,951221
2026-09-09,NASDAQ:SBAC,189.55,185.71,188.19,186.74,1.0,1247152
2026-09-10,NASDAQ:SBAC,188.3,179.52,187.36,181.42,1.0,1444425
2026-09-11,NASDAQ:SBAC,186.125,181.3,183.18,185.47,1.0,909490
2026-09-14,NASDAQ:SBAC,186.27,180.97,185.15,183.07,1.0,865571
2026-09-15,NASDAQ:SBAC,184.57,180.73,182.47,183.14,1.0,879522
2026-09-16,NASDAQ:SBAC,185.74,179.7,182.77,180.02,1.0,867105
2026-09-17,NASDAQ:SBAC,182.72,180.46,182.72,181.13,1.0,1010611
2026-09-18,NASDAQ:SBAC,181.92,178.28,180.71,178.59,1.0,1850289
2026-09-21,NASDAQ:SBAC,181.1,176.0,178.26,176.28,1.0,870797
2026-09-22,NASDAQ:SBAC,179.135,174.23,176.39,175.84,1.0,713927
2026-09-23,NASDAQ:SBAC,176.48,170.32,174.52,170.53,1.0,927745
2026-09-24,NASDAQ:SBAC,170.675,164.78,170.47,166.12,1.0,1184837
2026-09-25,NASDAQ:SBAC,168.13,164.845,166.0,166.15,1.0,886452
2026-09-28,NASDAQ:SBAC,167.23,162.21,166.32,163.43,1.0,911712
2026-09-29,NASDAQ:SBAC,163.6,160.55,162.56,162.81,1.0,828114
2026-09-30,NASDAQ:SBAC,165.06,159.91,164.33,160.12,1.0,954681
2026-10-01,NASDAQ:SBAC,161.58,157.345,160.0,158.02,1.0,658742
2026-10-02,NASDAQ:SBAC,163.25,157.82,158.02,158.49,1.0,979476
2026-10-05,NASDAQ:SBAC,161.96,156.6,157.87,161.82,1.0,848408
2026-10-06,NASDAQ:SBAC,170.18,162.07,162.5,169.7,1.0,1186119
2026-09-08,NYSE:HRI,153.425,144.61,149.99,146.27,1.0,1227424
2026-09-09,NYSE:HRI,153.82,143.6875,146.85,144.79,1.0,668737
2026-09-10,NYSE:HRI,145.395,141.47,144.8,142.04,1.0,620877
2026-09-11,NYSE:HRI,145.68,140.0,144.19,140.96,1.0,639759
2026-09-14,NYSE:HRI,143.36,136.0,137.71,140.42,1.0,656200
2026-09-15,NYSE:HRI,141.94,137.695,140.03,138.95,1.0,722989
2026-09-16,NYSE:HRI,145.37,139.1,140.01,142.71,1.0,802450
2026-09-17,NYSE:HRI,146.97,138.69,145.9,138.76,1.0,746718
2026-09-18,NYSE:HRI,140.48,134.12,138.12,135.26,1.0,5626915
2026-09-21,NYSE:HRI,141.69,133.9,136.46,140.74,1.0,688977
2026-09-22,NYSE:HRI,146.58,139.175,142.0,144.07,1.0,599248
2026-09-23,NYSE:HRI,143.14,137.09,142.26,137.23,1.0,565310
2026-09-24,NYSE:HRI,135.785,128.45,135.17,130.94,1.0,861278
2026-09-25,NYSE:HRI,139.435,130.05,130.51,135.36,1.0,591116
2026-09-28,NYSE:HRI,135.965,131.55,134.36,133.9,1.0,476390
2026-09-29,NYSE:HRI,137.3099,124.88,134.46,127.24,1.0,886530
2026-09-30,NYSE:HRI,130.66,124.58,128.0,124.8,1.0,487033
2026-10-01,NYSE:HRI,132.44,120.39,125.0,131.86,1.0,897163
2026-10-02,NYSE:HRI,139.35,132.46,133.74,138.37,1.0,519841
2026-10-05,NYSE:HRI,140.885,134.9525,140.05,135.51,1.0,547579
2026-10-06,NYSE:HRI,141.02,134.35,136.89,134.66,1.0,544164
2026-09-08,NYSE:HCC,107.055,103.77,105.03,105.58,1.0,337680
2026-09-09,NYSE:HCC,107.29,104.03,106.35,104.35,1.0,342441
2026-09-10,NYSE:HCC,104.5,101.41,102.68,101.65,1.0,349486
2026-09-11,NYSE:HCC,103.45,96.0,102.1,97.77,1.0,665946
2026-09-14,NYSE:HCC,96.54,93.8874,95.94,95.46,1.0,692556
2026-09-15,NYSE:HCC,95.96,89.39,95.47,91.6,1.0,1203328
2026-09-16,NYSE:HCC,94.84,91.64,93.12,92.72,1.0,717391
2026-09-17,NYSE:HCC,95.91,91.465,94.14,91.8,1.0,612179
2026-09-18,NYSE:HCC,89.83,87.31,88.53,87.93,1.0,1997273
2026-09-21,NYSE:HCC,89.48,88.155,89.26,88.47,1.0,503152
2026-09-22,NYSE:HCC,93.68,88.49,88.74,92.1,1.0,617911
2026-09-23,NYSE:HCC,91.005,89.02,90.79,90.24,1.0,332572
2026-09-24,NYSE:HCC,90.01,88.1482,90.01,88.95,1.0,721876
2026-09-25,NYSE:HCC,89.68,87.3376,88.19,89.51,1.0,393926
2026-09-28,NYSE:HCC,91.85,88.65,89.26,91.75,1.0,982143
2026-09-29,NYSE:HCC,92.585,87.01,90.96,88.03,1.0,741921
2026-09-30,NYSE:HCC,90.93,87.96,89.11,88.07,1.0,661662
2026-10-01,NYSE:HCC,89.265,86.26,87.05,89.08,1.0,659314
2026-10-02,NYSE:HCC,90.81,89.04,89.98,89.35,1.0,382301
2026-10-05,NYSE:HCC,93.4,89.0,89.88,92.29,1.0,663210
2026-10-06,NYSE:HCC,92.455,89.98,92.3,92.44,1.0,335619
2026-09-08,NYSE:CAAP,24.64,24.1,24.51,24.16,1.0,140642
2026-09-09,NYSE:CAAP,24.635,24.015,24.11,24.46,1.0,112177
2026-09-10,NYSE:CAAP,24.87,24.18,24.18,24.78,1.0,197063
2026-09-11,NYSE:CAAP,25.1,24.31,25.0,24.59,1.0,238595
2026-09-14,NYSE:CAAP,24.6,24.0,24.25,24.33,1.0,194143
2026-09-15,NYSE:CAAP,24.38,23.6,24.35,23.91,1.0,450585
2026-09-16,NYSE:CAAP,23.95,23.28,23.76,23.54,1.0,128856
2026-09-17,NYSE:CAAP,24.03,23.61,23.9,23.92,1.0,174900
2026-09-18,NYSE:CAAP,23.81,23.5,23.61,23.62,1.0,234376
2026-09-21,NYSE:CAAP,24.3237,23.5,24.0,24.19,1.0,205221
2026-09-22,NYSE:CAAP,24.5,23.83,24.34,24.02,1.0,116303
2026-09-23,NYSE:CAAP,23.98,23.6,23.93,23.73,1.0,108703
2026-09-24,NYSE:CAAP,23.895,23.4612,23.79,23.55,1.0,220641
2026-09-25,NYSE:CAAP,24.06,23.3491,23.77,23.88,1.0,143889
2026-09-28,NYSE:CAAP,26.265,23.82,23.82,26.05,1.0,1069035
2026-09-29,NYSE:CAAP,26.23,25.54,26.09,26.0,1.0,844368
2026-09-30,NYSE:CAAP,26.31,25.4,25.95,25.44,1.0,552838
2026-10-01,NYSE:CAAP,25.38,24.05,25.38,24.28,1.0,530738
2026-10-02,NYSE:CAAP,24.65,24.22,24.3,24.3,1.0,291257
2026-10-05,NYSE:CAAP,25.81,24.45,24.45,25.54,1.0,340346
2026-10-06,NYSE:CAAP,25.86,25.21,25.62,25.22,1.0,224482
2026-09-08,NASDAQ:NVMI,387.71,374.96,383.94,377.11,1.0,727331
2026-09-09,NASDAQ:NVMI,381.21,373.04,376.82,373.85,1.0,459633
2026-09-10,NASDAQ:NVMI,374.19,364.21,365.51,366.03,1.0,565529
2026-09-11,NASDAQ:NVMI,372.13,363.22,370.285,371.81,1.0,353790
2026-09-14,NASDAQ:NVMI,348.8,331.885,347.11,334.65,1.0,925016
2026-09-15,NASDAQ:NVMI,341.1,329.57,341.1,335.08,1.0,544590
2026-09-16,NASDAQ:NVMI,344.92,336.9,340.35,339.25,1.0,469925
2026-09-17,NASDAQ:NVMI,349.68,344.01,348.24,348.07,1.0,533164
2026-09-18,NASDAQ:NVMI,357.43,343.5,349.44,356.11,1.0,2687210
2026-09-21,NASDAQ:NVMI,366.68,352.42,360.58,362.81,1.0,465391
2026-09-22,NASDAQ:NVMI,370.99,355.81,356.97,369.95,1.0,502981
2026-09-23,NASDAQ:NVMI,369.06,357.53,367.15,365.73,1.0,312181
2026-09-24,NASDAQ:NVMI,366.96,356.36,359.46,366.8,1.0,221734
2026-09-25,NASDAQ:NVMI,372.0,365.44,367.85,368.23,1.0,308606
2026-09-28,NASDAQ:NVMI,373.21,360.01,365.36,370.42,1.0,250125
2026-09-29,NASDAQ:NVMI,385.73,376.4,381.04,385.12,1.0,207387
2026-09-30,NASDAQ:NVMI,388.68,381.99,385.51,385.2,1.0,340093
2026-10-01,NASDAQ:NVMI,390.395,378.425,385.59,386.6,1.0,167591
2026-10-02,NASDAQ:NVMI,402.05,392.205,399.38,396.12,1.0,226769
2026-10-05,NASDAQ:NVMI,398.515,388.56,394.65,392.86,1.0,241816
2026-10-06,NASDAQ:NVMI,399.32,393.25,397.4,394.48,1.0,225303
2026-09-08,NASDAQ:BCML,30.89,30.05,30.74,30.1,1.0,31425
2026-09-09,NASDAQ:BCML,30.245,29.7,30.05,30.06,1.0,51235
2026-09-10,NASDAQ:BCML,30.23,29.805,29.84,30.23,1.0,50752
2026-09-11,NASDAQ:BCML,30.65,29.85,30.48,30.1,1.0,34163
2026-09-14,NASDAQ:BCML,30.425,29.95,30.04,30.18,1.0,33347
2026-09-15,NASDAQ:BCML,30.49,30.11,30.24,30.44,1.0,31524
2026-09-16,NASDAQ:BCML,30.545,29.79,30.49,30.03,1.0,49719
2026-09-17,NASDAQ:BCML,30.545,30.01,30.29,30.31,1.0,29619
2026-09-18,NASDAQ:BCML,30.24,29.64,30.12,30.1,1.0,128358
2026-09-21,NASDAQ:BCML,30.15,29.63,30.0,29.73,1.0,62946
2026-09-22,NASDAQ:BCML,30.18,29.75,29.9,29.93,1.0,71421
2026-09-23,NASDAQ:BCML,29.93,29.55,29.92,29.64,1.0,35834
2026-09-24,NASDAQ:BCML,30.6,29.755,29.95,30.21,1.0,61000
2026-09-25,NASDAQ:BCML,31.185,30.29,30.29,30.87,1.0,83275
2026-09-28,NASDAQ:BCML,31.515,30.65,30.86,30.87,1.0,76812
2026-09-29,NASDAQ:BCML,31.38,30.5114,30.98,30.78,1.0,68609
2026-09-30,NASDAQ:BCML,30.87,30.34,30.83,30.34,1.0,49070
2026-10-01,NASDAQ:BCML,31.03,29.94,30.35,30.9,1.0,54753
2026-10-02,NASDAQ:BCML,31.945,31.05,31.25,31.19,1.0,90545
2026-10-05,NASDAQ:BCML,31.59,30.99,31.29,31.01,1.0,51307
2026-09-08,NYSE:MET,97.09,95.39,96.56,95.5,1.0,2459367
2026-09-09,NYSE:MET,96.3,94.88,95.63,95.69,1.0,3245623
2026-09-10,NYSE:MET,96.91,96.015,96.17,96.78,1.0,2225765
2026-09-11,NYSE:MET,98.25,96.225,98.0,97.14,1.0,2636831
2026-09-14,NYSE:MET,97.79,96.56,97.52,97.75,1.0,3032059
2026-09-15,NYSE:MET,98.54,96.9201,97.41,98.22,1.0,2066734
2026-09-16,NYSE:MET,98.31,95.39,97.98,97.23,1.0,3500605
2026-09-17,NYSE:MET,98.37,96.8,97.94,97.35,1.0,2760965
2026-09-18,NYSE:MET,97.29,96.23611700000001,96.89,97.04,1.0,7313755
2026-09-21,NYSE:MET,97.8413,96.54,97.44,96.64,1.0,1933426
2026-09-22,NYSE:MET,98.0,95.0259,97.47,95.92,1.0,2638677
2026-09-23,NYSE:MET,97.67,95.01,95.2,97.2,1.0,2943318
2026-09-24,NYSE:MET,98.18,97.06,97.73,97.25,1.0,3442897
2026-09-25,NYSE:MET,98.45,96.67,97.54,97.7,1.0,3625279
2026-09-28,NYSE:MET,97.94,95.39,97.51,95.82,1.0,3241817
2026-09-29,NYSE:MET,96.325,94.42,95.68,95.2,1.0,2621797
2026-09-30,NYSE:MET,95.56,94.12,94.84,94.16,1.0,3008292
2026-10-01,NYSE:MET,94.5,92.21,93.71,94.35,1.0,3686322
2026-10-02,NYSE:MET,94.97,93.98,93.98,94.43,1.0,2981203
2026-10-05,NYSE:MET,97.39,94.655,94.84,96.88,1.0,4417268
2026-09-08,NASDAQ:VRSN,289.49,279.04,289.16,282.2,1.0,1174136
2026-09-09,NASDAQ:VRSN,288.21,280.98,282.2,286.94,1.0,743925
2026-09-10,NASDAQ:VRSN,290.72,286.005,287.14,288.85,1.0,579363
2026-09-11,NASDAQ:VRSN,293.01,287.615,289.86,292.71,1.0,497393
2026-09-14,NASDAQ:VRSN,302.9813,296.26,299.37,298.6,1.0,681974
2026-09-15,NASDAQ:VRSN,299.38,294.28,295.31,297.26,1.0,486928
2026-09-16,NASDAQ:VRSN,301.83,294.68,295.89,298.46,1.0,638643
2026-09-17,NASDAQ:VRSN,303.41,293.515,297.48,302.05,1.0,656934
2026-09-18,NASDAQ:VRSN,307.1997,300.39,302.05,303.12,1.0,1442895
2026-09-21,NASDAQ:VRSN,308.28,302.1,303.59,308.18,1.0,1337015
2026-09-22,NASDAQ:VRSN,309.9999,298.23,308.88,299.42,1.0,777029
2026-09-23,NASDAQ:VRSN,301.9062,291.76,300.57,293.28,1.0,618513
2026-09-24,NASDAQ:VRSN,298.13,291.53,294.26,291.88,1.0,614203
2026-09-25,NASDAQ:VRSN,292.61,286.82,291.88,287.25,1.0,593187
2026-09-28,NASDAQ:VRSN,285.07,280.165,284.02,282.07,1.0,476516
2026-09-29,NASDAQ:VRSN,280.25,275.23,279.23,279.84,1.0,693727
2026-09-30,NASDAQ:VRSN,286.82,279.76,279.76,282.01,1.0,759402
2026-10-01,NASDAQ:VRSN,288.41,281.46,284.38,286.9,1.0,628348
2026-10-02,NASDAQ:VRSN,288.68,284.6,287.81,288.32,1.0,1242298
2026-10-05,NASDAQ:VRSN,294.735,287.12,287.89,292.26,1.0,1136246
2026-10-06,NASDAQ:VRSN,294.88,290.45,291.84,293.1,1.0,889613
2026-09-08,NASDAQ:SITM,641.0,597.57,628.5,598.95,1.0,315492
2026-09-09,NASDAQ:SITM,614.19,588.01,592.96,589.87,1.0,387902
2026-09-10,NASDAQ:SITM,622.83,566.0,574.32,602.27,1.0,590379
2026-09-11,NASDAQ:SITM,645.0,607.82,614.875,635.66,1.0,380336
2026-09-14,NASDAQ:SITM,595.0,554.14,595.0,558.35,1.0,518800
2026-09-15,NASDAQ:SITM,574.441,540.78,568.86,550.39,1.0,410719
2026-09-16,NASDAQ:SITM,566.71,539.54,560.32,548.9,1.0,507242
2026-09-17,NASDAQ:SITM,607.9699,569.75,580.16,598.6,1.0,661969
2026-09-18,NASDAQ:SITM,619.99,601.21,616.53,614.27,1.0,1062336
2026-09-21,NASDAQ:SITM,644.97,615.0,629.9,638.32,1.0,716308
2026-09-22,NASDAQ:SITM,635.0097,621.02,622.45,633.72,1.0,524303
2026-09-23,NASDAQ:SITM,627.96,593.68,627.4,608.91,1.0,340825
2026-09-24,NASDAQ:SITM,645.39,578.53,590.58,643.24,1.0,450542
2026-09-25,NASDAQ:SITM,669.8575,638.6298,650.0,662.27,1.0,501985
2026-09-28,NASDAQ:SITM,666.34,634.8801,660.69,656.65,1.0,335445
2026-09-29,NASDAQ:SITM,672.81,646.0,672.81,651.43,1.0,346496
2026-09-30,NASDAQ:SITM,658.88,640.2926,657.57,652.03,1.0,416828
2026-10-01,NASDAQ:SITM,695.54,642.0259,655.0,678.87,1.0,417756
2026-10-02,NASDAQ:SITM,724.33,698.11,701.05,709.44,1.0,418862
2026-10-05,NASDAQ:SITM,724.0,700.08,713.52,710.04,1.0,258814
2026-10-06,NASDAQ:SITM,731.49,702.6,720.69,711.06,1.0,248653
2026-09-08,NASDAQ:NBIS,254.74,234.325,234.845,243.88,1.0,26697328
2026-09-09,NASDAQ:NBIS,250.27200000000002,240.2,247.905,240.35,1.0,11438959
2026-09-10,NASDAQ:NBIS,238.33,226.03,232.0,228.11,1.0,13059378
2026-09-11,NASDAQ:NBIS,234.95,223.64,234.8,224.55,1.0,11228340
2026-09-14,NASDAQ:NBIS,219.32,203.87,204.98,212.19,1.0,13725144
2026-09-15,NASDAQ:NBIS,216.5595,206.8473,211.03,207.37,1.0,10489033
2026-09-16,NASDAQ:NBIS,220.4,208.4614,212.49,209.37,1.0,13917864
2026-09-17,NASDAQ:NBIS,232.85,209.65,230.02,217.99,1.0,30767648
2026-09-18,NASDAQ:NBIS,224.6499,210.3,217.895,223.54,1.0,21347716
2026-09-21,NASDAQ:NBIS,237.96,221.3,225.96,232.8,1.0,17531104
2026-09-22,NASDAQ:NBIS,246.61,231.66,233.24,236.12,1.0,15388959
2026-09-23,NASDAQ:NBIS,236.5686,226.39,235.16,226.61,1.0,11013375
2026-09-24,NASDAQ:NBIS,249.19,229.5,231.835,243.48,1.0,24334964
2026-09-25,NASDAQ:NBIS,246.92,235.4113,245.6,237.33,1.0,11048831
2026-09-28,NASDAQ:NBIS,245.35,228.38,235.195,231.88,1.0,12762123
2026-09-29,NASDAQ:NBIS,246.975,233.61,235.18,237.355,1.0,13102154
2026-09-30,NASDAQ:NBIS,250.48,235.06,243.655,235.88,1.0,14717718
2026-10-01,NASDAQ:NBIS,239.63,228.4701,236.18,232.28,1.0,12329186
2026-10-02,NASDAQ:NBIS,248.34,235.3417,235.76,242.81,1.0,12268426
2026-10-05,NASDAQ:NBIS,244.49,230.51,244.1,232.57,1.0,15066749
2026-10-06,NASDAQ:NBIS,255.082,237.0,237.73,249.87,1.0,21374916
2026-09-08,NYSE:ZBH,97.23,91.87,97.05,94.22,1.0,3132393
2026-09-09,NYSE:ZBH,95.73,92.55,93.02,94.61,1.0,2066854
2026-09-10,NYSE:ZBH,94.045,91.45,94.04,92.44,1.0,1365924
2026-09-11,NYSE:ZBH,93.64,91.74,92.95,93.49,1.0,1876546
2026-09-14,NYSE:ZBH,96.98,94.685,95.25,96.54,1.0,2032455
2026-09-15,NYSE:ZBH,99.1825,95.87,96.44,98.41,1.0,3616087
2026-09-16,NYSE:ZBH,98.41,96.39,97.75,96.78,1.0,1890471
2026-09-17,NYSE:ZBH,97.19,94.2,96.7,94.25,1.0,2203859
2026-09-18,NYSE:ZBH,96.165,93.715,94.04,95.36,1.0,3947389
2026-09-21,NYSE:ZBH,95.66,93.64,95.32,94.32,1.0,1600261
2026-09-22,NYSE:ZBH,95.47,93.36,95.43,93.98,1.0,1706353
2026-09-23,NYSE:ZBH,93.25,89.87,92.6,90.88,1.0,2974405
2026-09-24,NYSE:ZBH,92.505,89.02,91.43,89.69,1.0,2646385
2026-09-25,NYSE:ZBH,91.84,89.24,89.43,91.04,1.0,1788054
2026-09-28,NYSE:ZBH,91.84,90.09,90.76,91.62,1.0,1628334
2026-09-29,NYSE:ZBH,91.59,90.6,90.96,91.34,1.0,1462121
2026-09-30,NYSE:ZBH,90.865,88.82,90.82,88.83,1.0,2580476
2026-10-01,NYSE:ZBH,89.295,87.54,88.68,88.06,1.0,2298087
2026-10-02,NYSE:ZBH,88.805,87.11,88.13,88.29,1.0,1985371
2026-10-05,NYSE:ZBH,92.025,88.2252,89.02,91.57,1.0,2293175
2026-10-06,NYSE:ZBH,91.95,89.55,91.5,89.77,1.0,1678220
2026-09-08,NASDAQ:BZ,17.16,16.58,16.8,16.62,1.0,8041068
2026-09-09,NASDAQ:BZ,16.73,15.965,16.62,16.07,1.0,8001871
2026-09-10,NASDAQ:BZ,16.605,16.03,16.13,16.41,1.0,9462329
2026-09-11,NASDAQ:BZ,16.99,16.38,16.38,16.44,1.0,6584647
2026-09-14,NASDAQ:BZ,16.03,15.29,16.03,15.45,1.0,42113934
2026-09-15,NASDAQ:BZ,15.45,14.995,15.31,15.035,1.0,9328800
2026-09-16,NASDAQ:BZ,15.225,14.82,15.15,15.01,1.0,6973168
2026-09-17,NASDAQ:BZ,15.05,14.75,15.01,14.84,1.0,5490555
2026-09-18,NASDAQ:BZ,15.045,14.765,14.82,14.8,1.0,6229852
2026-09-21,NASDAQ:BZ,14.57,14.22,14.57,14.44,1.0,11012845
2026-09-22,NASDAQ:BZ,14.845,14.355,14.49,14.82,1.0,11419697
2026-09-23,NASDAQ:BZ,14.7325,14.35,14.66,14.41,1.0,4551896
2026-09-24,NASDAQ:BZ,14.56,14.025,14.32,14.22,1.0,6636860
2026-09-25,NASDAQ:BZ,14.29,14.03,14.25,14.11,1.0,3675852
2026-09-28,NASDAQ:BZ,14.285,13.68,13.77,14.18,1.0,7000917
2026-09-29,NASDAQ:BZ,14.34,14.0,14.27,14.17,1.0,5250951
2026-09-30,NASDAQ:BZ,14.825,14.14,14.2,14.8,1.0,7066353
2026-10-01,NASDAQ:BZ,14.97,14.685,14.86,14.95,1.0,6519394
2026-10-02,NASDAQ:BZ,14.985,14.72,14.8,14.83,1.0,4862107
2026-10-05,NASDAQ:BZ,15.3,14.705,14.97,15.1,1.0,4804727
2026-10-06,NASDAQ:BZ,15.295,14.98,15.1,15.11,1.0,2896172
2026-09-08,NASDAQ:EXTR,21.91,21.36,21.79,21.65,1.0,1202147
2026-09-09,NASDAQ:EXTR,21.79,21.36,21.62,21.46,1.0,1073996
2026-09-10,NASDAQ:EXTR,21.595,21.06,21.1,21.18,1.0,1188628
2026-09-11,NASDAQ:EXTR,22.49,21.51,21.51,22.2,1.0,1127464
2026-09-14,NASDAQ:EXTR,22.13,21.07,21.27,21.63,1.0,1650783
2026-09-15,NASDAQ:EXTR,22.1,21.73,21.76,22.05,1.0,1254438
2026-09-16,NASDAQ:EXTR,22.4,21.64,22.21,21.89,1.0,1219797
2026-09-17,NASDAQ:EXTR,22.92,22.24,22.42,22.31,1.0,1746731
2026-09-18,NASDAQ:EXTR,22.705,21.935,22.54,22.31,1.0,2394480
2026-09-21,NASDAQ:EXTR,22.79,22.18,22.55,22.73,1.0,917691
2026-09-22,NASDAQ:EXTR,22.7575,21.835,22.75,22.11,1.0,1489952
2026-09-23,NASDAQ:EXTR,22.09,21.69,22.09,22.03,1.0,954275
2026-09-24,NASDAQ:EXTR,21.88,21.505,21.67,21.64,1.0,1172794
2026-09-25,NASDAQ:EXTR,21.94,21.5,21.77,21.52,1.0,1771565
2026-09-28,NASDAQ:EXTR,21.44,20.88,21.44,21.0,1.0,1591909
2026-09-29,NASDAQ:EXTR,21.32,20.76,21.32,21.07,1.0,1665519
2026-09-30,NASDAQ:EXTR,21.69,21.14,21.24,21.45,1.0,1985130
2026-10-01,NASDAQ:EXTR,22.03,21.24,21.9,21.97,1.0,1645495
2026-10-02,NASDAQ:EXTR,23.48,22.31,22.5,23.12,1.0,1976501
2026-10-05,NASDAQ:EXTR,23.71,22.72,23.0,23.33,1.0,1822291
2026-10-06,NASDAQ:EXTR,24.575,23.36,23.58,24.54,1.0,1719530
2026-09-08,NYSE:AGX,444.5267,416.0,416.0,436.78,1.0,470828
2026-09-09,NYSE:AGX,440.0,399.25,427.94,402.13,1.0,570012
2026-09-10,NYSE:AGX,411.83,394.69,401.73,396.33,1.0,479701
2026-09-11,NYSE:AGX,416.55,401.05,401.05,413.74,1.0,245784
2026-09-14,NYSE:AGX,398.69,382.37,389.1,392.56,1.0,418072
2026-09-15,NYSE:AGX,400.71,385.04,397.92,388.74,1.0,398218
2026-09-16,NYSE:AGX,402.01,390.34,396.69,393.72,1.0,370403
2026-09-17,NYSE:AGX,413.13,377.1506,406.81,383.0,1.0,666612
2026-09-18,NYSE:AGX,390.0,382.53,387.5,389.85,1.0,595915
2026-09-21,NYSE:AGX,396.175,378.63,396.175,380.12,1.0,872483
2026-09-22,NYSE:AGX,385.0,369.9,383.63,371.25,1.0,431903
2026-09-23,NYSE:AGX,378.7599,362.47,370.2,374.4,1.0,251746
2026-09-24,NYSE:AGX,374.88,360.99,367.09,361.06,1.0,423630
2026-09-25,NYSE:AGX,366.835,361.01,363.4,364.29,1.0,222297
2026-09-28,NYSE:AGX,366.21,354.78,360.0,355.21,1.0,284590
2026-09-29,NYSE:AGX,386.4,364.51,368.0,378.39,1.0,423550
2026-09-30,NYSE:AGX,384.29,370.92,379.75,377.95,1.0,358306
2026-10-01,NYSE:AGX,383.005,370.39,377.64,379.58,1.0,293160
2026-10-02,NYSE:AGX,390.52,379.21,381.44,383.83,1.0,270676
2026-10-05,NYSE:AGX,393.931,378.655,385.0,387.74,1.0,269717
2026-10-06,NYSE:AGX,421.19,392.3,392.83,419.92,1.0,579724
2026-09-08,NASDAQ:JOUT,48.0,45.07,46.03,45.15,1.0,46603
2026-09-09,NASDAQ:JOUT,45.52,44.265,45.03,45.03,1.0,29903
2026-09-10,NASDAQ:JOUT,44.95,44.08,44.95,44.235,1.0,38972
2026-09-11,NASDAQ:JOUT,45.44,44.33,44.87,44.61,1.0,28429
2026-09-14,NASDAQ:JOUT,44.94,44.155,44.44,44.55,1.0,30258
2026-09-15,NASDAQ:JOUT,46.1,44.2,44.64,44.6,1.0,38465
2026-09-16,NASDAQ:JOUT,45.24,43.515,44.51,44.25,1.0,28638
2026-09-17,NASDAQ:JOUT,45.53,44.14,44.72,44.27,1.0,42980
2026-09-18,NASDAQ:JOUT,44.55,43.77,44.2,44.38,1.0,78545
2026-09-21,NASDAQ:JOUT,44.5,43.87,44.34,43.88,1.0,34850
2026-09-22,NASDAQ:JOUT,45.52,44.11,44.11,44.95,1.0,42357
2026-09-23,NASDAQ:JOUT,44.77,43.91,44.51,44.03,1.0,23160
2026-09-24,NASDAQ:JOUT,44.59,43.66,44.59,43.76,1.0,61518
2026-09-25,NASDAQ:JOUT,44.8655,43.185,43.56,44.43,1.0,30731
2026-09-28,NASDAQ:JOUT,45.005,43.935,44.43,44.24,1.0,48313
2026-09-29,NASDAQ:JOUT,44.49,43.88,44.08,44.24,1.0,19868
2026-09-30,NASDAQ:JOUT,44.42,43.4773,44.42,43.65,1.0,54287
2026-10-01,NASDAQ:JOUT,44.63,43.31,43.31,44.51,1.0,31947
2026-10-02,NASDAQ:JOUT,45.15,44.56,44.84,44.91,1.0,21903
2026-10-05,NASDAQ:JOUT,45.17,43.73,45.17,44.5,1.0,45790
2026-09-08,NYSE:PPL,35.58,35.025,35.08,35.08,1.0,9991674
2026-09-09,NYSE:PPL,35.22,34.43,35.09,34.55,1.0,7380370
2026-09-10,NYSE:PPL,34.455,34.15,34.36,34.21,1.0,8227968
2026-09-11,NYSE:PPL,34.46,34.025,34.46,34.08,1.0,5600749
2026-09-14,NYSE:PPL,34.31,33.67,34.21,33.79,1.0,4370838
2026-09-15,NYSE:PPL,33.87,33.23,33.74,33.23,1.0,6209387
2026-09-16,NYSE:PPL,33.54,33.2,33.49,33.41,1.0,4264861
2026-09-17,NYSE:PPL,33.72,33.275,33.6,33.6,1.0,5824671
2026-09-18,NYSE:PPL,33.48,33.205,33.35,33.34,1.0,8292069
2026-09-21,NYSE:PPL,33.41,32.995,33.37,33.05,1.0,4231911
2026-09-22,NYSE:PPL,33.255,32.805,33.08,32.88,1.0,5474145
2026-09-23,NYSE:PPL,32.765,32.2,32.7,32.25,1.0,5240695
2026-09-24,NYSE:PPL,32.39,31.91,32.32,31.97,1.0,6491874
2026-09-25,NYSE:PPL,32.19,31.555,31.98,32.03,1.0,6892393
2026-09-28,NYSE:PPL,32.15,31.82,32.15,32.11,1.0,7700197
2026-09-29,NYSE:PPL,32.62,31.92,32.08,32.58,1.0,7090823
2026-09-30,NYSE:PPL,33.1,32.61,32.79,32.89,1.0,14848077
2026-10-01,NYSE:PPL,32.87,32.335,32.72,32.76,1.0,9994013
2026-10-02,NYSE:PPL,33.215,32.775,32.94,32.8,1.0,6388837
2026-10-05,NYSE:PPL,33.185,32.64,32.86,32.95,1.0,6790620
2026-10-06,NYSE:PPL,33.73,33.105,33.175,33.695,1.0,7007122
2026-09-08,NASDAQ:ARLP,26.9104,26.63,26.89,26.66,1.0,342754
2026-09-09,NASDAQ:ARLP,26.94,26.5,26.94,26.77,1.0,231419
2026-09-10,NASDAQ:ARLP,26.94,26.67,26.94,26.87,1.0,222003
2026-09-11,NASDAQ:ARLP,26.85,26.42,26.8,26.53,1.0,206734
2026-09-14,NASDAQ:ARLP,26.56,26.04,26.56,26.14,1.0,225231
2026-09-15,NASDAQ:ARLP,26.3496,26.0,26.0,26.14,1.0,271699
2026-09-16,NASDAQ:ARLP,26.37,25.7,26.14,25.85,1.0,231253
2026-09-17,NASDAQ:ARLP,26.21,25.7,25.8,26.16,1.0,237464
2026-09-18,NASDAQ:ARLP,26.31,25.85,26.31,25.87,1.0,310717
2026-09-21,NASDAQ:ARLP,25.96,25.65,25.7,25.8,1.0,184162
2026-09-22,NASDAQ:ARLP,25.955,25.62,25.71,25.86,1.0,96304
2026-09-23,NASDAQ:ARLP,25.93,25.43,25.93,25.55,1.0,283499
2026-09-24,NASDAQ:ARLP,26.24,25.06,26.24,25.195,1.0,293008
2026-09-25,NASDAQ:ARLP,25.25,24.925,25.04,25.15,1.0,373945
2026-09-28,NASDAQ:ARLP,25.29,24.71,25.1,24.83,1.0,297081
2026-09-29,NASDAQ:ARLP,24.84,24.31,24.84,24.38,1.0,261341
2026-09-30,NASDAQ:ARLP,24.741,24.29,24.51,24.29,1.0,214673
2026-10-01,NASDAQ:ARLP,24.45,24.01,24.45,24.34,1.0,625671
2026-10-02,NASDAQ:ARLP,24.6499,24.26,24.26,24.53,1.0,239541
2026-10-05,NASDAQ:ARLP,24.95,24.52,24.53,24.79,1.0,334440
2026-10-06,NASDAQ:ARLP,24.8887,24.6456,24.87,24.67,1.0,406967
2026-09-08,NASDAQ:MDLZ,61.89,60.465,60.86,61.63,1.0,10082843
2026-09-09,NASDAQ:MDLZ,62.62,60.89,61.11,62.42,1.0,8681912
2026-09-10,NASDAQ:MDLZ,62.62,61.83,62.49,62.47,1.0,7098968
2026-09-11,NASDAQ:MDLZ,62.9,62.205,62.87,62.44,1.0,5567092
2026-09-14,NASDAQ:MDLZ,63.83,62.09,63.15,62.39,1.0,6527377
2026-09-15,NASDAQ:MDLZ,62.33,61.705,61.98,62.1,1.0,5665484
2026-09-16,NASDAQ:MDLZ,63.015,61.9,62.05,62.36,1.0,6201861
2026-09-17,NASDAQ:MDLZ,62.56,61.465,62.56,62.04,1.0,7806081
2026-09-18,NASDAQ:MDLZ,61.75,60.485,61.69,60.85,1.0,17743719
2026-09-21,NASDAQ:MDLZ,61.15,60.095,61.14,60.17,1.0,9425035
2026-09-22,NASDAQ:MDLZ,61.27,60.31,60.615,61.08,1.0,9023263
2026-09-23,NASDAQ:MDLZ,61.675,60.79,61.08,61.44,1.0,9664931
2026-09-24,NASDAQ:MDLZ,62.19,60.755,61.43,60.86,1.0,5808788
2026-09-25,NASDAQ:MDLZ,60.7,60.0,60.59,60.25,1.0,5578887
2026-09-28,NASDAQ:MDLZ,60.68,59.75,60.155,60.18,1.0,7262902
2026-09-29,NASDAQ:MDLZ,59.66,58.785,58.785,59.32,1.0,8402820
2026-09-30,NASDAQ:MDLZ,59.14,57.81,59.03,57.82,1.0,10966553
2026-10-01,NASDAQ:MDLZ,58.18,57.35,57.865,57.76,1.0,7615300
2026-10-02,NASDAQ:MDLZ,58.315,57.48,57.68,58.19,1.0,7882368
2026-10-05,NASDAQ:MDLZ,58.49,57.32,57.32,58.49,1.0,8067321
2026-10-06,NASDAQ:MDLZ,59.96,58.25,58.5,59.62,1.0,7209615
2026-09-08,NYSE:NJR,54.2,53.31,53.31,54.0,1.0,435318
2026-09-09,NYSE:NJR,54.49,53.05,54.22,53.48,1.0,528801
2026-09-10,NYSE:NJR,54.0,52.935,53.84,53.34,1.0,607327
2026-09-11,NYSE:NJR,54.0,52.945,53.75,53.16,1.0,658434
2026-09-14,NYSE:NJR,53.94,53.05,53.69,53.1,1.0,582467
2026-09-15,NYSE:NJR,53.41,52.7001,53.27,53.27,1.0,688234
2026-09-16,NYSE:NJR,54.035,53.3,53.77,53.5,1.0,782973
2026-09-17,NYSE:NJR,54.32,53.46,54.32,53.47,1.0,737212
2026-09-18,NYSE:NJR,53.88,52.68,53.88,53.32,1.0,1886349
2026-09-21,NYSE:NJR,53.92,52.88,53.92,52.92,1.0,635913
2026-09-22,NYSE:NJR,53.33,52.33,52.91,52.72,1.0,590361
2026-09-23,NYSE:NJR,53.28,52.0,53.02,52.22,1.0,603072
2026-09-24,NYSE:NJR,51.93,50.905,51.93,51.06,1.0,933160
2026-09-25,NYSE:NJR,51.11,50.25,51.0,50.61,1.0,1486346
2026-09-28,NYSE:NJR,50.74,49.94,50.74,50.4,1.0,771900
2026-09-29,NYSE:NJR,51.005,49.995,50.12,50.83,1.0,679800
2026-09-30,NYSE:NJR,51.145,50.455,50.94,50.6,1.0,821215
2026-10-01,NYSE:NJR,51.17,49.75,50.42,51.15,1.0,839900
2026-10-02,NYSE:NJR,52.08,51.16,51.27,51.59,1.0,780319
2026-10-05,NYSE:NJR,51.48,50.64,51.48,50.89,1.0,1136310
2026-10-06,NYSE:NJR,51.77,51.0,51.77,51.54,1.0,498781
2026-09-08,NASDAQ:DIOD,93.7611,90.28,93.34,90.92,1.0,312224
2026-09-09,NASDAQ:DIOD,92.24,89.3824,89.56,90.07,1.0,285895
2026-09-10,NASDAQ:DIOD,92.55,87.1,87.3,91.66,1.0,442081
2026-09-11,NASDAQ:DIOD,95.76,91.37,93.36,95.01,1.0,484190
2026-09-14,NASDAQ:DIOD,92.13,88.235,89.49,90.31,1.0,932111
2026-09-15,NASDAQ:DIOD,91.81,86.85,91.71,90.27,1.0,419837
2026-09-16,NASDAQ:DIOD,92.68,87.43,91.62,89.43,1.0,521436
2026-09-17,NASDAQ:DIOD,93.5,90.58,92.79,90.79,1.0,375499
2026-09-18,NASDAQ:DIOD,92.43,90.25,92.2,92.37,1.0,705928
2026-09-21,NASDAQ:DIOD,94.43,90.68,94.43,90.73,1.0,686655
2026-09-22,NASDAQ:DIOD,96.43,89.56,90.25,95.94,1.0,945604
2026-09-23,NASDAQ:DIOD,95.83,92.23,94.79,95.51,1.0,328729
2026-09-24,NASDAQ:DIOD,95.17,91.85,93.7,94.74,1.0,518594
2026-09-25,NASDAQ:DIOD,97.905,95.125,95.89,95.84,1.0,353412
2026-09-28,NASDAQ:DIOD,96.57,92.9,95.84,96.37,1.0,469585
2026-09-29,NASDAQ:DIOD,98.7399,95.96,97.97,97.18,1.0,442179
2026-09-30,NASDAQ:DIOD,98.225,96.01,97.18,96.79,1.0,402369
2026-10-01,NASDAQ:DIOD,97.62,95.0,96.18,97.49,1.0,338320
2026-10-02,NASDAQ:DIOD,105.64,100.45,100.98,103.84,1.0,663075
2026-10-05,NASDAQ:DIOD,105.2,101.15,105.2,103.53,1.0,421401
2026-10-06,NASDAQ:DIOD,110.86,106.45,107.56,107.74,1.0,952889
2026-09-08,NYSE:ZTS,75.1,73.48,74.8,73.56,1.0,5658696
2026-09-09,NYSE:ZTS,74.08,73.09,73.5,73.31,1.0,5448796
2026-09-10,NYSE:ZTS,73.4,72.35,73.07,72.86,1.0,5409917
2026-09-11,NYSE:ZTS,73.5,71.5,73.24,72.97,1.0,5242670
2026-09-14,NYSE:ZTS,74.82,73.485,74.2,73.67,1.0,3768485
2026-09-15,NYSE:ZTS,73.7825,72.72,72.91,73.43,1.0,4080240
2026-09-16,NYSE:ZTS,73.9,72.92,73.47,73.0,1.0,4590897
2026-09-17,NYSE:ZTS,73.445,72.0,73.35,73.02,1.0,4043810
2026-09-18,NYSE:ZTS,73.05,71.4,72.565,71.4,1.0,9881006
2026-09-21,NYSE:ZTS,72.475,70.26,72.06,71.33,1.0,3946568
2026-09-22,NYSE:ZTS,73.46,71.24,71.98,72.86,1.0,3840955
2026-09-23,NYSE:ZTS,73.55,71.55,72.75,71.61,1.0,3829141
2026-09-24,NYSE:ZTS,72.38,69.93,71.85,70.27,1.0,3372129
2026-09-25,NYSE:ZTS,71.08,69.52,70.0,71.05,1.0,4166939
2026-09-28,NYSE:ZTS,71.6762,70.08,70.5,71.43,1.0,3907362
2026-09-29,NYSE:ZTS,71.7,69.995,71.4,70.3,1.0,3521310
2026-09-30,NYSE:ZTS,70.765,69.52,70.55,69.83,1.0,4444525
2026-10-01,NYSE:ZTS,70.9,68.92,70.0,69.1,1.0,5347617
2026-10-02,NYSE:ZTS,70.1,68.77,69.12,69.69,1.0,5260389
2026-10-05,NYSE:ZTS,71.47,69.0,69.41,71.41,1.0,3644365
2026-10-06,NYSE:ZTS,72.3,70.6,71.89,71.34,1.0,3409118
2026-09-08,NYSE:OMC,82.34,80.465,82.34,81.13,1.0,3696116
2026-09-09,NYSE:OMC,80.5,77.05,80.49,78.3,1.0,3276577
2026-09-10,NYSE:OMC,79.81,77.97,78.23,79.45,1.0,2437308
2026-09-11,NYSE:OMC,80.035,78.42,79.87,79.01,1.0,1952103
2026-09-14,NYSE:OMC,81.69,79.7784,80.01,81.07,1.0,2481932
2026-09-15,NYSE:OMC,81.04,79.66,80.23,79.85,1.0,2045628
2026-09-16,NYSE:OMC,80.15,78.795,79.5,79.33,1.0,2083038
2026-09-17,NYSE:OMC,79.755,78.48,79.52,78.6,1.0,1915555
2026-09-18,NYSE:OMC,77.46,75.66,77.46,76.57,1.0,16729632
2026-09-21,NYSE:OMC,77.34,74.97,77.1,75.59,1.0,3705064
2026-09-22,NYSE:OMC,76.37,74.7136,76.37,75.34,1.0,2615859
2026-09-23,NYSE:OMC,76.64,74.25,75.17,75.49,1.0,2916242
2026-09-24,NYSE:OMC,76.34,74.44,75.41,74.7,1.0,1845934
2026-09-25,NYSE:OMC,76.17,73.97,74.5,76.15,1.0,2895971
2026-09-28,NYSE:OMC,75.85,74.68,75.52,75.1,1.0,2771894
2026-09-29,NYSE:OMC,75.38,73.84,74.72,74.14,1.0,2518777
2026-09-30,NYSE:OMC,74.73,73.63,74.21,73.63,1.0,1958753
2026-10-01,NYSE:OMC,76.63,74.44,75.37,74.7,1.0,3044337
2026-10-02,NYSE:OMC,75.11,73.66,74.93,74.15,1.0,1947964
2026-10-05,NYSE:OMC,75.49,74.15,74.26,75.25,1.0,2358360
2026-10-06,NYSE:OMC,75.935,74.53,75.38,75.1,1.0,2037244
2026-09-08,NYSE:MTN,137.4,132.25,135.7,132.99,1.0,797541
2026-09-09,NYSE:MTN,132.92,129.28,132.88,130.33,1.0,673161
2026-09-10,NYSE:MTN,134.77,129.01,129.77,133.33,1.0,932676
2026-09-11,NYSE:MTN,141.32,134.0,134.0,140.09,1.0,1630542
2026-09-14,NYSE:MTN,141.06,135.64,140.14,140.51,1.0,1043547
2026-09-15,NYSE:MTN,141.04,137.64,140.05,138.07,1.0,600892
2026-09-16,NYSE:MTN,142.055,138.16,138.38,140.12,1.0,835563
2026-09-17,NYSE:MTN,142.86,137.76,142.86,137.76,1.0,977652
2026-09-18,NYSE:MTN,140.49,137.0001,138.12,139.8,1.0,1697941
2026-09-21,NYSE:MTN,142.35,138.82,138.82,140.43,1.0,908161
2026-09-22,NYSE:MTN,142.72,138.41,141.5,138.98,1.0,931013
2026-09-23,NYSE:MTN,141.5,137.76,139.17,140.05,1.0,966633
2026-09-24,NYSE:MTN,141.49,137.62,140.41,137.82,1.0,1125350
2026-09-25,NYSE:MTN,139.5,135.19,138.66,136.11,1.0,1369654
2026-09-28,NYSE:MTN,138.835,135.0,135.83,138.09,1.0,1632262
2026-09-29,NYSE:MTN,142.1,132.591,138.42,141.29,1.0,2285812
2026-09-30,NYSE:MTN,144.24,136.68,144.24,137.18,1.0,1333248
2026-10-01,NYSE:MTN,139.59,136.71,138.51,138.99,1.0,714656
2026-10-02,NYSE:MTN,143.01,138.83,140.0,141.16,1.0,845586
2026-10-05,NYSE:MTN,141.37,137.96,141.06,139.3,1.0,824031
2026-10-06,NYSE:MTN,147.37,139.67,139.67,145.2,1.0,660717
2026-09-08,NYSE:HII,293.0,286.45,286.99,287.67,1.0,328849
2026-09-09,NYSE:HII,290.59,280.77,288.25,280.85,1.0,356717
2026-09-10,NYSE:HII,285.16,279.62,280.0,281.67,1.0,410016
2026-09-11,NYSE:HII,284.87,278.17,283.79,279.69,1.0,445857
2026-09-14,NYSE:HII,282.19,277.16,277.77,280.01,1.0,329923
2026-09-15,NYSE:HII,280.98,272.88,280.98,279.46,1.0,416434
2026-09-16,NYSE:HII,280.51,275.04,279.21,278.09,1.0,467208
2026-09-17,NYSE:HII,283.25,275.5201,279.72,277.14,1.0,421722
2026-09-18,NYSE:HII,277.135,270.15,277.13,272.86,1.0,1455097
2026-09-21,NYSE:HII,276.78,272.2305,273.39,276.1,1.0,425063
2026-09-22,NYSE:HII,278.78,268.09,278.0,270.95,1.0,541651
2026-09-23,NYSE:HII,274.35,268.0741,269.99,269.8,1.0,476643
2026-09-24,NYSE:HII,271.99,265.58,270.0,266.0,1.0,375589
2026-09-25,NYSE:HII,266.05,261.71,265.0,264.02,1.0,305728
2026-09-28,NYSE:HII,262.505,256.81,261.69,257.05,1.0,617201
2026-09-29,NYSE:HII,262.4999,256.7875,257.44,259.64,1.0,521153
2026-09-30,NYSE:HII,269.87,262.91,267.12,267.07,1.0,772383
2026-10-01,NYSE:HII,275.98,266.39,269.09,274.33,1.0,807374
2026-10-02,NYSE:HII,275.51,267.31,274.9,268.54,1.0,655797
2026-10-05,NYSE:HII,271.1247,264.925,269.52,266.48,1.0,566150
2026-10-06,NYSE:HII,269.9,258.57,264.95,263.68,1.0,608651
2026-09-08,NASDAQ:KITT,0.6989,0.6498,0.65,0.6879,1.0,601869
2026-09-09,NASDAQ:KITT,0.7140000000000001,0.67,0.7140000000000001,0.6990000000000001,1.0,1108240
2026-09-10,NASDAQ:KITT,0.6890000000000001,0.6352,0.6703,0.644,1.0,438411
2026-09-11,NASDAQ:KITT,0.6599,0.6265,0.63,0.6563,1.0,238802
2026-09-14,NASDAQ:KITT,0.66,0.6247,0.66,0.6286,1.0,321297
2026-09-15,NASDAQ:KITT,0.6317,0.602,0.6273,0.6113,1.0,218665
2026-09-16,NASDAQ:KITT,0.6397,0.6,0.6163,0.6297,1.0,228586
2026-09-17,NASDAQ:KITT,0.6497,0.6131,0.6399,0.6233,1.0,206698
2026-09-18,NASDAQ:KITT,0.6722,0.6263,0.6369,0.6387,1.0,348085
2026-09-21,NASDAQ:KITT,0.665,0.6079,0.665,0.6163,1.0,283269
2026-09-22,NASDAQ:KITT,0.6499,0.6151,0.62,0.6259,1.0,227791
2026-09-23,NASDAQ:KITT,0.6,0.52,0.6,0.5236,1.0,1173578
2026-09-24,NASDAQ:KITT,0.5398,0.4816,0.521,0.4915,1.0,748821
2026-09-25,NASDAQ:KITT,3.24,2.18,3.23,2.32,0.16666666666666666,11784144
2026-09-28,NASDAQ:KITT,2.08,1.7301,2.03,1.81,1.0,922963
2026-09-29,NASDAQ:KITT,1.9399,1.7217,1.83,1.86,1.0,312507
2026-09-30,NASDAQ:KITT,1.97,1.82,1.86,1.91,1.0,210566
2026-10-01,NASDAQ:KITT,1.95,1.551,1.95,1.58,1.0,582246
2026-10-02,NASDAQ:KITT,1.62,1.45,1.56,1.52,1.0,275178
2026-10-05,NASDAQ:KITT,1.52,1.38,1.52,1.48,1.0,225077
2026-10-06,NASDAQ:KITT,1.57,1.44,1.48,1.54,1.0,170898
2026-09-08,NASDAQ:MPAA,12.01,11.67,12.01,11.71,1.0,123968
2026-09-09,NASDAQ:MPAA,12.075,11.56,12.075,11.68,1.0,139391
2026-09-10,NASDAQ:MPAA,11.66,10.88,11.56,10.965,1.0,149860
2026-09-11,NASDAQ:MPAA,11.255,10.77,11.09,10.81,1.0,84498
2026-09-14,NASDAQ:MPAA,11.04,10.7001,10.73,11.0,1.0,86680
2026-09-15,NASDAQ:MPAA,11.1,10.73,10.95,10.76,1.0,75871
2026-09-16,NASDAQ:MPAA,10.9,10.54,10.72,10.65,1.0,145683
2026-09-17,NASDAQ:MPAA,10.895,10.555,10.81,10.57,1.0,79101
2026-09-18,NASDAQ:MPAA,10.67,10.43,10.5,10.64,1.0,333467
2026-09-21,NASDAQ:MPAA,10.585,10.41,10.585,10.54,1.0,150432
2026-09-22,NASDAQ:MPAA,10.96,10.6,10.68,10.85,1.0,102794
2026-09-23,NASDAQ:MPAA,10.85,10.48,10.85,10.56,1.0,136085
2026-09-24,NASDAQ:MPAA,10.61,10.41,10.51,10.56,1.0,114725
2026-09-25,NASDAQ:MPAA,10.81,10.55,10.61,10.7,1.0,89863
2026-09-28,NASDAQ:MPAA,10.84,10.495,10.69,10.53,1.0,182333
2026-09-29,NASDAQ:MPAA,10.86,10.48,10.6,10.55,1.0,96642
2026-09-30,NASDAQ:MPAA,10.595,10.13,10.54,10.49,1.0,291867
2026-10-01,NASDAQ:MPAA,10.66,10.27,10.52,10.34,1.0,102756
2026-10-02,NASDAQ:MPAA,10.545,10.3,10.5,10.53,1.0,99688
2026-10-05,NASDAQ:MPAA,10.69,10.45,10.53,10.62,1.0,79951
2026-10-06,NASDAQ:MPAA,10.74,10.5,10.66,10.68,1.0,76497
2026-09-08,NYSE:NLOP,11.38,10.95,10.95,11.16,1.0,194913
2026-09-09,NYSE:NLOP,11.3,11.03,11.06,11.14,1.0,195956
2026-09-10,NYSE:NLOP,11.16,10.81,11.11,10.94,1.0,161362
2026-09-11,NYSE:NLOP,11.06,10.81,11.0,10.87,1.0,170041
2026-09-14,NYSE:NLOP,10.99,10.75,10.81,10.96,1.0,124193
2026-09-15,NYSE:NLOP,11.0,10.82,10.96,10.92,1.0,185379
2026-09-16,NYSE:NLOP,10.95,10.63,10.9,10.71,1.0,139930
2026-09-17,NYSE:NLOP,10.75,10.6,10.69,10.63,1.0,103604
2026-09-18,NYSE:NLOP,10.61,10.36,10.61,10.48,1.0,393899
2026-09-21,NYSE:NLOP,10.565,10.37,10.48,10.49,1.0,106019
2026-09-22,NYSE:NLOP,10.645,10.45,10.58,10.61,1.0,101811
2026-09-23,NYSE:NLOP,10.64,10.24,10.55,10.24,1.0,109599
2026-09-24,NYSE:NLOP,10.34,9.89,10.23,9.93,1.0,195777
2026-09-25,NYSE:NLOP,10.03,9.815,9.95,9.93,1.0,260052
2026-09-28,NYSE:NLOP,10.07,9.825,9.87,10.0,1.0,248785
2026-09-29,NYSE:NLOP,10.065,9.96,10.0,9.98,1.0,94514
2026-09-30,NYSE:NLOP,10.1399,9.84,9.94,9.87,1.0,183021
2026-10-01,NYSE:NLOP,9.925,9.595,9.82,9.74,1.0,198307
2026-10-02,NYSE:NLOP,9.975,9.675,9.8,9.76,1.0,263914
2026-10-05,NYSE:NLOP,9.8,9.51,9.75,9.57,1.0,206674
2026-10-06,NYSE:NLOP,9.705,9.57,9.62,9.67,1.0,95042
2026-09-08,NYSE:LXU,11.67,11.33,11.35,11.35,1.0,742157
2026-09-09,NYSE:LXU,11.9,11.46,11.64,11.7,1.0,841674
2026-09-10,NYSE:LXU,12.02,11.51,11.84,11.63,1.0,904755
2026-09-11,NYSE:LXU,11.73,11.465,11.5,11.58,1.0,1042108
2026-09-14,NYSE:LXU,11.97,11.03,11.84,11.06,1.0,1036382
2026-09-15,NYSE:LXU,11.51,11.07,11.07,11.42,1.0,875332
2026-09-16,NYSE:LXU,11.34,10.975,11.25,11.06,1.0,606359
2026-09-17,NYSE:LXU,11.505,11.155,11.31,11.27,1.0,700009
2026-09-18,NYSE:LXU,11.28,10.9301,11.28,11.04,1.0,1792507
2026-09-21,NYSE:LXU,11.05,10.34,10.88,10.44,1.0,1209317
2026-09-22,NYSE:LXU,10.66,10.33,10.39,10.51,1.0,591685
2026-09-23,NYSE:LXU,10.65,10.21,10.555,10.27,1.0,505286
2026-09-24,NYSE:LXU,10.52,9.93,10.39,10.09,1.0,774154
2026-09-25,NYSE:LXU,10.045,9.75,10.0,9.89,1.0,1050852
2026-09-28,NYSE:LXU,10.11,9.8,9.97,9.84,1.0,854115
2026-09-29,NYSE:LXU,9.89,9.605,9.79,9.66,1.0,529246
2026-09-30,NYSE:LXU,9.845,9.63,9.71,9.77,1.0,528447
2026-10-01,NYSE:LXU,9.76,9.37,9.62,9.76,1.0,849940
2026-10-02,NYSE:LXU,9.995,9.61,9.68,9.86,1.0,621512
2026-10-05,NYSE:LXU,10.2,9.75,9.89,10.18,1.0,506071
2026-10-06,NYSE:LXU,10.36,10.14,10.215,10.16,1.0,634132
2026-09-08,NYSE:ALLY,43.3,42.26,43.15,42.28,1.0,2126867
2026-09-09,NYSE:ALLY,42.355,41.635,42.1,41.83,1.0,3452597
2026-09-10,NYSE:ALLY,42.18,41.36,41.79,42.17,1.0,3787763
2026-09-11,NYSE:ALLY,42.73,41.38,42.72,42.07,1.0,3543310
2026-09-14,NYSE:ALLY,42.385,41.705,41.82,41.94,1.0,2607872
2026-09-15,NYSE:ALLY,41.815,39.84,41.59,41.58,1.0,6263852
2026-09-16,NYSE:ALLY,41.62,39.985,41.46,40.31,1.0,5682955
2026-09-17,NYSE:ALLY,40.97,40.53,40.9,40.6,1.0,3483839
2026-09-18,NYSE:ALLY,40.4859,39.85,40.47,40.0,1.0,5420247
2026-09-21,NYSE:ALLY,40.4,39.87,40.39,39.89,1.0,2537628
2026-09-22,NYSE:ALLY,40.4615,39.06,40.31,39.07,1.0,3665311
2026-09-23,NYSE:ALLY,39.02,38.46,38.87,38.58,1.0,3885393
2026-09-24,NYSE:ALLY,38.875,38.19,38.68,38.74,1.0,3911564
2026-09-25,NYSE:ALLY,38.98,38.19,38.75,38.79,1.0,2917134
2026-09-28,NYSE:ALLY,38.75,38.06,38.75,38.19,1.0,3387732
2026-09-29,NYSE:ALLY,38.385,37.5,38.2,37.81,1.0,3586963
2026-09-30,NYSE:ALLY,37.6537,37.055,37.355,37.62,1.0,4861426
2026-10-01,NYSE:ALLY,37.65,36.65,37.25,37.65,1.0,5166480
2026-10-02,NYSE:ALLY,38.37,37.7,38.02,37.91,1.0,3719549
2026-10-05,NYSE:ALLY,38.07,37.625,37.76,37.63,1.0,4712305
2026-10-06,NYSE:ALLY,38.22,37.51,38.08,37.62,1.0,3991302
2026-09-08,NASDAQ:AMSF,25.835,24.82,25.71,24.9,1.0,591131
2026-09-09,NASDAQ:AMSF,25.05,24.56,24.82,24.8,1.0,689627
2026-09-10,NASDAQ:AMSF,24.99,24.17,24.94,24.66,1.0,650368
2026-09-11,NASDAQ:AMSF,24.79,24.11,24.5,24.77,1.0,566276
2026-09-14,NASDAQ:AMSF,25.43,24.765,24.99,25.1,1.0,403925
2026-09-15,NASDAQ:AMSF,25.1,24.66,25.1,24.8,1.0,396736
2026-09-16,NASDAQ:AMSF,24.93,24.53,24.63,24.71,1.0,375597
2026-09-17,NASDAQ:AMSF,24.87,24.39,24.77,24.67,1.0,382769
2026-09-18,NASDAQ:AMSF,24.82,24.15,24.42,24.62,1.0,3262958
2026-09-21,NASDAQ:AMSF,25.125,24.52,24.8,24.56,1.0,429470
2026-09-22,NASDAQ:AMSF,24.73,24.18,24.63,24.56,1.0,422128
2026-09-23,NASDAQ:AMSF,24.69,24.21,24.49,24.37,1.0,380876
2026-09-24,NASDAQ:AMSF,24.615,23.8,24.57,23.83,1.0,447627
2026-09-25,NASDAQ:AMSF,23.99,23.5,23.9,23.51,1.0,924630
2026-09-28,NASDAQ:AMSF,23.84,23.2,23.56,23.76,1.0,589865
2026-09-29,NASDAQ:AMSF,23.955,23.34,23.63,23.87,1.0,404426
2026-09-30,NASDAQ:AMSF,23.92,23.35,23.92,23.63,1.0,595756
2026-10-01,NASDAQ:AMSF,23.9,23.415,23.73,23.68,1.0,494703
2026-10-02,NASDAQ:AMSF,23.95,23.5,23.82,23.59,1.0,494373
2026-10-05,NASDAQ:AMSF,23.75,23.215,23.56,23.28,1.0,475592
2026-10-06,NASDAQ:AMSF,23.69,23.22,23.23,23.6,1.0,347894
2026-09-08,NASDAQ:LMB,50.2,49.185,49.86,49.54,1.0,466544
2026-09-09,NASDAQ:LMB,49.7204,47.02,48.8,48.81,1.0,460058
2026-09-10,NASDAQ:LMB,48.94,47.23,48.37,48.31,1.0,380791
2026-09-11,NASDAQ:LMB,51.0,48.45,48.47,50.5,1.0,379220
2026-09-14,NASDAQ:LMB,52.0,48.75,49.05,51.18,1.0,499980
2026-09-15,NASDAQ:LMB,52.36,49.82,50.21,50.52,1.0,497149
2026-09-16,NASDAQ:LMB,53.42,51.47,52.38,52.56,1.0,453109
2026-09-17,NASDAQ:LMB,54.39,48.89,54.0,50.05,1.0,318474
2026-09-18,NASDAQ:LMB,52.425,49.575,49.68,51.74,1.0,511664
2026-09-21,NASDAQ:LMB,52.86,51.0,52.39,52.21,1.0,297955
2026-09-22,NASDAQ:LMB,54.0,51.445,52.08,52.08,1.0,168044
2026-09-23,NASDAQ:LMB,52.18,50.59,52.08,51.12,1.0,182635
2026-09-24,NASDAQ:LMB,51.645,50.03,50.61,51.33,1.0,227190
2026-09-25,NASDAQ:LMB,51.8,50.41,51.42,51.48,1.0,131369
2026-09-28,NASDAQ:LMB,51.2,48.01,51.07,48.56,1.0,417426
2026-09-29,NASDAQ:LMB,49.97,47.8,48.69,47.95,1.0,185978
2026-09-30,NASDAQ:LMB,49.87,47.19,48.46,48.93,1.0,363081
2026-10-01,NASDAQ:LMB,50.245,48.39,49.26,49.69,1.0,445564
2026-10-02,NASDAQ:LMB,51.045,47.9525,50.28,49.1,1.0,248616
2026-10-05,NASDAQ:LMB,50.59,48.205,49.36,49.94,1.0,196194
2026-10-06,NASDAQ:LMB,52.3425,50.43,50.51,51.35,1.0,155318
2026-09-08,NASDAQ:BANF,112.845,111.16,112.17,111.29,1.0,110337
2026-09-09,NASDAQ:BANF,111.05,109.51,110.25,110.8,1.0,110507
2026-09-10,NASDAQ:BANF,111.205,109.64,110.51,110.84,1.0,88726
2026-09-11,NASDAQ:BANF,112.08,110.1,111.46,110.9,1.0,113024
2026-09-14,NASDAQ:BANF,112.52,110.8901,111.2,111.56,1.0,123896
2026-09-15,NASDAQ:BANF,112.24,110.3877,111.54,110.94,1.0,111893
2026-09-16,NASDAQ:BANF,111.4399,108.28,110.94,109.63,1.0,131983
2026-09-17,NASDAQ:BANF,111.41,108.93,111.14,108.97,1.0,105243
2026-09-18,NASDAQ:BANF,109.43,107.58,108.98,108.29,1.0,358676
2026-09-21,NASDAQ:BANF,109.975,108.53,108.64,109.46,1.0,113461
2026-09-22,NASDAQ:BANF,110.69,108.22,110.69,108.24,1.0,142794
2026-09-23,NASDAQ:BANF,108.4,106.725,107.67,106.98,1.0,101454
2026-09-24,NASDAQ:BANF,108.82,106.48,107.44,107.35,1.0,123273
2026-09-25,NASDAQ:BANF,108.82,107.32,107.74,108.71,1.0,235377
2026-09-28,NASDAQ:BANF,108.48,107.09,108.27,107.29,1.0,158301
2026-09-29,NASDAQ:BANF,108.1,105.56200000000001,107.15,106.35,1.0,189645
2026-09-30,NASDAQ:BANF,106.15,104.74,105.83,105.28,1.0,164562
2026-10-01,NASDAQ:BANF,106.9399,103.9,104.77,106.49,1.0,179179
2026-10-02,NASDAQ:BANF,109.3,106.82,107.96,108.08,1.0,165966
2026-10-05,NASDAQ:BANF,108.695,107.35,107.83,107.57,1.0,147898
2026-10-06,NASDAQ:BANF,108.99,106.35,108.16,106.79,1.0,107326
2026-09-08,NASDAQ:MRCY,85.77,81.21,82.99,83.46,1.0,861420
2026-09-09,NASDAQ:MRCY,84.0,79.795,83.26,80.76,1.0,788411
2026-09-10,NASDAQ:MRCY,81.88,79.58,80.25,80.43,1.0,421502
2026-09-11,NASDAQ:MRCY,82.775,79.98,81.64,80.61,1.0,474856
2026-09-14,NASDAQ:MRCY,82.575,78.47,78.47,81.03,1.0,662520
2026-09-15,NASDAQ:MRCY,87.61,80.616,81.99,87.01,1.0,1074982
2026-09-16,NASDAQ:MRCY,87.52,85.18,87.52,87.25,1.0,668360
2026-09-17,NASDAQ:MRCY,90.06,85.4475,89.27,86.18,1.0,576225
2026-09-18,NASDAQ:MRCY,86.975,84.365,86.975,85.28,1.0,1731823
2026-09-21,NASDAQ:MRCY,87.23,85.115,86.52,85.65,1.0,418634
2026-09-22,NASDAQ:MRCY,86.75,82.5,86.75,83.88,1.0,687420
2026-09-23,NASDAQ:MRCY,83.94,81.91,83.03,82.72,1.0,444717
2026-09-24,NASDAQ:MRCY,83.58,80.987,81.86,83.175,1.0,466621
2026-09-25,NASDAQ:MRCY,84.34,81.775,83.79,82.18,1.0,440819
2026-09-28,NASDAQ:MRCY,81.365,79.61,80.95,80.12,1.0,604491
2026-09-29,NASDAQ:MRCY,82.9,78.61,80.54,82.64,1.0,844414
2026-09-30,NASDAQ:MRCY,84.67,81.59,83.91,83.0,1.0,667451
2026-10-01,NASDAQ:MRCY,84.39,81.05,83.4,84.07,1.0,480535
2026-10-02,NASDAQ:MRCY,86.725,84.06,86.52,84.87,1.0,549446
2026-10-05,NASDAQ:MRCY,85.0,82.64,84.66,82.94,1.0,538478
2026-10-06,NASDAQ:MRCY,84.14,81.25,83.8,82.8,1.0,547569
2026-09-08,NYSE:UIS,2.62,2.46,2.6,2.53,1.0,712822
2026-09-09,NYSE:UIS,2.509,2.41,2.5,2.44,1.0,523125
2026-09-10,NYSE:UIS,2.465,2.39,2.41,2.41,1.0,467121
2026-09-11,NYSE:UIS,2.4564,2.4,2.45,2.42,1.0,380140
2026-09-14,NYSE:UIS,2.535,2.41,2.42,2.5,1.0,468467
2026-09-15,NYSE:UIS,2.53,2.445,2.47,2.51,1.0,588061
2026-09-16,NYSE:UIS,2.53,2.435,2.53,2.45,1.0,433922
2026-09-17,NYSE:UIS,2.575,2.4401,2.54,2.48,1.0,731016
2026-09-18,NYSE:UIS,2.5,2.375,2.5,2.4,1.0,1151683
2026-09-21,NYSE:UIS,2.485,2.4,2.42,2.44,1.0,590288
2026-09-22,NYSE:UIS,2.51,2.41,2.48,2.45,1.0,346382
2026-09-23,NYSE:UIS,2.45,2.36,2.44,2.37,1.0,391750
2026-09-24,NYSE:UIS,2.4,2.33,2.36,2.36,1.0,590438
2026-09-25,NYSE:UIS,2.411,2.31,2.38,2.32,1.0,595681
2026-09-28,NYSE:UIS,2.27,2.1608,2.27,2.24,1.0,822397
2026-09-29,NYSE:UIS,2.285,2.23,2.23,2.28,1.0,475434
2026-09-30,NYSE:UIS,2.345,2.28,2.28,2.31,1.0,613699
2026-10-01,NYSE:UIS,2.3565,2.245,2.34,2.31,1.0,502024
2026-10-02,NYSE:UIS,2.35,2.25,2.35,2.28,1.0,782356
2026-10-05,NYSE:UIS,2.38,2.26,2.28,2.32,1.0,1208257
2026-10-06,NYSE:UIS,2.39,2.305,2.34,2.31,1.0,800880
