date,ticker,high,low,open,close,split_coefficient,volume
2026-04-01,NYSE:SITC,5.37,5.27,5.28,5.36,1.0,802235
2026-04-02,NYSE:SITC,5.41,5.27,5.3,5.4,1.0,571751
2026-04-06,NYSE:SITC,5.43,5.35,5.37,5.41,1.0,521908
2026-04-07,NYSE:SITC,5.485,5.39,5.39,5.42,1.0,753927
2026-04-08,NYSE:SITC,5.55,5.395,5.55,5.42,1.0,898124
2026-04-09,NYSE:SITC,5.44,5.32,5.36,5.35,1.0,735751
2026-04-10,NYSE:SITC,5.4,5.32,5.34,5.36,1.0,600319
2026-04-13,NYSE:SITC,5.34,5.24,5.33,5.26,1.0,653899
2026-04-14,NYSE:SITC,5.35,5.25,5.25,5.3,1.0,740945
2026-04-15,NYSE:SITC,5.365,5.29,5.3,5.34,1.0,551096
2026-04-16,NYSE:SITC,5.48,5.35,5.35,5.45,1.0,570727
2026-04-17,NYSE:SITC,5.585192,5.49,5.49,5.58,1.0,562470
2026-04-20,NYSE:SITC,5.59,5.535,5.55,5.58,1.0,379404
2026-04-21,NYSE:SITC,5.58,5.41,5.57,5.42,1.0,336970
2026-04-22,NYSE:SITC,5.48,5.375,5.48,5.41,1.0,480838
2026-04-23,NYSE:SITC,5.465,5.375,5.4,5.44,1.0,604481
2026-04-24,NYSE:SITC,5.57,5.4,5.41,5.57,1.0,591727
2026-04-27,NYSE:SITC,5.61,5.49,5.5,5.53,1.0,335986
2026-04-28,NYSE:SITC,5.63,5.55,5.55,5.61,1.0,379119
2026-04-29,NYSE:SITC,5.61,5.44,5.57,5.46,1.0,534926
2026-04-30,NYSE:SITC,5.515,5.42,5.51,5.49,1.0,528070
2026-05-01,NYSE:SITC,5.5852,5.48,5.51,5.56,1.0,482164
2026-05-04,NYSE:SITC,5.595,5.465,5.52,5.48,1.0,472328
2026-05-05,NYSE:SITC,5.63,5.46,5.48,5.61,1.0,557503
2026-05-06,NYSE:SITC,5.69,5.62,5.62,5.62,1.0,473800
2026-05-07,NYSE:SITC,5.705,5.58,5.63,5.6,1.0,458426
2026-05-08,NYSE:SITC,5.645,5.29,5.35,5.55,1.0,603656
2026-05-11,NYSE:SITC,5.655,5.52,5.55,5.61,1.0,481685
2026-05-12,NYSE:SITC,5.63,5.52,5.58,5.55,1.0,351938
2026-05-13,NYSE:SITC,5.5499,5.39,5.51,5.41,1.0,438698
2026-05-14,NYSE:SITC,5.47,5.4,5.45,5.43,1.0,344356
2026-05-15,NYSE:SITC,5.4,5.32,5.4,5.39,1.0,637934
2026-05-18,NYSE:SITC,5.5014,5.38,5.38,5.45,1.0,459985
2026-05-19,NYSE:SITC,5.49,5.4,5.46,5.44,1.0,636855
2026-05-20,NYSE:SITC,5.515,5.4,5.42,5.5,1.0,564043
2026-05-21,NYSE:SITC,5.5,5.38,5.5,5.39,1.0,740842
2026-05-22,NYSE:SITC,5.43,5.33,5.42,5.35,1.0,783829
2026-05-26,NYSE:SITC,5.415,5.25,5.35,5.29,1.0,776632
2026-05-27,NYSE:SITC,5.355,5.175,5.33,5.19,1.0,759690
2026-05-28,NYSE:SITC,5.26,5.155,5.2,5.2,1.0,777712
2026-05-29,NYSE:SITC,5.235,5.04,5.2,5.05,1.0,874096
2026-06-01,NYSE:SITC,5.0279,4.86,5.0,4.9,1.0,790316
2026-06-02,NYSE:SITC,4.96,4.87,4.87,4.93,1.0,683842
2026-06-03,NYSE:SITC,4.96,4.855,4.94,4.88,1.0,722703
2026-06-04,NYSE:SITC,4.995,4.895,4.96,4.95,1.0,494194
2026-06-05,NYSE:SITC,5.045,4.96,4.97,4.99,1.0,397736
2026-06-08,NYSE:SITC,5.035,4.96,4.99,4.97,1.0,630129
2026-06-09,NYSE:SITC,5.09,4.96,4.96,5.06,1.0,953759
2026-06-10,NYSE:SITC,5.135,5.03,5.07,5.03,1.0,508281
2026-06-11,NYSE:SITC,5.08,5.01,5.07,5.01,1.0,470603
2026-06-12,NYSE:SITC,5.05,4.89,5.02,4.94,1.0,502749
2026-06-15,NYSE:SITC,4.9976,4.805,4.94,4.83,1.0,486828
2026-06-16,NYSE:SITC,4.8796,4.77,4.86,4.81,1.0,543085
2026-06-17,NYSE:SITC,4.825,4.675,4.79,4.72,1.0,532847
2026-06-18,NYSE:SITC,4.81,4.72,4.72,4.77,1.0,1804977
2026-06-22,NYSE:SITC,4.85,4.69,4.69,4.71,1.0,687809
2026-06-23,NYSE:SITC,4.79,4.695,4.74,4.72,1.0,1131164
2026-06-24,NYSE:SITC,4.825,4.745,4.76,4.77,1.0,450590
2026-06-25,NYSE:SITC,4.8,4.585,4.7,4.59,1.0,599959
2026-06-26,NYSE:SITC,4.65,4.51,4.62,4.51,1.0,3689881
2026-06-29,NYSE:SITC,4.56,4.12,4.56,4.14,1.0,1547084
2026-06-30,NYSE:SITC,4.1,3.91,4.08,3.97,1.0,1617418
2026-07-01,NYSE:SITC,4.505,4.17,4.17,4.46,1.0,1953932
2026-07-02,NYSE:SITC,4.6,4.43,4.45,4.49,1.0,1538908
2026-07-06,NYSE:SITC,4.525,4.25,4.5,4.25,1.0,1766722
2026-07-07,NYSE:SITC,4.455,4.255,4.3,4.35,1.0,2615731
2026-07-08,NYSE:SITC,4.31,4.16,4.3,4.18,1.0,953548
2026-07-09,NYSE:SITC,4.275,4.16,4.17,4.21,1.0,829779
2026-07-10,NYSE:SITC,4.295,4.17,4.23,4.29,1.0,512890
2026-07-13,NYSE:SITC,4.386,4.26,4.27,4.27,1.0,1299910
2026-07-14,NYSE:SITC,4.255,4.155,4.23,4.23,1.0,890642
2026-07-15,NYSE:SITC,4.35,4.21,4.22,4.34,1.0,606217
2026-07-16,NYSE:SITC,4.45,4.33,4.33,4.42,1.0,853410
2026-07-17,NYSE:SITC,4.565,4.395,4.41,4.48,1.0,610448
2026-07-20,NYSE:SITC,4.47,4.41,4.44,4.41,1.0,335207
2026-07-21,NYSE:SITC,4.41,4.275,4.36,4.38,1.0,729051
2026-07-22,NYSE:SITC,4.4,4.22,4.4,4.27,1.0,517407
2026-07-23,NYSE:SITC,4.275,4.205,4.22,4.26,1.0,462492
2026-07-24,NYSE:SITC,4.39,4.26,4.27,4.38,1.0,516442
2026-07-27,NYSE:SITC,4.51,4.395,4.42,4.43,1.0,589519
2026-07-28,NYSE:SITC,4.53,4.43,4.43,4.47,1.0,520399
2026-07-29,NYSE:SITC,4.49,4.435,4.47,4.49,1.0,402614
2026-07-30,NYSE:SITC,4.5,4.265,4.49,4.33,1.0,422176
2026-07-31,NYSE:SITC,4.35,4.225,4.32,4.28,1.0,792789
2026-08-03,NYSE:SITC,3.395,3.3,3.32,3.31,1.0,1208058
2026-08-04,NYSE:SITC,3.2108,2.89,3.03,3.17,1.0,2581298
2026-08-05,NYSE:SITC,3.3,3.105,3.16,3.28,1.0,1444077
2026-08-06,NYSE:SITC,3.29,3.04,3.29,3.13,1.0,1632457
2026-08-07,NYSE:SITC,3.1899,3.1,3.12,3.15,1.0,801391
2026-08-10,NYSE:SITC,3.13,3.005,3.13,3.02,1.0,776615
2026-08-11,NYSE:SITC,3.04,2.96,3.04,2.96,1.0,1192379
2026-08-12,NYSE:SITC,3.02,2.96,2.99,2.98,1.0,779894
2026-08-13,NYSE:SITC,3.03,2.98,2.98,3.02,1.0,859669
2026-08-14,NYSE:SITC,3.03,2.95,3.0,2.96,1.0,746647
2026-08-17,NYSE:SITC,2.98,2.89,2.95,2.97,1.0,1008832
2026-08-18,NYSE:SITC,3.05,2.965,2.97,3.03,1.0,811950
2026-08-19,NYSE:SITC,3.08,3.01,3.03,3.03,1.0,681769
2026-08-20,NYSE:SITC,3.065,3.0009,3.05,3.02,1.0,569824
2026-08-21,NYSE:SITC,3.08,3.01,3.04,3.07,1.0,579676
2026-08-24,NYSE:SITC,3.11,3.02,3.08,3.07,1.0,965163
2026-08-25,NYSE:SITC,3.085,2.98,3.08,2.98,1.0,784061
2026-08-26,NYSE:SITC,3.055,2.955,2.98,3.03,1.0,952641
2026-08-27,NYSE:SITC,3.02,2.97,3.01,2.98,1.0,879856
2026-08-28,NYSE:SITC,3.045,2.945,3.03,2.99,1.0,1548453
2026-08-31,NYSE:SITC,3.005,2.93,2.99,2.95,1.0,1455847
2026-09-01,NYSE:SITC,3.02,2.9,2.95,2.9,1.0,1191644
2026-09-02,NYSE:SITC,2.99,2.9068,2.91,2.935,1.0,635655
2026-04-01,NASDAQ:TASK,6.9,6.5,6.71,6.87,1.0,1001207
2026-04-02,NASDAQ:TASK,7.01,6.69,6.76,6.94,1.0,433112
2026-04-06,NASDAQ:TASK,7.02,6.72,6.95,6.72,1.0,301171
2026-04-07,NASDAQ:TASK,6.82,6.61,6.72,6.67,1.0,496153
2026-04-08,NASDAQ:TASK,7.02,6.63,6.88,6.65,1.0,299098
2026-04-09,NASDAQ:TASK,6.64,6.47,6.62,6.57,1.0,427921
2026-04-10,NASDAQ:TASK,6.61,6.39,6.61,6.47,1.0,270045
2026-04-13,NASDAQ:TASK,6.865,6.47,6.47,6.82,1.0,596041
2026-04-14,NASDAQ:TASK,7.08,6.76,6.88,6.78,1.0,503435
2026-04-15,NASDAQ:TASK,7.3498,6.83,6.85,7.02,1.0,1182253
2026-04-16,NASDAQ:TASK,7.4,6.985,7.06,7.35,1.0,1629769
2026-04-17,NASDAQ:TASK,7.54,7.32,7.49,7.42,1.0,454221
2026-04-20,NASDAQ:TASK,7.4,7.135,7.29,7.23,1.0,537383
2026-04-21,NASDAQ:TASK,7.3,7.16,7.23,7.21,1.0,389267
2026-04-22,NASDAQ:TASK,7.32,6.895,7.25,6.96,1.0,299862
2026-04-23,NASDAQ:TASK,6.93,6.26,6.91,6.39,1.0,553967
2026-04-24,NASDAQ:TASK,6.53,6.265,6.43,6.48,1.0,416888
2026-04-27,NASDAQ:TASK,6.5598,6.27,6.46,6.27,1.0,349981
2026-04-28,NASDAQ:TASK,6.44,6.295,6.34,6.33,1.0,272700
2026-04-29,NASDAQ:TASK,6.4099,6.265,6.33,6.31,1.0,193516
2026-04-30,NASDAQ:TASK,6.505,6.211,6.32,6.48,1.0,338301
2026-05-01,NASDAQ:TASK,6.67,6.43,6.52,6.54,1.0,410460
2026-05-04,NASDAQ:TASK,6.68,6.405,6.52,6.41,1.0,247837
2026-05-05,NASDAQ:TASK,6.605,6.315,6.42,6.39,1.0,854526
2026-05-06,NASDAQ:TASK,6.8,6.28,6.48,6.68,1.0,2473188
2026-05-07,NASDAQ:TASK,6.97,5.89,6.78,6.37,1.0,1404510
2026-05-08,NASDAQ:TASK,6.515,6.0575,6.31,6.445,1.0,733884
2026-05-11,NASDAQ:TASK,6.5778,5.85,6.4,5.85,1.0,1162748
2026-05-12,NASDAQ:TASK,5.921,5.75,5.87,5.82,1.0,780853
2026-05-13,NASDAQ:TASK,5.845,5.52,5.82,5.54,1.0,714643
2026-05-14,NASDAQ:TASK,5.6,5.415,5.55,5.515,1.0,527421
2026-05-15,NASDAQ:TASK,5.6098,5.39,5.5,5.49,1.0,682764
2026-05-18,NASDAQ:TASK,5.665,5.46,5.5,5.6,1.0,533489
2026-05-19,NASDAQ:TASK,5.92,5.55,5.62,5.75,1.0,741465
2026-05-20,NASDAQ:TASK,6.095,5.59,5.73,6.02,1.0,603244
2026-05-21,NASDAQ:TASK,6.18,5.9297,5.94,6.12,1.0,702239
2026-05-22,NASDAQ:TASK,6.2801,6.05,6.08,6.16,1.0,731069
2026-05-26,NASDAQ:TASK,6.23,6.03,6.16,6.05,1.0,487463
2026-05-27,NASDAQ:TASK,6.345,6.065,6.09,6.21,1.0,600523
2026-05-28,NASDAQ:TASK,6.33,6.12,6.15,6.31,1.0,373448
2026-05-29,NASDAQ:TASK,6.3401,6.215,6.3,6.33,1.0,323247
2026-06-01,NASDAQ:TASK,6.62,6.3084,6.33,6.6,1.0,437927
2026-06-02,NASDAQ:TASK,6.54,6.34,6.54,6.47,1.0,346060
2026-06-03,NASDAQ:TASK,6.43,5.85,6.42,5.86,1.0,473773
2026-06-04,NASDAQ:TASK,6.025,5.84,5.95,5.95,1.0,346091
2026-06-05,NASDAQ:TASK,5.97,5.685,5.95,5.74,1.0,415297
2026-06-08,NASDAQ:TASK,5.7,5.5107,5.7,5.66,1.0,637380
2026-06-09,NASDAQ:TASK,5.9,5.64,5.65,5.72,1.0,391438
2026-06-10,NASDAQ:TASK,5.75,5.52,5.65,5.53,1.0,419833
2026-06-11,NASDAQ:TASK,5.585,5.37,5.51,5.57,1.0,467726
2026-06-12,NASDAQ:TASK,5.62,5.42,5.57,5.48,1.0,409745
2026-06-15,NASDAQ:TASK,5.6849,5.38,5.59,5.38,1.0,527824
2026-06-16,NASDAQ:TASK,5.545,5.3,5.4,5.36,1.0,783238
2026-06-17,NASDAQ:TASK,5.44,5.105,5.36,5.11,1.0,727308
2026-06-18,NASDAQ:TASK,5.13,4.895,5.13,4.91,1.0,981340
2026-06-22,NASDAQ:TASK,5.085,4.8,4.87,4.99,1.0,865662
2026-06-23,NASDAQ:TASK,5.07,4.68,4.99,4.69,1.0,886680
2026-06-24,NASDAQ:TASK,4.96,4.69,4.69,4.88,1.0,627098
2026-06-25,NASDAQ:TASK,4.96,4.465,4.88,4.57,1.0,1259072
2026-06-26,NASDAQ:TASK,4.78,4.52,4.58,4.73,1.0,601915
2026-06-29,NASDAQ:TASK,4.9,4.74,4.79,4.79,1.0,596877
2026-06-30,NASDAQ:TASK,4.76,4.525,4.72,4.68,1.0,730734
2026-07-01,NASDAQ:TASK,5.155,4.72,4.72,5.03,1.0,720724
2026-07-02,NASDAQ:TASK,5.29,5.005,5.05,5.03,1.0,342277
2026-07-06,NASDAQ:TASK,5.305,4.99,5.04,5.18,1.0,444888
2026-07-07,NASDAQ:TASK,5.41,5.175,5.23,5.19,1.0,380849
2026-07-08,NASDAQ:TASK,5.22,5.01,5.16,5.18,1.0,398129
2026-07-09,NASDAQ:TASK,5.35,5.125,5.14,5.27,1.0,379324
2026-07-10,NASDAQ:TASK,5.43,5.26,5.33,5.41,1.0,336354
2026-07-13,NASDAQ:TASK,5.74,5.52,5.6,5.62,1.0,798564
2026-07-14,NASDAQ:TASK,6.005,5.5,5.54,5.8,1.0,917870
2026-07-15,NASDAQ:TASK,6.04,5.81,5.81,5.97,1.0,513793
2026-07-16,NASDAQ:TASK,6.135,5.92,6.03,5.97,1.0,593464
2026-07-17,NASDAQ:TASK,5.97,5.705,5.88,5.83,1.0,345581
2026-07-20,NASDAQ:TASK,5.96,5.66,5.81,5.82,1.0,329201
2026-07-21,NASDAQ:TASK,5.87,5.7,5.75,5.84,1.0,461249
2026-07-22,NASDAQ:TASK,5.89,5.55,5.87,5.85,1.0,1972682
2026-07-23,NASDAQ:TASK,5.75,5.32,5.75,5.35,1.0,2044366
2026-07-24,NASDAQ:TASK,5.54,5.355,5.36,5.52,1.0,1692111
2026-07-27,NASDAQ:TASK,6.135,5.58,5.64,5.8,1.0,1931015
2026-07-28,NASDAQ:TASK,6.32,5.9,5.9,6.2,1.0,436340
2026-07-29,NASDAQ:TASK,6.55,6.22,6.24,6.49,1.0,545463
2026-07-30,NASDAQ:TASK,6.5208,5.84,6.42,5.915,1.0,1720253
2026-07-31,NASDAQ:TASK,6.08,5.835,5.92,6.07,1.0,437848
2026-08-03,NASDAQ:TASK,6.46,6.135,6.22,6.36,1.0,1280337
2026-08-04,NASDAQ:TASK,6.54,6.23,6.28,6.54,1.0,648643
2026-08-05,NASDAQ:TASK,6.6,6.28,6.54,6.32,1.0,453604
2026-08-06,NASDAQ:TASK,8.225,7.02,7.04,7.82,1.0,3169669
2026-08-07,NASDAQ:TASK,7.7875,7.025,7.71,7.3,1.0,1271416
2026-08-10,NASDAQ:TASK,7.22,6.95,7.15,7.1,1.0,572747
2026-08-11,NASDAQ:TASK,7.1579999999999995,6.885,7.05,6.9,1.0,347317
2026-08-12,NASDAQ:TASK,6.925,6.57,6.84,6.92,1.0,501804
2026-08-13,NASDAQ:TASK,7.365,6.96,7.02,7.27,1.0,891241
2026-08-14,NASDAQ:TASK,7.55,7.29,7.32,7.5,1.0,630513
2026-08-17,NASDAQ:TASK,7.925,7.105,7.5,7.19,1.0,541183
2026-08-18,NASDAQ:TASK,7.51,7.165,7.22,7.38,1.0,729121
2026-08-19,NASDAQ:TASK,8.13,7.38,7.38,8.08,1.0,746580
2026-08-20,NASDAQ:TASK,8.08,7.68,7.96,7.76,1.0,425631
2026-08-21,NASDAQ:TASK,8.02,7.72,7.8,8.0,1.0,454903
2026-08-24,NASDAQ:TASK,8.04,7.815,7.99,7.83,1.0,246328
2026-08-25,NASDAQ:TASK,7.97,7.72,7.83,7.96,1.0,190710
2026-08-26,NASDAQ:TASK,7.93,7.7,7.9,7.75,1.0,247170
2026-08-27,NASDAQ:TASK,8.22,7.7704,7.78,8.21,1.0,362243
2026-08-28,NASDAQ:TASK,8.43,8.1,8.15,8.39,1.0,603829
2026-08-31,NASDAQ:TASK,8.43,8.18,8.3,8.25,1.0,482329
2026-09-01,NASDAQ:TASK,8.22,7.745,8.1,7.76,1.0,320903
2026-09-02,NASDAQ:TASK,8.125,7.78,7.78,8.06,1.0,594887
2026-04-01,NASDAQ:FHB,25.09,24.59,24.64,24.98,1.0,1263076
2026-04-02,NASDAQ:FHB,25.155,24.5,24.58,25.05,1.0,1321542
2026-04-06,NASDAQ:FHB,25.555,24.97,25.03,25.51,1.0,1207315
2026-04-07,NASDAQ:FHB,25.805,25.41,25.47,25.68,1.0,1675646
2026-04-08,NASDAQ:FHB,26.525,26.17,26.17,26.39,1.0,1860525
2026-04-09,NASDAQ:FHB,26.88,26.06,26.29,26.73,1.0,1566438
2026-04-10,NASDAQ:FHB,26.84,26.175,26.66,26.27,1.0,2229490
2026-04-13,NASDAQ:FHB,26.575,25.985,26.18,26.56,1.0,1533987
2026-04-14,NASDAQ:FHB,26.595,26.25,26.47,26.46,1.0,1049795
2026-04-15,NASDAQ:FHB,26.58,26.23,26.51,26.43,1.0,1379626
2026-04-16,NASDAQ:FHB,26.52,26.175,26.36,26.23,1.0,1025622
2026-04-17,NASDAQ:FHB,27.335,26.44,26.49,26.82,1.0,1828581
2026-04-20,NASDAQ:FHB,27.44,26.75,26.75,27.15,1.0,1929798
2026-04-21,NASDAQ:FHB,27.475,26.785,27.14,26.87,1.0,2300046
2026-04-22,NASDAQ:FHB,27.02,26.64,26.95,26.78,1.0,2187614
2026-04-23,NASDAQ:FHB,27.055,26.64,26.85,26.96,1.0,2705353
2026-04-24,NASDAQ:FHB,27.56,26.21,26.58,26.41,1.0,3113171
2026-04-27,NASDAQ:FHB,27.345,26.49,26.59,27.28,1.0,2418069
2026-04-28,NASDAQ:FHB,27.78,26.95,27.58,27.16,1.0,2119410
2026-04-29,NASDAQ:FHB,27.26,26.785,27.02,26.93,1.0,1484886
2026-04-30,NASDAQ:FHB,27.55,26.5,26.74,27.28,1.0,2543730
2026-05-01,NASDAQ:FHB,27.59,27.08,27.34,27.47,1.0,1440034
2026-05-04,NASDAQ:FHB,27.545,27.01,27.31,27.2,1.0,1499454
2026-05-05,NASDAQ:FHB,27.5899,27.02,27.28,27.52,1.0,1779095
2026-05-06,NASDAQ:FHB,27.88,27.46,27.62,27.62,1.0,3153907
2026-05-07,NASDAQ:FHB,27.82,26.995,27.65,27.43,1.0,2522758
2026-05-08,NASDAQ:FHB,27.5,27.25,27.45,27.34,1.0,1550501
2026-05-11,NASDAQ:FHB,27.61,26.68,27.34,26.76,1.0,1805327
2026-05-12,NASDAQ:FHB,26.92,26.12,26.85,26.42,1.0,1444462
2026-05-13,NASDAQ:FHB,26.485,26.09,26.38,26.13,1.0,1248118
2026-05-14,NASDAQ:FHB,26.745,26.37,26.37,26.65,1.0,1568387
2026-05-15,NASDAQ:FHB,26.73,26.13,26.63,26.41,1.0,1484293
2026-05-18,NASDAQ:FHB,26.655,26.23,26.32,26.63,1.0,1296925
2026-05-19,NASDAQ:FHB,26.635,26.19,26.6,26.43,1.0,1147189
2026-05-20,NASDAQ:FHB,27.28,26.295,26.51,27.16,1.0,1828338
2026-05-21,NASDAQ:FHB,27.3,26.83,27.16,27.27,1.0,1371230
2026-05-22,NASDAQ:FHB,27.65,26.88,27.27,27.35,1.0,1356378
2026-05-26,NASDAQ:FHB,27.74,27.18,27.39,27.41,1.0,1906889
2026-05-27,NASDAQ:FHB,27.59,27.025,27.4,27.18,1.0,1330858
2026-05-28,NASDAQ:FHB,27.17,26.86,27.17,27.11,1.0,1372142
2026-05-29,NASDAQ:FHB,27.27,26.93,27.07,26.98,1.0,1607813
2026-06-01,NASDAQ:FHB,26.98,26.405,26.78,26.59,1.0,1592624
2026-06-02,NASDAQ:FHB,27.08,26.45,26.48,27.01,1.0,1309005
2026-06-03,NASDAQ:FHB,26.85,26.38,26.85,26.46,1.0,1121431
2026-06-04,NASDAQ:FHB,27.27,26.77,26.77,27.24,1.0,2243613
2026-06-05,NASDAQ:FHB,27.53,27.16,27.37,27.35,1.0,1009142
2026-06-08,NASDAQ:FHB,27.71,27.41,27.49,27.54,1.0,1156997
2026-06-09,NASDAQ:FHB,28.485,27.67,27.71,27.87,1.0,1153235
2026-06-10,NASDAQ:FHB,28.2804,27.85,27.87,28.01,1.0,986246
2026-06-11,NASDAQ:FHB,28.36,27.85,28.01,28.15,1.0,1246868
2026-06-12,NASDAQ:FHB,28.69,28.175,28.33,28.69,1.0,996925
2026-06-15,NASDAQ:FHB,29.03,28.14,28.74,28.2,1.0,1159221
2026-06-16,NASDAQ:FHB,28.62,28.12,28.41,28.33,1.0,1046480
2026-06-17,NASDAQ:FHB,28.55,27.465,28.18,27.76,1.0,1564251
2026-06-18,NASDAQ:FHB,28.205,27.75,27.93,27.93,1.0,2454291
2026-06-22,NASDAQ:FHB,28.41,27.89,27.98,28.34,1.0,1602805
2026-06-23,NASDAQ:FHB,28.84,28.27,28.34,28.6,1.0,2398550
2026-06-24,NASDAQ:FHB,28.98,28.64,28.66,28.96,1.0,2277563
2026-06-25,NASDAQ:FHB,29.555,28.99,29.0,29.3,1.0,1282908
2026-06-26,NASDAQ:FHB,29.63,28.5407,28.5407,29.55,1.0,2756185
2026-06-29,NASDAQ:FHB,29.57,29.105,29.36,29.25,1.0,1915474
2026-06-30,NASDAQ:FHB,29.32,29.04,29.2,29.3,1.0,2294510
2026-07-01,NASDAQ:FHB,30.345,29.12,29.35,30.21,1.0,3308668
2026-07-02,NASDAQ:FHB,30.56,29.615,30.51,29.97,1.0,1589428
2026-07-06,NASDAQ:FHB,30.445,29.97,30.01,30.34,1.0,1790279
2026-07-07,NASDAQ:FHB,30.58,30.2,30.44,30.23,1.0,1476604
2026-07-08,NASDAQ:FHB,30.05,29.25,30.05,29.48,1.0,1875882
2026-07-09,NASDAQ:FHB,30.155,29.55,29.55,30.01,1.0,1829179
2026-07-10,NASDAQ:FHB,30.275,29.9,30.03,30.13,1.0,1285434
2026-07-13,NASDAQ:FHB,29.265,27.26,28.05,29.14,1.0,10437060
2026-07-14,NASDAQ:FHB,29.06,28.37,29.06,28.53,1.0,6535654
2026-07-15,NASDAQ:FHB,28.98,28.54,28.59,28.75,1.0,2831681
2026-07-16,NASDAQ:FHB,29.81,28.77,28.77,29.72,1.0,2688411
2026-07-17,NASDAQ:FHB,29.68,29.17,29.56,29.29,1.0,2537805
2026-07-20,NASDAQ:FHB,29.405,28.81,29.31,28.86,1.0,2274514
2026-07-21,NASDAQ:FHB,29.06,28.69,28.88,29.06,1.0,2342789
2026-07-22,NASDAQ:FHB,29.11,28.7,29.06,28.81,1.0,1736387
2026-07-23,NASDAQ:FHB,28.67,28.22,28.67,28.65,1.0,3569116
2026-07-24,NASDAQ:FHB,28.955,28.06,28.28,28.11,1.0,4395290
2026-07-27,NASDAQ:FHB,28.47,27.75,28.22,27.79,1.0,3073617
2026-07-28,NASDAQ:FHB,28.1,27.7,27.86,28.09,1.0,2395350
2026-07-29,NASDAQ:FHB,28.4,27.6,27.6,28.0,1.0,2690155
2026-07-30,NASDAQ:FHB,28.29,27.9,28.19,27.92,1.0,1579367
2026-07-31,NASDAQ:FHB,28.19,27.73,28.06,27.79,1.0,1803702
2026-08-03,NASDAQ:FHB,28.4,27.94,27.98,28.01,1.0,1825049
2026-08-04,NASDAQ:FHB,28.455,27.83,28.0,28.25,1.0,1725799
2026-08-05,NASDAQ:FHB,28.46,27.765,28.46,27.77,1.0,1798424
2026-08-06,NASDAQ:FHB,28.16,27.535,28.08,27.57,1.0,1876007
2026-08-07,NASDAQ:FHB,27.725,27.325,27.48,27.49,1.0,1240476
2026-08-10,NASDAQ:FHB,27.51,27.05,27.32,27.27,1.0,1914689
2026-08-11,NASDAQ:FHB,27.65,27.28,27.3,27.47,1.0,1681617
2026-08-12,NASDAQ:FHB,27.72,27.41,27.51,27.63,1.0,1476492
2026-08-13,NASDAQ:FHB,27.99,27.755,27.85,27.86,1.0,1077229
2026-08-14,NASDAQ:FHB,27.99,27.6,27.84,27.66,1.0,1265441
2026-08-17,NASDAQ:FHB,27.59,27.365,27.43,27.52,1.0,1621434
2026-08-18,NASDAQ:FHB,27.6,27.115,27.6,27.22,1.0,1647816
2026-08-19,NASDAQ:FHB,27.38,26.69,27.29,26.77,1.0,2206526
2026-08-20,NASDAQ:FHB,26.825,26.57,26.74,26.61,1.0,1822807
2026-08-21,NASDAQ:FHB,26.84,26.315,26.79,26.32,1.0,1770541
2026-08-24,NASDAQ:FHB,26.52,26.0,26.37,26.04,1.0,2206130
2026-08-25,NASDAQ:FHB,26.24,25.625,26.06,25.78,1.0,1996320
2026-08-26,NASDAQ:FHB,26.05,25.76,25.87,25.96,1.0,1934197
2026-08-27,NASDAQ:FHB,25.885,25.54,25.85,25.82,1.0,1639916
2026-08-28,NASDAQ:FHB,26.03,25.715,25.835,25.79,1.0,1558599
2026-08-31,NASDAQ:FHB,25.95,25.505,25.8,25.61,1.0,1559727
2026-09-01,NASDAQ:FHB,25.73,25.2,25.55,25.25,1.0,2000682
2026-09-02,NASDAQ:FHB,26.01,25.3,25.3,25.75,1.0,1597508
2026-04-01,NYSE:MATX,168.57,164.77,165.0,164.91,1.0,201185
2026-04-02,NYSE:MATX,167.89,161.92,161.92,166.39,1.0,322769
2026-04-06,NYSE:MATX,167.27,162.22,165.32,167.1,1.0,206966
2026-04-07,NYSE:MATX,168.95,165.96,166.48,168.11,1.0,223086
2026-04-08,NYSE:MATX,176.925,170.06,174.8,172.49,1.0,303971
2026-04-09,NYSE:MATX,174.445,171.075,172.36,172.1,1.0,180898
2026-04-10,NYSE:MATX,172.7,170.64,172.62,171.27,1.0,144724
2026-04-13,NYSE:MATX,172.55,168.76,170.39,172.48,1.0,139214
2026-04-14,NYSE:MATX,173.83,170.53,172.43,171.28,1.0,189149
2026-04-15,NYSE:MATX,171.7099,168.89,169.82,170.5,1.0,268650
2026-04-16,NYSE:MATX,174.825,169.92,169.92,174.63,1.0,235618
2026-04-17,NYSE:MATX,180.21,175.77,177.12,176.55,1.0,270420
2026-04-20,NYSE:MATX,179.31,175.51,175.79,177.03,1.0,232762
2026-04-21,NYSE:MATX,179.7,168.54,177.76,170.68,1.0,352888
2026-04-22,NYSE:MATX,171.3,167.35,171.07,170.78,1.0,187331
2026-04-23,NYSE:MATX,173.93,170.065,171.73,170.36,1.0,169506
2026-04-24,NYSE:MATX,175.23,171.46,174.68,172.32,1.0,227291
2026-04-27,NYSE:MATX,180.88,174.2,175.92,176.73,1.0,293948
2026-04-28,NYSE:MATX,178.75,175.19,177.62,175.51,1.0,162169
2026-04-29,NYSE:MATX,176.54,170.74,175.13,173.35,1.0,222284
2026-04-30,NYSE:MATX,175.37,171.63,173.78,174.43,1.0,238768
2026-05-01,NYSE:MATX,174.72,171.625,174.72,173.55,1.0,174102
2026-05-04,NYSE:MATX,172.25,168.335,172.25,170.83,1.0,309654
2026-05-05,NYSE:MATX,187.26,161.57,169.13,187.26,1.0,481305
2026-05-06,NYSE:MATX,189.99,182.425,189.55,183.73,1.0,304128
2026-05-07,NYSE:MATX,185.295,176.99,183.73,180.14,1.0,318397
2026-05-08,NYSE:MATX,183.1,178.11,180.14,182.72,1.0,169077
2026-05-11,NYSE:MATX,184.94,181.23,183.1,181.91,1.0,154938
2026-05-12,NYSE:MATX,180.375,175.5,180.19,179.01,1.0,196172
2026-05-13,NYSE:MATX,183.25,177.38,177.38,181.72,1.0,188433
2026-05-14,NYSE:MATX,182.89,178.71,182.24,182.25,1.0,174783
2026-05-15,NYSE:MATX,182.595,178.61,181.0,179.88,1.0,180847
2026-05-18,NYSE:MATX,185.4599,179.25,180.38,184.25,1.0,267029
2026-05-19,NYSE:MATX,183.4,177.33,182.13,180.06,1.0,230609
2026-05-20,NYSE:MATX,188.63,180.075,181.35,188.62,1.0,272788
2026-05-21,NYSE:MATX,190.0,182.29,187.17,182.75,1.0,329796
2026-05-22,NYSE:MATX,182.625,177.05,182.62,181.84,1.0,203702
2026-05-26,NYSE:MATX,187.0,182.24,182.24,184.53,1.0,177683
2026-05-27,NYSE:MATX,186.26,183.2,185.82,184.26,1.0,169073
2026-05-28,NYSE:MATX,185.01,179.35,183.19,180.65,1.0,132954
2026-05-29,NYSE:MATX,181.88,179.21,179.21,181.3,1.0,187677
2026-06-01,NYSE:MATX,188.5,179.58,179.87,188.11,1.0,235860
2026-06-02,NYSE:MATX,189.99,186.485,187.47,187.06,1.0,225550
2026-06-03,NYSE:MATX,188.33,185.04,185.34,185.81,1.0,203098
2026-06-04,NYSE:MATX,192.0,186.02,187.2,187.29,1.0,269272
2026-06-05,NYSE:MATX,192.53,183.61,185.52,187.32,1.0,262797
2026-06-08,NYSE:MATX,192.62,186.045,187.94,192.22,1.0,259185
2026-06-09,NYSE:MATX,197.625,191.5,195.1,194.23,1.0,331625
2026-06-10,NYSE:MATX,195.05,190.16,192.42,193.43,1.0,236554
2026-06-11,NYSE:MATX,200.8475,191.4485,196.17,198.98,1.0,268501
2026-06-12,NYSE:MATX,203.08,198.95,201.02,201.94,1.0,227343
2026-06-15,NYSE:MATX,202.1,194.925,202.07,195.18,1.0,310089
2026-06-16,NYSE:MATX,200.28,195.465,197.01,196.01,1.0,243481
2026-06-17,NYSE:MATX,196.8925,192.0201,196.05,193.57,1.0,265533
2026-06-18,NYSE:MATX,195.64,189.71,191.32,191.24,1.0,569570
2026-06-22,NYSE:MATX,198.99,193.91,193.91,196.83,1.0,276854
2026-06-23,NYSE:MATX,198.28,194.72,195.95,195.76,1.0,261909
2026-06-24,NYSE:MATX,198.49,193.74,196.0,195.59,1.0,371115
2026-06-25,NYSE:MATX,198.6999,194.08,197.24,196.37,1.0,217468
2026-06-26,NYSE:MATX,197.375,193.66,196.77,194.49,1.0,607287
2026-06-29,NYSE:MATX,195.57,191.095,193.68,194.49,1.0,385023
2026-06-30,NYSE:MATX,196.2,189.48,194.81,192.23,1.0,245453
2026-07-01,NYSE:MATX,207.88,191.89,192.23,203.92,1.0,533036
2026-07-02,NYSE:MATX,205.04,197.73,204.48,203.53,1.0,472973
2026-07-06,NYSE:MATX,206.08,200.44,204.32,204.53,1.0,278034
2026-07-07,NYSE:MATX,205.33,196.665,204.36,198.53,1.0,376215
2026-07-08,NYSE:MATX,204.9,198.23,198.23,204.73,1.0,394829
2026-07-09,NYSE:MATX,206.92,202.78,205.73,206.03,1.0,343035
2026-07-10,NYSE:MATX,206.88,203.665,204.64,204.77,1.0,191457
2026-07-13,NYSE:MATX,209.53,202.03,206.79,205.15,1.0,179014
2026-07-14,NYSE:MATX,211.52,206.15,209.02,210.95,1.0,247660
2026-07-15,NYSE:MATX,213.62,208.475,209.89,208.9,1.0,316684
2026-07-16,NYSE:MATX,230.74,214.31,215.0,223.55,1.0,556446
2026-07-17,NYSE:MATX,223.345,217.335,218.66,222.18,1.0,348581
2026-07-20,NYSE:MATX,223.78,217.49,222.19,218.41,1.0,262689
2026-07-21,NYSE:MATX,223.995,218.24,220.54,219.19,1.0,421863
2026-07-22,NYSE:MATX,218.9,215.73,217.23,215.9,1.0,253742
2026-07-23,NYSE:MATX,216.0536,193.5,215.0,213.59,1.0,466465
2026-07-24,NYSE:MATX,214.58,210.4,214.38,210.57,1.0,168834
2026-07-27,NYSE:MATX,210.99,203.28,209.67,205.45,1.0,264185
2026-07-28,NYSE:MATX,204.41,201.3,203.3,203.1,1.0,271258
2026-07-29,NYSE:MATX,204.33,198.14,202.57,201.84,1.0,417185
2026-07-30,NYSE:MATX,204.255,199.38,204.06,203.65,1.0,170313
2026-07-31,NYSE:MATX,205.01,201.6801,205.01,202.59,1.0,183564
2026-08-03,NYSE:MATX,208.55,200.7797,204.03,207.45,1.0,328650
2026-08-04,NYSE:MATX,228.0,210.05,228.0,213.44,1.0,774952
2026-08-05,NYSE:MATX,215.39,205.24,214.32,205.51,1.0,410402
2026-08-06,NYSE:MATX,208.66,201.61,203.97,206.26,1.0,284668
2026-08-07,NYSE:MATX,208.51,204.5501,206.07,206.77,1.0,224573
2026-08-10,NYSE:MATX,209.78,206.5,206.5,208.68,1.0,258995
2026-08-11,NYSE:MATX,209.9306,202.63,208.49,204.41,1.0,276542
2026-08-12,NYSE:MATX,215.8399,204.5,204.92,214.45,1.0,240256
2026-08-13,NYSE:MATX,218.47,213.4,217.0,213.76,1.0,288586
2026-08-14,NYSE:MATX,220.07,214.18,214.18,217.3,1.0,176747
2026-08-17,NYSE:MATX,222.143,217.33,217.33,219.95,1.0,205641
2026-08-18,NYSE:MATX,223.5,217.9801,219.9,218.28,1.0,130588
2026-08-19,NYSE:MATX,222.0087,217.3125,220.75,218.26,1.0,218932
2026-08-20,NYSE:MATX,221.73,215.708,217.06,216.77,1.0,192084
2026-08-21,NYSE:MATX,224.045,217.99,220.29,222.8,1.0,217789
2026-08-24,NYSE:MATX,226.2079,220.62,224.36,222.68,1.0,428970
2026-08-25,NYSE:MATX,225.97,221.345,224.3,222.82,1.0,161632
2026-08-26,NYSE:MATX,224.34,220.42,221.84,221.65,1.0,138155
2026-08-27,NYSE:MATX,224.395,220.03,220.03,222.07,1.0,238605
2026-08-28,NYSE:MATX,225.8,222.544,225.4,224.31,1.0,214761
2026-08-31,NYSE:MATX,226.68,222.81,225.0,224.81,1.0,271112
2026-09-01,NYSE:MATX,225.12,218.42,223.96,219.26,1.0,250054
2026-09-02,NYSE:MATX,221.03,217.645,219.63,218.21,1.0,315568
2026-04-01,NYSE:BOH,75.51,74.45,74.77,74.94,1.0,436169
2026-04-02,NYSE:BOH,74.84,72.985,73.4,74.79,1.0,221804
2026-04-06,NYSE:BOH,76.38,74.4276,74.95,76.24,1.0,250753
2026-04-07,NYSE:BOH,77.32,75.67,76.8,76.5,1.0,374659
2026-04-08,NYSE:BOH,79.23,78.115,78.35,78.23,1.0,337354
2026-04-09,NYSE:BOH,80.04,77.44,77.93,79.56,1.0,395543
2026-04-10,NYSE:BOH,79.53,77.97,79.4,78.54,1.0,298223
2026-04-13,NYSE:BOH,79.265,77.38,78.22,79.14,1.0,451255
2026-04-14,NYSE:BOH,79.46,77.78,78.78,79.12,1.0,282750
2026-04-15,NYSE:BOH,79.185,77.97,79.12,78.67,1.0,348324
2026-04-16,NYSE:BOH,78.66,77.93,78.42,78.39,1.0,335274
2026-04-17,NYSE:BOH,81.29,78.59,79.37,80.09,1.0,720327
2026-04-20,NYSE:BOH,82.735,77.41,77.41,80.06,1.0,646882
2026-04-21,NYSE:BOH,79.84,77.17,79.84,77.78,1.0,625009
2026-04-22,NYSE:BOH,78.78,76.93,78.09,78.11,1.0,432071
2026-04-23,NYSE:BOH,78.84,77.6446,78.48,77.87,1.0,320901
2026-04-24,NYSE:BOH,78.02,76.645,77.67,77.08,1.0,413836
2026-04-27,NYSE:BOH,79.06,77.16,77.16,78.71,1.0,329623
2026-04-28,NYSE:BOH,80.0,77.898,79.55,77.91,1.0,347233
2026-04-29,NYSE:BOH,78.03,76.67,77.41,77.38,1.0,831875
2026-04-30,NYSE:BOH,79.56,76.76,76.76,79.51,1.0,571743
2026-05-01,NYSE:BOH,80.32,78.51,79.56,80.14,1.0,420334
2026-05-04,NYSE:BOH,80.63,78.95,79.41,79.14,1.0,426540
2026-05-05,NYSE:BOH,80.32,78.84,79.25,79.89,1.0,376975
2026-05-06,NYSE:BOH,81.355,80.285,80.64,80.69,1.0,414282
2026-05-07,NYSE:BOH,81.17,79.83,80.88,79.87,1.0,289601
2026-05-08,NYSE:BOH,80.58,79.755,80.11,80.46,1.0,420182
2026-05-11,NYSE:BOH,80.93,78.26,80.8,78.46,1.0,481205
2026-05-12,NYSE:BOH,78.59,76.14,78.59,77.5,1.0,406640
2026-05-13,NYSE:BOH,77.28,75.73,77.06,75.76,1.0,586681
2026-05-14,NYSE:BOH,77.51,76.38,76.38,76.92,1.0,319863
2026-05-15,NYSE:BOH,76.91,74.84,76.91,75.72,1.0,429030
2026-05-18,NYSE:BOH,77.07,74.43,74.43,76.94,1.0,286260
2026-05-19,NYSE:BOH,76.57,75.67,76.43,76.49,1.0,416527
2026-05-20,NYSE:BOH,78.69,76.59,76.59,78.22,1.0,297087
2026-05-21,NYSE:BOH,78.31,77.045,77.65,78.12,1.0,328973
2026-05-22,NYSE:BOH,78.555,77.55,78.23,77.79,1.0,247699
2026-05-26,NYSE:BOH,79.37,77.82,78.21,78.42,1.0,290983
2026-05-27,NYSE:BOH,79.26,77.63,78.98,77.86,1.0,272286
2026-05-28,NYSE:BOH,77.74,76.75,77.68,77.29,1.0,339295
2026-05-29,NYSE:BOH,77.105,76.29,76.525,76.6,1.0,288599
2026-06-01,NYSE:BOH,76.36,70.0727,75.94,74.45,1.0,469163
2026-06-02,NYSE:BOH,75.895,74.53,74.53,75.8,1.0,290229
2026-06-03,NYSE:BOH,75.69,74.14,75.31,74.19,1.0,450651
2026-06-04,NYSE:BOH,76.44,75.3,75.46,76.37,1.0,315677
2026-06-05,NYSE:BOH,77.45,76.13,76.48,77.06,1.0,246895
2026-06-08,NYSE:BOH,77.695,76.49,77.42,76.72,1.0,231903
2026-06-09,NYSE:BOH,79.425,77.35,77.35,77.98,1.0,228355
2026-06-10,NYSE:BOH,78.965,77.85,78.3,78.29,1.0,300444
2026-06-11,NYSE:BOH,79.08,77.69,78.65,78.83,1.0,292705
2026-06-12,NYSE:BOH,80.42,79.105,79.43,80.25,1.0,232593
2026-06-15,NYSE:BOH,81.32,78.65,80.62,78.85,1.0,273040
2026-06-16,NYSE:BOH,79.725,78.78,79.53,79.2,1.0,322926
2026-06-17,NYSE:BOH,79.59899999999999,76.37,78.64,77.3,1.0,519772
2026-06-18,NYSE:BOH,78.36,77.525,77.85,77.85,1.0,611230
2026-06-22,NYSE:BOH,79.385,78.02,78.02,79.18,1.0,286931
2026-06-23,NYSE:BOH,81.18,79.28,79.63,81.1,1.0,399126
2026-06-24,NYSE:BOH,82.11,81.035,81.28,81.75,1.0,350906
2026-06-25,NYSE:BOH,83.18,81.24,82.53,81.78,1.0,393422
2026-06-26,NYSE:BOH,82.5,81.14,82.09,81.99,1.0,794345
2026-06-29,NYSE:BOH,81.67,80.6,81.07,80.8,1.0,414847
2026-06-30,NYSE:BOH,81.65,80.37,80.53,81.49,1.0,414167
2026-07-01,NYSE:BOH,83.64,81.1,81.66,82.98,1.0,338802
2026-07-02,NYSE:BOH,83.81,81.855,83.77,82.73,1.0,259059
2026-07-06,NYSE:BOH,83.31,82.25,82.61,83.06,1.0,273667
2026-07-07,NYSE:BOH,83.74,82.65,83.67,82.69,1.0,334296
2026-07-08,NYSE:BOH,82.2597,80.34,82.22,80.93,1.0,540872
2026-07-09,NYSE:BOH,82.88,80.71,80.71,81.89,1.0,402280
2026-07-10,NYSE:BOH,83.04,81.95,82.19,82.48,1.0,426554
2026-07-13,NYSE:BOH,82.91,81.88,82.44,82.38,1.0,469845
2026-07-14,NYSE:BOH,82.84,81.6,82.44,82.08,1.0,344206
2026-07-15,NYSE:BOH,84.27,82.21,82.21,83.14,1.0,426606
2026-07-16,NYSE:BOH,86.31,82.07,83.3,85.79,1.0,572983
2026-07-17,NYSE:BOH,85.94,84.2,84.78,85.85,1.0,639130
2026-07-20,NYSE:BOH,85.955,83.64,85.43,83.8,1.0,527680
2026-07-21,NYSE:BOH,84.45,82.6589,84.21,84.4,1.0,395708
2026-07-22,NYSE:BOH,84.96,83.76,84.61,84.74,1.0,411900
2026-07-23,NYSE:BOH,84.8,82.95,83.75,84.75,1.0,539634
2026-07-24,NYSE:BOH,85.87,83.97,85.34,83.97,1.0,917007
2026-07-27,NYSE:BOH,84.215,79.82,83.2,80.02,1.0,1021525
2026-07-28,NYSE:BOH,80.57,79.09,80.57,80.07,1.0,542957
2026-07-29,NYSE:BOH,80.46,79.06,80.33,79.62,1.0,413820
2026-07-30,NYSE:BOH,80.75,79.79,80.19,79.87,1.0,291920
2026-07-31,NYSE:BOH,80.555,79.42,80.05,79.9,1.0,397814
2026-08-03,NYSE:BOH,81.15,79.63,79.87,80.15,1.0,268300
2026-08-04,NYSE:BOH,81.855,79.88,80.33,80.86,1.0,355390
2026-08-05,NYSE:BOH,81.08,79.49,81.08,79.64,1.0,387310
2026-08-06,NYSE:BOH,80.27,78.86,79.08,79.02,1.0,383590
2026-08-07,NYSE:BOH,79.61,78.48,78.84,79.28,1.0,238318
2026-08-10,NYSE:BOH,79.38,78.25,78.81,78.69,1.0,419624
2026-08-11,NYSE:BOH,79.48,78.7788,79.04,79.43,1.0,186953
2026-08-12,NYSE:BOH,79.83,79.18,79.81,79.43,1.0,241508
2026-08-13,NYSE:BOH,80.24,79.51,80.0,79.86,1.0,218037
2026-08-14,NYSE:BOH,80.55,79.715,79.72,80.29,1.0,176229
2026-08-17,NYSE:BOH,80.7,79.58,80.04,79.83,1.0,314102
2026-08-18,NYSE:BOH,80.7177,79.01,80.2,79.08,1.0,265605
2026-08-19,NYSE:BOH,79.42,77.585,79.37,77.81,1.0,349388
2026-08-20,NYSE:BOH,77.99,76.99,77.76,77.59,1.0,262712
2026-08-21,NYSE:BOH,78.265,77.0925,78.16,77.5,1.0,441468
2026-08-24,NYSE:BOH,78.2,76.81,77.49,76.85,1.0,310709
2026-08-25,NYSE:BOH,76.93,76.15,76.88,76.16,1.0,412772
2026-08-26,NYSE:BOH,77.34,75.83,76.42,77.25,1.0,280110
2026-08-27,NYSE:BOH,77.27,76.1689,76.64,77.23,1.0,197735
2026-08-28,NYSE:BOH,77.81,76.91,77.5,77.29,1.0,193639
2026-08-31,NYSE:BOH,77.02,75.6515,76.6,75.93,1.0,194567
2026-09-01,NYSE:BOH,76.405,74.795,75.86,75.18,1.0,270507
2026-09-02,NYSE:BOH,77.055,75.22,75.78,76.52,1.0,367801
2026-04-01,NYSE:HE,15.3199,14.52,14.92,15.22,1.0,1550413
2026-04-02,NYSE:HE,15.33,14.8,14.88,15.3,1.0,1174158
2026-04-06,NYSE:HE,15.44,15.0,15.24,15.4,1.0,1160291
2026-04-07,NYSE:HE,15.44,14.84,15.37,15.24,1.0,1680282
2026-04-08,NYSE:HE,15.665,15.3,15.335,15.53,1.0,1293591
2026-04-09,NYSE:HE,15.8,15.48,15.48,15.71,1.0,1482792
2026-04-10,NYSE:HE,15.91,15.56,15.66,15.7,1.0,1299323
2026-04-13,NYSE:HE,15.64,14.96,15.36,15.26,1.0,1789648
2026-04-14,NYSE:HE,15.365,15.05,15.23,15.27,1.0,1236914
2026-04-15,NYSE:HE,15.22,14.955,15.17,15.15,1.0,1578630
2026-04-16,NYSE:HE,15.765,15.1,15.1,15.76,1.0,1744437
2026-04-17,NYSE:HE,15.96,15.52,15.82,15.79,1.0,2090004
2026-04-20,NYSE:HE,16.05,15.64,15.77,15.79,1.0,1309212
2026-04-21,NYSE:HE,15.828,15.33,15.82,15.44,1.0,1446708
2026-04-22,NYSE:HE,15.67,15.12,15.59,15.17,1.0,1101597
2026-04-23,NYSE:HE,15.6,15.24,15.25,15.38,1.0,1000391
2026-04-24,NYSE:HE,15.445,14.95,15.29,15.26,1.0,1431315
2026-04-27,NYSE:HE,15.53,15.12,15.12,15.33,1.0,1154514
2026-04-28,NYSE:HE,15.49,15.06,15.49,15.24,1.0,1634197
2026-04-29,NYSE:HE,15.29,14.855,15.18,14.93,1.0,1868781
2026-04-30,NYSE:HE,15.355,14.92,15.01,15.07,1.0,2299912
2026-05-01,NYSE:HE,15.365,15.01,15.09,15.27,1.0,1961958
2026-05-04,NYSE:HE,15.25,14.845,15.11,15.06,1.0,1532658
2026-05-05,NYSE:HE,15.58,15.06,15.1,15.38,1.0,1565363
2026-05-06,NYSE:HE,15.51,15.08,15.47,15.28,1.0,2529430
2026-05-07,NYSE:HE,15.46,15.15,15.25,15.42,1.0,1961791
2026-05-08,NYSE:HE,15.625,14.79,15.5,14.83,1.0,3276109
2026-05-11,NYSE:HE,14.9,13.3401,14.77,13.93,1.0,5529233
2026-05-12,NYSE:HE,13.94,13.49,13.94,13.5,1.0,2779660
2026-05-13,NYSE:HE,13.535,13.15,13.25,13.39,1.0,1993797
2026-05-14,NYSE:HE,13.68,13.395,13.49,13.54,1.0,1688109
2026-05-15,NYSE:HE,13.5799,13.22,13.42,13.23,1.0,1869534
2026-05-18,NYSE:HE,13.69,13.3,13.4,13.38,1.0,2507723
2026-05-19,NYSE:HE,13.66,13.25,13.43,13.52,1.0,2040960
2026-05-20,NYSE:HE,13.925,13.46,13.56,13.75,1.0,2110043
2026-05-21,NYSE:HE,13.775,13.47,13.65,13.69,1.0,1632692
2026-05-22,NYSE:HE,13.78,13.605,13.69,13.67,1.0,1417107
2026-05-26,NYSE:HE,13.8899,13.65,13.81,13.65,1.0,1468307
2026-05-27,NYSE:HE,13.78,13.5,13.66,13.55,1.0,1328266
2026-05-28,NYSE:HE,13.77,13.41,13.5,13.49,1.0,1537927
2026-05-29,NYSE:HE,13.4785,13.25,13.47,13.3,1.0,1766869
2026-06-01,NYSE:HE,13.24,13.06,13.2,13.17,1.0,1538263
2026-06-02,NYSE:HE,13.695,13.09,13.1,13.57,1.0,1635537
2026-06-03,NYSE:HE,13.78,13.34,13.52,13.38,1.0,1749599
2026-06-04,NYSE:HE,13.57,13.22,13.47,13.44,1.0,2181752
2026-06-05,NYSE:HE,13.71,13.465,13.48,13.54,1.0,1671925
2026-06-08,NYSE:HE,13.71,13.375,13.57,13.45,1.0,1196358
2026-06-09,NYSE:HE,13.68,13.4,13.51,13.45,1.0,1577945
2026-06-10,NYSE:HE,13.48,13.03,13.46,13.07,1.0,1622265
2026-06-11,NYSE:HE,13.315,13.1,13.19,13.17,1.0,1572557
2026-06-12,NYSE:HE,13.48,13.2,13.2,13.38,1.0,1298408
2026-06-15,NYSE:HE,13.46,13.235,13.39,13.38,1.0,1284839
2026-06-16,NYSE:HE,13.6,13.245,13.39,13.47,1.0,1455880
2026-06-17,NYSE:HE,13.505,12.935,13.37,13.11,1.0,1968172
2026-06-18,NYSE:HE,13.19,12.875,13.19,13.02,1.0,3089375
2026-06-22,NYSE:HE,13.12,12.72,12.92,12.88,1.0,1834869
2026-06-23,NYSE:HE,13.275,12.9,12.94,13.12,1.0,2671563
2026-06-24,NYSE:HE,13.335,13.12,13.17,13.32,1.0,1428773
2026-06-25,NYSE:HE,13.32,12.96,13.185,13.27,1.0,2226441
2026-06-26,NYSE:HE,13.6,13.29,13.35,13.57,1.0,4530239
2026-06-29,NYSE:HE,13.6837,13.39,13.56,13.57,1.0,1655930
2026-06-30,NYSE:HE,13.61,13.33,13.5,13.53,1.0,1277471
2026-07-01,NYSE:HE,13.685,13.35,13.49,13.41,1.0,1654973
2026-07-02,NYSE:HE,13.72,13.515,13.61,13.63,1.0,1289741
2026-07-06,NYSE:HE,13.645,13.38,13.51,13.42,1.0,1348543
2026-07-07,NYSE:HE,13.56,13.33,13.54,13.35,1.0,1197930
2026-07-08,NYSE:HE,13.665,13.2129,13.3,13.54,1.0,2619429
2026-07-09,NYSE:HE,13.605,13.31,13.55,13.38,1.0,1553799
2026-07-10,NYSE:HE,13.585,13.325,13.51,13.57,1.0,1012754
2026-07-13,NYSE:HE,13.77,13.47,13.55,13.5,1.0,1569327
2026-07-14,NYSE:HE,13.695,13.435,13.63,13.52,1.0,1517545
2026-07-15,NYSE:HE,13.66,13.36,13.5,13.5,1.0,1509759
2026-07-16,NYSE:HE,14.16,13.48,13.48,13.76,1.0,2673027
2026-07-17,NYSE:HE,13.95,13.38,13.85,13.45,1.0,1378770
2026-07-20,NYSE:HE,13.43,13.175,13.39,13.22,1.0,1923272
2026-07-21,NYSE:HE,13.525,13.185,13.19,13.48,1.0,1609908
2026-07-22,NYSE:HE,13.6,13.3901,13.54,13.6,1.0,1119323
2026-07-23,NYSE:HE,13.69,13.47,13.47,13.53,1.0,1605846
2026-07-24,NYSE:HE,13.6,13.495,13.59,13.5,1.0,827289
2026-07-27,NYSE:HE,13.54,13.17,13.51,13.22,1.0,1310551
2026-07-28,NYSE:HE,13.37,13.135,13.27,13.18,1.0,1083572
2026-07-29,NYSE:HE,13.24,13.02,13.19,13.08,1.0,1292325
2026-07-30,NYSE:HE,13.275,13.025,13.18,13.19,1.0,1615513
2026-07-31,NYSE:HE,13.28,12.865,13.28,12.92,1.0,1109511
2026-08-03,NYSE:HE,12.99,12.605,12.89,12.7,1.0,2771658
2026-08-04,NYSE:HE,12.825,12.535,12.65,12.76,1.0,1516552
2026-08-05,NYSE:HE,12.72,12.505,12.65,12.59,1.0,1668475
2026-08-06,NYSE:HE,12.655,12.44,12.61,12.49,1.0,1299098
2026-08-07,NYSE:HE,12.68,12.335,12.45,12.4,1.0,2475557
2026-08-10,NYSE:HE,12.2232,11.29,12.15,11.68,1.0,5594744
2026-08-11,NYSE:HE,11.95,11.715,11.79,11.85,1.0,2292064
2026-08-12,NYSE:HE,12.09,11.85,11.93,11.93,1.0,1741155
2026-08-13,NYSE:HE,12.1,11.8211,11.96,11.83,1.0,1728135
2026-08-14,NYSE:HE,11.92,11.705,11.82,11.73,1.0,1669145
2026-08-17,NYSE:HE,11.87,11.63,11.73,11.81,1.0,1917073
2026-08-18,NYSE:HE,11.95,11.42,11.72,11.56,1.0,2667580
2026-08-19,NYSE:HE,11.88,11.6,11.61,11.71,1.0,2149159
2026-08-20,NYSE:HE,11.84,11.58,11.64,11.61,1.0,1606819
2026-08-21,NYSE:HE,11.6905,11.42,11.66,11.5,1.0,2968949
2026-08-24,NYSE:HE,11.57,11.365,11.53,11.41,1.0,2477575
2026-08-25,NYSE:HE,11.5188,11.29,11.49,11.37,1.0,1946289
2026-08-26,NYSE:HE,11.52,11.25,11.33,11.49,1.0,1872129
2026-08-27,NYSE:HE,11.52,11.33,11.38,11.46,1.0,1631958
2026-08-28,NYSE:HE,11.5995,11.315,11.51,11.4,1.0,1788153
2026-08-31,NYSE:HE,11.4,11.145,11.33,11.22,1.0,2693071
2026-09-01,NYSE:HE,11.2549,10.935,11.17,11.08,1.0,2754202
2026-09-02,NYSE:HE,11.07,10.86,11.03,10.955,1.0,2555364
2026-04-01,NYSE:DD,46.9566,46.05,46.31,46.21,1.0,3340041
2026-04-02,NYSE:DD,46.27,44.93,45.42,45.48,1.0,2674205
2026-04-06,NYSE:DD,45.59,44.86,45.425,45.57,1.0,2645654
2026-04-07,NYSE:DD,45.66,44.98,45.66,45.53,1.0,2854552
2026-04-08,NYSE:DD,47.89,46.8,47.22,47.85,1.0,3375627
2026-04-09,NYSE:DD,48.215,47.325,47.47,47.42,1.0,2932668
2026-04-10,NYSE:DD,47.825,47.08,47.78,47.25,1.0,2195511
2026-04-13,NYSE:DD,47.3,46.52,46.88,47.15,1.0,3105526
2026-04-14,NYSE:DD,47.36,46.21,47.36,46.68,1.0,2606128
2026-04-15,NYSE:DD,46.74,45.67,46.74,46.06,1.0,3262516
2026-04-16,NYSE:DD,46.8,46.0,46.21,46.75,1.0,2910530
2026-04-17,NYSE:DD,48.08,46.75,46.99,47.35,1.0,3502587
2026-04-20,NYSE:DD,47.595,46.78,47.31,47.0,1.0,2212976
2026-04-21,NYSE:DD,47.45,46.44,46.99,46.71,1.0,3572481
2026-04-22,NYSE:DD,47.36,45.67,47.2,45.98,1.0,3208970
2026-04-23,NYSE:DD,46.45,45.66,46.26,46.37,1.0,2623429
2026-04-24,NYSE:DD,46.54,45.8,46.54,46.33,1.0,2704078
2026-04-27,NYSE:DD,47.09,46.22,46.305,46.69,1.0,2379294
2026-04-28,NYSE:DD,46.9,45.15,46.825,45.33,1.0,2480881
2026-04-29,NYSE:DD,45.76,44.495,45.37,44.62,1.0,2611059
2026-04-30,NYSE:DD,46.01,44.72,45.09,45.66,1.0,4045988
2026-05-01,NYSE:DD,46.385,45.4857,45.81,46.24,1.0,3269870
2026-05-04,NYSE:DD,46.24,44.84,46.06,45.41,1.0,3654151
2026-05-05,NYSE:DD,50.16,46.14,46.14,49.24,1.0,7239735
2026-05-06,NYSE:DD,50.3,48.601000000000006,49.66,50.07,1.0,6021493
2026-05-07,NYSE:DD,50.14,48.3,49.85,48.36,1.0,4377077
2026-05-08,NYSE:DD,49.795,48.725,49.33,49.76,1.0,3956972
2026-05-11,NYSE:DD,51.215,49.98,50.0,50.58,1.0,4839410
2026-05-12,NYSE:DD,50.735,49.18,50.29,50.54,1.0,3824719
2026-05-13,NYSE:DD,51.64,50.37,50.87,51.16,1.0,4450482
2026-05-14,NYSE:DD,51.23,50.33,51.005,50.6,1.0,3737174
2026-05-15,NYSE:DD,49.63,48.92,49.56,49.31,1.0,4551686
2026-05-18,NYSE:DD,49.7,48.55,49.47,48.64,1.0,4636343
2026-05-19,NYSE:DD,48.275,46.25,48.09,46.56,1.0,4526645
2026-05-20,NYSE:DD,48.06,46.75,46.76,47.25,1.0,3484600
2026-05-21,NYSE:DD,47.65,46.085,47.0,47.15,1.0,3494476
2026-05-22,NYSE:DD,48.3,47.25,47.43,48.12,1.0,2276946
2026-05-26,NYSE:DD,50.5,49.14,49.9,49.46,1.0,3523944
2026-05-27,NYSE:DD,49.68,47.36,49.68,47.66,1.0,4740891
2026-05-28,NYSE:DD,47.98,47.07,47.48,47.71,1.0,2932447
2026-05-29,NYSE:DD,48.655,47.42,47.47,48.42,1.0,6374205
2026-06-01,NYSE:DD,48.225,47.1,47.895,47.59,1.0,3376317
2026-06-02,NYSE:DD,49.34,47.735,47.89,48.66,1.0,2485411
2026-06-03,NYSE:DD,48.78,47.955,48.38,47.97,1.0,2224041
2026-06-04,NYSE:DD,48.06,47.14,48.015,47.65,1.0,2710572
2026-06-05,NYSE:DD,47.84,46.63,47.37,46.85,1.0,2675715
2026-06-08,NYSE:DD,47.4728,46.55,47.26,46.99,1.0,2337419
2026-06-09,NYSE:DD,47.9,45.89,47.65,47.06,1.0,3448610
2026-06-10,NYSE:DD,46.86,44.93,46.77,45.06,1.0,3095565
2026-06-11,NYSE:DD,46.88,45.125,45.36,46.84,1.0,3614665
2026-06-12,NYSE:DD,48.2601,47.131,47.49,48.26,1.0,2934677
2026-06-15,NYSE:DD,49.56,48.53,49.05,48.54,1.0,4231180
2026-06-16,NYSE:DD,48.98,47.945,48.75,48.04,1.0,3119264
2026-06-17,NYSE:DD,49.485,47.865,48.36,47.95,1.0,4828275
2026-06-18,NYSE:DD,48.86,47.4,48.6,47.71,1.0,7293156
2026-06-22,NYSE:DD,48.33,47.3,47.31,48.19,1.0,4998196
2026-06-23,NYSE:DD,47.88,46.59,47.43,46.67,1.0,3534925
2026-06-24,NYSE:DD,144.845,136.77,144.75,137.82,0.3333333333333333,1951058
2026-06-25,NYSE:DD,141.22,135.89,139.53,137.8,1.0,1765315
2026-06-26,NYSE:DD,137.22,131.141,136.35,137.22,1.0,2864529
2026-06-29,NYSE:DD,136.19,132.13,135.77,135.74,1.0,1913091
2026-06-30,NYSE:DD,136.6,134.8,136.31,135.64,1.0,1644841
2026-07-01,NYSE:DD,139.69,134.4,134.87,138.47,1.0,1405478
2026-07-02,NYSE:DD,141.16,138.78,139.92,139.91,1.0,1229128
2026-07-06,NYSE:DD,141.99,139.87,140.43,141.05,1.0,1295480
2026-07-07,NYSE:DD,140.93,137.76,140.21,139.61,1.0,1417575
2026-07-08,NYSE:DD,138.035,133.725,137.77,136.97,1.0,1322498
2026-07-09,NYSE:DD,138.5999,134.51,138.14,134.79,1.0,1375441
2026-07-10,NYSE:DD,136.18,134.12,135.04,134.68,1.0,1045912
2026-07-13,NYSE:DD,135.9,131.99,135.0,132.66,1.0,986078
2026-07-14,NYSE:DD,135.335,133.08,133.98,134.17,1.0,741687
2026-07-15,NYSE:DD,135.625,132.7601,134.17,134.86,1.0,1081439
2026-07-16,NYSE:DD,135.16,132.34,133.58,134.29,1.0,1170647
2026-07-17,NYSE:DD,135.8,132.34,132.77,135.29,1.0,1308516
2026-07-20,NYSE:DD,138.465,134.91,135.89,135.75,1.0,1327013
2026-07-21,NYSE:DD,139.53,135.52,137.0,138.79,1.0,1437523
2026-07-22,NYSE:DD,142.1778,138.8,138.8,139.64,1.0,1030147
2026-07-23,NYSE:DD,139.89,136.1,138.44,137.4,1.0,1245429
2026-07-24,NYSE:DD,138.94,137.075,137.81,137.7,1.0,796234
2026-07-27,NYSE:DD,140.03,137.44,138.73,139.96,1.0,1079389
2026-07-28,NYSE:DD,142.67,139.49,140.47,140.77,1.0,1338859
2026-07-29,NYSE:DD,141.08,136.4,141.08,138.1,1.0,1463510
2026-07-30,NYSE:DD,140.985,138.34,140.0,138.84,1.0,1689980
2026-07-31,NYSE:DD,139.395,136.58,137.95,137.0,1.0,7537197
2026-08-03,NYSE:DD,141.59,137.18,138.38,141.28,1.0,2019120
2026-08-04,NYSE:DD,143.545,130.19,130.19,142.93,1.0,3279080
2026-08-05,NYSE:DD,147.86,143.31,143.73,147.37,1.0,1533516
2026-08-06,NYSE:DD,149.42,143.33,147.8,144.05,1.0,1859575
2026-08-07,NYSE:DD,146.2,141.79,144.8,142.47,1.0,1367037
2026-08-10,NYSE:DD,142.97,140.31,142.85,141.55,1.0,1337492
2026-08-11,NYSE:DD,146.35,141.34,141.34,144.49,1.0,1189990
2026-08-12,NYSE:DD,144.95,142.1501,144.45,144.37,1.0,1422671
2026-08-13,NYSE:DD,144.84,143.025,144.31,144.1,1.0,908183
2026-08-14,NYSE:DD,146.815,143.105,143.68,146.26,1.0,1108689
2026-08-17,NYSE:DD,146.5,142.71,145.93,143.07,1.0,1567724
2026-08-18,NYSE:DD,142.32,138.5,142.32,138.81,1.0,1291985
2026-08-19,NYSE:DD,141.0,138.9,140.41,139.68,1.0,969123
2026-08-20,NYSE:DD,140.54,138.45,138.51,138.46,1.0,983508
2026-08-21,NYSE:DD,141.0,138.24,139.92,138.33,1.0,1119143
2026-08-24,NYSE:DD,139.055,135.84,138.75,136.67,1.0,1013482
2026-08-25,NYSE:DD,137.71,135.07,137.55,136.04,1.0,1347241
2026-08-26,NYSE:DD,138.22,136.01,136.61,137.98,1.0,914960
2026-08-27,NYSE:DD,139.46,137.5,137.5,138.8,1.0,860257
2026-08-28,NYSE:DD,141.0,135.83,140.0,136.98,1.0,1055518
2026-08-31,NYSE:DD,136.56,133.68,136.5,134.59,1.0,1713230
2026-09-01,NYSE:DD,134.035,131.56,133.52,132.11,1.0,982965
2026-09-02,NYSE:DD,134.42,132.39,132.845,133.0,1.0,824512
2026-04-01,NASDAQ:JBIO,16.44,13.925,14.22,16.02,1.0,2237581
2026-04-02,NASDAQ:JBIO,16.185,15.22,15.52,15.49,1.0,403279
2026-04-06,NASDAQ:JBIO,16.385,15.165,15.49,16.17,1.0,694704
2026-04-07,NASDAQ:JBIO,16.37,15.45,16.01,16.36,1.0,602277
2026-04-08,NASDAQ:JBIO,17.3923,16.42,17.0,16.76,1.0,502097
2026-04-09,NASDAQ:JBIO,18.375,16.33,16.33,18.23,1.0,1235210
2026-04-10,NASDAQ:JBIO,18.485,17.365,18.32,17.89,1.0,654492
2026-04-13,NASDAQ:JBIO,18.91,17.75,17.89,18.49,1.0,784887
2026-04-14,NASDAQ:JBIO,19.85,18.525,18.78,19.44,1.0,782257
2026-04-15,NASDAQ:JBIO,20.045,19.0601,19.32,19.26,1.0,289456
2026-04-16,NASDAQ:JBIO,22.015,18.93,19.18,21.88,1.0,673053
2026-04-17,NASDAQ:JBIO,23.335,21.54,22.31,22.85,1.0,703949
2026-04-20,NASDAQ:JBIO,23.54,22.2801,22.51,23.5,1.0,532251
2026-04-21,NASDAQ:JBIO,24.51,22.93,23.6,23.01,1.0,841589
2026-04-22,NASDAQ:JBIO,26.33,23.01,23.01,25.38,1.0,1261524
2026-04-23,NASDAQ:JBIO,25.85,24.58,25.26,25.21,1.0,683896
2026-04-24,NASDAQ:JBIO,26.735,23.8801,25.11,24.98,1.0,766639
2026-04-27,NASDAQ:JBIO,28.0,25.6,25.78,26.85,1.0,915753
2026-04-28,NASDAQ:JBIO,27.45,25.5,27.28,26.45,1.0,555984
2026-04-29,NASDAQ:JBIO,26.26,22.29,26.26,22.32,1.0,1195826
2026-04-30,NASDAQ:JBIO,25.05,22.09,22.36,24.4,1.0,595389
2026-05-01,NASDAQ:JBIO,24.795,23.71,24.27,24.23,1.0,613225
2026-05-04,NASDAQ:JBIO,25.49,23.86,23.98,24.52,1.0,538974
2026-05-05,NASDAQ:JBIO,25.395,24.154,24.77,25.26,1.0,295587
2026-05-06,NASDAQ:JBIO,26.135,24.67,25.51,25.13,1.0,638153
2026-05-07,NASDAQ:JBIO,25.18,23.35,24.98,24.22,1.0,380696
2026-05-08,NASDAQ:JBIO,26.61,23.82,23.82,25.81,1.0,697493
2026-05-11,NASDAQ:JBIO,26.83,24.68,26.46,24.86,1.0,449767
2026-05-12,NASDAQ:JBIO,25.25,24.145,24.51,25.23,1.0,366765
2026-05-13,NASDAQ:JBIO,25.71,24.68,25.11,25.07,1.0,214759
2026-05-14,NASDAQ:JBIO,25.37,23.965,25.3,24.13,1.0,196603
2026-05-15,NASDAQ:JBIO,24.81,22.14,23.38,23.355,1.0,555324
2026-05-18,NASDAQ:JBIO,23.64,21.68,23.36,22.01,1.0,374595
2026-05-19,NASDAQ:JBIO,22.96,20.93,21.45,21.88,1.0,931478
2026-05-20,NASDAQ:JBIO,23.72,21.85,22.13,23.34,1.0,595977
2026-05-21,NASDAQ:JBIO,24.0,22.59,23.55,23.46,1.0,368826
2026-05-22,NASDAQ:JBIO,23.91,22.165,23.56,22.21,1.0,372118
2026-05-26,NASDAQ:JBIO,22.81,21.51,21.55,21.71,1.0,606403
2026-05-27,NASDAQ:JBIO,22.355,20.99,21.88,21.5,1.0,385516
2026-05-28,NASDAQ:JBIO,21.62,20.33,21.56,20.84,1.0,528227
2026-05-29,NASDAQ:JBIO,21.67,20.425,20.91,21.04,1.0,1126067
2026-06-01,NASDAQ:JBIO,20.74,17.35,20.29,18.59,1.0,2689143
2026-06-02,NASDAQ:JBIO,19.43,17.31,19.01,17.75,1.0,993334
2026-06-03,NASDAQ:JBIO,18.05,17.34,17.51,17.59,1.0,558284
2026-06-04,NASDAQ:JBIO,18.84,15.93,17.58,17.74,1.0,3509096
2026-06-05,NASDAQ:JBIO,18.23,16.51,17.52,16.94,1.0,2600892
2026-06-08,NASDAQ:JBIO,17.39,14.9101,17.14,14.98,1.0,1466488
2026-06-09,NASDAQ:JBIO,15.374,14.28,15.1,15.22,1.0,1598187
2026-06-10,NASDAQ:JBIO,16.1899,15.015,15.19,15.26,1.0,1375102
2026-06-11,NASDAQ:JBIO,16.26,15.175,15.51,16.08,1.0,806446
2026-06-12,NASDAQ:JBIO,16.17,15.12,15.88,15.34,1.0,1046551
2026-06-15,NASDAQ:JBIO,16.375,15.58,16.0,16.1,1.0,1295790
2026-06-16,NASDAQ:JBIO,16.6,15.16,16.38,15.53,1.0,1324333
2026-06-17,NASDAQ:JBIO,16.89,15.27,15.74,16.87,1.0,738110
2026-06-18,NASDAQ:JBIO,17.62,16.4,17.37,16.82,1.0,4785524
2026-06-22,NASDAQ:JBIO,20.09,17.54,17.9,19.45,1.0,1869889
2026-06-23,NASDAQ:JBIO,22.13,19.0,19.24,21.97,1.0,1410120
2026-06-24,NASDAQ:JBIO,23.49,21.515,22.18,21.9,1.0,1397105
2026-06-25,NASDAQ:JBIO,23.015,21.53,22.0,21.81,1.0,826529
2026-06-26,NASDAQ:JBIO,22.5,21.16,21.8,22.0,1.0,2664341
2026-06-29,NASDAQ:JBIO,23.01,21.83,22.0,22.11,1.0,1122561
2026-06-30,NASDAQ:JBIO,23.1,21.5,22.08,22.22,1.0,893408
2026-07-01,NASDAQ:JBIO,23.125,21.48,22.22,21.81,1.0,861567
2026-07-02,NASDAQ:JBIO,22.03,20.2,22.03,21.51,1.0,1204531
2026-07-06,NASDAQ:JBIO,22.3,21.06,21.42,21.3,1.0,1056288
2026-07-07,NASDAQ:JBIO,22.7,21.17,21.3,22.45,1.0,1042841
2026-07-08,NASDAQ:JBIO,23.36,21.9701,22.3,22.53,1.0,878516
2026-07-09,NASDAQ:JBIO,23.29,22.125,22.53,22.48,1.0,646408
2026-07-10,NASDAQ:JBIO,23.33,19.76,22.775,20.95,1.0,1413164
2026-07-13,NASDAQ:JBIO,21.54,19.87,20.46,21.3,1.0,1587752
2026-07-14,NASDAQ:JBIO,21.965,20.91,21.33,21.34,1.0,1218118
2026-07-15,NASDAQ:JBIO,22.575,20.57,21.41,21.86,1.0,804004
2026-07-16,NASDAQ:JBIO,22.335,20.0,21.67,20.48,1.0,1285003
2026-07-17,NASDAQ:JBIO,21.45,19.4,19.88,20.86,1.0,659521
2026-07-20,NASDAQ:JBIO,21.5,19.255,20.82,19.67,1.0,626415
2026-07-21,NASDAQ:JBIO,20.67,19.46,19.57,20.53,1.0,910234
2026-07-22,NASDAQ:JBIO,20.49,19.58,20.36,19.85,1.0,782830
2026-07-23,NASDAQ:JBIO,19.99,19.07,19.42,19.62,1.0,385490
2026-07-24,NASDAQ:JBIO,20.1,19.02,19.77,20.08,1.0,684671
2026-07-27,NASDAQ:JBIO,21.0,19.93,20.23,19.95,1.0,1415746
2026-07-28,NASDAQ:JBIO,20.765,18.54,19.91,19.7,1.0,775731
2026-07-29,NASDAQ:JBIO,20.15,18.75,20.01,19.35,1.0,635785
2026-07-30,NASDAQ:JBIO,20.15,19.185,19.49,20.0,1.0,432814
2026-07-31,NASDAQ:JBIO,20.04,18.64,20.0,19.75,1.0,600332
2026-08-03,NASDAQ:JBIO,20.0,18.55,19.52,19.15,1.0,651162
2026-08-04,NASDAQ:JBIO,21.51,19.42,19.42,21.35,1.0,1687405
2026-08-05,NASDAQ:JBIO,22.2,21.08,21.12,21.7,1.0,1265240
2026-08-06,NASDAQ:JBIO,23.0,21.54,21.75,22.24,1.0,1112753
2026-08-07,NASDAQ:JBIO,23.0,21.73,22.76,21.96,1.0,481234
2026-08-10,NASDAQ:JBIO,23.05,21.43,21.92,21.73,1.0,634986
2026-08-11,NASDAQ:JBIO,22.5201,21.4,22.07,22.35,1.0,525649
2026-08-12,NASDAQ:JBIO,23.46,21.51,22.49,23.21,1.0,713872
2026-08-13,NASDAQ:JBIO,24.09,23.02,23.52,23.81,1.0,1089591
2026-08-14,NASDAQ:JBIO,25.0,23.38,23.57,24.71,1.0,1478444
2026-08-17,NASDAQ:JBIO,24.94,23.3,24.6,23.45,1.0,671571
2026-08-18,NASDAQ:JBIO,23.6,22.87,23.07,23.55,1.0,721657
2026-08-19,NASDAQ:JBIO,24.3297,22.43,23.87,22.55,1.0,789060
2026-08-20,NASDAQ:JBIO,23.815,20.7,23.815,21.23,1.0,936622
2026-08-21,NASDAQ:JBIO,22.12,21.13,21.45,21.34,1.0,571848
2026-08-24,NASDAQ:JBIO,21.775,20.395,21.27,21.33,1.0,595723
2026-08-25,NASDAQ:JBIO,22.16,21.33,21.74,21.84,1.0,603530
2026-08-26,NASDAQ:JBIO,22.4,21.195,22.4,21.33,1.0,355912
2026-08-27,NASDAQ:JBIO,21.845,21.13,21.26,21.29,1.0,342592
2026-08-28,NASDAQ:JBIO,21.4,20.81,21.065,20.84,1.0,357936
2026-08-31,NASDAQ:JBIO,21.45,20.35,20.65,21.36,1.0,837036
2026-09-01,NASDAQ:JBIO,21.615,20.73,21.32,21.02,1.0,516638
2026-09-02,NASDAQ:JBIO,22.0,20.475,21.17,21.4,1.0,506169
2026-04-01,NYSE:ELME,2.04,2.0,2.03,2.02,1.0,1571746
2026-04-02,NYSE:ELME,2.06,2.01,2.01,2.05,1.0,1701538
2026-04-06,NYSE:ELME,2.075,2.02,2.07,2.04,1.0,1220708
2026-04-07,NYSE:ELME,2.05,2.02,2.05,2.02,1.0,564127
2026-04-08,NYSE:ELME,2.07,2.03,2.05,2.05,1.0,950453
2026-04-09,NYSE:ELME,2.1,2.045,2.05,2.09,1.0,1252880
2026-04-10,NYSE:ELME,2.14,2.09,2.09,2.12,1.0,1688154
2026-04-13,NYSE:ELME,2.16,2.115,2.12,2.13,1.0,1023636
2026-04-14,NYSE:ELME,2.185,2.13,2.13,2.15,1.0,1091317
2026-04-15,NYSE:ELME,2.18,2.15,2.15,2.16,1.0,622581
2026-04-16,NYSE:ELME,2.1799,2.14,2.17,2.14,1.0,1150210
2026-04-17,NYSE:ELME,2.1779,2.15,2.16,2.15,1.0,470984
2026-04-20,NYSE:ELME,2.18,2.15,2.16,2.15,1.0,1341641
2026-04-21,NYSE:ELME,2.17,2.1,2.17,2.1,1.0,576975
2026-04-22,NYSE:ELME,2.115,2.055,2.1,2.08,1.0,1289409
2026-04-23,NYSE:ELME,2.15,2.09,2.09,2.12,1.0,1355913
2026-04-24,NYSE:ELME,2.155,2.13,2.14,2.13,1.0,641197
2026-04-27,NYSE:ELME,2.17,2.1199,2.12,2.16,1.0,846164
2026-04-28,NYSE:ELME,2.195,2.155,2.16,2.16,1.0,1089048
2026-04-29,NYSE:ELME,2.17,2.14,2.17,2.15,1.0,743752
2026-04-30,NYSE:ELME,2.19,2.14,2.14,2.17,1.0,868143
2026-05-01,NYSE:ELME,2.196,2.15,2.18,2.15,1.0,1034814
2026-05-04,NYSE:ELME,2.19,2.145,2.16,2.18,1.0,975086
2026-05-05,NYSE:ELME,2.2,2.16,2.17,2.16,1.0,1002818
2026-05-06,NYSE:ELME,2.2,2.16,2.16,2.17,1.0,630542
2026-05-07,NYSE:ELME,2.18,2.11,2.17,2.11,1.0,1625638
2026-05-08,NYSE:ELME,2.13,2.09,2.12,2.1,1.0,701217
2026-05-11,NYSE:ELME,2.08,2.01,2.07,2.01,1.0,2938230
2026-05-12,NYSE:ELME,2.04,2.0,2.01,2.02,1.0,1737776
2026-05-13,NYSE:ELME,2.06,2.02,2.02,2.03,1.0,3172366
2026-05-14,NYSE:ELME,2.05,2.01,2.04,2.01,1.0,1104180
2026-05-15,NYSE:ELME,2.025,2.0,2.01,2.01,1.0,943168
2026-05-18,NYSE:ELME,2.026,2.0,2.02,2.01,1.0,1164223
2026-05-19,NYSE:ELME,2.03,2.0,2.01,2.0,1.0,1051096
2026-05-20,NYSE:ELME,2.02,2.0,2.0,2.02,1.0,597017
2026-05-21,NYSE:ELME,2.03,2.01,2.02,2.02,1.0,453548
2026-05-22,NYSE:ELME,2.04,2.01,2.01,2.03,1.0,514457
2026-05-26,NYSE:ELME,2.03,2.0,2.03,2.0,1.0,467177
2026-05-27,NYSE:ELME,2.02,1.98,2.0,2.0,1.0,1829920
2026-05-28,NYSE:ELME,2.02,1.995,2.0,2.01,1.0,677221
2026-05-29,NYSE:ELME,2.07,2.02,2.03,2.05,1.0,2177091
2026-06-01,NYSE:ELME,2.06,2.03,2.04,2.05,1.0,952164
2026-06-02,NYSE:ELME,2.056,2.025,2.04,2.04,1.0,1558273
2026-06-03,NYSE:ELME,2.05,2.02,2.04,2.02,1.0,1169408
2026-06-04,NYSE:ELME,2.07,2.03,2.03,2.05,1.0,820921
2026-06-05,NYSE:ELME,2.06,2.03,2.05,2.03,1.0,600844
2026-06-08,NYSE:ELME,2.05,2.03,2.04,2.04,1.0,588226
2026-06-09,NYSE:ELME,2.05,2.03,2.03,2.04,1.0,511512
2026-06-10,NYSE:ELME,2.05,2.03,2.04,2.04,1.0,662278
2026-06-11,NYSE:ELME,2.05,2.02,2.03,2.04,1.0,1350906
2026-06-12,NYSE:ELME,2.0586,2.03,2.05,2.03,1.0,916260
2026-06-15,NYSE:ELME,2.06,2.02,2.06,2.02,1.0,1191993
2026-06-16,NYSE:ELME,2.045,2.02,2.04,2.02,1.0,960655
2026-06-17,NYSE:ELME,2.04,2.01,2.02,2.01,1.0,1395125
2026-06-18,NYSE:ELME,2.03,2.01,2.02,2.01,1.0,1689891
2026-06-22,NYSE:ELME,2.02,2.01,2.01,2.01,1.0,880045
2026-06-23,NYSE:ELME,2.04,2.01,2.01,2.02,1.0,1065002
2026-06-24,NYSE:ELME,2.035,2.02,2.03,2.02,1.0,1040659
2026-06-25,NYSE:ELME,1.52,1.26,1.48,1.35,1.0,16979957
2026-06-26,NYSE:ELME,1.485,1.375,1.38,1.48,1.0,3500717
2026-06-29,NYSE:ELME,1.48,1.45,1.48,1.45,1.0,749133
2026-06-30,NYSE:ELME,1.52,1.45,1.45,1.48,1.0,1482204
2026-07-01,NYSE:ELME,1.575,1.4723,1.49,1.54,1.0,4867666
2026-07-02,NYSE:ELME,1.62,1.52,1.52,1.59,1.0,2632130
2026-07-06,NYSE:ELME,1.61,1.51,1.59,1.55,1.0,976143
2026-07-07,NYSE:ELME,1.6,1.545,1.56,1.56,1.0,1405615
2026-07-08,NYSE:ELME,1.57,1.54,1.57,1.55,1.0,572701
2026-07-09,NYSE:ELME,1.57,1.54,1.55,1.54,1.0,803152
2026-07-10,NYSE:ELME,1.56,1.51,1.54,1.52,1.0,1200092
2026-07-13,NYSE:ELME,1.56,1.5,1.5,1.52,1.0,1072657
2026-07-14,NYSE:ELME,1.55,1.51,1.54,1.54,1.0,895084
2026-07-15,NYSE:ELME,1.545,1.49,1.52,1.51,1.0,6665600
2026-07-16,NYSE:ELME,1.56,1.51,1.52,1.54,1.0,1096047
2026-07-17,NYSE:ELME,1.54,1.5,1.52,1.52,1.0,1759650
2026-07-20,NYSE:ELME,1.54,1.5,1.5,1.5,1.0,584116
2026-07-21,NYSE:ELME,1.52,1.49,1.5,1.51,1.0,392360
2026-07-22,NYSE:ELME,1.525,1.49,1.5,1.49,1.0,515839
2026-07-23,NYSE:ELME,1.5,1.46,1.49,1.47,1.0,771779
2026-07-24,NYSE:ELME,1.52,1.47,1.47,1.49,1.0,1843329
2026-07-27,NYSE:ELME,1.64,1.59,1.62,1.62,1.0,3077744
2026-07-28,NYSE:ELME,1.63,1.59,1.63,1.6,1.0,1762209
2026-07-29,NYSE:ELME,1.63,1.6,1.62,1.63,1.0,884350
2026-07-30,NYSE:ELME,1.63,1.6,1.63,1.62,1.0,513827
2026-07-31,NYSE:ELME,1.63,1.6,1.63,1.61,1.0,347160
2026-08-03,NYSE:ELME,1.67,1.62,1.63,1.64,1.0,739838
2026-08-04,NYSE:ELME,1.65,1.62,1.63,1.62,1.0,444849
2026-08-05,NYSE:ELME,1.64,1.615,1.63,1.64,1.0,242716
2026-08-06,NYSE:ELME,1.65,1.62,1.62,1.63,1.0,648958
2026-08-07,NYSE:ELME,1.6389,1.62,1.62,1.62,1.0,510141
2026-08-10,NYSE:ELME,1.6389,1.61,1.63,1.62,1.0,778033
2026-08-11,NYSE:ELME,1.63,1.61,1.61,1.62,1.0,343242
2026-08-12,NYSE:ELME,1.64,1.6129,1.64,1.62,1.0,274684
2026-08-13,NYSE:ELME,1.645,1.62,1.63,1.62,1.0,421427
2026-08-14,NYSE:ELME,1.64,1.62,1.64,1.62,1.0,208831
2026-08-17,NYSE:ELME,1.625,1.61,1.62,1.61,1.0,260400
2026-08-18,NYSE:ELME,1.62,1.61,1.62,1.61,1.0,175605
2026-08-19,NYSE:ELME,1.635,1.61,1.62,1.62,1.0,398517
2026-08-20,NYSE:ELME,1.63,1.61,1.61,1.62,1.0,267243
2026-08-21,NYSE:ELME,1.69,1.66,1.67,1.66,1.0,1276831
2026-08-24,NYSE:ELME,1.685,1.66,1.68,1.68,1.0,388038
2026-08-25,NYSE:ELME,1.69,1.66,1.69,1.69,1.0,758969
2026-08-26,NYSE:ELME,1.69,1.67,1.68,1.67,1.0,1216048
2026-08-27,NYSE:ELME,1.68,1.66,1.67,1.67,1.0,546459
2026-08-28,NYSE:ELME,1.68,1.66,1.66,1.68,1.0,546635
2026-08-31,NYSE:ELME,1.68,1.66,1.66,1.68,1.0,437373
2026-09-01,NYSE:ELME,1.71,1.67,1.69,1.68,1.0,922735
2026-09-02,NYSE:ELME,1.69,1.675,1.68,1.69,1.0,371673
2026-04-01,NASDAQ:VRTX,453.98,446.71,449.17,447.26,1.0,1188465
2026-04-02,NASDAQ:VRTX,449.615,436.56,447.55,438.71,1.0,1244992
2026-04-06,NASDAQ:VRTX,440.9,433.45,437.79,434.3,1.0,948862
2026-04-07,NASDAQ:VRTX,435.5,425.26,435.5,431.86,1.0,1029161
2026-04-08,NASDAQ:VRTX,443.99,432.33,436.25,443.92,1.0,1279267
2026-04-09,NASDAQ:VRTX,447.0,436.35,439.77,446.78,1.0,1040964
2026-04-10,NASDAQ:VRTX,446.75,434.25,446.08,436.27,1.0,985779
2026-04-13,NASDAQ:VRTX,445.11,433.6798,434.17,440.05,1.0,1004739
2026-04-14,NASDAQ:VRTX,444.79,435.28,435.28,444.28,1.0,1445501
2026-04-15,NASDAQ:VRTX,447.82,437.19,444.15,441.7,1.0,1459489
2026-04-16,NASDAQ:VRTX,445.93,431.15,442.35,435.65,1.0,1364285
2026-04-17,NASDAQ:VRTX,443.904,437.58,441.55,441.2,1.0,1025319
2026-04-20,NASDAQ:VRTX,444.01,437.67,444.01,439.18,1.0,789463
2026-04-21,NASDAQ:VRTX,440.32,429.6547,437.12,436.59,1.0,986971
2026-04-22,NASDAQ:VRTX,441.0,435.45,437.38,437.67,1.0,734332
2026-04-23,NASDAQ:VRTX,442.035,433.81,440.71,435.1,1.0,777645
2026-04-24,NASDAQ:VRTX,433.675,427.38,431.89,430.29,1.0,1128100
2026-04-27,NASDAQ:VRTX,434.07,425.865,427.01,426.01,1.0,967041
2026-04-28,NASDAQ:VRTX,431.77,426.68,431.25,430.14,1.0,808540
2026-04-29,NASDAQ:VRTX,426.72,419.7128,424.44,423.24,1.0,1059477
2026-04-30,NASDAQ:VRTX,430.9499,423.655,423.655,427.38,1.0,1121184
2026-05-01,NASDAQ:VRTX,427.38,421.535,425.02,423.92,1.0,796985
2026-05-04,NASDAQ:VRTX,430.13,422.11,423.75,429.85,1.0,1418890
2026-05-05,NASDAQ:VRTX,433.94,412.27,431.99,424.36,1.0,1906343
2026-05-06,NASDAQ:VRTX,431.06,422.665,422.665,427.65,1.0,1203285
2026-05-07,NASDAQ:VRTX,429.61,423.59,425.13,425.0,1.0,1112655
2026-05-08,NASDAQ:VRTX,431.94,421.11,422.37,429.82,1.0,953348
2026-05-11,NASDAQ:VRTX,442.155,428.5,429.5,435.17,1.0,1264201
2026-05-12,NASDAQ:VRTX,454.23,436.481,439.92,448.29,1.0,1398283
2026-05-13,NASDAQ:VRTX,455.32,444.26,446.47,453.06,1.0,1194366
2026-05-14,NASDAQ:VRTX,456.68,447.36,453.64,450.41,1.0,1088448
2026-05-15,NASDAQ:VRTX,453.45,435.86,453.45,436.95,1.0,1288893
2026-05-18,NASDAQ:VRTX,440.04,430.25,435.42,436.58,1.0,1451054
2026-05-19,NASDAQ:VRTX,444.32,433.15,436.79,434.31,1.0,1219660
2026-05-20,NASDAQ:VRTX,439.98,427.6401,434.31,430.44,1.0,1755643
2026-05-21,NASDAQ:VRTX,434.76,426.01,429.36,433.54,1.0,1395240
2026-05-22,NASDAQ:VRTX,438.84,432.96,437.07,434.52,1.0,1746340
2026-05-26,NASDAQ:VRTX,441.99,433.79,437.99,435.93,1.0,865853
2026-05-27,NASDAQ:VRTX,445.35,435.3935,438.52,437.22,1.0,1164524
2026-05-28,NASDAQ:VRTX,449.29,434.08,434.08,447.97,1.0,1358231
2026-05-29,NASDAQ:VRTX,450.0,442.25,448.01,447.54,1.0,1893380
2026-06-01,NASDAQ:VRTX,443.54,433.2601,439.91,438.4,1.0,1115281
2026-06-02,NASDAQ:VRTX,434.0,424.9,432.4,425.09,1.0,1147095
2026-06-03,NASDAQ:VRTX,429.01,420.01,420.63,428.34,1.0,1564384
2026-06-04,NASDAQ:VRTX,448.19,433.5,434.95,441.74,1.0,1362422
2026-06-05,NASDAQ:VRTX,453.16,443.86,445.605,446.83,1.0,1530180
2026-06-08,NASDAQ:VRTX,448.6899,441.72,443.17,442.96,1.0,1149408
2026-06-09,NASDAQ:VRTX,449.5,440.9,447.02,445.77,1.0,871497
2026-06-10,NASDAQ:VRTX,447.5,433.8,447.27,435.71,1.0,1103240
2026-06-11,NASDAQ:VRTX,445.7799,435.21,437.51,445.04,1.0,1233868
2026-06-12,NASDAQ:VRTX,447.7,440.02,440.02,444.925,1.0,924189
2026-06-15,NASDAQ:VRTX,453.68,439.5,446.685,450.46,1.0,1482949
2026-06-16,NASDAQ:VRTX,454.55,444.215,452.82,453.17,1.0,1486576
2026-06-17,NASDAQ:VRTX,464.31,447.54,449.67,458.99,1.0,1524291
2026-06-18,NASDAQ:VRTX,464.98,450.39,462.17,451.63,1.0,2993021
2026-06-22,NASDAQ:VRTX,468.18,453.21,455.65,466.79,1.0,2034573
2026-06-23,NASDAQ:VRTX,470.82,463.755,469.67,468.42,1.0,1204019
2026-06-24,NASDAQ:VRTX,480.855,469.925,471.38,475.2,1.0,1549953
2026-06-25,NASDAQ:VRTX,486.485,473.5001,475.11,480.18,1.0,1522567
2026-06-26,NASDAQ:VRTX,503.89,482.2,482.5,491.34,1.0,8693047
2026-06-29,NASDAQ:VRTX,499.87,487.62,495.83,499.65,1.0,2055780
2026-06-30,NASDAQ:VRTX,500.99,489.62,500.49,496.73,1.0,1738335
2026-07-01,NASDAQ:VRTX,502.71,494.8,502.71,498.01,1.0,1444535
2026-07-02,NASDAQ:VRTX,529.14,501.53,503.76,528.04,1.0,1855943
2026-07-06,NASDAQ:VRTX,529.9899,512.34,526.665,529.59,1.0,1515703
2026-07-07,NASDAQ:VRTX,533.67,512.77,530.0,522.25,1.0,2292906
2026-07-08,NASDAQ:VRTX,525.81,498.14,523.04,498.43,1.0,2287222
2026-07-09,NASDAQ:VRTX,500.77,482.11,495.58,496.5,1.0,2107282
2026-07-10,NASDAQ:VRTX,498.91,484.33,498.15,485.39,1.0,1430390
2026-07-13,NASDAQ:VRTX,486.175,474.71,486.175,480.25,1.0,1153856
2026-07-14,NASDAQ:VRTX,481.285,473.18,481.285,476.31,1.0,1093659
2026-07-15,NASDAQ:VRTX,480.96,469.6,472.15,477.08,1.0,1192070
2026-07-16,NASDAQ:VRTX,487.3,476.25,480.0,486.03,1.0,1370959
2026-07-17,NASDAQ:VRTX,496.69,481.975,483.51,485.65,1.0,1568122
2026-07-20,NASDAQ:VRTX,491.23,478.48,485.65,480.5,1.0,1101762
2026-07-21,NASDAQ:VRTX,484.99,473.56,478.555,482.0,1.0,1107414
2026-07-22,NASDAQ:VRTX,483.66,471.58,482.32,472.57,1.0,1289189
2026-07-23,NASDAQ:VRTX,477.68,465.0,467.09,473.09,1.0,1306125
2026-07-24,NASDAQ:VRTX,483.9999,472.575,476.05,477.36,1.0,1254156
2026-07-27,NASDAQ:VRTX,487.2125,477.99,479.27,479.0,1.0,1631004
2026-07-28,NASDAQ:VRTX,493.61,482.86,483.13,490.39,1.0,1700871
2026-07-29,NASDAQ:VRTX,492.99,481.91,492.67,483.33,1.0,1451920
2026-07-30,NASDAQ:VRTX,482.145,470.54,474.1,481.7,1.0,1249350
2026-07-31,NASDAQ:VRTX,480.67,469.87,480.67,477.1,1.0,957709
2026-08-03,NASDAQ:VRTX,483.36,468.14,480.0,470.72,1.0,1510456
2026-08-04,NASDAQ:VRTX,488.04,465.51,471.29,478.705,1.0,2026378
2026-08-05,NASDAQ:VRTX,491.9475,479.02,487.52,484.83,1.0,1383067
2026-08-06,NASDAQ:VRTX,492.4,480.86,490.91,484.03,1.0,1015131
2026-08-07,NASDAQ:VRTX,497.395,482.1,487.11,496.07,1.0,992491
2026-08-10,NASDAQ:VRTX,546.17,519.82,539.5,523.91,1.0,2682319
2026-08-11,NASDAQ:VRTX,532.23,522.0102,525.02,529.65,1.0,1065447
2026-08-12,NASDAQ:VRTX,531.2159,520.08,527.0,525.73,1.0,1047017
2026-08-13,NASDAQ:VRTX,529.0,515.74,528.68,516.44,1.0,863530
2026-08-14,NASDAQ:VRTX,513.6397,502.29,511.41,505.75,1.0,1130504
2026-08-17,NASDAQ:VRTX,517.84,502.53,503.87,515.55,1.0,1111401
2026-08-18,NASDAQ:VRTX,533.78,517.3401,520.0,528.19,1.0,1497081
2026-08-19,NASDAQ:VRTX,553.69,532.55,537.47,552.06,1.0,1437713
2026-08-20,NASDAQ:VRTX,548.985,538.27,543.78,540.26,1.0,1062465
2026-08-21,NASDAQ:VRTX,555.32,540.7,545.1,548.05,1.0,1074991
2026-08-24,NASDAQ:VRTX,550.615,542.42,548.98,547.59,1.0,767491
2026-08-25,NASDAQ:VRTX,555.69,543.75,545.53,552.85,1.0,775039
2026-08-26,NASDAQ:VRTX,553.47,546.235,549.84,547.29,1.0,834375
2026-08-27,NASDAQ:VRTX,550.83,540.08,540.08,547.55,1.0,844619
2026-08-28,NASDAQ:VRTX,549.57,540.08,547.09,541.69,1.0,886917
2026-08-31,NASDAQ:VRTX,546.84,532.2281,535.38,544.52,1.0,1198447
2026-09-01,NASDAQ:VRTX,551.4,545.08,548.6,547.65,1.0,735119
2026-09-02,NASDAQ:VRTX,558.33,549.07,552.42,556.75,1.0,1734287
2026-04-01,NYSE:IBP,275.41,264.5,265.47,273.19,1.0,303161
2026-04-02,NYSE:IBP,274.38,261.825,266.0,268.71,1.0,218927
2026-04-06,NYSE:IBP,268.615,264.945,267.45,267.51,1.0,281422
2026-04-07,NYSE:IBP,264.42,259.5216,263.68,262.04,1.0,374392
2026-04-08,NYSE:IBP,287.37,269.045,274.0,281.85,1.0,433926
2026-04-09,NYSE:IBP,287.81,273.43,273.43,285.66,1.0,429679
2026-04-10,NYSE:IBP,288.4,281.035,285.08,285.88,1.0,270109
2026-04-13,NYSE:IBP,289.72,277.43,282.12,289.72,1.0,272462
2026-04-14,NYSE:IBP,295.2,287.0306,290.19,288.98,1.0,246258
2026-04-15,NYSE:IBP,287.195,280.72,286.31,283.75,1.0,178449
2026-04-16,NYSE:IBP,288.0,278.89,284.92,282.14,1.0,166607
2026-04-17,NYSE:IBP,305.865,290.26,290.26,297.64,1.0,413828
2026-04-20,NYSE:IBP,309.8,294.34,296.12,309.45,1.0,330280
2026-04-21,NYSE:IBP,322.96,311.93,318.59,314.39,1.0,695569
2026-04-22,NYSE:IBP,319.18,303.9,319.18,306.18,1.0,325825
2026-04-23,NYSE:IBP,312.26,302.38,308.71,308.98,1.0,220741
2026-04-24,NYSE:IBP,309.6999,301.34,307.72,302.57,1.0,223564
2026-04-27,NYSE:IBP,305.61,296.06,301.66,298.53,1.0,283528
2026-04-28,NYSE:IBP,304.6,291.72,299.5,293.97,1.0,229633
2026-04-29,NYSE:IBP,293.3,283.83,291.86,284.55,1.0,195025
2026-04-30,NYSE:IBP,290.305,282.395,285.6,288.55,1.0,304094
2026-05-01,NYSE:IBP,293.64,285.0409,289.81,290.21,1.0,364174
2026-05-04,NYSE:IBP,289.715,275.49,288.27,277.02,1.0,377104
2026-05-05,NYSE:IBP,285.305,276.0,280.76,282.53,1.0,328563
2026-05-06,NYSE:IBP,302.95,291.5,291.5,299.47,1.0,464382
2026-05-07,NYSE:IBP,270.0,212.445,259.5,216.92,1.0,1791503
2026-05-08,NYSE:IBP,224.28,212.24,220.12,219.99,1.0,594891
2026-05-11,NYSE:IBP,221.48,203.34,219.44,206.2,1.0,1187950
2026-05-12,NYSE:IBP,209.46,200.3,209.46,202.65,1.0,910026
2026-05-13,NYSE:IBP,206.39,197.8,201.82,206.36,1.0,830757
2026-05-14,NYSE:IBP,219.99,208.0849,210.01,217.31,1.0,618390
2026-05-15,NYSE:IBP,213.765,206.72,206.72,209.19,1.0,608610
2026-05-18,NYSE:IBP,219.515,211.03,211.03,215.36,1.0,519315
2026-05-19,NYSE:IBP,212.66,203.83,212.66,204.48,1.0,350621
2026-05-20,NYSE:IBP,216.29,203.45,206.88,215.93,1.0,429766
2026-05-21,NYSE:IBP,218.73,208.38,208.38,216.85,1.0,590949
2026-05-22,NYSE:IBP,219.4,211.02,217.81,214.22,1.0,430434
2026-05-26,NYSE:IBP,218.21,213.69,216.84,217.13,1.0,340212
2026-05-27,NYSE:IBP,224.93,212.24,218.85,213.51,1.0,426736
2026-05-28,NYSE:IBP,213.59,207.14,210.59,209.8,1.0,484870
2026-05-29,NYSE:IBP,214.18,208.15,209.3,209.98,1.0,321332
2026-06-01,NYSE:IBP,210.075,201.61,206.5,201.8,1.0,338694
2026-06-02,NYSE:IBP,204.92,199.1922,203.31,204.3,1.0,560614
2026-06-03,NYSE:IBP,203.295,198.65,201.9,201.74,1.0,715225
2026-06-04,NYSE:IBP,207.325,198.61,204.77,202.74,1.0,497320
2026-06-05,NYSE:IBP,203.16,196.855,199.18,197.61,1.0,487840
2026-06-08,NYSE:IBP,202.72,195.4,197.18,200.22,1.0,581393
2026-06-09,NYSE:IBP,206.6,199.58,201.2,206.03,1.0,392074
2026-06-10,NYSE:IBP,207.08,193.11,205.19,195.65,1.0,342131
2026-06-11,NYSE:IBP,207.66,195.0798,196.6,207.5,1.0,366027
2026-06-12,NYSE:IBP,210.31,204.3601,205.49,207.09,1.0,411558
2026-06-15,NYSE:IBP,218.76,207.45,212.95,208.59,1.0,306629
2026-06-16,NYSE:IBP,219.125,212.0,213.45,217.86,1.0,431976
2026-06-17,NYSE:IBP,224.1,209.255,215.42,211.31,1.0,489338
2026-06-18,NYSE:IBP,221.81,212.845,214.62,218.25,1.0,865460
2026-06-22,NYSE:IBP,219.68,210.81,216.68,211.92,1.0,445451
2026-06-23,NYSE:IBP,214.33,208.7956,210.38,210.68,1.0,295231
2026-06-24,NYSE:IBP,228.67,213.115,214.36,223.3,1.0,585049
2026-06-25,NYSE:IBP,230.27,223.02,224.3,227.02,1.0,433126
2026-06-26,NYSE:IBP,233.75,223.36,225.84,233.32,1.0,1323405
2026-06-29,NYSE:IBP,229.14,219.41,229.14,227.34,1.0,533166
2026-06-30,NYSE:IBP,230.64,225.22,227.82,229.84,1.0,394445
2026-07-01,NYSE:IBP,232.79,223.72,226.9,224.02,1.0,427686
2026-07-02,NYSE:IBP,228.63,223.47,225.66,228.26,1.0,274930
2026-07-06,NYSE:IBP,230.02,219.54,228.1,225.74,1.0,293440
2026-07-07,NYSE:IBP,229.12,220.695,229.12,222.19,1.0,271631
2026-07-08,NYSE:IBP,220.69,210.2,218.13,214.79,1.0,621140
2026-07-09,NYSE:IBP,221.7999,215.2,217.48,220.0,1.0,401691
2026-07-10,NYSE:IBP,229.0465,221.49,223.18,225.13,1.0,200886
2026-07-13,NYSE:IBP,226.56,218.85,224.28,222.53,1.0,291764
2026-07-14,NYSE:IBP,232.46,221.635,227.39,224.4,1.0,302922
2026-07-15,NYSE:IBP,232.89,222.02,224.87,228.59,1.0,746698
2026-07-16,NYSE:IBP,236.225,226.25,232.99,235.4,1.0,361742
2026-07-17,NYSE:IBP,238.82,225.78,232.67,228.65,1.0,453552
2026-07-20,NYSE:IBP,229.19,221.6,228.72,224.21,1.0,402486
2026-07-21,NYSE:IBP,225.15,211.48,223.34,222.09,1.0,489774
2026-07-22,NYSE:IBP,226.71,220.6735,222.75,225.09,1.0,378749
2026-07-23,NYSE:IBP,227.35,217.29,227.35,222.88,1.0,437985
2026-07-24,NYSE:IBP,229.825,221.26,222.84,227.43,1.0,342912
2026-07-27,NYSE:IBP,236.17,227.5,230.11,228.55,1.0,360517
2026-07-28,NYSE:IBP,240.08,231.6846,232.19,240.07,1.0,461855
2026-07-29,NYSE:IBP,240.55,229.2695,235.4,230.33,1.0,431493
2026-07-30,NYSE:IBP,234.87,223.34,231.13,225.16,1.0,291629
2026-07-31,NYSE:IBP,228.54,221.575,222.98,222.94,1.0,296331
2026-08-03,NYSE:IBP,238.01,227.49,228.86,228.45,1.0,296507
2026-08-04,NYSE:IBP,239.18,230.03,231.88,237.85,1.0,361612
2026-08-05,NYSE:IBP,244.455,233.93,233.93,241.51,1.0,430251
2026-08-06,NYSE:IBP,253.505,224.0501,246.36,241.97,1.0,588745
2026-08-07,NYSE:IBP,251.765,238.33,244.87,244.05,1.0,380964
2026-08-10,NYSE:IBP,243.19,232.72,242.39,235.76,1.0,248466
2026-08-11,NYSE:IBP,249.9,235.99,238.98,249.57,1.0,258337
2026-08-12,NYSE:IBP,252.5858,242.11,249.34,242.95,1.0,502070
2026-08-13,NYSE:IBP,247.88,244.145,245.85,246.08,1.0,217407
2026-08-14,NYSE:IBP,248.38,239.5485,247.665,240.23,1.0,194401
2026-08-17,NYSE:IBP,244.91,232.55,236.33,243.54,1.0,269969
2026-08-18,NYSE:IBP,244.95,238.03,244.55,238.59,1.0,247060
2026-08-19,NYSE:IBP,253.49,246.01,246.01,249.7,1.0,279225
2026-08-20,NYSE:IBP,245.75,234.1057,241.82,244.61,1.0,216584
2026-08-21,NYSE:IBP,250.205,243.65,245.97,246.81,1.0,229435
2026-08-24,NYSE:IBP,250.98,242.285,247.58,244.89,1.0,159477
2026-08-25,NYSE:IBP,249.26,243.19,247.72,246.98,1.0,229515
2026-08-26,NYSE:IBP,247.335,242.7144,247.31,246.0,1.0,213930
2026-08-27,NYSE:IBP,245.6,240.025,243.88,240.86,1.0,189724
2026-08-28,NYSE:IBP,247.32,241.03,242.34,245.56,1.0,338424
2026-08-31,NYSE:IBP,247.34,240.48,246.11,242.83,1.0,528623
2026-09-01,NYSE:IBP,247.0947,233.895,239.16,234.14,1.0,338621
2026-09-02,NYSE:IBP,238.1685,228.52,232.5,235.54,1.0,311843
2026-04-01,NYSE:TDG,1183.96,1123.61,1159.6,1173.27,1.0,472230
2026-04-02,NYSE:TDG,1175.34,1145.0201,1165.95,1167.0,1.0,319784
2026-04-06,NYSE:TDG,1190.03,1158.5,1168.0,1189.64,1.0,216203
2026-04-07,NYSE:TDG,1182.9,1165.08,1182.9,1169.57,1.0,302203
2026-04-08,NYSE:TDG,1225.26,1191.2,1191.2,1219.88,1.0,305426
2026-04-09,NYSE:TDG,1234.13,1207.26,1211.87,1225.52,1.0,198229
2026-04-10,NYSE:TDG,1221.0,1199.39,1221.0,1207.18,1.0,205659
2026-04-13,NYSE:TDG,1235.5,1201.03,1207.2,1233.11,1.0,328866
2026-04-14,NYSE:TDG,1303.06,1268.87,1279.24,1296.58,1.0,471304
2026-04-15,NYSE:TDG,1301.38,1273.76,1297.08,1274.69,1.0,324105
2026-04-16,NYSE:TDG,1278.5,1218.3,1275.68,1228.23,1.0,386363
2026-04-17,NYSE:TDG,1290.11,1235.0,1239.0,1265.88,1.0,384888
2026-04-20,NYSE:TDG,1274.76,1260.0,1265.27,1274.62,1.0,246034
2026-04-21,NYSE:TDG,1274.5,1193.73,1267.28,1205.67,1.0,626035
2026-04-22,NYSE:TDG,1214.49,1180.23,1207.96,1187.75,1.0,425197
2026-04-23,NYSE:TDG,1197.9,1155.03,1188.32,1165.76,1.0,647013
2026-04-24,NYSE:TDG,1161.11,1136.26,1156.87,1148.18,1.0,633829
2026-04-27,NYSE:TDG,1165.9,1146.4,1146.4,1158.36,1.0,321179
2026-04-28,NYSE:TDG,1173.0,1136.36,1167.54,1154.06,1.0,291262
2026-04-29,NYSE:TDG,1155.0,1128.21,1154.21,1142.74,1.0,331498
2026-04-30,NYSE:TDG,1164.37,1141.95,1143.46,1159.98,1.0,343500
2026-05-01,NYSE:TDG,1171.67,1145.92,1171.58,1154.45,1.0,310994
2026-05-04,NYSE:TDG,1172.23,1149.22,1156.83,1149.72,1.0,421314
2026-05-05,NYSE:TDG,1234.0,1173.22,1220.0,1191.33,1.0,677479
2026-05-06,NYSE:TDG,1255.43,1221.86,1231.53,1233.37,1.0,472763
2026-05-07,NYSE:TDG,1262.26,1235.74,1239.79,1241.98,1.0,357425
2026-05-08,NYSE:TDG,1250.31,1209.06,1242.75,1215.08,1.0,284261
2026-05-11,NYSE:TDG,1226.5492,1191.89,1218.74,1198.67,1.0,405054
2026-05-12,NYSE:TDG,1205.7711,1179.19,1197.2,1191.19,1.0,486134
2026-05-13,NYSE:TDG,1204.44,1167.83,1182.58,1201.4,1.0,333242
2026-05-14,NYSE:TDG,1210.0,1170.61,1204.65,1178.82,1.0,333591
2026-05-15,NYSE:TDG,1178.07,1143.4,1174.71,1148.97,1.0,298384
2026-05-18,NYSE:TDG,1191.13,1145.01,1148.18,1182.35,1.0,563336
2026-05-19,NYSE:TDG,1199.22,1177.63,1181.28,1179.08,1.0,466471
2026-05-20,NYSE:TDG,1206.33,1169.67,1183.27,1198.09,1.0,354610
2026-05-21,NYSE:TDG,1220.73,1184.985,1187.72,1209.32,1.0,469706
2026-05-22,NYSE:TDG,1221.2,1207.355,1214.12,1213.51,1.0,448621
2026-05-26,NYSE:TDG,1234.0,1211.285,1226.29,1226.0,1.0,382374
2026-05-27,NYSE:TDG,1248.82,1223.65,1228.09,1240.91,1.0,435952
2026-05-28,NYSE:TDG,1280.11,1241.93,1242.0,1265.06,1.0,436348
2026-05-29,NYSE:TDG,1285.0,1244.54,1265.29,1258.32,1.0,399149
2026-06-01,NYSE:TDG,1255.24,1232.51,1243.88,1238.41,1.0,434044
2026-06-02,NYSE:TDG,1250.63,1224.5,1224.5,1246.98,1.0,397856
2026-06-03,NYSE:TDG,1242.35,1201.86,1235.8,1211.57,1.0,429381
2026-06-04,NYSE:TDG,1239.27,1223.835,1233.16,1228.09,1.0,325413
2026-06-05,NYSE:TDG,1242.22,1220.01,1234.07,1238.74,1.0,266056
2026-06-08,NYSE:TDG,1243.81,1203.35,1238.61,1206.28,1.0,270634
2026-06-09,NYSE:TDG,1258.1,1213.96,1214.55,1257.24,1.0,401433
2026-06-10,NYSE:TDG,1264.82,1207.73,1264.27,1212.36,1.0,307630
2026-06-11,NYSE:TDG,1259.4,1205.0,1209.87,1257.59,1.0,268766
2026-06-12,NYSE:TDG,1265.43,1231.01,1260.96,1256.05,1.0,245841
2026-06-15,NYSE:TDG,1288.17,1265.95,1273.38,1277.35,1.0,345994
2026-06-16,NYSE:TDG,1311.0,1278.01,1286.51,1301.2,1.0,484781
2026-06-17,NYSE:TDG,1331.33,1284.92,1291.86,1316.75,1.0,424547
2026-06-18,NYSE:TDG,1337.34,1304.86,1330.18,1328.31,1.0,741725
2026-06-22,NYSE:TDG,1321.0,1281.9362,1319.99,1295.9,1.0,397072
2026-06-23,NYSE:TDG,1308.3199,1280.7,1291.83,1297.68,1.0,334694
2026-06-24,NYSE:TDG,1333.065,1289.65,1294.42,1322.67,1.0,424703
2026-06-25,NYSE:TDG,1361.765,1321.38,1328.04,1332.56,1.0,359727
2026-06-26,NYSE:TDG,1331.27,1314.1,1327.99,1324.56,1.0,818096
2026-06-29,NYSE:TDG,1343.4,1315.25,1318.74,1323.44,1.0,450601
2026-06-30,NYSE:TDG,1336.165,1309.08,1330.19,1332.04,1.0,446059
2026-07-01,NYSE:TDG,1345.1,1304.74,1340.64,1309.18,1.0,423137
2026-07-02,NYSE:TDG,1350.74,1318.35,1324.36,1348.49,1.0,363104
2026-07-06,NYSE:TDG,1359.99,1334.91,1359.99,1346.12,1.0,242853
2026-07-07,NYSE:TDG,1358.55,1322.46,1352.96,1329.63,1.0,253161
2026-07-08,NYSE:TDG,1318.855,1288.0001,1310.87,1296.43,1.0,297095
2026-07-09,NYSE:TDG,1304.3399,1289.375,1297.76,1295.71,1.0,284753
2026-07-10,NYSE:TDG,1298.72,1280.5,1288.82,1291.35,1.0,260742
2026-07-13,NYSE:TDG,1280.82,1212.69,1277.66,1235.0,1.0,528583
2026-07-14,NYSE:TDG,1244.1571,1215.16,1228.67,1215.34,1.0,317058
2026-07-15,NYSE:TDG,1234.38,1195.0,1201.26,1232.18,1.0,351153
2026-07-16,NYSE:TDG,1240.37,1216.77,1225.64,1231.11,1.0,321048
2026-07-17,NYSE:TDG,1253.595,1209.37,1225.69,1214.43,1.0,300861
2026-07-20,NYSE:TDG,1227.07,1203.54,1221.62,1204.73,1.0,357044
2026-07-21,NYSE:TDG,1212.95,1197.7325,1203.26,1205.49,1.0,398886
2026-07-22,NYSE:TDG,1214.475,1192.075,1209.79,1194.7,1.0,439693
2026-07-23,NYSE:TDG,1227.73,1204.27,1206.02,1213.83,1.0,248241
2026-07-24,NYSE:TDG,1255.705,1217.13,1217.15,1236.71,1.0,269688
2026-07-27,NYSE:TDG,1291.86,1247.65,1250.99,1286.27,1.0,343831
2026-07-28,NYSE:TDG,1317.66,1288.905,1296.78,1307.97,1.0,292479
2026-07-29,NYSE:TDG,1298.5,1261.23,1298.5,1264.6,1.0,299121
2026-07-30,NYSE:TDG,1265.0,1236.88,1264.6,1249.91,1.0,306705
2026-07-31,NYSE:TDG,1265.08,1240.88,1249.79,1254.38,1.0,393093
2026-08-03,NYSE:TDG,1291.49,1260.04,1280.27,1285.56,1.0,711648
2026-08-04,NYSE:TDG,1359.273,1233.11,1355.6,1275.05,1.0,912269
2026-08-05,NYSE:TDG,1271.51,1234.24,1271.51,1254.71,1.0,879113
2026-08-06,NYSE:TDG,1280.17,1250.725,1264.08,1262.07,1.0,551718
2026-08-07,NYSE:TDG,1273.07,1220.42,1272.95,1225.25,1.0,521716
2026-08-10,NYSE:TDG,1234.98,1212.17,1230.0,1223.48,1.0,435828
2026-08-11,NYSE:TDG,1250.545,1221.08,1225.0,1242.04,1.0,545111
2026-08-12,NYSE:TDG,1251.06,1234.01,1244.68,1235.48,1.0,240793
2026-08-13,NYSE:TDG,1249.375,1216.67,1242.0,1246.31,1.0,380198
2026-08-14,NYSE:TDG,1265.7611,1238.4,1258.87,1256.9,1.0,438626
2026-08-17,NYSE:TDG,1257.1,1232.275,1257.0,1237.82,1.0,243342
2026-08-18,NYSE:TDG,1243.18,1225.175,1238.21,1233.78,1.0,250823
2026-08-19,NYSE:TDG,1240.2,1220.345,1235.0,1222.91,1.0,254145
2026-08-20,NYSE:TDG,1221.225,1179.95,1219.61,1180.4,1.0,440394
2026-08-21,NYSE:TDG,1206.2,1185.14,1188.04,1200.35,1.0,533795
2026-08-24,NYSE:TDG,1203.705,1187.85,1199.88,1199.08,1.0,466655
2026-08-25,NYSE:TDG,1212.38,1183.74,1211.33,1192.6,1.0,397792
2026-08-26,NYSE:TDG,1225.97,1197.39,1202.0,1207.06,1.0,432946
2026-08-27,NYSE:TDG,1201.15,1182.62,1200.51,1186.48,1.0,226965
2026-08-28,NYSE:TDG,1195.51,1179.0,1191.02,1185.97,1.0,192547
2026-08-31,NYSE:TDG,1185.47,1161.2505,1180.0,1171.74,1.0,496985
2026-09-01,NYSE:TDG,1182.0,1153.43,1169.73,1155.76,1.0,270352
2026-09-02,NYSE:TDG,1170.55,1152.27,1160.74,1153.75,1.0,333517
2026-04-01,NASDAQ:ISRG,468.33,460.76,462.89,464.45,1.0,1427318
2026-04-02,NASDAQ:ISRG,463.93,450.4,456.26,452.07,1.0,1647820
2026-04-06,NASDAQ:ISRG,458.92,449.73,451.06,452.58,1.0,1152400
2026-04-07,NASDAQ:ISRG,453.42,447.775,451.005,452.95,1.0,1796824
2026-04-08,NASDAQ:ISRG,471.9799,460.24,469.99,462.28,1.0,2253941
2026-04-09,NASDAQ:ISRG,460.65,451.03,459.32,454.94,1.0,1551480
2026-04-10,NASDAQ:ISRG,455.79,448.22,455.69,450.62,1.0,1466335
2026-04-13,NASDAQ:ISRG,459.25,448.17,448.17,458.96,1.0,1691011
2026-04-14,NASDAQ:ISRG,471.24,459.5,459.93,467.22,1.0,1973628
2026-04-15,NASDAQ:ISRG,473.99,465.79,469.55,468.36,1.0,1935050
2026-04-16,NASDAQ:ISRG,471.8,454.0,469.08,458.08,1.0,2209623
2026-04-17,NASDAQ:ISRG,474.28,463.02,463.6,469.21,1.0,2720734
2026-04-20,NASDAQ:ISRG,472.5699,463.65,471.355,465.6,1.0,2442672
2026-04-21,NASDAQ:ISRG,471.0795,451.29,469.05,451.29,1.0,3379562
2026-04-22,NASDAQ:ISRG,491.15,460.01,461.36,483.62,1.0,4437843
2026-04-23,NASDAQ:ISRG,489.86,477.1901,484.49800000000005,478.82,1.0,2889652
2026-04-24,NASDAQ:ISRG,482.84,471.0,480.75,482.22,1.0,2655157
2026-04-27,NASDAQ:ISRG,486.7742,469.2,481.0,470.99,1.0,2028418
2026-04-28,NASDAQ:ISRG,473.86,463.38,472.42,466.64,1.0,1836727
2026-04-29,NASDAQ:ISRG,463.5,449.59,463.5,453.83,1.0,2059344
2026-04-30,NASDAQ:ISRG,458.29,449.8298,452.68,457.61,1.0,2000263
2026-05-01,NASDAQ:ISRG,463.14,456.355,458.86,457.78,1.0,1462344
2026-05-04,NASDAQ:ISRG,461.235,449.23,457.56,452.35,1.0,1797570
2026-05-05,NASDAQ:ISRG,458.26,441.98,453.925,451.38,1.0,2952300
2026-05-06,NASDAQ:ISRG,455.0,446.9001,451.615,451.73,1.0,1982748
2026-05-07,NASDAQ:ISRG,462.4,452.0,453.035,453.49,1.0,1563343
2026-05-08,NASDAQ:ISRG,454.32,447.0,454.31,450.06,1.0,2402326
2026-05-11,NASDAQ:ISRG,448.75,417.74,446.91,420.06,1.0,4032891
2026-05-12,NASDAQ:ISRG,435.56,420.0,425.0,431.87,1.0,2351616
2026-05-13,NASDAQ:ISRG,438.78,426.66,430.96,432.27,1.0,1996719
2026-05-14,NASDAQ:ISRG,434.91,426.53,432.0,428.06,1.0,2171880
2026-05-15,NASDAQ:ISRG,431.98,420.56,430.0,421.12,1.0,2375097
2026-05-18,NASDAQ:ISRG,440.61,421.955,421.955,439.92,1.0,2119623
2026-05-19,NASDAQ:ISRG,447.8,436.39,440.8,441.58,1.0,2799088
2026-05-20,NASDAQ:ISRG,449.77,434.5,440.38,449.03,1.0,1689764
2026-05-21,NASDAQ:ISRG,447.57,435.15,446.205,439.8,1.0,2088407
2026-05-22,NASDAQ:ISRG,443.8599,434.77,439.495,438.1,1.0,2010239
2026-05-26,NASDAQ:ISRG,442.94,434.15,439.42,436.64,1.0,1690748
2026-05-27,NASDAQ:ISRG,439.2,414.3,432.22,418.55,1.0,3125440
2026-05-28,NASDAQ:ISRG,425.0,414.75,419.575,423.63,1.0,2185133
2026-05-29,NASDAQ:ISRG,426.81,419.83,423.79,424.64,1.0,3441380
2026-06-01,NASDAQ:ISRG,423.9499,411.83,420.465,412.26,1.0,3033644
2026-06-02,NASDAQ:ISRG,414.0,396.68,408.5,402.3,1.0,3985931
2026-06-03,NASDAQ:ISRG,407.85,399.44,400.495,407.29,1.0,2651379
2026-06-04,NASDAQ:ISRG,423.5,412.62,413.86,418.82,1.0,2353914
2026-06-05,NASDAQ:ISRG,428.46,419.5,420.0,422.06,1.0,2775557
2026-06-08,NASDAQ:ISRG,424.3851,417.14,422.535,418.61,1.0,2180420
2026-06-09,NASDAQ:ISRG,430.85,417.55,421.13,426.61,1.0,2275496
2026-06-10,NASDAQ:ISRG,426.2,411.92,424.14,412.02,1.0,2004818
2026-06-11,NASDAQ:ISRG,416.1899,406.82,412.16,412.9,1.0,1998407
2026-06-12,NASDAQ:ISRG,415.76,402.73,415.01,411.06,1.0,1777294
2026-06-15,NASDAQ:ISRG,420.59,412.88,412.94,416.55,1.0,2601678
2026-06-16,NASDAQ:ISRG,422.46,412.93,419.0,417.07,1.0,1845354
2026-06-17,NASDAQ:ISRG,418.24,400.1,415.0,402.18,1.0,2239369
2026-06-18,NASDAQ:ISRG,409.64,400.93,403.6,406.78,1.0,4404200
2026-06-22,NASDAQ:ISRG,408.5346,399.5001,401.33,402.95,1.0,2680659
2026-06-23,NASDAQ:ISRG,407.33,399.29,403.25,403.18,1.0,2705176
2026-06-24,NASDAQ:ISRG,412.54,400.12,406.0,401.83,1.0,2438789
2026-06-25,NASDAQ:ISRG,412.47,398.89,403.21,399.69,1.0,2821276
2026-06-26,NASDAQ:ISRG,409.78,399.29,399.48,404.7,1.0,3413593
2026-06-29,NASDAQ:ISRG,415.99,405.14099999999996,409.68,405.97,1.0,2328653
2026-06-30,NASDAQ:ISRG,406.5599,397.52,405.41,397.68,1.0,2585415
2026-07-01,NASDAQ:ISRG,408.62,399.985,403.0,402.38,1.0,1939311
2026-07-02,NASDAQ:ISRG,426.02,406.47,409.81,426.01,1.0,3141747
2026-07-06,NASDAQ:ISRG,440.17,420.51,428.93,432.83,1.0,3412891
2026-07-07,NASDAQ:ISRG,443.84,424.86,439.5,427.3,1.0,2492148
2026-07-08,NASDAQ:ISRG,428.47,414.59,427.3,415.1,1.0,1614810
2026-07-09,NASDAQ:ISRG,416.25,409.0,415.1,411.55,1.0,1953540
2026-07-10,NASDAQ:ISRG,415.91,403.2501,412.9,406.78,1.0,1859949
2026-07-13,NASDAQ:ISRG,414.58,406.82,407.26,407.12,1.0,1801595
2026-07-14,NASDAQ:ISRG,397.38,378.5,396.1,379.5,1.0,5748074
2026-07-15,NASDAQ:ISRG,393.96,378.5,378.55,388.97,1.0,4141561
2026-07-16,NASDAQ:ISRG,405.5,393.675,394.0,402.33,1.0,5664638
2026-07-17,NASDAQ:ISRG,367.74,344.55,365.025,345.42,1.0,11563751
2026-07-20,NASDAQ:ISRG,355.08,342.1,347.01,353.17,1.0,5717882
2026-07-21,NASDAQ:ISRG,362.85,347.0,347.01,350.06,1.0,5161004
2026-07-22,NASDAQ:ISRG,355.0,340.61,351.86,340.69,1.0,4563757
2026-07-23,NASDAQ:ISRG,340.55,328.57,338.5,332.02,1.0,4892560
2026-07-24,NASDAQ:ISRG,341.83,332.15,334.6,337.5,1.0,3438605
2026-07-27,NASDAQ:ISRG,359.2599,343.39,344.0,356.83,1.0,5121010
2026-07-28,NASDAQ:ISRG,374.7,360.48,365.5,361.8,1.0,4088169
2026-07-29,NASDAQ:ISRG,361.8,351.94,361.455,353.1,1.0,2738061
2026-07-30,NASDAQ:ISRG,355.06,346.45,346.83,352.97,1.0,2773454
2026-07-31,NASDAQ:ISRG,355.093,348.88,350.77,353.33,1.0,2461906
2026-08-03,NASDAQ:ISRG,375.85,360.98,361.755,375.41,1.0,3502071
2026-08-04,NASDAQ:ISRG,376.31,364.26,376.31,368.265,1.0,3938805
2026-08-05,NASDAQ:ISRG,376.625,369.4801,372.8,375.2,1.0,3286390
2026-08-06,NASDAQ:ISRG,378.6399,371.68,374.39,373.71,1.0,2594560
2026-08-07,NASDAQ:ISRG,379.9,372.6325,374.55,378.81,1.0,2466037
2026-08-10,NASDAQ:ISRG,393.63,378.0,379.24,393.38,1.0,3221560
2026-08-11,NASDAQ:ISRG,402.14,392.22,392.22,401.23,1.0,4123941
2026-08-12,NASDAQ:ISRG,404.98,397.17,403.81,401.27,1.0,3142556
2026-08-13,NASDAQ:ISRG,404.69,398.0,403.72,401.27,1.0,2355574
2026-08-14,NASDAQ:ISRG,402.46,394.06,401.02,394.51,1.0,1986189
2026-08-17,NASDAQ:ISRG,396.99,389.67,392.1,390.33,1.0,2157790
2026-08-18,NASDAQ:ISRG,399.8745,390.84,394.0,391.18,1.0,2384987
2026-08-19,NASDAQ:ISRG,405.34,394.0,394.55,397.72,1.0,2125169
2026-08-20,NASDAQ:ISRG,398.99,372.6,397.225,374.48,1.0,3970870
2026-08-21,NASDAQ:ISRG,382.04,367.24,375.125,378.81,1.0,2010937
2026-08-24,NASDAQ:ISRG,384.06,373.48,379.25,373.57,1.0,1519418
2026-08-25,NASDAQ:ISRG,378.23,367.0701,375.25,371.84,1.0,1768567
2026-08-26,NASDAQ:ISRG,372.37199999999996,366.73,368.49,370.42,1.0,1665851
2026-08-27,NASDAQ:ISRG,372.305,366.9,369.61,367.07,1.0,1788898
2026-08-28,NASDAQ:ISRG,373.395,366.735,368.0,372.6,1.0,1802434
2026-08-31,NASDAQ:ISRG,377.37,365.3215,369.0,376.86,1.0,1923582
2026-09-01,NASDAQ:ISRG,375.4,366.35,375.0,369.25,1.0,1849101
2026-09-02,NASDAQ:ISRG,382.41,368.25,369.0,371.88,1.0,2015732
2026-04-01,NYSE:KBH,52.17,51.03,51.33,51.22,1.0,1282698
2026-04-02,NYSE:KBH,51.79,49.81,50.94,50.85,1.0,1251347
2026-04-06,NYSE:KBH,51.38,50.095,50.3,51.34,1.0,869826
2026-04-07,NYSE:KBH,50.21,48.17,50.12,48.41,1.0,1430441
2026-04-08,NYSE:KBH,51.89,50.66,50.74,51.41,1.0,1961895
2026-04-09,NYSE:KBH,52.79,50.89,50.89,52.22,1.0,1218220
2026-04-10,NYSE:KBH,52.4,51.11,52.11,51.6,1.0,1068945
2026-04-13,NYSE:KBH,52.0,50.425,51.61,52.0,1.0,893552
2026-04-14,NYSE:KBH,52.4347,51.83,51.97,51.93,1.0,639435
2026-04-15,NYSE:KBH,52.185,51.1,51.59,51.57,1.0,1327929
2026-04-16,NYSE:KBH,52.44,51.7275,51.81,51.93,1.0,917310
2026-04-17,NYSE:KBH,55.45,53.25,53.33,54.28,1.0,1343050
2026-04-20,NYSE:KBH,55.27,53.81,53.9,55.22,1.0,956796
2026-04-21,NYSE:KBH,57.55,55.56,57.24,55.74,1.0,1271776
2026-04-22,NYSE:KBH,56.59,55.465,56.16,55.58,1.0,1114181
2026-04-23,NYSE:KBH,56.27,55.1,55.53,56.14,1.0,969476
2026-04-24,NYSE:KBH,56.62,55.26,56.3,55.27,1.0,967314
2026-04-27,NYSE:KBH,55.71,54.85,55.03,55.42,1.0,779665
2026-04-28,NYSE:KBH,56.01,54.18,55.82,54.45,1.0,826842
2026-04-29,NYSE:KBH,54.305,52.1,53.99,52.3,1.0,953804
2026-04-30,NYSE:KBH,53.33,52.21,52.21,52.99,1.0,915581
2026-05-01,NYSE:KBH,53.321999999999996,51.22,53.3,51.44,1.0,998660
2026-05-04,NYSE:KBH,50.5,47.9501,50.115,48.09,1.0,1633562
2026-05-05,NYSE:KBH,48.965,48.0,48.28,48.42,1.0,1216443
2026-05-06,NYSE:KBH,50.83,49.43,49.53,49.67,1.0,1117707
2026-05-07,NYSE:KBH,50.0,48.655,49.79,49.18,1.0,1115676
2026-05-08,NYSE:KBH,50.03,48.9,49.46,49.52,1.0,718512
2026-05-11,NYSE:KBH,49.95,47.82,49.7,47.87,1.0,1066033
2026-05-12,NYSE:KBH,48.03,46.65,48.01,46.93,1.0,958946
2026-05-13,NYSE:KBH,47.0,45.765,46.38,46.65,1.0,1115497
2026-05-14,NYSE:KBH,47.34,46.42,47.24,46.89,1.0,1085461
2026-05-15,NYSE:KBH,46.87,45.03,46.87,45.07,1.0,1098199
2026-05-18,NYSE:KBH,46.58,45.28,45.8,45.64,1.0,1021149
2026-05-19,NYSE:KBH,45.32,44.025,45.05,45.04,1.0,1326662
2026-05-20,NYSE:KBH,47.1,44.75,45.54,47.05,1.0,1490586
2026-05-21,NYSE:KBH,48.19,45.79,46.34,48.02,1.0,911884
2026-05-22,NYSE:KBH,48.84,47.62,48.2,48.6,1.0,780382
2026-05-26,NYSE:KBH,49.3,48.58,48.78,49.22,1.0,638519
2026-05-27,NYSE:KBH,51.345,49.57,49.83,49.7,1.0,852193
2026-05-28,NYSE:KBH,49.7,48.54,48.92,49.15,1.0,825918
2026-05-29,NYSE:KBH,50.08,48.7,48.97,48.86,1.0,1048314
2026-06-01,NYSE:KBH,51.47,50.0,50.305,51.11,1.0,2022918
2026-06-02,NYSE:KBH,52.01,50.76,51.27,51.45,1.0,1243131
2026-06-03,NYSE:KBH,51.69,50.275,50.69,51.16,1.0,1094531
2026-06-04,NYSE:KBH,52.65,51.47,52.24,52.06,1.0,884671
2026-06-05,NYSE:KBH,52.63,51.37,51.69,52.04,1.0,1196203
2026-06-08,NYSE:KBH,52.27,51.35,51.78,51.42,1.0,726061
2026-06-09,NYSE:KBH,54.22,51.675,51.9,53.48,1.0,1019314
2026-06-10,NYSE:KBH,53.525,51.98,53.52,52.16,1.0,1343624
2026-06-11,NYSE:KBH,54.39,52.08,52.42,54.31,1.0,1051935
2026-06-12,NYSE:KBH,54.905,53.74,54.24,54.0,1.0,942037
2026-06-15,NYSE:KBH,55.73,53.04,54.86,53.23,1.0,1223835
2026-06-16,NYSE:KBH,54.57,53.46,54.1,53.84,1.0,1596273
2026-06-17,NYSE:KBH,55.62,52.02,53.5,52.42,1.0,1686901
2026-06-18,NYSE:KBH,55.04,52.63,53.08,54.2,1.0,1912772
2026-06-22,NYSE:KBH,54.8,52.33,53.83,52.52,1.0,2238546
2026-06-23,NYSE:KBH,53.19,52.16,52.42,52.73,1.0,2645372
2026-06-24,NYSE:KBH,62.34,55.9,56.7,61.51,1.0,4573582
2026-06-25,NYSE:KBH,63.63,60.2717,62.38,60.72,1.0,2087284
2026-06-26,NYSE:KBH,62.385,60.49,61.01,62.23,1.0,2408499
2026-06-29,NYSE:KBH,62.73,60.3857,61.23,62.64,1.0,1627694
2026-06-30,NYSE:KBH,63.04,61.2404,62.46,62.59,1.0,1251643
2026-07-01,NYSE:KBH,62.67,60.525,61.65,60.62,1.0,842993
2026-07-02,NYSE:KBH,61.46,59.83,60.82,61.16,1.0,852433
2026-07-06,NYSE:KBH,61.07,59.2615,61.07,59.78,1.0,1181100
2026-07-07,NYSE:KBH,60.615,58.53,59.78,58.68,1.0,837586
2026-07-08,NYSE:KBH,58.12,56.05,57.87,56.35,1.0,1397434
2026-07-09,NYSE:KBH,57.44,56.2,56.59,56.71,1.0,723004
2026-07-10,NYSE:KBH,58.01,56.255,56.92,56.32,1.0,1163885
2026-07-13,NYSE:KBH,56.625,54.53,56.3,54.81,1.0,1144580
2026-07-14,NYSE:KBH,56.1999,54.23,55.87,55.49,1.0,1335553
2026-07-15,NYSE:KBH,56.9685,55.37,55.52,56.42,1.0,1267866
2026-07-16,NYSE:KBH,58.28,56.25,56.25,57.81,1.0,693628
2026-07-17,NYSE:KBH,58.96,55.69,57.6,56.1,1.0,1070171
2026-07-20,NYSE:KBH,56.44,54.26,56.28,54.79,1.0,969673
2026-07-21,NYSE:KBH,55.39,54.01,54.55,55.16,1.0,894871
2026-07-22,NYSE:KBH,56.82,55.46,55.85,56.47,1.0,1103389
2026-07-23,NYSE:KBH,56.375,54.8,55.52,55.62,1.0,888496
2026-07-24,NYSE:KBH,57.3,55.28,55.55,56.76,1.0,907504
2026-07-27,NYSE:KBH,58.69,57.35,57.61,57.62,1.0,1254319
2026-07-28,NYSE:KBH,59.48,57.51,58.5,57.8,1.0,1105561
2026-07-29,NYSE:KBH,58.37,56.2,57.31,57.04,1.0,1325243
2026-07-30,NYSE:KBH,57.92,55.6,57.34,56.35,1.0,1023344
2026-07-31,NYSE:KBH,56.53,54.8501,56.25,54.97,1.0,1068948
2026-08-03,NYSE:KBH,57.29,55.16,56.34,56.28,1.0,1316571
2026-08-04,NYSE:KBH,58.19,56.34,56.54,58.05,1.0,789847
2026-08-05,NYSE:KBH,59.33,57.125,57.25,58.96,1.0,895572
2026-08-06,NYSE:KBH,58.5,56.595,58.5,56.95,1.0,695479
2026-08-07,NYSE:KBH,59.04,57.0,57.25,58.59,1.0,855353
2026-08-10,NYSE:KBH,57.78,56.145,57.55,56.52,1.0,1009897
2026-08-11,NYSE:KBH,58.03,56.5,56.68,57.73,1.0,638763
2026-08-12,NYSE:KBH,57.78,55.64,57.76,55.8,1.0,988684
2026-08-13,NYSE:KBH,56.9,55.79,56.61,56.33,1.0,667588
2026-08-14,NYSE:KBH,56.63,55.615,56.05,56.06,1.0,566618
2026-08-17,NYSE:KBH,55.5925,54.72,55.55,55.44,1.0,879276
2026-08-18,NYSE:KBH,55.545,53.91,55.51,53.97,1.0,731953
2026-08-19,NYSE:KBH,57.39,55.5,55.51,56.4,1.0,1028473
2026-08-20,NYSE:KBH,55.52,54.15,54.94,54.46,1.0,808920
2026-08-21,NYSE:KBH,55.93,54.27,54.92,55.37,1.0,822326
2026-08-24,NYSE:KBH,56.49,55.14,55.73,55.64,1.0,778770
2026-08-25,NYSE:KBH,57.18,55.395,56.53,57.11,1.0,759447
2026-08-26,NYSE:KBH,57.14,56.02,56.87,56.08,1.0,762699
2026-08-27,NYSE:KBH,55.58,54.19,55.38,54.72,1.0,1155612
2026-08-28,NYSE:KBH,55.75,54.14,55.03,54.86,1.0,721972
2026-08-31,NYSE:KBH,54.46,53.2,54.16,53.3,1.0,726432
2026-09-01,NYSE:KBH,53.6979,52.16,53.0,52.22,1.0,657529
2026-09-02,NYSE:KBH,52.71,52.08,52.47,52.08,1.0,755460
2026-04-01,NASDAQ:AVGO,315.79,310.48,313.365,313.49,1.0,19171020
2026-04-02,NASDAQ:AVGO,314.69,301.7485,304.49,314.55,1.0,14021076
2026-04-06,NASDAQ:AVGO,316.4,310.28,315.06,314.43,1.0,12111344
2026-04-07,NASDAQ:AVGO,334.15,321.8,326.73,333.97,1.0,33310926
2026-04-08,NASDAQ:AVGO,354.14,342.53,351.75,350.63,1.0,31573114
2026-04-09,NASDAQ:AVGO,358.7,351.5,352.3,354.91,1.0,20514938
2026-04-10,NASDAQ:AVGO,376.55,360.82,360.94,371.55,1.0,29958080
2026-04-13,NASDAQ:AVGO,380.86,369.48,369.66,379.75,1.0,24115842
2026-04-14,NASDAQ:AVGO,382.28,376.32,377.9,380.78,1.0,24423034
2026-04-15,NASDAQ:AVGO,397.08,385.57,389.88,396.72,1.0,29559299
2026-04-16,NASDAQ:AVGO,399.68,392.35,395.0,398.47,1.0,18872895
2026-04-17,NASDAQ:AVGO,406.725,399.81,400.9,406.54,1.0,20581701
2026-04-20,NASDAQ:AVGO,406.42,395.9,405.7,399.63,1.0,16922033
2026-04-21,NASDAQ:AVGO,403.6,394.57,399.41,402.17,1.0,16275473
2026-04-22,NASDAQ:AVGO,423.2,404.86,406.98,422.65,1.0,23702546
2026-04-23,NASDAQ:AVGO,429.31,417.8,422.39,419.94,1.0,19501553
2026-04-24,NASDAQ:AVGO,425.0,408.86,424.98,422.76,1.0,22491076
2026-04-27,NASDAQ:AVGO,422.75,414.63,420.475,418.2,1.0,17451598
2026-04-28,NASDAQ:AVGO,405.81,394.65,400.305,399.83,1.0,25519212
2026-04-29,NASDAQ:AVGO,405.64,396.78,403.5,405.45,1.0,15962458
2026-04-30,NASDAQ:AVGO,418.38,404.2301,415.52,417.43,1.0,21821575
2026-05-01,NASDAQ:AVGO,423.17,413.28,415.092,421.28,1.0,11882589
2026-05-04,NASDAQ:AVGO,423.83,409.53,418.215,416.5,1.0,15140433
2026-05-05,NASDAQ:AVGO,433.39,419.35,421.66,427.36,1.0,21175177
2026-05-06,NASDAQ:AVGO,437.68,417.78,435.56,425.44,1.0,20707022
2026-05-07,NASDAQ:AVGO,426.49,406.3,421.82,412.56,1.0,22791741
2026-05-08,NASDAQ:AVGO,435.0,414.0,419.8,430.0,1.0,22561421
2026-05-11,NASDAQ:AVGO,433.6463,425.0501,427.615,428.43,1.0,16825489
2026-05-12,NASDAQ:AVGO,429.34,408.41,423.43,419.3,1.0,19004345
2026-05-13,NASDAQ:AVGO,418.63,404.8,415.805,416.79,1.0,16981163
2026-05-14,NASDAQ:AVGO,442.36,415.59,416.73,439.79,1.0,19733760
2026-05-15,NASDAQ:AVGO,432.81,419.8,432.81,425.19,1.0,18957093
2026-05-18,NASDAQ:AVGO,422.01,414.37,421.41,420.71,1.0,17863287
2026-05-19,NASDAQ:AVGO,417.9499,405.86,409.815,411.07,1.0,20652068
2026-05-20,NASDAQ:AVGO,424.17,411.42,412.81,417.76,1.0,15740503
2026-05-21,NASDAQ:AVGO,422.25,410.5,413.55,414.57,1.0,16865293
2026-05-22,NASDAQ:AVGO,419.99,410.21,417.49,414.14,1.0,14086441
2026-05-26,NASDAQ:AVGO,435.31,417.0,418.5,422.01,1.0,22562895
2026-05-27,NASDAQ:AVGO,432.8,416.49,425.07,421.86,1.0,17601013
2026-05-28,NASDAQ:AVGO,429.68,414.01,421.14,426.58,1.0,17855573
2026-05-29,NASDAQ:AVGO,448.9,431.4707,432.95,446.77,1.0,41798353
2026-06-01,NASDAQ:AVGO,466.05,442.22,450.09,459.97,1.0,30585993
2026-06-02,NASDAQ:AVGO,488.82,470.459,488.79,481.57,1.0,38306651
2026-06-03,NASDAQ:AVGO,495.0,472.64,494.775,479.23,1.0,50126446
2026-06-04,NASDAQ:AVGO,426.48,403.0101,408.99,418.91,1.0,80979446
2026-06-05,NASDAQ:AVGO,410.5,385.59,407.605,385.73,1.0,51146089
2026-06-08,NASDAQ:AVGO,402.838,391.35,402.62,396.6,1.0,37098978
2026-06-09,NASDAQ:AVGO,407.87,370.33,401.61,392.16,1.0,37026896
2026-06-10,NASDAQ:AVGO,385.81,371.165,381.495,372.1,1.0,38193450
2026-06-11,NASDAQ:AVGO,389.5,370.55,372.82,385.57,1.0,35187584
2026-06-12,NASDAQ:AVGO,384.9799,377.0,383.72,382.07,1.0,27630074
2026-06-15,NASDAQ:AVGO,396.2,388.6,395.51,393.94,1.0,32394178
2026-06-16,NASDAQ:AVGO,391.79,376.46,390.21,376.71,1.0,31573669
2026-06-17,NASDAQ:AVGO,400.65,382.65,388.705,392.9,1.0,40005503
2026-06-18,NASDAQ:AVGO,412.7,405.38,409.58,411.35,1.0,45076052
2026-06-22,NASDAQ:AVGO,414.64,391.91,413.66,392.13,1.0,26403669
2026-06-23,NASDAQ:AVGO,391.02,376.6637,377.865,380.15,1.0,33122248
2026-06-24,NASDAQ:AVGO,388.74,376.96,386.62,382.07,1.0,29938732
2026-06-25,NASDAQ:AVGO,388.79900000000004,372.7,386.575,378.91,1.0,23412031
2026-06-26,NASDAQ:AVGO,373.69,363.83,370.45,365.02,1.0,34839253
2026-06-29,NASDAQ:AVGO,376.2099,360.46,373.615,372.45,1.0,24285239
2026-06-30,NASDAQ:AVGO,379.62,370.64,374.79,377.75,1.0,28517368
2026-07-01,NASDAQ:AVGO,373.75,368.03,371.87,369.34,1.0,23712608
2026-07-02,NASDAQ:AVGO,374.0,356.43,365.725,360.45,1.0,26788850
2026-07-06,NASDAQ:AVGO,383.16,371.18,373.61,373.9,1.0,24543998
2026-07-07,NASDAQ:AVGO,372.9599,362.01,366.555,370.78,1.0,24116688
2026-07-08,NASDAQ:AVGO,395.09,376.89,377.52,388.69,1.0,31624070
2026-07-09,NASDAQ:AVGO,407.52,387.93,402.19,401.11,1.0,28073957
2026-07-10,NASDAQ:AVGO,402.44,395.7,398.5,399.97,1.0,14595928
2026-07-13,NASDAQ:AVGO,395.745,383.42,393.475,384.05,1.0,21294509
2026-07-14,NASDAQ:AVGO,397.33,384.6404,395.72,389.11,1.0,20118722
2026-07-15,NASDAQ:AVGO,399.0,386.74,396.09,394.28,1.0,16324127
2026-07-16,NASDAQ:AVGO,386.74,371.9,384.535,374.45,1.0,23407244
2026-07-17,NASDAQ:AVGO,377.35,357.8,366.045,370.825,1.0,23272208
2026-07-20,NASDAQ:AVGO,383.59,375.96,378.76,378.16,1.0,14420450
2026-07-21,NASDAQ:AVGO,390.5834,379.22,390.21,386.5,1.0,17291139
2026-07-22,NASDAQ:AVGO,398.585,380.0,380.2,396.81,1.0,16966188
2026-07-23,NASDAQ:AVGO,397.61,386.82,392.19,392.47,1.0,16348682
2026-07-24,NASDAQ:AVGO,389.27,378.75,387.68,381.92,1.0,15149396
2026-07-27,NASDAQ:AVGO,389.9,373.5,389.815,383.22,1.0,18502121
2026-07-28,NASDAQ:AVGO,385.8,371.52,374.36,380.91,1.0,20328406
2026-07-29,NASDAQ:AVGO,386.12,369.5101,380.635,370.32,1.0,21374407
2026-07-30,NASDAQ:AVGO,388.68,377.54,380.35,387.84,1.0,23639844
2026-07-31,NASDAQ:AVGO,399.92,379.71,394.83,389.28,1.0,20391003
2026-08-03,NASDAQ:AVGO,392.605,374.61,384.405,392.23,1.0,17315081
2026-08-04,NASDAQ:AVGO,422.065,400.68,402.97,418.16,1.0,29564242
2026-08-05,NASDAQ:AVGO,427.0,416.89,421.7,418.28,1.0,16880445
2026-08-06,NASDAQ:AVGO,428.03,410.76,420.545,420.565,1.0,13907544
2026-08-07,NASDAQ:AVGO,430.84,421.61,428.4,427.76,1.0,14698252
2026-08-10,NASDAQ:AVGO,432.73,420.16,426.99,422.4,1.0,13854127
2026-08-11,NASDAQ:AVGO,426.76,413.23,426.07,416.08,1.0,12882657
2026-08-12,NASDAQ:AVGO,426.5,414.61,426.255,416.05,1.0,15859206
2026-08-13,NASDAQ:AVGO,424.92,411.41,415.805,417.82,1.0,13180478
2026-08-14,NASDAQ:AVGO,412.5,388.5,411.96,392.99,1.0,29513597
2026-08-17,NASDAQ:AVGO,399.36,391.31,397.26,392.43,1.0,20042639
2026-08-18,NASDAQ:AVGO,385.7821,377.01,384.315,380.0,1.0,22878198
2026-08-19,NASDAQ:AVGO,373.91,357.6101,372.4,362.48,1.0,35091374
2026-08-20,NASDAQ:AVGO,367.12,362.2501,364.39,364.03,1.0,19729827
2026-08-21,NASDAQ:AVGO,375.13,365.05,370.69,368.45,1.0,19037140
2026-08-24,NASDAQ:AVGO,366.17,358.71,364.965,358.76,1.0,18717229
2026-08-25,NASDAQ:AVGO,362.99,355.31,361.1,356.74,1.0,18014884
2026-08-26,NASDAQ:AVGO,359.4699,350.06,357.12,355.59,1.0,19196259
2026-08-27,NASDAQ:AVGO,371.72,360.61,361.79,371.54,1.0,21329954
2026-08-28,NASDAQ:AVGO,376.59,365.3513,373.6,368.79,1.0,16596066
2026-08-31,NASDAQ:AVGO,372.75,366.3,369.52,370.34,1.0,21947988
2026-09-01,NASDAQ:AVGO,371.4,362.0,364.25,369.68,1.0,19288937
2026-09-02,NASDAQ:AVGO,371.09,364.65,369.68,367.24,1.0,28686271
2026-04-01,NASDAQ:CVCO,506.5299,484.765,489.09,485.66,1.0,208972
2026-04-02,NASDAQ:CVCO,485.45,461.675,476.49,479.84,1.0,174255
2026-04-06,NASDAQ:CVCO,484.035,471.96,479.57,481.27,1.0,190954
2026-04-07,NASDAQ:CVCO,481.2,463.39,479.66,468.665,1.0,169112
2026-04-08,NASDAQ:CVCO,512.07,493.36,493.36,510.735,1.0,197186
2026-04-09,NASDAQ:CVCO,529.69,503.96,503.96,519.67,1.0,228878
2026-04-10,NASDAQ:CVCO,521.41,503.82,519.31,517.3,1.0,97780
2026-04-13,NASDAQ:CVCO,525.21,512.99,519.24,523.54,1.0,92133
2026-04-14,NASDAQ:CVCO,529.355,518.69,528.14,519.99,1.0,83756
2026-04-15,NASDAQ:CVCO,516.92,499.59,515.02,503.1,1.0,98549
2026-04-16,NASDAQ:CVCO,509.05,500.731,502.68,503.05,1.0,116939
2026-04-17,NASDAQ:CVCO,542.36,516.71,517.39,539.06,1.0,141798
2026-04-20,NASDAQ:CVCO,541.05,530.005,533.11,539.94,1.0,137242
2026-04-21,NASDAQ:CVCO,548.97,530.5,543.01,531.18,1.0,108721
2026-04-22,NASDAQ:CVCO,537.9999,530.73,531.98,532.57,1.0,129090
2026-04-23,NASDAQ:CVCO,538.03,526.45,534.05,534.91,1.0,123278
2026-04-24,NASDAQ:CVCO,543.6999,532.67,532.67,539.59,1.0,93633
2026-04-27,NASDAQ:CVCO,546.9,533.25,536.61,537.85,1.0,90366
2026-04-28,NASDAQ:CVCO,540.5,528.04,539.6,536.1,1.0,99071
2026-04-29,NASDAQ:CVCO,535.1,496.26,535.1,498.28,1.0,202233
2026-04-30,NASDAQ:CVCO,511.57,495.105,497.84,507.0,1.0,236839
2026-05-01,NASDAQ:CVCO,514.78,499.9594,512.74,510.68,1.0,99123
2026-05-04,NASDAQ:CVCO,508.64,476.47,508.64,479.45,1.0,112793
2026-05-05,NASDAQ:CVCO,494.22,471.96,484.0,483.78,1.0,135551
2026-05-06,NASDAQ:CVCO,510.9,495.7401,500.26,500.1,1.0,102438
2026-05-07,NASDAQ:CVCO,515.825,478.86,504.0,482.34,1.0,134809
2026-05-08,NASDAQ:CVCO,489.6,479.08,484.61,484.54,1.0,93530
2026-05-11,NASDAQ:CVCO,486.855,477.0,485.87,480.96,1.0,138783
2026-05-12,NASDAQ:CVCO,481.59,462.1,481.53,475.87,1.0,85428
2026-05-13,NASDAQ:CVCO,472.3299,453.175,471.98,462.63,1.0,126037
2026-05-14,NASDAQ:CVCO,487.65,458.94505899999996,466.62,476.59,1.0,112454
2026-05-15,NASDAQ:CVCO,471.18,455.03,471.18,455.76,1.0,136428
2026-05-18,NASDAQ:CVCO,467.47,454.66,462.0,458.11,1.0,115312
2026-05-19,NASDAQ:CVCO,466.46,443.335,454.92,464.71,1.0,102018
2026-05-20,NASDAQ:CVCO,496.135,463.275,466.35,495.11,1.0,180203
2026-05-21,NASDAQ:CVCO,497.58,478.06,486.59,491.49,1.0,132247
2026-05-22,NASDAQ:CVCO,511.65,473.05,484.12,509.17,1.0,340944
2026-05-26,NASDAQ:CVCO,531.815,503.48,515.09,529.02,1.0,308829
2026-05-27,NASDAQ:CVCO,560.0799,531.915,535.61,546.24,1.0,221753
2026-05-28,NASDAQ:CVCO,550.6799,515.69,536.2,538.44,1.0,126647
2026-05-29,NASDAQ:CVCO,554.7,533.0801,533.51,536.52,1.0,209029
2026-06-01,NASDAQ:CVCO,540.755,527.1401,536.52,534.89,1.0,136744
2026-06-02,NASDAQ:CVCO,550.8,532.07,532.07,545.93,1.0,89251
2026-06-03,NASDAQ:CVCO,547.415,531.84,538.52,544.46,1.0,99041
2026-06-04,NASDAQ:CVCO,559.85,539.3592,549.4,550.29,1.0,77748
2026-06-05,NASDAQ:CVCO,562.9699,545.99,553.61,549.91,1.0,110718
2026-06-08,NASDAQ:CVCO,571.53,547.39,553.06,562.96,1.0,109107
2026-06-09,NASDAQ:CVCO,592.35,562.94,564.3,578.31,1.0,130732
2026-06-10,NASDAQ:CVCO,586.76,564.05,579.89,564.51,1.0,153952
2026-06-11,NASDAQ:CVCO,598.97,565.61,566.9,598.95,1.0,102482
2026-06-12,NASDAQ:CVCO,604.55,582.6701,599.28,592.76,1.0,101060
2026-06-15,NASDAQ:CVCO,610.9,589.84,602.51,592.48,1.0,77255
2026-06-16,NASDAQ:CVCO,613.73,594.05,599.06,604.47,1.0,150596
2026-06-17,NASDAQ:CVCO,618.0,580.125,602.44,586.05,1.0,127470
2026-06-18,NASDAQ:CVCO,610.78,596.0,597.8,601.51,1.0,218553
2026-06-22,NASDAQ:CVCO,608.9,586.58,601.3,587.16,1.0,81136
2026-06-23,NASDAQ:CVCO,596.52,573.15,580.84,585.0,1.0,137741
2026-06-24,NASDAQ:CVCO,624.99,597.93,597.94,611.6,1.0,173770
2026-06-25,NASDAQ:CVCO,630.48,601.285,612.94,608.52,1.0,148275
2026-06-26,NASDAQ:CVCO,620.04,600.61,604.38,618.3,1.0,248609
2026-06-29,NASDAQ:CVCO,618.29,601.955,611.19,613.83,1.0,103876
2026-06-30,NASDAQ:CVCO,621.94,595.755,611.7,614.38,1.0,106570
2026-07-01,NASDAQ:CVCO,617.09,596.47,608.36,601.89,1.0,90820
2026-07-02,NASDAQ:CVCO,606.435,590.955,601.89,598.73,1.0,77131
2026-07-06,NASDAQ:CVCO,604.42,580.0001,604.42,586.51,1.0,80973
2026-07-07,NASDAQ:CVCO,593.03,574.525,590.14,578.92,1.0,89944
2026-07-08,NASDAQ:CVCO,572.26,551.94,571.97,556.44,1.0,99611
2026-07-09,NASDAQ:CVCO,574.19,560.0,560.0,567.96,1.0,85714
2026-07-10,NASDAQ:CVCO,574.75,564.42,570.65,567.26,1.0,69193
2026-07-13,NASDAQ:CVCO,571.515,552.45,565.69,555.08,1.0,85109
2026-07-14,NASDAQ:CVCO,570.955,556.615,564.0,561.83,1.0,144052
2026-07-15,NASDAQ:CVCO,574.23,555.93,564.22,569.16,1.0,86332
2026-07-16,NASDAQ:CVCO,587.86,563.57,563.57,585.49,1.0,141590
2026-07-17,NASDAQ:CVCO,588.49,562.2,577.28,566.22,1.0,80414
2026-07-20,NASDAQ:CVCO,567.91,554.4301,567.91,566.97,1.0,76220
2026-07-21,NASDAQ:CVCO,577.57,562.365,569.5,574.0,1.0,110521
2026-07-22,NASDAQ:CVCO,583.81,569.61,574.0,570.05,1.0,100979
2026-07-23,NASDAQ:CVCO,566.885,551.28,560.71,562.1,1.0,84445
2026-07-24,NASDAQ:CVCO,579.3425,565.055,566.89,569.77,1.0,70655
2026-07-27,NASDAQ:CVCO,589.99,573.89,581.09,579.05,1.0,87909
2026-07-28,NASDAQ:CVCO,593.26,575.01,582.33,589.08,1.0,114024
2026-07-29,NASDAQ:CVCO,585.33,564.18,576.5,565.24,1.0,136429
2026-07-30,NASDAQ:CVCO,583.17,559.6875,569.96,562.4,1.0,150928
2026-07-31,NASDAQ:CVCO,570.94,534.045,540.98,547.03,1.0,268513
2026-08-03,NASDAQ:CVCO,561.955,540.045,548.44,545.64,1.0,206489
2026-08-04,NASDAQ:CVCO,567.32,545.0,551.52,566.56,1.0,174664
2026-08-05,NASDAQ:CVCO,588.82,561.24,561.24,587.73,1.0,177698
2026-08-06,NASDAQ:CVCO,585.405,574.45,582.05,578.17,1.0,87731
2026-08-07,NASDAQ:CVCO,601.8,582.29,584.24,592.23,1.0,89385
2026-08-10,NASDAQ:CVCO,588.4,581.32,586.82,583.17,1.0,128268
2026-08-11,NASDAQ:CVCO,598.97,585.2056,589.62,594.18,1.0,148359
2026-08-12,NASDAQ:CVCO,603.53,587.2601,597.18,598.38,1.0,168957
2026-08-13,NASDAQ:CVCO,608.26,592.55,599.28,607.1,1.0,85194
2026-08-14,NASDAQ:CVCO,612.51,602.67,605.57,605.05,1.0,59253
2026-08-17,NASDAQ:CVCO,610.435,594.62,606.36,599.98,1.0,85133
2026-08-18,NASDAQ:CVCO,599.67,584.77,599.67,584.77,1.0,63432
2026-08-19,NASDAQ:CVCO,612.0,593.78,595.04,598.85,1.0,101389
2026-08-20,NASDAQ:CVCO,591.9,574.7,585.41,578.86,1.0,74381
2026-08-21,NASDAQ:CVCO,589.3175,577.545,585.0,582.55,1.0,59629
2026-08-24,NASDAQ:CVCO,590.28,580.54,584.87,582.54,1.0,64815
2026-08-25,NASDAQ:CVCO,592.9725,576.07,589.59,587.76,1.0,105116
2026-08-26,NASDAQ:CVCO,590.2999,573.78,589.24,577.365,1.0,91932
2026-08-27,NASDAQ:CVCO,579.215,565.675,571.26,570.27,1.0,79701
2026-08-28,NASDAQ:CVCO,581.37,565.6187,571.13,568.4,1.0,77823
2026-08-31,NASDAQ:CVCO,565.45,554.08,565.0,559.13,1.0,110949
2026-09-01,NASDAQ:CVCO,560.0,546.48,549.2,552.85,1.0,122666
2026-09-02,NASDAQ:CVCO,566.93,546.71,553.68,561.85,1.0,93166
2026-04-01,NYSE:TOL,138.0,135.35,136.0,136.85,1.0,965539
2026-04-02,NYSE:TOL,138.37,132.545,134.1,135.83,1.0,740518
2026-04-06,NYSE:TOL,137.86,133.52,134.5,137.81,1.0,940576
2026-04-07,NYSE:TOL,135.48,132.12,135.42,133.09,1.0,885628
2026-04-08,NYSE:TOL,142.4675,138.17,139.21,139.16,1.0,1051278
2026-04-09,NYSE:TOL,142.05,137.5,137.82,140.23,1.0,1229368
2026-04-10,NYSE:TOL,140.7372,138.71,140.23,140.12,1.0,1232901
2026-04-13,NYSE:TOL,141.9899,139.1,140.97,141.31,1.0,1089280
2026-04-14,NYSE:TOL,143.8887,141.49,141.57,141.94,1.0,1024639
2026-04-15,NYSE:TOL,141.465,139.34,141.22,140.13,1.0,861054
2026-04-16,NYSE:TOL,141.99,138.61,141.395,138.9,1.0,721057
2026-04-17,NYSE:TOL,149.5,141.31,141.31,146.68,1.0,1649683
2026-04-20,NYSE:TOL,147.34,145.1,145.9,147.29,1.0,826725
2026-04-21,NYSE:TOL,153.88,148.07,153.645,148.32,1.0,1087687
2026-04-22,NYSE:TOL,150.4542,147.63,150.1,148.02,1.0,743320
2026-04-23,NYSE:TOL,149.96,146.3801,148.74,149.25,1.0,724035
2026-04-24,NYSE:TOL,149.99,146.58,148.92,146.64,1.0,829572
2026-04-27,NYSE:TOL,148.41,144.88,146.0,147.36,1.0,783405
2026-04-28,NYSE:TOL,148.77,143.1,148.3,143.73,1.0,756449
2026-04-29,NYSE:TOL,143.675,138.81,142.87,139.57,1.0,935414
2026-04-30,NYSE:TOL,142.34,140.005,140.55,142.14,1.0,973295
2026-05-01,NYSE:TOL,143.4798,139.405,143.4,139.84,1.0,780489
2026-05-04,NYSE:TOL,139.08,134.54,138.32,135.05,1.0,836383
2026-05-05,NYSE:TOL,138.26,135.28,135.585,137.28,1.0,725268
2026-05-06,NYSE:TOL,143.57,140.11,141.25,141.6,1.0,1664108
2026-05-07,NYSE:TOL,143.48,136.88,142.37,137.09,1.0,910888
2026-05-08,NYSE:TOL,138.785,136.53,137.89,137.89,1.0,749929
2026-05-11,NYSE:TOL,138.34,134.75,137.66,135.15,1.0,980044
2026-05-12,NYSE:TOL,136.085,132.24,135.57,134.42,1.0,912419
2026-05-13,NYSE:TOL,133.91,131.65,133.47,132.88,1.0,915489
2026-05-14,NYSE:TOL,134.52,131.84,134.43,132.0,1.0,919269
2026-05-15,NYSE:TOL,132.025,126.09,131.7,126.22,1.0,1274645
2026-05-18,NYSE:TOL,129.55,126.01,127.86,126.97,1.0,1184903
2026-05-19,NYSE:TOL,126.135,123.145,126.0,124.14,1.0,1923942
2026-05-20,NYSE:TOL,136.41,126.55,128.535,136.31,1.0,1878110
2026-05-21,NYSE:TOL,135.3299,131.885,133.92,134.51,1.0,1550238
2026-05-22,NYSE:TOL,135.5,132.21,135.2,134.33,1.0,1047702
2026-05-26,NYSE:TOL,138.405,134.52,135.35,137.85,1.0,1251804
2026-05-27,NYSE:TOL,144.4,139.15,139.15,139.96,1.0,1328641
2026-05-28,NYSE:TOL,139.26,136.85,138.71,138.14,1.0,716482
2026-05-29,NYSE:TOL,140.46,137.285,138.19,138.54,1.0,1183153
2026-06-01,NYSE:TOL,140.02,136.92,139.02,138.38,1.0,1346630
2026-06-02,NYSE:TOL,139.665,137.11,138.28,139.53,1.0,709787
2026-06-03,NYSE:TOL,139.43,136.35,137.47,137.42,1.0,945463
2026-06-04,NYSE:TOL,141.12,138.08,138.89,139.82,1.0,764374
2026-06-05,NYSE:TOL,139.4,137.31,138.61,137.91,1.0,1033658
2026-06-08,NYSE:TOL,138.44,136.7701,137.65,137.16,1.0,636314
2026-06-09,NYSE:TOL,146.53,139.305,139.53,144.14,1.0,1436614
2026-06-10,NYSE:TOL,144.194,138.3,143.55,138.9,1.0,948543
2026-06-11,NYSE:TOL,147.45,139.6,139.6,147.21,1.0,1122008
2026-06-12,NYSE:TOL,148.81,145.805,147.11,147.1,1.0,1187314
2026-06-15,NYSE:TOL,152.58,147.9775,149.99,148.71,1.0,1148207
2026-06-16,NYSE:TOL,154.325,149.45,149.45,153.27,1.0,1700711
2026-06-17,NYSE:TOL,158.0,149.64,152.55,149.66,1.0,1786141
2026-06-18,NYSE:TOL,157.92,151.88,152.82,155.67,1.0,1851128
2026-06-22,NYSE:TOL,156.22,151.155,154.99,151.92,1.0,1472152
2026-06-23,NYSE:TOL,153.98,149.76,150.43,150.96,1.0,1253111
2026-06-24,NYSE:TOL,164.36,153.44,153.44,161.03,1.0,1446596
2026-06-25,NYSE:TOL,165.47,160.59,162.69,162.08,1.0,1158687
2026-06-26,NYSE:TOL,166.23,161.775,162.48,164.14,1.0,1663317
2026-06-29,NYSE:TOL,164.9999,160.87,163.42,164.88,1.0,666204
2026-06-30,NYSE:TOL,165.435,162.885,165.0,164.75,1.0,1370793
2026-07-01,NYSE:TOL,164.72,157.32,162.91,157.37,1.0,1122802
2026-07-02,NYSE:TOL,159.725,154.8,158.81,157.14,1.0,865422
2026-07-06,NYSE:TOL,157.72,154.24,157.25,155.13,1.0,799079
2026-07-07,NYSE:TOL,156.01,151.12,154.7,151.64,1.0,1272789
2026-07-08,NYSE:TOL,150.015,145.08,149.61,145.57,1.0,1170506
2026-07-09,NYSE:TOL,150.19,145.69,147.35,148.26,1.0,766033
2026-07-10,NYSE:TOL,152.9799,149.27,150.37,149.49,1.0,778599
2026-07-13,NYSE:TOL,150.95,147.16,149.03,148.15,1.0,740345
2026-07-14,NYSE:TOL,152.93,147.85,151.26,152.53,1.0,1360449
2026-07-15,NYSE:TOL,155.275,152.225,152.55,153.19,1.0,838227
2026-07-16,NYSE:TOL,156.965,152.48,152.48,155.81,1.0,1288055
2026-07-17,NYSE:TOL,157.51,150.45,154.33,150.76,1.0,775915
2026-07-20,NYSE:TOL,152.45,146.62,152.26,146.94,1.0,713680
2026-07-21,NYSE:TOL,147.795,145.37,146.99,147.2,1.0,971142
2026-07-22,NYSE:TOL,150.3,146.79,147.99,148.98,1.0,1016751
2026-07-23,NYSE:TOL,147.66,145.28,146.0,146.55,1.0,1094463
2026-07-24,NYSE:TOL,152.26,146.3,146.94,149.87,1.0,723963
2026-07-27,NYSE:TOL,154.39,150.575,152.43,151.01,1.0,457054
2026-07-28,NYSE:TOL,155.53,152.8962,153.2,154.98,1.0,972550
2026-07-29,NYSE:TOL,155.93,149.85,153.0,150.2,1.0,800395
2026-07-30,NYSE:TOL,151.93,147.78,151.86,150.03,1.0,791516
2026-07-31,NYSE:TOL,150.4,145.66,149.94,145.89,1.0,1094318
2026-08-03,NYSE:TOL,152.3,148.01,148.86,150.46,1.0,614141
2026-08-04,NYSE:TOL,154.35,150.56,151.67,153.24,1.0,709764
2026-08-05,NYSE:TOL,155.97,151.805,152.5,154.97,1.0,763121
2026-08-06,NYSE:TOL,154.27,150.1,154.0,151.33,1.0,651705
2026-08-07,NYSE:TOL,155.5,151.965,152.71,155.09,1.0,586731
2026-08-10,NYSE:TOL,153.67,149.4101,153.67,150.0,1.0,639392
2026-08-11,NYSE:TOL,153.24,150.53,150.75,152.91,1.0,781297
2026-08-12,NYSE:TOL,153.4,147.72,153.19,148.53,1.0,961480
2026-08-13,NYSE:TOL,151.105,148.23,151.05,149.31,1.0,873058
2026-08-14,NYSE:TOL,149.97,147.43,148.45,148.27,1.0,740060
2026-08-17,NYSE:TOL,147.88,144.87,147.53,145.45,1.0,1045041
2026-08-18,NYSE:TOL,146.2,141.73,146.15,142.86,1.0,1604323
2026-08-19,NYSE:TOL,154.1514,145.45,145.45,148.58,1.0,1993462
2026-08-20,NYSE:TOL,146.708,142.05,145.83,145.12,1.0,1055327
2026-08-21,NYSE:TOL,148.055,144.6925,145.95,147.09,1.0,759248
2026-08-24,NYSE:TOL,149.55,146.66,147.55,147.45,1.0,535907
2026-08-25,NYSE:TOL,151.0,146.86,149.52,150.83,1.0,744526
2026-08-26,NYSE:TOL,152.06,148.1,151.1,148.18,1.0,905222
2026-08-27,NYSE:TOL,147.9899,144.93,146.62,145.13,1.0,631677
2026-08-28,NYSE:TOL,149.19,144.34,146.56,146.22,1.0,816594
2026-08-31,NYSE:TOL,145.09,143.29,144.0,143.45,1.0,704697
2026-09-01,NYSE:TOL,143.74,140.05,142.06,140.21,1.0,932777
2026-09-02,NYSE:TOL,141.98,140.4,141.02,140.7,1.0,707039
2026-04-01,NYSE:NXDT,4.7,4.46,4.7,4.47,1.0,104202
2026-04-02,NYSE:NXDT,4.49,4.37,4.44,4.43,1.0,62125
2026-04-06,NYSE:NXDT,4.53,4.36,4.43,4.51,1.0,114629
2026-04-07,NYSE:NXDT,4.5,4.31,4.5,4.32,1.0,116470
2026-04-08,NYSE:NXDT,4.51,4.39,4.51,4.42,1.0,141070
2026-04-09,NYSE:NXDT,4.62,4.33,4.35,4.59,1.0,128734
2026-04-10,NYSE:NXDT,4.6,4.39,4.56,4.44,1.0,108096
2026-04-13,NYSE:NXDT,4.63,4.33,4.44,4.61,1.0,164708
2026-04-14,NYSE:NXDT,4.69,4.49,4.59,4.65,1.0,178317
2026-04-15,NYSE:NXDT,4.84,4.59,4.62,4.73,1.0,107108
2026-04-16,NYSE:NXDT,4.79,4.6628,4.69,4.79,1.0,59166
2026-04-17,NYSE:NXDT,4.99,4.85,4.86,4.92,1.0,100982
2026-04-20,NYSE:NXDT,5.1,4.89,4.89,5.04,1.0,105526
2026-04-21,NYSE:NXDT,5.1199,4.79,5.06,4.97,1.0,148259
2026-04-22,NYSE:NXDT,5.06,4.8,4.97,4.96,1.0,75961
2026-04-23,NYSE:NXDT,5.04,4.85,4.95,5.03,1.0,64867
2026-04-24,NYSE:NXDT,5.16,4.975,5.0,5.16,1.0,57961
2026-04-27,NYSE:NXDT,5.17,4.99,5.13,5.04,1.0,98971
2026-04-28,NYSE:NXDT,5.18,5.0,5.04,5.09,1.0,77862
2026-04-29,NYSE:NXDT,5.14,4.8,5.07,5.05,1.0,186143
2026-04-30,NYSE:NXDT,5.49,4.93,5.03,5.42,1.0,265314
2026-05-01,NYSE:NXDT,5.42,5.1201,5.42,5.27,1.0,173738
2026-05-04,NYSE:NXDT,5.34,4.9,5.2,5.22,1.0,290186
2026-05-05,NYSE:NXDT,5.2899,5.1131,5.24,5.22,1.0,119950
2026-05-06,NYSE:NXDT,5.29,5.14,5.27,5.17,1.0,68526
2026-05-07,NYSE:NXDT,5.255,5.09,5.22,5.09,1.0,85310
2026-05-08,NYSE:NXDT,5.27,5.06,5.06,5.1,1.0,153035
2026-05-11,NYSE:NXDT,5.27,5.03,5.23,5.1,1.0,83222
2026-05-12,NYSE:NXDT,5.17,4.95,5.05,4.99,1.0,179567
2026-05-13,NYSE:NXDT,5.27,4.8801,4.95,5.16,1.0,261329
2026-05-14,NYSE:NXDT,5.27,5.01,5.12,5.06,1.0,141212
2026-05-15,NYSE:NXDT,5.125,4.71,5.03,4.71,1.0,86103
2026-05-18,NYSE:NXDT,4.94,4.6,4.7,4.91,1.0,200594
2026-05-19,NYSE:NXDT,5.01,4.7296,4.84,4.89,1.0,149091
2026-05-20,NYSE:NXDT,4.95,4.82,4.87,4.86,1.0,178478
2026-05-21,NYSE:NXDT,5.02,4.7,4.82,5.01,1.0,145890
2026-05-22,NYSE:NXDT,4.88,4.6,4.88,4.62,1.0,183132
2026-05-26,NYSE:NXDT,5.24,4.83,4.83,5.09,1.0,468749
2026-05-27,NYSE:NXDT,5.47,5.04,5.06,5.45,1.0,248340
2026-05-28,NYSE:NXDT,5.555,5.38,5.49,5.47,1.0,159492
2026-05-29,NYSE:NXDT,5.6099,5.23,5.44,5.34,1.0,308331
2026-06-01,NYSE:NXDT,5.45,5.18,5.335,5.19,1.0,75633
2026-06-02,NYSE:NXDT,5.28,5.14,5.22,5.19,1.0,186563
2026-06-03,NYSE:NXDT,5.27,5.01,5.12,5.26,1.0,166870
2026-06-04,NYSE:NXDT,5.3952,5.05,5.34,5.23,1.0,170596
2026-06-05,NYSE:NXDT,5.275,5.0,5.14,5.17,1.0,90365
2026-06-08,NYSE:NXDT,5.2,5.05,5.17,5.09,1.0,69301
2026-06-09,NYSE:NXDT,5.3,5.11,5.2,5.13,1.0,79400
2026-06-10,NYSE:NXDT,5.25,5.05,5.19,5.07,1.0,74249
2026-06-11,NYSE:NXDT,5.1924,5.02,5.19,5.1,1.0,72370
2026-06-12,NYSE:NXDT,5.175,4.92,5.11,4.93,1.0,80787
2026-06-15,NYSE:NXDT,5.05,4.68,5.0,4.69,1.0,77478
2026-06-16,NYSE:NXDT,4.75,4.4,4.75,4.51,1.0,226884
2026-06-17,NYSE:NXDT,4.67,4.4512,4.55,4.54,1.0,112537
2026-06-18,NYSE:NXDT,4.68,4.47,4.68,4.53,1.0,170629
2026-06-22,NYSE:NXDT,4.545,4.39,4.49,4.41,1.0,128795
2026-06-23,NYSE:NXDT,4.6501,4.35,4.54,4.65,1.0,95979
2026-06-24,NYSE:NXDT,4.78,4.59,4.67,4.62,1.0,180343
2026-06-25,NYSE:NXDT,4.73,4.56,4.58,4.66,1.0,101064
2026-06-26,NYSE:NXDT,4.83,4.67,4.68,4.77,1.0,540693
2026-06-29,NYSE:NXDT,5.18,4.81,4.81,5.17,1.0,233372
2026-06-30,NYSE:NXDT,5.29,4.9972,5.15,5.19,1.0,157698
2026-07-01,NYSE:NXDT,5.349,5.1701,5.22,5.29,1.0,177677
2026-07-02,NYSE:NXDT,5.425,5.14,5.25,5.36,1.0,142993
2026-07-06,NYSE:NXDT,5.6,5.35,5.35,5.42,1.0,216148
2026-07-07,NYSE:NXDT,5.48,5.31,5.48,5.32,1.0,69091
2026-07-08,NYSE:NXDT,5.36,5.21,5.29,5.24,1.0,107764
2026-07-09,NYSE:NXDT,5.315,5.21,5.21,5.25,1.0,85097
2026-07-10,NYSE:NXDT,5.3125,5.15,5.24,5.2,1.0,61650
2026-07-13,NYSE:NXDT,5.41,5.17,5.19,5.35,1.0,101481
2026-07-14,NYSE:NXDT,5.77,5.31,5.38,5.76,1.0,345363
2026-07-15,NYSE:NXDT,5.95,5.67,5.75,5.7,1.0,171872
2026-07-16,NYSE:NXDT,5.89,5.6,5.72,5.6,1.0,112645
2026-07-17,NYSE:NXDT,5.77,5.44,5.53,5.62,1.0,162321
2026-07-20,NYSE:NXDT,5.82,5.65,5.65,5.78,1.0,178370
2026-07-21,NYSE:NXDT,5.835,5.565,5.835,5.72,1.0,153801
2026-07-22,NYSE:NXDT,5.7499,5.59,5.69,5.6,1.0,113638
2026-07-23,NYSE:NXDT,5.575,5.34,5.51,5.42,1.0,133611
2026-07-24,NYSE:NXDT,5.52,5.37,5.49,5.44,1.0,93152
2026-07-27,NYSE:NXDT,5.525,5.3901,5.5,5.43,1.0,95609
2026-07-28,NYSE:NXDT,5.48,5.29,5.41,5.34,1.0,85663
2026-07-29,NYSE:NXDT,5.385,4.58,5.29,4.61,1.0,344869
2026-07-30,NYSE:NXDT,4.9004,3.97,4.61,4.46,1.0,362924
2026-07-31,NYSE:NXDT,4.6,4.3,4.36,4.52,1.0,255214
2026-08-03,NYSE:NXDT,4.82,4.46,4.5,4.71,1.0,297324
2026-08-04,NYSE:NXDT,4.8399,4.47,4.79,4.53,1.0,286131
2026-08-05,NYSE:NXDT,4.5999,4.43,4.55,4.52,1.0,187108
2026-08-06,NYSE:NXDT,4.76,4.46,4.46,4.55,1.0,152125
2026-08-07,NYSE:NXDT,4.67,4.52,4.54,4.61,1.0,87802
2026-08-10,NYSE:NXDT,4.76,4.4728,4.54,4.73,1.0,161493
2026-08-11,NYSE:NXDT,4.95,4.7,4.79,4.7,1.0,220599
2026-08-12,NYSE:NXDT,4.97,4.765,4.79,4.83,1.0,269867
2026-08-13,NYSE:NXDT,5.14,4.81,4.9,5.05,1.0,310406
2026-08-14,NYSE:NXDT,5.22,5.03,5.03,5.11,1.0,112750
2026-08-17,NYSE:NXDT,5.1,4.9138,5.09,4.95,1.0,166348
2026-08-18,NYSE:NXDT,5.11,4.95,4.96,5.1,1.0,126334
2026-08-19,NYSE:NXDT,5.77,5.11,5.11,5.74,1.0,394165
2026-08-20,NYSE:NXDT,5.79,5.52,5.74,5.65,1.0,310164
2026-08-21,NYSE:NXDT,5.7,5.42,5.7,5.55,1.0,150786
2026-08-24,NYSE:NXDT,5.56,5.38,5.56,5.4,1.0,178949
2026-08-25,NYSE:NXDT,5.63,5.31,5.36,5.61,1.0,238290
2026-08-26,NYSE:NXDT,5.62,5.43,5.56,5.52,1.0,159976
2026-08-27,NYSE:NXDT,5.69,5.44,5.53,5.46,1.0,118604
2026-08-28,NYSE:NXDT,5.54,5.345,5.46,5.4,1.0,183865
2026-08-31,NYSE:NXDT,5.542000000000001,5.2,5.35,5.31,1.0,148089
2026-09-01,NYSE:NXDT,5.49,5.2503,5.29,5.38,1.0,97198
2026-09-02,NYSE:NXDT,5.62,5.415,5.47,5.56,1.0,227116
2026-04-01,NASDAQ:TRI,90.69,87.68,89.55,88.05,1.0,3027091
2026-04-02,NASDAQ:TRI,90.24,86.48,87.94,90.19,1.0,1595559
2026-04-06,NASDAQ:TRI,91.16,89.3,89.92,90.62,1.0,794215
2026-04-07,NASDAQ:TRI,90.84,88.07,90.58,88.45,1.0,1009978
2026-04-08,NASDAQ:TRI,90.22,85.745,89.08,86.11,1.0,2367717
2026-04-09,NASDAQ:TRI,85.98,82.0,85.84,84.87,1.0,2275790
2026-04-10,NASDAQ:TRI,85.325,82.22,85.12,83.27,1.0,1603205
2026-04-13,NASDAQ:TRI,87.605,83.5,83.53,87.43,1.0,1892284
2026-04-14,NASDAQ:TRI,88.56,86.585,87.43,87.98,1.0,2604981
2026-04-15,NASDAQ:TRI,93.57,88.09,88.16,92.43,1.0,2245054
2026-04-16,NASDAQ:TRI,95.79,92.96,93.37,93.07,1.0,2048027
2026-04-17,NASDAQ:TRI,94.99,91.8,94.99,93.01,1.0,2223320
2026-04-20,NASDAQ:TRI,95.05,92.96,93.0,94.91,1.0,1045389
2026-04-21,NASDAQ:TRI,98.22,93.75,94.25,96.72,1.0,1929191
2026-04-22,NASDAQ:TRI,97.48,91.59,96.61,92.86,1.0,1449144
2026-04-23,NASDAQ:TRI,92.5,88.44,92.5,90.18,1.0,2106769
2026-04-24,NASDAQ:TRI,90.605,88.15,90.02,89.75,1.0,2899070
2026-04-27,NASDAQ:TRI,90.885,88.97,89.31,89.04,1.0,890175
2026-04-28,NASDAQ:TRI,90.92,87.72,90.52,89.89,1.0,1201439
2026-04-29,NASDAQ:TRI,93.36,89.59,89.89,93.29,1.0,1049894
2026-04-30,NASDAQ:TRI,96.06,91.8,91.8,95.69,1.0,1883629
2026-05-01,NASDAQ:TRI,98.3319,94.3,96.02,94.41,1.0,1640879
2026-05-04,NASDAQ:TRI,97.98,93.22,94.43,95.75,0.9845600000000001,1519045
2026-05-05,NASDAQ:TRI,102.65,90.75,99.0,95.46,1.0,3592847
2026-05-06,NASDAQ:TRI,94.96,89.86,94.01,91.75,1.0,4132218
2026-05-07,NASDAQ:TRI,96.16,91.07,92.27,93.37,1.0,2097948
2026-05-08,NASDAQ:TRI,93.17,90.36,92.4,92.94,1.0,1630655
2026-05-11,NASDAQ:TRI,92.88,88.1,91.68,89.22,1.0,1821233
2026-05-12,NASDAQ:TRI,90.96,84.31,90.68,87.265,1.0,4209325
2026-05-13,NASDAQ:TRI,87.08,81.47,87.08,82.03,1.0,3254372
2026-05-14,NASDAQ:TRI,82.86,78.6,81.61,79.04,1.0,2374729
2026-05-15,NASDAQ:TRI,82.92,79.32,79.32,82.73,1.0,2580887
2026-05-18,NASDAQ:TRI,90.13,83.49,83.78,90.0,1.0,2057255
2026-05-19,NASDAQ:TRI,92.27,86.95,91.12,87.35,1.0,4390095
2026-05-20,NASDAQ:TRI,86.44,83.81,85.73,85.36,1.0,1388402
2026-05-21,NASDAQ:TRI,86.26,82.85,84.59,85.56,1.0,1335009
2026-05-22,NASDAQ:TRI,87.9999,84.955,84.98,85.86,1.0,877186
2026-05-26,NASDAQ:TRI,85.83,83.46,85.5,83.72,1.0,1469470
2026-05-27,NASDAQ:TRI,85.18,82.09,82.5,82.17,1.0,1502005
2026-05-28,NASDAQ:TRI,85.665,81.885,82.27,84.49,1.0,1570989
2026-05-29,NASDAQ:TRI,87.17,82.9,84.16,86.51,1.0,1635351
2026-06-01,NASDAQ:TRI,94.1,85.71,86.0,93.96,1.0,2010444
2026-06-02,NASDAQ:TRI,93.2,86.21,93.2,86.33,1.0,1796648
2026-06-03,NASDAQ:TRI,85.77,83.09,85.41,83.43,1.0,1137341
2026-06-04,NASDAQ:TRI,87.59,84.47,86.48,85.74,1.0,1284237
2026-06-05,NASDAQ:TRI,87.59,85.0752,86.62,86.04,1.0,2049611
2026-06-08,NASDAQ:TRI,85.32,83.13,84.81,83.18,1.0,1248800
2026-06-09,NASDAQ:TRI,84.72,81.63,83.035,82.32,1.0,1669120
2026-06-10,NASDAQ:TRI,83.37,79.65,81.7,81.96,1.0,1493452
2026-06-11,NASDAQ:TRI,81.77,79.45,80.88,80.25,1.0,1848207
2026-06-12,NASDAQ:TRI,82.61,78.15,79.71,81.41,1.0,2128429
2026-06-15,NASDAQ:TRI,83.53,80.43,81.11,80.47,1.0,1642557
2026-06-16,NASDAQ:TRI,81.875,79.62,80.37,81.15,1.0,1681892
2026-06-17,NASDAQ:TRI,82.545,79.03,80.05,79.25,1.0,1943353
2026-06-18,NASDAQ:TRI,79.4,77.0795,79.22,78.58,1.0,7748457
2026-06-22,NASDAQ:TRI,79.3,76.28,78.12,76.55,1.0,2123623
2026-06-23,NASDAQ:TRI,80.91,78.265,78.925,80.71,1.0,2034258
2026-06-24,NASDAQ:TRI,82.3,79.46,80.12,80.98,1.0,1367292
2026-06-25,NASDAQ:TRI,82.93,79.54,79.72,81.01,1.0,1877386
2026-06-26,NASDAQ:TRI,84.48,81.3,81.3,83.87,1.0,1953322
2026-06-29,NASDAQ:TRI,85.33,80.24,85.0,82.66,1.0,1627257
2026-06-30,NASDAQ:TRI,82.0,80.08,81.59,81.67,1.0,1403099
2026-07-01,NASDAQ:TRI,86.97,82.39,82.39,84.91,1.0,1176572
2026-07-02,NASDAQ:TRI,89.5,84.365,84.95,89.21,1.0,1905131
2026-07-06,NASDAQ:TRI,89.475,86.77,88.64,87.86,1.0,1729706
2026-07-07,NASDAQ:TRI,93.26,90.29,90.29,90.76,1.0,2045525
2026-07-08,NASDAQ:TRI,90.81,88.43,90.76,88.89,1.0,1325836
2026-07-09,NASDAQ:TRI,88.84,86.6,87.41,88.81,1.0,1342056
2026-07-10,NASDAQ:TRI,91.925,88.95,88.95,89.65,1.0,1529687
2026-07-13,NASDAQ:TRI,94.35,90.15,90.15,94.29,1.0,2768116
2026-07-14,NASDAQ:TRI,93.67,89.33,90.53,91.74,1.0,2026313
2026-07-15,NASDAQ:TRI,98.71,92.14,92.14,95.51,1.0,3581519
2026-07-16,NASDAQ:TRI,101.1,96.835,97.15,98.82,1.0,2605047
2026-07-17,NASDAQ:TRI,100.85,95.74,99.4,96.2,1.0,2649355
2026-07-20,NASDAQ:TRI,96.645,93.35,95.25,95.43,1.0,1976924
2026-07-21,NASDAQ:TRI,93.77,90.58,92.92,90.7,1.0,1698963
2026-07-22,NASDAQ:TRI,92.12,86.95,91.9,87.33,1.0,1575579
2026-07-23,NASDAQ:TRI,87.82,84.63,87.28,85.69,1.0,1532022
2026-07-24,NASDAQ:TRI,90.77,86.07,86.26,90.15,1.0,1563731
2026-07-27,NASDAQ:TRI,98.09,90.9,91.36,97.76,1.0,2604284
2026-07-28,NASDAQ:TRI,105.74,99.6,99.8,103.29,1.0,3871422
2026-07-29,NASDAQ:TRI,108.29,101.93,103.75,106.34,1.0,3644926
2026-07-30,NASDAQ:TRI,102.98,98.37,102.48,98.83,1.0,2679755
2026-07-31,NASDAQ:TRI,98.87,95.77,97.5,98.13,1.0,1811526
2026-08-03,NASDAQ:TRI,103.09,100.141,100.26,101.61,1.0,1529407
2026-08-04,NASDAQ:TRI,109.39,99.52,99.92,109.15,1.0,6031964
2026-08-05,NASDAQ:TRI,113.455,97.83,109.98,98.61,1.0,4372766
2026-08-06,NASDAQ:TRI,102.2825,96.33,100.58,100.15,1.0,2329146
2026-08-07,NASDAQ:TRI,104.36,98.31,99.8,101.83,1.0,1349611
2026-08-10,NASDAQ:TRI,104.48,100.75,100.75,104.36,1.0,1401861
2026-08-11,NASDAQ:TRI,105.89,102.15,103.82,104.84,1.0,1075402
2026-08-12,NASDAQ:TRI,103.95,100.55,103.12,102.61,1.0,1289748
2026-08-13,NASDAQ:TRI,106.45,101.745,103.65,106.07,1.0,980589
2026-08-14,NASDAQ:TRI,106.67,102.23,106.23,103.61,1.0,1341784
2026-08-17,NASDAQ:TRI,102.6375,98.785,102.22,99.06,1.0,1148120
2026-08-18,NASDAQ:TRI,102.75,100.23,100.25,100.89,1.0,6223427
2026-08-19,NASDAQ:TRI,107.06,99.93,99.93,104.95,1.0,1374873
2026-08-20,NASDAQ:TRI,107.14,103.945,104.66,105.88,1.0,1639537
2026-08-21,NASDAQ:TRI,106.99,105.01,106.21,105.53,1.0,1487284
2026-08-24,NASDAQ:TRI,109.4561,105.72,106.21,108.62,1.0,1476083
2026-08-25,NASDAQ:TRI,107.39,104.24,105.76,104.38,1.0,1260464
2026-08-26,NASDAQ:TRI,105.325,102.08,103.145,102.45,1.0,1137820
2026-08-27,NASDAQ:TRI,107.765,102.61,102.61,104.78,1.0,1647416
2026-08-28,NASDAQ:TRI,107.06,105.175,105.85,106.225,1.0,1221042
2026-08-31,NASDAQ:TRI,107.39,104.12,104.64,107.32,1.0,990272
2026-09-01,NASDAQ:TRI,108.46,105.615,107.18,106.35,1.0,1715962
2026-09-02,NASDAQ:TRI,106.765,104.03,105.5,105.87,1.0,1730451
2026-04-01,NYSE:AAT,18.55,18.29,18.4,18.35,1.0,479271
2026-04-02,NYSE:AAT,18.73,18.22,18.27,18.67,1.0,356133
2026-04-06,NYSE:AAT,18.71,18.49,18.54,18.5,1.0,438803
2026-04-07,NYSE:AAT,19.0,18.49,18.49,18.94,1.0,395139
2026-04-08,NYSE:AAT,19.36,19.16,19.22,19.2,1.0,460390
2026-04-09,NYSE:AAT,19.44,19.09,19.09,19.25,1.0,355517
2026-04-10,NYSE:AAT,19.49,19.27,19.3,19.42,1.0,166063
2026-04-13,NYSE:AAT,19.63,19.24,19.4,19.63,1.0,321145
2026-04-14,NYSE:AAT,20.165,19.5101,19.59,20.15,1.0,403446
2026-04-15,NYSE:AAT,20.195,19.98,20.07,20.18,1.0,232809
2026-04-16,NYSE:AAT,20.36,20.08,20.14,20.33,1.0,305835
2026-04-17,NYSE:AAT,20.82,20.44,20.46,20.81,1.0,274414
2026-04-20,NYSE:AAT,20.89,20.72,20.75,20.83,1.0,265936
2026-04-21,NYSE:AAT,20.92,20.63,20.88,20.7,1.0,317324
2026-04-22,NYSE:AAT,20.82,20.575,20.75,20.64,1.0,340723
2026-04-23,NYSE:AAT,20.81,20.52,20.66,20.7,1.0,215793
2026-04-24,NYSE:AAT,20.95,20.64,20.64,20.91,1.0,214632
2026-04-27,NYSE:AAT,21.25,20.86,20.91,21.19,1.0,251706
2026-04-28,NYSE:AAT,21.61,21.1,21.36,21.57,1.0,390128
2026-04-29,NYSE:AAT,21.34,20.28,20.94,20.45,1.0,428053
2026-04-30,NYSE:AAT,20.94,20.41,20.42,20.74,1.0,401058
2026-05-01,NYSE:AAT,20.84,20.59,20.77,20.78,1.0,275107
2026-05-04,NYSE:AAT,20.87,20.41,20.62,20.58,1.0,391898
2026-05-05,NYSE:AAT,20.96,20.58,20.61,20.86,1.0,247530
2026-05-06,NYSE:AAT,21.2495,20.98,21.0,21.13,1.0,343138
2026-05-07,NYSE:AAT,21.36,21.04,21.1,21.11,1.0,435317
2026-05-08,NYSE:AAT,21.28,21.01,21.16,21.04,1.0,194203
2026-05-11,NYSE:AAT,21.17,20.9,21.16,20.98,1.0,162621
2026-05-12,NYSE:AAT,21.23,20.66,21.03,21.12,1.0,265975
2026-05-13,NYSE:AAT,21.06,20.63,21.01,20.75,1.0,352376
2026-05-14,NYSE:AAT,21.19,20.82,20.86,20.85,1.0,297104
2026-05-15,NYSE:AAT,20.88,20.55,20.88,20.77,1.0,303759
2026-05-18,NYSE:AAT,21.18,20.8328,20.87,21.06,1.0,335682
2026-05-19,NYSE:AAT,21.27,20.91,21.09,21.27,1.0,289262
2026-05-20,NYSE:AAT,21.78,21.11,21.19,21.76,1.0,389611
2026-05-21,NYSE:AAT,22.24,21.535,21.74,22.15,1.0,416050
2026-05-22,NYSE:AAT,22.8,22.21,22.4,22.78,1.0,340721
2026-05-26,NYSE:AAT,22.97,22.37,22.83,22.39,1.0,491221
2026-05-27,NYSE:AAT,22.66,22.39,22.49,22.53,1.0,681559
2026-05-28,NYSE:AAT,23.42,22.37,22.58,23.37,1.0,477537
2026-05-29,NYSE:AAT,23.66,23.21,23.29,23.3,1.0,576239
2026-06-01,NYSE:AAT,23.66,23.14,23.25,23.42,1.0,546846
2026-06-02,NYSE:AAT,23.62,23.18,23.39,23.34,1.0,617790
2026-06-03,NYSE:AAT,23.525,23.19,23.28,23.32,1.0,453472
2026-06-04,NYSE:AAT,23.97,23.32,23.5,23.86,1.0,538666
2026-06-05,NYSE:AAT,24.11,23.59,23.72,23.66,1.0,537245
2026-06-08,NYSE:AAT,24.24,23.66,23.83,24.03,1.0,479436
2026-06-09,NYSE:AAT,24.67,24.185,24.21,24.42,1.0,527772
2026-06-10,NYSE:AAT,24.81,24.5,24.6,24.5,1.0,389834
2026-06-11,NYSE:AAT,24.85,24.34,24.76,24.47,1.0,385129
2026-06-12,NYSE:AAT,24.84,24.38,24.63,24.41,1.0,333020
2026-06-15,NYSE:AAT,24.445,24.04,24.38,24.28,1.0,379051
2026-06-16,NYSE:AAT,24.69,24.255,24.46,24.4,1.0,387591
2026-06-17,NYSE:AAT,24.4,23.69,24.35,23.85,1.0,417506
2026-06-18,NYSE:AAT,24.15,23.89,24.0,24.05,1.0,940163
2026-06-22,NYSE:AAT,24.45,23.85,24.06,24.24,1.0,459907
2026-06-23,NYSE:AAT,24.5999,24.28,24.28,24.35,1.0,542892
2026-06-24,NYSE:AAT,24.685,24.32,24.48,24.37,1.0,410788
2026-06-25,NYSE:AAT,24.69,24.11,24.35,24.57,1.0,439082
2026-06-26,NYSE:AAT,25.26,24.58,24.58,25.18,1.0,987908
2026-06-29,NYSE:AAT,25.03,24.76,25.03,24.84,1.0,464346
2026-06-30,NYSE:AAT,24.9,24.29,24.75,24.69,1.0,416416
2026-07-01,NYSE:AAT,25.34,24.49,24.49,25.22,1.0,266408
2026-07-02,NYSE:AAT,25.51,25.18,25.18,25.51,1.0,322634
2026-07-06,NYSE:AAT,25.55,25.16,25.55,25.16,1.0,332770
2026-07-07,NYSE:AAT,25.48,24.93,25.34,25.0,1.0,399453
2026-07-08,NYSE:AAT,25.025,24.49,24.84,25.01,1.0,626128
2026-07-09,NYSE:AAT,25.24,24.84,25.14,25.07,1.0,315552
2026-07-10,NYSE:AAT,25.235,24.88,25.2,25.12,1.0,212778
2026-07-13,NYSE:AAT,25.49,24.95,25.26,25.14,1.0,331367
2026-07-14,NYSE:AAT,25.43,24.99,25.25,25.18,1.0,282108
2026-07-15,NYSE:AAT,25.67,25.31,25.31,25.46,1.0,250123
2026-07-16,NYSE:AAT,25.97,25.55,25.55,25.85,1.0,498832
2026-07-17,NYSE:AAT,25.91,25.28,25.85,25.51,1.0,345823
2026-07-20,NYSE:AAT,25.6214,25.15,25.53,25.26,1.0,218201
2026-07-21,NYSE:AAT,25.46,25.1,25.26,25.29,1.0,320237
2026-07-22,NYSE:AAT,25.26,24.16,25.26,24.27,1.0,379959
2026-07-23,NYSE:AAT,24.41,24.01,24.12,24.24,1.0,510557
2026-07-24,NYSE:AAT,24.44,24.2,24.4,24.3,1.0,493806
2026-07-27,NYSE:AAT,24.66,24.26,24.44,24.33,1.0,375946
2026-07-28,NYSE:AAT,24.54,24.02,24.53,24.11,1.0,351772
2026-07-29,NYSE:AAT,23.91,23.08,23.08,23.72,1.0,616188
2026-07-30,NYSE:AAT,24.0571,23.53,23.9,24.03,1.0,546583
2026-07-31,NYSE:AAT,24.05,23.43,23.92,23.59,1.0,437469
2026-08-03,NYSE:AAT,23.985,23.61,23.74,23.87,1.0,367337
2026-08-04,NYSE:AAT,23.71,23.04,23.71,23.17,1.0,625304
2026-08-05,NYSE:AAT,23.19,22.79,23.05,23.07,1.0,349683
2026-08-06,NYSE:AAT,23.29,22.4,23.23,22.52,1.0,512314
2026-08-07,NYSE:AAT,22.95,22.52,22.64,22.83,1.0,340540
2026-08-10,NYSE:AAT,22.8811,22.3,22.85,22.54,1.0,400637
2026-08-11,NYSE:AAT,22.647,22.24,22.63,22.32,1.0,431502
2026-08-12,NYSE:AAT,22.6,22.235,22.46,22.56,1.0,282208
2026-08-13,NYSE:AAT,23.0,22.71,22.79,22.96,1.0,410778
2026-08-14,NYSE:AAT,23.155,22.69,22.9,22.77,1.0,316426
2026-08-17,NYSE:AAT,22.82,22.46,22.82,22.65,1.0,412314
2026-08-18,NYSE:AAT,22.765,22.56,22.73,22.6,1.0,204802
2026-08-19,NYSE:AAT,22.94,22.61,22.67,22.8,1.0,222048
2026-08-20,NYSE:AAT,22.99,22.61,22.835,22.83,1.0,200401
2026-08-21,NYSE:AAT,22.89,22.685,22.81,22.83,1.0,567286
2026-08-24,NYSE:AAT,23.1058,22.7,22.95,23.0,1.0,617183
2026-08-25,NYSE:AAT,23.1462,22.8984,23.11,23.09,1.0,342964
2026-08-26,NYSE:AAT,23.15,22.74,23.09,22.74,1.0,479947
2026-08-27,NYSE:AAT,22.94,22.46,22.94,22.5,1.0,591663
2026-08-28,NYSE:AAT,22.725,22.43,22.6,22.43,1.0,433150
2026-08-31,NYSE:AAT,22.5,22.23,22.43,22.46,1.0,659883
2026-09-01,NYSE:AAT,22.48,22.18,22.29,22.41,1.0,398968
2026-09-02,NYSE:AAT,22.6,22.325,22.33,22.43,1.0,562697
