date,ticker,high,low,open,close,split_coefficient,volume
2026-04-06,NASDAQ:TASK,7.02,6.72,6.95,6.72,1.0,301171
2026-04-07,NASDAQ:TASK,6.82,6.61,6.72,6.67,1.0,496153
2026-04-08,NASDAQ:TASK,7.02,6.63,6.88,6.65,1.0,299098
2026-04-09,NASDAQ:TASK,6.64,6.47,6.62,6.57,1.0,427921
2026-04-10,NASDAQ:TASK,6.61,6.39,6.61,6.47,1.0,270045
2026-04-13,NASDAQ:TASK,6.865,6.47,6.47,6.82,1.0,596041
2026-04-14,NASDAQ:TASK,7.08,6.76,6.88,6.78,1.0,503435
2026-04-15,NASDAQ:TASK,7.3498,6.83,6.85,7.02,1.0,1182253
2026-04-16,NASDAQ:TASK,7.4,6.985,7.06,7.35,1.0,1629769
2026-04-17,NASDAQ:TASK,7.54,7.32,7.49,7.42,1.0,454221
2026-04-20,NASDAQ:TASK,7.4,7.135,7.29,7.23,1.0,537383
2026-04-21,NASDAQ:TASK,7.3,7.16,7.23,7.21,1.0,389267
2026-04-22,NASDAQ:TASK,7.32,6.895,7.25,6.96,1.0,299862
2026-04-23,NASDAQ:TASK,6.93,6.26,6.91,6.39,1.0,553967
2026-04-24,NASDAQ:TASK,6.53,6.265,6.43,6.48,1.0,416888
2026-04-27,NASDAQ:TASK,6.5598,6.27,6.46,6.27,1.0,349981
2026-04-28,NASDAQ:TASK,6.44,6.295,6.34,6.33,1.0,272700
2026-04-29,NASDAQ:TASK,6.4099,6.265,6.33,6.31,1.0,193516
2026-04-30,NASDAQ:TASK,6.505,6.211,6.32,6.48,1.0,338301
2026-05-01,NASDAQ:TASK,6.67,6.43,6.52,6.54,1.0,410460
2026-05-04,NASDAQ:TASK,6.68,6.405,6.52,6.41,1.0,247837
2026-05-05,NASDAQ:TASK,6.605,6.315,6.42,6.39,1.0,854526
2026-05-06,NASDAQ:TASK,6.8,6.28,6.48,6.68,1.0,2473188
2026-05-07,NASDAQ:TASK,6.97,5.89,6.78,6.37,1.0,1404510
2026-05-08,NASDAQ:TASK,6.515,6.0575,6.31,6.445,1.0,733884
2026-05-11,NASDAQ:TASK,6.5778,5.85,6.4,5.85,1.0,1162748
2026-05-12,NASDAQ:TASK,5.921,5.75,5.87,5.82,1.0,780853
2026-05-13,NASDAQ:TASK,5.845,5.52,5.82,5.54,1.0,714643
2026-05-14,NASDAQ:TASK,5.6,5.415,5.55,5.515,1.0,527421
2026-05-15,NASDAQ:TASK,5.6098,5.39,5.5,5.49,1.0,682764
2026-05-18,NASDAQ:TASK,5.665,5.46,5.5,5.6,1.0,533489
2026-05-19,NASDAQ:TASK,5.92,5.55,5.62,5.75,1.0,741465
2026-05-20,NASDAQ:TASK,6.095,5.59,5.73,6.02,1.0,603244
2026-05-21,NASDAQ:TASK,6.18,5.9297,5.94,6.12,1.0,702239
2026-05-22,NASDAQ:TASK,6.2801,6.05,6.08,6.16,1.0,731069
2026-05-26,NASDAQ:TASK,6.23,6.03,6.16,6.05,1.0,487463
2026-05-27,NASDAQ:TASK,6.345,6.065,6.09,6.21,1.0,600523
2026-05-28,NASDAQ:TASK,6.33,6.12,6.15,6.31,1.0,373448
2026-05-29,NASDAQ:TASK,6.3401,6.215,6.3,6.33,1.0,323247
2026-06-01,NASDAQ:TASK,6.62,6.3084,6.33,6.6,1.0,437927
2026-06-02,NASDAQ:TASK,6.54,6.34,6.54,6.47,1.0,346060
2026-06-03,NASDAQ:TASK,6.43,5.85,6.42,5.86,1.0,473773
2026-06-04,NASDAQ:TASK,6.025,5.84,5.95,5.95,1.0,346091
2026-06-05,NASDAQ:TASK,5.97,5.685,5.95,5.74,1.0,415297
2026-06-08,NASDAQ:TASK,5.7,5.5107,5.7,5.66,1.0,637380
2026-06-09,NASDAQ:TASK,5.9,5.64,5.65,5.72,1.0,391438
2026-06-10,NASDAQ:TASK,5.75,5.52,5.65,5.53,1.0,419833
2026-06-11,NASDAQ:TASK,5.585,5.37,5.51,5.57,1.0,467726
2026-06-12,NASDAQ:TASK,5.62,5.42,5.57,5.48,1.0,409745
2026-06-15,NASDAQ:TASK,5.6849,5.38,5.59,5.38,1.0,527824
2026-06-16,NASDAQ:TASK,5.545,5.3,5.4,5.36,1.0,783238
2026-06-17,NASDAQ:TASK,5.44,5.105,5.36,5.11,1.0,727308
2026-06-18,NASDAQ:TASK,5.13,4.895,5.13,4.91,1.0,981340
2026-06-22,NASDAQ:TASK,5.085,4.8,4.87,4.99,1.0,865662
2026-06-23,NASDAQ:TASK,5.07,4.68,4.99,4.69,1.0,886680
2026-06-24,NASDAQ:TASK,4.96,4.69,4.69,4.88,1.0,627098
2026-06-25,NASDAQ:TASK,4.96,4.465,4.88,4.57,1.0,1259072
2026-06-26,NASDAQ:TASK,4.78,4.52,4.58,4.73,1.0,601915
2026-06-29,NASDAQ:TASK,4.9,4.74,4.79,4.79,1.0,596877
2026-06-30,NASDAQ:TASK,4.76,4.525,4.72,4.68,1.0,730734
2026-07-01,NASDAQ:TASK,5.155,4.72,4.72,5.03,1.0,720724
2026-07-02,NASDAQ:TASK,5.29,5.005,5.05,5.03,1.0,342277
2026-07-06,NASDAQ:TASK,5.305,4.99,5.04,5.18,1.0,444888
2026-07-07,NASDAQ:TASK,5.41,5.175,5.23,5.19,1.0,380849
2026-07-08,NASDAQ:TASK,5.22,5.01,5.16,5.18,1.0,398129
2026-07-09,NASDAQ:TASK,5.35,5.125,5.14,5.27,1.0,379324
2026-07-10,NASDAQ:TASK,5.43,5.26,5.33,5.41,1.0,336354
2026-07-13,NASDAQ:TASK,5.74,5.52,5.6,5.62,1.0,798564
2026-07-14,NASDAQ:TASK,6.005,5.5,5.54,5.8,1.0,917870
2026-07-15,NASDAQ:TASK,6.04,5.81,5.81,5.97,1.0,513793
2026-07-16,NASDAQ:TASK,6.135,5.92,6.03,5.97,1.0,593464
2026-07-17,NASDAQ:TASK,5.97,5.705,5.88,5.83,1.0,345581
2026-07-20,NASDAQ:TASK,5.96,5.66,5.81,5.82,1.0,329201
2026-07-21,NASDAQ:TASK,5.87,5.7,5.75,5.84,1.0,461249
2026-07-22,NASDAQ:TASK,5.89,5.55,5.87,5.85,1.0,1972682
2026-07-23,NASDAQ:TASK,5.75,5.32,5.75,5.35,1.0,2044366
2026-07-24,NASDAQ:TASK,5.54,5.355,5.36,5.52,1.0,1692111
2026-07-27,NASDAQ:TASK,6.135,5.58,5.64,5.8,1.0,1931015
2026-07-28,NASDAQ:TASK,6.32,5.9,5.9,6.2,1.0,436340
2026-07-29,NASDAQ:TASK,6.55,6.22,6.24,6.49,1.0,545463
2026-07-30,NASDAQ:TASK,6.5208,5.84,6.42,5.915,1.0,1720253
2026-07-31,NASDAQ:TASK,6.08,5.835,5.92,6.07,1.0,437848
2026-08-03,NASDAQ:TASK,6.46,6.135,6.22,6.36,1.0,1280337
2026-08-04,NASDAQ:TASK,6.54,6.23,6.28,6.54,1.0,648643
2026-08-05,NASDAQ:TASK,6.6,6.28,6.54,6.32,1.0,453604
2026-08-06,NASDAQ:TASK,8.225,7.02,7.04,7.82,1.0,3169669
2026-08-07,NASDAQ:TASK,7.7875,7.025,7.71,7.3,1.0,1271416
2026-08-10,NASDAQ:TASK,7.22,6.95,7.15,7.1,1.0,572747
2026-08-11,NASDAQ:TASK,7.1579999999999995,6.885,7.05,6.9,1.0,347317
2026-08-12,NASDAQ:TASK,6.925,6.57,6.84,6.92,1.0,501804
2026-08-13,NASDAQ:TASK,7.365,6.96,7.02,7.27,1.0,891241
2026-08-14,NASDAQ:TASK,7.55,7.29,7.32,7.5,1.0,630513
2026-08-17,NASDAQ:TASK,7.925,7.105,7.5,7.19,1.0,541183
2026-08-18,NASDAQ:TASK,7.51,7.165,7.22,7.38,1.0,729121
2026-08-19,NASDAQ:TASK,8.13,7.38,7.38,8.08,1.0,746580
2026-08-20,NASDAQ:TASK,8.08,7.68,7.96,7.76,1.0,425631
2026-08-21,NASDAQ:TASK,8.02,7.72,7.8,8.0,1.0,454903
2026-08-24,NASDAQ:TASK,8.04,7.815,7.99,7.83,1.0,246328
2026-08-25,NASDAQ:TASK,7.97,7.72,7.83,7.96,1.0,190710
2026-08-26,NASDAQ:TASK,7.93,7.7,7.9,7.75,1.0,247170
2026-08-27,NASDAQ:TASK,8.22,7.7704,7.78,8.21,1.0,362243
2026-08-28,NASDAQ:TASK,8.43,8.1,8.15,8.39,1.0,603829
2026-08-31,NASDAQ:TASK,8.43,8.18,8.3,8.25,1.0,482329
2026-09-01,NASDAQ:TASK,8.22,7.745,8.1,7.76,1.0,320903
2026-09-02,NASDAQ:TASK,8.125,7.78,7.78,8.06,1.0,595353
2026-09-03,NASDAQ:TASK,8.2899,7.91,8.05,8.08,1.0,327022
2026-04-06,NYSE:DD,45.59,44.86,45.425,45.57,1.0,2645654
2026-04-07,NYSE:DD,45.66,44.98,45.66,45.53,1.0,2854552
2026-04-08,NYSE:DD,47.89,46.8,47.22,47.85,1.0,3375627
2026-04-09,NYSE:DD,48.215,47.325,47.47,47.42,1.0,2932668
2026-04-10,NYSE:DD,47.825,47.08,47.78,47.25,1.0,2195511
2026-04-13,NYSE:DD,47.3,46.52,46.88,47.15,1.0,3105526
2026-04-14,NYSE:DD,47.36,46.21,47.36,46.68,1.0,2606128
2026-04-15,NYSE:DD,46.74,45.67,46.74,46.06,1.0,3262516
2026-04-16,NYSE:DD,46.8,46.0,46.21,46.75,1.0,2910530
2026-04-17,NYSE:DD,48.08,46.75,46.99,47.35,1.0,3502587
2026-04-20,NYSE:DD,47.595,46.78,47.31,47.0,1.0,2212976
2026-04-21,NYSE:DD,47.45,46.44,46.99,46.71,1.0,3572481
2026-04-22,NYSE:DD,47.36,45.67,47.2,45.98,1.0,3208970
2026-04-23,NYSE:DD,46.45,45.66,46.26,46.37,1.0,2623429
2026-04-24,NYSE:DD,46.54,45.8,46.54,46.33,1.0,2704078
2026-04-27,NYSE:DD,47.09,46.22,46.305,46.69,1.0,2379294
2026-04-28,NYSE:DD,46.9,45.15,46.825,45.33,1.0,2480881
2026-04-29,NYSE:DD,45.76,44.495,45.37,44.62,1.0,2611059
2026-04-30,NYSE:DD,46.01,44.72,45.09,45.66,1.0,4045988
2026-05-01,NYSE:DD,46.385,45.4857,45.81,46.24,1.0,3269870
2026-05-04,NYSE:DD,46.24,44.84,46.06,45.41,1.0,3654151
2026-05-05,NYSE:DD,50.16,46.14,46.14,49.24,1.0,7239735
2026-05-06,NYSE:DD,50.3,48.601000000000006,49.66,50.07,1.0,6021493
2026-05-07,NYSE:DD,50.14,48.3,49.85,48.36,1.0,4377077
2026-05-08,NYSE:DD,49.795,48.725,49.33,49.76,1.0,3956972
2026-05-11,NYSE:DD,51.215,49.98,50.0,50.58,1.0,4839410
2026-05-12,NYSE:DD,50.735,49.18,50.29,50.54,1.0,3824719
2026-05-13,NYSE:DD,51.64,50.37,50.87,51.16,1.0,4450482
2026-05-14,NYSE:DD,51.23,50.33,51.005,50.6,1.0,3737174
2026-05-15,NYSE:DD,49.63,48.92,49.56,49.31,1.0,4551686
2026-05-18,NYSE:DD,49.7,48.55,49.47,48.64,1.0,4636343
2026-05-19,NYSE:DD,48.275,46.25,48.09,46.56,1.0,4526645
2026-05-20,NYSE:DD,48.06,46.75,46.76,47.25,1.0,3484600
2026-05-21,NYSE:DD,47.65,46.085,47.0,47.15,1.0,3494476
2026-05-22,NYSE:DD,48.3,47.25,47.43,48.12,1.0,2276946
2026-05-26,NYSE:DD,50.5,49.14,49.9,49.46,1.0,3523944
2026-05-27,NYSE:DD,49.68,47.36,49.68,47.66,1.0,4740891
2026-05-28,NYSE:DD,47.98,47.07,47.48,47.71,1.0,2932447
2026-05-29,NYSE:DD,48.655,47.42,47.47,48.42,1.0,6374205
2026-06-01,NYSE:DD,48.225,47.1,47.895,47.59,1.0,3376317
2026-06-02,NYSE:DD,49.34,47.735,47.89,48.66,1.0,2485411
2026-06-03,NYSE:DD,48.78,47.955,48.38,47.97,1.0,2224041
2026-06-04,NYSE:DD,48.06,47.14,48.015,47.65,1.0,2710572
2026-06-05,NYSE:DD,47.84,46.63,47.37,46.85,1.0,2675715
2026-06-08,NYSE:DD,47.4728,46.55,47.26,46.99,1.0,2337419
2026-06-09,NYSE:DD,47.9,45.89,47.65,47.06,1.0,3448610
2026-06-10,NYSE:DD,46.86,44.93,46.77,45.06,1.0,3095565
2026-06-11,NYSE:DD,46.88,45.125,45.36,46.84,1.0,3614665
2026-06-12,NYSE:DD,48.2601,47.131,47.49,48.26,1.0,2934677
2026-06-15,NYSE:DD,49.56,48.53,49.05,48.54,1.0,4231180
2026-06-16,NYSE:DD,48.98,47.945,48.75,48.04,1.0,3119264
2026-06-17,NYSE:DD,49.485,47.865,48.36,47.95,1.0,4828275
2026-06-18,NYSE:DD,48.86,47.4,48.6,47.71,1.0,7293156
2026-06-22,NYSE:DD,48.33,47.3,47.31,48.19,1.0,4998196
2026-06-23,NYSE:DD,47.88,46.59,47.43,46.67,1.0,3534925
2026-06-24,NYSE:DD,144.845,136.77,144.75,137.82,0.3333333333333333,1951058
2026-06-25,NYSE:DD,141.22,135.89,139.53,137.8,1.0,1765315
2026-06-26,NYSE:DD,137.22,131.141,136.35,137.22,1.0,2864529
2026-06-29,NYSE:DD,136.19,132.13,135.77,135.74,1.0,1913091
2026-06-30,NYSE:DD,136.6,134.8,136.31,135.64,1.0,1644841
2026-07-01,NYSE:DD,139.69,134.4,134.87,138.47,1.0,1405478
2026-07-02,NYSE:DD,141.16,138.78,139.92,139.91,1.0,1229128
2026-07-06,NYSE:DD,141.99,139.87,140.43,141.05,1.0,1295480
2026-07-07,NYSE:DD,140.93,137.76,140.21,139.61,1.0,1417575
2026-07-08,NYSE:DD,138.035,133.725,137.77,136.97,1.0,1322498
2026-07-09,NYSE:DD,138.5999,134.51,138.14,134.79,1.0,1375441
2026-07-10,NYSE:DD,136.18,134.12,135.04,134.68,1.0,1045912
2026-07-13,NYSE:DD,135.9,131.99,135.0,132.66,1.0,986078
2026-07-14,NYSE:DD,135.335,133.08,133.98,134.17,1.0,741687
2026-07-15,NYSE:DD,135.625,132.7601,134.17,134.86,1.0,1081439
2026-07-16,NYSE:DD,135.16,132.34,133.58,134.29,1.0,1170647
2026-07-17,NYSE:DD,135.8,132.34,132.77,135.29,1.0,1308516
2026-07-20,NYSE:DD,138.465,134.91,135.89,135.75,1.0,1327013
2026-07-21,NYSE:DD,139.53,135.52,137.0,138.79,1.0,1437523
2026-07-22,NYSE:DD,142.1778,138.8,138.8,139.64,1.0,1030147
2026-07-23,NYSE:DD,139.89,136.1,138.44,137.4,1.0,1245429
2026-07-24,NYSE:DD,138.94,137.075,137.81,137.7,1.0,796234
2026-07-27,NYSE:DD,140.03,137.44,138.73,139.96,1.0,1079389
2026-07-28,NYSE:DD,142.67,139.49,140.47,140.77,1.0,1338859
2026-07-29,NYSE:DD,141.08,136.4,141.08,138.1,1.0,1463510
2026-07-30,NYSE:DD,140.985,138.34,140.0,138.84,1.0,1689980
2026-07-31,NYSE:DD,139.395,136.58,137.95,137.0,1.0,7537197
2026-08-03,NYSE:DD,141.59,137.18,138.38,141.28,1.0,2019120
2026-08-04,NYSE:DD,143.545,130.19,130.19,142.93,1.0,3279080
2026-08-05,NYSE:DD,147.86,143.31,143.73,147.37,1.0,1533516
2026-08-06,NYSE:DD,149.42,143.33,147.8,144.05,1.0,1859575
2026-08-07,NYSE:DD,146.2,141.79,144.8,142.47,1.0,1367037
2026-08-10,NYSE:DD,142.97,140.31,142.85,141.55,1.0,1337492
2026-08-11,NYSE:DD,146.35,141.34,141.34,144.49,1.0,1189990
2026-08-12,NYSE:DD,144.95,142.1501,144.45,144.37,1.0,1422671
2026-08-13,NYSE:DD,144.84,143.025,144.31,144.1,1.0,908183
2026-08-14,NYSE:DD,146.815,143.105,143.68,146.26,1.0,1108689
2026-08-17,NYSE:DD,146.5,142.71,145.93,143.07,1.0,1567724
2026-08-18,NYSE:DD,142.32,138.5,142.32,138.81,1.0,1291985
2026-08-19,NYSE:DD,141.0,138.9,140.41,139.68,1.0,969123
2026-08-20,NYSE:DD,140.54,138.45,138.51,138.46,1.0,983508
2026-08-21,NYSE:DD,141.0,138.24,139.92,138.33,1.0,1119143
2026-08-24,NYSE:DD,139.055,135.84,138.75,136.67,1.0,1013482
2026-08-25,NYSE:DD,137.71,135.07,137.55,136.04,1.0,1347241
2026-08-26,NYSE:DD,138.22,136.01,136.61,137.98,1.0,914960
2026-08-27,NYSE:DD,139.46,137.5,137.5,138.8,1.0,860257
2026-08-28,NYSE:DD,141.0,135.83,140.0,136.98,1.0,1055518
2026-08-31,NYSE:DD,136.56,133.68,136.5,134.59,1.0,1713230
2026-09-01,NYSE:DD,134.035,131.56,133.52,132.11,1.0,982965
2026-09-02,NYSE:DD,134.42,132.38,132.89,132.93,1.0,872120
2026-09-03,NYSE:DD,133.9225,130.715,133.885,131.18,1.0,1610700
2026-04-06,NYSE:ELME,2.075,2.02,2.07,2.04,1.0,1220708
2026-04-07,NYSE:ELME,2.05,2.02,2.05,2.02,1.0,564127
2026-04-08,NYSE:ELME,2.07,2.03,2.05,2.05,1.0,950453
2026-04-09,NYSE:ELME,2.1,2.045,2.05,2.09,1.0,1252880
2026-04-10,NYSE:ELME,2.14,2.09,2.09,2.12,1.0,1688154
2026-04-13,NYSE:ELME,2.16,2.115,2.12,2.13,1.0,1023636
2026-04-14,NYSE:ELME,2.185,2.13,2.13,2.15,1.0,1091317
2026-04-15,NYSE:ELME,2.18,2.15,2.15,2.16,1.0,622581
2026-04-16,NYSE:ELME,2.1799,2.14,2.17,2.14,1.0,1150210
2026-04-17,NYSE:ELME,2.1779,2.15,2.16,2.15,1.0,470984
2026-04-20,NYSE:ELME,2.18,2.15,2.16,2.15,1.0,1341641
2026-04-21,NYSE:ELME,2.17,2.1,2.17,2.1,1.0,576975
2026-04-22,NYSE:ELME,2.115,2.055,2.1,2.08,1.0,1289409
2026-04-23,NYSE:ELME,2.15,2.09,2.09,2.12,1.0,1355913
2026-04-24,NYSE:ELME,2.155,2.13,2.14,2.13,1.0,641197
2026-04-27,NYSE:ELME,2.17,2.1199,2.12,2.16,1.0,846164
2026-04-28,NYSE:ELME,2.195,2.155,2.16,2.16,1.0,1089048
2026-04-29,NYSE:ELME,2.17,2.14,2.17,2.15,1.0,743752
2026-04-30,NYSE:ELME,2.19,2.14,2.14,2.17,1.0,868143
2026-05-01,NYSE:ELME,2.196,2.15,2.18,2.15,1.0,1034814
2026-05-04,NYSE:ELME,2.19,2.145,2.16,2.18,1.0,975086
2026-05-05,NYSE:ELME,2.2,2.16,2.17,2.16,1.0,1002818
2026-05-06,NYSE:ELME,2.2,2.16,2.16,2.17,1.0,630542
2026-05-07,NYSE:ELME,2.18,2.11,2.17,2.11,1.0,1625638
2026-05-08,NYSE:ELME,2.13,2.09,2.12,2.1,1.0,701217
2026-05-11,NYSE:ELME,2.08,2.01,2.07,2.01,1.0,2938230
2026-05-12,NYSE:ELME,2.04,2.0,2.01,2.02,1.0,1737776
2026-05-13,NYSE:ELME,2.06,2.02,2.02,2.03,1.0,3172366
2026-05-14,NYSE:ELME,2.05,2.01,2.04,2.01,1.0,1104180
2026-05-15,NYSE:ELME,2.025,2.0,2.01,2.01,1.0,943168
2026-05-18,NYSE:ELME,2.026,2.0,2.02,2.01,1.0,1164223
2026-05-19,NYSE:ELME,2.03,2.0,2.01,2.0,1.0,1051096
2026-05-20,NYSE:ELME,2.02,2.0,2.0,2.02,1.0,597017
2026-05-21,NYSE:ELME,2.03,2.01,2.02,2.02,1.0,453548
2026-05-22,NYSE:ELME,2.04,2.01,2.01,2.03,1.0,514457
2026-05-26,NYSE:ELME,2.03,2.0,2.03,2.0,1.0,467177
2026-05-27,NYSE:ELME,2.02,1.98,2.0,2.0,1.0,1829920
2026-05-28,NYSE:ELME,2.02,1.995,2.0,2.01,1.0,677221
2026-05-29,NYSE:ELME,2.07,2.02,2.03,2.05,1.0,2177091
2026-06-01,NYSE:ELME,2.06,2.03,2.04,2.05,1.0,952164
2026-06-02,NYSE:ELME,2.056,2.025,2.04,2.04,1.0,1558273
2026-06-03,NYSE:ELME,2.05,2.02,2.04,2.02,1.0,1169408
2026-06-04,NYSE:ELME,2.07,2.03,2.03,2.05,1.0,820921
2026-06-05,NYSE:ELME,2.06,2.03,2.05,2.03,1.0,600844
2026-06-08,NYSE:ELME,2.05,2.03,2.04,2.04,1.0,588226
2026-06-09,NYSE:ELME,2.05,2.03,2.03,2.04,1.0,511512
2026-06-10,NYSE:ELME,2.05,2.03,2.04,2.04,1.0,662278
2026-06-11,NYSE:ELME,2.05,2.02,2.03,2.04,1.0,1350906
2026-06-12,NYSE:ELME,2.0586,2.03,2.05,2.03,1.0,916260
2026-06-15,NYSE:ELME,2.06,2.02,2.06,2.02,1.0,1191993
2026-06-16,NYSE:ELME,2.045,2.02,2.04,2.02,1.0,960655
2026-06-17,NYSE:ELME,2.04,2.01,2.02,2.01,1.0,1395125
2026-06-18,NYSE:ELME,2.03,2.01,2.02,2.01,1.0,1689891
2026-06-22,NYSE:ELME,2.02,2.01,2.01,2.01,1.0,880045
2026-06-23,NYSE:ELME,2.04,2.01,2.01,2.02,1.0,1065002
2026-06-24,NYSE:ELME,2.035,2.02,2.03,2.02,1.0,1040659
2026-06-25,NYSE:ELME,1.52,1.26,1.48,1.35,1.0,16979957
2026-06-26,NYSE:ELME,1.485,1.375,1.38,1.48,1.0,3500717
2026-06-29,NYSE:ELME,1.48,1.45,1.48,1.45,1.0,749133
2026-06-30,NYSE:ELME,1.52,1.45,1.45,1.48,1.0,1482204
2026-07-01,NYSE:ELME,1.575,1.4723,1.49,1.54,1.0,4867666
2026-07-02,NYSE:ELME,1.62,1.52,1.52,1.59,1.0,2632130
2026-07-06,NYSE:ELME,1.61,1.51,1.59,1.55,1.0,976143
2026-07-07,NYSE:ELME,1.6,1.545,1.56,1.56,1.0,1405615
2026-07-08,NYSE:ELME,1.57,1.54,1.57,1.55,1.0,572701
2026-07-09,NYSE:ELME,1.57,1.54,1.55,1.54,1.0,803152
2026-07-10,NYSE:ELME,1.56,1.51,1.54,1.52,1.0,1200092
2026-07-13,NYSE:ELME,1.56,1.5,1.5,1.52,1.0,1072657
2026-07-14,NYSE:ELME,1.55,1.51,1.54,1.54,1.0,895084
2026-07-15,NYSE:ELME,1.545,1.49,1.52,1.51,1.0,6665600
2026-07-16,NYSE:ELME,1.56,1.51,1.52,1.54,1.0,1096047
2026-07-17,NYSE:ELME,1.54,1.5,1.52,1.52,1.0,1759650
2026-07-20,NYSE:ELME,1.54,1.5,1.5,1.5,1.0,584116
2026-07-21,NYSE:ELME,1.52,1.49,1.5,1.51,1.0,392360
2026-07-22,NYSE:ELME,1.525,1.49,1.5,1.49,1.0,515839
2026-07-23,NYSE:ELME,1.5,1.46,1.49,1.47,1.0,771779
2026-07-24,NYSE:ELME,1.52,1.47,1.47,1.49,1.0,1843329
2026-07-27,NYSE:ELME,1.64,1.59,1.62,1.62,1.0,3077744
2026-07-28,NYSE:ELME,1.63,1.59,1.63,1.6,1.0,1762209
2026-07-29,NYSE:ELME,1.63,1.6,1.62,1.63,1.0,884350
2026-07-30,NYSE:ELME,1.63,1.6,1.63,1.62,1.0,513827
2026-07-31,NYSE:ELME,1.63,1.6,1.63,1.61,1.0,347160
2026-08-03,NYSE:ELME,1.67,1.62,1.63,1.64,1.0,739838
2026-08-04,NYSE:ELME,1.65,1.62,1.63,1.62,1.0,444849
2026-08-05,NYSE:ELME,1.64,1.615,1.63,1.64,1.0,242716
2026-08-06,NYSE:ELME,1.65,1.62,1.62,1.63,1.0,648958
2026-08-07,NYSE:ELME,1.6389,1.62,1.62,1.62,1.0,510141
2026-08-10,NYSE:ELME,1.6389,1.61,1.63,1.62,1.0,778033
2026-08-11,NYSE:ELME,1.63,1.61,1.61,1.62,1.0,343242
2026-08-12,NYSE:ELME,1.64,1.6129,1.64,1.62,1.0,274684
2026-08-13,NYSE:ELME,1.645,1.62,1.63,1.62,1.0,421427
2026-08-14,NYSE:ELME,1.64,1.62,1.64,1.62,1.0,208831
2026-08-17,NYSE:ELME,1.625,1.61,1.62,1.61,1.0,260400
2026-08-18,NYSE:ELME,1.62,1.61,1.62,1.61,1.0,175605
2026-08-19,NYSE:ELME,1.635,1.61,1.62,1.62,1.0,398517
2026-08-20,NYSE:ELME,1.63,1.61,1.61,1.62,1.0,267243
2026-08-21,NYSE:ELME,1.69,1.66,1.67,1.66,1.0,1276831
2026-08-24,NYSE:ELME,1.685,1.66,1.68,1.68,1.0,388038
2026-08-25,NYSE:ELME,1.69,1.66,1.69,1.69,1.0,758969
2026-08-26,NYSE:ELME,1.69,1.67,1.68,1.67,1.0,1216048
2026-08-27,NYSE:ELME,1.68,1.66,1.67,1.67,1.0,546459
2026-08-28,NYSE:ELME,1.68,1.66,1.66,1.68,1.0,546635
2026-08-31,NYSE:ELME,1.68,1.66,1.66,1.68,1.0,437373
2026-09-01,NYSE:ELME,1.71,1.67,1.69,1.68,1.0,922735
2026-09-02,NYSE:ELME,1.69,1.675,1.68,1.69,1.0,371673
2026-09-03,NYSE:ELME,1.69,1.675,1.69,1.68,1.0,274203
2026-04-06,NYSE:SITC,5.43,5.35,5.37,5.41,1.0,521908
2026-04-07,NYSE:SITC,5.485,5.39,5.39,5.42,1.0,753927
2026-04-08,NYSE:SITC,5.55,5.395,5.55,5.42,1.0,898124
2026-04-09,NYSE:SITC,5.44,5.32,5.36,5.35,1.0,735751
2026-04-10,NYSE:SITC,5.4,5.32,5.34,5.36,1.0,600319
2026-04-13,NYSE:SITC,5.34,5.24,5.33,5.26,1.0,653899
2026-04-14,NYSE:SITC,5.35,5.25,5.25,5.3,1.0,740945
2026-04-15,NYSE:SITC,5.365,5.29,5.3,5.34,1.0,551096
2026-04-16,NYSE:SITC,5.48,5.35,5.35,5.45,1.0,570727
2026-04-17,NYSE:SITC,5.585192,5.49,5.49,5.58,1.0,562470
2026-04-20,NYSE:SITC,5.59,5.535,5.55,5.58,1.0,379404
2026-04-21,NYSE:SITC,5.58,5.41,5.57,5.42,1.0,336970
2026-04-22,NYSE:SITC,5.48,5.375,5.48,5.41,1.0,480838
2026-04-23,NYSE:SITC,5.465,5.375,5.4,5.44,1.0,604481
2026-04-24,NYSE:SITC,5.57,5.4,5.41,5.57,1.0,591727
2026-04-27,NYSE:SITC,5.61,5.49,5.5,5.53,1.0,335986
2026-04-28,NYSE:SITC,5.63,5.55,5.55,5.61,1.0,379119
2026-04-29,NYSE:SITC,5.61,5.44,5.57,5.46,1.0,534926
2026-04-30,NYSE:SITC,5.515,5.42,5.51,5.49,1.0,528070
2026-05-01,NYSE:SITC,5.5852,5.48,5.51,5.56,1.0,482164
2026-05-04,NYSE:SITC,5.595,5.465,5.52,5.48,1.0,472328
2026-05-05,NYSE:SITC,5.63,5.46,5.48,5.61,1.0,557503
2026-05-06,NYSE:SITC,5.69,5.62,5.62,5.62,1.0,473800
2026-05-07,NYSE:SITC,5.705,5.58,5.63,5.6,1.0,458426
2026-05-08,NYSE:SITC,5.645,5.29,5.35,5.55,1.0,603656
2026-05-11,NYSE:SITC,5.655,5.52,5.55,5.61,1.0,481685
2026-05-12,NYSE:SITC,5.63,5.52,5.58,5.55,1.0,351938
2026-05-13,NYSE:SITC,5.5499,5.39,5.51,5.41,1.0,438698
2026-05-14,NYSE:SITC,5.47,5.4,5.45,5.43,1.0,344356
2026-05-15,NYSE:SITC,5.4,5.32,5.4,5.39,1.0,637934
2026-05-18,NYSE:SITC,5.5014,5.38,5.38,5.45,1.0,459985
2026-05-19,NYSE:SITC,5.49,5.4,5.46,5.44,1.0,636855
2026-05-20,NYSE:SITC,5.515,5.4,5.42,5.5,1.0,564043
2026-05-21,NYSE:SITC,5.5,5.38,5.5,5.39,1.0,740842
2026-05-22,NYSE:SITC,5.43,5.33,5.42,5.35,1.0,783829
2026-05-26,NYSE:SITC,5.415,5.25,5.35,5.29,1.0,776632
2026-05-27,NYSE:SITC,5.355,5.175,5.33,5.19,1.0,759690
2026-05-28,NYSE:SITC,5.26,5.155,5.2,5.2,1.0,777712
2026-05-29,NYSE:SITC,5.235,5.04,5.2,5.05,1.0,874096
2026-06-01,NYSE:SITC,5.0279,4.86,5.0,4.9,1.0,790316
2026-06-02,NYSE:SITC,4.96,4.87,4.87,4.93,1.0,683842
2026-06-03,NYSE:SITC,4.96,4.855,4.94,4.88,1.0,722703
2026-06-04,NYSE:SITC,4.995,4.895,4.96,4.95,1.0,494194
2026-06-05,NYSE:SITC,5.045,4.96,4.97,4.99,1.0,397736
2026-06-08,NYSE:SITC,5.035,4.96,4.99,4.97,1.0,630129
2026-06-09,NYSE:SITC,5.09,4.96,4.96,5.06,1.0,953759
2026-06-10,NYSE:SITC,5.135,5.03,5.07,5.03,1.0,508281
2026-06-11,NYSE:SITC,5.08,5.01,5.07,5.01,1.0,470603
2026-06-12,NYSE:SITC,5.05,4.89,5.02,4.94,1.0,502749
2026-06-15,NYSE:SITC,4.9976,4.805,4.94,4.83,1.0,486828
2026-06-16,NYSE:SITC,4.8796,4.77,4.86,4.81,1.0,543085
2026-06-17,NYSE:SITC,4.825,4.675,4.79,4.72,1.0,532847
2026-06-18,NYSE:SITC,4.81,4.72,4.72,4.77,1.0,1804977
2026-06-22,NYSE:SITC,4.85,4.69,4.69,4.71,1.0,687809
2026-06-23,NYSE:SITC,4.79,4.695,4.74,4.72,1.0,1131164
2026-06-24,NYSE:SITC,4.825,4.745,4.76,4.77,1.0,450590
2026-06-25,NYSE:SITC,4.8,4.585,4.7,4.59,1.0,599959
2026-06-26,NYSE:SITC,4.65,4.51,4.62,4.51,1.0,3689881
2026-06-29,NYSE:SITC,4.56,4.12,4.56,4.14,1.0,1547084
2026-06-30,NYSE:SITC,4.1,3.91,4.08,3.97,1.0,1617418
2026-07-01,NYSE:SITC,4.505,4.17,4.17,4.46,1.0,1953932
2026-07-02,NYSE:SITC,4.6,4.43,4.45,4.49,1.0,1538908
2026-07-06,NYSE:SITC,4.525,4.25,4.5,4.25,1.0,1766722
2026-07-07,NYSE:SITC,4.455,4.255,4.3,4.35,1.0,2615731
2026-07-08,NYSE:SITC,4.31,4.16,4.3,4.18,1.0,953548
2026-07-09,NYSE:SITC,4.275,4.16,4.17,4.21,1.0,829779
2026-07-10,NYSE:SITC,4.295,4.17,4.23,4.29,1.0,512890
2026-07-13,NYSE:SITC,4.386,4.26,4.27,4.27,1.0,1299910
2026-07-14,NYSE:SITC,4.255,4.155,4.23,4.23,1.0,890642
2026-07-15,NYSE:SITC,4.35,4.21,4.22,4.34,1.0,606217
2026-07-16,NYSE:SITC,4.45,4.33,4.33,4.42,1.0,853410
2026-07-17,NYSE:SITC,4.565,4.395,4.41,4.48,1.0,610448
2026-07-20,NYSE:SITC,4.47,4.41,4.44,4.41,1.0,335207
2026-07-21,NYSE:SITC,4.41,4.275,4.36,4.38,1.0,729051
2026-07-22,NYSE:SITC,4.4,4.22,4.4,4.27,1.0,517407
2026-07-23,NYSE:SITC,4.275,4.205,4.22,4.26,1.0,462492
2026-07-24,NYSE:SITC,4.39,4.26,4.27,4.38,1.0,516442
2026-07-27,NYSE:SITC,4.51,4.395,4.42,4.43,1.0,589519
2026-07-28,NYSE:SITC,4.53,4.43,4.43,4.47,1.0,520399
2026-07-29,NYSE:SITC,4.49,4.435,4.47,4.49,1.0,402614
2026-07-30,NYSE:SITC,4.5,4.265,4.49,4.33,1.0,422176
2026-07-31,NYSE:SITC,4.35,4.225,4.32,4.28,1.0,792789
2026-08-03,NYSE:SITC,3.395,3.3,3.32,3.31,1.0,1208058
2026-08-04,NYSE:SITC,3.2108,2.89,3.03,3.17,1.0,2581298
2026-08-05,NYSE:SITC,3.3,3.105,3.16,3.28,1.0,1444077
2026-08-06,NYSE:SITC,3.29,3.04,3.29,3.13,1.0,1632457
2026-08-07,NYSE:SITC,3.1899,3.1,3.12,3.15,1.0,801391
2026-08-10,NYSE:SITC,3.13,3.005,3.13,3.02,1.0,776615
2026-08-11,NYSE:SITC,3.04,2.96,3.04,2.96,1.0,1192379
2026-08-12,NYSE:SITC,3.02,2.96,2.99,2.98,1.0,779894
2026-08-13,NYSE:SITC,3.03,2.98,2.98,3.02,1.0,859669
2026-08-14,NYSE:SITC,3.03,2.95,3.0,2.96,1.0,746647
2026-08-17,NYSE:SITC,2.98,2.89,2.95,2.97,1.0,1008832
2026-08-18,NYSE:SITC,3.05,2.965,2.97,3.03,1.0,811950
2026-08-19,NYSE:SITC,3.08,3.01,3.03,3.03,1.0,681769
2026-08-20,NYSE:SITC,3.065,3.0009,3.05,3.02,1.0,569824
2026-08-21,NYSE:SITC,3.08,3.01,3.04,3.07,1.0,579676
2026-08-24,NYSE:SITC,3.11,3.02,3.08,3.07,1.0,965163
2026-08-25,NYSE:SITC,3.085,2.98,3.08,2.98,1.0,784061
2026-08-26,NYSE:SITC,3.055,2.955,2.98,3.03,1.0,952641
2026-08-27,NYSE:SITC,3.02,2.97,3.01,2.98,1.0,879856
2026-08-28,NYSE:SITC,3.045,2.945,3.03,2.99,1.0,1548453
2026-08-31,NYSE:SITC,3.005,2.93,2.99,2.95,1.0,1455847
2026-09-01,NYSE:SITC,3.02,2.9,2.95,2.9,1.0,1191644
2026-09-02,NYSE:SITC,2.99,2.9,2.9,2.93,1.0,635657
2026-09-03,NYSE:SITC,2.955,2.86,2.955,2.875,1.0,663926
2026-04-06,NASDAQ:AVGO,316.4,310.28,315.06,314.43,1.0,12111344
2026-04-07,NASDAQ:AVGO,334.15,321.8,326.73,333.97,1.0,33310926
2026-04-08,NASDAQ:AVGO,354.14,342.53,351.75,350.63,1.0,31573114
2026-04-09,NASDAQ:AVGO,358.7,351.5,352.3,354.91,1.0,20514938
2026-04-10,NASDAQ:AVGO,376.55,360.82,360.94,371.55,1.0,29958080
2026-04-13,NASDAQ:AVGO,380.86,369.48,369.66,379.75,1.0,24115842
2026-04-14,NASDAQ:AVGO,382.28,376.32,377.9,380.78,1.0,24423034
2026-04-15,NASDAQ:AVGO,397.08,385.57,389.88,396.72,1.0,29559299
2026-04-16,NASDAQ:AVGO,399.68,392.35,395.0,398.47,1.0,18872895
2026-04-17,NASDAQ:AVGO,406.725,399.81,400.9,406.54,1.0,20581701
2026-04-20,NASDAQ:AVGO,406.42,395.9,405.7,399.63,1.0,16922033
2026-04-21,NASDAQ:AVGO,403.6,394.57,399.41,402.17,1.0,16275473
2026-04-22,NASDAQ:AVGO,423.2,404.86,406.98,422.65,1.0,23702546
2026-04-23,NASDAQ:AVGO,429.31,417.8,422.39,419.94,1.0,19501553
2026-04-24,NASDAQ:AVGO,425.0,408.86,424.98,422.76,1.0,22491076
2026-04-27,NASDAQ:AVGO,422.75,414.63,420.475,418.2,1.0,17451598
2026-04-28,NASDAQ:AVGO,405.81,394.65,400.305,399.83,1.0,25519212
2026-04-29,NASDAQ:AVGO,405.64,396.78,403.5,405.45,1.0,15962458
2026-04-30,NASDAQ:AVGO,418.38,404.2301,415.52,417.43,1.0,21821575
2026-05-01,NASDAQ:AVGO,423.17,413.28,415.092,421.28,1.0,11882589
2026-05-04,NASDAQ:AVGO,423.83,409.53,418.215,416.5,1.0,15140433
2026-05-05,NASDAQ:AVGO,433.39,419.35,421.66,427.36,1.0,21175177
2026-05-06,NASDAQ:AVGO,437.68,417.78,435.56,425.44,1.0,20707022
2026-05-07,NASDAQ:AVGO,426.49,406.3,421.82,412.56,1.0,22791741
2026-05-08,NASDAQ:AVGO,435.0,414.0,419.8,430.0,1.0,22561421
2026-05-11,NASDAQ:AVGO,433.6463,425.0501,427.615,428.43,1.0,16825489
2026-05-12,NASDAQ:AVGO,429.34,408.41,423.43,419.3,1.0,19004345
2026-05-13,NASDAQ:AVGO,418.63,404.8,415.805,416.79,1.0,16981163
2026-05-14,NASDAQ:AVGO,442.36,415.59,416.73,439.79,1.0,19733760
2026-05-15,NASDAQ:AVGO,432.81,419.8,432.81,425.19,1.0,18957093
2026-05-18,NASDAQ:AVGO,422.01,414.37,421.41,420.71,1.0,17863287
2026-05-19,NASDAQ:AVGO,417.9499,405.86,409.815,411.07,1.0,20652068
2026-05-20,NASDAQ:AVGO,424.17,411.42,412.81,417.76,1.0,15740503
2026-05-21,NASDAQ:AVGO,422.25,410.5,413.55,414.57,1.0,16865293
2026-05-22,NASDAQ:AVGO,419.99,410.21,417.49,414.14,1.0,14086441
2026-05-26,NASDAQ:AVGO,435.31,417.0,418.5,422.01,1.0,22562895
2026-05-27,NASDAQ:AVGO,432.8,416.49,425.07,421.86,1.0,17601013
2026-05-28,NASDAQ:AVGO,429.68,414.01,421.14,426.58,1.0,17855573
2026-05-29,NASDAQ:AVGO,448.9,431.4707,432.95,446.77,1.0,41798353
2026-06-01,NASDAQ:AVGO,466.05,442.22,450.09,459.97,1.0,30585993
2026-06-02,NASDAQ:AVGO,488.82,470.459,488.79,481.57,1.0,38306651
2026-06-03,NASDAQ:AVGO,495.0,472.64,494.775,479.23,1.0,50126446
2026-06-04,NASDAQ:AVGO,426.48,403.0101,408.99,418.91,1.0,80979446
2026-06-05,NASDAQ:AVGO,410.5,385.59,407.605,385.73,1.0,51146089
2026-06-08,NASDAQ:AVGO,402.838,391.35,402.62,396.6,1.0,37098978
2026-06-09,NASDAQ:AVGO,407.87,370.33,401.61,392.16,1.0,37026896
2026-06-10,NASDAQ:AVGO,385.81,371.165,381.495,372.1,1.0,38193450
2026-06-11,NASDAQ:AVGO,389.5,370.55,372.82,385.57,1.0,35187584
2026-06-12,NASDAQ:AVGO,384.9799,377.0,383.72,382.07,1.0,27630074
2026-06-15,NASDAQ:AVGO,396.2,388.6,395.51,393.94,1.0,32394178
2026-06-16,NASDAQ:AVGO,391.79,376.46,390.21,376.71,1.0,31573669
2026-06-17,NASDAQ:AVGO,400.65,382.65,388.705,392.9,1.0,40005503
2026-06-18,NASDAQ:AVGO,412.7,405.38,409.58,411.35,1.0,45076052
2026-06-22,NASDAQ:AVGO,414.64,391.91,413.66,392.13,1.0,26403669
2026-06-23,NASDAQ:AVGO,391.02,376.6637,377.865,380.15,1.0,33122248
2026-06-24,NASDAQ:AVGO,388.74,376.96,386.62,382.07,1.0,29938732
2026-06-25,NASDAQ:AVGO,388.79900000000004,372.7,386.575,378.91,1.0,23412031
2026-06-26,NASDAQ:AVGO,373.69,363.83,370.45,365.02,1.0,34839253
2026-06-29,NASDAQ:AVGO,376.2099,360.46,373.615,372.45,1.0,24285239
2026-06-30,NASDAQ:AVGO,379.62,370.64,374.79,377.75,1.0,28517368
2026-07-01,NASDAQ:AVGO,373.75,368.03,371.87,369.34,1.0,23712608
2026-07-02,NASDAQ:AVGO,374.0,356.43,365.725,360.45,1.0,26788850
2026-07-06,NASDAQ:AVGO,383.16,371.18,373.61,373.9,1.0,24543998
2026-07-07,NASDAQ:AVGO,372.9599,362.01,366.555,370.78,1.0,24116688
2026-07-08,NASDAQ:AVGO,395.09,376.89,377.52,388.69,1.0,31624070
2026-07-09,NASDAQ:AVGO,407.52,387.93,402.19,401.11,1.0,28073957
2026-07-10,NASDAQ:AVGO,402.44,395.7,398.5,399.97,1.0,14595928
2026-07-13,NASDAQ:AVGO,395.745,383.42,393.475,384.05,1.0,21294509
2026-07-14,NASDAQ:AVGO,397.33,384.6404,395.72,389.11,1.0,20118722
2026-07-15,NASDAQ:AVGO,399.0,386.74,396.09,394.28,1.0,16324127
2026-07-16,NASDAQ:AVGO,386.74,371.9,384.535,374.45,1.0,23407244
2026-07-17,NASDAQ:AVGO,377.35,357.8,366.045,370.825,1.0,23272208
2026-07-20,NASDAQ:AVGO,383.59,375.96,378.76,378.16,1.0,14420450
2026-07-21,NASDAQ:AVGO,390.5834,379.22,390.21,386.5,1.0,17291139
2026-07-22,NASDAQ:AVGO,398.585,380.0,380.2,396.81,1.0,16966188
2026-07-23,NASDAQ:AVGO,397.61,386.82,392.19,392.47,1.0,16348682
2026-07-24,NASDAQ:AVGO,389.27,378.75,387.68,381.92,1.0,15149396
2026-07-27,NASDAQ:AVGO,389.9,373.5,389.815,383.22,1.0,18502121
2026-07-28,NASDAQ:AVGO,385.8,371.52,374.36,380.91,1.0,20328406
2026-07-29,NASDAQ:AVGO,386.12,369.5101,380.635,370.32,1.0,21374407
2026-07-30,NASDAQ:AVGO,388.68,377.54,380.35,387.84,1.0,23639844
2026-07-31,NASDAQ:AVGO,399.92,379.71,394.83,389.28,1.0,20391003
2026-08-03,NASDAQ:AVGO,392.605,374.61,384.405,392.23,1.0,17315081
2026-08-04,NASDAQ:AVGO,422.065,400.68,402.97,418.16,1.0,29564242
2026-08-05,NASDAQ:AVGO,427.0,416.89,421.7,418.28,1.0,16880445
2026-08-06,NASDAQ:AVGO,428.03,410.76,420.545,420.565,1.0,13907544
2026-08-07,NASDAQ:AVGO,430.84,421.61,428.4,427.76,1.0,14698252
2026-08-10,NASDAQ:AVGO,432.73,420.16,426.99,422.4,1.0,13854127
2026-08-11,NASDAQ:AVGO,426.76,413.23,426.07,416.08,1.0,12882657
2026-08-12,NASDAQ:AVGO,426.5,414.61,426.255,416.05,1.0,15859206
2026-08-13,NASDAQ:AVGO,424.92,411.41,415.805,417.82,1.0,13180478
2026-08-14,NASDAQ:AVGO,412.5,388.5,411.96,392.99,1.0,29513597
2026-08-17,NASDAQ:AVGO,399.36,391.31,397.26,392.43,1.0,20042639
2026-08-18,NASDAQ:AVGO,385.7821,377.01,384.315,380.0,1.0,22878198
2026-08-19,NASDAQ:AVGO,373.91,357.6101,372.4,362.48,1.0,35091374
2026-08-20,NASDAQ:AVGO,367.12,362.2501,364.39,364.03,1.0,19729827
2026-08-21,NASDAQ:AVGO,375.13,365.05,370.69,368.45,1.0,19037140
2026-08-24,NASDAQ:AVGO,366.17,358.71,364.965,358.76,1.0,18717229
2026-08-25,NASDAQ:AVGO,362.99,355.31,361.1,356.74,1.0,18014884
2026-08-26,NASDAQ:AVGO,359.4699,350.06,357.12,355.59,1.0,19196259
2026-08-27,NASDAQ:AVGO,371.72,360.61,361.79,371.54,1.0,21329954
2026-08-28,NASDAQ:AVGO,376.59,365.3513,373.6,368.79,1.0,16596066
2026-08-31,NASDAQ:AVGO,372.75,366.3,369.52,370.34,1.0,21947988
2026-09-01,NASDAQ:AVGO,371.4,362.0,364.25,369.68,1.0,19288937
2026-09-02,NASDAQ:AVGO,371.09,364.65,369.68,367.24,1.0,38874578
2026-04-06,NYSE:GE,288.79,278.57,280.55,288.69,1.0,5062783
2026-04-07,NYSE:GE,290.1,283.115,285.5,288.6,1.0,5280523
2026-04-08,NYSE:GE,313.13,305.3,309.92,308.06,1.0,6432947
2026-04-09,NYSE:GE,315.05,304.15,306.0,313.02,1.0,5470846
2026-04-10,NYSE:GE,313.47,306.42,313.075,308.35,1.0,3685075
2026-04-13,NYSE:GE,312.15,304.32,306.43,311.9,1.0,3811524
2026-04-14,NYSE:GE,319.14,313.02,315.01,318.0,1.0,3530123
2026-04-15,NYSE:GE,318.58,311.4,316.44,313.93,1.0,3993675
2026-04-16,NYSE:GE,313.95,297.86,313.57,298.29,1.0,7373302
2026-04-17,NYSE:GE,314.0,303.85,310.13,304.13,1.0,7733130
2026-04-20,NYSE:GE,305.47,298.407,303.88,303.6,1.0,5315238
2026-04-21,NYSE:GE,304.3,284.21,293.575,286.73,1.0,12891514
2026-04-22,NYSE:GE,287.8,268.91,286.65,276.29,1.0,12777736
2026-04-23,NYSE:GE,282.94,273.36,276.49,282.34,1.0,8591060
2026-04-24,NYSE:GE,286.13,277.18,280.61,284.6,1.0,9672326
2026-04-27,NYSE:GE,284.87,280.1,282.81,284.56,1.0,5213319
2026-04-28,NYSE:GE,289.41,280.55,283.37,289.2,1.0,8417195
2026-04-29,NYSE:GE,289.94,279.59,287.21,283.57,1.0,9819435
2026-04-30,NYSE:GE,291.57,284.83,285.01,289.93,1.0,7603441
2026-05-01,NYSE:GE,291.76,286.24,289.05,286.51,1.0,3782915
2026-05-04,NYSE:GE,289.84,279.41,286.4,280.52,1.0,6133142
2026-05-05,NYSE:GE,290.66,281.61,282.48,286.68,1.0,6401124
2026-05-06,NYSE:GE,308.37,299.86,300.43,305.83,1.0,9168303
2026-05-07,NYSE:GE,310.0,301.86,308.01,302.63,1.0,5477769
2026-05-08,NYSE:GE,305.41,296.83,304.45,297.15,1.0,3952214
2026-05-11,NYSE:GE,303.07,292.85,296.03,300.77,1.0,4561956
2026-05-12,NYSE:GE,300.91,293.3,299.72,297.45,1.0,4393309
2026-05-13,NYSE:GE,298.4,291.31,295.97,294.71,1.0,4219931
2026-05-14,NYSE:GE,297.85,289.08,295.03,291.54,1.0,4686235
2026-05-15,NYSE:GE,288.31,281.31,287.49,281.53,1.0,5022486
2026-05-18,NYSE:GE,287.24,282.04,283.39,285.99,1.0,4696219
2026-05-19,NYSE:GE,287.42,282.62,284.79,285.28,1.0,5239411
2026-05-20,NYSE:GE,300.45,286.18,289.0,300.17,1.0,6026269
2026-05-21,NYSE:GE,302.88,294.75,298.5,301.76,1.0,4928288
2026-05-22,NYSE:GE,306.3,300.25,303.25,302.84,1.0,3504050
2026-05-26,NYSE:GE,314.98,306.345,306.35,314.49,1.0,5088367
2026-05-27,NYSE:GE,320.48,311.95,314.3,317.21,1.0,4789710
2026-05-28,NYSE:GE,322.32,314.29,316.77,320.82,1.0,5025514
2026-05-29,NYSE:GE,325.92,316.58,319.33,323.76,1.0,9347285
2026-06-01,NYSE:GE,326.4,314.92,321.48,324.6,1.0,4633490
2026-06-02,NYSE:GE,325.03,316.66,323.0,317.72,1.0,4827568
2026-06-03,NYSE:GE,319.55,311.0,313.44,314.64,1.0,4127049
2026-06-04,NYSE:GE,329.46,316.25,316.67,327.65,1.0,4243356
2026-06-05,NYSE:GE,332.485,322.53,326.9,328.0,1.0,3951484
2026-06-08,NYSE:GE,332.015,321.04,329.57,322.04,1.0,3152139
2026-06-09,NYSE:GE,331.31,320.02,324.65,330.44,1.0,4825257
2026-06-10,NYSE:GE,330.57,318.25,329.49,318.71,1.0,3777766
2026-06-11,NYSE:GE,332.92,319.76,320.56,332.76,1.0,4451191
2026-06-12,NYSE:GE,336.86,328.47,334.56,335.3,1.0,4377475
2026-06-15,NYSE:GE,348.9,341.96,343.45,342.26,1.0,5252659
2026-06-16,NYSE:GE,352.88,344.04,344.04,351.73,1.0,5210321
2026-06-17,NYSE:GE,362.33,350.0,352.105,357.03,1.0,5029381
2026-06-18,NYSE:GE,364.7,357.1,362.85,357.64,1.0,7763392
2026-06-22,NYSE:GE,361.28,354.54,357.64,355.12,1.0,5426729
2026-06-23,NYSE:GE,359.92,347.7684,349.28,356.47,1.0,4735236
2026-06-24,NYSE:GE,369.25,355.6571,356.84,365.88,1.0,6453721
2026-06-25,NYSE:GE,379.67,366.51,367.645,371.36,1.0,7592286
2026-06-26,NYSE:GE,371.44,363.82,368.4,369.0,1.0,8361163
2026-06-29,NYSE:GE,376.0,367.47,367.82,373.71,1.0,6071493
2026-06-30,NYSE:GE,376.82,368.74,374.61,373.73,1.0,4887485
2026-07-01,NYSE:GE,376.6899,371.38,375.03,374.94,1.0,3951404
2026-07-02,NYSE:GE,382.97,374.37,379.79,377.52,1.0,3275341
2026-07-06,NYSE:GE,380.29,373.835,377.17,378.68,1.0,4065424
2026-07-07,NYSE:GE,377.9,363.63,377.4,366.98,1.0,4263065
2026-07-08,NYSE:GE,363.01,354.25,360.12,356.03,1.0,4214899
2026-07-09,NYSE:GE,362.26,357.87,361.59,359.04,1.0,3045485
2026-07-10,NYSE:GE,360.69,353.75,356.81,359.27,1.0,2335067
2026-07-13,NYSE:GE,358.7,352.03,356.17,353.42,1.0,2668923
2026-07-14,NYSE:GE,359.2,352.57,355.01,353.73,1.0,4416152
2026-07-15,NYSE:GE,360.63,353.35,355.6,360.35,1.0,5429324
2026-07-16,NYSE:GE,354.27,336.53,353.215,345.73,1.0,6883636
2026-07-17,NYSE:GE,357.06,343.02,346.99,348.83,1.0,5596251
2026-07-20,NYSE:GE,357.095,339.89,353.795,341.3,1.0,3887093
2026-07-21,NYSE:GE,346.25,340.01,345.0,340.7,1.0,3938607
2026-07-22,NYSE:GE,345.195,340.365,340.71,341.19,1.0,4200133
2026-07-23,NYSE:GE,349.72,338.6,340.0,349.0,1.0,3823554
2026-07-24,NYSE:GE,359.99,350.2,350.24,353.73,1.0,2958914
2026-07-27,NYSE:GE,365.5,356.06,359.86,361.61,1.0,3840186
2026-07-28,NYSE:GE,366.77,358.19,364.58,363.59,1.0,3626840
2026-07-29,NYSE:GE,362.7,348.8352,362.7,350.63,1.0,3726564
2026-07-30,NYSE:GE,356.62,347.66,354.75,355.04,1.0,3187847
2026-07-31,NYSE:GE,362.42,353.78,356.24,360.07,1.0,3151327
2026-08-03,NYSE:GE,369.95,360.965,363.79,368.93,1.0,3371942
2026-08-04,NYSE:GE,378.85,368.6,374.52,377.28,1.0,4183138
2026-08-05,NYSE:GE,384.51,378.7375,379.34,381.22,1.0,3160844
2026-08-06,NYSE:GE,388.84,372.79,383.97,374.55,1.0,3552935
2026-08-07,NYSE:GE,377.81,368.44,376.39,370.08,1.0,2527688
2026-08-10,NYSE:GE,372.26,364.84,371.52,366.7,1.0,3092284
2026-08-11,NYSE:GE,372.5574,366.4725,367.74,368.06,1.0,2286220
2026-08-12,NYSE:GE,370.2,363.2373,369.79,365.33,1.0,2180808
2026-08-13,NYSE:GE,367.08,359.55,367.0,360.64,1.0,2738417
2026-08-14,NYSE:GE,368.69,361.51,362.5,368.38,1.0,2966205
2026-08-17,NYSE:GE,372.3588,366.7613,367.87,369.43,1.0,5515355
2026-08-18,NYSE:GE,375.58,365.0,366.89,375.09,1.0,4927917
2026-08-19,NYSE:GE,374.555,355.98,373.52,356.23,1.0,4923412
2026-08-20,NYSE:GE,354.5,343.56,353.09,344.64,1.0,6056101
2026-08-21,NYSE:GE,351.86,346.41,347.54,348.37,1.0,3549169
2026-08-24,NYSE:GE,348.49,340.54,346.59,341.84,1.0,2665591
2026-08-25,NYSE:GE,350.0,344.22,345.945,349.54,1.0,3135495
2026-08-26,NYSE:GE,356.39,350.0,351.78,354.39,1.0,3038648
2026-08-27,NYSE:GE,353.495,339.6,352.79,342.73,1.0,5096588
2026-08-28,NYSE:GE,345.6299,341.27,345.085,342.58,1.0,2537469
2026-08-31,NYSE:GE,339.75,333.72,338.83,335.71,1.0,4477086
2026-09-01,NYSE:GE,336.25,329.51,333.71,331.09,1.0,3027850
2026-09-02,NYSE:GE,333.86,329.31,333.36,329.5,1.0,2691978
2026-09-03,NYSE:GE,334.44,329.32,331.55,333.48,1.0,2648980
2026-04-06,NASDAQ:STLD,180.75,174.22,178.64,176.53,1.0,686800
2026-04-07,NASDAQ:STLD,179.27,174.84,175.96,177.19,1.0,1036126
2026-04-08,NASDAQ:STLD,187.84,183.65,184.13,187.56,1.0,802437
2026-04-09,NASDAQ:STLD,190.32,186.38,186.71,190.0,1.0,899051
2026-04-10,NASDAQ:STLD,194.59,190.33,192.55,190.57,1.0,817630
2026-04-13,NASDAQ:STLD,195.55,189.31,189.38,195.47,1.0,924481
2026-04-14,NASDAQ:STLD,197.83,194.52,195.31,195.3,1.0,962537
2026-04-15,NASDAQ:STLD,195.78,191.15,194.13,194.11,1.0,1126771
2026-04-16,NASDAQ:STLD,197.75,194.11,194.11,195.75,1.0,783543
2026-04-17,NASDAQ:STLD,202.585,196.02,196.05,200.32,1.0,1207192
2026-04-20,NASDAQ:STLD,211.75,199.91,200.97,209.35,1.0,2212674
2026-04-21,NASDAQ:STLD,225.8399,211.13,211.99,220.21,1.0,2451338
2026-04-22,NASDAQ:STLD,228.19,222.46,224.16,227.46,1.0,1756598
2026-04-23,NASDAQ:STLD,229.0,222.0,228.15,225.05,1.0,1712390
2026-04-24,NASDAQ:STLD,228.07,220.66,225.13,226.79,1.0,1181645
2026-04-27,NASDAQ:STLD,227.57,223.24,225.8,225.04,1.0,892422
2026-04-28,NASDAQ:STLD,228.1699,220.81,224.86,226.96,1.0,1190147
2026-04-29,NASDAQ:STLD,228.96,223.3,227.005,224.37,1.0,864629
2026-04-30,NASDAQ:STLD,229.7799,222.13,224.56,228.66,1.0,1098792
2026-05-01,NASDAQ:STLD,230.94,225.9,228.58,229.27,1.0,941209
2026-05-04,NASDAQ:STLD,229.94,226.245,229.11,229.82,1.0,796601
2026-05-05,NASDAQ:STLD,238.735,231.0,232.43,237.46,1.0,1127844
2026-05-06,NASDAQ:STLD,243.725,238.0875,240.435,241.85,1.0,972082
2026-05-07,NASDAQ:STLD,242.99,231.54,242.99,232.92,1.0,1142248
2026-05-08,NASDAQ:STLD,237.34,232.05,234.55,235.1,1.0,896243
2026-05-11,NASDAQ:STLD,238.26,234.42,235.55,235.97,1.0,755928
2026-05-12,NASDAQ:STLD,235.1499,230.26,234.32,232.8,1.0,954261
2026-05-13,NASDAQ:STLD,238.07,233.1,233.62,237.08,1.0,1191120
2026-05-14,NASDAQ:STLD,238.85,232.39,238.79,234.68,1.0,937179
2026-05-15,NASDAQ:STLD,231.33,226.75,230.05,229.34,1.0,1020068
2026-05-18,NASDAQ:STLD,230.09,225.91,229.32,228.58,1.0,758505
2026-05-19,NASDAQ:STLD,224.56,219.03,223.28,223.37,1.0,1251209
2026-05-20,NASDAQ:STLD,228.49,222.34,224.52,228.3,1.0,930102
2026-05-21,NASDAQ:STLD,232.8,227.1025,228.05,231.84,1.0,798615
2026-05-22,NASDAQ:STLD,242.945,233.16,233.94,240.03,1.0,1187594
2026-05-26,NASDAQ:STLD,250.68,240.73,241.68,250.49,1.0,1069415
2026-05-27,NASDAQ:STLD,259.91,248.19,250.49,258.22,1.0,1282281
2026-05-28,NASDAQ:STLD,261.835,250.51,257.01,260.75,1.0,1256288
2026-05-29,NASDAQ:STLD,263.09,257.955,260.49,260.15,1.0,2119296
2026-06-01,NASDAQ:STLD,262.24,255.2,257.33,261.59,1.0,901538
2026-06-02,NASDAQ:STLD,273.55,260.33,263.32,271.41,1.0,1089848
2026-06-03,NASDAQ:STLD,277.79,267.34,271.73,275.13,1.0,1052436
2026-06-04,NASDAQ:STLD,280.4899,270.01,274.58,276.85,1.0,890067
2026-06-05,NASDAQ:STLD,276.18,265.62,273.89,268.5,1.0,1120527
2026-06-08,NASDAQ:STLD,270.49,265.43,270.01,267.2,1.0,1115698
2026-06-09,NASDAQ:STLD,273.0,259.52,273.0,269.8,1.0,870352
2026-06-10,NASDAQ:STLD,274.69,267.455,270.31,268.34,1.0,1225614
2026-06-11,NASDAQ:STLD,281.59,270.525,271.99,279.55,1.0,805193
2026-06-12,NASDAQ:STLD,285.88,279.65,283.74,282.76,1.0,799506
2026-06-15,NASDAQ:STLD,288.74,270.51,288.03,272.19,1.0,1614135
2026-06-16,NASDAQ:STLD,278.973,272.2,273.85,274.29,1.0,1239432
2026-06-17,NASDAQ:STLD,276.385,265.2,272.33,270.13,1.0,1146172
2026-06-18,NASDAQ:STLD,261.99,248.05,261.9,249.91,1.0,4526556
2026-06-22,NASDAQ:STLD,253.5,249.28,250.36,250.98,1.0,1510799
2026-06-23,NASDAQ:STLD,248.715,242.68,246.25,243.69,1.0,1678262
2026-06-24,NASDAQ:STLD,245.1678,239.519,243.61,241.43,1.0,976801
2026-06-25,NASDAQ:STLD,251.2,241.13,243.53,251.0,1.0,1122383
2026-06-26,NASDAQ:STLD,249.27,241.87,245.39,245.49,1.0,1667882
2026-06-29,NASDAQ:STLD,246.91,231.49,244.18,234.22,1.0,1247013
2026-06-30,NASDAQ:STLD,236.1167,228.97,235.54,229.46,1.0,1404654
2026-07-01,NASDAQ:STLD,226.86,218.73,226.112,221.76,1.0,1392844
2026-07-02,NASDAQ:STLD,224.395,216.36,220.6,220.39,1.0,1611311
2026-07-06,NASDAQ:STLD,227.45,219.19,220.39,227.07,1.0,994311
2026-07-07,NASDAQ:STLD,230.0,223.6,226.40200000000002,229.62,1.0,1244949
2026-07-08,NASDAQ:STLD,231.99,226.3,227.45,228.76,1.0,985160
2026-07-09,NASDAQ:STLD,230.5,221.52,230.03,222.06,1.0,934240
2026-07-10,NASDAQ:STLD,229.24,222.06,222.06,228.42,1.0,1145281
2026-07-13,NASDAQ:STLD,237.14,229.18,229.18,234.14,1.0,1117292
2026-07-14,NASDAQ:STLD,238.65,231.09,236.72,233.35,1.0,954318
2026-07-15,NASDAQ:STLD,236.945,230.61,233.81,235.56,1.0,810119
2026-07-16,NASDAQ:STLD,237.78,233.48,234.11,234.98,1.0,1287006
2026-07-17,NASDAQ:STLD,236.33,229.63,232.7,235.51,1.0,812173
2026-07-20,NASDAQ:STLD,237.37,228.77,235.89,230.49,1.0,1770205
2026-07-21,NASDAQ:STLD,239.99,231.955,239.07,233.52,1.0,1818117
2026-07-22,NASDAQ:STLD,241.55,234.935,235.83,238.64,1.0,1291226
2026-07-23,NASDAQ:STLD,246.43,238.19,240.47,240.57,1.0,1190789
2026-07-24,NASDAQ:STLD,247.68,239.21,240.94,247.11,1.0,862820
2026-07-27,NASDAQ:STLD,250.84,244.8757,246.49,250.27,1.0,1412646
2026-07-28,NASDAQ:STLD,261.395,250.0,250.3,259.74,1.0,1498107
2026-07-29,NASDAQ:STLD,265.55,250.92,265.19,252.34,1.0,1327930
2026-07-30,NASDAQ:STLD,255.31,248.0325,255.075,252.5,1.0,920042
2026-07-31,NASDAQ:STLD,255.23,250.3,255.23,251.26,1.0,902835
2026-08-03,NASDAQ:STLD,258.53,245.12,255.72,258.38,1.0,1037706
2026-08-04,NASDAQ:STLD,267.21,253.595,264.0,265.1,1.0,1659573
2026-08-05,NASDAQ:STLD,273.36,264.495,267.69,265.96,1.0,1104496
2026-08-06,NASDAQ:STLD,266.61,260.92,266.13,261.48,1.0,902948
2026-08-07,NASDAQ:STLD,262.76,255.8,261.37,262.45,1.0,995431
2026-08-10,NASDAQ:STLD,269.18,261.7,262.71,268.6,1.0,1229766
2026-08-11,NASDAQ:STLD,271.0,263.04,267.89,263.69,1.0,925946
2026-08-12,NASDAQ:STLD,264.88,260.24,264.88,263.18,1.0,705990
2026-08-13,NASDAQ:STLD,264.85,259.5,264.85,260.53,1.0,607964
2026-08-14,NASDAQ:STLD,263.23,255.11,262.14,255.77,1.0,891073
2026-08-17,NASDAQ:STLD,259.04,250.02,253.41,258.16,1.0,762499
2026-08-18,NASDAQ:STLD,257.215,249.09,256.22,249.81,1.0,973226
2026-08-19,NASDAQ:STLD,252.56,223.2,252.56,231.01,1.0,2477904
2026-08-20,NASDAQ:STLD,227.76,218.02,226.87,219.0,1.0,2252238
2026-08-21,NASDAQ:STLD,230.78,223.51,225.25,228.68,1.0,1999855
2026-08-24,NASDAQ:STLD,244.25,227.51,235.64,229.27,1.0,2077715
2026-08-25,NASDAQ:STLD,232.39,227.68,230.74,231.08,1.0,1318504
2026-08-26,NASDAQ:STLD,236.94,230.73,231.43,235.9,1.0,1205626
2026-08-27,NASDAQ:STLD,236.44,232.11,234.51,235.84,1.0,787724
2026-08-28,NASDAQ:STLD,239.37,232.02,237.14,234.665,1.0,670300
2026-08-31,NASDAQ:STLD,237.87,231.93,235.37,232.62,1.0,916344
2026-09-01,NASDAQ:STLD,236.11,229.04,229.115,234.09,1.0,664318
2026-09-02,NASDAQ:STLD,248.375,235.89,236.9,247.64,1.0,1192559
2026-09-03,NASDAQ:STLD,251.88,244.66,250.25,246.03,1.0,885140
2026-04-06,NASDAQ:JBIO,16.385,15.165,15.49,16.17,1.0,694704
2026-04-07,NASDAQ:JBIO,16.37,15.45,16.01,16.36,1.0,602277
2026-04-08,NASDAQ:JBIO,17.3923,16.42,17.0,16.76,1.0,502097
2026-04-09,NASDAQ:JBIO,18.375,16.33,16.33,18.23,1.0,1235210
2026-04-10,NASDAQ:JBIO,18.485,17.365,18.32,17.89,1.0,654492
2026-04-13,NASDAQ:JBIO,18.91,17.75,17.89,18.49,1.0,784887
2026-04-14,NASDAQ:JBIO,19.85,18.525,18.78,19.44,1.0,782257
2026-04-15,NASDAQ:JBIO,20.045,19.0601,19.32,19.26,1.0,289456
2026-04-16,NASDAQ:JBIO,22.015,18.93,19.18,21.88,1.0,673053
2026-04-17,NASDAQ:JBIO,23.335,21.54,22.31,22.85,1.0,703949
2026-04-20,NASDAQ:JBIO,23.54,22.2801,22.51,23.5,1.0,532251
2026-04-21,NASDAQ:JBIO,24.51,22.93,23.6,23.01,1.0,841589
2026-04-22,NASDAQ:JBIO,26.33,23.01,23.01,25.38,1.0,1261524
2026-04-23,NASDAQ:JBIO,25.85,24.58,25.26,25.21,1.0,683896
2026-04-24,NASDAQ:JBIO,26.735,23.8801,25.11,24.98,1.0,766639
2026-04-27,NASDAQ:JBIO,28.0,25.6,25.78,26.85,1.0,915753
2026-04-28,NASDAQ:JBIO,27.45,25.5,27.28,26.45,1.0,555984
2026-04-29,NASDAQ:JBIO,26.26,22.29,26.26,22.32,1.0,1195826
2026-04-30,NASDAQ:JBIO,25.05,22.09,22.36,24.4,1.0,595389
2026-05-01,NASDAQ:JBIO,24.795,23.71,24.27,24.23,1.0,613225
2026-05-04,NASDAQ:JBIO,25.49,23.86,23.98,24.52,1.0,538974
2026-05-05,NASDAQ:JBIO,25.395,24.154,24.77,25.26,1.0,295587
2026-05-06,NASDAQ:JBIO,26.135,24.67,25.51,25.13,1.0,638153
2026-05-07,NASDAQ:JBIO,25.18,23.35,24.98,24.22,1.0,380696
2026-05-08,NASDAQ:JBIO,26.61,23.82,23.82,25.81,1.0,697493
2026-05-11,NASDAQ:JBIO,26.83,24.68,26.46,24.86,1.0,449767
2026-05-12,NASDAQ:JBIO,25.25,24.145,24.51,25.23,1.0,366765
2026-05-13,NASDAQ:JBIO,25.71,24.68,25.11,25.07,1.0,214759
2026-05-14,NASDAQ:JBIO,25.37,23.965,25.3,24.13,1.0,196603
2026-05-15,NASDAQ:JBIO,24.81,22.14,23.38,23.355,1.0,555324
2026-05-18,NASDAQ:JBIO,23.64,21.68,23.36,22.01,1.0,374595
2026-05-19,NASDAQ:JBIO,22.96,20.93,21.45,21.88,1.0,931478
2026-05-20,NASDAQ:JBIO,23.72,21.85,22.13,23.34,1.0,595977
2026-05-21,NASDAQ:JBIO,24.0,22.59,23.55,23.46,1.0,368826
2026-05-22,NASDAQ:JBIO,23.91,22.165,23.56,22.21,1.0,372118
2026-05-26,NASDAQ:JBIO,22.81,21.51,21.55,21.71,1.0,606403
2026-05-27,NASDAQ:JBIO,22.355,20.99,21.88,21.5,1.0,385516
2026-05-28,NASDAQ:JBIO,21.62,20.33,21.56,20.84,1.0,528227
2026-05-29,NASDAQ:JBIO,21.67,20.425,20.91,21.04,1.0,1126067
2026-06-01,NASDAQ:JBIO,20.74,17.35,20.29,18.59,1.0,2689143
2026-06-02,NASDAQ:JBIO,19.43,17.31,19.01,17.75,1.0,993334
2026-06-03,NASDAQ:JBIO,18.05,17.34,17.51,17.59,1.0,558284
2026-06-04,NASDAQ:JBIO,18.84,15.93,17.58,17.74,1.0,3509096
2026-06-05,NASDAQ:JBIO,18.23,16.51,17.52,16.94,1.0,2600892
2026-06-08,NASDAQ:JBIO,17.39,14.9101,17.14,14.98,1.0,1466488
2026-06-09,NASDAQ:JBIO,15.374,14.28,15.1,15.22,1.0,1598187
2026-06-10,NASDAQ:JBIO,16.1899,15.015,15.19,15.26,1.0,1375102
2026-06-11,NASDAQ:JBIO,16.26,15.175,15.51,16.08,1.0,806446
2026-06-12,NASDAQ:JBIO,16.17,15.12,15.88,15.34,1.0,1046551
2026-06-15,NASDAQ:JBIO,16.375,15.58,16.0,16.1,1.0,1295790
2026-06-16,NASDAQ:JBIO,16.6,15.16,16.38,15.53,1.0,1324333
2026-06-17,NASDAQ:JBIO,16.89,15.27,15.74,16.87,1.0,738110
2026-06-18,NASDAQ:JBIO,17.62,16.4,17.37,16.82,1.0,4785524
2026-06-22,NASDAQ:JBIO,20.09,17.54,17.9,19.45,1.0,1869889
2026-06-23,NASDAQ:JBIO,22.13,19.0,19.24,21.97,1.0,1410120
2026-06-24,NASDAQ:JBIO,23.49,21.515,22.18,21.9,1.0,1397105
2026-06-25,NASDAQ:JBIO,23.015,21.53,22.0,21.81,1.0,826529
2026-06-26,NASDAQ:JBIO,22.5,21.16,21.8,22.0,1.0,2664341
2026-06-29,NASDAQ:JBIO,23.01,21.83,22.0,22.11,1.0,1122561
2026-06-30,NASDAQ:JBIO,23.1,21.5,22.08,22.22,1.0,893408
2026-07-01,NASDAQ:JBIO,23.125,21.48,22.22,21.81,1.0,861567
2026-07-02,NASDAQ:JBIO,22.03,20.2,22.03,21.51,1.0,1204531
2026-07-06,NASDAQ:JBIO,22.3,21.06,21.42,21.3,1.0,1056288
2026-07-07,NASDAQ:JBIO,22.7,21.17,21.3,22.45,1.0,1042841
2026-07-08,NASDAQ:JBIO,23.36,21.9701,22.3,22.53,1.0,878516
2026-07-09,NASDAQ:JBIO,23.29,22.125,22.53,22.48,1.0,646408
2026-07-10,NASDAQ:JBIO,23.33,19.76,22.775,20.95,1.0,1413164
2026-07-13,NASDAQ:JBIO,21.54,19.87,20.46,21.3,1.0,1587752
2026-07-14,NASDAQ:JBIO,21.965,20.91,21.33,21.34,1.0,1218118
2026-07-15,NASDAQ:JBIO,22.575,20.57,21.41,21.86,1.0,804004
2026-07-16,NASDAQ:JBIO,22.335,20.0,21.67,20.48,1.0,1285003
2026-07-17,NASDAQ:JBIO,21.45,19.4,19.88,20.86,1.0,659521
2026-07-20,NASDAQ:JBIO,21.5,19.255,20.82,19.67,1.0,626415
2026-07-21,NASDAQ:JBIO,20.67,19.46,19.57,20.53,1.0,910234
2026-07-22,NASDAQ:JBIO,20.49,19.58,20.36,19.85,1.0,782830
2026-07-23,NASDAQ:JBIO,19.99,19.07,19.42,19.62,1.0,385490
2026-07-24,NASDAQ:JBIO,20.1,19.02,19.77,20.08,1.0,684671
2026-07-27,NASDAQ:JBIO,21.0,19.93,20.23,19.95,1.0,1415746
2026-07-28,NASDAQ:JBIO,20.765,18.54,19.91,19.7,1.0,775731
2026-07-29,NASDAQ:JBIO,20.15,18.75,20.01,19.35,1.0,635785
2026-07-30,NASDAQ:JBIO,20.15,19.185,19.49,20.0,1.0,432814
2026-07-31,NASDAQ:JBIO,20.04,18.64,20.0,19.75,1.0,600332
2026-08-03,NASDAQ:JBIO,20.0,18.55,19.52,19.15,1.0,651162
2026-08-04,NASDAQ:JBIO,21.51,19.42,19.42,21.35,1.0,1687405
2026-08-05,NASDAQ:JBIO,22.2,21.08,21.12,21.7,1.0,1265240
2026-08-06,NASDAQ:JBIO,23.0,21.54,21.75,22.24,1.0,1112753
2026-08-07,NASDAQ:JBIO,23.0,21.73,22.76,21.96,1.0,481234
2026-08-10,NASDAQ:JBIO,23.05,21.43,21.92,21.73,1.0,634986
2026-08-11,NASDAQ:JBIO,22.5201,21.4,22.07,22.35,1.0,525649
2026-08-12,NASDAQ:JBIO,23.46,21.51,22.49,23.21,1.0,713872
2026-08-13,NASDAQ:JBIO,24.09,23.02,23.52,23.81,1.0,1089591
2026-08-14,NASDAQ:JBIO,25.0,23.38,23.57,24.71,1.0,1478444
2026-08-17,NASDAQ:JBIO,24.94,23.3,24.6,23.45,1.0,671571
2026-08-18,NASDAQ:JBIO,23.6,22.87,23.07,23.55,1.0,721657
2026-08-19,NASDAQ:JBIO,24.3297,22.43,23.87,22.55,1.0,789060
2026-08-20,NASDAQ:JBIO,23.815,20.7,23.815,21.23,1.0,936622
2026-08-21,NASDAQ:JBIO,22.12,21.13,21.45,21.34,1.0,571848
2026-08-24,NASDAQ:JBIO,21.775,20.395,21.27,21.33,1.0,595723
2026-08-25,NASDAQ:JBIO,22.16,21.33,21.74,21.84,1.0,603530
2026-08-26,NASDAQ:JBIO,22.4,21.195,22.4,21.33,1.0,355912
2026-08-27,NASDAQ:JBIO,21.845,21.13,21.26,21.29,1.0,342592
2026-08-28,NASDAQ:JBIO,21.4,20.81,21.065,20.84,1.0,357936
2026-08-31,NASDAQ:JBIO,21.45,20.35,20.65,21.36,1.0,837036
2026-09-01,NASDAQ:JBIO,21.615,20.73,21.32,21.02,1.0,516638
2026-09-02,NASDAQ:JBIO,22.0,20.475,21.17,21.4,1.0,506170
2026-09-03,NASDAQ:JBIO,21.265,19.76,21.0,19.85,1.0,1381777
2026-04-06,NYSE:FVR,15.89,15.4,15.61,15.85,1.0,91903
2026-04-07,NYSE:FVR,16.13,15.47,15.76,16.05,1.0,66238
2026-04-08,NYSE:FVR,16.58,16.045,16.5,16.22,1.0,109285
2026-04-09,NYSE:FVR,16.56,15.99,16.05,16.52,1.0,78670
2026-04-10,NYSE:FVR,16.74,16.32,16.41,16.48,1.0,112485
2026-04-13,NYSE:FVR,16.83,16.24,16.44,16.81,1.0,90123
2026-04-14,NYSE:FVR,17.47,16.69,16.69,17.06,1.0,119799
2026-04-15,NYSE:FVR,17.22,16.82,16.95,16.88,1.0,75800
2026-04-16,NYSE:FVR,16.93,16.76,16.76,16.93,1.0,52148
2026-04-17,NYSE:FVR,17.64,16.91,17.07,17.26,1.0,288199
2026-04-20,NYSE:FVR,17.5,16.73,17.24,17.43,1.0,137891
2026-04-21,NYSE:FVR,17.92,17.32,17.51,17.48,1.0,209695
2026-04-22,NYSE:FVR,17.64,17.01,17.48,17.15,1.0,55480
2026-04-23,NYSE:FVR,17.68,17.16,17.21,17.38,1.0,152507
2026-04-24,NYSE:FVR,17.72,17.13,17.3,17.71,1.0,161973
2026-04-27,NYSE:FVR,17.905,17.35,17.59,17.36,1.0,64208
2026-04-28,NYSE:FVR,17.76,17.38,17.5,17.76,1.0,66990
2026-04-29,NYSE:FVR,17.9,17.46,17.52,17.74,1.0,97204
2026-04-30,NYSE:FVR,17.97,17.59,17.61,17.7,1.0,74583
2026-05-01,NYSE:FVR,18.0,17.6,17.82,18.0,1.0,111037
2026-05-04,NYSE:FVR,18.095,17.45,17.86,17.46,1.0,100484
2026-05-05,NYSE:FVR,17.86,17.44,17.64,17.61,1.0,129544
2026-05-06,NYSE:FVR,17.86,17.2,17.77,17.49,1.0,195503
2026-05-07,NYSE:FVR,18.48,17.165,17.86,18.26,1.0,272500
2026-05-08,NYSE:FVR,18.49,17.9325,18.13,18.17,1.0,120337
2026-05-11,NYSE:FVR,18.43,18.11,18.27,18.19,1.0,57982
2026-05-12,NYSE:FVR,18.33,17.83,18.05,18.19,1.0,212566
2026-05-13,NYSE:FVR,18.155,17.7701,18.01,17.84,1.0,161058
2026-05-14,NYSE:FVR,18.0,17.6,17.97,17.7,1.0,63320
2026-05-15,NYSE:FVR,17.87,17.31,17.46,17.37,1.0,61515
2026-05-18,NYSE:FVR,17.7899,17.2,17.48,17.5,1.0,57346
2026-05-19,NYSE:FVR,17.77,17.2816,17.34,17.6,1.0,77319
2026-05-20,NYSE:FVR,17.92,17.49,17.49,17.7,1.0,66708
2026-05-21,NYSE:FVR,18.18,17.3599,17.69,17.73,1.0,107068
2026-05-22,NYSE:FVR,17.96,17.63,17.73,17.79,1.0,99181
2026-05-26,NYSE:FVR,18.18,17.72,17.78,17.89,1.0,112864
2026-05-27,NYSE:FVR,18.01,17.58,17.88,17.62,1.0,42142
2026-05-28,NYSE:FVR,17.94,17.6,17.66,17.74,1.0,69999
2026-05-29,NYSE:FVR,17.87,17.435,17.85,17.74,1.0,100680
2026-06-01,NYSE:FVR,18.13,17.69,17.69,17.93,1.0,231258
2026-06-02,NYSE:FVR,18.38,17.712,17.91,18.25,1.0,199483
2026-06-03,NYSE:FVR,18.445,17.81,18.11,17.9,1.0,118929
2026-06-04,NYSE:FVR,18.38,17.88,17.93,18.33,1.0,253543
2026-06-05,NYSE:FVR,18.95,18.315,18.33,18.82,1.0,196341
2026-06-08,NYSE:FVR,19.16,18.67,18.92,18.99,1.0,143903
2026-06-09,NYSE:FVR,19.8999,19.195,19.41,19.47,1.0,204751
2026-06-10,NYSE:FVR,19.79,19.34,19.6,19.62,1.0,199704
2026-06-11,NYSE:FVR,19.915,19.56,19.8,19.57,1.0,130528
2026-06-12,NYSE:FVR,19.97,19.61,19.73,19.87,1.0,179691
2026-06-15,NYSE:FVR,20.0,19.34,20.0,19.53,1.0,150512
2026-06-16,NYSE:FVR,19.84,19.25,19.6,19.4,1.0,167063
2026-06-17,NYSE:FVR,19.5,18.66,19.4,19.14,1.0,215081
2026-06-18,NYSE:FVR,19.83,18.69,19.21,19.59,1.0,437082
2026-06-22,NYSE:FVR,19.93,18.88,19.47,19.71,1.0,111323
2026-06-23,NYSE:FVR,20.0,19.42845,19.87,19.99,1.0,121358
2026-06-24,NYSE:FVR,20.44,19.82,20.22,19.82,1.0,494124
2026-06-25,NYSE:FVR,19.83,19.31,19.69,19.7,1.0,168791
2026-06-26,NYSE:FVR,20.1431,19.59,19.71,20.1,1.0,422929
2026-06-29,NYSE:FVR,20.5,19.6315,20.27,20.31,1.0,116969
2026-06-30,NYSE:FVR,20.37,19.8,20.03,20.23,1.0,168039
2026-07-01,NYSE:FVR,20.62,19.87,20.24,20.49,1.0,170145
2026-07-02,NYSE:FVR,21.17,20.545,20.74,20.86,1.0,230233
2026-07-06,NYSE:FVR,21.29,20.44,20.78,20.73,1.0,236815
2026-07-07,NYSE:FVR,21.41,20.3,20.92,20.7,1.0,213590
2026-07-08,NYSE:FVR,20.88,20.43,20.61,20.64,1.0,328009
2026-07-09,NYSE:FVR,21.195,20.61,20.61,20.97,1.0,153213
2026-07-10,NYSE:FVR,20.98,20.57,20.98,20.83,1.0,126368
2026-07-13,NYSE:FVR,21.37,20.9,20.93,21.18,1.0,191564
2026-07-14,NYSE:FVR,21.5,21.22,21.22,21.47,1.0,90743
2026-07-15,NYSE:FVR,22.29,20.92,22.11,20.92,1.0,287530
2026-07-16,NYSE:FVR,21.91,20.855,20.97,21.83,1.0,210697
2026-07-17,NYSE:FVR,22.065,21.435,21.67,21.92,1.0,155011
2026-07-20,NYSE:FVR,22.2,21.44,22.2,21.54,1.0,137183
2026-07-21,NYSE:FVR,21.69,21.01,21.61,21.68,1.0,139013
2026-07-22,NYSE:FVR,21.75,20.91,21.75,21.2,1.0,244641
2026-07-23,NYSE:FVR,21.53,20.74,21.15,21.22,1.0,139108
2026-07-24,NYSE:FVR,21.53,21.07,21.37,21.17,1.0,157143
2026-07-27,NYSE:FVR,21.635,20.91,21.33,21.24,1.0,131957
2026-07-28,NYSE:FVR,22.07,21.015,21.26,21.16,1.0,100257
2026-07-29,NYSE:FVR,21.6,20.85,20.91,20.88,1.0,112253
2026-07-30,NYSE:FVR,21.22,20.18,20.74,20.28,1.0,94843
2026-07-31,NYSE:FVR,20.68,20.14,20.48,20.34,1.0,137455
2026-08-03,NYSE:FVR,21.0096,20.08,20.35,20.24,1.0,115556
2026-08-04,NYSE:FVR,20.51,20.06,20.33,20.24,1.0,359881
2026-08-05,NYSE:FVR,20.22,19.8908,20.22,20.18,1.0,176252
2026-08-06,NYSE:FVR,20.18,19.25,20.18,19.54,1.0,203628
2026-08-07,NYSE:FVR,19.87,18.98,19.54,19.83,1.0,217196
2026-08-10,NYSE:FVR,19.77,19.23,19.65,19.38,1.0,247231
2026-08-11,NYSE:FVR,19.61,19.2992,19.48,19.5,1.0,116855
2026-08-12,NYSE:FVR,20.01,19.16,19.4,19.87,1.0,143251
2026-08-13,NYSE:FVR,20.18,19.685,20.11,19.91,1.0,84395
2026-08-14,NYSE:FVR,20.19,19.6,19.77,19.76,1.0,93348
2026-08-17,NYSE:FVR,19.77,19.2904,19.77,19.55,1.0,117278
2026-08-18,NYSE:FVR,19.86,19.46,19.57,19.74,1.0,117575
2026-08-19,NYSE:FVR,20.05,19.595,20.05,19.65,1.0,1779197
2026-08-20,NYSE:FVR,20.005,19.03,19.45,19.86,1.0,105805
2026-08-21,NYSE:FVR,20.01,19.54,20.01,19.79,1.0,113483
2026-08-24,NYSE:FVR,20.04,19.104,19.89,20.0,1.0,119939
2026-08-25,NYSE:FVR,20.11,19.795,20.11,19.95,1.0,92597
2026-08-26,NYSE:FVR,20.1,19.545,20.02,19.63,1.0,120020
2026-08-27,NYSE:FVR,19.85,19.49,19.55,19.7,1.0,92820
2026-08-28,NYSE:FVR,19.91,19.42,19.78,19.45,1.0,87071
2026-08-31,NYSE:FVR,19.58,19.14,19.39,19.3,1.0,134120
2026-09-01,NYSE:FVR,19.4299,19.1316,19.23,19.4,1.0,156337
2026-09-02,NYSE:FVR,19.45,18.95,19.45,19.03,1.0,93900
2026-09-03,NYSE:FVR,19.325,18.99,19.23,19.14,1.0,88020
2026-04-06,NYSE:CSTM,28.085,26.65,27.7,27.83,1.0,2764488
2026-04-07,NYSE:CSTM,28.2935,26.68,27.9,27.12,1.0,2711614
2026-04-08,NYSE:CSTM,29.0,28.0,28.51,28.88,1.0,2342071
2026-04-09,NYSE:CSTM,30.1424,29.06,29.13,29.47,1.0,1786954
2026-04-10,NYSE:CSTM,30.18,29.53,29.78,29.64,1.0,1716256
2026-04-13,NYSE:CSTM,30.51,29.47,29.5,30.4,1.0,2061620
2026-04-14,NYSE:CSTM,30.85,30.0,30.65,30.53,1.0,1827194
2026-04-15,NYSE:CSTM,31.2,29.65,30.73,29.65,1.0,1790149
2026-04-16,NYSE:CSTM,30.665,29.53,29.93,29.66,1.0,2189311
2026-04-17,NYSE:CSTM,30.47,28.39,30.1,29.58,1.0,3079214
2026-04-20,NYSE:CSTM,30.5,29.2701,29.45,30.28,1.0,1609807
2026-04-21,NYSE:CSTM,30.96,29.86,30.56,29.96,1.0,1849307
2026-04-22,NYSE:CSTM,30.96,30.16,30.41,30.81,1.0,1932409
2026-04-23,NYSE:CSTM,31.5,29.945,30.82,30.28,1.0,1724264
2026-04-24,NYSE:CSTM,31.46,29.9456,30.44,31.38,1.0,1453334
2026-04-27,NYSE:CSTM,31.61,30.69,31.45,31.19,1.0,1826869
2026-04-28,NYSE:CSTM,31.28,30.59,30.89,31.08,1.0,2980619
2026-04-29,NYSE:CSTM,33.69,31.082,31.11,32.23,1.0,4575833
2026-04-30,NYSE:CSTM,32.83,31.1,32.09,31.28,1.0,3342069
2026-05-01,NYSE:CSTM,32.36,30.92,31.13,32.01,1.0,2795274
2026-05-04,NYSE:CSTM,31.92,30.41,31.74,30.84,1.0,2943272
2026-05-05,NYSE:CSTM,33.19,31.18,31.5,32.96,1.0,2332580
2026-05-06,NYSE:CSTM,33.86,32.85,33.53,33.33,1.0,1931918
2026-05-07,NYSE:CSTM,33.6507,32.68,33.63,32.87,1.0,1834619
2026-05-08,NYSE:CSTM,33.89,33.03,33.36,33.88,1.0,1897142
2026-05-11,NYSE:CSTM,34.35,33.79,34.0,34.2,1.0,1748018
2026-05-12,NYSE:CSTM,34.1349,32.3001,33.88,33.31,1.0,1581551
2026-05-13,NYSE:CSTM,34.61,33.46,34.0,34.56,1.0,2207417
2026-05-14,NYSE:CSTM,34.94,32.92,34.71,33.5,1.0,1523744
2026-05-15,NYSE:CSTM,32.55,31.63,32.27,31.91,1.0,1441190
2026-05-18,NYSE:CSTM,32.92,31.85,32.2,32.25,1.0,2197079
2026-05-19,NYSE:CSTM,31.56,29.85,31.56,31.24,1.0,2397757
2026-05-20,NYSE:CSTM,32.35,31.04,31.55,32.13,1.0,1972189
2026-05-21,NYSE:CSTM,32.41,31.14,31.58,32.04,1.0,1276190
2026-05-22,NYSE:CSTM,33.538000000000004,31.86,32.03,33.24,1.0,3138750
2026-05-26,NYSE:CSTM,35.295,33.8,33.88,35.28,1.0,3091569
2026-05-27,NYSE:CSTM,34.02,30.59,33.0,33.96,1.0,5022154
2026-05-28,NYSE:CSTM,35.04,33.4135,33.6,34.35,1.0,1810333
2026-05-29,NYSE:CSTM,34.84,33.62,34.38,34.26,1.0,2652066
2026-06-01,NYSE:CSTM,34.95,33.66,33.98,34.69,1.0,2521021
2026-06-02,NYSE:CSTM,36.99,34.75,35.0,36.07,1.0,3247656
2026-06-03,NYSE:CSTM,36.59,35.17,35.69,35.86,1.0,2214691
2026-06-04,NYSE:CSTM,36.88,34.95,35.01,36.15,1.0,1514400
2026-06-05,NYSE:CSTM,35.4,33.2369,35.0,33.89,1.0,2161177
2026-06-08,NYSE:CSTM,34.66,33.25,34.36,34.19,1.0,1534232
2026-06-09,NYSE:CSTM,35.065,32.5201,34.87,34.0,1.0,1748730
2026-06-10,NYSE:CSTM,34.1899,32.24,33.46,32.65,1.0,1822756
2026-06-11,NYSE:CSTM,34.76,33.06,33.39,34.75,1.0,1675382
2026-06-12,NYSE:CSTM,36.005,35.0101,35.2,35.6,1.0,1602504
2026-06-15,NYSE:CSTM,36.7277,34.51,36.57,34.71,1.0,2197340
2026-06-16,NYSE:CSTM,35.6,34.02,34.79,34.18,1.0,1339483
2026-06-17,NYSE:CSTM,34.72,33.2,34.09,33.68,1.0,1443137
2026-06-18,NYSE:CSTM,34.4667,33.67,34.21,34.0,1.0,1923979
2026-06-22,NYSE:CSTM,34.62,33.94,34.19,34.6,1.0,1725687
2026-06-23,NYSE:CSTM,33.97,32.63,32.97,33.27,1.0,1467740
2026-06-24,NYSE:CSTM,33.45,32.33,32.87,32.66,1.0,1733325
2026-06-25,NYSE:CSTM,34.03,32.915,33.53,33.73,1.0,1520312
2026-06-26,NYSE:CSTM,33.49,31.25,33.17,31.78,1.0,6516125
2026-06-29,NYSE:CSTM,32.4199,30.69,31.53,31.16,1.0,2087636
2026-06-30,NYSE:CSTM,32.1099,31.33,31.74,31.87,1.0,1602066
2026-07-01,NYSE:CSTM,31.33,30.04,31.2,30.24,1.0,1801120
2026-07-02,NYSE:CSTM,30.71,28.72,30.23,29.49,1.0,2436241
2026-07-06,NYSE:CSTM,30.4,29.3,29.6,30.19,1.0,1490845
2026-07-07,NYSE:CSTM,30.18,29.33,29.82,29.82,1.0,1494182
2026-07-08,NYSE:CSTM,29.98,28.55,29.22,29.57,1.0,1555604
2026-07-09,NYSE:CSTM,30.35,29.52,30.06,29.64,1.0,1459648
2026-07-10,NYSE:CSTM,29.91,29.19,29.5,29.28,1.0,1356269
2026-07-13,NYSE:CSTM,29.55,28.75,29.0,28.81,1.0,1274683
2026-07-14,NYSE:CSTM,29.98,28.768177,29.73,29.16,1.0,1758163
2026-07-15,NYSE:CSTM,29.45,28.4,29.4,29.17,1.0,1346328
2026-07-16,NYSE:CSTM,28.905,28.041999999999998,28.62,28.53,1.0,2032860
2026-07-17,NYSE:CSTM,28.59,27.545,27.84,28.12,1.0,1274317
2026-07-20,NYSE:CSTM,28.5999,27.2,28.4,27.78,1.0,2184537
2026-07-21,NYSE:CSTM,28.75,27.9196,28.42,28.51,1.0,1766277
2026-07-22,NYSE:CSTM,29.515,28.29,28.29,29.33,1.0,1914715
2026-07-23,NYSE:CSTM,30.16,29.08,29.29,30.0,1.0,1987346
2026-07-24,NYSE:CSTM,30.3,28.99,30.04,29.05,1.0,1271742
2026-07-27,NYSE:CSTM,29.61,28.76,29.05,29.51,1.0,2049076
2026-07-28,NYSE:CSTM,29.5,28.61,29.11,29.08,1.0,1969175
2026-07-29,NYSE:CSTM,30.0,27.465,29.29,27.63,1.0,2218688
2026-07-30,NYSE:CSTM,29.08,28.24,28.83,28.57,1.0,1741393
2026-07-31,NYSE:CSTM,29.07,27.35,29.0,27.78,1.0,2130346
2026-08-03,NYSE:CSTM,28.47,26.84,27.24,28.42,1.0,2124680
2026-08-04,NYSE:CSTM,29.8,29.0,29.0,29.68,1.0,1607452
2026-08-05,NYSE:CSTM,30.26,29.605,29.65,29.67,1.0,1734895
2026-08-06,NYSE:CSTM,29.8,28.49,29.6,28.61,1.0,1668073
2026-08-07,NYSE:CSTM,29.89,28.865,29.04,29.44,1.0,1199450
2026-08-10,NYSE:CSTM,29.85,29.165,29.48,29.38,1.0,828359
2026-08-11,NYSE:CSTM,30.29,29.543000000000003,29.79,29.91,1.0,1225344
2026-08-12,NYSE:CSTM,30.75,29.43,30.35,29.5,1.0,930212
2026-08-13,NYSE:CSTM,29.6,28.97,29.4,29.13,1.0,909298
2026-08-14,NYSE:CSTM,29.78,28.7501,29.05,29.6,1.0,849373
2026-08-17,NYSE:CSTM,29.93,29.55,29.79,29.92,1.0,856073
2026-08-18,NYSE:CSTM,29.51,27.83,29.3,27.99,1.0,1378766
2026-08-19,NYSE:CSTM,28.89,26.39,28.87,26.54,1.0,2955413
2026-08-20,NYSE:CSTM,26.7,25.67,26.45,26.53,1.0,1939599
2026-08-21,NYSE:CSTM,27.46,26.82,27.0,27.04,1.0,1713004
2026-08-24,NYSE:CSTM,27.13,26.26,26.92,26.63,1.0,1452841
2026-08-25,NYSE:CSTM,27.22,26.33,26.74,27.08,1.0,1299329
2026-08-26,NYSE:CSTM,27.72,27.09,27.15,27.18,1.0,1435207
2026-08-27,NYSE:CSTM,27.44,26.99,27.1,27.41,1.0,1240383
2026-08-28,NYSE:CSTM,27.6,26.75,27.52,26.98,1.0,1183863
2026-08-31,NYSE:CSTM,27.25,25.91,27.0,26.43,1.0,1869555
2026-09-01,NYSE:CSTM,27.21,25.91,26.37,26.91,1.0,1426955
2026-09-02,NYSE:CSTM,27.45,26.545,26.9,26.6,1.0,1551455
2026-09-03,NYSE:CSTM,26.9,26.02,26.9,26.475,1.0,1448005
2026-04-06,NASDAQ:GOOG,298.425,293.79,294.7,297.66,1.0,10121741
2026-04-07,NASDAQ:GOOG,304.1,295.425,300.14,303.93,1.0,17317708
2026-04-08,NASDAQ:GOOG,319.39,312.705,317.83,314.74,1.0,20887530
2026-04-09,NASDAQ:GOOG,317.43,309.47,313.19,316.37,1.0,14606751
2026-04-10,NASDAQ:GOOG,319.5,314.54,318.225,315.72,1.0,11997647
2026-04-13,NASDAQ:GOOG,319.43,313.6901,315.42,319.21,1.0,12212807
2026-04-14,NASDAQ:GOOG,330.64,321.15,322.065,330.58,1.0,18557479
2026-04-15,NASDAQ:GOOG,335.0,328.66,330.56,334.47,1.0,15104096
2026-04-16,NASDAQ:GOOG,337.38,331.6501,335.85,332.77,1.0,13949592
2026-04-17,NASDAQ:GOOG,339.985,333.29,334.43,339.4,1.0,19683848
2026-04-20,NASDAQ:GOOG,339.16,334.63,338.56,335.4,1.0,12897265
2026-04-21,NASDAQ:GOOG,337.17,329.63,335.585,330.47,1.0,14623836
2026-04-22,NASDAQ:GOOG,338.03,332.96,334.885,337.73,1.0,12954245
2026-04-23,NASDAQ:GOOG,340.16,335.06,339.575,337.75,1.0,13442135
2026-04-24,NASDAQ:GOOG,343.69,334.05,337.72,342.32,1.0,18260862
2026-04-27,NASDAQ:GOOG,350.9,340.81,343.88,348.52,1.0,17443019
2026-04-28,NASDAQ:GOOG,349.9,344.28,346.92,347.5,1.0,18502342
2026-04-29,NASDAQ:GOOG,353.4,342.43,345.48,347.31,1.0,22232155
2026-04-30,NASDAQ:GOOG,382.63,363.09,371.255,381.94,1.0,44570523
2026-05-01,NASDAQ:GOOG,383.39,375.26,377.98,383.22,1.0,28047873
2026-05-04,NASDAQ:GOOG,384.18,376.77,382.32,379.64,1.0,18275044
2026-05-05,NASDAQ:GOOG,388.96,380.35,381.87,384.27,1.0,15432467
2026-05-06,NASDAQ:GOOG,396.38,387.1,389.59,395.14,1.0,23097346
2026-05-07,NASDAQ:GOOG,397.355,390.31,397.06,395.3,1.0,15153626
2026-05-08,NASDAQ:GOOG,398.37,393.67,394.27,397.05,1.0,13762461
2026-05-11,NASDAQ:GOOG,394.33,386.23,390.69,386.77,1.0,16314946
2026-05-12,NASDAQ:GOOG,386.44,379.72,385.0,383.82,1.0,17103932
2026-05-13,NASDAQ:GOOG,399.93,381.58,381.905,399.04,1.0,18160118
2026-05-14,NASDAQ:GOOG,399.10400000000004,392.728,393.79,397.17,1.0,13805371
2026-05-15,NASDAQ:GOOG,395.88,389.76,393.215,393.32,1.0,15801942
2026-05-18,NASDAQ:GOOG,404.47,390.9,392.125,393.11,1.0,18592786
2026-05-19,NASDAQ:GOOG,393.3627,383.0,393.3,384.9,1.0,25559382
2026-05-20,NASDAQ:GOOG,390.6999,380.0,385.04,384.9,1.0,15041331
2026-05-21,NASDAQ:GOOG,388.68,379.48,382.01,383.47,1.0,16837601
2026-05-22,NASDAQ:GOOG,384.87,378.26,383.26,379.38,1.0,13382786
2026-05-26,NASDAQ:GOOG,385.39,379.14,380.995,384.84,1.0,16150933
2026-05-27,NASDAQ:GOOG,389.725,382.0,382.765,384.83,1.0,16893148
2026-05-28,NASDAQ:GOOG,390.0,381.25,383.86,386.12,1.0,20795414
2026-05-29,NASDAQ:GOOG,381.65,374.3,381.225,376.43,1.0,48018562
2026-06-01,NASDAQ:GOOG,374.6,369.71,372.575,372.58,1.0,19091887
2026-06-02,NASDAQ:GOOG,369.7899,355.0,363.16,358.39,1.0,34648621
2026-06-03,NASDAQ:GOOG,362.5,354.38,358.335,355.68,1.0,43031002
2026-06-04,NASDAQ:GOOG,369.86,354.8,355.44,369.27,1.0,37746166
2026-06-05,NASDAQ:GOOG,369.2,361.63,363.38,365.76,1.0,23411519
2026-06-08,NASDAQ:GOOG,363.38,357.89,362.485,361.17,1.0,18738969
2026-06-09,NASDAQ:GOOG,369.6922,354.72,364.885,362.29,1.0,19873595
2026-06-10,NASDAQ:GOOG,366.31,352.81,361.05,353.32,1.0,19878635
2026-06-11,NASDAQ:GOOG,358.01,343.63,353.05,356.56,1.0,28771804
2026-06-12,NASDAQ:GOOG,364.7725,353.34,361.1,358.16,1.0,17657657
2026-06-15,NASDAQ:GOOG,370.65,364.65,365.99,367.11,1.0,17268649
2026-06-16,NASDAQ:GOOG,373.6,365.32,367.465,371.1,1.0,16492788
2026-06-17,NASDAQ:GOOG,370.15,360.23,367.05,362.1,1.0,16003508
2026-06-18,NASDAQ:GOOG,369.0,356.6082,363.89,367.46,1.0,29339118
2026-06-22,NASDAQ:GOOG,358.2,340.94,357.135,348.78,1.0,32211155
2026-06-23,NASDAQ:GOOG,348.72,339.715,340.105,346.08,1.0,21820944
2026-06-24,NASDAQ:GOOG,352.83,341.5,348.72,345.04,1.0,23898376
2026-06-25,NASDAQ:GOOG,343.19,335.9,336.92,342.19,1.0,27687554
2026-06-26,NASDAQ:GOOG,344.12,333.69,340.98,334.69,1.0,82484582
2026-06-29,NASDAQ:GOOG,351.97,338.81,339.95,351.28,1.0,25565726
2026-06-30,NASDAQ:GOOG,355.39,348.11,350.96,353.33,1.0,21278449
2026-07-01,NASDAQ:GOOG,359.56,353.23,354.615,357.89,1.0,19546767
2026-07-02,NASDAQ:GOOG,360.99,350.32,356.15,356.18,1.0,15553221
2026-07-06,NASDAQ:GOOG,365.68,354.19,358.195,364.9,1.0,22652679
2026-07-07,NASDAQ:GOOG,370.89,362.42,367.235,363.62,1.0,16443932
2026-07-08,NASDAQ:GOOG,364.98,354.7,362.21,358.71,1.0,14710424
2026-07-09,NASDAQ:GOOG,356.73,348.66,351.085,356.24,1.0,17217449
2026-07-10,NASDAQ:GOOG,355.68,350.7,354.954,355.03,1.0,11618452
2026-07-13,NASDAQ:GOOG,355.75,349.82,353.99,350.67,1.0,10583514
2026-07-14,NASDAQ:GOOG,357.88,348.84,348.84,357.33,1.0,11252555
2026-07-15,NASDAQ:GOOG,372.14,355.67,356.01,370.21,1.0,20258166
2026-07-16,NASDAQ:GOOG,374.35,351.6701,372.17,353.81,1.0,23603714
2026-07-17,NASDAQ:GOOG,348.17,341.125,345.77,346.12,1.0,22023945
2026-07-20,NASDAQ:GOOG,359.49,350.005,350.17,351.37,1.0,13203263
2026-07-21,NASDAQ:GOOG,350.74,346.01,350.56,346.19,1.0,17419521
2026-07-22,NASDAQ:GOOG,349.45,341.64,347.18,341.91,1.0,23273840
2026-07-23,NASDAQ:GOOG,324.45,314.89,321.63,318.34,1.0,46751948
2026-07-24,NASDAQ:GOOG,323.98,317.5,318.3,319.09,1.0,21630772
2026-07-27,NASDAQ:GOOG,330.1014,324.41,324.74,326.57,1.0,21419627
2026-07-28,NASDAQ:GOOG,335.21,324.54,327.8,332.6,1.0,20986949
2026-07-29,NASDAQ:GOOG,341.98,330.407917,333.5,335.76,1.0,20242944
2026-07-30,NASDAQ:GOOG,335.45,329.82,333.08,333.68,1.0,17309468
2026-07-31,NASDAQ:GOOG,358.88,339.16,340.07,356.65,1.0,30514545
2026-08-03,NASDAQ:GOOG,376.1,363.26,365.3,372.47,1.0,27165415
2026-08-04,NASDAQ:GOOG,377.66900000000004,366.16,366.52,375.35,1.0,19983340
2026-08-05,NASDAQ:GOOG,381.81,355.16,380.0,360.13,1.0,29436261
2026-08-06,NASDAQ:GOOG,361.96,355.83,358.792,356.62,1.0,16513395
2026-08-07,NASDAQ:GOOG,357.55,352.82,355.28,353.47,1.0,14516684
2026-08-10,NASDAQ:GOOG,355.93,351.47,354.24,355.84,1.0,12789470
2026-08-11,NASDAQ:GOOG,355.0,342.57,354.0,343.0,1.0,18390185
2026-08-12,NASDAQ:GOOG,345.5,339.82,345.33,342.37,1.0,15608821
2026-08-13,NASDAQ:GOOG,345.83,342.4,344.57,343.94,1.0,14997753
2026-08-14,NASDAQ:GOOG,348.06,342.07,344.26,343.54,1.0,10946825
2026-08-17,NASDAQ:GOOG,345.05,339.57,344.06,341.45,1.0,12606101
2026-08-18,NASDAQ:GOOG,342.39,337.52,339.895,341.28,1.0,14254267
2026-08-19,NASDAQ:GOOG,343.56,338.05,339.81,341.7,1.0,13360537
2026-08-20,NASDAQ:GOOG,340.8,336.17,339.69,338.2,1.0,14187720
2026-08-21,NASDAQ:GOOG,343.29,337.81,340.28,341.75,1.0,15363922
2026-08-24,NASDAQ:GOOG,348.08,339.62,340.74,344.59,1.0,16450576
2026-08-25,NASDAQ:GOOG,346.7,342.145,345.97,343.34,1.0,14031031
2026-08-26,NASDAQ:GOOG,343.1911,337.01,343.18,339.1,1.0,16176420
2026-08-27,NASDAQ:GOOG,338.81,335.4,336.3,337.71,1.0,17936134
2026-08-28,NASDAQ:GOOG,345.43,337.28,337.61,342.88,1.0,17841906
2026-08-31,NASDAQ:GOOG,340.63,333.43,340.02,335.41,1.0,23202000
2026-09-01,NASDAQ:GOOG,333.9497,329.29,332.25,332.03,1.0,16313387
2026-09-02,NASDAQ:GOOG,336.51,329.5201,330.77,333.78,1.0,12995866
2026-09-03,NASDAQ:GOOG,340.85,336.31,336.51,339.08,1.0,12378748
2026-04-06,NYSE:GRBK,66.48,64.54,64.61,66.26,1.0,145282
2026-04-07,NYSE:GRBK,65.33,63.465,65.05,64.24,1.0,367900
2026-04-08,NYSE:GRBK,69.29,66.73,67.44,68.23,1.0,338552
2026-04-09,NYSE:GRBK,70.14,67.72,67.72,69.23,1.0,298825
2026-04-10,NYSE:GRBK,69.34,67.215,69.34,67.28,1.0,152441
2026-04-13,NYSE:GRBK,67.93,65.61,66.83,67.77,1.0,183920
2026-04-14,NYSE:GRBK,68.175,67.34,67.43,67.45,1.0,113046
2026-04-15,NYSE:GRBK,67.01,65.14,67.01,65.56,1.0,146690
2026-04-16,NYSE:GRBK,66.2,65.46,65.65,65.69,1.0,175482
2026-04-17,NYSE:GRBK,70.31,67.11,67.11,69.18,1.0,287294
2026-04-20,NYSE:GRBK,70.72,68.69,69.0,70.55,1.0,158217
2026-04-21,NYSE:GRBK,72.8399,70.76,71.67,70.94,1.0,189525
2026-04-22,NYSE:GRBK,72.16,71.23,71.81,71.68,1.0,186116
2026-04-23,NYSE:GRBK,72.34,70.74,72.12,71.84,1.0,166510
2026-04-24,NYSE:GRBK,72.03,70.66,71.68,70.82,1.0,137539
2026-04-27,NYSE:GRBK,71.25,70.22,70.71,70.87,1.0,141723
2026-04-28,NYSE:GRBK,71.96,69.77,71.75,70.28,1.0,155910
2026-04-29,NYSE:GRBK,69.93,67.105,69.93,67.34,1.0,195351
2026-04-30,NYSE:GRBK,68.45,66.315,67.13,67.44,1.0,265026
2026-05-01,NYSE:GRBK,67.74,65.97,67.31,66.27,1.0,157025
2026-05-04,NYSE:GRBK,66.66,64.69,65.71,64.7,1.0,249745
2026-05-05,NYSE:GRBK,66.49,64.87,65.38,65.66,1.0,157707
2026-05-06,NYSE:GRBK,68.41,66.68,67.27,66.82,1.0,162532
2026-05-07,NYSE:GRBK,67.34,65.0,66.87,65.64,1.0,147307
2026-05-08,NYSE:GRBK,66.975,65.5401,65.91,66.09,1.0,172685
2026-05-11,NYSE:GRBK,66.4889,65.13,66.12,65.26,1.0,254738
2026-05-12,NYSE:GRBK,65.63,63.5,65.63,64.28,1.0,191119
2026-05-13,NYSE:GRBK,64.08,62.4781,63.75,63.41,1.0,221936
2026-05-14,NYSE:GRBK,64.6336,63.28,64.04,64.02,1.0,277783
2026-05-15,NYSE:GRBK,63.87,61.99,63.71,62.0,1.0,349562
2026-05-18,NYSE:GRBK,63.9,62.41,62.41,63.46,1.0,312735
2026-05-19,NYSE:GRBK,63.995,62.05,62.51,63.45,1.0,308610
2026-05-20,NYSE:GRBK,65.91,63.48,63.97,65.7,1.0,341503
2026-05-21,NYSE:GRBK,66.57,64.35,64.77,66.53,1.0,286247
2026-05-22,NYSE:GRBK,66.555,65.79,66.52,66.33,1.0,197927
2026-05-26,NYSE:GRBK,67.58,66.3501,66.6,67.14,1.0,193365
2026-05-27,NYSE:GRBK,69.4299,67.575,67.69,68.1,1.0,176893
2026-05-28,NYSE:GRBK,68.34,66.88,67.5,67.67,1.0,157940
2026-05-29,NYSE:GRBK,69.0399,67.17,67.41,67.26,1.0,224063
2026-06-01,NYSE:GRBK,68.52,67.54,68.0,68.31,1.0,258567
2026-06-02,NYSE:GRBK,69.53,67.78,68.27,69.02,1.0,520171
2026-06-03,NYSE:GRBK,69.63,68.23,68.69,68.65,1.0,261495
2026-06-04,NYSE:GRBK,70.0,69.015,69.76,69.32,1.0,208110
2026-06-05,NYSE:GRBK,69.91,68.37,69.04,68.81,1.0,204226
2026-06-08,NYSE:GRBK,69.5999,67.93,69.02,67.94,1.0,183055
2026-06-09,NYSE:GRBK,71.55,68.46,68.94,71.44,1.0,320548
2026-06-10,NYSE:GRBK,71.88,69.9,71.88,70.0,1.0,248442
2026-06-11,NYSE:GRBK,73.13,69.82,70.4,73.04,1.0,245075
2026-06-12,NYSE:GRBK,73.49,72.18,72.89,72.19,1.0,206290
2026-06-15,NYSE:GRBK,74.1,71.9,72.71,72.06,1.0,241336
2026-06-16,NYSE:GRBK,74.1,72.1,72.1,73.0,1.0,155568
2026-06-17,NYSE:GRBK,74.99,71.265,72.49,71.39,1.0,256836
2026-06-18,NYSE:GRBK,75.18,71.87,72.0,74.61,1.0,484999
2026-06-22,NYSE:GRBK,75.105,73.485,74.61,73.6,1.0,191887
2026-06-23,NYSE:GRBK,74.825,73.32,74.02,74.55,1.0,202929
2026-06-24,NYSE:GRBK,81.77,75.29,75.29,80.22,1.0,371700
2026-06-25,NYSE:GRBK,83.18,79.63,80.66,79.93,1.0,258760
2026-06-26,NYSE:GRBK,82.4978,80.06,80.5,80.24,1.0,844372
2026-06-29,NYSE:GRBK,80.28,78.4,80.0,80.14,1.0,271166
2026-06-30,NYSE:GRBK,80.275,79.01,79.59,80.04,1.0,252141
2026-07-01,NYSE:GRBK,80.4,78.6501,79.25,78.66,1.0,379113
2026-07-02,NYSE:GRBK,79.37,77.52,78.64,79.25,1.0,207885
2026-07-06,NYSE:GRBK,79.02,76.3684,79.02,76.74,1.0,192451
2026-07-07,NYSE:GRBK,77.26,74.64,77.13,74.81,1.0,325964
2026-07-08,NYSE:GRBK,73.975,71.65,73.97,71.97,1.0,301412
2026-07-09,NYSE:GRBK,74.02,71.92,72.25,73.36,1.0,216348
2026-07-10,NYSE:GRBK,74.9851,73.51,73.67,73.64,1.0,121428
2026-07-13,NYSE:GRBK,74.1,71.72,73.61,71.9,1.0,175055
2026-07-14,NYSE:GRBK,73.1,71.385,72.92,72.31,1.0,218587
2026-07-15,NYSE:GRBK,73.63,72.315,72.52,73.37,1.0,209716
2026-07-16,NYSE:GRBK,75.725,73.3,73.3,75.19,1.0,221435
2026-07-17,NYSE:GRBK,76.225,72.46,75.0,72.75,1.0,205938
2026-07-20,NYSE:GRBK,73.12,70.185,73.04,70.5,1.0,202937
2026-07-21,NYSE:GRBK,70.99,69.305,70.14,70.55,1.0,186517
2026-07-22,NYSE:GRBK,72.27,70.44,71.07,71.45,1.0,187183
2026-07-23,NYSE:GRBK,71.27,69.91,69.91,70.96,1.0,200144
2026-07-24,NYSE:GRBK,72.91,70.495,71.0,72.48,1.0,211166
2026-07-27,NYSE:GRBK,74.46,72.17,73.62,72.43,1.0,132550
2026-07-28,NYSE:GRBK,74.535,73.17,73.22,73.63,1.0,174578
2026-07-29,NYSE:GRBK,73.96,71.29,73.31,71.53,1.0,237345
2026-07-30,NYSE:GRBK,73.63,70.0,73.15,70.13,1.0,344438
2026-07-31,NYSE:GRBK,71.085,69.6,69.65,70.73,1.0,303967
2026-08-03,NYSE:GRBK,72.82,70.9,72.19,71.94,1.0,295444
2026-08-04,NYSE:GRBK,72.862,71.26,72.53,72.05,1.0,220457
2026-08-05,NYSE:GRBK,73.53,71.62,71.62,73.23,1.0,202488
2026-08-06,NYSE:GRBK,73.46,71.28,73.46,71.44,1.0,209241
2026-08-07,NYSE:GRBK,73.67,71.79,71.79,72.9,1.0,195025
2026-08-10,NYSE:GRBK,72.16,69.91,72.16,70.52,1.0,170345
2026-08-11,NYSE:GRBK,71.96,70.57,70.57,71.61,1.0,169875
2026-08-12,NYSE:GRBK,71.97,69.98,71.8,70.11,1.0,170235
2026-08-13,NYSE:GRBK,71.405,70.17,71.04,70.67,1.0,206319
2026-08-14,NYSE:GRBK,70.69,70.0,70.25,70.46,1.0,113257
2026-08-17,NYSE:GRBK,71.16,69.51,70.01,70.88,1.0,166536
2026-08-18,NYSE:GRBK,71.46,69.32,71.26,69.35,1.0,281506
2026-08-19,NYSE:GRBK,72.53,70.66,70.66,71.35,1.0,684586
2026-08-20,NYSE:GRBK,71.45,69.88,70.39,70.87,1.0,340900
2026-08-21,NYSE:GRBK,72.63,71.14,71.48,71.92,1.0,334537
2026-08-24,NYSE:GRBK,73.815,72.115,72.28,72.77,1.0,222050
2026-08-25,NYSE:GRBK,73.675,72.0,73.57,73.55,1.0,198065
2026-08-26,NYSE:GRBK,74.705,73.48,73.95,73.78,1.0,221687
2026-08-27,NYSE:GRBK,73.635,72.43,73.14,72.79,1.0,374435
2026-08-28,NYSE:GRBK,74.72,72.305,73.29,73.31,1.0,343759
2026-08-31,NYSE:GRBK,73.12,72.0917,72.64,72.22,1.0,646355
2026-09-01,NYSE:GRBK,72.965,70.89,71.62,70.93,1.0,641752
2026-09-02,NYSE:GRBK,72.33,70.38,71.14,70.98,1.0,489136
2026-09-03,NYSE:GRBK,73.24,70.28,71.98,70.78,1.0,318414
2026-04-06,NASDAQ:GOOGL,300.62,295.18,295.87,299.99,1.0,16945494
2026-04-07,NASDAQ:GOOGL,305.63,297.72,302.725,305.46,1.0,23205361
2026-04-08,NASDAQ:GOOGL,322.08,315.02,320.445,317.32,1.0,33547140
2026-04-09,NASDAQ:GOOGL,319.54,311.06,315.905,318.49,1.0,23739173
2026-04-10,NASDAQ:GOOGL,321.83,316.32,320.015,317.24,1.0,19152630
2026-04-13,NASDAQ:GOOGL,321.63,315.47,317.135,321.31,1.0,18866424
2026-04-14,NASDAQ:GOOGL,333.29,323.75,324.785,332.91,1.0,27721351
2026-04-15,NASDAQ:GOOGL,337.48,330.9,332.89,337.12,1.0,24918842
2026-04-16,NASDAQ:GOOGL,339.88,334.52,338.75,336.02,1.0,20541487
2026-04-17,NASDAQ:GOOGL,342.32,336.24,337.65,341.68,1.0,25581881
2026-04-20,NASDAQ:GOOGL,341.4,336.61,340.755,337.42,1.0,18784226
2026-04-21,NASDAQ:GOOGL,339.34,331.35,337.685,332.29,1.0,23123795
2026-04-22,NASDAQ:GOOGL,339.82,335.17,337.02,339.32,1.0,20293014
2026-04-23,NASDAQ:GOOGL,341.96,336.18,341.18,338.89,1.0,18650256
2026-04-24,NASDAQ:GOOGL,345.27,335.39,338.725,344.4,1.0,26426061
2026-04-27,NASDAQ:GOOGL,353.18,342.73,345.98,350.34,1.0,28576887
2026-04-28,NASDAQ:GOOGL,352.42,346.12,348.55,349.78,1.0,27824052
2026-04-29,NASDAQ:GOOGL,355.79,344.21,347.565,349.94,1.0,35376328
2026-04-30,NASDAQ:GOOGL,385.84,365.82,374.07,384.8,1.0,72039993
2026-05-01,NASDAQ:GOOGL,386.76,379.05,381.63,385.69,1.0,30105226
2026-05-04,NASDAQ:GOOGL,387.38,379.79,385.63,383.25,1.0,26298574
2026-05-05,NASDAQ:GOOGL,392.8199,384.02,386.23,388.43,1.0,23878626
2026-05-06,NASDAQ:GOOGL,399.8499,392.76,394.245,398.04,1.0,31308476
2026-05-07,NASDAQ:GOOGL,400.1,392.68,399.92,397.99,1.0,24433490
2026-05-08,NASDAQ:GOOGL,402.0,396.36,397.0,400.8,1.0,21461849
2026-05-11,NASDAQ:GOOGL,397.44,388.47,393.645,388.64,1.0,30753738
2026-05-12,NASDAQ:GOOGL,388.52,382.77,387.34,387.35,1.0,26017488
2026-05-13,NASDAQ:GOOGL,403.7,385.0,385.595,402.62,1.0,28144555
2026-05-14,NASDAQ:GOOGL,402.93,395.84,397.28,401.07,1.0,21136716
2026-05-15,NASDAQ:GOOGL,399.5399,393.18,396.315,396.78,1.0,20309702
2026-05-18,NASDAQ:GOOGL,408.61,394.53,395.685,396.94,1.0,26837196
2026-05-19,NASDAQ:GOOGL,397.15,386.11,396.96,387.66,1.0,39545672
2026-05-20,NASDAQ:GOOGL,393.8599,382.9,387.7,388.91,1.0,30504055
2026-05-21,NASDAQ:GOOGL,392.5,383.02,385.7,387.66,1.0,24852843
2026-05-22,NASDAQ:GOOGL,388.74,381.7716,387.345,382.97,1.0,20442123
2026-05-26,NASDAQ:GOOGL,389.2599,382.6,384.51,388.88,1.0,27747388
2026-05-27,NASDAQ:GOOGL,393.88,385.9,386.665,388.83,1.0,23087287
2026-05-28,NASDAQ:GOOGL,391.87,385.16,388.0,390.13,1.0,24357455
2026-05-29,NASDAQ:GOOGL,385.24,378.46,385.24,380.34,1.0,44415846
2026-06-01,NASDAQ:GOOGL,378.56,373.52,376.52,376.37,1.0,28672120
2026-06-02,NASDAQ:GOOGL,373.54,358.44,366.59,361.85,1.0,50412300
2026-06-03,NASDAQ:GOOGL,366.45,358.08,362.03,358.99,1.0,55441583
2026-06-04,NASDAQ:GOOGL,373.2499,358.21,358.9,372.19,1.0,44055520
2026-06-05,NASDAQ:GOOGL,372.08,364.1207,366.34,368.53,1.0,37471206
2026-06-08,NASDAQ:GOOGL,366.2,360.5309,365.18,363.31,1.0,27942464
2026-06-09,NASDAQ:GOOGL,372.08,357.3,367.09,364.26,1.0,29535072
2026-06-10,NASDAQ:GOOGL,368.555,355.2,363.19,356.38,1.0,32357132
2026-06-11,NASDAQ:GOOGL,358.8,346.36,355.925,357.77,1.0,35538165
2026-06-12,NASDAQ:GOOGL,366.57,354.94,362.62,359.68,1.0,24731019
2026-06-15,NASDAQ:GOOGL,372.99,366.55,367.93,369.35,1.0,27727493
2026-06-16,NASDAQ:GOOGL,376.0,367.06,369.6,373.25,1.0,24876095
2026-06-17,NASDAQ:GOOGL,372.33,362.02,369.125,363.79,1.0,24543644
2026-06-18,NASDAQ:GOOGL,369.48,358.67,365.75,368.03,1.0,44470070
2026-06-22,NASDAQ:GOOGL,358.92,341.7219,357.945,349.68,1.0,52814764
2026-06-23,NASDAQ:GOOGL,349.29,340.2,340.69,346.13,1.0,34007652
2026-06-24,NASDAQ:GOOGL,353.476,341.93,349.035,345.29,1.0,44997277
2026-06-25,NASDAQ:GOOGL,345.57,335.84,336.73,343.71,1.0,44564576
2026-06-26,NASDAQ:GOOGL,346.36,330.2,342.55,337.39,1.0,114706326
2026-06-29,NASDAQ:GOOGL,354.35,340.67,341.825,353.65,1.0,34213932
2026-06-30,NASDAQ:GOOGL,358.62,350.4,353.865,357.37,1.0,35237231
2026-07-01,NASDAQ:GOOGL,362.97,356.43,358.37,361.21,1.0,26736445
2026-07-02,NASDAQ:GOOGL,364.205,353.42,359.48,359.91,1.0,25999346
2026-07-06,NASDAQ:GOOGL,367.93,357.3805,361.55,366.46,1.0,26915808
2026-07-07,NASDAQ:GOOGL,373.16,365.5,369.07,367.03,1.0,24045581
2026-07-08,NASDAQ:GOOGL,367.84,358.02,364.76,361.92,1.0,22094769
2026-07-09,NASDAQ:GOOGL,359.65,351.08,354.31,358.89,1.0,24729093
2026-07-10,NASDAQ:GOOGL,357.82,352.75,357.525,357.18,1.0,18146146
2026-07-13,NASDAQ:GOOGL,358.13,351.75,356.19,352.51,1.0,15901732
2026-07-14,NASDAQ:GOOGL,360.16,351.09,351.195,359.51,1.0,18259355
2026-07-15,NASDAQ:GOOGL,373.65,357.76,357.97,370.92,1.0,28284564
2026-07-16,NASDAQ:GOOGL,375.27,352.3001,373.06,354.46,1.0,41158466
2026-07-17,NASDAQ:GOOGL,348.52,341.36,346.0,346.77,1.0,29959283
2026-07-20,NASDAQ:GOOGL,359.68,350.52,350.88,351.99,1.0,24736644
2026-07-21,NASDAQ:GOOGL,351.32,347.0,351.32,347.15,1.0,23369833
2026-07-22,NASDAQ:GOOGL,349.94,341.73,348.155,342.09,1.0,39334140
2026-07-23,NASDAQ:GOOGL,324.49,314.9,321.13,317.69,1.0,69419700
2026-07-24,NASDAQ:GOOGL,324.18,317.32,318.42,319.74,1.0,31806553
2026-07-27,NASDAQ:GOOGL,330.42,324.45,325.04,326.56,1.0,28471593
2026-07-28,NASDAQ:GOOGL,335.88,324.44,327.9,333.71,1.0,29511940
2026-07-29,NASDAQ:GOOGL,342.5,331.62,334.665,336.71,1.0,27501632
2026-07-30,NASDAQ:GOOGL,336.51,330.34,334.195,333.66,1.0,30168000
2026-07-31,NASDAQ:GOOGL,358.58,340.0,340.83,356.13,1.0,46498023
2026-08-03,NASDAQ:GOOGL,376.6932,363.35,365.445,373.51,1.0,38669652
2026-08-04,NASDAQ:GOOGL,380.52,367.5,368.22,377.65,1.0,35705703
2026-08-05,NASDAQ:GOOGL,384.48,356.77,383.34,362.43,1.0,46926339
2026-08-06,NASDAQ:GOOGL,364.1259,356.88,360.77,357.75,1.0,25235895
2026-08-07,NASDAQ:GOOGL,358.9,353.78,356.72,354.3,1.0,19859905
2026-08-10,NASDAQ:GOOGL,357.61,352.71,355.175,357.52,1.0,18991368
2026-08-11,NASDAQ:GOOGL,356.81,343.39,355.89,343.8,1.0,29081802
2026-08-12,NASDAQ:GOOGL,346.48,340.88,346.31,343.54,1.0,25011987
2026-08-13,NASDAQ:GOOGL,347.93,343.76,345.77,346.36,1.0,17866072
2026-08-14,NASDAQ:GOOGL,350.45,344.5,346.8,345.9,1.0,17808598
2026-08-17,NASDAQ:GOOGL,347.25,341.93,346.265,344.0,1.0,18291309
2026-08-18,NASDAQ:GOOGL,344.8699,340.19,342.405,344.2,1.0,19248828
2026-08-19,NASDAQ:GOOGL,346.73,340.66,342.455,344.72,1.0,19733808
2026-08-20,NASDAQ:GOOGL,343.9,338.5651,343.06,340.67,1.0,18570357
2026-08-21,NASDAQ:GOOGL,346.2,340.4,342.575,344.82,1.0,20849776
2026-08-24,NASDAQ:GOOGL,351.6,342.49,343.615,348.06,1.0,26338229
2026-08-25,NASDAQ:GOOGL,350.16,345.6,349.64,346.96,1.0,20649680
2026-08-26,NASDAQ:GOOGL,346.88,340.18,346.62,342.0,1.0,20420257
2026-08-27,NASDAQ:GOOGL,341.69,338.52,339.67,340.65,1.0,23391389
2026-08-28,NASDAQ:GOOGL,349.14,340.27,340.705,346.59,1.0,25347206
2026-08-31,NASDAQ:GOOGL,344.59,337.156,343.825,339.35,1.0,33493632
2026-09-01,NASDAQ:GOOGL,337.2,333.05,336.0,335.02,1.0,23342665
2026-09-02,NASDAQ:GOOGL,340.0,332.82,334.06,337.12,1.0,22582286
2026-09-03,NASDAQ:GOOGL,344.66,340.06,340.49,342.48,1.0,20693226
2026-04-06,NYSE:TDG,1190.03,1158.5,1168.0,1189.64,1.0,216203
2026-04-07,NYSE:TDG,1182.9,1165.08,1182.9,1169.57,1.0,302203
2026-04-08,NYSE:TDG,1225.26,1191.2,1191.2,1219.88,1.0,305426
2026-04-09,NYSE:TDG,1234.13,1207.26,1211.87,1225.52,1.0,198229
2026-04-10,NYSE:TDG,1221.0,1199.39,1221.0,1207.18,1.0,205659
2026-04-13,NYSE:TDG,1235.5,1201.03,1207.2,1233.11,1.0,328866
2026-04-14,NYSE:TDG,1303.06,1268.87,1279.24,1296.58,1.0,471304
2026-04-15,NYSE:TDG,1301.38,1273.76,1297.08,1274.69,1.0,324105
2026-04-16,NYSE:TDG,1278.5,1218.3,1275.68,1228.23,1.0,386363
2026-04-17,NYSE:TDG,1290.11,1235.0,1239.0,1265.88,1.0,384888
2026-04-20,NYSE:TDG,1274.76,1260.0,1265.27,1274.62,1.0,246034
2026-04-21,NYSE:TDG,1274.5,1193.73,1267.28,1205.67,1.0,626035
2026-04-22,NYSE:TDG,1214.49,1180.23,1207.96,1187.75,1.0,425197
2026-04-23,NYSE:TDG,1197.9,1155.03,1188.32,1165.76,1.0,647013
2026-04-24,NYSE:TDG,1161.11,1136.26,1156.87,1148.18,1.0,633829
2026-04-27,NYSE:TDG,1165.9,1146.4,1146.4,1158.36,1.0,321179
2026-04-28,NYSE:TDG,1173.0,1136.36,1167.54,1154.06,1.0,291262
2026-04-29,NYSE:TDG,1155.0,1128.21,1154.21,1142.74,1.0,331498
2026-04-30,NYSE:TDG,1164.37,1141.95,1143.46,1159.98,1.0,343500
2026-05-01,NYSE:TDG,1171.67,1145.92,1171.58,1154.45,1.0,310994
2026-05-04,NYSE:TDG,1172.23,1149.22,1156.83,1149.72,1.0,421314
2026-05-05,NYSE:TDG,1234.0,1173.22,1220.0,1191.33,1.0,677479
2026-05-06,NYSE:TDG,1255.43,1221.86,1231.53,1233.37,1.0,472763
2026-05-07,NYSE:TDG,1262.26,1235.74,1239.79,1241.98,1.0,357425
2026-05-08,NYSE:TDG,1250.31,1209.06,1242.75,1215.08,1.0,284261
2026-05-11,NYSE:TDG,1226.5492,1191.89,1218.74,1198.67,1.0,405054
2026-05-12,NYSE:TDG,1205.7711,1179.19,1197.2,1191.19,1.0,486134
2026-05-13,NYSE:TDG,1204.44,1167.83,1182.58,1201.4,1.0,333242
2026-05-14,NYSE:TDG,1210.0,1170.61,1204.65,1178.82,1.0,333591
2026-05-15,NYSE:TDG,1178.07,1143.4,1174.71,1148.97,1.0,298384
2026-05-18,NYSE:TDG,1191.13,1145.01,1148.18,1182.35,1.0,563336
2026-05-19,NYSE:TDG,1199.22,1177.63,1181.28,1179.08,1.0,466471
2026-05-20,NYSE:TDG,1206.33,1169.67,1183.27,1198.09,1.0,354610
2026-05-21,NYSE:TDG,1220.73,1184.985,1187.72,1209.32,1.0,469706
2026-05-22,NYSE:TDG,1221.2,1207.355,1214.12,1213.51,1.0,448621
2026-05-26,NYSE:TDG,1234.0,1211.285,1226.29,1226.0,1.0,382374
2026-05-27,NYSE:TDG,1248.82,1223.65,1228.09,1240.91,1.0,435952
2026-05-28,NYSE:TDG,1280.11,1241.93,1242.0,1265.06,1.0,436348
2026-05-29,NYSE:TDG,1285.0,1244.54,1265.29,1258.32,1.0,399149
2026-06-01,NYSE:TDG,1255.24,1232.51,1243.88,1238.41,1.0,434044
2026-06-02,NYSE:TDG,1250.63,1224.5,1224.5,1246.98,1.0,397856
2026-06-03,NYSE:TDG,1242.35,1201.86,1235.8,1211.57,1.0,429381
2026-06-04,NYSE:TDG,1239.27,1223.835,1233.16,1228.09,1.0,325413
2026-06-05,NYSE:TDG,1242.22,1220.01,1234.07,1238.74,1.0,266056
2026-06-08,NYSE:TDG,1243.81,1203.35,1238.61,1206.28,1.0,270634
2026-06-09,NYSE:TDG,1258.1,1213.96,1214.55,1257.24,1.0,401433
2026-06-10,NYSE:TDG,1264.82,1207.73,1264.27,1212.36,1.0,307630
2026-06-11,NYSE:TDG,1259.4,1205.0,1209.87,1257.59,1.0,268766
2026-06-12,NYSE:TDG,1265.43,1231.01,1260.96,1256.05,1.0,245841
2026-06-15,NYSE:TDG,1288.17,1265.95,1273.38,1277.35,1.0,345994
2026-06-16,NYSE:TDG,1311.0,1278.01,1286.51,1301.2,1.0,484781
2026-06-17,NYSE:TDG,1331.33,1284.92,1291.86,1316.75,1.0,424547
2026-06-18,NYSE:TDG,1337.34,1304.86,1330.18,1328.31,1.0,741725
2026-06-22,NYSE:TDG,1321.0,1281.9362,1319.99,1295.9,1.0,397072
2026-06-23,NYSE:TDG,1308.3199,1280.7,1291.83,1297.68,1.0,334694
2026-06-24,NYSE:TDG,1333.065,1289.65,1294.42,1322.67,1.0,424703
2026-06-25,NYSE:TDG,1361.765,1321.38,1328.04,1332.56,1.0,359727
2026-06-26,NYSE:TDG,1331.27,1314.1,1327.99,1324.56,1.0,818096
2026-06-29,NYSE:TDG,1343.4,1315.25,1318.74,1323.44,1.0,450601
2026-06-30,NYSE:TDG,1336.165,1309.08,1330.19,1332.04,1.0,446059
2026-07-01,NYSE:TDG,1345.1,1304.74,1340.64,1309.18,1.0,423137
2026-07-02,NYSE:TDG,1350.74,1318.35,1324.36,1348.49,1.0,363104
2026-07-06,NYSE:TDG,1359.99,1334.91,1359.99,1346.12,1.0,242853
2026-07-07,NYSE:TDG,1358.55,1322.46,1352.96,1329.63,1.0,253161
2026-07-08,NYSE:TDG,1318.855,1288.0001,1310.87,1296.43,1.0,297095
2026-07-09,NYSE:TDG,1304.3399,1289.375,1297.76,1295.71,1.0,284753
2026-07-10,NYSE:TDG,1298.72,1280.5,1288.82,1291.35,1.0,260742
2026-07-13,NYSE:TDG,1280.82,1212.69,1277.66,1235.0,1.0,528583
2026-07-14,NYSE:TDG,1244.1571,1215.16,1228.67,1215.34,1.0,317058
2026-07-15,NYSE:TDG,1234.38,1195.0,1201.26,1232.18,1.0,351153
2026-07-16,NYSE:TDG,1240.37,1216.77,1225.64,1231.11,1.0,321048
2026-07-17,NYSE:TDG,1253.595,1209.37,1225.69,1214.43,1.0,300861
2026-07-20,NYSE:TDG,1227.07,1203.54,1221.62,1204.73,1.0,357044
2026-07-21,NYSE:TDG,1212.95,1197.7325,1203.26,1205.49,1.0,398886
2026-07-22,NYSE:TDG,1214.475,1192.075,1209.79,1194.7,1.0,439693
2026-07-23,NYSE:TDG,1227.73,1204.27,1206.02,1213.83,1.0,248241
2026-07-24,NYSE:TDG,1255.705,1217.13,1217.15,1236.71,1.0,269688
2026-07-27,NYSE:TDG,1291.86,1247.65,1250.99,1286.27,1.0,343831
2026-07-28,NYSE:TDG,1317.66,1288.905,1296.78,1307.97,1.0,292479
2026-07-29,NYSE:TDG,1298.5,1261.23,1298.5,1264.6,1.0,299121
2026-07-30,NYSE:TDG,1265.0,1236.88,1264.6,1249.91,1.0,306705
2026-07-31,NYSE:TDG,1265.08,1240.88,1249.79,1254.38,1.0,393093
2026-08-03,NYSE:TDG,1291.49,1260.04,1280.27,1285.56,1.0,711648
2026-08-04,NYSE:TDG,1359.273,1233.11,1355.6,1275.05,1.0,912269
2026-08-05,NYSE:TDG,1271.51,1234.24,1271.51,1254.71,1.0,879113
2026-08-06,NYSE:TDG,1280.17,1250.725,1264.08,1262.07,1.0,551718
2026-08-07,NYSE:TDG,1273.07,1220.42,1272.95,1225.25,1.0,521716
2026-08-10,NYSE:TDG,1234.98,1212.17,1230.0,1223.48,1.0,435828
2026-08-11,NYSE:TDG,1250.545,1221.08,1225.0,1242.04,1.0,545111
2026-08-12,NYSE:TDG,1251.06,1234.01,1244.68,1235.48,1.0,240793
2026-08-13,NYSE:TDG,1249.375,1216.67,1242.0,1246.31,1.0,380198
2026-08-14,NYSE:TDG,1265.7611,1238.4,1258.87,1256.9,1.0,438626
2026-08-17,NYSE:TDG,1257.1,1232.275,1257.0,1237.82,1.0,243342
2026-08-18,NYSE:TDG,1243.18,1225.175,1238.21,1233.78,1.0,250823
2026-08-19,NYSE:TDG,1240.2,1220.345,1235.0,1222.91,1.0,254145
2026-08-20,NYSE:TDG,1221.225,1179.95,1219.61,1180.4,1.0,440394
2026-08-21,NYSE:TDG,1206.2,1185.14,1188.04,1200.35,1.0,533795
2026-08-24,NYSE:TDG,1203.705,1187.85,1199.88,1199.08,1.0,466655
2026-08-25,NYSE:TDG,1212.38,1183.74,1211.33,1192.6,1.0,397792
2026-08-26,NYSE:TDG,1225.97,1197.39,1202.0,1207.06,1.0,432946
2026-08-27,NYSE:TDG,1201.15,1182.62,1200.51,1186.48,1.0,226965
2026-08-28,NYSE:TDG,1195.51,1179.0,1191.02,1185.97,1.0,192547
2026-08-31,NYSE:TDG,1185.47,1161.2505,1180.0,1171.74,1.0,496985
2026-09-01,NYSE:TDG,1182.0,1153.43,1169.73,1155.76,1.0,270352
2026-09-02,NYSE:TDG,1170.55,1152.27,1160.74,1153.75,1.0,333517
2026-09-03,NYSE:TDG,1164.12,1144.44,1157.89,1157.83,1.0,261283
2026-04-06,NASDAQ:BKR,60.9799,60.155,60.29,60.7,1.0,4945668
2026-04-07,NASDAQ:BKR,61.33,59.81,60.2,61.25,1.0,4921864
2026-04-08,NASDAQ:BKR,63.59,59.72,59.94,63.16,1.0,10998655
2026-04-09,NASDAQ:BKR,64.92,63.09,63.28,63.42,1.0,6071442
2026-04-10,NASDAQ:BKR,63.465,62.35,62.82,62.83,1.0,6210303
2026-04-13,NASDAQ:BKR,63.56,61.98,62.69,62.56,1.0,8546380
2026-04-14,NASDAQ:BKR,62.21,61.0,61.95,61.49,1.0,7766747
2026-04-15,NASDAQ:BKR,61.93,59.92,61.08,60.07,1.0,7567361
2026-04-16,NASDAQ:BKR,61.04,59.28,59.58,60.6,1.0,6974862
2026-04-17,NASDAQ:BKR,60.375,58.42,59.69,59.78,1.0,12531174
2026-04-20,NASDAQ:BKR,60.33,58.725,59.67,59.17,1.0,7100888
2026-04-21,NASDAQ:BKR,60.36,59.64,59.88,60.25,1.0,5466678
2026-04-22,NASDAQ:BKR,62.735,60.96,60.97,62.54,1.0,8205697
2026-04-23,NASDAQ:BKR,65.555,62.99,62.99,64.49,1.0,12147926
2026-04-24,NASDAQ:BKR,69.86,65.76,66.46,68.94,1.0,15504407
2026-04-27,NASDAQ:BKR,70.41,68.28,70.0,68.38,1.0,14274820
2026-04-28,NASDAQ:BKR,69.73,67.55,68.865,67.67,1.0,8516415
2026-04-29,NASDAQ:BKR,69.21,67.36,68.62,68.81,1.0,7800257
2026-04-30,NASDAQ:BKR,69.985,68.12,68.54,69.67,1.0,8012347
2026-05-01,NASDAQ:BKR,70.0,68.81,69.39,69.12,1.0,5440821
2026-05-04,NASDAQ:BKR,69.59,68.54,69.17,69.01,1.0,5481381
2026-05-05,NASDAQ:BKR,69.27,67.6601,68.9,67.78,1.0,5829209
2026-05-06,NASDAQ:BKR,67.72,65.96,66.758,66.67,1.0,9529276
2026-05-07,NASDAQ:BKR,65.285,62.46,65.285,63.53,1.0,12148283
2026-05-08,NASDAQ:BKR,64.565,63.35,63.61,63.89,1.0,7859568
2026-05-11,NASDAQ:BKR,65.11,63.845,63.98,64.6,1.0,6702236
2026-05-12,NASDAQ:BKR,65.71,63.61,64.48,65.24,1.0,6467301
2026-05-13,NASDAQ:BKR,65.65,64.525,65.215,65.41,1.0,6175454
2026-05-14,NASDAQ:BKR,65.56,64.15,64.63,64.61,1.0,5912898
2026-05-15,NASDAQ:BKR,65.05,64.03,64.61,64.12,1.0,7867505
2026-05-18,NASDAQ:BKR,66.26,63.72,64.12,66.205,1.0,7541828
2026-05-19,NASDAQ:BKR,66.49,65.17,66.42,65.47,1.0,9083799
2026-05-20,NASDAQ:BKR,67.43,65.76,65.76,66.79,1.0,8693808
2026-05-21,NASDAQ:BKR,67.63,65.665,67.4,65.8,1.0,6403792
2026-05-22,NASDAQ:BKR,66.5,64.615,65.4,66.06,1.0,8384059
2026-05-26,NASDAQ:BKR,67.92,65.815,66.06,66.73,1.0,8303809
2026-05-27,NASDAQ:BKR,65.31,62.563,65.26,63.2,1.0,8618529
2026-05-28,NASDAQ:BKR,64.75,62.385,63.86,64.71,1.0,9186617
2026-05-29,NASDAQ:BKR,65.11,63.78,64.43,63.88,1.0,14363860
2026-06-01,NASDAQ:BKR,63.69,62.34,63.61,62.97,1.0,5840055
2026-06-02,NASDAQ:BKR,64.6,62.55,62.56,64.54,1.0,5429453
2026-06-03,NASDAQ:BKR,64.925,63.71,64.22,64.27,1.0,6247132
2026-06-04,NASDAQ:BKR,66.24,63.88,64.24,66.11,1.0,6407176
2026-06-05,NASDAQ:BKR,65.56,62.58,65.45,62.59,1.0,7172949
2026-06-08,NASDAQ:BKR,65.23,63.71,63.76,64.84,1.0,6131142
2026-06-09,NASDAQ:BKR,65.445,62.56,65.445,63.55,1.0,6599598
2026-06-10,NASDAQ:BKR,64.3,63.01,63.38,63.02,1.0,5779141
2026-06-11,NASDAQ:BKR,64.47,62.685,63.97,63.48,1.0,6552220
2026-06-12,NASDAQ:BKR,63.8,62.5,63.18,63.14,1.0,7098335
2026-06-15,NASDAQ:BKR,62.77,61.4438,62.38,62.46,1.0,7437027
2026-06-16,NASDAQ:BKR,62.48,61.28,61.625,61.52,1.0,6106891
2026-06-17,NASDAQ:BKR,61.42,59.93,61.25,60.07,1.0,6158159
2026-06-18,NASDAQ:BKR,60.0,57.98,59.905,58.41,1.0,17607054
2026-06-22,NASDAQ:BKR,59.42,57.49,58.8,59.15,1.0,8686148
2026-06-23,NASDAQ:BKR,59.34,58.22,58.63,58.68,1.0,6471462
2026-06-24,NASDAQ:BKR,57.465,55.56,57.18,56.38,1.0,12636066
2026-06-25,NASDAQ:BKR,57.805,55.685,55.995,56.94,1.0,10583446
2026-06-26,NASDAQ:BKR,56.97,56.0152,56.25,56.56,1.0,8969106
2026-06-29,NASDAQ:BKR,57.485,56.09,56.162,56.31,1.0,5859754
2026-06-30,NASDAQ:BKR,57.38,55.39,56.54,55.5,1.0,14469759
2026-07-01,NASDAQ:BKR,55.35,53.69,55.05,53.82,1.0,9490741
2026-07-02,NASDAQ:BKR,54.35,52.27,53.88,52.78,1.0,12191791
2026-07-06,NASDAQ:BKR,54.38,53.0,53.238,53.25,1.0,15986189
2026-07-07,NASDAQ:BKR,54.89,53.27,53.27,54.47,1.0,7755709
2026-07-08,NASDAQ:BKR,57.67,55.14,55.854,57.58,1.0,16775572
2026-07-09,NASDAQ:BKR,57.8,56.79,57.674,57.2,1.0,7668753
2026-07-10,NASDAQ:BKR,57.835,57.15,57.2,57.56,1.0,5286475
2026-07-13,NASDAQ:BKR,59.13,57.5,58.1,57.66,1.0,6118401
2026-07-14,NASDAQ:BKR,58.85,57.015,58.49,57.775,1.0,6316257
2026-07-15,NASDAQ:BKR,58.065,55.95,57.75,57.25,1.0,8258026
2026-07-16,NASDAQ:BKR,57.5,56.3203,57.05,56.54,1.0,7730979
2026-07-17,NASDAQ:BKR,56.76,55.56,56.66,55.95,1.0,11591799
2026-07-20,NASDAQ:BKR,56.24,55.05,56.24,55.15,1.0,5745831
2026-07-21,NASDAQ:BKR,56.925,54.42,55.75,56.38,1.0,11984034
2026-07-22,NASDAQ:BKR,57.63,56.32,56.91,56.6,1.0,9565907
2026-07-23,NASDAQ:BKR,57.825,55.995,57.64,56.09,1.0,9730946
2026-07-24,NASDAQ:BKR,58.2,57.01,57.01,57.25,1.0,9878858
2026-07-27,NASDAQ:BKR,62.67,59.84,60.625,60.59,1.0,15188574
2026-07-28,NASDAQ:BKR,60.99,57.87,60.1,58.46,1.0,12312475
2026-07-29,NASDAQ:BKR,60.465,58.54,60.45,58.72,1.0,20170248
2026-07-30,NASDAQ:BKR,60.12,58.73,59.18,59.9,1.0,9296640
2026-07-31,NASDAQ:BKR,61.26,59.99,60.73,60.49,1.0,5760926
2026-08-03,NASDAQ:BKR,60.975,59.08,60.015,60.81,1.0,6713982
2026-08-04,NASDAQ:BKR,61.85,60.18,60.44,61.73,1.0,7363383
2026-08-05,NASDAQ:BKR,62.54,61.115,62.54,61.67,1.0,5791801
2026-08-06,NASDAQ:BKR,63.31,62.09,62.34,62.75,1.0,4996829
2026-08-07,NASDAQ:BKR,62.84,61.54,62.09,61.55,1.0,7322512
2026-08-10,NASDAQ:BKR,64.265,62.0,62.05,64.07,1.0,5273506
2026-08-11,NASDAQ:BKR,64.845,64.07,64.23,64.81,1.0,5499356
2026-08-12,NASDAQ:BKR,65.095,64.24,64.81,64.28,1.0,7498688
2026-08-13,NASDAQ:BKR,64.03,62.5,63.96,63.44,1.0,7870781
2026-08-14,NASDAQ:BKR,65.17,63.47,63.54,64.82,1.0,6692534
2026-08-17,NASDAQ:BKR,65.4358,64.1,65.26,64.9,1.0,5895568
2026-08-18,NASDAQ:BKR,65.2,64.16,65.05,64.44,1.0,6350267
2026-08-19,NASDAQ:BKR,65.18,63.965,65.1,64.48,1.0,4812035
2026-08-20,NASDAQ:BKR,65.08,62.675,64.2,62.78,1.0,6291812
2026-08-21,NASDAQ:BKR,64.045,62.29,62.97,62.34,1.0,5651356
2026-08-24,NASDAQ:BKR,62.4699,61.13,62.07,61.985,1.0,5229481
2026-08-25,NASDAQ:BKR,63.02,61.72,62.27,61.82,1.0,4808687
2026-08-26,NASDAQ:BKR,62.43,60.93,61.81,62.0,1.0,5247614
2026-08-27,NASDAQ:BKR,63.09,60.865,61.7,62.11,1.0,8548849
2026-08-28,NASDAQ:BKR,62.6199,61.67,62.5,62.41,1.0,5705791
2026-08-31,NASDAQ:BKR,63.96,62.69,63.12,63.55,1.0,11223875
2026-09-01,NASDAQ:BKR,64.275,63.13,63.87,63.655,1.0,6048164
2026-09-02,NASDAQ:BKR,65.265,62.71,63.02,64.63,1.0,5193732
2026-09-03,NASDAQ:BKR,64.95,63.59,64.36,63.64,1.0,4621191
2026-04-06,NASDAQ:HOLX,76.07,76.0,76.01,76.01,1.0,102025619
2026-04-07,NASDAQ:HOLX,76.01,76.01,76.01,76.01,1.0,0
2026-04-06,NASDAQ:SFIX,3.48,3.16,3.4,3.19,1.0,1948520
2026-04-07,NASDAQ:SFIX,3.18,3.035,3.16,3.11,1.0,1927549
2026-04-08,NASDAQ:SFIX,3.37,3.08,3.27,3.115,1.0,1775158
2026-04-09,NASDAQ:SFIX,3.205,3.01,3.1,3.18,1.0,1865119
2026-04-10,NASDAQ:SFIX,3.17,3.02,3.17,3.07,1.0,1839510
2026-04-13,NASDAQ:SFIX,3.26,3.01,3.02,3.24,1.0,1641374
2026-04-14,NASDAQ:SFIX,3.395,3.16,3.26,3.33,1.0,1438454
2026-04-15,NASDAQ:SFIX,3.715,3.3201,3.36,3.63,1.0,2021982
2026-04-16,NASDAQ:SFIX,3.74,3.595,3.63,3.7,1.0,1570454
2026-04-17,NASDAQ:SFIX,4.0091,3.8,3.82,3.85,1.0,2196876
2026-04-20,NASDAQ:SFIX,4.13,3.815,3.85,4.07,1.0,1574041
2026-04-21,NASDAQ:SFIX,4.08,3.92,4.08,3.97,1.0,1729201
2026-04-22,NASDAQ:SFIX,4.05,3.905,3.99,3.99,1.0,1781658
2026-04-23,NASDAQ:SFIX,4.06,3.73,4.01,3.79,1.0,1558388
2026-04-24,NASDAQ:SFIX,3.89,3.69,3.78,3.85,1.0,1301066
2026-04-27,NASDAQ:SFIX,3.906,3.73,3.852,3.735,1.0,1105004
2026-04-28,NASDAQ:SFIX,3.79,3.685,3.74,3.74,1.0,1072409
2026-04-29,NASDAQ:SFIX,3.78,3.62,3.7,3.67,1.0,1022731
2026-04-30,NASDAQ:SFIX,3.68,3.53,3.63,3.64,1.0,1970109
2026-05-01,NASDAQ:SFIX,3.83,3.665,3.67,3.79,1.0,1163914
2026-05-04,NASDAQ:SFIX,3.83,3.5,3.76,3.61,1.0,1479083
2026-05-05,NASDAQ:SFIX,3.815,3.61,3.62,3.71,1.0,1134923
2026-05-06,NASDAQ:SFIX,3.79,3.59,3.74,3.65,1.0,1577448
2026-05-07,NASDAQ:SFIX,3.715,3.45,3.61,3.6,1.0,1531615
2026-05-08,NASDAQ:SFIX,3.6,3.46,3.59,3.57,1.0,926035
2026-05-11,NASDAQ:SFIX,3.55,3.27,3.55,3.28,1.0,1415549
2026-05-12,NASDAQ:SFIX,3.28,3.12,3.23,3.21,1.0,1563798
2026-05-13,NASDAQ:SFIX,3.2,2.965,3.15,3.125,1.0,2263234
2026-05-14,NASDAQ:SFIX,3.19,3.07,3.15,3.1,1.0,1207156
2026-05-15,NASDAQ:SFIX,3.155,3.01,3.08,3.06,1.0,1286854
2026-05-18,NASDAQ:SFIX,3.1,2.98,3.05,3.07,1.0,2207867
2026-05-19,NASDAQ:SFIX,3.07,2.9939999999999998,3.06,3.06,1.0,2459705
2026-05-20,NASDAQ:SFIX,3.2,2.95,3.06,3.2,1.0,3842961
2026-05-21,NASDAQ:SFIX,3.37,3.135,3.16,3.35,1.0,2314381
2026-05-22,NASDAQ:SFIX,3.43,3.29,3.36,3.33,1.0,1414779
2026-05-26,NASDAQ:SFIX,3.595,3.34,3.34,3.4,1.0,1917566
2026-05-27,NASDAQ:SFIX,3.63,3.395,3.44,3.53,1.0,1995954
2026-05-28,NASDAQ:SFIX,3.775,3.62,3.63,3.69,1.0,2524279
2026-05-29,NASDAQ:SFIX,3.685,3.55,3.68,3.56,1.0,1621207
2026-06-01,NASDAQ:SFIX,3.7,3.47,3.48,3.61,1.0,2197358
2026-06-02,NASDAQ:SFIX,3.64,3.47,3.64,3.52,1.0,946815
2026-06-03,NASDAQ:SFIX,3.53,3.405,3.53,3.43,1.0,1563447
2026-06-04,NASDAQ:SFIX,3.7,3.5,3.52,3.67,1.0,1429784
2026-06-05,NASDAQ:SFIX,3.675,3.365,3.66,3.42,1.0,1376594
2026-06-08,NASDAQ:SFIX,3.68,3.45,3.47,3.66,1.0,1630065
2026-06-09,NASDAQ:SFIX,3.92,3.5203,3.67,3.62,1.0,2138521
2026-06-10,NASDAQ:SFIX,3.76,3.5201,3.56,3.6,1.0,2693164
2026-06-11,NASDAQ:SFIX,4.305,3.75,3.83,4.2,1.0,6232944
2026-06-12,NASDAQ:SFIX,4.17,3.7701,4.11,3.845,1.0,3557434
2026-06-15,NASDAQ:SFIX,4.245,3.87,3.89,4.23,1.0,4296958
2026-06-16,NASDAQ:SFIX,4.24,4.08,4.22,4.16,1.0,2243808
2026-06-17,NASDAQ:SFIX,4.24,3.82,4.13,3.84,1.0,3113632
2026-06-18,NASDAQ:SFIX,4.07,3.85,3.85,4.03,1.0,3908191
2026-06-22,NASDAQ:SFIX,4.125,3.89,4.03,4.01,1.0,2590140
2026-06-23,NASDAQ:SFIX,4.34,4.01,4.02,4.33,1.0,2873534
2026-06-24,NASDAQ:SFIX,4.555,4.31,4.31,4.41,1.0,2752771
2026-06-25,NASDAQ:SFIX,4.49,4.225,4.41,4.3,1.0,2424131
2026-06-26,NASDAQ:SFIX,4.58,4.27,4.3,4.54,1.0,6019161
2026-06-29,NASDAQ:SFIX,4.51,4.35,4.51,4.38,1.0,2053857
2026-06-30,NASDAQ:SFIX,4.4,4.08,4.36,4.11,1.0,1658859
2026-07-01,NASDAQ:SFIX,4.18,4.0,4.13,4.01,1.0,1623350
2026-07-02,NASDAQ:SFIX,4.045,3.765,4.0,3.84,1.0,1951503
2026-07-06,NASDAQ:SFIX,3.85,3.705,3.84,3.84,1.0,1769218
2026-07-07,NASDAQ:SFIX,3.841,3.705,3.82,3.72,1.0,1250093
2026-07-08,NASDAQ:SFIX,3.6831,3.51,3.662,3.55,1.0,1327350
2026-07-09,NASDAQ:SFIX,3.57,3.495,3.53,3.52,1.0,884758
2026-07-10,NASDAQ:SFIX,3.575,3.49,3.52,3.56,1.0,1330220
2026-07-13,NASDAQ:SFIX,3.67,3.565,3.61,3.62,1.0,1415406
2026-07-14,NASDAQ:SFIX,3.72,3.57,3.68,3.72,1.0,1165171
2026-07-15,NASDAQ:SFIX,3.98,3.74,3.76,3.87,1.0,1082322
2026-07-16,NASDAQ:SFIX,3.985,3.86,3.91,3.94,1.0,1405343
2026-07-17,NASDAQ:SFIX,3.975,3.75,3.86,3.79,1.0,957297
2026-07-20,NASDAQ:SFIX,3.99,3.735,3.82,3.91,1.0,1263365
2026-07-21,NASDAQ:SFIX,3.96,3.785,3.85,3.84,1.0,1251808
2026-07-22,NASDAQ:SFIX,3.8789999999999996,3.69,3.84,3.75,1.0,1154842
2026-07-23,NASDAQ:SFIX,3.69,3.465,3.65,3.53,1.0,1289913
2026-07-24,NASDAQ:SFIX,3.65,3.425,3.55,3.58,1.0,1006917
2026-07-27,NASDAQ:SFIX,4.03,3.645,3.7,4.02,1.0,1353826
2026-07-28,NASDAQ:SFIX,4.225,3.995,4.05,4.22,1.0,1986280
2026-07-29,NASDAQ:SFIX,4.32,4.165,4.19,4.245,1.0,1620764
2026-07-30,NASDAQ:SFIX,4.29,4.005,4.22,4.1,1.0,1384153
2026-07-31,NASDAQ:SFIX,4.11,4.0,4.06,4.02,1.0,1300578
2026-08-03,NASDAQ:SFIX,4.19,4.035,4.05,4.14,1.0,1806781
2026-08-04,NASDAQ:SFIX,4.275,4.14,4.14,4.25,1.0,2016210
2026-08-05,NASDAQ:SFIX,4.42,4.1,4.33,4.12,1.0,1610226
2026-08-06,NASDAQ:SFIX,4.14,3.945,4.12,4.03,1.0,2286835
2026-08-07,NASDAQ:SFIX,4.245,4.04,4.04,4.2,1.0,1208886
2026-08-10,NASDAQ:SFIX,4.115,3.97,4.08,3.97,1.0,1498399
2026-08-11,NASDAQ:SFIX,3.98,3.72,3.93,3.74,1.0,1332377
2026-08-12,NASDAQ:SFIX,3.775,3.515,3.71,3.55,1.0,1775919
2026-08-13,NASDAQ:SFIX,3.71,3.505,3.57,3.65,1.0,1391154
2026-08-14,NASDAQ:SFIX,3.665,3.525,3.64,3.59,1.0,987479
2026-08-17,NASDAQ:SFIX,3.6,3.32,3.59,3.33,1.0,1305343
2026-08-18,NASDAQ:SFIX,3.42,3.27,3.32,3.27,1.0,1286894
2026-08-19,NASDAQ:SFIX,3.41,3.31,3.33,3.36,1.0,1009374
2026-08-20,NASDAQ:SFIX,3.38,3.18,3.27,3.34,1.0,2004396
2026-08-21,NASDAQ:SFIX,3.39,3.29,3.35,3.34,1.0,1454203
2026-08-24,NASDAQ:SFIX,3.36,3.26,3.31,3.29,1.0,1154435
2026-08-25,NASDAQ:SFIX,3.3,3.15,3.28,3.17,1.0,1551206
2026-08-26,NASDAQ:SFIX,3.21,3.125,3.1860000000000004,3.17,1.0,1053171
2026-08-27,NASDAQ:SFIX,3.17,3.06,3.14,3.09,1.0,1353602
2026-08-28,NASDAQ:SFIX,3.275,3.11,3.12,3.145,1.0,1624892
2026-08-31,NASDAQ:SFIX,3.21,3.05,3.14,3.17,1.0,2016306
2026-09-01,NASDAQ:SFIX,3.165,3.0,3.13,3.01,1.0,1583796
2026-09-02,NASDAQ:SFIX,3.1,3.005,3.01,3.09,1.0,1756829
2026-09-03,NASDAQ:SFIX,3.155,3.03,3.14,3.07,1.0,1120155
2026-04-06,NYSE:CMI,552.41,541.66,547.5,551.99,1.0,437179
2026-04-07,NYSE:CMI,557.88,545.3301,549.78,556.78,1.0,554091
2026-04-08,NYSE:CMI,596.95,581.0,581.0,596.65,1.0,866917
2026-04-09,NYSE:CMI,614.23,594.405,597.04,610.99,1.0,666835
2026-04-10,NYSE:CMI,620.7799,612.62,616.3,616.14,1.0,612613
2026-04-13,NYSE:CMI,619.8,609.435,613.74,618.28,1.0,652624
2026-04-14,NYSE:CMI,620.48,612.525,620.0,615.56,1.0,503200
2026-04-15,NYSE:CMI,612.46,586.49,610.14,601.46,1.0,862538
2026-04-16,NYSE:CMI,609.02,586.605,597.67,608.89,1.0,988475
2026-04-17,NYSE:CMI,628.0,614.24,615.63,627.18,1.0,1295208
2026-04-20,NYSE:CMI,636.67,622.76,626.83,636.61,1.0,870962
2026-04-21,NYSE:CMI,647.0,633.53,636.61,638.99,1.0,678824
2026-04-22,NYSE:CMI,650.37,638.47,649.51,639.22,1.0,885094
2026-04-23,NYSE:CMI,663.01,642.5,644.23,656.93,1.0,721577
2026-04-24,NYSE:CMI,663.375,646.44,656.68,660.75,1.0,527195
2026-04-27,NYSE:CMI,665.13,646.35,663.28,660.78,1.0,674554
2026-04-28,NYSE:CMI,654.305,637.11,654.07,642.45,1.0,624672
2026-04-29,NYSE:CMI,648.59,636.66,645.35,638.95,1.0,507564
2026-04-30,NYSE:CMI,674.75,649.21,650.47,671.01,1.0,880048
2026-05-01,NYSE:CMI,669.44,656.65,666.52,657.44,1.0,682816
2026-05-04,NYSE:CMI,669.06,653.74,656.06,656.73,1.0,1191569
2026-05-05,NYSE:CMI,689.35,655.85,683.5,674.88,1.0,1454625
2026-05-06,NYSE:CMI,717.33,689.69,691.5,715.76,1.0,1296817
2026-05-07,NYSE:CMI,718.08,680.75,712.81,682.88,1.0,1169222
2026-05-08,NYSE:CMI,693.3099,676.9,689.71,679.55,1.0,907298
2026-05-11,NYSE:CMI,702.66,678.04,682.93,702.66,1.0,831896
2026-05-12,NYSE:CMI,706.995,688.0,696.58,704.56,1.0,931668
2026-05-13,NYSE:CMI,716.36,702.86,710.0,709.57,1.0,908989
2026-05-14,NYSE:CMI,717.96,707.3,710.19,716.45,1.0,795801
2026-05-15,NYSE:CMI,704.045,692.0,703.03,696.53,1.0,990599
2026-05-18,NYSE:CMI,694.75,670.355,694.75,677.87,1.0,1034696
2026-05-19,NYSE:CMI,668.56,647.78,667.61,659.46,1.0,878551
2026-05-20,NYSE:CMI,673.7,656.42,659.84,669.87,1.0,680373
2026-05-21,NYSE:CMI,667.45,630.43,664.05,638.78,1.0,1613305
2026-05-22,NYSE:CMI,656.15,628.09,647.91,639.55,1.0,1107080
2026-05-26,NYSE:CMI,669.35,649.5,654.02,668.75,1.0,994907
2026-05-27,NYSE:CMI,674.12,658.65,673.27,667.85,1.0,732237
2026-05-28,NYSE:CMI,673.6,652.7001,660.58,668.68,1.0,740764
2026-05-29,NYSE:CMI,672.95,646.2,665.87,646.63,1.0,1473532
2026-06-01,NYSE:CMI,645.01,628.62,638.77,643.5,1.0,907290
2026-06-02,NYSE:CMI,674.02,648.62,650.17,672.67,1.0,1068470
2026-06-03,NYSE:CMI,694.435,671.91,674.82,682.33,1.0,895276
2026-06-04,NYSE:CMI,686.85,668.175,672.31,678.1,1.0,837311
2026-06-05,NYSE:CMI,671.03,650.65,669.54,651.22,1.0,981864
2026-06-08,NYSE:CMI,676.12,662.66,668.07,672.68,1.0,1111813
2026-06-09,NYSE:CMI,684.21,641.62,677.29,669.23,1.0,902644
2026-06-10,NYSE:CMI,667.2999,630.15,662.64,630.52,1.0,1087940
2026-06-11,NYSE:CMI,659.15,630.16,643.71,655.69,1.0,1021066
2026-06-12,NYSE:CMI,666.7427,655.68,664.0,659.58,1.0,595349
2026-06-15,NYSE:CMI,688.0,673.8519,679.36,679.71,1.0,856698
2026-06-16,NYSE:CMI,707.34,680.805,682.51,699.97,1.0,1312562
2026-06-17,NYSE:CMI,733.4810000000001,710.69,714.92,717.78,1.0,1851842
2026-06-18,NYSE:CMI,737.76,710.1,732.89,716.86,1.0,2075231
2026-06-22,NYSE:CMI,731.54,716.93,720.0,724.93,1.0,1079422
2026-06-23,NYSE:CMI,711.36,685.26,700.875,699.05,1.0,812579
2026-06-24,NYSE:CMI,708.31,688.0605,693.6,694.87,1.0,735875
2026-06-25,NYSE:CMI,728.32,707.69,707.91,727.59,1.0,914987
2026-06-26,NYSE:CMI,711.67,681.86,709.06,685.87,1.0,4262240
2026-06-29,NYSE:CMI,702.3,680.1929,682.0,691.09,1.0,959299
2026-06-30,NYSE:CMI,713.29,692.7544,696.9,713.21,1.0,817493
2026-07-01,NYSE:CMI,701.385,681.2,700.0,682.32,1.0,821261
2026-07-02,NYSE:CMI,687.7899,653.95,683.0,661.7,1.0,879608
2026-07-06,NYSE:CMI,679.555,666.64,667.14,678.24,1.0,679564
2026-07-07,NYSE:CMI,666.97,643.59,662.15,660.14,1.0,1038571
2026-07-08,NYSE:CMI,670.96,651.7805,655.0,669.21,1.0,872237
2026-07-09,NYSE:CMI,691.73,670.51,686.08,673.39,1.0,914208
2026-07-10,NYSE:CMI,685.61,669.73,672.16,675.95,1.0,572906
2026-07-13,NYSE:CMI,675.0,660.1201,666.24,664.39,1.0,674356
2026-07-14,NYSE:CMI,685.99,664.2901,683.67,675.54,1.0,776880
2026-07-15,NYSE:CMI,679.13,650.79,678.95,666.13,1.0,847729
2026-07-16,NYSE:CMI,669.0976,640.02,657.03,647.83,1.0,1102371
2026-07-17,NYSE:CMI,654.99,622.35,630.0,648.48,1.0,1122959
2026-07-20,NYSE:CMI,657.55,638.3,652.0,639.43,1.0,818140
2026-07-21,NYSE:CMI,663.14,647.7,655.0,660.45,1.0,725364
2026-07-22,NYSE:CMI,668.92,650.0,654.74,660.75,1.0,630979
2026-07-23,NYSE:CMI,671.3335,659.0,660.29,665.03,1.0,804254
2026-07-24,NYSE:CMI,671.24,657.75,665.03,664.65,1.0,677249
2026-07-27,NYSE:CMI,671.34,642.095,664.19,661.84,1.0,1004316
2026-07-28,NYSE:CMI,650.46,628.965,650.03,641.6,1.0,1296823
2026-07-29,NYSE:CMI,635.01,597.35,634.23,606.0,1.0,1332321
2026-07-30,NYSE:CMI,641.98,619.0843,629.07,632.98,1.0,1062811
2026-07-31,NYSE:CMI,651.73,629.34,649.92,634.2,1.0,891474
2026-08-03,NYSE:CMI,652.5,631.0,636.79,648.85,1.0,1306906
2026-08-04,NYSE:CMI,640.82,577.7180000000001,578.9,635.96,1.0,2535187
2026-08-05,NYSE:CMI,661.01,639.975,644.88,650.25,1.0,1464056
2026-08-06,NYSE:CMI,654.34,637.48,644.46,643.98,1.0,811674
2026-08-07,NYSE:CMI,650.29,636.94,649.71,644.26,1.0,963764
2026-08-10,NYSE:CMI,653.0,632.39,649.37,634.82,1.0,679857
2026-08-11,NYSE:CMI,648.635,632.0375,640.11,632.95,1.0,496826
2026-08-12,NYSE:CMI,649.95,636.005,648.0,637.85,1.0,800058
2026-08-13,NYSE:CMI,641.175,629.58,640.26,631.61,1.0,560209
2026-08-14,NYSE:CMI,639.96,628.245,634.745,631.26,1.0,577957
2026-08-17,NYSE:CMI,644.8119820000001,632.39,634.6,641.16,1.0,669368
2026-08-18,NYSE:CMI,632.47,617.65,629.05,620.81,1.0,793050
2026-08-19,NYSE:CMI,621.45,603.0,621.44,608.37,1.0,844336
2026-08-20,NYSE:CMI,608.07,592.03,604.21,593.24,1.0,921339
2026-08-21,NYSE:CMI,602.025,587.2,599.71,587.68,1.0,920705
2026-08-24,NYSE:CMI,587.71,568.9,587.0,571.62,1.0,1250222
2026-08-25,NYSE:CMI,583.54,569.5,583.54,572.67,1.0,742305
2026-08-26,NYSE:CMI,581.68,573.5,578.77,578.14,1.0,742512
2026-08-27,NYSE:CMI,586.19,566.49,584.63,573.87,1.0,1003978
2026-08-28,NYSE:CMI,580.2387,561.47,576.96,564.85,1.0,767511
2026-08-31,NYSE:CMI,570.45,558.5,565.48,564.4,1.0,1260790
2026-09-01,NYSE:CMI,561.59,550.02,557.9,551.15,1.0,1102072
2026-09-02,NYSE:CMI,556.3675,542.7,545.0,550.9,1.0,1375330
2026-09-03,NYSE:CMI,553.845,543.89,553.0,545.5,1.0,1578561
2026-04-06,NASDAQ:CTAS,174.97,171.555,173.43,171.69,1.0,1697412
2026-04-07,NASDAQ:CTAS,172.46,168.99,172.03,170.28,1.0,2484212
2026-04-08,NASDAQ:CTAS,176.785,171.57,171.57,174.59,1.0,2474629
2026-04-09,NASDAQ:CTAS,174.32,172.15099999999998,173.28,174.15,1.0,1795489
2026-04-10,NASDAQ:CTAS,175.65,173.165,173.985,174.93,1.0,2351648
2026-04-13,NASDAQ:CTAS,176.39,173.62,174.93,175.68,1.0,1869631
2026-04-14,NASDAQ:CTAS,176.64,174.81,175.68,176.14,1.0,2061806
2026-04-15,NASDAQ:CTAS,177.28,174.83,175.955,176.46,1.0,2253394
2026-04-16,NASDAQ:CTAS,178.74,176.435,176.49,177.52,1.0,1754261
2026-04-17,NASDAQ:CTAS,180.7,177.5,179.33,179.17,1.0,1619488
2026-04-20,NASDAQ:CTAS,180.235,177.67,178.46,178.69,1.0,1681377
2026-04-21,NASDAQ:CTAS,179.168,175.2775,177.9,176.26,1.0,1991036
2026-04-22,NASDAQ:CTAS,176.85,173.54,176.315,174.66,1.0,1405077
2026-04-23,NASDAQ:CTAS,178.245,174.0,174.23,177.62,1.0,2310057
2026-04-24,NASDAQ:CTAS,177.0299,173.42,176.05,175.9,1.0,1589931
2026-04-27,NASDAQ:CTAS,176.5205,173.61,175.27,174.04,1.0,1771786
2026-04-28,NASDAQ:CTAS,175.73,172.24,174.76,174.22,1.0,1798979
2026-04-29,NASDAQ:CTAS,174.37,170.705,173.21,173.95,1.0,1601947
2026-04-30,NASDAQ:CTAS,175.43,173.125,173.7,174.71,1.0,2808517
2026-05-01,NASDAQ:CTAS,176.86,169.3,175.91,169.61,1.0,1574390
2026-05-04,NASDAQ:CTAS,169.26,165.73,168.725,166.89,1.0,1730836
2026-05-05,NASDAQ:CTAS,170.2599,165.455,166.89,169.25,1.0,1639466
2026-05-06,NASDAQ:CTAS,172.2125,168.71,169.31,169.36,1.0,3358117
2026-05-07,NASDAQ:CTAS,171.89,168.055,168.74,170.04,1.0,1837009
2026-05-08,NASDAQ:CTAS,171.03,166.77,170.04,166.97,1.0,1565488
2026-05-11,NASDAQ:CTAS,167.1,163.45,166.78,164.67,1.0,2055693
2026-05-12,NASDAQ:CTAS,167.77,164.67,166.22,165.42,1.0,1986402
2026-05-13,NASDAQ:CTAS,165.64,161.16,164.17,163.55,1.0,1873449
2026-05-14,NASDAQ:CTAS,166.085,163.66,163.74,165.95,1.0,1691332
2026-05-15,NASDAQ:CTAS,169.46,166.26,167.48,168.31,1.0,2762923
2026-05-18,NASDAQ:CTAS,175.14,168.35,168.35,174.51,1.0,2192227
2026-05-19,NASDAQ:CTAS,176.0,171.76,174.29,172.2,1.0,1943188
2026-05-20,NASDAQ:CTAS,171.67,169.3,171.39,171.36,1.0,1704543
2026-05-21,NASDAQ:CTAS,174.19,169.79,171.26,172.36,1.0,1863765
2026-05-22,NASDAQ:CTAS,174.99,171.505,172.31,172.93,1.0,1338510
2026-05-26,NASDAQ:CTAS,172.72,170.23,172.38,171.09,1.0,1384296
2026-05-27,NASDAQ:CTAS,172.79,168.66,171.09,169.86,1.0,2775262
2026-05-28,NASDAQ:CTAS,173.835,168.71,169.09,173.06,1.0,2147526
2026-05-29,NASDAQ:CTAS,173.0,170.32,171.6,171.26,1.0,4257452
2026-06-01,NASDAQ:CTAS,174.25,169.65,170.75,172.9,1.0,1904438
2026-06-02,NASDAQ:CTAS,173.61,168.34,171.09,173.31,1.0,2775540
2026-06-03,NASDAQ:CTAS,174.81,171.945,172.12,174.72,1.0,1934717
2026-06-04,NASDAQ:CTAS,180.44,177.72,178.75,179.96,1.0,2498653
2026-06-05,NASDAQ:CTAS,182.73,179.19,181.46,179.85,1.0,2508744
2026-06-08,NASDAQ:CTAS,178.67,173.5,177.86,173.645,1.0,2410127
2026-06-09,NASDAQ:CTAS,180.27,173.415,173.67,179.87,1.0,1950417
2026-06-10,NASDAQ:CTAS,182.27,178.6,180.13,180.4,1.0,2538017
2026-06-11,NASDAQ:CTAS,184.48,178.49,180.95,181.88,1.0,2455434
2026-06-12,NASDAQ:CTAS,182.5,174.9809,181.88,176.28,1.0,2055329
2026-06-15,NASDAQ:CTAS,176.97,173.48,174.47,174.74,1.0,1914310
2026-06-16,NASDAQ:CTAS,176.94,174.24,175.98,176.71,1.0,2756258
2026-06-17,NASDAQ:CTAS,177.36,168.85,174.88,169.64,1.0,2588573
2026-06-18,NASDAQ:CTAS,172.2,168.38,169.19,170.85,1.0,4135728
2026-06-22,NASDAQ:CTAS,171.15,168.58,169.38,169.45,1.0,1363445
2026-06-23,NASDAQ:CTAS,172.74,167.8593,172.58,168.8,1.0,1687195
2026-06-24,NASDAQ:CTAS,172.68,169.01,169.56,170.93,1.0,1889315
2026-06-25,NASDAQ:CTAS,173.4,168.91,170.32,169.09,1.0,1250598
2026-06-26,NASDAQ:CTAS,172.45,170.28,170.42,171.9,1.0,2942016
2026-06-29,NASDAQ:CTAS,172.71,168.15,172.15,169.08,1.0,1707725
2026-06-30,NASDAQ:CTAS,170.51,167.82,168.35,170.08,1.0,1859939
2026-07-01,NASDAQ:CTAS,176.86,170.87,171.57,174.23,1.0,1763214
2026-07-02,NASDAQ:CTAS,181.71,174.825,175.11,181.37,1.0,2421564
2026-07-06,NASDAQ:CTAS,181.345,177.28,181.345,178.24,1.0,1941001
2026-07-07,NASDAQ:CTAS,183.36,180.49,181.335,181.83,1.0,1954494
2026-07-08,NASDAQ:CTAS,183.15,180.0,181.83,180.17,1.0,2385594
2026-07-09,NASDAQ:CTAS,179.09,176.295,178.2,177.69,1.0,2244499
2026-07-10,NASDAQ:CTAS,179.87,177.545,177.96,179.64,1.0,1333636
2026-07-13,NASDAQ:CTAS,184.14,181.08,181.09,183.75,1.0,1955347
2026-07-14,NASDAQ:CTAS,184.67,180.85,181.55,184.33,1.0,3092744
2026-07-15,NASDAQ:CTAS,196.69,186.0,187.99,192.37,1.0,4510882
2026-07-16,NASDAQ:CTAS,207.09,197.12,198.74,206.25,1.0,4245301
2026-07-17,NASDAQ:CTAS,209.72,201.56,207.17,204.45,1.0,3134485
2026-07-20,NASDAQ:CTAS,204.3807,200.16,203.495,201.8,1.0,2337274
2026-07-21,NASDAQ:CTAS,201.07,196.0,199.19,200.41,1.0,2463896
2026-07-22,NASDAQ:CTAS,202.6,198.75,202.6,201.36,1.0,2591909
2026-07-23,NASDAQ:CTAS,204.05,199.88,200.535,203.25,1.0,2454689
2026-07-24,NASDAQ:CTAS,206.65,202.03,202.28,205.91,1.0,2003516
2026-07-27,NASDAQ:CTAS,211.72,206.345,207.01,210.98,1.0,2261092
2026-07-28,NASDAQ:CTAS,218.6375,213.575,214.37,214.9,1.0,3662712
2026-07-29,NASDAQ:CTAS,219.165,213.54,214.9,216.53,1.0,2759751
2026-07-30,NASDAQ:CTAS,211.06,204.83,210.68,206.79,1.0,3292122
2026-07-31,NASDAQ:CTAS,206.22,202.475,205.25,204.63,1.0,2233687
2026-08-03,NASDAQ:CTAS,208.78,203.67,207.47,204.01,1.0,2093636
2026-08-04,NASDAQ:CTAS,204.6689,200.97,203.26,203.65,1.0,2653222
2026-08-05,NASDAQ:CTAS,204.745,199.7,204.0,201.4,1.0,2460910
2026-08-06,NASDAQ:CTAS,203.93,199.39,202.86,202.15,1.0,1680860
2026-08-07,NASDAQ:CTAS,204.0,200.23,200.63,203.05,1.0,1569019
2026-08-10,NASDAQ:CTAS,203.58,200.9,201.685,202.71,1.0,1834304
2026-08-11,NASDAQ:CTAS,206.92,202.09,202.09,205.28,1.0,1785762
2026-08-12,NASDAQ:CTAS,205.21,200.04,202.62,203.51,1.0,1266915
2026-08-13,NASDAQ:CTAS,205.39,200.58,204.62,200.7,1.0,1310186
2026-08-14,NASDAQ:CTAS,201.02,198.84,200.49,199.52,1.0,1612775
2026-08-17,NASDAQ:CTAS,199.87,196.5,197.875,197.82,1.0,2248962
2026-08-18,NASDAQ:CTAS,201.31,199.07,200.95,199.45,1.0,1837122
2026-08-19,NASDAQ:CTAS,205.875,200.03,200.62,203.08,1.0,1606816
2026-08-20,NASDAQ:CTAS,204.31,201.4369,202.42,203.52,1.0,2028415
2026-08-21,NASDAQ:CTAS,204.86,202.34,203.52,203.79,1.0,1731704
2026-08-24,NASDAQ:CTAS,207.51,204.53,205.37,207.4,1.0,1820541
2026-08-25,NASDAQ:CTAS,207.09,203.61,206.68,204.76,1.0,2440945
2026-08-26,NASDAQ:CTAS,206.77,204.6,204.88,205.78,1.0,1516477
2026-08-27,NASDAQ:CTAS,204.74,202.79,204.74,204.15,1.0,1282057
2026-08-28,NASDAQ:CTAS,205.81,204.0,205.5,204.18,1.0,1344090
2026-08-31,NASDAQ:CTAS,203.7,200.67,203.3,201.79,1.0,1726543
2026-09-01,NASDAQ:CTAS,203.61,199.66,202.89,200.59,1.0,1522645
2026-09-02,NASDAQ:CTAS,200.61,197.57,200.59,198.09,1.0,2173229
2026-09-03,NASDAQ:CTAS,201.26,198.66,198.66,201.05,1.0,1121301
2026-04-06,NASDAQ:DXPE,145.7,140.0,142.2,142.75,1.0,209923
2026-04-07,NASDAQ:DXPE,146.245,139.69,142.09,144.4,1.0,178976
2026-04-08,NASDAQ:DXPE,154.99,148.65,152.99,148.8,1.0,200590
2026-04-09,NASDAQ:DXPE,155.12,147.78,148.19,151.64,1.0,131758
2026-04-10,NASDAQ:DXPE,154.15,149.95,151.47,153.56,1.0,90927
2026-04-13,NASDAQ:DXPE,157.4,153.665,154.08,156.03,1.0,115483
2026-04-14,NASDAQ:DXPE,159.4,154.06,157.66,154.62,1.0,158722
2026-04-15,NASDAQ:DXPE,154.62,148.62,154.62,151.75,1.0,343411
2026-04-16,NASDAQ:DXPE,152.65,149.3,151.83,151.15,1.0,184808
2026-04-17,NASDAQ:DXPE,161.153,154.69,155.39,159.37,1.0,168504
2026-04-20,NASDAQ:DXPE,161.06,156.02,159.37,156.77,1.0,312813
2026-04-21,NASDAQ:DXPE,163.415,157.02,157.22,160.54,1.0,218171
2026-04-22,NASDAQ:DXPE,164.16,160.07,161.56,163.77,1.0,232498
2026-04-23,NASDAQ:DXPE,172.2599,164.67,164.67,167.96,1.0,167453
2026-04-24,NASDAQ:DXPE,173.33,164.56,168.02,169.51,1.0,199368
2026-04-27,NASDAQ:DXPE,171.565,165.4,168.59,167.97,1.0,330684
2026-04-28,NASDAQ:DXPE,171.93,165.07,167.97,170.66,1.0,252490
2026-04-29,NASDAQ:DXPE,174.0,162.73,169.33,165.04,1.0,266532
2026-04-30,NASDAQ:DXPE,172.0,166.41,167.37,170.75,1.0,231017
2026-05-01,NASDAQ:DXPE,173.05,164.935,171.18,168.9,1.0,286343
2026-05-04,NASDAQ:DXPE,174.72,167.175,168.76,172.15,1.0,170819
2026-05-05,NASDAQ:DXPE,179.95,171.87,174.24,179.26,1.0,217492
2026-05-06,NASDAQ:DXPE,183.91,179.52,182.5,181.51,1.0,183142
2026-05-07,NASDAQ:DXPE,170.0,144.46,161.82,150.02,1.0,363227
2026-05-08,NASDAQ:DXPE,157.4542,146.01,146.01,156.18,1.0,202214
2026-05-11,NASDAQ:DXPE,154.99,144.0,153.84,149.15,1.0,245864
2026-05-12,NASDAQ:DXPE,148.29,139.09,148.29,143.79,1.0,181511
2026-05-13,NASDAQ:DXPE,150.91,142.145,144.58,146.26,1.0,229799
2026-05-14,NASDAQ:DXPE,155.43,147.47,149.45,152.64,1.0,179230
2026-05-15,NASDAQ:DXPE,151.805,144.76,149.25,146.84,1.0,124369
2026-05-18,NASDAQ:DXPE,150.0,143.0001,146.84,145.88,1.0,136982
2026-05-19,NASDAQ:DXPE,143.92,137.34,143.89,140.37,1.0,114098
2026-05-20,NASDAQ:DXPE,146.94,142.15,142.52,146.67,1.0,93877
2026-05-21,NASDAQ:DXPE,145.07,140.89,145.03,144.14,1.0,174488
2026-05-22,NASDAQ:DXPE,145.21,141.875,144.14,144.2,1.0,179424
2026-05-26,NASDAQ:DXPE,149.49,145.06,145.06,147.69,1.0,114211
2026-05-27,NASDAQ:DXPE,150.86,147.12,150.07,149.72,1.0,169807
2026-05-28,NASDAQ:DXPE,149.72,145.9,149.72,148.93,1.0,185370
2026-05-29,NASDAQ:DXPE,149.81,144.6,148.93,145.06,1.0,163961
2026-06-01,NASDAQ:DXPE,146.17,141.0,143.23,144.66,1.0,117182
2026-06-02,NASDAQ:DXPE,155.34,144.385,144.66,153.33,1.0,180767
2026-06-03,NASDAQ:DXPE,157.5,151.14,151.26,155.23,1.0,144795
2026-06-04,NASDAQ:DXPE,161.96,153.45,155.34,161.3,1.0,162303
2026-06-05,NASDAQ:DXPE,161.2,155.4,160.02,157.4,1.0,114864
2026-06-08,NASDAQ:DXPE,162.34,159.3,159.76,160.12,1.0,114395
2026-06-09,NASDAQ:DXPE,164.49,155.3301,161.11,162.83,1.0,150518
2026-06-10,NASDAQ:DXPE,165.86,159.545,162.84,160.4,1.0,120706
2026-06-11,NASDAQ:DXPE,168.485,162.95,163.12,167.44,1.0,118769
2026-06-12,NASDAQ:DXPE,173.2,167.145,167.7,168.91,1.0,115633
2026-06-15,NASDAQ:DXPE,173.3,167.52,171.56,168.08,1.0,88209
2026-06-16,NASDAQ:DXPE,170.36,165.7,168.59,166.19,1.0,150582
2026-06-17,NASDAQ:DXPE,169.15,162.69,167.45,164.87,1.0,145543
2026-06-18,NASDAQ:DXPE,175.12,168.5104,169.28,173.69,1.0,267056
2026-06-22,NASDAQ:DXPE,174.29,166.91,174.29,169.05,1.0,168112
2026-06-23,NASDAQ:DXPE,169.29,162.145,166.74,165.5,1.0,147262
2026-06-24,NASDAQ:DXPE,169.53,161.8646,164.89,167.92,1.0,267784
2026-06-25,NASDAQ:DXPE,175.125,166.44,169.9,166.99,1.0,265727
2026-06-26,NASDAQ:DXPE,166.33,160.54,166.0,163.36,1.0,428632
2026-06-29,NASDAQ:DXPE,165.59,156.34,161.75,162.97,1.0,255949
2026-06-30,NASDAQ:DXPE,169.405,162.61,163.48,168.74,1.0,255912
2026-07-01,NASDAQ:DXPE,170.06,164.3,167.8,165.9,1.0,179216
2026-07-02,NASDAQ:DXPE,167.61,155.165,165.63,157.98,1.0,141389
2026-07-06,NASDAQ:DXPE,163.32,158.09,158.09,162.58,1.0,87013
2026-07-07,NASDAQ:DXPE,161.0,149.401,161.0,155.29,1.0,195954
2026-07-08,NASDAQ:DXPE,158.585,153.55,153.72,158.15,1.0,232108
2026-07-09,NASDAQ:DXPE,166.46,158.61,160.26,164.97,1.0,135570
2026-07-10,NASDAQ:DXPE,166.65,161.66,163.07,162.6,1.0,97813
2026-07-13,NASDAQ:DXPE,163.6,159.0401,161.06,160.2,1.0,76694
2026-07-14,NASDAQ:DXPE,165.9,163.02,163.02,163.52,1.0,116139
2026-07-15,NASDAQ:DXPE,166.92,160.93,163.77,165.54,1.0,89826
2026-07-16,NASDAQ:DXPE,171.71,163.28,163.28,167.36,1.0,122921
2026-07-17,NASDAQ:DXPE,171.75900000000001,161.23,163.99,167.98,1.0,97141
2026-07-20,NASDAQ:DXPE,173.66,166.77,169.6,167.74,1.0,104845
2026-07-21,NASDAQ:DXPE,178.45,168.21,170.17,174.08,1.0,106507
2026-07-22,NASDAQ:DXPE,178.02,171.8775,173.05,172.57,1.0,110927
2026-07-23,NASDAQ:DXPE,175.59,171.62,171.62,174.81,1.0,89564
2026-07-24,NASDAQ:DXPE,175.92,168.45,175.62,168.94,1.0,121307
2026-07-27,NASDAQ:DXPE,171.75,160.51,171.47,165.54,1.0,103732
2026-07-28,NASDAQ:DXPE,163.97,158.13,163.75,160.27,1.0,138361
2026-07-29,NASDAQ:DXPE,159.99,147.15,159.99,148.18,1.0,122120
2026-07-30,NASDAQ:DXPE,156.85,151.74,152.92,154.78,1.0,106083
2026-07-31,NASDAQ:DXPE,159.255,155.21,155.96,157.02,1.0,198233
2026-08-03,NASDAQ:DXPE,163.61,158.01,158.73,163.14,1.0,108415
2026-08-04,NASDAQ:DXPE,172.528,163.73,166.48,170.98,1.0,164289
2026-08-05,NASDAQ:DXPE,174.745,168.34,173.84,168.37,1.0,172007
2026-08-06,NASDAQ:DXPE,205.72,173.215,180.0,198.21,1.0,298732
2026-08-07,NASDAQ:DXPE,208.0,189.0,204.0,192.36,1.0,185972
2026-08-10,NASDAQ:DXPE,198.465,192.17,196.02,192.65,1.0,203616
2026-08-11,NASDAQ:DXPE,198.67,194.09,195.86,195.0,1.0,155420
2026-08-12,NASDAQ:DXPE,199.63,194.43,198.31,195.76,1.0,167887
2026-08-13,NASDAQ:DXPE,200.0,192.53,195.76,193.1,1.0,156875
2026-08-14,NASDAQ:DXPE,203.3,191.12,193.13,200.84,1.0,160505
2026-08-17,NASDAQ:DXPE,205.78,197.625,199.03,199.91,1.0,147713
2026-08-18,NASDAQ:DXPE,200.92,194.55,197.28,197.62,1.0,107221
2026-08-19,NASDAQ:DXPE,202.88,190.79,200.78,191.49,1.0,172573
2026-08-20,NASDAQ:DXPE,190.375,182.74,188.82,187.58,1.0,118570
2026-08-21,NASDAQ:DXPE,191.75,187.02,190.38,190.28,1.0,121470
2026-08-24,NASDAQ:DXPE,190.8702,186.1001,190.21,186.8,1.0,54012
2026-08-25,NASDAQ:DXPE,191.21,184.94,190.08,188.44,1.0,104803
2026-08-26,NASDAQ:DXPE,193.23,189.155,189.84,190.8,1.0,124994
2026-08-27,NASDAQ:DXPE,193.99,189.23,191.17,192.81,1.0,83515
2026-08-28,NASDAQ:DXPE,193.6,184.46,193.37,185.92,1.0,95450
2026-08-31,NASDAQ:DXPE,188.4625,182.68,186.42,187.73,1.0,107920
2026-09-01,NASDAQ:DXPE,186.81,181.905,184.91,183.1,1.0,79504
2026-09-02,NASDAQ:DXPE,186.255,179.29,183.57,180.48,1.0,138903
2026-09-03,NASDAQ:DXPE,185.08,179.75,182.75,181.21,1.0,98943
